时间,城市,产品名称,本期价格,价格类型,备注,_ID,_DATA_TIME,_ACTIVE,_CREATE_ID,_CREATE_TIME,_UPDATE_ID,_UPDATE_TIME,_REMARK,_CHANGE_LOG,_RESERVE
2024-07-19,景德镇市,准一级焦,2370.00,出厂价,A13S0.7 CSR60MT5,1,2024-07-19 00:00:00,1,0,2024-07-20 20:56:30,0,2024-07-20 20:56:30,,,
2024-07-18,景德镇市,准一级焦,2370.00,出厂价,A13S0.7 CSR60MT5,2,2024-07-18 00:00:00,1,0,2024-07-20 20:56:30,0,2024-07-20 20:56:30,,,
2024-07-17,景德镇市,准一级焦,2370.00,出厂价,A13S0.7 CSR60MT5,3,2024-07-17 00:00:00,1,0,2024-07-20 20:56:30,0,2024-07-20 20:56:30,,,
2024-07-16,景德镇市,准一级焦,2370.00,出厂价,A13S0.7 CSR60MT5,4,2024-07-16 00:00:00,1,0,2024-07-20 20:56:30,0,2024-07-20 20:56:30,,,
2024-07-15,景德镇市,准一级焦,2370.00,出厂价,A13S0.7 CSR60MT5,5,2024-07-15 00:00:00,1,0,2024-07-20 20:56:30,0,2024-07-20 20:56:30,,,
2024-07-12,景德镇市,准一级焦,2370.00,出厂价,A13S0.7 CSR60MT5,6,2024-07-12 00:00:00,1,0,2024-07-20 20:56:30,0,2024-07-20 20:56:30,,,
2024-07-11,景德镇市,准一级焦,2370.00,出厂价,A13S0.7 CSR60MT5,7,2024-07-11 00:00:00,1,0,2024-07-20 20:56:30,0,2024-07-20 20:56:30,,,
2024-07-10,景德镇市,准一级焦,2370.00,出厂价,A13S0.7 CSR60MT5,8,2024-07-10 00:00:00,1,0,2024-07-20 20:56:30,0,2024-07-20 20:56:30,,,
2024-07-09,景德镇市,准一级焦,2370.00,出厂价,A13S0.7 CSR60MT5,9,2024-07-09 00:00:00,1,0,2024-07-20 20:56:30,0,2024-07-20 20:56:30,,,
2024-07-08,景德镇市,准一级焦,2370.00,出厂价,A13S0.7 CSR60MT5,10,2024-07-08 00:00:00,1,0,2024-07-20 20:56:30,0,2024-07-20 20:56:30,,,
2024-07-05,景德镇市,准一级焦,2370.00,出厂价,A13S0.7 CSR60MT5,11,2024-07-05 00:00:00,1,0,2024-07-20 20:56:30,0,2024-07-20 20:56:30,,,
2024-07-04,景德镇市,准一级焦,2370.00,出厂价,A13S0.7 CSR60MT5,12,2024-07-04 00:00:00,1,0,2024-07-20 20:56:30,0,2024-07-20 20:56:30,,,
2024-07-03,景德镇市,准一级焦,2370.00,出厂价,A13S0.7 CSR60MT5,13,2024-07-03 00:00:00,1,0,2024-07-20 20:56:30,0,2024-07-20 20:56:30,,,
2024-07-02,景德镇市,准一级焦,2370.00,出厂价,A13S0.7 CSR60MT5,14,2024-07-02 00:00:00,1,0,2024-07-20 20:56:30,0,2024-07-20 20:56:30,,,
2024-07-01,景德镇市,准一级焦,2370.00,出厂价,A13S0.7 CSR60MT5,15,2024-07-01 00:00:00,1,0,2024-07-20 20:56:30,0,2024-07-20 20:56:30,,,
2024-06-28,景德镇市,准一级焦,2370.00,出厂价,A13S0.7 CSR60MT5,16,2024-06-28 00:00:00,1,0,2024-07-20 20:56:30,0,2024-07-20 20:56:30,,,
2024-06-27,景德镇市,准一级焦,2370.00,出厂价,A13S0.7 CSR60MT5,17,2024-06-27 00:00:00,1,0,2024-07-20 20:56:30,0,2024-07-20 20:56:30,,,
2024-06-26,景德镇市,准一级焦,2270.00,出厂价,A13S0.7 CSR60MT5,18,2024-06-26 00:00:00,1,0,2024-07-20 20:56:30,0,2024-07-20 20:56:30,,,
2024-06-25,景德镇市,准一级焦,2270.00,出厂价,A13S0.7 CSR60MT5,19,2024-06-25 00:00:00,1,0,2024-07-20 20:56:30,0,2024-07-20 20:56:30,,,
2024-06-24,景德镇市,准一级焦,2270.00,出厂价,A13S0.7 CSR60MT5,20,2024-06-24 00:00:00,1,0,2024-07-20 20:56:30,0,2024-07-20 20:56:30,,,
2024-06-21,景德镇市,准一级焦,2270.00,出厂价,A13S0.7 CSR60MT5,21,2024-06-21 00:00:00,1,0,2024-07-20 20:56:30,0,2024-07-20 20:56:30,,,
2024-06-20,景德镇市,准一级焦,2270.00,出厂价,A13S0.7 CSR60MT5,22,2024-06-20 00:00:00,1,0,2024-07-20 20:56:30,0,2024-07-20 20:56:30,,,
2024-06-19,景德镇市,准一级焦,2270.00,出厂价,A13S0.7 CSR60MT5,23,2024-06-19 00:00:00,1,0,2024-07-20 20:56:30,0,2024-07-20 20:56:30,,,
2024-06-18,景德镇市,准一级焦,2270.00,出厂价,A13S0.7 CSR60MT5,24,2024-06-18 00:00:00,1,0,2024-07-20 20:56:30,0,2024-07-20 20:56:30,,,
2024-06-17,景德镇市,准一级焦,2270.00,出厂价,A13S0.7 CSR60MT5,25,2024-06-17 00:00:00,1,0,2024-07-20 20:56:30,0,2024-07-20 20:56:30,,,
2024-06-14,景德镇市,准一级焦,2270.00,出厂价,A13S0.7 CSR60MT5,26,2024-06-14 00:00:00,1,0,2024-07-20 20:56:30,0,2024-07-20 20:56:30,,,
2024-06-13,景德镇市,准一级焦,2270.00,出厂价,A13S0.7 CSR60MT5,27,2024-06-13 00:00:00,1,0,2024-07-20 20:56:30,0,2024-07-20 20:56:30,,,
2024-06-12,景德镇市,准一级焦,2270.00,出厂价,A13S0.7 CSR60MT5,28,2024-06-12 00:00:00,1,0,2024-07-20 20:56:30,0,2024-07-20 20:56:30,,,
2024-06-11,景德镇市,准一级焦,2270.00,出厂价,A13S0.7 CSR60MT5,29,2024-06-11 00:00:00,1,0,2024-07-20 20:56:30,0,2024-07-20 20:56:30,,,
2024-06-07,景德镇市,准一级焦,2270.00,出厂价,A13S0.7 CSR60MT5,30,2024-06-07 00:00:00,1,0,2024-07-20 20:56:30,0,2024-07-20 20:56:30,,,
2024-06-06,景德镇市,准一级焦,2270.00,出厂价,A13S0.7 CSR60MT5,31,2024-06-06 00:00:00,1,0,2024-07-20 20:56:33,0,2024-07-20 20:56:33,,,
2024-06-05,景德镇市,准一级焦,2270.00,出厂价,A13S0.7 CSR60MT5,32,2024-06-05 00:00:00,1,0,2024-07-20 20:56:33,0,2024-07-20 20:56:33,,,
2024-06-04,景德镇市,准一级焦,2270.00,出厂价,A13S0.7 CSR60MT5,33,2024-06-04 00:00:00,1,0,2024-07-20 20:56:33,0,2024-07-20 20:56:33,,,
2024-06-03,景德镇市,准一级焦,2270.00,出厂价,A13S0.7 CSR60MT5,34,2024-06-03 00:00:00,1,0,2024-07-20 20:56:33,0,2024-07-20 20:56:33,,,
2024-05-31,景德镇市,准一级焦,2270.00,出厂价,A13S0.7 CSR60MT5,35,2024-05-31 00:00:00,1,0,2024-07-20 20:56:33,0,2024-07-20 20:56:33,,,
2024-05-30,景德镇市,准一级焦,2270.00,出厂价,A13S0.7 CSR60MT5,36,2024-05-30 00:00:00,1,0,2024-07-20 20:56:33,0,2024-07-20 20:56:33,,,
2024-05-29,景德镇市,准一级焦,2270.00,出厂价,A13S0.7 CSR60MT5,37,2024-05-29 00:00:00,1,0,2024-07-20 20:56:33,0,2024-07-20 20:56:33,,,
2024-05-28,景德镇市,准一级焦,2270.00,出厂价,A13S0.7 CSR60MT5,38,2024-05-28 00:00:00,1,0,2024-07-20 20:56:33,0,2024-07-20 20:56:33,,,
2024-05-27,景德镇市,准一级焦,2270.00,出厂价,A13S0.7 CSR60MT5,39,2024-05-27 00:00:00,1,0,2024-07-20 20:56:33,0,2024-07-20 20:56:33,,,
2024-05-24,景德镇市,准一级焦,2270.00,出厂价,A13S0.7 CSR60MT5,40,2024-05-24 00:00:00,1,0,2024-07-20 20:56:33,0,2024-07-20 20:56:33,,,
2024-05-23,景德镇市,准一级焦,2270.00,出厂价,A13S0.7 CSR60MT5,41,2024-05-23 00:00:00,1,0,2024-07-20 20:56:33,0,2024-07-20 20:56:33,,,
2024-05-22,景德镇市,准一级焦,2270.00,出厂价,A13S0.7 CSR60MT5,42,2024-05-22 00:00:00,1,0,2024-07-20 20:56:33,0,2024-07-20 20:56:33,,,
2024-05-21,景德镇市,准一级焦,2270.00,出厂价,A13S0.7 CSR60MT5,43,2024-05-21 00:00:00,1,0,2024-07-20 20:56:33,0,2024-07-20 20:56:33,,,
2024-05-20,景德镇市,准一级焦,2270.00,出厂价,A13S0.7 CSR60MT5,44,2024-05-20 00:00:00,1,0,2024-07-20 20:56:33,0,2024-07-20 20:56:33,,,
2024-05-17,景德镇市,准一级焦,2270.00,出厂价,A13S0.7 CSR60MT5,45,2024-05-17 00:00:00,1,0,2024-07-20 20:56:33,0,2024-07-20 20:56:33,,,
2024-05-16,景德镇市,准一级焦,2270.00,出厂价,A13S0.7 CSR60MT5,46,2024-05-16 00:00:00,1,0,2024-07-20 20:56:33,0,2024-07-20 20:56:33,,,
2024-05-15,景德镇市,准一级焦,2270.00,出厂价,A13S0.7 CSR60MT5,47,2024-05-15 00:00:00,1,0,2024-07-20 20:56:33,0,2024-07-20 20:56:33,,,
2024-05-14,景德镇市,准一级焦,2270.00,出厂价,A13S0.7 CSR60MT5,48,2024-05-14 00:00:00,1,0,2024-07-20 20:56:33,0,2024-07-20 20:56:33,,,
2024-05-13,景德镇市,准一级焦,2270.00,出厂价,A13S0.7 CSR60MT5,49,2024-05-13 00:00:00,1,0,2024-07-20 20:56:33,0,2024-07-20 20:56:33,,,
2024-05-11,景德镇市,准一级焦,2270.00,出厂价,A13S0.7 CSR60MT5,50,2024-05-11 00:00:00,1,0,2024-07-20 20:56:33,0,2024-07-20 20:56:33,,,
2024-05-10,景德镇市,准一级焦,2270.00,出厂价,A13S0.7 CSR60MT5,51,2024-05-10 00:00:00,1,0,2024-07-20 20:56:33,0,2024-07-20 20:56:33,,,
2024-05-09,景德镇市,准一级焦,2270.00,出厂价,A13S0.7 CSR60MT5,52,2024-05-09 00:00:00,1,0,2024-07-20 20:56:33,0,2024-07-20 20:56:33,,,
2024-05-08,景德镇市,准一级焦,2270.00,出厂价,A13S0.7 CSR60MT5,53,2024-05-08 00:00:00,1,0,2024-07-20 20:56:33,0,2024-07-20 20:56:33,,,
2024-05-07,景德镇市,准一级焦,2270.00,出厂价,A13S0.7 CSR60MT5,54,2024-05-07 00:00:00,1,0,2024-07-20 20:56:33,0,2024-07-20 20:56:33,,,
2024-05-06,景德镇市,准一级焦,2270.00,出厂价,A13S0.7 CSR60MT5,55,2024-05-06 00:00:00,1,0,2024-07-20 20:56:33,0,2024-07-20 20:56:33,,,
2024-04-30,景德镇市,准一级焦,2070.00,出厂价,A13S0.7 CSR60MT5,56,2024-04-30 00:00:00,1,0,2024-07-20 20:56:33,0,2024-07-20 20:56:33,,,
2024-04-29,景德镇市,准一级焦,2070.00,出厂价,A13S0.7 CSR60MT5,57,2024-04-29 00:00:00,1,0,2024-07-20 20:56:33,0,2024-07-20 20:56:33,,,
2024-04-28,景德镇市,准一级焦,2070.00,出厂价,A13S0.7 CSR60MT5,58,2024-04-28 00:00:00,1,0,2024-07-20 20:56:33,0,2024-07-20 20:56:33,,,
2024-04-26,景德镇市,准一级焦,2070.00,出厂价,A13S0.7 CSR60MT5,59,2024-04-26 00:00:00,1,0,2024-07-20 20:56:33,0,2024-07-20 20:56:33,,,
2024-04-25,景德镇市,准一级焦,2070.00,出厂价,A13S0.7 CSR60MT5,60,2024-04-25 00:00:00,1,0,2024-07-20 20:56:33,0,2024-07-20 20:56:33,,,
2024-04-24,景德镇市,准一级焦,2070.00,出厂价,A13S0.7 CSR60MT5,61,2024-04-24 00:00:00,1,0,2024-07-20 20:56:36,0,2024-07-20 20:56:36,,,
2024-04-23,景德镇市,准一级焦,2070.00,出厂价,A13S0.7 CSR60MT5,62,2024-04-23 00:00:00,1,0,2024-07-20 20:56:36,0,2024-07-20 20:56:36,,,
2024-04-22,景德镇市,准一级焦,2070.00,出厂价,A13S0.7 CSR60MT5,63,2024-04-22 00:00:00,1,0,2024-07-20 20:56:36,0,2024-07-20 20:56:36,,,
2024-04-19,景德镇市,准一级焦,2070.00,出厂价,A13S0.7 CSR60MT5,64,2024-04-19 00:00:00,1,0,2024-07-20 20:56:36,0,2024-07-20 20:56:36,,,
2024-04-18,景德镇市,准一级焦,2070.00,出厂价,A13S0.7 CSR60MT5,65,2024-04-18 00:00:00,1,0,2024-07-20 20:56:36,0,2024-07-20 20:56:36,,,
2024-04-17,景德镇市,准一级焦,2070.00,出厂价,A13S0.7 CSR60MT5,66,2024-04-17 00:00:00,1,0,2024-07-20 20:56:36,0,2024-07-20 20:56:36,,,
2024-04-16,景德镇市,准一级焦,2070.00,出厂价,A13S0.7 CSR60MT5,67,2024-04-16 00:00:00,1,0,2024-07-20 20:56:36,0,2024-07-20 20:56:36,,,
2024-04-15,景德镇市,准一级焦,2070.00,出厂价,A13S0.7 CSR60MT5,68,2024-04-15 00:00:00,1,0,2024-07-20 20:56:36,0,2024-07-20 20:56:36,,,
2024-04-12,景德镇市,准一级焦,2070.00,出厂价,A13S0.7 CSR60MT5,69,2024-04-12 00:00:00,1,0,2024-07-20 20:56:36,0,2024-07-20 20:56:36,,,
2024-04-11,景德镇市,准一级焦,2070.00,出厂价,A13S0.7 CSR60MT5,70,2024-04-11 00:00:00,1,0,2024-07-20 20:56:36,0,2024-07-20 20:56:36,,,
2024-04-10,景德镇市,准一级焦,2240.00,出厂价,A13S0.7 CSR60MT5,71,2024-04-10 00:00:00,1,0,2024-07-20 20:56:36,0,2024-07-20 20:56:36,,,
2024-04-09,景德镇市,准一级焦,2240.00,出厂价,A13S0.7 CSR60MT5,72,2024-04-09 00:00:00,1,0,2024-07-20 20:56:36,0,2024-07-20 20:56:36,,,
2024-04-08,景德镇市,准一级焦,2240.00,出厂价,A13S0.7 CSR60MT5,73,2024-04-08 00:00:00,1,0,2024-07-20 20:56:36,0,2024-07-20 20:56:36,,,
2024-04-07,景德镇市,准一级焦,2240.00,出厂价,A13S0.7 CSR60MT5,74,2024-04-07 00:00:00,1,0,2024-07-20 20:56:36,0,2024-07-20 20:56:36,,,
2024-04-03,景德镇市,准一级焦,2240.00,出厂价,A13S0.7 CSR60MT5,75,2024-04-03 00:00:00,1,0,2024-07-20 20:56:36,0,2024-07-20 20:56:36,,,
2024-04-02,景德镇市,准一级焦,2240.00,出厂价,A13S0.7 CSR60MT5,76,2024-04-02 00:00:00,1,0,2024-07-20 20:56:36,0,2024-07-20 20:56:36,,,
2024-04-01,景德镇市,准一级焦,2240.00,出厂价,A13S0.7 CSR60MT5,77,2024-04-01 00:00:00,1,0,2024-07-20 20:56:36,0,2024-07-20 20:56:36,,,
2024-03-29,景德镇市,准一级焦,2240.00,出厂价,A13S0.7 CSR60MT5,78,2024-03-29 00:00:00,1,0,2024-07-20 20:56:36,0,2024-07-20 20:56:36,,,
2024-03-28,景德镇市,准一级焦,2240.00,出厂价,A13S0.7 CSR60MT5,79,2024-03-28 00:00:00,1,0,2024-07-20 20:56:36,0,2024-07-20 20:56:36,,,
2024-03-27,景德镇市,准一级焦,2240.00,出厂价,A13S0.7 CSR60MT5,80,2024-03-27 00:00:00,1,0,2024-07-20 20:56:36,0,2024-07-20 20:56:36,,,
2024-03-26,景德镇市,准一级焦,2240.00,出厂价,A13S0.7 CSR60MT5,81,2024-03-26 00:00:00,1,0,2024-07-20 20:56:36,0,2024-07-20 20:56:36,,,
2024-03-25,景德镇市,准一级焦,2240.00,出厂价,A13S0.7 CSR60MT5,82,2024-03-25 00:00:00,1,0,2024-07-20 20:56:36,0,2024-07-20 20:56:36,,,
2024-03-22,景德镇市,准一级焦,2240.00,出厂价,A13S0.7 CSR60MT5,83,2024-03-22 00:00:00,1,0,2024-07-20 20:56:36,0,2024-07-20 20:56:36,,,
2024-03-21,景德镇市,准一级焦,2240.00,出厂价,A13S0.7 CSR60MT5,84,2024-03-21 00:00:00,1,0,2024-07-20 20:56:36,0,2024-07-20 20:56:36,,,
2024-03-20,景德镇市,准一级焦,2240.00,出厂价,A13S0.7 CSR60MT5,85,2024-03-20 00:00:00,1,0,2024-07-20 20:56:36,0,2024-07-20 20:56:36,,,
2024-03-19,景德镇市,准一级焦,2240.00,出厂价,A13S0.7 CSR60MT5,86,2024-03-19 00:00:00,1,0,2024-07-20 20:56:36,0,2024-07-20 20:56:36,,,
2024-03-18,景德镇市,准一级焦,2240.00,出厂价,A13S0.7 CSR60MT5,87,2024-03-18 00:00:00,1,0,2024-07-20 20:56:36,0,2024-07-20 20:56:36,,,
2024-03-15,景德镇市,准一级焦,2240.00,出厂价,A13S0.7 CSR60MT5,88,2024-03-15 00:00:00,1,0,2024-07-20 20:56:36,0,2024-07-20 20:56:36,,,
2024-03-14,景德镇市,准一级焦,2240.00,出厂价,A13S0.7 CSR60MT5,89,2024-03-14 00:00:00,1,0,2024-07-20 20:56:36,0,2024-07-20 20:56:36,,,
2024-03-13,景德镇市,准一级焦,2240.00,出厂价,A13S0.7 CSR60MT5,90,2024-03-13 00:00:00,1,0,2024-07-20 20:56:36,0,2024-07-20 20:56:36,,,
2024-03-12,景德镇市,准一级焦,2440.00,出厂价,A13S0.7 CSR60MT5,91,2024-03-12 00:00:00,1,0,2024-07-20 20:56:39,0,2024-07-20 20:56:39,,,
2024-03-11,景德镇市,准一级焦,2440.00,出厂价,A13S0.7 CSR60MT5,92,2024-03-11 00:00:00,1,0,2024-07-20 20:56:39,0,2024-07-20 20:56:39,,,
2024-03-08,景德镇市,准一级焦,2440.00,出厂价,A13S0.7 CSR60MT5,93,2024-03-08 00:00:00,1,0,2024-07-20 20:56:39,0,2024-07-20 20:56:39,,,
2024-03-07,景德镇市,准一级焦,2440.00,出厂价,A13S0.7 CSR60MT5,94,2024-03-07 00:00:00,1,0,2024-07-20 20:56:39,0,2024-07-20 20:56:39,,,
2024-03-06,景德镇市,准一级焦,2440.00,出厂价,A13S0.7 CSR60MT5,95,2024-03-06 00:00:00,1,0,2024-07-20 20:56:39,0,2024-07-20 20:56:39,,,
2024-03-05,景德镇市,准一级焦,2440.00,出厂价,A13S0.7 CSR60MT5,96,2024-03-05 00:00:00,1,0,2024-07-20 20:56:39,0,2024-07-20 20:56:39,,,
2024-03-04,景德镇市,准一级焦,2440.00,出厂价,A13S0.7 CSR60MT5,97,2024-03-04 00:00:00,1,0,2024-07-20 20:56:39,0,2024-07-20 20:56:39,,,
2024-03-01,景德镇市,准一级焦,2440.00,出厂价,A13S0.7 CSR60MT5,98,2024-03-01 00:00:00,1,0,2024-07-20 20:56:39,0,2024-07-20 20:56:39,,,
2024-02-29,景德镇市,准一级焦,2440.00,出厂价,A13S0.7 CSR60MT5,99,2024-02-29 00:00:00,1,0,2024-07-20 20:56:39,0,2024-07-20 20:56:39,,,
2024-02-28,景德镇市,准一级焦,2440.00,出厂价,A13S0.7 CSR60MT5,100,2024-02-28 00:00:00,1,0,2024-07-20 20:56:39,0,2024-07-20 20:56:39,,,
2024-02-27,景德镇市,准一级焦,2440.00,出厂价,A13S0.7 CSR60MT5,101,2024-02-27 00:00:00,1,0,2024-07-20 20:56:39,0,2024-07-20 20:56:39,,,
2024-02-26,景德镇市,准一级焦,2440.00,出厂价,A13S0.7 CSR60MT5,102,2024-02-26 00:00:00,1,0,2024-07-20 20:56:39,0,2024-07-20 20:56:39,,,
2024-02-23,景德镇市,准一级焦,2440.00,出厂价,A13S0.7 CSR60MT5,103,2024-02-23 00:00:00,1,0,2024-07-20 20:56:39,0,2024-07-20 20:56:39,,,
2024-02-22,景德镇市,准一级焦,2440.00,出厂价,A13S0.7 CSR60MT5,104,2024-02-22 00:00:00,1,0,2024-07-20 20:56:39,0,2024-07-20 20:56:39,,,
2024-02-21,景德镇市,准一级焦,2440.00,出厂价,A13S0.7 CSR60MT5,105,2024-02-21 00:00:00,1,0,2024-07-20 20:56:39,0,2024-07-20 20:56:39,,,
2024-02-20,景德镇市,准一级焦,2440.00,出厂价,A13S0.7 CSR60MT5,106,2024-02-20 00:00:00,1,0,2024-07-20 20:56:39,0,2024-07-20 20:56:39,,,
2024-02-19,景德镇市,准一级焦,2690.00,出厂价,A13S0.7 CSR60MT5,107,2024-02-19 00:00:00,1,0,2024-07-20 20:56:39,0,2024-07-20 20:56:39,,,
2024-02-18,景德镇市,准一级焦,2690.00,出厂价,A13S0.7 CSR60MT5,108,2024-02-18 00:00:00,1,0,2024-07-20 20:56:39,0,2024-07-20 20:56:39,,,
2024-02-09,景德镇市,准一级焦,2690.00,出厂价,A13S0.7 CSR60MT5,109,2024-02-09 00:00:00,1,0,2024-07-20 20:56:39,0,2024-07-20 20:56:39,,,
2024-02-08,景德镇市,准一级焦,2690.00,出厂价,A13S0.7 CSR60MT5,110,2024-02-08 00:00:00,1,0,2024-07-20 20:56:39,0,2024-07-20 20:56:39,,,
2024-02-07,景德镇市,准一级焦,2690.00,出厂价,A13S0.7 CSR60MT5,111,2024-02-07 00:00:00,1,0,2024-07-20 20:56:39,0,2024-07-20 20:56:39,,,
2024-02-06,景德镇市,准一级焦,2690.00,出厂价,A13S0.7 CSR60MT5,112,2024-02-06 00:00:00,1,0,2024-07-20 20:56:39,0,2024-07-20 20:56:39,,,
2024-02-05,景德镇市,准一级焦,2690.00,出厂价,A13S0.7 CSR60MT5,113,2024-02-05 00:00:00,1,0,2024-07-20 20:56:39,0,2024-07-20 20:56:39,,,
2024-02-04,景德镇市,准一级焦,2690.00,出厂价,A13S0.7 CSR60MT5,114,2024-02-04 00:00:00,1,0,2024-07-20 20:56:39,0,2024-07-20 20:56:39,,,
2024-02-02,景德镇市,准一级焦,2690.00,出厂价,A13S0.7 CSR60MT5,115,2024-02-02 00:00:00,1,0,2024-07-20 20:56:39,0,2024-07-20 20:56:39,,,
2024-02-01,景德镇市,准一级焦,2690.00,出厂价,A13S0.7 CSR60MT5,116,2024-02-01 00:00:00,1,0,2024-07-20 20:56:39,0,2024-07-20 20:56:39,,,
2024-01-31,景德镇市,准一级焦,2690.00,出厂价,A13S0.7 CSR60MT5,117,2024-01-31 00:00:00,1,0,2024-07-20 20:56:39,0,2024-07-20 20:56:39,,,
2024-01-30,景德镇市,准一级焦,2690.00,出厂价,A13S0.7 CSR60MT5,118,2024-01-30 00:00:00,1,0,2024-07-20 20:56:39,0,2024-07-20 20:56:39,,,
2024-01-29,景德镇市,准一级焦,2690.00,出厂价,A13S0.7 CSR60MT5,119,2024-01-29 00:00:00,1,0,2024-07-20 20:56:39,0,2024-07-20 20:56:39,,,
2024-01-26,景德镇市,准一级焦,2690.00,出厂价,A13S0.7 CSR60MT5,120,2024-01-26 00:00:00,1,0,2024-07-20 20:56:39,0,2024-07-20 20:56:39,,,
2024-01-25,景德镇市,准一级焦,2690.00,出厂价,A13S0.7 CSR60MT5,121,2024-01-25 00:00:00,1,0,2024-07-20 20:56:41,0,2024-07-20 20:56:41,,,
2024-01-24,景德镇市,准一级焦,2690.00,出厂价,A13S0.7 CSR60MT5,122,2024-01-24 00:00:00,1,0,2024-07-20 20:56:41,0,2024-07-20 20:56:41,,,
2024-01-23,景德镇市,准一级焦,2690.00,出厂价,A13S0.7 CSR60MT5,123,2024-01-23 00:00:00,1,0,2024-07-20 20:56:41,0,2024-07-20 20:56:41,,,
2024-01-22,景德镇市,准一级焦,2690.00,出厂价,A13S0.7 CSR60MT5,124,2024-01-22 00:00:00,1,0,2024-07-20 20:56:41,0,2024-07-20 20:56:41,,,
2024-01-19,景德镇市,准一级焦,2690.00,出厂价,A13S0.7 CSR60MT5,125,2024-01-19 00:00:00,1,0,2024-07-20 20:56:41,0,2024-07-20 20:56:41,,,
2024-01-18,景德镇市,准一级焦,2690.00,出厂价,A13S0.7 CSR60MT5,126,2024-01-18 00:00:00,1,0,2024-07-20 20:56:41,0,2024-07-20 20:56:41,,,
2024-01-17,景德镇市,准一级焦,2690.00,出厂价,A13S0.7 CSR60MT5,127,2024-01-17 00:00:00,1,0,2024-07-20 20:56:41,0,2024-07-20 20:56:41,,,
2024-01-16,景德镇市,准一级焦,2690.00,出厂价,A13S0.7 CSR60MT5,128,2024-01-16 00:00:00,1,0,2024-07-20 20:56:41,0,2024-07-20 20:56:41,,,
2024-01-15,景德镇市,准一级焦,2690.00,出厂价,A13S0.7 CSR60MT5,129,2024-01-15 00:00:00,1,0,2024-07-20 20:56:41,0,2024-07-20 20:56:41,,,
2024-01-12,景德镇市,准一级焦,2690.00,出厂价,A13S0.7 CSR60MT5,130,2024-01-12 00:00:00,1,0,2024-07-20 20:56:41,0,2024-07-20 20:56:41,,,
2024-01-11,景德镇市,准一级焦,2690.00,出厂价,A13S0.7 CSR60MT5,131,2024-01-11 00:00:00,1,0,2024-07-20 20:56:41,0,2024-07-20 20:56:41,,,
2024-01-10,景德镇市,准一级焦,2690.00,出厂价,A13S0.7 CSR60MT5,132,2024-01-10 00:00:00,1,0,2024-07-20 20:56:41,0,2024-07-20 20:56:41,,,
2024-01-09,景德镇市,准一级焦,2690.00,出厂价,A13S0.7 CSR60MT5,133,2024-01-09 00:00:00,1,0,2024-07-20 20:56:41,0,2024-07-20 20:56:41,,,
2024-01-08,景德镇市,准一级焦,2690.00,出厂价,A13S0.7 CSR60MT5,134,2024-01-08 00:00:00,1,0,2024-07-20 20:56:41,0,2024-07-20 20:56:41,,,
2024-01-05,景德镇市,准一级焦,2690.00,出厂价,A13S0.7 CSR60MT5,135,2024-01-05 00:00:00,1,0,2024-07-20 20:56:41,0,2024-07-20 20:56:41,,,
2024-01-04,景德镇市,准一级焦,2690.00,出厂价,A13S0.7 CSR60MT5,136,2024-01-04 00:00:00,1,0,2024-07-20 20:56:41,0,2024-07-20 20:56:41,,,
2024-01-03,景德镇市,准一级焦,2590.00,出厂价,A13S0.7 CSR60MT5,137,2024-01-03 00:00:00,1,0,2024-07-20 20:56:41,0,2024-07-20 20:56:41,,,
2024-01-02,景德镇市,准一级焦,2590.00,出厂价,A13S0.7 CSR60MT5,138,2024-01-02 00:00:00,1,0,2024-07-20 20:56:41,0,2024-07-20 20:56:41,,,
2023-12-29,景德镇市,准一级焦,2590.00,出厂价,A13S0.7 CSR60MT5,139,2023-12-29 00:00:00,1,0,2024-07-20 20:56:41,0,2024-07-20 20:56:41,,,
2023-12-28,景德镇市,准一级焦,2590.00,出厂价,A13S0.7 CSR60MT5,140,2023-12-28 00:00:00,1,0,2024-07-20 20:56:41,0,2024-07-20 20:56:41,,,
2023-12-27,景德镇市,准一级焦,2590.00,出厂价,A13S0.7 CSR60MT5,141,2023-12-27 00:00:00,1,0,2024-07-20 20:56:41,0,2024-07-20 20:56:41,,,
2023-12-26,景德镇市,准一级焦,2590.00,出厂价,A13S0.7 CSR60MT5,142,2023-12-26 00:00:00,1,0,2024-07-20 20:56:41,0,2024-07-20 20:56:41,,,
2023-12-25,景德镇市,准一级焦,2590.00,出厂价,A13S0.7 CSR60MT5,143,2023-12-25 00:00:00,1,0,2024-07-20 20:56:41,0,2024-07-20 20:56:41,,,
2023-12-22,景德镇市,准一级焦,2590.00,出厂价,A13S0.7 CSR60MT5,144,2023-12-22 00:00:00,1,0,2024-07-20 20:56:41,0,2024-07-20 20:56:41,,,
2023-12-21,景德镇市,准一级焦,2590.00,出厂价,A13S0.7 CSR60MT5,145,2023-12-21 00:00:00,1,0,2024-07-20 20:56:41,0,2024-07-20 20:56:41,,,
2023-12-20,景德镇市,准一级焦,2590.00,出厂价,A13S0.7 CSR60MT5,146,2023-12-20 00:00:00,1,0,2024-07-20 20:56:41,0,2024-07-20 20:56:41,,,
2023-12-19,景德镇市,准一级焦,2590.00,出厂价,A13S0.7 CSR60MT5,147,2023-12-19 00:00:00,1,0,2024-07-20 20:56:41,0,2024-07-20 20:56:41,,,
2023-12-18,景德镇市,准一级焦,2590.00,出厂价,A13S0.7 CSR60MT5,148,2023-12-18 00:00:00,1,0,2024-07-20 20:56:41,0,2024-07-20 20:56:41,,,
2023-12-15,景德镇市,准一级焦,2590.00,出厂价,A13S0.7 CSR60MT5,149,2023-12-15 00:00:00,1,0,2024-07-20 20:56:41,0,2024-07-20 20:56:41,,,
2023-12-14,景德镇市,准一级焦,2590.00,出厂价,A13S0.7 CSR60MT5,150,2023-12-14 00:00:00,1,0,2024-07-20 20:56:41,0,2024-07-20 20:56:41,,,
2023-12-13,景德镇市,准一级焦,2590.00,出厂价,A13S0.7 CSR60MT5,151,2023-12-13 00:00:00,1,0,2024-07-20 20:56:44,0,2024-07-20 20:56:44,,,
2023-12-12,景德镇市,准一级焦,2390.00,出厂价,A13S0.7 CSR60MT5,152,2023-12-12 00:00:00,1,0,2024-07-20 20:56:44,0,2024-07-20 20:56:44,,,
2023-12-11,景德镇市,准一级焦,2390.00,出厂价,A13S0.7 CSR60MT5,153,2023-12-11 00:00:00,1,0,2024-07-20 20:56:44,0,2024-07-20 20:56:44,,,
2023-12-08,景德镇市,准一级焦,2390.00,出厂价,A13S0.7 CSR60MT5,154,2023-12-08 00:00:00,1,0,2024-07-20 20:56:44,0,2024-07-20 20:56:44,,,
2023-12-07,景德镇市,准一级焦,2390.00,出厂价,A13S0.7 CSR60MT5,155,2023-12-07 00:00:00,1,0,2024-07-20 20:56:44,0,2024-07-20 20:56:44,,,
2023-12-06,景德镇市,准一级焦,2390.00,出厂价,A13S0.7 CSR60MT5,156,2023-12-06 00:00:00,1,0,2024-07-20 20:56:44,0,2024-07-20 20:56:44,,,
2023-12-05,景德镇市,准一级焦,2390.00,出厂价,A13S0.7 CSR60MT5,157,2023-12-05 00:00:00,1,0,2024-07-20 20:56:44,0,2024-07-20 20:56:44,,,
2023-12-04,景德镇市,准一级焦,2390.00,出厂价,A13S0.7 CSR60MT5,158,2023-12-04 00:00:00,1,0,2024-07-20 20:56:44,0,2024-07-20 20:56:44,,,
2023-12-01,景德镇市,准一级焦,2390.00,出厂价,A13S0.7 CSR60MT5,159,2023-12-01 00:00:00,1,0,2024-07-20 20:56:44,0,2024-07-20 20:56:44,,,
2023-11-30,景德镇市,准一级焦,2390.00,出厂价,A13S0.7 CSR60MT5,160,2023-11-30 00:00:00,1,0,2024-07-20 20:56:44,0,2024-07-20 20:56:44,,,
2023-11-29,景德镇市,准一级焦,2390.00,出厂价,A13S0.7 CSR60MT5,161,2023-11-29 00:00:00,1,0,2024-07-20 20:56:44,0,2024-07-20 20:56:44,,,
2023-11-28,景德镇市,准一级焦,2390.00,出厂价,A13S0.7 CSR60MT5,162,2023-11-28 00:00:00,1,0,2024-07-20 20:56:44,0,2024-07-20 20:56:44,,,
2023-11-27,景德镇市,准一级焦,2390.00,出厂价,A13S0.7 CSR60MT5,163,2023-11-27 00:00:00,1,0,2024-07-20 20:56:44,0,2024-07-20 20:56:44,,,
2023-11-24,景德镇市,准一级焦,2390.00,出厂价,A13S0.7 CSR60MT5,164,2023-11-24 00:00:00,1,0,2024-07-20 20:56:44,0,2024-07-20 20:56:44,,,
2023-11-23,景德镇市,准一级焦,2390.00,出厂价,A13S0.7 CSR60MT5,165,2023-11-23 00:00:00,1,0,2024-07-20 20:56:44,0,2024-07-20 20:56:44,,,
2023-11-22,景德镇市,准一级焦,2390.00,出厂价,A13S0.7 CSR60MT5,166,2023-11-22 00:00:00,1,0,2024-07-20 20:56:44,0,2024-07-20 20:56:44,,,
2023-11-21,景德镇市,准一级焦,2390.00,出厂价,A13S0.7 CSR60MT5,167,2023-11-21 00:00:00,1,0,2024-07-20 20:56:44,0,2024-07-20 20:56:44,,,
2023-11-20,景德镇市,准一级焦,2390.00,出厂价,A13S0.7 CSR60MT5,168,2023-11-20 00:00:00,1,0,2024-07-20 20:56:44,0,2024-07-20 20:56:44,,,
2023-11-17,景德镇市,准一级焦,2390.00,出厂价,A13S0.7 CSR60MT5,169,2023-11-17 00:00:00,1,0,2024-07-20 20:56:44,0,2024-07-20 20:56:44,,,
2023-11-16,景德镇市,准一级焦,2390.00,出厂价,A13S0.7 CSR60MT5,170,2023-11-16 00:00:00,1,0,2024-07-20 20:56:44,0,2024-07-20 20:56:44,,,
2023-11-15,景德镇市,准一级焦,2390.00,出厂价,A13S0.7 CSR60MT5,171,2023-11-15 00:00:00,1,0,2024-07-20 20:56:44,0,2024-07-20 20:56:44,,,
2023-11-14,景德镇市,准一级焦,2390.00,出厂价,A13S0.7 CSR60MT5,172,2023-11-14 00:00:00,1,0,2024-07-20 20:56:44,0,2024-07-20 20:56:44,,,
2023-11-13,景德镇市,准一级焦,2390.00,出厂价,A13S0.7 CSR60MT5,173,2023-11-13 00:00:00,1,0,2024-07-20 20:56:44,0,2024-07-20 20:56:44,,,
2023-11-10,景德镇市,准一级焦,2390.00,出厂价,A13S0.7 CSR60MT5,174,2023-11-10 00:00:00,1,0,2024-07-20 20:56:44,0,2024-07-20 20:56:44,,,
2023-11-09,景德镇市,准一级焦,2390.00,出厂价,A13S0.7 CSR60MT5,175,2023-11-09 00:00:00,1,0,2024-07-20 20:56:44,0,2024-07-20 20:56:44,,,
2023-11-08,景德镇市,准一级焦,2390.00,出厂价,A13S0.7 CSR60MT5,176,2023-11-08 00:00:00,1,0,2024-07-20 20:56:44,0,2024-07-20 20:56:44,,,
2023-11-07,景德镇市,准一级焦,2390.00,出厂价,A13S0.7 CSR60MT5,177,2023-11-07 00:00:00,1,0,2024-07-20 20:56:44,0,2024-07-20 20:56:44,,,
2023-11-06,景德镇市,准一级焦,2390.00,出厂价,A13S0.7 CSR60MT5,178,2023-11-06 00:00:00,1,0,2024-07-20 20:56:44,0,2024-07-20 20:56:44,,,
2023-11-03,景德镇市,准一级焦,2390.00,出厂价,A13S0.7 CSR60MT5,179,2023-11-03 00:00:00,1,0,2024-07-20 20:56:44,0,2024-07-20 20:56:44,,,
2023-11-02,景德镇市,准一级焦,2390.00,出厂价,A13S0.7 CSR60MT5,180,2023-11-02 00:00:00,1,0,2024-07-20 20:56:44,0,2024-07-20 20:56:44,,,
2023-11-01,景德镇市,准一级焦,2390.00,出厂价,A13S0.7 CSR60MT5,181,2023-11-01 00:00:00,1,0,2024-07-20 20:56:48,0,2024-07-20 20:56:48,,,
2023-10-31,景德镇市,准一级焦,2190.00,出厂价,A13S0.7 CSR60MT5,182,2023-10-31 00:00:00,1,0,2024-07-20 20:56:48,0,2024-07-20 20:56:48,,,
2023-10-30,景德镇市,准一级焦,2190.00,出厂价,A13S0.7 CSR60MT5,183,2023-10-30 00:00:00,1,0,2024-07-20 20:56:48,0,2024-07-20 20:56:48,,,
2023-10-27,景德镇市,准一级焦,2190.00,出厂价,A13S0.7 CSR60MT5,184,2023-10-27 00:00:00,1,0,2024-07-20 20:56:48,0,2024-07-20 20:56:48,,,
2023-10-26,景德镇市,准一级焦,2190.00,出厂价,A13S0.7 CSR60MT5,185,2023-10-26 00:00:00,1,0,2024-07-20 20:56:48,0,2024-07-20 20:56:48,,,
2023-10-25,景德镇市,准一级焦,2190.00,出厂价,A13S0.7 CSR60MT5,186,2023-10-25 00:00:00,1,0,2024-07-20 20:56:48,0,2024-07-20 20:56:48,,,
2023-10-24,景德镇市,准一级焦,2190.00,出厂价,A13S0.7 CSR60MT5,187,2023-10-24 00:00:00,1,0,2024-07-20 20:56:48,0,2024-07-20 20:56:48,,,
2023-10-23,景德镇市,准一级焦,2190.00,出厂价,A13S0.7 CSR60MT5,188,2023-10-23 00:00:00,1,0,2024-07-20 20:56:48,0,2024-07-20 20:56:48,,,
2023-10-20,景德镇市,准一级焦,2190.00,出厂价,A13S0.7 CSR60MT5,189,2023-10-20 00:00:00,1,0,2024-07-20 20:56:48,0,2024-07-20 20:56:48,,,
2023-10-19,景德镇市,准一级焦,2190.00,出厂价,A13S0.7 CSR60MT5,190,2023-10-19 00:00:00,1,0,2024-07-20 20:56:48,0,2024-07-20 20:56:48,,,
2023-10-18,景德镇市,准一级焦,2190.00,出厂价,A13S0.7 CSR60MT5,191,2023-10-18 00:00:00,1,0,2024-07-20 20:56:48,0,2024-07-20 20:56:48,,,
2023-10-17,景德镇市,准一级焦,2190.00,出厂价,A13S0.7 CSR60MT5,192,2023-10-17 00:00:00,1,0,2024-07-20 20:56:48,0,2024-07-20 20:56:48,,,
2023-10-16,景德镇市,准一级焦,2190.00,出厂价,A13S0.7 CSR60MT5,193,2023-10-16 00:00:00,1,0,2024-07-20 20:56:48,0,2024-07-20 20:56:48,,,
2023-10-13,景德镇市,准一级焦,2190.00,出厂价,A13S0.7 CSR60MT5,194,2023-10-13 00:00:00,1,0,2024-07-20 20:56:48,0,2024-07-20 20:56:48,,,
2023-10-12,景德镇市,准一级焦,2190.00,出厂价,A13S0.7 CSR60MT5,195,2023-10-12 00:00:00,1,0,2024-07-20 20:56:48,0,2024-07-20 20:56:48,,,
2023-10-11,景德镇市,准一级焦,2190.00,出厂价,A13S0.7 CSR60MT5,196,2023-10-11 00:00:00,1,0,2024-07-20 20:56:48,0,2024-07-20 20:56:48,,,
2023-10-10,景德镇市,准一级焦,2190.00,出厂价,A13S0.7 CSR60MT5,197,2023-10-10 00:00:00,1,0,2024-07-20 20:56:48,0,2024-07-20 20:56:48,,,
2023-10-09,景德镇市,准一级焦,2190.00,出厂价,A13S0.7 CSR60MT5,198,2023-10-09 00:00:00,1,0,2024-07-20 20:56:48,0,2024-07-20 20:56:48,,,
2023-10-08,景德镇市,准一级焦,2190.00,出厂价,A13S0.7 CSR60MT5,199,2023-10-08 00:00:00,1,0,2024-07-20 20:56:48,0,2024-07-20 20:56:48,,,
2023-10-07,景德镇市,准一级焦,2190.00,出厂价,A13S0.7 CSR60MT5,200,2023-10-07 00:00:00,1,0,2024-07-20 20:56:48,0,2024-07-20 20:56:48,,,
2023-09-28,景德镇市,准一级焦,2190.00,出厂价,A13S0.7 CSR60MT5,201,2023-09-28 00:00:00,1,0,2024-07-20 20:56:48,0,2024-07-20 20:56:48,,,
2023-09-27,景德镇市,准一级焦,2190.00,出厂价,A13S0.7 CSR60MT5,202,2023-09-27 00:00:00,1,0,2024-07-20 20:56:48,0,2024-07-20 20:56:48,,,
2023-09-26,景德镇市,准一级焦,2190.00,出厂价,A13S0.7 CSR60MT5,203,2023-09-26 00:00:00,1,0,2024-07-20 20:56:48,0,2024-07-20 20:56:48,,,
2023-09-25,景德镇市,准一级焦,2190.00,出厂价,A13S0.7 CSR60MT5,204,2023-09-25 00:00:00,1,0,2024-07-20 20:56:48,0,2024-07-20 20:56:48,,,
2023-09-22,景德镇市,准一级焦,2190.00,出厂价,A13S0.7 CSR60MT5,205,2023-09-22 00:00:00,1,0,2024-07-20 20:56:48,0,2024-07-20 20:56:48,,,
2023-09-21,景德镇市,准一级焦,2190.00,出厂价,A13S0.7 CSR60MT5,206,2023-09-21 00:00:00,1,0,2024-07-20 20:56:48,0,2024-07-20 20:56:48,,,
2023-09-20,景德镇市,准一级焦,2190.00,出厂价,A13S0.7 CSR60MT5,207,2023-09-20 00:00:00,1,0,2024-07-20 20:56:48,0,2024-07-20 20:56:48,,,
2023-09-19,景德镇市,准一级焦,2190.00,出厂价,A13S0.7 CSR60MT5,208,2023-09-19 00:00:00,1,0,2024-07-20 20:56:48,0,2024-07-20 20:56:48,,,
2023-09-18,景德镇市,准一级焦,2190.00,出厂价,A13S0.7 CSR60MT5,209,2023-09-18 00:00:00,1,0,2024-07-20 20:56:48,0,2024-07-20 20:56:48,,,
2023-09-15,景德镇市,准一级焦,2190.00,出厂价,A13S0.7 CSR60MT5,210,2023-09-15 00:00:00,1,0,2024-07-20 20:56:48,0,2024-07-20 20:56:48,,,
2023-09-14,景德镇市,准一级焦,2190.00,出厂价,A13S0.7 CSR60MT5,211,2023-09-14 00:00:00,1,0,2024-07-20 20:56:51,0,2024-07-20 20:56:51,,,
2023-09-13,景德镇市,准一级焦,2190.00,出厂价,A13S0.7 CSR60MT5,212,2023-09-13 00:00:00,1,0,2024-07-20 20:56:51,0,2024-07-20 20:56:51,,,
2023-09-12,景德镇市,准一级焦,2190.00,出厂价,A13S0.7 CSR60MT5,213,2023-09-12 00:00:00,1,0,2024-07-20 20:56:51,0,2024-07-20 20:56:51,,,
2023-09-11,景德镇市,准一级焦,2190.00,出厂价,A13S0.7 CSR60MT5,214,2023-09-11 00:00:00,1,0,2024-07-20 20:56:51,0,2024-07-20 20:56:51,,,
2023-09-08,景德镇市,准一级焦,2190.00,出厂价,A13S0.7 CSR60MT5,215,2023-09-08 00:00:00,1,0,2024-07-20 20:56:51,0,2024-07-20 20:56:51,,,
2023-09-07,景德镇市,准一级焦,2190.00,出厂价,A13S0.7 CSR60MT5,216,2023-09-07 00:00:00,1,0,2024-07-20 20:56:51,0,2024-07-20 20:56:51,,,
2023-09-06,景德镇市,准一级焦,2190.00,出厂价,A13S0.7 CSR60MT5,217,2023-09-06 00:00:00,1,0,2024-07-20 20:56:51,0,2024-07-20 20:56:51,,,
2023-09-05,景德镇市,准一级焦,2190.00,出厂价,A13S0.7 CSR60MT5,218,2023-09-05 00:00:00,1,0,2024-07-20 20:56:51,0,2024-07-20 20:56:51,,,
2023-09-04,景德镇市,准一级焦,2190.00,出厂价,A13S0.7 CSR60MT5,219,2023-09-04 00:00:00,1,0,2024-07-20 20:56:51,0,2024-07-20 20:56:51,,,
2023-09-01,景德镇市,准一级焦,2190.00,出厂价,A13S0.7 CSR60MT5,220,2023-09-01 00:00:00,1,0,2024-07-20 20:56:51,0,2024-07-20 20:56:51,,,
2023-08-31,景德镇市,准一级焦,2190.00,出厂价,A13S0.7 CSR60MT5,221,2023-08-31 00:00:00,1,0,2024-07-20 20:56:51,0,2024-07-20 20:56:51,,,
2023-08-30,景德镇市,准一级焦,2190.00,出厂价,A13S0.7 CSR60MT5,222,2023-08-30 00:00:00,1,0,2024-07-20 20:56:51,0,2024-07-20 20:56:51,,,
2023-08-29,景德镇市,准一级焦,2190.00,出厂价,A13S0.7 CSR60MT5,223,2023-08-29 00:00:00,1,0,2024-07-20 20:56:51,0,2024-07-20 20:56:51,,,
2023-08-28,景德镇市,准一级焦,2190.00,出厂价,A13S0.7 CSR60MT5,224,2023-08-28 00:00:00,1,0,2024-07-20 20:56:51,0,2024-07-20 20:56:51,,,
2023-08-25,景德镇市,准一级焦,2190.00,出厂价,A13S0.7 CSR60MT5,225,2023-08-25 00:00:00,1,0,2024-07-20 20:56:51,0,2024-07-20 20:56:51,,,
2023-08-24,景德镇市,准一级焦,2190.00,出厂价,A13S0.7 CSR60MT5,226,2023-08-24 00:00:00,1,0,2024-07-20 20:56:51,0,2024-07-20 20:56:51,,,
2023-08-23,景德镇市,准一级焦,2190.00,出厂价,A13S0.7 CSR60MT5,227,2023-08-23 00:00:00,1,0,2024-07-20 20:56:51,0,2024-07-20 20:56:51,,,
2023-08-22,景德镇市,准一级焦,2190.00,出厂价,A13S0.7 CSR60MT5,228,2023-08-22 00:00:00,1,0,2024-07-20 20:56:51,0,2024-07-20 20:56:51,,,
2023-08-21,景德镇市,准一级焦,2190.00,出厂价,A13S0.7 CSR60MT5,229,2023-08-21 00:00:00,1,0,2024-07-20 20:56:51,0,2024-07-20 20:56:51,,,
2023-08-18,景德镇市,准一级焦,2190.00,出厂价,A13S0.7 CSR60MT5,230,2023-08-18 00:00:00,1,0,2024-07-20 20:56:51,0,2024-07-20 20:56:51,,,
2023-08-17,景德镇市,准一级焦,2190.00,出厂价,A13S0.7 CSR60MT5,231,2023-08-17 00:00:00,1,0,2024-07-20 20:56:51,0,2024-07-20 20:56:51,,,
2023-08-16,景德镇市,准一级焦,2190.00,出厂价,A13S0.7 CSR60MT5,232,2023-08-16 00:00:00,1,0,2024-07-20 20:56:51,0,2024-07-20 20:56:51,,,
2023-08-15,景德镇市,准一级焦,2190.00,出厂价,A13S0.7 CSR60MT5,233,2023-08-15 00:00:00,1,0,2024-07-20 20:56:51,0,2024-07-20 20:56:51,,,
2023-08-14,景德镇市,准一级焦,2190.00,出厂价,A13S0.7 CSR60MT5,234,2023-08-14 00:00:00,1,0,2024-07-20 20:56:51,0,2024-07-20 20:56:51,,,
2023-08-11,景德镇市,准一级焦,2190.00,出厂价,A13S0.7 CSR60MT5,235,2023-08-11 00:00:00,1,0,2024-07-20 20:56:51,0,2024-07-20 20:56:51,,,
2023-08-10,景德镇市,准一级焦,2190.00,出厂价,A13S0.7 CSR60MT5,236,2023-08-10 00:00:00,1,0,2024-07-20 20:56:51,0,2024-07-20 20:56:51,,,
2023-08-09,景德镇市,准一级焦,2190.00,出厂价,A13S0.7 CSR60MT5,237,2023-08-09 00:00:00,1,0,2024-07-20 20:56:51,0,2024-07-20 20:56:51,,,
2023-08-08,景德镇市,准一级焦,2190.00,出厂价,A13S0.7 CSR60MT5,238,2023-08-08 00:00:00,1,0,2024-07-20 20:56:51,0,2024-07-20 20:56:51,,,
2023-08-07,景德镇市,准一级焦,2190.00,出厂价,A13S0.7 CSR60MT5,239,2023-08-07 00:00:00,1,0,2024-07-20 20:56:51,0,2024-07-20 20:56:51,,,
2023-08-04,景德镇市,准一级焦,2190.00,出厂价,A13S0.7 CSR60MT5,240,2023-08-04 00:00:00,1,0,2024-07-20 20:56:51,0,2024-07-20 20:56:51,,,
2023-08-03,景德镇市,准一级焦,2190.00,出厂价,A13S0.7 CSR60MT5,241,2023-08-03 00:00:00,1,0,2024-07-20 20:56:55,0,2024-07-20 20:56:55,,,
2023-08-02,景德镇市,准一级焦,1990.00,出厂价,A13S0.7 CSR60MT5,242,2023-08-02 00:00:00,1,0,2024-07-20 20:56:55,0,2024-07-20 20:56:55,,,
2023-08-01,景德镇市,准一级焦,1990.00,出厂价,A13S0.7 CSR60MT5,243,2023-08-01 00:00:00,1,0,2024-07-20 20:56:55,0,2024-07-20 20:56:55,,,
2023-07-31,景德镇市,准一级焦,1990.00,出厂价,A13S0.7 CSR60MT5,244,2023-07-31 00:00:00,1,0,2024-07-20 20:56:55,0,2024-07-20 20:56:55,,,
2023-07-28,景德镇市,准一级焦,1990.00,出厂价,A13S0.7 CSR60MT5,245,2023-07-28 00:00:00,1,0,2024-07-20 20:56:55,0,2024-07-20 20:56:55,,,
2023-07-27,景德镇市,准一级焦,1990.00,出厂价,A13S0.7 CSR60MT5,246,2023-07-27 00:00:00,1,0,2024-07-20 20:56:55,0,2024-07-20 20:56:55,,,
2023-07-26,景德镇市,准一级焦,1990.00,出厂价,A13S0.7 CSR60MT5,247,2023-07-26 00:00:00,1,0,2024-07-20 20:56:55,0,2024-07-20 20:56:55,,,
2023-07-25,景德镇市,准一级焦,1990.00,出厂价,A13S0.7 CSR60MT5,248,2023-07-25 00:00:00,1,0,2024-07-20 20:56:55,0,2024-07-20 20:56:55,,,
2023-07-24,景德镇市,准一级焦,1990.00,出厂价,A13S0.7 CSR60MT5,249,2023-07-24 00:00:00,1,0,2024-07-20 20:56:55,0,2024-07-20 20:56:55,,,
2023-07-21,景德镇市,准一级焦,1990.00,出厂价,A13S0.7 CSR60MT5,250,2023-07-21 00:00:00,1,0,2024-07-20 20:56:55,0,2024-07-20 20:56:55,,,
2023-07-20,景德镇市,准一级焦,1990.00,出厂价,A13S0.7 CSR60MT5,251,2023-07-20 00:00:00,1,0,2024-07-20 20:56:55,0,2024-07-20 20:56:55,,,
2023-07-19,景德镇市,准一级焦,1990.00,出厂价,A13S0.7 CSR60MT5,252,2023-07-19 00:00:00,1,0,2024-07-20 20:56:55,0,2024-07-20 20:56:55,,,
2023-07-18,景德镇市,准一级焦,2440.00,出厂价,A13S0.7 CSR60MT5,253,2023-07-18 00:00:00,1,0,2024-07-20 20:56:55,0,2024-07-20 20:56:55,,,
2023-07-17,景德镇市,准一级焦,2440.00,出厂价,A13S0.7 CSR60MT5,254,2023-07-17 00:00:00,1,0,2024-07-20 20:56:55,0,2024-07-20 20:56:55,,,
2023-07-14,景德镇市,准一级焦,2440.00,出厂价,A13S0.7 CSR60MT5,255,2023-07-14 00:00:00,1,0,2024-07-20 20:56:55,0,2024-07-20 20:56:55,,,
2023-07-13,景德镇市,准一级焦,2440.00,出厂价,A13S0.7 CSR60MT5,256,2023-07-13 00:00:00,1,0,2024-07-20 20:56:55,0,2024-07-20 20:56:55,,,
2023-07-12,景德镇市,准一级焦,2440.00,出厂价,A13S0.7 CSR60MT5,257,2023-07-12 00:00:00,1,0,2024-07-20 20:56:55,0,2024-07-20 20:56:55,,,
2023-07-11,景德镇市,准一级焦,2440.00,出厂价,A13S0.7 CSR60MT5,258,2023-07-11 00:00:00,1,0,2024-07-20 20:56:55,0,2024-07-20 20:56:55,,,
2023-07-10,景德镇市,准一级焦,2440.00,出厂价,A13S0.7 CSR60MT5,259,2023-07-10 00:00:00,1,0,2024-07-20 20:56:55,0,2024-07-20 20:56:55,,,
2023-07-07,景德镇市,准一级焦,2440.00,出厂价,A13S0.7 CSR60MT5,260,2023-07-07 00:00:00,1,0,2024-07-20 20:56:55,0,2024-07-20 20:56:55,,,
2023-07-06,景德镇市,准一级焦,2440.00,出厂价,A13S0.7 CSR60MT5,261,2023-07-06 00:00:00,1,0,2024-07-20 20:56:55,0,2024-07-20 20:56:55,,,
2023-07-05,景德镇市,准一级焦,2440.00,出厂价,A13S0.7 CSR60MT5,262,2023-07-05 00:00:00,1,0,2024-07-20 20:56:55,0,2024-07-20 20:56:55,,,
2023-07-04,景德镇市,准一级焦,2440.00,出厂价,A13S0.7 CSR60MT5,263,2023-07-04 00:00:00,1,0,2024-07-20 20:56:55,0,2024-07-20 20:56:55,,,
2023-07-03,景德镇市,准一级焦,2440.00,出厂价,A13S0.7 CSR60MT5,264,2023-07-03 00:00:00,1,0,2024-07-20 20:56:55,0,2024-07-20 20:56:55,,,
2023-06-30,景德镇市,准一级焦,2440.00,出厂价,A13S0.7 CSR60MT5,265,2023-06-30 00:00:00,1,0,2024-07-20 20:56:55,0,2024-07-20 20:56:55,,,
2023-06-29,景德镇市,准一级焦,2440.00,出厂价,A13S0.7 CSR60MT5,266,2023-06-29 00:00:00,1,0,2024-07-20 20:56:55,0,2024-07-20 20:56:55,,,
2023-06-28,景德镇市,准一级焦,2440.00,出厂价,A13S0.7 CSR60MT5,267,2023-06-28 00:00:00,1,0,2024-07-20 20:56:55,0,2024-07-20 20:56:55,,,
2023-06-27,景德镇市,准一级焦,2440.00,出厂价,A13S0.7 CSR60MT5,268,2023-06-27 00:00:00,1,0,2024-07-20 20:56:55,0,2024-07-20 20:56:55,,,
2023-06-26,景德镇市,准一级焦,2440.00,出厂价,A13S0.7 CSR60MT5,269,2023-06-26 00:00:00,1,0,2024-07-20 20:56:55,0,2024-07-20 20:56:55,,,
2023-06-25,景德镇市,准一级焦,2440.00,出厂价,A13S0.7 CSR60MT5,270,2023-06-25 00:00:00,1,0,2024-07-20 20:56:55,0,2024-07-20 20:56:55,,,
2023-06-21,景德镇市,准一级焦,2440.00,出厂价,A13S0.7 CSR60MT5,271,2023-06-21 00:00:00,1,0,2024-07-20 20:56:59,0,2024-07-20 20:56:59,,,
2023-06-20,景德镇市,准一级焦,2440.00,出厂价,A13S0.7 CSR60MT5,272,2023-06-20 00:00:00,1,0,2024-07-20 20:56:59,0,2024-07-20 20:56:59,,,
2023-06-19,景德镇市,准一级焦,2440.00,出厂价,A13S0.7 CSR60MT5,273,2023-06-19 00:00:00,1,0,2024-07-20 20:56:59,0,2024-07-20 20:56:59,,,
2023-06-16,景德镇市,准一级焦,2440.00,出厂价,A13S0.7 CSR60MT5,274,2023-06-16 00:00:00,1,0,2024-07-20 20:56:59,0,2024-07-20 20:56:59,,,
2023-06-15,景德镇市,准一级焦,2440.00,出厂价,A13S0.7 CSR60MT5,275,2023-06-15 00:00:00,1,0,2024-07-20 20:56:59,0,2024-07-20 20:56:59,,,
2023-06-14,景德镇市,准一级焦,2440.00,出厂价,A13S0.7 CSR60MT5,276,2023-06-14 00:00:00,1,0,2024-07-20 20:56:59,0,2024-07-20 20:56:59,,,
2023-06-13,景德镇市,准一级焦,2440.00,出厂价,A13S0.7 CSR60MT5,277,2023-06-13 00:00:00,1,0,2024-07-20 20:56:59,0,2024-07-20 20:56:59,,,
2023-06-12,景德镇市,准一级焦,2440.00,出厂价,A13S0.7 CSR60MT5,278,2023-06-12 00:00:00,1,0,2024-07-20 20:56:59,0,2024-07-20 20:56:59,,,
2023-06-09,景德镇市,准一级焦,2440.00,出厂价,A13S0.7 CSR60MT5,279,2023-06-09 00:00:00,1,0,2024-07-20 20:56:59,0,2024-07-20 20:56:59,,,
2023-06-08,景德镇市,准一级焦,2440.00,出厂价,A13S0.7 CSR60MT5,280,2023-06-08 00:00:00,1,0,2024-07-20 20:56:59,0,2024-07-20 20:56:59,,,
2023-06-07,景德镇市,准一级焦,2440.00,出厂价,A13S0.7 CSR60MT5,281,2023-06-07 00:00:00,1,0,2024-07-20 20:56:59,0,2024-07-20 20:56:59,,,
2023-06-06,景德镇市,准一级焦,2440.00,出厂价,A13S0.7 CSR60MT5,282,2023-06-06 00:00:00,1,0,2024-07-20 20:56:59,0,2024-07-20 20:56:59,,,
2023-06-05,景德镇市,准一级焦,2440.00,出厂价,A13S0.7 CSR60MT5,283,2023-06-05 00:00:00,1,0,2024-07-20 20:56:59,0,2024-07-20 20:56:59,,,
2023-06-02,景德镇市,准一级焦,2440.00,出厂价,A13S0.7 CSR60MT5,284,2023-06-02 00:00:00,1,0,2024-07-20 20:56:59,0,2024-07-20 20:56:59,,,
2023-06-01,景德镇市,准一级焦,2440.00,出厂价,A13S0.7 CSR60MT5,285,2023-06-01 00:00:00,1,0,2024-07-20 20:56:59,0,2024-07-20 20:56:59,,,
2023-05-31,景德镇市,准一级焦,2440.00,出厂价,A13S0.7 CSR60MT5,286,2023-05-31 00:00:00,1,0,2024-07-20 20:56:59,0,2024-07-20 20:56:59,,,
2023-05-30,景德镇市,准一级焦,2440.00,出厂价,A13S0.7 CSR60MT5,287,2023-05-30 00:00:00,1,0,2024-07-20 20:56:59,0,2024-07-20 20:56:59,,,
2023-05-29,景德镇市,准一级焦,2440.00,出厂价,A13S0.7 CSR60MT5,288,2023-05-29 00:00:00,1,0,2024-07-20 20:56:59,0,2024-07-20 20:56:59,,,
2023-05-26,景德镇市,准一级焦,2440.00,出厂价,A13S0.7 CSR60MT5,289,2023-05-26 00:00:00,1,0,2024-07-20 20:56:59,0,2024-07-20 20:56:59,,,
2023-05-25,景德镇市,准一级焦,2440.00,出厂价,A13S0.7 CSR60MT5,290,2023-05-25 00:00:00,1,0,2024-07-20 20:56:59,0,2024-07-20 20:56:59,,,
2023-05-24,景德镇市,准一级焦,2440.00,出厂价,A13S0.7 CSR60MT5,291,2023-05-24 00:00:00,1,0,2024-07-20 20:56:59,0,2024-07-20 20:56:59,,,
2023-05-23,景德镇市,准一级焦,2440.00,出厂价,A13S0.7 CSR60MT5,292,2023-05-23 00:00:00,1,0,2024-07-20 20:56:59,0,2024-07-20 20:56:59,,,
2023-05-22,景德镇市,准一级焦,2440.00,出厂价,A13S0.7 CSR60MT5,293,2023-05-22 00:00:00,1,0,2024-07-20 20:56:59,0,2024-07-20 20:56:59,,,
2023-05-19,景德镇市,准一级焦,2440.00,出厂价,A13S0.7 CSR60MT5,294,2023-05-19 00:00:00,1,0,2024-07-20 20:56:59,0,2024-07-20 20:56:59,,,
2023-05-18,景德镇市,准一级焦,2440.00,出厂价,A13S0.7 CSR60MT5,295,2023-05-18 00:00:00,1,0,2024-07-20 20:56:59,0,2024-07-20 20:56:59,,,
2023-05-17,景德镇市,准一级焦,2440.00,出厂价,A13S0.7 CSR60MT5,296,2023-05-17 00:00:00,1,0,2024-07-20 20:56:59,0,2024-07-20 20:56:59,,,
2023-05-16,景德镇市,准一级焦,2440.00,出厂价,A13S0.7 CSR60MT5,297,2023-05-16 00:00:00,1,0,2024-07-20 20:56:59,0,2024-07-20 20:56:59,,,
2023-05-15,景德镇市,准一级焦,2440.00,出厂价,A13S0.7 CSR60MT5,298,2023-05-15 00:00:00,1,0,2024-07-20 20:56:59,0,2024-07-20 20:56:59,,,
2023-05-12,景德镇市,准一级焦,2440.00,出厂价,A13S0.7 CSR60MT5,299,2023-05-12 00:00:00,1,0,2024-07-20 20:56:59,0,2024-07-20 20:56:59,,,
2023-05-11,景德镇市,准一级焦,2440.00,出厂价,A13S0.7 CSR60MT5,300,2023-05-11 00:00:00,1,0,2024-07-20 20:56:59,0,2024-07-20 20:56:59,,,
2023-05-10,景德镇市,准一级焦,2440.00,出厂价,A13S0.7 CSR60MT5,301,2023-05-10 00:00:00,1,0,2024-07-20 20:57:02,0,2024-07-20 20:57:02,,,
2023-05-09,景德镇市,准一级焦,2440.00,出厂价,A13S0.7 CSR60MT5,302,2023-05-09 00:00:00,1,0,2024-07-20 20:57:02,0,2024-07-20 20:57:02,,,
2023-05-08,景德镇市,准一级焦,2440.00,出厂价,A13S0.7 CSR60MT5,303,2023-05-08 00:00:00,1,0,2024-07-20 20:57:02,0,2024-07-20 20:57:02,,,
2023-05-06,景德镇市,准一级焦,2440.00,出厂价,A13S0.7 CSR60MT5,304,2023-05-06 00:00:00,1,0,2024-07-20 20:57:02,0,2024-07-20 20:57:02,,,
2023-05-05,景德镇市,准一级焦,2440.00,出厂价,A13S0.7 CSR60MT5,305,2023-05-05 00:00:00,1,0,2024-07-20 20:57:02,0,2024-07-20 20:57:02,,,
2023-05-04,景德镇市,准一级焦,2440.00,出厂价,A13S0.7 CSR60MT5,306,2023-05-04 00:00:00,1,0,2024-07-20 20:57:02,0,2024-07-20 20:57:02,,,
2023-04-28,景德镇市,准一级焦,2890.00,出厂价,A13S0.7 CSR60MT5,307,2023-04-28 00:00:00,1,0,2024-07-20 20:57:02,0,2024-07-20 20:57:02,,,
2023-04-27,景德镇市,准一级焦,2890.00,出厂价,A13S0.7 CSR60MT5,308,2023-04-27 00:00:00,1,0,2024-07-20 20:57:02,0,2024-07-20 20:57:02,,,
2023-04-26,景德镇市,准一级焦,2890.00,出厂价,A13S0.7 CSR60MT5,309,2023-04-26 00:00:00,1,0,2024-07-20 20:57:02,0,2024-07-20 20:57:02,,,
2023-04-25,景德镇市,准一级焦,2890.00,出厂价,A13S0.7 CSR60MT5,310,2023-04-25 00:00:00,1,0,2024-07-20 20:57:02,0,2024-07-20 20:57:02,,,
2023-04-24,景德镇市,准一级焦,2890.00,出厂价,A13S0.7 CSR60MT5,311,2023-04-24 00:00:00,1,0,2024-07-20 20:57:02,0,2024-07-20 20:57:02,,,
2023-04-23,景德镇市,准一级焦,2890.00,出厂价,A13S0.7 CSR60MT5,312,2023-04-23 00:00:00,1,0,2024-07-20 20:57:02,0,2024-07-20 20:57:02,,,
2023-04-21,景德镇市,准一级焦,2890.00,出厂价,A13S0.7 CSR60MT5,313,2023-04-21 00:00:00,1,0,2024-07-20 20:57:02,0,2024-07-20 20:57:02,,,
2023-04-20,景德镇市,准一级焦,2890.00,出厂价,A13S0.7 CSR60MT5,314,2023-04-20 00:00:00,1,0,2024-07-20 20:57:02,0,2024-07-20 20:57:02,,,
2023-04-19,景德镇市,准一级焦,2890.00,出厂价,A13S0.7 CSR60MT5,315,2023-04-19 00:00:00,1,0,2024-07-20 20:57:02,0,2024-07-20 20:57:02,,,
2023-04-18,景德镇市,准一级焦,2890.00,出厂价,A13S0.7 CSR60MT5,316,2023-04-18 00:00:00,1,0,2024-07-20 20:57:02,0,2024-07-20 20:57:02,,,
2023-04-17,景德镇市,准一级焦,2890.00,出厂价,A13S0.7 CSR60MT5,317,2023-04-17 00:00:00,1,0,2024-07-20 20:57:02,0,2024-07-20 20:57:02,,,
2023-04-14,景德镇市,准一级焦,2890.00,出厂价,A13S0.7 CSR60MT5,318,2023-04-14 00:00:00,1,0,2024-07-20 20:57:02,0,2024-07-20 20:57:02,,,
2023-04-13,景德镇市,准一级焦,2890.00,出厂价,A13S0.7 CSR60MT5,319,2023-04-13 00:00:00,1,0,2024-07-20 20:57:02,0,2024-07-20 20:57:02,,,
2023-04-12,景德镇市,准一级焦,2890.00,出厂价,A13S0.7 CSR60MT5,320,2023-04-12 00:00:00,1,0,2024-07-20 20:57:02,0,2024-07-20 20:57:02,,,
2023-04-11,景德镇市,准一级焦,2890.00,出厂价,A13S0.7 CSR60MT5,321,2023-04-11 00:00:00,1,0,2024-07-20 20:57:02,0,2024-07-20 20:57:02,,,
2023-04-10,景德镇市,准一级焦,2890.00,出厂价,A13S0.7 CSR60MT5,322,2023-04-10 00:00:00,1,0,2024-07-20 20:57:02,0,2024-07-20 20:57:02,,,
2023-04-07,景德镇市,准一级焦,2890.00,出厂价,A13S0.7 CSR60MT5,323,2023-04-07 00:00:00,1,0,2024-07-20 20:57:02,0,2024-07-20 20:57:02,,,
2023-04-06,景德镇市,准一级焦,2890.00,出厂价,A13S0.7 CSR60MT5,324,2023-04-06 00:00:00,1,0,2024-07-20 20:57:02,0,2024-07-20 20:57:02,,,
2023-04-04,景德镇市,准一级焦,2890.00,出厂价,A13S0.7 CSR60MT5,325,2023-04-04 00:00:00,1,0,2024-07-20 20:57:02,0,2024-07-20 20:57:02,,,
2023-04-03,景德镇市,准一级焦,2890.00,出厂价,A13S0.7 CSR60MT5,326,2023-04-03 00:00:00,1,0,2024-07-20 20:57:02,0,2024-07-20 20:57:02,,,
2023-03-31,景德镇市,准一级焦,3000.00,出厂价,A13S0.7 CSR60MT5,327,2023-03-31 00:00:00,1,0,2024-07-20 20:57:02,0,2024-07-20 20:57:02,,,
2023-03-30,景德镇市,准一级焦,3000.00,出厂价,A13S0.7 CSR60MT5,328,2023-03-30 00:00:00,1,0,2024-07-20 20:57:02,0,2024-07-20 20:57:02,,,
2023-03-29,景德镇市,准一级焦,3000.00,出厂价,A13S0.7 CSR60MT5,329,2023-03-29 00:00:00,1,0,2024-07-20 20:57:02,0,2024-07-20 20:57:02,,,
2023-03-28,景德镇市,准一级焦,3000.00,出厂价,A13S0.7 CSR60MT5,330,2023-03-28 00:00:00,1,0,2024-07-20 20:57:02,0,2024-07-20 20:57:02,,,
2023-03-27,景德镇市,准一级焦,3000.00,出厂价,A13S0.7 CSR60MT5,331,2023-03-27 00:00:00,1,0,2024-07-20 20:57:05,0,2024-07-20 20:57:05,,,
2023-03-24,景德镇市,准一级焦,3000.00,出厂价,A13S0.7 CSR60MT5,332,2023-03-24 00:00:00,1,0,2024-07-20 20:57:05,0,2024-07-20 20:57:05,,,
2023-03-23,景德镇市,准一级焦,3000.00,出厂价,A13S0.7 CSR60MT5,333,2023-03-23 00:00:00,1,0,2024-07-20 20:57:05,0,2024-07-20 20:57:05,,,
2023-03-22,景德镇市,准一级焦,3000.00,出厂价,A13S0.7 CSR60MT5,334,2023-03-22 00:00:00,1,0,2024-07-20 20:57:05,0,2024-07-20 20:57:05,,,
2023-03-21,景德镇市,准一级焦,3000.00,出厂价,A13S0.7 CSR60MT5,335,2023-03-21 00:00:00,1,0,2024-07-20 20:57:05,0,2024-07-20 20:57:05,,,
2023-03-20,景德镇市,准一级焦,3000.00,出厂价,A13S0.7 CSR60MT5,336,2023-03-20 00:00:00,1,0,2024-07-20 20:57:05,0,2024-07-20 20:57:05,,,
2023-03-17,景德镇市,准一级焦,3000.00,出厂价,A13S0.7 CSR60MT5,337,2023-03-17 00:00:00,1,0,2024-07-20 20:57:05,0,2024-07-20 20:57:05,,,
2023-03-16,景德镇市,准一级焦,3000.00,出厂价,A13S0.7 CSR60MT5,338,2023-03-16 00:00:00,1,0,2024-07-20 20:57:05,0,2024-07-20 20:57:05,,,
2023-03-15,景德镇市,准一级焦,3000.00,出厂价,A13S0.7 CSR60MT5,339,2023-03-15 00:00:00,1,0,2024-07-20 20:57:05,0,2024-07-20 20:57:05,,,
2023-03-14,景德镇市,准一级焦,3000.00,出厂价,A13S0.7 CSR60MT5,340,2023-03-14 00:00:00,1,0,2024-07-20 20:57:05,0,2024-07-20 20:57:05,,,
2023-03-13,景德镇市,准一级焦,3000.00,出厂价,A13S0.7 CSR60MT5,341,2023-03-13 00:00:00,1,0,2024-07-20 20:57:05,0,2024-07-20 20:57:05,,,
2023-03-10,景德镇市,准一级焦,3000.00,出厂价,A13S0.7 CSR60MT5,342,2023-03-10 00:00:00,1,0,2024-07-20 20:57:05,0,2024-07-20 20:57:05,,,
2023-03-09,景德镇市,准一级焦,3000.00,出厂价,A13S0.7 CSR60MT5,343,2023-03-09 00:00:00,1,0,2024-07-20 20:57:05,0,2024-07-20 20:57:05,,,
2023-03-08,景德镇市,准一级焦,3000.00,出厂价,A13S0.7 CSR60MT5,344,2023-03-08 00:00:00,1,0,2024-07-20 20:57:05,0,2024-07-20 20:57:05,,,
2023-03-07,景德镇市,准一级焦,3000.00,出厂价,A13S0.7 CSR60MT5,345,2023-03-07 00:00:00,1,0,2024-07-20 20:57:05,0,2024-07-20 20:57:05,,,
2023-03-06,景德镇市,准一级焦,3000.00,出厂价,A13S0.7 CSR60MT5,346,2023-03-06 00:00:00,1,0,2024-07-20 20:57:05,0,2024-07-20 20:57:05,,,
2023-03-03,景德镇市,准一级焦,3000.00,出厂价,A13S0.7 CSR60MT5,347,2023-03-03 00:00:00,1,0,2024-07-20 20:57:05,0,2024-07-20 20:57:05,,,
2023-03-02,景德镇市,准一级焦,3000.00,出厂价,A13S0.7 CSR60MT5,348,2023-03-02 00:00:00,1,0,2024-07-20 20:57:05,0,2024-07-20 20:57:05,,,
2023-03-01,景德镇市,准一级焦,3000.00,出厂价,A13S0.7 CSR60MT5,349,2023-03-01 00:00:00,1,0,2024-07-20 20:57:05,0,2024-07-20 20:57:05,,,
2023-02-28,景德镇市,准一级焦,3000.00,出厂价,A13S0.7 CSR60MT5,350,2023-02-28 00:00:00,1,0,2024-07-20 20:57:05,0,2024-07-20 20:57:05,,,
2023-02-27,景德镇市,准一级焦,3000.00,出厂价,A13S0.7 CSR60MT5,351,2023-02-27 00:00:00,1,0,2024-07-20 20:57:05,0,2024-07-20 20:57:05,,,
2023-02-24,景德镇市,准一级焦,3000.00,出厂价,A13S0.7 CSR60MT5,352,2023-02-24 00:00:00,1,0,2024-07-20 20:57:05,0,2024-07-20 20:57:05,,,
2023-02-23,景德镇市,准一级焦,3000.00,出厂价,A13S0.7 CSR60MT5,353,2023-02-23 00:00:00,1,0,2024-07-20 20:57:05,0,2024-07-20 20:57:05,,,
2023-02-22,景德镇市,准一级焦,3000.00,出厂价,A13S0.7 CSR60MT5,354,2023-02-22 00:00:00,1,0,2024-07-20 20:57:05,0,2024-07-20 20:57:05,,,
2023-02-21,景德镇市,准一级焦,3000.00,出厂价,A13S0.7 CSR60MT5,355,2023-02-21 00:00:00,1,0,2024-07-20 20:57:05,0,2024-07-20 20:57:05,,,
2023-02-20,景德镇市,准一级焦,3000.00,出厂价,A13S0.7 CSR60MT5,356,2023-02-20 00:00:00,1,0,2024-07-20 20:57:05,0,2024-07-20 20:57:05,,,
2023-02-17,景德镇市,准一级焦,3000.00,出厂价,A13S0.7 CSR60MT5,357,2023-02-17 00:00:00,1,0,2024-07-20 20:57:05,0,2024-07-20 20:57:05,,,
2023-02-16,景德镇市,准一级焦,3000.00,出厂价,A13S0.7 CSR60MT5,358,2023-02-16 00:00:00,1,0,2024-07-20 20:57:05,0,2024-07-20 20:57:05,,,
2023-02-15,景德镇市,准一级焦,3000.00,出厂价,A13S0.7 CSR60MT5,359,2023-02-15 00:00:00,1,0,2024-07-20 20:57:05,0,2024-07-20 20:57:05,,,
2023-02-14,景德镇市,准一级焦,3000.00,出厂价,A13S0.7 CSR60MT5,360,2023-02-14 00:00:00,1,0,2024-07-20 20:57:05,0,2024-07-20 20:57:05,,,
2023-02-13,景德镇市,准一级焦,3000.00,出厂价,A13S0.7 CSR60MT5,361,2023-02-13 00:00:00,1,0,2024-07-20 20:57:10,0,2024-07-20 20:57:10,,,
2023-02-10,景德镇市,准一级焦,3000.00,出厂价,A13S0.7 CSR60MT5,362,2023-02-10 00:00:00,1,0,2024-07-20 20:57:10,0,2024-07-20 20:57:10,,,
2023-02-09,景德镇市,准一级焦,3000.00,出厂价,A13S0.7 CSR60MT5,363,2023-02-09 00:00:00,1,0,2024-07-20 20:57:10,0,2024-07-20 20:57:10,,,
2023-02-08,景德镇市,准一级焦,3000.00,出厂价,A13S0.7 CSR60MT5,364,2023-02-08 00:00:00,1,0,2024-07-20 20:57:10,0,2024-07-20 20:57:10,,,
2023-02-07,景德镇市,准一级焦,3000.00,出厂价,A13S0.7 CSR60MT5,365,2023-02-07 00:00:00,1,0,2024-07-20 20:57:10,0,2024-07-20 20:57:10,,,
2023-02-06,景德镇市,准一级焦,3000.00,出厂价,A13S0.7 CSR60MT5,366,2023-02-06 00:00:00,1,0,2024-07-20 20:57:10,0,2024-07-20 20:57:10,,,
2023-02-03,景德镇市,准一级焦,3000.00,出厂价,A13S0.7 CSR60MT5,367,2023-02-03 00:00:00,1,0,2024-07-20 20:57:10,0,2024-07-20 20:57:10,,,
2023-02-02,景德镇市,准一级焦,3000.00,出厂价,A13S0.7 CSR60MT5,368,2023-02-02 00:00:00,1,0,2024-07-20 20:57:10,0,2024-07-20 20:57:10,,,
2023-02-01,景德镇市,准一级焦,3000.00,出厂价,A13S0.7 CSR60MT5,369,2023-02-01 00:00:00,1,0,2024-07-20 20:57:10,0,2024-07-20 20:57:10,,,
2023-01-31,景德镇市,准一级焦,3000.00,出厂价,A13S0.7 CSR60MT5,370,2023-01-31 00:00:00,1,0,2024-07-20 20:57:10,0,2024-07-20 20:57:10,,,
2023-01-30,景德镇市,准一级焦,3000.00,出厂价,A13S0.7 CSR60MT5,371,2023-01-30 00:00:00,1,0,2024-07-20 20:57:10,0,2024-07-20 20:57:10,,,
2023-01-29,景德镇市,准一级焦,3000.00,出厂价,A13S0.7 CSR60MT5,372,2023-01-29 00:00:00,1,0,2024-07-20 20:57:10,0,2024-07-20 20:57:10,,,
2023-01-28,景德镇市,准一级焦,3000.00,出厂价,A13S0.7 CSR60MT5,373,2023-01-28 00:00:00,1,0,2024-07-20 20:57:10,0,2024-07-20 20:57:10,,,
2023-01-20,景德镇市,准一级焦,3000.00,出厂价,A13S0.7 CSR60MT5,374,2023-01-20 00:00:00,1,0,2024-07-20 20:57:10,0,2024-07-20 20:57:10,,,
2023-01-19,景德镇市,准一级焦,3000.00,出厂价,A13S0.7 CSR60MT5,375,2023-01-19 00:00:00,1,0,2024-07-20 20:57:10,0,2024-07-20 20:57:10,,,
2023-01-18,景德镇市,准一级焦,3000.00,出厂价,A13S0.7 CSR60MT5,376,2023-01-18 00:00:00,1,0,2024-07-20 20:57:10,0,2024-07-20 20:57:10,,,
2023-01-17,景德镇市,准一级焦,3000.00,出厂价,A13S0.7 CSR60MT5,377,2023-01-17 00:00:00,1,0,2024-07-20 20:57:10,0,2024-07-20 20:57:10,,,
2023-01-16,景德镇市,准一级焦,3000.00,出厂价,A13S0.7 CSR60MT5,378,2023-01-16 00:00:00,1,0,2024-07-20 20:57:10,0,2024-07-20 20:57:10,,,
2023-01-13,景德镇市,准一级焦,3000.00,出厂价,A13S0.7 CSR60MT5,379,2023-01-13 00:00:00,1,0,2024-07-20 20:57:10,0,2024-07-20 20:57:10,,,
2023-01-12,景德镇市,准一级焦,3000.00,出厂价,A13S0.7 CSR60MT5,380,2023-01-12 00:00:00,1,0,2024-07-20 20:57:10,0,2024-07-20 20:57:10,,,
2023-01-11,景德镇市,准一级焦,3000.00,出厂价,A13S0.7 CSR60MT5,381,2023-01-11 00:00:00,1,0,2024-07-20 20:57:10,0,2024-07-20 20:57:10,,,
2023-01-10,景德镇市,准一级焦,3000.00,出厂价,A13S0.7 CSR60MT5,382,2023-01-10 00:00:00,1,0,2024-07-20 20:57:10,0,2024-07-20 20:57:10,,,
2023-01-09,景德镇市,准一级焦,3000.00,出厂价,A13S0.7 CSR60MT5,383,2023-01-09 00:00:00,1,0,2024-07-20 20:57:10,0,2024-07-20 20:57:10,,,
2023-01-06,景德镇市,准一级焦,3000.00,出厂价,A13S0.7 CSR60MT5,384,2023-01-06 00:00:00,1,0,2024-07-20 20:57:10,0,2024-07-20 20:57:10,,,
2023-01-05,景德镇市,准一级焦,3000.00,出厂价,A13S0.7 CSR60MT5,385,2023-01-05 00:00:00,1,0,2024-07-20 20:57:10,0,2024-07-20 20:57:10,,,
2023-01-04,景德镇市,准一级焦,3000.00,出厂价,A13S0.7 CSR60MT5,386,2023-01-04 00:00:00,1,0,2024-07-20 20:57:10,0,2024-07-20 20:57:10,,,
2023-01-03,景德镇市,准一级焦,3000.00,出厂价,A13S0.7 CSR60MT5,387,2023-01-03 00:00:00,1,0,2024-07-20 20:57:10,0,2024-07-20 20:57:10,,,
2022-12-30,景德镇市,准一级焦,3000.00,出厂价,A13S0.7 CSR60MT5,388,2022-12-30 00:00:00,1,0,2024-07-20 20:57:10,0,2024-07-20 20:57:10,,,
2022-12-29,景德镇市,准一级焦,3000.00,出厂价,A13S0.7 CSR60MT5,389,2022-12-29 00:00:00,1,0,2024-07-20 20:57:10,0,2024-07-20 20:57:10,,,
2022-12-28,景德镇市,准一级焦,3000.00,出厂价,A13S0.7 CSR60MT5,390,2022-12-28 00:00:00,1,0,2024-07-20 20:57:10,0,2024-07-20 20:57:10,,,
2022-12-27,景德镇市,准一级焦,3000.00,出厂价,A13S0.7 CSR60MT5,391,2022-12-27 00:00:00,1,0,2024-07-20 20:57:12,0,2024-07-20 20:57:12,,,
2022-12-26,景德镇市,准一级焦,3000.00,出厂价,A13S0.7 CSR60MT5,392,2022-12-26 00:00:00,1,0,2024-07-20 20:57:12,0,2024-07-20 20:57:12,,,
2022-12-23,景德镇市,准一级焦,3000.00,出厂价,A13S0.7 CSR60MT5,393,2022-12-23 00:00:00,1,0,2024-07-20 20:57:12,0,2024-07-20 20:57:12,,,
2022-12-22,景德镇市,准一级焦,3000.00,出厂价,A13S0.7 CSR60MT5,394,2022-12-22 00:00:00,1,0,2024-07-20 20:57:12,0,2024-07-20 20:57:12,,,
2022-12-21,景德镇市,准一级焦,3000.00,出厂价,A13S0.7 CSR60MT5,395,2022-12-21 00:00:00,1,0,2024-07-20 20:57:12,0,2024-07-20 20:57:12,,,
2022-12-20,景德镇市,准一级焦,3000.00,出厂价,A13S0.7 CSR60MT5,396,2022-12-20 00:00:00,1,0,2024-07-20 20:57:12,0,2024-07-20 20:57:12,,,
2022-12-19,景德镇市,准一级焦,3000.00,出厂价,A13S0.7 CSR60MT5,397,2022-12-19 00:00:00,1,0,2024-07-20 20:57:12,0,2024-07-20 20:57:12,,,
2022-12-16,景德镇市,准一级焦,3000.00,出厂价,A13S0.7 CSR60MT5,398,2022-12-16 00:00:00,1,0,2024-07-20 20:57:12,0,2024-07-20 20:57:12,,,
2022-12-15,景德镇市,准一级焦,3000.00,出厂价,A13S0.7 CSR60MT5,399,2022-12-15 00:00:00,1,0,2024-07-20 20:57:12,0,2024-07-20 20:57:12,,,
2022-12-14,景德镇市,准一级焦,3000.00,出厂价,A13S0.7 CSR60MT5,400,2022-12-14 00:00:00,1,0,2024-07-20 20:57:12,0,2024-07-20 20:57:12,,,
2022-12-13,景德镇市,准一级焦,3000.00,出厂价,A13S0.7 CSR60MT5,401,2022-12-13 00:00:00,1,0,2024-07-20 20:57:12,0,2024-07-20 20:57:12,,,
2022-12-12,景德镇市,准一级焦,3000.00,出厂价,A13S0.7 CSR60MT5,402,2022-12-12 00:00:00,1,0,2024-07-20 20:57:12,0,2024-07-20 20:57:12,,,
2022-12-09,景德镇市,准一级焦,3000.00,出厂价,A13S0.7 CSR60MT5,403,2022-12-09 00:00:00,1,0,2024-07-20 20:57:12,0,2024-07-20 20:57:12,,,
2022-12-08,景德镇市,准一级焦,3000.00,出厂价,A13S0.7 CSR60MT5,404,2022-12-08 00:00:00,1,0,2024-07-20 20:57:12,0,2024-07-20 20:57:12,,,
2022-12-07,景德镇市,准一级焦,3000.00,出厂价,A13S0.7 CSR60MT5,405,2022-12-07 00:00:00,1,0,2024-07-20 20:57:12,0,2024-07-20 20:57:12,,,
2022-12-06,景德镇市,准一级焦,3000.00,出厂价,A13S0.7 CSR60MT5,406,2022-12-06 00:00:00,1,0,2024-07-20 20:57:12,0,2024-07-20 20:57:12,,,
2022-12-05,景德镇市,准一级焦,3000.00,出厂价,A13S0.7 CSR60MT5,407,2022-12-05 00:00:00,1,0,2024-07-20 20:57:12,0,2024-07-20 20:57:12,,,
2022-12-02,景德镇市,准一级焦,2890.00,出厂价,A13S0.7 CSR60MT5,408,2022-12-02 00:00:00,1,0,2024-07-20 20:57:12,0,2024-07-20 20:57:12,,,
2022-12-01,景德镇市,准一级焦,2890.00,出厂价,A13S0.7 CSR60MT5,409,2022-12-01 00:00:00,1,0,2024-07-20 20:57:12,0,2024-07-20 20:57:12,,,
2022-11-30,景德镇市,准一级焦,2890.00,出厂价,A13S0.7 CSR60MT5,410,2022-11-30 00:00:00,1,0,2024-07-20 20:57:12,0,2024-07-20 20:57:12,,,
2022-11-29,景德镇市,准一级焦,2890.00,出厂价,A13S0.7 CSR60MT5,411,2022-11-29 00:00:00,1,0,2024-07-20 20:57:12,0,2024-07-20 20:57:12,,,
2022-11-28,景德镇市,准一级焦,2890.00,出厂价,A13S0.7 CSR60MT5,412,2022-11-28 00:00:00,1,0,2024-07-20 20:57:12,0,2024-07-20 20:57:12,,,
2022-11-25,景德镇市,准一级焦,2890.00,出厂价,A13S0.7 CSR60MT5,413,2022-11-25 00:00:00,1,0,2024-07-20 20:57:12,0,2024-07-20 20:57:12,,,
2022-11-24,景德镇市,准一级焦,2890.00,出厂价,A13S0.7 CSR60MT5,414,2022-11-24 00:00:00,1,0,2024-07-20 20:57:12,0,2024-07-20 20:57:12,,,
2022-11-23,景德镇市,准一级焦,2890.00,出厂价,A13S0.7 CSR60MT5,415,2022-11-23 00:00:00,1,0,2024-07-20 20:57:12,0,2024-07-20 20:57:12,,,
2022-11-22,景德镇市,准一级焦,2890.00,出厂价,A13S0.7 CSR60MT5,416,2022-11-22 00:00:00,1,0,2024-07-20 20:57:12,0,2024-07-20 20:57:12,,,
2022-11-21,景德镇市,准一级焦,2890.00,出厂价,A13S0.7 CSR60MT5,417,2022-11-21 00:00:00,1,0,2024-07-20 20:57:12,0,2024-07-20 20:57:12,,,
2022-11-18,景德镇市,准一级焦,2890.00,出厂价,A13S0.7 CSR60MT5,418,2022-11-18 00:00:00,1,0,2024-07-20 20:57:12,0,2024-07-20 20:57:12,,,
2022-11-17,景德镇市,准一级焦,2890.00,出厂价,A13S0.7 CSR60MT5,419,2022-11-17 00:00:00,1,0,2024-07-20 20:57:12,0,2024-07-20 20:57:12,,,
2022-11-16,景德镇市,准一级焦,2890.00,出厂价,A13S0.7 CSR60MT5,420,2022-11-16 00:00:00,1,0,2024-07-20 20:57:12,0,2024-07-20 20:57:12,,,
2022-11-15,景德镇市,准一级焦,2890.00,出厂价,A13S0.7 CSR60MT5,421,2022-11-15 00:00:00,1,0,2024-07-20 20:57:16,0,2024-07-20 20:57:16,,,
2022-11-14,景德镇市,准一级焦,2890.00,出厂价,A13S0.7 CSR60MT5,422,2022-11-14 00:00:00,1,0,2024-07-20 20:57:16,0,2024-07-20 20:57:16,,,
2022-11-11,景德镇市,准一级焦,2890.00,出厂价,A13S0.7 CSR60MT5,423,2022-11-11 00:00:00,1,0,2024-07-20 20:57:16,0,2024-07-20 20:57:16,,,
2022-11-10,景德镇市,准一级焦,2890.00,出厂价,A13S0.7 CSR60MT5,424,2022-11-10 00:00:00,1,0,2024-07-20 20:57:16,0,2024-07-20 20:57:16,,,
2022-11-09,景德镇市,准一级焦,2890.00,出厂价,A13S0.7 CSR60MT5,425,2022-11-09 00:00:00,1,0,2024-07-20 20:57:16,0,2024-07-20 20:57:16,,,
2022-11-08,景德镇市,准一级焦,2890.00,出厂价,A13S0.7 CSR60MT5,426,2022-11-08 00:00:00,1,0,2024-07-20 20:57:16,0,2024-07-20 20:57:16,,,
2022-11-07,景德镇市,准一级焦,2890.00,出厂价,A13S0.7 CSR60MT5,427,2022-11-07 00:00:00,1,0,2024-07-20 20:57:16,0,2024-07-20 20:57:16,,,
2022-11-04,景德镇市,准一级焦,2890.00,出厂价,A13S0.7 CSR60MT5,428,2022-11-04 00:00:00,1,0,2024-07-20 20:57:16,0,2024-07-20 20:57:16,,,
2022-11-03,景德镇市,准一级焦,2890.00,出厂价,A13S0.7 CSR60MT5,429,2022-11-03 00:00:00,1,0,2024-07-20 20:57:16,0,2024-07-20 20:57:16,,,
2022-11-02,景德镇市,准一级焦,2890.00,出厂价,A13S0.7 CSR60MT5,430,2022-11-02 00:00:00,1,0,2024-07-20 20:57:16,0,2024-07-20 20:57:16,,,
2022-11-01,景德镇市,准一级焦,2890.00,出厂价,A13S0.7 CSR60MT5,431,2022-11-01 00:00:00,1,0,2024-07-20 20:57:16,0,2024-07-20 20:57:16,,,
2022-10-31,景德镇市,准一级焦,2890.00,出厂价,A13S0.7 CSR60MT5,432,2022-10-31 00:00:00,1,0,2024-07-20 20:57:16,0,2024-07-20 20:57:16,,,
2022-10-28,景德镇市,准一级焦,2890.00,出厂价,A13S0.7 CSR60MT5,433,2022-10-28 00:00:00,1,0,2024-07-20 20:57:16,0,2024-07-20 20:57:16,,,
2022-10-27,景德镇市,准一级焦,2890.00,出厂价,A13S0.7 CSR60MT5,434,2022-10-27 00:00:00,1,0,2024-07-20 20:57:16,0,2024-07-20 20:57:16,,,
2022-10-26,景德镇市,准一级焦,2890.00,出厂价,A13S0.7 CSR60MT5,435,2022-10-26 00:00:00,1,0,2024-07-20 20:57:16,0,2024-07-20 20:57:16,,,
2022-10-25,景德镇市,准一级焦,2890.00,出厂价,A13S0.7 CSR60MT5,436,2022-10-25 00:00:00,1,0,2024-07-20 20:57:16,0,2024-07-20 20:57:16,,,
2022-10-24,景德镇市,准一级焦,2890.00,出厂价,A13S0.7 CSR60MT5,437,2022-10-24 00:00:00,1,0,2024-07-20 20:57:16,0,2024-07-20 20:57:16,,,
2022-10-21,景德镇市,准一级焦,2890.00,出厂价,A13S0.7 CSR60MT5,438,2022-10-21 00:00:00,1,0,2024-07-20 20:57:16,0,2024-07-20 20:57:16,,,
2022-10-20,景德镇市,准一级焦,2890.00,出厂价,A13S0.7 CSR60MT5,439,2022-10-20 00:00:00,1,0,2024-07-20 20:57:16,0,2024-07-20 20:57:16,,,
2022-10-19,景德镇市,准一级焦,2890.00,出厂价,A13S0.7 CSR60MT5,440,2022-10-19 00:00:00,1,0,2024-07-20 20:57:16,0,2024-07-20 20:57:16,,,
2022-10-18,景德镇市,准一级焦,2890.00,出厂价,A13S0.7 CSR60MT5,441,2022-10-18 00:00:00,1,0,2024-07-20 20:57:16,0,2024-07-20 20:57:16,,,
2022-10-17,景德镇市,准一级焦,2890.00,出厂价,A13S0.7 CSR60MT5,442,2022-10-17 00:00:00,1,0,2024-07-20 20:57:16,0,2024-07-20 20:57:16,,,
2022-10-14,景德镇市,准一级焦,2890.00,出厂价,A13S0.7 CSR60MT5,443,2022-10-14 00:00:00,1,0,2024-07-20 20:57:16,0,2024-07-20 20:57:16,,,
2022-10-13,景德镇市,准一级焦,2890.00,出厂价,A13S0.7 CSR60MT5,444,2022-10-13 00:00:00,1,0,2024-07-20 20:57:16,0,2024-07-20 20:57:16,,,
2022-10-12,景德镇市,准一级焦,2890.00,出厂价,A13S0.7 CSR60MT5,445,2022-10-12 00:00:00,1,0,2024-07-20 20:57:16,0,2024-07-20 20:57:16,,,
2022-10-11,景德镇市,准一级焦,2890.00,出厂价,A13S0.7 CSR60MT5,446,2022-10-11 00:00:00,1,0,2024-07-20 20:57:16,0,2024-07-20 20:57:16,,,
2022-10-10,景德镇市,准一级焦,2890.00,出厂价,A13S0.7 CSR60MT5,447,2022-10-10 00:00:00,1,0,2024-07-20 20:57:16,0,2024-07-20 20:57:16,,,
2022-10-09,景德镇市,准一级焦,2890.00,出厂价,A13S0.7 CSR60MT5,448,2022-10-09 00:00:00,1,0,2024-07-20 20:57:16,0,2024-07-20 20:57:16,,,
2022-10-08,景德镇市,准一级焦,2890.00,出厂价,A13S0.7 CSR60MT5,449,2022-10-08 00:00:00,1,0,2024-07-20 20:57:16,0,2024-07-20 20:57:16,,,
2022-09-30,景德镇市,准一级焦,2790.00,出厂价,A13S0.7 CSR60MT5,450,2022-09-30 00:00:00,1,0,2024-07-20 20:57:16,0,2024-07-20 20:57:16,,,
2022-09-29,景德镇市,准一级焦,2790.00,出厂价,A13S0.7 CSR60MT5,451,2022-09-29 00:00:00,1,0,2024-07-20 20:57:19,0,2024-07-20 20:57:19,,,
2022-09-28,景德镇市,准一级焦,2790.00,出厂价,A13S0.7 CSR60MT5,452,2022-09-28 00:00:00,1,0,2024-07-20 20:57:19,0,2024-07-20 20:57:19,,,
2022-09-27,景德镇市,准一级焦,2790.00,出厂价,A13S0.7 CSR60MT5,453,2022-09-27 00:00:00,1,0,2024-07-20 20:57:19,0,2024-07-20 20:57:19,,,
2022-09-26,景德镇市,准一级焦,2790.00,出厂价,A13S0.7 CSR60MT5,454,2022-09-26 00:00:00,1,0,2024-07-20 20:57:19,0,2024-07-20 20:57:19,,,
2022-09-23,景德镇市,准一级焦,2790.00,出厂价,A13S0.7 CSR60MT5,455,2022-09-23 00:00:00,1,0,2024-07-20 20:57:19,0,2024-07-20 20:57:19,,,
2022-09-22,景德镇市,准一级焦,2790.00,出厂价,A13S0.7 CSR60MT5,456,2022-09-22 00:00:00,1,0,2024-07-20 20:57:19,0,2024-07-20 20:57:19,,,
2022-09-21,景德镇市,准一级焦,2790.00,出厂价,A13S0.7 CSR60MT5,457,2022-09-21 00:00:00,1,0,2024-07-20 20:57:19,0,2024-07-20 20:57:19,,,
2022-09-20,景德镇市,准一级焦,2790.00,出厂价,A13S0.7 CSR60MT5,458,2022-09-20 00:00:00,1,0,2024-07-20 20:57:19,0,2024-07-20 20:57:19,,,
2022-09-19,景德镇市,准一级焦,2790.00,出厂价,A13S0.7 CSR60MT5,459,2022-09-19 00:00:00,1,0,2024-07-20 20:57:19,0,2024-07-20 20:57:19,,,
2022-09-16,景德镇市,准一级焦,2790.00,出厂价,A13S0.7 CSR60MT5,460,2022-09-16 00:00:00,1,0,2024-07-20 20:57:19,0,2024-07-20 20:57:19,,,
2022-09-15,景德镇市,准一级焦,2790.00,出厂价,A13S0.7 CSR60MT5,461,2022-09-15 00:00:00,1,0,2024-07-20 20:57:19,0,2024-07-20 20:57:19,,,
2022-09-14,景德镇市,准一级焦,2790.00,出厂价,A13S0.7 CSR60MT5,462,2022-09-14 00:00:00,1,0,2024-07-20 20:57:19,0,2024-07-20 20:57:19,,,
2022-09-13,景德镇市,准一级焦,2790.00,出厂价,A13S0.7 CSR60MT5,463,2022-09-13 00:00:00,1,0,2024-07-20 20:57:19,0,2024-07-20 20:57:19,,,
2022-09-09,景德镇市,准一级焦,2790.00,出厂价,A13S0.7 CSR60MT5,464,2022-09-09 00:00:00,1,0,2024-07-20 20:57:19,0,2024-07-20 20:57:19,,,
2022-09-08,景德镇市,准一级焦,2790.00,出厂价,A13S0.7 CSR60MT5,465,2022-09-08 00:00:00,1,0,2024-07-20 20:57:19,0,2024-07-20 20:57:19,,,
2022-09-07,景德镇市,准一级焦,2790.00,出厂价,A13S0.7 CSR60MT5,466,2022-09-07 00:00:00,1,0,2024-07-20 20:57:19,0,2024-07-20 20:57:19,,,
2022-09-06,景德镇市,准一级焦,2790.00,出厂价,A13S0.7 CSR60MT5,467,2022-09-06 00:00:00,1,0,2024-07-20 20:57:19,0,2024-07-20 20:57:19,,,
2022-09-05,景德镇市,准一级焦,2790.00,出厂价,A13S0.7 CSR60MT5,468,2022-09-05 00:00:00,1,0,2024-07-20 20:57:19,0,2024-07-20 20:57:19,,,
2022-09-02,景德镇市,准一级焦,2690.00,出厂价,A13S0.7 CSR60MT5,469,2022-09-02 00:00:00,1,0,2024-07-20 20:57:19,0,2024-07-20 20:57:19,,,
2022-09-01,景德镇市,准一级焦,2690.00,出厂价,A13S0.7 CSR60MT5,470,2022-09-01 00:00:00,1,0,2024-07-20 20:57:19,0,2024-07-20 20:57:19,,,
2022-08-31,景德镇市,准一级焦,2690.00,出厂价,A13S0.7 CSR60MT5,471,2022-08-31 00:00:00,1,0,2024-07-20 20:57:19,0,2024-07-20 20:57:19,,,
2022-08-30,景德镇市,准一级焦,2690.00,出厂价,A13S0.7 CSR60MT5,472,2022-08-30 00:00:00,1,0,2024-07-20 20:57:19,0,2024-07-20 20:57:19,,,
2022-08-29,景德镇市,准一级焦,2690.00,出厂价,A13S0.7 CSR60MT5,473,2022-08-29 00:00:00,1,0,2024-07-20 20:57:19,0,2024-07-20 20:57:19,,,
2022-08-26,景德镇市,准一级焦,2690.00,出厂价,A13S0.7 CSR60MT5,474,2022-08-26 00:00:00,1,0,2024-07-20 20:57:19,0,2024-07-20 20:57:19,,,
2022-08-25,景德镇市,准一级焦,2690.00,出厂价,A13S0.7 CSR60MT5,475,2022-08-25 00:00:00,1,0,2024-07-20 20:57:19,0,2024-07-20 20:57:19,,,
2022-08-24,景德镇市,准一级焦,2690.00,出厂价,A13S0.7 CSR60MT5,476,2022-08-24 00:00:00,1,0,2024-07-20 20:57:19,0,2024-07-20 20:57:19,,,
2022-08-23,景德镇市,准一级焦,2690.00,出厂价,A13S0.7 CSR60MT5,477,2022-08-23 00:00:00,1,0,2024-07-20 20:57:19,0,2024-07-20 20:57:19,,,
2022-08-22,景德镇市,准一级焦,2690.00,出厂价,A13S0.7 CSR60MT5,478,2022-08-22 00:00:00,1,0,2024-07-20 20:57:19,0,2024-07-20 20:57:19,,,
2022-08-19,景德镇市,准一级焦,2690.00,出厂价,A13S0.7 CSR60MT5,479,2022-08-19 00:00:00,1,0,2024-07-20 20:57:19,0,2024-07-20 20:57:19,,,
2022-08-18,景德镇市,准一级焦,2690.00,出厂价,A13S0.7 CSR60MT5,480,2022-08-18 00:00:00,1,0,2024-07-20 20:57:19,0,2024-07-20 20:57:19,,,
2022-08-17,景德镇市,准一级焦,2690.00,出厂价,A13S0.7 CSR60MT5,481,2022-08-17 00:00:00,1,0,2024-07-20 20:57:22,0,2024-07-20 20:57:22,,,
2022-08-16,景德镇市,准一级焦,3690.00,出厂价,A13S0.7 CSR60MT5,482,2022-08-16 00:00:00,1,0,2024-07-20 20:57:22,0,2024-07-20 20:57:22,,,
2022-08-15,景德镇市,准一级焦,3690.00,出厂价,A13S0.7 CSR60MT5,483,2022-08-15 00:00:00,1,0,2024-07-20 20:57:22,0,2024-07-20 20:57:22,,,
2022-08-12,景德镇市,准一级焦,3690.00,出厂价,A13S0.7 CSR60MT5,484,2022-08-12 00:00:00,1,0,2024-07-20 20:57:22,0,2024-07-20 20:57:22,,,
2022-08-11,景德镇市,准一级焦,3690.00,出厂价,A13S0.7 CSR60MT5,485,2022-08-11 00:00:00,1,0,2024-07-20 20:57:22,0,2024-07-20 20:57:22,,,
2022-08-10,景德镇市,准一级焦,3690.00,出厂价,A13S0.7 CSR60MT5,486,2022-08-10 00:00:00,1,0,2024-07-20 20:57:22,0,2024-07-20 20:57:22,,,
2022-08-09,景德镇市,准一级焦,3350.00,出厂价,A13S0.7 CSR60MT5,487,2022-08-09 00:00:00,1,0,2024-07-20 20:57:22,0,2024-07-20 20:57:22,,,
2022-08-08,景德镇市,准一级焦,3350.00,出厂价,A13S0.7 CSR60MT5,488,2022-08-08 00:00:00,1,0,2024-07-20 20:57:22,0,2024-07-20 20:57:22,,,
2022-08-05,景德镇市,准一级焦,3350.00,出厂价,A13S0.7 CSR60MT5,489,2022-08-05 00:00:00,1,0,2024-07-20 20:57:22,0,2024-07-20 20:57:22,,,
2022-08-04,景德镇市,准一级焦,3350.00,出厂价,A13S0.7 CSR60MT5,490,2022-08-04 00:00:00,1,0,2024-07-20 20:57:22,0,2024-07-20 20:57:22,,,
2022-08-03,景德镇市,准一级焦,3350.00,出厂价,A13S0.7 CSR60MT5,491,2022-08-03 00:00:00,1,0,2024-07-20 20:57:22,0,2024-07-20 20:57:22,,,
2022-08-02,景德镇市,准一级焦,3350.00,出厂价,A13S0.7 CSR60MT5,492,2022-08-02 00:00:00,1,0,2024-07-20 20:57:22,0,2024-07-20 20:57:22,,,
2022-08-01,景德镇市,准一级焦,3350.00,出厂价,A13S0.7 CSR60MT5,493,2022-08-01 00:00:00,1,0,2024-07-20 20:57:22,0,2024-07-20 20:57:22,,,
2022-07-29,景德镇市,准一级焦,3350.00,出厂价,A13S0.7 CSR60MT5,494,2022-07-29 00:00:00,1,0,2024-07-20 20:57:22,0,2024-07-20 20:57:22,,,
2022-07-28,景德镇市,准一级焦,3490.00,出厂价,A13S0.7 CSR60MT5,495,2022-07-28 00:00:00,1,0,2024-07-20 20:57:22,0,2024-07-20 20:57:22,,,
2022-07-27,景德镇市,准一级焦,3490.00,出厂价,A13S0.7 CSR60MT5,496,2022-07-27 00:00:00,1,0,2024-07-20 20:57:22,0,2024-07-20 20:57:22,,,
2022-07-26,景德镇市,准一级焦,3490.00,出厂价,A13S0.7 CSR60MT5,497,2022-07-26 00:00:00,1,0,2024-07-20 20:57:22,0,2024-07-20 20:57:22,,,
2022-07-25,景德镇市,准一级焦,3490.00,出厂价,A13S0.7 CSR60MT5,498,2022-07-25 00:00:00,1,0,2024-07-20 20:57:22,0,2024-07-20 20:57:22,,,
2022-07-22,景德镇市,准一级焦,3490.00,出厂价,A13S0.7 CSR60MT5,499,2022-07-22 00:00:00,1,0,2024-07-20 20:57:22,0,2024-07-20 20:57:22,,,
2022-07-21,景德镇市,准一级焦,3490.00,出厂价,A13S0.7 CSR60MT5,500,2022-07-21 00:00:00,1,0,2024-07-20 20:57:22,0,2024-07-20 20:57:22,,,
2022-07-20,景德镇市,准一级焦,3490.00,出厂价,A13S0.7 CSR60MT5,501,2022-07-20 00:00:00,1,0,2024-07-20 20:57:22,0,2024-07-20 20:57:22,,,
2022-07-19,景德镇市,准一级焦,3490.00,出厂价,A13S0.7 CSR60MT5,502,2022-07-19 00:00:00,1,0,2024-07-20 20:57:22,0,2024-07-20 20:57:22,,,
2022-07-18,景德镇市,准一级焦,3490.00,出厂价,A13S0.7 CSR60MT5,503,2022-07-18 00:00:00,1,0,2024-07-20 20:57:22,0,2024-07-20 20:57:22,,,
2022-07-15,景德镇市,准一级焦,3490.00,出厂价,A13S0.7 CSR60MT5,504,2022-07-15 00:00:00,1,0,2024-07-20 20:57:22,0,2024-07-20 20:57:22,,,
2022-07-14,景德镇市,准一级焦,3490.00,出厂价,A13S0.7 CSR60MT5,505,2022-07-14 00:00:00,1,0,2024-07-20 20:57:22,0,2024-07-20 20:57:22,,,
2022-07-13,景德镇市,准一级焦,3490.00,出厂价,A13S0.7 CSR60MT5,506,2022-07-13 00:00:00,1,0,2024-07-20 20:57:22,0,2024-07-20 20:57:22,,,
2022-07-12,景德镇市,准一级焦,3490.00,出厂价,A13S0.7 CSR60MT5,507,2022-07-12 00:00:00,1,0,2024-07-20 20:57:22,0,2024-07-20 20:57:22,,,
2022-07-11,景德镇市,准一级焦,3490.00,出厂价,A13S0.7 CSR60MT5,508,2022-07-11 00:00:00,1,0,2024-07-20 20:57:22,0,2024-07-20 20:57:22,,,
2022-07-08,景德镇市,准一级焦,3490.00,出厂价,A13S0.7 CSR60MT5,509,2022-07-08 00:00:00,1,0,2024-07-20 20:57:22,0,2024-07-20 20:57:22,,,
2022-07-07,景德镇市,准一级焦,3490.00,出厂价,A13S0.7 CSR60MT5,510,2022-07-07 00:00:00,1,0,2024-07-20 20:57:22,0,2024-07-20 20:57:22,,,
2022-07-06,景德镇市,准一级焦,3490.00,出厂价,A13S0.7 CSR60MT5,511,2022-07-06 00:00:00,1,0,2024-07-20 20:57:25,0,2024-07-20 20:57:25,,,
2022-07-05,景德镇市,准一级焦,3150.00,出厂价,A13S0.7 CSR60,512,2022-07-05 00:00:00,1,0,2024-07-20 20:57:25,0,2024-07-20 20:57:25,,,
2022-07-05,萍乡市,准一级焦,3150.00,出厂价,A13S0.7CSR60,513,2022-07-05 00:00:00,1,0,2024-07-20 20:57:25,0,2024-07-20 20:57:25,,,
2022-07-04,景德镇市,准一级焦,3150.00,出厂价,A13S0.7 CSR60,514,2022-07-04 00:00:00,1,0,2024-07-20 20:57:25,0,2024-07-20 20:57:25,,,
2022-07-04,萍乡市,准一级焦,3150.00,出厂价,A13S0.7CSR60,515,2022-07-04 00:00:00,1,0,2024-07-20 20:57:25,0,2024-07-20 20:57:25,,,
2022-07-01,景德镇市,准一级焦,3150.00,出厂价,A13S0.7 CSR60,516,2022-07-01 00:00:00,1,0,2024-07-20 20:57:25,0,2024-07-20 20:57:25,,,
2022-07-01,萍乡市,准一级焦,3150.00,出厂价,A13S0.7CSR60,517,2022-07-01 00:00:00,1,0,2024-07-20 20:57:25,0,2024-07-20 20:57:25,,,
2022-06-30,景德镇市,准一级焦,3150.00,出厂价,A13S0.7 CSR60,518,2022-06-30 00:00:00,1,0,2024-07-20 20:57:25,0,2024-07-20 20:57:25,,,
2022-06-30,萍乡市,准一级焦,3150.00,出厂价,A13S0.7CSR60,519,2022-06-30 00:00:00,1,0,2024-07-20 20:57:25,0,2024-07-20 20:57:25,,,
2022-06-29,萍乡市,准一级焦,3150.00,出厂价,A13S0.7CSR60,520,2022-06-29 00:00:00,1,0,2024-07-20 20:57:25,0,2024-07-20 20:57:25,,,
2022-06-29,景德镇市,准一级焦,3150.00,出厂价,A13S0.7 CSR60,521,2022-06-29 00:00:00,1,0,2024-07-20 20:57:25,0,2024-07-20 20:57:25,,,
2022-06-28,萍乡市,准一级焦,3150.00,出厂价,A13S0.7CSR60,522,2022-06-28 00:00:00,1,0,2024-07-20 20:57:25,0,2024-07-20 20:57:25,,,
2022-06-28,景德镇市,准一级焦,3150.00,出厂价,A13S0.7 CSR60,523,2022-06-28 00:00:00,1,0,2024-07-20 20:57:25,0,2024-07-20 20:57:25,,,
2022-06-27,景德镇市,准一级焦,3150.00,出厂价,A13S0.7 CSR60,524,2022-06-27 00:00:00,1,0,2024-07-20 20:57:25,0,2024-07-20 20:57:25,,,
2022-06-27,萍乡市,准一级焦,3150.00,出厂价,A13S0.7CSR60,525,2022-06-27 00:00:00,1,0,2024-07-20 20:57:25,0,2024-07-20 20:57:25,,,
2022-06-24,景德镇市,准一级焦,3150.00,出厂价,A13S0.7 CSR60,526,2022-06-24 00:00:00,1,0,2024-07-20 20:57:25,0,2024-07-20 20:57:25,,,
2022-06-24,萍乡市,准一级焦,3150.00,出厂价,A13S0.7CSR60,527,2022-06-24 00:00:00,1,0,2024-07-20 20:57:25,0,2024-07-20 20:57:25,,,
2022-06-23,景德镇市,准一级焦,3150.00,出厂价,A13S0.7 CSR60,528,2022-06-23 00:00:00,1,0,2024-07-20 20:57:25,0,2024-07-20 20:57:25,,,
2022-06-23,萍乡市,准一级焦,3150.00,出厂价,A13S0.7CSR60,529,2022-06-23 00:00:00,1,0,2024-07-20 20:57:25,0,2024-07-20 20:57:25,,,
2022-06-22,景德镇市,准一级焦,3150.00,出厂价,A13S0.7 CSR60,530,2022-06-22 00:00:00,1,0,2024-07-20 20:57:25,0,2024-07-20 20:57:25,,,
2022-06-22,萍乡市,准一级焦,3150.00,出厂价,A13S0.7CSR60,531,2022-06-22 00:00:00,1,0,2024-07-20 20:57:25,0,2024-07-20 20:57:25,,,
2022-06-21,景德镇市,准一级焦,3150.00,出厂价,A13S0.7 CSR60,532,2022-06-21 00:00:00,1,0,2024-07-20 20:57:25,0,2024-07-20 20:57:25,,,
2022-06-21,萍乡市,准一级焦,3150.00,出厂价,A13S0.7CSR60,533,2022-06-21 00:00:00,1,0,2024-07-20 20:57:25,0,2024-07-20 20:57:25,,,
2022-06-20,景德镇市,准一级焦,3450.00,出厂价,A13S0.7 CSR60,534,2022-06-20 00:00:00,1,0,2024-07-20 20:57:25,0,2024-07-20 20:57:25,,,
2022-06-20,萍乡市,准一级焦,3450.00,出厂价,A13S0.7CSR60,535,2022-06-20 00:00:00,1,0,2024-07-20 20:57:25,0,2024-07-20 20:57:25,,,
2022-06-17,景德镇市,准一级焦,3450.00,出厂价,A13S0.7 CSR60,536,2022-06-17 00:00:00,1,0,2024-07-20 20:57:25,0,2024-07-20 20:57:25,,,
2022-06-17,萍乡市,准一级焦,3450.00,出厂价,A13S0.7CSR60,537,2022-06-17 00:00:00,1,0,2024-07-20 20:57:25,0,2024-07-20 20:57:25,,,
2022-06-16,景德镇市,准一级焦,3450.00,出厂价,A13S0.7 CSR60,538,2022-06-16 00:00:00,1,0,2024-07-20 20:57:25,0,2024-07-20 20:57:25,,,
2022-06-16,萍乡市,准一级焦,3450.00,出厂价,A13S0.7CSR60,539,2022-06-16 00:00:00,1,0,2024-07-20 20:57:25,0,2024-07-20 20:57:25,,,
2022-06-15,景德镇市,准一级焦,3450.00,出厂价,A13S0.7 CSR60,540,2022-06-15 00:00:00,1,0,2024-07-20 20:57:25,0,2024-07-20 20:57:25,,,
2022-06-15,萍乡市,准一级焦,3450.00,出厂价,A13S0.7CSR60,541,2022-06-15 00:00:00,1,0,2024-07-20 20:57:28,0,2024-07-20 20:57:28,,,
2022-06-14,景德镇市,准一级焦,3250.00,出厂价,A13S0.7 CSR60,542,2022-06-14 00:00:00,1,0,2024-07-20 20:57:28,0,2024-07-20 20:57:28,,,
2022-06-14,萍乡市,准一级焦,3250.00,出厂价,A13S0.7CSR60,543,2022-06-14 00:00:00,1,0,2024-07-20 20:57:28,0,2024-07-20 20:57:28,,,
2022-06-13,景德镇市,准一级焦,3250.00,出厂价,A13S0.7 CSR60,544,2022-06-13 00:00:00,1,0,2024-07-20 20:57:28,0,2024-07-20 20:57:28,,,
2022-06-13,萍乡市,准一级焦,3250.00,出厂价,A13S0.7CSR60,545,2022-06-13 00:00:00,1,0,2024-07-20 20:57:28,0,2024-07-20 20:57:28,,,
2022-06-10,景德镇市,准一级焦,3250.00,出厂价,A13S0.7 CSR60,546,2022-06-10 00:00:00,1,0,2024-07-20 20:57:28,0,2024-07-20 20:57:28,,,
2022-06-10,萍乡市,准一级焦,3250.00,出厂价,A13S0.7CSR60,547,2022-06-10 00:00:00,1,0,2024-07-20 20:57:28,0,2024-07-20 20:57:28,,,
2022-06-09,景德镇市,准一级焦,3150.00,出厂价,A13S0.7 CSR60,548,2022-06-09 00:00:00,1,0,2024-07-20 20:57:28,0,2024-07-20 20:57:28,,,
2022-06-09,萍乡市,准一级焦,3150.00,出厂价,A13S0.7CSR60,549,2022-06-09 00:00:00,1,0,2024-07-20 20:57:28,0,2024-07-20 20:57:28,,,
2022-06-08,景德镇市,准一级焦,3150.00,出厂价,A13S0.7 CSR60,550,2022-06-08 00:00:00,1,0,2024-07-20 20:57:28,0,2024-07-20 20:57:28,,,
2022-06-08,萍乡市,准一级焦,3150.00,出厂价,A13S0.7CSR60,551,2022-06-08 00:00:00,1,0,2024-07-20 20:57:28,0,2024-07-20 20:57:28,,,
2022-06-07,景德镇市,准一级焦,3150.00,出厂价,A13S0.7 CSR60,552,2022-06-07 00:00:00,1,0,2024-07-20 20:57:28,0,2024-07-20 20:57:28,,,
2022-06-07,萍乡市,准一级焦,3150.00,出厂价,A13S0.7CSR60,553,2022-06-07 00:00:00,1,0,2024-07-20 20:57:28,0,2024-07-20 20:57:28,,,
2022-06-06,景德镇市,准一级焦,3150.00,出厂价,A13S0.7 CSR60,554,2022-06-06 00:00:00,1,0,2024-07-20 20:57:28,0,2024-07-20 20:57:28,,,
2022-06-06,萍乡市,准一级焦,3150.00,出厂价,A13S0.7CSR60,555,2022-06-06 00:00:00,1,0,2024-07-20 20:57:28,0,2024-07-20 20:57:28,,,
2022-06-02,萍乡市,准一级焦,3150.00,出厂价,A13S0.7CSR60,556,2022-06-02 00:00:00,1,0,2024-07-20 20:57:28,0,2024-07-20 20:57:28,,,
2022-06-02,景德镇市,准一级焦,3150.00,出厂价,A13S0.7 CSR60,557,2022-06-02 00:00:00,1,0,2024-07-20 20:57:28,0,2024-07-20 20:57:28,,,
2022-06-01,萍乡市,准一级焦,3150.00,出厂价,A13S0.7CSR60,558,2022-06-01 00:00:00,1,0,2024-07-20 20:57:28,0,2024-07-20 20:57:28,,,
2022-06-01,景德镇市,准一级焦,3150.00,出厂价,A13S0.7 CSR60,559,2022-06-01 00:00:00,1,0,2024-07-20 20:57:28,0,2024-07-20 20:57:28,,,
2022-05-31,景德镇市,准一级焦,3150.00,出厂价,A13S0.7 CSR60,560,2022-05-31 00:00:00,1,0,2024-07-20 20:57:28,0,2024-07-20 20:57:28,,,
2022-05-31,萍乡市,准一级焦,3150.00,出厂价,A13S0.7CSR60,561,2022-05-31 00:00:00,1,0,2024-07-20 20:57:28,0,2024-07-20 20:57:28,,,
2022-05-30,景德镇市,准一级焦,3150.00,出厂价,A13S0.7 CSR60,562,2022-05-30 00:00:00,1,0,2024-07-20 20:57:28,0,2024-07-20 20:57:28,,,
2022-05-30,萍乡市,准一级焦,3150.00,出厂价,A13S0.7CSR60,563,2022-05-30 00:00:00,1,0,2024-07-20 20:57:28,0,2024-07-20 20:57:28,,,
2022-05-27,景德镇市,准一级焦,3150.00,出厂价,A13S0.7 CSR60,564,2022-05-27 00:00:00,1,0,2024-07-20 20:57:28,0,2024-07-20 20:57:28,,,
2022-05-27,萍乡市,准一级焦,3150.00,出厂价,A13S0.7CSR60,565,2022-05-27 00:00:00,1,0,2024-07-20 20:57:28,0,2024-07-20 20:57:28,,,
2022-05-26,景德镇市,准一级焦,3350.00,出厂价,A13S0.7 CSR60,566,2022-05-26 00:00:00,1,0,2024-07-20 20:57:28,0,2024-07-20 20:57:28,,,
2022-05-26,萍乡市,准一级焦,3350.00,出厂价,A13S0.7CSR60,567,2022-05-26 00:00:00,1,0,2024-07-20 20:57:28,0,2024-07-20 20:57:28,,,
2022-05-25,景德镇市,准一级焦,3350.00,出厂价,A13S0.7 CSR60,568,2022-05-25 00:00:00,1,0,2024-07-20 20:57:28,0,2024-07-20 20:57:28,,,
2022-05-25,萍乡市,准一级焦,3350.00,出厂价,A13S0.7CSR60,569,2022-05-25 00:00:00,1,0,2024-07-20 20:57:28,0,2024-07-20 20:57:28,,,
2022-05-24,景德镇市,准一级焦,3350.00,出厂价,A13S0.7 CSR60,570,2022-05-24 00:00:00,1,0,2024-07-20 20:57:28,0,2024-07-20 20:57:28,,,
2022-05-24,萍乡市,准一级焦,3350.00,出厂价,A13S0.7CSR60,571,2022-05-24 00:00:00,1,0,2024-07-20 20:57:31,0,2024-07-20 20:57:31,,,
2022-05-23,景德镇市,准一级焦,3350.00,出厂价,A13S0.7 CSR60,572,2022-05-23 00:00:00,1,0,2024-07-20 20:57:31,0,2024-07-20 20:57:31,,,
2022-05-23,萍乡市,准一级焦,3350.00,出厂价,A13S0.7CSR60,573,2022-05-23 00:00:00,1,0,2024-07-20 20:57:31,0,2024-07-20 20:57:31,,,
2022-05-20,景德镇市,准一级焦,3350.00,出厂价,A13S0.7 CSR60,574,2022-05-20 00:00:00,1,0,2024-07-20 20:57:31,0,2024-07-20 20:57:31,,,
2022-05-20,萍乡市,准一级焦,3350.00,出厂价,A13S0.7CSR60,575,2022-05-20 00:00:00,1,0,2024-07-20 20:57:31,0,2024-07-20 20:57:31,,,
2022-05-19,景德镇市,准一级焦,3350.00,出厂价,A13S0.7 CSR60,576,2022-05-19 00:00:00,1,0,2024-07-20 20:57:31,0,2024-07-20 20:57:31,,,
2022-05-19,萍乡市,准一级焦,3350.00,出厂价,A13S0.7CSR60,577,2022-05-19 00:00:00,1,0,2024-07-20 20:57:31,0,2024-07-20 20:57:31,,,
2022-05-18,景德镇市,准一级焦,3350.00,出厂价,A13S0.7 CSR60,578,2022-05-18 00:00:00,1,0,2024-07-20 20:57:31,0,2024-07-20 20:57:31,,,
2022-05-18,萍乡市,准一级焦,3350.00,出厂价,A13S0.7CSR60,579,2022-05-18 00:00:00,1,0,2024-07-20 20:57:31,0,2024-07-20 20:57:31,,,
2022-05-17,景德镇市,准一级焦,3550.00,出厂价,A13S0.7 CSR60,580,2022-05-17 00:00:00,1,0,2024-07-20 20:57:31,0,2024-07-20 20:57:31,,,
2022-05-17,萍乡市,准一级焦,3550.00,出厂价,A13S0.7CSR60,581,2022-05-17 00:00:00,1,0,2024-07-20 20:57:31,0,2024-07-20 20:57:31,,,
2022-05-16,景德镇市,准一级焦,3550.00,出厂价,A13S0.7 CSR60,582,2022-05-16 00:00:00,1,0,2024-07-20 20:57:31,0,2024-07-20 20:57:31,,,
2022-05-16,萍乡市,准一级焦,3550.00,出厂价,A13S0.7CSR60,583,2022-05-16 00:00:00,1,0,2024-07-20 20:57:31,0,2024-07-20 20:57:31,,,
2022-05-13,景德镇市,准一级焦,3550.00,出厂价,A13S0.7 CSR60,584,2022-05-13 00:00:00,1,0,2024-07-20 20:57:31,0,2024-07-20 20:57:31,,,
2022-05-13,萍乡市,准一级焦,3550.00,出厂价,A13S0.7CSR60,585,2022-05-13 00:00:00,1,0,2024-07-20 20:57:31,0,2024-07-20 20:57:31,,,
2022-05-12,景德镇市,准一级焦,3550.00,出厂价,A13S0.7 CSR60,586,2022-05-12 00:00:00,1,0,2024-07-20 20:57:31,0,2024-07-20 20:57:31,,,
2022-05-12,萍乡市,准一级焦,3550.00,出厂价,A13S0.7CSR60,587,2022-05-12 00:00:00,1,0,2024-07-20 20:57:31,0,2024-07-20 20:57:31,,,
2022-05-11,景德镇市,准一级焦,3750.00,出厂价,A13S0.7 CSR60,588,2022-05-11 00:00:00,1,0,2024-07-20 20:57:31,0,2024-07-20 20:57:31,,,
2022-05-11,萍乡市,准一级焦,3750.00,出厂价,A13S0.7CSR60,589,2022-05-11 00:00:00,1,0,2024-07-20 20:57:31,0,2024-07-20 20:57:31,,,
2022-05-10,景德镇市,准一级焦,3750.00,出厂价,A13S0.7 CSR60,590,2022-05-10 00:00:00,1,0,2024-07-20 20:57:31,0,2024-07-20 20:57:31,,,
2022-05-10,萍乡市,准一级焦,3750.00,出厂价,A13S0.7CSR60,591,2022-05-10 00:00:00,1,0,2024-07-20 20:57:31,0,2024-07-20 20:57:31,,,
2022-05-09,景德镇市,准一级焦,3750.00,出厂价,A13S0.7 CSR60,592,2022-05-09 00:00:00,1,0,2024-07-20 20:57:31,0,2024-07-20 20:57:31,,,
2022-05-09,萍乡市,准一级焦,3750.00,出厂价,A13S0.7CSR60,593,2022-05-09 00:00:00,1,0,2024-07-20 20:57:31,0,2024-07-20 20:57:31,,,
2022-05-07,景德镇市,准一级焦,3950.00,出厂价,A13S0.7 CSR60,594,2022-05-07 00:00:00,1,0,2024-07-20 20:57:31,0,2024-07-20 20:57:31,,,
2022-05-07,萍乡市,准一级焦,3950.00,出厂价,A13S0.7CSR60,595,2022-05-07 00:00:00,1,0,2024-07-20 20:57:31,0,2024-07-20 20:57:31,,,
2022-05-06,景德镇市,准一级焦,3950.00,出厂价,A13S0.7 CSR60,596,2022-05-06 00:00:00,1,0,2024-07-20 20:57:31,0,2024-07-20 20:57:31,,,
2022-05-06,萍乡市,准一级焦,3950.00,出厂价,A13S0.7CSR60,597,2022-05-06 00:00:00,1,0,2024-07-20 20:57:31,0,2024-07-20 20:57:31,,,
2022-05-05,景德镇市,准一级焦,3950.00,出厂价,A13S0.7 CSR60,598,2022-05-05 00:00:00,1,0,2024-07-20 20:57:31,0,2024-07-20 20:57:31,,,
2022-05-05,萍乡市,准一级焦,3950.00,出厂价,A13S0.7CSR60,599,2022-05-05 00:00:00,1,0,2024-07-20 20:57:31,0,2024-07-20 20:57:31,,,
2022-04-29,景德镇市,准一级焦,3950.00,出厂价,A13S0.7 CSR60,600,2022-04-29 00:00:00,1,0,2024-07-20 20:57:31,0,2024-07-20 20:57:31,,,
2022-04-29,萍乡市,准一级焦,3950.00,出厂价,A13S0.7CSR60,601,2022-04-29 00:00:00,1,0,2024-07-20 20:57:34,0,2024-07-20 20:57:34,,,
2022-04-28,景德镇市,准一级焦,3950.00,出厂价,A13S0.7 CSR60,602,2022-04-28 00:00:00,1,0,2024-07-20 20:57:34,0,2024-07-20 20:57:34,,,
2022-04-28,萍乡市,准一级焦,3950.00,出厂价,A13S0.7CSR60,603,2022-04-28 00:00:00,1,0,2024-07-20 20:57:34,0,2024-07-20 20:57:34,,,
2022-04-27,景德镇市,准一级焦,3950.00,出厂价,A13S0.7 CSR60,604,2022-04-27 00:00:00,1,0,2024-07-20 20:57:34,0,2024-07-20 20:57:34,,,
2022-04-27,萍乡市,准一级焦,3950.00,出厂价,A13S0.7CSR60,605,2022-04-27 00:00:00,1,0,2024-07-20 20:57:34,0,2024-07-20 20:57:34,,,
2022-04-26,景德镇市,准一级焦,3950.00,出厂价,A13S0.7 CSR60,606,2022-04-26 00:00:00,1,0,2024-07-20 20:57:34,0,2024-07-20 20:57:34,,,
2022-04-26,萍乡市,准一级焦,3950.00,出厂价,A13S0.7CSR60,607,2022-04-26 00:00:00,1,0,2024-07-20 20:57:34,0,2024-07-20 20:57:34,,,
2022-04-25,景德镇市,准一级焦,3950.00,出厂价,A13S0.7 CSR60,608,2022-04-25 00:00:00,1,0,2024-07-20 20:57:34,0,2024-07-20 20:57:34,,,
2022-04-25,萍乡市,准一级焦,3950.00,出厂价,A13S0.7CSR60,609,2022-04-25 00:00:00,1,0,2024-07-20 20:57:34,0,2024-07-20 20:57:34,,,
2022-04-24,景德镇市,准一级焦,3950.00,出厂价,A13S0.7 CSR60,610,2022-04-24 00:00:00,1,0,2024-07-20 20:57:34,0,2024-07-20 20:57:34,,,
2022-04-24,萍乡市,准一级焦,3950.00,出厂价,A13S0.7CSR60,611,2022-04-24 00:00:00,1,0,2024-07-20 20:57:34,0,2024-07-20 20:57:34,,,
2022-04-22,景德镇市,准一级焦,3950.00,出厂价,A13S0.7 CSR60,612,2022-04-22 00:00:00,1,0,2024-07-20 20:57:34,0,2024-07-20 20:57:34,,,
2022-04-22,萍乡市,准一级焦,3950.00,出厂价,A13S0.7CSR60,613,2022-04-22 00:00:00,1,0,2024-07-20 20:57:34,0,2024-07-20 20:57:34,,,
2022-04-21,景德镇市,准一级焦,3950.00,出厂价,A13S0.7 CSR60,614,2022-04-21 00:00:00,1,0,2024-07-20 20:57:34,0,2024-07-20 20:57:34,,,
2022-04-21,萍乡市,准一级焦,3950.00,出厂价,A13S0.7CSR60,615,2022-04-21 00:00:00,1,0,2024-07-20 20:57:34,0,2024-07-20 20:57:34,,,
2022-04-20,景德镇市,准一级焦,3750.00,出厂价,A13S0.7 CSR60,616,2022-04-20 00:00:00,1,0,2024-07-20 20:57:34,0,2024-07-20 20:57:34,,,
2022-04-20,萍乡市,准一级焦,3750.00,出厂价,A13S0.7CSR60,617,2022-04-20 00:00:00,1,0,2024-07-20 20:57:34,0,2024-07-20 20:57:34,,,
2022-04-19,景德镇市,准一级焦,3750.00,出厂价,A13S0.7 CSR60,618,2022-04-19 00:00:00,1,0,2024-07-20 20:57:34,0,2024-07-20 20:57:34,,,
2022-04-19,萍乡市,准一级焦,3750.00,出厂价,A13S0.7CSR60,619,2022-04-19 00:00:00,1,0,2024-07-20 20:57:34,0,2024-07-20 20:57:34,,,
2022-04-18,景德镇市,准一级焦,3750.00,出厂价,A13S0.7 CSR60,620,2022-04-18 00:00:00,1,0,2024-07-20 20:57:34,0,2024-07-20 20:57:34,,,
2022-04-18,萍乡市,准一级焦,3750.00,出厂价,A13S0.7CSR60,621,2022-04-18 00:00:00,1,0,2024-07-20 20:57:34,0,2024-07-20 20:57:34,,,
2022-04-15,景德镇市,准一级焦,3750.00,出厂价,A13S0.7 CSR60,622,2022-04-15 00:00:00,1,0,2024-07-20 20:57:34,0,2024-07-20 20:57:34,,,
2022-04-15,萍乡市,准一级焦,3750.00,出厂价,A13S0.7CSR60,623,2022-04-15 00:00:00,1,0,2024-07-20 20:57:34,0,2024-07-20 20:57:34,,,
2022-04-14,景德镇市,准一级焦,3750.00,出厂价,A13S0.7 CSR60,624,2022-04-14 00:00:00,1,0,2024-07-20 20:57:34,0,2024-07-20 20:57:34,,,
2022-04-14,萍乡市,准一级焦,3750.00,出厂价,A13S0.7CSR60,625,2022-04-14 00:00:00,1,0,2024-07-20 20:57:34,0,2024-07-20 20:57:34,,,
2022-04-13,景德镇市,准一级焦,3750.00,出厂价,A13S0.7 CSR60,626,2022-04-13 00:00:00,1,0,2024-07-20 20:57:34,0,2024-07-20 20:57:34,,,
2022-04-13,萍乡市,准一级焦,3750.00,出厂价,A13S0.7CSR60,627,2022-04-13 00:00:00,1,0,2024-07-20 20:57:34,0,2024-07-20 20:57:34,,,
2022-04-12,景德镇市,准一级焦,3750.00,出厂价,A13S0.7 CSR60,628,2022-04-12 00:00:00,1,0,2024-07-20 20:57:34,0,2024-07-20 20:57:34,,,
2022-04-12,萍乡市,准一级焦,3750.00,出厂价,A13S0.7CSR60,629,2022-04-12 00:00:00,1,0,2024-07-20 20:57:34,0,2024-07-20 20:57:34,,,
2022-04-11,景德镇市,准一级焦,3750.00,出厂价,A13S0.7 CSR60,630,2022-04-11 00:00:00,1,0,2024-07-20 20:57:34,0,2024-07-20 20:57:34,,,
2022-04-11,萍乡市,准一级焦,3750.00,出厂价,A13S0.7CSR60,631,2022-04-11 00:00:00,1,0,2024-07-20 20:57:38,0,2024-07-20 20:57:38,,,
2022-04-08,景德镇市,准一级焦,3550.00,出厂价,A13S0.7 CSR60,632,2022-04-08 00:00:00,1,0,2024-07-20 20:57:38,0,2024-07-20 20:57:38,,,
2022-04-08,萍乡市,准一级焦,3550.00,出厂价,A13S0.7CSR60,633,2022-04-08 00:00:00,1,0,2024-07-20 20:57:38,0,2024-07-20 20:57:38,,,
2022-04-07,景德镇市,准一级焦,3550.00,出厂价,A13S0.7 CSR60,634,2022-04-07 00:00:00,1,0,2024-07-20 20:57:38,0,2024-07-20 20:57:38,,,
2022-04-07,萍乡市,准一级焦,3550.00,出厂价,A13S0.7CSR60,635,2022-04-07 00:00:00,1,0,2024-07-20 20:57:38,0,2024-07-20 20:57:38,,,
2022-04-06,景德镇市,准一级焦,3550.00,出厂价,A13S0.7 CSR60,636,2022-04-06 00:00:00,1,0,2024-07-20 20:57:38,0,2024-07-20 20:57:38,,,
2022-04-06,萍乡市,准一级焦,3550.00,出厂价,A13S0.7CSR60,637,2022-04-06 00:00:00,1,0,2024-07-20 20:57:38,0,2024-07-20 20:57:38,,,
2022-04-02,景德镇市,准一级焦,3550.00,出厂价,A13S0.7 CSR60,638,2022-04-02 00:00:00,1,0,2024-07-20 20:57:38,0,2024-07-20 20:57:38,,,
2022-04-02,萍乡市,准一级焦,3550.00,出厂价,A13S0.7CSR60,639,2022-04-02 00:00:00,1,0,2024-07-20 20:57:38,0,2024-07-20 20:57:38,,,
2022-04-01,景德镇市,准一级焦,3550.00,出厂价,A13S0.7 CSR60,640,2022-04-01 00:00:00,1,0,2024-07-20 20:57:38,0,2024-07-20 20:57:38,,,
2022-04-01,萍乡市,准一级焦,3550.00,出厂价,A13S0.7CSR60,641,2022-04-01 00:00:00,1,0,2024-07-20 20:57:38,0,2024-07-20 20:57:38,,,
2022-03-31,景德镇市,准一级焦,3550.00,出厂价,A13S0.7 CSR60,642,2022-03-31 00:00:00,1,0,2024-07-20 20:57:38,0,2024-07-20 20:57:38,,,
2022-03-31,萍乡市,准一级焦,3550.00,出厂价,A13S0.7CSR60,643,2022-03-31 00:00:00,1,0,2024-07-20 20:57:38,0,2024-07-20 20:57:38,,,
2022-03-30,景德镇市,准一级焦,3550.00,出厂价,A13S0.7 CSR60,644,2022-03-30 00:00:00,1,0,2024-07-20 20:57:38,0,2024-07-20 20:57:38,,,
2022-03-30,萍乡市,准一级焦,3550.00,出厂价,A13S0.7CSR60,645,2022-03-30 00:00:00,1,0,2024-07-20 20:57:38,0,2024-07-20 20:57:38,,,
2022-03-29,景德镇市,准一级焦,3550.00,出厂价,A13S0.7 CSR60,646,2022-03-29 00:00:00,1,0,2024-07-20 20:57:38,0,2024-07-20 20:57:38,,,
2022-03-29,萍乡市,准一级焦,3550.00,出厂价,A13S0.7CSR60,647,2022-03-29 00:00:00,1,0,2024-07-20 20:57:38,0,2024-07-20 20:57:38,,,
2022-03-28,景德镇市,准一级焦,3550.00,出厂价,A13S0.7 CSR60,648,2022-03-28 00:00:00,1,0,2024-07-20 20:57:38,0,2024-07-20 20:57:38,,,
2022-03-28,萍乡市,准一级焦,3550.00,出厂价,A13S0.7CSR60,649,2022-03-28 00:00:00,1,0,2024-07-20 20:57:38,0,2024-07-20 20:57:38,,,
2022-03-25,景德镇市,准一级焦,3550.00,出厂价,A13S0.7 CSR60,650,2022-03-25 00:00:00,1,0,2024-07-20 20:57:38,0,2024-07-20 20:57:38,,,
2022-03-25,萍乡市,准一级焦,3550.00,出厂价,A13S0.7CSR60,651,2022-03-25 00:00:00,1,0,2024-07-20 20:57:38,0,2024-07-20 20:57:38,,,
2022-03-24,景德镇市,准一级焦,3550.00,出厂价,A13S0.7 CSR60,652,2022-03-24 00:00:00,1,0,2024-07-20 20:57:38,0,2024-07-20 20:57:38,,,
2022-03-24,萍乡市,准一级焦,3550.00,出厂价,A13S0.7CSR60,653,2022-03-24 00:00:00,1,0,2024-07-20 20:57:38,0,2024-07-20 20:57:38,,,
2022-03-23,景德镇市,准一级焦,3550.00,出厂价,A13S0.7 CSR60,654,2022-03-23 00:00:00,1,0,2024-07-20 20:57:38,0,2024-07-20 20:57:38,,,
2022-03-23,萍乡市,准一级焦,3550.00,出厂价,A13S0.7CSR60,655,2022-03-23 00:00:00,1,0,2024-07-20 20:57:38,0,2024-07-20 20:57:38,,,
2022-03-22,景德镇市,准一级焦,3550.00,出厂价,A13S0.7 CSR60,656,2022-03-22 00:00:00,1,0,2024-07-20 20:57:38,0,2024-07-20 20:57:38,,,
2022-03-22,萍乡市,准一级焦,3550.00,出厂价,A13S0.7CSR60,657,2022-03-22 00:00:00,1,0,2024-07-20 20:57:38,0,2024-07-20 20:57:38,,,
2022-03-21,景德镇市,准一级焦,3550.00,出厂价,A13S0.7 CSR60,658,2022-03-21 00:00:00,1,0,2024-07-20 20:57:38,0,2024-07-20 20:57:38,,,
2022-03-21,萍乡市,准一级焦,3550.00,出厂价,A13S0.7CSR60,659,2022-03-21 00:00:00,1,0,2024-07-20 20:57:38,0,2024-07-20 20:57:38,,,
2022-03-18,景德镇市,准一级焦,3550.00,出厂价,A13S0.7 CSR60,660,2022-03-18 00:00:00,1,0,2024-07-20 20:57:38,0,2024-07-20 20:57:38,,,
2022-03-18,萍乡市,准一级焦,3550.00,出厂价,A13S0.7CSR60,661,2022-03-18 00:00:00,1,0,2024-07-20 20:57:42,0,2024-07-20 20:57:42,,,
2022-03-17,景德镇市,准一级焦,3550.00,出厂价,A13S0.7 CSR60,662,2022-03-17 00:00:00,1,0,2024-07-20 20:57:42,0,2024-07-20 20:57:42,,,
2022-03-17,萍乡市,准一级焦,3550.00,出厂价,A13S0.7CSR60,663,2022-03-17 00:00:00,1,0,2024-07-20 20:57:42,0,2024-07-20 20:57:42,,,
2022-03-16,景德镇市,准一级焦,3550.00,出厂价,A13S0.7 CSR60,664,2022-03-16 00:00:00,1,0,2024-07-20 20:57:42,0,2024-07-20 20:57:42,,,
2022-03-16,萍乡市,准一级焦,3550.00,出厂价,A13S0.7CSR60,665,2022-03-16 00:00:00,1,0,2024-07-20 20:57:42,0,2024-07-20 20:57:42,,,
2022-03-15,景德镇市,准一级焦,3350.00,出厂价,A13S0.7 CSR60,666,2022-03-15 00:00:00,1,0,2024-07-20 20:57:42,0,2024-07-20 20:57:42,,,
2022-03-15,萍乡市,准一级焦,3350.00,出厂价,A13S0.7CSR60,667,2022-03-15 00:00:00,1,0,2024-07-20 20:57:42,0,2024-07-20 20:57:42,,,
2022-03-14,景德镇市,准一级焦,3350.00,出厂价,A13S0.7 CSR60,668,2022-03-14 00:00:00,1,0,2024-07-20 20:57:42,0,2024-07-20 20:57:42,,,
2022-03-14,萍乡市,准一级焦,3350.00,出厂价,A13S0.7CSR60,669,2022-03-14 00:00:00,1,0,2024-07-20 20:57:42,0,2024-07-20 20:57:42,,,
2022-03-11,景德镇市,准一级焦,3350.00,出厂价,A13S0.7 CSR60,670,2022-03-11 00:00:00,1,0,2024-07-20 20:57:42,0,2024-07-20 20:57:42,,,
2022-03-11,萍乡市,准一级焦,3350.00,出厂价,A13S0.7CSR60,671,2022-03-11 00:00:00,1,0,2024-07-20 20:57:42,0,2024-07-20 20:57:42,,,
2022-03-10,景德镇市,准一级焦,3350.00,出厂价,A13S0.7 CSR60,672,2022-03-10 00:00:00,1,0,2024-07-20 20:57:42,0,2024-07-20 20:57:42,,,
2022-03-10,萍乡市,准一级焦,3350.00,出厂价,A13S0.7CSR60,673,2022-03-10 00:00:00,1,0,2024-07-20 20:57:42,0,2024-07-20 20:57:42,,,
2022-03-09,萍乡市,准一级焦,3350.00,出厂价,A13S0.7CSR60,674,2022-03-09 00:00:00,1,0,2024-07-20 20:57:42,0,2024-07-20 20:57:42,,,
2022-03-09,景德镇市,准一级焦,3350.00,出厂价,A13S0.7 CSR60,675,2022-03-09 00:00:00,1,0,2024-07-20 20:57:42,0,2024-07-20 20:57:42,,,
2022-03-08,景德镇市,准一级焦,3150.00,出厂价,A13S0.7 CSR60,676,2022-03-08 00:00:00,1,0,2024-07-20 20:57:42,0,2024-07-20 20:57:42,,,
2022-03-08,萍乡市,准一级焦,3150.00,出厂价,A13S0.7CSR60,677,2022-03-08 00:00:00,1,0,2024-07-20 20:57:42,0,2024-07-20 20:57:42,,,
2022-03-07,景德镇市,准一级焦,3150.00,出厂价,A13S0.7 CSR60,678,2022-03-07 00:00:00,1,0,2024-07-20 20:57:42,0,2024-07-20 20:57:42,,,
2022-03-07,萍乡市,准一级焦,3150.00,出厂价,A13S0.7CSR60,679,2022-03-07 00:00:00,1,0,2024-07-20 20:57:42,0,2024-07-20 20:57:42,,,
2022-03-04,景德镇市,准一级焦,3150.00,出厂价,A13S0.7 CSR60,680,2022-03-04 00:00:00,1,0,2024-07-20 20:57:42,0,2024-07-20 20:57:42,,,
2022-03-04,萍乡市,准一级焦,3150.00,出厂价,A13S0.7CSR60,681,2022-03-04 00:00:00,1,0,2024-07-20 20:57:42,0,2024-07-20 20:57:42,,,
2022-03-03,景德镇市,准一级焦,3150.00,出厂价,A13S0.7 CSR60,682,2022-03-03 00:00:00,1,0,2024-07-20 20:57:42,0,2024-07-20 20:57:42,,,
2022-03-03,萍乡市,准一级焦,3150.00,出厂价,A13S0.7CSR60,683,2022-03-03 00:00:00,1,0,2024-07-20 20:57:42,0,2024-07-20 20:57:42,,,
2022-03-02,景德镇市,准一级焦,2950.00,出厂价,A13S0.7 CSR60,684,2022-03-02 00:00:00,1,0,2024-07-20 20:57:42,0,2024-07-20 20:57:42,,,
2022-03-02,萍乡市,准一级焦,2950.00,出厂价,A13S0.7CSR60,685,2022-03-02 00:00:00,1,0,2024-07-20 20:57:42,0,2024-07-20 20:57:42,,,
2022-03-01,萍乡市,准一级焦,2950.00,出厂价,A13S0.7CSR60,686,2022-03-01 00:00:00,1,0,2024-07-20 20:57:42,0,2024-07-20 20:57:42,,,
2022-03-01,景德镇市,准一级焦,2950.00,出厂价,A13S0.7 CSR60,687,2022-03-01 00:00:00,1,0,2024-07-20 20:57:42,0,2024-07-20 20:57:42,,,
2022-02-28,萍乡市,准一级焦,2950.00,出厂价,A13S0.7CSR60,688,2022-02-28 00:00:00,1,0,2024-07-20 20:57:42,0,2024-07-20 20:57:42,,,
2022-02-28,景德镇市,准一级焦,2950.00,出厂价,A13S0.7 CSR60,689,2022-02-28 00:00:00,1,0,2024-07-20 20:57:42,0,2024-07-20 20:57:42,,,
2022-02-25,景德镇市,准一级焦,2950.00,出厂价,A13S0.7 CSR60,690,2022-02-25 00:00:00,1,0,2024-07-20 20:57:42,0,2024-07-20 20:57:42,,,
2022-02-25,萍乡市,准一级焦,2950.00,出厂价,A13S0.7CSR60,691,2022-02-25 00:00:00,1,0,2024-07-20 20:57:46,0,2024-07-20 20:57:46,,,
2022-02-24,景德镇市,准一级焦,2750.00,出厂价,A13S0.7 CSR60,692,2022-02-24 00:00:00,1,0,2024-07-20 20:57:46,0,2024-07-20 20:57:46,,,
2022-02-24,萍乡市,准一级焦,2750.00,出厂价,A13S0.7CSR60,693,2022-02-24 00:00:00,1,0,2024-07-20 20:57:46,0,2024-07-20 20:57:46,,,
2022-02-23,景德镇市,准一级焦,2750.00,出厂价,A13S0.7 CSR60,694,2022-02-23 00:00:00,1,0,2024-07-20 20:57:46,0,2024-07-20 20:57:46,,,
2022-02-23,萍乡市,准一级焦,2750.00,出厂价,A13S0.7CSR60,695,2022-02-23 00:00:00,1,0,2024-07-20 20:57:46,0,2024-07-20 20:57:46,,,
2022-02-22,景德镇市,准一级焦,2750.00,出厂价,A13S0.7 CSR60,696,2022-02-22 00:00:00,1,0,2024-07-20 20:57:46,0,2024-07-20 20:57:46,,,
2022-02-22,萍乡市,准一级焦,2750.00,出厂价,A13S0.7CSR60,697,2022-02-22 00:00:00,1,0,2024-07-20 20:57:46,0,2024-07-20 20:57:46,,,
2022-02-21,景德镇市,准一级焦,2750.00,出厂价,A13S0.7 CSR60,698,2022-02-21 00:00:00,1,0,2024-07-20 20:57:46,0,2024-07-20 20:57:46,,,
2022-02-21,萍乡市,准一级焦,2750.00,出厂价,A13S0.7CSR60,699,2022-02-21 00:00:00,1,0,2024-07-20 20:57:46,0,2024-07-20 20:57:46,,,
2022-02-18,景德镇市,准一级焦,2750.00,出厂价,A13S0.7 CSR60,700,2022-02-18 00:00:00,1,0,2024-07-20 20:57:46,0,2024-07-20 20:57:46,,,
2022-02-18,萍乡市,准一级焦,2750.00,出厂价,A13S0.7CSR60,701,2022-02-18 00:00:00,1,0,2024-07-20 20:57:46,0,2024-07-20 20:57:46,,,
2022-02-17,景德镇市,准一级焦,2750.00,出厂价,A13S0.7 CSR60,702,2022-02-17 00:00:00,1,0,2024-07-20 20:57:46,0,2024-07-20 20:57:46,,,
2022-02-17,萍乡市,准一级焦,2750.00,出厂价,A13S0.7CSR60,703,2022-02-17 00:00:00,1,0,2024-07-20 20:57:46,0,2024-07-20 20:57:46,,,
2022-02-16,景德镇市,准一级焦,2750.00,出厂价,A13S0.7 CSR60,704,2022-02-16 00:00:00,1,0,2024-07-20 20:57:46,0,2024-07-20 20:57:46,,,
2022-02-16,萍乡市,准一级焦,2750.00,出厂价,A13S0.7CSR60,705,2022-02-16 00:00:00,1,0,2024-07-20 20:57:46,0,2024-07-20 20:57:46,,,
2022-02-15,景德镇市,准一级焦,2750.00,出厂价,A13S0.7 CSR60,706,2022-02-15 00:00:00,1,0,2024-07-20 20:57:46,0,2024-07-20 20:57:46,,,
2022-02-15,萍乡市,准一级焦,2750.00,出厂价,A13S0.7CSR60,707,2022-02-15 00:00:00,1,0,2024-07-20 20:57:46,0,2024-07-20 20:57:46,,,
2022-02-14,景德镇市,准一级焦,2750.00,出厂价,A13S0.7 CSR60,708,2022-02-14 00:00:00,1,0,2024-07-20 20:57:46,0,2024-07-20 20:57:46,,,
2022-02-14,萍乡市,准一级焦,2750.00,出厂价,A13S0.7CSR60,709,2022-02-14 00:00:00,1,0,2024-07-20 20:57:46,0,2024-07-20 20:57:46,,,
2022-02-11,景德镇市,准一级焦,2750.00,出厂价,A13S0.7 CSR60,710,2022-02-11 00:00:00,1,0,2024-07-20 20:57:46,0,2024-07-20 20:57:46,,,
2022-02-11,萍乡市,准一级焦,2750.00,出厂价,A13S0.7CSR60,711,2022-02-11 00:00:00,1,0,2024-07-20 20:57:46,0,2024-07-20 20:57:46,,,
2022-02-10,景德镇市,准一级焦,2750.00,出厂价,A13S0.7 CSR60,712,2022-02-10 00:00:00,1,0,2024-07-20 20:57:46,0,2024-07-20 20:57:46,,,
2022-02-10,萍乡市,准一级焦,2750.00,出厂价,A13S0.7CSR60,713,2022-02-10 00:00:00,1,0,2024-07-20 20:57:46,0,2024-07-20 20:57:46,,,
2022-02-09,景德镇市,准一级焦,2950.00,出厂价,A13S0.7 CSR60,714,2022-02-09 00:00:00,1,0,2024-07-20 20:57:46,0,2024-07-20 20:57:46,,,
2022-02-09,萍乡市,准一级焦,2950.00,出厂价,A13S0.7CSR60,715,2022-02-09 00:00:00,1,0,2024-07-20 20:57:46,0,2024-07-20 20:57:46,,,
2022-01-27,景德镇市,准一级焦,3150.00,出厂价,A13S0.7 CSR60,716,2022-01-27 00:00:00,1,0,2024-07-20 20:57:46,0,2024-07-20 20:57:46,,,
2022-01-27,萍乡市,准一级焦,3150.00,出厂价,A13S0.7CSR60,717,2022-01-27 00:00:00,1,0,2024-07-20 20:57:46,0,2024-07-20 20:57:46,,,
2022-01-20,景德镇市,准一级焦,3150.00,出厂价,A13S0.7 CSR60,718,2022-01-20 00:00:00,1,0,2024-07-20 20:57:46,0,2024-07-20 20:57:46,,,
2022-01-20,萍乡市,准一级焦,3150.00,出厂价,A13S0.7CSR60,719,2022-01-20 00:00:00,1,0,2024-07-20 20:57:46,0,2024-07-20 20:57:46,,,
2022-01-13,景德镇市,准一级焦,3150.00,出厂价,A13S0.7 CSR60,720,2022-01-13 00:00:00,1,0,2024-07-20 20:57:46,0,2024-07-20 20:57:46,,,
2022-01-13,萍乡市,准一级焦,3150.00,出厂价,A13S0.7CSR60,721,2022-01-13 00:00:00,1,0,2024-07-20 20:57:48,0,2024-07-20 20:57:48,,,
2022-01-06,景德镇市,准一级焦,2750.00,出厂价,A13S0.7 CSR60,722,2022-01-06 00:00:00,1,0,2024-07-20 20:57:48,0,2024-07-20 20:57:48,,,
2022-01-06,萍乡市,准一级焦,2750.00,出厂价,A13S0.7CSR60,723,2022-01-06 00:00:00,1,0,2024-07-20 20:57:48,0,2024-07-20 20:57:48,,,
2021-12-30,景德镇市,准一级焦,2650.00,出厂价,A13S0.7 CSR60,724,2021-12-30 00:00:00,1,0,2024-07-20 20:57:48,0,2024-07-20 20:57:48,,,
2021-12-30,萍乡市,准一级焦,2650.00,出厂价,A13S0.7CSR60,725,2021-12-30 00:00:00,1,0,2024-07-20 20:57:48,0,2024-07-20 20:57:48,,,
2021-12-23,景德镇市,准一级焦,2650.00,出厂价,A13S0.7 CSR60,726,2021-12-23 00:00:00,1,0,2024-07-20 20:57:48,0,2024-07-20 20:57:48,,,
2021-12-23,萍乡市,准一级焦,2650.00,出厂价,A13S0.7CSR60,727,2021-12-23 00:00:00,1,0,2024-07-20 20:57:48,0,2024-07-20 20:57:48,,,
2021-12-16,景德镇市,准一级焦,2650.00,出厂价,A13S0.7 CSR60,728,2021-12-16 00:00:00,1,0,2024-07-20 20:57:48,0,2024-07-20 20:57:48,,,
2021-12-16,萍乡市,准一级焦,2650.00,出厂价,A13S0.7CSR60,729,2021-12-16 00:00:00,1,0,2024-07-20 20:57:48,0,2024-07-20 20:57:48,,,
2021-12-09,景德镇市,准一级焦,2650.00,出厂价,A13S0.7 CSR60,730,2021-12-09 00:00:00,1,0,2024-07-20 20:57:48,0,2024-07-20 20:57:48,,,
2021-12-09,萍乡市,准一级焦,2650.00,出厂价,A13S0.7CSR60,731,2021-12-09 00:00:00,1,0,2024-07-20 20:57:48,0,2024-07-20 20:57:48,,,
2021-12-02,景德镇市,准一级焦,2650.00,出厂价,A13S0.7 CSR60,732,2021-12-02 00:00:00,1,0,2024-07-20 20:57:48,0,2024-07-20 20:57:48,,,
2021-12-02,萍乡市,准一级焦,2650.00,出厂价,A13S0.7CSR60,733,2021-12-02 00:00:00,1,0,2024-07-20 20:57:48,0,2024-07-20 20:57:48,,,
2021-11-25,景德镇市,准一级焦,2850.00,出厂价,A13S0.7 CSR60,734,2021-11-25 00:00:00,1,0,2024-07-20 20:57:48,0,2024-07-20 20:57:48,,,
2021-11-25,萍乡市,准一级焦,2850.00,出厂价,A13S0.7CSR60,735,2021-11-25 00:00:00,1,0,2024-07-20 20:57:48,0,2024-07-20 20:57:48,,,
2021-11-18,景德镇市,准一级焦,3250.00,出厂价,A13S0.7 CSR60,736,2021-11-18 00:00:00,1,0,2024-07-20 20:57:48,0,2024-07-20 20:57:48,,,
2021-11-18,萍乡市,准一级焦,3250.00,出厂价,A13S0.7CSR60,737,2021-11-18 00:00:00,1,0,2024-07-20 20:57:48,0,2024-07-20 20:57:48,,,
2021-11-11,景德镇市,准一级焦,3650.00,出厂价,A13S0.7 CSR60,738,2021-11-11 00:00:00,1,0,2024-07-20 20:57:48,0,2024-07-20 20:57:48,,,
2021-11-11,萍乡市,准一级焦,3650.00,出厂价,A13S0.7CSR60,739,2021-11-11 00:00:00,1,0,2024-07-20 20:57:48,0,2024-07-20 20:57:48,,,
2021-11-04,景德镇市,准一级焦,4050.00,出厂价,A13S0.7 CSR60,740,2021-11-04 00:00:00,1,0,2024-07-20 20:57:48,0,2024-07-20 20:57:48,,,
2021-11-04,萍乡市,准一级焦,4050.00,出厂价,A13S0.7CSR60,741,2021-11-04 00:00:00,1,0,2024-07-20 20:57:48,0,2024-07-20 20:57:48,,,
2021-10-28,景德镇市,准一级焦,4250.00,出厂价,A13S0.7 CSR60,742,2021-10-28 00:00:00,1,0,2024-07-20 20:57:48,0,2024-07-20 20:57:48,,,
2021-10-28,萍乡市,准一级焦,4250.00,出厂价,A13S0.7CSR60,743,2021-10-28 00:00:00,1,0,2024-07-20 20:57:48,0,2024-07-20 20:57:48,,,
2021-10-21,景德镇市,准一级焦,4250.00,出厂价,A13S0.7 CSR60,744,2021-10-21 00:00:00,1,0,2024-07-20 20:57:48,0,2024-07-20 20:57:48,,,
2021-10-21,萍乡市,准一级焦,4250.00,出厂价,A13S0.7CSR60,745,2021-10-21 00:00:00,1,0,2024-07-20 20:57:48,0,2024-07-20 20:57:48,,,
2021-10-14,景德镇市,准一级焦,4250.00,出厂价,A13S0.7 CSR60,746,2021-10-14 00:00:00,1,0,2024-07-20 20:57:48,0,2024-07-20 20:57:48,,,
2021-10-14,萍乡市,准一级焦,4250.00,出厂价,A13S0.7CSR60,747,2021-10-14 00:00:00,1,0,2024-07-20 20:57:48,0,2024-07-20 20:57:48,,,
2021-10-07,景德镇市,准一级焦,4250.00,出厂价,A13S0.7 CSR60,748,2021-10-07 00:00:00,1,0,2024-07-20 20:57:48,0,2024-07-20 20:57:48,,,
2021-10-07,萍乡市,准一级焦,4250.00,出厂价,A13S0.7CSR60,749,2021-10-07 00:00:00,1,0,2024-07-20 20:57:48,0,2024-07-20 20:57:48,,,
2021-09-30,景德镇市,准一级焦,4250.00,出厂价,A13S0.7 CSR60,750,2021-09-30 00:00:00,1,0,2024-07-20 20:57:48,0,2024-07-20 20:57:48,,,
2021-09-30,萍乡市,准一级焦,4250.00,出厂价,A13S0.7CSR60,751,2021-09-30 00:00:00,1,0,2024-07-20 20:57:52,0,2024-07-20 20:57:52,,,
2021-09-23,景德镇市,准一级焦,4250.00,出厂价,A13S0.7 CSR60,752,2021-09-23 00:00:00,1,0,2024-07-20 20:57:52,0,2024-07-20 20:57:52,,,
2021-09-23,萍乡市,准一级焦,4250.00,出厂价,A13S0.7CSR60,753,2021-09-23 00:00:00,1,0,2024-07-20 20:57:52,0,2024-07-20 20:57:52,,,
2021-09-16,景德镇市,准一级焦,4250.00,出厂价,A13S0.7 CSR60,754,2021-09-16 00:00:00,1,0,2024-07-20 20:57:52,0,2024-07-20 20:57:52,,,
2021-09-16,萍乡市,准一级焦,4250.00,出厂价,A13S0.7CSR60,755,2021-09-16 00:00:00,1,0,2024-07-20 20:57:52,0,2024-07-20 20:57:52,,,
2021-09-09,景德镇市,准一级焦,3850.00,出厂价,A13S0.7 CSR60,756,2021-09-09 00:00:00,1,0,2024-07-20 20:57:52,0,2024-07-20 20:57:52,,,
2021-09-09,萍乡市,准一级焦,3850.00,出厂价,A13S0.7CSR60,757,2021-09-09 00:00:00,1,0,2024-07-20 20:57:52,0,2024-07-20 20:57:52,,,
2021-09-02,景德镇市,准一级焦,3650.00,出厂价,A13S0.7 CSR60,758,2021-09-02 00:00:00,1,0,2024-07-20 20:57:52,0,2024-07-20 20:57:52,,,
2021-09-02,萍乡市,准一级焦,3650.00,出厂价,A13S0.7CSR60,759,2021-09-02 00:00:00,1,0,2024-07-20 20:57:52,0,2024-07-20 20:57:52,,,
2021-08-26,景德镇市,准一级焦,3410.00,出厂价,A13S0.7 CSR60,760,2021-08-26 00:00:00,1,0,2024-07-20 20:57:52,0,2024-07-20 20:57:52,,,
2021-08-26,萍乡市,准一级焦,3410.00,出厂价,A13S0.7CSR60,761,2021-08-26 00:00:00,1,0,2024-07-20 20:57:52,0,2024-07-20 20:57:52,,,
2021-08-19,景德镇市,准一级焦,3170.00,出厂价,A13S0.7 CSR60,762,2021-08-19 00:00:00,1,0,2024-07-20 20:57:52,0,2024-07-20 20:57:52,,,
2021-08-19,萍乡市,准一级焦,3170.00,出厂价,A13S0.7CSR60,763,2021-08-19 00:00:00,1,0,2024-07-20 20:57:52,0,2024-07-20 20:57:52,,,
2021-08-12,景德镇市,准一级焦,2930.00,出厂价,A13S0.7 CSR60,764,2021-08-12 00:00:00,1,0,2024-07-20 20:57:52,0,2024-07-20 20:57:52,,,
2021-08-12,萍乡市,准一级焦,2930.00,出厂价,A13S0.7CSR60,765,2021-08-12 00:00:00,1,0,2024-07-20 20:57:52,0,2024-07-20 20:57:52,,,
2021-08-05,景德镇市,准一级焦,2810.00,出厂价,A13S0.7 CSR60,766,2021-08-05 00:00:00,1,0,2024-07-20 20:57:52,0,2024-07-20 20:57:52,,,
2021-08-05,萍乡市,准一级焦,2810.00,出厂价,A13S0.7CSR60,767,2021-08-05 00:00:00,1,0,2024-07-20 20:57:52,0,2024-07-20 20:57:52,,,
2021-07-29,景德镇市,准一级焦,2690.00,出厂价,A13S0.7 CSR60,768,2021-07-29 00:00:00,1,0,2024-07-20 20:57:52,0,2024-07-20 20:57:52,,,
2021-07-29,萍乡市,准一级焦,2690.00,出厂价,A13S0.7CSR60,769,2021-07-29 00:00:00,1,0,2024-07-20 20:57:52,0,2024-07-20 20:57:52,,,
2021-07-22,景德镇市,准一级焦,2690.00,出厂价,A13S0.7 CSR60,770,2021-07-22 00:00:00,1,0,2024-07-20 20:57:52,0,2024-07-20 20:57:52,,,
2021-07-22,萍乡市,准一级焦,2690.00,出厂价,A13S0.7CSR60,771,2021-07-22 00:00:00,1,0,2024-07-20 20:57:52,0,2024-07-20 20:57:52,,,
2021-07-15,景德镇市,准一级焦,2690.00,出厂价,A13S0.7 CSR60,772,2021-07-15 00:00:00,1,0,2024-07-20 20:57:52,0,2024-07-20 20:57:52,,,
2021-07-15,萍乡市,准一级焦,2690.00,出厂价,A13S0.7CSR60,773,2021-07-15 00:00:00,1,0,2024-07-20 20:57:52,0,2024-07-20 20:57:52,,,
2021-07-08,景德镇市,准一级焦,2810.00,出厂价,A13S0.7 CSR60,774,2021-07-08 00:00:00,1,0,2024-07-20 20:57:52,0,2024-07-20 20:57:52,,,
2021-07-08,萍乡市,准一级焦,2810.00,出厂价,A13S0.7CSR60,775,2021-07-08 00:00:00,1,0,2024-07-20 20:57:52,0,2024-07-20 20:57:52,,,
2021-07-01,景德镇市,准一级焦,2810.00,出厂价,A13S0.7 CSR60,776,2021-07-01 00:00:00,1,0,2024-07-20 20:57:52,0,2024-07-20 20:57:52,,,
2021-07-01,萍乡市,准一级焦,2810.00,出厂价,A13S0.7CSR60,777,2021-07-01 00:00:00,1,0,2024-07-20 20:57:52,0,2024-07-20 20:57:52,,,
2021-06-24,景德镇市,准一级焦,2810.00,出厂价,A13S0.7 CSR60,778,2021-06-24 00:00:00,1,0,2024-07-20 20:57:52,0,2024-07-20 20:57:52,,,
2021-06-24,萍乡市,准一级焦,2810.00,出厂价,A13S0.7CSR60,779,2021-06-24 00:00:00,1,0,2024-07-20 20:57:52,0,2024-07-20 20:57:52,,,
2021-06-17,景德镇市,准一级焦,2810.00,出厂价,A13S0.7 CSR60,780,2021-06-17 00:00:00,1,0,2024-07-20 20:57:52,0,2024-07-20 20:57:52,,,
2021-06-17,萍乡市,准一级焦,2810.00,出厂价,A13S0.7CSR60,781,2021-06-17 00:00:00,1,0,2024-07-20 20:57:55,0,2024-07-20 20:57:55,,,
2021-06-10,景德镇市,准一级焦,2810.00,出厂价,A13S0.7 CSR60,782,2021-06-10 00:00:00,1,0,2024-07-20 20:57:55,0,2024-07-20 20:57:55,,,
2021-06-10,萍乡市,准一级焦,2810.00,出厂价,A13S0.7CSR60,783,2021-06-10 00:00:00,1,0,2024-07-20 20:57:55,0,2024-07-20 20:57:55,,,
2021-06-03,景德镇市,准一级焦,2810.00,出厂价,A13S0.7 CSR60,784,2021-06-03 00:00:00,1,0,2024-07-20 20:57:55,0,2024-07-20 20:57:55,,,
2021-06-03,萍乡市,准一级焦,2810.00,出厂价,A13S0.7CSR60,785,2021-06-03 00:00:00,1,0,2024-07-20 20:57:55,0,2024-07-20 20:57:55,,,
2021-05-27,景德镇市,准一级焦,2940.00,出厂价,A13S0.7 CSR60,786,2021-05-27 00:00:00,1,0,2024-07-20 20:57:55,0,2024-07-20 20:57:55,,,
2021-05-27,萍乡市,准一级焦,2930.00,出厂价,A13S0.7CSR60,787,2021-05-27 00:00:00,1,0,2024-07-20 20:57:55,0,2024-07-20 20:57:55,,,
2021-05-20,景德镇市,准一级焦,2940.00,出厂价,A13S0.7 CSR60,788,2021-05-20 00:00:00,1,0,2024-07-20 20:57:55,0,2024-07-20 20:57:55,,,
2021-05-20,萍乡市,准一级焦,2930.00,出厂价,A13S0.7CSR60,789,2021-05-20 00:00:00,1,0,2024-07-20 20:57:55,0,2024-07-20 20:57:55,,,
2021-05-13,景德镇市,准一级焦,2700.00,出厂价,A13S0.7 CSR60,790,2021-05-13 00:00:00,1,0,2024-07-20 20:57:55,0,2024-07-20 20:57:55,,,
2021-05-13,萍乡市,准一级焦,2690.00,出厂价,A13S0.7CSR60,791,2021-05-13 00:00:00,1,0,2024-07-20 20:57:55,0,2024-07-20 20:57:55,,,
2021-05-06,景德镇市,准一级焦,2500.00,出厂价,A13S0.7 CSR60,792,2021-05-06 00:00:00,1,0,2024-07-20 20:57:55,0,2024-07-20 20:57:55,,,
2021-05-06,萍乡市,准一级焦,2490.00,出厂价,A13S0.7CSR60,793,2021-05-06 00:00:00,1,0,2024-07-20 20:57:55,0,2024-07-20 20:57:55,,,
2021-04-29,景德镇市,准一级焦,2400.00,出厂价,A13S0.7 CSR60,794,2021-04-29 00:00:00,1,0,2024-07-20 20:57:55,0,2024-07-20 20:57:55,,,
2021-04-29,萍乡市,准一级焦,2390.00,出厂价,A13S0.7CSR60,795,2021-04-29 00:00:00,1,0,2024-07-20 20:57:55,0,2024-07-20 20:57:55,,,
2021-04-22,景德镇市,准一级焦,2200.00,出厂价,A13S0.7 CSR60,796,2021-04-22 00:00:00,1,0,2024-07-20 20:57:55,0,2024-07-20 20:57:55,,,
2021-04-22,萍乡市,准一级焦,2190.00,出厂价,A13S0.7CSR60,797,2021-04-22 00:00:00,1,0,2024-07-20 20:57:55,0,2024-07-20 20:57:55,,,
2021-04-15,景德镇市,准一级焦,2100.00,出厂价,A13S0.7 CSR60,798,2021-04-15 00:00:00,1,0,2024-07-20 20:57:55,0,2024-07-20 20:57:55,,,
2021-04-15,萍乡市,准一级焦,2090.00,出厂价,A13S0.7CSR60,799,2021-04-15 00:00:00,1,0,2024-07-20 20:57:55,0,2024-07-20 20:57:55,,,
2021-04-08,景德镇市,准一级焦,2100.00,出厂价,A13S0.7 CSR60,800,2021-04-08 00:00:00,1,0,2024-07-20 20:57:55,0,2024-07-20 20:57:55,,,
2021-04-08,萍乡市,准一级焦,2090.00,出厂价,A13S0.7CSR60,801,2021-04-08 00:00:00,1,0,2024-07-20 20:57:55,0,2024-07-20 20:57:55,,,
2021-04-01,景德镇市,准一级焦,2100.00,出厂价,A13S0.7 CSR60,802,2021-04-01 00:00:00,1,0,2024-07-20 20:57:55,0,2024-07-20 20:57:55,,,
2021-04-01,萍乡市,准一级焦,2090.00,出厂价,A13S0.7CSR60,803,2021-04-01 00:00:00,1,0,2024-07-20 20:57:55,0,2024-07-20 20:57:55,,,
2021-03-25,景德镇市,准一级焦,2300.00,出厂价,A13S0.7 CSR60,804,2021-03-25 00:00:00,1,0,2024-07-20 20:57:55,0,2024-07-20 20:57:55,,,
2021-03-25,萍乡市,准一级焦,2290.00,出厂价,A13S0.7CSR60,805,2021-03-25 00:00:00,1,0,2024-07-20 20:57:55,0,2024-07-20 20:57:55,,,
2021-03-18,景德镇市,准一级焦,2400.00,出厂价,A13S0.7 CSR60,806,2021-03-18 00:00:00,1,0,2024-07-20 20:57:55,0,2024-07-20 20:57:55,,,
2021-03-18,萍乡市,准一级焦,2390.00,出厂价,A13S0.7CSR60,807,2021-03-18 00:00:00,1,0,2024-07-20 20:57:55,0,2024-07-20 20:57:55,,,
2021-03-11,景德镇市,准一级焦,2600.00,出厂价,A13S0.7 CSR60,808,2021-03-11 00:00:00,1,0,2024-07-20 20:57:55,0,2024-07-20 20:57:55,,,
2021-03-11,萍乡市,准一级焦,2590.00,出厂价,A13S0.7CSR60,809,2021-03-11 00:00:00,1,0,2024-07-20 20:57:55,0,2024-07-20 20:57:55,,,
2021-03-04,景德镇市,准一级焦,2700.00,出厂价,A13S0.7 CSR60,810,2021-03-04 00:00:00,1,0,2024-07-20 20:57:55,0,2024-07-20 20:57:55,,,
2021-03-04,萍乡市,准一级焦,2690.00,出厂价,A13S0.7CSR60,811,2021-03-04 00:00:00,1,0,2024-07-20 20:57:57,0,2024-07-20 20:57:57,,,
2021-02-25,景德镇市,准一级焦,2900.00,出厂价,A13S0.7 CSR60,812,2021-02-25 00:00:00,1,0,2024-07-20 20:57:57,0,2024-07-20 20:57:57,,,
2021-02-25,萍乡市,准一级焦,2890.00,出厂价,A13S0.7CSR60,813,2021-02-25 00:00:00,1,0,2024-07-20 20:57:57,0,2024-07-20 20:57:57,,,
2021-02-18,景德镇市,准一级焦,2900.00,出厂价,A13S0.7 CSR60,814,2021-02-18 00:00:00,1,0,2024-07-20 20:57:57,0,2024-07-20 20:57:57,,,
2021-02-18,萍乡市,准一级焦,2890.00,出厂价,A13S0.7CSR60,815,2021-02-18 00:00:00,1,0,2024-07-20 20:57:57,0,2024-07-20 20:57:57,,,
2021-02-04,景德镇市,准一级焦,2900.00,出厂价,A13S0.7 CSR60,816,2021-02-04 00:00:00,1,0,2024-07-20 20:57:57,0,2024-07-20 20:57:57,,,
2021-02-04,萍乡市,准一级焦,2890.00,出厂价,A13S0.7CSR60,817,2021-02-04 00:00:00,1,0,2024-07-20 20:57:57,0,2024-07-20 20:57:57,,,
2021-01-28,景德镇市,准一级焦,2800.00,出厂价,A13S0.7 CSR60,818,2021-01-28 00:00:00,1,0,2024-07-20 20:57:57,0,2024-07-20 20:57:57,,,
2021-01-28,萍乡市,准一级焦,2790.00,出厂价,A13S0.7CSR60,819,2021-01-28 00:00:00,1,0,2024-07-20 20:57:57,0,2024-07-20 20:57:57,,,
2021-01-21,景德镇市,准一级焦,2800.00,出厂价,A13S0.7 CSR60,820,2021-01-21 00:00:00,1,0,2024-07-20 20:57:57,0,2024-07-20 20:57:57,,,
2021-01-21,萍乡市,准一级焦,2790.00,出厂价,A13S0.7CSR60,821,2021-01-21 00:00:00,1,0,2024-07-20 20:57:57,0,2024-07-20 20:57:57,,,
2021-01-14,景德镇市,准一级焦,2600.00,出厂价,A13S0.7 CSR60,822,2021-01-14 00:00:00,1,0,2024-07-20 20:57:57,0,2024-07-20 20:57:57,,,
2021-01-14,萍乡市,准一级焦,2590.00,出厂价,A13S0.7CSR60,823,2021-01-14 00:00:00,1,0,2024-07-20 20:57:57,0,2024-07-20 20:57:57,,,
2021-01-07,景德镇市,准一级焦,2500.00,出厂价,A13S0.7 CSR60,824,2021-01-07 00:00:00,1,0,2024-07-20 20:57:57,0,2024-07-20 20:57:57,,,
2021-01-07,萍乡市,准一级焦,2490.00,出厂价,A13S0.7CSR60,825,2021-01-07 00:00:00,1,0,2024-07-20 20:57:57,0,2024-07-20 20:57:57,,,
2020-12-31,景德镇市,准一级焦,2500.00,出厂价,A13S0.7 CSR60,826,2020-12-31 00:00:00,1,0,2024-07-20 20:57:57,0,2024-07-20 20:57:57,,,
2020-12-31,萍乡市,准一级焦,2490.00,出厂价,A13S0.7CSR60,827,2020-12-31 00:00:00,1,0,2024-07-20 20:57:57,0,2024-07-20 20:57:57,,,
2020-12-24,景德镇市,准一级焦,2400.00,出厂价,A13S0.7 CSR60,828,2020-12-24 00:00:00,1,0,2024-07-20 20:57:57,0,2024-07-20 20:57:57,,,
2020-12-24,萍乡市,准一级焦,2390.00,出厂价,A13S0.7CSR60,829,2020-12-24 00:00:00,1,0,2024-07-20 20:57:57,0,2024-07-20 20:57:57,,,
2020-12-17,景德镇市,准一级焦,2350.00,出厂价,A13S0.7 CSR60,830,2020-12-17 00:00:00,1,0,2024-07-20 20:57:57,0,2024-07-20 20:57:57,,,
2020-12-17,萍乡市,准一级焦,2340.00,出厂价,A13S0.7CSR60,831,2020-12-17 00:00:00,1,0,2024-07-20 20:57:57,0,2024-07-20 20:57:57,,,
2020-12-10,景德镇市,准一级焦,2300.00,出厂价,A13S0.7 CSR60,832,2020-12-10 00:00:00,1,0,2024-07-20 20:57:57,0,2024-07-20 20:57:57,,,
2020-12-10,萍乡市,准一级焦,2290.00,出厂价,A13S0.7CSR60,833,2020-12-10 00:00:00,1,0,2024-07-20 20:57:57,0,2024-07-20 20:57:57,,,
2020-12-03,萍乡市,准一级焦,2240.00,出厂价,A13S0.7CSR60,834,2020-12-03 00:00:00,1,0,2024-07-20 20:57:57,0,2024-07-20 20:57:57,,,
2020-12-03,景德镇市,准一级焦,2250.00,出厂价,A13S0.7 CSR60,835,2020-12-03 00:00:00,1,0,2024-07-20 20:57:57,0,2024-07-20 20:57:57,,,
2020-11-26,景德镇市,准一级焦,2250.00,出厂价,A13S0.7 CSR60,836,2020-11-26 00:00:00,1,0,2024-07-20 20:57:57,0,2024-07-20 20:57:57,,,
2020-11-26,萍乡市,准一级焦,2240.00,出厂价,A13S0.7CSR60,837,2020-11-26 00:00:00,1,0,2024-07-20 20:57:57,0,2024-07-20 20:57:57,,,
2020-11-19,景德镇市,准一级焦,2250.00,出厂价,A13S0.7 CSR60,838,2020-11-19 00:00:00,1,0,2024-07-20 20:57:57,0,2024-07-20 20:57:57,,,
2020-11-19,萍乡市,准一级焦,2240.00,出厂价,A13S0.7CSR60,839,2020-11-19 00:00:00,1,0,2024-07-20 20:57:57,0,2024-07-20 20:57:57,,,
2020-11-12,景德镇市,准一级焦,2200.00,出厂价,A13S0.7 CSR60,840,2020-11-12 00:00:00,1,0,2024-07-20 20:57:57,0,2024-07-20 20:57:57,,,
2020-11-12,萍乡市,准一级焦,2190.00,出厂价,A13S0.7CSR60,841,2020-11-12 00:00:00,1,0,2024-07-20 20:58:01,0,2024-07-20 20:58:01,,,
2020-11-05,景德镇市,准一级焦,2200.00,出厂价,A13S0.7 CSR60,842,2020-11-05 00:00:00,1,0,2024-07-20 20:58:01,0,2024-07-20 20:58:01,,,
2020-11-05,萍乡市,准一级焦,2190.00,出厂价,A13S0.7CSR60,843,2020-11-05 00:00:00,1,0,2024-07-20 20:58:01,0,2024-07-20 20:58:01,,,
2020-10-29,景德镇市,准一级焦,2150.00,出厂价,A13S0.7 CSR60,844,2020-10-29 00:00:00,1,0,2024-07-20 20:58:01,0,2024-07-20 20:58:01,,,
2020-10-29,萍乡市,准一级焦,2140.00,出厂价,A13S0.7CSR60,845,2020-10-29 00:00:00,1,0,2024-07-20 20:58:01,0,2024-07-20 20:58:01,,,
2020-10-22,萍乡市,准一级焦,2140.00,出厂价,A13S0.7CSR60,846,2020-10-22 00:00:00,1,0,2024-07-20 20:58:01,0,2024-07-20 20:58:01,,,
2020-10-22,景德镇市,准一级焦,2150.00,出厂价,A13S0.7 CSR60,847,2020-10-22 00:00:00,1,0,2024-07-20 20:58:01,0,2024-07-20 20:58:01,,,
2020-10-15,景德镇市,准一级焦,2100.00,出厂价,A13S0.7 CSR60,848,2020-10-15 00:00:00,1,0,2024-07-20 20:58:01,0,2024-07-20 20:58:01,,,
2020-10-15,萍乡市,准一级焦,2090.00,出厂价,A13S0.7CSR60,849,2020-10-15 00:00:00,1,0,2024-07-20 20:58:01,0,2024-07-20 20:58:01,,,
2020-10-09,景德镇市,准一级焦,2050.00,出厂价,A13S0.7 CSR60,850,2020-10-09 00:00:00,1,0,2024-07-20 20:58:01,0,2024-07-20 20:58:01,,,
2020-10-09,萍乡市,准一级焦,2040.00,出厂价,A13S0.7CSR60,851,2020-10-09 00:00:00,1,0,2024-07-20 20:58:01,0,2024-07-20 20:58:01,,,
2020-09-24,景德镇市,准一级焦,2050.00,出厂价,A13S0.7 CSR60,852,2020-09-24 00:00:00,1,0,2024-07-20 20:58:01,0,2024-07-20 20:58:01,,,
2020-09-24,萍乡市,准一级焦,2040.00,出厂价,A13S0.7CSR60,853,2020-09-24 00:00:00,1,0,2024-07-20 20:58:01,0,2024-07-20 20:58:01,,,
2020-09-17,景德镇市,准一级焦,2000.00,出厂价,A13S0.7 CSR60,854,2020-09-17 00:00:00,1,0,2024-07-20 20:58:01,0,2024-07-20 20:58:01,,,
2020-09-17,萍乡市,准一级焦,1990.00,出厂价,A13S0.7CSR60,855,2020-09-17 00:00:00,1,0,2024-07-20 20:58:01,0,2024-07-20 20:58:01,,,
2020-09-10,景德镇市,准一级焦,2000.00,出厂价,A13S0.7 CSR60,856,2020-09-10 00:00:00,1,0,2024-07-20 20:58:01,0,2024-07-20 20:58:01,,,
2020-09-10,萍乡市,准一级焦,1990.00,出厂价,A13S0.7CSR60,857,2020-09-10 00:00:00,1,0,2024-07-20 20:58:01,0,2024-07-20 20:58:01,,,
2020-09-03,景德镇市,准一级焦,1950.00,出厂价,A13S0.7 CSR60,858,2020-09-03 00:00:00,1,0,2024-07-20 20:58:01,0,2024-07-20 20:58:01,,,
2020-09-03,萍乡市,准一级焦,1940.00,出厂价,A13S0.7CSR60,859,2020-09-03 00:00:00,1,0,2024-07-20 20:58:01,0,2024-07-20 20:58:01,,,
2020-08-27,景德镇市,准一级焦,1950.00,出厂价,A13S0.7 CSR60,860,2020-08-27 00:00:00,1,0,2024-07-20 20:58:01,0,2024-07-20 20:58:01,,,
2020-08-27,萍乡市,准一级焦,1940.00,出厂价,A13S0.7CSR60,861,2020-08-27 00:00:00,1,0,2024-07-20 20:58:01,0,2024-07-20 20:58:01,,,
2020-08-20,景德镇市,准一级焦,1900.00,出厂价,A13S0.7 CSR60,862,2020-08-20 00:00:00,1,0,2024-07-20 20:58:01,0,2024-07-20 20:58:01,,,
2020-08-20,萍乡市,准一级焦,1890.00,出厂价,A13S0.7CSR60,863,2020-08-20 00:00:00,1,0,2024-07-20 20:58:01,0,2024-07-20 20:58:01,,,
2020-08-13,景德镇市,准一级焦,1900.00,出厂价,A13S0.7 CSR60,864,2020-08-13 00:00:00,1,0,2024-07-20 20:58:01,0,2024-07-20 20:58:01,,,
2020-08-13,萍乡市,准一级焦,1890.00,出厂价,A13S0.7CSR60,865,2020-08-13 00:00:00,1,0,2024-07-20 20:58:01,0,2024-07-20 20:58:01,,,
2020-08-06,景德镇市,准一级焦,1900.00,出厂价,A13S0.7 CSR60,866,2020-08-06 00:00:00,1,0,2024-07-20 20:58:01,0,2024-07-20 20:58:01,,,
2020-08-06,萍乡市,准一级焦,1890.00,出厂价,A13S0.7CSR60,867,2020-08-06 00:00:00,1,0,2024-07-20 20:58:01,0,2024-07-20 20:58:01,,,
2020-07-30,景德镇市,准一级焦,1900.00,出厂价,A13S0.7 CSR60,868,2020-07-30 00:00:00,1,0,2024-07-20 20:58:01,0,2024-07-20 20:58:01,,,
2020-07-30,萍乡市,准一级焦,1890.00,出厂价,A13S0.7CSR60,869,2020-07-30 00:00:00,1,0,2024-07-20 20:58:01,0,2024-07-20 20:58:01,,,
2020-07-23,景德镇市,准一级焦,1900.00,出厂价,A13S0.7 CSR60,870,2020-07-23 00:00:00,1,0,2024-07-20 20:58:01,0,2024-07-20 20:58:01,,,
2020-07-23,萍乡市,准一级焦,1890.00,出厂价,A13S0.7CSR60,871,2020-07-23 00:00:00,1,0,2024-07-20 20:58:04,0,2024-07-20 20:58:04,,,
2020-07-16,景德镇市,准一级焦,1950.00,出厂价,A13S0.7 CSR60,872,2020-07-16 00:00:00,1,0,2024-07-20 20:58:04,0,2024-07-20 20:58:04,,,
2020-07-16,萍乡市,准一级焦,1940.00,出厂价,A13S0.7CSR60,873,2020-07-16 00:00:00,1,0,2024-07-20 20:58:04,0,2024-07-20 20:58:04,,,
2020-07-09,景德镇市,准一级焦,2000.00,出厂价,A13S0.7 CSR60,874,2020-07-09 00:00:00,1,0,2024-07-20 20:58:04,0,2024-07-20 20:58:04,,,
2020-07-09,萍乡市,准一级焦,1990.00,出厂价,A13S0.7CSR60,875,2020-07-09 00:00:00,1,0,2024-07-20 20:58:04,0,2024-07-20 20:58:04,,,
2020-07-02,景德镇市,准一级焦,2050.00,出厂价,A13S0.7 CSR60,876,2020-07-02 00:00:00,1,0,2024-07-20 20:58:04,0,2024-07-20 20:58:04,,,
2020-07-02,萍乡市,准一级焦,2040.00,出厂价,A13S0.7CSR60,877,2020-07-02 00:00:00,1,0,2024-07-20 20:58:04,0,2024-07-20 20:58:04,,,
2020-06-28,景德镇市,准一级焦,2050.00,出厂价,A13S0.7 CSR60,878,2020-06-28 00:00:00,1,0,2024-07-20 20:58:04,0,2024-07-20 20:58:04,,,
2020-06-28,萍乡市,准一级焦,2040.00,出厂价,A13S0.7CSR60,879,2020-06-28 00:00:00,1,0,2024-07-20 20:58:04,0,2024-07-20 20:58:04,,,
2020-06-18,景德镇市,准一级焦,2000.00,出厂价,A13S0.7 CSR60,880,2020-06-18 00:00:00,1,0,2024-07-20 20:58:04,0,2024-07-20 20:58:04,,,
2020-06-18,萍乡市,准一级焦,1990.00,出厂价,A13S0.7CSR60,881,2020-06-18 00:00:00,1,0,2024-07-20 20:58:04,0,2024-07-20 20:58:04,,,
2020-06-11,景德镇市,准一级焦,1950.00,出厂价,A13S0.7 CSR60,882,2020-06-11 00:00:00,1,0,2024-07-20 20:58:04,0,2024-07-20 20:58:04,,,
2020-06-11,萍乡市,准一级焦,1940.00,出厂价,A13S0.7CSR60,883,2020-06-11 00:00:00,1,0,2024-07-20 20:58:04,0,2024-07-20 20:58:04,,,
2020-06-04,景德镇市,准一级焦,1950.00,出厂价,A13S0.7 CSR60,884,2020-06-04 00:00:00,1,0,2024-07-20 20:58:04,0,2024-07-20 20:58:04,,,
2020-06-04,萍乡市,准一级焦,1890.00,出厂价,A13S0.7CSR60,885,2020-06-04 00:00:00,1,0,2024-07-20 20:58:04,0,2024-07-20 20:58:04,,,
2020-05-29,景德镇市,准一级焦,1950.00,出厂价,A13S0.7 CSR60,886,2020-05-29 00:00:00,1,0,2024-07-20 20:58:04,0,2024-07-20 20:58:04,,,
2020-05-29,萍乡市,准一级焦,1890.00,出厂价,A13S0.7CSR60,887,2020-05-29 00:00:00,1,0,2024-07-20 20:58:04,0,2024-07-20 20:58:04,,,
2020-05-21,景德镇市,准一级焦,1950.00,出厂价,A13S0.7 CSR60,888,2020-05-21 00:00:00,1,0,2024-07-20 20:58:04,0,2024-07-20 20:58:04,,,
2020-05-21,萍乡市,准一级焦,1840.00,出厂价,A13S0.7CSR60,889,2020-05-21 00:00:00,1,0,2024-07-20 20:58:04,0,2024-07-20 20:58:04,,,
2020-05-14,景德镇市,准一级焦,1950.00,出厂价,A13S0.7 CSR60,890,2020-05-14 00:00:00,1,0,2024-07-20 20:58:04,0,2024-07-20 20:58:04,,,
2020-05-14,萍乡市,准一级焦,1840.00,出厂价,A13S0.7CSR60,891,2020-05-14 00:00:00,1,0,2024-07-20 20:58:04,0,2024-07-20 20:58:04,,,
2020-05-07,景德镇市,准一级焦,1950.00,出厂价,A13S0.7 CSR60,892,2020-05-07 00:00:00,1,0,2024-07-20 20:58:04,0,2024-07-20 20:58:04,,,
2020-05-07,萍乡市,准一级焦,1790.00,出厂价,A13S0.7CSR60,893,2020-05-07 00:00:00,1,0,2024-07-20 20:58:04,0,2024-07-20 20:58:04,,,
2020-04-30,景德镇市,准一级焦,1950.00,出厂价,A13S0.7 CSR60,894,2020-04-30 00:00:00,1,0,2024-07-20 20:58:04,0,2024-07-20 20:58:04,,,
2020-04-30,萍乡市,准一级焦,1790.00,出厂价,A13S0.7CSR60,895,2020-04-30 00:00:00,1,0,2024-07-20 20:58:04,0,2024-07-20 20:58:04,,,
2020-04-23,景德镇市,准一级焦,1950.00,出厂价,A13S0.7 CSR60,896,2020-04-23 00:00:00,1,0,2024-07-20 20:58:04,0,2024-07-20 20:58:04,,,
2020-04-23,萍乡市,准一级焦,1790.00,出厂价,A13S0.7CSR60,897,2020-04-23 00:00:00,1,0,2024-07-20 20:58:04,0,2024-07-20 20:58:04,,,
2020-04-16,景德镇市,准一级焦,1950.00,出厂价,A13S0.7 CSR60,898,2020-04-16 00:00:00,1,0,2024-07-20 20:58:04,0,2024-07-20 20:58:04,,,
2020-04-16,萍乡市,准一级焦,1790.00,出厂价,A13S0.7CSR60,899,2020-04-16 00:00:00,1,0,2024-07-20 20:58:04,0,2024-07-20 20:58:04,,,
2020-04-09,景德镇市,准一级焦,1950.00,出厂价,A13S0.7 CSR60,900,2020-04-09 00:00:00,1,0,2024-07-20 20:58:04,0,2024-07-20 20:58:04,,,
2020-04-09,萍乡市,准一级焦,1790.00,出厂价,A13S0.7CSR60,901,2020-04-09 00:00:00,1,0,2024-07-20 20:58:06,0,2024-07-20 20:58:06,,,
2020-04-02,景德镇市,准一级焦,2090.00,出厂价,A13S0.7 CSR60,902,2020-04-02 00:00:00,1,0,2024-07-20 20:58:06,0,2024-07-20 20:58:06,,,
2020-04-02,萍乡市,准一级焦,2070.00,出厂价,A13S0.7CSR60,903,2020-04-02 00:00:00,1,0,2024-07-20 20:58:06,0,2024-07-20 20:58:06,,,
2020-03-26,景德镇市,准一级焦,2090.00,出厂价,A13S0.7 CSR60,904,2020-03-26 00:00:00,1,0,2024-07-20 20:58:06,0,2024-07-20 20:58:06,,,
2020-03-26,萍乡市,准一级焦,2070.00,出厂价,A13S0.7CSR60,905,2020-03-26 00:00:00,1,0,2024-07-20 20:58:06,0,2024-07-20 20:58:06,,,
2020-03-19,景德镇市,准一级焦,2090.00,出厂价,A13S0.7 CSR60,906,2020-03-19 00:00:00,1,0,2024-07-20 20:58:06,0,2024-07-20 20:58:06,,,
2020-03-19,萍乡市,准一级焦,2070.00,出厂价,A13S0.7CSR60,907,2020-03-19 00:00:00,1,0,2024-07-20 20:58:06,0,2024-07-20 20:58:06,,,
2020-03-12,景德镇市,准一级焦,2090.00,出厂价,A13S0.7 CSR60,908,2020-03-12 00:00:00,1,0,2024-07-20 20:58:06,0,2024-07-20 20:58:06,,,
2020-03-12,萍乡市,准一级焦,2070.00,出厂价,A13S0.7CSR60,909,2020-03-12 00:00:00,1,0,2024-07-20 20:58:06,0,2024-07-20 20:58:06,,,
2020-03-05,景德镇市,准一级焦,2090.00,出厂价,A13S0.7 CSR60,910,2020-03-05 00:00:00,1,0,2024-07-20 20:58:06,0,2024-07-20 20:58:06,,,
2020-03-05,萍乡市,准一级焦,2070.00,出厂价,A13S0.7CSR60,911,2020-03-05 00:00:00,1,0,2024-07-20 20:58:06,0,2024-07-20 20:58:06,,,
2020-02-27,景德镇市,准一级焦,2130.00,出厂价,A13S0.7 CSR60,912,2020-02-27 00:00:00,1,0,2024-07-20 20:58:06,0,2024-07-20 20:58:06,,,
2020-02-27,萍乡市,准一级焦,2110.00,出厂价,A13S0.7CSR60,913,2020-02-27 00:00:00,1,0,2024-07-20 20:58:06,0,2024-07-20 20:58:06,,,
2020-02-20,景德镇市,准一级焦,2130.00,出厂价,A13S0.7 CSR60,914,2020-02-20 00:00:00,1,0,2024-07-20 20:58:06,0,2024-07-20 20:58:06,,,
2020-02-20,萍乡市,准一级焦,2110.00,出厂价,A13S0.7CSR60,915,2020-02-20 00:00:00,1,0,2024-07-20 20:58:06,0,2024-07-20 20:58:06,,,
2020-02-13,景德镇市,准一级焦,2130.00,出厂价,A13S0.7 CSR60,916,2020-02-13 00:00:00,1,0,2024-07-20 20:58:06,0,2024-07-20 20:58:06,,,
2020-02-13,萍乡市,准一级焦,2110.00,出厂价,A13S0.7CSR60,917,2020-02-13 00:00:00,1,0,2024-07-20 20:58:06,0,2024-07-20 20:58:06,,,
2020-02-06,景德镇市,准一级焦,2130.00,出厂价,A13S0.7 CSR60,918,2020-02-06 00:00:00,1,0,2024-07-20 20:58:06,0,2024-07-20 20:58:06,,,
2020-02-06,萍乡市,准一级焦,2110.00,出厂价,A13S0.7CSR60,919,2020-02-06 00:00:00,1,0,2024-07-20 20:58:06,0,2024-07-20 20:58:06,,,
2020-01-23,景德镇市,准一级焦,2130.00,出厂价,A13S0.7 CSR60,920,2020-01-23 00:00:00,1,0,2024-07-20 20:58:06,0,2024-07-20 20:58:06,,,
2020-01-23,萍乡市,准一级焦,2110.00,出厂价,A13S0.7CSR60,921,2020-01-23 00:00:00,1,0,2024-07-20 20:58:06,0,2024-07-20 20:58:06,,,
2020-01-16,景德镇市,准一级焦,2130.00,出厂价,A13S0.7 CSR60,922,2020-01-16 00:00:00,1,0,2024-07-20 20:58:06,0,2024-07-20 20:58:06,,,
2020-01-16,萍乡市,准一级焦,2110.00,出厂价,A13S0.7CSR60,923,2020-01-16 00:00:00,1,0,2024-07-20 20:58:06,0,2024-07-20 20:58:06,,,
2020-01-09,景德镇市,准一级焦,2130.00,出厂价,A13S0.7 CSR60,924,2020-01-09 00:00:00,1,0,2024-07-20 20:58:06,0,2024-07-20 20:58:06,,,
2020-01-09,萍乡市,准一级焦,2110.00,出厂价,A13S0.7CSR60,925,2020-01-09 00:00:00,1,0,2024-07-20 20:58:06,0,2024-07-20 20:58:06,,,
2020-01-02,景德镇市,准一级焦,2010.00,出厂价,A13S0.7 CSR60,926,2020-01-02 00:00:00,1,0,2024-07-20 20:58:06,0,2024-07-20 20:58:06,,,
2020-01-02,萍乡市,准一级焦,1990.00,出厂价,A13S0.7CSR60,927,2020-01-02 00:00:00,1,0,2024-07-20 20:58:06,0,2024-07-20 20:58:06,,,
2019-12-26,景德镇市,准一级焦,2010.00,出厂价,A13S0.7 CSR60,928,2019-12-26 00:00:00,1,0,2024-07-20 20:58:06,0,2024-07-20 20:58:06,,,
2019-12-26,萍乡市,准一级焦,1990.00,出厂价,A13S0.7CSR60,929,2019-12-26 00:00:00,1,0,2024-07-20 20:58:06,0,2024-07-20 20:58:06,,,
2019-12-19,景德镇市,准一级焦,2010.00,出厂价,A13S0.7 CSR60,930,2019-12-19 00:00:00,1,0,2024-07-20 20:58:06,0,2024-07-20 20:58:06,,,
2019-12-19,萍乡市,准一级焦,1990.00,出厂价,A13S0.7CSR60,931,2019-12-19 00:00:00,1,0,2024-07-20 20:58:09,0,2024-07-20 20:58:09,,,
2019-12-12,景德镇市,准一级焦,2010.00,出厂价,A13S0.7 CSR60,932,2019-12-12 00:00:00,1,0,2024-07-20 20:58:09,0,2024-07-20 20:58:09,,,
2019-12-12,萍乡市,准一级焦,1990.00,出厂价,A13S0.7CSR60,933,2019-12-12 00:00:00,1,0,2024-07-20 20:58:09,0,2024-07-20 20:58:09,,,
2019-12-05,景德镇市,准一级焦,2070.00,出厂价,A13S0.7 CSR60,934,2019-12-05 00:00:00,1,0,2024-07-20 20:58:09,0,2024-07-20 20:58:09,,,
2019-12-05,萍乡市,准一级焦,2050.00,出厂价,A13S0.7CSR60,935,2019-12-05 00:00:00,1,0,2024-07-20 20:58:09,0,2024-07-20 20:58:09,,,
2019-11-28,景德镇市,准一级焦,2070.00,出厂价,A13S0.7 CSR60,936,2019-11-28 00:00:00,1,0,2024-07-20 20:58:09,0,2024-07-20 20:58:09,,,
2019-11-28,萍乡市,准一级焦,2050.00,出厂价,A13S0.7CSR60,937,2019-11-28 00:00:00,1,0,2024-07-20 20:58:09,0,2024-07-20 20:58:09,,,
2019-11-21,景德镇市,准一级焦,2070.00,出厂价,A13S0.7 CSR60,938,2019-11-21 00:00:00,1,0,2024-07-20 20:58:09,0,2024-07-20 20:58:09,,,
2019-11-21,萍乡市,准一级焦,2050.00,出厂价,A13S0.7CSR60,939,2019-11-21 00:00:00,1,0,2024-07-20 20:58:09,0,2024-07-20 20:58:09,,,
2019-11-14,景德镇市,准一级焦,2070.00,出厂价,A13S0.7 CSR60,940,2019-11-14 00:00:00,1,0,2024-07-20 20:58:09,0,2024-07-20 20:58:09,,,
2019-11-14,萍乡市,准一级焦,2050.00,出厂价,A13S0.7CSR60,941,2019-11-14 00:00:00,1,0,2024-07-20 20:58:09,0,2024-07-20 20:58:09,,,
2019-11-07,景德镇市,准一级焦,2070.00,出厂价,A13S0.7 CSR60,942,2019-11-07 00:00:00,1,0,2024-07-20 20:58:09,0,2024-07-20 20:58:09,,,
2019-11-07,萍乡市,准一级焦,2050.00,出厂价,A13S0.7CSR60,943,2019-11-07 00:00:00,1,0,2024-07-20 20:58:09,0,2024-07-20 20:58:09,,,
2019-10-31,景德镇市,准一级焦,2150.00,出厂价,A13S0.7 CSR60,944,2019-10-31 00:00:00,1,0,2024-07-20 20:58:09,0,2024-07-20 20:58:09,,,
2019-10-31,萍乡市,准一级焦,2130.00,出厂价,A13S0.7CSR60,945,2019-10-31 00:00:00,1,0,2024-07-20 20:58:09,0,2024-07-20 20:58:09,,,
2019-10-24,景德镇市,准一级焦,2150.00,出厂价,A13S0.7 CSR60,946,2019-10-24 00:00:00,1,0,2024-07-20 20:58:09,0,2024-07-20 20:58:09,,,
2019-10-24,萍乡市,准一级焦,2130.00,出厂价,A13S0.7CSR60,947,2019-10-24 00:00:00,1,0,2024-07-20 20:58:09,0,2024-07-20 20:58:09,,,
2019-10-17,景德镇市,准一级焦,2220.00,出厂价,A13S0.7 CSR60,948,2019-10-17 00:00:00,1,0,2024-07-20 20:58:09,0,2024-07-20 20:58:09,,,
2019-10-17,萍乡市,准一级焦,2200.00,出厂价,A13S0.7CSR60,949,2019-10-17 00:00:00,1,0,2024-07-20 20:58:09,0,2024-07-20 20:58:09,,,
2019-10-10,景德镇市,准一级焦,2220.00,出厂价,A13S0.7 CSR60,950,2019-10-10 00:00:00,1,0,2024-07-20 20:58:09,0,2024-07-20 20:58:09,,,
2019-10-10,萍乡市,准一级焦,2200.00,出厂价,A13S0.7CSR60,951,2019-10-10 00:00:00,1,0,2024-07-20 20:58:09,0,2024-07-20 20:58:09,,,
2019-09-26,景德镇市,准一级焦,2220.00,出厂价,A13S0.7 CSR60,952,2019-09-26 00:00:00,1,0,2024-07-20 20:58:09,0,2024-07-20 20:58:09,,,
2019-09-26,萍乡市,准一级焦,2200.00,出厂价,A13S0.7CSR60,953,2019-09-26 00:00:00,1,0,2024-07-20 20:58:09,0,2024-07-20 20:58:09,,,
2019-09-19,景德镇市,准一级焦,2220.00,出厂价,A13S0.7 CSR60,954,2019-09-19 00:00:00,1,0,2024-07-20 20:58:09,0,2024-07-20 20:58:09,,,
2019-09-19,萍乡市,准一级焦,2200.00,出厂价,A13S0.7CSR60,955,2019-09-19 00:00:00,1,0,2024-07-20 20:58:09,0,2024-07-20 20:58:09,,,
2019-09-12,景德镇市,准一级焦,2220.00,出厂价,A13S0.7 CSR60,956,2019-09-12 00:00:00,1,0,2024-07-20 20:58:09,0,2024-07-20 20:58:09,,,
2019-09-12,萍乡市,准一级焦,2200.00,出厂价,A13S0.7CSR60,957,2019-09-12 00:00:00,1,0,2024-07-20 20:58:09,0,2024-07-20 20:58:09,,,
2019-09-05,景德镇市,准一级焦,2220.00,出厂价,A13S0.7 CSR60,958,2019-09-05 00:00:00,1,0,2024-07-20 20:58:09,0,2024-07-20 20:58:09,,,
2019-09-05,萍乡市,准一级焦,2200.00,出厂价,A13S0.7CSR60,959,2019-09-05 00:00:00,1,0,2024-07-20 20:58:09,0,2024-07-20 20:58:09,,,
2019-08-29,景德镇市,准一级焦,2220.00,出厂价,A13S0.7 CSR60,960,2019-08-29 00:00:00,1,0,2024-07-20 20:58:09,0,2024-07-20 20:58:09,,,
2019-08-29,萍乡市,准一级焦,2200.00,出厂价,A13S0.7CSR60,961,2019-08-29 00:00:00,1,0,2024-07-20 20:58:12,0,2024-07-20 20:58:12,,,
2019-08-22,景德镇市,准一级焦,2220.00,出厂价,A13S0.7 CSR60,962,2019-08-22 00:00:00,1,0,2024-07-20 20:58:12,0,2024-07-20 20:58:12,,,
2019-08-22,萍乡市,准一级焦,2200.00,出厂价,A13S0.7CSR60,963,2019-08-22 00:00:00,1,0,2024-07-20 20:58:12,0,2024-07-20 20:58:12,,,
2019-08-15,景德镇市,准一级焦,2220.00,出厂价,A13S0.7 CSR60,964,2019-08-15 00:00:00,1,0,2024-07-20 20:58:12,0,2024-07-20 20:58:12,,,
2019-08-15,萍乡市,准一级焦,2200.00,出厂价,A13S0.7CSR60,965,2019-08-15 00:00:00,1,0,2024-07-20 20:58:12,0,2024-07-20 20:58:12,,,
2019-08-08,景德镇市,准一级焦,2220.00,出厂价,A13S0.7 CSR60,966,2019-08-08 00:00:00,1,0,2024-07-20 20:58:12,0,2024-07-20 20:58:12,,,
2019-08-08,萍乡市,准一级焦,2200.00,出厂价,A13S0.7CSR60,967,2019-08-08 00:00:00,1,0,2024-07-20 20:58:12,0,2024-07-20 20:58:12,,,
2019-08-01,景德镇市,准一级焦,2220.00,出厂价,A13S0.7 CSR60,968,2019-08-01 00:00:00,1,0,2024-07-20 20:58:12,0,2024-07-20 20:58:12,,,
2019-08-01,萍乡市,准一级焦,2200.00,出厂价,A13S0.7CSR60,969,2019-08-01 00:00:00,1,0,2024-07-20 20:58:12,0,2024-07-20 20:58:12,,,
2019-07-25,景德镇市,准一级焦,2220.00,出厂价,A13S0.7 CSR60,970,2019-07-25 00:00:00,1,0,2024-07-20 20:58:12,0,2024-07-20 20:58:12,,,
2019-07-25,萍乡市,准一级焦,2200.00,出厂价,A13S0.7CSR60,971,2019-07-25 00:00:00,1,0,2024-07-20 20:58:12,0,2024-07-20 20:58:12,,,
2019-07-18,景德镇市,准一级焦,2220.00,出厂价,A13S0.7 CSR60,972,2019-07-18 00:00:00,1,0,2024-07-20 20:58:12,0,2024-07-20 20:58:12,,,
2019-07-18,萍乡市,准一级焦,2200.00,出厂价,A13S0.7CSR60,973,2019-07-18 00:00:00,1,0,2024-07-20 20:58:12,0,2024-07-20 20:58:12,,,
2019-07-11,景德镇市,准一级焦,2220.00,出厂价,A13S0.7 CSR60,974,2019-07-11 00:00:00,1,0,2024-07-20 20:58:12,0,2024-07-20 20:58:12,,,
2019-07-11,萍乡市,准一级焦,2200.00,出厂价,A13S0.7CSR60,975,2019-07-11 00:00:00,1,0,2024-07-20 20:58:12,0,2024-07-20 20:58:12,,,
2019-07-04,景德镇市,准一级焦,2220.00,出厂价,A13S0.7 CSR60,976,2019-07-04 00:00:00,1,0,2024-07-20 20:58:12,0,2024-07-20 20:58:12,,,
2019-07-04,萍乡市,准一级焦,2200.00,出厂价,A13S0.7CSR60,977,2019-07-04 00:00:00,1,0,2024-07-20 20:58:12,0,2024-07-20 20:58:12,,,
2019-06-27,景德镇市,准一级焦,2360.00,出厂价,A13S0.7 CSR60,978,2019-06-27 00:00:00,1,0,2024-07-20 20:58:12,0,2024-07-20 20:58:12,,,
2019-06-27,萍乡市,准一级焦,2340.00,出厂价,A13S0.7CSR60,979,2019-06-27 00:00:00,1,0,2024-07-20 20:58:12,0,2024-07-20 20:58:12,,,
2019-06-20,景德镇市,准一级焦,2360.00,出厂价,A13S0.7 CSR60,980,2019-06-20 00:00:00,1,0,2024-07-20 20:58:12,0,2024-07-20 20:58:12,,,
2019-06-20,萍乡市,准一级焦,2340.00,出厂价,A13S0.7CSR60,981,2019-06-20 00:00:00,1,0,2024-07-20 20:58:12,0,2024-07-20 20:58:12,,,
2019-06-13,景德镇市,准一级焦,2360.00,出厂价,A13S0.7 CSR60,982,2019-06-13 00:00:00,1,0,2024-07-20 20:58:12,0,2024-07-20 20:58:12,,,
2019-06-13,萍乡市,准一级焦,2340.00,出厂价,A13S0.7CSR60,983,2019-06-13 00:00:00,1,0,2024-07-20 20:58:12,0,2024-07-20 20:58:12,,,
2019-06-06,景德镇市,准一级焦,2360.00,出厂价,A13S0.7 CSR60,984,2019-06-06 00:00:00,1,0,2024-07-20 20:58:12,0,2024-07-20 20:58:12,,,
2019-06-06,萍乡市,准一级焦,2340.00,出厂价,A13S0.7CSR60,985,2019-06-06 00:00:00,1,0,2024-07-20 20:58:12,0,2024-07-20 20:58:12,,,
2019-05-30,景德镇市,准一级焦,2180.00,出厂价,A13S0.7 CSR60,986,2019-05-30 00:00:00,1,0,2024-07-20 20:58:12,0,2024-07-20 20:58:12,,,
2019-05-30,萍乡市,准一级焦,2160.00,出厂价,A13S0.7CSR60,987,2019-05-30 00:00:00,1,0,2024-07-20 20:58:12,0,2024-07-20 20:58:12,,,
2019-05-23,景德镇市,准一级焦,2180.00,出厂价,A13S0.7 CSR60,988,2019-05-23 00:00:00,1,0,2024-07-20 20:58:12,0,2024-07-20 20:58:12,,,
2019-05-23,萍乡市,准一级焦,2160.00,出厂价,A13S0.7CSR60,989,2019-05-23 00:00:00,1,0,2024-07-20 20:58:12,0,2024-07-20 20:58:12,,,
2019-05-16,景德镇市,准一级焦,2180.00,出厂价,A13S0.7 CSR60,990,2019-05-16 00:00:00,1,0,2024-07-20 20:58:12,0,2024-07-20 20:58:12,,,
2019-05-16,萍乡市,准一级焦,2160.00,出厂价,A13S0.7CSR60,991,2019-05-16 00:00:00,1,0,2024-07-20 20:58:16,0,2024-07-20 20:58:16,,,
2019-05-09,景德镇市,准一级焦,2130.00,出厂价,A13S0.7 CSR60,992,2019-05-09 00:00:00,1,0,2024-07-20 20:58:16,0,2024-07-20 20:58:16,,,
2019-05-09,萍乡市,准一级焦,2110.00,出厂价,A13S0.7CSR60,993,2019-05-09 00:00:00,1,0,2024-07-20 20:58:16,0,2024-07-20 20:58:16,,,
2019-04-25,景德镇市,准一级焦,2130.00,出厂价,A13S0.7 CSR60,994,2019-04-25 00:00:00,1,0,2024-07-20 20:58:16,0,2024-07-20 20:58:16,,,
2019-04-25,萍乡市,准一级焦,2110.00,出厂价,A13S0.7CSR60,995,2019-04-25 00:00:00,1,0,2024-07-20 20:58:16,0,2024-07-20 20:58:16,,,
2019-04-18,景德镇市,准一级焦,2130.00,出厂价,A13S0.7 CSR60,996,2019-04-18 00:00:00,1,0,2024-07-20 20:58:16,0,2024-07-20 20:58:16,,,
2019-04-18,萍乡市,准一级焦,2110.00,出厂价,A13S0.7CSR60,997,2019-04-18 00:00:00,1,0,2024-07-20 20:58:16,0,2024-07-20 20:58:16,,,
2019-04-11,景德镇市,准一级焦,2130.00,出厂价,A13S0.7 CSR60,998,2019-04-11 00:00:00,1,0,2024-07-20 20:58:16,0,2024-07-20 20:58:16,,,
2019-04-11,萍乡市,准一级焦,2110.00,出厂价,A13S0.7CSR60,999,2019-04-11 00:00:00,1,0,2024-07-20 20:58:16,0,2024-07-20 20:58:16,,,
2019-04-04,景德镇市,准一级焦,2130.00,出厂价,A13S0.7 CSR60,1000,2019-04-04 00:00:00,1,0,2024-07-20 20:58:16,0,2024-07-20 20:58:16,,,
2019-04-04,萍乡市,准一级焦,2110.00,出厂价,A13S0.7CSR60,1001,2019-04-04 00:00:00,1,0,2024-07-20 20:58:16,0,2024-07-20 20:58:16,,,
2019-03-28,景德镇市,准一级焦,2350.00,出厂价,A13S0.7 CSR60,1002,2019-03-28 00:00:00,1,0,2024-07-20 20:58:16,0,2024-07-20 20:58:16,,,
2019-03-28,萍乡市,准一级焦,2330.00,出厂价,A13S0.7CSR60,1003,2019-03-28 00:00:00,1,0,2024-07-20 20:58:16,0,2024-07-20 20:58:16,,,
2019-03-21,景德镇市,准一级焦,2350.00,出厂价,A13S0.7 CSR60,1004,2019-03-21 00:00:00,1,0,2024-07-20 20:58:16,0,2024-07-20 20:58:16,,,
2019-03-21,萍乡市,准一级焦,2330.00,出厂价,A13S0.7CSR60,1005,2019-03-21 00:00:00,1,0,2024-07-20 20:58:16,0,2024-07-20 20:58:16,,,
2019-03-14,景德镇市,准一级焦,2350.00,出厂价,A13S0.7 CSR60,1006,2019-03-14 00:00:00,1,0,2024-07-20 20:58:16,0,2024-07-20 20:58:16,,,
2019-03-14,萍乡市,准一级焦,2330.00,出厂价,A13S0.7CSR60,1007,2019-03-14 00:00:00,1,0,2024-07-20 20:58:16,0,2024-07-20 20:58:16,,,
2019-03-07,景德镇市,准一级焦,2280.00,出厂价,A13S0.7 CSR60,1008,2019-03-07 00:00:00,1,0,2024-07-20 20:58:16,0,2024-07-20 20:58:16,,,
2019-03-07,萍乡市,准一级焦,2260.00,出厂价,A13S0.7CSR60,1009,2019-03-07 00:00:00,1,0,2024-07-20 20:58:16,0,2024-07-20 20:58:16,,,
2019-02-28,景德镇市,准一级焦,2280.00,出厂价,A13S0.7 CSR60,1010,2019-02-28 00:00:00,1,0,2024-07-20 20:58:16,0,2024-07-20 20:58:16,,,
2019-02-28,萍乡市,准一级焦,2260.00,出厂价,A13S0.7CSR60,1011,2019-02-28 00:00:00,1,0,2024-07-20 20:58:16,0,2024-07-20 20:58:16,,,
2019-02-21,景德镇市,准一级焦,2280.00,出厂价,A13S0.7 CSR60,1012,2019-02-21 00:00:00,1,0,2024-07-20 20:58:16,0,2024-07-20 20:58:16,,,
2019-02-21,萍乡市,准一级焦,2260.00,出厂价,A13S0.7CSR60,1013,2019-02-21 00:00:00,1,0,2024-07-20 20:58:16,0,2024-07-20 20:58:16,,,
2019-02-14,景德镇市,准一级焦,2280.00,出厂价,A13S0.7 CSR60,1014,2019-02-14 00:00:00,1,0,2024-07-20 20:58:16,0,2024-07-20 20:58:16,,,
2019-02-14,萍乡市,准一级焦,2260.00,出厂价,A13S0.7CSR60,1015,2019-02-14 00:00:00,1,0,2024-07-20 20:58:16,0,2024-07-20 20:58:16,,,
2019-02-11,景德镇市,准一级焦,2280.00,出厂价,A13S0.7 CSR60,1016,2019-02-11 00:00:00,1,0,2024-07-20 20:58:16,0,2024-07-20 20:58:16,,,
2019-02-11,萍乡市,准一级焦,2260.00,出厂价,A13S0.7CSR60,1017,2019-02-11 00:00:00,1,0,2024-07-20 20:58:16,0,2024-07-20 20:58:16,,,
2019-02-03,景德镇市,准一级焦,2280.00,出厂价,A13S0.7 CSR60,1018,2019-02-03 00:00:00,1,0,2024-07-20 20:58:16,0,2024-07-20 20:58:16,,,
2019-02-03,萍乡市,准一级焦,2260.00,出厂价,A13S0.7CSR60,1019,2019-02-03 00:00:00,1,0,2024-07-20 20:58:16,0,2024-07-20 20:58:16,,,
2019-01-31,景德镇市,准一级焦,2480.00,出厂价,A13S0.7 CSR60,1020,2019-01-31 00:00:00,1,0,2024-07-20 20:58:16,0,2024-07-20 20:58:16,,,
2019-01-31,萍乡市,准一级焦,2460.00,出厂价,A13S0.7CSR60,1021,2019-01-31 00:00:00,1,0,2024-07-20 20:58:20,0,2024-07-20 20:58:20,,,
2019-01-25,景德镇市,准一级焦,2480.00,出厂价,A13S0.7 CSR60,1022,2019-01-25 00:00:00,1,0,2024-07-20 20:58:20,0,2024-07-20 20:58:20,,,
2019-01-25,萍乡市,准一级焦,2460.00,出厂价,A13S0.7CSR60,1023,2019-01-25 00:00:00,1,0,2024-07-20 20:58:20,0,2024-07-20 20:58:20,,,
2019-01-17,景德镇市,准一级焦,2480.00,出厂价,A13S0.7 CSR60,1024,2019-01-17 00:00:00,1,0,2024-07-20 20:58:20,0,2024-07-20 20:58:20,,,
2019-01-17,萍乡市,准一级焦,2460.00,出厂价,A13S0.7CSR60,1025,2019-01-17 00:00:00,1,0,2024-07-20 20:58:20,0,2024-07-20 20:58:20,,,
2019-01-10,景德镇市,准一级焦,2480.00,出厂价,A13S0.7 CSR60,1026,2019-01-10 00:00:00,1,0,2024-07-20 20:58:20,0,2024-07-20 20:58:20,,,
2019-01-10,萍乡市,准一级焦,2460.00,出厂价,A13S0.7CSR60,1027,2019-01-10 00:00:00,1,0,2024-07-20 20:58:20,0,2024-07-20 20:58:20,,,
2019-01-03,景德镇市,准一级焦,2480.00,出厂价,A13S0.7 CSR60,1028,2019-01-03 00:00:00,1,0,2024-07-20 20:58:20,0,2024-07-20 20:58:20,,,
2019-01-03,萍乡市,准一级焦,2460.00,出厂价,A13S0.7CSR60,1029,2019-01-03 00:00:00,1,0,2024-07-20 20:58:20,0,2024-07-20 20:58:20,,,
2018-12-27,景德镇市,准一级焦,2610.00,出厂价,A13S0.7 CSR60,1030,2018-12-27 00:00:00,1,0,2024-07-20 20:58:20,0,2024-07-20 20:58:20,,,
2018-12-27,萍乡市,准一级焦,2580.00,出厂价,A13S0.7CSR60,1031,2018-12-27 00:00:00,1,0,2024-07-20 20:58:20,0,2024-07-20 20:58:20,,,
2018-12-20,景德镇市,准一级焦,2610.00,出厂价,A13S0.7 CSR60,1032,2018-12-20 00:00:00,1,0,2024-07-20 20:58:20,0,2024-07-20 20:58:20,,,
2018-12-20,萍乡市,准一级焦,2580.00,出厂价,A13S0.7CSR60,1033,2018-12-20 00:00:00,1,0,2024-07-20 20:58:20,0,2024-07-20 20:58:20,,,
2018-12-13,景德镇市,准一级焦,2610.00,出厂价,A13S0.7 CSR60,1034,2018-12-13 00:00:00,1,0,2024-07-20 20:58:20,0,2024-07-20 20:58:20,,,
2018-12-13,萍乡市,准一级焦,2580.00,出厂价,A13S0.7CSR60,1035,2018-12-13 00:00:00,1,0,2024-07-20 20:58:20,0,2024-07-20 20:58:20,,,
2018-12-06,景德镇市,准一级焦,2610.00,出厂价,A13S0.7 CSR60,1036,2018-12-06 00:00:00,1,0,2024-07-20 20:58:20,0,2024-07-20 20:58:20,,,
2018-12-06,萍乡市,准一级焦,2580.00,出厂价,A13S0.7CSR60,1037,2018-12-06 00:00:00,1,0,2024-07-20 20:58:20,0,2024-07-20 20:58:20,,,
2018-11-29,景德镇市,准一级焦,2610.00,出厂价,A13S0.7 CSR60,1038,2018-11-29 00:00:00,1,0,2024-07-20 20:58:20,0,2024-07-20 20:58:20,,,
2018-11-29,萍乡市,准一级焦,2580.00,出厂价,A13S0.7CSR60,1039,2018-11-29 00:00:00,1,0,2024-07-20 20:58:20,0,2024-07-20 20:58:20,,,
2018-11-22,景德镇市,准一级焦,2610.00,出厂价,A13S0.7 CSR60,1040,2018-11-22 00:00:00,1,0,2024-07-20 20:58:20,0,2024-07-20 20:58:20,,,
2018-11-22,萍乡市,准一级焦,2580.00,出厂价,A13S0.7CSR60,1041,2018-11-22 00:00:00,1,0,2024-07-20 20:58:20,0,2024-07-20 20:58:20,,,
2018-11-15,景德镇市,准一级焦,2610.00,出厂价,A13S0.7 CSR60,1042,2018-11-15 00:00:00,1,0,2024-07-20 20:58:20,0,2024-07-20 20:58:20,,,
2018-11-15,萍乡市,准一级焦,2580.00,出厂价,A13S0.7CSR60,1043,2018-11-15 00:00:00,1,0,2024-07-20 20:58:20,0,2024-07-20 20:58:20,,,
2018-11-08,景德镇市,准一级焦,2610.00,出厂价,A13S0.7 CSR60,1044,2018-11-08 00:00:00,1,0,2024-07-20 20:58:20,0,2024-07-20 20:58:20,,,
2018-11-08,萍乡市,准一级焦,2580.00,出厂价,A13S0.7CSR60,1045,2018-11-08 00:00:00,1,0,2024-07-20 20:58:20,0,2024-07-20 20:58:20,,,
2018-11-01,景德镇市,准一级焦,2610.00,出厂价,A13S0.7 CSR60,1046,2018-11-01 00:00:00,1,0,2024-07-20 20:58:20,0,2024-07-20 20:58:20,,,
2018-11-01,萍乡市,准一级焦,2580.00,出厂价,A13S0.7CSR60,1047,2018-11-01 00:00:00,1,0,2024-07-20 20:58:20,0,2024-07-20 20:58:20,,,
2018-10-25,景德镇市,准一级焦,2610.00,出厂价,A13S0.7 CSR60,1048,2018-10-25 00:00:00,1,0,2024-07-20 20:58:20,0,2024-07-20 20:58:20,,,
2018-10-25,萍乡市,准一级焦,2580.00,出厂价,A13S0.7CSR60,1049,2018-10-25 00:00:00,1,0,2024-07-20 20:58:20,0,2024-07-20 20:58:20,,,
2018-10-18,景德镇市,准一级焦,2610.00,出厂价,A13S0.7 CSR60,1050,2018-10-18 00:00:00,1,0,2024-07-20 20:58:20,0,2024-07-20 20:58:20,,,
2018-10-18,萍乡市,准一级焦,2580.00,出厂价,A13S0.7CSR60,1051,2018-10-18 00:00:00,1,0,2024-07-20 20:58:22,0,2024-07-20 20:58:22,,,
2018-10-11,景德镇市,准一级焦,2610.00,出厂价,A13S0.7 CSR60,1052,2018-10-11 00:00:00,1,0,2024-07-20 20:58:22,0,2024-07-20 20:58:22,,,
2018-10-11,萍乡市,准一级焦,2580.00,出厂价,A13S0.7CSR60,1053,2018-10-11 00:00:00,1,0,2024-07-20 20:58:22,0,2024-07-20 20:58:22,,,
2018-10-08,景德镇市,准一级焦,2610.00,出厂价,A13S0.7 CSR60,1054,2018-10-08 00:00:00,1,0,2024-07-20 20:58:22,0,2024-07-20 20:58:22,,,
2018-10-08,萍乡市,准一级焦,2580.00,出厂价,A13S0.7CSR60,1055,2018-10-08 00:00:00,1,0,2024-07-20 20:58:22,0,2024-07-20 20:58:22,,,
2018-09-27,景德镇市,准一级焦,2610.00,出厂价,A13S0.7 CSR60,1056,2018-09-27 00:00:00,1,0,2024-07-20 20:58:22,0,2024-07-20 20:58:22,,,
2018-09-27,萍乡市,准一级焦,2580.00,出厂价,A13S0.7CSR60,1057,2018-09-27 00:00:00,1,0,2024-07-20 20:58:22,0,2024-07-20 20:58:22,,,
2018-09-20,景德镇市,准一级焦,2610.00,出厂价,A13S0.7 CSR60,1058,2018-09-20 00:00:00,1,0,2024-07-20 20:58:22,0,2024-07-20 20:58:22,,,
2018-09-20,萍乡市,准一级焦,2580.00,出厂价,A13S0.7CSR60,1059,2018-09-20 00:00:00,1,0,2024-07-20 20:58:22,0,2024-07-20 20:58:22,,,
2018-09-13,景德镇市,准一级焦,2610.00,出厂价,A13S0.7 CSR60,1060,2018-09-13 00:00:00,1,0,2024-07-20 20:58:22,0,2024-07-20 20:58:22,,,
2018-09-13,萍乡市,准一级焦,2580.00,出厂价,A13S0.7CSR60,1061,2018-09-13 00:00:00,1,0,2024-07-20 20:58:22,0,2024-07-20 20:58:22,,,
2018-09-06,景德镇市,准一级焦,2610.00,出厂价,A13S0.7 CSR60,1062,2018-09-06 00:00:00,1,0,2024-07-20 20:58:22,0,2024-07-20 20:58:22,,,
2018-09-06,萍乡市,准一级焦,2580.00,出厂价,A13S0.7CSR60,1063,2018-09-06 00:00:00,1,0,2024-07-20 20:58:22,0,2024-07-20 20:58:22,,,
2018-08-30,景德镇市,准一级焦,2430.00,出厂价,A13S0.7 CSR60,1064,2018-08-30 00:00:00,1,0,2024-07-20 20:58:22,0,2024-07-20 20:58:22,,,
2018-08-30,萍乡市,准一级焦,2400.00,出厂价,A13S0.7CSR60,1065,2018-08-30 00:00:00,1,0,2024-07-20 20:58:22,0,2024-07-20 20:58:22,,,
2018-08-23,景德镇市,准一级焦,2430.00,出厂价,A13S0.7 CSR60,1066,2018-08-23 00:00:00,1,0,2024-07-20 20:58:22,0,2024-07-20 20:58:22,,,
2018-08-23,萍乡市,准一级焦,2400.00,出厂价,A13S0.7CSR60,1067,2018-08-23 00:00:00,1,0,2024-07-20 20:58:22,0,2024-07-20 20:58:22,,,
2018-08-16,景德镇市,准一级焦,2330.00,出厂价,A13S0.7 CSR60,1068,2018-08-16 00:00:00,1,0,2024-07-20 20:58:22,0,2024-07-20 20:58:22,,,
2018-08-16,萍乡市,准一级焦,2300.00,出厂价,A13S0.7CSR60,1069,2018-08-16 00:00:00,1,0,2024-07-20 20:58:22,0,2024-07-20 20:58:22,,,
2018-08-09,景德镇市,准一级焦,2330.00,出厂价,A13S0.7 CSR60,1070,2018-08-09 00:00:00,1,0,2024-07-20 20:58:22,0,2024-07-20 20:58:22,,,
2018-08-09,萍乡市,准一级焦,2300.00,出厂价,A13S0.7CSR60,1071,2018-08-09 00:00:00,1,0,2024-07-20 20:58:22,0,2024-07-20 20:58:22,,,
2018-08-02,景德镇市,准一级焦,2410.00,出厂价,A13S0.7 CSR60,1072,2018-08-02 00:00:00,1,0,2024-07-20 20:58:22,0,2024-07-20 20:58:22,,,
2018-08-02,萍乡市,准一级焦,2380.00,出厂价,A13S0.7CSR60,1073,2018-08-02 00:00:00,1,0,2024-07-20 20:58:22,0,2024-07-20 20:58:22,,,
2018-07-27,景德镇市,准一级焦,2410.00,出厂价,A13S0.7 CSR60,1074,2018-07-27 00:00:00,1,0,2024-07-20 20:58:22,0,2024-07-20 20:58:22,,,
2018-07-27,萍乡市,准一级焦,2380.00,出厂价,A13S0.7CSR60,1075,2018-07-27 00:00:00,1,0,2024-07-20 20:58:22,0,2024-07-20 20:58:22,,,
2018-07-20,景德镇市,准一级焦,2410.00,出厂价,A13S0.7 CSR60,1076,2018-07-20 00:00:00,1,0,2024-07-20 20:58:22,0,2024-07-20 20:58:22,,,
2018-07-20,萍乡市,准一级焦,2380.00,出厂价,A13S0.7CSR60,1077,2018-07-20 00:00:00,1,0,2024-07-20 20:58:22,0,2024-07-20 20:58:22,,,
2018-07-13,景德镇市,准一级焦,2510.00,出厂价,A13S0.7 CSR60,1078,2018-07-13 00:00:00,1,0,2024-07-20 20:58:22,0,2024-07-20 20:58:22,,,
2018-07-13,萍乡市,准一级焦,2480.00,出厂价,A13S0.7CSR60,1079,2018-07-13 00:00:00,1,0,2024-07-20 20:58:22,0,2024-07-20 20:58:22,,,
2018-07-06,景德镇市,准一级焦,2510.00,出厂价,A13S0.7 CSR60,1080,2018-07-06 00:00:00,1,0,2024-07-20 20:58:22,0,2024-07-20 20:58:22,,,
2018-07-06,萍乡市,准一级焦,2480.00,出厂价,A13S0.7CSR60,1081,2018-07-06 00:00:00,1,0,2024-07-20 20:58:25,0,2024-07-20 20:58:25,,,
2018-06-29,景德镇市,准一级焦,2330.00,出厂价,A13S0.7 CSR60,1082,2018-06-29 00:00:00,1,0,2024-07-20 20:58:25,0,2024-07-20 20:58:25,,,
2018-06-29,萍乡市,准一级焦,2300.00,出厂价,A13S0.7CSR60,1083,2018-06-29 00:00:00,1,0,2024-07-20 20:58:25,0,2024-07-20 20:58:25,,,
2018-06-22,景德镇市,准一级焦,2330.00,出厂价,A13S0.7 CSR60,1084,2018-06-22 00:00:00,1,0,2024-07-20 20:58:25,0,2024-07-20 20:58:25,,,
2018-06-22,萍乡市,准一级焦,2300.00,出厂价,A13S0.7CSR60,1085,2018-06-22 00:00:00,1,0,2024-07-20 20:58:25,0,2024-07-20 20:58:25,,,
2018-06-15,景德镇市,准一级焦,2230.00,出厂价,A13S0.7 CSR60,1086,2018-06-15 00:00:00,1,0,2024-07-20 20:58:25,0,2024-07-20 20:58:25,,,
2018-06-15,萍乡市,准一级焦,2200.00,出厂价,A13S0.7CSR60,1087,2018-06-15 00:00:00,1,0,2024-07-20 20:58:25,0,2024-07-20 20:58:25,,,
2018-06-08,景德镇市,准一级焦,2230.00,出厂价,A13S0.7 CSR60,1088,2018-06-08 00:00:00,1,0,2024-07-20 20:58:25,0,2024-07-20 20:58:25,,,
2018-06-08,萍乡市,准一级焦,2200.00,出厂价,A13S0.7CSR60,1089,2018-06-08 00:00:00,1,0,2024-07-20 20:58:25,0,2024-07-20 20:58:25,,,
2018-06-01,景德镇市,准一级焦,2070.00,出厂价,A13S0.7 CSR60,1090,2018-06-01 00:00:00,1,0,2024-07-20 20:58:25,0,2024-07-20 20:58:25,,,
2018-06-01,萍乡市,准一级焦,2040.00,出厂价,A13S0.7CSR60,1091,2018-06-01 00:00:00,1,0,2024-07-20 20:58:25,0,2024-07-20 20:58:25,,,
2018-05-25,景德镇市,准一级焦,2070.00,出厂价,A13S0.7 CSR60,1092,2018-05-25 00:00:00,1,0,2024-07-20 20:58:25,0,2024-07-20 20:58:25,,,
2018-05-25,萍乡市,准一级焦,2040.00,出厂价,A13S0.7CSR60,1093,2018-05-25 00:00:00,1,0,2024-07-20 20:58:25,0,2024-07-20 20:58:25,,,
2018-05-18,景德镇市,准一级焦,2020.00,出厂价,A13S0.7 CSR60,1094,2018-05-18 00:00:00,1,0,2024-07-20 20:58:25,0,2024-07-20 20:58:25,,,
2018-05-18,萍乡市,准一级焦,1990.00,出厂价,A13S0.7CSR60,1095,2018-05-18 00:00:00,1,0,2024-07-20 20:58:25,0,2024-07-20 20:58:25,,,
2018-05-11,景德镇市,准一级焦,2020.00,出厂价,A13S0.7 CSR60,1096,2018-05-11 00:00:00,1,0,2024-07-20 20:58:25,0,2024-07-20 20:58:25,,,
2018-05-11,萍乡市,准一级焦,1990.00,出厂价,A13S0.7CSR60,1097,2018-05-11 00:00:00,1,0,2024-07-20 20:58:25,0,2024-07-20 20:58:25,,,
2018-05-04,景德镇市,准一级焦,1970.00,出厂价,A13S0.7 CSR60,1098,2018-05-04 00:00:00,1,0,2024-07-20 20:58:25,0,2024-07-20 20:58:25,,,
2018-05-04,萍乡市,准一级焦,1940.00,出厂价,A13S0.7CSR60,1099,2018-05-04 00:00:00,1,0,2024-07-20 20:58:25,0,2024-07-20 20:58:25,,,
2018-04-27,景德镇市,准一级焦,2070.00,出厂价,A13S0.7 CSR60,1100,2018-04-27 00:00:00,1,0,2024-07-20 20:58:25,0,2024-07-20 20:58:25,,,
2018-04-27,萍乡市,准一级焦,2040.00,出厂价,A13S0.7CSR60,1101,2018-04-27 00:00:00,1,0,2024-07-20 20:58:25,0,2024-07-20 20:58:25,,,
2018-04-20,景德镇市,准一级焦,2070.00,出厂价,A13S0.7 CSR60,1102,2018-04-20 00:00:00,1,0,2024-07-20 20:58:25,0,2024-07-20 20:58:25,,,
2018-04-20,萍乡市,准一级焦,2040.00,出厂价,A13S0.7CSR60,1103,2018-04-20 00:00:00,1,0,2024-07-20 20:58:25,0,2024-07-20 20:58:25,,,
2018-04-13,景德镇市,准一级焦,2070.00,出厂价,A13S0.7 CSR60,1104,2018-04-13 00:00:00,1,0,2024-07-20 20:58:25,0,2024-07-20 20:58:25,,,
2018-04-13,萍乡市,准一级焦,2040.00,出厂价,A13S0.7CSR60,1105,2018-04-13 00:00:00,1,0,2024-07-20 20:58:25,0,2024-07-20 20:58:25,,,
2018-04-08,景德镇市,准一级焦,2150.00,出厂价,A13S0.7 CSR60,1106,2018-04-08 00:00:00,1,0,2024-07-20 20:58:25,0,2024-07-20 20:58:25,,,
2018-04-08,萍乡市,准一级焦,2120.00,出厂价,A13S0.7CSR60,1107,2018-04-08 00:00:00,1,0,2024-07-20 20:58:25,0,2024-07-20 20:58:25,,,
2018-03-30,景德镇市,准一级焦,2300.00,出厂价,A13S0.7 CSR60,1108,2018-03-30 00:00:00,1,0,2024-07-20 20:58:25,0,2024-07-20 20:58:25,,,
2018-03-30,萍乡市,准一级焦,2250.00,出厂价,A13S0.7CSR60,1109,2018-03-30 00:00:00,1,0,2024-07-20 20:58:25,0,2024-07-20 20:58:25,,,
2018-03-23,景德镇市,准一级焦,2300.00,出厂价,A13S0.7 CSR60,1110,2018-03-23 00:00:00,1,0,2024-07-20 20:58:25,0,2024-07-20 20:58:25,,,
2018-03-23,萍乡市,准一级焦,2250.00,出厂价,A13S0.7CSR60,1111,2018-03-23 00:00:00,1,0,2024-07-20 20:58:27,0,2024-07-20 20:58:27,,,
2018-03-15,景德镇市,准一级焦,2350.00,出厂价,A13S0.7 CSR60,1112,2018-03-15 00:00:00,1,0,2024-07-20 20:58:27,0,2024-07-20 20:58:27,,,
2018-03-15,萍乡市,准一级焦,2300.00,出厂价,A13S0.7CSR60,1113,2018-03-15 00:00:00,1,0,2024-07-20 20:58:27,0,2024-07-20 20:58:27,,,
2018-03-09,景德镇市,准一级焦,2350.00,出厂价,A13S0.7 CSR60,1114,2018-03-09 00:00:00,1,0,2024-07-20 20:58:27,0,2024-07-20 20:58:27,,,
2018-03-09,萍乡市,准一级焦,2300.00,出厂价,A13S0.7CSR60,1115,2018-03-09 00:00:00,1,0,2024-07-20 20:58:27,0,2024-07-20 20:58:27,,,
2018-03-01,景德镇市,准一级焦,2350.00,出厂价,A13S0.7 CSR60,1116,2018-03-01 00:00:00,1,0,2024-07-20 20:58:27,0,2024-07-20 20:58:27,,,
2018-03-01,萍乡市,准一级焦,2300.00,出厂价,A13S0.7CSR60,1117,2018-03-01 00:00:00,1,0,2024-07-20 20:58:27,0,2024-07-20 20:58:27,,,
2018-02-08,景德镇市,准一级焦,2500.00,出厂价,A13S0.7 CSR60,1118,2018-02-08 00:00:00,1,0,2024-07-20 20:58:27,0,2024-07-20 20:58:27,,,
2018-02-08,萍乡市,准一级焦,2300.00,出厂价,A13S0.7CSR60,1119,2018-02-08 00:00:00,1,0,2024-07-20 20:58:27,0,2024-07-20 20:58:27,,,
2018-02-01,景德镇市,准一级焦,2500.00,出厂价,A13S0.7 CSR60,1120,2018-02-01 00:00:00,1,0,2024-07-20 20:58:27,0,2024-07-20 20:58:27,,,
2018-02-01,萍乡市,准一级焦,2300.00,出厂价,A13S0.7CSR60,1121,2018-02-01 00:00:00,1,0,2024-07-20 20:58:27,0,2024-07-20 20:58:27,,,
2018-01-25,景德镇市,准一级焦,2500.00,出厂价,A13S0.7 CSR60,1122,2018-01-25 00:00:00,1,0,2024-07-20 20:58:27,0,2024-07-20 20:58:27,,,
2018-01-25,萍乡市,准一级焦,2400.00,出厂价,A13S0.7CSR60,1123,2018-01-25 00:00:00,1,0,2024-07-20 20:58:27,0,2024-07-20 20:58:27,,,
2018-01-18,景德镇市,准一级焦,2500.00,出厂价,A13S0.7 CSR60,1124,2018-01-18 00:00:00,1,0,2024-07-20 20:58:27,0,2024-07-20 20:58:27,,,
2018-01-18,萍乡市,准一级焦,2500.00,出厂价,A13S0.7CSR60,1125,2018-01-18 00:00:00,1,0,2024-07-20 20:58:27,0,2024-07-20 20:58:27,,,
2018-01-11,景德镇市,准一级焦,2500.00,出厂价,A13S0.7 CSR60,1126,2018-01-11 00:00:00,1,0,2024-07-20 20:58:27,0,2024-07-20 20:58:27,,,
2018-01-11,萍乡市,准一级焦,2500.00,出厂价,A13S0.7CSR60,1127,2018-01-11 00:00:00,1,0,2024-07-20 20:58:27,0,2024-07-20 20:58:27,,,
2018-01-04,景德镇市,准一级焦,2300.00,出厂价,A13S0.7 CSR60,1128,2018-01-04 00:00:00,1,0,2024-07-20 20:58:27,0,2024-07-20 20:58:27,,,
2018-01-04,萍乡市,准一级焦,2300.00,出厂价,A13S0.7CSR60,1129,2018-01-04 00:00:00,1,0,2024-07-20 20:58:27,0,2024-07-20 20:58:27,,,
2017-12-28,景德镇市,准一级焦,2300.00,出厂价,A13S0.7 CSR60,1130,2017-12-28 00:00:00,1,0,2024-07-20 20:58:27,0,2024-07-20 20:58:27,,,
2017-12-28,萍乡市,准一级焦,2300.00,出厂价,A13S0.7CSR60,1131,2017-12-28 00:00:00,1,0,2024-07-20 20:58:27,0,2024-07-20 20:58:27,,,
2017-12-21,景德镇市,准一级焦,2300.00,出厂价,A13S0.7 CSR60,1132,2017-12-21 00:00:00,1,0,2024-07-20 20:58:27,0,2024-07-20 20:58:27,,,
2017-12-21,萍乡市,准一级焦,2300.00,出厂价,A13S0.7CSR60,1133,2017-12-21 00:00:00,1,0,2024-07-20 20:58:27,0,2024-07-20 20:58:27,,,
2017-12-14,景德镇市,准一级焦,2100.00,出厂价,A13S0.7 CSR60,1134,2017-12-14 00:00:00,1,0,2024-07-20 20:58:27,0,2024-07-20 20:58:27,,,
2017-12-14,萍乡市,准一级焦,2100.00,出厂价,A13S0.7CSR60,1135,2017-12-14 00:00:00,1,0,2024-07-20 20:58:27,0,2024-07-20 20:58:27,,,
2017-12-07,景德镇市,准一级焦,1950.00,出厂价,A13S0.7 CSR60,1136,2017-12-07 00:00:00,1,0,2024-07-20 20:58:27,0,2024-07-20 20:58:27,,,
2017-12-07,萍乡市,准一级焦,1950.00,出厂价,A13S0.7CSR60,1137,2017-12-07 00:00:00,1,0,2024-07-20 20:58:27,0,2024-07-20 20:58:27,,,
2017-11-30,景德镇市,准一级焦,1950.00,出厂价,A13S0.7 CSR60,1138,2017-11-30 00:00:00,1,0,2024-07-20 20:58:27,0,2024-07-20 20:58:27,,,
2017-11-30,萍乡市,准一级焦,1950.00,出厂价,A13S0.7CSR60,1139,2017-11-30 00:00:00,1,0,2024-07-20 20:58:27,0,2024-07-20 20:58:27,,,
2017-11-23,景德镇市,准一级焦,1850.00,出厂价,A13S0.7 CSR60,1140,2017-11-23 00:00:00,1,0,2024-07-20 20:58:27,0,2024-07-20 20:58:27,,,
2017-11-23,萍乡市,准一级焦,1850.00,出厂价,A13S0.7CSR60,1141,2017-11-23 00:00:00,1,0,2024-07-20 20:58:30,0,2024-07-20 20:58:30,,,
2017-11-16,景德镇市,准一级焦,1930.00,出厂价,A13S0.7 CSR60,1142,2017-11-16 00:00:00,1,0,2024-07-20 20:58:30,0,2024-07-20 20:58:30,,,
2017-11-16,萍乡市,准一级焦,1930.00,出厂价,A13S0.7CSR60,1143,2017-11-16 00:00:00,1,0,2024-07-20 20:58:30,0,2024-07-20 20:58:30,,,
2017-11-09,景德镇市,准一级焦,2080.00,出厂价,A13S0.7 CSR60,1144,2017-11-09 00:00:00,1,0,2024-07-20 20:58:30,0,2024-07-20 20:58:30,,,
2017-11-09,萍乡市,准一级焦,2080.00,出厂价,A13S0.7CSR60,1145,2017-11-09 00:00:00,1,0,2024-07-20 20:58:30,0,2024-07-20 20:58:30,,,
2017-11-02,景德镇市,准一级焦,2230.00,出厂价,A13S0.7 CSR60,1146,2017-11-02 00:00:00,1,0,2024-07-20 20:58:30,0,2024-07-20 20:58:30,,,
2017-11-02,萍乡市,准一级焦,2230.00,出厂价,A13S0.7CSR60,1147,2017-11-02 00:00:00,1,0,2024-07-20 20:58:30,0,2024-07-20 20:58:30,,,
2017-10-26,景德镇市,准一级焦,2280.00,出厂价,A13S0.7 CSR60,1148,2017-10-26 00:00:00,1,0,2024-07-20 20:58:30,0,2024-07-20 20:58:30,,,
2017-10-26,萍乡市,准一级焦,2280.00,出厂价,A13S0.7CSR60,1149,2017-10-26 00:00:00,1,0,2024-07-20 20:58:30,0,2024-07-20 20:58:30,,,
2017-10-19,景德镇市,准一级焦,2380.00,出厂价,A13S0.7 CSR60,1150,2017-10-19 00:00:00,1,0,2024-07-20 20:58:30,0,2024-07-20 20:58:30,,,
2017-10-19,萍乡市,准一级焦,2380.00,出厂价,A13S0.7CSR60,1151,2017-10-19 00:00:00,1,0,2024-07-20 20:58:30,0,2024-07-20 20:58:30,,,
2017-10-12,景德镇市,准一级焦,2440.00,出厂价,A13S0.7 CSR60,1152,2017-10-12 00:00:00,1,0,2024-07-20 20:58:30,0,2024-07-20 20:58:30,,,
2017-10-12,萍乡市,准一级焦,2480.00,出厂价,A13S0.7CSR60,1153,2017-10-12 00:00:00,1,0,2024-07-20 20:58:30,0,2024-07-20 20:58:30,,,
2017-09-21,景德镇市,准一级焦,2440.00,出厂价,A13S0.7 CSR60,1154,2017-09-21 00:00:00,1,0,2024-07-20 20:58:30,0,2024-07-20 20:58:30,,,
2017-09-21,萍乡市,准一级焦,2480.00,出厂价,A13S0.7CSR60,1155,2017-09-21 00:00:00,1,0,2024-07-20 20:58:30,0,2024-07-20 20:58:30,,,
2017-09-14,景德镇市,准一级焦,2290.00,出厂价,A13S0.7 CSR60,1156,2017-09-14 00:00:00,1,0,2024-07-20 20:58:30,0,2024-07-20 20:58:30,,,
2017-09-14,萍乡市,准一级焦,2330.00,出厂价,A13S0.7CSR60,1157,2017-09-14 00:00:00,1,0,2024-07-20 20:58:30,0,2024-07-20 20:58:30,,,
2017-09-07,景德镇市,准一级焦,2290.00,出厂价,A13S0.7 CSR60,1158,2017-09-07 00:00:00,1,0,2024-07-20 20:58:30,0,2024-07-20 20:58:30,,,
2017-09-07,萍乡市,准一级焦,2330.00,出厂价,A13S0.7CSR60,1159,2017-09-07 00:00:00,1,0,2024-07-20 20:58:30,0,2024-07-20 20:58:30,,,
2017-08-31,萍乡市,准一级焦,2180.00,出厂价,A13S0.7CSR60,1160,2017-08-31 00:00:00,1,0,2024-07-20 20:58:30,0,2024-07-20 20:58:30,,,
2017-08-31,景德镇市,准一级焦,2140.00,出厂价,A13S0.7 CSR60,1161,2017-08-31 00:00:00,1,0,2024-07-20 20:58:30,0,2024-07-20 20:58:30,,,
2017-08-24,景德镇市,准一级焦,2140.00,出厂价,A13S0.7 CSR60,1162,2017-08-24 00:00:00,1,0,2024-07-20 20:58:30,0,2024-07-20 20:58:30,,,
2017-08-24,萍乡市,准一级焦,2180.00,出厂价,A13S0.7CSR60,1163,2017-08-24 00:00:00,1,0,2024-07-20 20:58:30,0,2024-07-20 20:58:30,,,
2017-08-17,景德镇市,准一级焦,2040.00,出厂价,,1164,2017-08-17 00:00:00,1,0,2024-07-20 20:58:30,0,2024-07-20 20:58:30,,,
2017-08-17,萍乡市,准一级焦,2080.00,出厂价,,1165,2017-08-17 00:00:00,1,0,2024-07-20 20:58:30,0,2024-07-20 20:58:30,,,
2017-08-10,景德镇市,准一级焦,2040.00,出厂价,,1166,2017-08-10 00:00:00,1,0,2024-07-20 20:58:30,0,2024-07-20 20:58:30,,,
2017-08-10,萍乡市,准一级焦,2080.00,出厂价,,1167,2017-08-10 00:00:00,1,0,2024-07-20 20:58:30,0,2024-07-20 20:58:30,,,
2017-08-03,萍乡市,准一级焦,1980.00,出厂价,,1168,2017-08-03 00:00:00,1,0,2024-07-20 20:58:30,0,2024-07-20 20:58:30,,,
2017-07-27,萍乡市,准一级焦,1950.00,出厂价,,1169,2017-07-27 00:00:00,1,0,2024-07-20 20:58:30,0,2024-07-20 20:58:30,,,
2017-07-20,萍乡市,准一级焦,1950.00,出厂价,,1170,2017-07-20 00:00:00,1,0,2024-07-20 20:58:30,0,2024-07-20 20:58:30,,,
2017-07-13,萍乡市,准一级焦,1900.00,出厂价,,1171,2017-07-13 00:00:00,1,0,2024-07-20 20:58:33,0,2024-07-20 20:58:33,,,
2017-07-06,萍乡市,准一级焦,2100.00,出厂价,,1172,2017-07-06 00:00:00,1,0,2024-07-20 20:58:33,0,2024-07-20 20:58:33,,,
2017-06-29,萍乡市,准一级焦,2100.00,出厂价,,1173,2017-06-29 00:00:00,1,0,2024-07-20 20:58:33,0,2024-07-20 20:58:33,,,
2017-06-22,萍乡市,准一级焦,2100.00,出厂价,,1174,2017-06-22 00:00:00,1,0,2024-07-20 20:58:33,0,2024-07-20 20:58:33,,,
2017-06-15,萍乡市,准一级焦,2100.00,出厂价,,1175,2017-06-15 00:00:00,1,0,2024-07-20 20:58:33,0,2024-07-20 20:58:33,,,
2017-06-08,萍乡市,准一级焦,2100.00,出厂价,,1176,2017-06-08 00:00:00,1,0,2024-07-20 20:58:33,0,2024-07-20 20:58:33,,,
2017-06-01,萍乡市,准一级焦,2100.00,出厂价,,1177,2017-06-01 00:00:00,1,0,2024-07-20 20:58:33,0,2024-07-20 20:58:33,,,
2017-05-25,萍乡市,准一级焦,2100.00,出厂价,,1178,2017-05-25 00:00:00,1,0,2024-07-20 20:58:33,0,2024-07-20 20:58:33,,,
2017-05-18,萍乡市,准一级焦,2100.00,出厂价,,1179,2017-05-18 00:00:00,1,0,2024-07-20 20:58:33,0,2024-07-20 20:58:33,,,
2017-05-11,萍乡市,准一级焦,2100.00,出厂价,,1180,2017-05-11 00:00:00,1,0,2024-07-20 20:58:33,0,2024-07-20 20:58:33,,,
2017-05-04,萍乡市,准一级焦,2100.00,出厂价,,1181,2017-05-04 00:00:00,1,0,2024-07-20 20:58:33,0,2024-07-20 20:58:33,,,
2017-04-27,萍乡市,准一级焦,2100.00,出厂价,,1182,2017-04-27 00:00:00,1,0,2024-07-20 20:58:33,0,2024-07-20 20:58:33,,,
2017-04-20,萍乡市,准一级焦,2100.00,出厂价,,1183,2017-04-20 00:00:00,1,0,2024-07-20 20:58:33,0,2024-07-20 20:58:33,,,
2017-04-13,萍乡市,准一级焦,2100.00,出厂价,,1184,2017-04-13 00:00:00,1,0,2024-07-20 20:58:33,0,2024-07-20 20:58:33,,,
2017-04-06,萍乡市,准一级焦,2100.00,出厂价,,1185,2017-04-06 00:00:00,1,0,2024-07-20 20:58:33,0,2024-07-20 20:58:33,,,
2017-03-30,萍乡市,准一级焦,2000.00,出厂价,,1186,2017-03-30 00:00:00,1,0,2024-07-20 20:58:33,0,2024-07-20 20:58:33,,,
2017-03-23,萍乡市,准一级焦,2000.00,出厂价,,1187,2017-03-23 00:00:00,1,0,2024-07-20 20:58:33,0,2024-07-20 20:58:33,,,
2017-03-16,萍乡市,准一级焦,2000.00,出厂价,,1188,2017-03-16 00:00:00,1,0,2024-07-20 20:58:33,0,2024-07-20 20:58:33,,,
2017-03-09,萍乡市,准一级焦,2000.00,出厂价,,1189,2017-03-09 00:00:00,1,0,2024-07-20 20:58:33,0,2024-07-20 20:58:33,,,
2017-03-02,萍乡市,准一级焦,2000.00,出厂价,,1190,2017-03-02 00:00:00,1,0,2024-07-20 20:58:33,0,2024-07-20 20:58:33,,,
2017-02-23,萍乡市,准一级焦,1800.00,出厂价,,1191,2017-02-23 00:00:00,1,0,2024-07-20 20:58:33,0,2024-07-20 20:58:33,,,
2017-02-16,萍乡市,准一级焦,1800.00,出厂价,,1192,2017-02-16 00:00:00,1,0,2024-07-20 20:58:33,0,2024-07-20 20:58:33,,,
2017-02-09,萍乡市,准一级焦,1900.00,出厂价,,1193,2017-02-09 00:00:00,1,0,2024-07-20 20:58:33,0,2024-07-20 20:58:33,,,
2017-01-19,萍乡市,准一级焦,2000.00,出厂价,,1194,2017-01-19 00:00:00,1,0,2024-07-20 20:58:33,0,2024-07-20 20:58:33,,,
2017-01-12,萍乡市,准一级焦,2000.00,出厂价,,1195,2017-01-12 00:00:00,1,0,2024-07-20 20:58:33,0,2024-07-20 20:58:33,,,
2017-01-06,萍乡市,准一级焦,2000.00,出厂价,,1196,2017-01-06 00:00:00,1,0,2024-07-20 20:58:33,0,2024-07-20 20:58:33,,,
2024-07-31,景德镇市,准一级焦,2270.00,出厂价,A13S0.7 CSR60MT5,1299,2024-07-31 00:00:00,1,0,2024-08-01 10:47:52,0,2024-08-01 10:47:52,,,
2024-07-30,景德镇市,准一级焦,2270.00,出厂价,A13S0.7 CSR60MT5,1300,2024-07-30 00:00:00,1,0,2024-08-01 10:47:52,0,2024-08-01 10:47:52,,,
2024-07-29,景德镇市,准一级焦,2370.00,出厂价,A13S0.7 CSR60MT5,1301,2024-07-29 00:00:00,1,0,2024-08-01 10:47:52,0,2024-08-01 10:47:52,,,
2024-07-26,景德镇市,准一级焦,2370.00,出厂价,A13S0.7 CSR60MT5,1302,2024-07-26 00:00:00,1,0,2024-08-01 10:47:52,0,2024-08-01 10:47:52,,,
2024-07-25,景德镇市,准一级焦,2370.00,出厂价,A13S0.7 CSR60MT5,1303,2024-07-25 00:00:00,1,0,2024-08-01 10:47:52,0,2024-08-01 10:47:52,,,
2024-07-24,景德镇市,准一级焦,2370.00,出厂价,A13S0.7 CSR60MT5,1304,2024-07-24 00:00:00,1,0,2024-08-01 10:47:52,0,2024-08-01 10:47:52,,,
2024-07-23,景德镇市,准一级焦,2370.00,出厂价,A13S0.7 CSR60MT5,1305,2024-07-23 00:00:00,1,0,2024-08-01 10:47:52,0,2024-08-01 10:47:52,,,
2024-07-22,景德镇市,准一级焦,2370.00,出厂价,A13S0.7 CSR60MT5,1306,2024-07-22 00:00:00,1,0,2024-08-01 10:47:52,0,2024-08-01 10:47:52,,,
2024-11-06,景德镇市,准一级焦,1970.00,出厂价,A13S0.7 CSR60MT5,1307,2024-11-06 00:00:00,1,0,2024-11-07 02:10:45,0,2024-11-07 02:10:45,,,
2024-11-05,景德镇市,准一级焦,1970.00,出厂价,A13S0.7 CSR60MT5,1308,2024-11-05 00:00:00,1,0,2024-11-07 02:10:45,0,2024-11-07 02:10:45,,,
2024-11-04,景德镇市,准一级焦,1970.00,出厂价,A13S0.7 CSR60MT5,1309,2024-11-04 00:00:00,1,0,2024-11-07 02:10:45,0,2024-11-07 02:10:45,,,
2024-11-01,景德镇市,准一级焦,1970.00,出厂价,A13S0.7 CSR60MT5,1310,2024-11-01 00:00:00,1,0,2024-11-07 02:10:45,0,2024-11-07 02:10:45,,,
2024-10-31,景德镇市,准一级焦,1970.00,出厂价,A13S0.7 CSR60MT5,1311,2024-10-31 00:00:00,1,0,2024-11-07 02:10:45,0,2024-11-07 02:10:45,,,
2024-10-30,景德镇市,准一级焦,1970.00,出厂价,A13S0.7 CSR60MT5,1312,2024-10-30 00:00:00,1,0,2024-11-07 02:10:45,0,2024-11-07 02:10:45,,,
2024-10-29,景德镇市,准一级焦,1970.00,出厂价,A13S0.7 CSR60MT5,1313,2024-10-29 00:00:00,1,0,2024-11-07 02:10:45,0,2024-11-07 02:10:45,,,
2024-10-28,景德镇市,准一级焦,1970.00,出厂价,A13S0.7 CSR60MT5,1314,2024-10-28 00:00:00,1,0,2024-11-07 02:10:45,0,2024-11-07 02:10:45,,,
2024-10-25,景德镇市,准一级焦,1970.00,出厂价,A13S0.7 CSR60MT5,1315,2024-10-25 00:00:00,1,0,2024-11-07 02:10:45,0,2024-11-07 02:10:45,,,
2024-10-24,景德镇市,准一级焦,1970.00,出厂价,A13S0.7 CSR60MT5,1316,2024-10-24 00:00:00,1,0,2024-11-07 02:10:45,0,2024-11-07 02:10:45,,,
2024-10-23,景德镇市,准一级焦,1970.00,出厂价,A13S0.7 CSR60MT5,1317,2024-10-23 00:00:00,1,0,2024-11-07 02:10:45,0,2024-11-07 02:10:45,,,
2024-10-22,景德镇市,准一级焦,1970.00,出厂价,A13S0.7 CSR60MT5,1318,2024-10-22 00:00:00,1,0,2024-11-07 02:10:45,0,2024-11-07 02:10:45,,,
2024-10-21,景德镇市,准一级焦,1970.00,出厂价,A13S0.7 CSR60MT5,1319,2024-10-21 00:00:00,1,0,2024-11-07 02:10:45,0,2024-11-07 02:10:45,,,
2024-10-18,景德镇市,准一级焦,1970.00,出厂价,A13S0.7 CSR60MT5,1320,2024-10-18 00:00:00,1,0,2024-11-07 02:10:45,0,2024-11-07 02:10:45,,,
2024-10-17,景德镇市,准一级焦,1970.00,出厂价,A13S0.7 CSR60MT5,1321,2024-10-17 00:00:00,1,0,2024-11-07 02:10:45,0,2024-11-07 02:10:45,,,
2024-10-16,景德镇市,准一级焦,1970.00,出厂价,A13S0.7 CSR60MT5,1322,2024-10-16 00:00:00,1,0,2024-11-07 02:10:45,0,2024-11-07 02:10:45,,,
2024-10-15,景德镇市,准一级焦,1970.00,出厂价,A13S0.7 CSR60MT5,1323,2024-10-15 00:00:00,1,0,2024-11-07 02:10:45,0,2024-11-07 02:10:45,,,
2024-10-14,景德镇市,准一级焦,1970.00,出厂价,A13S0.7 CSR60MT5,1324,2024-10-14 00:00:00,1,0,2024-11-07 02:10:45,0,2024-11-07 02:10:45,,,
2024-10-11,景德镇市,准一级焦,1970.00,出厂价,A13S0.7 CSR60MT5,1325,2024-10-11 00:00:00,1,0,2024-11-07 02:10:45,0,2024-11-07 02:10:45,,,
2024-10-10,景德镇市,准一级焦,1970.00,出厂价,A13S0.7 CSR60MT5,1326,2024-10-10 00:00:00,1,0,2024-11-07 02:10:45,0,2024-11-07 02:10:45,,,
2024-10-09,景德镇市,准一级焦,1970.00,出厂价,A13S0.7 CSR60MT5,1327,2024-10-09 00:00:00,1,0,2024-11-07 02:10:45,0,2024-11-07 02:10:45,,,
2024-10-08,景德镇市,准一级焦,1970.00,出厂价,A13S0.7 CSR60MT5,1328,2024-10-08 00:00:00,1,0,2024-11-07 02:10:45,0,2024-11-07 02:10:45,,,
2024-09-30,景德镇市,准一级焦,1920.00,出厂价,A13S0.7 CSR60MT5,1329,2024-09-30 00:00:00,1,0,2024-11-07 02:10:45,0,2024-11-07 02:10:45,,,
2024-09-29,景德镇市,准一级焦,1920.00,出厂价,A13S0.7 CSR60MT5,1330,2024-09-29 00:00:00,1,0,2024-11-07 02:10:45,0,2024-11-07 02:10:45,,,
2024-09-27,景德镇市,准一级焦,1920.00,出厂价,A13S0.7 CSR60MT5,1331,2024-09-27 00:00:00,1,0,2024-11-07 02:10:45,0,2024-11-07 02:10:45,,,
2024-09-26,景德镇市,准一级焦,1920.00,出厂价,A13S0.7 CSR60MT5,1332,2024-09-26 00:00:00,1,0,2024-11-07 02:10:45,0,2024-11-07 02:10:45,,,
2024-09-25,景德镇市,准一级焦,1920.00,出厂价,A13S0.7 CSR60MT5,1333,2024-09-25 00:00:00,1,0,2024-11-07 02:10:45,0,2024-11-07 02:10:45,,,
2024-09-24,景德镇市,准一级焦,1920.00,出厂价,A13S0.7 CSR60MT5,1334,2024-09-24 00:00:00,1,0,2024-11-07 02:10:45,0,2024-11-07 02:10:45,,,
2024-09-23,景德镇市,准一级焦,1920.00,出厂价,A13S0.7 CSR60MT5,1335,2024-09-23 00:00:00,1,0,2024-11-07 02:10:45,0,2024-11-07 02:10:45,,,
2024-09-20,景德镇市,准一级焦,1920.00,出厂价,A13S0.7 CSR60MT5,1336,2024-09-20 00:00:00,1,0,2024-11-07 02:10:45,0,2024-11-07 02:10:45,,,
2024-09-19,景德镇市,准一级焦,1920.00,出厂价,A13S0.7 CSR60MT5,1337,2024-09-19 00:00:00,1,0,2024-11-07 02:10:48,0,2024-11-07 02:10:48,,,
2024-09-18,景德镇市,准一级焦,1920.00,出厂价,A13S0.7 CSR60MT5,1338,2024-09-18 00:00:00,1,0,2024-11-07 02:10:48,0,2024-11-07 02:10:48,,,
2024-09-14,景德镇市,准一级焦,1920.00,出厂价,A13S0.7 CSR60MT5,1339,2024-09-14 00:00:00,1,0,2024-11-07 02:10:48,0,2024-11-07 02:10:48,,,
2024-09-13,景德镇市,准一级焦,1920.00,出厂价,A13S0.7 CSR60MT5,1340,2024-09-13 00:00:00,1,0,2024-11-07 02:10:48,0,2024-11-07 02:10:48,,,
2024-09-12,景德镇市,准一级焦,1920.00,出厂价,A13S0.7 CSR60MT5,1341,2024-09-12 00:00:00,1,0,2024-11-07 02:10:48,0,2024-11-07 02:10:48,,,
2024-09-11,景德镇市,准一级焦,1920.00,出厂价,A13S0.7 CSR60MT5,1342,2024-09-11 00:00:00,1,0,2024-11-07 02:10:48,0,2024-11-07 02:10:48,,,
2024-09-10,景德镇市,准一级焦,1920.00,出厂价,A13S0.7 CSR60MT5,1343,2024-09-10 00:00:00,1,0,2024-11-07 02:10:48,0,2024-11-07 02:10:48,,,
2024-09-09,景德镇市,准一级焦,1920.00,出厂价,A13S0.7 CSR60MT5,1344,2024-09-09 00:00:00,1,0,2024-11-07 02:10:48,0,2024-11-07 02:10:48,,,
2024-09-06,景德镇市,准一级焦,1920.00,出厂价,A13S0.7 CSR60MT5,1345,2024-09-06 00:00:00,1,0,2024-11-07 02:10:48,0,2024-11-07 02:10:48,,,
2024-09-05,景德镇市,准一级焦,1920.00,出厂价,A13S0.7 CSR60MT5,1346,2024-09-05 00:00:00,1,0,2024-11-07 02:10:48,0,2024-11-07 02:10:48,,,
2024-09-04,景德镇市,准一级焦,1920.00,出厂价,A13S0.7 CSR60MT5,1347,2024-09-04 00:00:00,1,0,2024-11-07 02:10:48,0,2024-11-07 02:10:48,,,
2024-09-03,景德镇市,准一级焦,2220.00,出厂价,A13S0.7 CSR60MT5,1348,2024-09-03 00:00:00,1,0,2024-11-07 02:10:48,0,2024-11-07 02:10:48,,,
2024-09-02,景德镇市,准一级焦,2220.00,出厂价,A13S0.7 CSR60MT5,1349,2024-09-02 00:00:00,1,0,2024-11-07 02:10:48,0,2024-11-07 02:10:48,,,
2024-08-30,景德镇市,准一级焦,2220.00,出厂价,A13S0.7 CSR60MT5,1350,2024-08-30 00:00:00,1,0,2024-11-07 02:10:48,0,2024-11-07 02:10:48,,,
2024-08-29,景德镇市,准一级焦,2220.00,出厂价,A13S0.7 CSR60MT5,1351,2024-08-29 00:00:00,1,0,2024-11-07 02:10:48,0,2024-11-07 02:10:48,,,
2024-08-28,景德镇市,准一级焦,2220.00,出厂价,A13S0.7 CSR60MT5,1352,2024-08-28 00:00:00,1,0,2024-11-07 02:10:48,0,2024-11-07 02:10:48,,,
2024-08-27,景德镇市,准一级焦,2220.00,出厂价,A13S0.7 CSR60MT5,1353,2024-08-27 00:00:00,1,0,2024-11-07 02:10:48,0,2024-11-07 02:10:48,,,
2024-08-26,景德镇市,准一级焦,2220.00,出厂价,A13S0.7 CSR60MT5,1354,2024-08-26 00:00:00,1,0,2024-11-07 02:10:48,0,2024-11-07 02:10:48,,,
2024-08-23,景德镇市,准一级焦,2220.00,出厂价,A13S0.7 CSR60MT5,1355,2024-08-23 00:00:00,1,0,2024-11-07 02:10:48,0,2024-11-07 02:10:48,,,
2024-08-22,景德镇市,准一级焦,2220.00,出厂价,A13S0.7 CSR60MT5,1356,2024-08-22 00:00:00,1,0,2024-11-07 02:10:48,0,2024-11-07 02:10:48,,,
2024-08-21,景德镇市,准一级焦,2220.00,出厂价,A13S0.7 CSR60MT5,1357,2024-08-21 00:00:00,1,0,2024-11-07 02:10:48,0,2024-11-07 02:10:48,,,
2024-08-20,景德镇市,准一级焦,2220.00,出厂价,A13S0.7 CSR60MT5,1358,2024-08-20 00:00:00,1,0,2024-11-07 02:10:48,0,2024-11-07 02:10:48,,,
2024-08-19,景德镇市,准一级焦,2220.00,出厂价,A13S0.7 CSR60MT5,1359,2024-08-19 00:00:00,1,0,2024-11-07 02:10:48,0,2024-11-07 02:10:48,,,
2024-08-16,景德镇市,准一级焦,2220.00,出厂价,A13S0.7 CSR60MT5,1360,2024-08-16 00:00:00,1,0,2024-11-07 02:10:48,0,2024-11-07 02:10:48,,,
2024-08-15,景德镇市,准一级焦,2220.00,出厂价,A13S0.7 CSR60MT5,1361,2024-08-15 00:00:00,1,0,2024-11-07 02:10:48,0,2024-11-07 02:10:48,,,
2024-08-14,景德镇市,准一级焦,2220.00,出厂价,A13S0.7 CSR60MT5,1362,2024-08-14 00:00:00,1,0,2024-11-07 02:10:48,0,2024-11-07 02:10:48,,,
2024-08-13,景德镇市,准一级焦,2220.00,出厂价,A13S0.7 CSR60MT5,1363,2024-08-13 00:00:00,1,0,2024-11-07 02:10:48,0,2024-11-07 02:10:48,,,
2024-08-12,景德镇市,准一级焦,2220.00,出厂价,A13S0.7 CSR60MT5,1364,2024-08-12 00:00:00,1,0,2024-11-07 02:10:48,0,2024-11-07 02:10:48,,,
2024-08-09,景德镇市,准一级焦,2220.00,出厂价,A13S0.7 CSR60MT5,1365,2024-08-09 00:00:00,1,0,2024-11-07 02:10:48,0,2024-11-07 02:10:48,,,
2024-08-08,景德镇市,准一级焦,2220.00,出厂价,A13S0.7 CSR60MT5,1366,2024-08-08 00:00:00,1,0,2024-11-07 02:10:48,0,2024-11-07 02:10:48,,,
2024-08-07,景德镇市,准一级焦,2220.00,出厂价,A13S0.7 CSR60MT5,1367,2024-08-07 00:00:00,1,0,2024-11-07 02:10:51,0,2024-11-07 02:10:51,,,
2024-08-06,景德镇市,准一级焦,2220.00,出厂价,A13S0.7 CSR60MT5,1368,2024-08-06 00:00:00,1,0,2024-11-07 02:10:51,0,2024-11-07 02:10:51,,,
2024-08-05,景德镇市,准一级焦,2220.00,出厂价,A13S0.7 CSR60MT5,1369,2024-08-05 00:00:00,1,0,2024-11-07 02:10:51,0,2024-11-07 02:10:51,,,
2024-08-02,景德镇市,准一级焦,2270.00,出厂价,A13S0.7 CSR60MT5,1370,2024-08-02 00:00:00,1,0,2024-11-07 02:10:51,0,2024-11-07 02:10:51,,,
2024-08-01,景德镇市,准一级焦,2270.00,出厂价,A13S0.7 CSR60MT5,1371,2024-08-01 00:00:00,1,0,2024-11-07 02:10:51,0,2024-11-07 02:10:51,,,
2024-11-07,景德镇市,准一级焦,1970.00,出厂价,A13S0.7 CSR60MT5,1372,2024-11-07 00:00:00,1,0,2024-11-07 23:18:05,0,2024-11-07 23:18:05,,,
2024-11-08,景德镇市,准一级焦,1970.00,出厂价,A13S0.7 CSR60MT5,1373,2024-11-08 00:00:00,1,0,2024-11-08 23:18:21,0,2024-11-08 23:18:21,,,
2024-11-11,景德镇市,准一级焦,2120.00,出厂价,A13S0.7 CSR60MT5,1374,2024-11-11 00:00:00,1,0,2024-11-11 23:18:20,0,2024-11-11 23:18:20,,,
2024-11-12,景德镇市,准一级焦,2120.00,出厂价,A13S0.7 CSR60MT5,1375,2024-11-12 00:00:00,1,0,2024-11-12 23:19:44,0,2024-11-12 23:19:44,,,
2024-11-13,景德镇市,准一级焦,2120.00,出厂价,A13S0.7 CSR60MT5,1376,2024-11-13 00:00:00,1,0,2024-11-13 23:17:15,0,2024-11-13 23:17:15,,,
2024-11-14,景德镇市,准一级焦,2120.00,出厂价,A13S0.7 CSR60MT5,1377,2024-11-14 00:00:00,1,0,2024-11-14 23:18:25,0,2024-11-14 23:18:25,,,
2024-11-15,景德镇市,准一级焦,2120.00,出厂价,A13S0.7 CSR60MT5,1378,2024-11-15 00:00:00,1,0,2024-11-15 23:18:33,0,2024-11-15 23:18:33,,,
2024-11-18,景德镇市,准一级焦,2120.00,出厂价,A13S0.7 CSR60MT5,1379,2024-11-18 00:00:00,1,0,2024-11-18 23:17:51,0,2024-11-18 23:17:51,,,
2024-11-19,景德镇市,准一级焦,2120.00,出厂价,A13S0.7 CSR60MT5,1380,2024-11-19 00:00:00,1,0,2024-11-19 23:18:10,0,2024-11-19 23:18:10,,,
2024-11-20,景德镇市,准一级焦,2120.00,出厂价,A13S0.7 CSR60MT5,1381,2024-11-20 00:00:00,1,0,2024-11-20 23:18:11,0,2024-11-20 23:18:11,,,
2024-11-21,景德镇市,准一级焦,2120.00,出厂价,A13S0.7 CSR60MT5,1382,2024-11-21 00:00:00,1,0,2024-11-21 23:20:07,0,2024-11-21 23:20:07,,,
2024-11-22,景德镇市,准一级焦,2120.00,出厂价,A13S0.7 CSR60MT5,1383,2024-11-22 00:00:00,1,0,2024-11-22 23:18:00,0,2024-11-22 23:18:00,,,
2024-11-25,景德镇市,准一级焦,2120.00,出厂价,A13S0.7 CSR60MT5,1384,2024-11-25 00:00:00,1,0,2024-11-25 23:19:12,0,2024-11-25 23:19:12,,,
2024-11-26,景德镇市,准一级焦,2120.00,出厂价,A13S0.7 CSR60MT5,1385,2024-11-26 00:00:00,1,0,2024-11-26 23:18:04,0,2024-11-26 23:18:04,,,
2024-11-27,景德镇市,准一级焦,2120.00,出厂价,A13S0.7 CSR60MT5,1386,2024-11-27 00:00:00,1,0,2024-11-27 23:18:03,0,2024-11-27 23:18:03,,,
2024-11-28,景德镇市,准一级焦,2120.00,出厂价,A13S0.7 CSR60MT5,1387,2024-11-28 00:00:00,1,0,2024-11-28 23:18:18,0,2024-11-28 23:18:18,,,
2024-11-29,景德镇市,准一级焦,2120.00,出厂价,A13S0.7 CSR60MT5,1388,2024-11-29 00:00:00,1,0,2024-11-29 23:17:43,0,2024-11-29 23:17:43,,,
2024-12-02,景德镇市,准一级焦,2120.00,出厂价,A13S0.7 CSR60MT5,1389,2024-12-02 00:00:00,1,0,2024-12-02 23:19:09,0,2024-12-02 23:19:09,,,
2024-12-03,景德镇市,准一级焦,2120.00,出厂价,A13S0.7 CSR60MT5,1390,2024-12-03 00:00:00,1,0,2024-12-03 23:17:45,0,2024-12-03 23:17:45,,,
2024-12-04,景德镇市,准一级焦,2120.00,出厂价,A13S0.7 CSR60MT5,1391,2024-12-04 00:00:00,1,0,2024-12-04 23:17:49,0,2024-12-04 23:17:49,,,
2024-12-05,景德镇市,准一级焦,2120.00,出厂价,A13S0.7 CSR60MT5,1392,2024-12-05 00:00:00,1,0,2024-12-05 23:19:13,0,2024-12-05 23:19:13,,,
2024-12-06,景德镇市,准一级焦,2120.00,出厂价,A13S0.7 CSR60MT5,1393,2024-12-06 00:00:00,1,0,2024-12-06 23:18:49,0,2024-12-06 23:18:49,,,
2024-12-09,景德镇市,准一级焦,2120.00,出厂价,A13S0.7 CSR60MT5,1394,2024-12-09 00:00:00,1,0,2024-12-09 23:18:36,0,2024-12-09 23:18:36,,,
2024-12-10,景德镇市,准一级焦,2050.00,出厂价,A13S0.7 CSR60MT5,1395,2024-12-10 00:00:00,1,0,2024-12-10 23:17:22,0,2024-12-10 23:17:22,,,
2024-12-11,景德镇市,准一级焦,2050.00,出厂价,A13S0.7 CSR60MT5,1396,2024-12-11 00:00:00,1,0,2024-12-11 23:17:58,0,2024-12-11 23:17:58,,,
2024-12-12,景德镇市,准一级焦,2050.00,出厂价,A13S0.7 CSR60MT5,1397,2024-12-12 00:00:00,1,0,2024-12-12 23:18:05,0,2024-12-12 23:18:05,,,
2024-12-13,景德镇市,准一级焦,2050.00,出厂价,A13S0.7 CSR60MT5,1398,2024-12-13 00:00:00,1,0,2024-12-13 23:18:39,0,2024-12-13 23:18:39,,,
2024-12-16,景德镇市,准一级焦,2050.00,出厂价,A13S0.7 CSR60MT5,1399,2024-12-16 00:00:00,1,0,2024-12-16 23:19:14,0,2024-12-16 23:19:14,,,
2024-12-17,景德镇市,准一级焦,2050.00,出厂价,A13S0.7 CSR60MT5,1400,2024-12-17 00:00:00,1,0,2024-12-17 23:18:11,0,2024-12-17 23:18:11,,,
2024-12-18,景德镇市,准一级焦,2050.00,出厂价,A13S0.7 CSR60MT5,1401,2024-12-18 00:00:00,1,0,2024-12-18 23:18:04,0,2024-12-18 23:18:04,,,
2024-12-19,景德镇市,准一级焦,2050.00,出厂价,A13S0.7 CSR60MT5,1402,2024-12-19 00:00:00,1,0,2024-12-19 23:17:27,0,2024-12-19 23:17:27,,,
2024-12-20,景德镇市,准一级焦,2050.00,出厂价,A13S0.7 CSR60MT5,1403,2024-12-20 00:00:00,1,0,2024-12-20 23:21:09,0,2024-12-20 23:21:09,,,
2024-12-23,景德镇市,准一级焦,2050.00,出厂价,A13S0.7 CSR60MT5,1404,2024-12-23 00:00:00,1,0,2024-12-23 23:18:13,0,2024-12-23 23:18:13,,,
2024-12-24,景德镇市,准一级焦,2050.00,出厂价,A13S0.7 CSR60MT5,1405,2024-12-24 00:00:00,1,0,2024-12-24 23:17:58,0,2024-12-24 23:17:58,,,
2024-12-25,景德镇市,准一级焦,2050.00,出厂价,A13S0.7 CSR60MT5,1406,2024-12-25 00:00:00,1,0,2024-12-25 23:17:59,0,2024-12-25 23:17:59,,,
2024-12-26,景德镇市,准一级焦,2050.00,出厂价,A13S0.7 CSR60MT5,1407,2024-12-26 00:00:00,1,0,2024-12-26 23:18:00,0,2024-12-26 23:18:00,,,
2024-12-27,景德镇市,准一级焦,2050.00,出厂价,A13S0.7 CSR60MT5,1408,2024-12-27 00:00:00,1,0,2024-12-27 23:18:07,0,2024-12-27 23:18:07,,,
2024-12-30,景德镇市,准一级焦,2050.00,出厂价,A13S0.7 CSR60MT5,1409,2024-12-30 00:00:00,1,0,2024-12-30 23:19:13,0,2024-12-30 23:19:13,,,
2024-12-31,景德镇市,准一级焦,2050.00,出厂价,A13S0.7 CSR60MT5,1410,2024-12-31 00:00:00,1,0,2024-12-31 23:17:29,0,2024-12-31 23:17:29,,,
2025-01-02,景德镇市,准一级焦,2050.00,出厂价,A13S0.7 CSR60MT5,1411,2025-01-02 00:00:00,1,0,2025-01-02 23:17:31,0,2025-01-02 23:17:31,,,
2025-01-03,景德镇市,准一级焦,2050.00,出厂价,A13S0.7 CSR60MT5,1412,2025-01-03 00:00:00,1,0,2025-01-03 23:18:02,0,2025-01-03 23:18:02,,,
2025-01-06,景德镇市,准一级焦,2050.00,出厂价,A13S0.7 CSR60MT5,1413,2025-01-06 00:00:00,1,0,2025-01-06 23:18:34,0,2025-01-06 23:18:34,,,
2025-01-07,景德镇市,准一级焦,2050.00,出厂价,A13S0.7 CSR60MT5,1414,2025-01-07 00:00:00,1,0,2025-01-07 23:17:10,0,2025-01-07 23:17:10,,,
2025-01-08,景德镇市,准一级焦,2050.00,出厂价,A13S0.7 CSR60MT5,1415,2025-01-08 00:00:00,1,0,2025-01-08 23:17:26,0,2025-01-08 23:17:26,,,
2025-01-09,景德镇市,准一级焦,1950.00,出厂价,A13S0.7 CSR60MT5,1416,2025-01-09 00:00:00,1,0,2025-01-09 23:18:07,0,2025-01-09 23:18:07,,,
2025-01-10,景德镇市,准一级焦,1950.00,出厂价,A13S0.7 CSR60MT5,1417,2025-01-10 00:00:00,1,0,2025-01-10 23:18:21,0,2025-01-10 23:18:21,,,
2025-01-13,景德镇市,准一级焦,1950.00,出厂价,A13S0.7 CSR60MT5,1418,2025-01-13 00:00:00,1,0,2025-01-13 23:17:23,0,2025-01-13 23:17:23,,,
2025-01-14,景德镇市,准一级焦,1950.00,出厂价,A13S0.7 CSR60MT5,1419,2025-01-14 00:00:00,1,0,2025-01-14 23:18:31,0,2025-01-14 23:18:31,,,
2025-01-15,景德镇市,准一级焦,1950.00,出厂价,A13S0.7 CSR60MT5,1420,2025-01-15 00:00:00,1,0,2025-01-15 23:18:49,0,2025-01-15 23:18:49,,,
2025-01-16,景德镇市,准一级焦,1950.00,出厂价,A13S0.7 CSR60MT5,1421,2025-01-16 00:00:00,1,0,2025-01-16 23:17:15,0,2025-01-16 23:17:15,,,
2025-01-17,景德镇市,准一级焦,1950.00,出厂价,A13S0.7 CSR60MT5,1422,2025-01-17 00:00:00,1,0,2025-01-17 23:19:39,0,2025-01-17 23:19:39,,,
2025-01-20,景德镇市,准一级焦,1950.00,出厂价,A13S0.7 CSR60MT5,1423,2025-01-20 00:00:00,1,0,2025-01-20 23:18:06,0,2025-01-20 23:18:06,,,
2025-01-21,景德镇市,准一级焦,1950.00,出厂价,A13S0.7 CSR60MT5,1424,2025-01-21 00:00:00,1,0,2025-01-21 23:20:14,0,2025-01-21 23:20:14,,,
2025-01-22,景德镇市,准一级焦,1950.00,出厂价,A13S0.7 CSR60MT5,1425,2025-01-22 00:00:00,1,0,2025-01-22 23:17:39,0,2025-01-22 23:17:39,,,
2025-01-23,景德镇市,准一级焦,1950.00,出厂价,A13S0.7 CSR60MT5,1426,2025-01-23 00:00:00,1,0,2025-01-23 23:17:30,0,2025-01-23 23:17:30,,,
2025-01-24,景德镇市,准一级焦,1950.00,出厂价,A13S0.7 CSR60MT5,1427,2025-01-24 00:00:00,1,0,2025-01-24 23:18:21,0,2025-01-24 23:18:21,,,
2025-02-05,景德镇市,准一级焦,1950.00,出厂价,A13S0.7 CSR60MT5,1428,2025-02-05 00:00:00,1,0,2025-02-05 23:18:19,0,2025-02-05 23:18:19,,,
2025-01-27,景德镇市,准一级焦,1950.00,出厂价,A13S0.7 CSR60MT5,1429,2025-01-27 00:00:00,1,0,2025-02-05 23:18:19,0,2025-02-05 23:18:19,,,
2025-01-26,景德镇市,准一级焦,1950.00,出厂价,A13S0.7 CSR60MT5,1430,2025-01-26 00:00:00,1,0,2025-02-05 23:18:19,0,2025-02-05 23:18:19,,,
2025-02-06,景德镇市,准一级焦,1950.00,出厂价,A13S0.7 CSR60MT5,1431,2025-02-06 00:00:00,1,0,2025-02-06 23:16:51,0,2025-02-06 23:16:51,,,
2025-02-07,景德镇市,准一级焦,1950.00,出厂价,A13S0.7 CSR60MT5,1432,2025-02-07 00:00:00,1,0,2025-02-07 23:18:19,0,2025-02-07 23:18:19,,,
2025-02-10,景德镇市,准一级焦,1950.00,出厂价,A13S0.7 CSR60MT5,1433,2025-02-10 00:00:00,1,0,2025-02-10 23:18:22,0,2025-02-10 23:18:22,,,
2025-02-08,景德镇市,准一级焦,1950.00,出厂价,A13S0.7 CSR60MT5,1434,2025-02-08 00:00:00,1,0,2025-02-10 23:18:22,0,2025-02-10 23:18:22,,,
2025-02-11,景德镇市,准一级焦,1850.00,出厂价,A13S0.7 CSR60MT5,1435,2025-02-11 00:00:00,1,0,2025-02-11 23:16:58,0,2025-02-11 23:16:58,,,
2025-02-12,景德镇市,准一级焦,1850.00,出厂价,A13S0.7 CSR60MT5,1436,2025-02-12 00:00:00,1,0,2025-02-12 23:17:41,0,2025-02-12 23:17:41,,,
2025-02-13,景德镇市,准一级焦,1850.00,出厂价,A13S0.7 CSR60MT5,1437,2025-02-13 00:00:00,1,0,2025-02-13 23:17:42,0,2025-02-13 23:17:42,,,
2025-02-14,景德镇市,准一级焦,1850.00,出厂价,A13S0.7 CSR60MT5,1438,2025-02-14 00:00:00,1,0,2025-02-14 23:18:33,0,2025-02-14 23:18:33,,,
2025-02-17,景德镇市,准一级焦,1850.00,出厂价,A13S0.7 CSR60MT5,1439,2025-02-17 00:00:00,1,0,2025-02-17 23:17:39,0,2025-02-17 23:17:39,,,
2025-02-18,景德镇市,准一级焦,1850.00,出厂价,A13S0.7 CSR60MT5,1440,2025-02-18 00:00:00,1,0,2025-02-18 23:16:51,0,2025-02-18 23:16:51,,,
2025-02-19,景德镇市,准一级焦,1850.00,出厂价,A13S0.7 CSR60MT5,1441,2025-02-19 00:00:00,1,0,2025-02-19 23:19:19,0,2025-02-19 23:19:19,,,
2025-02-20,景德镇市,准一级焦,1850.00,出厂价,A13S0.7 CSR60MT5,1442,2025-02-20 00:00:00,1,0,2025-02-20 23:18:10,0,2025-02-20 23:18:10,,,
2025-02-21,景德镇市,准一级焦,1850.00,出厂价,A13S0.7 CSR60MT5,1443,2025-02-21 00:00:00,1,0,2025-02-21 23:18:11,0,2025-02-21 23:18:11,,,
2025-02-24,景德镇市,准一级焦,1850.00,出厂价,A13S0.7 CSR60MT5,1444,2025-02-24 00:00:00,1,0,2025-02-24 23:18:31,0,2025-02-24 23:18:31,,,
2025-02-25,景德镇市,准一级焦,1850.00,出厂价,A13S0.7 CSR60MT5,1445,2025-02-25 00:00:00,1,0,2025-02-25 23:17:54,0,2025-02-25 23:17:54,,,
2025-02-26,景德镇市,准一级焦,1850.00,出厂价,A13S0.7 CSR60MT5,1446,2025-02-26 00:00:00,1,0,2025-02-26 23:16:56,0,2025-02-26 23:16:56,,,
2025-02-27,景德镇市,准一级焦,1850.00,出厂价,A13S0.7 CSR60MT5,1447,2025-02-27 00:00:00,1,0,2025-02-27 23:17:11,0,2025-02-27 23:17:11,,,
2025-02-28,景德镇市,准一级焦,1850.00,出厂价,A13S0.7 CSR60MT5,1448,2025-02-28 00:00:00,1,0,2025-02-28 23:18:14,0,2025-02-28 23:18:14,,,
2025-03-03,景德镇市,准一级焦,1850.00,出厂价,A13S0.7 CSR60MT5,1449,2025-03-03 00:00:00,1,0,2025-03-03 23:18:25,0,2025-03-03 23:18:25,,,
2025-03-04,景德镇市,准一级焦,1850.00,出厂价,A13S0.7 CSR60MT5,1450,2025-03-04 00:00:00,1,0,2025-03-04 23:17:37,0,2025-03-04 23:17:37,,,
2025-03-05,景德镇市,准一级焦,1850.00,出厂价,A13S0.7 CSR60MT5,1451,2025-03-05 00:00:00,1,0,2025-03-05 23:18:06,0,2025-03-05 23:18:06,,,
2025-03-06,景德镇市,准一级焦,1850.00,出厂价,A13S0.7 CSR60MT5,1452,2025-03-06 00:00:00,1,0,2025-03-06 23:17:54,0,2025-03-06 23:17:54,,,
2025-03-07,景德镇市,准一级焦,1850.00,出厂价,A13S0.7 CSR60MT5,1453,2025-03-07 00:00:00,1,0,2025-03-07 23:23:44,0,2025-03-07 23:23:44,,,
2025-03-10,景德镇市,准一级焦,1850.00,出厂价,A13S0.7 CSR60MT5,1454,2025-03-10 00:00:00,1,0,2025-03-10 23:18:25,0,2025-03-10 23:18:25,,,
2025-03-11,景德镇市,准一级焦,1850.00,出厂价,A13S0.7 CSR60MT5,1455,2025-03-11 00:00:00,1,0,2025-03-11 23:17:29,0,2025-03-11 23:17:29,,,
2025-03-12,景德镇市,准一级焦,1850.00,出厂价,A13S0.7 CSR60MT5,1456,2025-03-12 00:00:00,1,0,2025-03-12 23:18:30,0,2025-03-12 23:18:30,,,
2025-03-13,景德镇市,准一级焦,1850.00,出厂价,A13S0.7 CSR60MT5,1457,2025-03-13 00:00:00,1,0,2025-03-13 23:17:25,0,2025-03-13 23:17:25,,,
2025-03-14,景德镇市,准一级焦,1850.00,出厂价,A13S0.7 CSR60MT5,1458,2025-03-14 00:00:00,1,0,2025-03-14 23:08:52,0,2025-03-14 23:08:52,,,
2025-03-17,景德镇市,准一级焦,1670.00,出厂价,A13S0.7 CSR60MT5,1459,2025-03-17 00:00:00,1,0,2025-03-17 23:18:01,0,2025-03-17 23:18:01,,,
2025-03-18,景德镇市,准一级焦,1670.00,出厂价,A13S0.7 CSR60MT5,1460,2025-03-18 00:00:00,1,0,2025-03-18 23:18:37,0,2025-03-18 23:18:37,,,
2025-03-19,景德镇市,准一级焦,1670.00,出厂价,A13S0.7 CSR60MT5,1461,2025-03-19 00:00:00,1,0,2025-03-19 23:18:18,0,2025-03-19 23:18:18,,,
2025-03-20,景德镇市,准一级焦,1670.00,出厂价,A13S0.7 CSR60MT5,1462,2025-03-20 00:00:00,1,0,2025-03-20 23:19:43,0,2025-03-20 23:19:43,,,
2025-03-21,景德镇市,准一级焦,1670.00,出厂价,A13S0.7 CSR60MT5,1463,2025-03-21 00:00:00,1,0,2025-03-21 23:19:48,0,2025-03-21 23:19:48,,,
2025-03-24,景德镇市,准一级焦,1670.00,出厂价,A13S0.7 CSR60MT5,1464,2025-03-24 00:00:00,1,0,2025-03-24 23:18:23,0,2025-03-24 23:18:23,,,
2025-03-25,景德镇市,准一级焦,1670.00,出厂价,A13S0.7 CSR60MT5,1465,2025-03-25 00:00:00,1,0,2025-03-25 23:16:46,0,2025-03-25 23:16:46,,,
2025-03-26,景德镇市,准一级焦,1670.00,出厂价,A13S0.7 CSR60MT5,1466,2025-03-26 00:00:00,1,0,2025-03-26 23:18:26,0,2025-03-26 23:18:26,,,
2025-03-27,景德镇市,准一级焦,1670.00,出厂价,A13S0.7 CSR60MT5,1467,2025-03-27 00:00:00,1,0,2025-03-27 23:17:45,0,2025-03-27 23:17:45,,,
2025-03-28,景德镇市,准一级焦,1670.00,出厂价,A13S0.7 CSR60MT5,1468,2025-03-28 00:00:00,1,0,2025-03-28 23:17:58,0,2025-03-28 23:17:58,,,
2025-03-31,景德镇市,准一级焦,1670.00,出厂价,A13S0.7 CSR60MT5,1469,2025-03-31 00:00:00,1,0,2025-03-31 23:17:57,0,2025-03-31 23:17:57,,,
2025-04-01,景德镇市,准一级焦,1670.00,出厂价,A13S0.7 CSR60MT5,1470,2025-04-01 00:00:00,1,0,2025-04-01 23:18:03,0,2025-04-01 23:18:03,,,
2025-04-02,景德镇市,准一级焦,1670.00,出厂价,A13S0.7 CSR60MT5,1471,2025-04-02 00:00:00,1,0,2025-04-02 23:16:59,0,2025-04-02 23:16:59,,,
2025-04-03,景德镇市,准一级焦,1670.00,出厂价,A13S0.7 CSR60MT5,1472,2025-04-03 00:00:00,1,0,2025-04-03 23:17:00,0,2025-04-03 23:17:00,,,
2025-04-07,景德镇市,准一级焦,1670.00,出厂价,A13S0.7 CSR60MT5,1473,2025-04-07 00:00:00,1,0,2025-04-07 23:19:14,0,2025-04-07 23:19:14,,,
2025-04-08,景德镇市,准一级焦,1670.00,出厂价,A13S0.7 CSR60MT5,1474,2025-04-08 00:00:00,1,0,2025-04-08 23:17:44,0,2025-04-08 23:17:44,,,
2025-04-09,景德镇市,准一级焦,1670.00,出厂价,A13S0.7 CSR60MT5,1475,2025-04-09 00:00:00,1,0,2025-04-09 23:17:21,0,2025-04-09 23:17:21,,,
2025-04-10,景德镇市,准一级焦,1670.00,出厂价,A13S0.7 CSR60MT5,1476,2025-04-10 00:00:00,1,0,2025-04-10 23:18:07,0,2025-04-10 23:18:07,,,
2025-04-11,景德镇市,准一级焦,1670.00,出厂价,A13S0.7 CSR60MT5,1477,2025-04-11 00:00:00,1,0,2025-04-11 23:17:52,0,2025-04-11 23:17:52,,,
2025-04-14,景德镇市,准一级焦,1670.00,出厂价,A13S0.7 CSR60MT5,1478,2025-04-14 00:00:00,1,0,2025-04-14 23:18:33,0,2025-04-14 23:18:33,,,
2025-04-15,景德镇市,准一级焦,1580.00,出厂价,A13S0.7 CSR60MT5,1479,2025-04-15 00:00:00,1,0,2025-04-15 23:18:05,0,2025-04-15 23:18:05,,,
2025-04-16,景德镇市,准一级焦,1580.00,出厂价,A13S0.7 CSR60MT5,1480,2025-04-16 00:00:00,1,0,2025-04-16 23:17:08,0,2025-04-16 23:17:08,,,
2025-04-17,景德镇市,准一级焦,1580.00,出厂价,A13S0.7 CSR60MT5,1481,2025-04-17 00:00:00,1,0,2025-04-17 23:18:18,0,2025-04-17 23:18:18,,,
2025-04-18,景德镇市,准一级焦,1580.00,出厂价,A13S0.7 CSR60MT5,1482,2025-04-18 00:00:00,1,0,2025-04-18 23:19:25,0,2025-04-18 23:19:25,,,
2025-04-22,景德镇市,准一级焦,1580.00,出厂价,A13S0.7 CSR60MT5,1483,2025-04-22 00:00:00,1,0,2025-04-22 23:17:43,0,2025-04-22 23:17:43,,,
2025-04-21,景德镇市,准一级焦,1580.00,出厂价,A13S0.7 CSR60MT5,1484,2025-04-21 00:00:00,1,0,2025-04-22 23:17:43,0,2025-04-22 23:17:43,,,
2025-04-23,景德镇市,准一级焦,1580.00,出厂价,A13S0.7 CSR60MT5,1485,2025-04-23 00:00:00,1,0,2025-04-23 23:17:06,0,2025-04-23 23:17:06,,,
2025-04-24,景德镇市,准一级焦,1580.00,出厂价,A13S0.7 CSR60MT5,1486,2025-04-24 00:00:00,1,0,2025-04-24 23:18:01,0,2025-04-24 23:18:01,,,
2025-04-25,景德镇市,准一级焦,1580.00,出厂价,A13S0.7 CSR60MT5,1487,2025-04-25 00:00:00,1,0,2025-04-25 23:18:24,0,2025-04-25 23:18:24,,,
2025-04-27,景德镇市,准一级焦,1580.00,出厂价,A13S0.7 CSR60MT5,1488,2025-04-27 00:00:00,1,0,2025-04-27 23:17:13,0,2025-04-27 23:17:13,,,
2025-04-28,景德镇市,准一级焦,1580.00,出厂价,A13S0.7 CSR60MT5,1489,2025-04-28 00:00:00,1,0,2025-04-28 23:18:20,0,2025-04-28 23:18:20,,,
2025-04-29,景德镇市,准一级焦,1580.00,出厂价,A13S0.7 CSR60MT5,1490,2025-04-29 00:00:00,1,0,2025-04-29 23:17:42,0,2025-04-29 23:17:42,,,
2025-04-30,景德镇市,准一级焦,1580.00,出厂价,A13S0.7 CSR60MT5,1491,2025-04-30 00:00:00,1,0,2025-05-05 23:18:00,0,2025-05-05 23:18:00,,,
2025-05-06,景德镇市,准一级焦,1580.00,出厂价,A13S0.7 CSR60MT5,1492,2025-05-06 00:00:00,1,0,2025-05-06 23:17:44,0,2025-05-06 23:17:44,,,
2025-05-07,景德镇市,准一级焦,1580.00,出厂价,A13S0.7 CSR60MT5,1493,2025-05-07 00:00:00,1,0,2025-05-07 23:18:22,0,2025-05-07 23:18:22,,,
2025-05-08,景德镇市,准一级焦,1580.00,出厂价,A13S0.7 CSR60MT5,1494,2025-05-08 00:00:00,1,0,2025-05-08 23:17:24,0,2025-05-08 23:17:24,,,
2025-05-09,景德镇市,准一级焦,1580.00,出厂价,A13S0.7 CSR60MT5,1495,2025-05-09 00:00:00,1,0,2025-05-09 23:17:49,0,2025-05-09 23:17:49,,,
2025-05-12,景德镇市,准一级焦,1580.00,出厂价,A13S0.7 CSR60MT5,1496,2025-05-12 00:00:00,1,0,2025-05-12 23:18:30,0,2025-05-12 23:18:30,,,
2025-05-13,景德镇市,准一级焦,1580.00,出厂价,A13S0.7 CSR60MT5,1497,2025-05-13 00:00:00,1,0,2025-05-13 23:17:59,0,2025-05-13 23:17:59,,,
2025-05-14,景德镇市,准一级焦,1580.00,出厂价,A13S0.7 CSR60MT5,1498,2025-05-14 00:00:00,1,0,2025-05-14 23:17:36,0,2025-05-14 23:17:36,,,
2025-05-15,景德镇市,准一级焦,1580.00,出厂价,A13S0.7 CSR60MT5,1499,2025-05-15 00:00:00,1,0,2025-05-15 23:17:56,0,2025-05-15 23:17:56,,,
2025-05-19,景德镇市,准一级焦,1630.00,出厂价,A13S0.7 CSR60MT5,1500,2025-05-19 00:00:00,1,0,2025-05-19 23:21:18,0,2025-05-19 23:21:18,,,
2025-05-16,景德镇市,准一级焦,1580.00,出厂价,A13S0.7 CSR60MT5,1501,2025-05-16 00:00:00,1,0,2025-05-19 23:21:18,0,2025-05-19 23:21:18,,,
2025-05-20,景德镇市,准一级焦,1630.00,出厂价,A13S0.7 CSR60MT5,1502,2025-05-20 00:00:00,1,0,2025-05-20 23:17:30,0,2025-05-20 23:17:30,,,
2025-05-21,景德镇市,准一级焦,1630.00,出厂价,A13S0.7 CSR60MT5,1503,2025-05-21 00:00:00,1,0,2025-05-21 23:19:58,0,2025-05-21 23:19:58,,,
2025-05-22,景德镇市,准一级焦,1630.00,出厂价,A13S0.7 CSR60MT5,1504,2025-05-22 00:00:00,1,0,2025-05-22 23:17:47,0,2025-05-22 23:17:47,,,
2025-05-23,景德镇市,准一级焦,1630.00,出厂价,A13S0.7 CSR60MT5,1505,2025-05-23 00:00:00,1,0,2025-05-23 23:19:24,0,2025-05-23 23:19:24,,,
2025-05-26,景德镇市,准一级焦,1630.00,出厂价,A13S0.7 CSR60MT5,1506,2025-05-26 00:00:00,1,0,2025-05-26 23:18:39,0,2025-05-26 23:18:39,,,
2025-05-27,景德镇市,准一级焦,1630.00,出厂价,A13S0.7 CSR60MT5,1507,2025-05-27 00:00:00,1,0,2025-05-27 23:17:45,0,2025-05-27 23:17:45,,,
2025-05-28,景德镇市,准一级焦,1630.00,出厂价,A13S0.7 CSR60MT5,1508,2025-05-28 00:00:00,1,0,2025-05-28 23:17:43,0,2025-05-28 23:17:43,,,
2025-05-29,景德镇市,准一级焦,1630.00,出厂价,A13S0.7 CSR60MT5,1509,2025-05-29 00:00:00,1,0,2025-05-29 23:16:50,0,2025-05-29 23:16:50,,,
2025-05-30,景德镇市,准一级焦,1630.00,出厂价,A13S0.7 CSR60MT5,1510,2025-05-30 00:00:00,1,0,2025-05-30 23:18:37,0,2025-05-30 23:18:37,,,
2025-06-04,景德镇市,准一级焦,1630.00,出厂价,A13S0.7 CSR60MT5,1511,2025-06-04 00:00:00,1,0,2025-06-04 23:19:03,0,2025-06-04 23:19:03,,,
2025-06-03,景德镇市,准一级焦,1630.00,出厂价,A13S0.7 CSR60MT5,1512,2025-06-03 00:00:00,1,0,2025-06-04 23:19:03,0,2025-06-04 23:19:03,,,
2025-06-05,景德镇市,准一级焦,1630.00,出厂价,A13S0.7 CSR60MT5,1513,2025-06-05 00:00:00,1,0,2025-06-05 23:17:32,0,2025-06-05 23:17:32,,,
2025-06-06,景德镇市,准一级焦,1630.00,出厂价,A13S0.7 CSR60MT5,1514,2025-06-06 00:00:00,1,0,2025-06-06 23:18:20,0,2025-06-06 23:18:20,,,
2025-06-09,景德镇市,准一级焦,1520.00,出厂价,A13S0.7 CSR60MT5,1515,2025-06-09 00:00:00,1,0,2025-06-09 23:18:55,0,2025-06-09 23:18:55,,,
2025-06-10,景德镇市,准一级焦,1520.00,出厂价,A13S0.7 CSR60MT5,1516,2025-06-10 00:00:00,1,0,2025-06-10 23:17:48,0,2025-06-10 23:17:48,,,
2025-06-11,景德镇市,准一级焦,1520.00,出厂价,A13S0.7 CSR60MT5,1517,2025-06-11 00:00:00,1,0,2025-06-11 23:18:07,0,2025-06-11 23:18:07,,,
2025-06-12,景德镇市,准一级焦,1520.00,出厂价,A13S0.7 CSR60MT5,1518,2025-06-12 00:00:00,1,0,2025-06-12 23:17:00,0,2025-06-12 23:17:00,,,
2025-06-13,景德镇市,准一级焦,1520.00,出厂价,A13S0.7 CSR60MT5,1519,2025-06-13 00:00:00,1,0,2025-06-13 23:18:40,0,2025-06-13 23:18:40,,,
2025-06-16,景德镇市,准一级焦,1520.00,出厂价,A13S0.7 CSR60MT5,1520,2025-06-16 00:00:00,1,0,2025-06-16 23:19:28,0,2025-06-16 23:19:28,,,
2025-06-17,景德镇市,准一级焦,1520.00,出厂价,A13S0.7 CSR60MT5,1521,2025-06-17 00:00:00,1,0,2025-06-17 23:17:49,0,2025-06-17 23:17:49,,,
2025-06-18,景德镇市,准一级焦,1520.00,出厂价,A13S0.7 CSR60MT5,1522,2025-06-18 00:00:00,1,0,2025-06-18 23:18:04,0,2025-06-18 23:18:04,,,
2025-06-19,景德镇市,准一级焦,1520.00,出厂价,A13S0.7 CSR60MT5,1523,2025-06-19 00:00:00,1,0,2025-06-19 23:17:45,0,2025-06-19 23:17:45,,,
2025-06-20,景德镇市,准一级焦,1520.00,出厂价,A13S0.7 CSR60MT5,1524,2025-06-20 00:00:00,1,0,2025-06-20 23:21:14,0,2025-06-20 23:21:14,,,
2025-06-23,景德镇市,准一级焦,1520.00,出厂价,A13S0.7 CSR60MT5,1525,2025-06-23 00:00:00,1,0,2025-06-23 23:18:17,0,2025-06-23 23:18:17,,,
2025-06-24,景德镇市,准一级焦,1520.00,出厂价,A13S0.7 CSR60MT5,1526,2025-06-24 00:00:00,1,0,2025-06-24 23:17:47,0,2025-06-24 23:17:47,,,
2025-06-25,景德镇市,准一级焦,1520.00,出厂价,A13S0.7 CSR60MT5,1527,2025-06-25 00:00:00,1,0,2025-06-25 23:17:52,0,2025-06-25 23:17:52,,,
2025-06-26,景德镇市,准一级焦,1520.00,出厂价,A13S0.7 CSR60MT5,1528,2025-06-26 00:00:00,1,0,2025-06-26 23:17:35,0,2025-06-26 23:17:35,,,
2025-06-27,景德镇市,准一级焦,1520.00,出厂价,A13S0.7 CSR60MT5,1529,2025-06-27 00:00:00,1,0,2025-06-27 23:17:57,0,2025-06-27 23:17:57,,,
2025-06-30,景德镇市,准一级焦,1520.00,出厂价,A13S0.7 CSR60MT5,1530,2025-06-30 00:00:00,1,0,2025-06-30 23:18:38,0,2025-06-30 23:18:38,,,
2025-07-01,景德镇市,准一级焦,1520.00,出厂价,A13S0.7 CSR60MT5,1531,2025-07-01 00:00:00,1,0,2025-07-01 23:17:34,0,2025-07-01 23:17:34,,,
2025-07-02,景德镇市,准一级焦,1520.00,出厂价,A13S0.7 CSR60MT5,1532,2025-07-02 00:00:00,1,0,2025-07-02 23:17:29,0,2025-07-02 23:17:29,,,
2025-07-03,景德镇市,准一级焦,1520.00,出厂价,A13S0.7 CSR60MT5,1533,2025-07-03 00:00:00,1,0,2025-07-03 23:17:42,0,2025-07-03 23:17:42,,,
2025-07-04,景德镇市,准一级焦,1520.00,出厂价,A13S0.7 CSR60MT5,1534,2025-07-04 00:00:00,1,0,2025-07-04 23:18:02,0,2025-07-04 23:18:02,,,
2025-07-07,景德镇市,准一级焦,1520.00,出厂价,A13S0.7 CSR60MT5,1535,2025-07-07 00:00:00,1,0,2025-07-07 23:18:33,0,2025-07-07 23:18:33,,,
2025-07-08,景德镇市,准一级焦,1520.00,出厂价,A13S0.7 CSR60MT5,1536,2025-07-08 00:00:00,1,0,2025-07-08 23:17:33,0,2025-07-08 23:17:33,,,
2025-07-09,景德镇市,准一级焦,1520.00,出厂价,A13S0.7 CSR60MT5,1537,2025-07-09 00:00:00,1,0,2025-07-09 23:17:34,0,2025-07-09 23:17:34,,,
2025-07-10,景德镇市,准一级焦,1520.00,出厂价,A13S0.7 CSR60MT5,1538,2025-07-10 00:00:00,1,0,2025-07-10 23:17:11,0,2025-07-10 23:17:11,,,
2025-07-11,景德镇市,准一级焦,1520.00,出厂价,A13S0.7 CSR60MT5,1539,2025-07-11 00:00:00,1,0,2025-07-11 23:18:26,0,2025-07-11 23:18:26,,,
2025-07-14,景德镇市,准一级焦,1520.00,出厂价,A13S0.7 CSR60MT5,1540,2025-07-14 00:00:00,1,0,2025-07-14 23:18:17,0,2025-07-14 23:18:17,,,
2025-07-15,景德镇市,准一级焦,1520.00,出厂价,A13S0.7 CSR60MT5,1541,2025-07-15 00:00:00,1,0,2025-07-15 23:17:37,0,2025-07-15 23:17:37,,,
2025-07-16,景德镇市,准一级焦,1520.00,出厂价,A13S0.7 CSR60MT5,1542,2025-07-16 00:00:00,1,0,2025-07-16 23:18:35,0,2025-07-16 23:18:35,,,
2025-07-17,景德镇市,准一级焦,1520.00,出厂价,A13S0.7 CSR60MT5,1543,2025-07-17 00:00:00,1,0,2025-07-17 23:17:57,0,2025-07-17 23:17:57,,,
2025-07-18,景德镇市,准一级焦,1520.00,出厂价,A13S0.7 CSR60MT5,1544,2025-07-18 00:00:00,1,0,2025-07-18 23:17:50,0,2025-07-18 23:17:50,,,
2025-07-21,景德镇市,准一级焦,1520.00,出厂价,A13S0.7 CSR60MT5,1545,2025-07-21 00:00:00,1,0,2025-07-21 23:19:35,0,2025-07-21 23:19:35,,,
2025-07-22,景德镇市,准一级焦,1520.00,出厂价,A13S0.7 CSR60MT5,1546,2025-07-22 00:00:00,1,0,2025-07-22 23:17:00,0,2025-07-22 23:17:00,,,
2025-07-23,景德镇市,准一级焦,1520.00,出厂价,A13S0.7 CSR60MT5,1547,2025-07-23 00:00:00,1,0,2025-07-23 23:19:18,0,2025-07-23 23:19:18,,,
2025-07-24,景德镇市,准一级焦,1445.00,出厂价,A13S0.7 CSR60MT5,1548,2025-07-24 00:00:00,1,0,2025-07-24 23:16:37,0,2025-07-24 23:16:37,,,
2025-07-25,景德镇市,准一级焦,1445.00,出厂价,A13S0.7 CSR60MT5,1549,2025-07-25 00:00:00,1,0,2025-07-25 23:18:23,0,2025-07-25 23:18:23,,,
2025-07-28,景德镇市,准一级焦,1445.00,出厂价,A13S0.7 CSR60MT5,1550,2025-07-28 00:00:00,1,0,2025-07-28 23:18:06,0,2025-07-28 23:18:06,,,
2025-07-29,景德镇市,准一级焦,1445.00,出厂价,A13S0.7 CSR60MT5,1551,2025-07-29 00:00:00,1,0,2025-07-29 23:17:19,0,2025-07-29 23:17:19,,,
2025-07-30,景德镇市,准一级焦,1490.00,出厂价,A13S0.7 CSR60MT5,1552,2025-07-30 00:00:00,1,0,2025-07-30 23:16:45,0,2025-07-30 23:16:45,,,
2025-07-31,景德镇市,准一级焦,1490.00,出厂价,A13S0.7 CSR60MT5,1553,2025-07-31 00:00:00,1,0,2025-07-31 23:18:20,0,2025-07-31 23:18:20,,,
2025-08-01,景德镇市,准一级焦,1490.00,出厂价,A13S0.7 CSR60MT5,1554,2025-08-01 00:00:00,1,0,2025-08-01 23:32:40,0,2025-08-01 23:32:40,,,
2025-08-04,景德镇市,准一级焦,1490.00,出厂价,A13S0.7 CSR60MT5,1555,2025-08-04 00:00:00,1,0,2025-08-04 23:17:36,0,2025-08-04 23:17:36,,,
2025-08-05,景德镇市,准一级焦,1665.00,出厂价,A13S0.7 CSR60MT5,1556,2025-08-05 00:00:00,1,0,2025-08-05 23:18:08,0,2025-08-05 23:18:08,,,
2025-08-06,景德镇市,准一级焦,1665.00,出厂价,A13S0.7 CSR60MT5,1557,2025-08-06 00:00:00,1,0,2025-08-06 23:17:08,0,2025-08-06 23:17:08,,,
2025-08-07,景德镇市,准一级焦,1665.00,出厂价,A13S0.7 CSR60MT5,1558,2025-08-07 00:00:00,1,0,2025-08-07 23:17:36,0,2025-08-07 23:17:36,,,
2025-08-08,景德镇市,准一级焦,1665.00,出厂价,A13S0.7 CSR60MT5,1559,2025-08-08 00:00:00,1,0,2025-08-08 23:18:14,0,2025-08-08 23:18:14,,,
2025-08-11,景德镇市,准一级焦,1665.00,出厂价,A13S0.7 CSR60MT5,1560,2025-08-11 00:00:00,1,0,2025-08-11 23:18:28,0,2025-08-11 23:18:28,,,
2025-08-12,景德镇市,准一级焦,1665.00,出厂价,A13S0.7 CSR60MT5,1561,2025-08-12 00:00:00,1,0,2025-08-12 23:17:37,0,2025-08-12 23:17:37,,,
2025-08-13,景德镇市,准一级焦,1665.00,出厂价,A13S0.7 CSR60MT5,1562,2025-08-13 00:00:00,1,0,2025-08-13 23:17:09,0,2025-08-13 23:17:09,,,
2025-08-14,景德镇市,准一级焦,1665.00,出厂价,A13S0.7 CSR60MT5,1563,2025-08-14 00:00:00,1,0,2025-08-14 23:17:56,0,2025-08-14 23:17:56,,,
2025-08-15,景德镇市,准一级焦,1665.00,出厂价,A13S0.7 CSR60MT5,1564,2025-08-15 00:00:00,1,0,2025-08-15 23:18:51,0,2025-08-15 23:18:51,,,
2025-08-18,景德镇市,准一级焦,1665.00,出厂价,A13S0.7 CSR60MT5,1565,2025-08-18 00:00:00,1,0,2025-08-18 23:17:39,0,2025-08-18 23:17:39,,,
2025-08-19,景德镇市,准一级焦,1665.00,出厂价,A13S0.7 CSR60MT5,1566,2025-08-19 00:00:00,1,0,2025-08-19 23:18:36,0,2025-08-19 23:18:36,,,
2025-08-20,景德镇市,准一级焦,1665.00,出厂价,A13S0.7 CSR60MT5,1567,2025-08-20 00:00:00,1,0,2025-08-20 23:17:35,0,2025-08-20 23:17:35,,,
2025-08-21,景德镇市,准一级焦,1665.00,出厂价,A13S0.7 CSR60MT5,1568,2025-08-21 00:00:00,1,0,2025-08-21 23:17:30,0,2025-08-21 23:17:30,,,
2025-08-22,景德镇市,准一级焦,1665.00,出厂价,A13S0.7 CSR60MT5,1569,2025-08-22 00:00:00,1,0,2025-08-22 23:19:10,0,2025-08-22 23:19:10,,,
2025-08-25,景德镇市,准一级焦,1665.00,出厂价,A13S0.7 CSR60MT5,1570,2025-08-25 00:00:00,1,0,2025-08-25 23:19:27,0,2025-08-25 23:19:27,,,
2025-08-26,景德镇市,准一级焦,1665.00,出厂价,A13S0.7 CSR60MT5,1571,2025-08-26 00:00:00,1,0,2025-08-26 23:16:38,0,2025-08-26 23:16:38,,,
2025-08-27,景德镇市,准一级焦,1665.00,出厂价,A13S0.7 CSR60MT5,1572,2025-08-27 00:00:00,1,0,2025-08-27 23:20:43,0,2025-08-27 23:20:43,,,
2025-08-28,景德镇市,准一级焦,1665.00,出厂价,A13S0.7 CSR60MT5,1573,2025-08-28 00:00:00,1,0,2025-08-28 23:17:30,0,2025-08-28 23:17:30,,,
2025-08-29,景德镇市,准一级焦,1665.00,出厂价,A13S0.7 CSR60MT5,1574,2025-08-29 00:00:00,1,0,2025-08-29 23:18:24,0,2025-08-29 23:18:24,,,
2025-09-01,景德镇市,准一级焦,1665.00,出厂价,A13S0.7 CSR60MT5,1575,2025-09-01 00:00:00,1,0,2025-09-01 23:18:39,0,2025-09-01 23:18:39,,,
2025-09-02,景德镇市,准一级焦,1665.00,出厂价,A13S0.7 CSR60MT5,1576,2025-09-02 00:00:00,1,0,2025-09-02 23:17:45,0,2025-09-02 23:17:45,,,
2025-09-03,景德镇市,准一级焦,1665.00,出厂价,A13S0.7 CSR60MT5,1577,2025-09-03 00:00:00,1,0,2025-09-03 23:17:44,0,2025-09-03 23:17:44,,,
2025-09-04,景德镇市,准一级焦,1665.00,出厂价,A13S0.7 CSR60MT5,1578,2025-09-04 00:00:00,1,0,2025-09-04 23:17:32,0,2025-09-04 23:17:32,,,
2025-09-05,景德镇市,准一级焦,1665.00,出厂价,A13S0.7 CSR60MT5,1579,2025-09-05 00:00:00,1,0,2025-09-05 23:17:53,0,2025-09-05 23:17:53,,,
2025-09-08,景德镇市,准一级焦,1665.00,出厂价,A13S0.7 CSR60MT5,1580,2025-09-08 00:00:00,1,0,2025-09-08 23:19:16,0,2025-09-08 23:19:16,,,
2025-09-09,景德镇市,准一级焦,1665.00,出厂价,A13S0.7 CSR60MT5,1581,2025-09-09 00:00:00,1,0,2025-09-09 23:17:23,0,2025-09-09 23:17:23,,,
2025-09-10,景德镇市,准一级焦,1665.00,出厂价,A13S0.7 CSR60MT5,1582,2025-09-10 00:00:00,1,0,2025-09-10 23:17:24,0,2025-09-10 23:17:24,,,
2025-09-11,景德镇市,准一级焦,1665.00,出厂价,A13S0.7 CSR60MT5,1583,2025-09-11 00:00:00,1,0,2025-09-11 23:17:46,0,2025-09-11 23:17:46,,,
2025-09-12,景德镇市,准一级焦,1665.00,出厂价,A13S0.7 CSR60MT5,1584,2025-09-12 00:00:00,1,0,2025-09-12 23:18:35,0,2025-09-12 23:18:35,,,
2025-09-15,景德镇市,准一级焦,1665.00,出厂价,A13S0.7 CSR60MT5,1585,2025-09-15 00:00:00,1,0,2025-09-15 23:27:10,0,2025-09-15 23:27:10,,,
2025-09-16,景德镇市,准一级焦,1665.00,出厂价,A13S0.7 CSR60MT5,1586,2025-09-16 00:00:00,1,0,2025-09-16 23:17:01,0,2025-09-16 23:17:01,,,
2025-09-17,景德镇市,准一级焦,1665.00,出厂价,A13S0.7 CSR60MT5,1587,2025-09-17 00:00:00,1,0,2025-09-17 23:18:20,0,2025-09-17 23:18:20,,,
