时间,地区,当月值(万吨),同比增长(%),累计值(万吨),累计增长(%),_ID,_DATA_TIME,_ACTIVE,_CREATE_ID,_CREATE_TIME,_UPDATE_ID,_UPDATE_TIME,_REMARK,_CHANGE_LOG,_RESERVE
2024-06,全国,16397.00,-10.70,85046.80,-10.00,1,2024-06-30 00:00:00,1,0,2024-07-21 04:02:21,0,2024-07-21 04:02:21,,,
2024-06,新疆区,554.15,,1846.80,,2,2024-06-30 00:00:00,1,0,2024-07-21 04:02:21,0,2024-07-21 04:02:21,,,
2024-06,宁夏区,169.11,,635.00,,3,2024-06-30 00:00:00,1,0,2024-07-21 04:02:21,0,2024-07-21 04:02:21,,,
2024-06,青海省,128.88,,423.09,,4,2024-06-30 00:00:00,1,0,2024-07-21 04:02:21,0,2024-07-21 04:02:21,,,
2024-06,甘肃省,460.97,,1678.34,,5,2024-06-30 00:00:00,1,0,2024-07-21 04:02:21,0,2024-07-21 04:02:21,,,
2024-06,陕西省,517.75,,2535.99,,6,2024-06-30 00:00:00,1,0,2024-07-21 04:02:21,0,2024-07-21 04:02:21,,,
2024-06,西藏区,179.76,,569.07,,7,2024-06-30 00:00:00,1,0,2024-07-21 04:02:21,0,2024-07-21 04:02:21,,,
2024-06,云南省,741.99,,4481.89,,8,2024-06-30 00:00:00,1,0,2024-07-21 04:02:21,0,2024-07-21 04:02:21,,,
2024-06,贵州省,410.59,,2369.24,,9,2024-06-30 00:00:00,1,0,2024-07-21 04:02:21,0,2024-07-21 04:02:21,,,
2024-06,四川省,959.55,,5562.18,,10,2024-06-30 00:00:00,1,0,2024-07-21 04:02:21,0,2024-07-21 04:02:21,,,
2024-06,重庆市,374.14,,2313.76,,11,2024-06-30 00:00:00,1,0,2024-07-21 04:02:21,0,2024-07-21 04:02:21,,,
2024-06,海南省,116.74,,672.58,,12,2024-06-30 00:00:00,1,0,2024-07-21 04:02:21,0,2024-07-21 04:02:21,,,
2024-06,广西区,726.82,,4326.79,,13,2024-06-30 00:00:00,1,0,2024-07-21 04:02:21,0,2024-07-21 04:02:21,,,
2024-06,广东省,940.45,,5985.64,,14,2024-06-30 00:00:00,1,0,2024-07-21 04:02:21,0,2024-07-21 04:02:21,,,
2024-06,湖南省,575.01,,3204.01,,15,2024-06-30 00:00:00,1,0,2024-07-21 04:02:21,0,2024-07-21 04:02:21,,,
2024-06,湖北省,776.95,,4144.72,,16,2024-06-30 00:00:00,1,0,2024-07-21 04:02:21,0,2024-07-21 04:02:21,,,
2024-06,河南省,688.64,,4048.93,,17,2024-06-30 00:00:00,1,0,2024-07-21 04:02:21,0,2024-07-21 04:02:21,,,
2024-06,山东省,1257.68,,5658.80,,18,2024-06-30 00:00:00,1,0,2024-07-21 04:02:21,0,2024-07-21 04:02:21,,,
2024-06,江西省,464.19,,3017.16,,19,2024-06-30 00:00:00,1,0,2024-07-21 04:02:21,0,2024-07-21 04:02:21,,,
2024-06,福建省,461.10,,2976.51,,20,2024-06-30 00:00:00,1,0,2024-07-21 04:02:21,0,2024-07-21 04:02:21,,,
2024-06,安徽省,983.06,,5727.40,,21,2024-06-30 00:00:00,1,0,2024-07-21 04:02:21,0,2024-07-21 04:02:21,,,
2024-06,浙江省,921.34,,5476.49,,22,2024-06-30 00:00:00,1,0,2024-07-21 04:02:21,0,2024-07-21 04:02:21,,,
2024-06,江苏省,1126.96,,6329.94,,23,2024-06-30 00:00:00,1,0,2024-07-21 04:02:21,0,2024-07-21 04:02:21,,,
2024-06,上海市,27.52,,172.36,,24,2024-06-30 00:00:00,1,0,2024-07-21 04:02:21,0,2024-07-21 04:02:21,,,
2024-06,黑龙江省,257.75,,734.33,,25,2024-06-30 00:00:00,1,0,2024-07-21 04:02:21,0,2024-07-21 04:02:21,,,
2024-06,吉林省,229.30,,742.20,,26,2024-06-30 00:00:00,1,0,2024-07-21 04:02:21,0,2024-07-21 04:02:21,,,
2024-06,辽宁省,337.81,,1359.60,,27,2024-06-30 00:00:00,1,0,2024-07-21 04:02:21,0,2024-07-21 04:02:21,,,
2024-06,内蒙古区,419.33,,1390.84,,28,2024-06-30 00:00:00,1,0,2024-07-21 04:02:21,0,2024-07-21 04:02:21,,,
2024-06,山西省,477.04,,1794.14,,29,2024-06-30 00:00:00,1,0,2024-07-21 04:02:21,0,2024-07-21 04:02:21,,,
2024-06,河北省,1048.83,,4582.88,,30,2024-06-30 00:00:00,1,0,2024-07-21 04:02:21,0,2024-07-21 04:02:21,,,
2024-06,天津市,51.50,,204.37,,31,2024-06-30 00:00:00,1,0,2024-07-21 04:02:25,0,2024-07-21 04:02:25,,,
2024-06,北京市,12.09,,81.72,,32,2024-06-30 00:00:00,1,0,2024-07-21 04:02:25,0,2024-07-21 04:02:25,,,
2024-05,新疆区,572.82,,1293.11,,33,2024-05-31 00:00:00,1,0,2024-07-21 04:02:25,0,2024-07-21 04:02:25,,,
2024-05,宁夏区,175.33,,465.89,,34,2024-05-31 00:00:00,1,0,2024-07-21 04:02:25,0,2024-07-21 04:02:25,,,
2024-05,青海省,128.85,,294.20,,35,2024-05-31 00:00:00,1,0,2024-07-21 04:02:25,0,2024-07-21 04:02:25,,,
2024-05,甘肃省,445.20,,1217.34,,36,2024-05-31 00:00:00,1,0,2024-07-21 04:02:25,0,2024-07-21 04:02:25,,,
2024-05,陕西省,559.40,,2019.31,,37,2024-05-31 00:00:00,1,0,2024-07-21 04:02:25,0,2024-07-21 04:02:25,,,
2024-05,西藏区,144.12,,389.28,,38,2024-05-31 00:00:00,1,0,2024-07-21 04:02:25,0,2024-07-21 04:02:25,,,
2024-05,云南省,822.10,,3748.98,,39,2024-05-31 00:00:00,1,0,2024-07-21 04:02:25,0,2024-07-21 04:02:25,,,
2024-05,贵州省,478.54,,1958.27,,40,2024-05-31 00:00:00,1,0,2024-07-21 04:02:25,0,2024-07-21 04:02:25,,,
2024-05,四川省,1059.56,,4610.95,,41,2024-05-31 00:00:00,1,0,2024-07-21 04:02:25,0,2024-07-21 04:02:25,,,
2024-05,重庆市,381.58,,1939.69,,42,2024-05-31 00:00:00,1,0,2024-07-21 04:02:25,0,2024-07-21 04:02:25,,,
2024-05,海南省,123.74,,555.84,,43,2024-05-31 00:00:00,1,0,2024-07-21 04:02:25,0,2024-07-21 04:02:25,,,
2024-05,广西区,753.88,,3600.19,,44,2024-05-31 00:00:00,1,0,2024-07-21 04:02:25,0,2024-07-21 04:02:25,,,
2024-05,广东省,1009.74,,5040.23,,45,2024-05-31 00:00:00,1,0,2024-07-21 04:02:25,0,2024-07-21 04:02:25,,,
2024-05,湖南省,660.15,,2625.89,,46,2024-05-31 00:00:00,1,0,2024-07-21 04:02:25,0,2024-07-21 04:02:25,,,
2024-05,湖北省,790.23,,3342.71,,47,2024-05-31 00:00:00,1,0,2024-07-21 04:02:25,0,2024-07-21 04:02:25,,,
2024-05,河南省,894.04,,3360.09,,48,2024-05-31 00:00:00,1,0,2024-07-21 04:02:25,0,2024-07-21 04:02:25,,,
2024-05,山东省,1288.76,,4485.48,,49,2024-05-31 00:00:00,1,0,2024-07-21 04:02:25,0,2024-07-21 04:02:25,,,
2024-05,江西省,595.35,,2563.04,,50,2024-05-31 00:00:00,1,0,2024-07-21 04:02:25,0,2024-07-21 04:02:25,,,
2024-05,福建省,526.72,,2515.09,,51,2024-05-31 00:00:00,1,0,2024-07-21 04:02:25,0,2024-07-21 04:02:25,,,
2024-05,安徽省,1173.60,,4744.99,,52,2024-05-31 00:00:00,1,0,2024-07-21 04:02:25,0,2024-07-21 04:02:25,,,
2024-05,浙江省,1138.64,,4583.69,,53,2024-05-31 00:00:00,1,0,2024-07-21 04:02:25,0,2024-07-21 04:02:25,,,
2024-05,江苏省,1263.47,,5174.18,,54,2024-05-31 00:00:00,1,0,2024-07-21 04:02:25,0,2024-07-21 04:02:25,,,
2024-05,上海市,32.61,,144.84,,55,2024-05-31 00:00:00,1,0,2024-07-21 04:02:25,0,2024-07-21 04:02:25,,,
2024-05,黑龙江省,244.51,,474.38,,56,2024-05-31 00:00:00,1,0,2024-07-21 04:02:25,0,2024-07-21 04:02:25,,,
2024-05,吉林省,231.39,,512.88,,57,2024-05-31 00:00:00,1,0,2024-07-21 04:02:25,0,2024-07-21 04:02:25,,,
2024-05,辽宁省,385.53,,1022.28,,58,2024-05-31 00:00:00,1,0,2024-07-21 04:02:25,0,2024-07-21 04:02:25,,,
2024-05,内蒙古区,429.75,,971.30,,59,2024-05-31 00:00:00,1,0,2024-07-21 04:02:25,0,2024-07-21 04:02:25,,,
2024-05,山西省,491.97,,1317.10,,60,2024-05-31 00:00:00,1,0,2024-07-21 04:02:25,0,2024-07-21 04:02:25,,,
2024-05,河北省,1088.11,,3533.61,,61,2024-05-31 00:00:00,1,0,2024-07-21 04:02:28,0,2024-07-21 04:02:28,,,
2024-05,天津市,44.83,,152.87,,62,2024-05-31 00:00:00,1,0,2024-07-21 04:02:28,0,2024-07-21 04:02:28,,,
2024-05,北京市,18.16,,69.63,,63,2024-05-31 00:00:00,1,0,2024-07-21 04:02:28,0,2024-07-21 04:02:28,,,
2024-05,全国,17952.70,-8.20,68727.30,-9.80,64,2024-05-31 00:00:00,1,0,2024-07-21 04:02:28,0,2024-07-21 04:02:28,,,
2024-04,全国,17395.10,-8.60,50927.90,-10.30,65,2024-04-30 00:00:00,1,0,2024-07-21 04:02:28,0,2024-07-21 04:02:28,,,
2024-04,新疆区,455.08,,718.32,,66,2024-04-30 00:00:00,1,0,2024-07-21 04:02:28,0,2024-07-21 04:02:28,,,
2024-04,宁夏区,184.09,,290.70,,67,2024-04-30 00:00:00,1,0,2024-07-21 04:02:28,0,2024-07-21 04:02:28,,,
2024-04,青海省,96.73,,165.36,,68,2024-04-30 00:00:00,1,0,2024-07-21 04:02:28,0,2024-07-21 04:02:28,,,
2024-04,甘肃省,360.22,,772.14,,69,2024-04-30 00:00:00,1,0,2024-07-21 04:02:28,0,2024-07-21 04:02:28,,,
2024-04,陕西省,591.89,,1508.64,,70,2024-04-30 00:00:00,1,0,2024-07-21 04:02:28,0,2024-07-21 04:02:28,,,
2024-04,西藏区,115.82,,245.19,,71,2024-04-30 00:00:00,1,0,2024-07-21 04:02:28,0,2024-07-21 04:02:28,,,
2024-04,云南省,843.72,,2926.98,,72,2024-04-30 00:00:00,1,0,2024-07-21 04:02:28,0,2024-07-21 04:02:28,,,
2024-04,贵州省,479.13,,1480.11,,73,2024-04-30 00:00:00,1,0,2024-07-21 04:02:28,0,2024-07-21 04:02:28,,,
2024-04,四川省,1032.80,,3551.27,,74,2024-04-30 00:00:00,1,0,2024-07-21 04:02:28,0,2024-07-21 04:02:28,,,
2024-04,重庆市,415.95,,1559.05,,75,2024-04-30 00:00:00,1,0,2024-07-21 04:02:28,0,2024-07-21 04:02:28,,,
2024-04,海南省,136.60,,432.10,,76,2024-04-30 00:00:00,1,0,2024-07-21 04:02:28,0,2024-07-21 04:02:28,,,
2024-04,广西区,832.05,,2846.51,,77,2024-04-30 00:00:00,1,0,2024-07-21 04:02:28,0,2024-07-21 04:02:28,,,
2024-04,广东省,1071.11,,4031.30,,78,2024-04-30 00:00:00,1,0,2024-07-21 04:02:28,0,2024-07-21 04:02:28,,,
2024-04,湖南省,609.35,,1975.10,,79,2024-04-30 00:00:00,1,0,2024-07-21 04:02:28,0,2024-07-21 04:02:28,,,
2024-04,湖北省,828.04,,2556.36,,80,2024-04-30 00:00:00,1,0,2024-07-21 04:02:28,0,2024-07-21 04:02:28,,,
2024-04,河南省,911.59,,2471.60,,81,2024-04-30 00:00:00,1,0,2024-07-21 04:02:28,0,2024-07-21 04:02:28,,,
2024-04,山东省,1225.04,,3203.76,,82,2024-04-30 00:00:00,1,0,2024-07-21 04:02:28,0,2024-07-21 04:02:28,,,
2024-04,江西省,540.46,,1967.73,,83,2024-04-30 00:00:00,1,0,2024-07-21 04:02:28,0,2024-07-21 04:02:28,,,
2024-04,福建省,518.35,,2003.62,,84,2024-04-30 00:00:00,1,0,2024-07-21 04:02:28,0,2024-07-21 04:02:28,,,
2024-04,安徽省,1164.72,,3568.48,,85,2024-04-30 00:00:00,1,0,2024-07-21 04:02:28,0,2024-07-21 04:02:28,,,
2024-04,浙江省,1110.20,,3453.15,,86,2024-04-30 00:00:00,1,0,2024-07-21 04:02:28,0,2024-07-21 04:02:28,,,
2024-04,江苏省,1231.77,,3935.17,,87,2024-04-30 00:00:00,1,0,2024-07-21 04:02:28,0,2024-07-21 04:02:28,,,
2024-04,上海市,34.16,,112.22,,88,2024-04-30 00:00:00,1,0,2024-07-21 04:02:28,0,2024-07-21 04:02:28,,,
2024-04,黑龙江省,152.41,,229.87,,89,2024-04-30 00:00:00,1,0,2024-07-21 04:02:28,0,2024-07-21 04:02:28,,,
2024-04,吉林省,174.31,,281.50,,90,2024-04-30 00:00:00,1,0,2024-07-21 04:02:28,0,2024-07-21 04:02:28,,,
2024-04,辽宁省,344.51,,639.21,,91,2024-04-30 00:00:00,1,0,2024-07-21 04:02:31,0,2024-07-21 04:02:31,,,
2024-04,内蒙古区,349.89,,547.80,,92,2024-04-30 00:00:00,1,0,2024-07-21 04:02:31,0,2024-07-21 04:02:31,,,
2024-04,山西省,437.17,,824.78,,93,2024-04-30 00:00:00,1,0,2024-07-21 04:02:31,0,2024-07-21 04:02:31,,,
2024-04,河北省,1078.77,,2470.35,,94,2024-04-30 00:00:00,1,0,2024-07-21 04:02:31,0,2024-07-21 04:02:31,,,
2024-04,天津市,48.29,,108.04,,95,2024-04-30 00:00:00,1,0,2024-07-21 04:02:31,0,2024-07-21 04:02:31,,,
2024-04,北京市,20.88,,51.48,,96,2024-04-30 00:00:00,1,0,2024-07-21 04:02:31,0,2024-07-21 04:02:31,,,
2024-03,全国,15440.00,-22.00,33684.10,-11.80,97,2024-03-31 00:00:00,1,0,2024-07-21 04:02:31,0,2024-07-21 04:02:31,,,
2024-03,新疆区,235.24,,262.38,,98,2024-03-31 00:00:00,1,0,2024-07-21 04:02:31,0,2024-07-21 04:02:31,,,
2024-03,宁夏区,94.62,,106.61,,99,2024-03-31 00:00:00,1,0,2024-07-21 04:02:31,0,2024-07-21 04:02:31,,,
2024-03,青海省,37.55,,68.35,,100,2024-03-31 00:00:00,1,0,2024-07-21 04:02:31,0,2024-07-21 04:02:31,,,
2024-03,甘肃省,301.51,,411.92,,101,2024-03-31 00:00:00,1,0,2024-07-21 04:02:31,0,2024-07-21 04:02:31,,,
2024-03,陕西省,468.88,,916.80,,102,2024-03-31 00:00:00,1,0,2024-07-21 04:02:31,0,2024-07-21 04:02:31,,,
2024-03,西藏区,75.41,,129.37,,103,2024-03-31 00:00:00,1,0,2024-07-21 04:02:31,0,2024-07-21 04:02:31,,,
2024-03,云南省,879.04,,2083.41,,104,2024-03-31 00:00:00,1,0,2024-07-21 04:02:31,0,2024-07-21 04:02:31,,,
2024-03,贵州省,489.56,,1005.04,,105,2024-03-31 00:00:00,1,0,2024-07-21 04:02:31,0,2024-07-21 04:02:31,,,
2024-03,四川省,1026.30,,2521.99,,106,2024-03-31 00:00:00,1,0,2024-07-21 04:02:31,0,2024-07-21 04:02:31,,,
2024-03,重庆市,455.09,,1143.15,,107,2024-03-31 00:00:00,1,0,2024-07-21 04:02:31,0,2024-07-21 04:02:31,,,
2024-03,海南省,116.12,,295.52,,108,2024-03-31 00:00:00,1,0,2024-07-21 04:02:31,0,2024-07-21 04:02:31,,,
2024-03,广西区,777.83,,2009.40,,109,2024-03-31 00:00:00,1,0,2024-07-21 04:02:31,0,2024-07-21 04:02:31,,,
2024-03,广东省,1107.76,,2960.19,,110,2024-03-31 00:00:00,1,0,2024-07-21 04:02:31,0,2024-07-21 04:02:31,,,
2024-03,湖南省,605.77,,1365.75,,111,2024-03-31 00:00:00,1,0,2024-07-21 04:02:31,0,2024-07-21 04:02:31,,,
2024-03,湖北省,772.73,,1759.60,,112,2024-03-31 00:00:00,1,0,2024-07-21 04:02:31,0,2024-07-21 04:02:31,,,
2024-03,河南省,761.17,,1554.29,,113,2024-03-31 00:00:00,1,0,2024-07-21 04:02:31,0,2024-07-21 04:02:31,,,
2024-03,山东省,1183.60,,2105.33,,114,2024-03-31 00:00:00,1,0,2024-07-21 04:02:31,0,2024-07-21 04:02:31,,,
2024-03,江西省,573.76,,1427.13,,115,2024-03-31 00:00:00,1,0,2024-07-21 04:02:31,0,2024-07-21 04:02:31,,,
2024-03,福建省,584.50,,1485.27,,116,2024-03-31 00:00:00,1,0,2024-07-21 04:02:31,0,2024-07-21 04:02:31,,,
2024-03,安徽省,1071.61,,2405.77,,117,2024-03-31 00:00:00,1,0,2024-07-21 04:02:31,0,2024-07-21 04:02:31,,,
2024-03,浙江省,1044.43,,2354.17,,118,2024-03-31 00:00:00,1,0,2024-07-21 04:02:31,0,2024-07-21 04:02:31,,,
2024-03,江苏省,1071.55,,2695.93,,119,2024-03-31 00:00:00,1,0,2024-07-21 04:02:31,0,2024-07-21 04:02:31,,,
2024-03,上海市,30.84,,78.06,,120,2024-03-31 00:00:00,1,0,2024-07-21 04:02:31,0,2024-07-21 04:02:31,,,
2024-03,黑龙江省,62.60,,77.47,,121,2024-03-31 00:00:00,1,0,2024-07-21 04:02:34,0,2024-07-21 04:02:34,,,
2024-03,吉林省,95.16,,107.18,,122,2024-03-31 00:00:00,1,0,2024-07-21 04:02:34,0,2024-07-21 04:02:34,,,
2024-03,辽宁省,217.29,,294.86,,123,2024-03-31 00:00:00,1,0,2024-07-21 04:02:34,0,2024-07-21 04:02:34,,,
2024-03,内蒙古区,150.16,,189.58,,124,2024-03-31 00:00:00,1,0,2024-07-21 04:02:34,0,2024-07-21 04:02:34,,,
2024-03,山西省,273.15,,387.52,,125,2024-03-31 00:00:00,1,0,2024-07-21 04:02:34,0,2024-07-21 04:02:34,,,
2024-03,河北省,832.08,,1391.69,,126,2024-03-31 00:00:00,1,0,2024-07-21 04:02:34,0,2024-07-21 04:02:34,,,
2024-03,天津市,29.20,,59.75,,127,2024-03-31 00:00:00,1,0,2024-07-21 04:02:34,0,2024-07-21 04:02:34,,,
2024-03,北京市,15.51,,30.59,,128,2024-03-31 00:00:00,1,0,2024-07-21 04:02:34,0,2024-07-21 04:02:34,,,
2024-02,全国,,,18280.40,-1.60,129,2024-02-29 00:00:00,1,0,2024-07-21 04:02:34,0,2024-07-21 04:02:34,,,
2024-02,新疆区,,,27.14,,130,2024-02-29 00:00:00,1,0,2024-07-21 04:02:34,0,2024-07-21 04:02:34,,,
2024-02,宁夏区,,,11.98,,131,2024-02-29 00:00:00,1,0,2024-07-21 04:02:34,0,2024-07-21 04:02:34,,,
2024-02,青海省,,,30.80,,132,2024-02-29 00:00:00,1,0,2024-07-21 04:02:34,0,2024-07-21 04:02:34,,,
2024-02,甘肃省,,,110.40,,133,2024-02-29 00:00:00,1,0,2024-07-21 04:02:34,0,2024-07-21 04:02:34,,,
2024-02,陕西省,,,447.91,,134,2024-02-29 00:00:00,1,0,2024-07-21 04:02:34,0,2024-07-21 04:02:34,,,
2024-02,西藏区,,,53.24,,135,2024-02-29 00:00:00,1,0,2024-07-21 04:02:34,0,2024-07-21 04:02:34,,,
2024-02,云南省,,,1202.65,,136,2024-02-29 00:00:00,1,0,2024-07-21 04:02:34,0,2024-07-21 04:02:34,,,
2024-02,贵州省,,,515.52,,137,2024-02-29 00:00:00,1,0,2024-07-21 04:02:34,0,2024-07-21 04:02:34,,,
2024-02,四川省,,,1467.90,,138,2024-02-29 00:00:00,1,0,2024-07-21 04:02:34,0,2024-07-21 04:02:34,,,
2024-02,重庆市,,,688.06,,139,2024-02-29 00:00:00,1,0,2024-07-21 04:02:34,0,2024-07-21 04:02:34,,,
2024-02,海南省,,,179.40,,140,2024-02-29 00:00:00,1,0,2024-07-21 04:02:34,0,2024-07-21 04:02:34,,,
2024-02,广西区,,,1230.33,,141,2024-02-29 00:00:00,1,0,2024-07-21 04:02:34,0,2024-07-21 04:02:34,,,
2024-02,广东省,,,1850.46,,142,2024-02-29 00:00:00,1,0,2024-07-21 04:02:34,0,2024-07-21 04:02:34,,,
2024-02,湖南省,,,773.86,,143,2024-02-29 00:00:00,1,0,2024-07-21 04:02:34,0,2024-07-21 04:02:34,,,
2024-02,湖北省,,,983.60,,144,2024-02-29 00:00:00,1,0,2024-07-21 04:02:34,0,2024-07-21 04:02:34,,,
2024-02,河南省,,,781.77,,145,2024-02-29 00:00:00,1,0,2024-07-21 04:02:34,0,2024-07-21 04:02:34,,,
2024-02,山东省,,,896.42,,146,2024-02-29 00:00:00,1,0,2024-07-21 04:02:34,0,2024-07-21 04:02:34,,,
2024-02,江西省,,,820.82,,147,2024-02-29 00:00:00,1,0,2024-07-21 04:02:34,0,2024-07-21 04:02:34,,,
2024-02,福建省,,,899.12,,148,2024-02-29 00:00:00,1,0,2024-07-21 04:02:34,0,2024-07-21 04:02:34,,,
2024-02,安徽省,,,1325.94,,149,2024-02-29 00:00:00,1,0,2024-07-21 04:02:34,0,2024-07-21 04:02:34,,,
2024-02,浙江省,,,1429.73,,150,2024-02-29 00:00:00,1,0,2024-07-21 04:02:34,0,2024-07-21 04:02:34,,,
2024-02,江苏省,,,1622.54,,151,2024-02-29 00:00:00,1,0,2024-07-21 04:02:37,0,2024-07-21 04:02:37,,,
2024-02,上海市,,,47.22,,152,2024-02-29 00:00:00,1,0,2024-07-21 04:02:37,0,2024-07-21 04:02:37,,,
2024-02,黑龙江省,,,14.87,,153,2024-02-29 00:00:00,1,0,2024-07-21 04:02:37,0,2024-07-21 04:02:37,,,
2024-02,吉林省,,,12.02,,154,2024-02-29 00:00:00,1,0,2024-07-21 04:02:37,0,2024-07-21 04:02:37,,,
2024-02,辽宁省,,,77.58,,155,2024-02-29 00:00:00,1,0,2024-07-21 04:02:37,0,2024-07-21 04:02:37,,,
2024-02,内蒙古区,,,38.71,,156,2024-02-29 00:00:00,1,0,2024-07-21 04:02:37,0,2024-07-21 04:02:37,,,
2024-02,山西省,,,114.37,,157,2024-02-29 00:00:00,1,0,2024-07-21 04:02:37,0,2024-07-21 04:02:37,,,
2024-02,河北省,,,580.46,,158,2024-02-29 00:00:00,1,0,2024-07-21 04:02:37,0,2024-07-21 04:02:37,,,
2024-02,天津市,,,30.55,,159,2024-02-29 00:00:00,1,0,2024-07-21 04:02:37,0,2024-07-21 04:02:37,,,
2024-02,北京市,,,15.08,,160,2024-02-29 00:00:00,1,0,2024-07-21 04:02:37,0,2024-07-21 04:02:37,,,
2023-12,新疆区,55.24,,4810.49,,161,2023-12-31 00:00:00,1,0,2024-07-21 04:02:37,0,2024-07-21 04:02:37,,,
2023-12,宁夏区,25.57,,1670.05,,162,2023-12-31 00:00:00,1,0,2024-07-21 04:02:37,0,2024-07-21 04:02:37,,,
2023-12,青海省,30.28,,1192.17,,163,2023-12-31 00:00:00,1,0,2024-07-21 04:02:37,0,2024-07-21 04:02:37,,,
2023-12,甘肃省,172.33,,4125.46,,164,2023-12-31 00:00:00,1,0,2024-07-21 04:02:37,0,2024-07-21 04:02:37,,,
2023-12,陕西省,377.12,,5768.38,,165,2023-12-31 00:00:00,1,0,2024-07-21 04:02:37,0,2024-07-21 04:02:37,,,
2023-12,西藏区,53.08,,1198.43,,166,2023-12-31 00:00:00,1,0,2024-07-21 04:02:37,0,2024-07-21 04:02:37,,,
2023-12,云南省,1011.57,,9610.49,,167,2023-12-31 00:00:00,1,0,2024-07-21 04:02:37,0,2024-07-21 04:02:37,,,
2023-12,贵州省,549.58,,5883.44,,168,2023-12-31 00:00:00,1,0,2024-07-21 04:02:37,0,2024-07-21 04:02:37,,,
2023-12,四川省,1164.31,,12151.62,,169,2023-12-31 00:00:00,1,0,2024-07-21 04:02:37,0,2024-07-21 04:02:37,,,
2023-12,重庆市,513.29,,5477.81,,170,2023-12-31 00:00:00,1,0,2024-07-21 04:02:37,0,2024-07-21 04:02:37,,,
2023-12,海南省,156.73,,1545.43,,171,2023-12-31 00:00:00,1,0,2024-07-21 04:02:37,0,2024-07-21 04:02:37,,,
2023-12,广西区,933.94,,9998.77,,172,2023-12-31 00:00:00,1,0,2024-07-21 04:02:37,0,2024-07-21 04:02:37,,,
2023-12,广东省,1529.88,,14322.34,,173,2023-12-31 00:00:00,1,0,2024-07-21 04:02:37,0,2024-07-21 04:02:37,,,
2023-12,湖南省,828.41,,8285.93,,174,2023-12-31 00:00:00,1,0,2024-07-21 04:02:37,0,2024-07-21 04:02:37,,,
2023-12,湖北省,968.85,,9892.71,,175,2023-12-31 00:00:00,1,0,2024-07-21 04:02:37,0,2024-07-21 04:02:37,,,
2023-12,河南省,581.90,,9553.85,,176,2023-12-31 00:00:00,1,0,2024-07-21 04:02:37,0,2024-07-21 04:02:37,,,
2023-12,山东省,808.24,,12894.35,,177,2023-12-31 00:00:00,1,0,2024-07-21 04:02:37,0,2024-07-21 04:02:37,,,
2023-12,江西省,801.47,,8341.13,,178,2023-12-31 00:00:00,1,0,2024-07-21 04:02:37,0,2024-07-21 04:02:37,,,
2023-12,福建省,720.53,,8038.75,,179,2023-12-31 00:00:00,1,0,2024-07-21 04:02:37,0,2024-07-21 04:02:37,,,
2023-12,安徽省,1094.15,,13251.66,,180,2023-12-31 00:00:00,1,0,2024-07-21 04:02:37,0,2024-07-21 04:02:37,,,
2023-12,浙江省,1130.10,,12710.82,,181,2023-12-31 00:00:00,1,0,2024-07-21 04:02:40,0,2024-07-21 04:02:40,,,
2023-12,江苏省,1341.44,,14280.29,,182,2023-12-31 00:00:00,1,0,2024-07-21 04:02:40,0,2024-07-21 04:02:40,,,
2023-12,上海市,37.44,,441.65,,183,2023-12-31 00:00:00,1,0,2024-07-21 04:02:40,0,2024-07-21 04:02:40,,,
2023-12,黑龙江省,15.27,,1944.74,,184,2023-12-31 00:00:00,1,0,2024-07-21 04:02:40,0,2024-07-21 04:02:40,,,
2023-12,吉林省,16.34,,2032.13,,185,2023-12-31 00:00:00,1,0,2024-07-21 04:02:40,0,2024-07-21 04:02:40,,,
2023-12,辽宁省,138.88,,3814.02,,186,2023-12-31 00:00:00,1,0,2024-07-21 04:02:40,0,2024-07-21 04:02:40,,,
2023-12,内蒙古区,66.50,,3729.56,,187,2023-12-31 00:00:00,1,0,2024-07-21 04:02:40,0,2024-07-21 04:02:40,,,
2023-12,山西省,175.77,,4660.57,,188,2023-12-31 00:00:00,1,0,2024-07-21 04:02:40,0,2024-07-21 04:02:40,,,
2023-12,河北省,454.81,,9982.02,,189,2023-12-31 00:00:00,1,0,2024-07-21 04:02:40,0,2024-07-21 04:02:40,,,
2023-12,天津市,30.96,,483.97,,190,2023-12-31 00:00:00,1,0,2024-07-21 04:02:40,0,2024-07-21 04:02:40,,,
2023-12,北京市,8.89,,199.96,,191,2023-12-31 00:00:00,1,0,2024-07-21 04:02:40,0,2024-07-21 04:02:40,,,
2023-12,全国,15792.90,-0.90,202293.00,-0.70,192,2023-12-31 00:00:00,1,0,2024-07-21 04:02:40,0,2024-07-21 04:02:40,,,
2023-11,新疆区,311.25,,4708.60,,193,2023-11-30 00:00:00,1,0,2024-07-21 04:02:40,0,2024-07-21 04:02:40,,,
2023-11,宁夏区,116.08,,1644.48,,194,2023-11-30 00:00:00,1,0,2024-07-21 04:02:40,0,2024-07-21 04:02:40,,,
2023-11,青海省,85.45,,1161.91,,195,2023-11-30 00:00:00,1,0,2024-07-21 04:02:40,0,2024-07-21 04:02:40,,,
2023-11,甘肃省,332.24,,3953.12,,196,2023-11-30 00:00:00,1,0,2024-07-21 04:02:40,0,2024-07-21 04:02:40,,,
2023-11,陕西省,569.46,,5499.52,,197,2023-11-30 00:00:00,1,0,2024-07-21 04:02:40,0,2024-07-21 04:02:40,,,
2023-11,西藏区,89.45,,1143.55,,198,2023-11-30 00:00:00,1,0,2024-07-21 04:02:40,0,2024-07-21 04:02:40,,,
2023-11,云南省,923.65,,8598.98,,199,2023-11-30 00:00:00,1,0,2024-07-21 04:02:40,0,2024-07-21 04:02:40,,,
2023-11,贵州省,542.54,,5336.10,,200,2023-11-30 00:00:00,1,0,2024-07-21 04:02:40,0,2024-07-21 04:02:40,,,
2023-11,四川省,1156.27,,10987.58,,201,2023-11-30 00:00:00,1,0,2024-07-21 04:02:40,0,2024-07-21 04:02:40,,,
2023-11,重庆市,493.19,,4964.12,,202,2023-11-30 00:00:00,1,0,2024-07-21 04:02:40,0,2024-07-21 04:02:40,,,
2023-11,海南省,152.33,,1388.70,,203,2023-11-30 00:00:00,1,0,2024-07-21 04:02:40,0,2024-07-21 04:02:40,,,
2023-11,广西区,1004.83,,9060.62,,204,2023-11-30 00:00:00,1,0,2024-07-21 04:02:40,0,2024-07-21 04:02:40,,,
2023-11,广东省,1545.27,,12847.72,,205,2023-11-30 00:00:00,1,0,2024-07-21 04:02:40,0,2024-07-21 04:02:40,,,
2023-11,湖南省,808.55,,7457.52,,206,2023-11-30 00:00:00,1,0,2024-07-21 04:02:40,0,2024-07-21 04:02:40,,,
2023-11,湖北省,999.38,,8932.86,,207,2023-11-30 00:00:00,1,0,2024-07-21 04:02:40,0,2024-07-21 04:02:40,,,
2023-11,河南省,947.72,,8979.10,,208,2023-11-30 00:00:00,1,0,2024-07-21 04:02:40,0,2024-07-21 04:02:40,,,
2023-11,山东省,1303.60,,12093.03,,209,2023-11-30 00:00:00,1,0,2024-07-21 04:02:40,0,2024-07-21 04:02:40,,,
2023-11,江西省,808.97,,7513.11,,210,2023-11-30 00:00:00,1,0,2024-07-21 04:02:40,0,2024-07-21 04:02:40,,,
2023-11,福建省,776.87,,7318.12,,211,2023-11-30 00:00:00,1,0,2024-07-21 04:02:44,0,2024-07-21 04:02:44,,,
2023-11,安徽省,1320.08,,12166.68,,212,2023-11-30 00:00:00,1,0,2024-07-21 04:02:44,0,2024-07-21 04:02:44,,,
2023-11,浙江省,1200.41,,11669.77,,213,2023-11-30 00:00:00,1,0,2024-07-21 04:02:44,0,2024-07-21 04:02:44,,,
2023-11,江苏省,1359.67,,12939.06,,214,2023-11-30 00:00:00,1,0,2024-07-21 04:02:44,0,2024-07-21 04:02:44,,,
2023-11,上海市,38.97,,404.22,,215,2023-11-30 00:00:00,1,0,2024-07-21 04:02:44,0,2024-07-21 04:02:44,,,
2023-11,黑龙江省,65.29,,1929.37,,216,2023-11-30 00:00:00,1,0,2024-07-21 04:02:44,0,2024-07-21 04:02:44,,,
2023-11,吉林省,75.41,,2014.64,,217,2023-11-30 00:00:00,1,0,2024-07-21 04:02:44,0,2024-07-21 04:02:44,,,
2023-11,辽宁省,290.06,,3681.54,,218,2023-11-30 00:00:00,1,0,2024-07-21 04:02:44,0,2024-07-21 04:02:44,,,
2023-11,内蒙古区,242.35,,3661.87,,219,2023-11-30 00:00:00,1,0,2024-07-21 04:02:44,0,2024-07-21 04:02:44,,,
2023-11,山西省,410.45,,4508.79,,220,2023-11-30 00:00:00,1,0,2024-07-21 04:02:44,0,2024-07-21 04:02:44,,,
2023-11,河北省,942.51,,9526.57,,221,2023-11-30 00:00:00,1,0,2024-07-21 04:02:44,0,2024-07-21 04:02:44,,,
2023-11,天津市,48.48,,453.01,,222,2023-11-30 00:00:00,1,0,2024-07-21 04:02:44,0,2024-07-21 04:02:44,,,
2023-11,北京市,17.81,,191.07,,223,2023-11-30 00:00:00,1,0,2024-07-21 04:02:44,0,2024-07-21 04:02:44,,,
2023-11,全国,18978.60,1.60,186735.40,-0.90,224,2023-11-30 00:00:00,1,0,2024-07-21 04:02:44,0,2024-07-21 04:02:44,,,
2023-10,全国,19121.10,-4.00,168585.10,-1.10,225,2023-10-31 00:00:00,1,0,2024-07-21 04:02:44,0,2024-07-21 04:02:44,,,
2023-10,新疆区,603.54,,4443.54,,226,2023-10-31 00:00:00,1,0,2024-07-21 04:02:44,0,2024-07-21 04:02:44,,,
2023-10,宁夏区,183.04,,1528.40,,227,2023-10-31 00:00:00,1,0,2024-07-21 04:02:44,0,2024-07-21 04:02:44,,,
2023-10,青海省,119.70,,1076.46,,228,2023-10-31 00:00:00,1,0,2024-07-21 04:02:44,0,2024-07-21 04:02:44,,,
2023-10,甘肃省,370.62,,3620.88,,229,2023-10-31 00:00:00,1,0,2024-07-21 04:02:44,0,2024-07-21 04:02:44,,,
2023-10,陕西省,584.94,,5285.16,,230,2023-10-31 00:00:00,1,0,2024-07-21 04:02:44,0,2024-07-21 04:02:44,,,
2023-10,西藏区,118.34,,1054.10,,231,2023-10-31 00:00:00,1,0,2024-07-21 04:02:44,0,2024-07-21 04:02:44,,,
2023-10,云南省,745.51,,7778.07,,232,2023-10-31 00:00:00,1,0,2024-07-21 04:02:44,0,2024-07-21 04:02:44,,,
2023-10,贵州省,508.84,,4791.79,,233,2023-10-31 00:00:00,1,0,2024-07-21 04:02:44,0,2024-07-21 04:02:44,,,
2023-10,四川省,1083.99,,9831.04,,234,2023-10-31 00:00:00,1,0,2024-07-21 04:02:44,0,2024-07-21 04:02:44,,,
2023-10,重庆市,451.10,,4469.39,,235,2023-10-31 00:00:00,1,0,2024-07-21 04:02:44,0,2024-07-21 04:02:44,,,
2023-10,海南省,123.26,,1236.37,,236,2023-10-31 00:00:00,1,0,2024-07-21 04:02:44,0,2024-07-21 04:02:44,,,
2023-10,广西区,902.24,,8096.53,,237,2023-10-31 00:00:00,1,0,2024-07-21 04:02:44,0,2024-07-21 04:02:44,,,
2023-10,广东省,1248.09,,11304.45,,238,2023-10-31 00:00:00,1,0,2024-07-21 04:02:44,0,2024-07-21 04:02:44,,,
2023-10,湖南省,800.68,,6648.94,,239,2023-10-31 00:00:00,1,0,2024-07-21 04:02:44,0,2024-07-21 04:02:44,,,
2023-10,湖北省,924.18,,7930.70,,240,2023-10-31 00:00:00,1,0,2024-07-21 04:02:44,0,2024-07-21 04:02:44,,,
2023-10,河南省,786.30,,8031.35,,241,2023-10-31 00:00:00,1,0,2024-07-21 04:02:47,0,2024-07-21 04:02:47,,,
2023-10,山东省,1306.81,,10969.96,,242,2023-10-31 00:00:00,1,0,2024-07-21 04:02:47,0,2024-07-21 04:02:47,,,
2023-10,江西省,781.00,,6795.32,,243,2023-10-31 00:00:00,1,0,2024-07-21 04:02:47,0,2024-07-21 04:02:47,,,
2023-10,福建省,746.68,,6540.62,,244,2023-10-31 00:00:00,1,0,2024-07-21 04:02:47,0,2024-07-21 04:02:47,,,
2023-10,安徽省,1189.92,,10846.72,,245,2023-10-31 00:00:00,1,0,2024-07-21 04:02:47,0,2024-07-21 04:02:47,,,
2023-10,浙江省,1175.85,,10472.25,,246,2023-10-31 00:00:00,1,0,2024-07-21 04:02:47,0,2024-07-21 04:02:47,,,
2023-10,江苏省,1295.31,,11579.45,,247,2023-10-31 00:00:00,1,0,2024-07-21 04:02:47,0,2024-07-21 04:02:47,,,
2023-10,上海市,39.25,,365.39,,248,2023-10-31 00:00:00,1,0,2024-07-21 04:02:47,0,2024-07-21 04:02:47,,,
2023-10,黑龙江省,251.65,,1863.73,,249,2023-10-31 00:00:00,1,0,2024-07-21 04:02:47,0,2024-07-21 04:02:47,,,
2023-10,吉林省,271.86,,1937.61,,250,2023-10-31 00:00:00,1,0,2024-07-21 04:02:47,0,2024-07-21 04:02:47,,,
2023-10,辽宁省,445.60,,3408.32,,251,2023-10-31 00:00:00,1,0,2024-07-21 04:02:47,0,2024-07-21 04:02:47,,,
2023-10,内蒙古区,494.04,,3419.13,,252,2023-10-31 00:00:00,1,0,2024-07-21 04:02:47,0,2024-07-21 04:02:47,,,
2023-10,山西省,523.99,,4098.05,,253,2023-10-31 00:00:00,1,0,2024-07-21 04:02:47,0,2024-07-21 04:02:47,,,
2023-10,河北省,981.40,,8583.54,,254,2023-10-31 00:00:00,1,0,2024-07-21 04:02:47,0,2024-07-21 04:02:47,,,
2023-10,天津市,46.77,,404.53,,255,2023-10-31 00:00:00,1,0,2024-07-21 04:02:47,0,2024-07-21 04:02:47,,,
2023-10,北京市,16.58,,173.25,,256,2023-10-31 00:00:00,1,0,2024-07-21 04:02:47,0,2024-07-21 04:02:47,,,
2023-09,全国,18886.60,-7.20,149520.50,-0.70,257,2023-09-30 00:00:00,1,0,2024-07-21 04:02:47,0,2024-07-21 04:02:47,,,
2023-09,新疆区,601.35,,3840.01,,258,2023-09-30 00:00:00,1,0,2024-07-21 04:02:47,0,2024-07-21 04:02:47,,,
2023-09,宁夏区,188.75,,1345.35,,259,2023-09-30 00:00:00,1,0,2024-07-21 04:02:47,0,2024-07-21 04:02:47,,,
2023-09,青海省,148.28,,956.76,,260,2023-09-30 00:00:00,1,0,2024-07-21 04:02:47,0,2024-07-21 04:02:47,,,
2023-09,甘肃省,470.64,,3250.25,,261,2023-09-30 00:00:00,1,0,2024-07-21 04:02:47,0,2024-07-21 04:02:47,,,
2023-09,陕西省,527.58,,4699.81,,262,2023-09-30 00:00:00,1,0,2024-07-21 04:02:47,0,2024-07-21 04:02:47,,,
2023-09,西藏区,135.55,,928.65,,263,2023-09-30 00:00:00,1,0,2024-07-21 04:02:47,0,2024-07-21 04:02:47,,,
2023-09,云南省,802.63,,7052.35,,264,2023-09-30 00:00:00,1,0,2024-07-21 04:02:47,0,2024-07-21 04:02:47,,,
2023-09,贵州省,510.41,,4261.12,,265,2023-09-30 00:00:00,1,0,2024-07-21 04:02:47,0,2024-07-21 04:02:47,,,
2023-09,四川省,1028.88,,8758.90,,266,2023-09-30 00:00:00,1,0,2024-07-21 04:02:47,0,2024-07-21 04:02:47,,,
2023-09,重庆市,483.68,,4018.24,,267,2023-09-30 00:00:00,1,0,2024-07-21 04:02:47,0,2024-07-21 04:02:47,,,
2023-09,海南省,119.17,,1113.12,,268,2023-09-30 00:00:00,1,0,2024-07-21 04:02:47,0,2024-07-21 04:02:47,,,
2023-09,广西区,763.95,,7229.63,,269,2023-09-30 00:00:00,1,0,2024-07-21 04:02:47,0,2024-07-21 04:02:47,,,
2023-09,广东省,1128.78,,10055.09,,270,2023-09-30 00:00:00,1,0,2024-07-21 04:02:47,0,2024-07-21 04:02:47,,,
2023-09,湖南省,786.28,,5840.22,,271,2023-09-30 00:00:00,1,0,2024-07-21 04:02:51,0,2024-07-21 04:02:51,,,
2023-09,湖北省,853.58,,6993.42,,272,2023-09-30 00:00:00,1,0,2024-07-21 04:02:51,0,2024-07-21 04:02:51,,,
2023-09,河南省,808.74,,7398.58,,273,2023-09-30 00:00:00,1,0,2024-07-21 04:02:51,0,2024-07-21 04:02:51,,,
2023-09,山东省,1242.00,,9669.11,,274,2023-09-30 00:00:00,1,0,2024-07-21 04:02:51,0,2024-07-21 04:02:51,,,
2023-09,江西省,745.75,,5872.63,,275,2023-09-30 00:00:00,1,0,2024-07-21 04:02:51,0,2024-07-21 04:02:51,,,
2023-09,福建省,690.89,,5764.79,,276,2023-09-30 00:00:00,1,0,2024-07-21 04:02:51,0,2024-07-21 04:02:51,,,
2023-09,安徽省,1202.57,,9653.27,,277,2023-09-30 00:00:00,1,0,2024-07-21 04:02:51,0,2024-07-21 04:02:51,,,
2023-09,浙江省,1136.71,,9322.06,,278,2023-09-30 00:00:00,1,0,2024-07-21 04:02:51,0,2024-07-21 04:02:51,,,
2023-09,江苏省,1290.69,,10284.09,,279,2023-09-30 00:00:00,1,0,2024-07-21 04:02:51,0,2024-07-21 04:02:51,,,
2023-09,上海市,38.24,,326.14,,280,2023-09-30 00:00:00,1,0,2024-07-21 04:02:51,0,2024-07-21 04:02:51,,,
2023-09,黑龙江省,321.68,,1611.82,,281,2023-09-30 00:00:00,1,0,2024-07-21 04:02:51,0,2024-07-21 04:02:51,,,
2023-09,吉林省,319.15,,1703.19,,282,2023-09-30 00:00:00,1,0,2024-07-21 04:02:51,0,2024-07-21 04:02:51,,,
2023-09,辽宁省,460.20,,2951.46,,283,2023-09-30 00:00:00,1,0,2024-07-21 04:02:51,0,2024-07-21 04:02:51,,,
2023-09,内蒙古区,520.18,,2925.09,,284,2023-09-30 00:00:00,1,0,2024-07-21 04:02:51,0,2024-07-21 04:02:51,,,
2023-09,山西省,504.12,,3574.35,,285,2023-09-30 00:00:00,1,0,2024-07-21 04:02:51,0,2024-07-21 04:02:51,,,
2023-09,河北省,994.16,,7606.51,,286,2023-09-30 00:00:00,1,0,2024-07-21 04:02:51,0,2024-07-21 04:02:51,,,
2023-09,天津市,40.79,,357.76,,287,2023-09-30 00:00:00,1,0,2024-07-21 04:02:51,0,2024-07-21 04:02:51,,,
2023-09,北京市,21.23,,156.68,,288,2023-09-30 00:00:00,1,0,2024-07-21 04:02:51,0,2024-07-21 04:02:51,,,
2023-08,全国,17924.70,-2.00,130600.20,0.40,289,2023-08-31 00:00:00,1,0,2024-07-21 04:02:51,0,2024-07-21 04:02:51,,,
2023-08,新疆区,567.16,,3239.07,,290,2023-08-31 00:00:00,1,0,2024-07-21 04:02:51,0,2024-07-21 04:02:51,,,
2023-08,宁夏区,174.43,,1156.61,,291,2023-08-31 00:00:00,1,0,2024-07-21 04:02:51,0,2024-07-21 04:02:51,,,
2023-08,青海省,146.76,,808.48,,292,2023-08-31 00:00:00,1,0,2024-07-21 04:02:51,0,2024-07-21 04:02:51,,,
2023-08,甘肃省,439.24,,2779.62,,293,2023-08-31 00:00:00,1,0,2024-07-21 04:02:51,0,2024-07-21 04:02:51,,,
2023-08,陕西省,553.66,,4228.01,,294,2023-08-31 00:00:00,1,0,2024-07-21 04:02:51,0,2024-07-21 04:02:51,,,
2023-08,西藏区,138.93,,800.21,,295,2023-08-31 00:00:00,1,0,2024-07-21 04:02:51,0,2024-07-21 04:02:51,,,
2023-08,云南省,681.37,,6249.82,,296,2023-08-31 00:00:00,1,0,2024-07-21 04:02:51,0,2024-07-21 04:02:51,,,
2023-08,贵州省,508.45,,3750.68,,297,2023-08-31 00:00:00,1,0,2024-07-21 04:02:51,0,2024-07-21 04:02:51,,,
2023-08,四川省,882.32,,7730.02,,298,2023-08-31 00:00:00,1,0,2024-07-21 04:02:51,0,2024-07-21 04:02:51,,,
2023-08,重庆市,439.09,,3534.66,,299,2023-08-31 00:00:00,1,0,2024-07-21 04:02:51,0,2024-07-21 04:02:51,,,
2023-08,海南省,134.49,,993.91,,300,2023-08-31 00:00:00,1,0,2024-07-21 04:02:51,0,2024-07-21 04:02:51,,,
2023-08,广西区,852.37,,6459.76,,301,2023-08-31 00:00:00,1,0,2024-07-21 04:02:54,0,2024-07-21 04:02:54,,,
2023-08,广东省,1166.34,,8922.18,,302,2023-08-31 00:00:00,1,0,2024-07-21 04:02:54,0,2024-07-21 04:02:54,,,
2023-08,湖南省,704.14,,5018.13,,303,2023-08-31 00:00:00,1,0,2024-07-21 04:02:54,0,2024-07-21 04:02:54,,,
2023-08,湖北省,790.76,,6208.92,,304,2023-08-31 00:00:00,1,0,2024-07-21 04:02:54,0,2024-07-21 04:02:54,,,
2023-08,河南省,790.49,,6421.98,,305,2023-08-31 00:00:00,1,0,2024-07-21 04:02:54,0,2024-07-21 04:02:54,,,
2023-08,山东省,1177.75,,8437.04,,306,2023-08-31 00:00:00,1,0,2024-07-21 04:02:54,0,2024-07-21 04:02:54,,,
2023-08,江西省,674.24,,5126.75,,307,2023-08-31 00:00:00,1,0,2024-07-21 04:02:54,0,2024-07-21 04:02:54,,,
2023-08,福建省,666.47,,5073.89,,308,2023-08-31 00:00:00,1,0,2024-07-21 04:02:54,0,2024-07-21 04:02:54,,,
2023-08,安徽省,1149.08,,8450.34,,309,2023-08-31 00:00:00,1,0,2024-07-21 04:02:54,0,2024-07-21 04:02:54,,,
2023-08,浙江省,1164.15,,8208.85,,310,2023-08-31 00:00:00,1,0,2024-07-21 04:02:54,0,2024-07-21 04:02:54,,,
2023-08,江苏省,1298.81,,9009.81,,311,2023-08-31 00:00:00,1,0,2024-07-21 04:02:54,0,2024-07-21 04:02:54,,,
2023-08,上海市,40.09,,287.90,,312,2023-08-31 00:00:00,1,0,2024-07-21 04:02:54,0,2024-07-21 04:02:54,,,
2023-08,黑龙江省,255.26,,1289.53,,313,2023-08-31 00:00:00,1,0,2024-07-21 04:02:54,0,2024-07-21 04:02:54,,,
2023-08,吉林省,262.82,,1362.45,,314,2023-08-31 00:00:00,1,0,2024-07-21 04:02:54,0,2024-07-21 04:02:54,,,
2023-08,辽宁省,404.25,,2505.01,,315,2023-08-31 00:00:00,1,0,2024-07-21 04:02:54,0,2024-07-21 04:02:54,,,
2023-08,内蒙古区,493.38,,2424.14,,316,2023-08-31 00:00:00,1,0,2024-07-21 04:02:54,0,2024-07-21 04:02:54,,,
2023-08,山西省,476.10,,3069.98,,317,2023-08-31 00:00:00,1,0,2024-07-21 04:02:54,0,2024-07-21 04:02:54,,,
2023-08,河北省,845.78,,6600.07,,318,2023-08-31 00:00:00,1,0,2024-07-21 04:02:54,0,2024-07-21 04:02:54,,,
2023-08,天津市,36.51,,316.97,,319,2023-08-31 00:00:00,1,0,2024-07-21 04:02:54,0,2024-07-21 04:02:54,,,
2023-08,北京市,10.01,,135.45,,320,2023-08-31 00:00:00,1,0,2024-07-21 04:02:54,0,2024-07-21 04:02:54,,,
2023-07,全国,17618.30,-5.70,112677.40,0.60,321,2023-07-31 00:00:00,1,0,2024-07-21 04:02:54,0,2024-07-21 04:02:54,,,
2023-07,新疆区,540.45,,2670.93,,322,2023-07-31 00:00:00,1,0,2024-07-21 04:02:54,0,2024-07-21 04:02:54,,,
2023-07,宁夏区,182.31,,982.17,,323,2023-07-31 00:00:00,1,0,2024-07-21 04:02:54,0,2024-07-21 04:02:54,,,
2023-07,青海省,144.29,,661.72,,324,2023-07-31 00:00:00,1,0,2024-07-21 04:02:54,0,2024-07-21 04:02:54,,,
2023-07,甘肃省,446.69,,2340.38,,325,2023-07-31 00:00:00,1,0,2024-07-21 04:02:54,0,2024-07-21 04:02:54,,,
2023-07,陕西省,609.24,,3679.44,,326,2023-07-31 00:00:00,1,0,2024-07-21 04:02:54,0,2024-07-21 04:02:54,,,
2023-07,西藏区,129.92,,661.28,,327,2023-07-31 00:00:00,1,0,2024-07-21 04:02:54,0,2024-07-21 04:02:54,,,
2023-07,云南省,809.31,,5555.50,,328,2023-07-31 00:00:00,1,0,2024-07-21 04:02:54,0,2024-07-21 04:02:54,,,
2023-07,贵州省,529.04,,3242.20,,329,2023-07-31 00:00:00,1,0,2024-07-21 04:02:54,0,2024-07-21 04:02:54,,,
2023-07,四川省,922.10,,6847.70,,330,2023-07-31 00:00:00,1,0,2024-07-21 04:02:54,0,2024-07-21 04:02:54,,,
2023-07,重庆市,436.09,,3124.59,,331,2023-07-31 00:00:00,1,0,2024-07-21 04:02:57,0,2024-07-21 04:02:57,,,
2023-07,海南省,131.97,,859.43,,332,2023-07-31 00:00:00,1,0,2024-07-21 04:02:57,0,2024-07-21 04:02:57,,,
2023-07,广西区,850.66,,5616.83,,333,2023-07-31 00:00:00,1,0,2024-07-21 04:02:57,0,2024-07-21 04:02:57,,,
2023-07,广东省,1081.54,,7755.26,,334,2023-07-31 00:00:00,1,0,2024-07-21 04:02:57,0,2024-07-21 04:02:57,,,
2023-07,湖南省,688.96,,4322.02,,335,2023-07-31 00:00:00,1,0,2024-07-21 04:02:57,0,2024-07-21 04:02:57,,,
2023-07,湖北省,822.55,,5398.69,,336,2023-07-31 00:00:00,1,0,2024-07-21 04:02:57,0,2024-07-21 04:02:57,,,
2023-07,河南省,838.20,,5631.48,,337,2023-07-31 00:00:00,1,0,2024-07-21 04:02:57,0,2024-07-21 04:02:57,,,
2023-07,山东省,1078.26,,7344.80,,338,2023-07-31 00:00:00,1,0,2024-07-21 04:02:57,0,2024-07-21 04:02:57,,,
2023-07,江西省,665.01,,4450.50,,339,2023-07-31 00:00:00,1,0,2024-07-21 04:02:57,0,2024-07-21 04:02:57,,,
2023-07,福建省,671.52,,4406.79,,340,2023-07-31 00:00:00,1,0,2024-07-21 04:02:57,0,2024-07-21 04:02:57,,,
2023-07,安徽省,1056.76,,7239.10,,341,2023-07-31 00:00:00,1,0,2024-07-21 04:02:57,0,2024-07-21 04:02:57,,,
2023-07,浙江省,1076.22,,7051.59,,342,2023-07-31 00:00:00,1,0,2024-07-21 04:02:57,0,2024-07-21 04:02:57,,,
2023-07,江苏省,1134.80,,7706.17,,343,2023-07-31 00:00:00,1,0,2024-07-21 04:02:57,0,2024-07-21 04:02:57,,,
2023-07,上海市,39.29,,247.82,,344,2023-07-31 00:00:00,1,0,2024-07-21 04:02:57,0,2024-07-21 04:02:57,,,
2023-07,黑龙江省,231.54,,1025.31,,345,2023-07-31 00:00:00,1,0,2024-07-21 04:02:57,0,2024-07-21 04:02:57,,,
2023-07,吉林省,241.10,,1104.63,,346,2023-07-31 00:00:00,1,0,2024-07-21 04:02:57,0,2024-07-21 04:02:57,,,
2023-07,辽宁省,377.19,,2094.63,,347,2023-07-31 00:00:00,1,0,2024-07-21 04:02:57,0,2024-07-21 04:02:57,,,
2023-07,内蒙古区,450.24,,1930.66,,348,2023-07-31 00:00:00,1,0,2024-07-21 04:02:57,0,2024-07-21 04:02:57,,,
2023-07,山西省,501.67,,2592.04,,349,2023-07-31 00:00:00,1,0,2024-07-21 04:02:57,0,2024-07-21 04:02:57,,,
2023-07,河北省,880.42,,5727.82,,350,2023-07-31 00:00:00,1,0,2024-07-21 04:02:57,0,2024-07-21 04:02:57,,,
2023-07,天津市,35.67,,280.46,,351,2023-07-31 00:00:00,1,0,2024-07-21 04:02:57,0,2024-07-21 04:02:57,,,
2023-07,北京市,15.27,,125.43,,352,2023-07-31 00:00:00,1,0,2024-07-21 04:02:57,0,2024-07-21 04:02:57,,,
2023-06,全国,18503.20,-1.50,95300.30,1.30,353,2023-06-30 00:00:00,1,0,2024-07-21 04:02:57,0,2024-07-21 04:02:57,,,
2023-06,新疆区,589.84,,2131.11,,354,2023-06-30 00:00:00,1,0,2024-07-21 04:02:57,0,2024-07-21 04:02:57,,,
2023-06,宁夏区,202.46,,800.16,,355,2023-06-30 00:00:00,1,0,2024-07-21 04:02:57,0,2024-07-21 04:02:57,,,
2023-06,青海省,165.37,,517.43,,356,2023-06-30 00:00:00,1,0,2024-07-21 04:02:57,0,2024-07-21 04:02:57,,,
2023-06,甘肃省,515.25,,1893.69,,357,2023-06-30 00:00:00,1,0,2024-07-21 04:02:57,0,2024-07-21 04:02:57,,,
2023-06,陕西省,573.51,,3093.69,,358,2023-06-30 00:00:00,1,0,2024-07-21 04:02:57,0,2024-07-21 04:02:57,,,
2023-06,西藏区,145.48,,531.37,,359,2023-06-30 00:00:00,1,0,2024-07-21 04:02:57,0,2024-07-21 04:02:57,,,
2023-06,云南省,836.94,,4741.22,,360,2023-06-30 00:00:00,1,0,2024-07-21 04:02:57,0,2024-07-21 04:02:57,,,
2023-06,贵州省,482.05,,2713.16,,361,2023-06-30 00:00:00,1,0,2024-07-21 04:03:01,0,2024-07-21 04:03:01,,,
2023-06,四川省,1034.52,,5927.73,,362,2023-06-30 00:00:00,1,0,2024-07-21 04:03:01,0,2024-07-21 04:03:01,,,
2023-06,重庆市,458.08,,2688.67,,363,2023-06-30 00:00:00,1,0,2024-07-21 04:03:01,0,2024-07-21 04:03:01,,,
2023-06,海南省,125.78,,727.45,,364,2023-06-30 00:00:00,1,0,2024-07-21 04:03:01,0,2024-07-21 04:03:01,,,
2023-06,广西区,777.43,,4775.73,,365,2023-06-30 00:00:00,1,0,2024-07-21 04:03:01,0,2024-07-21 04:03:01,,,
2023-06,广东省,1089.45,,6674.72,,366,2023-06-30 00:00:00,1,0,2024-07-21 04:03:01,0,2024-07-21 04:03:01,,,
2023-06,湖南省,687.80,,3602.28,,367,2023-06-30 00:00:00,1,0,2024-07-21 04:03:01,0,2024-07-21 04:03:01,,,
2023-06,湖北省,861.48,,4646.93,,368,2023-06-30 00:00:00,1,0,2024-07-21 04:03:01,0,2024-07-21 04:03:01,,,
2023-06,河南省,869.96,,4803.43,,369,2023-06-30 00:00:00,1,0,2024-07-21 04:03:01,0,2024-07-21 04:03:01,,,
2023-06,山东省,1364.74,,6311.89,,370,2023-06-30 00:00:00,1,0,2024-07-21 04:03:01,0,2024-07-21 04:03:01,,,
2023-06,江西省,622.07,,3774.21,,371,2023-06-30 00:00:00,1,0,2024-07-21 04:03:01,0,2024-07-21 04:03:01,,,
2023-06,福建省,674.78,,3786.36,,372,2023-06-30 00:00:00,1,0,2024-07-21 04:03:01,0,2024-07-21 04:03:01,,,
2023-06,安徽省,1053.52,,6190.60,,373,2023-06-30 00:00:00,1,0,2024-07-21 04:03:01,0,2024-07-21 04:03:01,,,
2023-06,浙江省,1093.69,,5975.76,,374,2023-06-30 00:00:00,1,0,2024-07-21 04:03:01,0,2024-07-21 04:03:01,,,
2023-06,江苏省,1175.09,,6586.39,,375,2023-06-30 00:00:00,1,0,2024-07-21 04:03:01,0,2024-07-21 04:03:01,,,
2023-06,上海市,39.34,,208.49,,376,2023-06-30 00:00:00,1,0,2024-07-21 04:03:01,0,2024-07-21 04:03:01,,,
2023-06,黑龙江省,307.61,,829.31,,377,2023-06-30 00:00:00,1,0,2024-07-21 04:03:01,0,2024-07-21 04:03:01,,,
2023-06,吉林省,274.21,,870.01,,378,2023-06-30 00:00:00,1,0,2024-07-21 04:03:01,0,2024-07-21 04:03:01,,,
2023-06,辽宁省,482.88,,1717.44,,379,2023-06-30 00:00:00,1,0,2024-07-21 04:03:01,0,2024-07-21 04:03:01,,,
2023-06,内蒙古区,451.45,,1462.80,,380,2023-06-30 00:00:00,1,0,2024-07-21 04:03:01,0,2024-07-21 04:03:01,,,
2023-06,山西省,517.52,,2089.84,,381,2023-06-30 00:00:00,1,0,2024-07-21 04:03:01,0,2024-07-21 04:03:01,,,
2023-06,河北省,958.59,,4873.42,,382,2023-06-30 00:00:00,1,0,2024-07-21 04:03:01,0,2024-07-21 04:03:01,,,
2023-06,天津市,54.48,,244.79,,383,2023-06-30 00:00:00,1,0,2024-07-21 04:03:01,0,2024-07-21 04:03:01,,,
2023-06,北京市,17.83,,110.17,,384,2023-06-30 00:00:00,1,0,2024-07-21 04:03:01,0,2024-07-21 04:03:01,,,
2023-05,新疆区,625.07,,1541.25,,385,2023-05-31 00:00:00,1,0,2024-07-21 04:03:01,0,2024-07-21 04:03:01,,,
2023-05,宁夏区,194.63,,597.71,,386,2023-05-31 00:00:00,1,0,2024-07-21 04:03:01,0,2024-07-21 04:03:01,,,
2023-05,青海省,137.73,,352.06,,387,2023-05-31 00:00:00,1,0,2024-07-21 04:03:01,0,2024-07-21 04:03:01,,,
2023-05,甘肃省,478.23,,1377.98,,388,2023-05-31 00:00:00,1,0,2024-07-21 04:03:01,0,2024-07-21 04:03:01,,,
2023-05,陕西省,564.50,,2520.10,,389,2023-05-31 00:00:00,1,0,2024-07-21 04:03:01,0,2024-07-21 04:03:01,,,
2023-05,西藏区,134.55,,385.88,,390,2023-05-31 00:00:00,1,0,2024-07-21 04:03:01,0,2024-07-21 04:03:01,,,
2023-05,云南省,895.92,,3901.06,,391,2023-05-31 00:00:00,1,0,2024-07-21 04:03:05,0,2024-07-21 04:03:05,,,
2023-05,贵州省,554.79,,2230.61,,392,2023-05-31 00:00:00,1,0,2024-07-21 04:03:05,0,2024-07-21 04:03:05,,,
2023-05,四川省,1133.21,,4967.49,,393,2023-05-31 00:00:00,1,0,2024-07-21 04:03:05,0,2024-07-21 04:03:05,,,
2023-05,重庆市,490.24,,2229.42,,394,2023-05-31 00:00:00,1,0,2024-07-21 04:03:05,0,2024-07-21 04:03:05,,,
2023-05,海南省,137.80,,601.67,,395,2023-05-31 00:00:00,1,0,2024-07-21 04:03:05,0,2024-07-21 04:03:05,,,
2023-05,广西区,937.90,,4000.94,,396,2023-05-31 00:00:00,1,0,2024-07-21 04:03:05,0,2024-07-21 04:03:05,,,
2023-05,广东省,1213.16,,5588.80,,397,2023-05-31 00:00:00,1,0,2024-07-21 04:03:05,0,2024-07-21 04:03:05,,,
2023-05,湖南省,731.19,,2915.92,,398,2023-05-31 00:00:00,1,0,2024-07-21 04:03:05,0,2024-07-21 04:03:05,,,
2023-05,湖北省,855.03,,4038.46,,399,2023-05-31 00:00:00,1,0,2024-07-21 04:03:05,0,2024-07-21 04:03:05,,,
2023-05,河南省,934.13,,3926.78,,400,2023-05-31 00:00:00,1,0,2024-07-21 04:03:05,0,2024-07-21 04:03:05,,,
2023-05,山东省,1342.98,,4864.67,,401,2023-05-31 00:00:00,1,0,2024-07-21 04:03:05,0,2024-07-21 04:03:05,,,
2023-05,江西省,725.50,,3166.69,,402,2023-05-31 00:00:00,1,0,2024-07-21 04:03:05,0,2024-07-21 04:03:05,,,
2023-05,福建省,720.99,,3124.05,,403,2023-05-31 00:00:00,1,0,2024-07-21 04:03:05,0,2024-07-21 04:03:05,,,
2023-05,安徽省,1200.10,,5146.90,,404,2023-05-31 00:00:00,1,0,2024-07-21 04:03:05,0,2024-07-21 04:03:05,,,
2023-05,浙江省,1187.59,,4886.23,,405,2023-05-31 00:00:00,1,0,2024-07-21 04:03:05,0,2024-07-21 04:03:05,,,
2023-05,江苏省,1302.96,,5384.14,,406,2023-05-31 00:00:00,1,0,2024-07-21 04:03:05,0,2024-07-21 04:03:05,,,
2023-05,上海市,41.95,,169.15,,407,2023-05-31 00:00:00,1,0,2024-07-21 04:03:05,0,2024-07-21 04:03:05,,,
2023-05,黑龙江省,235.27,,521.81,,408,2023-05-31 00:00:00,1,0,2024-07-21 04:03:05,0,2024-07-21 04:03:05,,,
2023-05,吉林省,274.87,,596.16,,409,2023-05-31 00:00:00,1,0,2024-07-21 04:03:05,0,2024-07-21 04:03:05,,,
2023-05,辽宁省,444.03,,1234.56,,410,2023-05-31 00:00:00,1,0,2024-07-21 04:03:05,0,2024-07-21 04:03:05,,,
2023-05,内蒙古区,427.53,,1008.53,,411,2023-05-31 00:00:00,1,0,2024-07-21 04:03:05,0,2024-07-21 04:03:05,,,
2023-05,山西省,513.46,,1572.21,,412,2023-05-31 00:00:00,1,0,2024-07-21 04:03:05,0,2024-07-21 04:03:05,,,
2023-05,河北省,1127.55,,4008.15,,413,2023-05-31 00:00:00,1,0,2024-07-21 04:03:05,0,2024-07-21 04:03:05,,,
2023-05,天津市,51.56,,189.41,,414,2023-05-31 00:00:00,1,0,2024-07-21 04:03:05,0,2024-07-21 04:03:05,,,
2023-05,北京市,23.48,,92.34,,415,2023-05-31 00:00:00,1,0,2024-07-21 04:03:05,0,2024-07-21 04:03:05,,,
2023-05,全国,19637.90,-0.40,77141.10,1.90,416,2023-05-31 00:00:00,1,0,2024-07-21 04:03:05,0,2024-07-21 04:03:05,,,
2023-04,新疆区,531.11,,918.55,,417,2023-04-30 00:00:00,1,0,2024-07-21 04:03:05,0,2024-07-21 04:03:05,,,
2023-04,宁夏区,202.32,,403.08,,418,2023-04-30 00:00:00,1,0,2024-07-21 04:03:05,0,2024-07-21 04:03:05,,,
2023-04,青海省,117.40,,214.33,,419,2023-04-30 00:00:00,1,0,2024-07-21 04:03:05,0,2024-07-21 04:03:05,,,
2023-04,甘肃省,382.17,,868.41,,420,2023-04-30 00:00:00,1,0,2024-07-21 04:03:05,0,2024-07-21 04:03:05,,,
2023-04,陕西省,661.92,,1944.20,,421,2023-04-30 00:00:00,1,0,2024-07-21 04:03:08,0,2024-07-21 04:03:08,,,
2023-04,西藏区,122.10,,251.33,,422,2023-04-30 00:00:00,1,0,2024-07-21 04:03:08,0,2024-07-21 04:03:08,,,
2023-04,云南省,888.96,,3005.61,,423,2023-04-30 00:00:00,1,0,2024-07-21 04:03:08,0,2024-07-21 04:03:08,,,
2023-04,贵州省,539.74,,1682.22,,424,2023-04-30 00:00:00,1,0,2024-07-21 04:03:08,0,2024-07-21 04:03:08,,,
2023-04,四川省,1191.43,,3933.51,,425,2023-04-30 00:00:00,1,0,2024-07-21 04:03:08,0,2024-07-21 04:03:08,,,
2023-04,重庆市,502.52,,1741.98,,426,2023-04-30 00:00:00,1,0,2024-07-21 04:03:08,0,2024-07-21 04:03:08,,,
2023-04,海南省,147.55,,464.12,,427,2023-04-30 00:00:00,1,0,2024-07-21 04:03:08,0,2024-07-21 04:03:08,,,
2023-04,广西区,841.35,,3094.35,,428,2023-04-30 00:00:00,1,0,2024-07-21 04:03:08,0,2024-07-21 04:03:08,,,
2023-04,广东省,1267.86,,4376.62,,429,2023-04-30 00:00:00,1,0,2024-07-21 04:03:08,0,2024-07-21 04:03:08,,,
2023-04,湖南省,767.33,,2380.45,,430,2023-04-30 00:00:00,1,0,2024-07-21 04:03:08,0,2024-07-21 04:03:08,,,
2023-04,湖北省,924.00,,3191.95,,431,2023-04-30 00:00:00,1,0,2024-07-21 04:03:08,0,2024-07-21 04:03:08,,,
2023-04,河南省,1002.93,,3012.99,,432,2023-04-30 00:00:00,1,0,2024-07-21 04:03:08,0,2024-07-21 04:03:08,,,
2023-04,山东省,1296.88,,3594.37,,433,2023-04-30 00:00:00,1,0,2024-07-21 04:03:08,0,2024-07-21 04:03:08,,,
2023-04,江西省,680.98,,2440.13,,434,2023-04-30 00:00:00,1,0,2024-07-21 04:03:08,0,2024-07-21 04:03:08,,,
2023-04,福建省,776.23,,2825.69,,435,2023-04-30 00:00:00,1,0,2024-07-21 04:03:08,0,2024-07-21 04:03:08,,,
2023-04,安徽省,1213.03,,3952.76,,436,2023-04-30 00:00:00,1,0,2024-07-21 04:03:08,0,2024-07-21 04:03:08,,,
2023-04,浙江省,1191.15,,3724.87,,437,2023-04-30 00:00:00,1,0,2024-07-21 04:03:08,0,2024-07-21 04:03:08,,,
2023-04,江苏省,1284.98,,4088.52,,438,2023-04-30 00:00:00,1,0,2024-07-21 04:03:08,0,2024-07-21 04:03:08,,,
2023-04,上海市,40.41,,127.20,,439,2023-04-30 00:00:00,1,0,2024-07-21 04:03:08,0,2024-07-21 04:03:08,,,
2023-04,黑龙江省,187.17,,289.01,,440,2023-04-30 00:00:00,1,0,2024-07-21 04:03:08,0,2024-07-21 04:03:08,,,
2023-04,吉林省,215.87,,320.82,,441,2023-04-30 00:00:00,1,0,2024-07-21 04:03:08,0,2024-07-21 04:03:08,,,
2023-04,辽宁省,404.81,,791.17,,442,2023-04-30 00:00:00,1,0,2024-07-21 04:03:08,0,2024-07-21 04:03:08,,,
2023-04,内蒙古区,342.69,,580.98,,443,2023-04-30 00:00:00,1,0,2024-07-21 04:03:08,0,2024-07-21 04:03:08,,,
2023-04,山西省,483.15,,1073.06,,444,2023-04-30 00:00:00,1,0,2024-07-21 04:03:08,0,2024-07-21 04:03:08,,,
2023-04,河北省,1101.67,,2929.46,,445,2023-04-30 00:00:00,1,0,2024-07-21 04:03:08,0,2024-07-21 04:03:08,,,
2023-04,天津市,51.65,,137.85,,446,2023-04-30 00:00:00,1,0,2024-07-21 04:03:08,0,2024-07-21 04:03:08,,,
2023-04,北京市,30.11,,68.86,,447,2023-04-30 00:00:00,1,0,2024-07-21 04:03:08,0,2024-07-21 04:03:08,,,
2023-04,全国,19391.50,1.40,58428.50,2.50,448,2023-04-30 00:00:00,1,0,2024-07-21 04:03:08,0,2024-07-21 04:03:08,,,
2023-03,新疆区,336.09,,386.04,,449,2023-03-31 00:00:00,1,0,2024-07-21 04:03:08,0,2024-07-21 04:03:08,,,
2023-03,宁夏区,155.62,,200.76,,450,2023-03-31 00:00:00,1,0,2024-07-21 04:03:08,0,2024-07-21 04:03:08,,,
2023-03,青海省,73.21,,96.93,,451,2023-03-31 00:00:00,1,0,2024-07-21 04:03:10,0,2024-07-21 04:03:10,,,
2023-03,甘肃省,359.09,,489.51,,452,2023-03-31 00:00:00,1,0,2024-07-21 04:03:10,0,2024-07-21 04:03:10,,,
2023-03,陕西省,714.77,,1272.69,,453,2023-03-31 00:00:00,1,0,2024-07-21 04:03:10,0,2024-07-21 04:03:10,,,
2023-03,西藏区,81.98,,129.24,,454,2023-03-31 00:00:00,1,0,2024-07-21 04:03:10,0,2024-07-21 04:03:10,,,
2023-03,云南省,1033.43,,2153.40,,455,2023-03-31 00:00:00,1,0,2024-07-21 04:03:10,0,2024-07-21 04:03:10,,,
2023-03,贵州省,668.33,,1265.79,,456,2023-03-31 00:00:00,1,0,2024-07-21 04:03:10,0,2024-07-21 04:03:10,,,
2023-03,四川省,1300.17,,2847.45,,457,2023-03-31 00:00:00,1,0,2024-07-21 04:03:10,0,2024-07-21 04:03:10,,,
2023-03,重庆市,520.92,,1268.40,,458,2023-03-31 00:00:00,1,0,2024-07-21 04:03:10,0,2024-07-21 04:03:10,,,
2023-03,海南省,175.79,,314.62,,459,2023-03-31 00:00:00,1,0,2024-07-21 04:03:10,0,2024-07-21 04:03:10,,,
2023-03,广西区,1065.78,,2251.50,,460,2023-03-31 00:00:00,1,0,2024-07-21 04:03:10,0,2024-07-21 04:03:10,,,
2023-03,广东省,1524.28,,3100.72,,461,2023-03-31 00:00:00,1,0,2024-07-21 04:03:10,0,2024-07-21 04:03:10,,,
2023-03,湖南省,778.43,,1679.90,,462,2023-03-31 00:00:00,1,0,2024-07-21 04:03:10,0,2024-07-21 04:03:10,,,
2023-03,湖北省,1081.81,,2381.28,,463,2023-03-31 00:00:00,1,0,2024-07-21 04:03:10,0,2024-07-21 04:03:10,,,
2023-03,河南省,1169.21,,2317.99,,464,2023-03-31 00:00:00,1,0,2024-07-21 04:03:10,0,2024-07-21 04:03:10,,,
2023-03,山东省,1321.57,,2349.69,,465,2023-03-31 00:00:00,1,0,2024-07-21 04:03:10,0,2024-07-21 04:03:10,,,
2023-03,江西省,809.95,,1761.17,,466,2023-03-31 00:00:00,1,0,2024-07-21 04:03:10,0,2024-07-21 04:03:10,,,
2023-03,福建省,973.94,,2147.53,,467,2023-03-31 00:00:00,1,0,2024-07-21 04:03:10,0,2024-07-21 04:03:10,,,
2023-03,安徽省,1412.39,,2880.17,,468,2023-03-31 00:00:00,1,0,2024-07-21 04:03:10,0,2024-07-21 04:03:10,,,
2023-03,浙江省,1339.54,,2566.95,,469,2023-03-31 00:00:00,1,0,2024-07-21 04:03:10,0,2024-07-21 04:03:10,,,
2023-03,江苏省,1361.88,,2827.73,,470,2023-03-31 00:00:00,1,0,2024-07-21 04:03:10,0,2024-07-21 04:03:10,,,
2023-03,上海市,42.83,,86.79,,471,2023-03-31 00:00:00,1,0,2024-07-21 04:03:10,0,2024-07-21 04:03:10,,,
2023-03,黑龙江省,93.91,,101.75,,472,2023-03-31 00:00:00,1,0,2024-07-21 04:03:10,0,2024-07-21 04:03:10,,,
2023-03,吉林省,91.37,,105.51,,473,2023-03-31 00:00:00,1,0,2024-07-21 04:03:10,0,2024-07-21 04:03:10,,,
2023-03,辽宁省,305.60,,387.01,,474,2023-03-31 00:00:00,1,0,2024-07-21 04:03:10,0,2024-07-21 04:03:10,,,
2023-03,内蒙古区,182.65,,238.78,,475,2023-03-31 00:00:00,1,0,2024-07-21 04:03:10,0,2024-07-21 04:03:10,,,
2023-03,山西省,426.06,,592.45,,476,2023-03-31 00:00:00,1,0,2024-07-21 04:03:10,0,2024-07-21 04:03:10,,,
2023-03,河北省,1106.90,,1906.82,,477,2023-03-31 00:00:00,1,0,2024-07-21 04:03:10,0,2024-07-21 04:03:10,,,
2023-03,天津市,48.27,,86.20,,478,2023-03-31 00:00:00,1,0,2024-07-21 04:03:10,0,2024-07-21 04:03:10,,,
2023-03,北京市,24.26,,38.75,,479,2023-03-31 00:00:00,1,0,2024-07-21 04:03:10,0,2024-07-21 04:03:10,,,
2023-03,全国,20580.10,10.40,40233.50,4.10,480,2023-03-31 00:00:00,1,0,2024-07-21 04:03:10,0,2024-07-21 04:03:10,,,
2023-02,新疆区,,,49.90,,481,2023-02-28 00:00:00,1,0,2024-07-21 04:03:14,0,2024-07-21 04:03:14,,,
2023-02,宁夏区,,,45.14,,482,2023-02-28 00:00:00,1,0,2024-07-21 04:03:14,0,2024-07-21 04:03:14,,,
2023-02,青海省,,,23.71,,483,2023-02-28 00:00:00,1,0,2024-07-21 04:03:14,0,2024-07-21 04:03:14,,,
2023-02,甘肃省,,,129.22,,484,2023-02-28 00:00:00,1,0,2024-07-21 04:03:14,0,2024-07-21 04:03:14,,,
2023-02,陕西省,,,551.67,,485,2023-02-28 00:00:00,1,0,2024-07-21 04:03:14,0,2024-07-21 04:03:14,,,
2023-02,西藏区,,,47.09,,486,2023-02-28 00:00:00,1,0,2024-07-21 04:03:14,0,2024-07-21 04:03:14,,,
2023-02,云南省,,,1122.20,,487,2023-02-28 00:00:00,1,0,2024-07-21 04:03:14,0,2024-07-21 04:03:14,,,
2023-02,贵州省,,,596.20,,488,2023-02-28 00:00:00,1,0,2024-07-21 04:03:14,0,2024-07-21 04:03:14,,,
2023-02,四川省,,,1690.77,,489,2023-02-28 00:00:00,1,0,2024-07-21 04:03:14,0,2024-07-21 04:03:14,,,
2023-02,重庆市,,,749.31,,490,2023-02-28 00:00:00,1,0,2024-07-21 04:03:14,0,2024-07-21 04:03:14,,,
2023-02,海南省,,,138.72,,491,2023-02-28 00:00:00,1,0,2024-07-21 04:03:14,0,2024-07-21 04:03:14,,,
2023-02,广西区,,,1195.81,,492,2023-02-28 00:00:00,1,0,2024-07-21 04:03:14,0,2024-07-21 04:03:14,,,
2023-02,广东省,,,1565.54,,493,2023-02-28 00:00:00,1,0,2024-07-21 04:03:14,0,2024-07-21 04:03:14,,,
2023-02,湖南省,,,916.21,,494,2023-02-28 00:00:00,1,0,2024-07-21 04:03:14,0,2024-07-21 04:03:14,,,
2023-02,湖北省,,,1248.72,,495,2023-02-28 00:00:00,1,0,2024-07-21 04:03:14,0,2024-07-21 04:03:14,,,
2023-02,河南省,,,1151.36,,496,2023-02-28 00:00:00,1,0,2024-07-21 04:03:14,0,2024-07-21 04:03:14,,,
2023-02,山东省,,,1042.90,,497,2023-02-28 00:00:00,1,0,2024-07-21 04:03:14,0,2024-07-21 04:03:14,,,
2023-02,江西省,,,953.51,,498,2023-02-28 00:00:00,1,0,2024-07-21 04:03:14,0,2024-07-21 04:03:14,,,
2023-02,福建省,,,1179.99,,499,2023-02-28 00:00:00,1,0,2024-07-21 04:03:14,0,2024-07-21 04:03:14,,,
2023-02,安徽省,,,1512.33,,500,2023-02-28 00:00:00,1,0,2024-07-21 04:03:14,0,2024-07-21 04:03:14,,,
2023-02,浙江省,,,1237.64,,501,2023-02-28 00:00:00,1,0,2024-07-21 04:03:14,0,2024-07-21 04:03:14,,,
2023-02,江苏省,,,1480.08,,502,2023-02-28 00:00:00,1,0,2024-07-21 04:03:14,0,2024-07-21 04:03:14,,,
2023-02,上海市,,,43.96,,503,2023-02-28 00:00:00,1,0,2024-07-21 04:03:14,0,2024-07-21 04:03:14,,,
2023-02,黑龙江省,,,7.88,,504,2023-02-28 00:00:00,1,0,2024-07-21 04:03:14,0,2024-07-21 04:03:14,,,
2023-02,吉林省,,,16.64,,505,2023-02-28 00:00:00,1,0,2024-07-21 04:03:14,0,2024-07-21 04:03:14,,,
2023-02,辽宁省,,,81.16,,506,2023-02-28 00:00:00,1,0,2024-07-21 04:03:14,0,2024-07-21 04:03:14,,,
2023-02,内蒙古区,,,56.31,,507,2023-02-28 00:00:00,1,0,2024-07-21 04:03:14,0,2024-07-21 04:03:14,,,
2023-02,山西省,,,171.29,,508,2023-02-28 00:00:00,1,0,2024-07-21 04:03:14,0,2024-07-21 04:03:14,,,
2023-02,河北省,,,797.21,,509,2023-02-28 00:00:00,1,0,2024-07-21 04:03:14,0,2024-07-21 04:03:14,,,
2023-02,天津市,,,37.93,,510,2023-02-28 00:00:00,1,0,2024-07-21 04:03:14,0,2024-07-21 04:03:14,,,
2023-02,北京市,,,14.49,,511,2023-02-28 00:00:00,1,0,2024-07-21 04:03:16,0,2024-07-21 04:03:16,,,
2023-02,全国,,,19854.90,-0.60,512,2023-02-28 00:00:00,1,0,2024-07-21 04:03:16,0,2024-07-21 04:03:16,,,
2022-12,新疆区,45.45,,3845.40,,513,2022-12-31 00:00:00,1,0,2024-07-21 04:03:16,0,2024-07-21 04:03:16,,,
2022-12,宁夏区,23.69,,1667.36,,514,2022-12-31 00:00:00,1,0,2024-07-21 04:03:16,0,2024-07-21 04:03:16,,,
2022-12,青海省,25.29,,975.33,,515,2022-12-31 00:00:00,1,0,2024-07-21 04:03:16,0,2024-07-21 04:03:16,,,
2022-12,甘肃省,138.56,,4008.21,,516,2022-12-31 00:00:00,1,0,2024-07-21 04:03:16,0,2024-07-21 04:03:16,,,
2022-12,陕西省,428.09,,6509.25,,517,2022-12-31 00:00:00,1,0,2024-07-21 04:03:16,0,2024-07-21 04:03:16,,,
2022-12,西藏区,38.05,,792.74,,518,2022-12-31 00:00:00,1,0,2024-07-21 04:03:16,0,2024-07-21 04:03:16,,,
2022-12,云南省,1004.96,,9649.74,,519,2022-12-31 00:00:00,1,0,2024-07-21 04:03:16,0,2024-07-21 04:03:16,,,
2022-12,贵州省,575.39,,6428.02,,520,2022-12-31 00:00:00,1,0,2024-07-21 04:03:16,0,2024-07-21 04:03:16,,,
2022-12,四川省,1257.49,,13068.75,,521,2022-12-31 00:00:00,1,0,2024-07-21 04:03:16,0,2024-07-21 04:03:16,,,
2022-12,重庆市,488.10,,5316.55,,522,2022-12-31 00:00:00,1,0,2024-07-21 04:03:16,0,2024-07-21 04:03:16,,,
2022-12,海南省,161.12,,1626.36,,523,2022-12-31 00:00:00,1,0,2024-07-21 04:03:16,0,2024-07-21 04:03:16,,,
2022-12,广西区,955.75,,10422.80,,524,2022-12-31 00:00:00,1,0,2024-07-21 04:03:16,0,2024-07-21 04:03:16,,,
2022-12,广东省,1515.46,,15131.17,,525,2022-12-31 00:00:00,1,0,2024-07-21 04:03:16,0,2024-07-21 04:03:16,,,
2022-12,湖南省,946.78,,9944.36,,526,2022-12-31 00:00:00,1,0,2024-07-21 04:03:16,0,2024-07-21 04:03:16,,,
2022-12,湖北省,1096.04,,11048.89,,527,2022-12-31 00:00:00,1,0,2024-07-21 04:03:16,0,2024-07-21 04:03:16,,,
2022-12,河南省,819.14,,11440.48,,528,2022-12-31 00:00:00,1,0,2024-07-21 04:03:16,0,2024-07-21 04:03:16,,,
2022-12,山东省,924.39,,13405.08,,529,2022-12-31 00:00:00,1,0,2024-07-21 04:03:16,0,2024-07-21 04:03:16,,,
2022-12,江西省,828.31,,8768.64,,530,2022-12-31 00:00:00,1,0,2024-07-21 04:03:16,0,2024-07-21 04:03:16,,,
2022-12,福建省,879.26,,9656.80,,531,2022-12-31 00:00:00,1,0,2024-07-21 04:03:16,0,2024-07-21 04:03:16,,,
2022-12,安徽省,1210.12,,14210.89,,532,2022-12-31 00:00:00,1,0,2024-07-21 04:03:16,0,2024-07-21 04:03:16,,,
2022-12,浙江省,1071.59,,12934.17,,533,2022-12-31 00:00:00,1,0,2024-07-21 04:03:16,0,2024-07-21 04:03:16,,,
2022-12,江苏省,1321.38,,14206.29,,534,2022-12-31 00:00:00,1,0,2024-07-21 04:03:16,0,2024-07-21 04:03:16,,,
2022-12,上海市,39.00,,360.83,,535,2022-12-31 00:00:00,1,0,2024-07-21 04:03:16,0,2024-07-21 04:03:16,,,
2022-12,黑龙江省,24.01,,1859.74,,536,2022-12-31 00:00:00,1,0,2024-07-21 04:03:16,0,2024-07-21 04:03:16,,,
2022-12,吉林省,20.71,,1717.51,,537,2022-12-31 00:00:00,1,0,2024-07-21 04:03:16,0,2024-07-21 04:03:16,,,
2022-12,辽宁省,114.52,,3838.43,,538,2022-12-31 00:00:00,1,0,2024-07-21 04:03:16,0,2024-07-21 04:03:16,,,
2022-12,内蒙古区,56.43,,3523.73,,539,2022-12-31 00:00:00,1,0,2024-07-21 04:03:16,0,2024-07-21 04:03:16,,,
2022-12,山西省,209.57,,4798.78,,540,2022-12-31 00:00:00,1,0,2024-07-21 04:03:16,0,2024-07-21 04:03:16,,,
2022-12,河北省,585.19,,9905.72,,541,2022-12-31 00:00:00,1,0,2024-07-21 04:03:19,0,2024-07-21 04:03:19,,,
2022-12,天津市,34.43,,529.46,,542,2022-12-31 00:00:00,1,0,2024-07-21 04:03:19,0,2024-07-21 04:03:19,,,
2022-12,北京市,5.22,,203.44,,543,2022-12-31 00:00:00,1,0,2024-07-21 04:03:19,0,2024-07-21 04:03:19,,,
2022-12,全国,16843.50,-12.30,211794.90,-10.80,544,2022-12-31 00:00:00,1,0,2024-07-21 04:03:19,0,2024-07-21 04:03:19,,,
2022-11,新疆区,123.04,,3793.31,,545,2022-11-30 00:00:00,1,0,2024-07-21 04:03:19,0,2024-07-21 04:03:19,,,
2022-11,宁夏区,126.37,,1643.67,,546,2022-11-30 00:00:00,1,0,2024-07-21 04:03:19,0,2024-07-21 04:03:19,,,
2022-11,青海省,42.97,,950.03,,547,2022-11-30 00:00:00,1,0,2024-07-21 04:03:19,0,2024-07-21 04:03:19,,,
2022-11,甘肃省,310.79,,3869.78,,548,2022-11-30 00:00:00,1,0,2024-07-21 04:03:19,0,2024-07-21 04:03:19,,,
2022-11,陕西省,600.01,,6081.51,,549,2022-11-30 00:00:00,1,0,2024-07-21 04:03:19,0,2024-07-21 04:03:19,,,
2022-11,西藏区,46.13,,754.69,,550,2022-11-30 00:00:00,1,0,2024-07-21 04:03:19,0,2024-07-21 04:03:19,,,
2022-11,云南省,945.75,,8641.54,,551,2022-11-30 00:00:00,1,0,2024-07-21 04:03:19,0,2024-07-21 04:03:19,,,
2022-11,贵州省,626.49,,5853.37,,552,2022-11-30 00:00:00,1,0,2024-07-21 04:03:19,0,2024-07-21 04:03:19,,,
2022-11,四川省,1297.27,,11810.20,,553,2022-11-30 00:00:00,1,0,2024-07-21 04:03:19,0,2024-07-21 04:03:19,,,
2022-11,重庆市,464.70,,4828.24,,554,2022-11-30 00:00:00,1,0,2024-07-21 04:03:19,0,2024-07-21 04:03:19,,,
2022-11,海南省,171.77,,1465.23,,555,2022-11-30 00:00:00,1,0,2024-07-21 04:03:19,0,2024-07-21 04:03:19,,,
2022-11,广西区,973.35,,9467.59,,556,2022-11-30 00:00:00,1,0,2024-07-21 04:03:19,0,2024-07-21 04:03:19,,,
2022-11,广东省,1445.24,,13615.38,,557,2022-11-30 00:00:00,1,0,2024-07-21 04:03:19,0,2024-07-21 04:03:19,,,
2022-11,湖南省,891.19,,8997.59,,558,2022-11-30 00:00:00,1,0,2024-07-21 04:03:19,0,2024-07-21 04:03:19,,,
2022-11,湖北省,1085.78,,9914.07,,559,2022-11-30 00:00:00,1,0,2024-07-21 04:03:19,0,2024-07-21 04:03:19,,,
2022-11,河南省,918.46,,10629.84,,560,2022-11-30 00:00:00,1,0,2024-07-21 04:03:19,0,2024-07-21 04:03:19,,,
2022-11,山东省,1281.24,,12493.10,,561,2022-11-30 00:00:00,1,0,2024-07-21 04:03:19,0,2024-07-21 04:03:19,,,
2022-11,江西省,851.89,,7949.03,,562,2022-11-30 00:00:00,1,0,2024-07-21 04:03:19,0,2024-07-21 04:03:19,,,
2022-11,福建省,792.86,,8777.54,,563,2022-11-30 00:00:00,1,0,2024-07-21 04:03:19,0,2024-07-21 04:03:19,,,
2022-11,安徽省,1379.01,,13053.09,,564,2022-11-30 00:00:00,1,0,2024-07-21 04:03:19,0,2024-07-21 04:03:19,,,
2022-11,浙江省,1223.93,,11890.46,,565,2022-11-30 00:00:00,1,0,2024-07-21 04:03:19,0,2024-07-21 04:03:19,,,
2022-11,江苏省,1396.69,,12886.45,,566,2022-11-30 00:00:00,1,0,2024-07-21 04:03:19,0,2024-07-21 04:03:19,,,
2022-11,上海市,43.72,,321.83,,567,2022-11-30 00:00:00,1,0,2024-07-21 04:03:19,0,2024-07-21 04:03:19,,,
2022-11,黑龙江省,124.63,,1835.74,,568,2022-11-30 00:00:00,1,0,2024-07-21 04:03:19,0,2024-07-21 04:03:19,,,
2022-11,吉林省,126.08,,1698.98,,569,2022-11-30 00:00:00,1,0,2024-07-21 04:03:19,0,2024-07-21 04:03:19,,,
2022-11,辽宁省,332.46,,3724.57,,570,2022-11-30 00:00:00,1,0,2024-07-21 04:03:19,0,2024-07-21 04:03:19,,,
2022-11,内蒙古区,226.74,,3460.85,,571,2022-11-30 00:00:00,1,0,2024-07-21 04:03:22,0,2024-07-21 04:03:22,,,
2022-11,山西省,409.84,,4586.42,,572,2022-11-30 00:00:00,1,0,2024-07-21 04:03:22,0,2024-07-21 04:03:22,,,
2022-11,河北省,834.85,,9322.64,,573,2022-11-30 00:00:00,1,0,2024-07-21 04:03:22,0,2024-07-21 04:03:22,,,
2022-11,天津市,54.49,,495.03,,574,2022-11-30 00:00:00,1,0,2024-07-21 04:03:22,0,2024-07-21 04:03:22,,,
2022-11,北京市,24.14,,198.22,,575,2022-11-30 00:00:00,1,0,2024-07-21 04:03:22,0,2024-07-21 04:03:22,,,
2022-11,全国,19171.90,-4.70,195010.00,-10.80,576,2022-11-30 00:00:00,1,0,2024-07-21 04:03:22,0,2024-07-21 04:03:22,,,
2022-10,新疆区,303.81,,3670.54,,577,2022-10-31 00:00:00,1,0,2024-07-21 04:03:22,0,2024-07-21 04:03:22,,,
2022-10,宁夏区,137.23,,1518.30,,578,2022-10-31 00:00:00,1,0,2024-07-21 04:03:22,0,2024-07-21 04:03:22,,,
2022-10,青海省,101.56,,907.07,,579,2022-10-31 00:00:00,1,0,2024-07-21 04:03:22,0,2024-07-21 04:03:22,,,
2022-10,甘肃省,418.68,,3558.98,,580,2022-10-31 00:00:00,1,0,2024-07-21 04:03:22,0,2024-07-21 04:03:22,,,
2022-10,陕西省,640.00,,5481.33,,581,2022-10-31 00:00:00,1,0,2024-07-21 04:03:22,0,2024-07-21 04:03:22,,,
2022-10,西藏区,51.56,,681.87,,582,2022-10-31 00:00:00,1,0,2024-07-21 04:03:22,0,2024-07-21 04:03:22,,,
2022-10,云南省,794.78,,7695.67,,583,2022-10-31 00:00:00,1,0,2024-07-21 04:03:22,0,2024-07-21 04:03:22,,,
2022-10,贵州省,541.82,,5236.86,,584,2022-10-31 00:00:00,1,0,2024-07-21 04:03:22,0,2024-07-21 04:03:22,,,
2022-10,四川省,1250.49,,10512.99,,585,2022-10-31 00:00:00,1,0,2024-07-21 04:03:22,0,2024-07-21 04:03:22,,,
2022-10,重庆市,508.76,,4362.99,,586,2022-10-31 00:00:00,1,0,2024-07-21 04:03:22,0,2024-07-21 04:03:22,,,
2022-10,海南省,154.62,,1293.46,,587,2022-10-31 00:00:00,1,0,2024-07-21 04:03:22,0,2024-07-21 04:03:22,,,
2022-10,广西区,1035.05,,8550.75,,588,2022-10-31 00:00:00,1,0,2024-07-21 04:03:22,0,2024-07-21 04:03:22,,,
2022-10,广东省,1527.39,,12244.06,,589,2022-10-31 00:00:00,1,0,2024-07-21 04:03:22,0,2024-07-21 04:03:22,,,
2022-10,湖南省,1017.43,,7954.42,,590,2022-10-31 00:00:00,1,0,2024-07-21 04:03:22,0,2024-07-21 04:03:22,,,
2022-10,湖北省,1050.73,,8849.26,,591,2022-10-31 00:00:00,1,0,2024-07-21 04:03:22,0,2024-07-21 04:03:22,,,
2022-10,河南省,820.14,,9710.89,,592,2022-10-31 00:00:00,1,0,2024-07-21 04:03:22,0,2024-07-21 04:03:22,,,
2022-10,山东省,1252.38,,11210.79,,593,2022-10-31 00:00:00,1,0,2024-07-21 04:03:22,0,2024-07-21 04:03:22,,,
2022-10,江西省,919.71,,7097.04,,594,2022-10-31 00:00:00,1,0,2024-07-21 04:03:22,0,2024-07-21 04:03:22,,,
2022-10,福建省,845.00,,7984.68,,595,2022-10-31 00:00:00,1,0,2024-07-21 04:03:22,0,2024-07-21 04:03:22,,,
2022-10,安徽省,1394.32,,11681.95,,596,2022-10-31 00:00:00,1,0,2024-07-21 04:03:22,0,2024-07-21 04:03:22,,,
2022-10,浙江省,1253.77,,10659.94,,597,2022-10-31 00:00:00,1,0,2024-07-21 04:03:22,0,2024-07-21 04:03:22,,,
2022-10,江苏省,1444.88,,11481.15,,598,2022-10-31 00:00:00,1,0,2024-07-21 04:03:22,0,2024-07-21 04:03:22,,,
2022-10,上海市,46.00,,278.01,,599,2022-10-31 00:00:00,1,0,2024-07-21 04:03:22,0,2024-07-21 04:03:22,,,
2022-10,黑龙江省,260.19,,1711.16,,600,2022-10-31 00:00:00,1,0,2024-07-21 04:03:22,0,2024-07-21 04:03:22,,,
2022-10,吉林省,276.78,,1572.96,,601,2022-10-31 00:00:00,1,0,2024-07-21 04:03:26,0,2024-07-21 04:03:26,,,
2022-10,辽宁省,463.54,,3392.06,,602,2022-10-31 00:00:00,1,0,2024-07-21 04:03:26,0,2024-07-21 04:03:26,,,
2022-10,内蒙古区,417.93,,3232.95,,603,2022-10-31 00:00:00,1,0,2024-07-21 04:03:26,0,2024-07-21 04:03:26,,,
2022-10,山西省,449.68,,4176.57,,604,2022-10-31 00:00:00,1,0,2024-07-21 04:03:26,0,2024-07-21 04:03:26,,,
2022-10,河北省,932.59,,8565.18,,605,2022-10-31 00:00:00,1,0,2024-07-21 04:03:26,0,2024-07-21 04:03:26,,,
2022-10,天津市,51.25,,440.54,,606,2022-10-31 00:00:00,1,0,2024-07-21 04:03:26,0,2024-07-21 04:03:26,,,
2022-10,北京市,21.60,,174.08,,607,2022-10-31 00:00:00,1,0,2024-07-21 04:03:26,0,2024-07-21 04:03:26,,,
2022-10,全国,20383.70,0.40,175888.50,-11.30,608,2022-10-31 00:00:00,1,0,2024-07-21 04:03:26,0,2024-07-21 04:03:26,,,
2022-09,新疆区,469.16,,3365.82,,609,2022-09-30 00:00:00,1,0,2024-07-21 04:03:26,0,2024-07-21 04:03:26,,,
2022-09,宁夏区,202.42,,1381.07,,610,2022-09-30 00:00:00,1,0,2024-07-21 04:03:26,0,2024-07-21 04:03:26,,,
2022-09,青海省,111.25,,805.50,,611,2022-09-30 00:00:00,1,0,2024-07-21 04:03:26,0,2024-07-21 04:03:26,,,
2022-09,甘肃省,448.40,,3140.30,,612,2022-09-30 00:00:00,1,0,2024-07-21 04:03:26,0,2024-07-21 04:03:26,,,
2022-09,陕西省,641.79,,4844.20,,613,2022-09-30 00:00:00,1,0,2024-07-21 04:03:26,0,2024-07-21 04:03:26,,,
2022-09,西藏区,34.80,,629.76,,614,2022-09-30 00:00:00,1,0,2024-07-21 04:03:26,0,2024-07-21 04:03:26,,,
2022-09,云南省,761.25,,6908.26,,615,2022-09-30 00:00:00,1,0,2024-07-21 04:03:26,0,2024-07-21 04:03:26,,,
2022-09,贵州省,507.59,,4816.08,,616,2022-09-30 00:00:00,1,0,2024-07-21 04:03:26,0,2024-07-21 04:03:26,,,
2022-09,四川省,1020.94,,9318.77,,617,2022-09-30 00:00:00,1,0,2024-07-21 04:03:26,0,2024-07-21 04:03:26,,,
2022-09,重庆市,506.24,,3862.43,,618,2022-09-30 00:00:00,1,0,2024-07-21 04:03:26,0,2024-07-21 04:03:26,,,
2022-09,海南省,119.24,,1138.39,,619,2022-09-30 00:00:00,1,0,2024-07-21 04:03:26,0,2024-07-21 04:03:26,,,
2022-09,广西区,988.59,,7520.50,,620,2022-09-30 00:00:00,1,0,2024-07-21 04:03:26,0,2024-07-21 04:03:26,,,
2022-09,广东省,1497.35,,10709.10,,621,2022-09-30 00:00:00,1,0,2024-07-21 04:03:26,0,2024-07-21 04:03:26,,,
2022-09,湖南省,1008.45,,7547.83,,622,2022-09-30 00:00:00,1,0,2024-07-21 04:03:26,0,2024-07-21 04:03:26,,,
2022-09,湖北省,1047.13,,7725.58,,623,2022-09-30 00:00:00,1,0,2024-07-21 04:03:26,0,2024-07-21 04:03:26,,,
2022-09,河南省,1064.21,,8882.69,,624,2022-09-30 00:00:00,1,0,2024-07-21 04:03:26,0,2024-07-21 04:03:26,,,
2022-09,山东省,1320.02,,9981.48,,625,2022-09-30 00:00:00,1,0,2024-07-21 04:03:26,0,2024-07-21 04:03:26,,,
2022-09,江西省,813.11,,6172.53,,626,2022-09-30 00:00:00,1,0,2024-07-21 04:03:26,0,2024-07-21 04:03:26,,,
2022-09,福建省,854.46,,7139.68,,627,2022-09-30 00:00:00,1,0,2024-07-21 04:03:26,0,2024-07-21 04:03:26,,,
2022-09,安徽省,1458.33,,10283.66,,628,2022-09-30 00:00:00,1,0,2024-07-21 04:03:26,0,2024-07-21 04:03:26,,,
2022-09,浙江省,1202.08,,9396.55,,629,2022-09-30 00:00:00,1,0,2024-07-21 04:03:26,0,2024-07-21 04:03:26,,,
2022-09,江苏省,1403.59,,10036.27,,630,2022-09-30 00:00:00,1,0,2024-07-21 04:03:26,0,2024-07-21 04:03:26,,,
2022-09,上海市,41.39,,231.89,,631,2022-09-30 00:00:00,1,0,2024-07-21 04:03:28,0,2024-07-21 04:03:28,,,
2022-09,黑龙江省,313.50,,1449.82,,632,2022-09-30 00:00:00,1,0,2024-07-21 04:03:28,0,2024-07-21 04:03:28,,,
2022-09,吉林省,311.98,,1296.11,,633,2022-09-30 00:00:00,1,0,2024-07-21 04:03:28,0,2024-07-21 04:03:28,,,
2022-09,辽宁省,472.47,,2928.58,,634,2022-09-30 00:00:00,1,0,2024-07-21 04:03:28,0,2024-07-21 04:03:28,,,
2022-09,内蒙古区,528.21,,2814.92,,635,2022-09-30 00:00:00,1,0,2024-07-21 04:03:28,0,2024-07-21 04:03:28,,,
2022-09,山西省,559.25,,3743.03,,636,2022-09-30 00:00:00,1,0,2024-07-21 04:03:28,0,2024-07-21 04:03:28,,,
2022-09,河北省,1086.46,,7664.54,,637,2022-09-30 00:00:00,1,0,2024-07-21 04:03:28,0,2024-07-21 04:03:28,,,
2022-09,天津市,45.55,,389.29,,638,2022-09-30 00:00:00,1,0,2024-07-21 04:03:28,0,2024-07-21 04:03:28,,,
2022-09,北京市,22.70,,152.48,,639,2022-09-30 00:00:00,1,0,2024-07-21 04:03:28,0,2024-07-21 04:03:28,,,
2022-09,全国,20861.90,1.00,156277.10,-12.50,640,2022-09-30 00:00:00,1,0,2024-07-21 04:03:28,0,2024-07-21 04:03:28,,,
2022-08,新疆区,452.69,,2897.03,,641,2022-08-31 00:00:00,1,0,2024-07-21 04:03:28,0,2024-07-21 04:03:28,,,
2022-08,宁夏区,208.65,,1178.65,,642,2022-08-31 00:00:00,1,0,2024-07-21 04:03:28,0,2024-07-21 04:03:28,,,
2022-08,青海省,133.68,,694.25,,643,2022-08-31 00:00:00,1,0,2024-07-21 04:03:28,0,2024-07-21 04:03:28,,,
2022-08,甘肃省,414.86,,2691.89,,644,2022-08-31 00:00:00,1,0,2024-07-21 04:03:28,0,2024-07-21 04:03:28,,,
2022-08,陕西省,593.60,,4202.47,,645,2022-08-31 00:00:00,1,0,2024-07-21 04:03:28,0,2024-07-21 04:03:28,,,
2022-08,西藏区,69.03,,594.96,,646,2022-08-31 00:00:00,1,0,2024-07-21 04:03:28,0,2024-07-21 04:03:28,,,
2022-08,云南省,776.47,,6138.31,,647,2022-08-31 00:00:00,1,0,2024-07-21 04:03:28,0,2024-07-21 04:03:28,,,
2022-08,贵州省,642.39,,4309.73,,648,2022-08-31 00:00:00,1,0,2024-07-21 04:03:28,0,2024-07-21 04:03:28,,,
2022-08,四川省,754.33,,8297.96,,649,2022-08-31 00:00:00,1,0,2024-07-21 04:03:28,0,2024-07-21 04:03:28,,,
2022-08,重庆市,326.32,,3355.85,,650,2022-08-31 00:00:00,1,0,2024-07-21 04:03:28,0,2024-07-21 04:03:28,,,
2022-08,海南省,78.98,,1019.15,,651,2022-08-31 00:00:00,1,0,2024-07-21 04:03:28,0,2024-07-21 04:03:28,,,
2022-08,广西区,940.47,,6548.09,,652,2022-08-31 00:00:00,1,0,2024-07-21 04:03:28,0,2024-07-21 04:03:28,,,
2022-08,广东省,1304.13,,9211.87,,653,2022-08-31 00:00:00,1,0,2024-07-21 04:03:28,0,2024-07-21 04:03:28,,,
2022-08,湖南省,903.06,,6565.54,,654,2022-08-31 00:00:00,1,0,2024-07-21 04:03:28,0,2024-07-21 04:03:28,,,
2022-08,湖北省,890.98,,6703.25,,655,2022-08-31 00:00:00,1,0,2024-07-21 04:03:28,0,2024-07-21 04:03:28,,,
2022-08,河南省,960.56,,7810.51,,656,2022-08-31 00:00:00,1,0,2024-07-21 04:03:28,0,2024-07-21 04:03:28,,,
2022-08,山东省,1165.64,,8674.46,,657,2022-08-31 00:00:00,1,0,2024-07-21 04:03:28,0,2024-07-21 04:03:28,,,
2022-08,江西省,773.75,,5361.65,,658,2022-08-31 00:00:00,1,0,2024-07-21 04:03:28,0,2024-07-21 04:03:28,,,
2022-08,福建省,775.48,,6284.67,,659,2022-08-31 00:00:00,1,0,2024-07-21 04:03:28,0,2024-07-21 04:03:28,,,
2022-08,安徽省,1261.89,,8922.64,,660,2022-08-31 00:00:00,1,0,2024-07-21 04:03:28,0,2024-07-21 04:03:28,,,
2022-08,浙江省,1093.30,,8196.00,,661,2022-08-31 00:00:00,1,0,2024-07-21 04:03:32,0,2024-07-21 04:03:32,,,
2022-08,江苏省,1247.66,,8619.30,,662,2022-08-31 00:00:00,1,0,2024-07-21 04:03:32,0,2024-07-21 04:03:32,,,
2022-08,上海市,42.16,,190.49,,663,2022-08-31 00:00:00,1,0,2024-07-21 04:03:32,0,2024-07-21 04:03:32,,,
2022-08,黑龙江省,296.17,,1132.00,,664,2022-08-31 00:00:00,1,0,2024-07-21 04:03:32,0,2024-07-21 04:03:32,,,
2022-08,吉林省,266.06,,985.13,,665,2022-08-31 00:00:00,1,0,2024-07-21 04:03:32,0,2024-07-21 04:03:32,,,
2022-08,辽宁省,391.95,,2455.95,,666,2022-08-31 00:00:00,1,0,2024-07-21 04:03:32,0,2024-07-21 04:03:32,,,
2022-08,内蒙古区,477.21,,2286.82,,667,2022-08-31 00:00:00,1,0,2024-07-21 04:03:32,0,2024-07-21 04:03:32,,,
2022-08,山西省,527.11,,3190.28,,668,2022-08-31 00:00:00,1,0,2024-07-21 04:03:32,0,2024-07-21 04:03:32,,,
2022-08,河北省,980.73,,6492.71,,669,2022-08-31 00:00:00,1,0,2024-07-21 04:03:32,0,2024-07-21 04:03:32,,,
2022-08,天津市,38.32,,343.73,,670,2022-08-31 00:00:00,1,0,2024-07-21 04:03:32,0,2024-07-21 04:03:32,,,
2022-08,北京市,20.54,,129.77,,671,2022-08-31 00:00:00,1,0,2024-07-21 04:03:32,0,2024-07-21 04:03:32,,,
2022-08,全国,18808.20,-13.10,135485.10,-14.20,672,2022-08-31 00:00:00,1,0,2024-07-21 04:03:32,0,2024-07-21 04:03:32,,,
2022-07,新疆区,548.44,,2444.36,,673,2022-07-31 00:00:00,1,0,2024-07-21 04:03:32,0,2024-07-21 04:03:32,,,
2022-07,宁夏区,187.77,,969.99,,674,2022-07-31 00:00:00,1,0,2024-07-21 04:03:32,0,2024-07-21 04:03:32,,,
2022-07,青海省,129.77,,560.57,,675,2022-07-31 00:00:00,1,0,2024-07-21 04:03:32,0,2024-07-21 04:03:32,,,
2022-07,甘肃省,412.39,,2277.06,,676,2022-07-31 00:00:00,1,0,2024-07-21 04:03:32,0,2024-07-21 04:03:32,,,
2022-07,陕西省,596.11,,3612.39,,677,2022-07-31 00:00:00,1,0,2024-07-21 04:03:32,0,2024-07-21 04:03:32,,,
2022-07,西藏区,107.82,,525.94,,678,2022-07-31 00:00:00,1,0,2024-07-21 04:03:32,0,2024-07-21 04:03:32,,,
2022-07,云南省,797.24,,5387.34,,679,2022-07-31 00:00:00,1,0,2024-07-21 04:03:32,0,2024-07-21 04:03:32,,,
2022-07,贵州省,642.81,,3804.83,,680,2022-07-31 00:00:00,1,0,2024-07-21 04:03:32,0,2024-07-21 04:03:32,,,
2022-07,四川省,1077.23,,7538.00,,681,2022-07-31 00:00:00,1,0,2024-07-21 04:03:32,0,2024-07-21 04:03:32,,,
2022-07,重庆市,430.72,,3029.53,,682,2022-07-31 00:00:00,1,0,2024-07-21 04:03:32,0,2024-07-21 04:03:32,,,
2022-07,海南省,158.44,,940.17,,683,2022-07-31 00:00:00,1,0,2024-07-21 04:03:32,0,2024-07-21 04:03:32,,,
2022-07,广西区,913.06,,5611.05,,684,2022-07-31 00:00:00,1,0,2024-07-21 04:03:32,0,2024-07-21 04:03:32,,,
2022-07,广东省,1221.98,,7885.15,,685,2022-07-31 00:00:00,1,0,2024-07-21 04:03:32,0,2024-07-21 04:03:32,,,
2022-07,湖南省,880.04,,5077.09,,686,2022-07-31 00:00:00,1,0,2024-07-21 04:03:32,0,2024-07-21 04:03:32,,,
2022-07,湖北省,863.90,,5808.65,,687,2022-07-31 00:00:00,1,0,2024-07-21 04:03:32,0,2024-07-21 04:03:32,,,
2022-07,河南省,1018.74,,6717.71,,688,2022-07-31 00:00:00,1,0,2024-07-21 04:03:32,0,2024-07-21 04:03:32,,,
2022-07,山东省,1092.62,,7525.62,,689,2022-07-31 00:00:00,1,0,2024-07-21 04:03:32,0,2024-07-21 04:03:32,,,
2022-07,江西省,743.61,,4653.60,,690,2022-07-31 00:00:00,1,0,2024-07-21 04:03:32,0,2024-07-21 04:03:32,,,
2022-07,福建省,808.87,,5509.20,,691,2022-07-31 00:00:00,1,0,2024-07-21 04:03:35,0,2024-07-21 04:03:35,,,
2022-07,安徽省,1232.05,,7656.49,,692,2022-07-31 00:00:00,1,0,2024-07-21 04:03:35,0,2024-07-21 04:03:35,,,
2022-07,浙江省,1139.24,,7102.61,,693,2022-07-31 00:00:00,1,0,2024-07-21 04:03:35,0,2024-07-21 04:03:35,,,
2022-07,江苏省,1217.62,,7535.60,,694,2022-07-31 00:00:00,1,0,2024-07-21 04:03:35,0,2024-07-21 04:03:35,,,
2022-07,上海市,38.03,,148.33,,695,2022-07-31 00:00:00,1,0,2024-07-21 04:03:35,0,2024-07-21 04:03:35,,,
2022-07,黑龙江省,255.17,,858.37,,696,2022-07-31 00:00:00,1,0,2024-07-21 04:03:35,0,2024-07-21 04:03:35,,,
2022-07,吉林省,231.81,,719.12,,697,2022-07-31 00:00:00,1,0,2024-07-21 04:03:35,0,2024-07-21 04:03:35,,,
2022-07,辽宁省,472.46,,2065.44,,698,2022-07-31 00:00:00,1,0,2024-07-21 04:03:35,0,2024-07-21 04:03:35,,,
2022-07,内蒙古区,480.86,,1826.05,,699,2022-07-31 00:00:00,1,0,2024-07-21 04:03:35,0,2024-07-21 04:03:35,,,
2022-07,山西省,509.12,,2665.96,,700,2022-07-31 00:00:00,1,0,2024-07-21 04:03:35,0,2024-07-21 04:03:35,,,
2022-07,河北省,960.94,,5523.78,,701,2022-07-31 00:00:00,1,0,2024-07-21 04:03:35,0,2024-07-21 04:03:35,,,
2022-07,天津市,31.35,,305.42,,702,2022-07-31 00:00:00,1,0,2024-07-21 04:03:35,0,2024-07-21 04:03:35,,,
2022-07,北京市,17.84,,109.23,,703,2022-07-31 00:00:00,1,0,2024-07-21 04:03:35,0,2024-07-21 04:03:35,,,
2022-07,全国,19218.10,-7.00,116394.60,-14.20,704,2022-07-31 00:00:00,1,0,2024-07-21 04:03:35,0,2024-07-21 04:03:35,,,
2022-06,新疆区,584.45,,1896.77,,705,2022-06-30 00:00:00,1,0,2024-07-21 04:03:35,0,2024-07-21 04:03:35,,,
2022-06,宁夏区,181.19,,785.87,,706,2022-06-30 00:00:00,1,0,2024-07-21 04:03:35,0,2024-07-21 04:03:35,,,
2022-06,青海省,141.89,,430.80,,707,2022-06-30 00:00:00,1,0,2024-07-21 04:03:35,0,2024-07-21 04:03:35,,,
2022-06,甘肃省,477.74,,1864.68,,708,2022-06-30 00:00:00,1,0,2024-07-21 04:03:35,0,2024-07-21 04:03:35,,,
2022-06,陕西省,625.26,,3021.28,,709,2022-06-30 00:00:00,1,0,2024-07-21 04:03:35,0,2024-07-21 04:03:35,,,
2022-06,西藏区,113.71,,418.12,,710,2022-06-30 00:00:00,1,0,2024-07-21 04:03:35,0,2024-07-21 04:03:35,,,
2022-06,云南省,783.87,,4592.06,,711,2022-06-30 00:00:00,1,0,2024-07-21 04:03:35,0,2024-07-21 04:03:35,,,
2022-06,贵州省,590.88,,3176.23,,712,2022-06-30 00:00:00,1,0,2024-07-21 04:03:35,0,2024-07-21 04:03:35,,,
2022-06,四川省,1154.68,,6468.72,,713,2022-06-30 00:00:00,1,0,2024-07-21 04:03:35,0,2024-07-21 04:03:35,,,
2022-06,重庆市,459.25,,2598.80,,714,2022-06-30 00:00:00,1,0,2024-07-21 04:03:35,0,2024-07-21 04:03:35,,,
2022-06,海南省,152.10,,781.72,,715,2022-06-30 00:00:00,1,0,2024-07-21 04:03:35,0,2024-07-21 04:03:35,,,
2022-06,广西区,842.85,,4695.36,,716,2022-06-30 00:00:00,1,0,2024-07-21 04:03:35,0,2024-07-21 04:03:35,,,
2022-06,广东省,1097.92,,6649.69,,717,2022-06-30 00:00:00,1,0,2024-07-21 04:03:35,0,2024-07-21 04:03:35,,,
2022-06,湖南省,864.39,,4197.05,,718,2022-06-30 00:00:00,1,0,2024-07-21 04:03:35,0,2024-07-21 04:03:35,,,
2022-06,湖北省,1013.55,,5326.20,,719,2022-06-30 00:00:00,1,0,2024-07-21 04:03:35,0,2024-07-21 04:03:35,,,
2022-06,河南省,1055.54,,5716.01,,720,2022-06-30 00:00:00,1,0,2024-07-21 04:03:35,0,2024-07-21 04:03:35,,,
2022-06,山东省,1365.12,,6456.87,,721,2022-06-30 00:00:00,1,0,2024-07-21 04:03:38,0,2024-07-21 04:03:38,,,
2022-06,江西省,651.59,,3922.63,,722,2022-06-30 00:00:00,1,0,2024-07-21 04:03:38,0,2024-07-21 04:03:38,,,
2022-06,福建省,747.91,,4701.27,,723,2022-06-30 00:00:00,1,0,2024-07-21 04:03:38,0,2024-07-21 04:03:38,,,
2022-06,安徽省,1249.25,,6437.66,,724,2022-06-30 00:00:00,1,0,2024-07-21 04:03:38,0,2024-07-21 04:03:38,,,
2022-06,浙江省,1091.40,,5963.89,,725,2022-06-30 00:00:00,1,0,2024-07-21 04:03:38,0,2024-07-21 04:03:38,,,
2022-06,江苏省,1208.70,,6325.98,,726,2022-06-30 00:00:00,1,0,2024-07-21 04:03:38,0,2024-07-21 04:03:38,,,
2022-06,上海市,30.10,,110.30,,727,2022-06-30 00:00:00,1,0,2024-07-21 04:03:38,0,2024-07-21 04:03:38,,,
2022-06,黑龙江省,255.38,,596.69,,728,2022-06-30 00:00:00,1,0,2024-07-21 04:03:38,0,2024-07-21 04:03:38,,,
2022-06,吉林省,216.72,,487.32,,729,2022-06-30 00:00:00,1,0,2024-07-21 04:03:38,0,2024-07-21 04:03:38,,,
2022-06,辽宁省,466.27,,1597.06,,730,2022-06-30 00:00:00,1,0,2024-07-21 04:03:38,0,2024-07-21 04:03:38,,,
2022-06,内蒙古区,442.54,,1345.35,,731,2022-06-30 00:00:00,1,0,2024-07-21 04:03:38,0,2024-07-21 04:03:38,,,
2022-06,山西省,526.59,,2156.92,,732,2022-06-30 00:00:00,1,0,2024-07-21 04:03:38,0,2024-07-21 04:03:38,,,
2022-06,河北省,1101.91,,4594.94,,733,2022-06-30 00:00:00,1,0,2024-07-21 04:03:38,0,2024-07-21 04:03:38,,,
2022-06,天津市,49.34,,274.06,,734,2022-06-30 00:00:00,1,0,2024-07-21 04:03:38,0,2024-07-21 04:03:38,,,
2022-06,北京市,16.30,,91.39,,735,2022-06-30 00:00:00,1,0,2024-07-21 04:03:38,0,2024-07-21 04:03:38,,,
2022-06,全国,19558.40,-12.90,97681.70,-15.00,736,2022-06-30 00:00:00,1,0,2024-07-21 04:03:38,0,2024-07-21 04:03:38,,,
2022-05,新疆区,566.32,,1310.08,,737,2022-05-31 00:00:00,1,0,2024-07-21 04:03:38,0,2024-07-21 04:03:38,,,
2022-05,宁夏区,206.29,,603.73,,738,2022-05-31 00:00:00,1,0,2024-07-21 04:03:38,0,2024-07-21 04:03:38,,,
2022-05,青海省,111.07,,288.91,,739,2022-05-31 00:00:00,1,0,2024-07-21 04:03:38,0,2024-07-21 04:03:38,,,
2022-05,甘肃省,491.86,,1386.94,,740,2022-05-31 00:00:00,1,0,2024-07-21 04:03:38,0,2024-07-21 04:03:38,,,
2022-05,陕西省,650.61,,2393.37,,741,2022-05-31 00:00:00,1,0,2024-07-21 04:03:38,0,2024-07-21 04:03:38,,,
2022-05,西藏区,115.68,,304.41,,742,2022-05-31 00:00:00,1,0,2024-07-21 04:03:38,0,2024-07-21 04:03:38,,,
2022-05,云南省,838.19,,3822.83,,743,2022-05-31 00:00:00,1,0,2024-07-21 04:03:38,0,2024-07-21 04:03:38,,,
2022-05,贵州省,600.49,,2616.09,,744,2022-05-31 00:00:00,1,0,2024-07-21 04:03:38,0,2024-07-21 04:03:38,,,
2022-05,四川省,1185.47,,5358.55,,745,2022-05-31 00:00:00,1,0,2024-07-21 04:03:38,0,2024-07-21 04:03:38,,,
2022-05,重庆市,482.87,,2139.56,,746,2022-05-31 00:00:00,1,0,2024-07-21 04:03:38,0,2024-07-21 04:03:38,,,
2022-05,海南省,155.30,,626.82,,747,2022-05-31 00:00:00,1,0,2024-07-21 04:03:38,0,2024-07-21 04:03:38,,,
2022-05,广西区,849.55,,3853.04,,748,2022-05-31 00:00:00,1,0,2024-07-21 04:03:38,0,2024-07-21 04:03:38,,,
2022-05,广东省,1220.93,,5551.00,,749,2022-05-31 00:00:00,1,0,2024-07-21 04:03:38,0,2024-07-21 04:03:38,,,
2022-05,湖南省,828.08,,3356.41,,750,2022-05-31 00:00:00,1,0,2024-07-21 04:03:38,0,2024-07-21 04:03:38,,,
2022-05,湖北省,1059.73,,4372.64,,751,2022-05-31 00:00:00,1,0,2024-07-21 04:03:40,0,2024-07-21 04:03:40,,,
2022-05,河南省,1221.23,,4662.86,,752,2022-05-31 00:00:00,1,0,2024-07-21 04:03:40,0,2024-07-21 04:03:40,,,
2022-05,山东省,1468.48,,5093.99,,753,2022-05-31 00:00:00,1,0,2024-07-21 04:03:40,0,2024-07-21 04:03:40,,,
2022-05,江西省,740.99,,3288.70,,754,2022-05-31 00:00:00,1,0,2024-07-21 04:03:40,0,2024-07-21 04:03:40,,,
2022-05,福建省,744.60,,3953.36,,755,2022-05-31 00:00:00,1,0,2024-07-21 04:03:40,0,2024-07-21 04:03:40,,,
2022-05,安徽省,1333.23,,5206.88,,756,2022-05-31 00:00:00,1,0,2024-07-21 04:03:40,0,2024-07-21 04:03:40,,,
2022-05,浙江省,1204.64,,4875.58,,757,2022-05-31 00:00:00,1,0,2024-07-21 04:03:40,0,2024-07-21 04:03:40,,,
2022-05,江苏省,1250.92,,5139.69,,758,2022-05-31 00:00:00,1,0,2024-07-21 04:03:40,0,2024-07-21 04:03:40,,,
2022-05,上海市,3.51,,80.20,,759,2022-05-31 00:00:00,1,0,2024-07-21 04:03:40,0,2024-07-21 04:03:40,,,
2022-05,黑龙江省,181.58,,341.31,,760,2022-05-31 00:00:00,1,0,2024-07-21 04:03:40,0,2024-07-21 04:03:40,,,
2022-05,吉林省,182.62,,270.59,,761,2022-05-31 00:00:00,1,0,2024-07-21 04:03:40,0,2024-07-21 04:03:40,,,
2022-05,辽宁省,461.53,,1122.58,,762,2022-05-31 00:00:00,1,0,2024-07-21 04:03:40,0,2024-07-21 04:03:40,,,
2022-05,内蒙古区,413.26,,905.13,,763,2022-05-31 00:00:00,1,0,2024-07-21 04:03:40,0,2024-07-21 04:03:40,,,
2022-05,山西省,572.43,,1629.59,,764,2022-05-31 00:00:00,1,0,2024-07-21 04:03:40,0,2024-07-21 04:03:40,,,
2022-05,河北省,1064.73,,3493.62,,765,2022-05-31 00:00:00,1,0,2024-07-21 04:03:40,0,2024-07-21 04:03:40,,,
2022-05,天津市,58.91,,224.72,,766,2022-05-31 00:00:00,1,0,2024-07-21 04:03:40,0,2024-07-21 04:03:40,,,
2022-05,北京市,14.45,,75.10,,767,2022-05-31 00:00:00,1,0,2024-07-21 04:03:40,0,2024-07-21 04:03:40,,,
2022-05,全国,20279.50,-17.00,78348.30,-15.30,768,2022-05-31 00:00:00,1,0,2024-07-21 04:03:40,0,2024-07-21 04:03:40,,,
2022-04,新疆区,438.94,,743.76,,769,2022-04-30 00:00:00,1,0,2024-07-21 04:03:40,0,2024-07-21 04:03:40,,,
2022-04,宁夏区,186.02,,397.44,,770,2022-04-30 00:00:00,1,0,2024-07-21 04:03:40,0,2024-07-21 04:03:40,,,
2022-04,青海省,107.58,,177.84,,771,2022-04-30 00:00:00,1,0,2024-07-21 04:03:40,0,2024-07-21 04:03:40,,,
2022-04,甘肃省,450.33,,896.61,,772,2022-04-30 00:00:00,1,0,2024-07-21 04:03:40,0,2024-07-21 04:03:40,,,
2022-04,陕西省,669.42,,1742.76,,773,2022-04-30 00:00:00,1,0,2024-07-21 04:03:40,0,2024-07-21 04:03:40,,,
2022-04,西藏区,95.56,,188.28,,774,2022-04-30 00:00:00,1,0,2024-07-21 04:03:40,0,2024-07-21 04:03:40,,,
2022-04,云南省,859.66,,2983.00,,775,2022-04-30 00:00:00,1,0,2024-07-21 04:03:40,0,2024-07-21 04:03:40,,,
2022-04,贵州省,636.37,,2032.41,,776,2022-04-30 00:00:00,1,0,2024-07-21 04:03:40,0,2024-07-21 04:03:40,,,
2022-04,四川省,1267.36,,4205.17,,777,2022-04-30 00:00:00,1,0,2024-07-21 04:03:40,0,2024-07-21 04:03:40,,,
2022-04,重庆市,482.64,,1656.69,,778,2022-04-30 00:00:00,1,0,2024-07-21 04:03:40,0,2024-07-21 04:03:40,,,
2022-04,海南省,149.73,,472.26,,779,2022-04-30 00:00:00,1,0,2024-07-21 04:03:40,0,2024-07-21 04:03:40,,,
2022-04,广西区,905.51,,3003.48,,780,2022-04-30 00:00:00,1,0,2024-07-21 04:03:40,0,2024-07-21 04:03:40,,,
2022-04,广东省,1335.75,,4326.43,,781,2022-04-30 00:00:00,1,0,2024-07-21 04:03:43,0,2024-07-21 04:03:43,,,
2022-04,湖南省,829.04,,2521.27,,782,2022-04-30 00:00:00,1,0,2024-07-21 04:03:43,0,2024-07-21 04:03:43,,,
2022-04,湖北省,1045.84,,3337.05,,783,2022-04-30 00:00:00,1,0,2024-07-21 04:03:43,0,2024-07-21 04:03:43,,,
2022-04,河南省,1217.46,,3430.24,,784,2022-04-30 00:00:00,1,0,2024-07-21 04:03:43,0,2024-07-21 04:03:43,,,
2022-04,山东省,1362.86,,3629.57,,785,2022-04-30 00:00:00,1,0,2024-07-21 04:03:43,0,2024-07-21 04:03:43,,,
2022-04,江西省,763.71,,2556.08,,786,2022-04-30 00:00:00,1,0,2024-07-21 04:03:43,0,2024-07-21 04:03:43,,,
2022-04,福建省,893.61,,3209.62,,787,2022-04-30 00:00:00,1,0,2024-07-21 04:03:43,0,2024-07-21 04:03:43,,,
2022-04,安徽省,1134.18,,3870.09,,788,2022-04-30 00:00:00,1,0,2024-07-21 04:03:43,0,2024-07-21 04:03:43,,,
2022-04,浙江省,1187.16,,3668.98,,789,2022-04-30 00:00:00,1,0,2024-07-21 04:03:43,0,2024-07-21 04:03:43,,,
2022-04,江苏省,1056.75,,3888.77,,790,2022-04-30 00:00:00,1,0,2024-07-21 04:03:43,0,2024-07-21 04:03:43,,,
2022-04,上海市,1.52,,76.69,,791,2022-04-30 00:00:00,1,0,2024-07-21 04:03:43,0,2024-07-21 04:03:43,,,
2022-04,黑龙江省,106.12,,159.53,,792,2022-04-30 00:00:00,1,0,2024-07-21 04:03:43,0,2024-07-21 04:03:43,,,
2022-04,吉林省,63.44,,92.63,,793,2022-04-30 00:00:00,1,0,2024-07-21 04:03:43,0,2024-07-21 04:03:43,,,
2022-04,辽宁省,332.15,,656.30,,794,2022-04-30 00:00:00,1,0,2024-07-21 04:03:43,0,2024-07-21 04:03:43,,,
2022-04,内蒙古区,313.04,,470.87,,795,2022-04-30 00:00:00,1,0,2024-07-21 04:03:43,0,2024-07-21 04:03:43,,,
2022-04,山西省,503.47,,1057.44,,796,2022-04-30 00:00:00,1,0,2024-07-21 04:03:43,0,2024-07-21 04:03:43,,,
2022-04,河北省,971.47,,2428.64,,797,2022-04-30 00:00:00,1,0,2024-07-21 04:03:43,0,2024-07-21 04:03:43,,,
2022-04,天津市,78.03,,165.82,,798,2022-04-30 00:00:00,1,0,2024-07-21 04:03:43,0,2024-07-21 04:03:43,,,
2022-04,北京市,26.00,,60.64,,799,2022-04-30 00:00:00,1,0,2024-07-21 04:03:43,0,2024-07-21 04:03:43,,,
2022-04,全国,19470.70,-18.90,58106.40,-14.80,800,2022-04-30 00:00:00,1,0,2024-07-21 04:03:43,0,2024-07-21 04:03:43,,,
2022-03,新疆区,261.54,,304.83,,801,2022-03-31 00:00:00,1,0,2024-07-21 04:03:43,0,2024-07-21 04:03:43,,,
2022-03,宁夏区,151.33,,211.42,,802,2022-03-31 00:00:00,1,0,2024-07-21 04:03:43,0,2024-07-21 04:03:43,,,
2022-03,青海省,52.50,,70.26,,803,2022-03-31 00:00:00,1,0,2024-07-21 04:03:43,0,2024-07-21 04:03:43,,,
2022-03,甘肃省,320.98,,444.54,,804,2022-03-31 00:00:00,1,0,2024-07-21 04:03:43,0,2024-07-21 04:03:43,,,
2022-03,陕西省,607.49,,1073.34,,805,2022-03-31 00:00:00,1,0,2024-07-21 04:03:43,0,2024-07-21 04:03:43,,,
2022-03,西藏区,61.76,,92.73,,806,2022-03-31 00:00:00,1,0,2024-07-21 04:03:43,0,2024-07-21 04:03:43,,,
2022-03,云南省,959.75,,2123.89,,807,2022-03-31 00:00:00,1,0,2024-07-21 04:03:43,0,2024-07-21 04:03:43,,,
2022-03,贵州省,688.14,,1391.57,,808,2022-03-31 00:00:00,1,0,2024-07-21 04:03:43,0,2024-07-21 04:03:43,,,
2022-03,四川省,1361.99,,2967.51,,809,2022-03-31 00:00:00,1,0,2024-07-21 04:03:43,0,2024-07-21 04:03:43,,,
2022-03,重庆市,500.29,,1174.00,,810,2022-03-31 00:00:00,1,0,2024-07-21 04:03:43,0,2024-07-21 04:03:43,,,
2022-03,海南省,167.60,,324.59,,811,2022-03-31 00:00:00,1,0,2024-07-21 04:03:47,0,2024-07-21 04:03:47,,,
2022-03,广西区,957.04,,2114.82,,812,2022-03-31 00:00:00,1,0,2024-07-21 04:03:47,0,2024-07-21 04:03:47,,,
2022-03,广东省,1301.29,,2991.55,,813,2022-03-31 00:00:00,1,0,2024-07-21 04:03:47,0,2024-07-21 04:03:47,,,
2022-03,湖南省,828.55,,1689.37,,814,2022-03-31 00:00:00,1,0,2024-07-21 04:03:47,0,2024-07-21 04:03:47,,,
2022-03,湖北省,966.71,,2268.40,,815,2022-03-31 00:00:00,1,0,2024-07-21 04:03:47,0,2024-07-21 04:03:47,,,
2022-03,河南省,1144.57,,2217.78,,816,2022-03-31 00:00:00,1,0,2024-07-21 04:03:47,0,2024-07-21 04:03:47,,,
2022-03,山东省,1151.06,,2266.78,,817,2022-03-31 00:00:00,1,0,2024-07-21 04:03:47,0,2024-07-21 04:03:47,,,
2022-03,江西省,814.37,,1792.79,,818,2022-03-31 00:00:00,1,0,2024-07-21 04:03:47,0,2024-07-21 04:03:47,,,
2022-03,福建省,1003.55,,2315.77,,819,2022-03-31 00:00:00,1,0,2024-07-21 04:03:47,0,2024-07-21 04:03:47,,,
2022-03,安徽省,1273.64,,2741.73,,820,2022-03-31 00:00:00,1,0,2024-07-21 04:03:47,0,2024-07-21 04:03:47,,,
2022-03,浙江省,1187.85,,2503.67,,821,2022-03-31 00:00:00,1,0,2024-07-21 04:03:47,0,2024-07-21 04:03:47,,,
2022-03,江苏省,1167.09,,2830.08,,822,2022-03-31 00:00:00,1,0,2024-07-21 04:03:47,0,2024-07-21 04:03:47,,,
2022-03,上海市,33.38,,75.17,,823,2022-03-31 00:00:00,1,0,2024-07-21 04:03:47,0,2024-07-21 04:03:47,,,
2022-03,黑龙江省,39.77,,52.01,,824,2022-03-31 00:00:00,1,0,2024-07-21 04:03:47,0,2024-07-21 04:03:47,,,
2022-03,吉林省,20.53,,25.13,,825,2022-03-31 00:00:00,1,0,2024-07-21 04:03:47,0,2024-07-21 04:03:47,,,
2022-03,辽宁省,240.51,,330.85,,826,2022-03-31 00:00:00,1,0,2024-07-21 04:03:47,0,2024-07-21 04:03:47,,,
2022-03,内蒙古区,129.64,,169.93,,827,2022-03-31 00:00:00,1,0,2024-07-21 04:03:47,0,2024-07-21 04:03:47,,,
2022-03,山西省,382.97,,553.97,,828,2022-03-31 00:00:00,1,0,2024-07-21 04:03:47,0,2024-07-21 04:03:47,,,
2022-03,河北省,810.04,,1457.17,,829,2022-03-31 00:00:00,1,0,2024-07-21 04:03:47,0,2024-07-21 04:03:47,,,
2022-03,天津市,48.91,,87.78,,830,2022-03-31 00:00:00,1,0,2024-07-21 04:03:47,0,2024-07-21 04:03:47,,,
2022-03,北京市,19.73,,34.64,,831,2022-03-31 00:00:00,1,0,2024-07-21 04:03:47,0,2024-07-21 04:03:47,,,
2022-03,全国,18654.60,-5.60,38698.10,-12.10,832,2022-03-31 00:00:00,1,0,2024-07-21 04:03:47,0,2024-07-21 04:03:47,,,
2022-02,新疆区,,,43.31,,833,2022-02-28 00:00:00,1,0,2024-07-21 04:03:47,0,2024-07-21 04:03:47,,,
2022-02,宁夏区,,,60.09,,834,2022-02-28 00:00:00,1,0,2024-07-21 04:03:47,0,2024-07-21 04:03:47,,,
2022-02,青海省,,,17.76,,835,2022-02-28 00:00:00,1,0,2024-07-21 04:03:47,0,2024-07-21 04:03:47,,,
2022-02,甘肃省,,,123.54,,836,2022-02-28 00:00:00,1,0,2024-07-21 04:03:47,0,2024-07-21 04:03:47,,,
2022-02,陕西省,,,475.40,,837,2022-02-28 00:00:00,1,0,2024-07-21 04:03:47,0,2024-07-21 04:03:47,,,
2022-02,西藏区,,,30.96,,838,2022-02-28 00:00:00,1,0,2024-07-21 04:03:47,0,2024-07-21 04:03:47,,,
2022-02,云南省,,,1161.35,,839,2022-02-28 00:00:00,1,0,2024-07-21 04:03:47,0,2024-07-21 04:03:47,,,
2022-02,贵州省,,,704.43,,840,2022-02-28 00:00:00,1,0,2024-07-21 04:03:47,0,2024-07-21 04:03:47,,,
2022-02,四川省,,,1604.93,,841,2022-02-28 00:00:00,1,0,2024-07-21 04:03:50,0,2024-07-21 04:03:50,,,
2022-02,重庆市,,,673.42,,842,2022-02-28 00:00:00,1,0,2024-07-21 04:03:50,0,2024-07-21 04:03:50,,,
2022-02,海南省,,,157.00,,843,2022-02-28 00:00:00,1,0,2024-07-21 04:03:50,0,2024-07-21 04:03:50,,,
2022-02,广西区,,,1157.84,,844,2022-02-28 00:00:00,1,0,2024-07-21 04:03:50,0,2024-07-21 04:03:50,,,
2022-02,广东省,,,1675.92,,845,2022-02-28 00:00:00,1,0,2024-07-21 04:03:50,0,2024-07-21 04:03:50,,,
2022-02,湖南省,,,860.11,,846,2022-02-28 00:00:00,1,0,2024-07-21 04:03:50,0,2024-07-21 04:03:50,,,
2022-02,湖北省,,,1318.67,,847,2022-02-28 00:00:00,1,0,2024-07-21 04:03:50,0,2024-07-21 04:03:50,,,
2022-02,河南省,,,1066.72,,848,2022-02-28 00:00:00,1,0,2024-07-21 04:03:50,0,2024-07-21 04:03:50,,,
2022-02,山东省,,,1120.34,,849,2022-02-28 00:00:00,1,0,2024-07-21 04:03:50,0,2024-07-21 04:03:50,,,
2022-02,江西省,,,981.28,,850,2022-02-28 00:00:00,1,0,2024-07-21 04:03:50,0,2024-07-21 04:03:50,,,
2022-02,福建省,,,1273.50,,851,2022-02-28 00:00:00,1,0,2024-07-21 04:03:50,0,2024-07-21 04:03:50,,,
2022-02,安徽省,,,1450.58,,852,2022-02-28 00:00:00,1,0,2024-07-21 04:03:50,0,2024-07-21 04:03:50,,,
2022-02,浙江省,,,1321.38,,853,2022-02-28 00:00:00,1,0,2024-07-21 04:03:50,0,2024-07-21 04:03:50,,,
2022-02,江苏省,,,1594.89,,854,2022-02-28 00:00:00,1,0,2024-07-21 04:03:50,0,2024-07-21 04:03:50,,,
2022-02,上海市,,,41.79,,855,2022-02-28 00:00:00,1,0,2024-07-21 04:03:50,0,2024-07-21 04:03:50,,,
2022-02,黑龙江省,,,12.24,,856,2022-02-28 00:00:00,1,0,2024-07-21 04:03:50,0,2024-07-21 04:03:50,,,
2022-02,吉林省,,,4.35,,857,2022-02-28 00:00:00,1,0,2024-07-21 04:03:50,0,2024-07-21 04:03:50,,,
2022-02,辽宁省,,,89.43,,858,2022-02-28 00:00:00,1,0,2024-07-21 04:03:50,0,2024-07-21 04:03:50,,,
2022-02,内蒙古区,,,39.40,,859,2022-02-28 00:00:00,1,0,2024-07-21 04:03:50,0,2024-07-21 04:03:50,,,
2022-02,山西省,,,174.07,,860,2022-02-28 00:00:00,1,0,2024-07-21 04:03:50,0,2024-07-21 04:03:50,,,
2022-02,河北省,,,648.02,,861,2022-02-28 00:00:00,1,0,2024-07-21 04:03:50,0,2024-07-21 04:03:50,,,
2022-02,天津市,,,34.98,,862,2022-02-28 00:00:00,1,0,2024-07-21 04:03:50,0,2024-07-21 04:03:50,,,
2022-02,北京市,,,14.92,,863,2022-02-28 00:00:00,1,0,2024-07-21 04:03:50,0,2024-07-21 04:03:50,,,
2022-02,全国,,,19932.60,-17.80,864,2022-02-28 00:00:00,1,0,2024-07-21 04:03:50,0,2024-07-21 04:03:50,,,
2021-12,新疆区,44.79,,4648.07,,865,2021-12-31 00:00:00,1,0,2024-07-21 04:03:50,0,2024-07-21 04:03:50,,,
2021-12,宁夏区,34.76,,1867.68,,866,2021-12-31 00:00:00,1,0,2024-07-21 04:03:50,0,2024-07-21 04:03:50,,,
2021-12,青海省,29.47,,1099.54,,867,2021-12-31 00:00:00,1,0,2024-07-21 04:03:50,0,2024-07-21 04:03:50,,,
2021-12,甘肃省,162.80,,4450.03,,868,2021-12-31 00:00:00,1,0,2024-07-21 04:03:50,0,2024-07-21 04:03:50,,,
2021-12,陕西省,423.25,,6678.82,,869,2021-12-31 00:00:00,1,0,2024-07-21 04:03:50,0,2024-07-21 04:03:50,,,
2021-12,西藏区,52.39,,991.59,,870,2021-12-31 00:00:00,1,0,2024-07-21 04:03:50,0,2024-07-21 04:03:50,,,
2021-12,云南省,1089.66,,11436.85,,871,2021-12-31 00:00:00,1,0,2024-07-21 04:03:53,0,2024-07-21 04:03:53,,,
2021-12,贵州省,747.38,,9328.35,,872,2021-12-31 00:00:00,1,0,2024-07-21 04:03:53,0,2024-07-21 04:03:53,,,
2021-12,四川省,1163.88,,14147.05,,873,2021-12-31 00:00:00,1,0,2024-07-21 04:03:53,0,2024-07-21 04:03:53,,,
2021-12,重庆市,543.68,,6232.94,,874,2021-12-31 00:00:00,1,0,2024-07-21 04:03:53,0,2024-07-21 04:03:53,,,
2021-12,海南省,189.53,,1937.52,,875,2021-12-31 00:00:00,1,0,2024-07-21 04:03:53,0,2024-07-21 04:03:53,,,
2021-12,广西区,1063.65,,11426.90,,876,2021-12-31 00:00:00,1,0,2024-07-21 04:03:53,0,2024-07-21 04:03:53,,,
2021-12,广东省,1600.62,,17005.20,,877,2021-12-31 00:00:00,1,0,2024-07-21 04:03:53,0,2024-07-21 04:03:53,,,
2021-12,湖南省,979.90,,10454.76,,878,2021-12-31 00:00:00,1,0,2024-07-21 04:03:53,0,2024-07-21 04:03:53,,,
2021-12,湖北省,1295.26,,11870.75,,879,2021-12-31 00:00:00,1,0,2024-07-21 04:03:53,0,2024-07-21 04:03:53,,,
2021-12,河南省,963.00,,11347.43,,880,2021-12-31 00:00:00,1,0,2024-07-21 04:03:53,0,2024-07-21 04:03:53,,,
2021-12,山东省,1289.59,,16444.73,,881,2021-12-31 00:00:00,1,0,2024-07-21 04:03:53,0,2024-07-21 04:03:53,,,
2021-12,江西省,839.77,,10130.68,,882,2021-12-31 00:00:00,1,0,2024-07-21 04:03:53,0,2024-07-21 04:03:53,,,
2021-12,福建省,990.50,,10096.37,,883,2021-12-31 00:00:00,1,0,2024-07-21 04:03:53,0,2024-07-21 04:03:53,,,
2021-12,安徽省,1253.33,,14992.03,,884,2021-12-31 00:00:00,1,0,2024-07-21 04:03:53,0,2024-07-21 04:03:53,,,
2021-12,浙江省,1263.62,,13605.05,,885,2021-12-31 00:00:00,1,0,2024-07-21 04:03:53,0,2024-07-21 04:03:53,,,
2021-12,江苏省,1560.88,,15374.24,,886,2021-12-31 00:00:00,1,0,2024-07-21 04:03:53,0,2024-07-21 04:03:53,,,
2021-12,上海市,43.72,,434.97,,887,2021-12-31 00:00:00,1,0,2024-07-21 04:03:53,0,2024-07-21 04:03:53,,,
2021-12,黑龙江省,28.26,,2170.76,,888,2021-12-31 00:00:00,1,0,2024-07-21 04:03:53,0,2024-07-21 04:03:53,,,
2021-12,吉林省,15.45,,2125.29,,889,2021-12-31 00:00:00,1,0,2024-07-21 04:03:53,0,2024-07-21 04:03:53,,,
2021-12,辽宁省,260.85,,4851.43,,890,2021-12-31 00:00:00,1,0,2024-07-21 04:03:53,0,2024-07-21 04:03:53,,,
2021-12,内蒙古区,88.87,,3580.22,,891,2021-12-31 00:00:00,1,0,2024-07-21 04:03:53,0,2024-07-21 04:03:53,,,
2021-12,山西省,274.97,,5537.29,,892,2021-12-31 00:00:00,1,0,2024-07-21 04:03:53,0,2024-07-21 04:03:53,,,
2021-12,河北省,706.44,,11124.62,,893,2021-12-31 00:00:00,1,0,2024-07-21 04:03:53,0,2024-07-21 04:03:53,,,
2021-12,天津市,65.49,,632.03,,894,2021-12-31 00:00:00,1,0,2024-07-21 04:03:53,0,2024-07-21 04:03:53,,,
2021-12,北京市,19.38,,258.07,,895,2021-12-31 00:00:00,1,0,2024-07-21 04:03:53,0,2024-07-21 04:03:53,,,
2021-12,全国,19085.10,-11.10,236281.20,-1.20,896,2021-12-31 00:00:00,1,0,2024-07-21 04:03:53,0,2024-07-21 04:03:53,,,
2021-11,新疆区,315.08,,4603.01,,897,2021-11-30 00:00:00,1,0,2024-07-21 04:03:53,0,2024-07-21 04:03:53,,,
2021-11,宁夏区,106.37,,1832.82,,898,2021-11-30 00:00:00,1,0,2024-07-21 04:03:53,0,2024-07-21 04:03:53,,,
2021-11,青海省,71.82,,1070.07,,899,2021-11-30 00:00:00,1,0,2024-07-21 04:03:53,0,2024-07-21 04:03:53,,,
2021-11,甘肃省,271.64,,4287.23,,900,2021-11-30 00:00:00,1,0,2024-07-21 04:03:53,0,2024-07-21 04:03:53,,,
2021-11,陕西省,606.20,,6254.77,,901,2021-11-30 00:00:00,1,0,2024-07-21 04:03:56,0,2024-07-21 04:03:56,,,
2021-11,西藏区,86.43,,939.21,,902,2021-11-30 00:00:00,1,0,2024-07-21 04:03:56,0,2024-07-21 04:03:56,,,
2021-11,云南省,918.76,,10347.10,,903,2021-11-30 00:00:00,1,0,2024-07-21 04:03:56,0,2024-07-21 04:03:56,,,
2021-11,贵州省,792.84,,8589.35,,904,2021-11-30 00:00:00,1,0,2024-07-21 04:03:56,0,2024-07-21 04:03:56,,,
2021-11,四川省,1129.12,,12975.71,,905,2021-11-30 00:00:00,1,0,2024-07-21 04:03:56,0,2024-07-21 04:03:56,,,
2021-11,重庆市,508.33,,5689.26,,906,2021-11-30 00:00:00,1,0,2024-07-21 04:03:56,0,2024-07-21 04:03:56,,,
2021-11,海南省,198.47,,1747.99,,907,2021-11-30 00:00:00,1,0,2024-07-21 04:03:56,0,2024-07-21 04:03:56,,,
2021-11,广西区,902.15,,10363.25,,908,2021-11-30 00:00:00,1,0,2024-07-21 04:03:56,0,2024-07-21 04:03:56,,,
2021-11,广东省,1417.23,,15404.18,,909,2021-11-30 00:00:00,1,0,2024-07-21 04:03:56,0,2024-07-21 04:03:56,,,
2021-11,湖南省,871.76,,9467.24,,910,2021-11-30 00:00:00,1,0,2024-07-21 04:03:56,0,2024-07-21 04:03:56,,,
2021-11,湖北省,1156.64,,10536.40,,911,2021-11-30 00:00:00,1,0,2024-07-21 04:03:56,0,2024-07-21 04:03:56,,,
2021-11,河南省,1058.73,,10494.94,,912,2021-11-30 00:00:00,1,0,2024-07-21 04:03:56,0,2024-07-21 04:03:56,,,
2021-11,山东省,1576.19,,15172.20,,913,2021-11-30 00:00:00,1,0,2024-07-21 04:03:56,0,2024-07-21 04:03:56,,,
2021-11,江西省,865.47,,9290.18,,914,2021-11-30 00:00:00,1,0,2024-07-21 04:03:56,0,2024-07-21 04:03:56,,,
2021-11,福建省,898.79,,9105.47,,915,2021-11-30 00:00:00,1,0,2024-07-21 04:03:56,0,2024-07-21 04:03:56,,,
2021-11,安徽省,1321.32,,13728.15,,916,2021-11-30 00:00:00,1,0,2024-07-21 04:03:56,0,2024-07-21 04:03:56,,,
2021-11,浙江省,1235.12,,12316.34,,917,2021-11-30 00:00:00,1,0,2024-07-21 04:03:56,0,2024-07-21 04:03:56,,,
2021-11,江苏省,1427.97,,13836.78,,918,2021-11-30 00:00:00,1,0,2024-07-21 04:03:56,0,2024-07-21 04:03:56,,,
2021-11,上海市,40.93,,391.25,,919,2021-11-30 00:00:00,1,0,2024-07-21 04:03:56,0,2024-07-21 04:03:56,,,
2021-11,黑龙江省,103.76,,2142.36,,920,2021-11-30 00:00:00,1,0,2024-07-21 04:03:56,0,2024-07-21 04:03:56,,,
2021-11,吉林省,97.74,,2109.84,,921,2021-11-30 00:00:00,1,0,2024-07-21 04:03:56,0,2024-07-21 04:03:56,,,
2021-11,辽宁省,348.08,,4586.91,,922,2021-11-30 00:00:00,1,0,2024-07-21 04:03:56,0,2024-07-21 04:03:56,,,
2021-11,内蒙古区,187.05,,3493.26,,923,2021-11-30 00:00:00,1,0,2024-07-21 04:03:56,0,2024-07-21 04:03:56,,,
2021-11,山西省,459.51,,5260.37,,924,2021-11-30 00:00:00,1,0,2024-07-21 04:03:56,0,2024-07-21 04:03:56,,,
2021-11,河北省,886.82,,10418.71,,925,2021-11-30 00:00:00,1,0,2024-07-21 04:03:56,0,2024-07-21 04:03:56,,,
2021-11,天津市,68.17,,566.54,,926,2021-11-30 00:00:00,1,0,2024-07-21 04:03:56,0,2024-07-21 04:03:56,,,
2021-11,北京市,29.51,,238.69,,927,2021-11-30 00:00:00,1,0,2024-07-21 04:03:56,0,2024-07-21 04:03:56,,,
2021-11,全国,19958.00,-18.60,217259.60,-0.20,928,2021-11-30 00:00:00,1,0,2024-07-21 04:03:56,0,2024-07-21 04:03:56,,,
2021-10,新疆区,551.53,,4274.71,,929,2021-10-31 00:00:00,1,0,2024-07-21 04:03:56,0,2024-07-21 04:03:56,,,
2021-10,宁夏区,184.18,,1726.55,,930,2021-10-31 00:00:00,1,0,2024-07-21 04:03:56,0,2024-07-21 04:03:56,,,
2021-10,青海省,123.45,,998.25,,931,2021-10-31 00:00:00,1,0,2024-07-21 04:03:58,0,2024-07-21 04:03:58,,,
2021-10,甘肃省,443.22,,4015.60,,932,2021-10-31 00:00:00,1,0,2024-07-21 04:03:58,0,2024-07-21 04:03:58,,,
2021-10,陕西省,527.01,,5648.57,,933,2021-10-31 00:00:00,1,0,2024-07-21 04:03:58,0,2024-07-21 04:03:58,,,
2021-10,西藏区,104.20,,852.77,,934,2021-10-31 00:00:00,1,0,2024-07-21 04:03:58,0,2024-07-21 04:03:58,,,
2021-10,云南省,817.85,,9428.35,,935,2021-10-31 00:00:00,1,0,2024-07-21 04:03:58,0,2024-07-21 04:03:58,,,
2021-10,贵州省,751.90,,7794.77,,936,2021-10-31 00:00:00,1,0,2024-07-21 04:03:58,0,2024-07-21 04:03:58,,,
2021-10,四川省,1125.58,,11850.56,,937,2021-10-31 00:00:00,1,0,2024-07-21 04:03:58,0,2024-07-21 04:03:58,,,
2021-10,重庆市,483.64,,5180.94,,938,2021-10-31 00:00:00,1,0,2024-07-21 04:03:58,0,2024-07-21 04:03:58,,,
2021-10,海南省,140.28,,1549.52,,939,2021-10-31 00:00:00,1,0,2024-07-21 04:03:58,0,2024-07-21 04:03:58,,,
2021-10,广西区,870.79,,9494.42,,940,2021-10-31 00:00:00,1,0,2024-07-21 04:03:58,0,2024-07-21 04:03:58,,,
2021-10,广东省,1200.55,,13978.05,,941,2021-10-31 00:00:00,1,0,2024-07-21 04:03:58,0,2024-07-21 04:03:58,,,
2021-10,湖南省,930.42,,8583.26,,942,2021-10-31 00:00:00,1,0,2024-07-21 04:03:58,0,2024-07-21 04:03:58,,,
2021-10,湖北省,1025.65,,9386.15,,943,2021-10-31 00:00:00,1,0,2024-07-21 04:03:58,0,2024-07-21 04:03:58,,,
2021-10,河南省,796.78,,9414.01,,944,2021-10-31 00:00:00,1,0,2024-07-21 04:03:58,0,2024-07-21 04:03:58,,,
2021-10,山东省,1440.06,,13567.21,,945,2021-10-31 00:00:00,1,0,2024-07-21 04:03:58,0,2024-07-21 04:03:58,,,
2021-10,江西省,912.93,,8424.69,,946,2021-10-31 00:00:00,1,0,2024-07-21 04:03:58,0,2024-07-21 04:03:58,,,
2021-10,福建省,828.24,,8218.68,,947,2021-10-31 00:00:00,1,0,2024-07-21 04:03:58,0,2024-07-21 04:03:58,,,
2021-10,安徽省,1451.55,,12405.83,,948,2021-10-31 00:00:00,1,0,2024-07-21 04:03:58,0,2024-07-21 04:03:58,,,
2021-10,浙江省,1062.84,,11081.20,,949,2021-10-31 00:00:00,1,0,2024-07-21 04:03:58,0,2024-07-21 04:03:58,,,
2021-10,江苏省,1272.18,,12395.89,,950,2021-10-31 00:00:00,1,0,2024-07-21 04:03:58,0,2024-07-21 04:03:58,,,
2021-10,上海市,41.12,,350.32,,951,2021-10-31 00:00:00,1,0,2024-07-21 04:03:58,0,2024-07-21 04:03:58,,,
2021-10,黑龙江省,256.54,,2038.56,,952,2021-10-31 00:00:00,1,0,2024-07-21 04:03:58,0,2024-07-21 04:03:58,,,
2021-10,吉林省,275.61,,2009.75,,953,2021-10-31 00:00:00,1,0,2024-07-21 04:03:58,0,2024-07-21 04:03:58,,,
2021-10,辽宁省,484.62,,4238.84,,954,2021-10-31 00:00:00,1,0,2024-07-21 04:03:58,0,2024-07-21 04:03:58,,,
2021-10,内蒙古区,448.29,,3304.81,,955,2021-10-31 00:00:00,1,0,2024-07-21 04:03:58,0,2024-07-21 04:03:58,,,
2021-10,山西省,507.54,,4800.81,,956,2021-10-31 00:00:00,1,0,2024-07-21 04:03:58,0,2024-07-21 04:03:58,,,
2021-10,河北省,1009.19,,9542.08,,957,2021-10-31 00:00:00,1,0,2024-07-21 04:03:58,0,2024-07-21 04:03:58,,,
2021-10,天津市,52.32,,498.37,,958,2021-10-31 00:00:00,1,0,2024-07-21 04:03:58,0,2024-07-21 04:03:58,,,
2021-10,北京市,20.18,,209.18,,959,2021-10-31 00:00:00,1,0,2024-07-21 04:03:58,0,2024-07-21 04:03:58,,,
2021-10,全国,20140.20,-17.10,197262.70,2.10,960,2021-10-31 00:00:00,1,0,2024-07-21 04:03:58,0,2024-07-21 04:03:58,,,
2021-09,新疆区,602.76,,3722.39,,961,2021-09-30 00:00:00,1,0,2024-07-21 04:04:02,0,2024-07-21 04:04:02,,,
2021-09,宁夏区,182.79,,1542.37,,962,2021-09-30 00:00:00,1,0,2024-07-21 04:04:02,0,2024-07-21 04:04:02,,,
2021-09,青海省,136.34,,874.80,,963,2021-09-30 00:00:00,1,0,2024-07-21 04:04:02,0,2024-07-21 04:04:02,,,
2021-09,甘肃省,531.53,,3572.38,,964,2021-09-30 00:00:00,1,0,2024-07-21 04:04:02,0,2024-07-21 04:04:02,,,
2021-09,陕西省,464.90,,5121.66,,965,2021-09-30 00:00:00,1,0,2024-07-21 04:04:02,0,2024-07-21 04:04:02,,,
2021-09,西藏区,103.32,,728.46,,966,2021-09-30 00:00:00,1,0,2024-07-21 04:04:02,0,2024-07-21 04:04:02,,,
2021-09,云南省,791.58,,8610.97,,967,2021-09-30 00:00:00,1,0,2024-07-21 04:04:02,0,2024-07-21 04:04:02,,,
2021-09,贵州省,768.99,,7052.65,,968,2021-09-30 00:00:00,1,0,2024-07-21 04:04:02,0,2024-07-21 04:04:02,,,
2021-09,四川省,1069.28,,10740.30,,969,2021-09-30 00:00:00,1,0,2024-07-21 04:04:02,0,2024-07-21 04:04:02,,,
2021-09,重庆市,546.36,,4710.07,,970,2021-09-30 00:00:00,1,0,2024-07-21 04:04:02,0,2024-07-21 04:04:02,,,
2021-09,海南省,157.63,,1409.17,,971,2021-09-30 00:00:00,1,0,2024-07-21 04:04:02,0,2024-07-21 04:04:02,,,
2021-09,广西区,647.27,,8618.21,,972,2021-09-30 00:00:00,1,0,2024-07-21 04:04:02,0,2024-07-21 04:04:02,,,
2021-09,广东省,1405.32,,12743.82,,973,2021-09-30 00:00:00,1,0,2024-07-21 04:04:02,0,2024-07-21 04:04:02,,,
2021-09,湖南省,894.64,,8263.50,,974,2021-09-30 00:00:00,1,0,2024-07-21 04:04:02,0,2024-07-21 04:04:02,,,
2021-09,湖北省,1094.83,,8360.65,,975,2021-09-30 00:00:00,1,0,2024-07-21 04:04:02,0,2024-07-21 04:04:02,,,
2021-09,河南省,854.95,,8640.10,,976,2021-09-30 00:00:00,1,0,2024-07-21 04:04:02,0,2024-07-21 04:04:02,,,
2021-09,山东省,1437.43,,12123.06,,977,2021-09-30 00:00:00,1,0,2024-07-21 04:04:02,0,2024-07-21 04:04:02,,,
2021-09,江西省,966.87,,7515.00,,978,2021-09-30 00:00:00,1,0,2024-07-21 04:04:02,0,2024-07-21 04:04:02,,,
2021-09,福建省,892.20,,7390.45,,979,2021-09-30 00:00:00,1,0,2024-07-21 04:04:02,0,2024-07-21 04:04:02,,,
2021-09,安徽省,1438.53,,10955.13,,980,2021-09-30 00:00:00,1,0,2024-07-21 04:04:02,0,2024-07-21 04:04:02,,,
2021-09,浙江省,1201.60,,10017.25,,981,2021-09-30 00:00:00,1,0,2024-07-21 04:04:02,0,2024-07-21 04:04:02,,,
2021-09,江苏省,932.37,,11123.63,,982,2021-09-30 00:00:00,1,0,2024-07-21 04:04:02,0,2024-07-21 04:04:02,,,
2021-09,上海市,38.14,,309.20,,983,2021-09-30 00:00:00,1,0,2024-07-21 04:04:02,0,2024-07-21 04:04:02,,,
2021-09,黑龙江省,318.35,,1782.02,,984,2021-09-30 00:00:00,1,0,2024-07-21 04:04:02,0,2024-07-21 04:04:02,,,
2021-09,吉林省,286.39,,1735.49,,985,2021-09-30 00:00:00,1,0,2024-07-21 04:04:02,0,2024-07-21 04:04:02,,,
2021-09,辽宁省,550.20,,3754.21,,986,2021-09-30 00:00:00,1,0,2024-07-21 04:04:02,0,2024-07-21 04:04:02,,,
2021-09,内蒙古区,497.09,,2857.19,,987,2021-09-30 00:00:00,1,0,2024-07-21 04:04:02,0,2024-07-21 04:04:02,,,
2021-09,山西省,563.11,,4290.69,,988,2021-09-30 00:00:00,1,0,2024-07-21 04:04:02,0,2024-07-21 04:04:02,,,
2021-09,河北省,1060.32,,8570.39,,989,2021-09-30 00:00:00,1,0,2024-07-21 04:04:02,0,2024-07-21 04:04:02,,,
2021-09,天津市,53.53,,446.04,,990,2021-09-30 00:00:00,1,0,2024-07-21 04:04:02,0,2024-07-21 04:04:02,,,
2021-09,北京市,15.21,,189.00,,991,2021-09-30 00:00:00,1,0,2024-07-21 04:04:06,0,2024-07-21 04:04:06,,,
2021-09,全国,20503.80,-13.00,177770.30,5.30,992,2021-09-30 00:00:00,1,0,2024-07-21 04:04:06,0,2024-07-21 04:04:06,,,
2021-08,新疆区,586.82,,3112.18,,993,2021-08-31 00:00:00,1,0,2024-07-21 04:04:06,0,2024-07-21 04:04:06,,,
2021-08,宁夏区,234.32,,1359.58,,994,2021-08-31 00:00:00,1,0,2024-07-21 04:04:06,0,2024-07-21 04:04:06,,,
2021-08,青海省,127.17,,738.47,,995,2021-08-31 00:00:00,1,0,2024-07-21 04:04:06,0,2024-07-21 04:04:06,,,
2021-08,甘肃省,532.66,,3040.21,,996,2021-08-31 00:00:00,1,0,2024-07-21 04:04:06,0,2024-07-21 04:04:06,,,
2021-08,陕西省,629.71,,4656.76,,997,2021-08-31 00:00:00,1,0,2024-07-21 04:04:06,0,2024-07-21 04:04:06,,,
2021-08,西藏区,101.51,,625.14,,998,2021-08-31 00:00:00,1,0,2024-07-21 04:04:06,0,2024-07-21 04:04:06,,,
2021-08,云南省,850.65,,7819.39,,999,2021-08-31 00:00:00,1,0,2024-07-21 04:04:06,0,2024-07-21 04:04:06,,,
2021-08,贵州省,832.29,,6310.14,,1000,2021-08-31 00:00:00,1,0,2024-07-21 04:04:06,0,2024-07-21 04:04:06,,,
2021-08,四川省,1099.53,,9671.02,,1001,2021-08-31 00:00:00,1,0,2024-07-21 04:04:06,0,2024-07-21 04:04:06,,,
2021-08,重庆市,550.74,,4157.88,,1002,2021-08-31 00:00:00,1,0,2024-07-21 04:04:06,0,2024-07-21 04:04:06,,,
2021-08,海南省,152.82,,1251.13,,1003,2021-08-31 00:00:00,1,0,2024-07-21 04:04:06,0,2024-07-21 04:04:06,,,
2021-08,广西区,1013.41,,7978.11,,1004,2021-08-31 00:00:00,1,0,2024-07-21 04:04:06,0,2024-07-21 04:04:06,,,
2021-08,广东省,1395.51,,11340.01,,1005,2021-08-31 00:00:00,1,0,2024-07-21 04:04:06,0,2024-07-21 04:04:06,,,
2021-08,湖南省,932.27,,7368.86,,1006,2021-08-31 00:00:00,1,0,2024-07-21 04:04:06,0,2024-07-21 04:04:06,,,
2021-08,湖北省,935.25,,7282.70,,1007,2021-08-31 00:00:00,1,0,2024-07-21 04:04:06,0,2024-07-21 04:04:06,,,
2021-08,河南省,960.50,,7784.49,,1008,2021-08-31 00:00:00,1,0,2024-07-21 04:04:06,0,2024-07-21 04:04:06,,,
2021-08,山东省,1457.91,,10667.73,,1009,2021-08-31 00:00:00,1,0,2024-07-21 04:04:06,0,2024-07-21 04:04:06,,,
2021-08,江西省,944.69,,6548.60,,1010,2021-08-31 00:00:00,1,0,2024-07-21 04:04:06,0,2024-07-21 04:04:06,,,
2021-08,福建省,823.18,,6498.25,,1011,2021-08-31 00:00:00,1,0,2024-07-21 04:04:06,0,2024-07-21 04:04:06,,,
2021-08,安徽省,1259.05,,9531.35,,1012,2021-08-31 00:00:00,1,0,2024-07-21 04:04:06,0,2024-07-21 04:04:06,,,
2021-08,浙江省,1318.60,,8815.68,,1013,2021-08-31 00:00:00,1,0,2024-07-21 04:04:06,0,2024-07-21 04:04:06,,,
2021-08,江苏省,1329.49,,10194.23,,1014,2021-08-31 00:00:00,1,0,2024-07-21 04:04:06,0,2024-07-21 04:04:06,,,
2021-08,上海市,41.10,,271.06,,1015,2021-08-31 00:00:00,1,0,2024-07-21 04:04:06,0,2024-07-21 04:04:06,,,
2021-08,黑龙江省,325.20,,1471.48,,1016,2021-08-31 00:00:00,1,0,2024-07-21 04:04:06,0,2024-07-21 04:04:06,,,
2021-08,吉林省,282.95,,1449.10,,1017,2021-08-31 00:00:00,1,0,2024-07-21 04:04:06,0,2024-07-21 04:04:06,,,
2021-08,辽宁省,542.86,,3204.01,,1018,2021-08-31 00:00:00,1,0,2024-07-21 04:04:06,0,2024-07-21 04:04:06,,,
2021-08,内蒙古区,472.15,,2356.68,,1019,2021-08-31 00:00:00,1,0,2024-07-21 04:04:06,0,2024-07-21 04:04:06,,,
2021-08,山西省,588.56,,3727.61,,1020,2021-08-31 00:00:00,1,0,2024-07-21 04:04:06,0,2024-07-21 04:04:06,,,
2021-08,河北省,1123.88,,7526.34,,1021,2021-08-31 00:00:00,1,0,2024-07-21 04:04:10,0,2024-07-21 04:04:10,,,
2021-08,天津市,52.81,,392.52,,1022,2021-08-31 00:00:00,1,0,2024-07-21 04:04:10,0,2024-07-21 04:04:10,,,
2021-08,北京市,19.11,,173.79,,1023,2021-08-31 00:00:00,1,0,2024-07-21 04:04:10,0,2024-07-21 04:04:10,,,
2021-08,全国,21516.70,-5.20,157324.50,8.30,1024,2021-08-31 00:00:00,1,0,2024-07-21 04:04:10,0,2024-07-21 04:04:10,,,
2021-07,新疆区,545.64,,2518.26,,1025,2021-07-31 00:00:00,1,0,2024-07-21 04:04:10,0,2024-07-21 04:04:10,,,
2021-07,宁夏区,226.89,,1125.27,,1026,2021-07-31 00:00:00,1,0,2024-07-21 04:04:10,0,2024-07-21 04:04:10,,,
2021-07,青海省,129.20,,610.79,,1027,2021-07-31 00:00:00,1,0,2024-07-21 04:04:10,0,2024-07-21 04:04:10,,,
2021-07,甘肃省,493.66,,2507.32,,1028,2021-07-31 00:00:00,1,0,2024-07-21 04:04:10,0,2024-07-21 04:04:10,,,
2021-07,陕西省,620.20,,4026.95,,1029,2021-07-31 00:00:00,1,0,2024-07-21 04:04:10,0,2024-07-21 04:04:10,,,
2021-07,西藏区,91.51,,523.63,,1030,2021-07-31 00:00:00,1,0,2024-07-21 04:04:10,0,2024-07-21 04:04:10,,,
2021-07,云南省,875.81,,6978.55,,1031,2021-07-31 00:00:00,1,0,2024-07-21 04:04:10,0,2024-07-21 04:04:10,,,
2021-07,贵州省,805.29,,5477.43,,1032,2021-07-31 00:00:00,1,0,2024-07-21 04:04:10,0,2024-07-21 04:04:10,,,
2021-07,四川省,1085.42,,8610.74,,1033,2021-07-31 00:00:00,1,0,2024-07-21 04:04:10,0,2024-07-21 04:04:10,,,
2021-07,重庆市,491.66,,3607.14,,1034,2021-07-31 00:00:00,1,0,2024-07-21 04:04:10,0,2024-07-21 04:04:10,,,
2021-07,海南省,164.61,,1098.73,,1035,2021-07-31 00:00:00,1,0,2024-07-21 04:04:10,0,2024-07-21 04:04:10,,,
2021-07,广西区,888.37,,6959.56,,1036,2021-07-31 00:00:00,1,0,2024-07-21 04:04:10,0,2024-07-21 04:04:10,,,
2021-07,广东省,1413.45,,9944.43,,1037,2021-07-31 00:00:00,1,0,2024-07-21 04:04:10,0,2024-07-21 04:04:10,,,
2021-07,湖南省,971.64,,5839.67,,1038,2021-07-31 00:00:00,1,0,2024-07-21 04:04:10,0,2024-07-21 04:04:10,,,
2021-07,湖北省,952.39,,6356.08,,1039,2021-07-31 00:00:00,1,0,2024-07-21 04:04:10,0,2024-07-21 04:04:10,,,
2021-07,河南省,994.81,,6821.56,,1040,2021-07-31 00:00:00,1,0,2024-07-21 04:04:10,0,2024-07-21 04:04:10,,,
2021-07,山东省,1484.77,,9256.60,,1041,2021-07-31 00:00:00,1,0,2024-07-21 04:04:10,0,2024-07-21 04:04:10,,,
2021-07,江西省,888.83,,5603.91,,1042,2021-07-31 00:00:00,1,0,2024-07-21 04:04:10,0,2024-07-21 04:04:10,,,
2021-07,福建省,823.94,,5675.07,,1043,2021-07-31 00:00:00,1,0,2024-07-21 04:04:10,0,2024-07-21 04:04:10,,,
2021-07,安徽省,1171.88,,8274.95,,1044,2021-07-31 00:00:00,1,0,2024-07-21 04:04:10,0,2024-07-21 04:04:10,,,
2021-07,浙江省,1132.38,,7500.34,,1045,2021-07-31 00:00:00,1,0,2024-07-21 04:04:10,0,2024-07-21 04:04:10,,,
2021-07,江苏省,1228.12,,8861.74,,1046,2021-07-31 00:00:00,1,0,2024-07-21 04:04:10,0,2024-07-21 04:04:10,,,
2021-07,上海市,32.10,,229.96,,1047,2021-07-31 00:00:00,1,0,2024-07-21 04:04:10,0,2024-07-21 04:04:10,,,
2021-07,黑龙江省,260.41,,1146.31,,1048,2021-07-31 00:00:00,1,0,2024-07-21 04:04:10,0,2024-07-21 04:04:10,,,
2021-07,吉林省,270.03,,1167.15,,1049,2021-07-31 00:00:00,1,0,2024-07-21 04:04:10,0,2024-07-21 04:04:10,,,
2021-07,辽宁省,499.03,,2661.16,,1050,2021-07-31 00:00:00,1,0,2024-07-21 04:04:10,0,2024-07-21 04:04:10,,,
2021-07,内蒙古区,448.51,,1884.45,,1051,2021-07-31 00:00:00,1,0,2024-07-21 04:04:13,0,2024-07-21 04:04:13,,,
2021-07,山西省,531.55,,3139.05,,1052,2021-07-31 00:00:00,1,0,2024-07-21 04:04:13,0,2024-07-21 04:04:13,,,
2021-07,河北省,983.45,,6402.41,,1053,2021-07-31 00:00:00,1,0,2024-07-21 04:04:13,0,2024-07-21 04:04:13,,,
2021-07,天津市,54.20,,339.61,,1054,2021-07-31 00:00:00,1,0,2024-07-21 04:04:13,0,2024-07-21 04:04:13,,,
2021-07,北京市,22.38,,154.68,,1055,2021-07-31 00:00:00,1,0,2024-07-21 04:04:13,0,2024-07-21 04:04:13,,,
2021-07,全国,20582.10,-6.50,135303.50,10.40,1056,2021-07-31 00:00:00,1,0,2024-07-21 04:04:13,0,2024-07-21 04:04:13,,,
2021-06,新疆区,589.41,,1972.63,,1057,2021-06-30 00:00:00,1,0,2024-07-21 04:04:13,0,2024-07-21 04:04:13,,,
2021-06,宁夏区,238.78,,894.27,,1058,2021-06-30 00:00:00,1,0,2024-07-21 04:04:13,0,2024-07-21 04:04:13,,,
2021-06,青海省,139.31,,481.60,,1059,2021-06-30 00:00:00,1,0,2024-07-21 04:04:13,0,2024-07-21 04:04:13,,,
2021-06,甘肃省,527.65,,2018.38,,1060,2021-06-30 00:00:00,1,0,2024-07-21 04:04:13,0,2024-07-21 04:04:13,,,
2021-06,陕西省,664.98,,3406.75,,1061,2021-06-30 00:00:00,1,0,2024-07-21 04:04:13,0,2024-07-21 04:04:13,,,
2021-06,西藏区,112.15,,404.09,,1062,2021-06-30 00:00:00,1,0,2024-07-21 04:04:13,0,2024-07-21 04:04:13,,,
2021-06,云南省,1050.31,,6102.75,,1063,2021-06-30 00:00:00,1,0,2024-07-21 04:04:13,0,2024-07-21 04:04:13,,,
2021-06,贵州省,853.14,,4664.95,,1064,2021-06-30 00:00:00,1,0,2024-07-21 04:04:13,0,2024-07-21 04:04:13,,,
2021-06,四川省,1310.01,,7532.22,,1065,2021-06-30 00:00:00,1,0,2024-07-21 04:04:13,0,2024-07-21 04:04:13,,,
2021-06,重庆市,555.91,,3115.22,,1066,2021-06-30 00:00:00,1,0,2024-07-21 04:04:13,0,2024-07-21 04:04:13,,,
2021-06,海南省,160.77,,934.12,,1067,2021-06-30 00:00:00,1,0,2024-07-21 04:04:13,0,2024-07-21 04:04:13,,,
2021-06,广西区,1131.79,,6076.04,,1068,2021-06-30 00:00:00,1,0,2024-07-21 04:04:13,0,2024-07-21 04:04:13,,,
2021-06,广东省,1486.06,,8531.85,,1069,2021-06-30 00:00:00,1,0,2024-07-21 04:04:13,0,2024-07-21 04:04:13,,,
2021-06,湖南省,1011.01,,4870.63,,1070,2021-06-30 00:00:00,1,0,2024-07-21 04:04:13,0,2024-07-21 04:04:13,,,
2021-06,湖北省,1032.91,,5398.98,,1071,2021-06-30 00:00:00,1,0,2024-07-21 04:04:13,0,2024-07-21 04:04:13,,,
2021-06,河南省,1081.90,,5797.48,,1072,2021-06-30 00:00:00,1,0,2024-07-21 04:04:13,0,2024-07-21 04:04:13,,,
2021-06,山东省,1569.92,,7797.84,,1073,2021-06-30 00:00:00,1,0,2024-07-21 04:04:13,0,2024-07-21 04:04:13,,,
2021-06,江西省,838.75,,4715.08,,1074,2021-06-30 00:00:00,1,0,2024-07-21 04:04:13,0,2024-07-21 04:04:13,,,
2021-06,福建省,805.31,,4851.13,,1075,2021-06-30 00:00:00,1,0,2024-07-21 04:04:13,0,2024-07-21 04:04:13,,,
2021-06,安徽省,1294.04,,7103.54,,1076,2021-06-30 00:00:00,1,0,2024-07-21 04:04:13,0,2024-07-21 04:04:13,,,
2021-06,浙江省,1184.22,,6382.66,,1077,2021-06-30 00:00:00,1,0,2024-07-21 04:04:13,0,2024-07-21 04:04:13,,,
2021-06,江苏省,1375.50,,7630.62,,1078,2021-06-30 00:00:00,1,0,2024-07-21 04:04:13,0,2024-07-21 04:04:13,,,
2021-06,上海市,36.32,,197.86,,1079,2021-06-30 00:00:00,1,0,2024-07-21 04:04:13,0,2024-07-21 04:04:13,,,
2021-06,黑龙江省,349.37,,885.91,,1080,2021-06-30 00:00:00,1,0,2024-07-21 04:04:13,0,2024-07-21 04:04:13,,,
2021-06,吉林省,307.66,,897.12,,1081,2021-06-30 00:00:00,1,0,2024-07-21 04:04:17,0,2024-07-21 04:04:17,,,
2021-06,辽宁省,464.96,,2163.66,,1082,2021-06-30 00:00:00,1,0,2024-07-21 04:04:17,0,2024-07-21 04:04:17,,,
2021-06,内蒙古区,450.66,,1436.53,,1083,2021-06-30 00:00:00,1,0,2024-07-21 04:04:17,0,2024-07-21 04:04:17,,,
2021-06,山西省,610.26,,2607.51,,1084,2021-06-30 00:00:00,1,0,2024-07-21 04:04:17,0,2024-07-21 04:04:17,,,
2021-06,河北省,1121.10,,5408.95,,1085,2021-06-30 00:00:00,1,0,2024-07-21 04:04:17,0,2024-07-21 04:04:17,,,
2021-06,天津市,54.55,,285.41,,1086,2021-06-30 00:00:00,1,0,2024-07-21 04:04:17,0,2024-07-21 04:04:17,,,
2021-06,北京市,24.10,,132.30,,1087,2021-06-30 00:00:00,1,0,2024-07-21 04:04:17,0,2024-07-21 04:04:17,,,
2021-06,全国,22432.80,-2.90,114698.00,14.10,1088,2021-06-30 00:00:00,1,0,2024-07-21 04:04:17,0,2024-07-21 04:04:17,,,
2021-05,新疆区,644.03,,1401.11,,1089,2021-05-31 00:00:00,1,0,2024-07-21 04:04:17,0,2024-07-21 04:04:17,,,
2021-05,宁夏区,251.26,,654.31,,1090,2021-05-31 00:00:00,1,0,2024-07-21 04:04:17,0,2024-07-21 04:04:17,,,
2021-05,青海省,147.21,,342.28,,1091,2021-05-31 00:00:00,1,0,2024-07-21 04:04:17,0,2024-07-21 04:04:17,,,
2021-05,甘肃省,530.92,,1489.74,,1092,2021-05-31 00:00:00,1,0,2024-07-21 04:04:17,0,2024-07-21 04:04:17,,,
2021-05,陕西省,727.90,,2697.19,,1093,2021-05-31 00:00:00,1,0,2024-07-21 04:04:17,0,2024-07-21 04:04:17,,,
2021-05,西藏区,104.56,,289.18,,1094,2021-05-31 00:00:00,1,0,2024-07-21 04:04:17,0,2024-07-21 04:04:17,,,
2021-05,云南省,1088.97,,5048.56,,1095,2021-05-31 00:00:00,1,0,2024-07-21 04:04:17,0,2024-07-21 04:04:17,,,
2021-05,贵州省,940.79,,3835.74,,1096,2021-05-31 00:00:00,1,0,2024-07-21 04:04:17,0,2024-07-21 04:04:17,,,
2021-05,四川省,1392.59,,6217.78,,1097,2021-05-31 00:00:00,1,0,2024-07-21 04:04:17,0,2024-07-21 04:04:17,,,
2021-05,重庆市,562.49,,2560.00,,1098,2021-05-31 00:00:00,1,0,2024-07-21 04:04:17,0,2024-07-21 04:04:17,,,
2021-05,海南省,194.22,,770.73,,1099,2021-05-31 00:00:00,1,0,2024-07-21 04:04:17,0,2024-07-21 04:04:17,,,
2021-05,广西区,1127.19,,4946.28,,1100,2021-05-31 00:00:00,1,0,2024-07-21 04:04:17,0,2024-07-21 04:04:17,,,
2021-05,广东省,1625.76,,7045.38,,1101,2021-05-31 00:00:00,1,0,2024-07-21 04:04:17,0,2024-07-21 04:04:17,,,
2021-05,湖南省,935.78,,3860.02,,1102,2021-05-31 00:00:00,1,0,2024-07-21 04:04:17,0,2024-07-21 04:04:17,,,
2021-05,湖北省,1027.21,,4371.63,,1103,2021-05-31 00:00:00,1,0,2024-07-21 04:04:17,0,2024-07-21 04:04:17,,,
2021-05,河南省,1270.67,,4707.72,,1104,2021-05-31 00:00:00,1,0,2024-07-21 04:04:17,0,2024-07-21 04:04:17,,,
2021-05,山东省,1816.75,,6190.53,,1105,2021-05-31 00:00:00,1,0,2024-07-21 04:04:17,0,2024-07-21 04:04:17,,,
2021-05,江西省,896.32,,3895.94,,1106,2021-05-31 00:00:00,1,0,2024-07-21 04:04:17,0,2024-07-21 04:04:17,,,
2021-05,福建省,844.21,,4046.89,,1107,2021-05-31 00:00:00,1,0,2024-07-21 04:04:17,0,2024-07-21 04:04:17,,,
2021-05,安徽省,1464.31,,5810.57,,1108,2021-05-31 00:00:00,1,0,2024-07-21 04:04:17,0,2024-07-21 04:04:17,,,
2021-05,浙江省,1307.10,,5206.38,,1109,2021-05-31 00:00:00,1,0,2024-07-21 04:04:17,0,2024-07-21 04:04:17,,,
2021-05,江苏省,1587.23,,6252.64,,1110,2021-05-31 00:00:00,1,0,2024-07-21 04:04:17,0,2024-07-21 04:04:17,,,
2021-05,上海市,45.18,,161.54,,1111,2021-05-31 00:00:00,1,0,2024-07-21 04:04:20,0,2024-07-21 04:04:20,,,
2021-05,黑龙江省,274.39,,536.57,,1112,2021-05-31 00:00:00,1,0,2024-07-21 04:04:20,0,2024-07-21 04:04:20,,,
2021-05,吉林省,299.08,,589.46,,1113,2021-05-31 00:00:00,1,0,2024-07-21 04:04:20,0,2024-07-21 04:04:20,,,
2021-05,辽宁省,615.10,,1698.62,,1114,2021-05-31 00:00:00,1,0,2024-07-21 04:04:20,0,2024-07-21 04:04:20,,,
2021-05,内蒙古区,456.44,,986.62,,1115,2021-05-31 00:00:00,1,0,2024-07-21 04:04:20,0,2024-07-21 04:04:20,,,
2021-05,山西省,690.69,,2001.74,,1116,2021-05-31 00:00:00,1,0,2024-07-21 04:04:20,0,2024-07-21 04:04:20,,,
2021-05,河北省,1325.59,,4288.10,,1117,2021-05-31 00:00:00,1,0,2024-07-21 04:04:20,0,2024-07-21 04:04:20,,,
2021-05,天津市,77.93,,230.86,,1118,2021-05-31 00:00:00,1,0,2024-07-21 04:04:20,0,2024-07-21 04:04:20,,,
2021-05,北京市,34.96,,108.20,,1119,2021-05-31 00:00:00,1,0,2024-07-21 04:04:20,0,2024-07-21 04:04:20,,,
2021-05,全国,24306.80,-3.20,92242.30,19.20,1120,2021-05-31 00:00:00,1,0,2024-07-21 04:04:20,0,2024-07-21 04:04:20,,,
2021-04,新疆区,478.01,,740.71,,1121,2021-04-30 00:00:00,1,0,2024-07-21 04:04:20,0,2024-07-21 04:04:20,,,
2021-04,宁夏区,214.65,,403.05,,1122,2021-04-30 00:00:00,1,0,2024-07-21 04:04:20,0,2024-07-21 04:04:20,,,
2021-04,青海省,121.90,,195.08,,1123,2021-04-30 00:00:00,1,0,2024-07-21 04:04:20,0,2024-07-21 04:04:20,,,
2021-04,甘肃省,491.70,,959.82,,1124,2021-04-30 00:00:00,1,0,2024-07-21 04:04:20,0,2024-07-21 04:04:20,,,
2021-04,陕西省,698.43,,1965.76,,1125,2021-04-30 00:00:00,1,0,2024-07-21 04:04:20,0,2024-07-21 04:04:20,,,
2021-04,西藏区,100.17,,184.65,,1126,2021-04-30 00:00:00,1,0,2024-07-21 04:04:20,0,2024-07-21 04:04:20,,,
2021-04,云南省,1174.99,,3959.58,,1127,2021-04-30 00:00:00,1,0,2024-07-21 04:04:20,0,2024-07-21 04:04:20,,,
2021-04,贵州省,889.81,,2896.35,,1128,2021-04-30 00:00:00,1,0,2024-07-21 04:04:20,0,2024-07-21 04:04:20,,,
2021-04,四川省,1435.11,,4829.59,,1129,2021-04-30 00:00:00,1,0,2024-07-21 04:04:20,0,2024-07-21 04:04:20,,,
2021-04,重庆市,563.28,,1996.64,,1130,2021-04-30 00:00:00,1,0,2024-07-21 04:04:20,0,2024-07-21 04:04:20,,,
2021-04,海南省,179.93,,578.50,,1131,2021-04-30 00:00:00,1,0,2024-07-21 04:04:20,0,2024-07-21 04:04:20,,,
2021-04,广西区,1113.05,,3816.98,,1132,2021-04-30 00:00:00,1,0,2024-07-21 04:04:20,0,2024-07-21 04:04:20,,,
2021-04,广东省,1689.58,,5353.86,,1133,2021-04-30 00:00:00,1,0,2024-07-21 04:04:20,0,2024-07-21 04:04:20,,,
2021-04,湖南省,905.17,,2927.29,,1134,2021-04-30 00:00:00,1,0,2024-07-21 04:04:20,0,2024-07-21 04:04:20,,,
2021-04,湖北省,1048.20,,3461.35,,1135,2021-04-30 00:00:00,1,0,2024-07-21 04:04:20,0,2024-07-21 04:04:20,,,
2021-04,河南省,1283.59,,3443.64,,1136,2021-04-30 00:00:00,1,0,2024-07-21 04:04:20,0,2024-07-21 04:04:20,,,
2021-04,山东省,1763.96,,4361.24,,1137,2021-04-30 00:00:00,1,0,2024-07-21 04:04:20,0,2024-07-21 04:04:20,,,
2021-04,江西省,894.39,,2999.06,,1138,2021-04-30 00:00:00,1,0,2024-07-21 04:04:20,0,2024-07-21 04:04:20,,,
2021-04,福建省,885.97,,3208.12,,1139,2021-04-30 00:00:00,1,0,2024-07-21 04:04:20,0,2024-07-21 04:04:20,,,
2021-04,安徽省,1436.13,,4373.60,,1140,2021-04-30 00:00:00,1,0,2024-07-21 04:04:20,0,2024-07-21 04:04:20,,,
2021-04,浙江省,1418.61,,3899.29,,1141,2021-04-30 00:00:00,1,0,2024-07-21 04:04:24,0,2024-07-21 04:04:24,,,
2021-04,江苏省,1627.22,,4665.31,,1142,2021-04-30 00:00:00,1,0,2024-07-21 04:04:24,0,2024-07-21 04:04:24,,,
2021-04,上海市,40.39,,116.36,,1143,2021-04-30 00:00:00,1,0,2024-07-21 04:04:24,0,2024-07-21 04:04:24,,,
2021-04,黑龙江省,200.25,,262.30,,1144,2021-04-30 00:00:00,1,0,2024-07-21 04:04:24,0,2024-07-21 04:04:24,,,
2021-04,吉林省,232.67,,290.15,,1145,2021-04-30 00:00:00,1,0,2024-07-21 04:04:24,0,2024-07-21 04:04:24,,,
2021-04,辽宁省,604.49,,1077.56,,1146,2021-04-30 00:00:00,1,0,2024-07-21 04:04:24,0,2024-07-21 04:04:24,,,
2021-04,内蒙古区,398.82,,543.52,,1147,2021-04-30 00:00:00,1,0,2024-07-21 04:04:24,0,2024-07-21 04:04:24,,,
2021-04,山西省,649.61,,1311.05,,1148,2021-04-30 00:00:00,1,0,2024-07-21 04:04:24,0,2024-07-21 04:04:24,,,
2021-04,河北省,1284.74,,2963.84,,1149,2021-04-30 00:00:00,1,0,2024-07-21 04:04:24,0,2024-07-21 04:04:24,,,
2021-04,天津市,68.97,,152.93,,1150,2021-04-30 00:00:00,1,0,2024-07-21 04:04:24,0,2024-07-21 04:04:24,,,
2021-04,北京市,33.80,,73.24,,1151,2021-04-30 00:00:00,1,0,2024-07-21 04:04:24,0,2024-07-21 04:04:24,,,
2021-04,全国,23927.60,6.30,68010.40,30.10,1152,2021-04-30 00:00:00,1,0,2024-07-21 04:04:24,0,2024-07-21 04:04:24,,,
2021-03,新疆区,222.11,,262.70,,1153,2021-03-31 00:00:00,1,0,2024-07-21 04:04:24,0,2024-07-21 04:04:24,,,
2021-03,宁夏区,154.03,,188.40,,1154,2021-03-31 00:00:00,1,0,2024-07-21 04:04:24,0,2024-07-21 04:04:24,,,
2021-03,青海省,54.13,,73.18,,1155,2021-03-31 00:00:00,1,0,2024-07-21 04:04:24,0,2024-07-21 04:04:24,,,
2021-03,甘肃省,328.16,,467.86,,1156,2021-03-31 00:00:00,1,0,2024-07-21 04:04:24,0,2024-07-21 04:04:24,,,
2021-03,陕西省,656.80,,1269.51,,1157,2021-03-31 00:00:00,1,0,2024-07-21 04:04:24,0,2024-07-21 04:04:24,,,
2021-03,西藏区,46.24,,84.48,,1158,2021-03-31 00:00:00,1,0,2024-07-21 04:04:24,0,2024-07-21 04:04:24,,,
2021-03,云南省,1150.27,,2778.14,,1159,2021-03-31 00:00:00,1,0,2024-07-21 04:04:24,0,2024-07-21 04:04:24,,,
2021-03,贵州省,863.65,,1986.95,,1160,2021-03-31 00:00:00,1,0,2024-07-21 04:04:24,0,2024-07-21 04:04:24,,,
2021-03,四川省,1369.46,,3394.48,,1161,2021-03-31 00:00:00,1,0,2024-07-21 04:04:24,0,2024-07-21 04:04:24,,,
2021-03,重庆市,529.14,,1433.28,,1162,2021-03-31 00:00:00,1,0,2024-07-21 04:04:24,0,2024-07-21 04:04:24,,,
2021-03,海南省,156.37,,398.63,,1163,2021-03-31 00:00:00,1,0,2024-07-21 04:04:24,0,2024-07-21 04:04:24,,,
2021-03,广西区,1075.86,,2705.49,,1164,2021-03-31 00:00:00,1,0,2024-07-21 04:04:24,0,2024-07-21 04:04:24,,,
2021-03,广东省,1433.52,,3664.00,,1165,2021-03-31 00:00:00,1,0,2024-07-21 04:04:24,0,2024-07-21 04:04:24,,,
2021-03,湖南省,802.31,,2013.23,,1166,2021-03-31 00:00:00,1,0,2024-07-21 04:04:24,0,2024-07-21 04:04:24,,,
2021-03,湖北省,937.34,,2282.02,,1167,2021-03-31 00:00:00,1,0,2024-07-21 04:04:24,0,2024-07-21 04:04:24,,,
2021-03,河南省,1023.95,,2169.85,,1168,2021-03-31 00:00:00,1,0,2024-07-21 04:04:24,0,2024-07-21 04:04:24,,,
2021-03,山东省,1359.82,,2611.31,,1169,2021-03-31 00:00:00,1,0,2024-07-21 04:04:24,0,2024-07-21 04:04:24,,,
2021-03,江西省,768.05,,2105.34,,1170,2021-03-31 00:00:00,1,0,2024-07-21 04:04:24,0,2024-07-21 04:04:24,,,
2021-03,福建省,966.16,,2322.45,,1171,2021-03-31 00:00:00,1,0,2024-07-21 04:04:28,0,2024-07-21 04:04:28,,,
2021-03,安徽省,1357.96,,2929.88,,1172,2021-03-31 00:00:00,1,0,2024-07-21 04:04:28,0,2024-07-21 04:04:28,,,
2021-03,浙江省,1109.70,,2481.02,,1173,2021-03-31 00:00:00,1,0,2024-07-21 04:04:28,0,2024-07-21 04:04:28,,,
2021-03,江苏省,1348.98,,3038.72,,1174,2021-03-31 00:00:00,1,0,2024-07-21 04:04:28,0,2024-07-21 04:04:28,,,
2021-03,上海市,29.55,,75.97,,1175,2021-03-31 00:00:00,1,0,2024-07-21 04:04:28,0,2024-07-21 04:04:28,,,
2021-03,黑龙江省,52.35,,61.91,,1176,2021-03-31 00:00:00,1,0,2024-07-21 04:04:28,0,2024-07-21 04:04:28,,,
2021-03,吉林省,53.17,,57.49,,1177,2021-03-31 00:00:00,1,0,2024-07-21 04:04:28,0,2024-07-21 04:04:28,,,
2021-03,辽宁省,348.30,,467.41,,1178,2021-03-31 00:00:00,1,0,2024-07-21 04:04:28,0,2024-07-21 04:04:28,,,
2021-03,内蒙古区,112.38,,142.28,,1179,2021-03-31 00:00:00,1,0,2024-07-21 04:04:28,0,2024-07-21 04:04:28,,,
2021-03,山西省,412.04,,648.73,,1180,2021-03-31 00:00:00,1,0,2024-07-21 04:04:28,0,2024-07-21 04:04:28,,,
2021-03,河北省,911.87,,1672.59,,1181,2021-03-31 00:00:00,1,0,2024-07-21 04:04:28,0,2024-07-21 04:04:28,,,
2021-03,天津市,47.92,,83.95,,1182,2021-03-31 00:00:00,1,0,2024-07-21 04:04:28,0,2024-07-21 04:04:28,,,
2021-03,北京市,20.40,,39.44,,1183,2021-03-31 00:00:00,1,0,2024-07-21 04:04:28,0,2024-07-21 04:04:28,,,
2021-03,全国,19702.00,33.10,43910.70,47.30,1184,2021-03-31 00:00:00,1,0,2024-07-21 04:04:28,0,2024-07-21 04:04:28,,,
2021-02,新疆区,,,40.59,,1185,2021-02-28 00:00:00,1,0,2024-07-21 04:04:28,0,2024-07-21 04:04:28,,,
2021-02,宁夏区,,,34.36,,1186,2021-02-28 00:00:00,1,0,2024-07-21 04:04:28,0,2024-07-21 04:04:28,,,
2021-02,青海省,,,19.05,,1187,2021-02-28 00:00:00,1,0,2024-07-21 04:04:28,0,2024-07-21 04:04:28,,,
2021-02,甘肃省,,,139.36,,1188,2021-02-28 00:00:00,1,0,2024-07-21 04:04:28,0,2024-07-21 04:04:28,,,
2021-02,陕西省,,,647.33,,1189,2021-02-28 00:00:00,1,0,2024-07-21 04:04:28,0,2024-07-21 04:04:28,,,
2021-02,西藏区,,,35.81,,1190,2021-02-28 00:00:00,1,0,2024-07-21 04:04:28,0,2024-07-21 04:04:28,,,
2021-02,云南省,,,1613.58,,1191,2021-02-28 00:00:00,1,0,2024-07-21 04:04:28,0,2024-07-21 04:04:28,,,
2021-02,贵州省,,,1106.14,,1192,2021-02-28 00:00:00,1,0,2024-07-21 04:04:28,0,2024-07-21 04:04:28,,,
2021-02,四川省,,,2025.02,,1193,2021-02-28 00:00:00,1,0,2024-07-21 04:04:28,0,2024-07-21 04:04:28,,,
2021-02,重庆市,,,903.51,,1194,2021-02-28 00:00:00,1,0,2024-07-21 04:04:28,0,2024-07-21 04:04:28,,,
2021-02,海南省,,,242.25,,1195,2021-02-28 00:00:00,1,0,2024-07-21 04:04:28,0,2024-07-21 04:04:28,,,
2021-02,广西区,,,1628.73,,1196,2021-02-28 00:00:00,1,0,2024-07-21 04:04:28,0,2024-07-21 04:04:28,,,
2021-02,广东省,,,2230.79,,1197,2021-02-28 00:00:00,1,0,2024-07-21 04:04:28,0,2024-07-21 04:04:28,,,
2021-02,湖南省,,,1200.94,,1198,2021-02-28 00:00:00,1,0,2024-07-21 04:04:28,0,2024-07-21 04:04:28,,,
2021-02,湖北省,,,1345.72,,1199,2021-02-28 00:00:00,1,0,2024-07-21 04:04:28,0,2024-07-21 04:04:28,,,
2021-02,河南省,,,1180.55,,1200,2021-02-28 00:00:00,1,0,2024-07-21 04:04:28,0,2024-07-21 04:04:28,,,
2021-02,山东省,,,1254.05,,1201,2021-02-28 00:00:00,1,0,2024-07-21 04:04:32,0,2024-07-21 04:04:32,,,
2021-02,江西省,,,1335.02,,1202,2021-02-28 00:00:00,1,0,2024-07-21 04:04:32,0,2024-07-21 04:04:32,,,
2021-02,福建省,,,1303.92,,1203,2021-02-28 00:00:00,1,0,2024-07-21 04:04:32,0,2024-07-21 04:04:32,,,
2021-02,安徽省,,,1570.87,,1204,2021-02-28 00:00:00,1,0,2024-07-21 04:04:32,0,2024-07-21 04:04:32,,,
2021-02,浙江省,,,1368.19,,1205,2021-02-28 00:00:00,1,0,2024-07-21 04:04:32,0,2024-07-21 04:04:32,,,
2021-02,江苏省,,,1651.15,,1206,2021-02-28 00:00:00,1,0,2024-07-21 04:04:32,0,2024-07-21 04:04:32,,,
2021-02,上海市,,,46.40,,1207,2021-02-28 00:00:00,1,0,2024-07-21 04:04:32,0,2024-07-21 04:04:32,,,
2021-02,黑龙江省,,,9.56,,1208,2021-02-28 00:00:00,1,0,2024-07-21 04:04:32,0,2024-07-21 04:04:32,,,
2021-02,吉林省,,,4.09,,1209,2021-02-28 00:00:00,1,0,2024-07-21 04:04:32,0,2024-07-21 04:04:32,,,
2021-02,辽宁省,,,105.42,,1210,2021-02-28 00:00:00,1,0,2024-07-21 04:04:32,0,2024-07-21 04:04:32,,,
2021-02,内蒙古区,,,40.40,,1211,2021-02-28 00:00:00,1,0,2024-07-21 04:04:32,0,2024-07-21 04:04:32,,,
2021-02,山西省,,,237.72,,1212,2021-02-28 00:00:00,1,0,2024-07-21 04:04:32,0,2024-07-21 04:04:32,,,
2021-02,河北省,,,753.44,,1213,2021-02-28 00:00:00,1,0,2024-07-21 04:04:32,0,2024-07-21 04:04:32,,,
2021-02,天津市,,,36.03,,1214,2021-02-28 00:00:00,1,0,2024-07-21 04:04:32,0,2024-07-21 04:04:32,,,
2021-02,北京市,,,19.04,,1215,2021-02-28 00:00:00,1,0,2024-07-21 04:04:32,0,2024-07-21 04:04:32,,,
2021-02,全国,,,24129.00,61.10,1216,2021-02-28 00:00:00,1,0,2024-07-21 04:04:32,0,2024-07-21 04:04:32,,,
2020-12,新疆区,42.53,,3969.45,,1217,2020-12-31 00:00:00,1,0,2024-07-21 04:04:32,0,2024-07-21 04:04:32,,,
2020-12,宁夏区,44.13,,1977.54,,1218,2020-12-31 00:00:00,1,0,2024-07-21 04:04:32,0,2024-07-21 04:04:32,,,
2020-12,青海省,39.56,,1216.29,,1219,2020-12-31 00:00:00,1,0,2024-07-21 04:04:32,0,2024-07-21 04:04:32,,,
2020-12,甘肃省,182.11,,4651.15,,1220,2020-12-31 00:00:00,1,0,2024-07-21 04:04:32,0,2024-07-21 04:04:32,,,
2020-12,陕西省,415.19,,6798.88,,1221,2020-12-31 00:00:00,1,0,2024-07-21 04:04:32,0,2024-07-21 04:04:32,,,
2020-12,西藏区,62.97,,1085.04,,1222,2020-12-31 00:00:00,1,0,2024-07-21 04:04:32,0,2024-07-21 04:04:32,,,
2020-12,云南省,1385.61,,12984.71,,1223,2020-12-31 00:00:00,1,0,2024-07-21 04:04:32,0,2024-07-21 04:04:32,,,
2020-12,贵州省,1026.61,,10797.36,,1224,2020-12-31 00:00:00,1,0,2024-07-21 04:04:32,0,2024-07-21 04:04:32,,,
2020-12,四川省,1467.62,,14495.77,,1225,2020-12-31 00:00:00,1,0,2024-07-21 04:04:32,0,2024-07-21 04:04:32,,,
2020-12,重庆市,670.95,,6505.23,,1226,2020-12-31 00:00:00,1,0,2024-07-21 04:04:32,0,2024-07-21 04:04:32,,,
2020-12,海南省,219.66,,1838.85,,1227,2020-12-31 00:00:00,1,0,2024-07-21 04:04:32,0,2024-07-21 04:04:32,,,
2020-12,广西区,1334.30,,12137.06,,1228,2020-12-31 00:00:00,1,0,2024-07-21 04:04:32,0,2024-07-21 04:04:32,,,
2020-12,广东省,1994.21,,17075.63,,1229,2020-12-31 00:00:00,1,0,2024-07-21 04:04:32,0,2024-07-21 04:04:32,,,
2020-12,湖南省,1202.71,,11034.73,,1230,2020-12-31 00:00:00,1,0,2024-07-21 04:04:32,0,2024-07-21 04:04:32,,,
2020-12,湖北省,1226.43,,10108.69,,1231,2020-12-31 00:00:00,1,0,2024-07-21 04:04:34,0,2024-07-21 04:04:34,,,
2020-12,河南省,730.01,,11721.86,,1232,2020-12-31 00:00:00,1,0,2024-07-21 04:04:34,0,2024-07-21 04:04:34,,,
2020-12,山东省,1005.57,,15768.05,,1233,2020-12-31 00:00:00,1,0,2024-07-21 04:04:34,0,2024-07-21 04:04:34,,,
2020-12,江西省,997.93,,9769.74,,1234,2020-12-31 00:00:00,1,0,2024-07-21 04:04:34,0,2024-07-21 04:04:34,,,
2020-12,福建省,1005.57,,9703.81,,1235,2020-12-31 00:00:00,1,0,2024-07-21 04:04:34,0,2024-07-21 04:04:34,,,
2020-12,安徽省,1501.29,,14176.24,,1236,2020-12-31 00:00:00,1,0,2024-07-21 04:04:34,0,2024-07-21 04:04:34,,,
2020-12,浙江省,1303.27,,13236.14,,1237,2020-12-31 00:00:00,1,0,2024-07-21 04:04:34,0,2024-07-21 04:04:34,,,
2020-12,江苏省,1717.73,,15312.85,,1238,2020-12-31 00:00:00,1,0,2024-07-21 04:04:34,0,2024-07-21 04:04:34,,,
2020-12,上海市,47.85,,389.54,,1239,2020-12-31 00:00:00,1,0,2024-07-21 04:04:34,0,2024-07-21 04:04:34,,,
2020-12,黑龙江省,20.05,,2134.99,,1240,2020-12-31 00:00:00,1,0,2024-07-21 04:04:34,0,2024-07-21 04:04:34,,,
2020-12,吉林省,32.22,,1991.14,,1241,2020-12-31 00:00:00,1,0,2024-07-21 04:04:34,0,2024-07-21 04:04:34,,,
2020-12,辽宁省,325.66,,5335.09,,1242,2020-12-31 00:00:00,1,0,2024-07-21 04:04:34,0,2024-07-21 04:04:34,,,
2020-12,内蒙古区,62.72,,3532.36,,1243,2020-12-31 00:00:00,1,0,2024-07-21 04:04:34,0,2024-07-21 04:04:34,,,
2020-12,山西省,294.40,,5387.19,,1244,2020-12-31 00:00:00,1,0,2024-07-21 04:04:34,0,2024-07-21 04:04:34,,,
2020-12,河北省,894.62,,11717.45,,1245,2020-12-31 00:00:00,1,0,2024-07-21 04:04:34,0,2024-07-21 04:04:34,,,
2020-12,天津市,47.01,,551.50,,1246,2020-12-31 00:00:00,1,0,2024-07-21 04:04:34,0,2024-07-21 04:04:34,,,
2020-12,北京市,32.56,,286.90,,1247,2020-12-31 00:00:00,1,0,2024-07-21 04:04:34,0,2024-07-21 04:04:34,,,
2020-12,全国,21333.10,6.30,237691.20,1.60,1248,2020-12-31 00:00:00,1,0,2024-07-21 04:04:34,0,2024-07-21 04:04:34,,,
2020-11,新疆区,284.61,,3919.13,,1249,2020-11-30 00:00:00,1,0,2024-07-21 04:04:34,0,2024-07-21 04:04:34,,,
2020-11,宁夏区,172.35,,1929.22,,1250,2020-11-30 00:00:00,1,0,2024-07-21 04:04:34,0,2024-07-21 04:04:34,,,
2020-11,青海省,103.98,,1176.72,,1251,2020-11-30 00:00:00,1,0,2024-07-21 04:04:34,0,2024-07-21 04:04:34,,,
2020-11,甘肃省,416.17,,4469.10,,1252,2020-11-30 00:00:00,1,0,2024-07-21 04:04:34,0,2024-07-21 04:04:34,,,
2020-11,陕西省,684.92,,6383.69,,1253,2020-11-30 00:00:00,1,0,2024-07-21 04:04:34,0,2024-07-21 04:04:34,,,
2020-11,西藏区,78.84,,1022.07,,1254,2020-11-30 00:00:00,1,0,2024-07-21 04:04:34,0,2024-07-21 04:04:34,,,
2020-11,云南省,1277.00,,11596.47,,1255,2020-11-30 00:00:00,1,0,2024-07-21 04:04:34,0,2024-07-21 04:04:34,,,
2020-11,贵州省,1093.88,,9769.38,,1256,2020-11-30 00:00:00,1,0,2024-07-21 04:04:34,0,2024-07-21 04:04:34,,,
2020-11,四川省,1465.15,,13028.15,,1257,2020-11-30 00:00:00,1,0,2024-07-21 04:04:34,0,2024-07-21 04:04:34,,,
2020-11,重庆市,675.30,,5834.29,,1258,2020-11-30 00:00:00,1,0,2024-07-21 04:04:34,0,2024-07-21 04:04:34,,,
2020-11,海南省,202.93,,1619.18,,1259,2020-11-30 00:00:00,1,0,2024-07-21 04:04:34,0,2024-07-21 04:04:34,,,
2020-11,广西区,1255.05,,10802.94,,1260,2020-11-30 00:00:00,1,0,2024-07-21 04:04:34,0,2024-07-21 04:04:34,,,
2020-11,广东省,1887.23,,15081.14,,1261,2020-11-30 00:00:00,1,0,2024-07-21 04:04:38,0,2024-07-21 04:04:38,,,
2020-11,湖南省,1166.02,,9811.86,,1262,2020-11-30 00:00:00,1,0,2024-07-21 04:04:38,0,2024-07-21 04:04:38,,,
2020-11,湖北省,1185.80,,8916.23,,1263,2020-11-30 00:00:00,1,0,2024-07-21 04:04:38,0,2024-07-21 04:04:38,,,
2020-11,河南省,1018.76,,11023.87,,1264,2020-11-30 00:00:00,1,0,2024-07-21 04:04:38,0,2024-07-21 04:04:38,,,
2020-11,山东省,1705.75,,14593.85,,1265,2020-11-30 00:00:00,1,0,2024-07-21 04:04:38,0,2024-07-21 04:04:38,,,
2020-11,江西省,1062.73,,8811.68,,1266,2020-11-30 00:00:00,1,0,2024-07-21 04:04:38,0,2024-07-21 04:04:38,,,
2020-11,福建省,942.62,,8698.24,,1267,2020-11-30 00:00:00,1,0,2024-07-21 04:04:38,0,2024-07-21 04:04:38,,,
2020-11,安徽省,1509.74,,12674.85,,1268,2020-11-30 00:00:00,1,0,2024-07-21 04:04:38,0,2024-07-21 04:04:38,,,
2020-11,浙江省,1480.74,,11973.58,,1269,2020-11-30 00:00:00,1,0,2024-07-21 04:04:38,0,2024-07-21 04:04:38,,,
2020-11,江苏省,1687.18,,13609.87,,1270,2020-11-30 00:00:00,1,0,2024-07-21 04:04:38,0,2024-07-21 04:04:38,,,
2020-11,上海市,42.04,,341.69,,1271,2020-11-30 00:00:00,1,0,2024-07-21 04:04:38,0,2024-07-21 04:04:38,,,
2020-11,黑龙江省,124.25,,2114.94,,1272,2020-11-30 00:00:00,1,0,2024-07-21 04:04:38,0,2024-07-21 04:04:38,,,
2020-11,吉林省,132.51,,1958.91,,1273,2020-11-30 00:00:00,1,0,2024-07-21 04:04:38,0,2024-07-21 04:04:38,,,
2020-11,辽宁省,559.34,,5007.84,,1274,2020-11-30 00:00:00,1,0,2024-07-21 04:04:38,0,2024-07-21 04:04:38,,,
2020-11,内蒙古区,251.47,,3468.49,,1275,2020-11-30 00:00:00,1,0,2024-07-21 04:04:38,0,2024-07-21 04:04:38,,,
2020-11,山西省,525.04,,5097.42,,1276,2020-11-30 00:00:00,1,0,2024-07-21 04:04:38,0,2024-07-21 04:04:38,,,
2020-11,河北省,1232.11,,10823.04,,1277,2020-11-30 00:00:00,1,0,2024-07-21 04:04:38,0,2024-07-21 04:04:38,,,
2020-11,天津市,71.17,,504.49,,1278,2020-11-30 00:00:00,1,0,2024-07-21 04:04:38,0,2024-07-21 04:04:38,,,
2020-11,北京市,35.67,,254.35,,1279,2020-11-30 00:00:00,1,0,2024-07-21 04:04:38,0,2024-07-21 04:04:38,,,
2020-11,全国,24330.30,7.70,216316.70,1.20,1280,2020-11-30 00:00:00,1,0,2024-07-21 04:04:38,0,2024-07-21 04:04:38,,,
2020-10,新疆区,557.52,,3629.21,,1281,2020-10-31 00:00:00,1,0,2024-07-21 04:04:38,0,2024-07-21 04:04:38,,,
2020-10,宁夏区,246.69,,1756.37,,1282,2020-10-31 00:00:00,1,0,2024-07-21 04:04:38,0,2024-07-21 04:04:38,,,
2020-10,青海省,154.35,,1073.42,,1283,2020-10-31 00:00:00,1,0,2024-07-21 04:04:38,0,2024-07-21 04:04:38,,,
2020-10,甘肃省,505.27,,4052.92,,1284,2020-10-31 00:00:00,1,0,2024-07-21 04:04:38,0,2024-07-21 04:04:38,,,
2020-10,陕西省,698.06,,5717.26,,1285,2020-10-31 00:00:00,1,0,2024-07-21 04:04:38,0,2024-07-21 04:04:38,,,
2020-10,西藏区,111.60,,930.66,,1286,2020-10-31 00:00:00,1,0,2024-07-21 04:04:38,0,2024-07-21 04:04:38,,,
2020-10,云南省,1118.40,,10330.11,,1287,2020-10-31 00:00:00,1,0,2024-07-21 04:04:38,0,2024-07-21 04:04:38,,,
2020-10,贵州省,923.94,,8674.50,,1288,2020-10-31 00:00:00,1,0,2024-07-21 04:04:38,0,2024-07-21 04:04:38,,,
2020-10,四川省,1259.28,,11558.61,,1289,2020-10-31 00:00:00,1,0,2024-07-21 04:04:38,0,2024-07-21 04:04:38,,,
2020-10,重庆市,576.50,,5158.99,,1290,2020-10-31 00:00:00,1,0,2024-07-21 04:04:38,0,2024-07-21 04:04:38,,,
2020-10,海南省,146.03,,1416.25,,1291,2020-10-31 00:00:00,1,0,2024-07-21 04:04:40,0,2024-07-21 04:04:40,,,
2020-10,广西区,1173.64,,9527.11,,1292,2020-10-31 00:00:00,1,0,2024-07-21 04:04:40,0,2024-07-21 04:04:40,,,
2020-10,广东省,1668.56,,13193.47,,1293,2020-10-31 00:00:00,1,0,2024-07-21 04:04:40,0,2024-07-21 04:04:40,,,
2020-10,湖南省,1045.11,,8656.92,,1294,2020-10-31 00:00:00,1,0,2024-07-21 04:04:40,0,2024-07-21 04:04:40,,,
2020-10,湖北省,1049.33,,7749.26,,1295,2020-10-31 00:00:00,1,0,2024-07-21 04:04:40,0,2024-07-21 04:04:40,,,
2020-10,河南省,1022.66,,10035.02,,1296,2020-10-31 00:00:00,1,0,2024-07-21 04:04:40,0,2024-07-21 04:04:40,,,
2020-10,山东省,1718.91,,12886.59,,1297,2020-10-31 00:00:00,1,0,2024-07-21 04:04:40,0,2024-07-21 04:04:40,,,
2020-10,江西省,1007.60,,7744.95,,1298,2020-10-31 00:00:00,1,0,2024-07-21 04:04:40,0,2024-07-21 04:04:40,,,
2020-10,福建省,968.16,,7755.32,,1299,2020-10-31 00:00:00,1,0,2024-07-21 04:04:40,0,2024-07-21 04:04:40,,,
2020-10,安徽省,1436.93,,11166.78,,1300,2020-10-31 00:00:00,1,0,2024-07-21 04:04:40,0,2024-07-21 04:04:40,,,
2020-10,浙江省,1382.96,,10467.98,,1301,2020-10-31 00:00:00,1,0,2024-07-21 04:04:40,0,2024-07-21 04:04:40,,,
2020-10,江苏省,1585.04,,11922.33,,1302,2020-10-31 00:00:00,1,0,2024-07-21 04:04:40,0,2024-07-21 04:04:40,,,
2020-10,上海市,43.22,,299.65,,1303,2020-10-31 00:00:00,1,0,2024-07-21 04:04:40,0,2024-07-21 04:04:40,,,
2020-10,黑龙江省,324.72,,1990.05,,1304,2020-10-31 00:00:00,1,0,2024-07-21 04:04:40,0,2024-07-21 04:04:40,,,
2020-10,吉林省,288.77,,1826.38,,1305,2020-10-31 00:00:00,1,0,2024-07-21 04:04:40,0,2024-07-21 04:04:40,,,
2020-10,辽宁省,649.23,,4434.11,,1306,2020-10-31 00:00:00,1,0,2024-07-21 04:04:40,0,2024-07-21 04:04:40,,,
2020-10,内蒙古区,462.09,,3219.25,,1307,2020-10-31 00:00:00,1,0,2024-07-21 04:04:40,0,2024-07-21 04:04:40,,,
2020-10,山西省,599.77,,4572.38,,1308,2020-10-31 00:00:00,1,0,2024-07-21 04:04:40,0,2024-07-21 04:04:40,,,
2020-10,河北省,1283.30,,9590.19,,1309,2020-10-31 00:00:00,1,0,2024-07-21 04:04:40,0,2024-07-21 04:04:40,,,
2020-10,天津市,57.27,,433.32,,1310,2020-10-31 00:00:00,1,0,2024-07-21 04:04:40,0,2024-07-21 04:04:40,,,
2020-10,北京市,34.75,,218.68,,1311,2020-10-31 00:00:00,1,0,2024-07-21 04:04:40,0,2024-07-21 04:04:40,,,
2020-10,全国,24099.70,9.60,191988.00,0.40,1312,2020-10-31 00:00:00,1,0,2024-07-21 04:04:40,0,2024-07-21 04:04:40,,,
2020-09,新疆区,514.57,,3066.27,,1313,2020-09-30 00:00:00,1,0,2024-07-21 04:04:40,0,2024-07-21 04:04:40,,,
2020-09,宁夏区,244.44,,1509.68,,1314,2020-09-30 00:00:00,1,0,2024-07-21 04:04:40,0,2024-07-21 04:04:40,,,
2020-09,青海省,156.70,,919.07,,1315,2020-09-30 00:00:00,1,0,2024-07-21 04:04:40,0,2024-07-21 04:04:40,,,
2020-09,甘肃省,525.01,,3547.65,,1316,2020-09-30 00:00:00,1,0,2024-07-21 04:04:40,0,2024-07-21 04:04:40,,,
2020-09,陕西省,757.59,,5019.21,,1317,2020-09-30 00:00:00,1,0,2024-07-21 04:04:40,0,2024-07-21 04:04:40,,,
2020-09,西藏区,130.95,,819.05,,1318,2020-09-30 00:00:00,1,0,2024-07-21 04:04:40,0,2024-07-21 04:04:40,,,
2020-09,云南省,1062.70,,9158.07,,1319,2020-09-30 00:00:00,1,0,2024-07-21 04:04:40,0,2024-07-21 04:04:40,,,
2020-09,贵州省,855.68,,7741.95,,1320,2020-09-30 00:00:00,1,0,2024-07-21 04:04:40,0,2024-07-21 04:04:40,,,
2020-09,四川省,1203.73,,10298.94,,1321,2020-09-30 00:00:00,1,0,2024-07-21 04:04:44,0,2024-07-21 04:04:44,,,
2020-09,重庆市,608.44,,4582.49,,1322,2020-09-30 00:00:00,1,0,2024-07-21 04:04:44,0,2024-07-21 04:04:44,,,
2020-09,海南省,165.57,,1270.23,,1323,2020-09-30 00:00:00,1,0,2024-07-21 04:04:44,0,2024-07-21 04:04:44,,,
2020-09,广西区,1083.80,,8335.74,,1324,2020-09-30 00:00:00,1,0,2024-07-21 04:04:44,0,2024-07-21 04:04:44,,,
2020-09,广东省,1540.75,,11493.66,,1325,2020-09-30 00:00:00,1,0,2024-07-21 04:04:44,0,2024-07-21 04:04:44,,,
2020-09,湖南省,989.11,,7623.77,,1326,2020-09-30 00:00:00,1,0,2024-07-21 04:04:44,0,2024-07-21 04:04:44,,,
2020-09,湖北省,1079.78,,6668.23,,1327,2020-09-30 00:00:00,1,0,2024-07-21 04:04:44,0,2024-07-21 04:04:44,,,
2020-09,河南省,1167.72,,8907.68,,1328,2020-09-30 00:00:00,1,0,2024-07-21 04:04:44,0,2024-07-21 04:04:44,,,
2020-09,山东省,1643.25,,11169.62,,1329,2020-09-30 00:00:00,1,0,2024-07-21 04:04:44,0,2024-07-21 04:04:44,,,
2020-09,江西省,881.14,,6680.82,,1330,2020-09-30 00:00:00,1,0,2024-07-21 04:04:44,0,2024-07-21 04:04:44,,,
2020-09,福建省,925.09,,6787.16,,1331,2020-09-30 00:00:00,1,0,2024-07-21 04:04:44,0,2024-07-21 04:04:44,,,
2020-09,安徽省,1412.45,,9729.80,,1332,2020-09-30 00:00:00,1,0,2024-07-21 04:04:44,0,2024-07-21 04:04:44,,,
2020-09,浙江省,1196.08,,9086.01,,1333,2020-09-30 00:00:00,1,0,2024-07-21 04:04:44,0,2024-07-21 04:04:44,,,
2020-09,江苏省,1482.44,,10365.82,,1334,2020-09-30 00:00:00,1,0,2024-07-21 04:04:44,0,2024-07-21 04:04:44,,,
2020-09,上海市,37.40,,256.43,,1335,2020-09-30 00:00:00,1,0,2024-07-21 04:04:44,0,2024-07-21 04:04:44,,,
2020-09,黑龙江省,299.78,,1665.33,,1336,2020-09-30 00:00:00,1,0,2024-07-21 04:04:44,0,2024-07-21 04:04:44,,,
2020-09,吉林省,245.67,,1537.61,,1337,2020-09-30 00:00:00,1,0,2024-07-21 04:04:44,0,2024-07-21 04:04:44,,,
2020-09,辽宁省,612.08,,3785.21,,1338,2020-09-30 00:00:00,1,0,2024-07-21 04:04:44,0,2024-07-21 04:04:44,,,
2020-09,内蒙古区,518.19,,2756.28,,1339,2020-09-30 00:00:00,1,0,2024-07-21 04:04:44,0,2024-07-21 04:04:44,,,
2020-09,山西省,653.16,,3972.58,,1340,2020-09-30 00:00:00,1,0,2024-07-21 04:04:44,0,2024-07-21 04:04:44,,,
2020-09,河北省,1269.06,,8312.62,,1341,2020-09-30 00:00:00,1,0,2024-07-21 04:04:44,0,2024-07-21 04:04:44,,,
2020-09,天津市,51.84,,376.05,,1342,2020-09-30 00:00:00,1,0,2024-07-21 04:04:44,0,2024-07-21 04:04:44,,,
2020-09,北京市,26.38,,183.93,,1343,2020-09-30 00:00:00,1,0,2024-07-21 04:04:44,0,2024-07-21 04:04:44,,,
2020-09,全国,23340.50,6.40,167627.00,-1.10,1344,2020-09-30 00:00:00,1,0,2024-07-21 04:04:44,0,2024-07-21 04:04:44,,,
2020-08,新疆区,296.45,,2551.80,,1345,2020-08-31 00:00:00,1,0,2024-07-21 04:04:44,0,2024-07-21 04:04:44,,,
2020-08,宁夏区,227.06,,1262.01,,1346,2020-08-31 00:00:00,1,0,2024-07-21 04:04:44,0,2024-07-21 04:04:44,,,
2020-08,青海省,158.87,,762.37,,1347,2020-08-31 00:00:00,1,0,2024-07-21 04:04:44,0,2024-07-21 04:04:44,,,
2020-08,甘肃省,506.17,,3022.64,,1348,2020-08-31 00:00:00,1,0,2024-07-21 04:04:44,0,2024-07-21 04:04:44,,,
2020-08,陕西省,656.76,,4274.51,,1349,2020-08-31 00:00:00,1,0,2024-07-21 04:04:44,0,2024-07-21 04:04:44,,,
2020-08,西藏区,133.84,,688.10,,1350,2020-08-31 00:00:00,1,0,2024-07-21 04:04:44,0,2024-07-21 04:04:44,,,
2020-08,云南省,1069.23,,8085.86,,1351,2020-08-31 00:00:00,1,0,2024-07-21 04:04:48,0,2024-07-21 04:04:48,,,
2020-08,贵州省,1027.83,,6886.26,,1352,2020-08-31 00:00:00,1,0,2024-07-21 04:04:48,0,2024-07-21 04:04:48,,,
2020-08,四川省,1115.52,,9095.49,,1353,2020-08-31 00:00:00,1,0,2024-07-21 04:04:48,0,2024-07-21 04:04:48,,,
2020-08,重庆市,587.10,,3974.05,,1354,2020-08-31 00:00:00,1,0,2024-07-21 04:04:48,0,2024-07-21 04:04:48,,,
2020-08,海南省,157.42,,1104.66,,1355,2020-08-31 00:00:00,1,0,2024-07-21 04:04:48,0,2024-07-21 04:04:48,,,
2020-08,广西区,1032.78,,7252.01,,1356,2020-08-31 00:00:00,1,0,2024-07-21 04:04:48,0,2024-07-21 04:04:48,,,
2020-08,广东省,1460.61,,9952.91,,1357,2020-08-31 00:00:00,1,0,2024-07-21 04:04:48,0,2024-07-21 04:04:48,,,
2020-08,湖南省,1007.23,,6634.66,,1358,2020-08-31 00:00:00,1,0,2024-07-21 04:04:48,0,2024-07-21 04:04:48,,,
2020-08,湖北省,1073.52,,5586.87,,1359,2020-08-31 00:00:00,1,0,2024-07-21 04:04:48,0,2024-07-21 04:04:48,,,
2020-08,河南省,1121.14,,7764.80,,1360,2020-08-31 00:00:00,1,0,2024-07-21 04:04:48,0,2024-07-21 04:04:48,,,
2020-08,山东省,1385.98,,9527.19,,1361,2020-08-31 00:00:00,1,0,2024-07-21 04:04:48,0,2024-07-21 04:04:48,,,
2020-08,江西省,957.82,,5818.80,,1362,2020-08-31 00:00:00,1,0,2024-07-21 04:04:48,0,2024-07-21 04:04:48,,,
2020-08,福建省,916.20,,5881.11,,1363,2020-08-31 00:00:00,1,0,2024-07-21 04:04:48,0,2024-07-21 04:04:48,,,
2020-08,安徽省,1260.30,,8317.39,,1364,2020-08-31 00:00:00,1,0,2024-07-21 04:04:48,0,2024-07-21 04:04:48,,,
2020-08,浙江省,1312.46,,7889.18,,1365,2020-08-31 00:00:00,1,0,2024-07-21 04:04:48,0,2024-07-21 04:04:48,,,
2020-08,江苏省,1417.03,,8842.64,,1366,2020-08-31 00:00:00,1,0,2024-07-21 04:04:48,0,2024-07-21 04:04:48,,,
2020-08,上海市,41.90,,219.04,,1367,2020-08-31 00:00:00,1,0,2024-07-21 04:04:48,0,2024-07-21 04:04:48,,,
2020-08,黑龙江省,335.62,,1365.55,,1368,2020-08-31 00:00:00,1,0,2024-07-21 04:04:48,0,2024-07-21 04:04:48,,,
2020-08,吉林省,283.86,,1281.95,,1369,2020-08-31 00:00:00,1,0,2024-07-21 04:04:48,0,2024-07-21 04:04:48,,,
2020-08,辽宁省,592.78,,3174.67,,1370,2020-08-31 00:00:00,1,0,2024-07-21 04:04:48,0,2024-07-21 04:04:48,,,
2020-08,内蒙古区,500.47,,2238.33,,1371,2020-08-31 00:00:00,1,0,2024-07-21 04:04:48,0,2024-07-21 04:04:48,,,
2020-08,山西省,553.28,,3252.43,,1372,2020-08-31 00:00:00,1,0,2024-07-21 04:04:48,0,2024-07-21 04:04:48,,,
2020-08,河北省,1224.57,,7039.74,,1373,2020-08-31 00:00:00,1,0,2024-07-21 04:04:48,0,2024-07-21 04:04:48,,,
2020-08,天津市,43.66,,324.21,,1374,2020-08-31 00:00:00,1,0,2024-07-21 04:04:48,0,2024-07-21 04:04:48,,,
2020-08,北京市,31.56,,157.55,,1375,2020-08-31 00:00:00,1,0,2024-07-21 04:04:48,0,2024-07-21 04:04:48,,,
2020-08,全国,22489.00,6.60,144228.80,-2.10,1376,2020-08-31 00:00:00,1,0,2024-07-21 04:04:48,0,2024-07-21 04:04:48,,,
2020-07,新疆区,504.58,,2240.71,,1377,2020-07-31 00:00:00,1,0,2024-07-21 04:04:48,0,2024-07-21 04:04:48,,,
2020-07,宁夏区,237.77,,1035.86,,1378,2020-07-31 00:00:00,1,0,2024-07-21 04:04:48,0,2024-07-21 04:04:48,,,
2020-07,青海省,144.83,,603.50,,1379,2020-07-31 00:00:00,1,0,2024-07-21 04:04:48,0,2024-07-21 04:04:48,,,
2020-07,甘肃省,499.66,,2516.47,,1380,2020-07-31 00:00:00,1,0,2024-07-21 04:04:48,0,2024-07-21 04:04:48,,,
2020-07,陕西省,630.83,,3610.17,,1381,2020-07-31 00:00:00,1,0,2024-07-21 04:04:52,0,2024-07-21 04:04:52,,,
2020-07,西藏区,124.07,,554.26,,1382,2020-07-31 00:00:00,1,0,2024-07-21 04:04:52,0,2024-07-21 04:04:52,,,
2020-07,云南省,1109.10,,7016.64,,1383,2020-07-31 00:00:00,1,0,2024-07-21 04:04:52,0,2024-07-21 04:04:52,,,
2020-07,贵州省,955.60,,5858.43,,1384,2020-07-31 00:00:00,1,0,2024-07-21 04:04:52,0,2024-07-21 04:04:52,,,
2020-07,四川省,1183.74,,7980.00,,1385,2020-07-31 00:00:00,1,0,2024-07-21 04:04:52,0,2024-07-21 04:04:52,,,
2020-07,重庆市,490.30,,3386.95,,1386,2020-07-31 00:00:00,1,0,2024-07-21 04:04:52,0,2024-07-21 04:04:52,,,
2020-07,海南省,185.92,,947.24,,1387,2020-07-31 00:00:00,1,0,2024-07-21 04:04:52,0,2024-07-21 04:04:52,,,
2020-07,广西区,1059.69,,6276.93,,1388,2020-07-31 00:00:00,1,0,2024-07-21 04:04:52,0,2024-07-21 04:04:52,,,
2020-07,广东省,1514.47,,8491.45,,1389,2020-07-31 00:00:00,1,0,2024-07-21 04:04:52,0,2024-07-21 04:04:52,,,
2020-07,湖南省,951.04,,5627.43,,1390,2020-07-31 00:00:00,1,0,2024-07-21 04:04:52,0,2024-07-21 04:04:52,,,
2020-07,湖北省,865.07,,4497.08,,1391,2020-07-31 00:00:00,1,0,2024-07-21 04:04:52,0,2024-07-21 04:04:52,,,
2020-07,河南省,1201.92,,6678.82,,1392,2020-07-31 00:00:00,1,0,2024-07-21 04:04:52,0,2024-07-21 04:04:52,,,
2020-07,山东省,1509.84,,8133.10,,1393,2020-07-31 00:00:00,1,0,2024-07-21 04:04:52,0,2024-07-21 04:04:52,,,
2020-07,江西省,815.64,,4861.46,,1394,2020-07-31 00:00:00,1,0,2024-07-21 04:04:52,0,2024-07-21 04:04:52,,,
2020-07,福建省,890.00,,4964.91,,1395,2020-07-31 00:00:00,1,0,2024-07-21 04:04:52,0,2024-07-21 04:04:52,,,
2020-07,安徽省,1034.34,,7059.37,,1396,2020-07-31 00:00:00,1,0,2024-07-21 04:04:52,0,2024-07-21 04:04:52,,,
2020-07,浙江省,1148.18,,6576.72,,1397,2020-07-31 00:00:00,1,0,2024-07-21 04:04:52,0,2024-07-21 04:04:52,,,
2020-07,江苏省,1212.25,,7425.78,,1398,2020-07-31 00:00:00,1,0,2024-07-21 04:04:52,0,2024-07-21 04:04:52,,,
2020-07,上海市,29.17,,177.14,,1399,2020-07-31 00:00:00,1,0,2024-07-21 04:04:52,0,2024-07-21 04:04:52,,,
2020-07,黑龙江省,324.71,,1029.90,,1400,2020-07-31 00:00:00,1,0,2024-07-21 04:04:52,0,2024-07-21 04:04:52,,,
2020-07,吉林省,266.23,,983.75,,1401,2020-07-31 00:00:00,1,0,2024-07-21 04:04:52,0,2024-07-21 04:04:52,,,
2020-07,辽宁省,589.77,,2577.55,,1402,2020-07-31 00:00:00,1,0,2024-07-21 04:04:52,0,2024-07-21 04:04:52,,,
2020-07,内蒙古区,478.21,,1737.28,,1403,2020-07-31 00:00:00,1,0,2024-07-21 04:04:52,0,2024-07-21 04:04:52,,,
2020-07,山西省,566.39,,2699.15,,1404,2020-07-31 00:00:00,1,0,2024-07-21 04:04:52,0,2024-07-21 04:04:52,,,
2020-07,河北省,1181.13,,5826.95,,1405,2020-07-31 00:00:00,1,0,2024-07-21 04:04:52,0,2024-07-21 04:04:52,,,
2020-07,天津市,56.50,,280.54,,1406,2020-07-31 00:00:00,1,0,2024-07-21 04:04:52,0,2024-07-21 04:04:52,,,
2020-07,北京市,31.79,,125.99,,1407,2020-07-31 00:00:00,1,0,2024-07-21 04:04:52,0,2024-07-21 04:04:52,,,
2020-07,全国,21792.70,3.60,121781.50,-3.50,1408,2020-07-31 00:00:00,1,0,2024-07-21 04:04:52,0,2024-07-21 04:04:52,,,
2020-06,新疆区,637.93,,1740.96,,1409,2020-06-30 00:00:00,1,0,2024-07-21 04:04:52,0,2024-07-21 04:04:52,,,
2020-06,宁夏区,240.59,,798.09,,1410,2020-06-30 00:00:00,1,0,2024-07-21 04:04:52,0,2024-07-21 04:04:52,,,
2020-06,青海省,164.16,,462.34,,1411,2020-06-30 00:00:00,1,0,2024-07-21 04:04:55,0,2024-07-21 04:04:55,,,
2020-06,甘肃省,570.58,,2016.81,,1412,2020-06-30 00:00:00,1,0,2024-07-21 04:04:55,0,2024-07-21 04:04:55,,,
2020-06,陕西省,682.75,,2979.32,,1413,2020-06-30 00:00:00,1,0,2024-07-21 04:04:55,0,2024-07-21 04:04:55,,,
2020-06,西藏区,161.72,,430.19,,1414,2020-06-30 00:00:00,1,0,2024-07-21 04:04:55,0,2024-07-21 04:04:55,,,
2020-06,云南省,1275.53,,5911.92,,1415,2020-06-30 00:00:00,1,0,2024-07-21 04:04:55,0,2024-07-21 04:04:55,,,
2020-06,贵州省,1011.26,,4904.96,,1416,2020-06-30 00:00:00,1,0,2024-07-21 04:04:55,0,2024-07-21 04:04:55,,,
2020-06,四川省,1373.56,,6796.26,,1417,2020-06-30 00:00:00,1,0,2024-07-21 04:04:55,0,2024-07-21 04:04:55,,,
2020-06,重庆市,596.95,,2896.65,,1418,2020-06-30 00:00:00,1,0,2024-07-21 04:04:55,0,2024-07-21 04:04:55,,,
2020-06,海南省,175.59,,761.32,,1419,2020-06-30 00:00:00,1,0,2024-07-21 04:04:55,0,2024-07-21 04:04:55,,,
2020-06,广西区,1079.86,,5229.69,,1420,2020-06-30 00:00:00,1,0,2024-07-21 04:04:55,0,2024-07-21 04:04:55,,,
2020-06,广东省,1402.74,,6940.89,,1421,2020-06-30 00:00:00,1,0,2024-07-21 04:04:55,0,2024-07-21 04:04:55,,,
2020-06,湖南省,970.82,,4610.44,,1422,2020-06-30 00:00:00,1,0,2024-07-21 04:04:55,0,2024-07-21 04:04:55,,,
2020-06,湖北省,915.74,,3554.64,,1423,2020-06-30 00:00:00,1,0,2024-07-21 04:04:55,0,2024-07-21 04:04:55,,,
2020-06,河南省,1109.97,,5397.77,,1424,2020-06-30 00:00:00,1,0,2024-07-21 04:04:55,0,2024-07-21 04:04:55,,,
2020-06,山东省,1580.01,,6685.49,,1425,2020-06-30 00:00:00,1,0,2024-07-21 04:04:55,0,2024-07-21 04:04:55,,,
2020-06,江西省,802.19,,4045.48,,1426,2020-06-30 00:00:00,1,0,2024-07-21 04:04:55,0,2024-07-21 04:04:55,,,
2020-06,福建省,876.65,,4074.91,,1427,2020-06-30 00:00:00,1,0,2024-07-21 04:04:55,0,2024-07-21 04:04:55,,,
2020-06,安徽省,1164.58,,5991.80,,1428,2020-06-30 00:00:00,1,0,2024-07-21 04:04:55,0,2024-07-21 04:04:55,,,
2020-06,浙江省,1126.35,,5434.72,,1429,2020-06-30 00:00:00,1,0,2024-07-21 04:04:55,0,2024-07-21 04:04:55,,,
2020-06,江苏省,1290.10,,6227.89,,1430,2020-06-30 00:00:00,1,0,2024-07-21 04:04:55,0,2024-07-21 04:04:55,,,
2020-06,上海市,35.22,,147.97,,1431,2020-06-30 00:00:00,1,0,2024-07-21 04:04:55,0,2024-07-21 04:04:55,,,
2020-06,黑龙江省,319.84,,707.80,,1432,2020-06-30 00:00:00,1,0,2024-07-21 04:04:55,0,2024-07-21 04:04:55,,,
2020-06,吉林省,277.71,,715.70,,1433,2020-06-30 00:00:00,1,0,2024-07-21 04:04:55,0,2024-07-21 04:04:55,,,
2020-06,辽宁省,610.11,,1990.86,,1434,2020-06-30 00:00:00,1,0,2024-07-21 04:04:55,0,2024-07-21 04:04:55,,,
2020-06,内蒙古区,470.91,,1259.95,,1435,2020-06-30 00:00:00,1,0,2024-07-21 04:04:55,0,2024-07-21 04:04:55,,,
2020-06,山西省,615.60,,2132.49,,1436,2020-06-30 00:00:00,1,0,2024-07-21 04:04:55,0,2024-07-21 04:04:55,,,
2020-06,河北省,1235.00,,4669.40,,1437,2020-06-30 00:00:00,1,0,2024-07-21 04:04:55,0,2024-07-21 04:04:55,,,
2020-06,天津市,56.54,,211.83,,1438,2020-06-30 00:00:00,1,0,2024-07-21 04:04:55,0,2024-07-21 04:04:55,,,
2020-06,北京市,33.94,,94.20,,1439,2020-06-30 00:00:00,1,0,2024-07-21 04:04:55,0,2024-07-21 04:04:55,,,
2020-06,全国,22864.50,8.40,99822.70,-4.80,1440,2020-06-30 00:00:00,1,0,2024-07-21 04:04:55,0,2024-07-21 04:04:55,,,
2020-05,新疆区,618.11,,1108.69,,1441,2020-05-31 00:00:00,1,0,2024-07-21 04:04:59,0,2024-07-21 04:04:59,,,
2020-05,宁夏区,248.97,,557.50,,1442,2020-05-31 00:00:00,1,0,2024-07-21 04:04:59,0,2024-07-21 04:04:59,,,
2020-05,青海省,139.61,,298.18,,1443,2020-05-31 00:00:00,1,0,2024-07-21 04:04:59,0,2024-07-21 04:04:59,,,
2020-05,甘肃省,568.29,,1446.23,,1444,2020-05-31 00:00:00,1,0,2024-07-21 04:04:59,0,2024-07-21 04:04:59,,,
2020-05,陕西省,746.52,,2302.87,,1445,2020-05-31 00:00:00,1,0,2024-07-21 04:04:59,0,2024-07-21 04:04:59,,,
2020-05,西藏区,119.41,,268.47,,1446,2020-05-31 00:00:00,1,0,2024-07-21 04:04:59,0,2024-07-21 04:04:59,,,
2020-05,云南省,1313.63,,4636.69,,1447,2020-05-31 00:00:00,1,0,2024-07-21 04:04:59,0,2024-07-21 04:04:59,,,
2020-05,贵州省,1075.45,,3856.00,,1448,2020-05-31 00:00:00,1,0,2024-07-21 04:04:59,0,2024-07-21 04:04:59,,,
2020-05,四川省,1475.71,,5421.07,,1449,2020-05-31 00:00:00,1,0,2024-07-21 04:04:59,0,2024-07-21 04:04:59,,,
2020-05,重庆市,690.47,,2299.51,,1450,2020-05-31 00:00:00,1,0,2024-07-21 04:04:59,0,2024-07-21 04:04:59,,,
2020-05,海南省,193.33,,585.73,,1451,2020-05-31 00:00:00,1,0,2024-07-21 04:04:59,0,2024-07-21 04:04:59,,,
2020-05,广西区,1190.63,,4148.85,,1452,2020-05-31 00:00:00,1,0,2024-07-21 04:04:59,0,2024-07-21 04:04:59,,,
2020-05,广东省,1556.02,,5545.23,,1453,2020-05-31 00:00:00,1,0,2024-07-21 04:04:59,0,2024-07-21 04:04:59,,,
2020-05,湖南省,1073.81,,3639.62,,1454,2020-05-31 00:00:00,1,0,2024-07-21 04:04:59,0,2024-07-21 04:04:59,,,
2020-05,湖北省,1055.78,,2665.36,,1455,2020-05-31 00:00:00,1,0,2024-07-21 04:04:59,0,2024-07-21 04:04:59,,,
2020-05,河南省,1364.90,,4305.79,,1456,2020-05-31 00:00:00,1,0,2024-07-21 04:04:59,0,2024-07-21 04:04:59,,,
2020-05,山东省,1710.12,,5050.93,,1457,2020-05-31 00:00:00,1,0,2024-07-21 04:04:59,0,2024-07-21 04:04:59,,,
2020-05,江西省,967.01,,3224.23,,1458,2020-05-31 00:00:00,1,0,2024-07-21 04:04:59,0,2024-07-21 04:04:59,,,
2020-05,福建省,862.04,,3199.10,,1459,2020-05-31 00:00:00,1,0,2024-07-21 04:04:59,0,2024-07-21 04:04:59,,,
2020-05,安徽省,1463.96,,4835.22,,1460,2020-05-31 00:00:00,1,0,2024-07-21 04:04:59,0,2024-07-21 04:04:59,,,
2020-05,浙江省,1362.02,,4319.67,,1461,2020-05-31 00:00:00,1,0,2024-07-21 04:04:59,0,2024-07-21 04:04:59,,,
2020-05,江苏省,1557.66,,4936.50,,1462,2020-05-31 00:00:00,1,0,2024-07-21 04:04:59,0,2024-07-21 04:04:59,,,
2020-05,上海市,41.96,,112.75,,1463,2020-05-31 00:00:00,1,0,2024-07-21 04:04:59,0,2024-07-21 04:04:59,,,
2020-05,黑龙江省,246.40,,387.88,,1464,2020-05-31 00:00:00,1,0,2024-07-21 04:04:59,0,2024-07-21 04:04:59,,,
2020-05,吉林省,234.70,,438.00,,1465,2020-05-31 00:00:00,1,0,2024-07-21 04:04:59,0,2024-07-21 04:04:59,,,
2020-05,辽宁省,582.33,,1379.18,,1466,2020-05-31 00:00:00,1,0,2024-07-21 04:04:59,0,2024-07-21 04:04:59,,,
2020-05,内蒙古区,444.32,,798.89,,1467,2020-05-31 00:00:00,1,0,2024-07-21 04:04:59,0,2024-07-21 04:04:59,,,
2020-05,山西省,602.07,,1522.60,,1468,2020-05-31 00:00:00,1,0,2024-07-21 04:04:59,0,2024-07-21 04:04:59,,,
2020-05,河北省,1276.57,,3377.04,,1469,2020-05-31 00:00:00,1,0,2024-07-21 04:04:59,0,2024-07-21 04:04:59,,,
2020-05,天津市,59.02,,155.29,,1470,2020-05-31 00:00:00,1,0,2024-07-21 04:04:59,0,2024-07-21 04:04:59,,,
2020-05,北京市,27.87,,60.26,,1471,2020-05-31 00:00:00,1,0,2024-07-21 04:05:01,0,2024-07-21 04:05:01,,,
2020-05,全国,24868.70,8.60,76883.30,-8.20,1472,2020-05-31 00:00:00,1,0,2024-07-21 04:05:01,0,2024-07-21 04:05:01,,,
2020-04,新疆区,361.38,,489.72,,1473,2020-04-30 00:00:00,1,0,2024-07-21 04:05:01,0,2024-07-21 04:05:01,,,
2020-04,宁夏区,200.40,,308.52,,1474,2020-04-30 00:00:00,1,0,2024-07-21 04:05:01,0,2024-07-21 04:05:01,,,
2020-04,青海省,110.33,,158.57,,1475,2020-04-30 00:00:00,1,0,2024-07-21 04:05:01,0,2024-07-21 04:05:01,,,
2020-04,甘肃省,535.24,,878.04,,1476,2020-04-30 00:00:00,1,0,2024-07-21 04:05:01,0,2024-07-21 04:05:01,,,
2020-04,陕西省,699.97,,1556.34,,1477,2020-04-30 00:00:00,1,0,2024-07-21 04:05:01,0,2024-07-21 04:05:01,,,
2020-04,西藏区,94.91,,149.07,,1478,2020-04-30 00:00:00,1,0,2024-07-21 04:05:01,0,2024-07-21 04:05:01,,,
2020-04,云南省,1239.99,,3322.98,,1479,2020-04-30 00:00:00,1,0,2024-07-21 04:05:01,0,2024-07-21 04:05:01,,,
2020-04,贵州省,1125.16,,2795.54,,1480,2020-04-30 00:00:00,1,0,2024-07-21 04:05:01,0,2024-07-21 04:05:01,,,
2020-04,四川省,1428.74,,3946.21,,1481,2020-04-30 00:00:00,1,0,2024-07-21 04:05:01,0,2024-07-21 04:05:01,,,
2020-04,重庆市,611.24,,1600.43,,1482,2020-04-30 00:00:00,1,0,2024-07-21 04:05:01,0,2024-07-21 04:05:01,,,
2020-04,海南省,167.79,,392.40,,1483,2020-04-30 00:00:00,1,0,2024-07-21 04:05:01,0,2024-07-21 04:05:01,,,
2020-04,广西区,1064.52,,2963.38,,1484,2020-04-30 00:00:00,1,0,2024-07-21 04:05:01,0,2024-07-21 04:05:01,,,
2020-04,广东省,1459.58,,3990.43,,1485,2020-04-30 00:00:00,1,0,2024-07-21 04:05:01,0,2024-07-21 04:05:01,,,
2020-04,湖南省,1008.37,,2612.83,,1486,2020-04-30 00:00:00,1,0,2024-07-21 04:05:01,0,2024-07-21 04:05:01,,,
2020-04,湖北省,830.77,,1613.44,,1487,2020-04-30 00:00:00,1,0,2024-07-21 04:05:01,0,2024-07-21 04:05:01,,,
2020-04,河南省,1322.31,,2949.68,,1488,2020-04-30 00:00:00,1,0,2024-07-21 04:05:01,0,2024-07-21 04:05:01,,,
2020-04,山东省,1575.23,,3350.93,,1489,2020-04-30 00:00:00,1,0,2024-07-21 04:05:01,0,2024-07-21 04:05:01,,,
2020-04,江西省,865.70,,2252.24,,1490,2020-04-30 00:00:00,1,0,2024-07-21 04:05:01,0,2024-07-21 04:05:01,,,
2020-04,福建省,792.87,,2337.07,,1491,2020-04-30 00:00:00,1,0,2024-07-21 04:05:01,0,2024-07-21 04:05:01,,,
2020-04,安徽省,1360.17,,3395.88,,1492,2020-04-30 00:00:00,1,0,2024-07-21 04:05:01,0,2024-07-21 04:05:01,,,
2020-04,浙江省,1313.63,,2950.47,,1493,2020-04-30 00:00:00,1,0,2024-07-21 04:05:01,0,2024-07-21 04:05:01,,,
2020-04,江苏省,1415.28,,3374.20,,1494,2020-04-30 00:00:00,1,0,2024-07-21 04:05:01,0,2024-07-21 04:05:01,,,
2020-04,上海市,34.26,,70.31,,1495,2020-04-30 00:00:00,1,0,2024-07-21 04:05:01,0,2024-07-21 04:05:01,,,
2020-04,黑龙江省,127.61,,141.48,,1496,2020-04-30 00:00:00,1,0,2024-07-21 04:05:01,0,2024-07-21 04:05:01,,,
2020-04,吉林省,149.23,,203.70,,1497,2020-04-30 00:00:00,1,0,2024-07-21 04:05:01,0,2024-07-21 04:05:01,,,
2020-04,辽宁省,528.49,,790.66,,1498,2020-04-30 00:00:00,1,0,2024-07-21 04:05:01,0,2024-07-21 04:05:01,,,
2020-04,内蒙古区,267.73,,345.94,,1499,2020-04-30 00:00:00,1,0,2024-07-21 04:05:01,0,2024-07-21 04:05:01,,,
2020-04,山西省,524.19,,919.87,,1500,2020-04-30 00:00:00,1,0,2024-07-21 04:05:01,0,2024-07-21 04:05:01,,,
2020-04,河北省,1060.84,,2105.91,,1501,2020-04-30 00:00:00,1,0,2024-07-21 04:05:05,0,2024-07-21 04:05:05,,,
2020-04,天津市,51.16,,96.27,,1502,2020-04-30 00:00:00,1,0,2024-07-21 04:05:05,0,2024-07-21 04:05:05,,,
2020-04,北京市,19.83,,32.39,,1503,2020-04-30 00:00:00,1,0,2024-07-21 04:05:05,0,2024-07-21 04:05:05,,,
2020-04,全国,22346.90,3.80,52094.90,-14.40,1504,2020-04-30 00:00:00,1,0,2024-07-21 04:05:05,0,2024-07-21 04:05:05,,,
2020-03,新疆区,106.85,,128.13,,1505,2020-03-31 00:00:00,1,0,2024-07-21 04:05:05,0,2024-07-21 04:05:05,,,
2020-03,宁夏区,93.39,,108.13,,1506,2020-03-31 00:00:00,1,0,2024-07-21 04:05:05,0,2024-07-21 04:05:05,,,
2020-03,青海省,37.88,,48.24,,1507,2020-03-31 00:00:00,1,0,2024-07-21 04:05:05,0,2024-07-21 04:05:05,,,
2020-03,甘肃省,256.44,,342.81,,1508,2020-03-31 00:00:00,1,0,2024-07-21 04:05:05,0,2024-07-21 04:05:05,,,
2020-03,陕西省,507.26,,856.81,,1509,2020-03-31 00:00:00,1,0,2024-07-21 04:05:05,0,2024-07-21 04:05:05,,,
2020-03,西藏区,37.78,,54.16,,1510,2020-03-31 00:00:00,1,0,2024-07-21 04:05:05,0,2024-07-21 04:05:05,,,
2020-03,云南省,1019.25,,2083.09,,1511,2020-03-31 00:00:00,1,0,2024-07-21 04:05:05,0,2024-07-21 04:05:05,,,
2020-03,贵州省,850.58,,1686.11,,1512,2020-03-31 00:00:00,1,0,2024-07-21 04:05:05,0,2024-07-21 04:05:05,,,
2020-03,四川省,1146.91,,2519.10,,1513,2020-03-31 00:00:00,1,0,2024-07-21 04:05:05,0,2024-07-21 04:05:05,,,
2020-03,重庆市,450.38,,998.17,,1514,2020-03-31 00:00:00,1,0,2024-07-21 04:05:05,0,2024-07-21 04:05:05,,,
2020-03,海南省,95.41,,224.61,,1515,2020-03-31 00:00:00,1,0,2024-07-21 04:05:05,0,2024-07-21 04:05:05,,,
2020-03,广西区,836.04,,1999.92,,1516,2020-03-31 00:00:00,1,0,2024-07-21 04:05:05,0,2024-07-21 04:05:05,,,
2020-03,广东省,1045.30,,2484.94,,1517,2020-03-31 00:00:00,1,0,2024-07-21 04:05:05,0,2024-07-21 04:05:05,,,
2020-03,湖南省,752.95,,1614.60,,1518,2020-03-31 00:00:00,1,0,2024-07-21 04:05:05,0,2024-07-21 04:05:05,,,
2020-03,湖北省,211.50,,774.31,,1519,2020-03-31 00:00:00,1,0,2024-07-21 04:05:05,0,2024-07-21 04:05:05,,,
2020-03,河南省,965.56,,1648.86,,1520,2020-03-31 00:00:00,1,0,2024-07-21 04:05:05,0,2024-07-21 04:05:05,,,
2020-03,山东省,1016.35,,1774.30,,1521,2020-03-31 00:00:00,1,0,2024-07-21 04:05:05,0,2024-07-21 04:05:05,,,
2020-03,江西省,588.34,,1386.82,,1522,2020-03-31 00:00:00,1,0,2024-07-21 04:05:05,0,2024-07-21 04:05:05,,,
2020-03,福建省,693.79,,1544.23,,1523,2020-03-31 00:00:00,1,0,2024-07-21 04:05:05,0,2024-07-21 04:05:05,,,
2020-03,安徽省,1034.42,,2069.76,,1524,2020-03-31 00:00:00,1,0,2024-07-21 04:05:05,0,2024-07-21 04:05:05,,,
2020-03,浙江省,834.26,,1647.65,,1525,2020-03-31 00:00:00,1,0,2024-07-21 04:05:05,0,2024-07-21 04:05:05,,,
2020-03,江苏省,954.58,,1957.50,,1526,2020-03-31 00:00:00,1,0,2024-07-21 04:05:05,0,2024-07-21 04:05:05,,,
2020-03,上海市,12.46,,36.52,,1527,2020-03-31 00:00:00,1,0,2024-07-21 04:05:05,0,2024-07-21 04:05:05,,,
2020-03,黑龙江省,9.05,,13.87,,1528,2020-03-31 00:00:00,1,0,2024-07-21 04:05:05,0,2024-07-21 04:05:05,,,
2020-03,吉林省,44.00,,54.48,,1529,2020-03-31 00:00:00,1,0,2024-07-21 04:05:05,0,2024-07-21 04:05:05,,,
2020-03,辽宁省,184.43,,261.98,,1530,2020-03-31 00:00:00,1,0,2024-07-21 04:05:05,0,2024-07-21 04:05:05,,,
2020-03,内蒙古区,66.90,,78.84,,1531,2020-03-31 00:00:00,1,0,2024-07-21 04:05:09,0,2024-07-21 04:05:09,,,
2020-03,山西省,311.37,,406.04,,1532,2020-03-31 00:00:00,1,0,2024-07-21 04:05:09,0,2024-07-21 04:05:09,,,
2020-03,河北省,604.08,,1044.82,,1533,2020-03-31 00:00:00,1,0,2024-07-21 04:05:09,0,2024-07-21 04:05:09,,,
2020-03,天津市,14.01,,45.11,,1534,2020-03-31 00:00:00,1,0,2024-07-21 04:05:09,0,2024-07-21 04:05:09,,,
2020-03,北京市,3.14,,12.56,,1535,2020-03-31 00:00:00,1,0,2024-07-21 04:05:09,0,2024-07-21 04:05:09,,,
2020-03,全国,14784.70,-18.30,29906.50,-23.90,1536,2020-03-31 00:00:00,1,0,2024-07-21 04:05:09,0,2024-07-21 04:05:09,,,
2020-02,新疆区,,,21.28,,1537,2020-02-29 00:00:00,1,0,2024-07-21 04:05:09,0,2024-07-21 04:05:09,,,
2020-02,宁夏区,,,14.74,,1538,2020-02-29 00:00:00,1,0,2024-07-21 04:05:09,0,2024-07-21 04:05:09,,,
2020-02,青海省,,,10.36,,1539,2020-02-29 00:00:00,1,0,2024-07-21 04:05:09,0,2024-07-21 04:05:09,,,
2020-02,甘肃省,,,86.36,,1540,2020-02-29 00:00:00,1,0,2024-07-21 04:05:09,0,2024-07-21 04:05:09,,,
2020-02,陕西省,,,357.24,,1541,2020-02-29 00:00:00,1,0,2024-07-21 04:05:09,0,2024-07-21 04:05:09,,,
2020-02,西藏区,,,16.38,,1542,2020-02-29 00:00:00,1,0,2024-07-21 04:05:09,0,2024-07-21 04:05:09,,,
2020-02,云南省,,,1071.06,,1543,2020-02-29 00:00:00,1,0,2024-07-21 04:05:09,0,2024-07-21 04:05:09,,,
2020-02,贵州省,,,836.33,,1544,2020-02-29 00:00:00,1,0,2024-07-21 04:05:09,0,2024-07-21 04:05:09,,,
2020-02,四川省,,,1367.98,,1545,2020-02-29 00:00:00,1,0,2024-07-21 04:05:09,0,2024-07-21 04:05:09,,,
2020-02,重庆市,,,547.15,,1546,2020-02-29 00:00:00,1,0,2024-07-21 04:05:09,0,2024-07-21 04:05:09,,,
2020-02,海南省,,,127.72,,1547,2020-02-29 00:00:00,1,0,2024-07-21 04:05:09,0,2024-07-21 04:05:09,,,
2020-02,广西区,,,1055.93,,1548,2020-02-29 00:00:00,1,0,2024-07-21 04:05:09,0,2024-07-21 04:05:09,,,
2020-02,广东省,,,1447.81,,1549,2020-02-29 00:00:00,1,0,2024-07-21 04:05:09,0,2024-07-21 04:05:09,,,
2020-02,湖南省,,,858.70,,1550,2020-02-29 00:00:00,1,0,2024-07-21 04:05:09,0,2024-07-21 04:05:09,,,
2020-02,湖北省,,,563.02,,1551,2020-02-29 00:00:00,1,0,2024-07-21 04:05:09,0,2024-07-21 04:05:09,,,
2020-02,河南省,,,681.17,,1552,2020-02-29 00:00:00,1,0,2024-07-21 04:05:09,0,2024-07-21 04:05:09,,,
2020-02,山东省,,,746.42,,1553,2020-02-29 00:00:00,1,0,2024-07-21 04:05:09,0,2024-07-21 04:05:09,,,
2020-02,江西省,,,798.44,,1554,2020-02-29 00:00:00,1,0,2024-07-21 04:05:09,0,2024-07-21 04:05:09,,,
2020-02,福建省,,,850.44,,1555,2020-02-29 00:00:00,1,0,2024-07-21 04:05:09,0,2024-07-21 04:05:09,,,
2020-02,安徽省,,,1033.35,,1556,2020-02-29 00:00:00,1,0,2024-07-21 04:05:09,0,2024-07-21 04:05:09,,,
2020-02,浙江省,,,815.09,,1557,2020-02-29 00:00:00,1,0,2024-07-21 04:05:09,0,2024-07-21 04:05:09,,,
2020-02,江苏省,,,962.22,,1558,2020-02-29 00:00:00,1,0,2024-07-21 04:05:09,0,2024-07-21 04:05:09,,,
2020-02,上海市,,,24.06,,1559,2020-02-29 00:00:00,1,0,2024-07-21 04:05:09,0,2024-07-21 04:05:09,,,
2020-02,黑龙江省,,,4.82,,1560,2020-02-29 00:00:00,1,0,2024-07-21 04:05:09,0,2024-07-21 04:05:09,,,
2020-02,吉林省,,,10.48,,1561,2020-02-29 00:00:00,1,0,2024-07-21 04:05:11,0,2024-07-21 04:05:11,,,
2020-02,辽宁省,,,76.13,,1562,2020-02-29 00:00:00,1,0,2024-07-21 04:05:11,0,2024-07-21 04:05:11,,,
2020-02,内蒙古区,,,24.99,,1563,2020-02-29 00:00:00,1,0,2024-07-21 04:05:11,0,2024-07-21 04:05:11,,,
2020-02,山西省,,,93.70,,1564,2020-02-29 00:00:00,1,0,2024-07-21 04:05:11,0,2024-07-21 04:05:11,,,
2020-02,河北省,,,437.53,,1565,2020-02-29 00:00:00,1,0,2024-07-21 04:05:11,0,2024-07-21 04:05:11,,,
2020-02,天津市,,,31.09,,1566,2020-02-29 00:00:00,1,0,2024-07-21 04:05:11,0,2024-07-21 04:05:11,,,
2020-02,北京市,,,9.47,,1567,2020-02-29 00:00:00,1,0,2024-07-21 04:05:11,0,2024-07-21 04:05:11,,,
2020-02,全国,,,14981.50,-29.50,1568,2020-02-29 00:00:00,1,0,2024-07-21 04:05:11,0,2024-07-21 04:05:11,,,
2019-12,新疆区,48.86,,3836.76,,1569,2019-12-31 00:00:00,1,0,2024-07-21 04:05:11,0,2024-07-21 04:05:11,,,
2019-12,宁夏区,47.43,,1888.55,,1570,2019-12-31 00:00:00,1,0,2024-07-21 04:05:11,0,2024-07-21 04:05:11,,,
2019-12,青海省,41.22,,1339.78,,1571,2019-12-31 00:00:00,1,0,2024-07-21 04:05:11,0,2024-07-21 04:05:11,,,
2019-12,甘肃省,180.16,,4409.48,,1572,2019-12-31 00:00:00,1,0,2024-07-21 04:05:11,0,2024-07-21 04:05:11,,,
2019-12,陕西省,471.89,,6621.23,,1573,2019-12-31 00:00:00,1,0,2024-07-21 04:05:11,0,2024-07-21 04:05:11,,,
2019-12,西藏区,28.06,,1080.95,,1574,2019-12-31 00:00:00,1,0,2024-07-21 04:05:11,0,2024-07-21 04:05:11,,,
2019-12,云南省,1352.04,,12844.85,,1575,2019-12-31 00:00:00,1,0,2024-07-21 04:05:11,0,2024-07-21 04:05:11,,,
2019-12,贵州省,1130.91,,10991.07,,1576,2019-12-31 00:00:00,1,0,2024-07-21 04:05:11,0,2024-07-21 04:05:11,,,
2019-12,四川省,1309.37,,14172.10,,1577,2019-12-31 00:00:00,1,0,2024-07-21 04:05:11,0,2024-07-21 04:05:11,,,
2019-12,重庆市,695.80,,6752.88,,1578,2019-12-31 00:00:00,1,0,2024-07-21 04:05:11,0,2024-07-21 04:05:11,,,
2019-12,海南省,224.69,,2019.04,,1579,2019-12-31 00:00:00,1,0,2024-07-21 04:05:11,0,2024-07-21 04:05:11,,,
2019-12,广西区,1235.23,,11919.76,,1580,2019-12-31 00:00:00,1,0,2024-07-21 04:05:11,0,2024-07-21 04:05:11,,,
2019-12,广东省,1792.54,,16711.79,,1581,2019-12-31 00:00:00,1,0,2024-07-21 04:05:11,0,2024-07-21 04:05:11,,,
2019-12,湖南省,1127.13,,11194.89,,1582,2019-12-31 00:00:00,1,0,2024-07-21 04:05:11,0,2024-07-21 04:05:11,,,
2019-12,湖北省,1162.32,,11622.84,,1583,2019-12-31 00:00:00,1,0,2024-07-21 04:05:11,0,2024-07-21 04:05:11,,,
2019-12,河南省,667.10,,10465.59,,1584,2019-12-31 00:00:00,1,0,2024-07-21 04:05:11,0,2024-07-21 04:05:11,,,
2019-12,山东省,1093.90,,14357.10,,1585,2019-12-31 00:00:00,1,0,2024-07-21 04:05:11,0,2024-07-21 04:05:11,,,
2019-12,江西省,960.39,,9625.05,,1586,2019-12-31 00:00:00,1,0,2024-07-21 04:05:11,0,2024-07-21 04:05:11,,,
2019-12,福建省,891.76,,9443.13,,1587,2019-12-31 00:00:00,1,0,2024-07-21 04:05:11,0,2024-07-21 04:05:11,,,
2019-12,安徽省,1296.16,,13988.07,,1588,2019-12-31 00:00:00,1,0,2024-07-21 04:05:11,0,2024-07-21 04:05:11,,,
2019-12,浙江省,1281.88,,13399.94,,1589,2019-12-31 00:00:00,1,0,2024-07-21 04:05:11,0,2024-07-21 04:05:11,,,
2019-12,江苏省,1483.26,,16048.17,,1590,2019-12-31 00:00:00,1,0,2024-07-21 04:05:11,0,2024-07-21 04:05:11,,,
2019-12,上海市,42.70,,429.99,,1591,2019-12-31 00:00:00,1,0,2024-07-21 04:05:15,0,2024-07-21 04:05:15,,,
2019-12,黑龙江省,15.80,,1976.52,,1592,2019-12-31 00:00:00,1,0,2024-07-21 04:05:15,0,2024-07-21 04:05:15,,,
2019-12,吉林省,16.00,,1801.84,,1593,2019-12-31 00:00:00,1,0,2024-07-21 04:05:15,0,2024-07-21 04:05:15,,,
2019-12,辽宁省,244.70,,4608.13,,1594,2019-12-31 00:00:00,1,0,2024-07-21 04:05:15,0,2024-07-21 04:05:15,,,
2019-12,内蒙古区,52.87,,3265.87,,1595,2019-12-31 00:00:00,1,0,2024-07-21 04:05:15,0,2024-07-21 04:05:15,,,
2019-12,山西省,312.33,,4982.40,,1596,2019-12-31 00:00:00,1,0,2024-07-21 04:05:15,0,2024-07-21 04:05:15,,,
2019-12,河北省,655.17,,10231.49,,1597,2019-12-31 00:00:00,1,0,2024-07-21 04:05:15,0,2024-07-21 04:05:15,,,
2019-12,天津市,50.62,,687.74,,1598,2019-12-31 00:00:00,1,0,2024-07-21 04:05:15,0,2024-07-21 04:05:15,,,
2019-12,北京市,22.79,,318.69,,1599,2019-12-31 00:00:00,1,0,2024-07-21 04:05:15,0,2024-07-21 04:05:15,,,
2019-12,全国,19935.10,6.90,233035.70,6.10,1600,2019-12-31 00:00:00,1,0,2024-07-21 04:05:15,0,2024-07-21 04:05:15,,,
2019-11,新疆区,305.37,,3787.99,,1601,2019-11-30 00:00:00,1,0,2024-07-21 04:05:15,0,2024-07-21 04:05:15,,,
2019-11,宁夏区,167.76,,1841.98,,1602,2019-11-30 00:00:00,1,0,2024-07-21 04:05:15,0,2024-07-21 04:05:15,,,
2019-11,青海省,101.67,,1298.56,,1603,2019-11-30 00:00:00,1,0,2024-07-21 04:05:15,0,2024-07-21 04:05:15,,,
2019-11,甘肃省,401.87,,4229.32,,1604,2019-11-30 00:00:00,1,0,2024-07-21 04:05:15,0,2024-07-21 04:05:15,,,
2019-11,陕西省,602.86,,6149.33,,1605,2019-11-30 00:00:00,1,0,2024-07-21 04:05:15,0,2024-07-21 04:05:15,,,
2019-11,西藏区,78.95,,1052.89,,1606,2019-11-30 00:00:00,1,0,2024-07-21 04:05:15,0,2024-07-21 04:05:15,,,
2019-11,云南省,1226.68,,11493.55,,1607,2019-11-30 00:00:00,1,0,2024-07-21 04:05:15,0,2024-07-21 04:05:15,,,
2019-11,贵州省,1102.32,,9860.45,,1608,2019-11-30 00:00:00,1,0,2024-07-21 04:05:15,0,2024-07-21 04:05:15,,,
2019-11,四川省,1296.33,,12847.57,,1609,2019-11-30 00:00:00,1,0,2024-07-21 04:05:15,0,2024-07-21 04:05:15,,,
2019-11,重庆市,676.28,,6057.08,,1610,2019-11-30 00:00:00,1,0,2024-07-21 04:05:15,0,2024-07-21 04:05:15,,,
2019-11,海南省,217.33,,1794.34,,1611,2019-11-30 00:00:00,1,0,2024-07-21 04:05:15,0,2024-07-21 04:05:15,,,
2019-11,广西区,1208.63,,10666.73,,1612,2019-11-30 00:00:00,1,0,2024-07-21 04:05:15,0,2024-07-21 04:05:15,,,
2019-11,广东省,1740.55,,14874.89,,1613,2019-11-30 00:00:00,1,0,2024-07-21 04:05:15,0,2024-07-21 04:05:15,,,
2019-11,湖南省,1144.76,,10067.76,,1614,2019-11-30 00:00:00,1,0,2024-07-21 04:05:15,0,2024-07-21 04:05:15,,,
2019-11,湖北省,1139.50,,10480.70,,1615,2019-11-30 00:00:00,1,0,2024-07-21 04:05:15,0,2024-07-21 04:05:15,,,
2019-11,河南省,860.04,,9825.87,,1616,2019-11-30 00:00:00,1,0,2024-07-21 04:05:15,0,2024-07-21 04:05:15,,,
2019-11,山东省,1563.61,,13243.20,,1617,2019-11-30 00:00:00,1,0,2024-07-21 04:05:15,0,2024-07-21 04:05:15,,,
2019-11,江西省,982.86,,8690.12,,1618,2019-11-30 00:00:00,1,0,2024-07-21 04:05:15,0,2024-07-21 04:05:15,,,
2019-11,福建省,853.66,,8564.87,,1619,2019-11-30 00:00:00,1,0,2024-07-21 04:05:15,0,2024-07-21 04:05:15,,,
2019-11,安徽省,1443.46,,12684.42,,1620,2019-11-30 00:00:00,1,0,2024-07-21 04:05:15,0,2024-07-21 04:05:15,,,
2019-11,浙江省,1377.85,,12118.07,,1621,2019-11-30 00:00:00,1,0,2024-07-21 04:05:18,0,2024-07-21 04:05:18,,,
2019-11,江苏省,1570.85,,14534.31,,1622,2019-11-30 00:00:00,1,0,2024-07-21 04:05:18,0,2024-07-21 04:05:18,,,
2019-11,上海市,39.21,,387.29,,1623,2019-11-30 00:00:00,1,0,2024-07-21 04:05:18,0,2024-07-21 04:05:18,,,
2019-11,黑龙江省,117.31,,1970.71,,1624,2019-11-30 00:00:00,1,0,2024-07-21 04:05:18,0,2024-07-21 04:05:18,,,
2019-11,吉林省,89.76,,1785.84,,1625,2019-11-30 00:00:00,1,0,2024-07-21 04:05:18,0,2024-07-21 04:05:18,,,
2019-11,辽宁省,408.93,,4351.22,,1626,2019-11-30 00:00:00,1,0,2024-07-21 04:05:18,0,2024-07-21 04:05:18,,,
2019-11,内蒙古区,201.44,,3206.92,,1627,2019-11-30 00:00:00,1,0,2024-07-21 04:05:18,0,2024-07-21 04:05:18,,,
2019-11,山西省,496.09,,4665.15,,1628,2019-11-30 00:00:00,1,0,2024-07-21 04:05:18,0,2024-07-21 04:05:18,,,
2019-11,河北省,966.82,,9576.24,,1629,2019-11-30 00:00:00,1,0,2024-07-21 04:05:18,0,2024-07-21 04:05:18,,,
2019-11,天津市,72.90,,637.12,,1630,2019-11-30 00:00:00,1,0,2024-07-21 04:05:18,0,2024-07-21 04:05:18,,,
2019-11,北京市,31.69,,295.90,,1631,2019-11-30 00:00:00,1,0,2024-07-21 04:05:18,0,2024-07-21 04:05:18,,,
2019-11,全国,22487.40,8.30,213040.40,6.10,1632,2019-11-30 00:00:00,1,0,2024-07-21 04:05:18,0,2024-07-21 04:05:18,,,
2019-10,新疆区,452.72,,3480.24,,1633,2019-10-31 00:00:00,1,0,2024-07-21 04:05:18,0,2024-07-21 04:05:18,,,
2019-10,宁夏区,238.25,,1674.98,,1634,2019-10-31 00:00:00,1,0,2024-07-21 04:05:18,0,2024-07-21 04:05:18,,,
2019-10,青海省,140.74,,1196.89,,1635,2019-10-31 00:00:00,1,0,2024-07-21 04:05:18,0,2024-07-21 04:05:18,,,
2019-10,甘肃省,492.55,,3828.65,,1636,2019-10-31 00:00:00,1,0,2024-07-21 04:05:18,0,2024-07-21 04:05:18,,,
2019-10,陕西省,602.34,,5546.45,,1637,2019-10-31 00:00:00,1,0,2024-07-21 04:05:18,0,2024-07-21 04:05:18,,,
2019-10,西藏区,114.10,,973.94,,1638,2019-10-31 00:00:00,1,0,2024-07-21 04:05:18,0,2024-07-21 04:05:18,,,
2019-10,云南省,1069.74,,10266.67,,1639,2019-10-31 00:00:00,1,0,2024-07-21 04:05:18,0,2024-07-21 04:05:18,,,
2019-10,贵州省,926.97,,8758.13,,1640,2019-10-31 00:00:00,1,0,2024-07-21 04:05:18,0,2024-07-21 04:05:18,,,
2019-10,四川省,1195.83,,11550.23,,1641,2019-10-31 00:00:00,1,0,2024-07-21 04:05:18,0,2024-07-21 04:05:18,,,
2019-10,重庆市,564.64,,5382.82,,1642,2019-10-31 00:00:00,1,0,2024-07-21 04:05:18,0,2024-07-21 04:05:18,,,
2019-10,海南省,186.46,,1578.10,,1643,2019-10-31 00:00:00,1,0,2024-07-21 04:05:18,0,2024-07-21 04:05:18,,,
2019-10,广西区,1180.56,,9478.60,,1644,2019-10-31 00:00:00,1,0,2024-07-21 04:05:18,0,2024-07-21 04:05:18,,,
2019-10,广东省,1562.79,,13137.33,,1645,2019-10-31 00:00:00,1,0,2024-07-21 04:05:18,0,2024-07-21 04:05:18,,,
2019-10,湖南省,1078.81,,8916.88,,1646,2019-10-31 00:00:00,1,0,2024-07-21 04:05:18,0,2024-07-21 04:05:18,,,
2019-10,湖北省,906.34,,9341.20,,1647,2019-10-31 00:00:00,1,0,2024-07-21 04:05:18,0,2024-07-21 04:05:18,,,
2019-10,河南省,829.73,,8988.34,,1648,2019-10-31 00:00:00,1,0,2024-07-21 04:05:18,0,2024-07-21 04:05:18,,,
2019-10,山东省,1341.64,,11784.15,,1649,2019-10-31 00:00:00,1,0,2024-07-21 04:05:18,0,2024-07-21 04:05:18,,,
2019-10,江西省,1010.06,,7734.86,,1650,2019-10-31 00:00:00,1,0,2024-07-21 04:05:18,0,2024-07-21 04:05:18,,,
2019-10,福建省,894.18,,7711.31,,1651,2019-10-31 00:00:00,1,0,2024-07-21 04:05:21,0,2024-07-21 04:05:21,,,
2019-10,安徽省,1328.88,,11262.94,,1652,2019-10-31 00:00:00,1,0,2024-07-21 04:05:21,0,2024-07-21 04:05:21,,,
2019-10,浙江省,1324.86,,10740.64,,1653,2019-10-31 00:00:00,1,0,2024-07-21 04:05:21,0,2024-07-21 04:05:21,,,
2019-10,江苏省,1444.71,,12963.36,,1654,2019-10-31 00:00:00,1,0,2024-07-21 04:05:21,0,2024-07-21 04:05:21,,,
2019-10,上海市,38.56,,348.08,,1655,2019-10-31 00:00:00,1,0,2024-07-21 04:05:21,0,2024-07-21 04:05:21,,,
2019-10,黑龙江省,285.86,,1853.41,,1656,2019-10-31 00:00:00,1,0,2024-07-21 04:05:21,0,2024-07-21 04:05:21,,,
2019-10,吉林省,246.89,,1695.59,,1657,2019-10-31 00:00:00,1,0,2024-07-21 04:05:21,0,2024-07-21 04:05:21,,,
2019-10,辽宁省,562.14,,3933.79,,1658,2019-10-31 00:00:00,1,0,2024-07-21 04:05:21,0,2024-07-21 04:05:21,,,
2019-10,内蒙古区,416.02,,3005.55,,1659,2019-10-31 00:00:00,1,0,2024-07-21 04:05:21,0,2024-07-21 04:05:21,,,
2019-10,山西省,473.54,,4157.17,,1660,2019-10-31 00:00:00,1,0,2024-07-21 04:05:21,0,2024-07-21 04:05:21,,,
2019-10,河北省,855.97,,8601.32,,1661,2019-10-31 00:00:00,1,0,2024-07-21 04:05:21,0,2024-07-21 04:05:21,,,
2019-10,天津市,62.25,,564.22,,1662,2019-10-31 00:00:00,1,0,2024-07-21 04:05:21,0,2024-07-21 04:05:21,,,
2019-10,北京市,20.71,,264.21,,1663,2019-10-31 00:00:00,1,0,2024-07-21 04:05:21,0,2024-07-21 04:05:21,,,
2019-10,全国,21848.80,-2.10,190720.00,5.80,1664,2019-10-31 00:00:00,1,0,2024-07-21 04:05:21,0,2024-07-21 04:05:21,,,
2019-09,新疆区,531.87,,3028.77,,1665,2019-09-30 00:00:00,1,0,2024-07-21 04:05:21,0,2024-07-21 04:05:21,,,
2019-09,宁夏区,219.18,,1436.75,,1666,2019-09-30 00:00:00,1,0,2024-07-21 04:05:21,0,2024-07-21 04:05:21,,,
2019-09,青海省,172.25,,1056.52,,1667,2019-09-30 00:00:00,1,0,2024-07-21 04:05:21,0,2024-07-21 04:05:21,,,
2019-09,甘肃省,484.06,,3329.07,,1668,2019-09-30 00:00:00,1,0,2024-07-21 04:05:21,0,2024-07-21 04:05:21,,,
2019-09,陕西省,591.57,,4944.13,,1669,2019-09-30 00:00:00,1,0,2024-07-21 04:05:21,0,2024-07-21 04:05:21,,,
2019-09,西藏区,124.94,,859.56,,1670,2019-09-30 00:00:00,1,0,2024-07-21 04:05:21,0,2024-07-21 04:05:21,,,
2019-09,云南省,976.05,,9219.41,,1671,2019-09-30 00:00:00,1,0,2024-07-21 04:05:21,0,2024-07-21 04:05:21,,,
2019-09,贵州省,950.06,,7829.93,,1672,2019-09-30 00:00:00,1,0,2024-07-21 04:05:21,0,2024-07-21 04:05:21,,,
2019-09,四川省,1144.37,,10355.26,,1673,2019-09-30 00:00:00,1,0,2024-07-21 04:05:21,0,2024-07-21 04:05:21,,,
2019-09,重庆市,582.66,,4818.17,,1674,2019-09-30 00:00:00,1,0,2024-07-21 04:05:21,0,2024-07-21 04:05:21,,,
2019-09,海南省,154.84,,1391.54,,1675,2019-09-30 00:00:00,1,0,2024-07-21 04:05:21,0,2024-07-21 04:05:21,,,
2019-09,广西区,1070.17,,8332.80,,1676,2019-09-30 00:00:00,1,0,2024-07-21 04:05:21,0,2024-07-21 04:05:21,,,
2019-09,广东省,1463.97,,11574.88,,1677,2019-09-30 00:00:00,1,0,2024-07-21 04:05:21,0,2024-07-21 04:05:21,,,
2019-09,湖南省,1111.67,,7838.07,,1678,2019-09-30 00:00:00,1,0,2024-07-21 04:05:21,0,2024-07-21 04:05:21,,,
2019-09,湖北省,1103.46,,8448.45,,1679,2019-09-30 00:00:00,1,0,2024-07-21 04:05:21,0,2024-07-21 04:05:21,,,
2019-09,河南省,830.59,,8211.91,,1680,2019-09-30 00:00:00,1,0,2024-07-21 04:05:21,0,2024-07-21 04:05:21,,,
2019-09,山东省,1320.46,,10438.44,,1681,2019-09-30 00:00:00,1,0,2024-07-21 04:05:23,0,2024-07-21 04:05:23,,,
2019-09,江西省,959.08,,6724.46,,1682,2019-09-30 00:00:00,1,0,2024-07-21 04:05:23,0,2024-07-21 04:05:23,,,
2019-09,福建省,884.12,,6817.02,,1683,2019-09-30 00:00:00,1,0,2024-07-21 04:05:23,0,2024-07-21 04:05:23,,,
2019-09,安徽省,1295.47,,9938.45,,1684,2019-09-30 00:00:00,1,0,2024-07-21 04:05:23,0,2024-07-21 04:05:23,,,
2019-09,浙江省,1212.90,,9418.74,,1685,2019-09-30 00:00:00,1,0,2024-07-21 04:05:23,0,2024-07-21 04:05:23,,,
2019-09,江苏省,1297.99,,11587.16,,1686,2019-09-30 00:00:00,1,0,2024-07-21 04:05:23,0,2024-07-21 04:05:23,,,
2019-09,上海市,33.37,,311.64,,1687,2019-09-30 00:00:00,1,0,2024-07-21 04:05:23,0,2024-07-21 04:05:23,,,
2019-09,黑龙江省,362.05,,1567.58,,1688,2019-09-30 00:00:00,1,0,2024-07-21 04:05:23,0,2024-07-21 04:05:23,,,
2019-09,吉林省,248.81,,1448.99,,1689,2019-09-30 00:00:00,1,0,2024-07-21 04:05:23,0,2024-07-21 04:05:23,,,
2019-09,辽宁省,594.37,,3368.19,,1690,2019-09-30 00:00:00,1,0,2024-07-21 04:05:23,0,2024-07-21 04:05:23,,,
2019-09,内蒙古区,472.33,,2589.41,,1691,2019-09-30 00:00:00,1,0,2024-07-21 04:05:23,0,2024-07-21 04:05:23,,,
2019-09,山西省,499.88,,3692.18,,1692,2019-09-30 00:00:00,1,0,2024-07-21 04:05:23,0,2024-07-21 04:05:23,,,
2019-09,河北省,994.06,,7745.34,,1693,2019-09-30 00:00:00,1,0,2024-07-21 04:05:23,0,2024-07-21 04:05:23,,,
2019-09,天津市,57.67,,501.98,,1694,2019-09-30 00:00:00,1,0,2024-07-21 04:05:23,0,2024-07-21 04:05:23,,,
2019-09,北京市,20.34,,243.50,,1695,2019-09-30 00:00:00,1,0,2024-07-21 04:05:23,0,2024-07-21 04:05:23,,,
2019-09,全国,21764.60,4.10,169068.30,6.90,1696,2019-09-30 00:00:00,1,0,2024-07-21 04:05:23,0,2024-07-21 04:05:23,,,
2019-08,新疆区,483.63,,2491.17,,1697,2019-08-31 00:00:00,1,0,2024-07-21 04:05:23,0,2024-07-21 04:05:23,,,
2019-08,宁夏区,216.17,,1216.80,,1698,2019-08-31 00:00:00,1,0,2024-07-21 04:05:23,0,2024-07-21 04:05:23,,,
2019-08,青海省,183.78,,884.27,,1699,2019-08-31 00:00:00,1,0,2024-07-21 04:05:23,0,2024-07-21 04:05:23,,,
2019-08,甘肃省,500.88,,2844.96,,1700,2019-08-31 00:00:00,1,0,2024-07-21 04:05:23,0,2024-07-21 04:05:23,,,
2019-08,陕西省,624.68,,4352.79,,1701,2019-08-31 00:00:00,1,0,2024-07-21 04:05:23,0,2024-07-21 04:05:23,,,
2019-08,西藏区,111.27,,734.48,,1702,2019-08-31 00:00:00,1,0,2024-07-21 04:05:23,0,2024-07-21 04:05:23,,,
2019-08,云南省,1003.31,,8246.24,,1703,2019-08-31 00:00:00,1,0,2024-07-21 04:05:23,0,2024-07-21 04:05:23,,,
2019-08,贵州省,975.89,,6879.84,,1704,2019-08-31 00:00:00,1,0,2024-07-21 04:05:23,0,2024-07-21 04:05:23,,,
2019-08,四川省,1113.32,,9197.36,,1705,2019-08-31 00:00:00,1,0,2024-07-21 04:05:23,0,2024-07-21 04:05:23,,,
2019-08,重庆市,549.29,,4233.71,,1706,2019-08-31 00:00:00,1,0,2024-07-21 04:05:23,0,2024-07-21 04:05:23,,,
2019-08,海南省,149.68,,1235.71,,1707,2019-08-31 00:00:00,1,0,2024-07-21 04:05:23,0,2024-07-21 04:05:23,,,
2019-08,广西区,991.38,,7264.14,,1708,2019-08-31 00:00:00,1,0,2024-07-21 04:05:23,0,2024-07-21 04:05:23,,,
2019-08,广东省,1329.67,,10109.57,,1709,2019-08-31 00:00:00,1,0,2024-07-21 04:05:23,0,2024-07-21 04:05:23,,,
2019-08,湖南省,1055.74,,6726.40,,1710,2019-08-31 00:00:00,1,0,2024-07-21 04:05:23,0,2024-07-21 04:05:23,,,
2019-08,湖北省,1006.93,,7344.99,,1711,2019-08-31 00:00:00,1,0,2024-07-21 04:05:26,0,2024-07-21 04:05:26,,,
2019-08,河南省,1059.06,,7420.82,,1712,2019-08-31 00:00:00,1,0,2024-07-21 04:05:26,0,2024-07-21 04:05:26,,,
2019-08,山东省,1166.82,,8996.08,,1713,2019-08-31 00:00:00,1,0,2024-07-21 04:05:26,0,2024-07-21 04:05:26,,,
2019-08,江西省,912.90,,5774.50,,1714,2019-08-31 00:00:00,1,0,2024-07-21 04:05:26,0,2024-07-21 04:05:26,,,
2019-08,福建省,813.46,,5932.80,,1715,2019-08-31 00:00:00,1,0,2024-07-21 04:05:26,0,2024-07-21 04:05:26,,,
2019-08,安徽省,1198.94,,8646.31,,1716,2019-08-31 00:00:00,1,0,2024-07-21 04:05:26,0,2024-07-21 04:05:26,,,
2019-08,浙江省,1170.40,,8205.83,,1717,2019-08-31 00:00:00,1,0,2024-07-21 04:05:26,0,2024-07-21 04:05:26,,,
2019-08,江苏省,1381.25,,10364.42,,1718,2019-08-31 00:00:00,1,0,2024-07-21 04:05:26,0,2024-07-21 04:05:26,,,
2019-08,上海市,34.74,,278.26,,1719,2019-08-31 00:00:00,1,0,2024-07-21 04:05:26,0,2024-07-21 04:05:26,,,
2019-08,黑龙江省,230.59,,1205.49,,1720,2019-08-31 00:00:00,1,0,2024-07-21 04:05:26,0,2024-07-21 04:05:26,,,
2019-08,吉林省,214.71,,1200.12,,1721,2019-08-31 00:00:00,1,0,2024-07-21 04:05:26,0,2024-07-21 04:05:26,,,
2019-08,辽宁省,470.53,,2773.76,,1722,2019-08-31 00:00:00,1,0,2024-07-21 04:05:26,0,2024-07-21 04:05:26,,,
2019-08,内蒙古区,449.32,,2116.16,,1723,2019-08-31 00:00:00,1,0,2024-07-21 04:05:26,0,2024-07-21 04:05:26,,,
2019-08,山西省,516.16,,3179.62,,1724,2019-08-31 00:00:00,1,0,2024-07-21 04:05:26,0,2024-07-21 04:05:26,,,
2019-08,河北省,1023.46,,6751.33,,1725,2019-08-31 00:00:00,1,0,2024-07-21 04:05:26,0,2024-07-21 04:05:26,,,
2019-08,天津市,53.40,,444.31,,1726,2019-08-31 00:00:00,1,0,2024-07-21 04:05:26,0,2024-07-21 04:05:26,,,
2019-08,北京市,26.87,,223.16,,1727,2019-08-31 00:00:00,1,0,2024-07-21 04:05:26,0,2024-07-21 04:05:26,,,
2019-08,全国,21018.20,5.10,147275.40,7.00,1728,2019-08-31 00:00:00,1,0,2024-07-21 04:05:26,0,2024-07-21 04:05:26,,,
2019-07,新疆区,473.11,,2007.61,,1729,2019-07-31 00:00:00,1,0,2024-07-21 04:05:26,0,2024-07-21 04:05:26,,,
2019-07,宁夏区,223.03,,1000.63,,1730,2019-07-31 00:00:00,1,0,2024-07-21 04:05:26,0,2024-07-21 04:05:26,,,
2019-07,青海省,172.96,,700.49,,1731,2019-07-31 00:00:00,1,0,2024-07-21 04:05:26,0,2024-07-21 04:05:26,,,
2019-07,甘肃省,483.95,,2344.13,,1732,2019-07-31 00:00:00,1,0,2024-07-21 04:05:26,0,2024-07-21 04:05:26,,,
2019-07,陕西省,628.18,,3726.97,,1733,2019-07-31 00:00:00,1,0,2024-07-21 04:05:26,0,2024-07-21 04:05:26,,,
2019-07,西藏区,143.09,,623.21,,1734,2019-07-31 00:00:00,1,0,2024-07-21 04:05:26,0,2024-07-21 04:05:26,,,
2019-07,云南省,996.89,,7242.94,,1735,2019-07-31 00:00:00,1,0,2024-07-21 04:05:26,0,2024-07-21 04:05:26,,,
2019-07,贵州省,937.08,,5842.26,,1736,2019-07-31 00:00:00,1,0,2024-07-21 04:05:26,0,2024-07-21 04:05:26,,,
2019-07,四川省,1113.00,,8084.04,,1737,2019-07-31 00:00:00,1,0,2024-07-21 04:05:26,0,2024-07-21 04:05:26,,,
2019-07,重庆市,529.63,,3686.01,,1738,2019-07-31 00:00:00,1,0,2024-07-21 04:05:26,0,2024-07-21 04:05:26,,,
2019-07,海南省,174.06,,1086.03,,1739,2019-07-31 00:00:00,1,0,2024-07-21 04:05:26,0,2024-07-21 04:05:26,,,
2019-07,广西区,949.61,,6262.97,,1740,2019-07-31 00:00:00,1,0,2024-07-21 04:05:26,0,2024-07-21 04:05:26,,,
2019-07,广东省,1349.14,,8774.73,,1741,2019-07-31 00:00:00,1,0,2024-07-21 04:05:29,0,2024-07-21 04:05:29,,,
2019-07,湖南省,987.53,,5663.82,,1742,2019-07-31 00:00:00,1,0,2024-07-21 04:05:29,0,2024-07-21 04:05:29,,,
2019-07,湖北省,1038.00,,6339.23,,1743,2019-07-31 00:00:00,1,0,2024-07-21 04:05:29,0,2024-07-21 04:05:29,,,
2019-07,河南省,1089.60,,6371.47,,1744,2019-07-31 00:00:00,1,0,2024-07-21 04:05:29,0,2024-07-21 04:05:29,,,
2019-07,山东省,1345.43,,7928.75,,1745,2019-07-31 00:00:00,1,0,2024-07-21 04:05:29,0,2024-07-21 04:05:29,,,
2019-07,江西省,803.83,,4876.49,,1746,2019-07-31 00:00:00,1,0,2024-07-21 04:05:29,0,2024-07-21 04:05:29,,,
2019-07,福建省,786.59,,5119.33,,1747,2019-07-31 00:00:00,1,0,2024-07-21 04:05:29,0,2024-07-21 04:05:29,,,
2019-07,安徽省,1175.59,,7447.31,,1748,2019-07-31 00:00:00,1,0,2024-07-21 04:05:29,0,2024-07-21 04:05:29,,,
2019-07,浙江省,1091.81,,7049.58,,1749,2019-07-31 00:00:00,1,0,2024-07-21 04:05:29,0,2024-07-21 04:05:29,,,
2019-07,江苏省,1370.24,,8939.94,,1750,2019-07-31 00:00:00,1,0,2024-07-21 04:05:29,0,2024-07-21 04:05:29,,,
2019-07,上海市,36.24,,243.53,,1751,2019-07-31 00:00:00,1,0,2024-07-21 04:05:29,0,2024-07-21 04:05:29,,,
2019-07,黑龙江省,253.57,,975.10,,1752,2019-07-31 00:00:00,1,0,2024-07-21 04:05:29,0,2024-07-21 04:05:29,,,
2019-07,吉林省,217.96,,954.40,,1753,2019-07-31 00:00:00,1,0,2024-07-21 04:05:29,0,2024-07-21 04:05:29,,,
2019-07,辽宁省,522.11,,2308.18,,1754,2019-07-31 00:00:00,1,0,2024-07-21 04:05:29,0,2024-07-21 04:05:29,,,
2019-07,内蒙古区,433.41,,1674.51,,1755,2019-07-31 00:00:00,1,0,2024-07-21 04:05:29,0,2024-07-21 04:05:29,,,
2019-07,山西省,536.95,,2664.36,,1756,2019-07-31 00:00:00,1,0,2024-07-21 04:05:29,0,2024-07-21 04:05:29,,,
2019-07,河北省,1035.05,,5727.83,,1757,2019-07-31 00:00:00,1,0,2024-07-21 04:05:29,0,2024-07-21 04:05:29,,,
2019-07,天津市,68.97,,390.91,,1758,2019-07-31 00:00:00,1,0,2024-07-21 04:05:29,0,2024-07-21 04:05:29,,,
2019-07,北京市,36.44,,196.29,,1759,2019-07-31 00:00:00,1,0,2024-07-21 04:05:29,0,2024-07-21 04:05:29,,,
2019-07,全国,21003.00,7.50,126253.10,7.20,1760,2019-07-31 00:00:00,1,0,2024-07-21 04:05:29,0,2024-07-21 04:05:29,,,
2019-06,新疆区,468.92,,1539.52,,1761,2019-06-30 00:00:00,1,0,2024-07-21 04:05:29,0,2024-07-21 04:05:29,,,
2019-06,宁夏区,209.86,,777.60,,1762,2019-06-30 00:00:00,1,0,2024-07-21 04:05:29,0,2024-07-21 04:05:29,,,
2019-06,青海省,166.50,,527.53,,1763,2019-06-30 00:00:00,1,0,2024-07-21 04:05:29,0,2024-07-21 04:05:29,,,
2019-06,甘肃省,503.98,,1860.18,,1764,2019-06-30 00:00:00,1,0,2024-07-21 04:05:29,0,2024-07-21 04:05:29,,,
2019-06,陕西省,656.85,,3098.92,,1765,2019-06-30 00:00:00,1,0,2024-07-21 04:05:29,0,2024-07-21 04:05:29,,,
2019-06,西藏区,133.47,,480.24,,1766,2019-06-30 00:00:00,1,0,2024-07-21 04:05:29,0,2024-07-21 04:05:29,,,
2019-06,云南省,1146.77,,6246.07,,1767,2019-06-30 00:00:00,1,0,2024-07-21 04:05:29,0,2024-07-21 04:05:29,,,
2019-06,贵州省,937.72,,4905.19,,1768,2019-06-30 00:00:00,1,0,2024-07-21 04:05:29,0,2024-07-21 04:05:29,,,
2019-06,四川省,1165.81,,6971.04,,1769,2019-06-30 00:00:00,1,0,2024-07-21 04:05:29,0,2024-07-21 04:05:29,,,
2019-06,重庆市,501.54,,3165.52,,1770,2019-06-30 00:00:00,1,0,2024-07-21 04:05:29,0,2024-07-21 04:05:29,,,
2019-06,海南省,166.42,,896.35,,1771,2019-06-30 00:00:00,1,0,2024-07-21 04:05:32,0,2024-07-21 04:05:32,,,
2019-06,广西区,1028.26,,5402.76,,1772,2019-06-30 00:00:00,1,0,2024-07-21 04:05:32,0,2024-07-21 04:05:32,,,
2019-06,广东省,1302.90,,7406.22,,1773,2019-06-30 00:00:00,1,0,2024-07-21 04:05:32,0,2024-07-21 04:05:32,,,
2019-06,湖南省,933.04,,4588.27,,1774,2019-06-30 00:00:00,1,0,2024-07-21 04:05:32,0,2024-07-21 04:05:32,,,
2019-06,湖北省,945.64,,5199.41,,1775,2019-06-30 00:00:00,1,0,2024-07-21 04:05:32,0,2024-07-21 04:05:32,,,
2019-06,河南省,918.18,,5198.05,,1776,2019-06-30 00:00:00,1,0,2024-07-21 04:05:32,0,2024-07-21 04:05:32,,,
2019-06,山东省,1354.66,,6466.68,,1777,2019-06-30 00:00:00,1,0,2024-07-21 04:05:32,0,2024-07-21 04:05:32,,,
2019-06,江西省,749.65,,4019.53,,1778,2019-06-30 00:00:00,1,0,2024-07-21 04:05:32,0,2024-07-21 04:05:32,,,
2019-06,福建省,785.21,,4294.99,,1779,2019-06-30 00:00:00,1,0,2024-07-21 04:05:32,0,2024-07-21 04:05:32,,,
2019-06,安徽省,1125.87,,6202.67,,1780,2019-06-30 00:00:00,1,0,2024-07-21 04:05:32,0,2024-07-21 04:05:32,,,
2019-06,浙江省,1109.04,,5960.65,,1781,2019-06-30 00:00:00,1,0,2024-07-21 04:05:32,0,2024-07-21 04:05:32,,,
2019-06,江苏省,1388.79,,7256.01,,1782,2019-06-30 00:00:00,1,0,2024-07-21 04:05:32,0,2024-07-21 04:05:32,,,
2019-06,上海市,37.08,,207.29,,1783,2019-06-30 00:00:00,1,0,2024-07-21 04:05:32,0,2024-07-21 04:05:32,,,
2019-06,黑龙江省,292.63,,722.08,,1784,2019-06-30 00:00:00,1,0,2024-07-21 04:05:32,0,2024-07-21 04:05:32,,,
2019-06,吉林省,254.72,,729.28,,1785,2019-06-30 00:00:00,1,0,2024-07-21 04:05:32,0,2024-07-21 04:05:32,,,
2019-06,辽宁省,514.81,,1775.07,,1786,2019-06-30 00:00:00,1,0,2024-07-21 04:05:32,0,2024-07-21 04:05:32,,,
2019-06,内蒙古区,429.76,,1294.10,,1787,2019-06-30 00:00:00,1,0,2024-07-21 04:05:32,0,2024-07-21 04:05:32,,,
2019-06,山西省,572.59,,2127.41,,1788,2019-06-30 00:00:00,1,0,2024-07-21 04:05:32,0,2024-07-21 04:05:32,,,
2019-06,河北省,1083.83,,4678.53,,1789,2019-06-30 00:00:00,1,0,2024-07-21 04:05:32,0,2024-07-21 04:05:32,,,
2019-06,天津市,64.00,,312.12,,1790,2019-06-30 00:00:00,1,0,2024-07-21 04:05:32,0,2024-07-21 04:05:32,,,
2019-06,北京市,37.40,,159.85,,1791,2019-06-30 00:00:00,1,0,2024-07-21 04:05:32,0,2024-07-21 04:05:32,,,
2019-06,全国,20985.90,6.00,104669.10,6.80,1792,2019-06-30 00:00:00,1,0,2024-07-21 04:05:32,0,2024-07-21 04:05:32,,,
2019-05,新疆区,507.29,,1070.60,,1793,2019-05-31 00:00:00,1,0,2024-07-21 04:05:32,0,2024-07-21 04:05:32,,,
2019-05,宁夏区,224.69,,567.75,,1794,2019-05-31 00:00:00,1,0,2024-07-21 04:05:32,0,2024-07-21 04:05:32,,,
2019-05,青海省,159.24,,361.03,,1795,2019-05-31 00:00:00,1,0,2024-07-21 04:05:32,0,2024-07-21 04:05:32,,,
2019-05,甘肃省,486.01,,1353.95,,1796,2019-05-31 00:00:00,1,0,2024-07-21 04:05:32,0,2024-07-21 04:05:32,,,
2019-05,陕西省,719.31,,2442.10,,1797,2019-05-31 00:00:00,1,0,2024-07-21 04:05:32,0,2024-07-21 04:05:32,,,
2019-05,西藏区,126.01,,346.10,,1798,2019-05-31 00:00:00,1,0,2024-07-21 04:05:32,0,2024-07-21 04:05:32,,,
2019-05,云南省,1199.97,,5099.31,,1799,2019-05-31 00:00:00,1,0,2024-07-21 04:05:32,0,2024-07-21 04:05:32,,,
2019-05,贵州省,1001.71,,3892.40,,1800,2019-05-31 00:00:00,1,0,2024-07-21 04:05:32,0,2024-07-21 04:05:32,,,
2019-05,四川省,1309.77,,5771.70,,1801,2019-05-31 00:00:00,1,0,2024-07-21 04:05:36,0,2024-07-21 04:05:36,,,
2019-05,重庆市,583.54,,2655.63,,1802,2019-05-31 00:00:00,1,0,2024-07-21 04:05:36,0,2024-07-21 04:05:36,,,
2019-05,海南省,177.63,,729.93,,1803,2019-05-31 00:00:00,1,0,2024-07-21 04:05:36,0,2024-07-21 04:05:36,,,
2019-05,广西区,1081.04,,4409.20,,1804,2019-05-31 00:00:00,1,0,2024-07-21 04:05:36,0,2024-07-21 04:05:36,,,
2019-05,广东省,1397.16,,6098.84,,1805,2019-05-31 00:00:00,1,0,2024-07-21 04:05:36,0,2024-07-21 04:05:36,,,
2019-05,湖南省,958.91,,3659.43,,1806,2019-05-31 00:00:00,1,0,2024-07-21 04:05:36,0,2024-07-21 04:05:36,,,
2019-05,湖北省,1059.79,,4242.46,,1807,2019-05-31 00:00:00,1,0,2024-07-21 04:05:36,0,2024-07-21 04:05:36,,,
2019-05,河南省,1202.22,,4253.14,,1808,2019-05-31 00:00:00,1,0,2024-07-21 04:05:36,0,2024-07-21 04:05:36,,,
2019-05,山东省,1559.57,,5139.44,,1809,2019-05-31 00:00:00,1,0,2024-07-21 04:05:36,0,2024-07-21 04:05:36,,,
2019-05,江西省,866.38,,3276.93,,1810,2019-05-31 00:00:00,1,0,2024-07-21 04:05:36,0,2024-07-21 04:05:36,,,
2019-05,福建省,768.62,,3509.78,,1811,2019-05-31 00:00:00,1,0,2024-07-21 04:05:36,0,2024-07-21 04:05:36,,,
2019-05,安徽省,1284.59,,5076.87,,1812,2019-05-31 00:00:00,1,0,2024-07-21 04:05:36,0,2024-07-21 04:05:36,,,
2019-05,浙江省,1294.71,,4850.04,,1813,2019-05-31 00:00:00,1,0,2024-07-21 04:05:36,0,2024-07-21 04:05:36,,,
2019-05,江苏省,1439.46,,5859.63,,1814,2019-05-31 00:00:00,1,0,2024-07-21 04:05:36,0,2024-07-21 04:05:36,,,
2019-05,上海市,42.66,,170.21,,1815,2019-05-31 00:00:00,1,0,2024-07-21 04:05:36,0,2024-07-21 04:05:36,,,
2019-05,黑龙江省,216.63,,429.40,,1816,2019-05-31 00:00:00,1,0,2024-07-21 04:05:36,0,2024-07-21 04:05:36,,,
2019-05,吉林省,211.99,,445.63,,1817,2019-05-31 00:00:00,1,0,2024-07-21 04:05:36,0,2024-07-21 04:05:36,,,
2019-05,辽宁省,499.68,,1246.92,,1818,2019-05-31 00:00:00,1,0,2024-07-21 04:05:36,0,2024-07-21 04:05:36,,,
2019-05,内蒙古区,402.72,,853.87,,1819,2019-05-31 00:00:00,1,0,2024-07-21 04:05:36,0,2024-07-21 04:05:36,,,
2019-05,山西省,566.16,,1549.54,,1820,2019-05-31 00:00:00,1,0,2024-07-21 04:05:36,0,2024-07-21 04:05:36,,,
2019-05,河北省,1221.79,,3587.22,,1821,2019-05-31 00:00:00,1,0,2024-07-21 04:05:36,0,2024-07-21 04:05:36,,,
2019-05,天津市,83.80,,248.12,,1822,2019-05-31 00:00:00,1,0,2024-07-21 04:05:36,0,2024-07-21 04:05:36,,,
2019-05,北京市,43.16,,122.45,,1823,2019-05-31 00:00:00,1,0,2024-07-21 04:05:36,0,2024-07-21 04:05:36,,,
2019-05,全国,22696.20,7.20,83319.60,7.10,1824,2019-05-31 00:00:00,1,0,2024-07-21 04:05:36,0,2024-07-21 04:05:36,,,
2019-04,新疆区,374.85,,563.35,,1825,2019-04-30 00:00:00,1,0,2024-07-21 04:05:36,0,2024-07-21 04:05:36,,,
2019-04,宁夏区,191.60,,343.11,,1826,2019-04-30 00:00:00,1,0,2024-07-21 04:05:36,0,2024-07-21 04:05:36,,,
2019-04,青海省,128.33,,201.79,,1827,2019-04-30 00:00:00,1,0,2024-07-21 04:05:36,0,2024-07-21 04:05:36,,,
2019-04,甘肃省,470.84,,867.94,,1828,2019-04-30 00:00:00,1,0,2024-07-21 04:05:36,0,2024-07-21 04:05:36,,,
2019-04,陕西省,715.96,,1723.15,,1829,2019-04-30 00:00:00,1,0,2024-07-21 04:05:36,0,2024-07-21 04:05:36,,,
2019-04,西藏区,96.22,,220.11,,1830,2019-04-30 00:00:00,1,0,2024-07-21 04:05:36,0,2024-07-21 04:05:36,,,
2019-04,云南省,1159.19,,3899.34,,1831,2019-04-30 00:00:00,1,0,2024-07-21 04:05:39,0,2024-07-21 04:05:39,,,
2019-04,贵州省,1004.52,,2899.19,,1832,2019-04-30 00:00:00,1,0,2024-07-21 04:05:39,0,2024-07-21 04:05:39,,,
2019-04,四川省,1365.52,,4495.07,,1833,2019-04-30 00:00:00,1,0,2024-07-21 04:05:39,0,2024-07-21 04:05:39,,,
2019-04,重庆市,618.85,,2072.34,,1834,2019-04-30 00:00:00,1,0,2024-07-21 04:05:39,0,2024-07-21 04:05:39,,,
2019-04,海南省,181.87,,541.16,,1835,2019-04-30 00:00:00,1,0,2024-07-21 04:05:39,0,2024-07-21 04:05:39,,,
2019-04,广西区,992.27,,3326.35,,1836,2019-04-30 00:00:00,1,0,2024-07-21 04:05:39,0,2024-07-21 04:05:39,,,
2019-04,广东省,1378.12,,4688.47,,1837,2019-04-30 00:00:00,1,0,2024-07-21 04:05:39,0,2024-07-21 04:05:39,,,
2019-04,湖南省,936.19,,2695.26,,1838,2019-04-30 00:00:00,1,0,2024-07-21 04:05:39,0,2024-07-21 04:05:39,,,
2019-04,湖北省,1049.58,,3137.49,,1839,2019-04-30 00:00:00,1,0,2024-07-21 04:05:39,0,2024-07-21 04:05:39,,,
2019-04,河南省,1164.00,,3051.69,,1840,2019-04-30 00:00:00,1,0,2024-07-21 04:05:39,0,2024-07-21 04:05:39,,,
2019-04,山东省,1387.28,,3578.55,,1841,2019-04-30 00:00:00,1,0,2024-07-21 04:05:39,0,2024-07-21 04:05:39,,,
2019-04,江西省,791.71,,2386.61,,1842,2019-04-30 00:00:00,1,0,2024-07-21 04:05:39,0,2024-07-21 04:05:39,,,
2019-04,福建省,780.44,,2741.15,,1843,2019-04-30 00:00:00,1,0,2024-07-21 04:05:39,0,2024-07-21 04:05:39,,,
2019-04,安徽省,1234.87,,3805.57,,1844,2019-04-30 00:00:00,1,0,2024-07-21 04:05:39,0,2024-07-21 04:05:39,,,
2019-04,浙江省,1259.23,,3553.54,,1845,2019-04-30 00:00:00,1,0,2024-07-21 04:05:39,0,2024-07-21 04:05:39,,,
2019-04,江苏省,1350.85,,4419.70,,1846,2019-04-30 00:00:00,1,0,2024-07-21 04:05:39,0,2024-07-21 04:05:39,,,
2019-04,上海市,44.10,,127.55,,1847,2019-04-30 00:00:00,1,0,2024-07-21 04:05:39,0,2024-07-21 04:05:39,,,
2019-04,黑龙江省,136.10,,212.77,,1848,2019-04-30 00:00:00,1,0,2024-07-21 04:05:39,0,2024-07-21 04:05:39,,,
2019-04,吉林省,136.81,,222.26,,1849,2019-04-30 00:00:00,1,0,2024-07-21 04:05:39,0,2024-07-21 04:05:39,,,
2019-04,辽宁省,463.30,,740.11,,1850,2019-04-30 00:00:00,1,0,2024-07-21 04:05:39,0,2024-07-21 04:05:39,,,
2019-04,内蒙古区,314.47,,455.16,,1851,2019-04-30 00:00:00,1,0,2024-07-21 04:05:39,0,2024-07-21 04:05:39,,,
2019-04,山西省,490.26,,983.39,,1852,2019-04-30 00:00:00,1,0,2024-07-21 04:05:39,0,2024-07-21 04:05:39,,,
2019-04,河北省,1023.09,,2365.43,,1853,2019-04-30 00:00:00,1,0,2024-07-21 04:05:39,0,2024-07-21 04:05:39,,,
2019-04,天津市,72.68,,164.32,,1854,2019-04-30 00:00:00,1,0,2024-07-21 04:05:39,0,2024-07-21 04:05:39,,,
2019-04,北京市,32.33,,79.29,,1855,2019-04-30 00:00:00,1,0,2024-07-21 04:05:39,0,2024-07-21 04:05:39,,,
2019-04,全国,21345.40,3.40,60561.20,7.30,1856,2019-04-30 00:00:00,1,0,2024-07-21 04:05:39,0,2024-07-21 04:05:39,,,
2019-03,新疆区,161.70,,188.53,,1857,2019-03-31 00:00:00,1,0,2024-07-21 04:05:39,0,2024-07-21 04:05:39,,,
2019-03,宁夏区,127.80,,151.46,,1858,2019-03-31 00:00:00,1,0,2024-07-21 04:05:39,0,2024-07-21 04:05:39,,,
2019-03,青海省,53.52,,73.46,,1859,2019-03-31 00:00:00,1,0,2024-07-21 04:05:39,0,2024-07-21 04:05:39,,,
2019-03,甘肃省,293.13,,397.10,,1860,2019-03-31 00:00:00,1,0,2024-07-21 04:05:39,0,2024-07-21 04:05:39,,,
2019-03,陕西省,524.19,,1007.22,,1861,2019-03-31 00:00:00,1,0,2024-07-21 04:05:42,0,2024-07-21 04:05:42,,,
2019-03,西藏区,57.83,,124.03,,1862,2019-03-31 00:00:00,1,0,2024-07-21 04:05:42,0,2024-07-21 04:05:42,,,
2019-03,云南省,1174.82,,2740.13,,1863,2019-03-31 00:00:00,1,0,2024-07-21 04:05:42,0,2024-07-21 04:05:42,,,
2019-03,贵州省,905.43,,1904.07,,1864,2019-03-31 00:00:00,1,0,2024-07-21 04:05:42,0,2024-07-21 04:05:42,,,
2019-03,四川省,1247.47,,3106.93,,1865,2019-03-31 00:00:00,1,0,2024-07-21 04:05:42,0,2024-07-21 04:05:42,,,
2019-03,重庆市,574.67,,1453.48,,1866,2019-03-31 00:00:00,1,0,2024-07-21 04:05:42,0,2024-07-21 04:05:42,,,
2019-03,海南省,165.15,,358.90,,1867,2019-03-31 00:00:00,1,0,2024-07-21 04:05:42,0,2024-07-21 04:05:42,,,
2019-03,广西区,953.78,,2349.76,,1868,2019-03-31 00:00:00,1,0,2024-07-21 04:05:42,0,2024-07-21 04:05:42,,,
2019-03,广东省,1255.89,,3232.31,,1869,2019-03-31 00:00:00,1,0,2024-07-21 04:05:42,0,2024-07-21 04:05:42,,,
2019-03,湖南省,803.89,,1772.80,,1870,2019-03-31 00:00:00,1,0,2024-07-21 04:05:42,0,2024-07-21 04:05:42,,,
2019-03,湖北省,985.99,,2097.00,,1871,2019-03-31 00:00:00,1,0,2024-07-21 04:05:42,0,2024-07-21 04:05:42,,,
2019-03,河南省,962.82,,1889.79,,1872,2019-03-31 00:00:00,1,0,2024-07-21 04:05:42,0,2024-07-21 04:05:42,,,
2019-03,山东省,1185.04,,2171.23,,1873,2019-03-31 00:00:00,1,0,2024-07-21 04:05:42,0,2024-07-21 04:05:42,,,
2019-03,江西省,639.27,,1594.90,,1874,2019-03-31 00:00:00,1,0,2024-07-21 04:05:42,0,2024-07-21 04:05:42,,,
2019-03,福建省,738.02,,1960.71,,1875,2019-03-31 00:00:00,1,0,2024-07-21 04:05:42,0,2024-07-21 04:05:42,,,
2019-03,安徽省,1193.16,,2570.21,,1876,2019-03-31 00:00:00,1,0,2024-07-21 04:05:42,0,2024-07-21 04:05:42,,,
2019-03,浙江省,1059.23,,2292.66,,1877,2019-03-31 00:00:00,1,0,2024-07-21 04:05:42,0,2024-07-21 04:05:42,,,
2019-03,江苏省,1294.78,,3068.77,,1878,2019-03-31 00:00:00,1,0,2024-07-21 04:05:42,0,2024-07-21 04:05:42,,,
2019-03,上海市,34.39,,83.45,,1879,2019-03-31 00:00:00,1,0,2024-07-21 04:05:42,0,2024-07-21 04:05:42,,,
2019-03,黑龙江省,64.59,,76.66,,1880,2019-03-31 00:00:00,1,0,2024-07-21 04:05:42,0,2024-07-21 04:05:42,,,
2019-03,吉林省,79.18,,89.05,,1881,2019-03-31 00:00:00,1,0,2024-07-21 04:05:42,0,2024-07-21 04:05:42,,,
2019-03,辽宁省,205.63,,274.05,,1882,2019-03-31 00:00:00,1,0,2024-07-21 04:05:42,0,2024-07-21 04:05:42,,,
2019-03,内蒙古区,113.92,,140.68,,1883,2019-03-31 00:00:00,1,0,2024-07-21 04:05:42,0,2024-07-21 04:05:42,,,
2019-03,山西省,316.53,,507.96,,1884,2019-03-31 00:00:00,1,0,2024-07-21 04:05:42,0,2024-07-21 04:05:42,,,
2019-03,河北省,727.31,,1344.03,,1885,2019-03-31 00:00:00,1,0,2024-07-21 04:05:42,0,2024-07-21 04:05:42,,,
2019-03,天津市,49.24,,91.64,,1886,2019-03-31 00:00:00,1,0,2024-07-21 04:05:42,0,2024-07-21 04:05:42,,,
2019-03,北京市,22.68,,46.96,,1887,2019-03-31 00:00:00,1,0,2024-07-21 04:05:42,0,2024-07-21 04:05:42,,,
2019-03,全国,17971.10,22.20,39160.00,9.40,1888,2019-03-31 00:00:00,1,0,2024-07-21 04:05:42,0,2024-07-21 04:05:42,,,
2019-02,新疆区,,,27.08,,1889,2019-02-28 00:00:00,1,0,2024-07-21 04:05:42,0,2024-07-21 04:05:42,,,
2019-02,宁夏区,,,22.61,,1890,2019-02-28 00:00:00,1,0,2024-07-21 04:05:42,0,2024-07-21 04:05:42,,,
2019-02,青海省,,,25.94,,1891,2019-02-28 00:00:00,1,0,2024-07-21 04:05:46,0,2024-07-21 04:05:46,,,
2019-02,甘肃省,,,103.96,,1892,2019-02-28 00:00:00,1,0,2024-07-21 04:05:46,0,2024-07-21 04:05:46,,,
2019-02,陕西省,,,483.03,,1893,2019-02-28 00:00:00,1,0,2024-07-21 04:05:46,0,2024-07-21 04:05:46,,,
2019-02,西藏区,,,66.20,,1894,2019-02-28 00:00:00,1,0,2024-07-21 04:05:46,0,2024-07-21 04:05:46,,,
2019-02,云南省,,,1521.69,,1895,2019-02-28 00:00:00,1,0,2024-07-21 04:05:46,0,2024-07-21 04:05:46,,,
2019-02,贵州省,,,1001.33,,1896,2019-02-28 00:00:00,1,0,2024-07-21 04:05:46,0,2024-07-21 04:05:46,,,
2019-02,四川省,,,1854.81,,1897,2019-02-28 00:00:00,1,0,2024-07-21 04:05:46,0,2024-07-21 04:05:46,,,
2019-02,重庆市,,,875.48,,1898,2019-02-28 00:00:00,1,0,2024-07-21 04:05:46,0,2024-07-21 04:05:46,,,
2019-02,海南省,,,193.75,,1899,2019-02-28 00:00:00,1,0,2024-07-21 04:05:46,0,2024-07-21 04:05:46,,,
2019-02,广西区,,,1423.14,,1900,2019-02-28 00:00:00,1,0,2024-07-21 04:05:46,0,2024-07-21 04:05:46,,,
2019-02,广东省,,,1975.57,,1901,2019-02-28 00:00:00,1,0,2024-07-21 04:05:46,0,2024-07-21 04:05:46,,,
2019-02,湖南省,,,968.40,,1902,2019-02-28 00:00:00,1,0,2024-07-21 04:05:46,0,2024-07-21 04:05:46,,,
2019-02,湖北省,,,1130.96,,1903,2019-02-28 00:00:00,1,0,2024-07-21 04:05:46,0,2024-07-21 04:05:46,,,
2019-02,河南省,,,948.83,,1904,2019-02-28 00:00:00,1,0,2024-07-21 04:05:46,0,2024-07-21 04:05:46,,,
2019-02,山东省,,,982.24,,1905,2019-02-28 00:00:00,1,0,2024-07-21 04:05:46,0,2024-07-21 04:05:46,,,
2019-02,江西省,,,951.35,,1906,2019-02-28 00:00:00,1,0,2024-07-21 04:05:46,0,2024-07-21 04:05:46,,,
2019-02,福建省,,,1222.72,,1907,2019-02-28 00:00:00,1,0,2024-07-21 04:05:46,0,2024-07-21 04:05:46,,,
2019-02,安徽省,,,1377.05,,1908,2019-02-28 00:00:00,1,0,2024-07-21 04:05:46,0,2024-07-21 04:05:46,,,
2019-02,浙江省,,,1236.50,,1909,2019-02-28 00:00:00,1,0,2024-07-21 04:05:46,0,2024-07-21 04:05:46,,,
2019-02,江苏省,,,1785.16,,1910,2019-02-28 00:00:00,1,0,2024-07-21 04:05:46,0,2024-07-21 04:05:46,,,
2019-02,上海市,,,49.06,,1911,2019-02-28 00:00:00,1,0,2024-07-21 04:05:46,0,2024-07-21 04:05:46,,,
2019-02,黑龙江省,,,12.07,,1912,2019-02-28 00:00:00,1,0,2024-07-21 04:05:46,0,2024-07-21 04:05:46,,,
2019-02,吉林省,,,11.68,,1913,2019-02-28 00:00:00,1,0,2024-07-21 04:05:46,0,2024-07-21 04:05:46,,,
2019-02,辽宁省,,,57.33,,1914,2019-02-28 00:00:00,1,0,2024-07-21 04:05:46,0,2024-07-21 04:05:46,,,
2019-02,内蒙古区,,,26.86,,1915,2019-02-28 00:00:00,1,0,2024-07-21 04:05:46,0,2024-07-21 04:05:46,,,
2019-02,山西省,,,186.32,,1916,2019-02-28 00:00:00,1,0,2024-07-21 04:05:46,0,2024-07-21 04:05:46,,,
2019-02,河北省,,,592.15,,1917,2019-02-28 00:00:00,1,0,2024-07-21 04:05:46,0,2024-07-21 04:05:46,,,
2019-02,天津市,,,42.40,,1918,2019-02-28 00:00:00,1,0,2024-07-21 04:05:46,0,2024-07-21 04:05:46,,,
2019-02,北京市,,,24.92,,1919,2019-02-28 00:00:00,1,0,2024-07-21 04:05:46,0,2024-07-21 04:05:46,,,
2019-02,全国,,,21180.60,0.50,1920,2019-02-28 00:00:00,1,0,2024-07-21 04:05:46,0,2024-07-21 04:05:46,,,
2019-01,新疆区,,,,,1921,2019-01-31 00:00:00,1,0,2024-07-21 04:05:48,0,2024-07-21 04:05:48,,,
2019-01,宁夏区,,,,,1922,2019-01-31 00:00:00,1,0,2024-07-21 04:05:48,0,2024-07-21 04:05:48,,,
2019-01,青海省,,,,,1923,2019-01-31 00:00:00,1,0,2024-07-21 04:05:48,0,2024-07-21 04:05:48,,,
2019-01,甘肃省,,,,,1924,2019-01-31 00:00:00,1,0,2024-07-21 04:05:48,0,2024-07-21 04:05:48,,,
2019-01,陕西省,,,,,1925,2019-01-31 00:00:00,1,0,2024-07-21 04:05:48,0,2024-07-21 04:05:48,,,
2019-01,西藏区,,,,,1926,2019-01-31 00:00:00,1,0,2024-07-21 04:05:48,0,2024-07-21 04:05:48,,,
2019-01,云南省,,,,,1927,2019-01-31 00:00:00,1,0,2024-07-21 04:05:48,0,2024-07-21 04:05:48,,,
2019-01,贵州省,,,,,1928,2019-01-31 00:00:00,1,0,2024-07-21 04:05:48,0,2024-07-21 04:05:48,,,
2019-01,四川省,,,,,1929,2019-01-31 00:00:00,1,0,2024-07-21 04:05:48,0,2024-07-21 04:05:48,,,
2019-01,重庆市,,,,,1930,2019-01-31 00:00:00,1,0,2024-07-21 04:05:48,0,2024-07-21 04:05:48,,,
2019-01,海南省,,,,,1931,2019-01-31 00:00:00,1,0,2024-07-21 04:05:48,0,2024-07-21 04:05:48,,,
2019-01,广西区,,,,,1932,2019-01-31 00:00:00,1,0,2024-07-21 04:05:48,0,2024-07-21 04:05:48,,,
2019-01,广东省,,,,,1933,2019-01-31 00:00:00,1,0,2024-07-21 04:05:48,0,2024-07-21 04:05:48,,,
2019-01,湖南省,,,,,1934,2019-01-31 00:00:00,1,0,2024-07-21 04:05:48,0,2024-07-21 04:05:48,,,
2019-01,湖北省,,,,,1935,2019-01-31 00:00:00,1,0,2024-07-21 04:05:48,0,2024-07-21 04:05:48,,,
2019-01,河南省,,,,,1936,2019-01-31 00:00:00,1,0,2024-07-21 04:05:48,0,2024-07-21 04:05:48,,,
2019-01,山东省,,,,,1937,2019-01-31 00:00:00,1,0,2024-07-21 04:05:48,0,2024-07-21 04:05:48,,,
2019-01,江西省,,,,,1938,2019-01-31 00:00:00,1,0,2024-07-21 04:05:48,0,2024-07-21 04:05:48,,,
2019-01,福建省,,,,,1939,2019-01-31 00:00:00,1,0,2024-07-21 04:05:48,0,2024-07-21 04:05:48,,,
2019-01,安徽省,,,,,1940,2019-01-31 00:00:00,1,0,2024-07-21 04:05:48,0,2024-07-21 04:05:48,,,
2019-01,浙江省,,,,,1941,2019-01-31 00:00:00,1,0,2024-07-21 04:05:48,0,2024-07-21 04:05:48,,,
2019-01,江苏省,,,,,1942,2019-01-31 00:00:00,1,0,2024-07-21 04:05:48,0,2024-07-21 04:05:48,,,
2019-01,上海市,,,,,1943,2019-01-31 00:00:00,1,0,2024-07-21 04:05:48,0,2024-07-21 04:05:48,,,
2019-01,黑龙江省,,,,,1944,2019-01-31 00:00:00,1,0,2024-07-21 04:05:48,0,2024-07-21 04:05:48,,,
2019-01,吉林省,,,,,1945,2019-01-31 00:00:00,1,0,2024-07-21 04:05:48,0,2024-07-21 04:05:48,,,
2019-01,辽宁省,,,,,1946,2019-01-31 00:00:00,1,0,2024-07-21 04:05:48,0,2024-07-21 04:05:48,,,
2019-01,内蒙古区,,,,,1947,2019-01-31 00:00:00,1,0,2024-07-21 04:05:48,0,2024-07-21 04:05:48,,,
2019-01,山西省,,,,,1948,2019-01-31 00:00:00,1,0,2024-07-21 04:05:48,0,2024-07-21 04:05:48,,,
2019-01,河北省,,,,,1949,2019-01-31 00:00:00,1,0,2024-07-21 04:05:48,0,2024-07-21 04:05:48,,,
2019-01,天津市,,,,,1950,2019-01-31 00:00:00,1,0,2024-07-21 04:05:48,0,2024-07-21 04:05:48,,,
2019-01,北京市,,,,,1951,2019-01-31 00:00:00,1,0,2024-07-21 04:05:52,0,2024-07-21 04:05:52,,,
2019-01,全国,,,,,1952,2019-01-31 00:00:00,1,0,2024-07-21 04:05:52,0,2024-07-21 04:05:52,,,
2018-12,新疆区,56.09,,3541.78,,1953,2018-12-31 00:00:00,1,0,2024-07-21 04:05:52,0,2024-07-21 04:05:52,,,
2018-12,宁夏区,38.38,,1726.35,,1954,2018-12-31 00:00:00,1,0,2024-07-21 04:05:52,0,2024-07-21 04:05:52,,,
2018-12,青海省,39.24,,1347.83,,1955,2018-12-31 00:00:00,1,0,2024-07-21 04:05:52,0,2024-07-21 04:05:52,,,
2018-12,甘肃省,136.72,,3847.15,,1956,2018-12-31 00:00:00,1,0,2024-07-21 04:05:52,0,2024-07-21 04:05:52,,,
2018-12,陕西省,455.90,,6270.83,,1957,2018-12-31 00:00:00,1,0,2024-07-21 04:05:52,0,2024-07-21 04:05:52,,,
2018-12,西藏区,29.13,,913.03,,1958,2018-12-31 00:00:00,1,0,2024-07-21 04:05:52,0,2024-07-21 04:05:52,,,
2018-12,云南省,1253.62,,11798.42,,1959,2018-12-31 00:00:00,1,0,2024-07-21 04:05:52,0,2024-07-21 04:05:52,,,
2018-12,贵州省,1021.14,,11031.75,,1960,2018-12-31 00:00:00,1,0,2024-07-21 04:05:52,0,2024-07-21 04:05:52,,,
2018-12,四川省,1329.31,,13748.66,,1961,2018-12-31 00:00:00,1,0,2024-07-21 04:05:52,0,2024-07-21 04:05:52,,,
2018-12,重庆市,691.00,,6577.54,,1962,2018-12-31 00:00:00,1,0,2024-07-21 04:05:52,0,2024-07-21 04:05:52,,,
2018-12,海南省,206.82,,2104.15,,1963,2018-12-31 00:00:00,1,0,2024-07-21 04:05:52,0,2024-07-21 04:05:52,,,
2018-12,广西区,1183.64,,11744.13,,1964,2018-12-31 00:00:00,1,0,2024-07-21 04:05:52,0,2024-07-21 04:05:52,,,
2018-12,广东省,1663.28,,15988.89,,1965,2018-12-31 00:00:00,1,0,2024-07-21 04:05:52,0,2024-07-21 04:05:52,,,
2018-12,湖南省,955.78,,10920.60,,1966,2018-12-31 00:00:00,1,0,2024-07-21 04:05:52,0,2024-07-21 04:05:52,,,
2018-12,湖北省,998.23,,10690.23,,1967,2018-12-31 00:00:00,1,0,2024-07-21 04:05:52,0,2024-07-21 04:05:52,,,
2018-12,河南省,772.91,,10964.97,,1968,2018-12-31 00:00:00,1,0,2024-07-21 04:05:52,0,2024-07-21 04:05:52,,,
2018-12,山东省,978.46,,12280.24,,1969,2018-12-31 00:00:00,1,0,2024-07-21 04:05:52,0,2024-07-21 04:05:52,,,
2018-12,江西省,782.68,,8813.55,,1970,2018-12-31 00:00:00,1,0,2024-07-21 04:05:52,0,2024-07-21 04:05:52,,,
2018-12,福建省,914.93,,8783.18,,1971,2018-12-31 00:00:00,1,0,2024-07-21 04:05:52,0,2024-07-21 04:05:52,,,
2018-12,安徽省,1153.34,,13027.85,,1972,2018-12-31 00:00:00,1,0,2024-07-21 04:05:52,0,2024-07-21 04:05:52,,,
2018-12,浙江省,1029.78,,12248.26,,1973,2018-12-31 00:00:00,1,0,2024-07-21 04:05:52,0,2024-07-21 04:05:52,,,
2018-12,江苏省,1401.80,,14692.03,,1974,2018-12-31 00:00:00,1,0,2024-07-21 04:05:52,0,2024-07-21 04:05:52,,,
2018-12,上海市,39.50,,409.08,,1975,2018-12-31 00:00:00,1,0,2024-07-21 04:05:52,0,2024-07-21 04:05:52,,,
2018-12,黑龙江省,32.42,,1888.18,,1976,2018-12-31 00:00:00,1,0,2024-07-21 04:05:52,0,2024-07-21 04:05:52,,,
2018-12,吉林省,28.15,,1333.54,,1977,2018-12-31 00:00:00,1,0,2024-07-21 04:05:52,0,2024-07-21 04:05:52,,,
2018-12,辽宁省,155.35,,3989.56,,1978,2018-12-31 00:00:00,1,0,2024-07-21 04:05:52,0,2024-07-21 04:05:52,,,
2018-12,内蒙古区,70.77,,2905.26,,1979,2018-12-31 00:00:00,1,0,2024-07-21 04:05:52,0,2024-07-21 04:05:52,,,
2018-12,山西省,316.88,,4127.26,,1980,2018-12-31 00:00:00,1,0,2024-07-21 04:05:52,0,2024-07-21 04:05:52,,,
2018-12,河北省,580.09,,8936.03,,1981,2018-12-31 00:00:00,1,0,2024-07-21 04:05:55,0,2024-07-21 04:05:55,,,
2018-12,天津市,50.03,,619.42,,1982,2018-12-31 00:00:00,1,0,2024-07-21 04:05:55,0,2024-07-21 04:05:55,,,
2018-12,北京市,28.66,,396.98,,1983,2018-12-31 00:00:00,1,0,2024-07-21 04:05:55,0,2024-07-21 04:05:55,,,
2018-12,全国,18394.00,4.30,217666.80,3.00,1984,2018-12-31 00:00:00,1,0,2024-07-21 04:05:55,0,2024-07-21 04:05:55,,,
2018-11,新疆区,271.59,,3485.69,,1985,2018-11-30 00:00:00,1,0,2024-07-21 04:05:55,0,2024-07-21 04:05:55,,,
2018-11,宁夏区,127.95,,1686.30,,1986,2018-11-30 00:00:00,1,0,2024-07-21 04:05:55,0,2024-07-21 04:05:55,,,
2018-11,青海省,92.35,,1308.58,,1987,2018-11-30 00:00:00,1,0,2024-07-21 04:05:55,0,2024-07-21 04:05:55,,,
2018-11,甘肃省,316.06,,3710.93,,1988,2018-11-30 00:00:00,1,0,2024-07-21 04:05:55,0,2024-07-21 04:05:55,,,
2018-11,陕西省,584.29,,5718.77,,1989,2018-11-30 00:00:00,1,0,2024-07-21 04:05:55,0,2024-07-21 04:05:55,,,
2018-11,西藏区,75.54,,887.01,,1990,2018-11-30 00:00:00,1,0,2024-07-21 04:05:55,0,2024-07-21 04:05:55,,,
2018-11,云南省,1240.02,,10638.34,,1991,2018-11-30 00:00:00,1,0,2024-07-21 04:05:55,0,2024-07-21 04:05:55,,,
2018-11,贵州省,1071.67,,10039.85,,1992,2018-11-30 00:00:00,1,0,2024-07-21 04:05:55,0,2024-07-21 04:05:55,,,
2018-11,四川省,1265.51,,12742.83,,1993,2018-11-30 00:00:00,1,0,2024-07-21 04:05:55,0,2024-07-21 04:05:55,,,
2018-11,重庆市,645.88,,5886.54,,1994,2018-11-30 00:00:00,1,0,2024-07-21 04:05:55,0,2024-07-21 04:05:55,,,
2018-11,海南省,217.29,,1924.34,,1995,2018-11-30 00:00:00,1,0,2024-07-21 04:05:55,0,2024-07-21 04:05:55,,,
2018-11,广西区,1179.27,,10556.28,,1996,2018-11-30 00:00:00,1,0,2024-07-21 04:05:55,0,2024-07-21 04:05:55,,,
2018-11,广东省,1539.23,,14273.03,,1997,2018-11-30 00:00:00,1,0,2024-07-21 04:05:55,0,2024-07-21 04:05:55,,,
2018-11,湖南省,1025.51,,9939.96,,1998,2018-11-30 00:00:00,1,0,2024-07-21 04:05:55,0,2024-07-21 04:05:55,,,
2018-11,湖北省,1010.30,,9711.81,,1999,2018-11-30 00:00:00,1,0,2024-07-21 04:05:55,0,2024-07-21 04:05:55,,,
2018-11,河南省,921.11,,9653.00,,2000,2018-11-30 00:00:00,1,0,2024-07-21 04:05:55,0,2024-07-21 04:05:55,,,
2018-11,山东省,1346.40,,12150.81,,2001,2018-11-30 00:00:00,1,0,2024-07-21 04:05:55,0,2024-07-21 04:05:55,,,
2018-11,江西省,846.43,,8109.47,,2002,2018-11-30 00:00:00,1,0,2024-07-21 04:05:55,0,2024-07-21 04:05:55,,,
2018-11,福建省,828.90,,8016.49,,2003,2018-11-30 00:00:00,1,0,2024-07-21 04:05:55,0,2024-07-21 04:05:55,,,
2018-11,安徽省,1215.78,,11861.90,,2004,2018-11-30 00:00:00,1,0,2024-07-21 04:05:55,0,2024-07-21 04:05:55,,,
2018-11,浙江省,1163.86,,11218.78,,2005,2018-11-30 00:00:00,1,0,2024-07-21 04:05:55,0,2024-07-21 04:05:55,,,
2018-11,江苏省,1359.78,,12950.94,,2006,2018-11-30 00:00:00,1,0,2024-07-21 04:05:55,0,2024-07-21 04:05:55,,,
2018-11,上海市,29.40,,369.58,,2007,2018-11-30 00:00:00,1,0,2024-07-21 04:05:55,0,2024-07-21 04:05:55,,,
2018-11,黑龙江省,100.74,,1855.76,,2008,2018-11-30 00:00:00,1,0,2024-07-21 04:05:55,0,2024-07-21 04:05:55,,,
2018-11,吉林省,80.35,,1305.41,,2009,2018-11-30 00:00:00,1,0,2024-07-21 04:05:55,0,2024-07-21 04:05:55,,,
2018-11,辽宁省,349.59,,3833.49,,2010,2018-11-30 00:00:00,1,0,2024-07-21 04:05:55,0,2024-07-21 04:05:55,,,
2018-11,内蒙古区,207.19,,2820.60,,2011,2018-11-30 00:00:00,1,0,2024-07-21 04:05:59,0,2024-07-21 04:05:59,,,
2018-11,山西省,449.55,,3805.80,,2012,2018-11-30 00:00:00,1,0,2024-07-21 04:05:59,0,2024-07-21 04:05:59,,,
2018-11,河北省,862.26,,8448.06,,2013,2018-11-30 00:00:00,1,0,2024-07-21 04:05:59,0,2024-07-21 04:05:59,,,
2018-11,天津市,58.49,,569.39,,2014,2018-11-30 00:00:00,1,0,2024-07-21 04:05:59,0,2024-07-21 04:05:59,,,
2018-11,北京市,38.31,,368.32,,2015,2018-11-30 00:00:00,1,0,2024-07-21 04:05:59,0,2024-07-21 04:05:59,,,
2018-11,全国,20520.60,1.60,199848.10,2.30,2016,2018-11-30 00:00:00,1,0,2024-07-21 04:05:59,0,2024-07-21 04:05:59,,,
2018-10,新疆区,445.99,,3204.72,,2017,2018-10-31 00:00:00,1,0,2024-07-21 04:05:59,0,2024-07-21 04:05:59,,,
2018-10,宁夏区,221.32,,1558.35,,2018,2018-10-31 00:00:00,1,0,2024-07-21 04:05:59,0,2024-07-21 04:05:59,,,
2018-10,青海省,169.80,,1216.23,,2019,2018-10-31 00:00:00,1,0,2024-07-21 04:05:59,0,2024-07-21 04:05:59,,,
2018-10,甘肃省,491.12,,3394.87,,2020,2018-10-31 00:00:00,1,0,2024-07-21 04:05:59,0,2024-07-21 04:05:59,,,
2018-10,陕西省,659.21,,5122.64,,2021,2018-10-31 00:00:00,1,0,2024-07-21 04:05:59,0,2024-07-21 04:05:59,,,
2018-10,西藏区,108.05,,803.82,,2022,2018-10-31 00:00:00,1,0,2024-07-21 04:05:59,0,2024-07-21 04:05:59,,,
2018-10,云南省,950.67,,9398.27,,2023,2018-10-31 00:00:00,1,0,2024-07-21 04:05:59,0,2024-07-21 04:05:59,,,
2018-10,贵州省,977.86,,8968.28,,2024,2018-10-31 00:00:00,1,0,2024-07-21 04:05:59,0,2024-07-21 04:05:59,,,
2018-10,四川省,1268.39,,11477.40,,2025,2018-10-31 00:00:00,1,0,2024-07-21 04:05:59,0,2024-07-21 04:05:59,,,
2018-10,重庆市,597.59,,5240.66,,2026,2018-10-31 00:00:00,1,0,2024-07-21 04:05:59,0,2024-07-21 04:05:59,,,
2018-10,海南省,193.08,,1622.14,,2027,2018-10-31 00:00:00,1,0,2024-07-21 04:05:59,0,2024-07-21 04:05:59,,,
2018-10,广西区,1036.71,,9371.72,,2028,2018-10-31 00:00:00,1,0,2024-07-21 04:05:59,0,2024-07-21 04:05:59,,,
2018-10,广东省,1483.41,,12757.09,,2029,2018-10-31 00:00:00,1,0,2024-07-21 04:05:59,0,2024-07-21 04:05:59,,,
2018-10,湖南省,1038.88,,8914.46,,2030,2018-10-31 00:00:00,1,0,2024-07-21 04:05:59,0,2024-07-21 04:05:59,,,
2018-10,湖北省,1005.57,,8482.21,,2031,2018-10-31 00:00:00,1,0,2024-07-21 04:05:59,0,2024-07-21 04:05:59,,,
2018-10,河南省,1100.16,,8747.29,,2032,2018-10-31 00:00:00,1,0,2024-07-21 04:05:59,0,2024-07-21 04:05:59,,,
2018-10,山东省,1489.97,,11094.47,,2033,2018-10-31 00:00:00,1,0,2024-07-21 04:05:59,0,2024-07-21 04:05:59,,,
2018-10,江西省,891.84,,7263.04,,2034,2018-10-31 00:00:00,1,0,2024-07-21 04:05:59,0,2024-07-21 04:05:59,,,
2018-10,福建省,843.81,,7187.62,,2035,2018-10-31 00:00:00,1,0,2024-07-21 04:05:59,0,2024-07-21 04:05:59,,,
2018-10,安徽省,1317.07,,10646.11,,2036,2018-10-31 00:00:00,1,0,2024-07-21 04:05:59,0,2024-07-21 04:05:59,,,
2018-10,浙江省,1236.53,,10054.93,,2037,2018-10-31 00:00:00,1,0,2024-07-21 04:05:59,0,2024-07-21 04:05:59,,,
2018-10,江苏省,1401.19,,11583.01,,2038,2018-10-31 00:00:00,1,0,2024-07-21 04:05:59,0,2024-07-21 04:05:59,,,
2018-10,上海市,36.09,,340.18,,2039,2018-10-31 00:00:00,1,0,2024-07-21 04:05:59,0,2024-07-21 04:05:59,,,
2018-10,黑龙江省,286.67,,1755.02,,2040,2018-10-31 00:00:00,1,0,2024-07-21 04:05:59,0,2024-07-21 04:05:59,,,
2018-10,吉林省,205.30,,1225.06,,2041,2018-10-31 00:00:00,1,0,2024-07-21 04:06:02,0,2024-07-21 04:06:02,,,
2018-10,辽宁省,493.61,,3483.81,,2042,2018-10-31 00:00:00,1,0,2024-07-21 04:06:02,0,2024-07-21 04:06:02,,,
2018-10,内蒙古区,402.09,,2701.35,,2043,2018-10-31 00:00:00,1,0,2024-07-21 04:06:02,0,2024-07-21 04:06:02,,,
2018-10,山西省,505.09,,3356.25,,2044,2018-10-31 00:00:00,1,0,2024-07-21 04:06:02,0,2024-07-21 04:06:02,,,
2018-10,河北省,1076.83,,7651.45,,2045,2018-10-31 00:00:00,1,0,2024-07-21 04:06:02,0,2024-07-21 04:06:02,,,
2018-10,天津市,69.88,,510.90,,2046,2018-10-31 00:00:00,1,0,2024-07-21 04:06:02,0,2024-07-21 04:06:02,,,
2018-10,北京市,39.41,,330.02,,2047,2018-10-31 00:00:00,1,0,2024-07-21 04:06:02,0,2024-07-21 04:06:02,,,
2018-10,全国,22043.20,13.10,179463.40,2.60,2048,2018-10-31 00:00:00,1,0,2024-07-21 04:06:02,0,2024-07-21 04:06:02,,,
2018-09,新疆区,511.84,,2758.69,,2049,2018-09-30 00:00:00,1,0,2024-07-21 04:06:02,0,2024-07-21 04:06:02,,,
2018-09,宁夏区,196.60,,1337.03,,2050,2018-09-30 00:00:00,1,0,2024-07-21 04:06:02,0,2024-07-21 04:06:02,,,
2018-09,青海省,171.75,,1046.43,,2051,2018-09-30 00:00:00,1,0,2024-07-21 04:06:02,0,2024-07-21 04:06:02,,,
2018-09,甘肃省,465.27,,2903.27,,2052,2018-09-30 00:00:00,1,0,2024-07-21 04:06:02,0,2024-07-21 04:06:02,,,
2018-09,陕西省,554.45,,4463.43,,2053,2018-09-30 00:00:00,1,0,2024-07-21 04:06:02,0,2024-07-21 04:06:02,,,
2018-09,西藏区,100.46,,695.77,,2054,2018-09-30 00:00:00,1,0,2024-07-21 04:06:02,0,2024-07-21 04:06:02,,,
2018-09,云南省,876.68,,8446.21,,2055,2018-09-30 00:00:00,1,0,2024-07-21 04:06:02,0,2024-07-21 04:06:02,,,
2018-09,贵州省,919.39,,8137.11,,2056,2018-09-30 00:00:00,1,0,2024-07-21 04:06:02,0,2024-07-21 04:06:02,,,
2018-09,四川省,1155.58,,10208.89,,2057,2018-09-30 00:00:00,1,0,2024-07-21 04:06:02,0,2024-07-21 04:06:02,,,
2018-09,重庆市,570.33,,4642.73,,2058,2018-09-30 00:00:00,1,0,2024-07-21 04:06:02,0,2024-07-21 04:06:02,,,
2018-09,海南省,198.82,,1454.07,,2059,2018-09-30 00:00:00,1,0,2024-07-21 04:06:02,0,2024-07-21 04:06:02,,,
2018-09,广西区,977.40,,8356.27,,2060,2018-09-30 00:00:00,1,0,2024-07-21 04:06:02,0,2024-07-21 04:06:02,,,
2018-09,广东省,1196.81,,11274.31,,2061,2018-09-30 00:00:00,1,0,2024-07-21 04:06:02,0,2024-07-21 04:06:02,,,
2018-09,湖南省,1011.19,,7878.22,,2062,2018-09-30 00:00:00,1,0,2024-07-21 04:06:02,0,2024-07-21 04:06:02,,,
2018-09,湖北省,1039.86,,7661.71,,2063,2018-09-30 00:00:00,1,0,2024-07-21 04:06:02,0,2024-07-21 04:06:02,,,
2018-09,河南省,1050.99,,8068.64,,2064,2018-09-30 00:00:00,1,0,2024-07-21 04:06:02,0,2024-07-21 04:06:02,,,
2018-09,山东省,1328.66,,9754.90,,2065,2018-09-30 00:00:00,1,0,2024-07-21 04:06:02,0,2024-07-21 04:06:02,,,
2018-09,江西省,856.02,,6371.51,,2066,2018-09-30 00:00:00,1,0,2024-07-21 04:06:02,0,2024-07-21 04:06:02,,,
2018-09,福建省,772.96,,6343.81,,2067,2018-09-30 00:00:00,1,0,2024-07-21 04:06:02,0,2024-07-21 04:06:02,,,
2018-09,安徽省,1270.18,,9327.38,,2068,2018-09-30 00:00:00,1,0,2024-07-21 04:06:02,0,2024-07-21 04:06:02,,,
2018-09,浙江省,1121.08,,8818.39,,2069,2018-09-30 00:00:00,1,0,2024-07-21 04:06:02,0,2024-07-21 04:06:02,,,
2018-09,江苏省,1253.16,,10147.65,,2070,2018-09-30 00:00:00,1,0,2024-07-21 04:06:02,0,2024-07-21 04:06:02,,,
2018-09,上海市,37.88,,304.09,,2071,2018-09-30 00:00:00,1,0,2024-07-21 04:06:05,0,2024-07-21 04:06:05,,,
2018-09,黑龙江省,331.15,,1468.44,,2072,2018-09-30 00:00:00,1,0,2024-07-21 04:06:05,0,2024-07-21 04:06:05,,,
2018-09,吉林省,205.32,,1019.78,,2073,2018-09-30 00:00:00,1,0,2024-07-21 04:06:05,0,2024-07-21 04:06:05,,,
2018-09,辽宁省,563.18,,2990.23,,2074,2018-09-30 00:00:00,1,0,2024-07-21 04:06:05,0,2024-07-21 04:06:05,,,
2018-09,内蒙古区,411.24,,2312.43,,2075,2018-09-30 00:00:00,1,0,2024-07-21 04:06:05,0,2024-07-21 04:06:05,,,
2018-09,山西省,475.51,,2851.18,,2076,2018-09-30 00:00:00,1,0,2024-07-21 04:06:05,0,2024-07-21 04:06:05,,,
2018-09,河北省,1052.17,,6476.03,,2077,2018-09-30 00:00:00,1,0,2024-07-21 04:06:05,0,2024-07-21 04:06:05,,,
2018-09,天津市,66.13,,441.02,,2078,2018-09-30 00:00:00,1,0,2024-07-21 04:06:05,0,2024-07-21 04:06:05,,,
2018-09,北京市,38.51,,290.61,,2079,2018-09-30 00:00:00,1,0,2024-07-21 04:06:05,0,2024-07-21 04:06:05,,,
2018-09,全国,20780.60,5.00,158250.20,1.00,2080,2018-09-30 00:00:00,1,0,2024-07-21 04:06:05,0,2024-07-21 04:06:05,,,
2018-08,新疆区,476.13,,2246.89,,2081,2018-08-31 00:00:00,1,0,2024-07-21 04:06:05,0,2024-07-21 04:06:05,,,
2018-08,宁夏区,188.08,,1117.38,,2082,2018-08-31 00:00:00,1,0,2024-07-21 04:06:05,0,2024-07-21 04:06:05,,,
2018-08,青海省,179.27,,881.09,,2083,2018-08-31 00:00:00,1,0,2024-07-21 04:06:05,0,2024-07-21 04:06:05,,,
2018-08,甘肃省,450.01,,2438.00,,2084,2018-08-31 00:00:00,1,0,2024-07-21 04:06:05,0,2024-07-21 04:06:05,,,
2018-08,陕西省,568.41,,3911.70,,2085,2018-08-31 00:00:00,1,0,2024-07-21 04:06:05,0,2024-07-21 04:06:05,,,
2018-08,西藏区,99.23,,595.31,,2086,2018-08-31 00:00:00,1,0,2024-07-21 04:06:05,0,2024-07-21 04:06:05,,,
2018-08,云南省,852.25,,7569.50,,2087,2018-08-31 00:00:00,1,0,2024-07-21 04:06:05,0,2024-07-21 04:06:05,,,
2018-08,贵州省,990.09,,7175.49,,2088,2018-08-31 00:00:00,1,0,2024-07-21 04:06:05,0,2024-07-21 04:06:05,,,
2018-08,四川省,1148.37,,9053.13,,2089,2018-08-31 00:00:00,1,0,2024-07-21 04:06:05,0,2024-07-21 04:06:05,,,
2018-08,重庆市,556.78,,4072.12,,2090,2018-08-31 00:00:00,1,0,2024-07-21 04:06:05,0,2024-07-21 04:06:05,,,
2018-08,海南省,155.24,,1255.24,,2091,2018-08-31 00:00:00,1,0,2024-07-21 04:06:05,0,2024-07-21 04:06:05,,,
2018-08,广西区,931.40,,7371.94,,2092,2018-08-31 00:00:00,1,0,2024-07-21 04:06:05,0,2024-07-21 04:06:05,,,
2018-08,广东省,1263.46,,10074.90,,2093,2018-08-31 00:00:00,1,0,2024-07-21 04:06:05,0,2024-07-21 04:06:05,,,
2018-08,湖南省,1020.45,,6867.02,,2094,2018-08-31 00:00:00,1,0,2024-07-21 04:06:05,0,2024-07-21 04:06:05,,,
2018-08,湖北省,987.95,,6622.32,,2095,2018-08-31 00:00:00,1,0,2024-07-21 04:06:05,0,2024-07-21 04:06:05,,,
2018-08,河南省,1181.48,,7788.75,,2096,2018-08-31 00:00:00,1,0,2024-07-21 04:06:05,0,2024-07-21 04:06:05,,,
2018-08,山东省,1195.18,,8392.37,,2097,2018-08-31 00:00:00,1,0,2024-07-21 04:06:05,0,2024-07-21 04:06:05,,,
2018-08,江西省,814.50,,5515.34,,2098,2018-08-31 00:00:00,1,0,2024-07-21 04:06:05,0,2024-07-21 04:06:05,,,
2018-08,福建省,756.12,,5591.07,,2099,2018-08-31 00:00:00,1,0,2024-07-21 04:06:05,0,2024-07-21 04:06:05,,,
2018-08,安徽省,1136.45,,8032.28,,2100,2018-08-31 00:00:00,1,0,2024-07-21 04:06:05,0,2024-07-21 04:06:05,,,
2018-08,浙江省,1066.18,,7699.74,,2101,2018-08-31 00:00:00,1,0,2024-07-21 04:06:08,0,2024-07-21 04:06:08,,,
2018-08,江苏省,1165.63,,8997.94,,2102,2018-08-31 00:00:00,1,0,2024-07-21 04:06:08,0,2024-07-21 04:06:08,,,
2018-08,上海市,39.91,,266.21,,2103,2018-08-31 00:00:00,1,0,2024-07-21 04:06:08,0,2024-07-21 04:06:08,,,
2018-08,黑龙江省,304.78,,1137.28,,2104,2018-08-31 00:00:00,1,0,2024-07-21 04:06:08,0,2024-07-21 04:06:08,,,
2018-08,吉林省,175.86,,818.35,,2105,2018-08-31 00:00:00,1,0,2024-07-21 04:06:08,0,2024-07-21 04:06:08,,,
2018-08,辽宁省,459.21,,2421.52,,2106,2018-08-31 00:00:00,1,0,2024-07-21 04:06:08,0,2024-07-21 04:06:08,,,
2018-08,内蒙古区,410.24,,1909.32,,2107,2018-08-31 00:00:00,1,0,2024-07-21 04:06:08,0,2024-07-21 04:06:08,,,
2018-08,山西省,454.91,,2358.29,,2108,2018-08-31 00:00:00,1,0,2024-07-21 04:06:08,0,2024-07-21 04:06:08,,,
2018-08,河北省,896.16,,5429.46,,2109,2018-08-31 00:00:00,1,0,2024-07-21 04:06:08,0,2024-07-21 04:06:08,,,
2018-08,天津市,54.35,,374.89,,2110,2018-08-31 00:00:00,1,0,2024-07-21 04:06:08,0,2024-07-21 04:06:08,,,
2018-08,北京市,40.05,,252.10,,2111,2018-08-31 00:00:00,1,0,2024-07-21 04:06:08,0,2024-07-21 04:06:08,,,
2018-08,全国,20018.10,5.00,138236.90,0.50,2112,2018-08-31 00:00:00,1,0,2024-07-21 04:06:08,0,2024-07-21 04:06:08,,,
2018-07,新疆区,430.93,,1771.05,,2113,2018-07-31 00:00:00,1,0,2024-07-21 04:06:08,0,2024-07-21 04:06:08,,,
2018-07,宁夏区,178.16,,931.71,,2114,2018-07-31 00:00:00,1,0,2024-07-21 04:06:08,0,2024-07-21 04:06:08,,,
2018-07,青海省,151.71,,701.82,,2115,2018-07-31 00:00:00,1,0,2024-07-21 04:06:08,0,2024-07-21 04:06:08,,,
2018-07,甘肃省,388.38,,1987.99,,2116,2018-07-31 00:00:00,1,0,2024-07-21 04:06:08,0,2024-07-21 04:06:08,,,
2018-07,陕西省,553.35,,3343.10,,2117,2018-07-31 00:00:00,1,0,2024-07-21 04:06:08,0,2024-07-21 04:06:08,,,
2018-07,西藏区,101.87,,496.08,,2118,2018-07-31 00:00:00,1,0,2024-07-21 04:06:08,0,2024-07-21 04:06:08,,,
2018-07,云南省,912.20,,6717.87,,2119,2018-07-31 00:00:00,1,0,2024-07-21 04:06:08,0,2024-07-21 04:06:08,,,
2018-07,贵州省,1010.98,,6185.40,,2120,2018-07-31 00:00:00,1,0,2024-07-21 04:06:08,0,2024-07-21 04:06:08,,,
2018-07,四川省,1067.28,,7906.92,,2121,2018-07-31 00:00:00,1,0,2024-07-21 04:06:08,0,2024-07-21 04:06:08,,,
2018-07,重庆市,568.44,,3515.40,,2122,2018-07-31 00:00:00,1,0,2024-07-21 04:06:08,0,2024-07-21 04:06:08,,,
2018-07,海南省,160.80,,1100.00,,2123,2018-07-31 00:00:00,1,0,2024-07-21 04:06:08,0,2024-07-21 04:06:08,,,
2018-07,广西区,921.16,,6519.19,,2124,2018-07-31 00:00:00,1,0,2024-07-21 04:06:08,0,2024-07-21 04:06:08,,,
2018-07,广东省,1357.17,,8967.31,,2125,2018-07-31 00:00:00,1,0,2024-07-21 04:06:08,0,2024-07-21 04:06:08,,,
2018-07,湖南省,1027.56,,5846.57,,2126,2018-07-31 00:00:00,1,0,2024-07-21 04:06:08,0,2024-07-21 04:06:08,,,
2018-07,湖北省,907.17,,5642.99,,2127,2018-07-31 00:00:00,1,0,2024-07-21 04:06:08,0,2024-07-21 04:06:08,,,
2018-07,河南省,1217.57,,7050.71,,2128,2018-07-31 00:00:00,1,0,2024-07-21 04:06:08,0,2024-07-21 04:06:08,,,
2018-07,山东省,1332.06,,7224.59,,2129,2018-07-31 00:00:00,1,0,2024-07-21 04:06:08,0,2024-07-21 04:06:08,,,
2018-07,江西省,747.60,,4710.11,,2130,2018-07-31 00:00:00,1,0,2024-07-21 04:06:08,0,2024-07-21 04:06:08,,,
2018-07,福建省,751.56,,4834.95,,2131,2018-07-31 00:00:00,1,0,2024-07-21 04:06:11,0,2024-07-21 04:06:11,,,
2018-07,安徽省,1075.54,,6896.08,,2132,2018-07-31 00:00:00,1,0,2024-07-21 04:06:11,0,2024-07-21 04:06:11,,,
2018-07,浙江省,1055.15,,6633.56,,2133,2018-07-31 00:00:00,1,0,2024-07-21 04:06:11,0,2024-07-21 04:06:11,,,
2018-07,江苏省,1119.54,,7831.74,,2134,2018-07-31 00:00:00,1,0,2024-07-21 04:06:11,0,2024-07-21 04:06:11,,,
2018-07,上海市,37.07,,226.29,,2135,2018-07-31 00:00:00,1,0,2024-07-21 04:06:11,0,2024-07-21 04:06:11,,,
2018-07,黑龙江省,228.96,,832.52,,2136,2018-07-31 00:00:00,1,0,2024-07-21 04:06:11,0,2024-07-21 04:06:11,,,
2018-07,吉林省,160.28,,651.54,,2137,2018-07-31 00:00:00,1,0,2024-07-21 04:06:11,0,2024-07-21 04:06:11,,,
2018-07,辽宁省,435.37,,1962.24,,2138,2018-07-31 00:00:00,1,0,2024-07-21 04:06:11,0,2024-07-21 04:06:11,,,
2018-07,内蒙古区,356.47,,1505.46,,2139,2018-07-31 00:00:00,1,0,2024-07-21 04:06:11,0,2024-07-21 04:06:11,,,
2018-07,山西省,399.99,,1902.47,,2140,2018-07-31 00:00:00,1,0,2024-07-21 04:06:11,0,2024-07-21 04:06:11,,,
2018-07,河北省,869.73,,4534.32,,2141,2018-07-31 00:00:00,1,0,2024-07-21 04:06:11,0,2024-07-21 04:06:11,,,
2018-07,天津市,57.99,,320.54,,2142,2018-07-31 00:00:00,1,0,2024-07-21 04:06:11,0,2024-07-21 04:06:11,,,
2018-07,北京市,36.08,,212.04,,2143,2018-07-31 00:00:00,1,0,2024-07-21 04:06:11,0,2024-07-21 04:06:11,,,
2018-07,全国,19618.10,1.60,118962.60,-0.30,2144,2018-07-31 00:00:00,1,0,2024-07-21 04:06:11,0,2024-07-21 04:06:11,,,
2018-06,新疆区,411.31,,1341.53,,2145,2018-06-30 00:00:00,1,0,2024-07-21 04:06:11,0,2024-07-21 04:06:11,,,
2018-06,宁夏区,204.04,,753.55,,2146,2018-06-30 00:00:00,1,0,2024-07-21 04:06:11,0,2024-07-21 04:06:11,,,
2018-06,青海省,174.55,,551.31,,2147,2018-06-30 00:00:00,1,0,2024-07-21 04:06:11,0,2024-07-21 04:06:11,,,
2018-06,甘肃省,446.08,,1599.61,,2148,2018-06-30 00:00:00,1,0,2024-07-21 04:06:11,0,2024-07-21 04:06:11,,,
2018-06,陕西省,632.45,,2789.92,,2149,2018-06-30 00:00:00,1,0,2024-07-21 04:06:11,0,2024-07-21 04:06:11,,,
2018-06,西藏区,108.84,,394.21,,2150,2018-06-30 00:00:00,1,0,2024-07-21 04:06:11,0,2024-07-21 04:06:11,,,
2018-06,云南省,953.57,,5776.85,,2151,2018-06-30 00:00:00,1,0,2024-07-21 04:06:11,0,2024-07-21 04:06:11,,,
2018-06,贵州省,943.11,,5181.11,,2152,2018-06-30 00:00:00,1,0,2024-07-21 04:06:11,0,2024-07-21 04:06:11,,,
2018-06,四川省,1249.63,,6840.17,,2153,2018-06-30 00:00:00,1,0,2024-07-21 04:06:11,0,2024-07-21 04:06:11,,,
2018-06,重庆市,555.54,,2946.63,,2154,2018-06-30 00:00:00,1,0,2024-07-21 04:06:11,0,2024-07-21 04:06:11,,,
2018-06,海南省,187.17,,939.20,,2155,2018-06-30 00:00:00,1,0,2024-07-21 04:06:11,0,2024-07-21 04:06:11,,,
2018-06,广西区,1003.18,,5611.62,,2156,2018-06-30 00:00:00,1,0,2024-07-21 04:06:11,0,2024-07-21 04:06:11,,,
2018-06,广东省,1302.31,,7622.62,,2157,2018-06-30 00:00:00,1,0,2024-07-21 04:06:11,0,2024-07-21 04:06:11,,,
2018-06,湖南省,966.82,,4788.69,,2158,2018-06-30 00:00:00,1,0,2024-07-21 04:06:11,0,2024-07-21 04:06:11,,,
2018-06,湖北省,971.90,,4754.54,,2159,2018-06-30 00:00:00,1,0,2024-07-21 04:06:11,0,2024-07-21 04:06:11,,,
2018-06,河南省,1215.00,,6259.09,,2160,2018-06-30 00:00:00,1,0,2024-07-21 04:06:11,0,2024-07-21 04:06:11,,,
2018-06,山东省,1208.00,,5892.67,,2161,2018-06-30 00:00:00,1,0,2024-07-21 04:06:14,0,2024-07-21 04:06:14,,,
2018-06,江西省,701.80,,3962.47,,2162,2018-06-30 00:00:00,1,0,2024-07-21 04:06:14,0,2024-07-21 04:06:14,,,
2018-06,福建省,743.09,,4063.10,,2163,2018-06-30 00:00:00,1,0,2024-07-21 04:06:14,0,2024-07-21 04:06:14,,,
2018-06,安徽省,1108.36,,5798.35,,2164,2018-06-30 00:00:00,1,0,2024-07-21 04:06:14,0,2024-07-21 04:06:14,,,
2018-06,浙江省,1047.64,,5577.80,,2165,2018-06-30 00:00:00,1,0,2024-07-21 04:06:14,0,2024-07-21 04:06:14,,,
2018-06,江苏省,1103.64,,6712.64,,2166,2018-06-30 00:00:00,1,0,2024-07-21 04:06:14,0,2024-07-21 04:06:14,,,
2018-06,上海市,35.17,,189.22,,2167,2018-06-30 00:00:00,1,0,2024-07-21 04:06:14,0,2024-07-21 04:06:14,,,
2018-06,黑龙江省,247.21,,601.40,,2168,2018-06-30 00:00:00,1,0,2024-07-21 04:06:14,0,2024-07-21 04:06:14,,,
2018-06,吉林省,177.75,,492.04,,2169,2018-06-30 00:00:00,1,0,2024-07-21 04:06:14,0,2024-07-21 04:06:14,,,
2018-06,辽宁省,439.19,,1509.87,,2170,2018-06-30 00:00:00,1,0,2024-07-21 04:06:14,0,2024-07-21 04:06:14,,,
2018-06,内蒙古区,391.36,,1152.05,,2171,2018-06-30 00:00:00,1,0,2024-07-21 04:06:14,0,2024-07-21 04:06:14,,,
2018-06,山西省,454.37,,1503.39,,2172,2018-06-30 00:00:00,1,0,2024-07-21 04:06:14,0,2024-07-21 04:06:14,,,
2018-06,河北省,922.09,,3663.76,,2173,2018-06-30 00:00:00,1,0,2024-07-21 04:06:14,0,2024-07-21 04:06:14,,,
2018-06,天津市,61.62,,262.54,,2174,2018-06-30 00:00:00,1,0,2024-07-21 04:06:14,0,2024-07-21 04:06:14,,,
2018-06,北京市,42.71,,175.96,,2175,2018-06-30 00:00:00,1,0,2024-07-21 04:06:14,0,2024-07-21 04:06:14,,,
2018-06,全国,20009.50,0.00,99707.90,-0.60,2176,2018-06-30 00:00:00,1,0,2024-07-21 04:06:14,0,2024-07-21 04:06:14,,,
2018-05,新疆区,410.92,,916.42,,2177,2018-05-31 00:00:00,1,0,2024-07-21 04:06:14,0,2024-07-21 04:06:14,,,
2018-05,宁夏区,222.51,,549.51,,2178,2018-05-31 00:00:00,1,0,2024-07-21 04:06:14,0,2024-07-21 04:06:14,,,
2018-05,青海省,170.60,,376.76,,2179,2018-05-31 00:00:00,1,0,2024-07-21 04:06:14,0,2024-07-21 04:06:14,,,
2018-05,甘肃省,447.24,,1153.55,,2180,2018-05-31 00:00:00,1,0,2024-07-21 04:06:14,0,2024-07-21 04:06:14,,,
2018-05,陕西省,652.76,,2157.61,,2181,2018-05-31 00:00:00,1,0,2024-07-21 04:06:14,0,2024-07-21 04:06:14,,,
2018-05,西藏区,97.64,,285.37,,2182,2018-05-31 00:00:00,1,0,2024-07-21 04:06:14,0,2024-07-21 04:06:14,,,
2018-05,云南省,1136.00,,4816.80,,2183,2018-05-31 00:00:00,1,0,2024-07-21 04:06:14,0,2024-07-21 04:06:14,,,
2018-05,贵州省,1064.20,,4238.30,,2184,2018-05-31 00:00:00,1,0,2024-07-21 04:06:14,0,2024-07-21 04:06:14,,,
2018-05,四川省,1294.84,,5590.53,,2185,2018-05-31 00:00:00,1,0,2024-07-21 04:06:14,0,2024-07-21 04:06:14,,,
2018-05,重庆市,566.61,,2391.12,,2186,2018-05-31 00:00:00,1,0,2024-07-21 04:06:14,0,2024-07-21 04:06:14,,,
2018-05,海南省,197.69,,752.04,,2187,2018-05-31 00:00:00,1,0,2024-07-21 04:06:14,0,2024-07-21 04:06:14,,,
2018-05,广西区,1069.47,,4719.14,,2188,2018-05-31 00:00:00,1,0,2024-07-21 04:06:14,0,2024-07-21 04:06:14,,,
2018-05,广东省,1495.02,,6332.66,,2189,2018-05-31 00:00:00,1,0,2024-07-21 04:06:14,0,2024-07-21 04:06:14,,,
2018-05,湖南省,957.56,,3847.46,,2190,2018-05-31 00:00:00,1,0,2024-07-21 04:06:14,0,2024-07-21 04:06:14,,,
2018-05,湖北省,943.73,,3797.02,,2191,2018-05-31 00:00:00,1,0,2024-07-21 04:06:18,0,2024-07-21 04:06:18,,,
2018-05,河南省,1387.84,,5136.72,,2192,2018-05-31 00:00:00,1,0,2024-07-21 04:06:18,0,2024-07-21 04:06:18,,,
2018-05,山东省,1432.37,,4693.65,,2193,2018-05-31 00:00:00,1,0,2024-07-21 04:06:18,0,2024-07-21 04:06:18,,,
2018-05,江西省,817.41,,3262.39,,2194,2018-05-31 00:00:00,1,0,2024-07-21 04:06:18,0,2024-07-21 04:06:18,,,
2018-05,福建省,778.83,,3320.00,,2195,2018-05-31 00:00:00,1,0,2024-07-21 04:06:18,0,2024-07-21 04:06:18,,,
2018-05,安徽省,1180.40,,4632.14,,2196,2018-05-31 00:00:00,1,0,2024-07-21 04:06:18,0,2024-07-21 04:06:18,,,
2018-05,浙江省,1186.54,,4507.07,,2197,2018-05-31 00:00:00,1,0,2024-07-21 04:06:18,0,2024-07-21 04:06:18,,,
2018-05,江苏省,1258.32,,5614.46,,2198,2018-05-31 00:00:00,1,0,2024-07-21 04:06:18,0,2024-07-21 04:06:18,,,
2018-05,上海市,36.52,,154.05,,2199,2018-05-31 00:00:00,1,0,2024-07-21 04:06:18,0,2024-07-21 04:06:18,,,
2018-05,黑龙江省,194.44,,354.20,,2200,2018-05-31 00:00:00,1,0,2024-07-21 04:06:18,0,2024-07-21 04:06:18,,,
2018-05,吉林省,156.44,,360.61,,2201,2018-05-31 00:00:00,1,0,2024-07-21 04:06:18,0,2024-07-21 04:06:18,,,
2018-05,辽宁省,478.00,,1070.27,,2202,2018-05-31 00:00:00,1,0,2024-07-21 04:06:18,0,2024-07-21 04:06:18,,,
2018-05,内蒙古区,387.91,,760.83,,2203,2018-05-31 00:00:00,1,0,2024-07-21 04:06:18,0,2024-07-21 04:06:18,,,
2018-05,山西省,430.46,,1048.51,,2204,2018-05-31 00:00:00,1,0,2024-07-21 04:06:18,0,2024-07-21 04:06:18,,,
2018-05,河北省,954.85,,2710.47,,2205,2018-05-31 00:00:00,1,0,2024-07-21 04:06:18,0,2024-07-21 04:06:18,,,
2018-05,天津市,67.22,,200.92,,2206,2018-05-31 00:00:00,1,0,2024-07-21 04:06:18,0,2024-07-21 04:06:18,,,
2018-05,北京市,46.11,,133.25,,2207,2018-05-31 00:00:00,1,0,2024-07-21 04:06:18,0,2024-07-21 04:06:18,,,
2018-05,全国,21520.50,1.90,79883.80,-0.80,2208,2018-05-31 00:00:00,1,0,2024-07-21 04:06:18,0,2024-07-21 04:06:18,,,
2018-04,新疆区,351.42,,510.90,,2209,2018-04-30 00:00:00,1,0,2024-07-21 04:06:18,0,2024-07-21 04:06:18,,,
2018-04,宁夏区,192.88,,325.49,,2210,2018-04-30 00:00:00,1,0,2024-07-21 04:06:18,0,2024-07-21 04:06:18,,,
2018-04,青海省,139.11,,206.17,,2211,2018-04-30 00:00:00,1,0,2024-07-21 04:06:18,0,2024-07-21 04:06:18,,,
2018-04,甘肃省,403.70,,706.31,,2212,2018-04-30 00:00:00,1,0,2024-07-21 04:06:18,0,2024-07-21 04:06:18,,,
2018-04,陕西省,649.79,,1504.75,,2213,2018-04-30 00:00:00,1,0,2024-07-21 04:06:18,0,2024-07-21 04:06:18,,,
2018-04,西藏区,91.27,,187.73,,2214,2018-04-30 00:00:00,1,0,2024-07-21 04:06:18,0,2024-07-21 04:06:18,,,
2018-04,云南省,1114.22,,3680.79,,2215,2018-04-30 00:00:00,1,0,2024-07-21 04:06:18,0,2024-07-21 04:06:18,,,
2018-04,贵州省,1071.92,,3174.28,,2216,2018-04-30 00:00:00,1,0,2024-07-21 04:06:18,0,2024-07-21 04:06:18,,,
2018-04,四川省,1306.42,,4295.69,,2217,2018-04-30 00:00:00,1,0,2024-07-21 04:06:18,0,2024-07-21 04:06:18,,,
2018-04,重庆市,556.09,,1824.51,,2218,2018-04-30 00:00:00,1,0,2024-07-21 04:06:18,0,2024-07-21 04:06:18,,,
2018-04,海南省,163.28,,526.92,,2219,2018-04-30 00:00:00,1,0,2024-07-21 04:06:18,0,2024-07-21 04:06:18,,,
2018-04,广西区,1070.27,,3672.48,,2220,2018-04-30 00:00:00,1,0,2024-07-21 04:06:18,0,2024-07-21 04:06:18,,,
2018-04,广东省,1482.53,,4839.07,,2221,2018-04-30 00:00:00,1,0,2024-07-21 04:06:22,0,2024-07-21 04:06:22,,,
2018-04,湖南省,968.64,,2914.01,,2222,2018-04-30 00:00:00,1,0,2024-07-21 04:06:22,0,2024-07-21 04:06:22,,,
2018-04,湖北省,973.92,,2853.15,,2223,2018-04-30 00:00:00,1,0,2024-07-21 04:06:22,0,2024-07-21 04:06:22,,,
2018-04,河南省,1419.17,,3761.99,,2224,2018-04-30 00:00:00,1,0,2024-07-21 04:06:22,0,2024-07-21 04:06:22,,,
2018-04,山东省,1409.63,,3258.25,,2225,2018-04-30 00:00:00,1,0,2024-07-21 04:06:22,0,2024-07-21 04:06:22,,,
2018-04,江西省,786.15,,2443.20,,2226,2018-04-30 00:00:00,1,0,2024-07-21 04:06:22,0,2024-07-21 04:06:22,,,
2018-04,福建省,754.48,,2541.17,,2227,2018-04-30 00:00:00,1,0,2024-07-21 04:06:22,0,2024-07-21 04:06:22,,,
2018-04,安徽省,1245.77,,3479.27,,2228,2018-04-30 00:00:00,1,0,2024-07-21 04:06:22,0,2024-07-21 04:06:22,,,
2018-04,浙江省,1211.24,,3320.53,,2229,2018-04-30 00:00:00,1,0,2024-07-21 04:06:22,0,2024-07-21 04:06:22,,,
2018-04,江苏省,1359.05,,4351.65,,2230,2018-04-30 00:00:00,1,0,2024-07-21 04:06:22,0,2024-07-21 04:06:22,,,
2018-04,上海市,42.04,,117.52,,2231,2018-04-30 00:00:00,1,0,2024-07-21 04:06:22,0,2024-07-21 04:06:22,,,
2018-04,黑龙江省,125.31,,159.66,,2232,2018-04-30 00:00:00,1,0,2024-07-21 04:06:22,0,2024-07-21 04:06:22,,,
2018-04,吉林省,117.33,,206.91,,2233,2018-04-30 00:00:00,1,0,2024-07-21 04:06:22,0,2024-07-21 04:06:22,,,
2018-04,辽宁省,421.90,,591.75,,2234,2018-04-30 00:00:00,1,0,2024-07-21 04:06:22,0,2024-07-21 04:06:22,,,
2018-04,内蒙古区,260.74,,372.92,,2235,2018-04-30 00:00:00,1,0,2024-07-21 04:06:22,0,2024-07-21 04:06:22,,,
2018-04,山西省,419.88,,617.45,,2236,2018-04-30 00:00:00,1,0,2024-07-21 04:06:22,0,2024-07-21 04:06:22,,,
2018-04,河北省,858.83,,1755.64,,2237,2018-04-30 00:00:00,1,0,2024-07-21 04:06:22,0,2024-07-21 04:06:22,,,
2018-04,天津市,65.76,,133.70,,2238,2018-04-30 00:00:00,1,0,2024-07-21 04:06:22,0,2024-07-21 04:06:22,,,
2018-04,北京市,39.42,,87.13,,2239,2018-04-30 00:00:00,1,0,2024-07-21 04:06:22,0,2024-07-21 04:06:22,,,
2018-04,全国,21072.20,3.20,58421.00,-1.90,2240,2018-04-30 00:00:00,1,0,2024-07-21 04:06:22,0,2024-07-21 04:06:22,,,
2018-03,新疆区,134.45,,159.40,,2241,2018-03-31 00:00:00,1,0,2024-07-21 04:06:22,0,2024-07-21 04:06:22,,,
2018-03,宁夏区,115.74,,132.79,,2242,2018-03-31 00:00:00,1,0,2024-07-21 04:06:22,0,2024-07-21 04:06:22,,,
2018-03,青海省,38.69,,67.06,,2243,2018-03-31 00:00:00,1,0,2024-07-21 04:06:22,0,2024-07-21 04:06:22,,,
2018-03,甘肃省,225.72,,302.60,,2244,2018-03-31 00:00:00,1,0,2024-07-21 04:06:22,0,2024-07-21 04:06:22,,,
2018-03,陕西省,444.72,,854.96,,2245,2018-03-31 00:00:00,1,0,2024-07-21 04:06:22,0,2024-07-21 04:06:22,,,
2018-03,西藏区,54.30,,96.46,,2246,2018-03-31 00:00:00,1,0,2024-07-21 04:06:22,0,2024-07-21 04:06:22,,,
2018-03,云南省,1016.13,,2611.43,,2247,2018-03-31 00:00:00,1,0,2024-07-21 04:06:22,0,2024-07-21 04:06:22,,,
2018-03,贵州省,821.09,,2096.73,,2248,2018-03-31 00:00:00,1,0,2024-07-21 04:06:22,0,2024-07-21 04:06:22,,,
2018-03,四川省,1184.66,,2989.26,,2249,2018-03-31 00:00:00,1,0,2024-07-21 04:06:22,0,2024-07-21 04:06:22,,,
2018-03,重庆市,451.09,,1271.42,,2250,2018-03-31 00:00:00,1,0,2024-07-21 04:06:22,0,2024-07-21 04:06:22,,,
2018-03,海南省,128.35,,391.07,,2251,2018-03-31 00:00:00,1,0,2024-07-21 04:06:26,0,2024-07-21 04:06:26,,,
2018-03,广西区,917.93,,2618.62,,2252,2018-03-31 00:00:00,1,0,2024-07-21 04:06:26,0,2024-07-21 04:06:26,,,
2018-03,广东省,1164.66,,3371.85,,2253,2018-03-31 00:00:00,1,0,2024-07-21 04:06:26,0,2024-07-21 04:06:26,,,
2018-03,湖南省,767.20,,1955.14,,2254,2018-03-31 00:00:00,1,0,2024-07-21 04:06:26,0,2024-07-21 04:06:26,,,
2018-03,湖北省,815.36,,1879.01,,2255,2018-03-31 00:00:00,1,0,2024-07-21 04:06:26,0,2024-07-21 04:06:26,,,
2018-03,河南省,1081.12,,2440.99,,2256,2018-03-31 00:00:00,1,0,2024-07-21 04:06:26,0,2024-07-21 04:06:26,,,
2018-03,山东省,920.26,,1952.52,,2257,2018-03-31 00:00:00,1,0,2024-07-21 04:06:26,0,2024-07-21 04:06:26,,,
2018-03,江西省,583.95,,1651.04,,2258,2018-03-31 00:00:00,1,0,2024-07-21 04:06:26,0,2024-07-21 04:06:26,,,
2018-03,福建省,611.90,,1786.66,,2259,2018-03-31 00:00:00,1,0,2024-07-21 04:06:26,0,2024-07-21 04:06:26,,,
2018-03,安徽省,998.81,,2233.48,,2260,2018-03-31 00:00:00,1,0,2024-07-21 04:06:26,0,2024-07-21 04:06:26,,,
2018-03,浙江省,820.35,,2109.24,,2261,2018-03-31 00:00:00,1,0,2024-07-21 04:06:26,0,2024-07-21 04:06:26,,,
2018-03,江苏省,1197.38,,3001.40,,2262,2018-03-31 00:00:00,1,0,2024-07-21 04:06:26,0,2024-07-21 04:06:26,,,
2018-03,上海市,24.29,,75.48,,2263,2018-03-31 00:00:00,1,0,2024-07-21 04:06:26,0,2024-07-21 04:06:26,,,
2018-03,黑龙江省,24.00,,34.35,,2264,2018-03-31 00:00:00,1,0,2024-07-21 04:06:26,0,2024-07-21 04:06:26,,,
2018-03,吉林省,60.67,,87.31,,2265,2018-03-31 00:00:00,1,0,2024-07-21 04:06:26,0,2024-07-21 04:06:26,,,
2018-03,辽宁省,119.01,,169.84,,2266,2018-03-31 00:00:00,1,0,2024-07-21 04:06:26,0,2024-07-21 04:06:26,,,
2018-03,内蒙古区,94.92,,112.18,,2267,2018-03-31 00:00:00,1,0,2024-07-21 04:06:26,0,2024-07-21 04:06:26,,,
2018-03,山西省,109.32,,197.58,,2268,2018-03-31 00:00:00,1,0,2024-07-21 04:06:26,0,2024-07-21 04:06:26,,,
2018-03,河北省,470.23,,876.23,,2269,2018-03-31 00:00:00,1,0,2024-07-21 04:06:26,0,2024-07-21 04:06:26,,,
2018-03,天津市,28.51,,67.95,,2270,2018-03-31 00:00:00,1,0,2024-07-21 04:06:26,0,2024-07-21 04:06:26,,,
2018-03,北京市,17.93,,47.71,,2271,2018-03-31 00:00:00,1,0,2024-07-21 04:06:26,0,2024-07-21 04:06:26,,,
2018-03,全国,15442.70,-15.60,37641.80,-4.50,2272,2018-03-31 00:00:00,1,0,2024-07-21 04:06:26,0,2024-07-21 04:06:26,,,
2018-02,新疆区,,,24.96,,2273,2018-02-28 00:00:00,1,0,2024-07-21 04:06:26,0,2024-07-21 04:06:26,,,
2018-02,宁夏区,,,17.04,,2274,2018-02-28 00:00:00,1,0,2024-07-21 04:06:26,0,2024-07-21 04:06:26,,,
2018-02,青海省,,,28.37,,2275,2018-02-28 00:00:00,1,0,2024-07-21 04:06:26,0,2024-07-21 04:06:26,,,
2018-02,甘肃省,,,76.88,,2276,2018-02-28 00:00:00,1,0,2024-07-21 04:06:26,0,2024-07-21 04:06:26,,,
2018-02,陕西省,,,413.93,,2277,2018-02-28 00:00:00,1,0,2024-07-21 04:06:26,0,2024-07-21 04:06:26,,,
2018-02,西藏区,,,42.16,,2278,2018-02-28 00:00:00,1,0,2024-07-21 04:06:26,0,2024-07-21 04:06:26,,,
2018-02,云南省,,,1594.65,,2279,2018-02-28 00:00:00,1,0,2024-07-21 04:06:26,0,2024-07-21 04:06:26,,,
2018-02,贵州省,,,1281.10,,2280,2018-02-28 00:00:00,1,0,2024-07-21 04:06:26,0,2024-07-21 04:06:26,,,
2018-02,四川省,,,1876.79,,2281,2018-02-28 00:00:00,1,0,2024-07-21 04:06:30,0,2024-07-21 04:06:30,,,
2018-02,重庆市,,,820.34,,2282,2018-02-28 00:00:00,1,0,2024-07-21 04:06:30,0,2024-07-21 04:06:30,,,
2018-02,海南省,,,252.21,,2283,2018-02-28 00:00:00,1,0,2024-07-21 04:06:30,0,2024-07-21 04:06:30,,,
2018-02,广西区,,,1689.00,,2284,2018-02-28 00:00:00,1,0,2024-07-21 04:06:30,0,2024-07-21 04:06:30,,,
2018-02,广东省,,,2175.62,,2285,2018-02-28 00:00:00,1,0,2024-07-21 04:06:30,0,2024-07-21 04:06:30,,,
2018-02,湖南省,,,1180.28,,2286,2018-02-28 00:00:00,1,0,2024-07-21 04:06:30,0,2024-07-21 04:06:30,,,
2018-02,湖北省,,,1070.98,,2287,2018-02-28 00:00:00,1,0,2024-07-21 04:06:30,0,2024-07-21 04:06:30,,,
2018-02,河南省,,,1366.95,,2288,2018-02-28 00:00:00,1,0,2024-07-21 04:06:30,0,2024-07-21 04:06:30,,,
2018-02,山东省,,,1016.72,,2289,2018-02-28 00:00:00,1,0,2024-07-21 04:06:30,0,2024-07-21 04:06:30,,,
2018-02,江西省,,,1076.42,,2290,2018-02-28 00:00:00,1,0,2024-07-21 04:06:30,0,2024-07-21 04:06:30,,,
2018-02,福建省,,,1162.31,,2291,2018-02-28 00:00:00,1,0,2024-07-21 04:06:30,0,2024-07-21 04:06:30,,,
2018-02,安徽省,,,1246.02,,2292,2018-02-28 00:00:00,1,0,2024-07-21 04:06:30,0,2024-07-21 04:06:30,,,
2018-02,浙江省,,,1283.90,,2293,2018-02-28 00:00:00,1,0,2024-07-21 04:06:30,0,2024-07-21 04:06:30,,,
2018-02,江苏省,,,1848.17,,2294,2018-02-28 00:00:00,1,0,2024-07-21 04:06:30,0,2024-07-21 04:06:30,,,
2018-02,上海市,,,51.20,,2295,2018-02-28 00:00:00,1,0,2024-07-21 04:06:30,0,2024-07-21 04:06:30,,,
2018-02,黑龙江省,,,10.35,,2296,2018-02-28 00:00:00,1,0,2024-07-21 04:06:30,0,2024-07-21 04:06:30,,,
2018-02,吉林省,,,26.65,,2297,2018-02-28 00:00:00,1,0,2024-07-21 04:06:30,0,2024-07-21 04:06:30,,,
2018-02,辽宁省,,,49.07,,2298,2018-02-28 00:00:00,1,0,2024-07-21 04:06:30,0,2024-07-21 04:06:30,,,
2018-02,内蒙古区,,,17.26,,2299,2018-02-28 00:00:00,1,0,2024-07-21 04:06:30,0,2024-07-21 04:06:30,,,
2018-02,山西省,,,88.26,,2300,2018-02-28 00:00:00,1,0,2024-07-21 04:06:30,0,2024-07-21 04:06:30,,,
2018-02,河北省,,,399.47,,2301,2018-02-28 00:00:00,1,0,2024-07-21 04:06:30,0,2024-07-21 04:06:30,,,
2018-02,天津市,,,39.43,,2302,2018-02-28 00:00:00,1,0,2024-07-21 04:06:30,0,2024-07-21 04:06:30,,,
2018-02,北京市,,,29.78,,2303,2018-02-28 00:00:00,1,0,2024-07-21 04:06:30,0,2024-07-21 04:06:30,,,
2018-02,全国,,,22256.30,4.10,2304,2018-02-28 00:00:00,1,0,2024-07-21 04:06:30,0,2024-07-21 04:06:30,,,
2017-12,新疆区,90.45,,4495.92,,2305,2017-12-31 00:00:00,1,0,2024-07-21 04:06:30,0,2024-07-21 04:06:30,,,
2017-12,宁夏区,37.47,,2177.70,,2306,2017-12-31 00:00:00,1,0,2024-07-21 04:06:30,0,2024-07-21 04:06:30,,,
2017-12,青海省,43.29,,1449.54,,2307,2017-12-31 00:00:00,1,0,2024-07-21 04:06:30,0,2024-07-21 04:06:30,,,
2017-12,甘肃省,109.13,,4009.36,,2308,2017-12-31 00:00:00,1,0,2024-07-21 04:06:30,0,2024-07-21 04:06:30,,,
2017-12,陕西省,453.91,,7476.09,,2309,2017-12-31 00:00:00,1,0,2024-07-21 04:06:30,0,2024-07-21 04:06:30,,,
2017-12,西藏区,25.51,,642.14,,2310,2017-12-31 00:00:00,1,0,2024-07-21 04:06:30,0,2024-07-21 04:06:30,,,
2017-12,云南省,1214.43,,11292.89,,2311,2017-12-31 00:00:00,1,0,2024-07-21 04:06:33,0,2024-07-21 04:06:33,,,
2017-12,贵州省,1151.55,,11356.51,,2312,2017-12-31 00:00:00,1,0,2024-07-21 04:06:33,0,2024-07-21 04:06:33,,,
2017-12,四川省,1410.49,,13809.99,,2313,2017-12-31 00:00:00,1,0,2024-07-21 04:06:33,0,2024-07-21 04:06:33,,,
2017-12,重庆市,674.60,,6370.93,,2314,2017-12-31 00:00:00,1,0,2024-07-21 04:06:33,0,2024-07-21 04:06:33,,,
2017-12,海南省,287.79,,2213.31,,2315,2017-12-31 00:00:00,1,0,2024-07-21 04:06:33,0,2024-07-21 04:06:33,,,
2017-12,广西区,1323.32,,12179.38,,2316,2017-12-31 00:00:00,1,0,2024-07-21 04:06:33,0,2024-07-21 04:06:33,,,
2017-12,广东省,1632.97,,15785.93,,2317,2017-12-31 00:00:00,1,0,2024-07-21 04:06:33,0,2024-07-21 04:06:33,,,
2017-12,湖南省,1269.12,,11920.40,,2318,2017-12-31 00:00:00,1,0,2024-07-21 04:06:33,0,2024-07-21 04:06:33,,,
2017-12,湖北省,1135.71,,11106.96,,2319,2017-12-31 00:00:00,1,0,2024-07-21 04:06:33,0,2024-07-21 04:06:33,,,
2017-12,河南省,910.34,,14938.70,,2320,2017-12-31 00:00:00,1,0,2024-07-21 04:06:33,0,2024-07-21 04:06:33,,,
2017-12,山东省,921.34,,15299.99,,2321,2017-12-31 00:00:00,1,0,2024-07-21 04:06:33,0,2024-07-21 04:06:33,,,
2017-12,江西省,881.27,,8934.13,,2322,2017-12-31 00:00:00,1,0,2024-07-21 04:06:33,0,2024-07-21 04:06:33,,,
2017-12,福建省,862.34,,8444.19,,2323,2017-12-31 00:00:00,1,0,2024-07-21 04:06:33,0,2024-07-21 04:06:33,,,
2017-12,安徽省,1242.39,,13394.24,,2324,2017-12-31 00:00:00,1,0,2024-07-21 04:06:33,0,2024-07-21 04:06:33,,,
2017-12,浙江省,1084.33,,11231.18,,2325,2017-12-31 00:00:00,1,0,2024-07-21 04:06:33,0,2024-07-21 04:06:33,,,
2017-12,江苏省,1461.81,,17330.20,,2326,2017-12-31 00:00:00,1,0,2024-07-21 04:06:33,0,2024-07-21 04:06:33,,,
2017-12,上海市,38.91,,415.73,,2327,2017-12-31 00:00:00,1,0,2024-07-21 04:06:33,0,2024-07-21 04:06:33,,,
2017-12,黑龙江省,69.10,,2361.45,,2328,2017-12-31 00:00:00,1,0,2024-07-21 04:06:33,0,2024-07-21 04:06:33,,,
2017-12,吉林省,54.38,,2992.05,,2329,2017-12-31 00:00:00,1,0,2024-07-21 04:06:33,0,2024-07-21 04:06:33,,,
2017-12,辽宁省,98.22,,3688.32,,2330,2017-12-31 00:00:00,1,0,2024-07-21 04:06:33,0,2024-07-21 04:06:33,,,
2017-12,内蒙古区,47.70,,3045.26,,2331,2017-12-31 00:00:00,1,0,2024-07-21 04:06:33,0,2024-07-21 04:06:33,,,
2017-12,山西省,129.62,,3506.01,,2332,2017-12-31 00:00:00,1,0,2024-07-21 04:06:33,0,2024-07-21 04:06:33,,,
2017-12,河北省,433.09,,8963.45,,2333,2017-12-31 00:00:00,1,0,2024-07-21 04:06:33,0,2024-07-21 04:06:33,,,
2017-12,天津市,23.32,,418.56,,2334,2017-12-31 00:00:00,1,0,2024-07-21 04:06:33,0,2024-07-21 04:06:33,,,
2017-12,北京市,26.14,,374.38,,2335,2017-12-31 00:00:00,1,0,2024-07-21 04:06:33,0,2024-07-21 04:06:33,,,
2017-12,全国,19144.10,-2.20,231624.90,-0.20,2336,2017-12-31 00:00:00,1,0,2024-07-21 04:06:33,0,2024-07-21 04:06:33,,,
2017-11,新疆区,417.59,,4398.14,,2337,2017-11-30 00:00:00,1,0,2024-07-21 04:06:33,0,2024-07-21 04:06:33,,,
2017-11,宁夏区,184.70,,2140.56,,2338,2017-11-30 00:00:00,1,0,2024-07-21 04:06:33,0,2024-07-21 04:06:33,,,
2017-11,青海省,86.40,,1505.15,,2339,2017-11-30 00:00:00,1,0,2024-07-21 04:06:33,0,2024-07-21 04:06:33,,,
2017-11,甘肃省,371.71,,3927.86,,2340,2017-11-30 00:00:00,1,0,2024-07-21 04:06:33,0,2024-07-21 04:06:33,,,
2017-11,陕西省,690.74,,7022.19,,2341,2017-11-30 00:00:00,1,0,2024-07-21 04:06:36,0,2024-07-21 04:06:36,,,
2017-11,西藏区,44.58,,616.63,,2342,2017-11-30 00:00:00,1,0,2024-07-21 04:06:36,0,2024-07-21 04:06:36,,,
2017-11,云南省,1094.56,,10073.94,,2343,2017-11-30 00:00:00,1,0,2024-07-21 04:06:36,0,2024-07-21 04:06:36,,,
2017-11,贵州省,1173.18,,10222.04,,2344,2017-11-30 00:00:00,1,0,2024-07-21 04:06:36,0,2024-07-21 04:06:36,,,
2017-11,四川省,1309.42,,12451.94,,2345,2017-11-30 00:00:00,1,0,2024-07-21 04:06:36,0,2024-07-21 04:06:36,,,
2017-11,重庆市,641.59,,5820.80,,2346,2017-11-30 00:00:00,1,0,2024-07-21 04:06:36,0,2024-07-21 04:06:36,,,
2017-11,海南省,197.56,,1925.52,,2347,2017-11-30 00:00:00,1,0,2024-07-21 04:06:36,0,2024-07-21 04:06:36,,,
2017-11,广西区,1239.59,,10853.95,,2348,2017-11-30 00:00:00,1,0,2024-07-21 04:06:36,0,2024-07-21 04:06:36,,,
2017-11,广东省,1606.57,,14541.38,,2349,2017-11-30 00:00:00,1,0,2024-07-21 04:06:36,0,2024-07-21 04:06:36,,,
2017-11,湖南省,1205.00,,10845.42,,2350,2017-11-30 00:00:00,1,0,2024-07-21 04:06:36,0,2024-07-21 04:06:36,,,
2017-11,湖北省,1120.43,,9872.28,,2351,2017-11-30 00:00:00,1,0,2024-07-21 04:06:36,0,2024-07-21 04:06:36,,,
2017-11,河南省,1494.41,,14508.53,,2352,2017-11-30 00:00:00,1,0,2024-07-21 04:06:36,0,2024-07-21 04:06:36,,,
2017-11,山东省,1493.02,,14570.15,,2353,2017-11-30 00:00:00,1,0,2024-07-21 04:06:36,0,2024-07-21 04:06:36,,,
2017-11,江西省,978.24,,8331.03,,2354,2017-11-30 00:00:00,1,0,2024-07-21 04:06:36,0,2024-07-21 04:06:36,,,
2017-11,福建省,802.69,,7581.85,,2355,2017-11-30 00:00:00,1,0,2024-07-21 04:06:36,0,2024-07-21 04:06:36,,,
2017-11,安徽省,1432.37,,12992.78,,2356,2017-11-30 00:00:00,1,0,2024-07-21 04:06:36,0,2024-07-21 04:06:36,,,
2017-11,浙江省,1155.52,,10146.76,,2357,2017-11-30 00:00:00,1,0,2024-07-21 04:06:36,0,2024-07-21 04:06:36,,,
2017-11,江苏省,1512.86,,16252.76,,2358,2017-11-30 00:00:00,1,0,2024-07-21 04:06:36,0,2024-07-21 04:06:36,,,
2017-11,上海市,40.11,,376.82,,2359,2017-11-30 00:00:00,1,0,2024-07-21 04:06:36,0,2024-07-21 04:06:36,,,
2017-11,黑龙江省,120.96,,2427.26,,2360,2017-11-30 00:00:00,1,0,2024-07-21 04:06:36,0,2024-07-21 04:06:36,,,
2017-11,吉林省,150.55,,2931.77,,2361,2017-11-30 00:00:00,1,0,2024-07-21 04:06:36,0,2024-07-21 04:06:36,,,
2017-11,辽宁省,289.00,,3591.97,,2362,2017-11-30 00:00:00,1,0,2024-07-21 04:06:36,0,2024-07-21 04:06:36,,,
2017-11,内蒙古区,139.56,,2955.93,,2363,2017-11-30 00:00:00,1,0,2024-07-21 04:06:36,0,2024-07-21 04:06:36,,,
2017-11,山西省,298.90,,3372.50,,2364,2017-11-30 00:00:00,1,0,2024-07-21 04:06:36,0,2024-07-21 04:06:36,,,
2017-11,河北省,691.51,,8530.34,,2365,2017-11-30 00:00:00,1,0,2024-07-21 04:06:36,0,2024-07-21 04:06:36,,,
2017-11,天津市,35.94,,395.23,,2366,2017-11-30 00:00:00,1,0,2024-07-21 04:06:36,0,2024-07-21 04:06:36,,,
2017-11,北京市,32.04,,348.24,,2367,2017-11-30 00:00:00,1,0,2024-07-21 04:06:36,0,2024-07-21 04:06:36,,,
2017-11,全国,22051.30,4.80,215531.70,-0.20,2368,2017-11-30 00:00:00,1,0,2024-07-21 04:06:36,0,2024-07-21 04:06:36,,,
2017-10,新疆区,559.16,,3980.58,,2369,2017-10-31 00:00:00,1,0,2024-07-21 04:06:36,0,2024-07-21 04:06:36,,,
2017-10,宁夏区,252.49,,1955.86,,2370,2017-10-31 00:00:00,1,0,2024-07-21 04:06:36,0,2024-07-21 04:06:36,,,
2017-10,青海省,175.58,,1418.76,,2371,2017-10-31 00:00:00,1,0,2024-07-21 04:06:38,0,2024-07-21 04:06:38,,,
2017-10,甘肃省,467.15,,3556.15,,2372,2017-10-31 00:00:00,1,0,2024-07-21 04:06:38,0,2024-07-21 04:06:38,,,
2017-10,陕西省,669.76,,6331.45,,2373,2017-10-31 00:00:00,1,0,2024-07-21 04:06:38,0,2024-07-21 04:06:38,,,
2017-10,西藏区,52.12,,572.05,,2374,2017-10-31 00:00:00,1,0,2024-07-21 04:06:38,0,2024-07-21 04:06:38,,,
2017-10,云南省,878.47,,8976.34,,2375,2017-10-31 00:00:00,1,0,2024-07-21 04:06:38,0,2024-07-21 04:06:38,,,
2017-10,贵州省,1072.20,,9048.87,,2376,2017-10-31 00:00:00,1,0,2024-07-21 04:06:38,0,2024-07-21 04:06:38,,,
2017-10,四川省,1162.25,,11484.41,,2377,2017-10-31 00:00:00,1,0,2024-07-21 04:06:38,0,2024-07-21 04:06:38,,,
2017-10,重庆市,563.05,,5364.44,,2378,2017-10-31 00:00:00,1,0,2024-07-21 04:06:38,0,2024-07-21 04:06:38,,,
2017-10,海南省,159.13,,1727.96,,2379,2017-10-31 00:00:00,1,0,2024-07-21 04:06:38,0,2024-07-21 04:06:38,,,
2017-10,广西区,1084.67,,9625.47,,2380,2017-10-31 00:00:00,1,0,2024-07-21 04:06:38,0,2024-07-21 04:06:38,,,
2017-10,广东省,1471.31,,12935.55,,2381,2017-10-31 00:00:00,1,0,2024-07-21 04:06:38,0,2024-07-21 04:06:38,,,
2017-10,湖南省,1188.11,,9640.42,,2382,2017-10-31 00:00:00,1,0,2024-07-21 04:06:38,0,2024-07-21 04:06:38,,,
2017-10,湖北省,987.18,,9356.54,,2383,2017-10-31 00:00:00,1,0,2024-07-21 04:06:38,0,2024-07-21 04:06:38,,,
2017-10,河南省,1329.45,,13476.04,,2384,2017-10-31 00:00:00,1,0,2024-07-21 04:06:38,0,2024-07-21 04:06:38,,,
2017-10,山东省,1384.70,,13099.48,,2385,2017-10-31 00:00:00,1,0,2024-07-21 04:06:38,0,2024-07-21 04:06:38,,,
2017-10,江西省,932.36,,7614.12,,2386,2017-10-31 00:00:00,1,0,2024-07-21 04:06:38,0,2024-07-21 04:06:38,,,
2017-10,福建省,784.83,,6782.26,,2387,2017-10-31 00:00:00,1,0,2024-07-21 04:06:38,0,2024-07-21 04:06:38,,,
2017-10,安徽省,1269.63,,11746.93,,2388,2017-10-31 00:00:00,1,0,2024-07-21 04:06:38,0,2024-07-21 04:06:38,,,
2017-10,浙江省,1059.98,,9007.73,,2389,2017-10-31 00:00:00,1,0,2024-07-21 04:06:38,0,2024-07-21 04:06:38,,,
2017-10,江苏省,1555.95,,14886.27,,2390,2017-10-31 00:00:00,1,0,2024-07-21 04:06:38,0,2024-07-21 04:06:38,,,
2017-10,上海市,39.24,,336.72,,2391,2017-10-31 00:00:00,1,0,2024-07-21 04:06:38,0,2024-07-21 04:06:38,,,
2017-10,黑龙江省,331.34,,2560.56,,2392,2017-10-31 00:00:00,1,0,2024-07-21 04:06:38,0,2024-07-21 04:06:38,,,
2017-10,吉林省,403.05,,2902.44,,2393,2017-10-31 00:00:00,1,0,2024-07-21 04:06:38,0,2024-07-21 04:06:38,,,
2017-10,辽宁省,482.44,,3303.14,,2394,2017-10-31 00:00:00,1,0,2024-07-21 04:06:38,0,2024-07-21 04:06:38,,,
2017-10,内蒙古区,359.71,,3002.62,,2395,2017-10-31 00:00:00,1,0,2024-07-21 04:06:38,0,2024-07-21 04:06:38,,,
2017-10,山西省,365.73,,3077.31,,2396,2017-10-31 00:00:00,1,0,2024-07-21 04:06:38,0,2024-07-21 04:06:38,,,
2017-10,河北省,883.54,,7842.45,,2397,2017-10-31 00:00:00,1,0,2024-07-21 04:06:38,0,2024-07-21 04:06:38,,,
2017-10,天津市,32.27,,359.30,,2398,2017-10-31 00:00:00,1,0,2024-07-21 04:06:38,0,2024-07-21 04:06:38,,,
2017-10,北京市,32.74,,316.20,,2399,2017-10-31 00:00:00,1,0,2024-07-21 04:06:38,0,2024-07-21 04:06:38,,,
2017-10,全国,21989.60,-3.10,196288.40,-0.50,2400,2017-10-31 00:00:00,1,0,2024-07-21 04:06:38,0,2024-07-21 04:06:38,,,
2017-09,新疆区,567.77,,3421.26,,2401,2017-09-30 00:00:00,1,0,2024-07-21 04:06:41,0,2024-07-21 04:06:41,,,
2017-09,宁夏区,264.96,,1703.37,,2402,2017-09-30 00:00:00,1,0,2024-07-21 04:06:41,0,2024-07-21 04:06:41,,,
2017-09,青海省,186.06,,1243.18,,2403,2017-09-30 00:00:00,1,0,2024-07-21 04:06:41,0,2024-07-21 04:06:41,,,
2017-09,甘肃省,468.08,,3089.00,,2404,2017-09-30 00:00:00,1,0,2024-07-21 04:06:41,0,2024-07-21 04:06:41,,,
2017-09,陕西省,665.90,,5661.69,,2405,2017-09-30 00:00:00,1,0,2024-07-21 04:06:41,0,2024-07-21 04:06:41,,,
2017-09,西藏区,48.14,,519.93,,2406,2017-09-30 00:00:00,1,0,2024-07-21 04:06:41,0,2024-07-21 04:06:41,,,
2017-09,云南省,842.96,,8097.88,,2407,2017-09-30 00:00:00,1,0,2024-07-21 04:06:41,0,2024-07-21 04:06:41,,,
2017-09,贵州省,971.71,,7976.65,,2408,2017-09-30 00:00:00,1,0,2024-07-21 04:06:41,0,2024-07-21 04:06:41,,,
2017-09,四川省,979.34,,10322.04,,2409,2017-09-30 00:00:00,1,0,2024-07-21 04:06:41,0,2024-07-21 04:06:41,,,
2017-09,重庆市,564.56,,4813.98,,2410,2017-09-30 00:00:00,1,0,2024-07-21 04:06:41,0,2024-07-21 04:06:41,,,
2017-09,海南省,172.31,,1568.83,,2411,2017-09-30 00:00:00,1,0,2024-07-21 04:06:41,0,2024-07-21 04:06:41,,,
2017-09,广西区,1033.63,,8541.88,,2412,2017-09-30 00:00:00,1,0,2024-07-21 04:06:41,0,2024-07-21 04:06:41,,,
2017-09,广东省,1378.57,,11464.29,,2413,2017-09-30 00:00:00,1,0,2024-07-21 04:06:41,0,2024-07-21 04:06:41,,,
2017-09,湖南省,1141.80,,8452.32,,2414,2017-09-30 00:00:00,1,0,2024-07-21 04:06:41,0,2024-07-21 04:06:41,,,
2017-09,湖北省,1058.42,,8354.82,,2415,2017-09-30 00:00:00,1,0,2024-07-21 04:06:41,0,2024-07-21 04:06:41,,,
2017-09,河南省,1419.25,,12146.55,,2416,2017-09-30 00:00:00,1,0,2024-07-21 04:06:41,0,2024-07-21 04:06:41,,,
2017-09,山东省,1373.78,,11651.93,,2417,2017-09-30 00:00:00,1,0,2024-07-21 04:06:41,0,2024-07-21 04:06:41,,,
2017-09,江西省,938.42,,6717.95,,2418,2017-09-30 00:00:00,1,0,2024-07-21 04:06:41,0,2024-07-21 04:06:41,,,
2017-09,福建省,724.70,,5997.42,,2419,2017-09-30 00:00:00,1,0,2024-07-21 04:06:41,0,2024-07-21 04:06:41,,,
2017-09,安徽省,1302.87,,10477.26,,2420,2017-09-30 00:00:00,1,0,2024-07-21 04:06:41,0,2024-07-21 04:06:41,,,
2017-09,浙江省,960.06,,7947.75,,2421,2017-09-30 00:00:00,1,0,2024-07-21 04:06:41,0,2024-07-21 04:06:41,,,
2017-09,江苏省,1495.81,,13330.29,,2422,2017-09-30 00:00:00,1,0,2024-07-21 04:06:41,0,2024-07-21 04:06:41,,,
2017-09,上海市,40.51,,297.47,,2423,2017-09-30 00:00:00,1,0,2024-07-21 04:06:41,0,2024-07-21 04:06:41,,,
2017-09,黑龙江省,463.67,,2447.36,,2424,2017-09-30 00:00:00,1,0,2024-07-21 04:06:41,0,2024-07-21 04:06:41,,,
2017-09,吉林省,480.86,,2785.78,,2425,2017-09-30 00:00:00,1,0,2024-07-21 04:06:41,0,2024-07-21 04:06:41,,,
2017-09,辽宁省,516.01,,2823.29,,2426,2017-09-30 00:00:00,1,0,2024-07-21 04:06:41,0,2024-07-21 04:06:41,,,
2017-09,内蒙古区,593.05,,3826.32,,2427,2017-09-30 00:00:00,1,0,2024-07-21 04:06:41,0,2024-07-21 04:06:41,,,
2017-09,山西省,442.44,,2711.58,,2428,2017-09-30 00:00:00,1,0,2024-07-21 04:06:41,0,2024-07-21 04:06:41,,,
2017-09,河北省,964.27,,6959.00,,2429,2017-09-30 00:00:00,1,0,2024-07-21 04:06:41,0,2024-07-21 04:06:41,,,
2017-09,天津市,36.65,,489.22,,2430,2017-09-30 00:00:00,1,0,2024-07-21 04:06:41,0,2024-07-21 04:06:41,,,
2017-09,北京市,43.14,,283.46,,2431,2017-09-30 00:00:00,1,0,2024-07-21 04:06:45,0,2024-07-21 04:06:45,,,
2017-09,全国,22139.70,-2.00,176123.70,,2432,2017-09-30 00:00:00,1,0,2024-07-21 04:06:45,0,2024-07-21 04:06:45,,,
2017-08,新疆区,592.22,,2808.57,,2433,2017-08-31 00:00:00,1,0,2024-07-21 04:06:45,0,2024-07-21 04:06:45,,,
2017-08,宁夏区,249.11,,1438.41,,2434,2017-08-31 00:00:00,1,0,2024-07-21 04:06:45,0,2024-07-21 04:06:45,,,
2017-08,青海省,167.66,,1057.12,,2435,2017-08-31 00:00:00,1,0,2024-07-21 04:06:45,0,2024-07-21 04:06:45,,,
2017-08,甘肃省,441.59,,2620.92,,2436,2017-08-31 00:00:00,1,0,2024-07-21 04:06:45,0,2024-07-21 04:06:45,,,
2017-08,陕西省,682.38,,4995.79,,2437,2017-08-31 00:00:00,1,0,2024-07-21 04:06:45,0,2024-07-21 04:06:45,,,
2017-08,西藏区,60.00,,471.80,,2438,2017-08-31 00:00:00,1,0,2024-07-21 04:06:45,0,2024-07-21 04:06:45,,,
2017-08,云南省,827.79,,7240.82,,2439,2017-08-31 00:00:00,1,0,2024-07-21 04:06:45,0,2024-07-21 04:06:45,,,
2017-08,贵州省,1044.99,,7004.78,,2440,2017-08-31 00:00:00,1,0,2024-07-21 04:06:45,0,2024-07-21 04:06:45,,,
2017-08,四川省,849.91,,9342.68,,2441,2017-08-31 00:00:00,1,0,2024-07-21 04:06:45,0,2024-07-21 04:06:45,,,
2017-08,重庆市,547.95,,4249.42,,2442,2017-08-31 00:00:00,1,0,2024-07-21 04:06:45,0,2024-07-21 04:06:45,,,
2017-08,海南省,193.24,,1396.52,,2443,2017-08-31 00:00:00,1,0,2024-07-21 04:06:45,0,2024-07-21 04:06:45,,,
2017-08,广西区,965.73,,7498.25,,2444,2017-08-31 00:00:00,1,0,2024-07-21 04:06:45,0,2024-07-21 04:06:45,,,
2017-08,广东省,1356.81,,10085.71,,2445,2017-08-31 00:00:00,1,0,2024-07-21 04:06:45,0,2024-07-21 04:06:45,,,
2017-08,湖南省,1099.06,,7310.52,,2446,2017-08-31 00:00:00,1,0,2024-07-21 04:06:45,0,2024-07-21 04:06:45,,,
2017-08,湖北省,1017.98,,7277.17,,2447,2017-08-31 00:00:00,1,0,2024-07-21 04:06:45,0,2024-07-21 04:06:45,,,
2017-08,河南省,1396.04,,10729.30,,2448,2017-08-31 00:00:00,1,0,2024-07-21 04:06:45,0,2024-07-21 04:06:45,,,
2017-08,山东省,1327.09,,10376.77,,2449,2017-08-31 00:00:00,1,0,2024-07-21 04:06:45,0,2024-07-21 04:06:45,,,
2017-08,江西省,859.00,,5779.33,,2450,2017-08-31 00:00:00,1,0,2024-07-21 04:06:45,0,2024-07-21 04:06:45,,,
2017-08,福建省,680.88,,5272.73,,2451,2017-08-31 00:00:00,1,0,2024-07-21 04:06:45,0,2024-07-21 04:06:45,,,
2017-08,安徽省,1250.01,,9174.18,,2452,2017-08-31 00:00:00,1,0,2024-07-21 04:06:45,0,2024-07-21 04:06:45,,,
2017-08,浙江省,926.24,,6987.69,,2453,2017-08-31 00:00:00,1,0,2024-07-21 04:06:45,0,2024-07-21 04:06:45,,,
2017-08,江苏省,1482.84,,11876.79,,2454,2017-08-31 00:00:00,1,0,2024-07-21 04:06:45,0,2024-07-21 04:06:45,,,
2017-08,上海市,38.47,,256.95,,2455,2017-08-31 00:00:00,1,0,2024-07-21 04:06:45,0,2024-07-21 04:06:45,,,
2017-08,黑龙江省,385.04,,1804.99,,2456,2017-08-31 00:00:00,1,0,2024-07-21 04:06:45,0,2024-07-21 04:06:45,,,
2017-08,吉林省,389.53,,2042.00,,2457,2017-08-31 00:00:00,1,0,2024-07-21 04:06:45,0,2024-07-21 04:06:45,,,
2017-08,辽宁省,441.88,,2307.31,,2458,2017-08-31 00:00:00,1,0,2024-07-21 04:06:45,0,2024-07-21 04:06:45,,,
2017-08,内蒙古区,554.66,,3357.11,,2459,2017-08-31 00:00:00,1,0,2024-07-21 04:06:45,0,2024-07-21 04:06:45,,,
2017-08,山西省,396.38,,2269.13,,2460,2017-08-31 00:00:00,1,0,2024-07-21 04:06:45,0,2024-07-21 04:06:45,,,
2017-08,河北省,877.35,,5979.60,,2461,2017-08-31 00:00:00,1,0,2024-07-21 04:06:47,0,2024-07-21 04:06:47,,,
2017-08,天津市,43.81,,452.57,,2462,2017-08-31 00:00:00,1,0,2024-07-21 04:06:47,0,2024-07-21 04:06:47,,,
2017-08,北京市,39.14,,240.32,,2463,2017-08-31 00:00:00,1,0,2024-07-21 04:06:47,0,2024-07-21 04:06:47,,,
2017-08,全国,21184.80,-3.70,153705.30,-0.50,2464,2017-08-31 00:00:00,1,0,2024-07-21 04:06:47,0,2024-07-21 04:06:47,,,
2017-07,新疆区,518.02,,2216.38,,2465,2017-07-31 00:00:00,1,0,2024-07-21 04:06:47,0,2024-07-21 04:06:47,,,
2017-07,宁夏区,249.87,,1189.30,,2466,2017-07-31 00:00:00,1,0,2024-07-21 04:06:47,0,2024-07-21 04:06:47,,,
2017-07,青海省,195.02,,889.46,,2467,2017-07-31 00:00:00,1,0,2024-07-21 04:06:47,0,2024-07-21 04:06:47,,,
2017-07,甘肃省,444.32,,2179.33,,2468,2017-07-31 00:00:00,1,0,2024-07-21 04:06:47,0,2024-07-21 04:06:47,,,
2017-07,陕西省,690.90,,4313.40,,2469,2017-07-31 00:00:00,1,0,2024-07-21 04:06:47,0,2024-07-21 04:06:47,,,
2017-07,西藏区,63.30,,411.80,,2470,2017-07-31 00:00:00,1,0,2024-07-21 04:06:47,0,2024-07-21 04:06:47,,,
2017-07,云南省,808.61,,6413.03,,2471,2017-07-31 00:00:00,1,0,2024-07-21 04:06:47,0,2024-07-21 04:06:47,,,
2017-07,贵州省,941.05,,6079.46,,2472,2017-07-31 00:00:00,1,0,2024-07-21 04:06:47,0,2024-07-21 04:06:47,,,
2017-07,四川省,1232.38,,8492.47,,2473,2017-07-31 00:00:00,1,0,2024-07-21 04:06:47,0,2024-07-21 04:06:47,,,
2017-07,重庆市,564.88,,3701.48,,2474,2017-07-31 00:00:00,1,0,2024-07-21 04:06:47,0,2024-07-21 04:06:47,,,
2017-07,海南省,192.51,,1203.29,,2475,2017-07-31 00:00:00,1,0,2024-07-21 04:06:47,0,2024-07-21 04:06:47,,,
2017-07,广西区,902.10,,6520.85,,2476,2017-07-31 00:00:00,1,0,2024-07-21 04:06:47,0,2024-07-21 04:06:47,,,
2017-07,广东省,1319.02,,8711.67,,2477,2017-07-31 00:00:00,1,0,2024-07-21 04:06:47,0,2024-07-21 04:06:47,,,
2017-07,湖南省,1064.78,,6211.46,,2478,2017-07-31 00:00:00,1,0,2024-07-21 04:06:47,0,2024-07-21 04:06:47,,,
2017-07,湖北省,1001.24,,6266.73,,2479,2017-07-31 00:00:00,1,0,2024-07-21 04:06:47,0,2024-07-21 04:06:47,,,
2017-07,河南省,1420.10,,9275.34,,2480,2017-07-31 00:00:00,1,0,2024-07-21 04:06:47,0,2024-07-21 04:06:47,,,
2017-07,山东省,1402.33,,9091.03,,2481,2017-07-31 00:00:00,1,0,2024-07-21 04:06:47,0,2024-07-21 04:06:47,,,
2017-07,江西省,778.22,,4933.32,,2482,2017-07-31 00:00:00,1,0,2024-07-21 04:06:47,0,2024-07-21 04:06:47,,,
2017-07,福建省,701.78,,4591.85,,2483,2017-07-31 00:00:00,1,0,2024-07-21 04:06:47,0,2024-07-21 04:06:47,,,
2017-07,安徽省,1206.57,,7924.38,,2484,2017-07-31 00:00:00,1,0,2024-07-21 04:06:47,0,2024-07-21 04:06:47,,,
2017-07,浙江省,982.20,,6061.45,,2485,2017-07-31 00:00:00,1,0,2024-07-21 04:06:47,0,2024-07-21 04:06:47,,,
2017-07,江苏省,1479.55,,10394.04,,2486,2017-07-31 00:00:00,1,0,2024-07-21 04:06:47,0,2024-07-21 04:06:47,,,
2017-07,上海市,34.42,,218.49,,2487,2017-07-31 00:00:00,1,0,2024-07-21 04:06:47,0,2024-07-21 04:06:47,,,
2017-07,黑龙江省,354.09,,1419.95,,2488,2017-07-31 00:00:00,1,0,2024-07-21 04:06:47,0,2024-07-21 04:06:47,,,
2017-07,吉林省,345.15,,1652.84,,2489,2017-07-31 00:00:00,1,0,2024-07-21 04:06:47,0,2024-07-21 04:06:47,,,
2017-07,辽宁省,415.94,,1865.48,,2490,2017-07-31 00:00:00,1,0,2024-07-21 04:06:47,0,2024-07-21 04:06:47,,,
2017-07,内蒙古区,603.98,,2790.02,,2491,2017-07-31 00:00:00,1,0,2024-07-21 04:06:50,0,2024-07-21 04:06:50,,,
2017-07,山西省,388.91,,1870.13,,2492,2017-07-31 00:00:00,1,0,2024-07-21 04:06:50,0,2024-07-21 04:06:50,,,
2017-07,河北省,879.24,,5113.73,,2493,2017-07-31 00:00:00,1,0,2024-07-21 04:06:50,0,2024-07-21 04:06:50,,,
2017-07,天津市,67.29,,408.76,,2494,2017-07-31 00:00:00,1,0,2024-07-21 04:06:50,0,2024-07-21 04:06:50,,,
2017-07,北京市,35.63,,201.18,,2495,2017-07-31 00:00:00,1,0,2024-07-21 04:06:50,0,2024-07-21 04:06:50,,,
2017-07,全国,21283.40,-0.90,132612.10,-0.20,2496,2017-07-31 00:00:00,1,0,2024-07-21 04:06:50,0,2024-07-21 04:06:50,,,
2017-06,新疆区,564.55,,1698.99,,2497,2017-06-30 00:00:00,1,0,2024-07-21 04:06:50,0,2024-07-21 04:06:50,,,
2017-06,宁夏区,259.20,,939.43,,2498,2017-06-30 00:00:00,1,0,2024-07-21 04:06:50,0,2024-07-21 04:06:50,,,
2017-06,青海省,185.86,,699.13,,2499,2017-06-30 00:00:00,1,0,2024-07-21 04:06:50,0,2024-07-21 04:06:50,,,
2017-06,甘肃省,452.09,,1735.01,,2500,2017-06-30 00:00:00,1,0,2024-07-21 04:06:50,0,2024-07-21 04:06:50,,,
2017-06,陕西省,727.51,,3621.52,,2501,2017-06-30 00:00:00,1,0,2024-07-21 04:06:50,0,2024-07-21 04:06:50,,,
2017-06,西藏区,80.00,,348.50,,2502,2017-06-30 00:00:00,1,0,2024-07-21 04:06:50,0,2024-07-21 04:06:50,,,
2017-06,云南省,998.57,,5600.38,,2503,2017-06-30 00:00:00,1,0,2024-07-21 04:06:50,0,2024-07-21 04:06:50,,,
2017-06,贵州省,987.98,,5163.42,,2504,2017-06-30 00:00:00,1,0,2024-07-21 04:06:50,0,2024-07-21 04:06:50,,,
2017-06,四川省,1287.85,,7248.41,,2505,2017-06-30 00:00:00,1,0,2024-07-21 04:06:50,0,2024-07-21 04:06:50,,,
2017-06,重庆市,546.11,,3136.60,,2506,2017-06-30 00:00:00,1,0,2024-07-21 04:06:50,0,2024-07-21 04:06:50,,,
2017-06,海南省,200.17,,1010.78,,2507,2017-06-30 00:00:00,1,0,2024-07-21 04:06:50,0,2024-07-21 04:06:50,,,
2017-06,广西区,1073.40,,5618.75,,2508,2017-06-30 00:00:00,1,0,2024-07-21 04:06:50,0,2024-07-21 04:06:50,,,
2017-06,广东省,1336.96,,7383.45,,2509,2017-06-30 00:00:00,1,0,2024-07-21 04:06:50,0,2024-07-21 04:06:50,,,
2017-06,湖南省,964.20,,5146.68,,2510,2017-06-30 00:00:00,1,0,2024-07-21 04:06:50,0,2024-07-21 04:06:50,,,
2017-06,湖北省,990.42,,5265.74,,2511,2017-06-30 00:00:00,1,0,2024-07-21 04:06:50,0,2024-07-21 04:06:50,,,
2017-06,河南省,1444.23,,7855.25,,2512,2017-06-30 00:00:00,1,0,2024-07-21 04:06:50,0,2024-07-21 04:06:50,,,
2017-06,山东省,1553.87,,7686.13,,2513,2017-06-30 00:00:00,1,0,2024-07-21 04:06:50,0,2024-07-21 04:06:50,,,
2017-06,江西省,710.03,,4141.20,,2514,2017-06-30 00:00:00,1,0,2024-07-21 04:06:50,0,2024-07-21 04:06:50,,,
2017-06,福建省,638.94,,3826.52,,2515,2017-06-30 00:00:00,1,0,2024-07-21 04:06:50,0,2024-07-21 04:06:50,,,
2017-06,安徽省,1232.88,,6715.23,,2516,2017-06-30 00:00:00,1,0,2024-07-21 04:06:50,0,2024-07-21 04:06:50,,,
2017-06,浙江省,879.89,,5082.65,,2517,2017-06-30 00:00:00,1,0,2024-07-21 04:06:50,0,2024-07-21 04:06:50,,,
2017-06,江苏省,1637.63,,8974.26,,2518,2017-06-30 00:00:00,1,0,2024-07-21 04:06:50,0,2024-07-21 04:06:50,,,
2017-06,上海市,37.08,,184.06,,2519,2017-06-30 00:00:00,1,0,2024-07-21 04:06:50,0,2024-07-21 04:06:50,,,
2017-06,黑龙江省,380.37,,1065.26,,2520,2017-06-30 00:00:00,1,0,2024-07-21 04:06:50,0,2024-07-21 04:06:50,,,
2017-06,吉林省,391.31,,1300.81,,2521,2017-06-30 00:00:00,1,0,2024-07-21 04:06:53,0,2024-07-21 04:06:53,,,
2017-06,辽宁省,458.63,,1448.04,,2522,2017-06-30 00:00:00,1,0,2024-07-21 04:06:53,0,2024-07-21 04:06:53,,,
2017-06,内蒙古区,611.69,,2187.02,,2523,2017-06-30 00:00:00,1,0,2024-07-21 04:06:53,0,2024-07-21 04:06:53,,,
2017-06,山西省,409.74,,1483.84,,2524,2017-06-30 00:00:00,1,0,2024-07-21 04:06:53,0,2024-07-21 04:06:53,,,
2017-06,河北省,944.25,,4234.47,,2525,2017-06-30 00:00:00,1,0,2024-07-21 04:06:53,0,2024-07-21 04:06:53,,,
2017-06,天津市,62.59,,341.47,,2526,2017-06-30 00:00:00,1,0,2024-07-21 04:06:53,0,2024-07-21 04:06:53,,,
2017-06,北京市,32.92,,165.55,,2527,2017-06-30 00:00:00,1,0,2024-07-21 04:06:53,0,2024-07-21 04:06:53,,,
2017-06,全国,22080.90,-0.90,111308.50,0.40,2528,2017-06-30 00:00:00,1,0,2024-07-21 04:06:53,0,2024-07-21 04:06:53,,,
2017-05,新疆区,514.80,,1124.07,,2529,2017-05-31 00:00:00,1,0,2024-07-21 04:06:53,0,2024-07-21 04:06:53,,,
2017-05,宁夏区,249.86,,680.23,,2530,2017-05-31 00:00:00,1,0,2024-07-21 04:06:53,0,2024-07-21 04:06:53,,,
2017-05,青海省,194.48,,513.27,,2531,2017-05-31 00:00:00,1,0,2024-07-21 04:06:53,0,2024-07-21 04:06:53,,,
2017-05,甘肃省,460.01,,1282.91,,2532,2017-05-31 00:00:00,1,0,2024-07-21 04:06:53,0,2024-07-21 04:06:53,,,
2017-05,陕西省,756.07,,2894.00,,2533,2017-05-31 00:00:00,1,0,2024-07-21 04:06:53,0,2024-07-21 04:06:53,,,
2017-05,西藏区,72.10,,268.50,,2534,2017-05-31 00:00:00,1,0,2024-07-21 04:06:53,0,2024-07-21 04:06:53,,,
2017-05,云南省,1061.12,,4603.12,,2535,2017-05-31 00:00:00,1,0,2024-07-21 04:06:53,0,2024-07-21 04:06:53,,,
2017-05,贵州省,967.43,,4174.44,,2536,2017-05-31 00:00:00,1,0,2024-07-21 04:06:53,0,2024-07-21 04:06:53,,,
2017-05,四川省,1334.62,,5960.62,,2537,2017-05-31 00:00:00,1,0,2024-07-21 04:06:53,0,2024-07-21 04:06:53,,,
2017-05,重庆市,593.75,,2590.50,,2538,2017-05-31 00:00:00,1,0,2024-07-21 04:06:53,0,2024-07-21 04:06:53,,,
2017-05,海南省,204.43,,810.61,,2539,2017-05-31 00:00:00,1,0,2024-07-21 04:06:53,0,2024-07-21 04:06:53,,,
2017-05,广西区,1158.08,,4555.89,,2540,2017-05-31 00:00:00,1,0,2024-07-21 04:06:53,0,2024-07-21 04:06:53,,,
2017-05,广东省,1410.80,,6031.13,,2541,2017-05-31 00:00:00,1,0,2024-07-21 04:06:53,0,2024-07-21 04:06:53,,,
2017-05,湖南省,981.20,,4182.48,,2542,2017-05-31 00:00:00,1,0,2024-07-21 04:06:53,0,2024-07-21 04:06:53,,,
2017-05,湖北省,1003.89,,4264.84,,2543,2017-05-31 00:00:00,1,0,2024-07-21 04:06:53,0,2024-07-21 04:06:53,,,
2017-05,河南省,1475.80,,6408.48,,2544,2017-05-31 00:00:00,1,0,2024-07-21 04:06:53,0,2024-07-21 04:06:53,,,
2017-05,山东省,1701.33,,6120.55,,2545,2017-05-31 00:00:00,1,0,2024-07-21 04:06:53,0,2024-07-21 04:06:53,,,
2017-05,江西省,854.71,,3436.47,,2546,2017-05-31 00:00:00,1,0,2024-07-21 04:06:53,0,2024-07-21 04:06:53,,,
2017-05,福建省,715.27,,3187.58,,2547,2017-05-31 00:00:00,1,0,2024-07-21 04:06:53,0,2024-07-21 04:06:53,,,
2017-05,安徽省,1285.14,,5482.34,,2548,2017-05-31 00:00:00,1,0,2024-07-21 04:06:53,0,2024-07-21 04:06:53,,,
2017-05,浙江省,1046.66,,4202.85,,2549,2017-05-31 00:00:00,1,0,2024-07-21 04:06:53,0,2024-07-21 04:06:53,,,
2017-05,江苏省,1660.35,,7336.61,,2550,2017-05-31 00:00:00,1,0,2024-07-21 04:06:53,0,2024-07-21 04:06:53,,,
2017-05,上海市,38.92,,146.98,,2551,2017-05-31 00:00:00,1,0,2024-07-21 04:06:57,0,2024-07-21 04:06:57,,,
2017-05,黑龙江省,342.17,,684.89,,2552,2017-05-31 00:00:00,1,0,2024-07-21 04:06:57,0,2024-07-21 04:06:57,,,
2017-05,吉林省,368.22,,897.03,,2553,2017-05-31 00:00:00,1,0,2024-07-21 04:06:57,0,2024-07-21 04:06:57,,,
2017-05,辽宁省,405.59,,990.31,,2554,2017-05-31 00:00:00,1,0,2024-07-21 04:06:57,0,2024-07-21 04:06:57,,,
2017-05,内蒙古区,540.95,,1550.91,,2555,2017-05-31 00:00:00,1,0,2024-07-21 04:06:57,0,2024-07-21 04:06:57,,,
2017-05,山西省,388.47,,1074.11,,2556,2017-05-31 00:00:00,1,0,2024-07-21 04:06:57,0,2024-07-21 04:06:57,,,
2017-05,河北省,959.58,,3290.21,,2557,2017-05-31 00:00:00,1,0,2024-07-21 04:06:57,0,2024-07-21 04:06:57,,,
2017-05,天津市,68.17,,278.88,,2558,2017-05-31 00:00:00,1,0,2024-07-21 04:06:57,0,2024-07-21 04:06:57,,,
2017-05,北京市,31.84,,132.63,,2559,2017-05-31 00:00:00,1,0,2024-07-21 04:06:57,0,2024-07-21 04:06:57,,,
2017-05,全国,22845.80,0.50,89157.40,0.70,2560,2017-05-31 00:00:00,1,0,2024-07-21 04:06:57,0,2024-07-21 04:06:57,,,
2017-04,新疆区,404.83,,611.27,,2561,2017-04-30 00:00:00,1,0,2024-07-21 04:06:57,0,2024-07-21 04:06:57,,,
2017-04,宁夏区,244.20,,430.24,,2562,2017-04-30 00:00:00,1,0,2024-07-21 04:06:57,0,2024-07-21 04:06:57,,,
2017-04,青海省,163.04,,318.79,,2563,2017-04-30 00:00:00,1,0,2024-07-21 04:06:57,0,2024-07-21 04:06:57,,,
2017-04,甘肃省,417.75,,822.90,,2564,2017-04-30 00:00:00,1,0,2024-07-21 04:06:57,0,2024-07-21 04:06:57,,,
2017-04,陕西省,717.55,,2137.65,,2565,2017-04-30 00:00:00,1,0,2024-07-21 04:06:57,0,2024-07-21 04:06:57,,,
2017-04,西藏区,69.36,,196.40,,2566,2017-04-30 00:00:00,1,0,2024-07-21 04:06:57,0,2024-07-21 04:06:57,,,
2017-04,云南省,1029.58,,3537.54,,2567,2017-04-30 00:00:00,1,0,2024-07-21 04:06:57,0,2024-07-21 04:06:57,,,
2017-04,贵州省,1005.11,,3208.04,,2568,2017-04-30 00:00:00,1,0,2024-07-21 04:06:57,0,2024-07-21 04:06:57,,,
2017-04,四川省,1326.06,,4626.51,,2569,2017-04-30 00:00:00,1,0,2024-07-21 04:06:57,0,2024-07-21 04:06:57,,,
2017-04,重庆市,615.45,,1996.74,,2570,2017-04-30 00:00:00,1,0,2024-07-21 04:06:57,0,2024-07-21 04:06:57,,,
2017-04,海南省,201.89,,606.18,,2571,2017-04-30 00:00:00,1,0,2024-07-21 04:06:57,0,2024-07-21 04:06:57,,,
2017-04,广西区,982.13,,3397.79,,2572,2017-04-30 00:00:00,1,0,2024-07-21 04:06:57,0,2024-07-21 04:06:57,,,
2017-04,广东省,1411.64,,4621.20,,2573,2017-04-30 00:00:00,1,0,2024-07-21 04:06:57,0,2024-07-21 04:06:57,,,
2017-04,湖南省,1038.23,,3201.28,,2574,2017-04-30 00:00:00,1,0,2024-07-21 04:06:57,0,2024-07-21 04:06:57,,,
2017-04,湖北省,981.40,,3261.76,,2575,2017-04-30 00:00:00,1,0,2024-07-21 04:06:57,0,2024-07-21 04:06:57,,,
2017-04,河南省,1576.65,,4900.79,,2576,2017-04-30 00:00:00,1,0,2024-07-21 04:06:57,0,2024-07-21 04:06:57,,,
2017-04,山东省,1615.17,,4420.12,,2577,2017-04-30 00:00:00,1,0,2024-07-21 04:06:57,0,2024-07-21 04:06:57,,,
2017-04,江西省,749.35,,2593.72,,2578,2017-04-30 00:00:00,1,0,2024-07-21 04:06:57,0,2024-07-21 04:06:57,,,
2017-04,福建省,682.24,,2472.31,,2579,2017-04-30 00:00:00,1,0,2024-07-21 04:06:57,0,2024-07-21 04:06:57,,,
2017-04,安徽省,1304.81,,4197.00,,2580,2017-04-30 00:00:00,1,0,2024-07-21 04:06:57,0,2024-07-21 04:06:57,,,
2017-04,浙江省,1027.53,,3156.27,,2581,2017-04-30 00:00:00,1,0,2024-07-21 04:07:01,0,2024-07-21 04:07:01,,,
2017-04,江苏省,1652.79,,5542.32,,2582,2017-04-30 00:00:00,1,0,2024-07-21 04:07:01,0,2024-07-21 04:07:01,,,
2017-04,上海市,32.71,,108.06,,2583,2017-04-30 00:00:00,1,0,2024-07-21 04:07:01,0,2024-07-21 04:07:01,,,
2017-04,黑龙江省,200.10,,340.17,,2584,2017-04-30 00:00:00,1,0,2024-07-21 04:07:01,0,2024-07-21 04:07:01,,,
2017-04,吉林省,312.90,,530.87,,2585,2017-04-30 00:00:00,1,0,2024-07-21 04:07:01,0,2024-07-21 04:07:01,,,
2017-04,辽宁省,391.84,,581.84,,2586,2017-04-30 00:00:00,1,0,2024-07-21 04:07:01,0,2024-07-21 04:07:01,,,
2017-04,内蒙古区,454.77,,1009.96,,2587,2017-04-30 00:00:00,1,0,2024-07-21 04:07:01,0,2024-07-21 04:07:01,,,
2017-04,山西省,397.72,,685.64,,2588,2017-04-30 00:00:00,1,0,2024-07-21 04:07:01,0,2024-07-21 04:07:01,,,
2017-04,河北省,993.61,,2329.63,,2589,2017-04-30 00:00:00,1,0,2024-07-21 04:07:01,0,2024-07-21 04:07:01,,,
2017-04,天津市,73.84,,210.71,,2590,2017-04-30 00:00:00,1,0,2024-07-21 04:07:01,0,2024-07-21 04:07:01,,,
2017-04,北京市,38.50,,100.79,,2591,2017-04-30 00:00:00,1,0,2024-07-21 04:07:01,0,2024-07-21 04:07:01,,,
2017-04,全国,22112.80,2.40,66154.50,0.70,2592,2017-04-30 00:00:00,1,0,2024-07-21 04:07:01,0,2024-07-21 04:07:01,,,
2017-03,新疆区,175.93,,204.43,,2593,2017-03-31 00:00:00,1,0,2024-07-21 04:07:01,0,2024-07-21 04:07:01,,,
2017-03,宁夏区,142.46,,186.04,,2594,2017-03-31 00:00:00,1,0,2024-07-21 04:07:01,0,2024-07-21 04:07:01,,,
2017-03,青海省,79.70,,155.75,,2595,2017-03-31 00:00:00,1,0,2024-07-21 04:07:01,0,2024-07-21 04:07:01,,,
2017-03,甘肃省,272.11,,405.15,,2596,2017-03-31 00:00:00,1,0,2024-07-21 04:07:01,0,2024-07-21 04:07:01,,,
2017-03,陕西省,698.29,,1421.41,,2597,2017-03-31 00:00:00,1,0,2024-07-21 04:07:01,0,2024-07-21 04:07:01,,,
2017-03,西藏区,61.86,,127.04,,2598,2017-03-31 00:00:00,1,0,2024-07-21 04:07:01,0,2024-07-21 04:07:01,,,
2017-03,云南省,1067.21,,2511.24,,2599,2017-03-31 00:00:00,1,0,2024-07-21 04:07:01,0,2024-07-21 04:07:01,,,
2017-03,贵州省,996.72,,2202.34,,2600,2017-03-31 00:00:00,1,0,2024-07-21 04:07:01,0,2024-07-21 04:07:01,,,
2017-03,四川省,1383.73,,3299.94,,2601,2017-03-31 00:00:00,1,0,2024-07-21 04:07:01,0,2024-07-21 04:07:01,,,
2017-03,重庆市,582.73,,1381.30,,2602,2017-03-31 00:00:00,1,0,2024-07-21 04:07:01,0,2024-07-21 04:07:01,,,
2017-03,海南省,197.47,,404.29,,2603,2017-03-31 00:00:00,1,0,2024-07-21 04:07:01,0,2024-07-21 04:07:01,,,
2017-03,广西区,996.26,,2408.51,,2604,2017-03-31 00:00:00,1,0,2024-07-21 04:07:01,0,2024-07-21 04:07:01,,,
2017-03,广东省,1401.35,,3212.59,,2605,2017-03-31 00:00:00,1,0,2024-07-21 04:07:01,0,2024-07-21 04:07:01,,,
2017-03,湖南省,894.06,,2163.05,,2606,2017-03-31 00:00:00,1,0,2024-07-21 04:07:01,0,2024-07-21 04:07:01,,,
2017-03,湖北省,1046.27,,2288.12,,2607,2017-03-31 00:00:00,1,0,2024-07-21 04:07:01,0,2024-07-21 04:07:01,,,
2017-03,河南省,1547.00,,3395.51,,2608,2017-03-31 00:00:00,1,0,2024-07-21 04:07:01,0,2024-07-21 04:07:01,,,
2017-03,山东省,1395.86,,2806.51,,2609,2017-03-31 00:00:00,1,0,2024-07-21 04:07:01,0,2024-07-21 04:07:01,,,
2017-03,江西省,731.15,,1861.43,,2610,2017-03-31 00:00:00,1,0,2024-07-21 04:07:01,0,2024-07-21 04:07:01,,,
2017-03,福建省,698.92,,1790.08,,2611,2017-03-31 00:00:00,1,0,2024-07-21 04:07:05,0,2024-07-21 04:07:05,,,
2017-03,安徽省,1310.76,,2877.20,,2612,2017-03-31 00:00:00,1,0,2024-07-21 04:07:05,0,2024-07-21 04:07:05,,,
2017-03,浙江省,1001.70,,2128.74,,2613,2017-03-31 00:00:00,1,0,2024-07-21 04:07:05,0,2024-07-21 04:07:05,,,
2017-03,江苏省,1625.40,,3889.73,,2614,2017-03-31 00:00:00,1,0,2024-07-21 04:07:05,0,2024-07-21 04:07:05,,,
2017-03,上海市,35.93,,75.35,,2615,2017-03-31 00:00:00,1,0,2024-07-21 04:07:05,0,2024-07-21 04:07:05,,,
2017-03,黑龙江省,92.46,,140.07,,2616,2017-03-31 00:00:00,1,0,2024-07-21 04:07:05,0,2024-07-21 04:07:05,,,
2017-03,吉林省,130.05,,219.68,,2617,2017-03-31 00:00:00,1,0,2024-07-21 04:07:05,0,2024-07-21 04:07:05,,,
2017-03,辽宁省,141.73,,190.00,,2618,2017-03-31 00:00:00,1,0,2024-07-21 04:07:05,0,2024-07-21 04:07:05,,,
2017-03,内蒙古区,331.67,,546.55,,2619,2017-03-31 00:00:00,1,0,2024-07-21 04:07:05,0,2024-07-21 04:07:05,,,
2017-03,山西省,203.22,,287.93,,2620,2017-03-31 00:00:00,1,0,2024-07-21 04:07:05,0,2024-07-21 04:07:05,,,
2017-03,河北省,813.11,,1336.03,,2621,2017-03-31 00:00:00,1,0,2024-07-21 04:07:05,0,2024-07-21 04:07:05,,,
2017-03,天津市,74.86,,136.87,,2622,2017-03-31 00:00:00,1,0,2024-07-21 04:07:05,0,2024-07-21 04:07:05,,,
2017-03,北京市,32.46,,62.29,,2623,2017-03-31 00:00:00,1,0,2024-07-21 04:07:05,0,2024-07-21 04:07:05,,,
2017-03,全国,20162.40,0.30,44115.20,-0.30,2624,2017-03-31 00:00:00,1,0,2024-07-21 04:07:05,0,2024-07-21 04:07:05,,,
2017-02,新疆区,,,28.02,,2625,2017-02-28 00:00:00,1,0,2024-07-21 04:07:05,0,2024-07-21 04:07:05,,,
2017-02,宁夏区,,,43.58,,2626,2017-02-28 00:00:00,1,0,2024-07-21 04:07:05,0,2024-07-21 04:07:05,,,
2017-02,青海省,,,76.05,,2627,2017-02-28 00:00:00,1,0,2024-07-21 04:07:05,0,2024-07-21 04:07:05,,,
2017-02,甘肃省,,,133.05,,2628,2017-02-28 00:00:00,1,0,2024-07-21 04:07:05,0,2024-07-21 04:07:05,,,
2017-02,陕西省,,,723.75,,2629,2017-02-28 00:00:00,1,0,2024-07-21 04:07:05,0,2024-07-21 04:07:05,,,
2017-02,西藏区,,,65.18,,2630,2017-02-28 00:00:00,1,0,2024-07-21 04:07:05,0,2024-07-21 04:07:05,,,
2017-02,云南省,,,1444.03,,2631,2017-02-28 00:00:00,1,0,2024-07-21 04:07:05,0,2024-07-21 04:07:05,,,
2017-02,贵州省,,,1198.94,,2632,2017-02-28 00:00:00,1,0,2024-07-21 04:07:05,0,2024-07-21 04:07:05,,,
2017-02,四川省,,,1916.21,,2633,2017-02-28 00:00:00,1,0,2024-07-21 04:07:05,0,2024-07-21 04:07:05,,,
2017-02,重庆市,,,798.57,,2634,2017-02-28 00:00:00,1,0,2024-07-21 04:07:05,0,2024-07-21 04:07:05,,,
2017-02,海南省,,,206.76,,2635,2017-02-28 00:00:00,1,0,2024-07-21 04:07:05,0,2024-07-21 04:07:05,,,
2017-02,广西区,,,1401.40,,2636,2017-02-28 00:00:00,1,0,2024-07-21 04:07:05,0,2024-07-21 04:07:05,,,
2017-02,广东省,,,1783.06,,2637,2017-02-28 00:00:00,1,0,2024-07-21 04:07:05,0,2024-07-21 04:07:05,,,
2017-02,湖南省,,,1268.99,,2638,2017-02-28 00:00:00,1,0,2024-07-21 04:07:05,0,2024-07-21 04:07:05,,,
2017-02,湖北省,,,1246.52,,2639,2017-02-28 00:00:00,1,0,2024-07-21 04:07:05,0,2024-07-21 04:07:05,,,
2017-02,河南省,,,1925.35,,2640,2017-02-28 00:00:00,1,0,2024-07-21 04:07:05,0,2024-07-21 04:07:05,,,
2017-02,山东省,,,1399.47,,2641,2017-02-28 00:00:00,1,0,2024-07-21 04:07:08,0,2024-07-21 04:07:08,,,
2017-02,江西省,,,1146.44,,2642,2017-02-28 00:00:00,1,0,2024-07-21 04:07:08,0,2024-07-21 04:07:08,,,
2017-02,福建省,,,1078.46,,2643,2017-02-28 00:00:00,1,0,2024-07-21 04:07:08,0,2024-07-21 04:07:08,,,
2017-02,安徽省,,,1561.54,,2644,2017-02-28 00:00:00,1,0,2024-07-21 04:07:08,0,2024-07-21 04:07:08,,,
2017-02,浙江省,,,1152.22,,2645,2017-02-28 00:00:00,1,0,2024-07-21 04:07:08,0,2024-07-21 04:07:08,,,
2017-02,江苏省,,,2263.68,,2646,2017-02-28 00:00:00,1,0,2024-07-21 04:07:08,0,2024-07-21 04:07:08,,,
2017-02,上海市,,,39.42,,2647,2017-02-28 00:00:00,1,0,2024-07-21 04:07:08,0,2024-07-21 04:07:08,,,
2017-02,黑龙江省,,,47.61,,2648,2017-02-28 00:00:00,1,0,2024-07-21 04:07:08,0,2024-07-21 04:07:08,,,
2017-02,吉林省,,,89.63,,2649,2017-02-28 00:00:00,1,0,2024-07-21 04:07:08,0,2024-07-21 04:07:08,,,
2017-02,辽宁省,,,53.62,,2650,2017-02-28 00:00:00,1,0,2024-07-21 04:07:08,0,2024-07-21 04:07:08,,,
2017-02,内蒙古区,,,214.88,,2651,2017-02-28 00:00:00,1,0,2024-07-21 04:07:08,0,2024-07-21 04:07:08,,,
2017-02,山西省,,,84.71,,2652,2017-02-28 00:00:00,1,0,2024-07-21 04:07:08,0,2024-07-21 04:07:08,,,
2017-02,河北省,,,525.58,,2653,2017-02-28 00:00:00,1,0,2024-07-21 04:07:08,0,2024-07-21 04:07:08,,,
2017-02,天津市,,,62.01,,2654,2017-02-28 00:00:00,1,0,2024-07-21 04:07:08,0,2024-07-21 04:07:08,,,
2017-02,北京市,,,29.20,,2655,2017-02-28 00:00:00,1,0,2024-07-21 04:07:08,0,2024-07-21 04:07:08,,,
2017-02,全国,,,24007.90,-0.40,2656,2017-02-28 00:00:00,1,0,2024-07-21 04:07:08,0,2024-07-21 04:07:08,,,
2024-09,新疆区,619.96,,3573.31,,3656,2024-09-30 00:00:00,1,0,2024-11-07 02:26:32,0,2024-11-07 02:26:32,,,
2024-09,宁夏区,173.62,,1129.42,,3657,2024-09-30 00:00:00,1,0,2024-11-07 02:26:32,0,2024-11-07 02:26:32,,,
2024-09,青海省,116.45,,821.56,,3658,2024-09-30 00:00:00,1,0,2024-11-07 02:26:32,0,2024-11-07 02:26:32,,,
2024-09,甘肃省,407.17,,2827.18,,3659,2024-09-30 00:00:00,1,0,2024-11-07 02:26:32,0,2024-11-07 02:26:32,,,
2024-09,陕西省,541.60,,4058.11,,3660,2024-09-30 00:00:00,1,0,2024-11-07 02:26:32,0,2024-11-07 02:26:32,,,
2024-09,西藏区,156.00,,1013.31,,3661,2024-09-30 00:00:00,1,0,2024-11-07 02:26:32,0,2024-11-07 02:26:32,,,
2024-09,云南省,669.79,,6464.36,,3662,2024-09-30 00:00:00,1,0,2024-11-07 02:26:32,0,2024-11-07 02:26:32,,,
2024-09,贵州省,457.90,,3789.45,,3663,2024-09-30 00:00:00,1,0,2024-11-07 02:26:32,0,2024-11-07 02:26:32,,,
2024-09,四川省,965.43,,8246.76,,3664,2024-09-30 00:00:00,1,0,2024-11-07 02:26:32,0,2024-11-07 02:26:32,,,
2024-09,重庆市,365.57,,3366.72,,3665,2024-09-30 00:00:00,1,0,2024-11-07 02:26:32,0,2024-11-07 02:26:32,,,
2024-09,海南省,88.56,,1012.80,,3666,2024-09-30 00:00:00,1,0,2024-11-07 02:26:32,0,2024-11-07 02:26:32,,,
2024-09,广西区,779.69,,6523.45,,3667,2024-09-30 00:00:00,1,0,2024-11-07 02:26:32,0,2024-11-07 02:26:32,,,
2024-09,广东省,1054.52,,9103.88,,3668,2024-09-30 00:00:00,1,0,2024-11-07 02:26:32,0,2024-11-07 02:26:32,,,
2024-09,湖南省,668.35,,5077.46,,3669,2024-09-30 00:00:00,1,0,2024-11-07 02:26:32,0,2024-11-07 02:26:32,,,
2024-09,湖北省,805.08,,6512.19,,3670,2024-09-30 00:00:00,1,0,2024-11-07 02:26:32,0,2024-11-07 02:26:32,,,
2024-09,河南省,728.02,,6099.66,,3671,2024-09-30 00:00:00,1,0,2024-11-07 02:26:32,0,2024-11-07 02:26:32,,,
2024-09,山东省,986.16,,8104.86,,3672,2024-09-30 00:00:00,1,0,2024-11-07 02:26:32,0,2024-11-07 02:26:32,,,
2024-09,江西省,608.89,,4776.90,,3673,2024-09-30 00:00:00,1,0,2024-11-07 02:26:32,0,2024-11-07 02:26:32,,,
2024-09,福建省,539.19,,4492.03,,3674,2024-09-30 00:00:00,1,0,2024-11-07 02:26:32,0,2024-11-07 02:26:32,,,
2024-09,安徽省,1077.33,,8854.07,,3675,2024-09-30 00:00:00,1,0,2024-11-07 02:26:32,0,2024-11-07 02:26:32,,,
2024-09,浙江省,1006.23,,8322.35,,3676,2024-09-30 00:00:00,1,0,2024-11-07 02:26:32,0,2024-11-07 02:26:32,,,
2024-09,江苏省,1099.81,,9294.74,,3677,2024-09-30 00:00:00,1,0,2024-11-07 02:26:32,0,2024-11-07 02:26:32,,,
2024-09,上海市,32.32,,269.86,,3678,2024-09-30 00:00:00,1,0,2024-11-07 02:26:32,0,2024-11-07 02:26:32,,,
2024-09,黑龙江省,356.83,,1672.83,,3679,2024-09-30 00:00:00,1,0,2024-11-07 02:26:32,0,2024-11-07 02:26:32,,,
2024-09,吉林省,263.04,,1442.03,,3680,2024-09-30 00:00:00,1,0,2024-11-07 02:26:32,0,2024-11-07 02:26:32,,,
2024-09,辽宁省,370.74,,2276.05,,3681,2024-09-30 00:00:00,1,0,2024-11-07 02:26:32,0,2024-11-07 02:26:32,,,
2024-09,内蒙古区,426.20,,2622.26,,3682,2024-09-30 00:00:00,1,0,2024-11-07 02:26:32,0,2024-11-07 02:26:32,,,
2024-09,山西省,448.86,,3085.66,,3683,2024-09-30 00:00:00,1,0,2024-11-07 02:26:32,0,2024-11-07 02:26:32,,,
2024-09,河北省,983.55,,7410.14,,3684,2024-09-30 00:00:00,1,0,2024-11-07 02:26:32,0,2024-11-07 02:26:32,,,
2024-09,天津市,39.06,,308.95,,3685,2024-09-30 00:00:00,1,0,2024-11-07 02:26:32,0,2024-11-07 02:26:32,,,
2024-09,北京市,11.43,,117.46,,3686,2024-09-30 00:00:00,1,0,2024-11-07 02:26:34,0,2024-11-07 02:26:34,,,
2024-09,全国,16847.30,-10.30,132669.80,-10.70,3687,2024-09-30 00:00:00,1,0,2024-11-07 02:26:34,0,2024-11-07 02:26:34,,,
2024-08,全国,15762.90,-11.90,115906.70,-10.70,3688,2024-08-31 00:00:00,1,0,2024-11-07 02:26:34,0,2024-11-07 02:26:34,,,
2024-08,新疆区,560.67,,2957.60,,3689,2024-08-31 00:00:00,1,0,2024-11-07 02:26:34,0,2024-11-07 02:26:34,,,
2024-08,宁夏区,160.87,,955.80,,3690,2024-08-31 00:00:00,1,0,2024-11-07 02:26:34,0,2024-11-07 02:26:34,,,
2024-08,青海省,142.23,,705.11,,3691,2024-08-31 00:00:00,1,0,2024-11-07 02:26:34,0,2024-11-07 02:26:34,,,
2024-08,甘肃省,389.04,,2416.64,,3692,2024-08-31 00:00:00,1,0,2024-11-07 02:26:34,0,2024-11-07 02:26:34,,,
2024-08,陕西省,522.92,,3512.47,,3693,2024-08-31 00:00:00,1,0,2024-11-07 02:26:34,0,2024-11-07 02:26:34,,,
2024-08,西藏区,154.74,,857.20,,3694,2024-08-31 00:00:00,1,0,2024-11-07 02:26:34,0,2024-11-07 02:26:34,,,
2024-08,云南省,657.20,,5800.34,,3695,2024-08-31 00:00:00,1,0,2024-11-07 02:26:34,0,2024-11-07 02:26:34,,,
2024-08,贵州省,480.47,,3291.33,,3696,2024-08-31 00:00:00,1,0,2024-11-07 02:26:34,0,2024-11-07 02:26:34,,,
2024-08,四川省,873.30,,7281.34,,3697,2024-08-31 00:00:00,1,0,2024-11-07 02:26:34,0,2024-11-07 02:26:34,,,
2024-08,重庆市,364.26,,3003.15,,3698,2024-08-31 00:00:00,1,0,2024-11-07 02:26:34,0,2024-11-07 02:26:34,,,
2024-08,海南省,129.81,,924.24,,3699,2024-08-31 00:00:00,1,0,2024-11-07 02:26:34,0,2024-11-07 02:26:34,,,
2024-08,广西区,710.13,,5741.50,,3700,2024-08-31 00:00:00,1,0,2024-11-07 02:26:34,0,2024-11-07 02:26:34,,,
2024-08,广东省,989.24,,8049.36,,3701,2024-08-31 00:00:00,1,0,2024-11-07 02:26:34,0,2024-11-07 02:26:34,,,
2024-08,湖南省,602.70,,4405.25,,3702,2024-08-31 00:00:00,1,0,2024-11-07 02:26:34,0,2024-11-07 02:26:34,,,
2024-08,湖北省,786.09,,5702.55,,3703,2024-08-31 00:00:00,1,0,2024-11-07 02:26:34,0,2024-11-07 02:26:34,,,
2024-08,河南省,685.56,,5344.54,,3704,2024-08-31 00:00:00,1,0,2024-11-07 02:26:34,0,2024-11-07 02:26:34,,,
2024-08,山东省,942.67,,7220.15,,3705,2024-08-31 00:00:00,1,0,2024-11-07 02:26:34,0,2024-11-07 02:26:34,,,
2024-08,江西省,576.47,,4156.85,,3706,2024-08-31 00:00:00,1,0,2024-11-07 02:26:34,0,2024-11-07 02:26:34,,,
2024-08,福建省,503.84,,3952.90,,3707,2024-08-31 00:00:00,1,0,2024-11-07 02:26:34,0,2024-11-07 02:26:34,,,
2024-08,安徽省,1019.70,,7800.92,,3708,2024-08-31 00:00:00,1,0,2024-11-07 02:26:34,0,2024-11-07 02:26:34,,,
2024-08,浙江省,978.54,,7368.74,,3709,2024-08-31 00:00:00,1,0,2024-11-07 02:26:34,0,2024-11-07 02:26:34,,,
2024-08,江苏省,974.64,,8194.48,,3710,2024-08-31 00:00:00,1,0,2024-11-07 02:26:34,0,2024-11-07 02:26:34,,,
2024-08,上海市,34.58,,237.54,,3711,2024-08-31 00:00:00,1,0,2024-11-07 02:26:34,0,2024-11-07 02:26:34,,,
2024-08,黑龙江省,301.60,,1312.79,,3712,2024-08-31 00:00:00,1,0,2024-11-07 02:26:34,0,2024-11-07 02:26:34,,,
2024-08,吉林省,205.65,,1160.86,,3713,2024-08-31 00:00:00,1,0,2024-11-07 02:26:34,0,2024-11-07 02:26:34,,,
2024-08,辽宁省,269.13,,1907.83,,3714,2024-08-31 00:00:00,1,0,2024-11-07 02:26:34,0,2024-11-07 02:26:34,,,
2024-08,内蒙古区,399.09,,2195.91,,3715,2024-08-31 00:00:00,1,0,2024-11-07 02:26:34,0,2024-11-07 02:26:34,,,
2024-08,山西省,427.06,,2636.32,,3716,2024-08-31 00:00:00,1,0,2024-11-07 02:26:36,0,2024-11-07 02:26:36,,,
2024-08,河北省,875.68,,6437.07,,3717,2024-08-31 00:00:00,1,0,2024-11-07 02:26:36,0,2024-11-07 02:26:36,,,
2024-08,天津市,32.59,,269.88,,3718,2024-08-31 00:00:00,1,0,2024-11-07 02:26:36,0,2024-11-07 02:26:36,,,
2024-08,北京市,12.47,,106.04,,3719,2024-08-31 00:00:00,1,0,2024-11-07 02:26:36,0,2024-11-07 02:26:36,,,
2024-07,新疆区,541.47,,2389.31,,3720,2024-07-31 00:00:00,1,0,2024-11-07 02:26:36,0,2024-11-07 02:26:36,,,
2024-07,宁夏区,159.94,,794.93,,3721,2024-07-31 00:00:00,1,0,2024-11-07 02:26:36,0,2024-11-07 02:26:36,,,
2024-07,青海省,139.79,,562.88,,3722,2024-07-31 00:00:00,1,0,2024-11-07 02:26:36,0,2024-11-07 02:26:36,,,
2024-07,甘肃省,345.82,,2025.31,,3723,2024-07-31 00:00:00,1,0,2024-11-07 02:26:36,0,2024-11-07 02:26:36,,,
2024-07,陕西省,480.06,,3016.02,,3724,2024-07-31 00:00:00,1,0,2024-11-07 02:26:36,0,2024-11-07 02:26:36,,,
2024-07,西藏区,133.51,,702.46,,3725,2024-07-31 00:00:00,1,0,2024-11-07 02:26:36,0,2024-11-07 02:26:36,,,
2024-07,云南省,663.77,,5143.53,,3726,2024-07-31 00:00:00,1,0,2024-11-07 02:26:36,0,2024-11-07 02:26:36,,,
2024-07,贵州省,477.28,,2842.93,,3727,2024-07-31 00:00:00,1,0,2024-11-07 02:26:36,0,2024-11-07 02:26:36,,,
2024-07,四川省,855.98,,6407.68,,3728,2024-07-31 00:00:00,1,0,2024-11-07 02:26:36,0,2024-11-07 02:26:36,,,
2024-07,重庆市,344.99,,2673.10,,3729,2024-07-31 00:00:00,1,0,2024-11-07 02:26:36,0,2024-11-07 02:26:36,,,
2024-07,海南省,121.92,,785.19,,3730,2024-07-31 00:00:00,1,0,2024-11-07 02:26:36,0,2024-11-07 02:26:36,,,
2024-07,广西区,713.78,,5040.57,,3731,2024-07-31 00:00:00,1,0,2024-11-07 02:26:36,0,2024-11-07 02:26:36,,,
2024-07,广东省,1074.99,,7060.31,,3732,2024-07-31 00:00:00,1,0,2024-11-07 02:26:36,0,2024-11-07 02:26:36,,,
2024-07,湖南省,585.95,,3753.04,,3733,2024-07-31 00:00:00,1,0,2024-11-07 02:26:36,0,2024-11-07 02:26:36,,,
2024-07,湖北省,718.02,,4893.93,,3734,2024-07-31 00:00:00,1,0,2024-11-07 02:26:36,0,2024-11-07 02:26:36,,,
2024-07,河南省,636.25,,4671.26,,3735,2024-07-31 00:00:00,1,0,2024-11-07 02:26:36,0,2024-11-07 02:26:36,,,
2024-07,山东省,890.87,,6330.59,,3736,2024-07-31 00:00:00,1,0,2024-11-07 02:26:36,0,2024-11-07 02:26:36,,,
2024-07,江西省,548.55,,3561.26,,3737,2024-07-31 00:00:00,1,0,2024-11-07 02:26:36,0,2024-11-07 02:26:36,,,
2024-07,福建省,483.44,,3449.06,,3738,2024-07-31 00:00:00,1,0,2024-11-07 02:26:36,0,2024-11-07 02:26:36,,,
2024-07,安徽省,910.12,,6719.54,,3739,2024-07-31 00:00:00,1,0,2024-11-07 02:26:36,0,2024-11-07 02:26:36,,,
2024-07,浙江省,939.85,,6414.52,,3740,2024-07-31 00:00:00,1,0,2024-11-07 02:26:36,0,2024-11-07 02:26:36,,,
2024-07,江苏省,962.02,,7292.22,,3741,2024-07-31 00:00:00,1,0,2024-11-07 02:26:36,0,2024-11-07 02:26:36,,,
2024-07,上海市,30.59,,202.95,,3742,2024-07-31 00:00:00,1,0,2024-11-07 02:26:36,0,2024-11-07 02:26:36,,,
2024-07,黑龙江省,286.48,,1011.28,,3743,2024-07-31 00:00:00,1,0,2024-11-07 02:26:36,0,2024-11-07 02:26:36,,,
2024-07,吉林省,211.47,,955.75,,3744,2024-07-31 00:00:00,1,0,2024-11-07 02:26:36,0,2024-11-07 02:26:36,,,
2024-07,辽宁省,288.08,,1635.15,,3745,2024-07-31 00:00:00,1,0,2024-11-07 02:26:36,0,2024-11-07 02:26:36,,,
2024-07,内蒙古区,423.59,,1796.93,,3746,2024-07-31 00:00:00,1,0,2024-11-07 02:26:40,0,2024-11-07 02:26:40,,,
2024-07,山西省,427.49,,2211.63,,3747,2024-07-31 00:00:00,1,0,2024-11-07 02:26:40,0,2024-11-07 02:26:40,,,
2024-07,河北省,927.14,,5474.81,,3748,2024-07-31 00:00:00,1,0,2024-11-07 02:26:40,0,2024-11-07 02:26:40,,,
2024-07,天津市,32.93,,233.76,,3749,2024-07-31 00:00:00,1,0,2024-11-07 02:26:40,0,2024-11-07 02:26:40,,,
2024-07,北京市,11.84,,93.56,,3750,2024-07-31 00:00:00,1,0,2024-11-07 02:26:40,0,2024-11-07 02:26:40,,,
2024-07,全国,15368.00,-12.40,100145.40,-10.50,3751,2024-07-31 00:00:00,1,0,2024-11-07 02:26:40,0,2024-11-07 02:26:40,,,
2024-10,新疆区,571.54,,4149.02,,3752,2024-10-31 00:00:00,1,0,2024-11-20 23:20:21,0,2024-11-20 23:20:21,,,
2024-10,宁夏区,184.90,,1314.32,,3753,2024-10-31 00:00:00,1,0,2024-11-20 23:20:21,0,2024-11-20 23:20:21,,,
2024-10,青海省,117.13,,938.69,,3754,2024-10-31 00:00:00,1,0,2024-11-20 23:20:21,0,2024-11-20 23:20:21,,,
2024-10,甘肃省,341.85,,3169.03,,3755,2024-10-31 00:00:00,1,0,2024-11-20 23:20:21,0,2024-11-20 23:20:21,,,
2024-10,陕西省,544.16,,4602.06,,3756,2024-10-31 00:00:00,1,0,2024-11-20 23:20:21,0,2024-11-20 23:20:21,,,
2024-10,西藏区,142.14,,1144.81,,3757,2024-10-31 00:00:00,1,0,2024-11-20 23:20:21,0,2024-11-20 23:20:21,,,
2024-10,云南省,721.72,,7191.95,,3758,2024-10-31 00:00:00,1,0,2024-11-20 23:20:21,0,2024-11-20 23:20:21,,,
2024-10,贵州省,459.13,,4247.74,,3759,2024-10-31 00:00:00,1,0,2024-11-20 23:20:21,0,2024-11-20 23:20:21,,,
2024-10,四川省,992.00,,9241.68,,3760,2024-10-31 00:00:00,1,0,2024-11-20 23:20:21,0,2024-11-20 23:20:21,,,
2024-10,重庆市,417.67,,3786.50,,3761,2024-10-31 00:00:00,1,0,2024-11-20 23:20:21,0,2024-11-20 23:20:21,,,
2024-10,海南省,139.49,,1152.29,,3762,2024-10-31 00:00:00,1,0,2024-11-20 23:20:21,0,2024-11-20 23:20:21,,,
2024-10,广西区,990.98,,7520.10,,3763,2024-10-31 00:00:00,1,0,2024-11-20 23:20:21,0,2024-11-20 23:20:21,,,
2024-10,广东省,1191.18,,10295.29,,3764,2024-10-31 00:00:00,1,0,2024-11-20 23:20:21,0,2024-11-20 23:20:21,,,
2024-10,湖南省,682.54,,5761.92,,3765,2024-10-31 00:00:00,1,0,2024-11-20 23:20:21,0,2024-11-20 23:20:21,,,
2024-10,湖北省,910.01,,7399.35,,3766,2024-10-31 00:00:00,1,0,2024-11-20 23:20:21,0,2024-11-20 23:20:21,,,
2024-10,河南省,750.38,,6841.04,,3767,2024-10-31 00:00:00,1,0,2024-11-20 23:20:21,0,2024-11-20 23:20:21,,,
2024-10,山东省,970.30,,9100.95,,3768,2024-10-31 00:00:00,1,0,2024-11-20 23:20:21,0,2024-11-20 23:20:21,,,
2024-10,江西省,705.07,,5477.55,,3769,2024-10-31 00:00:00,1,0,2024-11-20 23:20:21,0,2024-11-20 23:20:21,,,
2024-10,福建省,618.17,,5110.18,,3770,2024-10-31 00:00:00,1,0,2024-11-20 23:20:21,0,2024-11-20 23:20:21,,,
2024-10,安徽省,1072.80,,9904.79,,3771,2024-10-31 00:00:00,1,0,2024-11-20 23:20:21,0,2024-11-20 23:20:21,,,
2024-10,浙江省,1032.37,,9377.39,,3772,2024-10-31 00:00:00,1,0,2024-11-20 23:20:21,0,2024-11-20 23:20:21,,,
2024-10,江苏省,1116.84,,10384.84,,3773,2024-10-31 00:00:00,1,0,2024-11-20 23:20:21,0,2024-11-20 23:20:21,,,
2024-10,上海市,27.10,,296.96,,3774,2024-10-31 00:00:00,1,0,2024-11-20 23:20:21,0,2024-11-20 23:20:21,,,
2024-10,黑龙江省,271.55,,1945.61,,3775,2024-10-31 00:00:00,1,0,2024-11-20 23:20:21,0,2024-11-20 23:20:21,,,
2024-10,吉林省,256.70,,1695.31,,3776,2024-10-31 00:00:00,1,0,2024-11-20 23:20:21,0,2024-11-20 23:20:21,,,
2024-10,辽宁省,362.62,,2630.49,,3777,2024-10-31 00:00:00,1,0,2024-11-20 23:20:21,0,2024-11-20 23:20:21,,,
2024-10,内蒙古区,430.14,,3052.40,,3778,2024-10-31 00:00:00,1,0,2024-11-20 23:20:21,0,2024-11-20 23:20:21,,,
2024-10,山西省,469.90,,3555.59,,3779,2024-10-31 00:00:00,1,0,2024-11-20 23:20:21,0,2024-11-20 23:20:21,,,
2024-10,河北省,952.56,,8346.31,,3780,2024-10-31 00:00:00,1,0,2024-11-20 23:20:21,0,2024-11-20 23:20:21,,,
2024-10,天津市,42.11,,351.06,,3781,2024-10-31 00:00:00,1,0,2024-11-20 23:20:21,0,2024-11-20 23:20:21,,,
2024-10,北京市,13.30,,130.76,,3782,2024-10-31 00:00:00,1,0,2024-11-20 23:20:24,0,2024-11-20 23:20:24,,,
2024-10,全国,17498.40,-7.90,150116.00,-10.30,3783,2024-10-31 00:00:00,1,0,2024-11-20 23:20:24,0,2024-11-20 23:20:24,,,
2024-11,全国,16934.00,-10.70,167068.00,-10.10,3784,2024-11-30 00:00:00,1,0,2024-12-17 23:19:38,0,2024-12-17 23:19:38,,,
2024-12,全国,15511.80,-2.00,182523.70,-9.50,3785,2024-12-31 00:00:00,1,0,2025-01-21 23:24:02,0,2025-01-21 23:24:02,,,
2024-12,新疆区,61.66,,4559.09,,3786,2024-12-31 00:00:00,1,0,2025-01-21 23:24:02,0,2025-01-21 23:24:02,,,
2024-12,宁夏区,44.54,,1477.14,,3787,2024-12-31 00:00:00,1,0,2025-01-21 23:24:02,0,2025-01-21 23:24:02,,,
2024-12,青海省,27.21,,1035.92,,3788,2024-12-31 00:00:00,1,0,2025-01-21 23:24:02,0,2025-01-21 23:24:02,,,
2024-12,甘肃省,154.80,,3619.30,,3789,2024-12-31 00:00:00,1,0,2025-01-21 23:24:02,0,2025-01-21 23:24:02,,,
2024-12,陕西省,375.08,,5492.09,,3790,2024-12-31 00:00:00,1,0,2025-01-21 23:24:02,0,2025-01-21 23:24:02,,,
2024-12,西藏区,73.81,,1332.86,,3791,2024-12-31 00:00:00,1,0,2025-01-21 23:24:02,0,2025-01-21 23:24:02,,,
2024-12,云南省,937.02,,8857.74,,3792,2024-12-31 00:00:00,1,0,2025-01-21 23:24:02,0,2025-01-21 23:24:02,,,
2024-12,贵州省,485.09,,5268.96,,3793,2024-12-31 00:00:00,1,0,2025-01-21 23:24:02,0,2025-01-21 23:24:02,,,
2024-12,四川省,1064.31,,11292.18,,3794,2024-12-31 00:00:00,1,0,2025-01-21 23:24:02,0,2025-01-21 23:24:02,,,
2024-12,重庆市,418.31,,4648.75,,3795,2024-12-31 00:00:00,1,0,2025-01-21 23:24:02,0,2025-01-21 23:24:02,,,
2024-12,海南省,164.94,,1458.05,,3796,2024-12-31 00:00:00,1,0,2025-01-21 23:24:02,0,2025-01-21 23:24:02,,,
2024-12,广西区,972.45,,9492.82,,3797,2024-12-31 00:00:00,1,0,2025-01-21 23:24:02,0,2025-01-21 23:24:02,,,
2024-12,广东省,1467.02,,13074.16,,3798,2024-12-31 00:00:00,1,0,2025-01-21 23:24:02,0,2025-01-21 23:24:02,,,
2024-12,湖南省,734.84,,7252.66,,3799,2024-12-31 00:00:00,1,0,2025-01-21 23:24:02,0,2025-01-21 23:24:02,,,
2024-12,湖北省,972.95,,9304.46,,3800,2024-12-31 00:00:00,1,0,2025-01-21 23:24:02,0,2025-01-21 23:24:02,,,
2024-12,河南省,653.87,,8298.91,,3801,2024-12-31 00:00:00,1,0,2025-01-21 23:24:02,0,2025-01-21 23:24:02,,,
2024-12,山东省,805.84,,10988.55,,3802,2024-12-31 00:00:00,1,0,2025-01-21 23:24:02,0,2025-01-21 23:24:02,,,
2024-12,江西省,742.70,,6889.18,,3803,2024-12-31 00:00:00,1,0,2025-01-21 23:24:02,0,2025-01-21 23:24:02,,,
2024-12,福建省,658.28,,6398.29,,3804,2024-12-31 00:00:00,1,0,2025-01-21 23:24:02,0,2025-01-21 23:24:02,,,
2024-12,安徽省,1125.55,,12211.28,,3805,2024-12-31 00:00:00,1,0,2025-01-21 23:24:02,0,2025-01-21 23:24:02,,,
2024-12,浙江省,1110.95,,11535.57,,3806,2024-12-31 00:00:00,1,0,2025-01-21 23:24:02,0,2025-01-21 23:24:02,,,
2024-12,江苏省,1289.00,,12858.92,,3807,2024-12-31 00:00:00,1,0,2025-01-21 23:24:02,0,2025-01-21 23:24:02,,,
2024-12,上海市,34.49,,357.09,,3808,2024-12-31 00:00:00,1,0,2025-01-21 23:24:02,0,2025-01-21 23:24:02,,,
2024-12,黑龙江省,17.73,,2024.57,,3809,2024-12-31 00:00:00,1,0,2025-01-21 23:24:02,0,2025-01-21 23:24:02,,,
2024-12,吉林省,16.62,,1792.84,,3810,2024-12-31 00:00:00,1,0,2025-01-21 23:24:02,0,2025-01-21 23:24:02,,,
2024-12,辽宁省,90.56,,2921.10,,3811,2024-12-31 00:00:00,1,0,2025-01-21 23:24:02,0,2025-01-21 23:24:02,,,
2024-12,内蒙古区,53.04,,3349.41,,3812,2024-12-31 00:00:00,1,0,2025-01-21 23:24:02,0,2025-01-21 23:24:02,,,
2024-12,山西省,201.51,,4135.78,,3813,2024-12-31 00:00:00,1,0,2025-01-21 23:24:02,0,2025-01-21 23:24:02,,,
2024-12,河北省,721.37,,10020.08,,3814,2024-12-31 00:00:00,1,0,2025-01-21 23:24:02,0,2025-01-21 23:24:02,,,
2024-12,天津市,28.97,,427.14,,3815,2024-12-31 00:00:00,1,0,2025-01-21 23:24:06,0,2025-01-21 23:24:06,,,
2024-12,北京市,7.24,,148.81,,3816,2024-12-31 00:00:00,1,0,2025-01-21 23:24:06,0,2025-01-21 23:24:06,,,
2025-02,全国,,,17099.00,-5.70,3817,2025-02-28 00:00:00,1,0,2025-03-20 23:22:34,0,2025-03-20 23:22:34,,,
2025-02,新疆区,,,50.78,,3818,2025-02-28 00:00:00,1,0,2025-03-20 23:22:34,0,2025-03-20 23:22:34,,,
2025-02,宁夏区,,,28.54,,3819,2025-02-28 00:00:00,1,0,2025-03-20 23:22:34,0,2025-03-20 23:22:34,,,
2025-02,青海省,,,15.91,,3820,2025-02-28 00:00:00,1,0,2025-03-20 23:22:34,0,2025-03-20 23:22:34,,,
2025-02,甘肃省,,,117.52,,3821,2025-02-28 00:00:00,1,0,2025-03-20 23:22:34,0,2025-03-20 23:22:34,,,
2025-02,陕西省,,,458.40,,3822,2025-02-28 00:00:00,1,0,2025-03-20 23:22:34,0,2025-03-20 23:22:34,,,
2025-02,西藏区,,,60.54,,3823,2025-02-28 00:00:00,1,0,2025-03-20 23:22:34,0,2025-03-20 23:22:34,,,
2025-02,云南省,,,1085.13,,3824,2025-02-28 00:00:00,1,0,2025-03-20 23:22:34,0,2025-03-20 23:22:34,,,
2025-02,贵州省,,,451.07,,3825,2025-02-28 00:00:00,1,0,2025-03-20 23:22:34,0,2025-03-20 23:22:34,,,
2025-02,四川省,,,1391.88,,3826,2025-02-28 00:00:00,1,0,2025-03-20 23:22:34,0,2025-03-20 23:22:34,,,
2025-02,重庆市,,,596.17,,3827,2025-02-28 00:00:00,1,0,2025-03-20 23:22:34,0,2025-03-20 23:22:34,,,
2025-02,海南省,,,135.95,,3828,2025-02-28 00:00:00,1,0,2025-03-20 23:22:34,0,2025-03-20 23:22:34,,,
2025-02,广西区,,,1123.57,,3829,2025-02-28 00:00:00,1,0,2025-03-20 23:22:34,0,2025-03-20 23:22:34,,,
2025-02,广东省,,,1597.88,,3830,2025-02-28 00:00:00,1,0,2025-03-20 23:22:34,0,2025-03-20 23:22:34,,,
2025-02,湖南省,,,735.12,,3831,2025-02-28 00:00:00,1,0,2025-03-20 23:22:34,0,2025-03-20 23:22:34,,,
2025-02,湖北省,,,1057.03,,3832,2025-02-28 00:00:00,1,0,2025-03-20 23:22:34,0,2025-03-20 23:22:34,,,
2025-02,河南省,,,739.99,,3833,2025-02-28 00:00:00,1,0,2025-03-20 23:22:34,0,2025-03-20 23:22:34,,,
2025-02,山东省,,,869.06,,3834,2025-02-28 00:00:00,1,0,2025-03-20 23:22:34,0,2025-03-20 23:22:34,,,
2025-02,江西省,,,705.87,,3835,2025-02-28 00:00:00,1,0,2025-03-20 23:22:34,0,2025-03-20 23:22:34,,,
2025-02,福建省,,,821.64,,3836,2025-02-28 00:00:00,1,0,2025-03-20 23:22:34,0,2025-03-20 23:22:34,,,
2025-02,安徽省,,,1346.71,,3837,2025-02-28 00:00:00,1,0,2025-03-20 23:22:34,0,2025-03-20 23:22:34,,,
2025-02,浙江省,,,1163.48,,3838,2025-02-28 00:00:00,1,0,2025-03-20 23:22:34,0,2025-03-20 23:22:34,,,
2025-02,江苏省,,,1514.98,,3839,2025-02-28 00:00:00,1,0,2025-03-20 23:22:34,0,2025-03-20 23:22:34,,,
2025-02,上海市,,,40.67,,3840,2025-02-28 00:00:00,1,0,2025-03-20 23:22:34,0,2025-03-20 23:22:34,,,
2025-02,黑龙江省,,,21.38,,3841,2025-02-28 00:00:00,1,0,2025-03-20 23:22:34,0,2025-03-20 23:22:34,,,
2025-02,吉林省,,,14.55,,3842,2025-02-28 00:00:00,1,0,2025-03-20 23:22:34,0,2025-03-20 23:22:34,,,
2025-02,辽宁省,,,63.17,,3843,2025-02-28 00:00:00,1,0,2025-03-20 23:22:34,0,2025-03-20 23:22:34,,,
2025-02,内蒙古区,,,39.53,,3844,2025-02-28 00:00:00,1,0,2025-03-20 23:22:34,0,2025-03-20 23:22:34,,,
2025-02,山西省,,,109.31,,3845,2025-02-28 00:00:00,1,0,2025-03-20 23:22:34,0,2025-03-20 23:22:34,,,
2025-02,河北省,,,707.03,,3846,2025-02-28 00:00:00,1,0,2025-03-20 23:22:34,0,2025-03-20 23:22:34,,,
2025-02,天津市,,,28.56,,3847,2025-02-28 00:00:00,1,0,2025-03-20 23:22:36,0,2025-03-20 23:22:36,,,
2025-02,北京市,,,7.31,,3848,2025-02-28 00:00:00,1,0,2025-03-20 23:22:36,0,2025-03-20 23:22:36,,,
2025-03,全国,15787.50,2.50,33115.80,-1.40,3849,2025-03-31 00:00:00,1,0,2025-04-18 23:21:18,0,2025-04-18 23:21:18,,,
2025-03,新疆区,282.11,,332.90,,3850,2025-03-31 00:00:00,1,0,2025-04-18 23:21:18,0,2025-04-18 23:21:18,,,
2025-03,宁夏区,115.67,,144.21,,3851,2025-03-31 00:00:00,1,0,2025-04-18 23:21:18,0,2025-04-18 23:21:18,,,
2025-03,青海省,41.37,,57.28,,3852,2025-03-31 00:00:00,1,0,2025-04-18 23:21:18,0,2025-04-18 23:21:18,,,
2025-03,甘肃省,321.90,,439.42,,3853,2025-03-31 00:00:00,1,0,2025-04-18 23:21:18,0,2025-04-18 23:21:18,,,
2025-03,陕西省,491.02,,958.96,,3854,2025-03-31 00:00:00,1,0,2025-04-18 23:21:18,0,2025-04-18 23:21:18,,,
2025-03,西藏区,93.83,,154.47,,3855,2025-03-31 00:00:00,1,0,2025-04-18 23:21:18,0,2025-04-18 23:21:18,,,
2025-03,云南省,843.56,,1928.00,,3856,2025-03-31 00:00:00,1,0,2025-04-18 23:21:18,0,2025-04-18 23:21:18,,,
2025-03,贵州省,489.79,,947.91,,3857,2025-03-31 00:00:00,1,0,2025-04-18 23:21:18,0,2025-04-18 23:21:18,,,
2025-03,四川省,974.76,,2371.20,,3858,2025-03-31 00:00:00,1,0,2025-04-18 23:21:18,0,2025-04-18 23:21:18,,,
2025-03,重庆市,412.45,,1003.87,,3859,2025-03-31 00:00:00,1,0,2025-04-18 23:21:18,0,2025-04-18 23:21:18,,,
2025-03,海南省,130.93,,266.88,,3860,2025-03-31 00:00:00,1,0,2025-04-18 23:21:18,0,2025-04-18 23:21:18,,,
2025-03,广西区,915.55,,2047.50,,3861,2025-03-31 00:00:00,1,0,2025-04-18 23:21:18,0,2025-04-18 23:21:18,,,
2025-03,广东省,1228.55,,2828.86,,3862,2025-03-31 00:00:00,1,0,2025-04-18 23:21:18,0,2025-04-18 23:21:18,,,
2025-03,湖南省,537.92,,1287.61,,3863,2025-03-31 00:00:00,1,0,2025-04-18 23:21:18,0,2025-04-18 23:21:18,,,
2025-03,湖北省,864.34,,1930.92,,3864,2025-03-31 00:00:00,1,0,2025-04-18 23:21:18,0,2025-04-18 23:21:18,,,
2025-03,河南省,699.70,,1552.65,,3865,2025-03-31 00:00:00,1,0,2025-04-18 23:21:18,0,2025-04-18 23:21:18,,,
2025-03,山东省,1013.43,,1898.49,,3866,2025-03-31 00:00:00,1,0,2025-04-18 23:21:18,0,2025-04-18 23:21:18,,,
2025-03,江西省,605.06,,1334.53,,3867,2025-03-31 00:00:00,1,0,2025-04-18 23:21:18,0,2025-04-18 23:21:18,,,
2025-03,福建省,592.63,,1402.83,,3868,2025-03-31 00:00:00,1,0,2025-04-18 23:21:18,0,2025-04-18 23:21:18,,,
2025-03,安徽省,1137.29,,2498.57,,3869,2025-03-31 00:00:00,1,0,2025-04-18 23:21:18,0,2025-04-18 23:21:18,,,
2025-03,浙江省,1107.82,,2264.19,,3870,2025-03-31 00:00:00,1,0,2025-04-18 23:21:18,0,2025-04-18 23:21:18,,,
2025-03,江苏省,1138.53,,2670.44,,3871,2025-03-31 00:00:00,1,0,2025-04-18 23:21:18,0,2025-04-18 23:21:18,,,
2025-03,上海市,31.44,,72.12,,3872,2025-03-31 00:00:00,1,0,2025-04-18 23:21:18,0,2025-04-18 23:21:18,,,
2025-03,黑龙江省,70.35,,91.71,,3873,2025-03-31 00:00:00,1,0,2025-04-18 23:21:18,0,2025-04-18 23:21:18,,,
2025-03,吉林省,83.66,,98.61,,3874,2025-03-31 00:00:00,1,0,2025-04-18 23:21:18,0,2025-04-18 23:21:18,,,
2025-03,辽宁省,263.65,,327.13,,3875,2025-03-31 00:00:00,1,0,2025-04-18 23:21:18,0,2025-04-18 23:21:18,,,
2025-03,内蒙古区,144.49,,184.02,,3876,2025-03-31 00:00:00,1,0,2025-04-18 23:21:18,0,2025-04-18 23:21:18,,,
2025-03,山西省,240.73,,350.36,,3877,2025-03-31 00:00:00,1,0,2025-04-18 23:21:18,0,2025-04-18 23:21:18,,,
2025-03,河北省,862.24,,1581.59,,3878,2025-03-31 00:00:00,1,0,2025-04-18 23:21:18,0,2025-04-18 23:21:18,,,
2025-03,天津市,40.28,,68.84,,3879,2025-03-31 00:00:00,1,0,2025-04-18 23:21:21,0,2025-04-18 23:21:21,,,
2025-03,北京市,12.44,,19.75,,3880,2025-03-31 00:00:00,1,0,2025-04-18 23:21:21,0,2025-04-18 23:21:21,,,
2025-04,新疆区,473.67,,806.55,,3881,2025-04-30 00:00:00,1,0,2025-05-21 23:21:41,0,2025-05-21 23:21:41,,,
2025-04,宁夏区,163.95,,306.06,,3882,2025-04-30 00:00:00,1,0,2025-05-21 23:21:41,0,2025-05-21 23:21:41,,,
2025-04,青海省,98.34,,155.62,,3883,2025-04-30 00:00:00,1,0,2025-05-21 23:21:41,0,2025-05-21 23:21:41,,,
2025-04,甘肃省,358.20,,797.95,,3884,2025-04-30 00:00:00,1,0,2025-05-21 23:21:41,0,2025-05-21 23:21:41,,,
2025-04,陕西省,485.80,,1431.52,,3885,2025-04-30 00:00:00,1,0,2025-05-21 23:21:41,0,2025-05-21 23:21:41,,,
2025-04,西藏区,118.94,,265.43,,3886,2025-04-30 00:00:00,1,0,2025-05-21 23:21:41,0,2025-05-21 23:21:41,,,
2025-04,云南省,788.85,,2720.32,,3887,2025-04-30 00:00:00,1,0,2025-05-21 23:21:41,0,2025-05-21 23:21:41,,,
2025-04,贵州省,460.03,,1407.94,,3888,2025-04-30 00:00:00,1,0,2025-05-21 23:21:41,0,2025-05-21 23:21:41,,,
2025-04,四川省,1042.15,,3414.41,,3889,2025-04-30 00:00:00,1,0,2025-05-21 23:21:41,0,2025-05-21 23:21:41,,,
2025-04,重庆市,384.08,,1390.44,,3890,2025-04-30 00:00:00,1,0,2025-05-21 23:21:41,0,2025-05-21 23:21:41,,,
2025-04,海南省,122.86,,389.74,,3891,2025-04-30 00:00:00,1,0,2025-05-21 23:21:41,0,2025-05-21 23:21:41,,,
2025-04,广西区,821.90,,2877.40,,3892,2025-04-30 00:00:00,1,0,2025-05-21 23:21:41,0,2025-05-21 23:21:41,,,
2025-04,广东省,1171.36,,3999.95,,3893,2025-04-30 00:00:00,1,0,2025-05-21 23:21:41,0,2025-05-21 23:21:41,,,
2025-04,湖南省,581.20,,1896.67,,3894,2025-04-30 00:00:00,1,0,2025-05-21 23:21:41,0,2025-05-21 23:21:41,,,
2025-04,湖北省,813.94,,2744.92,,3895,2025-04-30 00:00:00,1,0,2025-05-21 23:21:41,0,2025-05-21 23:21:41,,,
2025-04,河南省,919.66,,2401.69,,3896,2025-04-30 00:00:00,1,0,2025-05-21 23:21:41,0,2025-05-21 23:21:41,,,
2025-04,山东省,1076.88,,2936.02,,3897,2025-04-30 00:00:00,1,0,2025-05-21 23:21:41,0,2025-05-21 23:21:41,,,
2025-04,江西省,541.01,,1875.54,,3898,2025-04-30 00:00:00,1,0,2025-05-21 23:21:41,0,2025-05-21 23:21:41,,,
2025-04,福建省,521.54,,1939.57,,3899,2025-04-30 00:00:00,1,0,2025-05-21 23:21:41,0,2025-05-21 23:21:41,,,
2025-04,安徽省,1076.18,,3565.74,,3900,2025-04-30 00:00:00,1,0,2025-05-21 23:21:41,0,2025-05-21 23:21:41,,,
2025-04,浙江省,1001.11,,3273.44,,3901,2025-04-30 00:00:00,1,0,2025-05-21 23:21:41,0,2025-05-21 23:21:41,,,
2025-04,江苏省,1062.08,,3710.09,,3902,2025-04-30 00:00:00,1,0,2025-05-21 23:21:41,0,2025-05-21 23:21:41,,,
2025-04,上海市,31.86,,103.97,,3903,2025-04-30 00:00:00,1,0,2025-05-21 23:21:41,0,2025-05-21 23:21:41,,,
2025-04,黑龙江省,119.63,,211.34,,3904,2025-04-30 00:00:00,1,0,2025-05-21 23:21:41,0,2025-05-21 23:21:41,,,
2025-04,吉林省,140.40,,235.54,,3905,2025-04-30 00:00:00,1,0,2025-05-21 23:21:41,0,2025-05-21 23:21:41,,,
2025-04,辽宁省,343.54,,670.70,,3906,2025-04-30 00:00:00,1,0,2025-05-21 23:21:41,0,2025-05-21 23:21:41,,,
2025-04,内蒙古区,292.11,,471.96,,3907,2025-04-30 00:00:00,1,0,2025-05-21 23:21:41,0,2025-05-21 23:21:41,,,
2025-04,山西省,387.39,,736.02,,3908,2025-04-30 00:00:00,1,0,2025-05-21 23:21:41,0,2025-05-21 23:21:41,,,
2025-04,河北省,1074.14,,2655.80,,3909,2025-04-30 00:00:00,1,0,2025-05-21 23:21:41,0,2025-05-21 23:21:41,,,
2025-04,天津市,45.31,,115.01,,3910,2025-04-30 00:00:00,1,0,2025-05-21 23:21:41,0,2025-05-21 23:21:41,,,
2025-04,北京市,11.47,,31.22,,3911,2025-04-30 00:00:00,1,0,2025-05-21 23:21:43,0,2025-05-21 23:21:43,,,
2025-04,全国,16529.60,-5.30,49538.60,-2.80,3912,2025-04-30 00:00:00,1,0,2025-05-21 23:21:43,0,2025-05-21 23:21:43,,,
2025-05,全国,16499.70,-8.10,65939.30,-4.00,3913,2025-05-31 00:00:00,1,0,2025-06-19 23:20:22,0,2025-06-19 23:20:22,,,
2025-05,新疆区,592.92,,1399.47,,3914,2025-05-31 00:00:00,1,0,2025-06-19 23:20:22,0,2025-06-19 23:20:22,,,
2025-05,宁夏区,185.47,,491.53,,3915,2025-05-31 00:00:00,1,0,2025-06-19 23:20:22,0,2025-06-19 23:20:22,,,
2025-05,青海省,123.08,,278.70,,3916,2025-05-31 00:00:00,1,0,2025-06-19 23:20:22,0,2025-06-19 23:20:22,,,
2025-05,甘肃省,427.40,,1215.84,,3917,2025-05-31 00:00:00,1,0,2025-06-19 23:20:22,0,2025-06-19 23:20:22,,,
2025-05,陕西省,452.57,,1884.25,,3918,2025-05-31 00:00:00,1,0,2025-06-19 23:20:22,0,2025-06-19 23:20:22,,,
2025-05,西藏区,151.55,,416.97,,3919,2025-05-31 00:00:00,1,0,2025-06-19 23:20:22,0,2025-06-19 23:20:22,,,
2025-05,云南省,764.56,,3466.77,,3920,2025-05-31 00:00:00,1,0,2025-06-19 23:20:22,0,2025-06-19 23:20:22,,,
2025-05,贵州省,436.21,,1844.15,,3921,2025-05-31 00:00:00,1,0,2025-06-19 23:20:22,0,2025-06-19 23:20:22,,,
2025-05,四川省,994.98,,4409.54,,3922,2025-05-31 00:00:00,1,0,2025-06-19 23:20:22,0,2025-06-19 23:20:22,,,
2025-05,重庆市,375.19,,1765.07,,3923,2025-05-31 00:00:00,1,0,2025-06-19 23:20:22,0,2025-06-19 23:20:22,,,
2025-05,海南省,117.17,,506.90,,3924,2025-05-31 00:00:00,1,0,2025-06-19 23:20:22,0,2025-06-19 23:20:22,,,
2025-05,广西区,743.19,,3620.59,,3925,2025-05-31 00:00:00,1,0,2025-06-19 23:20:22,0,2025-06-19 23:20:22,,,
2025-05,广东省,1036.32,,5036.66,,3926,2025-05-31 00:00:00,1,0,2025-06-19 23:20:22,0,2025-06-19 23:20:22,,,
2025-05,湖南省,592.54,,2466.31,,3927,2025-05-31 00:00:00,1,0,2025-06-19 23:20:22,0,2025-06-19 23:20:22,,,
2025-05,湖北省,746.46,,3492.41,,3928,2025-05-31 00:00:00,1,0,2025-06-19 23:20:22,0,2025-06-19 23:20:22,,,
2025-05,河南省,848.00,,3220.20,,3929,2025-05-31 00:00:00,1,0,2025-06-19 23:20:22,0,2025-06-19 23:20:22,,,
2025-05,山东省,1076.35,,3980.19,,3930,2025-05-31 00:00:00,1,0,2025-06-19 23:20:22,0,2025-06-19 23:20:22,,,
2025-05,江西省,500.55,,2367.63,,3931,2025-05-31 00:00:00,1,0,2025-06-19 23:20:22,0,2025-06-19 23:20:22,,,
2025-05,福建省,481.87,,2437.89,,3932,2025-05-31 00:00:00,1,0,2025-06-19 23:20:22,0,2025-06-19 23:20:22,,,
2025-05,安徽省,1094.32,,4654.60,,3933,2025-05-31 00:00:00,1,0,2025-06-19 23:20:22,0,2025-06-19 23:20:22,,,
2025-05,浙江省,1002.29,,4276.01,,3934,2025-05-31 00:00:00,1,0,2025-06-19 23:20:22,0,2025-06-19 23:20:22,,,
2025-05,江苏省,1074.98,,4841.03,,3935,2025-05-31 00:00:00,1,0,2025-06-19 23:20:22,0,2025-06-19 23:20:22,,,
2025-05,上海市,30.22,,134.19,,3936,2025-05-31 00:00:00,1,0,2025-06-19 23:20:22,0,2025-06-19 23:20:22,,,
2025-05,黑龙江省,180.99,,392.52,,3937,2025-05-31 00:00:00,1,0,2025-06-19 23:20:22,0,2025-06-19 23:20:22,,,
2025-05,吉林省,197.34,,432.61,,3938,2025-05-31 00:00:00,1,0,2025-06-19 23:20:22,0,2025-06-19 23:20:22,,,
2025-05,辽宁省,332.62,,1003.32,,3939,2025-05-31 00:00:00,1,0,2025-06-19 23:20:22,0,2025-06-19 23:20:22,,,
2025-05,内蒙古区,375.39,,845.11,,3940,2025-05-31 00:00:00,1,0,2025-06-19 23:20:22,0,2025-06-19 23:20:22,,,
2025-05,山西省,421.45,,1144.49,,3941,2025-05-31 00:00:00,1,0,2025-06-19 23:20:22,0,2025-06-19 23:20:22,,,
2025-05,河北省,1078.72,,3703.13,,3942,2025-05-31 00:00:00,1,0,2025-06-19 23:20:22,0,2025-06-19 23:20:22,,,
2025-05,天津市,48.86,,163.87,,3943,2025-05-31 00:00:00,1,0,2025-06-19 23:20:25,0,2025-06-19 23:20:25,,,
2025-05,北京市,16.18,,47.40,,3944,2025-05-31 00:00:00,1,0,2025-06-19 23:20:25,0,2025-06-19 23:20:25,,,
2025-06,全国,15547.30,-5.30,81529.50,-4.30,3945,2025-06-30 00:00:00,1,0,2025-07-17 23:20:32,0,2025-07-17 23:20:32,,,
2025-06,新疆区,546.19,,1945.67,,3946,2025-06-30 00:00:00,1,0,2025-07-17 23:20:32,0,2025-07-17 23:20:32,,,
2025-06,宁夏区,170.83,,660.36,,3947,2025-06-30 00:00:00,1,0,2025-07-17 23:20:32,0,2025-07-17 23:20:32,,,
2025-06,青海省,124.92,,403.62,,3948,2025-06-30 00:00:00,1,0,2025-07-17 23:20:32,0,2025-07-17 23:20:32,,,
2025-06,甘肃省,432.70,,1648.54,,3949,2025-06-30 00:00:00,1,0,2025-07-17 23:20:32,0,2025-07-17 23:20:32,,,
2025-06,陕西省,425.22,,2309.87,,3950,2025-06-30 00:00:00,1,0,2025-07-17 23:20:32,0,2025-07-17 23:20:32,,,
2025-06,西藏区,195.72,,612.69,,3951,2025-06-30 00:00:00,1,0,2025-07-17 23:20:32,0,2025-07-17 23:20:32,,,
2025-06,云南省,685.53,,4152.30,,3952,2025-06-30 00:00:00,1,0,2025-07-17 23:20:32,0,2025-07-17 23:20:32,,,
2025-06,贵州省,412.36,,2256.53,,3953,2025-06-30 00:00:00,1,0,2025-07-17 23:20:32,0,2025-07-17 23:20:32,,,
2025-06,四川省,930.88,,5319.05,,3954,2025-06-30 00:00:00,1,0,2025-07-17 23:20:32,0,2025-07-17 23:20:32,,,
2025-06,重庆市,358.37,,2123.45,,3955,2025-06-30 00:00:00,1,0,2025-07-17 23:20:32,0,2025-07-17 23:20:32,,,
2025-06,海南省,113.91,,620.81,,3956,2025-06-30 00:00:00,1,0,2025-07-17 23:20:32,0,2025-07-17 23:20:32,,,
2025-06,广西区,637.88,,4252.30,,3957,2025-06-30 00:00:00,1,0,2025-07-17 23:20:32,0,2025-07-17 23:20:32,,,
2025-06,广东省,979.09,,6016.49,,3958,2025-06-30 00:00:00,1,0,2025-07-17 23:20:32,0,2025-07-17 23:20:32,,,
2025-06,湖南省,531.26,,2996.40,,3959,2025-06-30 00:00:00,1,0,2025-07-17 23:20:32,0,2025-07-17 23:20:32,,,
2025-06,湖北省,672.77,,4162.75,,3960,2025-06-30 00:00:00,1,0,2025-07-17 23:20:32,0,2025-07-17 23:20:32,,,
2025-06,河南省,753.35,,3978.36,,3961,2025-06-30 00:00:00,1,0,2025-07-17 23:20:32,0,2025-07-17 23:20:32,,,
2025-06,山东省,1032.98,,5063.55,,3962,2025-06-30 00:00:00,1,0,2025-07-17 23:20:32,0,2025-07-17 23:20:32,,,
2025-06,江西省,481.23,,2856.85,,3963,2025-06-30 00:00:00,1,0,2025-07-17 23:20:32,0,2025-07-17 23:20:32,,,
2025-06,福建省,466.68,,2904.58,,3964,2025-06-30 00:00:00,1,0,2025-07-17 23:20:32,0,2025-07-17 23:20:32,,,
2025-06,安徽省,815.30,,5469.93,,3965,2025-06-30 00:00:00,1,0,2025-07-17 23:20:32,0,2025-07-17 23:20:32,,,
2025-06,浙江省,939.15,,5182.15,,3966,2025-06-30 00:00:00,1,0,2025-07-17 23:20:32,0,2025-07-17 23:20:32,,,
2025-06,江苏省,1094.03,,5969.10,,3967,2025-06-30 00:00:00,1,0,2025-07-17 23:20:32,0,2025-07-17 23:20:32,,,
2025-06,上海市,25.71,,159.91,,3968,2025-06-30 00:00:00,1,0,2025-07-17 23:20:32,0,2025-07-17 23:20:32,,,
2025-06,黑龙江省,253.13,,645.49,,3969,2025-06-30 00:00:00,1,0,2025-07-17 23:20:32,0,2025-07-17 23:20:32,,,
2025-06,吉林省,222.24,,655.09,,3970,2025-06-30 00:00:00,1,0,2025-07-17 23:20:32,0,2025-07-17 23:20:32,,,
2025-06,辽宁省,342.26,,1345.58,,3971,2025-06-30 00:00:00,1,0,2025-07-17 23:20:32,0,2025-07-17 23:20:32,,,
2025-06,内蒙古区,379.79,,1223.20,,3972,2025-06-30 00:00:00,1,0,2025-07-17 23:20:32,0,2025-07-17 23:20:32,,,
2025-06,山西省,380.99,,1525.79,,3973,2025-06-30 00:00:00,1,0,2025-07-17 23:20:32,0,2025-07-17 23:20:32,,,
2025-06,河北省,1077.13,,4788.81,,3974,2025-06-30 00:00:00,1,0,2025-07-17 23:20:32,0,2025-07-17 23:20:32,,,
2025-06,天津市,48.28,,215.47,,3975,2025-06-30 00:00:00,1,0,2025-07-17 23:20:35,0,2025-07-17 23:20:35,,,
2025-06,北京市,17.44,,64.83,,3976,2025-06-30 00:00:00,1,0,2025-07-17 23:20:35,0,2025-07-17 23:20:35,,,
2025-07,全国,14557.30,-5.60,95801.30,-4.50,3977,2025-07-31 00:00:00,1,0,2025-08-19 23:20:15,0,2025-08-19 23:20:15,,,
2025-07,新疆区,537.25,,2461.03,,3978,2025-07-31 00:00:00,1,0,2025-08-19 23:20:15,0,2025-08-19 23:20:15,,,
2025-07,宁夏区,165.10,,825.46,,3979,2025-07-31 00:00:00,1,0,2025-08-19 23:20:15,0,2025-08-19 23:20:15,,,
2025-07,青海省,124.47,,528.09,,3980,2025-07-31 00:00:00,1,0,2025-08-19 23:20:15,0,2025-08-19 23:20:15,,,
2025-07,甘肃省,364.49,,2012.73,,3981,2025-07-31 00:00:00,1,0,2025-08-19 23:20:15,0,2025-08-19 23:20:15,,,
2025-07,陕西省,395.98,,2684.59,,3982,2025-07-31 00:00:00,1,0,2025-08-19 23:20:15,0,2025-08-19 23:20:15,,,
2025-07,西藏区,178.51,,791.21,,3983,2025-07-31 00:00:00,1,0,2025-08-19 23:20:15,0,2025-08-19 23:20:15,,,
2025-07,云南省,631.81,,4782.54,,3984,2025-07-31 00:00:00,1,0,2025-08-19 23:20:15,0,2025-08-19 23:20:15,,,
2025-07,贵州省,442.86,,2697.63,,3985,2025-07-31 00:00:00,1,0,2025-08-19 23:20:15,0,2025-08-19 23:20:15,,,
2025-07,四川省,852.02,,6149.84,,3986,2025-07-31 00:00:00,1,0,2025-08-19 23:20:15,0,2025-08-19 23:20:15,,,
2025-07,重庆市,332.90,,2474.92,,3987,2025-07-31 00:00:00,1,0,2025-08-19 23:20:15,0,2025-08-19 23:20:15,,,
2025-07,海南省,115.45,,740.46,,3988,2025-07-31 00:00:00,1,0,2025-08-19 23:20:15,0,2025-08-19 23:20:15,,,
2025-07,广西区,680.18,,4925.03,,3989,2025-07-31 00:00:00,1,0,2025-08-19 23:20:15,0,2025-08-19 23:20:15,,,
2025-07,广东省,933.29,,6793.72,,3990,2025-07-31 00:00:00,1,0,2025-08-19 23:20:15,0,2025-08-19 23:20:15,,,
2025-07,湖南省,533.26,,3507.25,,3991,2025-07-31 00:00:00,1,0,2025-08-19 23:20:15,0,2025-08-19 23:20:15,,,
2025-07,湖北省,722.99,,4872.32,,3992,2025-07-31 00:00:00,1,0,2025-08-19 23:20:15,0,2025-08-19 23:20:15,,,
2025-07,河南省,670.75,,4657.18,,3993,2025-07-31 00:00:00,1,0,2025-08-19 23:20:15,0,2025-08-19 23:20:15,,,
2025-07,山东省,843.02,,5878.37,,3994,2025-07-31 00:00:00,1,0,2025-08-19 23:20:15,0,2025-08-19 23:20:15,,,
2025-07,江西省,514.36,,3358.92,,3995,2025-07-31 00:00:00,1,0,2025-08-19 23:20:15,0,2025-08-19 23:20:15,,,
2025-07,福建省,425.06,,3285.31,,3996,2025-07-31 00:00:00,1,0,2025-08-19 23:20:15,0,2025-08-19 23:20:15,,,
2025-07,安徽省,914.36,,6402.67,,3997,2025-07-31 00:00:00,1,0,2025-08-19 23:20:15,0,2025-08-19 23:20:15,,,
2025-07,浙江省,918.71,,6119.71,,3998,2025-07-31 00:00:00,1,0,2025-08-19 23:20:15,0,2025-08-19 23:20:15,,,
2025-07,江苏省,923.41,,6897.90,,3999,2025-07-31 00:00:00,1,0,2025-08-19 23:20:15,0,2025-08-19 23:20:15,,,
2025-07,上海市,32.47,,204.89,,4000,2025-07-31 00:00:00,1,0,2025-08-19 23:20:15,0,2025-08-19 23:20:15,,,
2025-07,黑龙江省,242.15,,887.65,,4001,2025-07-31 00:00:00,1,0,2025-08-19 23:20:15,0,2025-08-19 23:20:15,,,
2025-07,吉林省,187.57,,842.66,,4002,2025-07-31 00:00:00,1,0,2025-08-19 23:20:15,0,2025-08-19 23:20:15,,,
2025-07,辽宁省,275.09,,1604.28,,4003,2025-07-31 00:00:00,1,0,2025-08-19 23:20:15,0,2025-08-19 23:20:15,,,
2025-07,内蒙古区,341.42,,1565.44,,4004,2025-07-31 00:00:00,1,0,2025-08-19 23:20:15,0,2025-08-19 23:20:15,,,
2025-07,山西省,356.07,,1882.84,,4005,2025-07-31 00:00:00,1,0,2025-08-19 23:20:15,0,2025-08-19 23:20:15,,,
2025-07,河北省,860.54,,5644.66,,4006,2025-07-31 00:00:00,1,0,2025-08-19 23:20:15,0,2025-08-19 23:20:15,,,
2025-07,天津市,29.32,,244.79,,4007,2025-07-31 00:00:00,1,0,2025-08-19 23:20:18,0,2025-08-19 23:20:18,,,
2025-07,北京市,12.43,,77.26,,4008,2025-07-31 00:00:00,1,0,2025-08-19 23:20:18,0,2025-08-19 23:20:18,,,
2025-08,全国,14801.60,-6.20,110457.20,-4.80,4009,2025-08-31 00:00:00,1,0,2025-09-17 23:19:51,0,2025-09-17 23:19:51,,,
