时间,国别(地区),当月数量(吨),数量环比(%),累计数量(吨),当月金额(千美元),累计金额(千美元),_ID,_DATA_TIME,_ACTIVE,_CREATE_ID,_CREATE_TIME,_UPDATE_ID,_UPDATE_TIME,_REMARK,_CHANGE_LOG,_RESERVE
2024-05,阿根廷,44.00,0.00,123.10,19.20,46.40,1,2024-05-31 00:00:00,1,0,2024-07-20 14:58:09,0,2024-07-20 14:58:09,,,
2024-05,澳大利亚,20.00,-50.00,60.00,7.70,22.90,2,2024-05-31 00:00:00,1,0,2024-07-20 14:58:09,0,2024-07-20 14:58:09,,,
2024-05,菲律宾,63.80,-99.86,45653.70,19.20,13208.30,3,2024-05-31 00:00:00,1,0,2024-07-20 14:58:09,0,2024-07-20 14:58:09,,,
2024-05,韩国,28022.80,94.74,127427.40,5298.90,23434.90,4,2024-05-31 00:00:00,1,0,2024-07-20 14:58:09,0,2024-07-20 14:58:09,,,
2024-05,荷兰,71096.00,0.00,142192.00,14444.60,28889.30,5,2024-05-31 00:00:00,1,0,2024-07-20 14:58:09,0,2024-07-20 14:58:09,,,
2024-05,卡塔尔,140.00,0.00,280.00,79.80,159.60,6,2024-05-31 00:00:00,1,0,2024-07-20 14:58:09,0,2024-07-20 14:58:09,,,
2024-05,科威特,20.00,-83.33,140.00,6.00,41.40,7,2024-05-31 00:00:00,1,0,2024-07-20 14:58:09,0,2024-07-20 14:58:09,,,
2024-05,马来西亚,43.30,-99.14,6686.40,14.60,1158.30,8,2024-05-31 00:00:00,1,0,2024-07-20 14:58:09,0,2024-07-20 14:58:09,,,
2024-05,美国,5.00,0.00,10.00,4.80,9.50,9,2024-05-31 00:00:00,1,0,2024-07-20 14:58:09,0,2024-07-20 14:58:09,,,
2024-05,秘鲁,12.00,0.00,24.00,5.80,11.60,10,2024-05-31 00:00:00,1,0,2024-07-20 14:58:09,0,2024-07-20 14:58:09,,,
2024-05,日本,22138.60,-36.70,164907.70,5445.00,43833.30,11,2024-05-31 00:00:00,1,0,2024-07-20 14:58:09,0,2024-07-20 14:58:09,,,
2024-05,台湾省,206.80,416.90,318.80,53.80,91.10,12,2024-05-31 00:00:00,1,0,2024-07-20 14:58:09,0,2024-07-20 14:58:09,,,
2024-05,泰国,179.00,16.24,479.40,55.50,143.30,13,2024-05-31 00:00:00,1,0,2024-07-20 14:58:09,0,2024-07-20 14:58:09,,,
2024-05,意大利,10000.00,0.00,34884.60,2040.00,7130.30,14,2024-05-31 00:00:00,1,0,2024-07-20 14:58:09,0,2024-07-20 14:58:09,,,
2024-05,印度,28.00,-44.00,78.00,1.40,16.70,15,2024-05-31 00:00:00,1,0,2024-07-20 14:58:09,0,2024-07-20 14:58:09,,,
2024-05,印尼,127360.40,-10.18,504109.60,24090.20,98588.00,16,2024-05-31 00:00:00,1,0,2024-07-20 14:58:09,0,2024-07-20 14:58:09,,,
2024-04,阿根廷,44.00,25.32,79.10,19.20,27.20,17,2024-04-30 00:00:00,1,0,2024-07-20 14:58:09,0,2024-07-20 14:58:09,,,
2024-04,阿曼,84.00,50.00,140.00,31.50,57.50,18,2024-04-30 00:00:00,1,0,2024-07-20 14:58:09,0,2024-07-20 14:58:09,,,
2024-04,菲律宾,45522.00,128784.48,45589.90,13170.90,13189.10,19,2024-04-30 00:00:00,1,0,2024-07-20 14:58:09,0,2024-07-20 14:58:09,,,
2024-04,韩国,14390.00,39.24,99404.60,2502.20,18136.00,20,2024-04-30 00:00:00,1,0,2024-07-20 14:58:09,0,2024-07-20 14:58:09,,,
2024-04,荷兰,71096.00,250.66,71096.00,14444.60,14444.60,21,2024-04-30 00:00:00,1,0,2024-07-20 14:58:09,0,2024-07-20 14:58:09,,,
2024-04,卡塔尔,140.00,0.00,140.00,79.80,79.80,22,2024-04-30 00:00:00,1,0,2024-07-20 14:58:09,0,2024-07-20 14:58:09,,,
2024-04,马来西亚,5028.00,363.23,6643.10,748.50,1143.70,23,2024-04-30 00:00:00,1,0,2024-07-20 14:58:09,0,2024-07-20 14:58:09,,,
2024-04,美国,5.00,233.33,5.00,4.80,4.80,24,2024-04-30 00:00:00,1,0,2024-07-20 14:58:09,0,2024-07-20 14:58:09,,,
2024-04,秘鲁,12.00,71.43,12.00,5.80,5.80,25,2024-04-30 00:00:00,1,0,2024-07-20 14:58:09,0,2024-07-20 14:58:09,,,
2024-04,缅甸,96.20,0.21,192.20,12.90,25.70,26,2024-04-30 00:00:00,1,0,2024-07-20 14:58:09,0,2024-07-20 14:58:09,,,
2024-04,日本,34976.50,-31.39,142769.10,10641.40,38388.40,27,2024-04-30 00:00:00,1,0,2024-07-20 14:58:09,0,2024-07-20 14:58:09,,,
2024-04,泰国,154.00,114.76,300.50,47.50,87.80,28,2024-04-30 00:00:00,1,0,2024-07-20 14:58:09,0,2024-07-20 14:58:09,,,
2024-04,以色列,250.00,-37.50,650.00,77.30,201.70,29,2024-04-30 00:00:00,1,0,2024-07-20 14:58:09,0,2024-07-20 14:58:09,,,
2024-04,意大利,10000.00,-32.82,24884.60,2040.00,5090.30,30,2024-04-30 00:00:00,1,0,2024-07-20 14:58:09,0,2024-07-20 14:58:09,,,
2024-04,印度,50.00,-3.85,50.00,15.40,15.40,31,2024-04-30 00:00:00,1,0,2024-07-20 14:58:12,0,2024-07-20 14:58:12,,,
2024-04,印尼,141796.00,54.47,376749.20,24716.60,74497.80,32,2024-04-30 00:00:00,1,0,2024-07-20 14:58:12,0,2024-07-20 14:58:12,,,
2024-03,阿根廷,35.10,31.99,35.10,8.00,8.00,33,2024-03-31 00:00:00,1,0,2024-07-20 14:58:12,0,2024-07-20 14:58:12,,,
2024-03,阿拉伯联合酋长国,38500.00,296053.85,38513.00,8470.00,8473.90,34,2024-03-31 00:00:00,1,0,2024-07-20 14:58:12,0,2024-07-20 14:58:12,,,
2024-03,德国,100.00,66.67,100.00,32.80,32.80,35,2024-03-31 00:00:00,1,0,2024-07-20 14:58:12,0,2024-07-20 14:58:12,,,
2024-03,厄瓜多尔,96.00,540.00,111.00,36.50,40.70,36,2024-03-31 00:00:00,1,0,2024-07-20 14:58:12,0,2024-07-20 14:58:12,,,
2024-03,菲律宾,35.30,8.34,67.90,9.50,18.20,37,2024-03-31 00:00:00,1,0,2024-07-20 14:58:12,0,2024-07-20 14:58:12,,,
2024-03,韩国,10334.70,-75.12,85014.60,2053.20,15633.80,38,2024-03-31 00:00:00,1,0,2024-07-20 14:58:12,0,2024-07-20 14:58:12,,,
2024-03,马来西亚,1085.40,258.26,1615.10,252.80,395.20,39,2024-03-31 00:00:00,1,0,2024-07-20 14:58:12,0,2024-07-20 14:58:12,,,
2024-03,孟加拉国,52.00,0.00,104.00,15.70,31.40,40,2024-03-31 00:00:00,1,0,2024-07-20 14:58:12,0,2024-07-20 14:58:12,,,
2024-03,缅甸,96.00,-81.37,96.00,12.80,12.80,41,2024-03-31 00:00:00,1,0,2024-07-20 14:58:12,0,2024-07-20 14:58:12,,,
2024-03,日本,50979.40,239.11,107792.60,11174.90,27747.00,42,2024-03-31 00:00:00,1,0,2024-07-20 14:58:12,0,2024-07-20 14:58:12,,,
2024-03,台湾省,40.00,-44.44,112.00,13.60,37.40,43,2024-03-31 00:00:00,1,0,2024-07-20 14:58:12,0,2024-07-20 14:58:12,,,
2024-03,泰国,71.70,198.13,146.50,29.70,40.30,44,2024-03-31 00:00:00,1,0,2024-07-20 14:58:12,0,2024-07-20 14:58:12,,,
2024-03,乌拉圭,22.00,1000.00,22.00,9.60,9.60,45,2024-03-31 00:00:00,1,0,2024-07-20 14:58:12,0,2024-07-20 14:58:12,,,
2024-03,西班牙,20.00,-16.67,20.00,7.40,7.40,46,2024-03-31 00:00:00,1,0,2024-07-20 14:58:12,0,2024-07-20 14:58:12,,,
2024-03,香港,405.00,305.00,705.00,155.90,271.40,47,2024-03-31 00:00:00,1,0,2024-07-20 14:58:12,0,2024-07-20 14:58:12,,,
2024-03,伊朗,125.00,79.34,125.00,48.10,48.10,48,2024-03-31 00:00:00,1,0,2024-07-20 14:58:12,0,2024-07-20 14:58:12,,,
2024-03,印尼,91793.00,-7.39,234953.20,18370.40,49781.30,49,2024-03-31 00:00:00,1,0,2024-07-20 14:58:12,0,2024-07-20 14:58:12,,,
2024-02,澳大利亚,40.00,100.00,40.00,15.20,15.20,50,2024-02-29 00:00:00,1,0,2024-07-20 14:58:12,0,2024-07-20 14:58:12,,,
2024-02,刚果(布),6508.90,-37.77,6508.90,1640.20,1640.20,51,2024-02-29 00:00:00,1,0,2024-07-20 14:58:12,0,2024-07-20 14:58:12,,,
2024-02,韩国,41545.00,25.38,74679.90,7570.30,13580.60,52,2024-02-29 00:00:00,1,0,2024-07-20 14:58:12,0,2024-07-20 14:58:12,,,
2024-02,科威特,120.00,8471.43,120.00,35.40,35.40,53,2024-02-29 00:00:00,1,0,2024-07-20 14:58:12,0,2024-07-20 14:58:12,,,
2024-02,马来西亚,303.00,33.66,529.70,80.30,142.50,54,2024-02-29 00:00:00,1,0,2024-07-20 14:58:12,0,2024-07-20 14:58:12,,,
2024-02,日本,15033.20,-64.02,56813.20,4321.30,16572.10,55,2024-02-29 00:00:00,1,0,2024-07-20 14:58:12,0,2024-07-20 14:58:12,,,
2024-02,泰国,24.10,-52.58,74.80,8.40,10.60,56,2024-02-29 00:00:00,1,0,2024-07-20 14:58:12,0,2024-07-20 14:58:12,,,
2024-02,香港,100.00,-50.00,300.00,38.50,115.50,57,2024-02-29 00:00:00,1,0,2024-07-20 14:58:12,0,2024-07-20 14:58:12,,,
2024-02,以色列,400.00,0.00,400.00,124.40,124.40,58,2024-02-29 00:00:00,1,0,2024-07-20 14:58:12,0,2024-07-20 14:58:12,,,
2024-02,意大利,14884.60,992206.67,14884.60,3050.30,3050.30,59,2024-02-29 00:00:00,1,0,2024-07-20 14:58:12,0,2024-07-20 14:58:12,,,
2024-02,印尼,99120.00,125.07,143160.20,21823.50,31410.80,60,2024-02-29 00:00:00,1,0,2024-07-20 14:58:12,0,2024-07-20 14:58:12,,,
2024-02,约旦,10.00,100.00,10.00,10.00,10.00,61,2024-02-29 00:00:00,1,0,2024-07-20 14:58:16,0,2024-07-20 14:58:16,,,
2024-02,越南,84.00,-24.53,84.00,18.50,18.50,62,2024-02-29 00:00:00,1,0,2024-07-20 14:58:16,0,2024-07-20 14:58:16,,,
2024-01,阿拉伯联合酋长国,13.00,-35.00,13.00,3.90,3.90,63,2024-01-31 00:00:00,1,0,2024-07-20 14:58:16,0,2024-07-20 14:58:16,,,
2024-01,阿曼,56.00,7.69,56.00,26.00,26.00,64,2024-01-31 00:00:00,1,0,2024-07-20 14:58:16,0,2024-07-20 14:58:16,,,
2024-01,比利时,53006.00,67.48,53006.00,12192.50,12192.50,65,2024-01-31 00:00:00,1,0,2024-07-20 14:58:16,0,2024-07-20 14:58:16,,,
2024-01,厄瓜多尔,15.00,100.00,15.00,4.20,4.20,66,2024-01-31 00:00:00,1,0,2024-07-20 14:58:16,0,2024-07-20 14:58:16,,,
2024-01,菲律宾,32.60,640.91,32.60,8.70,8.70,67,2024-01-31 00:00:00,1,0,2024-07-20 14:58:16,0,2024-07-20 14:58:16,,,
2024-01,韩国,33134.90,1105.08,33134.90,6010.30,6010.30,68,2024-01-31 00:00:00,1,0,2024-07-20 14:58:16,0,2024-07-20 14:58:16,,,
2024-01,马来西亚,226.70,271.61,226.70,62.20,62.20,69,2024-01-31 00:00:00,1,0,2024-07-20 14:58:16,0,2024-07-20 14:58:16,,,
2024-01,孟加拉国,52.00,-74.00,52.00,15.70,15.70,70,2024-01-31 00:00:00,1,0,2024-07-20 14:58:16,0,2024-07-20 14:58:16,,,
2024-01,日本,41780.00,-38.37,41780.00,12250.80,12250.80,71,2024-01-31 00:00:00,1,0,2024-07-20 14:58:16,0,2024-07-20 14:58:16,,,
2024-01,沙特阿拉伯,122.50,-59.16,122.50,30.80,30.80,72,2024-01-31 00:00:00,1,0,2024-07-20 14:58:16,0,2024-07-20 14:58:16,,,
2024-01,台湾省,72.00,80.00,72.00,23.70,23.70,73,2024-01-31 00:00:00,1,0,2024-07-20 14:58:16,0,2024-07-20 14:58:16,,,
2024-01,泰国,50.70,87.85,50.70,2.20,2.20,74,2024-01-31 00:00:00,1,0,2024-07-20 14:58:16,0,2024-07-20 14:58:16,,,
2024-01,希腊,22.00,-92.86,22.00,8.40,8.40,75,2024-01-31 00:00:00,1,0,2024-07-20 14:58:16,0,2024-07-20 14:58:16,,,
2024-01,香港,200.00,9900.00,200.00,77.00,77.00,76,2024-01-31 00:00:00,1,0,2024-07-20 14:58:16,0,2024-07-20 14:58:16,,,
2024-01,印尼,44040.20,-49.96,44040.20,9587.40,9587.40,77,2024-01-31 00:00:00,1,0,2024-07-20 14:58:16,0,2024-07-20 14:58:16,,,
2023-12,阿曼,52.00,0.00,708.50,27.20,396.00,78,2023-12-31 00:00:00,1,0,2024-07-20 14:58:16,0,2024-07-20 14:58:16,,,
2023-12,巴西,100.90,-99.87,100.90,34.70,34.70,79,2023-12-31 00:00:00,1,0,2024-07-20 14:58:16,0,2024-07-20 14:58:16,,,
2023-12,德国,60.00,215.79,60.00,19.70,19.70,80,2023-12-31 00:00:00,1,0,2024-07-20 14:58:16,0,2024-07-20 14:58:16,,,
2023-12,菲律宾,4.40,-82.40,206.80,1.40,72.30,81,2023-12-31 00:00:00,1,0,2024-07-20 14:58:16,0,2024-07-20 14:58:16,,,
2023-12,韩国,2749.60,-95.23,157473.50,636.00,32204.40,82,2023-12-31 00:00:00,1,0,2024-07-20 14:58:16,0,2024-07-20 14:58:16,,,
2023-12,荷兰,20275.10,322.40,25075.10,4963.90,6307.90,83,2023-12-31 00:00:00,1,0,2024-07-20 14:58:16,0,2024-07-20 14:58:16,,,
2023-12,捷克,4.00,100.00,4.00,2.20,2.20,84,2023-12-31 00:00:00,1,0,2024-07-20 14:58:16,0,2024-07-20 14:58:16,,,
2023-12,科威特,1.40,-73.08,6.60,0.70,1.80,85,2023-12-31 00:00:00,1,0,2024-07-20 14:58:16,0,2024-07-20 14:58:16,,,
2023-12,马来西亚,61.00,-6.24,47731.90,19.30,9559.20,86,2023-12-31 00:00:00,1,0,2024-07-20 14:58:16,0,2024-07-20 14:58:16,,,
2023-12,孟加拉国,200.00,-20.00,851.40,46.10,162.80,87,2023-12-31 00:00:00,1,0,2024-07-20 14:58:16,0,2024-07-20 14:58:16,,,
2023-12,缅甸,515.20,427.91,2202.10,67.80,272.10,88,2023-12-31 00:00:00,1,0,2024-07-20 14:58:16,0,2024-07-20 14:58:16,,,
2023-12,日本,67789.60,151.07,440144.70,16337.60,143666.10,89,2023-12-31 00:00:00,1,0,2024-07-20 14:58:16,0,2024-07-20 14:58:16,,,
2023-12,沙特阿拉伯,300.00,284.62,1049.00,98.90,374.90,90,2023-12-31 00:00:00,1,0,2024-07-20 14:58:16,0,2024-07-20 14:58:16,,,
2023-12,台湾省,40.00,0.00,220.00,13.60,82.50,91,2023-12-31 00:00:00,1,0,2024-07-20 14:58:19,0,2024-07-20 14:58:19,,,
2023-12,泰国,27.00,-43.87,533.10,7.90,204.80,92,2023-12-31 00:00:00,1,0,2024-07-20 14:58:19,0,2024-07-20 14:58:19,,,
2023-12,以色列,400.00,7900.00,2505.00,124.80,885.00,93,2023-12-31 00:00:00,1,0,2024-07-20 14:58:19,0,2024-07-20 14:58:19,,,
2023-12,印尼,88005.00,-40.20,1633617.70,20493.30,448633.50,94,2023-12-31 00:00:00,1,0,2024-07-20 14:58:19,0,2024-07-20 14:58:19,,,
2023-12,越南,111.30,-21.34,428.50,42.40,142.00,95,2023-12-31 00:00:00,1,0,2024-07-20 14:58:19,0,2024-07-20 14:58:19,,,
2023-12,乍得,7.00,0.00,19.60,32.60,61.60,96,2023-12-31 00:00:00,1,0,2024-07-20 14:58:19,0,2024-07-20 14:58:19,,,
2023-12,智利,20.10,-77.72,270.10,5.40,111.40,97,2023-12-31 00:00:00,1,0,2024-07-20 14:58:19,0,2024-07-20 14:58:19,,,
2023-11,阿尔及利亚,160.00,14.29,300.00,72.60,149.80,98,2023-11-30 00:00:00,1,0,2024-07-20 14:58:19,0,2024-07-20 14:58:19,,,
2023-11,保加利亚,196.00,100.00,196.00,40.20,40.20,99,2023-11-30 00:00:00,1,0,2024-07-20 14:58:19,0,2024-07-20 14:58:19,,,
2023-11,菲律宾,25.00,320.17,202.40,5.80,70.90,100,2023-11-30 00:00:00,1,0,2024-07-20 14:58:19,0,2024-07-20 14:58:19,,,
2023-11,韩国,57609.60,723.58,154723.90,11107.10,31568.30,101,2023-11-30 00:00:00,1,0,2024-07-20 14:58:19,0,2024-07-20 14:58:19,,,
2023-11,卡塔尔,140.00,788.89,301.90,79.80,171.00,102,2023-11-30 00:00:00,1,0,2024-07-20 14:58:19,0,2024-07-20 14:58:19,,,
2023-11,马达加斯加,18.10,-50.00,54.20,11.90,35.00,103,2023-11-30 00:00:00,1,0,2024-07-20 14:58:19,0,2024-07-20 14:58:19,,,
2023-11,马来西亚,65.10,-99.41,47670.90,30.20,9539.90,104,2023-11-30 00:00:00,1,0,2024-07-20 14:58:19,0,2024-07-20 14:58:19,,,
2023-11,蒙古,14.00,-30.00,34.00,3.90,7.40,105,2023-11-30 00:00:00,1,0,2024-07-20 14:58:19,0,2024-07-20 14:58:19,,,
2023-11,缅甸,97.60,-82.23,1686.80,12.90,204.30,106,2023-11-30 00:00:00,1,0,2024-07-20 14:58:19,0,2024-07-20 14:58:19,,,
2023-11,日本,27000.00,57.14,372355.10,6264.00,127328.50,107,2023-11-30 00:00:00,1,0,2024-07-20 14:58:19,0,2024-07-20 14:58:19,,,
2023-11,沙特阿拉伯,78.00,-20.41,749.00,27.70,276.00,108,2023-11-30 00:00:00,1,0,2024-07-20 14:58:19,0,2024-07-20 14:58:19,,,
2023-11,台湾省,40.00,-33.33,180.00,13.70,68.90,109,2023-11-30 00:00:00,1,0,2024-07-20 14:58:19,0,2024-07-20 14:58:19,,,
2023-11,泰国,48.10,129.05,506.10,17.10,196.90,110,2023-11-30 00:00:00,1,0,2024-07-20 14:58:19,0,2024-07-20 14:58:19,,,
2023-11,西班牙,24.00,0.00,48.00,8.90,17.10,111,2023-11-30 00:00:00,1,0,2024-07-20 14:58:19,0,2024-07-20 14:58:19,,,
2023-11,希腊,308.00,492.24,308.00,75.50,75.50,112,2023-11-30 00:00:00,1,0,2024-07-20 14:58:19,0,2024-07-20 14:58:19,,,
2023-11,意大利,1.50,-99.44,331.50,0.60,102.90,113,2023-11-30 00:00:00,1,0,2024-07-20 14:58:19,0,2024-07-20 14:58:19,,,
2023-11,印度,52.00,766.67,118.00,15.70,33.20,114,2023-11-30 00:00:00,1,0,2024-07-20 14:58:19,0,2024-07-20 14:58:19,,,
2023-11,印尼,147162.00,7.45,1545612.70,33730.00,428140.20,115,2023-11-30 00:00:00,1,0,2024-07-20 14:58:19,0,2024-07-20 14:58:19,,,
2023-11,乍得,7.00,25.72,12.60,23.80,29.00,116,2023-11-30 00:00:00,1,0,2024-07-20 14:58:19,0,2024-07-20 14:58:19,,,
2023-10,比利时,31650.00,-4.09,75698.00,6972.90,16422.70,117,2023-10-31 00:00:00,1,0,2024-07-20 14:58:19,0,2024-07-20 14:58:19,,,
2023-10,菲律宾,6.00,-70.25,177.40,1.80,65.10,118,2023-10-31 00:00:00,1,0,2024-07-20 14:58:19,0,2024-07-20 14:58:19,,,
2023-10,韩国,6995.00,-67.22,97114.30,1672.10,20461.30,119,2023-10-31 00:00:00,1,0,2024-07-20 14:58:19,0,2024-07-20 14:58:19,,,
2023-10,马来西亚,11064.00,7179.23,47605.90,1826.40,9509.70,120,2023-10-31 00:00:00,1,0,2024-07-20 14:58:19,0,2024-07-20 14:58:19,,,
2023-10,孟加拉国,250.00,-25.67,651.40,58.10,116.60,121,2023-10-31 00:00:00,1,0,2024-07-20 14:58:22,0,2024-07-20 14:58:22,,,
2023-10,缅甸,549.20,45.76,1589.20,71.00,191.40,122,2023-10-31 00:00:00,1,0,2024-07-20 14:58:22,0,2024-07-20 14:58:22,,,
2023-10,日本,17182.50,-61.02,345355.10,8192.70,121064.50,123,2023-10-31 00:00:00,1,0,2024-07-20 14:58:22,0,2024-07-20 14:58:22,,,
2023-10,台湾省,60.00,200.00,140.00,20.50,55.10,124,2023-10-31 00:00:00,1,0,2024-07-20 14:58:22,0,2024-07-20 14:58:22,,,
2023-10,泰国,21.00,63.74,458.00,8.50,179.80,125,2023-10-31 00:00:00,1,0,2024-07-20 14:58:22,0,2024-07-20 14:58:22,,,
2023-10,特立尼达和多巴哥,34.30,100.00,34.30,7.10,7.10,126,2023-10-31 00:00:00,1,0,2024-07-20 14:58:22,0,2024-07-20 14:58:22,,,
2023-10,香港,2.00,-97.52,88.40,1.50,39.00,127,2023-10-31 00:00:00,1,0,2024-07-20 14:58:22,0,2024-07-20 14:58:22,,,
2023-10,伊拉克,52.00,108.00,227.00,46.40,104.60,128,2023-10-31 00:00:00,1,0,2024-07-20 14:58:22,0,2024-07-20 14:58:22,,,
2023-10,以色列,5.00,-98.81,2105.00,1.50,760.20,129,2023-10-31 00:00:00,1,0,2024-07-20 14:58:22,0,2024-07-20 14:58:22,,,
2023-10,意大利,270.00,350.00,330.00,78.30,102.30,130,2023-10-31 00:00:00,1,0,2024-07-20 14:58:22,0,2024-07-20 14:58:22,,,
2023-10,印度,6.00,-90.00,66.00,2.40,17.50,131,2023-10-31 00:00:00,1,0,2024-07-20 14:58:22,0,2024-07-20 14:58:22,,,
2023-10,印尼,136962.00,76.89,1398450.70,29907.10,394410.20,132,2023-10-31 00:00:00,1,0,2024-07-20 14:58:22,0,2024-07-20 14:58:22,,,
2023-10,越南,141.50,34.97,317.20,26.10,99.60,133,2023-10-31 00:00:00,1,0,2024-07-20 14:58:22,0,2024-07-20 14:58:22,,,
2023-09,玻利维亚,1.10,-43.75,1.10,0.60,0.60,134,2023-09-30 00:00:00,1,0,2024-07-20 14:58:22,0,2024-07-20 14:58:22,,,
2023-09,菲律宾,20.00,-50.00,171.40,9.00,63.30,135,2023-09-30 00:00:00,1,0,2024-07-20 14:58:22,0,2024-07-20 14:58:22,,,
2023-09,韩国,21341.70,9.88,90119.30,4850.20,18789.20,136,2023-09-30 00:00:00,1,0,2024-07-20 14:58:22,0,2024-07-20 14:58:22,,,
2023-09,马来西亚,152.00,817.84,36541.90,71.40,7683.30,137,2023-09-30 00:00:00,1,0,2024-07-20 14:58:22,0,2024-07-20 14:58:22,,,
2023-09,缅甸,376.80,134.89,1040.10,49.30,120.40,138,2023-09-30 00:00:00,1,0,2024-07-20 14:58:22,0,2024-07-20 14:58:22,,,
2023-09,日本,44085.90,33.59,328172.60,13021.70,112871.80,139,2023-09-30 00:00:00,1,0,2024-07-20 14:58:22,0,2024-07-20 14:58:22,,,
2023-09,泰国,12.80,-82.22,437.00,1.70,171.30,140,2023-09-30 00:00:00,1,0,2024-07-20 14:58:22,0,2024-07-20 14:58:22,,,
2023-09,伊拉克,25.00,-51.92,175.00,6.40,58.20,141,2023-09-30 00:00:00,1,0,2024-07-20 14:58:22,0,2024-07-20 14:58:22,,,
2023-09,以色列,420.00,0.00,2100.00,148.50,758.70,142,2023-09-30 00:00:00,1,0,2024-07-20 14:58:22,0,2024-07-20 14:58:22,,,
2023-09,印尼,77426.20,-48.97,1261488.70,15370.70,364503.10,143,2023-09-30 00:00:00,1,0,2024-07-20 14:58:22,0,2024-07-20 14:58:22,,,
2023-08,阿根廷,26.60,-69.77,142.60,8.60,69.90,144,2023-08-31 00:00:00,1,0,2024-07-20 14:58:22,0,2024-07-20 14:58:22,,,
2023-08,阿曼,52.00,-34.59,656.50,28.80,368.80,145,2023-08-31 00:00:00,1,0,2024-07-20 14:58:22,0,2024-07-20 14:58:22,,,
2023-08,比利时,33000.00,68650.00,44048.00,6421.40,9449.80,146,2023-08-31 00:00:00,1,0,2024-07-20 14:58:22,0,2024-07-20 14:58:22,,,
2023-08,多米尼加,36.80,1572.73,39.00,10.60,11.60,147,2023-08-31 00:00:00,1,0,2024-07-20 14:58:22,0,2024-07-20 14:58:22,,,
2023-08,菲律宾,40.00,19.40,151.40,15.40,54.30,148,2023-08-31 00:00:00,1,0,2024-07-20 14:58:22,0,2024-07-20 14:58:22,,,
2023-08,韩国,19422.20,73.80,68777.60,3451.00,13938.90,149,2023-08-31 00:00:00,1,0,2024-07-20 14:58:22,0,2024-07-20 14:58:22,,,
2023-08,马来西亚,16.60,-80.17,36389.90,6.40,7611.90,150,2023-08-31 00:00:00,1,0,2024-07-20 14:58:22,0,2024-07-20 14:58:22,,,
2023-08,马里,8.80,100.00,8.80,4.70,4.70,151,2023-08-31 00:00:00,1,0,2024-07-20 14:58:25,0,2024-07-20 14:58:25,,,
2023-08,孟加拉国,336.40,740.88,401.40,37.70,58.60,152,2023-08-31 00:00:00,1,0,2024-07-20 14:58:25,0,2024-07-20 14:58:25,,,
2023-08,南非,10478.00,100.00,10478.00,1898.20,1898.20,153,2023-08-31 00:00:00,1,0,2024-07-20 14:58:25,0,2024-07-20 14:58:25,,,
2023-08,日本,33000.00,143.54,284086.70,9966.00,99850.10,154,2023-08-31 00:00:00,1,0,2024-07-20 14:58:25,0,2024-07-20 14:58:25,,,
2023-08,沙特阿拉伯,98.00,-51.00,671.00,32.10,248.30,155,2023-08-31 00:00:00,1,0,2024-07-20 14:58:25,0,2024-07-20 14:58:25,,,
2023-08,斯里兰卡,11.00,-56.06,36.00,4.80,9.30,156,2023-08-31 00:00:00,1,0,2024-07-20 14:58:25,0,2024-07-20 14:58:25,,,
2023-08,泰国,72.20,260.75,424.20,26.20,169.60,157,2023-08-31 00:00:00,1,0,2024-07-20 14:58:25,0,2024-07-20 14:58:25,,,
2023-08,西班牙,24.00,500.00,24.00,8.30,8.30,158,2023-08-31 00:00:00,1,0,2024-07-20 14:58:25,0,2024-07-20 14:58:25,,,
2023-08,新加坡,25.00,108.34,37.00,12.50,17.20,159,2023-08-31 00:00:00,1,0,2024-07-20 14:58:25,0,2024-07-20 14:58:25,,,
2023-08,印尼,151720.00,222.24,1184062.50,31600.30,349132.40,160,2023-08-31 00:00:00,1,0,2024-07-20 14:58:25,0,2024-07-20 14:58:25,,,
2023-08,越南,104.80,110.10,175.70,19.70,73.50,161,2023-08-31 00:00:00,1,0,2024-07-20 14:58:25,0,2024-07-20 14:58:25,,,
2023-07,阿曼,79.50,-25.35,604.50,42.60,340.00,162,2023-07-31 00:00:00,1,0,2024-07-20 14:58:25,0,2024-07-20 14:58:25,,,
2023-07,菲律宾,33.50,80.11,111.40,10.20,39.00,163,2023-07-31 00:00:00,1,0,2024-07-20 14:58:25,0,2024-07-20 14:58:25,,,
2023-07,韩国,11175.10,-47.94,49355.40,1933.70,10487.90,164,2023-07-31 00:00:00,1,0,2024-07-20 14:58:25,0,2024-07-20 14:58:25,,,
2023-07,卡塔尔,15.80,-88.75,161.90,7.20,91.20,165,2023-07-31 00:00:00,1,0,2024-07-20 14:58:25,0,2024-07-20 14:58:25,,,
2023-07,马达加斯加,36.20,1708.00,36.20,23.10,23.10,166,2023-07-31 00:00:00,1,0,2024-07-20 14:58:25,0,2024-07-20 14:58:25,,,
2023-07,马来西亚,83.50,-99.48,36373.30,34.20,7605.50,167,2023-07-31 00:00:00,1,0,2024-07-20 14:58:25,0,2024-07-20 14:58:25,,,
2023-07,孟加拉国,40.00,60.00,65.00,9.50,20.90,168,2023-07-31 00:00:00,1,0,2024-07-20 14:58:25,0,2024-07-20 14:58:25,,,
2023-07,缅甸,160.40,152.20,663.30,16.60,71.10,169,2023-07-31 00:00:00,1,0,2024-07-20 14:58:25,0,2024-07-20 14:58:25,,,
2023-07,日本,13550.00,-76.72,251086.70,4108.60,89884.10,170,2023-07-31 00:00:00,1,0,2024-07-20 14:58:25,0,2024-07-20 14:58:25,,,
2023-07,沙特阿拉伯,200.00,2400.00,573.00,58.70,216.10,171,2023-07-31 00:00:00,1,0,2024-07-20 14:58:25,0,2024-07-20 14:58:25,,,
2023-07,泰国,20.00,-83.62,352.00,10.80,143.40,172,2023-07-31 00:00:00,1,0,2024-07-20 14:58:25,0,2024-07-20 14:58:25,,,
2023-07,委内瑞拉,26.90,-28.64,26.90,7.00,7.00,173,2023-07-31 00:00:00,1,0,2024-07-20 14:58:25,0,2024-07-20 14:58:25,,,
2023-07,新加坡,12.00,119900.00,12.00,4.70,4.70,174,2023-07-31 00:00:00,1,0,2024-07-20 14:58:25,0,2024-07-20 14:58:25,,,
2023-07,伊拉克,52.00,-17.46,150.00,11.70,51.80,175,2023-07-31 00:00:00,1,0,2024-07-20 14:58:25,0,2024-07-20 14:58:25,,,
2023-07,以色列,420.00,0.00,1680.00,150.40,610.20,176,2023-07-31 00:00:00,1,0,2024-07-20 14:58:25,0,2024-07-20 14:58:25,,,
2023-07,印尼,47082.80,-76.80,1032342.50,10441.60,317532.10,177,2023-07-31 00:00:00,1,0,2024-07-20 14:58:25,0,2024-07-20 14:58:25,,,
2023-07,英国,20000.00,4.53,39134.00,3120.00,6277.10,178,2023-07-31 00:00:00,1,0,2024-07-20 14:58:25,0,2024-07-20 14:58:25,,,
2023-06,阿曼,106.50,-31.73,525.00,56.70,297.40,179,2023-06-30 00:00:00,1,0,2024-07-20 14:58:25,0,2024-07-20 14:58:25,,,
2023-06,巴基斯坦,12.00,500.00,12.00,4.00,4.00,180,2023-06-30 00:00:00,1,0,2024-07-20 14:58:25,0,2024-07-20 14:58:25,,,
2023-06,巴拉圭,6.00,100.00,6.00,9.80,9.80,181,2023-06-30 00:00:00,1,0,2024-07-20 14:58:28,0,2024-07-20 14:58:28,,,
2023-06,比利时,48.00,-99.56,11048.00,17.80,3028.40,182,2023-06-30 00:00:00,1,0,2024-07-20 14:58:28,0,2024-07-20 14:58:28,,,
2023-06,菲律宾,18.60,-36.79,77.90,6.30,28.80,183,2023-06-30 00:00:00,1,0,2024-07-20 14:58:28,0,2024-07-20 14:58:28,,,
2023-06,韩国,21466.70,66.26,38180.30,4731.30,8554.20,184,2023-06-30 00:00:00,1,0,2024-07-20 14:58:28,0,2024-07-20 14:58:28,,,
2023-06,卡塔尔,140.00,2176.42,146.20,79.80,83.90,185,2023-06-30 00:00:00,1,0,2024-07-20 14:58:28,0,2024-07-20 14:58:28,,,
2023-06,马来西亚,16107.80,80438.90,36289.80,2719.10,7571.30,186,2023-06-30 00:00:00,1,0,2024-07-20 14:58:28,0,2024-07-20 14:58:28,,,
2023-06,缅甸,63.60,-75.40,502.90,6.70,54.50,187,2023-06-30 00:00:00,1,0,2024-07-20 14:58:28,0,2024-07-20 14:58:28,,,
2023-06,日本,58214.70,331.22,237536.70,19577.90,85775.60,188,2023-06-30 00:00:00,1,0,2024-07-20 14:58:28,0,2024-07-20 14:58:28,,,
2023-06,沙特阿拉伯,8.00,-95.51,373.00,3.20,157.40,189,2023-06-30 00:00:00,1,0,2024-07-20 14:58:28,0,2024-07-20 14:58:28,,,
2023-06,泰国,122.10,414.11,332.00,42.30,132.60,190,2023-06-30 00:00:00,1,0,2024-07-20 14:58:28,0,2024-07-20 14:58:28,,,
2023-06,香港,80.80,1342.86,86.40,34.80,37.50,191,2023-06-30 00:00:00,1,0,2024-07-20 14:58:28,0,2024-07-20 14:58:28,,,
2023-06,伊拉克,63.00,80.18,98.00,26.50,40.10,192,2023-06-30 00:00:00,1,0,2024-07-20 14:58:28,0,2024-07-20 14:58:28,,,
2023-06,以色列,420.00,-50.00,1260.00,150.40,459.80,193,2023-06-30 00:00:00,1,0,2024-07-20 14:58:28,0,2024-07-20 14:58:28,,,
2023-06,意大利,60.00,200.00,60.00,24.00,24.00,194,2023-06-30 00:00:00,1,0,2024-07-20 14:58:28,0,2024-07-20 14:58:28,,,
2023-06,印尼,202958.00,20.92,985259.70,50272.70,307090.50,195,2023-06-30 00:00:00,1,0,2024-07-20 14:58:28,0,2024-07-20 14:58:28,,,
2023-06,英国,19134.00,9566920.00,19134.00,3157.10,3157.10,196,2023-06-30 00:00:00,1,0,2024-07-20 14:58:28,0,2024-07-20 14:58:28,,,
2023-06,约旦,5.00,-97.50,205.00,2.60,102.20,197,2023-06-30 00:00:00,1,0,2024-07-20 14:58:28,0,2024-07-20 14:58:28,,,
2023-06,越南,49.90,137.62,70.90,34.90,53.80,198,2023-06-30 00:00:00,1,0,2024-07-20 14:58:28,0,2024-07-20 14:58:28,,,
2023-05,阿曼,156.00,-16.80,418.50,82.00,240.80,199,2023-05-31 00:00:00,1,0,2024-07-20 14:58:28,0,2024-07-20 14:58:28,,,
2023-05,韩国,12911.40,278.72,16713.70,2489.70,3822.80,200,2023-05-31 00:00:00,1,0,2024-07-20 14:58:28,0,2024-07-20 14:58:28,,,
2023-05,荷兰,4800.00,58.12,4800.00,1344.00,1344.00,201,2023-05-31 00:00:00,1,0,2024-07-20 14:58:28,0,2024-07-20 14:58:28,,,
2023-05,几内亚,4.50,100.00,4.50,0.60,0.60,202,2023-05-31 00:00:00,1,0,2024-07-20 14:58:28,0,2024-07-20 14:58:28,,,
2023-05,马来西亚,20.00,-99.80,20182.00,7.40,4852.10,203,2023-05-31 00:00:00,1,0,2024-07-20 14:58:28,0,2024-07-20 14:58:28,,,
2023-05,蒙古,20.00,-9.09,20.00,3.50,3.50,204,2023-05-31 00:00:00,1,0,2024-07-20 14:58:28,0,2024-07-20 14:58:28,,,
2023-05,孟加拉国,25.00,4.17,25.00,11.40,11.40,205,2023-05-31 00:00:00,1,0,2024-07-20 14:58:28,0,2024-07-20 14:58:28,,,
2023-05,缅甸,258.50,42.98,439.30,28.00,47.70,206,2023-05-31 00:00:00,1,0,2024-07-20 14:58:28,0,2024-07-20 14:58:28,,,
2023-05,日本,13500.00,-37.63,179322.00,4657.50,66197.70,207,2023-05-31 00:00:00,1,0,2024-07-20 14:58:28,0,2024-07-20 14:58:28,,,
2023-05,斯里兰卡,25.00,4900.00,25.00,4.50,4.50,208,2023-05-31 00:00:00,1,0,2024-07-20 14:58:28,0,2024-07-20 14:58:28,,,
2023-05,泰国,23.80,-50.62,209.90,10.00,90.30,209,2023-05-31 00:00:00,1,0,2024-07-20 14:58:28,0,2024-07-20 14:58:28,,,
2023-05,以色列,840.00,46566.67,840.00,309.50,309.50,210,2023-05-31 00:00:00,1,0,2024-07-20 14:58:28,0,2024-07-20 14:58:28,,,
2023-05,印尼,167841.00,12.73,782301.70,46974.90,256817.80,211,2023-05-31 00:00:00,1,0,2024-07-20 14:58:32,0,2024-07-20 14:58:32,,,
2023-04,阿尔及利亚,140.00,75.00,140.00,77.30,77.30,212,2023-04-30 00:00:00,1,0,2024-07-20 14:58:32,0,2024-07-20 14:58:32,,,
2023-04,多米尼加,2.20,10.00,2.20,1.10,1.10,213,2023-04-30 00:00:00,1,0,2024-07-20 14:58:32,0,2024-07-20 14:58:32,,,
2023-04,菲律宾,29.40,-1.59,59.30,9.20,22.50,214,2023-04-30 00:00:00,1,0,2024-07-20 14:58:32,0,2024-07-20 14:58:32,,,
2023-04,韩国,3409.30,917.69,3802.30,1168.20,1333.10,215,2023-04-30 00:00:00,1,0,2024-07-20 14:58:32,0,2024-07-20 14:58:32,,,
2023-04,卡塔尔,6.20,146.00,6.20,4.10,4.10,216,2023-04-30 00:00:00,1,0,2024-07-20 14:58:32,0,2024-07-20 14:58:32,,,
2023-04,科威特,5.20,77.78,5.20,1.10,1.10,217,2023-04-30 00:00:00,1,0,2024-07-20 14:58:32,0,2024-07-20 14:58:32,,,
2023-04,老挝,4.00,-93.93,4.00,1.80,1.80,218,2023-04-30 00:00:00,1,0,2024-07-20 14:58:32,0,2024-07-20 14:58:32,,,
2023-04,马来西亚,10070.00,25075.09,20162.00,2460.10,4844.80,219,2023-04-30 00:00:00,1,0,2024-07-20 14:58:32,0,2024-07-20 14:58:32,,,
2023-04,缅甸,180.80,288.50,180.80,19.70,19.70,220,2023-04-30 00:00:00,1,0,2024-07-20 14:58:32,0,2024-07-20 14:58:32,,,
2023-04,日本,21646.60,20.02,165822.00,7513.60,61540.20,221,2023-04-30 00:00:00,1,0,2024-07-20 14:58:32,0,2024-07-20 14:58:32,,,
2023-04,台湾省,20.00,-66.67,80.00,8.80,34.70,222,2023-04-30 00:00:00,1,0,2024-07-20 14:58:32,0,2024-07-20 14:58:32,,,
2023-04,泰国,48.10,-57.81,186.20,20.20,80.40,223,2023-04-30 00:00:00,1,0,2024-07-20 14:58:32,0,2024-07-20 14:58:32,,,
2023-04,新加坡,0.00,-99.97,0.00,0.00,0.00,224,2023-04-30 00:00:00,1,0,2024-07-20 14:58:32,0,2024-07-20 14:58:32,,,
2023-04,印尼,148887.00,-13.39,614460.70,45217.60,209842.90,225,2023-04-30 00:00:00,1,0,2024-07-20 14:58:32,0,2024-07-20 14:58:32,,,
2023-04,越南,21.00,699900.00,21.00,18.90,18.90,226,2023-04-30 00:00:00,1,0,2024-07-20 14:58:32,0,2024-07-20 14:58:32,,,
2023-03,阿根廷,88.00,214.29,116.00,38.40,61.30,227,2023-03-31 00:00:00,1,0,2024-07-20 14:58:32,0,2024-07-20 14:58:32,,,
2023-03,阿曼,187.50,150.00,262.50,112.80,158.80,228,2023-03-31 00:00:00,1,0,2024-07-20 14:58:32,0,2024-07-20 14:58:32,,,
2023-03,比利时,11000.00,16566.67,11000.00,3010.60,3010.60,229,2023-03-31 00:00:00,1,0,2024-07-20 14:58:32,0,2024-07-20 14:58:32,,,
2023-03,韩国,335.00,1422.73,393.00,141.40,164.90,230,2023-03-31 00:00:00,1,0,2024-07-20 14:58:32,0,2024-07-20 14:58:32,,,
2023-03,马来西亚,40.00,-99.60,10092.00,15.80,2384.60,231,2023-03-31 00:00:00,1,0,2024-07-20 14:58:32,0,2024-07-20 14:58:32,,,
2023-03,日本,18035.20,-16.27,144175.40,6063.30,54026.60,232,2023-03-31 00:00:00,1,0,2024-07-20 14:58:32,0,2024-07-20 14:58:32,,,
2023-03,沙特阿拉伯,178.00,-4.81,365.00,78.80,154.30,233,2023-03-31 00:00:00,1,0,2024-07-20 14:58:32,0,2024-07-20 14:58:32,,,
2023-03,苏丹,56.00,337.34,56.00,140.30,140.30,234,2023-03-31 00:00:00,1,0,2024-07-20 14:58:32,0,2024-07-20 14:58:32,,,
2023-03,台湾省,60.00,-81.82,60.00,25.80,25.80,235,2023-03-31 00:00:00,1,0,2024-07-20 14:58:32,0,2024-07-20 14:58:32,,,
2023-03,泰国,114.00,374.01,138.10,49.80,60.20,236,2023-03-31 00:00:00,1,0,2024-07-20 14:58:32,0,2024-07-20 14:58:32,,,
2023-03,坦桑尼亚,1.00,1076.47,1.00,0.60,0.60,237,2023-03-31 00:00:00,1,0,2024-07-20 14:58:32,0,2024-07-20 14:58:32,,,
2023-03,香港,5.60,-96.88,5.60,2.70,2.70,238,2023-03-31 00:00:00,1,0,2024-07-20 14:58:32,0,2024-07-20 14:58:32,,,
2023-03,伊拉克,35.00,206.71,35.00,13.60,13.60,239,2023-03-31 00:00:00,1,0,2024-07-20 14:58:32,0,2024-07-20 14:58:32,,,
2023-03,印尼,171915.00,95.35,465573.70,60228.00,164625.30,240,2023-03-31 00:00:00,1,0,2024-07-20 14:58:32,0,2024-07-20 14:58:32,,,
2023-03,约旦,200.00,907.56,200.00,99.60,99.60,241,2023-03-31 00:00:00,1,0,2024-07-20 14:58:34,0,2024-07-20 14:58:34,,,
2023-03,智利,90.00,-43.75,250.00,36.80,106.00,242,2023-03-31 00:00:00,1,0,2024-07-20 14:58:34,0,2024-07-20 14:58:34,,,
2023-02,阿根廷,28.00,-36.36,28.00,22.90,22.90,243,2023-02-28 00:00:00,1,0,2024-07-20 14:58:34,0,2024-07-20 14:58:34,,,
2023-02,阿曼,75.00,42.86,75.00,46.00,46.00,244,2023-02-28 00:00:00,1,0,2024-07-20 14:58:34,0,2024-07-20 14:58:34,,,
2023-02,韩国,22.00,-38.89,58.00,10.10,23.60,245,2023-02-28 00:00:00,1,0,2024-07-20 14:58:34,0,2024-07-20 14:58:34,,,
2023-02,马来西亚,10032.00,50060.00,10052.00,2361.50,2368.90,246,2023-02-28 00:00:00,1,0,2024-07-20 14:58:34,0,2024-07-20 14:58:34,,,
2023-02,美国,1.50,-92.06,1.50,3.60,3.60,247,2023-02-28 00:00:00,1,0,2024-07-20 14:58:34,0,2024-07-20 14:58:34,,,
2023-02,日本,21538.80,-79.41,126140.20,7291.40,47963.30,248,2023-02-28 00:00:00,1,0,2024-07-20 14:58:34,0,2024-07-20 14:58:34,,,
2023-02,泰国,24.10,139.64,24.10,10.40,10.40,249,2023-02-28 00:00:00,1,0,2024-07-20 14:58:34,0,2024-07-20 14:58:34,,,
2023-02,印尼,88001.80,-57.21,293658.70,33588.00,104397.30,250,2023-02-28 00:00:00,1,0,2024-07-20 14:58:34,0,2024-07-20 14:58:34,,,
2023-02,乍得,5.60,354.53,5.60,5.10,5.10,251,2023-02-28 00:00:00,1,0,2024-07-20 14:58:34,0,2024-07-20 14:58:34,,,
2023-01,阿拉伯联合酋长国,20.00,-98.66,20.00,7.90,7.90,252,2023-01-31 00:00:00,1,0,2024-07-20 14:58:34,0,2024-07-20 14:58:34,,,
2023-01,菲律宾,29.90,2890.00,29.90,13.30,13.30,253,2023-01-31 00:00:00,1,0,2024-07-20 14:58:34,0,2024-07-20 14:58:34,,,
2023-01,哥斯达黎加,2.40,100.00,2.40,0.20,0.20,254,2023-01-31 00:00:00,1,0,2024-07-20 14:58:34,0,2024-07-20 14:58:34,,,
2023-01,韩国,36.00,-99.29,36.00,13.50,13.50,255,2023-01-31 00:00:00,1,0,2024-07-20 14:58:34,0,2024-07-20 14:58:34,,,
2023-01,马来西亚,20.00,472.41,20.00,7.40,7.40,256,2023-01-31 00:00:00,1,0,2024-07-20 14:58:34,0,2024-07-20 14:58:34,,,
2023-01,日本,104601.40,1022.94,104601.40,40671.80,40671.80,257,2023-01-31 00:00:00,1,0,2024-07-20 14:58:34,0,2024-07-20 14:58:34,,,
2023-01,沙特阿拉伯,187.00,750.00,187.00,75.50,75.50,258,2023-01-31 00:00:00,1,0,2024-07-20 14:58:34,0,2024-07-20 14:58:34,,,
2023-01,印度,60.00,-81.04,60.00,15.10,15.10,259,2023-01-31 00:00:00,1,0,2024-07-20 14:58:34,0,2024-07-20 14:58:34,,,
2023-01,印尼,205656.90,440.50,205656.90,70809.30,70809.30,260,2023-01-31 00:00:00,1,0,2024-07-20 14:58:34,0,2024-07-20 14:58:34,,,
2023-01,智利,160.00,253.59,160.00,69.20,69.20,261,2023-01-31 00:00:00,1,0,2024-07-20 14:58:34,0,2024-07-20 14:58:34,,,
2022-12,韩国,5096.30,1974.20,157420.60,19611.60,68979.60,262,2022-12-31 00:00:00,1,0,2024-07-20 14:58:34,0,2024-07-20 14:58:34,,,
2022-12,马来西亚,3.50,-97.57,74104.50,14.00,17605.70,263,2022-12-31 00:00:00,1,0,2024-07-20 14:58:34,0,2024-07-20 14:58:34,,,
2022-12,缅甸,46.50,-87.20,597.90,200.00,262.80,264,2022-12-31 00:00:00,1,0,2024-07-20 14:58:34,0,2024-07-20 14:58:34,,,
2022-12,日本,9315.00,-38.04,279778.70,27000.00,121184.60,265,2022-12-31 00:00:00,1,0,2024-07-20 14:58:34,0,2024-07-20 14:58:34,,,
2022-12,泰国,10.00,-58.27,1525.70,24.10,848.80,266,2022-12-31 00:00:00,1,0,2024-07-20 14:58:34,0,2024-07-20 14:58:34,,,
2022-12,伊拉克,11.40,-71.50,66.40,48.00,128.70,267,2022-12-31 00:00:00,1,0,2024-07-20 14:58:34,0,2024-07-20 14:58:34,,,
2022-12,印尼,38049.70,-53.95,1309804.30,117136.00,553880.30,268,2022-12-31 00:00:00,1,0,2024-07-20 14:58:34,0,2024-07-20 14:58:34,,,
2022-11,阿曼,52.50,-86.36,647.50,30.10,345.90,269,2022-11-30 00:00:00,1,0,2024-07-20 14:58:34,0,2024-07-20 14:58:34,,,
2022-11,韩国,245.70,-59.46,152324.30,100.60,49368.10,270,2022-11-30 00:00:00,1,0,2024-07-20 14:58:34,0,2024-07-20 14:58:34,,,
2022-11,科特迪瓦,220.00,10.00,420.00,89.00,170.00,271,2022-11-30 00:00:00,1,0,2024-07-20 14:58:38,0,2024-07-20 14:58:38,,,
2022-11,马来西亚,143.90,-98.71,74101.00,50.70,17591.70,272,2022-11-30 00:00:00,1,0,2024-07-20 14:58:38,0,2024-07-20 14:58:38,,,
2022-11,缅甸,363.60,98.69,551.40,38.00,62.80,273,2022-11-30 00:00:00,1,0,2024-07-20 14:58:38,0,2024-07-20 14:58:38,,,
2022-11,日本,15033.20,-44.39,270463.70,7148.70,94184.60,274,2022-11-30 00:00:00,1,0,2024-07-20 14:58:38,0,2024-07-20 14:58:38,,,
2022-11,沙特阿拉伯,22.00,-78.00,922.00,8.90,384.60,275,2022-11-30 00:00:00,1,0,2024-07-20 14:58:38,0,2024-07-20 14:58:38,,,
2022-11,台湾省,330.10,205.66,1137.90,308.70,625.30,276,2022-11-30 00:00:00,1,0,2024-07-20 14:58:38,0,2024-07-20 14:58:38,,,
2022-11,泰国,24.10,-97.62,1515.70,10.00,824.70,277,2022-11-30 00:00:00,1,0,2024-07-20 14:58:38,0,2024-07-20 14:58:38,,,
2022-11,土耳其,13705.00,72031.58,13705.00,3679.50,3679.50,278,2022-11-30 00:00:00,1,0,2024-07-20 14:58:38,0,2024-07-20 14:58:38,,,
2022-11,伊拉克,40.00,166.67,55.00,59.80,80.70,279,2022-11-30 00:00:00,1,0,2024-07-20 14:58:38,0,2024-07-20 14:58:38,,,
2022-11,印尼,82622.00,-45.32,1271754.60,27436.50,436744.30,280,2022-11-30 00:00:00,1,0,2024-07-20 14:58:38,0,2024-07-20 14:58:38,,,
2022-10,阿根廷,44.00,83.33,68.00,19.20,27.00,281,2022-10-31 00:00:00,1,0,2024-07-20 14:58:38,0,2024-07-20 14:58:38,,,
2022-10,菲律宾,1.00,-98.00,299.30,0.50,155.20,282,2022-10-31 00:00:00,1,0,2024-07-20 14:58:38,0,2024-07-20 14:58:38,,,
2022-10,韩国,606.00,-90.61,152078.60,235.10,49267.50,283,2022-10-31 00:00:00,1,0,2024-07-20 14:58:38,0,2024-07-20 14:58:38,,,
2022-10,科特迪瓦,200.00,100.00,200.00,81.00,81.00,284,2022-10-31 00:00:00,1,0,2024-07-20 14:58:38,0,2024-07-20 14:58:38,,,
2022-10,马来西亚,11152.60,8.03,73957.00,2330.30,17541.00,285,2022-10-31 00:00:00,1,0,2024-07-20 14:58:38,0,2024-07-20 14:58:38,,,
2022-10,日本,27033.30,229.67,255430.50,10820.00,87035.80,286,2022-10-31 00:00:00,1,0,2024-07-20 14:58:38,0,2024-07-20 14:58:38,,,
2022-10,沙特阿拉伯,100.00,-75.00,900.00,47.90,375.70,287,2022-10-31 00:00:00,1,0,2024-07-20 14:58:38,0,2024-07-20 14:58:38,,,
2022-10,台湾省,108.00,80.00,807.80,38.80,316.60,288,2022-10-31 00:00:00,1,0,2024-07-20 14:58:38,0,2024-07-20 14:58:38,,,
2022-10,印尼,151100.00,40.24,1189132.60,46164.00,409307.80,289,2022-10-31 00:00:00,1,0,2024-07-20 14:58:38,0,2024-07-20 14:58:38,,,
2022-09,澳门,0.30,100.00,0.30,0.20,0.20,290,2022-09-30 00:00:00,1,0,2024-07-20 14:58:38,0,2024-07-20 14:58:38,,,
2022-09,菲律宾,50.00,148.96,298.30,16.30,154.70,291,2022-09-30 00:00:00,1,0,2024-07-20 14:58:38,0,2024-07-20 14:58:38,,,
2022-09,韩国,6456.80,68.66,151472.60,2400.40,49032.40,292,2022-09-30 00:00:00,1,0,2024-07-20 14:58:38,0,2024-07-20 14:58:38,,,
2022-09,马来西亚,10324.00,0.82,62804.50,2366.70,15210.80,293,2022-09-30 00:00:00,1,0,2024-07-20 14:58:38,0,2024-07-20 14:58:38,,,
2022-09,毛里塔尼亚,28.00,-6.70,58.00,62.10,126.00,294,2022-09-30 00:00:00,1,0,2024-07-20 14:58:38,0,2024-07-20 14:58:38,,,
2022-09,缅甸,183.00,3712.50,187.80,19.90,24.80,295,2022-09-30 00:00:00,1,0,2024-07-20 14:58:38,0,2024-07-20 14:58:38,,,
2022-09,日本,8200.00,-76.33,228397.20,4059.00,76215.80,296,2022-09-30 00:00:00,1,0,2024-07-20 14:58:38,0,2024-07-20 14:58:38,,,
2022-09,瑞典,76670.00,100.00,76670.00,24805.70,24805.70,297,2022-09-30 00:00:00,1,0,2024-07-20 14:58:38,0,2024-07-20 14:58:38,,,
2022-09,台湾省,60.00,0.00,699.80,25.70,277.80,298,2022-09-30 00:00:00,1,0,2024-07-20 14:58:38,0,2024-07-20 14:58:38,,,
2022-09,印尼,107744.00,-15.32,1038032.60,32376.20,363143.80,299,2022-09-30 00:00:00,1,0,2024-07-20 14:58:38,0,2024-07-20 14:58:38,,,
2022-08,巴基斯坦,2.00,-92.00,127.00,0.50,49.90,300,2022-08-31 00:00:00,1,0,2024-07-20 14:58:38,0,2024-07-20 14:58:38,,,
2022-08,菲律宾,20.10,56.12,248.30,10.30,138.40,301,2022-08-31 00:00:00,1,0,2024-07-20 14:58:42,0,2024-07-20 14:58:42,,,
2022-08,韩国,3828.30,-8.02,145015.80,1456.30,46631.90,302,2022-08-31 00:00:00,1,0,2024-07-20 14:58:42,0,2024-07-20 14:58:42,,,
2022-08,荷兰,3035.70,-65.12,3035.70,1335.70,1335.70,303,2022-08-31 00:00:00,1,0,2024-07-20 14:58:42,0,2024-07-20 14:58:42,,,
2022-08,马来西亚,10240.00,-66.07,52480.50,1900.30,12844.10,304,2022-08-31 00:00:00,1,0,2024-07-20 14:58:42,0,2024-07-20 14:58:42,,,
2022-08,日本,34648.70,104263.40,220197.20,13950.10,72156.80,305,2022-08-31 00:00:00,1,0,2024-07-20 14:58:42,0,2024-07-20 14:58:42,,,
2022-08,台湾省,60.00,-72.88,639.80,25.00,252.10,306,2022-08-31 00:00:00,1,0,2024-07-20 14:58:42,0,2024-07-20 14:58:42,,,
2022-08,伊拉克,15.00,-74.04,15.00,20.90,20.90,307,2022-08-31 00:00:00,1,0,2024-07-20 14:58:42,0,2024-07-20 14:58:42,,,
2022-08,印尼,127237.00,189.18,930288.60,41096.10,330767.60,308,2022-08-31 00:00:00,1,0,2024-07-20 14:58:42,0,2024-07-20 14:58:42,,,
2022-07,巴基斯坦,25.00,-75.00,125.00,10.30,49.30,309,2022-07-31 00:00:00,1,0,2024-07-20 14:58:42,0,2024-07-20 14:58:42,,,
2022-07,菲律宾,12.90,-41.48,228.20,6.60,128.10,310,2022-07-31 00:00:00,1,0,2024-07-20 14:58:42,0,2024-07-20 14:58:42,,,
2022-07,韩国,4162.00,-90.95,141187.50,1764.30,45175.60,311,2022-07-31 00:00:00,1,0,2024-07-20 14:58:42,0,2024-07-20 14:58:42,,,
2022-07,马来西亚,30181.00,153.49,42240.50,6915.70,10943.80,312,2022-07-31 00:00:00,1,0,2024-07-20 14:58:42,0,2024-07-20 14:58:42,,,
2022-07,毛里塔尼亚,30.00,100.00,30.00,63.90,63.90,313,2022-07-31 00:00:00,1,0,2024-07-20 14:58:42,0,2024-07-20 14:58:42,,,
2022-07,日本,33.20,-99.89,185548.50,19.70,58206.70,314,2022-07-31 00:00:00,1,0,2024-07-20 14:58:42,0,2024-07-20 14:58:42,,,
2022-07,台湾省,221.20,482.18,579.80,93.40,227.10,315,2022-07-31 00:00:00,1,0,2024-07-20 14:58:42,0,2024-07-20 14:58:42,,,
2022-07,泰国,1011.30,1301.62,1491.60,371.80,814.70,316,2022-07-31 00:00:00,1,0,2024-07-20 14:58:42,0,2024-07-20 14:58:42,,,
2022-07,印尼,44000.00,-75.44,803051.60,17175.30,289671.50,317,2022-07-31 00:00:00,1,0,2024-07-20 14:58:42,0,2024-07-20 14:58:42,,,
2022-06,阿根廷,24.00,135.29,24.00,7.80,7.80,318,2022-06-30 00:00:00,1,0,2024-07-20 14:58:42,0,2024-07-20 14:58:42,,,
2022-06,阿曼,385.00,450.00,595.00,203.80,315.80,319,2022-06-30 00:00:00,1,0,2024-07-20 14:58:42,0,2024-07-20 14:58:42,,,
2022-06,巴基斯坦,100.00,-90.00,100.00,39.00,39.00,320,2022-06-30 00:00:00,1,0,2024-07-20 14:58:42,0,2024-07-20 14:58:42,,,
2022-06,菲律宾,22.00,-56.00,215.30,8.80,121.50,321,2022-06-30 00:00:00,1,0,2024-07-20 14:58:42,0,2024-07-20 14:58:42,,,
2022-06,韩国,46011.00,-21.74,137025.50,17141.10,43411.40,322,2022-06-30 00:00:00,1,0,2024-07-20 14:58:42,0,2024-07-20 14:58:42,,,
2022-06,日本,31165.50,13.06,185515.30,12334.40,58186.90,323,2022-06-30 00:00:00,1,0,2024-07-20 14:58:42,0,2024-07-20 14:58:42,,,
2022-06,沙特阿拉伯,400.00,0.00,800.00,154.60,327.80,324,2022-06-30 00:00:00,1,0,2024-07-20 14:58:42,0,2024-07-20 14:58:42,,,
2022-06,台湾省,38.00,-82.83,358.50,13.70,133.70,325,2022-06-30 00:00:00,1,0,2024-07-20 14:58:42,0,2024-07-20 14:58:42,,,
2022-06,泰国,72.20,71.79,480.40,32.70,442.90,326,2022-06-30 00:00:00,1,0,2024-07-20 14:58:42,0,2024-07-20 14:58:42,,,
2022-06,香港,179.30,696.67,201.80,89.30,100.30,327,2022-06-30 00:00:00,1,0,2024-07-20 14:58:42,0,2024-07-20 14:58:42,,,
2022-06,印尼,179186.00,-15.52,759051.60,62448.90,272496.20,328,2022-06-30 00:00:00,1,0,2024-07-20 14:58:42,0,2024-07-20 14:58:42,,,
2022-05,阿曼,70.00,-50.00,210.00,42.60,112.00,329,2022-05-31 00:00:00,1,0,2024-07-20 14:58:42,0,2024-07-20 14:58:42,,,
2022-05,澳大利亚,20.00,-75.00,20.00,9.50,9.50,330,2022-05-31 00:00:00,1,0,2024-07-20 14:58:42,0,2024-07-20 14:58:42,,,
2022-05,菲律宾,50.00,1318.44,193.30,17.50,112.70,331,2022-05-31 00:00:00,1,0,2024-07-20 14:58:45,0,2024-07-20 14:58:45,,,
2022-05,韩国,58795.00,45301.54,91014.50,19288.10,26270.20,332,2022-05-31 00:00:00,1,0,2024-07-20 14:58:45,0,2024-07-20 14:58:45,,,
2022-05,马来西亚,11906.00,29665.00,12059.50,3929.00,4028.10,333,2022-05-31 00:00:00,1,0,2024-07-20 14:58:45,0,2024-07-20 14:58:45,,,
2022-05,孟加拉国,24.00,-88.00,24.00,9.20,9.20,334,2022-05-31 00:00:00,1,0,2024-07-20 14:58:45,0,2024-07-20 14:58:45,,,
2022-05,日本,27566.60,-58.23,154349.80,11040.50,45852.50,335,2022-05-31 00:00:00,1,0,2024-07-20 14:58:45,0,2024-07-20 14:58:45,,,
2022-05,沙特阿拉伯,400.00,19900.00,400.00,173.20,173.20,336,2022-05-31 00:00:00,1,0,2024-07-20 14:58:45,0,2024-07-20 14:58:45,,,
2022-05,泰国,42.00,-88.53,408.20,18.10,410.20,337,2022-05-31 00:00:00,1,0,2024-07-20 14:58:45,0,2024-07-20 14:58:45,,,
2022-05,印尼,212114.60,23.61,579865.60,77862.90,210047.30,338,2022-05-31 00:00:00,1,0,2024-07-20 14:58:45,0,2024-07-20 14:58:45,,,
2022-04,巴西,78890.00,100.00,78890.00,29944.30,29944.30,339,2022-04-30 00:00:00,1,0,2024-07-20 14:58:45,0,2024-07-20 14:58:45,,,
2022-04,菲律宾,3.50,-95.40,143.30,1.80,95.20,340,2022-04-30 00:00:00,1,0,2024-07-20 14:58:45,0,2024-07-20 14:58:45,,,
2022-04,韩国,129.50,-20.06,32219.50,53.80,6982.20,341,2022-04-30 00:00:00,1,0,2024-07-20 14:58:45,0,2024-07-20 14:58:45,,,
2022-04,马来西亚,40.00,-37.01,153.50,14.00,99.10,342,2022-04-30 00:00:00,1,0,2024-07-20 14:58:45,0,2024-07-20 14:58:45,,,
2022-04,印尼,171594.00,47.61,367751.00,63076.50,132184.40,343,2022-04-30 00:00:00,1,0,2024-07-20 14:58:45,0,2024-07-20 14:58:45,,,
2022-03,阿曼,140.00,-11.11,140.00,69.30,69.30,344,2022-03-31 00:00:00,1,0,2024-07-20 14:58:45,0,2024-07-20 14:58:45,,,
2022-03,菲律宾,76.70,21.47,139.80,61.30,93.40,345,2022-03-31 00:00:00,1,0,2024-07-20 14:58:45,0,2024-07-20 14:58:45,,,
2022-03,韩国,162.00,-99.49,32090.00,72.10,6928.40,346,2022-03-31 00:00:00,1,0,2024-07-20 14:58:45,0,2024-07-20 14:58:45,,,
2022-03,科威特,2.90,108.93,2.90,2.10,2.10,347,2022-03-31 00:00:00,1,0,2024-07-20 14:58:45,0,2024-07-20 14:58:45,,,
2022-03,马来西亚,63.50,27.13,113.50,25.20,85.10,348,2022-03-31 00:00:00,1,0,2024-07-20 14:58:45,0,2024-07-20 14:58:45,,,
2022-03,蒙古,22.00,-48.84,22.00,27.30,27.30,349,2022-03-31 00:00:00,1,0,2024-07-20 14:58:45,0,2024-07-20 14:58:45,,,
2022-03,泰国,366.20,661.33,366.20,392.20,392.20,350,2022-03-31 00:00:00,1,0,2024-07-20 14:58:45,0,2024-07-20 14:58:45,,,
2022-03,香港,22.50,-75.00,22.50,11.10,11.10,351,2022-03-31 00:00:00,1,0,2024-07-20 14:58:45,0,2024-07-20 14:58:45,,,
2022-03,印度,316.50,496.51,316.50,745.70,745.70,352,2022-03-31 00:00:00,1,0,2024-07-20 14:58:45,0,2024-07-20 14:58:45,,,
2022-02,韩国,31928.00,8038.67,31928.00,6856.30,6856.30,353,2022-02-28 00:00:00,1,0,2024-07-20 14:58:45,0,2024-07-20 14:58:45,,,
2022-02,缅甸,4.80,-98.27,4.80,4.90,4.90,354,2022-02-28 00:00:00,1,0,2024-07-20 14:58:45,0,2024-07-20 14:58:45,,,
2022-02,日本,66000.00,8.58,126783.20,18117.00,34812.00,355,2022-02-28 00:00:00,1,0,2024-07-20 14:58:45,0,2024-07-20 14:58:45,,,
2022-02,台湾省,221.40,123.30,320.50,81.90,120.00,356,2022-02-28 00:00:00,1,0,2024-07-20 14:58:45,0,2024-07-20 14:58:45,,,
2022-02,印尼,116250.00,45.48,196157.00,39931.50,69107.90,357,2022-02-28 00:00:00,1,0,2024-07-20 14:58:45,0,2024-07-20 14:58:45,,,
2022-01,菲律宾,63.10,152.48,63.10,32.10,32.10,358,2022-01-31 00:00:00,1,0,2024-07-20 14:58:45,0,2024-07-20 14:58:45,,,
2022-01,卡塔尔,2.50,-64.29,2.50,1.10,1.10,359,2022-01-31 00:00:00,1,0,2024-07-20 14:58:45,0,2024-07-20 14:58:45,,,
2022-01,马来西亚,50.00,149.75,50.00,60.00,60.00,360,2022-01-31 00:00:00,1,0,2024-07-20 14:58:45,0,2024-07-20 14:58:45,,,
2022-01,日本,60783.20,97.96,60783.20,16695.00,16695.00,361,2022-01-31 00:00:00,1,0,2024-07-20 14:58:48,0,2024-07-20 14:58:48,,,
2022-01,台湾省,99.10,-8.20,99.10,38.10,38.10,362,2022-01-31 00:00:00,1,0,2024-07-20 14:58:48,0,2024-07-20 14:58:48,,,
2022-01,印尼,79907.00,-55.38,79907.00,29176.40,29176.40,363,2022-01-31 00:00:00,1,0,2024-07-20 14:58:48,0,2024-07-20 14:58:48,,,
2021-12,阿曼,157.50,50.00,597.50,94.60,243.30,364,2021-12-31 00:00:00,1,0,2024-07-20 14:58:48,0,2024-07-20 14:58:48,,,
2021-12,澳大利亚,80.00,33.33,180.00,37.50,71.30,365,2021-12-31 00:00:00,1,0,2024-07-20 14:58:48,0,2024-07-20 14:58:48,,,
2021-12,韩国,392.30,73.88,66732.60,242.10,13907.90,366,2021-12-31 00:00:00,1,0,2024-07-20 14:58:48,0,2024-07-20 14:58:48,,,
2021-12,马来西亚,20.00,566.67,349.60,9.10,128.10,367,2021-12-31 00:00:00,1,0,2024-07-20 14:58:48,0,2024-07-20 14:58:48,,,
2021-12,缅甸,278.10,107.07,856.20,76.90,144.10,368,2021-12-31 00:00:00,1,0,2024-07-20 14:58:48,0,2024-07-20 14:58:48,,,
2021-12,日本,30705.10,86.09,253475.70,8433.10,46868.40,369,2021-12-31 00:00:00,1,0,2024-07-20 14:58:48,0,2024-07-20 14:58:48,,,
2021-12,泰国,48.10,100.00,540.90,15.80,162.40,370,2021-12-31 00:00:00,1,0,2024-07-20 14:58:48,0,2024-07-20 14:58:48,,,
2021-12,香港,90.00,3847.37,152.30,44.20,64.10,371,2021-12-31 00:00:00,1,0,2024-07-20 14:58:48,0,2024-07-20 14:58:48,,,
2021-12,印度,53.10,-1.76,107.10,33.30,51.00,372,2021-12-31 00:00:00,1,0,2024-07-20 14:58:48,0,2024-07-20 14:58:48,,,
2021-12,印尼,179071.00,14.75,1120203.10,74316.10,283720.60,373,2021-12-31 00:00:00,1,0,2024-07-20 14:58:48,0,2024-07-20 14:58:48,,,
2021-11,阿拉伯联合酋长国,1493.00,-8.57,3168.00,671.90,1430.40,374,2021-11-30 00:00:00,1,0,2024-07-20 14:58:48,0,2024-07-20 14:58:48,,,
2021-11,巴基斯坦,1000.00,106.55,1484.10,330.50,435.40,375,2021-11-30 00:00:00,1,0,2024-07-20 14:58:48,0,2024-07-20 14:58:48,,,
2021-11,韩国,225.60,73.55,66340.30,1050.70,13665.80,376,2021-11-30 00:00:00,1,0,2024-07-20 14:58:48,0,2024-07-20 14:58:48,,,
2021-11,马来西亚,3.00,-85.00,329.60,0.90,119.00,377,2021-11-30 00:00:00,1,0,2024-07-20 14:58:48,0,2024-07-20 14:58:48,,,
2021-11,秘鲁,7.00,-36.59,7.00,50.40,50.40,378,2021-11-30 00:00:00,1,0,2024-07-20 14:58:48,0,2024-07-20 14:58:48,,,
2021-11,缅甸,134.30,-18.57,578.10,25.30,67.10,379,2021-11-30 00:00:00,1,0,2024-07-20 14:58:48,0,2024-07-20 14:58:48,,,
2021-11,日本,16500.00,11522.99,222770.50,2854.50,38435.30,380,2021-11-30 00:00:00,1,0,2024-07-20 14:58:48,0,2024-07-20 14:58:48,,,
2021-11,印尼,156047.00,190.89,941132.10,48751.90,209404.50,381,2021-11-30 00:00:00,1,0,2024-07-20 14:58:48,0,2024-07-20 14:58:48,,,
2021-10,阿拉伯联合酋长国,1633.00,18044.44,1675.00,734.90,758.50,382,2021-10-31 00:00:00,1,0,2024-07-20 14:58:48,0,2024-07-20 14:58:48,,,
2021-10,阿曼,105.00,200.00,440.00,55.60,148.70,383,2021-10-31 00:00:00,1,0,2024-07-20 14:58:48,0,2024-07-20 14:58:48,,,
2021-10,韩国,130.00,-99.60,66114.70,42.70,12615.20,384,2021-10-31 00:00:00,1,0,2024-07-20 14:58:48,0,2024-07-20 14:58:48,,,
2021-10,马来西亚,20.00,-50.00,326.60,7.30,118.10,385,2021-10-31 00:00:00,1,0,2024-07-20 14:58:48,0,2024-07-20 14:58:48,,,
2021-10,缅甸,164.90,94.48,443.80,14.00,41.90,386,2021-10-31 00:00:00,1,0,2024-07-20 14:58:48,0,2024-07-20 14:58:48,,,
2021-10,日本,142.00,-99.47,206270.50,34.10,35580.80,387,2021-10-31 00:00:00,1,0,2024-07-20 14:58:48,0,2024-07-20 14:58:48,,,
2021-10,台湾省,108.00,315.38,46674.00,36.30,7645.10,388,2021-10-31 00:00:00,1,0,2024-07-20 14:58:48,0,2024-07-20 14:58:48,,,
2021-10,泰国,24.10,-60.84,492.80,9.00,146.60,389,2021-10-31 00:00:00,1,0,2024-07-20 14:58:48,0,2024-07-20 14:58:48,,,
2021-10,印尼,53644.50,-32.79,785085.10,15355.40,160652.60,390,2021-10-31 00:00:00,1,0,2024-07-20 14:58:48,0,2024-07-20 14:58:48,,,
2021-09,澳大利亚,60.00,50.00,100.00,27.60,33.70,391,2021-09-30 00:00:00,1,0,2024-07-20 14:58:51,0,2024-07-20 14:58:51,,,
2021-09,韩国,32195.00,12456.55,65984.70,6461.80,12572.50,392,2021-09-30 00:00:00,1,0,2024-07-20 14:58:51,0,2024-07-20 14:58:51,,,
2021-09,马来西亚,40.00,66.67,306.60,13.90,110.80,393,2021-09-30 00:00:00,1,0,2024-07-20 14:58:51,0,2024-07-20 14:58:51,,,
2021-09,缅甸,84.80,31.51,278.90,8.90,27.80,394,2021-09-30 00:00:00,1,0,2024-07-20 14:58:51,0,2024-07-20 14:58:51,,,
2021-09,日本,27033.20,-31.96,206128.60,4687.40,35546.70,395,2021-09-30 00:00:00,1,0,2024-07-20 14:58:51,0,2024-07-20 14:58:51,,,
2021-09,沙特阿拉伯,2.00,-99.50,602.00,1.00,159.60,396,2021-09-30 00:00:00,1,0,2024-07-20 14:58:51,0,2024-07-20 14:58:51,,,
2021-09,台湾省,26.00,30.00,46566.00,28.60,7608.70,397,2021-09-30 00:00:00,1,0,2024-07-20 14:58:51,0,2024-07-20 14:58:51,,,
2021-09,泰国,61.40,-10.01,468.70,17.30,137.60,398,2021-09-30 00:00:00,1,0,2024-07-20 14:58:51,0,2024-07-20 14:58:51,,,
2021-09,西班牙,4.00,-80.00,4.00,11.60,11.60,399,2021-09-30 00:00:00,1,0,2024-07-20 14:58:51,0,2024-07-20 14:58:51,,,
2021-09,伊拉克,57.80,131.12,82.80,16.10,19.60,400,2021-09-30 00:00:00,1,0,2024-07-20 14:58:51,0,2024-07-20 14:58:51,,,
2021-08,阿拉伯联合酋长国,9.00,-72.73,42.00,5.70,23.70,401,2021-08-31 00:00:00,1,0,2024-07-20 14:58:51,0,2024-07-20 14:58:51,,,
2021-08,俄罗斯,83.10,-99.68,83.10,1.70,1.70,402,2021-08-31 00:00:00,1,0,2024-07-20 14:58:51,0,2024-07-20 14:58:51,,,
2021-08,菲律宾,25.00,247.22,95.20,10.60,25.90,403,2021-08-31 00:00:00,1,0,2024-07-20 14:58:51,0,2024-07-20 14:58:51,,,
2021-08,哈萨克斯坦,104.00,100.00,104.00,46.60,46.60,404,2021-08-31 00:00:00,1,0,2024-07-20 14:58:51,0,2024-07-20 14:58:51,,,
2021-08,韩国,256.40,1324.44,33789.70,83.60,6110.60,405,2021-08-31 00:00:00,1,0,2024-07-20 14:58:51,0,2024-07-20 14:58:51,,,
2021-08,卡塔尔,7.00,25.00,12.60,2.60,4.50,406,2021-08-31 00:00:00,1,0,2024-07-20 14:58:51,0,2024-07-20 14:58:51,,,
2021-08,马来西亚,24.00,-61.90,266.60,10.60,96.90,407,2021-08-31 00:00:00,1,0,2024-07-20 14:58:51,0,2024-07-20 14:58:51,,,
2021-08,日本,39733.20,32224.44,179095.40,7164.80,30859.40,408,2021-08-31 00:00:00,1,0,2024-07-20 14:58:51,0,2024-07-20 14:58:51,,,
2021-08,泰国,68.30,3.57,407.30,24.30,120.40,409,2021-08-31 00:00:00,1,0,2024-07-20 14:58:51,0,2024-07-20 14:58:51,,,
2021-08,印尼,79820.00,-1.95,731440.60,19652.80,145297.20,410,2021-08-31 00:00:00,1,0,2024-07-20 14:58:51,0,2024-07-20 14:58:51,,,
2021-08,智利,45.30,952.33,45.30,26.70,26.70,411,2021-08-31 00:00:00,1,0,2024-07-20 14:58:51,0,2024-07-20 14:58:51,,,
2021-07,阿曼,35.00,-88.33,335.00,12.20,93.20,412,2021-07-31 00:00:00,1,0,2024-07-20 14:58:51,0,2024-07-20 14:58:51,,,
2021-07,韩国,18.00,-86.15,33533.30,5.30,6027.00,413,2021-07-31 00:00:00,1,0,2024-07-20 14:58:51,0,2024-07-20 14:58:51,,,
2021-07,老挝,65.90,100.00,65.90,13.20,13.20,414,2021-07-31 00:00:00,1,0,2024-07-20 14:58:51,0,2024-07-20 14:58:51,,,
2021-07,马来西亚,63.00,68.00,242.60,22.60,86.30,415,2021-07-31 00:00:00,1,0,2024-07-20 14:58:51,0,2024-07-20 14:58:51,,,
2021-07,日本,122.90,-99.75,139362.20,29.50,23694.60,416,2021-07-31 00:00:00,1,0,2024-07-20 14:58:51,0,2024-07-20 14:58:51,,,
2021-07,泰国,65.90,-45.11,339.10,21.80,96.00,417,2021-07-31 00:00:00,1,0,2024-07-20 14:58:51,0,2024-07-20 14:58:51,,,
2021-07,香港,2.30,-96.20,62.30,0.70,19.90,418,2021-07-31 00:00:00,1,0,2024-07-20 14:58:51,0,2024-07-20 14:58:51,,,
2021-07,新加坡,33.30,-72.29,153.30,9.00,43.20,419,2021-07-31 00:00:00,1,0,2024-07-20 14:58:51,0,2024-07-20 14:58:51,,,
2021-07,印尼,81411.00,200.38,651620.60,19755.80,125644.40,420,2021-07-31 00:00:00,1,0,2024-07-20 14:58:51,0,2024-07-20 14:58:51,,,
2021-06,阿根廷,10.20,-57.50,10.20,3.00,3.00,421,2021-06-30 00:00:00,1,0,2024-07-20 14:58:55,0,2024-07-20 14:58:55,,,
2021-06,韩国,130.00,-88.96,33515.30,38.40,6021.80,422,2021-06-30 00:00:00,1,0,2024-07-20 14:58:55,0,2024-07-20 14:58:55,,,
2021-06,柬埔寨,10.00,-98.19,10.00,3.60,3.60,423,2021-06-30 00:00:00,1,0,2024-07-20 14:58:55,0,2024-07-20 14:58:55,,,
2021-06,马来西亚,37.50,-17.69,179.60,12.80,63.70,424,2021-06-30 00:00:00,1,0,2024-07-20 14:58:55,0,2024-07-20 14:58:55,,,
2021-06,缅甸,64.50,-50.25,194.10,6.90,18.90,425,2021-06-30 00:00:00,1,0,2024-07-20 14:58:55,0,2024-07-20 14:58:55,,,
2021-06,日本,48439.20,1489.78,139239.20,8524.60,23665.10,426,2021-06-30 00:00:00,1,0,2024-07-20 14:58:55,0,2024-07-20 14:58:55,,,
2021-06,沙特阿拉伯,400.00,100.00,600.00,104.70,158.60,427,2021-06-30 00:00:00,1,0,2024-07-20 14:58:55,0,2024-07-20 14:58:55,,,
2021-06,新西兰,28.00,2700.00,28.00,10.90,10.90,428,2021-06-30 00:00:00,1,0,2024-07-20 14:58:55,0,2024-07-20 14:58:55,,,
2021-06,伊拉克,25.00,197.62,25.00,3.50,3.50,429,2021-06-30 00:00:00,1,0,2024-07-20 14:58:55,0,2024-07-20 14:58:55,,,
2021-06,印度,54.00,350.00,54.00,17.70,17.70,430,2021-06-30 00:00:00,1,0,2024-07-20 14:58:55,0,2024-07-20 14:58:55,,,
2021-06,印尼,27102.60,-61.33,570209.60,5280.70,105888.60,431,2021-06-30 00:00:00,1,0,2024-07-20 14:58:55,0,2024-07-20 14:58:55,,,
2021-05,阿拉伯联合酋长国,33.00,-98.90,33.00,18.00,18.00,432,2021-05-31 00:00:00,1,0,2024-07-20 14:58:55,0,2024-07-20 14:58:55,,,
2021-05,澳大利亚,40.00,0.00,40.00,6.20,6.20,433,2021-05-31 00:00:00,1,0,2024-07-20 14:58:55,0,2024-07-20 14:58:55,,,
2021-05,巴哈马,45.30,100.00,45.30,18.70,18.70,434,2021-05-31 00:00:00,1,0,2024-07-20 14:58:55,0,2024-07-20 14:58:55,,,
2021-05,巴基斯坦,484.10,-51.33,484.10,104.90,104.90,435,2021-05-31 00:00:00,1,0,2024-07-20 14:58:55,0,2024-07-20 14:58:55,,,
2021-05,菲律宾,7.20,-85.60,70.20,2.30,15.30,436,2021-05-31 00:00:00,1,0,2024-07-20 14:58:55,0,2024-07-20 14:58:55,,,
2021-05,韩国,1177.80,-96.25,33385.30,329.90,5983.30,437,2021-05-31 00:00:00,1,0,2024-07-20 14:58:55,0,2024-07-20 14:58:55,,,
2021-05,马来西亚,45.60,13.90,142.10,18.20,50.90,438,2021-05-31 00:00:00,1,0,2024-07-20 14:58:55,0,2024-07-20 14:58:55,,,
2021-05,蒙古,43.00,118.27,43.00,8.60,8.60,439,2021-05-31 00:00:00,1,0,2024-07-20 14:58:55,0,2024-07-20 14:58:55,,,
2021-05,缅甸,129.60,-92.39,129.60,12.00,12.00,440,2021-05-31 00:00:00,1,0,2024-07-20 14:58:55,0,2024-07-20 14:58:55,,,
2021-05,日本,3046.90,-90.49,90800.00,546.70,15140.50,441,2021-05-31 00:00:00,1,0,2024-07-20 14:58:55,0,2024-07-20 14:58:55,,,
2021-05,台湾省,20.00,11.11,46540.00,8.40,7580.10,442,2021-05-31 00:00:00,1,0,2024-07-20 14:58:55,0,2024-07-20 14:58:55,,,
2021-05,泰国,120.10,471.67,273.20,34.50,74.30,443,2021-05-31 00:00:00,1,0,2024-07-20 14:58:55,0,2024-07-20 14:58:55,,,
2021-05,香港,60.00,-60.00,60.00,19.20,19.20,444,2021-05-31 00:00:00,1,0,2024-07-20 14:58:55,0,2024-07-20 14:58:55,,,
2021-05,印尼,70090.00,-58.20,543107.00,12570.40,100607.80,445,2021-05-31 00:00:00,1,0,2024-07-20 14:58:55,0,2024-07-20 14:58:55,,,
2021-04,韩国,31442.80,10075.66,32207.50,5435.70,5653.50,446,2021-04-30 00:00:00,1,0,2024-07-20 14:58:55,0,2024-07-20 14:58:55,,,
2021-04,日本,32033.40,488.49,87753.10,5549.30,14593.90,447,2021-04-30 00:00:00,1,0,2024-07-20 14:58:55,0,2024-07-20 14:58:55,,,
2021-04,斯里兰卡,0.50,-98.00,0.50,0.20,0.20,448,2021-04-30 00:00:00,1,0,2024-07-20 14:58:55,0,2024-07-20 14:58:55,,,
2021-04,台湾省,18.00,-99.84,46520.00,4.70,7571.80,449,2021-04-30 00:00:00,1,0,2024-07-20 14:58:55,0,2024-07-20 14:58:55,,,
2021-04,泰国,21.00,-76.43,153.10,5.20,39.80,450,2021-04-30 00:00:00,1,0,2024-07-20 14:58:55,0,2024-07-20 14:58:55,,,
2021-04,新加坡,120.00,4984.75,120.00,34.20,34.20,451,2021-04-30 00:00:00,1,0,2024-07-20 14:58:58,0,2024-07-20 14:58:58,,,
2021-04,印尼,167678.00,41.66,473017.00,32653.40,88037.40,452,2021-04-30 00:00:00,1,0,2024-07-20 14:58:58,0,2024-07-20 14:58:58,,,
2021-03,阿曼,300.00,-23.20,300.00,81.00,81.00,453,2021-03-31 00:00:00,1,0,2024-07-20 14:58:58,0,2024-07-20 14:58:58,,,
2021-03,菲律宾,50.00,284.62,63.00,9.80,13.00,454,2021-03-31 00:00:00,1,0,2024-07-20 14:58:58,0,2024-07-20 14:58:58,,,
2021-03,韩国,309.00,33.19,764.70,87.30,217.80,455,2021-03-31 00:00:00,1,0,2024-07-20 14:58:58,0,2024-07-20 14:58:58,,,
2021-03,卡塔尔,5.60,-49.09,5.60,1.90,1.90,456,2021-03-31 00:00:00,1,0,2024-07-20 14:58:58,0,2024-07-20 14:58:58,,,
2021-03,科威特,1.40,-94.55,1.40,0.20,0.20,457,2021-03-31 00:00:00,1,0,2024-07-20 14:58:58,0,2024-07-20 14:58:58,,,
2021-03,马来西亚,40.00,-29.28,96.60,13.80,32.70,458,2021-03-31 00:00:00,1,0,2024-07-20 14:58:58,0,2024-07-20 14:58:58,,,
2021-03,日本,5443.30,-78.96,55719.70,927.20,9044.60,459,2021-03-31 00:00:00,1,0,2024-07-20 14:58:58,0,2024-07-20 14:58:58,,,
2021-03,台湾省,11025.00,-50.51,46502.00,1847.80,7567.10,460,2021-03-31 00:00:00,1,0,2024-07-20 14:58:58,0,2024-07-20 14:58:58,,,
2021-03,泰国,89.10,305.00,132.10,24.70,34.60,461,2021-03-31 00:00:00,1,0,2024-07-20 14:58:58,0,2024-07-20 14:58:58,,,
2021-03,印尼,118365.00,178.79,305339.00,23065.70,55384.00,462,2021-03-31 00:00:00,1,0,2024-07-20 14:58:58,0,2024-07-20 14:58:58,,,
2021-02,菲律宾,13.00,-48.00,13.00,3.30,3.30,463,2021-02-28 00:00:00,1,0,2024-07-20 14:58:58,0,2024-07-20 14:58:58,,,
2021-02,韩国,232.00,3.71,455.70,67.60,130.50,464,2021-02-28 00:00:00,1,0,2024-07-20 14:58:58,0,2024-07-20 14:58:58,,,
2021-02,日本,25867.90,5.98,50276.40,4180.90,8117.40,465,2021-02-28 00:00:00,1,0,2024-07-20 14:58:58,0,2024-07-20 14:58:58,,,
2021-02,沙特阿拉伯,200.00,-56.52,200.00,53.90,53.90,466,2021-02-28 00:00:00,1,0,2024-07-20 14:58:58,0,2024-07-20 14:58:58,,,
2021-02,台湾省,22277.00,68.77,35477.00,3734.70,5719.30,467,2021-02-28 00:00:00,1,0,2024-07-20 14:58:58,0,2024-07-20 14:58:58,,,
2021-02,泰国,22.00,4.76,43.00,5.10,9.90,468,2021-02-28 00:00:00,1,0,2024-07-20 14:58:58,0,2024-07-20 14:58:58,,,
2021-02,印尼,42457.00,-70.62,186974.00,8045.50,32318.30,469,2021-02-28 00:00:00,1,0,2024-07-20 14:58:58,0,2024-07-20 14:58:58,,,
2021-01,韩国,223.70,-56.15,223.70,62.90,62.90,470,2021-01-31 00:00:00,1,0,2024-07-20 14:58:58,0,2024-07-20 14:58:58,,,
2021-01,马来西亚,56.60,182.80,56.60,19.00,19.00,471,2021-01-31 00:00:00,1,0,2024-07-20 14:58:58,0,2024-07-20 14:58:58,,,
2021-01,尼日利亚,15.00,150.00,15.00,5.00,5.00,472,2021-01-31 00:00:00,1,0,2024-07-20 14:58:58,0,2024-07-20 14:58:58,,,
2021-01,日本,24408.40,14351.42,24408.40,3936.50,3936.50,473,2021-01-31 00:00:00,1,0,2024-07-20 14:58:58,0,2024-07-20 14:58:58,,,
2021-01,台湾省,13200.00,10.00,13200.00,1984.60,1984.60,474,2021-01-31 00:00:00,1,0,2024-07-20 14:58:58,0,2024-07-20 14:58:58,,,
2021-01,泰国,21.00,-56.34,21.00,4.80,4.80,475,2021-01-31 00:00:00,1,0,2024-07-20 14:58:58,0,2024-07-20 14:58:58,,,
2021-01,危地马拉,3.00,100.00,3.00,1.70,1.70,476,2021-01-31 00:00:00,1,0,2024-07-20 14:58:58,0,2024-07-20 14:58:58,,,
2021-01,印尼,144517.00,281.12,144517.00,24272.80,24272.80,477,2021-01-31 00:00:00,1,0,2024-07-20 14:58:58,0,2024-07-20 14:58:58,,,
2020-12,阿拉伯联合酋长国,3008.00,2908.00,3108.10,1144.10,1182.30,478,2020-12-31 00:00:00,1,0,2024-07-20 14:58:58,0,2024-07-20 14:58:58,,,
2020-12,巴拉圭,3.00,-70.00,3.00,0.80,0.80,479,2020-12-31 00:00:00,1,0,2024-07-20 14:58:58,0,2024-07-20 14:58:58,,,
2020-12,韩国,510.20,11.64,230494.40,133.20,37947.40,480,2020-12-31 00:00:00,1,0,2024-07-20 14:58:58,0,2024-07-20 14:58:58,,,
2020-12,马来西亚,20.00,-50.00,334.10,6.80,114.90,481,2020-12-31 00:00:00,1,0,2024-07-20 14:59:01,0,2024-07-20 14:59:01,,,
2020-12,缅甸,1704.00,101.49,9442.30,165.90,861.00,482,2020-12-31 00:00:00,1,0,2024-07-20 14:59:01,0,2024-07-20 14:59:01,,,
2020-12,日本,168.90,-99.31,305945.30,34.10,51531.10,483,2020-12-31 00:00:00,1,0,2024-07-20 14:59:01,0,2024-07-20 14:59:01,,,
2020-12,台湾省,12000.00,-37.25,187807.00,1800.00,31033.90,484,2020-12-31 00:00:00,1,0,2024-07-20 14:59:01,0,2024-07-20 14:59:01,,,
2020-12,香港,150.00,92.31,508.50,46.60,162.50,485,2020-12-31 00:00:00,1,0,2024-07-20 14:59:01,0,2024-07-20 14:59:01,,,
2020-12,印尼,37919.00,-39.96,579627.00,5831.90,83522.50,486,2020-12-31 00:00:00,1,0,2024-07-20 14:59:01,0,2024-07-20 14:59:01,,,
2020-11,阿拉伯联合酋长国,100.00,99900.00,100.10,38.00,38.10,487,2020-11-30 00:00:00,1,0,2024-07-20 14:59:01,0,2024-07-20 14:59:01,,,
2020-11,巴基斯坦,994.80,99.45,3009.70,206.10,503.50,488,2020-11-30 00:00:00,1,0,2024-07-20 14:59:01,0,2024-07-20 14:59:01,,,
2020-11,韩国,457.00,-5.93,229984.20,117.30,37814.20,489,2020-11-30 00:00:00,1,0,2024-07-20 14:59:01,0,2024-07-20 14:59:01,,,
2020-11,柬埔寨,551.70,-61.36,2172.70,55.70,219.30,490,2020-11-30 00:00:00,1,0,2024-07-20 14:59:01,0,2024-07-20 14:59:01,,,
2020-11,卡塔尔,11.00,100.00,11.00,3.90,3.90,491,2020-11-30 00:00:00,1,0,2024-07-20 14:59:01,0,2024-07-20 14:59:01,,,
2020-11,马来西亚,40.00,-1.38,314.10,13.10,108.10,492,2020-11-30 00:00:00,1,0,2024-07-20 14:59:01,0,2024-07-20 14:59:01,,,
2020-11,缅甸,845.70,-26.71,7738.30,77.20,695.10,493,2020-11-30 00:00:00,1,0,2024-07-20 14:59:01,0,2024-07-20 14:59:01,,,
2020-11,日本,24346.50,48788.63,305776.40,3868.40,51496.90,494,2020-11-30 00:00:00,1,0,2024-07-20 14:59:01,0,2024-07-20 14:59:01,,,
2020-11,斯里兰卡,25.00,108.33,42.00,5.40,10.10,495,2020-11-30 00:00:00,1,0,2024-07-20 14:59:01,0,2024-07-20 14:59:01,,,
2020-11,台湾省,19124.00,4.15,175807.00,3040.70,29233.90,496,2020-11-30 00:00:00,1,0,2024-07-20 14:59:01,0,2024-07-20 14:59:01,,,
2020-11,泰国,48.10,-29.37,819.10,13.20,231.80,497,2020-11-30 00:00:00,1,0,2024-07-20 14:59:01,0,2024-07-20 14:59:01,,,
2020-11,香港,78.00,54.46,358.50,33.10,115.90,498,2020-11-30 00:00:00,1,0,2024-07-20 14:59:01,0,2024-07-20 14:59:01,,,
2020-11,印尼,63158.70,110.33,541708.00,8737.80,77690.60,499,2020-11-30 00:00:00,1,0,2024-07-20 14:59:01,0,2024-07-20 14:59:01,,,
2020-10,澳大利亚,40.00,-81.82,300.00,9.00,78.80,500,2020-10-31 00:00:00,1,0,2024-07-20 14:59:01,0,2024-07-20 14:59:01,,,
2020-10,巴基斯坦,498.80,-0.03,2014.90,57.20,297.40,501,2020-10-31 00:00:00,1,0,2024-07-20 14:59:01,0,2024-07-20 14:59:01,,,
2020-10,韩国,485.80,-97.82,229527.20,136.30,37696.80,502,2020-10-31 00:00:00,1,0,2024-07-20 14:59:01,0,2024-07-20 14:59:01,,,
2020-10,柬埔寨,1428.00,640.05,1621.00,144.20,163.50,503,2020-10-31 00:00:00,1,0,2024-07-20 14:59:01,0,2024-07-20 14:59:01,,,
2020-10,马来西亚,40.60,102.80,274.10,19.70,95.00,504,2020-10-31 00:00:00,1,0,2024-07-20 14:59:01,0,2024-07-20 14:59:01,,,
2020-10,缅甸,1153.90,436.48,6892.60,113.20,617.90,505,2020-10-31 00:00:00,1,0,2024-07-20 14:59:01,0,2024-07-20 14:59:01,,,
2020-10,日本,49.80,-99.84,281429.90,19.50,47628.50,506,2020-10-31 00:00:00,1,0,2024-07-20 14:59:01,0,2024-07-20 14:59:01,,,
2020-10,斯里兰卡,12.00,140.00,17.00,3.60,4.70,507,2020-10-31 00:00:00,1,0,2024-07-20 14:59:01,0,2024-07-20 14:59:01,,,
2020-10,台湾省,18362.00,-27.18,156683.00,2920.60,26193.20,508,2020-10-31 00:00:00,1,0,2024-07-20 14:59:01,0,2024-07-20 14:59:01,,,
2020-10,泰国,68.10,6.74,771.00,21.50,218.60,509,2020-10-31 00:00:00,1,0,2024-07-20 14:59:01,0,2024-07-20 14:59:01,,,
2020-10,香港,50.50,-57.92,280.50,15.80,82.90,510,2020-10-31 00:00:00,1,0,2024-07-20 14:59:01,0,2024-07-20 14:59:01,,,
2020-10,印尼,30029.00,-51.79,478549.40,4275.60,68952.80,511,2020-10-31 00:00:00,1,0,2024-07-20 14:59:05,0,2024-07-20 14:59:05,,,
2020-09,澳大利亚,220.00,450.00,260.00,59.80,69.80,512,2020-09-30 00:00:00,1,0,2024-07-20 14:59:05,0,2024-07-20 14:59:05,,,
2020-09,巴基斯坦,498.90,-0.21,1516.10,68.20,240.20,513,2020-09-30 00:00:00,1,0,2024-07-20 14:59:05,0,2024-07-20 14:59:05,,,
2020-09,菲律宾,25.00,-90.87,855.10,10.00,262.40,514,2020-09-30 00:00:00,1,0,2024-07-20 14:59:05,0,2024-07-20 14:59:05,,,
2020-09,韩国,22290.50,10172.13,229041.40,2983.10,37560.50,515,2020-09-30 00:00:00,1,0,2024-07-20 14:59:05,0,2024-07-20 14:59:05,,,
2020-09,柬埔寨,193.00,-86.14,193.00,19.30,19.30,516,2020-09-30 00:00:00,1,0,2024-07-20 14:59:05,0,2024-07-20 14:59:05,,,
2020-09,马来西亚,20.00,0.00,233.60,6.60,75.30,517,2020-09-30 00:00:00,1,0,2024-07-20 14:59:05,0,2024-07-20 14:59:05,,,
2020-09,日本,31585.80,29.55,281380.10,5424.20,47609.00,518,2020-09-30 00:00:00,1,0,2024-07-20 14:59:05,0,2024-07-20 14:59:05,,,
2020-09,台湾省,25217.00,63.41,138321.00,4009.50,23272.60,519,2020-09-30 00:00:00,1,0,2024-07-20 14:59:05,0,2024-07-20 14:59:05,,,
2020-09,泰国,63.80,99.38,702.90,17.70,197.10,520,2020-09-30 00:00:00,1,0,2024-07-20 14:59:05,0,2024-07-20 14:59:05,,,
2020-09,伊拉克,8.40,-79.26,102.80,1.60,256.60,521,2020-09-30 00:00:00,1,0,2024-07-20 14:59:05,0,2024-07-20 14:59:05,,,
2020-09,印度,12.00,140.00,17.00,2.90,4.40,522,2020-09-30 00:00:00,1,0,2024-07-20 14:59:05,0,2024-07-20 14:59:05,,,
2020-09,印尼,62287.00,-12.23,448520.40,8533.40,64677.20,523,2020-09-30 00:00:00,1,0,2024-07-20 14:59:05,0,2024-07-20 14:59:05,,,
2020-08,巴基斯坦,500.00,0.16,1017.20,81.50,172.00,524,2020-08-31 00:00:00,1,0,2024-07-20 14:59:05,0,2024-07-20 14:59:05,,,
2020-08,韩国,217.00,-98.41,206750.90,54.90,34577.40,525,2020-08-31 00:00:00,1,0,2024-07-20 14:59:05,0,2024-07-20 14:59:05,,,
2020-08,缅甸,215.10,9.66,5738.80,28.10,504.70,526,2020-08-31 00:00:00,1,0,2024-07-20 14:59:05,0,2024-07-20 14:59:05,,,
2020-08,日本,24381.50,0.75,249794.30,3936.00,42184.80,527,2020-08-31 00:00:00,1,0,2024-07-20 14:59:05,0,2024-07-20 14:59:05,,,
2020-08,斯里兰卡,5.00,400.00,5.00,1.10,1.10,528,2020-08-31 00:00:00,1,0,2024-07-20 14:59:05,0,2024-07-20 14:59:05,,,
2020-08,台湾省,15432.00,26.53,113104.00,2429.10,19263.10,529,2020-08-31 00:00:00,1,0,2024-07-20 14:59:05,0,2024-07-20 14:59:05,,,
2020-08,泰国,32.00,166.67,639.10,8.30,179.30,530,2020-08-31 00:00:00,1,0,2024-07-20 14:59:05,0,2024-07-20 14:59:05,,,
2020-08,香港,120.00,9.09,230.00,36.10,67.10,531,2020-08-31 00:00:00,1,0,2024-07-20 14:59:05,0,2024-07-20 14:59:05,,,
2020-08,印尼,70970.00,553.50,386233.40,9115.20,56143.80,532,2020-08-31 00:00:00,1,0,2024-07-20 14:59:05,0,2024-07-20 14:59:05,,,
2020-07,阿根廷,24.00,19.76,54.50,10.00,21.80,533,2020-07-31 00:00:00,1,0,2024-07-20 14:59:05,0,2024-07-20 14:59:05,,,
2020-07,阿拉伯联合酋长国,0.10,-99.80,0.10,0.10,0.10,534,2020-07-31 00:00:00,1,0,2024-07-20 14:59:05,0,2024-07-20 14:59:05,,,
2020-07,阿曼,390.60,-19.03,390.60,117.00,117.00,535,2020-07-31 00:00:00,1,0,2024-07-20 14:59:05,0,2024-07-20 14:59:05,,,
2020-07,澳大利亚,40.00,0.00,40.00,10.00,10.00,536,2020-07-31 00:00:00,1,0,2024-07-20 14:59:05,0,2024-07-20 14:59:05,,,
2020-07,巴拿马,4.20,100.00,4.20,2.00,2.00,537,2020-07-31 00:00:00,1,0,2024-07-20 14:59:05,0,2024-07-20 14:59:05,,,
2020-07,韩国,13688.00,6876.55,206533.90,2156.30,34522.50,538,2020-07-31 00:00:00,1,0,2024-07-20 14:59:05,0,2024-07-20 14:59:05,,,
2020-07,加拿大,79.90,-34.75,79.90,109.70,109.70,539,2020-07-31 00:00:00,1,0,2024-07-20 14:59:05,0,2024-07-20 14:59:05,,,
2020-07,马来西亚,20.00,-78.49,213.60,6.90,68.70,540,2020-07-31 00:00:00,1,0,2024-07-20 14:59:05,0,2024-07-20 14:59:05,,,
2020-07,缅甸,196.10,-88.87,5523.70,16.60,476.60,541,2020-07-31 00:00:00,1,0,2024-07-20 14:59:09,0,2024-07-20 14:59:09,,,
2020-07,日本,24200.00,-24.32,225412.80,3896.20,38248.80,542,2020-07-31 00:00:00,1,0,2024-07-20 14:59:09,0,2024-07-20 14:59:09,,,
2020-07,台湾省,12196.00,-46.50,97672.00,1939.20,16834.00,543,2020-07-31 00:00:00,1,0,2024-07-20 14:59:09,0,2024-07-20 14:59:09,,,
2020-07,泰国,12.00,-88.48,607.10,2.20,171.00,544,2020-07-31 00:00:00,1,0,2024-07-20 14:59:09,0,2024-07-20 14:59:09,,,
2020-07,印尼,10860.00,-72.85,315263.40,1466.10,47028.60,545,2020-07-31 00:00:00,1,0,2024-07-20 14:59:09,0,2024-07-20 14:59:09,,,
2020-06,菲律宾,273.90,3.13,830.10,82.30,252.40,546,2020-06-30 00:00:00,1,0,2024-07-20 14:59:09,0,2024-07-20 14:59:09,,,
2020-06,韩国,196.20,-45.65,192845.90,44.70,32366.30,547,2020-06-30 00:00:00,1,0,2024-07-20 14:59:09,0,2024-07-20 14:59:09,,,
2020-06,马来西亚,93.00,154.38,193.60,31.10,61.80,548,2020-06-30 00:00:00,1,0,2024-07-20 14:59:09,0,2024-07-20 14:59:09,,,
2020-06,蒙古,19.70,392.50,23.70,2.20,3.20,549,2020-06-30 00:00:00,1,0,2024-07-20 14:59:09,0,2024-07-20 14:59:09,,,
2020-06,缅甸,1761.40,-16.10,5327.60,154.80,460.00,550,2020-06-30 00:00:00,1,0,2024-07-20 14:59:09,0,2024-07-20 14:59:09,,,
2020-06,日本,31975.70,551.17,201212.80,5092.50,34352.60,551,2020-06-30 00:00:00,1,0,2024-07-20 14:59:09,0,2024-07-20 14:59:09,,,
2020-06,台湾省,22796.00,-2.40,85476.00,3624.60,14894.80,552,2020-06-30 00:00:00,1,0,2024-07-20 14:59:09,0,2024-07-20 14:59:09,,,
2020-06,泰国,104.20,-36.90,595.10,32.30,168.90,553,2020-06-30 00:00:00,1,0,2024-07-20 14:59:09,0,2024-07-20 14:59:09,,,
2020-06,土耳其,19.00,-72.06,19.00,4.70,4.70,554,2020-06-30 00:00:00,1,0,2024-07-20 14:59:09,0,2024-07-20 14:59:09,,,
2020-06,西班牙,20.00,0.00,60.00,10.30,31.00,555,2020-06-30 00:00:00,1,0,2024-07-20 14:59:09,0,2024-07-20 14:59:09,,,
2020-06,香港,110.00,193.33,110.00,30.90,30.90,556,2020-06-30 00:00:00,1,0,2024-07-20 14:59:09,0,2024-07-20 14:59:09,,,
2020-06,印尼,40003.40,-48.44,304403.40,4766.20,45562.50,557,2020-06-30 00:00:00,1,0,2024-07-20 14:59:09,0,2024-07-20 14:59:09,,,
2020-05,阿根廷,20.00,158.25,30.50,9.00,11.80,558,2020-05-31 00:00:00,1,0,2024-07-20 14:59:09,0,2024-07-20 14:59:09,,,
2020-05,巴基斯坦,499.20,2673.22,517.20,78.40,90.40,559,2020-05-31 00:00:00,1,0,2024-07-20 14:59:09,0,2024-07-20 14:59:09,,,
2020-05,刚果(布),10460.00,100.00,10460.00,1066.90,1066.90,560,2020-05-31 00:00:00,1,0,2024-07-20 14:59:09,0,2024-07-20 14:59:09,,,
2020-05,韩国,361.00,-99.18,192649.70,93.60,32321.60,561,2020-05-31 00:00:00,1,0,2024-07-20 14:59:09,0,2024-07-20 14:59:09,,,
2020-05,缅甸,2099.50,53.32,3566.20,176.70,305.20,562,2020-05-31 00:00:00,1,0,2024-07-20 14:59:09,0,2024-07-20 14:59:09,,,
2020-05,日本,4910.50,-84.69,169237.10,1043.10,29260.10,563,2020-05-31 00:00:00,1,0,2024-07-20 14:59:09,0,2024-07-20 14:59:09,,,
2020-05,泰国,165.10,267.59,491.00,46.90,136.60,564,2020-05-31 00:00:00,1,0,2024-07-20 14:59:09,0,2024-07-20 14:59:09,,,
2020-05,新加坡,2.40,-98.77,2.40,0.80,0.80,565,2020-05-31 00:00:00,1,0,2024-07-20 14:59:09,0,2024-07-20 14:59:09,,,
2020-05,伊拉克,40.50,-24.86,94.40,12.50,255.00,566,2020-05-31 00:00:00,1,0,2024-07-20 14:59:09,0,2024-07-20 14:59:09,,,
2020-05,印尼,77592.00,-8.72,264400.00,11826.70,40796.30,567,2020-05-31 00:00:00,1,0,2024-07-20 14:59:09,0,2024-07-20 14:59:09,,,
2020-04,阿尔及利亚,80.00,0.00,80.00,25.00,25.00,568,2020-04-30 00:00:00,1,0,2024-07-20 14:59:09,0,2024-07-20 14:59:09,,,
2020-04,阿根廷,7.80,192.83,10.40,2.10,2.80,569,2020-04-30 00:00:00,1,0,2024-07-20 14:59:09,0,2024-07-20 14:59:09,,,
2020-04,菲律宾,265.60,962.40,556.20,79.80,170.10,570,2020-04-30 00:00:00,1,0,2024-07-20 14:59:09,0,2024-07-20 14:59:09,,,
2020-04,韩国,44237.00,103.91,192288.70,7480.90,32228.00,571,2020-04-30 00:00:00,1,0,2024-07-20 14:59:12,0,2024-07-20 14:59:12,,,
2020-04,蒙古,4.00,-98.92,4.00,1.00,1.00,572,2020-04-30 00:00:00,1,0,2024-07-20 14:59:12,0,2024-07-20 14:59:12,,,
2020-04,缅甸,1369.40,1307.65,1466.60,121.60,128.60,573,2020-04-30 00:00:00,1,0,2024-07-20 14:59:12,0,2024-07-20 14:59:12,,,
2020-04,日本,32083.80,-67.56,164326.60,5522.90,28217.00,574,2020-04-30 00:00:00,1,0,2024-07-20 14:59:12,0,2024-07-20 14:59:12,,,
2020-04,泰国,44.90,-78.42,325.90,12.50,89.70,575,2020-04-30 00:00:00,1,0,2024-07-20 14:59:12,0,2024-07-20 14:59:12,,,
2020-04,印度,5.00,-66.67,5.00,1.50,1.50,576,2020-04-30 00:00:00,1,0,2024-07-20 14:59:12,0,2024-07-20 14:59:12,,,
2020-04,印尼,85000.00,62.67,186808.00,13075.00,28969.60,577,2020-04-30 00:00:00,1,0,2024-07-20 14:59:12,0,2024-07-20 14:59:12,,,
2020-03,巴基斯坦,18.00,-96.40,18.00,12.10,12.10,578,2020-03-31 00:00:00,1,0,2024-07-20 14:59:12,0,2024-07-20 14:59:12,,,
2020-03,韩国,21694.00,-1.84,148051.70,3590.30,24747.00,579,2020-03-31 00:00:00,1,0,2024-07-20 14:59:12,0,2024-07-20 14:59:12,,,
2020-03,科威特,25.70,105.40,25.70,7.10,7.10,580,2020-03-31 00:00:00,1,0,2024-07-20 14:59:12,0,2024-07-20 14:59:12,,,
2020-03,马来西亚,36.60,52.33,100.60,12.40,30.70,581,2020-03-31 00:00:00,1,0,2024-07-20 14:59:12,0,2024-07-20 14:59:12,,,
2020-03,日本,98904.30,198.40,132242.80,16989.40,22694.10,582,2020-03-31 00:00:00,1,0,2024-07-20 14:59:12,0,2024-07-20 14:59:12,,,
2020-03,沙特阿拉伯,460.00,666.67,520.00,123.90,138.50,583,2020-03-31 00:00:00,1,0,2024-07-20 14:59:12,0,2024-07-20 14:59:12,,,
2020-03,台湾省,23357.00,94.11,62680.00,4226.00,11270.20,584,2020-03-31 00:00:00,1,0,2024-07-20 14:59:12,0,2024-07-20 14:59:12,,,
2020-03,泰国,208.10,767.63,281.00,56.60,77.30,585,2020-03-31 00:00:00,1,0,2024-07-20 14:59:12,0,2024-07-20 14:59:12,,,
2020-03,西班牙,20.00,0.05,40.00,10.30,20.60,586,2020-03-31 00:00:00,1,0,2024-07-20 14:59:12,0,2024-07-20 14:59:12,,,
2020-03,印尼,52253.00,5.44,101808.00,8249.70,15894.60,587,2020-03-31 00:00:00,1,0,2024-07-20 14:59:12,0,2024-07-20 14:59:12,,,
2020-03,智利,4.30,-57.00,4.30,1.80,1.80,588,2020-03-31 00:00:00,1,0,2024-07-20 14:59:12,0,2024-07-20 14:59:12,,,
2020-02,菲律宾,25.00,-90.59,290.60,10.50,90.30,589,2020-02-29 00:00:00,1,0,2024-07-20 14:59:12,0,2024-07-20 14:59:12,,,
2020-02,韩国,22101.20,-78.80,126357.70,3741.80,21156.70,590,2020-02-29 00:00:00,1,0,2024-07-20 14:59:12,0,2024-07-20 14:59:12,,,
2020-02,马来西亚,24.00,-40.00,64.00,5.70,18.40,591,2020-02-29 00:00:00,1,0,2024-07-20 14:59:12,0,2024-07-20 14:59:12,,,
2020-02,日本,33144.40,16968.88,33338.50,5662.10,5704.70,592,2020-02-29 00:00:00,1,0,2024-07-20 14:59:12,0,2024-07-20 14:59:12,,,
2020-02,台湾省,12033.00,-55.91,39323.00,2153.90,7044.20,593,2020-02-29 00:00:00,1,0,2024-07-20 14:59:12,0,2024-07-20 14:59:12,,,
2020-02,泰国,24.00,-51.00,72.90,6.90,20.60,594,2020-02-29 00:00:00,1,0,2024-07-20 14:59:12,0,2024-07-20 14:59:12,,,
2020-01,阿根廷,2.70,-88.96,2.70,0.70,0.70,595,2020-01-31 00:00:00,1,0,2024-07-20 14:59:12,0,2024-07-20 14:59:12,,,
2020-01,菲律宾,265.60,0.00,265.60,79.80,79.80,596,2020-01-31 00:00:00,1,0,2024-07-20 14:59:12,0,2024-07-20 14:59:12,,,
2020-01,韩国,104256.50,381.65,104256.50,17414.90,17414.90,597,2020-01-31 00:00:00,1,0,2024-07-20 14:59:12,0,2024-07-20 14:59:12,,,
2020-01,马来西亚,40.00,-33.33,40.00,12.60,12.60,598,2020-01-31 00:00:00,1,0,2024-07-20 14:59:12,0,2024-07-20 14:59:12,,,
2020-01,缅甸,97.30,-96.83,97.30,6.90,6.90,599,2020-01-31 00:00:00,1,0,2024-07-20 14:59:12,0,2024-07-20 14:59:12,,,
2020-01,日本,194.20,-99.83,194.20,42.60,42.60,600,2020-01-31 00:00:00,1,0,2024-07-20 14:59:12,0,2024-07-20 14:59:12,,,
2020-01,沙特阿拉伯,60.00,0.00,60.00,14.50,14.50,601,2020-01-31 00:00:00,1,0,2024-07-20 14:59:15,0,2024-07-20 14:59:15,,,
2020-01,台湾省,27290.00,106.74,27290.00,4890.30,4890.30,602,2020-01-31 00:00:00,1,0,2024-07-20 14:59:15,0,2024-07-20 14:59:15,,,
2020-01,泰国,49.00,-7.90,49.00,13.70,13.70,603,2020-01-31 00:00:00,1,0,2024-07-20 14:59:15,0,2024-07-20 14:59:15,,,
2020-01,西班牙,20.00,11.06,20.00,10.30,10.30,604,2020-01-31 00:00:00,1,0,2024-07-20 14:59:15,0,2024-07-20 14:59:15,,,
2020-01,伊拉克,53.90,-70.42,53.90,242.50,242.50,605,2020-01-31 00:00:00,1,0,2024-07-20 14:59:15,0,2024-07-20 14:59:15,,,
2020-01,印尼,49555.00,-3.65,49555.00,7644.80,7644.80,606,2020-01-31 00:00:00,1,0,2024-07-20 14:59:15,0,2024-07-20 14:59:15,,,
2019-12,阿根廷,24.00,122.22,89.20,6.00,21.40,607,2019-12-31 00:00:00,1,0,2024-07-20 14:59:15,0,2024-07-20 14:59:15,,,
2019-12,菲律宾,265.60,3986.15,894.50,79.80,269.30,608,2019-12-31 00:00:00,1,0,2024-07-20 14:59:15,0,2024-07-20 14:59:15,,,
2019-12,韩国,21645.80,17938.17,614075.00,3572.40,114996.80,609,2019-12-31 00:00:00,1,0,2024-07-20 14:59:15,0,2024-07-20 14:59:15,,,
2019-12,马来西亚,60.00,64.61,27869.70,18.30,3282.80,610,2019-12-31 00:00:00,1,0,2024-07-20 14:59:15,0,2024-07-20 14:59:15,,,
2019-12,缅甸,3066.00,30.23,11479.10,281.20,1024.30,611,2019-12-31 00:00:00,1,0,2024-07-20 14:59:15,0,2024-07-20 14:59:15,,,
2019-12,日本,112752.30,-28.98,804349.70,19926.20,150474.20,612,2019-12-31 00:00:00,1,0,2024-07-20 14:59:15,0,2024-07-20 14:59:15,,,
2019-12,斯里兰卡,1.00,-96.97,34.00,0.40,8.40,613,2019-12-31 00:00:00,1,0,2024-07-20 14:59:15,0,2024-07-20 14:59:15,,,
2019-12,台湾省,13200.00,-22.32,195663.00,2362.80,35145.20,614,2019-12-31 00:00:00,1,0,2024-07-20 14:59:15,0,2024-07-20 14:59:15,,,
2019-12,泰国,53.20,10.61,1385.40,15.00,268.00,615,2019-12-31 00:00:00,1,0,2024-07-20 14:59:15,0,2024-07-20 14:59:15,,,
2019-12,印尼,51430.00,28.88,333024.80,8107.90,55338.60,616,2019-12-31 00:00:00,1,0,2024-07-20 14:59:15,0,2024-07-20 14:59:15,,,
2019-11,巴基斯坦,499.50,-0.01,2494.20,94.60,545.00,617,2019-11-30 00:00:00,1,0,2024-07-20 14:59:15,0,2024-07-20 14:59:15,,,
2019-11,菲律宾,6.50,-97.70,628.90,2.10,189.50,618,2019-11-30 00:00:00,1,0,2024-07-20 14:59:15,0,2024-07-20 14:59:15,,,
2019-11,韩国,120.00,-99.69,592429.20,30.40,111424.40,619,2019-11-30 00:00:00,1,0,2024-07-20 14:59:15,0,2024-07-20 14:59:15,,,
2019-11,马达加斯加,2.00,-85.71,2.00,0.90,0.90,620,2019-11-30 00:00:00,1,0,2024-07-20 14:59:15,0,2024-07-20 14:59:15,,,
2019-11,马来西亚,36.50,-16.21,27809.70,11.50,3264.50,621,2019-11-30 00:00:00,1,0,2024-07-20 14:59:15,0,2024-07-20 14:59:15,,,
2019-11,缅甸,2354.30,132.65,8413.10,201.10,743.10,622,2019-11-30 00:00:00,1,0,2024-07-20 14:59:15,0,2024-07-20 14:59:15,,,
2019-11,日本,158771.80,424.00,691597.50,29192.20,130548.00,623,2019-11-30 00:00:00,1,0,2024-07-20 14:59:15,0,2024-07-20 14:59:15,,,
2019-11,台湾省,16992.00,-65.45,182463.00,3041.60,32782.40,624,2019-11-30 00:00:00,1,0,2024-07-20 14:59:15,0,2024-07-20 14:59:15,,,
2019-11,泰国,48.10,4.68,1332.30,15.80,253.00,625,2019-11-30 00:00:00,1,0,2024-07-20 14:59:15,0,2024-07-20 14:59:15,,,
2019-11,西班牙,18.00,1700.00,19.00,9.60,10.20,626,2019-11-30 00:00:00,1,0,2024-07-20 14:59:15,0,2024-07-20 14:59:15,,,
2019-11,香港,37.50,-87.50,37.50,14.90,14.90,627,2019-11-30 00:00:00,1,0,2024-07-20 14:59:15,0,2024-07-20 14:59:15,,,
2019-11,伊拉克,182.20,-3.15,394.90,468.50,1013.50,628,2019-11-30 00:00:00,1,0,2024-07-20 14:59:15,0,2024-07-20 14:59:15,,,
2019-11,印尼,39905.40,-1.78,281594.80,6041.60,47230.80,629,2019-11-30 00:00:00,1,0,2024-07-20 14:59:15,0,2024-07-20 14:59:15,,,
2019-10,阿拉伯联合酋长国,50.00,42.86,50.00,13.50,13.50,630,2019-10-31 00:00:00,1,0,2024-07-20 14:59:15,0,2024-07-20 14:59:15,,,
2019-10,菲律宾,282.50,1469.44,622.40,84.70,187.30,631,2019-10-31 00:00:00,1,0,2024-07-20 14:59:18,0,2024-07-20 14:59:18,,,
2019-10,韩国,38879.80,-9.70,592309.20,7339.40,111393.90,632,2019-10-31 00:00:00,1,0,2024-07-20 14:59:18,0,2024-07-20 14:59:18,,,
2019-10,马来西亚,43.50,234.62,27773.20,11.30,3253.00,633,2019-10-31 00:00:00,1,0,2024-07-20 14:59:18,0,2024-07-20 14:59:18,,,
2019-10,毛里求斯,40.00,900.00,40.00,8.40,8.40,634,2019-10-31 00:00:00,1,0,2024-07-20 14:59:18,0,2024-07-20 14:59:18,,,
2019-10,蒙古,370.00,183.42,731.80,7.30,18.90,635,2019-10-31 00:00:00,1,0,2024-07-20 14:59:18,0,2024-07-20 14:59:18,,,
2019-10,缅甸,1011.90,-47.46,6058.90,84.10,542.10,636,2019-10-31 00:00:00,1,0,2024-07-20 14:59:18,0,2024-07-20 14:59:18,,,
2019-10,日本,30300.00,44989.29,532825.60,5801.50,101355.80,637,2019-10-31 00:00:00,1,0,2024-07-20 14:59:18,0,2024-07-20 14:59:18,,,
2019-10,台湾省,49186.00,37.94,165471.00,8610.40,29740.80,638,2019-10-31 00:00:00,1,0,2024-07-20 14:59:18,0,2024-07-20 14:59:18,,,
2019-10,泰国,45.90,-87.25,1284.20,10.80,237.20,639,2019-10-31 00:00:00,1,0,2024-07-20 14:59:18,0,2024-07-20 14:59:18,,,
2019-10,希腊,52.00,100.00,52.00,10.30,10.30,640,2019-10-31 00:00:00,1,0,2024-07-20 14:59:18,0,2024-07-20 14:59:18,,,
2019-10,伊拉克,188.20,668.00,212.70,521.10,545.00,641,2019-10-31 00:00:00,1,0,2024-07-20 14:59:18,0,2024-07-20 14:59:18,,,
2019-09,韩国,43058.00,29544.06,553429.50,7946.30,104054.60,642,2019-09-30 00:00:00,1,0,2024-07-20 14:59:18,0,2024-07-20 14:59:18,,,
2019-09,马来西亚,13.00,-85.56,27729.70,3.90,3241.70,643,2019-09-30 00:00:00,1,0,2024-07-20 14:59:18,0,2024-07-20 14:59:18,,,
2019-09,蒙古,130.60,6646.77,361.80,2.60,11.60,644,2019-09-30 00:00:00,1,0,2024-07-20 14:59:18,0,2024-07-20 14:59:18,,,
2019-09,缅甸,1925.90,27.73,5046.90,166.30,458.00,645,2019-09-30 00:00:00,1,0,2024-07-20 14:59:18,0,2024-07-20 14:59:18,,,
2019-09,日本,67.20,-99.59,502525.60,27.60,95554.20,646,2019-09-30 00:00:00,1,0,2024-07-20 14:59:18,0,2024-07-20 14:59:18,,,
2019-09,泰国,360.10,-29.96,1238.30,51.30,226.40,647,2019-09-30 00:00:00,1,0,2024-07-20 14:59:18,0,2024-07-20 14:59:18,,,
2019-09,印尼,40628.40,35.34,241689.40,6380.20,41189.20,648,2019-09-30 00:00:00,1,0,2024-07-20 14:59:18,0,2024-07-20 14:59:18,,,
2019-09,英国,0.20,-99.55,0.20,0.10,0.10,649,2019-09-30 00:00:00,1,0,2024-07-20 14:59:18,0,2024-07-20 14:59:18,,,
2019-08,菲律宾,18.00,44.00,339.90,2.30,102.60,650,2019-08-31 00:00:00,1,0,2024-07-20 14:59:18,0,2024-07-20 14:59:18,,,
2019-08,韩国,145.30,-99.75,510371.50,38.50,96108.30,651,2019-08-31 00:00:00,1,0,2024-07-20 14:59:18,0,2024-07-20 14:59:18,,,
2019-08,柬埔寨,2783.60,100.00,2783.60,420.10,420.10,652,2019-08-31 00:00:00,1,0,2024-07-20 14:59:18,0,2024-07-20 14:59:18,,,
2019-08,孟加拉国,200.00,73.93,200.00,28.40,28.40,653,2019-08-31 00:00:00,1,0,2024-07-20 14:59:18,0,2024-07-20 14:59:18,,,
2019-08,缅甸,1507.80,2182.43,3121.00,132.70,291.70,654,2019-08-31 00:00:00,1,0,2024-07-20 14:59:18,0,2024-07-20 14:59:18,,,
2019-08,日本,16217.90,-77.78,502458.40,3086.10,95526.60,655,2019-08-31 00:00:00,1,0,2024-07-20 14:59:18,0,2024-07-20 14:59:18,,,
2019-08,台湾省,35658.00,35558.00,116285.00,6382.80,21130.40,656,2019-08-31 00:00:00,1,0,2024-07-20 14:59:18,0,2024-07-20 14:59:18,,,
2019-08,印尼,30020.00,367.53,201061.00,4801.00,34809.00,657,2019-08-31 00:00:00,1,0,2024-07-20 14:59:18,0,2024-07-20 14:59:18,,,
2019-08,智利,10.00,132.56,14.30,3.80,6.10,658,2019-08-31 00:00:00,1,0,2024-07-20 14:59:18,0,2024-07-20 14:59:18,,,
2019-07,阿根廷,10.80,-55.00,65.20,2.80,15.40,659,2019-07-31 00:00:00,1,0,2024-07-20 14:59:18,0,2024-07-20 14:59:18,,,
2019-07,菲律宾,12.50,-95.39,321.90,5.50,100.30,660,2019-07-31 00:00:00,1,0,2024-07-20 14:59:18,0,2024-07-20 14:59:18,,,
2019-07,韩国,58627.50,164.77,510226.20,11013.80,96069.80,661,2019-07-31 00:00:00,1,0,2024-07-20 14:59:21,0,2024-07-20 14:59:21,,,
2019-07,荷兰,8702.00,4844.32,8702.00,2332.10,2332.10,662,2019-07-31 00:00:00,1,0,2024-07-20 14:59:21,0,2024-07-20 14:59:21,,,
2019-07,马来西亚,90.00,-99.67,27716.70,24.60,3237.80,663,2019-07-31 00:00:00,1,0,2024-07-20 14:59:21,0,2024-07-20 14:59:21,,,
2019-07,蒙古,1.90,-97.02,231.30,0.10,9.00,664,2019-07-31 00:00:00,1,0,2024-07-20 14:59:21,0,2024-07-20 14:59:21,,,
2019-07,缅甸,66.10,-65.49,1613.20,5.80,159.00,665,2019-07-31 00:00:00,1,0,2024-07-20 14:59:21,0,2024-07-20 14:59:21,,,
2019-07,日本,72976.40,7.71,486240.50,13563.90,92440.60,666,2019-07-31 00:00:00,1,0,2024-07-20 14:59:21,0,2024-07-20 14:59:21,,,
2019-07,泰国,514.10,219.09,878.30,71.60,175.10,667,2019-07-31 00:00:00,1,0,2024-07-20 14:59:21,0,2024-07-20 14:59:21,,,
2019-07,西班牙,1.00,-97.73,1.00,0.60,0.60,668,2019-07-31 00:00:00,1,0,2024-07-20 14:59:21,0,2024-07-20 14:59:21,,,
2019-07,印尼,6421.00,-82.24,171041.00,1178.20,30008.10,669,2019-07-31 00:00:00,1,0,2024-07-20 14:59:21,0,2024-07-20 14:59:21,,,
2019-06,巴基斯坦,499.50,0.43,1994.80,133.20,450.50,670,2019-06-30 00:00:00,1,0,2024-07-20 14:59:21,0,2024-07-20 14:59:21,,,
2019-06,菲律宾,271.30,611.94,309.40,81.80,94.80,671,2019-06-30 00:00:00,1,0,2024-07-20 14:59:21,0,2024-07-20 14:59:21,,,
2019-06,韩国,22143.00,-71.26,451598.70,3932.90,85056.00,672,2019-06-30 00:00:00,1,0,2024-07-20 14:59:21,0,2024-07-20 14:59:21,,,
2019-06,马来西亚,27498.00,68645.00,27626.70,3176.00,3213.20,673,2019-06-30 00:00:00,1,0,2024-07-20 14:59:21,0,2024-07-20 14:59:21,,,
2019-06,缅甸,191.40,-83.30,1547.20,25.60,153.20,674,2019-06-30 00:00:00,1,0,2024-07-20 14:59:21,0,2024-07-20 14:59:21,,,
2019-06,日本,67750.00,3.23,413264.10,12819.60,78876.60,675,2019-06-30 00:00:00,1,0,2024-07-20 14:59:21,0,2024-07-20 14:59:21,,,
2019-06,沙特阿拉伯,60.00,-70.00,952.00,11.50,233.30,676,2019-06-30 00:00:00,1,0,2024-07-20 14:59:21,0,2024-07-20 14:59:21,,,
2019-06,泰国,161.10,120.68,364.20,44.20,103.60,677,2019-06-30 00:00:00,1,0,2024-07-20 14:59:21,0,2024-07-20 14:59:21,,,
2019-06,印尼,36160.00,0.00,164620.00,6397.20,28829.90,678,2019-06-30 00:00:00,1,0,2024-07-20 14:59:21,0,2024-07-20 14:59:21,,,
2019-06,约旦,39.70,297.00,39.70,12.30,12.30,679,2019-06-30 00:00:00,1,0,2024-07-20 14:59:21,0,2024-07-20 14:59:21,,,
2019-05,阿根廷,24.00,-21.05,54.40,5.00,12.60,680,2019-05-31 00:00:00,1,0,2024-07-20 14:59:21,0,2024-07-20 14:59:21,,,
2019-05,巴基斯坦,497.40,-0.80,1495.30,129.90,317.20,681,2019-05-31 00:00:00,1,0,2024-07-20 14:59:21,0,2024-07-20 14:59:21,,,
2019-05,菲律宾,38.10,-49.20,38.10,13.00,13.00,682,2019-05-31 00:00:00,1,0,2024-07-20 14:59:21,0,2024-07-20 14:59:21,,,
2019-05,刚果(金),22.00,100.00,22.00,0.30,0.30,683,2019-05-31 00:00:00,1,0,2024-07-20 14:59:21,0,2024-07-20 14:59:21,,,
2019-05,韩国,77057.00,-10.12,429455.70,14992.40,81123.10,684,2019-05-31 00:00:00,1,0,2024-07-20 14:59:21,0,2024-07-20 14:59:21,,,
2019-05,马来西亚,40.00,100.00,128.70,10.80,37.20,685,2019-05-31 00:00:00,1,0,2024-07-20 14:59:21,0,2024-07-20 14:59:21,,,
2019-05,蒙古,64.90,-60.58,229.40,3.90,8.90,686,2019-05-31 00:00:00,1,0,2024-07-20 14:59:21,0,2024-07-20 14:59:21,,,
2019-05,缅甸,1146.30,1816.81,1355.80,103.00,127.60,687,2019-05-31 00:00:00,1,0,2024-07-20 14:59:21,0,2024-07-20 14:59:21,,,
2019-05,日本,65627.30,9.47,345514.10,12669.10,66057.10,688,2019-05-31 00:00:00,1,0,2024-07-20 14:59:21,0,2024-07-20 14:59:21,,,
2019-05,沙特阿拉伯,200.00,-71.10,892.00,49.80,221.80,689,2019-05-31 00:00:00,1,0,2024-07-20 14:59:21,0,2024-07-20 14:59:21,,,
2019-05,台湾省,100.00,-99.23,80627.00,7.50,14747.60,690,2019-05-31 00:00:00,1,0,2024-07-20 14:59:21,0,2024-07-20 14:59:21,,,
2019-05,泰国,73.00,62.04,203.10,22.00,59.40,691,2019-05-31 00:00:00,1,0,2024-07-20 14:59:24,0,2024-07-20 14:59:24,,,
2019-05,印尼,36160.00,251.41,128460.00,6393.40,22432.70,692,2019-05-31 00:00:00,1,0,2024-07-20 14:59:24,0,2024-07-20 14:59:24,,,
2019-04,澳大利亚,40.00,-90.29,40.00,9.40,9.40,693,2019-04-30 00:00:00,1,0,2024-07-20 14:59:24,0,2024-07-20 14:59:24,,,
2019-04,韩国,85731.60,120.87,352398.70,16708.70,66130.80,694,2019-04-30 00:00:00,1,0,2024-07-20 14:59:24,0,2024-07-20 14:59:24,,,
2019-04,马来西亚,20.00,19.57,88.70,5.40,26.40,695,2019-04-30 00:00:00,1,0,2024-07-20 14:59:24,0,2024-07-20 14:59:24,,,
2019-04,缅甸,59.80,-60.05,209.50,5.20,24.60,696,2019-04-30 00:00:00,1,0,2024-07-20 14:59:24,0,2024-07-20 14:59:24,,,
2019-04,日本,59951.00,84.12,279886.80,11346.20,53388.00,697,2019-04-30 00:00:00,1,0,2024-07-20 14:59:24,0,2024-07-20 14:59:24,,,
2019-04,沙特阿拉伯,692.00,92.22,692.00,172.00,172.00,698,2019-04-30 00:00:00,1,0,2024-07-20 14:59:24,0,2024-07-20 14:59:24,,,
2019-04,苏丹,12.80,664.18,12.80,2.20,2.20,699,2019-04-30 00:00:00,1,0,2024-07-20 14:59:24,0,2024-07-20 14:59:24,,,
2019-04,台湾省,13019.00,-60.77,80527.00,2382.50,14740.10,700,2019-04-30 00:00:00,1,0,2024-07-20 14:59:24,0,2024-07-20 14:59:24,,,
2019-04,泰国,45.10,2.27,130.10,12.70,37.40,701,2019-04-30 00:00:00,1,0,2024-07-20 14:59:24,0,2024-07-20 14:59:24,,,
2019-04,印尼,10290.00,-80.25,92300.00,1728.70,16039.30,702,2019-04-30 00:00:00,1,0,2024-07-20 14:59:24,0,2024-07-20 14:59:24,,,
2019-03,阿尔及利亚,80.00,207.69,80.00,24.40,24.40,703,2019-03-31 00:00:00,1,0,2024-07-20 14:59:24,0,2024-07-20 14:59:24,,,
2019-03,巴基斯坦,501.40,0.97,997.90,94.40,187.30,704,2019-03-31 00:00:00,1,0,2024-07-20 14:59:24,0,2024-07-20 14:59:24,,,
2019-03,韩国,38815.10,36.81,266667.10,7570.00,49422.10,705,2019-03-31 00:00:00,1,0,2024-07-20 14:59:24,0,2024-07-20 14:59:24,,,
2019-03,马来西亚,16.70,39.38,68.70,6.20,21.00,706,2019-03-31 00:00:00,1,0,2024-07-20 14:59:24,0,2024-07-20 14:59:24,,,
2019-03,蒙古,164.50,1545.00,164.50,4.90,4.90,707,2019-03-31 00:00:00,1,0,2024-07-20 14:59:24,0,2024-07-20 14:59:24,,,
2019-03,尼日利亚,6.00,100.00,6.00,1.80,1.80,708,2019-03-31 00:00:00,1,0,2024-07-20 14:59:24,0,2024-07-20 14:59:24,,,
2019-03,日本,32560.00,-49.85,219935.80,6444.00,42041.80,709,2019-03-31 00:00:00,1,0,2024-07-20 14:59:24,0,2024-07-20 14:59:24,,,
2019-03,台湾省,33185.00,-3.16,67508.00,6071.50,12357.70,710,2019-03-31 00:00:00,1,0,2024-07-20 14:59:24,0,2024-07-20 14:59:24,,,
2019-03,泰国,44.10,7.44,85.10,14.10,24.70,711,2019-03-31 00:00:00,1,0,2024-07-20 14:59:24,0,2024-07-20 14:59:24,,,
2019-03,文莱,16.00,-77.05,16.00,0.50,0.50,712,2019-03-31 00:00:00,1,0,2024-07-20 14:59:24,0,2024-07-20 14:59:24,,,
2019-03,伊拉克,24.50,-60.48,24.50,23.90,23.90,713,2019-03-31 00:00:00,1,0,2024-07-20 14:59:24,0,2024-07-20 14:59:24,,,
2019-03,印度,15.00,-91.53,192.10,3.40,76.60,714,2019-03-31 00:00:00,1,0,2024-07-20 14:59:24,0,2024-07-20 14:59:24,,,
2019-03,印尼,52103.00,160.00,82010.00,8742.20,14310.60,715,2019-03-31 00:00:00,1,0,2024-07-20 14:59:24,0,2024-07-20 14:59:24,,,
2019-03,智利,4.30,-82.08,4.30,2.30,2.30,716,2019-03-31 00:00:00,1,0,2024-07-20 14:59:24,0,2024-07-20 14:59:24,,,
2019-02,阿根廷,30.40,-49.33,30.40,7.50,7.50,717,2019-02-28 00:00:00,1,0,2024-07-20 14:59:24,0,2024-07-20 14:59:24,,,
2019-02,韩国,28372.00,-85.78,227852.00,5394.70,41852.10,718,2019-02-28 00:00:00,1,0,2024-07-20 14:59:24,0,2024-07-20 14:59:24,,,
2019-02,马来西亚,12.00,-70.00,52.00,3.60,14.80,719,2019-02-28 00:00:00,1,0,2024-07-20 14:59:24,0,2024-07-20 14:59:24,,,
2019-02,日本,64924.00,-46.98,187375.80,12545.50,35597.80,720,2019-02-28 00:00:00,1,0,2024-07-20 14:59:24,0,2024-07-20 14:59:24,,,
2019-02,台湾省,34269.00,63361.11,34323.00,6271.20,6286.20,721,2019-02-28 00:00:00,1,0,2024-07-20 14:59:27,0,2024-07-20 14:59:27,,,
2019-02,印度,177.10,342.80,177.10,73.30,73.30,722,2019-02-28 00:00:00,1,0,2024-07-20 14:59:27,0,2024-07-20 14:59:27,,,
2019-02,印尼,20040.00,103.10,29907.00,3742.00,5568.40,723,2019-02-28 00:00:00,1,0,2024-07-20 14:59:27,0,2024-07-20 14:59:27,,,
2019-02,越南,0.00,-100.00,0.00,0.00,0.00,724,2019-02-28 00:00:00,1,0,2024-07-20 14:59:27,0,2024-07-20 14:59:27,,,
2019-01,巴基斯坦,496.50,1642.23,496.50,92.90,92.90,725,2019-01-31 00:00:00,1,0,2024-07-20 14:59:27,0,2024-07-20 14:59:27,,,
2019-01,韩国,199480.00,45.27,199480.00,36457.40,36457.40,726,2019-01-31 00:00:00,1,0,2024-07-20 14:59:27,0,2024-07-20 14:59:27,,,
2019-01,马来西亚,40.00,-50.00,40.00,11.20,11.20,727,2019-01-31 00:00:00,1,0,2024-07-20 14:59:27,0,2024-07-20 14:59:27,,,
2019-01,缅甸,149.70,-97.02,149.70,19.50,19.50,728,2019-01-31 00:00:00,1,0,2024-07-20 14:59:27,0,2024-07-20 14:59:27,,,
2019-01,日本,122451.80,270.51,122451.80,23052.30,23052.30,729,2019-01-31 00:00:00,1,0,2024-07-20 14:59:27,0,2024-07-20 14:59:27,,,
2019-01,斯里兰卡,33.00,32.00,33.00,8.00,8.00,730,2019-01-31 00:00:00,1,0,2024-07-20 14:59:27,0,2024-07-20 14:59:27,,,
2019-01,台湾省,54.00,35.00,54.00,15.00,15.00,731,2019-01-31 00:00:00,1,0,2024-07-20 14:59:27,0,2024-07-20 14:59:27,,,
2019-01,泰国,41.00,86.58,41.00,10.60,10.60,732,2019-01-31 00:00:00,1,0,2024-07-20 14:59:27,0,2024-07-20 14:59:27,,,
2019-01,印尼,9867.00,16.08,9867.00,1826.40,1826.40,733,2019-01-31 00:00:00,1,0,2024-07-20 14:59:27,0,2024-07-20 14:59:27,,,
2018-12,韩国,137312.80,68.43,1005835.80,25163.60,185440.00,734,2018-12-31 00:00:00,1,0,2024-07-20 14:59:27,0,2024-07-20 14:59:27,,,
2018-12,马来西亚,80.00,117.83,748.90,19.60,255.30,735,2018-12-31 00:00:00,1,0,2024-07-20 14:59:27,0,2024-07-20 14:59:27,,,
2018-12,缅甸,5017.90,299.19,8912.20,456.90,874.10,736,2018-12-31 00:00:00,1,0,2024-07-20 14:59:27,0,2024-07-20 14:59:27,,,
2018-12,日本,33049.90,-26.47,633889.30,6342.90,121890.80,737,2018-12-31 00:00:00,1,0,2024-07-20 14:59:27,0,2024-07-20 14:59:27,,,
2018-12,沙特阿拉伯,360.00,500.00,2640.00,62.50,699.80,738,2018-12-31 00:00:00,1,0,2024-07-20 14:59:27,0,2024-07-20 14:59:27,,,
2018-12,泰国,22.00,-8.63,543.70,5.00,155.00,739,2018-12-31 00:00:00,1,0,2024-07-20 14:59:27,0,2024-07-20 14:59:27,,,
2018-12,印尼,8500.00,42400.00,47194.50,1561.50,7271.80,740,2018-12-31 00:00:00,1,0,2024-07-20 14:59:27,0,2024-07-20 14:59:27,,,
2018-12,越南,14341.10,123.97,47868.10,526.30,2122.20,741,2018-12-31 00:00:00,1,0,2024-07-20 14:59:27,0,2024-07-20 14:59:27,,,
2018-11,阿尔及利亚,26.00,-87.69,26.00,5.90,5.90,742,2018-11-30 00:00:00,1,0,2024-07-20 14:59:27,0,2024-07-20 14:59:27,,,
2018-11,巴基斯坦,28.50,-28.03,548.40,7.40,155.20,743,2018-11-30 00:00:00,1,0,2024-07-20 14:59:27,0,2024-07-20 14:59:27,,,
2018-11,韩国,81525.20,-0.63,868523.00,15058.40,160276.40,744,2018-11-30 00:00:00,1,0,2024-07-20 14:59:27,0,2024-07-20 14:59:27,,,
2018-11,马来西亚,36.70,83.63,668.90,12.50,235.70,745,2018-11-30 00:00:00,1,0,2024-07-20 14:59:27,0,2024-07-20 14:59:27,,,
2018-11,缅甸,1257.00,197.25,3894.30,122.10,417.20,746,2018-11-30 00:00:00,1,0,2024-07-20 14:59:27,0,2024-07-20 14:59:27,,,
2018-11,日本,44949.80,15.18,600839.40,8504.10,115547.90,747,2018-11-30 00:00:00,1,0,2024-07-20 14:59:27,0,2024-07-20 14:59:27,,,
2018-11,台湾省,40.00,-99.61,80748.00,6.50,15027.20,748,2018-11-30 00:00:00,1,0,2024-07-20 14:59:27,0,2024-07-20 14:59:27,,,
2018-11,泰国,24.10,-66.67,521.70,7.70,150.00,749,2018-11-30 00:00:00,1,0,2024-07-20 14:59:27,0,2024-07-20 14:59:27,,,
2018-11,越南,6403.10,50.41,33526.90,290.60,1595.90,750,2018-11-30 00:00:00,1,0,2024-07-20 14:59:27,0,2024-07-20 14:59:27,,,
2024-06,阿根廷,27.00,-38.64,150.10,5.90,52.30,781,2024-06-30 00:00:00,1,0,2024-08-01 10:42:56,0,2024-08-01 10:42:56,,,
2024-06,澳大利亚,20.00,0.00,80.00,7.30,30.20,782,2024-06-30 00:00:00,1,0,2024-08-01 10:42:56,0,2024-08-01 10:42:56,,,
2024-06,巴基斯坦,17.50,45.83,17.50,4.40,4.40,783,2024-06-30 00:00:00,1,0,2024-08-01 10:42:56,0,2024-08-01 10:42:56,,,
2024-06,韩国,48250.40,72.18,175677.70,9046.20,32481.10,784,2024-06-30 00:00:00,1,0,2024-08-01 10:42:56,0,2024-08-01 10:42:56,,,
2024-06,马来西亚,9.60,-77.76,6696.00,3.70,1162.00,785,2024-06-30 00:00:00,1,0,2024-08-01 10:42:56,0,2024-08-01 10:42:56,,,
2024-06,孟加拉国,5.00,-90.38,109.00,1.80,33.30,786,2024-06-30 00:00:00,1,0,2024-08-01 10:42:56,0,2024-08-01 10:42:56,,,
2024-06,缅甸,282.90,194.09,475.10,72.60,98.30,787,2024-06-30 00:00:00,1,0,2024-08-01 10:42:56,0,2024-08-01 10:42:56,,,
2024-06,日本,32070.00,44.86,196977.70,6582.00,50415.30,788,2024-06-30 00:00:00,1,0,2024-08-01 10:42:56,0,2024-08-01 10:42:56,,,
2024-06,台湾省,80.00,-61.31,398.80,21.90,113.00,789,2024-06-30 00:00:00,1,0,2024-08-01 10:42:56,0,2024-08-01 10:42:56,,,
2024-06,泰国,26.70,-85.08,506.10,10.50,153.80,790,2024-06-30 00:00:00,1,0,2024-08-01 10:42:56,0,2024-08-01 10:42:56,,,
2024-06,西班牙,6.40,-68.00,26.40,3.80,11.10,791,2024-06-30 00:00:00,1,0,2024-08-01 10:42:56,0,2024-08-01 10:42:56,,,
2024-06,印度,72.00,157.14,150.00,17.60,34.40,792,2024-06-30 00:00:00,1,0,2024-08-01 10:42:56,0,2024-08-01 10:42:56,,,
2024-06,印尼,32498.00,-74.48,536607.60,5998.10,104586.10,793,2024-06-30 00:00:00,1,0,2024-08-01 10:42:56,0,2024-08-01 10:42:56,,,
2024-09,阿根廷,27.00,0.00,177.10,5.20,57.40,794,2024-09-30 00:00:00,1,0,2024-11-07 01:49:26,0,2024-11-07 01:49:26,,,
2024-09,阿曼,84.00,0.00,224.00,39.10,96.60,795,2024-09-30 00:00:00,1,0,2024-11-07 01:49:26,0,2024-11-07 01:49:26,,,
2024-09,韩国,93820.00,-28.53,557766.90,16887.70,102160.30,796,2024-09-30 00:00:00,1,0,2024-11-07 01:49:26,0,2024-11-07 01:49:26,,,
2024-09,马来西亚,264.00,-89.79,14577.40,54.10,2347.50,797,2024-09-30 00:00:00,1,0,2024-11-07 01:49:26,0,2024-11-07 01:49:26,,,
2024-09,美国,9.50,90.00,19.50,3.90,13.40,798,2024-09-30 00:00:00,1,0,2024-11-07 01:49:26,0,2024-11-07 01:49:26,,,
2024-09,日本,13540.00,-53.54,256608.80,2828.70,65409.70,799,2024-09-30 00:00:00,1,0,2024-11-07 01:49:26,0,2024-11-07 01:49:26,,,
2024-09,沙特阿拉伯,160.00,30.59,282.50,42.90,73.80,800,2024-09-30 00:00:00,1,0,2024-11-07 01:49:26,0,2024-11-07 01:49:26,,,
2024-09,苏丹,15.00,-73.20,15.00,6.50,6.50,801,2024-09-30 00:00:00,1,0,2024-11-07 01:49:26,0,2024-11-07 01:49:26,,,
2024-09,泰国,48.10,-1.33,651.10,15.30,203.00,802,2024-09-30 00:00:00,1,0,2024-11-07 01:49:26,0,2024-11-07 01:49:26,,,
2024-09,土耳其,28.00,-99.80,28.00,10.80,10.80,803,2024-09-30 00:00:00,1,0,2024-11-07 01:49:26,0,2024-11-07 01:49:26,,,
2024-09,香港,5.00,-98.77,710.00,2.00,273.40,804,2024-09-30 00:00:00,1,0,2024-11-07 01:49:26,0,2024-11-07 01:49:26,,,
2024-09,印尼,133790.90,-43.92,1167120.90,25667.50,229105.10,805,2024-09-30 00:00:00,1,0,2024-11-07 01:49:26,0,2024-11-07 01:49:26,,,
2024-08,巴基斯坦,1.50,-91.43,19.00,0.30,4.70,806,2024-08-31 00:00:00,1,0,2024-11-07 01:49:26,0,2024-11-07 01:49:26,,,
2024-08,比利时,90335.00,70.42,143341.00,19849.50,32041.90,807,2024-08-31 00:00:00,1,0,2024-11-07 01:49:26,0,2024-11-07 01:49:26,,,
2024-08,玻利维亚,67.10,5868.71,67.10,26.30,26.30,808,2024-08-31 00:00:00,1,0,2024-11-07 01:49:26,0,2024-11-07 01:49:26,,,
2024-08,韩国,131273.00,-16.38,463946.90,24679.30,85272.50,809,2024-08-31 00:00:00,1,0,2024-11-07 01:49:26,0,2024-11-07 01:49:26,,,
2024-08,荷兰,3700.00,-94.80,145892.00,747.40,29636.70,810,2024-08-31 00:00:00,1,0,2024-11-07 01:49:26,0,2024-11-07 01:49:26,,,
2024-08,卡塔尔,140.00,0.00,420.00,79.80,239.40,811,2024-08-31 00:00:00,1,0,2024-11-07 01:49:26,0,2024-11-07 01:49:26,,,
2024-08,马来西亚,2586.00,-48.60,14313.40,350.10,2293.40,812,2024-08-31 00:00:00,1,0,2024-11-07 01:49:26,0,2024-11-07 01:49:26,,,
2024-08,日本,29146.30,72.01,243068.80,6277.10,62581.00,813,2024-08-31 00:00:00,1,0,2024-11-07 01:49:26,0,2024-11-07 01:49:26,,,
2024-08,台湾省,140.00,75.00,538.80,41.30,154.30,814,2024-08-31 00:00:00,1,0,2024-11-07 01:49:26,0,2024-11-07 01:49:26,,,
2024-08,泰国,48.80,1.35,603.00,19.60,187.60,815,2024-08-31 00:00:00,1,0,2024-11-07 01:49:26,0,2024-11-07 01:49:26,,,
2024-08,坦桑尼亚,5.00,400.00,5.00,0.90,0.90,816,2024-08-31 00:00:00,1,0,2024-11-07 01:49:26,0,2024-11-07 01:49:26,,,
2024-08,印尼,238571.40,-7.58,1033330.00,49871.50,203437.60,817,2024-08-31 00:00:00,1,0,2024-11-07 01:49:26,0,2024-11-07 01:49:26,,,
2024-07,阿拉伯联合酋长国,58200.30,51.17,96713.30,11594.80,20068.70,818,2024-07-31 00:00:00,1,0,2024-11-07 01:49:26,0,2024-11-07 01:49:26,,,
2024-07,德国,80.00,-20.00,180.00,24.00,56.80,819,2024-07-31 00:00:00,1,0,2024-11-07 01:49:26,0,2024-11-07 01:49:26,,,
2024-07,菲律宾,29.00,-54.58,45682.70,11.70,13220.00,820,2024-07-31 00:00:00,1,0,2024-11-07 01:49:26,0,2024-11-07 01:49:26,,,
2024-07,韩国,156996.20,225.38,332674.00,28112.10,60593.20,821,2024-07-31 00:00:00,1,0,2024-11-07 01:49:26,0,2024-11-07 01:49:26,,,
2024-07,马来西亚,5031.40,52147.56,11727.40,781.30,1943.30,822,2024-07-31 00:00:00,1,0,2024-11-07 01:49:26,0,2024-11-07 01:49:26,,,
2024-07,缅甸,286.40,1.24,761.50,82.40,180.70,823,2024-07-31 00:00:00,1,0,2024-11-07 01:49:26,0,2024-11-07 01:49:26,,,
2024-07,日本,16944.90,-47.16,213922.50,5888.50,56303.90,824,2024-07-31 00:00:00,1,0,2024-11-07 01:49:30,0,2024-11-07 01:49:30,,,
2024-07,泰国,48.10,80.15,554.20,14.30,168.10,825,2024-07-31 00:00:00,1,0,2024-11-07 01:49:30,0,2024-11-07 01:49:30,,,
2024-07,西班牙,20.00,212.50,46.40,6.90,18.10,826,2024-07-31 00:00:00,1,0,2024-11-07 01:49:30,0,2024-11-07 01:49:30,,,
2024-07,以色列,11.00,-95.60,661.00,14.90,216.50,827,2024-07-31 00:00:00,1,0,2024-11-07 01:49:30,0,2024-11-07 01:49:30,,,
2024-07,印度,24.00,-66.67,174.00,6.50,40.90,828,2024-07-31 00:00:00,1,0,2024-11-07 01:49:30,0,2024-11-07 01:49:30,,,
2024-07,印尼,258151.00,694.36,794758.60,48979.90,153566.10,829,2024-07-31 00:00:00,1,0,2024-11-07 01:49:30,0,2024-11-07 01:49:30,,,
2024-10,阿尔及利亚,1063.00,564.38,1063.00,665.60,665.60,830,2024-10-31 00:00:00,1,0,2024-11-21 23:18:04,0,2024-11-21 23:18:04,,,
2024-10,俄罗斯,14.20,-82.89,14.20,3.00,3.00,831,2024-10-31 00:00:00,1,0,2024-11-21 23:18:04,0,2024-11-21 23:18:04,,,
2024-10,韩国,101838.00,8.55,659604.90,16139.50,118299.80,832,2024-10-31 00:00:00,1,0,2024-11-21 23:18:04,0,2024-11-21 23:18:04,,,
2024-10,卡塔尔,10.00,-92.86,430.00,3.50,242.90,833,2024-10-31 00:00:00,1,0,2024-11-21 23:18:04,0,2024-11-21 23:18:04,,,
2024-10,卢旺达,44.00,100.00,44.00,6.50,6.50,834,2024-10-31 00:00:00,1,0,2024-11-21 23:18:04,0,2024-11-21 23:18:04,,,
2024-10,马来西亚,45433.00,17109.47,60010.40,6343.00,8690.50,835,2024-10-31 00:00:00,1,0,2024-11-21 23:18:04,0,2024-11-21 23:18:04,,,
2024-10,孟加拉国,10.00,100.00,119.00,1.80,35.10,836,2024-10-31 00:00:00,1,0,2024-11-21 23:18:04,0,2024-11-21 23:18:04,,,
2024-10,日本,35144.50,159.56,291753.20,10071.30,75481.00,837,2024-10-31 00:00:00,1,0,2024-11-21 23:18:04,0,2024-11-21 23:18:04,,,
2024-10,斯里兰卡,25.00,127.56,25.00,4.50,4.50,838,2024-10-31 00:00:00,1,0,2024-11-21 23:18:04,0,2024-11-21 23:18:04,,,
2024-10,台湾省,420.00,200.00,958.80,124.30,278.60,839,2024-10-31 00:00:00,1,0,2024-11-21 23:18:04,0,2024-11-21 23:18:04,,,
2024-10,泰国,49.10,2.00,700.10,18.60,221.50,840,2024-10-31 00:00:00,1,0,2024-11-21 23:18:04,0,2024-11-21 23:18:04,,,
2024-10,西班牙,24.00,20.00,70.40,9.70,27.70,841,2024-10-31 00:00:00,1,0,2024-11-21 23:18:04,0,2024-11-21 23:18:04,,,
2024-10,印度,75.00,212.50,249.00,23.20,64.00,842,2024-10-31 00:00:00,1,0,2024-11-21 23:18:04,0,2024-11-21 23:18:04,,,
2024-10,印尼,250258.00,87.05,1417378.90,47580.80,276685.90,843,2024-10-31 00:00:00,1,0,2024-11-21 23:18:04,0,2024-11-21 23:18:04,,,
2024-10,约旦,6.00,-40.00,16.00,5.70,15.70,844,2024-10-31 00:00:00,1,0,2024-11-21 23:18:04,0,2024-11-21 23:18:04,,,
2024-11,阿根廷,27.00,0.00,204.10,4.60,62.10,845,2024-11-30 00:00:00,1,0,2024-12-20 23:18:42,0,2024-12-20 23:18:42,,,
2024-11,博茨瓦纳,22.50,100.00,22.50,6.40,6.40,846,2024-11-30 00:00:00,1,0,2024-12-20 23:18:42,0,2024-12-20 23:18:42,,,
2024-11,厄瓜多尔,0.80,-99.22,111.80,0.50,41.20,847,2024-11-30 00:00:00,1,0,2024-12-20 23:18:42,0,2024-12-20 23:18:42,,,
2024-11,菲律宾,22.10,-23.91,45704.80,6.80,13226.70,848,2024-11-30 00:00:00,1,0,2024-12-20 23:18:42,0,2024-12-20 23:18:42,,,
2024-11,韩国,5161.80,-94.93,664766.70,1037.30,119337.10,849,2024-11-30 00:00:00,1,0,2024-12-20 23:18:42,0,2024-12-20 23:18:42,,,
2024-11,马来西亚,226.30,-99.50,60236.80,43.20,8733.70,850,2024-11-30 00:00:00,1,0,2024-12-20 23:18:42,0,2024-12-20 23:18:42,,,
2024-11,孟加拉国,52.00,420.00,171.00,19.10,54.10,851,2024-11-30 00:00:00,1,0,2024-12-20 23:18:42,0,2024-12-20 23:18:42,,,
2024-11,日本,27038.90,-23.06,318792.20,5434.00,80915.00,852,2024-11-30 00:00:00,1,0,2024-12-20 23:18:42,0,2024-12-20 23:18:42,,,
2024-11,沙特阿拉伯,700.00,337.50,982.50,129.50,203.30,853,2024-11-30 00:00:00,1,0,2024-12-20 23:18:42,0,2024-12-20 23:18:42,,,
2024-11,斯洛文尼亚,1.00,-95.45,1.00,1.10,1.10,854,2024-11-30 00:00:00,1,0,2024-12-20 23:18:42,0,2024-12-20 23:18:42,,,
2024-11,台湾省,230.00,-45.24,1188.80,68.80,347.40,855,2024-11-30 00:00:00,1,0,2024-12-20 23:18:42,0,2024-12-20 23:18:42,,,
2024-11,泰国,49.10,-0.02,749.20,11.80,233.30,856,2024-11-30 00:00:00,1,0,2024-12-20 23:18:42,0,2024-12-20 23:18:42,,,
2024-11,意大利,1.50,-99.99,34886.10,0.40,7130.70,857,2024-11-30 00:00:00,1,0,2024-12-20 23:18:42,0,2024-12-20 23:18:42,,,
2024-11,印尼,189710.00,-24.19,1607088.90,36368.60,313054.50,858,2024-11-30 00:00:00,1,0,2024-12-20 23:18:42,0,2024-12-20 23:18:42,,,
2024-11,智利,224.00,1017.21,224.00,71.30,71.30,859,2024-11-30 00:00:00,1,0,2024-12-20 23:18:42,0,2024-12-20 23:18:42,,,
2024-12,阿尔及利亚,1021.00,-3.95,2084.00,660.60,1326.20,860,2024-12-31 00:00:00,1,0,2025-01-21 23:17:34,0,2025-01-21 23:17:34,,,
2024-12,韩国,114907.00,2126.10,779673.70,18174.80,137511.90,861,2024-12-31 00:00:00,1,0,2025-01-21 23:17:34,0,2025-01-21 23:17:34,,,
2024-12,马来西亚,60.00,-73.49,60296.80,21.00,8754.70,862,2024-12-31 00:00:00,1,0,2025-01-21 23:17:34,0,2025-01-21 23:17:34,,,
2024-12,美国,1.00,-89.74,20.50,3.30,16.70,863,2024-12-31 00:00:00,1,0,2025-01-21 23:17:34,0,2025-01-21 23:17:34,,,
2024-12,日本,2175.20,-91.96,320967.30,637.30,81552.30,864,2024-12-31 00:00:00,1,0,2025-01-21 23:17:34,0,2025-01-21 23:17:34,,,
2024-12,沙特阿拉伯,270.00,-61.43,1252.50,69.00,272.30,865,2024-12-31 00:00:00,1,0,2025-01-21 23:17:34,0,2025-01-21 23:17:34,,,
2024-12,台湾省,142.20,-38.18,1330.90,32.10,379.50,866,2024-12-31 00:00:00,1,0,2025-01-21 23:17:34,0,2025-01-21 23:17:34,,,
2024-12,泰国,1028.00,1995.82,1777.20,228.80,462.10,867,2024-12-31 00:00:00,1,0,2025-01-21 23:17:34,0,2025-01-21 23:17:34,,,
2024-12,印尼,174768.00,-7.88,1781856.90,33494.70,346549.20,868,2024-12-31 00:00:00,1,0,2025-01-21 23:17:34,0,2025-01-21 23:17:34,,,
2024-12,越南,12.30,-85.38,96.30,29.20,47.70,869,2024-12-31 00:00:00,1,0,2025-01-21 23:17:34,0,2025-01-21 23:17:34,,,
2025-01,巴基斯坦,3.00,100.00,3.00,0.50,0.50,870,2025-01-31 00:00:00,1,0,2025-03-20 23:17:46,0,2025-03-20 23:17:46,,,
2025-01,菲律宾,17.50,-20.46,17.50,7.00,7.00,871,2025-01-31 00:00:00,1,0,2025-03-20 23:17:46,0,2025-03-20 23:17:46,,,
2025-01,刚果(金),1.00,-90.91,1.00,0.40,0.40,872,2025-01-31 00:00:00,1,0,2025-03-20 23:17:46,0,2025-03-20 23:17:46,,,
2025-01,韩国,16641.00,-85.52,16641.00,2929.20,2929.20,873,2025-01-31 00:00:00,1,0,2025-03-20 23:17:46,0,2025-03-20 23:17:46,,,
2025-01,加拿大,3.50,-95.62,3.50,2.80,2.80,874,2025-01-31 00:00:00,1,0,2025-03-20 23:17:46,0,2025-03-20 23:17:46,,,
2025-01,马来西亚,122.70,104.52,122.70,29.60,29.60,875,2025-01-31 00:00:00,1,0,2025-03-20 23:17:46,0,2025-03-20 23:17:46,,,
2025-01,美国,0.30,-74.36,0.30,0.40,0.40,876,2025-01-31 00:00:00,1,0,2025-03-20 23:17:46,0,2025-03-20 23:17:46,,,
2025-01,孟加拉国,347.40,568.08,347.40,78.10,78.10,877,2025-01-31 00:00:00,1,0,2025-03-20 23:17:46,0,2025-03-20 23:17:46,,,
2025-01,日本,16578.80,662.19,16578.80,4116.00,4116.00,878,2025-01-31 00:00:00,1,0,2025-03-20 23:17:46,0,2025-03-20 23:17:46,,,
2025-01,台湾省,20.00,-85.93,20.00,4.00,4.00,879,2025-01-31 00:00:00,1,0,2025-03-20 23:17:46,0,2025-03-20 23:17:46,,,
2025-01,泰国,594.70,-42.15,594.70,143.70,143.70,880,2025-01-31 00:00:00,1,0,2025-03-20 23:17:46,0,2025-03-20 23:17:46,,,
2025-01,伊朗,20.00,-84.00,20.00,5.20,5.20,881,2025-01-31 00:00:00,1,0,2025-03-20 23:17:46,0,2025-03-20 23:17:46,,,
2025-01,印尼,136991.00,-21.62,136991.00,25389.40,25389.40,882,2025-01-31 00:00:00,1,0,2025-03-20 23:17:46,0,2025-03-20 23:17:46,,,
2025-02,阿根廷,81.00,200.00,81.00,14.00,14.00,883,2025-02-28 00:00:00,1,0,2025-03-21 23:17:18,0,2025-03-21 23:17:18,,,
2025-02,韩国,55039.80,230.75,71680.80,8261.10,11190.20,884,2025-02-28 00:00:00,1,0,2025-03-21 23:17:18,0,2025-03-21 23:17:18,,,
2025-02,马来西亚,684.30,457.71,807.00,159.90,189.50,885,2025-02-28 00:00:00,1,0,2025-03-21 23:17:18,0,2025-03-21 23:17:18,,,
2025-02,孟加拉国,387.90,11.65,735.30,80.20,158.40,886,2025-02-28 00:00:00,1,0,2025-03-21 23:17:18,0,2025-03-21 23:17:18,,,
2025-02,日本,2165.80,-86.94,18744.60,612.90,4728.90,887,2025-02-28 00:00:00,1,0,2025-03-21 23:17:18,0,2025-03-21 23:17:18,,,
2025-02,泰国,541.90,-8.87,1136.50,121.60,265.40,888,2025-02-28 00:00:00,1,0,2025-03-21 23:17:18,0,2025-03-21 23:17:18,,,
2025-02,印尼,103958.00,-24.11,240949.00,18731.10,44120.50,889,2025-02-28 00:00:00,1,0,2025-03-21 23:17:18,0,2025-03-21 23:17:18,,,
2025-03,阿根廷,3.00,-96.30,84.00,2.40,16.40,890,2025-03-31 00:00:00,1,0,2025-04-21 23:18:32,0,2025-04-21 23:18:32,,,
2025-03,埃及,54.00,-10.00,54.00,6.00,6.00,891,2025-03-31 00:00:00,1,0,2025-04-21 23:18:32,0,2025-04-21 23:18:32,,,
2025-03,菲律宾,23.00,31.34,40.60,6.70,13.70,892,2025-03-31 00:00:00,1,0,2025-04-21 23:18:32,0,2025-04-21 23:18:32,,,
2025-03,韩国,75267.30,36.75,146948.10,11114.30,22304.50,893,2025-03-31 00:00:00,1,0,2025-04-21 23:18:32,0,2025-04-21 23:18:32,,,
2025-03,柬埔寨,419.90,4099.30,419.90,63.80,63.80,894,2025-03-31 00:00:00,1,0,2025-04-21 23:18:32,0,2025-04-21 23:18:32,,,
2025-03,黎巴嫩,1.00,100.00,1.00,0.70,0.70,895,2025-03-31 00:00:00,1,0,2025-04-21 23:18:32,0,2025-04-21 23:18:32,,,
2025-03,马来西亚,435.00,-36.43,1241.90,103.00,292.50,896,2025-03-31 00:00:00,1,0,2025-04-21 23:18:32,0,2025-04-21 23:18:32,,,
2025-03,摩洛哥,49.20,96.80,49.20,20.50,20.50,897,2025-03-31 00:00:00,1,0,2025-04-21 23:18:32,0,2025-04-21 23:18:32,,,
2025-03,日本,39450.90,1721.58,58195.50,8191.70,12920.70,898,2025-03-31 00:00:00,1,0,2025-04-21 23:18:32,0,2025-04-21 23:18:32,,,
2025-03,台湾省,20.00,0.00,40.00,5.40,9.40,899,2025-03-31 00:00:00,1,0,2025-04-21 23:18:32,0,2025-04-21 23:18:32,,,
2025-03,泰国,573.70,5.88,1710.30,132.70,398.10,900,2025-03-31 00:00:00,1,0,2025-04-21 23:18:32,0,2025-04-21 23:18:32,,,
2025-03,印尼,159321.00,53.26,400270.00,26094.30,70214.80,901,2025-03-31 00:00:00,1,0,2025-04-21 23:18:32,0,2025-04-21 23:18:32,,,
2025-03,英国,60.00,-99.70,60.00,22.70,22.70,902,2025-03-31 00:00:00,1,0,2025-04-21 23:18:32,0,2025-04-21 23:18:32,,,
2025-04,阿曼,56.00,-33.33,56.00,27.70,27.70,903,2025-04-30 00:00:00,1,0,2025-05-21 23:17:42,0,2025-05-21 23:17:42,,,
2025-04,巴基斯坦,995.90,33096.67,998.90,190.10,190.60,904,2025-04-30 00:00:00,1,0,2025-05-21 23:17:42,0,2025-05-21 23:17:42,,,
2025-04,菲律宾,86.80,276.94,127.40,24.00,37.70,905,2025-04-30 00:00:00,1,0,2025-05-21 23:17:42,0,2025-05-21 23:17:42,,,
2025-04,韩国,71291.80,-5.28,218239.90,10007.00,32311.50,906,2025-04-30 00:00:00,1,0,2025-05-21 23:17:42,0,2025-05-21 23:17:42,,,
2025-04,马达加斯加,35.00,93.58,35.00,23.40,23.40,907,2025-04-30 00:00:00,1,0,2025-05-21 23:17:42,0,2025-05-21 23:17:42,,,
2025-04,马来西亚,894.80,105.72,2136.80,210.20,502.70,908,2025-04-30 00:00:00,1,0,2025-05-21 23:17:42,0,2025-05-21 23:17:42,,,
2025-04,孟加拉国,458.20,18.14,1193.50,107.60,265.90,909,2025-04-30 00:00:00,1,0,2025-05-21 23:17:42,0,2025-05-21 23:17:42,,,
2025-04,日本,2182.40,-94.47,60377.80,600.10,13520.80,910,2025-04-30 00:00:00,1,0,2025-05-21 23:17:42,0,2025-05-21 23:17:42,,,
2025-04,泰国,616.50,7.45,2326.80,151.80,549.90,911,2025-04-30 00:00:00,1,0,2025-05-21 23:17:42,0,2025-05-21 23:17:42,,,
2025-04,意大利,0.30,-80.00,0.30,0.60,0.60,912,2025-04-30 00:00:00,1,0,2025-05-21 23:17:42,0,2025-05-21 23:17:42,,,
2025-04,印尼,203712.00,27.86,603982.00,33238.20,103452.90,913,2025-04-30 00:00:00,1,0,2025-05-21 23:17:42,0,2025-05-21 23:17:42,,,
2025-04,约旦,2.50,-58.33,2.50,1.20,1.20,914,2025-04-30 00:00:00,1,0,2025-05-21 23:17:42,0,2025-05-21 23:17:42,,,
2025-05,阿根廷,20.00,566.67,104.00,3.80,20.20,915,2025-05-31 00:00:00,1,0,2025-06-20 23:18:54,0,2025-06-20 23:18:54,,,
2025-05,比利时,100.00,-99.89,100.00,26.50,26.50,916,2025-05-31 00:00:00,1,0,2025-06-20 23:18:54,0,2025-06-20 23:18:54,,,
2025-05,厄瓜多尔,12.00,1500.00,12.00,3.50,3.50,917,2025-05-31 00:00:00,1,0,2025-06-20 23:18:54,0,2025-06-20 23:18:54,,,
2025-05,韩国,30812.00,-56.78,249051.90,4604.30,36915.80,918,2025-05-31 00:00:00,1,0,2025-06-20 23:18:54,0,2025-06-20 23:18:54,,,
2025-05,荷兰,22000.00,494.59,22000.00,3278.00,3278.00,919,2025-05-31 00:00:00,1,0,2025-06-20 23:18:54,0,2025-06-20 23:18:54,,,
2025-05,柬埔寨,102.90,-75.50,522.80,18.50,82.30,920,2025-05-31 00:00:00,1,0,2025-06-20 23:18:54,0,2025-06-20 23:18:54,,,
2025-05,科威特,8.00,-60.00,8.00,1.40,1.40,921,2025-05-31 00:00:00,1,0,2025-06-20 23:18:54,0,2025-06-20 23:18:54,,,
2025-05,马来西亚,906.20,1.27,3042.90,199.50,702.20,922,2025-05-31 00:00:00,1,0,2025-06-20 23:18:54,0,2025-06-20 23:18:54,,,
2025-05,美国,12.00,4700.00,12.30,5.40,5.80,923,2025-05-31 00:00:00,1,0,2025-06-20 23:18:54,0,2025-06-20 23:18:54,,,
2025-05,孟加拉国,26.00,-94.33,1219.50,2.90,268.80,924,2025-05-31 00:00:00,1,0,2025-06-20 23:18:54,0,2025-06-20 23:18:54,,,
2025-05,缅甸,481.60,68.14,481.60,108.70,108.70,925,2025-05-31 00:00:00,1,0,2025-06-20 23:18:54,0,2025-06-20 23:18:54,,,
2025-05,日本,21195.00,871.20,81572.80,5979.00,19499.80,926,2025-05-31 00:00:00,1,0,2025-06-20 23:18:54,0,2025-06-20 23:18:54,,,
2025-05,瑞典,501.40,-99.35,501.40,92.80,92.80,927,2025-05-31 00:00:00,1,0,2025-06-20 23:18:54,0,2025-06-20 23:18:54,,,
2025-05,苏丹,56.00,273.33,56.00,16.80,16.80,928,2025-05-31 00:00:00,1,0,2025-06-20 23:18:54,0,2025-06-20 23:18:54,,,
2025-05,台湾省,16.00,-20.00,56.00,6.50,15.90,929,2025-05-31 00:00:00,1,0,2025-06-20 23:18:54,0,2025-06-20 23:18:54,,,
2025-05,泰国,1468.70,138.23,3795.40,332.60,882.50,930,2025-05-31 00:00:00,1,0,2025-06-20 23:18:54,0,2025-06-20 23:18:54,,,
2025-05,印尼,178565.60,-12.34,782547.60,27404.90,130857.90,931,2025-05-31 00:00:00,1,0,2025-06-20 23:18:54,0,2025-06-20 23:18:54,,,
2025-05,乍得,1.60,-77.14,1.60,18.30,18.30,932,2025-05-31 00:00:00,1,0,2025-06-20 23:18:54,0,2025-06-20 23:18:54,,,
2025-06,阿尔及利亚,48.00,-95.30,48.00,13.40,13.40,933,2025-06-30 00:00:00,1,0,2025-07-23 23:17:14,0,2025-07-23 23:17:14,,,
2025-06,阿根廷,2.00,-90.00,106.00,0.90,21.10,934,2025-06-30 00:00:00,1,0,2025-07-23 23:17:14,0,2025-07-23 23:17:14,,,
2025-06,阿拉伯联合酋长国,26.00,-99.96,26.00,8.70,8.70,935,2025-06-30 00:00:00,1,0,2025-07-23 23:17:14,0,2025-07-23 23:17:14,,,
2025-06,埃塞俄比亚,5.60,-53.75,5.60,1.20,1.20,936,2025-06-30 00:00:00,1,0,2025-07-23 23:17:14,0,2025-07-23 23:17:14,,,
2025-06,德国,9.40,-88.30,9.40,11.70,11.70,937,2025-06-30 00:00:00,1,0,2025-07-23 23:17:14,0,2025-07-23 23:17:14,,,
2025-06,刚果(布),5259.30,-19.20,5259.30,1325.30,1325.30,938,2025-06-30 00:00:00,1,0,2025-07-23 23:17:14,0,2025-07-23 23:17:14,,,
2025-06,哈萨克斯坦,2.60,-97.46,2.60,1.00,1.00,939,2025-06-30 00:00:00,1,0,2025-07-23 23:17:14,0,2025-07-23 23:17:14,,,
2025-06,韩国,40781.70,32.36,289833.60,5381.70,42297.60,940,2025-06-30 00:00:00,1,0,2025-07-23 23:17:14,0,2025-07-23 23:17:14,,,
2025-06,加拿大,5.00,42.86,8.50,5.30,8.10,941,2025-06-30 00:00:00,1,0,2025-07-23 23:17:14,0,2025-07-23 23:17:14,,,
2025-06,津巴布韦,10.30,100.00,10.30,7.80,7.80,942,2025-06-30 00:00:00,1,0,2025-07-23 23:17:14,0,2025-07-23 23:17:14,,,
2025-06,马来西亚,471.40,-47.98,3514.30,107.00,809.10,943,2025-06-30 00:00:00,1,0,2025-07-23 23:17:14,0,2025-07-23 23:17:14,,,
2025-06,缅甸,183.00,-62.00,664.60,24.20,132.90,944,2025-06-30 00:00:00,1,0,2025-07-23 23:17:14,0,2025-07-23 23:17:14,,,
2025-06,日本,36013.10,69.91,117585.80,6747.00,26246.80,945,2025-06-30 00:00:00,1,0,2025-07-23 23:17:14,0,2025-07-23 23:17:14,,,
2025-06,台湾省,40.00,150.00,96.00,9.70,25.70,946,2025-06-30 00:00:00,1,0,2025-07-23 23:17:14,0,2025-07-23 23:17:14,,,
2025-06,泰国,554.50,-62.25,4349.90,124.20,1006.70,947,2025-06-30 00:00:00,1,0,2025-07-23 23:17:14,0,2025-07-23 23:17:14,,,
2025-06,乌拉圭,5.00,-77.27,5.00,2.30,2.30,948,2025-06-30 00:00:00,1,0,2025-07-23 23:17:14,0,2025-07-23 23:17:14,,,
2025-06,乌兹别克斯坦,22.00,-62.23,22.00,7.90,7.90,949,2025-06-30 00:00:00,1,0,2025-07-23 23:17:14,0,2025-07-23 23:17:14,,,
2025-06,以色列,3.00,-72.73,3.00,4.80,4.80,950,2025-06-30 00:00:00,1,0,2025-07-23 23:17:14,0,2025-07-23 23:17:14,,,
2025-06,印尼,151312.00,-15.26,933859.60,22285.60,153143.50,951,2025-06-30 00:00:00,1,0,2025-07-23 23:17:14,0,2025-07-23 23:17:14,,,
2025-07,阿根廷,18.00,800.00,124.00,3.70,24.70,952,2025-07-31 00:00:00,1,0,2025-08-21 23:16:20,0,2025-08-21 23:16:20,,,
2025-07,埃及,24.00,-55.56,78.00,6.50,12.50,953,2025-07-31 00:00:00,1,0,2025-08-21 23:16:20,0,2025-08-21 23:16:20,,,
2025-07,巴拿马,20.00,377.55,20.00,6.70,6.70,954,2025-07-31 00:00:00,1,0,2025-08-21 23:16:20,0,2025-08-21 23:16:20,,,
2025-07,菲律宾,86.90,0.07,214.30,34.10,71.80,955,2025-07-31 00:00:00,1,0,2025-08-21 23:16:20,0,2025-08-21 23:16:20,,,
2025-07,哈萨克斯坦,1.00,-63.64,3.60,0.30,1.30,956,2025-07-31 00:00:00,1,0,2025-08-21 23:16:20,0,2025-08-21 23:16:20,,,
2025-07,韩国,67362.60,65.18,357196.20,9881.60,52179.20,957,2025-07-31 00:00:00,1,0,2025-08-21 23:16:20,0,2025-08-21 23:16:20,,,
2025-07,荷兰,10132.30,-53.94,32132.30,1808.50,5086.50,958,2025-07-31 00:00:00,1,0,2025-08-21 23:16:20,0,2025-08-21 23:16:20,,,
2025-07,马达加斯加,6.00,-82.86,41.00,4.60,28.00,959,2025-07-31 00:00:00,1,0,2025-08-21 23:16:20,0,2025-08-21 23:16:20,,,
2025-07,马来西亚,977.60,107.40,4492.00,209.00,1018.10,960,2025-07-31 00:00:00,1,0,2025-08-21 23:16:20,0,2025-08-21 23:16:20,,,
2025-07,美国,4.00,-66.67,16.30,4.40,10.20,961,2025-07-31 00:00:00,1,0,2025-08-21 23:16:20,0,2025-08-21 23:16:20,,,
2025-07,孟加拉国,20.00,-23.08,1239.50,4.20,273.00,962,2025-07-31 00:00:00,1,0,2025-08-21 23:16:20,0,2025-08-21 23:16:20,,,
2025-07,缅甸,735.00,301.64,1399.60,128.80,261.70,963,2025-07-31 00:00:00,1,0,2025-08-21 23:16:20,0,2025-08-21 23:16:20,,,
2025-07,尼泊尔,15.00,100.00,15.00,10.20,10.20,964,2025-07-31 00:00:00,1,0,2025-08-21 23:16:20,0,2025-08-21 23:16:20,,,
2025-07,沙特阿拉伯,300.00,11.11,300.00,74.90,74.90,965,2025-07-31 00:00:00,1,0,2025-08-21 23:16:20,0,2025-08-21 23:16:20,,,
2025-07,苏丹,252.00,350.00,308.00,83.00,99.70,966,2025-07-31 00:00:00,1,0,2025-08-21 23:16:20,0,2025-08-21 23:16:20,,,
2025-07,泰国,792.40,42.91,5142.30,174.60,1181.40,967,2025-07-31 00:00:00,1,0,2025-08-21 23:16:20,0,2025-08-21 23:16:20,,,
2025-07,坦桑尼亚,15.00,200.00,15.00,6.30,6.30,968,2025-07-31 00:00:00,1,0,2025-08-21 23:16:20,0,2025-08-21 23:16:20,,,
2025-07,香港,2.00,-60.00,2.00,0.90,0.90,969,2025-07-31 00:00:00,1,0,2025-08-21 23:16:20,0,2025-08-21 23:16:20,,,
2025-07,印尼,185629.20,22.68,1119488.80,24504.60,177648.10,970,2025-07-31 00:00:00,1,0,2025-08-21 23:16:20,0,2025-08-21 23:16:20,,,
