时间,地区,当月值(亿千瓦时),同比增长(%),累计值(亿千瓦时),累计增长(%),_ID,_DATA_TIME,_ACTIVE,_CREATE_ID,_CREATE_TIME,_UPDATE_ID,_UPDATE_TIME,_REMARK,_CHANGE_LOG,_RESERVE
2024-06,全国,668.60,12.70,4755.20,6.90,1,2024-06-30 00:00:00,1,0,2024-07-20 15:34:02,0,2024-07-20 15:34:02,,,
2024-06,新疆区,63.60,18.90,352.50,16.00,2,2024-06-30 00:00:00,1,0,2024-07-20 15:34:02,0,2024-07-20 15:34:02,,,
2024-06,宁夏区,20.20,-12.50,132.50,-7.50,3,2024-06-30 00:00:00,1,0,2024-07-20 15:34:02,0,2024-07-20 15:34:02,,,
2024-06,青海省,8.30,-19.10,60.80,-9.20,4,2024-06-30 00:00:00,1,0,2024-07-20 15:34:02,0,2024-07-20 15:34:02,,,
2024-06,甘肃省,36.70,-0.80,217.70,5.60,5,2024-06-30 00:00:00,1,0,2024-07-20 15:34:02,0,2024-07-20 15:34:02,,,
2024-06,陕西省,15.50,5.00,92.50,-10.10,6,2024-06-30 00:00:00,1,0,2024-07-20 15:34:02,0,2024-07-20 15:34:02,,,
2024-06,西藏区,,,,,7,2024-06-30 00:00:00,1,0,2024-07-20 15:34:02,0,2024-07-20 15:34:02,,,
2024-06,云南省,22.50,54.80,250.20,50.20,8,2024-06-30 00:00:00,1,0,2024-07-20 15:34:02,0,2024-07-20 15:34:02,,,
2024-06,贵州省,7.80,-14.80,65.70,4.30,9,2024-06-30 00:00:00,1,0,2024-07-20 15:34:02,0,2024-07-20 15:34:02,,,
2024-06,四川省,9.90,-7.00,115.00,20.30,10,2024-06-30 00:00:00,1,0,2024-07-20 15:34:02,0,2024-07-20 15:34:02,,,
2024-06,重庆市,2.40,-29.90,18.90,-2.60,11,2024-06-30 00:00:00,1,0,2024-07-20 15:34:02,0,2024-07-20 15:34:02,,,
2024-06,海南省,0.40,36.40,2.30,-4.00,12,2024-06-30 00:00:00,1,0,2024-07-20 15:34:02,0,2024-07-20 15:34:02,,,
2024-06,广西区,20.70,46.50,141.60,14.50,13,2024-06-30 00:00:00,1,0,2024-07-20 15:34:02,0,2024-07-20 15:34:02,,,
2024-06,广东省,23.00,-0.80,186.60,5.10,14,2024-06-30 00:00:00,1,0,2024-07-20 15:34:02,0,2024-07-20 15:34:02,,,
2024-06,湖南省,16.70,11.20,107.90,2.80,15,2024-06-30 00:00:00,1,0,2024-07-20 15:34:02,0,2024-07-20 15:34:02,,,
2024-06,湖北省,8.70,-24.40,73.80,-16.00,16,2024-06-30 00:00:00,1,0,2024-07-20 15:34:02,0,2024-07-20 15:34:02,,,
2024-06,河南省,26.30,0.40,189.20,-6.10,17,2024-06-30 00:00:00,1,0,2024-07-20 15:34:02,0,2024-07-20 15:34:02,,,
2024-06,山东省,41.80,19.00,311.80,14.10,18,2024-06-30 00:00:00,1,0,2024-07-20 15:34:02,0,2024-07-20 15:34:02,,,
2024-06,江西省,12.30,31.30,60.90,-7.40,19,2024-06-30 00:00:00,1,0,2024-07-20 15:34:02,0,2024-07-20 15:34:02,,,
2024-06,福建省,19.20,108.40,112.10,8.10,20,2024-06-30 00:00:00,1,0,2024-07-20 15:34:02,0,2024-07-20 15:34:02,,,
2024-06,安徽省,8.10,-9.80,63.00,-9.70,21,2024-06-30 00:00:00,1,0,2024-07-20 15:34:02,0,2024-07-20 15:34:02,,,
2024-06,浙江省,9.00,29.30,63.70,32.80,22,2024-06-30 00:00:00,1,0,2024-07-20 15:34:02,0,2024-07-20 15:34:02,,,
2024-06,江苏省,32.30,-9.20,277.90,-2.50,23,2024-06-30 00:00:00,1,0,2024-07-20 15:34:02,0,2024-07-20 15:34:02,,,
2024-06,上海市,1.30,-3.10,11.80,-2.90,24,2024-06-30 00:00:00,1,0,2024-07-20 15:34:02,0,2024-07-20 15:34:02,,,
2024-06,黑龙江省,16.80,31.70,133.80,13.10,25,2024-06-30 00:00:00,1,0,2024-07-20 15:34:02,0,2024-07-20 15:34:02,,,
2024-06,吉林省,22.00,26.70,144.30,-2.20,26,2024-06-30 00:00:00,1,0,2024-07-20 15:34:02,0,2024-07-20 15:34:02,,,
2024-06,辽宁省,26.60,29.30,176.30,8.80,27,2024-06-30 00:00:00,1,0,2024-07-20 15:34:02,0,2024-07-20 15:34:02,,,
2024-06,内蒙古区,116.20,26.70,792.40,18.60,28,2024-06-30 00:00:00,1,0,2024-07-20 15:34:02,0,2024-07-20 15:34:02,,,
2024-06,山西省,32.40,2.40,244.00,-9.80,29,2024-06-30 00:00:00,1,0,2024-07-20 15:34:02,0,2024-07-20 15:34:02,,,
2024-06,河北省,45.80,4.10,338.70,-1.20,30,2024-06-30 00:00:00,1,0,2024-07-20 15:34:02,0,2024-07-20 15:34:02,,,
2024-06,天津市,2.20,0.20,16.20,2.70,31,2024-06-30 00:00:00,1,0,2024-07-20 15:34:05,0,2024-07-20 15:34:05,,,
2024-06,北京市,0.10,1486.40,0.70,5.40,32,2024-06-30 00:00:00,1,0,2024-07-20 15:34:05,0,2024-07-20 15:34:05,,,
2024-05,新疆区,67.30,2.80,287.80,15.00,33,2024-05-31 00:00:00,1,0,2024-07-20 15:34:05,0,2024-07-20 15:34:05,,,
2024-05,宁夏区,26.90,-2.70,112.30,-6.70,34,2024-05-31 00:00:00,1,0,2024-07-20 15:34:05,0,2024-07-20 15:34:05,,,
2024-05,青海省,10.20,-12.70,52.50,-7.40,35,2024-05-31 00:00:00,1,0,2024-07-20 15:34:05,0,2024-07-20 15:34:05,,,
2024-05,甘肃省,45.20,19.60,178.20,5.20,36,2024-05-31 00:00:00,1,0,2024-07-20 15:34:05,0,2024-07-20 15:34:05,,,
2024-05,陕西省,17.70,-7.40,77.10,-12.60,37,2024-05-31 00:00:00,1,0,2024-07-20 15:34:05,0,2024-07-20 15:34:05,,,
2024-05,西藏区,0.00,0.00,0.00,0.00,38,2024-05-31 00:00:00,1,0,2024-07-20 15:34:05,0,2024-07-20 15:34:05,,,
2024-05,云南省,25.50,-12.30,226.80,49.20,39,2024-05-31 00:00:00,1,0,2024-07-20 15:34:05,0,2024-07-20 15:34:05,,,
2024-05,贵州省,9.80,-24.70,57.20,6.30,40,2024-05-31 00:00:00,1,0,2024-07-20 15:34:05,0,2024-07-20 15:34:05,,,
2024-05,四川省,13.20,-21.10,105.50,24.40,41,2024-05-31 00:00:00,1,0,2024-07-20 15:34:05,0,2024-07-20 15:34:05,,,
2024-05,重庆市,3.60,-19.10,15.90,-0.50,42,2024-05-31 00:00:00,1,0,2024-07-20 15:34:05,0,2024-07-20 15:34:05,,,
2024-05,海南省,0.20,-40.40,1.90,-9.30,43,2024-05-31 00:00:00,1,0,2024-07-20 15:34:05,0,2024-07-20 15:34:05,,,
2024-05,广西区,18.40,-16.30,119.00,8.90,44,2024-05-31 00:00:00,1,0,2024-07-20 15:34:05,0,2024-07-20 15:34:05,,,
2024-05,广东省,28.10,-9.60,163.60,5.90,45,2024-05-31 00:00:00,1,0,2024-07-20 15:34:05,0,2024-07-20 15:34:05,,,
2024-05,湖南省,13.90,-27.30,83.40,-7.40,46,2024-05-31 00:00:00,1,0,2024-07-20 15:34:05,0,2024-07-20 15:34:05,,,
2024-05,湖北省,11.90,-26.90,65.10,-14.80,47,2024-05-31 00:00:00,1,0,2024-07-20 15:34:05,0,2024-07-20 15:34:05,,,
2024-05,河南省,30.80,-18.60,162.90,-6.90,48,2024-05-31 00:00:00,1,0,2024-07-20 15:34:05,0,2024-07-20 15:34:05,,,
2024-05,山东省,51.20,6.50,272.00,14.50,49,2024-05-31 00:00:00,1,0,2024-07-20 15:34:05,0,2024-07-20 15:34:05,,,
2024-05,江西省,8.20,-31.20,48.60,-13.90,50,2024-05-31 00:00:00,1,0,2024-07-20 15:34:05,0,2024-07-20 15:34:05,,,
2024-05,福建省,16.30,5.00,92.90,-1.70,51,2024-05-31 00:00:00,1,0,2024-07-20 15:34:05,0,2024-07-20 15:34:05,,,
2024-05,安徽省,10.60,-6.00,55.00,-9.50,52,2024-05-31 00:00:00,1,0,2024-07-20 15:34:05,0,2024-07-20 15:34:05,,,
2024-05,浙江省,9.30,15.10,54.70,33.40,53,2024-05-31 00:00:00,1,0,2024-07-20 15:34:05,0,2024-07-20 15:34:05,,,
2024-05,江苏省,38.10,-19.40,245.60,-1.50,54,2024-05-31 00:00:00,1,0,2024-07-20 15:34:05,0,2024-07-20 15:34:05,,,
2024-05,上海市,1.80,-25.30,10.50,-2.90,55,2024-05-31 00:00:00,1,0,2024-07-20 15:34:05,0,2024-07-20 15:34:05,,,
2024-05,黑龙江省,22.40,4.60,114.50,8.50,56,2024-05-31 00:00:00,1,0,2024-07-20 15:34:05,0,2024-07-20 15:34:05,,,
2024-05,吉林省,25.20,-4.70,119.30,-8.30,57,2024-05-31 00:00:00,1,0,2024-07-20 15:34:05,0,2024-07-20 15:34:05,,,
2024-05,辽宁省,31.80,3.80,145.80,3.00,58,2024-05-31 00:00:00,1,0,2024-07-20 15:34:05,0,2024-07-20 15:34:05,,,
2024-05,内蒙古区,135.70,14.40,665.90,15.50,59,2024-05-31 00:00:00,1,0,2024-07-20 15:34:05,0,2024-07-20 15:34:05,,,
2024-05,山西省,36.00,-17.60,211.90,-11.30,60,2024-05-31 00:00:00,1,0,2024-07-20 15:34:05,0,2024-07-20 15:34:05,,,
2024-05,河北省,58.80,1.60,288.00,-3.60,61,2024-05-31 00:00:00,1,0,2024-07-20 15:34:08,0,2024-07-20 15:34:08,,,
2024-05,天津市,3.20,14.80,14.10,3.10,62,2024-05-31 00:00:00,1,0,2024-07-20 15:34:08,0,2024-07-20 15:34:08,,,
2024-05,北京市,0.10,22.70,0.70,-3.40,63,2024-05-31 00:00:00,1,0,2024-07-20 15:34:08,0,2024-07-20 15:34:08,,,
2024-05,全国,771.50,-3.30,4048.30,5.00,64,2024-05-31 00:00:00,1,0,2024-07-20 15:34:08,0,2024-07-20 15:34:08,,,
2024-04,全国,807.60,-8.40,3250.40,6.30,65,2024-04-30 00:00:00,1,0,2024-07-20 15:34:08,0,2024-07-20 15:34:08,,,
2024-04,新疆区,65.30,6.20,219.20,18.50,66,2024-04-30 00:00:00,1,0,2024-07-20 15:34:08,0,2024-07-20 15:34:08,,,
2024-04,宁夏区,21.70,-16.40,83.30,-10.00,67,2024-04-30 00:00:00,1,0,2024-07-20 15:34:08,0,2024-07-20 15:34:08,,,
2024-04,青海省,10.80,-25.90,42.30,-6.00,68,2024-04-30 00:00:00,1,0,2024-07-20 15:34:08,0,2024-07-20 15:34:08,,,
2024-04,甘肃省,36.90,-15.10,123.00,-6.50,69,2024-04-30 00:00:00,1,0,2024-07-20 15:34:08,0,2024-07-20 15:34:08,,,
2024-04,陕西省,16.60,-16.30,59.40,-14.10,70,2024-04-30 00:00:00,1,0,2024-07-20 15:34:08,0,2024-07-20 15:34:08,,,
2024-04,西藏区,,,,,71,2024-04-30 00:00:00,1,0,2024-07-20 15:34:08,0,2024-07-20 15:34:08,,,
2024-04,云南省,52.60,57.30,199.30,62.20,72,2024-04-30 00:00:00,1,0,2024-07-20 15:34:08,0,2024-07-20 15:34:08,,,
2024-04,贵州省,10.70,-16.80,47.50,16.20,73,2024-04-30 00:00:00,1,0,2024-07-20 15:34:08,0,2024-07-20 15:34:08,,,
2024-04,四川省,20.40,13.10,92.40,35.70,74,2024-04-30 00:00:00,1,0,2024-07-20 15:34:08,0,2024-07-20 15:34:08,,,
2024-04,重庆市,3.70,-12.00,12.30,6.70,75,2024-04-30 00:00:00,1,0,2024-07-20 15:34:08,0,2024-07-20 15:34:08,,,
2024-04,海南省,0.50,33.60,1.70,-0.70,76,2024-04-30 00:00:00,1,0,2024-07-20 15:34:08,0,2024-07-20 15:34:08,,,
2024-04,广西区,24.50,4.50,100.60,15.30,77,2024-04-30 00:00:00,1,0,2024-07-20 15:34:08,0,2024-07-20 15:34:08,,,
2024-04,广东省,27.60,-4.00,135.40,9.70,78,2024-04-30 00:00:00,1,0,2024-07-20 15:34:08,0,2024-07-20 15:34:08,,,
2024-04,湖南省,15.80,-24.70,67.50,-5.30,79,2024-04-30 00:00:00,1,0,2024-07-20 15:34:08,0,2024-07-20 15:34:08,,,
2024-04,湖北省,12.80,-34.50,53.20,-11.50,80,2024-04-30 00:00:00,1,0,2024-07-20 15:34:08,0,2024-07-20 15:34:08,,,
2024-04,河南省,34.00,-20.70,132.30,-3.70,81,2024-04-30 00:00:00,1,0,2024-07-20 15:34:08,0,2024-07-20 15:34:08,,,
2024-04,山东省,52.80,-11.20,217.30,13.80,82,2024-04-30 00:00:00,1,0,2024-07-20 15:34:08,0,2024-07-20 15:34:08,,,
2024-04,江西省,11.00,-9.50,40.40,-9.30,83,2024-04-30 00:00:00,1,0,2024-07-20 15:34:08,0,2024-07-20 15:34:08,,,
2024-04,福建省,14.60,15.30,76.50,-3.10,84,2024-04-30 00:00:00,1,0,2024-07-20 15:34:08,0,2024-07-20 15:34:08,,,
2024-04,安徽省,10.20,-33.70,44.40,-10.40,85,2024-04-30 00:00:00,1,0,2024-07-20 15:34:08,0,2024-07-20 15:34:08,,,
2024-04,浙江省,8.50,7.60,45.40,37.80,86,2024-04-30 00:00:00,1,0,2024-07-20 15:34:08,0,2024-07-20 15:34:08,,,
2024-04,江苏省,40.10,-30.90,207.50,2.60,87,2024-04-30 00:00:00,1,0,2024-07-20 15:34:08,0,2024-07-20 15:34:08,,,
2024-04,上海市,1.60,-31.70,8.70,3.50,88,2024-04-30 00:00:00,1,0,2024-07-20 15:34:08,0,2024-07-20 15:34:08,,,
2024-04,黑龙江省,25.40,5.50,92.00,9.50,89,2024-04-30 00:00:00,1,0,2024-07-20 15:34:08,0,2024-07-20 15:34:08,,,
2024-04,吉林省,27.20,-13.70,94.40,-8.70,90,2024-04-30 00:00:00,1,0,2024-07-20 15:34:08,0,2024-07-20 15:34:08,,,
2024-04,辽宁省,28.40,-14.20,114.10,3.30,91,2024-04-30 00:00:00,1,0,2024-07-20 15:34:12,0,2024-07-20 15:34:12,,,
2024-04,内蒙古区,132.70,3.30,524.10,14.50,92,2024-04-30 00:00:00,1,0,2024-07-20 15:34:12,0,2024-07-20 15:34:12,,,
2024-04,山西省,41.40,-25.90,176.30,-9.70,93,2024-04-30 00:00:00,1,0,2024-07-20 15:34:12,0,2024-07-20 15:34:12,,,
2024-04,河北省,56.70,-15.30,228.40,-5.10,94,2024-04-30 00:00:00,1,0,2024-07-20 15:34:12,0,2024-07-20 15:34:12,,,
2024-04,天津市,3.20,-10.40,10.90,0.20,95,2024-04-30 00:00:00,1,0,2024-07-20 15:34:12,0,2024-07-20 15:34:12,,,
2024-04,北京市,0.10,-35.10,0.60,-6.80,96,2024-04-30 00:00:00,1,0,2024-07-20 15:34:12,0,2024-07-20 15:34:12,,,
2024-03,全国,905.00,16.80,2419.40,11.00,97,2024-03-31 00:00:00,1,0,2024-07-20 15:34:12,0,2024-07-20 15:34:12,,,
2024-03,新疆区,57.50,17.30,153.50,24.10,98,2024-03-31 00:00:00,1,0,2024-07-20 15:34:12,0,2024-07-20 15:34:12,,,
2024-03,宁夏区,25.30,29.90,61.60,-7.60,99,2024-03-31 00:00:00,1,0,2024-07-20 15:34:12,0,2024-07-20 15:34:12,,,
2024-03,青海省,13.20,20.10,31.50,3.60,100,2024-03-31 00:00:00,1,0,2024-07-20 15:34:12,0,2024-07-20 15:34:12,,,
2024-03,甘肃省,33.60,,87.40,-1.90,101,2024-03-31 00:00:00,1,0,2024-07-20 15:34:12,0,2024-07-20 15:34:12,,,
2024-03,陕西省,17.40,2.40,42.80,-12.90,102,2024-03-31 00:00:00,1,0,2024-07-20 15:34:12,0,2024-07-20 15:34:12,,,
2024-03,西藏区,,,,,103,2024-03-31 00:00:00,1,0,2024-07-20 15:34:12,0,2024-07-20 15:34:12,,,
2024-03,云南省,51.80,60.00,145.90,61.20,104,2024-03-31 00:00:00,1,0,2024-07-20 15:34:12,0,2024-07-20 15:34:12,,,
2024-03,贵州省,14.30,40.20,37.20,32.80,105,2024-03-31 00:00:00,1,0,2024-07-20 15:34:12,0,2024-07-20 15:34:12,,,
2024-03,四川省,25.40,47.40,72.00,38.90,106,2024-03-31 00:00:00,1,0,2024-07-20 15:34:12,0,2024-07-20 15:34:12,,,
2024-03,重庆市,4.00,43.00,8.60,17.50,107,2024-03-31 00:00:00,1,0,2024-07-20 15:34:12,0,2024-07-20 15:34:12,,,
2024-03,海南省,0.40,52.80,1.20,-9.80,108,2024-03-31 00:00:00,1,0,2024-07-20 15:34:12,0,2024-07-20 15:34:12,,,
2024-03,广西区,28.50,37.90,74.60,17.00,109,2024-03-31 00:00:00,1,0,2024-07-20 15:34:12,0,2024-07-20 15:34:12,,,
2024-03,广东省,40.20,32.50,109.90,16.20,110,2024-03-31 00:00:00,1,0,2024-07-20 15:34:12,0,2024-07-20 15:34:12,,,
2024-03,湖南省,21.40,17.30,51.70,3.50,111,2024-03-31 00:00:00,1,0,2024-07-20 15:34:12,0,2024-07-20 15:34:12,,,
2024-03,湖北省,15.90,3.90,40.40,-0.50,112,2024-03-31 00:00:00,1,0,2024-07-20 15:34:12,0,2024-07-20 15:34:12,,,
2024-03,河南省,38.90,10.00,99.70,3.20,113,2024-03-31 00:00:00,1,0,2024-07-20 15:34:12,0,2024-07-20 15:34:12,,,
2024-03,山东省,62.60,18.10,160.50,22.00,114,2024-03-31 00:00:00,1,0,2024-07-20 15:34:12,0,2024-07-20 15:34:12,,,
2024-03,江西省,12.20,15.90,29.40,-8.50,115,2024-03-31 00:00:00,1,0,2024-07-20 15:34:12,0,2024-07-20 15:34:12,,,
2024-03,福建省,20.10,14.30,61.90,-6.90,116,2024-03-31 00:00:00,1,0,2024-07-20 15:34:12,0,2024-07-20 15:34:12,,,
2024-03,安徽省,13.40,2.40,34.30,0.10,117,2024-03-31 00:00:00,1,0,2024-07-20 15:34:12,0,2024-07-20 15:34:12,,,
2024-03,浙江省,12.20,62.70,36.90,47.40,118,2024-03-31 00:00:00,1,0,2024-07-20 15:34:12,0,2024-07-20 15:34:12,,,
2024-03,江苏省,58.70,8.10,169.00,17.30,119,2024-03-31 00:00:00,1,0,2024-07-20 15:34:12,0,2024-07-20 15:34:12,,,
2024-03,上海市,2.20,10.20,7.20,16.80,120,2024-03-31 00:00:00,1,0,2024-07-20 15:34:12,0,2024-07-20 15:34:12,,,
2024-03,黑龙江省,22.00,-5.90,63.80,6.10,121,2024-03-31 00:00:00,1,0,2024-07-20 15:34:14,0,2024-07-20 15:34:14,,,
2024-03,吉林省,25.90,-5.50,67.20,-4.50,122,2024-03-31 00:00:00,1,0,2024-07-20 15:34:14,0,2024-07-20 15:34:14,,,
2024-03,辽宁省,30.60,12.80,85.60,12.70,123,2024-03-31 00:00:00,1,0,2024-07-20 15:34:14,0,2024-07-20 15:34:14,,,
2024-03,内蒙古区,135.50,19.40,372.10,12.90,124,2024-03-31 00:00:00,1,0,2024-07-20 15:34:14,0,2024-07-20 15:34:14,,,
2024-03,山西省,51.00,6.60,134.80,-3.60,125,2024-03-31 00:00:00,1,0,2024-07-20 15:34:14,0,2024-07-20 15:34:14,,,
2024-03,河北省,67.30,8.90,170.80,-1.70,126,2024-03-31 00:00:00,1,0,2024-07-20 15:34:14,0,2024-07-20 15:34:14,,,
2024-03,天津市,3.40,23.20,7.40,5.40,127,2024-03-31 00:00:00,1,0,2024-07-20 15:34:14,0,2024-07-20 15:34:14,,,
2024-03,北京市,0.10,-21.70,0.50,2.50,128,2024-03-31 00:00:00,1,0,2024-07-20 15:34:14,0,2024-07-20 15:34:14,,,
2024-02,全国,,,1497.30,5.80,129,2024-02-29 00:00:00,1,0,2024-07-20 15:34:14,0,2024-07-20 15:34:14,,,
2024-02,新疆区,,,97.50,30.60,130,2024-02-29 00:00:00,1,0,2024-07-20 15:34:14,0,2024-07-20 15:34:14,,,
2024-02,宁夏区,,,36.50,-22.80,131,2024-02-29 00:00:00,1,0,2024-07-20 15:34:14,0,2024-07-20 15:34:14,,,
2024-02,青海省,,,18.40,-2.70,132,2024-02-29 00:00:00,1,0,2024-07-20 15:34:14,0,2024-07-20 15:34:14,,,
2024-02,甘肃省,,,53.70,-3.20,133,2024-02-29 00:00:00,1,0,2024-07-20 15:34:14,0,2024-07-20 15:34:14,,,
2024-02,陕西省,,,24.80,-21.70,134,2024-02-29 00:00:00,1,0,2024-07-20 15:34:14,0,2024-07-20 15:34:14,,,
2024-02,西藏区,,,,,135,2024-02-29 00:00:00,1,0,2024-07-20 15:34:14,0,2024-07-20 15:34:14,,,
2024-02,云南省,,,88.90,56.70,136,2024-02-29 00:00:00,1,0,2024-07-20 15:34:14,0,2024-07-20 15:34:14,,,
2024-02,贵州省,,,22.50,26.40,137,2024-02-29 00:00:00,1,0,2024-07-20 15:34:14,0,2024-07-20 15:34:14,,,
2024-02,四川省,,,46.70,34.90,138,2024-02-29 00:00:00,1,0,2024-07-20 15:34:14,0,2024-07-20 15:34:14,,,
2024-02,重庆市,,,4.60,4.50,139,2024-02-29 00:00:00,1,0,2024-07-20 15:34:14,0,2024-07-20 15:34:14,,,
2024-02,海南省,,,0.80,-26.60,140,2024-02-29 00:00:00,1,0,2024-07-20 15:34:14,0,2024-07-20 15:34:14,,,
2024-02,广西区,,,44.90,-10.10,141,2024-02-29 00:00:00,1,0,2024-07-20 15:34:14,0,2024-07-20 15:34:14,,,
2024-02,广东省,,,69.40,8.60,142,2024-02-29 00:00:00,1,0,2024-07-20 15:34:14,0,2024-07-20 15:34:14,,,
2024-02,湖南省,,,30.00,-5.60,143,2024-02-29 00:00:00,1,0,2024-07-20 15:34:14,0,2024-07-20 15:34:14,,,
2024-02,湖北省,,,23.70,-3.20,144,2024-02-29 00:00:00,1,0,2024-07-20 15:34:14,0,2024-07-20 15:34:14,,,
2024-02,河南省,,,60.80,-5.60,145,2024-02-29 00:00:00,1,0,2024-07-20 15:34:14,0,2024-07-20 15:34:14,,,
2024-02,山东省,,,97.60,23.50,146,2024-02-29 00:00:00,1,0,2024-07-20 15:34:14,0,2024-07-20 15:34:14,,,
2024-02,江西省,,,17.20,-20.40,147,2024-02-29 00:00:00,1,0,2024-07-20 15:34:14,0,2024-07-20 15:34:14,,,
2024-02,福建省,,,39.80,-18.50,148,2024-02-29 00:00:00,1,0,2024-07-20 15:34:14,0,2024-07-20 15:34:14,,,
2024-02,安徽省,,,20.90,-1.30,149,2024-02-29 00:00:00,1,0,2024-07-20 15:34:14,0,2024-07-20 15:34:14,,,
2024-02,浙江省,,,23.20,32.60,150,2024-02-29 00:00:00,1,0,2024-07-20 15:34:14,0,2024-07-20 15:34:14,,,
2024-02,江苏省,,,110.30,22.40,151,2024-02-29 00:00:00,1,0,2024-07-20 15:34:17,0,2024-07-20 15:34:17,,,
2024-02,上海市,,,4.90,20.00,152,2024-02-29 00:00:00,1,0,2024-07-20 15:34:17,0,2024-07-20 15:34:17,,,
2024-02,黑龙江省,,,41.60,13.30,153,2024-02-29 00:00:00,1,0,2024-07-20 15:34:17,0,2024-07-20 15:34:17,,,
2024-02,吉林省,,,40.00,-6.40,154,2024-02-29 00:00:00,1,0,2024-07-20 15:34:17,0,2024-07-20 15:34:17,,,
2024-02,辽宁省,,,55.10,12.70,155,2024-02-29 00:00:00,1,0,2024-07-20 15:34:17,0,2024-07-20 15:34:17,,,
2024-02,内蒙古区,,,230.80,6.20,156,2024-02-29 00:00:00,1,0,2024-07-20 15:34:17,0,2024-07-20 15:34:17,,,
2024-02,山西省,,,86.10,-7.80,157,2024-02-29 00:00:00,1,0,2024-07-20 15:34:17,0,2024-07-20 15:34:17,,,
2024-02,河北省,,,102.30,-8.60,158,2024-02-29 00:00:00,1,0,2024-07-20 15:34:17,0,2024-07-20 15:34:17,,,
2024-02,天津市,,,4.10,-5.80,159,2024-02-29 00:00:00,1,0,2024-07-20 15:34:17,0,2024-07-20 15:34:17,,,
2024-02,北京市,,,0.40,13.40,160,2024-02-29 00:00:00,1,0,2024-07-20 15:34:17,0,2024-07-20 15:34:17,,,
2023-12,新疆区,47.90,42.40,604.50,4.70,161,2023-12-31 00:00:00,1,0,2024-07-20 15:34:17,0,2024-07-20 15:34:17,,,
2023-12,宁夏区,28.70,11.80,278.90,7.00,162,2023-12-31 00:00:00,1,0,2024-07-20 15:34:17,0,2024-07-20 15:34:17,,,
2023-12,青海省,10.70,3.80,123.20,1.40,163,2023-12-31 00:00:00,1,0,2024-07-20 15:34:17,0,2024-07-20 15:34:17,,,
2023-12,甘肃省,36.60,37.80,411.90,20.50,164,2023-12-31 00:00:00,1,0,2024-07-20 15:34:17,0,2024-07-20 15:34:17,,,
2023-12,陕西省,15.60,9.70,170.80,2.40,165,2023-12-31 00:00:00,1,0,2024-07-20 15:34:17,0,2024-07-20 15:34:17,,,
2023-12,西藏区,0.00,0.00,0.00,0.00,166,2023-12-31 00:00:00,1,0,2024-07-20 15:34:17,0,2024-07-20 15:34:17,,,
2023-12,云南省,35.00,51.50,277.20,28.70,167,2023-12-31 00:00:00,1,0,2024-07-20 15:34:17,0,2024-07-20 15:34:17,,,
2023-12,贵州省,10.70,118.00,119.80,10.90,168,2023-12-31 00:00:00,1,0,2024-07-20 15:34:17,0,2024-07-20 15:34:17,,,
2023-12,四川省,18.60,46.50,167.40,23.70,169,2023-12-31 00:00:00,1,0,2024-07-20 15:34:17,0,2024-07-20 15:34:17,,,
2023-12,重庆市,2.50,54.10,38.20,13.80,170,2023-12-31 00:00:00,1,0,2024-07-20 15:34:17,0,2024-07-20 15:34:17,,,
2023-12,海南省,0.50,-26.60,4.80,-2.30,171,2023-12-31 00:00:00,1,0,2024-07-20 15:34:17,0,2024-07-20 15:34:17,,,
2023-12,广西区,22.50,-5.50,221.30,18.00,172,2023-12-31 00:00:00,1,0,2024-07-20 15:34:17,0,2024-07-20 15:34:17,,,
2023-12,广东省,37.00,0.20,305.20,13.80,173,2023-12-31 00:00:00,1,0,2024-07-20 15:34:17,0,2024-07-20 15:34:17,,,
2023-12,湖南省,17.70,20.00,198.90,10.60,174,2023-12-31 00:00:00,1,0,2024-07-20 15:34:17,0,2024-07-20 15:34:17,,,
2023-12,湖北省,13.00,-2.80,153.90,0.10,175,2023-12-31 00:00:00,1,0,2024-07-20 15:34:17,0,2024-07-20 15:34:17,,,
2023-12,河南省,28.80,-9.40,333.70,-5.00,176,2023-12-31 00:00:00,1,0,2024-07-20 15:34:17,0,2024-07-20 15:34:17,,,
2023-12,山东省,48.10,38.00,461.90,23.10,177,2023-12-31 00:00:00,1,0,2024-07-20 15:34:17,0,2024-07-20 15:34:17,,,
2023-12,江西省,9.10,-20.30,118.00,-2.90,178,2023-12-31 00:00:00,1,0,2024-07-20 15:34:17,0,2024-07-20 15:34:17,,,
2023-12,福建省,23.70,-23.80,212.70,-6.50,179,2023-12-31 00:00:00,1,0,2024-07-20 15:34:17,0,2024-07-20 15:34:17,,,
2023-12,安徽省,11.20,23.70,123.40,15.70,180,2023-12-31 00:00:00,1,0,2024-07-20 15:34:17,0,2024-07-20 15:34:17,,,
2023-12,浙江省,13.10,12.80,106.40,17.70,181,2023-12-31 00:00:00,1,0,2024-07-20 15:34:21,0,2024-07-20 15:34:21,,,
2023-12,江苏省,56.00,12.10,518.30,3.60,182,2023-12-31 00:00:00,1,0,2024-07-20 15:34:21,0,2024-07-20 15:34:21,,,
2023-12,上海市,2.20,-15.10,23.20,-2.50,183,2023-12-31 00:00:00,1,0,2024-07-20 15:34:21,0,2024-07-20 15:34:21,,,
2023-12,黑龙江省,21.50,-10.50,205.10,7.80,184,2023-12-31 00:00:00,1,0,2024-07-20 15:34:21,0,2024-07-20 15:34:21,,,
2023-12,吉林省,22.90,-1.10,258.80,38.40,185,2023-12-31 00:00:00,1,0,2024-07-20 15:34:21,0,2024-07-20 15:34:21,,,
2023-12,辽宁省,29.00,34.10,275.20,22.10,186,2023-12-31 00:00:00,1,0,2024-07-20 15:34:21,0,2024-07-20 15:34:21,,,
2023-12,内蒙古区,129.60,-0.50,1271.20,21.60,187,2023-12-31 00:00:00,1,0,2024-07-20 15:34:21,0,2024-07-20 15:34:21,,,
2023-12,山西省,57.30,-9.80,477.30,12.10,188,2023-12-31 00:00:00,1,0,2024-07-20 15:34:21,0,2024-07-20 15:34:21,,,
2023-12,河北省,61.90,-10.00,605.40,8.00,189,2023-12-31 00:00:00,1,0,2024-07-20 15:34:21,0,2024-07-20 15:34:21,,,
2023-12,天津市,2.30,21.40,22.50,12.70,190,2023-12-31 00:00:00,1,0,2024-07-20 15:34:21,0,2024-07-20 15:34:21,,,
2023-12,北京市,0.20,-32.10,1.40,-7.30,191,2023-12-31 00:00:00,1,0,2024-07-20 15:34:21,0,2024-07-20 15:34:21,,,
2023-12,全国,814.20,7.40,8090.50,12.30,192,2023-12-31 00:00:00,1,0,2024-07-20 15:34:21,0,2024-07-20 15:34:21,,,
2023-11,新疆区,51.20,31.40,552.50,1.60,193,2023-11-30 00:00:00,1,0,2024-07-20 15:34:21,0,2024-07-20 15:34:21,,,
2023-11,宁夏区,25.30,23.80,250.20,6.50,194,2023-11-30 00:00:00,1,0,2024-07-20 15:34:21,0,2024-07-20 15:34:21,,,
2023-11,青海省,10.20,4.50,112.50,1.10,195,2023-11-30 00:00:00,1,0,2024-07-20 15:34:21,0,2024-07-20 15:34:21,,,
2023-11,甘肃省,35.70,28.70,375.80,19.20,196,2023-11-30 00:00:00,1,0,2024-07-20 15:34:21,0,2024-07-20 15:34:21,,,
2023-11,陕西省,14.70,8.80,155.20,1.30,197,2023-11-30 00:00:00,1,0,2024-07-20 15:34:21,0,2024-07-20 15:34:21,,,
2023-11,西藏区,0.00,0.00,0.00,0.00,198,2023-11-30 00:00:00,1,0,2024-07-20 15:34:21,0,2024-07-20 15:34:21,,,
2023-11,云南省,22.20,7.10,242.40,25.20,199,2023-11-30 00:00:00,1,0,2024-07-20 15:34:21,0,2024-07-20 15:34:21,,,
2023-11,贵州省,10.00,-8.50,109.10,5.90,200,2023-11-30 00:00:00,1,0,2024-07-20 15:34:21,0,2024-07-20 15:34:21,,,
2023-11,四川省,16.10,10.60,149.50,21.80,201,2023-11-30 00:00:00,1,0,2024-07-20 15:34:21,0,2024-07-20 15:34:21,,,
2023-11,重庆市,3.80,5.90,35.60,11.70,202,2023-11-30 00:00:00,1,0,2024-07-20 15:34:21,0,2024-07-20 15:34:21,,,
2023-11,海南省,0.40,34.70,4.30,2.00,203,2023-11-30 00:00:00,1,0,2024-07-20 15:34:21,0,2024-07-20 15:34:21,,,
2023-11,广西区,16.30,2.30,198.00,20.70,204,2023-11-30 00:00:00,1,0,2024-07-20 15:34:21,0,2024-07-20 15:34:21,,,
2023-11,广东省,34.00,15.90,268.40,14.50,205,2023-11-30 00:00:00,1,0,2024-07-20 15:34:21,0,2024-07-20 15:34:21,,,
2023-11,湖南省,17.20,-2.60,181.10,9.20,206,2023-11-30 00:00:00,1,0,2024-07-20 15:34:21,0,2024-07-20 15:34:21,,,
2023-11,湖北省,13.80,18.20,136.30,2.70,207,2023-11-30 00:00:00,1,0,2024-07-20 15:34:21,0,2024-07-20 15:34:21,,,
2023-11,河南省,34.80,20.00,305.00,-4.90,208,2023-11-30 00:00:00,1,0,2024-07-20 15:34:21,0,2024-07-20 15:34:21,,,
2023-11,山东省,45.60,39.00,413.50,21.50,209,2023-11-30 00:00:00,1,0,2024-07-20 15:34:21,0,2024-07-20 15:34:21,,,
2023-11,江西省,8.60,-7.70,105.80,-2.20,210,2023-11-30 00:00:00,1,0,2024-07-20 15:34:21,0,2024-07-20 15:34:21,,,
2023-11,福建省,20.80,-3.40,188.80,-3.90,211,2023-11-30 00:00:00,1,0,2024-07-20 15:34:24,0,2024-07-20 15:34:24,,,
2023-11,安徽省,12.70,34.60,112.20,14.80,212,2023-11-30 00:00:00,1,0,2024-07-20 15:34:24,0,2024-07-20 15:34:24,,,
2023-11,浙江省,11.10,50.40,93.30,18.50,213,2023-11-30 00:00:00,1,0,2024-07-20 15:34:24,0,2024-07-20 15:34:24,,,
2023-11,江苏省,58.10,41.40,464.30,2.80,214,2023-11-30 00:00:00,1,0,2024-07-20 15:34:24,0,2024-07-20 15:34:24,,,
2023-11,上海市,2.50,28.60,21.00,-1.00,215,2023-11-30 00:00:00,1,0,2024-07-20 15:34:24,0,2024-07-20 15:34:24,,,
2023-11,黑龙江省,19.10,3.30,181.00,8.90,216,2023-11-30 00:00:00,1,0,2024-07-20 15:34:24,0,2024-07-20 15:34:24,,,
2023-11,吉林省,21.20,9.00,225.10,37.00,217,2023-11-30 00:00:00,1,0,2024-07-20 15:34:24,0,2024-07-20 15:34:24,,,
2023-11,辽宁省,25.90,29.90,246.40,21.00,218,2023-11-30 00:00:00,1,0,2024-07-20 15:34:24,0,2024-07-20 15:34:24,,,
2023-11,内蒙古区,144.00,43.60,1141.30,24.80,219,2023-11-30 00:00:00,1,0,2024-07-20 15:34:24,0,2024-07-20 15:34:24,,,
2023-11,山西省,56.80,44.70,418.70,15.50,220,2023-11-30 00:00:00,1,0,2024-07-20 15:34:24,0,2024-07-20 15:34:24,,,
2023-11,河北省,69.50,42.50,543.30,10.50,221,2023-11-30 00:00:00,1,0,2024-07-20 15:34:24,0,2024-07-20 15:34:24,,,
2023-11,天津市,2.30,63.60,20.10,11.30,222,2023-11-30 00:00:00,1,0,2024-07-20 15:34:24,0,2024-07-20 15:34:24,,,
2023-11,北京市,0.20,56.00,1.20,-2.00,223,2023-11-30 00:00:00,1,0,2024-07-20 15:34:24,0,2024-07-20 15:34:24,,,
2023-11,全国,803.90,26.60,7251.90,12.50,224,2023-11-30 00:00:00,1,0,2024-07-20 15:34:24,0,2024-07-20 15:34:24,,,
2023-10,全国,563.00,-13.10,6424.00,10.80,225,2023-10-31 00:00:00,1,0,2024-07-20 15:34:24,0,2024-07-20 15:34:24,,,
2023-10,新疆区,39.50,-7.60,496.50,-1.60,226,2023-10-31 00:00:00,1,0,2024-07-20 15:34:24,0,2024-07-20 15:34:24,,,
2023-10,宁夏区,11.80,-39.70,224.90,4.60,227,2023-10-31 00:00:00,1,0,2024-07-20 15:34:24,0,2024-07-20 15:34:24,,,
2023-10,青海省,7.00,-17.10,102.30,0.80,228,2023-10-31 00:00:00,1,0,2024-07-20 15:34:24,0,2024-07-20 15:34:24,,,
2023-10,甘肃省,25.60,-13.50,339.90,18.20,229,2023-10-31 00:00:00,1,0,2024-07-20 15:34:24,0,2024-07-20 15:34:24,,,
2023-10,陕西省,9.50,-33.20,140.50,0.60,230,2023-10-31 00:00:00,1,0,2024-07-20 15:34:24,0,2024-07-20 15:34:24,,,
2023-10,西藏区,0.00,0.00,0.00,0.00,231,2023-10-31 00:00:00,1,0,2024-07-20 15:34:24,0,2024-07-20 15:34:24,,,
2023-10,云南省,13.50,20.60,218.50,26.40,232,2023-10-31 00:00:00,1,0,2024-07-20 15:34:24,0,2024-07-20 15:34:24,,,
2023-10,贵州省,8.50,-26.60,98.90,7.30,233,2023-10-31 00:00:00,1,0,2024-07-20 15:34:24,0,2024-07-20 15:34:24,,,
2023-10,四川省,13.60,23.00,133.80,23.60,234,2023-10-31 00:00:00,1,0,2024-07-20 15:34:24,0,2024-07-20 15:34:24,,,
2023-10,重庆市,3.40,-12.00,31.90,12.40,235,2023-10-31 00:00:00,1,0,2024-07-20 15:34:24,0,2024-07-20 15:34:24,,,
2023-10,海南省,0.50,-15.00,3.80,-0.70,236,2023-10-31 00:00:00,1,0,2024-07-20 15:34:24,0,2024-07-20 15:34:24,,,
2023-10,广西区,17.30,-21.30,181.00,22.30,237,2023-10-31 00:00:00,1,0,2024-07-20 15:34:24,0,2024-07-20 15:34:24,,,
2023-10,广东省,34.70,-0.40,234.40,15.80,238,2023-10-31 00:00:00,1,0,2024-07-20 15:34:24,0,2024-07-20 15:34:24,,,
2023-10,湖南省,14.50,-30.40,163.30,10.20,239,2023-10-31 00:00:00,1,0,2024-07-20 15:34:24,0,2024-07-20 15:34:24,,,
2023-10,湖北省,9.90,-31.50,122.10,0.80,240,2023-10-31 00:00:00,1,0,2024-07-20 15:34:24,0,2024-07-20 15:34:24,,,
2023-10,河南省,22.50,-23.20,270.20,-7.30,241,2023-10-31 00:00:00,1,0,2024-07-20 15:34:27,0,2024-07-20 15:34:27,,,
2023-10,山东省,29.70,-0.30,365.70,18.90,242,2023-10-31 00:00:00,1,0,2024-07-20 15:34:27,0,2024-07-20 15:34:27,,,
2023-10,江西省,8.40,-37.50,97.20,-1.70,243,2023-10-31 00:00:00,1,0,2024-07-20 15:34:27,0,2024-07-20 15:34:27,,,
2023-10,福建省,24.20,-22.80,168.10,-3.90,244,2023-10-31 00:00:00,1,0,2024-07-20 15:34:27,0,2024-07-20 15:34:27,,,
2023-10,安徽省,7.90,-23.20,99.50,12.70,245,2023-10-31 00:00:00,1,0,2024-07-20 15:34:27,0,2024-07-20 15:34:27,,,
2023-10,浙江省,9.60,-17.90,82.20,15.20,246,2023-10-31 00:00:00,1,0,2024-07-20 15:34:27,0,2024-07-20 15:34:27,,,
2023-10,江苏省,26.30,-34.30,406.10,-1.20,247,2023-10-31 00:00:00,1,0,2024-07-20 15:34:27,0,2024-07-20 15:34:27,,,
2023-10,上海市,1.50,-38.70,18.50,-3.90,248,2023-10-31 00:00:00,1,0,2024-07-20 15:34:27,0,2024-07-20 15:34:27,,,
2023-10,黑龙江省,18.30,-1.60,161.20,9.10,249,2023-10-31 00:00:00,1,0,2024-07-20 15:34:27,0,2024-07-20 15:34:27,,,
2023-10,吉林省,20.70,27.60,203.90,57.00,250,2023-10-31 00:00:00,1,0,2024-07-20 15:34:27,0,2024-07-20 15:34:27,,,
2023-10,辽宁省,19.90,-17.30,215.10,17.10,251,2023-10-31 00:00:00,1,0,2024-07-20 15:34:27,0,2024-07-20 15:34:27,,,
2023-10,内蒙古区,95.10,2.10,991.90,21.80,252,2023-10-31 00:00:00,1,0,2024-07-20 15:34:27,0,2024-07-20 15:34:27,,,
2023-10,山西省,26.80,-18.00,360.20,11.50,253,2023-10-31 00:00:00,1,0,2024-07-20 15:34:27,0,2024-07-20 15:34:27,,,
2023-10,河北省,41.60,-13.10,473.80,7.00,254,2023-10-31 00:00:00,1,0,2024-07-20 15:34:27,0,2024-07-20 15:34:27,,,
2023-10,天津市,1.20,-36.90,17.80,7.00,255,2023-10-31 00:00:00,1,0,2024-07-20 15:34:27,0,2024-07-20 15:34:27,,,
2023-10,北京市,0.10,4.70,1.00,-9.00,256,2023-10-31 00:00:00,1,0,2024-07-20 15:34:27,0,2024-07-20 15:34:27,,,
2023-09,全国,498.00,-1.60,5837.00,13.40,257,2023-09-30 00:00:00,1,0,2024-07-20 15:34:27,0,2024-07-20 15:34:27,,,
2023-09,新疆区,46.90,1.90,455.80,-1.30,258,2023-09-30 00:00:00,1,0,2024-07-20 15:34:27,0,2024-07-20 15:34:27,,,
2023-09,宁夏区,23.20,7.70,213.10,9.30,259,2023-09-30 00:00:00,1,0,2024-07-20 15:34:27,0,2024-07-20 15:34:27,,,
2023-09,青海省,7.20,9.90,95.40,3.30,260,2023-09-30 00:00:00,1,0,2024-07-20 15:34:27,0,2024-07-20 15:34:27,,,
2023-09,甘肃省,35.40,28.60,314.30,21.80,261,2023-09-30 00:00:00,1,0,2024-07-20 15:34:27,0,2024-07-20 15:34:27,,,
2023-09,陕西省,12.90,-7.10,131.00,4.40,262,2023-09-30 00:00:00,1,0,2024-07-20 15:34:27,0,2024-07-20 15:34:27,,,
2023-09,西藏区,0.00,0.00,0.00,0.00,263,2023-09-30 00:00:00,1,0,2024-07-20 15:34:27,0,2024-07-20 15:34:27,,,
2023-09,云南省,10.40,48.70,205.00,26.80,264,2023-09-30 00:00:00,1,0,2024-07-20 15:34:27,0,2024-07-20 15:34:27,,,
2023-09,贵州省,9.10,50.00,90.40,12.10,265,2023-09-30 00:00:00,1,0,2024-07-20 15:34:27,0,2024-07-20 15:34:27,,,
2023-09,四川省,10.00,51.00,120.30,23.80,266,2023-09-30 00:00:00,1,0,2024-07-20 15:34:27,0,2024-07-20 15:34:27,,,
2023-09,重庆市,3.50,25.20,28.50,16.30,267,2023-09-30 00:00:00,1,0,2024-07-20 15:34:27,0,2024-07-20 15:34:27,,,
2023-09,海南省,0.20,-17.40,3.30,2.10,268,2023-09-30 00:00:00,1,0,2024-07-20 15:34:27,0,2024-07-20 15:34:27,,,
2023-09,广西区,14.80,49.80,163.20,28.60,269,2023-09-30 00:00:00,1,0,2024-07-20 15:34:27,0,2024-07-20 15:34:27,,,
2023-09,广东省,21.70,32.20,199.70,19.20,270,2023-09-30 00:00:00,1,0,2024-07-20 15:34:27,0,2024-07-20 15:34:27,,,
2023-09,湖南省,14.80,7.40,148.10,16.30,271,2023-09-30 00:00:00,1,0,2024-07-20 15:34:30,0,2024-07-20 15:34:30,,,
2023-09,湖北省,11.50,23.60,111.70,5.40,272,2023-09-30 00:00:00,1,0,2024-07-20 15:34:30,0,2024-07-20 15:34:30,,,
2023-09,河南省,15.70,-26.80,247.70,-5.60,273,2023-09-30 00:00:00,1,0,2024-07-20 15:34:30,0,2024-07-20 15:34:30,,,
2023-09,山东省,17.90,-19.90,335.40,20.60,274,2023-09-30 00:00:00,1,0,2024-07-20 15:34:30,0,2024-07-20 15:34:30,,,
2023-09,江西省,8.30,-11.70,88.80,3.90,275,2023-09-30 00:00:00,1,0,2024-07-20 15:34:30,0,2024-07-20 15:34:30,,,
2023-09,福建省,15.10,-1.70,143.80,0.20,276,2023-09-30 00:00:00,1,0,2024-07-20 15:34:30,0,2024-07-20 15:34:30,,,
2023-09,安徽省,7.50,-5.00,90.90,16.60,277,2023-09-30 00:00:00,1,0,2024-07-20 15:34:30,0,2024-07-20 15:34:30,,,
2023-09,浙江省,6.80,-23.30,72.60,21.70,278,2023-09-30 00:00:00,1,0,2024-07-20 15:34:30,0,2024-07-20 15:34:30,,,
2023-09,江苏省,25.00,-41.60,377.60,2.30,279,2023-09-30 00:00:00,1,0,2024-07-20 15:34:30,0,2024-07-20 15:34:30,,,
2023-09,上海市,1.20,-44.80,17.00,1.20,280,2023-09-30 00:00:00,1,0,2024-07-20 15:34:30,0,2024-07-20 15:34:30,,,
2023-09,黑龙江省,13.40,-16.10,141.60,9.70,281,2023-09-30 00:00:00,1,0,2024-07-20 15:34:30,0,2024-07-20 15:34:30,,,
2023-09,吉林省,16.50,9.10,174.50,53.50,282,2023-09-30 00:00:00,1,0,2024-07-20 15:34:30,0,2024-07-20 15:34:30,,,
2023-09,辽宁省,13.90,-19.30,195.20,22.30,283,2023-09-30 00:00:00,1,0,2024-07-20 15:34:30,0,2024-07-20 15:34:30,,,
2023-09,内蒙古区,82.20,1.00,890.50,23.50,284,2023-09-30 00:00:00,1,0,2024-07-20 15:34:30,0,2024-07-20 15:34:30,,,
2023-09,山西省,22.80,7.30,333.40,14.80,285,2023-09-30 00:00:00,1,0,2024-07-20 15:34:30,0,2024-07-20 15:34:30,,,
2023-09,河北省,28.80,-19.30,430.20,9.00,286,2023-09-30 00:00:00,1,0,2024-07-20 15:34:30,0,2024-07-20 15:34:30,,,
2023-09,天津市,0.90,-28.20,16.60,12.70,287,2023-09-30 00:00:00,1,0,2024-07-20 15:34:30,0,2024-07-20 15:34:30,,,
2023-09,北京市,0.10,-30.60,0.90,-10.60,288,2023-09-30 00:00:00,1,0,2024-07-20 15:34:30,0,2024-07-20 15:34:30,,,
2023-08,全国,441.00,-11.50,5308.00,14.40,289,2023-08-31 00:00:00,1,0,2024-07-20 15:34:30,0,2024-07-20 15:34:30,,,
2023-08,新疆区,53.40,-5.70,408.90,-1.60,290,2023-08-31 00:00:00,1,0,2024-07-20 15:34:30,0,2024-07-20 15:34:30,,,
2023-08,宁夏区,20.90,-14.60,189.90,9.60,291,2023-08-31 00:00:00,1,0,2024-07-20 15:34:30,0,2024-07-20 15:34:30,,,
2023-08,青海省,11.10,5.90,88.20,2.80,292,2023-08-31 00:00:00,1,0,2024-07-20 15:34:30,0,2024-07-20 15:34:30,,,
2023-08,甘肃省,39.50,9.40,277.30,20.30,293,2023-08-31 00:00:00,1,0,2024-07-20 15:34:30,0,2024-07-20 15:34:30,,,
2023-08,陕西省,12.20,-22.20,118.20,5.90,294,2023-08-31 00:00:00,1,0,2024-07-20 15:34:30,0,2024-07-20 15:34:30,,,
2023-08,西藏区,0.00,0.00,0.00,0.00,295,2023-08-31 00:00:00,1,0,2024-07-20 15:34:30,0,2024-07-20 15:34:30,,,
2023-08,云南省,5.60,-28.10,194.60,25.80,296,2023-08-31 00:00:00,1,0,2024-07-20 15:34:30,0,2024-07-20 15:34:30,,,
2023-08,贵州省,5.40,-45.20,81.20,9.00,297,2023-08-31 00:00:00,1,0,2024-07-20 15:34:30,0,2024-07-20 15:34:30,,,
2023-08,四川省,5.00,-11.40,110.70,22.30,298,2023-08-31 00:00:00,1,0,2024-07-20 15:34:30,0,2024-07-20 15:34:30,,,
2023-08,重庆市,2.80,-44.00,25.00,15.10,299,2023-08-31 00:00:00,1,0,2024-07-20 15:34:30,0,2024-07-20 15:34:30,,,
2023-08,海南省,0.40,100.80,3.10,3.40,300,2023-08-31 00:00:00,1,0,2024-07-20 15:34:30,0,2024-07-20 15:34:30,,,
2023-08,广西区,9.70,-8.80,148.40,25.50,301,2023-08-31 00:00:00,1,0,2024-07-20 15:34:33,0,2024-07-20 15:34:33,,,
2023-08,广东省,11.90,-6.60,178.00,17.80,302,2023-08-31 00:00:00,1,0,2024-07-20 15:34:33,0,2024-07-20 15:34:33,,,
2023-08,湖南省,11.30,-22.60,131.30,15.60,303,2023-08-31 00:00:00,1,0,2024-07-20 15:34:33,0,2024-07-20 15:34:33,,,
2023-08,湖北省,8.00,-45.50,100.20,3.70,304,2023-08-31 00:00:00,1,0,2024-07-20 15:34:33,0,2024-07-20 15:34:33,,,
2023-08,河南省,16.40,-42.80,232.00,-3.70,305,2023-08-31 00:00:00,1,0,2024-07-20 15:34:33,0,2024-07-20 15:34:33,,,
2023-08,山东省,24.30,3.90,307.10,19.90,306,2023-08-31 00:00:00,1,0,2024-07-20 15:34:33,0,2024-07-20 15:34:33,,,
2023-08,江西省,6.10,-31.20,80.50,5.80,307,2023-08-31 00:00:00,1,0,2024-07-20 15:34:33,0,2024-07-20 15:34:33,,,
2023-08,福建省,9.10,31.40,128.70,0.40,308,2023-08-31 00:00:00,1,0,2024-07-20 15:34:33,0,2024-07-20 15:34:33,,,
2023-08,安徽省,6.10,-15.20,82.30,17.40,309,2023-08-31 00:00:00,1,0,2024-07-20 15:34:33,0,2024-07-20 15:34:33,,,
2023-08,浙江省,7.20,4.90,65.90,31.10,310,2023-08-31 00:00:00,1,0,2024-07-20 15:34:33,0,2024-07-20 15:34:33,,,
2023-08,江苏省,27.70,-11.50,352.60,8.30,311,2023-08-31 00:00:00,1,0,2024-07-20 15:34:33,0,2024-07-20 15:34:33,,,
2023-08,上海市,1.60,-4.70,15.80,8.30,312,2023-08-31 00:00:00,1,0,2024-07-20 15:34:33,0,2024-07-20 15:34:33,,,
2023-08,黑龙江省,9.40,-19.20,123.10,8.80,313,2023-08-31 00:00:00,1,0,2024-07-20 15:34:33,0,2024-07-20 15:34:33,,,
2023-08,吉林省,12.20,17.80,157.50,59.70,314,2023-08-31 00:00:00,1,0,2024-07-20 15:34:33,0,2024-07-20 15:34:33,,,
2023-08,辽宁省,14.10,9.30,180.30,26.60,315,2023-08-31 00:00:00,1,0,2024-07-20 15:34:33,0,2024-07-20 15:34:33,,,
2023-08,内蒙古区,63.40,-2.10,802.00,25.30,316,2023-08-31 00:00:00,1,0,2024-07-20 15:34:33,0,2024-07-20 15:34:33,,,
2023-08,山西省,19.80,-26.20,310.30,15.30,317,2023-08-31 00:00:00,1,0,2024-07-20 15:34:33,0,2024-07-20 15:34:33,,,
2023-08,河北省,25.10,-19.60,398.70,11.00,318,2023-08-31 00:00:00,1,0,2024-07-20 15:34:33,0,2024-07-20 15:34:33,,,
2023-08,天津市,1.00,-1.90,15.70,16.40,319,2023-08-31 00:00:00,1,0,2024-07-20 15:34:33,0,2024-07-20 15:34:33,,,
2023-08,北京市,0.00,-49.00,0.80,-9.00,320,2023-08-31 00:00:00,1,0,2024-07-20 15:34:33,0,2024-07-20 15:34:33,,,
2023-07,全国,614.00,25.00,4836.00,16.80,321,2023-07-31 00:00:00,1,0,2024-07-20 15:34:33,0,2024-07-20 15:34:33,,,
2023-07,新疆区,57.50,-10.80,354.90,-1.20,322,2023-07-31 00:00:00,1,0,2024-07-20 15:34:33,0,2024-07-20 15:34:33,,,
2023-07,宁夏区,25.80,6.60,169.10,13.50,323,2023-07-31 00:00:00,1,0,2024-07-20 15:34:33,0,2024-07-20 15:34:33,,,
2023-07,青海省,11.60,14.60,77.00,2.20,324,2023-07-31 00:00:00,1,0,2024-07-20 15:34:33,0,2024-07-20 15:34:33,,,
2023-07,甘肃省,37.00,16.00,237.40,22.10,325,2023-07-31 00:00:00,1,0,2024-07-20 15:34:33,0,2024-07-20 15:34:33,,,
2023-07,陕西省,14.70,2.80,106.00,10.60,326,2023-07-31 00:00:00,1,0,2024-07-20 15:34:33,0,2024-07-20 15:34:33,,,
2023-07,西藏区,0.00,0.00,0.00,0.00,327,2023-07-31 00:00:00,1,0,2024-07-20 15:34:33,0,2024-07-20 15:34:33,,,
2023-07,云南省,17.40,86.00,178.70,21.70,328,2023-07-31 00:00:00,1,0,2024-07-20 15:34:33,0,2024-07-20 15:34:33,,,
2023-07,贵州省,13.70,25.10,75.90,17.20,329,2023-07-31 00:00:00,1,0,2024-07-20 15:34:33,0,2024-07-20 15:34:33,,,
2023-07,四川省,10.20,28.60,105.80,25.60,330,2023-07-31 00:00:00,1,0,2024-07-20 15:34:33,0,2024-07-20 15:34:33,,,
2023-07,重庆市,3.40,-2.00,22.20,32.50,331,2023-07-31 00:00:00,1,0,2024-07-20 15:34:37,0,2024-07-20 15:34:37,,,
2023-07,海南省,0.40,21.70,2.70,-3.60,332,2023-07-31 00:00:00,1,0,2024-07-20 15:34:37,0,2024-07-20 15:34:37,,,
2023-07,广西区,20.00,47.10,137.30,27.70,333,2023-07-31 00:00:00,1,0,2024-07-20 15:34:37,0,2024-07-20 15:34:37,,,
2023-07,广东省,17.60,24.30,166.00,19.90,334,2023-07-31 00:00:00,1,0,2024-07-20 15:34:37,0,2024-07-20 15:34:37,,,
2023-07,湖南省,20.70,19.40,117.70,20.20,335,2023-07-31 00:00:00,1,0,2024-07-20 15:34:37,0,2024-07-20 15:34:37,,,
2023-07,湖北省,13.50,15.80,92.20,12.50,336,2023-07-31 00:00:00,1,0,2024-07-20 15:34:37,0,2024-07-20 15:34:37,,,
2023-07,河南省,24.00,8.80,215.80,1.90,337,2023-07-31 00:00:00,1,0,2024-07-20 15:34:37,0,2024-07-20 15:34:37,,,
2023-07,山东省,32.90,62.40,276.60,18.80,338,2023-07-31 00:00:00,1,0,2024-07-20 15:34:37,0,2024-07-20 15:34:37,,,
2023-07,江西省,13.90,17.00,74.90,11.40,339,2023-07-31 00:00:00,1,0,2024-07-20 15:34:37,0,2024-07-20 15:34:37,,,
2023-07,福建省,16.30,36.50,119.60,-1.30,340,2023-07-31 00:00:00,1,0,2024-07-20 15:34:37,0,2024-07-20 15:34:37,,,
2023-07,安徽省,11.30,58.30,76.20,21.00,341,2023-07-31 00:00:00,1,0,2024-07-20 15:34:37,0,2024-07-20 15:34:37,,,
2023-07,浙江省,10.40,98.40,57.40,32.40,342,2023-07-31 00:00:00,1,0,2024-07-20 15:34:37,0,2024-07-20 15:34:37,,,
2023-07,江苏省,44.50,23.20,323.30,9.90,343,2023-07-31 00:00:00,1,0,2024-07-20 15:34:37,0,2024-07-20 15:34:37,,,
2023-07,上海市,2.00,67.30,14.20,10.00,344,2023-07-31 00:00:00,1,0,2024-07-20 15:34:37,0,2024-07-20 15:34:37,,,
2023-07,黑龙江省,8.60,11.00,113.70,12.50,345,2023-07-31 00:00:00,1,0,2024-07-20 15:34:37,0,2024-07-20 15:34:37,,,
2023-07,吉林省,14.30,92.00,145.40,64.70,346,2023-07-31 00:00:00,1,0,2024-07-20 15:34:37,0,2024-07-20 15:34:37,,,
2023-07,辽宁省,16.30,85.80,166.30,28.30,347,2023-07-31 00:00:00,1,0,2024-07-20 15:34:37,0,2024-07-20 15:34:37,,,
2023-07,内蒙古区,81.40,23.50,729.80,26.90,348,2023-07-31 00:00:00,1,0,2024-07-20 15:34:37,0,2024-07-20 15:34:37,,,
2023-07,山西省,32.50,44.70,290.70,19.90,349,2023-07-31 00:00:00,1,0,2024-07-20 15:34:37,0,2024-07-20 15:34:37,,,
2023-07,河北省,40.20,47.30,373.60,13.90,350,2023-07-31 00:00:00,1,0,2024-07-20 15:34:37,0,2024-07-20 15:34:37,,,
2023-07,天津市,1.90,-2.90,14.70,17.90,351,2023-07-31 00:00:00,1,0,2024-07-20 15:34:37,0,2024-07-20 15:34:37,,,
2023-07,北京市,0.10,92.90,0.80,-4.90,352,2023-07-31 00:00:00,1,0,2024-07-20 15:34:37,0,2024-07-20 15:34:37,,,
2023-06,全国,557.00,-1.80,4246.00,16.00,353,2023-06-30 00:00:00,1,0,2024-07-20 15:34:37,0,2024-07-20 15:34:37,,,
2023-06,新疆区,51.60,-14.20,295.80,0.30,354,2023-06-30 00:00:00,1,0,2024-07-20 15:34:37,0,2024-07-20 15:34:37,,,
2023-06,宁夏区,23.10,1.90,143.30,15.30,355,2023-06-30 00:00:00,1,0,2024-07-20 15:34:37,0,2024-07-20 15:34:37,,,
2023-06,青海省,11.40,-3.90,75.90,-0.50,356,2023-06-30 00:00:00,1,0,2024-07-20 15:34:37,0,2024-07-20 15:34:37,,,
2023-06,甘肃省,35.40,6.60,199.20,22.50,357,2023-06-30 00:00:00,1,0,2024-07-20 15:34:37,0,2024-07-20 15:34:37,,,
2023-06,陕西省,13.10,-11.10,91.30,12.00,358,2023-06-30 00:00:00,1,0,2024-07-20 15:34:37,0,2024-07-20 15:34:37,,,
2023-06,西藏区,0.00,0.00,0.00,0.00,359,2023-06-30 00:00:00,1,0,2024-07-20 15:34:37,0,2024-07-20 15:34:37,,,
2023-06,云南省,13.90,-24.20,161.30,16.00,360,2023-06-30 00:00:00,1,0,2024-07-20 15:34:37,0,2024-07-20 15:34:37,,,
2023-06,贵州省,8.90,3.90,62.20,15.60,361,2023-06-30 00:00:00,1,0,2024-07-20 15:34:40,0,2024-07-20 15:34:40,,,
2023-06,四川省,10.60,47.20,95.60,24.80,362,2023-06-30 00:00:00,1,0,2024-07-20 15:34:40,0,2024-07-20 15:34:40,,,
2023-06,重庆市,3.30,39.80,18.90,41.40,363,2023-06-30 00:00:00,1,0,2024-07-20 15:34:40,0,2024-07-20 15:34:40,,,
2023-06,海南省,0.30,-47.20,2.40,-6.50,364,2023-06-30 00:00:00,1,0,2024-07-20 15:34:40,0,2024-07-20 15:34:40,,,
2023-06,广西区,13.20,-18.40,117.30,24.90,365,2023-06-30 00:00:00,1,0,2024-07-20 15:34:40,0,2024-07-20 15:34:40,,,
2023-06,广东省,23.00,30.30,176.60,41.80,366,2023-06-30 00:00:00,1,0,2024-07-20 15:34:40,0,2024-07-20 15:34:40,,,
2023-06,湖南省,14.10,-7.30,97.00,20.40,367,2023-06-30 00:00:00,1,0,2024-07-20 15:34:40,0,2024-07-20 15:34:40,,,
2023-06,湖北省,10.40,-5.50,78.70,11.90,368,2023-06-30 00:00:00,1,0,2024-07-20 15:34:40,0,2024-07-20 15:34:40,,,
2023-06,河南省,24.80,-19.70,191.80,0.60,369,2023-06-30 00:00:00,1,0,2024-07-20 15:34:40,0,2024-07-20 15:34:40,,,
2023-06,山东省,30.50,-5.30,243.70,14.50,370,2023-06-30 00:00:00,1,0,2024-07-20 15:34:40,0,2024-07-20 15:34:40,,,
2023-06,江西省,8.60,-33.00,61.10,10.20,371,2023-06-30 00:00:00,1,0,2024-07-20 15:34:40,0,2024-07-20 15:34:40,,,
2023-06,福建省,9.20,-41.20,103.30,-5.50,372,2023-06-30 00:00:00,1,0,2024-07-20 15:34:40,0,2024-07-20 15:34:40,,,
2023-06,安徽省,7.90,-17.90,63.80,14.50,373,2023-06-30 00:00:00,1,0,2024-07-20 15:34:40,0,2024-07-20 15:34:40,,,
2023-06,浙江省,6.60,-4.30,47.00,23.40,374,2023-06-30 00:00:00,1,0,2024-07-20 15:34:40,0,2024-07-20 15:34:40,,,
2023-06,江苏省,35.40,-23.60,282.90,9.60,375,2023-06-30 00:00:00,1,0,2024-07-20 15:34:40,0,2024-07-20 15:34:40,,,
2023-06,上海市,1.30,-33.30,12.20,4.10,376,2023-06-30 00:00:00,1,0,2024-07-20 15:34:40,0,2024-07-20 15:34:40,,,
2023-06,黑龙江省,10.30,-1.30,103.80,11.20,377,2023-06-30 00:00:00,1,0,2024-07-20 15:34:40,0,2024-07-20 15:34:40,,,
2023-06,吉林省,14.60,41.40,129.20,60.70,378,2023-06-30 00:00:00,1,0,2024-07-20 15:34:40,0,2024-07-20 15:34:40,,,
2023-06,辽宁省,16.50,15.00,144.70,19.80,379,2023-06-30 00:00:00,1,0,2024-07-20 15:34:40,0,2024-07-20 15:34:40,,,
2023-06,内蒙古区,85.60,33.70,642.40,26.10,380,2023-06-30 00:00:00,1,0,2024-07-20 15:34:40,0,2024-07-20 15:34:40,,,
2023-06,山西省,30.00,-6.20,258.20,17.40,381,2023-06-30 00:00:00,1,0,2024-07-20 15:34:40,0,2024-07-20 15:34:40,,,
2023-06,河北省,42.30,8.30,333.30,10.90,382,2023-06-30 00:00:00,1,0,2024-07-20 15:34:40,0,2024-07-20 15:34:40,,,
2023-06,天津市,1.70,13.50,12.80,21.80,383,2023-06-30 00:00:00,1,0,2024-07-20 15:34:40,0,2024-07-20 15:34:40,,,
2023-06,北京市,0.00,-94.50,0.70,-10.90,384,2023-06-30 00:00:00,1,0,2024-07-20 15:34:40,0,2024-07-20 15:34:40,,,
2023-05,全国,744.00,15.30,3663.00,18.40,385,2023-05-31 00:00:00,1,0,2024-07-20 15:34:40,0,2024-07-20 15:34:40,,,
2023-05,新疆区,62.90,-4.70,244.20,4.00,386,2023-05-31 00:00:00,1,0,2024-07-20 15:34:40,0,2024-07-20 15:34:40,,,
2023-05,宁夏区,27.60,33.00,120.30,18.80,387,2023-05-31 00:00:00,1,0,2024-07-20 15:34:40,0,2024-07-20 15:34:40,,,
2023-05,青海省,13.10,5.70,64.50,0.20,388,2023-05-31 00:00:00,1,0,2024-07-20 15:34:40,0,2024-07-20 15:34:40,,,
2023-05,甘肃省,36.10,4.80,164.00,28.30,389,2023-05-31 00:00:00,1,0,2024-07-20 15:34:40,0,2024-07-20 15:34:40,,,
2023-05,陕西省,16.90,18.90,78.30,17.00,390,2023-05-31 00:00:00,1,0,2024-07-20 15:34:40,0,2024-07-20 15:34:40,,,
2023-05,西藏区,0.00,0.00,0.00,0.00,391,2023-05-31 00:00:00,1,0,2024-07-20 15:34:44,0,2024-07-20 15:34:44,,,
2023-05,云南省,26.70,85.60,145.20,20.00,392,2023-05-31 00:00:00,1,0,2024-07-20 15:34:44,0,2024-07-20 15:34:44,,,
2023-05,贵州省,12.70,52.80,53.20,17.90,393,2023-05-31 00:00:00,1,0,2024-07-20 15:34:44,0,2024-07-20 15:34:44,,,
2023-05,四川省,16.70,120.20,84.90,22.30,394,2023-05-31 00:00:00,1,0,2024-07-20 15:34:44,0,2024-07-20 15:34:44,,,
2023-05,重庆市,4.30,74.90,15.60,41.80,395,2023-05-31 00:00:00,1,0,2024-07-20 15:34:44,0,2024-07-20 15:34:44,,,
2023-05,海南省,0.40,11.70,2.10,4.00,396,2023-05-31 00:00:00,1,0,2024-07-20 15:34:44,0,2024-07-20 15:34:44,,,
2023-05,广西区,20.40,51.20,102.30,31.60,397,2023-05-31 00:00:00,1,0,2024-07-20 15:34:44,0,2024-07-20 15:34:44,,,
2023-05,广东省,30.90,65.30,153.60,43.70,398,2023-05-31 00:00:00,1,0,2024-07-20 15:34:44,0,2024-07-20 15:34:44,,,
2023-05,湖南省,17.70,58.00,82.90,27.50,399,2023-05-31 00:00:00,1,0,2024-07-20 15:34:44,0,2024-07-20 15:34:44,,,
2023-05,湖北省,14.50,13.20,68.40,12.60,400,2023-05-31 00:00:00,1,0,2024-07-20 15:34:44,0,2024-07-20 15:34:44,,,
2023-05,河南省,36.00,-8.60,166.80,4.80,401,2023-05-31 00:00:00,1,0,2024-07-20 15:34:44,0,2024-07-20 15:34:44,,,
2023-05,山东省,39.40,-9.20,205.80,14.10,402,2023-05-31 00:00:00,1,0,2024-07-20 15:34:44,0,2024-07-20 15:34:44,,,
2023-05,江西省,11.00,40.80,52.50,23.20,403,2023-05-31 00:00:00,1,0,2024-07-20 15:34:44,0,2024-07-20 15:34:44,,,
2023-05,福建省,15.50,-6.40,94.10,0.50,404,2023-05-31 00:00:00,1,0,2024-07-20 15:34:44,0,2024-07-20 15:34:44,,,
2023-05,安徽省,10.20,17.00,55.80,21.50,405,2023-05-31 00:00:00,1,0,2024-07-20 15:34:44,0,2024-07-20 15:34:44,,,
2023-05,浙江省,7.30,61.80,38.90,24.30,406,2023-05-31 00:00:00,1,0,2024-07-20 15:34:44,0,2024-07-20 15:34:44,,,
2023-05,江苏省,47.00,14.70,247.40,15.40,407,2023-05-31 00:00:00,1,0,2024-07-20 15:34:44,0,2024-07-20 15:34:44,,,
2023-05,上海市,2.40,95.70,10.90,11.90,408,2023-05-31 00:00:00,1,0,2024-07-20 15:34:44,0,2024-07-20 15:34:44,,,
2023-05,黑龙江省,17.20,2.50,91.90,10.90,409,2023-05-31 00:00:00,1,0,2024-07-20 15:34:44,0,2024-07-20 15:34:44,,,
2023-05,吉林省,22.90,33.60,114.50,63.60,410,2023-05-31 00:00:00,1,0,2024-07-20 15:34:44,0,2024-07-20 15:34:44,,,
2023-05,辽宁省,26.50,14.50,128.20,20.40,411,2023-05-31 00:00:00,1,0,2024-07-20 15:34:44,0,2024-07-20 15:34:44,,,
2023-05,内蒙古区,108.00,19.60,545.80,22.50,412,2023-05-31 00:00:00,1,0,2024-07-20 15:34:44,0,2024-07-20 15:34:44,,,
2023-05,山西省,41.30,8.70,228.10,21.60,413,2023-05-31 00:00:00,1,0,2024-07-20 15:34:44,0,2024-07-20 15:34:44,,,
2023-05,河北省,55.40,-3.70,290.90,11.30,414,2023-05-31 00:00:00,1,0,2024-07-20 15:34:44,0,2024-07-20 15:34:44,,,
2023-05,天津市,2.30,0.60,11.10,23.20,415,2023-05-31 00:00:00,1,0,2024-07-20 15:34:44,0,2024-07-20 15:34:44,,,
2023-05,北京市,0.10,-24.00,0.70,-2.00,416,2023-05-31 00:00:00,1,0,2024-07-20 15:34:44,0,2024-07-20 15:34:44,,,
2023-04,全国,829.00,20.90,2909.00,18.80,417,2023-04-30 00:00:00,1,0,2024-07-20 15:34:44,0,2024-07-20 15:34:44,,,
2023-04,新疆区,59.80,16.40,181.40,7.50,418,2023-04-30 00:00:00,1,0,2024-07-20 15:34:44,0,2024-07-20 15:34:44,,,
2023-04,宁夏区,25.90,9.60,92.60,15.00,419,2023-04-30 00:00:00,1,0,2024-07-20 15:34:44,0,2024-07-20 15:34:44,,,
2023-04,青海省,16.70,-4.00,51.40,-1.10,420,2023-04-30 00:00:00,1,0,2024-07-20 15:34:44,0,2024-07-20 15:34:44,,,
2023-04,甘肃省,42.20,59.50,127.80,37.00,421,2023-04-30 00:00:00,1,0,2024-07-20 15:34:47,0,2024-07-20 15:34:47,,,
2023-04,陕西省,17.50,19.20,61.30,16.50,422,2023-04-30 00:00:00,1,0,2024-07-20 15:34:47,0,2024-07-20 15:34:47,,,
2023-04,西藏区,0.00,0.00,0.00,0.00,423,2023-04-30 00:00:00,1,0,2024-07-20 15:34:47,0,2024-07-20 15:34:47,,,
2023-04,云南省,31.50,54.40,118.50,10.90,424,2023-04-30 00:00:00,1,0,2024-07-20 15:34:47,0,2024-07-20 15:34:47,,,
2023-04,贵州省,12.70,24.50,40.60,10.10,425,2023-04-30 00:00:00,1,0,2024-07-20 15:34:47,0,2024-07-20 15:34:47,,,
2023-04,四川省,18.10,55.70,68.10,10.20,426,2023-04-30 00:00:00,1,0,2024-07-20 15:34:47,0,2024-07-20 15:34:47,,,
2023-04,重庆市,4.10,36.30,11.30,32.20,427,2023-04-30 00:00:00,1,0,2024-07-20 15:34:47,0,2024-07-20 15:34:47,,,
2023-04,海南省,0.30,-17.90,1.70,1.30,428,2023-04-30 00:00:00,1,0,2024-07-20 15:34:47,0,2024-07-20 15:34:47,,,
2023-04,广西区,21.80,34.00,81.90,27.70,429,2023-04-30 00:00:00,1,0,2024-07-20 15:34:47,0,2024-07-20 15:34:47,,,
2023-04,广东省,28.60,45.20,122.70,41.20,430,2023-04-30 00:00:00,1,0,2024-07-20 15:34:47,0,2024-07-20 15:34:47,,,
2023-04,湖南省,19.00,20.10,65.30,20.90,431,2023-04-30 00:00:00,1,0,2024-07-20 15:34:47,0,2024-07-20 15:34:47,,,
2023-04,湖北省,17.40,13.10,53.90,14.10,432,2023-04-30 00:00:00,1,0,2024-07-20 15:34:47,0,2024-07-20 15:34:47,,,
2023-04,河南省,40.50,5.80,130.40,7.70,433,2023-04-30 00:00:00,1,0,2024-07-20 15:34:47,0,2024-07-20 15:34:47,,,
2023-04,山东省,49.80,14.00,163.50,20.00,434,2023-04-30 00:00:00,1,0,2024-07-20 15:34:47,0,2024-07-20 15:34:47,,,
2023-04,江西省,11.30,2.60,41.50,19.30,435,2023-04-30 00:00:00,1,0,2024-07-20 15:34:47,0,2024-07-20 15:34:47,,,
2023-04,福建省,12.50,-24.30,78.20,1.40,436,2023-04-30 00:00:00,1,0,2024-07-20 15:34:47,0,2024-07-20 15:34:47,,,
2023-04,安徽省,13.90,45.90,45.60,22.80,437,2023-04-30 00:00:00,1,0,2024-07-20 15:34:47,0,2024-07-20 15:34:47,,,
2023-04,浙江省,7.30,13.00,31.60,17.90,438,2023-04-30 00:00:00,1,0,2024-07-20 15:34:47,0,2024-07-20 15:34:47,,,
2023-04,江苏省,57.50,15.90,200.50,15.50,439,2023-04-30 00:00:00,1,0,2024-07-20 15:34:47,0,2024-07-20 15:34:47,,,
2023-04,上海市,2.30,17.40,8.50,-0.20,440,2023-04-30 00:00:00,1,0,2024-07-20 15:34:47,0,2024-07-20 15:34:47,,,
2023-04,黑龙江省,20.80,12.60,74.70,13.10,441,2023-04-30 00:00:00,1,0,2024-07-20 15:34:47,0,2024-07-20 15:34:47,,,
2023-04,吉林省,27.90,51.30,91.50,73.00,442,2023-04-30 00:00:00,1,0,2024-07-20 15:34:47,0,2024-07-20 15:34:47,,,
2023-04,辽宁省,30.20,18.90,101.80,22.10,443,2023-04-30 00:00:00,1,0,2024-07-20 15:34:47,0,2024-07-20 15:34:47,,,
2023-04,内蒙古区,118.10,14.90,431.80,21.60,444,2023-04-30 00:00:00,1,0,2024-07-20 15:34:47,0,2024-07-20 15:34:47,,,
2023-04,山西省,53.20,35.40,186.90,24.90,445,2023-04-30 00:00:00,1,0,2024-07-20 15:34:47,0,2024-07-20 15:34:47,,,
2023-04,河北省,65.20,17.10,235.40,15.40,446,2023-04-30 00:00:00,1,0,2024-07-20 15:34:47,0,2024-07-20 15:34:47,,,
2023-04,天津市,2.90,30.60,8.80,30.70,447,2023-04-30 00:00:00,1,0,2024-07-20 15:34:47,0,2024-07-20 15:34:47,,,
2023-04,北京市,0.20,32.00,0.60,1.90,448,2023-04-30 00:00:00,1,0,2024-07-20 15:34:47,0,2024-07-20 15:34:47,,,
2023-03,全国,735.00,0.20,2080.00,18.10,449,2023-03-31 00:00:00,1,0,2024-07-20 15:34:47,0,2024-07-20 15:34:47,,,
2023-03,新疆区,48.20,-12.20,121.60,3.80,450,2023-03-31 00:00:00,1,0,2024-07-20 15:34:47,0,2024-07-20 15:34:47,,,
2023-03,宁夏区,19.40,-27.00,66.60,17.20,451,2023-03-31 00:00:00,1,0,2024-07-20 15:34:51,0,2024-07-20 15:34:51,,,
2023-03,青海省,12.50,-19.90,34.70,0.30,452,2023-03-31 00:00:00,1,0,2024-07-20 15:34:51,0,2024-07-20 15:34:51,,,
2023-03,甘肃省,32.70,3.80,85.60,28.00,453,2023-03-31 00:00:00,1,0,2024-07-20 15:34:51,0,2024-07-20 15:34:51,,,
2023-03,陕西省,15.00,-16.10,43.70,15.80,454,2023-03-31 00:00:00,1,0,2024-07-20 15:34:51,0,2024-07-20 15:34:51,,,
2023-03,西藏区,0.00,0.00,0.00,0.00,455,2023-03-31 00:00:00,1,0,2024-07-20 15:34:51,0,2024-07-20 15:34:51,,,
2023-03,云南省,31.00,-0.10,88.00,1.80,456,2023-03-31 00:00:00,1,0,2024-07-20 15:34:51,0,2024-07-20 15:34:51,,,
2023-03,贵州省,10.10,-20.80,27.80,4.60,457,2023-03-31 00:00:00,1,0,2024-07-20 15:34:51,0,2024-07-20 15:34:51,,,
2023-03,四川省,17.20,-13.10,51.90,3.30,458,2023-03-31 00:00:00,1,0,2024-07-20 15:34:51,0,2024-07-20 15:34:51,,,
2023-03,重庆市,2.70,-18.50,7.20,29.90,459,2023-03-31 00:00:00,1,0,2024-07-20 15:34:51,0,2024-07-20 15:34:51,,,
2023-03,海南省,0.30,-10.30,1.30,8.00,460,2023-03-31 00:00:00,1,0,2024-07-20 15:34:51,0,2024-07-20 15:34:51,,,
2023-03,广西区,19.20,15.30,59.60,24.60,461,2023-03-31 00:00:00,1,0,2024-07-20 15:34:51,0,2024-07-20 15:34:51,,,
2023-03,广东省,30.20,40.90,94.10,40.00,462,2023-03-31 00:00:00,1,0,2024-07-20 15:34:51,0,2024-07-20 15:34:51,,,
2023-03,湖南省,16.90,-2.80,46.30,22.00,463,2023-03-31 00:00:00,1,0,2024-07-20 15:34:51,0,2024-07-20 15:34:51,,,
2023-03,湖北省,13.60,-19.60,36.40,14.60,464,2023-03-31 00:00:00,1,0,2024-07-20 15:34:51,0,2024-07-20 15:34:51,,,
2023-03,河南省,33.60,-5.90,92.40,11.80,465,2023-03-31 00:00:00,1,0,2024-07-20 15:34:51,0,2024-07-20 15:34:51,,,
2023-03,山东省,45.00,6.30,113.80,22.90,466,2023-03-31 00:00:00,1,0,2024-07-20 15:34:51,0,2024-07-20 15:34:51,,,
2023-03,江西省,9.80,-9.80,29.90,26.70,467,2023-03-31 00:00:00,1,0,2024-07-20 15:34:51,0,2024-07-20 15:34:51,,,
2023-03,福建省,17.40,5.10,65.80,7.90,468,2023-03-31 00:00:00,1,0,2024-07-20 15:34:51,0,2024-07-20 15:34:51,,,
2023-03,安徽省,12.00,1.70,31.70,14.80,469,2023-03-31 00:00:00,1,0,2024-07-20 15:34:51,0,2024-07-20 15:34:51,,,
2023-03,浙江省,7.10,-13.30,24.20,19.10,470,2023-03-31 00:00:00,1,0,2024-07-20 15:34:51,0,2024-07-20 15:34:51,,,
2023-03,江苏省,53.90,4.20,142.90,15.40,471,2023-03-31 00:00:00,1,0,2024-07-20 15:34:51,0,2024-07-20 15:34:51,,,
2023-03,上海市,2.00,-23.00,6.10,-4.60,472,2023-03-31 00:00:00,1,0,2024-07-20 15:34:51,0,2024-07-20 15:34:51,,,
2023-03,黑龙江省,20.60,26.10,53.80,13.40,473,2023-03-31 00:00:00,1,0,2024-07-20 15:34:51,0,2024-07-20 15:34:51,,,
2023-03,吉林省,23.80,57.20,62.00,80.20,474,2023-03-31 00:00:00,1,0,2024-07-20 15:34:51,0,2024-07-20 15:34:51,,,
2023-03,辽宁省,25.40,1.20,71.50,23.50,475,2023-03-31 00:00:00,1,0,2024-07-20 15:34:51,0,2024-07-20 15:34:51,,,
2023-03,内蒙古区,106.70,4.70,311.00,23.20,476,2023-03-31 00:00:00,1,0,2024-07-20 15:34:51,0,2024-07-20 15:34:51,,,
2023-03,山西省,45.70,-1.80,134.00,21.60,477,2023-03-31 00:00:00,1,0,2024-07-20 15:34:51,0,2024-07-20 15:34:51,,,
2023-03,河北省,60.10,-0.30,169.40,14.80,478,2023-03-31 00:00:00,1,0,2024-07-20 15:34:51,0,2024-07-20 15:34:51,,,
2023-03,天津市,2.20,23.40,5.90,30.70,479,2023-03-31 00:00:00,1,0,2024-07-20 15:34:51,0,2024-07-20 15:34:51,,,
2023-03,北京市,0.10,-0.50,0.50,-5.30,480,2023-03-31 00:00:00,1,0,2024-07-20 15:34:51,0,2024-07-20 15:34:51,,,
2023-02,全国,,,1337.00,30.20,481,2023-02-28 00:00:00,1,0,2024-07-20 15:34:54,0,2024-07-20 15:34:54,,,
2023-02,新疆区,,,73.40,17.50,482,2023-02-28 00:00:00,1,0,2024-07-20 15:34:54,0,2024-07-20 15:34:54,,,
2023-02,宁夏区,,,47.20,56.80,483,2023-02-28 00:00:00,1,0,2024-07-20 15:34:54,0,2024-07-20 15:34:54,,,
2023-02,青海省,,,21.60,10.90,484,2023-02-28 00:00:00,1,0,2024-07-20 15:34:54,0,2024-07-20 15:34:54,,,
2023-02,甘肃省,,,53.00,53.30,485,2023-02-28 00:00:00,1,0,2024-07-20 15:34:54,0,2024-07-20 15:34:54,,,
2023-02,陕西省,,,28.80,44.70,486,2023-02-28 00:00:00,1,0,2024-07-20 15:34:54,0,2024-07-20 15:34:54,,,
2023-02,西藏区,,,0.00,0.00,487,2023-02-28 00:00:00,1,0,2024-07-20 15:34:54,0,2024-07-20 15:34:54,,,
2023-02,云南省,,,55.60,0.50,488,2023-02-28 00:00:00,1,0,2024-07-20 15:34:54,0,2024-07-20 15:34:54,,,
2023-02,贵州省,,,17.40,27.90,489,2023-02-28 00:00:00,1,0,2024-07-20 15:34:54,0,2024-07-20 15:34:54,,,
2023-02,四川省,,,34.60,14.10,490,2023-02-28 00:00:00,1,0,2024-07-20 15:34:54,0,2024-07-20 15:34:54,,,
2023-02,重庆市,,,4.30,101.30,491,2023-02-28 00:00:00,1,0,2024-07-20 15:34:54,0,2024-07-20 15:34:54,,,
2023-02,海南省,,,1.00,14.20,492,2023-02-28 00:00:00,1,0,2024-07-20 15:34:54,0,2024-07-20 15:34:54,,,
2023-02,广西区,,,45.60,20.20,493,2023-02-28 00:00:00,1,0,2024-07-20 15:34:54,0,2024-07-20 15:34:54,,,
2023-02,广东省,,,62.90,45.40,494,2023-02-28 00:00:00,1,0,2024-07-20 15:34:54,0,2024-07-20 15:34:54,,,
2023-02,湖南省,,,29.20,43.30,495,2023-02-28 00:00:00,1,0,2024-07-20 15:34:54,0,2024-07-20 15:34:54,,,
2023-02,湖北省,,,22.00,54.70,496,2023-02-28 00:00:00,1,0,2024-07-20 15:34:54,0,2024-07-20 15:34:54,,,
2023-02,河南省,,,58.60,29.00,497,2023-02-28 00:00:00,1,0,2024-07-20 15:34:54,0,2024-07-20 15:34:54,,,
2023-02,山东省,,,67.50,33.00,498,2023-02-28 00:00:00,1,0,2024-07-20 15:34:54,0,2024-07-20 15:34:54,,,
2023-02,江西省,,,20.10,57.80,499,2023-02-28 00:00:00,1,0,2024-07-20 15:34:54,0,2024-07-20 15:34:54,,,
2023-02,福建省,,,48.40,8.90,500,2023-02-28 00:00:00,1,0,2024-07-20 15:34:54,0,2024-07-20 15:34:54,,,
2023-02,安徽省,,,19.70,24.50,501,2023-02-28 00:00:00,1,0,2024-07-20 15:34:54,0,2024-07-20 15:34:54,,,
2023-02,浙江省,,,17.10,40.80,502,2023-02-28 00:00:00,1,0,2024-07-20 15:34:54,0,2024-07-20 15:34:54,,,
2023-02,江苏省,,,88.90,24.10,503,2023-02-28 00:00:00,1,0,2024-07-20 15:34:54,0,2024-07-20 15:34:54,,,
2023-02,上海市,,,4.10,8.10,504,2023-02-28 00:00:00,1,0,2024-07-20 15:34:54,0,2024-07-20 15:34:54,,,
2023-02,黑龙江省,,,33.20,6.80,505,2023-02-28 00:00:00,1,0,2024-07-20 15:34:54,0,2024-07-20 15:34:54,,,
2023-02,吉林省,,,35.80,91.00,506,2023-02-28 00:00:00,1,0,2024-07-20 15:34:54,0,2024-07-20 15:34:54,,,
2023-02,辽宁省,,,46.10,40.50,507,2023-02-28 00:00:00,1,0,2024-07-20 15:34:54,0,2024-07-20 15:34:54,,,
2023-02,内蒙古区,,,200.30,32.80,508,2023-02-28 00:00:00,1,0,2024-07-20 15:34:54,0,2024-07-20 15:34:54,,,
2023-02,山西省,,,86.90,37.00,509,2023-02-28 00:00:00,1,0,2024-07-20 15:34:54,0,2024-07-20 15:34:54,,,
2023-02,河北省,,,109.30,27.70,510,2023-02-28 00:00:00,1,0,2024-07-20 15:34:54,0,2024-07-20 15:34:54,,,
2023-02,天津市,,,3.60,35.60,511,2023-02-28 00:00:00,1,0,2024-07-20 15:34:58,0,2024-07-20 15:34:58,,,
2023-02,北京市,,,0.30,-7.20,512,2023-02-28 00:00:00,1,0,2024-07-20 15:34:58,0,2024-07-20 15:34:58,,,
2022-12,全国,723.00,15.40,6867.00,12.30,513,2022-12-31 00:00:00,1,0,2024-07-20 15:34:58,0,2024-07-20 15:34:58,,,
2022-12,新疆区,32.50,-7.50,558.40,6.50,514,2022-12-31 00:00:00,1,0,2024-07-20 15:34:58,0,2024-07-20 15:34:58,,,
2022-12,宁夏区,24.40,10.10,252.80,-4.80,515,2022-12-31 00:00:00,1,0,2024-07-20 15:34:58,0,2024-07-20 15:34:58,,,
2022-12,青海省,9.50,23.50,112.80,10.20,516,2022-12-31 00:00:00,1,0,2024-07-20 15:34:58,0,2024-07-20 15:34:58,,,
2022-12,甘肃省,26.20,12.20,339.40,18.90,517,2022-12-31 00:00:00,1,0,2024-07-20 15:34:58,0,2024-07-20 15:34:58,,,
2022-12,陕西省,13.30,-6.50,157.20,-3.00,518,2022-12-31 00:00:00,1,0,2024-07-20 15:34:58,0,2024-07-20 15:34:58,,,
2022-12,西藏区,0.00,0.00,0.00,0.00,519,2022-12-31 00:00:00,1,0,2024-07-20 15:34:58,0,2024-07-20 15:34:58,,,
2022-12,云南省,23.10,13.20,212.50,-8.40,520,2022-12-31 00:00:00,1,0,2024-07-20 15:34:58,0,2024-07-20 15:34:58,,,
2022-12,贵州省,4.80,-39.60,105.30,3.00,521,2022-12-31 00:00:00,1,0,2024-07-20 15:34:58,0,2024-07-20 15:34:58,,,
2022-12,四川省,12.60,18.70,134.70,26.80,522,2022-12-31 00:00:00,1,0,2024-07-20 15:34:58,0,2024-07-20 15:34:58,,,
2022-12,重庆市,1.40,8.70,28.10,22.20,523,2022-12-31 00:00:00,1,0,2024-07-20 15:34:58,0,2024-07-20 15:34:58,,,
2022-12,海南省,0.70,12.60,4.90,-2.40,524,2022-12-31 00:00:00,1,0,2024-07-20 15:34:58,0,2024-07-20 15:34:58,,,
2022-12,广西区,22.30,32.70,179.50,14.40,525,2022-12-31 00:00:00,1,0,2024-07-20 15:34:58,0,2024-07-20 15:34:58,,,
2022-12,广东省,41.90,122.10,273.80,111.80,526,2022-12-31 00:00:00,1,0,2024-07-20 15:34:58,0,2024-07-20 15:34:58,,,
2022-12,湖南省,13.50,4.00,162.50,13.50,527,2022-12-31 00:00:00,1,0,2024-07-20 15:34:58,0,2024-07-20 15:34:58,,,
2022-12,湖北省,12.40,18.00,141.90,17.50,528,2022-12-31 00:00:00,1,0,2024-07-20 15:34:58,0,2024-07-20 15:34:58,,,
2022-12,河南省,26.80,-5.20,294.90,2.30,529,2022-12-31 00:00:00,1,0,2024-07-20 15:34:58,0,2024-07-20 15:34:58,,,
2022-12,山东省,32.10,-6.60,353.70,0.10,530,2022-12-31 00:00:00,1,0,2024-07-20 15:34:58,0,2024-07-20 15:34:58,,,
2022-12,江西省,10.60,14.50,112.40,16.50,531,2022-12-31 00:00:00,1,0,2024-07-20 15:34:58,0,2024-07-20 15:34:58,,,
2022-12,福建省,29.10,39.30,212.90,45.60,532,2022-12-31 00:00:00,1,0,2024-07-20 15:34:58,0,2024-07-20 15:34:58,,,
2022-12,安徽省,8.40,6.00,101.90,10.50,533,2022-12-31 00:00:00,1,0,2024-07-20 15:34:58,0,2024-07-20 15:34:58,,,
2022-12,浙江省,11.60,208.30,90.40,121.60,534,2022-12-31 00:00:00,1,0,2024-07-20 15:34:58,0,2024-07-20 15:34:58,,,
2022-12,江苏省,42.90,29.40,438.30,13.70,535,2022-12-31 00:00:00,1,0,2024-07-20 15:34:58,0,2024-07-20 15:34:58,,,
2022-12,上海市,2.00,58.90,18.20,5.40,536,2022-12-31 00:00:00,1,0,2024-07-20 15:34:58,0,2024-07-20 15:34:58,,,
2022-12,黑龙江省,23.80,34.20,189.20,31.90,537,2022-12-31 00:00:00,1,0,2024-07-20 15:34:58,0,2024-07-20 15:34:58,,,
2022-12,吉林省,22.00,107.60,180.00,44.90,538,2022-12-31 00:00:00,1,0,2024-07-20 15:34:58,0,2024-07-20 15:34:58,,,
2022-12,辽宁省,20.70,0.90,216.50,8.10,539,2022-12-31 00:00:00,1,0,2024-07-20 15:34:58,0,2024-07-20 15:34:58,,,
2022-12,内蒙古区,125.50,11.10,1019.90,8.80,540,2022-12-31 00:00:00,1,0,2024-07-20 15:34:58,0,2024-07-20 15:34:58,,,
2022-12,山西省,60.40,10.30,408.30,-4.10,541,2022-12-31 00:00:00,1,0,2024-07-20 15:35:01,0,2024-07-20 15:35:01,,,
2022-12,河北省,67.20,0.50,551.60,12.50,542,2022-12-31 00:00:00,1,0,2024-07-20 15:35:01,0,2024-07-20 15:35:01,,,
2022-12,天津市,1.20,-18.10,15.20,1.90,543,2022-12-31 00:00:00,1,0,2024-07-20 15:35:01,0,2024-07-20 15:35:01,,,
2022-12,北京市,0.00,22.20,0.10,1.40,544,2022-12-31 00:00:00,1,0,2024-07-20 15:35:01,0,2024-07-20 15:35:01,,,
2022-11,全国,602.00,5.70,6145.00,12.20,545,2022-11-30 00:00:00,1,0,2024-07-20 15:35:01,0,2024-07-20 15:35:01,,,
2022-11,新疆区,37.40,-3.70,525.70,7.60,546,2022-11-30 00:00:00,1,0,2024-07-20 15:35:01,0,2024-07-20 15:35:01,,,
2022-11,宁夏区,19.40,-26.10,227.70,-4.70,547,2022-11-30 00:00:00,1,0,2024-07-20 15:35:01,0,2024-07-20 15:35:01,,,
2022-11,青海省,9.00,16.90,103.30,9.10,548,2022-11-30 00:00:00,1,0,2024-07-20 15:35:01,0,2024-07-20 15:35:01,,,
2022-11,甘肃省,27.30,42.50,313.20,19.60,549,2022-11-30 00:00:00,1,0,2024-07-20 15:35:01,0,2024-07-20 15:35:01,,,
2022-11,陕西省,12.80,-21.70,144.40,-2.30,550,2022-11-30 00:00:00,1,0,2024-07-20 15:35:01,0,2024-07-20 15:35:01,,,
2022-11,西藏区,0.00,0.00,0.00,0.00,551,2022-11-30 00:00:00,1,0,2024-07-20 15:35:01,0,2024-07-20 15:35:01,,,
2022-11,云南省,20.80,3.50,190.70,-9.90,552,2022-11-30 00:00:00,1,0,2024-07-20 15:35:01,0,2024-07-20 15:35:01,,,
2022-11,贵州省,10.70,39.70,100.50,5.70,553,2022-11-30 00:00:00,1,0,2024-07-20 15:35:01,0,2024-07-20 15:35:01,,,
2022-11,四川省,14.50,73.90,122.10,27.40,554,2022-11-30 00:00:00,1,0,2024-07-20 15:35:01,0,2024-07-20 15:35:01,,,
2022-11,重庆市,2.80,141.40,26.80,22.90,555,2022-11-30 00:00:00,1,0,2024-07-20 15:35:01,0,2024-07-20 15:35:01,,,
2022-11,海南省,0.30,-39.70,4.20,-4.60,556,2022-11-30 00:00:00,1,0,2024-07-20 15:35:01,0,2024-07-20 15:35:01,,,
2022-11,广西区,14.80,-12.30,156.80,12.60,557,2022-11-30 00:00:00,1,0,2024-07-20 15:35:01,0,2024-07-20 15:35:01,,,
2022-11,广东省,29.00,107.60,231.90,109.10,558,2022-11-30 00:00:00,1,0,2024-07-20 15:35:01,0,2024-07-20 15:35:01,,,
2022-11,湖南省,16.00,30.70,149.10,15.30,559,2022-11-30 00:00:00,1,0,2024-07-20 15:35:01,0,2024-07-20 15:35:01,,,
2022-11,湖北省,11.30,32.00,127.00,17.80,560,2022-11-30 00:00:00,1,0,2024-07-20 15:35:01,0,2024-07-20 15:35:01,,,
2022-11,河南省,24.30,-4.60,269.30,3.80,561,2022-11-30 00:00:00,1,0,2024-07-20 15:35:01,0,2024-07-20 15:35:01,,,
2022-11,山东省,30.10,-5.00,320.70,0.60,562,2022-11-30 00:00:00,1,0,2024-07-20 15:35:01,0,2024-07-20 15:35:01,,,
2022-11,江西省,8.70,17.60,101.70,16.70,563,2022-11-30 00:00:00,1,0,2024-07-20 15:35:01,0,2024-07-20 15:35:01,,,
2022-11,福建省,20.20,28.10,183.80,46.60,564,2022-11-30 00:00:00,1,0,2024-07-20 15:35:01,0,2024-07-20 15:35:01,,,
2022-11,安徽省,8.90,15.00,93.60,10.90,565,2022-11-30 00:00:00,1,0,2024-07-20 15:35:01,0,2024-07-20 15:35:01,,,
2022-11,浙江省,7.40,110.00,78.80,112.80,566,2022-11-30 00:00:00,1,0,2024-07-20 15:35:01,0,2024-07-20 15:35:01,,,
2022-11,江苏省,35.80,6.90,396.90,12.20,567,2022-11-30 00:00:00,1,0,2024-07-20 15:35:01,0,2024-07-20 15:35:01,,,
2022-11,上海市,1.50,7.50,16.20,1.20,568,2022-11-30 00:00:00,1,0,2024-07-20 15:35:01,0,2024-07-20 15:35:01,,,
2022-11,黑龙江省,18.30,24.10,165.40,31.60,569,2022-11-30 00:00:00,1,0,2024-07-20 15:35:01,0,2024-07-20 15:35:01,,,
2022-11,吉林省,18.70,65.20,158.40,39.20,570,2022-11-30 00:00:00,1,0,2024-07-20 15:35:01,0,2024-07-20 15:35:01,,,
2022-11,辽宁省,18.90,2.80,195.90,9.50,571,2022-11-30 00:00:00,1,0,2024-07-20 15:35:05,0,2024-07-20 15:35:05,,,
2022-11,内蒙古区,97.00,-4.00,894.60,9.20,572,2022-11-30 00:00:00,1,0,2024-07-20 15:35:05,0,2024-07-20 15:35:05,,,
2022-11,山西省,37.80,-16.40,348.00,-6.40,573,2022-11-30 00:00:00,1,0,2024-07-20 15:35:05,0,2024-07-20 15:35:05,,,
2022-11,河北省,47.50,-11.40,484.40,14.30,574,2022-11-30 00:00:00,1,0,2024-07-20 15:35:05,0,2024-07-20 15:35:05,,,
2022-11,天津市,1.00,-30.60,14.00,5.60,575,2022-11-30 00:00:00,1,0,2024-07-20 15:35:05,0,2024-07-20 15:35:05,,,
2022-11,北京市,0.00,-47.60,0.10,-0.60,576,2022-11-30 00:00:00,1,0,2024-07-20 15:35:05,0,2024-07-20 15:35:05,,,
2022-10,全国,613.00,19.20,5513.00,12.40,577,2022-10-31 00:00:00,1,0,2024-07-20 15:35:05,0,2024-07-20 15:35:05,,,
2022-10,新疆区,41.60,-6.30,488.30,8.50,578,2022-10-31 00:00:00,1,0,2024-07-20 15:35:05,0,2024-07-20 15:35:05,,,
2022-10,宁夏区,18.60,3.20,209.40,-1.60,579,2022-10-31 00:00:00,1,0,2024-07-20 15:35:05,0,2024-07-20 15:35:05,,,
2022-10,青海省,7.50,29.10,92.10,5.90,580,2022-10-31 00:00:00,1,0,2024-07-20 15:35:05,0,2024-07-20 15:35:05,,,
2022-10,甘肃省,28.80,3.60,281.90,16.10,581,2022-10-31 00:00:00,1,0,2024-07-20 15:35:05,0,2024-07-20 15:35:05,,,
2022-10,陕西省,12.90,19.20,130.70,-0.50,582,2022-10-31 00:00:00,1,0,2024-07-20 15:35:05,0,2024-07-20 15:35:05,,,
2022-10,西藏区,0.00,0.00,0.00,0.00,583,2022-10-31 00:00:00,1,0,2024-07-20 15:35:05,0,2024-07-20 15:35:05,,,
2022-10,云南省,11.20,-32.40,169.90,-11.30,584,2022-10-31 00:00:00,1,0,2024-07-20 15:35:05,0,2024-07-20 15:35:05,,,
2022-10,贵州省,11.30,-2.50,89.80,2.70,585,2022-10-31 00:00:00,1,0,2024-07-20 15:35:05,0,2024-07-20 15:35:05,,,
2022-10,四川省,10.60,32.70,106.20,21.10,586,2022-10-31 00:00:00,1,0,2024-07-20 15:35:05,0,2024-07-20 15:35:05,,,
2022-10,重庆市,3.00,27.70,23.20,12.70,587,2022-10-31 00:00:00,1,0,2024-07-20 15:35:05,0,2024-07-20 15:35:05,,,
2022-10,海南省,0.60,-13.20,3.90,0.10,588,2022-10-31 00:00:00,1,0,2024-07-20 15:35:05,0,2024-07-20 15:35:05,,,
2022-10,广西区,20.40,-4.40,142.00,15.20,589,2022-10-31 00:00:00,1,0,2024-07-20 15:35:05,0,2024-07-20 15:35:05,,,
2022-10,广东省,34.40,80.50,200.30,106.70,590,2022-10-31 00:00:00,1,0,2024-07-20 15:35:05,0,2024-07-20 15:35:05,,,
2022-10,湖南省,18.30,8.70,131.90,12.70,591,2022-10-31 00:00:00,1,0,2024-07-20 15:35:05,0,2024-07-20 15:35:05,,,
2022-10,湖北省,13.80,-6.30,115.70,16.50,592,2022-10-31 00:00:00,1,0,2024-07-20 15:35:05,0,2024-07-20 15:35:05,,,
2022-10,河南省,25.00,6.30,244.20,4.40,593,2022-10-31 00:00:00,1,0,2024-07-20 15:35:05,0,2024-07-20 15:35:05,,,
2022-10,山东省,27.60,3.60,290.60,1.20,594,2022-10-31 00:00:00,1,0,2024-07-20 15:35:05,0,2024-07-20 15:35:05,,,
2022-10,江西省,12.60,10.00,93.00,16.70,595,2022-10-31 00:00:00,1,0,2024-07-20 15:35:05,0,2024-07-20 15:35:05,,,
2022-10,福建省,29.50,53.60,163.60,49.30,596,2022-10-31 00:00:00,1,0,2024-07-20 15:35:05,0,2024-07-20 15:35:05,,,
2022-10,安徽省,9.60,23.50,84.70,11.90,597,2022-10-31 00:00:00,1,0,2024-07-20 15:35:05,0,2024-07-20 15:35:05,,,
2022-10,浙江省,11.70,193.10,71.40,113.10,598,2022-10-31 00:00:00,1,0,2024-07-20 15:35:05,0,2024-07-20 15:35:05,,,
2022-10,江苏省,35.10,-2.40,361.30,12.80,599,2022-10-31 00:00:00,1,0,2024-07-20 15:35:05,0,2024-07-20 15:35:05,,,
2022-10,上海市,1.90,12.20,14.70,0.60,600,2022-10-31 00:00:00,1,0,2024-07-20 15:35:05,0,2024-07-20 15:35:05,,,
2022-10,黑龙江省,18.50,47.20,147.10,32.60,601,2022-10-31 00:00:00,1,0,2024-07-20 15:35:09,0,2024-07-20 15:35:09,,,
2022-10,吉林省,15.40,31.30,124.80,21.40,602,2022-10-31 00:00:00,1,0,2024-07-20 15:35:09,0,2024-07-20 15:35:09,,,
2022-10,辽宁省,23.10,62.00,177.00,10.30,603,2022-10-31 00:00:00,1,0,2024-07-20 15:35:09,0,2024-07-20 15:35:09,,,
2022-10,内蒙古区,90.80,35.70,796.40,11.00,604,2022-10-31 00:00:00,1,0,2024-07-20 15:35:09,0,2024-07-20 15:35:09,,,
2022-10,山西省,31.40,14.40,310.20,-5.00,605,2022-10-31 00:00:00,1,0,2024-07-20 15:35:09,0,2024-07-20 15:35:09,,,
2022-10,河北省,46.50,44.20,436.20,17.80,606,2022-10-31 00:00:00,1,0,2024-07-20 15:35:09,0,2024-07-20 15:35:09,,,
2022-10,天津市,1.40,40.50,13.00,10.00,607,2022-10-31 00:00:00,1,0,2024-07-20 15:35:09,0,2024-07-20 15:35:09,,,
2022-10,北京市,0.00,6.70,0.00,6.30,608,2022-10-31 00:00:00,1,0,2024-07-20 15:35:09,0,2024-07-20 15:35:09,,,
2022-09,全国,476.00,25.80,4871.00,11.20,609,2022-09-30 00:00:00,1,0,2024-07-20 15:35:09,0,2024-07-20 15:35:09,,,
2022-09,新疆区,44.90,8.80,446.70,10.20,610,2022-09-30 00:00:00,1,0,2024-07-20 15:35:09,0,2024-07-20 15:35:09,,,
2022-09,宁夏区,21.10,18.50,190.90,-2.00,611,2022-09-30 00:00:00,1,0,2024-07-20 15:35:09,0,2024-07-20 15:35:09,,,
2022-09,青海省,5.90,-6.70,83.80,3.30,612,2022-09-30 00:00:00,1,0,2024-07-20 15:35:09,0,2024-07-20 15:35:09,,,
2022-09,甘肃省,26.20,24.80,249.80,17.00,613,2022-09-30 00:00:00,1,0,2024-07-20 15:35:09,0,2024-07-20 15:35:09,,,
2022-09,陕西省,12.80,7.70,117.90,-1.10,614,2022-09-30 00:00:00,1,0,2024-07-20 15:35:09,0,2024-07-20 15:35:09,,,
2022-09,西藏区,0.00,0.00,0.00,0.00,615,2022-09-30 00:00:00,1,0,2024-07-20 15:35:09,0,2024-07-20 15:35:09,,,
2022-09,云南省,6.90,-9.90,158.70,-9.30,616,2022-09-30 00:00:00,1,0,2024-07-20 15:35:09,0,2024-07-20 15:35:09,,,
2022-09,贵州省,6.00,-37.40,78.50,3.50,617,2022-09-30 00:00:00,1,0,2024-07-20 15:35:09,0,2024-07-20 15:35:09,,,
2022-09,四川省,6.10,-12.10,95.00,19.10,618,2022-09-30 00:00:00,1,0,2024-07-20 15:35:09,0,2024-07-20 15:35:09,,,
2022-09,重庆市,2.00,-32.70,19.60,7.40,619,2022-09-30 00:00:00,1,0,2024-07-20 15:35:09,0,2024-07-20 15:35:09,,,
2022-09,海南省,0.20,45.40,3.20,3.20,620,2022-09-30 00:00:00,1,0,2024-07-20 15:35:09,0,2024-07-20 15:35:09,,,
2022-09,广西区,9.10,58.90,121.80,19.50,621,2022-09-30 00:00:00,1,0,2024-07-20 15:35:09,0,2024-07-20 15:35:09,,,
2022-09,广东省,16.20,236.80,165.90,113.10,622,2022-09-30 00:00:00,1,0,2024-07-20 15:35:09,0,2024-07-20 15:35:09,,,
2022-09,湖南省,12.30,40.10,113.00,13.90,623,2022-09-30 00:00:00,1,0,2024-07-20 15:35:09,0,2024-07-20 15:35:09,,,
2022-09,湖北省,8.60,-14.50,95.80,17.30,624,2022-09-30 00:00:00,1,0,2024-07-20 15:35:09,0,2024-07-20 15:35:09,,,
2022-09,河南省,17.90,-21.00,217.40,4.30,625,2022-09-30 00:00:00,1,0,2024-07-20 15:35:09,0,2024-07-20 15:35:09,,,
2022-09,山东省,20.90,-8.40,261.90,0.60,626,2022-09-30 00:00:00,1,0,2024-07-20 15:35:09,0,2024-07-20 15:35:09,,,
2022-09,江西省,8.80,59.70,80.30,14.30,627,2022-09-30 00:00:00,1,0,2024-07-20 15:35:09,0,2024-07-20 15:35:09,,,
2022-09,福建省,14.30,116.10,134.10,46.80,628,2022-09-30 00:00:00,1,0,2024-07-20 15:35:09,0,2024-07-20 15:35:09,,,
2022-09,安徽省,7.40,10.80,74.30,11.30,629,2022-09-30 00:00:00,1,0,2024-07-20 15:35:09,0,2024-07-20 15:35:09,,,
2022-09,浙江省,8.90,181.20,59.70,102.30,630,2022-09-30 00:00:00,1,0,2024-07-20 15:35:09,0,2024-07-20 15:35:09,,,
2022-09,江苏省,37.00,26.70,322.30,14.90,631,2022-09-30 00:00:00,1,0,2024-07-20 15:35:11,0,2024-07-20 15:35:11,,,
2022-09,上海市,1.70,34.30,12.80,-0.90,632,2022-09-30 00:00:00,1,0,2024-07-20 15:35:11,0,2024-07-20 15:35:11,,,
2022-09,黑龙江省,15.00,89.80,123.70,25.70,633,2022-09-30 00:00:00,1,0,2024-07-20 15:35:11,0,2024-07-20 15:35:11,,,
2022-09,吉林省,14.40,113.30,108.50,18.90,634,2022-09-30 00:00:00,1,0,2024-07-20 15:35:11,0,2024-07-20 15:35:11,,,
2022-09,辽宁省,16.50,90.80,153.90,5.40,635,2022-09-30 00:00:00,1,0,2024-07-20 15:35:11,0,2024-07-20 15:35:11,,,
2022-09,内蒙古区,79.20,49.20,705.50,8.40,636,2022-09-30 00:00:00,1,0,2024-07-20 15:35:11,0,2024-07-20 15:35:11,,,
2022-09,山西省,20.40,-16.10,278.80,-6.80,637,2022-09-30 00:00:00,1,0,2024-07-20 15:35:11,0,2024-07-20 15:35:11,,,
2022-09,河北省,34.70,43.60,385.30,14.80,638,2022-09-30 00:00:00,1,0,2024-07-20 15:35:11,0,2024-07-20 15:35:11,,,
2022-09,天津市,0.90,10.70,11.50,7.10,639,2022-09-30 00:00:00,1,0,2024-07-20 15:35:11,0,2024-07-20 15:35:11,,,
2022-09,北京市,0.00,95.00,0.00,6.30,640,2022-09-30 00:00:00,1,0,2024-07-20 15:35:11,0,2024-07-20 15:35:11,,,
2022-08,全国,463.00,28.20,4373.00,9.60,641,2022-08-31 00:00:00,1,0,2024-07-20 15:35:11,0,2024-07-20 15:35:11,,,
2022-08,新疆区,54.90,28.20,400.70,11.30,642,2022-08-31 00:00:00,1,0,2024-07-20 15:35:11,0,2024-07-20 15:35:11,,,
2022-08,宁夏区,24.00,14.70,169.80,-4.10,643,2022-08-31 00:00:00,1,0,2024-07-20 15:35:11,0,2024-07-20 15:35:11,,,
2022-08,青海省,9.40,5.00,78.00,4.20,644,2022-08-31 00:00:00,1,0,2024-07-20 15:35:11,0,2024-07-20 15:35:11,,,
2022-08,甘肃省,34.50,40.50,222.20,16.10,645,2022-08-31 00:00:00,1,0,2024-07-20 15:35:11,0,2024-07-20 15:35:11,,,
2022-08,陕西省,14.60,16.20,104.50,-2.00,646,2022-08-31 00:00:00,1,0,2024-07-20 15:35:11,0,2024-07-20 15:35:11,,,
2022-08,西藏区,0.00,0.00,0.00,0.00,647,2022-08-31 00:00:00,1,0,2024-07-20 15:35:11,0,2024-07-20 15:35:11,,,
2022-08,云南省,7.60,-18.60,151.80,-9.20,648,2022-08-31 00:00:00,1,0,2024-07-20 15:35:11,0,2024-07-20 15:35:11,,,
2022-08,贵州省,9.60,9.40,72.60,9.30,649,2022-08-31 00:00:00,1,0,2024-07-20 15:35:11,0,2024-07-20 15:35:11,,,
2022-08,四川省,5.30,1.00,88.80,22.10,650,2022-08-31 00:00:00,1,0,2024-07-20 15:35:11,0,2024-07-20 15:35:11,,,
2022-08,重庆市,3.70,39.50,17.60,20.90,651,2022-08-31 00:00:00,1,0,2024-07-20 15:35:11,0,2024-07-20 15:35:11,,,
2022-08,海南省,0.20,-38.60,3.00,1.30,652,2022-08-31 00:00:00,1,0,2024-07-20 15:35:11,0,2024-07-20 15:35:11,,,
2022-08,广西区,9.50,8.00,111.90,16.30,653,2022-08-31 00:00:00,1,0,2024-07-20 15:35:11,0,2024-07-20 15:35:11,,,
2022-08,广东省,12.60,94.00,149.70,104.80,654,2022-08-31 00:00:00,1,0,2024-07-20 15:35:11,0,2024-07-20 15:35:11,,,
2022-08,湖南省,12.50,7.60,97.80,8.00,655,2022-08-31 00:00:00,1,0,2024-07-20 15:35:11,0,2024-07-20 15:35:11,,,
2022-08,湖北省,13.10,53.80,87.20,22.80,656,2022-08-31 00:00:00,1,0,2024-07-20 15:35:11,0,2024-07-20 15:35:11,,,
2022-08,河南省,24.10,44.90,198.70,7.00,657,2022-08-31 00:00:00,1,0,2024-07-20 15:35:11,0,2024-07-20 15:35:11,,,
2022-08,山东省,21.90,47.40,241.00,1.50,658,2022-08-31 00:00:00,1,0,2024-07-20 15:35:11,0,2024-07-20 15:35:11,,,
2022-08,江西省,8.30,9.10,71.50,10.40,659,2022-08-31 00:00:00,1,0,2024-07-20 15:35:11,0,2024-07-20 15:35:11,,,
2022-08,福建省,6.50,-15.00,119.90,41.40,660,2022-08-31 00:00:00,1,0,2024-07-20 15:35:11,0,2024-07-20 15:35:11,,,
2022-08,安徽省,6.60,20.50,65.50,8.20,661,2022-08-31 00:00:00,1,0,2024-07-20 15:35:14,0,2024-07-20 15:35:14,,,
2022-08,浙江省,6.40,100.90,48.90,85.80,662,2022-08-31 00:00:00,1,0,2024-07-20 15:35:14,0,2024-07-20 15:35:14,,,
2022-08,江苏省,26.50,34.80,285.30,13.60,663,2022-08-31 00:00:00,1,0,2024-07-20 15:35:14,0,2024-07-20 15:35:14,,,
2022-08,上海市,1.20,14.80,11.10,-4.80,664,2022-08-31 00:00:00,1,0,2024-07-20 15:35:14,0,2024-07-20 15:35:14,,,
2022-08,黑龙江省,11.10,49.80,107.60,19.60,665,2022-08-31 00:00:00,1,0,2024-07-20 15:35:14,0,2024-07-20 15:35:14,,,
2022-08,吉林省,9.00,47.50,90.50,7.10,666,2022-08-31 00:00:00,1,0,2024-07-20 15:35:14,0,2024-07-20 15:35:14,,,
2022-08,辽宁省,12.30,43.60,136.80,-0.40,667,2022-08-31 00:00:00,1,0,2024-07-20 15:35:14,0,2024-07-20 15:35:14,,,
2022-08,内蒙古区,60.70,20.30,623.10,4.40,668,2022-08-31 00:00:00,1,0,2024-07-20 15:35:14,0,2024-07-20 15:35:14,,,
2022-08,山西省,25.40,24.20,256.20,-6.40,669,2022-08-31 00:00:00,1,0,2024-07-20 15:35:14,0,2024-07-20 15:35:14,,,
2022-08,河北省,30.40,53.50,350.60,12.60,670,2022-08-31 00:00:00,1,0,2024-07-20 15:35:14,0,2024-07-20 15:35:14,,,
2022-08,天津市,0.80,57.00,10.60,6.80,671,2022-08-31 00:00:00,1,0,2024-07-20 15:35:14,0,2024-07-20 15:35:14,,,
2022-08,北京市,0.00,21.50,0.00,0.90,672,2022-08-31 00:00:00,1,0,2024-07-20 15:35:14,0,2024-07-20 15:35:14,,,
2022-07,全国,456.00,5.70,3905.00,7.70,673,2022-07-31 00:00:00,1,0,2024-07-20 15:35:14,0,2024-07-20 15:35:14,,,
2022-07,新疆区,61.50,24.20,343.00,8.40,674,2022-07-31 00:00:00,1,0,2024-07-20 15:35:14,0,2024-07-20 15:35:14,,,
2022-07,宁夏区,23.70,9.00,145.80,-6.80,675,2022-07-31 00:00:00,1,0,2024-07-20 15:35:14,0,2024-07-20 15:35:14,,,
2022-07,青海省,9.60,11.70,71.60,5.00,676,2022-07-31 00:00:00,1,0,2024-07-20 15:35:14,0,2024-07-20 15:35:14,,,
2022-07,甘肃省,28.70,20.90,186.50,11.70,677,2022-07-31 00:00:00,1,0,2024-07-20 15:35:14,0,2024-07-20 15:35:14,,,
2022-07,陕西省,13.40,5.50,89.80,-4.60,678,2022-07-31 00:00:00,1,0,2024-07-20 15:35:14,0,2024-07-20 15:35:14,,,
2022-07,西藏区,0.00,0.00,0.00,0.00,679,2022-07-31 00:00:00,1,0,2024-07-20 15:35:14,0,2024-07-20 15:35:14,,,
2022-07,云南省,9.10,-23.30,144.20,-8.70,680,2022-07-31 00:00:00,1,0,2024-07-20 15:35:14,0,2024-07-20 15:35:14,,,
2022-07,贵州省,10.60,14.20,63.00,8.00,681,2022-07-31 00:00:00,1,0,2024-07-20 15:35:14,0,2024-07-20 15:35:14,,,
2022-07,四川省,7.60,37.60,83.50,23.80,682,2022-07-31 00:00:00,1,0,2024-07-20 15:35:14,0,2024-07-20 15:35:14,,,
2022-07,重庆市,2.50,30.40,13.80,16.50,683,2022-07-31 00:00:00,1,0,2024-07-20 15:35:14,0,2024-07-20 15:35:14,,,
2022-07,海南省,0.30,-13.60,2.80,6.30,684,2022-07-31 00:00:00,1,0,2024-07-20 15:35:14,0,2024-07-20 15:35:14,,,
2022-07,广西区,12.60,18.80,102.40,19.00,685,2022-07-31 00:00:00,1,0,2024-07-20 15:35:14,0,2024-07-20 15:35:14,,,
2022-07,广东省,14.00,71.40,137.10,108.20,686,2022-07-31 00:00:00,1,0,2024-07-20 15:35:14,0,2024-07-20 15:35:14,,,
2022-07,湖南省,14.60,7.80,84.60,9.20,687,2022-07-31 00:00:00,1,0,2024-07-20 15:35:14,0,2024-07-20 15:35:14,,,
2022-07,湖北省,10.50,0.10,74.10,18.60,688,2022-07-31 00:00:00,1,0,2024-07-20 15:35:14,0,2024-07-20 15:35:14,,,
2022-07,河南省,18.20,-18.80,174.60,3.70,689,2022-07-31 00:00:00,1,0,2024-07-20 15:35:14,0,2024-07-20 15:35:14,,,
2022-07,山东省,19.10,-26.40,219.10,-1.40,690,2022-07-31 00:00:00,1,0,2024-07-20 15:35:14,0,2024-07-20 15:35:14,,,
2022-07,江西省,11.10,6.10,63.20,10.60,691,2022-07-31 00:00:00,1,0,2024-07-20 15:35:16,0,2024-07-20 15:35:16,,,
2022-07,福建省,11.30,5.40,113.40,47.10,692,2022-07-31 00:00:00,1,0,2024-07-20 15:35:16,0,2024-07-20 15:35:16,,,
2022-07,安徽省,6.60,-27.60,58.90,11.80,693,2022-07-31 00:00:00,1,0,2024-07-20 15:35:16,0,2024-07-20 15:35:16,,,
2022-07,浙江省,4.80,-10.40,42.50,80.80,694,2022-07-31 00:00:00,1,0,2024-07-20 15:35:16,0,2024-07-20 15:35:16,,,
2022-07,江苏省,31.60,-17.60,257.60,11.50,695,2022-07-31 00:00:00,1,0,2024-07-20 15:35:16,0,2024-07-20 15:35:16,,,
2022-07,上海市,0.90,-59.80,9.90,-6.70,696,2022-07-31 00:00:00,1,0,2024-07-20 15:35:16,0,2024-07-20 15:35:16,,,
2022-07,黑龙江省,7.30,34.90,96.20,18.90,697,2022-07-31 00:00:00,1,0,2024-07-20 15:35:16,0,2024-07-20 15:35:16,,,
2022-07,吉林省,6.50,8.40,80.80,3.00,698,2022-07-31 00:00:00,1,0,2024-07-20 15:35:16,0,2024-07-20 15:35:16,,,
2022-07,辽宁省,8.40,-31.80,124.60,-3.30,699,2022-07-31 00:00:00,1,0,2024-07-20 15:35:16,0,2024-07-20 15:35:16,,,
2022-07,内蒙古区,63.60,32.80,562.40,2.70,700,2022-07-31 00:00:00,1,0,2024-07-20 15:35:16,0,2024-07-20 15:35:16,,,
2022-07,山西省,21.10,-5.80,229.10,-9.50,701,2022-07-31 00:00:00,1,0,2024-07-20 15:35:16,0,2024-07-20 15:35:16,,,
2022-07,河北省,26.50,9.60,320.10,9.80,702,2022-07-31 00:00:00,1,0,2024-07-20 15:35:16,0,2024-07-20 15:35:16,,,
2022-07,天津市,0.80,-19.30,9.90,4.20,703,2022-07-31 00:00:00,1,0,2024-07-20 15:35:16,0,2024-07-20 15:35:16,,,
2022-07,北京市,0.00,-13.00,0.00,-0.60,704,2022-07-31 00:00:00,1,0,2024-07-20 15:35:16,0,2024-07-20 15:35:16,,,
2022-06,全国,524.00,16.70,3429.00,7.80,705,2022-06-30 00:00:00,1,0,2024-07-20 15:35:16,0,2024-07-20 15:35:16,,,
2022-06,新疆区,57.50,12.50,281.50,5.50,706,2022-06-30 00:00:00,1,0,2024-07-20 15:35:16,0,2024-07-20 15:35:16,,,
2022-06,宁夏区,22.10,14.50,121.60,-9.70,707,2022-06-30 00:00:00,1,0,2024-07-20 15:35:16,0,2024-07-20 15:35:16,,,
2022-06,青海省,10.10,-2.60,62.00,5.10,708,2022-06-30 00:00:00,1,0,2024-07-20 15:35:16,0,2024-07-20 15:35:16,,,
2022-06,甘肃省,29.80,43.60,150.70,5.40,709,2022-06-30 00:00:00,1,0,2024-07-20 15:35:16,0,2024-07-20 15:35:16,,,
2022-06,陕西省,13.80,21.50,76.40,-6.10,710,2022-06-30 00:00:00,1,0,2024-07-20 15:35:16,0,2024-07-20 15:35:16,,,
2022-06,西藏区,0.00,0.00,0.00,0.00,711,2022-06-30 00:00:00,1,0,2024-07-20 15:35:16,0,2024-07-20 15:35:16,,,
2022-06,云南省,17.90,22.60,136.70,-6.70,712,2022-06-30 00:00:00,1,0,2024-07-20 15:35:16,0,2024-07-20 15:35:16,,,
2022-06,贵州省,8.30,2.40,52.40,6.80,713,2022-06-30 00:00:00,1,0,2024-07-20 15:35:16,0,2024-07-20 15:35:16,,,
2022-06,四川省,7.00,1.20,76.20,23.00,714,2022-06-30 00:00:00,1,0,2024-07-20 15:35:16,0,2024-07-20 15:35:16,,,
2022-06,重庆市,1.80,0.90,11.30,13.80,715,2022-06-30 00:00:00,1,0,2024-07-20 15:35:16,0,2024-07-20 15:35:16,,,
2022-06,海南省,0.50,-6.00,2.50,9.20,716,2022-06-30 00:00:00,1,0,2024-07-20 15:35:16,0,2024-07-20 15:35:16,,,
2022-06,广西区,15.10,27.80,89.80,19.60,717,2022-06-30 00:00:00,1,0,2024-07-20 15:35:16,0,2024-07-20 15:35:16,,,
2022-06,广东省,16.90,71.50,120.60,109.10,718,2022-06-30 00:00:00,1,0,2024-07-20 15:35:16,0,2024-07-20 15:35:16,,,
2022-06,湖南省,12.90,26.30,70.00,9.40,719,2022-06-30 00:00:00,1,0,2024-07-20 15:35:16,0,2024-07-20 15:35:16,,,
2022-06,湖北省,9.80,34.20,63.60,22.30,720,2022-06-30 00:00:00,1,0,2024-07-20 15:35:16,0,2024-07-20 15:35:16,,,
2022-06,河南省,24.90,23.00,157.30,6.80,721,2022-06-30 00:00:00,1,0,2024-07-20 15:35:19,0,2024-07-20 15:35:19,,,
2022-06,山东省,30.40,13.40,200.20,2.40,722,2022-06-30 00:00:00,1,0,2024-07-20 15:35:19,0,2024-07-20 15:35:19,,,
2022-06,江西省,12.00,41.90,52.10,13.20,723,2022-06-30 00:00:00,1,0,2024-07-20 15:35:19,0,2024-07-20 15:35:19,,,
2022-06,福建省,13.20,33.60,96.70,45.90,724,2022-06-30 00:00:00,1,0,2024-07-20 15:35:19,0,2024-07-20 15:35:19,,,
2022-06,安徽省,8.40,55.90,49.60,25.00,725,2022-06-30 00:00:00,1,0,2024-07-20 15:35:19,0,2024-07-20 15:35:19,,,
2022-06,浙江省,6.40,246.40,37.70,115.80,726,2022-06-30 00:00:00,1,0,2024-07-20 15:35:19,0,2024-07-20 15:35:19,,,
2022-06,江苏省,39.90,62.10,226.10,21.20,727,2022-06-30 00:00:00,1,0,2024-07-20 15:35:19,0,2024-07-20 15:35:19,,,
2022-06,上海市,1.50,84.40,9.00,7.00,728,2022-06-30 00:00:00,1,0,2024-07-20 15:35:19,0,2024-07-20 15:35:19,,,
2022-06,黑龙江省,9.70,10.00,89.40,19.40,729,2022-06-30 00:00:00,1,0,2024-07-20 15:35:19,0,2024-07-20 15:35:19,,,
2022-06,吉林省,9.00,3.10,74.40,2.50,730,2022-06-30 00:00:00,1,0,2024-07-20 15:35:19,0,2024-07-20 15:35:19,,,
2022-06,辽宁省,13.70,1.10,116.20,-0.30,731,2022-06-30 00:00:00,1,0,2024-07-20 15:35:19,0,2024-07-20 15:35:19,,,
2022-06,内蒙古区,62.50,-8.30,497.50,-0.50,732,2022-06-30 00:00:00,1,0,2024-07-20 15:35:19,0,2024-07-20 15:35:19,,,
2022-06,山西省,29.90,3.10,206.30,-10.30,733,2022-06-30 00:00:00,1,0,2024-07-20 15:35:19,0,2024-07-20 15:35:19,,,
2022-06,河北省,37.70,0.70,291.90,9.20,734,2022-06-30 00:00:00,1,0,2024-07-20 15:35:19,0,2024-07-20 15:35:19,,,
2022-06,天津市,1.30,7.90,9.10,7.00,735,2022-06-30 00:00:00,1,0,2024-07-20 15:35:19,0,2024-07-20 15:35:19,,,
2022-06,北京市,0.00,-39.40,0.00,0.50,736,2022-06-30 00:00:00,1,0,2024-07-20 15:35:19,0,2024-07-20 15:35:19,,,
2022-05,全国,595.00,-0.70,2876.00,5.60,737,2022-05-31 00:00:00,1,0,2024-07-20 15:35:19,0,2024-07-20 15:35:19,,,
2022-05,新疆区,62.60,14.10,223.10,3.60,738,2022-05-31 00:00:00,1,0,2024-07-20 15:35:19,0,2024-07-20 15:35:19,,,
2022-05,宁夏区,20.30,-20.90,99.20,-14.10,739,2022-05-31 00:00:00,1,0,2024-07-20 15:35:19,0,2024-07-20 15:35:19,,,
2022-05,青海省,10.40,-0.90,51.90,7.70,740,2022-05-31 00:00:00,1,0,2024-07-20 15:35:19,0,2024-07-20 15:35:19,,,
2022-05,甘肃省,30.90,25.50,115.80,-5.20,741,2022-05-31 00:00:00,1,0,2024-07-20 15:35:19,0,2024-07-20 15:35:19,,,
2022-05,陕西省,13.30,-18.40,62.60,-9.20,742,2022-05-31 00:00:00,1,0,2024-07-20 15:35:19,0,2024-07-20 15:35:19,,,
2022-05,西藏区,0.00,0.00,0.00,0.00,743,2022-05-31 00:00:00,1,0,2024-07-20 15:35:19,0,2024-07-20 15:35:19,,,
2022-05,云南省,14.20,-46.30,118.90,-10.80,744,2022-05-31 00:00:00,1,0,2024-07-20 15:35:19,0,2024-07-20 15:35:19,,,
2022-05,贵州省,8.10,-21.30,44.00,3.30,745,2022-05-31 00:00:00,1,0,2024-07-20 15:35:19,0,2024-07-20 15:35:19,,,
2022-05,四川省,7.50,-18.60,69.20,27.00,746,2022-05-31 00:00:00,1,0,2024-07-20 15:35:19,0,2024-07-20 15:35:19,,,
2022-05,重庆市,2.00,37.00,9.50,19.40,747,2022-05-31 00:00:00,1,0,2024-07-20 15:35:19,0,2024-07-20 15:35:19,,,
2022-05,海南省,0.40,-19.00,2.00,13.90,748,2022-05-31 00:00:00,1,0,2024-07-20 15:35:19,0,2024-07-20 15:35:19,,,
2022-05,广西区,12.90,-17.50,74.70,17.40,749,2022-05-31 00:00:00,1,0,2024-07-20 15:35:19,0,2024-07-20 15:35:19,,,
2022-05,广东省,18.10,90.10,103.70,116.90,750,2022-05-31 00:00:00,1,0,2024-07-20 15:35:19,0,2024-07-20 15:35:19,,,
2022-05,湖南省,9.60,-11.30,56.70,5.90,751,2022-05-31 00:00:00,1,0,2024-07-20 15:35:23,0,2024-07-20 15:35:23,,,
2022-05,湖北省,11.30,21.80,52.60,18.10,752,2022-05-31 00:00:00,1,0,2024-07-20 15:35:23,0,2024-07-20 15:35:23,,,
2022-05,河南省,32.00,16.60,132.20,6.40,753,2022-05-31 00:00:00,1,0,2024-07-20 15:35:23,0,2024-07-20 15:35:23,,,
2022-05,山东省,40.50,3.60,169.70,0.80,754,2022-05-31 00:00:00,1,0,2024-07-20 15:35:23,0,2024-07-20 15:35:23,,,
2022-05,江西省,7.30,-27.60,40.10,8.20,755,2022-05-31 00:00:00,1,0,2024-07-20 15:35:23,0,2024-07-20 15:35:23,,,
2022-05,福建省,13.80,35.50,83.60,48.00,756,2022-05-31 00:00:00,1,0,2024-07-20 15:35:23,0,2024-07-20 15:35:23,,,
2022-05,安徽省,7.60,19.70,40.30,17.70,757,2022-05-31 00:00:00,1,0,2024-07-20 15:35:23,0,2024-07-20 15:35:23,,,
2022-05,浙江省,4.40,65.70,29.90,91.30,758,2022-05-31 00:00:00,1,0,2024-07-20 15:35:23,0,2024-07-20 15:35:23,,,
2022-05,江苏省,34.40,5.80,180.30,12.20,759,2022-05-31 00:00:00,1,0,2024-07-20 15:35:23,0,2024-07-20 15:35:23,,,
2022-05,上海市,0.90,-27.50,7.50,-1.30,760,2022-05-31 00:00:00,1,0,2024-07-20 15:35:23,0,2024-07-20 15:35:23,,,
2022-05,黑龙江省,15.90,13.40,79.70,20.60,761,2022-05-31 00:00:00,1,0,2024-07-20 15:35:23,0,2024-07-20 15:35:23,,,
2022-05,吉林省,15.30,6.30,64.60,1.10,762,2022-05-31 00:00:00,1,0,2024-07-20 15:35:23,0,2024-07-20 15:35:23,,,
2022-05,辽宁省,21.40,-7.50,98.20,-4.70,763,2022-05-31 00:00:00,1,0,2024-07-20 15:35:23,0,2024-07-20 15:35:23,,,
2022-05,内蒙古区,88.10,-7.60,435.00,0.30,764,2022-05-31 00:00:00,1,0,2024-07-20 15:35:23,0,2024-07-20 15:35:23,,,
2022-05,山西省,35.80,-19.70,176.90,-11.50,765,2022-05-31 00:00:00,1,0,2024-07-20 15:35:23,0,2024-07-20 15:35:23,,,
2022-05,河北省,53.60,6.20,246.40,8.80,766,2022-05-31 00:00:00,1,0,2024-07-20 15:35:23,0,2024-07-20 15:35:23,,,
2022-05,天津市,1.90,4.70,7.80,6.80,767,2022-05-31 00:00:00,1,0,2024-07-20 15:35:23,0,2024-07-20 15:35:23,,,
2022-05,北京市,0.00,92.10,0.00,9.00,768,2022-05-31 00:00:00,1,0,2024-07-20 15:35:23,0,2024-07-20 15:35:23,,,
2022-04,全国,628.00,14.50,2265.00,6.80,769,2022-04-30 00:00:00,1,0,2024-07-20 15:35:23,0,2024-07-20 15:35:23,,,
2022-04,新疆区,48.60,3.80,160.50,0.50,770,2022-04-30 00:00:00,1,0,2024-07-20 15:35:23,0,2024-07-20 15:35:23,,,
2022-04,宁夏区,23.20,-0.10,79.10,-13.40,771,2022-04-30 00:00:00,1,0,2024-07-20 15:35:23,0,2024-07-20 15:35:23,,,
2022-04,青海省,13.90,27.20,41.40,10.10,772,2022-04-30 00:00:00,1,0,2024-07-20 15:35:23,0,2024-07-20 15:35:23,,,
2022-04,甘肃省,23.40,-15.20,84.90,-13.00,773,2022-04-30 00:00:00,1,0,2024-07-20 15:35:23,0,2024-07-20 15:35:23,,,
2022-04,陕西省,13.60,-3.30,49.30,-5.30,774,2022-04-30 00:00:00,1,0,2024-07-20 15:35:23,0,2024-07-20 15:35:23,,,
2022-04,西藏区,0.00,0.00,0.00,0.00,775,2022-04-30 00:00:00,1,0,2024-07-20 15:35:23,0,2024-07-20 15:35:23,,,
2022-04,云南省,20.20,-14.90,105.00,1.50,776,2022-04-30 00:00:00,1,0,2024-07-20 15:35:23,0,2024-07-20 15:35:23,,,
2022-04,贵州省,10.00,19.00,35.90,11.20,777,2022-04-30 00:00:00,1,0,2024-07-20 15:35:23,0,2024-07-20 15:35:23,,,
2022-04,四川省,11.50,-7.40,61.70,36.30,778,2022-04-30 00:00:00,1,0,2024-07-20 15:35:23,0,2024-07-20 15:35:23,,,
2022-04,重庆市,2.50,16.60,7.40,15.30,779,2022-04-30 00:00:00,1,0,2024-07-20 15:35:23,0,2024-07-20 15:35:23,,,
2022-04,海南省,0.40,46.70,1.60,25.40,780,2022-04-30 00:00:00,1,0,2024-07-20 15:35:23,0,2024-07-20 15:35:23,,,
2022-04,广西区,15.50,34.40,61.90,32.50,781,2022-04-30 00:00:00,1,0,2024-07-20 15:35:26,0,2024-07-20 15:35:26,,,
2022-04,广东省,18.30,84.10,81.90,115.50,782,2022-04-30 00:00:00,1,0,2024-07-20 15:35:26,0,2024-07-20 15:35:26,,,
2022-04,湖南省,13.50,22.70,46.70,10.30,783,2022-04-30 00:00:00,1,0,2024-07-20 15:35:26,0,2024-07-20 15:35:26,,,
2022-04,湖北省,12.90,33.00,40.10,13.50,784,2022-04-30 00:00:00,1,0,2024-07-20 15:35:26,0,2024-07-20 15:35:26,,,
2022-04,河南省,31.70,23.20,99.60,2.80,785,2022-04-30 00:00:00,1,0,2024-07-20 15:35:26,0,2024-07-20 15:35:26,,,
2022-04,山东省,40.80,19.20,127.90,-1.10,786,2022-04-30 00:00:00,1,0,2024-07-20 15:35:26,0,2024-07-20 15:35:26,,,
2022-04,江西省,10.20,48.50,32.20,19.40,787,2022-04-30 00:00:00,1,0,2024-07-20 15:35:26,0,2024-07-20 15:35:26,,,
2022-04,福建省,14.30,21.10,69.70,50.80,788,2022-04-30 00:00:00,1,0,2024-07-20 15:35:26,0,2024-07-20 15:35:26,,,
2022-04,安徽省,8.30,36.60,32.70,19.10,789,2022-04-30 00:00:00,1,0,2024-07-20 15:35:26,0,2024-07-20 15:35:26,,,
2022-04,浙江省,6.10,108.60,25.50,96.50,790,2022-04-30 00:00:00,1,0,2024-07-20 15:35:26,0,2024-07-20 15:35:26,,,
2022-04,江苏省,39.90,38.00,142.60,12.50,791,2022-04-30 00:00:00,1,0,2024-07-20 15:35:26,0,2024-07-20 15:35:26,,,
2022-04,上海市,1.50,14.20,6.60,3.90,792,2022-04-30 00:00:00,1,0,2024-07-20 15:35:26,0,2024-07-20 15:35:26,,,
2022-04,黑龙江省,17.10,12.50,62.60,20.30,793,2022-04-30 00:00:00,1,0,2024-07-20 15:35:26,0,2024-07-20 15:35:26,,,
2022-04,吉林省,16.90,19.70,49.30,-0.40,794,2022-04-30 00:00:00,1,0,2024-07-20 15:35:26,0,2024-07-20 15:35:26,,,
2022-04,辽宁省,23.40,-0.90,76.80,-3.90,795,2022-04-30 00:00:00,1,0,2024-07-20 15:35:26,0,2024-07-20 15:35:26,,,
2022-04,内蒙古区,99.60,16.30,343.20,1.50,796,2022-04-30 00:00:00,1,0,2024-07-20 15:35:26,0,2024-07-20 15:35:26,,,
2022-04,山西省,37.10,4.80,141.10,-9.20,797,2022-04-30 00:00:00,1,0,2024-07-20 15:35:26,0,2024-07-20 15:35:26,,,
2022-04,河北省,51.60,18.60,191.70,7.50,798,2022-04-30 00:00:00,1,0,2024-07-20 15:35:26,0,2024-07-20 15:35:26,,,
2022-04,天津市,1.90,25.80,5.90,7.60,799,2022-04-30 00:00:00,1,0,2024-07-20 15:35:26,0,2024-07-20 15:35:26,,,
2022-04,北京市,0.00,-23.00,0.00,-7.40,800,2022-04-30 00:00:00,1,0,2024-07-20 15:35:26,0,2024-07-20 15:35:26,,,
2022-03,全国,673.00,23.80,1627.00,3.30,801,2022-03-31 00:00:00,1,0,2024-07-20 15:35:26,0,2024-07-20 15:35:26,,,
2022-03,新疆区,52.60,13.30,111.90,-0.90,802,2022-03-31 00:00:00,1,0,2024-07-20 15:35:26,0,2024-07-20 15:35:26,,,
2022-03,宁夏区,26.20,20.80,55.80,-18.00,803,2022-03-31 00:00:00,1,0,2024-07-20 15:35:26,0,2024-07-20 15:35:26,,,
2022-03,青海省,12.30,23.10,27.50,3.80,804,2022-03-31 00:00:00,1,0,2024-07-20 15:35:26,0,2024-07-20 15:35:26,,,
2022-03,甘肃省,28.10,11.90,61.50,-12.10,805,2022-03-31 00:00:00,1,0,2024-07-20 15:35:26,0,2024-07-20 15:35:26,,,
2022-03,陕西省,16.80,40.70,35.70,-6.00,806,2022-03-31 00:00:00,1,0,2024-07-20 15:35:26,0,2024-07-20 15:35:26,,,
2022-03,西藏区,0.00,0.00,0.00,0.00,807,2022-03-31 00:00:00,1,0,2024-07-20 15:35:26,0,2024-07-20 15:35:26,,,
2022-03,云南省,30.70,-3.20,84.80,6.40,808,2022-03-31 00:00:00,1,0,2024-07-20 15:35:26,0,2024-07-20 15:35:26,,,
2022-03,贵州省,12.40,19.50,25.90,9.20,809,2022-03-31 00:00:00,1,0,2024-07-20 15:35:26,0,2024-07-20 15:35:26,,,
2022-03,四川省,19.60,55.70,49.60,51.20,810,2022-03-31 00:00:00,1,0,2024-07-20 15:35:26,0,2024-07-20 15:35:26,,,
2022-03,重庆市,3.00,50.80,4.90,14.70,811,2022-03-31 00:00:00,1,0,2024-07-20 15:35:30,0,2024-07-20 15:35:30,,,
2022-03,海南省,0.30,-5.30,1.20,19.30,812,2022-03-31 00:00:00,1,0,2024-07-20 15:35:30,0,2024-07-20 15:35:30,,,
2022-03,广西区,16.20,-9.00,45.80,14.20,813,2022-03-31 00:00:00,1,0,2024-07-20 15:35:30,0,2024-07-20 15:35:30,,,
2022-03,广东省,19.90,91.80,63.60,126.50,814,2022-03-31 00:00:00,1,0,2024-07-20 15:35:30,0,2024-07-20 15:35:30,,,
2022-03,湖南省,14.90,10.20,33.00,3.10,815,2022-03-31 00:00:00,1,0,2024-07-20 15:35:30,0,2024-07-20 15:35:30,,,
2022-03,湖北省,14.70,48.10,27.20,6.00,816,2022-03-31 00:00:00,1,0,2024-07-20 15:35:30,0,2024-07-20 15:35:30,,,
2022-03,河南省,29.00,10.30,67.60,-4.10,817,2022-03-31 00:00:00,1,0,2024-07-20 15:35:30,0,2024-07-20 15:35:30,,,
2022-03,山东省,38.90,17.40,85.50,-8.70,818,2022-03-31 00:00:00,1,0,2024-07-20 15:35:30,0,2024-07-20 15:35:30,,,
2022-03,江西省,10.20,22.70,22.10,9.60,819,2022-03-31 00:00:00,1,0,2024-07-20 15:35:30,0,2024-07-20 15:35:30,,,
2022-03,福建省,14.80,32.70,56.00,59.30,820,2022-03-31 00:00:00,1,0,2024-07-20 15:35:30,0,2024-07-20 15:35:30,,,
2022-03,安徽省,10.40,29.80,24.30,14.10,821,2022-03-31 00:00:00,1,0,2024-07-20 15:35:30,0,2024-07-20 15:35:30,,,
2022-03,浙江省,6.00,77.30,15.70,56.10,822,2022-03-31 00:00:00,1,0,2024-07-20 15:35:30,0,2024-07-20 15:35:30,,,
2022-03,江苏省,40.80,35.60,99.50,2.80,823,2022-03-31 00:00:00,1,0,2024-07-20 15:35:30,0,2024-07-20 15:35:30,,,
2022-03,上海市,2.00,35.00,5.00,-0.30,824,2022-03-31 00:00:00,1,0,2024-07-20 15:35:30,0,2024-07-20 15:35:30,,,
2022-03,黑龙江省,15.20,10.80,45.60,23.50,825,2022-03-31 00:00:00,1,0,2024-07-20 15:35:30,0,2024-07-20 15:35:30,,,
2022-03,吉林省,14.10,1.00,32.40,-7.90,826,2022-03-31 00:00:00,1,0,2024-07-20 15:35:30,0,2024-07-20 15:35:30,,,
2022-03,辽宁省,23.10,6.70,53.50,-5.10,827,2022-03-31 00:00:00,1,0,2024-07-20 15:35:30,0,2024-07-20 15:35:30,,,
2022-03,内蒙古区,98.20,33.90,243.60,-3.80,828,2022-03-31 00:00:00,1,0,2024-07-20 15:35:30,0,2024-07-20 15:35:30,,,
2022-03,山西省,44.00,40.10,104.20,-13.10,829,2022-03-31 00:00:00,1,0,2024-07-20 15:35:30,0,2024-07-20 15:35:30,,,
2022-03,河北省,56.50,34.80,140.10,3.90,830,2022-03-31 00:00:00,1,0,2024-07-20 15:35:30,0,2024-07-20 15:35:30,,,
2022-03,天津市,1.60,14.80,3.90,0.50,831,2022-03-31 00:00:00,1,0,2024-07-20 15:35:30,0,2024-07-20 15:35:30,,,
2022-03,北京市,0.00,211.30,0.00,0.10,832,2022-03-31 00:00:00,1,0,2024-07-20 15:35:30,0,2024-07-20 15:35:30,,,
2022-02,全国,,,942.00,-7.60,833,2022-02-28 00:00:00,1,0,2024-07-20 15:35:30,0,2024-07-20 15:35:30,,,
2022-02,新疆区,,,59.50,-10.50,834,2022-02-28 00:00:00,1,0,2024-07-20 15:35:30,0,2024-07-20 15:35:30,,,
2022-02,宁夏区,,,29.60,-36.30,835,2022-02-28 00:00:00,1,0,2024-07-20 15:35:30,0,2024-07-20 15:35:30,,,
2022-02,青海省,,,15.20,-9.00,836,2022-02-28 00:00:00,1,0,2024-07-20 15:35:30,0,2024-07-20 15:35:30,,,
2022-02,甘肃省,,,32.50,-24.20,837,2022-02-28 00:00:00,1,0,2024-07-20 15:35:30,0,2024-07-20 15:35:30,,,
2022-02,陕西省,,,18.90,-26.70,838,2022-02-28 00:00:00,1,0,2024-07-20 15:35:30,0,2024-07-20 15:35:30,,,
2022-02,西藏区,,,0.00,0.00,839,2022-02-28 00:00:00,1,0,2024-07-20 15:35:30,0,2024-07-20 15:35:30,,,
2022-02,云南省,,,54.10,12.60,840,2022-02-28 00:00:00,1,0,2024-07-20 15:35:30,0,2024-07-20 15:35:30,,,
2022-02,贵州省,,,13.40,0.80,841,2022-02-28 00:00:00,1,0,2024-07-20 15:35:33,0,2024-07-20 15:35:33,,,
2022-02,四川省,,,30.00,43.70,842,2022-02-28 00:00:00,1,0,2024-07-20 15:35:33,0,2024-07-20 15:35:33,,,
2022-02,重庆市,,,1.90,-16.20,843,2022-02-28 00:00:00,1,0,2024-07-20 15:35:33,0,2024-07-20 15:35:33,,,
2022-02,海南省,,,0.90,31.00,844,2022-02-28 00:00:00,1,0,2024-07-20 15:35:33,0,2024-07-20 15:35:33,,,
2022-02,广西区,,,36.60,89.50,845,2022-02-28 00:00:00,1,0,2024-07-20 15:35:33,0,2024-07-20 15:35:33,,,
2022-02,广东省,,,35.60,123.50,846,2022-02-28 00:00:00,1,0,2024-07-20 15:35:33,0,2024-07-20 15:35:33,,,
2022-02,湖南省,,,18.10,-5.90,847,2022-02-28 00:00:00,1,0,2024-07-20 15:35:33,0,2024-07-20 15:35:33,,,
2022-02,湖北省,,,11.60,-23.90,848,2022-02-28 00:00:00,1,0,2024-07-20 15:35:33,0,2024-07-20 15:35:33,,,
2022-02,河南省,,,38.20,-11.00,849,2022-02-28 00:00:00,1,0,2024-07-20 15:35:33,0,2024-07-20 15:35:33,,,
2022-02,山东省,,,46.60,-22.30,850,2022-02-28 00:00:00,1,0,2024-07-20 15:35:33,0,2024-07-20 15:35:33,,,
2022-02,江西省,,,11.80,-5.50,851,2022-02-28 00:00:00,1,0,2024-07-20 15:35:33,0,2024-07-20 15:35:33,,,
2022-02,福建省,,,39.30,66.20,852,2022-02-28 00:00:00,1,0,2024-07-20 15:35:33,0,2024-07-20 15:35:33,,,
2022-02,安徽省,,,13.90,2.50,853,2022-02-28 00:00:00,1,0,2024-07-20 15:35:33,0,2024-07-20 15:35:33,,,
2022-02,浙江省,,,7.30,9.40,854,2022-02-28 00:00:00,1,0,2024-07-20 15:35:33,0,2024-07-20 15:35:33,,,
2022-02,江苏省,,,55.00,-16.60,855,2022-02-28 00:00:00,1,0,2024-07-20 15:35:33,0,2024-07-20 15:35:33,,,
2022-02,上海市,,,3.00,-14.90,856,2022-02-28 00:00:00,1,0,2024-07-20 15:35:33,0,2024-07-20 15:35:33,,,
2022-02,黑龙江省,,,30.40,30.90,857,2022-02-28 00:00:00,1,0,2024-07-20 15:35:33,0,2024-07-20 15:35:33,,,
2022-02,吉林省,,,18.30,-12.50,858,2022-02-28 00:00:00,1,0,2024-07-20 15:35:33,0,2024-07-20 15:35:33,,,
2022-02,辽宁省,,,30.40,-12.80,859,2022-02-28 00:00:00,1,0,2024-07-20 15:35:33,0,2024-07-20 15:35:33,,,
2022-02,内蒙古区,,,145.80,-18.50,860,2022-02-28 00:00:00,1,0,2024-07-20 15:35:33,0,2024-07-20 15:35:33,,,
2022-02,山西省,,,60.10,-30.20,861,2022-02-28 00:00:00,1,0,2024-07-20 15:35:33,0,2024-07-20 15:35:33,,,
2022-02,河北省,,,81.80,-10.80,862,2022-02-28 00:00:00,1,0,2024-07-20 15:35:33,0,2024-07-20 15:35:33,,,
2022-02,天津市,,,2.30,-7.40,863,2022-02-28 00:00:00,1,0,2024-07-20 15:35:33,0,2024-07-20 15:35:33,,,
2022-02,北京市,,,0.00,-25.20,864,2022-02-28 00:00:00,1,0,2024-07-20 15:35:33,0,2024-07-20 15:35:33,,,
2021-12,全国,571.00,30.10,5667.00,29.80,865,2021-12-31 00:00:00,1,0,2024-07-20 15:35:33,0,2024-07-20 15:35:33,,,
2021-12,新疆区,32.40,34.30,503.60,18.80,866,2021-12-31 00:00:00,1,0,2024-07-20 15:35:33,0,2024-07-20 15:35:33,,,
2021-12,宁夏区,20.50,68.90,249.70,39.00,867,2021-12-31 00:00:00,1,0,2024-07-20 15:35:33,0,2024-07-20 15:35:33,,,
2021-12,青海省,7.20,21.20,96.80,41.80,868,2021-12-31 00:00:00,1,0,2024-07-20 15:35:33,0,2024-07-20 15:35:33,,,
2021-12,甘肃省,22.40,42.20,277.40,14.00,869,2021-12-31 00:00:00,1,0,2024-07-20 15:35:33,0,2024-07-20 15:35:33,,,
2021-12,陕西省,12.20,109.80,138.60,58.50,870,2021-12-31 00:00:00,1,0,2024-07-20 15:35:33,0,2024-07-20 15:35:33,,,
2021-12,西藏区,0.00,0.00,0.00,0.00,871,2021-12-31 00:00:00,1,0,2024-07-20 15:35:37,0,2024-07-20 15:35:37,,,
2021-12,云南省,20.20,-29.20,230.60,-7.60,872,2021-12-31 00:00:00,1,0,2024-07-20 15:35:37,0,2024-07-20 15:35:37,,,
2021-12,贵州省,7.60,70.00,100.10,4.30,873,2021-12-31 00:00:00,1,0,2024-07-20 15:35:37,0,2024-07-20 15:35:37,,,
2021-12,四川省,10.60,4.90,106.20,21.90,874,2021-12-31 00:00:00,1,0,2024-07-20 15:35:37,0,2024-07-20 15:35:37,,,
2021-12,重庆市,1.10,123.60,20.70,57.40,875,2021-12-31 00:00:00,1,0,2024-07-20 15:35:37,0,2024-07-20 15:35:37,,,
2021-12,海南省,0.60,-4.80,4.90,-12.20,876,2021-12-31 00:00:00,1,0,2024-07-20 15:35:37,0,2024-07-20 15:35:37,,,
2021-12,广西区,16.40,10.80,152.90,45.80,877,2021-12-31 00:00:00,1,0,2024-07-20 15:35:37,0,2024-07-20 15:35:37,,,
2021-12,广东省,15.80,52.70,114.10,23.10,878,2021-12-31 00:00:00,1,0,2024-07-20 15:35:37,0,2024-07-20 15:35:37,,,
2021-12,湖南省,12.50,28.70,138.60,42.30,879,2021-12-31 00:00:00,1,0,2024-07-20 15:35:37,0,2024-07-20 15:35:37,,,
2021-12,湖北省,8.30,57.20,104.90,26.00,880,2021-12-31 00:00:00,1,0,2024-07-20 15:35:37,0,2024-07-20 15:35:37,,,
2021-12,河南省,18.50,72.30,195.10,72.70,881,2021-12-31 00:00:00,1,0,2024-07-20 15:35:37,0,2024-07-20 15:35:37,,,
2021-12,山东省,29.50,44.70,310.60,40.60,882,2021-12-31 00:00:00,1,0,2024-07-20 15:35:37,0,2024-07-20 15:35:37,,,
2021-12,江西省,8.30,29.70,85.30,31.70,883,2021-12-31 00:00:00,1,0,2024-07-20 15:35:37,0,2024-07-20 15:35:37,,,
2021-12,福建省,18.60,13.40,134.90,15.50,884,2021-12-31 00:00:00,1,0,2024-07-20 15:35:37,0,2024-07-20 15:35:37,,,
2021-12,安徽省,7.70,79.10,85.60,63.20,885,2021-12-31 00:00:00,1,0,2024-07-20 15:35:37,0,2024-07-20 15:35:37,,,
2021-12,浙江省,3.70,-5.00,40.20,20.60,886,2021-12-31 00:00:00,1,0,2024-07-20 15:35:37,0,2024-07-20 15:35:37,,,
2021-12,江苏省,29.40,53.60,350.30,63.30,887,2021-12-31 00:00:00,1,0,2024-07-20 15:35:37,0,2024-07-20 15:35:37,,,
2021-12,上海市,1.30,-31.90,17.30,-4.00,888,2021-12-31 00:00:00,1,0,2024-07-20 15:35:37,0,2024-07-20 15:35:37,,,
2021-12,黑龙江省,17.10,12.30,140.30,14.00,889,2021-12-31 00:00:00,1,0,2024-07-20 15:35:37,0,2024-07-20 15:35:37,,,
2021-12,吉林省,10.20,-7.60,118.90,8.50,890,2021-12-31 00:00:00,1,0,2024-07-20 15:35:37,0,2024-07-20 15:35:37,,,
2021-12,辽宁省,19.80,29.70,192.20,12.40,891,2021-12-31 00:00:00,1,0,2024-07-20 15:35:37,0,2024-07-20 15:35:37,,,
2021-12,内蒙古区,107.70,29.50,900.60,30.70,892,2021-12-31 00:00:00,1,0,2024-07-20 15:35:37,0,2024-07-20 15:35:37,,,
2021-12,山西省,47.00,26.50,372.20,52.60,893,2021-12-31 00:00:00,1,0,2024-07-20 15:35:37,0,2024-07-20 15:35:37,,,
2021-12,河北省,63.10,39.90,469.40,33.40,894,2021-12-31 00:00:00,1,0,2024-07-20 15:35:37,0,2024-07-20 15:35:37,,,
2021-12,天津市,1.50,58.10,14.90,33.00,895,2021-12-31 00:00:00,1,0,2024-07-20 15:35:37,0,2024-07-20 15:35:37,,,
2021-12,北京市,0.00,-12.50,0.10,15.70,896,2021-12-31 00:00:00,1,0,2024-07-20 15:35:37,0,2024-07-20 15:35:37,,,
2021-11,全国,516.00,27.70,5066.00,29.20,897,2021-11-30 00:00:00,1,0,2024-07-20 15:35:37,0,2024-07-20 15:35:37,,,
2021-11,新疆区,35.80,15.50,468.50,17.10,898,2021-11-30 00:00:00,1,0,2024-07-20 15:35:37,0,2024-07-20 15:35:37,,,
2021-11,宁夏区,24.80,56.30,226.80,35.40,899,2021-11-30 00:00:00,1,0,2024-07-20 15:35:37,0,2024-07-20 15:35:37,,,
2021-11,青海省,7.30,48.50,89.60,43.80,900,2021-11-30 00:00:00,1,0,2024-07-20 15:35:37,0,2024-07-20 15:35:37,,,
2021-11,甘肃省,18.10,-0.90,254.80,12.00,901,2021-11-30 00:00:00,1,0,2024-07-20 15:35:41,0,2024-07-20 15:35:41,,,
2021-11,陕西省,13.80,77.30,126.40,54.70,902,2021-11-30 00:00:00,1,0,2024-07-20 15:35:41,0,2024-07-20 15:35:41,,,
2021-11,西藏区,0.00,0.00,0.00,0.00,903,2021-11-30 00:00:00,1,0,2024-07-20 15:35:41,0,2024-07-20 15:35:41,,,
2021-11,云南省,19.90,11.80,210.30,-4.80,904,2021-11-30 00:00:00,1,0,2024-07-20 15:35:41,0,2024-07-20 15:35:41,,,
2021-11,贵州省,7.40,-9.30,93.10,1.80,905,2021-11-30 00:00:00,1,0,2024-07-20 15:35:41,0,2024-07-20 15:35:41,,,
2021-11,四川省,8.30,-4.10,95.90,24.50,906,2021-11-30 00:00:00,1,0,2024-07-20 15:35:41,0,2024-07-20 15:35:41,,,
2021-11,重庆市,1.00,-28.50,19.50,54.70,907,2021-11-30 00:00:00,1,0,2024-07-20 15:35:41,0,2024-07-20 15:35:41,,,
2021-11,海南省,0.50,-15.20,4.30,-13.20,908,2021-11-30 00:00:00,1,0,2024-07-20 15:35:41,0,2024-07-20 15:35:41,,,
2021-11,广西区,14.70,23.20,126.20,44.20,909,2021-11-30 00:00:00,1,0,2024-07-20 15:35:41,0,2024-07-20 15:35:41,,,
2021-11,广东省,12.30,30.60,98.80,19.90,910,2021-11-30 00:00:00,1,0,2024-07-20 15:35:41,0,2024-07-20 15:35:41,,,
2021-11,湖南省,11.80,-1.20,125.20,44.30,911,2021-11-30 00:00:00,1,0,2024-07-20 15:35:41,0,2024-07-20 15:35:41,,,
2021-11,湖北省,7.20,4.40,96.40,23.70,912,2021-11-30 00:00:00,1,0,2024-07-20 15:35:41,0,2024-07-20 15:35:41,,,
2021-11,河南省,16.20,60.50,176.10,74.10,913,2021-11-30 00:00:00,1,0,2024-07-20 15:35:41,0,2024-07-20 15:35:41,,,
2021-11,山东省,27.20,33.20,281.10,40.30,914,2021-11-30 00:00:00,1,0,2024-07-20 15:35:41,0,2024-07-20 15:35:41,,,
2021-11,江西省,6.30,-6.90,77.00,31.90,915,2021-11-30 00:00:00,1,0,2024-07-20 15:35:41,0,2024-07-20 15:35:41,,,
2021-11,福建省,14.20,-12.50,116.40,15.80,916,2021-11-30 00:00:00,1,0,2024-07-20 15:35:41,0,2024-07-20 15:35:41,,,
2021-11,安徽省,7.00,31.80,78.00,61.90,917,2021-11-30 00:00:00,1,0,2024-07-20 15:35:41,0,2024-07-20 15:35:41,,,
2021-11,浙江省,3.50,11.40,36.50,24.00,918,2021-11-30 00:00:00,1,0,2024-07-20 15:35:41,0,2024-07-20 15:35:41,,,
2021-11,江苏省,29.30,54.40,320.70,63.40,919,2021-11-30 00:00:00,1,0,2024-07-20 15:35:41,0,2024-07-20 15:35:41,,,
2021-11,上海市,1.40,-15.30,16.00,-0.80,920,2021-11-30 00:00:00,1,0,2024-07-20 15:35:41,0,2024-07-20 15:35:41,,,
2021-11,黑龙江省,12.90,-14.40,118.80,10.20,921,2021-11-30 00:00:00,1,0,2024-07-20 15:35:41,0,2024-07-20 15:35:41,,,
2021-11,吉林省,10.40,-14.80,108.20,9.90,922,2021-11-30 00:00:00,1,0,2024-07-20 15:35:41,0,2024-07-20 15:35:41,,,
2021-11,辽宁省,17.70,17.50,171.40,10.00,923,2021-11-30 00:00:00,1,0,2024-07-20 15:35:41,0,2024-07-20 15:35:41,,,
2021-11,内蒙古区,96.40,42.60,787.40,29.90,924,2021-11-30 00:00:00,1,0,2024-07-20 15:35:41,0,2024-07-20 15:35:41,,,
2021-11,山西省,38.10,75.00,322.90,56.30,925,2021-11-30 00:00:00,1,0,2024-07-20 15:35:41,0,2024-07-20 15:35:41,,,
2021-11,河北省,51.20,49.50,406.60,32.50,926,2021-11-30 00:00:00,1,0,2024-07-20 15:35:41,0,2024-07-20 15:35:41,,,
2021-11,天津市,1.40,56.30,13.20,28.90,927,2021-11-30 00:00:00,1,0,2024-07-20 15:35:41,0,2024-07-20 15:35:41,,,
2021-11,北京市,0.00,24.20,0.10,19.40,928,2021-11-30 00:00:00,1,0,2024-07-20 15:35:41,0,2024-07-20 15:35:41,,,
2021-10,新疆区,41.20,14.40,427.10,15.80,929,2021-10-31 00:00:00,1,0,2024-07-20 15:35:41,0,2024-07-20 15:35:41,,,
2021-10,宁夏区,17.10,30.00,202.00,33.20,930,2021-10-31 00:00:00,1,0,2024-07-20 15:35:41,0,2024-07-20 15:35:41,,,
2021-10,青海省,5.50,-5.50,82.20,43.40,931,2021-10-31 00:00:00,1,0,2024-07-20 15:35:43,0,2024-07-20 15:35:43,,,
2021-10,甘肃省,26.60,48.60,236.80,13.10,932,2021-10-31 00:00:00,1,0,2024-07-20 15:35:43,0,2024-07-20 15:35:43,,,
2021-10,陕西省,8.60,22.70,105.40,44.40,933,2021-10-31 00:00:00,1,0,2024-07-20 15:35:43,0,2024-07-20 15:35:43,,,
2021-10,西藏区,0.00,0.00,0.00,0.00,934,2021-10-31 00:00:00,1,0,2024-07-20 15:35:43,0,2024-07-20 15:35:43,,,
2021-10,云南省,16.40,44.10,190.40,-6.20,935,2021-10-31 00:00:00,1,0,2024-07-20 15:35:43,0,2024-07-20 15:35:43,,,
2021-10,贵州省,11.00,69.70,84.20,2.10,936,2021-10-31 00:00:00,1,0,2024-07-20 15:35:43,0,2024-07-20 15:35:43,,,
2021-10,四川省,8.00,25.00,87.70,28.40,937,2021-10-31 00:00:00,1,0,2024-07-20 15:35:43,0,2024-07-20 15:35:43,,,
2021-10,重庆市,1.90,55.20,17.30,53.90,938,2021-10-31 00:00:00,1,0,2024-07-20 15:35:43,0,2024-07-20 15:35:43,,,
2021-10,海南省,0.70,-29.60,3.80,-12.90,939,2021-10-31 00:00:00,1,0,2024-07-20 15:35:43,0,2024-07-20 15:35:43,,,
2021-10,广西区,19.00,48.70,111.70,49.30,940,2021-10-31 00:00:00,1,0,2024-07-20 15:35:43,0,2024-07-20 15:35:43,,,
2021-10,广东省,16.80,35.10,86.50,18.50,941,2021-10-31 00:00:00,1,0,2024-07-20 15:35:43,0,2024-07-20 15:35:43,,,
2021-10,湖南省,16.00,81.40,111.90,55.30,942,2021-10-31 00:00:00,1,0,2024-07-20 15:35:43,0,2024-07-20 15:35:43,,,
2021-10,湖北省,12.90,56.80,89.20,25.50,943,2021-10-31 00:00:00,1,0,2024-07-20 15:35:43,0,2024-07-20 15:35:43,,,
2021-10,河南省,14.50,76.40,156.40,74.30,944,2021-10-31 00:00:00,1,0,2024-07-20 15:35:43,0,2024-07-20 15:35:43,,,
2021-10,山东省,23.50,75.20,253.90,41.10,945,2021-10-31 00:00:00,1,0,2024-07-20 15:35:43,0,2024-07-20 15:35:43,,,
2021-10,江西省,10.10,40.60,70.00,35.70,946,2021-10-31 00:00:00,1,0,2024-07-20 15:35:43,0,2024-07-20 15:35:43,,,
2021-10,福建省,17.60,0.50,102.20,21.30,947,2021-10-31 00:00:00,1,0,2024-07-20 15:35:43,0,2024-07-20 15:35:43,,,
2021-10,安徽省,7.00,65.30,70.40,64.20,948,2021-10-31 00:00:00,1,0,2024-07-20 15:35:43,0,2024-07-20 15:35:43,,,
2021-10,浙江省,3.90,37.60,33.00,25.40,949,2021-10-31 00:00:00,1,0,2024-07-20 15:35:43,0,2024-07-20 15:35:43,,,
2021-10,江苏省,32.00,143.00,288.80,63.00,950,2021-10-31 00:00:00,1,0,2024-07-20 15:35:43,0,2024-07-20 15:35:43,,,
2021-10,上海市,1.70,24.70,14.60,0.80,951,2021-10-31 00:00:00,1,0,2024-07-20 15:35:43,0,2024-07-20 15:35:43,,,
2021-10,黑龙江省,10.50,-13.60,105.80,14.20,952,2021-10-31 00:00:00,1,0,2024-07-20 15:35:43,0,2024-07-20 15:35:43,,,
2021-10,吉林省,11.30,2.60,97.80,13.10,953,2021-10-31 00:00:00,1,0,2024-07-20 15:35:43,0,2024-07-20 15:35:43,,,
2021-10,辽宁省,13.60,-4.80,153.70,9.20,954,2021-10-31 00:00:00,1,0,2024-07-20 15:35:43,0,2024-07-20 15:35:43,,,
2021-10,内蒙古区,63.00,-8.40,685.70,27.40,955,2021-10-31 00:00:00,1,0,2024-07-20 15:35:43,0,2024-07-20 15:35:43,,,
2021-10,山西省,22.50,7.70,280.40,51.70,956,2021-10-31 00:00:00,1,0,2024-07-20 15:35:43,0,2024-07-20 15:35:43,,,
2021-10,河北省,30.80,-2.30,354.10,30.00,957,2021-10-31 00:00:00,1,0,2024-07-20 15:35:43,0,2024-07-20 15:35:43,,,
2021-10,天津市,1.00,7.80,11.80,26.20,958,2021-10-31 00:00:00,1,0,2024-07-20 15:35:43,0,2024-07-20 15:35:43,,,
2021-10,北京市,0.00,-21.30,0.00,18.70,959,2021-10-31 00:00:00,1,0,2024-07-20 15:35:43,0,2024-07-20 15:35:43,,,
2021-10,全国,465.00,23.50,4515.00,28.60,960,2021-10-31 00:00:00,1,0,2024-07-20 15:35:43,0,2024-07-20 15:35:43,,,
2021-09,全国,340.00,19.70,4025.00,28.40,961,2021-09-30 00:00:00,1,0,2024-07-20 15:35:46,0,2024-07-20 15:35:46,,,
2021-09,新疆区,38.50,0.00,383.20,15.10,962,2021-09-30 00:00:00,1,0,2024-07-20 15:35:46,0,2024-07-20 15:35:46,,,
2021-09,宁夏区,16.80,18.30,184.80,33.60,963,2021-09-30 00:00:00,1,0,2024-07-20 15:35:46,0,2024-07-20 15:35:46,,,
2021-09,青海省,5.90,-2.90,76.70,49.00,964,2021-09-30 00:00:00,1,0,2024-07-20 15:35:46,0,2024-07-20 15:35:46,,,
2021-09,甘肃省,20.10,-4.90,208.60,9.00,965,2021-09-30 00:00:00,1,0,2024-07-20 15:35:46,0,2024-07-20 15:35:46,,,
2021-09,陕西省,9.30,54.50,96.30,46.00,966,2021-09-30 00:00:00,1,0,2024-07-20 15:35:46,0,2024-07-20 15:35:46,,,
2021-09,西藏区,0.00,0.00,0.00,0.00,967,2021-09-30 00:00:00,1,0,2024-07-20 15:35:46,0,2024-07-20 15:35:46,,,
2021-09,云南省,7.60,-28.10,173.90,-9.20,968,2021-09-30 00:00:00,1,0,2024-07-20 15:35:46,0,2024-07-20 15:35:46,,,
2021-09,贵州省,9.00,43.00,72.50,-4.60,969,2021-09-30 00:00:00,1,0,2024-07-20 15:35:46,0,2024-07-20 15:35:46,,,
2021-09,四川省,7.00,81.20,79.70,28.80,970,2021-09-30 00:00:00,1,0,2024-07-20 15:35:46,0,2024-07-20 15:35:46,,,
2021-09,重庆市,2.50,79.30,15.40,53.70,971,2021-09-30 00:00:00,1,0,2024-07-20 15:35:46,0,2024-07-20 15:35:46,,,
2021-09,海南省,0.10,-8.10,3.10,-7.90,972,2021-09-30 00:00:00,1,0,2024-07-20 15:35:46,0,2024-07-20 15:35:46,,,
2021-09,广西区,4.90,-1.00,91.80,48.00,973,2021-09-30 00:00:00,1,0,2024-07-20 15:35:46,0,2024-07-20 15:35:46,,,
2021-09,广东省,4.10,14.70,66.10,9.00,974,2021-09-30 00:00:00,1,0,2024-07-20 15:35:46,0,2024-07-20 15:35:46,,,
2021-09,湖南省,8.00,57.70,92.00,46.00,975,2021-09-30 00:00:00,1,0,2024-07-20 15:35:46,0,2024-07-20 15:35:46,,,
2021-09,湖北省,9.10,25.60,76.30,21.50,976,2021-09-30 00:00:00,1,0,2024-07-20 15:35:46,0,2024-07-20 15:35:46,,,
2021-09,河南省,14.70,112.60,141.90,74.10,977,2021-09-30 00:00:00,1,0,2024-07-20 15:35:46,0,2024-07-20 15:35:46,,,
2021-09,山东省,19.80,73.00,229.80,38.00,978,2021-09-30 00:00:00,1,0,2024-07-20 15:35:46,0,2024-07-20 15:35:46,,,
2021-09,江西省,4.60,66.20,62.10,38.30,979,2021-09-30 00:00:00,1,0,2024-07-20 15:35:46,0,2024-07-20 15:35:46,,,
2021-09,福建省,6.20,15.20,85.50,28.20,980,2021-09-30 00:00:00,1,0,2024-07-20 15:35:46,0,2024-07-20 15:35:46,,,
2021-09,安徽省,5.80,102.00,60.50,60.40,981,2021-09-30 00:00:00,1,0,2024-07-20 15:35:46,0,2024-07-20 15:35:46,,,
2021-09,浙江省,3.10,35.40,29.10,23.90,982,2021-09-30 00:00:00,1,0,2024-07-20 15:35:46,0,2024-07-20 15:35:46,,,
2021-09,江苏省,26.60,179.40,255.90,55.90,983,2021-09-30 00:00:00,1,0,2024-07-20 15:35:46,0,2024-07-20 15:35:46,,,
2021-09,上海市,1.30,32.00,13.00,-1.60,984,2021-09-30 00:00:00,1,0,2024-07-20 15:35:46,0,2024-07-20 15:35:46,,,
2021-09,黑龙江省,7.30,-13.20,94.90,17.80,985,2021-09-30 00:00:00,1,0,2024-07-20 15:35:46,0,2024-07-20 15:35:46,,,
2021-09,吉林省,6.40,-20.60,86.50,14.70,986,2021-09-30 00:00:00,1,0,2024-07-20 15:35:46,0,2024-07-20 15:35:46,,,
2021-09,辽宁省,8.20,-27.00,139.90,10.60,987,2021-09-30 00:00:00,1,0,2024-07-20 15:35:46,0,2024-07-20 15:35:46,,,
2021-09,内蒙古区,49.20,6.40,617.20,31.40,988,2021-09-30 00:00:00,1,0,2024-07-20 15:35:46,0,2024-07-20 15:35:46,,,
2021-09,山西省,19.90,26.90,254.50,55.20,989,2021-09-30 00:00:00,1,0,2024-07-20 15:35:46,0,2024-07-20 15:35:46,,,
2021-09,河北省,23.20,2.70,323.30,34.20,990,2021-09-30 00:00:00,1,0,2024-07-20 15:35:46,0,2024-07-20 15:35:46,,,
2021-09,天津市,0.80,17.20,10.80,28.30,991,2021-09-30 00:00:00,1,0,2024-07-20 15:35:49,0,2024-07-20 15:35:49,,,
2021-09,北京市,0.00,-26.60,0.00,23.40,992,2021-09-30 00:00:00,1,0,2024-07-20 15:35:49,0,2024-07-20 15:35:49,,,
2021-08,新疆区,39.30,-9.70,337.40,14.60,993,2021-08-31 00:00:00,1,0,2024-07-20 15:35:49,0,2024-07-20 15:35:49,,,
2021-08,宁夏区,19.70,18.90,168.00,35.30,994,2021-08-31 00:00:00,1,0,2024-07-20 15:35:49,0,2024-07-20 15:35:49,,,
2021-08,青海省,8.30,26.40,70.00,54.30,995,2021-08-31 00:00:00,1,0,2024-07-20 15:35:49,0,2024-07-20 15:35:49,,,
2021-08,甘肃省,23.70,7.20,187.50,10.10,996,2021-08-31 00:00:00,1,0,2024-07-20 15:35:49,0,2024-07-20 15:35:49,,,
2021-08,陕西省,10.00,33.00,85.60,42.80,997,2021-08-31 00:00:00,1,0,2024-07-20 15:35:49,0,2024-07-20 15:35:49,,,
2021-08,西藏区,0.00,0.00,0.00,0.00,998,2021-08-31 00:00:00,1,0,2024-07-20 15:35:49,0,2024-07-20 15:35:49,,,
2021-08,云南省,9.30,-1.70,166.30,-8.10,999,2021-08-31 00:00:00,1,0,2024-07-20 15:35:49,0,2024-07-20 15:35:49,,,
2021-08,贵州省,8.20,-4.90,63.10,-9.30,1000,2021-08-31 00:00:00,1,0,2024-07-20 15:35:49,0,2024-07-20 15:35:49,,,
2021-08,四川省,5.20,35.40,72.80,25.30,1001,2021-08-31 00:00:00,1,0,2024-07-20 15:35:49,0,2024-07-20 15:35:49,,,
2021-08,重庆市,2.10,26.30,12.40,43.60,1002,2021-08-31 00:00:00,1,0,2024-07-20 15:35:49,0,2024-07-20 15:35:49,,,
2021-08,海南省,0.30,28.30,2.90,-7.90,1003,2021-08-31 00:00:00,1,0,2024-07-20 15:35:49,0,2024-07-20 15:35:49,,,
2021-08,广西区,7.10,43.10,85.20,49.20,1004,2021-08-31 00:00:00,1,0,2024-07-20 15:35:49,0,2024-07-20 15:35:49,,,
2021-08,广东省,5.30,8.50,60.20,5.50,1005,2021-08-31 00:00:00,1,0,2024-07-20 15:35:49,0,2024-07-20 15:35:49,,,
2021-08,湖南省,10.00,23.30,83.30,43.90,1006,2021-08-31 00:00:00,1,0,2024-07-20 15:35:49,0,2024-07-20 15:35:49,,,
2021-08,湖北省,7.70,-13.90,66.60,19.80,1007,2021-08-31 00:00:00,1,0,2024-07-20 15:35:49,0,2024-07-20 15:35:49,,,
2021-08,河南省,10.10,21.40,125.60,68.70,1008,2021-08-31 00:00:00,1,0,2024-07-20 15:35:49,0,2024-07-20 15:35:49,,,
2021-08,山东省,12.20,-14.20,204.10,31.70,1009,2021-08-31 00:00:00,1,0,2024-07-20 15:35:49,0,2024-07-20 15:35:49,,,
2021-08,江西省,6.40,42.20,56.70,34.70,1010,2021-08-31 00:00:00,1,0,2024-07-20 15:35:49,0,2024-07-20 15:35:49,,,
2021-08,福建省,7.20,18.90,79.30,29.40,1011,2021-08-31 00:00:00,1,0,2024-07-20 15:35:49,0,2024-07-20 15:35:49,,,
2021-08,安徽省,4.80,21.90,54.60,56.80,1012,2021-08-31 00:00:00,1,0,2024-07-20 15:35:49,0,2024-07-20 15:35:49,,,
2021-08,浙江省,3.20,-11.80,25.90,22.70,1013,2021-08-31 00:00:00,1,0,2024-07-20 15:35:49,0,2024-07-20 15:35:49,,,
2021-08,江苏省,17.10,0.90,227.10,46.90,1014,2021-08-31 00:00:00,1,0,2024-07-20 15:35:49,0,2024-07-20 15:35:49,,,
2021-08,上海市,1.00,-43.20,11.70,-4.30,1015,2021-08-31 00:00:00,1,0,2024-07-20 15:35:49,0,2024-07-20 15:35:49,,,
2021-08,黑龙江省,6.70,-3.70,87.60,21.40,1016,2021-08-31 00:00:00,1,0,2024-07-20 15:35:49,0,2024-07-20 15:35:49,,,
2021-08,吉林省,5.90,8.60,80.20,18.90,1017,2021-08-31 00:00:00,1,0,2024-07-20 15:35:49,0,2024-07-20 15:35:49,,,
2021-08,辽宁省,8.10,-15.20,131.60,14.30,1018,2021-08-31 00:00:00,1,0,2024-07-20 15:35:49,0,2024-07-20 15:35:49,,,
2021-08,内蒙古区,47.10,16.10,567.00,33.90,1019,2021-08-31 00:00:00,1,0,2024-07-20 15:35:49,0,2024-07-20 15:35:49,,,
2021-08,山西省,16.70,12.90,232.90,57.10,1020,2021-08-31 00:00:00,1,0,2024-07-20 15:35:49,0,2024-07-20 15:35:49,,,
2021-08,河北省,18.60,12.40,295.40,35.30,1021,2021-08-31 00:00:00,1,0,2024-07-20 15:35:53,0,2024-07-20 15:35:53,,,
2021-08,天津市,0.50,-1.30,10.00,29.20,1022,2021-08-31 00:00:00,1,0,2024-07-20 15:35:53,0,2024-07-20 15:35:53,,,
2021-08,北京市,0.00,9.70,0.00,28.80,1023,2021-08-31 00:00:00,1,0,2024-07-20 15:35:53,0,2024-07-20 15:35:53,,,
2021-08,全国,322.00,7.00,3651.00,28.10,1024,2021-08-31 00:00:00,1,0,2024-07-20 15:35:53,0,2024-07-20 15:35:53,,,
2021-07,新疆区,44.90,4.20,292.50,16.50,1025,2021-07-31 00:00:00,1,0,2024-07-20 15:35:53,0,2024-07-20 15:35:53,,,
2021-07,宁夏区,20.10,11.80,146.80,36.50,1026,2021-07-31 00:00:00,1,0,2024-07-20 15:35:53,0,2024-07-20 15:35:53,,,
2021-07,青海省,7.70,27.50,61.70,59.10,1027,2021-07-31 00:00:00,1,0,2024-07-20 15:35:53,0,2024-07-20 15:35:53,,,
2021-07,甘肃省,23.20,16.70,163.80,10.60,1028,2021-07-31 00:00:00,1,0,2024-07-20 15:35:53,0,2024-07-20 15:35:53,,,
2021-07,陕西省,9.90,35.40,75.60,44.20,1029,2021-07-31 00:00:00,1,0,2024-07-20 15:35:53,0,2024-07-20 15:35:53,,,
2021-07,西藏区,0.00,0.00,0.00,0.00,1030,2021-07-31 00:00:00,1,0,2024-07-20 15:35:53,0,2024-07-20 15:35:53,,,
2021-07,云南省,11.80,-39.70,157.00,-8.50,1031,2021-07-31 00:00:00,1,0,2024-07-20 15:35:53,0,2024-07-20 15:35:53,,,
2021-07,贵州省,8.60,-19.40,54.70,-10.20,1032,2021-07-31 00:00:00,1,0,2024-07-20 15:35:53,0,2024-07-20 15:35:53,,,
2021-07,四川省,5.60,3.00,67.50,24.60,1033,2021-07-31 00:00:00,1,0,2024-07-20 15:35:53,0,2024-07-20 15:35:53,,,
2021-07,重庆市,1.20,-5.00,9.40,35.30,1034,2021-07-31 00:00:00,1,0,2024-07-20 15:35:53,0,2024-07-20 15:35:53,,,
2021-07,海南省,0.30,-24.40,2.60,-11.10,1035,2021-07-31 00:00:00,1,0,2024-07-20 15:35:53,0,2024-07-20 15:35:53,,,
2021-07,广西区,9.00,17.10,76.70,47.10,1036,2021-07-31 00:00:00,1,0,2024-07-20 15:35:53,0,2024-07-20 15:35:53,,,
2021-07,广东省,6.60,-9.20,54.10,3.80,1037,2021-07-31 00:00:00,1,0,2024-07-20 15:35:53,0,2024-07-20 15:35:53,,,
2021-07,湖南省,11.80,46.50,71.40,45.30,1038,2021-07-31 00:00:00,1,0,2024-07-20 15:35:53,0,2024-07-20 15:35:53,,,
2021-07,湖北省,9.50,61.00,58.90,26.30,1039,2021-07-31 00:00:00,1,0,2024-07-20 15:35:53,0,2024-07-20 15:35:53,,,
2021-07,河南省,14.10,102.40,114.90,73.90,1040,2021-07-31 00:00:00,1,0,2024-07-20 15:35:53,0,2024-07-20 15:35:53,,,
2021-07,山东省,21.80,52.90,188.70,34.00,1041,2021-07-31 00:00:00,1,0,2024-07-20 15:35:53,0,2024-07-20 15:35:53,,,
2021-07,江西省,8.00,20.70,46.70,24.20,1042,2021-07-31 00:00:00,1,0,2024-07-20 15:35:53,0,2024-07-20 15:35:53,,,
2021-07,福建省,9.90,9.20,71.00,28.40,1043,2021-07-31 00:00:00,1,0,2024-07-20 15:35:53,0,2024-07-20 15:35:53,,,
2021-07,安徽省,7.50,124.20,46.00,49.20,1044,2021-07-31 00:00:00,1,0,2024-07-20 15:35:53,0,2024-07-20 15:35:53,,,
2021-07,浙江省,4.60,96.90,21.70,23.90,1045,2021-07-31 00:00:00,1,0,2024-07-20 15:35:53,0,2024-07-20 15:35:53,,,
2021-07,江苏省,33.50,125.40,209.00,52.90,1046,2021-07-31 00:00:00,1,0,2024-07-20 15:35:53,0,2024-07-20 15:35:53,,,
2021-07,上海市,2.20,107.20,10.60,2.50,1047,2021-07-31 00:00:00,1,0,2024-07-20 15:35:53,0,2024-07-20 15:35:53,,,
2021-07,黑龙江省,5.00,11.10,78.80,20.90,1048,2021-07-31 00:00:00,1,0,2024-07-20 15:35:53,0,2024-07-20 15:35:53,,,
2021-07,吉林省,5.70,23.30,74.30,19.80,1049,2021-07-31 00:00:00,1,0,2024-07-20 15:35:53,0,2024-07-20 15:35:53,,,
2021-07,辽宁省,11.70,35.10,123.60,17.00,1050,2021-07-31 00:00:00,1,0,2024-07-20 15:35:53,0,2024-07-20 15:35:53,,,
2021-07,内蒙古区,43.70,18.50,515.30,34.70,1051,2021-07-31 00:00:00,1,0,2024-07-20 15:35:55,0,2024-07-20 15:35:55,,,
2021-07,山西省,18.00,45.20,214.40,60.80,1052,2021-07-31 00:00:00,1,0,2024-07-20 15:35:55,0,2024-07-20 15:35:55,,,
2021-07,河北省,22.80,41.50,276.70,37.20,1053,2021-07-31 00:00:00,1,0,2024-07-20 15:35:55,0,2024-07-20 15:35:55,,,
2021-07,天津市,1.00,98.90,9.50,31.40,1054,2021-07-31 00:00:00,1,0,2024-07-20 15:35:55,0,2024-07-20 15:35:55,,,
2021-07,北京市,0.00,14.40,0.00,30.40,1055,2021-07-31 00:00:00,1,0,2024-07-20 15:35:55,0,2024-07-20 15:35:55,,,
2021-07,全国,380.00,25.40,3294.00,29.30,1056,2021-07-31 00:00:00,1,0,2024-07-20 15:35:55,0,2024-07-20 15:35:55,,,
2021-06,新疆区,46.30,4.10,246.40,18.50,1057,2021-06-30 00:00:00,1,0,2024-07-20 15:35:55,0,2024-07-20 15:35:55,,,
2021-06,宁夏区,18.00,20.10,126.20,40.80,1058,2021-06-30 00:00:00,1,0,2024-07-20 15:35:55,0,2024-07-20 15:35:55,,,
2021-06,青海省,9.50,62.50,54.00,64.90,1059,2021-06-30 00:00:00,1,0,2024-07-20 15:35:55,0,2024-07-20 15:35:55,,,
2021-06,甘肃省,20.20,-3.70,140.30,10.40,1060,2021-06-30 00:00:00,1,0,2024-07-20 15:35:55,0,2024-07-20 15:35:55,,,
2021-06,陕西省,8.60,11.70,65.70,45.70,1061,2021-06-30 00:00:00,1,0,2024-07-20 15:35:55,0,2024-07-20 15:35:55,,,
2021-06,西藏区,0.00,0.00,0.00,0.00,1062,2021-06-30 00:00:00,1,0,2024-07-20 15:35:55,0,2024-07-20 15:35:55,,,
2021-06,云南省,14.50,-28.80,145.60,-4.40,1063,2021-06-30 00:00:00,1,0,2024-07-20 15:35:55,0,2024-07-20 15:35:55,,,
2021-06,贵州省,7.50,-11.10,45.60,-9.30,1064,2021-06-30 00:00:00,1,0,2024-07-20 15:35:55,0,2024-07-20 15:35:55,,,
2021-06,四川省,6.90,34.00,62.00,27.00,1065,2021-06-30 00:00:00,1,0,2024-07-20 15:35:55,0,2024-07-20 15:35:55,,,
2021-06,重庆市,1.30,26.20,8.20,44.50,1066,2021-06-30 00:00:00,1,0,2024-07-20 15:35:55,0,2024-07-20 15:35:55,,,
2021-06,海南省,0.50,-8.10,2.30,-8.70,1067,2021-06-30 00:00:00,1,0,2024-07-20 15:35:55,0,2024-07-20 15:35:55,,,
2021-06,广西区,9.10,13.60,61.80,43.10,1068,2021-06-30 00:00:00,1,0,2024-07-20 15:35:55,0,2024-07-20 15:35:55,,,
2021-06,广东省,7.50,-3.50,46.80,4.30,1069,2021-06-30 00:00:00,1,0,2024-07-20 15:35:55,0,2024-07-20 15:35:55,,,
2021-06,湖南省,9.40,2.40,58.90,45.90,1070,2021-06-30 00:00:00,1,0,2024-07-20 15:35:55,0,2024-07-20 15:35:55,,,
2021-06,湖北省,6.60,4.60,47.30,21.70,1071,2021-06-30 00:00:00,1,0,2024-07-20 15:35:55,0,2024-07-20 15:35:55,,,
2021-06,河南省,11.90,66.40,95.40,70.30,1072,2021-06-30 00:00:00,1,0,2024-07-20 15:35:55,0,2024-07-20 15:35:55,,,
2021-06,山东省,20.80,36.10,157.30,25.80,1073,2021-06-30 00:00:00,1,0,2024-07-20 15:35:55,0,2024-07-20 15:35:55,,,
2021-06,江西省,5.70,-12.20,34.10,21.90,1074,2021-06-30 00:00:00,1,0,2024-07-20 15:35:55,0,2024-07-20 15:35:55,,,
2021-06,福建省,8.80,-4.70,60.20,30.10,1075,2021-06-30 00:00:00,1,0,2024-07-20 15:35:55,0,2024-07-20 15:35:55,,,
2021-06,安徽省,4.20,12.50,34.20,24.30,1076,2021-06-30 00:00:00,1,0,2024-07-20 15:35:55,0,2024-07-20 15:35:55,,,
2021-06,浙江省,1.80,-14.30,17.20,12.70,1077,2021-06-30 00:00:00,1,0,2024-07-20 15:35:55,0,2024-07-20 15:35:55,,,
2021-06,江苏省,20.40,24.20,160.60,32.30,1078,2021-06-30 00:00:00,1,0,2024-07-20 15:35:55,0,2024-07-20 15:35:55,,,
2021-06,上海市,0.80,-9.20,8.40,-9.30,1079,2021-06-30 00:00:00,1,0,2024-07-20 15:35:55,0,2024-07-20 15:35:55,,,
2021-06,黑龙江省,7.80,0.40,71.30,17.40,1080,2021-06-30 00:00:00,1,0,2024-07-20 15:35:55,0,2024-07-20 15:35:55,,,
2021-06,吉林省,7.60,6.80,63.50,19.60,1081,2021-06-30 00:00:00,1,0,2024-07-20 15:35:58,0,2024-07-20 15:35:58,,,
2021-06,辽宁省,13.00,-3.00,111.90,15.90,1082,2021-06-30 00:00:00,1,0,2024-07-20 15:35:58,0,2024-07-20 15:35:58,,,
2021-06,内蒙古区,58.10,14.00,447.30,29.40,1083,2021-06-30 00:00:00,1,0,2024-07-20 15:35:58,0,2024-07-20 15:35:58,,,
2021-06,山西省,22.90,35.20,191.30,58.90,1084,2021-06-30 00:00:00,1,0,2024-07-20 15:35:58,0,2024-07-20 15:35:58,,,
2021-06,河北省,34.60,46.00,247.20,33.20,1085,2021-06-30 00:00:00,1,0,2024-07-20 15:35:58,0,2024-07-20 15:35:58,,,
2021-06,天津市,1.20,28.60,8.50,26.30,1086,2021-06-30 00:00:00,1,0,2024-07-20 15:35:58,0,2024-07-20 15:35:58,,,
2021-06,北京市,0.00,192.90,0.00,32.10,1087,2021-06-30 00:00:00,1,0,2024-07-20 15:35:58,0,2024-07-20 15:35:58,,,
2021-06,全国,386.00,12.40,2819.00,26.60,1088,2021-06-30 00:00:00,1,0,2024-07-20 15:35:58,0,2024-07-20 15:35:58,,,
2021-05,全国,507.00,20.70,2382.00,26.70,1089,2021-05-31 00:00:00,1,0,2024-07-20 15:35:58,0,2024-07-20 15:35:58,,,
2021-05,新疆区,49.90,5.60,200.10,22.40,1090,2021-05-31 00:00:00,1,0,2024-07-20 15:35:58,0,2024-07-20 15:35:58,,,
2021-05,宁夏区,23.60,20.90,107.00,43.40,1091,2021-05-31 00:00:00,1,0,2024-07-20 15:35:58,0,2024-07-20 15:35:58,,,
2021-05,青海省,9.60,35.40,44.10,64.00,1092,2021-05-31 00:00:00,1,0,2024-07-20 15:35:58,0,2024-07-20 15:35:58,,,
2021-05,甘肃省,24.00,-13.20,120.10,13.10,1093,2021-05-31 00:00:00,1,0,2024-07-20 15:35:58,0,2024-07-20 15:35:58,,,
2021-05,陕西省,12.40,40.90,53.40,42.90,1094,2021-05-31 00:00:00,1,0,2024-07-20 15:35:58,0,2024-07-20 15:35:58,,,
2021-05,西藏区,0.00,0.00,0.00,0.00,1095,2021-05-31 00:00:00,1,0,2024-07-20 15:35:58,0,2024-07-20 15:35:58,,,
2021-05,云南省,26.10,11.50,131.40,-0.20,1096,2021-05-31 00:00:00,1,0,2024-07-20 15:35:58,0,2024-07-20 15:35:58,,,
2021-05,贵州省,9.40,23.40,39.70,-4.80,1097,2021-05-31 00:00:00,1,0,2024-07-20 15:35:58,0,2024-07-20 15:35:58,,,
2021-05,四川省,9.20,52.40,54.50,25.00,1098,2021-05-31 00:00:00,1,0,2024-07-20 15:35:58,0,2024-07-20 15:35:58,,,
2021-05,重庆市,1.20,-2.30,6.80,48.80,1099,2021-05-31 00:00:00,1,0,2024-07-20 15:35:58,0,2024-07-20 15:35:58,,,
2021-05,海南省,0.50,10.80,1.70,-8.90,1100,2021-05-31 00:00:00,1,0,2024-07-20 15:35:58,0,2024-07-20 15:35:58,,,
2021-05,广西区,10.90,79.30,48.70,38.40,1101,2021-05-31 00:00:00,1,0,2024-07-20 15:35:58,0,2024-07-20 15:35:58,,,
2021-05,广东省,7.40,26.60,38.60,4.20,1102,2021-05-31 00:00:00,1,0,2024-07-20 15:35:58,0,2024-07-20 15:35:58,,,
2021-05,湖南省,9.40,26.60,46.70,49.90,1103,2021-05-31 00:00:00,1,0,2024-07-20 15:35:58,0,2024-07-20 15:35:58,,,
2021-05,湖北省,8.30,12.30,40.70,25.00,1104,2021-05-31 00:00:00,1,0,2024-07-20 15:35:58,0,2024-07-20 15:35:58,,,
2021-05,河南省,15.70,51.60,74.70,60.50,1105,2021-05-31 00:00:00,1,0,2024-07-20 15:35:58,0,2024-07-20 15:35:58,,,
2021-05,山东省,30.90,15.90,135.60,24.10,1106,2021-05-31 00:00:00,1,0,2024-07-20 15:35:58,0,2024-07-20 15:35:58,,,
2021-05,江西省,6.40,47.70,25.30,18.00,1107,2021-05-31 00:00:00,1,0,2024-07-20 15:35:58,0,2024-07-20 15:35:58,,,
2021-05,福建省,8.50,46.70,51.40,38.80,1108,2021-05-31 00:00:00,1,0,2024-07-20 15:35:58,0,2024-07-20 15:35:58,,,
2021-05,安徽省,4.90,10.30,28.80,21.20,1109,2021-05-31 00:00:00,1,0,2024-07-20 15:35:58,0,2024-07-20 15:35:58,,,
2021-05,浙江省,2.60,3.60,15.30,17.10,1110,2021-05-31 00:00:00,1,0,2024-07-20 15:35:58,0,2024-07-20 15:35:58,,,
2021-05,江苏省,26.80,14.00,135.90,30.90,1111,2021-05-31 00:00:00,1,0,2024-07-20 15:36:02,0,2024-07-20 15:36:02,,,
2021-05,上海市,1.30,-15.10,7.60,-9.30,1112,2021-05-31 00:00:00,1,0,2024-07-20 15:36:02,0,2024-07-20 15:36:02,,,
2021-05,黑龙江省,12.40,26.20,61.30,15.80,1113,2021-05-31 00:00:00,1,0,2024-07-20 15:36:02,0,2024-07-20 15:36:02,,,
2021-05,吉林省,12.70,34.70,55.90,21.60,1114,2021-05-31 00:00:00,1,0,2024-07-20 15:36:02,0,2024-07-20 15:36:02,,,
2021-05,辽宁省,22.20,19.20,98.90,18.90,1115,2021-05-31 00:00:00,1,0,2024-07-20 15:36:02,0,2024-07-20 15:36:02,,,
2021-05,内蒙古区,78.90,17.90,382.20,29.20,1116,2021-05-31 00:00:00,1,0,2024-07-20 15:36:02,0,2024-07-20 15:36:02,,,
2021-05,山西省,35.20,43.40,165.20,59.30,1117,2021-05-31 00:00:00,1,0,2024-07-20 15:36:02,0,2024-07-20 15:36:02,,,
2021-05,河北省,44.50,29.10,203.30,26.10,1118,2021-05-31 00:00:00,1,0,2024-07-20 15:36:02,0,2024-07-20 15:36:02,,,
2021-05,天津市,1.80,45.70,7.30,25.90,1119,2021-05-31 00:00:00,1,0,2024-07-20 15:36:02,0,2024-07-20 15:36:02,,,
2021-05,北京市,0.00,9.80,0.00,18.30,1120,2021-05-31 00:00:00,1,0,2024-07-20 15:36:02,0,2024-07-20 15:36:02,,,
2021-04,新疆区,42.50,14.80,150.30,29.30,1121,2021-04-30 00:00:00,1,0,2024-07-20 15:36:02,0,2024-07-20 15:36:02,,,
2021-04,宁夏区,21.30,75.80,85.00,54.30,1122,2021-04-30 00:00:00,1,0,2024-07-20 15:36:02,0,2024-07-20 15:36:02,,,
2021-04,青海省,9.90,72.80,34.50,74.20,1123,2021-04-30 00:00:00,1,0,2024-07-20 15:36:02,0,2024-07-20 15:36:02,,,
2021-04,甘肃省,27.00,5.20,96.10,22.40,1124,2021-04-30 00:00:00,1,0,2024-07-20 15:36:02,0,2024-07-20 15:36:02,,,
2021-04,陕西省,10.70,46.10,41.00,43.50,1125,2021-04-30 00:00:00,1,0,2024-07-20 15:36:02,0,2024-07-20 15:36:02,,,
2021-04,西藏区,0.00,0.00,0.00,0.00,1126,2021-04-30 00:00:00,1,0,2024-07-20 15:36:02,0,2024-07-20 15:36:02,,,
2021-04,云南省,23.80,8.30,103.70,-4.30,1127,2021-04-30 00:00:00,1,0,2024-07-20 15:36:02,0,2024-07-20 15:36:02,,,
2021-04,贵州省,7.70,11.90,30.30,-11.20,1128,2021-04-30 00:00:00,1,0,2024-07-20 15:36:02,0,2024-07-20 15:36:02,,,
2021-04,四川省,12.50,58.30,45.30,20.50,1129,2021-04-30 00:00:00,1,0,2024-07-20 15:36:02,0,2024-07-20 15:36:02,,,
2021-04,重庆市,1.70,60.90,5.60,67.40,1130,2021-04-30 00:00:00,1,0,2024-07-20 15:36:02,0,2024-07-20 15:36:02,,,
2021-04,海南省,0.30,-32.20,1.30,-14.40,1131,2021-04-30 00:00:00,1,0,2024-07-20 15:36:02,0,2024-07-20 15:36:02,,,
2021-04,广西区,9.10,38.20,37.80,31.00,1132,2021-04-30 00:00:00,1,0,2024-07-20 15:36:02,0,2024-07-20 15:36:02,,,
2021-04,广东省,7.90,3.40,31.20,0.10,1133,2021-04-30 00:00:00,1,0,2024-07-20 15:36:02,0,2024-07-20 15:36:02,,,
2021-04,湖南省,9.70,45.20,37.00,57.10,1134,2021-04-30 00:00:00,1,0,2024-07-20 15:36:02,0,2024-07-20 15:36:02,,,
2021-04,湖北省,8.90,16.30,32.40,28.70,1135,2021-04-30 00:00:00,1,0,2024-07-20 15:36:02,0,2024-07-20 15:36:02,,,
2021-04,河南省,14.30,40.10,56.80,56.90,1136,2021-04-30 00:00:00,1,0,2024-07-20 15:36:02,0,2024-07-20 15:36:02,,,
2021-04,山东省,27.20,2.40,104.70,27.00,1137,2021-04-30 00:00:00,1,0,2024-07-20 15:36:02,0,2024-07-20 15:36:02,,,
2021-04,江西省,4.40,13.20,18.80,10.50,1138,2021-04-30 00:00:00,1,0,2024-07-20 15:36:02,0,2024-07-20 15:36:02,,,
2021-04,福建省,11.00,41.90,42.90,37.30,1139,2021-04-30 00:00:00,1,0,2024-07-20 15:36:02,0,2024-07-20 15:36:02,,,
2021-04,安徽省,5.10,2.00,23.90,23.80,1140,2021-04-30 00:00:00,1,0,2024-07-20 15:36:02,0,2024-07-20 15:36:02,,,
2021-04,浙江省,2.90,13.60,12.80,20.20,1141,2021-04-30 00:00:00,1,0,2024-07-20 15:36:05,0,2024-07-20 15:36:05,,,
2021-04,江苏省,23.40,20.60,106.30,32.40,1142,2021-04-30 00:00:00,1,0,2024-07-20 15:36:05,0,2024-07-20 15:36:05,,,
2021-04,上海市,1.40,-6.00,6.40,-8.10,1143,2021-04-30 00:00:00,1,0,2024-07-20 15:36:05,0,2024-07-20 15:36:05,,,
2021-04,黑龙江省,13.30,21.00,48.90,13.40,1144,2021-04-30 00:00:00,1,0,2024-07-20 15:36:05,0,2024-07-20 15:36:05,,,
2021-04,吉林省,12.30,10.70,43.20,18.20,1145,2021-04-30 00:00:00,1,0,2024-07-20 15:36:05,0,2024-07-20 15:36:05,,,
2021-04,辽宁省,22.40,33.70,76.70,19.10,1146,2021-04-30 00:00:00,1,0,2024-07-20 15:36:05,0,2024-07-20 15:36:05,,,
2021-04,内蒙古区,72.60,22.10,303.40,32.70,1147,2021-04-30 00:00:00,1,0,2024-07-20 15:36:05,0,2024-07-20 15:36:05,,,
2021-04,山西省,28.10,22.50,129.50,63.60,1148,2021-04-30 00:00:00,1,0,2024-07-20 15:36:05,0,2024-07-20 15:36:05,,,
2021-04,河北省,36.50,9.10,158.80,25.60,1149,2021-04-30 00:00:00,1,0,2024-07-20 15:36:05,0,2024-07-20 15:36:05,,,
2021-04,天津市,1.50,-1.70,5.40,20.40,1150,2021-04-30 00:00:00,1,0,2024-07-20 15:36:05,0,2024-07-20 15:36:05,,,
2021-04,北京市,0.00,59.50,0.00,20.10,1151,2021-04-30 00:00:00,1,0,2024-07-20 15:36:05,0,2024-07-20 15:36:05,,,
2021-04,全国,470.00,21.10,1870.00,28.20,1152,2021-04-30 00:00:00,1,0,2024-07-20 15:36:05,0,2024-07-20 15:36:05,,,
2021-03,全国,473.00,4.00,1401.00,30.90,1153,2021-03-31 00:00:00,1,0,2024-07-20 15:36:05,0,2024-07-20 15:36:05,,,
2021-03,新疆区,43.40,6.80,107.80,36.10,1154,2021-03-31 00:00:00,1,0,2024-07-20 15:36:05,0,2024-07-20 15:36:05,,,
2021-03,宁夏区,20.00,4.50,63.70,48.20,1155,2021-03-31 00:00:00,1,0,2024-07-20 15:36:05,0,2024-07-20 15:36:05,,,
2021-03,青海省,9.10,57.90,24.30,72.90,1156,2021-03-31 00:00:00,1,0,2024-07-20 15:36:05,0,2024-07-20 15:36:05,,,
2021-03,甘肃省,23.90,5.60,67.60,28.00,1157,2021-03-31 00:00:00,1,0,2024-07-20 15:36:05,0,2024-07-20 15:36:05,,,
2021-03,陕西省,9.20,-7.20,30.30,42.70,1158,2021-03-31 00:00:00,1,0,2024-07-20 15:36:05,0,2024-07-20 15:36:05,,,
2021-03,西藏区,,,,,1159,2021-03-31 00:00:00,1,0,2024-07-20 15:36:05,0,2024-07-20 15:36:05,,,
2021-03,云南省,31.80,0.40,79.90,-7.50,1160,2021-03-31 00:00:00,1,0,2024-07-20 15:36:05,0,2024-07-20 15:36:05,,,
2021-03,贵州省,9.80,2.50,22.60,-17.00,1161,2021-03-31 00:00:00,1,0,2024-07-20 15:36:05,0,2024-07-20 15:36:05,,,
2021-03,四川省,12.60,29.40,32.80,10.50,1162,2021-03-31 00:00:00,1,0,2024-07-20 15:36:05,0,2024-07-20 15:36:05,,,
2021-03,重庆市,1.80,59.00,3.90,70.40,1163,2021-03-31 00:00:00,1,0,2024-07-20 15:36:05,0,2024-07-20 15:36:05,,,
2021-03,海南省,0.30,-8.00,1.00,-7.40,1164,2021-03-31 00:00:00,1,0,2024-07-20 15:36:05,0,2024-07-20 15:36:05,,,
2021-03,广西区,14.70,71.50,33.80,51.70,1165,2021-03-31 00:00:00,1,0,2024-07-20 15:36:05,0,2024-07-20 15:36:05,,,
2021-03,广东省,8.60,-1.70,23.30,-1.00,1166,2021-03-31 00:00:00,1,0,2024-07-20 15:36:05,0,2024-07-20 15:36:05,,,
2021-03,湖南省,11.30,101.60,27.00,59.80,1167,2021-03-31 00:00:00,1,0,2024-07-20 15:36:05,0,2024-07-20 15:36:05,,,
2021-03,湖北省,9.00,34.20,23.50,34.30,1168,2021-03-31 00:00:00,1,0,2024-07-20 15:36:05,0,2024-07-20 15:36:05,,,
2021-03,河南省,15.10,36.10,42.50,61.50,1169,2021-03-31 00:00:00,1,0,2024-07-20 15:36:05,0,2024-07-20 15:36:05,,,
2021-03,山东省,25.40,-8.70,75.50,35.30,1170,2021-03-31 00:00:00,1,0,2024-07-20 15:36:05,0,2024-07-20 15:36:05,,,
2021-03,江西省,5.40,10.00,13.60,3.60,1171,2021-03-31 00:00:00,1,0,2024-07-20 15:36:09,0,2024-07-20 15:36:09,,,
2021-03,福建省,9.90,21.30,32.60,38.90,1172,2021-03-31 00:00:00,1,0,2024-07-20 15:36:09,0,2024-07-20 15:36:09,,,
2021-03,安徽省,6.90,18.80,18.80,31.40,1173,2021-03-31 00:00:00,1,0,2024-07-20 15:36:09,0,2024-07-20 15:36:09,,,
2021-03,浙江省,3.30,19.00,9.90,22.30,1174,2021-03-31 00:00:00,1,0,2024-07-20 15:36:09,0,2024-07-20 15:36:09,,,
2021-03,江苏省,23.70,-1.20,82.60,35.70,1175,2021-03-31 00:00:00,1,0,2024-07-20 15:36:09,0,2024-07-20 15:36:09,,,
2021-03,上海市,1.50,-22.70,5.00,-8.70,1176,2021-03-31 00:00:00,1,0,2024-07-20 15:36:09,0,2024-07-20 15:36:09,,,
2021-03,黑龙江省,12.60,15.50,35.50,10.70,1177,2021-03-31 00:00:00,1,0,2024-07-20 15:36:09,0,2024-07-20 15:36:09,,,
2021-03,吉林省,12.20,5.40,30.70,20.80,1178,2021-03-31 00:00:00,1,0,2024-07-20 15:36:09,0,2024-07-20 15:36:09,,,
2021-03,辽宁省,20.90,-3.30,54.30,13.90,1179,2021-03-31 00:00:00,1,0,2024-07-20 15:36:09,0,2024-07-20 15:36:09,,,
2021-03,内蒙古区,65.80,-11.90,230.50,35.70,1180,2021-03-31 00:00:00,1,0,2024-07-20 15:36:09,0,2024-07-20 15:36:09,,,
2021-03,山西省,25.20,-11.90,101.40,80.30,1181,2021-03-31 00:00:00,1,0,2024-07-20 15:36:09,0,2024-07-20 15:36:09,,,
2021-03,河北省,38.40,-2.80,122.30,33.80,1182,2021-03-31 00:00:00,1,0,2024-07-20 15:36:09,0,2024-07-20 15:36:09,,,
2021-03,天津市,1.40,-8.60,3.90,31.80,1183,2021-03-31 00:00:00,1,0,2024-07-20 15:36:09,0,2024-07-20 15:36:09,,,
2021-03,北京市,,-62.90,,7.40,1184,2021-03-31 00:00:00,1,0,2024-07-20 15:36:09,0,2024-07-20 15:36:09,,,
2021-02,全国,,,915.00,49.00,1185,2021-02-28 00:00:00,1,0,2024-07-20 15:36:09,0,2024-07-20 15:36:09,,,
2021-02,新疆区,,,64.30,67.10,1186,2021-02-28 00:00:00,1,0,2024-07-20 15:36:09,0,2024-07-20 15:36:09,,,
2021-02,宁夏区,,,43.70,81.20,1187,2021-02-28 00:00:00,1,0,2024-07-20 15:36:09,0,2024-07-20 15:36:09,,,
2021-02,青海省,,,15.40,85.80,1188,2021-02-28 00:00:00,1,0,2024-07-20 15:36:09,0,2024-07-20 15:36:09,,,
2021-02,甘肃省,,,41.90,38.60,1189,2021-02-28 00:00:00,1,0,2024-07-20 15:36:09,0,2024-07-20 15:36:09,,,
2021-02,陕西省,,,21.10,84.90,1190,2021-02-28 00:00:00,1,0,2024-07-20 15:36:09,0,2024-07-20 15:36:09,,,
2021-02,西藏区,,,0.00,0.00,1191,2021-02-28 00:00:00,1,0,2024-07-20 15:36:09,0,2024-07-20 15:36:09,,,
2021-02,云南省,,,48.10,-12.10,1192,2021-02-28 00:00:00,1,0,2024-07-20 15:36:09,0,2024-07-20 15:36:09,,,
2021-02,贵州省,,,12.50,-28.30,1193,2021-02-28 00:00:00,1,0,2024-07-20 15:36:09,0,2024-07-20 15:36:09,,,
2021-02,四川省,,,19.20,-4.00,1194,2021-02-28 00:00:00,1,0,2024-07-20 15:36:09,0,2024-07-20 15:36:09,,,
2021-02,重庆市,,,2.10,81.20,1195,2021-02-28 00:00:00,1,0,2024-07-20 15:36:09,0,2024-07-20 15:36:09,,,
2021-02,海南省,,,0.70,-7.10,1196,2021-02-28 00:00:00,1,0,2024-07-20 15:36:09,0,2024-07-20 15:36:09,,,
2021-02,广西区,,,16.60,28.00,1197,2021-02-28 00:00:00,1,0,2024-07-20 15:36:09,0,2024-07-20 15:36:09,,,
2021-02,广东省,,,14.70,-0.80,1198,2021-02-28 00:00:00,1,0,2024-07-20 15:36:09,0,2024-07-20 15:36:09,,,
2021-02,湖南省,,,16.50,45.70,1199,2021-02-28 00:00:00,1,0,2024-07-20 15:36:09,0,2024-07-20 15:36:09,,,
2021-02,湖北省,,,14.40,36.00,1200,2021-02-28 00:00:00,1,0,2024-07-20 15:36:09,0,2024-07-20 15:36:09,,,
2021-02,河南省,,,25.60,73.10,1201,2021-02-28 00:00:00,1,0,2024-07-20 15:36:11,0,2024-07-20 15:36:11,,,
2021-02,山东省,,,49.60,77.80,1202,2021-02-28 00:00:00,1,0,2024-07-20 15:36:11,0,2024-07-20 15:36:11,,,
2021-02,江西省,,,8.20,-0.20,1203,2021-02-28 00:00:00,1,0,2024-07-20 15:36:11,0,2024-07-20 15:36:11,,,
2021-02,福建省,,,22.40,47.50,1204,2021-02-28 00:00:00,1,0,2024-07-20 15:36:11,0,2024-07-20 15:36:11,,,
2021-02,安徽省,,,11.90,39.80,1205,2021-02-28 00:00:00,1,0,2024-07-20 15:36:11,0,2024-07-20 15:36:11,,,
2021-02,浙江省,,,6.60,27.30,1206,2021-02-28 00:00:00,1,0,2024-07-20 15:36:11,0,2024-07-20 15:36:11,,,
2021-02,江苏省,,,56.30,55.50,1207,2021-02-28 00:00:00,1,0,2024-07-20 15:36:11,0,2024-07-20 15:36:11,,,
2021-02,上海市,,,3.50,-1.20,1208,2021-02-28 00:00:00,1,0,2024-07-20 15:36:11,0,2024-07-20 15:36:11,,,
2021-02,黑龙江省,,,22.80,8.30,1209,2021-02-28 00:00:00,1,0,2024-07-20 15:36:11,0,2024-07-20 15:36:11,,,
2021-02,吉林省,,,17.40,29.30,1210,2021-02-28 00:00:00,1,0,2024-07-20 15:36:11,0,2024-07-20 15:36:11,,,
2021-02,辽宁省,,,33.50,28.00,1211,2021-02-28 00:00:00,1,0,2024-07-20 15:36:11,0,2024-07-20 15:36:11,,,
2021-02,内蒙古区,,,164.50,72.80,1212,2021-02-28 00:00:00,1,0,2024-07-20 15:36:11,0,2024-07-20 15:36:11,,,
2021-02,山西省,,,74.60,175.90,1213,2021-02-28 00:00:00,1,0,2024-07-20 15:36:11,0,2024-07-20 15:36:11,,,
2021-02,河北省,,,83.70,56.90,1214,2021-02-28 00:00:00,1,0,2024-07-20 15:36:11,0,2024-07-20 15:36:11,,,
2021-02,天津市,,,2.50,74.90,1215,2021-02-28 00:00:00,1,0,2024-07-20 15:36:11,0,2024-07-20 15:36:11,,,
2021-02,北京市,,,0.00,38.70,1216,2021-02-28 00:00:00,1,0,2024-07-20 15:36:11,0,2024-07-20 15:36:11,,,
2020-12,全国,409.00,7.10,4146.00,10.50,1217,2020-12-31 00:00:00,1,0,2024-07-20 15:36:11,0,2024-07-20 15:36:11,,,
2020-12,新疆区,23.90,-2.00,423.00,7.30,1218,2020-12-31 00:00:00,1,0,2024-07-20 15:36:11,0,2024-07-20 15:36:11,,,
2020-12,宁夏区,12.30,-35.20,174.20,0.00,1219,2020-12-31 00:00:00,1,0,2024-07-20 15:36:11,0,2024-07-20 15:36:11,,,
2020-12,青海省,5.60,52.70,61.70,15.10,1220,2020-12-31 00:00:00,1,0,2024-07-20 15:36:11,0,2024-07-20 15:36:11,,,
2020-12,甘肃省,15.70,-7.00,242.30,6.50,1221,2020-12-31 00:00:00,1,0,2024-07-20 15:36:11,0,2024-07-20 15:36:11,,,
2020-12,陕西省,5.30,-39.20,81.60,2.20,1222,2020-12-31 00:00:00,1,0,2024-07-20 15:36:11,0,2024-07-20 15:36:11,,,
2020-12,西藏区,0.00,0.00,0.00,0.00,1223,2020-12-31 00:00:00,1,0,2024-07-20 15:36:11,0,2024-07-20 15:36:11,,,
2020-12,云南省,28.20,17.90,247.50,0.50,1224,2020-12-31 00:00:00,1,0,2024-07-20 15:36:11,0,2024-07-20 15:36:11,,,
2020-12,贵州省,4.40,-39.50,95.20,23.00,1225,2020-12-31 00:00:00,1,0,2024-07-20 15:36:11,0,2024-07-20 15:36:11,,,
2020-12,四川省,10.00,9.50,85.30,14.00,1226,2020-12-31 00:00:00,1,0,2024-07-20 15:36:11,0,2024-07-20 15:36:11,,,
2020-12,重庆市,0.50,-21.40,13.10,23.90,1227,2020-12-31 00:00:00,1,0,2024-07-20 15:36:11,0,2024-07-20 15:36:11,,,
2020-12,海南省,0.70,59.10,5.60,22.10,1228,2020-12-31 00:00:00,1,0,2024-07-20 15:36:11,0,2024-07-20 15:36:11,,,
2020-12,广西区,10.80,45.80,91.30,57.60,1229,2020-12-31 00:00:00,1,0,2024-07-20 15:36:11,0,2024-07-20 15:36:11,,,
2020-12,广东省,9.40,22.90,88.30,23.60,1230,2020-12-31 00:00:00,1,0,2024-07-20 15:36:11,0,2024-07-20 15:36:11,,,
2020-12,湖南省,9.20,27.50,93.90,29.10,1231,2020-12-31 00:00:00,1,0,2024-07-20 15:36:14,0,2024-07-20 15:36:14,,,
2020-12,湖北省,4.60,-13.00,72.80,20.60,1232,2020-12-31 00:00:00,1,0,2024-07-20 15:36:14,0,2024-07-20 15:36:14,,,
2020-12,河南省,8.00,3.70,88.20,41.80,1233,2020-12-31 00:00:00,1,0,2024-07-20 15:36:14,0,2024-07-20 15:36:14,,,
2020-12,山东省,17.30,-4.00,190.70,7.10,1234,2020-12-31 00:00:00,1,0,2024-07-20 15:36:14,0,2024-07-20 15:36:14,,,
2020-12,江西省,4.50,9.00,51.80,25.20,1235,2020-12-31 00:00:00,1,0,2024-07-20 15:36:14,0,2024-07-20 15:36:14,,,
2020-12,福建省,15.80,71.50,112.30,35.00,1236,2020-12-31 00:00:00,1,0,2024-07-20 15:36:14,0,2024-07-20 15:36:14,,,
2020-12,安徽省,3.60,-20.40,47.00,6.80,1237,2020-12-31 00:00:00,1,0,2024-07-20 15:36:14,0,2024-07-20 15:36:14,,,
2020-12,浙江省,3.50,-4.20,31.50,9.30,1238,2020-12-31 00:00:00,1,0,2024-07-20 15:36:14,0,2024-07-20 15:36:14,,,
2020-12,江苏省,18.40,-4.30,207.10,19.70,1239,2020-12-31 00:00:00,1,0,2024-07-20 15:36:14,0,2024-07-20 15:36:14,,,
2020-12,上海市,1.50,27.20,14.80,39.20,1240,2020-12-31 00:00:00,1,0,2024-07-20 15:36:14,0,2024-07-20 15:36:14,,,
2020-12,黑龙江省,14.80,24.80,121.40,-0.40,1241,2020-12-31 00:00:00,1,0,2024-07-20 15:36:14,0,2024-07-20 15:36:14,,,
2020-12,吉林省,9.40,10.20,97.50,6.70,1242,2020-12-31 00:00:00,1,0,2024-07-20 15:36:14,0,2024-07-20 15:36:14,,,
2020-12,辽宁省,14.90,6.20,168.70,3.10,1243,2020-12-31 00:00:00,1,0,2024-07-20 15:36:14,0,2024-07-20 15:36:14,,,
2020-12,内蒙古区,81.30,13.20,672.80,4.70,1244,2020-12-31 00:00:00,1,0,2024-07-20 15:36:14,0,2024-07-20 15:36:14,,,
2020-12,山西省,31.20,13.80,214.40,6.90,1245,2020-12-31 00:00:00,1,0,2024-07-20 15:36:14,0,2024-07-20 15:36:14,,,
2020-12,河北省,43.30,12.90,340.50,15.30,1246,2020-12-31 00:00:00,1,0,2024-07-20 15:36:14,0,2024-07-20 15:36:14,,,
2020-12,天津市,1.00,29.00,11.20,6.70,1247,2020-12-31 00:00:00,1,0,2024-07-20 15:36:14,0,2024-07-20 15:36:14,,,
2020-12,北京市,0.00,199.60,0.00,25.20,1248,2020-12-31 00:00:00,1,0,2024-07-20 15:36:14,0,2024-07-20 15:36:14,,,
2020-11,新疆区,30.90,0.80,399.00,7.90,1249,2020-11-30 00:00:00,1,0,2024-07-20 15:36:14,0,2024-07-20 15:36:14,,,
2020-11,宁夏区,15.30,-9.30,161.90,4.20,1250,2020-11-30 00:00:00,1,0,2024-07-20 15:36:14,0,2024-07-20 15:36:14,,,
2020-11,青海省,4.60,-16.40,56.10,12.30,1251,2020-11-30 00:00:00,1,0,2024-07-20 15:36:14,0,2024-07-20 15:36:14,,,
2020-11,甘肃省,18.10,4.30,226.70,7.60,1252,2020-11-30 00:00:00,1,0,2024-07-20 15:36:14,0,2024-07-20 15:36:14,,,
2020-11,陕西省,7.30,-16.10,76.40,7.30,1253,2020-11-30 00:00:00,1,0,2024-07-20 15:36:14,0,2024-07-20 15:36:14,,,
2020-11,西藏区,0.00,0.00,0.00,0.00,1254,2020-11-30 00:00:00,1,0,2024-07-20 15:36:14,0,2024-07-20 15:36:14,,,
2020-11,云南省,17.50,-9.80,218.70,-1.70,1255,2020-11-30 00:00:00,1,0,2024-07-20 15:36:14,0,2024-07-20 15:36:14,,,
2020-11,贵州省,8.10,11.60,90.80,29.50,1256,2020-11-30 00:00:00,1,0,2024-07-20 15:36:14,0,2024-07-20 15:36:14,,,
2020-11,四川省,8.50,30.40,75.30,14.60,1257,2020-11-30 00:00:00,1,0,2024-07-20 15:36:14,0,2024-07-20 15:36:14,,,
2020-11,重庆市,1.40,59.30,12.60,26.80,1258,2020-11-30 00:00:00,1,0,2024-07-20 15:36:14,0,2024-07-20 15:36:14,,,
2020-11,海南省,0.60,46.50,4.90,18.40,1259,2020-11-30 00:00:00,1,0,2024-07-20 15:36:14,0,2024-07-20 15:36:14,,,
2020-11,广西区,9.90,82.40,80.50,62.20,1260,2020-11-30 00:00:00,1,0,2024-07-20 15:36:14,0,2024-07-20 15:36:14,,,
2020-11,广东省,8.70,21.90,78.80,23.60,1261,2020-11-30 00:00:00,1,0,2024-07-20 15:36:17,0,2024-07-20 15:36:17,,,
2020-11,湖南省,11.20,68.70,83.80,29.60,1262,2020-11-30 00:00:00,1,0,2024-07-20 15:36:17,0,2024-07-20 15:36:17,,,
2020-11,湖北省,5.90,8.10,69.50,21.90,1263,2020-11-30 00:00:00,1,0,2024-07-20 15:36:17,0,2024-07-20 15:36:17,,,
2020-11,河南省,7.30,18.10,78.40,44.80,1264,2020-11-30 00:00:00,1,0,2024-07-20 15:36:17,0,2024-07-20 15:36:17,,,
2020-11,山东省,16.80,-9.00,172.60,3.20,1265,2020-11-30 00:00:00,1,0,2024-07-20 15:36:17,0,2024-07-20 15:36:17,,,
2020-11,江西省,5.40,52.20,47.30,27.00,1266,2020-11-30 00:00:00,1,0,2024-07-20 15:36:17,0,2024-07-20 15:36:17,,,
2020-11,福建省,15.70,49.70,96.50,30.40,1267,2020-11-30 00:00:00,1,0,2024-07-20 15:36:17,0,2024-07-20 15:36:17,,,
2020-11,安徽省,4.30,7.60,43.40,9.90,1268,2020-11-30 00:00:00,1,0,2024-07-20 15:36:17,0,2024-07-20 15:36:17,,,
2020-11,浙江省,2.90,8.80,28.00,11.30,1269,2020-11-30 00:00:00,1,0,2024-07-20 15:36:17,0,2024-07-20 15:36:17,,,
2020-11,江苏省,18.20,2.90,188.60,22.90,1270,2020-11-30 00:00:00,1,0,2024-07-20 15:36:17,0,2024-07-20 15:36:17,,,
2020-11,上海市,1.40,24.80,13.30,40.80,1271,2020-11-30 00:00:00,1,0,2024-07-20 15:36:17,0,2024-07-20 15:36:17,,,
2020-11,黑龙江省,14.90,-0.20,106.50,-3.10,1272,2020-11-30 00:00:00,1,0,2024-07-20 15:36:17,0,2024-07-20 15:36:17,,,
2020-11,吉林省,10.40,19.40,88.10,6.40,1273,2020-11-30 00:00:00,1,0,2024-07-20 15:36:17,0,2024-07-20 15:36:17,,,
2020-11,辽宁省,14.80,-3.30,153.80,2.80,1274,2020-11-30 00:00:00,1,0,2024-07-20 15:36:17,0,2024-07-20 15:36:17,,,
2020-11,内蒙古区,65.90,1.20,591.50,3.70,1275,2020-11-30 00:00:00,1,0,2024-07-20 15:36:17,0,2024-07-20 15:36:17,,,
2020-11,山西省,18.10,-16.20,181.90,5.00,1276,2020-11-30 00:00:00,1,0,2024-07-20 15:36:17,0,2024-07-20 15:36:17,,,
2020-11,河北省,32.60,16.60,295.80,18.20,1277,2020-11-30 00:00:00,1,0,2024-07-20 15:36:17,0,2024-07-20 15:36:17,,,
2020-11,天津市,0.90,20.60,10.30,5.10,1278,2020-11-30 00:00:00,1,0,2024-07-20 15:36:17,0,2024-07-20 15:36:17,,,
2020-11,北京市,0.00,27.60,0.00,16.50,1279,2020-11-30 00:00:00,1,0,2024-07-20 15:36:17,0,2024-07-20 15:36:17,,,
2020-11,全国,378.00,5.90,3731.00,10.70,1280,2020-11-30 00:00:00,1,0,2024-07-20 15:36:17,0,2024-07-20 15:36:17,,,
2020-10,新疆区,35.90,6.60,368.10,8.60,1281,2020-10-31 00:00:00,1,0,2024-07-20 15:36:17,0,2024-07-20 15:36:17,,,
2020-10,宁夏区,12.70,-12.70,146.60,5.90,1282,2020-10-31 00:00:00,1,0,2024-07-20 15:36:17,0,2024-07-20 15:36:17,,,
2020-10,青海省,5.30,27.60,51.50,15.80,1283,2020-10-31 00:00:00,1,0,2024-07-20 15:36:17,0,2024-07-20 15:36:17,,,
2020-10,甘肃省,17.80,-10.30,208.60,8.00,1284,2020-10-31 00:00:00,1,0,2024-07-20 15:36:17,0,2024-07-20 15:36:17,,,
2020-10,陕西省,6.60,-1.50,69.20,10.50,1285,2020-10-31 00:00:00,1,0,2024-07-20 15:36:17,0,2024-07-20 15:36:17,,,
2020-10,西藏区,0.00,0.00,0.00,0.00,1286,2020-10-31 00:00:00,1,0,2024-07-20 15:36:17,0,2024-07-20 15:36:17,,,
2020-10,云南省,11.20,-19.90,200.50,-1.20,1287,2020-10-31 00:00:00,1,0,2024-07-20 15:36:17,0,2024-07-20 15:36:17,,,
2020-10,贵州省,6.20,-1.10,80.30,28.10,1288,2020-10-31 00:00:00,1,0,2024-07-20 15:36:17,0,2024-07-20 15:36:17,,,
2020-10,四川省,6.30,23.40,66.70,12.80,1289,2020-10-31 00:00:00,1,0,2024-07-20 15:36:17,0,2024-07-20 15:36:17,,,
2020-10,重庆市,1.20,3.70,11.20,23.70,1290,2020-10-31 00:00:00,1,0,2024-07-20 15:36:17,0,2024-07-20 15:36:17,,,
2020-10,海南省,1.00,178.30,4.30,15.30,1291,2020-10-31 00:00:00,1,0,2024-07-20 15:36:20,0,2024-07-20 15:36:20,,,
2020-10,广西区,10.80,152.90,68.80,58.30,1292,2020-10-31 00:00:00,1,0,2024-07-20 15:36:20,0,2024-07-20 15:36:20,,,
2020-10,广东省,11.60,101.30,69.50,22.70,1293,2020-10-31 00:00:00,1,0,2024-07-20 15:36:20,0,2024-07-20 15:36:20,,,
2020-10,湖南省,8.20,50.50,69.40,19.60,1294,2020-10-31 00:00:00,1,0,2024-07-20 15:36:20,0,2024-07-20 15:36:20,,,
2020-10,湖北省,7.20,32.80,61.50,23.60,1295,2020-10-31 00:00:00,1,0,2024-07-20 15:36:20,0,2024-07-20 15:36:20,,,
2020-10,河南省,5.60,5.60,65.60,36.60,1296,2020-10-31 00:00:00,1,0,2024-07-20 15:36:20,0,2024-07-20 15:36:20,,,
2020-10,山东省,10.60,-24.50,152.50,5.00,1297,2020-10-31 00:00:00,1,0,2024-07-20 15:36:20,0,2024-07-20 15:36:20,,,
2020-10,江西省,5.80,85.30,41.90,24.30,1298,2020-10-31 00:00:00,1,0,2024-07-20 15:36:20,0,2024-07-20 15:36:20,,,
2020-10,福建省,16.70,104.40,79.60,25.20,1299,2020-10-31 00:00:00,1,0,2024-07-20 15:36:20,0,2024-07-20 15:36:20,,,
2020-10,安徽省,3.60,10.40,39.10,10.20,1300,2020-10-31 00:00:00,1,0,2024-07-20 15:36:20,0,2024-07-20 15:36:20,,,
2020-10,浙江省,2.60,23.80,25.10,11.60,1301,2020-10-31 00:00:00,1,0,2024-07-20 15:36:20,0,2024-07-20 15:36:20,,,
2020-10,江苏省,12.70,6.60,170.30,25.50,1302,2020-10-31 00:00:00,1,0,2024-07-20 15:36:20,0,2024-07-20 15:36:20,,,
2020-10,上海市,1.10,52.50,11.90,42.80,1303,2020-10-31 00:00:00,1,0,2024-07-20 15:36:20,0,2024-07-20 15:36:20,,,
2020-10,黑龙江省,12.00,-0.20,91.70,-3.60,1304,2020-10-31 00:00:00,1,0,2024-07-20 15:36:20,0,2024-07-20 15:36:20,,,
2020-10,吉林省,9.10,-6.40,73.90,-0.30,1305,2020-10-31 00:00:00,1,0,2024-07-20 15:36:20,0,2024-07-20 15:36:20,,,
2020-10,辽宁省,14.00,-8.50,139.00,3.40,1306,2020-10-31 00:00:00,1,0,2024-07-20 15:36:20,0,2024-07-20 15:36:20,,,
2020-10,内蒙古区,66.60,22.00,524.30,3.20,1307,2020-10-31 00:00:00,1,0,2024-07-20 15:36:20,0,2024-07-20 15:36:20,,,
2020-10,山西省,17.70,21.70,163.10,7.60,1308,2020-10-31 00:00:00,1,0,2024-07-20 15:36:20,0,2024-07-20 15:36:20,,,
2020-10,河北省,29.90,27.70,263.10,18.40,1309,2020-10-31 00:00:00,1,0,2024-07-20 15:36:20,0,2024-07-20 15:36:20,,,
2020-10,天津市,0.90,8.60,9.30,3.70,1310,2020-10-31 00:00:00,1,0,2024-07-20 15:36:20,0,2024-07-20 15:36:20,,,
2020-10,北京市,0.00,52.20,0.00,15.10,1311,2020-10-31 00:00:00,1,0,2024-07-20 15:36:20,0,2024-07-20 15:36:20,,,
2020-10,全国,351.00,14.70,3327.00,10.50,1312,2020-10-31 00:00:00,1,0,2024-07-20 15:36:20,0,2024-07-20 15:36:20,,,
2020-09,全国,267.00,11.30,2972.00,10.00,1313,2020-09-30 00:00:00,1,0,2024-07-20 15:36:20,0,2024-07-20 15:36:20,,,
2020-09,新疆区,38.40,19.30,332.20,8.80,1314,2020-09-30 00:00:00,1,0,2024-07-20 15:36:20,0,2024-07-20 15:36:20,,,
2020-09,宁夏区,13.70,-13.90,133.90,8.10,1315,2020-09-30 00:00:00,1,0,2024-07-20 15:36:20,0,2024-07-20 15:36:20,,,
2020-09,青海省,5.50,55.60,46.30,14.70,1316,2020-09-30 00:00:00,1,0,2024-07-20 15:36:20,0,2024-07-20 15:36:20,,,
2020-09,甘肃省,21.00,40.70,190.80,10.20,1317,2020-09-30 00:00:00,1,0,2024-07-20 15:36:20,0,2024-07-20 15:36:20,,,
2020-09,陕西省,5.70,-11.10,62.50,11.90,1318,2020-09-30 00:00:00,1,0,2024-07-20 15:36:20,0,2024-07-20 15:36:20,,,
2020-09,西藏区,0.00,0.00,0.00,0.00,1319,2020-09-30 00:00:00,1,0,2024-07-20 15:36:20,0,2024-07-20 15:36:20,,,
2020-09,云南省,10.40,18.80,189.30,0.10,1320,2020-09-30 00:00:00,1,0,2024-07-20 15:36:20,0,2024-07-20 15:36:20,,,
2020-09,贵州省,6.10,15.70,73.80,30.90,1321,2020-09-30 00:00:00,1,0,2024-07-20 15:36:23,0,2024-07-20 15:36:23,,,
2020-09,四川省,3.70,4.90,60.50,11.80,1322,2020-09-30 00:00:00,1,0,2024-07-20 15:36:23,0,2024-07-20 15:36:23,,,
2020-09,重庆市,1.40,23.00,10.00,26.70,1323,2020-09-30 00:00:00,1,0,2024-07-20 15:36:23,0,2024-07-20 15:36:23,,,
2020-09,海南省,0.10,-51.10,3.30,-2.00,1324,2020-09-30 00:00:00,1,0,2024-07-20 15:36:23,0,2024-07-20 15:36:23,,,
2020-09,广西区,4.20,5.70,58.00,47.90,1325,2020-09-30 00:00:00,1,0,2024-07-20 15:36:23,0,2024-07-20 15:36:23,,,
2020-09,广东省,3.40,-23.40,57.90,15.00,1326,2020-09-30 00:00:00,1,0,2024-07-20 15:36:23,0,2024-07-20 15:36:23,,,
2020-09,湖南省,4.80,-21.70,60.70,14.20,1327,2020-09-30 00:00:00,1,0,2024-07-20 15:36:23,0,2024-07-20 15:36:23,,,
2020-09,湖北省,6.30,25.70,54.30,22.50,1328,2020-09-30 00:00:00,1,0,2024-07-20 15:36:23,0,2024-07-20 15:36:23,,,
2020-09,河南省,4.90,20.50,59.10,38.60,1329,2020-09-30 00:00:00,1,0,2024-07-20 15:36:23,0,2024-07-20 15:36:23,,,
2020-09,山东省,9.20,-3.30,141.80,8.10,1330,2020-09-30 00:00:00,1,0,2024-07-20 15:36:23,0,2024-07-20 15:36:23,,,
2020-09,江西省,2.20,-36.40,36.60,21.50,1331,2020-09-30 00:00:00,1,0,2024-07-20 15:36:23,0,2024-07-20 15:36:23,,,
2020-09,福建省,5.00,-24.00,62.90,13.50,1332,2020-09-30 00:00:00,1,0,2024-07-20 15:36:23,0,2024-07-20 15:36:23,,,
2020-09,安徽省,2.60,-22.10,35.40,10.10,1333,2020-09-30 00:00:00,1,0,2024-07-20 15:36:23,0,2024-07-20 15:36:23,,,
2020-09,浙江省,2.10,-24.10,22.50,10.40,1334,2020-09-30 00:00:00,1,0,2024-07-20 15:36:23,0,2024-07-20 15:36:23,,,
2020-09,江苏省,9.10,-28.40,157.60,27.50,1335,2020-09-30 00:00:00,1,0,2024-07-20 15:36:23,0,2024-07-20 15:36:23,,,
2020-09,上海市,0.80,-12.70,10.80,41.90,1336,2020-09-30 00:00:00,1,0,2024-07-20 15:36:23,0,2024-07-20 15:36:23,,,
2020-09,黑龙江省,8.20,-2.20,79.10,-4.70,1337,2020-09-30 00:00:00,1,0,2024-07-20 15:36:23,0,2024-07-20 15:36:23,,,
2020-09,吉林省,6.90,21.30,64.80,2.50,1338,2020-09-30 00:00:00,1,0,2024-07-20 15:36:23,0,2024-07-20 15:36:23,,,
2020-09,辽宁省,11.10,21.30,125.00,5.00,1339,2020-09-30 00:00:00,1,0,2024-07-20 15:36:23,0,2024-07-20 15:36:23,,,
2020-09,内蒙古区,44.80,16.80,457.70,0.90,1340,2020-09-30 00:00:00,1,0,2024-07-20 15:36:23,0,2024-07-20 15:36:23,,,
2020-09,山西省,13.30,25.60,145.40,6.10,1341,2020-09-30 00:00:00,1,0,2024-07-20 15:36:23,0,2024-07-20 15:36:23,,,
2020-09,河北省,21.40,70.80,231.30,17.20,1342,2020-09-30 00:00:00,1,0,2024-07-20 15:36:23,0,2024-07-20 15:36:23,,,
2020-09,天津市,0.70,49.70,8.40,3.20,1343,2020-09-30 00:00:00,1,0,2024-07-20 15:36:23,0,2024-07-20 15:36:23,,,
2020-09,北京市,0.00,-21.20,0.00,11.90,1344,2020-09-30 00:00:00,1,0,2024-07-20 15:36:23,0,2024-07-20 15:36:23,,,
2020-08,全国,281.00,18.70,2696.00,9.60,1345,2020-08-31 00:00:00,1,0,2024-07-20 15:36:23,0,2024-07-20 15:36:23,,,
2020-08,新疆区,43.30,18.20,293.80,7.60,1346,2020-08-31 00:00:00,1,0,2024-07-20 15:36:23,0,2024-07-20 15:36:23,,,
2020-08,宁夏区,16.00,37.20,120.20,11.30,1347,2020-08-31 00:00:00,1,0,2024-07-20 15:36:23,0,2024-07-20 15:36:23,,,
2020-08,青海省,5.80,24.40,40.80,10.70,1348,2020-08-31 00:00:00,1,0,2024-07-20 15:36:23,0,2024-07-20 15:36:23,,,
2020-08,甘肃省,22.00,-1.50,169.70,7.30,1349,2020-08-31 00:00:00,1,0,2024-07-20 15:36:23,0,2024-07-20 15:36:23,,,
2020-08,陕西省,7.10,33.00,56.80,14.90,1350,2020-08-31 00:00:00,1,0,2024-07-20 15:36:23,0,2024-07-20 15:36:23,,,
2020-08,西藏区,0.00,0.00,0.00,0.00,1351,2020-08-31 00:00:00,1,0,2024-07-20 15:36:26,0,2024-07-20 15:36:26,,,
2020-08,云南省,9.10,38.70,178.50,-1.00,1352,2020-08-31 00:00:00,1,0,2024-07-20 15:36:26,0,2024-07-20 15:36:26,,,
2020-08,贵州省,8.40,126.30,67.70,32.50,1353,2020-08-31 00:00:00,1,0,2024-07-20 15:36:26,0,2024-07-20 15:36:26,,,
2020-08,四川省,3.70,42.00,56.80,12.20,1354,2020-08-31 00:00:00,1,0,2024-07-20 15:36:26,0,2024-07-20 15:36:26,,,
2020-08,重庆市,1.50,78.90,7.70,14.90,1355,2020-08-31 00:00:00,1,0,2024-07-20 15:36:26,0,2024-07-20 15:36:26,,,
2020-08,海南省,0.30,-30.20,3.20,2.60,1356,2020-08-31 00:00:00,1,0,2024-07-20 15:36:26,0,2024-07-20 15:36:26,,,
2020-08,广西区,4.40,60.90,53.80,52.30,1357,2020-08-31 00:00:00,1,0,2024-07-20 15:36:26,0,2024-07-20 15:36:26,,,
2020-08,广东省,4.70,-2.10,54.60,18.70,1358,2020-08-31 00:00:00,1,0,2024-07-20 15:36:26,0,2024-07-20 15:36:26,,,
2020-08,湖南省,7.50,42.70,54.80,17.70,1359,2020-08-31 00:00:00,1,0,2024-07-20 15:36:26,0,2024-07-20 15:36:26,,,
2020-08,湖北省,7.80,67.60,48.00,22.10,1360,2020-08-31 00:00:00,1,0,2024-07-20 15:36:26,0,2024-07-20 15:36:26,,,
2020-08,河南省,5.90,60.40,54.20,40.50,1361,2020-08-31 00:00:00,1,0,2024-07-20 15:36:26,0,2024-07-20 15:36:26,,,
2020-08,山东省,11.10,6.10,130.90,7.60,1362,2020-08-31 00:00:00,1,0,2024-07-20 15:36:26,0,2024-07-20 15:36:26,,,
2020-08,江西省,3.40,22.70,32.90,29.90,1363,2020-08-31 00:00:00,1,0,2024-07-20 15:36:26,0,2024-07-20 15:36:26,,,
2020-08,福建省,5.60,-0.10,57.80,16.80,1364,2020-08-31 00:00:00,1,0,2024-07-20 15:36:26,0,2024-07-20 15:36:26,,,
2020-08,安徽省,3.60,-9.90,32.90,14.30,1365,2020-08-31 00:00:00,1,0,2024-07-20 15:36:26,0,2024-07-20 15:36:26,,,
2020-08,浙江省,3.30,57.20,20.50,15.70,1366,2020-08-31 00:00:00,1,0,2024-07-20 15:36:26,0,2024-07-20 15:36:26,,,
2020-08,江苏省,16.10,15.00,145.70,32.80,1367,2020-08-31 00:00:00,1,0,2024-07-20 15:36:26,0,2024-07-20 15:36:26,,,
2020-08,上海市,1.50,107.40,10.00,49.50,1368,2020-08-31 00:00:00,1,0,2024-07-20 15:36:26,0,2024-07-20 15:36:26,,,
2020-08,黑龙江省,6.80,39.70,70.90,-5.00,1369,2020-08-31 00:00:00,1,0,2024-07-20 15:36:26,0,2024-07-20 15:36:26,,,
2020-08,吉林省,4.50,15.50,57.80,0.60,1370,2020-08-31 00:00:00,1,0,2024-07-20 15:36:26,0,2024-07-20 15:36:26,,,
2020-08,辽宁省,9.40,25.80,113.40,3.20,1371,2020-08-31 00:00:00,1,0,2024-07-20 15:36:26,0,2024-07-20 15:36:26,,,
2020-08,内蒙古区,39.30,8.70,412.90,-0.60,1372,2020-08-31 00:00:00,1,0,2024-07-20 15:36:26,0,2024-07-20 15:36:26,,,
2020-08,山西省,12.50,7.00,132.10,4.40,1373,2020-08-31 00:00:00,1,0,2024-07-20 15:36:26,0,2024-07-20 15:36:26,,,
2020-08,河北省,15.80,-3.60,209.90,13.50,1374,2020-08-31 00:00:00,1,0,2024-07-20 15:36:26,0,2024-07-20 15:36:26,,,
2020-08,天津市,0.50,-22.70,7.70,0.40,1375,2020-08-31 00:00:00,1,0,2024-07-20 15:36:26,0,2024-07-20 15:36:26,,,
2020-08,北京市,0.00,18.40,0.00,17.10,1376,2020-08-31 00:00:00,1,0,2024-07-20 15:36:26,0,2024-07-20 15:36:26,,,
2020-07,全国,283.00,23.20,2406.00,8.50,1377,2020-07-31 00:00:00,1,0,2024-07-20 15:36:26,0,2024-07-20 15:36:26,,,
2020-07,新疆区,43.00,18.70,250.60,5.90,1378,2020-07-31 00:00:00,1,0,2024-07-20 15:36:26,0,2024-07-20 15:36:26,,,
2020-07,宁夏区,17.00,46.30,102.90,6.80,1379,2020-07-31 00:00:00,1,0,2024-07-20 15:36:26,0,2024-07-20 15:36:26,,,
2020-07,青海省,5.40,21.80,35.00,8.70,1380,2020-07-31 00:00:00,1,0,2024-07-20 15:36:26,0,2024-07-20 15:36:26,,,
2020-07,甘肃省,19.80,14.90,147.70,8.70,1381,2020-07-31 00:00:00,1,0,2024-07-20 15:36:29,0,2024-07-20 15:36:29,,,
2020-07,陕西省,6.90,26.30,49.70,12.80,1382,2020-07-31 00:00:00,1,0,2024-07-20 15:36:29,0,2024-07-20 15:36:29,,,
2020-07,西藏区,0.00,0.00,0.00,0.00,1383,2020-07-31 00:00:00,1,0,2024-07-20 15:36:29,0,2024-07-20 15:36:29,,,
2020-07,云南省,19.10,55.50,169.40,-2.50,1384,2020-07-31 00:00:00,1,0,2024-07-20 15:36:29,0,2024-07-20 15:36:29,,,
2020-07,贵州省,10.20,121.60,59.30,26.20,1385,2020-07-31 00:00:00,1,0,2024-07-20 15:36:29,0,2024-07-20 15:36:29,,,
2020-07,四川省,5.20,75.40,53.10,10.60,1386,2020-07-31 00:00:00,1,0,2024-07-20 15:36:29,0,2024-07-20 15:36:29,,,
2020-07,重庆市,1.10,25.90,6.20,5.70,1387,2020-07-31 00:00:00,1,0,2024-07-20 15:36:29,0,2024-07-20 15:36:29,,,
2020-07,海南省,0.40,-10.10,2.90,7.00,1388,2020-07-31 00:00:00,1,0,2024-07-20 15:36:29,0,2024-07-20 15:36:29,,,
2020-07,广西区,7.10,92.20,49.40,51.60,1389,2020-07-31 00:00:00,1,0,2024-07-20 15:36:29,0,2024-07-20 15:36:29,,,
2020-07,广东省,7.00,32.70,49.90,21.10,1390,2020-07-31 00:00:00,1,0,2024-07-20 15:36:29,0,2024-07-20 15:36:29,,,
2020-07,湖南省,7.00,24.70,44.60,8.60,1391,2020-07-31 00:00:00,1,0,2024-07-20 15:36:29,0,2024-07-20 15:36:29,,,
2020-07,湖北省,5.30,10.50,40.20,15.20,1392,2020-07-31 00:00:00,1,0,2024-07-20 15:36:29,0,2024-07-20 15:36:29,,,
2020-07,河南省,5.00,32.10,47.80,37.00,1393,2020-07-31 00:00:00,1,0,2024-07-20 15:36:29,0,2024-07-20 15:36:29,,,
2020-07,山东省,11.20,26.30,119.80,9.30,1394,2020-07-31 00:00:00,1,0,2024-07-20 15:36:29,0,2024-07-20 15:36:29,,,
2020-07,江西省,4.60,61.70,25.50,33.70,1395,2020-07-31 00:00:00,1,0,2024-07-20 15:36:29,0,2024-07-20 15:36:29,,,
2020-07,福建省,8.60,34.90,52.20,19.00,1396,2020-07-31 00:00:00,1,0,2024-07-20 15:36:29,0,2024-07-20 15:36:29,,,
2020-07,安徽省,3.10,4.00,29.30,18.20,1397,2020-07-31 00:00:00,1,0,2024-07-20 15:36:29,0,2024-07-20 15:36:29,,,
2020-07,浙江省,2.20,2.70,17.20,10.20,1398,2020-07-31 00:00:00,1,0,2024-07-20 15:36:29,0,2024-07-20 15:36:29,,,
2020-07,江苏省,14.00,34.70,128.70,34.50,1399,2020-07-31 00:00:00,1,0,2024-07-20 15:36:29,0,2024-07-20 15:36:29,,,
2020-07,上海市,0.90,5.00,8.50,42.40,1400,2020-07-31 00:00:00,1,0,2024-07-20 15:36:29,0,2024-07-20 15:36:29,,,
2020-07,黑龙江省,4.40,3.40,64.10,-8.10,1401,2020-07-31 00:00:00,1,0,2024-07-20 15:36:29,0,2024-07-20 15:36:29,,,
2020-07,吉林省,3.70,3.10,54.00,-0.60,1402,2020-07-31 00:00:00,1,0,2024-07-20 15:36:29,0,2024-07-20 15:36:29,,,
2020-07,辽宁省,8.40,-2.40,104.00,1.50,1403,2020-07-31 00:00:00,1,0,2024-07-20 15:36:29,0,2024-07-20 15:36:29,,,
2020-07,内蒙古区,35.80,4.20,373.40,-1.50,1404,2020-07-31 00:00:00,1,0,2024-07-20 15:36:29,0,2024-07-20 15:36:29,,,
2020-07,山西省,10.60,1.80,119.50,4.00,1405,2020-07-31 00:00:00,1,0,2024-07-20 15:36:29,0,2024-07-20 15:36:29,,,
2020-07,河北省,15.30,12.40,194.10,15.20,1406,2020-07-31 00:00:00,1,0,2024-07-20 15:36:29,0,2024-07-20 15:36:29,,,
2020-07,天津市,0.50,-44.10,7.20,2.50,1407,2020-07-31 00:00:00,1,0,2024-07-20 15:36:29,0,2024-07-20 15:36:29,,,
2020-07,北京市,0.00,5.10,0.00,17.00,1408,2020-07-31 00:00:00,1,0,2024-07-20 15:36:29,0,2024-07-20 15:36:29,,,
2020-06,全国,324.00,15.80,2117.00,6.80,1409,2020-06-30 00:00:00,1,0,2024-07-20 15:36:29,0,2024-07-20 15:36:29,,,
2020-06,新疆区,44.40,10.30,207.60,3.60,1410,2020-06-30 00:00:00,1,0,2024-07-20 15:36:29,0,2024-07-20 15:36:29,,,
2020-06,宁夏区,14.10,19.50,85.20,0.60,1411,2020-06-30 00:00:00,1,0,2024-07-20 15:36:33,0,2024-07-20 15:36:33,,,
2020-06,青海省,5.20,49.60,29.50,40.60,1412,2020-06-30 00:00:00,1,0,2024-07-20 15:36:33,0,2024-07-20 15:36:33,,,
2020-06,甘肃省,20.80,19.50,125.90,6.10,1413,2020-06-30 00:00:00,1,0,2024-07-20 15:36:33,0,2024-07-20 15:36:33,,,
2020-06,陕西省,7.40,33.10,42.80,10.80,1414,2020-06-30 00:00:00,1,0,2024-07-20 15:36:33,0,2024-07-20 15:36:33,,,
2020-06,西藏区,0.00,0.00,0.00,0.00,1415,2020-06-30 00:00:00,1,0,2024-07-20 15:36:33,0,2024-07-20 15:36:33,,,
2020-06,云南省,19.90,9.70,150.70,-6.90,1416,2020-06-30 00:00:00,1,0,2024-07-20 15:36:33,0,2024-07-20 15:36:33,,,
2020-06,贵州省,8.20,40.90,49.20,15.90,1417,2020-06-30 00:00:00,1,0,2024-07-20 15:36:33,0,2024-07-20 15:36:33,,,
2020-06,四川省,5.00,-3.90,47.90,5.40,1418,2020-06-30 00:00:00,1,0,2024-07-20 15:36:33,0,2024-07-20 15:36:33,,,
2020-06,重庆市,1.00,-2.20,5.10,2.10,1419,2020-06-30 00:00:00,1,0,2024-07-20 15:36:33,0,2024-07-20 15:36:33,,,
2020-06,海南省,0.60,39.40,2.50,10.80,1420,2020-06-30 00:00:00,1,0,2024-07-20 15:36:33,0,2024-07-20 15:36:33,,,
2020-06,广西区,7.60,69.60,41.90,45.00,1421,2020-06-30 00:00:00,1,0,2024-07-20 15:36:33,0,2024-07-20 15:36:33,,,
2020-06,广东省,7.50,55.60,42.80,19.40,1422,2020-06-30 00:00:00,1,0,2024-07-20 15:36:33,0,2024-07-20 15:36:33,,,
2020-06,湖南省,8.20,41.30,37.60,6.00,1423,2020-06-30 00:00:00,1,0,2024-07-20 15:36:33,0,2024-07-20 15:36:33,,,
2020-06,湖北省,5.60,-5.60,34.90,16.00,1424,2020-06-30 00:00:00,1,0,2024-07-20 15:36:33,0,2024-07-20 15:36:33,,,
2020-06,河南省,5.20,17.50,42.90,37.60,1425,2020-06-30 00:00:00,1,0,2024-07-20 15:36:33,0,2024-07-20 15:36:33,,,
2020-06,山东省,12.90,-17.40,108.20,7.40,1426,2020-06-30 00:00:00,1,0,2024-07-20 15:36:33,0,2024-07-20 15:36:33,,,
2020-06,江西省,5.20,74.70,20.90,28.80,1427,2020-06-30 00:00:00,1,0,2024-07-20 15:36:33,0,2024-07-20 15:36:33,,,
2020-06,福建省,8.50,66.60,43.00,14.70,1428,2020-06-30 00:00:00,1,0,2024-07-20 15:36:33,0,2024-07-20 15:36:33,,,
2020-06,安徽省,3.60,9.70,26.20,20.60,1429,2020-06-30 00:00:00,1,0,2024-07-20 15:36:33,0,2024-07-20 15:36:33,,,
2020-06,浙江省,2.00,7.60,15.00,11.40,1430,2020-06-30 00:00:00,1,0,2024-07-20 15:36:33,0,2024-07-20 15:36:33,,,
2020-06,江苏省,15.40,18.10,114.70,34.30,1431,2020-06-30 00:00:00,1,0,2024-07-20 15:36:33,0,2024-07-20 15:36:33,,,
2020-06,上海市,0.70,28.10,7.60,48.50,1432,2020-06-30 00:00:00,1,0,2024-07-20 15:36:33,0,2024-07-20 15:36:33,,,
2020-06,黑龙江省,7.60,13.70,59.70,-8.80,1433,2020-06-30 00:00:00,1,0,2024-07-20 15:36:33,0,2024-07-20 15:36:33,,,
2020-06,吉林省,6.70,8.60,50.20,-0.90,1434,2020-06-30 00:00:00,1,0,2024-07-20 15:36:33,0,2024-07-20 15:36:33,,,
2020-06,辽宁省,12.70,16.40,94.50,0.80,1435,2020-06-30 00:00:00,1,0,2024-07-20 15:36:33,0,2024-07-20 15:36:33,,,
2020-06,内蒙古区,49.60,6.90,337.70,-2.00,1436,2020-06-30 00:00:00,1,0,2024-07-20 15:36:33,0,2024-07-20 15:36:33,,,
2020-06,山西省,14.70,13.30,108.90,4.70,1437,2020-06-30 00:00:00,1,0,2024-07-20 15:36:33,0,2024-07-20 15:36:33,,,
2020-06,河北省,22.60,21.40,177.30,14.40,1438,2020-06-30 00:00:00,1,0,2024-07-20 15:36:33,0,2024-07-20 15:36:33,,,
2020-06,天津市,0.90,4.60,6.70,9.40,1439,2020-06-30 00:00:00,1,0,2024-07-20 15:36:33,0,2024-07-20 15:36:33,,,
2020-06,北京市,0.00,-56.80,0.00,18.40,1440,2020-06-30 00:00:00,1,0,2024-07-20 15:36:33,0,2024-07-20 15:36:33,,,
2020-05,全国,396.00,5.20,1786.00,5.00,1441,2020-05-31 00:00:00,1,0,2024-07-20 15:36:35,0,2024-07-20 15:36:35,,,
2020-05,新疆区,47.20,7.20,163.20,1.50,1442,2020-05-31 00:00:00,1,0,2024-07-20 15:36:35,0,2024-07-20 15:36:35,,,
2020-05,宁夏区,18.50,6.60,71.10,-2.50,1443,2020-05-31 00:00:00,1,0,2024-07-20 15:36:35,0,2024-07-20 15:36:35,,,
2020-05,青海省,6.30,46.60,24.30,38.80,1444,2020-05-31 00:00:00,1,0,2024-07-20 15:36:35,0,2024-07-20 15:36:35,,,
2020-05,甘肃省,27.40,7.70,105.10,3.80,1445,2020-05-31 00:00:00,1,0,2024-07-20 15:36:35,0,2024-07-20 15:36:35,,,
2020-05,陕西省,8.30,7.80,35.40,7.10,1446,2020-05-31 00:00:00,1,0,2024-07-20 15:36:35,0,2024-07-20 15:36:35,,,
2020-05,西藏区,0.00,0.00,0.00,0.00,1447,2020-05-31 00:00:00,1,0,2024-07-20 15:36:35,0,2024-07-20 15:36:35,,,
2020-05,云南省,23.20,3.80,130.80,-8.90,1448,2020-05-31 00:00:00,1,0,2024-07-20 15:36:35,0,2024-07-20 15:36:35,,,
2020-05,贵州省,7.40,41.90,40.50,11.40,1449,2020-05-31 00:00:00,1,0,2024-07-20 15:36:35,0,2024-07-20 15:36:35,,,
2020-05,四川省,5.90,9.20,42.90,6.60,1450,2020-05-31 00:00:00,1,0,2024-07-20 15:36:35,0,2024-07-20 15:36:35,,,
2020-05,重庆市,1.10,2.40,4.10,3.10,1451,2020-05-31 00:00:00,1,0,2024-07-20 15:36:35,0,2024-07-20 15:36:35,,,
2020-05,海南省,0.40,16.30,1.90,4.10,1452,2020-05-31 00:00:00,1,0,2024-07-20 15:36:35,0,2024-07-20 15:36:35,,,
2020-05,广西区,5.80,36.80,34.30,40.50,1453,2020-05-31 00:00:00,1,0,2024-07-20 15:36:35,0,2024-07-20 15:36:35,,,
2020-05,广东省,5.30,-7.20,35.40,13.80,1454,2020-05-31 00:00:00,1,0,2024-07-20 15:36:35,0,2024-07-20 15:36:35,,,
2020-05,湖南省,6.90,21.80,29.50,-0.70,1455,2020-05-31 00:00:00,1,0,2024-07-20 15:36:35,0,2024-07-20 15:36:35,,,
2020-05,湖北省,6.70,11.60,29.30,21.20,1456,2020-05-31 00:00:00,1,0,2024-07-20 15:36:35,0,2024-07-20 15:36:35,,,
2020-05,河南省,7.40,10.30,34.80,30.30,1457,2020-05-31 00:00:00,1,0,2024-07-20 15:36:35,0,2024-07-20 15:36:35,,,
2020-05,山东省,23.00,14.70,95.30,12.00,1458,2020-05-31 00:00:00,1,0,2024-07-20 15:36:35,0,2024-07-20 15:36:35,,,
2020-05,江西省,3.20,30.20,15.80,18.60,1459,2020-05-31 00:00:00,1,0,2024-07-20 15:36:35,0,2024-07-20 15:36:35,,,
2020-05,福建省,5.30,0.60,34.50,6.50,1460,2020-05-31 00:00:00,1,0,2024-07-20 15:36:35,0,2024-07-20 15:36:35,,,
2020-05,安徽省,4.20,20.60,22.60,22.60,1461,2020-05-31 00:00:00,1,0,2024-07-20 15:36:35,0,2024-07-20 15:36:35,,,
2020-05,浙江省,2.40,33.80,13.00,12.00,1462,2020-05-31 00:00:00,1,0,2024-07-20 15:36:35,0,2024-07-20 15:36:35,,,
2020-05,江苏省,22.40,46.50,99.30,37.20,1463,2020-05-31 00:00:00,1,0,2024-07-20 15:36:35,0,2024-07-20 15:36:35,,,
2020-05,上海市,1.20,44.30,6.90,51.00,1464,2020-05-31 00:00:00,1,0,2024-07-20 15:36:35,0,2024-07-20 15:36:35,,,
2020-05,黑龙江省,9.60,-21.10,52.10,-11.30,1465,2020-05-31 00:00:00,1,0,2024-07-20 15:36:35,0,2024-07-20 15:36:35,,,
2020-05,吉林省,8.90,-22.50,43.60,-2.20,1466,2020-05-31 00:00:00,1,0,2024-07-20 15:36:35,0,2024-07-20 15:36:35,,,
2020-05,辽宁省,17.70,-19.80,81.90,-1.30,1467,2020-05-31 00:00:00,1,0,2024-07-20 15:36:35,0,2024-07-20 15:36:35,,,
2020-05,内蒙古区,65.20,-8.60,288.10,-2.90,1468,2020-05-31 00:00:00,1,0,2024-07-20 15:36:35,0,2024-07-20 15:36:35,,,
2020-05,山西省,21.90,12.00,94.60,3.30,1469,2020-05-31 00:00:00,1,0,2024-07-20 15:36:35,0,2024-07-20 15:36:35,,,
2020-05,河北省,32.10,15.90,150.20,10.20,1470,2020-05-31 00:00:00,1,0,2024-07-20 15:36:35,0,2024-07-20 15:36:35,,,
2020-05,天津市,1.30,-8.10,5.80,10.20,1471,2020-05-31 00:00:00,1,0,2024-07-20 15:36:39,0,2024-07-20 15:36:39,,,
2020-05,北京市,0.00,-15.80,0.00,39.40,1472,2020-05-31 00:00:00,1,0,2024-07-20 15:36:39,0,2024-07-20 15:36:39,,,
2020-04,新疆区,36.50,-16.30,115.60,-1.30,1473,2020-04-30 00:00:00,1,0,2024-07-20 15:36:39,0,2024-07-20 15:36:39,,,
2020-04,宁夏区,11.50,-31.50,52.60,-5.30,1474,2020-04-30 00:00:00,1,0,2024-07-20 15:36:39,0,2024-07-20 15:36:39,,,
2020-04,青海省,5.00,21.30,18.00,36.20,1475,2020-04-30 00:00:00,1,0,2024-07-20 15:36:39,0,2024-07-20 15:36:39,,,
2020-04,甘肃省,25.30,8.80,77.70,2.40,1476,2020-04-30 00:00:00,1,0,2024-07-20 15:36:39,0,2024-07-20 15:36:39,,,
2020-04,陕西省,7.00,-7.60,27.10,6.90,1477,2020-04-30 00:00:00,1,0,2024-07-20 15:36:39,0,2024-07-20 15:36:39,,,
2020-04,西藏区,0.00,0.00,0.00,0.00,1478,2020-04-30 00:00:00,1,0,2024-07-20 15:36:39,0,2024-07-20 15:36:39,,,
2020-04,云南省,21.70,-18.50,107.60,-11.30,1479,2020-04-30 00:00:00,1,0,2024-07-20 15:36:39,0,2024-07-20 15:36:39,,,
2020-04,贵州省,6.50,-4.20,32.50,4.40,1480,2020-04-30 00:00:00,1,0,2024-07-20 15:36:39,0,2024-07-20 15:36:39,,,
2020-04,四川省,7.70,25.20,37.00,6.20,1481,2020-04-30 00:00:00,1,0,2024-07-20 15:36:39,0,2024-07-20 15:36:39,,,
2020-04,重庆市,1.00,-16.10,3.00,3.40,1482,2020-04-30 00:00:00,1,0,2024-07-20 15:36:39,0,2024-07-20 15:36:39,,,
2020-04,海南省,0.40,9.70,1.50,1.20,1483,2020-04-30 00:00:00,1,0,2024-07-20 15:36:39,0,2024-07-20 15:36:39,,,
2020-04,广西区,5.90,15.60,26.70,32.10,1484,2020-04-30 00:00:00,1,0,2024-07-20 15:36:39,0,2024-07-20 15:36:39,,,
2020-04,广东省,7.20,18.80,30.00,18.60,1485,2020-04-30 00:00:00,1,0,2024-07-20 15:36:39,0,2024-07-20 15:36:39,,,
2020-04,湖南省,6.30,1.90,22.50,-6.00,1486,2020-04-30 00:00:00,1,0,2024-07-20 15:36:39,0,2024-07-20 15:36:39,,,
2020-04,湖北省,7.00,11.90,22.60,24.80,1487,2020-04-30 00:00:00,1,0,2024-07-20 15:36:39,0,2024-07-20 15:36:39,,,
2020-04,河南省,7.30,15.00,27.40,37.10,1488,2020-04-30 00:00:00,1,0,2024-07-20 15:36:39,0,2024-07-20 15:36:39,,,
2020-04,山东省,22.50,17.40,72.10,10.90,1489,2020-04-30 00:00:00,1,0,2024-07-20 15:36:39,0,2024-07-20 15:36:39,,,
2020-04,江西省,3.00,12.80,12.50,16.00,1490,2020-04-30 00:00:00,1,0,2024-07-20 15:36:39,0,2024-07-20 15:36:39,,,
2020-04,福建省,7.20,39.80,29.30,7.60,1491,2020-04-30 00:00:00,1,0,2024-07-20 15:36:39,0,2024-07-20 15:36:39,,,
2020-04,安徽省,4.80,5.60,18.40,26.00,1492,2020-04-30 00:00:00,1,0,2024-07-20 15:36:39,0,2024-07-20 15:36:39,,,
2020-04,浙江省,2.50,21.90,10.50,8.00,1493,2020-04-30 00:00:00,1,0,2024-07-20 15:36:39,0,2024-07-20 15:36:39,,,
2020-04,江苏省,18.50,11.60,76.80,34.80,1494,2020-04-30 00:00:00,1,0,2024-07-20 15:36:39,0,2024-07-20 15:36:39,,,
2020-04,上海市,1.20,34.60,5.70,52.50,1495,2020-04-30 00:00:00,1,0,2024-07-20 15:36:39,0,2024-07-20 15:36:39,,,
2020-04,黑龙江省,10.80,0.60,42.50,-8.80,1496,2020-04-30 00:00:00,1,0,2024-07-20 15:36:39,0,2024-07-20 15:36:39,,,
2020-04,吉林省,10.50,8.50,34.70,4.90,1497,2020-04-30 00:00:00,1,0,2024-07-20 15:36:39,0,2024-07-20 15:36:39,,,
2020-04,辽宁省,16.60,-9.00,64.00,5.90,1498,2020-04-30 00:00:00,1,0,2024-07-20 15:36:39,0,2024-07-20 15:36:39,,,
2020-04,内蒙古区,57.50,-3.20,221.40,-1.80,1499,2020-04-30 00:00:00,1,0,2024-07-20 15:36:39,0,2024-07-20 15:36:39,,,
2020-04,山西省,20.70,20.30,72.70,0.90,1500,2020-04-30 00:00:00,1,0,2024-07-20 15:36:39,0,2024-07-20 15:36:39,,,
2020-04,河北省,30.10,17.40,115.90,6.80,1501,2020-04-30 00:00:00,1,0,2024-07-20 15:36:43,0,2024-07-20 15:36:43,,,
2020-04,天津市,1.50,22.60,4.50,16.70,1502,2020-04-30 00:00:00,1,0,2024-07-20 15:36:43,0,2024-07-20 15:36:43,,,
2020-04,北京市,0.00,-24.80,0.00,62.40,1503,2020-04-30 00:00:00,1,0,2024-07-20 15:36:43,0,2024-07-20 15:36:43,,,
2020-04,全国,364.00,1.20,1383.00,4.40,1504,2020-04-30 00:00:00,1,0,2024-07-20 15:36:43,0,2024-07-20 15:36:43,,,
2020-03,全国,432.00,18.10,1022.00,5.70,1505,2020-03-31 00:00:00,1,0,2024-07-20 15:36:43,0,2024-07-20 15:36:43,,,
2020-03,新疆区,40.60,30.10,79.10,7.80,1506,2020-03-31 00:00:00,1,0,2024-07-20 15:36:43,0,2024-07-20 15:36:43,,,
2020-03,宁夏区,18.20,30.00,41.10,5.60,1507,2020-03-31 00:00:00,1,0,2024-07-20 15:36:43,0,2024-07-20 15:36:43,,,
2020-03,青海省,5.10,58.10,12.30,36.30,1508,2020-03-31 00:00:00,1,0,2024-07-20 15:36:43,0,2024-07-20 15:36:43,,,
2020-03,甘肃省,22.40,7.00,52.30,-0.40,1509,2020-03-31 00:00:00,1,0,2024-07-20 15:36:43,0,2024-07-20 15:36:43,,,
2020-03,陕西省,9.20,41.80,20.10,13.10,1510,2020-03-31 00:00:00,1,0,2024-07-20 15:36:43,0,2024-07-20 15:36:43,,,
2020-03,西藏区,0.00,0.00,0.00,0.00,1511,2020-03-31 00:00:00,1,0,2024-07-20 15:36:43,0,2024-07-20 15:36:43,,,
2020-03,云南省,31.40,2.70,85.90,-9.30,1512,2020-03-31 00:00:00,1,0,2024-07-20 15:36:43,0,2024-07-20 15:36:43,,,
2020-03,贵州省,9.10,10.00,26.00,6.80,1513,2020-03-31 00:00:00,1,0,2024-07-20 15:36:43,0,2024-07-20 15:36:43,,,
2020-03,四川省,9.60,19.70,29.30,2.10,1514,2020-03-31 00:00:00,1,0,2024-07-20 15:36:43,0,2024-07-20 15:36:43,,,
2020-03,重庆市,1.00,9.40,2.00,16.20,1515,2020-03-31 00:00:00,1,0,2024-07-20 15:36:43,0,2024-07-20 15:36:43,,,
2020-03,海南省,0.30,-1.20,1.10,-1.80,1516,2020-03-31 00:00:00,1,0,2024-07-20 15:36:43,0,2024-07-20 15:36:43,,,
2020-03,广西区,7.90,42.90,20.70,37.70,1517,2020-03-31 00:00:00,1,0,2024-07-20 15:36:43,0,2024-07-20 15:36:43,,,
2020-03,广东省,8.50,22.10,22.80,19.70,1518,2020-03-31 00:00:00,1,0,2024-07-20 15:36:43,0,2024-07-20 15:36:43,,,
2020-03,湖南省,6.30,-35.00,19.50,-6.60,1519,2020-03-31 00:00:00,1,0,2024-07-20 15:36:43,0,2024-07-20 15:36:43,,,
2020-03,湖北省,6.40,21.40,15.60,31.40,1520,2020-03-31 00:00:00,1,0,2024-07-20 15:36:43,0,2024-07-20 15:36:43,,,
2020-03,河南省,7.90,41.10,21.00,54.90,1521,2020-03-31 00:00:00,1,0,2024-07-20 15:36:43,0,2024-07-20 15:36:43,,,
2020-03,山东省,24.00,16.90,48.80,6.40,1522,2020-03-31 00:00:00,1,0,2024-07-20 15:36:43,0,2024-07-20 15:36:43,,,
2020-03,江西省,3.60,21.70,9.50,19.80,1523,2020-03-31 00:00:00,1,0,2024-07-20 15:36:43,0,2024-07-20 15:36:43,,,
2020-03,福建省,7.50,9.10,22.00,1.10,1524,2020-03-31 00:00:00,1,0,2024-07-20 15:36:43,0,2024-07-20 15:36:43,,,
2020-03,安徽省,5.50,25.70,13.60,35.00,1525,2020-03-31 00:00:00,1,0,2024-07-20 15:36:43,0,2024-07-20 15:36:43,,,
2020-03,浙江省,2.80,-8.00,8.10,4.40,1526,2020-03-31 00:00:00,1,0,2024-07-20 15:36:43,0,2024-07-20 15:36:43,,,
2020-03,江苏省,23.00,40.40,58.20,44.90,1527,2020-03-31 00:00:00,1,0,2024-07-20 15:36:43,0,2024-07-20 15:36:43,,,
2020-03,上海市,1.50,78.60,4.30,59.70,1528,2020-03-31 00:00:00,1,0,2024-07-20 15:36:43,0,2024-07-20 15:36:43,,,
2020-03,黑龙江省,10.80,-1.70,31.70,-11.60,1529,2020-03-31 00:00:00,1,0,2024-07-20 15:36:43,0,2024-07-20 15:36:43,,,
2020-03,吉林省,10.80,15.60,24.20,3.40,1530,2020-03-31 00:00:00,1,0,2024-07-20 15:36:43,0,2024-07-20 15:36:43,,,
2020-03,辽宁省,21.40,24.60,47.20,11.60,1531,2020-03-31 00:00:00,1,0,2024-07-20 15:36:47,0,2024-07-20 15:36:47,,,
2020-03,内蒙古区,72.60,24.60,165.40,-0.40,1532,2020-03-31 00:00:00,1,0,2024-07-20 15:36:47,0,2024-07-20 15:36:47,,,
2020-03,山西省,26.30,7.60,52.20,-5.20,1533,2020-03-31 00:00:00,1,0,2024-07-20 15:36:47,0,2024-07-20 15:36:47,,,
2020-03,河北省,37.00,14.40,85.20,2.80,1534,2020-03-31 00:00:00,1,0,2024-07-20 15:36:47,0,2024-07-20 15:36:47,,,
2020-03,天津市,1.50,15.90,3.00,13.90,1535,2020-03-31 00:00:00,1,0,2024-07-20 15:36:47,0,2024-07-20 15:36:47,,,
2020-03,北京市,0.00,168.80,0.00,159.60,1536,2020-03-31 00:00:00,1,0,2024-07-20 15:36:47,0,2024-07-20 15:36:47,,,
2020-02,全国,,,594.00,-0.20,1537,2020-02-29 00:00:00,1,0,2024-07-20 15:36:47,0,2024-07-20 15:36:47,,,
2020-02,新疆区,,,38.50,-8.00,1538,2020-02-29 00:00:00,1,0,2024-07-20 15:36:47,0,2024-07-20 15:36:47,,,
2020-02,宁夏区,,,22.50,-8.60,1539,2020-02-29 00:00:00,1,0,2024-07-20 15:36:47,0,2024-07-20 15:36:47,,,
2020-02,青海省,,,7.20,24.30,1540,2020-02-29 00:00:00,1,0,2024-07-20 15:36:47,0,2024-07-20 15:36:47,,,
2020-02,甘肃省,,,30.00,-5.20,1541,2020-02-29 00:00:00,1,0,2024-07-20 15:36:47,0,2024-07-20 15:36:47,,,
2020-02,陕西省,,,10.80,-2.90,1542,2020-02-29 00:00:00,1,0,2024-07-20 15:36:47,0,2024-07-20 15:36:47,,,
2020-02,西藏区,,,0.00,0.00,1543,2020-02-29 00:00:00,1,0,2024-07-20 15:36:47,0,2024-07-20 15:36:47,,,
2020-02,云南省,,,54.50,-15.00,1544,2020-02-29 00:00:00,1,0,2024-07-20 15:36:47,0,2024-07-20 15:36:47,,,
2020-02,贵州省,,,16.60,3.70,1545,2020-02-29 00:00:00,1,0,2024-07-20 15:36:47,0,2024-07-20 15:36:47,,,
2020-02,四川省,,,19.70,3.40,1546,2020-02-29 00:00:00,1,0,2024-07-20 15:36:47,0,2024-07-20 15:36:47,,,
2020-02,重庆市,,,1.00,23.70,1547,2020-02-29 00:00:00,1,0,2024-07-20 15:36:47,0,2024-07-20 15:36:47,,,
2020-02,海南省,,,0.70,-2.10,1548,2020-02-29 00:00:00,1,0,2024-07-20 15:36:47,0,2024-07-20 15:36:47,,,
2020-02,广西区,,,12.70,36.80,1549,2020-02-29 00:00:00,1,0,2024-07-20 15:36:47,0,2024-07-20 15:36:47,,,
2020-02,广东省,,,15.90,31.20,1550,2020-02-29 00:00:00,1,0,2024-07-20 15:36:47,0,2024-07-20 15:36:47,,,
2020-02,湖南省,,,13.10,28.10,1551,2020-02-29 00:00:00,1,0,2024-07-20 15:36:47,0,2024-07-20 15:36:47,,,
2020-02,湖北省,,,8.90,37.90,1552,2020-02-29 00:00:00,1,0,2024-07-20 15:36:47,0,2024-07-20 15:36:47,,,
2020-02,河南省,,,13.00,72.40,1553,2020-02-29 00:00:00,1,0,2024-07-20 15:36:47,0,2024-07-20 15:36:47,,,
2020-02,山东省,,,24.90,-0.40,1554,2020-02-29 00:00:00,1,0,2024-07-20 15:36:47,0,2024-07-20 15:36:47,,,
2020-02,江西省,,,5.90,24.80,1555,2020-02-29 00:00:00,1,0,2024-07-20 15:36:47,0,2024-07-20 15:36:47,,,
2020-02,福建省,,,15.60,5.00,1556,2020-02-29 00:00:00,1,0,2024-07-20 15:36:47,0,2024-07-20 15:36:47,,,
2020-02,安徽省,,,7.90,42.80,1557,2020-02-29 00:00:00,1,0,2024-07-20 15:36:47,0,2024-07-20 15:36:47,,,
2020-02,浙江省,,,5.20,12.00,1558,2020-02-29 00:00:00,1,0,2024-07-20 15:36:47,0,2024-07-20 15:36:47,,,
2020-02,江苏省,,,35.30,48.00,1559,2020-02-29 00:00:00,1,0,2024-07-20 15:36:47,0,2024-07-20 15:36:47,,,
2020-02,上海市,,,2.80,51.20,1560,2020-02-29 00:00:00,1,0,2024-07-20 15:36:47,0,2024-07-20 15:36:47,,,
2020-02,黑龙江省,,,20.90,-16.00,1561,2020-02-29 00:00:00,1,0,2024-07-20 15:36:49,0,2024-07-20 15:36:49,,,
2020-02,吉林省,,,13.40,-4.60,1562,2020-02-29 00:00:00,1,0,2024-07-20 15:36:49,0,2024-07-20 15:36:49,,,
2020-02,辽宁省,,,25.90,3.20,1563,2020-02-29 00:00:00,1,0,2024-07-20 15:36:49,0,2024-07-20 15:36:49,,,
2020-02,内蒙古区,,,94.10,-12.50,1564,2020-02-29 00:00:00,1,0,2024-07-20 15:36:49,0,2024-07-20 15:36:49,,,
2020-02,山西省,,,25.80,-15.40,1565,2020-02-29 00:00:00,1,0,2024-07-20 15:36:49,0,2024-07-20 15:36:49,,,
2020-02,河北省,,,49.10,-1.50,1566,2020-02-29 00:00:00,1,0,2024-07-20 15:36:49,0,2024-07-20 15:36:49,,,
2020-02,天津市,,,1.40,40.00,1567,2020-02-29 00:00:00,1,0,2024-07-20 15:36:49,0,2024-07-20 15:36:49,,,
2020-02,北京市,,,0.00,155.70,1568,2020-02-29 00:00:00,1,0,2024-07-20 15:36:49,0,2024-07-20 15:36:49,,,
2019-12,新疆区,24.20,-6.60,391.40,14.10,1569,2019-12-31 00:00:00,1,0,2024-07-20 15:36:49,0,2024-07-20 15:36:49,,,
2019-12,宁夏区,18.60,19.60,173.00,-1.60,1570,2019-12-31 00:00:00,1,0,2024-07-20 15:36:49,0,2024-07-20 15:36:49,,,
2019-12,青海省,3.50,2.10,51.60,79.60,1571,2019-12-31 00:00:00,1,0,2024-07-20 15:36:49,0,2024-07-20 15:36:49,,,
2019-12,甘肃省,16.70,-11.40,226.90,3.30,1572,2019-12-31 00:00:00,1,0,2024-07-20 15:36:49,0,2024-07-20 15:36:49,,,
2019-12,陕西省,7.60,46.70,70.50,10.10,1573,2019-12-31 00:00:00,1,0,2024-07-20 15:36:49,0,2024-07-20 15:36:49,,,
2019-12,西藏区,0.00,0.00,0.00,0.00,1574,2019-12-31 00:00:00,1,0,2024-07-20 15:36:49,0,2024-07-20 15:36:49,,,
2019-12,云南省,23.80,-19.30,245.30,11.70,1575,2019-12-31 00:00:00,1,0,2024-07-20 15:36:49,0,2024-07-20 15:36:49,,,
2019-12,贵州省,7.10,22.00,75.50,13.20,1576,2019-12-31 00:00:00,1,0,2024-07-20 15:36:49,0,2024-07-20 15:36:49,,,
2019-12,四川省,8.70,2.70,73.20,36.20,1577,2019-12-31 00:00:00,1,0,2024-07-20 15:36:49,0,2024-07-20 15:36:49,,,
2019-12,重庆市,0.40,8.80,8.10,12.40,1578,2019-12-31 00:00:00,1,0,2024-07-20 15:36:49,0,2024-07-20 15:36:49,,,
2019-12,海南省,0.40,-19.60,4.00,-8.00,1579,2019-12-31 00:00:00,1,0,2024-07-20 15:36:49,0,2024-07-20 15:36:49,,,
2019-12,广西区,7.20,50.40,55.90,40.10,1580,2019-12-31 00:00:00,1,0,2024-07-20 15:36:49,0,2024-07-20 15:36:49,,,
2019-12,广东省,7.30,-7.20,68.90,13.30,1581,2019-12-31 00:00:00,1,0,2024-07-20 15:36:49,0,2024-07-20 15:36:49,,,
2019-12,湖南省,6.50,29.60,64.60,17.00,1582,2019-12-31 00:00:00,1,0,2024-07-20 15:36:49,0,2024-07-20 15:36:49,,,
2019-12,湖北省,5.10,11.40,59.00,8.10,1583,2019-12-31 00:00:00,1,0,2024-07-20 15:36:49,0,2024-07-20 15:36:49,,,
2019-12,河南省,5.50,12.10,49.60,3.60,1584,2019-12-31 00:00:00,1,0,2024-07-20 15:36:49,0,2024-07-20 15:36:49,,,
2019-12,山东省,16.20,15.80,162.40,-4.30,1585,2019-12-31 00:00:00,1,0,2024-07-20 15:36:49,0,2024-07-20 15:36:49,,,
2019-12,江西省,3.30,19.50,32.40,12.30,1586,2019-12-31 00:00:00,1,0,2024-07-20 15:36:49,0,2024-07-20 15:36:49,,,
2019-12,福建省,8.60,-0.10,78.70,13.90,1587,2019-12-31 00:00:00,1,0,2024-07-20 15:36:49,0,2024-07-20 15:36:49,,,
2019-12,安徽省,4.30,-2.20,42.40,-9.50,1588,2019-12-31 00:00:00,1,0,2024-07-20 15:36:49,0,2024-07-20 15:36:49,,,
2019-12,浙江省,3.60,19.70,28.30,4.30,1589,2019-12-31 00:00:00,1,0,2024-07-20 15:36:49,0,2024-07-20 15:36:49,,,
2019-12,江苏省,17.40,-11.70,158.60,-1.20,1590,2019-12-31 00:00:00,1,0,2024-07-20 15:36:49,0,2024-07-20 15:36:49,,,
2019-12,上海市,1.00,-10.80,8.90,-16.10,1591,2019-12-31 00:00:00,1,0,2024-07-20 15:36:53,0,2024-07-20 15:36:53,,,
2019-12,黑龙江省,11.50,-21.90,117.40,7.60,1592,2019-12-31 00:00:00,1,0,2024-07-20 15:36:53,0,2024-07-20 15:36:53,,,
2019-12,吉林省,8.50,-9.40,91.40,11.60,1593,2019-12-31 00:00:00,1,0,2024-07-20 15:36:53,0,2024-07-20 15:36:53,,,
2019-12,辽宁省,12.90,-8.10,153.10,5.30,1594,2019-12-31 00:00:00,1,0,2024-07-20 15:36:53,0,2024-07-20 15:36:53,,,
2019-12,内蒙古区,67.90,-0.50,612.80,4.10,1595,2019-12-31 00:00:00,1,0,2024-07-20 15:36:53,0,2024-07-20 15:36:53,,,
2019-12,山西省,25.30,7.10,188.10,-2.70,1596,2019-12-31 00:00:00,1,0,2024-07-20 15:36:53,0,2024-07-20 15:36:53,,,
2019-12,河北省,35.10,13.10,277.30,5.50,1597,2019-12-31 00:00:00,1,0,2024-07-20 15:36:53,0,2024-07-20 15:36:53,,,
2019-12,天津市,0.60,28.90,8.40,40.00,1598,2019-12-31 00:00:00,1,0,2024-07-20 15:36:53,0,2024-07-20 15:36:53,,,
2019-12,北京市,0.00,-99.60,0.00,-98.90,1599,2019-12-31 00:00:00,1,0,2024-07-20 15:36:53,0,2024-07-20 15:36:53,,,
2019-12,全国,359.00,0.70,3577.00,7.00,1600,2019-12-31 00:00:00,1,0,2024-07-20 15:36:53,0,2024-07-20 15:36:53,,,
2019-11,全国,334.00,20.70,3204.00,7.40,1601,2019-11-30 00:00:00,1,0,2024-07-20 15:36:53,0,2024-07-20 15:36:53,,,
2019-11,新疆区,30.40,15.50,367.20,15.70,1602,2019-11-30 00:00:00,1,0,2024-07-20 15:36:53,0,2024-07-20 15:36:53,,,
2019-11,宁夏区,16.60,24.10,154.40,-3.60,1603,2019-11-30 00:00:00,1,0,2024-07-20 15:36:53,0,2024-07-20 15:36:53,,,
2019-11,青海省,5.20,91.30,48.10,90.30,1604,2019-11-30 00:00:00,1,0,2024-07-20 15:36:53,0,2024-07-20 15:36:53,,,
2019-11,甘肃省,17.20,17.00,210.20,4.70,1605,2019-11-30 00:00:00,1,0,2024-07-20 15:36:53,0,2024-07-20 15:36:53,,,
2019-11,陕西省,7.60,56.70,62.90,6.90,1606,2019-11-30 00:00:00,1,0,2024-07-20 15:36:53,0,2024-07-20 15:36:53,,,
2019-11,西藏区,0.00,0.00,0.00,0.00,1607,2019-11-30 00:00:00,1,0,2024-07-20 15:36:53,0,2024-07-20 15:36:53,,,
2019-11,云南省,19.40,-14.30,222.00,16.50,1608,2019-11-30 00:00:00,1,0,2024-07-20 15:36:53,0,2024-07-20 15:36:53,,,
2019-11,贵州省,6.80,20.50,67.00,11.80,1609,2019-11-30 00:00:00,1,0,2024-07-20 15:36:53,0,2024-07-20 15:36:53,,,
2019-11,四川省,6.10,-0.40,64.60,42.50,1610,2019-11-30 00:00:00,1,0,2024-07-20 15:36:53,0,2024-07-20 15:36:53,,,
2019-11,重庆市,0.60,0.90,7.70,12.60,1611,2019-11-30 00:00:00,1,0,2024-07-20 15:36:53,0,2024-07-20 15:36:53,,,
2019-11,海南省,0.40,16.50,3.60,-6.60,1612,2019-11-30 00:00:00,1,0,2024-07-20 15:36:53,0,2024-07-20 15:36:53,,,
2019-11,广西区,4.90,43.50,46.30,29.90,1613,2019-11-30 00:00:00,1,0,2024-07-20 15:36:53,0,2024-07-20 15:36:53,,,
2019-11,广东省,6.50,14.50,60.30,13.90,1614,2019-11-30 00:00:00,1,0,2024-07-20 15:36:53,0,2024-07-20 15:36:53,,,
2019-11,湖南省,6.00,26.60,57.60,14.80,1615,2019-11-30 00:00:00,1,0,2024-07-20 15:36:53,0,2024-07-20 15:36:53,,,
2019-11,湖北省,5.20,12.00,53.90,8.10,1616,2019-11-30 00:00:00,1,0,2024-07-20 15:36:53,0,2024-07-20 15:36:53,,,
2019-11,河南省,4.50,12.80,44.10,8.70,1617,2019-11-30 00:00:00,1,0,2024-07-20 15:36:53,0,2024-07-20 15:36:53,,,
2019-11,山东省,15.90,60.70,146.70,-4.80,1618,2019-11-30 00:00:00,1,0,2024-07-20 15:36:53,0,2024-07-20 15:36:53,,,
2019-11,江西省,2.70,37.60,29.10,11.60,1619,2019-11-30 00:00:00,1,0,2024-07-20 15:36:53,0,2024-07-20 15:36:53,,,
2019-11,福建省,9.80,36.80,70.40,16.50,1620,2019-11-30 00:00:00,1,0,2024-07-20 15:36:53,0,2024-07-20 15:36:53,,,
2019-11,安徽省,3.90,5.00,38.10,-10.30,1621,2019-11-30 00:00:00,1,0,2024-07-20 15:36:56,0,2024-07-20 15:36:56,,,
2019-11,浙江省,2.60,15.90,24.60,2.40,1622,2019-11-30 00:00:00,1,0,2024-07-20 15:36:56,0,2024-07-20 15:36:56,,,
2019-11,江苏省,15.60,47.60,139.90,-0.50,1623,2019-11-30 00:00:00,1,0,2024-07-20 15:36:56,0,2024-07-20 15:36:56,,,
2019-11,上海市,0.90,63.70,7.90,-16.70,1624,2019-11-30 00:00:00,1,0,2024-07-20 15:36:56,0,2024-07-20 15:36:56,,,
2019-11,黑龙江省,14.50,39.90,105.90,12.20,1625,2019-11-30 00:00:00,1,0,2024-07-20 15:36:56,0,2024-07-20 15:36:56,,,
2019-11,吉林省,8.60,15.40,81.40,12.30,1626,2019-11-30 00:00:00,1,0,2024-07-20 15:36:56,0,2024-07-20 15:36:56,,,
2019-11,辽宁省,14.00,49.20,140.30,6.90,1627,2019-11-30 00:00:00,1,0,2024-07-20 15:36:56,0,2024-07-20 15:36:56,,,
2019-11,内蒙古区,62.40,11.30,544.90,4.70,1628,2019-11-30 00:00:00,1,0,2024-07-20 15:36:56,0,2024-07-20 15:36:56,,,
2019-11,山西省,20.20,21.60,162.70,-4.10,1629,2019-11-30 00:00:00,1,0,2024-07-20 15:36:56,0,2024-07-20 15:36:56,,,
2019-11,河北省,25.40,21.20,234.40,1.20,1630,2019-11-30 00:00:00,1,0,2024-07-20 15:36:56,0,2024-07-20 15:36:56,,,
2019-11,天津市,0.60,112.10,7.80,41.00,1631,2019-11-30 00:00:00,1,0,2024-07-20 15:36:56,0,2024-07-20 15:36:56,,,
2019-11,北京市,0.00,-97.80,0.00,-98.70,1632,2019-11-30 00:00:00,1,0,2024-07-20 15:36:56,0,2024-07-20 15:36:56,,,
2019-10,全国,286.00,10.00,2857.00,5.70,1633,2019-10-31 00:00:00,1,0,2024-07-20 15:36:56,0,2024-07-20 15:36:56,,,
2019-10,新疆区,33.10,21.40,327.30,13.20,1634,2019-10-31 00:00:00,1,0,2024-07-20 15:36:56,0,2024-07-20 15:36:56,,,
2019-10,宁夏区,14.50,16.00,137.80,-6.20,1635,2019-10-31 00:00:00,1,0,2024-07-20 15:36:56,0,2024-07-20 15:36:56,,,
2019-10,青海省,4.00,156.80,42.90,90.10,1636,2019-10-31 00:00:00,1,0,2024-07-20 15:36:56,0,2024-07-20 15:36:56,,,
2019-10,甘肃省,19.90,2.10,193.10,3.70,1637,2019-10-31 00:00:00,1,0,2024-07-20 15:36:56,0,2024-07-20 15:36:56,,,
2019-10,陕西省,5.80,9.20,55.30,2.40,1638,2019-10-31 00:00:00,1,0,2024-07-20 15:36:56,0,2024-07-20 15:36:56,,,
2019-10,西藏区,0.00,0.00,0.00,0.00,1639,2019-10-31 00:00:00,1,0,2024-07-20 15:36:56,0,2024-07-20 15:36:56,,,
2019-10,云南省,13.90,-3.80,202.70,20.60,1640,2019-10-31 00:00:00,1,0,2024-07-20 15:36:56,0,2024-07-20 15:36:56,,,
2019-10,贵州省,5.90,38.70,60.20,10.90,1641,2019-10-31 00:00:00,1,0,2024-07-20 15:36:56,0,2024-07-20 15:36:56,,,
2019-10,四川省,4.60,12.80,57.60,46.90,1642,2019-10-31 00:00:00,1,0,2024-07-20 15:36:56,0,2024-07-20 15:36:56,,,
2019-10,重庆市,0.90,63.60,7.10,13.80,1643,2019-10-31 00:00:00,1,0,2024-07-20 15:36:56,0,2024-07-20 15:36:56,,,
2019-10,海南省,0.30,8.90,3.20,-8.70,1644,2019-10-31 00:00:00,1,0,2024-07-20 15:36:56,0,2024-07-20 15:36:56,,,
2019-10,广西区,3.80,-5.30,40.20,24.50,1645,2019-10-31 00:00:00,1,0,2024-07-20 15:36:56,0,2024-07-20 15:36:56,,,
2019-10,广东省,5.20,8.30,53.70,14.70,1646,2019-10-31 00:00:00,1,0,2024-07-20 15:36:56,0,2024-07-20 15:36:56,,,
2019-10,湖南省,4.80,7.90,51.70,15.10,1647,2019-10-31 00:00:00,1,0,2024-07-20 15:36:56,0,2024-07-20 15:36:56,,,
2019-10,湖北省,5.50,66.20,50.00,13.20,1648,2019-10-31 00:00:00,1,0,2024-07-20 15:36:56,0,2024-07-20 15:36:56,,,
2019-10,河南省,4.10,19.40,39.70,8.20,1649,2019-10-31 00:00:00,1,0,2024-07-20 15:36:56,0,2024-07-20 15:36:56,,,
2019-10,山东省,12.40,9.50,130.80,-9.40,1650,2019-10-31 00:00:00,1,0,2024-07-20 15:36:56,0,2024-07-20 15:36:56,,,
2019-10,江西省,2.30,-22.30,25.90,7.40,1651,2019-10-31 00:00:00,1,0,2024-07-20 15:37:00,0,2024-07-20 15:37:00,,,
2019-10,福建省,7.00,-0.10,60.60,13.70,1652,2019-10-31 00:00:00,1,0,2024-07-20 15:37:00,0,2024-07-20 15:37:00,,,
2019-10,安徽省,3.10,-14.20,34.20,-11.70,1653,2019-10-31 00:00:00,1,0,2024-07-20 15:37:00,0,2024-07-20 15:37:00,,,
2019-10,浙江省,2.00,-7.40,22.10,1.00,1654,2019-10-31 00:00:00,1,0,2024-07-20 15:37:00,0,2024-07-20 15:37:00,,,
2019-10,江苏省,10.60,-0.90,124.40,-4.40,1655,2019-10-31 00:00:00,1,0,2024-07-20 15:37:00,0,2024-07-20 15:37:00,,,
2019-10,上海市,0.60,-13.10,6.90,-21.90,1656,2019-10-31 00:00:00,1,0,2024-07-20 15:37:00,0,2024-07-20 15:37:00,,,
2019-10,黑龙江省,11.70,19.70,91.40,8.80,1657,2019-10-31 00:00:00,1,0,2024-07-20 15:37:00,0,2024-07-20 15:37:00,,,
2019-10,吉林省,9.70,50.10,72.80,12.80,1658,2019-10-31 00:00:00,1,0,2024-07-20 15:37:00,0,2024-07-20 15:37:00,,,
2019-10,辽宁省,14.20,34.20,126.20,3.60,1659,2019-10-31 00:00:00,1,0,2024-07-20 15:37:00,0,2024-07-20 15:37:00,,,
2019-10,内蒙古区,51.60,4.70,480.40,3.40,1660,2019-10-31 00:00:00,1,0,2024-07-20 15:37:00,0,2024-07-20 15:37:00,,,
2019-10,山西省,13.20,-23.10,142.60,-6.90,1661,2019-10-31 00:00:00,1,0,2024-07-20 15:37:00,0,2024-07-20 15:37:00,,,
2019-10,河北省,20.90,16.60,209.00,-0.80,1662,2019-10-31 00:00:00,1,0,2024-07-20 15:37:00,0,2024-07-20 15:37:00,,,
2019-10,天津市,0.70,61.50,7.20,37.30,1663,2019-10-31 00:00:00,1,0,2024-07-20 15:37:00,0,2024-07-20 15:37:00,,,
2019-10,北京市,0.00,-99.20,0.00,-98.80,1664,2019-10-31 00:00:00,1,0,2024-07-20 15:37:00,0,2024-07-20 15:37:00,,,
2019-09,新疆区,31.30,3.60,294.20,12.30,1665,2019-09-30 00:00:00,1,0,2024-07-20 15:37:00,0,2024-07-20 15:37:00,,,
2019-09,宁夏区,15.80,26.00,123.30,-8.20,1666,2019-09-30 00:00:00,1,0,2024-07-20 15:37:00,0,2024-07-20 15:37:00,,,
2019-09,青海省,3.40,48.90,38.90,85.20,1667,2019-09-30 00:00:00,1,0,2024-07-20 15:37:00,0,2024-07-20 15:37:00,,,
2019-09,甘肃省,15.00,-10.60,173.20,3.90,1668,2019-09-30 00:00:00,1,0,2024-07-20 15:37:00,0,2024-07-20 15:37:00,,,
2019-09,陕西省,5.70,7.20,49.50,1.70,1669,2019-09-30 00:00:00,1,0,2024-07-20 15:37:00,0,2024-07-20 15:37:00,,,
2019-09,西藏区,0.00,0.00,0.00,0.00,1670,2019-09-30 00:00:00,1,0,2024-07-20 15:37:00,0,2024-07-20 15:37:00,,,
2019-09,云南省,9.00,12.20,188.70,22.90,1671,2019-09-30 00:00:00,1,0,2024-07-20 15:37:00,0,2024-07-20 15:37:00,,,
2019-09,贵州省,5.00,10.10,54.30,8.50,1672,2019-09-30 00:00:00,1,0,2024-07-20 15:37:00,0,2024-07-20 15:37:00,,,
2019-09,四川省,3.10,23.00,53.10,50.90,1673,2019-09-30 00:00:00,1,0,2024-07-20 15:37:00,0,2024-07-20 15:37:00,,,
2019-09,重庆市,0.90,4.30,6.20,9.00,1674,2019-09-30 00:00:00,1,0,2024-07-20 15:37:00,0,2024-07-20 15:37:00,,,
2019-09,海南省,0.30,17.80,2.90,-10.40,1675,2019-09-30 00:00:00,1,0,2024-07-20 15:37:00,0,2024-07-20 15:37:00,,,
2019-09,广西区,3.30,7.70,34.20,22.00,1676,2019-09-30 00:00:00,1,0,2024-07-20 15:37:00,0,2024-07-20 15:37:00,,,
2019-09,广东省,4.20,32.10,48.50,15.40,1677,2019-09-30 00:00:00,1,0,2024-07-20 15:37:00,0,2024-07-20 15:37:00,,,
2019-09,湖南省,5.50,34.50,47.50,17.20,1678,2019-09-30 00:00:00,1,0,2024-07-20 15:37:00,0,2024-07-20 15:37:00,,,
2019-09,湖北省,5.20,24.10,44.50,9.00,1679,2019-09-30 00:00:00,1,0,2024-07-20 15:37:00,0,2024-07-20 15:37:00,,,
2019-09,河南省,3.30,6.70,35.80,7.60,1680,2019-09-30 00:00:00,1,0,2024-07-20 15:37:00,0,2024-07-20 15:37:00,,,
2019-09,山东省,8.30,4.00,118.40,-11.10,1681,2019-09-30 00:00:00,1,0,2024-07-20 15:37:03,0,2024-07-20 15:37:03,,,
2019-09,江西省,2.60,2.30,23.60,12.40,1682,2019-09-30 00:00:00,1,0,2024-07-20 15:37:03,0,2024-07-20 15:37:03,,,
2019-09,福建省,6.30,13.50,53.60,15.80,1683,2019-09-30 00:00:00,1,0,2024-07-20 15:37:03,0,2024-07-20 15:37:03,,,
2019-09,安徽省,3.10,-12.00,30.70,-12.70,1684,2019-09-30 00:00:00,1,0,2024-07-20 15:37:03,0,2024-07-20 15:37:03,,,
2019-09,浙江省,2.70,28.10,20.00,1.90,1685,2019-09-30 00:00:00,1,0,2024-07-20 15:37:03,0,2024-07-20 15:37:03,,,
2019-09,江苏省,11.30,43.90,112.90,-5.50,1686,2019-09-30 00:00:00,1,0,2024-07-20 15:37:03,0,2024-07-20 15:37:03,,,
2019-09,上海市,0.80,123.60,6.30,-22.60,1687,2019-09-30 00:00:00,1,0,2024-07-20 15:37:03,0,2024-07-20 15:37:03,,,
2019-09,黑龙江省,8.00,-5.20,79.80,7.80,1688,2019-09-30 00:00:00,1,0,2024-07-20 15:37:03,0,2024-07-20 15:37:03,,,
2019-09,吉林省,5.70,-18.40,63.20,7.40,1689,2019-09-30 00:00:00,1,0,2024-07-20 15:37:03,0,2024-07-20 15:37:03,,,
2019-09,辽宁省,8.40,-9.20,112.00,0.70,1690,2019-09-30 00:00:00,1,0,2024-07-20 15:37:03,0,2024-07-20 15:37:03,,,
2019-09,内蒙古区,35.80,-30.80,428.80,3.30,1691,2019-09-30 00:00:00,1,0,2024-07-20 15:37:03,0,2024-07-20 15:37:03,,,
2019-09,山西省,9.20,-38.70,127.80,-6.00,1692,2019-09-30 00:00:00,1,0,2024-07-20 15:37:03,0,2024-07-20 15:37:03,,,
2019-09,河北省,11.30,-46.80,188.00,-2.40,1693,2019-09-30 00:00:00,1,0,2024-07-20 15:37:03,0,2024-07-20 15:37:03,,,
2019-09,天津市,0.40,7.90,6.50,35.10,1694,2019-09-30 00:00:00,1,0,2024-07-20 15:37:03,0,2024-07-20 15:37:03,,,
2019-09,北京市,0.00,-98.50,0.00,-98.80,1695,2019-09-30 00:00:00,1,0,2024-07-20 15:37:03,0,2024-07-20 15:37:03,,,
2019-09,全国,224.70,-7.90,2566.40,5.10,1696,2019-09-30 00:00:00,1,0,2024-07-20 15:37:03,0,2024-07-20 15:37:03,,,
2019-08,全国,222.00,13.70,2335.00,6.30,1697,2019-08-31 00:00:00,1,0,2024-07-20 15:37:03,0,2024-07-20 15:37:03,,,
2019-08,新疆区,35.20,12.20,262.90,13.40,1698,2019-08-31 00:00:00,1,0,2024-07-20 15:37:03,0,2024-07-20 15:37:03,,,
2019-08,宁夏区,11.60,2.30,107.50,-11.70,1699,2019-08-31 00:00:00,1,0,2024-07-20 15:37:03,0,2024-07-20 15:37:03,,,
2019-08,青海省,4.50,104.60,35.50,89.70,1700,2019-08-31 00:00:00,1,0,2024-07-20 15:37:03,0,2024-07-20 15:37:03,,,
2019-08,甘肃省,22.30,5.70,158.20,5.50,1701,2019-08-31 00:00:00,1,0,2024-07-20 15:37:03,0,2024-07-20 15:37:03,,,
2019-08,陕西省,4.60,20.80,43.70,2.60,1702,2019-08-31 00:00:00,1,0,2024-07-20 15:37:03,0,2024-07-20 15:37:03,,,
2019-08,西藏区,0.00,0.00,0.00,0.00,1703,2019-08-31 00:00:00,1,0,2024-07-20 15:37:03,0,2024-07-20 15:37:03,,,
2019-08,云南省,6.60,-2.80,179.80,22.90,1704,2019-08-31 00:00:00,1,0,2024-07-20 15:37:03,0,2024-07-20 15:37:03,,,
2019-08,贵州省,3.40,-4.10,49.30,8.40,1705,2019-08-31 00:00:00,1,0,2024-07-20 15:37:03,0,2024-07-20 15:37:03,,,
2019-08,四川省,2.10,26.50,50.00,54.20,1706,2019-08-31 00:00:00,1,0,2024-07-20 15:37:03,0,2024-07-20 15:37:03,,,
2019-08,重庆市,0.70,27.20,5.30,9.80,1707,2019-08-31 00:00:00,1,0,2024-07-20 15:37:03,0,2024-07-20 15:37:03,,,
2019-08,海南省,0.30,-15.90,2.60,-12.40,1708,2019-08-31 00:00:00,1,0,2024-07-20 15:37:03,0,2024-07-20 15:37:03,,,
2019-08,广西区,2.10,-13.70,29.80,18.90,1709,2019-08-31 00:00:00,1,0,2024-07-20 15:37:03,0,2024-07-20 15:37:03,,,
2019-08,广东省,4.60,28.20,44.40,14.00,1710,2019-08-31 00:00:00,1,0,2024-07-20 15:37:03,0,2024-07-20 15:37:03,,,
2019-08,湖南省,4.40,10.70,41.10,12.90,1711,2019-08-31 00:00:00,1,0,2024-07-20 15:37:06,0,2024-07-20 15:37:06,,,
2019-08,湖北省,4.90,13.60,39.30,7.20,1712,2019-08-31 00:00:00,1,0,2024-07-20 15:37:06,0,2024-07-20 15:37:06,,,
2019-08,河南省,3.20,4.30,32.60,8.10,1713,2019-08-31 00:00:00,1,0,2024-07-20 15:37:06,0,2024-07-20 15:37:06,,,
2019-08,山东省,9.40,-18.80,110.50,-11.70,1714,2019-08-31 00:00:00,1,0,2024-07-20 15:37:06,0,2024-07-20 15:37:06,,,
2019-08,江西省,2.40,-6.40,21.00,15.60,1715,2019-08-31 00:00:00,1,0,2024-07-20 15:37:06,0,2024-07-20 15:37:06,,,
2019-08,福建省,5.30,124.60,47.30,16.10,1716,2019-08-31 00:00:00,1,0,2024-07-20 15:37:06,0,2024-07-20 15:37:06,,,
2019-08,安徽省,3.70,-7.80,27.60,-12.80,1717,2019-08-31 00:00:00,1,0,2024-07-20 15:37:06,0,2024-07-20 15:37:06,,,
2019-08,浙江省,2.00,-22.80,17.30,-1.20,1718,2019-08-31 00:00:00,1,0,2024-07-20 15:37:06,0,2024-07-20 15:37:06,,,
2019-08,江苏省,12.60,-29.30,100.50,-10.00,1719,2019-08-31 00:00:00,1,0,2024-07-20 15:37:06,0,2024-07-20 15:37:06,,,
2019-08,上海市,0.60,-53.30,5.60,-29.00,1720,2019-08-31 00:00:00,1,0,2024-07-20 15:37:06,0,2024-07-20 15:37:06,,,
2019-08,黑龙江省,5.10,8.80,71.80,9.50,1721,2019-08-31 00:00:00,1,0,2024-07-20 15:37:06,0,2024-07-20 15:37:06,,,
2019-08,吉林省,3.90,14.40,57.40,14.20,1722,2019-08-31 00:00:00,1,0,2024-07-20 15:37:06,0,2024-07-20 15:37:06,,,
2019-08,辽宁省,6.80,15.60,103.60,1.60,1723,2019-08-31 00:00:00,1,0,2024-07-20 15:37:06,0,2024-07-20 15:37:06,,,
2019-08,内蒙古区,34.00,51.00,393.00,8.30,1724,2019-08-31 00:00:00,1,0,2024-07-20 15:37:06,0,2024-07-20 15:37:06,,,
2019-08,山西省,10.30,36.90,114.40,-5.30,1725,2019-08-31 00:00:00,1,0,2024-07-20 15:37:06,0,2024-07-20 15:37:06,,,
2019-08,河北省,15.00,72.90,176.70,3.10,1726,2019-08-31 00:00:00,1,0,2024-07-20 15:37:06,0,2024-07-20 15:37:06,,,
2019-08,天津市,0.50,58.50,6.10,37.20,1727,2019-08-31 00:00:00,1,0,2024-07-20 15:37:06,0,2024-07-20 15:37:06,,,
2019-08,北京市,0.00,-97.80,0.00,-98.80,1728,2019-08-31 00:00:00,1,0,2024-07-20 15:37:06,0,2024-07-20 15:37:06,,,
2019-07,全国,216.00,-10.80,2108.00,5.10,1729,2019-07-31 00:00:00,1,0,2024-07-20 15:37:06,0,2024-07-20 15:37:06,,,
2019-07,新疆区,34.70,-0.60,227.60,12.60,1730,2019-07-31 00:00:00,1,0,2024-07-20 15:37:06,0,2024-07-20 15:37:06,,,
2019-07,宁夏区,11.40,-31.40,95.70,-13.50,1731,2019-07-31 00:00:00,1,0,2024-07-20 15:37:06,0,2024-07-20 15:37:06,,,
2019-07,青海省,4.30,77.80,31.00,87.70,1732,2019-07-31 00:00:00,1,0,2024-07-20 15:37:06,0,2024-07-20 15:37:06,,,
2019-07,甘肃省,17.20,-4.30,135.90,5.50,1733,2019-07-31 00:00:00,1,0,2024-07-20 15:37:06,0,2024-07-20 15:37:06,,,
2019-07,陕西省,4.80,-17.60,39.10,0.80,1734,2019-07-31 00:00:00,1,0,2024-07-20 15:37:06,0,2024-07-20 15:37:06,,,
2019-07,西藏区,0.00,0.00,0.00,0.00,1735,2019-07-31 00:00:00,1,0,2024-07-20 15:37:06,0,2024-07-20 15:37:06,,,
2019-07,云南省,12.20,24.10,173.20,17.40,1736,2019-07-31 00:00:00,1,0,2024-07-20 15:37:06,0,2024-07-20 15:37:06,,,
2019-07,贵州省,4.70,0.80,46.20,10.00,1737,2019-07-31 00:00:00,1,0,2024-07-20 15:37:06,0,2024-07-20 15:37:06,,,
2019-07,四川省,2.60,10.90,43.80,42.60,1738,2019-07-31 00:00:00,1,0,2024-07-20 15:37:06,0,2024-07-20 15:37:06,,,
2019-07,重庆市,0.70,-28.60,4.60,7.70,1739,2019-07-31 00:00:00,1,0,2024-07-20 15:37:06,0,2024-07-20 15:37:06,,,
2019-07,海南省,0.40,18.40,2.30,-11.90,1740,2019-07-31 00:00:00,1,0,2024-07-20 15:37:06,0,2024-07-20 15:37:06,,,
2019-07,广西区,2.90,43.70,27.70,22.40,1741,2019-07-31 00:00:00,1,0,2024-07-20 15:37:09,0,2024-07-20 15:37:09,,,
2019-07,广东省,5.10,5.70,39.80,12.60,1742,2019-07-31 00:00:00,1,0,2024-07-20 15:37:09,0,2024-07-20 15:37:09,,,
2019-07,湖南省,4.70,17.40,36.30,11.80,1743,2019-07-31 00:00:00,1,0,2024-07-20 15:37:09,0,2024-07-20 15:37:09,,,
2019-07,湖北省,4.80,13.10,33.80,4.70,1744,2019-07-31 00:00:00,1,0,2024-07-20 15:37:09,0,2024-07-20 15:37:09,,,
2019-07,河南省,3.00,-13.40,29.30,8.50,1745,2019-07-31 00:00:00,1,0,2024-07-20 15:37:09,0,2024-07-20 15:37:09,,,
2019-07,山东省,8.60,-31.90,101.10,-8.50,1746,2019-07-31 00:00:00,1,0,2024-07-20 15:37:09,0,2024-07-20 15:37:09,,,
2019-07,江西省,2.70,58.90,18.70,31.80,1747,2019-07-31 00:00:00,1,0,2024-07-20 15:37:09,0,2024-07-20 15:37:09,,,
2019-07,福建省,6.00,24.30,42.10,9.50,1748,2019-07-31 00:00:00,1,0,2024-07-20 15:37:09,0,2024-07-20 15:37:09,,,
2019-07,安徽省,2.70,-18.60,23.90,-13.50,1749,2019-07-31 00:00:00,1,0,2024-07-20 15:37:09,0,2024-07-20 15:37:09,,,
2019-07,浙江省,2.10,10.50,15.30,8.40,1750,2019-07-31 00:00:00,1,0,2024-07-20 15:37:09,0,2024-07-20 15:37:09,,,
2019-07,江苏省,9.50,-38.60,88.00,-7.00,1751,2019-07-31 00:00:00,1,0,2024-07-20 15:37:09,0,2024-07-20 15:37:09,,,
2019-07,上海市,0.70,-26.20,5.00,-24.50,1752,2019-07-31 00:00:00,1,0,2024-07-20 15:37:09,0,2024-07-20 15:37:09,,,
2019-07,黑龙江省,3.90,-34.70,66.70,9.60,1753,2019-07-31 00:00:00,1,0,2024-07-20 15:37:09,0,2024-07-20 15:37:09,,,
2019-07,吉林省,3.60,-30.50,53.60,14.10,1754,2019-07-31 00:00:00,1,0,2024-07-20 15:37:09,0,2024-07-20 15:37:09,,,
2019-07,辽宁省,7.90,-33.90,96.80,1.10,1755,2019-07-31 00:00:00,1,0,2024-07-20 15:37:09,0,2024-07-20 15:37:09,,,
2019-07,内蒙古区,32.20,-17.60,358.90,5.40,1756,2019-07-31 00:00:00,1,0,2024-07-20 15:37:09,0,2024-07-20 15:37:09,,,
2019-07,山西省,9.30,-8.90,104.00,-8.20,1757,2019-07-31 00:00:00,1,0,2024-07-20 15:37:09,0,2024-07-20 15:37:09,,,
2019-07,河北省,12.70,-8.40,161.70,-0.70,1758,2019-07-31 00:00:00,1,0,2024-07-20 15:37:09,0,2024-07-20 15:37:09,,,
2019-07,天津市,0.40,22.50,5.60,35.60,1759,2019-07-31 00:00:00,1,0,2024-07-20 15:37:09,0,2024-07-20 15:37:09,,,
2019-07,北京市,0.00,-98.30,0.00,-98.80,1760,2019-07-31 00:00:00,1,0,2024-07-20 15:37:09,0,2024-07-20 15:37:09,,,
2019-06,全国,263.00,11.90,1879.00,6.60,1761,2019-06-30 00:00:00,1,0,2024-07-20 15:37:09,0,2024-07-20 15:37:09,,,
2019-06,新疆区,38.50,22.90,192.90,15.40,1762,2019-06-30 00:00:00,1,0,2024-07-20 15:37:09,0,2024-07-20 15:37:09,,,
2019-06,宁夏区,11.70,-5.40,83.20,-10.20,1763,2019-06-30 00:00:00,1,0,2024-07-20 15:37:09,0,2024-07-20 15:37:09,,,
2019-06,青海省,3.20,47.20,19.50,38.50,1764,2019-06-30 00:00:00,1,0,2024-07-20 15:37:09,0,2024-07-20 15:37:09,,,
2019-06,甘肃省,17.20,-7.60,117.60,6.10,1765,2019-06-30 00:00:00,1,0,2024-07-20 15:37:09,0,2024-07-20 15:37:09,,,
2019-06,陕西省,4.80,8.30,34.30,4.10,1766,2019-06-30 00:00:00,1,0,2024-07-20 15:37:09,0,2024-07-20 15:37:09,,,
2019-06,西藏区,0.00,0.00,0.00,0.00,1767,2019-06-30 00:00:00,1,0,2024-07-20 15:37:09,0,2024-07-20 15:37:09,,,
2019-06,云南省,18.30,12.60,161.00,16.20,1768,2019-06-30 00:00:00,1,0,2024-07-20 15:37:09,0,2024-07-20 15:37:09,,,
2019-06,贵州省,5.90,19.30,41.50,11.10,1769,2019-06-30 00:00:00,1,0,2024-07-20 15:37:09,0,2024-07-20 15:37:09,,,
2019-06,四川省,4.70,87.80,41.20,45.20,1770,2019-06-30 00:00:00,1,0,2024-07-20 15:37:09,0,2024-07-20 15:37:09,,,
2019-06,重庆市,0.80,24.90,3.90,19.00,1771,2019-06-30 00:00:00,1,0,2024-07-20 15:37:12,0,2024-07-20 15:37:12,,,
2019-06,海南省,0.30,-15.10,1.90,-16.40,1772,2019-06-30 00:00:00,1,0,2024-07-20 15:37:12,0,2024-07-20 15:37:12,,,
2019-06,广西区,3.60,20.40,24.90,20.30,1773,2019-06-30 00:00:00,1,0,2024-07-20 15:37:12,0,2024-07-20 15:37:12,,,
2019-06,广东省,4.60,3.30,34.70,15.70,1774,2019-06-30 00:00:00,1,0,2024-07-20 15:37:12,0,2024-07-20 15:37:12,,,
2019-06,湖南省,4.90,22.50,31.60,14.00,1775,2019-06-30 00:00:00,1,0,2024-07-20 15:37:12,0,2024-07-20 15:37:12,,,
2019-06,湖北省,5.50,21.60,29.00,3.40,1776,2019-06-30 00:00:00,1,0,2024-07-20 15:37:12,0,2024-07-20 15:37:12,,,
2019-06,河南省,3.60,1.20,26.40,18.40,1777,2019-06-30 00:00:00,1,0,2024-07-20 15:37:12,0,2024-07-20 15:37:12,,,
2019-06,山东省,14.40,20.60,92.50,-5.40,1778,2019-06-30 00:00:00,1,0,2024-07-20 15:37:12,0,2024-07-20 15:37:12,,,
2019-06,江西省,2.60,40.20,15.20,22.90,1779,2019-06-30 00:00:00,1,0,2024-07-20 15:37:12,0,2024-07-20 15:37:12,,,
2019-06,福建省,4.90,-3.60,36.00,7.30,1780,2019-06-30 00:00:00,1,0,2024-07-20 15:37:12,0,2024-07-20 15:37:12,,,
2019-06,安徽省,3.10,-6.50,21.10,-10.30,1781,2019-06-30 00:00:00,1,0,2024-07-20 15:37:12,0,2024-07-20 15:37:12,,,
2019-06,浙江省,1.90,47.50,13.20,8.70,1782,2019-06-30 00:00:00,1,0,2024-07-20 15:37:12,0,2024-07-20 15:37:12,,,
2019-06,江苏省,11.90,31.40,78.50,-0.90,1783,2019-06-30 00:00:00,1,0,2024-07-20 15:37:12,0,2024-07-20 15:37:12,,,
2019-06,上海市,0.50,-10.40,4.30,-24.20,1784,2019-06-30 00:00:00,1,0,2024-07-20 15:37:12,0,2024-07-20 15:37:12,,,
2019-06,黑龙江省,6.30,-2.90,62.10,14.50,1785,2019-06-30 00:00:00,1,0,2024-07-20 15:37:12,0,2024-07-20 15:37:12,,,
2019-06,吉林省,6.00,7.20,50.00,13.10,1786,2019-06-30 00:00:00,1,0,2024-07-20 15:37:12,0,2024-07-20 15:37:12,,,
2019-06,辽宁省,10.30,-9.70,88.90,6.00,1787,2019-06-30 00:00:00,1,0,2024-07-20 15:37:12,0,2024-07-20 15:37:12,,,
2019-06,内蒙古区,43.80,14.40,326.70,8.30,1788,2019-06-30 00:00:00,1,0,2024-07-20 15:37:12,0,2024-07-20 15:37:12,,,
2019-06,山西省,11.40,3.40,93.00,-9.80,1789,2019-06-30 00:00:00,1,0,2024-07-20 15:37:12,0,2024-07-20 15:37:12,,,
2019-06,河北省,17.90,14.60,149.00,0.10,1790,2019-06-30 00:00:00,1,0,2024-07-20 15:37:12,0,2024-07-20 15:37:12,,,
2019-06,天津市,0.70,35.40,5.20,36.80,1791,2019-06-30 00:00:00,1,0,2024-07-20 15:37:12,0,2024-07-20 15:37:12,,,
2019-06,北京市,0.00,-96.20,0.00,-98.90,1792,2019-06-30 00:00:00,1,0,2024-07-20 15:37:12,0,2024-07-20 15:37:12,,,
2019-05,全国,353.00,19.40,1615.00,5.60,1793,2019-05-31 00:00:00,1,0,2024-07-20 15:37:12,0,2024-07-20 15:37:12,,,
2019-05,新疆区,41.60,28.20,153.90,13.30,1794,2019-05-31 00:00:00,1,0,2024-07-20 15:37:12,0,2024-07-20 15:37:12,,,
2019-05,宁夏区,17.00,-10.10,71.60,-11.00,1795,2019-05-31 00:00:00,1,0,2024-07-20 15:37:12,0,2024-07-20 15:37:12,,,
2019-05,青海省,3.90,38.30,16.40,36.90,1796,2019-05-31 00:00:00,1,0,2024-07-20 15:37:12,0,2024-07-20 15:37:12,,,
2019-05,甘肃省,25.20,63.20,100.30,8.90,1797,2019-05-31 00:00:00,1,0,2024-07-20 15:37:12,0,2024-07-20 15:37:12,,,
2019-05,陕西省,6.70,13.10,29.40,3.40,1798,2019-05-31 00:00:00,1,0,2024-07-20 15:37:12,0,2024-07-20 15:37:12,,,
2019-05,西藏区,0.00,0.00,0.00,0.00,1799,2019-05-31 00:00:00,1,0,2024-07-20 15:37:12,0,2024-07-20 15:37:12,,,
2019-05,云南省,22.20,-1.60,142.70,16.70,1800,2019-05-31 00:00:00,1,0,2024-07-20 15:37:12,0,2024-07-20 15:37:12,,,
2019-05,贵州省,5.00,-38.80,35.60,9.90,1801,2019-05-31 00:00:00,1,0,2024-07-20 15:37:15,0,2024-07-20 15:37:15,,,
2019-05,四川省,4.70,2.20,36.50,40.80,1802,2019-05-31 00:00:00,1,0,2024-07-20 15:37:15,0,2024-07-20 15:37:15,,,
2019-05,重庆市,0.90,2.60,3.10,17.70,1803,2019-05-31 00:00:00,1,0,2024-07-20 15:37:15,0,2024-07-20 15:37:15,,,
2019-05,海南省,0.30,-4.20,1.60,-16.60,1804,2019-05-31 00:00:00,1,0,2024-07-20 15:37:15,0,2024-07-20 15:37:15,,,
2019-05,广西区,3.40,-13.70,21.30,20.30,1805,2019-05-31 00:00:00,1,0,2024-07-20 15:37:15,0,2024-07-20 15:37:15,,,
2019-05,广东省,5.60,31.10,30.00,17.80,1806,2019-05-31 00:00:00,1,0,2024-07-20 15:37:15,0,2024-07-20 15:37:15,,,
2019-05,湖南省,4.50,-25.70,26.10,9.70,1807,2019-05-31 00:00:00,1,0,2024-07-20 15:37:15,0,2024-07-20 15:37:15,,,
2019-05,湖北省,5.80,10.90,23.50,-0.10,1808,2019-05-31 00:00:00,1,0,2024-07-20 15:37:15,0,2024-07-20 15:37:15,,,
2019-05,河南省,4.80,23.30,22.80,21.60,1809,2019-05-31 00:00:00,1,0,2024-07-20 15:37:15,0,2024-07-20 15:37:15,,,
2019-05,山东省,18.30,21.70,78.00,-9.10,1810,2019-05-31 00:00:00,1,0,2024-07-20 15:37:15,0,2024-07-20 15:37:15,,,
2019-05,江西省,2.30,-12.80,12.60,16.70,1811,2019-05-31 00:00:00,1,0,2024-07-20 15:37:15,0,2024-07-20 15:37:15,,,
2019-05,福建省,4.90,11.50,30.70,7.90,1812,2019-05-31 00:00:00,1,0,2024-07-20 15:37:15,0,2024-07-20 15:37:15,,,
2019-05,安徽省,3.30,-9.70,18.00,-16.50,1813,2019-05-31 00:00:00,1,0,2024-07-20 15:37:15,0,2024-07-20 15:37:15,,,
2019-05,浙江省,1.80,-3.60,11.30,4.20,1814,2019-05-31 00:00:00,1,0,2024-07-20 15:37:15,0,2024-07-20 15:37:15,,,
2019-05,江苏省,13.90,17.90,66.60,-5.10,1815,2019-05-31 00:00:00,1,0,2024-07-20 15:37:15,0,2024-07-20 15:37:15,,,
2019-05,上海市,0.70,-18.00,3.80,-26.50,1816,2019-05-31 00:00:00,1,0,2024-07-20 15:37:15,0,2024-07-20 15:37:15,,,
2019-05,黑龙江省,11.40,38.30,55.80,16.90,1817,2019-05-31 00:00:00,1,0,2024-07-20 15:37:15,0,2024-07-20 15:37:15,,,
2019-05,吉林省,11.30,24.30,43.90,10.80,1818,2019-05-31 00:00:00,1,0,2024-07-20 15:37:15,0,2024-07-20 15:37:15,,,
2019-05,辽宁省,20.90,38.50,78.60,8.30,1819,2019-05-31 00:00:00,1,0,2024-07-20 15:37:15,0,2024-07-20 15:37:15,,,
2019-05,内蒙古区,67.80,34.20,282.10,7.40,1820,2019-05-31 00:00:00,1,0,2024-07-20 15:37:15,0,2024-07-20 15:37:15,,,
2019-05,山西省,17.30,17.60,81.60,-11.40,1821,2019-05-31 00:00:00,1,0,2024-07-20 15:37:15,0,2024-07-20 15:37:15,,,
2019-05,河北省,26.30,20.90,131.20,-2.00,1822,2019-05-31 00:00:00,1,0,2024-07-20 15:37:15,0,2024-07-20 15:37:15,,,
2019-05,天津市,1.10,103.90,4.50,37.00,1823,2019-05-31 00:00:00,1,0,2024-07-20 15:37:15,0,2024-07-20 15:37:15,,,
2019-05,北京市,0.30,23.20,1.80,-1.60,1824,2019-05-31 00:00:00,1,0,2024-07-20 15:37:15,0,2024-07-20 15:37:15,,,
2019-04,全国,343.00,1.00,1259.00,2.30,1825,2019-04-30 00:00:00,1,0,2024-07-20 15:37:15,0,2024-07-20 15:37:15,,,
2019-04,新疆区,40.10,27.40,110.90,7.30,1826,2019-04-30 00:00:00,1,0,2024-07-20 15:37:15,0,2024-07-20 15:37:15,,,
2019-04,宁夏区,16.50,-3.00,54.60,-11.30,1827,2019-04-30 00:00:00,1,0,2024-07-20 15:37:15,0,2024-07-20 15:37:15,,,
2019-04,青海省,3.90,32.30,12.50,36.40,1828,2019-04-30 00:00:00,1,0,2024-07-20 15:37:15,0,2024-07-20 15:37:15,,,
2019-04,甘肃省,23.10,6.60,75.10,-2.10,1829,2019-04-30 00:00:00,1,0,2024-07-20 15:37:15,0,2024-07-20 15:37:15,,,
2019-04,陕西省,6.60,7.30,22.70,-0.20,1830,2019-04-30 00:00:00,1,0,2024-07-20 15:37:15,0,2024-07-20 15:37:15,,,
2019-04,西藏区,0.00,0.00,0.00,0.00,1831,2019-04-30 00:00:00,1,0,2024-07-20 15:37:18,0,2024-07-20 15:37:18,,,
2019-04,云南省,26.50,16.80,120.40,21.70,1832,2019-04-30 00:00:00,1,0,2024-07-20 15:37:18,0,2024-07-20 15:37:18,,,
2019-04,贵州省,6.60,-8.40,30.60,26.50,1833,2019-04-30 00:00:00,1,0,2024-07-20 15:37:18,0,2024-07-20 15:37:18,,,
2019-04,四川省,5.00,13.90,29.30,37.40,1834,2019-04-30 00:00:00,1,0,2024-07-20 15:37:18,0,2024-07-20 15:37:18,,,
2019-04,重庆市,0.90,28.00,2.30,24.50,1835,2019-04-30 00:00:00,1,0,2024-07-20 15:37:18,0,2024-07-20 15:37:18,,,
2019-04,海南省,0.30,0.30,1.30,-19.10,1836,2019-04-30 00:00:00,1,0,2024-07-20 15:37:18,0,2024-07-20 15:37:18,,,
2019-04,广西区,4.30,15.80,17.80,30.20,1837,2019-04-30 00:00:00,1,0,2024-07-20 15:37:18,0,2024-07-20 15:37:18,,,
2019-04,广东省,5.80,37.90,24.50,15.20,1838,2019-04-30 00:00:00,1,0,2024-07-20 15:37:18,0,2024-07-20 15:37:18,,,
2019-04,湖南省,5.40,-3.60,21.00,18.40,1839,2019-04-30 00:00:00,1,0,2024-07-20 15:37:18,0,2024-07-20 15:37:18,,,
2019-04,湖北省,6.10,-0.30,17.70,-3.30,1840,2019-04-30 00:00:00,1,0,2024-07-20 15:37:18,0,2024-07-20 15:37:18,,,
2019-04,河南省,5.80,27.50,18.00,21.20,1841,2019-04-30 00:00:00,1,0,2024-07-20 15:37:18,0,2024-07-20 15:37:18,,,
2019-04,山东省,18.00,-19.20,60.40,-14.60,1842,2019-04-30 00:00:00,1,0,2024-07-20 15:37:18,0,2024-07-20 15:37:18,,,
2019-04,江西省,2.50,3.90,10.30,26.10,1843,2019-04-30 00:00:00,1,0,2024-07-20 15:37:18,0,2024-07-20 15:37:18,,,
2019-04,福建省,4.90,22.90,25.80,7.90,1844,2019-04-30 00:00:00,1,0,2024-07-20 15:37:18,0,2024-07-20 15:37:18,,,
2019-04,安徽省,4.40,-1.70,14.30,-18.70,1845,2019-04-30 00:00:00,1,0,2024-07-20 15:37:18,0,2024-07-20 15:37:18,,,
2019-04,浙江省,2.00,-17.60,9.50,5.80,1846,2019-04-30 00:00:00,1,0,2024-07-20 15:37:18,0,2024-07-20 15:37:18,,,
2019-04,江苏省,15.10,-4.10,52.50,-9.60,1847,2019-04-30 00:00:00,1,0,2024-07-20 15:37:18,0,2024-07-20 15:37:18,,,
2019-04,上海市,0.70,-38.00,3.10,-28.10,1848,2019-04-30 00:00:00,1,0,2024-07-20 15:37:18,0,2024-07-20 15:37:18,,,
2019-04,黑龙江省,10.00,-10.50,44.40,12.50,1849,2019-04-30 00:00:00,1,0,2024-07-20 15:37:18,0,2024-07-20 15:37:18,,,
2019-04,吉林省,9.50,-2.60,32.60,7.60,1850,2019-04-30 00:00:00,1,0,2024-07-20 15:37:18,0,2024-07-20 15:37:18,,,
2019-04,辽宁省,17.00,-17.00,56.70,-1.40,1851,2019-04-30 00:00:00,1,0,2024-07-20 15:37:18,0,2024-07-20 15:37:18,,,
2019-04,内蒙古区,56.50,-7.10,214.10,1.30,1852,2019-04-30 00:00:00,1,0,2024-07-20 15:37:18,0,2024-07-20 15:37:18,,,
2019-04,山西省,15.30,-18.20,64.30,-16.90,1853,2019-04-30 00:00:00,1,0,2024-07-20 15:37:18,0,2024-07-20 15:37:18,,,
2019-04,河北省,28.90,10.40,108.40,-3.30,1854,2019-04-30 00:00:00,1,0,2024-07-20 15:37:18,0,2024-07-20 15:37:18,,,
2019-04,天津市,0.80,-6.80,2.70,-1.30,1855,2019-04-30 00:00:00,1,0,2024-07-20 15:37:18,0,2024-07-20 15:37:18,,,
2019-04,北京市,0.30,-19.50,1.50,-5.20,1856,2019-04-30 00:00:00,1,0,2024-07-20 15:37:18,0,2024-07-20 15:37:18,,,
2019-03,全国,342.00,8.20,916.00,2.20,1857,2019-03-31 00:00:00,1,0,2024-07-20 15:37:18,0,2024-07-20 15:37:18,,,
2019-03,新疆区,29.20,4.00,69.90,-3.90,1858,2019-03-31 00:00:00,1,0,2024-07-20 15:37:18,0,2024-07-20 15:37:18,,,
2019-03,宁夏区,13.70,-14.50,38.10,-14.50,1859,2019-03-31 00:00:00,1,0,2024-07-20 15:37:18,0,2024-07-20 15:37:18,,,
2019-03,青海省,3.10,26.60,8.60,38.50,1860,2019-03-31 00:00:00,1,0,2024-07-20 15:37:18,0,2024-07-20 15:37:18,,,
2019-03,甘肃省,20.70,1.60,52.00,-6.30,1861,2019-03-31 00:00:00,1,0,2024-07-20 15:37:21,0,2024-07-20 15:37:21,,,
2019-03,陕西省,5.70,-4.80,16.10,-2.90,1862,2019-03-31 00:00:00,1,0,2024-07-20 15:37:21,0,2024-07-20 15:37:21,,,
2019-03,西藏区,0.00,0.00,0.00,0.00,1863,2019-03-31 00:00:00,1,0,2024-07-20 15:37:21,0,2024-07-20 15:37:21,,,
2019-03,云南省,30.40,23.40,93.90,23.20,1864,2019-03-31 00:00:00,1,0,2024-07-20 15:37:21,0,2024-07-20 15:37:21,,,
2019-03,贵州省,8.10,27.00,24.00,41.20,1865,2019-03-31 00:00:00,1,0,2024-07-20 15:37:21,0,2024-07-20 15:37:21,,,
2019-03,四川省,6.30,11.40,24.30,43.50,1866,2019-03-31 00:00:00,1,0,2024-07-20 15:37:21,0,2024-07-20 15:37:21,,,
2019-03,重庆市,0.70,16.90,1.40,22.30,1867,2019-03-31 00:00:00,1,0,2024-07-20 15:37:21,0,2024-07-20 15:37:21,,,
2019-03,海南省,0.30,-14.50,1.00,-23.90,1868,2019-03-31 00:00:00,1,0,2024-07-20 15:37:21,0,2024-07-20 15:37:21,,,
2019-03,广西区,4.80,30.90,13.50,35.60,1869,2019-03-31 00:00:00,1,0,2024-07-20 15:37:21,0,2024-07-20 15:37:21,,,
2019-03,广东省,6.80,30.10,18.40,8.50,1870,2019-03-31 00:00:00,1,0,2024-07-20 15:37:21,0,2024-07-20 15:37:21,,,
2019-03,湖南省,5.40,10.30,15.60,28.70,1871,2019-03-31 00:00:00,1,0,2024-07-20 15:37:21,0,2024-07-20 15:37:21,,,
2019-03,湖北省,5.10,-11.80,11.60,-25.90,1872,2019-03-31 00:00:00,1,0,2024-07-20 15:37:21,0,2024-07-20 15:37:21,,,
2019-03,河南省,4.80,-1.40,12.30,20.10,1873,2019-03-31 00:00:00,1,0,2024-07-20 15:37:21,0,2024-07-20 15:37:21,,,
2019-03,山东省,18.70,-8.30,42.40,-12.50,1874,2019-03-31 00:00:00,1,0,2024-07-20 15:37:21,0,2024-07-20 15:37:21,,,
2019-03,江西省,2.60,-3.00,7.30,9.00,1875,2019-03-31 00:00:00,1,0,2024-07-20 15:37:21,0,2024-07-20 15:37:21,,,
2019-03,福建省,6.50,29.00,20.70,3.70,1876,2019-03-31 00:00:00,1,0,2024-07-20 15:37:21,0,2024-07-20 15:37:21,,,
2019-03,安徽省,4.40,-4.80,9.90,-24.50,1877,2019-03-31 00:00:00,1,0,2024-07-20 15:37:21,0,2024-07-20 15:37:21,,,
2019-03,浙江省,2.90,7.50,7.60,14.30,1878,2019-03-31 00:00:00,1,0,2024-07-20 15:37:21,0,2024-07-20 15:37:21,,,
2019-03,江苏省,15.50,-2.40,37.40,-11.60,1879,2019-03-31 00:00:00,1,0,2024-07-20 15:37:21,0,2024-07-20 15:37:21,,,
2019-03,上海市,0.80,-31.50,2.40,-24.50,1880,2019-03-31 00:00:00,1,0,2024-07-20 15:37:21,0,2024-07-20 15:37:21,,,
2019-03,黑龙江省,10.50,-8.00,34.00,21.60,1881,2019-03-31 00:00:00,1,0,2024-07-20 15:37:21,0,2024-07-20 15:37:21,,,
2019-03,吉林省,9.20,13.40,23.10,13.70,1882,2019-03-31 00:00:00,1,0,2024-07-20 15:37:21,0,2024-07-20 15:37:21,,,
2019-03,辽宁省,16.70,-0.80,41.40,6.70,1883,2019-03-31 00:00:00,1,0,2024-07-20 15:37:21,0,2024-07-20 15:37:21,,,
2019-03,内蒙古区,55.60,14.40,157.60,4.70,1884,2019-03-31 00:00:00,1,0,2024-07-20 15:37:21,0,2024-07-20 15:37:21,,,
2019-03,山西省,21.50,26.60,49.00,-12.90,1885,2019-03-31 00:00:00,1,0,2024-07-20 15:37:21,0,2024-07-20 15:37:21,,,
2019-03,河北省,30.80,19.60,79.50,-7.40,1886,2019-03-31 00:00:00,1,0,2024-07-20 15:37:21,0,2024-07-20 15:37:21,,,
2019-03,天津市,0.70,-0.90,1.50,-17.20,1887,2019-03-31 00:00:00,1,0,2024-07-20 15:37:21,0,2024-07-20 15:37:21,,,
2019-03,北京市,0.40,45.20,1.20,-1.50,1888,2019-03-31 00:00:00,1,0,2024-07-20 15:37:21,0,2024-07-20 15:37:21,,,
2019-02,新疆区,,,40.50,-8.60,1889,2019-02-28 00:00:00,1,0,2024-07-20 15:37:21,0,2024-07-20 15:37:21,,,
2019-02,宁夏区,,,23.90,-14.60,1890,2019-02-28 00:00:00,1,0,2024-07-20 15:37:21,0,2024-07-20 15:37:21,,,
2019-02,青海省,,,5.50,44.30,1891,2019-02-28 00:00:00,1,0,2024-07-20 15:37:24,0,2024-07-20 15:37:24,,,
2019-02,甘肃省,,,31.60,-10.20,1892,2019-02-28 00:00:00,1,0,2024-07-20 15:37:24,0,2024-07-20 15:37:24,,,
2019-02,陕西省,,,10.30,-1.90,1893,2019-02-28 00:00:00,1,0,2024-07-20 15:37:24,0,2024-07-20 15:37:24,,,
2019-02,西藏区,,,0.00,0.00,1894,2019-02-28 00:00:00,1,0,2024-07-20 15:37:24,0,2024-07-20 15:37:24,,,
2019-02,云南省,,,63.50,23.10,1895,2019-02-28 00:00:00,1,0,2024-07-20 15:37:24,0,2024-07-20 15:37:24,,,
2019-02,贵州省,,,15.90,48.60,1896,2019-02-28 00:00:00,1,0,2024-07-20 15:37:24,0,2024-07-20 15:37:24,,,
2019-02,四川省,,,18.00,59.50,1897,2019-02-28 00:00:00,1,0,2024-07-20 15:37:24,0,2024-07-20 15:37:24,,,
2019-02,重庆市,,,0.60,29.20,1898,2019-02-28 00:00:00,1,0,2024-07-20 15:37:24,0,2024-07-20 15:37:24,,,
2019-02,海南省,,,0.70,-27.60,1899,2019-02-28 00:00:00,1,0,2024-07-20 15:37:24,0,2024-07-20 15:37:24,,,
2019-02,广西区,,,8.50,35.30,1900,2019-02-28 00:00:00,1,0,2024-07-20 15:37:24,0,2024-07-20 15:37:24,,,
2019-02,广东省,,,11.80,-0.40,1901,2019-02-28 00:00:00,1,0,2024-07-20 15:37:24,0,2024-07-20 15:37:24,,,
2019-02,湖南省,,,10.10,41.30,1902,2019-02-28 00:00:00,1,0,2024-07-20 15:37:24,0,2024-07-20 15:37:24,,,
2019-02,湖北省,,,6.50,-34.90,1903,2019-02-28 00:00:00,1,0,2024-07-20 15:37:24,0,2024-07-20 15:37:24,,,
2019-02,河南省,,,7.50,46.00,1904,2019-02-28 00:00:00,1,0,2024-07-20 15:37:24,0,2024-07-20 15:37:24,,,
2019-02,山东省,,,23.30,-16.40,1905,2019-02-28 00:00:00,1,0,2024-07-20 15:37:24,0,2024-07-20 15:37:24,,,
2019-02,江西省,,,5.20,29.00,1906,2019-02-28 00:00:00,1,0,2024-07-20 15:37:24,0,2024-07-20 15:37:24,,,
2019-02,福建省,,,13.90,-5.20,1907,2019-02-28 00:00:00,1,0,2024-07-20 15:37:24,0,2024-07-20 15:37:24,,,
2019-02,安徽省,,,5.50,-35.60,1908,2019-02-28 00:00:00,1,0,2024-07-20 15:37:24,0,2024-07-20 15:37:24,,,
2019-02,浙江省,,,4.60,26.50,1909,2019-02-28 00:00:00,1,0,2024-07-20 15:37:24,0,2024-07-20 15:37:24,,,
2019-02,江苏省,,,20.90,-21.00,1910,2019-02-28 00:00:00,1,0,2024-07-20 15:37:24,0,2024-07-20 15:37:24,,,
2019-02,上海市,,,1.60,-20.60,1911,2019-02-28 00:00:00,1,0,2024-07-20 15:37:24,0,2024-07-20 15:37:24,,,
2019-02,黑龙江省,,,23.50,45.00,1912,2019-02-28 00:00:00,1,0,2024-07-20 15:37:24,0,2024-07-20 15:37:24,,,
2019-02,吉林省,,,15.00,29.30,1913,2019-02-28 00:00:00,1,0,2024-07-20 15:37:24,0,2024-07-20 15:37:24,,,
2019-02,辽宁省,,,25.90,17.90,1914,2019-02-28 00:00:00,1,0,2024-07-20 15:37:24,0,2024-07-20 15:37:24,,,
2019-02,内蒙古区,,,102.00,-1.90,1915,2019-02-28 00:00:00,1,0,2024-07-20 15:37:24,0,2024-07-20 15:37:24,,,
2019-02,山西省,,,26.20,-30.40,1916,2019-02-28 00:00:00,1,0,2024-07-20 15:37:24,0,2024-07-20 15:37:24,,,
2019-02,河北省,,,47.40,-17.10,1917,2019-02-28 00:00:00,1,0,2024-07-20 15:37:24,0,2024-07-20 15:37:24,,,
2019-02,天津市,,,0.80,-27.10,1918,2019-02-28 00:00:00,1,0,2024-07-20 15:37:24,0,2024-07-20 15:37:24,,,
2019-02,北京市,,,0.80,-14.40,1919,2019-02-28 00:00:00,1,0,2024-07-20 15:37:24,0,2024-07-20 15:37:24,,,
2019-02,全国,,,572.00,-0.60,1920,2019-02-28 00:00:00,1,0,2024-07-20 15:37:24,0,2024-07-20 15:37:24,,,
2019-01,新疆区,,,,,1921,2019-01-31 00:00:00,1,0,2024-07-20 15:37:27,0,2024-07-20 15:37:27,,,
2019-01,宁夏区,,,,,1922,2019-01-31 00:00:00,1,0,2024-07-20 15:37:27,0,2024-07-20 15:37:27,,,
2019-01,青海省,,,,,1923,2019-01-31 00:00:00,1,0,2024-07-20 15:37:27,0,2024-07-20 15:37:27,,,
2019-01,甘肃省,,,,,1924,2019-01-31 00:00:00,1,0,2024-07-20 15:37:27,0,2024-07-20 15:37:27,,,
2019-01,陕西省,,,,,1925,2019-01-31 00:00:00,1,0,2024-07-20 15:37:27,0,2024-07-20 15:37:27,,,
2019-01,西藏区,,,,,1926,2019-01-31 00:00:00,1,0,2024-07-20 15:37:27,0,2024-07-20 15:37:27,,,
2019-01,云南省,,,,,1927,2019-01-31 00:00:00,1,0,2024-07-20 15:37:27,0,2024-07-20 15:37:27,,,
2019-01,贵州省,,,,,1928,2019-01-31 00:00:00,1,0,2024-07-20 15:37:27,0,2024-07-20 15:37:27,,,
2019-01,四川省,,,,,1929,2019-01-31 00:00:00,1,0,2024-07-20 15:37:27,0,2024-07-20 15:37:27,,,
2019-01,重庆市,,,,,1930,2019-01-31 00:00:00,1,0,2024-07-20 15:37:27,0,2024-07-20 15:37:27,,,
2019-01,海南省,,,,,1931,2019-01-31 00:00:00,1,0,2024-07-20 15:37:27,0,2024-07-20 15:37:27,,,
2019-01,广西区,,,,,1932,2019-01-31 00:00:00,1,0,2024-07-20 15:37:27,0,2024-07-20 15:37:27,,,
2019-01,广东省,,,,,1933,2019-01-31 00:00:00,1,0,2024-07-20 15:37:27,0,2024-07-20 15:37:27,,,
2019-01,湖南省,,,,,1934,2019-01-31 00:00:00,1,0,2024-07-20 15:37:27,0,2024-07-20 15:37:27,,,
2019-01,湖北省,,,,,1935,2019-01-31 00:00:00,1,0,2024-07-20 15:37:27,0,2024-07-20 15:37:27,,,
2019-01,河南省,,,,,1936,2019-01-31 00:00:00,1,0,2024-07-20 15:37:27,0,2024-07-20 15:37:27,,,
2019-01,山东省,,,,,1937,2019-01-31 00:00:00,1,0,2024-07-20 15:37:27,0,2024-07-20 15:37:27,,,
2019-01,江西省,,,,,1938,2019-01-31 00:00:00,1,0,2024-07-20 15:37:27,0,2024-07-20 15:37:27,,,
2019-01,福建省,,,,,1939,2019-01-31 00:00:00,1,0,2024-07-20 15:37:27,0,2024-07-20 15:37:27,,,
2019-01,安徽省,,,,,1940,2019-01-31 00:00:00,1,0,2024-07-20 15:37:27,0,2024-07-20 15:37:27,,,
2019-01,浙江省,,,,,1941,2019-01-31 00:00:00,1,0,2024-07-20 15:37:27,0,2024-07-20 15:37:27,,,
2019-01,江苏省,,,,,1942,2019-01-31 00:00:00,1,0,2024-07-20 15:37:27,0,2024-07-20 15:37:27,,,
2019-01,上海市,,,,,1943,2019-01-31 00:00:00,1,0,2024-07-20 15:37:27,0,2024-07-20 15:37:27,,,
2019-01,黑龙江省,,,,,1944,2019-01-31 00:00:00,1,0,2024-07-20 15:37:27,0,2024-07-20 15:37:27,,,
2019-01,吉林省,,,,,1945,2019-01-31 00:00:00,1,0,2024-07-20 15:37:27,0,2024-07-20 15:37:27,,,
2019-01,辽宁省,,,,,1946,2019-01-31 00:00:00,1,0,2024-07-20 15:37:27,0,2024-07-20 15:37:27,,,
2019-01,内蒙古区,,,,,1947,2019-01-31 00:00:00,1,0,2024-07-20 15:37:27,0,2024-07-20 15:37:27,,,
2019-01,山西省,,,,,1948,2019-01-31 00:00:00,1,0,2024-07-20 15:37:27,0,2024-07-20 15:37:27,,,
2019-01,河北省,,,,,1949,2019-01-31 00:00:00,1,0,2024-07-20 15:37:27,0,2024-07-20 15:37:27,,,
2019-01,天津市,,,,,1950,2019-01-31 00:00:00,1,0,2024-07-20 15:37:27,0,2024-07-20 15:37:27,,,
2019-01,北京市,,,,,1951,2019-01-31 00:00:00,1,0,2024-07-20 15:37:31,0,2024-07-20 15:37:31,,,
2019-01,全国,,,,,1952,2019-01-31 00:00:00,1,0,2024-07-20 15:37:31,0,2024-07-20 15:37:31,,,
2018-12,全国,338.00,20.60,3253.00,16.60,1953,2018-12-31 00:00:00,1,0,2024-07-20 15:37:31,0,2024-07-20 15:37:31,,,
2018-12,新疆区,23.90,33.40,327.70,15.70,1954,2018-12-31 00:00:00,1,0,2024-07-20 15:37:31,0,2024-07-20 15:37:31,,,
2018-12,宁夏区,14.20,27.60,170.50,20.20,1955,2018-12-31 00:00:00,1,0,2024-07-20 15:37:31,0,2024-07-20 15:37:31,,,
2018-12,青海省,1.60,55.60,21.30,84.40,1956,2018-12-31 00:00:00,1,0,2024-07-20 15:37:31,0,2024-07-20 15:37:31,,,
2018-12,甘肃省,18.90,6.80,226.00,22.50,1957,2018-12-31 00:00:00,1,0,2024-07-20 15:37:31,0,2024-07-20 15:37:31,,,
2018-12,陕西省,5.00,-21.40,60.40,17.00,1958,2018-12-31 00:00:00,1,0,2024-07-20 15:37:31,0,2024-07-20 15:37:31,,,
2018-12,西藏区,0.00,0.00,0.00,0.00,1959,2018-12-31 00:00:00,1,0,2024-07-20 15:37:31,0,2024-07-20 15:37:31,,,
2018-12,云南省,29.50,42.80,219.60,14.60,1960,2018-12-31 00:00:00,1,0,2024-07-20 15:37:31,0,2024-07-20 15:37:31,,,
2018-12,贵州省,5.80,27.30,66.60,3.90,1961,2018-12-31 00:00:00,1,0,2024-07-20 15:37:31,0,2024-07-20 15:37:31,,,
2018-12,四川省,8.40,66.60,53.80,39.80,1962,2018-12-31 00:00:00,1,0,2024-07-20 15:37:31,0,2024-07-20 15:37:31,,,
2018-12,重庆市,0.40,-32.10,7.20,-4.80,1963,2018-12-31 00:00:00,1,0,2024-07-20 15:37:31,0,2024-07-20 15:37:31,,,
2018-12,海南省,0.50,-34.90,4.30,-19.50,1964,2018-12-31 00:00:00,1,0,2024-07-20 15:37:31,0,2024-07-20 15:37:31,,,
2018-12,广西区,4.40,41.30,38.20,57.40,1965,2018-12-31 00:00:00,1,0,2024-07-20 15:37:31,0,2024-07-20 15:37:31,,,
2018-12,广东省,7.00,3.90,56.50,4.70,1966,2018-12-31 00:00:00,1,0,2024-07-20 15:37:31,0,2024-07-20 15:37:31,,,
2018-12,湖南省,4.40,16.80,51.00,15.70,1967,2018-12-31 00:00:00,1,0,2024-07-20 15:37:31,0,2024-07-20 15:37:31,,,
2018-12,湖北省,4.50,18.60,54.30,23.50,1968,2018-12-31 00:00:00,1,0,2024-07-20 15:37:31,0,2024-07-20 15:37:31,,,
2018-12,河南省,3.90,42.70,38.70,62.20,1969,2018-12-31 00:00:00,1,0,2024-07-20 15:37:31,0,2024-07-20 15:37:31,,,
2018-12,山东省,13.20,-9.20,166.80,15.10,1970,2018-12-31 00:00:00,1,0,2024-07-20 15:37:31,0,2024-07-20 15:37:31,,,
2018-12,江西省,3.40,12.60,43.00,77.50,1971,2018-12-31 00:00:00,1,0,2024-07-20 15:37:31,0,2024-07-20 15:37:31,,,
2018-12,福建省,8.00,-12.50,65.60,5.70,1972,2018-12-31 00:00:00,1,0,2024-07-20 15:37:31,0,2024-07-20 15:37:31,,,
2018-12,安徽省,4.20,15.80,45.20,24.40,1973,2018-12-31 00:00:00,1,0,2024-07-20 15:37:31,0,2024-07-20 15:37:31,,,
2018-12,浙江省,3.00,30.40,26.20,12.00,1974,2018-12-31 00:00:00,1,0,2024-07-20 15:37:31,0,2024-07-20 15:37:31,,,
2018-12,江苏省,15.20,62.90,135.20,23.00,1975,2018-12-31 00:00:00,1,0,2024-07-20 15:37:31,0,2024-07-20 15:37:31,,,
2018-12,上海市,1.10,38.40,10.60,4.60,1976,2018-12-31 00:00:00,1,0,2024-07-20 15:37:31,0,2024-07-20 15:37:31,,,
2018-12,黑龙江省,14.90,94.20,110.00,9.20,1977,2018-12-31 00:00:00,1,0,2024-07-20 15:37:31,0,2024-07-20 15:37:31,,,
2018-12,吉林省,9.70,114.80,84.70,28.50,1978,2018-12-31 00:00:00,1,0,2024-07-20 15:37:31,0,2024-07-20 15:37:31,,,
2018-12,辽宁省,14.40,30.60,151.70,8.70,1979,2018-12-31 00:00:00,1,0,2024-07-20 15:37:31,0,2024-07-20 15:37:31,,,
2018-12,内蒙古区,66.00,23.70,570.30,14.40,1980,2018-12-31 00:00:00,1,0,2024-07-20 15:37:31,0,2024-07-20 15:37:31,,,
2018-12,山西省,20.80,-10.40,176.50,21.30,1981,2018-12-31 00:00:00,1,0,2024-07-20 15:37:33,0,2024-07-20 15:37:33,,,
2018-12,河北省,30.90,-0.90,261.80,5.40,1982,2018-12-31 00:00:00,1,0,2024-07-20 15:37:33,0,2024-07-20 15:37:33,,,
2018-12,天津市,0.50,-12.60,6.00,2.20,1983,2018-12-31 00:00:00,1,0,2024-07-20 15:37:33,0,2024-07-20 15:37:33,,,
2018-12,北京市,0.50,5.90,3.50,-0.20,1984,2018-12-31 00:00:00,1,0,2024-07-20 15:37:33,0,2024-07-20 15:37:33,,,
2018-11,全国,264.00,-9.50,2897.00,15.70,1985,2018-11-30 00:00:00,1,0,2024-07-20 15:37:33,0,2024-07-20 15:37:33,,,
2018-11,新疆区,24.80,27.20,303.80,14.50,1986,2018-11-30 00:00:00,1,0,2024-07-20 15:37:33,0,2024-07-20 15:37:33,,,
2018-11,宁夏区,13.10,-5.10,156.30,19.50,1987,2018-11-30 00:00:00,1,0,2024-07-20 15:37:33,0,2024-07-20 15:37:33,,,
2018-11,青海省,1.80,118.60,19.70,87.30,1988,2018-11-30 00:00:00,1,0,2024-07-20 15:37:33,0,2024-07-20 15:37:33,,,
2018-11,甘肃省,14.70,4.40,207.10,24.20,1989,2018-11-30 00:00:00,1,0,2024-07-20 15:37:33,0,2024-07-20 15:37:33,,,
2018-11,陕西省,4.70,-20.40,55.40,22.30,1990,2018-11-30 00:00:00,1,0,2024-07-20 15:37:33,0,2024-07-20 15:37:33,,,
2018-11,西藏区,0.00,0.00,0.00,0.00,1991,2018-11-30 00:00:00,1,0,2024-07-20 15:37:33,0,2024-07-20 15:37:33,,,
2018-11,云南省,22.50,31.50,189.50,9.80,1992,2018-11-30 00:00:00,1,0,2024-07-20 15:37:33,0,2024-07-20 15:37:33,,,
2018-11,贵州省,5.60,19.10,59.10,-1.40,1993,2018-11-30 00:00:00,1,0,2024-07-20 15:37:33,0,2024-07-20 15:37:33,,,
2018-11,四川省,6.10,69.30,45.30,35.80,1994,2018-11-30 00:00:00,1,0,2024-07-20 15:37:33,0,2024-07-20 15:37:33,,,
2018-11,重庆市,0.60,11.60,6.80,-2.60,1995,2018-11-30 00:00:00,1,0,2024-07-20 15:37:33,0,2024-07-20 15:37:33,,,
2018-11,海南省,0.30,-50.40,3.80,-17.20,1996,2018-11-30 00:00:00,1,0,2024-07-20 15:37:33,0,2024-07-20 15:37:33,,,
2018-11,广西区,3.10,17.90,32.80,55.10,1997,2018-11-30 00:00:00,1,0,2024-07-20 15:37:33,0,2024-07-20 15:37:33,,,
2018-11,广东省,5.30,-13.00,49.30,4.90,1998,2018-11-30 00:00:00,1,0,2024-07-20 15:37:33,0,2024-07-20 15:37:33,,,
2018-11,湖南省,4.20,13.10,46.60,15.50,1999,2018-11-30 00:00:00,1,0,2024-07-20 15:37:33,0,2024-07-20 15:37:33,,,
2018-11,湖北省,4.60,22.70,49.60,23.60,2000,2018-11-30 00:00:00,1,0,2024-07-20 15:37:33,0,2024-07-20 15:37:33,,,
2018-11,河南省,3.10,26.10,34.80,63.20,2001,2018-11-30 00:00:00,1,0,2024-07-20 15:37:33,0,2024-07-20 15:37:33,,,
2018-11,山东省,9.30,-44.10,151.30,17.80,2002,2018-11-30 00:00:00,1,0,2024-07-20 15:37:33,0,2024-07-20 15:37:33,,,
2018-11,江西省,1.70,-19.40,33.60,78.30,2003,2018-11-30 00:00:00,1,0,2024-07-20 15:37:33,0,2024-07-20 15:37:33,,,
2018-11,福建省,6.90,-10.20,57.60,8.80,2004,2018-11-30 00:00:00,1,0,2024-07-20 15:37:33,0,2024-07-20 15:37:33,,,
2018-11,安徽省,3.50,6.30,41.00,25.40,2005,2018-11-30 00:00:00,1,0,2024-07-20 15:37:33,0,2024-07-20 15:37:33,,,
2018-11,浙江省,2.20,5.30,23.30,10.00,2006,2018-11-30 00:00:00,1,0,2024-07-20 15:37:33,0,2024-07-20 15:37:33,,,
2018-11,江苏省,8.20,-20.10,119.80,19.20,2007,2018-11-30 00:00:00,1,0,2024-07-20 15:37:33,0,2024-07-20 15:37:33,,,
2018-11,上海市,0.60,-31.10,9.50,1.60,2008,2018-11-30 00:00:00,1,0,2024-07-20 15:37:33,0,2024-07-20 15:37:33,,,
2018-11,黑龙江省,10.30,-0.50,95.00,0.50,2009,2018-11-30 00:00:00,1,0,2024-07-20 15:37:33,0,2024-07-20 15:37:33,,,
2018-11,吉林省,7.60,3.10,74.60,22.40,2010,2018-11-30 00:00:00,1,0,2024-07-20 15:37:33,0,2024-07-20 15:37:33,,,
2018-11,辽宁省,9.60,-38.70,135.40,6.40,2011,2018-11-30 00:00:00,1,0,2024-07-20 15:37:36,0,2024-07-20 15:37:36,,,
2018-11,内蒙古区,53.60,-15.50,503.50,13.10,2012,2018-11-30 00:00:00,1,0,2024-07-20 15:37:36,0,2024-07-20 15:37:36,,,
2018-11,山西省,14.80,-28.00,154.70,27.30,2013,2018-11-30 00:00:00,1,0,2024-07-20 15:37:36,0,2024-07-20 15:37:36,,,
2018-11,河北省,20.70,-33.10,229.10,6.20,2014,2018-11-30 00:00:00,1,0,2024-07-20 15:37:36,0,2024-07-20 15:37:36,,,
2018-11,天津市,0.30,-50.70,5.50,3.70,2015,2018-11-30 00:00:00,1,0,2024-07-20 15:37:36,0,2024-07-20 15:37:36,,,
2018-11,北京市,0.20,-58.10,3.00,-1.20,2016,2018-11-30 00:00:00,1,0,2024-07-20 15:37:36,0,2024-07-20 15:37:36,,,
2018-10,全国,248.00,4.20,2625.00,18.80,2017,2018-10-31 00:00:00,1,0,2024-07-20 15:37:36,0,2024-07-20 15:37:36,,,
2018-10,新疆区,25.50,1.10,277.30,12.80,2018,2018-10-31 00:00:00,1,0,2024-07-20 15:37:36,0,2024-07-20 15:37:36,,,
2018-10,宁夏区,12.10,8.60,143.20,22.40,2019,2018-10-31 00:00:00,1,0,2024-07-20 15:37:36,0,2024-07-20 15:37:36,,,
2018-10,青海省,1.30,11.80,17.90,84.60,2020,2018-10-31 00:00:00,1,0,2024-07-20 15:37:36,0,2024-07-20 15:37:36,,,
2018-10,甘肃省,19.60,20.20,192.40,26.00,2021,2018-10-31 00:00:00,1,0,2024-07-20 15:37:36,0,2024-07-20 15:37:36,,,
2018-10,陕西省,5.00,10.70,50.80,28.70,2022,2018-10-31 00:00:00,1,0,2024-07-20 15:37:36,0,2024-07-20 15:37:36,,,
2018-10,西藏区,0.00,0.00,0.00,0.00,2023,2018-10-31 00:00:00,1,0,2024-07-20 15:37:36,0,2024-07-20 15:37:36,,,
2018-10,云南省,14.90,49.10,167.00,7.40,2024,2018-10-31 00:00:00,1,0,2024-07-20 15:37:36,0,2024-07-20 15:37:36,,,
2018-10,贵州省,4.10,-26.00,53.60,-3.20,2025,2018-10-31 00:00:00,1,0,2024-07-20 15:37:36,0,2024-07-20 15:37:36,,,
2018-10,四川省,4.00,22.00,39.20,31.70,2026,2018-10-31 00:00:00,1,0,2024-07-20 15:37:36,0,2024-07-20 15:37:36,,,
2018-10,重庆市,0.50,-28.90,6.20,-3.80,2027,2018-10-31 00:00:00,1,0,2024-07-20 15:37:36,0,2024-07-20 15:37:36,,,
2018-10,海南省,0.30,-32.90,3.50,-11.90,2028,2018-10-31 00:00:00,1,0,2024-07-20 15:37:36,0,2024-07-20 15:37:36,,,
2018-10,广西区,3.60,-13.30,29.60,58.60,2029,2018-10-31 00:00:00,1,0,2024-07-20 15:37:36,0,2024-07-20 15:37:36,,,
2018-10,广东省,4.30,-25.40,42.80,4.40,2030,2018-10-31 00:00:00,1,0,2024-07-20 15:37:36,0,2024-07-20 15:37:36,,,
2018-10,湖南省,3.90,0.60,41.00,14.10,2031,2018-10-31 00:00:00,1,0,2024-07-20 15:37:36,0,2024-07-20 15:37:36,,,
2018-10,湖北省,3.30,-21.30,44.70,22.70,2032,2018-10-31 00:00:00,1,0,2024-07-20 15:37:36,0,2024-07-20 15:37:36,,,
2018-10,河南省,2.70,30.70,31.70,68.00,2033,2018-10-31 00:00:00,1,0,2024-07-20 15:37:36,0,2024-07-20 15:37:36,,,
2018-10,山东省,11.00,-4.60,141.40,27.50,2034,2018-10-31 00:00:00,1,0,2024-07-20 15:37:36,0,2024-07-20 15:37:36,,,
2018-10,江西省,2.70,-0.30,31.90,90.90,2035,2018-10-31 00:00:00,1,0,2024-07-20 15:37:36,0,2024-07-20 15:37:36,,,
2018-10,福建省,6.30,-17.40,48.40,8.40,2036,2018-10-31 00:00:00,1,0,2024-07-20 15:37:36,0,2024-07-20 15:37:36,,,
2018-10,安徽省,3.50,-6.30,37.60,21.30,2037,2018-10-31 00:00:00,1,0,2024-07-20 15:37:36,0,2024-07-20 15:37:36,,,
2018-10,浙江省,2.20,-21.10,21.10,10.50,2038,2018-10-31 00:00:00,1,0,2024-07-20 15:37:36,0,2024-07-20 15:37:36,,,
2018-10,江苏省,8.40,-36.70,111.60,23.60,2039,2018-10-31 00:00:00,1,0,2024-07-20 15:37:36,0,2024-07-20 15:37:36,,,
2018-10,上海市,0.70,-50.90,8.90,4.80,2040,2018-10-31 00:00:00,1,0,2024-07-20 15:37:36,0,2024-07-20 15:37:36,,,
2018-10,黑龙江省,9.50,-9.80,83.50,0.00,2041,2018-10-31 00:00:00,1,0,2024-07-20 15:37:40,0,2024-07-20 15:37:40,,,
2018-10,吉林省,6.70,0.60,66.30,22.80,2042,2018-10-31 00:00:00,1,0,2024-07-20 15:37:40,0,2024-07-20 15:37:40,,,
2018-10,辽宁省,10.90,-20.80,125.90,14.70,2043,2018-10-31 00:00:00,1,0,2024-07-20 15:37:40,0,2024-07-20 15:37:40,,,
2018-10,内蒙古区,47.40,17.20,450.80,18.10,2044,2018-10-31 00:00:00,1,0,2024-07-20 15:37:40,0,2024-07-20 15:37:40,,,
2018-10,山西省,15.00,80.10,139.90,38.60,2045,2018-10-31 00:00:00,1,0,2024-07-20 15:37:40,0,2024-07-20 15:37:40,,,
2018-10,河北省,17.70,10.10,208.30,12.80,2046,2018-10-31 00:00:00,1,0,2024-07-20 15:37:40,0,2024-07-20 15:37:40,,,
2018-10,天津市,0.40,16.60,5.30,10.10,2047,2018-10-31 00:00:00,1,0,2024-07-20 15:37:40,0,2024-07-20 15:37:40,,,
2018-10,北京市,0.30,115.70,2.80,8.70,2048,2018-10-31 00:00:00,1,0,2024-07-20 15:37:40,0,2024-07-20 15:37:40,,,
2018-09,全国,234.00,2367.00,13.50,20.10,2049,2018-09-30 00:00:00,1,0,2024-07-20 15:37:40,0,2024-07-20 15:37:40,,,
2018-09,新疆区,28.60,9.50,251.80,13.40,2050,2018-09-30 00:00:00,1,0,2024-07-20 15:37:40,0,2024-07-20 15:37:40,,,
2018-09,宁夏区,12.20,13.80,131.10,23.10,2051,2018-09-30 00:00:00,1,0,2024-07-20 15:37:40,0,2024-07-20 15:37:40,,,
2018-09,青海省,1.80,35.20,16.60,94.30,2052,2018-09-30 00:00:00,1,0,2024-07-20 15:37:40,0,2024-07-20 15:37:40,,,
2018-09,甘肃省,17.40,10.30,172.80,26.70,2053,2018-09-30 00:00:00,1,0,2024-07-20 15:37:40,0,2024-07-20 15:37:40,,,
2018-09,陕西省,5.00,16.40,45.70,31.00,2054,2018-09-30 00:00:00,1,0,2024-07-20 15:37:40,0,2024-07-20 15:37:40,,,
2018-09,西藏区,0.00,0.00,0.00,0.00,2055,2018-09-30 00:00:00,1,0,2024-07-20 15:37:40,0,2024-07-20 15:37:40,,,
2018-09,云南省,7.90,-14.50,152.10,3.50,2056,2018-09-30 00:00:00,1,0,2024-07-20 15:37:40,0,2024-07-20 15:37:40,,,
2018-09,贵州省,4.50,-13.70,49.50,-0.60,2057,2018-09-30 00:00:00,1,0,2024-07-20 15:37:40,0,2024-07-20 15:37:40,,,
2018-09,四川省,2.50,11.10,35.20,29.90,2058,2018-09-30 00:00:00,1,0,2024-07-20 15:37:40,0,2024-07-20 15:37:40,,,
2018-09,重庆市,0.80,7.50,5.70,-0.40,2059,2018-09-30 00:00:00,1,0,2024-07-20 15:37:40,0,2024-07-20 15:37:40,,,
2018-09,海南省,0.20,-22.40,3.20,-9.20,2060,2018-09-30 00:00:00,1,0,2024-07-20 15:37:40,0,2024-07-20 15:37:40,,,
2018-09,广西区,2.80,168.10,26.00,79.30,2061,2018-09-30 00:00:00,1,0,2024-07-20 15:37:40,0,2024-07-20 15:37:40,,,
2018-09,广东省,2.80,11.30,38.40,9.40,2062,2018-09-30 00:00:00,1,0,2024-07-20 15:37:40,0,2024-07-20 15:37:40,,,
2018-09,湖南省,3.70,27.90,37.10,15.80,2063,2018-09-30 00:00:00,1,0,2024-07-20 15:37:40,0,2024-07-20 15:37:40,,,
2018-09,湖北省,3.70,20.00,35.50,15.40,2064,2018-09-30 00:00:00,1,0,2024-07-20 15:37:40,0,2024-07-20 15:37:40,,,
2018-09,河南省,2.60,55.20,29.10,70.80,2065,2018-09-30 00:00:00,1,0,2024-07-20 15:37:40,0,2024-07-20 15:37:40,,,
2018-09,山东省,7.70,7.10,130.40,31.30,2066,2018-09-30 00:00:00,1,0,2024-07-20 15:37:40,0,2024-07-20 15:37:40,,,
2018-09,江西省,2.30,79.60,27.60,125.40,2067,2018-09-30 00:00:00,1,0,2024-07-20 15:37:40,0,2024-07-20 15:37:40,,,
2018-09,福建省,4.80,56.00,41.30,12.70,2068,2018-09-30 00:00:00,1,0,2024-07-20 15:37:40,0,2024-07-20 15:37:40,,,
2018-09,安徽省,3.30,22.70,34.10,25.00,2069,2018-09-30 00:00:00,1,0,2024-07-20 15:37:40,0,2024-07-20 15:37:40,,,
2018-09,浙江省,2.10,8.50,19.00,15.20,2070,2018-09-30 00:00:00,1,0,2024-07-20 15:37:40,0,2024-07-20 15:37:40,,,
2018-09,江苏省,6.60,-22.50,103.20,34.10,2071,2018-09-30 00:00:00,1,0,2024-07-20 15:37:43,0,2024-07-20 15:37:43,,,
2018-09,上海市,0.30,-63.80,8.20,16.20,2072,2018-09-30 00:00:00,1,0,2024-07-20 15:37:43,0,2024-07-20 15:37:43,,,
2018-09,黑龙江省,8.40,-1.80,74.00,1.40,2073,2018-09-30 00:00:00,1,0,2024-07-20 15:37:43,0,2024-07-20 15:37:43,,,
2018-09,吉林省,7.10,3.70,59.90,26.40,2074,2018-09-30 00:00:00,1,0,2024-07-20 15:37:43,0,2024-07-20 15:37:43,,,
2018-09,辽宁省,9.50,-11.90,115.00,19.80,2075,2018-09-30 00:00:00,1,0,2024-07-20 15:37:43,0,2024-07-20 15:37:43,,,
2018-09,内蒙古区,49.60,21.00,402.60,18.00,2076,2018-09-30 00:00:00,1,0,2024-07-20 15:37:43,0,2024-07-20 15:37:43,,,
2018-09,山西省,13.40,59.90,124.40,34.30,2077,2018-09-30 00:00:00,1,0,2024-07-20 15:37:43,0,2024-07-20 15:37:43,,,
2018-09,河北省,21.20,25.80,190.60,14.40,2078,2018-09-30 00:00:00,1,0,2024-07-20 15:37:43,0,2024-07-20 15:37:43,,,
2018-09,天津市,0.40,9.80,4.80,9.50,2079,2018-09-30 00:00:00,1,0,2024-07-20 15:37:43,0,2024-07-20 15:37:43,,,
2018-09,北京市,0.30,56.40,2.40,2.10,2080,2018-09-30 00:00:00,1,0,2024-07-20 15:37:43,0,2024-07-20 15:37:43,,,
2018-08,全国,188.00,0.60,2129.00,20.50,2081,2018-08-31 00:00:00,1,0,2024-07-20 15:37:43,0,2024-07-20 15:37:43,,,
2018-08,新疆区,30.20,1.00,223.20,13.90,2082,2018-08-31 00:00:00,1,0,2024-07-20 15:37:43,0,2024-07-20 15:37:43,,,
2018-08,宁夏区,11.10,13.60,118.90,24.10,2083,2018-08-31 00:00:00,1,0,2024-07-20 15:37:43,0,2024-07-20 15:37:43,,,
2018-08,青海省,1.60,64.90,14.80,105.40,2084,2018-08-31 00:00:00,1,0,2024-07-20 15:37:43,0,2024-07-20 15:37:43,,,
2018-08,甘肃省,22.00,12.40,155.40,28.80,2085,2018-08-31 00:00:00,1,0,2024-07-20 15:37:43,0,2024-07-20 15:37:43,,,
2018-08,陕西省,3.50,17.60,40.10,30.90,2086,2018-08-31 00:00:00,1,0,2024-07-20 15:37:43,0,2024-07-20 15:37:43,,,
2018-08,西藏区,0.00,0.00,0.00,0.00,2087,2018-08-31 00:00:00,1,0,2024-07-20 15:37:43,0,2024-07-20 15:37:43,,,
2018-08,云南省,6.90,-22.60,144.90,6.10,2088,2018-08-31 00:00:00,1,0,2024-07-20 15:37:43,0,2024-07-20 15:37:43,,,
2018-08,贵州省,3.40,-21.60,43.10,0.90,2089,2018-08-31 00:00:00,1,0,2024-07-20 15:37:43,0,2024-07-20 15:37:43,,,
2018-08,四川省,1.60,1.00,31.90,28.50,2090,2018-08-31 00:00:00,1,0,2024-07-20 15:37:43,0,2024-07-20 15:37:43,,,
2018-08,重庆市,0.50,-39.80,4.80,-1.70,2091,2018-08-31 00:00:00,1,0,2024-07-20 15:37:43,0,2024-07-20 15:37:43,,,
2018-08,海南省,0.40,-6.40,3.00,-8.00,2092,2018-08-31 00:00:00,1,0,2024-07-20 15:37:43,0,2024-07-20 15:37:43,,,
2018-08,广西区,2.00,-0.80,22.80,69.50,2093,2018-08-31 00:00:00,1,0,2024-07-20 15:37:43,0,2024-07-20 15:37:43,,,
2018-08,广东省,3.20,-3.60,35.60,9.20,2094,2018-08-31 00:00:00,1,0,2024-07-20 15:37:43,0,2024-07-20 15:37:43,,,
2018-08,湖南省,3.60,-10.10,33.40,16.80,2095,2018-08-31 00:00:00,1,0,2024-07-20 15:37:43,0,2024-07-20 15:37:43,,,
2018-08,湖北省,3.70,-3.60,31.80,14.90,2096,2018-08-31 00:00:00,1,0,2024-07-20 15:37:43,0,2024-07-20 15:37:43,,,
2018-08,河南省,2.80,58.70,26.20,70.40,2097,2018-08-31 00:00:00,1,0,2024-07-20 15:37:43,0,2024-07-20 15:37:43,,,
2018-08,山东省,11.00,38.50,122.70,33.20,2098,2018-08-31 00:00:00,1,0,2024-07-20 15:37:43,0,2024-07-20 15:37:43,,,
2018-08,江西省,4.40,33.90,25.30,46.80,2099,2018-08-31 00:00:00,1,0,2024-07-20 15:37:43,0,2024-07-20 15:37:43,,,
2018-08,福建省,1.80,-54.90,36.10,8.40,2100,2018-08-31 00:00:00,1,0,2024-07-20 15:37:43,0,2024-07-20 15:37:43,,,
2018-08,安徽省,3.90,30.30,30.80,31.00,2101,2018-08-31 00:00:00,1,0,2024-07-20 15:37:47,0,2024-07-20 15:37:47,,,
2018-08,浙江省,2.50,46.30,16.90,16.10,2102,2018-08-31 00:00:00,1,0,2024-07-20 15:37:47,0,2024-07-20 15:37:47,,,
2018-08,江苏省,15.20,98.30,96.50,41.20,2103,2018-08-31 00:00:00,1,0,2024-07-20 15:37:47,0,2024-07-20 15:37:47,,,
2018-08,上海市,1.20,82.30,7.80,28.60,2104,2018-08-31 00:00:00,1,0,2024-07-20 15:37:47,0,2024-07-20 15:37:47,,,
2018-08,黑龙江省,4.60,-37.60,65.60,1.80,2105,2018-08-31 00:00:00,1,0,2024-07-20 15:37:47,0,2024-07-20 15:37:47,,,
2018-08,吉林省,3.50,-8.80,52.50,29.60,2106,2018-08-31 00:00:00,1,0,2024-07-20 15:37:47,0,2024-07-20 15:37:47,,,
2018-08,辽宁省,6.00,-2.60,105.50,25.40,2107,2018-08-31 00:00:00,1,0,2024-07-20 15:37:47,0,2024-07-20 15:37:47,,,
2018-08,内蒙古区,21.40,-23.70,351.90,16.80,2108,2018-08-31 00:00:00,1,0,2024-07-20 15:37:47,0,2024-07-20 15:37:47,,,
2018-08,山西省,6.70,0.90,111.00,31.80,2109,2018-08-31 00:00:00,1,0,2024-07-20 15:37:47,0,2024-07-20 15:37:47,,,
2018-08,河北省,8.50,-26.20,169.50,13.10,2110,2018-08-31 00:00:00,1,0,2024-07-20 15:37:47,0,2024-07-20 15:37:47,,,
2018-08,天津市,0.30,9.90,4.50,9.50,2111,2018-08-31 00:00:00,1,0,2024-07-20 15:37:47,0,2024-07-20 15:37:47,,,
2018-08,北京市,0.10,-45.30,2.20,-2.20,2112,2018-08-31 00:00:00,1,0,2024-07-20 15:37:47,0,2024-07-20 15:37:47,,,
2018-07,全国,233.00,24.70,1948.00,23.00,2113,2018-07-31 00:00:00,1,0,2024-07-20 15:37:47,0,2024-07-20 15:37:47,,,
2018-07,新疆区,33.40,15.10,194.70,19.30,2114,2018-07-31 00:00:00,1,0,2024-07-20 15:37:47,0,2024-07-20 15:37:47,,,
2018-07,宁夏区,16.30,18.00,107.90,25.40,2115,2018-07-31 00:00:00,1,0,2024-07-20 15:37:47,0,2024-07-20 15:37:47,,,
2018-07,青海省,2.00,88.50,13.20,109.60,2116,2018-07-31 00:00:00,1,0,2024-07-20 15:37:47,0,2024-07-20 15:37:47,,,
2018-07,甘肃省,18.60,28.10,133.40,32.00,2117,2018-07-31 00:00:00,1,0,2024-07-20 15:37:47,0,2024-07-20 15:37:47,,,
2018-07,陕西省,5.40,32.80,36.60,32.30,2118,2018-07-31 00:00:00,1,0,2024-07-20 15:37:47,0,2024-07-20 15:37:47,,,
2018-07,西藏区,0.00,0.00,0.00,0.00,2119,2018-07-31 00:00:00,1,0,2024-07-20 15:37:47,0,2024-07-20 15:37:47,,,
2018-07,云南省,10.30,16.70,149.00,15.00,2120,2018-07-31 00:00:00,1,0,2024-07-20 15:37:47,0,2024-07-20 15:37:47,,,
2018-07,贵州省,4.50,9.00,40.40,2.60,2121,2018-07-31 00:00:00,1,0,2024-07-20 15:37:47,0,2024-07-20 15:37:47,,,
2018-07,四川省,2.10,92.10,29.10,25.50,2122,2018-07-31 00:00:00,1,0,2024-07-20 15:37:47,0,2024-07-20 15:37:47,,,
2018-07,重庆市,1.00,5.70,4.30,6.60,2123,2018-07-31 00:00:00,1,0,2024-07-20 15:37:47,0,2024-07-20 15:37:47,,,
2018-07,海南省,0.30,-19.40,2.60,-8.30,2124,2018-07-31 00:00:00,1,0,2024-07-20 15:37:47,0,2024-07-20 15:37:47,,,
2018-07,广西区,1.60,33.50,20.90,81.70,2125,2018-07-31 00:00:00,1,0,2024-07-20 15:37:47,0,2024-07-20 15:37:47,,,
2018-07,广东省,4.40,26.80,32.40,10.70,2126,2018-07-31 00:00:00,1,0,2024-07-20 15:37:47,0,2024-07-20 15:37:47,,,
2018-07,湖南省,3.70,5.50,29.80,21.20,2127,2018-07-31 00:00:00,1,0,2024-07-20 15:37:47,0,2024-07-20 15:37:47,,,
2018-07,湖北省,3.80,-12.50,28.10,19.10,2128,2018-07-31 00:00:00,1,0,2024-07-20 15:37:47,0,2024-07-20 15:37:47,,,
2018-07,河南省,3.20,19.00,23.60,28.40,2129,2018-07-31 00:00:00,1,0,2024-07-20 15:37:47,0,2024-07-20 15:37:47,,,
2018-07,山东省,12.30,41.00,108.70,28.90,2130,2018-07-31 00:00:00,1,0,2024-07-20 15:37:47,0,2024-07-20 15:37:47,,,
2018-07,江西省,3.20,14.30,19.50,47.00,2131,2018-07-31 00:00:00,1,0,2024-07-20 15:37:50,0,2024-07-20 15:37:50,,,
2018-07,福建省,4.00,62.90,33.80,15.40,2132,2018-07-31 00:00:00,1,0,2024-07-20 15:37:50,0,2024-07-20 15:37:50,,,
2018-07,安徽省,3.30,12.20,26.90,31.10,2133,2018-07-31 00:00:00,1,0,2024-07-20 15:37:50,0,2024-07-20 15:37:50,,,
2018-07,浙江省,1.80,-3.00,13.60,5.80,2134,2018-07-31 00:00:00,1,0,2024-07-20 15:37:50,0,2024-07-20 15:37:50,,,
2018-07,江苏省,12.80,96.00,82.20,35.90,2135,2018-07-31 00:00:00,1,0,2024-07-20 15:37:50,0,2024-07-20 15:37:50,,,
2018-07,上海市,1.00,47.40,6.60,21.90,2136,2018-07-31 00:00:00,1,0,2024-07-20 15:37:50,0,2024-07-20 15:37:50,,,
2018-07,黑龙江省,6.00,-7.80,60.90,6.90,2137,2018-07-31 00:00:00,1,0,2024-07-20 15:37:50,0,2024-07-20 15:37:50,,,
2018-07,吉林省,5.40,21.80,49.00,33.70,2138,2018-07-31 00:00:00,1,0,2024-07-20 15:37:50,0,2024-07-20 15:37:50,,,
2018-07,辽宁省,12.10,29.20,99.10,25.80,2139,2018-07-31 00:00:00,1,0,2024-07-20 15:37:50,0,2024-07-20 15:37:50,,,
2018-07,内蒙古区,37.50,30.60,330.70,21.10,2140,2018-07-31 00:00:00,1,0,2024-07-20 15:37:50,0,2024-07-20 15:37:50,,,
2018-07,山西省,9.20,30.50,104.30,34.40,2141,2018-07-31 00:00:00,1,0,2024-07-20 15:37:50,0,2024-07-20 15:37:50,,,
2018-07,河北省,13.70,19.00,161.00,16.40,2142,2018-07-31 00:00:00,1,0,2024-07-20 15:37:50,0,2024-07-20 15:37:50,,,
2018-07,天津市,0.40,-8.00,4.10,9.50,2143,2018-07-31 00:00:00,1,0,2024-07-20 15:37:50,0,2024-07-20 15:37:50,,,
2018-07,北京市,0.10,9.50,2.10,1.50,2144,2018-07-31 00:00:00,1,0,2024-07-20 15:37:50,0,2024-07-20 15:37:50,,,
2018-06,新疆区,30.20,6.60,161.30,20.30,2145,2018-06-30 00:00:00,1,0,2024-07-20 15:37:50,0,2024-07-20 15:37:50,,,
2018-06,宁夏区,12.10,0.40,91.60,26.80,2146,2018-06-30 00:00:00,1,0,2024-07-20 15:37:50,0,2024-07-20 15:37:50,,,
2018-06,青海省,1.70,87.50,11.20,113.80,2147,2018-06-30 00:00:00,1,0,2024-07-20 15:37:50,0,2024-07-20 15:37:50,,,
2018-06,甘肃省,19.50,48.90,114.80,32.70,2148,2018-06-30 00:00:00,1,0,2024-07-20 15:37:50,0,2024-07-20 15:37:50,,,
2018-06,陕西省,4.20,-1.90,31.20,32.20,2149,2018-06-30 00:00:00,1,0,2024-07-20 15:37:50,0,2024-07-20 15:37:50,,,
2018-06,西藏区,0.00,0.00,0.00,0.00,2150,2018-06-30 00:00:00,1,0,2024-07-20 15:37:50,0,2024-07-20 15:37:50,,,
2018-06,云南省,16.20,3.10,138.70,14.50,2151,2018-06-30 00:00:00,1,0,2024-07-20 15:37:50,0,2024-07-20 15:37:50,,,
2018-06,贵州省,4.90,-4.70,35.90,1.80,2152,2018-06-30 00:00:00,1,0,2024-07-20 15:37:50,0,2024-07-20 15:37:50,,,
2018-06,四川省,2.30,-47.00,27.10,22.30,2153,2018-06-30 00:00:00,1,0,2024-07-20 15:37:50,0,2024-07-20 15:37:50,,,
2018-06,重庆市,0.60,-14.70,3.30,6.80,2154,2018-06-30 00:00:00,1,0,2024-07-20 15:37:50,0,2024-07-20 15:37:50,,,
2018-06,海南省,0.40,-10.40,2.30,-6.40,2155,2018-06-30 00:00:00,1,0,2024-07-20 15:37:50,0,2024-07-20 15:37:50,,,
2018-06,广西区,2.60,15.70,19.30,87.30,2156,2018-06-30 00:00:00,1,0,2024-07-20 15:37:50,0,2024-07-20 15:37:50,,,
2018-06,广东省,4.20,16.00,27.50,6.50,2157,2018-06-30 00:00:00,1,0,2024-07-20 15:37:50,0,2024-07-20 15:37:50,,,
2018-06,湖南省,3.60,7.80,24.80,17.60,2158,2018-06-30 00:00:00,1,0,2024-07-20 15:37:50,0,2024-07-20 15:37:50,,,
2018-06,湖北省,4.10,32.30,24.30,26.10,2159,2018-06-30 00:00:00,1,0,2024-07-20 15:37:50,0,2024-07-20 15:37:50,,,
2018-06,河南省,3.50,127.30,20.40,76.70,2160,2018-06-30 00:00:00,1,0,2024-07-20 15:37:50,0,2024-07-20 15:37:50,,,
2018-06,山东省,11.70,2.60,96.40,27.50,2161,2018-06-30 00:00:00,1,0,2024-07-20 15:37:53,0,2024-07-20 15:37:53,,,
2018-06,江西省,2.90,15.20,14.80,36.00,2162,2018-06-30 00:00:00,1,0,2024-07-20 15:37:53,0,2024-07-20 15:37:53,,,
2018-06,福建省,4.30,14.90,29.80,11.00,2163,2018-06-30 00:00:00,1,0,2024-07-20 15:37:53,0,2024-07-20 15:37:53,,,
2018-06,安徽省,3.20,30.10,22.40,27.30,2164,2018-06-30 00:00:00,1,0,2024-07-20 15:37:53,0,2024-07-20 15:37:53,,,
2018-06,浙江省,1.20,-22.10,11.40,3.80,2165,2018-06-30 00:00:00,1,0,2024-07-20 15:37:53,0,2024-07-20 15:37:53,,,
2018-06,江苏省,7.80,14.30,69.40,28.60,2166,2018-06-30 00:00:00,1,0,2024-07-20 15:37:53,0,2024-07-20 15:37:53,,,
2018-06,上海市,0.50,32.40,5.60,18.30,2167,2018-06-30 00:00:00,1,0,2024-07-20 15:37:53,0,2024-07-20 15:37:53,,,
2018-06,黑龙江省,6.60,-21.00,54.90,8.80,2168,2018-06-30 00:00:00,1,0,2024-07-20 15:37:53,0,2024-07-20 15:37:53,,,
2018-06,吉林省,6.10,17.10,45.40,37.00,2169,2018-06-30 00:00:00,1,0,2024-07-20 15:37:53,0,2024-07-20 15:37:53,,,
2018-06,辽宁省,11.70,44.20,87.40,25.80,2170,2018-06-30 00:00:00,1,0,2024-07-20 15:37:53,0,2024-07-20 15:37:53,,,
2018-06,内蒙古区,36.80,16.50,293.20,20.20,2171,2018-06-30 00:00:00,1,0,2024-07-20 15:37:53,0,2024-07-20 15:37:53,,,
2018-06,山西省,9.80,13.20,95.20,34.80,2172,2018-06-30 00:00:00,1,0,2024-07-20 15:37:53,0,2024-07-20 15:37:53,,,
2018-06,河北省,15.30,3.10,147.30,16.40,2173,2018-06-30 00:00:00,1,0,2024-07-20 15:37:53,0,2024-07-20 15:37:53,,,
2018-06,天津市,0.50,-15.10,3.80,11.50,2174,2018-06-30 00:00:00,1,0,2024-07-20 15:37:53,0,2024-07-20 15:37:53,,,
2018-06,北京市,0.10,-24.50,1.90,0.90,2175,2018-06-30 00:00:00,1,0,2024-07-20 15:37:53,0,2024-07-20 15:37:53,,,
2018-06,全国,228.00,11.40,1713.00,22.90,2176,2018-06-30 00:00:00,1,0,2024-07-20 15:37:53,0,2024-07-20 15:37:53,,,
2018-05,全国,285.00,6.70,1484.00,24.80,2177,2018-05-31 00:00:00,1,0,2024-07-20 15:37:53,0,2024-07-20 15:37:53,,,
2018-05,新疆区,31.20,14.60,131.10,24.80,2178,2018-05-31 00:00:00,1,0,2024-07-20 15:37:53,0,2024-07-20 15:37:53,,,
2018-05,宁夏区,18.70,32.50,79.50,30.20,2179,2018-05-31 00:00:00,1,0,2024-07-20 15:37:53,0,2024-07-20 15:37:53,,,
2018-05,青海省,2.30,92.60,9.50,119.30,2180,2018-05-31 00:00:00,1,0,2024-07-20 15:37:53,0,2024-07-20 15:37:53,,,
2018-05,甘肃省,15.70,-19.10,95.30,29.80,2181,2018-05-31 00:00:00,1,0,2024-07-20 15:37:53,0,2024-07-20 15:37:53,,,
2018-05,陕西省,5.60,23.80,27.00,41.50,2182,2018-05-31 00:00:00,1,0,2024-07-20 15:37:53,0,2024-07-20 15:37:53,,,
2018-05,西藏区,0.00,0.00,0.00,0.00,2183,2018-05-31 00:00:00,1,0,2024-07-20 15:37:53,0,2024-07-20 15:37:53,,,
2018-05,云南省,22.70,53.30,122.50,16.00,2184,2018-05-31 00:00:00,1,0,2024-07-20 15:37:53,0,2024-07-20 15:37:53,,,
2018-05,贵州省,7.50,26.00,30.60,2.90,2185,2018-05-31 00:00:00,1,0,2024-07-20 15:37:53,0,2024-07-20 15:37:53,,,
2018-05,四川省,4.30,88.20,24.90,39.10,2186,2018-05-31 00:00:00,1,0,2024-07-20 15:37:53,0,2024-07-20 15:37:53,,,
2018-05,重庆市,0.80,48.10,2.70,13.40,2187,2018-05-31 00:00:00,1,0,2024-07-20 15:37:53,0,2024-07-20 15:37:53,,,
2018-05,海南省,0.30,-0.50,1.90,-5.50,2188,2018-05-31 00:00:00,1,0,2024-07-20 15:37:53,0,2024-07-20 15:37:53,,,
2018-05,广西区,3.50,142.40,16.70,110.70,2189,2018-05-31 00:00:00,1,0,2024-07-20 15:37:53,0,2024-07-20 15:37:53,,,
2018-05,广东省,3.80,23.30,23.30,5.00,2190,2018-05-31 00:00:00,1,0,2024-07-20 15:37:53,0,2024-07-20 15:37:53,,,
2018-05,湖南省,5.40,60.10,21.20,19.50,2191,2018-05-31 00:00:00,1,0,2024-07-20 15:37:57,0,2024-07-20 15:37:57,,,
2018-05,湖北省,4.60,17.80,20.20,25.00,2192,2018-05-31 00:00:00,1,0,2024-07-20 15:37:57,0,2024-07-20 15:37:57,,,
2018-05,河南省,3.40,62.10,15.60,64.20,2193,2018-05-31 00:00:00,1,0,2024-07-20 15:37:57,0,2024-07-20 15:37:57,,,
2018-05,山东省,14.50,-3.50,84.70,32.00,2194,2018-05-31 00:00:00,1,0,2024-07-20 15:37:57,0,2024-07-20 15:37:57,,,
2018-05,江西省,3.10,54.80,11.90,43.30,2195,2018-05-31 00:00:00,1,0,2024-07-20 15:37:57,0,2024-07-20 15:37:57,,,
2018-05,福建省,3.80,46.80,25.50,10.40,2196,2018-05-31 00:00:00,1,0,2024-07-20 15:37:57,0,2024-07-20 15:37:57,,,
2018-05,安徽省,3.50,23.70,19.20,26.80,2197,2018-05-31 00:00:00,1,0,2024-07-20 15:37:57,0,2024-07-20 15:37:57,,,
2018-05,浙江省,1.70,5.70,10.20,7.90,2198,2018-05-31 00:00:00,1,0,2024-07-20 15:37:57,0,2024-07-20 15:37:57,,,
2018-05,江苏省,10.10,-0.10,61.50,30.70,2199,2018-05-31 00:00:00,1,0,2024-07-20 15:37:57,0,2024-07-20 15:37:57,,,
2018-05,上海市,0.80,-3.80,5.10,17.00,2200,2018-05-31 00:00:00,1,0,2024-07-20 15:37:57,0,2024-07-20 15:37:57,,,
2018-05,黑龙江省,8.40,-29.70,48.30,14.70,2201,2018-05-31 00:00:00,1,0,2024-07-20 15:37:57,0,2024-07-20 15:37:57,,,
2018-05,吉林省,9.80,17.30,43.40,41.00,2202,2018-05-31 00:00:00,1,0,2024-07-20 15:37:57,0,2024-07-20 15:37:57,,,
2018-05,辽宁省,15.30,-1.00,75.70,30.60,2203,2018-05-31 00:00:00,1,0,2024-07-20 15:37:57,0,2024-07-20 15:37:57,,,
2018-05,内蒙古区,48.20,-6.90,253.60,19.50,2204,2018-05-31 00:00:00,1,0,2024-07-20 15:37:57,0,2024-07-20 15:37:57,,,
2018-05,山西省,13.40,-10.00,85.40,36.70,2205,2018-05-31 00:00:00,1,0,2024-07-20 15:37:57,0,2024-07-20 15:37:57,,,
2018-05,河北省,21.40,-11.50,132.40,16.70,2206,2018-05-31 00:00:00,1,0,2024-07-20 15:37:57,0,2024-07-20 15:37:57,,,
2018-05,天津市,0.50,-22.80,3.30,17.30,2207,2018-05-31 00:00:00,1,0,2024-07-20 15:37:57,0,2024-07-20 15:37:57,,,
2018-05,北京市,0.20,-14.20,1.80,3.30,2208,2018-05-31 00:00:00,1,0,2024-07-20 15:37:57,0,2024-07-20 15:37:57,,,
2018-04,全国,328.00,22.60,1197.00,29.40,2209,2018-04-30 00:00:00,1,0,2024-07-20 15:37:57,0,2024-07-20 15:37:57,,,
2018-04,新疆区,30.30,4.80,99.90,17.60,2210,2018-04-30 00:00:00,1,0,2024-07-20 15:37:57,0,2024-07-20 15:37:57,,,
2018-04,宁夏区,16.80,19.30,60.80,29.60,2211,2018-04-30 00:00:00,1,0,2024-07-20 15:37:57,0,2024-07-20 15:37:57,,,
2018-04,青海省,2.30,101.20,7.20,129.30,2212,2018-04-30 00:00:00,1,0,2024-07-20 15:37:57,0,2024-07-20 15:37:57,,,
2018-04,甘肃省,22.50,42.60,79.60,47.40,2213,2018-04-30 00:00:00,1,0,2024-07-20 15:37:57,0,2024-07-20 15:37:57,,,
2018-04,陕西省,5.60,55.70,21.30,47.10,2214,2018-04-30 00:00:00,1,0,2024-07-20 15:37:57,0,2024-07-20 15:37:57,,,
2018-04,西藏区,0.00,0.00,0.00,0.00,2215,2018-04-30 00:00:00,1,0,2024-07-20 15:37:57,0,2024-07-20 15:37:57,,,
2018-04,云南省,22.80,13.10,99.90,11.30,2216,2018-04-30 00:00:00,1,0,2024-07-20 15:37:57,0,2024-07-20 15:37:57,,,
2018-04,贵州省,6.50,4.90,22.40,-4.20,2217,2018-04-30 00:00:00,1,0,2024-07-20 15:37:57,0,2024-07-20 15:37:57,,,
2018-04,四川省,4.10,18.90,20.60,31.90,2218,2018-04-30 00:00:00,1,0,2024-07-20 15:37:57,0,2024-07-20 15:37:57,,,
2018-04,重庆市,0.70,24.40,1.80,2.50,2219,2018-04-30 00:00:00,1,0,2024-07-20 15:37:57,0,2024-07-20 15:37:57,,,
2018-04,海南省,0.30,-22.70,1.60,-6.40,2220,2018-04-30 00:00:00,1,0,2024-07-20 15:37:57,0,2024-07-20 15:37:57,,,
2018-04,广西区,3.40,110.60,13.20,103.50,2221,2018-04-30 00:00:00,1,0,2024-07-20 15:38:00,0,2024-07-20 15:38:00,,,
2018-04,广东省,3.80,-8.40,19.50,2.00,2222,2018-04-30 00:00:00,1,0,2024-07-20 15:38:00,0,2024-07-20 15:38:00,,,
2018-04,湖南省,4.90,3.00,15.70,9.90,2223,2018-04-30 00:00:00,1,0,2024-07-20 15:38:00,0,2024-07-20 15:38:00,,,
2018-04,湖北省,5.20,10.70,15.60,26.40,2224,2018-04-30 00:00:00,1,0,2024-07-20 15:38:00,0,2024-07-20 15:38:00,,,
2018-04,河南省,3.70,81.70,12.20,66.30,2225,2018-04-30 00:00:00,1,0,2024-07-20 15:38:00,0,2024-07-20 15:38:00,,,
2018-04,山东省,22.10,61.30,70.20,44.10,2226,2018-04-30 00:00:00,1,0,2024-07-20 15:38:00,0,2024-07-20 15:38:00,,,
2018-04,江西省,2.60,40.70,8.80,39.70,2227,2018-04-30 00:00:00,1,0,2024-07-20 15:38:00,0,2024-07-20 15:38:00,,,
2018-04,福建省,3.40,-3.70,21.70,5.80,2228,2018-04-30 00:00:00,1,0,2024-07-20 15:38:00,0,2024-07-20 15:38:00,,,
2018-04,安徽省,4.10,24.10,14.80,20.40,2229,2018-04-30 00:00:00,1,0,2024-07-20 15:38:00,0,2024-07-20 15:38:00,,,
2018-04,浙江省,2.20,6.80,8.20,6.60,2230,2018-04-30 00:00:00,1,0,2024-07-20 15:38:00,0,2024-07-20 15:38:00,,,
2018-04,江苏省,13.90,38.70,51.40,43.40,2231,2018-04-30 00:00:00,1,0,2024-07-20 15:38:00,0,2024-07-20 15:38:00,,,
2018-04,上海市,1.20,24.50,4.30,22.20,2232,2018-04-30 00:00:00,1,0,2024-07-20 15:38:00,0,2024-07-20 15:38:00,,,
2018-04,黑龙江省,11.10,-9.80,39.50,32.10,2233,2018-04-30 00:00:00,1,0,2024-07-20 15:38:00,0,2024-07-20 15:38:00,,,
2018-04,吉林省,10.50,38.10,33.60,49.80,2234,2018-04-30 00:00:00,1,0,2024-07-20 15:38:00,0,2024-07-20 15:38:00,,,
2018-04,辽宁省,21.40,44.70,60.40,39.30,2235,2018-04-30 00:00:00,1,0,2024-07-20 15:38:00,0,2024-07-20 15:38:00,,,
2018-04,内蒙古区,58.70,24.50,205.40,29.40,2236,2018-04-30 00:00:00,1,0,2024-07-20 15:38:00,0,2024-07-20 15:38:00,,,
2018-04,山西省,17.20,24.80,72.10,51.20,2237,2018-04-30 00:00:00,1,0,2024-07-20 15:38:00,0,2024-07-20 15:38:00,,,
2018-04,河北省,25.90,6.50,111.10,24.20,2238,2018-04-30 00:00:00,1,0,2024-07-20 15:38:00,0,2024-07-20 15:38:00,,,
2018-04,天津市,0.90,28.80,2.70,30.90,2239,2018-04-30 00:00:00,1,0,2024-07-20 15:38:00,0,2024-07-20 15:38:00,,,
2018-04,北京市,0.30,1.10,1.60,6.40,2240,2018-04-30 00:00:00,1,0,2024-07-20 15:38:00,0,2024-07-20 15:38:00,,,
2018-03,全国,306.00,30.60,872.00,33.80,2241,2018-03-31 00:00:00,1,0,2024-07-20 15:38:00,0,2024-07-20 15:38:00,,,
2018-03,新疆区,27.40,16.60,71.30,47.60,2242,2018-03-31 00:00:00,1,0,2024-07-20 15:38:00,0,2024-07-20 15:38:00,,,
2018-03,宁夏区,15.70,26.00,44.00,34.00,2243,2018-03-31 00:00:00,1,0,2024-07-20 15:38:00,0,2024-07-20 15:38:00,,,
2018-03,青海省,1.90,135.00,4.90,145.70,2244,2018-03-31 00:00:00,1,0,2024-07-20 15:38:00,0,2024-07-20 15:38:00,,,
2018-03,甘肃省,20.90,17.20,57.10,49.40,2245,2018-03-31 00:00:00,1,0,2024-07-20 15:38:00,0,2024-07-20 15:38:00,,,
2018-03,陕西省,5.70,65.90,15.70,44.20,2246,2018-03-31 00:00:00,1,0,2024-07-20 15:38:00,0,2024-07-20 15:38:00,,,
2018-03,西藏区,0.00,0.00,0.00,0.00,2247,2018-03-31 00:00:00,1,0,2024-07-20 15:38:00,0,2024-07-20 15:38:00,,,
2018-03,云南省,25.90,-5.20,77.00,10.70,2248,2018-03-31 00:00:00,1,0,2024-07-20 15:38:00,0,2024-07-20 15:38:00,,,
2018-03,贵州省,5.70,-10.70,15.80,-8.50,2249,2018-03-31 00:00:00,1,0,2024-07-20 15:38:00,0,2024-07-20 15:38:00,,,
2018-03,四川省,5.50,25.00,16.50,35.60,2250,2018-03-31 00:00:00,1,0,2024-07-20 15:38:00,0,2024-07-20 15:38:00,,,
2018-03,重庆市,0.60,26.40,1.10,-7.80,2251,2018-03-31 00:00:00,1,0,2024-07-20 15:38:04,0,2024-07-20 15:38:04,,,
2018-03,海南省,0.40,-5.20,1.30,-1.30,2252,2018-03-31 00:00:00,1,0,2024-07-20 15:38:04,0,2024-07-20 15:38:04,,,
2018-03,广西区,3.20,92.30,8.90,83.60,2253,2018-03-31 00:00:00,1,0,2024-07-20 15:38:04,0,2024-07-20 15:38:04,,,
2018-03,广东省,4.80,-9.70,15.70,4.90,2254,2018-03-31 00:00:00,1,0,2024-07-20 15:38:04,0,2024-07-20 15:38:04,,,
2018-03,湖南省,4.40,14.50,10.90,13.20,2255,2018-03-31 00:00:00,1,0,2024-07-20 15:38:04,0,2024-07-20 15:38:04,,,
2018-03,湖北省,4.90,54.30,13.80,5.50,2256,2018-03-31 00:00:00,1,0,2024-07-20 15:38:04,0,2024-07-20 15:38:04,,,
2018-03,河南省,2.90,77.40,7.70,53.30,2257,2018-03-31 00:00:00,1,0,2024-07-20 15:38:04,0,2024-07-20 15:38:04,,,
2018-03,山东省,19.80,74.20,48.10,37.40,2258,2018-03-31 00:00:00,1,0,2024-07-20 15:38:04,0,2024-07-20 15:38:04,,,
2018-03,江西省,2.40,42.30,6.00,43.40,2259,2018-03-31 00:00:00,1,0,2024-07-20 15:38:04,0,2024-07-20 15:38:04,,,
2018-03,福建省,4.40,1.20,18.30,7.80,2260,2018-03-31 00:00:00,1,0,2024-07-20 15:38:04,0,2024-07-20 15:38:04,,,
2018-03,安徽省,4.20,31.60,10.70,19.10,2261,2018-03-31 00:00:00,1,0,2024-07-20 15:38:04,0,2024-07-20 15:38:04,,,
2018-03,浙江省,2.30,24.90,6.00,6.50,2262,2018-03-31 00:00:00,1,0,2024-07-20 15:38:04,0,2024-07-20 15:38:04,,,
2018-03,江苏省,13.70,63.80,37.50,45.30,2263,2018-03-31 00:00:00,1,0,2024-07-20 15:38:04,0,2024-07-20 15:38:04,,,
2018-03,上海市,1.20,53.20,3.10,21.30,2264,2018-03-31 00:00:00,1,0,2024-07-20 15:38:04,0,2024-07-20 15:38:04,,,
2018-03,黑龙江省,11.10,101.10,28.10,60.90,2265,2018-03-31 00:00:00,1,0,2024-07-20 15:38:04,0,2024-07-20 15:38:04,,,
2018-03,吉林省,8.50,64.30,22.90,57.30,2266,2018-03-31 00:00:00,1,0,2024-07-20 15:38:04,0,2024-07-20 15:38:04,,,
2018-03,辽宁省,17.10,66.30,39.20,36.60,2267,2018-03-31 00:00:00,1,0,2024-07-20 15:38:04,0,2024-07-20 15:38:04,,,
2018-03,内蒙古区,48.00,33.50,146.80,31.50,2268,2018-03-31 00:00:00,1,0,2024-07-20 15:38:04,0,2024-07-20 15:38:04,,,
2018-03,山西省,16.50,35.30,54.90,62.00,2269,2018-03-31 00:00:00,1,0,2024-07-20 15:38:04,0,2024-07-20 15:38:04,,,
2018-03,河北省,25.50,29.30,85.20,36.60,2270,2018-03-31 00:00:00,1,0,2024-07-20 15:38:04,0,2024-07-20 15:38:04,,,
2018-03,天津市,0.70,20.60,1.80,32.00,2271,2018-03-31 00:00:00,1,0,2024-07-20 15:38:04,0,2024-07-20 15:38:04,,,
2018-03,北京市,0.30,-28.10,1.30,7.90,2272,2018-03-31 00:00:00,1,0,2024-07-20 15:38:04,0,2024-07-20 15:38:04,,,
2018-02,全国,0.00,0.00,568.00,34.70,2273,2018-02-28 00:00:00,1,0,2024-07-20 15:38:04,0,2024-07-20 15:38:04,,,
2018-02,新疆区,0.00,0.00,43.50,75.80,2274,2018-02-28 00:00:00,1,0,2024-07-20 15:38:04,0,2024-07-20 15:38:04,,,
2018-02,宁夏区,0.00,0.00,28.50,31.70,2275,2018-02-28 00:00:00,1,0,2024-07-20 15:38:04,0,2024-07-20 15:38:04,,,
2018-02,青海省,0.00,0.00,3.00,157.30,2276,2018-02-28 00:00:00,1,0,2024-07-20 15:38:04,0,2024-07-20 15:38:04,,,
2018-02,甘肃省,0.00,0.00,36.30,77.20,2277,2018-02-28 00:00:00,1,0,2024-07-20 15:38:04,0,2024-07-20 15:38:04,,,
2018-02,陕西省,0.00,0.00,10.00,34.30,2278,2018-02-28 00:00:00,1,0,2024-07-20 15:38:04,0,2024-07-20 15:38:04,,,
2018-02,西藏区,0.00,0.00,0.00,0.00,2279,2018-02-28 00:00:00,1,0,2024-07-20 15:38:04,0,2024-07-20 15:38:04,,,
2018-02,云南省,0.00,0.00,51.10,21.50,2280,2018-02-28 00:00:00,1,0,2024-07-20 15:38:04,0,2024-07-20 15:38:04,,,
2018-02,贵州省,0.00,0.00,9.80,-6.20,2281,2018-02-28 00:00:00,1,0,2024-07-20 15:38:07,0,2024-07-20 15:38:07,,,
2018-02,四川省,0.00,0.00,11.00,41.70,2282,2018-02-28 00:00:00,1,0,2024-07-20 15:38:07,0,2024-07-20 15:38:07,,,
2018-02,重庆市,0.00,0.00,0.50,-31.60,2283,2018-02-28 00:00:00,1,0,2024-07-20 15:38:07,0,2024-07-20 15:38:07,,,
2018-02,海南省,0.00,0.00,0.90,0.40,2284,2018-02-28 00:00:00,1,0,2024-07-20 15:38:07,0,2024-07-20 15:38:07,,,
2018-02,广西区,0.00,0.00,5.70,78.90,2285,2018-02-28 00:00:00,1,0,2024-07-20 15:38:07,0,2024-07-20 15:38:07,,,
2018-02,广东省,0.00,0.00,10.70,10.10,2286,2018-02-28 00:00:00,1,0,2024-07-20 15:38:07,0,2024-07-20 15:38:07,,,
2018-02,湖南省,0.00,0.00,6.50,12.40,2287,2018-02-28 00:00:00,1,0,2024-07-20 15:38:07,0,2024-07-20 15:38:07,,,
2018-02,湖北省,0.00,0.00,8.90,-10.20,2288,2018-02-28 00:00:00,1,0,2024-07-20 15:38:07,0,2024-07-20 15:38:07,,,
2018-02,河南省,0.00,0.00,4.40,42.50,2289,2018-02-28 00:00:00,1,0,2024-07-20 15:38:07,0,2024-07-20 15:38:07,,,
2018-02,山东省,0.00,0.00,27.60,16.50,2290,2018-02-28 00:00:00,1,0,2024-07-20 15:38:07,0,2024-07-20 15:38:07,,,
2018-02,江西省,0.00,0.00,3.60,44.20,2291,2018-02-28 00:00:00,1,0,2024-07-20 15:38:07,0,2024-07-20 15:38:07,,,
2018-02,福建省,0.00,0.00,13.90,10.10,2292,2018-02-28 00:00:00,1,0,2024-07-20 15:38:07,0,2024-07-20 15:38:07,,,
2018-02,安徽省,0.00,0.00,7.90,36.70,2293,2018-02-28 00:00:00,1,0,2024-07-20 15:38:07,0,2024-07-20 15:38:07,,,
2018-02,浙江省,0.00,0.00,3.70,-17.60,2294,2018-02-28 00:00:00,1,0,2024-07-20 15:38:07,0,2024-07-20 15:38:07,,,
2018-02,江苏省,0.00,0.00,23.70,35.60,2295,2018-02-28 00:00:00,1,0,2024-07-20 15:38:07,0,2024-07-20 15:38:07,,,
2018-02,上海市,0.00,0.00,1.90,7.40,2296,2018-02-28 00:00:00,1,0,2024-07-20 15:38:07,0,2024-07-20 15:38:07,,,
2018-02,黑龙江省,0.00,0.00,16.80,42.10,2297,2018-02-28 00:00:00,1,0,2024-07-20 15:38:07,0,2024-07-20 15:38:07,,,
2018-02,吉林省,0.00,0.00,14.30,45.60,2298,2018-02-28 00:00:00,1,0,2024-07-20 15:38:07,0,2024-07-20 15:38:07,,,
2018-02,辽宁省,0.00,0.00,22.10,20.00,2299,2018-02-28 00:00:00,1,0,2024-07-20 15:38:07,0,2024-07-20 15:38:07,,,
2018-02,内蒙古区,0.00,0.00,101.20,29.50,2300,2018-02-28 00:00:00,1,0,2024-07-20 15:38:07,0,2024-07-20 15:38:07,,,
2018-02,山西省,0.00,0.00,38.30,76.60,2301,2018-02-28 00:00:00,1,0,2024-07-20 15:38:07,0,2024-07-20 15:38:07,,,
2018-02,河北省,0.00,0.00,60.10,40.80,2302,2018-02-28 00:00:00,1,0,2024-07-20 15:38:07,0,2024-07-20 15:38:07,,,
2018-02,天津市,0.00,0.00,1.10,40.00,2303,2018-02-28 00:00:00,1,0,2024-07-20 15:38:07,0,2024-07-20 15:38:07,,,
2018-02,北京市,0.00,0.00,1.00,25.40,2304,2018-02-28 00:00:00,1,0,2024-07-20 15:38:07,0,2024-07-20 15:38:07,,,
2017-12,新疆区,16.80,4.00,268.10,40.80,2305,2017-12-31 00:00:00,1,0,2024-07-20 15:38:07,0,2024-07-20 15:38:07,,,
2017-12,宁夏区,11.00,-19.50,139.90,13.70,2306,2017-12-31 00:00:00,1,0,2024-07-20 15:38:07,0,2024-07-20 15:38:07,,,
2017-12,青海省,1.00,78.10,10.70,34.90,2307,2017-12-31 00:00:00,1,0,2024-07-20 15:38:07,0,2024-07-20 15:38:07,,,
2017-12,甘肃省,17.60,107.50,183.00,38.80,2308,2017-12-31 00:00:00,1,0,2024-07-20 15:38:07,0,2024-07-20 15:38:07,,,
2017-12,陕西省,6.00,48.40,48.90,27.60,2309,2017-12-31 00:00:00,1,0,2024-07-20 15:38:07,0,2024-07-20 15:38:07,,,
2017-12,西藏区,0.00,0.00,0.00,0.00,2310,2017-12-31 00:00:00,1,0,2024-07-20 15:38:07,0,2024-07-20 15:38:07,,,
2017-12,云南省,20.30,26.00,194.40,25.60,2311,2017-12-31 00:00:00,1,0,2024-07-20 15:38:11,0,2024-07-20 15:38:11,,,
2017-12,贵州省,6.20,47.20,60.20,26.40,2312,2017-12-31 00:00:00,1,0,2024-07-20 15:38:11,0,2024-07-20 15:38:11,,,
2017-12,四川省,5.00,126.70,37.80,69.90,2313,2017-12-31 00:00:00,1,0,2024-07-20 15:38:11,0,2024-07-20 15:38:11,,,
2017-12,重庆市,0.30,-43.50,5.90,27.70,2314,2017-12-31 00:00:00,1,0,2024-07-20 15:38:11,0,2024-07-20 15:38:11,,,
2017-12,海南省,0.70,17.10,5.30,3.00,2315,2017-12-31 00:00:00,1,0,2024-07-20 15:38:11,0,2024-07-20 15:38:11,,,
2017-12,广西区,2.80,70.90,21.10,95.80,2316,2017-12-31 00:00:00,1,0,2024-07-20 15:38:11,0,2024-07-20 15:38:11,,,
2017-12,广东省,6.50,10.20,52.60,16.50,2317,2017-12-31 00:00:00,1,0,2024-07-20 15:38:11,0,2024-07-20 15:38:11,,,
2017-12,湖南省,3.80,24.30,43.50,30.60,2318,2017-12-31 00:00:00,1,0,2024-07-20 15:38:11,0,2024-07-20 15:38:11,,,
2017-12,湖北省,3.30,44.90,41.00,43.80,2319,2017-12-31 00:00:00,1,0,2024-07-20 15:38:11,0,2024-07-20 15:38:11,,,
2017-12,河南省,3.40,28.60,29.20,36.40,2320,2017-12-31 00:00:00,1,0,2024-07-20 15:38:11,0,2024-07-20 15:38:11,,,
2017-12,山东省,13.10,18.80,132.90,13.20,2321,2017-12-31 00:00:00,1,0,2024-07-20 15:38:11,0,2024-07-20 15:38:11,,,
2017-12,江西省,1.70,44.70,15.60,87.20,2322,2017-12-31 00:00:00,1,0,2024-07-20 15:38:11,0,2024-07-20 15:38:11,,,
2017-12,福建省,8.70,30.90,59.40,26.70,2323,2017-12-31 00:00:00,1,0,2024-07-20 15:38:11,0,2024-07-20 15:38:11,,,
2017-12,安徽省,3.60,0.10,38.30,10.30,2324,2017-12-31 00:00:00,1,0,2024-07-20 15:38:11,0,2024-07-20 15:38:11,,,
2017-12,浙江省,2.10,6.80,22.20,9.80,2325,2017-12-31 00:00:00,1,0,2024-07-20 15:38:11,0,2024-07-20 15:38:11,,,
2017-12,江苏省,8.10,-9.80,100.70,20.20,2326,2017-12-31 00:00:00,1,0,2024-07-20 15:38:11,0,2024-07-20 15:38:11,,,
2017-12,上海市,0.50,-7.10,6.90,2.90,2327,2017-12-31 00:00:00,1,0,2024-07-20 15:38:11,0,2024-07-20 15:38:11,,,
2017-12,黑龙江省,7.00,-7.20,90.40,13.50,2328,2017-12-31 00:00:00,1,0,2024-07-20 15:38:11,0,2024-07-20 15:38:11,,,
2017-12,吉林省,7.80,-18.50,82.30,0.50,2329,2017-12-31 00:00:00,1,0,2024-07-20 15:38:11,0,2024-07-20 15:38:11,,,
2017-12,辽宁省,10.50,-5.50,134.20,9.60,2330,2017-12-31 00:00:00,1,0,2024-07-20 15:38:11,0,2024-07-20 15:38:11,,,
2017-12,内蒙古区,50.90,29.90,477.70,15.00,2331,2017-12-31 00:00:00,1,0,2024-07-20 15:38:11,0,2024-07-20 15:38:11,,,
2017-12,山西省,20.80,99.70,131.70,16.20,2332,2017-12-31 00:00:00,1,0,2024-07-20 15:38:11,0,2024-07-20 15:38:11,,,
2017-12,河北省,30.60,44.40,252.10,16.80,2333,2017-12-31 00:00:00,1,0,2024-07-20 15:38:11,0,2024-07-20 15:38:11,,,
2017-12,天津市,0.50,67.20,5.90,1.10,2334,2017-12-31 00:00:00,1,0,2024-07-20 15:38:11,0,2024-07-20 15:38:11,,,
2017-12,北京市,0.50,48.20,3.50,5.90,2335,2017-12-31 00:00:00,1,0,2024-07-20 15:38:11,0,2024-07-20 15:38:11,,,
2017-12,全国,271.00,25.70,2695.00,21.40,2336,2017-12-31 00:00:00,1,0,2024-07-20 15:38:11,0,2024-07-20 15:38:11,,,
2017-11,新疆区,18.30,-1.50,251.20,44.20,2337,2017-11-30 00:00:00,1,0,2024-07-20 15:38:11,0,2024-07-20 15:38:11,,,
2017-11,宁夏区,13.40,5.40,127.30,16.60,2338,2017-11-30 00:00:00,1,0,2024-07-20 15:38:11,0,2024-07-20 15:38:11,,,
2017-11,青海省,0.70,35.60,9.80,31.70,2339,2017-11-30 00:00:00,1,0,2024-07-20 15:38:11,0,2024-07-20 15:38:11,,,
2017-11,甘肃省,14.00,66.80,165.40,34.40,2340,2017-11-30 00:00:00,1,0,2024-07-20 15:38:11,0,2024-07-20 15:38:11,,,
2017-11,陕西省,5.50,41.10,42.90,25.20,2341,2017-11-30 00:00:00,1,0,2024-07-20 15:38:14,0,2024-07-20 15:38:14,,,
2017-11,西藏区,0.00,0.00,0.00,0.00,2342,2017-11-30 00:00:00,1,0,2024-07-20 15:38:14,0,2024-07-20 15:38:14,,,
2017-11,云南省,18.00,23.50,182.60,29.20,2343,2017-11-30 00:00:00,1,0,2024-07-20 15:38:14,0,2024-07-20 15:38:14,,,
2017-11,贵州省,5.60,36.70,54.60,29.50,2344,2017-11-30 00:00:00,1,0,2024-07-20 15:38:14,0,2024-07-20 15:38:14,,,
2017-11,四川省,3.50,43.40,32.80,63.70,2345,2017-11-30 00:00:00,1,0,2024-07-20 15:38:14,0,2024-07-20 15:38:14,,,
2017-11,重庆市,0.30,-34.00,5.70,35.40,2346,2017-11-30 00:00:00,1,0,2024-07-20 15:38:14,0,2024-07-20 15:38:14,,,
2017-11,海南省,0.60,26.50,4.60,1.10,2347,2017-11-30 00:00:00,1,0,2024-07-20 15:38:14,0,2024-07-20 15:38:14,,,
2017-11,广西区,2.40,117.70,18.30,104.40,2348,2017-11-30 00:00:00,1,0,2024-07-20 15:38:14,0,2024-07-20 15:38:14,,,
2017-11,广东省,5.90,28.10,47.80,14.10,2349,2017-11-30 00:00:00,1,0,2024-07-20 15:38:14,0,2024-07-20 15:38:14,,,
2017-11,湖南省,3.70,-0.70,38.80,29.60,2350,2017-11-30 00:00:00,1,0,2024-07-20 15:38:14,0,2024-07-20 15:38:14,,,
2017-11,湖北省,3.50,87.40,37.70,47.50,2351,2017-11-30 00:00:00,1,0,2024-07-20 15:38:14,0,2024-07-20 15:38:14,,,
2017-11,河南省,2.80,24.00,25.80,39.70,2352,2017-11-30 00:00:00,1,0,2024-07-20 15:38:14,0,2024-07-20 15:38:14,,,
2017-11,山东省,15.30,24.20,119.80,12.60,2353,2017-11-30 00:00:00,1,0,2024-07-20 15:38:14,0,2024-07-20 15:38:14,,,
2017-11,江西省,1.60,92.10,13.40,87.40,2354,2017-11-30 00:00:00,1,0,2024-07-20 15:38:14,0,2024-07-20 15:38:14,,,
2017-11,福建省,7.30,37.40,50.70,26.00,2355,2017-11-30 00:00:00,1,0,2024-07-20 15:38:14,0,2024-07-20 15:38:14,,,
2017-11,安徽省,3.20,16.40,34.70,11.40,2356,2017-11-30 00:00:00,1,0,2024-07-20 15:38:14,0,2024-07-20 15:38:14,,,
2017-11,浙江省,1.90,3.10,20.10,16.80,2357,2017-11-30 00:00:00,1,0,2024-07-20 15:38:14,0,2024-07-20 15:38:14,,,
2017-11,江苏省,9.20,7.20,92.60,26.10,2358,2017-11-30 00:00:00,1,0,2024-07-20 15:38:14,0,2024-07-20 15:38:14,,,
2017-11,上海市,0.60,-11.20,6.40,3.80,2359,2017-11-30 00:00:00,1,0,2024-07-20 15:38:14,0,2024-07-20 15:38:14,,,
2017-11,黑龙江省,9.10,22.10,85.00,15.40,2360,2017-11-30 00:00:00,1,0,2024-07-20 15:38:14,0,2024-07-20 15:38:14,,,
2017-11,吉林省,9.30,-0.20,74.50,3.00,2361,2017-11-30 00:00:00,1,0,2024-07-20 15:38:14,0,2024-07-20 15:38:14,,,
2017-11,辽宁省,15.50,39.60,123.70,11.10,2362,2017-11-30 00:00:00,1,0,2024-07-20 15:38:14,0,2024-07-20 15:38:14,,,
2017-11,内蒙古区,60.20,33.40,427.50,10.20,2363,2017-11-30 00:00:00,1,0,2024-07-20 15:38:14,0,2024-07-20 15:38:14,,,
2017-11,山西省,18.70,33.50,110.90,8.50,2364,2017-11-30 00:00:00,1,0,2024-07-20 15:38:14,0,2024-07-20 15:38:14,,,
2017-11,河北省,30.50,18.80,221.60,13.80,2365,2017-11-30 00:00:00,1,0,2024-07-20 15:38:14,0,2024-07-20 15:38:14,,,
2017-11,天津市,0.60,18.70,5.30,-2.90,2366,2017-11-30 00:00:00,1,0,2024-07-20 15:38:14,0,2024-07-20 15:38:14,,,
2017-11,北京市,0.40,61.50,3.00,1.40,2367,2017-11-30 00:00:00,1,0,2024-07-20 15:38:14,0,2024-07-20 15:38:14,,,
2017-11,全国,282.00,24.90,2434.00,20.70,2368,2017-11-30 00:00:00,1,0,2024-07-20 15:38:14,0,2024-07-20 15:38:14,,,
2017-10,全国,230.00,11.70,2147.00,19.70,2369,2017-10-31 00:00:00,1,0,2024-07-20 15:38:14,0,2024-07-20 15:38:14,,,
2017-10,新疆区,23.80,32.00,232.30,49.30,2370,2017-10-31 00:00:00,1,0,2024-07-20 15:38:14,0,2024-07-20 15:38:14,,,
2017-10,宁夏区,10.90,-11.90,113.90,18.10,2371,2017-10-31 00:00:00,1,0,2024-07-20 15:38:17,0,2024-07-20 15:38:17,,,
2017-10,青海省,1.00,68.40,9.00,31.40,2372,2017-10-31 00:00:00,1,0,2024-07-20 15:38:17,0,2024-07-20 15:38:17,,,
2017-10,甘肃省,16.20,44.20,151.40,32.10,2373,2017-10-31 00:00:00,1,0,2024-07-20 15:38:17,0,2024-07-20 15:38:17,,,
2017-10,陕西省,4.30,4.70,37.30,23.10,2374,2017-10-31 00:00:00,1,0,2024-07-20 15:38:17,0,2024-07-20 15:38:17,,,
2017-10,西藏区,0.00,0.00,0.00,0.00,2375,2017-10-31 00:00:00,1,0,2024-07-20 15:38:17,0,2024-07-20 15:38:17,,,
2017-10,云南省,11.60,21.90,164.90,29.50,2376,2017-10-31 00:00:00,1,0,2024-07-20 15:38:17,0,2024-07-20 15:38:17,,,
2017-10,贵州省,4.70,25.80,49.00,28.70,2377,2017-10-31 00:00:00,1,0,2024-07-20 15:38:17,0,2024-07-20 15:38:17,,,
2017-10,四川省,3.20,90.10,29.30,66.50,2378,2017-10-31 00:00:00,1,0,2024-07-20 15:38:17,0,2024-07-20 15:38:17,,,
2017-10,重庆市,0.30,-29.10,5.40,42.80,2379,2017-10-31 00:00:00,1,0,2024-07-20 15:38:17,0,2024-07-20 15:38:17,,,
2017-10,海南省,0.40,9.80,4.00,-2.00,2380,2017-10-31 00:00:00,1,0,2024-07-20 15:38:17,0,2024-07-20 15:38:17,,,
2017-10,广西区,2.70,126.00,14.40,84.00,2381,2017-10-31 00:00:00,1,0,2024-07-20 15:38:17,0,2024-07-20 15:38:17,,,
2017-10,广东省,5.80,27.30,41.60,11.40,2382,2017-10-31 00:00:00,1,0,2024-07-20 15:38:17,0,2024-07-20 15:38:17,,,
2017-10,湖南省,3.50,11.10,32.80,24.90,2383,2017-10-31 00:00:00,1,0,2024-07-20 15:38:17,0,2024-07-20 15:38:17,,,
2017-10,湖北省,3.90,17.90,34.20,44.30,2384,2017-10-31 00:00:00,1,0,2024-07-20 15:38:17,0,2024-07-20 15:38:17,,,
2017-10,河南省,2.50,14.60,23.00,41.90,2385,2017-10-31 00:00:00,1,0,2024-07-20 15:38:17,0,2024-07-20 15:38:17,,,
2017-10,山东省,10.60,9.20,104.50,11.10,2386,2017-10-31 00:00:00,1,0,2024-07-20 15:38:17,0,2024-07-20 15:38:17,,,
2017-10,江西省,1.90,119.10,11.90,86.80,2387,2017-10-31 00:00:00,1,0,2024-07-20 15:38:17,0,2024-07-20 15:38:17,,,
2017-10,福建省,7.40,28.20,43.40,24.30,2388,2017-10-31 00:00:00,1,0,2024-07-20 15:38:17,0,2024-07-20 15:38:17,,,
2017-10,安徽省,3.10,5.10,30.70,8.10,2389,2017-10-31 00:00:00,1,0,2024-07-20 15:38:17,0,2024-07-20 15:38:17,,,
2017-10,浙江省,2.60,29.20,18.10,18.50,2390,2017-10-31 00:00:00,1,0,2024-07-20 15:38:17,0,2024-07-20 15:38:17,,,
2017-10,江苏省,11.90,38.70,83.50,25.90,2391,2017-10-31 00:00:00,1,0,2024-07-20 15:38:17,0,2024-07-20 15:38:17,,,
2017-10,上海市,1.00,33.50,5.80,5.60,2392,2017-10-31 00:00:00,1,0,2024-07-20 15:38:17,0,2024-07-20 15:38:17,,,
2017-10,黑龙江省,9.30,2.00,75.80,14.60,2393,2017-10-31 00:00:00,1,0,2024-07-20 15:38:17,0,2024-07-20 15:38:17,,,
2017-10,吉林省,8.90,-5.20,65.20,3.50,2394,2017-10-31 00:00:00,1,0,2024-07-20 15:38:17,0,2024-07-20 15:38:17,,,
2017-10,辽宁省,13.70,8.10,108.20,8.00,2395,2017-10-31 00:00:00,1,0,2024-07-20 15:38:17,0,2024-07-20 15:38:17,,,
2017-10,内蒙古区,38.50,4.40,367.30,7.30,2396,2017-10-31 00:00:00,1,0,2024-07-20 15:38:17,0,2024-07-20 15:38:17,,,
2017-10,山西省,7.50,-23.40,91.50,3.80,2397,2017-10-31 00:00:00,1,0,2024-07-20 15:38:17,0,2024-07-20 15:38:17,,,
2017-10,河北省,17.90,-10.00,191.10,13.10,2398,2017-10-31 00:00:00,1,0,2024-07-20 15:38:17,0,2024-07-20 15:38:17,,,
2017-10,天津市,0.40,-34.20,4.80,-4.90,2399,2017-10-31 00:00:00,1,0,2024-07-20 15:38:17,0,2024-07-20 15:38:17,,,
2017-10,北京市,0.10,-28.30,2.50,-4.80,2400,2017-10-31 00:00:00,1,0,2024-07-20 15:38:17,0,2024-07-20 15:38:17,,,
2017-09,全国,200.00,36.80,1914.00,21.00,2401,2017-09-30 00:00:00,1,0,2024-07-20 15:38:21,0,2024-07-20 15:38:21,,,
2017-09,新疆区,24.70,76.30,208.90,54.20,2402,2017-09-30 00:00:00,1,0,2024-07-20 15:38:21,0,2024-07-20 15:38:21,,,
2017-09,宁夏区,10.50,22.60,103.70,23.30,2403,2017-09-30 00:00:00,1,0,2024-07-20 15:38:21,0,2024-07-20 15:38:21,,,
2017-09,青海省,0.80,59.50,8.00,27.80,2404,2017-09-30 00:00:00,1,0,2024-07-20 15:38:21,0,2024-07-20 15:38:21,,,
2017-09,甘肃省,15.60,60.80,135.30,30.60,2405,2017-09-30 00:00:00,1,0,2024-07-20 15:38:21,0,2024-07-20 15:38:21,,,
2017-09,陕西省,4.00,71.40,33.00,26.00,2406,2017-09-30 00:00:00,1,0,2024-07-20 15:38:21,0,2024-07-20 15:38:21,,,
2017-09,西藏区,0.00,0.00,0.00,0.00,2407,2017-09-30 00:00:00,1,0,2024-07-20 15:38:21,0,2024-07-20 15:38:21,,,
2017-09,云南省,11.00,41.80,153.30,30.10,2408,2017-09-30 00:00:00,1,0,2024-07-20 15:38:21,0,2024-07-20 15:38:21,,,
2017-09,贵州省,4.30,38.70,44.20,29.00,2409,2017-09-30 00:00:00,1,0,2024-07-20 15:38:21,0,2024-07-20 15:38:21,,,
2017-09,四川省,2.20,103.90,26.60,67.80,2410,2017-09-30 00:00:00,1,0,2024-07-20 15:38:21,0,2024-07-20 15:38:21,,,
2017-09,重庆市,0.70,110.00,5.10,53.20,2411,2017-09-30 00:00:00,1,0,2024-07-20 15:38:21,0,2024-07-20 15:38:21,,,
2017-09,海南省,0.30,-2.50,3.50,-3.40,2412,2017-09-30 00:00:00,1,0,2024-07-20 15:38:21,0,2024-07-20 15:38:21,,,
2017-09,广西区,0.70,-4.60,11.20,67.60,2413,2017-09-30 00:00:00,1,0,2024-07-20 15:38:21,0,2024-07-20 15:38:21,,,
2017-09,广东省,2.70,-5.80,35.80,9.20,2414,2017-09-30 00:00:00,1,0,2024-07-20 15:38:21,0,2024-07-20 15:38:21,,,
2017-09,湖南省,2.60,8.40,29.30,29.20,2415,2017-09-30 00:00:00,1,0,2024-07-20 15:38:21,0,2024-07-20 15:38:21,,,
2017-09,湖北省,3.00,10.60,30.30,45.80,2416,2017-09-30 00:00:00,1,0,2024-07-20 15:38:21,0,2024-07-20 15:38:21,,,
2017-09,河南省,2.10,23.60,20.50,45.80,2417,2017-09-30 00:00:00,1,0,2024-07-20 15:38:21,0,2024-07-20 15:38:21,,,
2017-09,山东省,6.70,-6.30,93.90,11.40,2418,2017-09-30 00:00:00,1,0,2024-07-20 15:38:21,0,2024-07-20 15:38:21,,,
2017-09,江西省,1.10,64.70,10.00,81.80,2419,2017-09-30 00:00:00,1,0,2024-07-20 15:38:21,0,2024-07-20 15:38:21,,,
2017-09,福建省,3.00,7.70,35.60,22.30,2420,2017-09-30 00:00:00,1,0,2024-07-20 15:38:21,0,2024-07-20 15:38:21,,,
2017-09,安徽省,2.50,-12.60,27.60,8.40,2421,2017-09-30 00:00:00,1,0,2024-07-20 15:38:21,0,2024-07-20 15:38:21,,,
2017-09,浙江省,1.80,17.30,15.00,13.10,2422,2017-09-30 00:00:00,1,0,2024-07-20 15:38:21,0,2024-07-20 15:38:21,,,
2017-09,江苏省,7.60,7.30,71.50,25.10,2423,2017-09-30 00:00:00,1,0,2024-07-20 15:38:21,0,2024-07-20 15:38:21,,,
2017-09,上海市,0.60,19.00,4.80,1.30,2424,2017-09-30 00:00:00,1,0,2024-07-20 15:38:21,0,2024-07-20 15:38:21,,,
2017-09,黑龙江省,7.60,23.60,66.50,18.00,2425,2017-09-30 00:00:00,1,0,2024-07-20 15:38:21,0,2024-07-20 15:38:21,,,
2017-09,吉林省,8.30,15.30,56.40,5.00,2426,2017-09-30 00:00:00,1,0,2024-07-20 15:38:21,0,2024-07-20 15:38:21,,,
2017-09,辽宁省,9.70,10.40,94.50,7.90,2427,2017-09-30 00:00:00,1,0,2024-07-20 15:38:21,0,2024-07-20 15:38:21,,,
2017-09,内蒙古区,40.30,62.00,328.00,7.90,2428,2017-09-30 00:00:00,1,0,2024-07-20 15:38:21,0,2024-07-20 15:38:21,,,
2017-09,山西省,7.60,32.60,83.40,6.50,2429,2017-09-30 00:00:00,1,0,2024-07-20 15:38:21,0,2024-07-20 15:38:21,,,
2017-09,河北省,17.50,41.10,171.20,15.50,2430,2017-09-30 00:00:00,1,0,2024-07-20 15:38:21,0,2024-07-20 15:38:21,,,
2017-09,天津市,0.30,6.40,4.40,-1.10,2431,2017-09-30 00:00:00,1,0,2024-07-20 15:38:24,0,2024-07-20 15:38:24,,,
2017-09,北京市,0.20,65.20,2.40,-2.80,2432,2017-09-30 00:00:00,1,0,2024-07-20 15:38:24,0,2024-07-20 15:38:24,,,
2017-08,新疆区,28.30,60.90,183.50,51.90,2433,2017-08-31 00:00:00,1,0,2024-07-20 15:38:24,0,2024-07-20 15:38:24,,,
2017-08,宁夏区,9.50,-13.10,93.30,23.40,2434,2017-08-31 00:00:00,1,0,2024-07-20 15:38:24,0,2024-07-20 15:38:24,,,
2017-08,青海省,1.00,87.30,7.20,25.20,2435,2017-08-31 00:00:00,1,0,2024-07-20 15:38:24,0,2024-07-20 15:38:24,,,
2017-08,甘肃省,19.50,45.90,119.60,27.10,2436,2017-08-31 00:00:00,1,0,2024-07-20 15:38:24,0,2024-07-20 15:38:24,,,
2017-08,陕西省,2.80,-0.50,29.00,23.80,2437,2017-08-31 00:00:00,1,0,2024-07-20 15:38:24,0,2024-07-20 15:38:24,,,
2017-08,西藏区,0.00,0.00,0.00,0.00,2438,2017-08-31 00:00:00,1,0,2024-07-20 15:38:24,0,2024-07-20 15:38:24,,,
2017-08,云南省,10.10,45.20,141.20,27.80,2439,2017-08-31 00:00:00,1,0,2024-07-20 15:38:24,0,2024-07-20 15:38:24,,,
2017-08,贵州省,3.90,24.00,39.10,28.50,2440,2017-08-31 00:00:00,1,0,2024-07-20 15:38:24,0,2024-07-20 15:38:24,,,
2017-08,四川省,1.60,59.90,24.40,65.00,2441,2017-08-31 00:00:00,1,0,2024-07-20 15:38:24,0,2024-07-20 15:38:24,,,
2017-08,重庆市,0.70,66.60,4.40,46.70,2442,2017-08-31 00:00:00,1,0,2024-07-20 15:38:24,0,2024-07-20 15:38:24,,,
2017-08,海南省,0.40,10.60,3.30,-3.40,2443,2017-08-31 00:00:00,1,0,2024-07-20 15:38:24,0,2024-07-20 15:38:24,,,
2017-08,广西区,1.30,56.20,10.40,76.90,2444,2017-08-31 00:00:00,1,0,2024-07-20 15:38:24,0,2024-07-20 15:38:24,,,
2017-08,广东省,3.40,32.40,33.10,10.70,2445,2017-08-31 00:00:00,1,0,2024-07-20 15:38:24,0,2024-07-20 15:38:24,,,
2017-08,湖南省,3.50,48.00,25.70,27.10,2446,2017-08-31 00:00:00,1,0,2024-07-20 15:38:24,0,2024-07-20 15:38:24,,,
2017-08,湖北省,3.80,51.40,27.30,51.10,2447,2017-08-31 00:00:00,1,0,2024-07-20 15:38:24,0,2024-07-20 15:38:24,,,
2017-08,河南省,2.20,24.40,18.50,48.80,2448,2017-08-31 00:00:00,1,0,2024-07-20 15:38:24,0,2024-07-20 15:38:24,,,
2017-08,山东省,7.20,15.10,87.20,13.00,2449,2017-08-31 00:00:00,1,0,2024-07-20 15:38:24,0,2024-07-20 15:38:24,,,
2017-08,江西省,4.00,337.70,15.20,295.60,2450,2017-08-31 00:00:00,1,0,2024-07-20 15:38:24,0,2024-07-20 15:38:24,,,
2017-08,福建省,3.80,116.70,32.60,27.20,2451,2017-08-31 00:00:00,1,0,2024-07-20 15:38:24,0,2024-07-20 15:38:24,,,
2017-08,安徽省,2.70,4.80,25.10,13.60,2452,2017-08-31 00:00:00,1,0,2024-07-20 15:38:24,0,2024-07-20 15:38:24,,,
2017-08,浙江省,1.60,28.90,13.30,12.60,2453,2017-08-31 00:00:00,1,0,2024-07-20 15:38:24,0,2024-07-20 15:38:24,,,
2017-08,江苏省,6.90,14.50,63.90,25.20,2454,2017-08-31 00:00:00,1,0,2024-07-20 15:38:24,0,2024-07-20 15:38:24,,,
2017-08,上海市,0.50,21.20,4.20,-0.80,2455,2017-08-31 00:00:00,1,0,2024-07-20 15:38:24,0,2024-07-20 15:38:24,,,
2017-08,黑龙江省,6.50,15.70,59.00,16.00,2456,2017-08-31 00:00:00,1,0,2024-07-20 15:38:24,0,2024-07-20 15:38:24,,,
2017-08,吉林省,6.20,-0.10,48.00,3.40,2457,2017-08-31 00:00:00,1,0,2024-07-20 15:38:24,0,2024-07-20 15:38:24,,,
2017-08,辽宁省,6.20,-12.10,83.80,6.30,2458,2017-08-31 00:00:00,1,0,2024-07-20 15:38:24,0,2024-07-20 15:38:24,,,
2017-08,内蒙古区,27.00,7.30,287.70,4.10,2459,2017-08-31 00:00:00,1,0,2024-07-20 15:38:24,0,2024-07-20 15:38:24,,,
2017-08,山西省,6.00,21.00,75.80,6.90,2460,2017-08-31 00:00:00,1,0,2024-07-20 15:38:24,0,2024-07-20 15:38:24,,,
2017-08,河北省,11.60,3.80,153.70,7.70,2461,2017-08-31 00:00:00,1,0,2024-07-20 15:38:28,0,2024-07-20 15:38:28,,,
2017-08,天津市,0.30,-2.50,4.10,-1.70,2462,2017-08-31 00:00:00,1,0,2024-07-20 15:38:28,0,2024-07-20 15:38:28,,,
2017-08,北京市,0.20,99.30,2.20,-5.80,2463,2017-08-31 00:00:00,1,0,2024-07-20 15:38:28,0,2024-07-20 15:38:28,,,
2017-08,全国,182.70,24.30,1715.70,19.40,2464,2017-08-31 00:00:00,1,0,2024-07-20 15:38:28,0,2024-07-20 15:38:28,,,
2017-07,全国,180.00,11.60,1522.00,18.00,2465,2017-07-31 00:00:00,1,0,2024-07-20 15:38:28,0,2024-07-20 15:38:28,,,
2017-07,新疆区,26.60,40.00,150.20,45.60,2466,2017-07-31 00:00:00,1,0,2024-07-20 15:38:28,0,2024-07-20 15:38:28,,,
2017-07,宁夏区,13.50,11.10,83.80,29.60,2467,2017-07-31 00:00:00,1,0,2024-07-20 15:38:28,0,2024-07-20 15:38:28,,,
2017-07,青海省,0.90,20.70,5.50,4.60,2468,2017-07-31 00:00:00,1,0,2024-07-20 15:38:28,0,2024-07-20 15:38:28,,,
2017-07,甘肃省,14.40,34.50,100.20,23.90,2469,2017-07-31 00:00:00,1,0,2024-07-20 15:38:28,0,2024-07-20 15:38:28,,,
2017-07,陕西省,3.70,1.90,25.30,22.70,2470,2017-07-31 00:00:00,1,0,2024-07-20 15:38:28,0,2024-07-20 15:38:28,,,
2017-07,西藏区,0.00,0.00,0.00,0.00,2471,2017-07-31 00:00:00,1,0,2024-07-20 15:38:28,0,2024-07-20 15:38:28,,,
2017-07,云南省,9.50,-7.30,130.40,26.00,2472,2017-07-31 00:00:00,1,0,2024-07-20 15:38:28,0,2024-07-20 15:38:28,,,
2017-07,贵州省,3.50,-7.50,35.20,29.00,2473,2017-07-31 00:00:00,1,0,2024-07-20 15:38:28,0,2024-07-20 15:38:28,,,
2017-07,四川省,0.90,-39.60,20.50,48.60,2474,2017-07-31 00:00:00,1,0,2024-07-20 15:38:28,0,2024-07-20 15:38:28,,,
2017-07,重庆市,0.90,90.20,3.70,43.50,2475,2017-07-31 00:00:00,1,0,2024-07-20 15:38:28,0,2024-07-20 15:38:28,,,
2017-07,海南省,0.40,-1.30,2.90,-5.00,2476,2017-07-31 00:00:00,1,0,2024-07-20 15:38:28,0,2024-07-20 15:38:28,,,
2017-07,广西区,0.90,3.20,9.10,80.40,2477,2017-07-31 00:00:00,1,0,2024-07-20 15:38:28,0,2024-07-20 15:38:28,,,
2017-07,广东省,3.50,-15.10,29.70,8.60,2478,2017-07-31 00:00:00,1,0,2024-07-20 15:38:28,0,2024-07-20 15:38:28,,,
2017-07,湖南省,3.00,7.00,22.20,24.40,2479,2017-07-31 00:00:00,1,0,2024-07-20 15:38:28,0,2024-07-20 15:38:28,,,
2017-07,湖北省,4.30,63.50,23.60,51.00,2480,2017-07-31 00:00:00,1,0,2024-07-20 15:38:28,0,2024-07-20 15:38:28,,,
2017-07,河南省,2.40,37.40,16.30,52.80,2481,2017-07-31 00:00:00,1,0,2024-07-20 15:38:28,0,2024-07-20 15:38:28,,,
2017-07,山东省,8.00,7.00,79.90,12.80,2482,2017-07-31 00:00:00,1,0,2024-07-20 15:38:28,0,2024-07-20 15:38:28,,,
2017-07,江西省,2.00,496.50,9.80,285.40,2483,2017-07-31 00:00:00,1,0,2024-07-20 15:38:28,0,2024-07-20 15:38:28,,,
2017-07,福建省,2.40,-22.80,28.70,20.50,2484,2017-07-31 00:00:00,1,0,2024-07-20 15:38:28,0,2024-07-20 15:38:28,,,
2017-07,安徽省,3.10,16.20,22.40,11.80,2485,2017-07-31 00:00:00,1,0,2024-07-20 15:38:28,0,2024-07-20 15:38:28,,,
2017-07,浙江省,1.70,15.00,11.70,10.70,2486,2017-07-31 00:00:00,1,0,2024-07-20 15:38:28,0,2024-07-20 15:38:28,,,
2017-07,江苏省,6.10,0.90,57.00,26.80,2487,2017-07-31 00:00:00,1,0,2024-07-20 15:38:28,0,2024-07-20 15:38:28,,,
2017-07,上海市,0.50,9.80,3.80,-2.90,2488,2017-07-31 00:00:00,1,0,2024-07-20 15:38:28,0,2024-07-20 15:38:28,,,
2017-07,黑龙江省,5.80,10.50,52.40,16.00,2489,2017-07-31 00:00:00,1,0,2024-07-20 15:38:28,0,2024-07-20 15:38:28,,,
2017-07,吉林省,5.90,-3.60,41.80,3.90,2490,2017-07-31 00:00:00,1,0,2024-07-20 15:38:28,0,2024-07-20 15:38:28,,,
2017-07,辽宁省,9.10,20.80,77.60,8.10,2491,2017-07-31 00:00:00,1,0,2024-07-20 15:38:31,0,2024-07-20 15:38:31,,,
2017-07,内蒙古区,27.10,-0.50,260.80,3.70,2492,2017-07-31 00:00:00,1,0,2024-07-20 15:38:31,0,2024-07-20 15:38:31,,,
2017-07,山西省,6.20,-5.80,69.80,5.80,2493,2017-07-31 00:00:00,1,0,2024-07-20 15:38:31,0,2024-07-20 15:38:31,,,
2017-07,河北省,13.20,12.10,142.00,8.00,2494,2017-07-31 00:00:00,1,0,2024-07-20 15:38:31,0,2024-07-20 15:38:31,,,
2017-07,天津市,0.40,33.20,3.80,-1.60,2495,2017-07-31 00:00:00,1,0,2024-07-20 15:38:31,0,2024-07-20 15:38:31,,,
2017-07,北京市,0.10,-1.70,2.10,-9.80,2496,2017-07-31 00:00:00,1,0,2024-07-20 15:38:31,0,2024-07-20 15:38:31,,,
2017-06,全国,197.00,13.30,1327.00,17.90,2497,2017-06-30 00:00:00,1,0,2024-07-20 15:38:31,0,2024-07-20 15:38:31,,,
2017-06,新疆区,25.50,29.80,121.20,44.40,2498,2017-06-30 00:00:00,1,0,2024-07-20 15:38:31,0,2024-07-20 15:38:31,,,
2017-06,宁夏区,11.80,15.90,70.30,33.80,2499,2017-06-30 00:00:00,1,0,2024-07-20 15:38:31,0,2024-07-20 15:38:31,,,
2017-06,青海省,0.80,20.00,4.60,1.80,2500,2017-06-30 00:00:00,1,0,2024-07-20 15:38:31,0,2024-07-20 15:38:31,,,
2017-06,甘肃省,13.00,12.90,85.80,22.90,2501,2017-06-30 00:00:00,1,0,2024-07-20 15:38:31,0,2024-07-20 15:38:31,,,
2017-06,陕西省,4.00,48.70,21.60,28.00,2502,2017-06-30 00:00:00,1,0,2024-07-20 15:38:31,0,2024-07-20 15:38:31,,,
2017-06,西藏区,0.00,0.00,0.00,0.00,2503,2017-06-30 00:00:00,1,0,2024-07-20 15:38:31,0,2024-07-20 15:38:31,,,
2017-06,云南省,15.60,31.30,116.10,25.70,2504,2017-06-30 00:00:00,1,0,2024-07-20 15:38:31,0,2024-07-20 15:38:31,,,
2017-06,贵州省,4.70,17.30,31.70,34.90,2505,2017-06-30 00:00:00,1,0,2024-07-20 15:38:31,0,2024-07-20 15:38:31,,,
2017-06,四川省,2.70,89.20,19.70,58.80,2506,2017-06-30 00:00:00,1,0,2024-07-20 15:38:31,0,2024-07-20 15:38:31,,,
2017-06,重庆市,0.70,97.50,2.80,33.20,2507,2017-06-30 00:00:00,1,0,2024-07-20 15:38:31,0,2024-07-20 15:38:31,,,
2017-06,海南省,0.40,19.30,2.50,-5.60,2508,2017-06-30 00:00:00,1,0,2024-07-20 15:38:31,0,2024-07-20 15:38:31,,,
2017-06,广西区,1.80,180.50,8.20,122.70,2509,2017-06-30 00:00:00,1,0,2024-07-20 15:38:31,0,2024-07-20 15:38:31,,,
2017-06,广东省,3.60,28.40,26.20,12.90,2510,2017-06-30 00:00:00,1,0,2024-07-20 15:38:31,0,2024-07-20 15:38:31,,,
2017-06,湖南省,3.00,8.20,19.20,27.70,2511,2017-06-30 00:00:00,1,0,2024-07-20 15:38:31,0,2024-07-20 15:38:31,,,
2017-06,湖北省,3.10,10.30,19.30,48.50,2512,2017-06-30 00:00:00,1,0,2024-07-20 15:38:31,0,2024-07-20 15:38:31,,,
2017-06,河南省,1.20,15.30,9.40,16.10,2513,2017-06-30 00:00:00,1,0,2024-07-20 15:38:31,0,2024-07-20 15:38:31,,,
2017-06,山东省,10.80,24.60,71.90,13.50,2514,2017-06-30 00:00:00,1,0,2024-07-20 15:38:31,0,2024-07-20 15:38:31,,,
2017-06,江西省,1.80,272.40,7.30,151.60,2515,2017-06-30 00:00:00,1,0,2024-07-20 15:38:31,0,2024-07-20 15:38:31,,,
2017-06,福建省,3.60,22.10,26.30,27.10,2516,2017-06-30 00:00:00,1,0,2024-07-20 15:38:31,0,2024-07-20 15:38:31,,,
2017-06,安徽省,2.70,0.10,19.30,11.10,2517,2017-06-30 00:00:00,1,0,2024-07-20 15:38:31,0,2024-07-20 15:38:31,,,
2017-06,浙江省,1.30,9.70,10.00,10.00,2518,2017-06-30 00:00:00,1,0,2024-07-20 15:38:31,0,2024-07-20 15:38:31,,,
2017-06,江苏省,6.20,14.30,48.40,24.40,2519,2017-06-30 00:00:00,1,0,2024-07-20 15:38:31,0,2024-07-20 15:38:31,,,
2017-06,上海市,0.30,-20.10,3.30,-4.50,2520,2017-06-30 00:00:00,1,0,2024-07-20 15:38:31,0,2024-07-20 15:38:31,,,
2017-06,黑龙江省,7.50,23.50,46.60,16.70,2521,2017-06-30 00:00:00,1,0,2024-07-20 15:38:34,0,2024-07-20 15:38:34,,,
2017-06,吉林省,6.20,-0.50,35.90,5.30,2522,2017-06-30 00:00:00,1,0,2024-07-20 15:38:34,0,2024-07-20 15:38:34,,,
2017-06,辽宁省,7.90,-21.10,68.40,6.60,2523,2017-06-30 00:00:00,1,0,2024-07-20 15:38:34,0,2024-07-20 15:38:34,,,
2017-06,内蒙古区,29.50,-2.10,233.60,4.60,2524,2017-06-30 00:00:00,1,0,2024-07-20 15:38:34,0,2024-07-20 15:38:34,,,
2017-06,山西省,7.80,13.00,63.60,7.10,2525,2017-06-30 00:00:00,1,0,2024-07-20 15:38:34,0,2024-07-20 15:38:34,,,
2017-06,河北省,18.50,-2.90,128.50,7.60,2526,2017-06-30 00:00:00,1,0,2024-07-20 15:38:34,0,2024-07-20 15:38:34,,,
2017-06,天津市,0.60,30.90,3.40,-4.50,2527,2017-06-30 00:00:00,1,0,2024-07-20 15:38:34,0,2024-07-20 15:38:34,,,
2017-06,北京市,0.20,-0.90,1.90,-10.30,2528,2017-06-30 00:00:00,1,0,2024-07-20 15:38:34,0,2024-07-20 15:38:34,,,
2017-05,新疆区,24.00,31.80,93.90,46.50,2529,2017-05-31 00:00:00,1,0,2024-07-20 15:38:34,0,2024-07-20 15:38:34,,,
2017-05,宁夏区,12.70,1.70,56.60,33.60,2530,2017-05-31 00:00:00,1,0,2024-07-20 15:38:34,0,2024-07-20 15:38:34,,,
2017-05,青海省,1.00,20.00,3.80,-1.30,2531,2017-05-31 00:00:00,1,0,2024-07-20 15:38:34,0,2024-07-20 15:38:34,,,
2017-05,甘肃省,19.20,51.40,72.80,24.90,2532,2017-05-31 00:00:00,1,0,2024-07-20 15:38:34,0,2024-07-20 15:38:34,,,
2017-05,陕西省,3.80,7.70,17.40,16.60,2533,2017-05-31 00:00:00,1,0,2024-07-20 15:38:34,0,2024-07-20 15:38:34,,,
2017-05,西藏区,0.00,0.00,0.00,0.00,2534,2017-05-31 00:00:00,1,0,2024-07-20 15:38:34,0,2024-07-20 15:38:34,,,
2017-05,云南省,14.30,-0.10,98.10,22.50,2535,2017-05-31 00:00:00,1,0,2024-07-20 15:38:34,0,2024-07-20 15:38:34,,,
2017-05,贵州省,5.00,14.40,27.00,38.50,2536,2017-05-31 00:00:00,1,0,2024-07-20 15:38:34,0,2024-07-20 15:38:34,,,
2017-05,四川省,2.10,0.90,16.90,54.80,2537,2017-05-31 00:00:00,1,0,2024-07-20 15:38:34,0,2024-07-20 15:38:34,,,
2017-05,重庆市,0.50,11.50,2.10,21.10,2538,2017-05-31 00:00:00,1,0,2024-07-20 15:38:34,0,2024-07-20 15:38:34,,,
2017-05,海南省,0.30,-42.70,2.00,-9.60,2539,2017-05-31 00:00:00,1,0,2024-07-20 15:38:34,0,2024-07-20 15:38:34,,,
2017-05,广西区,0.80,35.90,4.70,57.20,2540,2017-05-31 00:00:00,1,0,2024-07-20 15:38:34,0,2024-07-20 15:38:34,,,
2017-05,广东省,2.90,-21.90,20.90,2.60,2541,2017-05-31 00:00:00,1,0,2024-07-20 15:38:34,0,2024-07-20 15:38:34,,,
2017-05,湖南省,2.90,10.30,15.70,28.50,2542,2017-05-31 00:00:00,1,0,2024-07-20 15:38:34,0,2024-07-20 15:38:34,,,
2017-05,湖北省,3.90,47.90,16.20,58.90,2543,2017-05-31 00:00:00,1,0,2024-07-20 15:38:34,0,2024-07-20 15:38:34,,,
2017-05,河南省,1.60,22.40,7.80,8.90,2544,2017-05-31 00:00:00,1,0,2024-07-20 15:38:34,0,2024-07-20 15:38:34,,,
2017-05,山东省,14.20,36.00,61.10,11.70,2545,2017-05-31 00:00:00,1,0,2024-07-20 15:38:34,0,2024-07-20 15:38:34,,,
2017-05,江西省,1.30,334.90,4.90,169.40,2546,2017-05-31 00:00:00,1,0,2024-07-20 15:38:34,0,2024-07-20 15:38:34,,,
2017-05,福建省,2.50,-16.80,24.10,24.00,2547,2017-05-31 00:00:00,1,0,2024-07-20 15:38:34,0,2024-07-20 15:38:34,,,
2017-05,安徽省,3.10,3.20,16.60,13.10,2548,2017-05-31 00:00:00,1,0,2024-07-20 15:38:34,0,2024-07-20 15:38:34,,,
2017-05,浙江省,1.50,14.80,8.70,14.50,2549,2017-05-31 00:00:00,1,0,2024-07-20 15:38:34,0,2024-07-20 15:38:34,,,
2017-05,江苏省,9.00,20.00,42.20,28.40,2550,2017-05-31 00:00:00,1,0,2024-07-20 15:38:34,0,2024-07-20 15:38:34,,,
2017-05,上海市,0.60,20.60,3.00,-2.60,2551,2017-05-31 00:00:00,1,0,2024-07-20 15:38:37,0,2024-07-20 15:38:37,,,
2017-05,黑龙江省,10.20,3.90,38.40,13.60,2552,2017-05-31 00:00:00,1,0,2024-07-20 15:38:37,0,2024-07-20 15:38:37,,,
2017-05,吉林省,7.90,2.10,29.70,6.60,2553,2017-05-31 00:00:00,1,0,2024-07-20 15:38:37,0,2024-07-20 15:38:37,,,
2017-05,辽宁省,16.30,-5.80,60.50,11.80,2554,2017-05-31 00:00:00,1,0,2024-07-20 15:38:37,0,2024-07-20 15:38:37,,,
2017-05,内蒙古区,49.80,2.30,203.50,4.40,2555,2017-05-31 00:00:00,1,0,2024-07-20 15:38:37,0,2024-07-20 15:38:37,,,
2017-05,山西省,13.30,16.60,55.60,6.00,2556,2017-05-31 00:00:00,1,0,2024-07-20 15:38:37,0,2024-07-20 15:38:37,,,
2017-05,河北省,22.80,-1.90,109.50,9.70,2557,2017-05-31 00:00:00,1,0,2024-07-20 15:38:37,0,2024-07-20 15:38:37,,,
2017-05,天津市,0.70,-4.00,2.80,-9.80,2558,2017-05-31 00:00:00,1,0,2024-07-20 15:38:37,0,2024-07-20 15:38:37,,,
2017-05,北京市,0.30,-19.70,1.80,-11.10,2559,2017-05-31 00:00:00,1,0,2024-07-20 15:38:37,0,2024-07-20 15:38:37,,,
2017-05,全国,248.90,10.10,1118.40,17.30,2560,2017-05-31 00:00:00,1,0,2024-07-20 15:38:37,0,2024-07-20 15:38:37,,,
2017-04,新疆区,25.40,35.40,77.10,58.60,2561,2017-04-30 00:00:00,1,0,2024-07-20 15:38:37,0,2024-07-20 15:38:37,,,
2017-04,宁夏区,13.00,36.50,42.90,43.80,2562,2017-04-30 00:00:00,1,0,2024-07-20 15:38:37,0,2024-07-20 15:38:37,,,
2017-04,青海省,1.00,20.20,2.70,-7.40,2563,2017-04-30 00:00:00,1,0,2024-07-20 15:38:37,0,2024-07-20 15:38:37,,,
2017-04,甘肃省,15.60,33.90,53.60,23.20,2564,2017-04-30 00:00:00,1,0,2024-07-20 15:38:37,0,2024-07-20 15:38:37,,,
2017-04,陕西省,3.30,-3.90,13.70,19.40,2565,2017-04-30 00:00:00,1,0,2024-07-20 15:38:37,0,2024-07-20 15:38:37,,,
2017-04,西藏区,0.00,0.00,0.00,0.00,2566,2017-04-30 00:00:00,1,0,2024-07-20 15:38:37,0,2024-07-20 15:38:37,,,
2017-04,云南省,18.30,-3.20,82.70,23.60,2567,2017-04-30 00:00:00,1,0,2024-07-20 15:38:37,0,2024-07-20 15:38:37,,,
2017-04,贵州省,5.70,29.60,22.00,44.70,2568,2017-04-30 00:00:00,1,0,2024-07-20 15:38:37,0,2024-07-20 15:38:37,,,
2017-04,四川省,3.30,26.50,14.80,67.60,2569,2017-04-30 00:00:00,1,0,2024-07-20 15:38:37,0,2024-07-20 15:38:37,,,
2017-04,重庆市,0.50,10.50,1.70,24.20,2570,2017-04-30 00:00:00,1,0,2024-07-20 15:38:37,0,2024-07-20 15:38:37,,,
2017-04,海南省,0.40,99.10,1.70,1.20,2571,2017-04-30 00:00:00,1,0,2024-07-20 15:38:37,0,2024-07-20 15:38:37,,,
2017-04,广西区,1.10,27.30,3.90,14.00,2572,2017-04-30 00:00:00,1,0,2024-07-20 15:38:37,0,2024-07-20 15:38:37,,,
2017-04,广东省,3.80,8.70,18.10,8.30,2573,2017-04-30 00:00:00,1,0,2024-07-20 15:38:37,0,2024-07-20 15:38:37,,,
2017-04,湖南省,4.10,56.70,13.50,40.90,2574,2017-04-30 00:00:00,1,0,2024-07-20 15:38:37,0,2024-07-20 15:38:37,,,
2017-04,湖北省,4.70,127.90,12.30,63.90,2575,2017-04-30 00:00:00,1,0,2024-07-20 15:38:37,0,2024-07-20 15:38:37,,,
2017-04,河南省,1.60,19.60,6.00,4.60,2576,2017-04-30 00:00:00,1,0,2024-07-20 15:38:37,0,2024-07-20 15:38:37,,,
2017-04,山东省,13.10,7.60,46.50,7.20,2577,2017-04-30 00:00:00,1,0,2024-07-20 15:38:37,0,2024-07-20 15:38:37,,,
2017-04,江西省,1.10,207.60,3.60,135.50,2578,2017-04-30 00:00:00,1,0,2024-07-20 15:38:37,0,2024-07-20 15:38:37,,,
2017-04,福建省,3.90,44.40,21.50,31.60,2579,2017-04-30 00:00:00,1,0,2024-07-20 15:38:37,0,2024-07-20 15:38:37,,,
2017-04,安徽省,3.60,11.60,13.50,15.70,2580,2017-04-30 00:00:00,1,0,2024-07-20 15:38:37,0,2024-07-20 15:38:37,,,
2017-04,浙江省,1.90,24.00,7.20,14.50,2581,2017-04-30 00:00:00,1,0,2024-07-20 15:38:40,0,2024-07-20 15:38:40,,,
2017-04,江苏省,8.30,34.90,31.60,24.80,2582,2017-04-30 00:00:00,1,0,2024-07-20 15:38:40,0,2024-07-20 15:38:40,,,
2017-04,上海市,0.60,22.30,2.40,-7.00,2583,2017-04-30 00:00:00,1,0,2024-07-20 15:38:40,0,2024-07-20 15:38:40,,,
2017-04,黑龙江省,11.20,50.50,28.20,18.60,2584,2017-04-30 00:00:00,1,0,2024-07-20 15:38:40,0,2024-07-20 15:38:40,,,
2017-04,吉林省,6.80,-4.20,21.80,8.30,2585,2017-04-30 00:00:00,1,0,2024-07-20 15:38:40,0,2024-07-20 15:38:40,,,
2017-04,辽宁省,15.10,-1.50,44.20,18.70,2586,2017-04-30 00:00:00,1,0,2024-07-20 15:38:40,0,2024-07-20 15:38:40,,,
2017-04,内蒙古区,45.70,5.90,154.10,6.50,2587,2017-04-30 00:00:00,1,0,2024-07-20 15:38:40,0,2024-07-20 15:38:40,,,
2017-04,山西省,12.20,0.70,42.40,3.00,2588,2017-04-30 00:00:00,1,0,2024-07-20 15:38:40,0,2024-07-20 15:38:40,,,
2017-04,河北省,22.60,4.20,84.40,10.30,2589,2017-04-30 00:00:00,1,0,2024-07-20 15:38:40,0,2024-07-20 15:38:40,,,
2017-04,天津市,0.70,-10.60,2.10,-11.60,2590,2017-04-30 00:00:00,1,0,2024-07-20 15:38:40,0,2024-07-20 15:38:40,,,
2017-04,北京市,0.30,-21.40,1.50,-9.40,2591,2017-04-30 00:00:00,1,0,2024-07-20 15:38:40,0,2024-07-20 15:38:40,,,
2017-04,全国,249.00,15.40,871.70,19.80,2592,2017-04-30 00:00:00,1,0,2024-07-20 15:38:40,0,2024-07-20 15:38:40,,,
2017-03,新疆区,21.10,34.40,51.70,70.60,2593,2017-03-31 00:00:00,1,0,2024-07-20 15:38:40,0,2024-07-20 15:38:40,,,
2017-03,宁夏区,11.30,37.90,29.90,47.20,2594,2017-03-31 00:00:00,1,0,2024-07-20 15:38:40,0,2024-07-20 15:38:40,,,
2017-03,青海省,0.70,-24.30,1.70,-18.30,2595,2017-03-31 00:00:00,1,0,2024-07-20 15:38:40,0,2024-07-20 15:38:40,,,
2017-03,甘肃省,17.70,58.30,37.90,19.20,2596,2017-03-31 00:00:00,1,0,2024-07-20 15:38:40,0,2024-07-20 15:38:40,,,
2017-03,陕西省,3.00,17.20,9.70,36.20,2597,2017-03-31 00:00:00,1,0,2024-07-20 15:38:40,0,2024-07-20 15:38:40,,,
2017-03,西藏区,0.00,0.00,0.00,0.00,2598,2017-03-31 00:00:00,1,0,2024-07-20 15:38:40,0,2024-07-20 15:38:40,,,
2017-03,云南省,25.10,37.80,64.40,39.00,2599,2017-03-31 00:00:00,1,0,2024-07-20 15:38:40,0,2024-07-20 15:38:40,,,
2017-03,贵州省,6.10,43.00,16.30,50.90,2600,2017-03-31 00:00:00,1,0,2024-07-20 15:38:40,0,2024-07-20 15:38:40,,,
2017-03,四川省,4.10,67.10,11.50,84.70,2601,2017-03-31 00:00:00,1,0,2024-07-20 15:38:40,0,2024-07-20 15:38:40,,,
2017-03,重庆市,0.50,-4.30,1.20,30.90,2602,2017-03-31 00:00:00,1,0,2024-07-20 15:38:40,0,2024-07-20 15:38:40,,,
2017-03,海南省,0.40,-7.70,1.30,-12.50,2603,2017-03-31 00:00:00,1,0,2024-07-20 15:38:40,0,2024-07-20 15:38:40,,,
2017-03,广西区,1.00,21.10,2.80,9.60,2604,2017-03-31 00:00:00,1,0,2024-07-20 15:38:40,0,2024-07-20 15:38:40,,,
2017-03,广东省,4.60,18.20,14.30,7.90,2605,2017-03-31 00:00:00,1,0,2024-07-20 15:38:40,0,2024-07-20 15:38:40,,,
2017-03,湖南省,3.70,49.70,9.40,11.00,2606,2017-03-31 00:00:00,1,0,2024-07-20 15:38:40,0,2024-07-20 15:38:40,,,
2017-03,湖北省,2.90,14.10,7.60,39.40,2607,2017-03-31 00:00:00,1,0,2024-07-20 15:38:40,0,2024-07-20 15:38:40,,,
2017-03,河南省,1.40,-4.20,4.40,0.00,2608,2017-03-31 00:00:00,1,0,2024-07-20 15:38:40,0,2024-07-20 15:38:40,,,
2017-03,山东省,10.90,-8.40,33.40,10.50,2609,2017-03-31 00:00:00,1,0,2024-07-20 15:38:40,0,2024-07-20 15:38:40,,,
2017-03,江西省,1.00,178.20,2.50,114.20,2610,2017-03-31 00:00:00,1,0,2024-07-20 15:38:40,0,2024-07-20 15:38:40,,,
2017-03,福建省,4.70,11.70,17.60,29.10,2611,2017-03-31 00:00:00,1,0,2024-07-20 15:38:44,0,2024-07-20 15:38:44,,,
2017-03,安徽省,3.50,4.60,9.90,17.30,2612,2017-03-31 00:00:00,1,0,2024-07-20 15:38:44,0,2024-07-20 15:38:44,,,
2017-03,浙江省,1.70,10.60,5.30,11.40,2613,2017-03-31 00:00:00,1,0,2024-07-20 15:38:44,0,2024-07-20 15:38:44,,,
2017-03,江苏省,7.30,12.50,22.70,17.90,2614,2017-03-31 00:00:00,1,0,2024-07-20 15:38:44,0,2024-07-20 15:38:44,,,
2017-03,上海市,0.50,-22.30,1.80,-14.40,2615,2017-03-31 00:00:00,1,0,2024-07-20 15:38:44,0,2024-07-20 15:38:44,,,
2017-03,黑龙江省,5.30,-8.80,17.00,4.10,2616,2017-03-31 00:00:00,1,0,2024-07-20 15:38:44,0,2024-07-20 15:38:44,,,
2017-03,吉林省,5.10,21.70,14.80,15.10,2617,2017-03-31 00:00:00,1,0,2024-07-20 15:38:44,0,2024-07-20 15:38:44,,,
2017-03,辽宁省,10.40,-5.70,29.20,32.90,2618,2017-03-31 00:00:00,1,0,2024-07-20 15:38:44,0,2024-07-20 15:38:44,,,
2017-03,内蒙古区,34.60,-10.40,108.40,7.00,2619,2017-03-31 00:00:00,1,0,2024-07-20 15:38:44,0,2024-07-20 15:38:44,,,
2017-03,山西省,10.70,-1.20,30.10,4.00,2620,2017-03-31 00:00:00,1,0,2024-07-20 15:38:44,0,2024-07-20 15:38:44,,,
2017-03,河北省,20.20,-3.70,61.70,12.80,2621,2017-03-31 00:00:00,1,0,2024-07-20 15:38:44,0,2024-07-20 15:38:44,,,
2017-03,天津市,0.60,-20.30,1.40,-12.00,2622,2017-03-31 00:00:00,1,0,2024-07-20 15:38:44,0,2024-07-20 15:38:44,,,
2017-03,北京市,0.40,6.90,1.20,-5.40,2623,2017-03-31 00:00:00,1,0,2024-07-20 15:38:44,0,2024-07-20 15:38:44,,,
2017-03,全国,220.40,12.10,621.20,21.80,2624,2017-03-31 00:00:00,1,0,2024-07-20 15:38:44,0,2024-07-20 15:38:44,,,
2017-02,新疆区,0.00,0.00,21.60,82.10,2625,2017-02-28 00:00:00,1,0,2024-07-20 15:38:44,0,2024-07-20 15:38:44,,,
2017-02,宁夏区,0.00,0.00,19.90,46.80,2626,2017-02-28 00:00:00,1,0,2024-07-20 15:38:44,0,2024-07-20 15:38:44,,,
2017-02,青海省,0.00,0.00,1.00,-13.00,2627,2017-02-28 00:00:00,1,0,2024-07-20 15:38:44,0,2024-07-20 15:38:44,,,
2017-02,甘肃省,0.00,0.00,19.70,-3.50,2628,2017-02-28 00:00:00,1,0,2024-07-20 15:38:44,0,2024-07-20 15:38:44,,,
2017-02,陕西省,0.00,0.00,6.80,46.60,2629,2017-02-28 00:00:00,1,0,2024-07-20 15:38:44,0,2024-07-20 15:38:44,,,
2017-02,西藏区,0.00,0.00,0.00,0.00,2630,2017-02-28 00:00:00,1,0,2024-07-20 15:38:44,0,2024-07-20 15:38:44,,,
2017-02,云南省,0.00,0.00,39.10,39.10,2631,2017-02-28 00:00:00,1,0,2024-07-20 15:38:44,0,2024-07-20 15:38:44,,,
2017-02,贵州省,0.00,0.00,10.00,44.80,2632,2017-02-28 00:00:00,1,0,2024-07-20 15:38:44,0,2024-07-20 15:38:44,,,
2017-02,四川省,0.00,0.00,7.40,96.10,2633,2017-02-28 00:00:00,1,0,2024-07-20 15:38:44,0,2024-07-20 15:38:44,,,
2017-02,重庆市,0.00,0.00,0.70,75.80,2634,2017-02-28 00:00:00,1,0,2024-07-20 15:38:44,0,2024-07-20 15:38:44,,,
2017-02,海南省,0.00,0.00,0.90,-14.40,2635,2017-02-28 00:00:00,1,0,2024-07-20 15:38:44,0,2024-07-20 15:38:44,,,
2017-02,广西区,0.00,0.00,1.80,4.30,2636,2017-02-28 00:00:00,1,0,2024-07-20 15:38:44,0,2024-07-20 15:38:44,,,
2017-02,广东省,0.00,0.00,9.70,7.10,2637,2017-02-28 00:00:00,1,0,2024-07-20 15:38:44,0,2024-07-20 15:38:44,,,
2017-02,湖南省,0.00,0.00,9.80,47.40,2638,2017-02-28 00:00:00,1,0,2024-07-20 15:38:44,0,2024-07-20 15:38:44,,,
2017-02,湖北省,0.00,0.00,4.60,59.90,2639,2017-02-28 00:00:00,1,0,2024-07-20 15:38:44,0,2024-07-20 15:38:44,,,
2017-02,河南省,0.00,0.00,3.00,0.90,2640,2017-02-28 00:00:00,1,0,2024-07-20 15:38:44,0,2024-07-20 15:38:44,,,
2017-02,山东省,0.00,0.00,22.40,22.60,2641,2017-02-28 00:00:00,1,0,2024-07-20 15:38:47,0,2024-07-20 15:38:47,,,
2017-02,江西省,0.00,0.00,1.50,85.50,2642,2017-02-28 00:00:00,1,0,2024-07-20 15:38:47,0,2024-07-20 15:38:47,,,
2017-02,福建省,0.00,0.00,12.90,37.00,2643,2017-02-28 00:00:00,1,0,2024-07-20 15:38:47,0,2024-07-20 15:38:47,,,
2017-02,安徽省,0.00,0.00,6.40,30.40,2644,2017-02-28 00:00:00,1,0,2024-07-20 15:38:47,0,2024-07-20 15:38:47,,,
2017-02,浙江省,0.00,0.00,4.30,7.80,2645,2017-02-28 00:00:00,1,0,2024-07-20 15:38:47,0,2024-07-20 15:38:47,,,
2017-02,江苏省,0.00,0.00,16.20,29.90,2646,2017-02-28 00:00:00,1,0,2024-07-20 15:38:47,0,2024-07-20 15:38:47,,,
2017-02,上海市,0.00,0.00,1.20,-10.50,2647,2017-02-28 00:00:00,1,0,2024-07-20 15:38:47,0,2024-07-20 15:38:47,,,
2017-02,黑龙江省,0.00,0.00,11.50,11.60,2648,2017-02-28 00:00:00,1,0,2024-07-20 15:38:47,0,2024-07-20 15:38:47,,,
2017-02,吉林省,0.00,0.00,9.70,11.40,2649,2017-02-28 00:00:00,1,0,2024-07-20 15:38:47,0,2024-07-20 15:38:47,,,
2017-02,辽宁省,0.00,0.00,18.80,73.10,2650,2017-02-28 00:00:00,1,0,2024-07-20 15:38:47,0,2024-07-20 15:38:47,,,
2017-02,内蒙古区,0.00,0.00,75.20,20.70,2651,2017-02-28 00:00:00,1,0,2024-07-20 15:38:47,0,2024-07-20 15:38:47,,,
2017-02,山西省,0.00,0.00,19.40,3.10,2652,2017-02-28 00:00:00,1,0,2024-07-20 15:38:47,0,2024-07-20 15:38:47,,,
2017-02,河北省,0.00,0.00,40.80,18.60,2653,2017-02-28 00:00:00,1,0,2024-07-20 15:38:47,0,2024-07-20 15:38:47,,,
2017-02,天津市,0.00,0.00,0.80,-5.00,2654,2017-02-28 00:00:00,1,0,2024-07-20 15:38:47,0,2024-07-20 15:38:47,,,
2017-02,北京市,0.00,0.00,0.80,-10.40,2655,2017-02-28 00:00:00,1,0,2024-07-20 15:38:47,0,2024-07-20 15:38:47,,,
2017-02,全国,0.00,0.00,398.00,26.90,2656,2017-02-28 00:00:00,1,0,2024-07-20 15:38:47,0,2024-07-20 15:38:47,,,
2024-09,新疆区,57.40,17.30,554.70,18.30,3361,2024-09-30 00:00:00,1,0,2024-11-07 01:51:04,0,2024-11-07 01:51:04,,,
2024-09,宁夏区,25.90,11.60,196.30,-7.90,3362,2024-09-30 00:00:00,1,0,2024-11-07 01:51:04,0,2024-11-07 01:51:04,,,
2024-09,青海省,10.90,44.20,98.50,0.70,3363,2024-09-30 00:00:00,1,0,2024-11-07 01:51:04,0,2024-11-07 01:51:04,,,
2024-09,甘肃省,41.00,12.30,349.20,8.00,3364,2024-09-30 00:00:00,1,0,2024-11-07 01:51:04,0,2024-11-07 01:51:04,,,
2024-09,陕西省,18.90,31.70,136.30,-8.10,3365,2024-09-30 00:00:00,1,0,2024-11-07 01:51:04,0,2024-11-07 01:51:04,,,
2024-09,西藏区,0.10,,1.00,,3366,2024-09-30 00:00:00,1,0,2024-11-07 01:51:04,0,2024-11-07 01:51:04,,,
2024-09,云南省,17.40,58.90,298.90,43.40,3367,2024-09-30 00:00:00,1,0,2024-11-07 01:51:04,0,2024-11-07 01:51:04,,,
2024-09,贵州省,9.20,-2.30,100.60,9.20,3368,2024-09-30 00:00:00,1,0,2024-11-07 01:51:04,0,2024-11-07 01:51:04,,,
2024-09,四川省,8.30,-16.50,143.80,19.50,3369,2024-09-30 00:00:00,1,0,2024-11-07 01:51:04,0,2024-11-07 01:51:04,,,
2024-09,重庆市,4.80,30.90,35.00,18.70,3370,2024-09-30 00:00:00,1,0,2024-11-07 01:51:04,0,2024-11-07 01:51:04,,,
2024-09,海南省,0.10,-42.70,3.10,-7.40,3371,2024-09-30 00:00:00,1,0,2024-11-07 01:51:04,0,2024-11-07 01:51:04,,,
2024-09,广西区,19.60,25.00,204.60,19.80,3372,2024-09-30 00:00:00,1,0,2024-11-07 01:51:04,0,2024-11-07 01:51:04,,,
2024-09,广东省,18.90,-13.60,252.80,25.50,3373,2024-09-30 00:00:00,1,0,2024-11-07 01:51:04,0,2024-11-07 01:51:04,,,
2024-09,湖南省,16.90,8.80,153.60,-1.30,3374,2024-09-30 00:00:00,1,0,2024-11-07 01:51:04,0,2024-11-07 01:51:04,,,
2024-09,湖北省,15.50,18.90,122.10,-3.50,3375,2024-09-30 00:00:00,1,0,2024-11-07 01:51:04,0,2024-11-07 01:51:04,,,
2024-09,河南省,36.80,123.30,280.40,7.60,3376,2024-09-30 00:00:00,1,0,2024-11-07 01:51:04,0,2024-11-07 01:51:04,,,
2024-09,山东省,36.60,93.80,420.30,18.20,3377,2024-09-30 00:00:00,1,0,2024-11-07 01:51:04,0,2024-11-07 01:51:04,,,
2024-09,江西省,8.00,-11.10,92.00,-4.00,3378,2024-09-30 00:00:00,1,0,2024-11-07 01:51:04,0,2024-11-07 01:51:04,,,
2024-09,福建省,18.30,20.40,153.60,6.40,3379,2024-09-30 00:00:00,1,0,2024-11-07 01:51:04,0,2024-11-07 01:51:04,,,
2024-09,安徽省,13.60,70.80,103.50,7.00,3380,2024-09-30 00:00:00,1,0,2024-11-07 01:51:04,0,2024-11-07 01:51:04,,,
2024-09,浙江省,11.10,63.40,100.30,38.10,3381,2024-09-30 00:00:00,1,0,2024-11-07 01:51:04,0,2024-11-07 01:51:04,,,
2024-09,江苏省,47.30,88.80,403.20,9.50,3382,2024-09-30 00:00:00,1,0,2024-11-07 01:51:04,0,2024-11-07 01:51:04,,,
2024-09,上海市,2.10,65.80,17.70,4.10,3383,2024-09-30 00:00:00,1,0,2024-11-07 01:51:04,0,2024-11-07 01:51:04,,,
2024-09,黑龙江省,22.20,34.80,183.10,15.60,3384,2024-09-30 00:00:00,1,0,2024-11-07 01:51:04,0,2024-11-07 01:51:04,,,
2024-09,吉林省,21.90,12.80,198.70,1.00,3385,2024-09-30 00:00:00,1,0,2024-11-07 01:51:04,0,2024-11-07 01:51:04,,,
2024-09,辽宁省,21.00,28.30,229.10,7.60,3386,2024-09-30 00:00:00,1,0,2024-11-07 01:51:04,0,2024-11-07 01:51:04,,,
2024-09,内蒙古区,112.60,28.80,1105.10,20.90,3387,2024-09-30 00:00:00,1,0,2024-11-07 01:51:04,0,2024-11-07 01:51:04,,,
2024-09,山西省,35.20,45.90,333.10,-5.00,3388,2024-09-30 00:00:00,1,0,2024-11-07 01:51:04,0,2024-11-07 01:51:04,,,
2024-09,河北省,41.00,32.90,441.20,-0.50,3389,2024-09-30 00:00:00,1,0,2024-11-07 01:51:04,0,2024-11-07 01:51:04,,,
2024-09,天津市,1.60,40.00,20.70,-2.30,3390,2024-09-30 00:00:00,1,0,2024-11-07 01:51:04,0,2024-11-07 01:51:04,,,
2024-09,北京市,0.10,64.40,0.90,4.90,3391,2024-09-30 00:00:00,1,0,2024-11-07 01:51:07,0,2024-11-07 01:51:07,,,
2024-09,全国,694.30,31.60,6733.20,10.80,3392,2024-09-30 00:00:00,1,0,2024-11-07 01:51:07,0,2024-11-07 01:51:07,,,
2024-08,全国,502.40,6.60,5973.50,7.60,3393,2024-08-31 00:00:00,1,0,2024-11-07 01:51:07,0,2024-11-07 01:51:07,,,
2024-08,新疆区,56.10,0.50,479.40,14.10,3394,2024-08-31 00:00:00,1,0,2024-11-07 01:51:07,0,2024-11-07 01:51:07,,,
2024-08,宁夏区,21.80,4.30,170.40,-10.30,3395,2024-08-31 00:00:00,1,0,2024-11-07 01:51:07,0,2024-11-07 01:51:07,,,
2024-08,青海省,10.50,-7.40,81.00,-10.10,3396,2024-08-31 00:00:00,1,0,2024-11-07 01:51:07,0,2024-11-07 01:51:07,,,
2024-08,甘肃省,44.00,6.00,305.60,6.60,3397,2024-08-31 00:00:00,1,0,2024-11-07 01:51:07,0,2024-11-07 01:51:07,,,
2024-08,陕西省,13.40,-7.00,117.40,-12.40,3398,2024-08-31 00:00:00,1,0,2024-11-07 01:51:07,0,2024-11-07 01:51:07,,,
2024-08,西藏区,,,,,3399,2024-08-31 00:00:00,1,0,2024-11-07 01:51:07,0,2024-11-07 01:51:07,,,
2024-08,云南省,9.20,56.50,281.50,42.50,3400,2024-08-31 00:00:00,1,0,2024-11-07 01:51:07,0,2024-11-07 01:51:07,,,
2024-08,贵州省,8.20,45.80,91.40,10.60,3401,2024-08-31 00:00:00,1,0,2024-11-07 01:51:07,0,2024-11-07 01:51:07,,,
2024-08,四川省,6.30,25.70,135.40,22.30,3402,2024-08-31 00:00:00,1,0,2024-11-07 01:51:07,0,2024-11-07 01:51:07,,,
2024-08,重庆市,4.10,44.00,29.30,13.60,3403,2024-08-31 00:00:00,1,0,2024-11-07 01:51:07,0,2024-11-07 01:51:07,,,
2024-08,海南省,0.30,-26.20,3.00,-5.50,3404,2024-08-31 00:00:00,1,0,2024-11-07 01:51:07,0,2024-11-07 01:51:07,,,
2024-08,广西区,13.00,26.10,179.50,15.80,3405,2024-08-31 00:00:00,1,0,2024-11-07 01:51:07,0,2024-11-07 01:51:07,,,
2024-08,广东省,13.00,7.00,232.40,29.50,3406,2024-08-31 00:00:00,1,0,2024-11-07 01:51:07,0,2024-11-07 01:51:07,,,
2024-08,湖南省,14.90,22.80,136.00,-2.40,3407,2024-08-31 00:00:00,1,0,2024-11-07 01:51:07,0,2024-11-07 01:51:07,,,
2024-08,湖北省,11.90,34.70,106.60,-6.10,3408,2024-08-31 00:00:00,1,0,2024-11-07 01:51:07,0,2024-11-07 01:51:07,,,
2024-08,河南省,22.70,32.10,241.40,-1.00,3409,2024-08-31 00:00:00,1,0,2024-11-07 01:51:07,0,2024-11-07 01:51:07,,,
2024-08,山东省,26.70,-1.20,379.60,12.30,3410,2024-08-31 00:00:00,1,0,2024-11-07 01:51:07,0,2024-11-07 01:51:07,,,
2024-08,江西省,5.30,-19.40,84.00,-3.30,3411,2024-08-31 00:00:00,1,0,2024-11-07 01:51:07,0,2024-11-07 01:51:07,,,
2024-08,福建省,6.10,-34.00,135.40,4.80,3412,2024-08-31 00:00:00,1,0,2024-11-07 01:51:07,0,2024-11-07 01:51:07,,,
2024-08,安徽省,7.50,10.00,89.90,1.10,3413,2024-08-31 00:00:00,1,0,2024-11-07 01:51:07,0,2024-11-07 01:51:07,,,
2024-08,浙江省,6.30,-13.20,89.10,35.30,3414,2024-08-31 00:00:00,1,0,2024-11-07 01:51:07,0,2024-11-07 01:51:07,,,
2024-08,江苏省,25.00,-10.10,355.80,0.60,3415,2024-08-31 00:00:00,1,0,2024-11-07 01:51:07,0,2024-11-07 01:51:07,,,
2024-08,上海市,1.00,-36.60,15.60,-0.80,3416,2024-08-31 00:00:00,1,0,2024-11-07 01:51:07,0,2024-11-07 01:51:07,,,
2024-08,黑龙江省,12.10,2.40,159.70,12.60,3417,2024-08-31 00:00:00,1,0,2024-11-07 01:51:07,0,2024-11-07 01:51:07,,,
2024-08,吉林省,13.80,-2.50,174.20,-2.10,3418,2024-08-31 00:00:00,1,0,2024-11-07 01:51:07,0,2024-11-07 01:51:07,,,
2024-08,辽宁省,10.60,-33.80,207.40,5.50,3419,2024-08-31 00:00:00,1,0,2024-11-07 01:51:07,0,2024-11-07 01:51:07,,,
2024-08,内蒙古区,81.90,19.90,980.00,18.50,3420,2024-08-31 00:00:00,1,0,2024-11-07 01:51:07,0,2024-11-07 01:51:07,,,
2024-08,山西省,28.20,34.80,294.00,-9.70,3421,2024-08-31 00:00:00,1,0,2024-11-07 01:51:10,0,2024-11-07 01:51:10,,,
2024-08,河北省,27.40,-2.50,398.50,-3.50,3422,2024-08-31 00:00:00,1,0,2024-11-07 01:51:10,0,2024-11-07 01:51:10,,,
2024-08,天津市,1.10,-12.10,19.10,-2.30,3423,2024-08-31 00:00:00,1,0,2024-11-07 01:51:10,0,2024-11-07 01:51:10,,,
2024-08,北京市,0.10,33.30,0.90,1.20,3424,2024-08-31 00:00:00,1,0,2024-11-07 01:51:10,0,2024-11-07 01:51:10,,,
2024-07,新疆区,60.90,1.60,419.20,15.30,3425,2024-07-31 00:00:00,1,0,2024-11-07 01:51:10,0,2024-11-07 01:51:10,,,
2024-07,宁夏区,16.00,-37.70,148.50,-12.20,3426,2024-07-31 00:00:00,1,0,2024-11-07 01:51:10,0,2024-11-07 01:51:10,,,
2024-07,青海省,9.70,-17.70,70.50,-10.50,3427,2024-07-31 00:00:00,1,0,2024-11-07 01:51:10,0,2024-11-07 01:51:10,,,
2024-07,甘肃省,39.40,2.00,261.60,6.90,3428,2024-07-31 00:00:00,1,0,2024-11-07 01:51:10,0,2024-11-07 01:51:10,,,
2024-07,陕西省,11.40,-31.10,103.90,-13.00,3429,2024-07-31 00:00:00,1,0,2024-11-07 01:51:10,0,2024-11-07 01:51:10,,,
2024-07,西藏区,,,,,3430,2024-07-31 00:00:00,1,0,2024-11-07 01:51:10,0,2024-11-07 01:51:10,,,
2024-07,云南省,22.20,9.70,272.30,42.10,3431,2024-07-31 00:00:00,1,0,2024-11-07 01:51:10,0,2024-11-07 01:51:10,,,
2024-07,贵州省,17.30,23.60,83.20,8.00,3432,2024-07-31 00:00:00,1,0,2024-11-07 01:51:10,0,2024-11-07 01:51:10,,,
2024-07,四川省,14.20,39.40,129.20,22.10,3433,2024-07-31 00:00:00,1,0,2024-11-07 01:51:10,0,2024-11-07 01:51:10,,,
2024-07,重庆市,6.30,78.60,25.20,9.80,3434,2024-07-31 00:00:00,1,0,2024-11-07 01:51:10,0,2024-11-07 01:51:10,,,
2024-07,海南省,0.40,8.10,2.70,-2.40,3435,2024-07-31 00:00:00,1,0,2024-11-07 01:51:10,0,2024-11-07 01:51:10,,,
2024-07,广西区,22.50,7.30,165.50,14.40,3436,2024-07-31 00:00:00,1,0,2024-11-07 01:51:10,0,2024-11-07 01:51:10,,,
2024-07,广东省,26.30,47.30,219.40,31.20,3437,2024-07-31 00:00:00,1,0,2024-11-07 01:51:10,0,2024-11-07 01:51:10,,,
2024-07,湖南省,21.30,-3.90,121.20,-4.70,3438,2024-07-31 00:00:00,1,0,2024-11-07 01:51:10,0,2024-11-07 01:51:10,,,
2024-07,湖北省,19.20,25.90,93.00,-10.50,3439,2024-07-31 00:00:00,1,0,2024-11-07 01:51:10,0,2024-11-07 01:51:10,,,
2024-07,河南省,29.30,15.00,218.70,-3.60,3440,2024-07-31 00:00:00,1,0,2024-11-07 01:51:10,0,2024-11-07 01:51:10,,,
2024-07,山东省,41.00,8.70,352.90,13.50,3441,2024-07-31 00:00:00,1,0,2024-11-07 01:51:10,0,2024-11-07 01:51:10,,,
2024-07,江西省,16.70,11.80,77.60,-3.90,3442,2024-07-31 00:00:00,1,0,2024-11-07 01:51:10,0,2024-11-07 01:51:10,,,
2024-07,福建省,17.20,5.50,129.30,7.70,3443,2024-07-31 00:00:00,1,0,2024-11-07 01:51:10,0,2024-11-07 01:51:10,,,
2024-07,安徽省,15.40,25.10,82.50,0.50,3444,2024-07-31 00:00:00,1,0,2024-11-07 01:51:10,0,2024-11-07 01:51:10,,,
2024-07,浙江省,19.20,79.90,82.90,41.30,3445,2024-07-31 00:00:00,1,0,2024-11-07 01:51:10,0,2024-11-07 01:51:10,,,
2024-07,江苏省,53.10,18.90,330.90,2.00,3446,2024-07-31 00:00:00,1,0,2024-11-07 01:51:10,0,2024-11-07 01:51:10,,,
2024-07,上海市,2.80,40.70,14.60,3.20,3447,2024-07-31 00:00:00,1,0,2024-11-07 01:51:10,0,2024-11-07 01:51:10,,,
2024-07,黑龙江省,12.30,16.10,145.90,12.10,3448,2024-07-31 00:00:00,1,0,2024-11-07 01:51:10,0,2024-11-07 01:51:10,,,
2024-07,吉林省,15.20,-8.40,159.40,-2.70,3449,2024-07-31 00:00:00,1,0,2024-11-07 01:51:10,0,2024-11-07 01:51:10,,,
2024-07,辽宁省,19.70,7.00,196.00,8.60,3450,2024-07-31 00:00:00,1,0,2024-11-07 01:51:10,0,2024-11-07 01:51:10,,,
2024-07,内蒙古区,77.90,-12.60,877.30,15.70,3451,2024-07-31 00:00:00,1,0,2024-11-07 01:51:13,0,2024-11-07 01:51:13,,,
2024-07,山西省,21.50,-37.30,265.80,-12.90,3452,2024-07-31 00:00:00,1,0,2024-11-07 01:51:13,0,2024-11-07 01:51:13,,,
2024-07,河北省,30.70,-27.20,369.50,-4.00,3453,2024-07-31 00:00:00,1,0,2024-11-07 01:51:13,0,2024-11-07 01:51:13,,,
2024-07,天津市,1.70,-30.20,17.90,-1.60,3454,2024-07-31 00:00:00,1,0,2024-11-07 01:51:13,0,2024-11-07 01:51:13,,,
2024-07,北京市,0.10,-45.70,0.80,-0.50,3455,2024-07-31 00:00:00,1,0,2024-11-07 01:51:13,0,2024-11-07 01:51:13,,,
2024-07,全国,660.90,0.90,5437.30,7.10,3456,2024-07-31 00:00:00,1,0,2024-11-07 01:51:13,0,2024-11-07 01:51:13,,,
2024-10,全国,799.90,34.00,7580.90,13.10,3457,2024-10-31 00:00:00,1,0,2024-11-19 23:16:53,0,2024-11-19 23:16:53,,,
2024-11,全国,824.00,-3.30,8438.00,11.50,3458,2024-11-30 00:00:00,1,0,2024-12-17 23:16:53,0,2024-12-17 23:16:53,,,
2024-12,全国,920.90,6.60,9360.50,11.10,3459,2024-12-31 00:00:00,1,0,2025-01-21 23:18:48,0,2025-01-21 23:18:48,,,
2024-12,新疆区,47.80,-4.10,707.90,14.60,3460,2024-12-31 00:00:00,1,0,2025-01-21 23:18:48,0,2025-01-21 23:18:48,,,
2024-12,宁夏区,20.60,-28.30,261.80,-6.10,3461,2024-12-31 00:00:00,1,0,2025-01-21 23:18:48,0,2025-01-21 23:18:48,,,
2024-12,青海省,8.90,-22.60,131.00,-1.80,3462,2024-12-31 00:00:00,1,0,2025-01-21 23:18:48,0,2025-01-21 23:18:48,,,
2024-12,甘肃省,30.40,-24.80,443.20,2.90,3463,2024-12-31 00:00:00,1,0,2025-01-21 23:18:48,0,2025-01-21 23:18:48,,,
2024-12,陕西省,14.60,-16.70,188.80,-2.90,3464,2024-12-31 00:00:00,1,0,2025-01-21 23:18:48,0,2025-01-21 23:18:48,,,
2024-12,西藏区,0.10,-10.40,1.30,275.10,3465,2024-12-31 00:00:00,1,0,2025-01-21 23:18:48,0,2025-01-21 23:18:48,,,
2024-12,云南省,38.60,4.20,374.30,32.60,3466,2024-12-31 00:00:00,1,0,2025-01-21 23:18:48,0,2025-01-21 23:18:48,,,
2024-12,贵州省,5.80,-48.20,126.10,2.80,3467,2024-12-31 00:00:00,1,0,2025-01-21 23:18:48,0,2025-01-21 23:18:48,,,
2024-12,四川省,18.10,-2.60,187.90,12.20,3468,2024-12-31 00:00:00,1,0,2025-01-21 23:18:48,0,2025-01-21 23:18:48,,,
2024-12,重庆市,2.10,-20.60,44.60,12.20,3469,2024-12-31 00:00:00,1,0,2025-01-21 23:18:48,0,2025-01-21 23:18:48,,,
2024-12,海南省,0.50,-0.70,4.40,-8.30,3470,2024-12-31 00:00:00,1,0,2025-01-21 23:18:48,0,2025-01-21 23:18:48,,,
2024-12,广西区,30.80,18.70,305.10,27.50,3471,2024-12-31 00:00:00,1,0,2025-01-21 23:18:48,0,2025-01-21 23:18:48,,,
2024-12,广东省,45.60,21.30,381.10,26.80,3472,2024-12-31 00:00:00,1,0,2025-01-21 23:18:48,0,2025-01-21 23:18:48,,,
2024-12,湖南省,19.50,4.40,219.30,4.40,3473,2024-12-31 00:00:00,1,0,2025-01-21 23:18:48,0,2025-01-21 23:18:48,,,
2024-12,湖北省,12.00,-15.00,164.00,-1.50,3474,2024-12-31 00:00:00,1,0,2025-01-21 23:18:48,0,2025-01-21 23:18:48,,,
2024-12,河南省,32.00,0.70,382.40,6.90,3475,2024-12-31 00:00:00,1,0,2025-01-21 23:18:48,0,2025-01-21 23:18:48,,,
2024-12,山东省,47.60,-6.80,541.10,10.70,3476,2024-12-31 00:00:00,1,0,2025-01-21 23:18:48,0,2025-01-21 23:18:48,,,
2024-12,江西省,11.30,16.20,130.50,4.10,3477,2024-12-31 00:00:00,1,0,2025-01-21 23:18:48,0,2025-01-21 23:18:48,,,
2024-12,福建省,30.60,27.30,245.70,15.00,3478,2024-12-31 00:00:00,1,0,2025-01-21 23:18:48,0,2025-01-21 23:18:48,,,
2024-12,安徽省,12.10,-5.80,148.40,8.70,3479,2024-12-31 00:00:00,1,0,2025-01-21 23:18:48,0,2025-01-21 23:18:48,,,
2024-12,浙江省,16.80,25.00,157.10,47.20,3480,2024-12-31 00:00:00,1,0,2025-01-21 23:18:48,0,2025-01-21 23:18:48,,,
2024-12,江苏省,42.60,-24.20,541.20,3.80,3481,2024-12-31 00:00:00,1,0,2025-01-21 23:18:48,0,2025-01-21 23:18:48,,,
2024-12,上海市,2.00,-8.20,24.70,6.20,3482,2024-12-31 00:00:00,1,0,2025-01-21 23:18:48,0,2025-01-21 23:18:48,,,
2024-12,黑龙江省,28.70,14.10,265.00,15.40,3483,2024-12-31 00:00:00,1,0,2025-01-21 23:18:48,0,2025-01-21 23:18:48,,,
2024-12,吉林省,25.30,4.20,280.10,3.80,3484,2024-12-31 00:00:00,1,0,2025-01-21 23:18:48,0,2025-01-21 23:18:48,,,
2024-12,辽宁省,31.90,0.20,318.10,7.30,3485,2024-12-31 00:00:00,1,0,2025-01-21 23:18:48,0,2025-01-21 23:18:48,,,
2024-12,内蒙古区,208.90,50.60,1643.00,26.00,3486,2024-12-31 00:00:00,1,0,2025-01-21 23:18:48,0,2025-01-21 23:18:48,,,
2024-12,山西省,57.30,-5.70,478.20,-5.80,3487,2024-12-31 00:00:00,1,0,2025-01-21 23:18:48,0,2025-01-21 23:18:48,,,
2024-12,河北省,75.00,16.30,634.70,1.30,3488,2024-12-31 00:00:00,1,0,2025-01-21 23:18:48,0,2025-01-21 23:18:48,,,
2024-12,天津市,2.90,-0.60,27.80,-1.10,3489,2024-12-31 00:00:00,1,0,2025-01-21 23:18:51,0,2025-01-21 23:18:51,,,
2024-12,北京市,0.30,48.40,1.40,2.40,3490,2024-12-31 00:00:00,1,0,2025-01-21 23:18:51,0,2025-01-21 23:18:51,,,
2025-02,全国,,,1776.00,10.40,3491,2025-02-28 00:00:00,1,0,2025-03-19 23:16:54,0,2025-03-19 23:16:54,,,
2025-03,全国,1054.00,8.20,2826.00,9.30,3492,2025-03-31 00:00:00,1,0,2025-04-17 23:16:49,0,2025-04-17 23:16:49,,,
2025-04,全国,975.00,12.70,3814.00,10.90,3493,2025-04-30 00:00:00,1,0,2025-05-19 23:19:50,0,2025-05-19 23:19:50,,,
2025-05,全国,917.00,11.00,4742.00,11.10,3494,2025-05-31 00:00:00,1,0,2025-06-16 23:18:14,0,2025-06-16 23:18:14,,,
2025-06,全国,738.00,3.20,5533.00,10.60,3495,2025-06-30 00:00:00,1,0,2025-07-16 23:17:24,0,2025-07-16 23:17:24,,,
2025-07,全国,744.00,5.50,6291.00,10.40,3496,2025-07-31 00:00:00,1,0,2025-08-15 23:18:18,0,2025-08-15 23:18:18,,,
2025-08,全国,645.00,20.20,6966.00,11.60,3497,2025-08-31 00:00:00,1,0,2025-09-15 23:23:12,0,2025-09-15 23:23:12,,,
