时间,产品名称,港口,原产地,发热量,硫份,灰份,挥发份,粘结指数,价格(元/吨),较上期,价格类型,_ID,_DATA_TIME,_ACTIVE,_CREATE_ID,_CREATE_TIME,_UPDATE_ID,_UPDATE_TIME,_REMARK,_CHANGE_LOG,_RESERVE
2024-07-16,1/3焦煤,大连港,俄罗斯,,0.75,8.50,33.00,80.00,1730.00,0.00,平仓价,1,2024-07-16 00:00:00,1,0,2024-07-17 06:03:23,0,2024-07-17 06:03:23,,,
2024-07-16,1/3焦煤,大连港,鹤岗市,,0.25,7.50,18.00,70.00,1635.00,0.00,平仓价,2,2024-07-16 00:00:00,1,0,2024-07-17 06:03:23,0,2024-07-17 06:03:23,,,
2024-07-15,1/3焦煤,大连港,俄罗斯,,0.75,8.50,33.00,80.00,1730.00,0.00,平仓价,3,2024-07-15 00:00:00,1,0,2024-07-17 06:03:23,0,2024-07-17 06:03:23,,,
2024-07-15,1/3焦煤,大连港,鹤岗市,,0.25,7.50,18.00,70.00,1635.00,0.00,平仓价,4,2024-07-15 00:00:00,1,0,2024-07-17 06:03:23,0,2024-07-17 06:03:23,,,
2024-07-12,1/3焦煤,大连港,俄罗斯,,0.75,8.50,33.00,80.00,1730.00,0.00,平仓价,5,2024-07-12 00:00:00,1,0,2024-07-17 06:03:23,0,2024-07-17 06:03:23,,,
2024-07-12,1/3焦煤,大连港,鹤岗市,,0.25,7.50,18.00,70.00,1635.00,0.00,平仓价,6,2024-07-12 00:00:00,1,0,2024-07-17 06:03:23,0,2024-07-17 06:03:23,,,
2024-07-11,1/3焦煤,大连港,俄罗斯,,0.75,8.50,33.00,80.00,1730.00,0.00,平仓价,7,2024-07-11 00:00:00,1,0,2024-07-17 06:03:23,0,2024-07-17 06:03:23,,,
2024-07-11,1/3焦煤,大连港,鹤岗市,,0.25,7.50,18.00,70.00,1635.00,0.00,平仓价,8,2024-07-11 00:00:00,1,0,2024-07-17 06:03:23,0,2024-07-17 06:03:23,,,
2024-07-10,1/3焦煤,大连港,俄罗斯,,0.75,8.50,33.00,80.00,1730.00,0.00,平仓价,9,2024-07-10 00:00:00,1,0,2024-07-17 06:03:23,0,2024-07-17 06:03:23,,,
2024-07-10,1/3焦煤,大连港,鹤岗市,,0.25,7.50,18.00,70.00,1635.00,0.00,平仓价,10,2024-07-10 00:00:00,1,0,2024-07-17 06:03:23,0,2024-07-17 06:03:23,,,
2024-07-09,1/3焦煤,大连港,俄罗斯,,0.75,8.50,33.00,80.00,1730.00,0.00,平仓价,11,2024-07-09 00:00:00,1,0,2024-07-17 06:03:23,0,2024-07-17 06:03:23,,,
2024-07-09,1/3焦煤,大连港,鹤岗市,,0.25,7.50,18.00,70.00,1635.00,0.00,平仓价,12,2024-07-09 00:00:00,1,0,2024-07-17 06:03:23,0,2024-07-17 06:03:23,,,
2024-07-08,1/3焦煤,大连港,俄罗斯,,0.75,8.50,33.00,80.00,1730.00,0.00,平仓价,13,2024-07-08 00:00:00,1,0,2024-07-17 06:03:23,0,2024-07-17 06:03:23,,,
2024-07-08,1/3焦煤,大连港,鹤岗市,,0.25,7.50,18.00,70.00,1635.00,0.00,平仓价,14,2024-07-08 00:00:00,1,0,2024-07-17 06:03:23,0,2024-07-17 06:03:23,,,
2024-07-05,1/3焦煤,大连港,俄罗斯,,0.75,8.50,33.00,80.00,1730.00,10.00,平仓价,15,2024-07-05 00:00:00,1,0,2024-07-17 06:03:23,0,2024-07-17 06:03:23,,,
2024-07-05,1/3焦煤,大连港,鹤岗市,,0.25,7.50,18.00,70.00,1635.00,0.00,平仓价,16,2024-07-05 00:00:00,1,0,2024-07-17 06:03:23,0,2024-07-17 06:03:23,,,
2024-07-04,1/3焦煤,大连港,俄罗斯,,0.75,8.50,33.00,80.00,1720.00,0.00,平仓价,17,2024-07-04 00:00:00,1,0,2024-07-17 06:03:23,0,2024-07-17 06:03:23,,,
2024-07-04,1/3焦煤,大连港,鹤岗市,,0.25,7.50,18.00,70.00,1635.00,0.00,平仓价,18,2024-07-04 00:00:00,1,0,2024-07-17 06:03:23,0,2024-07-17 06:03:23,,,
2024-07-03,1/3焦煤,大连港,俄罗斯,,0.75,8.50,33.00,80.00,1720.00,0.00,平仓价,19,2024-07-03 00:00:00,1,0,2024-07-17 06:03:23,0,2024-07-17 06:03:23,,,
2024-07-03,1/3焦煤,大连港,鹤岗市,,0.25,7.50,18.00,70.00,1635.00,0.00,平仓价,20,2024-07-03 00:00:00,1,0,2024-07-17 06:03:23,0,2024-07-17 06:03:23,,,
2024-07-02,1/3焦煤,大连港,俄罗斯,,0.75,8.50,33.00,80.00,1720.00,0.00,平仓价,21,2024-07-02 00:00:00,1,0,2024-07-17 06:03:23,0,2024-07-17 06:03:23,,,
2024-07-02,1/3焦煤,大连港,鹤岗市,,0.25,7.50,18.00,70.00,1635.00,0.00,平仓价,22,2024-07-02 00:00:00,1,0,2024-07-17 06:03:23,0,2024-07-17 06:03:23,,,
2024-07-01,1/3焦煤,大连港,俄罗斯,,0.75,8.50,33.00,80.00,1720.00,0.00,平仓价,23,2024-07-01 00:00:00,1,0,2024-07-17 06:03:23,0,2024-07-17 06:03:23,,,
2024-07-01,1/3焦煤,大连港,鹤岗市,,0.25,7.50,18.00,70.00,1635.00,0.00,平仓价,24,2024-07-01 00:00:00,1,0,2024-07-17 06:03:23,0,2024-07-17 06:03:23,,,
2024-06-28,1/3焦煤,大连港,俄罗斯,,0.75,8.50,33.00,80.00,1720.00,-40.00,平仓价,25,2024-06-28 00:00:00,1,0,2024-07-17 06:03:23,0,2024-07-17 06:03:23,,,
2024-06-28,1/3焦煤,大连港,鹤岗市,,0.25,7.50,18.00,70.00,1635.00,0.00,平仓价,26,2024-06-28 00:00:00,1,0,2024-07-17 06:03:23,0,2024-07-17 06:03:23,,,
2024-06-27,1/3焦煤,大连港,俄罗斯,,0.75,8.50,33.00,80.00,1760.00,0.00,平仓价,27,2024-06-27 00:00:00,1,0,2024-07-17 06:03:23,0,2024-07-17 06:03:23,,,
2024-06-27,1/3焦煤,大连港,鹤岗市,,0.25,7.50,18.00,70.00,1635.00,0.00,平仓价,28,2024-06-27 00:00:00,1,0,2024-07-17 06:03:23,0,2024-07-17 06:03:23,,,
2024-06-26,1/3焦煤,大连港,俄罗斯,,0.75,8.50,33.00,80.00,1760.00,-10.00,平仓价,29,2024-06-26 00:00:00,1,0,2024-07-17 06:03:23,0,2024-07-17 06:03:23,,,
2024-06-26,1/3焦煤,大连港,鹤岗市,,0.25,7.50,18.00,70.00,1635.00,0.00,平仓价,30,2024-06-26 00:00:00,1,0,2024-07-17 06:03:23,0,2024-07-17 06:03:23,,,
2024-06-25,1/3焦煤,大连港,俄罗斯,,0.75,8.50,33.00,80.00,1770.00,0.00,平仓价,31,2024-06-25 00:00:00,1,0,2024-07-17 06:03:25,0,2024-07-17 06:03:25,,,
2024-06-25,1/3焦煤,大连港,鹤岗市,,0.25,7.50,18.00,70.00,1635.00,0.00,平仓价,32,2024-06-25 00:00:00,1,0,2024-07-17 06:03:25,0,2024-07-17 06:03:25,,,
2024-06-24,1/3焦煤,大连港,俄罗斯,,0.75,8.50,33.00,80.00,1770.00,0.00,平仓价,33,2024-06-24 00:00:00,1,0,2024-07-17 06:03:25,0,2024-07-17 06:03:25,,,
2024-06-24,1/3焦煤,大连港,鹤岗市,,0.25,7.50,18.00,70.00,1635.00,0.00,平仓价,34,2024-06-24 00:00:00,1,0,2024-07-17 06:03:25,0,2024-07-17 06:03:25,,,
2024-06-21,1/3焦煤,大连港,俄罗斯,,0.75,8.50,33.00,80.00,1770.00,0.00,平仓价,35,2024-06-21 00:00:00,1,0,2024-07-17 06:03:25,0,2024-07-17 06:03:25,,,
2024-06-21,1/3焦煤,大连港,鹤岗市,,0.25,7.50,18.00,70.00,1635.00,0.00,平仓价,36,2024-06-21 00:00:00,1,0,2024-07-17 06:03:25,0,2024-07-17 06:03:25,,,
2024-06-20,1/3焦煤,大连港,俄罗斯,,0.75,8.50,33.00,80.00,1770.00,0.00,平仓价,37,2024-06-20 00:00:00,1,0,2024-07-17 06:03:25,0,2024-07-17 06:03:25,,,
2024-06-20,1/3焦煤,大连港,鹤岗市,,0.25,7.50,18.00,70.00,1635.00,0.00,平仓价,38,2024-06-20 00:00:00,1,0,2024-07-17 06:03:25,0,2024-07-17 06:03:25,,,
2024-06-19,1/3焦煤,大连港,俄罗斯,,0.75,8.50,33.00,80.00,1770.00,0.00,平仓价,39,2024-06-19 00:00:00,1,0,2024-07-17 06:03:25,0,2024-07-17 06:03:25,,,
2024-06-19,1/3焦煤,大连港,鹤岗市,,0.25,7.50,18.00,70.00,1635.00,0.00,平仓价,40,2024-06-19 00:00:00,1,0,2024-07-17 06:03:25,0,2024-07-17 06:03:25,,,
2024-06-18,1/3焦煤,大连港,俄罗斯,,0.75,8.50,33.00,80.00,1770.00,0.00,平仓价,41,2024-06-18 00:00:00,1,0,2024-07-17 06:03:25,0,2024-07-17 06:03:25,,,
2024-06-18,1/3焦煤,大连港,鹤岗市,,0.25,7.50,18.00,70.00,1635.00,0.00,平仓价,42,2024-06-18 00:00:00,1,0,2024-07-17 06:03:25,0,2024-07-17 06:03:25,,,
2024-06-17,1/3焦煤,大连港,俄罗斯,,0.75,8.50,33.00,80.00,1770.00,-20.00,平仓价,43,2024-06-17 00:00:00,1,0,2024-07-17 06:03:25,0,2024-07-17 06:03:25,,,
2024-06-17,1/3焦煤,大连港,鹤岗市,,0.25,7.50,18.00,70.00,1635.00,0.00,平仓价,44,2024-06-17 00:00:00,1,0,2024-07-17 06:03:25,0,2024-07-17 06:03:25,,,
2024-06-14,1/3焦煤,大连港,俄罗斯,,0.75,8.50,33.00,80.00,1790.00,0.00,平仓价,45,2024-06-14 00:00:00,1,0,2024-07-17 06:03:25,0,2024-07-17 06:03:25,,,
2024-06-14,1/3焦煤,大连港,鹤岗市,,0.25,7.50,18.00,70.00,1635.00,0.00,平仓价,46,2024-06-14 00:00:00,1,0,2024-07-17 06:03:25,0,2024-07-17 06:03:25,,,
2024-06-13,1/3焦煤,大连港,俄罗斯,,0.75,8.50,33.00,80.00,1790.00,0.00,平仓价,47,2024-06-13 00:00:00,1,0,2024-07-17 06:03:25,0,2024-07-17 06:03:25,,,
2024-06-13,1/3焦煤,大连港,鹤岗市,,0.25,7.50,18.00,70.00,1635.00,0.00,平仓价,48,2024-06-13 00:00:00,1,0,2024-07-17 06:03:25,0,2024-07-17 06:03:25,,,
2024-06-12,1/3焦煤,大连港,俄罗斯,,0.75,8.50,33.00,80.00,1790.00,0.00,平仓价,49,2024-06-12 00:00:00,1,0,2024-07-17 06:03:25,0,2024-07-17 06:03:25,,,
2024-06-12,1/3焦煤,大连港,鹤岗市,,0.25,7.50,18.00,70.00,1635.00,0.00,平仓价,50,2024-06-12 00:00:00,1,0,2024-07-17 06:03:25,0,2024-07-17 06:03:25,,,
2024-06-11,1/3焦煤,大连港,俄罗斯,,0.75,8.50,33.00,80.00,1790.00,-10.00,平仓价,51,2024-06-11 00:00:00,1,0,2024-07-17 06:03:25,0,2024-07-17 06:03:25,,,
2024-06-11,1/3焦煤,大连港,鹤岗市,,0.25,7.50,18.00,70.00,1635.00,0.00,平仓价,52,2024-06-11 00:00:00,1,0,2024-07-17 06:03:25,0,2024-07-17 06:03:25,,,
2024-06-07,1/3焦煤,大连港,俄罗斯,,0.75,8.50,33.00,80.00,1800.00,0.00,平仓价,53,2024-06-07 00:00:00,1,0,2024-07-17 06:03:25,0,2024-07-17 06:03:25,,,
2024-06-07,1/3焦煤,大连港,鹤岗市,,0.25,7.50,18.00,70.00,1635.00,0.00,平仓价,54,2024-06-07 00:00:00,1,0,2024-07-17 06:03:25,0,2024-07-17 06:03:25,,,
2024-06-06,1/3焦煤,大连港,俄罗斯,,0.75,8.50,33.00,80.00,1800.00,-5.00,平仓价,55,2024-06-06 00:00:00,1,0,2024-07-17 06:03:25,0,2024-07-17 06:03:25,,,
2024-06-06,1/3焦煤,大连港,鹤岗市,,0.25,7.50,18.00,70.00,1635.00,0.00,平仓价,56,2024-06-06 00:00:00,1,0,2024-07-17 06:03:25,0,2024-07-17 06:03:25,,,
2024-06-05,1/3焦煤,大连港,俄罗斯,,0.75,8.50,33.00,80.00,1805.00,0.00,平仓价,57,2024-06-05 00:00:00,1,0,2024-07-17 06:03:25,0,2024-07-17 06:03:25,,,
2024-06-05,1/3焦煤,大连港,鹤岗市,,0.25,7.50,18.00,70.00,1635.00,0.00,平仓价,58,2024-06-05 00:00:00,1,0,2024-07-17 06:03:25,0,2024-07-17 06:03:25,,,
2024-06-04,1/3焦煤,大连港,俄罗斯,,0.75,8.50,33.00,80.00,1805.00,0.00,平仓价,59,2024-06-04 00:00:00,1,0,2024-07-17 06:03:25,0,2024-07-17 06:03:25,,,
2024-06-04,1/3焦煤,大连港,鹤岗市,,0.25,7.50,18.00,70.00,1635.00,0.00,平仓价,60,2024-06-04 00:00:00,1,0,2024-07-17 06:03:25,0,2024-07-17 06:03:25,,,
2024-06-03,1/3焦煤,大连港,俄罗斯,,0.75,8.50,33.00,80.00,1805.00,0.00,平仓价,61,2024-06-03 00:00:00,1,0,2024-07-17 06:03:28,0,2024-07-17 06:03:28,,,
2024-06-03,1/3焦煤,大连港,鹤岗市,,0.25,7.50,18.00,70.00,1635.00,0.00,平仓价,62,2024-06-03 00:00:00,1,0,2024-07-17 06:03:28,0,2024-07-17 06:03:28,,,
2024-05-31,1/3焦煤,大连港,俄罗斯,,0.75,8.50,33.00,80.00,1805.00,0.00,平仓价,63,2024-05-31 00:00:00,1,0,2024-07-17 06:03:28,0,2024-07-17 06:03:28,,,
2024-05-31,1/3焦煤,大连港,鹤岗市,,0.25,7.50,18.00,70.00,1635.00,0.00,平仓价,64,2024-05-31 00:00:00,1,0,2024-07-17 06:03:28,0,2024-07-17 06:03:28,,,
2024-05-30,1/3焦煤,大连港,俄罗斯,,0.75,8.50,33.00,80.00,1805.00,0.00,平仓价,65,2024-05-30 00:00:00,1,0,2024-07-17 06:03:28,0,2024-07-17 06:03:28,,,
2024-05-30,1/3焦煤,大连港,鹤岗市,,0.25,7.50,18.00,70.00,1635.00,0.00,平仓价,66,2024-05-30 00:00:00,1,0,2024-07-17 06:03:28,0,2024-07-17 06:03:28,,,
2024-05-29,1/3焦煤,大连港,俄罗斯,,0.75,8.50,33.00,80.00,1805.00,0.00,平仓价,67,2024-05-29 00:00:00,1,0,2024-07-17 06:03:28,0,2024-07-17 06:03:28,,,
2024-05-29,1/3焦煤,大连港,鹤岗市,,0.25,7.50,18.00,70.00,1635.00,0.00,平仓价,68,2024-05-29 00:00:00,1,0,2024-07-17 06:03:28,0,2024-07-17 06:03:28,,,
2024-05-28,1/3焦煤,大连港,俄罗斯,,0.75,8.50,33.00,80.00,1805.00,0.00,平仓价,69,2024-05-28 00:00:00,1,0,2024-07-17 06:03:28,0,2024-07-17 06:03:28,,,
2024-05-28,1/3焦煤,大连港,鹤岗市,,0.25,7.50,18.00,70.00,1635.00,0.00,平仓价,70,2024-05-28 00:00:00,1,0,2024-07-17 06:03:28,0,2024-07-17 06:03:28,,,
2024-05-27,1/3焦煤,大连港,俄罗斯,,0.75,8.50,33.00,80.00,1805.00,10.00,平仓价,71,2024-05-27 00:00:00,1,0,2024-07-17 06:03:28,0,2024-07-17 06:03:28,,,
2024-05-27,1/3焦煤,大连港,鹤岗市,,0.25,7.50,18.00,70.00,1635.00,0.00,平仓价,72,2024-05-27 00:00:00,1,0,2024-07-17 06:03:28,0,2024-07-17 06:03:28,,,
2024-05-24,1/3焦煤,大连港,俄罗斯,,0.75,8.50,33.00,80.00,1795.00,0.00,平仓价,73,2024-05-24 00:00:00,1,0,2024-07-17 06:03:28,0,2024-07-17 06:03:28,,,
2024-05-24,1/3焦煤,大连港,鹤岗市,,0.25,7.50,18.00,70.00,1635.00,0.00,平仓价,74,2024-05-24 00:00:00,1,0,2024-07-17 06:03:28,0,2024-07-17 06:03:28,,,
2024-05-23,1/3焦煤,大连港,俄罗斯,,0.75,8.50,33.00,80.00,1795.00,0.00,平仓价,75,2024-05-23 00:00:00,1,0,2024-07-17 06:03:28,0,2024-07-17 06:03:28,,,
2024-05-23,1/3焦煤,大连港,鹤岗市,,0.25,7.50,18.00,70.00,1635.00,0.00,平仓价,76,2024-05-23 00:00:00,1,0,2024-07-17 06:03:28,0,2024-07-17 06:03:28,,,
2024-05-22,1/3焦煤,大连港,俄罗斯,,0.75,8.50,33.00,80.00,1795.00,0.00,平仓价,77,2024-05-22 00:00:00,1,0,2024-07-17 06:03:28,0,2024-07-17 06:03:28,,,
2024-05-22,1/3焦煤,大连港,鹤岗市,,0.25,7.50,18.00,70.00,1635.00,0.00,平仓价,78,2024-05-22 00:00:00,1,0,2024-07-17 06:03:28,0,2024-07-17 06:03:28,,,
2024-05-21,1/3焦煤,大连港,俄罗斯,,0.75,8.50,33.00,80.00,1795.00,0.00,平仓价,79,2024-05-21 00:00:00,1,0,2024-07-17 06:03:28,0,2024-07-17 06:03:28,,,
2024-05-21,1/3焦煤,大连港,鹤岗市,,0.25,7.50,18.00,70.00,1635.00,0.00,平仓价,80,2024-05-21 00:00:00,1,0,2024-07-17 06:03:28,0,2024-07-17 06:03:28,,,
2024-05-20,1/3焦煤,大连港,俄罗斯,,0.75,8.50,33.00,80.00,1795.00,-35.00,平仓价,81,2024-05-20 00:00:00,1,0,2024-07-17 06:03:28,0,2024-07-17 06:03:28,,,
2024-05-20,1/3焦煤,大连港,鹤岗市,,0.25,7.50,18.00,70.00,1635.00,0.00,平仓价,82,2024-05-20 00:00:00,1,0,2024-07-17 06:03:28,0,2024-07-17 06:03:28,,,
2024-05-17,1/3焦煤,大连港,俄罗斯,,0.75,8.50,33.00,80.00,1830.00,0.00,平仓价,83,2024-05-17 00:00:00,1,0,2024-07-17 06:03:28,0,2024-07-17 06:03:28,,,
2024-05-17,1/3焦煤,大连港,鹤岗市,,0.25,7.50,18.00,70.00,1635.00,0.00,平仓价,84,2024-05-17 00:00:00,1,0,2024-07-17 06:03:28,0,2024-07-17 06:03:28,,,
2024-05-16,1/3焦煤,大连港,俄罗斯,,0.75,8.50,33.00,80.00,1830.00,0.00,平仓价,85,2024-05-16 00:00:00,1,0,2024-07-17 06:03:28,0,2024-07-17 06:03:28,,,
2024-05-16,1/3焦煤,大连港,鹤岗市,,0.25,7.50,18.00,70.00,1635.00,0.00,平仓价,86,2024-05-16 00:00:00,1,0,2024-07-17 06:03:28,0,2024-07-17 06:03:28,,,
2024-05-15,1/3焦煤,大连港,俄罗斯,,0.75,8.50,33.00,80.00,1830.00,0.00,平仓价,87,2024-05-15 00:00:00,1,0,2024-07-17 06:03:28,0,2024-07-17 06:03:28,,,
2024-05-15,1/3焦煤,大连港,鹤岗市,,0.25,7.50,18.00,70.00,1635.00,0.00,平仓价,88,2024-05-15 00:00:00,1,0,2024-07-17 06:03:28,0,2024-07-17 06:03:28,,,
2024-05-14,1/3焦煤,大连港,俄罗斯,,0.75,8.50,33.00,80.00,1830.00,0.00,平仓价,89,2024-05-14 00:00:00,1,0,2024-07-17 06:03:28,0,2024-07-17 06:03:28,,,
2024-05-14,1/3焦煤,大连港,鹤岗市,,0.25,7.50,18.00,70.00,1635.00,0.00,平仓价,90,2024-05-14 00:00:00,1,0,2024-07-17 06:03:28,0,2024-07-17 06:03:28,,,
2024-05-13,1/3焦煤,大连港,俄罗斯,,0.75,8.50,33.00,80.00,1830.00,0.00,平仓价,91,2024-05-13 00:00:00,1,0,2024-07-17 06:03:30,0,2024-07-17 06:03:30,,,
2024-05-13,1/3焦煤,大连港,鹤岗市,,0.25,7.50,18.00,70.00,1635.00,0.00,平仓价,92,2024-05-13 00:00:00,1,0,2024-07-17 06:03:30,0,2024-07-17 06:03:30,,,
2024-05-11,1/3焦煤,大连港,俄罗斯,,0.75,8.50,33.00,80.00,1830.00,0.00,平仓价,93,2024-05-11 00:00:00,1,0,2024-07-17 06:03:30,0,2024-07-17 06:03:30,,,
2024-05-11,1/3焦煤,大连港,鹤岗市,,0.25,7.50,18.00,70.00,1635.00,0.00,平仓价,94,2024-05-11 00:00:00,1,0,2024-07-17 06:03:30,0,2024-07-17 06:03:30,,,
2024-05-10,1/3焦煤,大连港,俄罗斯,,0.75,8.50,33.00,80.00,1830.00,0.00,平仓价,95,2024-05-10 00:00:00,1,0,2024-07-17 06:03:30,0,2024-07-17 06:03:30,,,
2024-05-10,1/3焦煤,大连港,鹤岗市,,0.25,7.50,18.00,70.00,1635.00,0.00,平仓价,96,2024-05-10 00:00:00,1,0,2024-07-17 06:03:30,0,2024-07-17 06:03:30,,,
2024-05-09,1/3焦煤,大连港,俄罗斯,,0.75,8.50,33.00,80.00,1830.00,0.00,平仓价,97,2024-05-09 00:00:00,1,0,2024-07-17 06:03:30,0,2024-07-17 06:03:30,,,
2024-05-09,1/3焦煤,大连港,鹤岗市,,0.25,7.50,18.00,70.00,1635.00,0.00,平仓价,98,2024-05-09 00:00:00,1,0,2024-07-17 06:03:30,0,2024-07-17 06:03:30,,,
2024-05-08,1/3焦煤,大连港,俄罗斯,,0.75,8.50,33.00,80.00,1830.00,0.00,平仓价,99,2024-05-08 00:00:00,1,0,2024-07-17 06:03:30,0,2024-07-17 06:03:30,,,
2024-05-08,1/3焦煤,大连港,鹤岗市,,0.25,7.50,18.00,70.00,1635.00,0.00,平仓价,100,2024-05-08 00:00:00,1,0,2024-07-17 06:03:30,0,2024-07-17 06:03:30,,,
2024-05-07,1/3焦煤,大连港,俄罗斯,,0.75,8.50,33.00,80.00,1830.00,0.00,平仓价,101,2024-05-07 00:00:00,1,0,2024-07-17 06:03:30,0,2024-07-17 06:03:30,,,
2024-05-07,1/3焦煤,大连港,鹤岗市,,0.25,7.50,18.00,70.00,1635.00,0.00,平仓价,102,2024-05-07 00:00:00,1,0,2024-07-17 06:03:30,0,2024-07-17 06:03:30,,,
2024-05-06,1/3焦煤,大连港,俄罗斯,,0.75,8.50,33.00,80.00,1830.00,0.00,平仓价,103,2024-05-06 00:00:00,1,0,2024-07-17 06:03:30,0,2024-07-17 06:03:30,,,
2024-05-06,1/3焦煤,大连港,鹤岗市,,0.25,7.50,18.00,70.00,1635.00,0.00,平仓价,104,2024-05-06 00:00:00,1,0,2024-07-17 06:03:30,0,2024-07-17 06:03:30,,,
2024-04-30,1/3焦煤,大连港,俄罗斯,,0.75,8.50,33.00,80.00,1830.00,-30.00,平仓价,105,2024-04-30 00:00:00,1,0,2024-07-17 06:03:30,0,2024-07-17 06:03:30,,,
2024-04-30,1/3焦煤,大连港,鹤岗市,,0.25,7.50,18.00,70.00,1635.00,0.00,平仓价,106,2024-04-30 00:00:00,1,0,2024-07-17 06:03:30,0,2024-07-17 06:03:30,,,
2024-04-29,1/3焦煤,大连港,俄罗斯,,0.75,8.50,33.00,80.00,1860.00,0.00,平仓价,107,2024-04-29 00:00:00,1,0,2024-07-17 06:03:30,0,2024-07-17 06:03:30,,,
2024-04-29,1/3焦煤,大连港,鹤岗市,,0.25,7.50,18.00,70.00,1635.00,-20.00,平仓价,108,2024-04-29 00:00:00,1,0,2024-07-17 06:03:30,0,2024-07-17 06:03:30,,,
2024-04-28,1/3焦煤,大连港,俄罗斯,,0.75,8.50,33.00,80.00,1860.00,0.00,平仓价,109,2024-04-28 00:00:00,1,0,2024-07-17 06:03:30,0,2024-07-17 06:03:30,,,
2024-04-28,1/3焦煤,大连港,鹤岗市,,0.25,7.50,18.00,70.00,1655.00,0.00,平仓价,110,2024-04-28 00:00:00,1,0,2024-07-17 06:03:30,0,2024-07-17 06:03:30,,,
2024-04-26,1/3焦煤,大连港,俄罗斯,,0.75,8.50,33.00,80.00,1860.00,0.00,平仓价,111,2024-04-26 00:00:00,1,0,2024-07-17 06:03:30,0,2024-07-17 06:03:30,,,
2024-04-26,1/3焦煤,大连港,鹤岗市,,0.25,7.50,18.00,70.00,1655.00,0.00,平仓价,112,2024-04-26 00:00:00,1,0,2024-07-17 06:03:30,0,2024-07-17 06:03:30,,,
2024-04-25,1/3焦煤,大连港,俄罗斯,,0.75,8.50,33.00,80.00,1860.00,0.00,平仓价,113,2024-04-25 00:00:00,1,0,2024-07-17 06:03:30,0,2024-07-17 06:03:30,,,
2024-04-25,1/3焦煤,大连港,鹤岗市,,0.25,7.50,18.00,70.00,1655.00,0.00,平仓价,114,2024-04-25 00:00:00,1,0,2024-07-17 06:03:30,0,2024-07-17 06:03:30,,,
2024-04-24,1/3焦煤,大连港,俄罗斯,,0.75,8.50,33.00,80.00,1860.00,0.00,平仓价,115,2024-04-24 00:00:00,1,0,2024-07-17 06:03:30,0,2024-07-17 06:03:30,,,
2024-04-24,1/3焦煤,大连港,鹤岗市,,0.25,7.50,18.00,70.00,1655.00,0.00,平仓价,116,2024-04-24 00:00:00,1,0,2024-07-17 06:03:30,0,2024-07-17 06:03:30,,,
2024-04-23,1/3焦煤,大连港,俄罗斯,,0.75,8.50,33.00,80.00,1860.00,0.00,平仓价,117,2024-04-23 00:00:00,1,0,2024-07-17 06:03:30,0,2024-07-17 06:03:30,,,
2024-04-23,1/3焦煤,大连港,鹤岗市,,0.25,7.50,18.00,70.00,1655.00,0.00,平仓价,118,2024-04-23 00:00:00,1,0,2024-07-17 06:03:30,0,2024-07-17 06:03:30,,,
2024-04-22,1/3焦煤,大连港,俄罗斯,,0.75,8.50,33.00,80.00,1860.00,155.00,平仓价,119,2024-04-22 00:00:00,1,0,2024-07-17 06:03:30,0,2024-07-17 06:03:30,,,
2024-04-22,1/3焦煤,大连港,鹤岗市,,0.25,7.50,18.00,70.00,1655.00,0.00,平仓价,120,2024-04-22 00:00:00,1,0,2024-07-17 06:03:30,0,2024-07-17 06:03:30,,,
2024-04-19,1/3焦煤,大连港,俄罗斯,,0.75,8.50,33.00,80.00,1705.00,0.00,平仓价,121,2024-04-19 00:00:00,1,0,2024-07-17 06:03:33,0,2024-07-17 06:03:33,,,
2024-04-19,1/3焦煤,大连港,鹤岗市,,0.25,7.50,18.00,70.00,1655.00,0.00,平仓价,122,2024-04-19 00:00:00,1,0,2024-07-17 06:03:33,0,2024-07-17 06:03:33,,,
2024-04-18,1/3焦煤,大连港,俄罗斯,,0.75,8.50,33.00,80.00,1705.00,0.00,平仓价,123,2024-04-18 00:00:00,1,0,2024-07-17 06:03:33,0,2024-07-17 06:03:33,,,
2024-04-18,1/3焦煤,大连港,鹤岗市,,0.25,7.50,18.00,70.00,1655.00,0.00,平仓价,124,2024-04-18 00:00:00,1,0,2024-07-17 06:03:33,0,2024-07-17 06:03:33,,,
2024-04-17,1/3焦煤,大连港,俄罗斯,,0.75,8.50,33.00,80.00,1705.00,75.00,平仓价,125,2024-04-17 00:00:00,1,0,2024-07-17 06:03:33,0,2024-07-17 06:03:33,,,
2024-04-17,1/3焦煤,大连港,鹤岗市,,0.25,7.50,18.00,70.00,1655.00,0.00,平仓价,126,2024-04-17 00:00:00,1,0,2024-07-17 06:03:33,0,2024-07-17 06:03:33,,,
2024-04-16,1/3焦煤,大连港,俄罗斯,,0.75,8.50,33.00,80.00,1630.00,0.00,平仓价,127,2024-04-16 00:00:00,1,0,2024-07-17 06:03:33,0,2024-07-17 06:03:33,,,
2024-04-16,1/3焦煤,大连港,鹤岗市,,0.25,7.50,18.00,70.00,1655.00,0.00,平仓价,128,2024-04-16 00:00:00,1,0,2024-07-17 06:03:33,0,2024-07-17 06:03:33,,,
2024-04-15,1/3焦煤,大连港,俄罗斯,,0.75,8.50,33.00,80.00,1630.00,0.00,平仓价,129,2024-04-15 00:00:00,1,0,2024-07-17 06:03:33,0,2024-07-17 06:03:33,,,
2024-04-15,1/3焦煤,大连港,鹤岗市,,0.25,7.50,18.00,70.00,1655.00,0.00,平仓价,130,2024-04-15 00:00:00,1,0,2024-07-17 06:03:33,0,2024-07-17 06:03:33,,,
2024-04-12,1/3焦煤,大连港,俄罗斯,,0.75,8.50,33.00,80.00,1630.00,0.00,平仓价,131,2024-04-12 00:00:00,1,0,2024-07-17 06:03:33,0,2024-07-17 06:03:33,,,
2024-04-12,1/3焦煤,大连港,鹤岗市,,0.25,7.50,18.00,70.00,1655.00,0.00,平仓价,132,2024-04-12 00:00:00,1,0,2024-07-17 06:03:33,0,2024-07-17 06:03:33,,,
2024-04-11,1/3焦煤,大连港,俄罗斯,,0.75,8.50,33.00,80.00,1630.00,0.00,平仓价,133,2024-04-11 00:00:00,1,0,2024-07-17 06:03:33,0,2024-07-17 06:03:33,,,
2024-04-11,1/3焦煤,大连港,鹤岗市,,0.25,7.50,18.00,70.00,1655.00,0.00,平仓价,134,2024-04-11 00:00:00,1,0,2024-07-17 06:03:33,0,2024-07-17 06:03:33,,,
2024-04-10,1/3焦煤,大连港,俄罗斯,,0.75,8.50,33.00,80.00,1630.00,0.00,平仓价,135,2024-04-10 00:00:00,1,0,2024-07-17 06:03:33,0,2024-07-17 06:03:33,,,
2024-04-10,1/3焦煤,大连港,鹤岗市,,0.25,7.50,18.00,70.00,1655.00,0.00,平仓价,136,2024-04-10 00:00:00,1,0,2024-07-17 06:03:33,0,2024-07-17 06:03:33,,,
2024-04-09,1/3焦煤,大连港,俄罗斯,,0.75,8.50,33.00,80.00,1630.00,-90.00,平仓价,137,2024-04-09 00:00:00,1,0,2024-07-17 06:03:33,0,2024-07-17 06:03:33,,,
2024-04-09,1/3焦煤,大连港,鹤岗市,,0.25,7.50,18.00,70.00,1655.00,0.00,平仓价,138,2024-04-09 00:00:00,1,0,2024-07-17 06:03:33,0,2024-07-17 06:03:33,,,
2024-04-08,1/3焦煤,大连港,俄罗斯,,0.75,8.50,33.00,80.00,1720.00,0.00,平仓价,139,2024-04-08 00:00:00,1,0,2024-07-17 06:03:33,0,2024-07-17 06:03:33,,,
2024-04-08,1/3焦煤,大连港,鹤岗市,,0.25,7.50,18.00,70.00,1655.00,-150.00,平仓价,140,2024-04-08 00:00:00,1,0,2024-07-17 06:03:33,0,2024-07-17 06:03:33,,,
2024-04-07,1/3焦煤,大连港,俄罗斯,,0.75,8.50,33.00,80.00,1720.00,0.00,平仓价,141,2024-04-07 00:00:00,1,0,2024-07-17 06:03:33,0,2024-07-17 06:03:33,,,
2024-04-07,1/3焦煤,大连港,鹤岗市,,0.25,7.50,18.00,70.00,1805.00,0.00,平仓价,142,2024-04-07 00:00:00,1,0,2024-07-17 06:03:33,0,2024-07-17 06:03:33,,,
2024-04-03,1/3焦煤,大连港,俄罗斯,,0.75,8.50,33.00,80.00,1720.00,0.00,平仓价,143,2024-04-03 00:00:00,1,0,2024-07-17 06:03:33,0,2024-07-17 06:03:33,,,
2024-04-03,1/3焦煤,大连港,鹤岗市,,0.25,7.50,18.00,70.00,1805.00,0.00,平仓价,144,2024-04-03 00:00:00,1,0,2024-07-17 06:03:33,0,2024-07-17 06:03:33,,,
2024-04-02,1/3焦煤,大连港,俄罗斯,,0.75,8.50,33.00,80.00,1720.00,0.00,平仓价,145,2024-04-02 00:00:00,1,0,2024-07-17 06:03:33,0,2024-07-17 06:03:33,,,
2024-04-02,1/3焦煤,大连港,鹤岗市,,0.25,7.50,18.00,70.00,1805.00,0.00,平仓价,146,2024-04-02 00:00:00,1,0,2024-07-17 06:03:33,0,2024-07-17 06:03:33,,,
2024-04-01,1/3焦煤,大连港,俄罗斯,,0.75,8.50,33.00,80.00,1720.00,0.00,平仓价,147,2024-04-01 00:00:00,1,0,2024-07-17 06:03:33,0,2024-07-17 06:03:33,,,
2024-04-01,1/3焦煤,大连港,鹤岗市,,0.25,7.50,18.00,70.00,1805.00,0.00,平仓价,148,2024-04-01 00:00:00,1,0,2024-07-17 06:03:33,0,2024-07-17 06:03:33,,,
2024-03-29,1/3焦煤,大连港,俄罗斯,,0.75,8.50,33.00,80.00,1720.00,0.00,平仓价,149,2024-03-29 00:00:00,1,0,2024-07-17 06:03:33,0,2024-07-17 06:03:33,,,
2024-03-29,1/3焦煤,大连港,鹤岗市,,0.25,7.50,18.00,70.00,1805.00,0.00,平仓价,150,2024-03-29 00:00:00,1,0,2024-07-17 06:03:33,0,2024-07-17 06:03:33,,,
2024-03-28,1/3焦煤,大连港,俄罗斯,,0.75,8.50,33.00,80.00,1720.00,0.00,平仓价,151,2024-03-28 00:00:00,1,0,2024-07-17 06:03:35,0,2024-07-17 06:03:35,,,
2024-03-28,1/3焦煤,大连港,鹤岗市,,0.25,7.50,18.00,70.00,1805.00,0.00,平仓价,152,2024-03-28 00:00:00,1,0,2024-07-17 06:03:35,0,2024-07-17 06:03:35,,,
2024-03-27,1/3焦煤,大连港,俄罗斯,,0.75,8.50,33.00,80.00,1720.00,0.00,平仓价,153,2024-03-27 00:00:00,1,0,2024-07-17 06:03:35,0,2024-07-17 06:03:35,,,
2024-03-27,1/3焦煤,大连港,鹤岗市,,0.25,7.50,18.00,70.00,1805.00,0.00,平仓价,154,2024-03-27 00:00:00,1,0,2024-07-17 06:03:35,0,2024-07-17 06:03:35,,,
2024-03-26,1/3焦煤,大连港,俄罗斯,,0.75,8.50,33.00,80.00,1720.00,0.00,平仓价,155,2024-03-26 00:00:00,1,0,2024-07-17 06:03:35,0,2024-07-17 06:03:35,,,
2024-03-26,1/3焦煤,大连港,鹤岗市,,0.25,7.50,18.00,70.00,1805.00,0.00,平仓价,156,2024-03-26 00:00:00,1,0,2024-07-17 06:03:35,0,2024-07-17 06:03:35,,,
2024-03-25,1/3焦煤,大连港,俄罗斯,,0.75,8.50,33.00,80.00,1720.00,0.00,平仓价,157,2024-03-25 00:00:00,1,0,2024-07-17 06:03:35,0,2024-07-17 06:03:35,,,
2024-03-25,1/3焦煤,大连港,鹤岗市,,0.25,7.50,18.00,70.00,1805.00,0.00,平仓价,158,2024-03-25 00:00:00,1,0,2024-07-17 06:03:35,0,2024-07-17 06:03:35,,,
2024-03-22,1/3焦煤,大连港,俄罗斯,,0.75,8.50,33.00,80.00,1720.00,-130.00,平仓价,159,2024-03-22 00:00:00,1,0,2024-07-17 06:03:35,0,2024-07-17 06:03:35,,,
2024-03-22,1/3焦煤,大连港,鹤岗市,,0.25,7.50,18.00,70.00,1805.00,0.00,平仓价,160,2024-03-22 00:00:00,1,0,2024-07-17 06:03:35,0,2024-07-17 06:03:35,,,
2024-03-21,1/3焦煤,大连港,俄罗斯,,0.75,8.50,33.00,80.00,1850.00,0.00,平仓价,161,2024-03-21 00:00:00,1,0,2024-07-17 06:03:35,0,2024-07-17 06:03:35,,,
2024-03-21,1/3焦煤,大连港,鹤岗市,,0.25,7.50,18.00,70.00,1805.00,0.00,平仓价,162,2024-03-21 00:00:00,1,0,2024-07-17 06:03:35,0,2024-07-17 06:03:35,,,
2024-03-20,1/3焦煤,大连港,俄罗斯,,0.75,8.50,33.00,80.00,1850.00,0.00,平仓价,163,2024-03-20 00:00:00,1,0,2024-07-17 06:03:35,0,2024-07-17 06:03:35,,,
2024-03-20,1/3焦煤,大连港,鹤岗市,,0.25,7.50,18.00,70.00,1805.00,0.00,平仓价,164,2024-03-20 00:00:00,1,0,2024-07-17 06:03:35,0,2024-07-17 06:03:35,,,
2024-03-19,1/3焦煤,大连港,俄罗斯,,0.75,8.50,33.00,80.00,1850.00,0.00,平仓价,165,2024-03-19 00:00:00,1,0,2024-07-17 06:03:35,0,2024-07-17 06:03:35,,,
2024-03-19,1/3焦煤,大连港,鹤岗市,,0.25,7.50,18.00,70.00,1805.00,0.00,平仓价,166,2024-03-19 00:00:00,1,0,2024-07-17 06:03:35,0,2024-07-17 06:03:35,,,
2024-03-18,1/3焦煤,大连港,俄罗斯,,0.75,8.50,33.00,80.00,1850.00,-75.00,平仓价,167,2024-03-18 00:00:00,1,0,2024-07-17 06:03:35,0,2024-07-17 06:03:35,,,
2024-03-18,1/3焦煤,大连港,鹤岗市,,0.25,7.50,18.00,70.00,1805.00,0.00,平仓价,168,2024-03-18 00:00:00,1,0,2024-07-17 06:03:35,0,2024-07-17 06:03:35,,,
2024-03-15,1/3焦煤,大连港,俄罗斯,,0.75,8.50,33.00,80.00,1925.00,0.00,平仓价,169,2024-03-15 00:00:00,1,0,2024-07-17 06:03:35,0,2024-07-17 06:03:35,,,
2024-03-15,1/3焦煤,大连港,鹤岗市,,0.25,7.50,18.00,70.00,1805.00,-100.00,平仓价,170,2024-03-15 00:00:00,1,0,2024-07-17 06:03:35,0,2024-07-17 06:03:35,,,
2024-03-14,1/3焦煤,大连港,俄罗斯,,0.75,8.50,33.00,80.00,1925.00,-45.00,平仓价,171,2024-03-14 00:00:00,1,0,2024-07-17 06:03:35,0,2024-07-17 06:03:35,,,
2024-03-14,1/3焦煤,大连港,鹤岗市,,0.25,7.50,18.00,70.00,1905.00,0.00,平仓价,172,2024-03-14 00:00:00,1,0,2024-07-17 06:03:35,0,2024-07-17 06:03:35,,,
2024-03-13,1/3焦煤,大连港,俄罗斯,,0.75,8.50,33.00,80.00,1970.00,-75.00,平仓价,173,2024-03-13 00:00:00,1,0,2024-07-17 06:03:35,0,2024-07-17 06:03:35,,,
2024-03-13,1/3焦煤,大连港,鹤岗市,,0.25,7.50,18.00,70.00,1905.00,0.00,平仓价,174,2024-03-13 00:00:00,1,0,2024-07-17 06:03:35,0,2024-07-17 06:03:35,,,
2024-03-12,1/3焦煤,大连港,俄罗斯,,0.75,8.50,33.00,80.00,2045.00,-110.00,平仓价,175,2024-03-12 00:00:00,1,0,2024-07-17 06:03:35,0,2024-07-17 06:03:35,,,
2024-03-12,1/3焦煤,大连港,鹤岗市,,0.25,7.50,18.00,70.00,1905.00,0.00,平仓价,176,2024-03-12 00:00:00,1,0,2024-07-17 06:03:35,0,2024-07-17 06:03:35,,,
2024-03-11,1/3焦煤,大连港,俄罗斯,,0.75,8.50,33.00,80.00,2155.00,0.00,平仓价,177,2024-03-11 00:00:00,1,0,2024-07-17 06:03:35,0,2024-07-17 06:03:35,,,
2024-03-11,1/3焦煤,大连港,鹤岗市,,0.25,7.50,18.00,70.00,1905.00,0.00,平仓价,178,2024-03-11 00:00:00,1,0,2024-07-17 06:03:35,0,2024-07-17 06:03:35,,,
2024-03-08,1/3焦煤,大连港,俄罗斯,,0.75,8.50,33.00,80.00,2155.00,0.00,平仓价,179,2024-03-08 00:00:00,1,0,2024-07-17 06:03:35,0,2024-07-17 06:03:35,,,
2024-03-08,1/3焦煤,大连港,鹤岗市,,0.25,7.50,18.00,70.00,1905.00,0.00,平仓价,180,2024-03-08 00:00:00,1,0,2024-07-17 06:03:35,0,2024-07-17 06:03:35,,,
2024-03-07,1/3焦煤,大连港,俄罗斯,,0.75,8.50,33.00,80.00,2155.00,0.00,平仓价,181,2024-03-07 00:00:00,1,0,2024-07-17 06:03:39,0,2024-07-17 06:03:39,,,
2024-03-07,1/3焦煤,大连港,鹤岗市,,0.25,7.50,18.00,70.00,1905.00,0.00,平仓价,182,2024-03-07 00:00:00,1,0,2024-07-17 06:03:39,0,2024-07-17 06:03:39,,,
2024-03-06,1/3焦煤,大连港,俄罗斯,,0.75,8.50,33.00,80.00,2155.00,0.00,平仓价,183,2024-03-06 00:00:00,1,0,2024-07-17 06:03:39,0,2024-07-17 06:03:39,,,
2024-03-06,1/3焦煤,大连港,鹤岗市,,0.25,7.50,18.00,70.00,1905.00,0.00,平仓价,184,2024-03-06 00:00:00,1,0,2024-07-17 06:03:39,0,2024-07-17 06:03:39,,,
2024-03-05,1/3焦煤,大连港,俄罗斯,,0.75,8.50,33.00,80.00,2155.00,0.00,平仓价,185,2024-03-05 00:00:00,1,0,2024-07-17 06:03:39,0,2024-07-17 06:03:39,,,
2024-03-05,1/3焦煤,大连港,鹤岗市,,0.25,7.50,18.00,70.00,1905.00,0.00,平仓价,186,2024-03-05 00:00:00,1,0,2024-07-17 06:03:39,0,2024-07-17 06:03:39,,,
2024-03-04,1/3焦煤,大连港,俄罗斯,,0.75,8.50,33.00,80.00,2155.00,0.00,平仓价,187,2024-03-04 00:00:00,1,0,2024-07-17 06:03:39,0,2024-07-17 06:03:39,,,
2024-03-04,1/3焦煤,大连港,鹤岗市,,0.25,7.50,18.00,70.00,1905.00,0.00,平仓价,188,2024-03-04 00:00:00,1,0,2024-07-17 06:03:39,0,2024-07-17 06:03:39,,,
2024-03-01,1/3焦煤,大连港,俄罗斯,,0.75,8.50,33.00,80.00,2155.00,0.00,平仓价,189,2024-03-01 00:00:00,1,0,2024-07-17 06:03:39,0,2024-07-17 06:03:39,,,
2024-03-01,1/3焦煤,大连港,鹤岗市,,0.25,7.50,18.00,70.00,1905.00,0.00,平仓价,190,2024-03-01 00:00:00,1,0,2024-07-17 06:03:39,0,2024-07-17 06:03:39,,,
2024-02-29,1/3焦煤,大连港,俄罗斯,,0.75,8.50,33.00,80.00,2155.00,0.00,平仓价,191,2024-02-29 00:00:00,1,0,2024-07-17 06:03:39,0,2024-07-17 06:03:39,,,
2024-02-29,1/3焦煤,大连港,鹤岗市,,0.25,7.50,18.00,70.00,1905.00,0.00,平仓价,192,2024-02-29 00:00:00,1,0,2024-07-17 06:03:39,0,2024-07-17 06:03:39,,,
2024-02-28,1/3焦煤,大连港,俄罗斯,,0.75,8.50,33.00,80.00,2155.00,0.00,平仓价,193,2024-02-28 00:00:00,1,0,2024-07-17 06:03:39,0,2024-07-17 06:03:39,,,
2024-02-28,1/3焦煤,大连港,鹤岗市,,0.25,7.50,18.00,70.00,1905.00,0.00,平仓价,194,2024-02-28 00:00:00,1,0,2024-07-17 06:03:39,0,2024-07-17 06:03:39,,,
2024-02-27,1/3焦煤,大连港,俄罗斯,,0.75,8.50,33.00,80.00,2155.00,-30.00,平仓价,195,2024-02-27 00:00:00,1,0,2024-07-17 06:03:39,0,2024-07-17 06:03:39,,,
2024-02-27,1/3焦煤,大连港,鹤岗市,,0.25,7.50,18.00,70.00,1905.00,0.00,平仓价,196,2024-02-27 00:00:00,1,0,2024-07-17 06:03:39,0,2024-07-17 06:03:39,,,
2024-02-26,1/3焦煤,大连港,俄罗斯,,0.75,8.50,33.00,80.00,2185.00,0.00,平仓价,197,2024-02-26 00:00:00,1,0,2024-07-17 06:03:39,0,2024-07-17 06:03:39,,,
2024-02-26,1/3焦煤,大连港,鹤岗市,,0.25,7.50,18.00,70.00,1905.00,0.00,平仓价,198,2024-02-26 00:00:00,1,0,2024-07-17 06:03:39,0,2024-07-17 06:03:39,,,
2024-02-23,1/3焦煤,大连港,俄罗斯,,0.75,8.50,33.00,80.00,2185.00,0.00,平仓价,199,2024-02-23 00:00:00,1,0,2024-07-17 06:03:39,0,2024-07-17 06:03:39,,,
2024-02-23,1/3焦煤,大连港,鹤岗市,,0.25,7.50,18.00,70.00,1905.00,0.00,平仓价,200,2024-02-23 00:00:00,1,0,2024-07-17 06:03:39,0,2024-07-17 06:03:39,,,
2024-02-22,1/3焦煤,大连港,俄罗斯,,0.75,8.50,33.00,80.00,2185.00,0.00,平仓价,201,2024-02-22 00:00:00,1,0,2024-07-17 06:03:39,0,2024-07-17 06:03:39,,,
2024-02-22,1/3焦煤,大连港,鹤岗市,,0.25,7.50,18.00,70.00,1905.00,0.00,平仓价,202,2024-02-22 00:00:00,1,0,2024-07-17 06:03:39,0,2024-07-17 06:03:39,,,
2024-02-21,1/3焦煤,大连港,俄罗斯,,0.75,8.50,33.00,80.00,2185.00,0.00,平仓价,203,2024-02-21 00:00:00,1,0,2024-07-17 06:03:39,0,2024-07-17 06:03:39,,,
2024-02-21,1/3焦煤,大连港,鹤岗市,,0.25,7.50,18.00,70.00,1905.00,0.00,平仓价,204,2024-02-21 00:00:00,1,0,2024-07-17 06:03:39,0,2024-07-17 06:03:39,,,
2024-02-20,1/3焦煤,大连港,俄罗斯,,0.75,8.50,33.00,80.00,2185.00,0.00,平仓价,205,2024-02-20 00:00:00,1,0,2024-07-17 06:03:39,0,2024-07-17 06:03:39,,,
2024-02-20,1/3焦煤,大连港,鹤岗市,,0.25,7.50,18.00,70.00,1905.00,-200.00,平仓价,206,2024-02-20 00:00:00,1,0,2024-07-17 06:03:39,0,2024-07-17 06:03:39,,,
2024-02-19,1/3焦煤,大连港,俄罗斯,,0.75,8.50,33.00,80.00,2185.00,0.00,平仓价,207,2024-02-19 00:00:00,1,0,2024-07-17 06:03:39,0,2024-07-17 06:03:39,,,
2024-02-19,1/3焦煤,大连港,鹤岗市,,0.25,7.50,18.00,70.00,2105.00,0.00,平仓价,208,2024-02-19 00:00:00,1,0,2024-07-17 06:03:39,0,2024-07-17 06:03:39,,,
2024-02-18,1/3焦煤,大连港,俄罗斯,,0.75,8.50,33.00,80.00,2185.00,0.00,平仓价,209,2024-02-18 00:00:00,1,0,2024-07-17 06:03:39,0,2024-07-17 06:03:39,,,
2024-02-18,1/3焦煤,大连港,鹤岗市,,0.25,7.50,18.00,70.00,2105.00,0.00,平仓价,210,2024-02-18 00:00:00,1,0,2024-07-17 06:03:39,0,2024-07-17 06:03:39,,,
2024-02-09,1/3焦煤,大连港,俄罗斯,,0.75,8.50,33.00,80.00,2185.00,0.00,平仓价,211,2024-02-09 00:00:00,1,0,2024-07-17 06:03:42,0,2024-07-17 06:03:42,,,
2024-02-09,1/3焦煤,大连港,鹤岗市,,0.25,7.50,18.00,70.00,2105.00,0.00,平仓价,212,2024-02-09 00:00:00,1,0,2024-07-17 06:03:42,0,2024-07-17 06:03:42,,,
2024-02-08,1/3焦煤,大连港,俄罗斯,,0.75,8.50,33.00,80.00,2185.00,0.00,平仓价,213,2024-02-08 00:00:00,1,0,2024-07-17 06:03:42,0,2024-07-17 06:03:42,,,
2024-02-08,1/3焦煤,大连港,鹤岗市,,0.25,7.50,18.00,70.00,2105.00,0.00,平仓价,214,2024-02-08 00:00:00,1,0,2024-07-17 06:03:42,0,2024-07-17 06:03:42,,,
2024-02-07,1/3焦煤,大连港,俄罗斯,,0.75,8.50,33.00,80.00,2185.00,0.00,平仓价,215,2024-02-07 00:00:00,1,0,2024-07-17 06:03:42,0,2024-07-17 06:03:42,,,
2024-02-07,1/3焦煤,大连港,鹤岗市,,0.25,7.50,18.00,70.00,2105.00,0.00,平仓价,216,2024-02-07 00:00:00,1,0,2024-07-17 06:03:42,0,2024-07-17 06:03:42,,,
2024-02-06,1/3焦煤,大连港,俄罗斯,,0.75,8.50,33.00,80.00,2185.00,0.00,平仓价,217,2024-02-06 00:00:00,1,0,2024-07-17 06:03:42,0,2024-07-17 06:03:42,,,
2024-02-06,1/3焦煤,大连港,鹤岗市,,0.25,7.50,18.00,70.00,2105.00,0.00,平仓价,218,2024-02-06 00:00:00,1,0,2024-07-17 06:03:42,0,2024-07-17 06:03:42,,,
2024-02-05,1/3焦煤,大连港,俄罗斯,,0.75,8.50,33.00,80.00,2185.00,0.00,平仓价,219,2024-02-05 00:00:00,1,0,2024-07-17 06:03:42,0,2024-07-17 06:03:42,,,
2024-02-05,1/3焦煤,大连港,鹤岗市,,0.25,7.50,18.00,70.00,2105.00,0.00,平仓价,220,2024-02-05 00:00:00,1,0,2024-07-17 06:03:42,0,2024-07-17 06:03:42,,,
2024-02-04,1/3焦煤,大连港,俄罗斯,,0.75,8.50,33.00,80.00,2185.00,0.00,平仓价,221,2024-02-04 00:00:00,1,0,2024-07-17 06:03:42,0,2024-07-17 06:03:42,,,
2024-02-04,1/3焦煤,大连港,鹤岗市,,0.25,7.50,18.00,70.00,2105.00,0.00,平仓价,222,2024-02-04 00:00:00,1,0,2024-07-17 06:03:42,0,2024-07-17 06:03:42,,,
2024-02-02,1/3焦煤,大连港,俄罗斯,,0.75,8.50,33.00,80.00,2185.00,0.00,平仓价,223,2024-02-02 00:00:00,1,0,2024-07-17 06:03:42,0,2024-07-17 06:03:42,,,
2024-02-02,1/3焦煤,大连港,鹤岗市,,0.25,7.50,18.00,70.00,2105.00,0.00,平仓价,224,2024-02-02 00:00:00,1,0,2024-07-17 06:03:42,0,2024-07-17 06:03:42,,,
2024-02-01,1/3焦煤,大连港,俄罗斯,,0.75,8.50,33.00,80.00,2185.00,0.00,平仓价,225,2024-02-01 00:00:00,1,0,2024-07-17 06:03:42,0,2024-07-17 06:03:42,,,
2024-02-01,1/3焦煤,大连港,鹤岗市,,0.25,7.50,18.00,70.00,2105.00,0.00,平仓价,226,2024-02-01 00:00:00,1,0,2024-07-17 06:03:42,0,2024-07-17 06:03:42,,,
2024-01-31,1/3焦煤,大连港,俄罗斯,,0.75,8.50,33.00,80.00,2185.00,0.00,平仓价,227,2024-01-31 00:00:00,1,0,2024-07-17 06:03:42,0,2024-07-17 06:03:42,,,
2024-01-31,1/3焦煤,大连港,鹤岗市,,0.25,7.50,18.00,70.00,2105.00,0.00,平仓价,228,2024-01-31 00:00:00,1,0,2024-07-17 06:03:42,0,2024-07-17 06:03:42,,,
2024-01-30,1/3焦煤,大连港,俄罗斯,,0.75,8.50,33.00,80.00,2185.00,0.00,平仓价,229,2024-01-30 00:00:00,1,0,2024-07-17 06:03:42,0,2024-07-17 06:03:42,,,
2024-01-30,1/3焦煤,大连港,鹤岗市,,0.25,7.50,18.00,70.00,2105.00,0.00,平仓价,230,2024-01-30 00:00:00,1,0,2024-07-17 06:03:42,0,2024-07-17 06:03:42,,,
2024-01-29,1/3焦煤,大连港,俄罗斯,,0.75,8.50,33.00,80.00,2185.00,0.00,平仓价,231,2024-01-29 00:00:00,1,0,2024-07-17 06:03:42,0,2024-07-17 06:03:42,,,
2024-01-29,1/3焦煤,大连港,鹤岗市,,0.25,7.50,18.00,70.00,2105.00,0.00,平仓价,232,2024-01-29 00:00:00,1,0,2024-07-17 06:03:42,0,2024-07-17 06:03:42,,,
2024-01-26,1/3焦煤,大连港,俄罗斯,,0.75,8.50,33.00,80.00,2185.00,0.00,平仓价,233,2024-01-26 00:00:00,1,0,2024-07-17 06:03:42,0,2024-07-17 06:03:42,,,
2024-01-26,1/3焦煤,大连港,鹤岗市,,0.25,7.50,18.00,70.00,2105.00,0.00,平仓价,234,2024-01-26 00:00:00,1,0,2024-07-17 06:03:42,0,2024-07-17 06:03:42,,,
2024-01-25,1/3焦煤,大连港,俄罗斯,,0.75,8.50,33.00,80.00,2185.00,0.00,平仓价,235,2024-01-25 00:00:00,1,0,2024-07-17 06:03:42,0,2024-07-17 06:03:42,,,
2024-01-25,1/3焦煤,大连港,鹤岗市,,0.25,7.50,18.00,70.00,2105.00,0.00,平仓价,236,2024-01-25 00:00:00,1,0,2024-07-17 06:03:42,0,2024-07-17 06:03:42,,,
2024-01-24,1/3焦煤,大连港,俄罗斯,,0.75,8.50,33.00,80.00,2185.00,0.00,平仓价,237,2024-01-24 00:00:00,1,0,2024-07-17 06:03:42,0,2024-07-17 06:03:42,,,
2024-01-24,1/3焦煤,大连港,鹤岗市,,0.25,7.50,18.00,70.00,2105.00,0.00,平仓价,238,2024-01-24 00:00:00,1,0,2024-07-17 06:03:42,0,2024-07-17 06:03:42,,,
2024-01-23,1/3焦煤,大连港,俄罗斯,,0.75,8.50,33.00,80.00,2185.00,0.00,平仓价,239,2024-01-23 00:00:00,1,0,2024-07-17 06:03:42,0,2024-07-17 06:03:42,,,
2024-01-23,1/3焦煤,大连港,鹤岗市,,0.25,7.50,18.00,70.00,2105.00,0.00,平仓价,240,2024-01-23 00:00:00,1,0,2024-07-17 06:03:42,0,2024-07-17 06:03:42,,,
2024-01-22,1/3焦煤,大连港,俄罗斯,,0.75,8.50,33.00,80.00,2185.00,0.00,平仓价,241,2024-01-22 00:00:00,1,0,2024-07-17 06:03:44,0,2024-07-17 06:03:44,,,
2024-01-22,1/3焦煤,大连港,鹤岗市,,0.25,7.50,18.00,70.00,2105.00,0.00,平仓价,242,2024-01-22 00:00:00,1,0,2024-07-17 06:03:44,0,2024-07-17 06:03:44,,,
2024-01-19,1/3焦煤,大连港,俄罗斯,,0.75,8.50,33.00,80.00,2185.00,0.00,平仓价,243,2024-01-19 00:00:00,1,0,2024-07-17 06:03:44,0,2024-07-17 06:03:44,,,
2024-01-19,1/3焦煤,大连港,鹤岗市,,0.25,7.50,18.00,70.00,2105.00,0.00,平仓价,244,2024-01-19 00:00:00,1,0,2024-07-17 06:03:44,0,2024-07-17 06:03:44,,,
2024-01-18,1/3焦煤,大连港,俄罗斯,,0.75,8.50,33.00,80.00,2185.00,0.00,平仓价,245,2024-01-18 00:00:00,1,0,2024-07-17 06:03:44,0,2024-07-17 06:03:44,,,
2024-01-18,1/3焦煤,大连港,鹤岗市,,0.25,7.50,18.00,70.00,2105.00,0.00,平仓价,246,2024-01-18 00:00:00,1,0,2024-07-17 06:03:44,0,2024-07-17 06:03:44,,,
2024-01-17,1/3焦煤,大连港,俄罗斯,,0.75,8.50,33.00,80.00,2185.00,-30.00,平仓价,247,2024-01-17 00:00:00,1,0,2024-07-17 06:03:44,0,2024-07-17 06:03:44,,,
2024-01-17,1/3焦煤,大连港,鹤岗市,,0.25,7.50,18.00,70.00,2105.00,0.00,平仓价,248,2024-01-17 00:00:00,1,0,2024-07-17 06:03:44,0,2024-07-17 06:03:44,,,
2024-01-16,1/3焦煤,大连港,俄罗斯,,0.75,8.50,33.00,80.00,2215.00,0.00,平仓价,249,2024-01-16 00:00:00,1,0,2024-07-17 06:03:44,0,2024-07-17 06:03:44,,,
2024-01-16,1/3焦煤,大连港,鹤岗市,,0.25,7.50,18.00,70.00,2105.00,0.00,平仓价,250,2024-01-16 00:00:00,1,0,2024-07-17 06:03:44,0,2024-07-17 06:03:44,,,
2024-01-15,1/3焦煤,大连港,俄罗斯,,0.75,8.50,33.00,80.00,2215.00,0.00,平仓价,251,2024-01-15 00:00:00,1,0,2024-07-17 06:03:44,0,2024-07-17 06:03:44,,,
2024-01-15,1/3焦煤,大连港,鹤岗市,,0.25,7.50,18.00,70.00,2105.00,0.00,平仓价,252,2024-01-15 00:00:00,1,0,2024-07-17 06:03:44,0,2024-07-17 06:03:44,,,
2024-01-12,1/3焦煤,大连港,俄罗斯,,0.75,8.50,33.00,80.00,2215.00,0.00,平仓价,253,2024-01-12 00:00:00,1,0,2024-07-17 06:03:44,0,2024-07-17 06:03:44,,,
2024-01-12,1/3焦煤,大连港,鹤岗市,,0.25,7.50,18.00,70.00,2105.00,0.00,平仓价,254,2024-01-12 00:00:00,1,0,2024-07-17 06:03:44,0,2024-07-17 06:03:44,,,
2024-01-11,1/3焦煤,大连港,俄罗斯,,0.75,8.50,33.00,80.00,2215.00,0.00,平仓价,255,2024-01-11 00:00:00,1,0,2024-07-17 06:03:44,0,2024-07-17 06:03:44,,,
2024-01-11,1/3焦煤,大连港,鹤岗市,,0.25,7.50,18.00,70.00,2105.00,0.00,平仓价,256,2024-01-11 00:00:00,1,0,2024-07-17 06:03:44,0,2024-07-17 06:03:44,,,
2024-01-10,1/3焦煤,大连港,俄罗斯,,0.75,8.50,33.00,80.00,2215.00,-20.00,平仓价,257,2024-01-10 00:00:00,1,0,2024-07-17 06:03:44,0,2024-07-17 06:03:44,,,
2024-01-10,1/3焦煤,大连港,鹤岗市,,0.25,7.50,18.00,70.00,2105.00,0.00,平仓价,258,2024-01-10 00:00:00,1,0,2024-07-17 06:03:44,0,2024-07-17 06:03:44,,,
2024-01-09,1/3焦煤,大连港,俄罗斯,,0.75,8.50,33.00,80.00,2235.00,0.00,平仓价,259,2024-01-09 00:00:00,1,0,2024-07-17 06:03:44,0,2024-07-17 06:03:44,,,
2024-01-09,1/3焦煤,大连港,鹤岗市,,0.25,7.50,18.00,70.00,2105.00,-30.00,平仓价,260,2024-01-09 00:00:00,1,0,2024-07-17 06:03:44,0,2024-07-17 06:03:44,,,
2024-01-08,1/3焦煤,大连港,俄罗斯,,0.75,8.50,33.00,80.00,2235.00,0.00,平仓价,261,2024-01-08 00:00:00,1,0,2024-07-17 06:03:44,0,2024-07-17 06:03:44,,,
2024-01-08,1/3焦煤,大连港,鹤岗市,,0.25,7.50,18.00,70.00,2135.00,0.00,平仓价,262,2024-01-08 00:00:00,1,0,2024-07-17 06:03:44,0,2024-07-17 06:03:44,,,
2024-01-05,1/3焦煤,大连港,俄罗斯,,0.75,8.50,33.00,80.00,2235.00,0.00,平仓价,263,2024-01-05 00:00:00,1,0,2024-07-17 06:03:44,0,2024-07-17 06:03:44,,,
2024-01-05,1/3焦煤,大连港,鹤岗市,,0.25,7.50,18.00,70.00,2135.00,0.00,平仓价,264,2024-01-05 00:00:00,1,0,2024-07-17 06:03:44,0,2024-07-17 06:03:44,,,
2024-01-04,1/3焦煤,大连港,俄罗斯,,0.75,8.50,33.00,80.00,2235.00,0.00,平仓价,265,2024-01-04 00:00:00,1,0,2024-07-17 06:03:44,0,2024-07-17 06:03:44,,,
2024-01-04,1/3焦煤,大连港,鹤岗市,,0.25,7.50,18.00,70.00,2135.00,0.00,平仓价,266,2024-01-04 00:00:00,1,0,2024-07-17 06:03:44,0,2024-07-17 06:03:44,,,
2024-01-03,1/3焦煤,大连港,俄罗斯,,0.75,8.50,33.00,80.00,2235.00,0.00,平仓价,267,2024-01-03 00:00:00,1,0,2024-07-17 06:03:44,0,2024-07-17 06:03:44,,,
2024-01-03,1/3焦煤,大连港,鹤岗市,,0.25,7.50,18.00,70.00,2135.00,30.00,平仓价,268,2024-01-03 00:00:00,1,0,2024-07-17 06:03:44,0,2024-07-17 06:03:44,,,
2024-01-02,1/3焦煤,大连港,俄罗斯,,0.75,8.50,33.00,80.00,2235.00,-10.00,平仓价,269,2024-01-02 00:00:00,1,0,2024-07-17 06:03:44,0,2024-07-17 06:03:44,,,
2024-01-02,1/3焦煤,大连港,鹤岗市,,0.25,7.50,18.00,70.00,2105.00,0.00,平仓价,270,2024-01-02 00:00:00,1,0,2024-07-17 06:03:44,0,2024-07-17 06:03:44,,,
2023-12-29,1/3焦煤,大连港,俄罗斯,,0.75,8.50,33.00,80.00,2245.00,0.00,平仓价,271,2023-12-29 00:00:00,1,0,2024-07-17 06:03:47,0,2024-07-17 06:03:47,,,
2023-12-29,1/3焦煤,大连港,鹤岗市,,0.25,7.50,18.00,70.00,2105.00,0.00,平仓价,272,2023-12-29 00:00:00,1,0,2024-07-17 06:03:47,0,2024-07-17 06:03:47,,,
2023-12-28,1/3焦煤,大连港,俄罗斯,,0.75,8.50,33.00,80.00,2245.00,0.00,平仓价,273,2023-12-28 00:00:00,1,0,2024-07-17 06:03:47,0,2024-07-17 06:03:47,,,
2023-12-28,1/3焦煤,大连港,鹤岗市,,0.25,7.50,18.00,70.00,2105.00,0.00,平仓价,274,2023-12-28 00:00:00,1,0,2024-07-17 06:03:47,0,2024-07-17 06:03:47,,,
2023-12-27,1/3焦煤,大连港,俄罗斯,,0.75,8.50,33.00,80.00,2245.00,-10.00,平仓价,275,2023-12-27 00:00:00,1,0,2024-07-17 06:03:47,0,2024-07-17 06:03:47,,,
2023-12-27,1/3焦煤,大连港,鹤岗市,,0.25,7.50,18.00,70.00,2105.00,0.00,平仓价,276,2023-12-27 00:00:00,1,0,2024-07-17 06:03:47,0,2024-07-17 06:03:47,,,
2023-12-26,1/3焦煤,大连港,俄罗斯,,0.75,8.50,33.00,80.00,2255.00,0.00,平仓价,277,2023-12-26 00:00:00,1,0,2024-07-17 06:03:47,0,2024-07-17 06:03:47,,,
2023-12-26,1/3焦煤,大连港,鹤岗市,,0.25,7.50,18.00,70.00,2105.00,0.00,平仓价,278,2023-12-26 00:00:00,1,0,2024-07-17 06:03:47,0,2024-07-17 06:03:47,,,
2023-12-25,1/3焦煤,大连港,俄罗斯,,0.75,8.50,33.00,80.00,2255.00,0.00,平仓价,279,2023-12-25 00:00:00,1,0,2024-07-17 06:03:47,0,2024-07-17 06:03:47,,,
2023-12-25,1/3焦煤,大连港,鹤岗市,,0.25,7.50,18.00,70.00,2105.00,0.00,平仓价,280,2023-12-25 00:00:00,1,0,2024-07-17 06:03:47,0,2024-07-17 06:03:47,,,
2023-12-22,1/3焦煤,大连港,俄罗斯,,0.75,8.50,33.00,80.00,2255.00,0.00,平仓价,281,2023-12-22 00:00:00,1,0,2024-07-17 06:03:47,0,2024-07-17 06:03:47,,,
2023-12-22,1/3焦煤,大连港,鹤岗市,,0.25,7.50,18.00,70.00,2105.00,0.00,平仓价,282,2023-12-22 00:00:00,1,0,2024-07-17 06:03:47,0,2024-07-17 06:03:47,,,
2023-12-21,1/3焦煤,大连港,俄罗斯,,0.75,8.50,33.00,80.00,2255.00,10.00,平仓价,283,2023-12-21 00:00:00,1,0,2024-07-17 06:03:47,0,2024-07-17 06:03:47,,,
2023-12-21,1/3焦煤,大连港,鹤岗市,,0.25,7.50,18.00,70.00,2105.00,0.00,平仓价,284,2023-12-21 00:00:00,1,0,2024-07-17 06:03:47,0,2024-07-17 06:03:47,,,
2023-12-20,1/3焦煤,大连港,俄罗斯,,0.75,8.50,33.00,80.00,2245.00,0.00,平仓价,285,2023-12-20 00:00:00,1,0,2024-07-17 06:03:47,0,2024-07-17 06:03:47,,,
2023-12-20,1/3焦煤,大连港,鹤岗市,,0.25,7.50,18.00,70.00,2105.00,0.00,平仓价,286,2023-12-20 00:00:00,1,0,2024-07-17 06:03:47,0,2024-07-17 06:03:47,,,
2023-12-19,1/3焦煤,大连港,俄罗斯,,0.75,8.50,33.00,80.00,2245.00,0.00,平仓价,287,2023-12-19 00:00:00,1,0,2024-07-17 06:03:47,0,2024-07-17 06:03:47,,,
2023-12-19,1/3焦煤,大连港,鹤岗市,,0.25,7.50,18.00,70.00,2105.00,0.00,平仓价,288,2023-12-19 00:00:00,1,0,2024-07-17 06:03:47,0,2024-07-17 06:03:47,,,
2023-12-18,1/3焦煤,大连港,俄罗斯,,0.75,8.50,33.00,80.00,2245.00,0.00,平仓价,289,2023-12-18 00:00:00,1,0,2024-07-17 06:03:47,0,2024-07-17 06:03:47,,,
2023-12-18,1/3焦煤,大连港,鹤岗市,,0.25,7.50,18.00,70.00,2105.00,0.00,平仓价,290,2023-12-18 00:00:00,1,0,2024-07-17 06:03:47,0,2024-07-17 06:03:47,,,
2023-12-15,1/3焦煤,大连港,俄罗斯,,0.75,8.50,33.00,80.00,2245.00,0.00,平仓价,291,2023-12-15 00:00:00,1,0,2024-07-17 06:03:47,0,2024-07-17 06:03:47,,,
2023-12-15,1/3焦煤,大连港,鹤岗市,,0.25,7.50,18.00,70.00,2105.00,0.00,平仓价,292,2023-12-15 00:00:00,1,0,2024-07-17 06:03:47,0,2024-07-17 06:03:47,,,
2023-12-14,1/3焦煤,大连港,俄罗斯,,0.75,8.50,33.00,80.00,2245.00,0.00,平仓价,293,2023-12-14 00:00:00,1,0,2024-07-17 06:03:47,0,2024-07-17 06:03:47,,,
2023-12-14,1/3焦煤,大连港,鹤岗市,,0.25,7.50,18.00,70.00,2105.00,0.00,平仓价,294,2023-12-14 00:00:00,1,0,2024-07-17 06:03:47,0,2024-07-17 06:03:47,,,
2023-12-13,1/3焦煤,大连港,俄罗斯,,0.75,8.50,33.00,80.00,2245.00,0.00,平仓价,295,2023-12-13 00:00:00,1,0,2024-07-17 06:03:47,0,2024-07-17 06:03:47,,,
2023-12-13,1/3焦煤,大连港,鹤岗市,,0.25,7.50,18.00,70.00,2105.00,0.00,平仓价,296,2023-12-13 00:00:00,1,0,2024-07-17 06:03:47,0,2024-07-17 06:03:47,,,
2023-12-12,1/3焦煤,大连港,俄罗斯,,0.75,8.50,33.00,80.00,2245.00,-10.00,平仓价,297,2023-12-12 00:00:00,1,0,2024-07-17 06:03:47,0,2024-07-17 06:03:47,,,
2023-12-12,1/3焦煤,大连港,鹤岗市,,0.25,7.50,18.00,70.00,2105.00,0.00,平仓价,298,2023-12-12 00:00:00,1,0,2024-07-17 06:03:47,0,2024-07-17 06:03:47,,,
2023-12-11,1/3焦煤,大连港,俄罗斯,,0.75,8.50,33.00,80.00,2255.00,0.00,平仓价,299,2023-12-11 00:00:00,1,0,2024-07-17 06:03:47,0,2024-07-17 06:03:47,,,
2023-12-11,1/3焦煤,大连港,鹤岗市,,0.25,7.50,18.00,70.00,2105.00,0.00,平仓价,300,2023-12-11 00:00:00,1,0,2024-07-17 06:03:47,0,2024-07-17 06:03:47,,,
2023-12-08,1/3焦煤,大连港,俄罗斯,,0.75,8.50,33.00,80.00,2255.00,0.00,平仓价,301,2023-12-08 00:00:00,1,0,2024-07-17 06:03:50,0,2024-07-17 06:03:50,,,
2023-12-08,1/3焦煤,大连港,鹤岗市,,0.25,7.50,18.00,70.00,2105.00,0.00,平仓价,302,2023-12-08 00:00:00,1,0,2024-07-17 06:03:50,0,2024-07-17 06:03:50,,,
2023-12-07,1/3焦煤,大连港,俄罗斯,,0.75,8.50,33.00,80.00,2255.00,0.00,平仓价,303,2023-12-07 00:00:00,1,0,2024-07-17 06:03:50,0,2024-07-17 06:03:50,,,
2023-12-07,1/3焦煤,大连港,鹤岗市,,0.25,7.50,18.00,70.00,2105.00,0.00,平仓价,304,2023-12-07 00:00:00,1,0,2024-07-17 06:03:50,0,2024-07-17 06:03:50,,,
2023-12-06,1/3焦煤,大连港,俄罗斯,,0.75,8.50,33.00,80.00,2255.00,0.00,平仓价,305,2023-12-06 00:00:00,1,0,2024-07-17 06:03:50,0,2024-07-17 06:03:50,,,
2023-12-06,1/3焦煤,大连港,鹤岗市,,0.25,7.50,18.00,70.00,2105.00,0.00,平仓价,306,2023-12-06 00:00:00,1,0,2024-07-17 06:03:50,0,2024-07-17 06:03:50,,,
2023-12-05,1/3焦煤,大连港,俄罗斯,,0.75,8.50,33.00,80.00,2255.00,0.00,平仓价,307,2023-12-05 00:00:00,1,0,2024-07-17 06:03:50,0,2024-07-17 06:03:50,,,
2023-12-05,1/3焦煤,大连港,鹤岗市,,0.25,7.50,18.00,70.00,2105.00,0.00,平仓价,308,2023-12-05 00:00:00,1,0,2024-07-17 06:03:50,0,2024-07-17 06:03:50,,,
2023-12-04,1/3焦煤,大连港,俄罗斯,,0.75,8.50,33.00,80.00,2255.00,10.00,平仓价,309,2023-12-04 00:00:00,1,0,2024-07-17 06:03:50,0,2024-07-17 06:03:50,,,
2023-12-04,1/3焦煤,大连港,鹤岗市,,0.25,7.50,18.00,70.00,2105.00,0.00,平仓价,310,2023-12-04 00:00:00,1,0,2024-07-17 06:03:50,0,2024-07-17 06:03:50,,,
2023-12-01,1/3焦煤,大连港,俄罗斯,,0.75,8.50,33.00,80.00,2245.00,0.00,平仓价,311,2023-12-01 00:00:00,1,0,2024-07-17 06:03:50,0,2024-07-17 06:03:50,,,
2023-12-01,1/3焦煤,大连港,鹤岗市,,0.25,7.50,18.00,70.00,2105.00,0.00,平仓价,312,2023-12-01 00:00:00,1,0,2024-07-17 06:03:50,0,2024-07-17 06:03:50,,,
2023-11-30,1/3焦煤,大连港,俄罗斯,,0.75,8.50,33.00,80.00,2245.00,0.00,平仓价,313,2023-11-30 00:00:00,1,0,2024-07-17 06:03:50,0,2024-07-17 06:03:50,,,
2023-11-30,1/3焦煤,大连港,鹤岗市,,0.25,7.50,18.00,70.00,2105.00,0.00,平仓价,314,2023-11-30 00:00:00,1,0,2024-07-17 06:03:50,0,2024-07-17 06:03:50,,,
2023-11-29,1/3焦煤,大连港,俄罗斯,,0.75,8.50,33.00,80.00,2245.00,20.00,平仓价,315,2023-11-29 00:00:00,1,0,2024-07-17 06:03:50,0,2024-07-17 06:03:50,,,
2023-11-29,1/3焦煤,大连港,鹤岗市,,0.25,7.50,18.00,70.00,2105.00,0.00,平仓价,316,2023-11-29 00:00:00,1,0,2024-07-17 06:03:50,0,2024-07-17 06:03:50,,,
2023-11-28,1/3焦煤,大连港,俄罗斯,,0.75,8.50,33.00,80.00,2225.00,30.00,平仓价,317,2023-11-28 00:00:00,1,0,2024-07-17 06:03:50,0,2024-07-17 06:03:50,,,
2023-11-28,1/3焦煤,大连港,鹤岗市,,0.25,7.50,18.00,70.00,2105.00,0.00,平仓价,318,2023-11-28 00:00:00,1,0,2024-07-17 06:03:50,0,2024-07-17 06:03:50,,,
2023-11-27,1/3焦煤,大连港,俄罗斯,,0.75,8.50,33.00,80.00,2195.00,0.00,平仓价,319,2023-11-27 00:00:00,1,0,2024-07-17 06:03:50,0,2024-07-17 06:03:50,,,
2023-11-27,1/3焦煤,大连港,鹤岗市,,0.25,7.50,18.00,70.00,2105.00,0.00,平仓价,320,2023-11-27 00:00:00,1,0,2024-07-17 06:03:50,0,2024-07-17 06:03:50,,,
2023-11-24,1/3焦煤,大连港,俄罗斯,,0.75,8.50,33.00,80.00,2195.00,0.00,平仓价,321,2023-11-24 00:00:00,1,0,2024-07-17 06:03:50,0,2024-07-17 06:03:50,,,
2023-11-24,1/3焦煤,大连港,鹤岗市,,0.25,7.50,18.00,70.00,2105.00,0.00,平仓价,322,2023-11-24 00:00:00,1,0,2024-07-17 06:03:50,0,2024-07-17 06:03:50,,,
2023-11-23,1/3焦煤,大连港,俄罗斯,,0.75,8.50,33.00,80.00,2195.00,30.00,平仓价,323,2023-11-23 00:00:00,1,0,2024-07-17 06:03:50,0,2024-07-17 06:03:50,,,
2023-11-23,1/3焦煤,大连港,鹤岗市,,0.25,7.50,18.00,70.00,2105.00,0.00,平仓价,324,2023-11-23 00:00:00,1,0,2024-07-17 06:03:50,0,2024-07-17 06:03:50,,,
2023-11-22,1/3焦煤,大连港,俄罗斯,,0.75,8.50,33.00,80.00,2165.00,20.00,平仓价,325,2023-11-22 00:00:00,1,0,2024-07-17 06:03:50,0,2024-07-17 06:03:50,,,
2023-11-22,1/3焦煤,大连港,鹤岗市,,0.25,7.50,18.00,70.00,2105.00,0.00,平仓价,326,2023-11-22 00:00:00,1,0,2024-07-17 06:03:50,0,2024-07-17 06:03:50,,,
2023-11-21,1/3焦煤,大连港,俄罗斯,,0.75,8.50,33.00,80.00,2145.00,0.00,平仓价,327,2023-11-21 00:00:00,1,0,2024-07-17 06:03:50,0,2024-07-17 06:03:50,,,
2023-11-21,1/3焦煤,大连港,鹤岗市,,0.25,7.50,18.00,70.00,2105.00,0.00,平仓价,328,2023-11-21 00:00:00,1,0,2024-07-17 06:03:50,0,2024-07-17 06:03:50,,,
2023-11-20,1/3焦煤,大连港,俄罗斯,,0.75,8.50,33.00,80.00,2145.00,0.00,平仓价,329,2023-11-20 00:00:00,1,0,2024-07-17 06:03:50,0,2024-07-17 06:03:50,,,
2023-11-20,1/3焦煤,大连港,鹤岗市,,0.25,7.50,18.00,70.00,2105.00,0.00,平仓价,330,2023-11-20 00:00:00,1,0,2024-07-17 06:03:50,0,2024-07-17 06:03:50,,,
2023-11-17,1/3焦煤,大连港,俄罗斯,,0.75,8.50,33.00,80.00,2145.00,65.00,平仓价,331,2023-11-17 00:00:00,1,0,2024-07-17 06:03:53,0,2024-07-17 06:03:53,,,
2023-11-17,1/3焦煤,大连港,鹤岗市,,0.25,7.50,18.00,70.00,2105.00,0.00,平仓价,332,2023-11-17 00:00:00,1,0,2024-07-17 06:03:53,0,2024-07-17 06:03:53,,,
2023-11-16,1/3焦煤,大连港,俄罗斯,,0.75,8.50,33.00,80.00,2080.00,0.00,平仓价,333,2023-11-16 00:00:00,1,0,2024-07-17 06:03:53,0,2024-07-17 06:03:53,,,
2023-11-16,1/3焦煤,大连港,鹤岗市,,0.25,7.50,18.00,70.00,2105.00,0.00,平仓价,334,2023-11-16 00:00:00,1,0,2024-07-17 06:03:53,0,2024-07-17 06:03:53,,,
2023-11-15,1/3焦煤,大连港,俄罗斯,,0.75,8.50,33.00,80.00,2080.00,0.00,平仓价,335,2023-11-15 00:00:00,1,0,2024-07-17 06:03:53,0,2024-07-17 06:03:53,,,
2023-11-15,1/3焦煤,大连港,鹤岗市,,0.25,7.50,18.00,70.00,2105.00,0.00,平仓价,336,2023-11-15 00:00:00,1,0,2024-07-17 06:03:53,0,2024-07-17 06:03:53,,,
2023-11-14,1/3焦煤,大连港,俄罗斯,,0.75,8.50,33.00,80.00,2080.00,0.00,平仓价,337,2023-11-14 00:00:00,1,0,2024-07-17 06:03:53,0,2024-07-17 06:03:53,,,
2023-11-14,1/3焦煤,大连港,鹤岗市,,0.25,7.50,18.00,70.00,2105.00,0.00,平仓价,338,2023-11-14 00:00:00,1,0,2024-07-17 06:03:53,0,2024-07-17 06:03:53,,,
2023-11-13,1/3焦煤,大连港,俄罗斯,,0.75,8.50,33.00,80.00,2080.00,45.00,平仓价,339,2023-11-13 00:00:00,1,0,2024-07-17 06:03:53,0,2024-07-17 06:03:53,,,
2023-11-13,1/3焦煤,大连港,鹤岗市,,0.25,7.50,18.00,70.00,2105.00,0.00,平仓价,340,2023-11-13 00:00:00,1,0,2024-07-17 06:03:53,0,2024-07-17 06:03:53,,,
2023-11-10,1/3焦煤,大连港,俄罗斯,,0.75,8.50,33.00,80.00,2035.00,45.00,平仓价,341,2023-11-10 00:00:00,1,0,2024-07-17 06:03:53,0,2024-07-17 06:03:53,,,
2023-11-10,1/3焦煤,大连港,鹤岗市,,0.25,7.50,18.00,70.00,2105.00,0.00,平仓价,342,2023-11-10 00:00:00,1,0,2024-07-17 06:03:53,0,2024-07-17 06:03:53,,,
2023-11-09,1/3焦煤,大连港,俄罗斯,,0.75,8.50,33.00,80.00,1990.00,45.00,平仓价,343,2023-11-09 00:00:00,1,0,2024-07-17 06:03:53,0,2024-07-17 06:03:53,,,
2023-11-09,1/3焦煤,大连港,鹤岗市,,0.25,7.50,18.00,70.00,2105.00,0.00,平仓价,344,2023-11-09 00:00:00,1,0,2024-07-17 06:03:53,0,2024-07-17 06:03:53,,,
2023-11-08,1/3焦煤,大连港,俄罗斯,,0.75,8.50,33.00,80.00,1945.00,0.00,平仓价,345,2023-11-08 00:00:00,1,0,2024-07-17 06:03:53,0,2024-07-17 06:03:53,,,
2023-11-08,1/3焦煤,大连港,鹤岗市,,0.25,7.50,18.00,70.00,2105.00,0.00,平仓价,346,2023-11-08 00:00:00,1,0,2024-07-17 06:03:53,0,2024-07-17 06:03:53,,,
2023-11-07,1/3焦煤,大连港,俄罗斯,,0.75,8.50,33.00,80.00,1945.00,0.00,平仓价,347,2023-11-07 00:00:00,1,0,2024-07-17 06:03:53,0,2024-07-17 06:03:53,,,
2023-11-07,1/3焦煤,大连港,鹤岗市,,0.25,7.50,18.00,70.00,2105.00,0.00,平仓价,348,2023-11-07 00:00:00,1,0,2024-07-17 06:03:53,0,2024-07-17 06:03:53,,,
2023-11-06,1/3焦煤,大连港,俄罗斯,,0.75,8.50,33.00,80.00,1945.00,0.00,平仓价,349,2023-11-06 00:00:00,1,0,2024-07-17 06:03:53,0,2024-07-17 06:03:53,,,
2023-11-06,1/3焦煤,大连港,鹤岗市,,0.25,7.50,18.00,70.00,2105.00,0.00,平仓价,350,2023-11-06 00:00:00,1,0,2024-07-17 06:03:53,0,2024-07-17 06:03:53,,,
2023-11-03,1/3焦煤,大连港,俄罗斯,,0.75,8.50,33.00,80.00,1945.00,0.00,平仓价,351,2023-11-03 00:00:00,1,0,2024-07-17 06:03:53,0,2024-07-17 06:03:53,,,
2023-11-03,1/3焦煤,大连港,鹤岗市,,0.25,7.50,18.00,70.00,2105.00,0.00,平仓价,352,2023-11-03 00:00:00,1,0,2024-07-17 06:03:53,0,2024-07-17 06:03:53,,,
2023-11-02,1/3焦煤,大连港,俄罗斯,,0.75,8.50,33.00,80.00,1945.00,0.00,平仓价,353,2023-11-02 00:00:00,1,0,2024-07-17 06:03:53,0,2024-07-17 06:03:53,,,
2023-11-02,1/3焦煤,大连港,鹤岗市,,0.25,7.50,18.00,70.00,2105.00,0.00,平仓价,354,2023-11-02 00:00:00,1,0,2024-07-17 06:03:53,0,2024-07-17 06:03:53,,,
2023-11-01,1/3焦煤,大连港,俄罗斯,,0.75,8.50,33.00,80.00,1945.00,0.00,平仓价,355,2023-11-01 00:00:00,1,0,2024-07-17 06:03:53,0,2024-07-17 06:03:53,,,
2023-11-01,1/3焦煤,大连港,鹤岗市,,0.25,7.50,18.00,70.00,2105.00,0.00,平仓价,356,2023-11-01 00:00:00,1,0,2024-07-17 06:03:53,0,2024-07-17 06:03:53,,,
2023-10-31,1/3焦煤,大连港,俄罗斯,,0.75,8.50,33.00,80.00,1945.00,0.00,平仓价,357,2023-10-31 00:00:00,1,0,2024-07-17 06:03:53,0,2024-07-17 06:03:53,,,
2023-10-31,1/3焦煤,大连港,鹤岗市,,0.25,7.50,18.00,70.00,2105.00,0.00,平仓价,358,2023-10-31 00:00:00,1,0,2024-07-17 06:03:53,0,2024-07-17 06:03:53,,,
2023-10-30,1/3焦煤,大连港,俄罗斯,,0.75,8.50,33.00,80.00,1945.00,0.00,平仓价,359,2023-10-30 00:00:00,1,0,2024-07-17 06:03:53,0,2024-07-17 06:03:53,,,
2023-10-30,1/3焦煤,大连港,鹤岗市,,0.25,7.50,18.00,70.00,2105.00,0.00,平仓价,360,2023-10-30 00:00:00,1,0,2024-07-17 06:03:53,0,2024-07-17 06:03:53,,,
2023-10-27,1/3焦煤,大连港,俄罗斯,,0.75,8.50,33.00,80.00,1945.00,0.00,平仓价,361,2023-10-27 00:00:00,1,0,2024-07-17 06:03:57,0,2024-07-17 06:03:57,,,
2023-10-27,1/3焦煤,大连港,鹤岗市,,0.25,7.50,18.00,70.00,2105.00,0.00,平仓价,362,2023-10-27 00:00:00,1,0,2024-07-17 06:03:57,0,2024-07-17 06:03:57,,,
2023-10-26,1/3焦煤,大连港,俄罗斯,,0.75,8.50,33.00,80.00,1945.00,-30.00,平仓价,363,2023-10-26 00:00:00,1,0,2024-07-17 06:03:57,0,2024-07-17 06:03:57,,,
2023-10-26,1/3焦煤,大连港,鹤岗市,,0.25,7.50,18.00,70.00,2105.00,-100.00,平仓价,364,2023-10-26 00:00:00,1,0,2024-07-17 06:03:57,0,2024-07-17 06:03:57,,,
2023-10-25,1/3焦煤,大连港,俄罗斯,,0.75,8.50,33.00,80.00,1975.00,0.00,平仓价,365,2023-10-25 00:00:00,1,0,2024-07-17 06:03:57,0,2024-07-17 06:03:57,,,
2023-10-25,1/3焦煤,大连港,鹤岗市,,0.25,7.50,18.00,70.00,2205.00,0.00,平仓价,366,2023-10-25 00:00:00,1,0,2024-07-17 06:03:57,0,2024-07-17 06:03:57,,,
2023-10-24,1/3焦煤,大连港,俄罗斯,,0.75,8.50,33.00,80.00,1975.00,0.00,平仓价,367,2023-10-24 00:00:00,1,0,2024-07-17 06:03:57,0,2024-07-17 06:03:57,,,
2023-10-24,1/3焦煤,大连港,鹤岗市,,0.25,7.50,18.00,70.00,2205.00,0.00,平仓价,368,2023-10-24 00:00:00,1,0,2024-07-17 06:03:57,0,2024-07-17 06:03:57,,,
2023-10-23,1/3焦煤,大连港,俄罗斯,,0.75,8.50,33.00,80.00,1975.00,0.00,平仓价,369,2023-10-23 00:00:00,1,0,2024-07-17 06:03:57,0,2024-07-17 06:03:57,,,
2023-10-23,1/3焦煤,大连港,鹤岗市,,0.25,7.50,18.00,70.00,2205.00,0.00,平仓价,370,2023-10-23 00:00:00,1,0,2024-07-17 06:03:57,0,2024-07-17 06:03:57,,,
2023-10-20,1/3焦煤,大连港,俄罗斯,,0.75,8.50,33.00,80.00,1975.00,-20.00,平仓价,371,2023-10-20 00:00:00,1,0,2024-07-17 06:03:57,0,2024-07-17 06:03:57,,,
2023-10-20,1/3焦煤,大连港,鹤岗市,,0.25,7.50,18.00,70.00,2205.00,0.00,平仓价,372,2023-10-20 00:00:00,1,0,2024-07-17 06:03:57,0,2024-07-17 06:03:57,,,
2023-10-19,1/3焦煤,大连港,俄罗斯,,0.75,8.50,33.00,80.00,1995.00,0.00,平仓价,373,2023-10-19 00:00:00,1,0,2024-07-17 06:03:57,0,2024-07-17 06:03:57,,,
2023-10-19,1/3焦煤,大连港,鹤岗市,,0.25,7.50,18.00,70.00,2205.00,0.00,平仓价,374,2023-10-19 00:00:00,1,0,2024-07-17 06:03:57,0,2024-07-17 06:03:57,,,
2023-10-18,1/3焦煤,大连港,俄罗斯,,0.75,8.50,33.00,80.00,1995.00,0.00,平仓价,375,2023-10-18 00:00:00,1,0,2024-07-17 06:03:57,0,2024-07-17 06:03:57,,,
2023-10-18,1/3焦煤,大连港,鹤岗市,,0.25,7.50,18.00,70.00,2205.00,0.00,平仓价,376,2023-10-18 00:00:00,1,0,2024-07-17 06:03:57,0,2024-07-17 06:03:57,,,
2023-10-17,1/3焦煤,大连港,俄罗斯,,0.75,8.50,33.00,80.00,1995.00,0.00,平仓价,377,2023-10-17 00:00:00,1,0,2024-07-17 06:03:57,0,2024-07-17 06:03:57,,,
2023-10-17,1/3焦煤,大连港,鹤岗市,,0.25,7.50,18.00,70.00,2205.00,0.00,平仓价,378,2023-10-17 00:00:00,1,0,2024-07-17 06:03:57,0,2024-07-17 06:03:57,,,
2023-10-16,1/3焦煤,大连港,俄罗斯,,0.75,8.50,33.00,80.00,1995.00,0.00,平仓价,379,2023-10-16 00:00:00,1,0,2024-07-17 06:03:57,0,2024-07-17 06:03:57,,,
2023-10-16,1/3焦煤,大连港,鹤岗市,,0.25,7.50,18.00,70.00,2205.00,0.00,平仓价,380,2023-10-16 00:00:00,1,0,2024-07-17 06:03:57,0,2024-07-17 06:03:57,,,
2023-10-13,1/3焦煤,大连港,俄罗斯,,0.75,8.50,33.00,80.00,1995.00,0.00,平仓价,381,2023-10-13 00:00:00,1,0,2024-07-17 06:03:57,0,2024-07-17 06:03:57,,,
2023-10-13,1/3焦煤,大连港,鹤岗市,,0.25,7.50,18.00,70.00,2205.00,0.00,平仓价,382,2023-10-13 00:00:00,1,0,2024-07-17 06:03:57,0,2024-07-17 06:03:57,,,
2023-10-12,1/3焦煤,大连港,俄罗斯,,0.75,8.50,33.00,80.00,1995.00,0.00,平仓价,383,2023-10-12 00:00:00,1,0,2024-07-17 06:03:57,0,2024-07-17 06:03:57,,,
2023-10-12,1/3焦煤,大连港,鹤岗市,,0.25,7.50,18.00,70.00,2205.00,0.00,平仓价,384,2023-10-12 00:00:00,1,0,2024-07-17 06:03:57,0,2024-07-17 06:03:57,,,
2023-10-11,1/3焦煤,大连港,俄罗斯,,0.75,8.50,33.00,80.00,1995.00,0.00,平仓价,385,2023-10-11 00:00:00,1,0,2024-07-17 06:03:57,0,2024-07-17 06:03:57,,,
2023-10-11,1/3焦煤,大连港,鹤岗市,,0.25,7.50,18.00,70.00,2205.00,0.00,平仓价,386,2023-10-11 00:00:00,1,0,2024-07-17 06:03:57,0,2024-07-17 06:03:57,,,
2023-10-10,1/3焦煤,大连港,俄罗斯,,0.75,8.50,33.00,80.00,1995.00,0.00,平仓价,387,2023-10-10 00:00:00,1,0,2024-07-17 06:03:57,0,2024-07-17 06:03:57,,,
2023-10-10,1/3焦煤,大连港,鹤岗市,,0.25,7.50,18.00,70.00,2205.00,0.00,平仓价,388,2023-10-10 00:00:00,1,0,2024-07-17 06:03:57,0,2024-07-17 06:03:57,,,
2023-10-09,1/3焦煤,大连港,俄罗斯,,0.75,8.50,33.00,80.00,1995.00,35.00,平仓价,389,2023-10-09 00:00:00,1,0,2024-07-17 06:03:57,0,2024-07-17 06:03:57,,,
2023-10-09,1/3焦煤,大连港,鹤岗市,,0.25,7.50,18.00,70.00,2205.00,0.00,平仓价,390,2023-10-09 00:00:00,1,0,2024-07-17 06:03:57,0,2024-07-17 06:03:57,,,
2023-10-08,1/3焦煤,大连港,俄罗斯,,0.75,8.50,33.00,80.00,1960.00,0.00,平仓价,391,2023-10-08 00:00:00,1,0,2024-07-17 06:03:59,0,2024-07-17 06:03:59,,,
2023-10-08,1/3焦煤,大连港,鹤岗市,,0.25,7.50,18.00,70.00,2205.00,0.00,平仓价,392,2023-10-08 00:00:00,1,0,2024-07-17 06:03:59,0,2024-07-17 06:03:59,,,
2023-10-07,1/3焦煤,大连港,俄罗斯,,0.75,8.50,33.00,80.00,1960.00,0.00,平仓价,393,2023-10-07 00:00:00,1,0,2024-07-17 06:03:59,0,2024-07-17 06:03:59,,,
2023-10-07,1/3焦煤,大连港,鹤岗市,,0.25,7.50,18.00,70.00,2205.00,0.00,平仓价,394,2023-10-07 00:00:00,1,0,2024-07-17 06:03:59,0,2024-07-17 06:03:59,,,
2023-09-28,1/3焦煤,大连港,俄罗斯,,0.75,8.50,33.00,80.00,1960.00,0.00,平仓价,395,2023-09-28 00:00:00,1,0,2024-07-17 06:03:59,0,2024-07-17 06:03:59,,,
2023-09-28,1/3焦煤,大连港,鹤岗市,,0.25,7.50,18.00,70.00,2205.00,0.00,平仓价,396,2023-09-28 00:00:00,1,0,2024-07-17 06:03:59,0,2024-07-17 06:03:59,,,
2023-09-27,1/3焦煤,大连港,俄罗斯,,0.75,8.50,33.00,80.00,1960.00,20.00,平仓价,397,2023-09-27 00:00:00,1,0,2024-07-17 06:03:59,0,2024-07-17 06:03:59,,,
2023-09-27,1/3焦煤,大连港,鹤岗市,,0.25,7.50,18.00,70.00,2205.00,0.00,平仓价,398,2023-09-27 00:00:00,1,0,2024-07-17 06:03:59,0,2024-07-17 06:03:59,,,
2023-09-26,1/3焦煤,大连港,俄罗斯,,0.75,8.50,33.00,80.00,1940.00,0.00,平仓价,399,2023-09-26 00:00:00,1,0,2024-07-17 06:03:59,0,2024-07-17 06:03:59,,,
2023-09-26,1/3焦煤,大连港,鹤岗市,,0.25,7.50,18.00,70.00,2205.00,0.00,平仓价,400,2023-09-26 00:00:00,1,0,2024-07-17 06:03:59,0,2024-07-17 06:03:59,,,
2023-09-25,1/3焦煤,大连港,俄罗斯,,0.75,8.50,33.00,80.00,1940.00,0.00,平仓价,401,2023-09-25 00:00:00,1,0,2024-07-17 06:03:59,0,2024-07-17 06:03:59,,,
2023-09-25,1/3焦煤,大连港,鹤岗市,,0.25,7.50,18.00,70.00,2205.00,0.00,平仓价,402,2023-09-25 00:00:00,1,0,2024-07-17 06:03:59,0,2024-07-17 06:03:59,,,
2023-09-22,1/3焦煤,大连港,俄罗斯,,0.75,8.50,33.00,80.00,1940.00,10.00,平仓价,403,2023-09-22 00:00:00,1,0,2024-07-17 06:03:59,0,2024-07-17 06:03:59,,,
2023-09-22,1/3焦煤,大连港,鹤岗市,,0.25,7.50,18.00,70.00,2205.00,0.00,平仓价,404,2023-09-22 00:00:00,1,0,2024-07-17 06:03:59,0,2024-07-17 06:03:59,,,
2023-09-21,1/3焦煤,大连港,俄罗斯,,0.75,8.50,33.00,80.00,1930.00,20.00,平仓价,405,2023-09-21 00:00:00,1,0,2024-07-17 06:03:59,0,2024-07-17 06:03:59,,,
2023-09-21,1/3焦煤,大连港,鹤岗市,,0.25,7.50,18.00,70.00,2205.00,0.00,平仓价,406,2023-09-21 00:00:00,1,0,2024-07-17 06:03:59,0,2024-07-17 06:03:59,,,
2023-09-20,1/3焦煤,大连港,俄罗斯,,0.75,8.50,33.00,80.00,1910.00,30.00,平仓价,407,2023-09-20 00:00:00,1,0,2024-07-17 06:03:59,0,2024-07-17 06:03:59,,,
2023-09-20,1/3焦煤,大连港,鹤岗市,,0.25,7.50,18.00,70.00,2205.00,0.00,平仓价,408,2023-09-20 00:00:00,1,0,2024-07-17 06:03:59,0,2024-07-17 06:03:59,,,
2023-09-19,1/3焦煤,大连港,俄罗斯,,0.75,8.50,33.00,80.00,1880.00,0.00,平仓价,409,2023-09-19 00:00:00,1,0,2024-07-17 06:03:59,0,2024-07-17 06:03:59,,,
2023-09-19,1/3焦煤,大连港,鹤岗市,,0.25,7.50,18.00,70.00,2205.00,0.00,平仓价,410,2023-09-19 00:00:00,1,0,2024-07-17 06:03:59,0,2024-07-17 06:03:59,,,
2023-09-18,1/3焦煤,大连港,俄罗斯,,0.75,8.50,33.00,80.00,1880.00,0.00,平仓价,411,2023-09-18 00:00:00,1,0,2024-07-17 06:03:59,0,2024-07-17 06:03:59,,,
2023-09-18,1/3焦煤,大连港,鹤岗市,,0.25,7.50,18.00,70.00,2205.00,0.00,平仓价,412,2023-09-18 00:00:00,1,0,2024-07-17 06:03:59,0,2024-07-17 06:03:59,,,
2023-09-15,1/3焦煤,大连港,俄罗斯,,0.75,8.50,33.00,80.00,1880.00,90.00,平仓价,413,2023-09-15 00:00:00,1,0,2024-07-17 06:03:59,0,2024-07-17 06:03:59,,,
2023-09-15,1/3焦煤,大连港,鹤岗市,,0.25,7.50,18.00,70.00,2205.00,0.00,平仓价,414,2023-09-15 00:00:00,1,0,2024-07-17 06:03:59,0,2024-07-17 06:03:59,,,
2023-09-14,1/3焦煤,大连港,俄罗斯,,0.75,8.50,33.00,80.00,1790.00,0.00,平仓价,415,2023-09-14 00:00:00,1,0,2024-07-17 06:03:59,0,2024-07-17 06:03:59,,,
2023-09-14,1/3焦煤,大连港,鹤岗市,,0.25,7.50,18.00,70.00,2205.00,0.00,平仓价,416,2023-09-14 00:00:00,1,0,2024-07-17 06:03:59,0,2024-07-17 06:03:59,,,
2023-09-13,1/3焦煤,大连港,俄罗斯,,0.75,8.50,33.00,80.00,1790.00,0.00,平仓价,417,2023-09-13 00:00:00,1,0,2024-07-17 06:03:59,0,2024-07-17 06:03:59,,,
2023-09-13,1/3焦煤,大连港,鹤岗市,,0.25,7.50,18.00,70.00,2205.00,0.00,平仓价,418,2023-09-13 00:00:00,1,0,2024-07-17 06:03:59,0,2024-07-17 06:03:59,,,
2023-09-12,1/3焦煤,大连港,俄罗斯,,0.75,8.50,33.00,80.00,1790.00,0.00,平仓价,419,2023-09-12 00:00:00,1,0,2024-07-17 06:03:59,0,2024-07-17 06:03:59,,,
2023-09-12,1/3焦煤,大连港,鹤岗市,,0.25,7.50,18.00,70.00,2205.00,0.00,平仓价,420,2023-09-12 00:00:00,1,0,2024-07-17 06:03:59,0,2024-07-17 06:03:59,,,
2023-09-11,1/3焦煤,大连港,俄罗斯,,0.75,8.50,33.00,80.00,1790.00,0.00,平仓价,421,2023-09-11 00:00:00,1,0,2024-07-17 06:04:03,0,2024-07-17 06:04:03,,,
2023-09-11,1/3焦煤,大连港,鹤岗市,,0.25,7.50,18.00,70.00,2205.00,0.00,平仓价,422,2023-09-11 00:00:00,1,0,2024-07-17 06:04:03,0,2024-07-17 06:04:03,,,
2023-09-08,1/3焦煤,大连港,俄罗斯,,0.75,8.50,33.00,80.00,1790.00,30.00,平仓价,423,2023-09-08 00:00:00,1,0,2024-07-17 06:04:03,0,2024-07-17 06:04:03,,,
2023-09-08,1/3焦煤,大连港,鹤岗市,,0.25,7.50,18.00,70.00,2205.00,0.00,平仓价,424,2023-09-08 00:00:00,1,0,2024-07-17 06:04:03,0,2024-07-17 06:04:03,,,
2023-09-07,1/3焦煤,大连港,俄罗斯,,0.75,8.50,33.00,80.00,1760.00,20.00,平仓价,425,2023-09-07 00:00:00,1,0,2024-07-17 06:04:03,0,2024-07-17 06:04:03,,,
2023-09-07,1/3焦煤,大连港,鹤岗市,,0.25,7.50,18.00,70.00,2205.00,0.00,平仓价,426,2023-09-07 00:00:00,1,0,2024-07-17 06:04:03,0,2024-07-17 06:04:03,,,
2023-09-06,1/3焦煤,大连港,俄罗斯,,0.75,8.50,33.00,80.00,1740.00,30.00,平仓价,427,2023-09-06 00:00:00,1,0,2024-07-17 06:04:03,0,2024-07-17 06:04:03,,,
2023-09-06,1/3焦煤,大连港,鹤岗市,,0.25,7.50,18.00,70.00,2205.00,0.00,平仓价,428,2023-09-06 00:00:00,1,0,2024-07-17 06:04:03,0,2024-07-17 06:04:03,,,
2023-09-05,1/3焦煤,大连港,俄罗斯,,0.75,8.50,33.00,80.00,1710.00,0.00,平仓价,429,2023-09-05 00:00:00,1,0,2024-07-17 06:04:03,0,2024-07-17 06:04:03,,,
2023-09-05,1/3焦煤,大连港,鹤岗市,,0.25,7.50,18.00,70.00,2205.00,0.00,平仓价,430,2023-09-05 00:00:00,1,0,2024-07-17 06:04:03,0,2024-07-17 06:04:03,,,
2023-09-04,1/3焦煤,大连港,俄罗斯,,0.75,8.50,33.00,80.00,1710.00,0.00,平仓价,431,2023-09-04 00:00:00,1,0,2024-07-17 06:04:03,0,2024-07-17 06:04:03,,,
2023-09-04,1/3焦煤,大连港,鹤岗市,,0.25,7.50,18.00,70.00,2205.00,0.00,平仓价,432,2023-09-04 00:00:00,1,0,2024-07-17 06:04:03,0,2024-07-17 06:04:03,,,
2023-09-01,1/3焦煤,大连港,俄罗斯,,0.75,8.50,33.00,80.00,1710.00,0.00,平仓价,433,2023-09-01 00:00:00,1,0,2024-07-17 06:04:03,0,2024-07-17 06:04:03,,,
2023-09-01,1/3焦煤,大连港,鹤岗市,,0.25,7.50,18.00,70.00,2205.00,0.00,平仓价,434,2023-09-01 00:00:00,1,0,2024-07-17 06:04:03,0,2024-07-17 06:04:03,,,
2023-08-31,1/3焦煤,大连港,俄罗斯,,0.75,8.50,33.00,80.00,1710.00,0.00,平仓价,435,2023-08-31 00:00:00,1,0,2024-07-17 06:04:03,0,2024-07-17 06:04:03,,,
2023-08-31,1/3焦煤,大连港,鹤岗市,,0.25,7.50,18.00,70.00,2205.00,0.00,平仓价,436,2023-08-31 00:00:00,1,0,2024-07-17 06:04:03,0,2024-07-17 06:04:03,,,
2023-08-30,1/3焦煤,大连港,俄罗斯,,0.75,8.50,33.00,80.00,1710.00,0.00,平仓价,437,2023-08-30 00:00:00,1,0,2024-07-17 06:04:03,0,2024-07-17 06:04:03,,,
2023-08-30,1/3焦煤,大连港,鹤岗市,,0.25,7.50,18.00,70.00,2205.00,0.00,平仓价,438,2023-08-30 00:00:00,1,0,2024-07-17 06:04:03,0,2024-07-17 06:04:03,,,
2023-08-29,1/3焦煤,大连港,俄罗斯,,0.75,8.50,33.00,80.00,1710.00,0.00,平仓价,439,2023-08-29 00:00:00,1,0,2024-07-17 06:04:03,0,2024-07-17 06:04:03,,,
2023-08-29,1/3焦煤,大连港,鹤岗市,,0.25,7.50,18.00,70.00,2205.00,0.00,平仓价,440,2023-08-29 00:00:00,1,0,2024-07-17 06:04:03,0,2024-07-17 06:04:03,,,
2023-08-28,1/3焦煤,大连港,俄罗斯,,0.75,8.50,33.00,80.00,1710.00,0.00,平仓价,441,2023-08-28 00:00:00,1,0,2024-07-17 06:04:03,0,2024-07-17 06:04:03,,,
2023-08-28,1/3焦煤,大连港,鹤岗市,,0.25,7.50,18.00,70.00,2205.00,0.00,平仓价,442,2023-08-28 00:00:00,1,0,2024-07-17 06:04:03,0,2024-07-17 06:04:03,,,
2023-08-25,1/3焦煤,大连港,俄罗斯,,0.75,8.50,33.00,80.00,1710.00,0.00,平仓价,443,2023-08-25 00:00:00,1,0,2024-07-17 06:04:03,0,2024-07-17 06:04:03,,,
2023-08-25,1/3焦煤,大连港,鹤岗市,,0.25,7.50,18.00,70.00,2205.00,0.00,平仓价,444,2023-08-25 00:00:00,1,0,2024-07-17 06:04:03,0,2024-07-17 06:04:03,,,
2023-08-24,1/3焦煤,大连港,俄罗斯,,0.75,8.50,33.00,80.00,1710.00,-20.00,平仓价,445,2023-08-24 00:00:00,1,0,2024-07-17 06:04:03,0,2024-07-17 06:04:03,,,
2023-08-24,1/3焦煤,大连港,鹤岗市,,0.25,7.50,18.00,70.00,2205.00,0.00,平仓价,446,2023-08-24 00:00:00,1,0,2024-07-17 06:04:03,0,2024-07-17 06:04:03,,,
2023-08-23,1/3焦煤,大连港,俄罗斯,,0.75,8.50,33.00,80.00,1730.00,0.00,平仓价,447,2023-08-23 00:00:00,1,0,2024-07-17 06:04:03,0,2024-07-17 06:04:03,,,
2023-08-23,1/3焦煤,大连港,鹤岗市,,0.25,7.50,18.00,70.00,2205.00,0.00,平仓价,448,2023-08-23 00:00:00,1,0,2024-07-17 06:04:03,0,2024-07-17 06:04:03,,,
2023-08-22,1/3焦煤,大连港,俄罗斯,,0.75,8.50,33.00,80.00,1730.00,-15.00,平仓价,449,2023-08-22 00:00:00,1,0,2024-07-17 06:04:03,0,2024-07-17 06:04:03,,,
2023-08-22,1/3焦煤,大连港,鹤岗市,,0.25,7.50,18.00,70.00,2205.00,0.00,平仓价,450,2023-08-22 00:00:00,1,0,2024-07-17 06:04:03,0,2024-07-17 06:04:03,,,
2023-08-21,1/3焦煤,大连港,俄罗斯,,0.75,8.50,33.00,80.00,1745.00,0.00,平仓价,451,2023-08-21 00:00:00,1,0,2024-07-17 06:04:06,0,2024-07-17 06:04:06,,,
2023-08-21,1/3焦煤,大连港,鹤岗市,,0.25,7.50,18.00,70.00,2205.00,0.00,平仓价,452,2023-08-21 00:00:00,1,0,2024-07-17 06:04:06,0,2024-07-17 06:04:06,,,
2023-08-18,1/3焦煤,大连港,俄罗斯,,0.75,8.50,33.00,80.00,1745.00,0.00,平仓价,453,2023-08-18 00:00:00,1,0,2024-07-17 06:04:06,0,2024-07-17 06:04:06,,,
2023-08-18,1/3焦煤,大连港,鹤岗市,,0.25,7.50,18.00,70.00,2205.00,-110.00,平仓价,454,2023-08-18 00:00:00,1,0,2024-07-17 06:04:06,0,2024-07-17 06:04:06,,,
2023-08-17,1/3焦煤,大连港,俄罗斯,,0.75,8.50,33.00,80.00,1745.00,0.00,平仓价,455,2023-08-17 00:00:00,1,0,2024-07-17 06:04:06,0,2024-07-17 06:04:06,,,
2023-08-17,1/3焦煤,大连港,鹤岗市,,0.25,7.50,18.00,70.00,2315.00,0.00,平仓价,456,2023-08-17 00:00:00,1,0,2024-07-17 06:04:06,0,2024-07-17 06:04:06,,,
2023-08-16,1/3焦煤,大连港,俄罗斯,,0.75,8.50,33.00,80.00,1745.00,0.00,平仓价,457,2023-08-16 00:00:00,1,0,2024-07-17 06:04:06,0,2024-07-17 06:04:06,,,
2023-08-16,1/3焦煤,大连港,鹤岗市,,0.25,7.50,18.00,70.00,2315.00,0.00,平仓价,458,2023-08-16 00:00:00,1,0,2024-07-17 06:04:06,0,2024-07-17 06:04:06,,,
2023-08-15,1/3焦煤,大连港,俄罗斯,,0.75,8.50,33.00,80.00,1745.00,0.00,平仓价,459,2023-08-15 00:00:00,1,0,2024-07-17 06:04:06,0,2024-07-17 06:04:06,,,
2023-08-15,1/3焦煤,大连港,鹤岗市,,0.25,7.50,18.00,70.00,2315.00,0.00,平仓价,460,2023-08-15 00:00:00,1,0,2024-07-17 06:04:06,0,2024-07-17 06:04:06,,,
2023-08-14,1/3焦煤,大连港,俄罗斯,,0.75,8.50,33.00,80.00,1745.00,10.00,平仓价,461,2023-08-14 00:00:00,1,0,2024-07-17 06:04:06,0,2024-07-17 06:04:06,,,
2023-08-14,1/3焦煤,大连港,鹤岗市,,0.25,7.50,18.00,70.00,2315.00,0.00,平仓价,462,2023-08-14 00:00:00,1,0,2024-07-17 06:04:06,0,2024-07-17 06:04:06,,,
2023-08-11,1/3焦煤,大连港,俄罗斯,,0.75,8.50,33.00,80.00,1735.00,0.00,平仓价,463,2023-08-11 00:00:00,1,0,2024-07-17 06:04:06,0,2024-07-17 06:04:06,,,
2023-08-11,1/3焦煤,大连港,鹤岗市,,0.25,7.50,18.00,70.00,2315.00,0.00,平仓价,464,2023-08-11 00:00:00,1,0,2024-07-17 06:04:06,0,2024-07-17 06:04:06,,,
2023-08-10,1/3焦煤,大连港,俄罗斯,,0.75,8.50,33.00,80.00,1735.00,20.00,平仓价,465,2023-08-10 00:00:00,1,0,2024-07-17 06:04:06,0,2024-07-17 06:04:06,,,
2023-08-10,1/3焦煤,大连港,鹤岗市,,0.25,7.50,18.00,70.00,2315.00,0.00,平仓价,466,2023-08-10 00:00:00,1,0,2024-07-17 06:04:06,0,2024-07-17 06:04:06,,,
2023-08-09,1/3焦煤,大连港,俄罗斯,,0.75,8.50,33.00,80.00,1715.00,0.00,平仓价,467,2023-08-09 00:00:00,1,0,2024-07-17 06:04:06,0,2024-07-17 06:04:06,,,
2023-08-09,1/3焦煤,大连港,鹤岗市,,0.25,7.50,18.00,70.00,2315.00,0.00,平仓价,468,2023-08-09 00:00:00,1,0,2024-07-17 06:04:06,0,2024-07-17 06:04:06,,,
2023-08-08,1/3焦煤,大连港,俄罗斯,,0.75,8.50,33.00,80.00,1715.00,0.00,平仓价,469,2023-08-08 00:00:00,1,0,2024-07-17 06:04:06,0,2024-07-17 06:04:06,,,
2023-08-08,1/3焦煤,大连港,鹤岗市,,0.25,7.50,18.00,70.00,2315.00,0.00,平仓价,470,2023-08-08 00:00:00,1,0,2024-07-17 06:04:06,0,2024-07-17 06:04:06,,,
2023-08-07,1/3焦煤,大连港,俄罗斯,,0.75,8.50,33.00,80.00,1715.00,0.00,平仓价,471,2023-08-07 00:00:00,1,0,2024-07-17 06:04:06,0,2024-07-17 06:04:06,,,
2023-08-07,1/3焦煤,大连港,鹤岗市,,0.25,7.50,18.00,70.00,2315.00,0.00,平仓价,472,2023-08-07 00:00:00,1,0,2024-07-17 06:04:06,0,2024-07-17 06:04:06,,,
2023-08-04,1/3焦煤,大连港,俄罗斯,,0.75,8.50,33.00,80.00,1715.00,0.00,平仓价,473,2023-08-04 00:00:00,1,0,2024-07-17 06:04:06,0,2024-07-17 06:04:06,,,
2023-08-04,1/3焦煤,大连港,鹤岗市,,0.25,7.50,18.00,70.00,2315.00,0.00,平仓价,474,2023-08-04 00:00:00,1,0,2024-07-17 06:04:06,0,2024-07-17 06:04:06,,,
2023-08-03,1/3焦煤,大连港,俄罗斯,,0.75,8.50,33.00,80.00,1715.00,0.00,平仓价,475,2023-08-03 00:00:00,1,0,2024-07-17 06:04:06,0,2024-07-17 06:04:06,,,
2023-08-03,1/3焦煤,大连港,鹤岗市,,0.25,7.50,18.00,70.00,2315.00,0.00,平仓价,476,2023-08-03 00:00:00,1,0,2024-07-17 06:04:06,0,2024-07-17 06:04:06,,,
2023-08-02,1/3焦煤,大连港,俄罗斯,,0.75,8.50,33.00,80.00,1715.00,0.00,平仓价,477,2023-08-02 00:00:00,1,0,2024-07-17 06:04:06,0,2024-07-17 06:04:06,,,
2023-08-02,1/3焦煤,大连港,鹤岗市,,0.25,7.50,18.00,70.00,2315.00,0.00,平仓价,478,2023-08-02 00:00:00,1,0,2024-07-17 06:04:06,0,2024-07-17 06:04:06,,,
2023-08-01,1/3焦煤,大连港,俄罗斯,,0.75,8.50,33.00,80.00,1715.00,0.00,平仓价,479,2023-08-01 00:00:00,1,0,2024-07-17 06:04:06,0,2024-07-17 06:04:06,,,
2023-08-01,1/3焦煤,大连港,鹤岗市,,0.25,7.50,18.00,70.00,2315.00,15.00,平仓价,480,2023-08-01 00:00:00,1,0,2024-07-17 06:04:06,0,2024-07-17 06:04:06,,,
2023-07-31,1/3焦煤,大连港,俄罗斯,,0.75,8.50,33.00,80.00,1715.00,0.00,平仓价,481,2023-07-31 00:00:00,1,0,2024-07-17 06:04:10,0,2024-07-17 06:04:10,,,
2023-07-31,1/3焦煤,大连港,鹤岗市,,0.25,7.50,18.00,70.00,2300.00,0.00,平仓价,482,2023-07-31 00:00:00,1,0,2024-07-17 06:04:10,0,2024-07-17 06:04:10,,,
2023-07-28,1/3焦煤,大连港,俄罗斯,,0.75,8.50,33.00,80.00,1715.00,0.00,平仓价,483,2023-07-28 00:00:00,1,0,2024-07-17 06:04:10,0,2024-07-17 06:04:10,,,
2023-07-28,1/3焦煤,大连港,鹤岗市,,0.25,7.50,18.00,70.00,2300.00,0.00,平仓价,484,2023-07-28 00:00:00,1,0,2024-07-17 06:04:10,0,2024-07-17 06:04:10,,,
2023-07-27,1/3焦煤,大连港,俄罗斯,,0.75,8.50,33.00,80.00,1715.00,0.00,平仓价,485,2023-07-27 00:00:00,1,0,2024-07-17 06:04:10,0,2024-07-17 06:04:10,,,
2023-07-27,1/3焦煤,大连港,鹤岗市,,0.25,7.50,18.00,70.00,2300.00,0.00,平仓价,486,2023-07-27 00:00:00,1,0,2024-07-17 06:04:10,0,2024-07-17 06:04:10,,,
2023-07-26,1/3焦煤,大连港,俄罗斯,,0.75,8.50,33.00,80.00,1715.00,45.00,平仓价,487,2023-07-26 00:00:00,1,0,2024-07-17 06:04:10,0,2024-07-17 06:04:10,,,
2023-07-26,1/3焦煤,大连港,鹤岗市,,0.25,7.50,18.00,70.00,2300.00,0.00,平仓价,488,2023-07-26 00:00:00,1,0,2024-07-17 06:04:10,0,2024-07-17 06:04:10,,,
2023-07-25,1/3焦煤,大连港,俄罗斯,,0.75,8.50,33.00,80.00,1670.00,10.00,平仓价,489,2023-07-25 00:00:00,1,0,2024-07-17 06:04:10,0,2024-07-17 06:04:10,,,
2023-07-25,1/3焦煤,大连港,鹤岗市,,0.25,7.50,18.00,70.00,2300.00,0.00,平仓价,490,2023-07-25 00:00:00,1,0,2024-07-17 06:04:10,0,2024-07-17 06:04:10,,,
2023-07-24,1/3焦煤,大连港,俄罗斯,,0.75,8.50,33.00,80.00,1660.00,55.00,平仓价,491,2023-07-24 00:00:00,1,0,2024-07-17 06:04:10,0,2024-07-17 06:04:10,,,
2023-07-24,1/3焦煤,大连港,鹤岗市,,0.25,7.50,18.00,70.00,2300.00,0.00,平仓价,492,2023-07-24 00:00:00,1,0,2024-07-17 06:04:10,0,2024-07-17 06:04:10,,,
2023-07-21,1/3焦煤,大连港,俄罗斯,,0.75,8.50,33.00,80.00,1605.00,25.00,平仓价,493,2023-07-21 00:00:00,1,0,2024-07-17 06:04:10,0,2024-07-17 06:04:10,,,
2023-07-21,1/3焦煤,大连港,鹤岗市,,0.25,7.50,18.00,70.00,2300.00,0.00,平仓价,494,2023-07-21 00:00:00,1,0,2024-07-17 06:04:10,0,2024-07-17 06:04:10,,,
2023-07-20,1/3焦煤,大连港,俄罗斯,,0.75,8.50,33.00,80.00,1580.00,10.00,平仓价,495,2023-07-20 00:00:00,1,0,2024-07-17 06:04:10,0,2024-07-17 06:04:10,,,
2023-07-20,1/3焦煤,大连港,鹤岗市,,0.25,7.50,18.00,70.00,2300.00,0.00,平仓价,496,2023-07-20 00:00:00,1,0,2024-07-17 06:04:10,0,2024-07-17 06:04:10,,,
2023-07-19,1/3焦煤,大连港,俄罗斯,,0.75,8.50,33.00,80.00,1570.00,45.00,平仓价,497,2023-07-19 00:00:00,1,0,2024-07-17 06:04:10,0,2024-07-17 06:04:10,,,
2023-07-19,1/3焦煤,大连港,鹤岗市,,0.25,7.50,18.00,70.00,2300.00,0.00,平仓价,498,2023-07-19 00:00:00,1,0,2024-07-17 06:04:10,0,2024-07-17 06:04:10,,,
2023-07-18,1/3焦煤,大连港,俄罗斯,,0.75,8.50,33.00,80.00,1525.00,0.00,平仓价,499,2023-07-18 00:00:00,1,0,2024-07-17 06:04:10,0,2024-07-17 06:04:10,,,
2023-07-18,1/3焦煤,大连港,鹤岗市,,0.25,7.50,18.00,70.00,2300.00,0.00,平仓价,500,2023-07-18 00:00:00,1,0,2024-07-17 06:04:10,0,2024-07-17 06:04:10,,,
2023-07-17,1/3焦煤,大连港,俄罗斯,,0.75,8.50,33.00,80.00,1525.00,0.00,平仓价,501,2023-07-17 00:00:00,1,0,2024-07-17 06:04:10,0,2024-07-17 06:04:10,,,
2023-07-17,1/3焦煤,大连港,鹤岗市,,0.25,7.50,18.00,70.00,2300.00,0.00,平仓价,502,2023-07-17 00:00:00,1,0,2024-07-17 06:04:10,0,2024-07-17 06:04:10,,,
2023-07-14,1/3焦煤,大连港,俄罗斯,,0.75,8.50,33.00,80.00,1525.00,55.00,平仓价,503,2023-07-14 00:00:00,1,0,2024-07-17 06:04:10,0,2024-07-17 06:04:10,,,
2023-07-14,1/3焦煤,大连港,鹤岗市,,0.25,7.50,18.00,70.00,2300.00,0.00,平仓价,504,2023-07-14 00:00:00,1,0,2024-07-17 06:04:10,0,2024-07-17 06:04:10,,,
2023-07-13,1/3焦煤,大连港,俄罗斯,,0.75,8.50,33.00,80.00,1470.00,0.00,平仓价,505,2023-07-13 00:00:00,1,0,2024-07-17 06:04:10,0,2024-07-17 06:04:10,,,
2023-07-13,1/3焦煤,大连港,鹤岗市,,0.25,7.50,18.00,70.00,2300.00,0.00,平仓价,506,2023-07-13 00:00:00,1,0,2024-07-17 06:04:10,0,2024-07-17 06:04:10,,,
2023-07-12,1/3焦煤,大连港,俄罗斯,,0.75,8.50,33.00,80.00,1470.00,0.00,平仓价,507,2023-07-12 00:00:00,1,0,2024-07-17 06:04:10,0,2024-07-17 06:04:10,,,
2023-07-12,1/3焦煤,大连港,鹤岗市,,0.25,7.50,18.00,70.00,2300.00,0.00,平仓价,508,2023-07-12 00:00:00,1,0,2024-07-17 06:04:10,0,2024-07-17 06:04:10,,,
2023-07-11,1/3焦煤,大连港,俄罗斯,,0.75,8.50,33.00,80.00,1470.00,0.00,平仓价,509,2023-07-11 00:00:00,1,0,2024-07-17 06:04:10,0,2024-07-17 06:04:10,,,
2023-07-11,1/3焦煤,大连港,鹤岗市,,0.25,7.50,18.00,70.00,2300.00,0.00,平仓价,510,2023-07-11 00:00:00,1,0,2024-07-17 06:04:10,0,2024-07-17 06:04:10,,,
2023-07-10,1/3焦煤,大连港,俄罗斯,,0.75,8.50,33.00,80.00,1470.00,0.00,平仓价,511,2023-07-10 00:00:00,1,0,2024-07-17 06:04:13,0,2024-07-17 06:04:13,,,
2023-07-10,1/3焦煤,大连港,鹤岗市,,0.25,7.50,18.00,70.00,2300.00,0.00,平仓价,512,2023-07-10 00:00:00,1,0,2024-07-17 06:04:13,0,2024-07-17 06:04:13,,,
2023-07-07,1/3焦煤,大连港,俄罗斯,,0.75,8.50,33.00,80.00,1470.00,0.00,平仓价,513,2023-07-07 00:00:00,1,0,2024-07-17 06:04:13,0,2024-07-17 06:04:13,,,
2023-07-07,1/3焦煤,大连港,鹤岗市,,0.25,7.50,18.00,70.00,2300.00,0.00,平仓价,514,2023-07-07 00:00:00,1,0,2024-07-17 06:04:13,0,2024-07-17 06:04:13,,,
2023-07-06,1/3焦煤,大连港,俄罗斯,,0.75,8.50,33.00,80.00,1470.00,-30.00,平仓价,515,2023-07-06 00:00:00,1,0,2024-07-17 06:04:13,0,2024-07-17 06:04:13,,,
2023-07-06,1/3焦煤,大连港,鹤岗市,,0.25,7.50,18.00,70.00,2300.00,0.00,平仓价,516,2023-07-06 00:00:00,1,0,2024-07-17 06:04:13,0,2024-07-17 06:04:13,,,
2023-07-05,1/3焦煤,大连港,俄罗斯,,0.75,8.50,33.00,80.00,1500.00,0.00,平仓价,517,2023-07-05 00:00:00,1,0,2024-07-17 06:04:13,0,2024-07-17 06:04:13,,,
2023-07-05,1/3焦煤,大连港,鹤岗市,,0.25,7.50,18.00,70.00,2300.00,0.00,平仓价,518,2023-07-05 00:00:00,1,0,2024-07-17 06:04:13,0,2024-07-17 06:04:13,,,
2023-07-04,1/3焦煤,大连港,俄罗斯,,0.75,8.50,33.00,80.00,1500.00,0.00,平仓价,519,2023-07-04 00:00:00,1,0,2024-07-17 06:04:13,0,2024-07-17 06:04:13,,,
2023-07-04,1/3焦煤,大连港,鹤岗市,,0.25,7.50,18.00,70.00,2300.00,0.00,平仓价,520,2023-07-04 00:00:00,1,0,2024-07-17 06:04:13,0,2024-07-17 06:04:13,,,
2023-07-03,1/3焦煤,大连港,俄罗斯,,0.75,8.50,33.00,80.00,1500.00,0.00,平仓价,521,2023-07-03 00:00:00,1,0,2024-07-17 06:04:13,0,2024-07-17 06:04:13,,,
2023-07-03,1/3焦煤,大连港,鹤岗市,,0.25,7.50,18.00,70.00,2300.00,0.00,平仓价,522,2023-07-03 00:00:00,1,0,2024-07-17 06:04:13,0,2024-07-17 06:04:13,,,
2023-06-30,1/3焦煤,大连港,俄罗斯,,0.75,8.50,33.00,80.00,1500.00,0.00,平仓价,523,2023-06-30 00:00:00,1,0,2024-07-17 06:04:13,0,2024-07-17 06:04:13,,,
2023-06-30,1/3焦煤,大连港,鹤岗市,,0.25,7.50,18.00,70.00,2300.00,0.00,平仓价,524,2023-06-30 00:00:00,1,0,2024-07-17 06:04:13,0,2024-07-17 06:04:13,,,
2023-06-29,1/3焦煤,大连港,俄罗斯,,0.75,8.50,33.00,80.00,1500.00,0.00,平仓价,525,2023-06-29 00:00:00,1,0,2024-07-17 06:04:13,0,2024-07-17 06:04:13,,,
2023-06-29,1/3焦煤,大连港,鹤岗市,,0.25,7.50,18.00,70.00,2300.00,0.00,平仓价,526,2023-06-29 00:00:00,1,0,2024-07-17 06:04:13,0,2024-07-17 06:04:13,,,
2023-06-28,1/3焦煤,大连港,俄罗斯,,0.75,8.50,33.00,80.00,1500.00,0.00,平仓价,527,2023-06-28 00:00:00,1,0,2024-07-17 06:04:13,0,2024-07-17 06:04:13,,,
2023-06-28,1/3焦煤,大连港,鹤岗市,,0.25,7.50,18.00,70.00,2300.00,0.00,平仓价,528,2023-06-28 00:00:00,1,0,2024-07-17 06:04:13,0,2024-07-17 06:04:13,,,
2023-06-27,1/3焦煤,大连港,俄罗斯,,0.75,8.50,33.00,80.00,1500.00,0.00,平仓价,529,2023-06-27 00:00:00,1,0,2024-07-17 06:04:13,0,2024-07-17 06:04:13,,,
2023-06-27,1/3焦煤,大连港,鹤岗市,,0.25,7.50,18.00,70.00,2300.00,0.00,平仓价,530,2023-06-27 00:00:00,1,0,2024-07-17 06:04:13,0,2024-07-17 06:04:13,,,
2023-06-26,1/3焦煤,大连港,俄罗斯,,0.75,8.50,33.00,80.00,1500.00,0.00,平仓价,531,2023-06-26 00:00:00,1,0,2024-07-17 06:04:13,0,2024-07-17 06:04:13,,,
2023-06-26,1/3焦煤,大连港,鹤岗市,,0.25,7.50,18.00,70.00,2300.00,0.00,平仓价,532,2023-06-26 00:00:00,1,0,2024-07-17 06:04:13,0,2024-07-17 06:04:13,,,
2023-06-25,1/3焦煤,大连港,俄罗斯,,0.75,8.50,33.00,80.00,1500.00,0.00,平仓价,533,2023-06-25 00:00:00,1,0,2024-07-17 06:04:13,0,2024-07-17 06:04:13,,,
2023-06-25,1/3焦煤,大连港,鹤岗市,,0.25,7.50,18.00,70.00,2300.00,0.00,平仓价,534,2023-06-25 00:00:00,1,0,2024-07-17 06:04:13,0,2024-07-17 06:04:13,,,
2023-06-21,1/3焦煤,大连港,俄罗斯,,0.75,8.50,33.00,80.00,1500.00,20.00,平仓价,535,2023-06-21 00:00:00,1,0,2024-07-17 06:04:13,0,2024-07-17 06:04:13,,,
2023-06-21,1/3焦煤,大连港,鹤岗市,,0.25,7.50,18.00,70.00,2300.00,0.00,平仓价,536,2023-06-21 00:00:00,1,0,2024-07-17 06:04:13,0,2024-07-17 06:04:13,,,
2023-06-20,1/3焦煤,大连港,俄罗斯,,0.75,8.50,33.00,80.00,1480.00,45.00,平仓价,537,2023-06-20 00:00:00,1,0,2024-07-17 06:04:13,0,2024-07-17 06:04:13,,,
2023-06-20,1/3焦煤,大连港,鹤岗市,,0.25,7.50,18.00,70.00,2300.00,0.00,平仓价,538,2023-06-20 00:00:00,1,0,2024-07-17 06:04:13,0,2024-07-17 06:04:13,,,
2023-06-19,1/3焦煤,大连港,俄罗斯,,0.75,8.50,33.00,80.00,1435.00,75.00,平仓价,539,2023-06-19 00:00:00,1,0,2024-07-17 06:04:13,0,2024-07-17 06:04:13,,,
2023-06-19,1/3焦煤,大连港,鹤岗市,,0.25,7.50,18.00,70.00,2300.00,0.00,平仓价,540,2023-06-19 00:00:00,1,0,2024-07-17 06:04:13,0,2024-07-17 06:04:13,,,
2023-06-16,1/3焦煤,大连港,俄罗斯,,0.75,8.50,33.00,80.00,1360.00,0.00,平仓价,541,2023-06-16 00:00:00,1,0,2024-07-17 06:04:16,0,2024-07-17 06:04:16,,,
2023-06-16,1/3焦煤,大连港,鹤岗市,,0.25,7.50,18.00,70.00,2300.00,0.00,平仓价,542,2023-06-16 00:00:00,1,0,2024-07-17 06:04:16,0,2024-07-17 06:04:16,,,
2023-06-15,1/3焦煤,大连港,俄罗斯,,0.75,8.50,33.00,80.00,1360.00,0.00,平仓价,543,2023-06-15 00:00:00,1,0,2024-07-17 06:04:16,0,2024-07-17 06:04:16,,,
2023-06-15,1/3焦煤,大连港,鹤岗市,,0.25,7.50,18.00,70.00,2300.00,0.00,平仓价,544,2023-06-15 00:00:00,1,0,2024-07-17 06:04:16,0,2024-07-17 06:04:16,,,
2023-06-14,1/3焦煤,大连港,俄罗斯,,0.75,8.50,33.00,80.00,1360.00,0.00,平仓价,545,2023-06-14 00:00:00,1,0,2024-07-17 06:04:16,0,2024-07-17 06:04:16,,,
2023-06-14,1/3焦煤,大连港,鹤岗市,,0.25,7.50,18.00,70.00,2300.00,0.00,平仓价,546,2023-06-14 00:00:00,1,0,2024-07-17 06:04:16,0,2024-07-17 06:04:16,,,
2023-06-13,1/3焦煤,大连港,俄罗斯,,0.75,8.50,33.00,80.00,1360.00,0.00,平仓价,547,2023-06-13 00:00:00,1,0,2024-07-17 06:04:16,0,2024-07-17 06:04:16,,,
2023-06-13,1/3焦煤,大连港,鹤岗市,,0.25,7.50,18.00,70.00,2300.00,0.00,平仓价,548,2023-06-13 00:00:00,1,0,2024-07-17 06:04:16,0,2024-07-17 06:04:16,,,
2023-06-12,1/3焦煤,大连港,俄罗斯,,0.75,8.50,33.00,80.00,1360.00,-15.00,平仓价,549,2023-06-12 00:00:00,1,0,2024-07-17 06:04:16,0,2024-07-17 06:04:16,,,
2023-06-12,1/3焦煤,大连港,鹤岗市,,0.25,7.50,18.00,70.00,2300.00,0.00,平仓价,550,2023-06-12 00:00:00,1,0,2024-07-17 06:04:16,0,2024-07-17 06:04:16,,,
2023-06-09,1/3焦煤,大连港,俄罗斯,,0.75,8.50,33.00,80.00,1375.00,0.00,平仓价,551,2023-06-09 00:00:00,1,0,2024-07-17 06:04:16,0,2024-07-17 06:04:16,,,
2023-06-09,1/3焦煤,大连港,鹤岗市,,0.25,7.50,18.00,70.00,2300.00,0.00,平仓价,552,2023-06-09 00:00:00,1,0,2024-07-17 06:04:16,0,2024-07-17 06:04:16,,,
2023-06-08,1/3焦煤,大连港,俄罗斯,,0.75,8.50,33.00,80.00,1375.00,0.00,平仓价,553,2023-06-08 00:00:00,1,0,2024-07-17 06:04:16,0,2024-07-17 06:04:16,,,
2023-06-08,1/3焦煤,大连港,鹤岗市,,0.25,7.50,18.00,70.00,2300.00,0.00,平仓价,554,2023-06-08 00:00:00,1,0,2024-07-17 06:04:16,0,2024-07-17 06:04:16,,,
2023-06-07,1/3焦煤,大连港,俄罗斯,,0.75,8.50,33.00,80.00,1375.00,0.00,平仓价,555,2023-06-07 00:00:00,1,0,2024-07-17 06:04:16,0,2024-07-17 06:04:16,,,
2023-06-07,1/3焦煤,大连港,鹤岗市,,0.25,7.50,18.00,70.00,2300.00,0.00,平仓价,556,2023-06-07 00:00:00,1,0,2024-07-17 06:04:16,0,2024-07-17 06:04:16,,,
2023-06-06,1/3焦煤,大连港,俄罗斯,,0.75,8.50,33.00,80.00,1375.00,0.00,平仓价,557,2023-06-06 00:00:00,1,0,2024-07-17 06:04:16,0,2024-07-17 06:04:16,,,
2023-06-06,1/3焦煤,大连港,鹤岗市,,0.25,7.50,18.00,70.00,2300.00,0.00,平仓价,558,2023-06-06 00:00:00,1,0,2024-07-17 06:04:16,0,2024-07-17 06:04:16,,,
2023-06-05,1/3焦煤,大连港,俄罗斯,,0.75,8.50,33.00,80.00,1375.00,-25.00,平仓价,559,2023-06-05 00:00:00,1,0,2024-07-17 06:04:16,0,2024-07-17 06:04:16,,,
2023-06-05,1/3焦煤,大连港,鹤岗市,,0.25,7.50,18.00,70.00,2300.00,0.00,平仓价,560,2023-06-05 00:00:00,1,0,2024-07-17 06:04:16,0,2024-07-17 06:04:16,,,
2023-06-02,1/3焦煤,大连港,俄罗斯,,0.75,8.50,33.00,80.00,1400.00,-10.00,平仓价,561,2023-06-02 00:00:00,1,0,2024-07-17 06:04:16,0,2024-07-17 06:04:16,,,
2023-06-02,1/3焦煤,大连港,鹤岗市,,0.25,7.50,18.00,70.00,2300.00,0.00,平仓价,562,2023-06-02 00:00:00,1,0,2024-07-17 06:04:16,0,2024-07-17 06:04:16,,,
2023-06-01,1/3焦煤,大连港,俄罗斯,,0.75,8.50,33.00,80.00,1410.00,0.00,平仓价,563,2023-06-01 00:00:00,1,0,2024-07-17 06:04:16,0,2024-07-17 06:04:16,,,
2023-06-01,1/3焦煤,大连港,鹤岗市,,0.25,7.50,18.00,70.00,2300.00,0.00,平仓价,564,2023-06-01 00:00:00,1,0,2024-07-17 06:04:16,0,2024-07-17 06:04:16,,,
2023-05-31,1/3焦煤,大连港,俄罗斯,,0.75,8.50,33.00,80.00,1410.00,-10.00,平仓价,565,2023-05-31 00:00:00,1,0,2024-07-17 06:04:16,0,2024-07-17 06:04:16,,,
2023-05-31,1/3焦煤,大连港,鹤岗市,,0.25,7.50,18.00,70.00,2300.00,0.00,平仓价,566,2023-05-31 00:00:00,1,0,2024-07-17 06:04:16,0,2024-07-17 06:04:16,,,
2023-05-30,1/3焦煤,大连港,俄罗斯,,0.75,8.50,33.00,80.00,1420.00,-15.00,平仓价,567,2023-05-30 00:00:00,1,0,2024-07-17 06:04:16,0,2024-07-17 06:04:16,,,
2023-05-30,1/3焦煤,大连港,鹤岗市,,0.25,7.50,18.00,70.00,2300.00,0.00,平仓价,568,2023-05-30 00:00:00,1,0,2024-07-17 06:04:16,0,2024-07-17 06:04:16,,,
2023-05-29,1/3焦煤,大连港,俄罗斯,,0.75,8.50,33.00,80.00,1435.00,0.00,平仓价,569,2023-05-29 00:00:00,1,0,2024-07-17 06:04:16,0,2024-07-17 06:04:16,,,
2023-05-29,1/3焦煤,大连港,鹤岗市,,0.25,7.50,18.00,70.00,2300.00,0.00,平仓价,570,2023-05-29 00:00:00,1,0,2024-07-17 06:04:16,0,2024-07-17 06:04:16,,,
2023-05-26,1/3焦煤,大连港,俄罗斯,,0.75,8.50,33.00,80.00,1435.00,30.00,平仓价,571,2023-05-26 00:00:00,1,0,2024-07-17 06:04:19,0,2024-07-17 06:04:19,,,
2023-05-26,1/3焦煤,大连港,鹤岗市,,0.25,7.50,18.00,70.00,2300.00,0.00,平仓价,572,2023-05-26 00:00:00,1,0,2024-07-17 06:04:19,0,2024-07-17 06:04:19,,,
2023-05-25,1/3焦煤,大连港,俄罗斯,,0.75,8.50,33.00,80.00,1405.00,0.00,平仓价,573,2023-05-25 00:00:00,1,0,2024-07-17 06:04:19,0,2024-07-17 06:04:19,,,
2023-05-25,1/3焦煤,大连港,鹤岗市,,0.25,7.50,18.00,70.00,2300.00,0.00,平仓价,574,2023-05-25 00:00:00,1,0,2024-07-17 06:04:19,0,2024-07-17 06:04:19,,,
2023-05-24,1/3焦煤,大连港,俄罗斯,,0.75,8.50,33.00,80.00,1405.00,0.00,平仓价,575,2023-05-24 00:00:00,1,0,2024-07-17 06:04:19,0,2024-07-17 06:04:19,,,
2023-05-24,1/3焦煤,大连港,鹤岗市,,0.25,7.50,18.00,70.00,2300.00,0.00,平仓价,576,2023-05-24 00:00:00,1,0,2024-07-17 06:04:19,0,2024-07-17 06:04:19,,,
2023-05-23,1/3焦煤,大连港,俄罗斯,,0.75,8.50,33.00,80.00,1405.00,0.00,平仓价,577,2023-05-23 00:00:00,1,0,2024-07-17 06:04:19,0,2024-07-17 06:04:19,,,
2023-05-23,1/3焦煤,大连港,鹤岗市,,0.25,7.50,18.00,70.00,2300.00,0.00,平仓价,578,2023-05-23 00:00:00,1,0,2024-07-17 06:04:19,0,2024-07-17 06:04:19,,,
2023-05-22,1/3焦煤,大连港,俄罗斯,,0.75,8.50,33.00,80.00,1405.00,0.00,平仓价,579,2023-05-22 00:00:00,1,0,2024-07-17 06:04:19,0,2024-07-17 06:04:19,,,
2023-05-22,1/3焦煤,大连港,鹤岗市,,0.25,7.50,18.00,70.00,2300.00,50.00,平仓价,580,2023-05-22 00:00:00,1,0,2024-07-17 06:04:19,0,2024-07-17 06:04:19,,,
2023-05-19,1/3焦煤,大连港,俄罗斯,,0.75,8.50,33.00,80.00,1405.00,0.00,平仓价,581,2023-05-19 00:00:00,1,0,2024-07-17 06:04:19,0,2024-07-17 06:04:19,,,
2023-05-19,1/3焦煤,大连港,鹤岗市,,0.25,7.50,18.00,70.00,2250.00,0.00,平仓价,582,2023-05-19 00:00:00,1,0,2024-07-17 06:04:19,0,2024-07-17 06:04:19,,,
2023-05-18,1/3焦煤,大连港,俄罗斯,,0.75,8.50,33.00,80.00,1405.00,0.00,平仓价,583,2023-05-18 00:00:00,1,0,2024-07-17 06:04:19,0,2024-07-17 06:04:19,,,
2023-05-18,1/3焦煤,大连港,鹤岗市,,0.25,7.50,18.00,70.00,2250.00,0.00,平仓价,584,2023-05-18 00:00:00,1,0,2024-07-17 06:04:19,0,2024-07-17 06:04:19,,,
2023-05-17,1/3焦煤,大连港,俄罗斯,,0.75,8.50,33.00,80.00,1405.00,0.00,平仓价,585,2023-05-17 00:00:00,1,0,2024-07-17 06:04:19,0,2024-07-17 06:04:19,,,
2023-05-17,1/3焦煤,大连港,鹤岗市,,0.25,7.50,18.00,70.00,2250.00,0.00,平仓价,586,2023-05-17 00:00:00,1,0,2024-07-17 06:04:19,0,2024-07-17 06:04:19,,,
2023-05-16,1/3焦煤,大连港,俄罗斯,,0.75,8.50,33.00,80.00,1405.00,0.00,平仓价,587,2023-05-16 00:00:00,1,0,2024-07-17 06:04:19,0,2024-07-17 06:04:19,,,
2023-05-16,1/3焦煤,大连港,鹤岗市,,0.25,7.50,18.00,70.00,2250.00,0.00,平仓价,588,2023-05-16 00:00:00,1,0,2024-07-17 06:04:19,0,2024-07-17 06:04:19,,,
2023-05-15,1/3焦煤,大连港,俄罗斯,,0.75,8.50,33.00,80.00,1405.00,0.00,平仓价,589,2023-05-15 00:00:00,1,0,2024-07-17 06:04:19,0,2024-07-17 06:04:19,,,
2023-05-15,1/3焦煤,大连港,鹤岗市,,0.25,7.50,18.00,70.00,2250.00,0.00,平仓价,590,2023-05-15 00:00:00,1,0,2024-07-17 06:04:19,0,2024-07-17 06:04:19,,,
2023-05-12,1/3焦煤,大连港,俄罗斯,,0.75,8.50,33.00,80.00,1405.00,-20.00,平仓价,591,2023-05-12 00:00:00,1,0,2024-07-17 06:04:19,0,2024-07-17 06:04:19,,,
2023-05-12,1/3焦煤,大连港,鹤岗市,,0.25,7.50,18.00,70.00,2250.00,-50.00,平仓价,592,2023-05-12 00:00:00,1,0,2024-07-17 06:04:19,0,2024-07-17 06:04:19,,,
2023-05-11,1/3焦煤,大连港,俄罗斯,,0.75,8.50,33.00,80.00,1425.00,-20.00,平仓价,593,2023-05-11 00:00:00,1,0,2024-07-17 06:04:19,0,2024-07-17 06:04:19,,,
2023-05-11,1/3焦煤,大连港,鹤岗市,,0.25,7.50,18.00,70.00,2300.00,0.00,平仓价,594,2023-05-11 00:00:00,1,0,2024-07-17 06:04:19,0,2024-07-17 06:04:19,,,
2023-05-10,1/3焦煤,大连港,俄罗斯,,0.75,8.50,33.00,80.00,1445.00,0.00,平仓价,595,2023-05-10 00:00:00,1,0,2024-07-17 06:04:19,0,2024-07-17 06:04:19,,,
2023-05-10,1/3焦煤,大连港,鹤岗市,,0.25,7.50,18.00,70.00,2300.00,0.00,平仓价,596,2023-05-10 00:00:00,1,0,2024-07-17 06:04:19,0,2024-07-17 06:04:19,,,
2023-05-09,1/3焦煤,大连港,俄罗斯,,0.75,8.50,33.00,80.00,1445.00,0.00,平仓价,597,2023-05-09 00:00:00,1,0,2024-07-17 06:04:19,0,2024-07-17 06:04:19,,,
2023-05-09,1/3焦煤,大连港,鹤岗市,,0.25,7.50,18.00,70.00,2300.00,-20.00,平仓价,598,2023-05-09 00:00:00,1,0,2024-07-17 06:04:19,0,2024-07-17 06:04:19,,,
2023-05-08,1/3焦煤,大连港,俄罗斯,,0.75,8.50,33.00,80.00,1445.00,0.00,平仓价,599,2023-05-08 00:00:00,1,0,2024-07-17 06:04:19,0,2024-07-17 06:04:19,,,
2023-05-08,1/3焦煤,大连港,鹤岗市,,0.25,7.50,18.00,70.00,2320.00,0.00,平仓价,600,2023-05-08 00:00:00,1,0,2024-07-17 06:04:19,0,2024-07-17 06:04:19,,,
2023-05-06,1/3焦煤,大连港,俄罗斯,,0.75,8.50,33.00,80.00,1445.00,-45.00,平仓价,601,2023-05-06 00:00:00,1,0,2024-07-17 06:04:21,0,2024-07-17 06:04:21,,,
2023-05-06,1/3焦煤,大连港,鹤岗市,,0.25,7.50,18.00,70.00,2320.00,0.00,平仓价,602,2023-05-06 00:00:00,1,0,2024-07-17 06:04:21,0,2024-07-17 06:04:21,,,
2023-05-05,1/3焦煤,大连港,俄罗斯,,0.75,8.50,33.00,80.00,1490.00,-90.00,平仓价,603,2023-05-05 00:00:00,1,0,2024-07-17 06:04:21,0,2024-07-17 06:04:21,,,
2023-05-05,1/3焦煤,大连港,鹤岗市,,0.25,7.50,18.00,70.00,2320.00,0.00,平仓价,604,2023-05-05 00:00:00,1,0,2024-07-17 06:04:21,0,2024-07-17 06:04:21,,,
2023-05-04,1/3焦煤,大连港,俄罗斯,,0.75,8.50,33.00,80.00,1580.00,0.00,平仓价,605,2023-05-04 00:00:00,1,0,2024-07-17 06:04:21,0,2024-07-17 06:04:21,,,
2023-05-04,1/3焦煤,大连港,鹤岗市,,0.25,7.50,18.00,70.00,2320.00,0.00,平仓价,606,2023-05-04 00:00:00,1,0,2024-07-17 06:04:21,0,2024-07-17 06:04:21,,,
2023-04-28,1/3焦煤,大连港,俄罗斯,,0.75,8.50,33.00,80.00,1580.00,-15.00,平仓价,607,2023-04-28 00:00:00,1,0,2024-07-17 06:04:21,0,2024-07-17 06:04:21,,,
2023-04-28,1/3焦煤,大连港,鹤岗市,,0.25,7.50,18.00,70.00,2320.00,0.00,平仓价,608,2023-04-28 00:00:00,1,0,2024-07-17 06:04:21,0,2024-07-17 06:04:21,,,
2023-04-27,1/3焦煤,大连港,俄罗斯,,0.75,8.50,33.00,80.00,1595.00,-40.00,平仓价,609,2023-04-27 00:00:00,1,0,2024-07-17 06:04:21,0,2024-07-17 06:04:21,,,
2023-04-27,1/3焦煤,大连港,鹤岗市,,0.25,7.50,18.00,70.00,2320.00,0.00,平仓价,610,2023-04-27 00:00:00,1,0,2024-07-17 06:04:21,0,2024-07-17 06:04:21,,,
2023-04-26,1/3焦煤,大连港,俄罗斯,,0.75,8.50,33.00,80.00,1635.00,-25.00,平仓价,611,2023-04-26 00:00:00,1,0,2024-07-17 06:04:21,0,2024-07-17 06:04:21,,,
2023-04-26,1/3焦煤,大连港,鹤岗市,,0.25,7.50,18.00,70.00,2320.00,0.00,平仓价,612,2023-04-26 00:00:00,1,0,2024-07-17 06:04:21,0,2024-07-17 06:04:21,,,
2023-04-25,1/3焦煤,大连港,俄罗斯,,0.75,8.50,33.00,80.00,1660.00,0.00,平仓价,613,2023-04-25 00:00:00,1,0,2024-07-17 06:04:21,0,2024-07-17 06:04:21,,,
2023-04-25,1/3焦煤,大连港,鹤岗市,,0.25,7.50,18.00,70.00,2320.00,0.00,平仓价,614,2023-04-25 00:00:00,1,0,2024-07-17 06:04:21,0,2024-07-17 06:04:21,,,
2023-04-24,1/3焦煤,大连港,俄罗斯,,0.75,8.50,33.00,80.00,1660.00,0.00,平仓价,615,2023-04-24 00:00:00,1,0,2024-07-17 06:04:21,0,2024-07-17 06:04:21,,,
2023-04-24,1/3焦煤,大连港,鹤岗市,,0.25,7.50,18.00,70.00,2320.00,0.00,平仓价,616,2023-04-24 00:00:00,1,0,2024-07-17 06:04:21,0,2024-07-17 06:04:21,,,
2023-04-23,1/3焦煤,大连港,俄罗斯,,0.75,8.50,33.00,80.00,1660.00,0.00,平仓价,617,2023-04-23 00:00:00,1,0,2024-07-17 06:04:21,0,2024-07-17 06:04:21,,,
2023-04-23,1/3焦煤,大连港,鹤岗市,,0.25,7.50,18.00,70.00,2320.00,0.00,平仓价,618,2023-04-23 00:00:00,1,0,2024-07-17 06:04:21,0,2024-07-17 06:04:21,,,
2023-04-21,1/3焦煤,大连港,俄罗斯,,0.75,8.50,33.00,80.00,1660.00,-90.00,平仓价,619,2023-04-21 00:00:00,1,0,2024-07-17 06:04:21,0,2024-07-17 06:04:21,,,
2023-04-21,1/3焦煤,大连港,鹤岗市,,0.25,7.50,18.00,70.00,2320.00,0.00,平仓价,620,2023-04-21 00:00:00,1,0,2024-07-17 06:04:21,0,2024-07-17 06:04:21,,,
2023-04-20,1/3焦煤,大连港,俄罗斯,,0.75,8.50,33.00,80.00,1750.00,-70.00,平仓价,621,2023-04-20 00:00:00,1,0,2024-07-17 06:04:21,0,2024-07-17 06:04:21,,,
2023-04-20,1/3焦煤,大连港,鹤岗市,,0.25,7.50,18.00,70.00,2320.00,0.00,平仓价,622,2023-04-20 00:00:00,1,0,2024-07-17 06:04:21,0,2024-07-17 06:04:21,,,
2023-04-19,1/3焦煤,大连港,俄罗斯,,0.75,8.50,33.00,80.00,1820.00,-45.00,平仓价,623,2023-04-19 00:00:00,1,0,2024-07-17 06:04:21,0,2024-07-17 06:04:21,,,
2023-04-19,1/3焦煤,大连港,鹤岗市,,0.25,7.50,18.00,70.00,2320.00,0.00,平仓价,624,2023-04-19 00:00:00,1,0,2024-07-17 06:04:21,0,2024-07-17 06:04:21,,,
2023-04-18,1/3焦煤,大连港,俄罗斯,,0.75,8.50,33.00,80.00,1865.00,0.00,平仓价,625,2023-04-18 00:00:00,1,0,2024-07-17 06:04:21,0,2024-07-17 06:04:21,,,
2023-04-18,1/3焦煤,大连港,鹤岗市,,0.25,7.50,18.00,70.00,2320.00,0.00,平仓价,626,2023-04-18 00:00:00,1,0,2024-07-17 06:04:21,0,2024-07-17 06:04:21,,,
2023-04-17,1/3焦煤,大连港,俄罗斯,,0.75,8.50,33.00,80.00,1865.00,0.00,平仓价,627,2023-04-17 00:00:00,1,0,2024-07-17 06:04:21,0,2024-07-17 06:04:21,,,
2023-04-17,1/3焦煤,大连港,鹤岗市,,0.25,7.50,18.00,70.00,2320.00,0.00,平仓价,628,2023-04-17 00:00:00,1,0,2024-07-17 06:04:21,0,2024-07-17 06:04:21,,,
2023-04-14,1/3焦煤,大连港,俄罗斯,,0.75,8.50,33.00,80.00,1865.00,-10.00,平仓价,629,2023-04-14 00:00:00,1,0,2024-07-17 06:04:21,0,2024-07-17 06:04:21,,,
2023-04-14,1/3焦煤,大连港,鹤岗市,,0.25,7.50,18.00,70.00,2320.00,0.00,平仓价,630,2023-04-14 00:00:00,1,0,2024-07-17 06:04:21,0,2024-07-17 06:04:21,,,
2023-04-13,1/3焦煤,大连港,俄罗斯,,0.75,8.50,33.00,80.00,1875.00,-25.00,平仓价,631,2023-04-13 00:00:00,1,0,2024-07-17 06:04:25,0,2024-07-17 06:04:25,,,
2023-04-13,1/3焦煤,大连港,鹤岗市,,0.25,7.50,18.00,70.00,2320.00,0.00,平仓价,632,2023-04-13 00:00:00,1,0,2024-07-17 06:04:25,0,2024-07-17 06:04:25,,,
2023-04-12,1/3焦煤,大连港,俄罗斯,,0.75,8.50,33.00,80.00,1900.00,-90.00,平仓价,633,2023-04-12 00:00:00,1,0,2024-07-17 06:04:25,0,2024-07-17 06:04:25,,,
2023-04-12,1/3焦煤,大连港,鹤岗市,,0.25,7.50,18.00,70.00,2320.00,0.00,平仓价,634,2023-04-12 00:00:00,1,0,2024-07-17 06:04:25,0,2024-07-17 06:04:25,,,
2023-04-11,1/3焦煤,大连港,俄罗斯,,0.75,8.50,33.00,80.00,1990.00,0.00,平仓价,635,2023-04-11 00:00:00,1,0,2024-07-17 06:04:25,0,2024-07-17 06:04:25,,,
2023-04-11,1/3焦煤,大连港,鹤岗市,,0.25,7.50,18.00,70.00,2320.00,0.00,平仓价,636,2023-04-11 00:00:00,1,0,2024-07-17 06:04:25,0,2024-07-17 06:04:25,,,
2023-04-10,1/3焦煤,大连港,俄罗斯,,0.75,8.50,33.00,80.00,1990.00,0.00,平仓价,637,2023-04-10 00:00:00,1,0,2024-07-17 06:04:25,0,2024-07-17 06:04:25,,,
2023-04-10,1/3焦煤,大连港,鹤岗市,,0.25,7.50,18.00,70.00,2320.00,0.00,平仓价,638,2023-04-10 00:00:00,1,0,2024-07-17 06:04:25,0,2024-07-17 06:04:25,,,
2023-04-07,1/3焦煤,大连港,俄罗斯,,0.75,8.50,33.00,80.00,1990.00,0.00,平仓价,639,2023-04-07 00:00:00,1,0,2024-07-17 06:04:25,0,2024-07-17 06:04:25,,,
2023-04-07,1/3焦煤,大连港,鹤岗市,,0.25,7.50,18.00,70.00,2320.00,0.00,平仓价,640,2023-04-07 00:00:00,1,0,2024-07-17 06:04:25,0,2024-07-17 06:04:25,,,
2023-04-06,1/3焦煤,大连港,俄罗斯,,0.75,8.50,33.00,80.00,1990.00,0.00,平仓价,641,2023-04-06 00:00:00,1,0,2024-07-17 06:04:25,0,2024-07-17 06:04:25,,,
2023-04-06,1/3焦煤,大连港,鹤岗市,,0.25,7.50,18.00,70.00,2320.00,0.00,平仓价,642,2023-04-06 00:00:00,1,0,2024-07-17 06:04:25,0,2024-07-17 06:04:25,,,
2023-04-04,1/3焦煤,大连港,俄罗斯,,0.75,8.50,33.00,80.00,1990.00,0.00,平仓价,643,2023-04-04 00:00:00,1,0,2024-07-17 06:04:25,0,2024-07-17 06:04:25,,,
2023-04-04,1/3焦煤,大连港,鹤岗市,,0.25,7.50,18.00,70.00,2320.00,0.00,平仓价,644,2023-04-04 00:00:00,1,0,2024-07-17 06:04:25,0,2024-07-17 06:04:25,,,
2023-04-03,1/3焦煤,大连港,俄罗斯,,0.75,8.50,33.00,80.00,1990.00,-40.00,平仓价,645,2023-04-03 00:00:00,1,0,2024-07-17 06:04:25,0,2024-07-17 06:04:25,,,
2023-04-03,1/3焦煤,大连港,鹤岗市,,0.25,7.50,18.00,70.00,2320.00,-80.00,平仓价,646,2023-04-03 00:00:00,1,0,2024-07-17 06:04:25,0,2024-07-17 06:04:25,,,
2023-03-31,1/3焦煤,大连港,俄罗斯,,0.75,8.50,33.00,80.00,2030.00,0.00,平仓价,647,2023-03-31 00:00:00,1,0,2024-07-17 06:04:25,0,2024-07-17 06:04:25,,,
2023-03-31,1/3焦煤,大连港,鹤岗市,,0.25,7.50,18.00,70.00,2400.00,0.00,平仓价,648,2023-03-31 00:00:00,1,0,2024-07-17 06:04:25,0,2024-07-17 06:04:25,,,
2023-03-30,1/3焦煤,大连港,俄罗斯,,0.75,8.50,33.00,80.00,2030.00,-15.00,平仓价,649,2023-03-30 00:00:00,1,0,2024-07-17 06:04:25,0,2024-07-17 06:04:25,,,
2023-03-30,1/3焦煤,大连港,鹤岗市,,0.25,7.50,18.00,70.00,2400.00,0.00,平仓价,650,2023-03-30 00:00:00,1,0,2024-07-17 06:04:25,0,2024-07-17 06:04:25,,,
2023-03-29,1/3焦煤,大连港,俄罗斯,,0.75,8.50,33.00,80.00,2045.00,0.00,平仓价,651,2023-03-29 00:00:00,1,0,2024-07-17 06:04:25,0,2024-07-17 06:04:25,,,
2023-03-29,1/3焦煤,大连港,鹤岗市,,0.25,7.50,18.00,70.00,2400.00,0.00,平仓价,652,2023-03-29 00:00:00,1,0,2024-07-17 06:04:25,0,2024-07-17 06:04:25,,,
2023-03-28,1/3焦煤,大连港,俄罗斯,,0.75,8.50,33.00,80.00,2045.00,-45.00,平仓价,653,2023-03-28 00:00:00,1,0,2024-07-17 06:04:25,0,2024-07-17 06:04:25,,,
2023-03-28,1/3焦煤,大连港,鹤岗市,,0.25,7.50,18.00,70.00,2400.00,0.00,平仓价,654,2023-03-28 00:00:00,1,0,2024-07-17 06:04:25,0,2024-07-17 06:04:25,,,
2023-03-27,1/3焦煤,大连港,俄罗斯,,0.75,8.50,33.00,80.00,2090.00,-15.00,平仓价,655,2023-03-27 00:00:00,1,0,2024-07-17 06:04:25,0,2024-07-17 06:04:25,,,
2023-03-27,1/3焦煤,大连港,鹤岗市,,0.25,7.50,18.00,70.00,2400.00,0.00,平仓价,656,2023-03-27 00:00:00,1,0,2024-07-17 06:04:25,0,2024-07-17 06:04:25,,,
2023-03-24,1/3焦煤,大连港,俄罗斯,,0.75,8.50,33.00,80.00,2105.00,0.00,平仓价,657,2023-03-24 00:00:00,1,0,2024-07-17 06:04:25,0,2024-07-17 06:04:25,,,
2023-03-24,1/3焦煤,大连港,鹤岗市,,0.25,7.50,18.00,70.00,2400.00,0.00,平仓价,658,2023-03-24 00:00:00,1,0,2024-07-17 06:04:25,0,2024-07-17 06:04:25,,,
2023-03-23,1/3焦煤,大连港,俄罗斯,,0.75,8.50,33.00,80.00,2105.00,0.00,平仓价,659,2023-03-23 00:00:00,1,0,2024-07-17 06:04:25,0,2024-07-17 06:04:25,,,
2023-03-23,1/3焦煤,大连港,鹤岗市,,0.25,7.50,18.00,70.00,2400.00,0.00,平仓价,660,2023-03-23 00:00:00,1,0,2024-07-17 06:04:25,0,2024-07-17 06:04:25,,,
2023-03-22,1/3焦煤,大连港,俄罗斯,,0.75,8.50,33.00,80.00,2105.00,0.00,平仓价,661,2023-03-22 00:00:00,1,0,2024-07-17 06:04:27,0,2024-07-17 06:04:27,,,
2023-03-22,1/3焦煤,大连港,鹤岗市,,0.25,7.50,18.00,70.00,2400.00,0.00,平仓价,662,2023-03-22 00:00:00,1,0,2024-07-17 06:04:27,0,2024-07-17 06:04:27,,,
2023-03-21,1/3焦煤,大连港,俄罗斯,,0.75,8.50,33.00,80.00,2105.00,0.00,平仓价,663,2023-03-21 00:00:00,1,0,2024-07-17 06:04:27,0,2024-07-17 06:04:27,,,
2023-03-21,1/3焦煤,大连港,鹤岗市,,0.25,7.50,18.00,70.00,2400.00,0.00,平仓价,664,2023-03-21 00:00:00,1,0,2024-07-17 06:04:27,0,2024-07-17 06:04:27,,,
2023-03-20,1/3焦煤,大连港,俄罗斯,,0.75,8.50,33.00,80.00,2105.00,-15.00,平仓价,665,2023-03-20 00:00:00,1,0,2024-07-17 06:04:27,0,2024-07-17 06:04:27,,,
2023-03-20,1/3焦煤,大连港,鹤岗市,,0.25,7.50,18.00,70.00,2400.00,0.00,平仓价,666,2023-03-20 00:00:00,1,0,2024-07-17 06:04:27,0,2024-07-17 06:04:27,,,
2023-03-17,1/3焦煤,大连港,俄罗斯,,0.75,8.50,33.00,80.00,2120.00,-25.00,平仓价,667,2023-03-17 00:00:00,1,0,2024-07-17 06:04:27,0,2024-07-17 06:04:27,,,
2023-03-17,1/3焦煤,大连港,鹤岗市,,0.25,7.50,18.00,70.00,2400.00,0.00,平仓价,668,2023-03-17 00:00:00,1,0,2024-07-17 06:04:27,0,2024-07-17 06:04:27,,,
2023-03-16,1/3焦煤,大连港,俄罗斯,,0.75,8.50,33.00,80.00,2145.00,-10.00,平仓价,669,2023-03-16 00:00:00,1,0,2024-07-17 06:04:27,0,2024-07-17 06:04:27,,,
2023-03-16,1/3焦煤,大连港,鹤岗市,,0.25,7.50,18.00,70.00,2400.00,0.00,平仓价,670,2023-03-16 00:00:00,1,0,2024-07-17 06:04:27,0,2024-07-17 06:04:27,,,
2023-03-15,1/3焦煤,大连港,俄罗斯,,0.75,8.50,33.00,80.00,2155.00,0.00,平仓价,671,2023-03-15 00:00:00,1,0,2024-07-17 06:04:27,0,2024-07-17 06:04:27,,,
2023-03-15,1/3焦煤,大连港,鹤岗市,,0.25,7.50,18.00,70.00,2400.00,0.00,平仓价,672,2023-03-15 00:00:00,1,0,2024-07-17 06:04:27,0,2024-07-17 06:04:27,,,
2023-03-14,1/3焦煤,大连港,俄罗斯,,0.75,8.50,33.00,80.00,2155.00,0.00,平仓价,673,2023-03-14 00:00:00,1,0,2024-07-17 06:04:27,0,2024-07-17 06:04:27,,,
2023-03-14,1/3焦煤,大连港,鹤岗市,,0.25,7.50,18.00,70.00,2400.00,-20.00,平仓价,674,2023-03-14 00:00:00,1,0,2024-07-17 06:04:27,0,2024-07-17 06:04:27,,,
2023-03-13,1/3焦煤,大连港,俄罗斯,,0.75,8.50,33.00,80.00,2155.00,0.00,平仓价,675,2023-03-13 00:00:00,1,0,2024-07-17 06:04:27,0,2024-07-17 06:04:27,,,
2023-03-13,1/3焦煤,大连港,鹤岗市,,0.25,7.50,18.00,70.00,2420.00,0.00,平仓价,676,2023-03-13 00:00:00,1,0,2024-07-17 06:04:27,0,2024-07-17 06:04:27,,,
2023-03-10,1/3焦煤,大连港,俄罗斯,,0.75,8.50,33.00,80.00,2155.00,0.00,平仓价,677,2023-03-10 00:00:00,1,0,2024-07-17 06:04:27,0,2024-07-17 06:04:27,,,
2023-03-10,1/3焦煤,大连港,鹤岗市,,0.25,7.50,18.00,70.00,2420.00,0.00,平仓价,678,2023-03-10 00:00:00,1,0,2024-07-17 06:04:27,0,2024-07-17 06:04:27,,,
2023-03-09,1/3焦煤,大连港,俄罗斯,,0.75,8.50,33.00,80.00,2155.00,0.00,平仓价,679,2023-03-09 00:00:00,1,0,2024-07-17 06:04:27,0,2024-07-17 06:04:27,,,
2023-03-09,1/3焦煤,大连港,鹤岗市,,0.25,7.50,18.00,70.00,2420.00,0.00,平仓价,680,2023-03-09 00:00:00,1,0,2024-07-17 06:04:27,0,2024-07-17 06:04:27,,,
2023-03-08,1/3焦煤,大连港,俄罗斯,,0.75,8.50,33.00,80.00,2155.00,0.00,平仓价,681,2023-03-08 00:00:00,1,0,2024-07-17 06:04:27,0,2024-07-17 06:04:27,,,
2023-03-08,1/3焦煤,大连港,鹤岗市,,0.25,7.50,18.00,70.00,2420.00,0.00,平仓价,682,2023-03-08 00:00:00,1,0,2024-07-17 06:04:27,0,2024-07-17 06:04:27,,,
2023-03-07,1/3焦煤,大连港,俄罗斯,,0.75,8.50,33.00,80.00,2155.00,0.00,平仓价,683,2023-03-07 00:00:00,1,0,2024-07-17 06:04:27,0,2024-07-17 06:04:27,,,
2023-03-07,1/3焦煤,大连港,鹤岗市,,0.25,7.50,18.00,70.00,2420.00,0.00,平仓价,684,2023-03-07 00:00:00,1,0,2024-07-17 06:04:27,0,2024-07-17 06:04:27,,,
2023-03-06,1/3焦煤,大连港,俄罗斯,,0.75,8.50,33.00,80.00,2155.00,0.00,平仓价,685,2023-03-06 00:00:00,1,0,2024-07-17 06:04:27,0,2024-07-17 06:04:27,,,
2023-03-06,1/3焦煤,大连港,鹤岗市,,0.25,7.50,18.00,70.00,2420.00,0.00,平仓价,686,2023-03-06 00:00:00,1,0,2024-07-17 06:04:27,0,2024-07-17 06:04:27,,,
2023-03-03,1/3焦煤,大连港,俄罗斯,,0.75,8.50,33.00,80.00,2155.00,0.00,平仓价,687,2023-03-03 00:00:00,1,0,2024-07-17 06:04:27,0,2024-07-17 06:04:27,,,
2023-03-03,1/3焦煤,大连港,鹤岗市,,0.25,7.50,18.00,70.00,2420.00,0.00,平仓价,688,2023-03-03 00:00:00,1,0,2024-07-17 06:04:27,0,2024-07-17 06:04:27,,,
2023-03-02,1/3焦煤,大连港,俄罗斯,,0.75,8.50,33.00,80.00,2155.00,45.00,平仓价,689,2023-03-02 00:00:00,1,0,2024-07-17 06:04:27,0,2024-07-17 06:04:27,,,
2023-03-02,1/3焦煤,大连港,鹤岗市,,0.25,7.50,18.00,70.00,2420.00,0.00,平仓价,690,2023-03-02 00:00:00,1,0,2024-07-17 06:04:27,0,2024-07-17 06:04:27,,,
2023-03-01,1/3焦煤,大连港,俄罗斯,,0.75,8.50,33.00,80.00,2110.00,30.00,平仓价,691,2023-03-01 00:00:00,1,0,2024-07-17 06:04:31,0,2024-07-17 06:04:31,,,
2023-03-01,1/3焦煤,大连港,鹤岗市,,0.25,7.50,18.00,70.00,2420.00,0.00,平仓价,692,2023-03-01 00:00:00,1,0,2024-07-17 06:04:31,0,2024-07-17 06:04:31,,,
2023-02-28,1/3焦煤,大连港,俄罗斯,,0.75,8.50,33.00,80.00,2080.00,35.00,平仓价,693,2023-02-28 00:00:00,1,0,2024-07-17 06:04:31,0,2024-07-17 06:04:31,,,
2023-02-28,1/3焦煤,大连港,鹤岗市,,0.25,7.50,18.00,70.00,2420.00,0.00,平仓价,694,2023-02-28 00:00:00,1,0,2024-07-17 06:04:31,0,2024-07-17 06:04:31,,,
2023-02-27,1/3焦煤,大连港,俄罗斯,,0.75,8.50,33.00,80.00,2045.00,40.00,平仓价,695,2023-02-27 00:00:00,1,0,2024-07-17 06:04:31,0,2024-07-17 06:04:31,,,
2023-02-27,1/3焦煤,大连港,鹤岗市,,0.25,7.50,18.00,70.00,2420.00,0.00,平仓价,696,2023-02-27 00:00:00,1,0,2024-07-17 06:04:31,0,2024-07-17 06:04:31,,,
2023-02-24,1/3焦煤,大连港,俄罗斯,,0.75,8.50,33.00,80.00,2005.00,40.00,平仓价,697,2023-02-24 00:00:00,1,0,2024-07-17 06:04:31,0,2024-07-17 06:04:31,,,
2023-02-24,1/3焦煤,大连港,鹤岗市,,0.25,7.50,18.00,70.00,2420.00,0.00,平仓价,698,2023-02-24 00:00:00,1,0,2024-07-17 06:04:31,0,2024-07-17 06:04:31,,,
2023-02-23,1/3焦煤,大连港,俄罗斯,,0.75,8.50,33.00,80.00,1965.00,30.00,平仓价,699,2023-02-23 00:00:00,1,0,2024-07-17 06:04:31,0,2024-07-17 06:04:31,,,
2023-02-23,1/3焦煤,大连港,鹤岗市,,0.25,7.50,18.00,70.00,2420.00,0.00,平仓价,700,2023-02-23 00:00:00,1,0,2024-07-17 06:04:31,0,2024-07-17 06:04:31,,,
2023-02-22,1/3焦煤,大连港,俄罗斯,,0.75,8.50,33.00,80.00,1935.00,0.00,平仓价,701,2023-02-22 00:00:00,1,0,2024-07-17 06:04:31,0,2024-07-17 06:04:31,,,
2023-02-22,1/3焦煤,大连港,鹤岗市,,0.25,7.50,18.00,70.00,2420.00,0.00,平仓价,702,2023-02-22 00:00:00,1,0,2024-07-17 06:04:31,0,2024-07-17 06:04:31,,,
2023-02-21,1/3焦煤,大连港,俄罗斯,,0.75,8.50,33.00,80.00,1935.00,0.00,平仓价,703,2023-02-21 00:00:00,1,0,2024-07-17 06:04:31,0,2024-07-17 06:04:31,,,
2023-02-21,1/3焦煤,大连港,鹤岗市,,0.25,7.50,18.00,70.00,2420.00,0.00,平仓价,704,2023-02-21 00:00:00,1,0,2024-07-17 06:04:31,0,2024-07-17 06:04:31,,,
2023-02-20,1/3焦煤,大连港,俄罗斯,,0.75,8.50,33.00,80.00,1935.00,0.00,平仓价,705,2023-02-20 00:00:00,1,0,2024-07-17 06:04:31,0,2024-07-17 06:04:31,,,
2023-02-20,1/3焦煤,大连港,鹤岗市,,0.25,7.50,18.00,70.00,2420.00,0.00,平仓价,706,2023-02-20 00:00:00,1,0,2024-07-17 06:04:31,0,2024-07-17 06:04:31,,,
2023-02-17,1/3焦煤,大连港,俄罗斯,,0.75,8.50,33.00,80.00,1935.00,0.00,平仓价,707,2023-02-17 00:00:00,1,0,2024-07-17 06:04:31,0,2024-07-17 06:04:31,,,
2023-02-17,1/3焦煤,大连港,鹤岗市,,0.25,7.50,18.00,70.00,2420.00,0.00,平仓价,708,2023-02-17 00:00:00,1,0,2024-07-17 06:04:31,0,2024-07-17 06:04:31,,,
2023-02-16,1/3焦煤,大连港,俄罗斯,,0.75,8.50,33.00,80.00,1935.00,0.00,平仓价,709,2023-02-16 00:00:00,1,0,2024-07-17 06:04:31,0,2024-07-17 06:04:31,,,
2023-02-16,1/3焦煤,大连港,鹤岗市,,0.25,7.50,18.00,70.00,2420.00,0.00,平仓价,710,2023-02-16 00:00:00,1,0,2024-07-17 06:04:31,0,2024-07-17 06:04:31,,,
2023-02-15,1/3焦煤,大连港,俄罗斯,,0.75,8.50,33.00,80.00,1935.00,0.00,平仓价,711,2023-02-15 00:00:00,1,0,2024-07-17 06:04:31,0,2024-07-17 06:04:31,,,
2023-02-15,1/3焦煤,大连港,鹤岗市,,0.25,7.50,18.00,70.00,2420.00,0.00,平仓价,712,2023-02-15 00:00:00,1,0,2024-07-17 06:04:31,0,2024-07-17 06:04:31,,,
2023-02-14,1/3焦煤,大连港,俄罗斯,,0.75,8.50,33.00,80.00,1935.00,0.00,平仓价,713,2023-02-14 00:00:00,1,0,2024-07-17 06:04:31,0,2024-07-17 06:04:31,,,
2023-02-14,1/3焦煤,大连港,鹤岗市,,0.25,7.50,18.00,70.00,2420.00,0.00,平仓价,714,2023-02-14 00:00:00,1,0,2024-07-17 06:04:31,0,2024-07-17 06:04:31,,,
2023-02-13,1/3焦煤,大连港,俄罗斯,,0.75,8.50,33.00,80.00,1935.00,0.00,平仓价,715,2023-02-13 00:00:00,1,0,2024-07-17 06:04:31,0,2024-07-17 06:04:31,,,
2023-02-13,1/3焦煤,大连港,鹤岗市,,0.25,7.50,18.00,70.00,2420.00,0.00,平仓价,716,2023-02-13 00:00:00,1,0,2024-07-17 06:04:31,0,2024-07-17 06:04:31,,,
2023-02-10,1/3焦煤,大连港,俄罗斯,,0.75,8.50,33.00,80.00,1935.00,0.00,平仓价,717,2023-02-10 00:00:00,1,0,2024-07-17 06:04:31,0,2024-07-17 06:04:31,,,
2023-02-10,1/3焦煤,大连港,鹤岗市,,0.25,7.50,18.00,70.00,2420.00,0.00,平仓价,718,2023-02-10 00:00:00,1,0,2024-07-17 06:04:31,0,2024-07-17 06:04:31,,,
2023-02-09,1/3焦煤,大连港,俄罗斯,,0.75,8.50,33.00,80.00,1935.00,0.00,平仓价,719,2023-02-09 00:00:00,1,0,2024-07-17 06:04:31,0,2024-07-17 06:04:31,,,
2023-02-09,1/3焦煤,大连港,鹤岗市,,0.25,7.50,18.00,70.00,2420.00,0.00,平仓价,720,2023-02-09 00:00:00,1,0,2024-07-17 06:04:31,0,2024-07-17 06:04:31,,,
2023-02-08,1/3焦煤,大连港,俄罗斯,,0.75,8.50,33.00,80.00,1935.00,0.00,平仓价,721,2023-02-08 00:00:00,1,0,2024-07-17 06:04:34,0,2024-07-17 06:04:34,,,
2023-02-08,1/3焦煤,大连港,鹤岗市,,0.25,7.50,18.00,70.00,2420.00,0.00,平仓价,722,2023-02-08 00:00:00,1,0,2024-07-17 06:04:34,0,2024-07-17 06:04:34,,,
2023-02-07,1/3焦煤,大连港,俄罗斯,,0.75,8.50,33.00,80.00,1935.00,0.00,平仓价,723,2023-02-07 00:00:00,1,0,2024-07-17 06:04:34,0,2024-07-17 06:04:34,,,
2023-02-07,1/3焦煤,大连港,鹤岗市,,0.25,7.50,18.00,70.00,2420.00,0.00,平仓价,724,2023-02-07 00:00:00,1,0,2024-07-17 06:04:34,0,2024-07-17 06:04:34,,,
2023-02-06,1/3焦煤,大连港,俄罗斯,,0.75,8.50,33.00,80.00,1935.00,0.00,平仓价,725,2023-02-06 00:00:00,1,0,2024-07-17 06:04:34,0,2024-07-17 06:04:34,,,
2023-02-06,1/3焦煤,大连港,鹤岗市,,0.25,7.50,18.00,70.00,2420.00,0.00,平仓价,726,2023-02-06 00:00:00,1,0,2024-07-17 06:04:34,0,2024-07-17 06:04:34,,,
2023-02-03,1/3焦煤,大连港,俄罗斯,,0.75,8.50,33.00,80.00,1935.00,0.00,平仓价,727,2023-02-03 00:00:00,1,0,2024-07-17 06:04:34,0,2024-07-17 06:04:34,,,
2023-02-03,1/3焦煤,大连港,鹤岗市,,0.25,7.50,18.00,70.00,2420.00,0.00,平仓价,728,2023-02-03 00:00:00,1,0,2024-07-17 06:04:34,0,2024-07-17 06:04:34,,,
2023-02-02,1/3焦煤,大连港,俄罗斯,,0.75,8.50,33.00,80.00,1935.00,0.00,平仓价,729,2023-02-02 00:00:00,1,0,2024-07-17 06:04:34,0,2024-07-17 06:04:34,,,
2023-02-02,1/3焦煤,大连港,鹤岗市,,0.25,7.50,18.00,70.00,2420.00,0.00,平仓价,730,2023-02-02 00:00:00,1,0,2024-07-17 06:04:34,0,2024-07-17 06:04:34,,,
2023-02-01,1/3焦煤,大连港,俄罗斯,,0.75,8.50,33.00,80.00,1935.00,0.00,平仓价,731,2023-02-01 00:00:00,1,0,2024-07-17 06:04:34,0,2024-07-17 06:04:34,,,
2023-02-01,1/3焦煤,大连港,鹤岗市,,0.25,7.50,18.00,70.00,2420.00,-50.00,平仓价,732,2023-02-01 00:00:00,1,0,2024-07-17 06:04:34,0,2024-07-17 06:04:34,,,
2023-01-31,1/3焦煤,大连港,俄罗斯,,0.75,8.50,33.00,80.00,1935.00,0.00,平仓价,733,2023-01-31 00:00:00,1,0,2024-07-17 06:04:34,0,2024-07-17 06:04:34,,,
2023-01-31,1/3焦煤,大连港,鹤岗市,,0.25,7.50,18.00,70.00,2470.00,0.00,平仓价,734,2023-01-31 00:00:00,1,0,2024-07-17 06:04:34,0,2024-07-17 06:04:34,,,
2023-01-30,1/3焦煤,大连港,俄罗斯,,0.75,8.50,33.00,80.00,1935.00,0.00,平仓价,735,2023-01-30 00:00:00,1,0,2024-07-17 06:04:34,0,2024-07-17 06:04:34,,,
2023-01-30,1/3焦煤,大连港,鹤岗市,,0.25,7.50,18.00,70.00,2470.00,0.00,平仓价,736,2023-01-30 00:00:00,1,0,2024-07-17 06:04:34,0,2024-07-17 06:04:34,,,
2023-01-29,1/3焦煤,大连港,俄罗斯,,0.75,8.50,33.00,80.00,1935.00,0.00,平仓价,737,2023-01-29 00:00:00,1,0,2024-07-17 06:04:34,0,2024-07-17 06:04:34,,,
2023-01-29,1/3焦煤,大连港,鹤岗市,,0.25,7.50,18.00,70.00,2470.00,0.00,平仓价,738,2023-01-29 00:00:00,1,0,2024-07-17 06:04:34,0,2024-07-17 06:04:34,,,
2023-01-28,1/3焦煤,大连港,俄罗斯,,0.75,8.50,33.00,80.00,1935.00,0.00,平仓价,739,2023-01-28 00:00:00,1,0,2024-07-17 06:04:34,0,2024-07-17 06:04:34,,,
2023-01-28,1/3焦煤,大连港,鹤岗市,,0.25,7.50,18.00,70.00,2470.00,0.00,平仓价,740,2023-01-28 00:00:00,1,0,2024-07-17 06:04:34,0,2024-07-17 06:04:34,,,
2023-01-20,1/3焦煤,大连港,俄罗斯,,0.75,8.50,33.00,80.00,1935.00,0.00,平仓价,741,2023-01-20 00:00:00,1,0,2024-07-17 06:04:34,0,2024-07-17 06:04:34,,,
2023-01-20,1/3焦煤,大连港,鹤岗市,,0.25,7.50,18.00,70.00,2470.00,0.00,平仓价,742,2023-01-20 00:00:00,1,0,2024-07-17 06:04:34,0,2024-07-17 06:04:34,,,
2023-01-19,1/3焦煤,大连港,俄罗斯,,0.75,8.50,33.00,80.00,1935.00,0.00,平仓价,743,2023-01-19 00:00:00,1,0,2024-07-17 06:04:34,0,2024-07-17 06:04:34,,,
2023-01-19,1/3焦煤,大连港,鹤岗市,,0.25,7.50,18.00,70.00,2470.00,0.00,平仓价,744,2023-01-19 00:00:00,1,0,2024-07-17 06:04:34,0,2024-07-17 06:04:34,,,
2023-01-18,1/3焦煤,大连港,俄罗斯,,0.75,8.50,33.00,80.00,1935.00,0.00,平仓价,745,2023-01-18 00:00:00,1,0,2024-07-17 06:04:34,0,2024-07-17 06:04:34,,,
2023-01-18,1/3焦煤,大连港,鹤岗市,,0.25,7.50,18.00,70.00,2470.00,0.00,平仓价,746,2023-01-18 00:00:00,1,0,2024-07-17 06:04:34,0,2024-07-17 06:04:34,,,
2023-01-17,1/3焦煤,大连港,俄罗斯,,0.75,8.50,33.00,80.00,1935.00,0.00,平仓价,747,2023-01-17 00:00:00,1,0,2024-07-17 06:04:34,0,2024-07-17 06:04:34,,,
2023-01-17,1/3焦煤,大连港,鹤岗市,,0.25,7.50,18.00,70.00,2470.00,0.00,平仓价,748,2023-01-17 00:00:00,1,0,2024-07-17 06:04:34,0,2024-07-17 06:04:34,,,
2023-01-16,1/3焦煤,大连港,俄罗斯,,0.75,8.50,33.00,80.00,1935.00,0.00,平仓价,749,2023-01-16 00:00:00,1,0,2024-07-17 06:04:34,0,2024-07-17 06:04:34,,,
2023-01-16,1/3焦煤,大连港,鹤岗市,,0.25,7.50,18.00,70.00,2470.00,0.00,平仓价,750,2023-01-16 00:00:00,1,0,2024-07-17 06:04:34,0,2024-07-17 06:04:34,,,
2023-01-13,1/3焦煤,大连港,俄罗斯,,0.75,8.50,33.00,80.00,1935.00,0.00,平仓价,751,2023-01-13 00:00:00,1,0,2024-07-17 06:04:37,0,2024-07-17 06:04:37,,,
2023-01-13,1/3焦煤,大连港,鹤岗市,,0.25,7.50,18.00,70.00,2470.00,0.00,平仓价,752,2023-01-13 00:00:00,1,0,2024-07-17 06:04:37,0,2024-07-17 06:04:37,,,
2023-01-12,1/3焦煤,大连港,俄罗斯,,0.75,8.50,33.00,80.00,1935.00,-45.00,平仓价,753,2023-01-12 00:00:00,1,0,2024-07-17 06:04:37,0,2024-07-17 06:04:37,,,
2023-01-12,1/3焦煤,大连港,鹤岗市,,0.25,7.50,18.00,70.00,2470.00,0.00,平仓价,754,2023-01-12 00:00:00,1,0,2024-07-17 06:04:37,0,2024-07-17 06:04:37,,,
2023-01-11,1/3焦煤,大连港,俄罗斯,,0.75,8.50,33.00,80.00,1980.00,0.00,平仓价,755,2023-01-11 00:00:00,1,0,2024-07-17 06:04:37,0,2024-07-17 06:04:37,,,
2023-01-11,1/3焦煤,大连港,鹤岗市,,0.25,7.50,18.00,70.00,2470.00,0.00,平仓价,756,2023-01-11 00:00:00,1,0,2024-07-17 06:04:37,0,2024-07-17 06:04:37,,,
2023-01-10,1/3焦煤,大连港,俄罗斯,,0.75,8.50,33.00,80.00,1980.00,0.00,平仓价,757,2023-01-10 00:00:00,1,0,2024-07-17 06:04:37,0,2024-07-17 06:04:37,,,
2023-01-10,1/3焦煤,大连港,鹤岗市,,0.25,7.50,18.00,70.00,2470.00,0.00,平仓价,758,2023-01-10 00:00:00,1,0,2024-07-17 06:04:37,0,2024-07-17 06:04:37,,,
2023-01-09,1/3焦煤,大连港,俄罗斯,,0.75,8.50,33.00,80.00,1980.00,0.00,平仓价,759,2023-01-09 00:00:00,1,0,2024-07-17 06:04:37,0,2024-07-17 06:04:37,,,
2023-01-09,1/3焦煤,大连港,鹤岗市,,0.25,7.50,18.00,70.00,2470.00,0.00,平仓价,760,2023-01-09 00:00:00,1,0,2024-07-17 06:04:37,0,2024-07-17 06:04:37,,,
2023-01-06,1/3焦煤,大连港,俄罗斯,,0.75,8.50,33.00,80.00,1980.00,-45.00,平仓价,761,2023-01-06 00:00:00,1,0,2024-07-17 06:04:37,0,2024-07-17 06:04:37,,,
2023-01-06,1/3焦煤,大连港,鹤岗市,,0.25,7.50,18.00,70.00,2470.00,0.00,平仓价,762,2023-01-06 00:00:00,1,0,2024-07-17 06:04:37,0,2024-07-17 06:04:37,,,
2023-01-05,1/3焦煤,大连港,俄罗斯,,0.75,8.50,33.00,80.00,2025.00,0.00,平仓价,763,2023-01-05 00:00:00,1,0,2024-07-17 06:04:37,0,2024-07-17 06:04:37,,,
2023-01-05,1/3焦煤,大连港,鹤岗市,,0.25,7.50,18.00,70.00,2470.00,0.00,平仓价,764,2023-01-05 00:00:00,1,0,2024-07-17 06:04:37,0,2024-07-17 06:04:37,,,
2023-01-04,1/3焦煤,大连港,俄罗斯,,0.75,8.50,33.00,80.00,2025.00,0.00,平仓价,765,2023-01-04 00:00:00,1,0,2024-07-17 06:04:37,0,2024-07-17 06:04:37,,,
2023-01-04,1/3焦煤,大连港,鹤岗市,,0.25,7.50,18.00,70.00,2470.00,0.00,平仓价,766,2023-01-04 00:00:00,1,0,2024-07-17 06:04:37,0,2024-07-17 06:04:37,,,
2023-01-03,1/3焦煤,大连港,俄罗斯,,0.75,8.50,33.00,80.00,2025.00,0.00,平仓价,767,2023-01-03 00:00:00,1,0,2024-07-17 06:04:37,0,2024-07-17 06:04:37,,,
2023-01-03,1/3焦煤,大连港,鹤岗市,,0.25,7.50,18.00,70.00,2470.00,0.00,平仓价,768,2023-01-03 00:00:00,1,0,2024-07-17 06:04:37,0,2024-07-17 06:04:37,,,
2022-12-30,1/3焦煤,大连港,俄罗斯,,0.75,8.50,33.00,80.00,2025.00,0.00,平仓价,769,2022-12-30 00:00:00,1,0,2024-07-17 06:04:37,0,2024-07-17 06:04:37,,,
2022-12-30,1/3焦煤,大连港,鹤岗市,,0.25,7.50,18.00,70.00,2470.00,0.00,平仓价,770,2022-12-30 00:00:00,1,0,2024-07-17 06:04:37,0,2024-07-17 06:04:37,,,
2022-12-29,1/3焦煤,大连港,俄罗斯,,0.75,8.50,33.00,80.00,2025.00,0.00,平仓价,771,2022-12-29 00:00:00,1,0,2024-07-17 06:04:37,0,2024-07-17 06:04:37,,,
2022-12-29,1/3焦煤,大连港,鹤岗市,,0.25,7.50,18.00,70.00,2470.00,0.00,平仓价,772,2022-12-29 00:00:00,1,0,2024-07-17 06:04:37,0,2024-07-17 06:04:37,,,
2022-12-28,1/3焦煤,大连港,俄罗斯,,0.75,8.50,33.00,80.00,2025.00,0.00,平仓价,773,2022-12-28 00:00:00,1,0,2024-07-17 06:04:37,0,2024-07-17 06:04:37,,,
2022-12-28,1/3焦煤,大连港,鹤岗市,,0.25,7.50,18.00,70.00,2470.00,0.00,平仓价,774,2022-12-28 00:00:00,1,0,2024-07-17 06:04:37,0,2024-07-17 06:04:37,,,
2022-12-27,1/3焦煤,大连港,俄罗斯,,0.75,8.50,33.00,80.00,2025.00,0.00,平仓价,775,2022-12-27 00:00:00,1,0,2024-07-17 06:04:37,0,2024-07-17 06:04:37,,,
2022-12-27,1/3焦煤,大连港,鹤岗市,,0.25,7.50,18.00,70.00,2470.00,0.00,平仓价,776,2022-12-27 00:00:00,1,0,2024-07-17 06:04:37,0,2024-07-17 06:04:37,,,
2022-12-26,1/3焦煤,大连港,俄罗斯,,0.75,8.50,33.00,80.00,2025.00,0.00,平仓价,777,2022-12-26 00:00:00,1,0,2024-07-17 06:04:37,0,2024-07-17 06:04:37,,,
2022-12-26,1/3焦煤,大连港,鹤岗市,,0.25,7.50,18.00,70.00,2470.00,0.00,平仓价,778,2022-12-26 00:00:00,1,0,2024-07-17 06:04:37,0,2024-07-17 06:04:37,,,
2022-12-23,1/3焦煤,大连港,俄罗斯,,0.75,8.50,33.00,80.00,2025.00,0.00,平仓价,779,2022-12-23 00:00:00,1,0,2024-07-17 06:04:37,0,2024-07-17 06:04:37,,,
2022-12-23,1/3焦煤,大连港,鹤岗市,,0.25,7.50,18.00,70.00,2470.00,0.00,平仓价,780,2022-12-23 00:00:00,1,0,2024-07-17 06:04:37,0,2024-07-17 06:04:37,,,
2022-12-22,1/3焦煤,大连港,俄罗斯,,0.75,8.50,33.00,80.00,2025.00,0.00,平仓价,781,2022-12-22 00:00:00,1,0,2024-07-17 06:04:41,0,2024-07-17 06:04:41,,,
2022-12-22,1/3焦煤,大连港,鹤岗市,,0.25,7.50,18.00,70.00,2470.00,0.00,平仓价,782,2022-12-22 00:00:00,1,0,2024-07-17 06:04:41,0,2024-07-17 06:04:41,,,
2022-12-21,1/3焦煤,大连港,俄罗斯,,0.75,8.50,33.00,80.00,2025.00,0.00,平仓价,783,2022-12-21 00:00:00,1,0,2024-07-17 06:04:41,0,2024-07-17 06:04:41,,,
2022-12-21,1/3焦煤,大连港,鹤岗市,,0.25,7.50,18.00,70.00,2470.00,0.00,平仓价,784,2022-12-21 00:00:00,1,0,2024-07-17 06:04:41,0,2024-07-17 06:04:41,,,
2022-12-20,1/3焦煤,大连港,俄罗斯,,0.75,8.50,33.00,80.00,2025.00,0.00,平仓价,785,2022-12-20 00:00:00,1,0,2024-07-17 06:04:41,0,2024-07-17 06:04:41,,,
2022-12-20,1/3焦煤,大连港,鹤岗市,,0.25,7.50,18.00,70.00,2470.00,0.00,平仓价,786,2022-12-20 00:00:00,1,0,2024-07-17 06:04:41,0,2024-07-17 06:04:41,,,
2022-12-19,1/3焦煤,大连港,俄罗斯,,0.75,8.50,33.00,80.00,2025.00,0.00,平仓价,787,2022-12-19 00:00:00,1,0,2024-07-17 06:04:41,0,2024-07-17 06:04:41,,,
2022-12-19,1/3焦煤,大连港,鹤岗市,,0.25,7.50,18.00,70.00,2470.00,0.00,平仓价,788,2022-12-19 00:00:00,1,0,2024-07-17 06:04:41,0,2024-07-17 06:04:41,,,
2022-12-16,1/3焦煤,大连港,俄罗斯,,0.75,8.50,33.00,80.00,2025.00,0.00,平仓价,789,2022-12-16 00:00:00,1,0,2024-07-17 06:04:41,0,2024-07-17 06:04:41,,,
2022-12-16,1/3焦煤,大连港,鹤岗市,,0.25,7.50,18.00,70.00,2470.00,0.00,平仓价,790,2022-12-16 00:00:00,1,0,2024-07-17 06:04:41,0,2024-07-17 06:04:41,,,
2022-12-15,1/3焦煤,大连港,俄罗斯,,0.75,8.50,33.00,80.00,2025.00,0.00,平仓价,791,2022-12-15 00:00:00,1,0,2024-07-17 06:04:41,0,2024-07-17 06:04:41,,,
2022-12-15,1/3焦煤,大连港,鹤岗市,,0.25,7.50,18.00,70.00,2470.00,0.00,平仓价,792,2022-12-15 00:00:00,1,0,2024-07-17 06:04:41,0,2024-07-17 06:04:41,,,
2022-12-14,1/3焦煤,大连港,俄罗斯,,0.75,8.50,33.00,80.00,2025.00,0.00,平仓价,793,2022-12-14 00:00:00,1,0,2024-07-17 06:04:41,0,2024-07-17 06:04:41,,,
2022-12-14,1/3焦煤,大连港,鹤岗市,,0.25,7.50,18.00,70.00,2470.00,0.00,平仓价,794,2022-12-14 00:00:00,1,0,2024-07-17 06:04:41,0,2024-07-17 06:04:41,,,
2022-12-13,1/3焦煤,大连港,俄罗斯,,0.75,8.50,33.00,80.00,2025.00,0.00,平仓价,795,2022-12-13 00:00:00,1,0,2024-07-17 06:04:41,0,2024-07-17 06:04:41,,,
2022-12-13,1/3焦煤,大连港,鹤岗市,,0.25,7.50,18.00,70.00,2470.00,0.00,平仓价,796,2022-12-13 00:00:00,1,0,2024-07-17 06:04:41,0,2024-07-17 06:04:41,,,
2022-12-12,1/3焦煤,大连港,俄罗斯,,0.75,8.50,33.00,80.00,2025.00,0.00,平仓价,797,2022-12-12 00:00:00,1,0,2024-07-17 06:04:41,0,2024-07-17 06:04:41,,,
2022-12-12,1/3焦煤,大连港,鹤岗市,,0.25,7.50,18.00,70.00,2470.00,0.00,平仓价,798,2022-12-12 00:00:00,1,0,2024-07-17 06:04:41,0,2024-07-17 06:04:41,,,
2022-12-09,1/3焦煤,大连港,俄罗斯,,0.75,8.50,33.00,80.00,2025.00,0.00,平仓价,799,2022-12-09 00:00:00,1,0,2024-07-17 06:04:41,0,2024-07-17 06:04:41,,,
2022-12-09,1/3焦煤,大连港,鹤岗市,,0.25,7.50,18.00,70.00,2470.00,0.00,平仓价,800,2022-12-09 00:00:00,1,0,2024-07-17 06:04:41,0,2024-07-17 06:04:41,,,
2022-12-08,1/3焦煤,大连港,俄罗斯,,0.75,8.50,33.00,80.00,2025.00,20.00,平仓价,801,2022-12-08 00:00:00,1,0,2024-07-17 06:04:41,0,2024-07-17 06:04:41,,,
2022-12-08,1/3焦煤,大连港,鹤岗市,,0.25,7.50,18.00,70.00,2470.00,0.00,平仓价,802,2022-12-08 00:00:00,1,0,2024-07-17 06:04:41,0,2024-07-17 06:04:41,,,
2022-12-07,1/3焦煤,大连港,俄罗斯,,0.75,8.50,33.00,80.00,2005.00,0.00,平仓价,803,2022-12-07 00:00:00,1,0,2024-07-17 06:04:41,0,2024-07-17 06:04:41,,,
2022-12-07,1/3焦煤,大连港,鹤岗市,,0.25,7.50,18.00,70.00,2470.00,0.00,平仓价,804,2022-12-07 00:00:00,1,0,2024-07-17 06:04:41,0,2024-07-17 06:04:41,,,
2022-12-06,1/3焦煤,大连港,俄罗斯,,0.75,8.50,33.00,80.00,2005.00,0.00,平仓价,805,2022-12-06 00:00:00,1,0,2024-07-17 06:04:41,0,2024-07-17 06:04:41,,,
2022-12-06,1/3焦煤,大连港,鹤岗市,,0.25,7.50,18.00,70.00,2470.00,0.00,平仓价,806,2022-12-06 00:00:00,1,0,2024-07-17 06:04:41,0,2024-07-17 06:04:41,,,
2022-12-05,1/3焦煤,大连港,俄罗斯,,0.75,8.50,33.00,80.00,2005.00,0.00,平仓价,807,2022-12-05 00:00:00,1,0,2024-07-17 06:04:41,0,2024-07-17 06:04:41,,,
2022-12-05,1/3焦煤,大连港,鹤岗市,,0.25,7.50,18.00,70.00,2470.00,0.00,平仓价,808,2022-12-05 00:00:00,1,0,2024-07-17 06:04:41,0,2024-07-17 06:04:41,,,
2022-12-02,1/3焦煤,大连港,俄罗斯,,0.75,8.50,33.00,80.00,2005.00,30.00,平仓价,809,2022-12-02 00:00:00,1,0,2024-07-17 06:04:41,0,2024-07-17 06:04:41,,,
2022-12-02,1/3焦煤,大连港,鹤岗市,,0.25,7.50,18.00,70.00,2470.00,0.00,平仓价,810,2022-12-02 00:00:00,1,0,2024-07-17 06:04:41,0,2024-07-17 06:04:41,,,
2022-12-01,1/3焦煤,大连港,俄罗斯,,0.75,8.50,33.00,80.00,1975.00,0.00,平仓价,811,2022-12-01 00:00:00,1,0,2024-07-17 06:04:45,0,2024-07-17 06:04:45,,,
2022-12-01,1/3焦煤,大连港,鹤岗市,,0.25,7.50,18.00,70.00,2470.00,0.00,平仓价,812,2022-12-01 00:00:00,1,0,2024-07-17 06:04:45,0,2024-07-17 06:04:45,,,
2022-11-30,1/3焦煤,大连港,俄罗斯,,0.75,8.50,33.00,80.00,1975.00,0.00,平仓价,813,2022-11-30 00:00:00,1,0,2024-07-17 06:04:45,0,2024-07-17 06:04:45,,,
2022-11-30,1/3焦煤,大连港,鹤岗市,,0.25,7.50,18.00,70.00,2470.00,0.00,平仓价,814,2022-11-30 00:00:00,1,0,2024-07-17 06:04:45,0,2024-07-17 06:04:45,,,
2022-11-29,1/3焦煤,大连港,俄罗斯,,0.75,8.50,33.00,80.00,1975.00,0.00,平仓价,815,2022-11-29 00:00:00,1,0,2024-07-17 06:04:45,0,2024-07-17 06:04:45,,,
2022-11-29,1/3焦煤,大连港,鹤岗市,,0.25,7.50,18.00,70.00,2470.00,0.00,平仓价,816,2022-11-29 00:00:00,1,0,2024-07-17 06:04:45,0,2024-07-17 06:04:45,,,
2022-11-28,1/3焦煤,大连港,俄罗斯,,0.75,8.50,33.00,80.00,1975.00,0.00,平仓价,817,2022-11-28 00:00:00,1,0,2024-07-17 06:04:45,0,2024-07-17 06:04:45,,,
2022-11-28,1/3焦煤,大连港,鹤岗市,,0.25,7.50,18.00,70.00,2470.00,0.00,平仓价,818,2022-11-28 00:00:00,1,0,2024-07-17 06:04:45,0,2024-07-17 06:04:45,,,
2022-11-25,1/3焦煤,大连港,俄罗斯,,0.75,8.50,33.00,80.00,1975.00,0.00,平仓价,819,2022-11-25 00:00:00,1,0,2024-07-17 06:04:45,0,2024-07-17 06:04:45,,,
2022-11-25,1/3焦煤,大连港,鹤岗市,,0.25,7.50,18.00,70.00,2470.00,0.00,平仓价,820,2022-11-25 00:00:00,1,0,2024-07-17 06:04:45,0,2024-07-17 06:04:45,,,
2022-11-24,1/3焦煤,大连港,俄罗斯,,0.75,8.50,33.00,80.00,1975.00,0.00,平仓价,821,2022-11-24 00:00:00,1,0,2024-07-17 06:04:45,0,2024-07-17 06:04:45,,,
2022-11-24,1/3焦煤,大连港,鹤岗市,,0.25,7.50,18.00,70.00,2470.00,0.00,平仓价,822,2022-11-24 00:00:00,1,0,2024-07-17 06:04:45,0,2024-07-17 06:04:45,,,
2022-11-23,1/3焦煤,大连港,俄罗斯,,0.75,8.50,33.00,80.00,1975.00,0.00,平仓价,823,2022-11-23 00:00:00,1,0,2024-07-17 06:04:45,0,2024-07-17 06:04:45,,,
2022-11-23,1/3焦煤,大连港,鹤岗市,,0.25,7.50,18.00,70.00,2470.00,0.00,平仓价,824,2022-11-23 00:00:00,1,0,2024-07-17 06:04:45,0,2024-07-17 06:04:45,,,
2022-11-22,1/3焦煤,大连港,俄罗斯,,0.75,8.50,33.00,80.00,1975.00,45.00,平仓价,825,2022-11-22 00:00:00,1,0,2024-07-17 06:04:45,0,2024-07-17 06:04:45,,,
2022-11-22,1/3焦煤,大连港,鹤岗市,,0.25,7.50,18.00,70.00,2470.00,0.00,平仓价,826,2022-11-22 00:00:00,1,0,2024-07-17 06:04:45,0,2024-07-17 06:04:45,,,
2022-11-21,1/3焦煤,大连港,俄罗斯,,0.75,8.50,33.00,80.00,1930.00,0.00,平仓价,827,2022-11-21 00:00:00,1,0,2024-07-17 06:04:45,0,2024-07-17 06:04:45,,,
2022-11-21,1/3焦煤,大连港,鹤岗市,,0.25,7.50,18.00,70.00,2470.00,0.00,平仓价,828,2022-11-21 00:00:00,1,0,2024-07-17 06:04:45,0,2024-07-17 06:04:45,,,
2022-11-18,1/3焦煤,大连港,俄罗斯,,0.75,8.50,33.00,80.00,1930.00,0.00,平仓价,829,2022-11-18 00:00:00,1,0,2024-07-17 06:04:45,0,2024-07-17 06:04:45,,,
2022-11-18,1/3焦煤,大连港,鹤岗市,,0.25,7.50,18.00,70.00,2470.00,0.00,平仓价,830,2022-11-18 00:00:00,1,0,2024-07-17 06:04:45,0,2024-07-17 06:04:45,,,
2022-11-17,1/3焦煤,大连港,俄罗斯,,0.75,8.50,33.00,80.00,1930.00,0.00,平仓价,831,2022-11-17 00:00:00,1,0,2024-07-17 06:04:45,0,2024-07-17 06:04:45,,,
2022-11-17,1/3焦煤,大连港,鹤岗市,,0.25,7.50,18.00,70.00,2470.00,0.00,平仓价,832,2022-11-17 00:00:00,1,0,2024-07-17 06:04:45,0,2024-07-17 06:04:45,,,
2022-11-16,1/3焦煤,大连港,俄罗斯,,0.75,8.50,33.00,80.00,1930.00,0.00,平仓价,833,2022-11-16 00:00:00,1,0,2024-07-17 06:04:45,0,2024-07-17 06:04:45,,,
2022-11-16,1/3焦煤,大连港,鹤岗市,,0.25,7.50,18.00,70.00,2470.00,0.00,平仓价,834,2022-11-16 00:00:00,1,0,2024-07-17 06:04:45,0,2024-07-17 06:04:45,,,
2022-11-15,1/3焦煤,大连港,俄罗斯,,0.75,8.50,33.00,80.00,1930.00,0.00,平仓价,835,2022-11-15 00:00:00,1,0,2024-07-17 06:04:45,0,2024-07-17 06:04:45,,,
2022-11-15,1/3焦煤,大连港,鹤岗市,,0.25,7.50,18.00,70.00,2470.00,0.00,平仓价,836,2022-11-15 00:00:00,1,0,2024-07-17 06:04:45,0,2024-07-17 06:04:45,,,
2022-11-14,1/3焦煤,大连港,俄罗斯,,0.75,8.50,33.00,80.00,1930.00,0.00,平仓价,837,2022-11-14 00:00:00,1,0,2024-07-17 06:04:45,0,2024-07-17 06:04:45,,,
2022-11-14,1/3焦煤,大连港,鹤岗市,,0.25,7.50,18.00,70.00,2470.00,0.00,平仓价,838,2022-11-14 00:00:00,1,0,2024-07-17 06:04:45,0,2024-07-17 06:04:45,,,
2022-11-11,1/3焦煤,大连港,俄罗斯,,0.75,8.50,33.00,80.00,1930.00,-20.00,平仓价,839,2022-11-11 00:00:00,1,0,2024-07-17 06:04:45,0,2024-07-17 06:04:45,,,
2022-11-11,1/3焦煤,大连港,鹤岗市,,0.25,7.50,18.00,70.00,2470.00,0.00,平仓价,840,2022-11-11 00:00:00,1,0,2024-07-17 06:04:45,0,2024-07-17 06:04:45,,,
2022-11-10,1/3焦煤,大连港,俄罗斯,,0.75,8.50,33.00,80.00,1950.00,0.00,平仓价,841,2022-11-10 00:00:00,1,0,2024-07-17 06:04:47,0,2024-07-17 06:04:47,,,
2022-11-10,1/3焦煤,大连港,鹤岗市,,0.25,7.50,18.00,70.00,2470.00,0.00,平仓价,842,2022-11-10 00:00:00,1,0,2024-07-17 06:04:47,0,2024-07-17 06:04:47,,,
2022-11-09,1/3焦煤,大连港,俄罗斯,,0.75,8.50,33.00,80.00,1950.00,-25.00,平仓价,843,2022-11-09 00:00:00,1,0,2024-07-17 06:04:47,0,2024-07-17 06:04:47,,,
2022-11-09,1/3焦煤,大连港,鹤岗市,,0.25,7.50,18.00,70.00,2470.00,0.00,平仓价,844,2022-11-09 00:00:00,1,0,2024-07-17 06:04:47,0,2024-07-17 06:04:47,,,
2022-11-08,1/3焦煤,大连港,俄罗斯,,0.75,8.50,33.00,80.00,1975.00,0.00,平仓价,845,2022-11-08 00:00:00,1,0,2024-07-17 06:04:47,0,2024-07-17 06:04:47,,,
2022-11-08,1/3焦煤,大连港,鹤岗市,,0.25,7.50,18.00,70.00,2470.00,0.00,平仓价,846,2022-11-08 00:00:00,1,0,2024-07-17 06:04:47,0,2024-07-17 06:04:47,,,
2022-11-07,1/3焦煤,大连港,俄罗斯,,0.75,8.50,33.00,80.00,1975.00,-45.00,平仓价,847,2022-11-07 00:00:00,1,0,2024-07-17 06:04:47,0,2024-07-17 06:04:47,,,
2022-11-07,1/3焦煤,大连港,鹤岗市,,0.25,7.50,18.00,70.00,2470.00,0.00,平仓价,848,2022-11-07 00:00:00,1,0,2024-07-17 06:04:47,0,2024-07-17 06:04:47,,,
2022-11-04,1/3焦煤,大连港,俄罗斯,,0.75,8.50,33.00,80.00,2020.00,0.00,平仓价,849,2022-11-04 00:00:00,1,0,2024-07-17 06:04:47,0,2024-07-17 06:04:47,,,
2022-11-04,1/3焦煤,大连港,鹤岗市,,0.25,7.50,18.00,70.00,2470.00,0.00,平仓价,850,2022-11-04 00:00:00,1,0,2024-07-17 06:04:47,0,2024-07-17 06:04:47,,,
2022-11-03,1/3焦煤,大连港,俄罗斯,,0.75,8.50,33.00,80.00,2020.00,0.00,平仓价,851,2022-11-03 00:00:00,1,0,2024-07-17 06:04:47,0,2024-07-17 06:04:47,,,
2022-11-03,1/3焦煤,大连港,鹤岗市,,0.25,7.50,18.00,70.00,2470.00,0.00,平仓价,852,2022-11-03 00:00:00,1,0,2024-07-17 06:04:47,0,2024-07-17 06:04:47,,,
2022-11-02,1/3焦煤,大连港,俄罗斯,,0.75,8.50,33.00,80.00,2020.00,0.00,平仓价,853,2022-11-02 00:00:00,1,0,2024-07-17 06:04:47,0,2024-07-17 06:04:47,,,
2022-11-02,1/3焦煤,大连港,鹤岗市,,0.25,7.50,18.00,70.00,2470.00,0.00,平仓价,854,2022-11-02 00:00:00,1,0,2024-07-17 06:04:47,0,2024-07-17 06:04:47,,,
2022-11-01,1/3焦煤,大连港,俄罗斯,,0.75,8.50,33.00,80.00,2020.00,0.00,平仓价,855,2022-11-01 00:00:00,1,0,2024-07-17 06:04:47,0,2024-07-17 06:04:47,,,
2022-11-01,1/3焦煤,大连港,鹤岗市,,0.25,7.50,18.00,70.00,2470.00,0.00,平仓价,856,2022-11-01 00:00:00,1,0,2024-07-17 06:04:47,0,2024-07-17 06:04:47,,,
2022-10-31,1/3焦煤,大连港,俄罗斯,,0.75,8.50,33.00,80.00,2020.00,0.00,平仓价,857,2022-10-31 00:00:00,1,0,2024-07-17 06:04:47,0,2024-07-17 06:04:47,,,
2022-10-31,1/3焦煤,大连港,鹤岗市,,0.25,7.50,18.00,70.00,2470.00,0.00,平仓价,858,2022-10-31 00:00:00,1,0,2024-07-17 06:04:47,0,2024-07-17 06:04:47,,,
2022-10-28,1/3焦煤,大连港,俄罗斯,,0.75,8.50,33.00,80.00,2020.00,-20.00,平仓价,859,2022-10-28 00:00:00,1,0,2024-07-17 06:04:47,0,2024-07-17 06:04:47,,,
2022-10-28,1/3焦煤,大连港,鹤岗市,,0.25,7.50,18.00,70.00,2470.00,0.00,平仓价,860,2022-10-28 00:00:00,1,0,2024-07-17 06:04:47,0,2024-07-17 06:04:47,,,
2022-10-27,1/3焦煤,大连港,俄罗斯,,0.75,8.50,33.00,80.00,2040.00,0.00,平仓价,861,2022-10-27 00:00:00,1,0,2024-07-17 06:04:47,0,2024-07-17 06:04:47,,,
2022-10-27,1/3焦煤,大连港,鹤岗市,,0.25,7.50,18.00,70.00,2470.00,0.00,平仓价,862,2022-10-27 00:00:00,1,0,2024-07-17 06:04:47,0,2024-07-17 06:04:47,,,
2022-10-26,1/3焦煤,大连港,俄罗斯,,0.75,8.50,33.00,80.00,2040.00,0.00,平仓价,863,2022-10-26 00:00:00,1,0,2024-07-17 06:04:47,0,2024-07-17 06:04:47,,,
2022-10-26,1/3焦煤,大连港,鹤岗市,,0.25,7.50,18.00,70.00,2470.00,0.00,平仓价,864,2022-10-26 00:00:00,1,0,2024-07-17 06:04:47,0,2024-07-17 06:04:47,,,
2022-10-25,1/3焦煤,大连港,俄罗斯,,0.75,8.50,33.00,80.00,2040.00,0.00,平仓价,865,2022-10-25 00:00:00,1,0,2024-07-17 06:04:47,0,2024-07-17 06:04:47,,,
2022-10-25,1/3焦煤,大连港,鹤岗市,,0.25,7.50,18.00,70.00,2470.00,0.00,平仓价,866,2022-10-25 00:00:00,1,0,2024-07-17 06:04:47,0,2024-07-17 06:04:47,,,
2022-10-24,1/3焦煤,大连港,俄罗斯,,0.75,8.50,33.00,80.00,2040.00,0.00,平仓价,867,2022-10-24 00:00:00,1,0,2024-07-17 06:04:47,0,2024-07-17 06:04:47,,,
2022-10-24,1/3焦煤,大连港,鹤岗市,,0.25,7.50,18.00,70.00,2470.00,0.00,平仓价,868,2022-10-24 00:00:00,1,0,2024-07-17 06:04:47,0,2024-07-17 06:04:47,,,
2022-10-21,1/3焦煤,大连港,俄罗斯,,0.75,8.50,33.00,80.00,2040.00,0.00,平仓价,869,2022-10-21 00:00:00,1,0,2024-07-17 06:04:47,0,2024-07-17 06:04:47,,,
2022-10-21,1/3焦煤,大连港,鹤岗市,,0.25,7.50,18.00,70.00,2470.00,0.00,平仓价,870,2022-10-21 00:00:00,1,0,2024-07-17 06:04:47,0,2024-07-17 06:04:47,,,
2022-10-20,1/3焦煤,大连港,俄罗斯,,0.75,8.50,33.00,80.00,2040.00,0.00,平仓价,871,2022-10-20 00:00:00,1,0,2024-07-17 06:04:51,0,2024-07-17 06:04:51,,,
2022-10-20,1/3焦煤,大连港,鹤岗市,,0.25,7.50,18.00,70.00,2470.00,0.00,平仓价,872,2022-10-20 00:00:00,1,0,2024-07-17 06:04:51,0,2024-07-17 06:04:51,,,
2022-10-19,1/3焦煤,大连港,俄罗斯,,0.75,8.50,33.00,80.00,2040.00,0.00,平仓价,873,2022-10-19 00:00:00,1,0,2024-07-17 06:04:51,0,2024-07-17 06:04:51,,,
2022-10-19,1/3焦煤,大连港,鹤岗市,,0.25,7.50,18.00,70.00,2470.00,0.00,平仓价,874,2022-10-19 00:00:00,1,0,2024-07-17 06:04:51,0,2024-07-17 06:04:51,,,
2022-10-18,1/3焦煤,大连港,俄罗斯,,0.75,8.50,33.00,80.00,2040.00,0.00,平仓价,875,2022-10-18 00:00:00,1,0,2024-07-17 06:04:51,0,2024-07-17 06:04:51,,,
2022-10-18,1/3焦煤,大连港,鹤岗市,,0.25,7.50,18.00,70.00,2470.00,0.00,平仓价,876,2022-10-18 00:00:00,1,0,2024-07-17 06:04:51,0,2024-07-17 06:04:51,,,
2022-10-17,1/3焦煤,大连港,俄罗斯,,0.75,8.50,33.00,80.00,2040.00,45.00,平仓价,877,2022-10-17 00:00:00,1,0,2024-07-17 06:04:51,0,2024-07-17 06:04:51,,,
2022-10-17,1/3焦煤,大连港,鹤岗市,,0.25,7.50,18.00,70.00,2470.00,0.00,平仓价,878,2022-10-17 00:00:00,1,0,2024-07-17 06:04:51,0,2024-07-17 06:04:51,,,
2022-10-14,1/3焦煤,大连港,俄罗斯,,0.75,8.50,33.00,80.00,1995.00,0.00,平仓价,879,2022-10-14 00:00:00,1,0,2024-07-17 06:04:51,0,2024-07-17 06:04:51,,,
2022-10-14,1/3焦煤,大连港,鹤岗市,,0.25,7.50,18.00,70.00,2470.00,0.00,平仓价,880,2022-10-14 00:00:00,1,0,2024-07-17 06:04:51,0,2024-07-17 06:04:51,,,
2022-10-13,1/3焦煤,大连港,俄罗斯,,0.75,8.50,33.00,80.00,1995.00,45.00,平仓价,881,2022-10-13 00:00:00,1,0,2024-07-17 06:04:51,0,2024-07-17 06:04:51,,,
2022-10-13,1/3焦煤,大连港,鹤岗市,,0.25,7.50,18.00,70.00,2470.00,0.00,平仓价,882,2022-10-13 00:00:00,1,0,2024-07-17 06:04:51,0,2024-07-17 06:04:51,,,
2022-10-12,1/3焦煤,大连港,俄罗斯,,0.75,8.50,33.00,80.00,1950.00,0.00,平仓价,883,2022-10-12 00:00:00,1,0,2024-07-17 06:04:51,0,2024-07-17 06:04:51,,,
2022-10-12,1/3焦煤,大连港,鹤岗市,,0.25,7.50,18.00,70.00,2470.00,0.00,平仓价,884,2022-10-12 00:00:00,1,0,2024-07-17 06:04:51,0,2024-07-17 06:04:51,,,
2022-10-11,1/3焦煤,大连港,俄罗斯,,0.75,8.50,33.00,80.00,1950.00,0.00,平仓价,885,2022-10-11 00:00:00,1,0,2024-07-17 06:04:51,0,2024-07-17 06:04:51,,,
2022-10-11,1/3焦煤,大连港,鹤岗市,,0.25,7.50,18.00,70.00,2470.00,0.00,平仓价,886,2022-10-11 00:00:00,1,0,2024-07-17 06:04:51,0,2024-07-17 06:04:51,,,
2022-10-10,1/3焦煤,大连港,俄罗斯,,0.75,8.50,33.00,80.00,1950.00,0.00,平仓价,887,2022-10-10 00:00:00,1,0,2024-07-17 06:04:51,0,2024-07-17 06:04:51,,,
2022-10-10,1/3焦煤,大连港,鹤岗市,,0.25,7.50,18.00,70.00,2470.00,0.00,平仓价,888,2022-10-10 00:00:00,1,0,2024-07-17 06:04:51,0,2024-07-17 06:04:51,,,
2022-10-09,1/3焦煤,大连港,俄罗斯,,0.75,8.50,33.00,80.00,1950.00,0.00,平仓价,889,2022-10-09 00:00:00,1,0,2024-07-17 06:04:51,0,2024-07-17 06:04:51,,,
2022-10-09,1/3焦煤,大连港,鹤岗市,,0.25,7.50,18.00,70.00,2470.00,0.00,平仓价,890,2022-10-09 00:00:00,1,0,2024-07-17 06:04:51,0,2024-07-17 06:04:51,,,
2022-10-08,1/3焦煤,大连港,俄罗斯,,0.75,8.50,33.00,80.00,1950.00,0.00,平仓价,891,2022-10-08 00:00:00,1,0,2024-07-17 06:04:51,0,2024-07-17 06:04:51,,,
2022-10-08,1/3焦煤,大连港,鹤岗市,,0.25,7.50,18.00,70.00,2470.00,0.00,平仓价,892,2022-10-08 00:00:00,1,0,2024-07-17 06:04:51,0,2024-07-17 06:04:51,,,
2022-09-30,1/3焦煤,大连港,俄罗斯,,0.75,8.50,33.00,80.00,1950.00,0.00,平仓价,893,2022-09-30 00:00:00,1,0,2024-07-17 06:04:51,0,2024-07-17 06:04:51,,,
2022-09-30,1/3焦煤,大连港,鹤岗市,,0.25,7.50,18.00,70.00,2470.00,100.00,平仓价,894,2022-09-30 00:00:00,1,0,2024-07-17 06:04:51,0,2024-07-17 06:04:51,,,
2022-09-29,1/3焦煤,大连港,俄罗斯,,0.75,8.50,33.00,80.00,1950.00,0.00,平仓价,895,2022-09-29 00:00:00,1,0,2024-07-17 06:04:51,0,2024-07-17 06:04:51,,,
2022-09-29,1/3焦煤,大连港,鹤岗市,,0.25,7.50,18.00,70.00,2370.00,0.00,平仓价,896,2022-09-29 00:00:00,1,0,2024-07-17 06:04:51,0,2024-07-17 06:04:51,,,
2022-09-28,1/3焦煤,大连港,俄罗斯,,0.75,8.50,33.00,80.00,1950.00,0.00,平仓价,897,2022-09-28 00:00:00,1,0,2024-07-17 06:04:51,0,2024-07-17 06:04:51,,,
2022-09-28,1/3焦煤,大连港,鹤岗市,,0.25,7.50,18.00,70.00,2370.00,50.00,平仓价,898,2022-09-28 00:00:00,1,0,2024-07-17 06:04:51,0,2024-07-17 06:04:51,,,
2022-09-27,1/3焦煤,大连港,俄罗斯,,0.75,8.50,33.00,80.00,1950.00,0.00,平仓价,899,2022-09-27 00:00:00,1,0,2024-07-17 06:04:51,0,2024-07-17 06:04:51,,,
2022-09-27,1/3焦煤,大连港,鹤岗市,,0.25,7.50,18.00,70.00,2320.00,0.00,平仓价,900,2022-09-27 00:00:00,1,0,2024-07-17 06:04:51,0,2024-07-17 06:04:51,,,
2022-09-26,1/3焦煤,大连港,俄罗斯,,0.75,8.50,33.00,80.00,1950.00,0.00,平仓价,901,2022-09-26 00:00:00,1,0,2024-07-17 06:04:53,0,2024-07-17 06:04:53,,,
2022-09-26,1/3焦煤,大连港,鹤岗市,,0.25,7.50,18.00,70.00,2320.00,0.00,平仓价,902,2022-09-26 00:00:00,1,0,2024-07-17 06:04:53,0,2024-07-17 06:04:53,,,
2022-09-23,1/3焦煤,大连港,俄罗斯,,0.75,8.50,33.00,80.00,1950.00,20.00,平仓价,903,2022-09-23 00:00:00,1,0,2024-07-17 06:04:53,0,2024-07-17 06:04:53,,,
2022-09-23,1/3焦煤,大连港,鹤岗市,,0.25,7.50,18.00,70.00,2320.00,0.00,平仓价,904,2022-09-23 00:00:00,1,0,2024-07-17 06:04:53,0,2024-07-17 06:04:53,,,
2022-09-22,1/3焦煤,大连港,俄罗斯,,0.75,8.50,33.00,80.00,1930.00,0.00,平仓价,905,2022-09-22 00:00:00,1,0,2024-07-17 06:04:53,0,2024-07-17 06:04:53,,,
2022-09-22,1/3焦煤,大连港,鹤岗市,,0.25,7.50,18.00,70.00,2320.00,0.00,平仓价,906,2022-09-22 00:00:00,1,0,2024-07-17 06:04:53,0,2024-07-17 06:04:53,,,
2022-09-21,1/3焦煤,大连港,俄罗斯,,0.75,8.50,33.00,80.00,1930.00,30.00,平仓价,907,2022-09-21 00:00:00,1,0,2024-07-17 06:04:53,0,2024-07-17 06:04:53,,,
2022-09-21,1/3焦煤,大连港,鹤岗市,,0.25,7.50,18.00,70.00,2320.00,0.00,平仓价,908,2022-09-21 00:00:00,1,0,2024-07-17 06:04:53,0,2024-07-17 06:04:53,,,
2022-09-20,1/3焦煤,大连港,俄罗斯,,0.75,8.50,33.00,80.00,1900.00,20.00,平仓价,909,2022-09-20 00:00:00,1,0,2024-07-17 06:04:53,0,2024-07-17 06:04:53,,,
2022-09-20,1/3焦煤,大连港,鹤岗市,,0.25,7.50,18.00,70.00,2320.00,0.00,平仓价,910,2022-09-20 00:00:00,1,0,2024-07-17 06:04:53,0,2024-07-17 06:04:53,,,
2022-09-19,1/3焦煤,大连港,俄罗斯,,0.75,8.50,33.00,80.00,1880.00,0.00,平仓价,911,2022-09-19 00:00:00,1,0,2024-07-17 06:04:53,0,2024-07-17 06:04:53,,,
2022-09-19,1/3焦煤,大连港,鹤岗市,,0.25,7.50,18.00,70.00,2320.00,0.00,平仓价,912,2022-09-19 00:00:00,1,0,2024-07-17 06:04:53,0,2024-07-17 06:04:53,,,
2022-09-16,1/3焦煤,大连港,俄罗斯,,0.75,8.50,33.00,80.00,1880.00,0.00,平仓价,913,2022-09-16 00:00:00,1,0,2024-07-17 06:04:53,0,2024-07-17 06:04:53,,,
2022-09-16,1/3焦煤,大连港,鹤岗市,,0.25,7.50,18.00,70.00,2320.00,0.00,平仓价,914,2022-09-16 00:00:00,1,0,2024-07-17 06:04:53,0,2024-07-17 06:04:53,,,
2022-09-15,1/3焦煤,大连港,俄罗斯,,0.75,8.50,33.00,80.00,1880.00,0.00,平仓价,915,2022-09-15 00:00:00,1,0,2024-07-17 06:04:53,0,2024-07-17 06:04:53,,,
2022-09-15,1/3焦煤,大连港,鹤岗市,,0.25,7.50,18.00,70.00,2320.00,0.00,平仓价,916,2022-09-15 00:00:00,1,0,2024-07-17 06:04:53,0,2024-07-17 06:04:53,,,
2022-09-14,1/3焦煤,大连港,俄罗斯,,0.75,8.50,33.00,80.00,1880.00,0.00,平仓价,917,2022-09-14 00:00:00,1,0,2024-07-17 06:04:53,0,2024-07-17 06:04:53,,,
2022-09-14,1/3焦煤,大连港,鹤岗市,,0.25,7.50,18.00,70.00,2320.00,0.00,平仓价,918,2022-09-14 00:00:00,1,0,2024-07-17 06:04:53,0,2024-07-17 06:04:53,,,
2022-09-13,1/3焦煤,大连港,俄罗斯,,0.75,8.50,33.00,80.00,1880.00,0.00,平仓价,919,2022-09-13 00:00:00,1,0,2024-07-17 06:04:53,0,2024-07-17 06:04:53,,,
2022-09-13,1/3焦煤,大连港,鹤岗市,,0.25,7.50,18.00,70.00,2320.00,0.00,平仓价,920,2022-09-13 00:00:00,1,0,2024-07-17 06:04:53,0,2024-07-17 06:04:53,,,
2022-09-09,1/3焦煤,大连港,俄罗斯,,0.75,8.50,33.00,80.00,1880.00,0.00,平仓价,921,2022-09-09 00:00:00,1,0,2024-07-17 06:04:53,0,2024-07-17 06:04:53,,,
2022-09-09,1/3焦煤,大连港,鹤岗市,,0.25,7.50,18.00,70.00,2320.00,0.00,平仓价,922,2022-09-09 00:00:00,1,0,2024-07-17 06:04:53,0,2024-07-17 06:04:53,,,
2022-09-08,1/3焦煤,大连港,俄罗斯,,0.75,8.50,33.00,80.00,1880.00,0.00,平仓价,923,2022-09-08 00:00:00,1,0,2024-07-17 06:04:53,0,2024-07-17 06:04:53,,,
2022-09-08,1/3焦煤,大连港,鹤岗市,,0.25,7.50,18.00,70.00,2320.00,0.00,平仓价,924,2022-09-08 00:00:00,1,0,2024-07-17 06:04:53,0,2024-07-17 06:04:53,,,
2022-09-07,1/3焦煤,大连港,俄罗斯,,0.75,8.50,33.00,80.00,1880.00,0.00,平仓价,925,2022-09-07 00:00:00,1,0,2024-07-17 06:04:53,0,2024-07-17 06:04:53,,,
2022-09-07,1/3焦煤,大连港,鹤岗市,,0.25,7.50,18.00,70.00,2320.00,0.00,平仓价,926,2022-09-07 00:00:00,1,0,2024-07-17 06:04:53,0,2024-07-17 06:04:53,,,
2022-09-06,1/3焦煤,大连港,俄罗斯,,0.75,8.50,33.00,80.00,1880.00,0.00,平仓价,927,2022-09-06 00:00:00,1,0,2024-07-17 06:04:53,0,2024-07-17 06:04:53,,,
2022-09-06,1/3焦煤,大连港,鹤岗市,,0.25,7.50,18.00,70.00,2320.00,0.00,平仓价,928,2022-09-06 00:00:00,1,0,2024-07-17 06:04:53,0,2024-07-17 06:04:53,,,
2022-09-05,1/3焦煤,大连港,俄罗斯,,0.75,8.50,33.00,80.00,1880.00,0.00,平仓价,929,2022-09-05 00:00:00,1,0,2024-07-17 06:04:53,0,2024-07-17 06:04:53,,,
2022-09-05,1/3焦煤,大连港,鹤岗市,,0.25,7.50,18.00,70.00,2320.00,0.00,平仓价,930,2022-09-05 00:00:00,1,0,2024-07-17 06:04:53,0,2024-07-17 06:04:53,,,
2022-09-02,1/3焦煤,大连港,俄罗斯,,0.75,8.50,33.00,80.00,1880.00,0.00,平仓价,931,2022-09-02 00:00:00,1,0,2024-07-17 06:04:57,0,2024-07-17 06:04:57,,,
2022-09-02,1/3焦煤,大连港,鹤岗市,,0.25,7.50,18.00,70.00,2320.00,0.00,平仓价,932,2022-09-02 00:00:00,1,0,2024-07-17 06:04:57,0,2024-07-17 06:04:57,,,
2022-09-01,1/3焦煤,大连港,俄罗斯,,0.75,8.50,33.00,80.00,1880.00,0.00,平仓价,933,2022-09-01 00:00:00,1,0,2024-07-17 06:04:57,0,2024-07-17 06:04:57,,,
2022-09-01,1/3焦煤,大连港,鹤岗市,,0.25,7.50,18.00,70.00,2320.00,0.00,平仓价,934,2022-09-01 00:00:00,1,0,2024-07-17 06:04:57,0,2024-07-17 06:04:57,,,
2022-08-31,1/3焦煤,大连港,俄罗斯,,0.75,8.50,33.00,80.00,1880.00,0.00,平仓价,935,2022-08-31 00:00:00,1,0,2024-07-17 06:04:57,0,2024-07-17 06:04:57,,,
2022-08-31,1/3焦煤,大连港,鹤岗市,,0.25,7.50,18.00,70.00,2320.00,0.00,平仓价,936,2022-08-31 00:00:00,1,0,2024-07-17 06:04:57,0,2024-07-17 06:04:57,,,
2022-08-30,1/3焦煤,大连港,俄罗斯,,0.75,8.50,33.00,80.00,1880.00,0.00,平仓价,937,2022-08-30 00:00:00,1,0,2024-07-17 06:04:57,0,2024-07-17 06:04:57,,,
2022-08-30,1/3焦煤,大连港,鹤岗市,,0.25,7.50,18.00,70.00,2320.00,0.00,平仓价,938,2022-08-30 00:00:00,1,0,2024-07-17 06:04:57,0,2024-07-17 06:04:57,,,
2022-08-29,1/3焦煤,大连港,俄罗斯,,0.75,8.50,33.00,80.00,1880.00,0.00,平仓价,939,2022-08-29 00:00:00,1,0,2024-07-17 06:04:57,0,2024-07-17 06:04:57,,,
2022-08-29,1/3焦煤,大连港,鹤岗市,,0.25,7.50,18.00,70.00,2320.00,0.00,平仓价,940,2022-08-29 00:00:00,1,0,2024-07-17 06:04:57,0,2024-07-17 06:04:57,,,
2022-08-26,1/3焦煤,大连港,俄罗斯,,0.75,8.50,33.00,80.00,1880.00,0.00,平仓价,941,2022-08-26 00:00:00,1,0,2024-07-17 06:04:57,0,2024-07-17 06:04:57,,,
2022-08-26,1/3焦煤,大连港,鹤岗市,,0.25,7.50,18.00,70.00,2320.00,0.00,平仓价,942,2022-08-26 00:00:00,1,0,2024-07-17 06:04:57,0,2024-07-17 06:04:57,,,
2022-08-25,1/3焦煤,大连港,俄罗斯,,0.75,8.50,33.00,80.00,1880.00,0.00,平仓价,943,2022-08-25 00:00:00,1,0,2024-07-17 06:04:57,0,2024-07-17 06:04:57,,,
2022-08-25,1/3焦煤,大连港,鹤岗市,,0.25,7.50,18.00,70.00,2320.00,0.00,平仓价,944,2022-08-25 00:00:00,1,0,2024-07-17 06:04:57,0,2024-07-17 06:04:57,,,
2022-08-24,1/3焦煤,大连港,俄罗斯,,0.75,8.50,33.00,80.00,1880.00,0.00,平仓价,945,2022-08-24 00:00:00,1,0,2024-07-17 06:04:57,0,2024-07-17 06:04:57,,,
2022-08-24,1/3焦煤,大连港,鹤岗市,,0.25,7.50,18.00,70.00,2320.00,0.00,平仓价,946,2022-08-24 00:00:00,1,0,2024-07-17 06:04:57,0,2024-07-17 06:04:57,,,
2022-08-23,1/3焦煤,大连港,俄罗斯,,0.75,8.50,33.00,80.00,1880.00,0.00,平仓价,947,2022-08-23 00:00:00,1,0,2024-07-17 06:04:57,0,2024-07-17 06:04:57,,,
2022-08-23,1/3焦煤,大连港,鹤岗市,,0.25,7.50,18.00,70.00,2320.00,0.00,平仓价,948,2022-08-23 00:00:00,1,0,2024-07-17 06:04:57,0,2024-07-17 06:04:57,,,
2022-08-22,1/3焦煤,大连港,俄罗斯,,0.75,8.50,33.00,80.00,1880.00,0.00,平仓价,949,2022-08-22 00:00:00,1,0,2024-07-17 06:04:57,0,2024-07-17 06:04:57,,,
2022-08-22,1/3焦煤,大连港,鹤岗市,,0.25,7.50,18.00,70.00,2320.00,0.00,平仓价,950,2022-08-22 00:00:00,1,0,2024-07-17 06:04:57,0,2024-07-17 06:04:57,,,
2022-08-19,1/3焦煤,大连港,俄罗斯,,0.75,8.50,33.00,80.00,1880.00,45.00,平仓价,951,2022-08-19 00:00:00,1,0,2024-07-17 06:04:57,0,2024-07-17 06:04:57,,,
2022-08-19,1/3焦煤,大连港,鹤岗市,,0.25,7.50,18.00,70.00,2320.00,0.00,平仓价,952,2022-08-19 00:00:00,1,0,2024-07-17 06:04:57,0,2024-07-17 06:04:57,,,
2022-08-18,1/3焦煤,大连港,俄罗斯,,0.75,8.50,33.00,80.00,1835.00,0.00,平仓价,953,2022-08-18 00:00:00,1,0,2024-07-17 06:04:57,0,2024-07-17 06:04:57,,,
2022-08-18,1/3焦煤,大连港,鹤岗市,,0.25,7.50,18.00,70.00,2320.00,0.00,平仓价,954,2022-08-18 00:00:00,1,0,2024-07-17 06:04:57,0,2024-07-17 06:04:57,,,
2022-08-17,1/3焦煤,大连港,俄罗斯,,0.75,8.50,33.00,80.00,1835.00,0.00,平仓价,955,2022-08-17 00:00:00,1,0,2024-07-17 06:04:57,0,2024-07-17 06:04:57,,,
2022-08-17,1/3焦煤,大连港,鹤岗市,,0.25,7.50,18.00,70.00,2320.00,0.00,平仓价,956,2022-08-17 00:00:00,1,0,2024-07-17 06:04:57,0,2024-07-17 06:04:57,,,
2022-08-16,1/3焦煤,大连港,俄罗斯,,0.75,8.50,33.00,80.00,1835.00,0.00,平仓价,957,2022-08-16 00:00:00,1,0,2024-07-17 06:04:57,0,2024-07-17 06:04:57,,,
2022-08-16,1/3焦煤,大连港,鹤岗市,,0.25,7.50,18.00,70.00,2320.00,0.00,平仓价,958,2022-08-16 00:00:00,1,0,2024-07-17 06:04:57,0,2024-07-17 06:04:57,,,
2022-08-15,1/3焦煤,大连港,俄罗斯,,0.75,8.50,33.00,80.00,1835.00,0.00,平仓价,959,2022-08-15 00:00:00,1,0,2024-07-17 06:04:57,0,2024-07-17 06:04:57,,,
2022-08-15,1/3焦煤,大连港,鹤岗市,,0.25,7.50,18.00,70.00,2320.00,0.00,平仓价,960,2022-08-15 00:00:00,1,0,2024-07-17 06:04:57,0,2024-07-17 06:04:57,,,
2022-08-12,1/3焦煤,大连港,俄罗斯,,0.75,8.50,33.00,80.00,1835.00,0.00,平仓价,961,2022-08-12 00:00:00,1,0,2024-07-17 06:05:00,0,2024-07-17 06:05:00,,,
2022-08-12,1/3焦煤,大连港,鹤岗市,,0.25,7.50,18.00,70.00,2320.00,0.00,平仓价,962,2022-08-12 00:00:00,1,0,2024-07-17 06:05:00,0,2024-07-17 06:05:00,,,
2022-08-11,1/3焦煤,大连港,俄罗斯,,0.75,8.50,33.00,80.00,1835.00,0.00,平仓价,963,2022-08-11 00:00:00,1,0,2024-07-17 06:05:00,0,2024-07-17 06:05:00,,,
2022-08-11,1/3焦煤,大连港,鹤岗市,,0.25,7.50,18.00,70.00,2320.00,0.00,平仓价,964,2022-08-11 00:00:00,1,0,2024-07-17 06:05:00,0,2024-07-17 06:05:00,,,
2022-08-10,1/3焦煤,大连港,俄罗斯,,0.75,8.50,33.00,80.00,1835.00,0.00,平仓价,965,2022-08-10 00:00:00,1,0,2024-07-17 06:05:00,0,2024-07-17 06:05:00,,,
2022-08-10,1/3焦煤,大连港,鹤岗市,,0.25,7.50,18.00,70.00,2320.00,0.00,平仓价,966,2022-08-10 00:00:00,1,0,2024-07-17 06:05:00,0,2024-07-17 06:05:00,,,
2022-08-09,1/3焦煤,大连港,俄罗斯,,0.75,8.50,33.00,80.00,1835.00,0.00,平仓价,967,2022-08-09 00:00:00,1,0,2024-07-17 06:05:00,0,2024-07-17 06:05:00,,,
2022-08-09,1/3焦煤,大连港,鹤岗市,,0.25,7.50,18.00,70.00,2320.00,0.00,平仓价,968,2022-08-09 00:00:00,1,0,2024-07-17 06:05:00,0,2024-07-17 06:05:00,,,
2022-08-08,1/3焦煤,大连港,俄罗斯,,0.75,8.50,33.00,80.00,1835.00,0.00,平仓价,969,2022-08-08 00:00:00,1,0,2024-07-17 06:05:00,0,2024-07-17 06:05:00,,,
2022-08-08,1/3焦煤,大连港,鹤岗市,,0.25,7.50,18.00,70.00,2320.00,0.00,平仓价,970,2022-08-08 00:00:00,1,0,2024-07-17 06:05:00,0,2024-07-17 06:05:00,,,
2022-08-05,1/3焦煤,大连港,俄罗斯,,0.75,8.50,33.00,80.00,1835.00,0.00,平仓价,971,2022-08-05 00:00:00,1,0,2024-07-17 06:05:00,0,2024-07-17 06:05:00,,,
2022-08-05,1/3焦煤,大连港,鹤岗市,,0.25,7.50,18.00,70.00,2320.00,0.00,平仓价,972,2022-08-05 00:00:00,1,0,2024-07-17 06:05:00,0,2024-07-17 06:05:00,,,
2022-08-04,1/3焦煤,大连港,俄罗斯,,0.75,8.50,33.00,80.00,1835.00,0.00,平仓价,973,2022-08-04 00:00:00,1,0,2024-07-17 06:05:00,0,2024-07-17 06:05:00,,,
2022-08-04,1/3焦煤,大连港,鹤岗市,,0.25,7.50,18.00,70.00,2320.00,0.00,平仓价,974,2022-08-04 00:00:00,1,0,2024-07-17 06:05:00,0,2024-07-17 06:05:00,,,
2022-08-03,1/3焦煤,大连港,俄罗斯,,0.75,8.50,33.00,80.00,1835.00,0.00,平仓价,975,2022-08-03 00:00:00,1,0,2024-07-17 06:05:00,0,2024-07-17 06:05:00,,,
2022-08-03,1/3焦煤,大连港,鹤岗市,,0.25,7.50,18.00,70.00,2320.00,0.00,平仓价,976,2022-08-03 00:00:00,1,0,2024-07-17 06:05:00,0,2024-07-17 06:05:00,,,
2022-08-02,1/3焦煤,大连港,俄罗斯,,0.75,8.50,33.00,80.00,1835.00,0.00,平仓价,977,2022-08-02 00:00:00,1,0,2024-07-17 06:05:00,0,2024-07-17 06:05:00,,,
2022-08-02,1/3焦煤,大连港,鹤岗市,,0.25,7.50,18.00,70.00,2320.00,-50.00,平仓价,978,2022-08-02 00:00:00,1,0,2024-07-17 06:05:00,0,2024-07-17 06:05:00,,,
2022-08-01,1/3焦煤,大连港,俄罗斯,,0.75,8.50,33.00,80.00,1835.00,-135.00,平仓价,979,2022-08-01 00:00:00,1,0,2024-07-17 06:05:00,0,2024-07-17 06:05:00,,,
2022-08-01,1/3焦煤,大连港,鹤岗市,,0.25,7.50,18.00,70.00,2370.00,0.00,平仓价,980,2022-08-01 00:00:00,1,0,2024-07-17 06:05:00,0,2024-07-17 06:05:00,,,
2022-07-29,1/3焦煤,大连港,俄罗斯,,0.75,8.50,33.00,80.00,1970.00,0.00,平仓价,981,2022-07-29 00:00:00,1,0,2024-07-17 06:05:00,0,2024-07-17 06:05:00,,,
2022-07-29,1/3焦煤,大连港,鹤岗市,,0.25,7.50,18.00,70.00,2370.00,0.00,平仓价,982,2022-07-29 00:00:00,1,0,2024-07-17 06:05:00,0,2024-07-17 06:05:00,,,
2022-07-28,1/3焦煤,大连港,俄罗斯,,0.75,8.50,33.00,80.00,1970.00,0.00,平仓价,983,2022-07-28 00:00:00,1,0,2024-07-17 06:05:00,0,2024-07-17 06:05:00,,,
2022-07-28,1/3焦煤,大连港,鹤岗市,,0.25,7.50,18.00,70.00,2370.00,0.00,平仓价,984,2022-07-28 00:00:00,1,0,2024-07-17 06:05:00,0,2024-07-17 06:05:00,,,
2022-07-27,1/3焦煤,大连港,俄罗斯,,0.75,8.50,33.00,80.00,1970.00,0.00,平仓价,985,2022-07-27 00:00:00,1,0,2024-07-17 06:05:00,0,2024-07-17 06:05:00,,,
2022-07-27,1/3焦煤,大连港,鹤岗市,,0.25,7.50,18.00,70.00,2370.00,0.00,平仓价,986,2022-07-27 00:00:00,1,0,2024-07-17 06:05:00,0,2024-07-17 06:05:00,,,
2022-07-26,1/3焦煤,大连港,俄罗斯,,0.75,8.50,33.00,80.00,1970.00,0.00,平仓价,987,2022-07-26 00:00:00,1,0,2024-07-17 06:05:00,0,2024-07-17 06:05:00,,,
2022-07-26,1/3焦煤,大连港,鹤岗市,,0.25,7.50,18.00,70.00,2370.00,0.00,平仓价,988,2022-07-26 00:00:00,1,0,2024-07-17 06:05:00,0,2024-07-17 06:05:00,,,
2022-07-25,1/3焦煤,大连港,俄罗斯,,0.75,8.50,33.00,80.00,1970.00,-320.00,平仓价,989,2022-07-25 00:00:00,1,0,2024-07-17 06:05:00,0,2024-07-17 06:05:00,,,
2022-07-25,1/3焦煤,大连港,鹤岗市,,0.25,7.50,18.00,70.00,2370.00,0.00,平仓价,990,2022-07-25 00:00:00,1,0,2024-07-17 06:05:00,0,2024-07-17 06:05:00,,,
2022-07-22,1/3焦煤,大连港,俄罗斯,,0.75,8.50,33.00,80.00,2290.00,0.00,平仓价,991,2022-07-22 00:00:00,1,0,2024-07-17 06:05:03,0,2024-07-17 06:05:03,,,
2022-07-22,1/3焦煤,大连港,鹤岗市,,0.25,7.50,18.00,70.00,2370.00,0.00,平仓价,992,2022-07-22 00:00:00,1,0,2024-07-17 06:05:03,0,2024-07-17 06:05:03,,,
2022-07-21,1/3焦煤,大连港,俄罗斯,,0.75,8.50,33.00,80.00,2290.00,0.00,平仓价,993,2022-07-21 00:00:00,1,0,2024-07-17 06:05:03,0,2024-07-17 06:05:03,,,
2022-07-21,1/3焦煤,大连港,鹤岗市,,0.25,7.50,18.00,70.00,2370.00,0.00,平仓价,994,2022-07-21 00:00:00,1,0,2024-07-17 06:05:03,0,2024-07-17 06:05:03,,,
2022-07-20,1/3焦煤,大连港,俄罗斯,,0.75,8.50,33.00,80.00,2290.00,0.00,平仓价,995,2022-07-20 00:00:00,1,0,2024-07-17 06:05:03,0,2024-07-17 06:05:03,,,
2022-07-20,1/3焦煤,大连港,鹤岗市,,0.25,7.50,18.00,70.00,2370.00,-100.00,平仓价,996,2022-07-20 00:00:00,1,0,2024-07-17 06:05:03,0,2024-07-17 06:05:03,,,
2022-07-19,1/3焦煤,大连港,俄罗斯,,0.75,8.50,33.00,80.00,2290.00,0.00,平仓价,997,2022-07-19 00:00:00,1,0,2024-07-17 06:05:03,0,2024-07-17 06:05:03,,,
2022-07-19,1/3焦煤,大连港,鹤岗市,,0.25,7.50,18.00,70.00,2470.00,0.00,平仓价,998,2022-07-19 00:00:00,1,0,2024-07-17 06:05:03,0,2024-07-17 06:05:03,,,
2022-07-18,1/3焦煤,大连港,俄罗斯,,0.75,8.50,33.00,80.00,2290.00,-90.00,平仓价,999,2022-07-18 00:00:00,1,0,2024-07-17 06:05:03,0,2024-07-17 06:05:03,,,
2022-07-18,1/3焦煤,大连港,鹤岗市,,0.25,7.50,18.00,70.00,2470.00,0.00,平仓价,1000,2022-07-18 00:00:00,1,0,2024-07-17 06:05:03,0,2024-07-17 06:05:03,,,
2022-07-15,1/3焦煤,大连港,俄罗斯,,0.75,8.50,33.00,80.00,2380.00,0.00,平仓价,1001,2022-07-15 00:00:00,1,0,2024-07-17 06:05:03,0,2024-07-17 06:05:03,,,
2022-07-15,1/3焦煤,大连港,鹤岗市,,0.25,7.50,18.00,70.00,2470.00,0.00,平仓价,1002,2022-07-15 00:00:00,1,0,2024-07-17 06:05:03,0,2024-07-17 06:05:03,,,
2022-07-14,1/3焦煤,大连港,俄罗斯,,0.75,8.50,33.00,80.00,2380.00,0.00,平仓价,1003,2022-07-14 00:00:00,1,0,2024-07-17 06:05:03,0,2024-07-17 06:05:03,,,
2022-07-14,1/3焦煤,大连港,鹤岗市,,0.25,7.50,18.00,70.00,2470.00,0.00,平仓价,1004,2022-07-14 00:00:00,1,0,2024-07-17 06:05:03,0,2024-07-17 06:05:03,,,
2022-07-13,1/3焦煤,大连港,俄罗斯,,0.75,8.50,33.00,80.00,2380.00,0.00,平仓价,1005,2022-07-13 00:00:00,1,0,2024-07-17 06:05:03,0,2024-07-17 06:05:03,,,
2022-07-13,1/3焦煤,大连港,鹤岗市,,0.25,7.50,18.00,70.00,2470.00,0.00,平仓价,1006,2022-07-13 00:00:00,1,0,2024-07-17 06:05:03,0,2024-07-17 06:05:03,,,
2022-07-12,1/3焦煤,大连港,俄罗斯,,0.75,8.50,33.00,80.00,2380.00,0.00,平仓价,1007,2022-07-12 00:00:00,1,0,2024-07-17 06:05:03,0,2024-07-17 06:05:03,,,
2022-07-12,1/3焦煤,大连港,鹤岗市,,0.25,7.50,18.00,70.00,2470.00,0.00,平仓价,1008,2022-07-12 00:00:00,1,0,2024-07-17 06:05:03,0,2024-07-17 06:05:03,,,
2022-07-11,1/3焦煤,大连港,俄罗斯,,0.75,8.50,33.00,80.00,2380.00,0.00,平仓价,1009,2022-07-11 00:00:00,1,0,2024-07-17 06:05:03,0,2024-07-17 06:05:03,,,
2022-07-11,1/3焦煤,大连港,鹤岗市,,0.25,7.50,18.00,70.00,2470.00,0.00,平仓价,1010,2022-07-11 00:00:00,1,0,2024-07-17 06:05:03,0,2024-07-17 06:05:03,,,
2022-07-08,1/3焦煤,大连港,俄罗斯,,0.75,8.50,33.00,80.00,2380.00,0.00,平仓价,1011,2022-07-08 00:00:00,1,0,2024-07-17 06:05:03,0,2024-07-17 06:05:03,,,
2022-07-08,1/3焦煤,大连港,鹤岗市,,0.25,7.50,18.00,70.00,2470.00,0.00,平仓价,1012,2022-07-08 00:00:00,1,0,2024-07-17 06:05:03,0,2024-07-17 06:05:03,,,
2022-07-07,1/3焦煤,大连港,俄罗斯,,0.75,8.50,33.00,80.00,2380.00,0.00,平仓价,1013,2022-07-07 00:00:00,1,0,2024-07-17 06:05:03,0,2024-07-17 06:05:03,,,
2022-07-07,1/3焦煤,大连港,鹤岗市,,0.25,7.50,18.00,70.00,2470.00,0.00,平仓价,1014,2022-07-07 00:00:00,1,0,2024-07-17 06:05:03,0,2024-07-17 06:05:03,,,
2022-07-06,1/3焦煤,大连港,俄罗斯,,0.75,8.50,33.00,80.00,2380.00,0.00,平仓价,1015,2022-07-06 00:00:00,1,0,2024-07-17 06:05:03,0,2024-07-17 06:05:03,,,
2022-07-06,1/3焦煤,大连港,鹤岗市,,0.25,7.50,18.00,70.00,2470.00,0.00,平仓价,1016,2022-07-06 00:00:00,1,0,2024-07-17 06:05:03,0,2024-07-17 06:05:03,,,
2022-07-05,1/3焦煤,大连港,俄罗斯,,0.75,8.50,33.00,80.00,2380.00,0.00,平仓价,1017,2022-07-05 00:00:00,1,0,2024-07-17 06:05:03,0,2024-07-17 06:05:03,,,
2022-07-05,1/3焦煤,大连港,鹤岗市,,0.25,7.50,18.00,70.00,2470.00,0.00,平仓价,1018,2022-07-05 00:00:00,1,0,2024-07-17 06:05:03,0,2024-07-17 06:05:03,,,
2022-07-04,1/3焦煤,大连港,俄罗斯,,0.75,8.50,33.00,80.00,2380.00,0.00,平仓价,1019,2022-07-04 00:00:00,1,0,2024-07-17 06:05:03,0,2024-07-17 06:05:03,,,
2022-07-04,1/3焦煤,大连港,鹤岗市,,0.25,7.50,18.00,70.00,2470.00,0.00,平仓价,1020,2022-07-04 00:00:00,1,0,2024-07-17 06:05:03,0,2024-07-17 06:05:03,,,
2022-07-01,1/3焦煤,大连港,俄罗斯,,0.75,8.50,33.00,80.00,2380.00,0.00,平仓价,1021,2022-07-01 00:00:00,1,0,2024-07-17 06:05:06,0,2024-07-17 06:05:06,,,
2022-07-01,1/3焦煤,大连港,鹤岗市,,0.25,7.50,18.00,70.00,2470.00,0.00,平仓价,1022,2022-07-01 00:00:00,1,0,2024-07-17 06:05:06,0,2024-07-17 06:05:06,,,
2022-06-30,1/3焦煤,大连港,俄罗斯,,0.75,8.50,33.00,80.00,2380.00,0.00,平仓价,1023,2022-06-30 00:00:00,1,0,2024-07-17 06:05:06,0,2024-07-17 06:05:06,,,
2022-06-30,1/3焦煤,大连港,鹤岗市,,0.25,7.50,18.00,70.00,2470.00,0.00,平仓价,1024,2022-06-30 00:00:00,1,0,2024-07-17 06:05:06,0,2024-07-17 06:05:06,,,
2022-06-29,1/3焦煤,大连港,俄罗斯,,0.75,8.50,33.00,80.00,2380.00,0.00,平仓价,1025,2022-06-29 00:00:00,1,0,2024-07-17 06:05:06,0,2024-07-17 06:05:06,,,
2022-06-29,1/3焦煤,大连港,鹤岗市,,0.25,7.50,18.00,70.00,2470.00,0.00,平仓价,1026,2022-06-29 00:00:00,1,0,2024-07-17 06:05:06,0,2024-07-17 06:05:06,,,
2022-06-28,1/3焦煤,大连港,俄罗斯,,0.75,8.50,33.00,80.00,2380.00,0.00,平仓价,1027,2022-06-28 00:00:00,1,0,2024-07-17 06:05:06,0,2024-07-17 06:05:06,,,
2022-06-28,1/3焦煤,大连港,鹤岗市,,0.25,7.50,18.00,70.00,2470.00,-50.00,平仓价,1028,2022-06-28 00:00:00,1,0,2024-07-17 06:05:06,0,2024-07-17 06:05:06,,,
2022-06-27,1/3焦煤,大连港,俄罗斯,,0.75,8.50,33.00,80.00,2380.00,0.00,平仓价,1029,2022-06-27 00:00:00,1,0,2024-07-17 06:05:06,0,2024-07-17 06:05:06,,,
2022-06-27,1/3焦煤,大连港,鹤岗市,,0.25,7.50,18.00,70.00,2520.00,0.00,平仓价,1030,2022-06-27 00:00:00,1,0,2024-07-17 06:05:06,0,2024-07-17 06:05:06,,,
2022-06-24,1/3焦煤,大连港,俄罗斯,,0.75,8.50,33.00,80.00,2380.00,-180.00,平仓价,1031,2022-06-24 00:00:00,1,0,2024-07-17 06:05:06,0,2024-07-17 06:05:06,,,
2022-06-24,1/3焦煤,大连港,鹤岗市,,0.25,7.50,18.00,70.00,2520.00,0.00,平仓价,1032,2022-06-24 00:00:00,1,0,2024-07-17 06:05:06,0,2024-07-17 06:05:06,,,
2022-06-23,1/3焦煤,大连港,俄罗斯,,0.75,8.50,33.00,80.00,2560.00,0.00,平仓价,1033,2022-06-23 00:00:00,1,0,2024-07-17 06:05:06,0,2024-07-17 06:05:06,,,
2022-06-23,1/3焦煤,大连港,鹤岗市,,0.25,7.50,18.00,70.00,2520.00,0.00,平仓价,1034,2022-06-23 00:00:00,1,0,2024-07-17 06:05:06,0,2024-07-17 06:05:06,,,
2022-06-22,1/3焦煤,大连港,俄罗斯,,0.75,8.50,33.00,80.00,2560.00,0.00,平仓价,1035,2022-06-22 00:00:00,1,0,2024-07-17 06:05:06,0,2024-07-17 06:05:06,,,
2022-06-22,1/3焦煤,大连港,鹤岗市,,0.25,7.50,18.00,70.00,2520.00,0.00,平仓价,1036,2022-06-22 00:00:00,1,0,2024-07-17 06:05:06,0,2024-07-17 06:05:06,,,
2022-06-21,1/3焦煤,大连港,俄罗斯,,0.75,8.50,33.00,80.00,2560.00,0.00,平仓价,1037,2022-06-21 00:00:00,1,0,2024-07-17 06:05:06,0,2024-07-17 06:05:06,,,
2022-06-21,1/3焦煤,大连港,鹤岗市,,0.25,7.50,18.00,70.00,2520.00,0.00,平仓价,1038,2022-06-21 00:00:00,1,0,2024-07-17 06:05:06,0,2024-07-17 06:05:06,,,
2022-06-20,1/3焦煤,大连港,俄罗斯,,0.75,8.50,33.00,80.00,2560.00,0.00,平仓价,1039,2022-06-20 00:00:00,1,0,2024-07-17 06:05:06,0,2024-07-17 06:05:06,,,
2022-06-20,1/3焦煤,大连港,鹤岗市,,0.25,7.50,18.00,70.00,2520.00,0.00,平仓价,1040,2022-06-20 00:00:00,1,0,2024-07-17 06:05:06,0,2024-07-17 06:05:06,,,
2022-06-17,1/3焦煤,大连港,俄罗斯,,0.75,8.50,33.00,80.00,2560.00,0.00,平仓价,1041,2022-06-17 00:00:00,1,0,2024-07-17 06:05:06,0,2024-07-17 06:05:06,,,
2022-06-17,1/3焦煤,大连港,鹤岗市,,0.25,7.50,18.00,70.00,2520.00,0.00,平仓价,1042,2022-06-17 00:00:00,1,0,2024-07-17 06:05:06,0,2024-07-17 06:05:06,,,
2022-06-16,1/3焦煤,大连港,俄罗斯,,0.75,8.50,33.00,80.00,2560.00,0.00,平仓价,1043,2022-06-16 00:00:00,1,0,2024-07-17 06:05:06,0,2024-07-17 06:05:06,,,
2022-06-16,1/3焦煤,大连港,鹤岗市,,0.25,7.50,18.00,70.00,2520.00,0.00,平仓价,1044,2022-06-16 00:00:00,1,0,2024-07-17 06:05:06,0,2024-07-17 06:05:06,,,
2022-06-15,1/3焦煤,大连港,俄罗斯,,0.75,8.50,33.00,80.00,2560.00,0.00,平仓价,1045,2022-06-15 00:00:00,1,0,2024-07-17 06:05:06,0,2024-07-17 06:05:06,,,
2022-06-15,1/3焦煤,大连港,鹤岗市,,0.25,7.50,18.00,70.00,2520.00,0.00,平仓价,1046,2022-06-15 00:00:00,1,0,2024-07-17 06:05:06,0,2024-07-17 06:05:06,,,
2022-06-14,1/3焦煤,大连港,俄罗斯,,0.75,8.50,33.00,80.00,2560.00,0.00,平仓价,1047,2022-06-14 00:00:00,1,0,2024-07-17 06:05:06,0,2024-07-17 06:05:06,,,
2022-06-14,1/3焦煤,大连港,鹤岗市,,0.25,7.50,18.00,70.00,2520.00,0.00,平仓价,1048,2022-06-14 00:00:00,1,0,2024-07-17 06:05:06,0,2024-07-17 06:05:06,,,
2022-06-13,1/3焦煤,大连港,俄罗斯,,0.75,8.50,33.00,80.00,2560.00,0.00,平仓价,1049,2022-06-13 00:00:00,1,0,2024-07-17 06:05:06,0,2024-07-17 06:05:06,,,
2022-06-13,1/3焦煤,大连港,鹤岗市,,0.25,7.50,18.00,70.00,2520.00,0.00,平仓价,1050,2022-06-13 00:00:00,1,0,2024-07-17 06:05:06,0,2024-07-17 06:05:06,,,
2022-06-10,1/3焦煤,大连港,俄罗斯,,0.75,8.50,33.00,80.00,2560.00,90.00,平仓价,1051,2022-06-10 00:00:00,1,0,2024-07-17 06:05:09,0,2024-07-17 06:05:09,,,
2022-06-10,1/3焦煤,大连港,鹤岗市,,0.25,7.50,18.00,70.00,2520.00,0.00,平仓价,1052,2022-06-10 00:00:00,1,0,2024-07-17 06:05:09,0,2024-07-17 06:05:09,,,
2022-06-09,1/3焦煤,大连港,俄罗斯,,0.75,8.50,33.00,80.00,2470.00,0.00,平仓价,1053,2022-06-09 00:00:00,1,0,2024-07-17 06:05:09,0,2024-07-17 06:05:09,,,
2022-06-09,1/3焦煤,大连港,鹤岗市,,0.25,7.50,18.00,70.00,2520.00,0.00,平仓价,1054,2022-06-09 00:00:00,1,0,2024-07-17 06:05:09,0,2024-07-17 06:05:09,,,
2022-06-08,1/3焦煤,大连港,俄罗斯,,0.75,8.50,33.00,80.00,2470.00,0.00,平仓价,1055,2022-06-08 00:00:00,1,0,2024-07-17 06:05:09,0,2024-07-17 06:05:09,,,
2022-06-08,1/3焦煤,大连港,鹤岗市,,0.25,7.50,18.00,70.00,2520.00,100.00,平仓价,1056,2022-06-08 00:00:00,1,0,2024-07-17 06:05:09,0,2024-07-17 06:05:09,,,
2022-06-07,1/3焦煤,大连港,俄罗斯,,0.75,8.50,33.00,80.00,2470.00,0.00,平仓价,1057,2022-06-07 00:00:00,1,0,2024-07-17 06:05:09,0,2024-07-17 06:05:09,,,
2022-06-07,1/3焦煤,大连港,鹤岗市,,0.25,7.50,18.00,70.00,2420.00,0.00,平仓价,1058,2022-06-07 00:00:00,1,0,2024-07-17 06:05:09,0,2024-07-17 06:05:09,,,
2022-06-06,1/3焦煤,大连港,俄罗斯,,0.75,8.50,33.00,80.00,2470.00,0.00,平仓价,1059,2022-06-06 00:00:00,1,0,2024-07-17 06:05:09,0,2024-07-17 06:05:09,,,
2022-06-06,1/3焦煤,大连港,鹤岗市,,0.25,7.50,18.00,70.00,2420.00,0.00,平仓价,1060,2022-06-06 00:00:00,1,0,2024-07-17 06:05:09,0,2024-07-17 06:05:09,,,
2022-06-02,1/3焦煤,大连港,俄罗斯,,0.75,8.50,33.00,80.00,2470.00,0.00,平仓价,1061,2022-06-02 00:00:00,1,0,2024-07-17 06:05:09,0,2024-07-17 06:05:09,,,
2022-06-02,1/3焦煤,大连港,鹤岗市,,0.25,7.50,18.00,70.00,2420.00,0.00,平仓价,1062,2022-06-02 00:00:00,1,0,2024-07-17 06:05:09,0,2024-07-17 06:05:09,,,
2022-06-01,1/3焦煤,大连港,俄罗斯,,0.75,8.50,33.00,80.00,2470.00,0.00,平仓价,1063,2022-06-01 00:00:00,1,0,2024-07-17 06:05:09,0,2024-07-17 06:05:09,,,
2022-06-01,1/3焦煤,大连港,鹤岗市,,0.25,7.50,18.00,70.00,2420.00,0.00,平仓价,1064,2022-06-01 00:00:00,1,0,2024-07-17 06:05:09,0,2024-07-17 06:05:09,,,
2022-05-31,1/3焦煤,大连港,俄罗斯,,0.75,8.50,33.00,80.00,2470.00,0.00,平仓价,1065,2022-05-31 00:00:00,1,0,2024-07-17 06:05:09,0,2024-07-17 06:05:09,,,
2022-05-31,1/3焦煤,大连港,鹤岗市,,0.25,7.50,18.00,70.00,2420.00,0.00,平仓价,1066,2022-05-31 00:00:00,1,0,2024-07-17 06:05:09,0,2024-07-17 06:05:09,,,
2022-05-30,1/3焦煤,大连港,俄罗斯,,0.75,8.50,33.00,80.00,2470.00,-90.00,平仓价,1067,2022-05-30 00:00:00,1,0,2024-07-17 06:05:09,0,2024-07-17 06:05:09,,,
2022-05-30,1/3焦煤,大连港,鹤岗市,,0.25,7.50,18.00,70.00,2420.00,0.00,平仓价,1068,2022-05-30 00:00:00,1,0,2024-07-17 06:05:09,0,2024-07-17 06:05:09,,,
2022-05-27,1/3焦煤,大连港,俄罗斯,,0.75,8.50,33.00,80.00,2560.00,-185.00,平仓价,1069,2022-05-27 00:00:00,1,0,2024-07-17 06:05:09,0,2024-07-17 06:05:09,,,
2022-05-27,1/3焦煤,大连港,鹤岗市,,0.25,7.50,18.00,70.00,2420.00,0.00,平仓价,1070,2022-05-27 00:00:00,1,0,2024-07-17 06:05:09,0,2024-07-17 06:05:09,,,
2022-05-26,1/3焦煤,大连港,俄罗斯,,0.75,8.50,33.00,80.00,2745.00,0.00,平仓价,1071,2022-05-26 00:00:00,1,0,2024-07-17 06:05:09,0,2024-07-17 06:05:09,,,
2022-05-26,1/3焦煤,大连港,鹤岗市,,0.25,7.50,18.00,70.00,2420.00,0.00,平仓价,1072,2022-05-26 00:00:00,1,0,2024-07-17 06:05:09,0,2024-07-17 06:05:09,,,
2022-05-25,1/3焦煤,大连港,俄罗斯,,0.75,8.50,33.00,80.00,2745.00,0.00,平仓价,1073,2022-05-25 00:00:00,1,0,2024-07-17 06:05:09,0,2024-07-17 06:05:09,,,
2022-05-25,1/3焦煤,大连港,鹤岗市,,0.25,7.50,18.00,70.00,2420.00,0.00,平仓价,1074,2022-05-25 00:00:00,1,0,2024-07-17 06:05:09,0,2024-07-17 06:05:09,,,
2022-05-24,1/3焦煤,大连港,俄罗斯,,0.75,8.50,33.00,80.00,2745.00,0.00,平仓价,1075,2022-05-24 00:00:00,1,0,2024-07-17 06:05:09,0,2024-07-17 06:05:09,,,
2022-05-24,1/3焦煤,大连港,鹤岗市,,0.25,7.50,18.00,70.00,2420.00,0.00,平仓价,1076,2022-05-24 00:00:00,1,0,2024-07-17 06:05:09,0,2024-07-17 06:05:09,,,
2022-05-23,1/3焦煤,大连港,俄罗斯,,0.75,8.50,33.00,80.00,2745.00,0.00,平仓价,1077,2022-05-23 00:00:00,1,0,2024-07-17 06:05:09,0,2024-07-17 06:05:09,,,
2022-05-23,1/3焦煤,大连港,鹤岗市,,0.25,7.50,18.00,70.00,2420.00,0.00,平仓价,1078,2022-05-23 00:00:00,1,0,2024-07-17 06:05:09,0,2024-07-17 06:05:09,,,
2022-05-20,1/3焦煤,大连港,俄罗斯,,0.75,8.50,33.00,80.00,2745.00,0.00,平仓价,1079,2022-05-20 00:00:00,1,0,2024-07-17 06:05:09,0,2024-07-17 06:05:09,,,
2022-05-20,1/3焦煤,大连港,鹤岗市,,0.25,7.50,18.00,70.00,2420.00,0.00,平仓价,1080,2022-05-20 00:00:00,1,0,2024-07-17 06:05:09,0,2024-07-17 06:05:09,,,
2022-05-19,1/3焦煤,大连港,俄罗斯,,0.75,8.50,33.00,80.00,2745.00,0.00,平仓价,1081,2022-05-19 00:00:00,1,0,2024-07-17 06:05:11,0,2024-07-17 06:05:11,,,
2022-05-19,1/3焦煤,大连港,鹤岗市,,0.25,7.50,18.00,70.00,2420.00,0.00,平仓价,1082,2022-05-19 00:00:00,1,0,2024-07-17 06:05:11,0,2024-07-17 06:05:11,,,
2022-05-18,1/3焦煤,大连港,俄罗斯,,0.75,8.50,33.00,80.00,2745.00,45.00,平仓价,1083,2022-05-18 00:00:00,1,0,2024-07-17 06:05:11,0,2024-07-17 06:05:11,,,
2022-05-18,1/3焦煤,大连港,鹤岗市,,0.25,7.50,18.00,70.00,2420.00,0.00,平仓价,1084,2022-05-18 00:00:00,1,0,2024-07-17 06:05:11,0,2024-07-17 06:05:11,,,
2022-05-17,1/3焦煤,大连港,俄罗斯,,0.75,8.50,33.00,80.00,2700.00,0.00,平仓价,1085,2022-05-17 00:00:00,1,0,2024-07-17 06:05:11,0,2024-07-17 06:05:11,,,
2022-05-17,1/3焦煤,大连港,鹤岗市,,0.25,7.50,18.00,70.00,2420.00,0.00,平仓价,1086,2022-05-17 00:00:00,1,0,2024-07-17 06:05:11,0,2024-07-17 06:05:11,,,
2022-05-16,1/3焦煤,大连港,俄罗斯,,0.75,8.50,33.00,80.00,2700.00,-90.00,平仓价,1087,2022-05-16 00:00:00,1,0,2024-07-17 06:05:11,0,2024-07-17 06:05:11,,,
2022-05-16,1/3焦煤,大连港,鹤岗市,,0.25,7.50,18.00,70.00,2420.00,0.00,平仓价,1088,2022-05-16 00:00:00,1,0,2024-07-17 06:05:11,0,2024-07-17 06:05:11,,,
2022-05-13,1/3焦煤,大连港,俄罗斯,,0.75,8.50,33.00,80.00,2790.00,0.00,平仓价,1089,2022-05-13 00:00:00,1,0,2024-07-17 06:05:11,0,2024-07-17 06:05:11,,,
2022-05-13,1/3焦煤,大连港,鹤岗市,,0.25,7.50,18.00,70.00,2420.00,0.00,平仓价,1090,2022-05-13 00:00:00,1,0,2024-07-17 06:05:11,0,2024-07-17 06:05:11,,,
2022-05-12,1/3焦煤,大连港,俄罗斯,,0.75,8.50,33.00,80.00,2790.00,-45.00,平仓价,1091,2022-05-12 00:00:00,1,0,2024-07-17 06:05:11,0,2024-07-17 06:05:11,,,
2022-05-12,1/3焦煤,大连港,鹤岗市,,0.25,7.50,18.00,70.00,2420.00,0.00,平仓价,1092,2022-05-12 00:00:00,1,0,2024-07-17 06:05:11,0,2024-07-17 06:05:11,,,
2022-05-11,1/3焦煤,大连港,俄罗斯,,0.75,8.50,33.00,80.00,2835.00,0.00,平仓价,1093,2022-05-11 00:00:00,1,0,2024-07-17 06:05:11,0,2024-07-17 06:05:11,,,
2022-05-11,1/3焦煤,大连港,鹤岗市,,0.25,7.50,18.00,70.00,2420.00,0.00,平仓价,1094,2022-05-11 00:00:00,1,0,2024-07-17 06:05:11,0,2024-07-17 06:05:11,,,
2022-05-10,1/3焦煤,大连港,俄罗斯,,0.75,8.50,33.00,80.00,2835.00,0.00,平仓价,1095,2022-05-10 00:00:00,1,0,2024-07-17 06:05:11,0,2024-07-17 06:05:11,,,
2022-05-10,1/3焦煤,大连港,鹤岗市,,0.25,7.50,18.00,70.00,2420.00,0.00,平仓价,1096,2022-05-10 00:00:00,1,0,2024-07-17 06:05:11,0,2024-07-17 06:05:11,,,
2022-05-09,1/3焦煤,大连港,俄罗斯,,0.75,8.50,33.00,80.00,2835.00,0.00,平仓价,1097,2022-05-09 00:00:00,1,0,2024-07-17 06:05:11,0,2024-07-17 06:05:11,,,
2022-05-09,1/3焦煤,大连港,鹤岗市,,0.25,7.50,18.00,70.00,2420.00,0.00,平仓价,1098,2022-05-09 00:00:00,1,0,2024-07-17 06:05:11,0,2024-07-17 06:05:11,,,
2022-05-07,1/3焦煤,大连港,俄罗斯,,0.75,8.50,33.00,80.00,2835.00,0.00,平仓价,1099,2022-05-07 00:00:00,1,0,2024-07-17 06:05:11,0,2024-07-17 06:05:11,,,
2022-05-07,1/3焦煤,大连港,鹤岗市,,0.25,7.50,18.00,70.00,2420.00,0.00,平仓价,1100,2022-05-07 00:00:00,1,0,2024-07-17 06:05:11,0,2024-07-17 06:05:11,,,
2022-05-06,1/3焦煤,大连港,俄罗斯,,0.75,8.50,33.00,80.00,2835.00,0.00,平仓价,1101,2022-05-06 00:00:00,1,0,2024-07-17 06:05:11,0,2024-07-17 06:05:11,,,
2022-05-06,1/3焦煤,大连港,鹤岗市,,0.25,7.50,18.00,70.00,2420.00,-50.00,平仓价,1102,2022-05-06 00:00:00,1,0,2024-07-17 06:05:11,0,2024-07-17 06:05:11,,,
2022-05-05,1/3焦煤,大连港,俄罗斯,,0.75,8.50,33.00,80.00,2835.00,-45.00,平仓价,1103,2022-05-05 00:00:00,1,0,2024-07-17 06:05:11,0,2024-07-17 06:05:11,,,
2022-05-05,1/3焦煤,大连港,鹤岗市,,0.25,7.50,18.00,70.00,2470.00,0.00,平仓价,1104,2022-05-05 00:00:00,1,0,2024-07-17 06:05:11,0,2024-07-17 06:05:11,,,
2022-04-29,1/3焦煤,大连港,俄罗斯,,0.75,8.50,33.00,80.00,2880.00,0.00,平仓价,1105,2022-04-29 00:00:00,1,0,2024-07-17 06:05:11,0,2024-07-17 06:05:11,,,
2022-04-29,1/3焦煤,大连港,鹤岗市,,0.25,7.50,18.00,70.00,2470.00,0.00,平仓价,1106,2022-04-29 00:00:00,1,0,2024-07-17 06:05:11,0,2024-07-17 06:05:11,,,
2022-04-28,1/3焦煤,大连港,俄罗斯,,0.75,8.50,33.00,80.00,2880.00,0.00,平仓价,1107,2022-04-28 00:00:00,1,0,2024-07-17 06:05:11,0,2024-07-17 06:05:11,,,
2022-04-28,1/3焦煤,大连港,鹤岗市,,0.25,7.50,18.00,70.00,2470.00,0.00,平仓价,1108,2022-04-28 00:00:00,1,0,2024-07-17 06:05:11,0,2024-07-17 06:05:11,,,
2022-04-27,1/3焦煤,大连港,俄罗斯,,0.75,8.50,33.00,80.00,2880.00,0.00,平仓价,1109,2022-04-27 00:00:00,1,0,2024-07-17 06:05:11,0,2024-07-17 06:05:11,,,
2022-04-27,1/3焦煤,大连港,鹤岗市,,0.25,7.50,18.00,70.00,2470.00,0.00,平仓价,1110,2022-04-27 00:00:00,1,0,2024-07-17 06:05:11,0,2024-07-17 06:05:11,,,
2022-04-26,1/3焦煤,大连港,俄罗斯,,0.75,8.50,33.00,80.00,2880.00,0.00,平仓价,1111,2022-04-26 00:00:00,1,0,2024-07-17 06:05:13,0,2024-07-17 06:05:13,,,
2022-04-26,1/3焦煤,大连港,鹤岗市,,0.25,7.50,18.00,70.00,2470.00,0.00,平仓价,1112,2022-04-26 00:00:00,1,0,2024-07-17 06:05:13,0,2024-07-17 06:05:13,,,
2022-04-25,1/3焦煤,大连港,俄罗斯,,0.75,8.50,33.00,80.00,2880.00,0.00,平仓价,1113,2022-04-25 00:00:00,1,0,2024-07-17 06:05:13,0,2024-07-17 06:05:13,,,
2022-04-25,1/3焦煤,大连港,鹤岗市,,0.25,7.50,18.00,70.00,2470.00,0.00,平仓价,1114,2022-04-25 00:00:00,1,0,2024-07-17 06:05:13,0,2024-07-17 06:05:13,,,
2022-04-24,1/3焦煤,大连港,俄罗斯,,0.75,8.50,33.00,80.00,2880.00,45.00,平仓价,1115,2022-04-24 00:00:00,1,0,2024-07-17 06:05:13,0,2024-07-17 06:05:13,,,
2022-04-24,1/3焦煤,大连港,鹤岗市,,0.25,7.50,18.00,70.00,2470.00,0.00,平仓价,1116,2022-04-24 00:00:00,1,0,2024-07-17 06:05:13,0,2024-07-17 06:05:13,,,
2022-04-22,1/3焦煤,大连港,俄罗斯,,0.75,8.50,33.00,80.00,2835.00,0.00,平仓价,1117,2022-04-22 00:00:00,1,0,2024-07-17 06:05:13,0,2024-07-17 06:05:13,,,
2022-04-22,1/3焦煤,大连港,鹤岗市,,0.25,7.50,18.00,70.00,2470.00,0.00,平仓价,1118,2022-04-22 00:00:00,1,0,2024-07-17 06:05:13,0,2024-07-17 06:05:13,,,
2022-04-21,1/3焦煤,大连港,俄罗斯,,0.75,8.50,33.00,80.00,2835.00,0.00,平仓价,1119,2022-04-21 00:00:00,1,0,2024-07-17 06:05:13,0,2024-07-17 06:05:13,,,
2022-04-21,1/3焦煤,大连港,鹤岗市,,0.25,7.50,18.00,70.00,2470.00,0.00,平仓价,1120,2022-04-21 00:00:00,1,0,2024-07-17 06:05:13,0,2024-07-17 06:05:13,,,
2022-04-20,1/3焦煤,大连港,俄罗斯,,0.75,8.50,33.00,80.00,2835.00,0.00,平仓价,1121,2022-04-20 00:00:00,1,0,2024-07-17 06:05:13,0,2024-07-17 06:05:13,,,
2022-04-20,1/3焦煤,大连港,鹤岗市,,0.25,7.50,18.00,70.00,2470.00,0.00,平仓价,1122,2022-04-20 00:00:00,1,0,2024-07-17 06:05:13,0,2024-07-17 06:05:13,,,
2022-04-19,1/3焦煤,大连港,俄罗斯,,0.75,8.50,33.00,80.00,2835.00,0.00,平仓价,1123,2022-04-19 00:00:00,1,0,2024-07-17 06:05:13,0,2024-07-17 06:05:13,,,
2022-04-19,1/3焦煤,大连港,鹤岗市,,0.25,7.50,18.00,70.00,2470.00,0.00,平仓价,1124,2022-04-19 00:00:00,1,0,2024-07-17 06:05:13,0,2024-07-17 06:05:13,,,
2022-04-18,1/3焦煤,大连港,俄罗斯,,0.75,8.50,33.00,80.00,2835.00,90.00,平仓价,1125,2022-04-18 00:00:00,1,0,2024-07-17 06:05:13,0,2024-07-17 06:05:13,,,
2022-04-18,1/3焦煤,大连港,鹤岗市,,0.25,7.50,18.00,70.00,2470.00,0.00,平仓价,1126,2022-04-18 00:00:00,1,0,2024-07-17 06:05:13,0,2024-07-17 06:05:13,,,
2022-04-15,1/3焦煤,大连港,俄罗斯,,0.75,8.50,33.00,80.00,2745.00,0.00,平仓价,1127,2022-04-15 00:00:00,1,0,2024-07-17 06:05:13,0,2024-07-17 06:05:13,,,
2022-04-15,1/3焦煤,大连港,鹤岗市,,0.25,7.50,18.00,70.00,2470.00,0.00,平仓价,1128,2022-04-15 00:00:00,1,0,2024-07-17 06:05:13,0,2024-07-17 06:05:13,,,
2022-04-14,1/3焦煤,大连港,俄罗斯,,0.75,8.50,33.00,80.00,2745.00,0.00,平仓价,1129,2022-04-14 00:00:00,1,0,2024-07-17 06:05:13,0,2024-07-17 06:05:13,,,
2022-04-14,1/3焦煤,大连港,鹤岗市,,0.25,7.50,18.00,70.00,2470.00,0.00,平仓价,1130,2022-04-14 00:00:00,1,0,2024-07-17 06:05:13,0,2024-07-17 06:05:13,,,
2022-04-13,1/3焦煤,大连港,俄罗斯,,0.75,8.50,33.00,80.00,2745.00,0.00,平仓价,1131,2022-04-13 00:00:00,1,0,2024-07-17 06:05:13,0,2024-07-17 06:05:13,,,
2022-04-13,1/3焦煤,大连港,鹤岗市,,0.25,7.50,18.00,70.00,2470.00,0.00,平仓价,1132,2022-04-13 00:00:00,1,0,2024-07-17 06:05:13,0,2024-07-17 06:05:13,,,
2022-04-12,1/3焦煤,大连港,俄罗斯,,0.75,8.50,33.00,80.00,2745.00,0.00,平仓价,1133,2022-04-12 00:00:00,1,0,2024-07-17 06:05:13,0,2024-07-17 06:05:13,,,
2022-04-12,1/3焦煤,大连港,鹤岗市,,0.25,7.50,18.00,70.00,2470.00,0.00,平仓价,1134,2022-04-12 00:00:00,1,0,2024-07-17 06:05:13,0,2024-07-17 06:05:13,,,
2022-04-11,1/3焦煤,大连港,俄罗斯,,0.75,8.50,33.00,80.00,2745.00,90.00,平仓价,1135,2022-04-11 00:00:00,1,0,2024-07-17 06:05:13,0,2024-07-17 06:05:13,,,
2022-04-11,1/3焦煤,大连港,鹤岗市,,0.25,7.50,18.00,70.00,2470.00,0.00,平仓价,1136,2022-04-11 00:00:00,1,0,2024-07-17 06:05:13,0,2024-07-17 06:05:13,,,
2022-04-08,1/3焦煤,大连港,俄罗斯,,0.75,8.50,33.00,80.00,2655.00,0.00,平仓价,1137,2022-04-08 00:00:00,1,0,2024-07-17 06:05:13,0,2024-07-17 06:05:13,,,
2022-04-08,1/3焦煤,大连港,鹤岗市,,0.25,7.50,18.00,70.00,2470.00,0.00,平仓价,1138,2022-04-08 00:00:00,1,0,2024-07-17 06:05:13,0,2024-07-17 06:05:13,,,
2022-04-07,1/3焦煤,大连港,俄罗斯,,0.75,8.50,33.00,80.00,2655.00,0.00,平仓价,1139,2022-04-07 00:00:00,1,0,2024-07-17 06:05:13,0,2024-07-17 06:05:13,,,
2022-04-07,1/3焦煤,大连港,鹤岗市,,0.25,7.50,18.00,70.00,2470.00,0.00,平仓价,1140,2022-04-07 00:00:00,1,0,2024-07-17 06:05:13,0,2024-07-17 06:05:13,,,
2022-04-06,1/3焦煤,大连港,俄罗斯,,0.75,8.50,33.00,80.00,2655.00,0.00,平仓价,1141,2022-04-06 00:00:00,1,0,2024-07-17 06:05:16,0,2024-07-17 06:05:16,,,
2022-04-06,1/3焦煤,大连港,鹤岗市,,0.25,7.50,18.00,70.00,2470.00,0.00,平仓价,1142,2022-04-06 00:00:00,1,0,2024-07-17 06:05:16,0,2024-07-17 06:05:16,,,
2022-04-02,1/3焦煤,大连港,俄罗斯,,0.75,8.50,33.00,80.00,2655.00,0.00,平仓价,1143,2022-04-02 00:00:00,1,0,2024-07-17 06:05:16,0,2024-07-17 06:05:16,,,
2022-04-02,1/3焦煤,大连港,鹤岗市,,0.25,7.50,18.00,70.00,2470.00,0.00,平仓价,1144,2022-04-02 00:00:00,1,0,2024-07-17 06:05:16,0,2024-07-17 06:05:16,,,
2022-04-01,1/3焦煤,大连港,俄罗斯,,0.75,8.50,33.00,80.00,2655.00,0.00,平仓价,1145,2022-04-01 00:00:00,1,0,2024-07-17 06:05:16,0,2024-07-17 06:05:16,,,
2022-04-01,1/3焦煤,大连港,鹤岗市,,0.25,7.50,18.00,70.00,2470.00,0.00,平仓价,1146,2022-04-01 00:00:00,1,0,2024-07-17 06:05:16,0,2024-07-17 06:05:16,,,
2022-03-31,1/3焦煤,大连港,俄罗斯,,0.75,8.50,33.00,80.00,2655.00,0.00,平仓价,1147,2022-03-31 00:00:00,1,0,2024-07-17 06:05:16,0,2024-07-17 06:05:16,,,
2022-03-31,1/3焦煤,大连港,鹤岗市,,0.25,7.50,18.00,70.00,2470.00,0.00,平仓价,1148,2022-03-31 00:00:00,1,0,2024-07-17 06:05:16,0,2024-07-17 06:05:16,,,
2022-03-30,1/3焦煤,大连港,俄罗斯,,0.75,8.50,33.00,80.00,2655.00,0.00,平仓价,1149,2022-03-30 00:00:00,1,0,2024-07-17 06:05:16,0,2024-07-17 06:05:16,,,
2022-03-30,1/3焦煤,大连港,鹤岗市,,0.25,7.50,18.00,70.00,2470.00,0.00,平仓价,1150,2022-03-30 00:00:00,1,0,2024-07-17 06:05:16,0,2024-07-17 06:05:16,,,
2022-03-29,1/3焦煤,大连港,俄罗斯,,0.75,8.50,33.00,80.00,2655.00,0.00,平仓价,1151,2022-03-29 00:00:00,1,0,2024-07-17 06:05:16,0,2024-07-17 06:05:16,,,
2022-03-29,1/3焦煤,大连港,鹤岗市,,0.25,7.50,18.00,70.00,2470.00,0.00,平仓价,1152,2022-03-29 00:00:00,1,0,2024-07-17 06:05:16,0,2024-07-17 06:05:16,,,
2022-03-28,1/3焦煤,大连港,俄罗斯,,0.75,8.50,33.00,80.00,2655.00,0.00,平仓价,1153,2022-03-28 00:00:00,1,0,2024-07-17 06:05:16,0,2024-07-17 06:05:16,,,
2022-03-28,1/3焦煤,大连港,鹤岗市,,0.25,7.50,18.00,70.00,2470.00,0.00,平仓价,1154,2022-03-28 00:00:00,1,0,2024-07-17 06:05:16,0,2024-07-17 06:05:16,,,
2022-03-25,1/3焦煤,大连港,俄罗斯,,0.75,8.50,33.00,80.00,2655.00,0.00,平仓价,1155,2022-03-25 00:00:00,1,0,2024-07-17 06:05:16,0,2024-07-17 06:05:16,,,
2022-03-25,1/3焦煤,大连港,鹤岗市,,0.25,7.50,18.00,70.00,2470.00,0.00,平仓价,1156,2022-03-25 00:00:00,1,0,2024-07-17 06:05:16,0,2024-07-17 06:05:16,,,
2022-03-24,1/3焦煤,大连港,俄罗斯,,0.75,8.50,33.00,80.00,2655.00,0.00,平仓价,1157,2022-03-24 00:00:00,1,0,2024-07-17 06:05:16,0,2024-07-17 06:05:16,,,
2022-03-24,1/3焦煤,大连港,鹤岗市,,0.25,7.50,18.00,70.00,2470.00,0.00,平仓价,1158,2022-03-24 00:00:00,1,0,2024-07-17 06:05:16,0,2024-07-17 06:05:16,,,
2022-03-23,1/3焦煤,大连港,俄罗斯,,0.75,8.50,33.00,80.00,2655.00,0.00,平仓价,1159,2022-03-23 00:00:00,1,0,2024-07-17 06:05:16,0,2024-07-17 06:05:16,,,
2022-03-23,1/3焦煤,大连港,鹤岗市,,0.25,7.50,18.00,70.00,2470.00,0.00,平仓价,1160,2022-03-23 00:00:00,1,0,2024-07-17 06:05:16,0,2024-07-17 06:05:16,,,
2022-03-22,1/3焦煤,大连港,俄罗斯,,0.75,8.50,33.00,80.00,2655.00,0.00,平仓价,1161,2022-03-22 00:00:00,1,0,2024-07-17 06:05:16,0,2024-07-17 06:05:16,,,
2022-03-22,1/3焦煤,大连港,鹤岗市,,0.25,7.50,18.00,70.00,2470.00,0.00,平仓价,1162,2022-03-22 00:00:00,1,0,2024-07-17 06:05:16,0,2024-07-17 06:05:16,,,
2022-03-21,1/3焦煤,大连港,俄罗斯,,0.75,8.50,33.00,80.00,2655.00,0.00,平仓价,1163,2022-03-21 00:00:00,1,0,2024-07-17 06:05:16,0,2024-07-17 06:05:16,,,
2022-03-21,1/3焦煤,大连港,鹤岗市,,0.25,7.50,18.00,70.00,2470.00,0.00,平仓价,1164,2022-03-21 00:00:00,1,0,2024-07-17 06:05:16,0,2024-07-17 06:05:16,,,
2022-03-18,1/3焦煤,大连港,俄罗斯,,0.75,8.50,33.00,80.00,2655.00,0.00,平仓价,1165,2022-03-18 00:00:00,1,0,2024-07-17 06:05:16,0,2024-07-17 06:05:16,,,
2022-03-18,1/3焦煤,大连港,鹤岗市,,0.25,7.50,18.00,70.00,2470.00,0.00,平仓价,1166,2022-03-18 00:00:00,1,0,2024-07-17 06:05:16,0,2024-07-17 06:05:16,,,
2022-03-17,1/3焦煤,大连港,俄罗斯,,0.75,8.50,33.00,80.00,2655.00,0.00,平仓价,1167,2022-03-17 00:00:00,1,0,2024-07-17 06:05:16,0,2024-07-17 06:05:16,,,
2022-03-17,1/3焦煤,大连港,鹤岗市,,0.25,7.50,18.00,70.00,2470.00,0.00,平仓价,1168,2022-03-17 00:00:00,1,0,2024-07-17 06:05:16,0,2024-07-17 06:05:16,,,
2022-03-16,1/3焦煤,大连港,俄罗斯,,0.75,8.50,33.00,80.00,2655.00,0.00,平仓价,1169,2022-03-16 00:00:00,1,0,2024-07-17 06:05:16,0,2024-07-17 06:05:16,,,
2022-03-16,1/3焦煤,大连港,鹤岗市,,0.25,7.50,18.00,70.00,2470.00,0.00,平仓价,1170,2022-03-16 00:00:00,1,0,2024-07-17 06:05:16,0,2024-07-17 06:05:16,,,
2022-03-15,1/3焦煤,大连港,俄罗斯,,0.75,8.50,33.00,80.00,2655.00,0.00,平仓价,1171,2022-03-15 00:00:00,1,0,2024-07-17 06:05:19,0,2024-07-17 06:05:19,,,
2022-03-15,1/3焦煤,大连港,鹤岗市,,0.25,7.50,18.00,70.00,2470.00,0.00,平仓价,1172,2022-03-15 00:00:00,1,0,2024-07-17 06:05:19,0,2024-07-17 06:05:19,,,
2022-03-14,1/3焦煤,大连港,俄罗斯,,0.75,8.50,33.00,80.00,2655.00,275.00,平仓价,1173,2022-03-14 00:00:00,1,0,2024-07-17 06:05:19,0,2024-07-17 06:05:19,,,
2022-03-14,1/3焦煤,大连港,鹤岗市,,0.25,7.50,18.00,70.00,2470.00,0.00,平仓价,1174,2022-03-14 00:00:00,1,0,2024-07-17 06:05:19,0,2024-07-17 06:05:19,,,
2022-03-11,1/3焦煤,大连港,俄罗斯,,0.75,8.50,33.00,80.00,2380.00,0.00,平仓价,1175,2022-03-11 00:00:00,1,0,2024-07-17 06:05:19,0,2024-07-17 06:05:19,,,
2022-03-11,1/3焦煤,大连港,鹤岗市,,0.25,7.50,18.00,70.00,2470.00,0.00,平仓价,1176,2022-03-11 00:00:00,1,0,2024-07-17 06:05:19,0,2024-07-17 06:05:19,,,
2022-03-10,1/3焦煤,大连港,俄罗斯,,0.75,8.50,33.00,80.00,2380.00,0.00,平仓价,1177,2022-03-10 00:00:00,1,0,2024-07-17 06:05:19,0,2024-07-17 06:05:19,,,
2022-03-10,1/3焦煤,大连港,鹤岗市,,0.25,7.50,18.00,70.00,2470.00,0.00,平仓价,1178,2022-03-10 00:00:00,1,0,2024-07-17 06:05:19,0,2024-07-17 06:05:19,,,
2022-03-09,1/3焦煤,大连港,俄罗斯,,0.75,8.50,33.00,80.00,2380.00,0.00,平仓价,1179,2022-03-09 00:00:00,1,0,2024-07-17 06:05:19,0,2024-07-17 06:05:19,,,
2022-03-09,1/3焦煤,大连港,鹤岗市,,0.25,7.50,18.00,70.00,2470.00,0.00,平仓价,1180,2022-03-09 00:00:00,1,0,2024-07-17 06:05:19,0,2024-07-17 06:05:19,,,
2022-03-08,1/3焦煤,大连港,俄罗斯,,0.75,8.50,33.00,80.00,2380.00,90.00,平仓价,1181,2022-03-08 00:00:00,1,0,2024-07-17 06:05:19,0,2024-07-17 06:05:19,,,
2022-03-08,1/3焦煤,大连港,鹤岗市,,0.25,7.50,18.00,70.00,2470.00,50.00,平仓价,1182,2022-03-08 00:00:00,1,0,2024-07-17 06:05:19,0,2024-07-17 06:05:19,,,
2022-03-07,1/3焦煤,大连港,俄罗斯,,0.75,8.50,33.00,80.00,2380.00,90.00,平仓价,1183,2022-03-07 00:00:00,1,0,2024-07-17 06:05:19,0,2024-07-17 06:05:19,,,
2022-03-07,1/3焦煤,大连港,鹤岗市,,0.25,7.50,18.00,70.00,2420.00,0.00,平仓价,1184,2022-03-07 00:00:00,1,0,2024-07-17 06:05:19,0,2024-07-17 06:05:19,,,
2022-03-04,1/3焦煤,大连港,俄罗斯,,0.75,8.50,33.00,80.00,2290.00,135.00,平仓价,1185,2022-03-04 00:00:00,1,0,2024-07-17 06:05:19,0,2024-07-17 06:05:19,,,
2022-03-04,1/3焦煤,大连港,鹤岗市,,0.25,7.50,18.00,70.00,2420.00,0.00,平仓价,1186,2022-03-04 00:00:00,1,0,2024-07-17 06:05:19,0,2024-07-17 06:05:19,,,
2022-03-03,1/3焦煤,大连港,俄罗斯,,0.75,8.50,33.00,80.00,2155.00,0.00,平仓价,1187,2022-03-03 00:00:00,1,0,2024-07-17 06:05:19,0,2024-07-17 06:05:19,,,
2022-03-03,1/3焦煤,大连港,鹤岗市,,0.25,7.50,18.00,70.00,2420.00,0.00,平仓价,1188,2022-03-03 00:00:00,1,0,2024-07-17 06:05:19,0,2024-07-17 06:05:19,,,
2022-03-02,1/3焦煤,大连港,俄罗斯,,0.75,8.50,33.00,80.00,2155.00,0.00,平仓价,1189,2022-03-02 00:00:00,1,0,2024-07-17 06:05:19,0,2024-07-17 06:05:19,,,
2022-03-02,1/3焦煤,大连港,鹤岗市,,0.25,7.50,18.00,70.00,2420.00,100.00,平仓价,1190,2022-03-02 00:00:00,1,0,2024-07-17 06:05:19,0,2024-07-17 06:05:19,,,
2022-03-01,1/3焦煤,大连港,俄罗斯,,0.75,8.50,33.00,80.00,2155.00,0.00,平仓价,1191,2022-03-01 00:00:00,1,0,2024-07-17 06:05:19,0,2024-07-17 06:05:19,,,
2022-03-01,1/3焦煤,大连港,鹤岗市,,0.25,7.50,18.00,70.00,2320.00,0.00,平仓价,1192,2022-03-01 00:00:00,1,0,2024-07-17 06:05:19,0,2024-07-17 06:05:19,,,
2022-02-28,1/3焦煤,大连港,俄罗斯,,0.75,8.50,33.00,80.00,2155.00,90.00,平仓价,1193,2022-02-28 00:00:00,1,0,2024-07-17 06:05:19,0,2024-07-17 06:05:19,,,
2022-02-28,1/3焦煤,大连港,鹤岗市,,0.25,7.50,18.00,70.00,2320.00,0.00,平仓价,1194,2022-02-28 00:00:00,1,0,2024-07-17 06:05:19,0,2024-07-17 06:05:19,,,
2022-02-25,1/3焦煤,大连港,俄罗斯,,0.75,8.50,33.00,80.00,2065.00,0.00,平仓价,1195,2022-02-25 00:00:00,1,0,2024-07-17 06:05:19,0,2024-07-17 06:05:19,,,
2022-02-25,1/3焦煤,大连港,鹤岗市,,0.25,7.50,18.00,70.00,2320.00,90.00,平仓价,1196,2022-02-25 00:00:00,1,0,2024-07-17 06:05:19,0,2024-07-17 06:05:19,,,
2022-02-24,1/3焦煤,大连港,俄罗斯,,0.75,8.50,33.00,80.00,2065.00,45.00,平仓价,1197,2022-02-24 00:00:00,1,0,2024-07-17 06:05:19,0,2024-07-17 06:05:19,,,
2022-02-24,1/3焦煤,大连港,鹤岗市,,0.25,7.50,18.00,70.00,2230.00,0.00,平仓价,1198,2022-02-24 00:00:00,1,0,2024-07-17 06:05:19,0,2024-07-17 06:05:19,,,
2022-02-23,1/3焦煤,大连港,俄罗斯,,0.75,8.50,33.00,80.00,2020.00,0.00,平仓价,1199,2022-02-23 00:00:00,1,0,2024-07-17 06:05:19,0,2024-07-17 06:05:19,,,
2022-02-23,1/3焦煤,大连港,鹤岗市,,0.25,7.50,18.00,70.00,2230.00,0.00,平仓价,1200,2022-02-23 00:00:00,1,0,2024-07-17 06:05:19,0,2024-07-17 06:05:19,,,
2022-02-22,1/3焦煤,大连港,俄罗斯,,0.75,8.50,33.00,80.00,2020.00,0.00,平仓价,1201,2022-02-22 00:00:00,1,0,2024-07-17 06:05:22,0,2024-07-17 06:05:22,,,
2022-02-22,1/3焦煤,大连港,鹤岗市,,0.25,7.50,18.00,70.00,2230.00,0.00,平仓价,1202,2022-02-22 00:00:00,1,0,2024-07-17 06:05:22,0,2024-07-17 06:05:22,,,
2022-02-21,1/3焦煤,大连港,俄罗斯,,0.75,8.50,33.00,80.00,2020.00,0.00,平仓价,1203,2022-02-21 00:00:00,1,0,2024-07-17 06:05:22,0,2024-07-17 06:05:22,,,
2022-02-21,1/3焦煤,大连港,鹤岗市,,0.25,7.50,18.00,70.00,2230.00,0.00,平仓价,1204,2022-02-21 00:00:00,1,0,2024-07-17 06:05:22,0,2024-07-17 06:05:22,,,
2022-02-18,1/3焦煤,大连港,俄罗斯,,0.75,8.50,33.00,80.00,2020.00,0.00,平仓价,1205,2022-02-18 00:00:00,1,0,2024-07-17 06:05:22,0,2024-07-17 06:05:22,,,
2022-02-18,1/3焦煤,大连港,鹤岗市,,0.25,7.50,18.00,70.00,2230.00,0.00,平仓价,1206,2022-02-18 00:00:00,1,0,2024-07-17 06:05:22,0,2024-07-17 06:05:22,,,
2022-02-17,1/3焦煤,大连港,俄罗斯,,0.75,8.50,33.00,80.00,2020.00,0.00,平仓价,1207,2022-02-17 00:00:00,1,0,2024-07-17 06:05:22,0,2024-07-17 06:05:22,,,
2022-02-17,1/3焦煤,大连港,鹤岗市,,0.25,7.50,18.00,70.00,2230.00,0.00,平仓价,1208,2022-02-17 00:00:00,1,0,2024-07-17 06:05:22,0,2024-07-17 06:05:22,,,
2022-02-16,1/3焦煤,大连港,俄罗斯,,0.75,8.50,33.00,80.00,2020.00,0.00,平仓价,1209,2022-02-16 00:00:00,1,0,2024-07-17 06:05:22,0,2024-07-17 06:05:22,,,
2022-02-16,1/3焦煤,大连港,鹤岗市,,0.25,7.50,18.00,70.00,2230.00,0.00,平仓价,1210,2022-02-16 00:00:00,1,0,2024-07-17 06:05:22,0,2024-07-17 06:05:22,,,
2022-02-15,1/3焦煤,大连港,俄罗斯,,0.75,8.50,33.00,80.00,2020.00,0.00,平仓价,1211,2022-02-15 00:00:00,1,0,2024-07-17 06:05:22,0,2024-07-17 06:05:22,,,
2022-02-15,1/3焦煤,大连港,鹤岗市,,0.25,7.50,18.00,70.00,2230.00,-100.00,平仓价,1212,2022-02-15 00:00:00,1,0,2024-07-17 06:05:22,0,2024-07-17 06:05:22,,,
2022-02-14,1/3焦煤,大连港,俄罗斯,,0.75,8.50,33.00,80.00,2020.00,0.00,平仓价,1213,2022-02-14 00:00:00,1,0,2024-07-17 06:05:22,0,2024-07-17 06:05:22,,,
2022-02-14,1/3焦煤,大连港,鹤岗市,,0.25,7.50,18.00,70.00,2330.00,0.00,平仓价,1214,2022-02-14 00:00:00,1,0,2024-07-17 06:05:22,0,2024-07-17 06:05:22,,,
2022-02-11,1/3焦煤,大连港,俄罗斯,,0.75,8.50,33.00,80.00,2020.00,0.00,平仓价,1215,2022-02-11 00:00:00,1,0,2024-07-17 06:05:22,0,2024-07-17 06:05:22,,,
2022-02-11,1/3焦煤,大连港,鹤岗市,,0.25,7.50,18.00,70.00,2330.00,0.00,平仓价,1216,2022-02-11 00:00:00,1,0,2024-07-17 06:05:22,0,2024-07-17 06:05:22,,,
2022-02-10,1/3焦煤,大连港,俄罗斯,,0.75,8.50,33.00,80.00,2020.00,0.00,平仓价,1217,2022-02-10 00:00:00,1,0,2024-07-17 06:05:22,0,2024-07-17 06:05:22,,,
2022-02-10,1/3焦煤,大连港,鹤岗市,,0.25,7.50,18.00,70.00,2330.00,0.00,平仓价,1218,2022-02-10 00:00:00,1,0,2024-07-17 06:05:22,0,2024-07-17 06:05:22,,,
2022-02-09,1/3焦煤,大连港,俄罗斯,,0.75,8.50,33.00,80.00,2020.00,0.00,平仓价,1219,2022-02-09 00:00:00,1,0,2024-07-17 06:05:22,0,2024-07-17 06:05:22,,,
2022-02-09,1/3焦煤,大连港,鹤岗市,,0.25,7.50,18.00,70.00,2330.00,0.00,平仓价,1220,2022-02-09 00:00:00,1,0,2024-07-17 06:05:22,0,2024-07-17 06:05:22,,,
2022-02-08,1/3焦煤,大连港,俄罗斯,,0.75,8.50,33.00,80.00,2020.00,0.00,平仓价,1221,2022-02-08 00:00:00,1,0,2024-07-17 06:05:22,0,2024-07-17 06:05:22,,,
2022-02-08,1/3焦煤,大连港,鹤岗市,,0.25,7.50,18.00,70.00,2330.00,0.00,平仓价,1222,2022-02-08 00:00:00,1,0,2024-07-17 06:05:22,0,2024-07-17 06:05:22,,,
2022-02-07,1/3焦煤,大连港,俄罗斯,,0.75,8.50,33.00,80.00,2020.00,0.00,平仓价,1223,2022-02-07 00:00:00,1,0,2024-07-17 06:05:22,0,2024-07-17 06:05:22,,,
2022-02-07,1/3焦煤,大连港,鹤岗市,,0.25,7.50,18.00,70.00,2330.00,0.00,平仓价,1224,2022-02-07 00:00:00,1,0,2024-07-17 06:05:22,0,2024-07-17 06:05:22,,,
2022-01-30,1/3焦煤,大连港,俄罗斯,,0.75,8.50,33.00,80.00,2020.00,0.00,平仓价,1225,2022-01-30 00:00:00,1,0,2024-07-17 06:05:22,0,2024-07-17 06:05:22,,,
2022-01-30,1/3焦煤,大连港,鹤岗市,,0.25,7.50,18.00,70.00,2330.00,0.00,平仓价,1226,2022-01-30 00:00:00,1,0,2024-07-17 06:05:22,0,2024-07-17 06:05:22,,,
2022-01-29,1/3焦煤,大连港,俄罗斯,,0.75,8.50,33.00,80.00,2020.00,-135.00,平仓价,1227,2022-01-29 00:00:00,1,0,2024-07-17 06:05:22,0,2024-07-17 06:05:22,,,
2022-01-29,1/3焦煤,大连港,鹤岗市,,0.25,7.50,18.00,70.00,2330.00,0.00,平仓价,1228,2022-01-29 00:00:00,1,0,2024-07-17 06:05:22,0,2024-07-17 06:05:22,,,
2022-01-28,1/3焦煤,大连港,俄罗斯,,0.75,8.50,33.00,80.00,2155.00,0.00,平仓价,1229,2022-01-28 00:00:00,1,0,2024-07-17 06:05:22,0,2024-07-17 06:05:22,,,
2022-01-28,1/3焦煤,大连港,鹤岗市,,0.25,7.50,18.00,70.00,2330.00,0.00,平仓价,1230,2022-01-28 00:00:00,1,0,2024-07-17 06:05:22,0,2024-07-17 06:05:22,,,
2022-01-27,1/3焦煤,大连港,俄罗斯,,0.75,8.50,33.00,80.00,2155.00,0.00,平仓价,1231,2022-01-27 00:00:00,1,0,2024-07-17 06:05:24,0,2024-07-17 06:05:24,,,
2022-01-27,1/3焦煤,大连港,鹤岗市,,0.25,7.50,18.00,70.00,2330.00,0.00,平仓价,1232,2022-01-27 00:00:00,1,0,2024-07-17 06:05:24,0,2024-07-17 06:05:24,,,
2022-01-26,1/3焦煤,大连港,俄罗斯,,0.75,8.50,33.00,80.00,2155.00,0.00,平仓价,1233,2022-01-26 00:00:00,1,0,2024-07-17 06:05:24,0,2024-07-17 06:05:24,,,
2022-01-26,1/3焦煤,大连港,鹤岗市,,0.25,7.50,18.00,70.00,2330.00,0.00,平仓价,1234,2022-01-26 00:00:00,1,0,2024-07-17 06:05:24,0,2024-07-17 06:05:24,,,
2022-01-25,1/3焦煤,大连港,俄罗斯,,0.75,8.50,33.00,80.00,2155.00,0.00,平仓价,1235,2022-01-25 00:00:00,1,0,2024-07-17 06:05:24,0,2024-07-17 06:05:24,,,
2022-01-25,1/3焦煤,大连港,鹤岗市,,0.25,7.50,18.00,70.00,2330.00,0.00,平仓价,1236,2022-01-25 00:00:00,1,0,2024-07-17 06:05:24,0,2024-07-17 06:05:24,,,
2022-01-24,1/3焦煤,大连港,俄罗斯,,0.75,8.50,33.00,80.00,2155.00,0.00,平仓价,1237,2022-01-24 00:00:00,1,0,2024-07-17 06:05:24,0,2024-07-17 06:05:24,,,
2022-01-24,1/3焦煤,大连港,鹤岗市,,0.25,7.50,18.00,70.00,2330.00,0.00,平仓价,1238,2022-01-24 00:00:00,1,0,2024-07-17 06:05:24,0,2024-07-17 06:05:24,,,
2022-01-21,1/3焦煤,大连港,俄罗斯,,0.75,8.50,33.00,80.00,2155.00,0.00,平仓价,1239,2022-01-21 00:00:00,1,0,2024-07-17 06:05:24,0,2024-07-17 06:05:24,,,
2022-01-21,1/3焦煤,大连港,鹤岗市,,0.25,7.50,18.00,70.00,2330.00,0.00,平仓价,1240,2022-01-21 00:00:00,1,0,2024-07-17 06:05:24,0,2024-07-17 06:05:24,,,
2022-01-20,1/3焦煤,大连港,俄罗斯,,0.75,8.50,33.00,80.00,2155.00,0.00,平仓价,1241,2022-01-20 00:00:00,1,0,2024-07-17 06:05:24,0,2024-07-17 06:05:24,,,
2022-01-20,1/3焦煤,大连港,鹤岗市,,0.25,7.50,18.00,70.00,2330.00,0.00,平仓价,1242,2022-01-20 00:00:00,1,0,2024-07-17 06:05:24,0,2024-07-17 06:05:24,,,
2022-01-19,1/3焦煤,大连港,俄罗斯,,0.75,8.50,33.00,80.00,2155.00,0.00,平仓价,1243,2022-01-19 00:00:00,1,0,2024-07-17 06:05:24,0,2024-07-17 06:05:24,,,
2022-01-19,1/3焦煤,大连港,鹤岗市,,0.25,7.50,18.00,70.00,2330.00,0.00,平仓价,1244,2022-01-19 00:00:00,1,0,2024-07-17 06:05:24,0,2024-07-17 06:05:24,,,
2022-01-18,1/3焦煤,大连港,俄罗斯,,0.75,8.50,33.00,80.00,2155.00,0.00,平仓价,1245,2022-01-18 00:00:00,1,0,2024-07-17 06:05:24,0,2024-07-17 06:05:24,,,
2022-01-18,1/3焦煤,大连港,鹤岗市,,0.25,7.50,18.00,70.00,2330.00,0.00,平仓价,1246,2022-01-18 00:00:00,1,0,2024-07-17 06:05:24,0,2024-07-17 06:05:24,,,
2022-01-17,1/3焦煤,大连港,俄罗斯,,0.75,8.50,33.00,80.00,2155.00,0.00,平仓价,1247,2022-01-17 00:00:00,1,0,2024-07-17 06:05:24,0,2024-07-17 06:05:24,,,
2022-01-17,1/3焦煤,大连港,鹤岗市,,0.25,7.50,18.00,70.00,2330.00,0.00,平仓价,1248,2022-01-17 00:00:00,1,0,2024-07-17 06:05:24,0,2024-07-17 06:05:24,,,
2022-01-14,1/3焦煤,大连港,俄罗斯,,0.75,8.50,33.00,80.00,2155.00,0.00,平仓价,1249,2022-01-14 00:00:00,1,0,2024-07-17 06:05:24,0,2024-07-17 06:05:24,,,
2022-01-14,1/3焦煤,大连港,鹤岗市,,0.25,7.50,18.00,70.00,2330.00,0.00,平仓价,1250,2022-01-14 00:00:00,1,0,2024-07-17 06:05:24,0,2024-07-17 06:05:24,,,
2022-01-13,1/3焦煤,大连港,俄罗斯,,0.75,8.50,33.00,80.00,2155.00,0.00,平仓价,1251,2022-01-13 00:00:00,1,0,2024-07-17 06:05:24,0,2024-07-17 06:05:24,,,
2022-01-13,1/3焦煤,大连港,鹤岗市,,0.25,7.50,18.00,70.00,2330.00,0.00,平仓价,1252,2022-01-13 00:00:00,1,0,2024-07-17 06:05:24,0,2024-07-17 06:05:24,,,
2022-01-12,1/3焦煤,大连港,俄罗斯,,0.75,8.50,33.00,80.00,2155.00,0.00,平仓价,1253,2022-01-12 00:00:00,1,0,2024-07-17 06:05:24,0,2024-07-17 06:05:24,,,
2022-01-12,1/3焦煤,大连港,鹤岗市,,0.25,7.50,18.00,70.00,2330.00,0.00,平仓价,1254,2022-01-12 00:00:00,1,0,2024-07-17 06:05:24,0,2024-07-17 06:05:24,,,
2022-01-11,1/3焦煤,大连港,俄罗斯,,0.75,8.50,33.00,80.00,2155.00,0.00,平仓价,1255,2022-01-11 00:00:00,1,0,2024-07-17 06:05:24,0,2024-07-17 06:05:24,,,
2022-01-11,1/3焦煤,大连港,鹤岗市,,0.25,7.50,18.00,70.00,2330.00,100.00,平仓价,1256,2022-01-11 00:00:00,1,0,2024-07-17 06:05:24,0,2024-07-17 06:05:24,,,
2022-01-10,1/3焦煤,大连港,俄罗斯,,0.75,8.50,33.00,80.00,2155.00,180.00,平仓价,1257,2022-01-10 00:00:00,1,0,2024-07-17 06:05:24,0,2024-07-17 06:05:24,,,
2022-01-10,1/3焦煤,大连港,鹤岗市,,0.25,7.50,18.00,70.00,2230.00,0.00,平仓价,1258,2022-01-10 00:00:00,1,0,2024-07-17 06:05:24,0,2024-07-17 06:05:24,,,
2022-01-07,1/3焦煤,大连港,俄罗斯,,0.75,8.50,33.00,80.00,1975.00,0.00,平仓价,1259,2022-01-07 00:00:00,1,0,2024-07-17 06:05:24,0,2024-07-17 06:05:24,,,
2022-01-07,1/3焦煤,大连港,鹤岗市,,0.25,7.50,18.00,70.00,2230.00,0.00,平仓价,1260,2022-01-07 00:00:00,1,0,2024-07-17 06:05:24,0,2024-07-17 06:05:24,,,
2022-01-06,1/3焦煤,大连港,俄罗斯,,0.75,8.50,33.00,80.00,1975.00,0.00,平仓价,1261,2022-01-06 00:00:00,1,0,2024-07-17 06:05:27,0,2024-07-17 06:05:27,,,
2022-01-06,1/3焦煤,大连港,鹤岗市,,0.25,7.50,18.00,70.00,2230.00,0.00,平仓价,1262,2022-01-06 00:00:00,1,0,2024-07-17 06:05:27,0,2024-07-17 06:05:27,,,
2022-01-05,1/3焦煤,大连港,俄罗斯,,0.75,8.50,33.00,80.00,1975.00,0.00,平仓价,1263,2022-01-05 00:00:00,1,0,2024-07-17 06:05:27,0,2024-07-17 06:05:27,,,
2022-01-05,1/3焦煤,大连港,鹤岗市,,0.25,7.50,18.00,70.00,2230.00,0.00,平仓价,1264,2022-01-05 00:00:00,1,0,2024-07-17 06:05:27,0,2024-07-17 06:05:27,,,
2022-01-04,1/3焦煤,大连港,俄罗斯,,0.75,8.50,33.00,80.00,1975.00,0.00,平仓价,1265,2022-01-04 00:00:00,1,0,2024-07-17 06:05:27,0,2024-07-17 06:05:27,,,
2022-01-04,1/3焦煤,大连港,鹤岗市,,0.25,7.50,18.00,70.00,2230.00,0.00,平仓价,1266,2022-01-04 00:00:00,1,0,2024-07-17 06:05:27,0,2024-07-17 06:05:27,,,
2021-12-31,1/3焦煤,大连港,俄罗斯,,0.75,8.50,33.00,80.00,1975.00,0.00,平仓价,1267,2021-12-31 00:00:00,1,0,2024-07-17 06:05:27,0,2024-07-17 06:05:27,,,
2021-12-31,1/3焦煤,大连港,鹤岗市,,0.25,7.50,18.00,70.00,2230.00,0.00,平仓价,1268,2021-12-31 00:00:00,1,0,2024-07-17 06:05:27,0,2024-07-17 06:05:27,,,
2021-12-30,1/3焦煤,大连港,俄罗斯,,0.75,8.50,33.00,80.00,1975.00,0.00,平仓价,1269,2021-12-30 00:00:00,1,0,2024-07-17 06:05:27,0,2024-07-17 06:05:27,,,
2021-12-30,1/3焦煤,大连港,鹤岗市,,0.25,7.50,18.00,70.00,2230.00,0.00,平仓价,1270,2021-12-30 00:00:00,1,0,2024-07-17 06:05:27,0,2024-07-17 06:05:27,,,
2021-12-29,1/3焦煤,大连港,俄罗斯,,0.75,8.50,33.00,80.00,1975.00,0.00,平仓价,1271,2021-12-29 00:00:00,1,0,2024-07-17 06:05:27,0,2024-07-17 06:05:27,,,
2021-12-29,1/3焦煤,大连港,鹤岗市,,0.25,7.50,18.00,70.00,2230.00,0.00,平仓价,1272,2021-12-29 00:00:00,1,0,2024-07-17 06:05:27,0,2024-07-17 06:05:27,,,
2021-12-28,1/3焦煤,大连港,俄罗斯,,0.75,8.50,33.00,80.00,1975.00,0.00,平仓价,1273,2021-12-28 00:00:00,1,0,2024-07-17 06:05:27,0,2024-07-17 06:05:27,,,
2021-12-28,1/3焦煤,大连港,鹤岗市,,0.25,7.50,18.00,70.00,2230.00,0.00,平仓价,1274,2021-12-28 00:00:00,1,0,2024-07-17 06:05:27,0,2024-07-17 06:05:27,,,
2021-12-27,1/3焦煤,大连港,俄罗斯,,0.75,8.50,33.00,80.00,1975.00,0.00,平仓价,1275,2021-12-27 00:00:00,1,0,2024-07-17 06:05:27,0,2024-07-17 06:05:27,,,
2021-12-27,1/3焦煤,大连港,鹤岗市,,0.25,7.50,18.00,70.00,2230.00,0.00,平仓价,1276,2021-12-27 00:00:00,1,0,2024-07-17 06:05:27,0,2024-07-17 06:05:27,,,
2021-12-24,1/3焦煤,大连港,俄罗斯,,0.75,8.50,33.00,80.00,1975.00,0.00,平仓价,1277,2021-12-24 00:00:00,1,0,2024-07-17 06:05:27,0,2024-07-17 06:05:27,,,
2021-12-24,1/3焦煤,大连港,鹤岗市,,0.25,7.50,18.00,70.00,2230.00,0.00,平仓价,1278,2021-12-24 00:00:00,1,0,2024-07-17 06:05:27,0,2024-07-17 06:05:27,,,
2021-12-23,1/3焦煤,大连港,俄罗斯,,0.75,8.50,33.00,80.00,1975.00,0.00,平仓价,1279,2021-12-23 00:00:00,1,0,2024-07-17 06:05:27,0,2024-07-17 06:05:27,,,
2021-12-23,1/3焦煤,大连港,鹤岗市,,0.25,7.50,18.00,70.00,2230.00,50.00,平仓价,1280,2021-12-23 00:00:00,1,0,2024-07-17 06:05:27,0,2024-07-17 06:05:27,,,
2021-12-22,1/3焦煤,大连港,俄罗斯,,0.75,8.50,33.00,80.00,1975.00,0.00,平仓价,1281,2021-12-22 00:00:00,1,0,2024-07-17 06:05:27,0,2024-07-17 06:05:27,,,
2021-12-22,1/3焦煤,大连港,鹤岗市,,0.25,7.50,18.00,70.00,2180.00,0.00,平仓价,1282,2021-12-22 00:00:00,1,0,2024-07-17 06:05:27,0,2024-07-17 06:05:27,,,
2021-12-21,1/3焦煤,大连港,俄罗斯,,0.75,8.50,33.00,80.00,1975.00,0.00,平仓价,1283,2021-12-21 00:00:00,1,0,2024-07-17 06:05:27,0,2024-07-17 06:05:27,,,
2021-12-21,1/3焦煤,大连港,鹤岗市,,0.25,7.50,18.00,70.00,2180.00,0.00,平仓价,1284,2021-12-21 00:00:00,1,0,2024-07-17 06:05:27,0,2024-07-17 06:05:27,,,
2021-12-20,1/3焦煤,大连港,俄罗斯,,0.75,8.50,33.00,80.00,1975.00,-45.00,平仓价,1285,2021-12-20 00:00:00,1,0,2024-07-17 06:05:27,0,2024-07-17 06:05:27,,,
2021-12-20,1/3焦煤,大连港,鹤岗市,,0.25,7.50,18.00,70.00,2180.00,0.00,平仓价,1286,2021-12-20 00:00:00,1,0,2024-07-17 06:05:27,0,2024-07-17 06:05:27,,,
2021-12-17,1/3焦煤,大连港,俄罗斯,,0.75,8.50,33.00,80.00,2020.00,0.00,平仓价,1287,2021-12-17 00:00:00,1,0,2024-07-17 06:05:27,0,2024-07-17 06:05:27,,,
2021-12-17,1/3焦煤,大连港,鹤岗市,,0.25,7.50,18.00,70.00,2180.00,0.00,平仓价,1288,2021-12-17 00:00:00,1,0,2024-07-17 06:05:27,0,2024-07-17 06:05:27,,,
2021-12-16,1/3焦煤,大连港,俄罗斯,,0.75,8.50,33.00,80.00,2020.00,-245.00,平仓价,1289,2021-12-16 00:00:00,1,0,2024-07-17 06:05:27,0,2024-07-17 06:05:27,,,
2021-12-16,1/3焦煤,大连港,鹤岗市,,0.25,7.50,18.00,70.00,2180.00,0.00,平仓价,1290,2021-12-16 00:00:00,1,0,2024-07-17 06:05:27,0,2024-07-17 06:05:27,,,
2021-12-15,1/3焦煤,大连港,俄罗斯,,0.75,8.50,33.00,80.00,2265.00,-800.00,平仓价,1291,2021-12-15 00:00:00,1,0,2024-07-17 06:05:30,0,2024-07-17 06:05:30,,,
2021-12-15,1/3焦煤,大连港,鹤岗市,,0.25,7.50,18.00,70.00,2180.00,50.00,平仓价,1292,2021-12-15 00:00:00,1,0,2024-07-17 06:05:30,0,2024-07-17 06:05:30,,,
2021-12-14,1/3焦煤,大连港,俄罗斯,,0.75,8.50,33.00,80.00,3065.00,0.00,平仓价,1293,2021-12-14 00:00:00,1,0,2024-07-17 06:05:30,0,2024-07-17 06:05:30,,,
2021-12-14,1/3焦煤,大连港,鹤岗市,,0.25,7.50,18.00,70.00,2130.00,0.00,平仓价,1294,2021-12-14 00:00:00,1,0,2024-07-17 06:05:30,0,2024-07-17 06:05:30,,,
2021-12-13,1/3焦煤,大连港,俄罗斯,,0.75,8.50,33.00,80.00,3065.00,0.00,平仓价,1295,2021-12-13 00:00:00,1,0,2024-07-17 06:05:30,0,2024-07-17 06:05:30,,,
2021-12-13,1/3焦煤,大连港,鹤岗市,,0.25,7.50,18.00,70.00,2130.00,0.00,平仓价,1296,2021-12-13 00:00:00,1,0,2024-07-17 06:05:30,0,2024-07-17 06:05:30,,,
2021-12-10,1/3焦煤,大连港,俄罗斯,,0.75,8.50,33.00,80.00,3065.00,0.00,平仓价,1297,2021-12-10 00:00:00,1,0,2024-07-17 06:05:30,0,2024-07-17 06:05:30,,,
2021-12-10,1/3焦煤,大连港,鹤岗市,,0.25,7.50,18.00,70.00,2130.00,0.00,平仓价,1298,2021-12-10 00:00:00,1,0,2024-07-17 06:05:30,0,2024-07-17 06:05:30,,,
2021-12-09,1/3焦煤,大连港,俄罗斯,,0.75,8.50,33.00,80.00,3065.00,0.00,平仓价,1299,2021-12-09 00:00:00,1,0,2024-07-17 06:05:30,0,2024-07-17 06:05:30,,,
2021-12-09,1/3焦煤,大连港,鹤岗市,,0.25,7.50,18.00,70.00,2130.00,0.00,平仓价,1300,2021-12-09 00:00:00,1,0,2024-07-17 06:05:30,0,2024-07-17 06:05:30,,,
2021-12-08,1/3焦煤,大连港,俄罗斯,,0.75,8.50,33.00,80.00,3065.00,0.00,平仓价,1301,2021-12-08 00:00:00,1,0,2024-07-17 06:05:30,0,2024-07-17 06:05:30,,,
2021-12-08,1/3焦煤,大连港,鹤岗市,,0.25,7.50,18.00,70.00,2130.00,0.00,平仓价,1302,2021-12-08 00:00:00,1,0,2024-07-17 06:05:30,0,2024-07-17 06:05:30,,,
2021-12-07,1/3焦煤,大连港,俄罗斯,,0.75,8.50,33.00,80.00,3065.00,0.00,平仓价,1303,2021-12-07 00:00:00,1,0,2024-07-17 06:05:30,0,2024-07-17 06:05:30,,,
2021-12-07,1/3焦煤,大连港,鹤岗市,,0.25,7.50,18.00,70.00,2130.00,0.00,平仓价,1304,2021-12-07 00:00:00,1,0,2024-07-17 06:05:30,0,2024-07-17 06:05:30,,,
2021-12-06,1/3焦煤,大连港,俄罗斯,,0.75,8.50,33.00,80.00,3065.00,0.00,平仓价,1305,2021-12-06 00:00:00,1,0,2024-07-17 06:05:30,0,2024-07-17 06:05:30,,,
2021-12-06,1/3焦煤,大连港,鹤岗市,,0.25,7.50,18.00,70.00,2130.00,0.00,平仓价,1306,2021-12-06 00:00:00,1,0,2024-07-17 06:05:30,0,2024-07-17 06:05:30,,,
2021-12-03,1/3焦煤,大连港,俄罗斯,,0.75,8.50,33.00,80.00,3065.00,0.00,平仓价,1307,2021-12-03 00:00:00,1,0,2024-07-17 06:05:30,0,2024-07-17 06:05:30,,,
2021-12-03,1/3焦煤,大连港,鹤岗市,,0.25,7.50,18.00,70.00,2130.00,0.00,平仓价,1308,2021-12-03 00:00:00,1,0,2024-07-17 06:05:30,0,2024-07-17 06:05:30,,,
2021-12-02,1/3焦煤,大连港,俄罗斯,,0.75,8.50,33.00,80.00,3065.00,0.00,平仓价,1309,2021-12-02 00:00:00,1,0,2024-07-17 06:05:30,0,2024-07-17 06:05:30,,,
2021-12-02,1/3焦煤,大连港,鹤岗市,,0.25,7.50,18.00,70.00,2130.00,0.00,平仓价,1310,2021-12-02 00:00:00,1,0,2024-07-17 06:05:30,0,2024-07-17 06:05:30,,,
2021-12-01,1/3焦煤,大连港,俄罗斯,,0.75,8.50,33.00,80.00,3065.00,0.00,平仓价,1311,2021-12-01 00:00:00,1,0,2024-07-17 06:05:30,0,2024-07-17 06:05:30,,,
2021-12-01,1/3焦煤,大连港,鹤岗市,,0.25,7.50,18.00,70.00,2130.00,0.00,平仓价,1312,2021-12-01 00:00:00,1,0,2024-07-17 06:05:30,0,2024-07-17 06:05:30,,,
2021-11-30,1/3焦煤,大连港,俄罗斯,,0.75,8.50,33.00,80.00,3065.00,0.00,平仓价,1313,2021-11-30 00:00:00,1,0,2024-07-17 06:05:30,0,2024-07-17 06:05:30,,,
2021-11-30,1/3焦煤,大连港,鹤岗市,,0.25,7.50,18.00,70.00,2130.00,0.00,平仓价,1314,2021-11-30 00:00:00,1,0,2024-07-17 06:05:30,0,2024-07-17 06:05:30,,,
2021-11-29,1/3焦煤,大连港,俄罗斯,,0.75,8.50,33.00,80.00,3065.00,0.00,平仓价,1315,2021-11-29 00:00:00,1,0,2024-07-17 06:05:30,0,2024-07-17 06:05:30,,,
2021-11-29,1/3焦煤,大连港,鹤岗市,,0.25,7.50,18.00,70.00,2130.00,0.00,平仓价,1316,2021-11-29 00:00:00,1,0,2024-07-17 06:05:30,0,2024-07-17 06:05:30,,,
2021-11-26,1/3焦煤,大连港,俄罗斯,,0.75,8.50,33.00,80.00,3065.00,0.00,平仓价,1317,2021-11-26 00:00:00,1,0,2024-07-17 06:05:30,0,2024-07-17 06:05:30,,,
2021-11-26,1/3焦煤,大连港,鹤岗市,,0.25,7.50,18.00,70.00,2130.00,0.00,平仓价,1318,2021-11-26 00:00:00,1,0,2024-07-17 06:05:30,0,2024-07-17 06:05:30,,,
2021-11-25,1/3焦煤,大连港,俄罗斯,,0.75,8.50,33.00,80.00,3065.00,0.00,平仓价,1319,2021-11-25 00:00:00,1,0,2024-07-17 06:05:30,0,2024-07-17 06:05:30,,,
2021-11-25,1/3焦煤,大连港,鹤岗市,,0.25,7.50,18.00,70.00,2130.00,-50.00,平仓价,1320,2021-11-25 00:00:00,1,0,2024-07-17 06:05:30,0,2024-07-17 06:05:30,,,
2021-11-24,1/3焦煤,大连港,俄罗斯,,0.75,8.50,33.00,80.00,3065.00,0.00,平仓价,1321,2021-11-24 00:00:00,1,0,2024-07-17 06:05:34,0,2024-07-17 06:05:34,,,
2021-11-24,1/3焦煤,大连港,鹤岗市,,0.25,7.50,18.00,70.00,2180.00,0.00,平仓价,1322,2021-11-24 00:00:00,1,0,2024-07-17 06:05:34,0,2024-07-17 06:05:34,,,
2021-11-23,1/3焦煤,大连港,俄罗斯,,0.75,8.50,33.00,80.00,3065.00,0.00,平仓价,1323,2021-11-23 00:00:00,1,0,2024-07-17 06:05:34,0,2024-07-17 06:05:34,,,
2021-11-23,1/3焦煤,大连港,鹤岗市,,0.25,7.50,18.00,70.00,2180.00,0.00,平仓价,1324,2021-11-23 00:00:00,1,0,2024-07-17 06:05:34,0,2024-07-17 06:05:34,,,
2021-11-22,1/3焦煤,大连港,俄罗斯,,0.75,8.50,33.00,80.00,3065.00,-180.00,平仓价,1325,2021-11-22 00:00:00,1,0,2024-07-17 06:05:34,0,2024-07-17 06:05:34,,,
2021-11-22,1/3焦煤,大连港,鹤岗市,,0.25,7.50,18.00,70.00,2180.00,0.00,平仓价,1326,2021-11-22 00:00:00,1,0,2024-07-17 06:05:34,0,2024-07-17 06:05:34,,,
2021-11-19,1/3焦煤,大连港,俄罗斯,,0.75,8.50,33.00,80.00,3245.00,0.00,平仓价,1327,2021-11-19 00:00:00,1,0,2024-07-17 06:05:34,0,2024-07-17 06:05:34,,,
2021-11-19,1/3焦煤,大连港,鹤岗市,,0.25,7.50,18.00,70.00,2180.00,0.00,平仓价,1328,2021-11-19 00:00:00,1,0,2024-07-17 06:05:34,0,2024-07-17 06:05:34,,,
2021-11-18,1/3焦煤,大连港,俄罗斯,,0.75,8.50,33.00,80.00,3245.00,0.00,平仓价,1329,2021-11-18 00:00:00,1,0,2024-07-17 06:05:34,0,2024-07-17 06:05:34,,,
2021-11-18,1/3焦煤,大连港,鹤岗市,,0.25,7.50,18.00,70.00,2180.00,0.00,平仓价,1330,2021-11-18 00:00:00,1,0,2024-07-17 06:05:34,0,2024-07-17 06:05:34,,,
2021-11-17,1/3焦煤,大连港,俄罗斯,,0.75,8.50,33.00,80.00,3245.00,0.00,平仓价,1331,2021-11-17 00:00:00,1,0,2024-07-17 06:05:34,0,2024-07-17 06:05:34,,,
2021-11-17,1/3焦煤,大连港,鹤岗市,,0.25,7.50,18.00,70.00,2180.00,0.00,平仓价,1332,2021-11-17 00:00:00,1,0,2024-07-17 06:05:34,0,2024-07-17 06:05:34,,,
2021-11-16,1/3焦煤,大连港,俄罗斯,,0.75,8.50,33.00,80.00,3245.00,0.00,平仓价,1333,2021-11-16 00:00:00,1,0,2024-07-17 06:05:34,0,2024-07-17 06:05:34,,,
2021-11-16,1/3焦煤,大连港,鹤岗市,,0.25,7.50,18.00,70.00,2180.00,0.00,平仓价,1334,2021-11-16 00:00:00,1,0,2024-07-17 06:05:34,0,2024-07-17 06:05:34,,,
2021-11-15,1/3焦煤,大连港,俄罗斯,,0.75,8.50,33.00,80.00,3245.00,0.00,平仓价,1335,2021-11-15 00:00:00,1,0,2024-07-17 06:05:34,0,2024-07-17 06:05:34,,,
2021-11-15,1/3焦煤,大连港,鹤岗市,,0.25,7.50,18.00,70.00,2180.00,0.00,平仓价,1336,2021-11-15 00:00:00,1,0,2024-07-17 06:05:34,0,2024-07-17 06:05:34,,,
2021-11-12,1/3焦煤,大连港,俄罗斯,,0.75,8.50,33.00,80.00,3245.00,0.00,平仓价,1337,2021-11-12 00:00:00,1,0,2024-07-17 06:05:34,0,2024-07-17 06:05:34,,,
2021-11-12,1/3焦煤,大连港,鹤岗市,,0.25,7.50,18.00,70.00,2180.00,0.00,平仓价,1338,2021-11-12 00:00:00,1,0,2024-07-17 06:05:34,0,2024-07-17 06:05:34,,,
2021-11-11,1/3焦煤,大连港,俄罗斯,,0.75,8.50,33.00,80.00,3245.00,0.00,平仓价,1339,2021-11-11 00:00:00,1,0,2024-07-17 06:05:34,0,2024-07-17 06:05:34,,,
2021-11-11,1/3焦煤,大连港,鹤岗市,,0.25,7.50,18.00,70.00,2180.00,0.00,平仓价,1340,2021-11-11 00:00:00,1,0,2024-07-17 06:05:34,0,2024-07-17 06:05:34,,,
2021-11-10,1/3焦煤,大连港,俄罗斯,,0.75,8.50,33.00,80.00,3245.00,0.00,平仓价,1341,2021-11-10 00:00:00,1,0,2024-07-17 06:05:34,0,2024-07-17 06:05:34,,,
2021-11-10,1/3焦煤,大连港,鹤岗市,,0.25,7.50,18.00,70.00,2180.00,0.00,平仓价,1342,2021-11-10 00:00:00,1,0,2024-07-17 06:05:34,0,2024-07-17 06:05:34,,,
2021-11-09,1/3焦煤,大连港,俄罗斯,,0.75,8.50,33.00,80.00,3245.00,0.00,平仓价,1343,2021-11-09 00:00:00,1,0,2024-07-17 06:05:34,0,2024-07-17 06:05:34,,,
2021-11-09,1/3焦煤,大连港,鹤岗市,,0.25,7.50,18.00,70.00,2180.00,0.00,平仓价,1344,2021-11-09 00:00:00,1,0,2024-07-17 06:05:34,0,2024-07-17 06:05:34,,,
2021-11-08,1/3焦煤,大连港,俄罗斯,,0.75,8.50,33.00,80.00,3245.00,-40.00,平仓价,1345,2021-11-08 00:00:00,1,0,2024-07-17 06:05:34,0,2024-07-17 06:05:34,,,
2021-11-08,1/3焦煤,大连港,鹤岗市,,0.25,7.50,18.00,70.00,2180.00,0.00,平仓价,1346,2021-11-08 00:00:00,1,0,2024-07-17 06:05:34,0,2024-07-17 06:05:34,,,
2021-11-05,1/3焦煤,大连港,俄罗斯,,0.75,8.50,33.00,80.00,3285.00,-45.00,平仓价,1347,2021-11-05 00:00:00,1,0,2024-07-17 06:05:34,0,2024-07-17 06:05:34,,,
2021-11-05,1/3焦煤,大连港,鹤岗市,,0.25,7.50,18.00,70.00,2180.00,0.00,平仓价,1348,2021-11-05 00:00:00,1,0,2024-07-17 06:05:34,0,2024-07-17 06:05:34,,,
2021-11-04,1/3焦煤,大连港,俄罗斯,,0.75,8.50,33.00,80.00,3330.00,0.00,平仓价,1349,2021-11-04 00:00:00,1,0,2024-07-17 06:05:34,0,2024-07-17 06:05:34,,,
2021-11-04,1/3焦煤,大连港,鹤岗市,,0.25,7.50,18.00,70.00,2180.00,0.00,平仓价,1350,2021-11-04 00:00:00,1,0,2024-07-17 06:05:34,0,2024-07-17 06:05:34,,,
2021-11-03,1/3焦煤,大连港,俄罗斯,,0.75,8.50,33.00,80.00,3330.00,0.00,平仓价,1351,2021-11-03 00:00:00,1,0,2024-07-17 06:05:37,0,2024-07-17 06:05:37,,,
2021-11-03,1/3焦煤,大连港,鹤岗市,,0.25,7.50,18.00,70.00,2180.00,-50.00,平仓价,1352,2021-11-03 00:00:00,1,0,2024-07-17 06:05:37,0,2024-07-17 06:05:37,,,
2021-11-02,1/3焦煤,大连港,俄罗斯,,0.75,8.50,33.00,80.00,3330.00,0.00,平仓价,1353,2021-11-02 00:00:00,1,0,2024-07-17 06:05:37,0,2024-07-17 06:05:37,,,
2021-11-02,1/3焦煤,大连港,鹤岗市,,0.25,7.50,18.00,70.00,2230.00,0.00,平仓价,1354,2021-11-02 00:00:00,1,0,2024-07-17 06:05:37,0,2024-07-17 06:05:37,,,
2021-11-01,1/3焦煤,大连港,俄罗斯,,0.75,8.50,33.00,80.00,3330.00,0.00,平仓价,1355,2021-11-01 00:00:00,1,0,2024-07-17 06:05:37,0,2024-07-17 06:05:37,,,
2021-11-01,1/3焦煤,大连港,鹤岗市,,0.25,7.50,18.00,70.00,2230.00,0.00,平仓价,1356,2021-11-01 00:00:00,1,0,2024-07-17 06:05:37,0,2024-07-17 06:05:37,,,
2021-10-29,1/3焦煤,大连港,俄罗斯,,0.75,8.50,33.00,80.00,3330.00,0.00,平仓价,1357,2021-10-29 00:00:00,1,0,2024-07-17 06:05:37,0,2024-07-17 06:05:37,,,
2021-10-29,1/3焦煤,大连港,鹤岗市,,0.25,7.50,18.00,70.00,2230.00,0.00,平仓价,1358,2021-10-29 00:00:00,1,0,2024-07-17 06:05:37,0,2024-07-17 06:05:37,,,
2021-10-28,1/3焦煤,大连港,俄罗斯,,0.75,8.50,33.00,80.00,3330.00,0.00,平仓价,1359,2021-10-28 00:00:00,1,0,2024-07-17 06:05:37,0,2024-07-17 06:05:37,,,
2021-10-28,1/3焦煤,大连港,鹤岗市,,0.25,7.50,18.00,70.00,2230.00,0.00,平仓价,1360,2021-10-28 00:00:00,1,0,2024-07-17 06:05:37,0,2024-07-17 06:05:37,,,
2021-10-27,1/3焦煤,大连港,俄罗斯,,0.75,8.50,33.00,80.00,3330.00,0.00,平仓价,1361,2021-10-27 00:00:00,1,0,2024-07-17 06:05:37,0,2024-07-17 06:05:37,,,
2021-10-27,1/3焦煤,大连港,鹤岗市,,0.25,7.50,18.00,70.00,2230.00,0.00,平仓价,1362,2021-10-27 00:00:00,1,0,2024-07-17 06:05:37,0,2024-07-17 06:05:37,,,
2021-10-26,1/3焦煤,大连港,俄罗斯,,0.75,8.50,33.00,80.00,3330.00,180.00,平仓价,1363,2021-10-26 00:00:00,1,0,2024-07-17 06:05:37,0,2024-07-17 06:05:37,,,
2021-10-26,1/3焦煤,大连港,鹤岗市,,0.25,7.50,18.00,70.00,2230.00,0.00,平仓价,1364,2021-10-26 00:00:00,1,0,2024-07-17 06:05:37,0,2024-07-17 06:05:37,,,
2021-10-25,1/3焦煤,大连港,俄罗斯,,0.75,8.50,33.00,80.00,3150.00,0.00,平仓价,1365,2021-10-25 00:00:00,1,0,2024-07-17 06:05:37,0,2024-07-17 06:05:37,,,
2021-10-25,1/3焦煤,大连港,鹤岗市,,0.25,7.50,18.00,70.00,2230.00,100.00,平仓价,1366,2021-10-25 00:00:00,1,0,2024-07-17 06:05:37,0,2024-07-17 06:05:37,,,
2021-10-22,1/3焦煤,大连港,俄罗斯,,0.75,8.50,33.00,80.00,3150.00,0.00,平仓价,1367,2021-10-22 00:00:00,1,0,2024-07-17 06:05:37,0,2024-07-17 06:05:37,,,
2021-10-22,1/3焦煤,大连港,鹤岗市,,0.25,7.50,18.00,70.00,2130.00,0.00,平仓价,1368,2021-10-22 00:00:00,1,0,2024-07-17 06:05:37,0,2024-07-17 06:05:37,,,
2021-10-21,1/3焦煤,大连港,俄罗斯,,0.75,8.50,33.00,80.00,3150.00,0.00,平仓价,1369,2021-10-21 00:00:00,1,0,2024-07-17 06:05:37,0,2024-07-17 06:05:37,,,
2021-10-21,1/3焦煤,大连港,鹤岗市,,0.25,7.50,18.00,70.00,2130.00,0.00,平仓价,1370,2021-10-21 00:00:00,1,0,2024-07-17 06:05:37,0,2024-07-17 06:05:37,,,
2021-10-20,1/3焦煤,大连港,俄罗斯,,0.75,8.50,33.00,80.00,3150.00,0.00,平仓价,1371,2021-10-20 00:00:00,1,0,2024-07-17 06:05:37,0,2024-07-17 06:05:37,,,
2021-10-20,1/3焦煤,大连港,鹤岗市,,0.25,7.50,18.00,70.00,2130.00,0.00,平仓价,1372,2021-10-20 00:00:00,1,0,2024-07-17 06:05:37,0,2024-07-17 06:05:37,,,
2021-10-19,1/3焦煤,大连港,俄罗斯,,0.75,8.50,33.00,80.00,3150.00,-90.00,平仓价,1373,2021-10-19 00:00:00,1,0,2024-07-17 06:05:37,0,2024-07-17 06:05:37,,,
2021-10-19,1/3焦煤,大连港,鹤岗市,,0.25,7.50,18.00,70.00,2130.00,0.00,平仓价,1374,2021-10-19 00:00:00,1,0,2024-07-17 06:05:37,0,2024-07-17 06:05:37,,,
2021-10-18,1/3焦煤,大连港,俄罗斯,,0.75,8.50,33.00,80.00,3240.00,0.00,平仓价,1375,2021-10-18 00:00:00,1,0,2024-07-17 06:05:37,0,2024-07-17 06:05:37,,,
2021-10-18,1/3焦煤,大连港,鹤岗市,,0.25,7.50,18.00,70.00,2130.00,0.00,平仓价,1376,2021-10-18 00:00:00,1,0,2024-07-17 06:05:37,0,2024-07-17 06:05:37,,,
2021-10-15,1/3焦煤,大连港,俄罗斯,,0.75,8.50,33.00,80.00,3240.00,0.00,平仓价,1377,2021-10-15 00:00:00,1,0,2024-07-17 06:05:37,0,2024-07-17 06:05:37,,,
2021-10-15,1/3焦煤,大连港,鹤岗市,,0.25,7.50,18.00,70.00,2130.00,0.00,平仓价,1378,2021-10-15 00:00:00,1,0,2024-07-17 06:05:37,0,2024-07-17 06:05:37,,,
2021-10-14,1/3焦煤,大连港,俄罗斯,,0.75,8.50,33.00,80.00,3240.00,0.00,平仓价,1379,2021-10-14 00:00:00,1,0,2024-07-17 06:05:37,0,2024-07-17 06:05:37,,,
2021-10-14,1/3焦煤,大连港,鹤岗市,,0.25,7.50,18.00,70.00,2130.00,0.00,平仓价,1380,2021-10-14 00:00:00,1,0,2024-07-17 06:05:37,0,2024-07-17 06:05:37,,,
2021-10-13,1/3焦煤,大连港,俄罗斯,,0.75,8.50,33.00,80.00,3240.00,0.00,平仓价,1381,2021-10-13 00:00:00,1,0,2024-07-17 06:05:40,0,2024-07-17 06:05:40,,,
2021-10-13,1/3焦煤,大连港,鹤岗市,,0.25,7.50,18.00,70.00,2130.00,580.00,平仓价,1382,2021-10-13 00:00:00,1,0,2024-07-17 06:05:40,0,2024-07-17 06:05:40,,,
2021-10-12,1/3焦煤,大连港,俄罗斯,,0.75,8.50,33.00,80.00,3240.00,0.00,平仓价,1383,2021-10-12 00:00:00,1,0,2024-07-17 06:05:40,0,2024-07-17 06:05:40,,,
2021-10-12,1/3焦煤,大连港,鹤岗市,,0.25,7.50,18.00,70.00,1550.00,0.00,平仓价,1384,2021-10-12 00:00:00,1,0,2024-07-17 06:05:40,0,2024-07-17 06:05:40,,,
2021-10-11,1/3焦煤,大连港,俄罗斯,,0.75,8.50,33.00,80.00,3240.00,0.00,平仓价,1385,2021-10-11 00:00:00,1,0,2024-07-17 06:05:40,0,2024-07-17 06:05:40,,,
2021-10-11,1/3焦煤,大连港,鹤岗市,,0.25,7.50,18.00,70.00,1550.00,0.00,平仓价,1386,2021-10-11 00:00:00,1,0,2024-07-17 06:05:40,0,2024-07-17 06:05:40,,,
2021-10-09,1/3焦煤,大连港,俄罗斯,,0.75,8.50,33.00,80.00,3240.00,0.00,平仓价,1387,2021-10-09 00:00:00,1,0,2024-07-17 06:05:40,0,2024-07-17 06:05:40,,,
2021-10-09,1/3焦煤,大连港,鹤岗市,,0.25,7.50,18.00,70.00,1550.00,0.00,平仓价,1388,2021-10-09 00:00:00,1,0,2024-07-17 06:05:40,0,2024-07-17 06:05:40,,,
2021-10-08,1/3焦煤,大连港,俄罗斯,,0.75,8.50,33.00,80.00,3240.00,0.00,平仓价,1389,2021-10-08 00:00:00,1,0,2024-07-17 06:05:40,0,2024-07-17 06:05:40,,,
2021-10-08,1/3焦煤,大连港,鹤岗市,,0.25,7.50,18.00,70.00,1550.00,0.00,平仓价,1390,2021-10-08 00:00:00,1,0,2024-07-17 06:05:40,0,2024-07-17 06:05:40,,,
2021-09-30,1/3焦煤,大连港,俄罗斯,,0.75,8.50,33.00,80.00,3240.00,0.00,平仓价,1391,2021-09-30 00:00:00,1,0,2024-07-17 06:05:40,0,2024-07-17 06:05:40,,,
2021-09-30,1/3焦煤,大连港,鹤岗市,,0.25,7.50,18.00,70.00,1550.00,0.00,平仓价,1392,2021-09-30 00:00:00,1,0,2024-07-17 06:05:40,0,2024-07-17 06:05:40,,,
2021-09-29,1/3焦煤,大连港,俄罗斯,,0.75,8.50,33.00,80.00,3240.00,0.00,平仓价,1393,2021-09-29 00:00:00,1,0,2024-07-17 06:05:40,0,2024-07-17 06:05:40,,,
2021-09-29,1/3焦煤,大连港,鹤岗市,,0.25,7.50,18.00,70.00,1550.00,0.00,平仓价,1394,2021-09-29 00:00:00,1,0,2024-07-17 06:05:40,0,2024-07-17 06:05:40,,,
2021-09-28,1/3焦煤,大连港,俄罗斯,,0.75,8.50,33.00,80.00,3240.00,0.00,平仓价,1395,2021-09-28 00:00:00,1,0,2024-07-17 06:05:40,0,2024-07-17 06:05:40,,,
2021-09-28,1/3焦煤,大连港,鹤岗市,,0.25,7.50,18.00,70.00,1550.00,0.00,平仓价,1396,2021-09-28 00:00:00,1,0,2024-07-17 06:05:40,0,2024-07-17 06:05:40,,,
2021-09-27,1/3焦煤,大连港,俄罗斯,,0.75,8.50,33.00,80.00,3240.00,0.00,平仓价,1397,2021-09-27 00:00:00,1,0,2024-07-17 06:05:40,0,2024-07-17 06:05:40,,,
2021-09-27,1/3焦煤,大连港,鹤岗市,,0.25,7.50,18.00,70.00,1550.00,0.00,平仓价,1398,2021-09-27 00:00:00,1,0,2024-07-17 06:05:40,0,2024-07-17 06:05:40,,,
2021-09-26,1/3焦煤,大连港,俄罗斯,,0.75,8.50,33.00,80.00,3240.00,0.00,平仓价,1399,2021-09-26 00:00:00,1,0,2024-07-17 06:05:40,0,2024-07-17 06:05:40,,,
2021-09-26,1/3焦煤,大连港,鹤岗市,,0.25,7.50,18.00,70.00,1550.00,0.00,平仓价,1400,2021-09-26 00:00:00,1,0,2024-07-17 06:05:40,0,2024-07-17 06:05:40,,,
2021-09-24,1/3焦煤,大连港,俄罗斯,,0.75,8.50,33.00,80.00,3240.00,0.00,平仓价,1401,2021-09-24 00:00:00,1,0,2024-07-17 06:05:40,0,2024-07-17 06:05:40,,,
2021-09-24,1/3焦煤,大连港,鹤岗市,,0.25,7.50,18.00,70.00,1550.00,0.00,平仓价,1402,2021-09-24 00:00:00,1,0,2024-07-17 06:05:40,0,2024-07-17 06:05:40,,,
2021-09-23,1/3焦煤,大连港,俄罗斯,,0.75,8.50,33.00,80.00,3240.00,0.00,平仓价,1403,2021-09-23 00:00:00,1,0,2024-07-17 06:05:40,0,2024-07-17 06:05:40,,,
2021-09-23,1/3焦煤,大连港,鹤岗市,,0.25,7.50,18.00,70.00,1550.00,0.00,平仓价,1404,2021-09-23 00:00:00,1,0,2024-07-17 06:05:40,0,2024-07-17 06:05:40,,,
2021-09-22,1/3焦煤,大连港,俄罗斯,,0.75,8.50,33.00,80.00,3240.00,0.00,平仓价,1405,2021-09-22 00:00:00,1,0,2024-07-17 06:05:40,0,2024-07-17 06:05:40,,,
2021-09-22,1/3焦煤,大连港,鹤岗市,,0.25,7.50,18.00,70.00,1550.00,0.00,平仓价,1406,2021-09-22 00:00:00,1,0,2024-07-17 06:05:40,0,2024-07-17 06:05:40,,,
2021-09-18,1/3焦煤,大连港,俄罗斯,,0.75,8.50,33.00,80.00,3240.00,0.00,平仓价,1407,2021-09-18 00:00:00,1,0,2024-07-17 06:05:40,0,2024-07-17 06:05:40,,,
2021-09-18,1/3焦煤,大连港,鹤岗市,,0.25,7.50,18.00,70.00,1550.00,0.00,平仓价,1408,2021-09-18 00:00:00,1,0,2024-07-17 06:05:40,0,2024-07-17 06:05:40,,,
2021-09-17,1/3焦煤,大连港,俄罗斯,,0.75,8.50,33.00,80.00,3240.00,45.00,平仓价,1409,2021-09-17 00:00:00,1,0,2024-07-17 06:05:40,0,2024-07-17 06:05:40,,,
2021-09-17,1/3焦煤,大连港,鹤岗市,,0.25,7.50,18.00,70.00,1550.00,0.00,平仓价,1410,2021-09-17 00:00:00,1,0,2024-07-17 06:05:40,0,2024-07-17 06:05:40,,,
2021-09-16,1/3焦煤,大连港,俄罗斯,,0.75,8.50,33.00,80.00,3195.00,0.00,平仓价,1411,2021-09-16 00:00:00,1,0,2024-07-17 06:05:44,0,2024-07-17 06:05:44,,,
2021-09-16,1/3焦煤,大连港,鹤岗市,,0.25,7.50,18.00,70.00,1550.00,0.00,平仓价,1412,2021-09-16 00:00:00,1,0,2024-07-17 06:05:44,0,2024-07-17 06:05:44,,,
2021-09-15,1/3焦煤,大连港,俄罗斯,,0.75,8.50,33.00,80.00,3195.00,0.00,平仓价,1413,2021-09-15 00:00:00,1,0,2024-07-17 06:05:44,0,2024-07-17 06:05:44,,,
2021-09-15,1/3焦煤,大连港,鹤岗市,,0.25,7.50,18.00,70.00,1550.00,0.00,平仓价,1414,2021-09-15 00:00:00,1,0,2024-07-17 06:05:44,0,2024-07-17 06:05:44,,,
2021-09-14,1/3焦煤,大连港,俄罗斯,,0.75,8.50,33.00,80.00,3195.00,0.00,平仓价,1415,2021-09-14 00:00:00,1,0,2024-07-17 06:05:44,0,2024-07-17 06:05:44,,,
2021-09-14,1/3焦煤,大连港,鹤岗市,,0.25,7.50,18.00,70.00,1550.00,0.00,平仓价,1416,2021-09-14 00:00:00,1,0,2024-07-17 06:05:44,0,2024-07-17 06:05:44,,,
2021-09-13,1/3焦煤,大连港,俄罗斯,,0.75,8.50,33.00,80.00,3195.00,140.00,平仓价,1417,2021-09-13 00:00:00,1,0,2024-07-17 06:05:44,0,2024-07-17 06:05:44,,,
2021-09-13,1/3焦煤,大连港,鹤岗市,,0.25,7.50,18.00,70.00,1550.00,0.00,平仓价,1418,2021-09-13 00:00:00,1,0,2024-07-17 06:05:44,0,2024-07-17 06:05:44,,,
2021-09-10,1/3焦煤,大连港,俄罗斯,,0.75,8.50,33.00,80.00,3055.00,0.00,平仓价,1419,2021-09-10 00:00:00,1,0,2024-07-17 06:05:44,0,2024-07-17 06:05:44,,,
2021-09-10,1/3焦煤,大连港,鹤岗市,,0.25,7.50,18.00,70.00,1550.00,0.00,平仓价,1420,2021-09-10 00:00:00,1,0,2024-07-17 06:05:44,0,2024-07-17 06:05:44,,,
2021-09-09,1/3焦煤,大连港,俄罗斯,,0.75,8.50,33.00,80.00,3055.00,455.00,平仓价,1421,2021-09-09 00:00:00,1,0,2024-07-17 06:05:44,0,2024-07-17 06:05:44,,,
2021-09-09,1/3焦煤,大连港,鹤岗市,,0.25,7.50,18.00,70.00,1550.00,0.00,平仓价,1422,2021-09-09 00:00:00,1,0,2024-07-17 06:05:44,0,2024-07-17 06:05:44,,,
2021-09-08,1/3焦煤,大连港,俄罗斯,,0.75,8.50,33.00,80.00,2600.00,0.00,平仓价,1423,2021-09-08 00:00:00,1,0,2024-07-17 06:05:44,0,2024-07-17 06:05:44,,,
2021-09-08,1/3焦煤,大连港,鹤岗市,,0.25,7.50,18.00,70.00,1550.00,0.00,平仓价,1424,2021-09-08 00:00:00,1,0,2024-07-17 06:05:44,0,2024-07-17 06:05:44,,,
2021-09-07,1/3焦煤,大连港,俄罗斯,,0.75,8.50,33.00,80.00,2600.00,0.00,平仓价,1425,2021-09-07 00:00:00,1,0,2024-07-17 06:05:44,0,2024-07-17 06:05:44,,,
2021-09-07,1/3焦煤,大连港,鹤岗市,,0.25,7.50,18.00,70.00,1550.00,0.00,平仓价,1426,2021-09-07 00:00:00,1,0,2024-07-17 06:05:44,0,2024-07-17 06:05:44,,,
2021-09-06,1/3焦煤,大连港,俄罗斯,,0.75,8.50,33.00,80.00,2600.00,0.00,平仓价,1427,2021-09-06 00:00:00,1,0,2024-07-17 06:05:44,0,2024-07-17 06:05:44,,,
2021-09-06,1/3焦煤,大连港,鹤岗市,,0.25,7.50,18.00,70.00,1550.00,0.00,平仓价,1428,2021-09-06 00:00:00,1,0,2024-07-17 06:05:44,0,2024-07-17 06:05:44,,,
2021-09-03,1/3焦煤,大连港,俄罗斯,,0.75,8.50,33.00,80.00,2600.00,0.00,平仓价,1429,2021-09-03 00:00:00,1,0,2024-07-17 06:05:44,0,2024-07-17 06:05:44,,,
2021-09-03,1/3焦煤,大连港,鹤岗市,,0.25,7.50,18.00,70.00,1550.00,0.00,平仓价,1430,2021-09-03 00:00:00,1,0,2024-07-17 06:05:44,0,2024-07-17 06:05:44,,,
2021-09-02,1/3焦煤,大连港,俄罗斯,,0.75,8.50,33.00,80.00,2600.00,0.00,平仓价,1431,2021-09-02 00:00:00,1,0,2024-07-17 06:05:44,0,2024-07-17 06:05:44,,,
2021-09-02,1/3焦煤,大连港,鹤岗市,,0.25,7.50,18.00,70.00,1550.00,0.00,平仓价,1432,2021-09-02 00:00:00,1,0,2024-07-17 06:05:44,0,2024-07-17 06:05:44,,,
2021-09-01,1/3焦煤,大连港,俄罗斯,,0.75,8.50,33.00,80.00,2600.00,90.00,平仓价,1433,2021-09-01 00:00:00,1,0,2024-07-17 06:05:44,0,2024-07-17 06:05:44,,,
2021-09-01,1/3焦煤,大连港,鹤岗市,,0.25,7.50,18.00,70.00,1550.00,0.00,平仓价,1434,2021-09-01 00:00:00,1,0,2024-07-17 06:05:44,0,2024-07-17 06:05:44,,,
2021-08-31,1/3焦煤,大连港,俄罗斯,,0.75,8.50,33.00,80.00,2510.00,0.00,平仓价,1435,2021-08-31 00:00:00,1,0,2024-07-17 06:05:44,0,2024-07-17 06:05:44,,,
2021-08-31,1/3焦煤,大连港,鹤岗市,,0.25,7.50,18.00,70.00,1550.00,0.00,平仓价,1436,2021-08-31 00:00:00,1,0,2024-07-17 06:05:44,0,2024-07-17 06:05:44,,,
2021-08-30,1/3焦煤,大连港,俄罗斯,,0.75,8.50,33.00,80.00,2510.00,0.00,平仓价,1437,2021-08-30 00:00:00,1,0,2024-07-17 06:05:44,0,2024-07-17 06:05:44,,,
2021-08-30,1/3焦煤,大连港,鹤岗市,,0.25,7.50,18.00,70.00,1550.00,0.00,平仓价,1438,2021-08-30 00:00:00,1,0,2024-07-17 06:05:44,0,2024-07-17 06:05:44,,,
2021-08-27,1/3焦煤,大连港,俄罗斯,,0.75,8.50,33.00,80.00,2510.00,0.00,平仓价,1439,2021-08-27 00:00:00,1,0,2024-07-17 06:05:44,0,2024-07-17 06:05:44,,,
2021-08-27,1/3焦煤,大连港,鹤岗市,,0.25,7.50,18.00,70.00,1550.00,0.00,平仓价,1440,2021-08-27 00:00:00,1,0,2024-07-17 06:05:44,0,2024-07-17 06:05:44,,,
2021-08-26,1/3焦煤,大连港,俄罗斯,,0.75,8.50,33.00,80.00,2510.00,180.00,平仓价,1441,2021-08-26 00:00:00,1,0,2024-07-17 06:05:48,0,2024-07-17 06:05:48,,,
2021-08-26,1/3焦煤,大连港,鹤岗市,,0.25,7.50,18.00,70.00,1550.00,0.00,平仓价,1442,2021-08-26 00:00:00,1,0,2024-07-17 06:05:48,0,2024-07-17 06:05:48,,,
2021-08-25,1/3焦煤,大连港,俄罗斯,,0.75,8.50,33.00,80.00,2330.00,0.00,平仓价,1443,2021-08-25 00:00:00,1,0,2024-07-17 06:05:48,0,2024-07-17 06:05:48,,,
2021-08-25,1/3焦煤,大连港,鹤岗市,,0.25,7.50,18.00,70.00,1550.00,0.00,平仓价,1444,2021-08-25 00:00:00,1,0,2024-07-17 06:05:48,0,2024-07-17 06:05:48,,,
2021-08-24,1/3焦煤,大连港,俄罗斯,,0.75,8.50,33.00,80.00,2330.00,0.00,平仓价,1445,2021-08-24 00:00:00,1,0,2024-07-17 06:05:48,0,2024-07-17 06:05:48,,,
2021-08-24,1/3焦煤,大连港,鹤岗市,,0.25,7.50,18.00,70.00,1550.00,0.00,平仓价,1446,2021-08-24 00:00:00,1,0,2024-07-17 06:05:48,0,2024-07-17 06:05:48,,,
2021-08-23,1/3焦煤,大连港,俄罗斯,,0.75,8.50,33.00,80.00,2330.00,320.00,平仓价,1447,2021-08-23 00:00:00,1,0,2024-07-17 06:05:48,0,2024-07-17 06:05:48,,,
2021-08-23,1/3焦煤,大连港,鹤岗市,,0.25,7.50,18.00,70.00,1550.00,0.00,平仓价,1448,2021-08-23 00:00:00,1,0,2024-07-17 06:05:48,0,2024-07-17 06:05:48,,,
2021-08-20,1/3焦煤,大连港,俄罗斯,,0.75,8.50,33.00,80.00,2010.00,0.00,平仓价,1449,2021-08-20 00:00:00,1,0,2024-07-17 06:05:48,0,2024-07-17 06:05:48,,,
2021-08-20,1/3焦煤,大连港,鹤岗市,,0.25,7.50,18.00,70.00,1550.00,0.00,平仓价,1450,2021-08-20 00:00:00,1,0,2024-07-17 06:05:48,0,2024-07-17 06:05:48,,,
2021-08-19,1/3焦煤,大连港,俄罗斯,,0.75,8.50,33.00,80.00,2010.00,315.00,平仓价,1451,2021-08-19 00:00:00,1,0,2024-07-17 06:05:48,0,2024-07-17 06:05:48,,,
2021-08-19,1/3焦煤,大连港,鹤岗市,,0.25,7.50,18.00,70.00,1550.00,0.00,平仓价,1452,2021-08-19 00:00:00,1,0,2024-07-17 06:05:48,0,2024-07-17 06:05:48,,,
2021-08-18,1/3焦煤,大连港,俄罗斯,,0.75,8.50,33.00,80.00,1695.00,0.00,平仓价,1453,2021-08-18 00:00:00,1,0,2024-07-17 06:05:48,0,2024-07-17 06:05:48,,,
2021-08-18,1/3焦煤,大连港,鹤岗市,,0.25,7.50,18.00,70.00,1550.00,0.00,平仓价,1454,2021-08-18 00:00:00,1,0,2024-07-17 06:05:48,0,2024-07-17 06:05:48,,,
2021-08-17,1/3焦煤,大连港,俄罗斯,,0.75,8.50,33.00,80.00,1695.00,0.00,平仓价,1455,2021-08-17 00:00:00,1,0,2024-07-17 06:05:48,0,2024-07-17 06:05:48,,,
2021-08-17,1/3焦煤,大连港,鹤岗市,,0.25,7.50,18.00,70.00,1550.00,0.00,平仓价,1456,2021-08-17 00:00:00,1,0,2024-07-17 06:05:48,0,2024-07-17 06:05:48,,,
2021-08-16,1/3焦煤,大连港,俄罗斯,,0.75,8.50,33.00,80.00,1695.00,0.00,平仓价,1457,2021-08-16 00:00:00,1,0,2024-07-17 06:05:48,0,2024-07-17 06:05:48,,,
2021-08-16,1/3焦煤,大连港,鹤岗市,,0.25,7.50,18.00,70.00,1550.00,0.00,平仓价,1458,2021-08-16 00:00:00,1,0,2024-07-17 06:05:48,0,2024-07-17 06:05:48,,,
2021-08-13,1/3焦煤,大连港,俄罗斯,,0.75,8.50,33.00,80.00,1695.00,0.00,平仓价,1459,2021-08-13 00:00:00,1,0,2024-07-17 06:05:48,0,2024-07-17 06:05:48,,,
2021-08-13,1/3焦煤,大连港,鹤岗市,,0.25,7.50,18.00,70.00,1550.00,0.00,平仓价,1460,2021-08-13 00:00:00,1,0,2024-07-17 06:05:48,0,2024-07-17 06:05:48,,,
2021-08-12,1/3焦煤,大连港,俄罗斯,,0.75,8.50,33.00,80.00,1695.00,0.00,平仓价,1461,2021-08-12 00:00:00,1,0,2024-07-17 06:05:48,0,2024-07-17 06:05:48,,,
2021-08-12,1/3焦煤,大连港,鹤岗市,,0.25,7.50,18.00,70.00,1550.00,0.00,平仓价,1462,2021-08-12 00:00:00,1,0,2024-07-17 06:05:48,0,2024-07-17 06:05:48,,,
2021-08-11,1/3焦煤,大连港,俄罗斯,,0.75,8.50,33.00,80.00,1695.00,0.00,平仓价,1463,2021-08-11 00:00:00,1,0,2024-07-17 06:05:48,0,2024-07-17 06:05:48,,,
2021-08-11,1/3焦煤,大连港,鹤岗市,,0.25,7.50,18.00,70.00,1550.00,0.00,平仓价,1464,2021-08-11 00:00:00,1,0,2024-07-17 06:05:48,0,2024-07-17 06:05:48,,,
2021-08-10,1/3焦煤,大连港,俄罗斯,,0.75,8.50,33.00,80.00,1695.00,0.00,平仓价,1465,2021-08-10 00:00:00,1,0,2024-07-17 06:05:48,0,2024-07-17 06:05:48,,,
2021-08-10,1/3焦煤,大连港,鹤岗市,,0.25,7.50,18.00,70.00,1550.00,0.00,平仓价,1466,2021-08-10 00:00:00,1,0,2024-07-17 06:05:48,0,2024-07-17 06:05:48,,,
2021-08-09,1/3焦煤,大连港,俄罗斯,,0.75,8.50,33.00,80.00,1695.00,0.00,平仓价,1467,2021-08-09 00:00:00,1,0,2024-07-17 06:05:48,0,2024-07-17 06:05:48,,,
2021-08-09,1/3焦煤,大连港,鹤岗市,,0.25,7.50,18.00,70.00,1550.00,0.00,平仓价,1468,2021-08-09 00:00:00,1,0,2024-07-17 06:05:48,0,2024-07-17 06:05:48,,,
2021-08-06,1/3焦煤,大连港,俄罗斯,,0.75,8.50,33.00,80.00,1695.00,0.00,平仓价,1469,2021-08-06 00:00:00,1,0,2024-07-17 06:05:48,0,2024-07-17 06:05:48,,,
2021-08-06,1/3焦煤,大连港,鹤岗市,,0.25,7.50,18.00,70.00,1550.00,0.00,平仓价,1470,2021-08-06 00:00:00,1,0,2024-07-17 06:05:48,0,2024-07-17 06:05:48,,,
2021-08-05,1/3焦煤,大连港,俄罗斯,,0.75,8.50,33.00,80.00,1695.00,0.00,平仓价,1471,2021-08-05 00:00:00,1,0,2024-07-17 06:05:50,0,2024-07-17 06:05:50,,,
2021-08-05,1/3焦煤,大连港,鹤岗市,,0.25,7.50,18.00,70.00,1550.00,0.00,平仓价,1472,2021-08-05 00:00:00,1,0,2024-07-17 06:05:50,0,2024-07-17 06:05:50,,,
2021-08-04,1/3焦煤,大连港,俄罗斯,,0.75,8.50,33.00,80.00,1695.00,0.00,平仓价,1473,2021-08-04 00:00:00,1,0,2024-07-17 06:05:50,0,2024-07-17 06:05:50,,,
2021-08-04,1/3焦煤,大连港,鹤岗市,,0.25,7.50,18.00,70.00,1550.00,0.00,平仓价,1474,2021-08-04 00:00:00,1,0,2024-07-17 06:05:50,0,2024-07-17 06:05:50,,,
2021-08-03,1/3焦煤,大连港,俄罗斯,,0.75,8.50,33.00,80.00,1695.00,0.00,平仓价,1475,2021-08-03 00:00:00,1,0,2024-07-17 06:05:50,0,2024-07-17 06:05:50,,,
2021-08-03,1/3焦煤,大连港,鹤岗市,,0.25,7.50,18.00,70.00,1550.00,0.00,平仓价,1476,2021-08-03 00:00:00,1,0,2024-07-17 06:05:50,0,2024-07-17 06:05:50,,,
2021-08-02,1/3焦煤,大连港,俄罗斯,,0.75,8.50,33.00,80.00,1695.00,0.00,平仓价,1477,2021-08-02 00:00:00,1,0,2024-07-17 06:05:50,0,2024-07-17 06:05:50,,,
2021-08-02,1/3焦煤,大连港,鹤岗市,,0.25,7.50,18.00,70.00,1550.00,0.00,平仓价,1478,2021-08-02 00:00:00,1,0,2024-07-17 06:05:50,0,2024-07-17 06:05:50,,,
2021-07-30,1/3焦煤,大连港,俄罗斯,,0.75,8.50,33.00,80.00,1695.00,0.00,平仓价,1479,2021-07-30 00:00:00,1,0,2024-07-17 06:05:50,0,2024-07-17 06:05:50,,,
2021-07-30,1/3焦煤,大连港,鹤岗市,,0.25,7.50,18.00,70.00,1550.00,0.00,平仓价,1480,2021-07-30 00:00:00,1,0,2024-07-17 06:05:50,0,2024-07-17 06:05:50,,,
2021-07-29,1/3焦煤,大连港,俄罗斯,,0.75,8.50,33.00,80.00,1695.00,0.00,平仓价,1481,2021-07-29 00:00:00,1,0,2024-07-17 06:05:50,0,2024-07-17 06:05:50,,,
2021-07-29,1/3焦煤,大连港,鹤岗市,,0.25,7.50,18.00,70.00,1550.00,0.00,平仓价,1482,2021-07-29 00:00:00,1,0,2024-07-17 06:05:50,0,2024-07-17 06:05:50,,,
2021-07-28,1/3焦煤,大连港,俄罗斯,,0.75,8.50,33.00,80.00,1695.00,0.00,平仓价,1483,2021-07-28 00:00:00,1,0,2024-07-17 06:05:50,0,2024-07-17 06:05:50,,,
2021-07-28,1/3焦煤,大连港,鹤岗市,,0.25,7.50,18.00,70.00,1550.00,0.00,平仓价,1484,2021-07-28 00:00:00,1,0,2024-07-17 06:05:50,0,2024-07-17 06:05:50,,,
2021-07-27,1/3焦煤,大连港,俄罗斯,,0.75,8.50,33.00,80.00,1695.00,0.00,平仓价,1485,2021-07-27 00:00:00,1,0,2024-07-17 06:05:50,0,2024-07-17 06:05:50,,,
2021-07-27,1/3焦煤,大连港,鹤岗市,,0.25,7.50,18.00,70.00,1550.00,0.00,平仓价,1486,2021-07-27 00:00:00,1,0,2024-07-17 06:05:50,0,2024-07-17 06:05:50,,,
2021-07-26,1/3焦煤,大连港,俄罗斯,,0.75,8.50,33.00,80.00,1695.00,0.00,平仓价,1487,2021-07-26 00:00:00,1,0,2024-07-17 06:05:50,0,2024-07-17 06:05:50,,,
2021-07-26,1/3焦煤,大连港,鹤岗市,,0.25,7.50,18.00,70.00,1550.00,0.00,平仓价,1488,2021-07-26 00:00:00,1,0,2024-07-17 06:05:50,0,2024-07-17 06:05:50,,,
2021-07-23,1/3焦煤,大连港,俄罗斯,,0.75,8.50,33.00,80.00,1695.00,0.00,平仓价,1489,2021-07-23 00:00:00,1,0,2024-07-17 06:05:50,0,2024-07-17 06:05:50,,,
2021-07-23,1/3焦煤,大连港,鹤岗市,,0.25,7.50,18.00,70.00,1550.00,0.00,平仓价,1490,2021-07-23 00:00:00,1,0,2024-07-17 06:05:50,0,2024-07-17 06:05:50,,,
2021-07-22,1/3焦煤,大连港,俄罗斯,,0.75,8.50,33.00,80.00,1695.00,0.00,平仓价,1491,2021-07-22 00:00:00,1,0,2024-07-17 06:05:50,0,2024-07-17 06:05:50,,,
2021-07-22,1/3焦煤,大连港,鹤岗市,,0.25,7.50,18.00,70.00,1550.00,0.00,平仓价,1492,2021-07-22 00:00:00,1,0,2024-07-17 06:05:50,0,2024-07-17 06:05:50,,,
2021-07-21,1/3焦煤,大连港,俄罗斯,,0.75,8.50,33.00,80.00,1695.00,0.00,平仓价,1493,2021-07-21 00:00:00,1,0,2024-07-17 06:05:50,0,2024-07-17 06:05:50,,,
2021-07-21,1/3焦煤,大连港,鹤岗市,,0.25,7.50,18.00,70.00,1550.00,0.00,平仓价,1494,2021-07-21 00:00:00,1,0,2024-07-17 06:05:50,0,2024-07-17 06:05:50,,,
2021-07-20,1/3焦煤,大连港,俄罗斯,,0.75,8.50,33.00,80.00,1695.00,0.00,平仓价,1495,2021-07-20 00:00:00,1,0,2024-07-17 06:05:50,0,2024-07-17 06:05:50,,,
2021-07-20,1/3焦煤,大连港,鹤岗市,,0.25,7.50,18.00,70.00,1550.00,0.00,平仓价,1496,2021-07-20 00:00:00,1,0,2024-07-17 06:05:50,0,2024-07-17 06:05:50,,,
2021-07-19,1/3焦煤,大连港,俄罗斯,,0.75,8.50,33.00,80.00,1695.00,0.00,平仓价,1497,2021-07-19 00:00:00,1,0,2024-07-17 06:05:50,0,2024-07-17 06:05:50,,,
2021-07-19,1/3焦煤,大连港,鹤岗市,,0.25,7.50,18.00,70.00,1550.00,0.00,平仓价,1498,2021-07-19 00:00:00,1,0,2024-07-17 06:05:50,0,2024-07-17 06:05:50,,,
2021-07-16,1/3焦煤,大连港,俄罗斯,,0.75,8.50,33.00,80.00,1695.00,0.00,平仓价,1499,2021-07-16 00:00:00,1,0,2024-07-17 06:05:50,0,2024-07-17 06:05:50,,,
2021-07-16,1/3焦煤,大连港,鹤岗市,,0.25,7.50,18.00,70.00,1550.00,0.00,平仓价,1500,2021-07-16 00:00:00,1,0,2024-07-17 06:05:50,0,2024-07-17 06:05:50,,,
2021-07-15,1/3焦煤,大连港,俄罗斯,,0.75,8.50,33.00,80.00,1695.00,0.00,平仓价,1501,2021-07-15 00:00:00,1,0,2024-07-17 06:05:54,0,2024-07-17 06:05:54,,,
2021-07-15,1/3焦煤,大连港,鹤岗市,,0.25,7.50,18.00,70.00,1550.00,0.00,平仓价,1502,2021-07-15 00:00:00,1,0,2024-07-17 06:05:54,0,2024-07-17 06:05:54,,,
2021-07-14,1/3焦煤,大连港,俄罗斯,,0.75,8.50,33.00,80.00,1695.00,0.00,平仓价,1503,2021-07-14 00:00:00,1,0,2024-07-17 06:05:54,0,2024-07-17 06:05:54,,,
2021-07-14,1/3焦煤,大连港,鹤岗市,,0.25,7.50,18.00,70.00,1550.00,0.00,平仓价,1504,2021-07-14 00:00:00,1,0,2024-07-17 06:05:54,0,2024-07-17 06:05:54,,,
2021-07-13,1/3焦煤,大连港,俄罗斯,,0.75,8.50,33.00,80.00,1695.00,0.00,平仓价,1505,2021-07-13 00:00:00,1,0,2024-07-17 06:05:54,0,2024-07-17 06:05:54,,,
2021-07-13,1/3焦煤,大连港,鹤岗市,,0.25,7.50,18.00,70.00,1550.00,0.00,平仓价,1506,2021-07-13 00:00:00,1,0,2024-07-17 06:05:54,0,2024-07-17 06:05:54,,,
2021-07-12,1/3焦煤,大连港,俄罗斯,,0.75,8.50,33.00,80.00,1695.00,0.00,平仓价,1507,2021-07-12 00:00:00,1,0,2024-07-17 06:05:54,0,2024-07-17 06:05:54,,,
2021-07-12,1/3焦煤,大连港,鹤岗市,,0.25,7.50,18.00,70.00,1550.00,0.00,平仓价,1508,2021-07-12 00:00:00,1,0,2024-07-17 06:05:54,0,2024-07-17 06:05:54,,,
2021-07-09,1/3焦煤,大连港,俄罗斯,,0.75,8.50,33.00,80.00,1695.00,0.00,平仓价,1509,2021-07-09 00:00:00,1,0,2024-07-17 06:05:54,0,2024-07-17 06:05:54,,,
2021-07-09,1/3焦煤,大连港,鹤岗市,,0.25,7.50,18.00,70.00,1550.00,0.00,平仓价,1510,2021-07-09 00:00:00,1,0,2024-07-17 06:05:54,0,2024-07-17 06:05:54,,,
2021-07-08,1/3焦煤,大连港,俄罗斯,,0.75,8.50,33.00,80.00,1695.00,0.00,平仓价,1511,2021-07-08 00:00:00,1,0,2024-07-17 06:05:54,0,2024-07-17 06:05:54,,,
2021-07-08,1/3焦煤,大连港,鹤岗市,,0.25,7.50,18.00,70.00,1550.00,90.00,平仓价,1512,2021-07-08 00:00:00,1,0,2024-07-17 06:05:54,0,2024-07-17 06:05:54,,,
2021-07-07,1/3焦煤,大连港,俄罗斯,,0.75,8.50,33.00,80.00,1695.00,0.00,平仓价,1513,2021-07-07 00:00:00,1,0,2024-07-17 06:05:54,0,2024-07-17 06:05:54,,,
2021-07-07,1/3焦煤,大连港,鹤岗市,,0.25,7.50,18.00,70.00,1460.00,0.00,平仓价,1514,2021-07-07 00:00:00,1,0,2024-07-17 06:05:54,0,2024-07-17 06:05:54,,,
2021-07-06,1/3焦煤,大连港,俄罗斯,,0.75,8.50,33.00,80.00,1695.00,0.00,平仓价,1515,2021-07-06 00:00:00,1,0,2024-07-17 06:05:54,0,2024-07-17 06:05:54,,,
2021-07-06,1/3焦煤,大连港,鹤岗市,,0.25,7.50,18.00,70.00,1460.00,0.00,平仓价,1516,2021-07-06 00:00:00,1,0,2024-07-17 06:05:54,0,2024-07-17 06:05:54,,,
2021-07-05,1/3焦煤,大连港,俄罗斯,,0.75,8.50,33.00,80.00,1695.00,0.00,平仓价,1517,2021-07-05 00:00:00,1,0,2024-07-17 06:05:54,0,2024-07-17 06:05:54,,,
2021-07-05,1/3焦煤,大连港,鹤岗市,,0.25,7.50,18.00,70.00,1460.00,0.00,平仓价,1518,2021-07-05 00:00:00,1,0,2024-07-17 06:05:54,0,2024-07-17 06:05:54,,,
2021-07-02,1/3焦煤,大连港,俄罗斯,,0.75,8.50,33.00,80.00,1695.00,0.00,平仓价,1519,2021-07-02 00:00:00,1,0,2024-07-17 06:05:54,0,2024-07-17 06:05:54,,,
2021-07-02,1/3焦煤,大连港,鹤岗市,,0.25,7.50,18.00,70.00,1460.00,0.00,平仓价,1520,2021-07-02 00:00:00,1,0,2024-07-17 06:05:54,0,2024-07-17 06:05:54,,,
2021-07-01,1/3焦煤,大连港,俄罗斯,,0.75,8.50,33.00,80.00,1695.00,0.00,平仓价,1521,2021-07-01 00:00:00,1,0,2024-07-17 06:05:54,0,2024-07-17 06:05:54,,,
2021-07-01,1/3焦煤,大连港,鹤岗市,,0.25,7.50,18.00,70.00,1460.00,0.00,平仓价,1522,2021-07-01 00:00:00,1,0,2024-07-17 06:05:54,0,2024-07-17 06:05:54,,,
2021-06-30,1/3焦煤,大连港,俄罗斯,,0.75,8.50,33.00,80.00,1695.00,0.00,平仓价,1523,2021-06-30 00:00:00,1,0,2024-07-17 06:05:54,0,2024-07-17 06:05:54,,,
2021-06-30,1/3焦煤,大连港,鹤岗市,,0.25,7.50,18.00,70.00,1460.00,0.00,平仓价,1524,2021-06-30 00:00:00,1,0,2024-07-17 06:05:54,0,2024-07-17 06:05:54,,,
2021-06-29,1/3焦煤,大连港,俄罗斯,,0.75,8.50,33.00,80.00,1695.00,0.00,平仓价,1525,2021-06-29 00:00:00,1,0,2024-07-17 06:05:54,0,2024-07-17 06:05:54,,,
2021-06-29,1/3焦煤,大连港,鹤岗市,,0.25,7.50,18.00,70.00,1460.00,0.00,平仓价,1526,2021-06-29 00:00:00,1,0,2024-07-17 06:05:54,0,2024-07-17 06:05:54,,,
2021-06-28,1/3焦煤,大连港,俄罗斯,,0.75,8.50,33.00,80.00,1695.00,0.00,平仓价,1527,2021-06-28 00:00:00,1,0,2024-07-17 06:05:54,0,2024-07-17 06:05:54,,,
2021-06-28,1/3焦煤,大连港,鹤岗市,,0.25,7.50,18.00,70.00,1460.00,0.00,平仓价,1528,2021-06-28 00:00:00,1,0,2024-07-17 06:05:54,0,2024-07-17 06:05:54,,,
2021-06-25,1/3焦煤,大连港,俄罗斯,,0.75,8.50,33.00,80.00,1695.00,65.00,平仓价,1529,2021-06-25 00:00:00,1,0,2024-07-17 06:05:54,0,2024-07-17 06:05:54,,,
2021-06-25,1/3焦煤,大连港,鹤岗市,,0.25,7.50,18.00,70.00,1460.00,0.00,平仓价,1530,2021-06-25 00:00:00,1,0,2024-07-17 06:05:54,0,2024-07-17 06:05:54,,,
2021-06-24,1/3焦煤,大连港,俄罗斯,,0.75,8.50,33.00,80.00,1630.00,135.00,平仓价,1531,2021-06-24 00:00:00,1,0,2024-07-17 06:05:58,0,2024-07-17 06:05:58,,,
2021-06-24,1/3焦煤,大连港,鹤岗市,,0.25,7.50,18.00,70.00,1460.00,0.00,平仓价,1532,2021-06-24 00:00:00,1,0,2024-07-17 06:05:58,0,2024-07-17 06:05:58,,,
2021-06-23,1/3焦煤,大连港,俄罗斯,,0.75,8.50,33.00,80.00,1495.00,0.00,平仓价,1533,2021-06-23 00:00:00,1,0,2024-07-17 06:05:58,0,2024-07-17 06:05:58,,,
2021-06-23,1/3焦煤,大连港,鹤岗市,,0.25,7.50,18.00,70.00,1460.00,0.00,平仓价,1534,2021-06-23 00:00:00,1,0,2024-07-17 06:05:58,0,2024-07-17 06:05:58,,,
2021-06-22,1/3焦煤,大连港,俄罗斯,,0.75,8.50,33.00,80.00,1495.00,0.00,平仓价,1535,2021-06-22 00:00:00,1,0,2024-07-17 06:05:58,0,2024-07-17 06:05:58,,,
2021-06-22,1/3焦煤,大连港,鹤岗市,,0.25,7.50,18.00,70.00,1460.00,0.00,平仓价,1536,2021-06-22 00:00:00,1,0,2024-07-17 06:05:58,0,2024-07-17 06:05:58,,,
2021-06-21,1/3焦煤,大连港,俄罗斯,,0.75,8.50,33.00,80.00,1495.00,0.00,平仓价,1537,2021-06-21 00:00:00,1,0,2024-07-17 06:05:58,0,2024-07-17 06:05:58,,,
2021-06-21,1/3焦煤,大连港,鹤岗市,,0.25,7.50,18.00,70.00,1460.00,0.00,平仓价,1538,2021-06-21 00:00:00,1,0,2024-07-17 06:05:58,0,2024-07-17 06:05:58,,,
2021-06-18,1/3焦煤,大连港,俄罗斯,,0.75,8.50,33.00,80.00,1495.00,0.00,平仓价,1539,2021-06-18 00:00:00,1,0,2024-07-17 06:05:58,0,2024-07-17 06:05:58,,,
2021-06-18,1/3焦煤,大连港,鹤岗市,,0.25,7.50,18.00,70.00,1460.00,0.00,平仓价,1540,2021-06-18 00:00:00,1,0,2024-07-17 06:05:58,0,2024-07-17 06:05:58,,,
2021-06-17,1/3焦煤,大连港,俄罗斯,,0.75,8.50,33.00,80.00,1495.00,0.00,平仓价,1541,2021-06-17 00:00:00,1,0,2024-07-17 06:05:58,0,2024-07-17 06:05:58,,,
2021-06-17,1/3焦煤,大连港,鹤岗市,,0.25,7.50,18.00,70.00,1460.00,0.00,平仓价,1542,2021-06-17 00:00:00,1,0,2024-07-17 06:05:58,0,2024-07-17 06:05:58,,,
2021-06-16,1/3焦煤,大连港,俄罗斯,,0.75,8.50,33.00,80.00,1495.00,0.00,平仓价,1543,2021-06-16 00:00:00,1,0,2024-07-17 06:05:58,0,2024-07-17 06:05:58,,,
2021-06-16,1/3焦煤,大连港,鹤岗市,,0.25,7.50,18.00,70.00,1460.00,0.00,平仓价,1544,2021-06-16 00:00:00,1,0,2024-07-17 06:05:58,0,2024-07-17 06:05:58,,,
2021-06-15,1/3焦煤,大连港,俄罗斯,,0.75,8.50,33.00,80.00,1495.00,0.00,平仓价,1545,2021-06-15 00:00:00,1,0,2024-07-17 06:05:58,0,2024-07-17 06:05:58,,,
2021-06-15,1/3焦煤,大连港,鹤岗市,,0.25,7.50,18.00,70.00,1460.00,0.00,平仓价,1546,2021-06-15 00:00:00,1,0,2024-07-17 06:05:58,0,2024-07-17 06:05:58,,,
2021-06-11,1/3焦煤,大连港,俄罗斯,,0.75,8.50,33.00,80.00,1495.00,0.00,平仓价,1547,2021-06-11 00:00:00,1,0,2024-07-17 06:05:58,0,2024-07-17 06:05:58,,,
2021-06-11,1/3焦煤,大连港,鹤岗市,,0.25,7.50,18.00,70.00,1460.00,0.00,平仓价,1548,2021-06-11 00:00:00,1,0,2024-07-17 06:05:58,0,2024-07-17 06:05:58,,,
2021-06-10,1/3焦煤,大连港,俄罗斯,,0.75,8.50,33.00,80.00,1495.00,0.00,平仓价,1549,2021-06-10 00:00:00,1,0,2024-07-17 06:05:58,0,2024-07-17 06:05:58,,,
2021-06-10,1/3焦煤,大连港,鹤岗市,,0.25,7.50,18.00,70.00,1460.00,0.00,平仓价,1550,2021-06-10 00:00:00,1,0,2024-07-17 06:05:58,0,2024-07-17 06:05:58,,,
2021-06-09,1/3焦煤,大连港,俄罗斯,,0.75,8.50,33.00,80.00,1495.00,0.00,平仓价,1551,2021-06-09 00:00:00,1,0,2024-07-17 06:05:58,0,2024-07-17 06:05:58,,,
2021-06-09,1/3焦煤,大连港,鹤岗市,,0.25,7.50,18.00,70.00,1460.00,0.00,平仓价,1552,2021-06-09 00:00:00,1,0,2024-07-17 06:05:58,0,2024-07-17 06:05:58,,,
2021-06-08,1/3焦煤,大连港,俄罗斯,,0.75,8.50,33.00,80.00,1495.00,0.00,平仓价,1553,2021-06-08 00:00:00,1,0,2024-07-17 06:05:58,0,2024-07-17 06:05:58,,,
2021-06-08,1/3焦煤,大连港,鹤岗市,,0.25,7.50,18.00,70.00,1460.00,0.00,平仓价,1554,2021-06-08 00:00:00,1,0,2024-07-17 06:05:58,0,2024-07-17 06:05:58,,,
2021-06-07,1/3焦煤,大连港,俄罗斯,,0.75,8.50,33.00,80.00,1495.00,0.00,平仓价,1555,2021-06-07 00:00:00,1,0,2024-07-17 06:05:58,0,2024-07-17 06:05:58,,,
2021-06-07,1/3焦煤,大连港,鹤岗市,,0.25,7.50,18.00,70.00,1460.00,0.00,平仓价,1556,2021-06-07 00:00:00,1,0,2024-07-17 06:05:58,0,2024-07-17 06:05:58,,,
2021-06-04,1/3焦煤,大连港,俄罗斯,,0.75,8.50,33.00,80.00,1495.00,0.00,平仓价,1557,2021-06-04 00:00:00,1,0,2024-07-17 06:05:58,0,2024-07-17 06:05:58,,,
2021-06-04,1/3焦煤,大连港,鹤岗市,,0.25,7.50,18.00,70.00,1460.00,0.00,平仓价,1558,2021-06-04 00:00:00,1,0,2024-07-17 06:05:58,0,2024-07-17 06:05:58,,,
2021-06-03,1/3焦煤,大连港,俄罗斯,,0.75,8.50,33.00,80.00,1495.00,0.00,平仓价,1559,2021-06-03 00:00:00,1,0,2024-07-17 06:05:58,0,2024-07-17 06:05:58,,,
2021-06-03,1/3焦煤,大连港,鹤岗市,,0.25,7.50,18.00,70.00,1460.00,0.00,平仓价,1560,2021-06-03 00:00:00,1,0,2024-07-17 06:05:58,0,2024-07-17 06:05:58,,,
2021-06-02,1/3焦煤,大连港,俄罗斯,,0.75,8.50,33.00,80.00,1495.00,0.00,平仓价,1561,2021-06-02 00:00:00,1,0,2024-07-17 06:06:02,0,2024-07-17 06:06:02,,,
2021-06-02,1/3焦煤,大连港,鹤岗市,,0.25,7.50,18.00,70.00,1460.00,0.00,平仓价,1562,2021-06-02 00:00:00,1,0,2024-07-17 06:06:02,0,2024-07-17 06:06:02,,,
2021-06-01,1/3焦煤,大连港,俄罗斯,,0.75,8.50,33.00,80.00,1495.00,0.00,平仓价,1563,2021-06-01 00:00:00,1,0,2024-07-17 06:06:02,0,2024-07-17 06:06:02,,,
2021-06-01,1/3焦煤,大连港,鹤岗市,,0.25,7.50,18.00,70.00,1460.00,0.00,平仓价,1564,2021-06-01 00:00:00,1,0,2024-07-17 06:06:02,0,2024-07-17 06:06:02,,,
2021-05-31,1/3焦煤,大连港,俄罗斯,,0.75,8.50,33.00,80.00,1495.00,0.00,平仓价,1565,2021-05-31 00:00:00,1,0,2024-07-17 06:06:02,0,2024-07-17 06:06:02,,,
2021-05-31,1/3焦煤,大连港,鹤岗市,,0.25,7.50,18.00,70.00,1460.00,0.00,平仓价,1566,2021-05-31 00:00:00,1,0,2024-07-17 06:06:02,0,2024-07-17 06:06:02,,,
2021-05-28,1/3焦煤,大连港,俄罗斯,,0.75,8.50,33.00,80.00,1495.00,0.00,平仓价,1567,2021-05-28 00:00:00,1,0,2024-07-17 06:06:02,0,2024-07-17 06:06:02,,,
2021-05-28,1/3焦煤,大连港,鹤岗市,,0.25,7.50,18.00,70.00,1460.00,0.00,平仓价,1568,2021-05-28 00:00:00,1,0,2024-07-17 06:06:02,0,2024-07-17 06:06:02,,,
2021-05-27,1/3焦煤,大连港,俄罗斯,,0.75,8.50,33.00,80.00,1495.00,0.00,平仓价,1569,2021-05-27 00:00:00,1,0,2024-07-17 06:06:02,0,2024-07-17 06:06:02,,,
2021-05-27,1/3焦煤,大连港,鹤岗市,,0.25,7.50,18.00,70.00,1460.00,0.00,平仓价,1570,2021-05-27 00:00:00,1,0,2024-07-17 06:06:02,0,2024-07-17 06:06:02,,,
2021-05-26,1/3焦煤,大连港,俄罗斯,,0.75,8.50,33.00,80.00,1495.00,0.00,平仓价,1571,2021-05-26 00:00:00,1,0,2024-07-17 06:06:02,0,2024-07-17 06:06:02,,,
2021-05-26,1/3焦煤,大连港,鹤岗市,,0.25,7.50,18.00,70.00,1460.00,0.00,平仓价,1572,2021-05-26 00:00:00,1,0,2024-07-17 06:06:02,0,2024-07-17 06:06:02,,,
2021-05-25,1/3焦煤,大连港,俄罗斯,,0.75,8.50,33.00,80.00,1495.00,70.00,平仓价,1573,2021-05-25 00:00:00,1,0,2024-07-17 06:06:02,0,2024-07-17 06:06:02,,,
2021-05-25,1/3焦煤,大连港,鹤岗市,,0.25,7.50,18.00,70.00,1460.00,0.00,平仓价,1574,2021-05-25 00:00:00,1,0,2024-07-17 06:06:02,0,2024-07-17 06:06:02,,,
2021-05-24,1/3焦煤,大连港,俄罗斯,,0.75,8.50,33.00,80.00,1425.00,0.00,平仓价,1575,2021-05-24 00:00:00,1,0,2024-07-17 06:06:02,0,2024-07-17 06:06:02,,,
2021-05-24,1/3焦煤,大连港,鹤岗市,,0.25,7.50,18.00,70.00,1460.00,0.00,平仓价,1576,2021-05-24 00:00:00,1,0,2024-07-17 06:06:02,0,2024-07-17 06:06:02,,,
2021-05-21,1/3焦煤,大连港,俄罗斯,,0.75,8.50,33.00,80.00,1425.00,0.00,平仓价,1577,2021-05-21 00:00:00,1,0,2024-07-17 06:06:02,0,2024-07-17 06:06:02,,,
2021-05-21,1/3焦煤,大连港,鹤岗市,,0.25,7.50,18.00,70.00,1460.00,0.00,平仓价,1578,2021-05-21 00:00:00,1,0,2024-07-17 06:06:02,0,2024-07-17 06:06:02,,,
2021-05-20,1/3焦煤,大连港,俄罗斯,,0.75,8.50,33.00,80.00,1425.00,0.00,平仓价,1579,2021-05-20 00:00:00,1,0,2024-07-17 06:06:02,0,2024-07-17 06:06:02,,,
2021-05-20,1/3焦煤,大连港,鹤岗市,,0.25,7.50,18.00,70.00,1460.00,0.00,平仓价,1580,2021-05-20 00:00:00,1,0,2024-07-17 06:06:02,0,2024-07-17 06:06:02,,,
2021-05-19,1/3焦煤,大连港,俄罗斯,,0.75,8.50,33.00,80.00,1425.00,0.00,平仓价,1581,2021-05-19 00:00:00,1,0,2024-07-17 06:06:02,0,2024-07-17 06:06:02,,,
2021-05-19,1/3焦煤,大连港,鹤岗市,,0.25,7.50,18.00,70.00,1460.00,0.00,平仓价,1582,2021-05-19 00:00:00,1,0,2024-07-17 06:06:02,0,2024-07-17 06:06:02,,,
2021-05-18,1/3焦煤,大连港,俄罗斯,,0.75,8.50,33.00,80.00,1425.00,0.00,平仓价,1583,2021-05-18 00:00:00,1,0,2024-07-17 06:06:02,0,2024-07-17 06:06:02,,,
2021-05-18,1/3焦煤,大连港,鹤岗市,,0.25,7.50,18.00,70.00,1460.00,60.00,平仓价,1584,2021-05-18 00:00:00,1,0,2024-07-17 06:06:02,0,2024-07-17 06:06:02,,,
2021-05-17,1/3焦煤,大连港,俄罗斯,,0.75,8.50,33.00,80.00,1425.00,0.00,平仓价,1585,2021-05-17 00:00:00,1,0,2024-07-17 06:06:02,0,2024-07-17 06:06:02,,,
2021-05-17,1/3焦煤,大连港,鹤岗市,,0.25,7.50,18.00,70.00,1400.00,0.00,平仓价,1586,2021-05-17 00:00:00,1,0,2024-07-17 06:06:02,0,2024-07-17 06:06:02,,,
2021-05-14,1/3焦煤,大连港,俄罗斯,,0.75,8.50,33.00,80.00,1425.00,0.00,平仓价,1587,2021-05-14 00:00:00,1,0,2024-07-17 06:06:02,0,2024-07-17 06:06:02,,,
2021-05-14,1/3焦煤,大连港,鹤岗市,,0.25,7.50,18.00,70.00,1400.00,0.00,平仓价,1588,2021-05-14 00:00:00,1,0,2024-07-17 06:06:02,0,2024-07-17 06:06:02,,,
2021-05-13,1/3焦煤,大连港,俄罗斯,,0.75,8.50,33.00,80.00,1425.00,70.00,平仓价,1589,2021-05-13 00:00:00,1,0,2024-07-17 06:06:02,0,2024-07-17 06:06:02,,,
2021-05-13,1/3焦煤,大连港,鹤岗市,,0.25,7.50,18.00,70.00,1400.00,0.00,平仓价,1590,2021-05-13 00:00:00,1,0,2024-07-17 06:06:02,0,2024-07-17 06:06:02,,,
2021-05-12,1/3焦煤,大连港,俄罗斯,,0.75,8.50,33.00,80.00,1355.00,0.00,平仓价,1591,2021-05-12 00:00:00,1,0,2024-07-17 06:06:06,0,2024-07-17 06:06:06,,,
2021-05-12,1/3焦煤,大连港,鹤岗市,,0.25,7.50,18.00,70.00,1400.00,0.00,平仓价,1592,2021-05-12 00:00:00,1,0,2024-07-17 06:06:06,0,2024-07-17 06:06:06,,,
2021-05-11,1/3焦煤,大连港,俄罗斯,,0.75,8.50,33.00,80.00,1355.00,0.00,平仓价,1593,2021-05-11 00:00:00,1,0,2024-07-17 06:06:06,0,2024-07-17 06:06:06,,,
2021-05-11,1/3焦煤,大连港,鹤岗市,,0.25,7.50,18.00,70.00,1400.00,0.00,平仓价,1594,2021-05-11 00:00:00,1,0,2024-07-17 06:06:06,0,2024-07-17 06:06:06,,,
2021-05-10,1/3焦煤,大连港,俄罗斯,,0.75,8.50,33.00,80.00,1355.00,0.00,平仓价,1595,2021-05-10 00:00:00,1,0,2024-07-17 06:06:06,0,2024-07-17 06:06:06,,,
2021-05-10,1/3焦煤,大连港,鹤岗市,,0.25,7.50,18.00,70.00,1400.00,0.00,平仓价,1596,2021-05-10 00:00:00,1,0,2024-07-17 06:06:06,0,2024-07-17 06:06:06,,,
2021-05-08,1/3焦煤,大连港,俄罗斯,,0.75,8.50,33.00,80.00,1355.00,0.00,平仓价,1597,2021-05-08 00:00:00,1,0,2024-07-17 06:06:06,0,2024-07-17 06:06:06,,,
2021-05-08,1/3焦煤,大连港,鹤岗市,,0.25,7.50,18.00,70.00,1400.00,0.00,平仓价,1598,2021-05-08 00:00:00,1,0,2024-07-17 06:06:06,0,2024-07-17 06:06:06,,,
2021-05-07,1/3焦煤,大连港,俄罗斯,,0.75,8.50,33.00,80.00,1355.00,0.00,平仓价,1599,2021-05-07 00:00:00,1,0,2024-07-17 06:06:06,0,2024-07-17 06:06:06,,,
2021-05-07,1/3焦煤,大连港,鹤岗市,,0.25,7.50,18.00,70.00,1400.00,0.00,平仓价,1600,2021-05-07 00:00:00,1,0,2024-07-17 06:06:06,0,2024-07-17 06:06:06,,,
2021-05-06,1/3焦煤,大连港,俄罗斯,,0.75,8.50,33.00,80.00,1355.00,0.00,平仓价,1601,2021-05-06 00:00:00,1,0,2024-07-17 06:06:06,0,2024-07-17 06:06:06,,,
2021-05-06,1/3焦煤,大连港,鹤岗市,,0.25,7.50,18.00,70.00,1400.00,0.00,平仓价,1602,2021-05-06 00:00:00,1,0,2024-07-17 06:06:06,0,2024-07-17 06:06:06,,,
2021-04-30,1/3焦煤,大连港,俄罗斯,,0.75,8.50,33.00,80.00,1355.00,0.00,平仓价,1603,2021-04-30 00:00:00,1,0,2024-07-17 06:06:06,0,2024-07-17 06:06:06,,,
2021-04-30,1/3焦煤,大连港,鹤岗市,,0.25,7.50,18.00,70.00,1400.00,0.00,平仓价,1604,2021-04-30 00:00:00,1,0,2024-07-17 06:06:06,0,2024-07-17 06:06:06,,,
2021-04-29,1/3焦煤,大连港,俄罗斯,,0.75,8.50,33.00,80.00,1355.00,35.00,平仓价,1605,2021-04-29 00:00:00,1,0,2024-07-17 06:06:06,0,2024-07-17 06:06:06,,,
2021-04-29,1/3焦煤,大连港,鹤岗市,,0.25,7.50,18.00,70.00,1400.00,0.00,平仓价,1606,2021-04-29 00:00:00,1,0,2024-07-17 06:06:06,0,2024-07-17 06:06:06,,,
2021-04-28,1/3焦煤,大连港,俄罗斯,,0.75,8.50,33.00,80.00,1320.00,0.00,平仓价,1607,2021-04-28 00:00:00,1,0,2024-07-17 06:06:06,0,2024-07-17 06:06:06,,,
2021-04-28,1/3焦煤,大连港,鹤岗市,,0.25,7.50,18.00,70.00,1400.00,0.00,平仓价,1608,2021-04-28 00:00:00,1,0,2024-07-17 06:06:06,0,2024-07-17 06:06:06,,,
2021-04-27,1/3焦煤,大连港,俄罗斯,,0.75,8.50,33.00,80.00,1320.00,0.00,平仓价,1609,2021-04-27 00:00:00,1,0,2024-07-17 06:06:06,0,2024-07-17 06:06:06,,,
2021-04-27,1/3焦煤,大连港,鹤岗市,,0.25,7.50,18.00,70.00,1400.00,0.00,平仓价,1610,2021-04-27 00:00:00,1,0,2024-07-17 06:06:06,0,2024-07-17 06:06:06,,,
2021-04-26,1/3焦煤,大连港,俄罗斯,,0.75,8.50,33.00,80.00,1320.00,0.00,平仓价,1611,2021-04-26 00:00:00,1,0,2024-07-17 06:06:06,0,2024-07-17 06:06:06,,,
2021-04-26,1/3焦煤,大连港,鹤岗市,,0.25,7.50,18.00,70.00,1400.00,0.00,平仓价,1612,2021-04-26 00:00:00,1,0,2024-07-17 06:06:06,0,2024-07-17 06:06:06,,,
2021-04-25,1/3焦煤,大连港,俄罗斯,,0.75,8.50,33.00,80.00,1320.00,0.00,平仓价,1613,2021-04-25 00:00:00,1,0,2024-07-17 06:06:06,0,2024-07-17 06:06:06,,,
2021-04-25,1/3焦煤,大连港,鹤岗市,,0.25,7.50,18.00,70.00,1400.00,0.00,平仓价,1614,2021-04-25 00:00:00,1,0,2024-07-17 06:06:06,0,2024-07-17 06:06:06,,,
2021-04-23,1/3焦煤,大连港,俄罗斯,,0.75,8.50,33.00,80.00,1320.00,0.00,平仓价,1615,2021-04-23 00:00:00,1,0,2024-07-17 06:06:06,0,2024-07-17 06:06:06,,,
2021-04-23,1/3焦煤,大连港,鹤岗市,,0.25,7.50,18.00,70.00,1400.00,0.00,平仓价,1616,2021-04-23 00:00:00,1,0,2024-07-17 06:06:06,0,2024-07-17 06:06:06,,,
2021-04-22,1/3焦煤,大连港,俄罗斯,,0.75,8.50,33.00,80.00,1320.00,0.00,平仓价,1617,2021-04-22 00:00:00,1,0,2024-07-17 06:06:06,0,2024-07-17 06:06:06,,,
2021-04-22,1/3焦煤,大连港,鹤岗市,,0.25,7.50,18.00,70.00,1400.00,0.00,平仓价,1618,2021-04-22 00:00:00,1,0,2024-07-17 06:06:06,0,2024-07-17 06:06:06,,,
2021-04-21,1/3焦煤,大连港,俄罗斯,,0.75,8.50,33.00,80.00,1320.00,0.00,平仓价,1619,2021-04-21 00:00:00,1,0,2024-07-17 06:06:06,0,2024-07-17 06:06:06,,,
2021-04-21,1/3焦煤,大连港,鹤岗市,,0.25,7.50,18.00,70.00,1400.00,0.00,平仓价,1620,2021-04-21 00:00:00,1,0,2024-07-17 06:06:06,0,2024-07-17 06:06:06,,,
2021-04-20,1/3焦煤,大连港,俄罗斯,,0.75,8.50,33.00,80.00,1320.00,0.00,平仓价,1621,2021-04-20 00:00:00,1,0,2024-07-17 06:06:10,0,2024-07-17 06:06:10,,,
2021-04-20,1/3焦煤,大连港,鹤岗市,,0.25,7.50,18.00,70.00,1400.00,0.00,平仓价,1622,2021-04-20 00:00:00,1,0,2024-07-17 06:06:10,0,2024-07-17 06:06:10,,,
2021-04-19,1/3焦煤,大连港,俄罗斯,,0.75,8.50,33.00,80.00,1320.00,0.00,平仓价,1623,2021-04-19 00:00:00,1,0,2024-07-17 06:06:10,0,2024-07-17 06:06:10,,,
2021-04-19,1/3焦煤,大连港,鹤岗市,,0.25,7.50,18.00,70.00,1400.00,0.00,平仓价,1624,2021-04-19 00:00:00,1,0,2024-07-17 06:06:10,0,2024-07-17 06:06:10,,,
2021-04-16,1/3焦煤,大连港,俄罗斯,,0.75,8.50,33.00,80.00,1320.00,0.00,平仓价,1625,2021-04-16 00:00:00,1,0,2024-07-17 06:06:10,0,2024-07-17 06:06:10,,,
2021-04-16,1/3焦煤,大连港,鹤岗市,,0.25,7.50,18.00,70.00,1400.00,0.00,平仓价,1626,2021-04-16 00:00:00,1,0,2024-07-17 06:06:10,0,2024-07-17 06:06:10,,,
2021-04-15,1/3焦煤,大连港,俄罗斯,,0.75,8.50,33.00,80.00,1320.00,0.00,平仓价,1627,2021-04-15 00:00:00,1,0,2024-07-17 06:06:10,0,2024-07-17 06:06:10,,,
2021-04-15,1/3焦煤,大连港,鹤岗市,,0.25,7.50,18.00,70.00,1400.00,0.00,平仓价,1628,2021-04-15 00:00:00,1,0,2024-07-17 06:06:10,0,2024-07-17 06:06:10,,,
2021-04-14,1/3焦煤,大连港,俄罗斯,,0.75,8.50,33.00,80.00,1320.00,0.00,平仓价,1629,2021-04-14 00:00:00,1,0,2024-07-17 06:06:10,0,2024-07-17 06:06:10,,,
2021-04-14,1/3焦煤,大连港,鹤岗市,,0.25,7.50,18.00,70.00,1400.00,0.00,平仓价,1630,2021-04-14 00:00:00,1,0,2024-07-17 06:06:10,0,2024-07-17 06:06:10,,,
2021-04-13,1/3焦煤,大连港,俄罗斯,,0.75,8.50,33.00,80.00,1320.00,0.00,平仓价,1631,2021-04-13 00:00:00,1,0,2024-07-17 06:06:10,0,2024-07-17 06:06:10,,,
2021-04-13,1/3焦煤,大连港,鹤岗市,,0.25,7.50,18.00,70.00,1400.00,0.00,平仓价,1632,2021-04-13 00:00:00,1,0,2024-07-17 06:06:10,0,2024-07-17 06:06:10,,,
2021-04-12,1/3焦煤,大连港,俄罗斯,,0.75,8.50,33.00,80.00,1320.00,0.00,平仓价,1633,2021-04-12 00:00:00,1,0,2024-07-17 06:06:10,0,2024-07-17 06:06:10,,,
2021-04-12,1/3焦煤,大连港,鹤岗市,,0.25,7.50,18.00,70.00,1400.00,0.00,平仓价,1634,2021-04-12 00:00:00,1,0,2024-07-17 06:06:10,0,2024-07-17 06:06:10,,,
2021-04-09,1/3焦煤,大连港,俄罗斯,,0.75,8.50,33.00,80.00,1320.00,0.00,平仓价,1635,2021-04-09 00:00:00,1,0,2024-07-17 06:06:10,0,2024-07-17 06:06:10,,,
2021-04-09,1/3焦煤,大连港,鹤岗市,,0.25,7.50,18.00,70.00,1400.00,0.00,平仓价,1636,2021-04-09 00:00:00,1,0,2024-07-17 06:06:10,0,2024-07-17 06:06:10,,,
2021-04-08,1/3焦煤,大连港,俄罗斯,,0.75,8.50,33.00,80.00,1320.00,0.00,平仓价,1637,2021-04-08 00:00:00,1,0,2024-07-17 06:06:10,0,2024-07-17 06:06:10,,,
2021-04-08,1/3焦煤,大连港,鹤岗市,,0.25,7.50,18.00,70.00,1400.00,0.00,平仓价,1638,2021-04-08 00:00:00,1,0,2024-07-17 06:06:10,0,2024-07-17 06:06:10,,,
2021-04-07,1/3焦煤,大连港,俄罗斯,,0.75,8.50,33.00,80.00,1320.00,0.00,平仓价,1639,2021-04-07 00:00:00,1,0,2024-07-17 06:06:10,0,2024-07-17 06:06:10,,,
2021-04-07,1/3焦煤,大连港,鹤岗市,,0.25,7.50,18.00,70.00,1400.00,0.00,平仓价,1640,2021-04-07 00:00:00,1,0,2024-07-17 06:06:10,0,2024-07-17 06:06:10,,,
2021-04-06,1/3焦煤,大连港,俄罗斯,,0.75,8.50,33.00,80.00,1320.00,0.00,平仓价,1641,2021-04-06 00:00:00,1,0,2024-07-17 06:06:10,0,2024-07-17 06:06:10,,,
2021-04-06,1/3焦煤,大连港,鹤岗市,,0.25,7.50,18.00,70.00,1400.00,0.00,平仓价,1642,2021-04-06 00:00:00,1,0,2024-07-17 06:06:10,0,2024-07-17 06:06:10,,,
2021-04-02,1/3焦煤,大连港,俄罗斯,,0.75,8.50,33.00,80.00,1320.00,0.00,平仓价,1643,2021-04-02 00:00:00,1,0,2024-07-17 06:06:10,0,2024-07-17 06:06:10,,,
2021-04-02,1/3焦煤,大连港,鹤岗市,,0.25,7.50,18.00,70.00,1400.00,0.00,平仓价,1644,2021-04-02 00:00:00,1,0,2024-07-17 06:06:10,0,2024-07-17 06:06:10,,,
2021-04-01,1/3焦煤,大连港,俄罗斯,,0.75,8.50,33.00,80.00,1320.00,0.00,平仓价,1645,2021-04-01 00:00:00,1,0,2024-07-17 06:06:10,0,2024-07-17 06:06:10,,,
2021-04-01,1/3焦煤,大连港,鹤岗市,,0.25,7.50,18.00,70.00,1400.00,0.00,平仓价,1646,2021-04-01 00:00:00,1,0,2024-07-17 06:06:10,0,2024-07-17 06:06:10,,,
2021-03-31,1/3焦煤,大连港,俄罗斯,,0.75,8.50,33.00,80.00,1320.00,0.00,平仓价,1647,2021-03-31 00:00:00,1,0,2024-07-17 06:06:10,0,2024-07-17 06:06:10,,,
2021-03-31,1/3焦煤,大连港,鹤岗市,,0.25,7.50,18.00,70.00,1400.00,0.00,平仓价,1648,2021-03-31 00:00:00,1,0,2024-07-17 06:06:10,0,2024-07-17 06:06:10,,,
2021-03-30,1/3焦煤,大连港,俄罗斯,,0.75,8.50,33.00,80.00,1320.00,0.00,平仓价,1649,2021-03-30 00:00:00,1,0,2024-07-17 06:06:10,0,2024-07-17 06:06:10,,,
2021-03-30,1/3焦煤,大连港,鹤岗市,,0.25,7.50,18.00,70.00,1400.00,0.00,平仓价,1650,2021-03-30 00:00:00,1,0,2024-07-17 06:06:10,0,2024-07-17 06:06:10,,,
2021-03-29,1/3焦煤,大连港,俄罗斯,,0.75,8.50,33.00,80.00,1320.00,0.00,平仓价,1651,2021-03-29 00:00:00,1,0,2024-07-17 06:06:14,0,2024-07-17 06:06:14,,,
2021-03-29,1/3焦煤,大连港,鹤岗市,,0.25,7.50,18.00,70.00,1400.00,0.00,平仓价,1652,2021-03-29 00:00:00,1,0,2024-07-17 06:06:14,0,2024-07-17 06:06:14,,,
2021-03-26,1/3焦煤,大连港,俄罗斯,,0.75,8.50,33.00,80.00,1320.00,0.00,平仓价,1653,2021-03-26 00:00:00,1,0,2024-07-17 06:06:14,0,2024-07-17 06:06:14,,,
2021-03-26,1/3焦煤,大连港,鹤岗市,,0.25,7.50,18.00,70.00,1400.00,0.00,平仓价,1654,2021-03-26 00:00:00,1,0,2024-07-17 06:06:14,0,2024-07-17 06:06:14,,,
2021-03-25,1/3焦煤,大连港,俄罗斯,,0.75,8.50,33.00,80.00,1320.00,0.00,平仓价,1655,2021-03-25 00:00:00,1,0,2024-07-17 06:06:14,0,2024-07-17 06:06:14,,,
2021-03-25,1/3焦煤,大连港,鹤岗市,,0.25,7.50,18.00,70.00,1400.00,0.00,平仓价,1656,2021-03-25 00:00:00,1,0,2024-07-17 06:06:14,0,2024-07-17 06:06:14,,,
2021-03-24,1/3焦煤,大连港,俄罗斯,,0.75,8.50,33.00,80.00,1320.00,0.00,平仓价,1657,2021-03-24 00:00:00,1,0,2024-07-17 06:06:14,0,2024-07-17 06:06:14,,,
2021-03-24,1/3焦煤,大连港,鹤岗市,,0.25,7.50,18.00,70.00,1400.00,0.00,平仓价,1658,2021-03-24 00:00:00,1,0,2024-07-17 06:06:14,0,2024-07-17 06:06:14,,,
2021-03-23,1/3焦煤,大连港,俄罗斯,,0.75,8.50,33.00,80.00,1320.00,0.00,平仓价,1659,2021-03-23 00:00:00,1,0,2024-07-17 06:06:14,0,2024-07-17 06:06:14,,,
2021-03-23,1/3焦煤,大连港,鹤岗市,,0.25,7.50,18.00,70.00,1400.00,0.00,平仓价,1660,2021-03-23 00:00:00,1,0,2024-07-17 06:06:14,0,2024-07-17 06:06:14,,,
2021-03-22,1/3焦煤,大连港,俄罗斯,,0.75,8.50,33.00,80.00,1320.00,0.00,平仓价,1661,2021-03-22 00:00:00,1,0,2024-07-17 06:06:14,0,2024-07-17 06:06:14,,,
2021-03-22,1/3焦煤,大连港,鹤岗市,,0.25,7.50,18.00,70.00,1400.00,0.00,平仓价,1662,2021-03-22 00:00:00,1,0,2024-07-17 06:06:14,0,2024-07-17 06:06:14,,,
2021-03-19,1/3焦煤,大连港,俄罗斯,,0.75,8.50,33.00,80.00,1320.00,0.00,平仓价,1663,2021-03-19 00:00:00,1,0,2024-07-17 06:06:14,0,2024-07-17 06:06:14,,,
2021-03-19,1/3焦煤,大连港,鹤岗市,,0.25,7.50,18.00,70.00,1400.00,0.00,平仓价,1664,2021-03-19 00:00:00,1,0,2024-07-17 06:06:14,0,2024-07-17 06:06:14,,,
2021-03-18,1/3焦煤,大连港,俄罗斯,,0.75,8.50,33.00,80.00,1320.00,0.00,平仓价,1665,2021-03-18 00:00:00,1,0,2024-07-17 06:06:14,0,2024-07-17 06:06:14,,,
2021-03-18,1/3焦煤,大连港,鹤岗市,,0.25,7.50,18.00,70.00,1400.00,0.00,平仓价,1666,2021-03-18 00:00:00,1,0,2024-07-17 06:06:14,0,2024-07-17 06:06:14,,,
2021-03-17,1/3焦煤,大连港,俄罗斯,,0.75,8.50,33.00,80.00,1320.00,0.00,平仓价,1667,2021-03-17 00:00:00,1,0,2024-07-17 06:06:14,0,2024-07-17 06:06:14,,,
2021-03-17,1/3焦煤,大连港,鹤岗市,,0.25,7.50,18.00,70.00,1400.00,0.00,平仓价,1668,2021-03-17 00:00:00,1,0,2024-07-17 06:06:14,0,2024-07-17 06:06:14,,,
2021-03-16,1/3焦煤,大连港,俄罗斯,,0.75,8.50,33.00,80.00,1320.00,0.00,平仓价,1669,2021-03-16 00:00:00,1,0,2024-07-17 06:06:14,0,2024-07-17 06:06:14,,,
2021-03-16,1/3焦煤,大连港,鹤岗市,,0.25,7.50,18.00,70.00,1400.00,0.00,平仓价,1670,2021-03-16 00:00:00,1,0,2024-07-17 06:06:14,0,2024-07-17 06:06:14,,,
2021-03-15,1/3焦煤,大连港,俄罗斯,,0.75,8.50,33.00,80.00,1320.00,0.00,平仓价,1671,2021-03-15 00:00:00,1,0,2024-07-17 06:06:14,0,2024-07-17 06:06:14,,,
2021-03-15,1/3焦煤,大连港,鹤岗市,,0.25,7.50,18.00,70.00,1400.00,0.00,平仓价,1672,2021-03-15 00:00:00,1,0,2024-07-17 06:06:14,0,2024-07-17 06:06:14,,,
2021-03-12,1/3焦煤,大连港,俄罗斯,,0.75,8.50,33.00,80.00,1320.00,0.00,平仓价,1673,2021-03-12 00:00:00,1,0,2024-07-17 06:06:14,0,2024-07-17 06:06:14,,,
2021-03-12,1/3焦煤,大连港,鹤岗市,,0.25,7.50,18.00,70.00,1400.00,0.00,平仓价,1674,2021-03-12 00:00:00,1,0,2024-07-17 06:06:14,0,2024-07-17 06:06:14,,,
2021-03-11,1/3焦煤,大连港,俄罗斯,,0.75,8.50,33.00,80.00,1320.00,0.00,平仓价,1675,2021-03-11 00:00:00,1,0,2024-07-17 06:06:14,0,2024-07-17 06:06:14,,,
2021-03-11,1/3焦煤,大连港,鹤岗市,,0.25,7.50,18.00,70.00,1400.00,0.00,平仓价,1676,2021-03-11 00:00:00,1,0,2024-07-17 06:06:14,0,2024-07-17 06:06:14,,,
2021-03-10,1/3焦煤,大连港,俄罗斯,,0.75,8.50,33.00,80.00,1320.00,0.00,平仓价,1677,2021-03-10 00:00:00,1,0,2024-07-17 06:06:14,0,2024-07-17 06:06:14,,,
2021-03-10,1/3焦煤,大连港,鹤岗市,,0.25,7.50,18.00,70.00,1400.00,0.00,平仓价,1678,2021-03-10 00:00:00,1,0,2024-07-17 06:06:14,0,2024-07-17 06:06:14,,,
2021-03-09,1/3焦煤,大连港,俄罗斯,,0.75,8.50,33.00,80.00,1320.00,0.00,平仓价,1679,2021-03-09 00:00:00,1,0,2024-07-17 06:06:14,0,2024-07-17 06:06:14,,,
2021-03-09,1/3焦煤,大连港,鹤岗市,,0.25,7.50,18.00,70.00,1400.00,0.00,平仓价,1680,2021-03-09 00:00:00,1,0,2024-07-17 06:06:14,0,2024-07-17 06:06:14,,,
2021-03-08,1/3焦煤,大连港,俄罗斯,,0.75,8.50,33.00,80.00,1320.00,2.00,平仓价,1681,2021-03-08 00:00:00,1,0,2024-07-17 06:06:18,0,2024-07-17 06:06:18,,,
2021-03-08,1/3焦煤,大连港,鹤岗市,,0.25,7.50,18.00,70.00,1400.00,0.00,平仓价,1682,2021-03-08 00:00:00,1,0,2024-07-17 06:06:18,0,2024-07-17 06:06:18,,,
2021-03-05,1/3焦煤,大连港,俄罗斯,,0.75,8.50,33.00,80.00,1318.00,30.00,平仓价,1683,2021-03-05 00:00:00,1,0,2024-07-17 06:06:18,0,2024-07-17 06:06:18,,,
2021-03-05,1/3焦煤,大连港,鹤岗市,,0.25,7.50,18.00,70.00,1400.00,0.00,平仓价,1684,2021-03-05 00:00:00,1,0,2024-07-17 06:06:18,0,2024-07-17 06:06:18,,,
2021-03-04,1/3焦煤,大连港,俄罗斯,,0.75,8.50,33.00,80.00,1288.00,0.00,平仓价,1685,2021-03-04 00:00:00,1,0,2024-07-17 06:06:18,0,2024-07-17 06:06:18,,,
2021-03-04,1/3焦煤,大连港,鹤岗市,,0.25,7.50,18.00,70.00,1400.00,0.00,平仓价,1686,2021-03-04 00:00:00,1,0,2024-07-17 06:06:18,0,2024-07-17 06:06:18,,,
2021-03-03,1/3焦煤,大连港,俄罗斯,,0.75,8.50,33.00,80.00,1288.00,0.00,平仓价,1687,2021-03-03 00:00:00,1,0,2024-07-17 06:06:18,0,2024-07-17 06:06:18,,,
2021-03-03,1/3焦煤,大连港,鹤岗市,,0.25,7.50,18.00,70.00,1400.00,0.00,平仓价,1688,2021-03-03 00:00:00,1,0,2024-07-17 06:06:18,0,2024-07-17 06:06:18,,,
2021-03-02,1/3焦煤,大连港,俄罗斯,,0.75,8.50,33.00,80.00,1288.00,0.00,平仓价,1689,2021-03-02 00:00:00,1,0,2024-07-17 06:06:18,0,2024-07-17 06:06:18,,,
2021-03-02,1/3焦煤,大连港,鹤岗市,,0.25,7.50,18.00,70.00,1400.00,0.00,平仓价,1690,2021-03-02 00:00:00,1,0,2024-07-17 06:06:18,0,2024-07-17 06:06:18,,,
2021-03-01,1/3焦煤,大连港,俄罗斯,,0.75,8.50,33.00,80.00,1288.00,0.00,平仓价,1691,2021-03-01 00:00:00,1,0,2024-07-17 06:06:18,0,2024-07-17 06:06:18,,,
2021-03-01,1/3焦煤,大连港,鹤岗市,,0.25,7.50,18.00,70.00,1400.00,0.00,平仓价,1692,2021-03-01 00:00:00,1,0,2024-07-17 06:06:18,0,2024-07-17 06:06:18,,,
2021-02-26,1/3焦煤,大连港,俄罗斯,,0.75,8.50,33.00,80.00,1288.00,0.00,平仓价,1693,2021-02-26 00:00:00,1,0,2024-07-17 06:06:18,0,2024-07-17 06:06:18,,,
2021-02-26,1/3焦煤,大连港,鹤岗市,,0.25,7.50,18.00,70.00,1400.00,0.00,平仓价,1694,2021-02-26 00:00:00,1,0,2024-07-17 06:06:18,0,2024-07-17 06:06:18,,,
2021-02-25,1/3焦煤,大连港,俄罗斯,,0.75,8.50,33.00,80.00,1288.00,0.00,平仓价,1695,2021-02-25 00:00:00,1,0,2024-07-17 06:06:18,0,2024-07-17 06:06:18,,,
2021-02-25,1/3焦煤,大连港,鹤岗市,,0.25,7.50,18.00,70.00,1400.00,0.00,平仓价,1696,2021-02-25 00:00:00,1,0,2024-07-17 06:06:18,0,2024-07-17 06:06:18,,,
2021-02-24,1/3焦煤,大连港,俄罗斯,,0.75,8.50,33.00,80.00,1288.00,0.00,平仓价,1697,2021-02-24 00:00:00,1,0,2024-07-17 06:06:18,0,2024-07-17 06:06:18,,,
2021-02-24,1/3焦煤,大连港,鹤岗市,,0.25,7.50,18.00,70.00,1400.00,0.00,平仓价,1698,2021-02-24 00:00:00,1,0,2024-07-17 06:06:18,0,2024-07-17 06:06:18,,,
2021-02-23,1/3焦煤,大连港,俄罗斯,,0.75,8.50,33.00,80.00,1288.00,0.00,平仓价,1699,2021-02-23 00:00:00,1,0,2024-07-17 06:06:18,0,2024-07-17 06:06:18,,,
2021-02-23,1/3焦煤,大连港,鹤岗市,,0.25,7.50,18.00,70.00,1400.00,0.00,平仓价,1700,2021-02-23 00:00:00,1,0,2024-07-17 06:06:18,0,2024-07-17 06:06:18,,,
2021-02-22,1/3焦煤,大连港,俄罗斯,,0.75,8.50,33.00,80.00,1288.00,0.00,平仓价,1701,2021-02-22 00:00:00,1,0,2024-07-17 06:06:18,0,2024-07-17 06:06:18,,,
2021-02-22,1/3焦煤,大连港,鹤岗市,,0.25,7.50,18.00,70.00,1400.00,0.00,平仓价,1702,2021-02-22 00:00:00,1,0,2024-07-17 06:06:18,0,2024-07-17 06:06:18,,,
2021-02-20,1/3焦煤,大连港,俄罗斯,,0.75,8.50,33.00,80.00,1288.00,0.00,平仓价,1703,2021-02-20 00:00:00,1,0,2024-07-17 06:06:18,0,2024-07-17 06:06:18,,,
2021-02-20,1/3焦煤,大连港,鹤岗市,,0.25,7.50,18.00,70.00,1400.00,0.00,平仓价,1704,2021-02-20 00:00:00,1,0,2024-07-17 06:06:18,0,2024-07-17 06:06:18,,,
2021-02-19,1/3焦煤,大连港,俄罗斯,,0.75,8.50,33.00,80.00,1288.00,0.00,平仓价,1705,2021-02-19 00:00:00,1,0,2024-07-17 06:06:18,0,2024-07-17 06:06:18,,,
2021-02-19,1/3焦煤,大连港,鹤岗市,,0.25,7.50,18.00,70.00,1400.00,0.00,平仓价,1706,2021-02-19 00:00:00,1,0,2024-07-17 06:06:18,0,2024-07-17 06:06:18,,,
2021-02-18,1/3焦煤,大连港,俄罗斯,,0.75,8.50,33.00,80.00,1288.00,0.00,平仓价,1707,2021-02-18 00:00:00,1,0,2024-07-17 06:06:18,0,2024-07-17 06:06:18,,,
2021-02-18,1/3焦煤,大连港,鹤岗市,,0.25,7.50,18.00,70.00,1400.00,0.00,平仓价,1708,2021-02-18 00:00:00,1,0,2024-07-17 06:06:18,0,2024-07-17 06:06:18,,,
2021-02-10,1/3焦煤,大连港,俄罗斯,,0.75,8.50,33.00,80.00,1288.00,0.00,平仓价,1709,2021-02-10 00:00:00,1,0,2024-07-17 06:06:18,0,2024-07-17 06:06:18,,,
2021-02-10,1/3焦煤,大连港,鹤岗市,,0.25,7.50,18.00,70.00,1400.00,0.00,平仓价,1710,2021-02-10 00:00:00,1,0,2024-07-17 06:06:18,0,2024-07-17 06:06:18,,,
2021-02-09,1/3焦煤,大连港,俄罗斯,,0.75,8.50,33.00,80.00,1288.00,0.00,平仓价,1711,2021-02-09 00:00:00,1,0,2024-07-17 06:06:20,0,2024-07-17 06:06:20,,,
2021-02-09,1/3焦煤,大连港,鹤岗市,,0.25,7.50,18.00,70.00,1400.00,0.00,平仓价,1712,2021-02-09 00:00:00,1,0,2024-07-17 06:06:20,0,2024-07-17 06:06:20,,,
2021-02-08,1/3焦煤,大连港,俄罗斯,,0.75,8.50,33.00,80.00,1288.00,0.00,平仓价,1713,2021-02-08 00:00:00,1,0,2024-07-17 06:06:20,0,2024-07-17 06:06:20,,,
2021-02-08,1/3焦煤,大连港,鹤岗市,,0.25,7.50,18.00,70.00,1400.00,0.00,平仓价,1714,2021-02-08 00:00:00,1,0,2024-07-17 06:06:20,0,2024-07-17 06:06:20,,,
2021-02-07,1/3焦煤,大连港,俄罗斯,,0.75,8.50,33.00,80.00,1288.00,0.00,平仓价,1715,2021-02-07 00:00:00,1,0,2024-07-17 06:06:20,0,2024-07-17 06:06:20,,,
2021-02-07,1/3焦煤,大连港,鹤岗市,,0.25,7.50,18.00,70.00,1400.00,0.00,平仓价,1716,2021-02-07 00:00:00,1,0,2024-07-17 06:06:20,0,2024-07-17 06:06:20,,,
2021-02-05,1/3焦煤,大连港,俄罗斯,,0.75,8.50,33.00,80.00,1288.00,0.00,平仓价,1717,2021-02-05 00:00:00,1,0,2024-07-17 06:06:20,0,2024-07-17 06:06:20,,,
2021-02-05,1/3焦煤,大连港,鹤岗市,,0.25,7.50,18.00,70.00,1400.00,0.00,平仓价,1718,2021-02-05 00:00:00,1,0,2024-07-17 06:06:20,0,2024-07-17 06:06:20,,,
2021-02-04,1/3焦煤,大连港,俄罗斯,,0.75,8.50,33.00,80.00,1288.00,0.00,平仓价,1719,2021-02-04 00:00:00,1,0,2024-07-17 06:06:20,0,2024-07-17 06:06:20,,,
2021-02-04,1/3焦煤,大连港,鹤岗市,,0.25,7.50,18.00,70.00,1400.00,0.00,平仓价,1720,2021-02-04 00:00:00,1,0,2024-07-17 06:06:20,0,2024-07-17 06:06:20,,,
2021-02-03,1/3焦煤,大连港,俄罗斯,,0.75,8.50,33.00,80.00,1288.00,0.00,平仓价,1721,2021-02-03 00:00:00,1,0,2024-07-17 06:06:20,0,2024-07-17 06:06:20,,,
2021-02-03,1/3焦煤,大连港,鹤岗市,,0.25,7.50,18.00,70.00,1400.00,0.00,平仓价,1722,2021-02-03 00:00:00,1,0,2024-07-17 06:06:20,0,2024-07-17 06:06:20,,,
2021-02-02,1/3焦煤,大连港,俄罗斯,,0.75,8.50,33.00,80.00,1288.00,0.00,平仓价,1723,2021-02-02 00:00:00,1,0,2024-07-17 06:06:20,0,2024-07-17 06:06:20,,,
2021-02-02,1/3焦煤,大连港,鹤岗市,,0.25,7.50,18.00,70.00,1400.00,0.00,平仓价,1724,2021-02-02 00:00:00,1,0,2024-07-17 06:06:20,0,2024-07-17 06:06:20,,,
2021-02-01,1/3焦煤,大连港,俄罗斯,,0.75,8.50,33.00,80.00,1288.00,0.00,平仓价,1725,2021-02-01 00:00:00,1,0,2024-07-17 06:06:20,0,2024-07-17 06:06:20,,,
2021-02-01,1/3焦煤,大连港,鹤岗市,,0.25,7.50,18.00,70.00,1400.00,0.00,平仓价,1726,2021-02-01 00:00:00,1,0,2024-07-17 06:06:20,0,2024-07-17 06:06:20,,,
2021-01-29,1/3焦煤,大连港,俄罗斯,,0.75,8.50,33.00,80.00,1288.00,0.00,平仓价,1727,2021-01-29 00:00:00,1,0,2024-07-17 06:06:20,0,2024-07-17 06:06:20,,,
2021-01-29,1/3焦煤,大连港,鹤岗市,,0.25,7.50,18.00,70.00,1400.00,0.00,平仓价,1728,2021-01-29 00:00:00,1,0,2024-07-17 06:06:20,0,2024-07-17 06:06:20,,,
2021-01-28,1/3焦煤,大连港,俄罗斯,,0.75,8.50,33.00,80.00,1288.00,0.00,平仓价,1729,2021-01-28 00:00:00,1,0,2024-07-17 06:06:20,0,2024-07-17 06:06:20,,,
2021-01-28,1/3焦煤,大连港,鹤岗市,,0.25,7.50,18.00,70.00,1400.00,0.00,平仓价,1730,2021-01-28 00:00:00,1,0,2024-07-17 06:06:20,0,2024-07-17 06:06:20,,,
2021-01-27,1/3焦煤,大连港,俄罗斯,,0.75,8.50,33.00,80.00,1288.00,0.00,平仓价,1731,2021-01-27 00:00:00,1,0,2024-07-17 06:06:20,0,2024-07-17 06:06:20,,,
2021-01-27,1/3焦煤,大连港,鹤岗市,,0.25,7.50,18.00,70.00,1400.00,0.00,平仓价,1732,2021-01-27 00:00:00,1,0,2024-07-17 06:06:20,0,2024-07-17 06:06:20,,,
2021-01-26,1/3焦煤,大连港,俄罗斯,,0.75,8.50,33.00,80.00,1288.00,0.00,平仓价,1733,2021-01-26 00:00:00,1,0,2024-07-17 06:06:20,0,2024-07-17 06:06:20,,,
2021-01-26,1/3焦煤,大连港,鹤岗市,,0.25,7.50,18.00,70.00,1400.00,0.00,平仓价,1734,2021-01-26 00:00:00,1,0,2024-07-17 06:06:20,0,2024-07-17 06:06:20,,,
2021-01-25,1/3焦煤,大连港,俄罗斯,,0.75,8.50,33.00,80.00,1288.00,0.00,平仓价,1735,2021-01-25 00:00:00,1,0,2024-07-17 06:06:20,0,2024-07-17 06:06:20,,,
2021-01-25,1/3焦煤,大连港,鹤岗市,,0.25,7.50,18.00,70.00,1400.00,0.00,平仓价,1736,2021-01-25 00:00:00,1,0,2024-07-17 06:06:20,0,2024-07-17 06:06:20,,,
2021-01-22,1/3焦煤,大连港,俄罗斯,,0.75,8.50,33.00,80.00,1288.00,0.00,平仓价,1737,2021-01-22 00:00:00,1,0,2024-07-17 06:06:20,0,2024-07-17 06:06:20,,,
2021-01-22,1/3焦煤,大连港,鹤岗市,,0.25,7.50,18.00,70.00,1400.00,0.00,平仓价,1738,2021-01-22 00:00:00,1,0,2024-07-17 06:06:20,0,2024-07-17 06:06:20,,,
2021-01-21,1/3焦煤,大连港,俄罗斯,,0.75,8.50,33.00,80.00,1288.00,0.00,平仓价,1739,2021-01-21 00:00:00,1,0,2024-07-17 06:06:20,0,2024-07-17 06:06:20,,,
2021-01-21,1/3焦煤,大连港,鹤岗市,,0.25,7.50,18.00,70.00,1400.00,0.00,平仓价,1740,2021-01-21 00:00:00,1,0,2024-07-17 06:06:20,0,2024-07-17 06:06:20,,,
2021-01-20,1/3焦煤,大连港,俄罗斯,,0.75,8.50,33.00,80.00,1288.00,0.00,平仓价,1741,2021-01-20 00:00:00,1,0,2024-07-17 06:06:23,0,2024-07-17 06:06:23,,,
2021-01-20,1/3焦煤,大连港,鹤岗市,,0.25,7.50,18.00,70.00,1400.00,0.00,平仓价,1742,2021-01-20 00:00:00,1,0,2024-07-17 06:06:23,0,2024-07-17 06:06:23,,,
2021-01-19,1/3焦煤,大连港,俄罗斯,,0.75,8.50,33.00,80.00,1288.00,0.00,平仓价,1743,2021-01-19 00:00:00,1,0,2024-07-17 06:06:23,0,2024-07-17 06:06:23,,,
2021-01-19,1/3焦煤,大连港,鹤岗市,,0.25,7.50,18.00,70.00,1400.00,0.00,平仓价,1744,2021-01-19 00:00:00,1,0,2024-07-17 06:06:23,0,2024-07-17 06:06:23,,,
2021-01-18,1/3焦煤,大连港,俄罗斯,,0.75,8.50,33.00,80.00,1288.00,0.00,平仓价,1745,2021-01-18 00:00:00,1,0,2024-07-17 06:06:23,0,2024-07-17 06:06:23,,,
2021-01-18,1/3焦煤,大连港,鹤岗市,,0.25,7.50,18.00,70.00,1400.00,0.00,平仓价,1746,2021-01-18 00:00:00,1,0,2024-07-17 06:06:23,0,2024-07-17 06:06:23,,,
2021-01-15,1/3焦煤,大连港,俄罗斯,,0.75,8.50,33.00,80.00,1288.00,0.00,平仓价,1747,2021-01-15 00:00:00,1,0,2024-07-17 06:06:23,0,2024-07-17 06:06:23,,,
2021-01-15,1/3焦煤,大连港,鹤岗市,,0.25,7.50,18.00,70.00,1400.00,0.00,平仓价,1748,2021-01-15 00:00:00,1,0,2024-07-17 06:06:23,0,2024-07-17 06:06:23,,,
2021-01-14,1/3焦煤,大连港,俄罗斯,,0.75,8.50,33.00,80.00,1288.00,0.00,平仓价,1749,2021-01-14 00:00:00,1,0,2024-07-17 06:06:23,0,2024-07-17 06:06:23,,,
2021-01-14,1/3焦煤,大连港,鹤岗市,,0.25,7.50,18.00,70.00,1400.00,0.00,平仓价,1750,2021-01-14 00:00:00,1,0,2024-07-17 06:06:23,0,2024-07-17 06:06:23,,,
2021-01-13,1/3焦煤,大连港,俄罗斯,,0.75,8.50,33.00,80.00,1288.00,0.00,平仓价,1751,2021-01-13 00:00:00,1,0,2024-07-17 06:06:23,0,2024-07-17 06:06:23,,,
2021-01-13,1/3焦煤,大连港,鹤岗市,,0.25,7.50,18.00,70.00,1400.00,0.00,平仓价,1752,2021-01-13 00:00:00,1,0,2024-07-17 06:06:23,0,2024-07-17 06:06:23,,,
2021-01-12,1/3焦煤,大连港,俄罗斯,,0.75,8.50,33.00,80.00,1288.00,0.00,平仓价,1753,2021-01-12 00:00:00,1,0,2024-07-17 06:06:23,0,2024-07-17 06:06:23,,,
2021-01-12,1/3焦煤,大连港,鹤岗市,,0.25,7.50,18.00,70.00,1400.00,0.00,平仓价,1754,2021-01-12 00:00:00,1,0,2024-07-17 06:06:23,0,2024-07-17 06:06:23,,,
2021-01-11,1/3焦煤,大连港,俄罗斯,,0.75,8.50,33.00,80.00,1288.00,0.00,平仓价,1755,2021-01-11 00:00:00,1,0,2024-07-17 06:06:23,0,2024-07-17 06:06:23,,,
2021-01-11,1/3焦煤,大连港,鹤岗市,,0.25,7.50,18.00,70.00,1400.00,0.00,平仓价,1756,2021-01-11 00:00:00,1,0,2024-07-17 06:06:23,0,2024-07-17 06:06:23,,,
2021-01-08,1/3焦煤,大连港,俄罗斯,,0.75,8.50,33.00,80.00,1288.00,0.00,平仓价,1757,2021-01-08 00:00:00,1,0,2024-07-17 06:06:23,0,2024-07-17 06:06:23,,,
2021-01-08,1/3焦煤,大连港,鹤岗市,,0.25,7.50,18.00,70.00,1400.00,0.00,平仓价,1758,2021-01-08 00:00:00,1,0,2024-07-17 06:06:23,0,2024-07-17 06:06:23,,,
2021-01-07,1/3焦煤,大连港,俄罗斯,,0.75,8.50,33.00,80.00,1288.00,0.00,平仓价,1759,2021-01-07 00:00:00,1,0,2024-07-17 06:06:23,0,2024-07-17 06:06:23,,,
2021-01-07,1/3焦煤,大连港,鹤岗市,,0.25,7.50,18.00,70.00,1400.00,0.00,平仓价,1760,2021-01-07 00:00:00,1,0,2024-07-17 06:06:23,0,2024-07-17 06:06:23,,,
2021-01-06,1/3焦煤,大连港,俄罗斯,,0.75,8.50,33.00,80.00,1288.00,0.00,平仓价,1761,2021-01-06 00:00:00,1,0,2024-07-17 06:06:23,0,2024-07-17 06:06:23,,,
2021-01-06,1/3焦煤,大连港,鹤岗市,,0.25,7.50,18.00,70.00,1400.00,0.00,平仓价,1762,2021-01-06 00:00:00,1,0,2024-07-17 06:06:23,0,2024-07-17 06:06:23,,,
2021-01-05,1/3焦煤,大连港,俄罗斯,,0.75,8.50,33.00,80.00,1288.00,0.00,平仓价,1763,2021-01-05 00:00:00,1,0,2024-07-17 06:06:23,0,2024-07-17 06:06:23,,,
2021-01-05,1/3焦煤,大连港,鹤岗市,,0.25,7.50,18.00,70.00,1400.00,0.00,平仓价,1764,2021-01-05 00:00:00,1,0,2024-07-17 06:06:23,0,2024-07-17 06:06:23,,,
2021-01-04,1/3焦煤,大连港,俄罗斯,,0.75,8.50,33.00,80.00,1288.00,0.00,平仓价,1765,2021-01-04 00:00:00,1,0,2024-07-17 06:06:23,0,2024-07-17 06:06:23,,,
2021-01-04,1/3焦煤,大连港,鹤岗市,,0.25,7.50,18.00,70.00,1400.00,0.00,平仓价,1766,2021-01-04 00:00:00,1,0,2024-07-17 06:06:23,0,2024-07-17 06:06:23,,,
2020-12-31,1/3焦煤,大连港,俄罗斯,,0.75,8.50,33.00,80.00,1288.00,0.00,平仓价,1767,2020-12-31 00:00:00,1,0,2024-07-17 06:06:23,0,2024-07-17 06:06:23,,,
2020-12-31,1/3焦煤,大连港,鹤岗市,,0.25,7.50,18.00,70.00,1400.00,0.00,平仓价,1768,2020-12-31 00:00:00,1,0,2024-07-17 06:06:23,0,2024-07-17 06:06:23,,,
2020-12-30,1/3焦煤,大连港,俄罗斯,,0.75,8.50,33.00,80.00,1288.00,63.00,平仓价,1769,2020-12-30 00:00:00,1,0,2024-07-17 06:06:23,0,2024-07-17 06:06:23,,,
2020-12-30,1/3焦煤,大连港,鹤岗市,,0.25,7.50,18.00,70.00,1400.00,0.00,平仓价,1770,2020-12-30 00:00:00,1,0,2024-07-17 06:06:23,0,2024-07-17 06:06:23,,,
2020-12-29,1/3焦煤,大连港,俄罗斯,,0.75,8.50,33.00,80.00,1225.00,0.00,平仓价,1771,2020-12-29 00:00:00,1,0,2024-07-17 06:06:27,0,2024-07-17 06:06:27,,,
2020-12-29,1/3焦煤,大连港,鹤岗市,,0.25,7.50,18.00,70.00,1400.00,0.00,平仓价,1772,2020-12-29 00:00:00,1,0,2024-07-17 06:06:27,0,2024-07-17 06:06:27,,,
2020-12-28,1/3焦煤,大连港,俄罗斯,,0.75,8.50,33.00,80.00,1225.00,0.00,平仓价,1773,2020-12-28 00:00:00,1,0,2024-07-17 06:06:27,0,2024-07-17 06:06:27,,,
2020-12-28,1/3焦煤,大连港,鹤岗市,,0.25,7.50,18.00,70.00,1400.00,0.00,平仓价,1774,2020-12-28 00:00:00,1,0,2024-07-17 06:06:27,0,2024-07-17 06:06:27,,,
2020-12-25,1/3焦煤,大连港,俄罗斯,,0.75,8.50,33.00,80.00,1225.00,0.00,平仓价,1775,2020-12-25 00:00:00,1,0,2024-07-17 06:06:27,0,2024-07-17 06:06:27,,,
2020-12-25,1/3焦煤,大连港,鹤岗市,,0.25,7.50,18.00,70.00,1400.00,0.00,平仓价,1776,2020-12-25 00:00:00,1,0,2024-07-17 06:06:27,0,2024-07-17 06:06:27,,,
2020-12-24,1/3焦煤,大连港,俄罗斯,,0.75,8.50,33.00,80.00,1225.00,0.00,平仓价,1777,2020-12-24 00:00:00,1,0,2024-07-17 06:06:27,0,2024-07-17 06:06:27,,,
2020-12-24,1/3焦煤,大连港,鹤岗市,,0.25,7.50,18.00,70.00,1400.00,0.00,平仓价,1778,2020-12-24 00:00:00,1,0,2024-07-17 06:06:27,0,2024-07-17 06:06:27,,,
2020-12-23,1/3焦煤,大连港,俄罗斯,,0.75,8.50,33.00,80.00,1225.00,0.00,平仓价,1779,2020-12-23 00:00:00,1,0,2024-07-17 06:06:27,0,2024-07-17 06:06:27,,,
2020-12-23,1/3焦煤,大连港,鹤岗市,,0.25,7.50,18.00,70.00,1400.00,0.00,平仓价,1780,2020-12-23 00:00:00,1,0,2024-07-17 06:06:27,0,2024-07-17 06:06:27,,,
2020-12-22,1/3焦煤,大连港,俄罗斯,,0.75,8.50,33.00,80.00,1225.00,0.00,平仓价,1781,2020-12-22 00:00:00,1,0,2024-07-17 06:06:27,0,2024-07-17 06:06:27,,,
2020-12-22,1/3焦煤,大连港,鹤岗市,,0.25,7.50,18.00,70.00,1400.00,0.00,平仓价,1782,2020-12-22 00:00:00,1,0,2024-07-17 06:06:27,0,2024-07-17 06:06:27,,,
2020-12-21,1/3焦煤,大连港,俄罗斯,,0.75,8.50,33.00,80.00,1225.00,0.00,平仓价,1783,2020-12-21 00:00:00,1,0,2024-07-17 06:06:27,0,2024-07-17 06:06:27,,,
2020-12-21,1/3焦煤,大连港,鹤岗市,,0.25,7.50,18.00,70.00,1400.00,0.00,平仓价,1784,2020-12-21 00:00:00,1,0,2024-07-17 06:06:27,0,2024-07-17 06:06:27,,,
2020-12-18,1/3焦煤,大连港,俄罗斯,,0.75,8.50,33.00,80.00,1225.00,0.00,平仓价,1785,2020-12-18 00:00:00,1,0,2024-07-17 06:06:27,0,2024-07-17 06:06:27,,,
2020-12-18,1/3焦煤,大连港,鹤岗市,,0.25,7.50,18.00,70.00,1400.00,0.00,平仓价,1786,2020-12-18 00:00:00,1,0,2024-07-17 06:06:27,0,2024-07-17 06:06:27,,,
2020-12-17,1/3焦煤,大连港,俄罗斯,,0.75,8.50,33.00,80.00,1225.00,0.00,平仓价,1787,2020-12-17 00:00:00,1,0,2024-07-17 06:06:27,0,2024-07-17 06:06:27,,,
2020-12-17,1/3焦煤,大连港,鹤岗市,,0.25,7.50,18.00,70.00,1400.00,0.00,平仓价,1788,2020-12-17 00:00:00,1,0,2024-07-17 06:06:27,0,2024-07-17 06:06:27,,,
2020-12-16,1/3焦煤,大连港,俄罗斯,,0.75,8.50,33.00,80.00,1225.00,0.00,平仓价,1789,2020-12-16 00:00:00,1,0,2024-07-17 06:06:27,0,2024-07-17 06:06:27,,,
2020-12-16,1/3焦煤,大连港,鹤岗市,,0.25,7.50,18.00,70.00,1400.00,0.00,平仓价,1790,2020-12-16 00:00:00,1,0,2024-07-17 06:06:27,0,2024-07-17 06:06:27,,,
2020-12-15,1/3焦煤,大连港,俄罗斯,,0.75,8.50,33.00,80.00,1225.00,0.00,平仓价,1791,2020-12-15 00:00:00,1,0,2024-07-17 06:06:27,0,2024-07-17 06:06:27,,,
2020-12-15,1/3焦煤,大连港,鹤岗市,,0.25,7.50,18.00,70.00,1400.00,0.00,平仓价,1792,2020-12-15 00:00:00,1,0,2024-07-17 06:06:27,0,2024-07-17 06:06:27,,,
2020-12-14,1/3焦煤,大连港,俄罗斯,,0.75,8.50,33.00,80.00,1225.00,0.00,平仓价,1793,2020-12-14 00:00:00,1,0,2024-07-17 06:06:27,0,2024-07-17 06:06:27,,,
2020-12-14,1/3焦煤,大连港,鹤岗市,,0.25,7.50,18.00,70.00,1400.00,0.00,平仓价,1794,2020-12-14 00:00:00,1,0,2024-07-17 06:06:27,0,2024-07-17 06:06:27,,,
2020-12-11,1/3焦煤,大连港,俄罗斯,,0.75,8.50,33.00,80.00,1225.00,0.00,平仓价,1795,2020-12-11 00:00:00,1,0,2024-07-17 06:06:27,0,2024-07-17 06:06:27,,,
2020-12-11,1/3焦煤,大连港,鹤岗市,,0.25,7.50,18.00,70.00,1400.00,0.00,平仓价,1796,2020-12-11 00:00:00,1,0,2024-07-17 06:06:27,0,2024-07-17 06:06:27,,,
2020-12-10,1/3焦煤,大连港,俄罗斯,,0.75,8.50,33.00,80.00,1225.00,0.00,平仓价,1797,2020-12-10 00:00:00,1,0,2024-07-17 06:06:27,0,2024-07-17 06:06:27,,,
2020-12-10,1/3焦煤,大连港,鹤岗市,,0.25,7.50,18.00,70.00,1400.00,0.00,平仓价,1798,2020-12-10 00:00:00,1,0,2024-07-17 06:06:27,0,2024-07-17 06:06:27,,,
2020-12-09,1/3焦煤,大连港,俄罗斯,,0.75,8.50,33.00,80.00,1225.00,0.00,平仓价,1799,2020-12-09 00:00:00,1,0,2024-07-17 06:06:27,0,2024-07-17 06:06:27,,,
2020-12-09,1/3焦煤,大连港,鹤岗市,,0.25,7.50,18.00,70.00,1400.00,0.00,平仓价,1800,2020-12-09 00:00:00,1,0,2024-07-17 06:06:27,0,2024-07-17 06:06:27,,,
2020-12-08,1/3焦煤,大连港,俄罗斯,,0.75,8.50,33.00,80.00,1225.00,0.00,平仓价,1801,2020-12-08 00:00:00,1,0,2024-07-17 06:06:29,0,2024-07-17 06:06:29,,,
2020-12-08,1/3焦煤,大连港,鹤岗市,,0.25,7.50,18.00,70.00,1400.00,0.00,平仓价,1802,2020-12-08 00:00:00,1,0,2024-07-17 06:06:29,0,2024-07-17 06:06:29,,,
2020-12-07,1/3焦煤,大连港,俄罗斯,,0.75,8.50,33.00,80.00,1225.00,97.00,平仓价,1803,2020-12-07 00:00:00,1,0,2024-07-17 06:06:29,0,2024-07-17 06:06:29,,,
2020-12-07,1/3焦煤,大连港,鹤岗市,,0.25,7.50,18.00,70.00,1400.00,0.00,平仓价,1804,2020-12-07 00:00:00,1,0,2024-07-17 06:06:29,0,2024-07-17 06:06:29,,,
2020-12-04,1/3焦煤,大连港,俄罗斯,,0.75,8.50,33.00,80.00,1128.00,0.00,平仓价,1805,2020-12-04 00:00:00,1,0,2024-07-17 06:06:29,0,2024-07-17 06:06:29,,,
2020-12-04,1/3焦煤,大连港,鹤岗市,,0.25,7.50,18.00,70.00,1400.00,0.00,平仓价,1806,2020-12-04 00:00:00,1,0,2024-07-17 06:06:29,0,2024-07-17 06:06:29,,,
2020-12-03,1/3焦煤,大连港,俄罗斯,,0.75,8.50,33.00,80.00,1128.00,0.00,平仓价,1807,2020-12-03 00:00:00,1,0,2024-07-17 06:06:29,0,2024-07-17 06:06:29,,,
2020-12-03,1/3焦煤,大连港,鹤岗市,,0.25,7.50,18.00,70.00,1400.00,0.00,平仓价,1808,2020-12-03 00:00:00,1,0,2024-07-17 06:06:29,0,2024-07-17 06:06:29,,,
2020-12-02,1/3焦煤,大连港,俄罗斯,,0.75,8.50,33.00,80.00,1128.00,0.00,平仓价,1809,2020-12-02 00:00:00,1,0,2024-07-17 06:06:29,0,2024-07-17 06:06:29,,,
2020-12-02,1/3焦煤,大连港,鹤岗市,,0.25,7.50,18.00,70.00,1400.00,0.00,平仓价,1810,2020-12-02 00:00:00,1,0,2024-07-17 06:06:29,0,2024-07-17 06:06:29,,,
2020-12-01,1/3焦煤,大连港,俄罗斯,,0.75,8.50,33.00,80.00,1128.00,0.00,平仓价,1811,2020-12-01 00:00:00,1,0,2024-07-17 06:06:29,0,2024-07-17 06:06:29,,,
2020-12-01,1/3焦煤,大连港,鹤岗市,,0.25,7.50,18.00,70.00,1400.00,0.00,平仓价,1812,2020-12-01 00:00:00,1,0,2024-07-17 06:06:29,0,2024-07-17 06:06:29,,,
2020-11-30,1/3焦煤,大连港,俄罗斯,,0.75,8.50,33.00,80.00,1128.00,0.00,平仓价,1813,2020-11-30 00:00:00,1,0,2024-07-17 06:06:29,0,2024-07-17 06:06:29,,,
2020-11-30,1/3焦煤,大连港,鹤岗市,,0.25,7.50,18.00,70.00,1400.00,0.00,平仓价,1814,2020-11-30 00:00:00,1,0,2024-07-17 06:06:29,0,2024-07-17 06:06:29,,,
2020-11-27,1/3焦煤,大连港,俄罗斯,,0.75,8.50,33.00,80.00,1128.00,0.00,平仓价,1815,2020-11-27 00:00:00,1,0,2024-07-17 06:06:29,0,2024-07-17 06:06:29,,,
2020-11-27,1/3焦煤,大连港,鹤岗市,,0.25,7.50,18.00,70.00,1400.00,0.00,平仓价,1816,2020-11-27 00:00:00,1,0,2024-07-17 06:06:29,0,2024-07-17 06:06:29,,,
2020-11-26,1/3焦煤,大连港,俄罗斯,,0.75,8.50,33.00,80.00,1128.00,0.00,平仓价,1817,2020-11-26 00:00:00,1,0,2024-07-17 06:06:29,0,2024-07-17 06:06:29,,,
2020-11-26,1/3焦煤,大连港,鹤岗市,,0.25,7.50,18.00,70.00,1400.00,0.00,平仓价,1818,2020-11-26 00:00:00,1,0,2024-07-17 06:06:29,0,2024-07-17 06:06:29,,,
2020-11-25,1/3焦煤,大连港,俄罗斯,,0.75,8.50,33.00,80.00,1128.00,0.00,平仓价,1819,2020-11-25 00:00:00,1,0,2024-07-17 06:06:29,0,2024-07-17 06:06:29,,,
2020-11-25,1/3焦煤,大连港,鹤岗市,,0.25,7.50,18.00,70.00,1400.00,0.00,平仓价,1820,2020-11-25 00:00:00,1,0,2024-07-17 06:06:29,0,2024-07-17 06:06:29,,,
2020-11-24,1/3焦煤,大连港,俄罗斯,,0.75,8.50,33.00,80.00,1128.00,0.00,平仓价,1821,2020-11-24 00:00:00,1,0,2024-07-17 06:06:29,0,2024-07-17 06:06:29,,,
2020-11-24,1/3焦煤,大连港,鹤岗市,,0.25,7.50,18.00,70.00,1400.00,0.00,平仓价,1822,2020-11-24 00:00:00,1,0,2024-07-17 06:06:29,0,2024-07-17 06:06:29,,,
2020-11-23,1/3焦煤,大连港,俄罗斯,,0.75,8.50,33.00,80.00,1128.00,0.00,平仓价,1823,2020-11-23 00:00:00,1,0,2024-07-17 06:06:29,0,2024-07-17 06:06:29,,,
2020-11-23,1/3焦煤,大连港,鹤岗市,,0.25,7.50,18.00,70.00,1400.00,0.00,平仓价,1824,2020-11-23 00:00:00,1,0,2024-07-17 06:06:29,0,2024-07-17 06:06:29,,,
2020-11-20,1/3焦煤,大连港,俄罗斯,,0.75,8.50,33.00,80.00,1128.00,0.00,平仓价,1825,2020-11-20 00:00:00,1,0,2024-07-17 06:06:29,0,2024-07-17 06:06:29,,,
2020-11-20,1/3焦煤,大连港,鹤岗市,,0.25,7.50,18.00,70.00,1400.00,0.00,平仓价,1826,2020-11-20 00:00:00,1,0,2024-07-17 06:06:29,0,2024-07-17 06:06:29,,,
2020-11-19,1/3焦煤,大连港,俄罗斯,,0.75,8.50,33.00,80.00,1128.00,0.00,平仓价,1827,2020-11-19 00:00:00,1,0,2024-07-17 06:06:29,0,2024-07-17 06:06:29,,,
2020-11-19,1/3焦煤,大连港,鹤岗市,,0.25,7.50,18.00,70.00,1400.00,0.00,平仓价,1828,2020-11-19 00:00:00,1,0,2024-07-17 06:06:29,0,2024-07-17 06:06:29,,,
2020-11-18,1/3焦煤,大连港,俄罗斯,,0.75,8.50,33.00,80.00,1128.00,0.00,平仓价,1829,2020-11-18 00:00:00,1,0,2024-07-17 06:06:29,0,2024-07-17 06:06:29,,,
2020-11-18,1/3焦煤,大连港,鹤岗市,,0.25,7.50,18.00,70.00,1400.00,0.00,平仓价,1830,2020-11-18 00:00:00,1,0,2024-07-17 06:06:29,0,2024-07-17 06:06:29,,,
2020-11-17,1/3焦煤,大连港,俄罗斯,,0.75,8.50,33.00,80.00,1128.00,0.00,平仓价,1831,2020-11-17 00:00:00,1,0,2024-07-17 06:06:32,0,2024-07-17 06:06:32,,,
2020-11-17,1/3焦煤,大连港,鹤岗市,,0.25,7.50,18.00,70.00,1400.00,0.00,平仓价,1832,2020-11-17 00:00:00,1,0,2024-07-17 06:06:32,0,2024-07-17 06:06:32,,,
2020-11-16,1/3焦煤,大连港,俄罗斯,,0.75,8.50,33.00,80.00,1128.00,0.00,平仓价,1833,2020-11-16 00:00:00,1,0,2024-07-17 06:06:32,0,2024-07-17 06:06:32,,,
2020-11-16,1/3焦煤,大连港,鹤岗市,,0.25,7.50,18.00,70.00,1400.00,0.00,平仓价,1834,2020-11-16 00:00:00,1,0,2024-07-17 06:06:32,0,2024-07-17 06:06:32,,,
2020-11-13,1/3焦煤,大连港,俄罗斯,,0.75,8.50,33.00,80.00,1128.00,0.00,平仓价,1835,2020-11-13 00:00:00,1,0,2024-07-17 06:06:32,0,2024-07-17 06:06:32,,,
2020-11-13,1/3焦煤,大连港,鹤岗市,,0.25,7.50,18.00,70.00,1400.00,0.00,平仓价,1836,2020-11-13 00:00:00,1,0,2024-07-17 06:06:32,0,2024-07-17 06:06:32,,,
2020-11-12,1/3焦煤,大连港,俄罗斯,,0.75,8.50,33.00,80.00,1128.00,0.00,平仓价,1837,2020-11-12 00:00:00,1,0,2024-07-17 06:06:32,0,2024-07-17 06:06:32,,,
2020-11-12,1/3焦煤,大连港,鹤岗市,,0.25,7.50,18.00,70.00,1400.00,0.00,平仓价,1838,2020-11-12 00:00:00,1,0,2024-07-17 06:06:32,0,2024-07-17 06:06:32,,,
2020-11-11,1/3焦煤,大连港,俄罗斯,,0.75,8.50,33.00,80.00,1128.00,0.00,平仓价,1839,2020-11-11 00:00:00,1,0,2024-07-17 06:06:32,0,2024-07-17 06:06:32,,,
2020-11-11,1/3焦煤,大连港,鹤岗市,,0.25,7.50,18.00,70.00,1400.00,0.00,平仓价,1840,2020-11-11 00:00:00,1,0,2024-07-17 06:06:32,0,2024-07-17 06:06:32,,,
2020-11-10,1/3焦煤,大连港,俄罗斯,,0.75,8.50,33.00,80.00,1128.00,0.00,平仓价,1841,2020-11-10 00:00:00,1,0,2024-07-17 06:06:32,0,2024-07-17 06:06:32,,,
2020-11-10,1/3焦煤,大连港,鹤岗市,,0.25,7.50,18.00,70.00,1400.00,0.00,平仓价,1842,2020-11-10 00:00:00,1,0,2024-07-17 06:06:32,0,2024-07-17 06:06:32,,,
2020-11-09,1/3焦煤,大连港,俄罗斯,,0.75,8.50,33.00,80.00,1128.00,0.00,平仓价,1843,2020-11-09 00:00:00,1,0,2024-07-17 06:06:32,0,2024-07-17 06:06:32,,,
2020-11-09,1/3焦煤,大连港,鹤岗市,,0.25,7.50,18.00,70.00,1400.00,0.00,平仓价,1844,2020-11-09 00:00:00,1,0,2024-07-17 06:06:32,0,2024-07-17 06:06:32,,,
2020-11-06,1/3焦煤,大连港,俄罗斯,,0.75,8.50,33.00,80.00,1128.00,0.00,平仓价,1845,2020-11-06 00:00:00,1,0,2024-07-17 06:06:32,0,2024-07-17 06:06:32,,,
2020-11-06,1/3焦煤,大连港,鹤岗市,,0.25,7.50,18.00,70.00,1400.00,0.00,平仓价,1846,2020-11-06 00:00:00,1,0,2024-07-17 06:06:32,0,2024-07-17 06:06:32,,,
2020-11-05,1/3焦煤,大连港,俄罗斯,,0.75,8.50,33.00,80.00,1128.00,0.00,平仓价,1847,2020-11-05 00:00:00,1,0,2024-07-17 06:06:32,0,2024-07-17 06:06:32,,,
2020-11-05,1/3焦煤,大连港,鹤岗市,,0.25,7.50,18.00,70.00,1400.00,0.00,平仓价,1848,2020-11-05 00:00:00,1,0,2024-07-17 06:06:32,0,2024-07-17 06:06:32,,,
2020-11-04,1/3焦煤,大连港,俄罗斯,,0.75,8.50,33.00,80.00,1128.00,0.00,平仓价,1849,2020-11-04 00:00:00,1,0,2024-07-17 06:06:32,0,2024-07-17 06:06:32,,,
2020-11-04,1/3焦煤,大连港,鹤岗市,,0.25,7.50,18.00,70.00,1400.00,0.00,平仓价,1850,2020-11-04 00:00:00,1,0,2024-07-17 06:06:32,0,2024-07-17 06:06:32,,,
2020-11-03,1/3焦煤,大连港,俄罗斯,,0.75,8.50,33.00,80.00,1128.00,0.00,平仓价,1851,2020-11-03 00:00:00,1,0,2024-07-17 06:06:32,0,2024-07-17 06:06:32,,,
2020-11-03,1/3焦煤,大连港,鹤岗市,,0.25,7.50,18.00,70.00,1400.00,0.00,平仓价,1852,2020-11-03 00:00:00,1,0,2024-07-17 06:06:32,0,2024-07-17 06:06:32,,,
2020-11-02,1/3焦煤,大连港,俄罗斯,,0.75,8.50,33.00,80.00,1128.00,0.00,平仓价,1853,2020-11-02 00:00:00,1,0,2024-07-17 06:06:32,0,2024-07-17 06:06:32,,,
2020-11-02,1/3焦煤,大连港,鹤岗市,,0.25,7.50,18.00,70.00,1400.00,0.00,平仓价,1854,2020-11-02 00:00:00,1,0,2024-07-17 06:06:32,0,2024-07-17 06:06:32,,,
2020-10-30,1/3焦煤,大连港,俄罗斯,,0.75,8.50,33.00,80.00,1128.00,0.00,平仓价,1855,2020-10-30 00:00:00,1,0,2024-07-17 06:06:32,0,2024-07-17 06:06:32,,,
2020-10-30,1/3焦煤,大连港,鹤岗市,,0.25,7.50,18.00,70.00,1400.00,0.00,平仓价,1856,2020-10-30 00:00:00,1,0,2024-07-17 06:06:32,0,2024-07-17 06:06:32,,,
2020-10-29,1/3焦煤,大连港,俄罗斯,,0.75,8.50,33.00,80.00,1128.00,0.00,平仓价,1857,2020-10-29 00:00:00,1,0,2024-07-17 06:06:32,0,2024-07-17 06:06:32,,,
2020-10-29,1/3焦煤,大连港,鹤岗市,,0.25,7.50,18.00,70.00,1400.00,0.00,平仓价,1858,2020-10-29 00:00:00,1,0,2024-07-17 06:06:32,0,2024-07-17 06:06:32,,,
2020-10-28,1/3焦煤,大连港,俄罗斯,,0.75,8.50,33.00,80.00,1128.00,0.00,平仓价,1859,2020-10-28 00:00:00,1,0,2024-07-17 06:06:32,0,2024-07-17 06:06:32,,,
2020-10-28,1/3焦煤,大连港,鹤岗市,,0.25,7.50,18.00,70.00,1400.00,0.00,平仓价,1860,2020-10-28 00:00:00,1,0,2024-07-17 06:06:32,0,2024-07-17 06:06:32,,,
2020-10-27,1/3焦煤,大连港,俄罗斯,,0.75,8.50,33.00,80.00,1128.00,0.00,平仓价,1861,2020-10-27 00:00:00,1,0,2024-07-17 06:06:36,0,2024-07-17 06:06:36,,,
2020-10-27,1/3焦煤,大连港,鹤岗市,,0.25,7.50,18.00,70.00,1400.00,0.00,平仓价,1862,2020-10-27 00:00:00,1,0,2024-07-17 06:06:36,0,2024-07-17 06:06:36,,,
2020-10-26,1/3焦煤,大连港,俄罗斯,,0.75,8.50,33.00,80.00,1128.00,0.00,平仓价,1863,2020-10-26 00:00:00,1,0,2024-07-17 06:06:36,0,2024-07-17 06:06:36,,,
2020-10-26,1/3焦煤,大连港,鹤岗市,,0.25,7.50,18.00,70.00,1400.00,0.00,平仓价,1864,2020-10-26 00:00:00,1,0,2024-07-17 06:06:36,0,2024-07-17 06:06:36,,,
2020-10-23,1/3焦煤,大连港,俄罗斯,,0.75,8.50,33.00,80.00,1128.00,35.00,平仓价,1865,2020-10-23 00:00:00,1,0,2024-07-17 06:06:36,0,2024-07-17 06:06:36,,,
2020-10-23,1/3焦煤,大连港,鹤岗市,,0.25,7.50,18.00,70.00,1400.00,0.00,平仓价,1866,2020-10-23 00:00:00,1,0,2024-07-17 06:06:36,0,2024-07-17 06:06:36,,,
2020-10-22,1/3焦煤,大连港,俄罗斯,,0.75,8.50,33.00,80.00,1093.00,0.00,平仓价,1867,2020-10-22 00:00:00,1,0,2024-07-17 06:06:36,0,2024-07-17 06:06:36,,,
2020-10-22,1/3焦煤,大连港,鹤岗市,,0.25,7.50,18.00,70.00,1400.00,0.00,平仓价,1868,2020-10-22 00:00:00,1,0,2024-07-17 06:06:36,0,2024-07-17 06:06:36,,,
2020-10-21,1/3焦煤,大连港,俄罗斯,,0.75,8.50,33.00,80.00,1093.00,0.00,平仓价,1869,2020-10-21 00:00:00,1,0,2024-07-17 06:06:36,0,2024-07-17 06:06:36,,,
2020-10-21,1/3焦煤,大连港,鹤岗市,,0.25,7.50,18.00,70.00,1400.00,0.00,平仓价,1870,2020-10-21 00:00:00,1,0,2024-07-17 06:06:36,0,2024-07-17 06:06:36,,,
2020-10-20,1/3焦煤,大连港,俄罗斯,,0.75,8.50,33.00,80.00,1093.00,0.00,平仓价,1871,2020-10-20 00:00:00,1,0,2024-07-17 06:06:36,0,2024-07-17 06:06:36,,,
2020-10-20,1/3焦煤,大连港,鹤岗市,,0.25,7.50,18.00,70.00,1400.00,0.00,平仓价,1872,2020-10-20 00:00:00,1,0,2024-07-17 06:06:36,0,2024-07-17 06:06:36,,,
2020-10-19,1/3焦煤,大连港,俄罗斯,,0.75,8.50,33.00,80.00,1093.00,0.00,平仓价,1873,2020-10-19 00:00:00,1,0,2024-07-17 06:06:36,0,2024-07-17 06:06:36,,,
2020-10-19,1/3焦煤,大连港,鹤岗市,,0.25,7.50,18.00,70.00,1400.00,0.00,平仓价,1874,2020-10-19 00:00:00,1,0,2024-07-17 06:06:36,0,2024-07-17 06:06:36,,,
2020-10-16,1/3焦煤,大连港,俄罗斯,,0.75,8.50,33.00,80.00,1093.00,0.00,平仓价,1875,2020-10-16 00:00:00,1,0,2024-07-17 06:06:36,0,2024-07-17 06:06:36,,,
2020-10-16,1/3焦煤,大连港,鹤岗市,,0.25,7.50,18.00,70.00,1400.00,0.00,平仓价,1876,2020-10-16 00:00:00,1,0,2024-07-17 06:06:36,0,2024-07-17 06:06:36,,,
2020-10-15,1/3焦煤,大连港,俄罗斯,,0.75,8.50,33.00,80.00,1093.00,0.00,平仓价,1877,2020-10-15 00:00:00,1,0,2024-07-17 06:06:36,0,2024-07-17 06:06:36,,,
2020-10-15,1/3焦煤,大连港,鹤岗市,,0.25,7.50,18.00,70.00,1400.00,0.00,平仓价,1878,2020-10-15 00:00:00,1,0,2024-07-17 06:06:36,0,2024-07-17 06:06:36,,,
2020-10-14,1/3焦煤,大连港,俄罗斯,,0.75,8.50,33.00,80.00,1093.00,0.00,平仓价,1879,2020-10-14 00:00:00,1,0,2024-07-17 06:06:36,0,2024-07-17 06:06:36,,,
2020-10-14,1/3焦煤,大连港,鹤岗市,,0.25,7.50,18.00,70.00,1400.00,0.00,平仓价,1880,2020-10-14 00:00:00,1,0,2024-07-17 06:06:36,0,2024-07-17 06:06:36,,,
2020-10-13,1/3焦煤,大连港,俄罗斯,,0.75,8.50,33.00,80.00,1093.00,0.00,平仓价,1881,2020-10-13 00:00:00,1,0,2024-07-17 06:06:36,0,2024-07-17 06:06:36,,,
2020-10-13,1/3焦煤,大连港,鹤岗市,,0.25,7.50,18.00,70.00,1400.00,0.00,平仓价,1882,2020-10-13 00:00:00,1,0,2024-07-17 06:06:36,0,2024-07-17 06:06:36,,,
2020-10-12,1/3焦煤,大连港,俄罗斯,,0.75,8.50,33.00,80.00,1093.00,0.00,平仓价,1883,2020-10-12 00:00:00,1,0,2024-07-17 06:06:36,0,2024-07-17 06:06:36,,,
2020-10-12,1/3焦煤,大连港,鹤岗市,,0.25,7.50,18.00,70.00,1400.00,0.00,平仓价,1884,2020-10-12 00:00:00,1,0,2024-07-17 06:06:36,0,2024-07-17 06:06:36,,,
2020-10-10,1/3焦煤,大连港,俄罗斯,,0.75,8.50,33.00,80.00,1093.00,0.00,平仓价,1885,2020-10-10 00:00:00,1,0,2024-07-17 06:06:36,0,2024-07-17 06:06:36,,,
2020-10-10,1/3焦煤,大连港,鹤岗市,,0.25,7.50,18.00,70.00,1400.00,0.00,平仓价,1886,2020-10-10 00:00:00,1,0,2024-07-17 06:06:36,0,2024-07-17 06:06:36,,,
2020-10-09,1/3焦煤,大连港,俄罗斯,,0.75,8.50,33.00,80.00,1093.00,0.00,平仓价,1887,2020-10-09 00:00:00,1,0,2024-07-17 06:06:36,0,2024-07-17 06:06:36,,,
2020-10-09,1/3焦煤,大连港,鹤岗市,,0.25,7.50,18.00,70.00,1400.00,0.00,平仓价,1888,2020-10-09 00:00:00,1,0,2024-07-17 06:06:36,0,2024-07-17 06:06:36,,,
2020-09-30,1/3焦煤,大连港,俄罗斯,,0.75,8.50,33.00,80.00,1093.00,0.00,平仓价,1889,2020-09-30 00:00:00,1,0,2024-07-17 06:06:36,0,2024-07-17 06:06:36,,,
2020-09-30,1/3焦煤,大连港,鹤岗市,,0.25,7.50,18.00,70.00,1400.00,0.00,平仓价,1890,2020-09-30 00:00:00,1,0,2024-07-17 06:06:36,0,2024-07-17 06:06:36,,,
2020-09-29,1/3焦煤,大连港,俄罗斯,,0.75,8.50,33.00,80.00,1093.00,0.00,平仓价,1891,2020-09-29 00:00:00,1,0,2024-07-17 06:06:40,0,2024-07-17 06:06:40,,,
2020-09-29,1/3焦煤,大连港,鹤岗市,,0.25,7.50,18.00,70.00,1400.00,0.00,平仓价,1892,2020-09-29 00:00:00,1,0,2024-07-17 06:06:40,0,2024-07-17 06:06:40,,,
2020-09-28,1/3焦煤,大连港,俄罗斯,,0.75,8.50,33.00,80.00,1093.00,0.00,平仓价,1893,2020-09-28 00:00:00,1,0,2024-07-17 06:06:40,0,2024-07-17 06:06:40,,,
2020-09-28,1/3焦煤,大连港,鹤岗市,,0.25,7.50,18.00,70.00,1400.00,0.00,平仓价,1894,2020-09-28 00:00:00,1,0,2024-07-17 06:06:40,0,2024-07-17 06:06:40,,,
2020-09-27,1/3焦煤,大连港,俄罗斯,,0.75,8.50,33.00,80.00,1093.00,0.00,平仓价,1895,2020-09-27 00:00:00,1,0,2024-07-17 06:06:40,0,2024-07-17 06:06:40,,,
2020-09-27,1/3焦煤,大连港,鹤岗市,,0.25,7.50,18.00,70.00,1400.00,0.00,平仓价,1896,2020-09-27 00:00:00,1,0,2024-07-17 06:06:40,0,2024-07-17 06:06:40,,,
2020-09-25,1/3焦煤,大连港,俄罗斯,,0.75,8.50,33.00,80.00,1093.00,0.00,平仓价,1897,2020-09-25 00:00:00,1,0,2024-07-17 06:06:40,0,2024-07-17 06:06:40,,,
2020-09-25,1/3焦煤,大连港,鹤岗市,,0.25,7.50,18.00,70.00,1400.00,0.00,平仓价,1898,2020-09-25 00:00:00,1,0,2024-07-17 06:06:40,0,2024-07-17 06:06:40,,,
2020-09-24,1/3焦煤,大连港,俄罗斯,,0.75,8.50,33.00,80.00,1093.00,0.00,平仓价,1899,2020-09-24 00:00:00,1,0,2024-07-17 06:06:40,0,2024-07-17 06:06:40,,,
2020-09-24,1/3焦煤,大连港,鹤岗市,,0.25,7.50,18.00,70.00,1400.00,0.00,平仓价,1900,2020-09-24 00:00:00,1,0,2024-07-17 06:06:40,0,2024-07-17 06:06:40,,,
2020-09-23,1/3焦煤,大连港,俄罗斯,,0.75,8.50,33.00,80.00,1093.00,0.00,平仓价,1901,2020-09-23 00:00:00,1,0,2024-07-17 06:06:40,0,2024-07-17 06:06:40,,,
2020-09-23,1/3焦煤,大连港,鹤岗市,,0.25,7.50,18.00,70.00,1400.00,0.00,平仓价,1902,2020-09-23 00:00:00,1,0,2024-07-17 06:06:40,0,2024-07-17 06:06:40,,,
2020-09-22,1/3焦煤,大连港,俄罗斯,,0.75,8.50,33.00,80.00,1093.00,0.00,平仓价,1903,2020-09-22 00:00:00,1,0,2024-07-17 06:06:40,0,2024-07-17 06:06:40,,,
2020-09-22,1/3焦煤,大连港,鹤岗市,,0.25,7.50,18.00,70.00,1400.00,0.00,平仓价,1904,2020-09-22 00:00:00,1,0,2024-07-17 06:06:40,0,2024-07-17 06:06:40,,,
2020-09-21,1/3焦煤,大连港,俄罗斯,,0.75,8.50,33.00,80.00,1093.00,0.00,平仓价,1905,2020-09-21 00:00:00,1,0,2024-07-17 06:06:40,0,2024-07-17 06:06:40,,,
2020-09-21,1/3焦煤,大连港,鹤岗市,,0.25,7.50,18.00,70.00,1400.00,0.00,平仓价,1906,2020-09-21 00:00:00,1,0,2024-07-17 06:06:40,0,2024-07-17 06:06:40,,,
2020-09-18,1/3焦煤,大连港,俄罗斯,,0.75,8.50,33.00,80.00,1093.00,0.00,平仓价,1907,2020-09-18 00:00:00,1,0,2024-07-17 06:06:40,0,2024-07-17 06:06:40,,,
2020-09-18,1/3焦煤,大连港,鹤岗市,,0.25,7.50,18.00,70.00,1400.00,0.00,平仓价,1908,2020-09-18 00:00:00,1,0,2024-07-17 06:06:40,0,2024-07-17 06:06:40,,,
2020-09-17,1/3焦煤,大连港,俄罗斯,,0.75,8.50,33.00,80.00,1093.00,0.00,平仓价,1909,2020-09-17 00:00:00,1,0,2024-07-17 06:06:40,0,2024-07-17 06:06:40,,,
2020-09-17,1/3焦煤,大连港,鹤岗市,,0.25,7.50,18.00,70.00,1400.00,0.00,平仓价,1910,2020-09-17 00:00:00,1,0,2024-07-17 06:06:40,0,2024-07-17 06:06:40,,,
2020-09-16,1/3焦煤,大连港,俄罗斯,,0.75,8.50,33.00,80.00,1093.00,0.00,平仓价,1911,2020-09-16 00:00:00,1,0,2024-07-17 06:06:40,0,2024-07-17 06:06:40,,,
2020-09-16,1/3焦煤,大连港,鹤岗市,,0.25,7.50,18.00,70.00,1400.00,0.00,平仓价,1912,2020-09-16 00:00:00,1,0,2024-07-17 06:06:40,0,2024-07-17 06:06:40,,,
2020-09-15,1/3焦煤,大连港,俄罗斯,,0.75,8.50,33.00,80.00,1093.00,0.00,平仓价,1913,2020-09-15 00:00:00,1,0,2024-07-17 06:06:40,0,2024-07-17 06:06:40,,,
2020-09-15,1/3焦煤,大连港,鹤岗市,,0.25,7.50,18.00,70.00,1400.00,0.00,平仓价,1914,2020-09-15 00:00:00,1,0,2024-07-17 06:06:40,0,2024-07-17 06:06:40,,,
2020-09-14,1/3焦煤,大连港,俄罗斯,,0.75,8.50,33.00,80.00,1093.00,0.00,平仓价,1915,2020-09-14 00:00:00,1,0,2024-07-17 06:06:40,0,2024-07-17 06:06:40,,,
2020-09-14,1/3焦煤,大连港,鹤岗市,,0.25,7.50,18.00,70.00,1400.00,0.00,平仓价,1916,2020-09-14 00:00:00,1,0,2024-07-17 06:06:40,0,2024-07-17 06:06:40,,,
2020-09-11,1/3焦煤,大连港,俄罗斯,,0.75,8.50,33.00,80.00,1093.00,0.00,平仓价,1917,2020-09-11 00:00:00,1,0,2024-07-17 06:06:40,0,2024-07-17 06:06:40,,,
2020-09-11,1/3焦煤,大连港,鹤岗市,,0.25,7.50,18.00,70.00,1400.00,0.00,平仓价,1918,2020-09-11 00:00:00,1,0,2024-07-17 06:06:40,0,2024-07-17 06:06:40,,,
2020-09-10,1/3焦煤,大连港,俄罗斯,,0.75,8.50,33.00,80.00,1093.00,0.00,平仓价,1919,2020-09-10 00:00:00,1,0,2024-07-17 06:06:40,0,2024-07-17 06:06:40,,,
2020-09-10,1/3焦煤,大连港,鹤岗市,,0.25,7.50,18.00,70.00,1400.00,0.00,平仓价,1920,2020-09-10 00:00:00,1,0,2024-07-17 06:06:40,0,2024-07-17 06:06:40,,,
2020-09-09,1/3焦煤,大连港,俄罗斯,,0.75,8.50,33.00,80.00,1093.00,0.00,平仓价,1921,2020-09-09 00:00:00,1,0,2024-07-17 06:06:42,0,2024-07-17 06:06:42,,,
2020-09-09,1/3焦煤,大连港,鹤岗市,,0.25,7.50,18.00,70.00,1400.00,0.00,平仓价,1922,2020-09-09 00:00:00,1,0,2024-07-17 06:06:42,0,2024-07-17 06:06:42,,,
2020-09-08,1/3焦煤,大连港,俄罗斯,,0.75,8.50,33.00,80.00,1093.00,0.00,平仓价,1923,2020-09-08 00:00:00,1,0,2024-07-17 06:06:42,0,2024-07-17 06:06:42,,,
2020-09-08,1/3焦煤,大连港,鹤岗市,,0.25,7.50,18.00,70.00,1400.00,0.00,平仓价,1924,2020-09-08 00:00:00,1,0,2024-07-17 06:06:42,0,2024-07-17 06:06:42,,,
2020-09-07,1/3焦煤,大连港,俄罗斯,,0.75,8.50,33.00,80.00,1093.00,0.00,平仓价,1925,2020-09-07 00:00:00,1,0,2024-07-17 06:06:42,0,2024-07-17 06:06:42,,,
2020-09-07,1/3焦煤,大连港,鹤岗市,,0.25,7.50,18.00,70.00,1400.00,0.00,平仓价,1926,2020-09-07 00:00:00,1,0,2024-07-17 06:06:42,0,2024-07-17 06:06:42,,,
2020-09-04,1/3焦煤,大连港,俄罗斯,,0.75,8.50,33.00,80.00,1093.00,0.00,平仓价,1927,2020-09-04 00:00:00,1,0,2024-07-17 06:06:42,0,2024-07-17 06:06:42,,,
2020-09-04,1/3焦煤,大连港,鹤岗市,,0.25,7.50,18.00,70.00,1400.00,0.00,平仓价,1928,2020-09-04 00:00:00,1,0,2024-07-17 06:06:42,0,2024-07-17 06:06:42,,,
2020-09-03,1/3焦煤,大连港,俄罗斯,,0.75,8.50,33.00,80.00,1093.00,0.00,平仓价,1929,2020-09-03 00:00:00,1,0,2024-07-17 06:06:42,0,2024-07-17 06:06:42,,,
2020-09-03,1/3焦煤,大连港,鹤岗市,,0.25,7.50,18.00,70.00,1400.00,0.00,平仓价,1930,2020-09-03 00:00:00,1,0,2024-07-17 06:06:42,0,2024-07-17 06:06:42,,,
2020-09-02,1/3焦煤,大连港,俄罗斯,,0.75,8.50,33.00,80.00,1093.00,0.00,平仓价,1931,2020-09-02 00:00:00,1,0,2024-07-17 06:06:42,0,2024-07-17 06:06:42,,,
2020-09-02,1/3焦煤,大连港,鹤岗市,,0.25,7.50,18.00,70.00,1400.00,0.00,平仓价,1932,2020-09-02 00:00:00,1,0,2024-07-17 06:06:42,0,2024-07-17 06:06:42,,,
2020-09-01,1/3焦煤,大连港,俄罗斯,,0.75,8.50,33.00,80.00,1093.00,0.00,平仓价,1933,2020-09-01 00:00:00,1,0,2024-07-17 06:06:42,0,2024-07-17 06:06:42,,,
2020-09-01,1/3焦煤,大连港,鹤岗市,,0.25,7.50,18.00,70.00,1400.00,0.00,平仓价,1934,2020-09-01 00:00:00,1,0,2024-07-17 06:06:42,0,2024-07-17 06:06:42,,,
2020-08-31,1/3焦煤,大连港,俄罗斯,,0.75,8.50,33.00,80.00,1093.00,0.00,平仓价,1935,2020-08-31 00:00:00,1,0,2024-07-17 06:06:42,0,2024-07-17 06:06:42,,,
2020-08-31,1/3焦煤,大连港,鹤岗市,,0.25,7.50,18.00,70.00,1400.00,0.00,平仓价,1936,2020-08-31 00:00:00,1,0,2024-07-17 06:06:42,0,2024-07-17 06:06:42,,,
2020-08-28,1/3焦煤,大连港,俄罗斯,,0.75,8.50,33.00,80.00,1093.00,0.00,平仓价,1937,2020-08-28 00:00:00,1,0,2024-07-17 06:06:42,0,2024-07-17 06:06:42,,,
2020-08-28,1/3焦煤,大连港,鹤岗市,,0.25,7.50,18.00,70.00,1400.00,0.00,平仓价,1938,2020-08-28 00:00:00,1,0,2024-07-17 06:06:42,0,2024-07-17 06:06:42,,,
2020-08-27,1/3焦煤,大连港,俄罗斯,,0.75,8.50,33.00,80.00,1093.00,0.00,平仓价,1939,2020-08-27 00:00:00,1,0,2024-07-17 06:06:42,0,2024-07-17 06:06:42,,,
2020-08-27,1/3焦煤,大连港,鹤岗市,,0.25,7.50,18.00,70.00,1400.00,0.00,平仓价,1940,2020-08-27 00:00:00,1,0,2024-07-17 06:06:42,0,2024-07-17 06:06:42,,,
2020-08-26,1/3焦煤,大连港,俄罗斯,,0.75,8.50,33.00,80.00,1093.00,0.00,平仓价,1941,2020-08-26 00:00:00,1,0,2024-07-17 06:06:42,0,2024-07-17 06:06:42,,,
2020-08-26,1/3焦煤,大连港,鹤岗市,,0.25,7.50,18.00,70.00,1400.00,0.00,平仓价,1942,2020-08-26 00:00:00,1,0,2024-07-17 06:06:42,0,2024-07-17 06:06:42,,,
2020-08-25,1/3焦煤,大连港,俄罗斯,,0.75,8.50,33.00,80.00,1093.00,0.00,平仓价,1943,2020-08-25 00:00:00,1,0,2024-07-17 06:06:42,0,2024-07-17 06:06:42,,,
2020-08-25,1/3焦煤,大连港,鹤岗市,,0.25,7.50,18.00,70.00,1400.00,0.00,平仓价,1944,2020-08-25 00:00:00,1,0,2024-07-17 06:06:42,0,2024-07-17 06:06:42,,,
2020-08-24,1/3焦煤,大连港,俄罗斯,,0.75,8.50,33.00,80.00,1093.00,0.00,平仓价,1945,2020-08-24 00:00:00,1,0,2024-07-17 06:06:42,0,2024-07-17 06:06:42,,,
2020-08-24,1/3焦煤,大连港,鹤岗市,,0.25,7.50,18.00,70.00,1400.00,0.00,平仓价,1946,2020-08-24 00:00:00,1,0,2024-07-17 06:06:42,0,2024-07-17 06:06:42,,,
2020-08-20,1/3焦煤,大连港,俄罗斯,,0.75,8.50,33.00,80.00,1093.00,0.00,平仓价,1947,2020-08-20 00:00:00,1,0,2024-07-17 06:06:42,0,2024-07-17 06:06:42,,,
2020-08-20,1/3焦煤,大连港,鹤岗市,,0.25,7.50,18.00,70.00,1400.00,0.00,平仓价,1948,2020-08-20 00:00:00,1,0,2024-07-17 06:06:42,0,2024-07-17 06:06:42,,,
2020-08-19,1/3焦煤,大连港,俄罗斯,,0.75,8.50,33.00,80.00,1093.00,0.00,平仓价,1949,2020-08-19 00:00:00,1,0,2024-07-17 06:06:42,0,2024-07-17 06:06:42,,,
2020-08-19,1/3焦煤,大连港,鹤岗市,,0.25,7.50,18.00,70.00,1400.00,0.00,平仓价,1950,2020-08-19 00:00:00,1,0,2024-07-17 06:06:42,0,2024-07-17 06:06:42,,,
2020-08-18,1/3焦煤,大连港,俄罗斯,,0.75,8.50,33.00,80.00,1093.00,0.00,平仓价,1951,2020-08-18 00:00:00,1,0,2024-07-17 06:06:45,0,2024-07-17 06:06:45,,,
2020-08-18,1/3焦煤,大连港,鹤岗市,,0.25,7.50,18.00,70.00,1400.00,0.00,平仓价,1952,2020-08-18 00:00:00,1,0,2024-07-17 06:06:45,0,2024-07-17 06:06:45,,,
2020-08-17,1/3焦煤,大连港,俄罗斯,,0.75,8.50,33.00,80.00,1093.00,0.00,平仓价,1953,2020-08-17 00:00:00,1,0,2024-07-17 06:06:45,0,2024-07-17 06:06:45,,,
2020-08-17,1/3焦煤,大连港,鹤岗市,,0.25,7.50,18.00,70.00,1400.00,0.00,平仓价,1954,2020-08-17 00:00:00,1,0,2024-07-17 06:06:45,0,2024-07-17 06:06:45,,,
2020-08-14,1/3焦煤,大连港,俄罗斯,,0.75,8.50,33.00,80.00,1093.00,0.00,平仓价,1955,2020-08-14 00:00:00,1,0,2024-07-17 06:06:45,0,2024-07-17 06:06:45,,,
2020-08-14,1/3焦煤,大连港,鹤岗市,,0.25,7.50,18.00,70.00,1400.00,0.00,平仓价,1956,2020-08-14 00:00:00,1,0,2024-07-17 06:06:45,0,2024-07-17 06:06:45,,,
2020-08-13,1/3焦煤,大连港,俄罗斯,,0.75,8.50,33.00,80.00,1093.00,0.00,平仓价,1957,2020-08-13 00:00:00,1,0,2024-07-17 06:06:45,0,2024-07-17 06:06:45,,,
2020-08-13,1/3焦煤,大连港,鹤岗市,,0.25,7.50,18.00,70.00,1400.00,0.00,平仓价,1958,2020-08-13 00:00:00,1,0,2024-07-17 06:06:45,0,2024-07-17 06:06:45,,,
2020-08-12,1/3焦煤,大连港,俄罗斯,,0.75,8.50,33.00,80.00,1093.00,0.00,平仓价,1959,2020-08-12 00:00:00,1,0,2024-07-17 06:06:45,0,2024-07-17 06:06:45,,,
2020-08-12,1/3焦煤,大连港,鹤岗市,,0.25,7.50,18.00,70.00,1400.00,0.00,平仓价,1960,2020-08-12 00:00:00,1,0,2024-07-17 06:06:45,0,2024-07-17 06:06:45,,,
2020-08-11,1/3焦煤,大连港,俄罗斯,,0.75,8.50,33.00,80.00,1093.00,0.00,平仓价,1961,2020-08-11 00:00:00,1,0,2024-07-17 06:06:45,0,2024-07-17 06:06:45,,,
2020-08-11,1/3焦煤,大连港,鹤岗市,,0.25,7.50,18.00,70.00,1400.00,0.00,平仓价,1962,2020-08-11 00:00:00,1,0,2024-07-17 06:06:45,0,2024-07-17 06:06:45,,,
2020-08-10,1/3焦煤,大连港,俄罗斯,,0.75,8.50,33.00,80.00,1093.00,0.00,平仓价,1963,2020-08-10 00:00:00,1,0,2024-07-17 06:06:45,0,2024-07-17 06:06:45,,,
2020-08-10,1/3焦煤,大连港,鹤岗市,,0.25,7.50,18.00,70.00,1400.00,0.00,平仓价,1964,2020-08-10 00:00:00,1,0,2024-07-17 06:06:45,0,2024-07-17 06:06:45,,,
2020-08-07,1/3焦煤,大连港,俄罗斯,,0.75,8.50,33.00,80.00,1093.00,0.00,平仓价,1965,2020-08-07 00:00:00,1,0,2024-07-17 06:06:45,0,2024-07-17 06:06:45,,,
2020-08-07,1/3焦煤,大连港,鹤岗市,,0.25,7.50,18.00,70.00,1400.00,0.00,平仓价,1966,2020-08-07 00:00:00,1,0,2024-07-17 06:06:45,0,2024-07-17 06:06:45,,,
2020-08-06,1/3焦煤,大连港,俄罗斯,,0.75,8.50,33.00,80.00,1093.00,0.00,平仓价,1967,2020-08-06 00:00:00,1,0,2024-07-17 06:06:45,0,2024-07-17 06:06:45,,,
2020-08-06,1/3焦煤,大连港,鹤岗市,,0.25,7.50,18.00,70.00,1400.00,0.00,平仓价,1968,2020-08-06 00:00:00,1,0,2024-07-17 06:06:45,0,2024-07-17 06:06:45,,,
2020-08-05,1/3焦煤,大连港,俄罗斯,,0.75,8.50,33.00,80.00,1093.00,0.00,平仓价,1969,2020-08-05 00:00:00,1,0,2024-07-17 06:06:45,0,2024-07-17 06:06:45,,,
2020-08-05,1/3焦煤,大连港,鹤岗市,,0.25,7.50,18.00,70.00,1400.00,0.00,平仓价,1970,2020-08-05 00:00:00,1,0,2024-07-17 06:06:45,0,2024-07-17 06:06:45,,,
2020-08-04,1/3焦煤,大连港,俄罗斯,,0.75,8.50,33.00,80.00,1093.00,0.00,平仓价,1971,2020-08-04 00:00:00,1,0,2024-07-17 06:06:45,0,2024-07-17 06:06:45,,,
2020-08-04,1/3焦煤,大连港,鹤岗市,,0.25,7.50,18.00,70.00,1400.00,0.00,平仓价,1972,2020-08-04 00:00:00,1,0,2024-07-17 06:06:45,0,2024-07-17 06:06:45,,,
2020-08-03,1/3焦煤,大连港,俄罗斯,,0.75,8.50,33.00,80.00,1093.00,0.00,平仓价,1973,2020-08-03 00:00:00,1,0,2024-07-17 06:06:45,0,2024-07-17 06:06:45,,,
2020-08-03,1/3焦煤,大连港,鹤岗市,,0.25,7.50,18.00,70.00,1400.00,0.00,平仓价,1974,2020-08-03 00:00:00,1,0,2024-07-17 06:06:45,0,2024-07-17 06:06:45,,,
2020-07-31,1/3焦煤,大连港,俄罗斯,,0.75,8.50,33.00,80.00,1093.00,0.00,平仓价,1975,2020-07-31 00:00:00,1,0,2024-07-17 06:06:45,0,2024-07-17 06:06:45,,,
2020-07-31,1/3焦煤,大连港,鹤岗市,,0.25,7.50,18.00,70.00,1400.00,0.00,平仓价,1976,2020-07-31 00:00:00,1,0,2024-07-17 06:06:45,0,2024-07-17 06:06:45,,,
2020-07-30,1/3焦煤,大连港,俄罗斯,,0.75,8.50,33.00,80.00,1093.00,0.00,平仓价,1977,2020-07-30 00:00:00,1,0,2024-07-17 06:06:45,0,2024-07-17 06:06:45,,,
2020-07-30,1/3焦煤,大连港,鹤岗市,,0.25,7.50,18.00,70.00,1400.00,0.00,平仓价,1978,2020-07-30 00:00:00,1,0,2024-07-17 06:06:45,0,2024-07-17 06:06:45,,,
2020-07-29,1/3焦煤,大连港,俄罗斯,,0.75,8.50,33.00,80.00,1093.00,0.00,平仓价,1979,2020-07-29 00:00:00,1,0,2024-07-17 06:06:45,0,2024-07-17 06:06:45,,,
2020-07-29,1/3焦煤,大连港,鹤岗市,,0.25,7.50,18.00,70.00,1400.00,0.00,平仓价,1980,2020-07-29 00:00:00,1,0,2024-07-17 06:06:45,0,2024-07-17 06:06:45,,,
2020-07-28,1/3焦煤,大连港,俄罗斯,,0.75,8.50,33.00,80.00,1093.00,0.00,平仓价,1981,2020-07-28 00:00:00,1,0,2024-07-17 06:06:48,0,2024-07-17 06:06:48,,,
2020-07-28,1/3焦煤,大连港,鹤岗市,,0.25,7.50,18.00,70.00,1400.00,0.00,平仓价,1982,2020-07-28 00:00:00,1,0,2024-07-17 06:06:48,0,2024-07-17 06:06:48,,,
2020-07-27,1/3焦煤,大连港,俄罗斯,,0.75,8.50,33.00,80.00,1093.00,0.00,平仓价,1983,2020-07-27 00:00:00,1,0,2024-07-17 06:06:48,0,2024-07-17 06:06:48,,,
2020-07-27,1/3焦煤,大连港,鹤岗市,,0.25,7.50,18.00,70.00,1400.00,0.00,平仓价,1984,2020-07-27 00:00:00,1,0,2024-07-17 06:06:48,0,2024-07-17 06:06:48,,,
2020-07-24,1/3焦煤,大连港,俄罗斯,,0.75,8.50,33.00,80.00,1093.00,0.00,平仓价,1985,2020-07-24 00:00:00,1,0,2024-07-17 06:06:48,0,2024-07-17 06:06:48,,,
2020-07-24,1/3焦煤,大连港,鹤岗市,,0.25,7.50,18.00,70.00,1400.00,0.00,平仓价,1986,2020-07-24 00:00:00,1,0,2024-07-17 06:06:48,0,2024-07-17 06:06:48,,,
2020-07-23,1/3焦煤,大连港,俄罗斯,,0.75,8.50,33.00,80.00,1093.00,0.00,平仓价,1987,2020-07-23 00:00:00,1,0,2024-07-17 06:06:48,0,2024-07-17 06:06:48,,,
2020-07-23,1/3焦煤,大连港,鹤岗市,,0.25,7.50,18.00,70.00,1400.00,0.00,平仓价,1988,2020-07-23 00:00:00,1,0,2024-07-17 06:06:48,0,2024-07-17 06:06:48,,,
2020-07-22,1/3焦煤,大连港,俄罗斯,,0.75,8.50,33.00,80.00,1093.00,0.00,平仓价,1989,2020-07-22 00:00:00,1,0,2024-07-17 06:06:48,0,2024-07-17 06:06:48,,,
2020-07-22,1/3焦煤,大连港,鹤岗市,,0.25,7.50,18.00,70.00,1400.00,0.00,平仓价,1990,2020-07-22 00:00:00,1,0,2024-07-17 06:06:48,0,2024-07-17 06:06:48,,,
2020-07-21,1/3焦煤,大连港,鹤岗市,,0.25,7.50,18.00,70.00,1400.00,0.00,平仓价,1991,2020-07-21 00:00:00,1,0,2024-07-17 06:06:48,0,2024-07-17 06:06:48,,,
2020-07-21,1/3焦煤,大连港,俄罗斯,,0.75,8.50,33.00,80.00,1093.00,0.00,平仓价,1992,2020-07-21 00:00:00,1,0,2024-07-17 06:06:48,0,2024-07-17 06:06:48,,,
2020-07-20,1/3焦煤,大连港,俄罗斯,,0.75,8.50,33.00,80.00,1093.00,0.00,平仓价,1993,2020-07-20 00:00:00,1,0,2024-07-17 06:06:48,0,2024-07-17 06:06:48,,,
2020-07-20,1/3焦煤,大连港,鹤岗市,,0.25,7.50,18.00,70.00,1400.00,0.00,平仓价,1994,2020-07-20 00:00:00,1,0,2024-07-17 06:06:48,0,2024-07-17 06:06:48,,,
2020-07-17,1/3焦煤,大连港,俄罗斯,,0.75,8.50,33.00,80.00,1093.00,0.00,平仓价,1995,2020-07-17 00:00:00,1,0,2024-07-17 06:06:48,0,2024-07-17 06:06:48,,,
2020-07-17,1/3焦煤,大连港,鹤岗市,,0.25,7.50,18.00,70.00,1400.00,0.00,平仓价,1996,2020-07-17 00:00:00,1,0,2024-07-17 06:06:48,0,2024-07-17 06:06:48,,,
2020-07-16,1/3焦煤,大连港,俄罗斯,,0.75,8.50,33.00,80.00,1093.00,0.00,平仓价,1997,2020-07-16 00:00:00,1,0,2024-07-17 06:06:48,0,2024-07-17 06:06:48,,,
2020-07-16,1/3焦煤,大连港,鹤岗市,,0.25,7.50,18.00,70.00,1400.00,0.00,平仓价,1998,2020-07-16 00:00:00,1,0,2024-07-17 06:06:48,0,2024-07-17 06:06:48,,,
2020-07-15,1/3焦煤,大连港,俄罗斯,,0.75,8.50,33.00,80.00,1093.00,0.00,平仓价,1999,2020-07-15 00:00:00,1,0,2024-07-17 06:06:48,0,2024-07-17 06:06:48,,,
2020-07-15,1/3焦煤,大连港,鹤岗市,,0.25,7.50,18.00,70.00,1400.00,0.00,平仓价,2000,2020-07-15 00:00:00,1,0,2024-07-17 06:06:48,0,2024-07-17 06:06:48,,,
2020-07-14,1/3焦煤,大连港,俄罗斯,,0.75,8.50,33.00,80.00,1093.00,0.00,平仓价,2001,2020-07-14 00:00:00,1,0,2024-07-17 06:06:48,0,2024-07-17 06:06:48,,,
2020-07-14,1/3焦煤,大连港,鹤岗市,,0.25,7.50,18.00,70.00,1400.00,0.00,平仓价,2002,2020-07-14 00:00:00,1,0,2024-07-17 06:06:48,0,2024-07-17 06:06:48,,,
2020-07-13,1/3焦煤,大连港,俄罗斯,,0.75,8.50,33.00,80.00,1093.00,0.00,平仓价,2003,2020-07-13 00:00:00,1,0,2024-07-17 06:06:48,0,2024-07-17 06:06:48,,,
2020-07-13,1/3焦煤,大连港,鹤岗市,,0.25,7.50,18.00,70.00,1400.00,0.00,平仓价,2004,2020-07-13 00:00:00,1,0,2024-07-17 06:06:48,0,2024-07-17 06:06:48,,,
2020-07-10,1/3焦煤,大连港,俄罗斯,,0.75,8.50,33.00,80.00,1093.00,0.00,平仓价,2005,2020-07-10 00:00:00,1,0,2024-07-17 06:06:48,0,2024-07-17 06:06:48,,,
2020-07-10,1/3焦煤,大连港,鹤岗市,,0.25,7.50,18.00,70.00,1400.00,0.00,平仓价,2006,2020-07-10 00:00:00,1,0,2024-07-17 06:06:48,0,2024-07-17 06:06:48,,,
2020-07-09,1/3焦煤,大连港,俄罗斯,,0.75,8.50,33.00,80.00,1093.00,0.00,平仓价,2007,2020-07-09 00:00:00,1,0,2024-07-17 06:06:48,0,2024-07-17 06:06:48,,,
2020-07-09,1/3焦煤,大连港,鹤岗市,,0.25,7.50,18.00,70.00,1400.00,0.00,平仓价,2008,2020-07-09 00:00:00,1,0,2024-07-17 06:06:48,0,2024-07-17 06:06:48,,,
2020-07-08,1/3焦煤,大连港,俄罗斯,,0.75,8.50,33.00,80.00,1093.00,0.00,平仓价,2009,2020-07-08 00:00:00,1,0,2024-07-17 06:06:48,0,2024-07-17 06:06:48,,,
2020-07-08,1/3焦煤,大连港,鹤岗市,,0.25,7.50,18.00,70.00,1400.00,0.00,平仓价,2010,2020-07-08 00:00:00,1,0,2024-07-17 06:06:48,0,2024-07-17 06:06:48,,,
2020-07-07,1/3焦煤,大连港,俄罗斯,,0.75,8.50,33.00,80.00,1093.00,0.00,平仓价,2011,2020-07-07 00:00:00,1,0,2024-07-17 06:06:52,0,2024-07-17 06:06:52,,,
2020-07-07,1/3焦煤,大连港,鹤岗市,,0.25,7.50,18.00,70.00,1400.00,0.00,平仓价,2012,2020-07-07 00:00:00,1,0,2024-07-17 06:06:52,0,2024-07-17 06:06:52,,,
2020-07-06,1/3焦煤,大连港,俄罗斯,,0.75,8.50,33.00,80.00,1093.00,0.00,平仓价,2013,2020-07-06 00:00:00,1,0,2024-07-17 06:06:52,0,2024-07-17 06:06:52,,,
2020-07-06,1/3焦煤,大连港,鹤岗市,,0.25,7.50,18.00,70.00,1400.00,0.00,平仓价,2014,2020-07-06 00:00:00,1,0,2024-07-17 06:06:52,0,2024-07-17 06:06:52,,,
2020-07-03,1/3焦煤,大连港,俄罗斯,,0.75,8.50,33.00,80.00,1093.00,0.00,平仓价,2015,2020-07-03 00:00:00,1,0,2024-07-17 06:06:52,0,2024-07-17 06:06:52,,,
2020-07-03,1/3焦煤,大连港,鹤岗市,,0.25,7.50,18.00,70.00,1400.00,0.00,平仓价,2016,2020-07-03 00:00:00,1,0,2024-07-17 06:06:52,0,2024-07-17 06:06:52,,,
2020-07-02,1/3焦煤,大连港,俄罗斯,,0.75,8.50,33.00,80.00,1093.00,0.00,平仓价,2017,2020-07-02 00:00:00,1,0,2024-07-17 06:06:52,0,2024-07-17 06:06:52,,,
2020-07-02,1/3焦煤,大连港,鹤岗市,,0.25,7.50,18.00,70.00,1400.00,0.00,平仓价,2018,2020-07-02 00:00:00,1,0,2024-07-17 06:06:52,0,2024-07-17 06:06:52,,,
2020-07-01,1/3焦煤,大连港,俄罗斯,,0.75,8.50,33.00,80.00,1093.00,0.00,平仓价,2019,2020-07-01 00:00:00,1,0,2024-07-17 06:06:52,0,2024-07-17 06:06:52,,,
2020-07-01,1/3焦煤,大连港,鹤岗市,,0.25,7.50,18.00,70.00,1400.00,0.00,平仓价,2020,2020-07-01 00:00:00,1,0,2024-07-17 06:06:52,0,2024-07-17 06:06:52,,,
2020-06-30,1/3焦煤,大连港,俄罗斯,,0.75,8.50,33.00,80.00,1093.00,10.00,平仓价,2021,2020-06-30 00:00:00,1,0,2024-07-17 06:06:52,0,2024-07-17 06:06:52,,,
2020-06-30,1/3焦煤,大连港,鹤岗市,,0.25,7.50,18.00,70.00,1400.00,0.00,平仓价,2022,2020-06-30 00:00:00,1,0,2024-07-17 06:06:52,0,2024-07-17 06:06:52,,,
2020-06-29,1/3焦煤,大连港,俄罗斯,,0.75,8.50,33.00,80.00,1083.00,0.00,平仓价,2023,2020-06-29 00:00:00,1,0,2024-07-17 06:06:52,0,2024-07-17 06:06:52,,,
2020-06-29,1/3焦煤,大连港,鹤岗市,,0.25,7.50,18.00,70.00,1400.00,0.00,平仓价,2024,2020-06-29 00:00:00,1,0,2024-07-17 06:06:52,0,2024-07-17 06:06:52,,,
2020-06-28,1/3焦煤,大连港,俄罗斯,,0.75,8.50,33.00,80.00,1083.00,0.00,平仓价,2025,2020-06-28 00:00:00,1,0,2024-07-17 06:06:52,0,2024-07-17 06:06:52,,,
2020-06-28,1/3焦煤,大连港,鹤岗市,,0.25,7.50,18.00,70.00,1400.00,0.00,平仓价,2026,2020-06-28 00:00:00,1,0,2024-07-17 06:06:52,0,2024-07-17 06:06:52,,,
2020-06-24,1/3焦煤,大连港,俄罗斯,,0.75,8.50,33.00,80.00,1083.00,0.00,平仓价,2027,2020-06-24 00:00:00,1,0,2024-07-17 06:06:52,0,2024-07-17 06:06:52,,,
2020-06-24,1/3焦煤,大连港,鹤岗市,,0.25,7.50,18.00,70.00,1400.00,0.00,平仓价,2028,2020-06-24 00:00:00,1,0,2024-07-17 06:06:52,0,2024-07-17 06:06:52,,,
2020-06-23,1/3焦煤,大连港,俄罗斯,,0.75,8.50,33.00,80.00,1083.00,0.00,平仓价,2029,2020-06-23 00:00:00,1,0,2024-07-17 06:06:52,0,2024-07-17 06:06:52,,,
2020-06-23,1/3焦煤,大连港,鹤岗市,,0.25,7.50,18.00,70.00,1400.00,0.00,平仓价,2030,2020-06-23 00:00:00,1,0,2024-07-17 06:06:52,0,2024-07-17 06:06:52,,,
2020-06-22,1/3焦煤,大连港,俄罗斯,,0.75,8.50,33.00,80.00,1083.00,0.00,平仓价,2031,2020-06-22 00:00:00,1,0,2024-07-17 06:06:52,0,2024-07-17 06:06:52,,,
2020-06-22,1/3焦煤,大连港,鹤岗市,,0.25,7.50,18.00,70.00,1400.00,0.00,平仓价,2032,2020-06-22 00:00:00,1,0,2024-07-17 06:06:52,0,2024-07-17 06:06:52,,,
2020-06-19,1/3焦煤,大连港,俄罗斯,,0.75,8.50,33.00,80.00,1083.00,0.00,平仓价,2033,2020-06-19 00:00:00,1,0,2024-07-17 06:06:52,0,2024-07-17 06:06:52,,,
2020-06-19,1/3焦煤,大连港,鹤岗市,,0.25,7.50,18.00,70.00,1400.00,0.00,平仓价,2034,2020-06-19 00:00:00,1,0,2024-07-17 06:06:52,0,2024-07-17 06:06:52,,,
2020-06-18,1/3焦煤,大连港,俄罗斯,,0.75,8.50,33.00,80.00,1083.00,0.00,平仓价,2035,2020-06-18 00:00:00,1,0,2024-07-17 06:06:52,0,2024-07-17 06:06:52,,,
2020-06-18,1/3焦煤,大连港,鹤岗市,,0.25,7.50,18.00,70.00,1400.00,0.00,平仓价,2036,2020-06-18 00:00:00,1,0,2024-07-17 06:06:52,0,2024-07-17 06:06:52,,,
2020-06-17,1/3焦煤,大连港,俄罗斯,,0.75,8.50,33.00,80.00,1083.00,0.00,平仓价,2037,2020-06-17 00:00:00,1,0,2024-07-17 06:06:52,0,2024-07-17 06:06:52,,,
2020-06-17,1/3焦煤,大连港,鹤岗市,,0.25,7.50,18.00,70.00,1400.00,0.00,平仓价,2038,2020-06-17 00:00:00,1,0,2024-07-17 06:06:52,0,2024-07-17 06:06:52,,,
2020-06-16,1/3焦煤,大连港,俄罗斯,,0.75,8.50,33.00,80.00,1083.00,0.00,平仓价,2039,2020-06-16 00:00:00,1,0,2024-07-17 06:06:52,0,2024-07-17 06:06:52,,,
2020-06-16,1/3焦煤,大连港,鹤岗市,,0.25,7.50,18.00,70.00,1400.00,0.00,平仓价,2040,2020-06-16 00:00:00,1,0,2024-07-17 06:06:52,0,2024-07-17 06:06:52,,,
2020-06-15,1/3焦煤,大连港,俄罗斯,,0.75,8.50,33.00,80.00,1083.00,0.00,平仓价,2041,2020-06-15 00:00:00,1,0,2024-07-17 06:06:54,0,2024-07-17 06:06:54,,,
2020-06-15,1/3焦煤,大连港,鹤岗市,,0.25,7.50,18.00,70.00,1400.00,0.00,平仓价,2042,2020-06-15 00:00:00,1,0,2024-07-17 06:06:54,0,2024-07-17 06:06:54,,,
2020-06-12,1/3焦煤,大连港,俄罗斯,,0.75,8.50,33.00,80.00,1083.00,0.00,平仓价,2043,2020-06-12 00:00:00,1,0,2024-07-17 06:06:54,0,2024-07-17 06:06:54,,,
2020-06-12,1/3焦煤,大连港,鹤岗市,,0.25,7.50,18.00,70.00,1400.00,0.00,平仓价,2044,2020-06-12 00:00:00,1,0,2024-07-17 06:06:54,0,2024-07-17 06:06:54,,,
2020-06-11,1/3焦煤,大连港,俄罗斯,,0.75,8.50,33.00,80.00,1083.00,0.00,平仓价,2045,2020-06-11 00:00:00,1,0,2024-07-17 06:06:54,0,2024-07-17 06:06:54,,,
2020-06-11,1/3焦煤,大连港,鹤岗市,,0.25,7.50,18.00,70.00,1400.00,0.00,平仓价,2046,2020-06-11 00:00:00,1,0,2024-07-17 06:06:54,0,2024-07-17 06:06:54,,,
2020-06-10,1/3焦煤,大连港,俄罗斯,,0.75,8.50,33.00,80.00,1083.00,0.00,平仓价,2047,2020-06-10 00:00:00,1,0,2024-07-17 06:06:54,0,2024-07-17 06:06:54,,,
2020-06-10,1/3焦煤,大连港,鹤岗市,,0.25,7.50,18.00,70.00,1400.00,0.00,平仓价,2048,2020-06-10 00:00:00,1,0,2024-07-17 06:06:54,0,2024-07-17 06:06:54,,,
2020-06-09,1/3焦煤,大连港,俄罗斯,,0.75,8.50,33.00,80.00,1083.00,0.00,平仓价,2049,2020-06-09 00:00:00,1,0,2024-07-17 06:06:54,0,2024-07-17 06:06:54,,,
2020-06-09,1/3焦煤,大连港,鹤岗市,,0.25,7.50,18.00,70.00,1400.00,0.00,平仓价,2050,2020-06-09 00:00:00,1,0,2024-07-17 06:06:54,0,2024-07-17 06:06:54,,,
2020-06-08,1/3焦煤,大连港,俄罗斯,,0.75,8.50,33.00,80.00,1083.00,0.00,平仓价,2051,2020-06-08 00:00:00,1,0,2024-07-17 06:06:54,0,2024-07-17 06:06:54,,,
2020-06-08,1/3焦煤,大连港,鹤岗市,,0.25,7.50,18.00,70.00,1400.00,0.00,平仓价,2052,2020-06-08 00:00:00,1,0,2024-07-17 06:06:54,0,2024-07-17 06:06:54,,,
2020-06-05,1/3焦煤,大连港,俄罗斯,,0.75,8.50,33.00,80.00,1083.00,0.00,平仓价,2053,2020-06-05 00:00:00,1,0,2024-07-17 06:06:54,0,2024-07-17 06:06:54,,,
2020-06-05,1/3焦煤,大连港,鹤岗市,,0.25,7.50,18.00,70.00,1400.00,0.00,平仓价,2054,2020-06-05 00:00:00,1,0,2024-07-17 06:06:54,0,2024-07-17 06:06:54,,,
2020-06-04,1/3焦煤,大连港,俄罗斯,,0.75,8.50,33.00,80.00,1083.00,0.00,平仓价,2055,2020-06-04 00:00:00,1,0,2024-07-17 06:06:54,0,2024-07-17 06:06:54,,,
2020-06-04,1/3焦煤,大连港,鹤岗市,,0.25,7.50,18.00,70.00,1400.00,0.00,平仓价,2056,2020-06-04 00:00:00,1,0,2024-07-17 06:06:54,0,2024-07-17 06:06:54,,,
2020-06-03,1/3焦煤,大连港,俄罗斯,,0.75,8.50,33.00,80.00,1083.00,0.00,平仓价,2057,2020-06-03 00:00:00,1,0,2024-07-17 06:06:54,0,2024-07-17 06:06:54,,,
2020-06-03,1/3焦煤,大连港,鹤岗市,,0.25,7.50,18.00,70.00,1400.00,0.00,平仓价,2058,2020-06-03 00:00:00,1,0,2024-07-17 06:06:54,0,2024-07-17 06:06:54,,,
2020-06-02,1/3焦煤,大连港,俄罗斯,,0.75,8.50,33.00,80.00,1083.00,0.00,平仓价,2059,2020-06-02 00:00:00,1,0,2024-07-17 06:06:54,0,2024-07-17 06:06:54,,,
2020-06-02,1/3焦煤,大连港,鹤岗市,,0.25,7.50,18.00,70.00,1400.00,0.00,平仓价,2060,2020-06-02 00:00:00,1,0,2024-07-17 06:06:54,0,2024-07-17 06:06:54,,,
2020-06-01,1/3焦煤,大连港,俄罗斯,,0.75,8.50,33.00,80.00,1083.00,0.00,平仓价,2061,2020-06-01 00:00:00,1,0,2024-07-17 06:06:54,0,2024-07-17 06:06:54,,,
2020-06-01,1/3焦煤,大连港,鹤岗市,,0.25,7.50,18.00,70.00,1400.00,0.00,平仓价,2062,2020-06-01 00:00:00,1,0,2024-07-17 06:06:54,0,2024-07-17 06:06:54,,,
2020-05-29,1/3焦煤,大连港,俄罗斯,,0.75,8.50,33.00,80.00,1083.00,0.00,平仓价,2063,2020-05-29 00:00:00,1,0,2024-07-17 06:06:54,0,2024-07-17 06:06:54,,,
2020-05-29,1/3焦煤,大连港,鹤岗市,,0.25,7.50,18.00,70.00,1400.00,0.00,平仓价,2064,2020-05-29 00:00:00,1,0,2024-07-17 06:06:54,0,2024-07-17 06:06:54,,,
2020-05-28,1/3焦煤,大连港,俄罗斯,,0.75,8.50,33.00,80.00,1083.00,0.00,平仓价,2065,2020-05-28 00:00:00,1,0,2024-07-17 06:06:54,0,2024-07-17 06:06:54,,,
2020-05-28,1/3焦煤,大连港,鹤岗市,,0.25,7.50,18.00,70.00,1400.00,0.00,平仓价,2066,2020-05-28 00:00:00,1,0,2024-07-17 06:06:54,0,2024-07-17 06:06:54,,,
2020-05-27,1/3焦煤,大连港,俄罗斯,,0.75,8.50,33.00,80.00,1083.00,0.00,平仓价,2067,2020-05-27 00:00:00,1,0,2024-07-17 06:06:54,0,2024-07-17 06:06:54,,,
2020-05-27,1/3焦煤,大连港,鹤岗市,,0.25,7.50,18.00,70.00,1400.00,0.00,平仓价,2068,2020-05-27 00:00:00,1,0,2024-07-17 06:06:54,0,2024-07-17 06:06:54,,,
2020-05-26,1/3焦煤,大连港,俄罗斯,,0.75,8.50,33.00,80.00,1083.00,1.00,平仓价,2069,2020-05-26 00:00:00,1,0,2024-07-17 06:06:54,0,2024-07-17 06:06:54,,,
2020-05-26,1/3焦煤,大连港,鹤岗市,,0.25,7.50,18.00,70.00,1400.00,0.00,平仓价,2070,2020-05-26 00:00:00,1,0,2024-07-17 06:06:54,0,2024-07-17 06:06:54,,,
2020-05-25,1/3焦煤,大连港,俄罗斯,,0.75,8.50,33.00,80.00,1082.00,0.00,平仓价,2071,2020-05-25 00:00:00,1,0,2024-07-17 06:06:57,0,2024-07-17 06:06:57,,,
2020-05-25,1/3焦煤,大连港,鹤岗市,,0.25,7.50,18.00,70.00,1400.00,0.00,平仓价,2072,2020-05-25 00:00:00,1,0,2024-07-17 06:06:57,0,2024-07-17 06:06:57,,,
2020-05-22,1/3焦煤,大连港,俄罗斯,,0.75,8.50,33.00,80.00,1082.00,0.00,平仓价,2073,2020-05-22 00:00:00,1,0,2024-07-17 06:06:57,0,2024-07-17 06:06:57,,,
2020-05-22,1/3焦煤,大连港,鹤岗市,,0.25,7.50,18.00,70.00,1400.00,0.00,平仓价,2074,2020-05-22 00:00:00,1,0,2024-07-17 06:06:57,0,2024-07-17 06:06:57,,,
2020-05-21,1/3焦煤,大连港,俄罗斯,,0.75,8.50,33.00,80.00,1082.00,-10.00,平仓价,2075,2020-05-21 00:00:00,1,0,2024-07-17 06:06:57,0,2024-07-17 06:06:57,,,
2020-05-21,1/3焦煤,大连港,鹤岗市,,0.25,7.50,18.00,70.00,1400.00,0.00,平仓价,2076,2020-05-21 00:00:00,1,0,2024-07-17 06:06:57,0,2024-07-17 06:06:57,,,
2020-05-20,1/3焦煤,大连港,俄罗斯,,0.75,8.50,33.00,80.00,1092.00,0.00,平仓价,2077,2020-05-20 00:00:00,1,0,2024-07-17 06:06:57,0,2024-07-17 06:06:57,,,
2020-05-20,1/3焦煤,大连港,鹤岗市,,0.25,7.50,18.00,70.00,1400.00,0.00,平仓价,2078,2020-05-20 00:00:00,1,0,2024-07-17 06:06:57,0,2024-07-17 06:06:57,,,
2020-05-19,1/3焦煤,大连港,俄罗斯,,0.75,8.50,33.00,80.00,1092.00,0.00,平仓价,2079,2020-05-19 00:00:00,1,0,2024-07-17 06:06:57,0,2024-07-17 06:06:57,,,
2020-05-19,1/3焦煤,大连港,鹤岗市,,0.25,7.50,18.00,70.00,1400.00,0.00,平仓价,2080,2020-05-19 00:00:00,1,0,2024-07-17 06:06:57,0,2024-07-17 06:06:57,,,
2020-05-18,1/3焦煤,大连港,俄罗斯,,0.75,8.50,33.00,80.00,1092.00,2.00,平仓价,2081,2020-05-18 00:00:00,1,0,2024-07-17 06:06:57,0,2024-07-17 06:06:57,,,
2020-05-18,1/3焦煤,大连港,鹤岗市,,0.25,7.50,18.00,70.00,1400.00,0.00,平仓价,2082,2020-05-18 00:00:00,1,0,2024-07-17 06:06:57,0,2024-07-17 06:06:57,,,
2020-05-15,1/3焦煤,大连港,俄罗斯,,0.75,8.50,33.00,80.00,1090.00,0.00,平仓价,2083,2020-05-15 00:00:00,1,0,2024-07-17 06:06:57,0,2024-07-17 06:06:57,,,
2020-05-15,1/3焦煤,大连港,鹤岗市,,0.25,7.50,18.00,70.00,1400.00,0.00,平仓价,2084,2020-05-15 00:00:00,1,0,2024-07-17 06:06:57,0,2024-07-17 06:06:57,,,
2020-05-14,1/3焦煤,大连港,俄罗斯,,0.75,8.50,33.00,80.00,1090.00,0.00,平仓价,2085,2020-05-14 00:00:00,1,0,2024-07-17 06:06:57,0,2024-07-17 06:06:57,,,
2020-05-14,1/3焦煤,大连港,鹤岗市,,0.25,7.50,18.00,70.00,1400.00,0.00,平仓价,2086,2020-05-14 00:00:00,1,0,2024-07-17 06:06:57,0,2024-07-17 06:06:57,,,
2020-05-13,1/3焦煤,大连港,俄罗斯,,0.75,8.50,33.00,80.00,1090.00,0.00,平仓价,2087,2020-05-13 00:00:00,1,0,2024-07-17 06:06:57,0,2024-07-17 06:06:57,,,
2020-05-13,1/3焦煤,大连港,鹤岗市,,0.25,7.50,18.00,70.00,1400.00,0.00,平仓价,2088,2020-05-13 00:00:00,1,0,2024-07-17 06:06:57,0,2024-07-17 06:06:57,,,
2020-05-12,1/3焦煤,大连港,俄罗斯,,0.75,8.50,33.00,80.00,1090.00,0.00,平仓价,2089,2020-05-12 00:00:00,1,0,2024-07-17 06:06:57,0,2024-07-17 06:06:57,,,
2020-05-12,1/3焦煤,大连港,鹤岗市,,0.25,7.50,18.00,70.00,1400.00,0.00,平仓价,2090,2020-05-12 00:00:00,1,0,2024-07-17 06:06:57,0,2024-07-17 06:06:57,,,
2020-05-11,1/3焦煤,大连港,俄罗斯,,0.75,8.50,33.00,80.00,1090.00,0.00,平仓价,2091,2020-05-11 00:00:00,1,0,2024-07-17 06:06:57,0,2024-07-17 06:06:57,,,
2020-05-11,1/3焦煤,大连港,鹤岗市,,0.25,7.50,18.00,70.00,1400.00,0.00,平仓价,2092,2020-05-11 00:00:00,1,0,2024-07-17 06:06:57,0,2024-07-17 06:06:57,,,
2020-05-09,1/3焦煤,大连港,俄罗斯,,0.75,8.50,33.00,80.00,1090.00,0.00,平仓价,2093,2020-05-09 00:00:00,1,0,2024-07-17 06:06:57,0,2024-07-17 06:06:57,,,
2020-05-09,1/3焦煤,大连港,鹤岗市,,0.25,7.50,18.00,70.00,1400.00,0.00,平仓价,2094,2020-05-09 00:00:00,1,0,2024-07-17 06:06:57,0,2024-07-17 06:06:57,,,
2020-05-08,1/3焦煤,大连港,俄罗斯,,0.75,8.50,33.00,80.00,1090.00,0.00,平仓价,2095,2020-05-08 00:00:00,1,0,2024-07-17 06:06:57,0,2024-07-17 06:06:57,,,
2020-05-08,1/3焦煤,大连港,鹤岗市,,0.25,7.50,18.00,70.00,1400.00,0.00,平仓价,2096,2020-05-08 00:00:00,1,0,2024-07-17 06:06:57,0,2024-07-17 06:06:57,,,
2020-05-07,1/3焦煤,大连港,鹤岗市,,0.25,7.50,18.00,70.00,1400.00,0.00,平仓价,2097,2020-05-07 00:00:00,1,0,2024-07-17 06:06:57,0,2024-07-17 06:06:57,,,
2020-05-07,1/3焦煤,大连港,俄罗斯,,0.75,8.50,33.00,80.00,1090.00,0.00,平仓价,2098,2020-05-07 00:00:00,1,0,2024-07-17 06:06:57,0,2024-07-17 06:06:57,,,
2020-05-06,1/3焦煤,大连港,鹤岗市,,0.25,7.50,18.00,70.00,1400.00,0.00,平仓价,2099,2020-05-06 00:00:00,1,0,2024-07-17 06:06:57,0,2024-07-17 06:06:57,,,
2020-05-06,1/3焦煤,大连港,俄罗斯,,0.75,8.50,33.00,80.00,1090.00,0.00,平仓价,2100,2020-05-06 00:00:00,1,0,2024-07-17 06:06:57,0,2024-07-17 06:06:57,,,
2020-04-30,1/3焦煤,大连港,鹤岗市,,0.25,7.50,18.00,70.00,1400.00,0.00,平仓价,2101,2020-04-30 00:00:00,1,0,2024-07-17 06:07:01,0,2024-07-17 06:07:01,,,
2020-04-30,1/3焦煤,大连港,俄罗斯,,0.75,8.50,33.00,80.00,1090.00,0.00,平仓价,2102,2020-04-30 00:00:00,1,0,2024-07-17 06:07:01,0,2024-07-17 06:07:01,,,
2020-04-29,1/3焦煤,大连港,鹤岗市,,0.25,7.50,18.00,70.00,1400.00,0.00,平仓价,2103,2020-04-29 00:00:00,1,0,2024-07-17 06:07:01,0,2024-07-17 06:07:01,,,
2020-04-29,1/3焦煤,大连港,俄罗斯,,0.75,8.50,33.00,80.00,1090.00,0.00,平仓价,2104,2020-04-29 00:00:00,1,0,2024-07-17 06:07:01,0,2024-07-17 06:07:01,,,
2020-04-28,1/3焦煤,大连港,鹤岗市,,0.25,7.50,18.00,70.00,1400.00,0.00,平仓价,2105,2020-04-28 00:00:00,1,0,2024-07-17 06:07:01,0,2024-07-17 06:07:01,,,
2020-04-28,1/3焦煤,大连港,俄罗斯,,0.75,8.50,33.00,80.00,1090.00,0.00,平仓价,2106,2020-04-28 00:00:00,1,0,2024-07-17 06:07:01,0,2024-07-17 06:07:01,,,
2020-04-27,1/3焦煤,大连港,鹤岗市,,0.25,7.50,18.00,70.00,1400.00,-50.00,平仓价,2107,2020-04-27 00:00:00,1,0,2024-07-17 06:07:01,0,2024-07-17 06:07:01,,,
2020-04-27,1/3焦煤,大连港,俄罗斯,,0.75,8.50,33.00,80.00,1090.00,0.00,平仓价,2108,2020-04-27 00:00:00,1,0,2024-07-17 06:07:01,0,2024-07-17 06:07:01,,,
2020-04-26,1/3焦煤,大连港,鹤岗市,,0.25,7.50,18.00,70.00,1450.00,-40.00,平仓价,2109,2020-04-26 00:00:00,1,0,2024-07-17 06:07:01,0,2024-07-17 06:07:01,,,
2020-04-26,1/3焦煤,大连港,俄罗斯,,0.75,8.50,33.00,80.00,1090.00,0.00,平仓价,2110,2020-04-26 00:00:00,1,0,2024-07-17 06:07:01,0,2024-07-17 06:07:01,,,
2020-04-24,1/3焦煤,大连港,鹤岗市,,0.25,7.50,18.00,70.00,1490.00,0.00,平仓价,2111,2020-04-24 00:00:00,1,0,2024-07-17 06:07:01,0,2024-07-17 06:07:01,,,
2020-04-24,1/3焦煤,大连港,俄罗斯,,0.75,8.50,33.00,80.00,1090.00,0.00,平仓价,2112,2020-04-24 00:00:00,1,0,2024-07-17 06:07:01,0,2024-07-17 06:07:01,,,
2020-04-23,1/3焦煤,大连港,鹤岗市,,0.25,7.50,18.00,70.00,1490.00,0.00,平仓价,2113,2020-04-23 00:00:00,1,0,2024-07-17 06:07:01,0,2024-07-17 06:07:01,,,
2020-04-23,1/3焦煤,大连港,俄罗斯,,0.75,8.50,33.00,80.00,1090.00,0.00,平仓价,2114,2020-04-23 00:00:00,1,0,2024-07-17 06:07:01,0,2024-07-17 06:07:01,,,
2020-04-22,1/3焦煤,大连港,鹤岗市,,0.25,7.50,18.00,70.00,1490.00,0.00,平仓价,2115,2020-04-22 00:00:00,1,0,2024-07-17 06:07:01,0,2024-07-17 06:07:01,,,
2020-04-22,1/3焦煤,大连港,俄罗斯,,0.75,8.50,33.00,80.00,1090.00,0.00,平仓价,2116,2020-04-22 00:00:00,1,0,2024-07-17 06:07:01,0,2024-07-17 06:07:01,,,
2020-04-21,1/3焦煤,大连港,鹤岗市,,0.25,7.50,18.00,70.00,1490.00,0.00,平仓价,2117,2020-04-21 00:00:00,1,0,2024-07-17 06:07:01,0,2024-07-17 06:07:01,,,
2020-04-21,1/3焦煤,大连港,俄罗斯,,0.75,8.50,33.00,80.00,1090.00,0.00,平仓价,2118,2020-04-21 00:00:00,1,0,2024-07-17 06:07:01,0,2024-07-17 06:07:01,,,
2020-04-20,1/3焦煤,大连港,鹤岗市,,0.25,7.50,18.00,70.00,1490.00,0.00,平仓价,2119,2020-04-20 00:00:00,1,0,2024-07-17 06:07:01,0,2024-07-17 06:07:01,,,
2020-04-20,1/3焦煤,大连港,俄罗斯,,0.75,8.50,33.00,80.00,1090.00,0.00,平仓价,2120,2020-04-20 00:00:00,1,0,2024-07-17 06:07:01,0,2024-07-17 06:07:01,,,
2020-04-17,1/3焦煤,大连港,鹤岗市,,0.25,7.50,18.00,70.00,1490.00,0.00,平仓价,2121,2020-04-17 00:00:00,1,0,2024-07-17 06:07:01,0,2024-07-17 06:07:01,,,
2020-04-17,1/3焦煤,大连港,俄罗斯,,0.75,8.50,33.00,80.00,1090.00,0.00,平仓价,2122,2020-04-17 00:00:00,1,0,2024-07-17 06:07:01,0,2024-07-17 06:07:01,,,
2020-04-16,1/3焦煤,大连港,鹤岗市,,0.25,7.50,18.00,70.00,1490.00,0.00,平仓价,2123,2020-04-16 00:00:00,1,0,2024-07-17 06:07:01,0,2024-07-17 06:07:01,,,
2020-04-16,1/3焦煤,大连港,俄罗斯,,0.75,8.50,33.00,80.00,1090.00,0.00,平仓价,2124,2020-04-16 00:00:00,1,0,2024-07-17 06:07:01,0,2024-07-17 06:07:01,,,
2020-04-15,1/3焦煤,大连港,鹤岗市,,0.25,7.50,18.00,70.00,1490.00,0.00,平仓价,2125,2020-04-15 00:00:00,1,0,2024-07-17 06:07:01,0,2024-07-17 06:07:01,,,
2020-04-15,1/3焦煤,大连港,俄罗斯,,0.75,8.50,33.00,80.00,1090.00,0.00,平仓价,2126,2020-04-15 00:00:00,1,0,2024-07-17 06:07:01,0,2024-07-17 06:07:01,,,
2020-04-14,1/3焦煤,大连港,鹤岗市,,0.25,7.50,18.00,70.00,1490.00,0.00,平仓价,2127,2020-04-14 00:00:00,1,0,2024-07-17 06:07:01,0,2024-07-17 06:07:01,,,
2020-04-14,1/3焦煤,大连港,俄罗斯,,0.75,8.50,33.00,80.00,1090.00,0.00,平仓价,2128,2020-04-14 00:00:00,1,0,2024-07-17 06:07:01,0,2024-07-17 06:07:01,,,
2020-04-13,1/3焦煤,大连港,鹤岗市,,0.25,7.50,18.00,70.00,1490.00,0.00,平仓价,2129,2020-04-13 00:00:00,1,0,2024-07-17 06:07:01,0,2024-07-17 06:07:01,,,
2020-04-13,1/3焦煤,大连港,俄罗斯,,0.75,8.50,33.00,80.00,1090.00,0.00,平仓价,2130,2020-04-13 00:00:00,1,0,2024-07-17 06:07:01,0,2024-07-17 06:07:01,,,
2020-04-10,1/3焦煤,大连港,鹤岗市,,0.25,7.50,18.00,70.00,1490.00,0.00,平仓价,2131,2020-04-10 00:00:00,1,0,2024-07-17 06:07:03,0,2024-07-17 06:07:03,,,
2020-04-10,1/3焦煤,大连港,俄罗斯,,0.75,8.50,33.00,80.00,1090.00,0.00,平仓价,2132,2020-04-10 00:00:00,1,0,2024-07-17 06:07:03,0,2024-07-17 06:07:03,,,
2020-04-09,1/3焦煤,大连港,鹤岗市,,0.25,7.50,18.00,70.00,1490.00,0.00,平仓价,2133,2020-04-09 00:00:00,1,0,2024-07-17 06:07:03,0,2024-07-17 06:07:03,,,
2020-04-09,1/3焦煤,大连港,俄罗斯,,0.75,8.50,33.00,80.00,1090.00,-30.00,平仓价,2134,2020-04-09 00:00:00,1,0,2024-07-17 06:07:03,0,2024-07-17 06:07:03,,,
2020-04-08,1/3焦煤,大连港,鹤岗市,,0.25,7.50,18.00,70.00,1490.00,0.00,平仓价,2135,2020-04-08 00:00:00,1,0,2024-07-17 06:07:03,0,2024-07-17 06:07:03,,,
2020-04-08,1/3焦煤,大连港,俄罗斯,,0.75,8.50,33.00,80.00,1120.00,0.00,平仓价,2136,2020-04-08 00:00:00,1,0,2024-07-17 06:07:03,0,2024-07-17 06:07:03,,,
2020-04-07,1/3焦煤,大连港,鹤岗市,,0.25,7.50,18.00,70.00,1490.00,0.00,平仓价,2137,2020-04-07 00:00:00,1,0,2024-07-17 06:07:03,0,2024-07-17 06:07:03,,,
2020-04-07,1/3焦煤,大连港,俄罗斯,,0.75,8.50,33.00,80.00,1120.00,0.00,平仓价,2138,2020-04-07 00:00:00,1,0,2024-07-17 06:07:03,0,2024-07-17 06:07:03,,,
2020-04-03,1/3焦煤,大连港,鹤岗市,,0.25,7.50,18.00,70.00,1490.00,0.00,平仓价,2139,2020-04-03 00:00:00,1,0,2024-07-17 06:07:03,0,2024-07-17 06:07:03,,,
2020-04-03,1/3焦煤,大连港,俄罗斯,,0.75,8.50,33.00,80.00,1120.00,0.00,平仓价,2140,2020-04-03 00:00:00,1,0,2024-07-17 06:07:03,0,2024-07-17 06:07:03,,,
2020-04-02,1/3焦煤,大连港,鹤岗市,,0.25,7.50,18.00,70.00,1490.00,0.00,平仓价,2141,2020-04-02 00:00:00,1,0,2024-07-17 06:07:03,0,2024-07-17 06:07:03,,,
2020-04-02,1/3焦煤,大连港,俄罗斯,,0.75,8.50,33.00,80.00,1120.00,0.00,平仓价,2142,2020-04-02 00:00:00,1,0,2024-07-17 06:07:03,0,2024-07-17 06:07:03,,,
2020-04-01,1/3焦煤,大连港,鹤岗市,,0.25,7.50,18.00,70.00,1490.00,0.00,平仓价,2143,2020-04-01 00:00:00,1,0,2024-07-17 06:07:03,0,2024-07-17 06:07:03,,,
2020-04-01,1/3焦煤,大连港,俄罗斯,,0.75,8.50,33.00,80.00,1120.00,0.00,平仓价,2144,2020-04-01 00:00:00,1,0,2024-07-17 06:07:03,0,2024-07-17 06:07:03,,,
2020-03-31,1/3焦煤,大连港,鹤岗市,,0.25,7.50,18.00,70.00,1490.00,0.00,平仓价,2145,2020-03-31 00:00:00,1,0,2024-07-17 06:07:03,0,2024-07-17 06:07:03,,,
2020-03-31,1/3焦煤,大连港,俄罗斯,,0.75,8.50,33.00,80.00,1120.00,0.00,平仓价,2146,2020-03-31 00:00:00,1,0,2024-07-17 06:07:03,0,2024-07-17 06:07:03,,,
2020-03-30,1/3焦煤,大连港,鹤岗市,,0.25,7.50,18.00,70.00,1490.00,0.00,平仓价,2147,2020-03-30 00:00:00,1,0,2024-07-17 06:07:03,0,2024-07-17 06:07:03,,,
2020-03-30,1/3焦煤,大连港,俄罗斯,,0.75,8.50,33.00,80.00,1120.00,0.00,平仓价,2148,2020-03-30 00:00:00,1,0,2024-07-17 06:07:03,0,2024-07-17 06:07:03,,,
2020-03-27,1/3焦煤,大连港,鹤岗市,,0.25,7.50,18.00,70.00,1490.00,0.00,平仓价,2149,2020-03-27 00:00:00,1,0,2024-07-17 06:07:03,0,2024-07-17 06:07:03,,,
2020-03-27,1/3焦煤,大连港,俄罗斯,,0.75,8.50,33.00,80.00,1120.00,-17.00,平仓价,2150,2020-03-27 00:00:00,1,0,2024-07-17 06:07:03,0,2024-07-17 06:07:03,,,
2020-03-26,1/3焦煤,大连港,鹤岗市,,0.25,7.50,18.00,70.00,1490.00,0.00,平仓价,2151,2020-03-26 00:00:00,1,0,2024-07-17 06:07:03,0,2024-07-17 06:07:03,,,
2020-03-26,1/3焦煤,大连港,俄罗斯,,0.75,8.50,33.00,80.00,1137.00,0.00,平仓价,2152,2020-03-26 00:00:00,1,0,2024-07-17 06:07:03,0,2024-07-17 06:07:03,,,
2020-03-25,1/3焦煤,大连港,鹤岗市,,0.25,7.50,18.00,70.00,1490.00,0.00,平仓价,2153,2020-03-25 00:00:00,1,0,2024-07-17 06:07:03,0,2024-07-17 06:07:03,,,
2020-03-25,1/3焦煤,大连港,俄罗斯,,0.75,8.50,33.00,80.00,1137.00,0.00,平仓价,2154,2020-03-25 00:00:00,1,0,2024-07-17 06:07:03,0,2024-07-17 06:07:03,,,
2020-03-24,1/3焦煤,大连港,鹤岗市,,0.25,7.50,18.00,70.00,1490.00,0.00,平仓价,2155,2020-03-24 00:00:00,1,0,2024-07-17 06:07:03,0,2024-07-17 06:07:03,,,
2020-03-24,1/3焦煤,大连港,俄罗斯,,0.75,8.50,33.00,80.00,1137.00,0.00,平仓价,2156,2020-03-24 00:00:00,1,0,2024-07-17 06:07:03,0,2024-07-17 06:07:03,,,
2020-03-23,1/3焦煤,大连港,鹤岗市,,0.25,7.50,18.00,70.00,1490.00,0.00,平仓价,2157,2020-03-23 00:00:00,1,0,2024-07-17 06:07:03,0,2024-07-17 06:07:03,,,
2020-03-23,1/3焦煤,大连港,俄罗斯,,0.75,8.50,33.00,80.00,1137.00,-27.00,平仓价,2158,2020-03-23 00:00:00,1,0,2024-07-17 06:07:03,0,2024-07-17 06:07:03,,,
2020-03-20,1/3焦煤,大连港,鹤岗市,,0.25,7.50,18.00,70.00,1490.00,0.00,平仓价,2159,2020-03-20 00:00:00,1,0,2024-07-17 06:07:03,0,2024-07-17 06:07:03,,,
2020-03-20,1/3焦煤,大连港,俄罗斯,,0.75,8.50,33.00,80.00,1164.00,0.00,平仓价,2160,2020-03-20 00:00:00,1,0,2024-07-17 06:07:03,0,2024-07-17 06:07:03,,,
2020-03-19,1/3焦煤,大连港,鹤岗市,,0.25,7.50,18.00,70.00,1490.00,0.00,平仓价,2161,2020-03-19 00:00:00,1,0,2024-07-17 06:07:07,0,2024-07-17 06:07:07,,,
2020-03-19,1/3焦煤,大连港,俄罗斯,,0.75,8.50,33.00,80.00,1164.00,-10.00,平仓价,2162,2020-03-19 00:00:00,1,0,2024-07-17 06:07:07,0,2024-07-17 06:07:07,,,
2020-03-18,1/3焦煤,大连港,鹤岗市,,0.25,7.50,18.00,70.00,1490.00,0.00,平仓价,2163,2020-03-18 00:00:00,1,0,2024-07-17 06:07:07,0,2024-07-17 06:07:07,,,
2020-03-18,1/3焦煤,大连港,俄罗斯,,0.75,8.50,33.00,80.00,1174.00,0.00,平仓价,2164,2020-03-18 00:00:00,1,0,2024-07-17 06:07:07,0,2024-07-17 06:07:07,,,
2020-03-17,1/3焦煤,大连港,鹤岗市,,0.25,7.50,18.00,70.00,1490.00,0.00,平仓价,2165,2020-03-17 00:00:00,1,0,2024-07-17 06:07:07,0,2024-07-17 06:07:07,,,
2020-03-17,1/3焦煤,大连港,俄罗斯,,0.75,8.50,33.00,80.00,1174.00,0.00,平仓价,2166,2020-03-17 00:00:00,1,0,2024-07-17 06:07:07,0,2024-07-17 06:07:07,,,
2020-03-16,1/3焦煤,大连港,鹤岗市,,0.25,7.50,18.00,70.00,1490.00,0.00,平仓价,2167,2020-03-16 00:00:00,1,0,2024-07-17 06:07:07,0,2024-07-17 06:07:07,,,
2020-03-16,1/3焦煤,大连港,俄罗斯,,0.75,8.50,33.00,80.00,1174.00,0.00,平仓价,2168,2020-03-16 00:00:00,1,0,2024-07-17 06:07:07,0,2024-07-17 06:07:07,,,
2020-03-13,1/3焦煤,大连港,俄罗斯,,0.75,8.50,33.00,80.00,1174.00,0.00,平仓价,2169,2020-03-13 00:00:00,1,0,2024-07-17 06:07:07,0,2024-07-17 06:07:07,,,
2020-03-13,1/3焦煤,大连港,鹤岗市,,0.25,7.50,18.00,70.00,1490.00,0.00,平仓价,2170,2020-03-13 00:00:00,1,0,2024-07-17 06:07:07,0,2024-07-17 06:07:07,,,
2020-03-12,1/3焦煤,大连港,俄罗斯,,0.75,8.50,33.00,80.00,1174.00,0.00,平仓价,2171,2020-03-12 00:00:00,1,0,2024-07-17 06:07:07,0,2024-07-17 06:07:07,,,
2020-03-12,1/3焦煤,大连港,鹤岗市,,0.25,7.50,18.00,70.00,1490.00,0.00,平仓价,2172,2020-03-12 00:00:00,1,0,2024-07-17 06:07:07,0,2024-07-17 06:07:07,,,
2020-03-11,1/3焦煤,大连港,俄罗斯,,0.75,8.50,33.00,80.00,1174.00,0.00,平仓价,2173,2020-03-11 00:00:00,1,0,2024-07-17 06:07:07,0,2024-07-17 06:07:07,,,
2020-03-11,1/3焦煤,大连港,鹤岗市,,0.25,7.50,18.00,70.00,1490.00,0.00,平仓价,2174,2020-03-11 00:00:00,1,0,2024-07-17 06:07:07,0,2024-07-17 06:07:07,,,
2020-03-10,1/3焦煤,大连港,俄罗斯,,0.75,8.50,33.00,80.00,1174.00,-9.00,平仓价,2175,2020-03-10 00:00:00,1,0,2024-07-17 06:07:07,0,2024-07-17 06:07:07,,,
2020-03-10,1/3焦煤,大连港,鹤岗市,,0.25,7.50,18.00,70.00,1490.00,0.00,平仓价,2176,2020-03-10 00:00:00,1,0,2024-07-17 06:07:07,0,2024-07-17 06:07:07,,,
2020-03-09,1/3焦煤,大连港,俄罗斯,,0.75,8.50,33.00,80.00,1183.00,0.00,平仓价,2177,2020-03-09 00:00:00,1,0,2024-07-17 06:07:07,0,2024-07-17 06:07:07,,,
2020-03-09,1/3焦煤,大连港,鹤岗市,,0.25,7.50,18.00,70.00,1490.00,0.00,平仓价,2178,2020-03-09 00:00:00,1,0,2024-07-17 06:07:07,0,2024-07-17 06:07:07,,,
2020-03-06,1/3焦煤,大连港,俄罗斯,,0.75,8.50,33.00,80.00,1183.00,0.00,平仓价,2179,2020-03-06 00:00:00,1,0,2024-07-17 06:07:07,0,2024-07-17 06:07:07,,,
2020-03-06,1/3焦煤,大连港,鹤岗市,,0.25,7.50,18.00,70.00,1490.00,0.00,平仓价,2180,2020-03-06 00:00:00,1,0,2024-07-17 06:07:07,0,2024-07-17 06:07:07,,,
2020-03-05,1/3焦煤,大连港,俄罗斯,,0.75,8.50,33.00,80.00,1183.00,0.00,平仓价,2181,2020-03-05 00:00:00,1,0,2024-07-17 06:07:07,0,2024-07-17 06:07:07,,,
2020-03-05,1/3焦煤,大连港,鹤岗市,,0.25,7.50,18.00,70.00,1490.00,0.00,平仓价,2182,2020-03-05 00:00:00,1,0,2024-07-17 06:07:07,0,2024-07-17 06:07:07,,,
2020-03-04,1/3焦煤,大连港,俄罗斯,,0.75,8.50,33.00,80.00,1183.00,0.00,平仓价,2183,2020-03-04 00:00:00,1,0,2024-07-17 06:07:07,0,2024-07-17 06:07:07,,,
2020-03-04,1/3焦煤,大连港,鹤岗市,,0.25,7.50,18.00,70.00,1490.00,0.00,平仓价,2184,2020-03-04 00:00:00,1,0,2024-07-17 06:07:07,0,2024-07-17 06:07:07,,,
2020-03-03,1/3焦煤,大连港,俄罗斯,,0.75,8.50,33.00,80.00,1183.00,-17.00,平仓价,2185,2020-03-03 00:00:00,1,0,2024-07-17 06:07:07,0,2024-07-17 06:07:07,,,
2020-03-03,1/3焦煤,大连港,鹤岗市,,0.25,7.50,18.00,70.00,1490.00,10.00,平仓价,2186,2020-03-03 00:00:00,1,0,2024-07-17 06:07:07,0,2024-07-17 06:07:07,,,
2020-03-02,1/3焦煤,大连港,俄罗斯,,0.75,8.50,33.00,80.00,1200.00,0.00,平仓价,2187,2020-03-02 00:00:00,1,0,2024-07-17 06:07:07,0,2024-07-17 06:07:07,,,
2020-03-02,1/3焦煤,大连港,鹤岗市,,0.25,7.50,18.00,70.00,1480.00,0.00,平仓价,2188,2020-03-02 00:00:00,1,0,2024-07-17 06:07:07,0,2024-07-17 06:07:07,,,
2020-02-28,1/3焦煤,大连港,俄罗斯,,0.75,8.50,33.00,80.00,1200.00,0.00,平仓价,2189,2020-02-28 00:00:00,1,0,2024-07-17 06:07:07,0,2024-07-17 06:07:07,,,
2020-02-28,1/3焦煤,大连港,鹤岗市,,0.25,7.50,18.00,70.00,1480.00,0.00,平仓价,2190,2020-02-28 00:00:00,1,0,2024-07-17 06:07:07,0,2024-07-17 06:07:07,,,
2020-02-27,1/3焦煤,大连港,俄罗斯,,0.75,8.50,33.00,80.00,1200.00,0.00,平仓价,2191,2020-02-27 00:00:00,1,0,2024-07-17 06:07:09,0,2024-07-17 06:07:09,,,
2020-02-27,1/3焦煤,大连港,鹤岗市,,0.25,7.50,18.00,70.00,1480.00,0.00,平仓价,2192,2020-02-27 00:00:00,1,0,2024-07-17 06:07:09,0,2024-07-17 06:07:09,,,
2020-02-26,1/3焦煤,大连港,俄罗斯,,0.75,8.50,33.00,80.00,1200.00,0.00,平仓价,2193,2020-02-26 00:00:00,1,0,2024-07-17 06:07:09,0,2024-07-17 06:07:09,,,
2020-02-26,1/3焦煤,大连港,鹤岗市,,0.25,7.50,18.00,70.00,1480.00,0.00,平仓价,2194,2020-02-26 00:00:00,1,0,2024-07-17 06:07:09,0,2024-07-17 06:07:09,,,
2020-02-25,1/3焦煤,大连港,俄罗斯,,0.75,8.50,33.00,80.00,1200.00,10.00,平仓价,2195,2020-02-25 00:00:00,1,0,2024-07-17 06:07:09,0,2024-07-17 06:07:09,,,
2020-02-25,1/3焦煤,大连港,鹤岗市,,0.25,7.50,18.00,70.00,1480.00,0.00,平仓价,2196,2020-02-25 00:00:00,1,0,2024-07-17 06:07:09,0,2024-07-17 06:07:09,,,
2020-02-24,1/3焦煤,大连港,俄罗斯,,0.75,8.50,33.00,80.00,1190.00,0.00,平仓价,2197,2020-02-24 00:00:00,1,0,2024-07-17 06:07:09,0,2024-07-17 06:07:09,,,
2020-02-24,1/3焦煤,大连港,鹤岗市,,0.25,7.50,18.00,70.00,1480.00,0.00,平仓价,2198,2020-02-24 00:00:00,1,0,2024-07-17 06:07:09,0,2024-07-17 06:07:09,,,
2020-02-21,1/3焦煤,大连港,俄罗斯,,0.75,8.50,33.00,80.00,1190.00,0.00,平仓价,2199,2020-02-21 00:00:00,1,0,2024-07-17 06:07:09,0,2024-07-17 06:07:09,,,
2020-02-21,1/3焦煤,大连港,鹤岗市,,0.25,7.50,18.00,70.00,1480.00,0.00,平仓价,2200,2020-02-21 00:00:00,1,0,2024-07-17 06:07:09,0,2024-07-17 06:07:09,,,
2020-02-20,1/3焦煤,大连港,俄罗斯,,0.75,8.50,33.00,80.00,1190.00,0.00,平仓价,2201,2020-02-20 00:00:00,1,0,2024-07-17 06:07:09,0,2024-07-17 06:07:09,,,
2020-02-20,1/3焦煤,大连港,鹤岗市,,0.25,7.50,18.00,70.00,1480.00,0.00,平仓价,2202,2020-02-20 00:00:00,1,0,2024-07-17 06:07:09,0,2024-07-17 06:07:09,,,
2020-02-19,1/3焦煤,大连港,俄罗斯,,0.75,8.50,33.00,80.00,1190.00,0.00,平仓价,2203,2020-02-19 00:00:00,1,0,2024-07-17 06:07:09,0,2024-07-17 06:07:09,,,
2020-02-19,1/3焦煤,大连港,鹤岗市,,0.25,7.50,18.00,70.00,1480.00,0.00,平仓价,2204,2020-02-19 00:00:00,1,0,2024-07-17 06:07:09,0,2024-07-17 06:07:09,,,
2020-02-18,1/3焦煤,大连港,俄罗斯,,0.75,8.50,33.00,80.00,1190.00,90.00,平仓价,2205,2020-02-18 00:00:00,1,0,2024-07-17 06:07:09,0,2024-07-17 06:07:09,,,
2020-02-18,1/3焦煤,大连港,鹤岗市,,0.25,7.50,18.00,70.00,1480.00,0.00,平仓价,2206,2020-02-18 00:00:00,1,0,2024-07-17 06:07:09,0,2024-07-17 06:07:09,,,
2020-02-17,1/3焦煤,大连港,鹤岗市,,0.25,7.50,18.00,70.00,1480.00,0.00,平仓价,2207,2020-02-17 00:00:00,1,0,2024-07-17 06:07:09,0,2024-07-17 06:07:09,,,
2020-02-17,1/3焦煤,大连港,俄罗斯,,0.75,8.50,33.00,80.00,1100.00,0.00,平仓价,2208,2020-02-17 00:00:00,1,0,2024-07-17 06:07:09,0,2024-07-17 06:07:09,,,
2020-02-14,1/3焦煤,大连港,鹤岗市,,0.25,7.50,18.00,70.00,1480.00,0.00,平仓价,2209,2020-02-14 00:00:00,1,0,2024-07-17 06:07:09,0,2024-07-17 06:07:09,,,
2020-02-14,1/3焦煤,大连港,俄罗斯,,0.75,8.50,33.00,80.00,1100.00,0.00,平仓价,2210,2020-02-14 00:00:00,1,0,2024-07-17 06:07:09,0,2024-07-17 06:07:09,,,
2020-02-13,1/3焦煤,大连港,鹤岗市,,0.25,7.50,18.00,70.00,1480.00,0.00,平仓价,2211,2020-02-13 00:00:00,1,0,2024-07-17 06:07:09,0,2024-07-17 06:07:09,,,
2020-02-13,1/3焦煤,大连港,俄罗斯,,0.75,8.50,33.00,80.00,1100.00,0.00,平仓价,2212,2020-02-13 00:00:00,1,0,2024-07-17 06:07:09,0,2024-07-17 06:07:09,,,
2020-02-12,1/3焦煤,大连港,鹤岗市,,0.25,7.50,18.00,70.00,1480.00,0.00,平仓价,2213,2020-02-12 00:00:00,1,0,2024-07-17 06:07:09,0,2024-07-17 06:07:09,,,
2020-02-12,1/3焦煤,大连港,俄罗斯,,0.75,8.50,33.00,80.00,1100.00,0.00,平仓价,2214,2020-02-12 00:00:00,1,0,2024-07-17 06:07:09,0,2024-07-17 06:07:09,,,
2020-02-11,1/3焦煤,大连港,鹤岗市,,0.25,7.50,18.00,70.00,1480.00,0.00,平仓价,2215,2020-02-11 00:00:00,1,0,2024-07-17 06:07:09,0,2024-07-17 06:07:09,,,
2020-02-11,1/3焦煤,大连港,俄罗斯,,0.75,8.50,33.00,80.00,1100.00,0.00,平仓价,2216,2020-02-11 00:00:00,1,0,2024-07-17 06:07:09,0,2024-07-17 06:07:09,,,
2020-02-10,1/3焦煤,大连港,鹤岗市,,0.25,7.50,18.00,70.00,1480.00,0.00,平仓价,2217,2020-02-10 00:00:00,1,0,2024-07-17 06:07:09,0,2024-07-17 06:07:09,,,
2020-02-10,1/3焦煤,大连港,俄罗斯,,0.75,8.50,33.00,80.00,1100.00,0.00,平仓价,2218,2020-02-10 00:00:00,1,0,2024-07-17 06:07:09,0,2024-07-17 06:07:09,,,
2020-02-07,1/3焦煤,大连港,鹤岗市,,0.25,7.50,18.00,70.00,1480.00,0.00,平仓价,2219,2020-02-07 00:00:00,1,0,2024-07-17 06:07:09,0,2024-07-17 06:07:09,,,
2020-02-07,1/3焦煤,大连港,俄罗斯,,0.75,8.50,33.00,80.00,1100.00,0.00,平仓价,2220,2020-02-07 00:00:00,1,0,2024-07-17 06:07:09,0,2024-07-17 06:07:09,,,
2020-02-06,1/3焦煤,大连港,鹤岗市,,0.25,7.50,18.00,70.00,1480.00,0.00,平仓价,2221,2020-02-06 00:00:00,1,0,2024-07-17 06:07:12,0,2024-07-17 06:07:12,,,
2020-02-06,1/3焦煤,大连港,俄罗斯,,0.75,8.50,33.00,80.00,1100.00,0.00,平仓价,2222,2020-02-06 00:00:00,1,0,2024-07-17 06:07:12,0,2024-07-17 06:07:12,,,
2020-02-05,1/3焦煤,大连港,鹤岗市,,0.25,7.50,18.00,70.00,1480.00,0.00,平仓价,2223,2020-02-05 00:00:00,1,0,2024-07-17 06:07:12,0,2024-07-17 06:07:12,,,
2020-02-05,1/3焦煤,大连港,俄罗斯,,0.75,8.50,33.00,80.00,1100.00,0.00,平仓价,2224,2020-02-05 00:00:00,1,0,2024-07-17 06:07:12,0,2024-07-17 06:07:12,,,
2020-02-04,1/3焦煤,大连港,鹤岗市,,0.25,7.50,18.00,70.00,1480.00,0.00,平仓价,2225,2020-02-04 00:00:00,1,0,2024-07-17 06:07:12,0,2024-07-17 06:07:12,,,
2020-02-04,1/3焦煤,大连港,俄罗斯,,0.75,8.50,33.00,80.00,1100.00,0.00,平仓价,2226,2020-02-04 00:00:00,1,0,2024-07-17 06:07:12,0,2024-07-17 06:07:12,,,
2020-02-03,1/3焦煤,大连港,鹤岗市,,0.25,7.50,18.00,70.00,1480.00,0.00,平仓价,2227,2020-02-03 00:00:00,1,0,2024-07-17 06:07:12,0,2024-07-17 06:07:12,,,
2020-02-03,1/3焦煤,大连港,俄罗斯,,0.75,8.50,33.00,80.00,1100.00,0.00,平仓价,2228,2020-02-03 00:00:00,1,0,2024-07-17 06:07:12,0,2024-07-17 06:07:12,,,
2020-01-23,1/3焦煤,大连港,鹤岗市,,0.25,7.50,18.00,70.00,1480.00,0.00,平仓价,2229,2020-01-23 00:00:00,1,0,2024-07-17 06:07:12,0,2024-07-17 06:07:12,,,
2020-01-23,1/3焦煤,大连港,俄罗斯,,0.75,8.50,33.00,80.00,1100.00,0.00,平仓价,2230,2020-01-23 00:00:00,1,0,2024-07-17 06:07:12,0,2024-07-17 06:07:12,,,
2020-01-22,1/3焦煤,大连港,鹤岗市,,0.25,7.50,18.00,70.00,1480.00,0.00,平仓价,2231,2020-01-22 00:00:00,1,0,2024-07-17 06:07:12,0,2024-07-17 06:07:12,,,
2020-01-22,1/3焦煤,大连港,俄罗斯,,0.75,8.50,33.00,80.00,1100.00,0.00,平仓价,2232,2020-01-22 00:00:00,1,0,2024-07-17 06:07:12,0,2024-07-17 06:07:12,,,
2020-01-21,1/3焦煤,大连港,鹤岗市,,0.25,7.50,18.00,70.00,1480.00,0.00,平仓价,2233,2020-01-21 00:00:00,1,0,2024-07-17 06:07:12,0,2024-07-17 06:07:12,,,
2020-01-21,1/3焦煤,大连港,俄罗斯,,0.75,8.50,33.00,80.00,1100.00,0.00,平仓价,2234,2020-01-21 00:00:00,1,0,2024-07-17 06:07:12,0,2024-07-17 06:07:12,,,
2020-01-20,1/3焦煤,大连港,鹤岗市,,0.25,7.50,18.00,70.00,1480.00,0.00,平仓价,2235,2020-01-20 00:00:00,1,0,2024-07-17 06:07:12,0,2024-07-17 06:07:12,,,
2020-01-20,1/3焦煤,大连港,俄罗斯,,0.75,8.50,33.00,80.00,1100.00,0.00,平仓价,2236,2020-01-20 00:00:00,1,0,2024-07-17 06:07:12,0,2024-07-17 06:07:12,,,
2020-01-19,1/3焦煤,大连港,鹤岗市,,0.25,7.50,18.00,70.00,1480.00,0.00,平仓价,2237,2020-01-19 00:00:00,1,0,2024-07-17 06:07:12,0,2024-07-17 06:07:12,,,
2020-01-19,1/3焦煤,大连港,俄罗斯,,0.75,8.50,33.00,80.00,1100.00,0.00,平仓价,2238,2020-01-19 00:00:00,1,0,2024-07-17 06:07:12,0,2024-07-17 06:07:12,,,
2020-01-17,1/3焦煤,大连港,鹤岗市,,0.25,7.50,18.00,70.00,1480.00,0.00,平仓价,2239,2020-01-17 00:00:00,1,0,2024-07-17 06:07:12,0,2024-07-17 06:07:12,,,
2020-01-17,1/3焦煤,大连港,俄罗斯,,0.75,8.50,33.00,80.00,1100.00,0.00,平仓价,2240,2020-01-17 00:00:00,1,0,2024-07-17 06:07:12,0,2024-07-17 06:07:12,,,
2020-01-16,1/3焦煤,大连港,鹤岗市,,0.25,7.50,18.00,70.00,1480.00,0.00,平仓价,2241,2020-01-16 00:00:00,1,0,2024-07-17 06:07:12,0,2024-07-17 06:07:12,,,
2020-01-16,1/3焦煤,大连港,俄罗斯,,0.75,8.50,33.00,80.00,1100.00,0.00,平仓价,2242,2020-01-16 00:00:00,1,0,2024-07-17 06:07:12,0,2024-07-17 06:07:12,,,
2020-01-15,1/3焦煤,大连港,鹤岗市,,0.25,7.50,18.00,70.00,1480.00,0.00,平仓价,2243,2020-01-15 00:00:00,1,0,2024-07-17 06:07:12,0,2024-07-17 06:07:12,,,
2020-01-15,1/3焦煤,大连港,俄罗斯,,0.75,8.50,33.00,80.00,1100.00,0.00,平仓价,2244,2020-01-15 00:00:00,1,0,2024-07-17 06:07:12,0,2024-07-17 06:07:12,,,
2020-01-14,1/3焦煤,大连港,鹤岗市,,0.25,7.50,18.00,70.00,1480.00,0.00,平仓价,2245,2020-01-14 00:00:00,1,0,2024-07-17 06:07:12,0,2024-07-17 06:07:12,,,
2020-01-14,1/3焦煤,大连港,俄罗斯,,0.75,8.50,33.00,80.00,1100.00,0.00,平仓价,2246,2020-01-14 00:00:00,1,0,2024-07-17 06:07:12,0,2024-07-17 06:07:12,,,
2020-01-13,1/3焦煤,大连港,鹤岗市,,0.25,7.50,18.00,70.00,1480.00,-10.00,平仓价,2247,2020-01-13 00:00:00,1,0,2024-07-17 06:07:12,0,2024-07-17 06:07:12,,,
2020-01-13,1/3焦煤,大连港,俄罗斯,,0.75,8.50,33.00,80.00,1100.00,17.00,平仓价,2248,2020-01-13 00:00:00,1,0,2024-07-17 06:07:12,0,2024-07-17 06:07:12,,,
2020-01-10,1/3焦煤,大连港,鹤岗市,,0.25,7.50,18.00,70.00,1490.00,0.00,平仓价,2249,2020-01-10 00:00:00,1,0,2024-07-17 06:07:12,0,2024-07-17 06:07:12,,,
2020-01-10,1/3焦煤,大连港,俄罗斯,,0.75,8.50,33.00,80.00,1083.00,0.00,平仓价,2250,2020-01-10 00:00:00,1,0,2024-07-17 06:07:12,0,2024-07-17 06:07:12,,,
2020-01-09,1/3焦煤,大连港,鹤岗市,,0.25,7.50,18.00,70.00,1490.00,0.00,平仓价,2251,2020-01-09 00:00:00,1,0,2024-07-17 06:07:16,0,2024-07-17 06:07:16,,,
2020-01-09,1/3焦煤,大连港,俄罗斯,,0.75,8.50,33.00,80.00,1083.00,0.00,平仓价,2252,2020-01-09 00:00:00,1,0,2024-07-17 06:07:16,0,2024-07-17 06:07:16,,,
2020-01-08,1/3焦煤,大连港,鹤岗市,,0.25,7.50,18.00,70.00,1490.00,0.00,平仓价,2253,2020-01-08 00:00:00,1,0,2024-07-17 06:07:16,0,2024-07-17 06:07:16,,,
2020-01-08,1/3焦煤,大连港,俄罗斯,,0.75,8.50,33.00,80.00,1083.00,0.00,平仓价,2254,2020-01-08 00:00:00,1,0,2024-07-17 06:07:16,0,2024-07-17 06:07:16,,,
2020-01-07,1/3焦煤,大连港,鹤岗市,,0.25,7.50,18.00,70.00,1490.00,0.00,平仓价,2255,2020-01-07 00:00:00,1,0,2024-07-17 06:07:16,0,2024-07-17 06:07:16,,,
2020-01-07,1/3焦煤,大连港,俄罗斯,,0.75,8.50,33.00,80.00,1083.00,0.00,平仓价,2256,2020-01-07 00:00:00,1,0,2024-07-17 06:07:16,0,2024-07-17 06:07:16,,,
2020-01-06,1/3焦煤,大连港,鹤岗市,,0.25,7.50,18.00,70.00,1490.00,0.00,平仓价,2257,2020-01-06 00:00:00,1,0,2024-07-17 06:07:16,0,2024-07-17 06:07:16,,,
2020-01-06,1/3焦煤,大连港,俄罗斯,,0.75,8.50,33.00,80.00,1083.00,0.00,平仓价,2258,2020-01-06 00:00:00,1,0,2024-07-17 06:07:16,0,2024-07-17 06:07:16,,,
2020-01-03,1/3焦煤,大连港,鹤岗市,,0.25,7.50,18.00,70.00,1490.00,0.00,平仓价,2259,2020-01-03 00:00:00,1,0,2024-07-17 06:07:16,0,2024-07-17 06:07:16,,,
2020-01-03,1/3焦煤,大连港,俄罗斯,,0.75,8.50,33.00,80.00,1083.00,0.00,平仓价,2260,2020-01-03 00:00:00,1,0,2024-07-17 06:07:16,0,2024-07-17 06:07:16,,,
2020-01-02,1/3焦煤,大连港,鹤岗市,,0.25,7.50,18.00,70.00,1490.00,0.00,平仓价,2261,2020-01-02 00:00:00,1,0,2024-07-17 06:07:16,0,2024-07-17 06:07:16,,,
2020-01-02,1/3焦煤,大连港,俄罗斯,,0.75,8.50,33.00,80.00,1083.00,0.00,平仓价,2262,2020-01-02 00:00:00,1,0,2024-07-17 06:07:16,0,2024-07-17 06:07:16,,,
2019-12-31,1/3焦煤,大连港,鹤岗市,,0.25,7.50,18.00,70.00,1490.00,0.00,平仓价,2263,2019-12-31 00:00:00,1,0,2024-07-17 06:07:16,0,2024-07-17 06:07:16,,,
2019-12-31,1/3焦煤,大连港,俄罗斯,,0.75,8.50,33.00,80.00,1083.00,0.00,平仓价,2264,2019-12-31 00:00:00,1,0,2024-07-17 06:07:16,0,2024-07-17 06:07:16,,,
2019-12-30,1/3焦煤,大连港,鹤岗市,,0.25,7.50,18.00,70.00,1490.00,0.00,平仓价,2265,2019-12-30 00:00:00,1,0,2024-07-17 06:07:16,0,2024-07-17 06:07:16,,,
2019-12-30,1/3焦煤,大连港,俄罗斯,,0.75,8.50,33.00,80.00,1083.00,0.00,平仓价,2266,2019-12-30 00:00:00,1,0,2024-07-17 06:07:16,0,2024-07-17 06:07:16,,,
2019-12-27,1/3焦煤,大连港,鹤岗市,,0.25,7.50,18.00,70.00,1490.00,0.00,平仓价,2267,2019-12-27 00:00:00,1,0,2024-07-17 06:07:16,0,2024-07-17 06:07:16,,,
2019-12-27,1/3焦煤,大连港,俄罗斯,,0.75,8.50,33.00,80.00,1083.00,0.00,平仓价,2268,2019-12-27 00:00:00,1,0,2024-07-17 06:07:16,0,2024-07-17 06:07:16,,,
2019-12-26,1/3焦煤,大连港,鹤岗市,,0.25,7.50,18.00,70.00,1490.00,0.00,平仓价,2269,2019-12-26 00:00:00,1,0,2024-07-17 06:07:16,0,2024-07-17 06:07:16,,,
2019-12-26,1/3焦煤,大连港,俄罗斯,,0.75,8.50,33.00,80.00,1083.00,0.00,平仓价,2270,2019-12-26 00:00:00,1,0,2024-07-17 06:07:16,0,2024-07-17 06:07:16,,,
2019-12-25,1/3焦煤,大连港,鹤岗市,,0.25,7.50,18.00,70.00,1490.00,0.00,平仓价,2271,2019-12-25 00:00:00,1,0,2024-07-17 06:07:16,0,2024-07-17 06:07:16,,,
2019-12-25,1/3焦煤,大连港,俄罗斯,,0.75,8.50,33.00,80.00,1083.00,0.00,平仓价,2272,2019-12-25 00:00:00,1,0,2024-07-17 06:07:16,0,2024-07-17 06:07:16,,,
2019-12-24,1/3焦煤,大连港,鹤岗市,,0.25,7.50,18.00,70.00,1490.00,-30.00,平仓价,2273,2019-12-24 00:00:00,1,0,2024-07-17 06:07:16,0,2024-07-17 06:07:16,,,
2019-12-24,1/3焦煤,大连港,俄罗斯,,0.75,8.50,33.00,80.00,1083.00,-17.00,平仓价,2274,2019-12-24 00:00:00,1,0,2024-07-17 06:07:16,0,2024-07-17 06:07:16,,,
2019-12-23,1/3焦煤,大连港,俄罗斯,,0.75,8.50,33.00,80.00,1100.00,0.00,平仓价,2275,2019-12-23 00:00:00,1,0,2024-07-17 06:07:16,0,2024-07-17 06:07:16,,,
2019-12-23,1/3焦煤,大连港,鹤岗市,,0.25,7.50,18.00,70.00,1520.00,0.00,平仓价,2276,2019-12-23 00:00:00,1,0,2024-07-17 06:07:16,0,2024-07-17 06:07:16,,,
2019-12-20,1/3焦煤,大连港,俄罗斯,,0.75,8.50,33.00,80.00,1100.00,0.00,平仓价,2277,2019-12-20 00:00:00,1,0,2024-07-17 06:07:16,0,2024-07-17 06:07:16,,,
2019-12-20,1/3焦煤,大连港,鹤岗市,,0.25,7.50,18.00,70.00,1520.00,0.00,平仓价,2278,2019-12-20 00:00:00,1,0,2024-07-17 06:07:16,0,2024-07-17 06:07:16,,,
2019-12-19,1/3焦煤,大连港,俄罗斯,,0.75,8.50,33.00,80.00,1100.00,-10.00,平仓价,2279,2019-12-19 00:00:00,1,0,2024-07-17 06:07:16,0,2024-07-17 06:07:16,,,
2019-12-19,1/3焦煤,大连港,鹤岗市,,0.25,7.50,18.00,70.00,1520.00,0.00,平仓价,2280,2019-12-19 00:00:00,1,0,2024-07-17 06:07:16,0,2024-07-17 06:07:16,,,
2019-12-18,1/3焦煤,大连港,俄罗斯,,0.75,8.50,33.00,80.00,1110.00,0.00,平仓价,2281,2019-12-18 00:00:00,1,0,2024-07-17 06:07:18,0,2024-07-17 06:07:18,,,
2019-12-18,1/3焦煤,大连港,鹤岗市,,0.25,7.50,18.00,70.00,1520.00,0.00,平仓价,2282,2019-12-18 00:00:00,1,0,2024-07-17 06:07:18,0,2024-07-17 06:07:18,,,
2019-12-17,1/3焦煤,大连港,俄罗斯,,0.75,8.50,33.00,80.00,1110.00,0.00,平仓价,2283,2019-12-17 00:00:00,1,0,2024-07-17 06:07:18,0,2024-07-17 06:07:18,,,
2019-12-17,1/3焦煤,大连港,鹤岗市,,0.25,7.50,18.00,70.00,1520.00,0.00,平仓价,2284,2019-12-17 00:00:00,1,0,2024-07-17 06:07:18,0,2024-07-17 06:07:18,,,
2019-12-16,1/3焦煤,大连港,俄罗斯,,0.75,8.50,33.00,80.00,1110.00,0.00,平仓价,2285,2019-12-16 00:00:00,1,0,2024-07-17 06:07:18,0,2024-07-17 06:07:18,,,
2019-12-16,1/3焦煤,大连港,鹤岗市,,0.25,7.50,18.00,70.00,1520.00,0.00,平仓价,2286,2019-12-16 00:00:00,1,0,2024-07-17 06:07:18,0,2024-07-17 06:07:18,,,
2019-12-13,1/3焦煤,大连港,俄罗斯,,0.75,8.50,33.00,80.00,1110.00,0.00,平仓价,2287,2019-12-13 00:00:00,1,0,2024-07-17 06:07:18,0,2024-07-17 06:07:18,,,
2019-12-13,1/3焦煤,大连港,鹤岗市,,0.25,7.50,18.00,70.00,1520.00,0.00,平仓价,2288,2019-12-13 00:00:00,1,0,2024-07-17 06:07:18,0,2024-07-17 06:07:18,,,
2019-12-12,1/3焦煤,大连港,俄罗斯,,0.75,8.50,33.00,80.00,1110.00,0.00,平仓价,2289,2019-12-12 00:00:00,1,0,2024-07-17 06:07:18,0,2024-07-17 06:07:18,,,
2019-12-12,1/3焦煤,大连港,鹤岗市,,0.25,7.50,18.00,70.00,1520.00,0.00,平仓价,2290,2019-12-12 00:00:00,1,0,2024-07-17 06:07:18,0,2024-07-17 06:07:18,,,
2019-12-11,1/3焦煤,大连港,俄罗斯,,0.75,8.50,33.00,80.00,1110.00,0.00,平仓价,2291,2019-12-11 00:00:00,1,0,2024-07-17 06:07:18,0,2024-07-17 06:07:18,,,
2019-12-11,1/3焦煤,大连港,鹤岗市,,0.25,7.50,18.00,70.00,1520.00,0.00,平仓价,2292,2019-12-11 00:00:00,1,0,2024-07-17 06:07:18,0,2024-07-17 06:07:18,,,
2019-12-10,1/3焦煤,大连港,俄罗斯,,0.75,8.50,33.00,80.00,1110.00,0.00,平仓价,2293,2019-12-10 00:00:00,1,0,2024-07-17 06:07:18,0,2024-07-17 06:07:18,,,
2019-12-10,1/3焦煤,大连港,鹤岗市,,0.25,7.50,18.00,70.00,1520.00,0.00,平仓价,2294,2019-12-10 00:00:00,1,0,2024-07-17 06:07:18,0,2024-07-17 06:07:18,,,
2019-12-09,1/3焦煤,大连港,俄罗斯,,0.75,8.50,33.00,80.00,1110.00,0.00,平仓价,2295,2019-12-09 00:00:00,1,0,2024-07-17 06:07:18,0,2024-07-17 06:07:18,,,
2019-12-09,1/3焦煤,大连港,鹤岗市,,0.25,7.50,18.00,70.00,1520.00,0.00,平仓价,2296,2019-12-09 00:00:00,1,0,2024-07-17 06:07:18,0,2024-07-17 06:07:18,,,
2019-12-06,1/3焦煤,大连港,俄罗斯,,0.75,8.50,33.00,80.00,1110.00,0.00,平仓价,2297,2019-12-06 00:00:00,1,0,2024-07-17 06:07:18,0,2024-07-17 06:07:18,,,
2019-12-06,1/3焦煤,大连港,鹤岗市,,0.25,7.50,18.00,70.00,1520.00,0.00,平仓价,2298,2019-12-06 00:00:00,1,0,2024-07-17 06:07:18,0,2024-07-17 06:07:18,,,
2019-12-05,1/3焦煤,大连港,俄罗斯,,0.75,8.50,33.00,80.00,1110.00,-27.00,平仓价,2299,2019-12-05 00:00:00,1,0,2024-07-17 06:07:18,0,2024-07-17 06:07:18,,,
2019-12-05,1/3焦煤,大连港,鹤岗市,,0.25,7.50,18.00,70.00,1520.00,0.00,平仓价,2300,2019-12-05 00:00:00,1,0,2024-07-17 06:07:18,0,2024-07-17 06:07:18,,,
2019-12-04,1/3焦煤,大连港,俄罗斯,,0.75,8.50,33.00,80.00,1137.00,-18.00,平仓价,2301,2019-12-04 00:00:00,1,0,2024-07-17 06:07:18,0,2024-07-17 06:07:18,,,
2019-12-04,1/3焦煤,大连港,鹤岗市,,0.25,7.50,18.00,70.00,1520.00,0.00,平仓价,2302,2019-12-04 00:00:00,1,0,2024-07-17 06:07:18,0,2024-07-17 06:07:18,,,
2019-12-03,1/3焦煤,大连港,俄罗斯,,0.75,8.50,33.00,80.00,1155.00,0.00,平仓价,2303,2019-12-03 00:00:00,1,0,2024-07-17 06:07:18,0,2024-07-17 06:07:18,,,
2019-12-03,1/3焦煤,大连港,鹤岗市,,0.25,7.50,18.00,70.00,1520.00,0.00,平仓价,2304,2019-12-03 00:00:00,1,0,2024-07-17 06:07:18,0,2024-07-17 06:07:18,,,
2019-12-02,1/3焦煤,大连港,俄罗斯,,0.75,8.50,33.00,80.00,1155.00,0.00,平仓价,2305,2019-12-02 00:00:00,1,0,2024-07-17 06:07:18,0,2024-07-17 06:07:18,,,
2019-12-02,1/3焦煤,大连港,鹤岗市,,0.25,7.50,18.00,70.00,1520.00,0.00,平仓价,2306,2019-12-02 00:00:00,1,0,2024-07-17 06:07:18,0,2024-07-17 06:07:18,,,
2019-11-29,1/3焦煤,大连港,俄罗斯,,0.75,8.50,33.00,80.00,1155.00,0.00,平仓价,2307,2019-11-29 00:00:00,1,0,2024-07-17 06:07:18,0,2024-07-17 06:07:18,,,
2019-11-29,1/3焦煤,大连港,鹤岗市,,0.25,7.50,18.00,70.00,1520.00,0.00,平仓价,2308,2019-11-29 00:00:00,1,0,2024-07-17 06:07:18,0,2024-07-17 06:07:18,,,
2019-11-28,1/3焦煤,大连港,俄罗斯,,0.75,8.50,33.00,80.00,1155.00,0.00,平仓价,2309,2019-11-28 00:00:00,1,0,2024-07-17 06:07:18,0,2024-07-17 06:07:18,,,
2019-11-28,1/3焦煤,大连港,鹤岗市,,0.25,7.50,18.00,70.00,1520.00,0.00,平仓价,2310,2019-11-28 00:00:00,1,0,2024-07-17 06:07:18,0,2024-07-17 06:07:18,,,
2019-11-27,1/3焦煤,大连港,俄罗斯,,0.75,8.50,33.00,80.00,1155.00,0.00,平仓价,2311,2019-11-27 00:00:00,1,0,2024-07-17 06:07:22,0,2024-07-17 06:07:22,,,
2019-11-27,1/3焦煤,大连港,鹤岗市,,0.25,7.50,18.00,70.00,1520.00,0.00,平仓价,2312,2019-11-27 00:00:00,1,0,2024-07-17 06:07:22,0,2024-07-17 06:07:22,,,
2019-11-26,1/3焦煤,大连港,俄罗斯,,0.75,8.50,33.00,80.00,1155.00,0.00,平仓价,2313,2019-11-26 00:00:00,1,0,2024-07-17 06:07:22,0,2024-07-17 06:07:22,,,
2019-11-26,1/3焦煤,大连港,鹤岗市,,0.25,7.50,18.00,70.00,1520.00,0.00,平仓价,2314,2019-11-26 00:00:00,1,0,2024-07-17 06:07:22,0,2024-07-17 06:07:22,,,
2019-11-25,1/3焦煤,大连港,俄罗斯,,0.75,8.50,33.00,80.00,1155.00,0.00,平仓价,2315,2019-11-25 00:00:00,1,0,2024-07-17 06:07:22,0,2024-07-17 06:07:22,,,
2019-11-25,1/3焦煤,大连港,鹤岗市,,0.25,7.50,18.00,70.00,1520.00,0.00,平仓价,2316,2019-11-25 00:00:00,1,0,2024-07-17 06:07:22,0,2024-07-17 06:07:22,,,
2019-11-22,1/3焦煤,大连港,俄罗斯,,0.75,8.50,33.00,80.00,1155.00,0.00,平仓价,2317,2019-11-22 00:00:00,1,0,2024-07-17 06:07:22,0,2024-07-17 06:07:22,,,
2019-11-22,1/3焦煤,大连港,鹤岗市,,0.25,7.50,18.00,70.00,1520.00,0.00,平仓价,2318,2019-11-22 00:00:00,1,0,2024-07-17 06:07:22,0,2024-07-17 06:07:22,,,
2019-11-21,1/3焦煤,大连港,俄罗斯,,0.75,8.50,33.00,80.00,1155.00,0.00,平仓价,2319,2019-11-21 00:00:00,1,0,2024-07-17 06:07:22,0,2024-07-17 06:07:22,,,
2019-11-21,1/3焦煤,大连港,鹤岗市,,0.25,7.50,18.00,70.00,1520.00,20.00,平仓价,2320,2019-11-21 00:00:00,1,0,2024-07-17 06:07:22,0,2024-07-17 06:07:22,,,
2019-11-20,1/3焦煤,大连港,俄罗斯,,0.75,8.50,33.00,80.00,1155.00,-9.00,平仓价,2321,2019-11-20 00:00:00,1,0,2024-07-17 06:07:22,0,2024-07-17 06:07:22,,,
2019-11-20,1/3焦煤,大连港,鹤岗市,,0.25,7.50,18.00,70.00,1500.00,0.00,平仓价,2322,2019-11-20 00:00:00,1,0,2024-07-17 06:07:22,0,2024-07-17 06:07:22,,,
2019-11-19,1/3焦煤,大连港,俄罗斯,,0.75,8.50,33.00,80.00,1164.00,0.00,平仓价,2323,2019-11-19 00:00:00,1,0,2024-07-17 06:07:22,0,2024-07-17 06:07:22,,,
2019-11-19,1/3焦煤,大连港,鹤岗市,,0.25,7.50,18.00,70.00,1500.00,0.00,平仓价,2324,2019-11-19 00:00:00,1,0,2024-07-17 06:07:22,0,2024-07-17 06:07:22,,,
2019-11-18,1/3焦煤,大连港,俄罗斯,,0.75,8.50,33.00,80.00,1164.00,0.00,平仓价,2325,2019-11-18 00:00:00,1,0,2024-07-17 06:07:22,0,2024-07-17 06:07:22,,,
2019-11-18,1/3焦煤,大连港,鹤岗市,,0.25,7.50,18.00,70.00,1500.00,0.00,平仓价,2326,2019-11-18 00:00:00,1,0,2024-07-17 06:07:22,0,2024-07-17 06:07:22,,,
2019-11-15,1/3焦煤,大连港,俄罗斯,,0.75,8.50,33.00,80.00,1164.00,0.00,平仓价,2327,2019-11-15 00:00:00,1,0,2024-07-17 06:07:22,0,2024-07-17 06:07:22,,,
2019-11-15,1/3焦煤,大连港,鹤岗市,,0.25,7.50,18.00,70.00,1500.00,0.00,平仓价,2328,2019-11-15 00:00:00,1,0,2024-07-17 06:07:22,0,2024-07-17 06:07:22,,,
2019-11-14,1/3焦煤,大连港,俄罗斯,,0.75,8.50,33.00,80.00,1164.00,0.00,平仓价,2329,2019-11-14 00:00:00,1,0,2024-07-17 06:07:22,0,2024-07-17 06:07:22,,,
2019-11-14,1/3焦煤,大连港,鹤岗市,,0.25,7.50,18.00,70.00,1500.00,0.00,平仓价,2330,2019-11-14 00:00:00,1,0,2024-07-17 06:07:22,0,2024-07-17 06:07:22,,,
2019-11-13,1/3焦煤,大连港,俄罗斯,,0.75,8.50,33.00,80.00,1164.00,0.00,平仓价,2331,2019-11-13 00:00:00,1,0,2024-07-17 06:07:22,0,2024-07-17 06:07:22,,,
2019-11-13,1/3焦煤,大连港,鹤岗市,,0.25,7.50,18.00,70.00,1500.00,-20.00,平仓价,2332,2019-11-13 00:00:00,1,0,2024-07-17 06:07:22,0,2024-07-17 06:07:22,,,
2019-11-12,1/3焦煤,大连港,俄罗斯,,0.75,8.50,33.00,80.00,1164.00,-37.00,平仓价,2333,2019-11-12 00:00:00,1,0,2024-07-17 06:07:22,0,2024-07-17 06:07:22,,,
2019-11-12,1/3焦煤,大连港,鹤岗市,,0.25,7.50,18.00,70.00,1520.00,0.00,平仓价,2334,2019-11-12 00:00:00,1,0,2024-07-17 06:07:22,0,2024-07-17 06:07:22,,,
2019-11-11,1/3焦煤,大连港,俄罗斯,,0.75,8.50,33.00,80.00,1201.00,0.00,平仓价,2335,2019-11-11 00:00:00,1,0,2024-07-17 06:07:22,0,2024-07-17 06:07:22,,,
2019-11-11,1/3焦煤,大连港,鹤岗市,,0.25,7.50,18.00,70.00,1520.00,0.00,平仓价,2336,2019-11-11 00:00:00,1,0,2024-07-17 06:07:22,0,2024-07-17 06:07:22,,,
2019-11-08,1/3焦煤,大连港,俄罗斯,,0.75,8.50,33.00,80.00,1201.00,0.00,平仓价,2337,2019-11-08 00:00:00,1,0,2024-07-17 06:07:22,0,2024-07-17 06:07:22,,,
2019-11-08,1/3焦煤,大连港,鹤岗市,,0.25,7.50,18.00,70.00,1520.00,0.00,平仓价,2338,2019-11-08 00:00:00,1,0,2024-07-17 06:07:22,0,2024-07-17 06:07:22,,,
2019-11-07,1/3焦煤,大连港,俄罗斯,,0.75,8.50,33.00,80.00,1201.00,0.00,平仓价,2339,2019-11-07 00:00:00,1,0,2024-07-17 06:07:22,0,2024-07-17 06:07:22,,,
2019-11-07,1/3焦煤,大连港,鹤岗市,,0.25,7.50,18.00,70.00,1520.00,0.00,平仓价,2340,2019-11-07 00:00:00,1,0,2024-07-17 06:07:22,0,2024-07-17 06:07:22,,,
2019-11-06,1/3焦煤,大连港,俄罗斯,,0.75,8.50,33.00,80.00,1201.00,0.00,平仓价,2341,2019-11-06 00:00:00,1,0,2024-07-17 06:07:24,0,2024-07-17 06:07:24,,,
2019-11-06,1/3焦煤,大连港,鹤岗市,,0.25,7.50,18.00,70.00,1520.00,0.00,平仓价,2342,2019-11-06 00:00:00,1,0,2024-07-17 06:07:24,0,2024-07-17 06:07:24,,,
2019-11-05,1/3焦煤,大连港,俄罗斯,,0.75,8.50,33.00,80.00,1201.00,0.00,平仓价,2343,2019-11-05 00:00:00,1,0,2024-07-17 06:07:24,0,2024-07-17 06:07:24,,,
2019-11-05,1/3焦煤,大连港,鹤岗市,,0.25,7.50,18.00,70.00,1520.00,0.00,平仓价,2344,2019-11-05 00:00:00,1,0,2024-07-17 06:07:24,0,2024-07-17 06:07:24,,,
2019-11-04,1/3焦煤,大连港,鹤岗市,,0.25,7.50,18.00,70.00,1520.00,0.00,平仓价,2345,2019-11-04 00:00:00,1,0,2024-07-17 06:07:24,0,2024-07-17 06:07:24,,,
2019-11-04,1/3焦煤,大连港,俄罗斯,,0.75,8.50,33.00,80.00,1201.00,0.00,平仓价,2346,2019-11-04 00:00:00,1,0,2024-07-17 06:07:24,0,2024-07-17 06:07:24,,,
2019-11-01,1/3焦煤,大连港,鹤岗市,,0.25,7.50,18.00,70.00,1520.00,0.00,平仓价,2347,2019-11-01 00:00:00,1,0,2024-07-17 06:07:24,0,2024-07-17 06:07:24,,,
2019-11-01,1/3焦煤,大连港,俄罗斯,,0.75,8.50,33.00,80.00,1201.00,0.00,平仓价,2348,2019-11-01 00:00:00,1,0,2024-07-17 06:07:24,0,2024-07-17 06:07:24,,,
2019-10-31,1/3焦煤,大连港,鹤岗市,,0.25,7.50,18.00,70.00,1520.00,0.00,平仓价,2349,2019-10-31 00:00:00,1,0,2024-07-17 06:07:24,0,2024-07-17 06:07:24,,,
2019-10-31,1/3焦煤,大连港,俄罗斯,,0.75,8.50,33.00,80.00,1201.00,0.00,平仓价,2350,2019-10-31 00:00:00,1,0,2024-07-17 06:07:24,0,2024-07-17 06:07:24,,,
2019-10-30,1/3焦煤,大连港,鹤岗市,,0.25,7.50,18.00,70.00,1520.00,0.00,平仓价,2351,2019-10-30 00:00:00,1,0,2024-07-17 06:07:24,0,2024-07-17 06:07:24,,,
2019-10-30,1/3焦煤,大连港,俄罗斯,,0.75,8.50,33.00,80.00,1201.00,0.00,平仓价,2352,2019-10-30 00:00:00,1,0,2024-07-17 06:07:24,0,2024-07-17 06:07:24,,,
2019-10-29,1/3焦煤,大连港,鹤岗市,,0.25,7.50,18.00,70.00,1520.00,0.00,平仓价,2353,2019-10-29 00:00:00,1,0,2024-07-17 06:07:24,0,2024-07-17 06:07:24,,,
2019-10-29,1/3焦煤,大连港,俄罗斯,,0.75,8.50,33.00,80.00,1201.00,0.00,平仓价,2354,2019-10-29 00:00:00,1,0,2024-07-17 06:07:24,0,2024-07-17 06:07:24,,,
2019-10-28,1/3焦煤,大连港,鹤岗市,,0.25,7.50,18.00,70.00,1520.00,0.00,平仓价,2355,2019-10-28 00:00:00,1,0,2024-07-17 06:07:24,0,2024-07-17 06:07:24,,,
2019-10-28,1/3焦煤,大连港,俄罗斯,,0.75,8.50,33.00,80.00,1201.00,0.00,平仓价,2356,2019-10-28 00:00:00,1,0,2024-07-17 06:07:24,0,2024-07-17 06:07:24,,,
2019-10-25,1/3焦煤,大连港,鹤岗市,,0.25,7.50,18.00,70.00,1520.00,0.00,平仓价,2357,2019-10-25 00:00:00,1,0,2024-07-17 06:07:24,0,2024-07-17 06:07:24,,,
2019-10-25,1/3焦煤,大连港,俄罗斯,,0.75,8.50,33.00,80.00,1201.00,0.00,平仓价,2358,2019-10-25 00:00:00,1,0,2024-07-17 06:07:24,0,2024-07-17 06:07:24,,,
2019-10-24,1/3焦煤,大连港,鹤岗市,,0.25,7.50,18.00,70.00,1520.00,0.00,平仓价,2359,2019-10-24 00:00:00,1,0,2024-07-17 06:07:24,0,2024-07-17 06:07:24,,,
2019-10-24,1/3焦煤,大连港,俄罗斯,,0.75,8.50,33.00,80.00,1201.00,0.00,平仓价,2360,2019-10-24 00:00:00,1,0,2024-07-17 06:07:24,0,2024-07-17 06:07:24,,,
2019-10-23,1/3焦煤,大连港,鹤岗市,,0.25,7.50,18.00,70.00,1520.00,0.00,平仓价,2361,2019-10-23 00:00:00,1,0,2024-07-17 06:07:24,0,2024-07-17 06:07:24,,,
2019-10-23,1/3焦煤,大连港,俄罗斯,,0.75,8.50,33.00,80.00,1201.00,-36.00,平仓价,2362,2019-10-23 00:00:00,1,0,2024-07-17 06:07:24,0,2024-07-17 06:07:24,,,
2019-10-22,1/3焦煤,大连港,鹤岗市,,0.25,7.50,18.00,70.00,1520.00,0.00,平仓价,2363,2019-10-22 00:00:00,1,0,2024-07-17 06:07:24,0,2024-07-17 06:07:24,,,
2019-10-22,1/3焦煤,大连港,俄罗斯,,0.75,8.50,33.00,80.00,1237.00,0.00,平仓价,2364,2019-10-22 00:00:00,1,0,2024-07-17 06:07:24,0,2024-07-17 06:07:24,,,
2019-10-21,1/3焦煤,大连港,鹤岗市,,0.25,7.50,18.00,70.00,1520.00,0.00,平仓价,2365,2019-10-21 00:00:00,1,0,2024-07-17 06:07:24,0,2024-07-17 06:07:24,,,
2019-10-21,1/3焦煤,大连港,俄罗斯,,0.75,8.50,33.00,80.00,1237.00,0.00,平仓价,2366,2019-10-21 00:00:00,1,0,2024-07-17 06:07:24,0,2024-07-17 06:07:24,,,
2019-10-18,1/3焦煤,大连港,鹤岗市,,0.25,7.50,18.00,70.00,1520.00,0.00,平仓价,2367,2019-10-18 00:00:00,1,0,2024-07-17 06:07:24,0,2024-07-17 06:07:24,,,
2019-10-18,1/3焦煤,大连港,俄罗斯,,0.75,8.50,33.00,80.00,1237.00,0.00,平仓价,2368,2019-10-18 00:00:00,1,0,2024-07-17 06:07:24,0,2024-07-17 06:07:24,,,
2019-10-17,1/3焦煤,大连港,鹤岗市,,0.25,7.50,18.00,70.00,1520.00,0.00,平仓价,2369,2019-10-17 00:00:00,1,0,2024-07-17 06:07:24,0,2024-07-17 06:07:24,,,
2019-10-17,1/3焦煤,大连港,俄罗斯,,0.75,8.50,33.00,80.00,1237.00,0.00,平仓价,2370,2019-10-17 00:00:00,1,0,2024-07-17 06:07:24,0,2024-07-17 06:07:24,,,
2019-10-16,1/3焦煤,大连港,鹤岗市,,0.25,7.50,18.00,70.00,1520.00,0.00,平仓价,2371,2019-10-16 00:00:00,1,0,2024-07-17 06:07:28,0,2024-07-17 06:07:28,,,
2019-10-16,1/3焦煤,大连港,俄罗斯,,0.75,8.50,33.00,80.00,1237.00,0.00,平仓价,2372,2019-10-16 00:00:00,1,0,2024-07-17 06:07:28,0,2024-07-17 06:07:28,,,
2019-10-15,1/3焦煤,大连港,鹤岗市,,0.25,7.50,18.00,70.00,1520.00,0.00,平仓价,2373,2019-10-15 00:00:00,1,0,2024-07-17 06:07:28,0,2024-07-17 06:07:28,,,
2019-10-15,1/3焦煤,大连港,俄罗斯,,0.75,8.50,33.00,80.00,1237.00,0.00,平仓价,2374,2019-10-15 00:00:00,1,0,2024-07-17 06:07:28,0,2024-07-17 06:07:28,,,
2019-10-14,1/3焦煤,大连港,鹤岗市,,0.25,7.50,18.00,70.00,1520.00,0.00,平仓价,2375,2019-10-14 00:00:00,1,0,2024-07-17 06:07:28,0,2024-07-17 06:07:28,,,
2019-10-14,1/3焦煤,大连港,俄罗斯,,0.75,8.50,33.00,80.00,1237.00,0.00,平仓价,2376,2019-10-14 00:00:00,1,0,2024-07-17 06:07:28,0,2024-07-17 06:07:28,,,
2019-10-12,1/3焦煤,大连港,鹤岗市,,0.25,7.50,18.00,70.00,1520.00,0.00,平仓价,2377,2019-10-12 00:00:00,1,0,2024-07-17 06:07:28,0,2024-07-17 06:07:28,,,
2019-10-12,1/3焦煤,大连港,俄罗斯,,0.75,8.50,33.00,80.00,1237.00,0.00,平仓价,2378,2019-10-12 00:00:00,1,0,2024-07-17 06:07:28,0,2024-07-17 06:07:28,,,
2019-10-11,1/3焦煤,大连港,鹤岗市,,0.25,7.50,18.00,70.00,1520.00,0.00,平仓价,2379,2019-10-11 00:00:00,1,0,2024-07-17 06:07:28,0,2024-07-17 06:07:28,,,
2019-10-11,1/3焦煤,大连港,俄罗斯,,0.75,8.50,33.00,80.00,1237.00,-18.00,平仓价,2380,2019-10-11 00:00:00,1,0,2024-07-17 06:07:28,0,2024-07-17 06:07:28,,,
2019-10-10,1/3焦煤,大连港,鹤岗市,,0.25,7.50,18.00,70.00,1520.00,0.00,平仓价,2381,2019-10-10 00:00:00,1,0,2024-07-17 06:07:28,0,2024-07-17 06:07:28,,,
2019-10-10,1/3焦煤,大连港,俄罗斯,,0.75,8.50,33.00,80.00,1255.00,0.00,平仓价,2382,2019-10-10 00:00:00,1,0,2024-07-17 06:07:28,0,2024-07-17 06:07:28,,,
2019-10-09,1/3焦煤,大连港,鹤岗市,,0.25,7.50,18.00,70.00,1520.00,0.00,平仓价,2383,2019-10-09 00:00:00,1,0,2024-07-17 06:07:28,0,2024-07-17 06:07:28,,,
2019-10-09,1/3焦煤,大连港,俄罗斯,,0.75,8.50,33.00,80.00,1255.00,0.00,平仓价,2384,2019-10-09 00:00:00,1,0,2024-07-17 06:07:28,0,2024-07-17 06:07:28,,,
2019-10-08,1/3焦煤,大连港,鹤岗市,,0.25,7.50,18.00,70.00,1520.00,0.00,平仓价,2385,2019-10-08 00:00:00,1,0,2024-07-17 06:07:28,0,2024-07-17 06:07:28,,,
2019-10-08,1/3焦煤,大连港,俄罗斯,,0.75,8.50,33.00,80.00,1255.00,0.00,平仓价,2386,2019-10-08 00:00:00,1,0,2024-07-17 06:07:28,0,2024-07-17 06:07:28,,,
2019-09-30,1/3焦煤,大连港,鹤岗市,,0.25,7.50,18.00,70.00,1520.00,0.00,平仓价,2387,2019-09-30 00:00:00,1,0,2024-07-17 06:07:28,0,2024-07-17 06:07:28,,,
2019-09-30,1/3焦煤,大连港,俄罗斯,,0.75,8.50,33.00,80.00,1255.00,0.00,平仓价,2388,2019-09-30 00:00:00,1,0,2024-07-17 06:07:28,0,2024-07-17 06:07:28,,,
2019-09-29,1/3焦煤,大连港,鹤岗市,,0.25,7.50,18.00,70.00,1520.00,0.00,平仓价,2389,2019-09-29 00:00:00,1,0,2024-07-17 06:07:28,0,2024-07-17 06:07:28,,,
2019-09-29,1/3焦煤,大连港,俄罗斯,,0.75,8.50,33.00,80.00,1255.00,0.00,平仓价,2390,2019-09-29 00:00:00,1,0,2024-07-17 06:07:28,0,2024-07-17 06:07:28,,,
2019-09-27,1/3焦煤,大连港,鹤岗市,,0.25,7.50,18.00,70.00,1520.00,0.00,平仓价,2391,2019-09-27 00:00:00,1,0,2024-07-17 06:07:28,0,2024-07-17 06:07:28,,,
2019-09-27,1/3焦煤,大连港,俄罗斯,,0.75,8.50,33.00,80.00,1255.00,-19.00,平仓价,2392,2019-09-27 00:00:00,1,0,2024-07-17 06:07:28,0,2024-07-17 06:07:28,,,
2019-09-26,1/3焦煤,大连港,鹤岗市,,0.25,7.50,18.00,70.00,1520.00,0.00,平仓价,2393,2019-09-26 00:00:00,1,0,2024-07-17 06:07:28,0,2024-07-17 06:07:28,,,
2019-09-26,1/3焦煤,大连港,俄罗斯,,0.75,8.50,33.00,80.00,1274.00,0.00,平仓价,2394,2019-09-26 00:00:00,1,0,2024-07-17 06:07:28,0,2024-07-17 06:07:28,,,
2019-09-25,1/3焦煤,大连港,鹤岗市,,0.25,7.50,18.00,70.00,1520.00,0.00,平仓价,2395,2019-09-25 00:00:00,1,0,2024-07-17 06:07:28,0,2024-07-17 06:07:28,,,
2019-09-25,1/3焦煤,大连港,俄罗斯,,0.75,8.50,33.00,80.00,1274.00,0.00,平仓价,2396,2019-09-25 00:00:00,1,0,2024-07-17 06:07:28,0,2024-07-17 06:07:28,,,
2019-09-24,1/3焦煤,大连港,鹤岗市,,0.25,7.50,18.00,70.00,1520.00,0.00,平仓价,2397,2019-09-24 00:00:00,1,0,2024-07-17 06:07:28,0,2024-07-17 06:07:28,,,
2019-09-24,1/3焦煤,大连港,俄罗斯,,0.75,8.50,33.00,80.00,1274.00,0.00,平仓价,2398,2019-09-24 00:00:00,1,0,2024-07-17 06:07:28,0,2024-07-17 06:07:28,,,
2019-09-23,1/3焦煤,大连港,鹤岗市,,0.25,7.50,18.00,70.00,1520.00,0.00,平仓价,2399,2019-09-23 00:00:00,1,0,2024-07-17 06:07:28,0,2024-07-17 06:07:28,,,
2019-09-23,1/3焦煤,大连港,俄罗斯,,0.75,8.50,33.00,80.00,1274.00,-18.00,平仓价,2400,2019-09-23 00:00:00,1,0,2024-07-17 06:07:28,0,2024-07-17 06:07:28,,,
2019-09-20,1/3焦煤,大连港,鹤岗市,,0.25,7.50,18.00,70.00,1520.00,0.00,平仓价,2401,2019-09-20 00:00:00,1,0,2024-07-17 06:07:31,0,2024-07-17 06:07:31,,,
2019-09-20,1/3焦煤,大连港,俄罗斯,,0.75,8.50,33.00,80.00,1292.00,0.00,平仓价,2402,2019-09-20 00:00:00,1,0,2024-07-17 06:07:31,0,2024-07-17 06:07:31,,,
2019-09-19,1/3焦煤,大连港,鹤岗市,,0.25,7.50,18.00,70.00,1520.00,0.00,平仓价,2403,2019-09-19 00:00:00,1,0,2024-07-17 06:07:31,0,2024-07-17 06:07:31,,,
2019-09-19,1/3焦煤,大连港,俄罗斯,,0.75,8.50,33.00,80.00,1292.00,0.00,平仓价,2404,2019-09-19 00:00:00,1,0,2024-07-17 06:07:31,0,2024-07-17 06:07:31,,,
2019-09-18,1/3焦煤,大连港,鹤岗市,,0.25,7.50,18.00,70.00,1520.00,0.00,平仓价,2405,2019-09-18 00:00:00,1,0,2024-07-17 06:07:31,0,2024-07-17 06:07:31,,,
2019-09-18,1/3焦煤,大连港,俄罗斯,,0.75,8.50,33.00,80.00,1292.00,0.00,平仓价,2406,2019-09-18 00:00:00,1,0,2024-07-17 06:07:31,0,2024-07-17 06:07:31,,,
2019-09-17,1/3焦煤,大连港,鹤岗市,,0.25,7.50,18.00,70.00,1520.00,0.00,平仓价,2407,2019-09-17 00:00:00,1,0,2024-07-17 06:07:31,0,2024-07-17 06:07:31,,,
2019-09-17,1/3焦煤,大连港,俄罗斯,,0.75,8.50,33.00,80.00,1292.00,0.00,平仓价,2408,2019-09-17 00:00:00,1,0,2024-07-17 06:07:31,0,2024-07-17 06:07:31,,,
2019-09-16,1/3焦煤,大连港,鹤岗市,,0.25,7.50,18.00,70.00,1520.00,0.00,平仓价,2409,2019-09-16 00:00:00,1,0,2024-07-17 06:07:31,0,2024-07-17 06:07:31,,,
2019-09-16,1/3焦煤,大连港,俄罗斯,,0.75,8.50,33.00,80.00,1292.00,0.00,平仓价,2410,2019-09-16 00:00:00,1,0,2024-07-17 06:07:31,0,2024-07-17 06:07:31,,,
2019-09-12,1/3焦煤,大连港,鹤岗市,,0.25,7.50,18.00,70.00,1520.00,0.00,平仓价,2411,2019-09-12 00:00:00,1,0,2024-07-17 06:07:31,0,2024-07-17 06:07:31,,,
2019-09-12,1/3焦煤,大连港,俄罗斯,,0.75,8.50,33.00,80.00,1292.00,0.00,平仓价,2412,2019-09-12 00:00:00,1,0,2024-07-17 06:07:31,0,2024-07-17 06:07:31,,,
2019-09-11,1/3焦煤,大连港,鹤岗市,,0.25,7.50,18.00,70.00,1520.00,0.00,平仓价,2413,2019-09-11 00:00:00,1,0,2024-07-17 06:07:31,0,2024-07-17 06:07:31,,,
2019-09-11,1/3焦煤,大连港,俄罗斯,,0.75,8.50,33.00,80.00,1292.00,0.00,平仓价,2414,2019-09-11 00:00:00,1,0,2024-07-17 06:07:31,0,2024-07-17 06:07:31,,,
2019-09-10,1/3焦煤,大连港,鹤岗市,,0.25,7.50,18.00,70.00,1520.00,0.00,平仓价,2415,2019-09-10 00:00:00,1,0,2024-07-17 06:07:31,0,2024-07-17 06:07:31,,,
2019-09-10,1/3焦煤,大连港,俄罗斯,,0.75,8.50,33.00,80.00,1292.00,0.00,平仓价,2416,2019-09-10 00:00:00,1,0,2024-07-17 06:07:31,0,2024-07-17 06:07:31,,,
2019-09-09,1/3焦煤,大连港,鹤岗市,,0.25,7.50,18.00,70.00,1520.00,0.00,平仓价,2417,2019-09-09 00:00:00,1,0,2024-07-17 06:07:31,0,2024-07-17 06:07:31,,,
2019-09-09,1/3焦煤,大连港,俄罗斯,,0.75,8.50,33.00,80.00,1292.00,0.00,平仓价,2418,2019-09-09 00:00:00,1,0,2024-07-17 06:07:31,0,2024-07-17 06:07:31,,,
2019-09-06,1/3焦煤,大连港,鹤岗市,,0.25,7.50,18.00,70.00,1520.00,0.00,平仓价,2419,2019-09-06 00:00:00,1,0,2024-07-17 06:07:31,0,2024-07-17 06:07:31,,,
2019-09-06,1/3焦煤,大连港,俄罗斯,,0.75,8.50,33.00,80.00,1292.00,0.00,平仓价,2420,2019-09-06 00:00:00,1,0,2024-07-17 06:07:31,0,2024-07-17 06:07:31,,,
2019-09-05,1/3焦煤,大连港,鹤岗市,,0.25,7.50,18.00,70.00,1520.00,0.00,平仓价,2421,2019-09-05 00:00:00,1,0,2024-07-17 06:07:31,0,2024-07-17 06:07:31,,,
2019-09-05,1/3焦煤,大连港,俄罗斯,,0.75,8.50,33.00,80.00,1292.00,0.00,平仓价,2422,2019-09-05 00:00:00,1,0,2024-07-17 06:07:31,0,2024-07-17 06:07:31,,,
2019-09-04,1/3焦煤,大连港,鹤岗市,,0.25,7.50,18.00,70.00,1520.00,0.00,平仓价,2423,2019-09-04 00:00:00,1,0,2024-07-17 06:07:31,0,2024-07-17 06:07:31,,,
2019-09-04,1/3焦煤,大连港,俄罗斯,,0.75,8.50,33.00,80.00,1292.00,0.00,平仓价,2424,2019-09-04 00:00:00,1,0,2024-07-17 06:07:31,0,2024-07-17 06:07:31,,,
2019-09-03,1/3焦煤,大连港,鹤岗市,,0.25,7.50,18.00,70.00,1520.00,0.00,平仓价,2425,2019-09-03 00:00:00,1,0,2024-07-17 06:07:31,0,2024-07-17 06:07:31,,,
2019-09-03,1/3焦煤,大连港,俄罗斯,,0.75,8.50,33.00,80.00,1292.00,-18.00,平仓价,2426,2019-09-03 00:00:00,1,0,2024-07-17 06:07:31,0,2024-07-17 06:07:31,,,
2019-09-02,1/3焦煤,大连港,鹤岗市,,0.25,7.50,18.00,70.00,1520.00,0.00,平仓价,2427,2019-09-02 00:00:00,1,0,2024-07-17 06:07:31,0,2024-07-17 06:07:31,,,
2019-09-02,1/3焦煤,大连港,俄罗斯,,0.75,8.50,33.00,80.00,1310.00,0.00,平仓价,2428,2019-09-02 00:00:00,1,0,2024-07-17 06:07:31,0,2024-07-17 06:07:31,,,
2019-08-30,1/3焦煤,大连港,鹤岗市,,0.25,7.50,18.00,70.00,1520.00,0.00,平仓价,2429,2019-08-30 00:00:00,1,0,2024-07-17 06:07:31,0,2024-07-17 06:07:31,,,
2019-08-30,1/3焦煤,大连港,俄罗斯,,0.75,8.50,33.00,80.00,1310.00,0.00,平仓价,2430,2019-08-30 00:00:00,1,0,2024-07-17 06:07:31,0,2024-07-17 06:07:31,,,
2019-08-29,1/3焦煤,大连港,鹤岗市,,0.25,7.50,18.00,70.00,1520.00,0.00,平仓价,2431,2019-08-29 00:00:00,1,0,2024-07-17 06:07:35,0,2024-07-17 06:07:35,,,
2019-08-29,1/3焦煤,大连港,俄罗斯,,0.75,8.50,33.00,80.00,1310.00,0.00,平仓价,2432,2019-08-29 00:00:00,1,0,2024-07-17 06:07:35,0,2024-07-17 06:07:35,,,
2019-08-28,1/3焦煤,大连港,鹤岗市,,0.25,7.50,18.00,70.00,1520.00,0.00,平仓价,2433,2019-08-28 00:00:00,1,0,2024-07-17 06:07:35,0,2024-07-17 06:07:35,,,
2019-08-28,1/3焦煤,大连港,俄罗斯,,0.75,8.50,33.00,80.00,1310.00,0.00,平仓价,2434,2019-08-28 00:00:00,1,0,2024-07-17 06:07:35,0,2024-07-17 06:07:35,,,
2019-08-27,1/3焦煤,大连港,鹤岗市,,0.25,7.50,18.00,70.00,1520.00,0.00,平仓价,2435,2019-08-27 00:00:00,1,0,2024-07-17 06:07:35,0,2024-07-17 06:07:35,,,
2019-08-27,1/3焦煤,大连港,俄罗斯,,0.75,8.50,33.00,80.00,1310.00,-45.00,平仓价,2436,2019-08-27 00:00:00,1,0,2024-07-17 06:07:35,0,2024-07-17 06:07:35,,,
2019-08-26,1/3焦煤,大连港,鹤岗市,,0.25,7.50,18.00,70.00,1520.00,0.00,平仓价,2437,2019-08-26 00:00:00,1,0,2024-07-17 06:07:35,0,2024-07-17 06:07:35,,,
2019-08-26,1/3焦煤,大连港,俄罗斯,,0.75,8.50,33.00,80.00,1355.00,0.00,平仓价,2438,2019-08-26 00:00:00,1,0,2024-07-17 06:07:35,0,2024-07-17 06:07:35,,,
2019-08-23,1/3焦煤,大连港,鹤岗市,,0.25,7.50,18.00,70.00,1520.00,0.00,平仓价,2439,2019-08-23 00:00:00,1,0,2024-07-17 06:07:35,0,2024-07-17 06:07:35,,,
2019-08-23,1/3焦煤,大连港,俄罗斯,,0.75,8.50,33.00,80.00,1355.00,0.00,平仓价,2440,2019-08-23 00:00:00,1,0,2024-07-17 06:07:35,0,2024-07-17 06:07:35,,,
2019-08-22,1/3焦煤,大连港,鹤岗市,,0.25,7.50,18.00,70.00,1520.00,0.00,平仓价,2441,2019-08-22 00:00:00,1,0,2024-07-17 06:07:35,0,2024-07-17 06:07:35,,,
2019-08-22,1/3焦煤,大连港,俄罗斯,,0.75,8.50,33.00,80.00,1355.00,0.00,平仓价,2442,2019-08-22 00:00:00,1,0,2024-07-17 06:07:35,0,2024-07-17 06:07:35,,,
2019-08-21,1/3焦煤,大连港,鹤岗市,,0.25,7.50,18.00,70.00,1520.00,0.00,平仓价,2443,2019-08-21 00:00:00,1,0,2024-07-17 06:07:35,0,2024-07-17 06:07:35,,,
2019-08-21,1/3焦煤,大连港,俄罗斯,,0.75,8.50,33.00,80.00,1355.00,0.00,平仓价,2444,2019-08-21 00:00:00,1,0,2024-07-17 06:07:35,0,2024-07-17 06:07:35,,,
2019-08-20,1/3焦煤,大连港,鹤岗市,,0.25,7.50,18.00,70.00,1520.00,0.00,平仓价,2445,2019-08-20 00:00:00,1,0,2024-07-17 06:07:35,0,2024-07-17 06:07:35,,,
2019-08-20,1/3焦煤,大连港,俄罗斯,,0.75,8.50,33.00,80.00,1355.00,0.00,平仓价,2446,2019-08-20 00:00:00,1,0,2024-07-17 06:07:35,0,2024-07-17 06:07:35,,,
2019-08-19,1/3焦煤,大连港,鹤岗市,,0.25,7.50,18.00,70.00,1520.00,0.00,平仓价,2447,2019-08-19 00:00:00,1,0,2024-07-17 06:07:35,0,2024-07-17 06:07:35,,,
2019-08-19,1/3焦煤,大连港,俄罗斯,,0.75,8.50,33.00,80.00,1355.00,-10.00,平仓价,2448,2019-08-19 00:00:00,1,0,2024-07-17 06:07:35,0,2024-07-17 06:07:35,,,
2019-08-16,1/3焦煤,大连港,鹤岗市,,0.25,7.50,18.00,70.00,1520.00,0.00,平仓价,2449,2019-08-16 00:00:00,1,0,2024-07-17 06:07:35,0,2024-07-17 06:07:35,,,
2019-08-16,1/3焦煤,大连港,俄罗斯,,0.75,8.50,33.00,80.00,1365.00,0.00,平仓价,2450,2019-08-16 00:00:00,1,0,2024-07-17 06:07:35,0,2024-07-17 06:07:35,,,
2019-08-15,1/3焦煤,大连港,鹤岗市,,0.25,7.50,18.00,70.00,1520.00,0.00,平仓价,2451,2019-08-15 00:00:00,1,0,2024-07-17 06:07:35,0,2024-07-17 06:07:35,,,
2019-08-15,1/3焦煤,大连港,俄罗斯,,0.75,8.50,33.00,80.00,1365.00,0.00,平仓价,2452,2019-08-15 00:00:00,1,0,2024-07-17 06:07:35,0,2024-07-17 06:07:35,,,
2019-08-14,1/3焦煤,大连港,鹤岗市,,0.25,7.50,18.00,70.00,1520.00,0.00,平仓价,2453,2019-08-14 00:00:00,1,0,2024-07-17 06:07:35,0,2024-07-17 06:07:35,,,
2019-08-14,1/3焦煤,大连港,俄罗斯,,0.75,8.50,33.00,80.00,1365.00,0.00,平仓价,2454,2019-08-14 00:00:00,1,0,2024-07-17 06:07:35,0,2024-07-17 06:07:35,,,
2019-08-13,1/3焦煤,大连港,鹤岗市,,0.25,7.50,18.00,70.00,1520.00,0.00,平仓价,2455,2019-08-13 00:00:00,1,0,2024-07-17 06:07:35,0,2024-07-17 06:07:35,,,
2019-08-13,1/3焦煤,大连港,俄罗斯,,0.75,8.50,33.00,80.00,1365.00,0.00,平仓价,2456,2019-08-13 00:00:00,1,0,2024-07-17 06:07:35,0,2024-07-17 06:07:35,,,
2019-08-12,1/3焦煤,大连港,鹤岗市,,0.25,7.50,18.00,70.00,1520.00,0.00,平仓价,2457,2019-08-12 00:00:00,1,0,2024-07-17 06:07:35,0,2024-07-17 06:07:35,,,
2019-08-12,1/3焦煤,大连港,俄罗斯,,0.75,8.50,33.00,80.00,1365.00,0.00,平仓价,2458,2019-08-12 00:00:00,1,0,2024-07-17 06:07:35,0,2024-07-17 06:07:35,,,
2019-08-09,1/3焦煤,大连港,鹤岗市,,0.25,7.50,18.00,70.00,1520.00,0.00,平仓价,2459,2019-08-09 00:00:00,1,0,2024-07-17 06:07:35,0,2024-07-17 06:07:35,,,
2019-08-09,1/3焦煤,大连港,俄罗斯,,0.75,8.50,33.00,80.00,1365.00,0.00,平仓价,2460,2019-08-09 00:00:00,1,0,2024-07-17 06:07:35,0,2024-07-17 06:07:35,,,
2019-08-08,1/3焦煤,大连港,鹤岗市,,0.25,7.50,18.00,70.00,1520.00,0.00,平仓价,2461,2019-08-08 00:00:00,1,0,2024-07-17 06:07:38,0,2024-07-17 06:07:38,,,
2019-08-08,1/3焦煤,大连港,俄罗斯,,0.75,8.50,33.00,80.00,1365.00,0.00,平仓价,2462,2019-08-08 00:00:00,1,0,2024-07-17 06:07:38,0,2024-07-17 06:07:38,,,
2019-08-07,1/3焦煤,大连港,鹤岗市,,0.25,7.50,18.00,70.00,1520.00,0.00,平仓价,2463,2019-08-07 00:00:00,1,0,2024-07-17 06:07:38,0,2024-07-17 06:07:38,,,
2019-08-07,1/3焦煤,大连港,俄罗斯,,0.75,8.50,33.00,80.00,1365.00,0.00,平仓价,2464,2019-08-07 00:00:00,1,0,2024-07-17 06:07:38,0,2024-07-17 06:07:38,,,
2019-08-06,1/3焦煤,大连港,鹤岗市,,0.25,7.50,18.00,70.00,1520.00,0.00,平仓价,2465,2019-08-06 00:00:00,1,0,2024-07-17 06:07:38,0,2024-07-17 06:07:38,,,
2019-08-06,1/3焦煤,大连港,俄罗斯,,0.75,8.50,33.00,80.00,1365.00,0.00,平仓价,2466,2019-08-06 00:00:00,1,0,2024-07-17 06:07:38,0,2024-07-17 06:07:38,,,
2019-08-05,1/3焦煤,大连港,鹤岗市,,0.25,7.50,18.00,70.00,1520.00,0.00,平仓价,2467,2019-08-05 00:00:00,1,0,2024-07-17 06:07:38,0,2024-07-17 06:07:38,,,
2019-08-05,1/3焦煤,大连港,俄罗斯,,0.75,8.50,33.00,80.00,1365.00,0.00,平仓价,2468,2019-08-05 00:00:00,1,0,2024-07-17 06:07:38,0,2024-07-17 06:07:38,,,
2019-08-02,1/3焦煤,大连港,鹤岗市,,0.25,7.50,18.00,70.00,1520.00,0.00,平仓价,2469,2019-08-02 00:00:00,1,0,2024-07-17 06:07:38,0,2024-07-17 06:07:38,,,
2019-08-02,1/3焦煤,大连港,俄罗斯,,0.75,8.50,33.00,80.00,1365.00,0.00,平仓价,2470,2019-08-02 00:00:00,1,0,2024-07-17 06:07:38,0,2024-07-17 06:07:38,,,
2019-08-01,1/3焦煤,大连港,鹤岗市,,0.25,7.50,18.00,70.00,1520.00,0.00,平仓价,2471,2019-08-01 00:00:00,1,0,2024-07-17 06:07:38,0,2024-07-17 06:07:38,,,
2019-08-01,1/3焦煤,大连港,俄罗斯,,0.75,8.50,33.00,80.00,1365.00,0.00,平仓价,2472,2019-08-01 00:00:00,1,0,2024-07-17 06:07:38,0,2024-07-17 06:07:38,,,
2019-07-31,1/3焦煤,大连港,鹤岗市,,0.25,7.50,18.00,70.00,1520.00,0.00,平仓价,2473,2019-07-31 00:00:00,1,0,2024-07-17 06:07:38,0,2024-07-17 06:07:38,,,
2019-07-31,1/3焦煤,大连港,俄罗斯,,0.75,8.50,33.00,80.00,1365.00,0.00,平仓价,2474,2019-07-31 00:00:00,1,0,2024-07-17 06:07:38,0,2024-07-17 06:07:38,,,
2019-07-30,1/3焦煤,大连港,鹤岗市,,0.25,7.50,18.00,70.00,1520.00,0.00,平仓价,2475,2019-07-30 00:00:00,1,0,2024-07-17 06:07:38,0,2024-07-17 06:07:38,,,
2019-07-30,1/3焦煤,大连港,俄罗斯,,0.75,8.50,33.00,80.00,1365.00,0.00,平仓价,2476,2019-07-30 00:00:00,1,0,2024-07-17 06:07:38,0,2024-07-17 06:07:38,,,
2019-07-29,1/3焦煤,大连港,鹤岗市,,0.25,7.50,18.00,70.00,1520.00,0.00,平仓价,2477,2019-07-29 00:00:00,1,0,2024-07-17 06:07:38,0,2024-07-17 06:07:38,,,
2019-07-29,1/3焦煤,大连港,俄罗斯,,0.75,8.50,33.00,80.00,1365.00,0.00,平仓价,2478,2019-07-29 00:00:00,1,0,2024-07-17 06:07:38,0,2024-07-17 06:07:38,,,
2019-07-26,1/3焦煤,大连港,鹤岗市,,0.25,7.50,18.00,70.00,1520.00,0.00,平仓价,2479,2019-07-26 00:00:00,1,0,2024-07-17 06:07:38,0,2024-07-17 06:07:38,,,
2019-07-26,1/3焦煤,大连港,俄罗斯,,0.75,8.50,33.00,80.00,1365.00,28.00,平仓价,2480,2019-07-26 00:00:00,1,0,2024-07-17 06:07:38,0,2024-07-17 06:07:38,,,
2019-07-25,1/3焦煤,大连港,鹤岗市,,0.25,7.50,18.00,70.00,1520.00,0.00,平仓价,2481,2019-07-25 00:00:00,1,0,2024-07-17 06:07:38,0,2024-07-17 06:07:38,,,
2019-07-25,1/3焦煤,大连港,俄罗斯,,0.75,8.50,33.00,80.00,1337.00,0.00,平仓价,2482,2019-07-25 00:00:00,1,0,2024-07-17 06:07:38,0,2024-07-17 06:07:38,,,
2019-07-24,1/3焦煤,大连港,鹤岗市,,0.25,7.50,18.00,70.00,1520.00,0.00,平仓价,2483,2019-07-24 00:00:00,1,0,2024-07-17 06:07:38,0,2024-07-17 06:07:38,,,
2019-07-24,1/3焦煤,大连港,俄罗斯,,0.75,8.50,33.00,80.00,1337.00,0.00,平仓价,2484,2019-07-24 00:00:00,1,0,2024-07-17 06:07:38,0,2024-07-17 06:07:38,,,
2019-07-23,1/3焦煤,大连港,鹤岗市,,0.25,7.50,18.00,70.00,1520.00,0.00,平仓价,2485,2019-07-23 00:00:00,1,0,2024-07-17 06:07:38,0,2024-07-17 06:07:38,,,
2019-07-23,1/3焦煤,大连港,俄罗斯,,0.75,8.50,33.00,80.00,1337.00,0.00,平仓价,2486,2019-07-23 00:00:00,1,0,2024-07-17 06:07:38,0,2024-07-17 06:07:38,,,
2019-07-22,1/3焦煤,大连港,鹤岗市,,0.25,7.50,18.00,70.00,1520.00,0.00,平仓价,2487,2019-07-22 00:00:00,1,0,2024-07-17 06:07:38,0,2024-07-17 06:07:38,,,
2019-07-22,1/3焦煤,大连港,俄罗斯,,0.75,8.50,33.00,80.00,1337.00,0.00,平仓价,2488,2019-07-22 00:00:00,1,0,2024-07-17 06:07:38,0,2024-07-17 06:07:38,,,
2019-07-19,1/3焦煤,大连港,鹤岗市,,0.25,7.50,18.00,70.00,1520.00,0.00,平仓价,2489,2019-07-19 00:00:00,1,0,2024-07-17 06:07:38,0,2024-07-17 06:07:38,,,
2019-07-19,1/3焦煤,大连港,俄罗斯,,0.75,8.50,33.00,80.00,1337.00,0.00,平仓价,2490,2019-07-19 00:00:00,1,0,2024-07-17 06:07:38,0,2024-07-17 06:07:38,,,
2019-07-18,1/3焦煤,大连港,鹤岗市,,0.25,7.50,18.00,70.00,1520.00,0.00,平仓价,2491,2019-07-18 00:00:00,1,0,2024-07-17 06:07:41,0,2024-07-17 06:07:41,,,
2019-07-18,1/3焦煤,大连港,俄罗斯,,0.75,8.50,33.00,80.00,1337.00,0.00,平仓价,2492,2019-07-18 00:00:00,1,0,2024-07-17 06:07:41,0,2024-07-17 06:07:41,,,
2019-07-17,1/3焦煤,大连港,鹤岗市,,0.25,7.50,18.00,70.00,1520.00,0.00,平仓价,2493,2019-07-17 00:00:00,1,0,2024-07-17 06:07:41,0,2024-07-17 06:07:41,,,
2019-07-17,1/3焦煤,大连港,俄罗斯,,0.75,8.50,33.00,80.00,1337.00,0.00,平仓价,2494,2019-07-17 00:00:00,1,0,2024-07-17 06:07:41,0,2024-07-17 06:07:41,,,
2019-07-16,1/3焦煤,大连港,鹤岗市,,0.25,7.50,18.00,70.00,1520.00,0.00,平仓价,2495,2019-07-16 00:00:00,1,0,2024-07-17 06:07:41,0,2024-07-17 06:07:41,,,
2019-07-16,1/3焦煤,大连港,俄罗斯,,0.75,8.50,33.00,80.00,1337.00,0.00,平仓价,2496,2019-07-16 00:00:00,1,0,2024-07-17 06:07:41,0,2024-07-17 06:07:41,,,
2019-07-15,1/3焦煤,大连港,鹤岗市,,0.25,7.50,18.00,70.00,1520.00,0.00,平仓价,2497,2019-07-15 00:00:00,1,0,2024-07-17 06:07:41,0,2024-07-17 06:07:41,,,
2019-07-15,1/3焦煤,大连港,俄罗斯,,0.75,8.50,33.00,80.00,1337.00,0.00,平仓价,2498,2019-07-15 00:00:00,1,0,2024-07-17 06:07:41,0,2024-07-17 06:07:41,,,
2019-07-12,1/3焦煤,大连港,鹤岗市,,0.25,7.50,18.00,70.00,1520.00,0.00,平仓价,2499,2019-07-12 00:00:00,1,0,2024-07-17 06:07:41,0,2024-07-17 06:07:41,,,
2019-07-12,1/3焦煤,大连港,俄罗斯,,0.75,8.50,33.00,80.00,1337.00,0.00,平仓价,2500,2019-07-12 00:00:00,1,0,2024-07-17 06:07:41,0,2024-07-17 06:07:41,,,
2019-07-11,1/3焦煤,大连港,鹤岗市,,0.25,7.50,18.00,70.00,1520.00,0.00,平仓价,2501,2019-07-11 00:00:00,1,0,2024-07-17 06:07:41,0,2024-07-17 06:07:41,,,
2019-07-11,1/3焦煤,大连港,俄罗斯,,0.75,8.50,33.00,80.00,1337.00,0.00,平仓价,2502,2019-07-11 00:00:00,1,0,2024-07-17 06:07:41,0,2024-07-17 06:07:41,,,
2019-07-10,1/3焦煤,大连港,鹤岗市,,0.25,7.50,18.00,70.00,1520.00,0.00,平仓价,2503,2019-07-10 00:00:00,1,0,2024-07-17 06:07:41,0,2024-07-17 06:07:41,,,
2019-07-10,1/3焦煤,大连港,俄罗斯,,0.75,8.50,33.00,80.00,1337.00,0.00,平仓价,2504,2019-07-10 00:00:00,1,0,2024-07-17 06:07:41,0,2024-07-17 06:07:41,,,
2019-07-09,1/3焦煤,大连港,鹤岗市,,0.25,7.50,18.00,70.00,1520.00,-5.00,平仓价,2505,2019-07-09 00:00:00,1,0,2024-07-17 06:07:41,0,2024-07-17 06:07:41,,,
2019-07-09,1/3焦煤,大连港,俄罗斯,,0.75,8.50,33.00,80.00,1337.00,-28.00,平仓价,2506,2019-07-09 00:00:00,1,0,2024-07-17 06:07:41,0,2024-07-17 06:07:41,,,
2019-07-08,1/3焦煤,大连港,鹤岗市,,0.25,7.50,18.00,70.00,1525.00,0.00,平仓价,2507,2019-07-08 00:00:00,1,0,2024-07-17 06:07:41,0,2024-07-17 06:07:41,,,
2019-07-08,1/3焦煤,大连港,俄罗斯,,0.75,8.50,33.00,80.00,1365.00,0.00,平仓价,2508,2019-07-08 00:00:00,1,0,2024-07-17 06:07:41,0,2024-07-17 06:07:41,,,
2019-07-05,1/3焦煤,大连港,鹤岗市,,0.25,7.50,18.00,70.00,1525.00,0.00,平仓价,2509,2019-07-05 00:00:00,1,0,2024-07-17 06:07:41,0,2024-07-17 06:07:41,,,
2019-07-05,1/3焦煤,大连港,俄罗斯,,0.75,8.50,33.00,80.00,1365.00,0.00,平仓价,2510,2019-07-05 00:00:00,1,0,2024-07-17 06:07:41,0,2024-07-17 06:07:41,,,
2019-07-04,1/3焦煤,大连港,鹤岗市,,0.25,7.50,18.00,70.00,1525.00,0.00,平仓价,2511,2019-07-04 00:00:00,1,0,2024-07-17 06:07:41,0,2024-07-17 06:07:41,,,
2019-07-04,1/3焦煤,大连港,俄罗斯,,0.75,8.50,33.00,80.00,1365.00,0.00,平仓价,2512,2019-07-04 00:00:00,1,0,2024-07-17 06:07:41,0,2024-07-17 06:07:41,,,
2019-07-03,1/3焦煤,大连港,鹤岗市,,0.25,7.50,18.00,70.00,1525.00,0.00,平仓价,2513,2019-07-03 00:00:00,1,0,2024-07-17 06:07:41,0,2024-07-17 06:07:41,,,
2019-07-03,1/3焦煤,大连港,俄罗斯,,0.75,8.50,33.00,80.00,1365.00,0.00,平仓价,2514,2019-07-03 00:00:00,1,0,2024-07-17 06:07:41,0,2024-07-17 06:07:41,,,
2019-07-02,1/3焦煤,大连港,鹤岗市,,0.25,7.50,18.00,70.00,1525.00,0.00,平仓价,2515,2019-07-02 00:00:00,1,0,2024-07-17 06:07:41,0,2024-07-17 06:07:41,,,
2019-07-02,1/3焦煤,大连港,俄罗斯,,0.75,8.50,33.00,80.00,1365.00,-30.00,平仓价,2516,2019-07-02 00:00:00,1,0,2024-07-17 06:07:41,0,2024-07-17 06:07:41,,,
2019-07-01,1/3焦煤,大连港,鹤岗市,,0.25,7.50,18.00,70.00,1525.00,0.00,平仓价,2517,2019-07-01 00:00:00,1,0,2024-07-17 06:07:41,0,2024-07-17 06:07:41,,,
2019-07-01,1/3焦煤,大连港,俄罗斯,,0.75,8.50,33.00,80.00,1395.00,0.00,平仓价,2518,2019-07-01 00:00:00,1,0,2024-07-17 06:07:41,0,2024-07-17 06:07:41,,,
2019-06-28,1/3焦煤,大连港,鹤岗市,,0.25,7.50,18.00,70.00,1525.00,0.00,平仓价,2519,2019-06-28 00:00:00,1,0,2024-07-17 06:07:41,0,2024-07-17 06:07:41,,,
2019-06-28,1/3焦煤,大连港,俄罗斯,,0.75,8.50,33.00,80.00,1395.00,0.00,平仓价,2520,2019-06-28 00:00:00,1,0,2024-07-17 06:07:41,0,2024-07-17 06:07:41,,,
2019-06-27,1/3焦煤,大连港,鹤岗市,,0.25,7.50,18.00,70.00,1525.00,0.00,平仓价,2521,2019-06-27 00:00:00,1,0,2024-07-17 06:07:45,0,2024-07-17 06:07:45,,,
2019-06-27,1/3焦煤,大连港,俄罗斯,,0.75,8.50,33.00,80.00,1395.00,0.00,平仓价,2522,2019-06-27 00:00:00,1,0,2024-07-17 06:07:45,0,2024-07-17 06:07:45,,,
2019-06-26,1/3焦煤,大连港,鹤岗市,,0.25,7.50,18.00,70.00,1525.00,0.00,平仓价,2523,2019-06-26 00:00:00,1,0,2024-07-17 06:07:45,0,2024-07-17 06:07:45,,,
2019-06-26,1/3焦煤,大连港,俄罗斯,,0.75,8.50,33.00,80.00,1395.00,0.00,平仓价,2524,2019-06-26 00:00:00,1,0,2024-07-17 06:07:45,0,2024-07-17 06:07:45,,,
2019-06-25,1/3焦煤,大连港,鹤岗市,,0.25,7.50,18.00,70.00,1525.00,0.00,平仓价,2525,2019-06-25 00:00:00,1,0,2024-07-17 06:07:45,0,2024-07-17 06:07:45,,,
2019-06-25,1/3焦煤,大连港,俄罗斯,,0.75,8.50,33.00,80.00,1395.00,0.00,平仓价,2526,2019-06-25 00:00:00,1,0,2024-07-17 06:07:45,0,2024-07-17 06:07:45,,,
2019-06-24,1/3焦煤,大连港,鹤岗市,,0.25,7.50,18.00,70.00,1525.00,0.00,平仓价,2527,2019-06-24 00:00:00,1,0,2024-07-17 06:07:45,0,2024-07-17 06:07:45,,,
2019-06-24,1/3焦煤,大连港,俄罗斯,,0.75,8.50,33.00,80.00,1395.00,0.00,平仓价,2528,2019-06-24 00:00:00,1,0,2024-07-17 06:07:45,0,2024-07-17 06:07:45,,,
2019-06-21,1/3焦煤,大连港,鹤岗市,,0.25,7.50,18.00,70.00,1525.00,0.00,平仓价,2529,2019-06-21 00:00:00,1,0,2024-07-17 06:07:45,0,2024-07-17 06:07:45,,,
2019-06-21,1/3焦煤,大连港,俄罗斯,,0.75,8.50,33.00,80.00,1395.00,0.00,平仓价,2530,2019-06-21 00:00:00,1,0,2024-07-17 06:07:45,0,2024-07-17 06:07:45,,,
2019-06-20,1/3焦煤,大连港,鹤岗市,,0.25,7.50,18.00,70.00,1525.00,0.00,平仓价,2531,2019-06-20 00:00:00,1,0,2024-07-17 06:07:45,0,2024-07-17 06:07:45,,,
2019-06-20,1/3焦煤,大连港,俄罗斯,,0.75,8.50,33.00,80.00,1395.00,10.00,平仓价,2532,2019-06-20 00:00:00,1,0,2024-07-17 06:07:45,0,2024-07-17 06:07:45,,,
2019-06-19,1/3焦煤,大连港,鹤岗市,,0.25,7.50,18.00,70.00,1525.00,0.00,平仓价,2533,2019-06-19 00:00:00,1,0,2024-07-17 06:07:45,0,2024-07-17 06:07:45,,,
2019-06-19,1/3焦煤,大连港,俄罗斯,,0.75,8.50,33.00,80.00,1385.00,0.00,平仓价,2534,2019-06-19 00:00:00,1,0,2024-07-17 06:07:45,0,2024-07-17 06:07:45,,,
2019-06-18,1/3焦煤,大连港,鹤岗市,,0.25,7.50,18.00,70.00,1525.00,0.00,平仓价,2535,2019-06-18 00:00:00,1,0,2024-07-17 06:07:45,0,2024-07-17 06:07:45,,,
2019-06-18,1/3焦煤,大连港,俄罗斯,,0.75,8.50,33.00,80.00,1385.00,0.00,平仓价,2536,2019-06-18 00:00:00,1,0,2024-07-17 06:07:45,0,2024-07-17 06:07:45,,,
2019-06-17,1/3焦煤,大连港,鹤岗市,,0.25,7.50,18.00,70.00,1525.00,0.00,平仓价,2537,2019-06-17 00:00:00,1,0,2024-07-17 06:07:45,0,2024-07-17 06:07:45,,,
2019-06-17,1/3焦煤,大连港,俄罗斯,,0.75,8.50,33.00,80.00,1385.00,0.00,平仓价,2538,2019-06-17 00:00:00,1,0,2024-07-17 06:07:45,0,2024-07-17 06:07:45,,,
2019-06-14,1/3焦煤,大连港,鹤岗市,,0.25,7.50,18.00,70.00,1525.00,0.00,平仓价,2539,2019-06-14 00:00:00,1,0,2024-07-17 06:07:45,0,2024-07-17 06:07:45,,,
2019-06-14,1/3焦煤,大连港,俄罗斯,,0.75,8.50,33.00,80.00,1385.00,0.00,平仓价,2540,2019-06-14 00:00:00,1,0,2024-07-17 06:07:45,0,2024-07-17 06:07:45,,,
2019-06-13,1/3焦煤,大连港,鹤岗市,,0.25,7.50,18.00,70.00,1525.00,0.00,平仓价,2541,2019-06-13 00:00:00,1,0,2024-07-17 06:07:45,0,2024-07-17 06:07:45,,,
2019-06-13,1/3焦煤,大连港,俄罗斯,,0.75,8.50,33.00,80.00,1385.00,0.00,平仓价,2542,2019-06-13 00:00:00,1,0,2024-07-17 06:07:45,0,2024-07-17 06:07:45,,,
2019-06-12,1/3焦煤,大连港,鹤岗市,,0.25,7.50,18.00,70.00,1525.00,0.00,平仓价,2543,2019-06-12 00:00:00,1,0,2024-07-17 06:07:45,0,2024-07-17 06:07:45,,,
2019-06-12,1/3焦煤,大连港,俄罗斯,,0.75,8.50,33.00,80.00,1385.00,0.00,平仓价,2544,2019-06-12 00:00:00,1,0,2024-07-17 06:07:45,0,2024-07-17 06:07:45,,,
2019-06-11,1/3焦煤,大连港,鹤岗市,,0.25,7.50,18.00,70.00,1525.00,0.00,平仓价,2545,2019-06-11 00:00:00,1,0,2024-07-17 06:07:45,0,2024-07-17 06:07:45,,,
2019-06-11,1/3焦煤,大连港,俄罗斯,,0.75,8.50,33.00,80.00,1385.00,0.00,平仓价,2546,2019-06-11 00:00:00,1,0,2024-07-17 06:07:45,0,2024-07-17 06:07:45,,,
2019-06-10,1/3焦煤,大连港,鹤岗市,,0.25,7.50,18.00,70.00,1525.00,0.00,平仓价,2547,2019-06-10 00:00:00,1,0,2024-07-17 06:07:45,0,2024-07-17 06:07:45,,,
2019-06-10,1/3焦煤,大连港,俄罗斯,,0.75,8.50,33.00,80.00,1385.00,0.00,平仓价,2548,2019-06-10 00:00:00,1,0,2024-07-17 06:07:45,0,2024-07-17 06:07:45,,,
2019-06-06,1/3焦煤,大连港,鹤岗市,,0.25,7.50,18.00,70.00,1525.00,0.00,平仓价,2549,2019-06-06 00:00:00,1,0,2024-07-17 06:07:45,0,2024-07-17 06:07:45,,,
2019-06-06,1/3焦煤,大连港,俄罗斯,,0.75,8.50,33.00,80.00,1385.00,0.00,平仓价,2550,2019-06-06 00:00:00,1,0,2024-07-17 06:07:45,0,2024-07-17 06:07:45,,,
2019-06-05,1/3焦煤,大连港,鹤岗市,,0.25,7.50,18.00,70.00,1525.00,0.00,平仓价,2551,2019-06-05 00:00:00,1,0,2024-07-17 06:07:48,0,2024-07-17 06:07:48,,,
2019-06-05,1/3焦煤,大连港,俄罗斯,,0.75,8.50,33.00,80.00,1385.00,15.00,平仓价,2552,2019-06-05 00:00:00,1,0,2024-07-17 06:07:48,0,2024-07-17 06:07:48,,,
2019-06-04,1/3焦煤,大连港,鹤岗市,,0.25,7.50,18.00,70.00,1525.00,-30.00,平仓价,2553,2019-06-04 00:00:00,1,0,2024-07-17 06:07:48,0,2024-07-17 06:07:48,,,
2019-06-04,1/3焦煤,大连港,俄罗斯,,0.75,8.50,33.00,80.00,1370.00,0.00,平仓价,2554,2019-06-04 00:00:00,1,0,2024-07-17 06:07:48,0,2024-07-17 06:07:48,,,
2019-06-03,1/3焦煤,大连港,鹤岗市,,0.25,7.50,18.00,70.00,1555.00,40.00,平仓价,2555,2019-06-03 00:00:00,1,0,2024-07-17 06:07:48,0,2024-07-17 06:07:48,,,
2019-06-03,1/3焦煤,大连港,俄罗斯,,0.75,8.50,33.00,80.00,1370.00,0.00,平仓价,2556,2019-06-03 00:00:00,1,0,2024-07-17 06:07:48,0,2024-07-17 06:07:48,,,
2019-05-31,1/3焦煤,大连港,鹤岗市,,0.25,7.50,18.00,70.00,1515.00,0.00,平仓价,2557,2019-05-31 00:00:00,1,0,2024-07-17 06:07:48,0,2024-07-17 06:07:48,,,
2019-05-31,1/3焦煤,大连港,俄罗斯,,0.75,8.50,33.00,80.00,1370.00,0.00,平仓价,2558,2019-05-31 00:00:00,1,0,2024-07-17 06:07:48,0,2024-07-17 06:07:48,,,
2019-05-30,1/3焦煤,大连港,鹤岗市,,0.25,7.50,18.00,70.00,1515.00,0.00,平仓价,2559,2019-05-30 00:00:00,1,0,2024-07-17 06:07:48,0,2024-07-17 06:07:48,,,
2019-05-30,1/3焦煤,大连港,俄罗斯,,0.75,8.50,33.00,80.00,1370.00,0.00,平仓价,2560,2019-05-30 00:00:00,1,0,2024-07-17 06:07:48,0,2024-07-17 06:07:48,,,
2019-05-29,1/3焦煤,大连港,鹤岗市,,0.25,7.50,18.00,70.00,1515.00,0.00,平仓价,2561,2019-05-29 00:00:00,1,0,2024-07-17 06:07:48,0,2024-07-17 06:07:48,,,
2019-05-29,1/3焦煤,大连港,俄罗斯,,0.75,8.50,33.00,80.00,1370.00,0.00,平仓价,2562,2019-05-29 00:00:00,1,0,2024-07-17 06:07:48,0,2024-07-17 06:07:48,,,
2019-05-28,1/3焦煤,大连港,鹤岗市,,0.25,7.50,18.00,70.00,1515.00,0.00,平仓价,2563,2019-05-28 00:00:00,1,0,2024-07-17 06:07:48,0,2024-07-17 06:07:48,,,
2019-05-28,1/3焦煤,大连港,俄罗斯,,0.75,8.50,33.00,80.00,1370.00,0.00,平仓价,2564,2019-05-28 00:00:00,1,0,2024-07-17 06:07:48,0,2024-07-17 06:07:48,,,
2019-05-27,1/3焦煤,大连港,鹤岗市,,0.25,7.50,18.00,70.00,1515.00,0.00,平仓价,2565,2019-05-27 00:00:00,1,0,2024-07-17 06:07:48,0,2024-07-17 06:07:48,,,
2019-05-27,1/3焦煤,大连港,俄罗斯,,0.75,8.50,33.00,80.00,1370.00,0.00,平仓价,2566,2019-05-27 00:00:00,1,0,2024-07-17 06:07:48,0,2024-07-17 06:07:48,,,
2019-05-24,1/3焦煤,大连港,鹤岗市,,0.25,7.50,18.00,70.00,1515.00,0.00,平仓价,2567,2019-05-24 00:00:00,1,0,2024-07-17 06:07:48,0,2024-07-17 06:07:48,,,
2019-05-24,1/3焦煤,大连港,俄罗斯,,0.75,8.50,33.00,80.00,1370.00,0.00,平仓价,2568,2019-05-24 00:00:00,1,0,2024-07-17 06:07:48,0,2024-07-17 06:07:48,,,
2019-05-23,1/3焦煤,大连港,鹤岗市,,0.25,7.50,18.00,70.00,1515.00,0.00,平仓价,2569,2019-05-23 00:00:00,1,0,2024-07-17 06:07:48,0,2024-07-17 06:07:48,,,
2019-05-23,1/3焦煤,大连港,俄罗斯,,0.75,8.50,33.00,80.00,1370.00,0.00,平仓价,2570,2019-05-23 00:00:00,1,0,2024-07-17 06:07:48,0,2024-07-17 06:07:48,,,
2019-05-22,1/3焦煤,大连港,鹤岗市,,0.25,7.50,18.00,70.00,1515.00,0.00,平仓价,2571,2019-05-22 00:00:00,1,0,2024-07-17 06:07:48,0,2024-07-17 06:07:48,,,
2019-05-22,1/3焦煤,大连港,俄罗斯,,0.75,8.50,33.00,80.00,1370.00,0.00,平仓价,2572,2019-05-22 00:00:00,1,0,2024-07-17 06:07:48,0,2024-07-17 06:07:48,,,
2019-05-21,1/3焦煤,大连港,鹤岗市,,0.25,7.50,18.00,70.00,1515.00,0.00,平仓价,2573,2019-05-21 00:00:00,1,0,2024-07-17 06:07:48,0,2024-07-17 06:07:48,,,
2019-05-21,1/3焦煤,大连港,俄罗斯,,0.75,8.50,33.00,80.00,1370.00,0.00,平仓价,2574,2019-05-21 00:00:00,1,0,2024-07-17 06:07:48,0,2024-07-17 06:07:48,,,
2019-05-20,1/3焦煤,大连港,鹤岗市,,0.25,7.50,18.00,70.00,1515.00,0.00,平仓价,2575,2019-05-20 00:00:00,1,0,2024-07-17 06:07:48,0,2024-07-17 06:07:48,,,
2019-05-20,1/3焦煤,大连港,俄罗斯,,0.75,8.50,33.00,80.00,1370.00,20.00,平仓价,2576,2019-05-20 00:00:00,1,0,2024-07-17 06:07:48,0,2024-07-17 06:07:48,,,
2019-05-17,1/3焦煤,大连港,鹤岗市,,0.25,7.50,18.00,70.00,1515.00,0.00,平仓价,2577,2019-05-17 00:00:00,1,0,2024-07-17 06:07:48,0,2024-07-17 06:07:48,,,
2019-05-17,1/3焦煤,大连港,俄罗斯,,0.75,8.50,33.00,80.00,1350.00,0.00,平仓价,2578,2019-05-17 00:00:00,1,0,2024-07-17 06:07:48,0,2024-07-17 06:07:48,,,
2019-05-16,1/3焦煤,大连港,鹤岗市,,0.25,7.50,18.00,70.00,1515.00,0.00,平仓价,2579,2019-05-16 00:00:00,1,0,2024-07-17 06:07:48,0,2024-07-17 06:07:48,,,
2019-05-16,1/3焦煤,大连港,俄罗斯,,0.75,8.50,33.00,80.00,1350.00,0.00,平仓价,2580,2019-05-16 00:00:00,1,0,2024-07-17 06:07:48,0,2024-07-17 06:07:48,,,
2019-05-15,1/3焦煤,大连港,鹤岗市,,0.25,7.50,18.00,70.00,1515.00,40.00,平仓价,2581,2019-05-15 00:00:00,1,0,2024-07-17 06:07:50,0,2024-07-17 06:07:50,,,
2019-05-15,1/3焦煤,大连港,俄罗斯,,0.75,8.50,33.00,80.00,1350.00,0.00,平仓价,2582,2019-05-15 00:00:00,1,0,2024-07-17 06:07:50,0,2024-07-17 06:07:50,,,
2019-05-14,1/3焦煤,大连港,鹤岗市,,0.25,7.50,18.00,70.00,1475.00,0.00,平仓价,2583,2019-05-14 00:00:00,1,0,2024-07-17 06:07:50,0,2024-07-17 06:07:50,,,
2019-05-14,1/3焦煤,大连港,俄罗斯,,0.75,8.50,33.00,80.00,1350.00,-10.00,平仓价,2584,2019-05-14 00:00:00,1,0,2024-07-17 06:07:50,0,2024-07-17 06:07:50,,,
2019-05-13,1/3焦煤,大连港,鹤岗市,,0.25,7.50,18.00,70.00,1475.00,0.00,平仓价,2585,2019-05-13 00:00:00,1,0,2024-07-17 06:07:50,0,2024-07-17 06:07:50,,,
2019-05-13,1/3焦煤,大连港,俄罗斯,,0.75,8.50,33.00,80.00,1360.00,10.00,平仓价,2586,2019-05-13 00:00:00,1,0,2024-07-17 06:07:50,0,2024-07-17 06:07:50,,,
2019-05-10,1/3焦煤,大连港,鹤岗市,,0.25,7.50,18.00,70.00,1475.00,0.00,平仓价,2587,2019-05-10 00:00:00,1,0,2024-07-17 06:07:50,0,2024-07-17 06:07:50,,,
2019-05-10,1/3焦煤,大连港,俄罗斯,,0.75,8.50,33.00,80.00,1350.00,0.00,平仓价,2588,2019-05-10 00:00:00,1,0,2024-07-17 06:07:50,0,2024-07-17 06:07:50,,,
2019-05-09,1/3焦煤,大连港,鹤岗市,,0.25,7.50,18.00,70.00,1475.00,0.00,平仓价,2589,2019-05-09 00:00:00,1,0,2024-07-17 06:07:50,0,2024-07-17 06:07:50,,,
2019-05-09,1/3焦煤,大连港,俄罗斯,,0.75,8.50,33.00,80.00,1350.00,0.00,平仓价,2590,2019-05-09 00:00:00,1,0,2024-07-17 06:07:50,0,2024-07-17 06:07:50,,,
2019-05-08,1/3焦煤,大连港,鹤岗市,,0.25,7.50,18.00,70.00,1475.00,0.00,平仓价,2591,2019-05-08 00:00:00,1,0,2024-07-17 06:07:50,0,2024-07-17 06:07:50,,,
2019-05-08,1/3焦煤,大连港,俄罗斯,,0.75,8.50,33.00,80.00,1350.00,0.00,平仓价,2592,2019-05-08 00:00:00,1,0,2024-07-17 06:07:50,0,2024-07-17 06:07:50,,,
2019-05-07,1/3焦煤,大连港,鹤岗市,,0.25,7.50,18.00,70.00,1475.00,0.00,平仓价,2593,2019-05-07 00:00:00,1,0,2024-07-17 06:07:50,0,2024-07-17 06:07:50,,,
2019-05-07,1/3焦煤,大连港,俄罗斯,,0.75,8.50,33.00,80.00,1350.00,0.00,平仓价,2594,2019-05-07 00:00:00,1,0,2024-07-17 06:07:50,0,2024-07-17 06:07:50,,,
2019-05-06,1/3焦煤,大连港,鹤岗市,,0.25,7.50,18.00,70.00,1475.00,0.00,平仓价,2595,2019-05-06 00:00:00,1,0,2024-07-17 06:07:50,0,2024-07-17 06:07:50,,,
2019-05-06,1/3焦煤,大连港,俄罗斯,,0.75,8.50,33.00,80.00,1350.00,0.00,平仓价,2596,2019-05-06 00:00:00,1,0,2024-07-17 06:07:50,0,2024-07-17 06:07:50,,,
2019-05-05,1/3焦煤,大连港,鹤岗市,,0.25,7.50,18.00,70.00,1475.00,0.00,平仓价,2597,2019-05-05 00:00:00,1,0,2024-07-17 06:07:50,0,2024-07-17 06:07:50,,,
2019-05-05,1/3焦煤,大连港,俄罗斯,,0.75,8.50,33.00,80.00,1350.00,0.00,平仓价,2598,2019-05-05 00:00:00,1,0,2024-07-17 06:07:50,0,2024-07-17 06:07:50,,,
2019-04-30,1/3焦煤,大连港,鹤岗市,,0.25,7.50,18.00,70.00,1475.00,0.00,平仓价,2599,2019-04-30 00:00:00,1,0,2024-07-17 06:07:50,0,2024-07-17 06:07:50,,,
2019-04-30,1/3焦煤,大连港,俄罗斯,,0.75,8.50,33.00,80.00,1350.00,0.00,平仓价,2600,2019-04-30 00:00:00,1,0,2024-07-17 06:07:50,0,2024-07-17 06:07:50,,,
2019-04-29,1/3焦煤,大连港,鹤岗市,,0.25,7.50,18.00,70.00,1475.00,0.00,平仓价,2601,2019-04-29 00:00:00,1,0,2024-07-17 06:07:50,0,2024-07-17 06:07:50,,,
2019-04-29,1/3焦煤,大连港,俄罗斯,,0.75,8.50,33.00,80.00,1350.00,0.00,平仓价,2602,2019-04-29 00:00:00,1,0,2024-07-17 06:07:50,0,2024-07-17 06:07:50,,,
2019-04-28,1/3焦煤,大连港,鹤岗市,,0.25,7.50,18.00,70.00,1475.00,0.00,平仓价,2603,2019-04-28 00:00:00,1,0,2024-07-17 06:07:50,0,2024-07-17 06:07:50,,,
2019-04-28,1/3焦煤,大连港,俄罗斯,,0.75,8.50,33.00,80.00,1350.00,0.00,平仓价,2604,2019-04-28 00:00:00,1,0,2024-07-17 06:07:50,0,2024-07-17 06:07:50,,,
2019-04-26,1/3焦煤,大连港,鹤岗市,,0.25,7.50,18.00,70.00,1475.00,0.00,平仓价,2605,2019-04-26 00:00:00,1,0,2024-07-17 06:07:50,0,2024-07-17 06:07:50,,,
2019-04-26,1/3焦煤,大连港,俄罗斯,,0.75,8.50,33.00,80.00,1350.00,0.00,平仓价,2606,2019-04-26 00:00:00,1,0,2024-07-17 06:07:50,0,2024-07-17 06:07:50,,,
2019-04-25,1/3焦煤,大连港,鹤岗市,,0.25,7.50,18.00,70.00,1475.00,0.00,平仓价,2607,2019-04-25 00:00:00,1,0,2024-07-17 06:07:50,0,2024-07-17 06:07:50,,,
2019-04-25,1/3焦煤,大连港,俄罗斯,,0.75,8.50,33.00,80.00,1350.00,0.00,平仓价,2608,2019-04-25 00:00:00,1,0,2024-07-17 06:07:50,0,2024-07-17 06:07:50,,,
2019-04-24,1/3焦煤,大连港,鹤岗市,,0.25,7.50,18.00,70.00,1475.00,0.00,平仓价,2609,2019-04-24 00:00:00,1,0,2024-07-17 06:07:50,0,2024-07-17 06:07:50,,,
2019-04-24,1/3焦煤,大连港,俄罗斯,,0.75,8.50,33.00,80.00,1350.00,0.00,平仓价,2610,2019-04-24 00:00:00,1,0,2024-07-17 06:07:50,0,2024-07-17 06:07:50,,,
2019-04-23,1/3焦煤,大连港,鹤岗市,,0.25,7.50,18.00,70.00,1475.00,0.00,平仓价,2611,2019-04-23 00:00:00,1,0,2024-07-17 06:07:53,0,2024-07-17 06:07:53,,,
2019-04-23,1/3焦煤,大连港,俄罗斯,,0.75,8.50,33.00,80.00,1350.00,0.00,平仓价,2612,2019-04-23 00:00:00,1,0,2024-07-17 06:07:53,0,2024-07-17 06:07:53,,,
2019-04-22,1/3焦煤,大连港,鹤岗市,,0.25,7.50,18.00,70.00,1475.00,0.00,平仓价,2613,2019-04-22 00:00:00,1,0,2024-07-17 06:07:53,0,2024-07-17 06:07:53,,,
2019-04-22,1/3焦煤,大连港,俄罗斯,,0.75,8.50,33.00,80.00,1350.00,0.00,平仓价,2614,2019-04-22 00:00:00,1,0,2024-07-17 06:07:53,0,2024-07-17 06:07:53,,,
2019-04-19,1/3焦煤,大连港,鹤岗市,,0.25,7.50,18.00,70.00,1475.00,0.00,平仓价,2615,2019-04-19 00:00:00,1,0,2024-07-17 06:07:53,0,2024-07-17 06:07:53,,,
2019-04-19,1/3焦煤,大连港,俄罗斯,,0.75,8.50,33.00,80.00,1350.00,0.00,平仓价,2616,2019-04-19 00:00:00,1,0,2024-07-17 06:07:53,0,2024-07-17 06:07:53,,,
2019-04-18,1/3焦煤,大连港,鹤岗市,,0.25,7.50,18.00,70.00,1475.00,-10.00,平仓价,2617,2019-04-18 00:00:00,1,0,2024-07-17 06:07:53,0,2024-07-17 06:07:53,,,
2019-04-18,1/3焦煤,大连港,俄罗斯,,0.75,8.50,33.00,80.00,1350.00,0.00,平仓价,2618,2019-04-18 00:00:00,1,0,2024-07-17 06:07:53,0,2024-07-17 06:07:53,,,
2019-04-17,1/3焦煤,大连港,鹤岗市,,0.25,7.50,18.00,70.00,1485.00,0.00,平仓价,2619,2019-04-17 00:00:00,1,0,2024-07-17 06:07:53,0,2024-07-17 06:07:53,,,
2019-04-17,1/3焦煤,大连港,俄罗斯,,0.75,8.50,33.00,80.00,1350.00,0.00,平仓价,2620,2019-04-17 00:00:00,1,0,2024-07-17 06:07:53,0,2024-07-17 06:07:53,,,
2019-04-16,1/3焦煤,大连港,鹤岗市,,0.25,7.50,18.00,70.00,1485.00,0.00,平仓价,2621,2019-04-16 00:00:00,1,0,2024-07-17 06:07:53,0,2024-07-17 06:07:53,,,
2019-04-16,1/3焦煤,大连港,俄罗斯,,0.75,8.50,33.00,80.00,1350.00,0.00,平仓价,2622,2019-04-16 00:00:00,1,0,2024-07-17 06:07:53,0,2024-07-17 06:07:53,,,
2019-04-15,1/3焦煤,大连港,鹤岗市,,0.25,7.50,18.00,70.00,1485.00,0.00,平仓价,2623,2019-04-15 00:00:00,1,0,2024-07-17 06:07:53,0,2024-07-17 06:07:53,,,
2019-04-15,1/3焦煤,大连港,俄罗斯,,0.75,8.50,33.00,80.00,1350.00,0.00,平仓价,2624,2019-04-15 00:00:00,1,0,2024-07-17 06:07:53,0,2024-07-17 06:07:53,,,
2019-04-12,1/3焦煤,大连港,鹤岗市,,0.25,7.50,18.00,70.00,1485.00,0.00,平仓价,2625,2019-04-12 00:00:00,1,0,2024-07-17 06:07:53,0,2024-07-17 06:07:53,,,
2019-04-12,1/3焦煤,大连港,俄罗斯,,0.75,8.50,33.00,80.00,1350.00,0.00,平仓价,2626,2019-04-12 00:00:00,1,0,2024-07-17 06:07:53,0,2024-07-17 06:07:53,,,
2019-04-11,1/3焦煤,大连港,鹤岗市,,0.25,7.50,18.00,70.00,1485.00,0.00,平仓价,2627,2019-04-11 00:00:00,1,0,2024-07-17 06:07:53,0,2024-07-17 06:07:53,,,
2019-04-11,1/3焦煤,大连港,俄罗斯,,0.75,8.50,33.00,80.00,1350.00,0.00,平仓价,2628,2019-04-11 00:00:00,1,0,2024-07-17 06:07:53,0,2024-07-17 06:07:53,,,
2019-04-10,1/3焦煤,大连港,鹤岗市,,0.25,7.50,18.00,70.00,1485.00,0.00,平仓价,2629,2019-04-10 00:00:00,1,0,2024-07-17 06:07:53,0,2024-07-17 06:07:53,,,
2019-04-10,1/3焦煤,大连港,俄罗斯,,0.75,8.50,33.00,80.00,1350.00,0.00,平仓价,2630,2019-04-10 00:00:00,1,0,2024-07-17 06:07:53,0,2024-07-17 06:07:53,,,
2019-04-09,1/3焦煤,大连港,鹤岗市,,0.25,7.50,18.00,70.00,1485.00,0.00,平仓价,2631,2019-04-09 00:00:00,1,0,2024-07-17 06:07:53,0,2024-07-17 06:07:53,,,
2019-04-09,1/3焦煤,大连港,俄罗斯,,0.75,8.50,33.00,80.00,1350.00,0.00,平仓价,2632,2019-04-09 00:00:00,1,0,2024-07-17 06:07:53,0,2024-07-17 06:07:53,,,
2019-04-08,1/3焦煤,大连港,鹤岗市,,0.25,7.50,18.00,70.00,1485.00,0.00,平仓价,2633,2019-04-08 00:00:00,1,0,2024-07-17 06:07:53,0,2024-07-17 06:07:53,,,
2019-04-08,1/3焦煤,大连港,俄罗斯,,0.75,8.50,33.00,80.00,1350.00,0.00,平仓价,2634,2019-04-08 00:00:00,1,0,2024-07-17 06:07:53,0,2024-07-17 06:07:53,,,
2019-04-04,1/3焦煤,大连港,鹤岗市,,0.25,7.50,18.00,70.00,1485.00,0.00,平仓价,2635,2019-04-04 00:00:00,1,0,2024-07-17 06:07:53,0,2024-07-17 06:07:53,,,
2019-04-04,1/3焦煤,大连港,俄罗斯,,0.75,8.50,33.00,80.00,1350.00,0.00,平仓价,2636,2019-04-04 00:00:00,1,0,2024-07-17 06:07:53,0,2024-07-17 06:07:53,,,
2019-04-03,1/3焦煤,大连港,鹤岗市,,0.25,7.50,18.00,70.00,1485.00,0.00,平仓价,2637,2019-04-03 00:00:00,1,0,2024-07-17 06:07:53,0,2024-07-17 06:07:53,,,
2019-04-03,1/3焦煤,大连港,俄罗斯,,0.75,8.50,33.00,80.00,1350.00,-20.00,平仓价,2638,2019-04-03 00:00:00,1,0,2024-07-17 06:07:53,0,2024-07-17 06:07:53,,,
2019-04-02,1/3焦煤,大连港,鹤岗市,,0.25,7.50,18.00,70.00,1485.00,0.00,平仓价,2639,2019-04-02 00:00:00,1,0,2024-07-17 06:07:53,0,2024-07-17 06:07:53,,,
2019-04-02,1/3焦煤,大连港,俄罗斯,,0.75,8.50,33.00,80.00,1370.00,-45.00,平仓价,2640,2019-04-02 00:00:00,1,0,2024-07-17 06:07:53,0,2024-07-17 06:07:53,,,
2019-04-01,1/3焦煤,大连港,鹤岗市,,0.25,7.50,18.00,70.00,1485.00,0.00,平仓价,2641,2019-04-01 00:00:00,1,0,2024-07-17 06:07:57,0,2024-07-17 06:07:57,,,
2019-04-01,1/3焦煤,大连港,俄罗斯,,0.75,8.50,33.00,80.00,1415.00,0.00,平仓价,2642,2019-04-01 00:00:00,1,0,2024-07-17 06:07:57,0,2024-07-17 06:07:57,,,
2019-03-29,1/3焦煤,大连港,鹤岗市,,0.25,7.50,18.00,70.00,1485.00,0.00,平仓价,2643,2019-03-29 00:00:00,1,0,2024-07-17 06:07:57,0,2024-07-17 06:07:57,,,
2019-03-29,1/3焦煤,大连港,俄罗斯,,0.75,8.50,33.00,80.00,1415.00,-50.00,平仓价,2644,2019-03-29 00:00:00,1,0,2024-07-17 06:07:57,0,2024-07-17 06:07:57,,,
2019-03-28,1/3焦煤,大连港,鹤岗市,,0.25,7.50,18.00,70.00,1485.00,0.00,平仓价,2645,2019-03-28 00:00:00,1,0,2024-07-17 06:07:57,0,2024-07-17 06:07:57,,,
2019-03-28,1/3焦煤,大连港,俄罗斯,,0.75,8.50,33.00,80.00,1465.00,0.00,平仓价,2646,2019-03-28 00:00:00,1,0,2024-07-17 06:07:57,0,2024-07-17 06:07:57,,,
2019-03-27,1/3焦煤,大连港,鹤岗市,,0.25,7.50,18.00,70.00,1485.00,0.00,平仓价,2647,2019-03-27 00:00:00,1,0,2024-07-17 06:07:57,0,2024-07-17 06:07:57,,,
2019-03-27,1/3焦煤,大连港,俄罗斯,,0.75,8.50,33.00,80.00,1465.00,0.00,平仓价,2648,2019-03-27 00:00:00,1,0,2024-07-17 06:07:57,0,2024-07-17 06:07:57,,,
2019-03-26,1/3焦煤,大连港,鹤岗市,,0.25,7.50,18.00,70.00,1485.00,0.00,平仓价,2649,2019-03-26 00:00:00,1,0,2024-07-17 06:07:57,0,2024-07-17 06:07:57,,,
2019-03-26,1/3焦煤,大连港,俄罗斯,,0.75,8.50,33.00,80.00,1465.00,0.00,平仓价,2650,2019-03-26 00:00:00,1,0,2024-07-17 06:07:57,0,2024-07-17 06:07:57,,,
2019-03-25,1/3焦煤,大连港,鹤岗市,,0.25,7.50,18.00,70.00,1485.00,0.00,平仓价,2651,2019-03-25 00:00:00,1,0,2024-07-17 06:07:57,0,2024-07-17 06:07:57,,,
2019-03-25,1/3焦煤,大连港,俄罗斯,,0.75,8.50,33.00,80.00,1465.00,0.00,平仓价,2652,2019-03-25 00:00:00,1,0,2024-07-17 06:07:57,0,2024-07-17 06:07:57,,,
2019-03-22,1/3焦煤,大连港,鹤岗市,,0.25,7.50,18.00,70.00,1485.00,0.00,平仓价,2653,2019-03-22 00:00:00,1,0,2024-07-17 06:07:57,0,2024-07-17 06:07:57,,,
2019-03-22,1/3焦煤,大连港,俄罗斯,,0.75,8.50,33.00,80.00,1465.00,0.00,平仓价,2654,2019-03-22 00:00:00,1,0,2024-07-17 06:07:57,0,2024-07-17 06:07:57,,,
2019-03-21,1/3焦煤,大连港,鹤岗市,,0.25,7.50,18.00,70.00,1485.00,0.00,平仓价,2655,2019-03-21 00:00:00,1,0,2024-07-17 06:07:57,0,2024-07-17 06:07:57,,,
2019-03-21,1/3焦煤,大连港,俄罗斯,,0.75,8.50,33.00,80.00,1465.00,0.00,平仓价,2656,2019-03-21 00:00:00,1,0,2024-07-17 06:07:57,0,2024-07-17 06:07:57,,,
2019-03-20,1/3焦煤,大连港,鹤岗市,,0.25,7.50,18.00,70.00,1485.00,0.00,平仓价,2657,2019-03-20 00:00:00,1,0,2024-07-17 06:07:57,0,2024-07-17 06:07:57,,,
2019-03-20,1/3焦煤,大连港,俄罗斯,,0.75,8.50,33.00,80.00,1465.00,0.00,平仓价,2658,2019-03-20 00:00:00,1,0,2024-07-17 06:07:57,0,2024-07-17 06:07:57,,,
2019-03-19,1/3焦煤,大连港,鹤岗市,,0.25,7.50,18.00,70.00,1485.00,0.00,平仓价,2659,2019-03-19 00:00:00,1,0,2024-07-17 06:07:57,0,2024-07-17 06:07:57,,,
2019-03-19,1/3焦煤,大连港,俄罗斯,,0.75,8.50,33.00,80.00,1465.00,0.00,平仓价,2660,2019-03-19 00:00:00,1,0,2024-07-17 06:07:57,0,2024-07-17 06:07:57,,,
2019-03-18,1/3焦煤,大连港,鹤岗市,,0.25,7.50,18.00,70.00,1485.00,0.00,平仓价,2661,2019-03-18 00:00:00,1,0,2024-07-17 06:07:57,0,2024-07-17 06:07:57,,,
2019-03-18,1/3焦煤,大连港,俄罗斯,,0.75,8.50,33.00,80.00,1465.00,0.00,平仓价,2662,2019-03-18 00:00:00,1,0,2024-07-17 06:07:57,0,2024-07-17 06:07:57,,,
2019-03-15,1/3焦煤,大连港,鹤岗市,,0.25,7.50,18.00,70.00,1485.00,0.00,平仓价,2663,2019-03-15 00:00:00,1,0,2024-07-17 06:07:57,0,2024-07-17 06:07:57,,,
2019-03-15,1/3焦煤,大连港,俄罗斯,,0.75,8.50,33.00,80.00,1465.00,0.00,平仓价,2664,2019-03-15 00:00:00,1,0,2024-07-17 06:07:57,0,2024-07-17 06:07:57,,,
2019-03-14,1/3焦煤,大连港,鹤岗市,,0.25,7.50,18.00,70.00,1485.00,0.00,平仓价,2665,2019-03-14 00:00:00,1,0,2024-07-17 06:07:57,0,2024-07-17 06:07:57,,,
2019-03-14,1/3焦煤,大连港,俄罗斯,,0.75,8.50,33.00,80.00,1465.00,0.00,平仓价,2666,2019-03-14 00:00:00,1,0,2024-07-17 06:07:57,0,2024-07-17 06:07:57,,,
2019-03-13,1/3焦煤,大连港,鹤岗市,,0.25,7.50,18.00,70.00,1485.00,0.00,平仓价,2667,2019-03-13 00:00:00,1,0,2024-07-17 06:07:57,0,2024-07-17 06:07:57,,,
2019-03-13,1/3焦煤,大连港,俄罗斯,,0.75,8.50,33.00,80.00,1465.00,0.00,平仓价,2668,2019-03-13 00:00:00,1,0,2024-07-17 06:07:57,0,2024-07-17 06:07:57,,,
2019-03-12,1/3焦煤,大连港,鹤岗市,,0.25,7.50,18.00,70.00,1485.00,0.00,平仓价,2669,2019-03-12 00:00:00,1,0,2024-07-17 06:07:57,0,2024-07-17 06:07:57,,,
2019-03-12,1/3焦煤,大连港,俄罗斯,,0.75,8.50,33.00,80.00,1465.00,0.00,平仓价,2670,2019-03-12 00:00:00,1,0,2024-07-17 06:07:57,0,2024-07-17 06:07:57,,,
2019-03-11,1/3焦煤,大连港,鹤岗市,,0.25,7.50,18.00,70.00,1485.00,0.00,平仓价,2671,2019-03-11 00:00:00,1,0,2024-07-17 06:08:00,0,2024-07-17 06:08:00,,,
2019-03-11,1/3焦煤,大连港,俄罗斯,,0.75,8.50,33.00,80.00,1465.00,0.00,平仓价,2672,2019-03-11 00:00:00,1,0,2024-07-17 06:08:00,0,2024-07-17 06:08:00,,,
2019-03-08,1/3焦煤,大连港,鹤岗市,,0.25,7.50,18.00,70.00,1485.00,0.00,平仓价,2673,2019-03-08 00:00:00,1,0,2024-07-17 06:08:00,0,2024-07-17 06:08:00,,,
2019-03-08,1/3焦煤,大连港,俄罗斯,,0.75,8.50,33.00,80.00,1465.00,0.00,平仓价,2674,2019-03-08 00:00:00,1,0,2024-07-17 06:08:00,0,2024-07-17 06:08:00,,,
2019-03-07,1/3焦煤,大连港,鹤岗市,,0.25,7.50,18.00,70.00,1485.00,0.00,平仓价,2675,2019-03-07 00:00:00,1,0,2024-07-17 06:08:00,0,2024-07-17 06:08:00,,,
2019-03-07,1/3焦煤,大连港,俄罗斯,,0.75,8.50,33.00,80.00,1465.00,0.00,平仓价,2676,2019-03-07 00:00:00,1,0,2024-07-17 06:08:00,0,2024-07-17 06:08:00,,,
2019-03-06,1/3焦煤,大连港,鹤岗市,,0.25,7.50,18.00,70.00,1485.00,0.00,平仓价,2677,2019-03-06 00:00:00,1,0,2024-07-17 06:08:00,0,2024-07-17 06:08:00,,,
2019-03-06,1/3焦煤,大连港,俄罗斯,,0.75,8.50,33.00,80.00,1465.00,0.00,平仓价,2678,2019-03-06 00:00:00,1,0,2024-07-17 06:08:00,0,2024-07-17 06:08:00,,,
2019-03-05,1/3焦煤,大连港,鹤岗市,,0.25,7.50,18.00,70.00,1485.00,0.00,平仓价,2679,2019-03-05 00:00:00,1,0,2024-07-17 06:08:00,0,2024-07-17 06:08:00,,,
2019-03-05,1/3焦煤,大连港,俄罗斯,,0.75,8.50,33.00,80.00,1465.00,0.00,平仓价,2680,2019-03-05 00:00:00,1,0,2024-07-17 06:08:00,0,2024-07-17 06:08:00,,,
2019-03-04,1/3焦煤,大连港,鹤岗市,,0.25,7.50,18.00,70.00,1485.00,0.00,平仓价,2681,2019-03-04 00:00:00,1,0,2024-07-17 06:08:00,0,2024-07-17 06:08:00,,,
2019-03-04,1/3焦煤,大连港,俄罗斯,,0.75,8.50,33.00,80.00,1465.00,0.00,平仓价,2682,2019-03-04 00:00:00,1,0,2024-07-17 06:08:00,0,2024-07-17 06:08:00,,,
2019-03-01,1/3焦煤,大连港,鹤岗市,,0.25,7.50,18.00,70.00,1485.00,0.00,平仓价,2683,2019-03-01 00:00:00,1,0,2024-07-17 06:08:00,0,2024-07-17 06:08:00,,,
2019-03-01,1/3焦煤,大连港,俄罗斯,,0.75,8.50,33.00,80.00,1465.00,0.00,平仓价,2684,2019-03-01 00:00:00,1,0,2024-07-17 06:08:00,0,2024-07-17 06:08:00,,,
2019-02-28,1/3焦煤,大连港,鹤岗市,,0.25,7.50,18.00,70.00,1485.00,0.00,平仓价,2685,2019-02-28 00:00:00,1,0,2024-07-17 06:08:00,0,2024-07-17 06:08:00,,,
2019-02-28,1/3焦煤,大连港,俄罗斯,,0.75,8.50,33.00,80.00,1465.00,0.00,平仓价,2686,2019-02-28 00:00:00,1,0,2024-07-17 06:08:00,0,2024-07-17 06:08:00,,,
2019-02-27,1/3焦煤,大连港,鹤岗市,,0.25,7.50,18.00,70.00,1485.00,0.00,平仓价,2687,2019-02-27 00:00:00,1,0,2024-07-17 06:08:00,0,2024-07-17 06:08:00,,,
2019-02-27,1/3焦煤,大连港,俄罗斯,,0.75,8.50,33.00,80.00,1465.00,0.00,平仓价,2688,2019-02-27 00:00:00,1,0,2024-07-17 06:08:00,0,2024-07-17 06:08:00,,,
2019-02-26,1/3焦煤,大连港,鹤岗市,,0.25,7.50,18.00,70.00,1485.00,0.00,平仓价,2689,2019-02-26 00:00:00,1,0,2024-07-17 06:08:00,0,2024-07-17 06:08:00,,,
2019-02-26,1/3焦煤,大连港,俄罗斯,,0.75,8.50,33.00,80.00,1465.00,0.00,平仓价,2690,2019-02-26 00:00:00,1,0,2024-07-17 06:08:00,0,2024-07-17 06:08:00,,,
2019-02-25,1/3焦煤,大连港,鹤岗市,,0.25,7.50,18.00,70.00,1485.00,0.00,平仓价,2691,2019-02-25 00:00:00,1,0,2024-07-17 06:08:00,0,2024-07-17 06:08:00,,,
2019-02-25,1/3焦煤,大连港,俄罗斯,,0.75,8.50,33.00,80.00,1465.00,40.00,平仓价,2692,2019-02-25 00:00:00,1,0,2024-07-17 06:08:00,0,2024-07-17 06:08:00,,,
2019-02-22,1/3焦煤,大连港,鹤岗市,,0.25,7.50,18.00,70.00,1485.00,0.00,平仓价,2693,2019-02-22 00:00:00,1,0,2024-07-17 06:08:00,0,2024-07-17 06:08:00,,,
2019-02-22,1/3焦煤,大连港,俄罗斯,,0.75,8.50,33.00,80.00,1425.00,0.00,平仓价,2694,2019-02-22 00:00:00,1,0,2024-07-17 06:08:00,0,2024-07-17 06:08:00,,,
2019-02-21,1/3焦煤,大连港,鹤岗市,,0.25,7.50,18.00,70.00,1485.00,0.00,平仓价,2695,2019-02-21 00:00:00,1,0,2024-07-17 06:08:00,0,2024-07-17 06:08:00,,,
2019-02-21,1/3焦煤,大连港,俄罗斯,,0.75,8.50,33.00,80.00,1425.00,0.00,平仓价,2696,2019-02-21 00:00:00,1,0,2024-07-17 06:08:00,0,2024-07-17 06:08:00,,,
2019-02-20,1/3焦煤,大连港,鹤岗市,,0.25,7.50,18.00,70.00,1485.00,0.00,平仓价,2697,2019-02-20 00:00:00,1,0,2024-07-17 06:08:00,0,2024-07-17 06:08:00,,,
2019-02-20,1/3焦煤,大连港,俄罗斯,,0.75,8.50,33.00,80.00,1425.00,0.00,平仓价,2698,2019-02-20 00:00:00,1,0,2024-07-17 06:08:00,0,2024-07-17 06:08:00,,,
2019-02-19,1/3焦煤,大连港,鹤岗市,,0.25,7.50,18.00,70.00,1485.00,0.00,平仓价,2699,2019-02-19 00:00:00,1,0,2024-07-17 06:08:00,0,2024-07-17 06:08:00,,,
2019-02-19,1/3焦煤,大连港,俄罗斯,,0.75,8.50,33.00,80.00,1425.00,0.00,平仓价,2700,2019-02-19 00:00:00,1,0,2024-07-17 06:08:00,0,2024-07-17 06:08:00,,,
2019-02-18,1/3焦煤,大连港,鹤岗市,,0.25,7.50,18.00,70.00,1485.00,0.00,平仓价,2701,2019-02-18 00:00:00,1,0,2024-07-17 06:08:03,0,2024-07-17 06:08:03,,,
2019-02-18,1/3焦煤,大连港,俄罗斯,,0.75,8.50,33.00,80.00,1425.00,0.00,平仓价,2702,2019-02-18 00:00:00,1,0,2024-07-17 06:08:03,0,2024-07-17 06:08:03,,,
2019-02-15,1/3焦煤,大连港,鹤岗市,,0.25,7.50,18.00,70.00,1485.00,0.00,平仓价,2703,2019-02-15 00:00:00,1,0,2024-07-17 06:08:03,0,2024-07-17 06:08:03,,,
2019-02-15,1/3焦煤,大连港,俄罗斯,,0.75,8.50,33.00,80.00,1425.00,30.00,平仓价,2704,2019-02-15 00:00:00,1,0,2024-07-17 06:08:03,0,2024-07-17 06:08:03,,,
2019-02-14,1/3焦煤,大连港,鹤岗市,,0.25,7.50,18.00,70.00,1485.00,0.00,平仓价,2705,2019-02-14 00:00:00,1,0,2024-07-17 06:08:03,0,2024-07-17 06:08:03,,,
2019-02-14,1/3焦煤,大连港,俄罗斯,,0.75,8.50,33.00,80.00,1395.00,0.00,平仓价,2706,2019-02-14 00:00:00,1,0,2024-07-17 06:08:03,0,2024-07-17 06:08:03,,,
2019-02-13,1/3焦煤,大连港,鹤岗市,,0.25,7.50,18.00,70.00,1485.00,0.00,平仓价,2707,2019-02-13 00:00:00,1,0,2024-07-17 06:08:03,0,2024-07-17 06:08:03,,,
2019-02-13,1/3焦煤,大连港,俄罗斯,,0.75,8.50,33.00,80.00,1395.00,0.00,平仓价,2708,2019-02-13 00:00:00,1,0,2024-07-17 06:08:03,0,2024-07-17 06:08:03,,,
2019-02-12,1/3焦煤,大连港,鹤岗市,,0.25,7.50,18.00,70.00,1485.00,0.00,平仓价,2709,2019-02-12 00:00:00,1,0,2024-07-17 06:08:03,0,2024-07-17 06:08:03,,,
2019-02-12,1/3焦煤,大连港,俄罗斯,,0.75,8.50,33.00,80.00,1395.00,0.00,平仓价,2710,2019-02-12 00:00:00,1,0,2024-07-17 06:08:03,0,2024-07-17 06:08:03,,,
2019-02-11,1/3焦煤,大连港,鹤岗市,,0.25,7.50,18.00,70.00,1485.00,0.00,平仓价,2711,2019-02-11 00:00:00,1,0,2024-07-17 06:08:03,0,2024-07-17 06:08:03,,,
2019-02-11,1/3焦煤,大连港,俄罗斯,,0.75,8.50,33.00,80.00,1395.00,0.00,平仓价,2712,2019-02-11 00:00:00,1,0,2024-07-17 06:08:03,0,2024-07-17 06:08:03,,,
2019-02-03,1/3焦煤,大连港,鹤岗市,,0.25,7.50,18.00,70.00,1485.00,0.00,平仓价,2713,2019-02-03 00:00:00,1,0,2024-07-17 06:08:03,0,2024-07-17 06:08:03,,,
2019-02-03,1/3焦煤,大连港,俄罗斯,,0.75,8.50,33.00,80.00,1395.00,0.00,平仓价,2714,2019-02-03 00:00:00,1,0,2024-07-17 06:08:03,0,2024-07-17 06:08:03,,,
2019-02-02,1/3焦煤,大连港,鹤岗市,,0.25,7.50,18.00,70.00,1485.00,0.00,平仓价,2715,2019-02-02 00:00:00,1,0,2024-07-17 06:08:03,0,2024-07-17 06:08:03,,,
2019-02-02,1/3焦煤,大连港,俄罗斯,,0.75,8.50,33.00,80.00,1395.00,0.00,平仓价,2716,2019-02-02 00:00:00,1,0,2024-07-17 06:08:03,0,2024-07-17 06:08:03,,,
2019-02-01,1/3焦煤,大连港,鹤岗市,,0.25,7.50,18.00,70.00,1485.00,0.00,平仓价,2717,2019-02-01 00:00:00,1,0,2024-07-17 06:08:03,0,2024-07-17 06:08:03,,,
2019-02-01,1/3焦煤,大连港,俄罗斯,,0.75,8.50,33.00,80.00,1395.00,0.00,平仓价,2718,2019-02-01 00:00:00,1,0,2024-07-17 06:08:03,0,2024-07-17 06:08:03,,,
2019-01-31,1/3焦煤,大连港,鹤岗市,,0.25,7.50,18.00,70.00,1485.00,0.00,平仓价,2719,2019-01-31 00:00:00,1,0,2024-07-17 06:08:03,0,2024-07-17 06:08:03,,,
2019-01-31,1/3焦煤,大连港,俄罗斯,,0.75,8.50,33.00,80.00,1395.00,0.00,平仓价,2720,2019-01-31 00:00:00,1,0,2024-07-17 06:08:03,0,2024-07-17 06:08:03,,,
2019-01-30,1/3焦煤,大连港,鹤岗市,,0.25,7.50,18.00,70.00,1485.00,0.00,平仓价,2721,2019-01-30 00:00:00,1,0,2024-07-17 06:08:03,0,2024-07-17 06:08:03,,,
2019-01-30,1/3焦煤,大连港,俄罗斯,,0.75,8.50,33.00,80.00,1395.00,5.00,平仓价,2722,2019-01-30 00:00:00,1,0,2024-07-17 06:08:03,0,2024-07-17 06:08:03,,,
2019-01-29,1/3焦煤,大连港,鹤岗市,,0.25,7.50,18.00,70.00,1485.00,0.00,平仓价,2723,2019-01-29 00:00:00,1,0,2024-07-17 06:08:03,0,2024-07-17 06:08:03,,,
2019-01-29,1/3焦煤,大连港,俄罗斯,,0.75,8.50,33.00,80.00,1390.00,0.00,平仓价,2724,2019-01-29 00:00:00,1,0,2024-07-17 06:08:03,0,2024-07-17 06:08:03,,,
2019-01-28,1/3焦煤,大连港,鹤岗市,,0.25,7.50,18.00,70.00,1485.00,0.00,平仓价,2725,2019-01-28 00:00:00,1,0,2024-07-17 06:08:03,0,2024-07-17 06:08:03,,,
2019-01-28,1/3焦煤,大连港,俄罗斯,,0.75,8.50,33.00,80.00,1390.00,0.00,平仓价,2726,2019-01-28 00:00:00,1,0,2024-07-17 06:08:03,0,2024-07-17 06:08:03,,,
2019-01-25,1/3焦煤,大连港,鹤岗市,,0.25,7.50,18.00,70.00,1485.00,0.00,平仓价,2727,2019-01-25 00:00:00,1,0,2024-07-17 06:08:03,0,2024-07-17 06:08:03,,,
2019-01-25,1/3焦煤,大连港,俄罗斯,,0.75,8.50,33.00,80.00,1390.00,0.00,平仓价,2728,2019-01-25 00:00:00,1,0,2024-07-17 06:08:03,0,2024-07-17 06:08:03,,,
2019-01-24,1/3焦煤,大连港,鹤岗市,,0.25,7.50,18.00,70.00,1485.00,0.00,平仓价,2729,2019-01-24 00:00:00,1,0,2024-07-17 06:08:03,0,2024-07-17 06:08:03,,,
2019-01-24,1/3焦煤,大连港,俄罗斯,,0.75,8.50,33.00,80.00,1390.00,0.00,平仓价,2730,2019-01-24 00:00:00,1,0,2024-07-17 06:08:03,0,2024-07-17 06:08:03,,,
2019-01-23,1/3焦煤,大连港,鹤岗市,,0.25,7.50,18.00,70.00,1485.00,0.00,平仓价,2731,2019-01-23 00:00:00,1,0,2024-07-17 06:08:07,0,2024-07-17 06:08:07,,,
2019-01-23,1/3焦煤,大连港,俄罗斯,,0.75,8.50,33.00,80.00,1390.00,0.00,平仓价,2732,2019-01-23 00:00:00,1,0,2024-07-17 06:08:07,0,2024-07-17 06:08:07,,,
2019-01-22,1/3焦煤,大连港,鹤岗市,,0.25,7.50,18.00,70.00,1485.00,0.00,平仓价,2733,2019-01-22 00:00:00,1,0,2024-07-17 06:08:07,0,2024-07-17 06:08:07,,,
2019-01-22,1/3焦煤,大连港,俄罗斯,,0.75,8.50,33.00,80.00,1390.00,0.00,平仓价,2734,2019-01-22 00:00:00,1,0,2024-07-17 06:08:07,0,2024-07-17 06:08:07,,,
2019-01-21,1/3焦煤,大连港,鹤岗市,,0.25,7.50,18.00,70.00,1485.00,0.00,平仓价,2735,2019-01-21 00:00:00,1,0,2024-07-17 06:08:07,0,2024-07-17 06:08:07,,,
2019-01-21,1/3焦煤,大连港,俄罗斯,,0.75,8.50,33.00,80.00,1390.00,0.00,平仓价,2736,2019-01-21 00:00:00,1,0,2024-07-17 06:08:07,0,2024-07-17 06:08:07,,,
2019-01-18,1/3焦煤,大连港,鹤岗市,,0.25,7.50,18.00,70.00,1485.00,-35.00,平仓价,2737,2019-01-18 00:00:00,1,0,2024-07-17 06:08:07,0,2024-07-17 06:08:07,,,
2019-01-18,1/3焦煤,大连港,俄罗斯,,0.75,8.50,33.00,80.00,1390.00,-40.00,平仓价,2738,2019-01-18 00:00:00,1,0,2024-07-17 06:08:07,0,2024-07-17 06:08:07,,,
2019-01-17,1/3焦煤,大连港,鹤岗市,,0.25,7.50,18.00,70.00,1520.00,0.00,平仓价,2739,2019-01-17 00:00:00,1,0,2024-07-17 06:08:07,0,2024-07-17 06:08:07,,,
2019-01-17,1/3焦煤,大连港,俄罗斯,,0.75,8.50,33.00,80.00,1430.00,0.00,平仓价,2740,2019-01-17 00:00:00,1,0,2024-07-17 06:08:07,0,2024-07-17 06:08:07,,,
2019-01-16,1/3焦煤,大连港,鹤岗市,,0.25,7.50,18.00,70.00,1520.00,0.00,平仓价,2741,2019-01-16 00:00:00,1,0,2024-07-17 06:08:07,0,2024-07-17 06:08:07,,,
2019-01-16,1/3焦煤,大连港,俄罗斯,,0.75,8.50,33.00,80.00,1430.00,0.00,平仓价,2742,2019-01-16 00:00:00,1,0,2024-07-17 06:08:07,0,2024-07-17 06:08:07,,,
2019-01-15,1/3焦煤,大连港,鹤岗市,,0.25,7.50,18.00,70.00,1520.00,0.00,平仓价,2743,2019-01-15 00:00:00,1,0,2024-07-17 06:08:07,0,2024-07-17 06:08:07,,,
2019-01-15,1/3焦煤,大连港,俄罗斯,,0.75,8.50,33.00,80.00,1430.00,0.00,平仓价,2744,2019-01-15 00:00:00,1,0,2024-07-17 06:08:07,0,2024-07-17 06:08:07,,,
2019-01-14,1/3焦煤,大连港,鹤岗市,,0.25,7.50,18.00,70.00,1520.00,0.00,平仓价,2745,2019-01-14 00:00:00,1,0,2024-07-17 06:08:07,0,2024-07-17 06:08:07,,,
2019-01-14,1/3焦煤,大连港,俄罗斯,,0.75,8.50,33.00,80.00,1430.00,-70.00,平仓价,2746,2019-01-14 00:00:00,1,0,2024-07-17 06:08:07,0,2024-07-17 06:08:07,,,
2019-01-11,1/3焦煤,大连港,鹤岗市,,0.25,7.50,18.00,70.00,1520.00,0.00,平仓价,2747,2019-01-11 00:00:00,1,0,2024-07-17 06:08:07,0,2024-07-17 06:08:07,,,
2019-01-11,1/3焦煤,大连港,俄罗斯,,0.75,8.50,33.00,80.00,1500.00,0.00,平仓价,2748,2019-01-11 00:00:00,1,0,2024-07-17 06:08:07,0,2024-07-17 06:08:07,,,
2019-01-10,1/3焦煤,大连港,鹤岗市,,0.25,7.50,18.00,70.00,1520.00,0.00,平仓价,2749,2019-01-10 00:00:00,1,0,2024-07-17 06:08:07,0,2024-07-17 06:08:07,,,
2019-01-10,1/3焦煤,大连港,俄罗斯,,0.75,8.50,33.00,80.00,1500.00,0.00,平仓价,2750,2019-01-10 00:00:00,1,0,2024-07-17 06:08:07,0,2024-07-17 06:08:07,,,
2019-01-09,1/3焦煤,大连港,鹤岗市,,0.25,7.50,18.00,70.00,1520.00,0.00,平仓价,2751,2019-01-09 00:00:00,1,0,2024-07-17 06:08:07,0,2024-07-17 06:08:07,,,
2019-01-09,1/3焦煤,大连港,俄罗斯,,0.75,8.50,33.00,80.00,1500.00,0.00,平仓价,2752,2019-01-09 00:00:00,1,0,2024-07-17 06:08:07,0,2024-07-17 06:08:07,,,
2019-01-08,1/3焦煤,大连港,鹤岗市,,0.25,7.50,18.00,70.00,1520.00,0.00,平仓价,2753,2019-01-08 00:00:00,1,0,2024-07-17 06:08:07,0,2024-07-17 06:08:07,,,
2019-01-08,1/3焦煤,大连港,俄罗斯,,0.75,8.50,33.00,80.00,1500.00,0.00,平仓价,2754,2019-01-08 00:00:00,1,0,2024-07-17 06:08:07,0,2024-07-17 06:08:07,,,
2019-01-07,1/3焦煤,大连港,鹤岗市,,0.25,7.50,18.00,70.00,1520.00,0.00,平仓价,2755,2019-01-07 00:00:00,1,0,2024-07-17 06:08:07,0,2024-07-17 06:08:07,,,
2019-01-07,1/3焦煤,大连港,俄罗斯,,0.75,8.50,33.00,80.00,1500.00,0.00,平仓价,2756,2019-01-07 00:00:00,1,0,2024-07-17 06:08:07,0,2024-07-17 06:08:07,,,
2019-01-04,1/3焦煤,大连港,鹤岗市,,0.25,7.50,18.00,70.00,1520.00,0.00,平仓价,2757,2019-01-04 00:00:00,1,0,2024-07-17 06:08:07,0,2024-07-17 06:08:07,,,
2019-01-04,1/3焦煤,大连港,俄罗斯,,0.75,8.50,33.00,80.00,1500.00,0.00,平仓价,2758,2019-01-04 00:00:00,1,0,2024-07-17 06:08:07,0,2024-07-17 06:08:07,,,
2019-01-03,1/3焦煤,大连港,鹤岗市,,0.25,7.50,18.00,70.00,1520.00,0.00,平仓价,2759,2019-01-03 00:00:00,1,0,2024-07-17 06:08:07,0,2024-07-17 06:08:07,,,
2019-01-03,1/3焦煤,大连港,俄罗斯,,0.75,8.50,33.00,80.00,1500.00,0.00,平仓价,2760,2019-01-03 00:00:00,1,0,2024-07-17 06:08:07,0,2024-07-17 06:08:07,,,
2019-01-02,1/3焦煤,大连港,鹤岗市,,0.25,7.50,18.00,70.00,1520.00,0.00,平仓价,2761,2019-01-02 00:00:00,1,0,2024-07-17 06:08:09,0,2024-07-17 06:08:09,,,
2019-01-02,1/3焦煤,大连港,俄罗斯,,0.75,8.50,33.00,80.00,1500.00,0.00,平仓价,2762,2019-01-02 00:00:00,1,0,2024-07-17 06:08:09,0,2024-07-17 06:08:09,,,
2018-12-29,1/3焦煤,大连港,鹤岗市,,0.25,7.50,18.00,70.00,1520.00,0.00,平仓价,2763,2018-12-29 00:00:00,1,0,2024-07-17 06:08:09,0,2024-07-17 06:08:09,,,
2018-12-29,1/3焦煤,大连港,俄罗斯,,0.75,8.50,33.00,80.00,1500.00,0.00,平仓价,2764,2018-12-29 00:00:00,1,0,2024-07-17 06:08:09,0,2024-07-17 06:08:09,,,
2018-12-28,1/3焦煤,大连港,鹤岗市,,0.25,7.50,18.00,70.00,1520.00,0.00,平仓价,2765,2018-12-28 00:00:00,1,0,2024-07-17 06:08:09,0,2024-07-17 06:08:09,,,
2018-12-28,1/3焦煤,大连港,俄罗斯,,0.75,8.50,33.00,80.00,1500.00,0.00,平仓价,2766,2018-12-28 00:00:00,1,0,2024-07-17 06:08:09,0,2024-07-17 06:08:09,,,
2018-12-27,1/3焦煤,大连港,鹤岗市,,0.25,7.50,18.00,70.00,1520.00,-10.00,平仓价,2767,2018-12-27 00:00:00,1,0,2024-07-17 06:08:09,0,2024-07-17 06:08:09,,,
2018-12-27,1/3焦煤,大连港,俄罗斯,,0.75,8.50,33.00,80.00,1500.00,-100.00,平仓价,2768,2018-12-27 00:00:00,1,0,2024-07-17 06:08:09,0,2024-07-17 06:08:09,,,
2018-12-26,1/3焦煤,大连港,鹤岗市,,0.25,7.50,18.00,70.00,1530.00,0.00,平仓价,2769,2018-12-26 00:00:00,1,0,2024-07-17 06:08:09,0,2024-07-17 06:08:09,,,
2018-12-26,1/3焦煤,大连港,俄罗斯,,0.75,8.50,33.00,80.00,1600.00,0.00,平仓价,2770,2018-12-26 00:00:00,1,0,2024-07-17 06:08:09,0,2024-07-17 06:08:09,,,
2018-12-25,1/3焦煤,大连港,鹤岗市,,0.25,7.50,18.00,70.00,1530.00,0.00,平仓价,2771,2018-12-25 00:00:00,1,0,2024-07-17 06:08:09,0,2024-07-17 06:08:09,,,
2018-12-25,1/3焦煤,大连港,俄罗斯,,0.75,8.50,33.00,80.00,1600.00,0.00,平仓价,2772,2018-12-25 00:00:00,1,0,2024-07-17 06:08:09,0,2024-07-17 06:08:09,,,
2018-12-24,1/3焦煤,大连港,鹤岗市,,0.25,7.50,18.00,70.00,1530.00,0.00,平仓价,2773,2018-12-24 00:00:00,1,0,2024-07-17 06:08:09,0,2024-07-17 06:08:09,,,
2018-12-24,1/3焦煤,大连港,俄罗斯,,0.75,8.50,33.00,80.00,1600.00,0.00,平仓价,2774,2018-12-24 00:00:00,1,0,2024-07-17 06:08:09,0,2024-07-17 06:08:09,,,
2018-12-21,1/3焦煤,大连港,鹤岗市,,0.25,7.50,18.00,70.00,1530.00,0.00,平仓价,2775,2018-12-21 00:00:00,1,0,2024-07-17 06:08:09,0,2024-07-17 06:08:09,,,
2018-12-21,1/3焦煤,大连港,俄罗斯,,0.75,8.50,33.00,80.00,1600.00,0.00,平仓价,2776,2018-12-21 00:00:00,1,0,2024-07-17 06:08:09,0,2024-07-17 06:08:09,,,
2018-12-20,1/3焦煤,大连港,鹤岗市,,0.25,7.50,18.00,70.00,1530.00,0.00,平仓价,2777,2018-12-20 00:00:00,1,0,2024-07-17 06:08:09,0,2024-07-17 06:08:09,,,
2018-12-20,1/3焦煤,大连港,俄罗斯,,0.75,8.50,33.00,80.00,1600.00,0.00,平仓价,2778,2018-12-20 00:00:00,1,0,2024-07-17 06:08:09,0,2024-07-17 06:08:09,,,
2018-12-19,1/3焦煤,大连港,鹤岗市,,0.25,7.50,18.00,70.00,1530.00,0.00,平仓价,2779,2018-12-19 00:00:00,1,0,2024-07-17 06:08:09,0,2024-07-17 06:08:09,,,
2018-12-19,1/3焦煤,大连港,俄罗斯,,0.75,8.50,33.00,80.00,1600.00,0.00,平仓价,2780,2018-12-19 00:00:00,1,0,2024-07-17 06:08:09,0,2024-07-17 06:08:09,,,
2018-12-18,1/3焦煤,大连港,鹤岗市,,0.25,7.50,18.00,70.00,1530.00,0.00,平仓价,2781,2018-12-18 00:00:00,1,0,2024-07-17 06:08:09,0,2024-07-17 06:08:09,,,
2018-12-18,1/3焦煤,大连港,俄罗斯,,0.75,8.50,33.00,80.00,1600.00,0.00,平仓价,2782,2018-12-18 00:00:00,1,0,2024-07-17 06:08:09,0,2024-07-17 06:08:09,,,
2018-12-17,1/3焦煤,大连港,鹤岗市,,0.25,7.50,18.00,70.00,1530.00,0.00,平仓价,2783,2018-12-17 00:00:00,1,0,2024-07-17 06:08:09,0,2024-07-17 06:08:09,,,
2018-12-17,1/3焦煤,大连港,俄罗斯,,0.75,8.50,33.00,80.00,1600.00,0.00,平仓价,2784,2018-12-17 00:00:00,1,0,2024-07-17 06:08:09,0,2024-07-17 06:08:09,,,
2018-12-14,1/3焦煤,大连港,鹤岗市,,0.25,7.50,18.00,70.00,1530.00,0.00,平仓价,2785,2018-12-14 00:00:00,1,0,2024-07-17 06:08:09,0,2024-07-17 06:08:09,,,
2018-12-14,1/3焦煤,大连港,俄罗斯,,0.75,8.50,33.00,80.00,1600.00,0.00,平仓价,2786,2018-12-14 00:00:00,1,0,2024-07-17 06:08:09,0,2024-07-17 06:08:09,,,
2018-12-13,1/3焦煤,大连港,鹤岗市,,0.25,7.50,18.00,70.00,1530.00,0.00,平仓价,2787,2018-12-13 00:00:00,1,0,2024-07-17 06:08:09,0,2024-07-17 06:08:09,,,
2018-12-13,1/3焦煤,大连港,俄罗斯,,0.75,8.50,33.00,80.00,1600.00,0.00,平仓价,2788,2018-12-13 00:00:00,1,0,2024-07-17 06:08:09,0,2024-07-17 06:08:09,,,
2018-12-12,1/3焦煤,大连港,鹤岗市,,0.25,7.50,18.00,70.00,1530.00,0.00,平仓价,2789,2018-12-12 00:00:00,1,0,2024-07-17 06:08:09,0,2024-07-17 06:08:09,,,
2018-12-12,1/3焦煤,大连港,俄罗斯,,0.75,8.50,33.00,80.00,1600.00,0.00,平仓价,2790,2018-12-12 00:00:00,1,0,2024-07-17 06:08:09,0,2024-07-17 06:08:09,,,
2018-12-11,1/3焦煤,大连港,鹤岗市,,0.25,7.50,18.00,70.00,1530.00,0.00,平仓价,2791,2018-12-11 00:00:00,1,0,2024-07-17 06:08:13,0,2024-07-17 06:08:13,,,
2018-12-11,1/3焦煤,大连港,俄罗斯,,0.75,8.50,33.00,80.00,1600.00,0.00,平仓价,2792,2018-12-11 00:00:00,1,0,2024-07-17 06:08:13,0,2024-07-17 06:08:13,,,
2018-12-10,1/3焦煤,大连港,鹤岗市,,0.25,7.50,18.00,70.00,1530.00,0.00,平仓价,2793,2018-12-10 00:00:00,1,0,2024-07-17 06:08:13,0,2024-07-17 06:08:13,,,
2018-12-10,1/3焦煤,大连港,俄罗斯,,0.75,8.50,33.00,80.00,1600.00,0.00,平仓价,2794,2018-12-10 00:00:00,1,0,2024-07-17 06:08:13,0,2024-07-17 06:08:13,,,
2018-12-07,1/3焦煤,大连港,鹤岗市,,0.25,7.50,18.00,70.00,1530.00,0.00,平仓价,2795,2018-12-07 00:00:00,1,0,2024-07-17 06:08:13,0,2024-07-17 06:08:13,,,
2018-12-07,1/3焦煤,大连港,俄罗斯,,0.75,8.50,33.00,80.00,1600.00,0.00,平仓价,2796,2018-12-07 00:00:00,1,0,2024-07-17 06:08:13,0,2024-07-17 06:08:13,,,
2018-12-06,1/3焦煤,大连港,鹤岗市,,0.25,7.50,18.00,70.00,1530.00,0.00,平仓价,2797,2018-12-06 00:00:00,1,0,2024-07-17 06:08:13,0,2024-07-17 06:08:13,,,
2018-12-06,1/3焦煤,大连港,俄罗斯,,0.75,8.50,33.00,80.00,1600.00,0.00,平仓价,2798,2018-12-06 00:00:00,1,0,2024-07-17 06:08:13,0,2024-07-17 06:08:13,,,
2018-12-05,1/3焦煤,大连港,鹤岗市,,0.25,7.50,18.00,70.00,1530.00,0.00,平仓价,2799,2018-12-05 00:00:00,1,0,2024-07-17 06:08:13,0,2024-07-17 06:08:13,,,
2018-12-05,1/3焦煤,大连港,俄罗斯,,0.75,8.50,33.00,80.00,1600.00,0.00,平仓价,2800,2018-12-05 00:00:00,1,0,2024-07-17 06:08:13,0,2024-07-17 06:08:13,,,
2018-12-04,1/3焦煤,大连港,鹤岗市,,0.25,7.50,18.00,70.00,1530.00,0.00,平仓价,2801,2018-12-04 00:00:00,1,0,2024-07-17 06:08:13,0,2024-07-17 06:08:13,,,
2018-12-04,1/3焦煤,大连港,俄罗斯,,0.75,8.50,33.00,80.00,1600.00,0.00,平仓价,2802,2018-12-04 00:00:00,1,0,2024-07-17 06:08:13,0,2024-07-17 06:08:13,,,
2018-12-03,1/3焦煤,大连港,鹤岗市,,0.25,7.50,18.00,70.00,1530.00,0.00,平仓价,2803,2018-12-03 00:00:00,1,0,2024-07-17 06:08:13,0,2024-07-17 06:08:13,,,
2018-12-03,1/3焦煤,大连港,俄罗斯,,0.75,8.50,33.00,80.00,1600.00,0.00,平仓价,2804,2018-12-03 00:00:00,1,0,2024-07-17 06:08:13,0,2024-07-17 06:08:13,,,
2018-11-30,1/3焦煤,大连港,鹤岗市,,0.25,7.50,18.00,70.00,1530.00,0.00,平仓价,2805,2018-11-30 00:00:00,1,0,2024-07-17 06:08:13,0,2024-07-17 06:08:13,,,
2018-11-30,1/3焦煤,大连港,俄罗斯,,0.75,8.50,33.00,80.00,1600.00,0.00,平仓价,2806,2018-11-30 00:00:00,1,0,2024-07-17 06:08:13,0,2024-07-17 06:08:13,,,
2018-11-29,1/3焦煤,大连港,鹤岗市,,0.25,7.50,18.00,70.00,1530.00,0.00,平仓价,2807,2018-11-29 00:00:00,1,0,2024-07-17 06:08:13,0,2024-07-17 06:08:13,,,
2018-11-29,1/3焦煤,大连港,俄罗斯,,0.75,8.50,33.00,80.00,1600.00,0.00,平仓价,2808,2018-11-29 00:00:00,1,0,2024-07-17 06:08:13,0,2024-07-17 06:08:13,,,
2018-11-28,1/3焦煤,大连港,鹤岗市,,0.25,7.50,18.00,70.00,1530.00,0.00,平仓价,2809,2018-11-28 00:00:00,1,0,2024-07-17 06:08:13,0,2024-07-17 06:08:13,,,
2018-11-28,1/3焦煤,大连港,俄罗斯,,0.75,8.50,33.00,80.00,1600.00,0.00,平仓价,2810,2018-11-28 00:00:00,1,0,2024-07-17 06:08:13,0,2024-07-17 06:08:13,,,
2018-11-27,1/3焦煤,大连港,鹤岗市,,0.25,7.50,18.00,70.00,1530.00,0.00,平仓价,2811,2018-11-27 00:00:00,1,0,2024-07-17 06:08:13,0,2024-07-17 06:08:13,,,
2018-11-27,1/3焦煤,大连港,俄罗斯,,0.75,8.50,33.00,80.00,1600.00,0.00,平仓价,2812,2018-11-27 00:00:00,1,0,2024-07-17 06:08:13,0,2024-07-17 06:08:13,,,
2018-11-26,1/3焦煤,大连港,鹤岗市,,0.25,7.50,18.00,70.00,1530.00,0.00,平仓价,2813,2018-11-26 00:00:00,1,0,2024-07-17 06:08:13,0,2024-07-17 06:08:13,,,
2018-11-26,1/3焦煤,大连港,俄罗斯,,0.75,8.50,33.00,80.00,1600.00,0.00,平仓价,2814,2018-11-26 00:00:00,1,0,2024-07-17 06:08:13,0,2024-07-17 06:08:13,,,
2018-11-23,1/3焦煤,大连港,鹤岗市,,0.25,7.50,18.00,70.00,1530.00,30.00,平仓价,2815,2018-11-23 00:00:00,1,0,2024-07-17 06:08:13,0,2024-07-17 06:08:13,,,
2018-11-23,1/3焦煤,大连港,俄罗斯,,0.75,8.50,33.00,80.00,1600.00,50.00,平仓价,2816,2018-11-23 00:00:00,1,0,2024-07-17 06:08:13,0,2024-07-17 06:08:13,,,
2018-11-22,1/3焦煤,大连港,鹤岗市,,0.25,7.50,18.00,70.00,1500.00,0.00,平仓价,2817,2018-11-22 00:00:00,1,0,2024-07-17 06:08:13,0,2024-07-17 06:08:13,,,
2018-11-22,1/3焦煤,大连港,俄罗斯,,0.75,8.50,33.00,80.00,1550.00,0.00,平仓价,2818,2018-11-22 00:00:00,1,0,2024-07-17 06:08:13,0,2024-07-17 06:08:13,,,
2018-11-21,1/3焦煤,大连港,鹤岗市,,0.25,7.50,18.00,70.00,1500.00,0.00,平仓价,2819,2018-11-21 00:00:00,1,0,2024-07-17 06:08:13,0,2024-07-17 06:08:13,,,
2018-11-21,1/3焦煤,大连港,俄罗斯,,0.75,8.50,33.00,80.00,1550.00,0.00,平仓价,2820,2018-11-21 00:00:00,1,0,2024-07-17 06:08:13,0,2024-07-17 06:08:13,,,
2018-11-20,1/3焦煤,大连港,鹤岗市,,0.25,7.50,18.00,70.00,1500.00,0.00,平仓价,2821,2018-11-20 00:00:00,1,0,2024-07-17 06:08:16,0,2024-07-17 06:08:16,,,
2018-11-20,1/3焦煤,大连港,俄罗斯,,0.75,8.50,33.00,80.00,1550.00,0.00,平仓价,2822,2018-11-20 00:00:00,1,0,2024-07-17 06:08:16,0,2024-07-17 06:08:16,,,
2018-11-19,1/3焦煤,大连港,鹤岗市,,0.25,7.50,18.00,70.00,1500.00,0.00,平仓价,2823,2018-11-19 00:00:00,1,0,2024-07-17 06:08:16,0,2024-07-17 06:08:16,,,
2018-11-19,1/3焦煤,大连港,俄罗斯,,0.75,8.50,33.00,80.00,1550.00,0.00,平仓价,2824,2018-11-19 00:00:00,1,0,2024-07-17 06:08:16,0,2024-07-17 06:08:16,,,
2018-11-16,1/3焦煤,大连港,鹤岗市,,0.25,7.50,18.00,70.00,1500.00,0.00,平仓价,2825,2018-11-16 00:00:00,1,0,2024-07-17 06:08:16,0,2024-07-17 06:08:16,,,
2018-11-16,1/3焦煤,大连港,俄罗斯,,0.75,8.50,33.00,80.00,1550.00,0.00,平仓价,2826,2018-11-16 00:00:00,1,0,2024-07-17 06:08:16,0,2024-07-17 06:08:16,,,
2018-11-15,1/3焦煤,大连港,鹤岗市,,0.25,7.50,18.00,70.00,1500.00,0.00,平仓价,2827,2018-11-15 00:00:00,1,0,2024-07-17 06:08:16,0,2024-07-17 06:08:16,,,
2018-11-15,1/3焦煤,大连港,俄罗斯,,0.75,8.50,33.00,80.00,1550.00,0.00,平仓价,2828,2018-11-15 00:00:00,1,0,2024-07-17 06:08:16,0,2024-07-17 06:08:16,,,
2018-11-14,1/3焦煤,大连港,鹤岗市,,0.25,7.50,18.00,70.00,1500.00,0.00,平仓价,2829,2018-11-14 00:00:00,1,0,2024-07-17 06:08:16,0,2024-07-17 06:08:16,,,
2018-11-14,1/3焦煤,大连港,俄罗斯,,0.75,8.50,33.00,80.00,1550.00,0.00,平仓价,2830,2018-11-14 00:00:00,1,0,2024-07-17 06:08:16,0,2024-07-17 06:08:16,,,
2018-11-13,1/3焦煤,大连港,鹤岗市,,0.25,7.50,18.00,70.00,1500.00,0.00,平仓价,2831,2018-11-13 00:00:00,1,0,2024-07-17 06:08:16,0,2024-07-17 06:08:16,,,
2018-11-13,1/3焦煤,大连港,俄罗斯,,0.75,8.50,33.00,80.00,1550.00,0.00,平仓价,2832,2018-11-13 00:00:00,1,0,2024-07-17 06:08:16,0,2024-07-17 06:08:16,,,
2018-11-12,1/3焦煤,大连港,鹤岗市,,0.25,7.50,18.00,70.00,1500.00,0.00,平仓价,2833,2018-11-12 00:00:00,1,0,2024-07-17 06:08:16,0,2024-07-17 06:08:16,,,
2018-11-12,1/3焦煤,大连港,俄罗斯,,0.75,8.50,33.00,80.00,1550.00,0.00,平仓价,2834,2018-11-12 00:00:00,1,0,2024-07-17 06:08:16,0,2024-07-17 06:08:16,,,
2018-11-09,1/3焦煤,大连港,鹤岗市,,0.25,7.50,18.00,70.00,1500.00,0.00,平仓价,2835,2018-11-09 00:00:00,1,0,2024-07-17 06:08:16,0,2024-07-17 06:08:16,,,
2018-11-09,1/3焦煤,大连港,俄罗斯,,0.75,8.50,33.00,80.00,1550.00,0.00,平仓价,2836,2018-11-09 00:00:00,1,0,2024-07-17 06:08:16,0,2024-07-17 06:08:16,,,
2018-11-08,1/3焦煤,大连港,鹤岗市,,0.25,7.50,18.00,70.00,1500.00,0.00,平仓价,2837,2018-11-08 00:00:00,1,0,2024-07-17 06:08:16,0,2024-07-17 06:08:16,,,
2018-11-08,1/3焦煤,大连港,俄罗斯,,0.75,8.50,33.00,80.00,1550.00,30.00,平仓价,2838,2018-11-08 00:00:00,1,0,2024-07-17 06:08:16,0,2024-07-17 06:08:16,,,
2018-11-07,1/3焦煤,大连港,鹤岗市,,0.25,7.50,18.00,70.00,1500.00,0.00,平仓价,2839,2018-11-07 00:00:00,1,0,2024-07-17 06:08:16,0,2024-07-17 06:08:16,,,
2018-11-07,1/3焦煤,大连港,俄罗斯,,0.75,8.50,33.00,80.00,1520.00,0.00,平仓价,2840,2018-11-07 00:00:00,1,0,2024-07-17 06:08:16,0,2024-07-17 06:08:16,,,
2018-11-06,1/3焦煤,大连港,鹤岗市,,0.25,7.50,18.00,70.00,1500.00,0.00,平仓价,2841,2018-11-06 00:00:00,1,0,2024-07-17 06:08:16,0,2024-07-17 06:08:16,,,
2018-11-06,1/3焦煤,大连港,俄罗斯,,0.75,8.50,33.00,80.00,1520.00,0.00,平仓价,2842,2018-11-06 00:00:00,1,0,2024-07-17 06:08:16,0,2024-07-17 06:08:16,,,
2018-11-05,1/3焦煤,大连港,鹤岗市,,0.25,7.50,18.00,70.00,1500.00,0.00,平仓价,2843,2018-11-05 00:00:00,1,0,2024-07-17 06:08:16,0,2024-07-17 06:08:16,,,
2018-11-05,1/3焦煤,大连港,俄罗斯,,0.75,8.50,33.00,80.00,1520.00,0.00,平仓价,2844,2018-11-05 00:00:00,1,0,2024-07-17 06:08:16,0,2024-07-17 06:08:16,,,
2018-11-02,1/3焦煤,大连港,鹤岗市,,0.25,7.50,18.00,70.00,1500.00,0.00,平仓价,2845,2018-11-02 00:00:00,1,0,2024-07-17 06:08:16,0,2024-07-17 06:08:16,,,
2018-11-02,1/3焦煤,大连港,俄罗斯,,0.75,8.50,33.00,80.00,1520.00,0.00,平仓价,2846,2018-11-02 00:00:00,1,0,2024-07-17 06:08:16,0,2024-07-17 06:08:16,,,
2018-11-01,1/3焦煤,大连港,鹤岗市,,0.25,7.50,18.00,70.00,1500.00,0.00,平仓价,2847,2018-11-01 00:00:00,1,0,2024-07-17 06:08:16,0,2024-07-17 06:08:16,,,
2018-11-01,1/3焦煤,大连港,俄罗斯,,0.75,8.50,33.00,80.00,1520.00,0.00,平仓价,2848,2018-11-01 00:00:00,1,0,2024-07-17 06:08:16,0,2024-07-17 06:08:16,,,
2018-10-31,1/3焦煤,大连港,鹤岗市,,0.25,7.50,18.00,70.00,1500.00,0.00,平仓价,2849,2018-10-31 00:00:00,1,0,2024-07-17 06:08:16,0,2024-07-17 06:08:16,,,
2018-10-31,1/3焦煤,大连港,俄罗斯,,0.75,8.50,33.00,80.00,1520.00,0.00,平仓价,2850,2018-10-31 00:00:00,1,0,2024-07-17 06:08:16,0,2024-07-17 06:08:16,,,
2018-10-30,1/3焦煤,大连港,鹤岗市,,0.25,7.50,18.00,70.00,1500.00,0.00,平仓价,2851,2018-10-30 00:00:00,1,0,2024-07-17 06:08:19,0,2024-07-17 06:08:19,,,
2018-10-30,1/3焦煤,大连港,俄罗斯,,0.75,8.50,33.00,80.00,1520.00,0.00,平仓价,2852,2018-10-30 00:00:00,1,0,2024-07-17 06:08:19,0,2024-07-17 06:08:19,,,
2018-10-29,1/3焦煤,大连港,鹤岗市,,0.25,7.50,18.00,70.00,1500.00,0.00,平仓价,2853,2018-10-29 00:00:00,1,0,2024-07-17 06:08:19,0,2024-07-17 06:08:19,,,
2018-10-29,1/3焦煤,大连港,俄罗斯,,0.75,8.50,33.00,80.00,1520.00,0.00,平仓价,2854,2018-10-29 00:00:00,1,0,2024-07-17 06:08:19,0,2024-07-17 06:08:19,,,
2018-10-26,1/3焦煤,大连港,鹤岗市,,0.25,7.50,18.00,70.00,1500.00,0.00,平仓价,2855,2018-10-26 00:00:00,1,0,2024-07-17 06:08:19,0,2024-07-17 06:08:19,,,
2018-10-26,1/3焦煤,大连港,俄罗斯,,0.75,8.50,33.00,80.00,1520.00,0.00,平仓价,2856,2018-10-26 00:00:00,1,0,2024-07-17 06:08:19,0,2024-07-17 06:08:19,,,
2018-10-25,1/3焦煤,大连港,鹤岗市,,0.25,7.50,18.00,70.00,1500.00,0.00,平仓价,2857,2018-10-25 00:00:00,1,0,2024-07-17 06:08:19,0,2024-07-17 06:08:19,,,
2018-10-25,1/3焦煤,大连港,俄罗斯,,0.75,8.50,33.00,80.00,1520.00,0.00,平仓价,2858,2018-10-25 00:00:00,1,0,2024-07-17 06:08:19,0,2024-07-17 06:08:19,,,
2018-10-24,1/3焦煤,大连港,鹤岗市,,0.25,7.50,18.00,70.00,1500.00,0.00,平仓价,2859,2018-10-24 00:00:00,1,0,2024-07-17 06:08:19,0,2024-07-17 06:08:19,,,
2018-10-24,1/3焦煤,大连港,俄罗斯,,0.75,8.50,33.00,80.00,1520.00,100.00,平仓价,2860,2018-10-24 00:00:00,1,0,2024-07-17 06:08:19,0,2024-07-17 06:08:19,,,
2018-10-23,1/3焦煤,大连港,鹤岗市,,0.25,7.50,18.00,70.00,1500.00,0.00,平仓价,2861,2018-10-23 00:00:00,1,0,2024-07-17 06:08:19,0,2024-07-17 06:08:19,,,
2018-10-23,1/3焦煤,大连港,俄罗斯,,0.75,8.50,33.00,80.00,1420.00,0.00,平仓价,2862,2018-10-23 00:00:00,1,0,2024-07-17 06:08:19,0,2024-07-17 06:08:19,,,
2018-10-22,1/3焦煤,大连港,鹤岗市,,0.25,7.50,18.00,70.00,1500.00,0.00,平仓价,2863,2018-10-22 00:00:00,1,0,2024-07-17 06:08:19,0,2024-07-17 06:08:19,,,
2018-10-22,1/3焦煤,大连港,俄罗斯,,0.75,8.50,33.00,80.00,1420.00,0.00,平仓价,2864,2018-10-22 00:00:00,1,0,2024-07-17 06:08:19,0,2024-07-17 06:08:19,,,
2018-10-19,1/3焦煤,大连港,鹤岗市,,0.25,7.50,18.00,70.00,1500.00,0.00,平仓价,2865,2018-10-19 00:00:00,1,0,2024-07-17 06:08:19,0,2024-07-17 06:08:19,,,
2018-10-19,1/3焦煤,大连港,俄罗斯,,0.75,8.50,33.00,80.00,1420.00,0.00,平仓价,2866,2018-10-19 00:00:00,1,0,2024-07-17 06:08:19,0,2024-07-17 06:08:19,,,
2018-10-18,1/3焦煤,大连港,鹤岗市,,0.25,7.50,18.00,70.00,1500.00,0.00,平仓价,2867,2018-10-18 00:00:00,1,0,2024-07-17 06:08:19,0,2024-07-17 06:08:19,,,
2018-10-18,1/3焦煤,大连港,俄罗斯,,0.75,8.50,33.00,80.00,1420.00,0.00,平仓价,2868,2018-10-18 00:00:00,1,0,2024-07-17 06:08:19,0,2024-07-17 06:08:19,,,
2018-10-17,1/3焦煤,大连港,鹤岗市,,0.25,7.50,18.00,70.00,1500.00,0.00,平仓价,2869,2018-10-17 00:00:00,1,0,2024-07-17 06:08:19,0,2024-07-17 06:08:19,,,
2018-10-17,1/3焦煤,大连港,俄罗斯,,0.75,8.50,33.00,80.00,1420.00,0.00,平仓价,2870,2018-10-17 00:00:00,1,0,2024-07-17 06:08:19,0,2024-07-17 06:08:19,,,
2018-10-16,1/3焦煤,大连港,鹤岗市,,0.25,7.50,18.00,70.00,1500.00,0.00,平仓价,2871,2018-10-16 00:00:00,1,0,2024-07-17 06:08:19,0,2024-07-17 06:08:19,,,
2018-10-16,1/3焦煤,大连港,俄罗斯,,0.75,8.50,33.00,80.00,1420.00,0.00,平仓价,2872,2018-10-16 00:00:00,1,0,2024-07-17 06:08:19,0,2024-07-17 06:08:19,,,
2018-10-15,1/3焦煤,大连港,鹤岗市,,0.25,7.50,18.00,70.00,1500.00,0.00,平仓价,2873,2018-10-15 00:00:00,1,0,2024-07-17 06:08:19,0,2024-07-17 06:08:19,,,
2018-10-15,1/3焦煤,大连港,俄罗斯,,0.75,8.50,33.00,80.00,1420.00,0.00,平仓价,2874,2018-10-15 00:00:00,1,0,2024-07-17 06:08:19,0,2024-07-17 06:08:19,,,
2018-10-12,1/3焦煤,大连港,鹤岗市,,0.25,7.50,18.00,70.00,1500.00,0.00,平仓价,2875,2018-10-12 00:00:00,1,0,2024-07-17 06:08:19,0,2024-07-17 06:08:19,,,
2018-10-12,1/3焦煤,大连港,俄罗斯,,0.75,8.50,33.00,80.00,1420.00,0.00,平仓价,2876,2018-10-12 00:00:00,1,0,2024-07-17 06:08:19,0,2024-07-17 06:08:19,,,
2018-10-11,1/3焦煤,大连港,鹤岗市,,0.25,7.50,18.00,70.00,1500.00,0.00,平仓价,2877,2018-10-11 00:00:00,1,0,2024-07-17 06:08:19,0,2024-07-17 06:08:19,,,
2018-10-11,1/3焦煤,大连港,俄罗斯,,0.75,8.50,33.00,80.00,1420.00,0.00,平仓价,2878,2018-10-11 00:00:00,1,0,2024-07-17 06:08:19,0,2024-07-17 06:08:19,,,
2018-10-10,1/3焦煤,大连港,鹤岗市,,0.25,7.50,18.00,70.00,1500.00,0.00,平仓价,2879,2018-10-10 00:00:00,1,0,2024-07-17 06:08:19,0,2024-07-17 06:08:19,,,
2018-10-10,1/3焦煤,大连港,俄罗斯,,0.75,8.50,33.00,80.00,1420.00,0.00,平仓价,2880,2018-10-10 00:00:00,1,0,2024-07-17 06:08:19,0,2024-07-17 06:08:19,,,
2018-10-09,1/3焦煤,大连港,鹤岗市,,0.25,7.50,18.00,70.00,1500.00,0.00,平仓价,2881,2018-10-09 00:00:00,1,0,2024-07-17 06:08:22,0,2024-07-17 06:08:22,,,
2018-10-09,1/3焦煤,大连港,俄罗斯,,0.75,8.50,33.00,80.00,1420.00,0.00,平仓价,2882,2018-10-09 00:00:00,1,0,2024-07-17 06:08:22,0,2024-07-17 06:08:22,,,
2018-10-08,1/3焦煤,大连港,鹤岗市,,0.25,7.50,18.00,70.00,1500.00,0.00,平仓价,2883,2018-10-08 00:00:00,1,0,2024-07-17 06:08:22,0,2024-07-17 06:08:22,,,
2018-10-08,1/3焦煤,大连港,俄罗斯,,0.75,8.50,33.00,80.00,1420.00,0.00,平仓价,2884,2018-10-08 00:00:00,1,0,2024-07-17 06:08:22,0,2024-07-17 06:08:22,,,
2018-09-30,1/3焦煤,大连港,鹤岗市,,0.25,7.50,18.00,70.00,1500.00,0.00,平仓价,2885,2018-09-30 00:00:00,1,0,2024-07-17 06:08:22,0,2024-07-17 06:08:22,,,
2018-09-30,1/3焦煤,大连港,俄罗斯,,0.75,8.50,33.00,80.00,1420.00,0.00,平仓价,2886,2018-09-30 00:00:00,1,0,2024-07-17 06:08:22,0,2024-07-17 06:08:22,,,
2018-09-29,1/3焦煤,大连港,鹤岗市,,0.25,7.50,18.00,70.00,1500.00,0.00,平仓价,2887,2018-09-29 00:00:00,1,0,2024-07-17 06:08:22,0,2024-07-17 06:08:22,,,
2018-09-29,1/3焦煤,大连港,俄罗斯,,0.75,8.50,33.00,80.00,1420.00,0.00,平仓价,2888,2018-09-29 00:00:00,1,0,2024-07-17 06:08:22,0,2024-07-17 06:08:22,,,
2018-09-28,1/3焦煤,大连港,鹤岗市,,0.25,7.50,18.00,70.00,1500.00,0.00,平仓价,2889,2018-09-28 00:00:00,1,0,2024-07-17 06:08:22,0,2024-07-17 06:08:22,,,
2018-09-28,1/3焦煤,大连港,俄罗斯,,0.75,8.50,33.00,80.00,1420.00,0.00,平仓价,2890,2018-09-28 00:00:00,1,0,2024-07-17 06:08:22,0,2024-07-17 06:08:22,,,
2018-09-27,1/3焦煤,大连港,鹤岗市,,0.25,7.50,18.00,70.00,1500.00,0.00,平仓价,2891,2018-09-27 00:00:00,1,0,2024-07-17 06:08:22,0,2024-07-17 06:08:22,,,
2018-09-27,1/3焦煤,大连港,俄罗斯,,0.75,8.50,33.00,80.00,1420.00,0.00,平仓价,2892,2018-09-27 00:00:00,1,0,2024-07-17 06:08:22,0,2024-07-17 06:08:22,,,
2018-09-26,1/3焦煤,大连港,鹤岗市,,0.25,7.50,18.00,70.00,1500.00,0.00,平仓价,2893,2018-09-26 00:00:00,1,0,2024-07-17 06:08:22,0,2024-07-17 06:08:22,,,
2018-09-26,1/3焦煤,大连港,俄罗斯,,0.75,8.50,33.00,80.00,1420.00,0.00,平仓价,2894,2018-09-26 00:00:00,1,0,2024-07-17 06:08:22,0,2024-07-17 06:08:22,,,
2018-09-25,1/3焦煤,大连港,鹤岗市,,0.25,7.50,18.00,70.00,1500.00,0.00,平仓价,2895,2018-09-25 00:00:00,1,0,2024-07-17 06:08:22,0,2024-07-17 06:08:22,,,
2018-09-25,1/3焦煤,大连港,俄罗斯,,0.75,8.50,33.00,80.00,1420.00,0.00,平仓价,2896,2018-09-25 00:00:00,1,0,2024-07-17 06:08:22,0,2024-07-17 06:08:22,,,
2018-09-21,1/3焦煤,大连港,鹤岗市,,0.25,7.50,18.00,70.00,1500.00,0.00,平仓价,2897,2018-09-21 00:00:00,1,0,2024-07-17 06:08:22,0,2024-07-17 06:08:22,,,
2018-09-21,1/3焦煤,大连港,俄罗斯,,0.75,8.50,33.00,80.00,1420.00,0.00,平仓价,2898,2018-09-21 00:00:00,1,0,2024-07-17 06:08:22,0,2024-07-17 06:08:22,,,
2018-09-20,1/3焦煤,大连港,鹤岗市,,0.25,7.50,18.00,70.00,1500.00,0.00,平仓价,2899,2018-09-20 00:00:00,1,0,2024-07-17 06:08:22,0,2024-07-17 06:08:22,,,
2018-09-20,1/3焦煤,大连港,俄罗斯,,0.75,8.50,33.00,80.00,1420.00,0.00,平仓价,2900,2018-09-20 00:00:00,1,0,2024-07-17 06:08:22,0,2024-07-17 06:08:22,,,
2018-09-19,1/3焦煤,大连港,鹤岗市,,0.25,7.50,18.00,70.00,1500.00,0.00,平仓价,2901,2018-09-19 00:00:00,1,0,2024-07-17 06:08:22,0,2024-07-17 06:08:22,,,
2018-09-19,1/3焦煤,大连港,俄罗斯,,0.75,8.50,33.00,80.00,1420.00,0.00,平仓价,2902,2018-09-19 00:00:00,1,0,2024-07-17 06:08:22,0,2024-07-17 06:08:22,,,
2018-09-18,1/3焦煤,大连港,鹤岗市,,0.25,7.50,18.00,70.00,1500.00,0.00,平仓价,2903,2018-09-18 00:00:00,1,0,2024-07-17 06:08:22,0,2024-07-17 06:08:22,,,
2018-09-18,1/3焦煤,大连港,俄罗斯,,0.75,8.50,33.00,80.00,1420.00,0.00,平仓价,2904,2018-09-18 00:00:00,1,0,2024-07-17 06:08:22,0,2024-07-17 06:08:22,,,
2018-09-17,1/3焦煤,大连港,鹤岗市,,0.25,7.50,18.00,70.00,1500.00,0.00,平仓价,2905,2018-09-17 00:00:00,1,0,2024-07-17 06:08:22,0,2024-07-17 06:08:22,,,
2018-09-17,1/3焦煤,大连港,俄罗斯,,0.75,8.50,33.00,80.00,1420.00,0.00,平仓价,2906,2018-09-17 00:00:00,1,0,2024-07-17 06:08:22,0,2024-07-17 06:08:22,,,
2018-09-14,1/3焦煤,大连港,鹤岗市,,0.25,7.50,18.00,70.00,1500.00,0.00,平仓价,2907,2018-09-14 00:00:00,1,0,2024-07-17 06:08:22,0,2024-07-17 06:08:22,,,
2018-09-14,1/3焦煤,大连港,俄罗斯,,0.75,8.50,33.00,80.00,1420.00,0.00,平仓价,2908,2018-09-14 00:00:00,1,0,2024-07-17 06:08:22,0,2024-07-17 06:08:22,,,
2018-09-13,1/3焦煤,大连港,鹤岗市,,0.25,7.50,18.00,70.00,1500.00,0.00,平仓价,2909,2018-09-13 00:00:00,1,0,2024-07-17 06:08:22,0,2024-07-17 06:08:22,,,
2018-09-13,1/3焦煤,大连港,俄罗斯,,0.75,8.50,33.00,80.00,1420.00,0.00,平仓价,2910,2018-09-13 00:00:00,1,0,2024-07-17 06:08:22,0,2024-07-17 06:08:22,,,
2018-09-12,1/3焦煤,大连港,鹤岗市,,0.25,7.50,18.00,70.00,1500.00,0.00,平仓价,2911,2018-09-12 00:00:00,1,0,2024-07-17 06:08:25,0,2024-07-17 06:08:25,,,
2018-09-12,1/3焦煤,大连港,俄罗斯,,0.75,8.50,33.00,80.00,1420.00,0.00,平仓价,2912,2018-09-12 00:00:00,1,0,2024-07-17 06:08:25,0,2024-07-17 06:08:25,,,
2018-09-11,1/3焦煤,大连港,鹤岗市,,0.25,7.50,18.00,70.00,1500.00,0.00,平仓价,2913,2018-09-11 00:00:00,1,0,2024-07-17 06:08:25,0,2024-07-17 06:08:25,,,
2018-09-11,1/3焦煤,大连港,俄罗斯,,0.75,8.50,33.00,80.00,1420.00,0.00,平仓价,2914,2018-09-11 00:00:00,1,0,2024-07-17 06:08:25,0,2024-07-17 06:08:25,,,
2018-09-10,1/3焦煤,大连港,鹤岗市,,0.25,7.50,18.00,70.00,1500.00,0.00,平仓价,2915,2018-09-10 00:00:00,1,0,2024-07-17 06:08:25,0,2024-07-17 06:08:25,,,
2018-09-10,1/3焦煤,大连港,俄罗斯,,0.75,8.50,33.00,80.00,1420.00,30.00,平仓价,2916,2018-09-10 00:00:00,1,0,2024-07-17 06:08:25,0,2024-07-17 06:08:25,,,
2018-09-07,1/3焦煤,大连港,鹤岗市,,0.25,7.50,18.00,70.00,1500.00,0.00,平仓价,2917,2018-09-07 00:00:00,1,0,2024-07-17 06:08:25,0,2024-07-17 06:08:25,,,
2018-09-07,1/3焦煤,大连港,俄罗斯,,0.75,8.50,33.00,80.00,1390.00,0.00,平仓价,2918,2018-09-07 00:00:00,1,0,2024-07-17 06:08:25,0,2024-07-17 06:08:25,,,
2018-09-06,1/3焦煤,大连港,鹤岗市,,0.25,7.50,18.00,70.00,1500.00,30.00,平仓价,2919,2018-09-06 00:00:00,1,0,2024-07-17 06:08:25,0,2024-07-17 06:08:25,,,
2018-09-06,1/3焦煤,大连港,俄罗斯,,0.75,8.50,33.00,80.00,1390.00,50.00,平仓价,2920,2018-09-06 00:00:00,1,0,2024-07-17 06:08:25,0,2024-07-17 06:08:25,,,
2018-09-05,1/3焦煤,大连港,鹤岗市,,0.25,7.50,18.00,70.00,1470.00,0.00,平仓价,2921,2018-09-05 00:00:00,1,0,2024-07-17 06:08:25,0,2024-07-17 06:08:25,,,
2018-09-05,1/3焦煤,大连港,俄罗斯,,0.75,8.50,33.00,80.00,1340.00,0.00,平仓价,2922,2018-09-05 00:00:00,1,0,2024-07-17 06:08:25,0,2024-07-17 06:08:25,,,
2018-09-04,1/3焦煤,大连港,鹤岗市,,0.25,7.50,18.00,70.00,1470.00,0.00,平仓价,2923,2018-09-04 00:00:00,1,0,2024-07-17 06:08:25,0,2024-07-17 06:08:25,,,
2018-09-04,1/3焦煤,大连港,俄罗斯,,0.75,8.50,33.00,80.00,1340.00,-50.00,平仓价,2924,2018-09-04 00:00:00,1,0,2024-07-17 06:08:25,0,2024-07-17 06:08:25,,,
2018-09-03,1/3焦煤,大连港,鹤岗市,,0.25,7.50,18.00,70.00,1470.00,0.00,平仓价,2925,2018-09-03 00:00:00,1,0,2024-07-17 06:08:25,0,2024-07-17 06:08:25,,,
2018-09-03,1/3焦煤,大连港,俄罗斯,,0.75,8.50,33.00,80.00,1390.00,0.00,平仓价,2926,2018-09-03 00:00:00,1,0,2024-07-17 06:08:25,0,2024-07-17 06:08:25,,,
2018-08-31,1/3焦煤,大连港,鹤岗市,,0.25,7.50,18.00,70.00,1470.00,0.00,平仓价,2927,2018-08-31 00:00:00,1,0,2024-07-17 06:08:25,0,2024-07-17 06:08:25,,,
2018-08-31,1/3焦煤,大连港,俄罗斯,,0.75,8.50,33.00,80.00,1390.00,0.00,平仓价,2928,2018-08-31 00:00:00,1,0,2024-07-17 06:08:25,0,2024-07-17 06:08:25,,,
2018-08-30,1/3焦煤,大连港,鹤岗市,,0.25,7.50,18.00,70.00,1470.00,0.00,平仓价,2929,2018-08-30 00:00:00,1,0,2024-07-17 06:08:25,0,2024-07-17 06:08:25,,,
2018-08-30,1/3焦煤,大连港,俄罗斯,,0.75,8.50,33.00,80.00,1390.00,0.00,平仓价,2930,2018-08-30 00:00:00,1,0,2024-07-17 06:08:25,0,2024-07-17 06:08:25,,,
2018-08-29,1/3焦煤,大连港,鹤岗市,,0.25,7.50,18.00,70.00,1470.00,0.00,平仓价,2931,2018-08-29 00:00:00,1,0,2024-07-17 06:08:25,0,2024-07-17 06:08:25,,,
2018-08-29,1/3焦煤,大连港,俄罗斯,,0.75,8.50,33.00,80.00,1390.00,0.00,平仓价,2932,2018-08-29 00:00:00,1,0,2024-07-17 06:08:25,0,2024-07-17 06:08:25,,,
2018-08-28,1/3焦煤,大连港,鹤岗市,,0.25,7.50,18.00,70.00,1470.00,0.00,平仓价,2933,2018-08-28 00:00:00,1,0,2024-07-17 06:08:25,0,2024-07-17 06:08:25,,,
2018-08-28,1/3焦煤,大连港,俄罗斯,,0.75,8.50,33.00,80.00,1390.00,0.00,平仓价,2934,2018-08-28 00:00:00,1,0,2024-07-17 06:08:25,0,2024-07-17 06:08:25,,,
2018-08-27,1/3焦煤,大连港,鹤岗市,,0.25,7.50,18.00,70.00,1470.00,0.00,平仓价,2935,2018-08-27 00:00:00,1,0,2024-07-17 06:08:25,0,2024-07-17 06:08:25,,,
2018-08-27,1/3焦煤,大连港,俄罗斯,,0.75,8.50,33.00,80.00,1390.00,0.00,平仓价,2936,2018-08-27 00:00:00,1,0,2024-07-17 06:08:25,0,2024-07-17 06:08:25,,,
2018-08-24,1/3焦煤,大连港,鹤岗市,,0.25,7.50,18.00,70.00,1470.00,0.00,平仓价,2937,2018-08-24 00:00:00,1,0,2024-07-17 06:08:25,0,2024-07-17 06:08:25,,,
2018-08-24,1/3焦煤,大连港,俄罗斯,,0.75,8.50,33.00,80.00,1390.00,0.00,平仓价,2938,2018-08-24 00:00:00,1,0,2024-07-17 06:08:25,0,2024-07-17 06:08:25,,,
2018-08-23,1/3焦煤,大连港,鹤岗市,,0.25,7.50,18.00,70.00,1470.00,0.00,平仓价,2939,2018-08-23 00:00:00,1,0,2024-07-17 06:08:25,0,2024-07-17 06:08:25,,,
2018-08-23,1/3焦煤,大连港,俄罗斯,,0.75,8.50,33.00,80.00,1390.00,0.00,平仓价,2940,2018-08-23 00:00:00,1,0,2024-07-17 06:08:25,0,2024-07-17 06:08:25,,,
2018-08-22,1/3焦煤,大连港,鹤岗市,,0.25,7.50,18.00,70.00,1470.00,0.00,平仓价,2941,2018-08-22 00:00:00,1,0,2024-07-17 06:08:28,0,2024-07-17 06:08:28,,,
2018-08-22,1/3焦煤,大连港,俄罗斯,,0.75,8.50,33.00,80.00,1390.00,0.00,平仓价,2942,2018-08-22 00:00:00,1,0,2024-07-17 06:08:28,0,2024-07-17 06:08:28,,,
2018-08-21,1/3焦煤,大连港,鹤岗市,,0.25,7.50,18.00,70.00,1470.00,0.00,平仓价,2943,2018-08-21 00:00:00,1,0,2024-07-17 06:08:28,0,2024-07-17 06:08:28,,,
2018-08-21,1/3焦煤,大连港,俄罗斯,,0.75,8.50,33.00,80.00,1390.00,0.00,平仓价,2944,2018-08-21 00:00:00,1,0,2024-07-17 06:08:28,0,2024-07-17 06:08:28,,,
2018-08-20,1/3焦煤,大连港,鹤岗市,,0.25,7.50,18.00,70.00,1470.00,0.00,平仓价,2945,2018-08-20 00:00:00,1,0,2024-07-17 06:08:28,0,2024-07-17 06:08:28,,,
2018-08-20,1/3焦煤,大连港,俄罗斯,,0.75,8.50,33.00,80.00,1390.00,0.00,平仓价,2946,2018-08-20 00:00:00,1,0,2024-07-17 06:08:28,0,2024-07-17 06:08:28,,,
2018-08-17,1/3焦煤,大连港,鹤岗市,,0.25,7.50,18.00,70.00,1470.00,0.00,平仓价,2947,2018-08-17 00:00:00,1,0,2024-07-17 06:08:28,0,2024-07-17 06:08:28,,,
2018-08-17,1/3焦煤,大连港,俄罗斯,,0.75,8.50,33.00,80.00,1390.00,0.00,平仓价,2948,2018-08-17 00:00:00,1,0,2024-07-17 06:08:28,0,2024-07-17 06:08:28,,,
2018-08-16,1/3焦煤,大连港,鹤岗市,,0.25,7.50,18.00,70.00,1470.00,0.00,平仓价,2949,2018-08-16 00:00:00,1,0,2024-07-17 06:08:28,0,2024-07-17 06:08:28,,,
2018-08-16,1/3焦煤,大连港,俄罗斯,,0.75,8.50,33.00,80.00,1390.00,0.00,平仓价,2950,2018-08-16 00:00:00,1,0,2024-07-17 06:08:28,0,2024-07-17 06:08:28,,,
2018-08-15,1/3焦煤,大连港,鹤岗市,,0.25,7.50,18.00,70.00,1470.00,0.00,平仓价,2951,2018-08-15 00:00:00,1,0,2024-07-17 06:08:28,0,2024-07-17 06:08:28,,,
2018-08-15,1/3焦煤,大连港,俄罗斯,,0.75,8.50,33.00,80.00,1390.00,0.00,平仓价,2952,2018-08-15 00:00:00,1,0,2024-07-17 06:08:28,0,2024-07-17 06:08:28,,,
2018-08-14,1/3焦煤,大连港,鹤岗市,,0.25,7.50,18.00,70.00,1470.00,0.00,平仓价,2953,2018-08-14 00:00:00,1,0,2024-07-17 06:08:28,0,2024-07-17 06:08:28,,,
2018-08-14,1/3焦煤,大连港,俄罗斯,,0.75,8.50,33.00,80.00,1390.00,0.00,平仓价,2954,2018-08-14 00:00:00,1,0,2024-07-17 06:08:28,0,2024-07-17 06:08:28,,,
2018-08-13,1/3焦煤,大连港,鹤岗市,,0.25,7.50,18.00,70.00,1470.00,0.00,平仓价,2955,2018-08-13 00:00:00,1,0,2024-07-17 06:08:28,0,2024-07-17 06:08:28,,,
2018-08-13,1/3焦煤,大连港,俄罗斯,,0.75,8.50,33.00,80.00,1390.00,0.00,平仓价,2956,2018-08-13 00:00:00,1,0,2024-07-17 06:08:28,0,2024-07-17 06:08:28,,,
2018-08-10,1/3焦煤,大连港,鹤岗市,,0.25,7.50,18.00,70.00,1470.00,0.00,平仓价,2957,2018-08-10 00:00:00,1,0,2024-07-17 06:08:28,0,2024-07-17 06:08:28,,,
2018-08-10,1/3焦煤,大连港,俄罗斯,,0.75,8.50,33.00,80.00,1390.00,0.00,平仓价,2958,2018-08-10 00:00:00,1,0,2024-07-17 06:08:28,0,2024-07-17 06:08:28,,,
2018-08-09,1/3焦煤,大连港,鹤岗市,,0.25,7.50,18.00,70.00,1470.00,0.00,平仓价,2959,2018-08-09 00:00:00,1,0,2024-07-17 06:08:28,0,2024-07-17 06:08:28,,,
2018-08-09,1/3焦煤,大连港,俄罗斯,,0.75,8.50,33.00,80.00,1390.00,0.00,平仓价,2960,2018-08-09 00:00:00,1,0,2024-07-17 06:08:28,0,2024-07-17 06:08:28,,,
2018-08-08,1/3焦煤,大连港,鹤岗市,,0.25,7.50,18.00,70.00,1470.00,0.00,平仓价,2961,2018-08-08 00:00:00,1,0,2024-07-17 06:08:28,0,2024-07-17 06:08:28,,,
2018-08-08,1/3焦煤,大连港,俄罗斯,,0.75,8.50,33.00,80.00,1390.00,0.00,平仓价,2962,2018-08-08 00:00:00,1,0,2024-07-17 06:08:28,0,2024-07-17 06:08:28,,,
2018-08-07,1/3焦煤,大连港,鹤岗市,,0.25,7.50,18.00,70.00,1470.00,0.00,平仓价,2963,2018-08-07 00:00:00,1,0,2024-07-17 06:08:28,0,2024-07-17 06:08:28,,,
2018-08-07,1/3焦煤,大连港,俄罗斯,,0.75,8.50,33.00,80.00,1390.00,0.00,平仓价,2964,2018-08-07 00:00:00,1,0,2024-07-17 06:08:28,0,2024-07-17 06:08:28,,,
2018-08-06,1/3焦煤,大连港,鹤岗市,,0.25,7.50,18.00,70.00,1470.00,0.00,平仓价,2965,2018-08-06 00:00:00,1,0,2024-07-17 06:08:28,0,2024-07-17 06:08:28,,,
2018-08-06,1/3焦煤,大连港,俄罗斯,,0.75,8.50,33.00,80.00,1390.00,0.00,平仓价,2966,2018-08-06 00:00:00,1,0,2024-07-17 06:08:28,0,2024-07-17 06:08:28,,,
2018-08-03,1/3焦煤,大连港,鹤岗市,,0.25,7.50,18.00,70.00,1470.00,0.00,平仓价,2967,2018-08-03 00:00:00,1,0,2024-07-17 06:08:28,0,2024-07-17 06:08:28,,,
2018-08-03,1/3焦煤,大连港,俄罗斯,,0.75,8.50,33.00,80.00,1390.00,-50.00,平仓价,2968,2018-08-03 00:00:00,1,0,2024-07-17 06:08:28,0,2024-07-17 06:08:28,,,
2018-08-02,1/3焦煤,大连港,鹤岗市,,0.25,7.50,18.00,70.00,1470.00,0.00,平仓价,2969,2018-08-02 00:00:00,1,0,2024-07-17 06:08:28,0,2024-07-17 06:08:28,,,
2018-08-02,1/3焦煤,大连港,俄罗斯,,0.75,8.50,33.00,80.00,1440.00,0.00,平仓价,2970,2018-08-02 00:00:00,1,0,2024-07-17 06:08:28,0,2024-07-17 06:08:28,,,
2018-08-01,1/3焦煤,大连港,鹤岗市,,0.25,7.50,18.00,70.00,1470.00,0.00,平仓价,2971,2018-08-01 00:00:00,1,0,2024-07-17 06:08:31,0,2024-07-17 06:08:31,,,
2018-08-01,1/3焦煤,大连港,俄罗斯,,0.75,8.50,33.00,80.00,1440.00,0.00,平仓价,2972,2018-08-01 00:00:00,1,0,2024-07-17 06:08:31,0,2024-07-17 06:08:31,,,
2018-07-31,1/3焦煤,大连港,鹤岗市,,0.25,7.50,18.00,70.00,1470.00,0.00,平仓价,2973,2018-07-31 00:00:00,1,0,2024-07-17 06:08:31,0,2024-07-17 06:08:31,,,
2018-07-31,1/3焦煤,大连港,俄罗斯,,0.75,8.50,33.00,80.00,1440.00,0.00,平仓价,2974,2018-07-31 00:00:00,1,0,2024-07-17 06:08:31,0,2024-07-17 06:08:31,,,
2018-07-30,1/3焦煤,大连港,鹤岗市,,0.25,7.50,18.00,70.00,1470.00,0.00,平仓价,2975,2018-07-30 00:00:00,1,0,2024-07-17 06:08:31,0,2024-07-17 06:08:31,,,
2018-07-30,1/3焦煤,大连港,俄罗斯,,0.75,8.50,33.00,80.00,1440.00,0.00,平仓价,2976,2018-07-30 00:00:00,1,0,2024-07-17 06:08:31,0,2024-07-17 06:08:31,,,
2018-07-27,1/3焦煤,大连港,鹤岗市,,0.25,7.50,18.00,70.00,1470.00,0.00,平仓价,2977,2018-07-27 00:00:00,1,0,2024-07-17 06:08:31,0,2024-07-17 06:08:31,,,
2018-07-27,1/3焦煤,大连港,俄罗斯,,0.75,8.50,33.00,80.00,1440.00,0.00,平仓价,2978,2018-07-27 00:00:00,1,0,2024-07-17 06:08:31,0,2024-07-17 06:08:31,,,
2018-07-26,1/3焦煤,大连港,鹤岗市,,0.25,7.50,18.00,70.00,1470.00,0.00,平仓价,2979,2018-07-26 00:00:00,1,0,2024-07-17 06:08:31,0,2024-07-17 06:08:31,,,
2018-07-26,1/3焦煤,大连港,俄罗斯,,0.75,8.50,33.00,80.00,1440.00,0.00,平仓价,2980,2018-07-26 00:00:00,1,0,2024-07-17 06:08:31,0,2024-07-17 06:08:31,,,
2018-07-25,1/3焦煤,大连港,鹤岗市,,0.25,7.50,18.00,70.00,1470.00,0.00,平仓价,2981,2018-07-25 00:00:00,1,0,2024-07-17 06:08:31,0,2024-07-17 06:08:31,,,
2018-07-25,1/3焦煤,大连港,俄罗斯,,0.75,8.50,33.00,80.00,1440.00,0.00,平仓价,2982,2018-07-25 00:00:00,1,0,2024-07-17 06:08:31,0,2024-07-17 06:08:31,,,
2018-07-24,1/3焦煤,大连港,鹤岗市,,0.25,7.50,18.00,70.00,1470.00,0.00,平仓价,2983,2018-07-24 00:00:00,1,0,2024-07-17 06:08:31,0,2024-07-17 06:08:31,,,
2018-07-24,1/3焦煤,大连港,俄罗斯,,0.75,8.50,33.00,80.00,1440.00,0.00,平仓价,2984,2018-07-24 00:00:00,1,0,2024-07-17 06:08:31,0,2024-07-17 06:08:31,,,
2018-07-23,1/3焦煤,大连港,鹤岗市,,0.25,7.50,18.00,70.00,1470.00,0.00,平仓价,2985,2018-07-23 00:00:00,1,0,2024-07-17 06:08:31,0,2024-07-17 06:08:31,,,
2018-07-23,1/3焦煤,大连港,俄罗斯,,0.75,8.50,33.00,80.00,1440.00,0.00,平仓价,2986,2018-07-23 00:00:00,1,0,2024-07-17 06:08:31,0,2024-07-17 06:08:31,,,
2018-07-20,1/3焦煤,大连港,鹤岗市,,0.25,7.50,18.00,70.00,1470.00,0.00,平仓价,2987,2018-07-20 00:00:00,1,0,2024-07-17 06:08:31,0,2024-07-17 06:08:31,,,
2018-07-20,1/3焦煤,大连港,俄罗斯,,0.75,8.50,33.00,80.00,1440.00,0.00,平仓价,2988,2018-07-20 00:00:00,1,0,2024-07-17 06:08:31,0,2024-07-17 06:08:31,,,
2018-07-19,1/3焦煤,大连港,鹤岗市,,0.25,7.50,18.00,70.00,1470.00,0.00,平仓价,2989,2018-07-19 00:00:00,1,0,2024-07-17 06:08:31,0,2024-07-17 06:08:31,,,
2018-07-19,1/3焦煤,大连港,俄罗斯,,0.75,8.50,33.00,80.00,1440.00,0.00,平仓价,2990,2018-07-19 00:00:00,1,0,2024-07-17 06:08:31,0,2024-07-17 06:08:31,,,
2018-07-18,1/3焦煤,大连港,鹤岗市,,0.25,7.50,18.00,70.00,1470.00,0.00,平仓价,2991,2018-07-18 00:00:00,1,0,2024-07-17 06:08:31,0,2024-07-17 06:08:31,,,
2018-07-18,1/3焦煤,大连港,俄罗斯,,0.75,8.50,33.00,80.00,1440.00,0.00,平仓价,2992,2018-07-18 00:00:00,1,0,2024-07-17 06:08:31,0,2024-07-17 06:08:31,,,
2018-07-17,1/3焦煤,大连港,鹤岗市,,0.25,7.50,18.00,70.00,1470.00,0.00,平仓价,2993,2018-07-17 00:00:00,1,0,2024-07-17 06:08:31,0,2024-07-17 06:08:31,,,
2018-07-17,1/3焦煤,大连港,俄罗斯,,0.75,8.50,33.00,80.00,1440.00,0.00,平仓价,2994,2018-07-17 00:00:00,1,0,2024-07-17 06:08:31,0,2024-07-17 06:08:31,,,
2018-07-16,1/3焦煤,大连港,鹤岗市,,0.25,7.50,18.00,70.00,1470.00,0.00,平仓价,2995,2018-07-16 00:00:00,1,0,2024-07-17 06:08:31,0,2024-07-17 06:08:31,,,
2018-07-16,1/3焦煤,大连港,俄罗斯,,0.75,8.50,33.00,80.00,1440.00,0.00,平仓价,2996,2018-07-16 00:00:00,1,0,2024-07-17 06:08:31,0,2024-07-17 06:08:31,,,
2018-07-13,1/3焦煤,大连港,鹤岗市,,0.25,7.50,18.00,70.00,1470.00,0.00,平仓价,2997,2018-07-13 00:00:00,1,0,2024-07-17 06:08:31,0,2024-07-17 06:08:31,,,
2018-07-13,1/3焦煤,大连港,俄罗斯,,0.75,8.50,33.00,80.00,1440.00,0.00,平仓价,2998,2018-07-13 00:00:00,1,0,2024-07-17 06:08:31,0,2024-07-17 06:08:31,,,
2018-07-12,1/3焦煤,大连港,鹤岗市,,0.25,7.50,18.00,70.00,1470.00,0.00,平仓价,2999,2018-07-12 00:00:00,1,0,2024-07-17 06:08:31,0,2024-07-17 06:08:31,,,
2018-07-12,1/3焦煤,大连港,俄罗斯,,0.75,8.50,33.00,80.00,1440.00,0.00,平仓价,3000,2018-07-12 00:00:00,1,0,2024-07-17 06:08:31,0,2024-07-17 06:08:31,,,
2018-07-11,1/3焦煤,大连港,鹤岗市,,0.25,7.50,18.00,70.00,1470.00,0.00,平仓价,3001,2018-07-11 00:00:00,1,0,2024-07-17 06:08:35,0,2024-07-17 06:08:35,,,
2018-07-11,1/3焦煤,大连港,俄罗斯,,0.75,8.50,33.00,80.00,1440.00,0.00,平仓价,3002,2018-07-11 00:00:00,1,0,2024-07-17 06:08:35,0,2024-07-17 06:08:35,,,
2018-07-10,1/3焦煤,大连港,鹤岗市,,0.25,7.50,18.00,70.00,1470.00,0.00,平仓价,3003,2018-07-10 00:00:00,1,0,2024-07-17 06:08:35,0,2024-07-17 06:08:35,,,
2018-07-10,1/3焦煤,大连港,俄罗斯,,0.75,8.50,33.00,80.00,1440.00,0.00,平仓价,3004,2018-07-10 00:00:00,1,0,2024-07-17 06:08:35,0,2024-07-17 06:08:35,,,
2018-07-09,1/3焦煤,大连港,鹤岗市,,0.25,7.50,18.00,70.00,1470.00,0.00,平仓价,3005,2018-07-09 00:00:00,1,0,2024-07-17 06:08:35,0,2024-07-17 06:08:35,,,
2018-07-09,1/3焦煤,大连港,俄罗斯,,0.75,8.50,33.00,80.00,1440.00,0.00,平仓价,3006,2018-07-09 00:00:00,1,0,2024-07-17 06:08:35,0,2024-07-17 06:08:35,,,
2018-07-06,1/3焦煤,大连港,鹤岗市,,0.25,7.50,18.00,70.00,1470.00,0.00,平仓价,3007,2018-07-06 00:00:00,1,0,2024-07-17 06:08:35,0,2024-07-17 06:08:35,,,
2018-07-06,1/3焦煤,大连港,俄罗斯,,0.75,8.50,33.00,80.00,1440.00,0.00,平仓价,3008,2018-07-06 00:00:00,1,0,2024-07-17 06:08:35,0,2024-07-17 06:08:35,,,
2018-07-05,1/3焦煤,大连港,鹤岗市,,0.25,7.50,18.00,70.00,1470.00,0.00,平仓价,3009,2018-07-05 00:00:00,1,0,2024-07-17 06:08:35,0,2024-07-17 06:08:35,,,
2018-07-05,1/3焦煤,大连港,俄罗斯,,0.75,8.50,33.00,80.00,1440.00,0.00,平仓价,3010,2018-07-05 00:00:00,1,0,2024-07-17 06:08:35,0,2024-07-17 06:08:35,,,
2018-07-04,1/3焦煤,大连港,鹤岗市,,0.25,7.50,18.00,70.00,1470.00,0.00,平仓价,3011,2018-07-04 00:00:00,1,0,2024-07-17 06:08:35,0,2024-07-17 06:08:35,,,
2018-07-04,1/3焦煤,大连港,俄罗斯,,0.75,8.50,33.00,80.00,1440.00,0.00,平仓价,3012,2018-07-04 00:00:00,1,0,2024-07-17 06:08:35,0,2024-07-17 06:08:35,,,
2018-07-03,1/3焦煤,大连港,鹤岗市,,0.25,7.50,18.00,70.00,1470.00,0.00,平仓价,3013,2018-07-03 00:00:00,1,0,2024-07-17 06:08:35,0,2024-07-17 06:08:35,,,
2018-07-03,1/3焦煤,大连港,俄罗斯,,0.75,8.50,33.00,80.00,1440.00,0.00,平仓价,3014,2018-07-03 00:00:00,1,0,2024-07-17 06:08:35,0,2024-07-17 06:08:35,,,
2018-07-02,1/3焦煤,大连港,鹤岗市,,0.25,7.50,18.00,70.00,1470.00,0.00,平仓价,3015,2018-07-02 00:00:00,1,0,2024-07-17 06:08:35,0,2024-07-17 06:08:35,,,
2018-07-02,1/3焦煤,大连港,俄罗斯,,0.75,8.50,33.00,80.00,1440.00,0.00,平仓价,3016,2018-07-02 00:00:00,1,0,2024-07-17 06:08:35,0,2024-07-17 06:08:35,,,
2018-06-29,1/3焦煤,大连港,鹤岗市,,0.25,7.50,18.00,70.00,1470.00,0.00,平仓价,3017,2018-06-29 00:00:00,1,0,2024-07-17 06:08:35,0,2024-07-17 06:08:35,,,
2018-06-29,1/3焦煤,大连港,俄罗斯,,0.75,8.50,33.00,80.00,1440.00,0.00,平仓价,3018,2018-06-29 00:00:00,1,0,2024-07-17 06:08:35,0,2024-07-17 06:08:35,,,
2018-06-28,1/3焦煤,大连港,鹤岗市,,0.25,7.50,18.00,70.00,1470.00,0.00,平仓价,3019,2018-06-28 00:00:00,1,0,2024-07-17 06:08:35,0,2024-07-17 06:08:35,,,
2018-06-28,1/3焦煤,大连港,俄罗斯,,0.75,8.50,33.00,80.00,1440.00,0.00,平仓价,3020,2018-06-28 00:00:00,1,0,2024-07-17 06:08:35,0,2024-07-17 06:08:35,,,
2018-06-27,1/3焦煤,大连港,鹤岗市,,0.25,7.50,18.00,70.00,1470.00,0.00,平仓价,3021,2018-06-27 00:00:00,1,0,2024-07-17 06:08:35,0,2024-07-17 06:08:35,,,
2018-06-27,1/3焦煤,大连港,俄罗斯,,0.75,8.50,33.00,80.00,1440.00,0.00,平仓价,3022,2018-06-27 00:00:00,1,0,2024-07-17 06:08:35,0,2024-07-17 06:08:35,,,
2018-06-26,1/3焦煤,大连港,鹤岗市,,0.25,7.50,18.00,70.00,1470.00,0.00,平仓价,3023,2018-06-26 00:00:00,1,0,2024-07-17 06:08:35,0,2024-07-17 06:08:35,,,
2018-06-26,1/3焦煤,大连港,俄罗斯,,0.75,8.50,33.00,80.00,1440.00,0.00,平仓价,3024,2018-06-26 00:00:00,1,0,2024-07-17 06:08:35,0,2024-07-17 06:08:35,,,
2018-06-25,1/3焦煤,大连港,鹤岗市,,0.25,7.50,18.00,70.00,1470.00,0.00,平仓价,3025,2018-06-25 00:00:00,1,0,2024-07-17 06:08:35,0,2024-07-17 06:08:35,,,
2018-06-25,1/3焦煤,大连港,俄罗斯,,0.75,8.50,33.00,80.00,1440.00,0.00,平仓价,3026,2018-06-25 00:00:00,1,0,2024-07-17 06:08:35,0,2024-07-17 06:08:35,,,
2018-06-22,1/3焦煤,大连港,鹤岗市,,0.25,7.50,18.00,70.00,1470.00,0.00,平仓价,3027,2018-06-22 00:00:00,1,0,2024-07-17 06:08:35,0,2024-07-17 06:08:35,,,
2018-06-22,1/3焦煤,大连港,俄罗斯,,0.75,8.50,33.00,80.00,1440.00,0.00,平仓价,3028,2018-06-22 00:00:00,1,0,2024-07-17 06:08:35,0,2024-07-17 06:08:35,,,
2018-06-21,1/3焦煤,大连港,鹤岗市,,0.25,7.50,18.00,70.00,1470.00,0.00,平仓价,3029,2018-06-21 00:00:00,1,0,2024-07-17 06:08:35,0,2024-07-17 06:08:35,,,
2018-06-21,1/3焦煤,大连港,俄罗斯,,0.75,8.50,33.00,80.00,1440.00,0.00,平仓价,3030,2018-06-21 00:00:00,1,0,2024-07-17 06:08:35,0,2024-07-17 06:08:35,,,
2018-06-20,1/3焦煤,大连港,鹤岗市,,0.25,7.50,18.00,70.00,1470.00,0.00,平仓价,3031,2018-06-20 00:00:00,1,0,2024-07-17 06:08:39,0,2024-07-17 06:08:39,,,
2018-06-20,1/3焦煤,大连港,俄罗斯,,0.75,8.50,33.00,80.00,1440.00,0.00,平仓价,3032,2018-06-20 00:00:00,1,0,2024-07-17 06:08:39,0,2024-07-17 06:08:39,,,
2018-06-19,1/3焦煤,大连港,鹤岗市,,0.25,7.50,18.00,70.00,1470.00,0.00,平仓价,3033,2018-06-19 00:00:00,1,0,2024-07-17 06:08:39,0,2024-07-17 06:08:39,,,
2018-06-19,1/3焦煤,大连港,俄罗斯,,0.75,8.50,33.00,80.00,1440.00,10.00,平仓价,3034,2018-06-19 00:00:00,1,0,2024-07-17 06:08:39,0,2024-07-17 06:08:39,,,
2018-06-15,1/3焦煤,大连港,鹤岗市,,0.25,7.50,18.00,70.00,1470.00,0.00,平仓价,3035,2018-06-15 00:00:00,1,0,2024-07-17 06:08:39,0,2024-07-17 06:08:39,,,
2018-06-15,1/3焦煤,大连港,俄罗斯,,0.75,8.50,33.00,80.00,1430.00,0.00,平仓价,3036,2018-06-15 00:00:00,1,0,2024-07-17 06:08:39,0,2024-07-17 06:08:39,,,
2018-06-14,1/3焦煤,大连港,鹤岗市,,0.25,7.50,18.00,70.00,1470.00,0.00,平仓价,3037,2018-06-14 00:00:00,1,0,2024-07-17 06:08:39,0,2024-07-17 06:08:39,,,
2018-06-14,1/3焦煤,大连港,俄罗斯,,0.75,8.50,33.00,80.00,1430.00,0.00,平仓价,3038,2018-06-14 00:00:00,1,0,2024-07-17 06:08:39,0,2024-07-17 06:08:39,,,
2018-06-13,1/3焦煤,大连港,鹤岗市,,0.25,7.50,18.00,70.00,1470.00,0.00,平仓价,3039,2018-06-13 00:00:00,1,0,2024-07-17 06:08:39,0,2024-07-17 06:08:39,,,
2018-06-13,1/3焦煤,大连港,俄罗斯,,0.75,8.50,33.00,80.00,1430.00,0.00,平仓价,3040,2018-06-13 00:00:00,1,0,2024-07-17 06:08:39,0,2024-07-17 06:08:39,,,
2018-06-12,1/3焦煤,大连港,鹤岗市,,0.25,7.50,18.00,70.00,1470.00,0.00,平仓价,3041,2018-06-12 00:00:00,1,0,2024-07-17 06:08:39,0,2024-07-17 06:08:39,,,
2018-06-12,1/3焦煤,大连港,俄罗斯,,0.75,8.50,33.00,80.00,1430.00,0.00,平仓价,3042,2018-06-12 00:00:00,1,0,2024-07-17 06:08:39,0,2024-07-17 06:08:39,,,
2018-06-11,1/3焦煤,大连港,鹤岗市,,0.25,7.50,18.00,70.00,1470.00,0.00,平仓价,3043,2018-06-11 00:00:00,1,0,2024-07-17 06:08:39,0,2024-07-17 06:08:39,,,
2018-06-11,1/3焦煤,大连港,俄罗斯,,0.75,8.50,33.00,80.00,1430.00,0.00,平仓价,3044,2018-06-11 00:00:00,1,0,2024-07-17 06:08:39,0,2024-07-17 06:08:39,,,
2018-06-08,1/3焦煤,大连港,鹤岗市,,0.25,7.50,18.00,70.00,1470.00,0.00,平仓价,3045,2018-06-08 00:00:00,1,0,2024-07-17 06:08:39,0,2024-07-17 06:08:39,,,
2018-06-08,1/3焦煤,大连港,俄罗斯,,0.75,8.50,33.00,80.00,1430.00,0.00,平仓价,3046,2018-06-08 00:00:00,1,0,2024-07-17 06:08:39,0,2024-07-17 06:08:39,,,
2018-06-07,1/3焦煤,大连港,鹤岗市,,0.25,7.50,18.00,70.00,1470.00,0.00,平仓价,3047,2018-06-07 00:00:00,1,0,2024-07-17 06:08:39,0,2024-07-17 06:08:39,,,
2018-06-07,1/3焦煤,大连港,俄罗斯,,0.75,8.50,33.00,80.00,1430.00,0.00,平仓价,3048,2018-06-07 00:00:00,1,0,2024-07-17 06:08:39,0,2024-07-17 06:08:39,,,
2018-06-06,1/3焦煤,大连港,鹤岗市,,0.25,7.50,18.00,70.00,1470.00,0.00,平仓价,3049,2018-06-06 00:00:00,1,0,2024-07-17 06:08:39,0,2024-07-17 06:08:39,,,
2018-06-06,1/3焦煤,大连港,俄罗斯,,0.75,8.50,33.00,80.00,1430.00,0.00,平仓价,3050,2018-06-06 00:00:00,1,0,2024-07-17 06:08:39,0,2024-07-17 06:08:39,,,
2018-06-05,1/3焦煤,大连港,鹤岗市,,0.25,7.50,18.00,70.00,1470.00,0.00,平仓价,3051,2018-06-05 00:00:00,1,0,2024-07-17 06:08:39,0,2024-07-17 06:08:39,,,
2018-06-05,1/3焦煤,大连港,俄罗斯,,0.75,8.50,33.00,80.00,1430.00,0.00,平仓价,3052,2018-06-05 00:00:00,1,0,2024-07-17 06:08:39,0,2024-07-17 06:08:39,,,
2018-06-04,1/3焦煤,大连港,俄罗斯,,0.75,8.50,33.00,80.00,1430.00,0.00,平仓价,3053,2018-06-04 00:00:00,1,0,2024-07-17 06:08:39,0,2024-07-17 06:08:39,,,
2018-06-04,1/3焦煤,大连港,鹤岗市,,0.25,7.50,18.00,70.00,1470.00,0.00,平仓价,3054,2018-06-04 00:00:00,1,0,2024-07-17 06:08:39,0,2024-07-17 06:08:39,,,
2018-06-01,1/3焦煤,大连港,俄罗斯,,0.75,8.50,33.00,80.00,1430.00,0.00,平仓价,3055,2018-06-01 00:00:00,1,0,2024-07-17 06:08:39,0,2024-07-17 06:08:39,,,
2018-06-01,1/3焦煤,大连港,鹤岗市,,0.25,7.50,18.00,70.00,1470.00,0.00,平仓价,3056,2018-06-01 00:00:00,1,0,2024-07-17 06:08:39,0,2024-07-17 06:08:39,,,
2018-05-31,1/3焦煤,大连港,俄罗斯,,0.75,8.50,33.00,80.00,1430.00,0.00,平仓价,3057,2018-05-31 00:00:00,1,0,2024-07-17 06:08:39,0,2024-07-17 06:08:39,,,
2018-05-31,1/3焦煤,大连港,鹤岗市,,0.25,7.50,18.00,70.00,1470.00,0.00,平仓价,3058,2018-05-31 00:00:00,1,0,2024-07-17 06:08:39,0,2024-07-17 06:08:39,,,
2018-05-30,1/3焦煤,大连港,俄罗斯,,0.75,8.50,33.00,80.00,1430.00,0.00,平仓价,3059,2018-05-30 00:00:00,1,0,2024-07-17 06:08:39,0,2024-07-17 06:08:39,,,
2018-05-30,1/3焦煤,大连港,鹤岗市,,0.25,7.50,18.00,70.00,1470.00,0.00,平仓价,3060,2018-05-30 00:00:00,1,0,2024-07-17 06:08:39,0,2024-07-17 06:08:39,,,
2018-05-29,1/3焦煤,大连港,俄罗斯,,0.75,8.50,33.00,80.00,1430.00,0.00,平仓价,3061,2018-05-29 00:00:00,1,0,2024-07-17 06:08:41,0,2024-07-17 06:08:41,,,
2018-05-29,1/3焦煤,大连港,鹤岗市,,0.25,7.50,18.00,70.00,1470.00,0.00,平仓价,3062,2018-05-29 00:00:00,1,0,2024-07-17 06:08:41,0,2024-07-17 06:08:41,,,
2018-05-28,1/3焦煤,大连港,俄罗斯,,0.75,8.50,33.00,80.00,1430.00,0.00,平仓价,3063,2018-05-28 00:00:00,1,0,2024-07-17 06:08:41,0,2024-07-17 06:08:41,,,
2018-05-28,1/3焦煤,大连港,鹤岗市,,0.25,7.50,18.00,70.00,1470.00,0.00,平仓价,3064,2018-05-28 00:00:00,1,0,2024-07-17 06:08:41,0,2024-07-17 06:08:41,,,
2018-05-25,1/3焦煤,大连港,俄罗斯,,0.75,8.50,33.00,80.00,1430.00,0.00,平仓价,3065,2018-05-25 00:00:00,1,0,2024-07-17 06:08:41,0,2024-07-17 06:08:41,,,
2018-05-25,1/3焦煤,大连港,鹤岗市,,0.25,7.50,18.00,70.00,1470.00,0.00,平仓价,3066,2018-05-25 00:00:00,1,0,2024-07-17 06:08:41,0,2024-07-17 06:08:41,,,
2018-05-24,1/3焦煤,大连港,俄罗斯,,0.75,8.50,33.00,80.00,1430.00,0.00,平仓价,3067,2018-05-24 00:00:00,1,0,2024-07-17 06:08:41,0,2024-07-17 06:08:41,,,
2018-05-24,1/3焦煤,大连港,鹤岗市,,0.25,7.50,18.00,70.00,1470.00,0.00,平仓价,3068,2018-05-24 00:00:00,1,0,2024-07-17 06:08:41,0,2024-07-17 06:08:41,,,
2018-05-23,1/3焦煤,大连港,俄罗斯,,0.75,8.50,33.00,80.00,1430.00,0.00,平仓价,3069,2018-05-23 00:00:00,1,0,2024-07-17 06:08:41,0,2024-07-17 06:08:41,,,
2018-05-23,1/3焦煤,大连港,鹤岗市,,0.25,7.50,18.00,70.00,1470.00,0.00,平仓价,3070,2018-05-23 00:00:00,1,0,2024-07-17 06:08:41,0,2024-07-17 06:08:41,,,
2018-05-22,1/3焦煤,大连港,俄罗斯,,0.75,8.50,33.00,80.00,1430.00,0.00,平仓价,3071,2018-05-22 00:00:00,1,0,2024-07-17 06:08:41,0,2024-07-17 06:08:41,,,
2018-05-22,1/3焦煤,大连港,鹤岗市,,0.25,7.50,18.00,70.00,1470.00,0.00,平仓价,3072,2018-05-22 00:00:00,1,0,2024-07-17 06:08:41,0,2024-07-17 06:08:41,,,
2018-05-21,1/3焦煤,大连港,俄罗斯,,0.75,8.50,33.00,80.00,1430.00,0.00,平仓价,3073,2018-05-21 00:00:00,1,0,2024-07-17 06:08:41,0,2024-07-17 06:08:41,,,
2018-05-21,1/3焦煤,大连港,鹤岗市,,0.25,7.50,18.00,70.00,1470.00,0.00,平仓价,3074,2018-05-21 00:00:00,1,0,2024-07-17 06:08:41,0,2024-07-17 06:08:41,,,
2018-05-18,1/3焦煤,大连港,俄罗斯,,0.75,8.50,33.00,80.00,1430.00,0.00,平仓价,3075,2018-05-18 00:00:00,1,0,2024-07-17 06:08:41,0,2024-07-17 06:08:41,,,
2018-05-18,1/3焦煤,大连港,鹤岗市,,0.25,7.50,18.00,70.00,1470.00,0.00,平仓价,3076,2018-05-18 00:00:00,1,0,2024-07-17 06:08:41,0,2024-07-17 06:08:41,,,
2018-05-17,1/3焦煤,大连港,俄罗斯,,0.75,8.50,33.00,80.00,1430.00,0.00,平仓价,3077,2018-05-17 00:00:00,1,0,2024-07-17 06:08:41,0,2024-07-17 06:08:41,,,
2018-05-17,1/3焦煤,大连港,鹤岗市,,0.25,7.50,18.00,70.00,1470.00,0.00,平仓价,3078,2018-05-17 00:00:00,1,0,2024-07-17 06:08:41,0,2024-07-17 06:08:41,,,
2018-05-16,1/3焦煤,大连港,俄罗斯,,0.75,8.50,33.00,80.00,1430.00,0.00,平仓价,3079,2018-05-16 00:00:00,1,0,2024-07-17 06:08:41,0,2024-07-17 06:08:41,,,
2018-05-16,1/3焦煤,大连港,鹤岗市,,0.25,7.50,18.00,70.00,1470.00,0.00,平仓价,3080,2018-05-16 00:00:00,1,0,2024-07-17 06:08:41,0,2024-07-17 06:08:41,,,
2018-05-15,1/3焦煤,大连港,俄罗斯,,0.75,8.50,33.00,80.00,1430.00,0.00,平仓价,3081,2018-05-15 00:00:00,1,0,2024-07-17 06:08:41,0,2024-07-17 06:08:41,,,
2018-05-15,1/3焦煤,大连港,鹤岗市,,0.25,7.50,18.00,70.00,1470.00,0.00,平仓价,3082,2018-05-15 00:00:00,1,0,2024-07-17 06:08:41,0,2024-07-17 06:08:41,,,
2018-05-14,1/3焦煤,大连港,俄罗斯,,0.75,8.50,33.00,80.00,1430.00,0.00,平仓价,3083,2018-05-14 00:00:00,1,0,2024-07-17 06:08:41,0,2024-07-17 06:08:41,,,
2018-05-14,1/3焦煤,大连港,鹤岗市,,0.25,7.50,18.00,70.00,1470.00,0.00,平仓价,3084,2018-05-14 00:00:00,1,0,2024-07-17 06:08:41,0,2024-07-17 06:08:41,,,
2018-05-11,1/3焦煤,大连港,俄罗斯,,0.75,8.50,33.00,80.00,1430.00,0.00,平仓价,3085,2018-05-11 00:00:00,1,0,2024-07-17 06:08:41,0,2024-07-17 06:08:41,,,
2018-05-11,1/3焦煤,大连港,鹤岗市,,0.25,7.50,18.00,70.00,1470.00,0.00,平仓价,3086,2018-05-11 00:00:00,1,0,2024-07-17 06:08:41,0,2024-07-17 06:08:41,,,
2018-05-10,1/3焦煤,大连港,俄罗斯,,0.75,8.50,33.00,80.00,1430.00,0.00,平仓价,3087,2018-05-10 00:00:00,1,0,2024-07-17 06:08:41,0,2024-07-17 06:08:41,,,
2018-05-10,1/3焦煤,大连港,鹤岗市,,0.25,7.50,18.00,70.00,1470.00,0.00,平仓价,3088,2018-05-10 00:00:00,1,0,2024-07-17 06:08:41,0,2024-07-17 06:08:41,,,
2018-05-09,1/3焦煤,大连港,俄罗斯,,0.75,8.50,33.00,80.00,1430.00,0.00,平仓价,3089,2018-05-09 00:00:00,1,0,2024-07-17 06:08:41,0,2024-07-17 06:08:41,,,
2018-05-09,1/3焦煤,大连港,鹤岗市,,0.25,7.50,18.00,70.00,1470.00,0.00,平仓价,3090,2018-05-09 00:00:00,1,0,2024-07-17 06:08:41,0,2024-07-17 06:08:41,,,
2018-05-08,1/3焦煤,大连港,俄罗斯,,0.75,8.50,33.00,80.00,1430.00,0.00,平仓价,3091,2018-05-08 00:00:00,1,0,2024-07-17 06:08:44,0,2024-07-17 06:08:44,,,
2018-05-08,1/3焦煤,大连港,鹤岗市,,0.25,7.50,18.00,70.00,1470.00,0.00,平仓价,3092,2018-05-08 00:00:00,1,0,2024-07-17 06:08:44,0,2024-07-17 06:08:44,,,
2018-05-07,1/3焦煤,大连港,俄罗斯,,0.75,8.50,33.00,80.00,1430.00,0.00,平仓价,3093,2018-05-07 00:00:00,1,0,2024-07-17 06:08:44,0,2024-07-17 06:08:44,,,
2018-05-07,1/3焦煤,大连港,鹤岗市,,0.25,7.50,18.00,70.00,1470.00,0.00,平仓价,3094,2018-05-07 00:00:00,1,0,2024-07-17 06:08:44,0,2024-07-17 06:08:44,,,
2018-05-04,1/3焦煤,大连港,俄罗斯,,0.75,8.50,33.00,80.00,1430.00,0.00,平仓价,3095,2018-05-04 00:00:00,1,0,2024-07-17 06:08:44,0,2024-07-17 06:08:44,,,
2018-05-04,1/3焦煤,大连港,鹤岗市,,0.25,7.50,18.00,70.00,1470.00,0.00,平仓价,3096,2018-05-04 00:00:00,1,0,2024-07-17 06:08:44,0,2024-07-17 06:08:44,,,
2018-05-03,1/3焦煤,大连港,俄罗斯,,0.75,8.50,33.00,80.00,1430.00,0.00,平仓价,3097,2018-05-03 00:00:00,1,0,2024-07-17 06:08:44,0,2024-07-17 06:08:44,,,
2018-05-03,1/3焦煤,大连港,鹤岗市,,0.25,7.50,18.00,70.00,1470.00,0.00,平仓价,3098,2018-05-03 00:00:00,1,0,2024-07-17 06:08:44,0,2024-07-17 06:08:44,,,
2018-05-02,1/3焦煤,大连港,俄罗斯,,0.75,8.50,33.00,80.00,1430.00,0.00,平仓价,3099,2018-05-02 00:00:00,1,0,2024-07-17 06:08:44,0,2024-07-17 06:08:44,,,
2018-05-02,1/3焦煤,大连港,鹤岗市,,0.25,7.50,18.00,70.00,1470.00,0.00,平仓价,3100,2018-05-02 00:00:00,1,0,2024-07-17 06:08:44,0,2024-07-17 06:08:44,,,
2018-04-28,1/3焦煤,大连港,俄罗斯,,0.75,8.50,33.00,80.00,1430.00,0.00,平仓价,3101,2018-04-28 00:00:00,1,0,2024-07-17 06:08:44,0,2024-07-17 06:08:44,,,
2018-04-28,1/3焦煤,大连港,鹤岗市,,0.25,7.50,18.00,70.00,1470.00,0.00,平仓价,3102,2018-04-28 00:00:00,1,0,2024-07-17 06:08:44,0,2024-07-17 06:08:44,,,
2018-04-27,1/3焦煤,大连港,俄罗斯,,0.75,8.50,33.00,80.00,1430.00,-30.00,平仓价,3103,2018-04-27 00:00:00,1,0,2024-07-17 06:08:44,0,2024-07-17 06:08:44,,,
2018-04-27,1/3焦煤,大连港,鹤岗市,,0.25,7.50,18.00,70.00,1470.00,0.00,平仓价,3104,2018-04-27 00:00:00,1,0,2024-07-17 06:08:44,0,2024-07-17 06:08:44,,,
2018-04-26,1/3焦煤,大连港,俄罗斯,,0.75,8.50,33.00,80.00,1460.00,0.00,平仓价,3105,2018-04-26 00:00:00,1,0,2024-07-17 06:08:44,0,2024-07-17 06:08:44,,,
2018-04-26,1/3焦煤,大连港,鹤岗市,,0.25,7.50,18.00,70.00,1470.00,0.00,平仓价,3106,2018-04-26 00:00:00,1,0,2024-07-17 06:08:44,0,2024-07-17 06:08:44,,,
2018-04-25,1/3焦煤,大连港,俄罗斯,,0.75,8.50,33.00,80.00,1460.00,0.00,平仓价,3107,2018-04-25 00:00:00,1,0,2024-07-17 06:08:44,0,2024-07-17 06:08:44,,,
2018-04-25,1/3焦煤,大连港,鹤岗市,,0.25,7.50,18.00,70.00,1470.00,0.00,平仓价,3108,2018-04-25 00:00:00,1,0,2024-07-17 06:08:44,0,2024-07-17 06:08:44,,,
2018-04-24,1/3焦煤,大连港,俄罗斯,,0.75,8.50,33.00,80.00,1460.00,0.00,平仓价,3109,2018-04-24 00:00:00,1,0,2024-07-17 06:08:44,0,2024-07-17 06:08:44,,,
2018-04-24,1/3焦煤,大连港,鹤岗市,,0.25,7.50,18.00,70.00,1470.00,0.00,平仓价,3110,2018-04-24 00:00:00,1,0,2024-07-17 06:08:44,0,2024-07-17 06:08:44,,,
2018-04-23,1/3焦煤,大连港,俄罗斯,,0.75,8.50,33.00,80.00,1460.00,0.00,平仓价,3111,2018-04-23 00:00:00,1,0,2024-07-17 06:08:44,0,2024-07-17 06:08:44,,,
2018-04-23,1/3焦煤,大连港,鹤岗市,,0.25,7.50,18.00,70.00,1470.00,0.00,平仓价,3112,2018-04-23 00:00:00,1,0,2024-07-17 06:08:44,0,2024-07-17 06:08:44,,,
2018-04-20,1/3焦煤,大连港,俄罗斯,,0.75,8.50,33.00,80.00,1460.00,0.00,平仓价,3113,2018-04-20 00:00:00,1,0,2024-07-17 06:08:44,0,2024-07-17 06:08:44,,,
2018-04-20,1/3焦煤,大连港,鹤岗市,,0.25,7.50,18.00,70.00,1470.00,0.00,平仓价,3114,2018-04-20 00:00:00,1,0,2024-07-17 06:08:44,0,2024-07-17 06:08:44,,,
2018-04-19,1/3焦煤,大连港,俄罗斯,,0.75,8.50,33.00,80.00,1460.00,0.00,平仓价,3115,2018-04-19 00:00:00,1,0,2024-07-17 06:08:44,0,2024-07-17 06:08:44,,,
2018-04-19,1/3焦煤,大连港,鹤岗市,,0.25,7.50,18.00,70.00,1470.00,0.00,平仓价,3116,2018-04-19 00:00:00,1,0,2024-07-17 06:08:44,0,2024-07-17 06:08:44,,,
2018-04-18,1/3焦煤,大连港,俄罗斯,,0.75,8.50,33.00,80.00,1460.00,0.00,平仓价,3117,2018-04-18 00:00:00,1,0,2024-07-17 06:08:44,0,2024-07-17 06:08:44,,,
2018-04-18,1/3焦煤,大连港,鹤岗市,,0.25,7.50,18.00,70.00,1470.00,0.00,平仓价,3118,2018-04-18 00:00:00,1,0,2024-07-17 06:08:44,0,2024-07-17 06:08:44,,,
2018-04-17,1/3焦煤,大连港,俄罗斯,,0.75,8.50,33.00,80.00,1460.00,-30.00,平仓价,3119,2018-04-17 00:00:00,1,0,2024-07-17 06:08:44,0,2024-07-17 06:08:44,,,
2018-04-17,1/3焦煤,大连港,鹤岗市,,0.25,7.50,18.00,70.00,1470.00,0.00,平仓价,3120,2018-04-17 00:00:00,1,0,2024-07-17 06:08:44,0,2024-07-17 06:08:44,,,
2018-04-16,1/3焦煤,大连港,俄罗斯,,0.75,8.50,33.00,80.00,1490.00,0.00,平仓价,3121,2018-04-16 00:00:00,1,0,2024-07-17 06:08:46,0,2024-07-17 06:08:46,,,
2018-04-16,1/3焦煤,大连港,鹤岗市,,0.25,7.50,18.00,70.00,1470.00,0.00,平仓价,3122,2018-04-16 00:00:00,1,0,2024-07-17 06:08:46,0,2024-07-17 06:08:46,,,
2018-04-13,1/3焦煤,大连港,俄罗斯,,0.75,8.50,33.00,80.00,1490.00,0.00,平仓价,3123,2018-04-13 00:00:00,1,0,2024-07-17 06:08:46,0,2024-07-17 06:08:46,,,
2018-04-13,1/3焦煤,大连港,鹤岗市,,0.25,7.50,18.00,70.00,1470.00,0.00,平仓价,3124,2018-04-13 00:00:00,1,0,2024-07-17 06:08:46,0,2024-07-17 06:08:46,,,
2018-04-12,1/3焦煤,大连港,俄罗斯,,0.75,8.50,33.00,80.00,1490.00,0.00,平仓价,3125,2018-04-12 00:00:00,1,0,2024-07-17 06:08:46,0,2024-07-17 06:08:46,,,
2018-04-12,1/3焦煤,大连港,鹤岗市,,0.25,7.50,18.00,70.00,1470.00,0.00,平仓价,3126,2018-04-12 00:00:00,1,0,2024-07-17 06:08:46,0,2024-07-17 06:08:46,,,
2018-04-11,1/3焦煤,大连港,俄罗斯,,0.75,8.50,33.00,80.00,1490.00,0.00,平仓价,3127,2018-04-11 00:00:00,1,0,2024-07-17 06:08:46,0,2024-07-17 06:08:46,,,
2018-04-11,1/3焦煤,大连港,鹤岗市,,0.25,7.50,18.00,70.00,1470.00,0.00,平仓价,3128,2018-04-11 00:00:00,1,0,2024-07-17 06:08:46,0,2024-07-17 06:08:46,,,
2018-04-10,1/3焦煤,大连港,俄罗斯,,0.75,8.50,33.00,80.00,1490.00,-20.00,平仓价,3129,2018-04-10 00:00:00,1,0,2024-07-17 06:08:46,0,2024-07-17 06:08:46,,,
2018-04-10,1/3焦煤,大连港,鹤岗市,,0.25,7.50,18.00,70.00,1470.00,0.00,平仓价,3130,2018-04-10 00:00:00,1,0,2024-07-17 06:08:46,0,2024-07-17 06:08:46,,,
2018-04-09,1/3焦煤,大连港,俄罗斯,,0.75,8.50,33.00,80.00,1510.00,0.00,平仓价,3131,2018-04-09 00:00:00,1,0,2024-07-17 06:08:46,0,2024-07-17 06:08:46,,,
2018-04-09,1/3焦煤,大连港,鹤岗市,,0.25,7.50,18.00,70.00,1470.00,-10.00,平仓价,3132,2018-04-09 00:00:00,1,0,2024-07-17 06:08:46,0,2024-07-17 06:08:46,,,
2018-04-08,1/3焦煤,大连港,俄罗斯,,0.75,8.50,33.00,80.00,1510.00,0.00,平仓价,3133,2018-04-08 00:00:00,1,0,2024-07-17 06:08:46,0,2024-07-17 06:08:46,,,
2018-04-08,1/3焦煤,大连港,鹤岗市,,0.25,7.50,18.00,70.00,1480.00,0.00,平仓价,3134,2018-04-08 00:00:00,1,0,2024-07-17 06:08:46,0,2024-07-17 06:08:46,,,
2018-04-04,1/3焦煤,大连港,俄罗斯,,0.75,8.50,33.00,80.00,1510.00,0.00,平仓价,3135,2018-04-04 00:00:00,1,0,2024-07-17 06:08:46,0,2024-07-17 06:08:46,,,
2018-04-04,1/3焦煤,大连港,鹤岗市,,0.25,7.50,18.00,70.00,1480.00,0.00,平仓价,3136,2018-04-04 00:00:00,1,0,2024-07-17 06:08:46,0,2024-07-17 06:08:46,,,
2018-04-03,1/3焦煤,大连港,俄罗斯,,0.75,8.50,33.00,80.00,1510.00,0.00,平仓价,3137,2018-04-03 00:00:00,1,0,2024-07-17 06:08:46,0,2024-07-17 06:08:46,,,
2018-04-03,1/3焦煤,大连港,鹤岗市,,0.25,7.50,18.00,70.00,1480.00,0.00,平仓价,3138,2018-04-03 00:00:00,1,0,2024-07-17 06:08:46,0,2024-07-17 06:08:46,,,
2018-04-02,1/3焦煤,大连港,俄罗斯,,0.75,8.50,33.00,80.00,1510.00,-20.00,平仓价,3139,2018-04-02 00:00:00,1,0,2024-07-17 06:08:46,0,2024-07-17 06:08:46,,,
2018-04-02,1/3焦煤,大连港,鹤岗市,,0.25,7.50,18.00,70.00,1480.00,0.00,平仓价,3140,2018-04-02 00:00:00,1,0,2024-07-17 06:08:46,0,2024-07-17 06:08:46,,,
2018-03-30,1/3焦煤,大连港,俄罗斯,,0.75,8.50,33.00,80.00,1530.00,0.00,平仓价,3141,2018-03-30 00:00:00,1,0,2024-07-17 06:08:46,0,2024-07-17 06:08:46,,,
2018-03-30,1/3焦煤,大连港,鹤岗市,,0.25,7.50,18.00,70.00,1480.00,0.00,平仓价,3142,2018-03-30 00:00:00,1,0,2024-07-17 06:08:46,0,2024-07-17 06:08:46,,,
2018-03-29,1/3焦煤,大连港,俄罗斯,,0.75,8.50,33.00,80.00,1530.00,0.00,平仓价,3143,2018-03-29 00:00:00,1,0,2024-07-17 06:08:46,0,2024-07-17 06:08:46,,,
2018-03-29,1/3焦煤,大连港,鹤岗市,,0.25,7.50,18.00,70.00,1480.00,0.00,平仓价,3144,2018-03-29 00:00:00,1,0,2024-07-17 06:08:46,0,2024-07-17 06:08:46,,,
2018-03-28,1/3焦煤,大连港,俄罗斯,,0.75,8.50,33.00,80.00,1530.00,0.00,平仓价,3145,2018-03-28 00:00:00,1,0,2024-07-17 06:08:46,0,2024-07-17 06:08:46,,,
2018-03-28,1/3焦煤,大连港,鹤岗市,,0.25,7.50,18.00,70.00,1480.00,0.00,平仓价,3146,2018-03-28 00:00:00,1,0,2024-07-17 06:08:46,0,2024-07-17 06:08:46,,,
2018-03-27,1/3焦煤,大连港,俄罗斯,,0.75,8.50,33.00,80.00,1530.00,0.00,平仓价,3147,2018-03-27 00:00:00,1,0,2024-07-17 06:08:46,0,2024-07-17 06:08:46,,,
2018-03-27,1/3焦煤,大连港,鹤岗市,,0.25,7.50,18.00,70.00,1480.00,0.00,平仓价,3148,2018-03-27 00:00:00,1,0,2024-07-17 06:08:46,0,2024-07-17 06:08:46,,,
2018-03-26,1/3焦煤,大连港,俄罗斯,,0.75,8.50,33.00,80.00,1530.00,0.00,平仓价,3149,2018-03-26 00:00:00,1,0,2024-07-17 06:08:46,0,2024-07-17 06:08:46,,,
2018-03-26,1/3焦煤,大连港,鹤岗市,,0.25,7.50,18.00,70.00,1480.00,0.00,平仓价,3150,2018-03-26 00:00:00,1,0,2024-07-17 06:08:46,0,2024-07-17 06:08:46,,,
2018-03-23,1/3焦煤,大连港,俄罗斯,,0.75,8.50,33.00,80.00,1530.00,0.00,平仓价,3151,2018-03-23 00:00:00,1,0,2024-07-17 06:08:49,0,2024-07-17 06:08:49,,,
2018-03-23,1/3焦煤,大连港,鹤岗市,,0.25,7.50,18.00,70.00,1480.00,0.00,平仓价,3152,2018-03-23 00:00:00,1,0,2024-07-17 06:08:49,0,2024-07-17 06:08:49,,,
2018-03-22,1/3焦煤,大连港,俄罗斯,,0.75,8.50,33.00,80.00,1530.00,0.00,平仓价,3153,2018-03-22 00:00:00,1,0,2024-07-17 06:08:49,0,2024-07-17 06:08:49,,,
2018-03-22,1/3焦煤,大连港,鹤岗市,,0.25,7.50,18.00,70.00,1480.00,0.00,平仓价,3154,2018-03-22 00:00:00,1,0,2024-07-17 06:08:49,0,2024-07-17 06:08:49,,,
2018-03-21,1/3焦煤,大连港,俄罗斯,,0.75,8.50,33.00,80.00,1530.00,0.00,平仓价,3155,2018-03-21 00:00:00,1,0,2024-07-17 06:08:49,0,2024-07-17 06:08:49,,,
2018-03-21,1/3焦煤,大连港,鹤岗市,,0.25,7.50,18.00,70.00,1480.00,0.00,平仓价,3156,2018-03-21 00:00:00,1,0,2024-07-17 06:08:49,0,2024-07-17 06:08:49,,,
2018-03-20,1/3焦煤,大连港,俄罗斯,,0.75,8.50,33.00,80.00,1530.00,0.00,平仓价,3157,2018-03-20 00:00:00,1,0,2024-07-17 06:08:49,0,2024-07-17 06:08:49,,,
2018-03-20,1/3焦煤,大连港,鹤岗市,,0.25,7.50,18.00,70.00,1480.00,0.00,平仓价,3158,2018-03-20 00:00:00,1,0,2024-07-17 06:08:49,0,2024-07-17 06:08:49,,,
2018-03-19,1/3焦煤,大连港,俄罗斯,,0.75,8.50,33.00,80.00,1530.00,0.00,平仓价,3159,2018-03-19 00:00:00,1,0,2024-07-17 06:08:49,0,2024-07-17 06:08:49,,,
2018-03-19,1/3焦煤,大连港,鹤岗市,,0.25,7.50,18.00,70.00,1480.00,0.00,平仓价,3160,2018-03-19 00:00:00,1,0,2024-07-17 06:08:49,0,2024-07-17 06:08:49,,,
2018-03-16,1/3焦煤,大连港,俄罗斯,,0.75,8.50,33.00,80.00,1530.00,0.00,平仓价,3161,2018-03-16 00:00:00,1,0,2024-07-17 06:08:49,0,2024-07-17 06:08:49,,,
2018-03-16,1/3焦煤,大连港,鹤岗市,,0.25,7.50,18.00,70.00,1480.00,0.00,平仓价,3162,2018-03-16 00:00:00,1,0,2024-07-17 06:08:49,0,2024-07-17 06:08:49,,,
2018-03-15,1/3焦煤,大连港,俄罗斯,,0.75,8.50,33.00,80.00,1530.00,0.00,平仓价,3163,2018-03-15 00:00:00,1,0,2024-07-17 06:08:49,0,2024-07-17 06:08:49,,,
2018-03-15,1/3焦煤,大连港,鹤岗市,,0.25,7.50,18.00,70.00,1480.00,0.00,平仓价,3164,2018-03-15 00:00:00,1,0,2024-07-17 06:08:49,0,2024-07-17 06:08:49,,,
2018-03-14,1/3焦煤,大连港,俄罗斯,,0.75,8.50,33.00,80.00,1530.00,0.00,平仓价,3165,2018-03-14 00:00:00,1,0,2024-07-17 06:08:49,0,2024-07-17 06:08:49,,,
2018-03-14,1/3焦煤,大连港,鹤岗市,,0.25,7.50,18.00,70.00,1480.00,0.00,平仓价,3166,2018-03-14 00:00:00,1,0,2024-07-17 06:08:49,0,2024-07-17 06:08:49,,,
2018-03-13,1/3焦煤,大连港,俄罗斯,,0.75,8.50,33.00,80.00,1530.00,0.00,平仓价,3167,2018-03-13 00:00:00,1,0,2024-07-17 06:08:49,0,2024-07-17 06:08:49,,,
2018-03-13,1/3焦煤,大连港,鹤岗市,,0.25,7.50,18.00,70.00,1480.00,0.00,平仓价,3168,2018-03-13 00:00:00,1,0,2024-07-17 06:08:49,0,2024-07-17 06:08:49,,,
2018-03-12,1/3焦煤,大连港,俄罗斯,,0.75,8.50,33.00,80.00,1530.00,0.00,平仓价,3169,2018-03-12 00:00:00,1,0,2024-07-17 06:08:49,0,2024-07-17 06:08:49,,,
2018-03-12,1/3焦煤,大连港,鹤岗市,,0.25,7.50,18.00,70.00,1480.00,0.00,平仓价,3170,2018-03-12 00:00:00,1,0,2024-07-17 06:08:49,0,2024-07-17 06:08:49,,,
2018-03-09,1/3焦煤,大连港,俄罗斯,,0.75,8.50,33.00,80.00,1530.00,0.00,平仓价,3171,2018-03-09 00:00:00,1,0,2024-07-17 06:08:49,0,2024-07-17 06:08:49,,,
2018-03-09,1/3焦煤,大连港,鹤岗市,,0.25,7.50,18.00,70.00,1480.00,0.00,平仓价,3172,2018-03-09 00:00:00,1,0,2024-07-17 06:08:49,0,2024-07-17 06:08:49,,,
2018-03-08,1/3焦煤,大连港,俄罗斯,,0.75,8.50,33.00,80.00,1530.00,0.00,平仓价,3173,2018-03-08 00:00:00,1,0,2024-07-17 06:08:49,0,2024-07-17 06:08:49,,,
2018-03-08,1/3焦煤,大连港,鹤岗市,,0.25,7.50,18.00,70.00,1480.00,0.00,平仓价,3174,2018-03-08 00:00:00,1,0,2024-07-17 06:08:49,0,2024-07-17 06:08:49,,,
2018-03-07,1/3焦煤,大连港,俄罗斯,,0.75,8.50,33.00,80.00,1530.00,0.00,平仓价,3175,2018-03-07 00:00:00,1,0,2024-07-17 06:08:49,0,2024-07-17 06:08:49,,,
2018-03-07,1/3焦煤,大连港,鹤岗市,,0.25,7.50,18.00,70.00,1480.00,0.00,平仓价,3176,2018-03-07 00:00:00,1,0,2024-07-17 06:08:49,0,2024-07-17 06:08:49,,,
2018-03-06,1/3焦煤,大连港,俄罗斯,,0.75,8.50,33.00,80.00,1530.00,0.00,平仓价,3177,2018-03-06 00:00:00,1,0,2024-07-17 06:08:49,0,2024-07-17 06:08:49,,,
2018-03-06,1/3焦煤,大连港,鹤岗市,,0.25,7.50,18.00,70.00,1480.00,0.00,平仓价,3178,2018-03-06 00:00:00,1,0,2024-07-17 06:08:49,0,2024-07-17 06:08:49,,,
2018-03-05,1/3焦煤,大连港,俄罗斯,,0.75,8.50,33.00,80.00,1530.00,0.00,平仓价,3179,2018-03-05 00:00:00,1,0,2024-07-17 06:08:49,0,2024-07-17 06:08:49,,,
2018-03-05,1/3焦煤,大连港,鹤岗市,,0.25,7.50,18.00,70.00,1480.00,0.00,平仓价,3180,2018-03-05 00:00:00,1,0,2024-07-17 06:08:49,0,2024-07-17 06:08:49,,,
2018-03-02,1/3焦煤,大连港,俄罗斯,,0.75,8.50,33.00,80.00,1530.00,0.00,平仓价,3181,2018-03-02 00:00:00,1,0,2024-07-17 06:08:51,0,2024-07-17 06:08:51,,,
2018-03-02,1/3焦煤,大连港,鹤岗市,,0.25,7.50,18.00,70.00,1480.00,0.00,平仓价,3182,2018-03-02 00:00:00,1,0,2024-07-17 06:08:51,0,2024-07-17 06:08:51,,,
2018-03-01,1/3焦煤,大连港,俄罗斯,,0.75,8.50,33.00,80.00,1530.00,0.00,平仓价,3183,2018-03-01 00:00:00,1,0,2024-07-17 06:08:51,0,2024-07-17 06:08:51,,,
2018-03-01,1/3焦煤,大连港,鹤岗市,,0.25,7.50,18.00,70.00,1480.00,0.00,平仓价,3184,2018-03-01 00:00:00,1,0,2024-07-17 06:08:51,0,2024-07-17 06:08:51,,,
2018-02-28,1/3焦煤,大连港,俄罗斯,,0.75,8.50,33.00,80.00,1530.00,0.00,平仓价,3185,2018-02-28 00:00:00,1,0,2024-07-17 06:08:51,0,2024-07-17 06:08:51,,,
2018-02-28,1/3焦煤,大连港,鹤岗市,,0.25,7.50,18.00,70.00,1480.00,0.00,平仓价,3186,2018-02-28 00:00:00,1,0,2024-07-17 06:08:51,0,2024-07-17 06:08:51,,,
2018-02-27,1/3焦煤,大连港,俄罗斯,,0.75,8.50,33.00,80.00,1530.00,0.00,平仓价,3187,2018-02-27 00:00:00,1,0,2024-07-17 06:08:51,0,2024-07-17 06:08:51,,,
2018-02-27,1/3焦煤,大连港,鹤岗市,,0.25,7.50,18.00,70.00,1480.00,0.00,平仓价,3188,2018-02-27 00:00:00,1,0,2024-07-17 06:08:51,0,2024-07-17 06:08:51,,,
2018-02-26,1/3焦煤,大连港,俄罗斯,,0.75,8.50,33.00,80.00,1530.00,0.00,平仓价,3189,2018-02-26 00:00:00,1,0,2024-07-17 06:08:51,0,2024-07-17 06:08:51,,,
2018-02-26,1/3焦煤,大连港,鹤岗市,,0.25,7.50,18.00,70.00,1480.00,0.00,平仓价,3190,2018-02-26 00:00:00,1,0,2024-07-17 06:08:51,0,2024-07-17 06:08:51,,,
2018-02-24,1/3焦煤,大连港,俄罗斯,,0.75,8.50,33.00,80.00,1530.00,0.00,平仓价,3191,2018-02-24 00:00:00,1,0,2024-07-17 06:08:51,0,2024-07-17 06:08:51,,,
2018-02-24,1/3焦煤,大连港,鹤岗市,,0.25,7.50,18.00,70.00,1480.00,0.00,平仓价,3192,2018-02-24 00:00:00,1,0,2024-07-17 06:08:51,0,2024-07-17 06:08:51,,,
2018-02-23,1/3焦煤,大连港,俄罗斯,,0.75,8.50,33.00,80.00,1530.00,0.00,平仓价,3193,2018-02-23 00:00:00,1,0,2024-07-17 06:08:51,0,2024-07-17 06:08:51,,,
2018-02-23,1/3焦煤,大连港,鹤岗市,,0.25,7.50,18.00,70.00,1480.00,0.00,平仓价,3194,2018-02-23 00:00:00,1,0,2024-07-17 06:08:51,0,2024-07-17 06:08:51,,,
2018-02-22,1/3焦煤,大连港,俄罗斯,,0.75,8.50,33.00,80.00,1530.00,0.00,平仓价,3195,2018-02-22 00:00:00,1,0,2024-07-17 06:08:51,0,2024-07-17 06:08:51,,,
2018-02-22,1/3焦煤,大连港,鹤岗市,,0.25,7.50,18.00,70.00,1480.00,0.00,平仓价,3196,2018-02-22 00:00:00,1,0,2024-07-17 06:08:51,0,2024-07-17 06:08:51,,,
2018-02-14,1/3焦煤,大连港,俄罗斯,,0.75,8.50,33.00,80.00,1530.00,0.00,平仓价,3197,2018-02-14 00:00:00,1,0,2024-07-17 06:08:51,0,2024-07-17 06:08:51,,,
2018-02-14,1/3焦煤,大连港,鹤岗市,,0.25,7.50,18.00,70.00,1480.00,0.00,平仓价,3198,2018-02-14 00:00:00,1,0,2024-07-17 06:08:51,0,2024-07-17 06:08:51,,,
2018-02-13,1/3焦煤,大连港,俄罗斯,,0.75,8.50,33.00,80.00,1530.00,0.00,平仓价,3199,2018-02-13 00:00:00,1,0,2024-07-17 06:08:51,0,2024-07-17 06:08:51,,,
2018-02-13,1/3焦煤,大连港,鹤岗市,,0.25,7.50,18.00,70.00,1480.00,0.00,平仓价,3200,2018-02-13 00:00:00,1,0,2024-07-17 06:08:51,0,2024-07-17 06:08:51,,,
2018-02-12,1/3焦煤,大连港,俄罗斯,,0.75,8.50,33.00,80.00,1530.00,0.00,平仓价,3201,2018-02-12 00:00:00,1,0,2024-07-17 06:08:51,0,2024-07-17 06:08:51,,,
2018-02-12,1/3焦煤,大连港,鹤岗市,,0.25,7.50,18.00,70.00,1480.00,0.00,平仓价,3202,2018-02-12 00:00:00,1,0,2024-07-17 06:08:51,0,2024-07-17 06:08:51,,,
2018-02-11,1/3焦煤,大连港,俄罗斯,,0.75,8.50,33.00,80.00,1530.00,0.00,平仓价,3203,2018-02-11 00:00:00,1,0,2024-07-17 06:08:51,0,2024-07-17 06:08:51,,,
2018-02-11,1/3焦煤,大连港,鹤岗市,,0.25,7.50,18.00,70.00,1480.00,0.00,平仓价,3204,2018-02-11 00:00:00,1,0,2024-07-17 06:08:51,0,2024-07-17 06:08:51,,,
2018-02-09,1/3焦煤,大连港,俄罗斯,,0.75,8.50,33.00,80.00,1530.00,0.00,平仓价,3205,2018-02-09 00:00:00,1,0,2024-07-17 06:08:51,0,2024-07-17 06:08:51,,,
2018-02-09,1/3焦煤,大连港,鹤岗市,,0.25,7.50,18.00,70.00,1480.00,0.00,平仓价,3206,2018-02-09 00:00:00,1,0,2024-07-17 06:08:51,0,2024-07-17 06:08:51,,,
2018-02-08,1/3焦煤,大连港,俄罗斯,,0.75,8.50,33.00,80.00,1530.00,0.00,平仓价,3207,2018-02-08 00:00:00,1,0,2024-07-17 06:08:51,0,2024-07-17 06:08:51,,,
2018-02-08,1/3焦煤,大连港,鹤岗市,,0.25,7.50,18.00,70.00,1480.00,0.00,平仓价,3208,2018-02-08 00:00:00,1,0,2024-07-17 06:08:51,0,2024-07-17 06:08:51,,,
2018-02-07,1/3焦煤,大连港,俄罗斯,,0.75,8.50,33.00,80.00,1530.00,20.00,平仓价,3209,2018-02-07 00:00:00,1,0,2024-07-17 06:08:51,0,2024-07-17 06:08:51,,,
2018-02-07,1/3焦煤,大连港,鹤岗市,,0.25,7.50,18.00,70.00,1480.00,0.00,平仓价,3210,2018-02-07 00:00:00,1,0,2024-07-17 06:08:51,0,2024-07-17 06:08:51,,,
2018-02-06,1/3焦煤,大连港,俄罗斯,,0.75,8.50,33.00,80.00,1510.00,0.00,平仓价,3211,2018-02-06 00:00:00,1,0,2024-07-17 06:08:55,0,2024-07-17 06:08:55,,,
2018-02-06,1/3焦煤,大连港,鹤岗市,,0.25,7.50,18.00,70.00,1480.00,0.00,平仓价,3212,2018-02-06 00:00:00,1,0,2024-07-17 06:08:55,0,2024-07-17 06:08:55,,,
2018-02-05,1/3焦煤,大连港,俄罗斯,,0.75,8.50,33.00,80.00,1510.00,0.00,平仓价,3213,2018-02-05 00:00:00,1,0,2024-07-17 06:08:55,0,2024-07-17 06:08:55,,,
2018-02-05,1/3焦煤,大连港,鹤岗市,,0.25,7.50,18.00,70.00,1480.00,0.00,平仓价,3214,2018-02-05 00:00:00,1,0,2024-07-17 06:08:55,0,2024-07-17 06:08:55,,,
2018-02-02,1/3焦煤,大连港,俄罗斯,,0.75,8.50,33.00,80.00,1510.00,0.00,平仓价,3215,2018-02-02 00:00:00,1,0,2024-07-17 06:08:55,0,2024-07-17 06:08:55,,,
2018-02-02,1/3焦煤,大连港,鹤岗市,,0.25,7.50,18.00,70.00,1480.00,0.00,平仓价,3216,2018-02-02 00:00:00,1,0,2024-07-17 06:08:55,0,2024-07-17 06:08:55,,,
2018-02-01,1/3焦煤,大连港,俄罗斯,,0.75,8.50,33.00,80.00,1510.00,0.00,平仓价,3217,2018-02-01 00:00:00,1,0,2024-07-17 06:08:55,0,2024-07-17 06:08:55,,,
2018-02-01,1/3焦煤,大连港,鹤岗市,,0.25,7.50,18.00,70.00,1480.00,0.00,平仓价,3218,2018-02-01 00:00:00,1,0,2024-07-17 06:08:55,0,2024-07-17 06:08:55,,,
2018-01-31,1/3焦煤,大连港,俄罗斯,,0.75,8.50,33.00,80.00,1510.00,0.00,平仓价,3219,2018-01-31 00:00:00,1,0,2024-07-17 06:08:55,0,2024-07-17 06:08:55,,,
2018-01-31,1/3焦煤,大连港,鹤岗市,,0.25,7.50,18.00,70.00,1480.00,0.00,平仓价,3220,2018-01-31 00:00:00,1,0,2024-07-17 06:08:55,0,2024-07-17 06:08:55,,,
2018-01-30,1/3焦煤,大连港,俄罗斯,,0.75,8.50,33.00,80.00,1510.00,0.00,平仓价,3221,2018-01-30 00:00:00,1,0,2024-07-17 06:08:55,0,2024-07-17 06:08:55,,,
2018-01-30,1/3焦煤,大连港,鹤岗市,,0.25,7.50,18.00,70.00,1480.00,0.00,平仓价,3222,2018-01-30 00:00:00,1,0,2024-07-17 06:08:55,0,2024-07-17 06:08:55,,,
2018-01-29,1/3焦煤,大连港,俄罗斯,,0.75,8.50,33.00,80.00,1510.00,0.00,平仓价,3223,2018-01-29 00:00:00,1,0,2024-07-17 06:08:55,0,2024-07-17 06:08:55,,,
2018-01-29,1/3焦煤,大连港,鹤岗市,,0.25,7.50,18.00,70.00,1480.00,0.00,平仓价,3224,2018-01-29 00:00:00,1,0,2024-07-17 06:08:55,0,2024-07-17 06:08:55,,,
2018-01-26,1/3焦煤,大连港,俄罗斯,,0.75,8.50,33.00,80.00,1510.00,0.00,平仓价,3225,2018-01-26 00:00:00,1,0,2024-07-17 06:08:55,0,2024-07-17 06:08:55,,,
2018-01-26,1/3焦煤,大连港,鹤岗市,,0.25,7.50,18.00,70.00,1480.00,0.00,平仓价,3226,2018-01-26 00:00:00,1,0,2024-07-17 06:08:55,0,2024-07-17 06:08:55,,,
2018-01-25,1/3焦煤,大连港,俄罗斯,,0.75,8.50,33.00,80.00,1510.00,0.00,平仓价,3227,2018-01-25 00:00:00,1,0,2024-07-17 06:08:55,0,2024-07-17 06:08:55,,,
2018-01-25,1/3焦煤,大连港,鹤岗市,,0.25,7.50,18.00,70.00,1480.00,0.00,平仓价,3228,2018-01-25 00:00:00,1,0,2024-07-17 06:08:55,0,2024-07-17 06:08:55,,,
2018-01-24,1/3焦煤,大连港,俄罗斯,,0.75,8.50,33.00,80.00,1510.00,0.00,平仓价,3229,2018-01-24 00:00:00,1,0,2024-07-17 06:08:55,0,2024-07-17 06:08:55,,,
2018-01-24,1/3焦煤,大连港,鹤岗市,,0.25,7.50,18.00,70.00,1480.00,0.00,平仓价,3230,2018-01-24 00:00:00,1,0,2024-07-17 06:08:55,0,2024-07-17 06:08:55,,,
2018-01-23,1/3焦煤,大连港,俄罗斯,,0.75,8.50,33.00,80.00,1510.00,30.00,平仓价,3231,2018-01-23 00:00:00,1,0,2024-07-17 06:08:55,0,2024-07-17 06:08:55,,,
2018-01-23,1/3焦煤,大连港,鹤岗市,,0.25,7.50,18.00,70.00,1480.00,-30.00,平仓价,3232,2018-01-23 00:00:00,1,0,2024-07-17 06:08:55,0,2024-07-17 06:08:55,,,
2018-01-22,1/3焦煤,大连港,俄罗斯,,0.75,8.50,33.00,80.00,1480.00,-30.00,平仓价,3233,2018-01-22 00:00:00,1,0,2024-07-17 06:08:55,0,2024-07-17 06:08:55,,,
2018-01-22,1/3焦煤,大连港,鹤岗市,,0.25,7.50,18.00,70.00,1510.00,30.00,平仓价,3234,2018-01-22 00:00:00,1,0,2024-07-17 06:08:55,0,2024-07-17 06:08:55,,,
2018-01-19,1/3焦煤,大连港,俄罗斯,,0.75,8.50,33.00,80.00,1510.00,0.00,平仓价,3235,2018-01-19 00:00:00,1,0,2024-07-17 06:08:55,0,2024-07-17 06:08:55,,,
2018-01-19,1/3焦煤,大连港,鹤岗市,,0.25,7.50,18.00,70.00,1480.00,0.00,平仓价,3236,2018-01-19 00:00:00,1,0,2024-07-17 06:08:55,0,2024-07-17 06:08:55,,,
2018-01-18,1/3焦煤,大连港,俄罗斯,,0.75,8.50,33.00,80.00,1510.00,0.00,平仓价,3237,2018-01-18 00:00:00,1,0,2024-07-17 06:08:55,0,2024-07-17 06:08:55,,,
2018-01-18,1/3焦煤,大连港,鹤岗市,,0.25,7.50,18.00,70.00,1480.00,0.00,平仓价,3238,2018-01-18 00:00:00,1,0,2024-07-17 06:08:55,0,2024-07-17 06:08:55,,,
2018-01-17,1/3焦煤,大连港,俄罗斯,,0.75,8.50,33.00,80.00,1510.00,0.00,平仓价,3239,2018-01-17 00:00:00,1,0,2024-07-17 06:08:55,0,2024-07-17 06:08:55,,,
2018-01-17,1/3焦煤,大连港,鹤岗市,,0.25,7.50,18.00,70.00,1480.00,0.00,平仓价,3240,2018-01-17 00:00:00,1,0,2024-07-17 06:08:55,0,2024-07-17 06:08:55,,,
2018-01-16,1/3焦煤,大连港,俄罗斯,,0.75,8.50,33.00,80.00,1510.00,0.00,平仓价,3241,2018-01-16 00:00:00,1,0,2024-07-17 06:08:58,0,2024-07-17 06:08:58,,,
2018-01-16,1/3焦煤,大连港,鹤岗市,,0.25,7.50,18.00,70.00,1480.00,0.00,平仓价,3242,2018-01-16 00:00:00,1,0,2024-07-17 06:08:58,0,2024-07-17 06:08:58,,,
2018-01-15,1/3焦煤,大连港,俄罗斯,,0.75,8.50,33.00,80.00,1510.00,0.00,平仓价,3243,2018-01-15 00:00:00,1,0,2024-07-17 06:08:58,0,2024-07-17 06:08:58,,,
2018-01-15,1/3焦煤,大连港,鹤岗市,,0.25,7.50,18.00,70.00,1480.00,0.00,平仓价,3244,2018-01-15 00:00:00,1,0,2024-07-17 06:08:58,0,2024-07-17 06:08:58,,,
2018-01-12,1/3焦煤,大连港,俄罗斯,,0.75,8.50,33.00,80.00,1510.00,0.00,平仓价,3245,2018-01-12 00:00:00,1,0,2024-07-17 06:08:58,0,2024-07-17 06:08:58,,,
2018-01-12,1/3焦煤,大连港,鹤岗市,,0.25,7.50,18.00,70.00,1480.00,0.00,平仓价,3246,2018-01-12 00:00:00,1,0,2024-07-17 06:08:58,0,2024-07-17 06:08:58,,,
2018-01-11,1/3焦煤,大连港,俄罗斯,,0.75,8.50,33.00,80.00,1510.00,0.00,平仓价,3247,2018-01-11 00:00:00,1,0,2024-07-17 06:08:58,0,2024-07-17 06:08:58,,,
2018-01-11,1/3焦煤,大连港,鹤岗市,,0.25,7.50,18.00,70.00,1480.00,40.00,平仓价,3248,2018-01-11 00:00:00,1,0,2024-07-17 06:08:58,0,2024-07-17 06:08:58,,,
2018-01-10,1/3焦煤,大连港,俄罗斯,,0.75,8.50,33.00,80.00,1510.00,0.00,平仓价,3249,2018-01-10 00:00:00,1,0,2024-07-17 06:08:58,0,2024-07-17 06:08:58,,,
2018-01-10,1/3焦煤,大连港,鹤岗市,,0.25,7.50,18.00,70.00,1440.00,0.00,平仓价,3250,2018-01-10 00:00:00,1,0,2024-07-17 06:08:58,0,2024-07-17 06:08:58,,,
2018-01-09,1/3焦煤,大连港,俄罗斯,,0.75,8.50,33.00,80.00,1510.00,60.00,平仓价,3251,2018-01-09 00:00:00,1,0,2024-07-17 06:08:58,0,2024-07-17 06:08:58,,,
2018-01-09,1/3焦煤,大连港,鹤岗市,,0.25,7.50,18.00,70.00,1440.00,-60.00,平仓价,3252,2018-01-09 00:00:00,1,0,2024-07-17 06:08:58,0,2024-07-17 06:08:58,,,
2018-01-08,1/3焦煤,大连港,俄罗斯,,0.75,8.50,33.00,80.00,1450.00,0.00,平仓价,3253,2018-01-08 00:00:00,1,0,2024-07-17 06:08:58,0,2024-07-17 06:08:58,,,
2018-01-08,1/3焦煤,大连港,鹤岗市,,0.25,7.50,18.00,70.00,1500.00,0.00,平仓价,3254,2018-01-08 00:00:00,1,0,2024-07-17 06:08:58,0,2024-07-17 06:08:58,,,
2018-01-05,1/3焦煤,大连港,俄罗斯,,0.75,8.50,33.00,80.00,1450.00,-10.00,平仓价,3255,2018-01-05 00:00:00,1,0,2024-07-17 06:08:58,0,2024-07-17 06:08:58,,,
2018-01-05,1/3焦煤,大连港,鹤岗市,,0.25,7.50,18.00,70.00,1500.00,60.00,平仓价,3256,2018-01-05 00:00:00,1,0,2024-07-17 06:08:58,0,2024-07-17 06:08:58,,,
2018-01-04,1/3焦煤,大连港,俄罗斯,,0.75,8.50,33.00,80.00,1460.00,200.00,平仓价,3257,2018-01-04 00:00:00,1,0,2024-07-17 06:08:58,0,2024-07-17 06:08:58,,,
2018-01-04,1/3焦煤,大连港,鹤岗市,,0.25,7.50,18.00,70.00,1440.00,20.00,平仓价,3258,2018-01-04 00:00:00,1,0,2024-07-17 06:08:58,0,2024-07-17 06:08:58,,,
2018-01-03,1/3焦煤,大连港,俄罗斯,,0.75,8.50,33.00,80.00,1260.00,0.00,平仓价,3259,2018-01-03 00:00:00,1,0,2024-07-17 06:08:58,0,2024-07-17 06:08:58,,,
2018-01-03,1/3焦煤,大连港,鹤岗市,,0.25,7.50,18.00,70.00,1420.00,0.00,平仓价,3260,2018-01-03 00:00:00,1,0,2024-07-17 06:08:58,0,2024-07-17 06:08:58,,,
2018-01-02,1/3焦煤,大连港,俄罗斯,,0.75,8.50,33.00,80.00,1260.00,0.00,平仓价,3261,2018-01-02 00:00:00,1,0,2024-07-17 06:08:58,0,2024-07-17 06:08:58,,,
2018-01-02,1/3焦煤,大连港,鹤岗市,,0.25,7.50,18.00,70.00,1420.00,0.00,平仓价,3262,2018-01-02 00:00:00,1,0,2024-07-17 06:08:58,0,2024-07-17 06:08:58,,,
2017-12-29,1/3焦煤,大连港,俄罗斯,,0.75,8.50,33.00,80.00,1260.00,0.00,平仓价,3263,2017-12-29 00:00:00,1,0,2024-07-17 06:08:58,0,2024-07-17 06:08:58,,,
2017-12-29,1/3焦煤,大连港,鹤岗市,,0.25,7.50,18.00,70.00,1420.00,0.00,平仓价,3264,2017-12-29 00:00:00,1,0,2024-07-17 06:08:58,0,2024-07-17 06:08:58,,,
2017-12-28,1/3焦煤,大连港,俄罗斯,,0.75,8.50,33.00,80.00,1260.00,0.00,平仓价,3265,2017-12-28 00:00:00,1,0,2024-07-17 06:08:58,0,2024-07-17 06:08:58,,,
2017-12-28,1/3焦煤,大连港,鹤岗市,,0.25,7.50,18.00,70.00,1420.00,0.00,平仓价,3266,2017-12-28 00:00:00,1,0,2024-07-17 06:08:58,0,2024-07-17 06:08:58,,,
2017-12-27,1/3焦煤,大连港,俄罗斯,,0.75,8.50,33.00,80.00,1260.00,0.00,平仓价,3267,2017-12-27 00:00:00,1,0,2024-07-17 06:08:58,0,2024-07-17 06:08:58,,,
2017-12-27,1/3焦煤,大连港,鹤岗市,,0.25,7.50,18.00,70.00,1420.00,0.00,平仓价,3268,2017-12-27 00:00:00,1,0,2024-07-17 06:08:58,0,2024-07-17 06:08:58,,,
2017-12-26,1/3焦煤,大连港,俄罗斯,,0.75,8.50,33.00,80.00,1260.00,0.00,平仓价,3269,2017-12-26 00:00:00,1,0,2024-07-17 06:08:58,0,2024-07-17 06:08:58,,,
2017-12-26,1/3焦煤,大连港,鹤岗市,,0.25,7.50,18.00,70.00,1420.00,0.00,平仓价,3270,2017-12-26 00:00:00,1,0,2024-07-17 06:08:58,0,2024-07-17 06:08:58,,,
2017-12-25,1/3焦煤,大连港,俄罗斯,,0.75,8.50,33.00,80.00,1260.00,0.00,平仓价,3271,2017-12-25 00:00:00,1,0,2024-07-17 06:09:01,0,2024-07-17 06:09:01,,,
2017-12-25,1/3焦煤,大连港,鹤岗市,,0.25,7.50,18.00,70.00,1420.00,0.00,平仓价,3272,2017-12-25 00:00:00,1,0,2024-07-17 06:09:01,0,2024-07-17 06:09:01,,,
2017-12-22,1/3焦煤,大连港,俄罗斯,,0.75,8.50,33.00,80.00,1260.00,0.00,平仓价,3273,2017-12-22 00:00:00,1,0,2024-07-17 06:09:01,0,2024-07-17 06:09:01,,,
2017-12-22,1/3焦煤,大连港,鹤岗市,,0.25,7.50,18.00,70.00,1420.00,0.00,平仓价,3274,2017-12-22 00:00:00,1,0,2024-07-17 06:09:01,0,2024-07-17 06:09:01,,,
2017-12-21,1/3焦煤,大连港,俄罗斯,,0.75,8.50,33.00,80.00,1260.00,0.00,平仓价,3275,2017-12-21 00:00:00,1,0,2024-07-17 06:09:01,0,2024-07-17 06:09:01,,,
2017-12-21,1/3焦煤,大连港,鹤岗市,,0.25,7.50,18.00,70.00,1420.00,0.00,平仓价,3276,2017-12-21 00:00:00,1,0,2024-07-17 06:09:01,0,2024-07-17 06:09:01,,,
2017-12-20,1/3焦煤,大连港,俄罗斯,,0.75,8.50,33.00,80.00,1260.00,0.00,平仓价,3277,2017-12-20 00:00:00,1,0,2024-07-17 06:09:01,0,2024-07-17 06:09:01,,,
2017-12-20,1/3焦煤,大连港,鹤岗市,,0.25,7.50,18.00,70.00,1420.00,0.00,平仓价,3278,2017-12-20 00:00:00,1,0,2024-07-17 06:09:01,0,2024-07-17 06:09:01,,,
2017-12-19,1/3焦煤,大连港,俄罗斯,,0.75,8.50,33.00,80.00,1260.00,0.00,平仓价,3279,2017-12-19 00:00:00,1,0,2024-07-17 06:09:01,0,2024-07-17 06:09:01,,,
2017-12-19,1/3焦煤,大连港,鹤岗市,,0.25,7.50,18.00,70.00,1420.00,0.00,平仓价,3280,2017-12-19 00:00:00,1,0,2024-07-17 06:09:01,0,2024-07-17 06:09:01,,,
2017-12-18,1/3焦煤,大连港,俄罗斯,,0.75,8.50,33.00,80.00,1260.00,0.00,平仓价,3281,2017-12-18 00:00:00,1,0,2024-07-17 06:09:01,0,2024-07-17 06:09:01,,,
2017-12-18,1/3焦煤,大连港,鹤岗市,,0.25,7.50,18.00,70.00,1420.00,0.00,平仓价,3282,2017-12-18 00:00:00,1,0,2024-07-17 06:09:01,0,2024-07-17 06:09:01,,,
2017-12-15,1/3焦煤,大连港,俄罗斯,,0.75,8.50,33.00,80.00,1260.00,0.00,平仓价,3283,2017-12-15 00:00:00,1,0,2024-07-17 06:09:01,0,2024-07-17 06:09:01,,,
2017-12-15,1/3焦煤,大连港,鹤岗市,,0.25,7.50,18.00,70.00,1420.00,0.00,平仓价,3284,2017-12-15 00:00:00,1,0,2024-07-17 06:09:01,0,2024-07-17 06:09:01,,,
2017-12-14,1/3焦煤,大连港,俄罗斯,,0.75,8.50,33.00,80.00,1260.00,0.00,平仓价,3285,2017-12-14 00:00:00,1,0,2024-07-17 06:09:01,0,2024-07-17 06:09:01,,,
2017-12-14,1/3焦煤,大连港,鹤岗市,,0.25,7.50,18.00,70.00,1420.00,0.00,平仓价,3286,2017-12-14 00:00:00,1,0,2024-07-17 06:09:01,0,2024-07-17 06:09:01,,,
2017-12-13,1/3焦煤,大连港,俄罗斯,,0.75,8.50,33.00,80.00,1260.00,0.00,平仓价,3287,2017-12-13 00:00:00,1,0,2024-07-17 06:09:01,0,2024-07-17 06:09:01,,,
2017-12-13,1/3焦煤,大连港,鹤岗市,,0.25,7.50,18.00,70.00,1420.00,0.00,平仓价,3288,2017-12-13 00:00:00,1,0,2024-07-17 06:09:01,0,2024-07-17 06:09:01,,,
2017-12-12,1/3焦煤,大连港,俄罗斯,,0.75,8.50,33.00,80.00,1260.00,0.00,平仓价,3289,2017-12-12 00:00:00,1,0,2024-07-17 06:09:01,0,2024-07-17 06:09:01,,,
2017-12-12,1/3焦煤,大连港,鹤岗市,,0.25,7.50,18.00,70.00,1420.00,0.00,平仓价,3290,2017-12-12 00:00:00,1,0,2024-07-17 06:09:01,0,2024-07-17 06:09:01,,,
2017-12-11,1/3焦煤,大连港,俄罗斯,,0.75,8.50,33.00,80.00,1260.00,0.00,平仓价,3291,2017-12-11 00:00:00,1,0,2024-07-17 06:09:01,0,2024-07-17 06:09:01,,,
2017-12-11,1/3焦煤,大连港,鹤岗市,,0.25,7.50,18.00,70.00,1420.00,0.00,平仓价,3292,2017-12-11 00:00:00,1,0,2024-07-17 06:09:01,0,2024-07-17 06:09:01,,,
2017-12-08,1/3焦煤,大连港,俄罗斯,,0.75,8.50,33.00,80.00,1260.00,0.00,平仓价,3293,2017-12-08 00:00:00,1,0,2024-07-17 06:09:01,0,2024-07-17 06:09:01,,,
2017-12-08,1/3焦煤,大连港,鹤岗市,,0.25,7.50,18.00,70.00,1420.00,0.00,平仓价,3294,2017-12-08 00:00:00,1,0,2024-07-17 06:09:01,0,2024-07-17 06:09:01,,,
2017-12-07,1/3焦煤,大连港,俄罗斯,,0.75,8.50,33.00,80.00,1260.00,0.00,平仓价,3295,2017-12-07 00:00:00,1,0,2024-07-17 06:09:01,0,2024-07-17 06:09:01,,,
2017-12-07,1/3焦煤,大连港,鹤岗市,,0.25,7.50,18.00,70.00,1420.00,0.00,平仓价,3296,2017-12-07 00:00:00,1,0,2024-07-17 06:09:01,0,2024-07-17 06:09:01,,,
2017-12-06,1/3焦煤,大连港,俄罗斯,,0.75,8.50,33.00,80.00,1260.00,0.00,平仓价,3297,2017-12-06 00:00:00,1,0,2024-07-17 06:09:01,0,2024-07-17 06:09:01,,,
2017-12-06,1/3焦煤,大连港,鹤岗市,,0.25,7.50,18.00,70.00,1420.00,0.00,平仓价,3298,2017-12-06 00:00:00,1,0,2024-07-17 06:09:01,0,2024-07-17 06:09:01,,,
2017-12-05,1/3焦煤,大连港,俄罗斯,,0.75,8.50,33.00,80.00,1260.00,0.00,平仓价,3299,2017-12-05 00:00:00,1,0,2024-07-17 06:09:01,0,2024-07-17 06:09:01,,,
2017-12-05,1/3焦煤,大连港,鹤岗市,,0.25,7.50,18.00,70.00,1420.00,0.00,平仓价,3300,2017-12-05 00:00:00,1,0,2024-07-17 06:09:01,0,2024-07-17 06:09:01,,,
2017-12-04,1/3焦煤,大连港,俄罗斯,,0.75,8.50,33.00,80.00,1260.00,0.00,平仓价,3301,2017-12-04 00:00:00,1,0,2024-07-17 06:09:04,0,2024-07-17 06:09:04,,,
2017-12-04,1/3焦煤,大连港,鹤岗市,,0.25,7.50,18.00,70.00,1420.00,0.00,平仓价,3302,2017-12-04 00:00:00,1,0,2024-07-17 06:09:04,0,2024-07-17 06:09:04,,,
2017-12-01,1/3焦煤,大连港,俄罗斯,,0.75,8.50,33.00,80.00,1260.00,0.00,平仓价,3303,2017-12-01 00:00:00,1,0,2024-07-17 06:09:04,0,2024-07-17 06:09:04,,,
2017-12-01,1/3焦煤,大连港,鹤岗市,,0.25,7.50,18.00,70.00,1420.00,0.00,平仓价,3304,2017-12-01 00:00:00,1,0,2024-07-17 06:09:04,0,2024-07-17 06:09:04,,,
2017-11-30,1/3焦煤,大连港,俄罗斯,,0.75,8.50,33.00,80.00,1260.00,0.00,平仓价,3305,2017-11-30 00:00:00,1,0,2024-07-17 06:09:04,0,2024-07-17 06:09:04,,,
2017-11-30,1/3焦煤,大连港,鹤岗市,,0.25,7.50,18.00,70.00,1420.00,0.00,平仓价,3306,2017-11-30 00:00:00,1,0,2024-07-17 06:09:04,0,2024-07-17 06:09:04,,,
2017-11-29,1/3焦煤,大连港,俄罗斯,,0.75,8.50,33.00,80.00,1260.00,0.00,平仓价,3307,2017-11-29 00:00:00,1,0,2024-07-17 06:09:04,0,2024-07-17 06:09:04,,,
2017-11-29,1/3焦煤,大连港,鹤岗市,,0.25,7.50,18.00,70.00,1420.00,0.00,平仓价,3308,2017-11-29 00:00:00,1,0,2024-07-17 06:09:04,0,2024-07-17 06:09:04,,,
2017-11-28,1/3焦煤,大连港,俄罗斯,,0.75,8.50,33.00,80.00,1260.00,0.00,平仓价,3309,2017-11-28 00:00:00,1,0,2024-07-17 06:09:04,0,2024-07-17 06:09:04,,,
2017-11-28,1/3焦煤,大连港,鹤岗市,,0.25,7.50,18.00,70.00,1420.00,0.00,平仓价,3310,2017-11-28 00:00:00,1,0,2024-07-17 06:09:04,0,2024-07-17 06:09:04,,,
2017-11-27,1/3焦煤,大连港,俄罗斯,,0.75,8.50,33.00,80.00,1260.00,0.00,平仓价,3311,2017-11-27 00:00:00,1,0,2024-07-17 06:09:04,0,2024-07-17 06:09:04,,,
2017-11-27,1/3焦煤,大连港,鹤岗市,,0.25,7.50,18.00,70.00,1420.00,0.00,平仓价,3312,2017-11-27 00:00:00,1,0,2024-07-17 06:09:04,0,2024-07-17 06:09:04,,,
2017-11-24,1/3焦煤,大连港,俄罗斯,,0.75,8.50,33.00,80.00,1260.00,0.00,平仓价,3313,2017-11-24 00:00:00,1,0,2024-07-17 06:09:04,0,2024-07-17 06:09:04,,,
2017-11-24,1/3焦煤,大连港,鹤岗市,,0.25,7.50,18.00,70.00,1420.00,0.00,平仓价,3314,2017-11-24 00:00:00,1,0,2024-07-17 06:09:04,0,2024-07-17 06:09:04,,,
2017-11-23,1/3焦煤,大连港,俄罗斯,,0.75,8.50,33.00,80.00,1260.00,0.00,平仓价,3315,2017-11-23 00:00:00,1,0,2024-07-17 06:09:04,0,2024-07-17 06:09:04,,,
2017-11-23,1/3焦煤,大连港,鹤岗市,,0.25,7.50,18.00,70.00,1420.00,0.00,平仓价,3316,2017-11-23 00:00:00,1,0,2024-07-17 06:09:04,0,2024-07-17 06:09:04,,,
2017-11-22,1/3焦煤,大连港,俄罗斯,,0.75,8.50,33.00,80.00,1260.00,0.00,平仓价,3317,2017-11-22 00:00:00,1,0,2024-07-17 06:09:04,0,2024-07-17 06:09:04,,,
2017-11-22,1/3焦煤,大连港,鹤岗市,,0.25,7.50,18.00,70.00,1420.00,0.00,平仓价,3318,2017-11-22 00:00:00,1,0,2024-07-17 06:09:04,0,2024-07-17 06:09:04,,,
2017-11-21,1/3焦煤,大连港,俄罗斯,,0.75,8.50,33.00,80.00,1260.00,0.00,平仓价,3319,2017-11-21 00:00:00,1,0,2024-07-17 06:09:04,0,2024-07-17 06:09:04,,,
2017-11-21,1/3焦煤,大连港,鹤岗市,,0.25,7.50,18.00,70.00,1420.00,0.00,平仓价,3320,2017-11-21 00:00:00,1,0,2024-07-17 06:09:04,0,2024-07-17 06:09:04,,,
2017-11-20,1/3焦煤,大连港,俄罗斯,,0.75,8.50,33.00,80.00,1260.00,0.00,平仓价,3321,2017-11-20 00:00:00,1,0,2024-07-17 06:09:04,0,2024-07-17 06:09:04,,,
2017-11-20,1/3焦煤,大连港,鹤岗市,,0.25,7.50,18.00,70.00,1420.00,0.00,平仓价,3322,2017-11-20 00:00:00,1,0,2024-07-17 06:09:04,0,2024-07-17 06:09:04,,,
2017-11-17,1/3焦煤,大连港,俄罗斯,,0.75,8.50,33.00,80.00,1260.00,0.00,平仓价,3323,2017-11-17 00:00:00,1,0,2024-07-17 06:09:04,0,2024-07-17 06:09:04,,,
2017-11-17,1/3焦煤,大连港,鹤岗市,,0.25,7.50,18.00,70.00,1420.00,0.00,平仓价,3324,2017-11-17 00:00:00,1,0,2024-07-17 06:09:04,0,2024-07-17 06:09:04,,,
2017-11-16,1/3焦煤,大连港,俄罗斯,,0.75,8.50,33.00,80.00,1260.00,0.00,平仓价,3325,2017-11-16 00:00:00,1,0,2024-07-17 06:09:04,0,2024-07-17 06:09:04,,,
2017-11-16,1/3焦煤,大连港,鹤岗市,,0.25,7.50,18.00,70.00,1420.00,0.00,平仓价,3326,2017-11-16 00:00:00,1,0,2024-07-17 06:09:04,0,2024-07-17 06:09:04,,,
2017-11-15,1/3焦煤,大连港,俄罗斯,,0.75,8.50,33.00,80.00,1260.00,0.00,平仓价,3327,2017-11-15 00:00:00,1,0,2024-07-17 06:09:04,0,2024-07-17 06:09:04,,,
2017-11-15,1/3焦煤,大连港,鹤岗市,,0.25,7.50,18.00,70.00,1420.00,0.00,平仓价,3328,2017-11-15 00:00:00,1,0,2024-07-17 06:09:04,0,2024-07-17 06:09:04,,,
2017-11-14,1/3焦煤,大连港,俄罗斯,,0.75,8.50,33.00,80.00,1260.00,0.00,平仓价,3329,2017-11-14 00:00:00,1,0,2024-07-17 06:09:04,0,2024-07-17 06:09:04,,,
2017-11-14,1/3焦煤,大连港,鹤岗市,,0.25,7.50,18.00,70.00,1420.00,0.00,平仓价,3330,2017-11-14 00:00:00,1,0,2024-07-17 06:09:04,0,2024-07-17 06:09:04,,,
2017-11-13,1/3焦煤,大连港,俄罗斯,,0.75,8.50,33.00,80.00,1260.00,0.00,平仓价,3331,2017-11-13 00:00:00,1,0,2024-07-17 06:09:07,0,2024-07-17 06:09:07,,,
2017-11-13,1/3焦煤,大连港,鹤岗市,,0.25,7.50,18.00,70.00,1420.00,0.00,平仓价,3332,2017-11-13 00:00:00,1,0,2024-07-17 06:09:07,0,2024-07-17 06:09:07,,,
2017-11-10,1/3焦煤,大连港,俄罗斯,,0.75,8.50,33.00,80.00,1260.00,0.00,平仓价,3333,2017-11-10 00:00:00,1,0,2024-07-17 06:09:07,0,2024-07-17 06:09:07,,,
2017-11-10,1/3焦煤,大连港,鹤岗市,,0.25,7.50,18.00,70.00,1420.00,0.00,平仓价,3334,2017-11-10 00:00:00,1,0,2024-07-17 06:09:07,0,2024-07-17 06:09:07,,,
2017-11-09,1/3焦煤,大连港,俄罗斯,,0.75,8.50,33.00,80.00,1260.00,0.00,平仓价,3335,2017-11-09 00:00:00,1,0,2024-07-17 06:09:07,0,2024-07-17 06:09:07,,,
2017-11-09,1/3焦煤,大连港,鹤岗市,,0.25,7.50,18.00,70.00,1420.00,0.00,平仓价,3336,2017-11-09 00:00:00,1,0,2024-07-17 06:09:07,0,2024-07-17 06:09:07,,,
2017-11-08,1/3焦煤,大连港,俄罗斯,,0.75,8.50,33.00,80.00,1260.00,0.00,平仓价,3337,2017-11-08 00:00:00,1,0,2024-07-17 06:09:07,0,2024-07-17 06:09:07,,,
2017-11-08,1/3焦煤,大连港,鹤岗市,,0.25,7.50,18.00,70.00,1420.00,0.00,平仓价,3338,2017-11-08 00:00:00,1,0,2024-07-17 06:09:07,0,2024-07-17 06:09:07,,,
2017-11-07,1/3焦煤,大连港,俄罗斯,,0.75,8.50,33.00,80.00,1260.00,0.00,平仓价,3339,2017-11-07 00:00:00,1,0,2024-07-17 06:09:07,0,2024-07-17 06:09:07,,,
2017-11-07,1/3焦煤,大连港,鹤岗市,,0.25,7.50,18.00,70.00,1420.00,0.00,平仓价,3340,2017-11-07 00:00:00,1,0,2024-07-17 06:09:07,0,2024-07-17 06:09:07,,,
2017-11-06,1/3焦煤,大连港,俄罗斯,,0.75,8.50,33.00,80.00,1260.00,0.00,平仓价,3341,2017-11-06 00:00:00,1,0,2024-07-17 06:09:07,0,2024-07-17 06:09:07,,,
2017-11-06,1/3焦煤,大连港,鹤岗市,,0.25,7.50,18.00,70.00,1420.00,0.00,平仓价,3342,2017-11-06 00:00:00,1,0,2024-07-17 06:09:07,0,2024-07-17 06:09:07,,,
2017-11-03,1/3焦煤,大连港,俄罗斯,,0.75,8.50,33.00,80.00,1260.00,0.00,平仓价,3343,2017-11-03 00:00:00,1,0,2024-07-17 06:09:07,0,2024-07-17 06:09:07,,,
2017-11-03,1/3焦煤,大连港,鹤岗市,,0.25,7.50,18.00,70.00,1420.00,0.00,平仓价,3344,2017-11-03 00:00:00,1,0,2024-07-17 06:09:07,0,2024-07-17 06:09:07,,,
2017-11-02,1/3焦煤,大连港,俄罗斯,,0.75,8.50,33.00,80.00,1260.00,0.00,平仓价,3345,2017-11-02 00:00:00,1,0,2024-07-17 06:09:07,0,2024-07-17 06:09:07,,,
2017-11-02,1/3焦煤,大连港,鹤岗市,,0.25,7.50,18.00,70.00,1420.00,0.00,平仓价,3346,2017-11-02 00:00:00,1,0,2024-07-17 06:09:07,0,2024-07-17 06:09:07,,,
2017-11-01,1/3焦煤,大连港,俄罗斯,,0.75,8.50,33.00,80.00,1260.00,0.00,平仓价,3347,2017-11-01 00:00:00,1,0,2024-07-17 06:09:07,0,2024-07-17 06:09:07,,,
2017-11-01,1/3焦煤,大连港,鹤岗市,,0.25,7.50,18.00,70.00,1420.00,0.00,平仓价,3348,2017-11-01 00:00:00,1,0,2024-07-17 06:09:07,0,2024-07-17 06:09:07,,,
2017-10-31,1/3焦煤,大连港,俄罗斯,,0.75,8.50,33.00,80.00,1260.00,0.00,平仓价,3349,2017-10-31 00:00:00,1,0,2024-07-17 06:09:07,0,2024-07-17 06:09:07,,,
2017-10-31,1/3焦煤,大连港,鹤岗市,,0.25,7.50,18.00,70.00,1420.00,0.00,平仓价,3350,2017-10-31 00:00:00,1,0,2024-07-17 06:09:07,0,2024-07-17 06:09:07,,,
2017-10-30,1/3焦煤,大连港,俄罗斯,,0.75,8.50,33.00,80.00,1260.00,0.00,平仓价,3351,2017-10-30 00:00:00,1,0,2024-07-17 06:09:07,0,2024-07-17 06:09:07,,,
2017-10-30,1/3焦煤,大连港,鹤岗市,,0.25,7.50,18.00,70.00,1420.00,0.00,平仓价,3352,2017-10-30 00:00:00,1,0,2024-07-17 06:09:07,0,2024-07-17 06:09:07,,,
2017-10-27,1/3焦煤,大连港,俄罗斯,,0.75,8.50,33.00,80.00,1260.00,0.00,平仓价,3353,2017-10-27 00:00:00,1,0,2024-07-17 06:09:07,0,2024-07-17 06:09:07,,,
2017-10-27,1/3焦煤,大连港,鹤岗市,,0.25,7.50,18.00,70.00,1420.00,0.00,平仓价,3354,2017-10-27 00:00:00,1,0,2024-07-17 06:09:07,0,2024-07-17 06:09:07,,,
2017-10-26,1/3焦煤,大连港,俄罗斯,,0.75,8.50,33.00,80.00,1260.00,0.00,平仓价,3355,2017-10-26 00:00:00,1,0,2024-07-17 06:09:07,0,2024-07-17 06:09:07,,,
2017-10-26,1/3焦煤,大连港,鹤岗市,,0.25,7.50,18.00,70.00,1420.00,0.00,平仓价,3356,2017-10-26 00:00:00,1,0,2024-07-17 06:09:07,0,2024-07-17 06:09:07,,,
2017-10-25,1/3焦煤,大连港,俄罗斯,,0.75,8.50,33.00,80.00,1260.00,0.00,平仓价,3357,2017-10-25 00:00:00,1,0,2024-07-17 06:09:07,0,2024-07-17 06:09:07,,,
2017-10-25,1/3焦煤,大连港,鹤岗市,,0.25,7.50,18.00,70.00,1420.00,0.00,平仓价,3358,2017-10-25 00:00:00,1,0,2024-07-17 06:09:07,0,2024-07-17 06:09:07,,,
2017-10-24,1/3焦煤,大连港,俄罗斯,,0.75,8.50,33.00,80.00,1260.00,0.00,平仓价,3359,2017-10-24 00:00:00,1,0,2024-07-17 06:09:07,0,2024-07-17 06:09:07,,,
2017-10-24,1/3焦煤,大连港,鹤岗市,,0.25,7.50,18.00,70.00,1420.00,0.00,平仓价,3360,2017-10-24 00:00:00,1,0,2024-07-17 06:09:07,0,2024-07-17 06:09:07,,,
2017-10-23,1/3焦煤,大连港,俄罗斯,,0.75,8.50,33.00,80.00,1260.00,-90.00,平仓价,3361,2017-10-23 00:00:00,1,0,2024-07-17 06:09:11,0,2024-07-17 06:09:11,,,
2017-10-23,1/3焦煤,大连港,鹤岗市,,0.25,7.50,18.00,70.00,1420.00,0.00,平仓价,3362,2017-10-23 00:00:00,1,0,2024-07-17 06:09:11,0,2024-07-17 06:09:11,,,
2017-10-20,1/3焦煤,大连港,俄罗斯,,0.75,8.50,33.00,80.00,1350.00,0.00,平仓价,3363,2017-10-20 00:00:00,1,0,2024-07-17 06:09:11,0,2024-07-17 06:09:11,,,
2017-10-20,1/3焦煤,大连港,鹤岗市,,0.25,7.50,18.00,70.00,1420.00,0.00,平仓价,3364,2017-10-20 00:00:00,1,0,2024-07-17 06:09:11,0,2024-07-17 06:09:11,,,
2017-10-19,1/3焦煤,大连港,俄罗斯,,0.75,8.50,33.00,80.00,1350.00,0.00,平仓价,3365,2017-10-19 00:00:00,1,0,2024-07-17 06:09:11,0,2024-07-17 06:09:11,,,
2017-10-19,1/3焦煤,大连港,鹤岗市,,0.25,7.50,18.00,70.00,1420.00,0.00,平仓价,3366,2017-10-19 00:00:00,1,0,2024-07-17 06:09:11,0,2024-07-17 06:09:11,,,
2017-10-18,1/3焦煤,大连港,俄罗斯,,0.75,8.50,33.00,80.00,1350.00,0.00,平仓价,3367,2017-10-18 00:00:00,1,0,2024-07-17 06:09:11,0,2024-07-17 06:09:11,,,
2017-10-18,1/3焦煤,大连港,鹤岗市,,0.25,7.50,18.00,70.00,1420.00,0.00,平仓价,3368,2017-10-18 00:00:00,1,0,2024-07-17 06:09:11,0,2024-07-17 06:09:11,,,
2017-10-17,1/3焦煤,大连港,俄罗斯,,0.75,8.50,33.00,80.00,1350.00,0.00,平仓价,3369,2017-10-17 00:00:00,1,0,2024-07-17 06:09:11,0,2024-07-17 06:09:11,,,
2017-10-17,1/3焦煤,大连港,鹤岗市,,0.25,7.50,18.00,70.00,1420.00,0.00,平仓价,3370,2017-10-17 00:00:00,1,0,2024-07-17 06:09:11,0,2024-07-17 06:09:11,,,
2017-10-16,1/3焦煤,大连港,俄罗斯,,0.75,8.50,33.00,80.00,1350.00,0.00,平仓价,3371,2017-10-16 00:00:00,1,0,2024-07-17 06:09:11,0,2024-07-17 06:09:11,,,
2017-10-16,1/3焦煤,大连港,鹤岗市,,0.25,7.50,18.00,70.00,1420.00,0.00,平仓价,3372,2017-10-16 00:00:00,1,0,2024-07-17 06:09:11,0,2024-07-17 06:09:11,,,
2017-10-13,1/3焦煤,大连港,俄罗斯,,0.75,8.50,33.00,80.00,1350.00,0.00,平仓价,3373,2017-10-13 00:00:00,1,0,2024-07-17 06:09:11,0,2024-07-17 06:09:11,,,
2017-10-13,1/3焦煤,大连港,鹤岗市,,0.25,7.50,18.00,70.00,1420.00,0.00,平仓价,3374,2017-10-13 00:00:00,1,0,2024-07-17 06:09:11,0,2024-07-17 06:09:11,,,
2017-10-12,1/3焦煤,大连港,俄罗斯,,0.75,8.50,33.00,80.00,1350.00,0.00,平仓价,3375,2017-10-12 00:00:00,1,0,2024-07-17 06:09:11,0,2024-07-17 06:09:11,,,
2017-10-12,1/3焦煤,大连港,鹤岗市,,0.25,7.50,18.00,70.00,1420.00,0.00,平仓价,3376,2017-10-12 00:00:00,1,0,2024-07-17 06:09:11,0,2024-07-17 06:09:11,,,
2017-10-11,1/3焦煤,大连港,俄罗斯,,0.75,8.50,33.00,80.00,1350.00,0.00,平仓价,3377,2017-10-11 00:00:00,1,0,2024-07-17 06:09:11,0,2024-07-17 06:09:11,,,
2017-10-11,1/3焦煤,大连港,鹤岗市,,0.25,7.50,18.00,70.00,1420.00,0.00,平仓价,3378,2017-10-11 00:00:00,1,0,2024-07-17 06:09:11,0,2024-07-17 06:09:11,,,
2017-10-10,1/3焦煤,大连港,俄罗斯,,0.75,8.50,33.00,80.00,1350.00,0.00,平仓价,3379,2017-10-10 00:00:00,1,0,2024-07-17 06:09:11,0,2024-07-17 06:09:11,,,
2017-10-10,1/3焦煤,大连港,鹤岗市,,0.25,7.50,18.00,70.00,1420.00,0.00,平仓价,3380,2017-10-10 00:00:00,1,0,2024-07-17 06:09:11,0,2024-07-17 06:09:11,,,
2017-10-09,1/3焦煤,大连港,俄罗斯,,0.75,8.50,33.00,80.00,1350.00,0.00,平仓价,3381,2017-10-09 00:00:00,1,0,2024-07-17 06:09:11,0,2024-07-17 06:09:11,,,
2017-10-09,1/3焦煤,大连港,鹤岗市,,0.25,7.50,18.00,70.00,1420.00,0.00,平仓价,3382,2017-10-09 00:00:00,1,0,2024-07-17 06:09:11,0,2024-07-17 06:09:11,,,
2017-09-30,1/3焦煤,大连港,俄罗斯,,0.75,8.50,33.00,80.00,1350.00,0.00,平仓价,3383,2017-09-30 00:00:00,1,0,2024-07-17 06:09:11,0,2024-07-17 06:09:11,,,
2017-09-30,1/3焦煤,大连港,鹤岗市,,0.25,7.50,18.00,70.00,1420.00,0.00,平仓价,3384,2017-09-30 00:00:00,1,0,2024-07-17 06:09:11,0,2024-07-17 06:09:11,,,
2017-09-29,1/3焦煤,大连港,俄罗斯,,0.75,8.50,33.00,80.00,1350.00,0.00,平仓价,3385,2017-09-29 00:00:00,1,0,2024-07-17 06:09:11,0,2024-07-17 06:09:11,,,
2017-09-29,1/3焦煤,大连港,鹤岗市,,0.25,7.50,18.00,70.00,1420.00,0.00,平仓价,3386,2017-09-29 00:00:00,1,0,2024-07-17 06:09:11,0,2024-07-17 06:09:11,,,
2017-09-28,1/3焦煤,大连港,俄罗斯,,0.75,8.50,33.00,80.00,1350.00,0.00,平仓价,3387,2017-09-28 00:00:00,1,0,2024-07-17 06:09:11,0,2024-07-17 06:09:11,,,
2017-09-28,1/3焦煤,大连港,鹤岗市,,0.25,7.50,18.00,70.00,1420.00,0.00,平仓价,3388,2017-09-28 00:00:00,1,0,2024-07-17 06:09:11,0,2024-07-17 06:09:11,,,
2017-09-27,1/3焦煤,大连港,俄罗斯,,0.75,8.50,33.00,80.00,1350.00,0.00,平仓价,3389,2017-09-27 00:00:00,1,0,2024-07-17 06:09:11,0,2024-07-17 06:09:11,,,
2017-09-27,1/3焦煤,大连港,鹤岗市,,0.25,7.50,18.00,70.00,1420.00,0.00,平仓价,3390,2017-09-27 00:00:00,1,0,2024-07-17 06:09:11,0,2024-07-17 06:09:11,,,
2017-09-26,1/3焦煤,大连港,俄罗斯,,0.75,8.50,33.00,80.00,1350.00,0.00,平仓价,3391,2017-09-26 00:00:00,1,0,2024-07-17 06:09:13,0,2024-07-17 06:09:13,,,
2017-09-26,1/3焦煤,大连港,鹤岗市,,0.25,7.50,18.00,70.00,1420.00,0.00,平仓价,3392,2017-09-26 00:00:00,1,0,2024-07-17 06:09:13,0,2024-07-17 06:09:13,,,
2017-09-25,1/3焦煤,大连港,俄罗斯,,0.75,8.50,33.00,80.00,1350.00,0.00,平仓价,3393,2017-09-25 00:00:00,1,0,2024-07-17 06:09:13,0,2024-07-17 06:09:13,,,
2017-09-25,1/3焦煤,大连港,鹤岗市,,0.25,7.50,18.00,70.00,1420.00,0.00,平仓价,3394,2017-09-25 00:00:00,1,0,2024-07-17 06:09:13,0,2024-07-17 06:09:13,,,
2017-09-22,1/3焦煤,大连港,俄罗斯,,0.75,8.50,33.00,80.00,1350.00,0.00,平仓价,3395,2017-09-22 00:00:00,1,0,2024-07-17 06:09:13,0,2024-07-17 06:09:13,,,
2017-09-22,1/3焦煤,大连港,鹤岗市,,0.25,7.50,18.00,70.00,1420.00,0.00,平仓价,3396,2017-09-22 00:00:00,1,0,2024-07-17 06:09:13,0,2024-07-17 06:09:13,,,
2017-09-21,1/3焦煤,大连港,俄罗斯,,0.75,8.50,33.00,80.00,1350.00,0.00,平仓价,3397,2017-09-21 00:00:00,1,0,2024-07-17 06:09:13,0,2024-07-17 06:09:13,,,
2017-09-21,1/3焦煤,大连港,鹤岗市,,0.25,7.50,18.00,70.00,1420.00,0.00,平仓价,3398,2017-09-21 00:00:00,1,0,2024-07-17 06:09:13,0,2024-07-17 06:09:13,,,
2017-09-20,1/3焦煤,大连港,鹤岗市,,0.25,7.50,18.00,70.00,1420.00,0.00,平仓价,3399,2017-09-20 00:00:00,1,0,2024-07-17 06:09:13,0,2024-07-17 06:09:13,,,
2017-09-20,1/3焦煤,大连港,俄罗斯,,0.75,8.50,33.00,80.00,1350.00,0.00,平仓价,3400,2017-09-20 00:00:00,1,0,2024-07-17 06:09:13,0,2024-07-17 06:09:13,,,
2017-09-19,1/3焦煤,大连港,鹤岗市,,0.25,7.50,18.00,70.00,1420.00,0.00,平仓价,3401,2017-09-19 00:00:00,1,0,2024-07-17 06:09:13,0,2024-07-17 06:09:13,,,
2017-09-19,1/3焦煤,大连港,俄罗斯,,0.75,8.50,33.00,80.00,1350.00,0.00,平仓价,3402,2017-09-19 00:00:00,1,0,2024-07-17 06:09:13,0,2024-07-17 06:09:13,,,
2017-09-18,1/3焦煤,大连港,鹤岗市,,0.25,7.50,18.00,70.00,1420.00,0.00,平仓价,3403,2017-09-18 00:00:00,1,0,2024-07-17 06:09:13,0,2024-07-17 06:09:13,,,
2017-09-18,1/3焦煤,大连港,俄罗斯,,0.75,8.50,33.00,80.00,1350.00,0.00,平仓价,3404,2017-09-18 00:00:00,1,0,2024-07-17 06:09:13,0,2024-07-17 06:09:13,,,
2017-09-15,1/3焦煤,大连港,鹤岗市,,0.25,7.50,18.00,70.00,1420.00,0.00,平仓价,3405,2017-09-15 00:00:00,1,0,2024-07-17 06:09:13,0,2024-07-17 06:09:13,,,
2017-09-15,1/3焦煤,大连港,俄罗斯,,0.75,8.50,33.00,80.00,1350.00,0.00,平仓价,3406,2017-09-15 00:00:00,1,0,2024-07-17 06:09:13,0,2024-07-17 06:09:13,,,
2017-09-14,1/3焦煤,大连港,鹤岗市,,0.25,7.50,18.00,70.00,1420.00,0.00,平仓价,3407,2017-09-14 00:00:00,1,0,2024-07-17 06:09:13,0,2024-07-17 06:09:13,,,
2017-09-14,1/3焦煤,大连港,俄罗斯,,0.75,8.50,33.00,80.00,1350.00,0.00,平仓价,3408,2017-09-14 00:00:00,1,0,2024-07-17 06:09:13,0,2024-07-17 06:09:13,,,
2017-09-13,1/3焦煤,大连港,鹤岗市,,0.25,7.50,18.00,70.00,1420.00,0.00,平仓价,3409,2017-09-13 00:00:00,1,0,2024-07-17 06:09:13,0,2024-07-17 06:09:13,,,
2017-09-13,1/3焦煤,大连港,俄罗斯,,0.75,8.50,33.00,80.00,1350.00,0.00,平仓价,3410,2017-09-13 00:00:00,1,0,2024-07-17 06:09:13,0,2024-07-17 06:09:13,,,
2017-09-12,1/3焦煤,大连港,鹤岗市,,0.25,7.50,18.00,70.00,1420.00,0.00,平仓价,3411,2017-09-12 00:00:00,1,0,2024-07-17 06:09:13,0,2024-07-17 06:09:13,,,
2017-09-12,1/3焦煤,大连港,俄罗斯,,0.75,8.50,33.00,80.00,1350.00,0.00,平仓价,3412,2017-09-12 00:00:00,1,0,2024-07-17 06:09:13,0,2024-07-17 06:09:13,,,
2017-09-11,1/3焦煤,大连港,鹤岗市,,0.25,7.50,18.00,70.00,1420.00,0.00,平仓价,3413,2017-09-11 00:00:00,1,0,2024-07-17 06:09:13,0,2024-07-17 06:09:13,,,
2017-09-11,1/3焦煤,大连港,俄罗斯,,0.75,8.50,33.00,80.00,1350.00,0.00,平仓价,3414,2017-09-11 00:00:00,1,0,2024-07-17 06:09:13,0,2024-07-17 06:09:13,,,
2017-09-08,1/3焦煤,大连港,鹤岗市,,0.25,7.50,18.00,70.00,1420.00,0.00,平仓价,3415,2017-09-08 00:00:00,1,0,2024-07-17 06:09:13,0,2024-07-17 06:09:13,,,
2017-09-08,1/3焦煤,大连港,俄罗斯,,0.75,8.50,33.00,80.00,1350.00,0.00,平仓价,3416,2017-09-08 00:00:00,1,0,2024-07-17 06:09:13,0,2024-07-17 06:09:13,,,
2017-09-07,1/3焦煤,大连港,鹤岗市,,0.25,7.50,18.00,70.00,1420.00,0.00,平仓价,3417,2017-09-07 00:00:00,1,0,2024-07-17 06:09:13,0,2024-07-17 06:09:13,,,
2017-09-07,1/3焦煤,大连港,俄罗斯,,0.75,8.50,33.00,80.00,1350.00,0.00,平仓价,3418,2017-09-07 00:00:00,1,0,2024-07-17 06:09:13,0,2024-07-17 06:09:13,,,
2017-09-06,1/3焦煤,大连港,鹤岗市,,0.25,7.50,18.00,70.00,1420.00,20.00,平仓价,3419,2017-09-06 00:00:00,1,0,2024-07-17 06:09:13,0,2024-07-17 06:09:13,,,
2017-09-06,1/3焦煤,大连港,俄罗斯,,0.75,8.50,33.00,80.00,1350.00,50.00,平仓价,3420,2017-09-06 00:00:00,1,0,2024-07-17 06:09:13,0,2024-07-17 06:09:13,,,
2017-09-05,1/3焦煤,大连港,鹤岗市,,0.25,7.50,18.00,70.00,1400.00,0.00,平仓价,3421,2017-09-05 00:00:00,1,0,2024-07-17 06:09:15,0,2024-07-17 06:09:15,,,
2017-09-05,1/3焦煤,大连港,俄罗斯,,0.75,8.50,33.00,80.00,1300.00,0.00,平仓价,3422,2017-09-05 00:00:00,1,0,2024-07-17 06:09:15,0,2024-07-17 06:09:15,,,
2017-09-04,1/3焦煤,大连港,鹤岗市,,0.25,7.50,18.00,70.00,1400.00,0.00,平仓价,3423,2017-09-04 00:00:00,1,0,2024-07-17 06:09:15,0,2024-07-17 06:09:15,,,
2017-09-04,1/3焦煤,大连港,俄罗斯,,0.75,8.50,33.00,80.00,1300.00,30.00,平仓价,3424,2017-09-04 00:00:00,1,0,2024-07-17 06:09:15,0,2024-07-17 06:09:15,,,
2017-09-01,1/3焦煤,大连港,鹤岗市,,0.25,7.50,18.00,70.00,1400.00,0.00,平仓价,3425,2017-09-01 00:00:00,1,0,2024-07-17 06:09:15,0,2024-07-17 06:09:15,,,
2017-09-01,1/3焦煤,大连港,俄罗斯,,0.75,8.50,33.00,80.00,1270.00,0.00,平仓价,3426,2017-09-01 00:00:00,1,0,2024-07-17 06:09:15,0,2024-07-17 06:09:15,,,
2017-08-31,1/3焦煤,大连港,鹤岗市,,0.25,7.50,18.00,70.00,1400.00,0.00,平仓价,3427,2017-08-31 00:00:00,1,0,2024-07-17 06:09:15,0,2024-07-17 06:09:15,,,
2017-08-31,1/3焦煤,大连港,俄罗斯,,0.75,8.50,33.00,80.00,1270.00,0.00,平仓价,3428,2017-08-31 00:00:00,1,0,2024-07-17 06:09:15,0,2024-07-17 06:09:15,,,
2017-08-30,1/3焦煤,大连港,鹤岗市,,0.25,7.50,18.00,70.00,1400.00,0.00,平仓价,3429,2017-08-30 00:00:00,1,0,2024-07-17 06:09:15,0,2024-07-17 06:09:15,,,
2017-08-30,1/3焦煤,大连港,俄罗斯,,0.75,8.50,33.00,80.00,1270.00,20.00,平仓价,3430,2017-08-30 00:00:00,1,0,2024-07-17 06:09:15,0,2024-07-17 06:09:15,,,
2017-08-29,1/3焦煤,大连港,鹤岗市,,0.25,7.50,18.00,70.00,1400.00,0.00,平仓价,3431,2017-08-29 00:00:00,1,0,2024-07-17 06:09:15,0,2024-07-17 06:09:15,,,
2017-08-29,1/3焦煤,大连港,俄罗斯,,0.75,8.50,33.00,80.00,1250.00,0.00,平仓价,3432,2017-08-29 00:00:00,1,0,2024-07-17 06:09:15,0,2024-07-17 06:09:15,,,
2017-08-28,1/3焦煤,大连港,鹤岗市,,0.25,7.50,18.00,70.00,1400.00,0.00,平仓价,3433,2017-08-28 00:00:00,1,0,2024-07-17 06:09:15,0,2024-07-17 06:09:15,,,
2017-08-28,1/3焦煤,大连港,俄罗斯,,0.75,8.50,33.00,80.00,1250.00,0.00,平仓价,3434,2017-08-28 00:00:00,1,0,2024-07-17 06:09:15,0,2024-07-17 06:09:15,,,
2017-08-25,1/3焦煤,大连港,鹤岗市,,0.25,7.50,18.00,70.00,1400.00,0.00,平仓价,3435,2017-08-25 00:00:00,1,0,2024-07-17 06:09:15,0,2024-07-17 06:09:15,,,
2017-08-25,1/3焦煤,大连港,俄罗斯,,0.75,8.50,33.00,80.00,1250.00,0.00,平仓价,3436,2017-08-25 00:00:00,1,0,2024-07-17 06:09:15,0,2024-07-17 06:09:15,,,
2017-08-24,1/3焦煤,大连港,鹤岗市,,0.25,7.50,18.00,70.00,1400.00,0.00,平仓价,3437,2017-08-24 00:00:00,1,0,2024-07-17 06:09:15,0,2024-07-17 06:09:15,,,
2017-08-24,1/3焦煤,大连港,俄罗斯,,0.75,8.50,33.00,80.00,1250.00,0.00,平仓价,3438,2017-08-24 00:00:00,1,0,2024-07-17 06:09:15,0,2024-07-17 06:09:15,,,
2017-08-23,1/3焦煤,大连港,鹤岗市,,0.25,7.50,18.00,70.00,1400.00,0.00,平仓价,3439,2017-08-23 00:00:00,1,0,2024-07-17 06:09:15,0,2024-07-17 06:09:15,,,
2017-08-23,1/3焦煤,大连港,俄罗斯,,0.75,8.50,33.00,80.00,1250.00,0.00,平仓价,3440,2017-08-23 00:00:00,1,0,2024-07-17 06:09:15,0,2024-07-17 06:09:15,,,
2017-08-22,1/3焦煤,大连港,鹤岗市,,0.25,7.50,18.00,70.00,1400.00,0.00,平仓价,3441,2017-08-22 00:00:00,1,0,2024-07-17 06:09:15,0,2024-07-17 06:09:15,,,
2017-08-22,1/3焦煤,大连港,俄罗斯,,0.75,8.50,33.00,80.00,1250.00,0.00,平仓价,3442,2017-08-22 00:00:00,1,0,2024-07-17 06:09:15,0,2024-07-17 06:09:15,,,
2017-08-21,1/3焦煤,大连港,鹤岗市,,0.25,7.50,18.00,70.00,1400.00,0.00,平仓价,3443,2017-08-21 00:00:00,1,0,2024-07-17 06:09:15,0,2024-07-17 06:09:15,,,
2017-08-21,1/3焦煤,大连港,俄罗斯,,0.75,8.50,33.00,80.00,1250.00,0.00,平仓价,3444,2017-08-21 00:00:00,1,0,2024-07-17 06:09:15,0,2024-07-17 06:09:15,,,
2017-08-18,1/3焦煤,大连港,鹤岗市,,0.25,7.50,18.00,70.00,1400.00,0.00,平仓价,3445,2017-08-18 00:00:00,1,0,2024-07-17 06:09:15,0,2024-07-17 06:09:15,,,
2017-08-18,1/3焦煤,大连港,俄罗斯,,0.75,8.50,33.00,80.00,1250.00,0.00,平仓价,3446,2017-08-18 00:00:00,1,0,2024-07-17 06:09:15,0,2024-07-17 06:09:15,,,
2017-08-17,1/3焦煤,大连港,鹤岗市,,0.25,7.50,18.00,70.00,1400.00,0.00,平仓价,3447,2017-08-17 00:00:00,1,0,2024-07-17 06:09:15,0,2024-07-17 06:09:15,,,
2017-08-17,1/3焦煤,大连港,俄罗斯,,0.75,8.50,33.00,80.00,1250.00,0.00,平仓价,3448,2017-08-17 00:00:00,1,0,2024-07-17 06:09:15,0,2024-07-17 06:09:15,,,
2017-08-16,1/3焦煤,大连港,鹤岗市,,0.25,7.50,18.00,70.00,1400.00,0.00,平仓价,3449,2017-08-16 00:00:00,1,0,2024-07-17 06:09:15,0,2024-07-17 06:09:15,,,
2017-08-16,1/3焦煤,大连港,俄罗斯,,0.75,8.50,33.00,80.00,1250.00,0.00,平仓价,3450,2017-08-16 00:00:00,1,0,2024-07-17 06:09:15,0,2024-07-17 06:09:15,,,
2017-08-15,1/3焦煤,大连港,鹤岗市,,0.25,7.50,18.00,70.00,1400.00,0.00,平仓价,3451,2017-08-15 00:00:00,1,0,2024-07-17 06:09:18,0,2024-07-17 06:09:18,,,
2017-08-15,1/3焦煤,大连港,俄罗斯,,0.75,8.50,33.00,80.00,1250.00,0.00,平仓价,3452,2017-08-15 00:00:00,1,0,2024-07-17 06:09:18,0,2024-07-17 06:09:18,,,
2017-08-14,1/3焦煤,大连港,鹤岗市,,0.25,7.50,18.00,70.00,1400.00,0.00,平仓价,3453,2017-08-14 00:00:00,1,0,2024-07-17 06:09:18,0,2024-07-17 06:09:18,,,
2017-08-14,1/3焦煤,大连港,俄罗斯,,0.75,8.50,33.00,80.00,1250.00,0.00,平仓价,3454,2017-08-14 00:00:00,1,0,2024-07-17 06:09:18,0,2024-07-17 06:09:18,,,
2017-08-11,1/3焦煤,大连港,鹤岗市,,0.25,7.50,18.00,70.00,1400.00,0.00,平仓价,3455,2017-08-11 00:00:00,1,0,2024-07-17 06:09:18,0,2024-07-17 06:09:18,,,
2017-08-11,1/3焦煤,大连港,俄罗斯,,0.75,8.50,33.00,80.00,1250.00,0.00,平仓价,3456,2017-08-11 00:00:00,1,0,2024-07-17 06:09:18,0,2024-07-17 06:09:18,,,
2017-08-10,1/3焦煤,大连港,鹤岗市,,0.25,7.50,18.00,70.00,1400.00,0.00,平仓价,3457,2017-08-10 00:00:00,1,0,2024-07-17 06:09:18,0,2024-07-17 06:09:18,,,
2017-08-10,1/3焦煤,大连港,俄罗斯,,0.75,8.50,33.00,80.00,1250.00,0.00,平仓价,3458,2017-08-10 00:00:00,1,0,2024-07-17 06:09:18,0,2024-07-17 06:09:18,,,
2017-08-09,1/3焦煤,大连港,鹤岗市,,0.25,7.50,18.00,70.00,1400.00,0.00,平仓价,3459,2017-08-09 00:00:00,1,0,2024-07-17 06:09:18,0,2024-07-17 06:09:18,,,
2017-08-09,1/3焦煤,大连港,俄罗斯,,0.75,8.50,33.00,80.00,1250.00,0.00,平仓价,3460,2017-08-09 00:00:00,1,0,2024-07-17 06:09:18,0,2024-07-17 06:09:18,,,
2017-08-08,1/3焦煤,大连港,鹤岗市,,0.25,7.50,18.00,70.00,1400.00,0.00,平仓价,3461,2017-08-08 00:00:00,1,0,2024-07-17 06:09:18,0,2024-07-17 06:09:18,,,
2017-08-08,1/3焦煤,大连港,俄罗斯,,0.75,8.50,33.00,80.00,1250.00,0.00,平仓价,3462,2017-08-08 00:00:00,1,0,2024-07-17 06:09:18,0,2024-07-17 06:09:18,,,
2017-08-07,1/3焦煤,大连港,鹤岗市,,0.25,7.50,18.00,70.00,1400.00,0.00,平仓价,3463,2017-08-07 00:00:00,1,0,2024-07-17 06:09:18,0,2024-07-17 06:09:18,,,
2017-08-07,1/3焦煤,大连港,俄罗斯,,0.75,8.50,33.00,80.00,1250.00,0.00,平仓价,3464,2017-08-07 00:00:00,1,0,2024-07-17 06:09:18,0,2024-07-17 06:09:18,,,
2017-08-04,1/3焦煤,大连港,鹤岗市,,0.25,7.50,18.00,70.00,1400.00,0.00,平仓价,3465,2017-08-04 00:00:00,1,0,2024-07-17 06:09:18,0,2024-07-17 06:09:18,,,
2017-08-04,1/3焦煤,大连港,俄罗斯,,0.75,8.50,33.00,80.00,1250.00,0.00,平仓价,3466,2017-08-04 00:00:00,1,0,2024-07-17 06:09:18,0,2024-07-17 06:09:18,,,
2017-08-03,1/3焦煤,大连港,鹤岗市,,0.25,7.50,18.00,70.00,1400.00,0.00,平仓价,3467,2017-08-03 00:00:00,1,0,2024-07-17 06:09:18,0,2024-07-17 06:09:18,,,
2017-08-03,1/3焦煤,大连港,俄罗斯,,0.75,8.50,33.00,80.00,1250.00,70.00,平仓价,3468,2017-08-03 00:00:00,1,0,2024-07-17 06:09:18,0,2024-07-17 06:09:18,,,
2017-08-02,1/3焦煤,大连港,鹤岗市,,0.25,7.50,18.00,70.00,1400.00,0.00,平仓价,3469,2017-08-02 00:00:00,1,0,2024-07-17 06:09:18,0,2024-07-17 06:09:18,,,
2017-08-02,1/3焦煤,大连港,俄罗斯,,0.75,8.50,33.00,80.00,1180.00,0.00,平仓价,3470,2017-08-02 00:00:00,1,0,2024-07-17 06:09:18,0,2024-07-17 06:09:18,,,
2017-08-01,1/3焦煤,大连港,鹤岗市,,0.25,7.50,18.00,70.00,1400.00,0.00,平仓价,3471,2017-08-01 00:00:00,1,0,2024-07-17 06:09:18,0,2024-07-17 06:09:18,,,
2017-08-01,1/3焦煤,大连港,俄罗斯,,0.75,8.50,33.00,80.00,1180.00,0.00,平仓价,3472,2017-08-01 00:00:00,1,0,2024-07-17 06:09:18,0,2024-07-17 06:09:18,,,
2017-07-31,1/3焦煤,大连港,鹤岗市,,0.25,7.50,18.00,70.00,1400.00,0.00,平仓价,3473,2017-07-31 00:00:00,1,0,2024-07-17 06:09:18,0,2024-07-17 06:09:18,,,
2017-07-31,1/3焦煤,大连港,俄罗斯,,0.75,8.50,33.00,80.00,1180.00,0.00,平仓价,3474,2017-07-31 00:00:00,1,0,2024-07-17 06:09:18,0,2024-07-17 06:09:18,,,
2017-07-28,1/3焦煤,大连港,鹤岗市,,0.25,7.50,18.00,70.00,1400.00,0.00,平仓价,3475,2017-07-28 00:00:00,1,0,2024-07-17 06:09:18,0,2024-07-17 06:09:18,,,
2017-07-28,1/3焦煤,大连港,俄罗斯,,0.75,8.50,33.00,80.00,1180.00,0.00,平仓价,3476,2017-07-28 00:00:00,1,0,2024-07-17 06:09:18,0,2024-07-17 06:09:18,,,
2017-07-27,1/3焦煤,大连港,鹤岗市,,0.25,7.50,18.00,70.00,1400.00,0.00,平仓价,3477,2017-07-27 00:00:00,1,0,2024-07-17 06:09:18,0,2024-07-17 06:09:18,,,
2017-07-27,1/3焦煤,大连港,俄罗斯,,0.75,8.50,33.00,80.00,1180.00,0.00,平仓价,3478,2017-07-27 00:00:00,1,0,2024-07-17 06:09:18,0,2024-07-17 06:09:18,,,
2017-07-26,1/3焦煤,大连港,鹤岗市,,0.25,7.50,18.00,70.00,1400.00,0.00,平仓价,3479,2017-07-26 00:00:00,1,0,2024-07-17 06:09:18,0,2024-07-17 06:09:18,,,
2017-07-26,1/3焦煤,大连港,俄罗斯,,0.75,8.50,33.00,80.00,1180.00,0.00,平仓价,3480,2017-07-26 00:00:00,1,0,2024-07-17 06:09:18,0,2024-07-17 06:09:18,,,
2017-07-25,1/3焦煤,大连港,鹤岗市,,0.25,7.50,18.00,70.00,1400.00,0.00,平仓价,3481,2017-07-25 00:00:00,1,0,2024-07-17 06:09:22,0,2024-07-17 06:09:22,,,
2017-07-25,1/3焦煤,大连港,俄罗斯,,0.75,8.50,33.00,80.00,1180.00,0.00,平仓价,3482,2017-07-25 00:00:00,1,0,2024-07-17 06:09:22,0,2024-07-17 06:09:22,,,
2017-07-24,1/3焦煤,大连港,鹤岗市,,0.25,7.50,18.00,70.00,1400.00,0.00,平仓价,3483,2017-07-24 00:00:00,1,0,2024-07-17 06:09:22,0,2024-07-17 06:09:22,,,
2017-07-24,1/3焦煤,大连港,俄罗斯,,0.75,8.50,33.00,80.00,1180.00,30.00,平仓价,3484,2017-07-24 00:00:00,1,0,2024-07-17 06:09:22,0,2024-07-17 06:09:22,,,
2017-07-21,1/3焦煤,大连港,鹤岗市,,0.25,7.50,18.00,70.00,1400.00,0.00,平仓价,3485,2017-07-21 00:00:00,1,0,2024-07-17 06:09:22,0,2024-07-17 06:09:22,,,
2017-07-21,1/3焦煤,大连港,俄罗斯,,0.75,8.50,33.00,80.00,1150.00,0.00,平仓价,3486,2017-07-21 00:00:00,1,0,2024-07-17 06:09:22,0,2024-07-17 06:09:22,,,
2017-07-20,1/3焦煤,大连港,鹤岗市,,0.25,7.50,18.00,70.00,1400.00,0.00,平仓价,3487,2017-07-20 00:00:00,1,0,2024-07-17 06:09:22,0,2024-07-17 06:09:22,,,
2017-07-20,1/3焦煤,大连港,俄罗斯,,0.75,8.50,33.00,80.00,1150.00,0.00,平仓价,3488,2017-07-20 00:00:00,1,0,2024-07-17 06:09:22,0,2024-07-17 06:09:22,,,
2017-07-19,1/3焦煤,大连港,鹤岗市,,0.25,7.50,18.00,70.00,1400.00,0.00,平仓价,3489,2017-07-19 00:00:00,1,0,2024-07-17 06:09:22,0,2024-07-17 06:09:22,,,
2017-07-19,1/3焦煤,大连港,俄罗斯,,0.75,8.50,33.00,80.00,1150.00,0.00,平仓价,3490,2017-07-19 00:00:00,1,0,2024-07-17 06:09:22,0,2024-07-17 06:09:22,,,
2017-07-18,1/3焦煤,大连港,鹤岗市,,0.25,7.50,18.00,70.00,1400.00,0.00,平仓价,3491,2017-07-18 00:00:00,1,0,2024-07-17 06:09:22,0,2024-07-17 06:09:22,,,
2017-07-18,1/3焦煤,大连港,俄罗斯,,0.75,8.50,33.00,80.00,1150.00,0.00,平仓价,3492,2017-07-18 00:00:00,1,0,2024-07-17 06:09:22,0,2024-07-17 06:09:22,,,
2017-07-17,1/3焦煤,大连港,鹤岗市,,0.25,7.50,18.00,70.00,1400.00,0.00,平仓价,3493,2017-07-17 00:00:00,1,0,2024-07-17 06:09:22,0,2024-07-17 06:09:22,,,
2017-07-17,1/3焦煤,大连港,俄罗斯,,0.75,8.50,33.00,80.00,1150.00,0.00,平仓价,3494,2017-07-17 00:00:00,1,0,2024-07-17 06:09:22,0,2024-07-17 06:09:22,,,
2017-07-14,1/3焦煤,大连港,鹤岗市,,0.25,7.50,18.00,70.00,1400.00,0.00,平仓价,3495,2017-07-14 00:00:00,1,0,2024-07-17 06:09:22,0,2024-07-17 06:09:22,,,
2017-07-14,1/3焦煤,大连港,俄罗斯,,0.75,8.50,33.00,80.00,1150.00,70.00,平仓价,3496,2017-07-14 00:00:00,1,0,2024-07-17 06:09:22,0,2024-07-17 06:09:22,,,
2017-07-13,1/3焦煤,大连港,鹤岗市,,0.25,7.50,18.00,70.00,1400.00,0.00,平仓价,3497,2017-07-13 00:00:00,1,0,2024-07-17 06:09:22,0,2024-07-17 06:09:22,,,
2017-07-13,1/3焦煤,大连港,俄罗斯,,0.75,8.50,33.00,80.00,1080.00,0.00,平仓价,3498,2017-07-13 00:00:00,1,0,2024-07-17 06:09:22,0,2024-07-17 06:09:22,,,
2017-07-12,1/3焦煤,大连港,鹤岗市,,0.25,7.50,18.00,70.00,1400.00,0.00,平仓价,3499,2017-07-12 00:00:00,1,0,2024-07-17 06:09:22,0,2024-07-17 06:09:22,,,
2017-07-12,1/3焦煤,大连港,俄罗斯,,0.75,8.50,33.00,80.00,1080.00,0.00,平仓价,3500,2017-07-12 00:00:00,1,0,2024-07-17 06:09:22,0,2024-07-17 06:09:22,,,
2017-07-11,1/3焦煤,大连港,鹤岗市,,0.25,7.50,18.00,70.00,1400.00,0.00,平仓价,3501,2017-07-11 00:00:00,1,0,2024-07-17 06:09:22,0,2024-07-17 06:09:22,,,
2017-07-11,1/3焦煤,大连港,俄罗斯,,0.75,8.50,33.00,80.00,1080.00,0.00,平仓价,3502,2017-07-11 00:00:00,1,0,2024-07-17 06:09:22,0,2024-07-17 06:09:22,,,
2017-07-10,1/3焦煤,大连港,鹤岗市,,0.25,7.50,18.00,70.00,1400.00,0.00,平仓价,3503,2017-07-10 00:00:00,1,0,2024-07-17 06:09:22,0,2024-07-17 06:09:22,,,
2017-07-10,1/3焦煤,大连港,俄罗斯,,0.75,8.50,33.00,80.00,1080.00,0.00,平仓价,3504,2017-07-10 00:00:00,1,0,2024-07-17 06:09:22,0,2024-07-17 06:09:22,,,
2017-07-07,1/3焦煤,大连港,鹤岗市,,0.25,7.50,18.00,70.00,1400.00,0.00,平仓价,3505,2017-07-07 00:00:00,1,0,2024-07-17 06:09:22,0,2024-07-17 06:09:22,,,
2017-07-07,1/3焦煤,大连港,俄罗斯,,0.75,8.50,33.00,80.00,1080.00,0.00,平仓价,3506,2017-07-07 00:00:00,1,0,2024-07-17 06:09:22,0,2024-07-17 06:09:22,,,
2017-07-06,1/3焦煤,大连港,鹤岗市,,0.25,7.50,18.00,70.00,1400.00,0.00,平仓价,3507,2017-07-06 00:00:00,1,0,2024-07-17 06:09:22,0,2024-07-17 06:09:22,,,
2017-07-06,1/3焦煤,大连港,俄罗斯,,0.75,8.50,33.00,80.00,1080.00,0.00,平仓价,3508,2017-07-06 00:00:00,1,0,2024-07-17 06:09:22,0,2024-07-17 06:09:22,,,
2017-07-05,1/3焦煤,大连港,鹤岗市,,0.25,7.50,18.00,70.00,1400.00,0.00,平仓价,3509,2017-07-05 00:00:00,1,0,2024-07-17 06:09:22,0,2024-07-17 06:09:22,,,
2017-07-05,1/3焦煤,大连港,俄罗斯,,0.75,8.50,33.00,80.00,1080.00,0.00,平仓价,3510,2017-07-05 00:00:00,1,0,2024-07-17 06:09:22,0,2024-07-17 06:09:22,,,
2017-07-04,1/3焦煤,大连港,鹤岗市,,0.25,7.50,18.00,70.00,1400.00,0.00,平仓价,3511,2017-07-04 00:00:00,1,0,2024-07-17 06:09:26,0,2024-07-17 06:09:26,,,
2017-07-04,1/3焦煤,大连港,俄罗斯,,0.75,8.50,33.00,80.00,1080.00,0.00,平仓价,3512,2017-07-04 00:00:00,1,0,2024-07-17 06:09:26,0,2024-07-17 06:09:26,,,
2017-07-03,1/3焦煤,大连港,鹤岗市,,0.25,7.50,18.00,70.00,1400.00,0.00,平仓价,3513,2017-07-03 00:00:00,1,0,2024-07-17 06:09:26,0,2024-07-17 06:09:26,,,
2017-07-03,1/3焦煤,大连港,俄罗斯,,0.75,8.50,33.00,80.00,1080.00,-20.00,平仓价,3514,2017-07-03 00:00:00,1,0,2024-07-17 06:09:26,0,2024-07-17 06:09:26,,,
2017-06-30,1/3焦煤,大连港,鹤岗市,,0.25,7.50,18.00,70.00,1400.00,0.00,平仓价,3515,2017-06-30 00:00:00,1,0,2024-07-17 06:09:26,0,2024-07-17 06:09:26,,,
2017-06-30,1/3焦煤,大连港,俄罗斯,,0.75,8.50,33.00,80.00,1100.00,0.00,平仓价,3516,2017-06-30 00:00:00,1,0,2024-07-17 06:09:26,0,2024-07-17 06:09:26,,,
2017-06-29,1/3焦煤,大连港,鹤岗市,,0.25,7.50,18.00,70.00,1400.00,0.00,平仓价,3517,2017-06-29 00:00:00,1,0,2024-07-17 06:09:26,0,2024-07-17 06:09:26,,,
2017-06-29,1/3焦煤,大连港,俄罗斯,,0.75,8.50,33.00,80.00,1100.00,0.00,平仓价,3518,2017-06-29 00:00:00,1,0,2024-07-17 06:09:26,0,2024-07-17 06:09:26,,,
2017-06-28,1/3焦煤,大连港,鹤岗市,,0.25,7.50,18.00,70.00,1400.00,0.00,平仓价,3519,2017-06-28 00:00:00,1,0,2024-07-17 06:09:26,0,2024-07-17 06:09:26,,,
2017-06-28,1/3焦煤,大连港,俄罗斯,,0.75,8.50,33.00,80.00,1100.00,0.00,平仓价,3520,2017-06-28 00:00:00,1,0,2024-07-17 06:09:26,0,2024-07-17 06:09:26,,,
2017-06-27,1/3焦煤,大连港,鹤岗市,,0.25,7.50,18.00,70.00,1400.00,0.00,平仓价,3521,2017-06-27 00:00:00,1,0,2024-07-17 06:09:26,0,2024-07-17 06:09:26,,,
2017-06-27,1/3焦煤,大连港,俄罗斯,,0.75,8.50,33.00,80.00,1100.00,0.00,平仓价,3522,2017-06-27 00:00:00,1,0,2024-07-17 06:09:26,0,2024-07-17 06:09:26,,,
2017-06-26,1/3焦煤,大连港,鹤岗市,,0.25,7.50,18.00,70.00,1400.00,0.00,平仓价,3523,2017-06-26 00:00:00,1,0,2024-07-17 06:09:26,0,2024-07-17 06:09:26,,,
2017-06-26,1/3焦煤,大连港,俄罗斯,,0.75,8.50,33.00,80.00,1100.00,0.00,平仓价,3524,2017-06-26 00:00:00,1,0,2024-07-17 06:09:26,0,2024-07-17 06:09:26,,,
2017-06-23,1/3焦煤,大连港,鹤岗市,,0.25,7.50,18.00,70.00,1400.00,0.00,平仓价,3525,2017-06-23 00:00:00,1,0,2024-07-17 06:09:26,0,2024-07-17 06:09:26,,,
2017-06-23,1/3焦煤,大连港,俄罗斯,,0.75,8.50,33.00,80.00,1100.00,0.00,平仓价,3526,2017-06-23 00:00:00,1,0,2024-07-17 06:09:26,0,2024-07-17 06:09:26,,,
2017-06-22,1/3焦煤,大连港,鹤岗市,,0.25,7.50,18.00,70.00,1400.00,0.00,平仓价,3527,2017-06-22 00:00:00,1,0,2024-07-17 06:09:26,0,2024-07-17 06:09:26,,,
2017-06-22,1/3焦煤,大连港,俄罗斯,,0.75,8.50,33.00,80.00,1100.00,0.00,平仓价,3528,2017-06-22 00:00:00,1,0,2024-07-17 06:09:26,0,2024-07-17 06:09:26,,,
2017-06-21,1/3焦煤,大连港,鹤岗市,,0.25,7.50,18.00,70.00,1400.00,0.00,平仓价,3529,2017-06-21 00:00:00,1,0,2024-07-17 06:09:26,0,2024-07-17 06:09:26,,,
2017-06-21,1/3焦煤,大连港,俄罗斯,,0.75,8.50,33.00,80.00,1100.00,0.00,平仓价,3530,2017-06-21 00:00:00,1,0,2024-07-17 06:09:26,0,2024-07-17 06:09:26,,,
2017-06-20,1/3焦煤,大连港,鹤岗市,,0.25,7.50,18.00,70.00,1400.00,0.00,平仓价,3531,2017-06-20 00:00:00,1,0,2024-07-17 06:09:26,0,2024-07-17 06:09:26,,,
2017-06-20,1/3焦煤,大连港,俄罗斯,,0.75,8.50,33.00,80.00,1100.00,0.00,平仓价,3532,2017-06-20 00:00:00,1,0,2024-07-17 06:09:26,0,2024-07-17 06:09:26,,,
2017-06-19,1/3焦煤,大连港,鹤岗市,,0.25,7.50,18.00,70.00,1400.00,0.00,平仓价,3533,2017-06-19 00:00:00,1,0,2024-07-17 06:09:26,0,2024-07-17 06:09:26,,,
2017-06-19,1/3焦煤,大连港,俄罗斯,,0.75,8.50,33.00,80.00,1100.00,-50.00,平仓价,3534,2017-06-19 00:00:00,1,0,2024-07-17 06:09:26,0,2024-07-17 06:09:26,,,
2017-06-16,1/3焦煤,大连港,鹤岗市,,0.25,7.50,18.00,70.00,1400.00,0.00,平仓价,3535,2017-06-16 00:00:00,1,0,2024-07-17 06:09:26,0,2024-07-17 06:09:26,,,
2017-06-16,1/3焦煤,大连港,俄罗斯,,0.75,8.50,33.00,80.00,1150.00,0.00,平仓价,3536,2017-06-16 00:00:00,1,0,2024-07-17 06:09:26,0,2024-07-17 06:09:26,,,
2017-06-15,1/3焦煤,大连港,鹤岗市,,0.25,7.50,18.00,70.00,1400.00,0.00,平仓价,3537,2017-06-15 00:00:00,1,0,2024-07-17 06:09:26,0,2024-07-17 06:09:26,,,
2017-06-15,1/3焦煤,大连港,俄罗斯,,0.75,8.50,33.00,80.00,1150.00,0.00,平仓价,3538,2017-06-15 00:00:00,1,0,2024-07-17 06:09:26,0,2024-07-17 06:09:26,,,
2017-06-14,1/3焦煤,大连港,鹤岗市,,0.25,7.50,18.00,70.00,1400.00,0.00,平仓价,3539,2017-06-14 00:00:00,1,0,2024-07-17 06:09:26,0,2024-07-17 06:09:26,,,
2017-06-14,1/3焦煤,大连港,俄罗斯,,0.75,8.50,33.00,80.00,1150.00,0.00,平仓价,3540,2017-06-14 00:00:00,1,0,2024-07-17 06:09:26,0,2024-07-17 06:09:26,,,
2017-06-13,1/3焦煤,大连港,鹤岗市,,0.25,7.50,18.00,70.00,1400.00,0.00,平仓价,3541,2017-06-13 00:00:00,1,0,2024-07-17 06:09:30,0,2024-07-17 06:09:30,,,
2017-06-13,1/3焦煤,大连港,俄罗斯,,0.75,8.50,33.00,80.00,1150.00,0.00,平仓价,3542,2017-06-13 00:00:00,1,0,2024-07-17 06:09:30,0,2024-07-17 06:09:30,,,
2017-06-12,1/3焦煤,大连港,鹤岗市,,0.25,7.50,18.00,70.00,1400.00,0.00,平仓价,3543,2017-06-12 00:00:00,1,0,2024-07-17 06:09:30,0,2024-07-17 06:09:30,,,
2017-06-12,1/3焦煤,大连港,俄罗斯,,0.75,8.50,33.00,80.00,1150.00,-50.00,平仓价,3544,2017-06-12 00:00:00,1,0,2024-07-17 06:09:30,0,2024-07-17 06:09:30,,,
2017-06-09,1/3焦煤,大连港,鹤岗市,,0.25,7.50,18.00,70.00,1400.00,0.00,平仓价,3545,2017-06-09 00:00:00,1,0,2024-07-17 06:09:30,0,2024-07-17 06:09:30,,,
2017-06-09,1/3焦煤,大连港,俄罗斯,,0.75,8.50,33.00,80.00,1200.00,0.00,平仓价,3546,2017-06-09 00:00:00,1,0,2024-07-17 06:09:30,0,2024-07-17 06:09:30,,,
2017-06-08,1/3焦煤,大连港,鹤岗市,,0.25,7.50,18.00,70.00,1400.00,0.00,平仓价,3547,2017-06-08 00:00:00,1,0,2024-07-17 06:09:30,0,2024-07-17 06:09:30,,,
2017-06-08,1/3焦煤,大连港,俄罗斯,,0.75,8.50,33.00,80.00,1200.00,0.00,平仓价,3548,2017-06-08 00:00:00,1,0,2024-07-17 06:09:30,0,2024-07-17 06:09:30,,,
2017-06-07,1/3焦煤,大连港,鹤岗市,,0.25,7.50,18.00,70.00,1400.00,0.00,平仓价,3549,2017-06-07 00:00:00,1,0,2024-07-17 06:09:30,0,2024-07-17 06:09:30,,,
2017-06-07,1/3焦煤,大连港,俄罗斯,,0.75,8.50,33.00,80.00,1200.00,0.00,平仓价,3550,2017-06-07 00:00:00,1,0,2024-07-17 06:09:30,0,2024-07-17 06:09:30,,,
2017-06-06,1/3焦煤,大连港,鹤岗市,,0.25,7.50,18.00,70.00,1400.00,0.00,平仓价,3551,2017-06-06 00:00:00,1,0,2024-07-17 06:09:30,0,2024-07-17 06:09:30,,,
2017-06-06,1/3焦煤,大连港,俄罗斯,,0.75,8.50,33.00,80.00,1200.00,0.00,平仓价,3552,2017-06-06 00:00:00,1,0,2024-07-17 06:09:30,0,2024-07-17 06:09:30,,,
2017-06-05,1/3焦煤,大连港,鹤岗市,,0.25,7.50,18.00,70.00,1400.00,0.00,平仓价,3553,2017-06-05 00:00:00,1,0,2024-07-17 06:09:30,0,2024-07-17 06:09:30,,,
2017-06-05,1/3焦煤,大连港,俄罗斯,,0.75,8.50,33.00,80.00,1200.00,-50.00,平仓价,3554,2017-06-05 00:00:00,1,0,2024-07-17 06:09:30,0,2024-07-17 06:09:30,,,
2017-06-02,1/3焦煤,大连港,鹤岗市,,0.25,7.50,18.00,70.00,1400.00,0.00,平仓价,3555,2017-06-02 00:00:00,1,0,2024-07-17 06:09:30,0,2024-07-17 06:09:30,,,
2017-06-02,1/3焦煤,大连港,俄罗斯,,0.75,8.50,33.00,80.00,1250.00,0.00,平仓价,3556,2017-06-02 00:00:00,1,0,2024-07-17 06:09:30,0,2024-07-17 06:09:30,,,
2017-06-01,1/3焦煤,大连港,鹤岗市,,0.25,7.50,18.00,70.00,1400.00,0.00,平仓价,3557,2017-06-01 00:00:00,1,0,2024-07-17 06:09:30,0,2024-07-17 06:09:30,,,
2017-06-01,1/3焦煤,大连港,俄罗斯,,0.75,8.50,33.00,80.00,1250.00,0.00,平仓价,3558,2017-06-01 00:00:00,1,0,2024-07-17 06:09:30,0,2024-07-17 06:09:30,,,
2017-05-31,1/3焦煤,大连港,鹤岗市,,0.25,7.50,18.00,70.00,1400.00,0.00,平仓价,3559,2017-05-31 00:00:00,1,0,2024-07-17 06:09:30,0,2024-07-17 06:09:30,,,
2017-05-31,1/3焦煤,大连港,俄罗斯,,0.75,8.50,33.00,80.00,1250.00,0.00,平仓价,3560,2017-05-31 00:00:00,1,0,2024-07-17 06:09:30,0,2024-07-17 06:09:30,,,
2017-05-27,1/3焦煤,大连港,鹤岗市,,0.25,7.50,18.00,70.00,1400.00,0.00,平仓价,3561,2017-05-27 00:00:00,1,0,2024-07-17 06:09:30,0,2024-07-17 06:09:30,,,
2017-05-27,1/3焦煤,大连港,俄罗斯,,0.75,8.50,33.00,80.00,1250.00,0.00,平仓价,3562,2017-05-27 00:00:00,1,0,2024-07-17 06:09:30,0,2024-07-17 06:09:30,,,
2017-05-26,1/3焦煤,大连港,鹤岗市,,0.25,7.50,18.00,70.00,1400.00,0.00,平仓价,3563,2017-05-26 00:00:00,1,0,2024-07-17 06:09:30,0,2024-07-17 06:09:30,,,
2017-05-26,1/3焦煤,大连港,俄罗斯,,0.75,8.50,33.00,80.00,1250.00,0.00,平仓价,3564,2017-05-26 00:00:00,1,0,2024-07-17 06:09:30,0,2024-07-17 06:09:30,,,
2017-05-25,1/3焦煤,大连港,鹤岗市,,0.25,7.50,18.00,70.00,1400.00,0.00,平仓价,3565,2017-05-25 00:00:00,1,0,2024-07-17 06:09:30,0,2024-07-17 06:09:30,,,
2017-05-25,1/3焦煤,大连港,俄罗斯,,0.75,8.50,33.00,80.00,1250.00,0.00,平仓价,3566,2017-05-25 00:00:00,1,0,2024-07-17 06:09:30,0,2024-07-17 06:09:30,,,
2017-05-24,1/3焦煤,大连港,鹤岗市,,0.25,7.50,18.00,70.00,1400.00,0.00,平仓价,3567,2017-05-24 00:00:00,1,0,2024-07-17 06:09:30,0,2024-07-17 06:09:30,,,
2017-05-24,1/3焦煤,大连港,俄罗斯,,0.75,8.50,33.00,80.00,1250.00,0.00,平仓价,3568,2017-05-24 00:00:00,1,0,2024-07-17 06:09:30,0,2024-07-17 06:09:30,,,
2017-05-23,1/3焦煤,大连港,鹤岗市,,0.25,7.50,18.00,70.00,1400.00,0.00,平仓价,3569,2017-05-23 00:00:00,1,0,2024-07-17 06:09:30,0,2024-07-17 06:09:30,,,
2017-05-23,1/3焦煤,大连港,俄罗斯,,0.75,8.50,33.00,80.00,1250.00,0.00,平仓价,3570,2017-05-23 00:00:00,1,0,2024-07-17 06:09:30,0,2024-07-17 06:09:30,,,
2017-05-22,1/3焦煤,大连港,鹤岗市,,0.25,7.50,18.00,70.00,1400.00,0.00,平仓价,3571,2017-05-22 00:00:00,1,0,2024-07-17 06:09:33,0,2024-07-17 06:09:33,,,
2017-05-22,1/3焦煤,大连港,俄罗斯,,0.75,8.50,33.00,80.00,1250.00,0.00,平仓价,3572,2017-05-22 00:00:00,1,0,2024-07-17 06:09:33,0,2024-07-17 06:09:33,,,
2017-05-19,1/3焦煤,大连港,鹤岗市,,0.25,7.50,18.00,70.00,1400.00,0.00,平仓价,3573,2017-05-19 00:00:00,1,0,2024-07-17 06:09:33,0,2024-07-17 06:09:33,,,
2017-05-19,1/3焦煤,大连港,俄罗斯,,0.75,8.50,33.00,80.00,1250.00,-50.00,平仓价,3574,2017-05-19 00:00:00,1,0,2024-07-17 06:09:33,0,2024-07-17 06:09:33,,,
2017-05-18,1/3焦煤,大连港,鹤岗市,,0.25,7.50,18.00,70.00,1400.00,0.00,平仓价,3575,2017-05-18 00:00:00,1,0,2024-07-17 06:09:33,0,2024-07-17 06:09:33,,,
2017-05-18,1/3焦煤,大连港,俄罗斯,,0.75,8.50,33.00,80.00,1300.00,0.00,平仓价,3576,2017-05-18 00:00:00,1,0,2024-07-17 06:09:33,0,2024-07-17 06:09:33,,,
2017-05-17,1/3焦煤,大连港,鹤岗市,,0.25,7.50,18.00,70.00,1400.00,0.00,平仓价,3577,2017-05-17 00:00:00,1,0,2024-07-17 06:09:33,0,2024-07-17 06:09:33,,,
2017-05-17,1/3焦煤,大连港,俄罗斯,,0.75,8.50,33.00,80.00,1300.00,-120.00,平仓价,3578,2017-05-17 00:00:00,1,0,2024-07-17 06:09:33,0,2024-07-17 06:09:33,,,
2017-05-16,1/3焦煤,大连港,鹤岗市,,0.25,7.50,18.00,70.00,1400.00,0.00,平仓价,3579,2017-05-16 00:00:00,1,0,2024-07-17 06:09:33,0,2024-07-17 06:09:33,,,
2017-05-16,1/3焦煤,大连港,俄罗斯,,0.75,8.50,33.00,80.00,1420.00,0.00,平仓价,3580,2017-05-16 00:00:00,1,0,2024-07-17 06:09:33,0,2024-07-17 06:09:33,,,
2017-05-15,1/3焦煤,大连港,鹤岗市,,0.25,7.50,18.00,70.00,1400.00,0.00,平仓价,3581,2017-05-15 00:00:00,1,0,2024-07-17 06:09:33,0,2024-07-17 06:09:33,,,
2017-05-15,1/3焦煤,大连港,俄罗斯,,0.75,8.50,33.00,80.00,1420.00,0.00,平仓价,3582,2017-05-15 00:00:00,1,0,2024-07-17 06:09:33,0,2024-07-17 06:09:33,,,
2017-05-12,1/3焦煤,大连港,鹤岗市,,0.25,7.50,18.00,70.00,1400.00,0.00,平仓价,3583,2017-05-12 00:00:00,1,0,2024-07-17 06:09:33,0,2024-07-17 06:09:33,,,
2017-05-12,1/3焦煤,大连港,俄罗斯,,0.75,8.50,33.00,80.00,1420.00,0.00,平仓价,3584,2017-05-12 00:00:00,1,0,2024-07-17 06:09:33,0,2024-07-17 06:09:33,,,
2017-05-11,1/3焦煤,大连港,鹤岗市,,0.25,7.50,18.00,70.00,1400.00,0.00,平仓价,3585,2017-05-11 00:00:00,1,0,2024-07-17 06:09:33,0,2024-07-17 06:09:33,,,
2017-05-11,1/3焦煤,大连港,俄罗斯,,0.75,8.50,33.00,80.00,1420.00,0.00,平仓价,3586,2017-05-11 00:00:00,1,0,2024-07-17 06:09:33,0,2024-07-17 06:09:33,,,
2017-05-10,1/3焦煤,大连港,鹤岗市,,0.25,7.50,18.00,70.00,1400.00,0.00,平仓价,3587,2017-05-10 00:00:00,1,0,2024-07-17 06:09:33,0,2024-07-17 06:09:33,,,
2017-05-10,1/3焦煤,大连港,俄罗斯,,0.75,8.50,33.00,80.00,1420.00,-60.00,平仓价,3588,2017-05-10 00:00:00,1,0,2024-07-17 06:09:33,0,2024-07-17 06:09:33,,,
2017-05-09,1/3焦煤,大连港,鹤岗市,,0.25,7.50,18.00,70.00,1400.00,0.00,平仓价,3589,2017-05-09 00:00:00,1,0,2024-07-17 06:09:33,0,2024-07-17 06:09:33,,,
2017-05-09,1/3焦煤,大连港,俄罗斯,,0.75,8.50,33.00,80.00,1480.00,0.00,平仓价,3590,2017-05-09 00:00:00,1,0,2024-07-17 06:09:33,0,2024-07-17 06:09:33,,,
2017-05-08,1/3焦煤,大连港,鹤岗市,,0.25,7.50,18.00,70.00,1400.00,0.00,平仓价,3591,2017-05-08 00:00:00,1,0,2024-07-17 06:09:33,0,2024-07-17 06:09:33,,,
2017-05-08,1/3焦煤,大连港,俄罗斯,,0.75,8.50,33.00,80.00,1480.00,0.00,平仓价,3592,2017-05-08 00:00:00,1,0,2024-07-17 06:09:33,0,2024-07-17 06:09:33,,,
2017-05-05,1/3焦煤,大连港,鹤岗市,,0.25,7.50,18.00,70.00,1400.00,0.00,平仓价,3593,2017-05-05 00:00:00,1,0,2024-07-17 06:09:33,0,2024-07-17 06:09:33,,,
2017-05-05,1/3焦煤,大连港,俄罗斯,,0.75,8.50,33.00,80.00,1480.00,0.00,平仓价,3594,2017-05-05 00:00:00,1,0,2024-07-17 06:09:33,0,2024-07-17 06:09:33,,,
2017-05-04,1/3焦煤,大连港,鹤岗市,,0.25,7.50,18.00,70.00,1400.00,0.00,平仓价,3595,2017-05-04 00:00:00,1,0,2024-07-17 06:09:33,0,2024-07-17 06:09:33,,,
2017-05-04,1/3焦煤,大连港,俄罗斯,,0.75,8.50,33.00,80.00,1480.00,0.00,平仓价,3596,2017-05-04 00:00:00,1,0,2024-07-17 06:09:33,0,2024-07-17 06:09:33,,,
2017-05-03,1/3焦煤,大连港,鹤岗市,,0.25,7.50,18.00,70.00,1400.00,0.00,平仓价,3597,2017-05-03 00:00:00,1,0,2024-07-17 06:09:33,0,2024-07-17 06:09:33,,,
2017-05-03,1/3焦煤,大连港,俄罗斯,,0.75,8.50,33.00,80.00,1480.00,0.00,平仓价,3598,2017-05-03 00:00:00,1,0,2024-07-17 06:09:33,0,2024-07-17 06:09:33,,,
2017-05-02,1/3焦煤,大连港,鹤岗市,,0.25,7.50,18.00,70.00,1400.00,0.00,平仓价,3599,2017-05-02 00:00:00,1,0,2024-07-17 06:09:33,0,2024-07-17 06:09:33,,,
2017-05-02,1/3焦煤,大连港,俄罗斯,,0.75,8.50,33.00,80.00,1480.00,0.00,平仓价,3600,2017-05-02 00:00:00,1,0,2024-07-17 06:09:33,0,2024-07-17 06:09:33,,,
2017-04-28,1/3焦煤,大连港,鹤岗市,,0.25,7.50,18.00,70.00,1400.00,0.00,平仓价,3601,2017-04-28 00:00:00,1,0,2024-07-17 06:09:35,0,2024-07-17 06:09:35,,,
2017-04-28,1/3焦煤,大连港,俄罗斯,,0.75,8.50,33.00,80.00,1480.00,0.00,平仓价,3602,2017-04-28 00:00:00,1,0,2024-07-17 06:09:35,0,2024-07-17 06:09:35,,,
2017-04-27,1/3焦煤,大连港,鹤岗市,,0.25,7.50,18.00,70.00,1400.00,0.00,平仓价,3603,2017-04-27 00:00:00,1,0,2024-07-17 06:09:35,0,2024-07-17 06:09:35,,,
2017-04-27,1/3焦煤,大连港,俄罗斯,,0.75,8.50,33.00,80.00,1480.00,0.00,平仓价,3604,2017-04-27 00:00:00,1,0,2024-07-17 06:09:35,0,2024-07-17 06:09:35,,,
2017-04-26,1/3焦煤,大连港,鹤岗市,,0.25,7.50,18.00,70.00,1400.00,0.00,平仓价,3605,2017-04-26 00:00:00,1,0,2024-07-17 06:09:35,0,2024-07-17 06:09:35,,,
2017-04-26,1/3焦煤,大连港,俄罗斯,,0.75,8.50,33.00,80.00,1480.00,0.00,平仓价,3606,2017-04-26 00:00:00,1,0,2024-07-17 06:09:35,0,2024-07-17 06:09:35,,,
2017-04-25,1/3焦煤,大连港,鹤岗市,,0.25,7.50,18.00,70.00,1400.00,0.00,平仓价,3607,2017-04-25 00:00:00,1,0,2024-07-17 06:09:35,0,2024-07-17 06:09:35,,,
2017-04-25,1/3焦煤,大连港,俄罗斯,,0.75,8.50,33.00,80.00,1480.00,0.00,平仓价,3608,2017-04-25 00:00:00,1,0,2024-07-17 06:09:35,0,2024-07-17 06:09:35,,,
2017-04-24,1/3焦煤,大连港,鹤岗市,,0.25,7.50,18.00,70.00,1400.00,0.00,平仓价,3609,2017-04-24 00:00:00,1,0,2024-07-17 06:09:35,0,2024-07-17 06:09:35,,,
2017-04-24,1/3焦煤,大连港,俄罗斯,,0.75,8.50,33.00,80.00,1480.00,0.00,平仓价,3610,2017-04-24 00:00:00,1,0,2024-07-17 06:09:35,0,2024-07-17 06:09:35,,,
2017-04-21,1/3焦煤,大连港,鹤岗市,,0.25,7.50,18.00,70.00,1400.00,0.00,平仓价,3611,2017-04-21 00:00:00,1,0,2024-07-17 06:09:35,0,2024-07-17 06:09:35,,,
2017-04-21,1/3焦煤,大连港,俄罗斯,,0.75,8.50,33.00,80.00,1480.00,0.00,平仓价,3612,2017-04-21 00:00:00,1,0,2024-07-17 06:09:35,0,2024-07-17 06:09:35,,,
2017-04-20,1/3焦煤,大连港,鹤岗市,,0.25,7.50,18.00,70.00,1400.00,0.00,平仓价,3613,2017-04-20 00:00:00,1,0,2024-07-17 06:09:35,0,2024-07-17 06:09:35,,,
2017-04-20,1/3焦煤,大连港,俄罗斯,,0.75,8.50,33.00,80.00,1480.00,0.00,平仓价,3614,2017-04-20 00:00:00,1,0,2024-07-17 06:09:35,0,2024-07-17 06:09:35,,,
2017-04-19,1/3焦煤,大连港,鹤岗市,,0.25,7.50,18.00,70.00,1400.00,0.00,平仓价,3615,2017-04-19 00:00:00,1,0,2024-07-17 06:09:35,0,2024-07-17 06:09:35,,,
2017-04-19,1/3焦煤,大连港,俄罗斯,,0.75,8.50,33.00,80.00,1480.00,0.00,平仓价,3616,2017-04-19 00:00:00,1,0,2024-07-17 06:09:35,0,2024-07-17 06:09:35,,,
2017-04-18,1/3焦煤,大连港,鹤岗市,,0.25,7.50,18.00,70.00,1400.00,0.00,平仓价,3617,2017-04-18 00:00:00,1,0,2024-07-17 06:09:35,0,2024-07-17 06:09:35,,,
2017-04-18,1/3焦煤,大连港,俄罗斯,,0.75,8.50,33.00,80.00,1480.00,0.00,平仓价,3618,2017-04-18 00:00:00,1,0,2024-07-17 06:09:35,0,2024-07-17 06:09:35,,,
2017-04-17,1/3焦煤,大连港,鹤岗市,,0.25,7.50,18.00,70.00,1400.00,0.00,平仓价,3619,2017-04-17 00:00:00,1,0,2024-07-17 06:09:35,0,2024-07-17 06:09:35,,,
2017-04-17,1/3焦煤,大连港,俄罗斯,,0.75,8.50,33.00,80.00,1480.00,0.00,平仓价,3620,2017-04-17 00:00:00,1,0,2024-07-17 06:09:35,0,2024-07-17 06:09:35,,,
2017-04-14,1/3焦煤,大连港,鹤岗市,,0.25,7.50,18.00,70.00,1400.00,0.00,平仓价,3621,2017-04-14 00:00:00,1,0,2024-07-17 06:09:35,0,2024-07-17 06:09:35,,,
2017-04-14,1/3焦煤,大连港,俄罗斯,,0.75,8.50,33.00,80.00,1480.00,0.00,平仓价,3622,2017-04-14 00:00:00,1,0,2024-07-17 06:09:35,0,2024-07-17 06:09:35,,,
2017-04-13,1/3焦煤,大连港,鹤岗市,,0.25,7.50,18.00,70.00,1400.00,0.00,平仓价,3623,2017-04-13 00:00:00,1,0,2024-07-17 06:09:35,0,2024-07-17 06:09:35,,,
2017-04-13,1/3焦煤,大连港,俄罗斯,,0.75,8.50,33.00,80.00,1480.00,0.00,平仓价,3624,2017-04-13 00:00:00,1,0,2024-07-17 06:09:35,0,2024-07-17 06:09:35,,,
2017-04-12,1/3焦煤,大连港,鹤岗市,,0.25,7.50,18.00,70.00,1400.00,0.00,平仓价,3625,2017-04-12 00:00:00,1,0,2024-07-17 06:09:35,0,2024-07-17 06:09:35,,,
2017-04-12,1/3焦煤,大连港,俄罗斯,,0.75,8.50,33.00,80.00,1480.00,0.00,平仓价,3626,2017-04-12 00:00:00,1,0,2024-07-17 06:09:35,0,2024-07-17 06:09:35,,,
2017-04-11,1/3焦煤,大连港,鹤岗市,,0.25,7.50,18.00,70.00,1400.00,50.00,平仓价,3627,2017-04-11 00:00:00,1,0,2024-07-17 06:09:35,0,2024-07-17 06:09:35,,,
2017-04-11,1/3焦煤,大连港,俄罗斯,,0.75,8.50,33.00,80.00,1480.00,200.00,平仓价,3628,2017-04-11 00:00:00,1,0,2024-07-17 06:09:35,0,2024-07-17 06:09:35,,,
2017-04-10,1/3焦煤,大连港,鹤岗市,,0.25,7.50,18.00,70.00,1350.00,0.00,平仓价,3629,2017-04-10 00:00:00,1,0,2024-07-17 06:09:35,0,2024-07-17 06:09:35,,,
2017-04-10,1/3焦煤,大连港,俄罗斯,,0.75,8.50,33.00,80.00,1280.00,0.00,平仓价,3630,2017-04-10 00:00:00,1,0,2024-07-17 06:09:35,0,2024-07-17 06:09:35,,,
2017-04-07,1/3焦煤,大连港,鹤岗市,,0.25,7.50,18.00,70.00,1350.00,0.00,平仓价,3631,2017-04-07 00:00:00,1,0,2024-07-17 06:09:38,0,2024-07-17 06:09:38,,,
2017-04-07,1/3焦煤,大连港,俄罗斯,,0.75,8.50,33.00,80.00,1280.00,0.00,平仓价,3632,2017-04-07 00:00:00,1,0,2024-07-17 06:09:38,0,2024-07-17 06:09:38,,,
2017-04-06,1/3焦煤,大连港,鹤岗市,,0.25,7.50,18.00,70.00,1350.00,0.00,平仓价,3633,2017-04-06 00:00:00,1,0,2024-07-17 06:09:38,0,2024-07-17 06:09:38,,,
2017-04-06,1/3焦煤,大连港,俄罗斯,,0.75,8.50,33.00,80.00,1280.00,0.00,平仓价,3634,2017-04-06 00:00:00,1,0,2024-07-17 06:09:38,0,2024-07-17 06:09:38,,,
2017-04-05,1/3焦煤,大连港,鹤岗市,,0.25,7.50,18.00,70.00,1350.00,0.00,平仓价,3635,2017-04-05 00:00:00,1,0,2024-07-17 06:09:38,0,2024-07-17 06:09:38,,,
2017-04-05,1/3焦煤,大连港,俄罗斯,,0.75,8.50,33.00,80.00,1280.00,0.00,平仓价,3636,2017-04-05 00:00:00,1,0,2024-07-17 06:09:38,0,2024-07-17 06:09:38,,,
2017-04-01,1/3焦煤,大连港,鹤岗市,,0.25,7.50,18.00,70.00,1350.00,0.00,平仓价,3637,2017-04-01 00:00:00,1,0,2024-07-17 06:09:38,0,2024-07-17 06:09:38,,,
2017-04-01,1/3焦煤,大连港,俄罗斯,,0.75,8.50,33.00,80.00,1280.00,0.00,平仓价,3638,2017-04-01 00:00:00,1,0,2024-07-17 06:09:38,0,2024-07-17 06:09:38,,,
2017-03-31,1/3焦煤,大连港,鹤岗市,,0.25,7.50,18.00,70.00,1350.00,0.00,平仓价,3639,2017-03-31 00:00:00,1,0,2024-07-17 06:09:38,0,2024-07-17 06:09:38,,,
2017-03-31,1/3焦煤,大连港,俄罗斯,,0.75,8.50,33.00,80.00,1280.00,0.00,平仓价,3640,2017-03-31 00:00:00,1,0,2024-07-17 06:09:38,0,2024-07-17 06:09:38,,,
2017-03-30,1/3焦煤,大连港,鹤岗市,,0.25,7.50,18.00,70.00,1350.00,0.00,平仓价,3641,2017-03-30 00:00:00,1,0,2024-07-17 06:09:38,0,2024-07-17 06:09:38,,,
2017-03-30,1/3焦煤,大连港,俄罗斯,,0.75,8.50,33.00,80.00,1280.00,0.00,平仓价,3642,2017-03-30 00:00:00,1,0,2024-07-17 06:09:38,0,2024-07-17 06:09:38,,,
2017-03-29,1/3焦煤,大连港,鹤岗市,,0.25,7.50,18.00,70.00,1350.00,0.00,平仓价,3643,2017-03-29 00:00:00,1,0,2024-07-17 06:09:38,0,2024-07-17 06:09:38,,,
2017-03-29,1/3焦煤,大连港,俄罗斯,,0.75,8.50,33.00,80.00,1280.00,0.00,平仓价,3644,2017-03-29 00:00:00,1,0,2024-07-17 06:09:38,0,2024-07-17 06:09:38,,,
2017-03-28,1/3焦煤,大连港,鹤岗市,,0.25,7.50,18.00,70.00,1350.00,50.00,平仓价,3645,2017-03-28 00:00:00,1,0,2024-07-17 06:09:38,0,2024-07-17 06:09:38,,,
2017-03-28,1/3焦煤,大连港,俄罗斯,,0.75,8.50,33.00,80.00,1280.00,0.00,平仓价,3646,2017-03-28 00:00:00,1,0,2024-07-17 06:09:38,0,2024-07-17 06:09:38,,,
2017-03-27,1/3焦煤,大连港,鹤岗市,,0.25,7.50,18.00,70.00,1300.00,0.00,平仓价,3647,2017-03-27 00:00:00,1,0,2024-07-17 06:09:38,0,2024-07-17 06:09:38,,,
2017-03-27,1/3焦煤,大连港,俄罗斯,,0.75,8.50,33.00,80.00,1280.00,0.00,平仓价,3648,2017-03-27 00:00:00,1,0,2024-07-17 06:09:38,0,2024-07-17 06:09:38,,,
2017-03-24,1/3焦煤,大连港,鹤岗市,,0.25,7.50,18.00,70.00,1300.00,0.00,平仓价,3649,2017-03-24 00:00:00,1,0,2024-07-17 06:09:38,0,2024-07-17 06:09:38,,,
2017-03-24,1/3焦煤,大连港,俄罗斯,,0.75,8.50,33.00,80.00,1280.00,0.00,平仓价,3650,2017-03-24 00:00:00,1,0,2024-07-17 06:09:38,0,2024-07-17 06:09:38,,,
2017-03-23,1/3焦煤,大连港,鹤岗市,,0.25,7.50,18.00,70.00,1300.00,0.00,平仓价,3651,2017-03-23 00:00:00,1,0,2024-07-17 06:09:38,0,2024-07-17 06:09:38,,,
2017-03-23,1/3焦煤,大连港,俄罗斯,,0.75,8.50,33.00,80.00,1280.00,0.00,平仓价,3652,2017-03-23 00:00:00,1,0,2024-07-17 06:09:38,0,2024-07-17 06:09:38,,,
2017-03-22,1/3焦煤,大连港,鹤岗市,,0.25,7.50,18.00,70.00,1300.00,0.00,平仓价,3653,2017-03-22 00:00:00,1,0,2024-07-17 06:09:38,0,2024-07-17 06:09:38,,,
2017-03-22,1/3焦煤,大连港,俄罗斯,,0.75,8.50,33.00,80.00,1280.00,0.00,平仓价,3654,2017-03-22 00:00:00,1,0,2024-07-17 06:09:38,0,2024-07-17 06:09:38,,,
2017-03-21,1/3焦煤,大连港,鹤岗市,,0.25,7.50,18.00,70.00,1300.00,0.00,平仓价,3655,2017-03-21 00:00:00,1,0,2024-07-17 06:09:38,0,2024-07-17 06:09:38,,,
2017-03-21,1/3焦煤,大连港,俄罗斯,,0.75,8.50,33.00,80.00,1280.00,0.00,平仓价,3656,2017-03-21 00:00:00,1,0,2024-07-17 06:09:38,0,2024-07-17 06:09:38,,,
2017-03-20,1/3焦煤,大连港,鹤岗市,,0.25,7.50,18.00,70.00,1300.00,0.00,平仓价,3657,2017-03-20 00:00:00,1,0,2024-07-17 06:09:38,0,2024-07-17 06:09:38,,,
2017-03-20,1/3焦煤,大连港,俄罗斯,,0.75,8.50,33.00,80.00,1280.00,0.00,平仓价,3658,2017-03-20 00:00:00,1,0,2024-07-17 06:09:38,0,2024-07-17 06:09:38,,,
2017-03-17,1/3焦煤,大连港,鹤岗市,,0.25,7.50,18.00,70.00,1300.00,0.00,平仓价,3659,2017-03-17 00:00:00,1,0,2024-07-17 06:09:38,0,2024-07-17 06:09:38,,,
2017-03-17,1/3焦煤,大连港,俄罗斯,,0.75,8.50,33.00,80.00,1280.00,0.00,平仓价,3660,2017-03-17 00:00:00,1,0,2024-07-17 06:09:38,0,2024-07-17 06:09:38,,,
2017-03-16,1/3焦煤,大连港,鹤岗市,,0.25,7.50,18.00,70.00,1300.00,0.00,平仓价,3661,2017-03-16 00:00:00,1,0,2024-07-17 06:09:41,0,2024-07-17 06:09:41,,,
2017-03-16,1/3焦煤,大连港,俄罗斯,,0.75,8.50,33.00,80.00,1280.00,0.00,平仓价,3662,2017-03-16 00:00:00,1,0,2024-07-17 06:09:41,0,2024-07-17 06:09:41,,,
2017-03-15,1/3焦煤,大连港,鹤岗市,,0.25,7.50,18.00,70.00,1300.00,0.00,平仓价,3663,2017-03-15 00:00:00,1,0,2024-07-17 06:09:41,0,2024-07-17 06:09:41,,,
2017-03-15,1/3焦煤,大连港,俄罗斯,,0.75,8.50,33.00,80.00,1280.00,0.00,平仓价,3664,2017-03-15 00:00:00,1,0,2024-07-17 06:09:41,0,2024-07-17 06:09:41,,,
2017-03-14,1/3焦煤,大连港,鹤岗市,,0.25,7.50,18.00,70.00,1300.00,0.00,平仓价,3665,2017-03-14 00:00:00,1,0,2024-07-17 06:09:41,0,2024-07-17 06:09:41,,,
2017-03-14,1/3焦煤,大连港,俄罗斯,,0.75,8.50,33.00,80.00,1280.00,0.00,平仓价,3666,2017-03-14 00:00:00,1,0,2024-07-17 06:09:41,0,2024-07-17 06:09:41,,,
2017-03-13,1/3焦煤,大连港,鹤岗市,,0.25,7.50,18.00,70.00,1300.00,0.00,平仓价,3667,2017-03-13 00:00:00,1,0,2024-07-17 06:09:41,0,2024-07-17 06:09:41,,,
2017-03-13,1/3焦煤,大连港,俄罗斯,,0.75,8.50,33.00,80.00,1280.00,0.00,平仓价,3668,2017-03-13 00:00:00,1,0,2024-07-17 06:09:41,0,2024-07-17 06:09:41,,,
2017-03-10,1/3焦煤,大连港,鹤岗市,,0.25,7.50,18.00,70.00,1300.00,0.00,平仓价,3669,2017-03-10 00:00:00,1,0,2024-07-17 06:09:41,0,2024-07-17 06:09:41,,,
2017-03-10,1/3焦煤,大连港,俄罗斯,,0.75,8.50,33.00,80.00,1280.00,0.00,平仓价,3670,2017-03-10 00:00:00,1,0,2024-07-17 06:09:41,0,2024-07-17 06:09:41,,,
2017-03-09,1/3焦煤,大连港,鹤岗市,,0.25,7.50,18.00,70.00,1300.00,0.00,平仓价,3671,2017-03-09 00:00:00,1,0,2024-07-17 06:09:41,0,2024-07-17 06:09:41,,,
2017-03-09,1/3焦煤,大连港,俄罗斯,,0.75,8.50,33.00,80.00,1280.00,0.00,平仓价,3672,2017-03-09 00:00:00,1,0,2024-07-17 06:09:41,0,2024-07-17 06:09:41,,,
2017-03-08,1/3焦煤,大连港,鹤岗市,,0.25,7.50,18.00,70.00,1300.00,0.00,平仓价,3673,2017-03-08 00:00:00,1,0,2024-07-17 06:09:41,0,2024-07-17 06:09:41,,,
2017-03-08,1/3焦煤,大连港,俄罗斯,,0.75,8.50,33.00,80.00,1280.00,0.00,平仓价,3674,2017-03-08 00:00:00,1,0,2024-07-17 06:09:41,0,2024-07-17 06:09:41,,,
2017-03-07,1/3焦煤,大连港,鹤岗市,,0.25,7.50,18.00,70.00,1300.00,0.00,平仓价,3675,2017-03-07 00:00:00,1,0,2024-07-17 06:09:41,0,2024-07-17 06:09:41,,,
2017-03-07,1/3焦煤,大连港,俄罗斯,,0.75,8.50,33.00,80.00,1280.00,0.00,平仓价,3676,2017-03-07 00:00:00,1,0,2024-07-17 06:09:41,0,2024-07-17 06:09:41,,,
2017-03-06,1/3焦煤,大连港,鹤岗市,,0.25,7.50,18.00,70.00,1300.00,0.00,平仓价,3677,2017-03-06 00:00:00,1,0,2024-07-17 06:09:41,0,2024-07-17 06:09:41,,,
2017-03-06,1/3焦煤,大连港,俄罗斯,,0.75,8.50,33.00,80.00,1280.00,-120.00,平仓价,3678,2017-03-06 00:00:00,1,0,2024-07-17 06:09:41,0,2024-07-17 06:09:41,,,
2017-03-03,1/3焦煤,大连港,鹤岗市,,0.25,7.50,18.00,70.00,1300.00,0.00,平仓价,3679,2017-03-03 00:00:00,1,0,2024-07-17 06:09:41,0,2024-07-17 06:09:41,,,
2017-03-03,1/3焦煤,大连港,俄罗斯,,0.75,8.50,33.00,80.00,1400.00,0.00,平仓价,3680,2017-03-03 00:00:00,1,0,2024-07-17 06:09:41,0,2024-07-17 06:09:41,,,
2017-03-02,1/3焦煤,大连港,鹤岗市,,0.25,7.50,18.00,70.00,1300.00,0.00,平仓价,3681,2017-03-02 00:00:00,1,0,2024-07-17 06:09:41,0,2024-07-17 06:09:41,,,
2017-03-02,1/3焦煤,大连港,俄罗斯,,0.75,8.50,33.00,80.00,1400.00,0.00,平仓价,3682,2017-03-02 00:00:00,1,0,2024-07-17 06:09:41,0,2024-07-17 06:09:41,,,
2017-03-01,1/3焦煤,大连港,鹤岗市,,0.25,7.50,18.00,70.00,1300.00,0.00,平仓价,3683,2017-03-01 00:00:00,1,0,2024-07-17 06:09:41,0,2024-07-17 06:09:41,,,
2017-03-01,1/3焦煤,大连港,俄罗斯,,0.75,8.50,33.00,80.00,1400.00,0.00,平仓价,3684,2017-03-01 00:00:00,1,0,2024-07-17 06:09:41,0,2024-07-17 06:09:41,,,
2017-02-28,1/3焦煤,大连港,鹤岗市,,0.25,7.50,18.00,70.00,1300.00,0.00,平仓价,3685,2017-02-28 00:00:00,1,0,2024-07-17 06:09:41,0,2024-07-17 06:09:41,,,
2017-02-28,1/3焦煤,大连港,俄罗斯,,0.75,8.50,33.00,80.00,1400.00,0.00,平仓价,3686,2017-02-28 00:00:00,1,0,2024-07-17 06:09:41,0,2024-07-17 06:09:41,,,
2017-02-27,1/3焦煤,大连港,鹤岗市,,0.25,7.50,18.00,70.00,1300.00,150.00,平仓价,3687,2017-02-27 00:00:00,1,0,2024-07-17 06:09:41,0,2024-07-17 06:09:41,,,
2017-02-27,1/3焦煤,大连港,俄罗斯,,0.75,8.50,33.00,80.00,1400.00,-160.00,平仓价,3688,2017-02-27 00:00:00,1,0,2024-07-17 06:09:41,0,2024-07-17 06:09:41,,,
2017-02-24,1/3焦煤,大连港,鹤岗市,,0.25,7.50,18.00,70.00,1150.00,0.00,平仓价,3689,2017-02-24 00:00:00,1,0,2024-07-17 06:09:41,0,2024-07-17 06:09:41,,,
2017-02-24,1/3焦煤,大连港,俄罗斯,,0.75,8.50,33.00,80.00,1560.00,0.00,平仓价,3690,2017-02-24 00:00:00,1,0,2024-07-17 06:09:41,0,2024-07-17 06:09:41,,,
2017-02-23,1/3焦煤,大连港,鹤岗市,,0.25,7.50,18.00,70.00,1150.00,0.00,平仓价,3691,2017-02-23 00:00:00,1,0,2024-07-17 06:09:44,0,2024-07-17 06:09:44,,,
2017-02-23,1/3焦煤,大连港,俄罗斯,,0.75,8.50,33.00,80.00,1560.00,0.00,平仓价,3692,2017-02-23 00:00:00,1,0,2024-07-17 06:09:44,0,2024-07-17 06:09:44,,,
2017-02-22,1/3焦煤,大连港,鹤岗市,,0.25,7.50,18.00,70.00,1150.00,0.00,平仓价,3693,2017-02-22 00:00:00,1,0,2024-07-17 06:09:44,0,2024-07-17 06:09:44,,,
2017-02-22,1/3焦煤,大连港,俄罗斯,,0.75,8.50,33.00,80.00,1560.00,0.00,平仓价,3694,2017-02-22 00:00:00,1,0,2024-07-17 06:09:44,0,2024-07-17 06:09:44,,,
2017-02-21,1/3焦煤,大连港,鹤岗市,,0.25,7.50,18.00,70.00,1150.00,0.00,平仓价,3695,2017-02-21 00:00:00,1,0,2024-07-17 06:09:44,0,2024-07-17 06:09:44,,,
2017-02-21,1/3焦煤,大连港,俄罗斯,,0.75,8.50,33.00,80.00,1560.00,0.00,平仓价,3696,2017-02-21 00:00:00,1,0,2024-07-17 06:09:44,0,2024-07-17 06:09:44,,,
2017-02-20,1/3焦煤,大连港,鹤岗市,,0.25,7.50,18.00,70.00,1150.00,0.00,平仓价,3697,2017-02-20 00:00:00,1,0,2024-07-17 06:09:44,0,2024-07-17 06:09:44,,,
2017-02-20,1/3焦煤,大连港,俄罗斯,,0.75,8.50,33.00,80.00,1560.00,0.00,平仓价,3698,2017-02-20 00:00:00,1,0,2024-07-17 06:09:44,0,2024-07-17 06:09:44,,,
2017-02-17,1/3焦煤,大连港,鹤岗市,,0.25,7.50,18.00,70.00,1150.00,0.00,平仓价,3699,2017-02-17 00:00:00,1,0,2024-07-17 06:09:44,0,2024-07-17 06:09:44,,,
2017-02-17,1/3焦煤,大连港,俄罗斯,,0.75,8.50,33.00,80.00,1560.00,0.00,平仓价,3700,2017-02-17 00:00:00,1,0,2024-07-17 06:09:44,0,2024-07-17 06:09:44,,,
2017-02-16,1/3焦煤,大连港,鹤岗市,,0.25,7.50,18.00,70.00,1150.00,0.00,平仓价,3701,2017-02-16 00:00:00,1,0,2024-07-17 06:09:44,0,2024-07-17 06:09:44,,,
2017-02-16,1/3焦煤,大连港,俄罗斯,,0.75,8.50,33.00,80.00,1560.00,0.00,平仓价,3702,2017-02-16 00:00:00,1,0,2024-07-17 06:09:44,0,2024-07-17 06:09:44,,,
2017-02-15,1/3焦煤,大连港,鹤岗市,,0.25,7.50,18.00,70.00,1150.00,0.00,平仓价,3703,2017-02-15 00:00:00,1,0,2024-07-17 06:09:44,0,2024-07-17 06:09:44,,,
2017-02-15,1/3焦煤,大连港,俄罗斯,,0.75,8.50,33.00,80.00,1560.00,0.00,平仓价,3704,2017-02-15 00:00:00,1,0,2024-07-17 06:09:44,0,2024-07-17 06:09:44,,,
2017-02-14,1/3焦煤,大连港,鹤岗市,,0.25,7.50,18.00,70.00,1150.00,0.00,平仓价,3705,2017-02-14 00:00:00,1,0,2024-07-17 06:09:44,0,2024-07-17 06:09:44,,,
2017-02-14,1/3焦煤,大连港,俄罗斯,,0.75,8.50,33.00,80.00,1560.00,0.00,平仓价,3706,2017-02-14 00:00:00,1,0,2024-07-17 06:09:44,0,2024-07-17 06:09:44,,,
2017-02-13,1/3焦煤,大连港,鹤岗市,,0.25,7.50,18.00,70.00,1150.00,0.00,平仓价,3707,2017-02-13 00:00:00,1,0,2024-07-17 06:09:44,0,2024-07-17 06:09:44,,,
2017-02-13,1/3焦煤,大连港,俄罗斯,,0.75,8.50,33.00,80.00,1560.00,0.00,平仓价,3708,2017-02-13 00:00:00,1,0,2024-07-17 06:09:44,0,2024-07-17 06:09:44,,,
2017-02-10,1/3焦煤,大连港,鹤岗市,,0.25,7.50,18.00,70.00,1150.00,0.00,平仓价,3709,2017-02-10 00:00:00,1,0,2024-07-17 06:09:44,0,2024-07-17 06:09:44,,,
2017-02-10,1/3焦煤,大连港,俄罗斯,,0.75,8.50,33.00,80.00,1560.00,0.00,平仓价,3710,2017-02-10 00:00:00,1,0,2024-07-17 06:09:44,0,2024-07-17 06:09:44,,,
2017-02-09,1/3焦煤,大连港,鹤岗市,,0.25,7.50,18.00,70.00,1150.00,0.00,平仓价,3711,2017-02-09 00:00:00,1,0,2024-07-17 06:09:44,0,2024-07-17 06:09:44,,,
2017-02-09,1/3焦煤,大连港,俄罗斯,,0.75,8.50,33.00,80.00,1560.00,0.00,平仓价,3712,2017-02-09 00:00:00,1,0,2024-07-17 06:09:44,0,2024-07-17 06:09:44,,,
2017-02-08,1/3焦煤,大连港,鹤岗市,,0.25,7.50,18.00,70.00,1150.00,0.00,平仓价,3713,2017-02-08 00:00:00,1,0,2024-07-17 06:09:44,0,2024-07-17 06:09:44,,,
2017-02-08,1/3焦煤,大连港,俄罗斯,,0.75,8.50,33.00,80.00,1560.00,0.00,平仓价,3714,2017-02-08 00:00:00,1,0,2024-07-17 06:09:44,0,2024-07-17 06:09:44,,,
2017-02-07,1/3焦煤,大连港,鹤岗市,,0.25,7.50,18.00,70.00,1150.00,0.00,平仓价,3715,2017-02-07 00:00:00,1,0,2024-07-17 06:09:44,0,2024-07-17 06:09:44,,,
2017-02-07,1/3焦煤,大连港,俄罗斯,,0.75,8.50,33.00,80.00,1560.00,0.00,平仓价,3716,2017-02-07 00:00:00,1,0,2024-07-17 06:09:44,0,2024-07-17 06:09:44,,,
2017-02-06,1/3焦煤,大连港,鹤岗市,,0.25,7.50,18.00,70.00,1150.00,0.00,平仓价,3717,2017-02-06 00:00:00,1,0,2024-07-17 06:09:44,0,2024-07-17 06:09:44,,,
2017-02-06,1/3焦煤,大连港,俄罗斯,,0.75,8.50,33.00,80.00,1560.00,0.00,平仓价,3718,2017-02-06 00:00:00,1,0,2024-07-17 06:09:44,0,2024-07-17 06:09:44,,,
2017-02-04,1/3焦煤,大连港,鹤岗市,,0.25,7.50,18.00,70.00,1150.00,0.00,平仓价,3719,2017-02-04 00:00:00,1,0,2024-07-17 06:09:44,0,2024-07-17 06:09:44,,,
2017-02-04,1/3焦煤,大连港,俄罗斯,,0.75,8.50,33.00,80.00,1560.00,0.00,平仓价,3720,2017-02-04 00:00:00,1,0,2024-07-17 06:09:44,0,2024-07-17 06:09:44,,,
2017-02-03,1/3焦煤,大连港,鹤岗市,,0.25,7.50,18.00,70.00,1150.00,0.00,平仓价,3721,2017-02-03 00:00:00,1,0,2024-07-17 06:09:47,0,2024-07-17 06:09:47,,,
2017-02-03,1/3焦煤,大连港,俄罗斯,,0.75,8.50,33.00,80.00,1560.00,0.00,平仓价,3722,2017-02-03 00:00:00,1,0,2024-07-17 06:09:47,0,2024-07-17 06:09:47,,,
2017-01-26,1/3焦煤,大连港,鹤岗市,,0.25,7.50,18.00,70.00,1150.00,0.00,平仓价,3723,2017-01-26 00:00:00,1,0,2024-07-17 06:09:47,0,2024-07-17 06:09:47,,,
2017-01-26,1/3焦煤,大连港,俄罗斯,,0.75,8.50,33.00,80.00,1560.00,0.00,平仓价,3724,2017-01-26 00:00:00,1,0,2024-07-17 06:09:47,0,2024-07-17 06:09:47,,,
2017-01-25,1/3焦煤,大连港,鹤岗市,,0.25,7.50,18.00,70.00,1150.00,0.00,平仓价,3725,2017-01-25 00:00:00,1,0,2024-07-17 06:09:47,0,2024-07-17 06:09:47,,,
2017-01-25,1/3焦煤,大连港,俄罗斯,,0.75,8.50,33.00,80.00,1560.00,0.00,平仓价,3726,2017-01-25 00:00:00,1,0,2024-07-17 06:09:47,0,2024-07-17 06:09:47,,,
2017-01-24,1/3焦煤,大连港,鹤岗市,,0.25,7.50,18.00,70.00,1150.00,0.00,平仓价,3727,2017-01-24 00:00:00,1,0,2024-07-17 06:09:47,0,2024-07-17 06:09:47,,,
2017-01-24,1/3焦煤,大连港,俄罗斯,,0.75,8.50,33.00,80.00,1560.00,0.00,平仓价,3728,2017-01-24 00:00:00,1,0,2024-07-17 06:09:47,0,2024-07-17 06:09:47,,,
2017-01-23,1/3焦煤,大连港,鹤岗市,,0.25,7.50,18.00,70.00,1150.00,0.00,平仓价,3729,2017-01-23 00:00:00,1,0,2024-07-17 06:09:47,0,2024-07-17 06:09:47,,,
2017-01-23,1/3焦煤,大连港,俄罗斯,,0.75,8.50,33.00,80.00,1560.00,0.00,平仓价,3730,2017-01-23 00:00:00,1,0,2024-07-17 06:09:47,0,2024-07-17 06:09:47,,,
2017-01-22,1/3焦煤,大连港,鹤岗市,,0.25,7.50,18.00,70.00,1150.00,0.00,平仓价,3731,2017-01-22 00:00:00,1,0,2024-07-17 06:09:47,0,2024-07-17 06:09:47,,,
2017-01-22,1/3焦煤,大连港,俄罗斯,,0.75,8.50,33.00,80.00,1560.00,0.00,平仓价,3732,2017-01-22 00:00:00,1,0,2024-07-17 06:09:47,0,2024-07-17 06:09:47,,,
2017-01-20,1/3焦煤,大连港,鹤岗市,,0.25,7.50,18.00,70.00,1150.00,0.00,平仓价,3733,2017-01-20 00:00:00,1,0,2024-07-17 06:09:47,0,2024-07-17 06:09:47,,,
2017-01-20,1/3焦煤,大连港,俄罗斯,,0.75,8.50,33.00,80.00,1560.00,0.00,平仓价,3734,2017-01-20 00:00:00,1,0,2024-07-17 06:09:47,0,2024-07-17 06:09:47,,,
2017-01-19,1/3焦煤,大连港,鹤岗市,,0.25,7.50,18.00,70.00,1150.00,0.00,平仓价,3735,2017-01-19 00:00:00,1,0,2024-07-17 06:09:47,0,2024-07-17 06:09:47,,,
2017-01-19,1/3焦煤,大连港,俄罗斯,,0.75,8.50,33.00,80.00,1560.00,0.00,平仓价,3736,2017-01-19 00:00:00,1,0,2024-07-17 06:09:47,0,2024-07-17 06:09:47,,,
2017-01-18,1/3焦煤,大连港,鹤岗市,,0.25,7.50,18.00,70.00,1150.00,0.00,平仓价,3737,2017-01-18 00:00:00,1,0,2024-07-17 06:09:47,0,2024-07-17 06:09:47,,,
2017-01-18,1/3焦煤,大连港,俄罗斯,,0.75,8.50,33.00,80.00,1560.00,0.00,平仓价,3738,2017-01-18 00:00:00,1,0,2024-07-17 06:09:47,0,2024-07-17 06:09:47,,,
2017-01-17,1/3焦煤,大连港,鹤岗市,,0.25,7.50,18.00,70.00,1150.00,0.00,平仓价,3739,2017-01-17 00:00:00,1,0,2024-07-17 06:09:47,0,2024-07-17 06:09:47,,,
2017-01-17,1/3焦煤,大连港,俄罗斯,,0.75,8.50,33.00,80.00,1560.00,-90.00,平仓价,3740,2017-01-17 00:00:00,1,0,2024-07-17 06:09:47,0,2024-07-17 06:09:47,,,
2017-01-16,1/3焦煤,大连港,鹤岗市,,0.25,7.50,18.00,70.00,1150.00,0.00,平仓价,3741,2017-01-16 00:00:00,1,0,2024-07-17 06:09:47,0,2024-07-17 06:09:47,,,
2017-01-16,1/3焦煤,大连港,俄罗斯,,0.75,8.50,33.00,80.00,1650.00,0.00,平仓价,3742,2017-01-16 00:00:00,1,0,2024-07-17 06:09:47,0,2024-07-17 06:09:47,,,
2017-01-13,1/3焦煤,大连港,鹤岗市,,0.25,7.50,18.00,70.00,1150.00,0.00,平仓价,3743,2017-01-13 00:00:00,1,0,2024-07-17 06:09:47,0,2024-07-17 06:09:47,,,
2017-01-13,1/3焦煤,大连港,俄罗斯,,0.75,8.50,33.00,80.00,1650.00,0.00,平仓价,3744,2017-01-13 00:00:00,1,0,2024-07-17 06:09:47,0,2024-07-17 06:09:47,,,
2017-01-12,1/3焦煤,大连港,鹤岗市,,0.25,7.50,18.00,70.00,1150.00,0.00,平仓价,3745,2017-01-12 00:00:00,1,0,2024-07-17 06:09:47,0,2024-07-17 06:09:47,,,
2017-01-12,1/3焦煤,大连港,俄罗斯,,0.75,8.50,33.00,80.00,1650.00,0.00,平仓价,3746,2017-01-12 00:00:00,1,0,2024-07-17 06:09:47,0,2024-07-17 06:09:47,,,
2017-01-11,1/3焦煤,大连港,鹤岗市,,0.25,7.50,18.00,70.00,1150.00,0.00,平仓价,3747,2017-01-11 00:00:00,1,0,2024-07-17 06:09:47,0,2024-07-17 06:09:47,,,
2017-01-11,1/3焦煤,大连港,俄罗斯,,0.75,8.50,33.00,80.00,1650.00,190.00,平仓价,3748,2017-01-11 00:00:00,1,0,2024-07-17 06:09:47,0,2024-07-17 06:09:47,,,
2017-01-10,1/3焦煤,大连港,鹤岗市,,0.25,7.50,18.00,70.00,1150.00,0.00,平仓价,3749,2017-01-10 00:00:00,1,0,2024-07-17 06:09:47,0,2024-07-17 06:09:47,,,
2017-01-09,1/3焦煤,大连港,鹤岗市,,0.25,7.50,18.00,70.00,1150.00,-10.00,平仓价,3750,2017-01-09 00:00:00,1,0,2024-07-17 06:09:47,0,2024-07-17 06:09:47,,,
2017-01-06,1/3焦煤,大连港,鹤岗市,,0.25,7.50,18.00,70.00,1160.00,0.00,平仓价,3751,2017-01-06 00:00:00,1,0,2024-07-17 06:09:51,0,2024-07-17 06:09:51,,,
2017-01-05,1/3焦煤,大连港,鹤岗市,,0.25,7.50,18.00,70.00,1160.00,0.00,平仓价,3752,2017-01-05 00:00:00,1,0,2024-07-17 06:09:51,0,2024-07-17 06:09:51,,,
2017-01-04,1/3焦煤,大连港,鹤岗市,,0.25,7.50,18.00,70.00,1160.00,0.00,平仓价,3753,2017-01-04 00:00:00,1,0,2024-07-17 06:09:51,0,2024-07-17 06:09:51,,,
2017-01-03,1/3焦煤,大连港,鹤岗市,,0.25,7.50,18.00,70.00,1160.00,0.00,平仓价,3754,2017-01-03 00:00:00,1,0,2024-07-17 06:09:51,0,2024-07-17 06:09:51,,,
2024-07-31,1/3焦煤,大连港,俄罗斯,,0.75,8.50,33.00,80.00,1710.00,0.00,平仓价,4004,2024-07-31 00:00:00,1,0,2024-08-01 10:21:39,0,2024-08-01 10:21:39,,,
2024-07-31,1/3焦煤,大连港,鹤岗市,,0.25,7.50,18.00,70.00,1635.00,0.00,平仓价,4005,2024-07-31 00:00:00,1,0,2024-08-01 10:21:39,0,2024-08-01 10:21:39,,,
2024-07-30,1/3焦煤,大连港,俄罗斯,,0.75,8.50,33.00,80.00,1710.00,0.00,平仓价,4006,2024-07-30 00:00:00,1,0,2024-08-01 10:21:39,0,2024-08-01 10:21:39,,,
2024-07-30,1/3焦煤,大连港,鹤岗市,,0.25,7.50,18.00,70.00,1635.00,0.00,平仓价,4007,2024-07-30 00:00:00,1,0,2024-08-01 10:21:39,0,2024-08-01 10:21:39,,,
2024-07-29,1/3焦煤,大连港,俄罗斯,,0.75,8.50,33.00,80.00,1710.00,0.00,平仓价,4008,2024-07-29 00:00:00,1,0,2024-08-01 10:21:39,0,2024-08-01 10:21:39,,,
2024-07-29,1/3焦煤,大连港,鹤岗市,,0.25,7.50,18.00,70.00,1635.00,0.00,平仓价,4009,2024-07-29 00:00:00,1,0,2024-08-01 10:21:39,0,2024-08-01 10:21:39,,,
2024-07-26,1/3焦煤,大连港,俄罗斯,,0.75,8.50,33.00,80.00,1710.00,0.00,平仓价,4010,2024-07-26 00:00:00,1,0,2024-08-01 10:21:39,0,2024-08-01 10:21:39,,,
2024-07-26,1/3焦煤,大连港,鹤岗市,,0.25,7.50,18.00,70.00,1635.00,0.00,平仓价,4011,2024-07-26 00:00:00,1,0,2024-08-01 10:21:39,0,2024-08-01 10:21:39,,,
2024-07-25,1/3焦煤,大连港,俄罗斯,,0.75,8.50,33.00,80.00,1710.00,0.00,平仓价,4012,2024-07-25 00:00:00,1,0,2024-08-01 10:21:39,0,2024-08-01 10:21:39,,,
2024-07-25,1/3焦煤,大连港,鹤岗市,,0.25,7.50,18.00,70.00,1635.00,0.00,平仓价,4013,2024-07-25 00:00:00,1,0,2024-08-01 10:21:39,0,2024-08-01 10:21:39,,,
2024-07-24,1/3焦煤,大连港,俄罗斯,,0.75,8.50,33.00,80.00,1710.00,0.00,平仓价,4014,2024-07-24 00:00:00,1,0,2024-08-01 10:21:39,0,2024-08-01 10:21:39,,,
2024-07-24,1/3焦煤,大连港,鹤岗市,,0.25,7.50,18.00,70.00,1635.00,0.00,平仓价,4015,2024-07-24 00:00:00,1,0,2024-08-01 10:21:39,0,2024-08-01 10:21:39,,,
2024-07-23,1/3焦煤,大连港,俄罗斯,,0.75,8.50,33.00,80.00,1710.00,-20.00,平仓价,4016,2024-07-23 00:00:00,1,0,2024-08-01 10:21:39,0,2024-08-01 10:21:39,,,
2024-07-23,1/3焦煤,大连港,鹤岗市,,0.25,7.50,18.00,70.00,1635.00,0.00,平仓价,4017,2024-07-23 00:00:00,1,0,2024-08-01 10:21:39,0,2024-08-01 10:21:39,,,
2024-07-22,1/3焦煤,大连港,俄罗斯,,0.75,8.50,33.00,80.00,1730.00,0.00,平仓价,4018,2024-07-22 00:00:00,1,0,2024-08-01 10:21:39,0,2024-08-01 10:21:39,,,
2024-07-22,1/3焦煤,大连港,鹤岗市,,0.25,7.50,18.00,70.00,1635.00,0.00,平仓价,4019,2024-07-22 00:00:00,1,0,2024-08-01 10:21:39,0,2024-08-01 10:21:39,,,
2024-07-19,1/3焦煤,大连港,俄罗斯,,0.75,8.50,33.00,80.00,1730.00,0.00,平仓价,4020,2024-07-19 00:00:00,1,0,2024-08-01 10:21:39,0,2024-08-01 10:21:39,,,
2024-07-19,1/3焦煤,大连港,鹤岗市,,0.25,7.50,18.00,70.00,1635.00,0.00,平仓价,4021,2024-07-19 00:00:00,1,0,2024-08-01 10:21:39,0,2024-08-01 10:21:39,,,
2024-07-18,1/3焦煤,大连港,俄罗斯,,0.75,8.50,33.00,80.00,1730.00,0.00,平仓价,4022,2024-07-18 00:00:00,1,0,2024-08-01 10:21:39,0,2024-08-01 10:21:39,,,
2024-07-18,1/3焦煤,大连港,鹤岗市,,0.25,7.50,18.00,70.00,1635.00,0.00,平仓价,4023,2024-07-18 00:00:00,1,0,2024-08-01 10:21:39,0,2024-08-01 10:21:39,,,
2024-07-17,1/3焦煤,大连港,俄罗斯,,0.75,8.50,33.00,80.00,1730.00,0.00,平仓价,4024,2024-07-17 00:00:00,1,0,2024-08-01 10:21:39,0,2024-08-01 10:21:39,,,
2024-07-17,1/3焦煤,大连港,鹤岗市,,0.25,7.50,18.00,70.00,1635.00,0.00,平仓价,4025,2024-07-17 00:00:00,1,0,2024-08-01 10:21:39,0,2024-08-01 10:21:39,,,
2024-11-06,1/3焦煤,大连港,俄罗斯,,0.75,8.50,33.00,80.00,1440.00,10.00,平仓价,4026,2024-11-06 00:00:00,1,0,2024-11-07 00:09:22,0,2024-11-07 00:09:22,,,
2024-11-06,1/3焦煤,大连港,鹤岗市,,0.25,7.50,18.00,70.00,1560.00,0.00,平仓价,4027,2024-11-06 00:00:00,1,0,2024-11-07 00:09:22,0,2024-11-07 00:09:22,,,
2024-11-05,1/3焦煤,大连港,俄罗斯,,0.75,8.50,33.00,80.00,1430.00,10.00,平仓价,4028,2024-11-05 00:00:00,1,0,2024-11-07 00:09:22,0,2024-11-07 00:09:22,,,
2024-11-05,1/3焦煤,大连港,鹤岗市,,0.25,7.50,18.00,70.00,1560.00,-20.00,平仓价,4029,2024-11-05 00:00:00,1,0,2024-11-07 00:09:22,0,2024-11-07 00:09:22,,,
2024-11-04,1/3焦煤,大连港,俄罗斯,,0.75,8.50,33.00,80.00,1420.00,-25.00,平仓价,4030,2024-11-04 00:00:00,1,0,2024-11-07 00:09:22,0,2024-11-07 00:09:22,,,
2024-11-04,1/3焦煤,大连港,鹤岗市,,0.25,7.50,18.00,70.00,1580.00,0.00,平仓价,4031,2024-11-04 00:00:00,1,0,2024-11-07 00:09:22,0,2024-11-07 00:09:22,,,
2024-11-01,1/3焦煤,大连港,俄罗斯,,0.75,8.50,33.00,80.00,1445.00,0.00,平仓价,4032,2024-11-01 00:00:00,1,0,2024-11-07 00:09:22,0,2024-11-07 00:09:22,,,
2024-11-01,1/3焦煤,大连港,鹤岗市,,0.25,7.50,18.00,70.00,1580.00,0.00,平仓价,4033,2024-11-01 00:00:00,1,0,2024-11-07 00:09:22,0,2024-11-07 00:09:22,,,
2024-10-31,1/3焦煤,大连港,俄罗斯,,0.75,8.50,33.00,80.00,1445.00,0.00,平仓价,4034,2024-10-31 00:00:00,1,0,2024-11-07 00:09:22,0,2024-11-07 00:09:22,,,
2024-10-31,1/3焦煤,大连港,鹤岗市,,0.25,7.50,18.00,70.00,1580.00,0.00,平仓价,4035,2024-10-31 00:00:00,1,0,2024-11-07 00:09:22,0,2024-11-07 00:09:22,,,
2024-10-30,1/3焦煤,大连港,俄罗斯,,0.75,8.50,33.00,80.00,1445.00,0.00,平仓价,4036,2024-10-30 00:00:00,1,0,2024-11-07 00:09:22,0,2024-11-07 00:09:22,,,
2024-10-30,1/3焦煤,大连港,鹤岗市,,0.25,7.50,18.00,70.00,1580.00,0.00,平仓价,4037,2024-10-30 00:00:00,1,0,2024-11-07 00:09:22,0,2024-11-07 00:09:22,,,
2024-10-29,1/3焦煤,大连港,俄罗斯,,0.75,8.50,33.00,80.00,1445.00,15.00,平仓价,4038,2024-10-29 00:00:00,1,0,2024-11-07 00:09:22,0,2024-11-07 00:09:22,,,
2024-10-29,1/3焦煤,大连港,鹤岗市,,0.25,7.50,18.00,70.00,1580.00,0.00,平仓价,4039,2024-10-29 00:00:00,1,0,2024-11-07 00:09:22,0,2024-11-07 00:09:22,,,
2024-10-28,1/3焦煤,大连港,俄罗斯,,0.75,8.50,33.00,80.00,1430.00,-25.00,平仓价,4040,2024-10-28 00:00:00,1,0,2024-11-07 00:09:22,0,2024-11-07 00:09:22,,,
2024-10-28,1/3焦煤,大连港,鹤岗市,,0.25,7.50,18.00,70.00,1580.00,0.00,平仓价,4041,2024-10-28 00:00:00,1,0,2024-11-07 00:09:22,0,2024-11-07 00:09:22,,,
2024-10-25,1/3焦煤,大连港,俄罗斯,,0.75,8.50,33.00,80.00,1455.00,0.00,平仓价,4042,2024-10-25 00:00:00,1,0,2024-11-07 00:09:22,0,2024-11-07 00:09:22,,,
2024-10-25,1/3焦煤,大连港,鹤岗市,,0.25,7.50,18.00,70.00,1580.00,0.00,平仓价,4043,2024-10-25 00:00:00,1,0,2024-11-07 00:09:22,0,2024-11-07 00:09:22,,,
2024-10-24,1/3焦煤,大连港,俄罗斯,,0.75,8.50,33.00,80.00,1455.00,0.00,平仓价,4044,2024-10-24 00:00:00,1,0,2024-11-07 00:09:22,0,2024-11-07 00:09:22,,,
2024-10-24,1/3焦煤,大连港,鹤岗市,,0.25,7.50,18.00,70.00,1580.00,0.00,平仓价,4045,2024-10-24 00:00:00,1,0,2024-11-07 00:09:22,0,2024-11-07 00:09:22,,,
2024-10-23,1/3焦煤,大连港,俄罗斯,,0.75,8.50,33.00,80.00,1455.00,0.00,平仓价,4046,2024-10-23 00:00:00,1,0,2024-11-07 00:09:22,0,2024-11-07 00:09:22,,,
2024-10-23,1/3焦煤,大连港,鹤岗市,,0.25,7.50,18.00,70.00,1580.00,0.00,平仓价,4047,2024-10-23 00:00:00,1,0,2024-11-07 00:09:22,0,2024-11-07 00:09:22,,,
2024-10-22,1/3焦煤,大连港,俄罗斯,,0.75,8.50,33.00,80.00,1455.00,0.00,平仓价,4048,2024-10-22 00:00:00,1,0,2024-11-07 00:09:22,0,2024-11-07 00:09:22,,,
2024-10-22,1/3焦煤,大连港,鹤岗市,,0.25,7.50,18.00,70.00,1580.00,0.00,平仓价,4049,2024-10-22 00:00:00,1,0,2024-11-07 00:09:22,0,2024-11-07 00:09:22,,,
2024-10-21,1/3焦煤,大连港,俄罗斯,,0.75,8.50,33.00,80.00,1455.00,-65.00,平仓价,4050,2024-10-21 00:00:00,1,0,2024-11-07 00:09:22,0,2024-11-07 00:09:22,,,
2024-10-21,1/3焦煤,大连港,鹤岗市,,0.25,7.50,18.00,70.00,1580.00,0.00,平仓价,4051,2024-10-21 00:00:00,1,0,2024-11-07 00:09:22,0,2024-11-07 00:09:22,,,
2024-10-18,1/3焦煤,大连港,俄罗斯,,0.75,8.50,33.00,80.00,1520.00,0.00,平仓价,4052,2024-10-18 00:00:00,1,0,2024-11-07 00:09:22,0,2024-11-07 00:09:22,,,
2024-10-18,1/3焦煤,大连港,鹤岗市,,0.25,7.50,18.00,70.00,1580.00,0.00,平仓价,4053,2024-10-18 00:00:00,1,0,2024-11-07 00:09:22,0,2024-11-07 00:09:22,,,
2024-10-17,1/3焦煤,大连港,俄罗斯,,0.75,8.50,33.00,80.00,1520.00,-10.00,平仓价,4054,2024-10-17 00:00:00,1,0,2024-11-07 00:09:22,0,2024-11-07 00:09:22,,,
2024-10-17,1/3焦煤,大连港,鹤岗市,,0.25,7.50,18.00,70.00,1580.00,-20.00,平仓价,4055,2024-10-17 00:00:00,1,0,2024-11-07 00:09:22,0,2024-11-07 00:09:22,,,
2024-10-16,1/3焦煤,大连港,俄罗斯,,0.75,8.50,33.00,80.00,1530.00,30.00,平仓价,4056,2024-10-16 00:00:00,1,0,2024-11-07 00:09:25,0,2024-11-07 00:09:25,,,
2024-10-16,1/3焦煤,大连港,鹤岗市,,0.25,7.50,18.00,70.00,1600.00,0.00,平仓价,4057,2024-10-16 00:00:00,1,0,2024-11-07 00:09:25,0,2024-11-07 00:09:25,,,
2024-10-15,1/3焦煤,大连港,俄罗斯,,0.75,8.50,33.00,80.00,1500.00,0.00,平仓价,4058,2024-10-15 00:00:00,1,0,2024-11-07 00:09:25,0,2024-11-07 00:09:25,,,
2024-10-15,1/3焦煤,大连港,鹤岗市,,0.25,7.50,18.00,70.00,1600.00,0.00,平仓价,4059,2024-10-15 00:00:00,1,0,2024-11-07 00:09:25,0,2024-11-07 00:09:25,,,
2024-10-14,1/3焦煤,大连港,俄罗斯,,0.75,8.50,33.00,80.00,1500.00,0.00,平仓价,4060,2024-10-14 00:00:00,1,0,2024-11-07 00:09:25,0,2024-11-07 00:09:25,,,
2024-10-14,1/3焦煤,大连港,鹤岗市,,0.25,7.50,18.00,70.00,1600.00,0.00,平仓价,4061,2024-10-14 00:00:00,1,0,2024-11-07 00:09:25,0,2024-11-07 00:09:25,,,
2024-10-12,1/3焦煤,大连港,俄罗斯,,0.75,8.50,33.00,80.00,1500.00,0.00,平仓价,4062,2024-10-12 00:00:00,1,0,2024-11-07 00:09:25,0,2024-11-07 00:09:25,,,
2024-10-12,1/3焦煤,大连港,鹤岗市,,0.25,7.50,18.00,70.00,1600.00,0.00,平仓价,4063,2024-10-12 00:00:00,1,0,2024-11-07 00:09:25,0,2024-11-07 00:09:25,,,
2024-10-11,1/3焦煤,大连港,俄罗斯,,0.75,8.50,33.00,80.00,1500.00,-50.00,平仓价,4064,2024-10-11 00:00:00,1,0,2024-11-07 00:09:25,0,2024-11-07 00:09:25,,,
2024-10-11,1/3焦煤,大连港,鹤岗市,,0.25,7.50,18.00,70.00,1600.00,0.00,平仓价,4065,2024-10-11 00:00:00,1,0,2024-11-07 00:09:25,0,2024-11-07 00:09:25,,,
2024-10-10,1/3焦煤,大连港,俄罗斯,,0.75,8.50,33.00,80.00,1550.00,0.00,平仓价,4066,2024-10-10 00:00:00,1,0,2024-11-07 00:09:25,0,2024-11-07 00:09:25,,,
2024-10-10,1/3焦煤,大连港,鹤岗市,,0.25,7.50,18.00,70.00,1600.00,0.00,平仓价,4067,2024-10-10 00:00:00,1,0,2024-11-07 00:09:25,0,2024-11-07 00:09:25,,,
2024-10-09,1/3焦煤,大连港,俄罗斯,,0.75,8.50,33.00,80.00,1550.00,150.00,平仓价,4068,2024-10-09 00:00:00,1,0,2024-11-07 00:09:25,0,2024-11-07 00:09:25,,,
2024-10-09,1/3焦煤,大连港,鹤岗市,,0.25,7.50,18.00,70.00,1600.00,40.00,平仓价,4069,2024-10-09 00:00:00,1,0,2024-11-07 00:09:25,0,2024-11-07 00:09:25,,,
2024-10-08,1/3焦煤,大连港,俄罗斯,,0.75,8.50,33.00,80.00,1400.00,60.00,平仓价,4070,2024-10-08 00:00:00,1,0,2024-11-07 00:09:25,0,2024-11-07 00:09:25,,,
2024-10-08,1/3焦煤,大连港,鹤岗市,,0.25,7.50,18.00,70.00,1560.00,0.00,平仓价,4071,2024-10-08 00:00:00,1,0,2024-11-07 00:09:25,0,2024-11-07 00:09:25,,,
2024-09-30,1/3焦煤,大连港,俄罗斯,,0.75,8.50,33.00,80.00,1340.00,0.00,平仓价,4072,2024-09-30 00:00:00,1,0,2024-11-07 00:09:25,0,2024-11-07 00:09:25,,,
2024-09-30,1/3焦煤,大连港,鹤岗市,,0.25,7.50,18.00,70.00,1560.00,0.00,平仓价,4073,2024-09-30 00:00:00,1,0,2024-11-07 00:09:25,0,2024-11-07 00:09:25,,,
2024-09-29,1/3焦煤,大连港,俄罗斯,,0.75,8.50,33.00,80.00,1340.00,20.00,平仓价,4074,2024-09-29 00:00:00,1,0,2024-11-07 00:09:25,0,2024-11-07 00:09:25,,,
2024-09-29,1/3焦煤,大连港,鹤岗市,,0.25,7.50,18.00,70.00,1560.00,0.00,平仓价,4075,2024-09-29 00:00:00,1,0,2024-11-07 00:09:25,0,2024-11-07 00:09:25,,,
2024-09-27,1/3焦煤,大连港,俄罗斯,,0.75,8.50,33.00,80.00,1320.00,0.00,平仓价,4076,2024-09-27 00:00:00,1,0,2024-11-07 00:09:25,0,2024-11-07 00:09:25,,,
2024-09-27,1/3焦煤,大连港,鹤岗市,,0.25,7.50,18.00,70.00,1560.00,0.00,平仓价,4077,2024-09-27 00:00:00,1,0,2024-11-07 00:09:25,0,2024-11-07 00:09:25,,,
2024-09-26,1/3焦煤,大连港,俄罗斯,,0.75,8.50,33.00,80.00,1320.00,0.00,平仓价,4078,2024-09-26 00:00:00,1,0,2024-11-07 00:09:25,0,2024-11-07 00:09:25,,,
2024-09-26,1/3焦煤,大连港,鹤岗市,,0.25,7.50,18.00,70.00,1560.00,0.00,平仓价,4079,2024-09-26 00:00:00,1,0,2024-11-07 00:09:25,0,2024-11-07 00:09:25,,,
2024-09-25,1/3焦煤,大连港,俄罗斯,,0.75,8.50,33.00,80.00,1320.00,0.00,平仓价,4080,2024-09-25 00:00:00,1,0,2024-11-07 00:09:25,0,2024-11-07 00:09:25,,,
2024-09-25,1/3焦煤,大连港,鹤岗市,,0.25,7.50,18.00,70.00,1560.00,0.00,平仓价,4081,2024-09-25 00:00:00,1,0,2024-11-07 00:09:25,0,2024-11-07 00:09:25,,,
2024-09-24,1/3焦煤,大连港,俄罗斯,,0.75,8.50,33.00,80.00,1320.00,-15.00,平仓价,4082,2024-09-24 00:00:00,1,0,2024-11-07 00:09:25,0,2024-11-07 00:09:25,,,
2024-09-24,1/3焦煤,大连港,鹤岗市,,0.25,7.50,18.00,70.00,1560.00,0.00,平仓价,4083,2024-09-24 00:00:00,1,0,2024-11-07 00:09:25,0,2024-11-07 00:09:25,,,
2024-09-23,1/3焦煤,大连港,俄罗斯,,0.75,8.50,33.00,80.00,1335.00,0.00,平仓价,4084,2024-09-23 00:00:00,1,0,2024-11-07 00:09:25,0,2024-11-07 00:09:25,,,
2024-09-23,1/3焦煤,大连港,鹤岗市,,0.25,7.50,18.00,70.00,1560.00,0.00,平仓价,4085,2024-09-23 00:00:00,1,0,2024-11-07 00:09:25,0,2024-11-07 00:09:25,,,
2024-09-20,1/3焦煤,大连港,俄罗斯,,0.75,8.50,33.00,80.00,1335.00,0.00,平仓价,4086,2024-09-20 00:00:00,1,0,2024-11-07 00:09:28,0,2024-11-07 00:09:28,,,
2024-09-20,1/3焦煤,大连港,鹤岗市,,0.25,7.50,18.00,70.00,1560.00,0.00,平仓价,4087,2024-09-20 00:00:00,1,0,2024-11-07 00:09:28,0,2024-11-07 00:09:28,,,
2024-09-19,1/3焦煤,大连港,俄罗斯,,0.75,8.50,33.00,80.00,1335.00,-10.00,平仓价,4088,2024-09-19 00:00:00,1,0,2024-11-07 00:09:28,0,2024-11-07 00:09:28,,,
2024-09-19,1/3焦煤,大连港,鹤岗市,,0.25,7.50,18.00,70.00,1560.00,0.00,平仓价,4089,2024-09-19 00:00:00,1,0,2024-11-07 00:09:28,0,2024-11-07 00:09:28,,,
2024-09-18,1/3焦煤,大连港,俄罗斯,,0.75,8.50,33.00,80.00,1345.00,0.00,平仓价,4090,2024-09-18 00:00:00,1,0,2024-11-07 00:09:28,0,2024-11-07 00:09:28,,,
2024-09-18,1/3焦煤,大连港,鹤岗市,,0.25,7.50,18.00,70.00,1560.00,0.00,平仓价,4091,2024-09-18 00:00:00,1,0,2024-11-07 00:09:28,0,2024-11-07 00:09:28,,,
2024-09-14,1/3焦煤,大连港,俄罗斯,,0.75,8.50,33.00,80.00,1345.00,0.00,平仓价,4092,2024-09-14 00:00:00,1,0,2024-11-07 00:09:28,0,2024-11-07 00:09:28,,,
2024-09-14,1/3焦煤,大连港,鹤岗市,,0.25,7.50,18.00,70.00,1560.00,0.00,平仓价,4093,2024-09-14 00:00:00,1,0,2024-11-07 00:09:28,0,2024-11-07 00:09:28,,,
2024-09-13,1/3焦煤,大连港,俄罗斯,,0.75,8.50,33.00,80.00,1345.00,0.00,平仓价,4094,2024-09-13 00:00:00,1,0,2024-11-07 00:09:28,0,2024-11-07 00:09:28,,,
2024-09-13,1/3焦煤,大连港,鹤岗市,,0.25,7.50,18.00,70.00,1560.00,0.00,平仓价,4095,2024-09-13 00:00:00,1,0,2024-11-07 00:09:28,0,2024-11-07 00:09:28,,,
2024-09-12,1/3焦煤,大连港,俄罗斯,,0.75,8.50,33.00,80.00,1345.00,0.00,平仓价,4096,2024-09-12 00:00:00,1,0,2024-11-07 00:09:28,0,2024-11-07 00:09:28,,,
2024-09-12,1/3焦煤,大连港,鹤岗市,,0.25,7.50,18.00,70.00,1560.00,0.00,平仓价,4097,2024-09-12 00:00:00,1,0,2024-11-07 00:09:28,0,2024-11-07 00:09:28,,,
2024-09-11,1/3焦煤,大连港,俄罗斯,,0.75,8.50,33.00,80.00,1345.00,-20.00,平仓价,4098,2024-09-11 00:00:00,1,0,2024-11-07 00:09:28,0,2024-11-07 00:09:28,,,
2024-09-11,1/3焦煤,大连港,鹤岗市,,0.25,7.50,18.00,70.00,1560.00,-75.00,平仓价,4099,2024-09-11 00:00:00,1,0,2024-11-07 00:09:28,0,2024-11-07 00:09:28,,,
2024-09-10,1/3焦煤,大连港,俄罗斯,,0.75,8.50,33.00,80.00,1365.00,0.00,平仓价,4100,2024-09-10 00:00:00,1,0,2024-11-07 00:09:28,0,2024-11-07 00:09:28,,,
2024-09-10,1/3焦煤,大连港,鹤岗市,,0.25,7.50,18.00,70.00,1635.00,0.00,平仓价,4101,2024-09-10 00:00:00,1,0,2024-11-07 00:09:28,0,2024-11-07 00:09:28,,,
2024-09-09,1/3焦煤,大连港,俄罗斯,,0.75,8.50,33.00,80.00,1365.00,-10.00,平仓价,4102,2024-09-09 00:00:00,1,0,2024-11-07 00:09:28,0,2024-11-07 00:09:28,,,
2024-09-09,1/3焦煤,大连港,鹤岗市,,0.25,7.50,18.00,70.00,1635.00,0.00,平仓价,4103,2024-09-09 00:00:00,1,0,2024-11-07 00:09:28,0,2024-11-07 00:09:28,,,
2024-09-06,1/3焦煤,大连港,俄罗斯,,0.75,8.50,33.00,80.00,1375.00,0.00,平仓价,4104,2024-09-06 00:00:00,1,0,2024-11-07 00:09:28,0,2024-11-07 00:09:28,,,
2024-09-06,1/3焦煤,大连港,鹤岗市,,0.25,7.50,18.00,70.00,1635.00,0.00,平仓价,4105,2024-09-06 00:00:00,1,0,2024-11-07 00:09:28,0,2024-11-07 00:09:28,,,
2024-09-05,1/3焦煤,大连港,俄罗斯,,0.75,8.50,33.00,80.00,1375.00,0.00,平仓价,4106,2024-09-05 00:00:00,1,0,2024-11-07 00:09:28,0,2024-11-07 00:09:28,,,
2024-09-05,1/3焦煤,大连港,鹤岗市,,0.25,7.50,18.00,70.00,1635.00,0.00,平仓价,4107,2024-09-05 00:00:00,1,0,2024-11-07 00:09:28,0,2024-11-07 00:09:28,,,
2024-09-04,1/3焦煤,大连港,俄罗斯,,0.75,8.50,33.00,80.00,1375.00,-10.00,平仓价,4108,2024-09-04 00:00:00,1,0,2024-11-07 00:09:28,0,2024-11-07 00:09:28,,,
2024-09-04,1/3焦煤,大连港,鹤岗市,,0.25,7.50,18.00,70.00,1635.00,0.00,平仓价,4109,2024-09-04 00:00:00,1,0,2024-11-07 00:09:28,0,2024-11-07 00:09:28,,,
2024-09-03,1/3焦煤,大连港,俄罗斯,,0.75,8.50,33.00,80.00,1385.00,0.00,平仓价,4110,2024-09-03 00:00:00,1,0,2024-11-07 00:09:28,0,2024-11-07 00:09:28,,,
2024-09-03,1/3焦煤,大连港,鹤岗市,,0.25,7.50,18.00,70.00,1635.00,0.00,平仓价,4111,2024-09-03 00:00:00,1,0,2024-11-07 00:09:28,0,2024-11-07 00:09:28,,,
2024-09-02,1/3焦煤,大连港,俄罗斯,,0.75,8.50,33.00,80.00,1385.00,0.00,平仓价,4112,2024-09-02 00:00:00,1,0,2024-11-07 00:09:28,0,2024-11-07 00:09:28,,,
2024-09-02,1/3焦煤,大连港,鹤岗市,,0.25,7.50,18.00,70.00,1635.00,0.00,平仓价,4113,2024-09-02 00:00:00,1,0,2024-11-07 00:09:28,0,2024-11-07 00:09:28,,,
2024-08-30,1/3焦煤,大连港,俄罗斯,,0.75,8.50,33.00,80.00,1385.00,10.00,平仓价,4114,2024-08-30 00:00:00,1,0,2024-11-07 00:09:28,0,2024-11-07 00:09:28,,,
2024-08-30,1/3焦煤,大连港,鹤岗市,,0.25,7.50,18.00,70.00,1635.00,0.00,平仓价,4115,2024-08-30 00:00:00,1,0,2024-11-07 00:09:28,0,2024-11-07 00:09:28,,,
2024-08-29,1/3焦煤,大连港,俄罗斯,,0.75,8.50,33.00,80.00,1375.00,10.00,平仓价,4116,2024-08-29 00:00:00,1,0,2024-11-07 00:09:31,0,2024-11-07 00:09:31,,,
2024-08-29,1/3焦煤,大连港,鹤岗市,,0.25,7.50,18.00,70.00,1635.00,0.00,平仓价,4117,2024-08-29 00:00:00,1,0,2024-11-07 00:09:31,0,2024-11-07 00:09:31,,,
2024-08-28,1/3焦煤,大连港,俄罗斯,,0.75,8.50,33.00,80.00,1365.00,-45.00,平仓价,4118,2024-08-28 00:00:00,1,0,2024-11-07 00:09:31,0,2024-11-07 00:09:31,,,
2024-08-28,1/3焦煤,大连港,鹤岗市,,0.25,7.50,18.00,70.00,1635.00,0.00,平仓价,4119,2024-08-28 00:00:00,1,0,2024-11-07 00:09:31,0,2024-11-07 00:09:31,,,
2024-08-27,1/3焦煤,大连港,俄罗斯,,0.75,8.50,33.00,80.00,1410.00,0.00,平仓价,4120,2024-08-27 00:00:00,1,0,2024-11-07 00:09:31,0,2024-11-07 00:09:31,,,
2024-08-27,1/3焦煤,大连港,鹤岗市,,0.25,7.50,18.00,70.00,1635.00,0.00,平仓价,4121,2024-08-27 00:00:00,1,0,2024-11-07 00:09:31,0,2024-11-07 00:09:31,,,
2024-08-26,1/3焦煤,大连港,俄罗斯,,0.75,8.50,33.00,80.00,1410.00,-10.00,平仓价,4122,2024-08-26 00:00:00,1,0,2024-11-07 00:09:31,0,2024-11-07 00:09:31,,,
2024-08-26,1/3焦煤,大连港,鹤岗市,,0.25,7.50,18.00,70.00,1635.00,0.00,平仓价,4123,2024-08-26 00:00:00,1,0,2024-11-07 00:09:31,0,2024-11-07 00:09:31,,,
2024-08-23,1/3焦煤,大连港,俄罗斯,,0.75,8.50,33.00,80.00,1420.00,0.00,平仓价,4124,2024-08-23 00:00:00,1,0,2024-11-07 00:09:31,0,2024-11-07 00:09:31,,,
2024-08-23,1/3焦煤,大连港,鹤岗市,,0.25,7.50,18.00,70.00,1635.00,0.00,平仓价,4125,2024-08-23 00:00:00,1,0,2024-11-07 00:09:31,0,2024-11-07 00:09:31,,,
2024-08-22,1/3焦煤,大连港,俄罗斯,,0.75,8.50,33.00,80.00,1420.00,0.00,平仓价,4126,2024-08-22 00:00:00,1,0,2024-11-07 00:09:31,0,2024-11-07 00:09:31,,,
2024-08-22,1/3焦煤,大连港,鹤岗市,,0.25,7.50,18.00,70.00,1635.00,0.00,平仓价,4127,2024-08-22 00:00:00,1,0,2024-11-07 00:09:31,0,2024-11-07 00:09:31,,,
2024-08-21,1/3焦煤,大连港,俄罗斯,,0.75,8.50,33.00,80.00,1420.00,-10.00,平仓价,4128,2024-08-21 00:00:00,1,0,2024-11-07 00:09:31,0,2024-11-07 00:09:31,,,
2024-08-21,1/3焦煤,大连港,鹤岗市,,0.25,7.50,18.00,70.00,1635.00,0.00,平仓价,4129,2024-08-21 00:00:00,1,0,2024-11-07 00:09:31,0,2024-11-07 00:09:31,,,
2024-08-20,1/3焦煤,大连港,俄罗斯,,0.75,8.50,33.00,80.00,1430.00,-25.00,平仓价,4130,2024-08-20 00:00:00,1,0,2024-11-07 00:09:31,0,2024-11-07 00:09:31,,,
2024-08-20,1/3焦煤,大连港,鹤岗市,,0.25,7.50,18.00,70.00,1635.00,0.00,平仓价,4131,2024-08-20 00:00:00,1,0,2024-11-07 00:09:31,0,2024-11-07 00:09:31,,,
2024-08-19,1/3焦煤,大连港,俄罗斯,,0.75,8.50,33.00,80.00,1455.00,0.00,平仓价,4132,2024-08-19 00:00:00,1,0,2024-11-07 00:09:31,0,2024-11-07 00:09:31,,,
2024-08-19,1/3焦煤,大连港,鹤岗市,,0.25,7.50,18.00,70.00,1635.00,0.00,平仓价,4133,2024-08-19 00:00:00,1,0,2024-11-07 00:09:31,0,2024-11-07 00:09:31,,,
2024-08-16,1/3焦煤,大连港,俄罗斯,,0.75,8.50,33.00,80.00,1455.00,-30.00,平仓价,4134,2024-08-16 00:00:00,1,0,2024-11-07 00:09:31,0,2024-11-07 00:09:31,,,
2024-08-16,1/3焦煤,大连港,鹤岗市,,0.25,7.50,18.00,70.00,1635.00,0.00,平仓价,4135,2024-08-16 00:00:00,1,0,2024-11-07 00:09:31,0,2024-11-07 00:09:31,,,
2024-08-15,1/3焦煤,大连港,俄罗斯,,0.75,8.50,33.00,80.00,1485.00,-140.00,平仓价,4136,2024-08-15 00:00:00,1,0,2024-11-07 00:09:31,0,2024-11-07 00:09:31,,,
2024-08-15,1/3焦煤,大连港,鹤岗市,,0.25,7.50,18.00,70.00,1635.00,0.00,平仓价,4137,2024-08-15 00:00:00,1,0,2024-11-07 00:09:31,0,2024-11-07 00:09:31,,,
2024-08-14,1/3焦煤,大连港,俄罗斯,,0.75,8.50,33.00,80.00,1625.00,0.00,平仓价,4138,2024-08-14 00:00:00,1,0,2024-11-07 00:09:31,0,2024-11-07 00:09:31,,,
2024-08-14,1/3焦煤,大连港,鹤岗市,,0.25,7.50,18.00,70.00,1635.00,0.00,平仓价,4139,2024-08-14 00:00:00,1,0,2024-11-07 00:09:31,0,2024-11-07 00:09:31,,,
2024-08-13,1/3焦煤,大连港,俄罗斯,,0.75,8.50,33.00,80.00,1625.00,0.00,平仓价,4140,2024-08-13 00:00:00,1,0,2024-11-07 00:09:31,0,2024-11-07 00:09:31,,,
2024-08-13,1/3焦煤,大连港,鹤岗市,,0.25,7.50,18.00,70.00,1635.00,0.00,平仓价,4141,2024-08-13 00:00:00,1,0,2024-11-07 00:09:31,0,2024-11-07 00:09:31,,,
2024-08-12,1/3焦煤,大连港,俄罗斯,,0.75,8.50,33.00,80.00,1625.00,-10.00,平仓价,4142,2024-08-12 00:00:00,1,0,2024-11-07 00:09:31,0,2024-11-07 00:09:31,,,
2024-08-12,1/3焦煤,大连港,鹤岗市,,0.25,7.50,18.00,70.00,1635.00,0.00,平仓价,4143,2024-08-12 00:00:00,1,0,2024-11-07 00:09:31,0,2024-11-07 00:09:31,,,
2024-08-09,1/3焦煤,大连港,俄罗斯,,0.75,8.50,33.00,80.00,1635.00,-65.00,平仓价,4144,2024-08-09 00:00:00,1,0,2024-11-07 00:09:31,0,2024-11-07 00:09:31,,,
2024-08-09,1/3焦煤,大连港,鹤岗市,,0.25,7.50,18.00,70.00,1635.00,0.00,平仓价,4145,2024-08-09 00:00:00,1,0,2024-11-07 00:09:31,0,2024-11-07 00:09:31,,,
2024-08-08,1/3焦煤,大连港,俄罗斯,,0.75,8.50,33.00,80.00,1700.00,0.00,平仓价,4146,2024-08-08 00:00:00,1,0,2024-11-07 00:09:34,0,2024-11-07 00:09:34,,,
2024-08-08,1/3焦煤,大连港,鹤岗市,,0.25,7.50,18.00,70.00,1635.00,0.00,平仓价,4147,2024-08-08 00:00:00,1,0,2024-11-07 00:09:34,0,2024-11-07 00:09:34,,,
2024-08-07,1/3焦煤,大连港,俄罗斯,,0.75,8.50,33.00,80.00,1700.00,0.00,平仓价,4148,2024-08-07 00:00:00,1,0,2024-11-07 00:09:34,0,2024-11-07 00:09:34,,,
2024-08-07,1/3焦煤,大连港,鹤岗市,,0.25,7.50,18.00,70.00,1635.00,0.00,平仓价,4149,2024-08-07 00:00:00,1,0,2024-11-07 00:09:34,0,2024-11-07 00:09:34,,,
2024-08-06,1/3焦煤,大连港,俄罗斯,,0.75,8.50,33.00,80.00,1700.00,0.00,平仓价,4150,2024-08-06 00:00:00,1,0,2024-11-07 00:09:34,0,2024-11-07 00:09:34,,,
2024-08-06,1/3焦煤,大连港,鹤岗市,,0.25,7.50,18.00,70.00,1635.00,0.00,平仓价,4151,2024-08-06 00:00:00,1,0,2024-11-07 00:09:34,0,2024-11-07 00:09:34,,,
2024-08-05,1/3焦煤,大连港,俄罗斯,,0.75,8.50,33.00,80.00,1700.00,-10.00,平仓价,4152,2024-08-05 00:00:00,1,0,2024-11-07 00:09:34,0,2024-11-07 00:09:34,,,
2024-08-05,1/3焦煤,大连港,鹤岗市,,0.25,7.50,18.00,70.00,1635.00,0.00,平仓价,4153,2024-08-05 00:00:00,1,0,2024-11-07 00:09:34,0,2024-11-07 00:09:34,,,
2024-08-02,1/3焦煤,大连港,俄罗斯,,0.75,8.50,33.00,80.00,1710.00,0.00,平仓价,4154,2024-08-02 00:00:00,1,0,2024-11-07 00:09:34,0,2024-11-07 00:09:34,,,
2024-08-02,1/3焦煤,大连港,鹤岗市,,0.25,7.50,18.00,70.00,1635.00,0.00,平仓价,4155,2024-08-02 00:00:00,1,0,2024-11-07 00:09:34,0,2024-11-07 00:09:34,,,
2024-08-01,1/3焦煤,大连港,俄罗斯,,0.75,8.50,33.00,80.00,1710.00,0.00,平仓价,4156,2024-08-01 00:00:00,1,0,2024-11-07 00:09:34,0,2024-11-07 00:09:34,,,
2024-08-01,1/3焦煤,大连港,鹤岗市,,0.25,7.50,18.00,70.00,1635.00,0.00,平仓价,4157,2024-08-01 00:00:00,1,0,2024-11-07 00:09:34,0,2024-11-07 00:09:34,,,
2024-11-07,1/3焦煤,大连港,俄罗斯,,0.75,8.50,33.00,80.00,1400.00,-40.00,平仓价,4158,2024-11-07 00:00:00,1,0,2024-11-07 23:10:27,0,2024-11-07 23:10:27,,,
2024-11-07,1/3焦煤,大连港,鹤岗市,,0.25,7.50,18.00,70.00,1560.00,0.00,平仓价,4159,2024-11-07 00:00:00,1,0,2024-11-07 23:10:27,0,2024-11-07 23:10:27,,,
2024-11-08,1/3焦煤,大连港,俄罗斯,,0.75,8.50,33.00,80.00,1430.00,30.00,平仓价,4160,2024-11-08 00:00:00,1,0,2024-11-08 23:10:12,0,2024-11-08 23:10:12,,,
2024-11-08,1/3焦煤,大连港,鹤岗市,,0.25,7.50,18.00,70.00,1560.00,0.00,平仓价,4161,2024-11-08 00:00:00,1,0,2024-11-08 23:10:12,0,2024-11-08 23:10:12,,,
2024-11-11,1/3焦煤,大连港,俄罗斯,,0.75,8.50,33.00,80.00,1410.00,-20.00,平仓价,4162,2024-11-11 00:00:00,1,0,2024-11-11 23:10:27,0,2024-11-11 23:10:27,,,
2024-11-11,1/3焦煤,大连港,鹤岗市,,0.25,7.50,18.00,70.00,1560.00,0.00,平仓价,4163,2024-11-11 00:00:00,1,0,2024-11-11 23:10:27,0,2024-11-11 23:10:27,,,
2024-11-12,1/3焦煤,大连港,俄罗斯,,0.75,8.50,33.00,80.00,1410.00,0.00,平仓价,4164,2024-11-12 00:00:00,1,0,2024-11-12 23:10:37,0,2024-11-12 23:10:37,,,
2024-11-12,1/3焦煤,大连港,鹤岗市,,0.25,7.50,18.00,70.00,1560.00,0.00,平仓价,4165,2024-11-12 00:00:00,1,0,2024-11-12 23:10:37,0,2024-11-12 23:10:37,,,
2024-11-13,1/3焦煤,大连港,俄罗斯,,0.75,8.50,33.00,80.00,1380.00,-30.00,平仓价,4166,2024-11-13 00:00:00,1,0,2024-11-13 23:10:17,0,2024-11-13 23:10:17,,,
2024-11-13,1/3焦煤,大连港,鹤岗市,,0.25,7.50,18.00,70.00,1560.00,0.00,平仓价,4167,2024-11-13 00:00:00,1,0,2024-11-13 23:10:17,0,2024-11-13 23:10:17,,,
2024-11-14,1/3焦煤,大连港,俄罗斯,,0.75,8.50,33.00,80.00,1380.00,0.00,平仓价,4168,2024-11-14 00:00:00,1,0,2024-11-14 23:10:19,0,2024-11-14 23:10:19,,,
2024-11-14,1/3焦煤,大连港,鹤岗市,,0.25,7.50,18.00,70.00,1560.00,0.00,平仓价,4169,2024-11-14 00:00:00,1,0,2024-11-14 23:10:19,0,2024-11-14 23:10:19,,,
2024-11-15,1/3焦煤,大连港,俄罗斯,,0.75,8.50,33.00,80.00,1365.00,-15.00,平仓价,4170,2024-11-15 00:00:00,1,0,2024-11-15 23:10:22,0,2024-11-15 23:10:22,,,
2024-11-15,1/3焦煤,大连港,鹤岗市,,0.25,7.50,18.00,70.00,1560.00,0.00,平仓价,4171,2024-11-15 00:00:00,1,0,2024-11-15 23:10:22,0,2024-11-15 23:10:22,,,
2024-11-18,1/3焦煤,大连港,俄罗斯,,0.75,8.50,33.00,80.00,1365.00,0.00,平仓价,4172,2024-11-18 00:00:00,1,0,2024-11-18 23:10:26,0,2024-11-18 23:10:26,,,
2024-11-18,1/3焦煤,大连港,鹤岗市,,0.25,7.50,18.00,70.00,1560.00,0.00,平仓价,4173,2024-11-18 00:00:00,1,0,2024-11-18 23:10:26,0,2024-11-18 23:10:26,,,
2024-11-19,1/3焦煤,大连港,俄罗斯,,0.75,8.50,33.00,80.00,1365.00,0.00,平仓价,4174,2024-11-19 00:00:00,1,0,2024-11-19 23:10:21,0,2024-11-19 23:10:21,,,
2024-11-19,1/3焦煤,大连港,鹤岗市,,0.25,7.50,18.00,70.00,1560.00,0.00,平仓价,4175,2024-11-19 00:00:00,1,0,2024-11-19 23:10:21,0,2024-11-19 23:10:21,,,
2024-11-20,1/3焦煤,大连港,俄罗斯,,0.75,8.50,33.00,80.00,1365.00,0.00,平仓价,4176,2024-11-20 00:00:00,1,0,2024-11-20 23:10:20,0,2024-11-20 23:10:20,,,
2024-11-20,1/3焦煤,大连港,鹤岗市,,0.25,7.50,18.00,70.00,1560.00,0.00,平仓价,4177,2024-11-20 00:00:00,1,0,2024-11-20 23:10:20,0,2024-11-20 23:10:20,,,
2024-11-21,1/3焦煤,大连港,俄罗斯,,0.75,8.50,33.00,80.00,1365.00,0.00,平仓价,4178,2024-11-21 00:00:00,1,0,2024-11-21 23:10:22,0,2024-11-21 23:10:22,,,
2024-11-21,1/3焦煤,大连港,鹤岗市,,0.25,7.50,18.00,70.00,1560.00,0.00,平仓价,4179,2024-11-21 00:00:00,1,0,2024-11-21 23:10:22,0,2024-11-21 23:10:22,,,
2024-11-22,1/3焦煤,大连港,俄罗斯,,0.75,8.50,33.00,80.00,1375.00,10.00,平仓价,4180,2024-11-22 00:00:00,1,0,2024-11-22 23:10:36,0,2024-11-22 23:10:36,,,
2024-11-22,1/3焦煤,大连港,鹤岗市,,0.25,7.50,18.00,70.00,1560.00,0.00,平仓价,4181,2024-11-22 00:00:00,1,0,2024-11-22 23:10:36,0,2024-11-22 23:10:36,,,
2024-11-25,1/3焦煤,大连港,俄罗斯,,0.75,8.50,33.00,80.00,1355.00,-20.00,平仓价,4182,2024-11-25 00:00:00,1,0,2024-11-25 23:10:31,0,2024-11-25 23:10:31,,,
2024-11-25,1/3焦煤,大连港,鹤岗市,,0.25,7.50,18.00,70.00,1560.00,0.00,平仓价,4183,2024-11-25 00:00:00,1,0,2024-11-25 23:10:31,0,2024-11-25 23:10:31,,,
2024-11-26,1/3焦煤,大连港,俄罗斯,,0.75,8.50,33.00,80.00,1355.00,0.00,平仓价,4184,2024-11-26 00:00:00,1,0,2024-11-26 23:10:27,0,2024-11-26 23:10:27,,,
2024-11-26,1/3焦煤,大连港,鹤岗市,,0.25,7.50,18.00,70.00,1560.00,0.00,平仓价,4185,2024-11-26 00:00:00,1,0,2024-11-26 23:10:27,0,2024-11-26 23:10:27,,,
2024-11-27,1/3焦煤,大连港,俄罗斯,,0.75,8.50,33.00,80.00,1330.00,-25.00,平仓价,4186,2024-11-27 00:00:00,1,0,2024-11-27 23:10:27,0,2024-11-27 23:10:27,,,
2024-11-27,1/3焦煤,大连港,鹤岗市,,0.25,7.50,18.00,70.00,1560.00,0.00,平仓价,4187,2024-11-27 00:00:00,1,0,2024-11-27 23:10:27,0,2024-11-27 23:10:27,,,
2024-11-28,1/3焦煤,大连港,俄罗斯,,0.75,8.50,33.00,80.00,1320.00,-10.00,平仓价,4188,2024-11-28 00:00:00,1,0,2024-11-28 23:10:36,0,2024-11-28 23:10:36,,,
2024-11-28,1/3焦煤,大连港,鹤岗市,,0.25,7.50,18.00,70.00,1560.00,0.00,平仓价,4189,2024-11-28 00:00:00,1,0,2024-11-28 23:10:36,0,2024-11-28 23:10:36,,,
2024-11-29,1/3焦煤,大连港,俄罗斯,,0.75,8.50,33.00,80.00,1320.00,0.00,平仓价,4190,2024-11-29 00:00:00,1,0,2024-11-29 23:10:30,0,2024-11-29 23:10:30,,,
2024-11-29,1/3焦煤,大连港,鹤岗市,,0.25,7.50,18.00,70.00,1560.00,0.00,平仓价,4191,2024-11-29 00:00:00,1,0,2024-11-29 23:10:30,0,2024-11-29 23:10:30,,,
2024-12-02,1/3焦煤,大连港,俄罗斯,,0.75,8.50,33.00,80.00,1320.00,0.00,平仓价,4192,2024-12-02 00:00:00,1,0,2024-12-02 23:10:26,0,2024-12-02 23:10:26,,,
2024-12-02,1/3焦煤,大连港,鹤岗市,,0.25,7.50,18.00,70.00,1560.00,0.00,平仓价,4193,2024-12-02 00:00:00,1,0,2024-12-02 23:10:26,0,2024-12-02 23:10:26,,,
2024-12-03,1/3焦煤,大连港,俄罗斯,,0.75,8.50,33.00,80.00,1300.00,-20.00,平仓价,4194,2024-12-03 00:00:00,1,0,2024-12-03 23:10:31,0,2024-12-03 23:10:31,,,
2024-12-03,1/3焦煤,大连港,鹤岗市,,0.25,7.50,18.00,70.00,1560.00,0.00,平仓价,4195,2024-12-03 00:00:00,1,0,2024-12-03 23:10:31,0,2024-12-03 23:10:31,,,
2024-12-04,1/3焦煤,大连港,俄罗斯,,0.75,8.50,33.00,80.00,1300.00,0.00,平仓价,4196,2024-12-04 00:00:00,1,0,2024-12-04 23:10:24,0,2024-12-04 23:10:24,,,
2024-12-04,1/3焦煤,大连港,鹤岗市,,0.25,7.50,18.00,70.00,1560.00,0.00,平仓价,4197,2024-12-04 00:00:00,1,0,2024-12-04 23:10:24,0,2024-12-04 23:10:24,,,
2024-12-05,1/3焦煤,大连港,俄罗斯,,0.75,8.50,33.00,80.00,1300.00,0.00,平仓价,4198,2024-12-05 00:00:00,1,0,2024-12-05 23:11:18,0,2024-12-05 23:11:18,,,
2024-12-05,1/3焦煤,大连港,鹤岗市,,0.25,7.50,18.00,70.00,1560.00,0.00,平仓价,4199,2024-12-05 00:00:00,1,0,2024-12-05 23:11:18,0,2024-12-05 23:11:18,,,
2024-12-06,1/3焦煤,大连港,俄罗斯,,0.75,8.50,33.00,80.00,1280.00,-20.00,平仓价,4200,2024-12-06 00:00:00,1,0,2024-12-06 23:10:53,0,2024-12-06 23:10:53,,,
2024-12-06,1/3焦煤,大连港,鹤岗市,,0.25,7.50,18.00,70.00,1560.00,0.00,平仓价,4201,2024-12-06 00:00:00,1,0,2024-12-06 23:10:53,0,2024-12-06 23:10:53,,,
2024-12-09,1/3焦煤,大连港,俄罗斯,,0.75,8.50,33.00,80.00,1280.00,0.00,平仓价,4202,2024-12-09 00:00:00,1,0,2024-12-09 23:10:33,0,2024-12-09 23:10:33,,,
2024-12-09,1/3焦煤,大连港,鹤岗市,,0.25,7.50,18.00,70.00,1560.00,0.00,平仓价,4203,2024-12-09 00:00:00,1,0,2024-12-09 23:10:33,0,2024-12-09 23:10:33,,,
2024-12-10,1/3焦煤,大连港,俄罗斯,,0.75,8.50,33.00,80.00,1280.00,0.00,平仓价,4204,2024-12-10 00:00:00,1,0,2024-12-10 23:10:10,0,2024-12-10 23:10:10,,,
2024-12-10,1/3焦煤,大连港,鹤岗市,,0.25,7.50,18.00,70.00,1560.00,0.00,平仓价,4205,2024-12-10 00:00:00,1,0,2024-12-10 23:10:10,0,2024-12-10 23:10:10,,,
2024-12-11,1/3焦煤,大连港,俄罗斯,,0.75,8.50,33.00,80.00,1280.00,0.00,平仓价,4206,2024-12-11 00:00:00,1,0,2024-12-11 23:10:22,0,2024-12-11 23:10:22,,,
2024-12-11,1/3焦煤,大连港,鹤岗市,,0.25,7.50,18.00,70.00,1560.00,0.00,平仓价,4207,2024-12-11 00:00:00,1,0,2024-12-11 23:10:22,0,2024-12-11 23:10:22,,,
2024-12-12,1/3焦煤,大连港,俄罗斯,,0.75,8.50,33.00,80.00,1280.00,0.00,平仓价,4208,2024-12-12 00:00:00,1,0,2024-12-12 23:10:30,0,2024-12-12 23:10:30,,,
2024-12-12,1/3焦煤,大连港,鹤岗市,,0.25,7.50,18.00,70.00,1560.00,0.00,平仓价,4209,2024-12-12 00:00:00,1,0,2024-12-12 23:10:30,0,2024-12-12 23:10:30,,,
2024-12-13,1/3焦煤,大连港,俄罗斯,,0.75,8.50,33.00,80.00,1280.00,0.00,平仓价,4210,2024-12-13 00:00:00,1,0,2024-12-13 23:10:20,0,2024-12-13 23:10:20,,,
2024-12-13,1/3焦煤,大连港,鹤岗市,,0.25,7.50,18.00,70.00,1560.00,0.00,平仓价,4211,2024-12-13 00:00:00,1,0,2024-12-13 23:10:20,0,2024-12-13 23:10:20,,,
2024-12-16,1/3焦煤,大连港,俄罗斯,,0.75,8.50,33.00,80.00,1280.00,0.00,平仓价,4212,2024-12-16 00:00:00,1,0,2024-12-16 23:10:31,0,2024-12-16 23:10:31,,,
2024-12-16,1/3焦煤,大连港,鹤岗市,,0.25,7.50,18.00,70.00,1560.00,0.00,平仓价,4213,2024-12-16 00:00:00,1,0,2024-12-16 23:10:31,0,2024-12-16 23:10:31,,,
2024-12-17,1/3焦煤,大连港,俄罗斯,,0.75,8.50,33.00,80.00,1265.00,-15.00,平仓价,4214,2024-12-17 00:00:00,1,0,2024-12-17 23:10:24,0,2024-12-17 23:10:24,,,
2024-12-17,1/3焦煤,大连港,鹤岗市,,0.25,7.50,18.00,70.00,1560.00,0.00,平仓价,4215,2024-12-17 00:00:00,1,0,2024-12-17 23:10:24,0,2024-12-17 23:10:24,,,
2024-12-18,1/3焦煤,大连港,俄罗斯,,0.75,8.50,33.00,80.00,1265.00,0.00,平仓价,4216,2024-12-18 00:00:00,1,0,2024-12-18 23:10:21,0,2024-12-18 23:10:21,,,
2024-12-18,1/3焦煤,大连港,鹤岗市,,0.25,7.50,18.00,70.00,1560.00,0.00,平仓价,4217,2024-12-18 00:00:00,1,0,2024-12-18 23:10:21,0,2024-12-18 23:10:21,,,
2024-12-19,1/3焦煤,大连港,俄罗斯,,0.75,8.50,33.00,80.00,1265.00,0.00,平仓价,4218,2024-12-19 00:00:00,1,0,2024-12-19 23:10:27,0,2024-12-19 23:10:27,,,
2024-12-19,1/3焦煤,大连港,鹤岗市,,0.25,7.50,18.00,70.00,1560.00,0.00,平仓价,4219,2024-12-19 00:00:00,1,0,2024-12-19 23:10:27,0,2024-12-19 23:10:27,,,
2024-12-20,1/3焦煤,大连港,俄罗斯,,0.75,8.50,33.00,80.00,1245.00,-20.00,平仓价,4220,2024-12-20 00:00:00,1,0,2024-12-20 23:10:37,0,2024-12-20 23:10:37,,,
2024-12-20,1/3焦煤,大连港,鹤岗市,,0.25,7.50,18.00,70.00,1560.00,0.00,平仓价,4221,2024-12-20 00:00:00,1,0,2024-12-20 23:10:37,0,2024-12-20 23:10:37,,,
2024-12-23,1/3焦煤,大连港,俄罗斯,,0.75,8.50,33.00,80.00,1230.00,-15.00,平仓价,4222,2024-12-23 00:00:00,1,0,2024-12-23 23:10:22,0,2024-12-23 23:10:22,,,
2024-12-23,1/3焦煤,大连港,鹤岗市,,0.25,7.50,18.00,70.00,1560.00,0.00,平仓价,4223,2024-12-23 00:00:00,1,0,2024-12-23 23:10:22,0,2024-12-23 23:10:22,,,
2024-12-24,1/3焦煤,大连港,俄罗斯,,0.75,8.50,33.00,80.00,1210.00,-20.00,平仓价,4224,2024-12-24 00:00:00,1,0,2024-12-24 23:10:14,0,2024-12-24 23:10:14,,,
2024-12-24,1/3焦煤,大连港,鹤岗市,,0.25,7.50,18.00,70.00,1560.00,0.00,平仓价,4225,2024-12-24 00:00:00,1,0,2024-12-24 23:10:14,0,2024-12-24 23:10:14,,,
2024-12-25,1/3焦煤,大连港,俄罗斯,,0.75,8.50,33.00,80.00,1200.00,-10.00,平仓价,4226,2024-12-25 00:00:00,1,0,2024-12-25 23:10:31,0,2024-12-25 23:10:31,,,
2024-12-25,1/3焦煤,大连港,鹤岗市,,0.25,7.50,18.00,70.00,1560.00,0.00,平仓价,4227,2024-12-25 00:00:00,1,0,2024-12-25 23:10:31,0,2024-12-25 23:10:31,,,
2024-12-26,1/3焦煤,大连港,俄罗斯,,0.75,8.50,33.00,80.00,1180.00,-20.00,平仓价,4228,2024-12-26 00:00:00,1,0,2024-12-26 23:10:17,0,2024-12-26 23:10:17,,,
2024-12-26,1/3焦煤,大连港,鹤岗市,,0.25,7.50,18.00,70.00,1560.00,0.00,平仓价,4229,2024-12-26 00:00:00,1,0,2024-12-26 23:10:17,0,2024-12-26 23:10:17,,,
2024-12-27,1/3焦煤,大连港,俄罗斯,,0.75,8.50,33.00,80.00,1180.00,0.00,平仓价,4230,2024-12-27 00:00:00,1,0,2024-12-27 23:10:25,0,2024-12-27 23:10:25,,,
2024-12-27,1/3焦煤,大连港,鹤岗市,,0.25,7.50,18.00,70.00,1560.00,0.00,平仓价,4231,2024-12-27 00:00:00,1,0,2024-12-27 23:10:25,0,2024-12-27 23:10:25,,,
2024-12-30,1/3焦煤,大连港,俄罗斯,,0.75,8.50,33.00,80.00,1180.00,0.00,平仓价,4232,2024-12-30 00:00:00,1,0,2024-12-30 23:10:36,0,2024-12-30 23:10:36,,,
2024-12-30,1/3焦煤,大连港,鹤岗市,,0.25,7.50,18.00,70.00,1560.00,0.00,平仓价,4233,2024-12-30 00:00:00,1,0,2024-12-30 23:10:36,0,2024-12-30 23:10:36,,,
2024-12-31,1/3焦煤,大连港,俄罗斯,,0.75,8.50,33.00,80.00,1180.00,0.00,平仓价,4234,2024-12-31 00:00:00,1,0,2024-12-31 23:10:29,0,2024-12-31 23:10:29,,,
2024-12-31,1/3焦煤,大连港,鹤岗市,,0.25,7.50,18.00,70.00,1560.00,0.00,平仓价,4235,2024-12-31 00:00:00,1,0,2024-12-31 23:10:29,0,2024-12-31 23:10:29,,,
2025-01-02,1/3焦煤,大连港,俄罗斯,,0.75,8.50,33.00,80.00,1180.00,0.00,平仓价,4236,2025-01-02 00:00:00,1,0,2025-01-02 23:10:23,0,2025-01-02 23:10:23,,,
2025-01-02,1/3焦煤,大连港,鹤岗市,,0.25,7.50,18.00,70.00,1560.00,0.00,平仓价,4237,2025-01-02 00:00:00,1,0,2025-01-02 23:10:23,0,2025-01-02 23:10:23,,,
2025-01-03,1/3焦煤,大连港,俄罗斯,,0.75,8.50,33.00,80.00,1180.00,0.00,平仓价,4238,2025-01-03 00:00:00,1,0,2025-01-03 23:10:27,0,2025-01-03 23:10:27,,,
2025-01-03,1/3焦煤,大连港,鹤岗市,,0.25,7.50,18.00,70.00,1560.00,0.00,平仓价,4239,2025-01-03 00:00:00,1,0,2025-01-03 23:10:27,0,2025-01-03 23:10:27,,,
2025-01-06,1/3焦煤,大连港,俄罗斯,,0.75,8.50,33.00,80.00,1180.00,0.00,平仓价,4240,2025-01-06 00:00:00,1,0,2025-01-06 23:10:27,0,2025-01-06 23:10:27,,,
2025-01-06,1/3焦煤,大连港,鹤岗市,,0.25,7.50,18.00,70.00,1560.00,0.00,平仓价,4241,2025-01-06 00:00:00,1,0,2025-01-06 23:10:27,0,2025-01-06 23:10:27,,,
2025-01-07,1/3焦煤,大连港,俄罗斯,,0.75,8.50,33.00,80.00,1180.00,0.00,平仓价,4242,2025-01-07 00:00:00,1,0,2025-01-07 23:10:15,0,2025-01-07 23:10:15,,,
2025-01-07,1/3焦煤,大连港,鹤岗市,,0.25,7.50,18.00,70.00,1560.00,0.00,平仓价,4243,2025-01-07 00:00:00,1,0,2025-01-07 23:10:15,0,2025-01-07 23:10:15,,,
2025-01-08,1/3焦煤,大连港,俄罗斯,,0.75,8.50,33.00,80.00,1180.00,0.00,平仓价,4244,2025-01-08 00:00:00,1,0,2025-01-08 23:10:20,0,2025-01-08 23:10:20,,,
2025-01-08,1/3焦煤,大连港,鹤岗市,,0.25,7.50,18.00,70.00,1560.00,0.00,平仓价,4245,2025-01-08 00:00:00,1,0,2025-01-08 23:10:20,0,2025-01-08 23:10:20,,,
2025-01-09,1/3焦煤,大连港,俄罗斯,,0.75,8.50,33.00,80.00,1180.00,0.00,平仓价,4246,2025-01-09 00:00:00,1,0,2025-01-09 23:09:57,0,2025-01-09 23:09:57,,,
2025-01-09,1/3焦煤,大连港,鹤岗市,,0.25,7.50,18.00,70.00,1560.00,0.00,平仓价,4247,2025-01-09 00:00:00,1,0,2025-01-09 23:09:57,0,2025-01-09 23:09:57,,,
2025-01-10,1/3焦煤,大连港,俄罗斯,,0.75,8.50,33.00,80.00,1175.00,-5.00,平仓价,4248,2025-01-10 00:00:00,1,0,2025-01-10 23:10:12,0,2025-01-10 23:10:12,,,
2025-01-10,1/3焦煤,大连港,鹤岗市,,0.25,7.50,18.00,70.00,1560.00,0.00,平仓价,4249,2025-01-10 00:00:00,1,0,2025-01-10 23:10:12,0,2025-01-10 23:10:12,,,
2025-01-13,1/3焦煤,大连港,俄罗斯,,0.75,8.50,33.00,80.00,1175.00,0.00,平仓价,4250,2025-01-13 00:00:00,1,0,2025-01-13 23:10:31,0,2025-01-13 23:10:31,,,
2025-01-13,1/3焦煤,大连港,鹤岗市,,0.25,7.50,18.00,70.00,1560.00,0.00,平仓价,4251,2025-01-13 00:00:00,1,0,2025-01-13 23:10:31,0,2025-01-13 23:10:31,,,
2025-01-14,1/3焦煤,大连港,俄罗斯,,0.75,8.50,33.00,80.00,1175.00,0.00,平仓价,4252,2025-01-14 00:00:00,1,0,2025-01-14 23:10:27,0,2025-01-14 23:10:27,,,
2025-01-14,1/3焦煤,大连港,鹤岗市,,0.25,7.50,18.00,70.00,1560.00,0.00,平仓价,4253,2025-01-14 00:00:00,1,0,2025-01-14 23:10:27,0,2025-01-14 23:10:27,,,
2025-01-15,1/3焦煤,大连港,俄罗斯,,0.75,8.50,33.00,80.00,1175.00,0.00,平仓价,4254,2025-01-15 00:00:00,1,0,2025-01-15 23:11:07,0,2025-01-15 23:11:07,,,
2025-01-15,1/3焦煤,大连港,鹤岗市,,0.25,7.50,18.00,70.00,1560.00,0.00,平仓价,4255,2025-01-15 00:00:00,1,0,2025-01-15 23:11:07,0,2025-01-15 23:11:07,,,
2025-01-16,1/3焦煤,大连港,俄罗斯,,0.75,8.50,33.00,80.00,1175.00,0.00,平仓价,4256,2025-01-16 00:00:00,1,0,2025-01-16 23:10:10,0,2025-01-16 23:10:10,,,
2025-01-16,1/3焦煤,大连港,鹤岗市,,0.25,7.50,18.00,70.00,1560.00,0.00,平仓价,4257,2025-01-16 00:00:00,1,0,2025-01-16 23:10:10,0,2025-01-16 23:10:10,,,
2025-01-17,1/3焦煤,大连港,俄罗斯,,0.75,8.50,33.00,80.00,1180.00,5.00,平仓价,4258,2025-01-17 00:00:00,1,0,2025-01-17 23:10:18,0,2025-01-17 23:10:18,,,
2025-01-17,1/3焦煤,大连港,鹤岗市,,0.25,7.50,18.00,70.00,1560.00,0.00,平仓价,4259,2025-01-17 00:00:00,1,0,2025-01-17 23:10:18,0,2025-01-17 23:10:18,,,
2025-01-20,1/3焦煤,大连港,俄罗斯,,0.75,8.50,33.00,80.00,1190.00,10.00,平仓价,4260,2025-01-20 00:00:00,1,0,2025-01-20 23:10:23,0,2025-01-20 23:10:23,,,
2025-01-20,1/3焦煤,大连港,鹤岗市,,0.25,7.50,18.00,70.00,1560.00,0.00,平仓价,4261,2025-01-20 00:00:00,1,0,2025-01-20 23:10:23,0,2025-01-20 23:10:23,,,
2025-01-21,1/3焦煤,大连港,俄罗斯,,0.75,8.50,33.00,80.00,1190.00,0.00,平仓价,4262,2025-01-21 00:00:00,1,0,2025-01-21 23:10:14,0,2025-01-21 23:10:14,,,
2025-01-21,1/3焦煤,大连港,鹤岗市,,0.25,7.50,18.00,70.00,1480.00,-80.00,平仓价,4263,2025-01-21 00:00:00,1,0,2025-01-21 23:10:14,0,2025-01-21 23:10:14,,,
2025-01-22,1/3焦煤,大连港,俄罗斯,,0.75,8.50,33.00,80.00,1190.00,0.00,平仓价,4264,2025-01-22 00:00:00,1,0,2025-01-22 23:10:19,0,2025-01-22 23:10:19,,,
2025-01-22,1/3焦煤,大连港,鹤岗市,,0.25,7.50,18.00,70.00,1480.00,0.00,平仓价,4265,2025-01-22 00:00:00,1,0,2025-01-22 23:10:19,0,2025-01-22 23:10:19,,,
2025-01-23,1/3焦煤,大连港,俄罗斯,,0.75,8.50,33.00,80.00,1180.00,-10.00,平仓价,4266,2025-01-23 00:00:00,1,0,2025-01-23 23:10:21,0,2025-01-23 23:10:21,,,
2025-01-23,1/3焦煤,大连港,鹤岗市,,0.25,7.50,18.00,70.00,1480.00,0.00,平仓价,4267,2025-01-23 00:00:00,1,0,2025-01-23 23:10:21,0,2025-01-23 23:10:21,,,
2025-01-24,1/3焦煤,大连港,俄罗斯,,0.75,8.50,33.00,80.00,1180.00,0.00,平仓价,4268,2025-01-24 00:00:00,1,0,2025-01-24 23:10:18,0,2025-01-24 23:10:18,,,
2025-01-24,1/3焦煤,大连港,鹤岗市,,0.25,7.50,18.00,70.00,1480.00,0.00,平仓价,4269,2025-01-24 00:00:00,1,0,2025-01-24 23:10:18,0,2025-01-24 23:10:18,,,
2025-01-26,1/3焦煤,大连港,俄罗斯,,0.75,8.50,33.00,80.00,1180.00,0.00,平仓价,4270,2025-01-26 00:00:00,1,0,2025-01-26 23:10:22,0,2025-01-26 23:10:22,,,
2025-01-26,1/3焦煤,大连港,鹤岗市,,0.25,7.50,18.00,70.00,1480.00,0.00,平仓价,4271,2025-01-26 00:00:00,1,0,2025-01-26 23:10:22,0,2025-01-26 23:10:22,,,
2025-01-27,1/3焦煤,大连港,俄罗斯,,0.75,8.50,33.00,80.00,1180.00,0.00,平仓价,4272,2025-01-27 00:00:00,1,0,2025-02-04 23:10:20,0,2025-02-04 23:10:20,,,
2025-01-27,1/3焦煤,大连港,鹤岗市,,0.25,7.50,18.00,70.00,1480.00,0.00,平仓价,4273,2025-01-27 00:00:00,1,0,2025-02-04 23:10:20,0,2025-02-04 23:10:20,,,
2025-02-05,1/3焦煤,大连港,俄罗斯,,0.75,8.50,33.00,80.00,1180.00,0.00,平仓价,4274,2025-02-05 00:00:00,1,0,2025-02-05 23:10:23,0,2025-02-05 23:10:23,,,
2025-02-05,1/3焦煤,大连港,鹤岗市,,0.25,7.50,18.00,70.00,1480.00,0.00,平仓价,4275,2025-02-05 00:00:00,1,0,2025-02-05 23:10:23,0,2025-02-05 23:10:23,,,
2025-02-06,1/3焦煤,大连港,俄罗斯,,0.75,8.50,33.00,80.00,1180.00,0.00,平仓价,4276,2025-02-06 00:00:00,1,0,2025-02-06 23:10:16,0,2025-02-06 23:10:16,,,
2025-02-06,1/3焦煤,大连港,鹤岗市,,0.25,7.50,18.00,70.00,1480.00,0.00,平仓价,4277,2025-02-06 00:00:00,1,0,2025-02-06 23:10:16,0,2025-02-06 23:10:16,,,
2025-02-07,1/3焦煤,大连港,俄罗斯,,0.75,8.50,33.00,80.00,1180.00,0.00,平仓价,4278,2025-02-07 00:00:00,1,0,2025-02-07 23:10:02,0,2025-02-07 23:10:02,,,
2025-02-07,1/3焦煤,大连港,鹤岗市,,0.25,7.50,18.00,70.00,1480.00,0.00,平仓价,4279,2025-02-07 00:00:00,1,0,2025-02-07 23:10:02,0,2025-02-07 23:10:02,,,
2025-02-08,1/3焦煤,大连港,俄罗斯,,0.75,8.50,33.00,80.00,1200.00,20.00,平仓价,4280,2025-02-08 00:00:00,1,0,2025-02-08 23:10:11,0,2025-02-08 23:10:11,,,
2025-02-08,1/3焦煤,大连港,鹤岗市,,0.25,7.50,18.00,70.00,1480.00,0.00,平仓价,4281,2025-02-08 00:00:00,1,0,2025-02-08 23:10:11,0,2025-02-08 23:10:11,,,
2025-02-10,1/3焦煤,大连港,俄罗斯,,0.75,8.50,33.00,80.00,1200.00,0.00,平仓价,4282,2025-02-10 00:00:00,1,0,2025-02-10 23:10:09,0,2025-02-10 23:10:09,,,
2025-02-10,1/3焦煤,大连港,鹤岗市,,0.25,7.50,18.00,70.00,1480.00,0.00,平仓价,4283,2025-02-10 00:00:00,1,0,2025-02-10 23:10:09,0,2025-02-10 23:10:09,,,
2025-02-11,1/3焦煤,大连港,俄罗斯,,0.75,8.50,33.00,80.00,1190.00,-10.00,平仓价,4284,2025-02-11 00:00:00,1,0,2025-02-11 23:10:21,0,2025-02-11 23:10:21,,,
2025-02-11,1/3焦煤,大连港,鹤岗市,,0.25,7.50,18.00,70.00,1480.00,0.00,平仓价,4285,2025-02-11 00:00:00,1,0,2025-02-11 23:10:21,0,2025-02-11 23:10:21,,,
2025-02-12,1/3焦煤,大连港,俄罗斯,,0.75,8.50,33.00,80.00,1175.00,-15.00,平仓价,4286,2025-02-12 00:00:00,1,0,2025-02-12 23:10:22,0,2025-02-12 23:10:22,,,
2025-02-12,1/3焦煤,大连港,鹤岗市,,0.25,7.50,18.00,70.00,1480.00,0.00,平仓价,4287,2025-02-12 00:00:00,1,0,2025-02-12 23:10:22,0,2025-02-12 23:10:22,,,
2025-02-13,1/3焦煤,大连港,俄罗斯,,0.75,8.50,33.00,80.00,1175.00,0.00,平仓价,4288,2025-02-13 00:00:00,1,0,2025-02-13 23:10:15,0,2025-02-13 23:10:15,,,
2025-02-13,1/3焦煤,大连港,鹤岗市,,0.25,7.50,18.00,70.00,1480.00,0.00,平仓价,4289,2025-02-13 00:00:00,1,0,2025-02-13 23:10:15,0,2025-02-13 23:10:15,,,
2025-02-14,1/3焦煤,大连港,俄罗斯,,0.75,8.50,33.00,80.00,1155.00,-20.00,平仓价,4290,2025-02-14 00:00:00,1,0,2025-02-14 23:10:31,0,2025-02-14 23:10:31,,,
2025-02-14,1/3焦煤,大连港,鹤岗市,,0.25,7.50,18.00,70.00,1480.00,0.00,平仓价,4291,2025-02-14 00:00:00,1,0,2025-02-14 23:10:31,0,2025-02-14 23:10:31,,,
2025-02-17,1/3焦煤,大连港,俄罗斯,,0.75,8.50,33.00,80.00,1155.00,0.00,平仓价,4292,2025-02-17 00:00:00,1,0,2025-02-17 23:10:12,0,2025-02-17 23:10:12,,,
2025-02-17,1/3焦煤,大连港,鹤岗市,,0.25,7.50,18.00,70.00,1480.00,0.00,平仓价,4293,2025-02-17 00:00:00,1,0,2025-02-17 23:10:12,0,2025-02-17 23:10:12,,,
2025-02-18,1/3焦煤,大连港,俄罗斯,,0.75,8.50,33.00,80.00,1155.00,0.00,平仓价,4294,2025-02-18 00:00:00,1,0,2025-02-18 23:10:14,0,2025-02-18 23:10:14,,,
2025-02-18,1/3焦煤,大连港,鹤岗市,,0.25,7.50,18.00,70.00,1480.00,0.00,平仓价,4295,2025-02-18 00:00:00,1,0,2025-02-18 23:10:14,0,2025-02-18 23:10:14,,,
2025-02-19,1/3焦煤,大连港,俄罗斯,,0.75,8.50,33.00,80.00,1155.00,0.00,平仓价,4296,2025-02-19 00:00:00,1,0,2025-02-19 23:10:31,0,2025-02-19 23:10:31,,,
2025-02-19,1/3焦煤,大连港,鹤岗市,,0.25,7.50,18.00,70.00,1480.00,0.00,平仓价,4297,2025-02-19 00:00:00,1,0,2025-02-19 23:10:31,0,2025-02-19 23:10:31,,,
2025-02-20,1/3焦煤,大连港,俄罗斯,,0.75,8.50,33.00,80.00,1155.00,0.00,平仓价,4298,2025-02-20 00:00:00,1,0,2025-02-20 23:10:40,0,2025-02-20 23:10:40,,,
2025-02-20,1/3焦煤,大连港,鹤岗市,,0.25,7.50,18.00,70.00,1480.00,0.00,平仓价,4299,2025-02-20 00:00:00,1,0,2025-02-20 23:10:40,0,2025-02-20 23:10:40,,,
2025-02-21,1/3焦煤,大连港,俄罗斯,,0.75,8.50,33.00,80.00,1180.00,25.00,平仓价,4300,2025-02-21 00:00:00,1,0,2025-02-21 23:10:11,0,2025-02-21 23:10:11,,,
2025-02-21,1/3焦煤,大连港,鹤岗市,,0.25,7.50,18.00,70.00,1480.00,0.00,平仓价,4301,2025-02-21 00:00:00,1,0,2025-02-21 23:10:11,0,2025-02-21 23:10:11,,,
2025-02-24,1/3焦煤,大连港,俄罗斯,,0.75,8.50,33.00,80.00,1180.00,0.00,平仓价,4302,2025-02-24 00:00:00,1,0,2025-02-24 23:10:11,0,2025-02-24 23:10:11,,,
2025-02-24,1/3焦煤,大连港,鹤岗市,,0.25,7.50,18.00,70.00,1480.00,0.00,平仓价,4303,2025-02-24 00:00:00,1,0,2025-02-24 23:10:11,0,2025-02-24 23:10:11,,,
2025-02-25,1/3焦煤,大连港,俄罗斯,,0.75,8.50,33.00,80.00,1165.00,-15.00,平仓价,4304,2025-02-25 00:00:00,1,0,2025-02-25 23:10:27,0,2025-02-25 23:10:27,,,
2025-02-25,1/3焦煤,大连港,鹤岗市,,0.25,7.50,18.00,70.00,1480.00,0.00,平仓价,4305,2025-02-25 00:00:00,1,0,2025-02-25 23:10:27,0,2025-02-25 23:10:27,,,
2025-02-26,1/3焦煤,大连港,俄罗斯,,0.75,8.50,33.00,80.00,1155.00,-10.00,平仓价,4306,2025-02-26 00:00:00,1,0,2025-02-26 23:10:12,0,2025-02-26 23:10:12,,,
2025-02-26,1/3焦煤,大连港,鹤岗市,,0.25,7.50,18.00,70.00,1480.00,0.00,平仓价,4307,2025-02-26 00:00:00,1,0,2025-02-26 23:10:12,0,2025-02-26 23:10:12,,,
2025-02-27,1/3焦煤,大连港,俄罗斯,,0.75,8.50,33.00,80.00,1155.00,0.00,平仓价,4308,2025-02-27 00:00:00,1,0,2025-02-27 23:10:00,0,2025-02-27 23:10:00,,,
2025-02-27,1/3焦煤,大连港,鹤岗市,,0.25,7.50,18.00,70.00,1480.00,0.00,平仓价,4309,2025-02-27 00:00:00,1,0,2025-02-27 23:10:00,0,2025-02-27 23:10:00,,,
2025-02-28,1/3焦煤,大连港,俄罗斯,,0.75,8.50,33.00,80.00,1155.00,0.00,平仓价,4310,2025-02-28 00:00:00,1,0,2025-02-28 23:10:25,0,2025-02-28 23:10:25,,,
2025-02-28,1/3焦煤,大连港,鹤岗市,,0.25,7.50,18.00,70.00,1480.00,0.00,平仓价,4311,2025-02-28 00:00:00,1,0,2025-02-28 23:10:25,0,2025-02-28 23:10:25,,,
2025-03-03,1/3焦煤,大连港,俄罗斯,,0.75,8.50,33.00,80.00,1155.00,0.00,平仓价,4312,2025-03-03 00:00:00,1,0,2025-03-03 23:10:16,0,2025-03-03 23:10:16,,,
2025-03-03,1/3焦煤,大连港,鹤岗市,,0.25,7.50,18.00,70.00,1480.00,0.00,平仓价,4313,2025-03-03 00:00:00,1,0,2025-03-03 23:10:16,0,2025-03-03 23:10:16,,,
2025-03-04,1/3焦煤,大连港,俄罗斯,,0.75,8.50,33.00,80.00,1155.00,0.00,平仓价,4314,2025-03-04 00:00:00,1,0,2025-03-04 23:10:26,0,2025-03-04 23:10:26,,,
2025-03-04,1/3焦煤,大连港,鹤岗市,,0.25,7.50,18.00,70.00,1480.00,0.00,平仓价,4315,2025-03-04 00:00:00,1,0,2025-03-04 23:10:26,0,2025-03-04 23:10:26,,,
2025-03-05,1/3焦煤,大连港,俄罗斯,,0.75,8.50,33.00,80.00,1155.00,0.00,平仓价,4316,2025-03-05 00:00:00,1,0,2025-03-05 23:10:31,0,2025-03-05 23:10:31,,,
2025-03-05,1/3焦煤,大连港,鹤岗市,,0.25,7.50,18.00,70.00,1480.00,0.00,平仓价,4317,2025-03-05 00:00:00,1,0,2025-03-05 23:10:31,0,2025-03-05 23:10:31,,,
2025-03-06,1/3焦煤,大连港,俄罗斯,,0.75,8.50,33.00,80.00,1140.00,-15.00,平仓价,4318,2025-03-06 00:00:00,1,0,2025-03-06 23:10:20,0,2025-03-06 23:10:20,,,
2025-03-06,1/3焦煤,大连港,鹤岗市,,0.25,7.50,18.00,70.00,1480.00,0.00,平仓价,4319,2025-03-06 00:00:00,1,0,2025-03-06 23:10:20,0,2025-03-06 23:10:20,,,
2025-03-07,1/3焦煤,大连港,鹤岗市,,0.25,7.50,18.00,70.00,1480.00,0.00,平仓价,4320,2025-03-07 00:00:00,1,0,2025-03-07 23:10:37,0,2025-03-07 23:10:37,,,
2025-03-07,1/3焦煤,大连港,俄罗斯,,0.75,8.50,33.00,80.00,1140.00,0.00,平仓价,4321,2025-03-07 00:00:00,1,0,2025-03-07 23:10:37,0,2025-03-07 23:10:37,,,
2025-03-10,1/3焦煤,大连港,俄罗斯,,0.75,8.50,33.00,80.00,1145.00,5.00,平仓价,4322,2025-03-10 00:00:00,1,0,2025-03-10 23:10:34,0,2025-03-10 23:10:34,,,
2025-03-10,1/3焦煤,大连港,鹤岗市,,0.25,7.50,18.00,70.00,1480.00,0.00,平仓价,4323,2025-03-10 00:00:00,1,0,2025-03-10 23:10:34,0,2025-03-10 23:10:34,,,
2025-03-11,1/3焦煤,大连港,俄罗斯,,0.75,8.50,33.00,80.00,1145.00,0.00,平仓价,4324,2025-03-11 00:00:00,1,0,2025-03-11 23:10:30,0,2025-03-11 23:10:30,,,
2025-03-11,1/3焦煤,大连港,鹤岗市,,0.25,7.50,18.00,70.00,1480.00,0.00,平仓价,4325,2025-03-11 00:00:00,1,0,2025-03-11 23:10:30,0,2025-03-11 23:10:30,,,
2025-03-12,1/3焦煤,大连港,俄罗斯,,0.75,8.50,33.00,80.00,1130.00,-15.00,平仓价,4326,2025-03-12 00:00:00,1,0,2025-03-12 23:10:35,0,2025-03-12 23:10:35,,,
2025-03-12,1/3焦煤,大连港,鹤岗市,,0.25,7.50,18.00,70.00,1480.00,0.00,平仓价,4327,2025-03-12 00:00:00,1,0,2025-03-12 23:10:35,0,2025-03-12 23:10:35,,,
2025-03-13,1/3焦煤,大连港,俄罗斯,,0.75,8.50,33.00,80.00,1140.00,10.00,平仓价,4328,2025-03-13 00:00:00,1,0,2025-03-13 23:10:18,0,2025-03-13 23:10:18,,,
2025-03-13,1/3焦煤,大连港,鹤岗市,,0.25,7.50,18.00,70.00,1480.00,0.00,平仓价,4329,2025-03-13 00:00:00,1,0,2025-03-13 23:10:18,0,2025-03-13 23:10:18,,,
2025-03-14,1/3焦煤,大连港,俄罗斯,,0.75,8.50,33.00,80.00,1140.00,0.00,平仓价,4330,2025-03-14 00:00:00,1,0,2025-03-14 23:01:49,0,2025-03-14 23:01:49,,,
2025-03-14,1/3焦煤,大连港,鹤岗市,,0.25,7.50,18.00,70.00,1480.00,0.00,平仓价,4331,2025-03-14 00:00:00,1,0,2025-03-14 23:01:49,0,2025-03-14 23:01:49,,,
2025-03-17,1/3焦煤,大连港,俄罗斯,,0.75,8.50,33.00,80.00,1140.00,0.00,平仓价,4332,2025-03-17 00:00:00,1,0,2025-03-17 23:10:19,0,2025-03-17 23:10:19,,,
2025-03-17,1/3焦煤,大连港,鹤岗市,,0.25,7.50,18.00,70.00,1480.00,0.00,平仓价,4333,2025-03-17 00:00:00,1,0,2025-03-17 23:10:19,0,2025-03-17 23:10:19,,,
2025-03-18,1/3焦煤,大连港,俄罗斯,,0.75,8.50,33.00,80.00,1120.00,-20.00,平仓价,4334,2025-03-18 00:00:00,1,0,2025-03-18 23:10:09,0,2025-03-18 23:10:09,,,
2025-03-18,1/3焦煤,大连港,鹤岗市,,0.25,7.50,18.00,70.00,1480.00,0.00,平仓价,4335,2025-03-18 00:00:00,1,0,2025-03-18 23:10:09,0,2025-03-18 23:10:09,,,
2025-03-19,1/3焦煤,大连港,俄罗斯,,0.75,8.50,33.00,80.00,1100.00,-20.00,平仓价,4336,2025-03-19 00:00:00,1,0,2025-03-19 23:10:13,0,2025-03-19 23:10:13,,,
2025-03-19,1/3焦煤,大连港,鹤岗市,,0.25,7.50,18.00,70.00,1330.00,-150.00,平仓价,4337,2025-03-19 00:00:00,1,0,2025-03-19 23:10:13,0,2025-03-19 23:10:13,,,
2025-03-20,1/3焦煤,大连港,俄罗斯,,0.75,8.50,33.00,80.00,1080.00,-20.00,平仓价,4338,2025-03-20 00:00:00,1,0,2025-03-20 23:10:22,0,2025-03-20 23:10:22,,,
2025-03-20,1/3焦煤,大连港,鹤岗市,,0.25,7.50,18.00,70.00,1330.00,0.00,平仓价,4339,2025-03-20 00:00:00,1,0,2025-03-20 23:10:22,0,2025-03-20 23:10:22,,,
2025-03-21,1/3焦煤,大连港,俄罗斯,,0.75,8.50,33.00,80.00,1080.00,0.00,平仓价,4340,2025-03-21 00:00:00,1,0,2025-03-21 23:10:09,0,2025-03-21 23:10:09,,,
2025-03-21,1/3焦煤,大连港,鹤岗市,,0.25,7.50,18.00,70.00,1330.00,0.00,平仓价,4341,2025-03-21 00:00:00,1,0,2025-03-21 23:10:09,0,2025-03-21 23:10:09,,,
2025-03-24,1/3焦煤,大连港,俄罗斯,,0.75,8.50,33.00,80.00,1080.00,0.00,平仓价,4342,2025-03-24 00:00:00,1,0,2025-03-24 23:10:26,0,2025-03-24 23:10:26,,,
2025-03-24,1/3焦煤,大连港,鹤岗市,,0.25,7.50,18.00,70.00,1330.00,0.00,平仓价,4343,2025-03-24 00:00:00,1,0,2025-03-24 23:10:26,0,2025-03-24 23:10:26,,,
2025-03-25,1/3焦煤,大连港,俄罗斯,,0.75,8.50,33.00,80.00,1080.00,0.00,平仓价,4344,2025-03-25 00:00:00,1,0,2025-03-25 23:10:14,0,2025-03-25 23:10:14,,,
2025-03-25,1/3焦煤,大连港,鹤岗市,,0.25,7.50,18.00,70.00,1330.00,0.00,平仓价,4345,2025-03-25 00:00:00,1,0,2025-03-25 23:10:14,0,2025-03-25 23:10:14,,,
2025-03-26,1/3焦煤,大连港,俄罗斯,,0.75,8.50,33.00,80.00,1080.00,0.00,平仓价,4346,2025-03-26 00:00:00,1,0,2025-03-26 23:10:15,0,2025-03-26 23:10:15,,,
2025-03-26,1/3焦煤,大连港,鹤岗市,,0.25,7.50,18.00,70.00,1330.00,0.00,平仓价,4347,2025-03-26 00:00:00,1,0,2025-03-26 23:10:15,0,2025-03-26 23:10:15,,,
2025-03-27,1/3焦煤,大连港,俄罗斯,,0.75,8.50,33.00,80.00,1080.00,0.00,平仓价,4348,2025-03-27 00:00:00,1,0,2025-03-27 23:10:04,0,2025-03-27 23:10:04,,,
2025-03-27,1/3焦煤,大连港,鹤岗市,,0.25,7.50,18.00,70.00,1330.00,0.00,平仓价,4349,2025-03-27 00:00:00,1,0,2025-03-27 23:10:04,0,2025-03-27 23:10:04,,,
2025-03-28,1/3焦煤,大连港,俄罗斯,,0.75,8.50,33.00,80.00,1080.00,0.00,平仓价,4350,2025-03-28 00:00:00,1,0,2025-03-28 23:10:13,0,2025-03-28 23:10:13,,,
2025-03-28,1/3焦煤,大连港,鹤岗市,,0.25,7.50,18.00,70.00,1330.00,0.00,平仓价,4351,2025-03-28 00:00:00,1,0,2025-03-28 23:10:13,0,2025-03-28 23:10:13,,,
2025-03-31,1/3焦煤,大连港,俄罗斯,,0.75,8.50,33.00,80.00,1080.00,0.00,平仓价,4352,2025-03-31 00:00:00,1,0,2025-03-31 23:10:13,0,2025-03-31 23:10:13,,,
2025-03-31,1/3焦煤,大连港,鹤岗市,,0.25,7.50,18.00,70.00,1330.00,0.00,平仓价,4353,2025-03-31 00:00:00,1,0,2025-03-31 23:10:13,0,2025-03-31 23:10:13,,,
2025-04-01,1/3焦煤,大连港,俄罗斯,,0.75,8.50,33.00,80.00,1080.00,0.00,平仓价,4354,2025-04-01 00:00:00,1,0,2025-04-01 23:10:18,0,2025-04-01 23:10:18,,,
2025-04-01,1/3焦煤,大连港,鹤岗市,,0.25,7.50,18.00,70.00,1330.00,0.00,平仓价,4355,2025-04-01 00:00:00,1,0,2025-04-01 23:10:18,0,2025-04-01 23:10:18,,,
2025-04-02,1/3焦煤,大连港,俄罗斯,,0.75,8.50,33.00,80.00,1080.00,0.00,平仓价,4356,2025-04-02 00:00:00,1,0,2025-04-02 23:10:20,0,2025-04-02 23:10:20,,,
2025-04-02,1/3焦煤,大连港,鹤岗市,,0.25,7.50,18.00,70.00,1330.00,0.00,平仓价,4357,2025-04-02 00:00:00,1,0,2025-04-02 23:10:20,0,2025-04-02 23:10:20,,,
2025-04-03,1/3焦煤,大连港,俄罗斯,,0.75,8.50,33.00,80.00,1080.00,0.00,平仓价,4358,2025-04-03 00:00:00,1,0,2025-04-03 23:10:13,0,2025-04-03 23:10:13,,,
2025-04-03,1/3焦煤,大连港,鹤岗市,,0.25,7.50,18.00,70.00,1330.00,0.00,平仓价,4359,2025-04-03 00:00:00,1,0,2025-04-03 23:10:13,0,2025-04-03 23:10:13,,,
2025-04-07,1/3焦煤,大连港,俄罗斯,,0.75,8.50,33.00,80.00,1080.00,0.00,平仓价,4360,2025-04-07 00:00:00,1,0,2025-04-07 23:10:25,0,2025-04-07 23:10:25,,,
2025-04-07,1/3焦煤,大连港,鹤岗市,,0.25,7.50,18.00,70.00,1330.00,0.00,平仓价,4361,2025-04-07 00:00:00,1,0,2025-04-07 23:10:25,0,2025-04-07 23:10:25,,,
2025-04-08,1/3焦煤,大连港,俄罗斯,,0.75,8.50,33.00,80.00,1080.00,0.00,平仓价,4362,2025-04-08 00:00:00,1,0,2025-04-08 23:10:21,0,2025-04-08 23:10:21,,,
2025-04-08,1/3焦煤,大连港,鹤岗市,,0.25,7.50,18.00,70.00,1330.00,0.00,平仓价,4363,2025-04-08 00:00:00,1,0,2025-04-08 23:10:21,0,2025-04-08 23:10:21,,,
2025-04-09,1/3焦煤,大连港,鹤岗市,,0.25,7.50,18.00,70.00,1330.00,0.00,平仓价,4364,2025-04-09 00:00:00,1,0,2025-04-09 23:10:26,0,2025-04-09 23:10:26,,,
2025-04-09,1/3焦煤,大连港,俄罗斯,,0.75,8.50,33.00,80.00,1080.00,0.00,平仓价,4365,2025-04-09 00:00:00,1,0,2025-04-09 23:10:26,0,2025-04-09 23:10:26,,,
2025-04-10,1/3焦煤,大连港,俄罗斯,,0.75,8.50,33.00,80.00,1080.00,0.00,平仓价,4366,2025-04-10 00:00:00,1,0,2025-04-10 23:10:27,0,2025-04-10 23:10:27,,,
2025-04-10,1/3焦煤,大连港,鹤岗市,,0.25,7.50,18.00,70.00,1330.00,0.00,平仓价,4367,2025-04-10 00:00:00,1,0,2025-04-10 23:10:27,0,2025-04-10 23:10:27,,,
2025-04-11,1/3焦煤,大连港,俄罗斯,,0.75,8.50,33.00,80.00,1080.00,0.00,平仓价,4368,2025-04-11 00:00:00,1,0,2025-04-11 23:10:31,0,2025-04-11 23:10:31,,,
2025-04-11,1/3焦煤,大连港,鹤岗市,,0.25,7.50,18.00,70.00,1330.00,0.00,平仓价,4369,2025-04-11 00:00:00,1,0,2025-04-11 23:10:31,0,2025-04-11 23:10:31,,,
2025-04-14,1/3焦煤,大连港,俄罗斯,,0.75,8.50,33.00,80.00,1080.00,0.00,平仓价,4370,2025-04-14 00:00:00,1,0,2025-04-14 23:10:11,0,2025-04-14 23:10:11,,,
2025-04-14,1/3焦煤,大连港,鹤岗市,,0.25,7.50,18.00,70.00,1330.00,0.00,平仓价,4371,2025-04-14 00:00:00,1,0,2025-04-14 23:10:11,0,2025-04-14 23:10:11,,,
2025-04-15,1/3焦煤,大连港,俄罗斯,,0.75,8.50,33.00,80.00,1080.00,0.00,平仓价,4372,2025-04-15 00:00:00,1,0,2025-04-15 23:10:34,0,2025-04-15 23:10:34,,,
2025-04-15,1/3焦煤,大连港,鹤岗市,,0.25,7.50,18.00,70.00,1330.00,0.00,平仓价,4373,2025-04-15 00:00:00,1,0,2025-04-15 23:10:34,0,2025-04-15 23:10:34,,,
2025-04-16,1/3焦煤,大连港,俄罗斯,,0.75,8.50,33.00,80.00,1080.00,0.00,平仓价,4374,2025-04-16 00:00:00,1,0,2025-04-16 23:10:19,0,2025-04-16 23:10:19,,,
2025-04-16,1/3焦煤,大连港,鹤岗市,,0.25,7.50,18.00,70.00,1330.00,0.00,平仓价,4375,2025-04-16 00:00:00,1,0,2025-04-16 23:10:19,0,2025-04-16 23:10:19,,,
2025-04-17,1/3焦煤,大连港,俄罗斯,,0.75,8.50,33.00,80.00,1080.00,0.00,平仓价,4376,2025-04-17 00:00:00,1,0,2025-04-17 23:10:20,0,2025-04-17 23:10:20,,,
2025-04-17,1/3焦煤,大连港,鹤岗市,,0.25,7.50,18.00,70.00,1330.00,0.00,平仓价,4377,2025-04-17 00:00:00,1,0,2025-04-17 23:10:20,0,2025-04-17 23:10:20,,,
2025-04-18,1/3焦煤,大连港,俄罗斯,,0.75,8.50,33.00,80.00,1080.00,0.00,平仓价,4378,2025-04-18 00:00:00,1,0,2025-04-18 23:10:34,0,2025-04-18 23:10:34,,,
2025-04-18,1/3焦煤,大连港,鹤岗市,,0.25,7.50,18.00,70.00,1330.00,0.00,平仓价,4379,2025-04-18 00:00:00,1,0,2025-04-18 23:10:34,0,2025-04-18 23:10:34,,,
2025-04-21,1/3焦煤,大连港,俄罗斯,,0.75,8.50,33.00,80.00,1080.00,0.00,平仓价,4380,2025-04-21 00:00:00,1,0,2025-04-21 23:10:24,0,2025-04-21 23:10:24,,,
2025-04-21,1/3焦煤,大连港,鹤岗市,,0.25,7.50,18.00,70.00,1330.00,0.00,平仓价,4381,2025-04-21 00:00:00,1,0,2025-04-21 23:10:24,0,2025-04-21 23:10:24,,,
2025-04-22,1/3焦煤,大连港,俄罗斯,,0.75,8.50,33.00,80.00,1080.00,0.00,平仓价,4382,2025-04-22 00:00:00,1,0,2025-04-22 23:10:08,0,2025-04-22 23:10:08,,,
2025-04-22,1/3焦煤,大连港,鹤岗市,,0.25,7.50,18.00,70.00,1330.00,0.00,平仓价,4383,2025-04-22 00:00:00,1,0,2025-04-22 23:10:08,0,2025-04-22 23:10:08,,,
2025-04-23,1/3焦煤,大连港,俄罗斯,,0.75,8.50,33.00,80.00,1070.00,-10.00,平仓价,4384,2025-04-23 00:00:00,1,0,2025-04-23 23:10:22,0,2025-04-23 23:10:22,,,
2025-04-23,1/3焦煤,大连港,鹤岗市,,0.25,7.50,18.00,70.00,1330.00,0.00,平仓价,4385,2025-04-23 00:00:00,1,0,2025-04-23 23:10:22,0,2025-04-23 23:10:22,,,
2025-04-24,1/3焦煤,大连港,俄罗斯,,0.75,8.50,33.00,80.00,1070.00,0.00,平仓价,4386,2025-04-24 00:00:00,1,0,2025-04-24 23:10:22,0,2025-04-24 23:10:22,,,
2025-04-24,1/3焦煤,大连港,鹤岗市,,0.25,7.50,18.00,70.00,1330.00,0.00,平仓价,4387,2025-04-24 00:00:00,1,0,2025-04-24 23:10:22,0,2025-04-24 23:10:22,,,
2025-04-25,1/3焦煤,大连港,俄罗斯,,0.75,8.50,33.00,80.00,1070.00,0.00,平仓价,4388,2025-04-25 00:00:00,1,0,2025-04-25 23:10:28,0,2025-04-25 23:10:28,,,
2025-04-25,1/3焦煤,大连港,鹤岗市,,0.25,7.50,18.00,70.00,1330.00,0.00,平仓价,4389,2025-04-25 00:00:00,1,0,2025-04-25 23:10:28,0,2025-04-25 23:10:28,,,
2025-04-27,1/3焦煤,大连港,俄罗斯,,0.75,8.50,33.00,80.00,1070.00,0.00,平仓价,4390,2025-04-27 00:00:00,1,0,2025-04-27 23:10:38,0,2025-04-27 23:10:38,,,
2025-04-27,1/3焦煤,大连港,鹤岗市,,0.25,7.50,18.00,70.00,1330.00,0.00,平仓价,4391,2025-04-27 00:00:00,1,0,2025-04-27 23:10:38,0,2025-04-27 23:10:38,,,
2025-04-28,1/3焦煤,大连港,俄罗斯,,0.75,8.50,33.00,80.00,1070.00,0.00,平仓价,4392,2025-04-28 00:00:00,1,0,2025-04-28 23:10:20,0,2025-04-28 23:10:20,,,
2025-04-28,1/3焦煤,大连港,鹤岗市,,0.25,7.50,18.00,70.00,1330.00,0.00,平仓价,4393,2025-04-28 00:00:00,1,0,2025-04-28 23:10:20,0,2025-04-28 23:10:20,,,
2025-04-29,1/3焦煤,大连港,俄罗斯,,0.75,8.50,33.00,80.00,1070.00,0.00,平仓价,4394,2025-04-29 00:00:00,1,0,2025-04-29 23:10:10,0,2025-04-29 23:10:10,,,
2025-04-29,1/3焦煤,大连港,鹤岗市,,0.25,7.50,18.00,70.00,1330.00,0.00,平仓价,4395,2025-04-29 00:00:00,1,0,2025-04-29 23:10:10,0,2025-04-29 23:10:10,,,
2025-04-30,1/3焦煤,大连港,俄罗斯,,0.75,8.50,33.00,80.00,1070.00,0.00,平仓价,4396,2025-04-30 00:00:00,1,0,2025-05-05 23:10:03,0,2025-05-05 23:10:03,,,
2025-04-30,1/3焦煤,大连港,鹤岗市,,0.25,7.50,18.00,70.00,1330.00,0.00,平仓价,4397,2025-04-30 00:00:00,1,0,2025-05-05 23:10:03,0,2025-05-05 23:10:03,,,
2025-05-06,1/3焦煤,大连港,俄罗斯,,0.75,8.50,33.00,80.00,1070.00,0.00,平仓价,4398,2025-05-06 00:00:00,1,0,2025-05-06 23:10:08,0,2025-05-06 23:10:08,,,
2025-05-06,1/3焦煤,大连港,鹤岗市,,0.25,7.50,18.00,70.00,1330.00,0.00,平仓价,4399,2025-05-06 00:00:00,1,0,2025-05-06 23:10:08,0,2025-05-06 23:10:08,,,
2025-05-07,1/3焦煤,大连港,俄罗斯,,0.75,8.50,33.00,80.00,1070.00,0.00,平仓价,4400,2025-05-07 00:00:00,1,0,2025-05-07 23:10:37,0,2025-05-07 23:10:37,,,
2025-05-07,1/3焦煤,大连港,鹤岗市,,0.25,7.50,18.00,70.00,1330.00,0.00,平仓价,4401,2025-05-07 00:00:00,1,0,2025-05-07 23:10:37,0,2025-05-07 23:10:37,,,
2025-05-08,1/3焦煤,大连港,俄罗斯,,0.75,8.50,33.00,80.00,1070.00,0.00,平仓价,4402,2025-05-08 00:00:00,1,0,2025-05-08 23:10:16,0,2025-05-08 23:10:16,,,
2025-05-08,1/3焦煤,大连港,鹤岗市,,0.25,7.50,18.00,70.00,1330.00,0.00,平仓价,4403,2025-05-08 00:00:00,1,0,2025-05-08 23:10:16,0,2025-05-08 23:10:16,,,
2025-05-09,1/3焦煤,大连港,俄罗斯,,0.75,8.50,33.00,80.00,1070.00,0.00,平仓价,4404,2025-05-09 00:00:00,1,0,2025-05-09 23:10:07,0,2025-05-09 23:10:07,,,
2025-05-09,1/3焦煤,大连港,鹤岗市,,0.25,7.50,18.00,70.00,1330.00,0.00,平仓价,4405,2025-05-09 00:00:00,1,0,2025-05-09 23:10:07,0,2025-05-09 23:10:07,,,
2025-05-12,1/3焦煤,大连港,俄罗斯,,0.75,8.50,33.00,80.00,1070.00,0.00,平仓价,4406,2025-05-12 00:00:00,1,0,2025-05-12 23:10:22,0,2025-05-12 23:10:22,,,
2025-05-12,1/3焦煤,大连港,鹤岗市,,0.25,7.50,18.00,70.00,1330.00,0.00,平仓价,4407,2025-05-12 00:00:00,1,0,2025-05-12 23:10:22,0,2025-05-12 23:10:22,,,
2025-05-13,1/3焦煤,大连港,俄罗斯,,0.75,8.50,33.00,80.00,1070.00,0.00,平仓价,4408,2025-05-13 00:00:00,1,0,2025-05-13 23:10:10,0,2025-05-13 23:10:10,,,
2025-05-13,1/3焦煤,大连港,鹤岗市,,0.25,7.50,18.00,70.00,1330.00,0.00,平仓价,4409,2025-05-13 00:00:00,1,0,2025-05-13 23:10:10,0,2025-05-13 23:10:10,,,
2025-05-14,1/3焦煤,大连港,俄罗斯,,0.75,8.50,33.00,80.00,1070.00,0.00,平仓价,4410,2025-05-14 00:00:00,1,0,2025-05-14 23:10:17,0,2025-05-14 23:10:17,,,
2025-05-14,1/3焦煤,大连港,鹤岗市,,0.25,7.50,18.00,70.00,1330.00,0.00,平仓价,4411,2025-05-14 00:00:00,1,0,2025-05-14 23:10:17,0,2025-05-14 23:10:17,,,
2025-05-15,1/3焦煤,大连港,俄罗斯,,0.75,8.50,33.00,80.00,1070.00,0.00,平仓价,4412,2025-05-15 00:00:00,1,0,2025-05-15 23:10:11,0,2025-05-15 23:10:11,,,
2025-05-15,1/3焦煤,大连港,鹤岗市,,0.25,7.50,18.00,70.00,1330.00,0.00,平仓价,4413,2025-05-15 00:00:00,1,0,2025-05-15 23:10:11,0,2025-05-15 23:10:11,,,
2025-05-19,1/3焦煤,大连港,俄罗斯,,0.75,8.50,33.00,80.00,1070.00,0.00,平仓价,4414,2025-05-19 00:00:00,1,0,2025-05-19 23:10:10,0,2025-05-19 23:10:10,,,
2025-05-19,1/3焦煤,大连港,鹤岗市,,0.25,7.50,18.00,70.00,1330.00,0.00,平仓价,4415,2025-05-19 00:00:00,1,0,2025-05-19 23:10:10,0,2025-05-19 23:10:10,,,
2025-05-16,1/3焦煤,大连港,俄罗斯,,0.75,8.50,33.00,80.00,1070.00,0.00,平仓价,4416,2025-05-16 00:00:00,1,0,2025-05-19 23:10:10,0,2025-05-19 23:10:10,,,
2025-05-16,1/3焦煤,大连港,鹤岗市,,0.25,7.50,18.00,70.00,1330.00,0.00,平仓价,4417,2025-05-16 00:00:00,1,0,2025-05-19 23:10:10,0,2025-05-19 23:10:10,,,
2025-05-20,1/3焦煤,大连港,俄罗斯,,0.75,8.50,33.00,80.00,1070.00,0.00,平仓价,4418,2025-05-20 00:00:00,1,0,2025-05-20 23:10:15,0,2025-05-20 23:10:15,,,
2025-05-20,1/3焦煤,大连港,鹤岗市,,0.25,7.50,18.00,70.00,1330.00,0.00,平仓价,4419,2025-05-20 00:00:00,1,0,2025-05-20 23:10:15,0,2025-05-20 23:10:15,,,
2025-05-21,1/3焦煤,大连港,俄罗斯,,0.75,8.50,33.00,80.00,1070.00,0.00,平仓价,4420,2025-05-21 00:00:00,1,0,2025-05-21 23:10:10,0,2025-05-21 23:10:10,,,
2025-05-21,1/3焦煤,大连港,鹤岗市,,0.25,7.50,18.00,70.00,1330.00,0.00,平仓价,4421,2025-05-21 00:00:00,1,0,2025-05-21 23:10:10,0,2025-05-21 23:10:10,,,
2025-05-22,1/3焦煤,大连港,俄罗斯,,0.75,8.50,33.00,80.00,1055.00,-15.00,平仓价,4422,2025-05-22 00:00:00,1,0,2025-05-22 23:10:15,0,2025-05-22 23:10:15,,,
2025-05-22,1/3焦煤,大连港,鹤岗市,,0.25,7.50,18.00,70.00,1330.00,0.00,平仓价,4423,2025-05-22 00:00:00,1,0,2025-05-22 23:10:15,0,2025-05-22 23:10:15,,,
2025-05-23,1/3焦煤,大连港,俄罗斯,,0.75,8.50,33.00,80.00,1055.00,0.00,平仓价,4424,2025-05-23 00:00:00,1,0,2025-05-23 23:10:11,0,2025-05-23 23:10:11,,,
2025-05-23,1/3焦煤,大连港,鹤岗市,,0.25,7.50,18.00,70.00,1330.00,0.00,平仓价,4425,2025-05-23 00:00:00,1,0,2025-05-23 23:10:11,0,2025-05-23 23:10:11,,,
2025-05-26,1/3焦煤,大连港,俄罗斯,,0.75,8.50,33.00,80.00,1055.00,0.00,平仓价,4426,2025-05-26 00:00:00,1,0,2025-05-26 23:10:25,0,2025-05-26 23:10:25,,,
2025-05-26,1/3焦煤,大连港,鹤岗市,,0.25,7.50,18.00,70.00,1330.00,0.00,平仓价,4427,2025-05-26 00:00:00,1,0,2025-05-26 23:10:25,0,2025-05-26 23:10:25,,,
2025-05-27,1/3焦煤,大连港,俄罗斯,,0.75,8.50,33.00,80.00,1055.00,0.00,平仓价,4428,2025-05-27 00:00:00,1,0,2025-05-27 23:10:19,0,2025-05-27 23:10:19,,,
2025-05-27,1/3焦煤,大连港,鹤岗市,,0.25,7.50,18.00,70.00,1330.00,0.00,平仓价,4429,2025-05-27 00:00:00,1,0,2025-05-27 23:10:19,0,2025-05-27 23:10:19,,,
2025-05-28,1/3焦煤,大连港,俄罗斯,,0.75,8.50,33.00,80.00,1045.00,-10.00,平仓价,4430,2025-05-28 00:00:00,1,0,2025-05-28 23:10:20,0,2025-05-28 23:10:20,,,
2025-05-28,1/3焦煤,大连港,鹤岗市,,0.25,7.50,18.00,70.00,1330.00,0.00,平仓价,4431,2025-05-28 00:00:00,1,0,2025-05-28 23:10:20,0,2025-05-28 23:10:20,,,
2025-05-29,1/3焦煤,大连港,俄罗斯,,0.75,8.50,33.00,80.00,1045.00,0.00,平仓价,4432,2025-05-29 00:00:00,1,0,2025-05-29 23:10:20,0,2025-05-29 23:10:20,,,
2025-05-29,1/3焦煤,大连港,鹤岗市,,0.25,7.50,18.00,70.00,1330.00,0.00,平仓价,4433,2025-05-29 00:00:00,1,0,2025-05-29 23:10:20,0,2025-05-29 23:10:20,,,
2025-05-30,1/3焦煤,大连港,俄罗斯,,0.75,8.50,33.00,80.00,1045.00,0.00,平仓价,4434,2025-05-30 00:00:00,1,0,2025-05-30 23:10:08,0,2025-05-30 23:10:08,,,
2025-05-30,1/3焦煤,大连港,鹤岗市,,0.25,7.50,18.00,70.00,1330.00,0.00,平仓价,4435,2025-05-30 00:00:00,1,0,2025-05-30 23:10:08,0,2025-05-30 23:10:08,,,
2025-06-04,1/3焦煤,大连港,俄罗斯,,0.75,8.50,33.00,80.00,1030.00,-10.00,平仓价,4436,2025-06-04 00:00:00,1,0,2025-06-04 23:10:21,0,2025-06-04 23:10:21,,,
2025-06-04,1/3焦煤,大连港,鹤岗市,,0.25,7.50,18.00,70.00,1330.00,0.00,平仓价,4437,2025-06-04 00:00:00,1,0,2025-06-04 23:10:21,0,2025-06-04 23:10:21,,,
2025-06-03,1/3焦煤,大连港,俄罗斯,,0.75,8.50,33.00,80.00,1040.00,-5.00,平仓价,4438,2025-06-03 00:00:00,1,0,2025-06-04 23:10:21,0,2025-06-04 23:10:21,,,
2025-06-03,1/3焦煤,大连港,鹤岗市,,0.25,7.50,18.00,70.00,1330.00,0.00,平仓价,4439,2025-06-03 00:00:00,1,0,2025-06-04 23:10:21,0,2025-06-04 23:10:21,,,
2025-06-05,1/3焦煤,大连港,俄罗斯,,0.75,8.50,33.00,80.00,1030.00,0.00,平仓价,4440,2025-06-05 00:00:00,1,0,2025-06-05 23:10:11,0,2025-06-05 23:10:11,,,
2025-06-05,1/3焦煤,大连港,鹤岗市,,0.25,7.50,18.00,70.00,1330.00,0.00,平仓价,4441,2025-06-05 00:00:00,1,0,2025-06-05 23:10:11,0,2025-06-05 23:10:11,,,
2025-06-06,1/3焦煤,大连港,俄罗斯,,0.75,8.50,33.00,80.00,1000.00,-30.00,平仓价,4442,2025-06-06 00:00:00,1,0,2025-06-06 23:10:28,0,2025-06-06 23:10:28,,,
2025-06-06,1/3焦煤,大连港,鹤岗市,,0.25,7.50,18.00,70.00,1330.00,0.00,平仓价,4443,2025-06-06 00:00:00,1,0,2025-06-06 23:10:28,0,2025-06-06 23:10:28,,,
2025-06-09,1/3焦煤,大连港,俄罗斯,,0.75,8.50,33.00,80.00,1000.00,0.00,平仓价,4444,2025-06-09 00:00:00,1,0,2025-06-09 23:10:22,0,2025-06-09 23:10:22,,,
2025-06-09,1/3焦煤,大连港,鹤岗市,,0.25,7.50,18.00,70.00,1330.00,0.00,平仓价,4445,2025-06-09 00:00:00,1,0,2025-06-09 23:10:22,0,2025-06-09 23:10:22,,,
2025-06-10,1/3焦煤,大连港,俄罗斯,,0.75,8.50,33.00,80.00,1000.00,0.00,平仓价,4446,2025-06-10 00:00:00,1,0,2025-06-10 23:10:27,0,2025-06-10 23:10:27,,,
2025-06-10,1/3焦煤,大连港,鹤岗市,,0.25,7.50,18.00,70.00,1330.00,0.00,平仓价,4447,2025-06-10 00:00:00,1,0,2025-06-10 23:10:27,0,2025-06-10 23:10:27,,,
2025-06-11,1/3焦煤,大连港,俄罗斯,,0.75,8.50,33.00,80.00,1000.00,0.00,平仓价,4448,2025-06-11 00:00:00,1,0,2025-06-11 23:10:26,0,2025-06-11 23:10:26,,,
2025-06-11,1/3焦煤,大连港,鹤岗市,,0.25,7.50,18.00,70.00,1330.00,0.00,平仓价,4449,2025-06-11 00:00:00,1,0,2025-06-11 23:10:26,0,2025-06-11 23:10:26,,,
2025-06-12,1/3焦煤,大连港,俄罗斯,,0.75,8.50,33.00,80.00,1000.00,0.00,平仓价,4450,2025-06-12 00:00:00,1,0,2025-06-12 23:10:12,0,2025-06-12 23:10:12,,,
2025-06-12,1/3焦煤,大连港,鹤岗市,,0.25,7.50,18.00,70.00,1330.00,0.00,平仓价,4451,2025-06-12 00:00:00,1,0,2025-06-12 23:10:12,0,2025-06-12 23:10:12,,,
2025-06-13,1/3焦煤,大连港,俄罗斯,,0.75,8.50,33.00,80.00,1000.00,0.00,平仓价,4452,2025-06-13 00:00:00,1,0,2025-06-13 23:10:27,0,2025-06-13 23:10:27,,,
2025-06-13,1/3焦煤,大连港,鹤岗市,,0.25,7.50,18.00,70.00,1330.00,0.00,平仓价,4453,2025-06-13 00:00:00,1,0,2025-06-13 23:10:27,0,2025-06-13 23:10:27,,,
2025-06-16,1/3焦煤,大连港,俄罗斯,,0.75,8.50,33.00,80.00,1000.00,0.00,平仓价,4454,2025-06-16 00:00:00,1,0,2025-06-16 23:10:15,0,2025-06-16 23:10:15,,,
2025-06-16,1/3焦煤,大连港,鹤岗市,,0.25,7.50,18.00,70.00,1330.00,0.00,平仓价,4455,2025-06-16 00:00:00,1,0,2025-06-16 23:10:15,0,2025-06-16 23:10:15,,,
2025-06-17,1/3焦煤,大连港,俄罗斯,,0.75,8.50,33.00,80.00,1000.00,0.00,平仓价,4456,2025-06-17 00:00:00,1,0,2025-06-17 23:10:18,0,2025-06-17 23:10:18,,,
2025-06-17,1/3焦煤,大连港,鹤岗市,,0.25,7.50,18.00,70.00,1330.00,0.00,平仓价,4457,2025-06-17 00:00:00,1,0,2025-06-17 23:10:18,0,2025-06-17 23:10:18,,,
2025-06-18,1/3焦煤,大连港,俄罗斯,,0.75,8.50,33.00,80.00,1000.00,0.00,平仓价,4458,2025-06-18 00:00:00,1,0,2025-06-18 23:10:19,0,2025-06-18 23:10:19,,,
2025-06-18,1/3焦煤,大连港,鹤岗市,,0.25,7.50,18.00,70.00,1330.00,0.00,平仓价,4459,2025-06-18 00:00:00,1,0,2025-06-18 23:10:19,0,2025-06-18 23:10:19,,,
2025-06-19,1/3焦煤,大连港,俄罗斯,,0.75,8.50,33.00,80.00,1000.00,0.00,平仓价,4460,2025-06-19 00:00:00,1,0,2025-06-19 23:10:06,0,2025-06-19 23:10:06,,,
2025-06-19,1/3焦煤,大连港,鹤岗市,,0.25,7.50,18.00,70.00,1330.00,0.00,平仓价,4461,2025-06-19 00:00:00,1,0,2025-06-19 23:10:06,0,2025-06-19 23:10:06,,,
2025-06-20,1/3焦煤,大连港,俄罗斯,,0.75,8.50,33.00,80.00,1000.00,0.00,平仓价,4462,2025-06-20 00:00:00,1,0,2025-06-20 23:10:20,0,2025-06-20 23:10:20,,,
2025-06-20,1/3焦煤,大连港,鹤岗市,,0.25,7.50,18.00,70.00,1330.00,0.00,平仓价,4463,2025-06-20 00:00:00,1,0,2025-06-20 23:10:20,0,2025-06-20 23:10:20,,,
2025-06-23,1/3焦煤,大连港,俄罗斯,,0.75,8.50,33.00,80.00,1000.00,0.00,平仓价,4464,2025-06-23 00:00:00,1,0,2025-06-23 23:10:05,0,2025-06-23 23:10:05,,,
2025-06-23,1/3焦煤,大连港,鹤岗市,,0.25,7.50,18.00,70.00,1330.00,0.00,平仓价,4465,2025-06-23 00:00:00,1,0,2025-06-23 23:10:05,0,2025-06-23 23:10:05,,,
2025-06-24,1/3焦煤,大连港,俄罗斯,,0.75,8.50,33.00,80.00,1000.00,0.00,平仓价,4466,2025-06-24 00:00:00,1,0,2025-06-24 23:10:20,0,2025-06-24 23:10:20,,,
2025-06-24,1/3焦煤,大连港,鹤岗市,,0.25,7.50,18.00,70.00,1330.00,0.00,平仓价,4467,2025-06-24 00:00:00,1,0,2025-06-24 23:10:20,0,2025-06-24 23:10:20,,,
2025-06-25,1/3焦煤,大连港,俄罗斯,,0.75,8.50,33.00,80.00,1000.00,0.00,平仓价,4468,2025-06-25 00:00:00,1,0,2025-06-25 23:10:22,0,2025-06-25 23:10:22,,,
2025-06-25,1/3焦煤,大连港,鹤岗市,,0.25,7.50,18.00,70.00,1130.00,-200.00,平仓价,4469,2025-06-25 00:00:00,1,0,2025-06-25 23:10:22,0,2025-06-25 23:10:22,,,
2025-06-26,1/3焦煤,大连港,俄罗斯,,0.75,8.50,33.00,80.00,1000.00,0.00,平仓价,4470,2025-06-26 00:00:00,1,0,2025-06-26 23:10:18,0,2025-06-26 23:10:18,,,
2025-06-26,1/3焦煤,大连港,鹤岗市,,0.25,7.50,18.00,70.00,1130.00,0.00,平仓价,4471,2025-06-26 00:00:00,1,0,2025-06-26 23:10:18,0,2025-06-26 23:10:18,,,
2025-06-27,1/3焦煤,大连港,俄罗斯,,0.75,8.50,33.00,80.00,1010.00,10.00,平仓价,4472,2025-06-27 00:00:00,1,0,2025-06-27 23:10:05,0,2025-06-27 23:10:05,,,
2025-06-27,1/3焦煤,大连港,鹤岗市,,0.25,7.50,18.00,70.00,1130.00,0.00,平仓价,4473,2025-06-27 00:00:00,1,0,2025-06-27 23:10:05,0,2025-06-27 23:10:05,,,
2025-06-30,1/3焦煤,大连港,俄罗斯,,0.75,8.50,33.00,80.00,1020.00,10.00,平仓价,4474,2025-06-30 00:00:00,1,0,2025-06-30 23:10:08,0,2025-06-30 23:10:08,,,
2025-06-30,1/3焦煤,大连港,鹤岗市,,0.25,7.50,18.00,70.00,1130.00,0.00,平仓价,4475,2025-06-30 00:00:00,1,0,2025-06-30 23:10:08,0,2025-06-30 23:10:08,,,
2025-07-01,1/3焦煤,大连港,俄罗斯,,0.75,8.50,33.00,80.00,1020.00,0.00,平仓价,4476,2025-07-01 00:00:00,1,0,2025-07-01 23:10:20,0,2025-07-01 23:10:20,,,
2025-07-01,1/3焦煤,大连港,鹤岗市,,0.25,7.50,18.00,70.00,1130.00,0.00,平仓价,4477,2025-07-01 00:00:00,1,0,2025-07-01 23:10:20,0,2025-07-01 23:10:20,,,
2025-07-02,1/3焦煤,大连港,俄罗斯,,0.75,8.50,33.00,80.00,1020.00,0.00,平仓价,4478,2025-07-02 00:00:00,1,0,2025-07-02 23:10:06,0,2025-07-02 23:10:06,,,
2025-07-02,1/3焦煤,大连港,鹤岗市,,0.25,7.50,18.00,70.00,1130.00,0.00,平仓价,4479,2025-07-02 00:00:00,1,0,2025-07-02 23:10:06,0,2025-07-02 23:10:06,,,
2025-07-03,1/3焦煤,大连港,俄罗斯,,0.75,8.50,33.00,80.00,1020.00,0.00,平仓价,4480,2025-07-03 00:00:00,1,0,2025-07-03 23:10:09,0,2025-07-03 23:10:09,,,
2025-07-03,1/3焦煤,大连港,鹤岗市,,0.25,7.50,18.00,70.00,1130.00,0.00,平仓价,4481,2025-07-03 00:00:00,1,0,2025-07-03 23:10:09,0,2025-07-03 23:10:09,,,
2025-07-04,1/3焦煤,大连港,俄罗斯,,0.75,8.50,33.00,80.00,1020.00,0.00,平仓价,4482,2025-07-04 00:00:00,1,0,2025-07-04 23:10:27,0,2025-07-04 23:10:27,,,
2025-07-04,1/3焦煤,大连港,鹤岗市,,0.25,7.50,18.00,70.00,1130.00,0.00,平仓价,4483,2025-07-04 00:00:00,1,0,2025-07-04 23:10:27,0,2025-07-04 23:10:27,,,
2025-07-07,1/3焦煤,大连港,俄罗斯,,0.75,8.50,33.00,80.00,1030.00,10.00,平仓价,4484,2025-07-07 00:00:00,1,0,2025-07-07 23:10:18,0,2025-07-07 23:10:18,,,
2025-07-07,1/3焦煤,大连港,鹤岗市,,0.25,7.50,18.00,70.00,1130.00,0.00,平仓价,4485,2025-07-07 00:00:00,1,0,2025-07-07 23:10:18,0,2025-07-07 23:10:18,,,
2025-07-08,1/3焦煤,大连港,俄罗斯,,0.75,8.50,33.00,80.00,1030.00,0.00,平仓价,4486,2025-07-08 00:00:00,1,0,2025-07-08 23:10:03,0,2025-07-08 23:10:03,,,
2025-07-08,1/3焦煤,大连港,鹤岗市,,0.25,7.50,18.00,70.00,1130.00,0.00,平仓价,4487,2025-07-08 00:00:00,1,0,2025-07-08 23:10:03,0,2025-07-08 23:10:03,,,
2025-07-09,1/3焦煤,大连港,俄罗斯,,0.75,8.50,33.00,80.00,1040.00,10.00,平仓价,4488,2025-07-09 00:00:00,1,0,2025-07-09 23:10:07,0,2025-07-09 23:10:07,,,
2025-07-09,1/3焦煤,大连港,鹤岗市,,0.25,7.50,18.00,70.00,1130.00,0.00,平仓价,4489,2025-07-09 00:00:00,1,0,2025-07-09 23:10:07,0,2025-07-09 23:10:07,,,
2025-07-10,1/3焦煤,大连港,俄罗斯,,0.75,8.50,33.00,80.00,1045.00,5.00,平仓价,4490,2025-07-10 00:00:00,1,0,2025-07-10 23:10:10,0,2025-07-10 23:10:10,,,
2025-07-10,1/3焦煤,大连港,鹤岗市,,0.25,7.50,18.00,70.00,1130.00,0.00,平仓价,4491,2025-07-10 00:00:00,1,0,2025-07-10 23:10:10,0,2025-07-10 23:10:10,,,
2025-07-11,1/3焦煤,大连港,俄罗斯,,0.75,8.50,33.00,80.00,1045.00,0.00,平仓价,4492,2025-07-11 00:00:00,1,0,2025-07-11 23:10:24,0,2025-07-11 23:10:24,,,
2025-07-11,1/3焦煤,大连港,鹤岗市,,0.25,7.50,18.00,70.00,1130.00,0.00,平仓价,4493,2025-07-11 00:00:00,1,0,2025-07-11 23:10:24,0,2025-07-11 23:10:24,,,
2025-07-14,1/3焦煤,大连港,俄罗斯,,0.75,8.50,33.00,80.00,1075.00,30.00,平仓价,4494,2025-07-14 00:00:00,1,0,2025-07-14 23:10:16,0,2025-07-14 23:10:16,,,
2025-07-14,1/3焦煤,大连港,鹤岗市,,0.25,7.50,18.00,70.00,1130.00,0.00,平仓价,4495,2025-07-14 00:00:00,1,0,2025-07-14 23:10:16,0,2025-07-14 23:10:16,,,
2025-07-15,1/3焦煤,大连港,俄罗斯,,0.75,8.50,33.00,80.00,1075.00,0.00,平仓价,4496,2025-07-15 00:00:00,1,0,2025-07-15 23:10:18,0,2025-07-15 23:10:18,,,
2025-07-15,1/3焦煤,大连港,鹤岗市,,0.25,7.50,18.00,70.00,1130.00,0.00,平仓价,4497,2025-07-15 00:00:00,1,0,2025-07-15 23:10:18,0,2025-07-15 23:10:18,,,
2025-07-16,1/3焦煤,大连港,俄罗斯,,0.75,8.50,33.00,80.00,1075.00,0.00,平仓价,4498,2025-07-16 00:00:00,1,0,2025-07-16 23:10:16,0,2025-07-16 23:10:16,,,
2025-07-16,1/3焦煤,大连港,鹤岗市,,0.25,7.50,18.00,70.00,1130.00,0.00,平仓价,4499,2025-07-16 00:00:00,1,0,2025-07-16 23:10:16,0,2025-07-16 23:10:16,,,
2025-07-17,1/3焦煤,大连港,俄罗斯,,0.75,8.50,33.00,80.00,1075.00,0.00,平仓价,4500,2025-07-17 00:00:00,1,0,2025-07-17 23:10:27,0,2025-07-17 23:10:27,,,
2025-07-17,1/3焦煤,大连港,鹤岗市,,0.25,7.50,18.00,70.00,1130.00,0.00,平仓价,4501,2025-07-17 00:00:00,1,0,2025-07-17 23:10:27,0,2025-07-17 23:10:27,,,
2025-07-18,1/3焦煤,大连港,俄罗斯,,0.75,8.50,33.00,80.00,1075.00,0.00,平仓价,4502,2025-07-18 00:00:00,1,0,2025-07-18 23:10:14,0,2025-07-18 23:10:14,,,
2025-07-18,1/3焦煤,大连港,鹤岗市,,0.25,7.50,18.00,70.00,1130.00,0.00,平仓价,4503,2025-07-18 00:00:00,1,0,2025-07-18 23:10:14,0,2025-07-18 23:10:14,,,
2025-07-21,1/3焦煤,大连港,俄罗斯,,0.75,8.50,33.00,80.00,1100.00,25.00,平仓价,4504,2025-07-21 00:00:00,1,0,2025-07-21 23:10:24,0,2025-07-21 23:10:24,,,
2025-07-21,1/3焦煤,大连港,鹤岗市,,0.25,7.50,18.00,70.00,1130.00,0.00,平仓价,4505,2025-07-21 00:00:00,1,0,2025-07-21 23:10:24,0,2025-07-21 23:10:24,,,
2025-07-22,1/3焦煤,大连港,俄罗斯,,0.75,8.50,33.00,80.00,1155.00,55.00,平仓价,4506,2025-07-22 00:00:00,1,0,2025-07-22 23:10:11,0,2025-07-22 23:10:11,,,
2025-07-22,1/3焦煤,大连港,鹤岗市,,0.25,7.50,18.00,70.00,1130.00,0.00,平仓价,4507,2025-07-22 00:00:00,1,0,2025-07-22 23:10:11,0,2025-07-22 23:10:11,,,
2025-07-23,1/3焦煤,大连港,俄罗斯,,0.75,8.50,33.00,80.00,1180.00,25.00,平仓价,4508,2025-07-23 00:00:00,1,0,2025-07-23 23:10:04,0,2025-07-23 23:10:04,,,
2025-07-23,1/3焦煤,大连港,鹤岗市,,0.25,7.50,18.00,70.00,1130.00,0.00,平仓价,4509,2025-07-23 00:00:00,1,0,2025-07-23 23:10:04,0,2025-07-23 23:10:04,,,
2025-07-24,1/3焦煤,大连港,俄罗斯,,0.75,8.50,33.00,80.00,1230.00,50.00,平仓价,4510,2025-07-24 00:00:00,1,0,2025-07-24 23:09:53,0,2025-07-24 23:09:53,,,
2025-07-24,1/3焦煤,大连港,鹤岗市,,0.25,7.50,18.00,70.00,1130.00,0.00,平仓价,4511,2025-07-24 00:00:00,1,0,2025-07-24 23:09:53,0,2025-07-24 23:09:53,,,
2025-07-25,1/3焦煤,大连港,俄罗斯,,0.75,8.50,33.00,80.00,1275.00,45.00,平仓价,4512,2025-07-25 00:00:00,1,0,2025-07-25 23:10:06,0,2025-07-25 23:10:06,,,
2025-07-25,1/3焦煤,大连港,鹤岗市,,0.25,7.50,18.00,70.00,1130.00,0.00,平仓价,4513,2025-07-25 00:00:00,1,0,2025-07-25 23:10:06,0,2025-07-25 23:10:06,,,
2025-07-28,1/3焦煤,大连港,俄罗斯,,0.75,8.50,33.00,80.00,1300.00,25.00,平仓价,4514,2025-07-28 00:00:00,1,0,2025-07-28 23:09:57,0,2025-07-28 23:09:57,,,
2025-07-28,1/3焦煤,大连港,鹤岗市,,0.25,7.50,18.00,70.00,1130.00,0.00,平仓价,4515,2025-07-28 00:00:00,1,0,2025-07-28 23:09:57,0,2025-07-28 23:09:57,,,
2025-07-29,1/3焦煤,大连港,俄罗斯,,0.75,8.50,33.00,80.00,1000.00,-300.00,平仓价,4516,2025-07-29 00:00:00,1,0,2025-07-29 23:10:16,0,2025-07-29 23:10:16,,,
2025-07-29,1/3焦煤,大连港,鹤岗市,,0.25,7.50,18.00,70.00,1130.00,0.00,平仓价,4517,2025-07-29 00:00:00,1,0,2025-07-29 23:10:16,0,2025-07-29 23:10:16,,,
2025-07-30,1/3焦煤,大连港,俄罗斯,,0.75,8.50,33.00,80.00,1000.00,0.00,平仓价,4518,2025-07-30 00:00:00,1,0,2025-07-30 23:10:03,0,2025-07-30 23:10:03,,,
2025-07-30,1/3焦煤,大连港,鹤岗市,,0.25,7.50,18.00,70.00,1130.00,0.00,平仓价,4519,2025-07-30 00:00:00,1,0,2025-07-30 23:10:03,0,2025-07-30 23:10:03,,,
2025-07-31,1/3焦煤,大连港,俄罗斯,,0.75,8.50,33.00,80.00,1000.00,0.00,平仓价,4520,2025-07-31 00:00:00,1,0,2025-07-31 23:10:09,0,2025-07-31 23:10:09,,,
2025-07-31,1/3焦煤,大连港,鹤岗市,,0.25,7.50,18.00,70.00,1130.00,0.00,平仓价,4521,2025-07-31 00:00:00,1,0,2025-07-31 23:10:09,0,2025-07-31 23:10:09,,,
2025-08-01,1/3焦煤,大连港,俄罗斯,,0.75,8.50,33.00,80.00,970.00,-30.00,平仓价,4522,2025-08-01 00:00:00,1,0,2025-08-01 23:09:56,0,2025-08-01 23:09:56,,,
2025-08-01,1/3焦煤,大连港,鹤岗市,,0.25,7.50,18.00,70.00,1130.00,0.00,平仓价,4523,2025-08-01 00:00:00,1,0,2025-08-01 23:09:56,0,2025-08-01 23:09:56,,,
2025-08-04,1/3焦煤,大连港,俄罗斯,,0.75,8.50,33.00,80.00,950.00,-20.00,平仓价,4524,2025-08-04 00:00:00,1,0,2025-08-04 23:09:57,0,2025-08-04 23:09:57,,,
2025-08-04,1/3焦煤,大连港,鹤岗市,,0.25,7.50,18.00,70.00,1130.00,0.00,平仓价,4525,2025-08-04 00:00:00,1,0,2025-08-04 23:09:57,0,2025-08-04 23:09:57,,,
2025-08-05,1/3焦煤,大连港,俄罗斯,,0.75,8.50,33.00,80.00,950.00,0.00,平仓价,4526,2025-08-05 00:00:00,1,0,2025-08-05 23:10:02,0,2025-08-05 23:10:02,,,
2025-08-05,1/3焦煤,大连港,鹤岗市,,0.25,7.50,18.00,70.00,1130.00,0.00,平仓价,4527,2025-08-05 00:00:00,1,0,2025-08-05 23:10:02,0,2025-08-05 23:10:02,,,
2025-08-06,1/3焦煤,大连港,俄罗斯,,0.75,8.50,33.00,80.00,960.00,10.00,平仓价,4528,2025-08-06 00:00:00,1,0,2025-08-06 23:10:12,0,2025-08-06 23:10:12,,,
2025-08-06,1/3焦煤,大连港,鹤岗市,,0.25,7.50,18.00,70.00,1260.00,130.00,平仓价,4529,2025-08-06 00:00:00,1,0,2025-08-06 23:10:12,0,2025-08-06 23:10:12,,,
2025-08-07,1/3焦煤,大连港,俄罗斯,,0.75,8.50,33.00,80.00,960.00,0.00,平仓价,4530,2025-08-07 00:00:00,1,0,2025-08-07 23:09:58,0,2025-08-07 23:09:58,,,
2025-08-07,1/3焦煤,大连港,鹤岗市,,0.25,7.50,18.00,70.00,1260.00,0.00,平仓价,4531,2025-08-07 00:00:00,1,0,2025-08-07 23:09:58,0,2025-08-07 23:09:58,,,
2025-08-08,1/3焦煤,大连港,俄罗斯,,0.75,8.50,33.00,80.00,1000.00,40.00,平仓价,4532,2025-08-08 00:00:00,1,0,2025-08-08 23:10:27,0,2025-08-08 23:10:27,,,
2025-08-08,1/3焦煤,大连港,鹤岗市,,0.25,7.50,18.00,70.00,1260.00,0.00,平仓价,4533,2025-08-08 00:00:00,1,0,2025-08-08 23:10:27,0,2025-08-08 23:10:27,,,
2025-08-11,1/3焦煤,大连港,俄罗斯,,0.75,8.50,33.00,80.00,1000.00,0.00,平仓价,4534,2025-08-11 00:00:00,1,0,2025-08-11 23:10:12,0,2025-08-11 23:10:12,,,
2025-08-11,1/3焦煤,大连港,鹤岗市,,0.25,7.50,18.00,70.00,1260.00,0.00,平仓价,4535,2025-08-11 00:00:00,1,0,2025-08-11 23:10:12,0,2025-08-11 23:10:12,,,
2025-08-12,1/3焦煤,大连港,俄罗斯,,0.75,8.50,33.00,80.00,1020.00,20.00,平仓价,4536,2025-08-12 00:00:00,1,0,2025-08-12 23:10:20,0,2025-08-12 23:10:20,,,
2025-08-12,1/3焦煤,大连港,鹤岗市,,0.25,7.50,18.00,70.00,1260.00,0.00,平仓价,4537,2025-08-12 00:00:00,1,0,2025-08-12 23:10:20,0,2025-08-12 23:10:20,,,
2025-08-13,1/3焦煤,大连港,俄罗斯,,0.75,8.50,33.00,80.00,1020.00,0.00,平仓价,4538,2025-08-13 00:00:00,1,0,2025-08-13 23:10:07,0,2025-08-13 23:10:07,,,
2025-08-13,1/3焦煤,大连港,鹤岗市,,0.25,7.50,18.00,70.00,1260.00,0.00,平仓价,4539,2025-08-13 00:00:00,1,0,2025-08-13 23:10:07,0,2025-08-13 23:10:07,,,
2025-08-14,1/3焦煤,大连港,俄罗斯,,0.75,8.50,33.00,80.00,1060.00,40.00,平仓价,4540,2025-08-14 00:00:00,1,0,2025-08-14 23:10:18,0,2025-08-14 23:10:18,,,
2025-08-14,1/3焦煤,大连港,鹤岗市,,0.25,7.50,18.00,70.00,1260.00,0.00,平仓价,4541,2025-08-14 00:00:00,1,0,2025-08-14 23:10:18,0,2025-08-14 23:10:18,,,
2025-08-15,1/3焦煤,大连港,俄罗斯,,0.75,8.50,33.00,80.00,1060.00,0.00,平仓价,4542,2025-08-15 00:00:00,1,0,2025-08-15 23:10:14,0,2025-08-15 23:10:14,,,
2025-08-15,1/3焦煤,大连港,鹤岗市,,0.25,7.50,18.00,70.00,1260.00,0.00,平仓价,4543,2025-08-15 00:00:00,1,0,2025-08-15 23:10:14,0,2025-08-15 23:10:14,,,
2025-08-18,1/3焦煤,大连港,俄罗斯,,0.75,8.50,33.00,80.00,1060.00,0.00,平仓价,4544,2025-08-18 00:00:00,1,0,2025-08-18 23:10:04,0,2025-08-18 23:10:04,,,
2025-08-18,1/3焦煤,大连港,鹤岗市,,0.25,7.50,18.00,70.00,1260.00,0.00,平仓价,4545,2025-08-18 00:00:00,1,0,2025-08-18 23:10:04,0,2025-08-18 23:10:04,,,
2025-08-19,1/3焦煤,大连港,俄罗斯,,0.75,8.50,33.00,80.00,1050.00,-10.00,平仓价,4546,2025-08-19 00:00:00,1,0,2025-08-19 23:10:04,0,2025-08-19 23:10:04,,,
2025-08-19,1/3焦煤,大连港,鹤岗市,,0.25,7.50,18.00,70.00,1260.00,0.00,平仓价,4547,2025-08-19 00:00:00,1,0,2025-08-19 23:10:04,0,2025-08-19 23:10:04,,,
2025-08-20,1/3焦煤,大连港,俄罗斯,,0.75,8.50,33.00,80.00,1040.00,-10.00,平仓价,4548,2025-08-20 00:00:00,1,0,2025-08-20 23:10:26,0,2025-08-20 23:10:26,,,
2025-08-20,1/3焦煤,大连港,鹤岗市,,0.25,7.50,18.00,70.00,1260.00,0.00,平仓价,4549,2025-08-20 00:00:00,1,0,2025-08-20 23:10:26,0,2025-08-20 23:10:26,,,
2025-08-21,1/3焦煤,大连港,俄罗斯,,0.75,8.50,33.00,80.00,1010.00,-30.00,平仓价,4550,2025-08-21 00:00:00,1,0,2025-08-21 23:10:11,0,2025-08-21 23:10:11,,,
2025-08-21,1/3焦煤,大连港,鹤岗市,,0.25,7.50,18.00,70.00,1260.00,0.00,平仓价,4551,2025-08-21 00:00:00,1,0,2025-08-21 23:10:11,0,2025-08-21 23:10:11,,,
2025-08-22,1/3焦煤,大连港,俄罗斯,,0.75,8.50,33.00,80.00,1015.00,5.00,平仓价,4552,2025-08-22 00:00:00,1,0,2025-08-22 23:10:09,0,2025-08-22 23:10:09,,,
2025-08-22,1/3焦煤,大连港,鹤岗市,,0.25,7.50,18.00,70.00,1260.00,0.00,平仓价,4553,2025-08-22 00:00:00,1,0,2025-08-22 23:10:09,0,2025-08-22 23:10:09,,,
2025-08-25,1/3焦煤,大连港,俄罗斯,,0.75,8.50,33.00,80.00,1015.00,0.00,平仓价,4554,2025-08-25 00:00:00,1,0,2025-08-25 23:10:10,0,2025-08-25 23:10:10,,,
2025-08-25,1/3焦煤,大连港,鹤岗市,,0.25,7.50,18.00,70.00,1260.00,0.00,平仓价,4555,2025-08-25 00:00:00,1,0,2025-08-25 23:10:10,0,2025-08-25 23:10:10,,,
2025-08-26,1/3焦煤,大连港,俄罗斯,,0.75,8.50,33.00,80.00,1040.00,25.00,平仓价,4556,2025-08-26 00:00:00,1,0,2025-08-26 23:10:07,0,2025-08-26 23:10:07,,,
2025-08-26,1/3焦煤,大连港,鹤岗市,,0.25,7.50,18.00,70.00,1260.00,0.00,平仓价,4557,2025-08-26 00:00:00,1,0,2025-08-26 23:10:07,0,2025-08-26 23:10:07,,,
2025-08-27,1/3焦煤,大连港,俄罗斯,,0.75,8.50,33.00,80.00,1040.00,0.00,平仓价,4558,2025-08-27 00:00:00,1,0,2025-08-27 23:10:13,0,2025-08-27 23:10:13,,,
2025-08-27,1/3焦煤,大连港,鹤岗市,,0.25,7.50,18.00,70.00,1260.00,0.00,平仓价,4559,2025-08-27 00:00:00,1,0,2025-08-27 23:10:13,0,2025-08-27 23:10:13,,,
2025-08-28,1/3焦煤,大连港,俄罗斯,,0.75,8.50,33.00,80.00,1040.00,0.00,平仓价,4560,2025-08-28 00:00:00,1,0,2025-08-28 23:10:10,0,2025-08-28 23:10:10,,,
2025-08-28,1/3焦煤,大连港,鹤岗市,,0.25,7.50,18.00,70.00,1260.00,0.00,平仓价,4561,2025-08-28 00:00:00,1,0,2025-08-28 23:10:10,0,2025-08-28 23:10:10,,,
2025-08-29,1/3焦煤,大连港,俄罗斯,,0.75,8.50,33.00,80.00,1030.00,-10.00,平仓价,4562,2025-08-29 00:00:00,1,0,2025-08-29 23:10:23,0,2025-08-29 23:10:23,,,
2025-08-29,1/3焦煤,大连港,鹤岗市,,0.25,7.50,18.00,70.00,1260.00,0.00,平仓价,4563,2025-08-29 00:00:00,1,0,2025-08-29 23:10:23,0,2025-08-29 23:10:23,,,
2025-09-01,1/3焦煤,大连港,俄罗斯,,0.75,8.50,33.00,80.00,1030.00,0.00,平仓价,4564,2025-09-01 00:00:00,1,0,2025-09-01 23:10:07,0,2025-09-01 23:10:07,,,
2025-09-01,1/3焦煤,大连港,鹤岗市,,0.25,7.50,18.00,70.00,1260.00,0.00,平仓价,4565,2025-09-01 00:00:00,1,0,2025-09-01 23:10:07,0,2025-09-01 23:10:07,,,
2025-09-02,1/3焦煤,大连港,俄罗斯,,0.75,8.50,33.00,80.00,1010.00,-20.00,平仓价,4566,2025-09-02 00:00:00,1,0,2025-09-02 23:10:21,0,2025-09-02 23:10:21,,,
2025-09-02,1/3焦煤,大连港,鹤岗市,,0.25,7.50,18.00,70.00,1260.00,0.00,平仓价,4567,2025-09-02 00:00:00,1,0,2025-09-02 23:10:21,0,2025-09-02 23:10:21,,,
2025-09-03,1/3焦煤,大连港,俄罗斯,,0.75,8.50,33.00,80.00,1010.00,0.00,平仓价,4568,2025-09-03 00:00:00,1,0,2025-09-03 23:10:11,0,2025-09-03 23:10:11,,,
2025-09-03,1/3焦煤,大连港,鹤岗市,,0.25,7.50,18.00,70.00,1260.00,0.00,平仓价,4569,2025-09-03 00:00:00,1,0,2025-09-03 23:10:11,0,2025-09-03 23:10:11,,,
2025-09-04,1/3焦煤,大连港,俄罗斯,,0.75,8.50,33.00,80.00,1010.00,0.00,平仓价,4570,2025-09-04 00:00:00,1,0,2025-09-04 23:10:14,0,2025-09-04 23:10:14,,,
2025-09-04,1/3焦煤,大连港,鹤岗市,,0.25,7.50,18.00,70.00,1260.00,0.00,平仓价,4571,2025-09-04 00:00:00,1,0,2025-09-04 23:10:14,0,2025-09-04 23:10:14,,,
2025-09-05,1/3焦煤,大连港,俄罗斯,,0.75,8.50,33.00,80.00,990.00,-20.00,平仓价,4572,2025-09-05 00:00:00,1,0,2025-09-05 23:10:05,0,2025-09-05 23:10:05,,,
2025-09-05,1/3焦煤,大连港,鹤岗市,,0.25,7.50,18.00,70.00,1260.00,0.00,平仓价,4573,2025-09-05 00:00:00,1,0,2025-09-05 23:10:05,0,2025-09-05 23:10:05,,,
2025-09-08,1/3焦煤,大连港,俄罗斯,,0.75,8.50,33.00,80.00,990.00,0.00,平仓价,4574,2025-09-08 00:00:00,1,0,2025-09-08 23:10:29,0,2025-09-08 23:10:29,,,
2025-09-08,1/3焦煤,大连港,鹤岗市,,0.25,7.50,18.00,70.00,1260.00,0.00,平仓价,4575,2025-09-08 00:00:00,1,0,2025-09-08 23:10:29,0,2025-09-08 23:10:29,,,
2025-09-09,1/3焦煤,大连港,俄罗斯,,0.75,8.50,33.00,80.00,1000.00,10.00,平仓价,4576,2025-09-09 00:00:00,1,0,2025-09-09 23:10:18,0,2025-09-09 23:10:18,,,
2025-09-09,1/3焦煤,大连港,鹤岗市,,0.25,7.50,18.00,70.00,1260.00,0.00,平仓价,4577,2025-09-09 00:00:00,1,0,2025-09-09 23:10:18,0,2025-09-09 23:10:18,,,
2025-09-10,1/3焦煤,大连港,俄罗斯,,0.75,8.50,33.00,80.00,1000.00,0.00,平仓价,4578,2025-09-10 00:00:00,1,0,2025-09-10 23:10:29,0,2025-09-10 23:10:29,,,
2025-09-10,1/3焦煤,大连港,鹤岗市,,0.25,7.50,18.00,70.00,1260.00,0.00,平仓价,4579,2025-09-10 00:00:00,1,0,2025-09-10 23:10:29,0,2025-09-10 23:10:29,,,
2025-09-11,1/3焦煤,大连港,俄罗斯,,0.75,8.50,33.00,80.00,1000.00,0.00,平仓价,4580,2025-09-11 00:00:00,1,0,2025-09-11 23:10:23,0,2025-09-11 23:10:23,,,
2025-09-11,1/3焦煤,大连港,鹤岗市,,0.25,7.50,18.00,70.00,1260.00,0.00,平仓价,4581,2025-09-11 00:00:00,1,0,2025-09-11 23:10:23,0,2025-09-11 23:10:23,,,
2025-09-12,1/3焦煤,大连港,俄罗斯,,0.75,8.50,33.00,80.00,1010.00,10.00,平仓价,4582,2025-09-12 00:00:00,1,0,2025-09-12 23:10:22,0,2025-09-12 23:10:22,,,
2025-09-12,1/3焦煤,大连港,鹤岗市,,0.25,7.50,18.00,70.00,1260.00,0.00,平仓价,4583,2025-09-12 00:00:00,1,0,2025-09-12 23:10:22,0,2025-09-12 23:10:22,,,
2025-09-15,1/3焦煤,大连港,俄罗斯,,0.75,8.50,33.00,80.00,1010.00,0.00,平仓价,4584,2025-09-15 00:00:00,1,0,2025-09-15 23:10:11,0,2025-09-15 23:10:11,,,
2025-09-15,1/3焦煤,大连港,鹤岗市,,0.25,7.50,18.00,70.00,1260.00,0.00,平仓价,4585,2025-09-15 00:00:00,1,0,2025-09-15 23:10:11,0,2025-09-15 23:10:11,,,
2025-09-16,1/3焦煤,大连港,俄罗斯,,0.75,8.50,33.00,80.00,1040.00,30.00,平仓价,4586,2025-09-16 00:00:00,1,0,2025-09-16 23:10:12,0,2025-09-16 23:10:12,,,
2025-09-16,1/3焦煤,大连港,鹤岗市,,0.25,7.50,18.00,70.00,1270.00,10.00,平仓价,4587,2025-09-16 00:00:00,1,0,2025-09-16 23:10:12,0,2025-09-16 23:10:12,,,
2025-09-17,1/3焦煤,大连港,俄罗斯,,0.75,8.50,33.00,80.00,1060.00,20.00,平仓价,4588,2025-09-17 00:00:00,1,0,2025-09-17 23:10:13,0,2025-09-17 23:10:13,,,
2025-09-17,1/3焦煤,大连港,鹤岗市,,0.25,7.50,18.00,70.00,1270.00,0.00,平仓价,4589,2025-09-17 00:00:00,1,0,2025-09-17 23:10:13,0,2025-09-17 23:10:13,,,
