时间,数据名称,价格类型,本期价格(元/吨),环比增幅(%),_ID,_DATA_TIME,_ACTIVE,_CREATE_ID,_CREATE_TIME,_UPDATE_ID,_UPDATE_TIME,_REMARK,_CHANGE_LOG,_RESERVE
2024-07-19,焦炭,收盘价,2182.00,-1.69%,1,2024-07-19 00:00:00,1,0,2024-07-20 12:04:28,0,2024-07-20 12:04:28,,,
2024-07-19,焦炭,结算价,2194.00,-0.59%,2,2024-07-19 00:00:00,1,0,2024-07-20 12:04:28,0,2024-07-20 12:04:28,,,
2024-07-18,焦炭,收盘价,2219.50,-0.56%,3,2024-07-18 00:00:00,1,0,2024-07-20 12:04:28,0,2024-07-20 12:04:28,,,
2024-07-18,焦炭,结算价,2207.00,-2.56%,4,2024-07-18 00:00:00,1,0,2024-07-20 12:04:28,0,2024-07-20 12:04:28,,,
2024-07-17,焦炭,收盘价,2232.00,-2.45%,5,2024-07-17 00:00:00,1,0,2024-07-20 12:04:28,0,2024-07-20 12:04:28,,,
2024-07-17,焦炭,结算价,2265.00,-0.61%,6,2024-07-17 00:00:00,1,0,2024-07-20 12:04:28,0,2024-07-20 12:04:28,,,
2024-07-16,焦炭,收盘价,2288.00,-0.09%,7,2024-07-16 00:00:00,1,0,2024-07-20 12:04:28,0,2024-07-20 12:04:28,,,
2024-07-16,焦炭,结算价,2279.00,0.22%,8,2024-07-16 00:00:00,1,0,2024-07-20 12:04:28,0,2024-07-20 12:04:28,,,
2024-07-15,焦炭,收盘价,2290.00,2.05%,9,2024-07-15 00:00:00,1,0,2024-07-20 12:04:28,0,2024-07-20 12:04:28,,,
2024-07-15,焦炭,结算价,2274.00,1.59%,10,2024-07-15 00:00:00,1,0,2024-07-20 12:04:28,0,2024-07-20 12:04:28,,,
2024-07-12,焦炭,收盘价,2244.00,0.54%,11,2024-07-12 00:00:00,1,0,2024-07-20 12:04:28,0,2024-07-20 12:04:28,,,
2024-07-12,焦炭,结算价,2238.50,0.31%,12,2024-07-12 00:00:00,1,0,2024-07-20 12:04:28,0,2024-07-20 12:04:28,,,
2024-07-11,焦炭,收盘价,2232.00,0.77%,13,2024-07-11 00:00:00,1,0,2024-07-20 12:04:28,0,2024-07-20 12:04:28,,,
2024-07-11,焦炭,结算价,2231.50,0.45%,14,2024-07-11 00:00:00,1,0,2024-07-20 12:04:28,0,2024-07-20 12:04:28,,,
2024-07-10,焦炭,收盘价,2215.00,-1.23%,15,2024-07-10 00:00:00,1,0,2024-07-20 12:04:28,0,2024-07-20 12:04:28,,,
2024-07-10,焦炭,结算价,2221.50,-0.76%,16,2024-07-10 00:00:00,1,0,2024-07-20 12:04:28,0,2024-07-20 12:04:28,,,
2024-07-09,焦炭,收盘价,2242.50,0.7%,17,2024-07-09 00:00:00,1,0,2024-07-20 12:04:28,0,2024-07-20 12:04:28,,,
2024-07-09,焦炭,结算价,2238.50,-0.33%,18,2024-07-09 00:00:00,1,0,2024-07-20 12:04:28,0,2024-07-20 12:04:28,,,
2024-07-08,焦炭,收盘价,2227.00,-1.18%,19,2024-07-08 00:00:00,1,0,2024-07-20 12:04:28,0,2024-07-20 12:04:28,,,
2024-07-08,焦炭,结算价,2246.00,-1.9%,20,2024-07-08 00:00:00,1,0,2024-07-20 12:04:28,0,2024-07-20 12:04:28,,,
2024-07-05,焦炭,收盘价,2253.50,-3.53%,21,2024-07-05 00:00:00,1,0,2024-07-20 12:04:28,0,2024-07-20 12:04:28,,,
2024-07-05,焦炭,结算价,2289.50,-2.39%,22,2024-07-05 00:00:00,1,0,2024-07-20 12:04:28,0,2024-07-20 12:04:28,,,
2024-07-04,焦炭,收盘价,2336.00,-0.97%,23,2024-07-04 00:00:00,1,0,2024-07-20 12:04:28,0,2024-07-20 12:04:28,,,
2024-07-04,焦炭,结算价,2345.50,0.77%,24,2024-07-04 00:00:00,1,0,2024-07-20 12:04:28,0,2024-07-20 12:04:28,,,
2024-07-03,焦炭,收盘价,2359.00,1.97%,25,2024-07-03 00:00:00,1,0,2024-07-20 12:04:28,0,2024-07-20 12:04:28,,,
2024-07-03,焦炭,结算价,2327.50,0.76%,26,2024-07-03 00:00:00,1,0,2024-07-20 12:04:28,0,2024-07-20 12:04:28,,,
2024-07-02,焦炭,收盘价,2313.50,0.15%,27,2024-07-02 00:00:00,1,0,2024-07-20 12:04:28,0,2024-07-20 12:04:28,,,
2024-07-02,焦炭,结算价,2310.00,1.45%,28,2024-07-02 00:00:00,1,0,2024-07-20 12:04:28,0,2024-07-20 12:04:28,,,
2024-07-01,焦炭,收盘价,2310.00,2.67%,29,2024-07-01 00:00:00,1,0,2024-07-20 12:04:28,0,2024-07-20 12:04:28,,,
2024-07-01,焦炭,结算价,2277.00,1.86%,30,2024-07-01 00:00:00,1,0,2024-07-20 12:04:28,0,2024-07-20 12:04:28,,,
2024-06-28,焦炭,收盘价,2250.00,0.78%,31,2024-06-28 00:00:00,1,0,2024-07-20 12:04:31,0,2024-07-20 12:04:31,,,
2024-06-28,焦炭,结算价,2235.50,-0.84%,32,2024-06-28 00:00:00,1,0,2024-07-20 12:04:31,0,2024-07-20 12:04:31,,,
2024-06-27,焦炭,收盘价,2232.50,-1.95%,33,2024-06-27 00:00:00,1,0,2024-07-20 12:04:31,0,2024-07-20 12:04:31,,,
2024-06-27,焦炭,结算价,2254.50,0.87%,34,2024-06-27 00:00:00,1,0,2024-07-20 12:04:31,0,2024-07-20 12:04:31,,,
2024-06-26,焦炭,收盘价,2277.00,3.08%,35,2024-06-26 00:00:00,1,0,2024-07-20 12:04:31,0,2024-07-20 12:04:31,,,
2024-06-26,焦炭,结算价,2235.00,1.41%,36,2024-06-26 00:00:00,1,0,2024-07-20 12:04:31,0,2024-07-20 12:04:31,,,
2024-06-25,焦炭,收盘价,2209.00,0.64%,37,2024-06-25 00:00:00,1,0,2024-07-20 12:04:31,0,2024-07-20 12:04:31,,,
2024-06-25,焦炭,结算价,2204.00,-0.09%,38,2024-06-25 00:00:00,1,0,2024-07-20 12:04:31,0,2024-07-20 12:04:31,,,
2024-06-24,焦炭,收盘价,2195.00,-0.9%,39,2024-06-24 00:00:00,1,0,2024-07-20 12:04:31,0,2024-07-20 12:04:31,,,
2024-06-24,焦炭,结算价,2206.00,-1.65%,40,2024-06-24 00:00:00,1,0,2024-07-20 12:04:31,0,2024-07-20 12:04:31,,,
2024-06-21,焦炭,收盘价,2215.00,-1.53%,41,2024-06-21 00:00:00,1,0,2024-07-20 12:04:31,0,2024-07-20 12:04:31,,,
2024-06-21,焦炭,结算价,2243.00,-0.75%,42,2024-06-21 00:00:00,1,0,2024-07-20 12:04:31,0,2024-07-20 12:04:31,,,
2024-06-20,焦炭,收盘价,2249.50,-1.75%,43,2024-06-20 00:00:00,1,0,2024-07-20 12:04:31,0,2024-07-20 12:04:31,,,
2024-06-20,焦炭,结算价,2260.00,-1.18%,44,2024-06-20 00:00:00,1,0,2024-07-20 12:04:31,0,2024-07-20 12:04:31,,,
2024-06-19,焦炭,收盘价,2289.50,0.84%,45,2024-06-19 00:00:00,1,0,2024-07-20 12:04:31,0,2024-07-20 12:04:31,,,
2024-06-19,焦炭,结算价,2287.00,-0.2%,46,2024-06-19 00:00:00,1,0,2024-07-20 12:04:31,0,2024-07-20 12:04:31,,,
2024-06-18,焦炭,收盘价,2270.50,-0.24%,47,2024-06-18 00:00:00,1,0,2024-07-20 12:04:31,0,2024-07-20 12:04:31,,,
2024-06-18,焦炭,结算价,2291.50,-0.04%,48,2024-06-18 00:00:00,1,0,2024-07-20 12:04:31,0,2024-07-20 12:04:31,,,
2024-06-17,焦炭,收盘价,2276.00,-2.36%,49,2024-06-17 00:00:00,1,0,2024-07-20 12:04:31,0,2024-07-20 12:04:31,,,
2024-06-17,焦炭,结算价,2292.50,-0.41%,50,2024-06-17 00:00:00,1,0,2024-07-20 12:04:31,0,2024-07-20 12:04:31,,,
2024-06-14,焦炭,收盘价,2331.00,3.%,51,2024-06-14 00:00:00,1,0,2024-07-20 12:04:31,0,2024-07-20 12:04:31,,,
2024-06-14,焦炭,结算价,2302.00,2.63%,52,2024-06-14 00:00:00,1,0,2024-07-20 12:04:31,0,2024-07-20 12:04:31,,,
2024-06-13,焦炭,收盘价,2263.00,1.21%,53,2024-06-13 00:00:00,1,0,2024-07-20 12:04:31,0,2024-07-20 12:04:31,,,
2024-06-13,焦炭,结算价,2243.00,0.61%,54,2024-06-13 00:00:00,1,0,2024-07-20 12:04:31,0,2024-07-20 12:04:31,,,
2024-06-12,焦炭,收盘价,2236.00,1.57%,55,2024-06-12 00:00:00,1,0,2024-07-20 12:04:31,0,2024-07-20 12:04:31,,,
2024-06-12,焦炭,结算价,2229.50,0.68%,56,2024-06-12 00:00:00,1,0,2024-07-20 12:04:31,0,2024-07-20 12:04:31,,,
2024-06-11,焦炭,收盘价,2201.50,-2.24%,57,2024-06-11 00:00:00,1,0,2024-07-20 12:04:31,0,2024-07-20 12:04:31,,,
2024-06-11,焦炭,结算价,2214.50,-2.27%,58,2024-06-11 00:00:00,1,0,2024-07-20 12:04:31,0,2024-07-20 12:04:31,,,
2024-06-07,焦炭,收盘价,2252.00,0.42%,59,2024-06-07 00:00:00,1,0,2024-07-20 12:04:31,0,2024-07-20 12:04:31,,,
2024-06-07,焦炭,结算价,2266.00,1.48%,60,2024-06-07 00:00:00,1,0,2024-07-20 12:04:31,0,2024-07-20 12:04:31,,,
2024-06-06,焦炭,收盘价,2242.50,0.25%,61,2024-06-06 00:00:00,1,0,2024-07-20 12:04:34,0,2024-07-20 12:04:34,,,
2024-06-06,焦炭,结算价,2233.00,-0.53%,62,2024-06-06 00:00:00,1,0,2024-07-20 12:04:34,0,2024-07-20 12:04:34,,,
2024-06-05,焦炭,收盘价,2237.00,-0.6%,63,2024-06-05 00:00:00,1,0,2024-07-20 12:04:34,0,2024-07-20 12:04:34,,,
2024-06-05,焦炭,结算价,2245.00,-0.62%,64,2024-06-05 00:00:00,1,0,2024-07-20 12:04:34,0,2024-07-20 12:04:34,,,
2024-06-04,焦炭,收盘价,2250.50,-0.82%,65,2024-06-04 00:00:00,1,0,2024-07-20 12:04:34,0,2024-07-20 12:04:34,,,
2024-06-04,焦炭,结算价,2259.00,-0.53%,66,2024-06-04 00:00:00,1,0,2024-07-20 12:04:34,0,2024-07-20 12:04:34,,,
2024-06-03,焦炭,收盘价,2269.00,-0.18%,67,2024-06-03 00:00:00,1,0,2024-07-20 12:04:34,0,2024-07-20 12:04:34,,,
2024-06-03,焦炭,结算价,2271.00,-1.62%,68,2024-06-03 00:00:00,1,0,2024-07-20 12:04:34,0,2024-07-20 12:04:34,,,
2024-05-31,焦炭,收盘价,2273.00,-2.63%,69,2024-05-31 00:00:00,1,0,2024-07-20 12:04:34,0,2024-07-20 12:04:34,,,
2024-05-31,焦炭,结算价,2308.50,-2.49%,70,2024-05-31 00:00:00,1,0,2024-07-20 12:04:34,0,2024-07-20 12:04:34,,,
2024-05-30,焦炭,收盘价,2334.50,-1.37%,71,2024-05-30 00:00:00,1,0,2024-07-20 12:04:34,0,2024-07-20 12:04:34,,,
2024-05-30,焦炭,结算价,2367.50,1.15%,72,2024-05-30 00:00:00,1,0,2024-07-20 12:04:34,0,2024-07-20 12:04:34,,,
2024-05-29,焦炭,收盘价,2367.00,2.18%,73,2024-05-29 00:00:00,1,0,2024-07-20 12:04:34,0,2024-07-20 12:04:34,,,
2024-05-29,焦炭,结算价,2340.50,-0.74%,74,2024-05-29 00:00:00,1,0,2024-07-20 12:04:34,0,2024-07-20 12:04:34,,,
2024-05-28,焦炭,收盘价,2316.50,-1.03%,75,2024-05-28 00:00:00,1,0,2024-07-20 12:04:34,0,2024-07-20 12:04:34,,,
2024-05-28,焦炭,结算价,2358.00,0.17%,76,2024-05-28 00:00:00,1,0,2024-07-20 12:04:34,0,2024-07-20 12:04:34,,,
2024-05-27,焦炭,收盘价,2340.50,-1.43%,77,2024-05-27 00:00:00,1,0,2024-07-20 12:04:34,0,2024-07-20 12:04:34,,,
2024-05-27,焦炭,结算价,2354.00,-0.19%,78,2024-05-27 00:00:00,1,0,2024-07-20 12:04:34,0,2024-07-20 12:04:34,,,
2024-05-24,焦炭,收盘价,2374.50,1.52%,79,2024-05-24 00:00:00,1,0,2024-07-20 12:04:34,0,2024-07-20 12:04:34,,,
2024-05-24,焦炭,结算价,2358.50,0.7%,80,2024-05-24 00:00:00,1,0,2024-07-20 12:04:34,0,2024-07-20 12:04:34,,,
2024-05-23,焦炭,收盘价,2339.00,-0.64%,81,2024-05-23 00:00:00,1,0,2024-07-20 12:04:34,0,2024-07-20 12:04:34,,,
2024-05-23,焦炭,结算价,2342.00,0.97%,82,2024-05-23 00:00:00,1,0,2024-07-20 12:04:34,0,2024-07-20 12:04:34,,,
2024-05-22,焦炭,收盘价,2354.00,3.72%,83,2024-05-22 00:00:00,1,0,2024-07-20 12:04:34,0,2024-07-20 12:04:34,,,
2024-05-22,焦炭,结算价,2319.50,3.09%,84,2024-05-22 00:00:00,1,0,2024-07-20 12:04:34,0,2024-07-20 12:04:34,,,
2024-05-21,焦炭,收盘价,2269.50,-0.37%,85,2024-05-21 00:00:00,1,0,2024-07-20 12:04:34,0,2024-07-20 12:04:34,,,
2024-05-21,焦炭,结算价,2250.00,-0.92%,86,2024-05-21 00:00:00,1,0,2024-07-20 12:04:34,0,2024-07-20 12:04:34,,,
2024-05-20,焦炭,收盘价,2278.00,0.62%,87,2024-05-20 00:00:00,1,0,2024-07-20 12:04:34,0,2024-07-20 12:04:34,,,
2024-05-20,焦炭,结算价,2271.00,0.66%,88,2024-05-20 00:00:00,1,0,2024-07-20 12:04:34,0,2024-07-20 12:04:34,,,
2024-05-17,焦炭,收盘价,2264.00,1.41%,89,2024-05-17 00:00:00,1,0,2024-07-20 12:04:34,0,2024-07-20 12:04:34,,,
2024-05-17,焦炭,结算价,2256.00,2.59%,90,2024-05-17 00:00:00,1,0,2024-07-20 12:04:34,0,2024-07-20 12:04:34,,,
2024-05-16,焦炭,收盘价,2232.50,2.15%,91,2024-05-16 00:00:00,1,0,2024-07-20 12:04:37,0,2024-07-20 12:04:37,,,
2024-05-16,焦炭,结算价,2199.00,0.78%,92,2024-05-16 00:00:00,1,0,2024-07-20 12:04:37,0,2024-07-20 12:04:37,,,
2024-05-15,焦炭,收盘价,2185.50,-0.21%,93,2024-05-15 00:00:00,1,0,2024-07-20 12:04:37,0,2024-07-20 12:04:37,,,
2024-05-15,焦炭,结算价,2182.00,-1.42%,94,2024-05-15 00:00:00,1,0,2024-07-20 12:04:37,0,2024-07-20 12:04:37,,,
2024-05-14,焦炭,收盘价,2190.00,-3.01%,95,2024-05-14 00:00:00,1,0,2024-07-20 12:04:37,0,2024-07-20 12:04:37,,,
2024-05-14,焦炭,结算价,2213.50,-1.53%,96,2024-05-14 00:00:00,1,0,2024-07-20 12:04:37,0,2024-07-20 12:04:37,,,
2024-05-13,焦炭,收盘价,2258.00,-0.48%,97,2024-05-13 00:00:00,1,0,2024-07-20 12:04:37,0,2024-07-20 12:04:37,,,
2024-05-13,焦炭,结算价,2248.00,-1.23%,98,2024-05-13 00:00:00,1,0,2024-07-20 12:04:37,0,2024-07-20 12:04:37,,,
2024-05-10,焦炭,收盘价,2269.00,-1.22%,99,2024-05-10 00:00:00,1,0,2024-07-20 12:04:37,0,2024-07-20 12:04:37,,,
2024-05-10,焦炭,结算价,2276.00,-1.15%,100,2024-05-10 00:00:00,1,0,2024-07-20 12:04:37,0,2024-07-20 12:04:37,,,
2024-05-09,焦炭,收盘价,2297.00,-0.61%,101,2024-05-09 00:00:00,1,0,2024-07-20 12:04:37,0,2024-07-20 12:04:37,,,
2024-05-09,焦炭,结算价,2302.50,-1.81%,102,2024-05-09 00:00:00,1,0,2024-07-20 12:04:37,0,2024-07-20 12:04:37,,,
2024-05-08,焦炭,收盘价,2311.00,-3.18%,103,2024-05-08 00:00:00,1,0,2024-07-20 12:04:37,0,2024-07-20 12:04:37,,,
2024-05-08,焦炭,结算价,2345.00,-2.49%,104,2024-05-08 00:00:00,1,0,2024-07-20 12:04:37,0,2024-07-20 12:04:37,,,
2024-05-07,焦炭,收盘价,2387.00,-1.32%,105,2024-05-07 00:00:00,1,0,2024-07-20 12:04:37,0,2024-07-20 12:04:37,,,
2024-05-07,焦炭,结算价,2405.00,0.5%,106,2024-05-07 00:00:00,1,0,2024-07-20 12:04:37,0,2024-07-20 12:04:37,,,
2024-05-06,焦炭,收盘价,2419.00,2.72%,107,2024-05-06 00:00:00,1,0,2024-07-20 12:04:37,0,2024-07-20 12:04:37,,,
2024-05-06,焦炭,结算价,2393.00,1.27%,108,2024-05-06 00:00:00,1,0,2024-07-20 12:04:37,0,2024-07-20 12:04:37,,,
2024-04-30,焦炭,收盘价,2355.00,0.28%,109,2024-04-30 00:00:00,1,0,2024-07-20 12:04:37,0,2024-07-20 12:04:37,,,
2024-04-30,焦炭,结算价,2363.00,0.53%,110,2024-04-30 00:00:00,1,0,2024-07-20 12:04:37,0,2024-07-20 12:04:37,,,
2024-04-29,焦炭,收盘价,2348.50,-0.38%,111,2024-04-29 00:00:00,1,0,2024-07-20 12:04:37,0,2024-07-20 12:04:37,,,
2024-04-29,焦炭,结算价,2350.50,0.32%,112,2024-04-29 00:00:00,1,0,2024-07-20 12:04:37,0,2024-07-20 12:04:37,,,
2024-04-26,焦炭,收盘价,2357.50,1.44%,113,2024-04-26 00:00:00,1,0,2024-07-20 12:04:37,0,2024-07-20 12:04:37,,,
2024-04-26,焦炭,结算价,2343.00,0.6%,114,2024-04-26 00:00:00,1,0,2024-07-20 12:04:37,0,2024-07-20 12:04:37,,,
2024-04-25,焦炭,收盘价,2324.00,0.35%,115,2024-04-25 00:00:00,1,0,2024-07-20 12:04:37,0,2024-07-20 12:04:37,,,
2024-04-25,焦炭,结算价,2329.00,1.19%,116,2024-04-25 00:00:00,1,0,2024-07-20 12:04:37,0,2024-07-20 12:04:37,,,
2024-04-24,焦炭,收盘价,2316.00,2.34%,117,2024-04-24 00:00:00,1,0,2024-07-20 12:04:37,0,2024-07-20 12:04:37,,,
2024-04-24,焦炭,结算价,2301.50,0.41%,118,2024-04-24 00:00:00,1,0,2024-07-20 12:04:37,0,2024-07-20 12:04:37,,,
2024-04-23,焦炭,收盘价,2263.00,-1.48%,119,2024-04-23 00:00:00,1,0,2024-07-20 12:04:37,0,2024-07-20 12:04:37,,,
2024-04-23,焦炭,结算价,2292.00,-0.54%,120,2024-04-23 00:00:00,1,0,2024-07-20 12:04:37,0,2024-07-20 12:04:37,,,
2024-04-22,焦炭,收盘价,2297.00,-0.48%,121,2024-04-22 00:00:00,1,0,2024-07-20 12:04:40,0,2024-07-20 12:04:40,,,
2024-04-22,焦炭,结算价,2304.50,-0.41%,122,2024-04-22 00:00:00,1,0,2024-07-20 12:04:40,0,2024-07-20 12:04:40,,,
2024-04-19,焦炭,收盘价,2308.00,0.3%,123,2024-04-19 00:00:00,1,0,2024-07-20 12:04:40,0,2024-07-20 12:04:40,,,
2024-04-19,焦炭,结算价,2314.00,0.63%,124,2024-04-19 00:00:00,1,0,2024-07-20 12:04:40,0,2024-07-20 12:04:40,,,
2024-04-18,焦炭,收盘价,2301.00,0.57%,125,2024-04-18 00:00:00,1,0,2024-07-20 12:04:40,0,2024-07-20 12:04:40,,,
2024-04-18,焦炭,结算价,2299.50,1.95%,126,2024-04-18 00:00:00,1,0,2024-07-20 12:04:40,0,2024-07-20 12:04:40,,,
2024-04-17,焦炭,收盘价,2288.00,2.37%,127,2024-04-17 00:00:00,1,0,2024-07-20 12:04:40,0,2024-07-20 12:04:40,,,
2024-04-17,焦炭,结算价,2255.50,0.42%,128,2024-04-17 00:00:00,1,0,2024-07-20 12:04:40,0,2024-07-20 12:04:40,,,
2024-04-16,焦炭,收盘价,2235.00,-1.04%,129,2024-04-16 00:00:00,1,0,2024-07-20 12:04:40,0,2024-07-20 12:04:40,,,
2024-04-16,焦炭,结算价,2246.00,0.45%,130,2024-04-16 00:00:00,1,0,2024-07-20 12:04:40,0,2024-07-20 12:04:40,,,
2024-04-15,焦炭,收盘价,2258.50,4.37%,131,2024-04-15 00:00:00,1,0,2024-07-20 12:04:40,0,2024-07-20 12:04:40,,,
2024-04-15,焦炭,结算价,2236.00,5.22%,132,2024-04-15 00:00:00,1,0,2024-07-20 12:04:40,0,2024-07-20 12:04:40,,,
2024-04-12,焦炭,收盘价,2164.00,4.26%,133,2024-04-12 00:00:00,1,0,2024-07-20 12:04:40,0,2024-07-20 12:04:40,,,
2024-04-12,焦炭,结算价,2125.00,4.01%,134,2024-04-12 00:00:00,1,0,2024-07-20 12:04:40,0,2024-07-20 12:04:40,,,
2024-04-11,焦炭,收盘价,2075.50,3.16%,135,2024-04-11 00:00:00,1,0,2024-07-20 12:04:40,0,2024-07-20 12:04:40,,,
2024-04-11,焦炭,结算价,2043.00,1.39%,136,2024-04-11 00:00:00,1,0,2024-07-20 12:04:40,0,2024-07-20 12:04:40,,,
2024-04-10,焦炭,收盘价,2012.00,0.3%,137,2024-04-10 00:00:00,1,0,2024-07-20 12:04:40,0,2024-07-20 12:04:40,,,
2024-04-10,焦炭,结算价,2015.00,1.77%,138,2024-04-10 00:00:00,1,0,2024-07-20 12:04:40,0,2024-07-20 12:04:40,,,
2024-04-09,焦炭,收盘价,2006.00,0.88%,139,2024-04-09 00:00:00,1,0,2024-07-20 12:04:40,0,2024-07-20 12:04:40,,,
2024-04-09,焦炭,结算价,1980.00,1.18%,140,2024-04-09 00:00:00,1,0,2024-07-20 12:04:40,0,2024-07-20 12:04:40,,,
2024-04-08,焦炭,收盘价,1988.50,1.43%,141,2024-04-08 00:00:00,1,0,2024-07-20 12:04:40,0,2024-07-20 12:04:40,,,
2024-04-08,焦炭,结算价,1957.00,-1.93%,142,2024-04-08 00:00:00,1,0,2024-07-20 12:04:40,0,2024-07-20 12:04:40,,,
2024-04-03,焦炭,收盘价,1960.50,-0.41%,143,2024-04-03 00:00:00,1,0,2024-07-20 12:04:40,0,2024-07-20 12:04:40,,,
2024-04-03,焦炭,结算价,1995.50,1.22%,144,2024-04-03 00:00:00,1,0,2024-07-20 12:04:40,0,2024-07-20 12:04:40,,,
2024-04-02,焦炭,收盘价,1968.50,-0.56%,145,2024-04-02 00:00:00,1,0,2024-07-20 12:04:40,0,2024-07-20 12:04:40,,,
2024-04-02,焦炭,结算价,1971.50,0.54%,146,2024-04-02 00:00:00,1,0,2024-07-20 12:04:40,0,2024-07-20 12:04:40,,,
2024-04-01,焦炭,收盘价,1979.50,-0.53%,147,2024-04-01 00:00:00,1,0,2024-07-20 12:04:40,0,2024-07-20 12:04:40,,,
2024-04-01,焦炭,结算价,1961.00,-1.93%,148,2024-04-01 00:00:00,1,0,2024-07-20 12:04:40,0,2024-07-20 12:04:40,,,
2024-03-29,焦炭,收盘价,1990.00,-2.81%,149,2024-03-29 00:00:00,1,0,2024-07-20 12:04:40,0,2024-07-20 12:04:40,,,
2024-03-29,焦炭,结算价,1999.50,-2.06%,150,2024-03-29 00:00:00,1,0,2024-07-20 12:04:40,0,2024-07-20 12:04:40,,,
2024-03-28,焦炭,收盘价,2047.50,-0.46%,151,2024-03-28 00:00:00,1,0,2024-07-20 12:04:44,0,2024-07-20 12:04:44,,,
2024-03-28,焦炭,结算价,2041.50,-1.95%,152,2024-03-28 00:00:00,1,0,2024-07-20 12:04:44,0,2024-07-20 12:04:44,,,
2024-03-27,焦炭,收盘价,2057.00,-1.6%,153,2024-03-27 00:00:00,1,0,2024-07-20 12:04:44,0,2024-07-20 12:04:44,,,
2024-03-27,焦炭,结算价,2082.00,-2.18%,154,2024-03-27 00:00:00,1,0,2024-07-20 12:04:44,0,2024-07-20 12:04:44,,,
2024-03-26,焦炭,收盘价,2090.50,-2.81%,155,2024-03-26 00:00:00,1,0,2024-07-20 12:04:44,0,2024-07-20 12:04:44,,,
2024-03-26,焦炭,结算价,2128.50,-2.23%,156,2024-03-26 00:00:00,1,0,2024-07-20 12:04:44,0,2024-07-20 12:04:44,,,
2024-03-25,焦炭,收盘价,2151.00,-1.58%,157,2024-03-25 00:00:00,1,0,2024-07-20 12:04:44,0,2024-07-20 12:04:44,,,
2024-03-25,焦炭,结算价,2177.00,-0.05%,158,2024-03-25 00:00:00,1,0,2024-07-20 12:04:44,0,2024-07-20 12:04:44,,,
2024-03-22,焦炭,收盘价,2185.50,-0.02%,159,2024-03-22 00:00:00,1,0,2024-07-20 12:04:44,0,2024-07-20 12:04:44,,,
2024-03-22,焦炭,结算价,2178.00,0.25%,160,2024-03-22 00:00:00,1,0,2024-07-20 12:04:44,0,2024-07-20 12:04:44,,,
2024-03-21,焦炭,收盘价,2186.00,0.51%,161,2024-03-21 00:00:00,1,0,2024-07-20 12:04:44,0,2024-07-20 12:04:44,,,
2024-03-21,焦炭,结算价,2172.50,-0.57%,162,2024-03-21 00:00:00,1,0,2024-07-20 12:04:44,0,2024-07-20 12:04:44,,,
2024-03-20,焦炭,收盘价,2175.00,-0.21%,163,2024-03-20 00:00:00,1,0,2024-07-20 12:04:44,0,2024-07-20 12:04:44,,,
2024-03-20,焦炭,结算价,2185.00,1.18%,164,2024-03-20 00:00:00,1,0,2024-07-20 12:04:44,0,2024-07-20 12:04:44,,,
2024-03-19,焦炭,收盘价,2179.50,1.51%,165,2024-03-19 00:00:00,1,0,2024-07-20 12:04:44,0,2024-07-20 12:04:44,,,
2024-03-19,焦炭,结算价,2159.50,1.55%,166,2024-03-19 00:00:00,1,0,2024-07-20 12:04:44,0,2024-07-20 12:04:44,,,
2024-03-18,焦炭,收盘价,2147.00,0.28%,167,2024-03-18 00:00:00,1,0,2024-07-20 12:04:44,0,2024-07-20 12:04:44,,,
2024-03-18,焦炭,结算价,2126.50,-0.95%,168,2024-03-18 00:00:00,1,0,2024-07-20 12:04:44,0,2024-07-20 12:04:44,,,
2024-03-15,焦炭,收盘价,2141.00,-1.27%,169,2024-03-15 00:00:00,1,0,2024-07-20 12:04:44,0,2024-07-20 12:04:44,,,
2024-03-15,焦炭,结算价,2147.00,-1.45%,170,2024-03-15 00:00:00,1,0,2024-07-20 12:04:44,0,2024-07-20 12:04:44,,,
2024-03-14,焦炭,收盘价,2168.50,-1.18%,171,2024-03-14 00:00:00,1,0,2024-07-20 12:04:44,0,2024-07-20 12:04:44,,,
2024-03-14,焦炭,结算价,2178.50,-1.31%,172,2024-03-14 00:00:00,1,0,2024-07-20 12:04:44,0,2024-07-20 12:04:44,,,
2024-03-13,焦炭,收盘价,2194.50,-2.21%,173,2024-03-13 00:00:00,1,0,2024-07-20 12:04:44,0,2024-07-20 12:04:44,,,
2024-03-13,焦炭,结算价,2207.50,-1.8%,174,2024-03-13 00:00:00,1,0,2024-07-20 12:04:44,0,2024-07-20 12:04:44,,,
2024-03-12,焦炭,收盘价,2244.00,0.34%,175,2024-03-12 00:00:00,1,0,2024-07-20 12:04:44,0,2024-07-20 12:04:44,,,
2024-03-12,焦炭,结算价,2248.00,-0.13%,176,2024-03-12 00:00:00,1,0,2024-07-20 12:04:44,0,2024-07-20 12:04:44,,,
2024-03-11,焦炭,收盘价,2236.50,-2.42%,177,2024-03-11 00:00:00,1,0,2024-07-20 12:04:44,0,2024-07-20 12:04:44,,,
2024-03-11,焦炭,结算价,2251.00,-1.4%,178,2024-03-11 00:00:00,1,0,2024-07-20 12:04:44,0,2024-07-20 12:04:44,,,
2024-03-08,焦炭,收盘价,2292.00,-0.35%,179,2024-03-08 00:00:00,1,0,2024-07-20 12:04:44,0,2024-07-20 12:04:44,,,
2024-03-08,焦炭,结算价,2283.00,-0.91%,180,2024-03-08 00:00:00,1,0,2024-07-20 12:04:44,0,2024-07-20 12:04:44,,,
2024-03-07,焦炭,收盘价,2300.00,0.39%,181,2024-03-07 00:00:00,1,0,2024-07-20 12:04:48,0,2024-07-20 12:04:48,,,
2024-03-07,焦炭,结算价,2304.00,-0.02%,182,2024-03-07 00:00:00,1,0,2024-07-20 12:04:48,0,2024-07-20 12:04:48,,,
2024-03-06,焦炭,收盘价,2291.00,-1.53%,183,2024-03-06 00:00:00,1,0,2024-07-20 12:04:48,0,2024-07-20 12:04:48,,,
2024-03-06,焦炭,结算价,2304.50,-1.41%,184,2024-03-06 00:00:00,1,0,2024-07-20 12:04:48,0,2024-07-20 12:04:48,,,
2024-03-05,焦炭,收盘价,2326.50,-1.46%,185,2024-03-05 00:00:00,1,0,2024-07-20 12:04:48,0,2024-07-20 12:04:48,,,
2024-03-05,焦炭,结算价,2337.50,-0.4%,186,2024-03-05 00:00:00,1,0,2024-07-20 12:04:48,0,2024-07-20 12:04:48,,,
2024-03-04,焦炭,收盘价,2361.00,-0.02%,187,2024-03-04 00:00:00,1,0,2024-07-20 12:04:48,0,2024-07-20 12:04:48,,,
2024-03-04,焦炭,结算价,2347.00,-1.98%,188,2024-03-04 00:00:00,1,0,2024-07-20 12:04:48,0,2024-07-20 12:04:48,,,
2024-03-01,焦炭,收盘价,2361.50,-0.84%,189,2024-03-01 00:00:00,1,0,2024-07-20 12:04:48,0,2024-07-20 12:04:48,,,
2024-03-01,焦炭,结算价,2394.50,0.76%,190,2024-03-01 00:00:00,1,0,2024-07-20 12:04:48,0,2024-07-20 12:04:48,,,
2024-02-29,焦炭,收盘价,2381.50,-0.31%,191,2024-02-29 00:00:00,1,0,2024-07-20 12:04:48,0,2024-07-20 12:04:48,,,
2024-02-29,焦炭,结算价,2376.50,-0.23%,192,2024-02-29 00:00:00,1,0,2024-07-20 12:04:48,0,2024-07-20 12:04:48,,,
2024-02-28,焦炭,收盘价,2389.00,-0.21%,193,2024-02-28 00:00:00,1,0,2024-07-20 12:04:48,0,2024-07-20 12:04:48,,,
2024-02-28,焦炭,结算价,2382.00,1.04%,194,2024-02-28 00:00:00,1,0,2024-07-20 12:04:48,0,2024-07-20 12:04:48,,,
2024-02-27,焦炭,收盘价,2394.00,3.46%,195,2024-02-27 00:00:00,1,0,2024-07-20 12:04:48,0,2024-07-20 12:04:48,,,
2024-02-27,焦炭,结算价,2357.50,0.55%,196,2024-02-27 00:00:00,1,0,2024-07-20 12:04:48,0,2024-07-20 12:04:48,,,
2024-02-26,焦炭,收盘价,2314.00,-2.38%,197,2024-02-26 00:00:00,1,0,2024-07-20 12:04:48,0,2024-07-20 12:04:48,,,
2024-02-26,焦炭,结算价,2344.50,-1.64%,198,2024-02-26 00:00:00,1,0,2024-07-20 12:04:48,0,2024-07-20 12:04:48,,,
2024-02-23,焦炭,收盘价,2370.50,-1.37%,199,2024-02-23 00:00:00,1,0,2024-07-20 12:04:48,0,2024-07-20 12:04:48,,,
2024-02-23,焦炭,结算价,2383.50,0.1%,200,2024-02-23 00:00:00,1,0,2024-07-20 12:04:48,0,2024-07-20 12:04:48,,,
2024-02-22,焦炭,收盘价,2403.50,2.04%,201,2024-02-22 00:00:00,1,0,2024-07-20 12:04:48,0,2024-07-20 12:04:48,,,
2024-02-22,焦炭,结算价,2381.00,2.01%,202,2024-02-22 00:00:00,1,0,2024-07-20 12:04:48,0,2024-07-20 12:04:48,,,
2024-02-21,焦炭,收盘价,2355.50,4.43%,203,2024-02-21 00:00:00,1,0,2024-07-20 12:04:48,0,2024-07-20 12:04:48,,,
2024-02-21,焦炭,结算价,2334.00,2.84%,204,2024-02-21 00:00:00,1,0,2024-07-20 12:04:48,0,2024-07-20 12:04:48,,,
2024-02-20,焦炭,收盘价,2255.50,-0.68%,205,2024-02-20 00:00:00,1,0,2024-07-20 12:04:48,0,2024-07-20 12:04:48,,,
2024-02-20,焦炭,结算价,2269.50,-1.65%,206,2024-02-20 00:00:00,1,0,2024-07-20 12:04:48,0,2024-07-20 12:04:48,,,
2024-02-19,焦炭,收盘价,2271.00,-4.5%,207,2024-02-19 00:00:00,1,0,2024-07-20 12:04:48,0,2024-07-20 12:04:48,,,
2024-02-19,焦炭,结算价,2307.50,-1.64%,208,2024-02-19 00:00:00,1,0,2024-07-20 12:04:48,0,2024-07-20 12:04:48,,,
2024-02-08,焦炭,收盘价,2378.00,2.61%,209,2024-02-08 00:00:00,1,0,2024-07-20 12:04:48,0,2024-07-20 12:04:48,,,
2024-02-08,焦炭,结算价,2346.00,1.12%,210,2024-02-08 00:00:00,1,0,2024-07-20 12:04:48,0,2024-07-20 12:04:48,,,
2024-02-07,焦炭,收盘价,2317.50,-0.54%,211,2024-02-07 00:00:00,1,0,2024-07-20 12:04:50,0,2024-07-20 12:04:50,,,
2024-02-07,焦炭,结算价,2320.00,0.17%,212,2024-02-07 00:00:00,1,0,2024-07-20 12:04:50,0,2024-07-20 12:04:50,,,
2024-02-06,焦炭,收盘价,2330.00,-0.11%,213,2024-02-06 00:00:00,1,0,2024-07-20 12:04:50,0,2024-07-20 12:04:50,,,
2024-02-06,焦炭,结算价,2316.00,-0.92%,214,2024-02-06 00:00:00,1,0,2024-07-20 12:04:50,0,2024-07-20 12:04:50,,,
2024-02-05,焦炭,收盘价,2332.50,0.19%,215,2024-02-05 00:00:00,1,0,2024-07-20 12:04:50,0,2024-07-20 12:04:50,,,
2024-02-05,焦炭,结算价,2337.50,0.02%,216,2024-02-05 00:00:00,1,0,2024-07-20 12:04:50,0,2024-07-20 12:04:50,,,
2024-02-02,焦炭,收盘价,2328.00,-0.87%,217,2024-02-02 00:00:00,1,0,2024-07-20 12:04:50,0,2024-07-20 12:04:50,,,
2024-02-02,焦炭,结算价,2337.00,-0.43%,218,2024-02-02 00:00:00,1,0,2024-07-20 12:04:50,0,2024-07-20 12:04:50,,,
2024-02-01,焦炭,收盘价,2348.50,0.11%,219,2024-02-01 00:00:00,1,0,2024-07-20 12:04:50,0,2024-07-20 12:04:50,,,
2024-02-01,焦炭,结算价,2347.00,-1.1%,220,2024-02-01 00:00:00,1,0,2024-07-20 12:04:50,0,2024-07-20 12:04:50,,,
2024-01-31,焦炭,收盘价,2346.00,-2.17%,221,2024-01-31 00:00:00,1,0,2024-07-20 12:04:50,0,2024-07-20 12:04:50,,,
2024-01-31,焦炭,结算价,2373.00,-2.47%,222,2024-01-31 00:00:00,1,0,2024-07-20 12:04:50,0,2024-07-20 12:04:50,,,
2024-01-30,焦炭,收盘价,2398.00,-1.88%,223,2024-01-30 00:00:00,1,0,2024-07-20 12:04:50,0,2024-07-20 12:04:50,,,
2024-01-30,焦炭,结算价,2433.00,-1.12%,224,2024-01-30 00:00:00,1,0,2024-07-20 12:04:50,0,2024-07-20 12:04:50,,,
2024-01-29,焦炭,收盘价,2444.00,-0.63%,225,2024-01-29 00:00:00,1,0,2024-07-20 12:04:50,0,2024-07-20 12:04:50,,,
2024-01-29,焦炭,结算价,2460.50,-0.75%,226,2024-01-29 00:00:00,1,0,2024-07-20 12:04:50,0,2024-07-20 12:04:50,,,
2024-01-26,焦炭,收盘价,2459.50,-1.36%,227,2024-01-26 00:00:00,1,0,2024-07-20 12:04:50,0,2024-07-20 12:04:50,,,
2024-01-26,焦炭,结算价,2479.00,-1.24%,228,2024-01-26 00:00:00,1,0,2024-07-20 12:04:50,0,2024-07-20 12:04:50,,,
2024-01-25,焦炭,收盘价,2493.50,-0.42%,229,2024-01-25 00:00:00,1,0,2024-07-20 12:04:50,0,2024-07-20 12:04:50,,,
2024-01-25,焦炭,结算价,2510.00,0.97%,230,2024-01-25 00:00:00,1,0,2024-07-20 12:04:50,0,2024-07-20 12:04:50,,,
2024-01-24,焦炭,收盘价,2504.00,0.89%,231,2024-01-24 00:00:00,1,0,2024-07-20 12:04:50,0,2024-07-20 12:04:50,,,
2024-01-24,焦炭,结算价,2486.00,0.55%,232,2024-01-24 00:00:00,1,0,2024-07-20 12:04:50,0,2024-07-20 12:04:50,,,
2024-01-23,焦炭,收盘价,2482.00,1.14%,233,2024-01-23 00:00:00,1,0,2024-07-20 12:04:50,0,2024-07-20 12:04:50,,,
2024-01-23,焦炭,结算价,2472.50,0.34%,234,2024-01-23 00:00:00,1,0,2024-07-20 12:04:50,0,2024-07-20 12:04:50,,,
2024-01-22,焦炭,收盘价,2454.00,0.33%,235,2024-01-22 00:00:00,1,0,2024-07-20 12:04:50,0,2024-07-20 12:04:50,,,
2024-01-22,焦炭,结算价,2464.00,1.17%,236,2024-01-22 00:00:00,1,0,2024-07-20 12:04:50,0,2024-07-20 12:04:50,,,
2024-01-19,焦炭,收盘价,2446.00,-0.02%,237,2024-01-19 00:00:00,1,0,2024-07-20 12:04:50,0,2024-07-20 12:04:50,,,
2024-01-19,焦炭,结算价,2435.50,0.77%,238,2024-01-19 00:00:00,1,0,2024-07-20 12:04:50,0,2024-07-20 12:04:50,,,
2024-01-18,焦炭,收盘价,2446.50,1.54%,239,2024-01-18 00:00:00,1,0,2024-07-20 12:04:50,0,2024-07-20 12:04:50,,,
2024-01-18,焦炭,结算价,2417.00,-0.86%,240,2024-01-18 00:00:00,1,0,2024-07-20 12:04:50,0,2024-07-20 12:04:50,,,
2024-01-17,焦炭,收盘价,2409.50,-0.66%,241,2024-01-17 00:00:00,1,0,2024-07-20 12:04:54,0,2024-07-20 12:04:54,,,
2024-01-17,焦炭,结算价,2438.00,1.67%,242,2024-01-17 00:00:00,1,0,2024-07-20 12:04:54,0,2024-07-20 12:04:54,,,
2024-01-16,焦炭,收盘价,2425.50,0.98%,243,2024-01-16 00:00:00,1,0,2024-07-20 12:04:54,0,2024-07-20 12:04:54,,,
2024-01-16,焦炭,结算价,2398.00,0.23%,244,2024-01-16 00:00:00,1,0,2024-07-20 12:04:54,0,2024-07-20 12:04:54,,,
2024-01-15,焦炭,收盘价,2402.00,0.67%,245,2024-01-15 00:00:00,1,0,2024-07-20 12:04:54,0,2024-07-20 12:04:54,,,
2024-01-15,焦炭,结算价,2392.50,-0.17%,246,2024-01-15 00:00:00,1,0,2024-07-20 12:04:54,0,2024-07-20 12:04:54,,,
2024-01-12,焦炭,收盘价,2386.00,-0.73%,247,2024-01-12 00:00:00,1,0,2024-07-20 12:04:54,0,2024-07-20 12:04:54,,,
2024-01-12,焦炭,结算价,2396.50,0.25%,248,2024-01-12 00:00:00,1,0,2024-07-20 12:04:54,0,2024-07-20 12:04:54,,,
2024-01-11,焦炭,收盘价,2403.50,1.22%,249,2024-01-11 00:00:00,1,0,2024-07-20 12:04:54,0,2024-07-20 12:04:54,,,
2024-01-11,焦炭,结算价,2390.50,0.42%,250,2024-01-11 00:00:00,1,0,2024-07-20 12:04:54,0,2024-07-20 12:04:54,,,
2024-01-10,焦炭,收盘价,2374.50,-1.04%,251,2024-01-10 00:00:00,1,0,2024-07-20 12:04:54,0,2024-07-20 12:04:54,,,
2024-01-10,焦炭,结算价,2380.50,-1.27%,252,2024-01-10 00:00:00,1,0,2024-07-20 12:04:54,0,2024-07-20 12:04:54,,,
2024-01-09,焦炭,收盘价,2399.50,-0.68%,253,2024-01-09 00:00:00,1,0,2024-07-20 12:04:54,0,2024-07-20 12:04:54,,,
2024-01-09,焦炭,结算价,2411.00,-0.43%,254,2024-01-09 00:00:00,1,0,2024-07-20 12:04:54,0,2024-07-20 12:04:54,,,
2024-01-08,焦炭,收盘价,2416.00,-1.41%,255,2024-01-08 00:00:00,1,0,2024-07-20 12:04:54,0,2024-07-20 12:04:54,,,
2024-01-08,焦炭,结算价,2421.50,-2.4%,256,2024-01-08 00:00:00,1,0,2024-07-20 12:04:54,0,2024-07-20 12:04:54,,,
2024-01-05,焦炭,收盘价,2450.50,-2.02%,257,2024-01-05 00:00:00,1,0,2024-07-20 12:04:54,0,2024-07-20 12:04:54,,,
2024-01-05,焦炭,结算价,2481.00,-2.32%,258,2024-01-05 00:00:00,1,0,2024-07-20 12:04:54,0,2024-07-20 12:04:54,,,
2024-01-04,焦炭,收盘价,2501.00,-2.78%,259,2024-01-04 00:00:00,1,0,2024-07-20 12:04:54,0,2024-07-20 12:04:54,,,
2024-01-04,焦炭,结算价,2540.00,-1.11%,260,2024-01-04 00:00:00,1,0,2024-07-20 12:04:54,0,2024-07-20 12:04:54,,,
2024-01-03,焦炭,收盘价,2572.50,1.3%,261,2024-01-03 00:00:00,1,0,2024-07-20 12:04:54,0,2024-07-20 12:04:54,,,
2024-01-03,焦炭,结算价,2568.50,2.09%,262,2024-01-03 00:00:00,1,0,2024-07-20 12:04:54,0,2024-07-20 12:04:54,,,
2024-01-02,焦炭,收盘价,2539.50,1.93%,263,2024-01-02 00:00:00,1,0,2024-07-20 12:04:54,0,2024-07-20 12:04:54,,,
2024-01-02,焦炭,结算价,2516.00,1.51%,264,2024-01-02 00:00:00,1,0,2024-07-20 12:04:54,0,2024-07-20 12:04:54,,,
2023-12-29,焦炭,收盘价,2491.50,0.3%,265,2023-12-29 00:00:00,1,0,2024-07-20 12:04:54,0,2024-07-20 12:04:54,,,
2023-12-29,焦炭,结算价,2478.50,-0.92%,266,2023-12-29 00:00:00,1,0,2024-07-20 12:04:54,0,2024-07-20 12:04:54,,,
2023-12-28,焦炭,收盘价,2484.00,-1.6%,267,2023-12-28 00:00:00,1,0,2024-07-20 12:04:54,0,2024-07-20 12:04:54,,,
2023-12-28,焦炭,结算价,2501.50,-0.22%,268,2023-12-28 00:00:00,1,0,2024-07-20 12:04:54,0,2024-07-20 12:04:54,,,
2023-12-27,焦炭,收盘价,2524.50,0.32%,269,2023-12-27 00:00:00,1,0,2024-07-20 12:04:54,0,2024-07-20 12:04:54,,,
2023-12-27,焦炭,结算价,2507.00,-0.52%,270,2023-12-27 00:00:00,1,0,2024-07-20 12:04:54,0,2024-07-20 12:04:54,,,
2023-12-26,焦炭,收盘价,2516.50,-0.38%,271,2023-12-26 00:00:00,1,0,2024-07-20 12:04:57,0,2024-07-20 12:04:57,,,
2023-12-26,焦炭,结算价,2520.00,-1.14%,272,2023-12-26 00:00:00,1,0,2024-07-20 12:04:57,0,2024-07-20 12:04:57,,,
2023-12-25,焦炭,收盘价,2526.00,-2.02%,273,2023-12-25 00:00:00,1,0,2024-07-20 12:04:57,0,2024-07-20 12:04:57,,,
2023-12-25,焦炭,结算价,2549.00,-0.99%,274,2023-12-25 00:00:00,1,0,2024-07-20 12:04:57,0,2024-07-20 12:04:57,,,
2023-12-22,焦炭,收盘价,2578.00,2.34%,275,2023-12-22 00:00:00,1,0,2024-07-20 12:04:57,0,2024-07-20 12:04:57,,,
2023-12-22,焦炭,结算价,2574.50,3.56%,276,2023-12-22 00:00:00,1,0,2024-07-20 12:04:57,0,2024-07-20 12:04:57,,,
2023-12-21,焦炭,收盘价,2519.00,0.76%,277,2023-12-21 00:00:00,1,0,2024-07-20 12:04:57,0,2024-07-20 12:04:57,,,
2023-12-21,焦炭,结算价,2486.00,-0.9%,278,2023-12-21 00:00:00,1,0,2024-07-20 12:04:57,0,2024-07-20 12:04:57,,,
2023-12-20,焦炭,收盘价,2500.00,-0.18%,279,2023-12-20 00:00:00,1,0,2024-07-20 12:04:57,0,2024-07-20 12:04:57,,,
2023-12-20,焦炭,结算价,2508.50,-0.12%,280,2023-12-20 00:00:00,1,0,2024-07-20 12:04:57,0,2024-07-20 12:04:57,,,
2023-12-19,焦炭,收盘价,2504.50,-0.54%,281,2023-12-19 00:00:00,1,0,2024-07-20 12:04:57,0,2024-07-20 12:04:57,,,
2023-12-19,焦炭,结算价,2511.50,0.26%,282,2023-12-19 00:00:00,1,0,2024-07-20 12:04:57,0,2024-07-20 12:04:57,,,
2023-12-18,焦炭,收盘价,2518.00,-0.42%,283,2023-12-18 00:00:00,1,0,2024-07-20 12:04:57,0,2024-07-20 12:04:57,,,
2023-12-18,焦炭,结算价,2505.00,-2.05%,284,2023-12-18 00:00:00,1,0,2024-07-20 12:04:57,0,2024-07-20 12:04:57,,,
2023-12-15,焦炭,收盘价,2528.50,-0.26%,285,2023-12-15 00:00:00,1,0,2024-07-20 12:04:57,0,2024-07-20 12:04:57,,,
2023-12-15,焦炭,结算价,2557.50,0.18%,286,2023-12-15 00:00:00,1,0,2024-07-20 12:04:57,0,2024-07-20 12:04:57,,,
2023-12-14,焦炭,收盘价,2535.00,-2.63%,287,2023-12-14 00:00:00,1,0,2024-07-20 12:04:57,0,2024-07-20 12:04:57,,,
2023-12-14,焦炭,结算价,2553.00,-3.48%,288,2023-12-14 00:00:00,1,0,2024-07-20 12:04:57,0,2024-07-20 12:04:57,,,
2023-12-13,焦炭,收盘价,2603.50,-3.84%,289,2023-12-13 00:00:00,1,0,2024-07-20 12:04:57,0,2024-07-20 12:04:57,,,
2023-12-13,焦炭,结算价,2645.00,-1.42%,290,2023-12-13 00:00:00,1,0,2024-07-20 12:04:57,0,2024-07-20 12:04:57,,,
2023-12-12,焦炭,收盘价,2707.50,1.52%,291,2023-12-12 00:00:00,1,0,2024-07-20 12:04:57,0,2024-07-20 12:04:57,,,
2023-12-12,焦炭,结算价,2683.00,1.25%,292,2023-12-12 00:00:00,1,0,2024-07-20 12:04:57,0,2024-07-20 12:04:57,,,
2023-12-11,焦炭,收盘价,2667.00,0.04%,293,2023-12-11 00:00:00,1,0,2024-07-20 12:04:57,0,2024-07-20 12:04:57,,,
2023-12-11,焦炭,结算价,2650.00,-0.84%,294,2023-12-11 00:00:00,1,0,2024-07-20 12:04:57,0,2024-07-20 12:04:57,,,
2023-12-08,焦炭,收盘价,2666.00,-0.63%,295,2023-12-08 00:00:00,1,0,2024-07-20 12:04:57,0,2024-07-20 12:04:57,,,
2023-12-08,焦炭,结算价,2672.50,1.06%,296,2023-12-08 00:00:00,1,0,2024-07-20 12:04:57,0,2024-07-20 12:04:57,,,
2023-12-07,焦炭,收盘价,2683.00,3.87%,297,2023-12-07 00:00:00,1,0,2024-07-20 12:04:57,0,2024-07-20 12:04:57,,,
2023-12-07,焦炭,结算价,2644.50,2.48%,298,2023-12-07 00:00:00,1,0,2024-07-20 12:04:57,0,2024-07-20 12:04:57,,,
2023-12-06,焦炭,收盘价,2583.00,1.37%,299,2023-12-06 00:00:00,1,0,2024-07-20 12:04:57,0,2024-07-20 12:04:57,,,
2023-12-06,焦炭,结算价,2580.50,1.26%,300,2023-12-06 00:00:00,1,0,2024-07-20 12:04:57,0,2024-07-20 12:04:57,,,
2023-12-05,焦炭,收盘价,2548.00,-0.35%,301,2023-12-05 00:00:00,1,0,2024-07-20 12:05:01,0,2024-07-20 12:05:01,,,
2023-12-05,焦炭,结算价,2548.50,-1.53%,302,2023-12-05 00:00:00,1,0,2024-07-20 12:05:01,0,2024-07-20 12:05:01,,,
2023-12-04,焦炭,收盘价,2557.00,-3.8%,303,2023-12-04 00:00:00,1,0,2024-07-20 12:05:01,0,2024-07-20 12:05:01,,,
2023-12-04,焦炭,结算价,2588.00,-1.88%,304,2023-12-04 00:00:00,1,0,2024-07-20 12:05:01,0,2024-07-20 12:05:01,,,
2023-12-01,焦炭,收盘价,2658.00,1.01%,305,2023-12-01 00:00:00,1,0,2024-07-20 12:05:01,0,2024-07-20 12:05:01,,,
2023-12-01,焦炭,结算价,2637.50,0.73%,306,2023-12-01 00:00:00,1,0,2024-07-20 12:05:01,0,2024-07-20 12:05:01,,,
2023-11-30,焦炭,收盘价,2631.50,-1.66%,307,2023-11-30 00:00:00,1,0,2024-07-20 12:05:01,0,2024-07-20 12:05:01,,,
2023-11-30,焦炭,结算价,2618.50,-2.96%,308,2023-11-30 00:00:00,1,0,2024-07-20 12:05:01,0,2024-07-20 12:05:01,,,
2023-11-29,焦炭,收盘价,2676.00,-1.02%,309,2023-11-29 00:00:00,1,0,2024-07-20 12:05:01,0,2024-07-20 12:05:01,,,
2023-11-29,焦炭,结算价,2698.50,-0.79%,310,2023-11-29 00:00:00,1,0,2024-07-20 12:05:01,0,2024-07-20 12:05:01,,,
2023-11-28,焦炭,收盘价,2703.50,-1.3%,311,2023-11-28 00:00:00,1,0,2024-07-20 12:05:01,0,2024-07-20 12:05:01,,,
2023-11-28,焦炭,结算价,2720.00,0.15%,312,2023-11-28 00:00:00,1,0,2024-07-20 12:05:01,0,2024-07-20 12:05:01,,,
2023-11-27,焦炭,收盘价,2739.00,0.79%,313,2023-11-27 00:00:00,1,0,2024-07-20 12:05:01,0,2024-07-20 12:05:01,,,
2023-11-27,焦炭,结算价,2716.00,2.26%,314,2023-11-27 00:00:00,1,0,2024-07-20 12:05:01,0,2024-07-20 12:05:01,,,
2023-11-24,焦炭,收盘价,2717.50,3.68%,315,2023-11-24 00:00:00,1,0,2024-07-20 12:05:01,0,2024-07-20 12:05:01,,,
2023-11-24,焦炭,结算价,2656.00,0.95%,316,2023-11-24 00:00:00,1,0,2024-07-20 12:05:01,0,2024-07-20 12:05:01,,,
2023-11-23,焦炭,收盘价,2621.00,-0.87%,317,2023-11-23 00:00:00,1,0,2024-07-20 12:05:01,0,2024-07-20 12:05:01,,,
2023-11-23,焦炭,结算价,2631.00,0.13%,318,2023-11-23 00:00:00,1,0,2024-07-20 12:05:01,0,2024-07-20 12:05:01,,,
2023-11-22,焦炭,收盘价,2644.00,0.72%,319,2023-11-22 00:00:00,1,0,2024-07-20 12:05:01,0,2024-07-20 12:05:01,,,
2023-11-22,焦炭,结算价,2627.50,-1.41%,320,2023-11-22 00:00:00,1,0,2024-07-20 12:05:01,0,2024-07-20 12:05:01,,,
2023-11-21,焦炭,收盘价,2625.00,-1.61%,321,2023-11-21 00:00:00,1,0,2024-07-20 12:05:01,0,2024-07-20 12:05:01,,,
2023-11-21,焦炭,结算价,2665.00,-0.09%,322,2023-11-21 00:00:00,1,0,2024-07-20 12:05:01,0,2024-07-20 12:05:01,,,
2023-11-20,焦炭,收盘价,2668.00,0.72%,323,2023-11-20 00:00:00,1,0,2024-07-20 12:05:01,0,2024-07-20 12:05:01,,,
2023-11-20,焦炭,结算价,2667.50,-0.13%,324,2023-11-20 00:00:00,1,0,2024-07-20 12:05:01,0,2024-07-20 12:05:01,,,
2023-11-17,焦炭,收盘价,2649.00,-1.36%,325,2023-11-17 00:00:00,1,0,2024-07-20 12:05:01,0,2024-07-20 12:05:01,,,
2023-11-17,焦炭,结算价,2671.00,1.48%,326,2023-11-17 00:00:00,1,0,2024-07-20 12:05:01,0,2024-07-20 12:05:01,,,
2023-11-16,焦炭,收盘价,2685.50,3.41%,327,2023-11-16 00:00:00,1,0,2024-07-20 12:05:01,0,2024-07-20 12:05:01,,,
2023-11-16,焦炭,结算价,2632.00,0.1%,328,2023-11-16 00:00:00,1,0,2024-07-20 12:05:01,0,2024-07-20 12:05:01,,,
2023-11-15,焦炭,收盘价,2597.00,0.08%,329,2023-11-15 00:00:00,1,0,2024-07-20 12:05:01,0,2024-07-20 12:05:01,,,
2023-11-15,焦炭,结算价,2629.50,2.14%,330,2023-11-15 00:00:00,1,0,2024-07-20 12:05:01,0,2024-07-20 12:05:01,,,
2023-11-14,焦炭,收盘价,2595.00,0.04%,331,2023-11-14 00:00:00,1,0,2024-07-20 12:05:04,0,2024-07-20 12:05:04,,,
2023-11-14,焦炭,结算价,2574.50,-1.15%,332,2023-11-14 00:00:00,1,0,2024-07-20 12:05:04,0,2024-07-20 12:05:04,,,
2023-11-13,焦炭,收盘价,2594.00,-0.08%,333,2023-11-13 00:00:00,1,0,2024-07-20 12:05:04,0,2024-07-20 12:05:04,,,
2023-11-13,焦炭,结算价,2604.50,0.81%,334,2023-11-13 00:00:00,1,0,2024-07-20 12:05:04,0,2024-07-20 12:05:04,,,
2023-11-10,焦炭,收盘价,2596.00,2.24%,335,2023-11-10 00:00:00,1,0,2024-07-20 12:05:04,0,2024-07-20 12:05:04,,,
2023-11-10,焦炭,结算价,2583.50,1.65%,336,2023-11-10 00:00:00,1,0,2024-07-20 12:05:04,0,2024-07-20 12:05:04,,,
2023-11-09,焦炭,收盘价,2539.00,-0.45%,337,2023-11-09 00:00:00,1,0,2024-07-20 12:05:04,0,2024-07-20 12:05:04,,,
2023-11-09,焦炭,结算价,2541.50,0.97%,338,2023-11-09 00:00:00,1,0,2024-07-20 12:05:04,0,2024-07-20 12:05:04,,,
2023-11-08,焦炭,收盘价,2550.50,1.49%,339,2023-11-08 00:00:00,1,0,2024-07-20 12:05:04,0,2024-07-20 12:05:04,,,
2023-11-08,焦炭,结算价,2517.00,0.08%,340,2023-11-08 00:00:00,1,0,2024-07-20 12:05:04,0,2024-07-20 12:05:04,,,
2023-11-07,焦炭,收盘价,2513.00,0.06%,341,2023-11-07 00:00:00,1,0,2024-07-20 12:05:04,0,2024-07-20 12:05:04,,,
2023-11-07,焦炭,结算价,2515.00,0.38%,342,2023-11-07 00:00:00,1,0,2024-07-20 12:05:04,0,2024-07-20 12:05:04,,,
2023-11-06,焦炭,收盘价,2511.50,0.62%,343,2023-11-06 00:00:00,1,0,2024-07-20 12:05:04,0,2024-07-20 12:05:04,,,
2023-11-06,焦炭,结算价,2505.50,1.07%,344,2023-11-06 00:00:00,1,0,2024-07-20 12:05:04,0,2024-07-20 12:05:04,,,
2023-11-03,焦炭,收盘价,2496.00,3.08%,345,2023-11-03 00:00:00,1,0,2024-07-20 12:05:04,0,2024-07-20 12:05:04,,,
2023-11-03,焦炭,结算价,2479.00,2.84%,346,2023-11-03 00:00:00,1,0,2024-07-20 12:05:04,0,2024-07-20 12:05:04,,,
2023-11-02,焦炭,收盘价,2421.50,-0.8%,347,2023-11-02 00:00:00,1,0,2024-07-20 12:05:04,0,2024-07-20 12:05:04,,,
2023-11-02,焦炭,结算价,2410.50,-1.25%,348,2023-11-02 00:00:00,1,0,2024-07-20 12:05:04,0,2024-07-20 12:05:04,,,
2023-11-01,焦炭,收盘价,2441.00,-0.49%,349,2023-11-01 00:00:00,1,0,2024-07-20 12:05:04,0,2024-07-20 12:05:04,,,
2023-11-01,焦炭,结算价,2441.00,-0.04%,350,2023-11-01 00:00:00,1,0,2024-07-20 12:05:04,0,2024-07-20 12:05:04,,,
2023-10-31,焦炭,收盘价,2453.00,-0.89%,351,2023-10-31 00:00:00,1,0,2024-07-20 12:05:04,0,2024-07-20 12:05:04,,,
2023-10-31,焦炭,结算价,2442.00,-0.77%,352,2023-10-31 00:00:00,1,0,2024-07-20 12:05:04,0,2024-07-20 12:05:04,,,
2023-10-30,焦炭,收盘价,2475.00,0.51%,353,2023-10-30 00:00:00,1,0,2024-07-20 12:05:04,0,2024-07-20 12:05:04,,,
2023-10-30,焦炭,结算价,2461.00,1.25%,354,2023-10-30 00:00:00,1,0,2024-07-20 12:05:04,0,2024-07-20 12:05:04,,,
2023-10-27,焦炭,收盘价,2462.50,1.8%,355,2023-10-27 00:00:00,1,0,2024-07-20 12:05:04,0,2024-07-20 12:05:04,,,
2023-10-27,焦炭,结算价,2430.50,0.89%,356,2023-10-27 00:00:00,1,0,2024-07-20 12:05:04,0,2024-07-20 12:05:04,,,
2023-10-26,焦炭,收盘价,2419.00,-0.84%,357,2023-10-26 00:00:00,1,0,2024-07-20 12:05:04,0,2024-07-20 12:05:04,,,
2023-10-26,焦炭,结算价,2409.00,0.15%,358,2023-10-26 00:00:00,1,0,2024-07-20 12:05:04,0,2024-07-20 12:05:04,,,
2023-10-25,焦炭,收盘价,2439.50,3.85%,359,2023-10-25 00:00:00,1,0,2024-07-20 12:05:04,0,2024-07-20 12:05:04,,,
2023-10-25,焦炭,结算价,2405.50,3.31%,360,2023-10-25 00:00:00,1,0,2024-07-20 12:05:04,0,2024-07-20 12:05:04,,,
2023-10-24,焦炭,收盘价,2349.00,2.09%,361,2023-10-24 00:00:00,1,0,2024-07-20 12:05:07,0,2024-07-20 12:05:07,,,
2023-10-24,焦炭,结算价,2328.50,1.09%,362,2023-10-24 00:00:00,1,0,2024-07-20 12:05:07,0,2024-07-20 12:05:07,,,
2023-10-23,焦炭,收盘价,2301.00,-0.67%,363,2023-10-23 00:00:00,1,0,2024-07-20 12:05:07,0,2024-07-20 12:05:07,,,
2023-10-23,焦炭,结算价,2303.50,-1.58%,364,2023-10-23 00:00:00,1,0,2024-07-20 12:05:07,0,2024-07-20 12:05:07,,,
2023-10-20,焦炭,收盘价,2316.50,-1.15%,365,2023-10-20 00:00:00,1,0,2024-07-20 12:05:07,0,2024-07-20 12:05:07,,,
2023-10-20,焦炭,结算价,2340.50,0.15%,366,2023-10-20 00:00:00,1,0,2024-07-20 12:05:07,0,2024-07-20 12:05:07,,,
2023-10-19,焦炭,收盘价,2343.50,-0.15%,367,2023-10-19 00:00:00,1,0,2024-07-20 12:05:07,0,2024-07-20 12:05:07,,,
2023-10-19,焦炭,结算价,2337.00,-1.77%,368,2023-10-19 00:00:00,1,0,2024-07-20 12:05:07,0,2024-07-20 12:05:07,,,
2023-10-18,焦炭,收盘价,2347.00,-3.46%,369,2023-10-18 00:00:00,1,0,2024-07-20 12:05:07,0,2024-07-20 12:05:07,,,
2023-10-18,焦炭,结算价,2379.00,-2.56%,370,2023-10-18 00:00:00,1,0,2024-07-20 12:05:07,0,2024-07-20 12:05:07,,,
2023-10-17,焦炭,收盘价,2431.00,-1.24%,371,2023-10-17 00:00:00,1,0,2024-07-20 12:05:07,0,2024-07-20 12:05:07,,,
2023-10-17,焦炭,结算价,2441.50,1.84%,372,2023-10-17 00:00:00,1,0,2024-07-20 12:05:07,0,2024-07-20 12:05:07,,,
2023-10-16,焦炭,收盘价,2461.50,4.66%,373,2023-10-16 00:00:00,1,0,2024-07-20 12:05:07,0,2024-07-20 12:05:07,,,
2023-10-16,焦炭,结算价,2397.50,1.83%,374,2023-10-16 00:00:00,1,0,2024-07-20 12:05:07,0,2024-07-20 12:05:07,,,
2023-10-13,焦炭,收盘价,2352.00,-1.13%,375,2023-10-13 00:00:00,1,0,2024-07-20 12:05:07,0,2024-07-20 12:05:07,,,
2023-10-13,焦炭,结算价,2354.50,-0.59%,376,2023-10-13 00:00:00,1,0,2024-07-20 12:05:07,0,2024-07-20 12:05:07,,,
2023-10-12,焦炭,收盘价,2379.00,1.28%,377,2023-10-12 00:00:00,1,0,2024-07-20 12:05:07,0,2024-07-20 12:05:07,,,
2023-10-12,焦炭,结算价,2368.50,0.13%,378,2023-10-12 00:00:00,1,0,2024-07-20 12:05:07,0,2024-07-20 12:05:07,,,
2023-10-11,焦炭,收盘价,2349.00,-0.11%,379,2023-10-11 00:00:00,1,0,2024-07-20 12:05:07,0,2024-07-20 12:05:07,,,
2023-10-11,焦炭,结算价,2365.50,-1.81%,380,2023-10-11 00:00:00,1,0,2024-07-20 12:05:07,0,2024-07-20 12:05:07,,,
2023-10-10,焦炭,收盘价,2351.50,-5.92%,381,2023-10-10 00:00:00,1,0,2024-07-20 12:05:07,0,2024-07-20 12:05:07,,,
2023-10-10,焦炭,结算价,2409.00,-3.76%,382,2023-10-10 00:00:00,1,0,2024-07-20 12:05:07,0,2024-07-20 12:05:07,,,
2023-10-09,焦炭,收盘价,2499.50,-1.58%,383,2023-10-09 00:00:00,1,0,2024-07-20 12:05:07,0,2024-07-20 12:05:07,,,
2023-10-09,焦炭,结算价,2503.00,0.08%,384,2023-10-09 00:00:00,1,0,2024-07-20 12:05:07,0,2024-07-20 12:05:07,,,
2023-09-28,焦炭,收盘价,2539.50,6.37%,385,2023-09-28 00:00:00,1,0,2024-07-20 12:05:07,0,2024-07-20 12:05:07,,,
2023-09-28,焦炭,结算价,2501.00,4.38%,386,2023-09-28 00:00:00,1,0,2024-07-20 12:05:07,0,2024-07-20 12:05:07,,,
2023-09-27,焦炭,收盘价,2387.50,0.02%,387,2023-09-27 00:00:00,1,0,2024-07-20 12:05:07,0,2024-07-20 12:05:07,,,
2023-09-27,焦炭,结算价,2396.00,-1.18%,388,2023-09-27 00:00:00,1,0,2024-07-20 12:05:07,0,2024-07-20 12:05:07,,,
2023-09-26,焦炭,收盘价,2387.00,-3.44%,389,2023-09-26 00:00:00,1,0,2024-07-20 12:05:07,0,2024-07-20 12:05:07,,,
2023-09-26,焦炭,结算价,2424.50,-2.86%,390,2023-09-26 00:00:00,1,0,2024-07-20 12:05:07,0,2024-07-20 12:05:07,,,
2023-09-25,焦炭,收盘价,2472.00,-1.59%,391,2023-09-25 00:00:00,1,0,2024-07-20 12:05:10,0,2024-07-20 12:05:10,,,
2023-09-25,焦炭,结算价,2496.00,0.22%,392,2023-09-25 00:00:00,1,0,2024-07-20 12:05:10,0,2024-07-20 12:05:10,,,
2023-09-22,焦炭,收盘价,2512.00,1.68%,393,2023-09-22 00:00:00,1,0,2024-07-20 12:05:10,0,2024-07-20 12:05:10,,,
2023-09-22,焦炭,结算价,2490.50,-1.01%,394,2023-09-22 00:00:00,1,0,2024-07-20 12:05:10,0,2024-07-20 12:05:10,,,
2023-09-21,焦炭,收盘价,2470.50,-3.12%,395,2023-09-21 00:00:00,1,0,2024-07-20 12:05:10,0,2024-07-20 12:05:10,,,
2023-09-21,焦炭,结算价,2516.00,-0.89%,396,2023-09-21 00:00:00,1,0,2024-07-20 12:05:10,0,2024-07-20 12:05:10,,,
2023-09-20,焦炭,收盘价,2550.00,1.82%,397,2023-09-20 00:00:00,1,0,2024-07-20 12:05:10,0,2024-07-20 12:05:10,,,
2023-09-20,焦炭,结算价,2538.50,0.46%,398,2023-09-20 00:00:00,1,0,2024-07-20 12:05:10,0,2024-07-20 12:05:10,,,
2023-09-19,焦炭,收盘价,2504.50,-0.54%,399,2023-09-19 00:00:00,1,0,2024-07-20 12:05:10,0,2024-07-20 12:05:10,,,
2023-09-19,焦炭,结算价,2527.00,1.2%,400,2023-09-19 00:00:00,1,0,2024-07-20 12:05:10,0,2024-07-20 12:05:10,,,
2023-09-18,焦炭,收盘价,2518.00,1.47%,401,2023-09-18 00:00:00,1,0,2024-07-20 12:05:10,0,2024-07-20 12:05:10,,,
2023-09-18,焦炭,结算价,2497.00,1.48%,402,2023-09-18 00:00:00,1,0,2024-07-20 12:05:10,0,2024-07-20 12:05:10,,,
2023-09-15,焦炭,收盘价,2481.50,1.33%,403,2023-09-15 00:00:00,1,0,2024-07-20 12:05:10,0,2024-07-20 12:05:10,,,
2023-09-15,焦炭,结算价,2460.50,1.19%,404,2023-09-15 00:00:00,1,0,2024-07-20 12:05:10,0,2024-07-20 12:05:10,,,
2023-09-14,焦炭,收盘价,2449.00,1.34%,405,2023-09-14 00:00:00,1,0,2024-07-20 12:05:10,0,2024-07-20 12:05:10,,,
2023-09-14,焦炭,结算价,2431.50,0.83%,406,2023-09-14 00:00:00,1,0,2024-07-20 12:05:10,0,2024-07-20 12:05:10,,,
2023-09-13,焦炭,收盘价,2416.50,-0.62%,407,2023-09-13 00:00:00,1,0,2024-07-20 12:05:10,0,2024-07-20 12:05:10,,,
2023-09-13,焦炭,结算价,2411.50,-0.72%,408,2023-09-13 00:00:00,1,0,2024-07-20 12:05:10,0,2024-07-20 12:05:10,,,
2023-09-12,焦炭,收盘价,2431.50,1.12%,409,2023-09-12 00:00:00,1,0,2024-07-20 12:05:10,0,2024-07-20 12:05:10,,,
2023-09-12,焦炭,结算价,2429.00,2.77%,410,2023-09-12 00:00:00,1,0,2024-07-20 12:05:10,0,2024-07-20 12:05:10,,,
2023-09-11,焦炭,收盘价,2404.50,4.36%,411,2023-09-11 00:00:00,1,0,2024-07-20 12:05:10,0,2024-07-20 12:05:10,,,
2023-09-11,焦炭,结算价,2363.50,0.%,412,2023-09-11 00:00:00,1,0,2024-07-20 12:05:10,0,2024-07-20 12:05:10,,,
2023-09-08,焦炭,收盘价,2304.00,-2.39%,413,2023-09-08 00:00:00,1,0,2024-07-20 12:05:10,0,2024-07-20 12:05:10,,,
2023-09-08,焦炭,结算价,2363.50,-1.01%,414,2023-09-08 00:00:00,1,0,2024-07-20 12:05:10,0,2024-07-20 12:05:10,,,
2023-09-07,焦炭,收盘价,2360.50,-0.82%,415,2023-09-07 00:00:00,1,0,2024-07-20 12:05:10,0,2024-07-20 12:05:10,,,
2023-09-07,焦炭,结算价,2387.50,0.7%,416,2023-09-07 00:00:00,1,0,2024-07-20 12:05:10,0,2024-07-20 12:05:10,,,
2023-09-06,焦炭,收盘价,2380.00,0.21%,417,2023-09-06 00:00:00,1,0,2024-07-20 12:05:10,0,2024-07-20 12:05:10,,,
2023-09-06,焦炭,结算价,2371.00,-0.59%,418,2023-09-06 00:00:00,1,0,2024-07-20 12:05:10,0,2024-07-20 12:05:10,,,
2023-09-05,焦炭,收盘价,2375.00,0.55%,419,2023-09-05 00:00:00,1,0,2024-07-20 12:05:10,0,2024-07-20 12:05:10,,,
2023-09-05,焦炭,结算价,2385.00,1.08%,420,2023-09-05 00:00:00,1,0,2024-07-20 12:05:10,0,2024-07-20 12:05:10,,,
2023-09-04,焦炭,收盘价,2362.00,1.64%,421,2023-09-04 00:00:00,1,0,2024-07-20 12:05:13,0,2024-07-20 12:05:13,,,
2023-09-04,焦炭,结算价,2359.50,2.63%,422,2023-09-04 00:00:00,1,0,2024-07-20 12:05:13,0,2024-07-20 12:05:13,,,
2023-09-01,焦炭,收盘价,2324.00,3.29%,423,2023-09-01 00:00:00,1,0,2024-07-20 12:05:13,0,2024-07-20 12:05:13,,,
2023-09-01,焦炭,结算价,2299.00,2.82%,424,2023-09-01 00:00:00,1,0,2024-07-20 12:05:13,0,2024-07-20 12:05:13,,,
2023-08-31,焦炭,收盘价,2250.00,0.69%,425,2023-08-31 00:00:00,1,0,2024-07-20 12:05:13,0,2024-07-20 12:05:13,,,
2023-08-31,焦炭,结算价,2236.00,1.5%,426,2023-08-31 00:00:00,1,0,2024-07-20 12:05:13,0,2024-07-20 12:05:13,,,
2023-08-30,焦炭,收盘价,2234.50,2.64%,427,2023-08-30 00:00:00,1,0,2024-07-20 12:05:13,0,2024-07-20 12:05:13,,,
2023-08-30,焦炭,结算价,2203.00,0.55%,428,2023-08-30 00:00:00,1,0,2024-07-20 12:05:13,0,2024-07-20 12:05:13,,,
2023-08-29,焦炭,收盘价,2177.00,-0.98%,429,2023-08-29 00:00:00,1,0,2024-07-20 12:05:13,0,2024-07-20 12:05:13,,,
2023-08-29,焦炭,结算价,2191.00,-1.51%,430,2023-08-29 00:00:00,1,0,2024-07-20 12:05:13,0,2024-07-20 12:05:13,,,
2023-08-28,焦炭,收盘价,2198.50,-1.9%,431,2023-08-28 00:00:00,1,0,2024-07-20 12:05:13,0,2024-07-20 12:05:13,,,
2023-08-28,焦炭,结算价,2224.50,-0.31%,432,2023-08-28 00:00:00,1,0,2024-07-20 12:05:13,0,2024-07-20 12:05:13,,,
2023-08-25,焦炭,收盘价,2241.00,0.7%,433,2023-08-25 00:00:00,1,0,2024-07-20 12:05:13,0,2024-07-20 12:05:13,,,
2023-08-25,焦炭,结算价,2231.50,-1.13%,434,2023-08-25 00:00:00,1,0,2024-07-20 12:05:13,0,2024-07-20 12:05:13,,,
2023-08-24,焦炭,收盘价,2225.50,-1.68%,435,2023-08-24 00:00:00,1,0,2024-07-20 12:05:13,0,2024-07-20 12:05:13,,,
2023-08-24,焦炭,结算价,2257.00,-0.31%,436,2023-08-24 00:00:00,1,0,2024-07-20 12:05:13,0,2024-07-20 12:05:13,,,
2023-08-23,焦炭,收盘价,2263.50,0.98%,437,2023-08-23 00:00:00,1,0,2024-07-20 12:05:13,0,2024-07-20 12:05:13,,,
2023-08-23,焦炭,结算价,2264.00,2.91%,438,2023-08-23 00:00:00,1,0,2024-07-20 12:05:13,0,2024-07-20 12:05:13,,,
2023-08-22,焦炭,收盘价,2241.50,2.99%,439,2023-08-22 00:00:00,1,0,2024-07-20 12:05:13,0,2024-07-20 12:05:13,,,
2023-08-22,焦炭,结算价,2200.00,3.02%,440,2023-08-22 00:00:00,1,0,2024-07-20 12:05:13,0,2024-07-20 12:05:13,,,
2023-08-21,焦炭,收盘价,2176.50,2.69%,441,2023-08-21 00:00:00,1,0,2024-07-20 12:05:13,0,2024-07-20 12:05:13,,,
2023-08-21,焦炭,结算价,2135.50,0.45%,442,2023-08-21 00:00:00,1,0,2024-07-20 12:05:13,0,2024-07-20 12:05:13,,,
2023-08-18,焦炭,收盘价,2119.50,0.07%,443,2023-08-18 00:00:00,1,0,2024-07-20 12:05:13,0,2024-07-20 12:05:13,,,
2023-08-18,焦炭,结算价,2126.00,1.77%,444,2023-08-18 00:00:00,1,0,2024-07-20 12:05:13,0,2024-07-20 12:05:13,,,
2023-08-17,焦炭,收盘价,2118.00,2.15%,445,2023-08-17 00:00:00,1,0,2024-07-20 12:05:13,0,2024-07-20 12:05:13,,,
2023-08-17,焦炭,结算价,2089.00,0.02%,446,2023-08-17 00:00:00,1,0,2024-07-20 12:05:13,0,2024-07-20 12:05:13,,,
2023-08-16,焦炭,收盘价,2073.50,-1.8%,447,2023-08-16 00:00:00,1,0,2024-07-20 12:05:13,0,2024-07-20 12:05:13,,,
2023-08-16,焦炭,结算价,2088.50,-0.59%,448,2023-08-16 00:00:00,1,0,2024-07-20 12:05:13,0,2024-07-20 12:05:13,,,
2023-08-15,焦炭,收盘价,2111.50,-3.67%,449,2023-08-15 00:00:00,1,0,2024-07-20 12:05:13,0,2024-07-20 12:05:13,,,
2023-08-15,焦炭,结算价,2101.00,-4.76%,450,2023-08-15 00:00:00,1,0,2024-07-20 12:05:13,0,2024-07-20 12:05:13,,,
2023-08-14,焦炭,收盘价,2192.00,-1.24%,451,2023-08-14 00:00:00,1,0,2024-07-20 12:05:15,0,2024-07-20 12:05:15,,,
2023-08-14,焦炭,结算价,2206.00,-0.43%,452,2023-08-14 00:00:00,1,0,2024-07-20 12:05:15,0,2024-07-20 12:05:15,,,
2023-08-11,焦炭,收盘价,2219.50,0.41%,453,2023-08-11 00:00:00,1,0,2024-07-20 12:05:15,0,2024-07-20 12:05:15,,,
2023-08-11,焦炭,结算价,2215.50,-1.05%,454,2023-08-11 00:00:00,1,0,2024-07-20 12:05:15,0,2024-07-20 12:05:15,,,
2023-08-10,焦炭,收盘价,2210.50,-2.77%,455,2023-08-10 00:00:00,1,0,2024-07-20 12:05:15,0,2024-07-20 12:05:15,,,
2023-08-10,焦炭,结算价,2239.00,-0.18%,456,2023-08-10 00:00:00,1,0,2024-07-20 12:05:15,0,2024-07-20 12:05:15,,,
2023-08-09,焦炭,收盘价,2273.50,2.36%,457,2023-08-09 00:00:00,1,0,2024-07-20 12:05:15,0,2024-07-20 12:05:15,,,
2023-08-09,焦炭,结算价,2243.00,0.29%,458,2023-08-09 00:00:00,1,0,2024-07-20 12:05:15,0,2024-07-20 12:05:15,,,
2023-08-08,焦炭,收盘价,2221.00,-0.69%,459,2023-08-08 00:00:00,1,0,2024-07-20 12:05:15,0,2024-07-20 12:05:15,,,
2023-08-08,焦炭,结算价,2236.50,0.22%,460,2023-08-08 00:00:00,1,0,2024-07-20 12:05:15,0,2024-07-20 12:05:15,,,
2023-08-07,焦炭,收盘价,2236.50,0.25%,461,2023-08-07 00:00:00,1,0,2024-07-20 12:05:15,0,2024-07-20 12:05:15,,,
2023-08-07,焦炭,结算价,2231.50,-0.45%,462,2023-08-07 00:00:00,1,0,2024-07-20 12:05:15,0,2024-07-20 12:05:15,,,
2023-08-04,焦炭,收盘价,2231.00,0.56%,463,2023-08-04 00:00:00,1,0,2024-07-20 12:05:15,0,2024-07-20 12:05:15,,,
2023-08-04,焦炭,结算价,2241.50,-1.8%,464,2023-08-04 00:00:00,1,0,2024-07-20 12:05:15,0,2024-07-20 12:05:15,,,
2023-08-03,焦炭,收盘价,2218.50,-5.82%,465,2023-08-03 00:00:00,1,0,2024-07-20 12:05:15,0,2024-07-20 12:05:15,,,
2023-08-03,焦炭,结算价,2282.50,-3.45%,466,2023-08-03 00:00:00,1,0,2024-07-20 12:05:15,0,2024-07-20 12:05:15,,,
2023-08-02,焦炭,收盘价,2355.50,-0.36%,467,2023-08-02 00:00:00,1,0,2024-07-20 12:05:15,0,2024-07-20 12:05:15,,,
2023-08-02,焦炭,结算价,2364.00,1.59%,468,2023-08-02 00:00:00,1,0,2024-07-20 12:05:15,0,2024-07-20 12:05:15,,,
2023-08-01,焦炭,收盘价,2364.00,3.59%,469,2023-08-01 00:00:00,1,0,2024-07-20 12:05:15,0,2024-07-20 12:05:15,,,
2023-08-01,焦炭,结算价,2327.00,2.35%,470,2023-08-01 00:00:00,1,0,2024-07-20 12:05:15,0,2024-07-20 12:05:15,,,
2023-07-31,焦炭,收盘价,2282.00,-0.67%,471,2023-07-31 00:00:00,1,0,2024-07-20 12:05:15,0,2024-07-20 12:05:15,,,
2023-07-31,焦炭,结算价,2273.50,-1.07%,472,2023-07-31 00:00:00,1,0,2024-07-20 12:05:15,0,2024-07-20 12:05:15,,,
2023-07-28,焦炭,收盘价,2297.50,-0.35%,473,2023-07-28 00:00:00,1,0,2024-07-20 12:05:15,0,2024-07-20 12:05:15,,,
2023-07-28,焦炭,结算价,2298.00,-1.23%,474,2023-07-28 00:00:00,1,0,2024-07-20 12:05:15,0,2024-07-20 12:05:15,,,
2023-07-27,焦炭,收盘价,2305.50,-1.39%,475,2023-07-27 00:00:00,1,0,2024-07-20 12:05:15,0,2024-07-20 12:05:15,,,
2023-07-27,焦炭,结算价,2326.50,0.19%,476,2023-07-27 00:00:00,1,0,2024-07-20 12:05:15,0,2024-07-20 12:05:15,,,
2023-07-26,焦炭,收盘价,2338.00,2.14%,477,2023-07-26 00:00:00,1,0,2024-07-20 12:05:15,0,2024-07-20 12:05:15,,,
2023-07-26,焦炭,结算价,2322.00,2.4%,478,2023-07-26 00:00:00,1,0,2024-07-20 12:05:15,0,2024-07-20 12:05:15,,,
2023-07-25,焦炭,收盘价,2289.00,1.42%,479,2023-07-25 00:00:00,1,0,2024-07-20 12:05:15,0,2024-07-20 12:05:15,,,
2023-07-25,焦炭,结算价,2267.50,0.13%,480,2023-07-25 00:00:00,1,0,2024-07-20 12:05:15,0,2024-07-20 12:05:15,,,
2023-07-24,焦炭,收盘价,2257.00,-1.25%,481,2023-07-24 00:00:00,1,0,2024-07-20 12:05:19,0,2024-07-20 12:05:19,,,
2023-07-24,焦炭,结算价,2264.50,-0.46%,482,2023-07-24 00:00:00,1,0,2024-07-20 12:05:19,0,2024-07-20 12:05:19,,,
2023-07-21,焦炭,收盘价,2285.50,-0.57%,483,2023-07-21 00:00:00,1,0,2024-07-20 12:05:19,0,2024-07-20 12:05:19,,,
2023-07-21,焦炭,结算价,2275.00,-0.55%,484,2023-07-21 00:00:00,1,0,2024-07-20 12:05:19,0,2024-07-20 12:05:19,,,
2023-07-20,焦炭,收盘价,2298.50,1.93%,485,2023-07-20 00:00:00,1,0,2024-07-20 12:05:19,0,2024-07-20 12:05:19,,,
2023-07-20,焦炭,结算价,2287.50,1.92%,486,2023-07-20 00:00:00,1,0,2024-07-20 12:05:19,0,2024-07-20 12:05:19,,,
2023-07-19,焦炭,收盘价,2255.00,0.42%,487,2023-07-19 00:00:00,1,0,2024-07-20 12:05:19,0,2024-07-20 12:05:19,,,
2023-07-19,焦炭,结算价,2244.50,1.24%,488,2023-07-19 00:00:00,1,0,2024-07-20 12:05:19,0,2024-07-20 12:05:19,,,
2023-07-18,焦炭,收盘价,2245.50,3.62%,489,2023-07-18 00:00:00,1,0,2024-07-20 12:05:19,0,2024-07-20 12:05:19,,,
2023-07-18,焦炭,结算价,2217.00,1.21%,490,2023-07-18 00:00:00,1,0,2024-07-20 12:05:19,0,2024-07-20 12:05:19,,,
2023-07-17,焦炭,收盘价,2167.00,-2.34%,491,2023-07-17 00:00:00,1,0,2024-07-20 12:05:19,0,2024-07-20 12:05:19,,,
2023-07-17,焦炭,结算价,2190.50,-0.79%,492,2023-07-17 00:00:00,1,0,2024-07-20 12:05:19,0,2024-07-20 12:05:19,,,
2023-07-14,焦炭,收盘价,2219.00,1.58%,493,2023-07-14 00:00:00,1,0,2024-07-20 12:05:19,0,2024-07-20 12:05:19,,,
2023-07-14,焦炭,结算价,2208.00,1.47%,494,2023-07-14 00:00:00,1,0,2024-07-20 12:05:19,0,2024-07-20 12:05:19,,,
2023-07-13,焦炭,收盘价,2184.50,0.28%,495,2023-07-13 00:00:00,1,0,2024-07-20 12:05:19,0,2024-07-20 12:05:19,,,
2023-07-13,焦炭,结算价,2176.00,0.46%,496,2023-07-13 00:00:00,1,0,2024-07-20 12:05:19,0,2024-07-20 12:05:19,,,
2023-07-12,焦炭,收盘价,2178.50,1.3%,497,2023-07-12 00:00:00,1,0,2024-07-20 12:05:19,0,2024-07-20 12:05:19,,,
2023-07-12,焦炭,结算价,2166.00,1.69%,498,2023-07-12 00:00:00,1,0,2024-07-20 12:05:19,0,2024-07-20 12:05:19,,,
2023-07-11,焦炭,收盘价,2150.50,3.59%,499,2023-07-11 00:00:00,1,0,2024-07-20 12:05:19,0,2024-07-20 12:05:19,,,
2023-07-11,焦炭,结算价,2130.00,2.33%,500,2023-07-11 00:00:00,1,0,2024-07-20 12:05:19,0,2024-07-20 12:05:19,,,
2023-07-10,焦炭,收盘价,2076.00,0.31%,501,2023-07-10 00:00:00,1,0,2024-07-20 12:05:19,0,2024-07-20 12:05:19,,,
2023-07-10,焦炭,结算价,2081.50,-1.72%,502,2023-07-10 00:00:00,1,0,2024-07-20 12:05:19,0,2024-07-20 12:05:19,,,
2023-07-07,焦炭,收盘价,2069.50,-2.38%,503,2023-07-07 00:00:00,1,0,2024-07-20 12:05:19,0,2024-07-20 12:05:19,,,
2023-07-07,焦炭,结算价,2118.00,0.52%,504,2023-07-07 00:00:00,1,0,2024-07-20 12:05:19,0,2024-07-20 12:05:19,,,
2023-07-06,焦炭,收盘价,2120.00,2.44%,505,2023-07-06 00:00:00,1,0,2024-07-20 12:05:19,0,2024-07-20 12:05:19,,,
2023-07-06,焦炭,结算价,2107.00,1.42%,506,2023-07-06 00:00:00,1,0,2024-07-20 12:05:19,0,2024-07-20 12:05:19,,,
2023-07-05,焦炭,收盘价,2069.50,-0.41%,507,2023-07-05 00:00:00,1,0,2024-07-20 12:05:19,0,2024-07-20 12:05:19,,,
2023-07-05,焦炭,结算价,2077.50,-0.76%,508,2023-07-05 00:00:00,1,0,2024-07-20 12:05:19,0,2024-07-20 12:05:19,,,
2023-07-04,焦炭,收盘价,2078.00,-1.05%,509,2023-07-04 00:00:00,1,0,2024-07-20 12:05:19,0,2024-07-20 12:05:19,,,
2023-07-04,焦炭,结算价,2093.50,-0.9%,510,2023-07-04 00:00:00,1,0,2024-07-20 12:05:19,0,2024-07-20 12:05:19,,,
2023-07-03,焦炭,收盘价,2100.00,-1.15%,511,2023-07-03 00:00:00,1,0,2024-07-20 12:05:22,0,2024-07-20 12:05:22,,,
2023-07-03,焦炭,结算价,2112.50,-0.21%,512,2023-07-03 00:00:00,1,0,2024-07-20 12:05:22,0,2024-07-20 12:05:22,,,
2023-06-30,焦炭,收盘价,2124.50,1.63%,513,2023-06-30 00:00:00,1,0,2024-07-20 12:05:22,0,2024-07-20 12:05:22,,,
2023-06-30,焦炭,结算价,2117.00,1.66%,514,2023-06-30 00:00:00,1,0,2024-07-20 12:05:22,0,2024-07-20 12:05:22,,,
2023-06-29,焦炭,收盘价,2090.50,0.26%,515,2023-06-29 00:00:00,1,0,2024-07-20 12:05:22,0,2024-07-20 12:05:22,,,
2023-06-29,焦炭,结算价,2082.50,0.%,516,2023-06-29 00:00:00,1,0,2024-07-20 12:05:22,0,2024-07-20 12:05:22,,,
2023-06-28,焦炭,收盘价,2085.00,-0.55%,517,2023-06-28 00:00:00,1,0,2024-07-20 12:05:22,0,2024-07-20 12:05:22,,,
2023-06-28,焦炭,结算价,2082.50,0.95%,518,2023-06-28 00:00:00,1,0,2024-07-20 12:05:22,0,2024-07-20 12:05:22,,,
2023-06-27,焦炭,收盘价,2096.50,2.85%,519,2023-06-27 00:00:00,1,0,2024-07-20 12:05:22,0,2024-07-20 12:05:22,,,
2023-06-27,焦炭,结算价,2063.00,0.41%,520,2023-06-27 00:00:00,1,0,2024-07-20 12:05:22,0,2024-07-20 12:05:22,,,
2023-06-26,焦炭,收盘价,2038.50,-4.79%,521,2023-06-26 00:00:00,1,0,2024-07-20 12:05:22,0,2024-07-20 12:05:22,,,
2023-06-26,焦炭,结算价,2054.50,-3.88%,522,2023-06-26 00:00:00,1,0,2024-07-20 12:05:22,0,2024-07-20 12:05:22,,,
2023-06-21,焦炭,收盘价,2141.00,-0.09%,523,2023-06-21 00:00:00,1,0,2024-07-20 12:05:22,0,2024-07-20 12:05:22,,,
2023-06-21,焦炭,结算价,2137.50,-0.05%,524,2023-06-21 00:00:00,1,0,2024-07-20 12:05:22,0,2024-07-20 12:05:22,,,
2023-06-20,焦炭,收盘价,2143.00,-0.23%,525,2023-06-20 00:00:00,1,0,2024-07-20 12:05:22,0,2024-07-20 12:05:22,,,
2023-06-20,焦炭,结算价,2138.50,-1.7%,526,2023-06-20 00:00:00,1,0,2024-07-20 12:05:22,0,2024-07-20 12:05:22,,,
2023-06-19,焦炭,收盘价,2148.00,-1.47%,527,2023-06-19 00:00:00,1,0,2024-07-20 12:05:22,0,2024-07-20 12:05:22,,,
2023-06-19,焦炭,结算价,2175.50,0.46%,528,2023-06-19 00:00:00,1,0,2024-07-20 12:05:22,0,2024-07-20 12:05:22,,,
2023-06-16,焦炭,收盘价,2180.00,1.85%,529,2023-06-16 00:00:00,1,0,2024-07-20 12:05:22,0,2024-07-20 12:05:22,,,
2023-06-16,焦炭,结算价,2165.50,1.12%,530,2023-06-16 00:00:00,1,0,2024-07-20 12:05:22,0,2024-07-20 12:05:22,,,
2023-06-15,焦炭,收盘价,2140.50,0.73%,531,2023-06-15 00:00:00,1,0,2024-07-20 12:05:22,0,2024-07-20 12:05:22,,,
2023-06-15,焦炭,结算价,2141.50,1.47%,532,2023-06-15 00:00:00,1,0,2024-07-20 12:05:22,0,2024-07-20 12:05:22,,,
2023-06-14,焦炭,收盘价,2125.00,1.29%,533,2023-06-14 00:00:00,1,0,2024-07-20 12:05:22,0,2024-07-20 12:05:22,,,
2023-06-14,焦炭,结算价,2110.50,2.15%,534,2023-06-14 00:00:00,1,0,2024-07-20 12:05:22,0,2024-07-20 12:05:22,,,
2023-06-13,焦炭,收盘价,2098.00,3.76%,535,2023-06-13 00:00:00,1,0,2024-07-20 12:05:22,0,2024-07-20 12:05:22,,,
2023-06-13,焦炭,结算价,2066.00,1.08%,536,2023-06-13 00:00:00,1,0,2024-07-20 12:05:22,0,2024-07-20 12:05:22,,,
2023-06-12,焦炭,收盘价,2022.00,-2.62%,537,2023-06-12 00:00:00,1,0,2024-07-20 12:05:22,0,2024-07-20 12:05:22,,,
2023-06-12,焦炭,结算价,2044.00,-0.58%,538,2023-06-12 00:00:00,1,0,2024-07-20 12:05:22,0,2024-07-20 12:05:22,,,
2023-06-09,焦炭,收盘价,2076.50,2.64%,539,2023-06-09 00:00:00,1,0,2024-07-20 12:05:22,0,2024-07-20 12:05:22,,,
2023-06-09,焦炭,结算价,2056.00,1.31%,540,2023-06-09 00:00:00,1,0,2024-07-20 12:05:22,0,2024-07-20 12:05:22,,,
2023-06-08,焦炭,收盘价,2023.00,0.8%,541,2023-06-08 00:00:00,1,0,2024-07-20 12:05:26,0,2024-07-20 12:05:26,,,
2023-06-08,焦炭,结算价,2029.50,0.52%,542,2023-06-08 00:00:00,1,0,2024-07-20 12:05:26,0,2024-07-20 12:05:26,,,
2023-06-07,焦炭,收盘价,2007.00,-0.59%,543,2023-06-07 00:00:00,1,0,2024-07-20 12:05:26,0,2024-07-20 12:05:26,,,
2023-06-07,焦炭,结算价,2019.00,0.17%,544,2023-06-07 00:00:00,1,0,2024-07-20 12:05:26,0,2024-07-20 12:05:26,,,
2023-06-06,焦炭,收盘价,2019.00,1.36%,545,2023-06-06 00:00:00,1,0,2024-07-20 12:05:26,0,2024-07-20 12:05:26,,,
2023-06-06,焦炭,结算价,2015.50,1.08%,546,2023-06-06 00:00:00,1,0,2024-07-20 12:05:26,0,2024-07-20 12:05:26,,,
2023-06-05,焦炭,收盘价,1992.00,0.03%,547,2023-06-05 00:00:00,1,0,2024-07-20 12:05:26,0,2024-07-20 12:05:26,,,
2023-06-05,焦炭,结算价,1994.00,1.99%,548,2023-06-05 00:00:00,1,0,2024-07-20 12:05:26,0,2024-07-20 12:05:26,,,
2023-06-02,焦炭,收盘价,1991.50,1.95%,549,2023-06-02 00:00:00,1,0,2024-07-20 12:05:26,0,2024-07-20 12:05:26,,,
2023-06-02,焦炭,结算价,1955.00,1.88%,550,2023-06-02 00:00:00,1,0,2024-07-20 12:05:26,0,2024-07-20 12:05:26,,,
2023-06-01,焦炭,收盘价,1953.50,2.73%,551,2023-06-01 00:00:00,1,0,2024-07-20 12:05:26,0,2024-07-20 12:05:26,,,
2023-06-01,焦炭,结算价,1919.00,1.05%,552,2023-06-01 00:00:00,1,0,2024-07-20 12:05:26,0,2024-07-20 12:05:26,,,
2023-05-31,焦炭,收盘价,1901.50,-0.89%,553,2023-05-31 00:00:00,1,0,2024-07-20 12:05:26,0,2024-07-20 12:05:26,,,
2023-05-31,焦炭,结算价,1899.00,-2.21%,554,2023-05-31 00:00:00,1,0,2024-07-20 12:05:26,0,2024-07-20 12:05:26,,,
2023-05-30,焦炭,收盘价,1918.50,-1.87%,555,2023-05-30 00:00:00,1,0,2024-07-20 12:05:26,0,2024-07-20 12:05:26,,,
2023-05-30,焦炭,结算价,1942.00,-1.12%,556,2023-05-30 00:00:00,1,0,2024-07-20 12:05:26,0,2024-07-20 12:05:26,,,
2023-05-29,焦炭,收盘价,1955.00,-1.78%,557,2023-05-29 00:00:00,1,0,2024-07-20 12:05:26,0,2024-07-20 12:05:26,,,
2023-05-29,焦炭,结算价,1964.00,0.74%,558,2023-05-29 00:00:00,1,0,2024-07-20 12:05:26,0,2024-07-20 12:05:26,,,
2023-05-26,焦炭,收盘价,1990.50,0.66%,559,2023-05-26 00:00:00,1,0,2024-07-20 12:05:26,0,2024-07-20 12:05:26,,,
2023-05-26,焦炭,结算价,1949.50,-3.42%,560,2023-05-26 00:00:00,1,0,2024-07-20 12:05:26,0,2024-07-20 12:05:26,,,
2023-05-25,焦炭,收盘价,1977.50,-3.98%,561,2023-05-25 00:00:00,1,0,2024-07-20 12:05:26,0,2024-07-20 12:05:26,,,
2023-05-25,焦炭,结算价,2018.50,-2.68%,562,2023-05-25 00:00:00,1,0,2024-07-20 12:05:26,0,2024-07-20 12:05:26,,,
2023-05-24,焦炭,收盘价,2059.50,-2.28%,563,2023-05-24 00:00:00,1,0,2024-07-20 12:05:26,0,2024-07-20 12:05:26,,,
2023-05-24,焦炭,结算价,2074.00,-1.98%,564,2023-05-24 00:00:00,1,0,2024-07-20 12:05:26,0,2024-07-20 12:05:26,,,
2023-05-23,焦炭,收盘价,2107.50,0.86%,565,2023-05-23 00:00:00,1,0,2024-07-20 12:05:26,0,2024-07-20 12:05:26,,,
2023-05-23,焦炭,结算价,2116.00,-0.26%,566,2023-05-23 00:00:00,1,0,2024-07-20 12:05:26,0,2024-07-20 12:05:26,,,
2023-05-22,焦炭,收盘价,2089.50,-3.08%,567,2023-05-22 00:00:00,1,0,2024-07-20 12:05:26,0,2024-07-20 12:05:26,,,
2023-05-22,焦炭,结算价,2121.50,-2.57%,568,2023-05-22 00:00:00,1,0,2024-07-20 12:05:26,0,2024-07-20 12:05:26,,,
2023-05-19,焦炭,收盘价,2156.00,-3.47%,569,2023-05-19 00:00:00,1,0,2024-07-20 12:05:26,0,2024-07-20 12:05:26,,,
2023-05-19,焦炭,结算价,2177.50,-2.88%,570,2023-05-19 00:00:00,1,0,2024-07-20 12:05:26,0,2024-07-20 12:05:26,,,
2023-05-18,焦炭,收盘价,2233.50,-0.95%,571,2023-05-18 00:00:00,1,0,2024-07-20 12:05:29,0,2024-07-20 12:05:29,,,
2023-05-18,焦炭,结算价,2242.00,1.01%,572,2023-05-18 00:00:00,1,0,2024-07-20 12:05:29,0,2024-07-20 12:05:29,,,
2023-05-17,焦炭,收盘价,2255.00,2.64%,573,2023-05-17 00:00:00,1,0,2024-07-20 12:05:29,0,2024-07-20 12:05:29,,,
2023-05-17,焦炭,结算价,2219.50,0.82%,574,2023-05-17 00:00:00,1,0,2024-07-20 12:05:29,0,2024-07-20 12:05:29,,,
2023-05-16,焦炭,收盘价,2197.00,0.09%,575,2023-05-16 00:00:00,1,0,2024-07-20 12:05:29,0,2024-07-20 12:05:29,,,
2023-05-16,焦炭,结算价,2201.50,0.82%,576,2023-05-16 00:00:00,1,0,2024-07-20 12:05:29,0,2024-07-20 12:05:29,,,
2023-05-15,焦炭,收盘价,2195.00,2.38%,577,2023-05-15 00:00:00,1,0,2024-07-20 12:05:29,0,2024-07-20 12:05:29,,,
2023-05-15,焦炭,结算价,2183.50,2.44%,578,2023-05-15 00:00:00,1,0,2024-07-20 12:05:29,0,2024-07-20 12:05:29,,,
2023-05-12,焦炭,收盘价,2144.00,1.66%,579,2023-05-12 00:00:00,1,0,2024-07-20 12:05:29,0,2024-07-20 12:05:29,,,
2023-05-12,焦炭,结算价,2131.50,-0.14%,580,2023-05-12 00:00:00,1,0,2024-07-20 12:05:29,0,2024-07-20 12:05:29,,,
2023-05-11,焦炭,收盘价,2109.00,-1.93%,581,2023-05-11 00:00:00,1,0,2024-07-20 12:05:29,0,2024-07-20 12:05:29,,,
2023-05-11,焦炭,结算价,2134.50,-1.25%,582,2023-05-11 00:00:00,1,0,2024-07-20 12:05:29,0,2024-07-20 12:05:29,,,
2023-05-10,焦炭,收盘价,2150.50,-0.6%,583,2023-05-10 00:00:00,1,0,2024-07-20 12:05:29,0,2024-07-20 12:05:29,,,
2023-05-10,焦炭,结算价,2161.50,-1.46%,584,2023-05-10 00:00:00,1,0,2024-07-20 12:05:29,0,2024-07-20 12:05:29,,,
2023-05-09,焦炭,收盘价,2163.50,-2.87%,585,2023-05-09 00:00:00,1,0,2024-07-20 12:05:29,0,2024-07-20 12:05:29,,,
2023-05-09,焦炭,结算价,2193.50,2.36%,586,2023-05-09 00:00:00,1,0,2024-07-20 12:05:29,0,2024-07-20 12:05:29,,,
2023-05-08,焦炭,收盘价,2227.50,4.06%,587,2023-05-08 00:00:00,1,0,2024-07-20 12:05:29,0,2024-07-20 12:05:29,,,
2023-05-08,焦炭,结算价,2143.00,2.29%,588,2023-05-08 00:00:00,1,0,2024-07-20 12:05:29,0,2024-07-20 12:05:29,,,
2023-05-05,焦炭,收盘价,2140.50,2.22%,589,2023-05-05 00:00:00,1,0,2024-07-20 12:05:29,0,2024-07-20 12:05:29,,,
2023-05-05,焦炭,结算价,2095.00,-0.52%,590,2023-05-05 00:00:00,1,0,2024-07-20 12:05:29,0,2024-07-20 12:05:29,,,
2023-05-04,焦炭,收盘价,2094.00,-2.56%,591,2023-05-04 00:00:00,1,0,2024-07-20 12:05:29,0,2024-07-20 12:05:29,,,
2023-05-04,焦炭,结算价,2106.00,-1.91%,592,2023-05-04 00:00:00,1,0,2024-07-20 12:05:29,0,2024-07-20 12:05:29,,,
2023-04-28,焦炭,收盘价,2149.00,-0.69%,593,2023-04-28 00:00:00,1,0,2024-07-20 12:05:29,0,2024-07-20 12:05:29,,,
2023-04-28,焦炭,结算价,2147.00,-2.16%,594,2023-04-28 00:00:00,1,0,2024-07-20 12:05:29,0,2024-07-20 12:05:29,,,
2023-04-27,焦炭,收盘价,2164.00,-1.05%,595,2023-04-27 00:00:00,1,0,2024-07-20 12:05:29,0,2024-07-20 12:05:29,,,
2023-04-27,焦炭,结算价,2194.50,0.%,596,2023-04-27 00:00:00,1,0,2024-07-20 12:05:29,0,2024-07-20 12:05:29,,,
2023-04-26,焦炭,收盘价,2187.00,-0.95%,597,2023-04-26 00:00:00,1,0,2024-07-20 12:05:29,0,2024-07-20 12:05:29,,,
2023-04-26,焦炭,结算价,2194.50,-1.72%,598,2023-04-26 00:00:00,1,0,2024-07-20 12:05:29,0,2024-07-20 12:05:29,,,
2023-04-25,焦炭,收盘价,2208.00,-1.47%,599,2023-04-25 00:00:00,1,0,2024-07-20 12:05:29,0,2024-07-20 12:05:29,,,
2023-04-25,焦炭,结算价,2233.00,-1.22%,600,2023-04-25 00:00:00,1,0,2024-07-20 12:05:29,0,2024-07-20 12:05:29,,,
2023-04-24,焦炭,收盘价,2241.00,-1.32%,601,2023-04-24 00:00:00,1,0,2024-07-20 12:05:31,0,2024-07-20 12:05:31,,,
2023-04-24,焦炭,结算价,2260.50,-1.33%,602,2023-04-24 00:00:00,1,0,2024-07-20 12:05:31,0,2024-07-20 12:05:31,,,
2023-04-21,焦炭,收盘价,2271.00,-1.77%,603,2023-04-21 00:00:00,1,0,2024-07-20 12:05:31,0,2024-07-20 12:05:31,,,
2023-04-21,焦炭,结算价,2291.00,-1.65%,604,2023-04-21 00:00:00,1,0,2024-07-20 12:05:31,0,2024-07-20 12:05:31,,,
2023-04-20,焦炭,收盘价,2312.00,-2.88%,605,2023-04-20 00:00:00,1,0,2024-07-20 12:05:31,0,2024-07-20 12:05:31,,,
2023-04-20,焦炭,结算价,2329.50,-2.71%,606,2023-04-20 00:00:00,1,0,2024-07-20 12:05:31,0,2024-07-20 12:05:31,,,
2023-04-19,焦炭,收盘价,2380.50,-0.61%,607,2023-04-19 00:00:00,1,0,2024-07-20 12:05:31,0,2024-07-20 12:05:31,,,
2023-04-19,焦炭,结算价,2394.50,0.48%,608,2023-04-19 00:00:00,1,0,2024-07-20 12:05:31,0,2024-07-20 12:05:31,,,
2023-04-18,焦炭,收盘价,2395.00,1.46%,609,2023-04-18 00:00:00,1,0,2024-07-20 12:05:31,0,2024-07-20 12:05:31,,,
2023-04-18,焦炭,结算价,2383.00,2.03%,610,2023-04-18 00:00:00,1,0,2024-07-20 12:05:31,0,2024-07-20 12:05:31,,,
2023-04-17,焦炭,收盘价,2360.50,0.7%,611,2023-04-17 00:00:00,1,0,2024-07-20 12:05:31,0,2024-07-20 12:05:31,,,
2023-04-17,焦炭,结算价,2335.50,-0.87%,612,2023-04-17 00:00:00,1,0,2024-07-20 12:05:31,0,2024-07-20 12:05:31,,,
2023-04-14,焦炭,收盘价,2344.00,0.93%,613,2023-04-14 00:00:00,1,0,2024-07-20 12:05:31,0,2024-07-20 12:05:31,,,
2023-04-14,焦炭,结算价,2356.00,0.68%,614,2023-04-14 00:00:00,1,0,2024-07-20 12:05:31,0,2024-07-20 12:05:31,,,
2023-04-13,焦炭,收盘价,2322.50,-8.11%,615,2023-04-13 00:00:00,1,0,2024-07-20 12:05:31,0,2024-07-20 12:05:31,,,
2023-04-13,焦炭,结算价,2340.00,-7.22%,616,2023-04-13 00:00:00,1,0,2024-07-20 12:05:31,0,2024-07-20 12:05:31,,,
2023-04-12,焦炭,收盘价,2527.50,0.1%,617,2023-04-12 00:00:00,1,0,2024-07-20 12:05:31,0,2024-07-20 12:05:31,,,
2023-04-12,焦炭,结算价,2522.00,0.62%,618,2023-04-12 00:00:00,1,0,2024-07-20 12:05:31,0,2024-07-20 12:05:31,,,
2023-04-11,焦炭,收盘价,2525.00,1.39%,619,2023-04-11 00:00:00,1,0,2024-07-20 12:05:31,0,2024-07-20 12:05:31,,,
2023-04-11,焦炭,结算价,2506.50,0.16%,620,2023-04-11 00:00:00,1,0,2024-07-20 12:05:31,0,2024-07-20 12:05:31,,,
2023-04-10,焦炭,收盘价,2490.50,-2.03%,621,2023-04-10 00:00:00,1,0,2024-07-20 12:05:31,0,2024-07-20 12:05:31,,,
2023-04-10,焦炭,结算价,2502.50,-1.46%,622,2023-04-10 00:00:00,1,0,2024-07-20 12:05:31,0,2024-07-20 12:05:31,,,
2023-04-07,焦炭,收盘价,2542.00,0.41%,623,2023-04-07 00:00:00,1,0,2024-07-20 12:05:31,0,2024-07-20 12:05:31,,,
2023-04-07,焦炭,结算价,2539.50,-0.55%,624,2023-04-07 00:00:00,1,0,2024-07-20 12:05:31,0,2024-07-20 12:05:31,,,
2023-04-06,焦炭,收盘价,2531.50,-1.63%,625,2023-04-06 00:00:00,1,0,2024-07-20 12:05:31,0,2024-07-20 12:05:31,,,
2023-04-06,焦炭,结算价,2553.50,-1.66%,626,2023-04-06 00:00:00,1,0,2024-07-20 12:05:31,0,2024-07-20 12:05:31,,,
2023-04-04,焦炭,收盘价,2573.50,-1.87%,627,2023-04-04 00:00:00,1,0,2024-07-20 12:05:31,0,2024-07-20 12:05:31,,,
2023-04-04,焦炭,结算价,2596.50,-3.35%,628,2023-04-04 00:00:00,1,0,2024-07-20 12:05:31,0,2024-07-20 12:05:31,,,
2023-04-03,焦炭,收盘价,2622.50,-4.41%,629,2023-04-03 00:00:00,1,0,2024-07-20 12:05:31,0,2024-07-20 12:05:31,,,
2023-04-03,焦炭,结算价,2686.50,-1.39%,630,2023-04-03 00:00:00,1,0,2024-07-20 12:05:31,0,2024-07-20 12:05:31,,,
2023-03-31,焦炭,收盘价,2743.50,2.39%,631,2023-03-31 00:00:00,1,0,2024-07-20 12:05:34,0,2024-07-20 12:05:34,,,
2023-03-31,焦炭,结算价,2724.50,2.06%,632,2023-03-31 00:00:00,1,0,2024-07-20 12:05:34,0,2024-07-20 12:05:34,,,
2023-03-30,焦炭,收盘价,2679.50,0.36%,633,2023-03-30 00:00:00,1,0,2024-07-20 12:05:34,0,2024-07-20 12:05:34,,,
2023-03-30,焦炭,结算价,2669.50,-0.17%,634,2023-03-30 00:00:00,1,0,2024-07-20 12:05:34,0,2024-07-20 12:05:34,,,
2023-03-29,焦炭,收盘价,2670.00,-0.07%,635,2023-03-29 00:00:00,1,0,2024-07-20 12:05:34,0,2024-07-20 12:05:34,,,
2023-03-29,焦炭,结算价,2674.00,-0.45%,636,2023-03-29 00:00:00,1,0,2024-07-20 12:05:34,0,2024-07-20 12:05:34,,,
2023-03-28,焦炭,收盘价,2672.00,-2.3%,637,2023-03-28 00:00:00,1,0,2024-07-20 12:05:34,0,2024-07-20 12:05:34,,,
2023-03-28,焦炭,结算价,2686.00,-1.43%,638,2023-03-28 00:00:00,1,0,2024-07-20 12:05:34,0,2024-07-20 12:05:34,,,
2023-03-27,焦炭,收盘价,2735.00,-0.04%,639,2023-03-27 00:00:00,1,0,2024-07-20 12:05:34,0,2024-07-20 12:05:34,,,
2023-03-27,焦炭,结算价,2725.00,0.5%,640,2023-03-27 00:00:00,1,0,2024-07-20 12:05:34,0,2024-07-20 12:05:34,,,
2023-03-24,焦炭,收盘价,2736.00,1.62%,641,2023-03-24 00:00:00,1,0,2024-07-20 12:05:34,0,2024-07-20 12:05:34,,,
2023-03-24,焦炭,结算价,2711.50,-0.37%,642,2023-03-24 00:00:00,1,0,2024-07-20 12:05:34,0,2024-07-20 12:05:34,,,
2023-03-23,焦炭,收盘价,2692.50,-1.14%,643,2023-03-23 00:00:00,1,0,2024-07-20 12:05:34,0,2024-07-20 12:05:34,,,
2023-03-23,焦炭,结算价,2721.50,0.07%,644,2023-03-23 00:00:00,1,0,2024-07-20 12:05:34,0,2024-07-20 12:05:34,,,
2023-03-22,焦炭,收盘价,2723.50,0.2%,645,2023-03-22 00:00:00,1,0,2024-07-20 12:05:34,0,2024-07-20 12:05:34,,,
2023-03-22,焦炭,结算价,2719.50,-0.73%,646,2023-03-22 00:00:00,1,0,2024-07-20 12:05:34,0,2024-07-20 12:05:34,,,
2023-03-21,焦炭,收盘价,2718.00,-1.02%,647,2023-03-21 00:00:00,1,0,2024-07-20 12:05:34,0,2024-07-20 12:05:34,,,
2023-03-21,焦炭,结算价,2739.50,-1.01%,648,2023-03-21 00:00:00,1,0,2024-07-20 12:05:34,0,2024-07-20 12:05:34,,,
2023-03-20,焦炭,收盘价,2746.00,-1.38%,649,2023-03-20 00:00:00,1,0,2024-07-20 12:05:34,0,2024-07-20 12:05:34,,,
2023-03-20,焦炭,结算价,2767.50,-0.61%,650,2023-03-20 00:00:00,1,0,2024-07-20 12:05:34,0,2024-07-20 12:05:34,,,
2023-03-17,焦炭,收盘价,2784.50,1.02%,651,2023-03-17 00:00:00,1,0,2024-07-20 12:05:34,0,2024-07-20 12:05:34,,,
2023-03-17,焦炭,结算价,2784.50,-0.04%,652,2023-03-17 00:00:00,1,0,2024-07-20 12:05:34,0,2024-07-20 12:05:34,,,
2023-03-16,焦炭,收盘价,2756.50,-2.18%,653,2023-03-16 00:00:00,1,0,2024-07-20 12:05:34,0,2024-07-20 12:05:34,,,
2023-03-16,焦炭,结算价,2785.50,-2.02%,654,2023-03-16 00:00:00,1,0,2024-07-20 12:05:34,0,2024-07-20 12:05:34,,,
2023-03-15,焦炭,收盘价,2818.00,-1.49%,655,2023-03-15 00:00:00,1,0,2024-07-20 12:05:34,0,2024-07-20 12:05:34,,,
2023-03-15,焦炭,结算价,2843.00,-1.69%,656,2023-03-15 00:00:00,1,0,2024-07-20 12:05:34,0,2024-07-20 12:05:34,,,
2023-03-14,焦炭,收盘价,2860.50,-2.64%,657,2023-03-14 00:00:00,1,0,2024-07-20 12:05:34,0,2024-07-20 12:05:34,,,
2023-03-14,焦炭,结算价,2892.00,-0.86%,658,2023-03-14 00:00:00,1,0,2024-07-20 12:05:34,0,2024-07-20 12:05:34,,,
2023-03-13,焦炭,收盘价,2938.00,1.61%,659,2023-03-13 00:00:00,1,0,2024-07-20 12:05:34,0,2024-07-20 12:05:34,,,
2023-03-13,焦炭,结算价,2917.00,-0.07%,660,2023-03-13 00:00:00,1,0,2024-07-20 12:05:34,0,2024-07-20 12:05:34,,,
2023-03-10,焦炭,收盘价,2891.50,0.14%,661,2023-03-10 00:00:00,1,0,2024-07-20 12:05:38,0,2024-07-20 12:05:38,,,
2023-03-10,焦炭,结算价,2919.00,2.15%,662,2023-03-10 00:00:00,1,0,2024-07-20 12:05:38,0,2024-07-20 12:05:38,,,
2023-03-09,焦炭,收盘价,2887.50,-0.22%,663,2023-03-09 00:00:00,1,0,2024-07-20 12:05:38,0,2024-07-20 12:05:38,,,
2023-03-09,焦炭,结算价,2857.50,-1.64%,664,2023-03-09 00:00:00,1,0,2024-07-20 12:05:38,0,2024-07-20 12:05:38,,,
2023-03-08,焦炭,收盘价,2894.00,-0.64%,665,2023-03-08 00:00:00,1,0,2024-07-20 12:05:38,0,2024-07-20 12:05:38,,,
2023-03-08,焦炭,结算价,2905.00,-0.5%,666,2023-03-08 00:00:00,1,0,2024-07-20 12:05:38,0,2024-07-20 12:05:38,,,
2023-03-07,焦炭,收盘价,2912.50,-0.46%,667,2023-03-07 00:00:00,1,0,2024-07-20 12:05:38,0,2024-07-20 12:05:38,,,
2023-03-07,焦炭,结算价,2919.50,-0.14%,668,2023-03-07 00:00:00,1,0,2024-07-20 12:05:38,0,2024-07-20 12:05:38,,,
2023-03-06,焦炭,收盘价,2926.00,-1.4%,669,2023-03-06 00:00:00,1,0,2024-07-20 12:05:38,0,2024-07-20 12:05:38,,,
2023-03-06,焦炭,结算价,2923.50,-0.98%,670,2023-03-06 00:00:00,1,0,2024-07-20 12:05:38,0,2024-07-20 12:05:38,,,
2023-03-03,焦炭,收盘价,2967.50,0.44%,671,2023-03-03 00:00:00,1,0,2024-07-20 12:05:38,0,2024-07-20 12:05:38,,,
2023-03-03,焦炭,结算价,2952.50,-0.05%,672,2023-03-03 00:00:00,1,0,2024-07-20 12:05:38,0,2024-07-20 12:05:38,,,
2023-03-02,焦炭,收盘价,2954.50,-0.29%,673,2023-03-02 00:00:00,1,0,2024-07-20 12:05:38,0,2024-07-20 12:05:38,,,
2023-03-02,焦炭,结算价,2954.00,0.61%,674,2023-03-02 00:00:00,1,0,2024-07-20 12:05:38,0,2024-07-20 12:05:38,,,
2023-03-01,焦炭,收盘价,2963.00,2.12%,675,2023-03-01 00:00:00,1,0,2024-07-20 12:05:38,0,2024-07-20 12:05:38,,,
2023-03-01,焦炭,结算价,2936.00,0.93%,676,2023-03-01 00:00:00,1,0,2024-07-20 12:05:38,0,2024-07-20 12:05:38,,,
2023-02-28,焦炭,收盘价,2901.50,-1.24%,677,2023-02-28 00:00:00,1,0,2024-07-20 12:05:38,0,2024-07-20 12:05:38,,,
2023-02-28,焦炭,结算价,2909.00,-1.51%,678,2023-02-28 00:00:00,1,0,2024-07-20 12:05:38,0,2024-07-20 12:05:38,,,
2023-02-27,焦炭,收盘价,2938.00,-0.49%,679,2023-02-27 00:00:00,1,0,2024-07-20 12:05:38,0,2024-07-20 12:05:38,,,
2023-02-27,焦炭,结算价,2953.50,0.53%,680,2023-02-27 00:00:00,1,0,2024-07-20 12:05:38,0,2024-07-20 12:05:38,,,
2023-02-24,焦炭,收盘价,2952.50,0.79%,681,2023-02-24 00:00:00,1,0,2024-07-20 12:05:38,0,2024-07-20 12:05:38,,,
2023-02-24,焦炭,结算价,2938.00,-0.29%,682,2023-02-24 00:00:00,1,0,2024-07-20 12:05:38,0,2024-07-20 12:05:38,,,
2023-02-23,焦炭,收盘价,2929.50,1.63%,683,2023-02-23 00:00:00,1,0,2024-07-20 12:05:38,0,2024-07-20 12:05:38,,,
2023-02-23,焦炭,结算价,2946.50,1.97%,684,2023-02-23 00:00:00,1,0,2024-07-20 12:05:38,0,2024-07-20 12:05:38,,,
2023-02-22,焦炭,收盘价,2882.50,-0.43%,685,2023-02-22 00:00:00,1,0,2024-07-20 12:05:38,0,2024-07-20 12:05:38,,,
2023-02-22,焦炭,结算价,2889.50,0.12%,686,2023-02-22 00:00:00,1,0,2024-07-20 12:05:38,0,2024-07-20 12:05:38,,,
2023-02-21,焦炭,收盘价,2895.00,1.24%,687,2023-02-21 00:00:00,1,0,2024-07-20 12:05:38,0,2024-07-20 12:05:38,,,
2023-02-21,焦炭,结算价,2886.00,1.89%,688,2023-02-21 00:00:00,1,0,2024-07-20 12:05:38,0,2024-07-20 12:05:38,,,
2023-02-20,焦炭,收盘价,2859.50,0.99%,689,2023-02-20 00:00:00,1,0,2024-07-20 12:05:38,0,2024-07-20 12:05:38,,,
2023-02-20,焦炭,结算价,2832.50,0.75%,690,2023-02-20 00:00:00,1,0,2024-07-20 12:05:38,0,2024-07-20 12:05:38,,,
2023-02-17,焦炭,收盘价,2831.50,2.11%,691,2023-02-17 00:00:00,1,0,2024-07-20 12:05:42,0,2024-07-20 12:05:42,,,
2023-02-17,焦炭,结算价,2811.50,2.42%,692,2023-02-17 00:00:00,1,0,2024-07-20 12:05:42,0,2024-07-20 12:05:42,,,
2023-02-16,焦炭,收盘价,2773.00,2.67%,693,2023-02-16 00:00:00,1,0,2024-07-20 12:05:42,0,2024-07-20 12:05:42,,,
2023-02-16,焦炭,结算价,2745.00,1.37%,694,2023-02-16 00:00:00,1,0,2024-07-20 12:05:42,0,2024-07-20 12:05:42,,,
2023-02-15,焦炭,收盘价,2701.00,0.%,695,2023-02-15 00:00:00,1,0,2024-07-20 12:05:42,0,2024-07-20 12:05:42,,,
2023-02-15,焦炭,结算价,2708.00,0.86%,696,2023-02-15 00:00:00,1,0,2024-07-20 12:05:42,0,2024-07-20 12:05:42,,,
2023-02-14,焦炭,收盘价,2701.00,0.54%,697,2023-02-14 00:00:00,1,0,2024-07-20 12:05:42,0,2024-07-20 12:05:42,,,
2023-02-14,焦炭,结算价,2685.00,-0.85%,698,2023-02-14 00:00:00,1,0,2024-07-20 12:05:42,0,2024-07-20 12:05:42,,,
2023-02-13,焦炭,收盘价,2686.50,-1.85%,699,2023-02-13 00:00:00,1,0,2024-07-20 12:05:42,0,2024-07-20 12:05:42,,,
2023-02-13,焦炭,结算价,2708.00,-1.92%,700,2023-02-13 00:00:00,1,0,2024-07-20 12:05:42,0,2024-07-20 12:05:42,,,
2023-02-10,焦炭,收盘价,2737.00,-2.18%,701,2023-02-10 00:00:00,1,0,2024-07-20 12:05:42,0,2024-07-20 12:05:42,,,
2023-02-10,焦炭,结算价,2761.00,-1.32%,702,2023-02-10 00:00:00,1,0,2024-07-20 12:05:42,0,2024-07-20 12:05:42,,,
2023-02-09,焦炭,收盘价,2798.00,0.16%,703,2023-02-09 00:00:00,1,0,2024-07-20 12:05:42,0,2024-07-20 12:05:42,,,
2023-02-09,焦炭,结算价,2798.00,1.43%,704,2023-02-09 00:00:00,1,0,2024-07-20 12:05:42,0,2024-07-20 12:05:42,,,
2023-02-08,焦炭,收盘价,2793.50,1.58%,705,2023-02-08 00:00:00,1,0,2024-07-20 12:05:42,0,2024-07-20 12:05:42,,,
2023-02-08,焦炭,结算价,2758.50,0.73%,706,2023-02-08 00:00:00,1,0,2024-07-20 12:05:42,0,2024-07-20 12:05:42,,,
2023-02-07,焦炭,收盘价,2750.00,-0.16%,707,2023-02-07 00:00:00,1,0,2024-07-20 12:05:42,0,2024-07-20 12:05:42,,,
2023-02-07,焦炭,结算价,2738.50,0.2%,708,2023-02-07 00:00:00,1,0,2024-07-20 12:05:42,0,2024-07-20 12:05:42,,,
2023-02-06,焦炭,收盘价,2754.50,-0.09%,709,2023-02-06 00:00:00,1,0,2024-07-20 12:05:42,0,2024-07-20 12:05:42,,,
2023-02-06,焦炭,结算价,2733.00,-0.36%,710,2023-02-06 00:00:00,1,0,2024-07-20 12:05:42,0,2024-07-20 12:05:42,,,
2023-02-03,焦炭,收盘价,2757.00,0.4%,711,2023-02-03 00:00:00,1,0,2024-07-20 12:05:42,0,2024-07-20 12:05:42,,,
2023-02-03,焦炭,结算价,2743.00,-1.61%,712,2023-02-03 00:00:00,1,0,2024-07-20 12:05:42,0,2024-07-20 12:05:42,,,
2023-02-02,焦炭,收盘价,2746.00,-1.13%,713,2023-02-02 00:00:00,1,0,2024-07-20 12:05:42,0,2024-07-20 12:05:42,,,
2023-02-02,焦炭,结算价,2788.00,-0.66%,714,2023-02-02 00:00:00,1,0,2024-07-20 12:05:42,0,2024-07-20 12:05:42,,,
2023-02-01,焦炭,收盘价,2777.50,-1.73%,715,2023-02-01 00:00:00,1,0,2024-07-20 12:05:42,0,2024-07-20 12:05:42,,,
2023-02-01,焦炭,结算价,2806.50,-2.55%,716,2023-02-01 00:00:00,1,0,2024-07-20 12:05:42,0,2024-07-20 12:05:42,,,
2023-01-31,焦炭,收盘价,2826.50,-2.2%,717,2023-01-31 00:00:00,1,0,2024-07-20 12:05:42,0,2024-07-20 12:05:42,,,
2023-01-31,焦炭,结算价,2880.00,-1.66%,718,2023-01-31 00:00:00,1,0,2024-07-20 12:05:42,0,2024-07-20 12:05:42,,,
2023-01-30,焦炭,收盘价,2890.00,0.03%,719,2023-01-30 00:00:00,1,0,2024-07-20 12:05:42,0,2024-07-20 12:05:42,,,
2023-01-30,焦炭,结算价,2928.50,1.75%,720,2023-01-30 00:00:00,1,0,2024-07-20 12:05:42,0,2024-07-20 12:05:42,,,
2023-01-20,焦炭,收盘价,2889.00,0.09%,721,2023-01-20 00:00:00,1,0,2024-07-20 12:05:45,0,2024-07-20 12:05:45,,,
2023-01-20,焦炭,结算价,2878.00,-0.24%,722,2023-01-20 00:00:00,1,0,2024-07-20 12:05:45,0,2024-07-20 12:05:45,,,
2023-01-19,焦炭,收盘价,2886.50,0.33%,723,2023-01-19 00:00:00,1,0,2024-07-20 12:05:45,0,2024-07-20 12:05:45,,,
2023-01-19,焦炭,结算价,2885.00,0.49%,724,2023-01-19 00:00:00,1,0,2024-07-20 12:05:45,0,2024-07-20 12:05:45,,,
2023-01-18,焦炭,收盘价,2877.00,0.95%,725,2023-01-18 00:00:00,1,0,2024-07-20 12:05:45,0,2024-07-20 12:05:45,,,
2023-01-18,焦炭,结算价,2871.00,1.2%,726,2023-01-18 00:00:00,1,0,2024-07-20 12:05:45,0,2024-07-20 12:05:45,,,
2023-01-17,焦炭,收盘价,2850.00,0.6%,727,2023-01-17 00:00:00,1,0,2024-07-20 12:05:45,0,2024-07-20 12:05:45,,,
2023-01-17,焦炭,结算价,2837.00,0.66%,728,2023-01-17 00:00:00,1,0,2024-07-20 12:05:45,0,2024-07-20 12:05:45,,,
2023-01-16,焦炭,收盘价,2833.00,-0.25%,729,2023-01-16 00:00:00,1,0,2024-07-20 12:05:45,0,2024-07-20 12:05:45,,,
2023-01-16,焦炭,结算价,2818.50,-0.28%,730,2023-01-16 00:00:00,1,0,2024-07-20 12:05:45,0,2024-07-20 12:05:45,,,
2023-01-13,焦炭,收盘价,2840.00,0.87%,731,2023-01-13 00:00:00,1,0,2024-07-20 12:05:45,0,2024-07-20 12:05:45,,,
2023-01-13,焦炭,结算价,2826.50,1.13%,732,2023-01-13 00:00:00,1,0,2024-07-20 12:05:45,0,2024-07-20 12:05:45,,,
2023-01-12,焦炭,收盘价,2815.50,0.14%,733,2023-01-12 00:00:00,1,0,2024-07-20 12:05:45,0,2024-07-20 12:05:45,,,
2023-01-12,焦炭,结算价,2795.00,0.98%,734,2023-01-12 00:00:00,1,0,2024-07-20 12:05:45,0,2024-07-20 12:05:45,,,
2023-01-11,焦炭,收盘价,2811.50,3.12%,735,2023-01-11 00:00:00,1,0,2024-07-20 12:05:45,0,2024-07-20 12:05:45,,,
2023-01-11,焦炭,结算价,2768.00,1.97%,736,2023-01-11 00:00:00,1,0,2024-07-20 12:05:45,0,2024-07-20 12:05:45,,,
2023-01-10,焦炭,收盘价,2726.50,0.%,737,2023-01-10 00:00:00,1,0,2024-07-20 12:05:45,0,2024-07-20 12:05:45,,,
2023-01-10,焦炭,结算价,2714.50,0.04%,738,2023-01-10 00:00:00,1,0,2024-07-20 12:05:45,0,2024-07-20 12:05:45,,,
2023-01-09,焦炭,收盘价,2726.50,1.81%,739,2023-01-09 00:00:00,1,0,2024-07-20 12:05:45,0,2024-07-20 12:05:45,,,
2023-01-09,焦炭,结算价,2713.50,2.98%,740,2023-01-09 00:00:00,1,0,2024-07-20 12:05:45,0,2024-07-20 12:05:45,,,
2023-01-06,焦炭,收盘价,2678.00,2.8%,741,2023-01-06 00:00:00,1,0,2024-07-20 12:05:45,0,2024-07-20 12:05:45,,,
2023-01-06,焦炭,结算价,2635.00,1.19%,742,2023-01-06 00:00:00,1,0,2024-07-20 12:05:45,0,2024-07-20 12:05:45,,,
2023-01-05,焦炭,收盘价,2605.00,0.83%,743,2023-01-05 00:00:00,1,0,2024-07-20 12:05:45,0,2024-07-20 12:05:45,,,
2023-01-05,焦炭,结算价,2604.00,0.35%,744,2023-01-05 00:00:00,1,0,2024-07-20 12:05:45,0,2024-07-20 12:05:45,,,
2023-01-04,焦炭,收盘价,2583.50,-1.66%,745,2023-01-04 00:00:00,1,0,2024-07-20 12:05:45,0,2024-07-20 12:05:45,,,
2023-01-04,焦炭,结算价,2595.00,-0.57%,746,2023-01-04 00:00:00,1,0,2024-07-20 12:05:45,0,2024-07-20 12:05:45,,,
2023-01-03,焦炭,收盘价,2627.00,-1.61%,747,2023-01-03 00:00:00,1,0,2024-07-20 12:05:45,0,2024-07-20 12:05:45,,,
2023-01-03,焦炭,结算价,2610.00,-3.51%,748,2023-01-03 00:00:00,1,0,2024-07-20 12:05:45,0,2024-07-20 12:05:45,,,
2022-12-30,焦炭,收盘价,2670.00,-0.41%,749,2022-12-30 00:00:00,1,0,2024-07-20 12:05:45,0,2024-07-20 12:05:45,,,
2022-12-30,焦炭,结算价,2705.00,1.05%,750,2022-12-30 00:00:00,1,0,2024-07-20 12:05:45,0,2024-07-20 12:05:45,,,
2022-12-29,焦炭,收盘价,2681.00,-0.22%,751,2022-12-29 00:00:00,1,0,2024-07-20 12:05:49,0,2024-07-20 12:05:49,,,
2022-12-29,焦炭,结算价,2677.00,-0.83%,752,2022-12-29 00:00:00,1,0,2024-07-20 12:05:49,0,2024-07-20 12:05:49,,,
2022-12-28,焦炭,收盘价,2687.00,-2.52%,753,2022-12-28 00:00:00,1,0,2024-07-20 12:05:49,0,2024-07-20 12:05:49,,,
2022-12-28,焦炭,结算价,2699.50,-1.59%,754,2022-12-28 00:00:00,1,0,2024-07-20 12:05:49,0,2024-07-20 12:05:49,,,
2022-12-27,焦炭,收盘价,2756.50,1.25%,755,2022-12-27 00:00:00,1,0,2024-07-20 12:05:49,0,2024-07-20 12:05:49,,,
2022-12-27,焦炭,结算价,2743.00,2.39%,756,2022-12-27 00:00:00,1,0,2024-07-20 12:05:49,0,2024-07-20 12:05:49,,,
2022-12-26,焦炭,收盘价,2722.50,2.89%,757,2022-12-26 00:00:00,1,0,2024-07-20 12:05:49,0,2024-07-20 12:05:49,,,
2022-12-26,焦炭,结算价,2679.00,1.29%,758,2022-12-26 00:00:00,1,0,2024-07-20 12:05:49,0,2024-07-20 12:05:49,,,
2022-12-23,焦炭,收盘价,2646.00,0.57%,759,2022-12-23 00:00:00,1,0,2024-07-20 12:05:49,0,2024-07-20 12:05:49,,,
2022-12-23,焦炭,结算价,2645.00,-1.84%,760,2022-12-23 00:00:00,1,0,2024-07-20 12:05:49,0,2024-07-20 12:05:49,,,
2022-12-22,焦炭,收盘价,2631.00,-4.17%,761,2022-12-22 00:00:00,1,0,2024-07-20 12:05:49,0,2024-07-20 12:05:49,,,
2022-12-22,焦炭,结算价,2694.50,-0.61%,762,2022-12-22 00:00:00,1,0,2024-07-20 12:05:49,0,2024-07-20 12:05:49,,,
2022-12-21,焦炭,收盘价,2745.50,3.53%,763,2022-12-21 00:00:00,1,0,2024-07-20 12:05:49,0,2024-07-20 12:05:49,,,
2022-12-21,焦炭,结算价,2711.00,1.46%,764,2022-12-21 00:00:00,1,0,2024-07-20 12:05:49,0,2024-07-20 12:05:49,,,
2022-12-20,焦炭,收盘价,2652.00,-1.47%,765,2022-12-20 00:00:00,1,0,2024-07-20 12:05:49,0,2024-07-20 12:05:49,,,
2022-12-20,焦炭,结算价,2672.00,-3.38%,766,2022-12-20 00:00:00,1,0,2024-07-20 12:05:49,0,2024-07-20 12:05:49,,,
2022-12-19,焦炭,收盘价,2691.50,-5.54%,767,2022-12-19 00:00:00,1,0,2024-07-20 12:05:49,0,2024-07-20 12:05:49,,,
2022-12-19,焦炭,结算价,2765.50,-4.27%,768,2022-12-19 00:00:00,1,0,2024-07-20 12:05:49,0,2024-07-20 12:05:49,,,
2022-12-16,焦炭,收盘价,2849.50,-1.89%,769,2022-12-16 00:00:00,1,0,2024-07-20 12:05:49,0,2024-07-20 12:05:49,,,
2022-12-16,焦炭,结算价,2889.00,0.19%,770,2022-12-16 00:00:00,1,0,2024-07-20 12:05:49,0,2024-07-20 12:05:49,,,
2022-12-15,焦炭,收盘价,2904.50,1.11%,771,2022-12-15 00:00:00,1,0,2024-07-20 12:05:49,0,2024-07-20 12:05:49,,,
2022-12-15,焦炭,结算价,2883.50,1.3%,772,2022-12-15 00:00:00,1,0,2024-07-20 12:05:49,0,2024-07-20 12:05:49,,,
2022-12-14,焦炭,收盘价,2872.50,-2.31%,773,2022-12-14 00:00:00,1,0,2024-07-20 12:05:49,0,2024-07-20 12:05:49,,,
2022-12-14,焦炭,结算价,2846.50,-3.21%,774,2022-12-14 00:00:00,1,0,2024-07-20 12:05:49,0,2024-07-20 12:05:49,,,
2022-12-13,焦炭,收盘价,2940.50,-1.59%,775,2022-12-13 00:00:00,1,0,2024-07-20 12:05:49,0,2024-07-20 12:05:49,,,
2022-12-13,焦炭,结算价,2941.00,-1.16%,776,2022-12-13 00:00:00,1,0,2024-07-20 12:05:49,0,2024-07-20 12:05:49,,,
2022-12-12,焦炭,收盘价,2988.00,1.82%,777,2022-12-12 00:00:00,1,0,2024-07-20 12:05:49,0,2024-07-20 12:05:49,,,
2022-12-12,焦炭,结算价,2975.50,2.04%,778,2022-12-12 00:00:00,1,0,2024-07-20 12:05:49,0,2024-07-20 12:05:49,,,
2022-12-09,焦炭,收盘价,2934.50,1.24%,779,2022-12-09 00:00:00,1,0,2024-07-20 12:05:49,0,2024-07-20 12:05:49,,,
2022-12-09,焦炭,结算价,2916.00,1.71%,780,2022-12-09 00:00:00,1,0,2024-07-20 12:05:49,0,2024-07-20 12:05:49,,,
2022-12-08,焦炭,收盘价,2898.50,3.31%,781,2022-12-08 00:00:00,1,0,2024-07-20 12:05:52,0,2024-07-20 12:05:52,,,
2022-12-08,焦炭,结算价,2867.00,1.38%,782,2022-12-08 00:00:00,1,0,2024-07-20 12:05:52,0,2024-07-20 12:05:52,,,
2022-12-07,焦炭,收盘价,2805.50,0.66%,783,2022-12-07 00:00:00,1,0,2024-07-20 12:05:52,0,2024-07-20 12:05:52,,,
2022-12-07,焦炭,结算价,2828.00,1.18%,784,2022-12-07 00:00:00,1,0,2024-07-20 12:05:52,0,2024-07-20 12:05:52,,,
2022-12-06,焦炭,收盘价,2787.00,-2.45%,785,2022-12-06 00:00:00,1,0,2024-07-20 12:05:52,0,2024-07-20 12:05:52,,,
2022-12-06,焦炭,结算价,2795.00,-1.11%,786,2022-12-06 00:00:00,1,0,2024-07-20 12:05:52,0,2024-07-20 12:05:52,,,
2022-12-05,焦炭,收盘价,2857.00,1.35%,787,2022-12-05 00:00:00,1,0,2024-07-20 12:05:52,0,2024-07-20 12:05:52,,,
2022-12-05,焦炭,结算价,2826.50,1.15%,788,2022-12-05 00:00:00,1,0,2024-07-20 12:05:52,0,2024-07-20 12:05:52,,,
2022-12-02,焦炭,收盘价,2819.00,1.93%,789,2022-12-02 00:00:00,1,0,2024-07-20 12:05:52,0,2024-07-20 12:05:52,,,
2022-12-02,焦炭,结算价,2794.50,-0.18%,790,2022-12-02 00:00:00,1,0,2024-07-20 12:05:52,0,2024-07-20 12:05:52,,,
2022-12-01,焦炭,收盘价,2765.50,-1.55%,791,2022-12-01 00:00:00,1,0,2024-07-20 12:05:52,0,2024-07-20 12:05:52,,,
2022-12-01,焦炭,结算价,2799.50,-1.11%,792,2022-12-01 00:00:00,1,0,2024-07-20 12:05:52,0,2024-07-20 12:05:52,,,
2022-11-30,焦炭,收盘价,2809.00,-1.47%,793,2022-11-30 00:00:00,1,0,2024-07-20 12:05:52,0,2024-07-20 12:05:52,,,
2022-11-30,焦炭,结算价,2831.00,-0.6%,794,2022-11-30 00:00:00,1,0,2024-07-20 12:05:52,0,2024-07-20 12:05:52,,,
2022-11-29,焦炭,收盘价,2851.00,2.33%,795,2022-11-29 00:00:00,1,0,2024-07-20 12:05:52,0,2024-07-20 12:05:52,,,
2022-11-29,焦炭,结算价,2848.00,2.28%,796,2022-11-29 00:00:00,1,0,2024-07-20 12:05:52,0,2024-07-20 12:05:52,,,
2022-11-28,焦炭,收盘价,2786.00,-0.71%,797,2022-11-28 00:00:00,1,0,2024-07-20 12:05:52,0,2024-07-20 12:05:52,,,
2022-11-28,焦炭,结算价,2784.50,0.58%,798,2022-11-28 00:00:00,1,0,2024-07-20 12:05:52,0,2024-07-20 12:05:52,,,
2022-11-25,焦炭,收盘价,2806.00,1.76%,799,2022-11-25 00:00:00,1,0,2024-07-20 12:05:52,0,2024-07-20 12:05:52,,,
2022-11-25,焦炭,结算价,2768.50,0.54%,800,2022-11-25 00:00:00,1,0,2024-07-20 12:05:52,0,2024-07-20 12:05:52,,,
2022-11-24,焦炭,收盘价,2757.50,1.19%,801,2022-11-24 00:00:00,1,0,2024-07-20 12:05:52,0,2024-07-20 12:05:52,,,
2022-11-24,焦炭,结算价,2753.50,1.94%,802,2022-11-24 00:00:00,1,0,2024-07-20 12:05:52,0,2024-07-20 12:05:52,,,
2022-11-23,焦炭,收盘价,2725.00,1.45%,803,2022-11-23 00:00:00,1,0,2024-07-20 12:05:52,0,2024-07-20 12:05:52,,,
2022-11-23,焦炭,结算价,2701.00,-0.57%,804,2022-11-23 00:00:00,1,0,2024-07-20 12:05:52,0,2024-07-20 12:05:52,,,
2022-11-22,焦炭,收盘价,2686.00,-0.96%,805,2022-11-22 00:00:00,1,0,2024-07-20 12:05:52,0,2024-07-20 12:05:52,,,
2022-11-22,焦炭,结算价,2716.50,-0.13%,806,2022-11-22 00:00:00,1,0,2024-07-20 12:05:52,0,2024-07-20 12:05:52,,,
2022-11-21,焦炭,收盘价,2712.00,-2.67%,807,2022-11-21 00:00:00,1,0,2024-07-20 12:05:52,0,2024-07-20 12:05:52,,,
2022-11-21,焦炭,结算价,2720.00,-1.88%,808,2022-11-21 00:00:00,1,0,2024-07-20 12:05:52,0,2024-07-20 12:05:52,,,
2022-11-18,焦炭,收盘价,2786.50,0.31%,809,2022-11-18 00:00:00,1,0,2024-07-20 12:05:52,0,2024-07-20 12:05:52,,,
2022-11-18,焦炭,结算价,2772.00,0.71%,810,2022-11-18 00:00:00,1,0,2024-07-20 12:05:52,0,2024-07-20 12:05:52,,,
2022-11-17,焦炭,收盘价,2778.00,-0.09%,811,2022-11-17 00:00:00,1,0,2024-07-20 12:05:55,0,2024-07-20 12:05:55,,,
2022-11-17,焦炭,结算价,2752.50,-0.38%,812,2022-11-17 00:00:00,1,0,2024-07-20 12:05:55,0,2024-07-20 12:05:55,,,
2022-11-16,焦炭,收盘价,2780.50,1.16%,813,2022-11-16 00:00:00,1,0,2024-07-20 12:05:55,0,2024-07-20 12:05:55,,,
2022-11-16,焦炭,结算价,2763.00,1.06%,814,2022-11-16 00:00:00,1,0,2024-07-20 12:05:55,0,2024-07-20 12:05:55,,,
2022-11-15,焦炭,收盘价,2748.50,1.59%,815,2022-11-15 00:00:00,1,0,2024-07-20 12:05:55,0,2024-07-20 12:05:55,,,
2022-11-15,焦炭,结算价,2734.00,0.83%,816,2022-11-15 00:00:00,1,0,2024-07-20 12:05:55,0,2024-07-20 12:05:55,,,
2022-11-14,焦炭,收盘价,2705.50,0.35%,817,2022-11-14 00:00:00,1,0,2024-07-20 12:05:55,0,2024-07-20 12:05:55,,,
2022-11-14,焦炭,结算价,2711.50,2.36%,818,2022-11-14 00:00:00,1,0,2024-07-20 12:05:55,0,2024-07-20 12:05:55,,,
2022-11-11,焦炭,收盘价,2696.00,4.86%,819,2022-11-11 00:00:00,1,0,2024-07-20 12:05:55,0,2024-07-20 12:05:55,,,
2022-11-11,焦炭,结算价,2649.00,2.16%,820,2022-11-11 00:00:00,1,0,2024-07-20 12:05:55,0,2024-07-20 12:05:55,,,
2022-11-10,焦炭,收盘价,2571.00,-3.51%,821,2022-11-10 00:00:00,1,0,2024-07-20 12:05:55,0,2024-07-20 12:05:55,,,
2022-11-10,焦炭,结算价,2593.00,-2.24%,822,2022-11-10 00:00:00,1,0,2024-07-20 12:05:55,0,2024-07-20 12:05:55,,,
2022-11-09,焦炭,收盘价,2664.50,0.62%,823,2022-11-09 00:00:00,1,0,2024-07-20 12:05:55,0,2024-07-20 12:05:55,,,
2022-11-09,焦炭,结算价,2652.50,1.82%,824,2022-11-09 00:00:00,1,0,2024-07-20 12:05:55,0,2024-07-20 12:05:55,,,
2022-11-08,焦炭,收盘价,2648.00,1.77%,825,2022-11-08 00:00:00,1,0,2024-07-20 12:05:55,0,2024-07-20 12:05:55,,,
2022-11-08,焦炭,结算价,2605.00,0.5%,826,2022-11-08 00:00:00,1,0,2024-07-20 12:05:55,0,2024-07-20 12:05:55,,,
2022-11-07,焦炭,收盘价,2602.00,0.77%,827,2022-11-07 00:00:00,1,0,2024-07-20 12:05:55,0,2024-07-20 12:05:55,,,
2022-11-07,焦炭,结算价,2592.00,2.41%,828,2022-11-07 00:00:00,1,0,2024-07-20 12:05:55,0,2024-07-20 12:05:55,,,
2022-11-04,焦炭,收盘价,2582.00,3.82%,829,2022-11-04 00:00:00,1,0,2024-07-20 12:05:55,0,2024-07-20 12:05:55,,,
2022-11-04,焦炭,结算价,2531.00,1.77%,830,2022-11-04 00:00:00,1,0,2024-07-20 12:05:55,0,2024-07-20 12:05:55,,,
2022-11-03,焦炭,收盘价,2487.00,0.28%,831,2022-11-03 00:00:00,1,0,2024-07-20 12:05:55,0,2024-07-20 12:05:55,,,
2022-11-03,焦炭,结算价,2487.00,0.95%,832,2022-11-03 00:00:00,1,0,2024-07-20 12:05:55,0,2024-07-20 12:05:55,,,
2022-11-02,焦炭,收盘价,2480.00,0.81%,833,2022-11-02 00:00:00,1,0,2024-07-20 12:05:55,0,2024-07-20 12:05:55,,,
2022-11-02,焦炭,结算价,2463.50,1.76%,834,2022-11-02 00:00:00,1,0,2024-07-20 12:05:55,0,2024-07-20 12:05:55,,,
2022-11-01,焦炭,收盘价,2460.00,2.8%,835,2022-11-01 00:00:00,1,0,2024-07-20 12:05:55,0,2024-07-20 12:05:55,,,
2022-11-01,焦炭,结算价,2421.00,-0.47%,836,2022-11-01 00:00:00,1,0,2024-07-20 12:05:55,0,2024-07-20 12:05:55,,,
2022-10-31,焦炭,收盘价,2393.00,-3.82%,837,2022-10-31 00:00:00,1,0,2024-07-20 12:05:55,0,2024-07-20 12:05:55,,,
2022-10-31,焦炭,结算价,2432.50,-3.03%,838,2022-10-31 00:00:00,1,0,2024-07-20 12:05:55,0,2024-07-20 12:05:55,,,
2022-10-28,焦炭,收盘价,2488.00,-1.78%,839,2022-10-28 00:00:00,1,0,2024-07-20 12:05:55,0,2024-07-20 12:05:55,,,
2022-10-28,焦炭,结算价,2508.50,-1.8%,840,2022-10-28 00:00:00,1,0,2024-07-20 12:05:55,0,2024-07-20 12:05:55,,,
2022-10-27,焦炭,收盘价,2533.00,-0.92%,841,2022-10-27 00:00:00,1,0,2024-07-20 12:05:57,0,2024-07-20 12:05:57,,,
2022-10-27,焦炭,结算价,2554.50,-1.03%,842,2022-10-27 00:00:00,1,0,2024-07-20 12:05:57,0,2024-07-20 12:05:57,,,
2022-10-26,焦炭,收盘价,2556.50,-0.39%,843,2022-10-26 00:00:00,1,0,2024-07-20 12:05:57,0,2024-07-20 12:05:57,,,
2022-10-26,焦炭,结算价,2581.00,0.06%,844,2022-10-26 00:00:00,1,0,2024-07-20 12:05:57,0,2024-07-20 12:05:57,,,
2022-10-25,焦炭,收盘价,2566.50,-1.52%,845,2022-10-25 00:00:00,1,0,2024-07-20 12:05:57,0,2024-07-20 12:05:57,,,
2022-10-25,焦炭,结算价,2579.50,-1.28%,846,2022-10-25 00:00:00,1,0,2024-07-20 12:05:57,0,2024-07-20 12:05:57,,,
2022-10-24,焦炭,收盘价,2606.00,0.29%,847,2022-10-24 00:00:00,1,0,2024-07-20 12:05:57,0,2024-07-20 12:05:57,,,
2022-10-24,焦炭,结算价,2613.00,0.23%,848,2022-10-24 00:00:00,1,0,2024-07-20 12:05:57,0,2024-07-20 12:05:57,,,
2022-10-21,焦炭,收盘价,2598.50,1.01%,849,2022-10-21 00:00:00,1,0,2024-07-20 12:05:57,0,2024-07-20 12:05:57,,,
2022-10-21,焦炭,结算价,2607.00,-0.1%,850,2022-10-21 00:00:00,1,0,2024-07-20 12:05:57,0,2024-07-20 12:05:57,,,
2022-10-20,焦炭,收盘价,2572.50,-3.25%,851,2022-10-20 00:00:00,1,0,2024-07-20 12:05:57,0,2024-07-20 12:05:57,,,
2022-10-20,焦炭,结算价,2609.50,-1.75%,852,2022-10-20 00:00:00,1,0,2024-07-20 12:05:57,0,2024-07-20 12:05:57,,,
2022-10-19,焦炭,收盘价,2659.00,0.87%,853,2022-10-19 00:00:00,1,0,2024-07-20 12:05:57,0,2024-07-20 12:05:57,,,
2022-10-19,焦炭,结算价,2656.00,0.21%,854,2022-10-19 00:00:00,1,0,2024-07-20 12:05:57,0,2024-07-20 12:05:57,,,
2022-10-18,焦炭,收盘价,2636.00,-1.05%,855,2022-10-18 00:00:00,1,0,2024-07-20 12:05:57,0,2024-07-20 12:05:57,,,
2022-10-18,焦炭,结算价,2650.50,-2.36%,856,2022-10-18 00:00:00,1,0,2024-07-20 12:05:57,0,2024-07-20 12:05:57,,,
2022-10-17,焦炭,收盘价,2664.00,-5.16%,857,2022-10-17 00:00:00,1,0,2024-07-20 12:05:57,0,2024-07-20 12:05:57,,,
2022-10-17,焦炭,结算价,2714.50,-2.48%,858,2022-10-17 00:00:00,1,0,2024-07-20 12:05:57,0,2024-07-20 12:05:57,,,
2022-10-14,焦炭,收盘价,2809.00,2.11%,859,2022-10-14 00:00:00,1,0,2024-07-20 12:05:57,0,2024-07-20 12:05:57,,,
2022-10-14,焦炭,结算价,2783.50,0.34%,860,2022-10-14 00:00:00,1,0,2024-07-20 12:05:57,0,2024-07-20 12:05:57,,,
2022-10-13,焦炭,收盘价,2751.00,-0.63%,861,2022-10-13 00:00:00,1,0,2024-07-20 12:05:57,0,2024-07-20 12:05:57,,,
2022-10-13,焦炭,结算价,2774.00,0.13%,862,2022-10-13 00:00:00,1,0,2024-07-20 12:05:57,0,2024-07-20 12:05:57,,,
2022-10-12,焦炭,收盘价,2768.50,-2.02%,863,2022-10-12 00:00:00,1,0,2024-07-20 12:05:57,0,2024-07-20 12:05:57,,,
2022-10-12,焦炭,结算价,2770.50,-3.03%,864,2022-10-12 00:00:00,1,0,2024-07-20 12:05:57,0,2024-07-20 12:05:57,,,
2022-10-11,焦炭,收盘价,2825.50,-2.57%,865,2022-10-11 00:00:00,1,0,2024-07-20 12:05:57,0,2024-07-20 12:05:57,,,
2022-10-11,焦炭,结算价,2857.00,-0.95%,866,2022-10-11 00:00:00,1,0,2024-07-20 12:05:57,0,2024-07-20 12:05:57,,,
2022-10-10,焦炭,收盘价,2900.00,3.91%,867,2022-10-10 00:00:00,1,0,2024-07-20 12:05:57,0,2024-07-20 12:05:57,,,
2022-10-10,焦炭,结算价,2884.50,3.22%,868,2022-10-10 00:00:00,1,0,2024-07-20 12:05:57,0,2024-07-20 12:05:57,,,
2022-09-30,焦炭,收盘价,2791.00,0.11%,869,2022-09-30 00:00:00,1,0,2024-07-20 12:05:57,0,2024-07-20 12:05:57,,,
2022-09-30,焦炭,结算价,2794.50,-0.05%,870,2022-09-30 00:00:00,1,0,2024-07-20 12:05:57,0,2024-07-20 12:05:57,,,
2022-09-29,焦炭,收盘价,2788.00,0.8%,871,2022-09-29 00:00:00,1,0,2024-07-20 12:06:01,0,2024-07-20 12:06:01,,,
2022-09-29,焦炭,结算价,2796.00,0.72%,872,2022-09-29 00:00:00,1,0,2024-07-20 12:06:01,0,2024-07-20 12:06:01,,,
2022-09-28,焦炭,收盘价,2766.00,-0.72%,873,2022-09-28 00:00:00,1,0,2024-07-20 12:06:01,0,2024-07-20 12:06:01,,,
2022-09-28,焦炭,结算价,2776.00,-0.09%,874,2022-09-28 00:00:00,1,0,2024-07-20 12:06:01,0,2024-07-20 12:06:01,,,
2022-09-27,焦炭,收盘价,2786.00,2.73%,875,2022-09-27 00:00:00,1,0,2024-07-20 12:06:01,0,2024-07-20 12:06:01,,,
2022-09-27,焦炭,结算价,2778.50,2.38%,876,2022-09-27 00:00:00,1,0,2024-07-20 12:06:01,0,2024-07-20 12:06:01,,,
2022-09-26,焦炭,收盘价,2712.00,-0.48%,877,2022-09-26 00:00:00,1,0,2024-07-20 12:06:01,0,2024-07-20 12:06:01,,,
2022-09-26,焦炭,结算价,2714.00,-1.27%,878,2022-09-26 00:00:00,1,0,2024-07-20 12:06:01,0,2024-07-20 12:06:01,,,
2022-09-23,焦炭,收盘价,2725.00,-0.58%,879,2022-09-23 00:00:00,1,0,2024-07-20 12:06:01,0,2024-07-20 12:06:01,,,
2022-09-23,焦炭,结算价,2749.00,0.99%,880,2022-09-23 00:00:00,1,0,2024-07-20 12:06:01,0,2024-07-20 12:06:01,,,
2022-09-22,焦炭,收盘价,2741.00,1.01%,881,2022-09-22 00:00:00,1,0,2024-07-20 12:06:01,0,2024-07-20 12:06:01,,,
2022-09-22,焦炭,结算价,2722.00,1.13%,882,2022-09-22 00:00:00,1,0,2024-07-20 12:06:01,0,2024-07-20 12:06:01,,,
2022-09-21,焦炭,收盘价,2713.50,1.19%,883,2022-09-21 00:00:00,1,0,2024-07-20 12:06:01,0,2024-07-20 12:06:01,,,
2022-09-21,焦炭,结算价,2691.50,-0.07%,884,2022-09-21 00:00:00,1,0,2024-07-20 12:06:01,0,2024-07-20 12:06:01,,,
2022-09-20,焦炭,收盘价,2681.50,0.87%,885,2022-09-20 00:00:00,1,0,2024-07-20 12:06:01,0,2024-07-20 12:06:01,,,
2022-09-20,焦炭,结算价,2693.50,1.49%,886,2022-09-20 00:00:00,1,0,2024-07-20 12:06:01,0,2024-07-20 12:06:01,,,
2022-09-19,焦炭,收盘价,2658.50,1.39%,887,2022-09-19 00:00:00,1,0,2024-07-20 12:06:01,0,2024-07-20 12:06:01,,,
2022-09-19,焦炭,结算价,2654.00,1.72%,888,2022-09-19 00:00:00,1,0,2024-07-20 12:06:01,0,2024-07-20 12:06:01,,,
2022-09-16,焦炭,收盘价,2622.00,-0.78%,889,2022-09-16 00:00:00,1,0,2024-07-20 12:06:01,0,2024-07-20 12:06:01,,,
2022-09-16,焦炭,结算价,2609.00,-0.4%,890,2022-09-16 00:00:00,1,0,2024-07-20 12:06:01,0,2024-07-20 12:06:01,,,
2022-09-15,焦炭,收盘价,2642.50,2.38%,891,2022-09-15 00:00:00,1,0,2024-07-20 12:06:01,0,2024-07-20 12:06:01,,,
2022-09-15,焦炭,结算价,2619.50,2.24%,892,2022-09-15 00:00:00,1,0,2024-07-20 12:06:01,0,2024-07-20 12:06:01,,,
2022-09-14,焦炭,收盘价,2581.00,-0.85%,893,2022-09-14 00:00:00,1,0,2024-07-20 12:06:01,0,2024-07-20 12:06:01,,,
2022-09-14,焦炭,结算价,2562.00,-0.87%,894,2022-09-14 00:00:00,1,0,2024-07-20 12:06:01,0,2024-07-20 12:06:01,,,
2022-09-13,焦炭,收盘价,2603.00,2.14%,895,2022-09-13 00:00:00,1,0,2024-07-20 12:06:01,0,2024-07-20 12:06:01,,,
2022-09-13,焦炭,结算价,2584.50,2.6%,896,2022-09-13 00:00:00,1,0,2024-07-20 12:06:01,0,2024-07-20 12:06:01,,,
2022-09-09,焦炭,收盘价,2548.50,1.68%,897,2022-09-09 00:00:00,1,0,2024-07-20 12:06:01,0,2024-07-20 12:06:01,,,
2022-09-09,焦炭,结算价,2519.00,1.14%,898,2022-09-09 00:00:00,1,0,2024-07-20 12:06:01,0,2024-07-20 12:06:01,,,
2022-09-08,焦炭,收盘价,2506.50,3.13%,899,2022-09-08 00:00:00,1,0,2024-07-20 12:06:01,0,2024-07-20 12:06:01,,,
2022-09-08,焦炭,结算价,2490.50,1.53%,900,2022-09-08 00:00:00,1,0,2024-07-20 12:06:01,0,2024-07-20 12:06:01,,,
2022-09-07,焦炭,收盘价,2430.50,-2.19%,901,2022-09-07 00:00:00,1,0,2024-07-20 12:06:04,0,2024-07-20 12:06:04,,,
2022-09-07,焦炭,结算价,2453.00,-0.89%,902,2022-09-07 00:00:00,1,0,2024-07-20 12:06:04,0,2024-07-20 12:06:04,,,
2022-09-06,焦炭,收盘价,2485.00,0.1%,903,2022-09-06 00:00:00,1,0,2024-07-20 12:06:04,0,2024-07-20 12:06:04,,,
2022-09-06,焦炭,结算价,2475.00,0.26%,904,2022-09-06 00:00:00,1,0,2024-07-20 12:06:04,0,2024-07-20 12:06:04,,,
2022-09-05,焦炭,收盘价,2482.50,1.39%,905,2022-09-05 00:00:00,1,0,2024-07-20 12:06:04,0,2024-07-20 12:06:04,,,
2022-09-05,焦炭,结算价,2468.50,1.84%,906,2022-09-05 00:00:00,1,0,2024-07-20 12:06:04,0,2024-07-20 12:06:04,,,
2022-09-02,焦炭,收盘价,2448.50,1.01%,907,2022-09-02 00:00:00,1,0,2024-07-20 12:06:04,0,2024-07-20 12:06:04,,,
2022-09-02,焦炭,结算价,2424.00,-1.1%,908,2022-09-02 00:00:00,1,0,2024-07-20 12:06:04,0,2024-07-20 12:06:04,,,
2022-09-01,焦炭,收盘价,2424.00,-1.22%,909,2022-09-01 00:00:00,1,0,2024-07-20 12:06:04,0,2024-07-20 12:06:04,,,
2022-09-01,焦炭,结算价,2451.00,-0.14%,910,2022-09-01 00:00:00,1,0,2024-07-20 12:06:04,0,2024-07-20 12:06:04,,,
2022-08-31,焦炭,收盘价,2454.00,-0.37%,911,2022-08-31 00:00:00,1,0,2024-07-20 12:06:04,0,2024-07-20 12:06:04,,,
2022-08-31,焦炭,结算价,2454.50,-2.41%,912,2022-08-31 00:00:00,1,0,2024-07-20 12:06:04,0,2024-07-20 12:06:04,,,
2022-08-30,焦炭,收盘价,2463.00,-3.83%,913,2022-08-30 00:00:00,1,0,2024-07-20 12:06:04,0,2024-07-20 12:06:04,,,
2022-08-30,焦炭,结算价,2515.00,-3.55%,914,2022-08-30 00:00:00,1,0,2024-07-20 12:06:04,0,2024-07-20 12:06:04,,,
2022-08-29,焦炭,收盘价,2561.00,-4.9%,915,2022-08-29 00:00:00,1,0,2024-07-20 12:06:04,0,2024-07-20 12:06:04,,,
2022-08-29,焦炭,结算价,2607.50,-1.84%,916,2022-08-29 00:00:00,1,0,2024-07-20 12:06:04,0,2024-07-20 12:06:04,,,
2022-08-26,焦炭,收盘价,2693.00,2.47%,917,2022-08-26 00:00:00,1,0,2024-07-20 12:06:04,0,2024-07-20 12:06:04,,,
2022-08-26,焦炭,结算价,2656.50,1.2%,918,2022-08-26 00:00:00,1,0,2024-07-20 12:06:04,0,2024-07-20 12:06:04,,,
2022-08-25,焦炭,收盘价,2628.00,1.49%,919,2022-08-25 00:00:00,1,0,2024-07-20 12:06:04,0,2024-07-20 12:06:04,,,
2022-08-25,焦炭,结算价,2625.00,1.35%,920,2022-08-25 00:00:00,1,0,2024-07-20 12:06:04,0,2024-07-20 12:06:04,,,
2022-08-24,焦炭,收盘价,2589.50,0.25%,921,2022-08-24 00:00:00,1,0,2024-07-20 12:06:04,0,2024-07-20 12:06:04,,,
2022-08-24,焦炭,结算价,2590.00,0.29%,922,2022-08-24 00:00:00,1,0,2024-07-20 12:06:04,0,2024-07-20 12:06:04,,,
2022-08-23,焦炭,收盘价,2583.00,-1.%,923,2022-08-23 00:00:00,1,0,2024-07-20 12:06:04,0,2024-07-20 12:06:04,,,
2022-08-23,焦炭,结算价,2582.50,0.51%,924,2022-08-23 00:00:00,1,0,2024-07-20 12:06:04,0,2024-07-20 12:06:04,,,
2022-08-22,焦炭,收盘价,2609.00,-5.45%,925,2022-08-22 00:00:00,1,0,2024-07-20 12:06:04,0,2024-07-20 12:06:04,,,
2022-08-22,焦炭,结算价,2569.50,-8.51%,926,2022-08-22 00:00:00,1,0,2024-07-20 12:06:04,0,2024-07-20 12:06:04,,,
2022-08-19,焦炭,收盘价,2759.50,-2.09%,927,2022-08-19 00:00:00,1,0,2024-07-20 12:06:04,0,2024-07-20 12:06:04,,,
2022-08-19,焦炭,结算价,2808.50,-1.44%,928,2022-08-19 00:00:00,1,0,2024-07-20 12:06:04,0,2024-07-20 12:06:04,,,
2022-08-18,焦炭,收盘价,2818.50,-1.33%,929,2022-08-18 00:00:00,1,0,2024-07-20 12:06:04,0,2024-07-20 12:06:04,,,
2022-08-18,焦炭,结算价,2849.50,-2.98%,930,2022-08-18 00:00:00,1,0,2024-07-20 12:06:04,0,2024-07-20 12:06:04,,,
2022-08-17,焦炭,收盘价,2856.50,-4.78%,931,2022-08-17 00:00:00,1,0,2024-07-20 12:06:06,0,2024-07-20 12:06:06,,,
2022-08-17,焦炭,结算价,2937.00,-1.28%,932,2022-08-17 00:00:00,1,0,2024-07-20 12:06:06,0,2024-07-20 12:06:06,,,
2022-08-16,焦炭,收盘价,3000.00,2.83%,933,2022-08-16 00:00:00,1,0,2024-07-20 12:06:06,0,2024-07-20 12:06:06,,,
2022-08-16,焦炭,结算价,2975.00,0.%,934,2022-08-16 00:00:00,1,0,2024-07-20 12:06:06,0,2024-07-20 12:06:06,,,
2022-08-15,焦炭,收盘价,2917.50,-2.16%,935,2022-08-15 00:00:00,1,0,2024-07-20 12:06:06,0,2024-07-20 12:06:06,,,
2022-08-15,焦炭,结算价,2975.00,1.04%,936,2022-08-15 00:00:00,1,0,2024-07-20 12:06:06,0,2024-07-20 12:06:06,,,
2022-08-12,焦炭,收盘价,2982.00,2.93%,937,2022-08-12 00:00:00,1,0,2024-07-20 12:06:06,0,2024-07-20 12:06:06,,,
2022-08-12,焦炭,结算价,2944.50,1.34%,938,2022-08-12 00:00:00,1,0,2024-07-20 12:06:06,0,2024-07-20 12:06:06,,,
2022-08-11,焦炭,收盘价,2897.00,-0.1%,939,2022-08-11 00:00:00,1,0,2024-07-20 12:06:06,0,2024-07-20 12:06:06,,,
2022-08-11,焦炭,结算价,2905.50,-0.53%,940,2022-08-11 00:00:00,1,0,2024-07-20 12:06:06,0,2024-07-20 12:06:06,,,
2022-08-10,焦炭,收盘价,2900.00,-2.03%,941,2022-08-10 00:00:00,1,0,2024-07-20 12:06:06,0,2024-07-20 12:06:06,,,
2022-08-10,焦炭,结算价,2921.00,-1.77%,942,2022-08-10 00:00:00,1,0,2024-07-20 12:06:06,0,2024-07-20 12:06:06,,,
2022-08-09,焦炭,收盘价,2960.00,0.66%,943,2022-08-09 00:00:00,1,0,2024-07-20 12:06:06,0,2024-07-20 12:06:06,,,
2022-08-09,焦炭,结算价,2973.50,2.62%,944,2022-08-09 00:00:00,1,0,2024-07-20 12:06:06,0,2024-07-20 12:06:06,,,
2022-08-08,焦炭,收盘价,2940.50,4.48%,945,2022-08-08 00:00:00,1,0,2024-07-20 12:06:06,0,2024-07-20 12:06:06,,,
2022-08-08,焦炭,结算价,2897.50,0.26%,946,2022-08-08 00:00:00,1,0,2024-07-20 12:06:06,0,2024-07-20 12:06:06,,,
2022-08-05,焦炭,收盘价,2814.50,-1.11%,947,2022-08-05 00:00:00,1,0,2024-07-20 12:06:06,0,2024-07-20 12:06:06,,,
2022-08-05,焦炭,结算价,2890.00,0.%,948,2022-08-05 00:00:00,1,0,2024-07-20 12:06:06,0,2024-07-20 12:06:06,,,
2022-08-04,焦炭,收盘价,2846.00,-3.67%,949,2022-08-04 00:00:00,1,0,2024-07-20 12:06:06,0,2024-07-20 12:06:06,,,
2022-08-04,焦炭,结算价,2890.00,-2.08%,950,2022-08-04 00:00:00,1,0,2024-07-20 12:06:06,0,2024-07-20 12:06:06,,,
2022-08-03,焦炭,收盘价,2954.50,-0.03%,951,2022-08-03 00:00:00,1,0,2024-07-20 12:06:06,0,2024-07-20 12:06:06,,,
2022-08-03,焦炭,结算价,2951.50,1.44%,952,2022-08-03 00:00:00,1,0,2024-07-20 12:06:06,0,2024-07-20 12:06:06,,,
2022-08-02,焦炭,收盘价,2955.50,1.39%,953,2022-08-02 00:00:00,1,0,2024-07-20 12:06:06,0,2024-07-20 12:06:06,,,
2022-08-02,焦炭,结算价,2909.50,0.52%,954,2022-08-02 00:00:00,1,0,2024-07-20 12:06:06,0,2024-07-20 12:06:06,,,
2022-08-01,焦炭,收盘价,2915.00,3.3%,955,2022-08-01 00:00:00,1,0,2024-07-20 12:06:06,0,2024-07-20 12:06:06,,,
2022-08-01,焦炭,结算价,2894.50,2.68%,956,2022-08-01 00:00:00,1,0,2024-07-20 12:06:06,0,2024-07-20 12:06:06,,,
2022-07-29,焦炭,收盘价,2822.00,-0.88%,957,2022-07-29 00:00:00,1,0,2024-07-20 12:06:06,0,2024-07-20 12:06:06,,,
2022-07-29,焦炭,结算价,2819.00,2.3%,958,2022-07-29 00:00:00,1,0,2024-07-20 12:06:06,0,2024-07-20 12:06:06,,,
2022-07-28,焦炭,收盘价,2847.00,6.01%,959,2022-07-28 00:00:00,1,0,2024-07-20 12:06:06,0,2024-07-20 12:06:06,,,
2022-07-28,焦炭,结算价,2755.50,4.06%,960,2022-07-28 00:00:00,1,0,2024-07-20 12:06:06,0,2024-07-20 12:06:06,,,
2022-07-27,焦炭,收盘价,2685.50,0.37%,961,2022-07-27 00:00:00,1,0,2024-07-20 12:06:09,0,2024-07-20 12:06:09,,,
2022-07-27,焦炭,结算价,2648.00,1.05%,962,2022-07-27 00:00:00,1,0,2024-07-20 12:06:09,0,2024-07-20 12:06:09,,,
2022-07-26,焦炭,收盘价,2675.50,0.98%,963,2022-07-26 00:00:00,1,0,2024-07-20 12:06:09,0,2024-07-20 12:06:09,,,
2022-07-26,焦炭,结算价,2620.50,-1.39%,964,2022-07-26 00:00:00,1,0,2024-07-20 12:06:09,0,2024-07-20 12:06:09,,,
2022-07-25,焦炭,收盘价,2649.50,0.82%,965,2022-07-25 00:00:00,1,0,2024-07-20 12:06:09,0,2024-07-20 12:06:09,,,
2022-07-25,焦炭,结算价,2657.50,3.24%,966,2022-07-25 00:00:00,1,0,2024-07-20 12:06:09,0,2024-07-20 12:06:09,,,
2022-07-22,焦炭,收盘价,2628.00,2.98%,967,2022-07-22 00:00:00,1,0,2024-07-20 12:06:09,0,2024-07-20 12:06:09,,,
2022-07-22,焦炭,结算价,2574.00,0.61%,968,2022-07-22 00:00:00,1,0,2024-07-20 12:06:09,0,2024-07-20 12:06:09,,,
2022-07-21,焦炭,收盘价,2552.00,-1.49%,969,2022-07-21 00:00:00,1,0,2024-07-20 12:06:09,0,2024-07-20 12:06:09,,,
2022-07-21,焦炭,结算价,2558.50,-1.95%,970,2022-07-21 00:00:00,1,0,2024-07-20 12:06:09,0,2024-07-20 12:06:09,,,
2022-07-20,焦炭,收盘价,2590.50,-0.88%,971,2022-07-20 00:00:00,1,0,2024-07-20 12:06:09,0,2024-07-20 12:06:09,,,
2022-07-20,焦炭,结算价,2609.50,-2.88%,972,2022-07-20 00:00:00,1,0,2024-07-20 12:06:09,0,2024-07-20 12:06:09,,,
2022-07-19,焦炭,收盘价,2613.50,-3.6%,973,2022-07-19 00:00:00,1,0,2024-07-20 12:06:09,0,2024-07-20 12:06:09,,,
2022-07-19,焦炭,结算价,2687.00,1.72%,974,2022-07-19 00:00:00,1,0,2024-07-20 12:06:09,0,2024-07-20 12:06:09,,,
2022-07-18,焦炭,收盘价,2711.00,6.61%,975,2022-07-18 00:00:00,1,0,2024-07-20 12:06:09,0,2024-07-20 12:06:09,,,
2022-07-18,焦炭,结算价,2641.50,0.69%,976,2022-07-18 00:00:00,1,0,2024-07-20 12:06:09,0,2024-07-20 12:06:09,,,
2022-07-15,焦炭,收盘价,2543.00,-7.31%,977,2022-07-15 00:00:00,1,0,2024-07-20 12:06:09,0,2024-07-20 12:06:09,,,
2022-07-15,焦炭,结算价,2623.50,-4.32%,978,2022-07-15 00:00:00,1,0,2024-07-20 12:06:09,0,2024-07-20 12:06:09,,,
2022-07-14,焦炭,收盘价,2743.50,-1.38%,979,2022-07-14 00:00:00,1,0,2024-07-20 12:06:09,0,2024-07-20 12:06:09,,,
2022-07-14,焦炭,结算价,2742.00,-0.74%,980,2022-07-14 00:00:00,1,0,2024-07-20 12:06:09,0,2024-07-20 12:06:09,,,
2022-07-13,焦炭,收盘价,2782.00,1.05%,981,2022-07-13 00:00:00,1,0,2024-07-20 12:06:09,0,2024-07-20 12:06:09,,,
2022-07-13,焦炭,结算价,2762.50,-2.54%,982,2022-07-13 00:00:00,1,0,2024-07-20 12:06:09,0,2024-07-20 12:06:09,,,
2022-07-12,焦炭,收盘价,2753.00,-4.77%,983,2022-07-12 00:00:00,1,0,2024-07-20 12:06:09,0,2024-07-20 12:06:09,,,
2022-07-12,焦炭,结算价,2834.50,-2.58%,984,2022-07-12 00:00:00,1,0,2024-07-20 12:06:09,0,2024-07-20 12:06:09,,,
2022-07-11,焦炭,收盘价,2891.00,-1.53%,985,2022-07-11 00:00:00,1,0,2024-07-20 12:06:09,0,2024-07-20 12:06:09,,,
2022-07-11,焦炭,结算价,2909.50,-3.93%,986,2022-07-11 00:00:00,1,0,2024-07-20 12:06:09,0,2024-07-20 12:06:09,,,
2022-07-08,焦炭,收盘价,2936.00,-2.83%,987,2022-07-08 00:00:00,1,0,2024-07-20 12:06:09,0,2024-07-20 12:06:09,,,
2022-07-08,焦炭,结算价,3028.50,0.63%,988,2022-07-08 00:00:00,1,0,2024-07-20 12:06:09,0,2024-07-20 12:06:09,,,
2022-07-07,焦炭,收盘价,3021.50,0.35%,989,2022-07-07 00:00:00,1,0,2024-07-20 12:06:09,0,2024-07-20 12:06:09,,,
2022-07-07,焦炭,结算价,3009.50,2.78%,990,2022-07-07 00:00:00,1,0,2024-07-20 12:06:09,0,2024-07-20 12:06:09,,,
2022-07-06,焦炭,收盘价,3011.00,0.82%,991,2022-07-06 00:00:00,1,0,2024-07-20 12:06:12,0,2024-07-20 12:06:12,,,
2022-07-06,焦炭,结算价,2928.00,-1.51%,992,2022-07-06 00:00:00,1,0,2024-07-20 12:06:12,0,2024-07-20 12:06:12,,,
2022-07-05,焦炭,收盘价,2986.50,2.1%,993,2022-07-05 00:00:00,1,0,2024-07-20 12:06:12,0,2024-07-20 12:06:12,,,
2022-07-05,焦炭,结算价,2973.00,0.63%,994,2022-07-05 00:00:00,1,0,2024-07-20 12:06:12,0,2024-07-20 12:06:12,,,
2022-07-04,焦炭,收盘价,2925.00,-2.79%,995,2022-07-04 00:00:00,1,0,2024-07-20 12:06:12,0,2024-07-20 12:06:12,,,
2022-07-04,焦炭,结算价,2954.50,-2.84%,996,2022-07-04 00:00:00,1,0,2024-07-20 12:06:12,0,2024-07-20 12:06:12,,,
2022-07-01,焦炭,收盘价,3009.00,-1.59%,997,2022-07-01 00:00:00,1,0,2024-07-20 12:06:12,0,2024-07-20 12:06:12,,,
2022-07-01,焦炭,结算价,3041.00,-2.73%,998,2022-07-01 00:00:00,1,0,2024-07-20 12:06:12,0,2024-07-20 12:06:12,,,
2022-06-30,焦炭,收盘价,3057.50,-4.51%,999,2022-06-30 00:00:00,1,0,2024-07-20 12:06:12,0,2024-07-20 12:06:12,,,
2022-06-30,焦炭,结算价,3126.50,-2.45%,1000,2022-06-30 00:00:00,1,0,2024-07-20 12:06:12,0,2024-07-20 12:06:12,,,
2022-06-29,焦炭,收盘价,3202.00,-0.65%,1001,2022-06-29 00:00:00,1,0,2024-07-20 12:06:12,0,2024-07-20 12:06:12,,,
2022-06-29,焦炭,结算价,3205.00,1.91%,1002,2022-06-29 00:00:00,1,0,2024-07-20 12:06:12,0,2024-07-20 12:06:12,,,
2022-06-28,焦炭,收盘价,3223.00,3.37%,1003,2022-06-28 00:00:00,1,0,2024-07-20 12:06:12,0,2024-07-20 12:06:12,,,
2022-06-28,焦炭,结算价,3145.00,3.01%,1004,2022-06-28 00:00:00,1,0,2024-07-20 12:06:12,0,2024-07-20 12:06:12,,,
2022-06-27,焦炭,收盘价,3118.00,3.93%,1005,2022-06-27 00:00:00,1,0,2024-07-20 12:06:12,0,2024-07-20 12:06:12,,,
2022-06-27,焦炭,结算价,3053.00,0.2%,1006,2022-06-27 00:00:00,1,0,2024-07-20 12:06:12,0,2024-07-20 12:06:12,,,
2022-06-24,焦炭,收盘价,3000.00,-2.25%,1007,2022-06-24 00:00:00,1,0,2024-07-20 12:06:12,0,2024-07-20 12:06:12,,,
2022-06-24,焦炭,结算价,3047.00,1.99%,1008,2022-06-24 00:00:00,1,0,2024-07-20 12:06:12,0,2024-07-20 12:06:12,,,
2022-06-23,焦炭,收盘价,3069.00,4.41%,1009,2022-06-23 00:00:00,1,0,2024-07-20 12:06:12,0,2024-07-20 12:06:12,,,
2022-06-23,焦炭,结算价,2987.50,0.61%,1010,2022-06-23 00:00:00,1,0,2024-07-20 12:06:12,0,2024-07-20 12:06:12,,,
2022-06-22,焦炭,收盘价,2939.50,-1.82%,1011,2022-06-22 00:00:00,1,0,2024-07-20 12:06:12,0,2024-07-20 12:06:12,,,
2022-06-22,焦炭,结算价,2969.50,0.54%,1012,2022-06-22 00:00:00,1,0,2024-07-20 12:06:12,0,2024-07-20 12:06:12,,,
2022-06-21,焦炭,收盘价,2994.00,2.5%,1013,2022-06-21 00:00:00,1,0,2024-07-20 12:06:12,0,2024-07-20 12:06:12,,,
2022-06-21,焦炭,结算价,2953.50,-3.05%,1014,2022-06-21 00:00:00,1,0,2024-07-20 12:06:12,0,2024-07-20 12:06:12,,,
2022-06-20,焦炭,收盘价,2921.00,-10.49%,1015,2022-06-20 00:00:00,1,0,2024-07-20 12:06:12,0,2024-07-20 12:06:12,,,
2022-06-20,焦炭,结算价,3046.50,-7.68%,1016,2022-06-20 00:00:00,1,0,2024-07-20 12:06:12,0,2024-07-20 12:06:12,,,
2022-06-17,焦炭,收盘价,3263.50,-1.85%,1017,2022-06-17 00:00:00,1,0,2024-07-20 12:06:12,0,2024-07-20 12:06:12,,,
2022-06-17,焦炭,结算价,3300.00,-2.12%,1018,2022-06-17 00:00:00,1,0,2024-07-20 12:06:12,0,2024-07-20 12:06:12,,,
2022-06-16,焦炭,收盘价,3325.00,-1.63%,1019,2022-06-16 00:00:00,1,0,2024-07-20 12:06:12,0,2024-07-20 12:06:12,,,
2022-06-16,焦炭,结算价,3371.50,-4.16%,1020,2022-06-16 00:00:00,1,0,2024-07-20 12:06:12,0,2024-07-20 12:06:12,,,
2022-06-15,焦炭,收盘价,3380.00,-6.29%,1021,2022-06-15 00:00:00,1,0,2024-07-20 12:06:15,0,2024-07-20 12:06:15,,,
2022-06-15,焦炭,结算价,3518.00,-2.98%,1022,2022-06-15 00:00:00,1,0,2024-07-20 12:06:15,0,2024-07-20 12:06:15,,,
2022-06-14,焦炭,收盘价,3607.00,-2.39%,1023,2022-06-14 00:00:00,1,0,2024-07-20 12:06:15,0,2024-07-20 12:06:15,,,
2022-06-14,焦炭,结算价,3626.00,-0.32%,1024,2022-06-14 00:00:00,1,0,2024-07-20 12:06:15,0,2024-07-20 12:06:15,,,
2022-06-13,焦炭,收盘价,3695.50,1.19%,1025,2022-06-13 00:00:00,1,0,2024-07-20 12:06:15,0,2024-07-20 12:06:15,,,
2022-06-13,焦炭,结算价,3637.50,-0.79%,1026,2022-06-13 00:00:00,1,0,2024-07-20 12:06:15,0,2024-07-20 12:06:15,,,
2022-06-10,焦炭,收盘价,3652.00,0.69%,1027,2022-06-10 00:00:00,1,0,2024-07-20 12:06:15,0,2024-07-20 12:06:15,,,
2022-06-10,焦炭,结算价,3666.50,-0.62%,1028,2022-06-10 00:00:00,1,0,2024-07-20 12:06:15,0,2024-07-20 12:06:15,,,
2022-06-09,焦炭,收盘价,3627.00,-3.18%,1029,2022-06-09 00:00:00,1,0,2024-07-20 12:06:15,0,2024-07-20 12:06:15,,,
2022-06-09,焦炭,结算价,3689.50,-0.31%,1030,2022-06-09 00:00:00,1,0,2024-07-20 12:06:15,0,2024-07-20 12:06:15,,,
2022-06-08,焦炭,收盘价,3746.00,2.18%,1031,2022-06-08 00:00:00,1,0,2024-07-20 12:06:15,0,2024-07-20 12:06:15,,,
2022-06-08,焦炭,结算价,3701.00,0.58%,1032,2022-06-08 00:00:00,1,0,2024-07-20 12:06:15,0,2024-07-20 12:06:15,,,
2022-06-07,焦炭,收盘价,3666.00,-0.05%,1033,2022-06-07 00:00:00,1,0,2024-07-20 12:06:15,0,2024-07-20 12:06:15,,,
2022-06-07,焦炭,结算价,3679.50,0.3%,1034,2022-06-07 00:00:00,1,0,2024-07-20 12:06:15,0,2024-07-20 12:06:15,,,
2022-06-06,焦炭,收盘价,3668.00,-0.03%,1035,2022-06-06 00:00:00,1,0,2024-07-20 12:06:15,0,2024-07-20 12:06:15,,,
2022-06-06,焦炭,结算价,3668.50,1.79%,1036,2022-06-06 00:00:00,1,0,2024-07-20 12:06:15,0,2024-07-20 12:06:15,,,
2022-06-02,焦炭,收盘价,3669.00,2.39%,1037,2022-06-02 00:00:00,1,0,2024-07-20 12:06:15,0,2024-07-20 12:06:15,,,
2022-06-02,焦炭,结算价,3604.00,1.61%,1038,2022-06-02 00:00:00,1,0,2024-07-20 12:06:15,0,2024-07-20 12:06:15,,,
2022-06-01,焦炭,收盘价,3583.50,2.05%,1039,2022-06-01 00:00:00,1,0,2024-07-20 12:06:15,0,2024-07-20 12:06:15,,,
2022-06-01,焦炭,结算价,3547.00,1.52%,1040,2022-06-01 00:00:00,1,0,2024-07-20 12:06:15,0,2024-07-20 12:06:15,,,
2022-05-31,焦炭,收盘价,3511.50,1.49%,1041,2022-05-31 00:00:00,1,0,2024-07-20 12:06:15,0,2024-07-20 12:06:15,,,
2022-05-31,焦炭,结算价,3494.00,1.97%,1042,2022-05-31 00:00:00,1,0,2024-07-20 12:06:15,0,2024-07-20 12:06:15,,,
2022-05-30,焦炭,收盘价,3460.00,3.24%,1043,2022-05-30 00:00:00,1,0,2024-07-20 12:06:15,0,2024-07-20 12:06:15,,,
2022-05-30,焦炭,结算价,3426.50,2.82%,1044,2022-05-30 00:00:00,1,0,2024-07-20 12:06:15,0,2024-07-20 12:06:15,,,
2022-05-27,焦炭,收盘价,3351.50,2.95%,1045,2022-05-27 00:00:00,1,0,2024-07-20 12:06:15,0,2024-07-20 12:06:15,,,
2022-05-27,焦炭,结算价,3332.50,3.41%,1046,2022-05-27 00:00:00,1,0,2024-07-20 12:06:15,0,2024-07-20 12:06:15,,,
2022-05-26,焦炭,收盘价,3255.50,-0.6%,1047,2022-05-26 00:00:00,1,0,2024-07-20 12:06:15,0,2024-07-20 12:06:15,,,
2022-05-26,焦炭,结算价,3222.50,-1.17%,1048,2022-05-26 00:00:00,1,0,2024-07-20 12:06:15,0,2024-07-20 12:06:15,,,
2022-05-25,焦炭,收盘价,3275.00,-0.03%,1049,2022-05-25 00:00:00,1,0,2024-07-20 12:06:15,0,2024-07-20 12:06:15,,,
2022-05-25,焦炭,结算价,3260.50,-2.57%,1050,2022-05-25 00:00:00,1,0,2024-07-20 12:06:15,0,2024-07-20 12:06:15,,,
2022-05-24,焦炭,收盘价,3276.00,-2.79%,1051,2022-05-24 00:00:00,1,0,2024-07-20 12:06:18,0,2024-07-20 12:06:18,,,
2022-05-24,焦炭,结算价,3346.50,-2.76%,1052,2022-05-24 00:00:00,1,0,2024-07-20 12:06:18,0,2024-07-20 12:06:18,,,
2022-05-23,焦炭,收盘价,3370.00,-3.05%,1053,2022-05-23 00:00:00,1,0,2024-07-20 12:06:18,0,2024-07-20 12:06:18,,,
2022-05-23,焦炭,结算价,3441.50,1.35%,1054,2022-05-23 00:00:00,1,0,2024-07-20 12:06:18,0,2024-07-20 12:06:18,,,
2022-05-20,焦炭,收盘价,3476.00,3.47%,1055,2022-05-20 00:00:00,1,0,2024-07-20 12:06:18,0,2024-07-20 12:06:18,,,
2022-05-20,焦炭,结算价,3395.50,1.84%,1056,2022-05-20 00:00:00,1,0,2024-07-20 12:06:18,0,2024-07-20 12:06:18,,,
2022-05-19,焦炭,收盘价,3359.50,0.8%,1057,2022-05-19 00:00:00,1,0,2024-07-20 12:06:18,0,2024-07-20 12:06:18,,,
2022-05-19,焦炭,结算价,3334.00,-2.14%,1058,2022-05-19 00:00:00,1,0,2024-07-20 12:06:18,0,2024-07-20 12:06:18,,,
2022-05-18,焦炭,收盘价,3333.00,-3.31%,1059,2022-05-18 00:00:00,1,0,2024-07-20 12:06:18,0,2024-07-20 12:06:18,,,
2022-05-18,焦炭,结算价,3407.00,-1.94%,1060,2022-05-18 00:00:00,1,0,2024-07-20 12:06:18,0,2024-07-20 12:06:18,,,
2022-05-17,焦炭,收盘价,3447.00,-0.62%,1061,2022-05-17 00:00:00,1,0,2024-07-20 12:06:18,0,2024-07-20 12:06:18,,,
2022-05-17,焦炭,结算价,3474.50,2.7%,1062,2022-05-17 00:00:00,1,0,2024-07-20 12:06:18,0,2024-07-20 12:06:18,,,
2022-05-16,焦炭,收盘价,3468.50,3.85%,1063,2022-05-16 00:00:00,1,0,2024-07-20 12:06:18,0,2024-07-20 12:06:18,,,
2022-05-16,焦炭,结算价,3383.00,2.81%,1064,2022-05-16 00:00:00,1,0,2024-07-20 12:06:18,0,2024-07-20 12:06:18,,,
2022-05-13,焦炭,收盘价,3340.00,1.81%,1065,2022-05-13 00:00:00,1,0,2024-07-20 12:06:18,0,2024-07-20 12:06:18,,,
2022-05-13,焦炭,结算价,3290.50,-2.08%,1066,2022-05-13 00:00:00,1,0,2024-07-20 12:06:18,0,2024-07-20 12:06:18,,,
2022-05-12,焦炭,收盘价,3280.50,-4.02%,1067,2022-05-12 00:00:00,1,0,2024-07-20 12:06:18,0,2024-07-20 12:06:18,,,
2022-05-12,焦炭,结算价,3360.50,-1.21%,1068,2022-05-12 00:00:00,1,0,2024-07-20 12:06:18,0,2024-07-20 12:06:18,,,
2022-05-11,焦炭,收盘价,3418.00,2.24%,1069,2022-05-11 00:00:00,1,0,2024-07-20 12:06:18,0,2024-07-20 12:06:18,,,
2022-05-11,焦炭,结算价,3401.50,1.8%,1070,2022-05-11 00:00:00,1,0,2024-07-20 12:06:18,0,2024-07-20 12:06:18,,,
2022-05-10,焦炭,收盘价,3343.00,-1.53%,1071,2022-05-10 00:00:00,1,0,2024-07-20 12:06:18,0,2024-07-20 12:06:18,,,
2022-05-10,焦炭,结算价,3341.50,-1.97%,1072,2022-05-10 00:00:00,1,0,2024-07-20 12:06:18,0,2024-07-20 12:06:18,,,
2022-05-09,焦炭,收盘价,3395.00,-1.82%,1073,2022-05-09 00:00:00,1,0,2024-07-20 12:06:18,0,2024-07-20 12:06:18,,,
2022-05-09,焦炭,结算价,3408.50,-3.48%,1074,2022-05-09 00:00:00,1,0,2024-07-20 12:06:18,0,2024-07-20 12:06:18,,,
2022-05-06,焦炭,收盘价,3458.00,-2.87%,1075,2022-05-06 00:00:00,1,0,2024-07-20 12:06:18,0,2024-07-20 12:06:18,,,
2022-05-06,焦炭,结算价,3531.50,-0.65%,1076,2022-05-06 00:00:00,1,0,2024-07-20 12:06:18,0,2024-07-20 12:06:18,,,
2022-05-05,焦炭,收盘价,3560.00,-1.79%,1077,2022-05-05 00:00:00,1,0,2024-07-20 12:06:18,0,2024-07-20 12:06:18,,,
2022-05-05,焦炭,结算价,3554.50,0.41%,1078,2022-05-05 00:00:00,1,0,2024-07-20 12:06:18,0,2024-07-20 12:06:18,,,
2022-04-29,焦炭,收盘价,3625.00,1.81%,1079,2022-04-29 00:00:00,1,0,2024-07-20 12:06:18,0,2024-07-20 12:06:18,,,
2022-04-29,焦炭,结算价,3540.00,-0.34%,1080,2022-04-29 00:00:00,1,0,2024-07-20 12:06:18,0,2024-07-20 12:06:18,,,
2022-04-28,焦炭,收盘价,3560.50,0.27%,1081,2022-04-28 00:00:00,1,0,2024-07-20 12:06:22,0,2024-07-20 12:06:22,,,
2022-04-28,焦炭,结算价,3552.00,-1.61%,1082,2022-04-28 00:00:00,1,0,2024-07-20 12:06:22,0,2024-07-20 12:06:22,,,
2022-04-27,焦炭,收盘价,3551.00,-2.28%,1083,2022-04-27 00:00:00,1,0,2024-07-20 12:06:22,0,2024-07-20 12:06:22,,,
2022-04-27,焦炭,结算价,3610.00,-0.28%,1084,2022-04-27 00:00:00,1,0,2024-07-20 12:06:22,0,2024-07-20 12:06:22,,,
2022-04-26,焦炭,收盘价,3634.00,0.47%,1085,2022-04-26 00:00:00,1,0,2024-07-20 12:06:22,0,2024-07-20 12:06:22,,,
2022-04-26,焦炭,结算价,3620.00,-2.61%,1086,2022-04-26 00:00:00,1,0,2024-07-20 12:06:22,0,2024-07-20 12:06:22,,,
2022-04-25,焦炭,收盘价,3617.00,-5.56%,1087,2022-04-25 00:00:00,1,0,2024-07-20 12:06:22,0,2024-07-20 12:06:22,,,
2022-04-25,焦炭,结算价,3717.00,-4.41%,1088,2022-04-25 00:00:00,1,0,2024-07-20 12:06:22,0,2024-07-20 12:06:22,,,
2022-04-22,焦炭,收盘价,3830.00,-3.39%,1089,2022-04-22 00:00:00,1,0,2024-07-20 12:06:22,0,2024-07-20 12:06:22,,,
2022-04-22,焦炭,结算价,3888.50,-1.03%,1090,2022-04-22 00:00:00,1,0,2024-07-20 12:06:22,0,2024-07-20 12:06:22,,,
2022-04-21,焦炭,收盘价,3964.50,1.52%,1091,2022-04-21 00:00:00,1,0,2024-07-20 12:06:22,0,2024-07-20 12:06:22,,,
2022-04-21,焦炭,结算价,3929.00,-0.08%,1092,2022-04-21 00:00:00,1,0,2024-07-20 12:06:22,0,2024-07-20 12:06:22,,,
2022-04-20,焦炭,收盘价,3905.00,0.17%,1093,2022-04-20 00:00:00,1,0,2024-07-20 12:06:22,0,2024-07-20 12:06:22,,,
2022-04-20,焦炭,结算价,3932.00,-2.55%,1094,2022-04-20 00:00:00,1,0,2024-07-20 12:06:22,0,2024-07-20 12:06:22,,,
2022-04-19,焦炭,收盘价,3898.50,-3.61%,1095,2022-04-19 00:00:00,1,0,2024-07-20 12:06:22,0,2024-07-20 12:06:22,,,
2022-04-19,焦炭,结算价,4035.00,0.22%,1096,2022-04-19 00:00:00,1,0,2024-07-20 12:06:22,0,2024-07-20 12:06:22,,,
2022-04-18,焦炭,收盘价,4044.50,1.16%,1097,2022-04-18 00:00:00,1,0,2024-07-20 12:06:22,0,2024-07-20 12:06:22,,,
2022-04-18,焦炭,结算价,4026.00,0.8%,1098,2022-04-18 00:00:00,1,0,2024-07-20 12:06:22,0,2024-07-20 12:06:22,,,
2022-04-15,焦炭,收盘价,3998.00,-5.59%,1099,2022-04-15 00:00:00,1,0,2024-07-20 12:06:22,0,2024-07-20 12:06:22,,,
2022-04-15,焦炭,结算价,3994.00,-4.23%,1100,2022-04-15 00:00:00,1,0,2024-07-20 12:06:22,0,2024-07-20 12:06:22,,,
2022-04-14,焦炭,收盘价,4234.50,3.57%,1101,2022-04-14 00:00:00,1,0,2024-07-20 12:06:22,0,2024-07-20 12:06:22,,,
2022-04-14,焦炭,结算价,4170.50,1.63%,1102,2022-04-14 00:00:00,1,0,2024-07-20 12:06:22,0,2024-07-20 12:06:22,,,
2022-04-13,焦炭,收盘价,4088.50,-1.43%,1103,2022-04-13 00:00:00,1,0,2024-07-20 12:06:22,0,2024-07-20 12:06:22,,,
2022-04-13,焦炭,结算价,4103.50,1.51%,1104,2022-04-13 00:00:00,1,0,2024-07-20 12:06:22,0,2024-07-20 12:06:22,,,
2022-04-12,焦炭,收盘价,4148.00,5.56%,1105,2022-04-12 00:00:00,1,0,2024-07-20 12:06:22,0,2024-07-20 12:06:22,,,
2022-04-12,焦炭,结算价,4042.50,1.46%,1106,2022-04-12 00:00:00,1,0,2024-07-20 12:06:22,0,2024-07-20 12:06:22,,,
2022-04-11,焦炭,收盘价,3929.50,-3.19%,1107,2022-04-11 00:00:00,1,0,2024-07-20 12:06:22,0,2024-07-20 12:06:22,,,
2022-04-11,焦炭,结算价,3984.50,-1.88%,1108,2022-04-11 00:00:00,1,0,2024-07-20 12:06:22,0,2024-07-20 12:06:22,,,
2022-04-08,焦炭,收盘价,4059.00,0.22%,1109,2022-04-08 00:00:00,1,0,2024-07-20 12:06:22,0,2024-07-20 12:06:22,,,
2022-04-08,焦炭,结算价,4061.00,-0.17%,1110,2022-04-08 00:00:00,1,0,2024-07-20 12:06:22,0,2024-07-20 12:06:22,,,
2022-04-07,焦炭,收盘价,4050.00,-0.6%,1111,2022-04-07 00:00:00,1,0,2024-07-20 12:06:25,0,2024-07-20 12:06:25,,,
2022-04-07,焦炭,结算价,4068.00,0.84%,1112,2022-04-07 00:00:00,1,0,2024-07-20 12:06:25,0,2024-07-20 12:06:25,,,
2022-04-06,焦炭,收盘价,4074.50,1.94%,1113,2022-04-06 00:00:00,1,0,2024-07-20 12:06:25,0,2024-07-20 12:06:25,,,
2022-04-06,焦炭,结算价,4034.00,1.73%,1114,2022-04-06 00:00:00,1,0,2024-07-20 12:06:25,0,2024-07-20 12:06:25,,,
2022-04-01,焦炭,收盘价,3997.00,1.58%,1115,2022-04-01 00:00:00,1,0,2024-07-20 12:06:25,0,2024-07-20 12:06:25,,,
2022-04-01,焦炭,结算价,3965.50,1.29%,1116,2022-04-01 00:00:00,1,0,2024-07-20 12:06:25,0,2024-07-20 12:06:25,,,
2022-03-31,焦炭,收盘价,3935.00,1.6%,1117,2022-03-31 00:00:00,1,0,2024-07-20 12:06:25,0,2024-07-20 12:06:25,,,
2022-03-31,焦炭,结算价,3915.00,2.3%,1118,2022-03-31 00:00:00,1,0,2024-07-20 12:06:25,0,2024-07-20 12:06:25,,,
2022-03-30,焦炭,收盘价,3873.00,0.75%,1119,2022-03-30 00:00:00,1,0,2024-07-20 12:06:25,0,2024-07-20 12:06:25,,,
2022-03-30,焦炭,结算价,3827.00,1.28%,1120,2022-03-30 00:00:00,1,0,2024-07-20 12:06:25,0,2024-07-20 12:06:25,,,
2022-03-29,焦炭,收盘价,3844.00,3.39%,1121,2022-03-29 00:00:00,1,0,2024-07-20 12:06:25,0,2024-07-20 12:06:25,,,
2022-03-29,焦炭,结算价,3778.50,1.7%,1122,2022-03-29 00:00:00,1,0,2024-07-20 12:06:25,0,2024-07-20 12:06:25,,,
2022-03-28,焦炭,收盘价,3718.00,-0.42%,1123,2022-03-28 00:00:00,1,0,2024-07-20 12:06:25,0,2024-07-20 12:06:25,,,
2022-03-28,焦炭,结算价,3715.50,0.8%,1124,2022-03-28 00:00:00,1,0,2024-07-20 12:06:25,0,2024-07-20 12:06:25,,,
2022-03-25,焦炭,收盘价,3733.50,3.21%,1125,2022-03-25 00:00:00,1,0,2024-07-20 12:06:25,0,2024-07-20 12:06:25,,,
2022-03-25,焦炭,结算价,3686.00,2.35%,1126,2022-03-25 00:00:00,1,0,2024-07-20 12:06:25,0,2024-07-20 12:06:25,,,
2022-03-24,焦炭,收盘价,3617.50,2.09%,1127,2022-03-24 00:00:00,1,0,2024-07-20 12:06:25,0,2024-07-20 12:06:25,,,
2022-03-24,焦炭,结算价,3601.50,2.61%,1128,2022-03-24 00:00:00,1,0,2024-07-20 12:06:25,0,2024-07-20 12:06:25,,,
2022-03-23,焦炭,收盘价,3543.50,1.%,1129,2022-03-23 00:00:00,1,0,2024-07-20 12:06:25,0,2024-07-20 12:06:25,,,
2022-03-23,焦炭,结算价,3510.00,-1.6%,1130,2022-03-23 00:00:00,1,0,2024-07-20 12:06:25,0,2024-07-20 12:06:25,,,
2022-03-22,焦炭,收盘价,3508.50,-2.62%,1131,2022-03-22 00:00:00,1,0,2024-07-20 12:06:25,0,2024-07-20 12:06:25,,,
2022-03-22,焦炭,结算价,3567.00,-1.57%,1132,2022-03-22 00:00:00,1,0,2024-07-20 12:06:25,0,2024-07-20 12:06:25,,,
2022-03-21,焦炭,收盘价,3603.00,-2.38%,1133,2022-03-21 00:00:00,1,0,2024-07-20 12:06:25,0,2024-07-20 12:06:25,,,
2022-03-21,焦炭,结算价,3624.00,-0.04%,1134,2022-03-21 00:00:00,1,0,2024-07-20 12:06:25,0,2024-07-20 12:06:25,,,
2022-03-18,焦炭,收盘价,3691.00,3.69%,1135,2022-03-18 00:00:00,1,0,2024-07-20 12:06:25,0,2024-07-20 12:06:25,,,
2022-03-18,焦炭,结算价,3625.50,1.95%,1136,2022-03-18 00:00:00,1,0,2024-07-20 12:06:25,0,2024-07-20 12:06:25,,,
2022-03-17,焦炭,收盘价,3559.50,0.31%,1137,2022-03-17 00:00:00,1,0,2024-07-20 12:06:25,0,2024-07-20 12:06:25,,,
2022-03-17,焦炭,结算价,3556.00,1.99%,1138,2022-03-17 00:00:00,1,0,2024-07-20 12:06:25,0,2024-07-20 12:06:25,,,
2022-03-16,焦炭,收盘价,3548.50,3.62%,1139,2022-03-16 00:00:00,1,0,2024-07-20 12:06:25,0,2024-07-20 12:06:25,,,
2022-03-16,焦炭,结算价,3486.50,0.29%,1140,2022-03-16 00:00:00,1,0,2024-07-20 12:06:25,0,2024-07-20 12:06:25,,,
2022-03-15,焦炭,收盘价,3424.50,-0.15%,1141,2022-03-15 00:00:00,1,0,2024-07-20 12:06:29,0,2024-07-20 12:06:29,,,
2022-03-15,焦炭,结算价,3476.50,-3.31%,1142,2022-03-15 00:00:00,1,0,2024-07-20 12:06:29,0,2024-07-20 12:06:29,,,
2022-03-14,焦炭,收盘价,3429.50,-6.74%,1143,2022-03-14 00:00:00,1,0,2024-07-20 12:06:29,0,2024-07-20 12:06:29,,,
2022-03-14,焦炭,结算价,3595.50,-3.22%,1144,2022-03-14 00:00:00,1,0,2024-07-20 12:06:29,0,2024-07-20 12:06:29,,,
2022-03-11,焦炭,收盘价,3677.50,-1.26%,1145,2022-03-11 00:00:00,1,0,2024-07-20 12:06:29,0,2024-07-20 12:06:29,,,
2022-03-11,焦炭,结算价,3715.00,1.24%,1146,2022-03-11 00:00:00,1,0,2024-07-20 12:06:29,0,2024-07-20 12:06:29,,,
2022-03-10,焦炭,收盘价,3724.50,-1.22%,1147,2022-03-10 00:00:00,1,0,2024-07-20 12:06:29,0,2024-07-20 12:06:29,,,
2022-03-10,焦炭,结算价,3669.50,-2.72%,1148,2022-03-10 00:00:00,1,0,2024-07-20 12:06:29,0,2024-07-20 12:06:29,,,
2022-03-09,焦炭,收盘价,3770.50,0.96%,1149,2022-03-09 00:00:00,1,0,2024-07-20 12:06:29,0,2024-07-20 12:06:29,,,
2022-03-09,焦炭,结算价,3772.00,0.43%,1150,2022-03-09 00:00:00,1,0,2024-07-20 12:06:29,0,2024-07-20 12:06:29,,,
2022-03-08,焦炭,收盘价,3734.50,-2.94%,1151,2022-03-08 00:00:00,1,0,2024-07-20 12:06:29,0,2024-07-20 12:06:29,,,
2022-03-08,焦炭,结算价,3756.00,0.6%,1152,2022-03-08 00:00:00,1,0,2024-07-20 12:06:29,0,2024-07-20 12:06:29,,,
2022-03-07,焦炭,收盘价,3847.50,7.32%,1153,2022-03-07 00:00:00,1,0,2024-07-20 12:06:29,0,2024-07-20 12:06:29,,,
2022-03-07,焦炭,结算价,3733.50,4.04%,1154,2022-03-07 00:00:00,1,0,2024-07-20 12:06:29,0,2024-07-20 12:06:29,,,
2022-03-04,焦炭,收盘价,3585.00,0.38%,1155,2022-03-04 00:00:00,1,0,2024-07-20 12:06:29,0,2024-07-20 12:06:29,,,
2022-03-04,焦炭,结算价,3588.50,1.87%,1156,2022-03-04 00:00:00,1,0,2024-07-20 12:06:29,0,2024-07-20 12:06:29,,,
2022-03-03,焦炭,收盘价,3571.50,3.22%,1157,2022-03-03 00:00:00,1,0,2024-07-20 12:06:29,0,2024-07-20 12:06:29,,,
2022-03-03,焦炭,结算价,3522.50,2.01%,1158,2022-03-03 00:00:00,1,0,2024-07-20 12:06:29,0,2024-07-20 12:06:29,,,
2022-03-02,焦炭,收盘价,3460.00,1.17%,1159,2022-03-02 00:00:00,1,0,2024-07-20 12:06:29,0,2024-07-20 12:06:29,,,
2022-03-02,焦炭,结算价,3453.00,2.62%,1160,2022-03-02 00:00:00,1,0,2024-07-20 12:06:29,0,2024-07-20 12:06:29,,,
2022-03-01,焦炭,收盘价,3420.00,3.75%,1161,2022-03-01 00:00:00,1,0,2024-07-20 12:06:29,0,2024-07-20 12:06:29,,,
2022-03-01,焦炭,结算价,3365.00,3.7%,1162,2022-03-01 00:00:00,1,0,2024-07-20 12:06:29,0,2024-07-20 12:06:29,,,
2022-02-28,焦炭,收盘价,3296.50,3.57%,1163,2022-02-28 00:00:00,1,0,2024-07-20 12:06:29,0,2024-07-20 12:06:29,,,
2022-02-28,焦炭,结算价,3245.00,-1.38%,1164,2022-02-28 00:00:00,1,0,2024-07-20 12:06:29,0,2024-07-20 12:06:29,,,
2022-02-25,焦炭,收盘价,3183.00,-6.15%,1165,2022-02-25 00:00:00,1,0,2024-07-20 12:06:29,0,2024-07-20 12:06:29,,,
2022-02-25,焦炭,结算价,3290.50,-3.02%,1166,2022-02-25 00:00:00,1,0,2024-07-20 12:06:29,0,2024-07-20 12:06:29,,,
2022-02-24,焦炭,收盘价,3391.50,-1.55%,1167,2022-02-24 00:00:00,1,0,2024-07-20 12:06:29,0,2024-07-20 12:06:29,,,
2022-02-24,焦炭,结算价,3393.00,-0.63%,1168,2022-02-24 00:00:00,1,0,2024-07-20 12:06:29,0,2024-07-20 12:06:29,,,
2022-02-23,焦炭,收盘价,3445.00,2.64%,1169,2022-02-23 00:00:00,1,0,2024-07-20 12:06:29,0,2024-07-20 12:06:29,,,
2022-02-23,焦炭,结算价,3414.50,0.69%,1170,2022-02-23 00:00:00,1,0,2024-07-20 12:06:29,0,2024-07-20 12:06:29,,,
2022-02-22,焦炭,收盘价,3356.50,-0.96%,1171,2022-02-22 00:00:00,1,0,2024-07-20 12:06:32,0,2024-07-20 12:06:32,,,
2022-02-22,焦炭,结算价,3391.00,1.51%,1172,2022-02-22 00:00:00,1,0,2024-07-20 12:06:32,0,2024-07-20 12:06:32,,,
2022-02-21,焦炭,收盘价,3389.00,2.22%,1173,2022-02-21 00:00:00,1,0,2024-07-20 12:06:32,0,2024-07-20 12:06:32,,,
2022-02-21,焦炭,结算价,3340.50,2.08%,1174,2022-02-21 00:00:00,1,0,2024-07-20 12:06:32,0,2024-07-20 12:06:32,,,
2022-02-18,焦炭,收盘价,3315.50,3.29%,1175,2022-02-18 00:00:00,1,0,2024-07-20 12:06:32,0,2024-07-20 12:06:32,,,
2022-02-18,焦炭,结算价,3272.50,2.36%,1176,2022-02-18 00:00:00,1,0,2024-07-20 12:06:32,0,2024-07-20 12:06:32,,,
2022-02-17,焦炭,收盘价,3210.00,0.56%,1177,2022-02-17 00:00:00,1,0,2024-07-20 12:06:32,0,2024-07-20 12:06:32,,,
2022-02-17,焦炭,结算价,3197.00,1.07%,1178,2022-02-17 00:00:00,1,0,2024-07-20 12:06:32,0,2024-07-20 12:06:32,,,
2022-02-16,焦炭,收盘价,3192.00,1.69%,1179,2022-02-16 00:00:00,1,0,2024-07-20 12:06:32,0,2024-07-20 12:06:32,,,
2022-02-16,焦炭,结算价,3163.00,1.28%,1180,2022-02-16 00:00:00,1,0,2024-07-20 12:06:32,0,2024-07-20 12:06:32,,,
2022-02-15,焦炭,收盘价,3139.00,-0.96%,1181,2022-02-15 00:00:00,1,0,2024-07-20 12:06:32,0,2024-07-20 12:06:32,,,
2022-02-15,焦炭,结算价,3123.00,-0.48%,1182,2022-02-15 00:00:00,1,0,2024-07-20 12:06:32,0,2024-07-20 12:06:32,,,
2022-02-14,焦炭,收盘价,3169.50,2.41%,1183,2022-02-14 00:00:00,1,0,2024-07-20 12:06:32,0,2024-07-20 12:06:32,,,
2022-02-14,焦炭,结算价,3138.00,-0.52%,1184,2022-02-14 00:00:00,1,0,2024-07-20 12:06:32,0,2024-07-20 12:06:32,,,
2022-02-11,焦炭,收盘价,3095.00,0.39%,1185,2022-02-11 00:00:00,1,0,2024-07-20 12:06:32,0,2024-07-20 12:06:32,,,
2022-02-11,焦炭,结算价,3154.50,4.33%,1186,2022-02-11 00:00:00,1,0,2024-07-20 12:06:32,0,2024-07-20 12:06:32,,,
2022-02-10,焦炭,收盘价,3083.00,1.88%,1187,2022-02-10 00:00:00,1,0,2024-07-20 12:06:32,0,2024-07-20 12:06:32,,,
2022-02-10,焦炭,结算价,3023.50,-2.06%,1188,2022-02-10 00:00:00,1,0,2024-07-20 12:06:32,0,2024-07-20 12:06:32,,,
2022-02-09,焦炭,收盘价,3026.00,-3.42%,1189,2022-02-09 00:00:00,1,0,2024-07-20 12:06:32,0,2024-07-20 12:06:32,,,
2022-02-09,焦炭,结算价,3087.00,0.47%,1190,2022-02-09 00:00:00,1,0,2024-07-20 12:06:32,0,2024-07-20 12:06:32,,,
2022-02-08,焦炭,收盘价,3133.00,4.78%,1191,2022-02-08 00:00:00,1,0,2024-07-20 12:06:32,0,2024-07-20 12:06:32,,,
2022-02-08,焦炭,结算价,3072.50,2.35%,1192,2022-02-08 00:00:00,1,0,2024-07-20 12:06:32,0,2024-07-20 12:06:32,,,
2022-02-07,焦炭,收盘价,2990.00,-3.55%,1193,2022-02-07 00:00:00,1,0,2024-07-20 12:06:32,0,2024-07-20 12:06:32,,,
2022-02-07,焦炭,结算价,3002.00,-0.37%,1194,2022-02-07 00:00:00,1,0,2024-07-20 12:06:32,0,2024-07-20 12:06:32,,,
2022-01-28,焦炭,收盘价,3100.00,4.66%,1195,2022-01-28 00:00:00,1,0,2024-07-20 12:06:32,0,2024-07-20 12:06:32,,,
2022-01-28,焦炭,结算价,3013.00,0.92%,1196,2022-01-28 00:00:00,1,0,2024-07-20 12:06:32,0,2024-07-20 12:06:32,,,
2022-01-27,焦炭,收盘价,2962.00,-0.6%,1197,2022-01-27 00:00:00,1,0,2024-07-20 12:06:32,0,2024-07-20 12:06:32,,,
2022-01-27,焦炭,结算价,2985.50,0.4%,1198,2022-01-27 00:00:00,1,0,2024-07-20 12:06:32,0,2024-07-20 12:06:32,,,
2022-01-26,焦炭,收盘价,2980.00,0.59%,1199,2022-01-26 00:00:00,1,0,2024-07-20 12:06:32,0,2024-07-20 12:06:32,,,
2022-01-26,焦炭,结算价,2973.50,1.33%,1200,2022-01-26 00:00:00,1,0,2024-07-20 12:06:32,0,2024-07-20 12:06:32,,,
2022-01-25,焦炭,收盘价,2962.50,2.16%,1201,2022-01-25 00:00:00,1,0,2024-07-20 12:06:36,0,2024-07-20 12:06:36,,,
2022-01-25,焦炭,结算价,2934.50,0.26%,1202,2022-01-25 00:00:00,1,0,2024-07-20 12:06:36,0,2024-07-20 12:06:36,,,
2022-01-24,焦炭,收盘价,2900.00,-0.26%,1203,2022-01-24 00:00:00,1,0,2024-07-20 12:06:36,0,2024-07-20 12:06:36,,,
2022-01-24,焦炭,结算价,2927.00,-0.68%,1204,2022-01-24 00:00:00,1,0,2024-07-20 12:06:36,0,2024-07-20 12:06:36,,,
2022-01-21,焦炭,收盘价,2907.50,-3.34%,1205,2022-01-21 00:00:00,1,0,2024-07-20 12:06:36,0,2024-07-20 12:06:36,,,
2022-01-21,焦炭,结算价,2947.00,-0.07%,1206,2022-01-21 00:00:00,1,0,2024-07-20 12:06:36,0,2024-07-20 12:06:36,,,
2022-01-20,焦炭,收盘价,3008.00,2.1%,1207,2022-01-20 00:00:00,1,0,2024-07-20 12:06:36,0,2024-07-20 12:06:36,,,
2022-01-20,焦炭,结算价,2949.00,-1.4%,1208,2022-01-20 00:00:00,1,0,2024-07-20 12:06:36,0,2024-07-20 12:06:36,,,
2022-01-19,焦炭,收盘价,2946.00,-1.55%,1209,2022-01-19 00:00:00,1,0,2024-07-20 12:06:36,0,2024-07-20 12:06:36,,,
2022-01-19,焦炭,结算价,2991.00,1.27%,1210,2022-01-19 00:00:00,1,0,2024-07-20 12:06:36,0,2024-07-20 12:06:36,,,
2022-01-18,焦炭,收盘价,2992.50,2.68%,1211,2022-01-18 00:00:00,1,0,2024-07-20 12:06:36,0,2024-07-20 12:06:36,,,
2022-01-18,焦炭,结算价,2953.50,-1.17%,1212,2022-01-18 00:00:00,1,0,2024-07-20 12:06:36,0,2024-07-20 12:06:36,,,
2022-01-17,焦炭,收盘价,2914.50,-5.43%,1213,2022-01-17 00:00:00,1,0,2024-07-20 12:06:36,0,2024-07-20 12:06:36,,,
2022-01-17,焦炭,结算价,2988.50,-3.47%,1214,2022-01-17 00:00:00,1,0,2024-07-20 12:06:36,0,2024-07-20 12:06:36,,,
2022-01-14,焦炭,收盘价,3082.00,-0.77%,1215,2022-01-14 00:00:00,1,0,2024-07-20 12:06:36,0,2024-07-20 12:06:36,,,
2022-01-14,焦炭,结算价,3096.00,-2.89%,1216,2022-01-14 00:00:00,1,0,2024-07-20 12:06:36,0,2024-07-20 12:06:36,,,
2022-01-13,焦炭,收盘价,3106.00,-2.36%,1217,2022-01-13 00:00:00,1,0,2024-07-20 12:06:36,0,2024-07-20 12:06:36,,,
2022-01-13,焦炭,结算价,3188.00,0.73%,1218,2022-01-13 00:00:00,1,0,2024-07-20 12:06:36,0,2024-07-20 12:06:36,,,
2022-01-12,焦炭,收盘价,3181.00,0.32%,1219,2022-01-12 00:00:00,1,0,2024-07-20 12:06:36,0,2024-07-20 12:06:36,,,
2022-01-12,焦炭,结算价,3165.00,0.84%,1220,2022-01-12 00:00:00,1,0,2024-07-20 12:06:36,0,2024-07-20 12:06:36,,,
2022-01-11,焦炭,收盘价,3171.00,-0.24%,1221,2022-01-11 00:00:00,1,0,2024-07-20 12:06:36,0,2024-07-20 12:06:36,,,
2022-01-11,焦炭,结算价,3138.50,-1.21%,1222,2022-01-11 00:00:00,1,0,2024-07-20 12:06:36,0,2024-07-20 12:06:36,,,
2022-01-10,焦炭,收盘价,3178.50,0.6%,1223,2022-01-10 00:00:00,1,0,2024-07-20 12:06:36,0,2024-07-20 12:06:36,,,
2022-01-10,焦炭,结算价,3177.00,1.11%,1224,2022-01-10 00:00:00,1,0,2024-07-20 12:06:36,0,2024-07-20 12:06:36,,,
2022-01-07,焦炭,收盘价,3159.50,-0.5%,1225,2022-01-07 00:00:00,1,0,2024-07-20 12:06:36,0,2024-07-20 12:06:36,,,
2022-01-07,焦炭,结算价,3142.00,-1.3%,1226,2022-01-07 00:00:00,1,0,2024-07-20 12:06:36,0,2024-07-20 12:06:36,,,
2022-01-06,焦炭,收盘价,3175.50,0.81%,1227,2022-01-06 00:00:00,1,0,2024-07-20 12:06:36,0,2024-07-20 12:06:36,,,
2022-01-06,焦炭,结算价,3183.50,2.58%,1228,2022-01-06 00:00:00,1,0,2024-07-20 12:06:36,0,2024-07-20 12:06:36,,,
2022-01-05,焦炭,收盘价,3150.00,3.38%,1229,2022-01-05 00:00:00,1,0,2024-07-20 12:06:36,0,2024-07-20 12:06:36,,,
2022-01-05,焦炭,结算价,3103.50,2.78%,1230,2022-01-05 00:00:00,1,0,2024-07-20 12:06:36,0,2024-07-20 12:06:36,,,
2022-01-04,焦炭,收盘价,3047.00,3.85%,1231,2022-01-04 00:00:00,1,0,2024-07-20 12:06:39,0,2024-07-20 12:06:39,,,
2022-01-04,焦炭,结算价,3019.50,3.87%,1232,2022-01-04 00:00:00,1,0,2024-07-20 12:06:39,0,2024-07-20 12:06:39,,,
2021-12-31,焦炭,收盘价,2934.00,0.79%,1233,2021-12-31 00:00:00,1,0,2024-07-20 12:06:39,0,2024-07-20 12:06:39,,,
2021-12-31,焦炭,结算价,2907.00,-0.26%,1234,2021-12-31 00:00:00,1,0,2024-07-20 12:06:39,0,2024-07-20 12:06:39,,,
2021-12-30,焦炭,收盘价,2911.00,-0.78%,1235,2021-12-30 00:00:00,1,0,2024-07-20 12:06:39,0,2024-07-20 12:06:39,,,
2021-12-30,焦炭,结算价,2914.50,0.38%,1236,2021-12-30 00:00:00,1,0,2024-07-20 12:06:39,0,2024-07-20 12:06:39,,,
2021-12-29,焦炭,收盘价,2934.00,1.35%,1237,2021-12-29 00:00:00,1,0,2024-07-20 12:06:39,0,2024-07-20 12:06:39,,,
2021-12-29,焦炭,结算价,2903.50,-0.38%,1238,2021-12-29 00:00:00,1,0,2024-07-20 12:06:39,0,2024-07-20 12:06:39,,,
2021-12-28,焦炭,收盘价,2895.00,-1.38%,1239,2021-12-28 00:00:00,1,0,2024-07-20 12:06:39,0,2024-07-20 12:06:39,,,
2021-12-28,焦炭,结算价,2914.50,-3.78%,1240,2021-12-28 00:00:00,1,0,2024-07-20 12:06:39,0,2024-07-20 12:06:39,,,
2021-12-27,焦炭,收盘价,2935.50,-7.35%,1241,2021-12-27 00:00:00,1,0,2024-07-20 12:06:39,0,2024-07-20 12:06:39,,,
2021-12-27,焦炭,结算价,3029.00,-3.21%,1242,2021-12-27 00:00:00,1,0,2024-07-20 12:06:39,0,2024-07-20 12:06:39,,,
2021-12-24,焦炭,收盘价,3168.50,2.62%,1243,2021-12-24 00:00:00,1,0,2024-07-20 12:06:39,0,2024-07-20 12:06:39,,,
2021-12-24,焦炭,结算价,3129.50,1.72%,1244,2021-12-24 00:00:00,1,0,2024-07-20 12:06:39,0,2024-07-20 12:06:39,,,
2021-12-23,焦炭,收盘价,3087.50,0.67%,1245,2021-12-23 00:00:00,1,0,2024-07-20 12:06:39,0,2024-07-20 12:06:39,,,
2021-12-23,焦炭,结算价,3076.50,0.24%,1246,2021-12-23 00:00:00,1,0,2024-07-20 12:06:39,0,2024-07-20 12:06:39,,,
2021-12-22,焦炭,收盘价,3067.00,-0.37%,1247,2021-12-22 00:00:00,1,0,2024-07-20 12:06:39,0,2024-07-20 12:06:39,,,
2021-12-22,焦炭,结算价,3069.00,1.57%,1248,2021-12-22 00:00:00,1,0,2024-07-20 12:06:39,0,2024-07-20 12:06:39,,,
2021-12-21,焦炭,收盘价,3078.50,2.84%,1249,2021-12-21 00:00:00,1,0,2024-07-20 12:06:39,0,2024-07-20 12:06:39,,,
2021-12-21,焦炭,结算价,3021.50,-1.6%,1250,2021-12-21 00:00:00,1,0,2024-07-20 12:06:39,0,2024-07-20 12:06:39,,,
2021-12-20,焦炭,收盘价,2993.50,-1.88%,1251,2021-12-20 00:00:00,1,0,2024-07-20 12:06:39,0,2024-07-20 12:06:39,,,
2021-12-20,焦炭,结算价,3070.50,0.29%,1252,2021-12-20 00:00:00,1,0,2024-07-20 12:06:39,0,2024-07-20 12:06:39,,,
2021-12-17,焦炭,收盘价,3051.00,-0.07%,1253,2021-12-17 00:00:00,1,0,2024-07-20 12:06:39,0,2024-07-20 12:06:39,,,
2021-12-17,焦炭,结算价,3061.50,1.46%,1254,2021-12-17 00:00:00,1,0,2024-07-20 12:06:39,0,2024-07-20 12:06:39,,,
2021-12-16,焦炭,收盘价,3053.00,1.89%,1255,2021-12-16 00:00:00,1,0,2024-07-20 12:06:39,0,2024-07-20 12:06:39,,,
2021-12-16,焦炭,结算价,3017.50,0.65%,1256,2021-12-16 00:00:00,1,0,2024-07-20 12:06:39,0,2024-07-20 12:06:39,,,
2021-12-15,焦炭,收盘价,2996.50,0.96%,1257,2021-12-15 00:00:00,1,0,2024-07-20 12:06:39,0,2024-07-20 12:06:39,,,
2021-12-15,焦炭,结算价,2998.00,0.67%,1258,2021-12-15 00:00:00,1,0,2024-07-20 12:06:39,0,2024-07-20 12:06:39,,,
2021-12-14,焦炭,收盘价,2968.00,-0.13%,1259,2021-12-14 00:00:00,1,0,2024-07-20 12:06:39,0,2024-07-20 12:06:39,,,
2021-12-14,焦炭,结算价,2978.00,2.44%,1260,2021-12-14 00:00:00,1,0,2024-07-20 12:06:39,0,2024-07-20 12:06:39,,,
2021-12-13,焦炭,收盘价,2972.00,2.1%,1261,2021-12-13 00:00:00,1,0,2024-07-20 12:06:43,0,2024-07-20 12:06:43,,,
2021-12-13,焦炭,结算价,2907.00,-0.33%,1262,2021-12-13 00:00:00,1,0,2024-07-20 12:06:43,0,2024-07-20 12:06:43,,,
2021-12-10,焦炭,收盘价,2911.00,-0.33%,1263,2021-12-10 00:00:00,1,0,2024-07-20 12:06:43,0,2024-07-20 12:06:43,,,
2021-12-10,焦炭,结算价,2916.50,-0.82%,1264,2021-12-10 00:00:00,1,0,2024-07-20 12:06:43,0,2024-07-20 12:06:43,,,
2021-12-09,焦炭,收盘价,2920.50,0.14%,1265,2021-12-09 00:00:00,1,0,2024-07-20 12:06:43,0,2024-07-20 12:06:43,,,
2021-12-09,焦炭,结算价,2940.50,-0.51%,1266,2021-12-09 00:00:00,1,0,2024-07-20 12:06:43,0,2024-07-20 12:06:43,,,
2021-12-08,焦炭,收盘价,2916.50,-1.1%,1267,2021-12-08 00:00:00,1,0,2024-07-20 12:06:43,0,2024-07-20 12:06:43,,,
2021-12-08,焦炭,结算价,2955.50,0.07%,1268,2021-12-08 00:00:00,1,0,2024-07-20 12:06:43,0,2024-07-20 12:06:43,,,
2021-12-07,焦炭,收盘价,2949.00,3.69%,1269,2021-12-07 00:00:00,1,0,2024-07-20 12:06:43,0,2024-07-20 12:06:43,,,
2021-12-07,焦炭,结算价,2953.50,3.91%,1270,2021-12-07 00:00:00,1,0,2024-07-20 12:06:43,0,2024-07-20 12:06:43,,,
2021-12-06,焦炭,收盘价,2844.00,-0.11%,1271,2021-12-06 00:00:00,1,0,2024-07-20 12:06:43,0,2024-07-20 12:06:43,,,
2021-12-06,焦炭,结算价,2842.50,3.06%,1272,2021-12-06 00:00:00,1,0,2024-07-20 12:06:43,0,2024-07-20 12:06:43,,,
2021-12-03,焦炭,收盘价,2847.00,5.06%,1273,2021-12-03 00:00:00,1,0,2024-07-20 12:06:43,0,2024-07-20 12:06:43,,,
2021-12-03,焦炭,结算价,2758.00,-0.86%,1274,2021-12-03 00:00:00,1,0,2024-07-20 12:06:43,0,2024-07-20 12:06:43,,,
2021-12-02,焦炭,收盘价,2710.00,-3.15%,1275,2021-12-02 00:00:00,1,0,2024-07-20 12:06:43,0,2024-07-20 12:06:43,,,
2021-12-02,焦炭,结算价,2782.00,0.89%,1276,2021-12-02 00:00:00,1,0,2024-07-20 12:06:43,0,2024-07-20 12:06:43,,,
2021-12-01,焦炭,收盘价,2798.00,5.07%,1277,2021-12-01 00:00:00,1,0,2024-07-20 12:06:43,0,2024-07-20 12:06:43,,,
2021-12-01,焦炭,结算价,2757.50,3.82%,1278,2021-12-01 00:00:00,1,0,2024-07-20 12:06:43,0,2024-07-20 12:06:43,,,
2021-11-30,焦炭,收盘价,2663.00,2.46%,1279,2021-11-30 00:00:00,1,0,2024-07-20 12:06:43,0,2024-07-20 12:06:43,,,
2021-11-30,焦炭,结算价,2656.00,2.09%,1280,2021-11-30 00:00:00,1,0,2024-07-20 12:06:43,0,2024-07-20 12:06:43,,,
2021-11-29,焦炭,收盘价,2599.00,0.21%,1281,2021-11-29 00:00:00,1,0,2024-07-20 12:06:43,0,2024-07-20 12:06:43,,,
2021-11-29,焦炭,结算价,2601.50,-2.71%,1282,2021-11-29 00:00:00,1,0,2024-07-20 12:06:43,0,2024-07-20 12:06:43,,,
2021-11-26,焦炭,收盘价,2593.50,-6.39%,1283,2021-11-26 00:00:00,1,0,2024-07-20 12:06:43,0,2024-07-20 12:06:43,,,
2021-11-26,焦炭,结算价,2674.00,-2.75%,1284,2021-11-26 00:00:00,1,0,2024-07-20 12:06:43,0,2024-07-20 12:06:43,,,
2021-11-25,焦炭,收盘价,2770.50,0.56%,1285,2021-11-25 00:00:00,1,0,2024-07-20 12:06:43,0,2024-07-20 12:06:43,,,
2021-11-25,焦炭,结算价,2749.50,2.88%,1286,2021-11-25 00:00:00,1,0,2024-07-20 12:06:43,0,2024-07-20 12:06:43,,,
2021-11-24,焦炭,收盘价,2755.00,-4.36%,1287,2021-11-24 00:00:00,1,0,2024-07-20 12:06:43,0,2024-07-20 12:06:43,,,
2021-11-24,焦炭,结算价,2672.50,-8.19%,1288,2021-11-24 00:00:00,1,0,2024-07-20 12:06:43,0,2024-07-20 12:06:43,,,
2021-11-23,焦炭,收盘价,2880.50,0.51%,1289,2021-11-23 00:00:00,1,0,2024-07-20 12:06:43,0,2024-07-20 12:06:43,,,
2021-11-23,焦炭,结算价,2911.00,2.05%,1290,2021-11-23 00:00:00,1,0,2024-07-20 12:06:43,0,2024-07-20 12:06:43,,,
2021-11-22,焦炭,收盘价,2866.00,2.3%,1291,2021-11-22 00:00:00,1,0,2024-07-20 12:06:47,0,2024-07-20 12:06:47,,,
2021-11-22,焦炭,结算价,2852.50,3.3%,1292,2021-11-22 00:00:00,1,0,2024-07-20 12:06:47,0,2024-07-20 12:06:47,,,
2021-11-19,焦炭,收盘价,2801.50,1.14%,1293,2021-11-19 00:00:00,1,0,2024-07-20 12:06:47,0,2024-07-20 12:06:47,,,
2021-11-19,焦炭,结算价,2761.50,-0.91%,1294,2021-11-19 00:00:00,1,0,2024-07-20 12:06:47,0,2024-07-20 12:06:47,,,
2021-11-18,焦炭,收盘价,2770.00,-0.25%,1295,2021-11-18 00:00:00,1,0,2024-07-20 12:06:47,0,2024-07-20 12:06:47,,,
2021-11-18,焦炭,结算价,2787.00,1.51%,1296,2021-11-18 00:00:00,1,0,2024-07-20 12:06:47,0,2024-07-20 12:06:47,,,
2021-11-17,焦炭,收盘价,2777.00,3.45%,1297,2021-11-17 00:00:00,1,0,2024-07-20 12:06:47,0,2024-07-20 12:06:47,,,
2021-11-17,焦炭,结算价,2745.50,0.77%,1298,2021-11-17 00:00:00,1,0,2024-07-20 12:06:47,0,2024-07-20 12:06:47,,,
2021-11-16,焦炭,收盘价,2684.50,-0.87%,1299,2021-11-16 00:00:00,1,0,2024-07-20 12:06:47,0,2024-07-20 12:06:47,,,
2021-11-16,焦炭,结算价,2724.50,-2.85%,1300,2021-11-16 00:00:00,1,0,2024-07-20 12:06:47,0,2024-07-20 12:06:47,,,
2021-11-15,焦炭,收盘价,2708.00,-8.27%,1301,2021-11-15 00:00:00,1,0,2024-07-20 12:06:47,0,2024-07-20 12:06:47,,,
2021-11-15,焦炭,结算价,2804.50,-6.38%,1302,2021-11-15 00:00:00,1,0,2024-07-20 12:06:47,0,2024-07-20 12:06:47,,,
2021-11-12,焦炭,收盘价,2952.00,-4.48%,1303,2021-11-12 00:00:00,1,0,2024-07-20 12:06:47,0,2024-07-20 12:06:47,,,
2021-11-12,焦炭,结算价,2995.50,-1.45%,1304,2021-11-12 00:00:00,1,0,2024-07-20 12:06:47,0,2024-07-20 12:06:47,,,
2021-11-11,焦炭,收盘价,3090.50,5.84%,1305,2021-11-11 00:00:00,1,0,2024-07-20 12:06:47,0,2024-07-20 12:06:47,,,
2021-11-11,焦炭,结算价,3039.50,4.99%,1306,2021-11-11 00:00:00,1,0,2024-07-20 12:06:47,0,2024-07-20 12:06:47,,,
2021-11-10,焦炭,收盘价,2920.00,-3.07%,1307,2021-11-10 00:00:00,1,0,2024-07-20 12:06:47,0,2024-07-20 12:06:47,,,
2021-11-10,焦炭,结算价,2895.00,-4.17%,1308,2021-11-10 00:00:00,1,0,2024-07-20 12:06:47,0,2024-07-20 12:06:47,,,
2021-11-09,焦炭,收盘价,3012.50,-2.05%,1309,2021-11-09 00:00:00,1,0,2024-07-20 12:06:47,0,2024-07-20 12:06:47,,,
2021-11-09,焦炭,结算价,3021.00,-1.53%,1310,2021-11-09 00:00:00,1,0,2024-07-20 12:06:47,0,2024-07-20 12:06:47,,,
2021-11-08,焦炭,收盘价,3075.50,0.97%,1311,2021-11-08 00:00:00,1,0,2024-07-20 12:06:47,0,2024-07-20 12:06:47,,,
2021-11-08,焦炭,结算价,3068.00,1.44%,1312,2021-11-08 00:00:00,1,0,2024-07-20 12:06:47,0,2024-07-20 12:06:47,,,
2021-11-05,焦炭,收盘价,3046.00,0.38%,1313,2021-11-05 00:00:00,1,0,2024-07-20 12:06:47,0,2024-07-20 12:06:47,,,
2021-11-05,焦炭,结算价,3024.50,-2.62%,1314,2021-11-05 00:00:00,1,0,2024-07-20 12:06:47,0,2024-07-20 12:06:47,,,
2021-11-04,焦炭,收盘价,3034.50,-5.61%,1315,2021-11-04 00:00:00,1,0,2024-07-20 12:06:47,0,2024-07-20 12:06:47,,,
2021-11-04,焦炭,结算价,3106.00,-0.3%,1316,2021-11-04 00:00:00,1,0,2024-07-20 12:06:47,0,2024-07-20 12:06:47,,,
2021-11-03,焦炭,收盘价,3215.00,7.13%,1317,2021-11-03 00:00:00,1,0,2024-07-20 12:06:47,0,2024-07-20 12:06:47,,,
2021-11-03,焦炭,结算价,3115.50,4.63%,1318,2021-11-03 00:00:00,1,0,2024-07-20 12:06:47,0,2024-07-20 12:06:47,,,
2021-11-02,焦炭,收盘价,3001.00,3.57%,1319,2021-11-02 00:00:00,1,0,2024-07-20 12:06:47,0,2024-07-20 12:06:47,,,
2021-11-02,焦炭,结算价,2977.50,0.44%,1320,2021-11-02 00:00:00,1,0,2024-07-20 12:06:47,0,2024-07-20 12:06:47,,,
2021-11-01,焦炭,收盘价,2897.50,-2.7%,1321,2021-11-01 00:00:00,1,0,2024-07-20 12:06:50,0,2024-07-20 12:06:50,,,
2021-11-01,焦炭,结算价,2964.50,-4.62%,1322,2021-11-01 00:00:00,1,0,2024-07-20 12:06:50,0,2024-07-20 12:06:50,,,
2021-10-29,焦炭,收盘价,2978.00,-6.97%,1323,2021-10-29 00:00:00,1,0,2024-07-20 12:06:50,0,2024-07-20 12:06:50,,,
2021-10-29,焦炭,结算价,3108.00,-3.91%,1324,2021-10-29 00:00:00,1,0,2024-07-20 12:06:50,0,2024-07-20 12:06:50,,,
2021-10-28,焦炭,收盘价,3201.00,-6.68%,1325,2021-10-28 00:00:00,1,0,2024-07-20 12:06:50,0,2024-07-20 12:06:50,,,
2021-10-28,焦炭,结算价,3234.50,-11.08%,1326,2021-10-28 00:00:00,1,0,2024-07-20 12:06:50,0,2024-07-20 12:06:50,,,
2021-10-27,焦炭,收盘价,3430.00,-9.5%,1327,2021-10-27 00:00:00,1,0,2024-07-20 12:06:50,0,2024-07-20 12:06:50,,,
2021-10-27,焦炭,结算价,3637.50,-3.49%,1328,2021-10-27 00:00:00,1,0,2024-07-20 12:06:50,0,2024-07-20 12:06:50,,,
2021-10-26,焦炭,收盘价,3790.00,1.31%,1329,2021-10-26 00:00:00,1,0,2024-07-20 12:06:50,0,2024-07-20 12:06:50,,,
2021-10-26,焦炭,结算价,3769.00,2.4%,1330,2021-10-26 00:00:00,1,0,2024-07-20 12:06:50,0,2024-07-20 12:06:50,,,
2021-10-25,焦炭,收盘价,3741.00,4.97%,1331,2021-10-25 00:00:00,1,0,2024-07-20 12:06:50,0,2024-07-20 12:06:50,,,
2021-10-25,焦炭,结算价,3680.50,1.39%,1332,2021-10-25 00:00:00,1,0,2024-07-20 12:06:50,0,2024-07-20 12:06:50,,,
2021-10-22,焦炭,收盘价,3564.00,-2.72%,1333,2021-10-22 00:00:00,1,0,2024-07-20 12:06:50,0,2024-07-20 12:06:50,,,
2021-10-22,焦炭,结算价,3630.00,-7.29%,1334,2021-10-22 00:00:00,1,0,2024-07-20 12:06:50,0,2024-07-20 12:06:50,,,
2021-10-21,焦炭,收盘价,3663.50,-9.3%,1335,2021-10-21 00:00:00,1,0,2024-07-20 12:06:50,0,2024-07-20 12:06:50,,,
2021-10-21,焦炭,结算价,3915.50,-5.95%,1336,2021-10-21 00:00:00,1,0,2024-07-20 12:06:50,0,2024-07-20 12:06:50,,,
2021-10-20,焦炭,收盘价,4039.00,-8.25%,1337,2021-10-20 00:00:00,1,0,2024-07-20 12:06:50,0,2024-07-20 12:06:50,,,
2021-10-20,焦炭,结算价,4163.00,-6.2%,1338,2021-10-20 00:00:00,1,0,2024-07-20 12:06:50,0,2024-07-20 12:06:50,,,
2021-10-19,焦炭,收盘价,4402.00,1.35%,1339,2021-10-19 00:00:00,1,0,2024-07-20 12:06:50,0,2024-07-20 12:06:50,,,
2021-10-19,焦炭,结算价,4438.00,5.53%,1340,2021-10-19 00:00:00,1,0,2024-07-20 12:06:50,0,2024-07-20 12:06:50,,,
2021-10-18,焦炭,收盘价,4343.50,5.8%,1341,2021-10-18 00:00:00,1,0,2024-07-20 12:06:50,0,2024-07-20 12:06:50,,,
2021-10-18,焦炭,结算价,4205.50,5.53%,1342,2021-10-18 00:00:00,1,0,2024-07-20 12:06:50,0,2024-07-20 12:06:50,,,
2021-10-15,焦炭,收盘价,4105.50,6.42%,1343,2021-10-15 00:00:00,1,0,2024-07-20 12:06:50,0,2024-07-20 12:06:50,,,
2021-10-15,焦炭,结算价,3985.00,4.91%,1344,2021-10-15 00:00:00,1,0,2024-07-20 12:06:50,0,2024-07-20 12:06:50,,,
2021-10-14,焦炭,收盘价,3858.00,-0.13%,1345,2021-10-14 00:00:00,1,0,2024-07-20 12:06:50,0,2024-07-20 12:06:50,,,
2021-10-14,焦炭,结算价,3798.50,-0.46%,1346,2021-10-14 00:00:00,1,0,2024-07-20 12:06:50,0,2024-07-20 12:06:50,,,
2021-10-13,焦炭,收盘价,3863.00,2.22%,1347,2021-10-13 00:00:00,1,0,2024-07-20 12:06:50,0,2024-07-20 12:06:50,,,
2021-10-13,焦炭,结算价,3816.00,1.41%,1348,2021-10-13 00:00:00,1,0,2024-07-20 12:06:50,0,2024-07-20 12:06:50,,,
2021-10-12,焦炭,收盘价,3779.00,1.7%,1349,2021-10-12 00:00:00,1,0,2024-07-20 12:06:50,0,2024-07-20 12:06:50,,,
2021-10-12,焦炭,结算价,3763.00,4.02%,1350,2021-10-12 00:00:00,1,0,2024-07-20 12:06:50,0,2024-07-20 12:06:50,,,
2021-10-11,焦炭,收盘价,3716.00,6.02%,1351,2021-10-11 00:00:00,1,0,2024-07-20 12:06:53,0,2024-07-20 12:06:53,,,
2021-10-11,焦炭,结算价,3617.50,2.25%,1352,2021-10-11 00:00:00,1,0,2024-07-20 12:06:53,0,2024-07-20 12:06:53,,,
2021-10-08,焦炭,收盘价,3505.00,-1.3%,1353,2021-10-08 00:00:00,1,0,2024-07-20 12:06:53,0,2024-07-20 12:06:53,,,
2021-10-08,焦炭,结算价,3538.00,2.89%,1354,2021-10-08 00:00:00,1,0,2024-07-20 12:06:53,0,2024-07-20 12:06:53,,,
2021-09-30,焦炭,收盘价,3551.00,5.54%,1355,2021-09-30 00:00:00,1,0,2024-07-20 12:06:53,0,2024-07-20 12:06:53,,,
2021-09-30,焦炭,结算价,3438.50,1.07%,1356,2021-09-30 00:00:00,1,0,2024-07-20 12:06:53,0,2024-07-20 12:06:53,,,
2021-09-29,焦炭,收盘价,3364.50,-1.33%,1357,2021-09-29 00:00:00,1,0,2024-07-20 12:06:53,0,2024-07-20 12:06:53,,,
2021-09-29,焦炭,结算价,3402.00,2.64%,1358,2021-09-29 00:00:00,1,0,2024-07-20 12:06:53,0,2024-07-20 12:06:53,,,
2021-09-28,焦炭,收盘价,3410.00,7.45%,1359,2021-09-28 00:00:00,1,0,2024-07-20 12:06:53,0,2024-07-20 12:06:53,,,
2021-09-28,焦炭,结算价,3314.50,3.46%,1360,2021-09-28 00:00:00,1,0,2024-07-20 12:06:53,0,2024-07-20 12:06:53,,,
2021-09-27,焦炭,收盘价,3173.50,-0.75%,1361,2021-09-27 00:00:00,1,0,2024-07-20 12:06:53,0,2024-07-20 12:06:53,,,
2021-09-27,焦炭,结算价,3203.50,-2.53%,1362,2021-09-27 00:00:00,1,0,2024-07-20 12:06:53,0,2024-07-20 12:06:53,,,
2021-09-24,焦炭,收盘价,3197.50,-8.17%,1363,2021-09-24 00:00:00,1,0,2024-07-20 12:06:53,0,2024-07-20 12:06:53,,,
2021-09-24,焦炭,结算价,3286.50,-5.%,1364,2021-09-24 00:00:00,1,0,2024-07-20 12:06:53,0,2024-07-20 12:06:53,,,
2021-09-23,焦炭,收盘价,3482.00,1.9%,1365,2021-09-23 00:00:00,1,0,2024-07-20 12:06:53,0,2024-07-20 12:06:53,,,
2021-09-23,焦炭,结算价,3459.50,3.42%,1366,2021-09-23 00:00:00,1,0,2024-07-20 12:06:53,0,2024-07-20 12:06:53,,,
2021-09-22,焦炭,收盘价,3417.00,6.18%,1367,2021-09-22 00:00:00,1,0,2024-07-20 12:06:53,0,2024-07-20 12:06:53,,,
2021-09-22,焦炭,结算价,3345.00,4.11%,1368,2021-09-22 00:00:00,1,0,2024-07-20 12:06:53,0,2024-07-20 12:06:53,,,
2021-09-17,焦炭,收盘价,3218.00,0.91%,1369,2021-09-17 00:00:00,1,0,2024-07-20 12:06:53,0,2024-07-20 12:06:53,,,
2021-09-17,焦炭,结算价,3213.00,-3.63%,1370,2021-09-17 00:00:00,1,0,2024-07-20 12:06:53,0,2024-07-20 12:06:53,,,
2021-09-16,焦炭,收盘价,3189.00,-5.46%,1371,2021-09-16 00:00:00,1,0,2024-07-20 12:06:53,0,2024-07-20 12:06:53,,,
2021-09-16,焦炭,结算价,3334.00,0.36%,1372,2021-09-16 00:00:00,1,0,2024-07-20 12:06:53,0,2024-07-20 12:06:53,,,
2021-09-15,焦炭,收盘价,3373.00,0.94%,1373,2021-09-15 00:00:00,1,0,2024-07-20 12:06:53,0,2024-07-20 12:06:53,,,
2021-09-15,焦炭,结算价,3322.00,-1.66%,1374,2021-09-15 00:00:00,1,0,2024-07-20 12:06:53,0,2024-07-20 12:06:53,,,
2021-09-14,焦炭,收盘价,3341.50,-1.63%,1375,2021-09-14 00:00:00,1,0,2024-07-20 12:06:53,0,2024-07-20 12:06:53,,,
2021-09-14,焦炭,结算价,3378.00,-4.22%,1376,2021-09-14 00:00:00,1,0,2024-07-20 12:06:53,0,2024-07-20 12:06:53,,,
2021-09-13,焦炭,收盘价,3397.00,-3.16%,1377,2021-09-13 00:00:00,1,0,2024-07-20 12:06:53,0,2024-07-20 12:06:53,,,
2021-09-13,焦炭,结算价,3527.00,-3.79%,1378,2021-09-13 00:00:00,1,0,2024-07-20 12:06:53,0,2024-07-20 12:06:53,,,
2021-09-10,焦炭,收盘价,3508.00,-7.38%,1379,2021-09-10 00:00:00,1,0,2024-07-20 12:06:53,0,2024-07-20 12:06:53,,,
2021-09-10,焦炭,结算价,3666.00,-1.81%,1380,2021-09-10 00:00:00,1,0,2024-07-20 12:06:53,0,2024-07-20 12:06:53,,,
2021-09-09,焦炭,收盘价,3787.50,5.38%,1381,2021-09-09 00:00:00,1,0,2024-07-20 12:06:57,0,2024-07-20 12:06:57,,,
2021-09-09,焦炭,结算价,3733.50,3.81%,1382,2021-09-09 00:00:00,1,0,2024-07-20 12:06:57,0,2024-07-20 12:06:57,,,
2021-09-08,焦炭,收盘价,3594.00,-1.68%,1383,2021-09-08 00:00:00,1,0,2024-07-20 12:06:57,0,2024-07-20 12:06:57,,,
2021-09-08,焦炭,结算价,3596.50,0.91%,1384,2021-09-08 00:00:00,1,0,2024-07-20 12:06:57,0,2024-07-20 12:06:57,,,
2021-09-07,焦炭,收盘价,3655.50,4.76%,1385,2021-09-07 00:00:00,1,0,2024-07-20 12:06:57,0,2024-07-20 12:06:57,,,
2021-09-07,焦炭,结算价,3564.00,4.59%,1386,2021-09-07 00:00:00,1,0,2024-07-20 12:06:57,0,2024-07-20 12:06:57,,,
2021-09-06,焦炭,收盘价,3489.50,4.59%,1387,2021-09-06 00:00:00,1,0,2024-07-20 12:06:57,0,2024-07-20 12:06:57,,,
2021-09-06,焦炭,结算价,3407.50,2.07%,1388,2021-09-06 00:00:00,1,0,2024-07-20 12:06:57,0,2024-07-20 12:06:57,,,
2021-09-03,焦炭,收盘价,3336.50,-0.67%,1389,2021-09-03 00:00:00,1,0,2024-07-20 12:06:57,0,2024-07-20 12:06:57,,,
2021-09-03,焦炭,结算价,3338.50,0.89%,1390,2021-09-03 00:00:00,1,0,2024-07-20 12:06:57,0,2024-07-20 12:06:57,,,
2021-09-02,焦炭,收盘价,3359.00,5.07%,1391,2021-09-02 00:00:00,1,0,2024-07-20 12:06:57,0,2024-07-20 12:06:57,,,
2021-09-02,焦炭,结算价,3309.00,4.91%,1392,2021-09-02 00:00:00,1,0,2024-07-20 12:06:57,0,2024-07-20 12:06:57,,,
2021-09-01,焦炭,收盘价,3197.00,1.2%,1393,2021-09-01 00:00:00,1,0,2024-07-20 12:06:57,0,2024-07-20 12:06:57,,,
2021-09-01,焦炭,结算价,3154.00,0.02%,1394,2021-09-01 00:00:00,1,0,2024-07-20 12:06:57,0,2024-07-20 12:06:57,,,
2021-08-31,焦炭,收盘价,3159.00,-0.88%,1395,2021-08-31 00:00:00,1,0,2024-07-20 12:06:57,0,2024-07-20 12:06:57,,,
2021-08-31,焦炭,结算价,3153.50,0.54%,1396,2021-08-31 00:00:00,1,0,2024-07-20 12:06:57,0,2024-07-20 12:06:57,,,
2021-08-30,焦炭,收盘价,3187.00,0.71%,1397,2021-08-30 00:00:00,1,0,2024-07-20 12:06:57,0,2024-07-20 12:06:57,,,
2021-08-30,焦炭,结算价,3136.50,0.35%,1398,2021-08-30 00:00:00,1,0,2024-07-20 12:06:57,0,2024-07-20 12:06:57,,,
2021-08-27,焦炭,收盘价,3164.50,-1.59%,1399,2021-08-27 00:00:00,1,0,2024-07-20 12:06:57,0,2024-07-20 12:06:57,,,
2021-08-27,焦炭,结算价,3125.50,-4.02%,1400,2021-08-27 00:00:00,1,0,2024-07-20 12:06:57,0,2024-07-20 12:06:57,,,
2021-08-26,焦炭,收盘价,3215.50,-2.35%,1401,2021-08-26 00:00:00,1,0,2024-07-20 12:06:57,0,2024-07-20 12:06:57,,,
2021-08-26,焦炭,结算价,3256.50,0.39%,1402,2021-08-26 00:00:00,1,0,2024-07-20 12:06:57,0,2024-07-20 12:06:57,,,
2021-08-25,焦炭,收盘价,3293.00,4.52%,1403,2021-08-25 00:00:00,1,0,2024-07-20 12:06:57,0,2024-07-20 12:06:57,,,
2021-08-25,焦炭,结算价,3244.00,1.55%,1404,2021-08-25 00:00:00,1,0,2024-07-20 12:06:57,0,2024-07-20 12:06:57,,,
2021-08-24,焦炭,收盘价,3150.50,3.18%,1405,2021-08-24 00:00:00,1,0,2024-07-20 12:06:57,0,2024-07-20 12:06:57,,,
2021-08-24,焦炭,结算价,3194.50,8.03%,1406,2021-08-24 00:00:00,1,0,2024-07-20 12:06:57,0,2024-07-20 12:06:57,,,
2021-08-23,焦炭,收盘价,3053.50,7.88%,1407,2021-08-23 00:00:00,1,0,2024-07-20 12:06:57,0,2024-07-20 12:06:57,,,
2021-08-23,焦炭,结算价,2957.00,4.58%,1408,2021-08-23 00:00:00,1,0,2024-07-20 12:06:57,0,2024-07-20 12:06:57,,,
2021-08-20,焦炭,收盘价,2830.50,-1.53%,1409,2021-08-20 00:00:00,1,0,2024-07-20 12:06:57,0,2024-07-20 12:06:57,,,
2021-08-20,焦炭,结算价,2827.50,-0.56%,1410,2021-08-20 00:00:00,1,0,2024-07-20 12:06:57,0,2024-07-20 12:06:57,,,
2021-08-19,焦炭,收盘价,2874.50,1.04%,1411,2021-08-19 00:00:00,1,0,2024-07-20 12:07:01,0,2024-07-20 12:07:01,,,
2021-08-19,焦炭,结算价,2843.50,-1.64%,1412,2021-08-19 00:00:00,1,0,2024-07-20 12:07:01,0,2024-07-20 12:07:01,,,
2021-08-18,焦炭,收盘价,2845.00,-3.46%,1413,2021-08-18 00:00:00,1,0,2024-07-20 12:07:01,0,2024-07-20 12:07:01,,,
2021-08-18,焦炭,结算价,2891.00,-0.43%,1414,2021-08-18 00:00:00,1,0,2024-07-20 12:07:01,0,2024-07-20 12:07:01,,,
2021-08-17,焦炭,收盘价,2947.00,1.41%,1415,2021-08-17 00:00:00,1,0,2024-07-20 12:07:01,0,2024-07-20 12:07:01,,,
2021-08-17,焦炭,结算价,2903.50,-0.77%,1416,2021-08-17 00:00:00,1,0,2024-07-20 12:07:01,0,2024-07-20 12:07:01,,,
2021-08-16,焦炭,收盘价,2906.00,0.73%,1417,2021-08-16 00:00:00,1,0,2024-07-20 12:07:01,0,2024-07-20 12:07:01,,,
2021-08-16,焦炭,结算价,2926.00,1.4%,1418,2021-08-16 00:00:00,1,0,2024-07-20 12:07:01,0,2024-07-20 12:07:01,,,
2021-08-13,焦炭,收盘价,2885.00,0.56%,1419,2021-08-13 00:00:00,1,0,2024-07-20 12:07:01,0,2024-07-20 12:07:01,,,
2021-08-13,焦炭,结算价,2885.50,-1.37%,1420,2021-08-13 00:00:00,1,0,2024-07-20 12:07:01,0,2024-07-20 12:07:01,,,
2021-08-12,焦炭,收盘价,2869.00,-8.25%,1421,2021-08-12 00:00:00,1,0,2024-07-20 12:07:01,0,2024-07-20 12:07:01,,,
2021-08-12,焦炭,结算价,2925.50,-5.74%,1422,2021-08-12 00:00:00,1,0,2024-07-20 12:07:01,0,2024-07-20 12:07:01,,,
2021-08-11,焦炭,收盘价,3127.00,1.66%,1423,2021-08-11 00:00:00,1,0,2024-07-20 12:07:01,0,2024-07-20 12:07:01,,,
2021-08-11,焦炭,结算价,3103.50,2.34%,1424,2021-08-11 00:00:00,1,0,2024-07-20 12:07:01,0,2024-07-20 12:07:01,,,
2021-08-10,焦炭,收盘价,3076.00,2.35%,1425,2021-08-10 00:00:00,1,0,2024-07-20 12:07:01,0,2024-07-20 12:07:01,,,
2021-08-10,焦炭,结算价,3032.50,0.8%,1426,2021-08-10 00:00:00,1,0,2024-07-20 12:07:01,0,2024-07-20 12:07:01,,,
2021-08-09,焦炭,收盘价,3005.50,0.86%,1427,2021-08-09 00:00:00,1,0,2024-07-20 12:07:01,0,2024-07-20 12:07:01,,,
2021-08-09,焦炭,结算价,3008.50,1.13%,1428,2021-08-09 00:00:00,1,0,2024-07-20 12:07:01,0,2024-07-20 12:07:01,,,
2021-08-06,焦炭,收盘价,2980.00,1.21%,1429,2021-08-06 00:00:00,1,0,2024-07-20 12:07:01,0,2024-07-20 12:07:01,,,
2021-08-06,焦炭,结算价,2975.00,0.35%,1430,2021-08-06 00:00:00,1,0,2024-07-20 12:07:01,0,2024-07-20 12:07:01,,,
2021-08-05,焦炭,收盘价,2944.50,-0.29%,1431,2021-08-05 00:00:00,1,0,2024-07-20 12:07:01,0,2024-07-20 12:07:01,,,
2021-08-05,焦炭,结算价,2964.50,2.49%,1432,2021-08-05 00:00:00,1,0,2024-07-20 12:07:01,0,2024-07-20 12:07:01,,,
2021-08-04,焦炭,收盘价,2953.00,4.7%,1433,2021-08-04 00:00:00,1,0,2024-07-20 12:07:01,0,2024-07-20 12:07:01,,,
2021-08-04,焦炭,结算价,2892.50,1.28%,1434,2021-08-04 00:00:00,1,0,2024-07-20 12:07:01,0,2024-07-20 12:07:01,,,
2021-08-03,焦炭,收盘价,2820.50,-2.74%,1435,2021-08-03 00:00:00,1,0,2024-07-20 12:07:01,0,2024-07-20 12:07:01,,,
2021-08-03,焦炭,结算价,2856.00,-1.24%,1436,2021-08-03 00:00:00,1,0,2024-07-20 12:07:01,0,2024-07-20 12:07:01,,,
2021-08-02,焦炭,收盘价,2900.00,-1.46%,1437,2021-08-02 00:00:00,1,0,2024-07-20 12:07:01,0,2024-07-20 12:07:01,,,
2021-08-02,焦炭,结算价,2892.00,-1.23%,1438,2021-08-02 00:00:00,1,0,2024-07-20 12:07:01,0,2024-07-20 12:07:01,,,
2021-07-30,焦炭,收盘价,2943.00,-0.88%,1439,2021-07-30 00:00:00,1,0,2024-07-20 12:07:01,0,2024-07-20 12:07:01,,,
2021-07-30,焦炭,结算价,2928.00,-0.61%,1440,2021-07-30 00:00:00,1,0,2024-07-20 12:07:01,0,2024-07-20 12:07:01,,,
2021-07-29,焦炭,收盘价,2969.00,0.61%,1441,2021-07-29 00:00:00,1,0,2024-07-20 12:07:04,0,2024-07-20 12:07:04,,,
2021-07-29,焦炭,结算价,2946.00,1.1%,1442,2021-07-29 00:00:00,1,0,2024-07-20 12:07:04,0,2024-07-20 12:07:04,,,
2021-07-28,焦炭,收盘价,2951.00,3.07%,1443,2021-07-28 00:00:00,1,0,2024-07-20 12:07:04,0,2024-07-20 12:07:04,,,
2021-07-28,焦炭,结算价,2914.00,1.43%,1444,2021-07-28 00:00:00,1,0,2024-07-20 12:07:04,0,2024-07-20 12:07:04,,,
2021-07-27,焦炭,收盘价,2863.00,-0.16%,1445,2021-07-27 00:00:00,1,0,2024-07-20 12:07:04,0,2024-07-20 12:07:04,,,
2021-07-27,焦炭,结算价,2873.00,1.5%,1446,2021-07-27 00:00:00,1,0,2024-07-20 12:07:04,0,2024-07-20 12:07:04,,,
2021-07-26,焦炭,收盘价,2867.50,3.54%,1447,2021-07-26 00:00:00,1,0,2024-07-20 12:07:04,0,2024-07-20 12:07:04,,,
2021-07-26,焦炭,结算价,2830.50,2.02%,1448,2021-07-26 00:00:00,1,0,2024-07-20 12:07:04,0,2024-07-20 12:07:04,,,
2021-07-23,焦炭,收盘价,2769.50,1.17%,1449,2021-07-23 00:00:00,1,0,2024-07-20 12:07:04,0,2024-07-20 12:07:04,,,
2021-07-23,焦炭,结算价,2774.50,2.29%,1450,2021-07-23 00:00:00,1,0,2024-07-20 12:07:04,0,2024-07-20 12:07:04,,,
2021-07-22,焦炭,收盘价,2737.50,0.05%,1451,2021-07-22 00:00:00,1,0,2024-07-20 12:07:04,0,2024-07-20 12:07:04,,,
2021-07-22,焦炭,结算价,2712.50,-0.84%,1452,2021-07-22 00:00:00,1,0,2024-07-20 12:07:04,0,2024-07-20 12:07:04,,,
2021-07-21,焦炭,收盘价,2736.00,-0.07%,1453,2021-07-21 00:00:00,1,0,2024-07-20 12:07:04,0,2024-07-20 12:07:04,,,
2021-07-21,焦炭,结算价,2735.50,2.11%,1454,2021-07-21 00:00:00,1,0,2024-07-20 12:07:04,0,2024-07-20 12:07:04,,,
2021-07-20,焦炭,收盘价,2738.00,2.84%,1455,2021-07-20 00:00:00,1,0,2024-07-20 12:07:04,0,2024-07-20 12:07:04,,,
2021-07-20,焦炭,结算价,2679.00,0.39%,1456,2021-07-20 00:00:00,1,0,2024-07-20 12:07:04,0,2024-07-20 12:07:04,,,
2021-07-19,焦炭,收盘价,2662.50,-1.13%,1457,2021-07-19 00:00:00,1,0,2024-07-20 12:07:04,0,2024-07-20 12:07:04,,,
2021-07-19,焦炭,结算价,2668.50,0.02%,1458,2021-07-19 00:00:00,1,0,2024-07-20 12:07:04,0,2024-07-20 12:07:04,,,
2021-07-16,焦炭,收盘价,2693.00,2.24%,1459,2021-07-16 00:00:00,1,0,2024-07-20 12:07:04,0,2024-07-20 12:07:04,,,
2021-07-16,焦炭,结算价,2668.00,2.18%,1460,2021-07-16 00:00:00,1,0,2024-07-20 12:07:04,0,2024-07-20 12:07:04,,,
2021-07-15,焦炭,收盘价,2634.00,1.74%,1461,2021-07-15 00:00:00,1,0,2024-07-20 12:07:04,0,2024-07-20 12:07:04,,,
2021-07-15,焦炭,结算价,2611.00,1.81%,1462,2021-07-15 00:00:00,1,0,2024-07-20 12:07:04,0,2024-07-20 12:07:04,,,
2021-07-14,焦炭,收盘价,2589.00,1.25%,1463,2021-07-14 00:00:00,1,0,2024-07-20 12:07:04,0,2024-07-20 12:07:04,,,
2021-07-14,焦炭,结算价,2564.50,1.73%,1464,2021-07-14 00:00:00,1,0,2024-07-20 12:07:04,0,2024-07-20 12:07:04,,,
2021-07-13,焦炭,收盘价,2557.00,1.71%,1465,2021-07-13 00:00:00,1,0,2024-07-20 12:07:04,0,2024-07-20 12:07:04,,,
2021-07-13,焦炭,结算价,2521.00,0.94%,1466,2021-07-13 00:00:00,1,0,2024-07-20 12:07:04,0,2024-07-20 12:07:04,,,
2021-07-12,焦炭,收盘价,2514.00,0.78%,1467,2021-07-12 00:00:00,1,0,2024-07-20 12:07:04,0,2024-07-20 12:07:04,,,
2021-07-12,焦炭,结算价,2497.50,0.32%,1468,2021-07-12 00:00:00,1,0,2024-07-20 12:07:04,0,2024-07-20 12:07:04,,,
2021-07-09,焦炭,收盘价,2494.50,0.93%,1469,2021-07-09 00:00:00,1,0,2024-07-20 12:07:04,0,2024-07-20 12:07:04,,,
2021-07-09,焦炭,结算价,2489.50,-1.83%,1470,2021-07-09 00:00:00,1,0,2024-07-20 12:07:04,0,2024-07-20 12:07:04,,,
2021-07-08,焦炭,收盘价,2471.50,-5.63%,1471,2021-07-08 00:00:00,1,0,2024-07-20 12:07:06,0,2024-07-20 12:07:06,,,
2021-07-08,焦炭,结算价,2536.00,-2.87%,1472,2021-07-08 00:00:00,1,0,2024-07-20 12:07:06,0,2024-07-20 12:07:06,,,
2021-07-07,焦炭,收盘价,2619.00,-0.85%,1473,2021-07-07 00:00:00,1,0,2024-07-20 12:07:06,0,2024-07-20 12:07:06,,,
2021-07-07,焦炭,结算价,2611.00,-2.72%,1474,2021-07-07 00:00:00,1,0,2024-07-20 12:07:06,0,2024-07-20 12:07:06,,,
2021-07-06,焦炭,收盘价,2641.50,-1.49%,1475,2021-07-06 00:00:00,1,0,2024-07-20 12:07:06,0,2024-07-20 12:07:06,,,
2021-07-06,焦炭,结算价,2684.00,1.55%,1476,2021-07-06 00:00:00,1,0,2024-07-20 12:07:06,0,2024-07-20 12:07:06,,,
2021-07-05,焦炭,收盘价,2681.50,1.53%,1477,2021-07-05 00:00:00,1,0,2024-07-20 12:07:06,0,2024-07-20 12:07:06,,,
2021-07-05,焦炭,结算价,2643.00,1.97%,1478,2021-07-05 00:00:00,1,0,2024-07-20 12:07:06,0,2024-07-20 12:07:06,,,
2021-07-02,焦炭,收盘价,2641.00,2.64%,1479,2021-07-02 00:00:00,1,0,2024-07-20 12:07:06,0,2024-07-20 12:07:06,,,
2021-07-02,焦炭,结算价,2592.00,-1.22%,1480,2021-07-02 00:00:00,1,0,2024-07-20 12:07:06,0,2024-07-20 12:07:06,,,
2021-07-01,焦炭,收盘价,2573.00,-2.3%,1481,2021-07-01 00:00:00,1,0,2024-07-20 12:07:06,0,2024-07-20 12:07:06,,,
2021-07-01,焦炭,结算价,2624.00,-0.29%,1482,2021-07-01 00:00:00,1,0,2024-07-20 12:07:06,0,2024-07-20 12:07:06,,,
2021-06-30,焦炭,收盘价,2633.50,0.06%,1483,2021-06-30 00:00:00,1,0,2024-07-20 12:07:06,0,2024-07-20 12:07:06,,,
2021-06-30,焦炭,结算价,2631.50,-1.55%,1484,2021-06-30 00:00:00,1,0,2024-07-20 12:07:06,0,2024-07-20 12:07:06,,,
2021-06-29,焦炭,收盘价,2632.00,-3.%,1485,2021-06-29 00:00:00,1,0,2024-07-20 12:07:06,0,2024-07-20 12:07:06,,,
2021-06-29,焦炭,结算价,2673.00,-2.85%,1486,2021-06-29 00:00:00,1,0,2024-07-20 12:07:06,0,2024-07-20 12:07:06,,,
2021-06-28,焦炭,收盘价,2713.50,-4.01%,1487,2021-06-28 00:00:00,1,0,2024-07-20 12:07:06,0,2024-07-20 12:07:06,,,
2021-06-28,焦炭,结算价,2751.50,-2.69%,1488,2021-06-28 00:00:00,1,0,2024-07-20 12:07:06,0,2024-07-20 12:07:06,,,
2021-06-25,焦炭,收盘价,2827.00,1.33%,1489,2021-06-25 00:00:00,1,0,2024-07-20 12:07:06,0,2024-07-20 12:07:06,,,
2021-06-25,焦炭,结算价,2827.50,1.14%,1490,2021-06-25 00:00:00,1,0,2024-07-20 12:07:06,0,2024-07-20 12:07:06,,,
2021-06-24,焦炭,收盘价,2790.00,4.05%,1491,2021-06-24 00:00:00,1,0,2024-07-20 12:07:06,0,2024-07-20 12:07:06,,,
2021-06-24,焦炭,结算价,2795.50,6.05%,1492,2021-06-24 00:00:00,1,0,2024-07-20 12:07:06,0,2024-07-20 12:07:06,,,
2021-06-23,焦炭,收盘价,2784.00,3.82%,1493,2021-06-23 00:00:00,1,0,2024-07-20 12:07:06,0,2024-07-20 12:07:06,,,
2021-06-23,焦炭,结算价,2731.00,3.6%,1494,2021-06-23 00:00:00,1,0,2024-07-20 12:07:06,0,2024-07-20 12:07:06,,,
2021-06-22,焦炭,收盘价,2681.50,2.5%,1495,2021-06-22 00:00:00,1,0,2024-07-20 12:07:06,0,2024-07-20 12:07:06,,,
2021-06-22,焦炭,结算价,2636.00,-1.27%,1496,2021-06-22 00:00:00,1,0,2024-07-20 12:07:06,0,2024-07-20 12:07:06,,,
2021-06-21,焦炭,收盘价,2616.00,-2.88%,1497,2021-06-21 00:00:00,1,0,2024-07-20 12:07:06,0,2024-07-20 12:07:06,,,
2021-06-21,焦炭,结算价,2670.00,-3.45%,1498,2021-06-21 00:00:00,1,0,2024-07-20 12:07:06,0,2024-07-20 12:07:06,,,
2021-06-18,焦炭,收盘价,2693.50,-2.18%,1499,2021-06-18 00:00:00,1,0,2024-07-20 12:07:06,0,2024-07-20 12:07:06,,,
2021-06-18,焦炭,结算价,2765.50,1.79%,1500,2021-06-18 00:00:00,1,0,2024-07-20 12:07:06,0,2024-07-20 12:07:06,,,
2021-06-17,焦炭,收盘价,2753.50,2.42%,1501,2021-06-17 00:00:00,1,0,2024-07-20 12:07:10,0,2024-07-20 12:07:10,,,
2021-06-17,焦炭,结算价,2717.00,0.28%,1502,2021-06-17 00:00:00,1,0,2024-07-20 12:07:10,0,2024-07-20 12:07:10,,,
2021-06-16,焦炭,收盘价,2688.50,-1.32%,1503,2021-06-16 00:00:00,1,0,2024-07-20 12:07:10,0,2024-07-20 12:07:10,,,
2021-06-16,焦炭,结算价,2709.50,1.54%,1504,2021-06-16 00:00:00,1,0,2024-07-20 12:07:10,0,2024-07-20 12:07:10,,,
2021-06-15,焦炭,收盘价,2724.50,0.11%,1505,2021-06-15 00:00:00,1,0,2024-07-20 12:07:10,0,2024-07-20 12:07:10,,,
2021-06-15,焦炭,结算价,2668.50,0.15%,1506,2021-06-15 00:00:00,1,0,2024-07-20 12:07:10,0,2024-07-20 12:07:10,,,
2021-06-11,焦炭,收盘价,2721.50,5.57%,1507,2021-06-11 00:00:00,1,0,2024-07-20 12:07:10,0,2024-07-20 12:07:10,,,
2021-06-11,焦炭,结算价,2664.50,1.93%,1508,2021-06-11 00:00:00,1,0,2024-07-20 12:07:10,0,2024-07-20 12:07:10,,,
2021-06-10,焦炭,收盘价,2578.00,-1.75%,1509,2021-06-10 00:00:00,1,0,2024-07-20 12:07:10,0,2024-07-20 12:07:10,,,
2021-06-10,焦炭,结算价,2614.00,0.73%,1510,2021-06-10 00:00:00,1,0,2024-07-20 12:07:10,0,2024-07-20 12:07:10,,,
2021-06-09,焦炭,收盘价,2624.00,2.68%,1511,2021-06-09 00:00:00,1,0,2024-07-20 12:07:10,0,2024-07-20 12:07:10,,,
2021-06-09,焦炭,结算价,2595.00,3.08%,1512,2021-06-09 00:00:00,1,0,2024-07-20 12:07:10,0,2024-07-20 12:07:10,,,
2021-06-08,焦炭,收盘价,2555.50,2.24%,1513,2021-06-08 00:00:00,1,0,2024-07-20 12:07:10,0,2024-07-20 12:07:10,,,
2021-06-08,焦炭,结算价,2517.50,-1.%,1514,2021-06-08 00:00:00,1,0,2024-07-20 12:07:10,0,2024-07-20 12:07:10,,,
2021-06-07,焦炭,收盘价,2499.50,-1.44%,1515,2021-06-07 00:00:00,1,0,2024-07-20 12:07:10,0,2024-07-20 12:07:10,,,
2021-06-07,焦炭,结算价,2543.00,-1.95%,1516,2021-06-07 00:00:00,1,0,2024-07-20 12:07:10,0,2024-07-20 12:07:10,,,
2021-06-04,焦炭,收盘价,2536.00,-5.88%,1517,2021-06-04 00:00:00,1,0,2024-07-20 12:07:10,0,2024-07-20 12:07:10,,,
2021-06-04,焦炭,结算价,2593.50,-2.52%,1518,2021-06-04 00:00:00,1,0,2024-07-20 12:07:10,0,2024-07-20 12:07:10,,,
2021-06-03,焦炭,收盘价,2694.50,4.44%,1519,2021-06-03 00:00:00,1,0,2024-07-20 12:07:10,0,2024-07-20 12:07:10,,,
2021-06-03,焦炭,结算价,2660.50,3.18%,1520,2021-06-03 00:00:00,1,0,2024-07-20 12:07:10,0,2024-07-20 12:07:10,,,
2021-06-02,焦炭,收盘价,2580.00,-0.21%,1521,2021-06-02 00:00:00,1,0,2024-07-20 12:07:10,0,2024-07-20 12:07:10,,,
2021-06-02,焦炭,结算价,2578.50,2.24%,1522,2021-06-02 00:00:00,1,0,2024-07-20 12:07:10,0,2024-07-20 12:07:10,,,
2021-06-01,焦炭,收盘价,2585.50,4.3%,1523,2021-06-01 00:00:00,1,0,2024-07-20 12:07:10,0,2024-07-20 12:07:10,,,
2021-06-01,焦炭,结算价,2522.00,2.11%,1524,2021-06-01 00:00:00,1,0,2024-07-20 12:07:10,0,2024-07-20 12:07:10,,,
2021-05-31,焦炭,收盘价,2479.00,2.%,1525,2021-05-31 00:00:00,1,0,2024-07-20 12:07:10,0,2024-07-20 12:07:10,,,
2021-05-31,焦炭,结算价,2470.00,2.13%,1526,2021-05-31 00:00:00,1,0,2024-07-20 12:07:10,0,2024-07-20 12:07:10,,,
2021-05-28,焦炭,收盘价,2430.50,0.5%,1527,2021-05-28 00:00:00,1,0,2024-07-20 12:07:10,0,2024-07-20 12:07:10,,,
2021-05-28,焦炭,结算价,2418.50,1.96%,1528,2021-05-28 00:00:00,1,0,2024-07-20 12:07:10,0,2024-07-20 12:07:10,,,
2021-05-27,焦炭,收盘价,2418.50,2.81%,1529,2021-05-27 00:00:00,1,0,2024-07-20 12:07:10,0,2024-07-20 12:07:10,,,
2021-05-27,焦炭,结算价,2372.00,-0.59%,1530,2021-05-27 00:00:00,1,0,2024-07-20 12:07:10,0,2024-07-20 12:07:10,,,
2021-05-26,焦炭,收盘价,2352.50,-0.8%,1531,2021-05-26 00:00:00,1,0,2024-07-20 12:07:13,0,2024-07-20 12:07:13,,,
2021-05-26,焦炭,结算价,2386.00,-0.29%,1532,2021-05-26 00:00:00,1,0,2024-07-20 12:07:13,0,2024-07-20 12:07:13,,,
2021-05-25,焦炭,收盘价,2371.50,-0.42%,1533,2021-05-25 00:00:00,1,0,2024-07-20 12:07:13,0,2024-07-20 12:07:13,,,
2021-05-25,焦炭,结算价,2393.00,1.87%,1534,2021-05-25 00:00:00,1,0,2024-07-20 12:07:13,0,2024-07-20 12:07:13,,,
2021-05-24,焦炭,收盘价,2381.50,0.44%,1535,2021-05-24 00:00:00,1,0,2024-07-20 12:07:13,0,2024-07-20 12:07:13,,,
2021-05-24,焦炭,结算价,2349.00,-3.01%,1536,2021-05-24 00:00:00,1,0,2024-07-20 12:07:13,0,2024-07-20 12:07:13,,,
2021-05-21,焦炭,收盘价,2371.00,-4.87%,1537,2021-05-21 00:00:00,1,0,2024-07-20 12:07:13,0,2024-07-20 12:07:13,,,
2021-05-21,焦炭,结算价,2422.00,-2.24%,1538,2021-05-21 00:00:00,1,0,2024-07-20 12:07:13,0,2024-07-20 12:07:13,,,
2021-05-20,焦炭,收盘价,2492.50,-3.07%,1539,2021-05-20 00:00:00,1,0,2024-07-20 12:07:13,0,2024-07-20 12:07:13,,,
2021-05-20,焦炭,结算价,2477.50,-5.38%,1540,2021-05-20 00:00:00,1,0,2024-07-20 12:07:13,0,2024-07-20 12:07:13,,,
2021-05-19,焦炭,收盘价,2571.50,-3.29%,1541,2021-05-19 00:00:00,1,0,2024-07-20 12:07:13,0,2024-07-20 12:07:13,,,
2021-05-19,焦炭,结算价,2618.50,-1.02%,1542,2021-05-19 00:00:00,1,0,2024-07-20 12:07:13,0,2024-07-20 12:07:13,,,
2021-05-18,焦炭,收盘价,2659.00,0.95%,1543,2021-05-18 00:00:00,1,0,2024-07-20 12:07:13,0,2024-07-20 12:07:13,,,
2021-05-18,焦炭,结算价,2645.50,0.7%,1544,2021-05-18 00:00:00,1,0,2024-07-20 12:07:13,0,2024-07-20 12:07:13,,,
2021-05-17,焦炭,收盘价,2634.00,0.75%,1545,2021-05-17 00:00:00,1,0,2024-07-20 12:07:13,0,2024-07-20 12:07:13,,,
2021-05-17,焦炭,结算价,2627.00,-1.3%,1546,2021-05-17 00:00:00,1,0,2024-07-20 12:07:13,0,2024-07-20 12:07:13,,,
2021-05-14,焦炭,收盘价,2614.50,-4.2%,1547,2021-05-14 00:00:00,1,0,2024-07-20 12:07:13,0,2024-07-20 12:07:13,,,
2021-05-14,焦炭,结算价,2661.50,-4.76%,1548,2021-05-14 00:00:00,1,0,2024-07-20 12:07:13,0,2024-07-20 12:07:13,,,
2021-05-13,焦炭,收盘价,2729.00,-4.75%,1549,2021-05-13 00:00:00,1,0,2024-07-20 12:07:13,0,2024-07-20 12:07:13,,,
2021-05-13,焦炭,结算价,2794.50,-1.57%,1550,2021-05-13 00:00:00,1,0,2024-07-20 12:07:13,0,2024-07-20 12:07:13,,,
2021-05-12,焦炭,收盘价,2865.00,1.31%,1551,2021-05-12 00:00:00,1,0,2024-07-20 12:07:13,0,2024-07-20 12:07:13,,,
2021-05-12,焦炭,结算价,2839.00,-0.37%,1552,2021-05-12 00:00:00,1,0,2024-07-20 12:07:13,0,2024-07-20 12:07:13,,,
2021-05-11,焦炭,收盘价,2828.00,-4.25%,1553,2021-05-11 00:00:00,1,0,2024-07-20 12:07:13,0,2024-07-20 12:07:13,,,
2021-05-11,焦炭,结算价,2849.50,-2.11%,1554,2021-05-11 00:00:00,1,0,2024-07-20 12:07:13,0,2024-07-20 12:07:13,,,
2021-05-10,焦炭,收盘价,2953.50,4.05%,1555,2021-05-10 00:00:00,1,0,2024-07-20 12:07:13,0,2024-07-20 12:07:13,,,
2021-05-10,焦炭,结算价,2911.00,2.84%,1556,2021-05-10 00:00:00,1,0,2024-07-20 12:07:13,0,2024-07-20 12:07:13,,,
2021-05-07,焦炭,收盘价,2838.50,1.41%,1557,2021-05-07 00:00:00,1,0,2024-07-20 12:07:13,0,2024-07-20 12:07:13,,,
2021-05-07,焦炭,结算价,2830.50,2.39%,1558,2021-05-07 00:00:00,1,0,2024-07-20 12:07:13,0,2024-07-20 12:07:13,,,
2021-05-06,焦炭,收盘价,2799.00,7.39%,1559,2021-05-06 00:00:00,1,0,2024-07-20 12:07:13,0,2024-07-20 12:07:13,,,
2021-05-06,焦炭,结算价,2764.50,4.32%,1560,2021-05-06 00:00:00,1,0,2024-07-20 12:07:13,0,2024-07-20 12:07:13,,,
2021-04-30,焦炭,收盘价,2606.50,-3.64%,1561,2021-04-30 00:00:00,1,0,2024-07-20 12:07:16,0,2024-07-20 12:07:16,,,
2021-04-30,焦炭,结算价,2650.00,-1.56%,1562,2021-04-30 00:00:00,1,0,2024-07-20 12:07:16,0,2024-07-20 12:07:16,,,
2021-04-29,焦炭,收盘价,2705.00,0.82%,1563,2021-04-29 00:00:00,1,0,2024-07-20 12:07:16,0,2024-07-20 12:07:16,,,
2021-04-29,焦炭,结算价,2692.00,0.62%,1564,2021-04-29 00:00:00,1,0,2024-07-20 12:07:16,0,2024-07-20 12:07:16,,,
2021-04-28,焦炭,收盘价,2683.00,0.02%,1565,2021-04-28 00:00:00,1,0,2024-07-20 12:07:16,0,2024-07-20 12:07:16,,,
2021-04-28,焦炭,结算价,2675.50,-0.35%,1566,2021-04-28 00:00:00,1,0,2024-07-20 12:07:16,0,2024-07-20 12:07:16,,,
2021-04-27,焦炭,收盘价,2682.50,0.13%,1567,2021-04-27 00:00:00,1,0,2024-07-20 12:07:16,0,2024-07-20 12:07:16,,,
2021-04-27,焦炭,结算价,2685.00,1.15%,1568,2021-04-27 00:00:00,1,0,2024-07-20 12:07:16,0,2024-07-20 12:07:16,,,
2021-04-26,焦炭,收盘价,2679.00,3.38%,1569,2021-04-26 00:00:00,1,0,2024-07-20 12:07:16,0,2024-07-20 12:07:16,,,
2021-04-26,焦炭,结算价,2654.50,2.%,1570,2021-04-26 00:00:00,1,0,2024-07-20 12:07:16,0,2024-07-20 12:07:16,,,
2021-04-23,焦炭,收盘价,2591.50,-0.5%,1571,2021-04-23 00:00:00,1,0,2024-07-20 12:07:16,0,2024-07-20 12:07:16,,,
2021-04-23,焦炭,结算价,2602.50,0.54%,1572,2021-04-23 00:00:00,1,0,2024-07-20 12:07:16,0,2024-07-20 12:07:16,,,
2021-04-22,焦炭,收盘价,2604.50,1.01%,1573,2021-04-22 00:00:00,1,0,2024-07-20 12:07:16,0,2024-07-20 12:07:16,,,
2021-04-22,焦炭,结算价,2588.50,0.96%,1574,2021-04-22 00:00:00,1,0,2024-07-20 12:07:16,0,2024-07-20 12:07:16,,,
2021-04-21,焦炭,收盘价,2578.50,-0.27%,1575,2021-04-21 00:00:00,1,0,2024-07-20 12:07:16,0,2024-07-20 12:07:16,,,
2021-04-21,焦炭,结算价,2564.00,0.47%,1576,2021-04-21 00:00:00,1,0,2024-07-20 12:07:16,0,2024-07-20 12:07:16,,,
2021-04-20,焦炭,收盘价,2585.50,2.52%,1577,2021-04-20 00:00:00,1,0,2024-07-20 12:07:16,0,2024-07-20 12:07:16,,,
2021-04-20,焦炭,结算价,2552.00,0.37%,1578,2021-04-20 00:00:00,1,0,2024-07-20 12:07:16,0,2024-07-20 12:07:16,,,
2021-04-19,焦炭,收盘价,2522.00,-0.71%,1579,2021-04-19 00:00:00,1,0,2024-07-20 12:07:16,0,2024-07-20 12:07:16,,,
2021-04-19,焦炭,结算价,2542.50,0.69%,1580,2021-04-19 00:00:00,1,0,2024-07-20 12:07:16,0,2024-07-20 12:07:16,,,
2021-04-16,焦炭,收盘价,2540.00,4.87%,1581,2021-04-16 00:00:00,1,0,2024-07-20 12:07:16,0,2024-07-20 12:07:16,,,
2021-04-16,焦炭,结算价,2525.00,3.59%,1582,2021-04-16 00:00:00,1,0,2024-07-20 12:07:16,0,2024-07-20 12:07:16,,,
2021-04-15,焦炭,收盘价,2422.00,-2.54%,1583,2021-04-15 00:00:00,1,0,2024-07-20 12:07:16,0,2024-07-20 12:07:16,,,
2021-04-15,焦炭,结算价,2437.50,-0.93%,1584,2021-04-15 00:00:00,1,0,2024-07-20 12:07:16,0,2024-07-20 12:07:16,,,
2021-04-14,焦炭,收盘价,2485.00,2.01%,1585,2021-04-14 00:00:00,1,0,2024-07-20 12:07:16,0,2024-07-20 12:07:16,,,
2021-04-14,焦炭,结算价,2460.50,1.86%,1586,2021-04-14 00:00:00,1,0,2024-07-20 12:07:16,0,2024-07-20 12:07:16,,,
2021-04-13,焦炭,收盘价,2436.00,2.07%,1587,2021-04-13 00:00:00,1,0,2024-07-20 12:07:16,0,2024-07-20 12:07:16,,,
2021-04-13,焦炭,结算价,2415.50,2.31%,1588,2021-04-13 00:00:00,1,0,2024-07-20 12:07:16,0,2024-07-20 12:07:16,,,
2021-04-12,焦炭,收盘价,2386.50,0.85%,1589,2021-04-12 00:00:00,1,0,2024-07-20 12:07:16,0,2024-07-20 12:07:16,,,
2021-04-12,焦炭,结算价,2361.00,-2.13%,1590,2021-04-12 00:00:00,1,0,2024-07-20 12:07:16,0,2024-07-20 12:07:16,,,
2021-04-09,焦炭,收盘价,2366.50,-1.02%,1591,2021-04-09 00:00:00,1,0,2024-07-20 12:07:19,0,2024-07-20 12:07:19,,,
2021-04-09,焦炭,结算价,2412.50,1.34%,1592,2021-04-09 00:00:00,1,0,2024-07-20 12:07:19,0,2024-07-20 12:07:19,,,
2021-04-08,焦炭,收盘价,2391.00,-0.04%,1593,2021-04-08 00:00:00,1,0,2024-07-20 12:07:19,0,2024-07-20 12:07:19,,,
2021-04-08,焦炭,结算价,2380.50,0.17%,1594,2021-04-08 00:00:00,1,0,2024-07-20 12:07:19,0,2024-07-20 12:07:19,,,
2021-04-07,焦炭,收盘价,2392.00,0.86%,1595,2021-04-07 00:00:00,1,0,2024-07-20 12:07:19,0,2024-07-20 12:07:19,,,
2021-04-07,焦炭,结算价,2376.50,-0.86%,1596,2021-04-07 00:00:00,1,0,2024-07-20 12:07:19,0,2024-07-20 12:07:19,,,
2021-04-06,焦炭,收盘价,2371.50,-0.59%,1597,2021-04-06 00:00:00,1,0,2024-07-20 12:07:19,0,2024-07-20 12:07:19,,,
2021-04-06,焦炭,结算价,2397.00,0.91%,1598,2021-04-06 00:00:00,1,0,2024-07-20 12:07:19,0,2024-07-20 12:07:19,,,
2021-04-02,焦炭,收盘价,2385.50,1.9%,1599,2021-04-02 00:00:00,1,0,2024-07-20 12:07:19,0,2024-07-20 12:07:19,,,
2021-04-02,焦炭,结算价,2375.50,2.15%,1600,2021-04-02 00:00:00,1,0,2024-07-20 12:07:19,0,2024-07-20 12:07:19,,,
2021-04-01,焦炭,收盘价,2341.00,0.3%,1601,2021-04-01 00:00:00,1,0,2024-07-20 12:07:19,0,2024-07-20 12:07:19,,,
2021-04-01,焦炭,结算价,2325.50,1.77%,1602,2021-04-01 00:00:00,1,0,2024-07-20 12:07:19,0,2024-07-20 12:07:19,,,
2021-03-31,焦炭,收盘价,2334.00,2.62%,1603,2021-03-31 00:00:00,1,0,2024-07-20 12:07:19,0,2024-07-20 12:07:19,,,
2021-03-31,焦炭,结算价,2285.00,0.31%,1604,2021-03-31 00:00:00,1,0,2024-07-20 12:07:19,0,2024-07-20 12:07:19,,,
2021-03-30,焦炭,收盘价,2274.50,-1.02%,1605,2021-03-30 00:00:00,1,0,2024-07-20 12:07:19,0,2024-07-20 12:07:19,,,
2021-03-30,焦炭,结算价,2278.00,0.09%,1606,2021-03-30 00:00:00,1,0,2024-07-20 12:07:19,0,2024-07-20 12:07:19,,,
2021-03-29,焦炭,收盘价,2298.00,3.91%,1607,2021-03-29 00:00:00,1,0,2024-07-20 12:07:19,0,2024-07-20 12:07:19,,,
2021-03-29,焦炭,结算价,2276.00,4.52%,1608,2021-03-29 00:00:00,1,0,2024-07-20 12:07:19,0,2024-07-20 12:07:19,,,
2021-03-26,焦炭,收盘价,2211.50,1.65%,1609,2021-03-26 00:00:00,1,0,2024-07-20 12:07:19,0,2024-07-20 12:07:19,,,
2021-03-26,焦炭,结算价,2177.50,0.88%,1610,2021-03-26 00:00:00,1,0,2024-07-20 12:07:19,0,2024-07-20 12:07:19,,,
2021-03-25,焦炭,收盘价,2175.50,1.56%,1611,2021-03-25 00:00:00,1,0,2024-07-20 12:07:19,0,2024-07-20 12:07:19,,,
2021-03-25,焦炭,结算价,2158.50,1.12%,1612,2021-03-25 00:00:00,1,0,2024-07-20 12:07:19,0,2024-07-20 12:07:19,,,
2021-03-24,焦炭,收盘价,2142.00,-0.44%,1613,2021-03-24 00:00:00,1,0,2024-07-20 12:07:19,0,2024-07-20 12:07:19,,,
2021-03-24,焦炭,结算价,2134.50,-0.16%,1614,2021-03-24 00:00:00,1,0,2024-07-20 12:07:19,0,2024-07-20 12:07:19,,,
2021-03-23,焦炭,收盘价,2151.50,0.96%,1615,2021-03-23 00:00:00,1,0,2024-07-20 12:07:19,0,2024-07-20 12:07:19,,,
2021-03-23,焦炭,结算价,2138.00,-1.84%,1616,2021-03-23 00:00:00,1,0,2024-07-20 12:07:19,0,2024-07-20 12:07:19,,,
2021-03-22,焦炭,收盘价,2131.00,-5.42%,1617,2021-03-22 00:00:00,1,0,2024-07-20 12:07:19,0,2024-07-20 12:07:19,,,
2021-03-22,焦炭,结算价,2178.00,-5.26%,1618,2021-03-22 00:00:00,1,0,2024-07-20 12:07:19,0,2024-07-20 12:07:19,,,
2021-03-19,焦炭,收盘价,2253.00,-3.51%,1619,2021-03-19 00:00:00,1,0,2024-07-20 12:07:19,0,2024-07-20 12:07:19,,,
2021-03-19,焦炭,结算价,2299.00,-1.48%,1620,2021-03-19 00:00:00,1,0,2024-07-20 12:07:19,0,2024-07-20 12:07:19,,,
2021-03-18,焦炭,收盘价,2335.00,0.62%,1621,2021-03-18 00:00:00,1,0,2024-07-20 12:07:22,0,2024-07-20 12:07:22,,,
2021-03-18,焦炭,结算价,2333.50,2.39%,1622,2021-03-18 00:00:00,1,0,2024-07-20 12:07:22,0,2024-07-20 12:07:22,,,
2021-03-17,焦炭,收盘价,2320.50,2.5%,1623,2021-03-17 00:00:00,1,0,2024-07-20 12:07:22,0,2024-07-20 12:07:22,,,
2021-03-17,焦炭,结算价,2279.00,1.27%,1624,2021-03-17 00:00:00,1,0,2024-07-20 12:07:22,0,2024-07-20 12:07:22,,,
2021-03-16,焦炭,收盘价,2264.00,1.73%,1625,2021-03-16 00:00:00,1,0,2024-07-20 12:07:22,0,2024-07-20 12:07:22,,,
2021-03-16,焦炭,结算价,2250.50,0.54%,1626,2021-03-16 00:00:00,1,0,2024-07-20 12:07:22,0,2024-07-20 12:07:22,,,
2021-03-15,焦炭,收盘价,2225.50,-0.82%,1627,2021-03-15 00:00:00,1,0,2024-07-20 12:07:22,0,2024-07-20 12:07:22,,,
2021-03-15,焦炭,结算价,2238.50,-2.59%,1628,2021-03-15 00:00:00,1,0,2024-07-20 12:07:22,0,2024-07-20 12:07:22,,,
2021-03-12,焦炭,收盘价,2244.00,-4.65%,1629,2021-03-12 00:00:00,1,0,2024-07-20 12:07:22,0,2024-07-20 12:07:22,,,
2021-03-12,焦炭,结算价,2298.00,-1.31%,1630,2021-03-12 00:00:00,1,0,2024-07-20 12:07:22,0,2024-07-20 12:07:22,,,
2021-03-11,焦炭,收盘价,2353.50,1.77%,1631,2021-03-11 00:00:00,1,0,2024-07-20 12:07:22,0,2024-07-20 12:07:22,,,
2021-03-11,焦炭,结算价,2328.50,1.24%,1632,2021-03-11 00:00:00,1,0,2024-07-20 12:07:22,0,2024-07-20 12:07:22,,,
2021-03-10,焦炭,收盘价,2312.50,1.83%,1633,2021-03-10 00:00:00,1,0,2024-07-20 12:07:22,0,2024-07-20 12:07:22,,,
2021-03-10,焦炭,结算价,2300.00,-0.76%,1634,2021-03-10 00:00:00,1,0,2024-07-20 12:07:22,0,2024-07-20 12:07:22,,,
2021-03-09,焦炭,收盘价,2271.00,-2.87%,1635,2021-03-09 00:00:00,1,0,2024-07-20 12:07:22,0,2024-07-20 12:07:22,,,
2021-03-09,焦炭,结算价,2317.50,-1.05%,1636,2021-03-09 00:00:00,1,0,2024-07-20 12:07:22,0,2024-07-20 12:07:22,,,
2021-03-08,焦炭,收盘价,2338.00,-0.19%,1637,2021-03-08 00:00:00,1,0,2024-07-20 12:07:22,0,2024-07-20 12:07:22,,,
2021-03-08,焦炭,结算价,2342.00,-1.18%,1638,2021-03-08 00:00:00,1,0,2024-07-20 12:07:22,0,2024-07-20 12:07:22,,,
2021-03-05,焦炭,收盘价,2342.50,-5.79%,1639,2021-03-05 00:00:00,1,0,2024-07-20 12:07:22,0,2024-07-20 12:07:22,,,
2021-03-05,焦炭,结算价,2370.00,-4.34%,1640,2021-03-05 00:00:00,1,0,2024-07-20 12:07:22,0,2024-07-20 12:07:22,,,
2021-03-04,焦炭,收盘价,2486.50,-1.31%,1641,2021-03-04 00:00:00,1,0,2024-07-20 12:07:22,0,2024-07-20 12:07:22,,,
2021-03-04,焦炭,结算价,2477.50,-2.15%,1642,2021-03-04 00:00:00,1,0,2024-07-20 12:07:22,0,2024-07-20 12:07:22,,,
2021-03-03,焦炭,收盘价,2519.50,-1.22%,1643,2021-03-03 00:00:00,1,0,2024-07-20 12:07:22,0,2024-07-20 12:07:22,,,
2021-03-03,焦炭,结算价,2532.00,1.28%,1644,2021-03-03 00:00:00,1,0,2024-07-20 12:07:22,0,2024-07-20 12:07:22,,,
2021-03-02,焦炭,收盘价,2550.50,2.95%,1645,2021-03-02 00:00:00,1,0,2024-07-20 12:07:22,0,2024-07-20 12:07:22,,,
2021-03-02,焦炭,结算价,2500.00,-0.6%,1646,2021-03-02 00:00:00,1,0,2024-07-20 12:07:22,0,2024-07-20 12:07:22,,,
2021-03-01,焦炭,收盘价,2477.50,-2.13%,1647,2021-03-01 00:00:00,1,0,2024-07-20 12:07:22,0,2024-07-20 12:07:22,,,
2021-03-01,焦炭,结算价,2515.00,-1.72%,1648,2021-03-01 00:00:00,1,0,2024-07-20 12:07:22,0,2024-07-20 12:07:22,,,
2021-02-26,焦炭,收盘价,2531.50,-3.56%,1649,2021-02-26 00:00:00,1,0,2024-07-20 12:07:22,0,2024-07-20 12:07:22,,,
2021-02-26,焦炭,结算价,2559.00,-1.9%,1650,2021-02-26 00:00:00,1,0,2024-07-20 12:07:22,0,2024-07-20 12:07:22,,,
2021-02-25,焦炭,收盘价,2625.00,1.8%,1651,2021-02-25 00:00:00,1,0,2024-07-20 12:07:26,0,2024-07-20 12:07:26,,,
2021-02-25,焦炭,结算价,2608.50,1.95%,1652,2021-02-25 00:00:00,1,0,2024-07-20 12:07:26,0,2024-07-20 12:07:26,,,
2021-02-24,焦炭,收盘价,2578.50,0.17%,1653,2021-02-24 00:00:00,1,0,2024-07-20 12:07:26,0,2024-07-20 12:07:26,,,
2021-02-24,焦炭,结算价,2558.50,-1.62%,1654,2021-02-24 00:00:00,1,0,2024-07-20 12:07:26,0,2024-07-20 12:07:26,,,
2021-02-23,焦炭,收盘价,2574.00,-1.64%,1655,2021-02-23 00:00:00,1,0,2024-07-20 12:07:26,0,2024-07-20 12:07:26,,,
2021-02-23,焦炭,结算价,2600.50,-2.37%,1656,2021-02-23 00:00:00,1,0,2024-07-20 12:07:26,0,2024-07-20 12:07:26,,,
2021-02-22,焦炭,收盘价,2617.00,-3.49%,1657,2021-02-22 00:00:00,1,0,2024-07-20 12:07:26,0,2024-07-20 12:07:26,,,
2021-02-22,焦炭,结算价,2663.50,-2.26%,1658,2021-02-22 00:00:00,1,0,2024-07-20 12:07:26,0,2024-07-20 12:07:26,,,
2021-02-19,焦炭,收盘价,2711.50,-1.83%,1659,2021-02-19 00:00:00,1,0,2024-07-20 12:07:26,0,2024-07-20 12:07:26,,,
2021-02-19,焦炭,结算价,2725.00,0.31%,1660,2021-02-19 00:00:00,1,0,2024-07-20 12:07:26,0,2024-07-20 12:07:26,,,
2021-02-18,焦炭,收盘价,2762.00,6.44%,1661,2021-02-18 00:00:00,1,0,2024-07-20 12:07:26,0,2024-07-20 12:07:26,,,
2021-02-18,焦炭,结算价,2716.50,4.34%,1662,2021-02-18 00:00:00,1,0,2024-07-20 12:07:26,0,2024-07-20 12:07:26,,,
2021-02-10,焦炭,收盘价,2595.00,-1.12%,1663,2021-02-10 00:00:00,1,0,2024-07-20 12:07:26,0,2024-07-20 12:07:26,,,
2021-02-10,焦炭,结算价,2603.50,-0.82%,1664,2021-02-10 00:00:00,1,0,2024-07-20 12:07:26,0,2024-07-20 12:07:26,,,
2021-02-09,焦炭,收盘价,2624.50,0.98%,1665,2021-02-09 00:00:00,1,0,2024-07-20 12:07:26,0,2024-07-20 12:07:26,,,
2021-02-09,焦炭,结算价,2625.00,1.41%,1666,2021-02-09 00:00:00,1,0,2024-07-20 12:07:26,0,2024-07-20 12:07:26,,,
2021-02-08,焦炭,收盘价,2599.00,1.88%,1667,2021-02-08 00:00:00,1,0,2024-07-20 12:07:26,0,2024-07-20 12:07:26,,,
2021-02-08,焦炭,结算价,2588.50,1.21%,1668,2021-02-08 00:00:00,1,0,2024-07-20 12:07:26,0,2024-07-20 12:07:26,,,
2021-02-05,焦炭,收盘价,2551.00,-0.04%,1669,2021-02-05 00:00:00,1,0,2024-07-20 12:07:26,0,2024-07-20 12:07:26,,,
2021-02-05,焦炭,结算价,2557.50,1.91%,1670,2021-02-05 00:00:00,1,0,2024-07-20 12:07:26,0,2024-07-20 12:07:26,,,
2021-02-04,焦炭,收盘价,2552.00,2.41%,1671,2021-02-04 00:00:00,1,0,2024-07-20 12:07:26,0,2024-07-20 12:07:26,,,
2021-02-04,焦炭,结算价,2509.50,0.64%,1672,2021-02-04 00:00:00,1,0,2024-07-20 12:07:26,0,2024-07-20 12:07:26,,,
2021-02-03,焦炭,收盘价,2492.00,0.65%,1673,2021-02-03 00:00:00,1,0,2024-07-20 12:07:26,0,2024-07-20 12:07:26,,,
2021-02-03,焦炭,结算价,2493.50,-0.89%,1674,2021-02-03 00:00:00,1,0,2024-07-20 12:07:26,0,2024-07-20 12:07:26,,,
2021-02-02,焦炭,收盘价,2476.00,-2.9%,1675,2021-02-02 00:00:00,1,0,2024-07-20 12:07:26,0,2024-07-20 12:07:26,,,
2021-02-02,焦炭,结算价,2516.00,-2.39%,1676,2021-02-02 00:00:00,1,0,2024-07-20 12:07:26,0,2024-07-20 12:07:26,,,
2021-02-01,焦炭,收盘价,2550.00,-0.16%,1677,2021-02-01 00:00:00,1,0,2024-07-20 12:07:26,0,2024-07-20 12:07:26,,,
2021-02-01,焦炭,结算价,2577.50,0.25%,1678,2021-02-01 00:00:00,1,0,2024-07-20 12:07:26,0,2024-07-20 12:07:26,,,
2021-01-29,焦炭,收盘价,2554.00,-1.96%,1679,2021-01-29 00:00:00,1,0,2024-07-20 12:07:26,0,2024-07-20 12:07:26,,,
2021-01-29,焦炭,结算价,2571.00,-1.74%,1680,2021-01-29 00:00:00,1,0,2024-07-20 12:07:26,0,2024-07-20 12:07:26,,,
2021-01-28,焦炭,收盘价,2605.00,-2.07%,1681,2021-01-28 00:00:00,1,0,2024-07-20 12:07:28,0,2024-07-20 12:07:28,,,
2021-01-28,焦炭,结算价,2616.50,-1.02%,1682,2021-01-28 00:00:00,1,0,2024-07-20 12:07:28,0,2024-07-20 12:07:28,,,
2021-01-27,焦炭,收盘价,2660.00,1.57%,1683,2021-01-27 00:00:00,1,0,2024-07-20 12:07:28,0,2024-07-20 12:07:28,,,
2021-01-27,焦炭,结算价,2643.50,-1.58%,1684,2021-01-27 00:00:00,1,0,2024-07-20 12:07:28,0,2024-07-20 12:07:28,,,
2021-01-26,焦炭,收盘价,2619.00,-3.2%,1685,2021-01-26 00:00:00,1,0,2024-07-20 12:07:28,0,2024-07-20 12:07:28,,,
2021-01-26,焦炭,结算价,2686.00,-1.5%,1686,2021-01-26 00:00:00,1,0,2024-07-20 12:07:28,0,2024-07-20 12:07:28,,,
2021-01-25,焦炭,收盘价,2705.50,-2.36%,1687,2021-01-25 00:00:00,1,0,2024-07-20 12:07:28,0,2024-07-20 12:07:28,,,
2021-01-25,焦炭,结算价,2727.00,-2.14%,1688,2021-01-25 00:00:00,1,0,2024-07-20 12:07:28,0,2024-07-20 12:07:28,,,
2021-01-22,焦炭,收盘价,2771.00,-1.05%,1689,2021-01-22 00:00:00,1,0,2024-07-20 12:07:28,0,2024-07-20 12:07:28,,,
2021-01-22,焦炭,结算价,2786.50,1.33%,1690,2021-01-22 00:00:00,1,0,2024-07-20 12:07:28,0,2024-07-20 12:07:28,,,
2021-01-21,焦炭,收盘价,2800.50,3.21%,1691,2021-01-21 00:00:00,1,0,2024-07-20 12:07:28,0,2024-07-20 12:07:28,,,
2021-01-21,焦炭,结算价,2750.00,2.04%,1692,2021-01-21 00:00:00,1,0,2024-07-20 12:07:28,0,2024-07-20 12:07:28,,,
2021-01-20,焦炭,收盘价,2713.50,1.61%,1693,2021-01-20 00:00:00,1,0,2024-07-20 12:07:28,0,2024-07-20 12:07:28,,,
2021-01-20,焦炭,结算价,2695.00,-0.59%,1694,2021-01-20 00:00:00,1,0,2024-07-20 12:07:28,0,2024-07-20 12:07:28,,,
2021-01-19,焦炭,收盘价,2670.50,-3.85%,1695,2021-01-19 00:00:00,1,0,2024-07-20 12:07:28,0,2024-07-20 12:07:28,,,
2021-01-19,焦炭,结算价,2711.00,-2.59%,1696,2021-01-19 00:00:00,1,0,2024-07-20 12:07:28,0,2024-07-20 12:07:28,,,
2021-01-18,焦炭,收盘价,2777.50,0.09%,1697,2021-01-18 00:00:00,1,0,2024-07-20 12:07:28,0,2024-07-20 12:07:28,,,
2021-01-18,焦炭,结算价,2783.00,-1.26%,1698,2021-01-18 00:00:00,1,0,2024-07-20 12:07:28,0,2024-07-20 12:07:28,,,
2021-01-15,焦炭,收盘价,2775.00,1.13%,1699,2021-01-15 00:00:00,1,0,2024-07-20 12:07:28,0,2024-07-20 12:07:28,,,
2021-01-15,焦炭,结算价,2818.50,3.09%,1700,2021-01-15 00:00:00,1,0,2024-07-20 12:07:28,0,2024-07-20 12:07:28,,,
2021-01-14,焦炭,收盘价,2744.00,1.22%,1701,2021-01-14 00:00:00,1,0,2024-07-20 12:07:28,0,2024-07-20 12:07:28,,,
2021-01-14,焦炭,结算价,2734.00,-0.49%,1702,2021-01-14 00:00:00,1,0,2024-07-20 12:07:28,0,2024-07-20 12:07:28,,,
2021-01-13,焦炭,收盘价,2711.00,-2.24%,1703,2021-01-13 00:00:00,1,0,2024-07-20 12:07:28,0,2024-07-20 12:07:28,,,
2021-01-13,焦炭,结算价,2747.50,-0.9%,1704,2021-01-13 00:00:00,1,0,2024-07-20 12:07:28,0,2024-07-20 12:07:28,,,
2021-01-12,焦炭,收盘价,2773.00,-2.5%,1705,2021-01-12 00:00:00,1,0,2024-07-20 12:07:28,0,2024-07-20 12:07:28,,,
2021-01-12,焦炭,结算价,2772.50,-3.33%,1706,2021-01-12 00:00:00,1,0,2024-07-20 12:07:28,0,2024-07-20 12:07:28,,,
2021-01-11,焦炭,收盘价,2844.00,-2.69%,1707,2021-01-11 00:00:00,1,0,2024-07-20 12:07:28,0,2024-07-20 12:07:28,,,
2021-01-11,焦炭,结算价,2868.00,-3.03%,1708,2021-01-11 00:00:00,1,0,2024-07-20 12:07:28,0,2024-07-20 12:07:28,,,
2021-01-08,焦炭,收盘价,2922.50,-2.53%,1709,2021-01-08 00:00:00,1,0,2024-07-20 12:07:28,0,2024-07-20 12:07:28,,,
2021-01-08,焦炭,结算价,2957.50,-0.64%,1710,2021-01-08 00:00:00,1,0,2024-07-20 12:07:28,0,2024-07-20 12:07:28,,,
2021-01-07,焦炭,收盘价,2998.50,0.52%,1711,2021-01-07 00:00:00,1,0,2024-07-20 12:07:31,0,2024-07-20 12:07:31,,,
2021-01-07,焦炭,结算价,2976.50,-0.35%,1712,2021-01-07 00:00:00,1,0,2024-07-20 12:07:31,0,2024-07-20 12:07:31,,,
2021-01-06,焦炭,收盘价,2983.00,-0.3%,1713,2021-01-06 00:00:00,1,0,2024-07-20 12:07:31,0,2024-07-20 12:07:31,,,
2021-01-06,焦炭,结算价,2987.00,0.9%,1714,2021-01-06 00:00:00,1,0,2024-07-20 12:07:31,0,2024-07-20 12:07:31,,,
2021-01-05,焦炭,收盘价,2992.00,2.13%,1715,2021-01-05 00:00:00,1,0,2024-07-20 12:07:31,0,2024-07-20 12:07:31,,,
2021-01-05,焦炭,结算价,2960.50,2.53%,1716,2021-01-05 00:00:00,1,0,2024-07-20 12:07:31,0,2024-07-20 12:07:31,,,
2021-01-04,焦炭,收盘价,2929.50,3.66%,1717,2021-01-04 00:00:00,1,0,2024-07-20 12:07:31,0,2024-07-20 12:07:31,,,
2021-01-04,焦炭,结算价,2887.50,2.96%,1718,2021-01-04 00:00:00,1,0,2024-07-20 12:07:31,0,2024-07-20 12:07:31,,,
2020-12-31,焦炭,收盘价,2826.00,0.16%,1719,2020-12-31 00:00:00,1,0,2024-07-20 12:07:31,0,2024-07-20 12:07:31,,,
2020-12-31,焦炭,结算价,2804.50,0.43%,1720,2020-12-31 00:00:00,1,0,2024-07-20 12:07:31,0,2024-07-20 12:07:31,,,
2020-12-30,焦炭,收盘价,2821.50,0.93%,1721,2020-12-30 00:00:00,1,0,2024-07-20 12:07:31,0,2024-07-20 12:07:31,,,
2020-12-30,焦炭,结算价,2792.50,-1.15%,1722,2020-12-30 00:00:00,1,0,2024-07-20 12:07:31,0,2024-07-20 12:07:31,,,
2020-12-29,焦炭,收盘价,2795.50,-1.41%,1723,2020-12-29 00:00:00,1,0,2024-07-20 12:07:31,0,2024-07-20 12:07:31,,,
2020-12-29,焦炭,结算价,2825.00,-0.89%,1724,2020-12-29 00:00:00,1,0,2024-07-20 12:07:31,0,2024-07-20 12:07:31,,,
2020-12-28,焦炭,收盘价,2835.50,-0.54%,1725,2020-12-28 00:00:00,1,0,2024-07-20 12:07:31,0,2024-07-20 12:07:31,,,
2020-12-28,焦炭,结算价,2850.50,2.13%,1726,2020-12-28 00:00:00,1,0,2024-07-20 12:07:31,0,2024-07-20 12:07:31,,,
2020-12-25,焦炭,收盘价,2851.00,3.5%,1727,2020-12-25 00:00:00,1,0,2024-07-20 12:07:31,0,2024-07-20 12:07:31,,,
2020-12-25,焦炭,结算价,2791.00,1.68%,1728,2020-12-25 00:00:00,1,0,2024-07-20 12:07:31,0,2024-07-20 12:07:31,,,
2020-12-24,焦炭,收盘价,2754.50,1.49%,1729,2020-12-24 00:00:00,1,0,2024-07-20 12:07:31,0,2024-07-20 12:07:31,,,
2020-12-24,焦炭,结算价,2745.00,1.86%,1730,2020-12-24 00:00:00,1,0,2024-07-20 12:07:31,0,2024-07-20 12:07:31,,,
2020-12-23,焦炭,收盘价,2714.00,-0.42%,1731,2020-12-23 00:00:00,1,0,2024-07-20 12:07:31,0,2024-07-20 12:07:31,,,
2020-12-23,焦炭,结算价,2695.00,-2.64%,1732,2020-12-23 00:00:00,1,0,2024-07-20 12:07:31,0,2024-07-20 12:07:31,,,
2020-12-22,焦炭,收盘价,2725.50,-4.1%,1733,2020-12-22 00:00:00,1,0,2024-07-20 12:07:31,0,2024-07-20 12:07:31,,,
2020-12-22,焦炭,结算价,2768.00,0.38%,1734,2020-12-22 00:00:00,1,0,2024-07-20 12:07:31,0,2024-07-20 12:07:31,,,
2020-12-21,焦炭,收盘价,2842.00,6.8%,1735,2020-12-21 00:00:00,1,0,2024-07-20 12:07:31,0,2024-07-20 12:07:31,,,
2020-12-21,焦炭,结算价,2757.50,4.69%,1736,2020-12-21 00:00:00,1,0,2024-07-20 12:07:31,0,2024-07-20 12:07:31,,,
2020-12-18,焦炭,收盘价,2661.00,2.84%,1737,2020-12-18 00:00:00,1,0,2024-07-20 12:07:31,0,2024-07-20 12:07:31,,,
2020-12-18,焦炭,结算价,2634.00,2.57%,1738,2020-12-18 00:00:00,1,0,2024-07-20 12:07:31,0,2024-07-20 12:07:31,,,
2020-12-17,焦炭,收盘价,2587.50,1.35%,1739,2020-12-17 00:00:00,1,0,2024-07-20 12:07:31,0,2024-07-20 12:07:31,,,
2020-12-17,焦炭,结算价,2568.00,1.1%,1740,2020-12-17 00:00:00,1,0,2024-07-20 12:07:31,0,2024-07-20 12:07:31,,,
2020-12-16,焦炭,收盘价,2553.00,0.77%,1741,2020-12-16 00:00:00,1,0,2024-07-20 12:07:34,0,2024-07-20 12:07:34,,,
2020-12-16,焦炭,结算价,2540.00,1.26%,1742,2020-12-16 00:00:00,1,0,2024-07-20 12:07:34,0,2024-07-20 12:07:34,,,
2020-12-15,焦炭,收盘价,2533.50,2.74%,1743,2020-12-15 00:00:00,1,0,2024-07-20 12:07:34,0,2024-07-20 12:07:34,,,
2020-12-15,焦炭,结算价,2508.50,0.28%,1744,2020-12-15 00:00:00,1,0,2024-07-20 12:07:34,0,2024-07-20 12:07:34,,,
2020-12-14,焦炭,收盘价,2466.00,-1.83%,1745,2020-12-14 00:00:00,1,0,2024-07-20 12:07:34,0,2024-07-20 12:07:34,,,
2020-12-14,焦炭,结算价,2501.50,-1.94%,1746,2020-12-14 00:00:00,1,0,2024-07-20 12:07:34,0,2024-07-20 12:07:34,,,
2020-12-11,焦炭,收盘价,2512.00,-0.24%,1747,2020-12-11 00:00:00,1,0,2024-07-20 12:07:34,0,2024-07-20 12:07:34,,,
2020-12-11,焦炭,结算价,2551.00,1.92%,1748,2020-12-11 00:00:00,1,0,2024-07-20 12:07:34,0,2024-07-20 12:07:34,,,
2020-12-10,焦炭,收盘价,2518.00,-3.45%,1749,2020-12-10 00:00:00,1,0,2024-07-20 12:07:34,0,2024-07-20 12:07:34,,,
2020-12-10,焦炭,结算价,2503.00,-3.%,1750,2020-12-10 00:00:00,1,0,2024-07-20 12:07:34,0,2024-07-20 12:07:34,,,
2020-12-09,焦炭,收盘价,2608.00,4.55%,1751,2020-12-09 00:00:00,1,0,2024-07-20 12:07:34,0,2024-07-20 12:07:34,,,
2020-12-09,焦炭,结算价,2580.50,2.73%,1752,2020-12-09 00:00:00,1,0,2024-07-20 12:07:34,0,2024-07-20 12:07:34,,,
2020-12-08,焦炭,收盘价,2494.50,-3.41%,1753,2020-12-08 00:00:00,1,0,2024-07-20 12:07:34,0,2024-07-20 12:07:34,,,
2020-12-08,焦炭,结算价,2512.00,-2.16%,1754,2020-12-08 00:00:00,1,0,2024-07-20 12:07:34,0,2024-07-20 12:07:34,,,
2020-12-07,焦炭,收盘价,2582.50,0.72%,1755,2020-12-07 00:00:00,1,0,2024-07-20 12:07:34,0,2024-07-20 12:07:34,,,
2020-12-07,焦炭,结算价,2567.50,1.24%,1756,2020-12-07 00:00:00,1,0,2024-07-20 12:07:34,0,2024-07-20 12:07:34,,,
2020-12-04,焦炭,收盘价,2564.00,1.22%,1757,2020-12-04 00:00:00,1,0,2024-07-20 12:07:34,0,2024-07-20 12:07:34,,,
2020-12-04,焦炭,结算价,2536.00,-0.29%,1758,2020-12-04 00:00:00,1,0,2024-07-20 12:07:34,0,2024-07-20 12:07:34,,,
2020-12-03,焦炭,收盘价,2533.00,-1.48%,1759,2020-12-03 00:00:00,1,0,2024-07-20 12:07:34,0,2024-07-20 12:07:34,,,
2020-12-03,焦炭,结算价,2543.50,-0.12%,1760,2020-12-03 00:00:00,1,0,2024-07-20 12:07:34,0,2024-07-20 12:07:34,,,
2020-12-02,焦炭,收盘价,2571.00,1.44%,1761,2020-12-02 00:00:00,1,0,2024-07-20 12:07:34,0,2024-07-20 12:07:34,,,
2020-12-02,焦炭,结算价,2546.50,1.82%,1762,2020-12-02 00:00:00,1,0,2024-07-20 12:07:34,0,2024-07-20 12:07:34,,,
2020-12-01,焦炭,收盘价,2534.50,2.74%,1763,2020-12-01 00:00:00,1,0,2024-07-20 12:07:34,0,2024-07-20 12:07:34,,,
2020-12-01,焦炭,结算价,2501.00,1.42%,1764,2020-12-01 00:00:00,1,0,2024-07-20 12:07:34,0,2024-07-20 12:07:34,,,
2020-11-30,焦炭,收盘价,2467.00,0.71%,1765,2020-11-30 00:00:00,1,0,2024-07-20 12:07:34,0,2024-07-20 12:07:34,,,
2020-11-30,焦炭,结算价,2466.00,0.8%,1766,2020-11-30 00:00:00,1,0,2024-07-20 12:07:34,0,2024-07-20 12:07:34,,,
2020-11-27,焦炭,收盘价,2449.50,0.47%,1767,2020-11-27 00:00:00,1,0,2024-07-20 12:07:34,0,2024-07-20 12:07:34,,,
2020-11-27,焦炭,结算价,2446.50,0.72%,1768,2020-11-27 00:00:00,1,0,2024-07-20 12:07:34,0,2024-07-20 12:07:34,,,
2020-11-26,焦炭,收盘价,2438.00,1.12%,1769,2020-11-26 00:00:00,1,0,2024-07-20 12:07:34,0,2024-07-20 12:07:34,,,
2020-11-26,焦炭,结算价,2429.00,0.6%,1770,2020-11-26 00:00:00,1,0,2024-07-20 12:07:34,0,2024-07-20 12:07:34,,,
2020-11-25,焦炭,收盘价,2411.00,-0.37%,1771,2020-11-25 00:00:00,1,0,2024-07-20 12:07:38,0,2024-07-20 12:07:38,,,
2020-11-25,焦炭,结算价,2414.50,0.06%,1772,2020-11-25 00:00:00,1,0,2024-07-20 12:07:38,0,2024-07-20 12:07:38,,,
2020-11-24,焦炭,收盘价,2420.00,-0.02%,1773,2020-11-24 00:00:00,1,0,2024-07-20 12:07:38,0,2024-07-20 12:07:38,,,
2020-11-24,焦炭,结算价,2413.00,-1.35%,1774,2020-11-24 00:00:00,1,0,2024-07-20 12:07:38,0,2024-07-20 12:07:38,,,
2020-11-23,焦炭,收盘价,2420.50,-2.42%,1775,2020-11-23 00:00:00,1,0,2024-07-20 12:07:38,0,2024-07-20 12:07:38,,,
2020-11-23,焦炭,结算价,2446.00,0.35%,1776,2020-11-23 00:00:00,1,0,2024-07-20 12:07:38,0,2024-07-20 12:07:38,,,
2020-11-20,焦炭,收盘价,2480.50,6.23%,1777,2020-11-20 00:00:00,1,0,2024-07-20 12:07:38,0,2024-07-20 12:07:38,,,
2020-11-20,焦炭,结算价,2437.50,4.35%,1778,2020-11-20 00:00:00,1,0,2024-07-20 12:07:38,0,2024-07-20 12:07:38,,,
2020-11-19,焦炭,收盘价,2335.00,-3.29%,1779,2020-11-19 00:00:00,1,0,2024-07-20 12:07:38,0,2024-07-20 12:07:38,,,
2020-11-19,焦炭,结算价,2336.00,-3.17%,1780,2020-11-19 00:00:00,1,0,2024-07-20 12:07:38,0,2024-07-20 12:07:38,,,
2020-11-18,焦炭,收盘价,2414.50,-0.35%,1781,2020-11-18 00:00:00,1,0,2024-07-20 12:07:38,0,2024-07-20 12:07:38,,,
2020-11-18,焦炭,结算价,2412.50,-0.64%,1782,2020-11-18 00:00:00,1,0,2024-07-20 12:07:38,0,2024-07-20 12:07:38,,,
2020-11-17,焦炭,收盘价,2423.00,-0.27%,1783,2020-11-17 00:00:00,1,0,2024-07-20 12:07:38,0,2024-07-20 12:07:38,,,
2020-11-17,焦炭,结算价,2428.00,-0.14%,1784,2020-11-17 00:00:00,1,0,2024-07-20 12:07:38,0,2024-07-20 12:07:38,,,
2020-11-16,焦炭,收盘价,2429.50,0.43%,1785,2020-11-16 00:00:00,1,0,2024-07-20 12:07:38,0,2024-07-20 12:07:38,,,
2020-11-16,焦炭,结算价,2431.50,1.78%,1786,2020-11-16 00:00:00,1,0,2024-07-20 12:07:38,0,2024-07-20 12:07:38,,,
2020-11-13,焦炭,收盘价,2419.00,1.15%,1787,2020-11-13 00:00:00,1,0,2024-07-20 12:07:38,0,2024-07-20 12:07:38,,,
2020-11-13,焦炭,结算价,2389.00,-0.1%,1788,2020-11-13 00:00:00,1,0,2024-07-20 12:07:38,0,2024-07-20 12:07:38,,,
2020-11-12,焦炭,收盘价,2391.50,-1.18%,1789,2020-11-12 00:00:00,1,0,2024-07-20 12:07:38,0,2024-07-20 12:07:38,,,
2020-11-12,焦炭,结算价,2391.50,-1.36%,1790,2020-11-12 00:00:00,1,0,2024-07-20 12:07:38,0,2024-07-20 12:07:38,,,
2020-11-11,焦炭,收盘价,2420.00,-0.02%,1791,2020-11-11 00:00:00,1,0,2024-07-20 12:07:38,0,2024-07-20 12:07:38,,,
2020-11-11,焦炭,结算价,2424.50,-0.7%,1792,2020-11-11 00:00:00,1,0,2024-07-20 12:07:38,0,2024-07-20 12:07:38,,,
2020-11-10,焦炭,收盘价,2420.50,-2.36%,1793,2020-11-10 00:00:00,1,0,2024-07-20 12:07:38,0,2024-07-20 12:07:38,,,
2020-11-10,焦炭,结算价,2441.50,-0.43%,1794,2020-11-10 00:00:00,1,0,2024-07-20 12:07:38,0,2024-07-20 12:07:38,,,
2020-11-09,焦炭,收盘价,2479.00,2.54%,1795,2020-11-09 00:00:00,1,0,2024-07-20 12:07:38,0,2024-07-20 12:07:38,,,
2020-11-09,焦炭,结算价,2452.00,2.66%,1796,2020-11-09 00:00:00,1,0,2024-07-20 12:07:38,0,2024-07-20 12:07:38,,,
2020-11-06,焦炭,收盘价,2417.50,3.05%,1797,2020-11-06 00:00:00,1,0,2024-07-20 12:07:38,0,2024-07-20 12:07:38,,,
2020-11-06,焦炭,结算价,2388.50,2.05%,1798,2020-11-06 00:00:00,1,0,2024-07-20 12:07:38,0,2024-07-20 12:07:38,,,
2020-11-05,焦炭,收盘价,2346.00,0.28%,1799,2020-11-05 00:00:00,1,0,2024-07-20 12:07:38,0,2024-07-20 12:07:38,,,
2020-11-05,焦炭,结算价,2340.50,0.52%,1800,2020-11-05 00:00:00,1,0,2024-07-20 12:07:38,0,2024-07-20 12:07:38,,,
2020-11-04,焦炭,收盘价,2339.50,4.05%,1801,2020-11-04 00:00:00,1,0,2024-07-20 12:07:41,0,2024-07-20 12:07:41,,,
2020-11-04,焦炭,结算价,2328.50,3.47%,1802,2020-11-04 00:00:00,1,0,2024-07-20 12:07:41,0,2024-07-20 12:07:41,,,
2020-11-03,焦炭,收盘价,2248.50,-0.29%,1803,2020-11-03 00:00:00,1,0,2024-07-20 12:07:41,0,2024-07-20 12:07:41,,,
2020-11-03,焦炭,结算价,2250.50,0.9%,1804,2020-11-03 00:00:00,1,0,2024-07-20 12:07:41,0,2024-07-20 12:07:41,,,
2020-11-02,焦炭,收盘价,2255.00,3.02%,1805,2020-11-02 00:00:00,1,0,2024-07-20 12:07:41,0,2024-07-20 12:07:41,,,
2020-11-02,焦炭,结算价,2230.50,2.41%,1806,2020-11-02 00:00:00,1,0,2024-07-20 12:07:41,0,2024-07-20 12:07:41,,,
2020-10-30,焦炭,收盘价,2189.00,0.9%,1807,2020-10-30 00:00:00,1,0,2024-07-20 12:07:41,0,2024-07-20 12:07:41,,,
2020-10-30,焦炭,结算价,2178.00,0.67%,1808,2020-10-30 00:00:00,1,0,2024-07-20 12:07:41,0,2024-07-20 12:07:41,,,
2020-10-29,焦炭,收盘价,2169.50,0.16%,1809,2020-10-29 00:00:00,1,0,2024-07-20 12:07:41,0,2024-07-20 12:07:41,,,
2020-10-29,焦炭,结算价,2163.50,-0.18%,1810,2020-10-29 00:00:00,1,0,2024-07-20 12:07:41,0,2024-07-20 12:07:41,,,
2020-10-28,焦炭,收盘价,2166.00,-0.23%,1811,2020-10-28 00:00:00,1,0,2024-07-20 12:07:41,0,2024-07-20 12:07:41,,,
2020-10-28,焦炭,结算价,2167.50,0.39%,1812,2020-10-28 00:00:00,1,0,2024-07-20 12:07:41,0,2024-07-20 12:07:41,,,
2020-10-27,焦炭,收盘价,2171.00,1.26%,1813,2020-10-27 00:00:00,1,0,2024-07-20 12:07:41,0,2024-07-20 12:07:41,,,
2020-10-27,焦炭,结算价,2159.00,1.27%,1814,2020-10-27 00:00:00,1,0,2024-07-20 12:07:41,0,2024-07-20 12:07:41,,,
2020-10-26,焦炭,收盘价,2144.00,1.2%,1815,2020-10-26 00:00:00,1,0,2024-07-20 12:07:41,0,2024-07-20 12:07:41,,,
2020-10-26,焦炭,结算价,2132.00,-0.26%,1816,2020-10-26 00:00:00,1,0,2024-07-20 12:07:41,0,2024-07-20 12:07:41,,,
2020-10-23,焦炭,收盘价,2118.50,-0.87%,1817,2020-10-23 00:00:00,1,0,2024-07-20 12:07:41,0,2024-07-20 12:07:41,,,
2020-10-23,焦炭,结算价,2137.50,0.05%,1818,2020-10-23 00:00:00,1,0,2024-07-20 12:07:41,0,2024-07-20 12:07:41,,,
2020-10-22,焦炭,收盘价,2137.00,0.07%,1819,2020-10-22 00:00:00,1,0,2024-07-20 12:07:41,0,2024-07-20 12:07:41,,,
2020-10-22,焦炭,结算价,2136.50,0.71%,1820,2020-10-22 00:00:00,1,0,2024-07-20 12:07:41,0,2024-07-20 12:07:41,,,
2020-10-21,焦炭,收盘价,2135.50,1.33%,1821,2020-10-21 00:00:00,1,0,2024-07-20 12:07:41,0,2024-07-20 12:07:41,,,
2020-10-21,焦炭,结算价,2121.50,1.07%,1822,2020-10-21 00:00:00,1,0,2024-07-20 12:07:41,0,2024-07-20 12:07:41,,,
2020-10-20,焦炭,收盘价,2107.50,0.72%,1823,2020-10-20 00:00:00,1,0,2024-07-20 12:07:41,0,2024-07-20 12:07:41,,,
2020-10-20,焦炭,结算价,2099.00,-0.31%,1824,2020-10-20 00:00:00,1,0,2024-07-20 12:07:41,0,2024-07-20 12:07:41,,,
2020-10-19,焦炭,收盘价,2092.50,-0.48%,1825,2020-10-19 00:00:00,1,0,2024-07-20 12:07:41,0,2024-07-20 12:07:41,,,
2020-10-19,焦炭,结算价,2105.50,1.01%,1826,2020-10-19 00:00:00,1,0,2024-07-20 12:07:41,0,2024-07-20 12:07:41,,,
2020-10-16,焦炭,收盘价,2102.50,0.82%,1827,2020-10-16 00:00:00,1,0,2024-07-20 12:07:41,0,2024-07-20 12:07:41,,,
2020-10-16,焦炭,结算价,2084.50,0.07%,1828,2020-10-16 00:00:00,1,0,2024-07-20 12:07:41,0,2024-07-20 12:07:41,,,
2020-10-15,焦炭,收盘价,2085.50,-0.57%,1829,2020-10-15 00:00:00,1,0,2024-07-20 12:07:41,0,2024-07-20 12:07:41,,,
2020-10-15,焦炭,结算价,2083.00,-0.41%,1830,2020-10-15 00:00:00,1,0,2024-07-20 12:07:41,0,2024-07-20 12:07:41,,,
2020-10-14,焦炭,收盘价,2097.50,-0.24%,1831,2020-10-14 00:00:00,1,0,2024-07-20 12:07:44,0,2024-07-20 12:07:44,,,
2020-10-14,焦炭,结算价,2091.50,-0.31%,1832,2020-10-14 00:00:00,1,0,2024-07-20 12:07:44,0,2024-07-20 12:07:44,,,
2020-10-13,焦炭,收盘价,2102.50,1.15%,1833,2020-10-13 00:00:00,1,0,2024-07-20 12:07:44,0,2024-07-20 12:07:44,,,
2020-10-13,焦炭,结算价,2098.00,1.28%,1834,2020-10-13 00:00:00,1,0,2024-07-20 12:07:44,0,2024-07-20 12:07:44,,,
2020-10-12,焦炭,收盘价,2078.50,-0.1%,1835,2020-10-12 00:00:00,1,0,2024-07-20 12:07:44,0,2024-07-20 12:07:44,,,
2020-10-12,焦炭,结算价,2071.50,0.88%,1836,2020-10-12 00:00:00,1,0,2024-07-20 12:07:44,0,2024-07-20 12:07:44,,,
2020-10-09,焦炭,收盘价,2080.50,4.71%,1837,2020-10-09 00:00:00,1,0,2024-07-20 12:07:44,0,2024-07-20 12:07:44,,,
2020-10-09,焦炭,结算价,2053.50,4.34%,1838,2020-10-09 00:00:00,1,0,2024-07-20 12:07:44,0,2024-07-20 12:07:44,,,
2020-09-30,焦炭,收盘价,1987.00,1.64%,1839,2020-09-30 00:00:00,1,0,2024-07-20 12:07:44,0,2024-07-20 12:07:44,,,
2020-09-30,焦炭,结算价,1968.00,1.92%,1840,2020-09-30 00:00:00,1,0,2024-07-20 12:07:44,0,2024-07-20 12:07:44,,,
2020-09-29,焦炭,收盘价,1955.00,2.76%,1841,2020-09-29 00:00:00,1,0,2024-07-20 12:07:44,0,2024-07-20 12:07:44,,,
2020-09-29,焦炭,结算价,1931.00,1.07%,1842,2020-09-29 00:00:00,1,0,2024-07-20 12:07:44,0,2024-07-20 12:07:44,,,
2020-09-28,焦炭,收盘价,1902.50,-0.26%,1843,2020-09-28 00:00:00,1,0,2024-07-20 12:07:44,0,2024-07-20 12:07:44,,,
2020-09-28,焦炭,结算价,1910.50,-0.13%,1844,2020-09-28 00:00:00,1,0,2024-07-20 12:07:44,0,2024-07-20 12:07:44,,,
2020-09-25,焦炭,收盘价,1907.50,-0.83%,1845,2020-09-25 00:00:00,1,0,2024-07-20 12:07:44,0,2024-07-20 12:07:44,,,
2020-09-25,焦炭,结算价,1913.00,-0.16%,1846,2020-09-25 00:00:00,1,0,2024-07-20 12:07:44,0,2024-07-20 12:07:44,,,
2020-09-24,焦炭,收盘价,1923.50,-0.47%,1847,2020-09-24 00:00:00,1,0,2024-07-20 12:07:44,0,2024-07-20 12:07:44,,,
2020-09-24,焦炭,结算价,1916.00,-1.54%,1848,2020-09-24 00:00:00,1,0,2024-07-20 12:07:44,0,2024-07-20 12:07:44,,,
2020-09-23,焦炭,收盘价,1932.50,-1.75%,1849,2020-09-23 00:00:00,1,0,2024-07-20 12:07:44,0,2024-07-20 12:07:44,,,
2020-09-23,焦炭,结算价,1946.00,-0.13%,1850,2020-09-23 00:00:00,1,0,2024-07-20 12:07:44,0,2024-07-20 12:07:44,,,
2020-09-22,焦炭,收盘价,1967.00,0.9%,1851,2020-09-22 00:00:00,1,0,2024-07-20 12:07:44,0,2024-07-20 12:07:44,,,
2020-09-22,焦炭,结算价,1948.50,-0.59%,1852,2020-09-22 00:00:00,1,0,2024-07-20 12:07:44,0,2024-07-20 12:07:44,,,
2020-09-21,焦炭,收盘价,1949.50,-1.96%,1853,2020-09-21 00:00:00,1,0,2024-07-20 12:07:44,0,2024-07-20 12:07:44,,,
2020-09-21,焦炭,结算价,1960.00,-0.43%,1854,2020-09-21 00:00:00,1,0,2024-07-20 12:07:44,0,2024-07-20 12:07:44,,,
2020-09-18,焦炭,收盘价,1988.50,2.08%,1855,2020-09-18 00:00:00,1,0,2024-07-20 12:07:44,0,2024-07-20 12:07:44,,,
2020-09-18,焦炭,结算价,1968.50,1.44%,1856,2020-09-18 00:00:00,1,0,2024-07-20 12:07:44,0,2024-07-20 12:07:44,,,
2020-09-17,焦炭,收盘价,1948.00,0.59%,1857,2020-09-17 00:00:00,1,0,2024-07-20 12:07:44,0,2024-07-20 12:07:44,,,
2020-09-17,焦炭,结算价,1940.50,-0.61%,1858,2020-09-17 00:00:00,1,0,2024-07-20 12:07:44,0,2024-07-20 12:07:44,,,
2020-09-16,焦炭,收盘价,1936.50,-2.07%,1859,2020-09-16 00:00:00,1,0,2024-07-20 12:07:44,0,2024-07-20 12:07:44,,,
2020-09-16,焦炭,结算价,1952.50,-2.23%,1860,2020-09-16 00:00:00,1,0,2024-07-20 12:07:44,0,2024-07-20 12:07:44,,,
2020-09-15,焦炭,收盘价,1977.50,-0.7%,1861,2020-09-15 00:00:00,1,0,2024-07-20 12:07:47,0,2024-07-20 12:07:47,,,
2020-09-15,焦炭,结算价,1997.00,0.58%,1862,2020-09-15 00:00:00,1,0,2024-07-20 12:07:47,0,2024-07-20 12:07:47,,,
2020-09-14,焦炭,收盘价,1991.50,0.76%,1863,2020-09-14 00:00:00,1,0,2024-07-20 12:07:47,0,2024-07-20 12:07:47,,,
2020-09-14,焦炭,结算价,1985.50,0.94%,1864,2020-09-14 00:00:00,1,0,2024-07-20 12:07:47,0,2024-07-20 12:07:47,,,
2020-09-11,焦炭,收盘价,1976.50,0.76%,1865,2020-09-11 00:00:00,1,0,2024-07-20 12:07:47,0,2024-07-20 12:07:47,,,
2020-09-11,焦炭,结算价,1967.00,-0.58%,1866,2020-09-11 00:00:00,1,0,2024-07-20 12:07:47,0,2024-07-20 12:07:47,,,
2020-09-10,焦炭,收盘价,1961.50,-1.33%,1867,2020-09-10 00:00:00,1,0,2024-07-20 12:07:47,0,2024-07-20 12:07:47,,,
2020-09-10,焦炭,结算价,1978.50,-1.15%,1868,2020-09-10 00:00:00,1,0,2024-07-20 12:07:47,0,2024-07-20 12:07:47,,,
2020-09-09,焦炭,收盘价,1988.00,-0.18%,1869,2020-09-09 00:00:00,1,0,2024-07-20 12:07:47,0,2024-07-20 12:07:47,,,
2020-09-09,焦炭,结算价,2001.50,-0.67%,1870,2020-09-09 00:00:00,1,0,2024-07-20 12:07:47,0,2024-07-20 12:07:47,,,
2020-09-08,焦炭,收盘价,1991.50,-1.53%,1871,2020-09-08 00:00:00,1,0,2024-07-20 12:07:47,0,2024-07-20 12:07:47,,,
2020-09-08,焦炭,结算价,2015.00,-0.71%,1872,2020-09-08 00:00:00,1,0,2024-07-20 12:07:47,0,2024-07-20 12:07:47,,,
2020-09-07,焦炭,收盘价,2022.50,-0.39%,1873,2020-09-07 00:00:00,1,0,2024-07-20 12:07:47,0,2024-07-20 12:07:47,,,
2020-09-07,焦炭,结算价,2029.50,0.54%,1874,2020-09-07 00:00:00,1,0,2024-07-20 12:07:47,0,2024-07-20 12:07:47,,,
2020-09-04,焦炭,收盘价,2030.50,-0.47%,1875,2020-09-04 00:00:00,1,0,2024-07-20 12:07:47,0,2024-07-20 12:07:47,,,
2020-09-04,焦炭,结算价,2018.50,-0.39%,1876,2020-09-04 00:00:00,1,0,2024-07-20 12:07:47,0,2024-07-20 12:07:47,,,
2020-09-03,焦炭,收盘价,2040.00,1.49%,1877,2020-09-03 00:00:00,1,0,2024-07-20 12:07:47,0,2024-07-20 12:07:47,,,
2020-09-03,焦炭,结算价,2026.50,1.5%,1878,2020-09-03 00:00:00,1,0,2024-07-20 12:07:47,0,2024-07-20 12:07:47,,,
2020-09-02,焦炭,收盘价,2010.00,1.18%,1879,2020-09-02 00:00:00,1,0,2024-07-20 12:07:47,0,2024-07-20 12:07:47,,,
2020-09-02,焦炭,结算价,1996.50,0.99%,1880,2020-09-02 00:00:00,1,0,2024-07-20 12:07:47,0,2024-07-20 12:07:47,,,
2020-09-01,焦炭,收盘价,1986.50,1.07%,1881,2020-09-01 00:00:00,1,0,2024-07-20 12:07:47,0,2024-07-20 12:07:47,,,
2020-09-01,焦炭,结算价,1977.00,1.25%,1882,2020-09-01 00:00:00,1,0,2024-07-20 12:07:47,0,2024-07-20 12:07:47,,,
2020-08-31,焦炭,收盘价,1965.50,1.31%,1883,2020-08-31 00:00:00,1,0,2024-07-20 12:07:47,0,2024-07-20 12:07:47,,,
2020-08-31,焦炭,结算价,1952.50,2.33%,1884,2020-08-31 00:00:00,1,0,2024-07-20 12:07:47,0,2024-07-20 12:07:47,,,
2020-08-28,焦炭,收盘价,1940.00,1.41%,1885,2020-08-28 00:00:00,1,0,2024-07-20 12:07:47,0,2024-07-20 12:07:47,,,
2020-08-28,焦炭,结算价,1908.00,-0.55%,1886,2020-08-28 00:00:00,1,0,2024-07-20 12:07:47,0,2024-07-20 12:07:47,,,
2020-08-27,焦炭,收盘价,1913.00,-0.49%,1887,2020-08-27 00:00:00,1,0,2024-07-20 12:07:47,0,2024-07-20 12:07:47,,,
2020-08-27,焦炭,结算价,1918.50,-0.1%,1888,2020-08-27 00:00:00,1,0,2024-07-20 12:07:47,0,2024-07-20 12:07:47,,,
2020-08-26,焦炭,收盘价,1922.50,0.08%,1889,2020-08-26 00:00:00,1,0,2024-07-20 12:07:47,0,2024-07-20 12:07:47,,,
2020-08-26,焦炭,结算价,1920.50,-0.47%,1890,2020-08-26 00:00:00,1,0,2024-07-20 12:07:47,0,2024-07-20 12:07:47,,,
2020-08-25,焦炭,收盘价,1921.00,-0.85%,1891,2020-08-25 00:00:00,1,0,2024-07-20 12:07:51,0,2024-07-20 12:07:51,,,
2020-08-25,焦炭,结算价,1929.50,-0.44%,1892,2020-08-25 00:00:00,1,0,2024-07-20 12:07:51,0,2024-07-20 12:07:51,,,
2020-08-24,焦炭,收盘价,1937.50,0.34%,1893,2020-08-24 00:00:00,1,0,2024-07-20 12:07:51,0,2024-07-20 12:07:51,,,
2020-08-24,焦炭,结算价,1938.00,-0.44%,1894,2020-08-24 00:00:00,1,0,2024-07-20 12:07:51,0,2024-07-20 12:07:51,,,
2020-08-21,焦炭,收盘价,1931.00,-1.23%,1895,2020-08-21 00:00:00,1,0,2024-07-20 12:07:51,0,2024-07-20 12:07:51,,,
2020-08-21,焦炭,结算价,1946.50,-1.84%,1896,2020-08-21 00:00:00,1,0,2024-07-20 12:07:51,0,2024-07-20 12:07:51,,,
2020-08-20,焦炭,收盘价,1955.00,-2.76%,1897,2020-08-20 00:00:00,1,0,2024-07-20 12:07:51,0,2024-07-20 12:07:51,,,
2020-08-20,焦炭,结算价,1983.00,-1.%,1898,2020-08-20 00:00:00,1,0,2024-07-20 12:07:51,0,2024-07-20 12:07:51,,,
2020-08-19,焦炭,收盘价,2010.50,0.6%,1899,2020-08-19 00:00:00,1,0,2024-07-20 12:07:51,0,2024-07-20 12:07:51,,,
2020-08-19,焦炭,结算价,2003.00,-0.12%,1900,2020-08-19 00:00:00,1,0,2024-07-20 12:07:51,0,2024-07-20 12:07:51,,,
2020-08-18,焦炭,收盘价,1998.50,0.4%,1901,2020-08-18 00:00:00,1,0,2024-07-20 12:07:51,0,2024-07-20 12:07:51,,,
2020-08-18,焦炭,结算价,2005.50,-0.25%,1902,2020-08-18 00:00:00,1,0,2024-07-20 12:07:51,0,2024-07-20 12:07:51,,,
2020-08-17,焦炭,收盘价,1990.50,-0.1%,1903,2020-08-17 00:00:00,1,0,2024-07-20 12:07:51,0,2024-07-20 12:07:51,,,
2020-08-17,焦炭,结算价,2010.50,0.88%,1904,2020-08-17 00:00:00,1,0,2024-07-20 12:07:51,0,2024-07-20 12:07:51,,,
2020-08-14,焦炭,收盘价,1992.50,0.23%,1905,2020-08-14 00:00:00,1,0,2024-07-20 12:07:51,0,2024-07-20 12:07:51,,,
2020-08-14,焦炭,结算价,1993.00,0.13%,1906,2020-08-14 00:00:00,1,0,2024-07-20 12:07:51,0,2024-07-20 12:07:51,,,
2020-08-13,焦炭,收盘价,1988.00,-1.05%,1907,2020-08-13 00:00:00,1,0,2024-07-20 12:07:51,0,2024-07-20 12:07:51,,,
2020-08-13,焦炭,结算价,1990.50,-0.28%,1908,2020-08-13 00:00:00,1,0,2024-07-20 12:07:51,0,2024-07-20 12:07:51,,,
2020-08-12,焦炭,收盘价,2009.00,0.05%,1909,2020-08-12 00:00:00,1,0,2024-07-20 12:07:51,0,2024-07-20 12:07:51,,,
2020-08-12,焦炭,结算价,1996.00,-1.6%,1910,2020-08-12 00:00:00,1,0,2024-07-20 12:07:51,0,2024-07-20 12:07:51,,,
2020-08-11,焦炭,收盘价,2008.00,-2.05%,1911,2020-08-11 00:00:00,1,0,2024-07-20 12:07:51,0,2024-07-20 12:07:51,,,
2020-08-11,焦炭,结算价,2028.50,-1.43%,1912,2020-08-11 00:00:00,1,0,2024-07-20 12:07:51,0,2024-07-20 12:07:51,,,
2020-08-10,焦炭,收盘价,2050.00,-1.06%,1913,2020-08-10 00:00:00,1,0,2024-07-20 12:07:51,0,2024-07-20 12:07:51,,,
2020-08-10,焦炭,结算价,2058.00,-0.44%,1914,2020-08-10 00:00:00,1,0,2024-07-20 12:07:51,0,2024-07-20 12:07:51,,,
2020-08-07,焦炭,收盘价,2072.00,1.47%,1915,2020-08-07 00:00:00,1,0,2024-07-20 12:07:51,0,2024-07-20 12:07:51,,,
2020-08-07,焦炭,结算价,2067.00,1.2%,1916,2020-08-07 00:00:00,1,0,2024-07-20 12:07:51,0,2024-07-20 12:07:51,,,
2020-08-06,焦炭,收盘价,2042.00,0.%,1917,2020-08-06 00:00:00,1,0,2024-07-20 12:07:51,0,2024-07-20 12:07:51,,,
2020-08-06,焦炭,结算价,2042.50,0.49%,1918,2020-08-06 00:00:00,1,0,2024-07-20 12:07:51,0,2024-07-20 12:07:51,,,
2020-08-05,焦炭,收盘价,2042.00,0.99%,1919,2020-08-05 00:00:00,1,0,2024-07-20 12:07:51,0,2024-07-20 12:07:51,,,
2020-08-05,焦炭,结算价,2032.50,0.42%,1920,2020-08-05 00:00:00,1,0,2024-07-20 12:07:51,0,2024-07-20 12:07:51,,,
2020-08-04,焦炭,收盘价,2022.00,0.05%,1921,2020-08-04 00:00:00,1,0,2024-07-20 12:07:53,0,2024-07-20 12:07:53,,,
2020-08-04,焦炭,结算价,2024.00,0.8%,1922,2020-08-04 00:00:00,1,0,2024-07-20 12:07:53,0,2024-07-20 12:07:53,,,
2020-08-03,焦炭,收盘价,2021.00,1.51%,1923,2020-08-03 00:00:00,1,0,2024-07-20 12:07:53,0,2024-07-20 12:07:53,,,
2020-08-03,焦炭,结算价,2008.00,1.83%,1924,2020-08-03 00:00:00,1,0,2024-07-20 12:07:53,0,2024-07-20 12:07:53,,,
2020-07-31,焦炭,收盘价,1991.00,1.66%,1925,2020-07-31 00:00:00,1,0,2024-07-20 12:07:53,0,2024-07-20 12:07:53,,,
2020-07-31,焦炭,结算价,1972.00,0.15%,1926,2020-07-31 00:00:00,1,0,2024-07-20 12:07:53,0,2024-07-20 12:07:53,,,
2020-07-30,焦炭,收盘价,1958.50,-1.01%,1927,2020-07-30 00:00:00,1,0,2024-07-20 12:07:53,0,2024-07-20 12:07:53,,,
2020-07-30,焦炭,结算价,1969.00,-0.3%,1928,2020-07-30 00:00:00,1,0,2024-07-20 12:07:53,0,2024-07-20 12:07:53,,,
2020-07-29,焦炭,收盘价,1978.50,0.48%,1929,2020-07-29 00:00:00,1,0,2024-07-20 12:07:53,0,2024-07-20 12:07:53,,,
2020-07-29,焦炭,结算价,1975.00,0.3%,1930,2020-07-29 00:00:00,1,0,2024-07-20 12:07:53,0,2024-07-20 12:07:53,,,
2020-07-28,焦炭,收盘价,1969.00,0.41%,1931,2020-07-28 00:00:00,1,0,2024-07-20 12:07:53,0,2024-07-20 12:07:53,,,
2020-07-28,焦炭,结算价,1969.00,-0.46%,1932,2020-07-28 00:00:00,1,0,2024-07-20 12:07:53,0,2024-07-20 12:07:53,,,
2020-07-27,焦炭,收盘价,1961.00,-0.91%,1933,2020-07-27 00:00:00,1,0,2024-07-20 12:07:53,0,2024-07-20 12:07:53,,,
2020-07-27,焦炭,结算价,1978.00,-0.78%,1934,2020-07-27 00:00:00,1,0,2024-07-20 12:07:53,0,2024-07-20 12:07:53,,,
2020-07-24,焦炭,收盘价,1979.00,-1.74%,1935,2020-07-24 00:00:00,1,0,2024-07-20 12:07:53,0,2024-07-20 12:07:53,,,
2020-07-24,焦炭,结算价,1993.50,0.15%,1936,2020-07-24 00:00:00,1,0,2024-07-20 12:07:53,0,2024-07-20 12:07:53,,,
2020-07-23,焦炭,收盘价,2014.00,2.99%,1937,2020-07-23 00:00:00,1,0,2024-07-20 12:07:53,0,2024-07-20 12:07:53,,,
2020-07-23,焦炭,结算价,1990.50,1.04%,1938,2020-07-23 00:00:00,1,0,2024-07-20 12:07:53,0,2024-07-20 12:07:53,,,
2020-07-22,焦炭,收盘价,1955.50,-0.26%,1939,2020-07-22 00:00:00,1,0,2024-07-20 12:07:53,0,2024-07-20 12:07:53,,,
2020-07-22,焦炭,结算价,1970.00,0.77%,1940,2020-07-22 00:00:00,1,0,2024-07-20 12:07:53,0,2024-07-20 12:07:53,,,
2020-07-21,焦炭,收盘价,1960.50,1.%,1941,2020-07-21 00:00:00,1,0,2024-07-20 12:07:53,0,2024-07-20 12:07:53,,,
2020-07-21,焦炭,结算价,1955.00,0.49%,1942,2020-07-21 00:00:00,1,0,2024-07-20 12:07:53,0,2024-07-20 12:07:53,,,
2020-07-20,焦炭,收盘价,1941.00,-0.1%,1943,2020-07-20 00:00:00,1,0,2024-07-20 12:07:53,0,2024-07-20 12:07:53,,,
2020-07-20,焦炭,结算价,1945.50,1.51%,1944,2020-07-20 00:00:00,1,0,2024-07-20 12:07:53,0,2024-07-20 12:07:53,,,
2020-07-17,焦炭,收盘价,1943.00,2.16%,1945,2020-07-17 00:00:00,1,0,2024-07-20 12:07:53,0,2024-07-20 12:07:53,,,
2020-07-17,焦炭,结算价,1916.50,1.19%,1946,2020-07-17 00:00:00,1,0,2024-07-20 12:07:53,0,2024-07-20 12:07:53,,,
2020-07-16,焦炭,收盘价,1902.00,0.34%,1947,2020-07-16 00:00:00,1,0,2024-07-20 12:07:53,0,2024-07-20 12:07:53,,,
2020-07-16,焦炭,结算价,1894.00,-0.37%,1948,2020-07-16 00:00:00,1,0,2024-07-20 12:07:53,0,2024-07-20 12:07:53,,,
2020-07-15,焦炭,收盘价,1895.50,-0.11%,1949,2020-07-15 00:00:00,1,0,2024-07-20 12:07:53,0,2024-07-20 12:07:53,,,
2020-07-15,焦炭,结算价,1901.00,-0.11%,1950,2020-07-15 00:00:00,1,0,2024-07-20 12:07:53,0,2024-07-20 12:07:53,,,
2020-07-14,焦炭,收盘价,1897.50,-1.02%,1951,2020-07-14 00:00:00,1,0,2024-07-20 12:07:57,0,2024-07-20 12:07:57,,,
2020-07-14,焦炭,结算价,1903.00,-0.18%,1952,2020-07-14 00:00:00,1,0,2024-07-20 12:07:57,0,2024-07-20 12:07:57,,,
2020-07-13,焦炭,收盘价,1917.00,2.24%,1953,2020-07-13 00:00:00,1,0,2024-07-20 12:07:57,0,2024-07-20 12:07:57,,,
2020-07-13,焦炭,结算价,1906.50,1.33%,1954,2020-07-13 00:00:00,1,0,2024-07-20 12:07:57,0,2024-07-20 12:07:57,,,
2020-07-10,焦炭,收盘价,1875.00,-1.68%,1955,2020-07-10 00:00:00,1,0,2024-07-20 12:07:57,0,2024-07-20 12:07:57,,,
2020-07-10,焦炭,结算价,1881.50,-1.47%,1956,2020-07-10 00:00:00,1,0,2024-07-20 12:07:57,0,2024-07-20 12:07:57,,,
2020-07-09,焦炭,收盘价,1907.00,-0.13%,1957,2020-07-09 00:00:00,1,0,2024-07-20 12:07:57,0,2024-07-20 12:07:57,,,
2020-07-09,焦炭,结算价,1909.50,0.74%,1958,2020-07-09 00:00:00,1,0,2024-07-20 12:07:57,0,2024-07-20 12:07:57,,,
2020-07-08,焦炭,收盘价,1909.50,1.7%,1959,2020-07-08 00:00:00,1,0,2024-07-20 12:07:57,0,2024-07-20 12:07:57,,,
2020-07-08,焦炭,结算价,1895.50,1.09%,1960,2020-07-08 00:00:00,1,0,2024-07-20 12:07:57,0,2024-07-20 12:07:57,,,
2020-07-07,焦炭,收盘价,1877.50,0.43%,1961,2020-07-07 00:00:00,1,0,2024-07-20 12:07:57,0,2024-07-20 12:07:57,,,
2020-07-07,焦炭,结算价,1875.00,0.81%,1962,2020-07-07 00:00:00,1,0,2024-07-20 12:07:57,0,2024-07-20 12:07:57,,,
2020-07-06,焦炭,收盘价,1869.50,-0.11%,1963,2020-07-06 00:00:00,1,0,2024-07-20 12:07:57,0,2024-07-20 12:07:57,,,
2020-07-06,焦炭,结算价,1860.00,-0.77%,1964,2020-07-06 00:00:00,1,0,2024-07-20 12:07:57,0,2024-07-20 12:07:57,,,
2020-07-03,焦炭,收盘价,1871.50,-0.05%,1965,2020-07-03 00:00:00,1,0,2024-07-20 12:07:57,0,2024-07-20 12:07:57,,,
2020-07-03,焦炭,结算价,1874.50,0.13%,1966,2020-07-03 00:00:00,1,0,2024-07-20 12:07:57,0,2024-07-20 12:07:57,,,
2020-07-02,焦炭,收盘价,1872.50,0.11%,1967,2020-07-02 00:00:00,1,0,2024-07-20 12:07:57,0,2024-07-20 12:07:57,,,
2020-07-02,焦炭,结算价,1872.00,-0.19%,1968,2020-07-02 00:00:00,1,0,2024-07-20 12:07:57,0,2024-07-20 12:07:57,,,
2020-07-01,焦炭,收盘价,1870.50,-0.77%,1969,2020-07-01 00:00:00,1,0,2024-07-20 12:07:57,0,2024-07-20 12:07:57,,,
2020-07-01,焦炭,结算价,1875.50,-0.66%,1970,2020-07-01 00:00:00,1,0,2024-07-20 12:07:57,0,2024-07-20 12:07:57,,,
2020-06-30,焦炭,收盘价,1885.00,-0.24%,1971,2020-06-30 00:00:00,1,0,2024-07-20 12:07:57,0,2024-07-20 12:07:57,,,
2020-06-30,焦炭,结算价,1888.00,-1.1%,1972,2020-06-30 00:00:00,1,0,2024-07-20 12:07:57,0,2024-07-20 12:07:57,,,
2020-06-29,焦炭,收盘价,1889.50,-3.38%,1973,2020-06-29 00:00:00,1,0,2024-07-20 12:07:57,0,2024-07-20 12:07:57,,,
2020-06-29,焦炭,结算价,1909.00,-2.15%,1974,2020-06-29 00:00:00,1,0,2024-07-20 12:07:57,0,2024-07-20 12:07:57,,,
2020-06-24,焦炭,收盘价,1955.50,0.36%,1975,2020-06-24 00:00:00,1,0,2024-07-20 12:07:57,0,2024-07-20 12:07:57,,,
2020-06-24,焦炭,结算价,1951.00,0.08%,1976,2020-06-24 00:00:00,1,0,2024-07-20 12:07:57,0,2024-07-20 12:07:57,,,
2020-06-23,焦炭,收盘价,1948.50,-0.28%,1977,2020-06-23 00:00:00,1,0,2024-07-20 12:07:57,0,2024-07-20 12:07:57,,,
2020-06-23,焦炭,结算价,1949.50,-0.36%,1978,2020-06-23 00:00:00,1,0,2024-07-20 12:07:57,0,2024-07-20 12:07:57,,,
2020-06-22,焦炭,收盘价,1954.00,-0.91%,1979,2020-06-22 00:00:00,1,0,2024-07-20 12:07:57,0,2024-07-20 12:07:57,,,
2020-06-22,焦炭,结算价,1956.50,-0.31%,1980,2020-06-22 00:00:00,1,0,2024-07-20 12:07:57,0,2024-07-20 12:07:57,,,
2020-06-19,焦炭,收盘价,1972.00,0.95%,1981,2020-06-19 00:00:00,1,0,2024-07-20 12:08:00,0,2024-07-20 12:08:00,,,
2020-06-19,焦炭,结算价,1962.50,0.77%,1982,2020-06-19 00:00:00,1,0,2024-07-20 12:08:00,0,2024-07-20 12:08:00,,,
2020-06-18,焦炭,收盘价,1953.50,1.01%,1983,2020-06-18 00:00:00,1,0,2024-07-20 12:08:00,0,2024-07-20 12:08:00,,,
2020-06-18,焦炭,结算价,1947.50,0.41%,1984,2020-06-18 00:00:00,1,0,2024-07-20 12:08:00,0,2024-07-20 12:08:00,,,
2020-06-17,焦炭,收盘价,1934.00,-0.69%,1985,2020-06-17 00:00:00,1,0,2024-07-20 12:08:00,0,2024-07-20 12:08:00,,,
2020-06-17,焦炭,结算价,1939.50,-0.21%,1986,2020-06-17 00:00:00,1,0,2024-07-20 12:08:00,0,2024-07-20 12:08:00,,,
2020-06-16,焦炭,收盘价,1947.50,0.8%,1987,2020-06-16 00:00:00,1,0,2024-07-20 12:08:00,0,2024-07-20 12:08:00,,,
2020-06-16,焦炭,结算价,1943.50,-0.38%,1988,2020-06-16 00:00:00,1,0,2024-07-20 12:08:00,0,2024-07-20 12:08:00,,,
2020-06-15,焦炭,收盘价,1932.00,-1.93%,1989,2020-06-15 00:00:00,1,0,2024-07-20 12:08:00,0,2024-07-20 12:08:00,,,
2020-06-15,焦炭,结算价,1951.00,0.31%,1990,2020-06-15 00:00:00,1,0,2024-07-20 12:08:00,0,2024-07-20 12:08:00,,,
2020-06-12,焦炭,收盘价,1970.00,0.77%,1991,2020-06-12 00:00:00,1,0,2024-07-20 12:08:00,0,2024-07-20 12:08:00,,,
2020-06-12,焦炭,结算价,1945.00,-0.84%,1992,2020-06-12 00:00:00,1,0,2024-07-20 12:08:00,0,2024-07-20 12:08:00,,,
2020-06-11,焦炭,收盘价,1955.00,-0.33%,1993,2020-06-11 00:00:00,1,0,2024-07-20 12:08:00,0,2024-07-20 12:08:00,,,
2020-06-11,焦炭,结算价,1961.50,0.2%,1994,2020-06-11 00:00:00,1,0,2024-07-20 12:08:00,0,2024-07-20 12:08:00,,,
2020-06-10,焦炭,收盘价,1961.50,0.31%,1995,2020-06-10 00:00:00,1,0,2024-07-20 12:08:00,0,2024-07-20 12:08:00,,,
2020-06-10,焦炭,结算价,1957.50,0.72%,1996,2020-06-10 00:00:00,1,0,2024-07-20 12:08:00,0,2024-07-20 12:08:00,,,
2020-06-09,焦炭,收盘价,1955.50,-0.13%,1997,2020-06-09 00:00:00,1,0,2024-07-20 12:08:00,0,2024-07-20 12:08:00,,,
2020-06-09,焦炭,结算价,1943.50,-1.07%,1998,2020-06-09 00:00:00,1,0,2024-07-20 12:08:00,0,2024-07-20 12:08:00,,,
2020-06-08,焦炭,收盘价,1958.00,0.2%,1999,2020-06-08 00:00:00,1,0,2024-07-20 12:08:00,0,2024-07-20 12:08:00,,,
2020-06-08,焦炭,结算价,1964.50,0.26%,2000,2020-06-08 00:00:00,1,0,2024-07-20 12:08:00,0,2024-07-20 12:08:00,,,
2020-06-05,焦炭,收盘价,1954.00,-0.48%,2001,2020-06-05 00:00:00,1,0,2024-07-20 12:08:00,0,2024-07-20 12:08:00,,,
2020-06-05,焦炭,结算价,1959.50,-0.56%,2002,2020-06-05 00:00:00,1,0,2024-07-20 12:08:00,0,2024-07-20 12:08:00,,,
2020-06-04,焦炭,收盘价,1963.50,0.9%,2003,2020-06-04 00:00:00,1,0,2024-07-20 12:08:00,0,2024-07-20 12:08:00,,,
2020-06-04,焦炭,结算价,1970.50,1.76%,2004,2020-06-04 00:00:00,1,0,2024-07-20 12:08:00,0,2024-07-20 12:08:00,,,
2020-06-03,焦炭,收盘价,1946.00,0.93%,2005,2020-06-03 00:00:00,1,0,2024-07-20 12:08:00,0,2024-07-20 12:08:00,,,
2020-06-03,焦炭,结算价,1936.50,0.89%,2006,2020-06-03 00:00:00,1,0,2024-07-20 12:08:00,0,2024-07-20 12:08:00,,,
2020-06-02,焦炭,收盘价,1928.00,1.74%,2007,2020-06-02 00:00:00,1,0,2024-07-20 12:08:00,0,2024-07-20 12:08:00,,,
2020-06-02,焦炭,结算价,1919.50,1.19%,2008,2020-06-02 00:00:00,1,0,2024-07-20 12:08:00,0,2024-07-20 12:08:00,,,
2020-06-01,焦炭,收盘价,1895.00,0.96%,2009,2020-06-01 00:00:00,1,0,2024-07-20 12:08:00,0,2024-07-20 12:08:00,,,
2020-06-01,焦炭,结算价,1897.00,1.47%,2010,2020-06-01 00:00:00,1,0,2024-07-20 12:08:00,0,2024-07-20 12:08:00,,,
2020-05-29,焦炭,收盘价,1877.00,1.19%,2011,2020-05-29 00:00:00,1,0,2024-07-20 12:08:03,0,2024-07-20 12:08:03,,,
2020-05-29,焦炭,结算价,1869.50,0.51%,2012,2020-05-29 00:00:00,1,0,2024-07-20 12:08:03,0,2024-07-20 12:08:03,,,
2020-05-28,焦炭,收盘价,1855.00,-0.43%,2013,2020-05-28 00:00:00,1,0,2024-07-20 12:08:03,0,2024-07-20 12:08:03,,,
2020-05-28,焦炭,结算价,1860.00,-0.03%,2014,2020-05-28 00:00:00,1,0,2024-07-20 12:08:03,0,2024-07-20 12:08:03,,,
2020-05-27,焦炭,收盘价,1863.00,-0.59%,2015,2020-05-27 00:00:00,1,0,2024-07-20 12:08:03,0,2024-07-20 12:08:03,,,
2020-05-27,焦炭,结算价,1860.50,-0.56%,2016,2020-05-27 00:00:00,1,0,2024-07-20 12:08:03,0,2024-07-20 12:08:03,,,
2020-05-26,焦炭,收盘价,1874.00,0.27%,2017,2020-05-26 00:00:00,1,0,2024-07-20 12:08:03,0,2024-07-20 12:08:03,,,
2020-05-26,焦炭,结算价,1871.00,1.03%,2018,2020-05-26 00:00:00,1,0,2024-07-20 12:08:03,0,2024-07-20 12:08:03,,,
2020-05-25,焦炭,收盘价,1869.00,3.32%,2019,2020-05-25 00:00:00,1,0,2024-07-20 12:08:03,0,2024-07-20 12:08:03,,,
2020-05-25,焦炭,结算价,1852.00,1.34%,2020,2020-05-25 00:00:00,1,0,2024-07-20 12:08:03,0,2024-07-20 12:08:03,,,
2020-05-22,焦炭,收盘价,1809.00,-2.24%,2021,2020-05-22 00:00:00,1,0,2024-07-20 12:08:03,0,2024-07-20 12:08:03,,,
2020-05-22,焦炭,结算价,1827.50,-0.73%,2022,2020-05-22 00:00:00,1,0,2024-07-20 12:08:03,0,2024-07-20 12:08:03,,,
2020-05-21,焦炭,收盘价,1850.50,1.73%,2023,2020-05-21 00:00:00,1,0,2024-07-20 12:08:03,0,2024-07-20 12:08:03,,,
2020-05-21,焦炭,结算价,1841.00,0.96%,2024,2020-05-21 00:00:00,1,0,2024-07-20 12:08:03,0,2024-07-20 12:08:03,,,
2020-05-20,焦炭,收盘价,1819.00,-1.01%,2025,2020-05-20 00:00:00,1,0,2024-07-20 12:08:03,0,2024-07-20 12:08:03,,,
2020-05-20,焦炭,结算价,1823.50,-0.25%,2026,2020-05-20 00:00:00,1,0,2024-07-20 12:08:03,0,2024-07-20 12:08:03,,,
2020-05-19,焦炭,收盘价,1837.50,1.18%,2027,2020-05-19 00:00:00,1,0,2024-07-20 12:08:03,0,2024-07-20 12:08:03,,,
2020-05-19,焦炭,结算价,1828.00,0.91%,2028,2020-05-19 00:00:00,1,0,2024-07-20 12:08:03,0,2024-07-20 12:08:03,,,
2020-05-18,焦炭,收盘价,1816.00,2.22%,2029,2020-05-18 00:00:00,1,0,2024-07-20 12:08:03,0,2024-07-20 12:08:03,,,
2020-05-18,焦炭,结算价,1811.50,1.86%,2030,2020-05-18 00:00:00,1,0,2024-07-20 12:08:03,0,2024-07-20 12:08:03,,,
2020-05-15,焦炭,收盘价,1776.50,0.11%,2031,2020-05-15 00:00:00,1,0,2024-07-20 12:08:03,0,2024-07-20 12:08:03,,,
2020-05-15,焦炭,结算价,1778.50,1.63%,2032,2020-05-15 00:00:00,1,0,2024-07-20 12:08:03,0,2024-07-20 12:08:03,,,
2020-05-14,焦炭,收盘价,1774.50,2.81%,2033,2020-05-14 00:00:00,1,0,2024-07-20 12:08:03,0,2024-07-20 12:08:03,,,
2020-05-14,焦炭,结算价,1750.00,1.19%,2034,2020-05-14 00:00:00,1,0,2024-07-20 12:08:03,0,2024-07-20 12:08:03,,,
2020-05-13,焦炭,收盘价,1726.00,-0.83%,2035,2020-05-13 00:00:00,1,0,2024-07-20 12:08:03,0,2024-07-20 12:08:03,,,
2020-05-13,焦炭,结算价,1729.50,-0.26%,2036,2020-05-13 00:00:00,1,0,2024-07-20 12:08:03,0,2024-07-20 12:08:03,,,
2020-05-12,焦炭,收盘价,1740.50,0.84%,2037,2020-05-12 00:00:00,1,0,2024-07-20 12:08:03,0,2024-07-20 12:08:03,,,
2020-05-12,焦炭,结算价,1734.00,-0.09%,2038,2020-05-12 00:00:00,1,0,2024-07-20 12:08:03,0,2024-07-20 12:08:03,,,
2020-05-11,焦炭,收盘价,1726.00,-1.37%,2039,2020-05-11 00:00:00,1,0,2024-07-20 12:08:03,0,2024-07-20 12:08:03,,,
2020-05-11,焦炭,结算价,1735.50,-0.91%,2040,2020-05-11 00:00:00,1,0,2024-07-20 12:08:03,0,2024-07-20 12:08:03,,,
2020-05-08,焦炭,收盘价,1750.00,0.52%,2041,2020-05-08 00:00:00,1,0,2024-07-20 12:08:07,0,2024-07-20 12:08:07,,,
2020-05-08,焦炭,结算价,1751.50,1.07%,2042,2020-05-08 00:00:00,1,0,2024-07-20 12:08:07,0,2024-07-20 12:08:07,,,
2020-05-07,焦炭,收盘价,1741.00,1.93%,2043,2020-05-07 00:00:00,1,0,2024-07-20 12:08:07,0,2024-07-20 12:08:07,,,
2020-05-07,焦炭,结算价,1733.00,1.37%,2044,2020-05-07 00:00:00,1,0,2024-07-20 12:08:07,0,2024-07-20 12:08:07,,,
2020-05-06,焦炭,收盘价,1708.00,0.89%,2045,2020-05-06 00:00:00,1,0,2024-07-20 12:08:07,0,2024-07-20 12:08:07,,,
2020-05-06,焦炭,结算价,1709.50,1.67%,2046,2020-05-06 00:00:00,1,0,2024-07-20 12:08:07,0,2024-07-20 12:08:07,,,
2020-04-30,焦炭,收盘价,1693.00,2.17%,2047,2020-04-30 00:00:00,1,0,2024-07-20 12:08:07,0,2024-07-20 12:08:07,,,
2020-04-30,焦炭,结算价,1681.50,1.79%,2048,2020-04-30 00:00:00,1,0,2024-07-20 12:08:07,0,2024-07-20 12:08:07,,,
2020-04-29,焦炭,收盘价,1657.00,1.13%,2049,2020-04-29 00:00:00,1,0,2024-07-20 12:08:07,0,2024-07-20 12:08:07,,,
2020-04-29,焦炭,结算价,1652.00,-0.45%,2050,2020-04-29 00:00:00,1,0,2024-07-20 12:08:07,0,2024-07-20 12:08:07,,,
2020-04-28,焦炭,收盘价,1638.50,-3.7%,2051,2020-04-28 00:00:00,1,0,2024-07-20 12:08:07,0,2024-07-20 12:08:07,,,
2020-04-28,焦炭,结算价,1659.50,-2.67%,2052,2020-04-28 00:00:00,1,0,2024-07-20 12:08:07,0,2024-07-20 12:08:07,,,
2020-04-27,焦炭,收盘价,1701.50,-0.79%,2053,2020-04-27 00:00:00,1,0,2024-07-20 12:08:07,0,2024-07-20 12:08:07,,,
2020-04-27,焦炭,结算价,1705.00,0.47%,2054,2020-04-27 00:00:00,1,0,2024-07-20 12:08:07,0,2024-07-20 12:08:07,,,
2020-04-24,焦炭,收盘价,1715.00,1.9%,2055,2020-04-24 00:00:00,1,0,2024-07-20 12:08:07,0,2024-07-20 12:08:07,,,
2020-04-24,焦炭,结算价,1697.00,-0.24%,2056,2020-04-24 00:00:00,1,0,2024-07-20 12:08:07,0,2024-07-20 12:08:07,,,
2020-04-23,焦炭,收盘价,1683.00,-0.71%,2057,2020-04-23 00:00:00,1,0,2024-07-20 12:08:07,0,2024-07-20 12:08:07,,,
2020-04-23,焦炭,结算价,1701.00,1.49%,2058,2020-04-23 00:00:00,1,0,2024-07-20 12:08:07,0,2024-07-20 12:08:07,,,
2020-04-22,焦炭,收盘价,1695.00,1.5%,2059,2020-04-22 00:00:00,1,0,2024-07-20 12:08:07,0,2024-07-20 12:08:07,,,
2020-04-22,焦炭,结算价,1676.00,0.15%,2060,2020-04-22 00:00:00,1,0,2024-07-20 12:08:07,0,2024-07-20 12:08:07,,,
2020-04-21,焦炭,收盘价,1670.00,-2.25%,2061,2020-04-21 00:00:00,1,0,2024-07-20 12:08:07,0,2024-07-20 12:08:07,,,
2020-04-21,焦炭,结算价,1673.50,-2.28%,2062,2020-04-21 00:00:00,1,0,2024-07-20 12:08:07,0,2024-07-20 12:08:07,,,
2020-04-20,焦炭,收盘价,1708.50,-0.52%,2063,2020-04-20 00:00:00,1,0,2024-07-20 12:08:07,0,2024-07-20 12:08:07,,,
2020-04-20,焦炭,结算价,1712.50,-0.46%,2064,2020-04-20 00:00:00,1,0,2024-07-20 12:08:07,0,2024-07-20 12:08:07,,,
2020-04-17,焦炭,收盘价,1717.50,0.03%,2065,2020-04-17 00:00:00,1,0,2024-07-20 12:08:07,0,2024-07-20 12:08:07,,,
2020-04-17,焦炭,结算价,1720.50,0.85%,2066,2020-04-17 00:00:00,1,0,2024-07-20 12:08:07,0,2024-07-20 12:08:07,,,
2020-04-16,焦炭,收盘价,1717.00,1.%,2067,2020-04-16 00:00:00,1,0,2024-07-20 12:08:07,0,2024-07-20 12:08:07,,,
2020-04-16,焦炭,结算价,1706.00,-0.93%,2068,2020-04-16 00:00:00,1,0,2024-07-20 12:08:07,0,2024-07-20 12:08:07,,,
2020-04-15,焦炭,收盘价,1700.00,-1.79%,2069,2020-04-15 00:00:00,1,0,2024-07-20 12:08:07,0,2024-07-20 12:08:07,,,
2020-04-15,焦炭,结算价,1722.00,-0.58%,2070,2020-04-15 00:00:00,1,0,2024-07-20 12:08:07,0,2024-07-20 12:08:07,,,
2020-04-14,焦炭,收盘价,1731.00,0.06%,2071,2020-04-14 00:00:00,1,0,2024-07-20 12:08:11,0,2024-07-20 12:08:11,,,
2020-04-14,焦炭,结算价,1732.00,-0.17%,2072,2020-04-14 00:00:00,1,0,2024-07-20 12:08:11,0,2024-07-20 12:08:11,,,
2020-04-13,焦炭,收盘价,1730.00,0.%,2073,2020-04-13 00:00:00,1,0,2024-07-20 12:08:11,0,2024-07-20 12:08:11,,,
2020-04-13,焦炭,结算价,1735.00,1.4%,2074,2020-04-13 00:00:00,1,0,2024-07-20 12:08:11,0,2024-07-20 12:08:11,,,
2020-04-10,焦炭,收盘价,1730.00,1.82%,2075,2020-04-10 00:00:00,1,0,2024-07-20 12:08:11,0,2024-07-20 12:08:11,,,
2020-04-10,焦炭,结算价,1711.00,1.33%,2076,2020-04-10 00:00:00,1,0,2024-07-20 12:08:11,0,2024-07-20 12:08:11,,,
2020-04-09,焦炭,收盘价,1699.00,1.13%,2077,2020-04-09 00:00:00,1,0,2024-07-20 12:08:11,0,2024-07-20 12:08:11,,,
2020-04-09,焦炭,结算价,1688.50,1.53%,2078,2020-04-09 00:00:00,1,0,2024-07-20 12:08:11,0,2024-07-20 12:08:11,,,
2020-04-08,焦炭,收盘价,1680.00,2.13%,2079,2020-04-08 00:00:00,1,0,2024-07-20 12:08:11,0,2024-07-20 12:08:11,,,
2020-04-08,焦炭,结算价,1663.00,1.31%,2080,2020-04-08 00:00:00,1,0,2024-07-20 12:08:11,0,2024-07-20 12:08:11,,,
2020-04-07,焦炭,收盘价,1645.00,1.7%,2081,2020-04-07 00:00:00,1,0,2024-07-20 12:08:11,0,2024-07-20 12:08:11,,,
2020-04-07,焦炭,结算价,1641.50,1.02%,2082,2020-04-07 00:00:00,1,0,2024-07-20 12:08:11,0,2024-07-20 12:08:11,,,
2020-04-03,焦炭,收盘价,1617.50,-2.85%,2083,2020-04-03 00:00:00,1,0,2024-07-20 12:08:11,0,2024-07-20 12:08:11,,,
2020-04-03,焦炭,结算价,1625.00,0.71%,2084,2020-04-03 00:00:00,1,0,2024-07-20 12:08:11,0,2024-07-20 12:08:11,,,
2020-04-02,焦炭,收盘价,1665.00,4.45%,2085,2020-04-02 00:00:00,1,0,2024-07-20 12:08:11,0,2024-07-20 12:08:11,,,
2020-04-02,焦炭,结算价,1613.50,0.28%,2086,2020-04-02 00:00:00,1,0,2024-07-20 12:08:11,0,2024-07-20 12:08:11,,,
2020-04-01,焦炭,收盘价,1594.00,-3.71%,2087,2020-04-01 00:00:00,1,0,2024-07-20 12:08:11,0,2024-07-20 12:08:11,,,
2020-04-01,焦炭,结算价,1609.00,-3.91%,2088,2020-04-01 00:00:00,1,0,2024-07-20 12:08:11,0,2024-07-20 12:08:11,,,
2020-03-31,焦炭,收盘价,1655.50,-6.31%,2089,2020-03-31 00:00:00,1,0,2024-07-20 12:08:11,0,2024-07-20 12:08:11,,,
2020-03-31,焦炭,结算价,1674.50,-5.66%,2090,2020-03-31 00:00:00,1,0,2024-07-20 12:08:11,0,2024-07-20 12:08:11,,,
2020-03-30,焦炭,收盘价,1767.00,-1.83%,2091,2020-03-30 00:00:00,1,0,2024-07-20 12:08:11,0,2024-07-20 12:08:11,,,
2020-03-30,焦炭,结算价,1775.00,-1.06%,2092,2020-03-30 00:00:00,1,0,2024-07-20 12:08:11,0,2024-07-20 12:08:11,,,
2020-03-27,焦炭,收盘价,1800.00,0.39%,2093,2020-03-27 00:00:00,1,0,2024-07-20 12:08:11,0,2024-07-20 12:08:11,,,
2020-03-27,焦炭,结算价,1794.00,-0.08%,2094,2020-03-27 00:00:00,1,0,2024-07-20 12:08:11,0,2024-07-20 12:08:11,,,
2020-03-26,焦炭,收盘价,1793.00,-0.44%,2095,2020-03-26 00:00:00,1,0,2024-07-20 12:08:11,0,2024-07-20 12:08:11,,,
2020-03-26,焦炭,结算价,1795.50,-0.39%,2096,2020-03-26 00:00:00,1,0,2024-07-20 12:08:11,0,2024-07-20 12:08:11,,,
2020-03-25,焦炭,收盘价,1801.00,0.31%,2097,2020-03-25 00:00:00,1,0,2024-07-20 12:08:11,0,2024-07-20 12:08:11,,,
2020-03-25,焦炭,结算价,1802.50,1.35%,2098,2020-03-25 00:00:00,1,0,2024-07-20 12:08:11,0,2024-07-20 12:08:11,,,
2020-03-24,焦炭,收盘价,1795.50,1.73%,2099,2020-03-24 00:00:00,1,0,2024-07-20 12:08:11,0,2024-07-20 12:08:11,,,
2020-03-24,焦炭,结算价,1778.50,0.62%,2100,2020-03-24 00:00:00,1,0,2024-07-20 12:08:11,0,2024-07-20 12:08:11,,,
2020-03-23,焦炭,收盘价,1765.00,-1.18%,2101,2020-03-23 00:00:00,1,0,2024-07-20 12:08:14,0,2024-07-20 12:08:14,,,
2020-03-23,焦炭,结算价,1767.50,-1.64%,2102,2020-03-23 00:00:00,1,0,2024-07-20 12:08:14,0,2024-07-20 12:08:14,,,
2020-03-20,焦炭,收盘价,1786.00,-1.3%,2103,2020-03-20 00:00:00,1,0,2024-07-20 12:08:14,0,2024-07-20 12:08:14,,,
2020-03-20,焦炭,结算价,1797.00,0.36%,2104,2020-03-20 00:00:00,1,0,2024-07-20 12:08:14,0,2024-07-20 12:08:14,,,
2020-03-19,焦炭,收盘价,1809.50,-1.04%,2105,2020-03-19 00:00:00,1,0,2024-07-20 12:08:14,0,2024-07-20 12:08:14,,,
2020-03-19,焦炭,结算价,1790.50,-3.27%,2106,2020-03-19 00:00:00,1,0,2024-07-20 12:08:14,0,2024-07-20 12:08:14,,,
2020-03-18,焦炭,收盘价,1828.50,-1.24%,2107,2020-03-18 00:00:00,1,0,2024-07-20 12:08:14,0,2024-07-20 12:08:14,,,
2020-03-18,焦炭,结算价,1851.00,0.22%,2108,2020-03-18 00:00:00,1,0,2024-07-20 12:08:14,0,2024-07-20 12:08:14,,,
2020-03-17,焦炭,收盘价,1851.50,0.27%,2109,2020-03-17 00:00:00,1,0,2024-07-20 12:08:14,0,2024-07-20 12:08:14,,,
2020-03-17,焦炭,结算价,1847.00,-0.51%,2110,2020-03-17 00:00:00,1,0,2024-07-20 12:08:14,0,2024-07-20 12:08:14,,,
2020-03-16,焦炭,收盘价,1846.50,-1.73%,2111,2020-03-16 00:00:00,1,0,2024-07-20 12:08:14,0,2024-07-20 12:08:14,,,
2020-03-16,焦炭,结算价,1856.50,1.12%,2112,2020-03-16 00:00:00,1,0,2024-07-20 12:08:14,0,2024-07-20 12:08:14,,,
2020-03-13,焦炭,收盘价,1879.00,2.82%,2113,2020-03-13 00:00:00,1,0,2024-07-20 12:08:14,0,2024-07-20 12:08:14,,,
2020-03-13,焦炭,结算价,1836.00,0.77%,2114,2020-03-13 00:00:00,1,0,2024-07-20 12:08:14,0,2024-07-20 12:08:14,,,
2020-03-12,焦炭,收盘价,1827.50,0.3%,2115,2020-03-12 00:00:00,1,0,2024-07-20 12:08:14,0,2024-07-20 12:08:14,,,
2020-03-12,焦炭,结算价,1822.00,-0.14%,2116,2020-03-12 00:00:00,1,0,2024-07-20 12:08:14,0,2024-07-20 12:08:14,,,
2020-03-11,焦炭,收盘价,1822.00,0.08%,2117,2020-03-11 00:00:00,1,0,2024-07-20 12:08:14,0,2024-07-20 12:08:14,,,
2020-03-11,焦炭,结算价,1824.50,0.41%,2118,2020-03-11 00:00:00,1,0,2024-07-20 12:08:14,0,2024-07-20 12:08:14,,,
2020-03-10,焦炭,收盘价,1820.50,0.39%,2119,2020-03-10 00:00:00,1,0,2024-07-20 12:08:14,0,2024-07-20 12:08:14,,,
2020-03-10,焦炭,结算价,1817.00,1.96%,2120,2020-03-10 00:00:00,1,0,2024-07-20 12:08:14,0,2024-07-20 12:08:14,,,
2020-03-09,焦炭,收盘价,1813.50,0.69%,2121,2020-03-09 00:00:00,1,0,2024-07-20 12:08:14,0,2024-07-20 12:08:14,,,
2020-03-09,焦炭,结算价,1782.00,-2.11%,2122,2020-03-09 00:00:00,1,0,2024-07-20 12:08:14,0,2024-07-20 12:08:14,,,
2020-03-06,焦炭,收盘价,1801.00,-1.58%,2123,2020-03-06 00:00:00,1,0,2024-07-20 12:08:14,0,2024-07-20 12:08:14,,,
2020-03-06,焦炭,结算价,1820.50,-0.71%,2124,2020-03-06 00:00:00,1,0,2024-07-20 12:08:14,0,2024-07-20 12:08:14,,,
2020-03-05,焦炭,收盘价,1830.00,-0.16%,2125,2020-03-05 00:00:00,1,0,2024-07-20 12:08:14,0,2024-07-20 12:08:14,,,
2020-03-05,焦炭,结算价,1833.50,0.36%,2126,2020-03-05 00:00:00,1,0,2024-07-20 12:08:14,0,2024-07-20 12:08:14,,,
2020-03-04,焦炭,收盘价,1833.00,0.25%,2127,2020-03-04 00:00:00,1,0,2024-07-20 12:08:14,0,2024-07-20 12:08:14,,,
2020-03-04,焦炭,结算价,1827.00,-0.49%,2128,2020-03-04 00:00:00,1,0,2024-07-20 12:08:14,0,2024-07-20 12:08:14,,,
2020-03-03,焦炭,收盘价,1828.50,-0.52%,2129,2020-03-03 00:00:00,1,0,2024-07-20 12:08:14,0,2024-07-20 12:08:14,,,
2020-03-03,焦炭,结算价,1836.00,0.58%,2130,2020-03-03 00:00:00,1,0,2024-07-20 12:08:14,0,2024-07-20 12:08:14,,,
2020-03-02,焦炭,收盘价,1838.00,2.74%,2131,2020-03-02 00:00:00,1,0,2024-07-20 12:08:18,0,2024-07-20 12:08:18,,,
2020-03-02,焦炭,结算价,1825.50,1.93%,2132,2020-03-02 00:00:00,1,0,2024-07-20 12:08:18,0,2024-07-20 12:08:18,,,
2020-02-28,焦炭,收盘价,1789.00,-0.89%,2133,2020-02-28 00:00:00,1,0,2024-07-20 12:08:18,0,2024-07-20 12:08:18,,,
2020-02-28,焦炭,结算价,1791.00,-1.7%,2134,2020-02-28 00:00:00,1,0,2024-07-20 12:08:18,0,2024-07-20 12:08:18,,,
2020-02-27,焦炭,收盘价,1805.00,-2.11%,2135,2020-02-27 00:00:00,1,0,2024-07-20 12:08:18,0,2024-07-20 12:08:18,,,
2020-02-27,焦炭,结算价,1822.00,-1.75%,2136,2020-02-27 00:00:00,1,0,2024-07-20 12:08:18,0,2024-07-20 12:08:18,,,
2020-02-26,焦炭,收盘价,1844.00,-1.39%,2137,2020-02-26 00:00:00,1,0,2024-07-20 12:08:18,0,2024-07-20 12:08:18,,,
2020-02-26,焦炭,结算价,1854.50,-0.03%,2138,2020-02-26 00:00:00,1,0,2024-07-20 12:08:18,0,2024-07-20 12:08:18,,,
2020-02-25,焦炭,收盘价,1870.00,0.32%,2139,2020-02-25 00:00:00,1,0,2024-07-20 12:08:18,0,2024-07-20 12:08:18,,,
2020-02-25,焦炭,结算价,1855.00,-0.67%,2140,2020-02-25 00:00:00,1,0,2024-07-20 12:08:18,0,2024-07-20 12:08:18,,,
2020-02-24,焦炭,收盘价,1864.00,-0.16%,2141,2020-02-24 00:00:00,1,0,2024-07-20 12:08:18,0,2024-07-20 12:08:18,,,
2020-02-24,焦炭,结算价,1867.50,-0.03%,2142,2020-02-24 00:00:00,1,0,2024-07-20 12:08:18,0,2024-07-20 12:08:18,,,
2020-02-21,焦炭,收盘价,1867.00,-0.43%,2143,2020-02-21 00:00:00,1,0,2024-07-20 12:08:18,0,2024-07-20 12:08:18,,,
2020-02-21,焦炭,结算价,1868.00,0.46%,2144,2020-02-21 00:00:00,1,0,2024-07-20 12:08:18,0,2024-07-20 12:08:18,,,
2020-02-20,焦炭,收盘价,1875.00,1.79%,2145,2020-02-20 00:00:00,1,0,2024-07-20 12:08:18,0,2024-07-20 12:08:18,,,
2020-02-20,焦炭,结算价,1859.50,0.65%,2146,2020-02-20 00:00:00,1,0,2024-07-20 12:08:18,0,2024-07-20 12:08:18,,,
2020-02-19,焦炭,收盘价,1842.00,-0.38%,2147,2020-02-19 00:00:00,1,0,2024-07-20 12:08:18,0,2024-07-20 12:08:18,,,
2020-02-19,焦炭,结算价,1847.50,-0.4%,2148,2020-02-19 00:00:00,1,0,2024-07-20 12:08:18,0,2024-07-20 12:08:18,,,
2020-02-18,焦炭,收盘价,1849.00,-1.18%,2149,2020-02-18 00:00:00,1,0,2024-07-20 12:08:18,0,2024-07-20 12:08:18,,,
2020-02-18,焦炭,结算价,1855.00,-0.86%,2150,2020-02-18 00:00:00,1,0,2024-07-20 12:08:18,0,2024-07-20 12:08:18,,,
2020-02-17,焦炭,收盘价,1871.00,-0.56%,2151,2020-02-17 00:00:00,1,0,2024-07-20 12:08:18,0,2024-07-20 12:08:18,,,
2020-02-17,焦炭,结算价,1871.00,-0.32%,2152,2020-02-17 00:00:00,1,0,2024-07-20 12:08:18,0,2024-07-20 12:08:18,,,
2020-02-14,焦炭,收盘价,1881.50,0.08%,2153,2020-02-14 00:00:00,1,0,2024-07-20 12:08:18,0,2024-07-20 12:08:18,,,
2020-02-14,焦炭,结算价,1877.00,-0.27%,2154,2020-02-14 00:00:00,1,0,2024-07-20 12:08:18,0,2024-07-20 12:08:18,,,
2020-02-13,焦炭,收盘价,1880.00,-0.32%,2155,2020-02-13 00:00:00,1,0,2024-07-20 12:08:18,0,2024-07-20 12:08:18,,,
2020-02-13,焦炭,结算价,1882.00,0.67%,2156,2020-02-13 00:00:00,1,0,2024-07-20 12:08:18,0,2024-07-20 12:08:18,,,
2020-02-12,焦炭,收盘价,1886.00,1.67%,2157,2020-02-12 00:00:00,1,0,2024-07-20 12:08:18,0,2024-07-20 12:08:18,,,
2020-02-12,焦炭,结算价,1869.50,1.6%,2158,2020-02-12 00:00:00,1,0,2024-07-20 12:08:18,0,2024-07-20 12:08:18,,,
2020-02-11,焦炭,收盘价,1855.00,3.11%,2159,2020-02-11 00:00:00,1,0,2024-07-20 12:08:18,0,2024-07-20 12:08:18,,,
2020-02-11,焦炭,结算价,1840.00,2.31%,2160,2020-02-11 00:00:00,1,0,2024-07-20 12:08:18,0,2024-07-20 12:08:18,,,
2020-02-10,焦炭,收盘价,1799.00,0.31%,2161,2020-02-10 00:00:00,1,0,2024-07-20 12:08:21,0,2024-07-20 12:08:21,,,
2020-02-10,焦炭,结算价,1798.50,0.53%,2162,2020-02-10 00:00:00,1,0,2024-07-20 12:08:21,0,2024-07-20 12:08:21,,,
2020-02-07,焦炭,收盘价,1793.50,0.%,2163,2020-02-07 00:00:00,1,0,2024-07-20 12:08:21,0,2024-07-20 12:08:21,,,
2020-02-07,焦炭,结算价,1789.00,0.22%,2164,2020-02-07 00:00:00,1,0,2024-07-20 12:08:21,0,2024-07-20 12:08:21,,,
2020-02-06,焦炭,收盘价,1793.50,1.04%,2165,2020-02-06 00:00:00,1,0,2024-07-20 12:08:21,0,2024-07-20 12:08:21,,,
2020-02-06,焦炭,结算价,1785.00,0.48%,2166,2020-02-06 00:00:00,1,0,2024-07-20 12:08:21,0,2024-07-20 12:08:21,,,
2020-02-05,焦炭,收盘价,1775.00,-0.17%,2167,2020-02-05 00:00:00,1,0,2024-07-20 12:08:21,0,2024-07-20 12:08:21,,,
2020-02-05,焦炭,结算价,1776.50,0.54%,2168,2020-02-05 00:00:00,1,0,2024-07-20 12:08:21,0,2024-07-20 12:08:21,,,
2020-02-04,焦炭,收盘价,1778.00,2.6%,2169,2020-02-04 00:00:00,1,0,2024-07-20 12:08:21,0,2024-07-20 12:08:21,,,
2020-02-04,焦炭,结算价,1767.00,0.31%,2170,2020-02-04 00:00:00,1,0,2024-07-20 12:08:21,0,2024-07-20 12:08:21,,,
2020-02-03,焦炭,收盘价,1733.00,-5.4%,2171,2020-02-03 00:00:00,1,0,2024-07-20 12:08:21,0,2024-07-20 12:08:21,,,
2020-02-03,焦炭,结算价,1761.50,-4.34%,2172,2020-02-03 00:00:00,1,0,2024-07-20 12:08:21,0,2024-07-20 12:08:21,,,
2020-01-23,焦炭,收盘价,1832.00,-1.45%,2173,2020-01-23 00:00:00,1,0,2024-07-20 12:08:21,0,2024-07-20 12:08:21,,,
2020-01-23,焦炭,结算价,1841.50,0.11%,2174,2020-01-23 00:00:00,1,0,2024-07-20 12:08:21,0,2024-07-20 12:08:21,,,
2020-01-22,焦炭,收盘价,1859.00,-0.11%,2175,2020-01-22 00:00:00,1,0,2024-07-20 12:08:21,0,2024-07-20 12:08:21,,,
2020-01-22,焦炭,结算价,1839.50,-1.31%,2176,2020-01-22 00:00:00,1,0,2024-07-20 12:08:21,0,2024-07-20 12:08:21,,,
2020-01-21,焦炭,收盘价,1861.00,-1.04%,2177,2020-01-21 00:00:00,1,0,2024-07-20 12:08:21,0,2024-07-20 12:08:21,,,
2020-01-21,焦炭,结算价,1864.00,-0.77%,2178,2020-01-21 00:00:00,1,0,2024-07-20 12:08:21,0,2024-07-20 12:08:21,,,
2020-01-20,焦炭,收盘价,1880.50,0.29%,2179,2020-01-20 00:00:00,1,0,2024-07-20 12:08:21,0,2024-07-20 12:08:21,,,
2020-01-20,焦炭,结算价,1878.50,0.59%,2180,2020-01-20 00:00:00,1,0,2024-07-20 12:08:21,0,2024-07-20 12:08:21,,,
2020-01-17,焦炭,收盘价,1875.00,0.94%,2181,2020-01-17 00:00:00,1,0,2024-07-20 12:08:21,0,2024-07-20 12:08:21,,,
2020-01-17,焦炭,结算价,1867.50,0.46%,2182,2020-01-17 00:00:00,1,0,2024-07-20 12:08:21,0,2024-07-20 12:08:21,,,
2020-01-16,焦炭,收盘价,1857.50,0.27%,2183,2020-01-16 00:00:00,1,0,2024-07-20 12:08:21,0,2024-07-20 12:08:21,,,
2020-01-16,焦炭,结算价,1859.00,0.13%,2184,2020-01-16 00:00:00,1,0,2024-07-20 12:08:21,0,2024-07-20 12:08:21,,,
2020-01-15,焦炭,收盘价,1852.50,-0.51%,2185,2020-01-15 00:00:00,1,0,2024-07-20 12:08:21,0,2024-07-20 12:08:21,,,
2020-01-15,焦炭,结算价,1856.50,-0.05%,2186,2020-01-15 00:00:00,1,0,2024-07-20 12:08:21,0,2024-07-20 12:08:21,,,
2020-01-14,焦炭,收盘价,1862.00,0.76%,2187,2020-01-14 00:00:00,1,0,2024-07-20 12:08:21,0,2024-07-20 12:08:21,,,
2020-01-14,焦炭,结算价,1857.50,-0.19%,2188,2020-01-14 00:00:00,1,0,2024-07-20 12:08:21,0,2024-07-20 12:08:21,,,
2020-01-13,焦炭,收盘价,1848.00,-1.81%,2189,2020-01-13 00:00:00,1,0,2024-07-20 12:08:21,0,2024-07-20 12:08:21,,,
2020-01-13,焦炭,结算价,1861.00,-1.14%,2190,2020-01-13 00:00:00,1,0,2024-07-20 12:08:21,0,2024-07-20 12:08:21,,,
2020-01-10,焦炭,收盘价,1882.00,0.13%,2191,2020-01-10 00:00:00,1,0,2024-07-20 12:08:25,0,2024-07-20 12:08:25,,,
2020-01-10,焦炭,结算价,1882.50,-0.58%,2192,2020-01-10 00:00:00,1,0,2024-07-20 12:08:25,0,2024-07-20 12:08:25,,,
2020-01-09,焦炭,收盘价,1879.50,-1.52%,2193,2020-01-09 00:00:00,1,0,2024-07-20 12:08:25,0,2024-07-20 12:08:25,,,
2020-01-09,焦炭,结算价,1893.50,-0.68%,2194,2020-01-09 00:00:00,1,0,2024-07-20 12:08:25,0,2024-07-20 12:08:25,,,
2020-01-08,焦炭,收盘价,1908.50,0.93%,2195,2020-01-08 00:00:00,1,0,2024-07-20 12:08:25,0,2024-07-20 12:08:25,,,
2020-01-08,焦炭,结算价,1906.50,1.22%,2196,2020-01-08 00:00:00,1,0,2024-07-20 12:08:25,0,2024-07-20 12:08:25,,,
2020-01-07,焦炭,收盘价,1891.00,0.42%,2197,2020-01-07 00:00:00,1,0,2024-07-20 12:08:25,0,2024-07-20 12:08:25,,,
2020-01-07,焦炭,结算价,1883.50,0.56%,2198,2020-01-07 00:00:00,1,0,2024-07-20 12:08:25,0,2024-07-20 12:08:25,,,
2020-01-06,焦炭,收盘价,1883.00,0.86%,2199,2020-01-06 00:00:00,1,0,2024-07-20 12:08:25,0,2024-07-20 12:08:25,,,
2020-01-06,焦炭,结算价,1873.00,0.19%,2200,2020-01-06 00:00:00,1,0,2024-07-20 12:08:25,0,2024-07-20 12:08:25,,,
2020-01-03,焦炭,收盘价,1867.00,-0.05%,2201,2020-01-03 00:00:00,1,0,2024-07-20 12:08:25,0,2024-07-20 12:08:25,,,
2020-01-03,焦炭,结算价,1869.50,-0.51%,2202,2020-01-03 00:00:00,1,0,2024-07-20 12:08:25,0,2024-07-20 12:08:25,,,
2020-01-02,焦炭,收盘价,1868.00,-0.8%,2203,2020-01-02 00:00:00,1,0,2024-07-20 12:08:25,0,2024-07-20 12:08:25,,,
2020-01-02,焦炭,结算价,1879.00,0.4%,2204,2020-01-02 00:00:00,1,0,2024-07-20 12:08:25,0,2024-07-20 12:08:25,,,
2019-12-31,焦炭,收盘价,1883.00,1.15%,2205,2019-12-31 00:00:00,1,0,2024-07-20 12:08:25,0,2024-07-20 12:08:25,,,
2019-12-31,焦炭,结算价,1871.50,0.65%,2206,2019-12-31 00:00:00,1,0,2024-07-20 12:08:25,0,2024-07-20 12:08:25,,,
2019-12-30,焦炭,收盘价,1861.50,0.32%,2207,2019-12-30 00:00:00,1,0,2024-07-20 12:08:25,0,2024-07-20 12:08:25,,,
2019-12-30,焦炭,结算价,1859.50,-0.05%,2208,2019-12-30 00:00:00,1,0,2024-07-20 12:08:25,0,2024-07-20 12:08:25,,,
2019-12-27,焦炭,收盘价,1855.50,0.16%,2209,2019-12-27 00:00:00,1,0,2024-07-20 12:08:25,0,2024-07-20 12:08:25,,,
2019-12-27,焦炭,结算价,1860.50,0.73%,2210,2019-12-27 00:00:00,1,0,2024-07-20 12:08:25,0,2024-07-20 12:08:25,,,
2019-12-26,焦炭,收盘价,1852.50,0.35%,2211,2019-12-26 00:00:00,1,0,2024-07-20 12:08:25,0,2024-07-20 12:08:25,,,
2019-12-26,焦炭,结算价,1847.00,-0.03%,2212,2019-12-26 00:00:00,1,0,2024-07-20 12:08:25,0,2024-07-20 12:08:25,,,
2019-12-25,焦炭,收盘价,1846.00,-0.43%,2213,2019-12-25 00:00:00,1,0,2024-07-20 12:08:25,0,2024-07-20 12:08:25,,,
2019-12-25,焦炭,结算价,1847.50,0.14%,2214,2019-12-25 00:00:00,1,0,2024-07-20 12:08:25,0,2024-07-20 12:08:25,,,
2019-12-24,焦炭,收盘价,1854.00,-0.48%,2215,2019-12-24 00:00:00,1,0,2024-07-20 12:08:25,0,2024-07-20 12:08:25,,,
2019-12-24,焦炭,结算价,1845.00,-1.39%,2216,2019-12-24 00:00:00,1,0,2024-07-20 12:08:25,0,2024-07-20 12:08:25,,,
2019-12-23,焦炭,收盘价,1863.00,-0.48%,2217,2019-12-23 00:00:00,1,0,2024-07-20 12:08:25,0,2024-07-20 12:08:25,,,
2019-12-23,焦炭,结算价,1871.00,-0.29%,2218,2019-12-23 00:00:00,1,0,2024-07-20 12:08:25,0,2024-07-20 12:08:25,,,
2019-12-20,焦炭,收盘价,1872.00,-0.82%,2219,2019-12-20 00:00:00,1,0,2024-07-20 12:08:25,0,2024-07-20 12:08:25,,,
2019-12-20,焦炭,结算价,1876.50,0.19%,2220,2019-12-20 00:00:00,1,0,2024-07-20 12:08:25,0,2024-07-20 12:08:25,,,
2019-12-19,焦炭,收盘价,1887.50,1.37%,2221,2019-12-19 00:00:00,1,0,2024-07-20 12:08:28,0,2024-07-20 12:08:28,,,
2019-12-19,焦炭,结算价,1873.00,0.78%,2222,2019-12-19 00:00:00,1,0,2024-07-20 12:08:28,0,2024-07-20 12:08:28,,,
2019-12-18,焦炭,收盘价,1862.00,0.4%,2223,2019-12-18 00:00:00,1,0,2024-07-20 12:08:28,0,2024-07-20 12:08:28,,,
2019-12-18,焦炭,结算价,1858.50,1.01%,2224,2019-12-18 00:00:00,1,0,2024-07-20 12:08:28,0,2024-07-20 12:08:28,,,
2019-12-17,焦炭,收盘价,1854.50,1.59%,2225,2019-12-17 00:00:00,1,0,2024-07-20 12:08:28,0,2024-07-20 12:08:28,,,
2019-12-17,焦炭,结算价,1840.00,-0.14%,2226,2019-12-17 00:00:00,1,0,2024-07-20 12:08:28,0,2024-07-20 12:08:28,,,
2019-12-16,焦炭,收盘价,1825.50,-1.22%,2227,2019-12-16 00:00:00,1,0,2024-07-20 12:08:28,0,2024-07-20 12:08:28,,,
2019-12-16,焦炭,结算价,1842.50,-0.05%,2228,2019-12-16 00:00:00,1,0,2024-07-20 12:08:28,0,2024-07-20 12:08:28,,,
2019-12-13,焦炭,收盘价,1848.00,0.16%,2229,2019-12-13 00:00:00,1,0,2024-07-20 12:08:28,0,2024-07-20 12:08:28,,,
2019-12-13,焦炭,结算价,1843.50,-0.65%,2230,2019-12-13 00:00:00,1,0,2024-07-20 12:08:28,0,2024-07-20 12:08:28,,,
2019-12-12,焦炭,收盘价,1845.00,-0.97%,2231,2019-12-12 00:00:00,1,0,2024-07-20 12:08:28,0,2024-07-20 12:08:28,,,
2019-12-12,焦炭,结算价,1855.50,-0.24%,2232,2019-12-12 00:00:00,1,0,2024-07-20 12:08:28,0,2024-07-20 12:08:28,,,
2019-12-11,焦炭,收盘价,1863.00,-2.89%,2233,2019-12-11 00:00:00,1,0,2024-07-20 12:08:28,0,2024-07-20 12:08:28,,,
2019-12-11,焦炭,结算价,1860.00,-3.38%,2234,2019-12-11 00:00:00,1,0,2024-07-20 12:08:28,0,2024-07-20 12:08:28,,,
2019-12-10,焦炭,收盘价,1918.50,-0.42%,2235,2019-12-10 00:00:00,1,0,2024-07-20 12:08:28,0,2024-07-20 12:08:28,,,
2019-12-10,焦炭,结算价,1925.00,1.02%,2236,2019-12-10 00:00:00,1,0,2024-07-20 12:08:28,0,2024-07-20 12:08:28,,,
2019-12-09,焦炭,收盘价,1926.50,2.83%,2237,2019-12-09 00:00:00,1,0,2024-07-20 12:08:28,0,2024-07-20 12:08:28,,,
2019-12-09,焦炭,结算价,1905.50,1.79%,2238,2019-12-09 00:00:00,1,0,2024-07-20 12:08:28,0,2024-07-20 12:08:28,,,
2019-12-06,焦炭,收盘价,1873.50,0.29%,2239,2019-12-06 00:00:00,1,0,2024-07-20 12:08:28,0,2024-07-20 12:08:28,,,
2019-12-06,焦炭,结算价,1872.00,-0.4%,2240,2019-12-06 00:00:00,1,0,2024-07-20 12:08:28,0,2024-07-20 12:08:28,,,
2019-12-05,焦炭,收盘价,1868.00,-0.29%,2241,2019-12-05 00:00:00,1,0,2024-07-20 12:08:28,0,2024-07-20 12:08:28,,,
2019-12-05,焦炭,结算价,1879.50,0.45%,2242,2019-12-05 00:00:00,1,0,2024-07-20 12:08:28,0,2024-07-20 12:08:28,,,
2019-12-04,焦炭,收盘价,1873.50,0.75%,2243,2019-12-04 00:00:00,1,0,2024-07-20 12:08:28,0,2024-07-20 12:08:28,,,
2019-12-04,焦炭,结算价,1871.00,0.65%,2244,2019-12-04 00:00:00,1,0,2024-07-20 12:08:28,0,2024-07-20 12:08:28,,,
2019-12-03,焦炭,收盘价,1859.50,0.32%,2245,2019-12-03 00:00:00,1,0,2024-07-20 12:08:28,0,2024-07-20 12:08:28,,,
2019-12-03,焦炭,结算价,1859.00,1.09%,2246,2019-12-03 00:00:00,1,0,2024-07-20 12:08:28,0,2024-07-20 12:08:28,,,
2019-12-02,焦炭,收盘价,1853.50,0.22%,2247,2019-12-02 00:00:00,1,0,2024-07-20 12:08:28,0,2024-07-20 12:08:28,,,
2019-12-02,焦炭,结算价,1839.00,-1.%,2248,2019-12-02 00:00:00,1,0,2024-07-20 12:08:28,0,2024-07-20 12:08:28,,,
2019-11-29,焦炭,收盘价,1849.50,-0.56%,2249,2019-11-29 00:00:00,1,0,2024-07-20 12:08:28,0,2024-07-20 12:08:28,,,
2019-11-29,焦炭,结算价,1857.50,-0.03%,2250,2019-11-29 00:00:00,1,0,2024-07-20 12:08:28,0,2024-07-20 12:08:28,,,
2019-11-28,焦炭,收盘价,1860.00,-0.24%,2251,2019-11-28 00:00:00,1,0,2024-07-20 12:08:32,0,2024-07-20 12:08:32,,,
2019-11-28,焦炭,结算价,1858.00,-0.3%,2252,2019-11-28 00:00:00,1,0,2024-07-20 12:08:32,0,2024-07-20 12:08:32,,,
2019-11-27,焦炭,收盘价,1864.50,0.3%,2253,2019-11-27 00:00:00,1,0,2024-07-20 12:08:32,0,2024-07-20 12:08:32,,,
2019-11-27,焦炭,结算价,1863.50,-0.4%,2254,2019-11-27 00:00:00,1,0,2024-07-20 12:08:32,0,2024-07-20 12:08:32,,,
2019-11-26,焦炭,收盘价,1859.00,-2.34%,2255,2019-11-26 00:00:00,1,0,2024-07-20 12:08:32,0,2024-07-20 12:08:32,,,
2019-11-26,焦炭,结算价,1871.00,0.19%,2256,2019-11-26 00:00:00,1,0,2024-07-20 12:08:32,0,2024-07-20 12:08:32,,,
2019-11-25,焦炭,收盘价,1903.50,4.9%,2257,2019-11-25 00:00:00,1,0,2024-07-20 12:08:32,0,2024-07-20 12:08:32,,,
2019-11-25,焦炭,结算价,1867.50,3.18%,2258,2019-11-25 00:00:00,1,0,2024-07-20 12:08:32,0,2024-07-20 12:08:32,,,
2019-11-22,焦炭,收盘价,1814.50,0.69%,2259,2019-11-22 00:00:00,1,0,2024-07-20 12:08:32,0,2024-07-20 12:08:32,,,
2019-11-22,焦炭,结算价,1810.00,0.42%,2260,2019-11-22 00:00:00,1,0,2024-07-20 12:08:32,0,2024-07-20 12:08:32,,,
2019-11-21,焦炭,收盘价,1802.00,-0.66%,2261,2019-11-21 00:00:00,1,0,2024-07-20 12:08:32,0,2024-07-20 12:08:32,,,
2019-11-21,焦炭,结算价,1802.50,-0.63%,2262,2019-11-21 00:00:00,1,0,2024-07-20 12:08:32,0,2024-07-20 12:08:32,,,
2019-11-20,焦炭,收盘价,1814.00,0.06%,2263,2019-11-20 00:00:00,1,0,2024-07-20 12:08:32,0,2024-07-20 12:08:32,,,
2019-11-20,焦炭,结算价,1814.00,1.68%,2264,2019-11-20 00:00:00,1,0,2024-07-20 12:08:32,0,2024-07-20 12:08:32,,,
2019-11-19,焦炭,收盘价,1813.00,3.22%,2265,2019-11-19 00:00:00,1,0,2024-07-20 12:08:32,0,2024-07-20 12:08:32,,,
2019-11-19,焦炭,结算价,1784.00,0.85%,2266,2019-11-19 00:00:00,1,0,2024-07-20 12:08:32,0,2024-07-20 12:08:32,,,
2019-11-18,焦炭,收盘价,1756.50,-0.2%,2267,2019-11-18 00:00:00,1,0,2024-07-20 12:08:32,0,2024-07-20 12:08:32,,,
2019-11-18,焦炭,结算价,1769.00,0.48%,2268,2019-11-18 00:00:00,1,0,2024-07-20 12:08:32,0,2024-07-20 12:08:32,,,
2019-11-15,焦炭,收盘价,1760.00,0.4%,2269,2019-11-15 00:00:00,1,0,2024-07-20 12:08:32,0,2024-07-20 12:08:32,,,
2019-11-15,焦炭,结算价,1760.50,1.59%,2270,2019-11-15 00:00:00,1,0,2024-07-20 12:08:32,0,2024-07-20 12:08:32,,,
2019-11-14,焦炭,收盘价,1753.00,2.36%,2271,2019-11-14 00:00:00,1,0,2024-07-20 12:08:32,0,2024-07-20 12:08:32,,,
2019-11-14,焦炭,结算价,1733.00,1.17%,2272,2019-11-14 00:00:00,1,0,2024-07-20 12:08:32,0,2024-07-20 12:08:32,,,
2019-11-13,焦炭,收盘价,1712.50,-0.35%,2273,2019-11-13 00:00:00,1,0,2024-07-20 12:08:32,0,2024-07-20 12:08:32,,,
2019-11-13,焦炭,结算价,1713.00,0.12%,2274,2019-11-13 00:00:00,1,0,2024-07-20 12:08:32,0,2024-07-20 12:08:32,,,
2019-11-12,焦炭,收盘价,1718.50,1.15%,2275,2019-11-12 00:00:00,1,0,2024-07-20 12:08:32,0,2024-07-20 12:08:32,,,
2019-11-12,焦炭,结算价,1711.00,-0.35%,2276,2019-11-12 00:00:00,1,0,2024-07-20 12:08:32,0,2024-07-20 12:08:32,,,
2019-11-11,焦炭,收盘价,1699.00,-2.91%,2277,2019-11-11 00:00:00,1,0,2024-07-20 12:08:32,0,2024-07-20 12:08:32,,,
2019-11-11,焦炭,结算价,1717.00,-1.89%,2278,2019-11-11 00:00:00,1,0,2024-07-20 12:08:32,0,2024-07-20 12:08:32,,,
2019-11-08,焦炭,收盘价,1750.00,0.09%,2279,2019-11-08 00:00:00,1,0,2024-07-20 12:08:32,0,2024-07-20 12:08:32,,,
2019-11-08,焦炭,结算价,1750.00,-0.14%,2280,2019-11-08 00:00:00,1,0,2024-07-20 12:08:32,0,2024-07-20 12:08:32,,,
2019-11-07,焦炭,收盘价,1748.50,-0.03%,2281,2019-11-07 00:00:00,1,0,2024-07-20 12:08:35,0,2024-07-20 12:08:35,,,
2019-11-07,焦炭,结算价,1752.50,-0.54%,2282,2019-11-07 00:00:00,1,0,2024-07-20 12:08:35,0,2024-07-20 12:08:35,,,
2019-11-06,焦炭,收盘价,1749.00,-0.85%,2283,2019-11-06 00:00:00,1,0,2024-07-20 12:08:35,0,2024-07-20 12:08:35,,,
2019-11-06,焦炭,结算价,1762.00,0.63%,2284,2019-11-06 00:00:00,1,0,2024-07-20 12:08:35,0,2024-07-20 12:08:35,,,
2019-11-05,焦炭,收盘价,1764.00,1.82%,2285,2019-11-05 00:00:00,1,0,2024-07-20 12:08:35,0,2024-07-20 12:08:35,,,
2019-11-05,焦炭,结算价,1751.00,0.98%,2286,2019-11-05 00:00:00,1,0,2024-07-20 12:08:35,0,2024-07-20 12:08:35,,,
2019-11-04,焦炭,收盘价,1732.50,-0.6%,2287,2019-11-04 00:00:00,1,0,2024-07-20 12:08:35,0,2024-07-20 12:08:35,,,
2019-11-04,焦炭,结算价,1734.00,-0.23%,2288,2019-11-04 00:00:00,1,0,2024-07-20 12:08:35,0,2024-07-20 12:08:35,,,
2019-11-01,焦炭,收盘价,1743.00,0.32%,2289,2019-11-01 00:00:00,1,0,2024-07-20 12:08:35,0,2024-07-20 12:08:35,,,
2019-11-01,焦炭,结算价,1738.00,-0.17%,2290,2019-11-01 00:00:00,1,0,2024-07-20 12:08:35,0,2024-07-20 12:08:35,,,
2019-10-31,焦炭,收盘价,1737.50,-0.4%,2291,2019-10-31 00:00:00,1,0,2024-07-20 12:08:35,0,2024-07-20 12:08:35,,,
2019-10-31,焦炭,结算价,1741.00,0.23%,2292,2019-10-31 00:00:00,1,0,2024-07-20 12:08:35,0,2024-07-20 12:08:35,,,
2019-10-30,焦炭,收盘价,1744.50,-0.77%,2293,2019-10-30 00:00:00,1,0,2024-07-20 12:08:35,0,2024-07-20 12:08:35,,,
2019-10-30,焦炭,结算价,1737.00,-0.97%,2294,2019-10-30 00:00:00,1,0,2024-07-20 12:08:35,0,2024-07-20 12:08:35,,,
2019-10-29,焦炭,收盘价,1758.00,0.6%,2295,2019-10-29 00:00:00,1,0,2024-07-20 12:08:35,0,2024-07-20 12:08:35,,,
2019-10-29,焦炭,结算价,1754.00,-0.96%,2296,2019-10-29 00:00:00,1,0,2024-07-20 12:08:35,0,2024-07-20 12:08:35,,,
2019-10-28,焦炭,收盘价,1747.50,-2.56%,2297,2019-10-28 00:00:00,1,0,2024-07-20 12:08:35,0,2024-07-20 12:08:35,,,
2019-10-28,焦炭,结算价,1771.00,-0.51%,2298,2019-10-28 00:00:00,1,0,2024-07-20 12:08:35,0,2024-07-20 12:08:35,,,
2019-10-25,焦炭,收盘价,1793.50,0.7%,2299,2019-10-25 00:00:00,1,0,2024-07-20 12:08:35,0,2024-07-20 12:08:35,,,
2019-10-25,焦炭,结算价,1780.00,0.48%,2300,2019-10-25 00:00:00,1,0,2024-07-20 12:08:35,0,2024-07-20 12:08:35,,,
2019-10-24,焦炭,收盘价,1781.00,0.59%,2301,2019-10-24 00:00:00,1,0,2024-07-20 12:08:35,0,2024-07-20 12:08:35,,,
2019-10-24,焦炭,结算价,1771.50,0.45%,2302,2019-10-24 00:00:00,1,0,2024-07-20 12:08:35,0,2024-07-20 12:08:35,,,
2019-10-23,焦炭,收盘价,1770.50,1.26%,2303,2019-10-23 00:00:00,1,0,2024-07-20 12:08:35,0,2024-07-20 12:08:35,,,
2019-10-23,焦炭,结算价,1763.50,1.18%,2304,2019-10-23 00:00:00,1,0,2024-07-20 12:08:35,0,2024-07-20 12:08:35,,,
2019-10-22,焦炭,收盘价,1748.50,0.34%,2305,2019-10-22 00:00:00,1,0,2024-07-20 12:08:35,0,2024-07-20 12:08:35,,,
2019-10-22,焦炭,结算价,1743.00,-0.63%,2306,2019-10-22 00:00:00,1,0,2024-07-20 12:08:35,0,2024-07-20 12:08:35,,,
2019-10-21,焦炭,收盘价,1742.50,-2.05%,2307,2019-10-21 00:00:00,1,0,2024-07-20 12:08:35,0,2024-07-20 12:08:35,,,
2019-10-21,焦炭,结算价,1754.00,-0.82%,2308,2019-10-21 00:00:00,1,0,2024-07-20 12:08:35,0,2024-07-20 12:08:35,,,
2019-10-18,焦炭,收盘价,1779.00,-0.5%,2309,2019-10-18 00:00:00,1,0,2024-07-20 12:08:35,0,2024-07-20 12:08:35,,,
2019-10-18,焦炭,结算价,1768.50,-0.81%,2310,2019-10-18 00:00:00,1,0,2024-07-20 12:08:35,0,2024-07-20 12:08:35,,,
2019-10-17,焦炭,收盘价,1788.00,0.62%,2311,2019-10-17 00:00:00,1,0,2024-07-20 12:08:39,0,2024-07-20 12:08:39,,,
2019-10-17,焦炭,结算价,1783.00,-0.59%,2312,2019-10-17 00:00:00,1,0,2024-07-20 12:08:39,0,2024-07-20 12:08:39,,,
2019-10-16,焦炭,收盘价,1777.00,-1.8%,2313,2019-10-16 00:00:00,1,0,2024-07-20 12:08:39,0,2024-07-20 12:08:39,,,
2019-10-16,焦炭,结算价,1793.50,0.14%,2314,2019-10-16 00:00:00,1,0,2024-07-20 12:08:39,0,2024-07-20 12:08:39,,,
2019-10-15,焦炭,收盘价,1809.50,0.25%,2315,2019-10-15 00:00:00,1,0,2024-07-20 12:08:39,0,2024-07-20 12:08:39,,,
2019-10-15,焦炭,结算价,1791.00,-3.32%,2316,2019-10-15 00:00:00,1,0,2024-07-20 12:08:39,0,2024-07-20 12:08:39,,,
2019-10-14,焦炭,收盘价,1805.00,-3.06%,2317,2019-10-14 00:00:00,1,0,2024-07-20 12:08:39,0,2024-07-20 12:08:39,,,
2019-10-14,焦炭,结算价,1852.50,-0.13%,2318,2019-10-14 00:00:00,1,0,2024-07-20 12:08:39,0,2024-07-20 12:08:39,,,
2019-10-11,焦炭,收盘价,1862.00,0.22%,2319,2019-10-11 00:00:00,1,0,2024-07-20 12:08:39,0,2024-07-20 12:08:39,,,
2019-10-11,焦炭,结算价,1855.00,0.11%,2320,2019-10-11 00:00:00,1,0,2024-07-20 12:08:39,0,2024-07-20 12:08:39,,,
2019-10-10,焦炭,收盘价,1858.00,0.38%,2321,2019-10-10 00:00:00,1,0,2024-07-20 12:08:39,0,2024-07-20 12:08:39,,,
2019-10-10,焦炭,结算价,1853.00,-0.48%,2322,2019-10-10 00:00:00,1,0,2024-07-20 12:08:39,0,2024-07-20 12:08:39,,,
2019-10-09,焦炭,收盘价,1851.00,-1.54%,2323,2019-10-09 00:00:00,1,0,2024-07-20 12:08:39,0,2024-07-20 12:08:39,,,
2019-10-09,焦炭,结算价,1862.00,-0.67%,2324,2019-10-09 00:00:00,1,0,2024-07-20 12:08:39,0,2024-07-20 12:08:39,,,
2019-10-08,焦炭,收盘价,1880.00,0.37%,2325,2019-10-08 00:00:00,1,0,2024-07-20 12:08:39,0,2024-07-20 12:08:39,,,
2019-10-08,焦炭,结算价,1874.50,-0.53%,2326,2019-10-08 00:00:00,1,0,2024-07-20 12:08:39,0,2024-07-20 12:08:39,,,
2019-09-30,焦炭,收盘价,1873.00,-0.16%,2327,2019-09-30 00:00:00,1,0,2024-07-20 12:08:39,0,2024-07-20 12:08:39,,,
2019-09-30,焦炭,结算价,1884.50,0.51%,2328,2019-09-30 00:00:00,1,0,2024-07-20 12:08:39,0,2024-07-20 12:08:39,,,
2019-09-27,焦炭,收盘价,1876.00,-0.61%,2329,2019-09-27 00:00:00,1,0,2024-07-20 12:08:39,0,2024-07-20 12:08:39,,,
2019-09-27,焦炭,结算价,1875.00,-0.92%,2330,2019-09-27 00:00:00,1,0,2024-07-20 12:08:39,0,2024-07-20 12:08:39,,,
2019-09-26,焦炭,收盘价,1887.50,-0.42%,2331,2019-09-26 00:00:00,1,0,2024-07-20 12:08:39,0,2024-07-20 12:08:39,,,
2019-09-26,焦炭,结算价,1892.50,0.16%,2332,2019-09-26 00:00:00,1,0,2024-07-20 12:08:39,0,2024-07-20 12:08:39,,,
2019-09-25,焦炭,收盘价,1895.50,0.48%,2333,2019-09-25 00:00:00,1,0,2024-07-20 12:08:39,0,2024-07-20 12:08:39,,,
2019-09-25,焦炭,结算价,1889.50,-2.58%,2334,2019-09-25 00:00:00,1,0,2024-07-20 12:08:39,0,2024-07-20 12:08:39,,,
2019-09-24,焦炭,收盘价,1886.50,-4.82%,2335,2019-09-24 00:00:00,1,0,2024-07-20 12:08:39,0,2024-07-20 12:08:39,,,
2019-09-24,焦炭,结算价,1939.50,-1.2%,2336,2019-09-24 00:00:00,1,0,2024-07-20 12:08:39,0,2024-07-20 12:08:39,,,
2019-09-23,焦炭,收盘价,1982.00,2.22%,2337,2019-09-23 00:00:00,1,0,2024-07-20 12:08:39,0,2024-07-20 12:08:39,,,
2019-09-23,焦炭,结算价,1963.00,0.98%,2338,2019-09-23 00:00:00,1,0,2024-07-20 12:08:39,0,2024-07-20 12:08:39,,,
2019-09-20,焦炭,收盘价,1939.00,-1.2%,2339,2019-09-20 00:00:00,1,0,2024-07-20 12:08:39,0,2024-07-20 12:08:39,,,
2019-09-20,焦炭,结算价,1944.00,-1.77%,2340,2019-09-20 00:00:00,1,0,2024-07-20 12:08:39,0,2024-07-20 12:08:39,,,
2019-09-19,焦炭,收盘价,1962.50,-0.83%,2341,2019-09-19 00:00:00,1,0,2024-07-20 12:08:42,0,2024-07-20 12:08:42,,,
2019-09-19,焦炭,结算价,1979.00,-0.3%,2342,2019-09-19 00:00:00,1,0,2024-07-20 12:08:42,0,2024-07-20 12:08:42,,,
2019-09-18,焦炭,收盘价,1979.00,0.25%,2343,2019-09-18 00:00:00,1,0,2024-07-20 12:08:42,0,2024-07-20 12:08:42,,,
2019-09-18,焦炭,结算价,1985.00,0.23%,2344,2019-09-18 00:00:00,1,0,2024-07-20 12:08:42,0,2024-07-20 12:08:42,,,
2019-09-17,焦炭,收盘价,1974.00,-1.%,2345,2019-09-17 00:00:00,1,0,2024-07-20 12:08:42,0,2024-07-20 12:08:42,,,
2019-09-17,焦炭,结算价,1980.50,-1.%,2346,2019-09-17 00:00:00,1,0,2024-07-20 12:08:42,0,2024-07-20 12:08:42,,,
2019-09-16,焦炭,收盘价,1994.00,-0.55%,2347,2019-09-16 00:00:00,1,0,2024-07-20 12:08:42,0,2024-07-20 12:08:42,,,
2019-09-16,焦炭,结算价,2000.50,0.93%,2348,2019-09-16 00:00:00,1,0,2024-07-20 12:08:42,0,2024-07-20 12:08:42,,,
2019-09-12,焦炭,收盘价,2005.00,1.52%,2349,2019-09-12 00:00:00,1,0,2024-07-20 12:08:42,0,2024-07-20 12:08:42,,,
2019-09-12,焦炭,结算价,1982.00,0.92%,2350,2019-09-12 00:00:00,1,0,2024-07-20 12:08:42,0,2024-07-20 12:08:42,,,
2019-09-11,焦炭,收盘价,1975.00,0.71%,2351,2019-09-11 00:00:00,1,0,2024-07-20 12:08:42,0,2024-07-20 12:08:42,,,
2019-09-11,焦炭,结算价,1964.00,0.31%,2352,2019-09-11 00:00:00,1,0,2024-07-20 12:08:42,0,2024-07-20 12:08:42,,,
2019-09-10,焦炭,收盘价,1961.00,-0.13%,2353,2019-09-10 00:00:00,1,0,2024-07-20 12:08:42,0,2024-07-20 12:08:42,,,
2019-09-10,焦炭,结算价,1958.00,0.88%,2354,2019-09-10 00:00:00,1,0,2024-07-20 12:08:42,0,2024-07-20 12:08:42,,,
2019-09-09,焦炭,收盘价,1963.50,2.37%,2355,2019-09-09 00:00:00,1,0,2024-07-20 12:08:42,0,2024-07-20 12:08:42,,,
2019-09-09,焦炭,结算价,1941.00,0.88%,2356,2019-09-09 00:00:00,1,0,2024-07-20 12:08:42,0,2024-07-20 12:08:42,,,
2019-09-06,焦炭,收盘价,1918.00,0.%,2357,2019-09-06 00:00:00,1,0,2024-07-20 12:08:42,0,2024-07-20 12:08:42,,,
2019-09-06,焦炭,结算价,1924.00,-0.41%,2358,2019-09-06 00:00:00,1,0,2024-07-20 12:08:42,0,2024-07-20 12:08:42,,,
2019-09-05,焦炭,收盘价,1918.00,0.1%,2359,2019-09-05 00:00:00,1,0,2024-07-20 12:08:42,0,2024-07-20 12:08:42,,,
2019-09-05,焦炭,结算价,1932.00,1.63%,2360,2019-09-05 00:00:00,1,0,2024-07-20 12:08:42,0,2024-07-20 12:08:42,,,
2019-09-04,焦炭,收盘价,1916.00,1.56%,2361,2019-09-04 00:00:00,1,0,2024-07-20 12:08:42,0,2024-07-20 12:08:42,,,
2019-09-04,焦炭,结算价,1901.00,0.4%,2362,2019-09-04 00:00:00,1,0,2024-07-20 12:08:42,0,2024-07-20 12:08:42,,,
2019-09-03,焦炭,收盘价,1886.50,-1.54%,2363,2019-09-03 00:00:00,1,0,2024-07-20 12:08:42,0,2024-07-20 12:08:42,,,
2019-09-03,焦炭,结算价,1893.50,-0.53%,2364,2019-09-03 00:00:00,1,0,2024-07-20 12:08:42,0,2024-07-20 12:08:42,,,
2019-09-02,焦炭,收盘价,1916.00,1.32%,2365,2019-09-02 00:00:00,1,0,2024-07-20 12:08:42,0,2024-07-20 12:08:42,,,
2019-09-02,焦炭,结算价,1903.50,1.14%,2366,2019-09-02 00:00:00,1,0,2024-07-20 12:08:42,0,2024-07-20 12:08:42,,,
2019-08-30,焦炭,收盘价,1891.00,1.8%,2367,2019-08-30 00:00:00,1,0,2024-07-20 12:08:42,0,2024-07-20 12:08:42,,,
2019-08-30,焦炭,结算价,1882.00,0.45%,2368,2019-08-30 00:00:00,1,0,2024-07-20 12:08:42,0,2024-07-20 12:08:42,,,
2019-08-29,焦炭,收盘价,1857.50,-1.56%,2369,2019-08-29 00:00:00,1,0,2024-07-20 12:08:42,0,2024-07-20 12:08:42,,,
2019-08-29,焦炭,结算价,1873.50,0.78%,2370,2019-08-29 00:00:00,1,0,2024-07-20 12:08:42,0,2024-07-20 12:08:42,,,
2019-08-28,焦炭,收盘价,1887.00,0.61%,2371,2019-08-28 00:00:00,1,0,2024-07-20 12:08:45,0,2024-07-20 12:08:45,,,
2019-08-28,焦炭,结算价,1859.00,-1.04%,2372,2019-08-28 00:00:00,1,0,2024-07-20 12:08:45,0,2024-07-20 12:08:45,,,
2019-08-27,焦炭,收盘价,1875.50,-0.4%,2373,2019-08-27 00:00:00,1,0,2024-07-20 12:08:45,0,2024-07-20 12:08:45,,,
2019-08-27,焦炭,结算价,1878.50,-1.62%,2374,2019-08-27 00:00:00,1,0,2024-07-20 12:08:45,0,2024-07-20 12:08:45,,,
2019-08-26,焦炭,收盘价,1883.00,-3.44%,2375,2019-08-26 00:00:00,1,0,2024-07-20 12:08:45,0,2024-07-20 12:08:45,,,
2019-08-26,焦炭,结算价,1909.50,-2.03%,2376,2019-08-26 00:00:00,1,0,2024-07-20 12:08:45,0,2024-07-20 12:08:45,,,
2019-08-23,焦炭,收盘价,1950.00,-0.28%,2377,2019-08-23 00:00:00,1,0,2024-07-20 12:08:45,0,2024-07-20 12:08:45,,,
2019-08-23,焦炭,结算价,1949.00,-0.15%,2378,2019-08-23 00:00:00,1,0,2024-07-20 12:08:45,0,2024-07-20 12:08:45,,,
2019-08-22,焦炭,收盘价,1955.50,-0.38%,2379,2019-08-22 00:00:00,1,0,2024-07-20 12:08:45,0,2024-07-20 12:08:45,,,
2019-08-22,焦炭,结算价,1952.00,0.08%,2380,2019-08-22 00:00:00,1,0,2024-07-20 12:08:45,0,2024-07-20 12:08:45,,,
2019-08-21,焦炭,收盘价,1963.00,-1.13%,2381,2019-08-21 00:00:00,1,0,2024-07-20 12:08:45,0,2024-07-20 12:08:45,,,
2019-08-21,焦炭,结算价,1950.50,-1.69%,2382,2019-08-21 00:00:00,1,0,2024-07-20 12:08:45,0,2024-07-20 12:08:45,,,
2019-08-20,焦炭,收盘价,1985.50,0.3%,2383,2019-08-20 00:00:00,1,0,2024-07-20 12:08:45,0,2024-07-20 12:08:45,,,
2019-08-20,焦炭,结算价,1984.00,-0.08%,2384,2019-08-20 00:00:00,1,0,2024-07-20 12:08:45,0,2024-07-20 12:08:45,,,
2019-08-19,焦炭,收盘价,1979.50,0.1%,2385,2019-08-19 00:00:00,1,0,2024-07-20 12:08:45,0,2024-07-20 12:08:45,,,
2019-08-19,焦炭,结算价,1985.50,0.1%,2386,2019-08-19 00:00:00,1,0,2024-07-20 12:08:45,0,2024-07-20 12:08:45,,,
2019-08-16,焦炭,收盘价,1977.50,-0.2%,2387,2019-08-16 00:00:00,1,0,2024-07-20 12:08:45,0,2024-07-20 12:08:45,,,
2019-08-16,焦炭,结算价,1983.50,0.35%,2388,2019-08-16 00:00:00,1,0,2024-07-20 12:08:45,0,2024-07-20 12:08:45,,,
2019-08-15,焦炭,收盘价,1981.50,0.63%,2389,2019-08-15 00:00:00,1,0,2024-07-20 12:08:45,0,2024-07-20 12:08:45,,,
2019-08-15,焦炭,结算价,1976.50,-0.68%,2390,2019-08-15 00:00:00,1,0,2024-07-20 12:08:45,0,2024-07-20 12:08:45,,,
2019-08-14,焦炭,收盘价,1969.00,-0.76%,2391,2019-08-14 00:00:00,1,0,2024-07-20 12:08:45,0,2024-07-20 12:08:45,,,
2019-08-14,焦炭,结算价,1990.00,-0.52%,2392,2019-08-14 00:00:00,1,0,2024-07-20 12:08:45,0,2024-07-20 12:08:45,,,
2019-08-13,焦炭,收盘价,1984.00,-1.24%,2393,2019-08-13 00:00:00,1,0,2024-07-20 12:08:45,0,2024-07-20 12:08:45,,,
2019-08-13,焦炭,结算价,2000.50,1.52%,2394,2019-08-13 00:00:00,1,0,2024-07-20 12:08:45,0,2024-07-20 12:08:45,,,
2019-08-12,焦炭,收盘价,2009.00,3.8%,2395,2019-08-12 00:00:00,1,0,2024-07-20 12:08:45,0,2024-07-20 12:08:45,,,
2019-08-12,焦炭,结算价,1970.50,0.13%,2396,2019-08-12 00:00:00,1,0,2024-07-20 12:08:45,0,2024-07-20 12:08:45,,,
2019-08-09,焦炭,收盘价,1935.50,-3.99%,2397,2019-08-09 00:00:00,1,0,2024-07-20 12:08:45,0,2024-07-20 12:08:45,,,
2019-08-09,焦炭,结算价,1968.00,-2.69%,2398,2019-08-09 00:00:00,1,0,2024-07-20 12:08:45,0,2024-07-20 12:08:45,,,
2019-08-08,焦炭,收盘价,2016.00,0.1%,2399,2019-08-08 00:00:00,1,0,2024-07-20 12:08:45,0,2024-07-20 12:08:45,,,
2019-08-08,焦炭,结算价,2022.50,0.5%,2400,2019-08-08 00:00:00,1,0,2024-07-20 12:08:45,0,2024-07-20 12:08:45,,,
2019-08-07,焦炭,收盘价,2014.00,0.55%,2401,2019-08-07 00:00:00,1,0,2024-07-20 12:08:48,0,2024-07-20 12:08:48,,,
2019-08-07,焦炭,结算价,2012.50,-0.94%,2402,2019-08-07 00:00:00,1,0,2024-07-20 12:08:48,0,2024-07-20 12:08:48,,,
2019-08-06,焦炭,收盘价,2003.00,-1.4%,2403,2019-08-06 00:00:00,1,0,2024-07-20 12:08:48,0,2024-07-20 12:08:48,,,
2019-08-06,焦炭,结算价,2031.50,-0.61%,2404,2019-08-06 00:00:00,1,0,2024-07-20 12:08:48,0,2024-07-20 12:08:48,,,
2019-08-05,焦炭,收盘价,2031.50,-0.95%,2405,2019-08-05 00:00:00,1,0,2024-07-20 12:08:48,0,2024-07-20 12:08:48,,,
2019-08-05,焦炭,结算价,2044.00,-0.34%,2406,2019-08-05 00:00:00,1,0,2024-07-20 12:08:48,0,2024-07-20 12:08:48,,,
2019-08-02,焦炭,收盘价,2051.00,-2.57%,2407,2019-08-02 00:00:00,1,0,2024-07-20 12:08:48,0,2024-07-20 12:08:48,,,
2019-08-02,焦炭,结算价,2051.00,-3.6%,2408,2019-08-02 00:00:00,1,0,2024-07-20 12:08:48,0,2024-07-20 12:08:48,,,
2019-08-01,焦炭,收盘价,2105.00,-1.7%,2409,2019-08-01 00:00:00,1,0,2024-07-20 12:08:48,0,2024-07-20 12:08:48,,,
2019-08-01,焦炭,结算价,2127.50,-1.05%,2410,2019-08-01 00:00:00,1,0,2024-07-20 12:08:48,0,2024-07-20 12:08:48,,,
2019-07-31,焦炭,收盘价,2141.50,-0.4%,2411,2019-07-31 00:00:00,1,0,2024-07-20 12:08:48,0,2024-07-20 12:08:48,,,
2019-07-31,焦炭,结算价,2150.00,-0.65%,2412,2019-07-31 00:00:00,1,0,2024-07-20 12:08:48,0,2024-07-20 12:08:48,,,
2019-07-30,焦炭,收盘价,2150.00,-0.88%,2413,2019-07-30 00:00:00,1,0,2024-07-20 12:08:48,0,2024-07-20 12:08:48,,,
2019-07-30,焦炭,结算价,2164.00,-0.62%,2414,2019-07-30 00:00:00,1,0,2024-07-20 12:08:48,0,2024-07-20 12:08:48,,,
2019-07-29,焦炭,收盘价,2169.00,-0.53%,2415,2019-07-29 00:00:00,1,0,2024-07-20 12:08:48,0,2024-07-20 12:08:48,,,
2019-07-29,焦炭,结算价,2177.50,0.07%,2416,2019-07-29 00:00:00,1,0,2024-07-20 12:08:48,0,2024-07-20 12:08:48,,,
2019-07-26,焦炭,收盘价,2180.50,1.94%,2417,2019-07-26 00:00:00,1,0,2024-07-20 12:08:48,0,2024-07-20 12:08:48,,,
2019-07-26,焦炭,结算价,2176.00,1.82%,2418,2019-07-26 00:00:00,1,0,2024-07-20 12:08:48,0,2024-07-20 12:08:48,,,
2019-07-25,焦炭,收盘价,2139.00,0.8%,2419,2019-07-25 00:00:00,1,0,2024-07-20 12:08:48,0,2024-07-20 12:08:48,,,
2019-07-25,焦炭,结算价,2137.00,0.56%,2420,2019-07-25 00:00:00,1,0,2024-07-20 12:08:48,0,2024-07-20 12:08:48,,,
2019-07-24,焦炭,收盘价,2122.00,-1.49%,2421,2019-07-24 00:00:00,1,0,2024-07-20 12:08:48,0,2024-07-20 12:08:48,,,
2019-07-24,焦炭,结算价,2125.00,-1.23%,2422,2019-07-24 00:00:00,1,0,2024-07-20 12:08:48,0,2024-07-20 12:08:48,,,
2019-07-23,焦炭,收盘价,2154.00,0.61%,2423,2019-07-23 00:00:00,1,0,2024-07-20 12:08:48,0,2024-07-20 12:08:48,,,
2019-07-23,焦炭,结算价,2151.50,-0.53%,2424,2019-07-23 00:00:00,1,0,2024-07-20 12:08:48,0,2024-07-20 12:08:48,,,
2019-07-22,焦炭,收盘价,2141.00,-2.1%,2425,2019-07-22 00:00:00,1,0,2024-07-20 12:08:48,0,2024-07-20 12:08:48,,,
2019-07-22,焦炭,结算价,2163.00,-0.09%,2426,2019-07-22 00:00:00,1,0,2024-07-20 12:08:48,0,2024-07-20 12:08:48,,,
2019-07-19,焦炭,收盘价,2187.00,-0.34%,2427,2019-07-19 00:00:00,1,0,2024-07-20 12:08:48,0,2024-07-20 12:08:48,,,
2019-07-19,焦炭,结算价,2165.00,-1.5%,2428,2019-07-19 00:00:00,1,0,2024-07-20 12:08:48,0,2024-07-20 12:08:48,,,
2019-07-18,焦炭,收盘价,2194.50,-0.68%,2429,2019-07-18 00:00:00,1,0,2024-07-20 12:08:48,0,2024-07-20 12:08:48,,,
2019-07-18,焦炭,结算价,2198.00,0.34%,2430,2019-07-18 00:00:00,1,0,2024-07-20 12:08:48,0,2024-07-20 12:08:48,,,
2019-07-17,焦炭,收盘价,2209.50,1.66%,2431,2019-07-17 00:00:00,1,0,2024-07-20 12:08:51,0,2024-07-20 12:08:51,,,
2019-07-17,焦炭,结算价,2190.50,0.62%,2432,2019-07-17 00:00:00,1,0,2024-07-20 12:08:51,0,2024-07-20 12:08:51,,,
2019-07-16,焦炭,收盘价,2173.50,0.28%,2433,2019-07-16 00:00:00,1,0,2024-07-20 12:08:51,0,2024-07-20 12:08:51,,,
2019-07-16,焦炭,结算价,2177.00,1.47%,2434,2019-07-16 00:00:00,1,0,2024-07-20 12:08:51,0,2024-07-20 12:08:51,,,
2019-07-15,焦炭,收盘价,2167.50,2.31%,2435,2019-07-15 00:00:00,1,0,2024-07-20 12:08:51,0,2024-07-20 12:08:51,,,
2019-07-15,焦炭,结算价,2145.50,1.78%,2436,2019-07-15 00:00:00,1,0,2024-07-20 12:08:51,0,2024-07-20 12:08:51,,,
2019-07-12,焦炭,收盘价,2118.50,1.19%,2437,2019-07-12 00:00:00,1,0,2024-07-20 12:08:51,0,2024-07-20 12:08:51,,,
2019-07-12,焦炭,结算价,2108.00,0.74%,2438,2019-07-12 00:00:00,1,0,2024-07-20 12:08:51,0,2024-07-20 12:08:51,,,
2019-07-11,焦炭,收盘价,2093.50,0.55%,2439,2019-07-11 00:00:00,1,0,2024-07-20 12:08:51,0,2024-07-20 12:08:51,,,
2019-07-11,焦炭,结算价,2092.50,0.07%,2440,2019-07-11 00:00:00,1,0,2024-07-20 12:08:51,0,2024-07-20 12:08:51,,,
2019-07-10,焦炭,收盘价,2082.00,-1.75%,2441,2019-07-10 00:00:00,1,0,2024-07-20 12:08:51,0,2024-07-20 12:08:51,,,
2019-07-10,焦炭,结算价,2091.00,-2.08%,2442,2019-07-10 00:00:00,1,0,2024-07-20 12:08:51,0,2024-07-20 12:08:51,,,
2019-07-09,焦炭,收盘价,2119.00,-0.16%,2443,2019-07-09 00:00:00,1,0,2024-07-20 12:08:51,0,2024-07-20 12:08:51,,,
2019-07-09,焦炭,结算价,2135.50,0.33%,2444,2019-07-09 00:00:00,1,0,2024-07-20 12:08:51,0,2024-07-20 12:08:51,,,
2019-07-08,焦炭,收盘价,2122.50,-0.82%,2445,2019-07-08 00:00:00,1,0,2024-07-20 12:08:51,0,2024-07-20 12:08:51,,,
2019-07-08,焦炭,结算价,2128.50,-0.82%,2446,2019-07-08 00:00:00,1,0,2024-07-20 12:08:51,0,2024-07-20 12:08:51,,,
2019-07-05,焦炭,收盘价,2140.00,-0.67%,2447,2019-07-05 00:00:00,1,0,2024-07-20 12:08:51,0,2024-07-20 12:08:51,,,
2019-07-05,焦炭,结算价,2146.00,0.85%,2448,2019-07-05 00:00:00,1,0,2024-07-20 12:08:51,0,2024-07-20 12:08:51,,,
2019-07-04,焦炭,收盘价,2154.50,2.5%,2449,2019-07-04 00:00:00,1,0,2024-07-20 12:08:51,0,2024-07-20 12:08:51,,,
2019-07-04,焦炭,结算价,2128.00,0.73%,2450,2019-07-04 00:00:00,1,0,2024-07-20 12:08:51,0,2024-07-20 12:08:51,,,
2019-07-03,焦炭,收盘价,2102.00,-0.4%,2451,2019-07-03 00:00:00,1,0,2024-07-20 12:08:51,0,2024-07-20 12:08:51,,,
2019-07-03,焦炭,结算价,2112.50,0.45%,2452,2019-07-03 00:00:00,1,0,2024-07-20 12:08:51,0,2024-07-20 12:08:51,,,
2019-07-02,焦炭,收盘价,2110.50,-0.94%,2453,2019-07-02 00:00:00,1,0,2024-07-20 12:08:51,0,2024-07-20 12:08:51,,,
2019-07-02,焦炭,结算价,2103.00,-0.1%,2454,2019-07-02 00:00:00,1,0,2024-07-20 12:08:51,0,2024-07-20 12:08:51,,,
2019-07-01,焦炭,收盘价,2130.50,2.87%,2455,2019-07-01 00:00:00,1,0,2024-07-20 12:08:51,0,2024-07-20 12:08:51,,,
2019-07-01,焦炭,结算价,2105.00,1.91%,2456,2019-07-01 00:00:00,1,0,2024-07-20 12:08:51,0,2024-07-20 12:08:51,,,
2019-06-28,焦炭,收盘价,2071.00,0.8%,2457,2019-06-28 00:00:00,1,0,2024-07-20 12:08:51,0,2024-07-20 12:08:51,,,
2019-06-28,焦炭,结算价,2065.50,-1.41%,2458,2019-06-28 00:00:00,1,0,2024-07-20 12:08:51,0,2024-07-20 12:08:51,,,
2019-06-27,焦炭,收盘价,2054.50,-2.42%,2459,2019-06-27 00:00:00,1,0,2024-07-20 12:08:51,0,2024-07-20 12:08:51,,,
2019-06-27,焦炭,结算价,2095.00,-0.38%,2460,2019-06-27 00:00:00,1,0,2024-07-20 12:08:51,0,2024-07-20 12:08:51,,,
2019-06-26,焦炭,收盘价,2105.50,0.65%,2461,2019-06-26 00:00:00,1,0,2024-07-20 12:08:54,0,2024-07-20 12:08:54,,,
2019-06-26,焦炭,结算价,2103.00,1.42%,2462,2019-06-26 00:00:00,1,0,2024-07-20 12:08:54,0,2024-07-20 12:08:54,,,
2019-06-25,焦炭,收盘价,2092.00,0.5%,2463,2019-06-25 00:00:00,1,0,2024-07-20 12:08:54,0,2024-07-20 12:08:54,,,
2019-06-25,焦炭,结算价,2073.50,-0.79%,2464,2019-06-25 00:00:00,1,0,2024-07-20 12:08:54,0,2024-07-20 12:08:54,,,
2019-06-24,焦炭,收盘价,2081.50,-0.38%,2465,2019-06-24 00:00:00,1,0,2024-07-20 12:08:54,0,2024-07-20 12:08:54,,,
2019-06-24,焦炭,结算价,2090.00,0.77%,2466,2019-06-24 00:00:00,1,0,2024-07-20 12:08:54,0,2024-07-20 12:08:54,,,
2019-06-21,焦炭,收盘价,2089.50,0.63%,2467,2019-06-21 00:00:00,1,0,2024-07-20 12:08:54,0,2024-07-20 12:08:54,,,
2019-06-21,焦炭,结算价,2074.00,0.14%,2468,2019-06-21 00:00:00,1,0,2024-07-20 12:08:54,0,2024-07-20 12:08:54,,,
2019-06-20,焦炭,收盘价,2076.50,0.51%,2469,2019-06-20 00:00:00,1,0,2024-07-20 12:08:54,0,2024-07-20 12:08:54,,,
2019-06-20,焦炭,结算价,2071.00,0.44%,2470,2019-06-20 00:00:00,1,0,2024-07-20 12:08:54,0,2024-07-20 12:08:54,,,
2019-06-19,焦炭,收盘价,2066.00,0.51%,2471,2019-06-19 00:00:00,1,0,2024-07-20 12:08:54,0,2024-07-20 12:08:54,,,
2019-06-19,焦炭,结算价,2062.00,0.66%,2472,2019-06-19 00:00:00,1,0,2024-07-20 12:08:54,0,2024-07-20 12:08:54,,,
2019-06-18,焦炭,收盘价,2055.50,-0.44%,2473,2019-06-18 00:00:00,1,0,2024-07-20 12:08:54,0,2024-07-20 12:08:54,,,
2019-06-18,焦炭,结算价,2048.50,-1.92%,2474,2019-06-18 00:00:00,1,0,2024-07-20 12:08:54,0,2024-07-20 12:08:54,,,
2019-06-17,焦炭,收盘价,2064.50,-2.09%,2475,2019-06-17 00:00:00,1,0,2024-07-20 12:08:54,0,2024-07-20 12:08:54,,,
2019-06-17,焦炭,结算价,2088.50,-1.76%,2476,2019-06-17 00:00:00,1,0,2024-07-20 12:08:54,0,2024-07-20 12:08:54,,,
2019-06-14,焦炭,收盘价,2108.50,-2.%,2477,2019-06-14 00:00:00,1,0,2024-07-20 12:08:54,0,2024-07-20 12:08:54,,,
2019-06-14,焦炭,结算价,2126.00,-0.42%,2478,2019-06-14 00:00:00,1,0,2024-07-20 12:08:54,0,2024-07-20 12:08:54,,,
2019-06-13,焦炭,收盘价,2151.50,1.75%,2479,2019-06-13 00:00:00,1,0,2024-07-20 12:08:54,0,2024-07-20 12:08:54,,,
2019-06-13,焦炭,结算价,2135.00,-1.23%,2480,2019-06-13 00:00:00,1,0,2024-07-20 12:08:54,0,2024-07-20 12:08:54,,,
2019-06-12,焦炭,收盘价,2114.50,-4.26%,2481,2019-06-12 00:00:00,1,0,2024-07-20 12:08:54,0,2024-07-20 12:08:54,,,
2019-06-12,焦炭,结算价,2161.50,-0.14%,2482,2019-06-12 00:00:00,1,0,2024-07-20 12:08:54,0,2024-07-20 12:08:54,,,
2019-06-11,焦炭,收盘价,2208.50,3.86%,2483,2019-06-11 00:00:00,1,0,2024-07-20 12:08:54,0,2024-07-20 12:08:54,,,
2019-06-11,焦炭,结算价,2164.50,1.6%,2484,2019-06-11 00:00:00,1,0,2024-07-20 12:08:54,0,2024-07-20 12:08:54,,,
2019-06-10,焦炭,收盘价,2126.50,-0.93%,2485,2019-06-10 00:00:00,1,0,2024-07-20 12:08:54,0,2024-07-20 12:08:54,,,
2019-06-10,焦炭,结算价,2130.50,0.85%,2486,2019-06-10 00:00:00,1,0,2024-07-20 12:08:54,0,2024-07-20 12:08:54,,,
2019-06-06,焦炭,收盘价,2146.50,1.51%,2487,2019-06-06 00:00:00,1,0,2024-07-20 12:08:54,0,2024-07-20 12:08:54,,,
2019-06-06,焦炭,结算价,2112.50,0.05%,2488,2019-06-06 00:00:00,1,0,2024-07-20 12:08:54,0,2024-07-20 12:08:54,,,
2019-06-05,焦炭,收盘价,2114.50,-0.59%,2489,2019-06-05 00:00:00,1,0,2024-07-20 12:08:54,0,2024-07-20 12:08:54,,,
2019-06-05,焦炭,结算价,2111.50,0.%,2490,2019-06-05 00:00:00,1,0,2024-07-20 12:08:54,0,2024-07-20 12:08:54,,,
2019-06-04,焦炭,收盘价,2127.00,1.36%,2491,2019-06-04 00:00:00,1,0,2024-07-20 12:08:57,0,2024-07-20 12:08:57,,,
2019-06-04,焦炭,结算价,2111.50,-0.17%,2492,2019-06-04 00:00:00,1,0,2024-07-20 12:08:57,0,2024-07-20 12:08:57,,,
2019-06-03,焦炭,收盘价,2098.50,-1.96%,2493,2019-06-03 00:00:00,1,0,2024-07-20 12:08:57,0,2024-07-20 12:08:57,,,
2019-06-03,焦炭,结算价,2115.00,-3.11%,2494,2019-06-03 00:00:00,1,0,2024-07-20 12:08:57,0,2024-07-20 12:08:57,,,
2019-05-31,焦炭,收盘价,2140.50,-2.93%,2495,2019-05-31 00:00:00,1,0,2024-07-20 12:08:57,0,2024-07-20 12:08:57,,,
2019-05-31,焦炭,结算价,2183.00,-1.95%,2496,2019-05-31 00:00:00,1,0,2024-07-20 12:08:57,0,2024-07-20 12:08:57,,,
2019-05-30,焦炭,收盘价,2205.00,-0.77%,2497,2019-05-30 00:00:00,1,0,2024-07-20 12:08:57,0,2024-07-20 12:08:57,,,
2019-05-30,焦炭,结算价,2226.50,0.32%,2498,2019-05-30 00:00:00,1,0,2024-07-20 12:08:57,0,2024-07-20 12:08:57,,,
2019-05-29,焦炭,收盘价,2222.00,-0.67%,2499,2019-05-29 00:00:00,1,0,2024-07-20 12:08:57,0,2024-07-20 12:08:57,,,
2019-05-29,焦炭,结算价,2219.50,-1.25%,2500,2019-05-29 00:00:00,1,0,2024-07-20 12:08:57,0,2024-07-20 12:08:57,,,
2019-05-28,焦炭,收盘价,2237.00,-0.97%,2501,2019-05-28 00:00:00,1,0,2024-07-20 12:08:57,0,2024-07-20 12:08:57,,,
2019-05-28,焦炭,结算价,2247.50,-2.64%,2502,2019-05-28 00:00:00,1,0,2024-07-20 12:08:57,0,2024-07-20 12:08:57,,,
2019-05-27,焦炭,收盘价,2259.00,-2.67%,2503,2019-05-27 00:00:00,1,0,2024-07-20 12:08:57,0,2024-07-20 12:08:57,,,
2019-05-27,焦炭,结算价,2308.50,0.79%,2504,2019-05-27 00:00:00,1,0,2024-07-20 12:08:57,0,2024-07-20 12:08:57,,,
2019-05-24,焦炭,收盘价,2321.00,2.52%,2505,2019-05-24 00:00:00,1,0,2024-07-20 12:08:57,0,2024-07-20 12:08:57,,,
2019-05-24,焦炭,结算价,2290.50,0.9%,2506,2019-05-24 00:00:00,1,0,2024-07-20 12:08:57,0,2024-07-20 12:08:57,,,
2019-05-23,焦炭,收盘价,2264.00,-1.42%,2507,2019-05-23 00:00:00,1,0,2024-07-20 12:08:57,0,2024-07-20 12:08:57,,,
2019-05-23,焦炭,结算价,2270.00,-1.39%,2508,2019-05-23 00:00:00,1,0,2024-07-20 12:08:57,0,2024-07-20 12:08:57,,,
2019-05-22,焦炭,收盘价,2296.50,1.12%,2509,2019-05-22 00:00:00,1,0,2024-07-20 12:08:57,0,2024-07-20 12:08:57,,,
2019-05-22,焦炭,结算价,2302.00,3.69%,2510,2019-05-22 00:00:00,1,0,2024-07-20 12:08:57,0,2024-07-20 12:08:57,,,
2019-05-21,焦炭,收盘价,2271.00,4.53%,2511,2019-05-21 00:00:00,1,0,2024-07-20 12:08:57,0,2024-07-20 12:08:57,,,
2019-05-21,焦炭,结算价,2220.00,2.83%,2512,2019-05-21 00:00:00,1,0,2024-07-20 12:08:57,0,2024-07-20 12:08:57,,,
2019-05-20,焦炭,收盘价,2172.50,0.46%,2513,2019-05-20 00:00:00,1,0,2024-07-20 12:08:57,0,2024-07-20 12:08:57,,,
2019-05-20,焦炭,结算价,2159.00,0.26%,2514,2019-05-20 00:00:00,1,0,2024-07-20 12:08:57,0,2024-07-20 12:08:57,,,
2019-05-17,焦炭,收盘价,2162.50,1.1%,2515,2019-05-17 00:00:00,1,0,2024-07-20 12:08:57,0,2024-07-20 12:08:57,,,
2019-05-17,焦炭,结算价,2153.50,0.54%,2516,2019-05-17 00:00:00,1,0,2024-07-20 12:08:57,0,2024-07-20 12:08:57,,,
2019-05-16,焦炭,收盘价,2139.00,-0.05%,2517,2019-05-16 00:00:00,1,0,2024-07-20 12:08:57,0,2024-07-20 12:08:57,,,
2019-05-16,焦炭,结算价,2142.00,1.47%,2518,2019-05-16 00:00:00,1,0,2024-07-20 12:08:57,0,2024-07-20 12:08:57,,,
2019-05-15,焦炭,收盘价,2140.00,2.34%,2519,2019-05-15 00:00:00,1,0,2024-07-20 12:08:57,0,2024-07-20 12:08:57,,,
2019-05-15,焦炭,结算价,2111.00,0.09%,2520,2019-05-15 00:00:00,1,0,2024-07-20 12:08:57,0,2024-07-20 12:08:57,,,
2019-05-14,焦炭,收盘价,2091.00,-1.67%,2521,2019-05-14 00:00:00,1,0,2024-07-20 12:09:01,0,2024-07-20 12:09:01,,,
2019-05-14,焦炭,结算价,2109.00,-1.77%,2522,2019-05-14 00:00:00,1,0,2024-07-20 12:09:01,0,2024-07-20 12:09:01,,,
2019-05-13,焦炭,收盘价,2126.50,-1.87%,2523,2019-05-13 00:00:00,1,0,2024-07-20 12:09:01,0,2024-07-20 12:09:01,,,
2019-05-13,焦炭,结算价,2147.00,-0.53%,2524,2019-05-13 00:00:00,1,0,2024-07-20 12:09:01,0,2024-07-20 12:09:01,,,
2019-05-10,焦炭,收盘价,2167.00,0.51%,2525,2019-05-10 00:00:00,1,0,2024-07-20 12:09:01,0,2024-07-20 12:09:01,,,
2019-05-10,焦炭,结算价,2158.50,0.3%,2526,2019-05-10 00:00:00,1,0,2024-07-20 12:09:01,0,2024-07-20 12:09:01,,,
2019-05-09,焦炭,收盘价,2156.00,0.4%,2527,2019-05-09 00:00:00,1,0,2024-07-20 12:09:01,0,2024-07-20 12:09:01,,,
2019-05-09,焦炭,结算价,2152.00,0.99%,2528,2019-05-09 00:00:00,1,0,2024-07-20 12:09:01,0,2024-07-20 12:09:01,,,
2019-05-08,焦炭,收盘价,2147.50,1.34%,2529,2019-05-08 00:00:00,1,0,2024-07-20 12:09:01,0,2024-07-20 12:09:01,,,
2019-05-08,焦炭,结算价,2131.00,1.43%,2530,2019-05-08 00:00:00,1,0,2024-07-20 12:09:01,0,2024-07-20 12:09:01,,,
2019-05-07,焦炭,收盘价,2119.00,2.71%,2531,2019-05-07 00:00:00,1,0,2024-07-20 12:09:01,0,2024-07-20 12:09:01,,,
2019-05-07,焦炭,结算价,2101.00,2.44%,2532,2019-05-07 00:00:00,1,0,2024-07-20 12:09:01,0,2024-07-20 12:09:01,,,
2019-05-06,焦炭,收盘价,2063.00,0.81%,2533,2019-05-06 00:00:00,1,0,2024-07-20 12:09:01,0,2024-07-20 12:09:01,,,
2019-05-06,焦炭,结算价,2051.00,0.61%,2534,2019-05-06 00:00:00,1,0,2024-07-20 12:09:01,0,2024-07-20 12:09:01,,,
2019-04-30,焦炭,收盘价,2046.50,-0.02%,2535,2019-04-30 00:00:00,1,0,2024-07-20 12:09:01,0,2024-07-20 12:09:01,,,
2019-04-30,焦炭,结算价,2038.50,0.39%,2536,2019-04-30 00:00:00,1,0,2024-07-20 12:09:01,0,2024-07-20 12:09:01,,,
2019-04-29,焦炭,收盘价,2047.00,1.59%,2537,2019-04-29 00:00:00,1,0,2024-07-20 12:09:01,0,2024-07-20 12:09:01,,,
2019-04-29,焦炭,结算价,2030.50,-0.02%,2538,2019-04-29 00:00:00,1,0,2024-07-20 12:09:01,0,2024-07-20 12:09:01,,,
2019-04-26,焦炭,收盘价,2015.00,-1.03%,2539,2019-04-26 00:00:00,1,0,2024-07-20 12:09:01,0,2024-07-20 12:09:01,,,
2019-04-26,焦炭,结算价,2031.00,-0.83%,2540,2019-04-26 00:00:00,1,0,2024-07-20 12:09:01,0,2024-07-20 12:09:01,,,
2019-04-25,焦炭,收盘价,2036.00,-0.54%,2541,2019-04-25 00:00:00,1,0,2024-07-20 12:09:01,0,2024-07-20 12:09:01,,,
2019-04-25,焦炭,结算价,2048.00,0.52%,2542,2019-04-25 00:00:00,1,0,2024-07-20 12:09:01,0,2024-07-20 12:09:01,,,
2019-04-24,焦炭,收盘价,2047.00,0.05%,2543,2019-04-24 00:00:00,1,0,2024-07-20 12:09:01,0,2024-07-20 12:09:01,,,
2019-04-24,焦炭,结算价,2037.50,-0.12%,2544,2019-04-24 00:00:00,1,0,2024-07-20 12:09:01,0,2024-07-20 12:09:01,,,
2019-04-23,焦炭,收盘价,2046.00,0.61%,2545,2019-04-23 00:00:00,1,0,2024-07-20 12:09:01,0,2024-07-20 12:09:01,,,
2019-04-23,焦炭,结算价,2040.00,-0.41%,2546,2019-04-23 00:00:00,1,0,2024-07-20 12:09:01,0,2024-07-20 12:09:01,,,
2019-04-22,焦炭,收盘价,2033.50,-0.8%,2547,2019-04-22 00:00:00,1,0,2024-07-20 12:09:01,0,2024-07-20 12:09:01,,,
2019-04-22,焦炭,结算价,2048.50,0.81%,2548,2019-04-22 00:00:00,1,0,2024-07-20 12:09:01,0,2024-07-20 12:09:01,,,
2019-04-19,焦炭,收盘价,2050.00,1.89%,2549,2019-04-19 00:00:00,1,0,2024-07-20 12:09:01,0,2024-07-20 12:09:01,,,
2019-04-19,焦炭,结算价,2032.00,0.17%,2550,2019-04-19 00:00:00,1,0,2024-07-20 12:09:01,0,2024-07-20 12:09:01,,,
2019-04-18,焦炭,收盘价,2012.00,-1.71%,2551,2019-04-18 00:00:00,1,0,2024-07-20 12:09:05,0,2024-07-20 12:09:05,,,
2019-04-18,焦炭,结算价,2028.50,-1.07%,2552,2019-04-18 00:00:00,1,0,2024-07-20 12:09:05,0,2024-07-20 12:09:05,,,
2019-04-17,焦炭,收盘价,2047.00,-0.68%,2553,2019-04-17 00:00:00,1,0,2024-07-20 12:09:05,0,2024-07-20 12:09:05,,,
2019-04-17,焦炭,结算价,2050.50,-0.02%,2554,2019-04-17 00:00:00,1,0,2024-07-20 12:09:05,0,2024-07-20 12:09:05,,,
2019-04-16,焦炭,收盘价,2061.00,0.54%,2555,2019-04-16 00:00:00,1,0,2024-07-20 12:09:05,0,2024-07-20 12:09:05,,,
2019-04-16,焦炭,结算价,2051.00,0.24%,2556,2019-04-16 00:00:00,1,0,2024-07-20 12:09:05,0,2024-07-20 12:09:05,,,
2019-04-15,焦炭,收盘价,2050.00,0.94%,2557,2019-04-15 00:00:00,1,0,2024-07-20 12:09:05,0,2024-07-20 12:09:05,,,
2019-04-15,焦炭,结算价,2046.00,1.87%,2558,2019-04-15 00:00:00,1,0,2024-07-20 12:09:05,0,2024-07-20 12:09:05,,,
2019-04-12,焦炭,收盘价,2031.00,0.94%,2559,2019-04-12 00:00:00,1,0,2024-07-20 12:09:05,0,2024-07-20 12:09:05,,,
2019-04-12,焦炭,结算价,2008.50,0.15%,2560,2019-04-12 00:00:00,1,0,2024-07-20 12:09:05,0,2024-07-20 12:09:05,,,
2019-04-11,焦炭,收盘价,2012.00,-0.27%,2561,2019-04-11 00:00:00,1,0,2024-07-20 12:09:05,0,2024-07-20 12:09:05,,,
2019-04-11,焦炭,结算价,2005.50,-1.11%,2562,2019-04-11 00:00:00,1,0,2024-07-20 12:09:05,0,2024-07-20 12:09:05,,,
2019-04-10,焦炭,收盘价,2017.50,-1.34%,2563,2019-04-10 00:00:00,1,0,2024-07-20 12:09:05,0,2024-07-20 12:09:05,,,
2019-04-10,焦炭,结算价,2028.00,-1.74%,2564,2019-04-10 00:00:00,1,0,2024-07-20 12:09:05,0,2024-07-20 12:09:05,,,
2019-04-09,焦炭,收盘价,2045.00,-1.47%,2565,2019-04-09 00:00:00,1,0,2024-07-20 12:09:05,0,2024-07-20 12:09:05,,,
2019-04-09,焦炭,结算价,2064.00,-0.27%,2566,2019-04-09 00:00:00,1,0,2024-07-20 12:09:05,0,2024-07-20 12:09:05,,,
2019-04-08,焦炭,收盘价,2075.50,2.42%,2567,2019-04-08 00:00:00,1,0,2024-07-20 12:09:05,0,2024-07-20 12:09:05,,,
2019-04-08,焦炭,结算价,2069.50,2.48%,2568,2019-04-08 00:00:00,1,0,2024-07-20 12:09:05,0,2024-07-20 12:09:05,,,
2019-04-04,焦炭,收盘价,2026.50,0.02%,2569,2019-04-04 00:00:00,1,0,2024-07-20 12:09:05,0,2024-07-20 12:09:05,,,
2019-04-04,焦炭,结算价,2019.50,0.05%,2570,2019-04-04 00:00:00,1,0,2024-07-20 12:09:05,0,2024-07-20 12:09:05,,,
2019-04-03,焦炭,收盘价,2026.00,1.07%,2571,2019-04-03 00:00:00,1,0,2024-07-20 12:09:05,0,2024-07-20 12:09:05,,,
2019-04-03,焦炭,结算价,2018.50,0.3%,2572,2019-04-03 00:00:00,1,0,2024-07-20 12:09:05,0,2024-07-20 12:09:05,,,
2019-04-02,焦炭,收盘价,2004.50,-0.62%,2573,2019-04-02 00:00:00,1,0,2024-07-20 12:09:05,0,2024-07-20 12:09:05,,,
2019-04-02,焦炭,结算价,2012.50,0.68%,2574,2019-04-02 00:00:00,1,0,2024-07-20 12:09:05,0,2024-07-20 12:09:05,,,
2019-04-01,焦炭,收盘价,2017.00,1.64%,2575,2019-04-01 00:00:00,1,0,2024-07-20 12:09:05,0,2024-07-20 12:09:05,,,
2019-04-01,焦炭,结算价,1999.00,1.19%,2576,2019-04-01 00:00:00,1,0,2024-07-20 12:09:05,0,2024-07-20 12:09:05,,,
2019-03-29,焦炭,收盘价,1984.50,0.99%,2577,2019-03-29 00:00:00,1,0,2024-07-20 12:09:05,0,2024-07-20 12:09:05,,,
2019-03-29,焦炭,结算价,1975.50,0.74%,2578,2019-03-29 00:00:00,1,0,2024-07-20 12:09:05,0,2024-07-20 12:09:05,,,
2019-03-28,焦炭,收盘价,1965.00,0.87%,2579,2019-03-28 00:00:00,1,0,2024-07-20 12:09:05,0,2024-07-20 12:09:05,,,
2019-03-28,焦炭,结算价,1961.00,-0.03%,2580,2019-03-28 00:00:00,1,0,2024-07-20 12:09:05,0,2024-07-20 12:09:05,,,
2019-03-27,焦炭,收盘价,1948.00,-1.02%,2581,2019-03-27 00:00:00,1,0,2024-07-20 12:09:07,0,2024-07-20 12:09:07,,,
2019-03-27,焦炭,结算价,1961.50,-0.36%,2582,2019-03-27 00:00:00,1,0,2024-07-20 12:09:07,0,2024-07-20 12:09:07,,,
2019-03-26,焦炭,收盘价,1968.00,-0.28%,2583,2019-03-26 00:00:00,1,0,2024-07-20 12:09:07,0,2024-07-20 12:09:07,,,
2019-03-26,焦炭,结算价,1968.50,-0.76%,2584,2019-03-26 00:00:00,1,0,2024-07-20 12:09:07,0,2024-07-20 12:09:07,,,
2019-03-25,焦炭,收盘价,1973.50,-1.28%,2585,2019-03-25 00:00:00,1,0,2024-07-20 12:09:07,0,2024-07-20 12:09:07,,,
2019-03-25,焦炭,结算价,1983.50,0.25%,2586,2019-03-25 00:00:00,1,0,2024-07-20 12:09:07,0,2024-07-20 12:09:07,,,
2019-03-22,焦炭,收盘价,1999.00,1.39%,2587,2019-03-22 00:00:00,1,0,2024-07-20 12:09:07,0,2024-07-20 12:09:07,,,
2019-03-22,焦炭,结算价,1978.50,0.18%,2588,2019-03-22 00:00:00,1,0,2024-07-20 12:09:07,0,2024-07-20 12:09:07,,,
2019-03-21,焦炭,收盘价,1971.50,0.18%,2589,2019-03-21 00:00:00,1,0,2024-07-20 12:09:07,0,2024-07-20 12:09:07,,,
2019-03-21,焦炭,结算价,1975.00,0.43%,2590,2019-03-21 00:00:00,1,0,2024-07-20 12:09:07,0,2024-07-20 12:09:07,,,
2019-03-20,焦炭,收盘价,1968.00,0.2%,2591,2019-03-20 00:00:00,1,0,2024-07-20 12:09:07,0,2024-07-20 12:09:07,,,
2019-03-20,焦炭,结算价,1966.50,0.13%,2592,2019-03-20 00:00:00,1,0,2024-07-20 12:09:07,0,2024-07-20 12:09:07,,,
2019-03-19,焦炭,收盘价,1964.00,-0.2%,2593,2019-03-19 00:00:00,1,0,2024-07-20 12:09:07,0,2024-07-20 12:09:07,,,
2019-03-19,焦炭,结算价,1964.00,-1.06%,2594,2019-03-19 00:00:00,1,0,2024-07-20 12:09:07,0,2024-07-20 12:09:07,,,
2019-03-18,焦炭,收盘价,1968.00,-1.3%,2595,2019-03-18 00:00:00,1,0,2024-07-20 12:09:07,0,2024-07-20 12:09:07,,,
2019-03-18,焦炭,结算价,1985.00,-0.28%,2596,2019-03-18 00:00:00,1,0,2024-07-20 12:09:07,0,2024-07-20 12:09:07,,,
2019-03-15,焦炭,收盘价,1994.00,-0.89%,2597,2019-03-15 00:00:00,1,0,2024-07-20 12:09:07,0,2024-07-20 12:09:07,,,
2019-03-15,焦炭,结算价,1990.50,-0.45%,2598,2019-03-15 00:00:00,1,0,2024-07-20 12:09:07,0,2024-07-20 12:09:07,,,
2019-03-14,焦炭,收盘价,2012.00,1.33%,2599,2019-03-14 00:00:00,1,0,2024-07-20 12:09:07,0,2024-07-20 12:09:07,,,
2019-03-14,焦炭,结算价,1999.50,-0.03%,2600,2019-03-14 00:00:00,1,0,2024-07-20 12:09:07,0,2024-07-20 12:09:07,,,
2019-03-13,焦炭,收盘价,1985.50,-0.97%,2601,2019-03-13 00:00:00,1,0,2024-07-20 12:09:07,0,2024-07-20 12:09:07,,,
2019-03-13,焦炭,结算价,2000.00,0.4%,2602,2019-03-13 00:00:00,1,0,2024-07-20 12:09:07,0,2024-07-20 12:09:07,,,
2019-03-12,焦炭,收盘价,2005.00,1.96%,2603,2019-03-12 00:00:00,1,0,2024-07-20 12:09:07,0,2024-07-20 12:09:07,,,
2019-03-12,焦炭,结算价,1992.00,0.%,2604,2019-03-12 00:00:00,1,0,2024-07-20 12:09:07,0,2024-07-20 12:09:07,,,
2019-03-11,焦炭,收盘价,1966.50,-2.82%,2605,2019-03-11 00:00:00,1,0,2024-07-20 12:09:07,0,2024-07-20 12:09:07,,,
2019-03-11,焦炭,结算价,1992.00,-2.5%,2606,2019-03-11 00:00:00,1,0,2024-07-20 12:09:07,0,2024-07-20 12:09:07,,,
2019-03-08,焦炭,收盘价,2023.50,-2.72%,2607,2019-03-08 00:00:00,1,0,2024-07-20 12:09:07,0,2024-07-20 12:09:07,,,
2019-03-08,焦炭,结算价,2043.00,-1.52%,2608,2019-03-08 00:00:00,1,0,2024-07-20 12:09:07,0,2024-07-20 12:09:07,,,
2019-03-07,焦炭,收盘价,2080.00,0.8%,2609,2019-03-07 00:00:00,1,0,2024-07-20 12:09:07,0,2024-07-20 12:09:07,,,
2019-03-07,焦炭,结算价,2074.50,-0.07%,2610,2019-03-07 00:00:00,1,0,2024-07-20 12:09:07,0,2024-07-20 12:09:07,,,
2019-03-06,焦炭,收盘价,2063.50,-1.13%,2611,2019-03-06 00:00:00,1,0,2024-07-20 12:09:11,0,2024-07-20 12:09:11,,,
2019-03-06,焦炭,结算价,2076.00,-0.55%,2612,2019-03-06 00:00:00,1,0,2024-07-20 12:09:11,0,2024-07-20 12:09:11,,,
2019-03-05,焦炭,收盘价,2087.00,-0.97%,2613,2019-03-05 00:00:00,1,0,2024-07-20 12:09:11,0,2024-07-20 12:09:11,,,
2019-03-05,焦炭,结算价,2087.50,-2.48%,2614,2019-03-05 00:00:00,1,0,2024-07-20 12:09:11,0,2024-07-20 12:09:11,,,
2019-03-04,焦炭,收盘价,2107.50,-2.79%,2615,2019-03-04 00:00:00,1,0,2024-07-20 12:09:11,0,2024-07-20 12:09:11,,,
2019-03-04,焦炭,结算价,2140.50,0.02%,2616,2019-03-04 00:00:00,1,0,2024-07-20 12:09:11,0,2024-07-20 12:09:11,,,
2019-03-01,焦炭,收盘价,2168.00,2.05%,2617,2019-03-01 00:00:00,1,0,2024-07-20 12:09:11,0,2024-07-20 12:09:11,,,
2019-03-01,焦炭,结算价,2140.00,0.94%,2618,2019-03-01 00:00:00,1,0,2024-07-20 12:09:11,0,2024-07-20 12:09:11,,,
2019-02-28,焦炭,收盘价,2124.50,0.12%,2619,2019-02-28 00:00:00,1,0,2024-07-20 12:09:11,0,2024-07-20 12:09:11,,,
2019-02-28,焦炭,结算价,2120.00,-0.66%,2620,2019-02-28 00:00:00,1,0,2024-07-20 12:09:11,0,2024-07-20 12:09:11,,,
2019-02-27,焦炭,收盘价,2122.00,-1.%,2621,2019-02-27 00:00:00,1,0,2024-07-20 12:09:11,0,2024-07-20 12:09:11,,,
2019-02-27,焦炭,结算价,2134.00,0.33%,2622,2019-02-27 00:00:00,1,0,2024-07-20 12:09:11,0,2024-07-20 12:09:11,,,
2019-02-26,焦炭,收盘价,2143.50,0.26%,2623,2019-02-26 00:00:00,1,0,2024-07-20 12:09:11,0,2024-07-20 12:09:11,,,
2019-02-26,焦炭,结算价,2127.00,-1.3%,2624,2019-02-26 00:00:00,1,0,2024-07-20 12:09:11,0,2024-07-20 12:09:11,,,
2019-02-25,焦炭,收盘价,2138.00,-1.16%,2625,2019-02-25 00:00:00,1,0,2024-07-20 12:09:11,0,2024-07-20 12:09:11,,,
2019-02-25,焦炭,结算价,2155.00,0.54%,2626,2019-02-25 00:00:00,1,0,2024-07-20 12:09:11,0,2024-07-20 12:09:11,,,
2019-02-22,焦炭,收盘价,2163.00,1.72%,2627,2019-02-22 00:00:00,1,0,2024-07-20 12:09:11,0,2024-07-20 12:09:11,,,
2019-02-22,焦炭,结算价,2143.50,0.7%,2628,2019-02-22 00:00:00,1,0,2024-07-20 12:09:11,0,2024-07-20 12:09:11,,,
2019-02-21,焦炭,收盘价,2126.50,0.64%,2629,2019-02-21 00:00:00,1,0,2024-07-20 12:09:11,0,2024-07-20 12:09:11,,,
2019-02-21,焦炭,结算价,2128.50,1.77%,2630,2019-02-21 00:00:00,1,0,2024-07-20 12:09:11,0,2024-07-20 12:09:11,,,
2019-02-20,焦炭,收盘价,2113.00,1.34%,2631,2019-02-20 00:00:00,1,0,2024-07-20 12:09:11,0,2024-07-20 12:09:11,,,
2019-02-20,焦炭,结算价,2091.50,1.06%,2632,2019-02-20 00:00:00,1,0,2024-07-20 12:09:11,0,2024-07-20 12:09:11,,,
2019-02-19,焦炭,收盘价,2085.00,0.82%,2633,2019-02-19 00:00:00,1,0,2024-07-20 12:09:11,0,2024-07-20 12:09:11,,,
2019-02-19,焦炭,结算价,2069.50,0.12%,2634,2019-02-19 00:00:00,1,0,2024-07-20 12:09:11,0,2024-07-20 12:09:11,,,
2019-02-18,焦炭,收盘价,2068.00,1.25%,2635,2019-02-18 00:00:00,1,0,2024-07-20 12:09:11,0,2024-07-20 12:09:11,,,
2019-02-18,焦炭,结算价,2067.00,0.34%,2636,2019-02-18 00:00:00,1,0,2024-07-20 12:09:11,0,2024-07-20 12:09:11,,,
2019-02-15,焦炭,收盘价,2042.50,-2.2%,2637,2019-02-15 00:00:00,1,0,2024-07-20 12:09:11,0,2024-07-20 12:09:11,,,
2019-02-15,焦炭,结算价,2060.00,-0.72%,2638,2019-02-15 00:00:00,1,0,2024-07-20 12:09:11,0,2024-07-20 12:09:11,,,
2019-02-14,焦炭,收盘价,2088.50,1.09%,2639,2019-02-14 00:00:00,1,0,2024-07-20 12:09:11,0,2024-07-20 12:09:11,,,
2019-02-14,焦炭,结算价,2075.00,0.1%,2640,2019-02-14 00:00:00,1,0,2024-07-20 12:09:11,0,2024-07-20 12:09:11,,,
2019-02-13,焦炭,收盘价,2066.00,-1.64%,2641,2019-02-13 00:00:00,1,0,2024-07-20 12:09:14,0,2024-07-20 12:09:14,,,
2019-02-13,焦炭,结算价,2073.00,-1.33%,2642,2019-02-13 00:00:00,1,0,2024-07-20 12:09:14,0,2024-07-20 12:09:14,,,
2019-02-12,焦炭,收盘价,2100.50,0.19%,2643,2019-02-12 00:00:00,1,0,2024-07-20 12:09:14,0,2024-07-20 12:09:14,,,
2019-02-12,焦炭,结算价,2101.00,-1.11%,2644,2019-02-12 00:00:00,1,0,2024-07-20 12:09:14,0,2024-07-20 12:09:14,,,
2019-02-11,焦炭,收盘价,2096.50,1.67%,2645,2019-02-11 00:00:00,1,0,2024-07-20 12:09:14,0,2024-07-20 12:09:14,,,
2019-02-11,焦炭,结算价,2124.50,4.01%,2646,2019-02-11 00:00:00,1,0,2024-07-20 12:09:14,0,2024-07-20 12:09:14,,,
2019-02-01,焦炭,收盘价,2112.50,2.45%,2647,2019-02-01 00:00:00,1,0,2024-07-20 12:09:14,0,2024-07-20 12:09:14,,,
2019-02-01,焦炭,结算价,2080.00,1.84%,2648,2019-02-01 00:00:00,1,0,2024-07-20 12:09:14,0,2024-07-20 12:09:14,,,
2019-01-31,焦炭,收盘价,2062.00,2.08%,2649,2019-01-31 00:00:00,1,0,2024-07-20 12:09:14,0,2024-07-20 12:09:14,,,
2019-01-31,焦炭,结算价,2042.50,-0.16%,2650,2019-01-31 00:00:00,1,0,2024-07-20 12:09:14,0,2024-07-20 12:09:14,,,
2019-01-30,焦炭,收盘价,2020.00,-0.3%,2651,2019-01-30 00:00:00,1,0,2024-07-20 12:09:14,0,2024-07-20 12:09:14,,,
2019-01-30,焦炭,结算价,2045.80,0.88%,2652,2019-01-30 00:00:00,1,0,2024-07-20 12:09:14,0,2024-07-20 12:09:14,,,
2019-01-29,焦炭,收盘价,2026.00,-0.73%,2653,2019-01-29 00:00:00,1,0,2024-07-20 12:09:14,0,2024-07-20 12:09:14,,,
2019-01-29,焦炭,结算价,2028.00,-1.58%,2654,2019-01-29 00:00:00,1,0,2024-07-20 12:09:14,0,2024-07-20 12:09:14,,,
2019-01-28,焦炭,收盘价,2041.00,-0.37%,2655,2019-01-28 00:00:00,1,0,2024-07-20 12:09:14,0,2024-07-20 12:09:14,,,
2019-01-28,焦炭,结算价,2060.50,0.29%,2656,2019-01-28 00:00:00,1,0,2024-07-20 12:09:14,0,2024-07-20 12:09:14,,,
2019-01-25,焦炭,收盘价,2048.50,0.69%,2657,2019-01-25 00:00:00,1,0,2024-07-20 12:09:14,0,2024-07-20 12:09:14,,,
2019-01-25,焦炭,结算价,2054.50,0.66%,2658,2019-01-25 00:00:00,1,0,2024-07-20 12:09:14,0,2024-07-20 12:09:14,,,
2019-01-24,焦炭,收盘价,2034.50,-0.42%,2659,2019-01-24 00:00:00,1,0,2024-07-20 12:09:14,0,2024-07-20 12:09:14,,,
2019-01-24,焦炭,结算价,2041.00,0.29%,2660,2019-01-24 00:00:00,1,0,2024-07-20 12:09:14,0,2024-07-20 12:09:14,,,
2019-01-23,焦炭,收盘价,2043.00,1.19%,2661,2019-01-23 00:00:00,1,0,2024-07-20 12:09:14,0,2024-07-20 12:09:14,,,
2019-01-23,焦炭,结算价,2035.00,-0.07%,2662,2019-01-23 00:00:00,1,0,2024-07-20 12:09:14,0,2024-07-20 12:09:14,,,
2019-01-22,焦炭,收盘价,2019.00,-0.54%,2663,2019-01-22 00:00:00,1,0,2024-07-20 12:09:14,0,2024-07-20 12:09:14,,,
2019-01-22,焦炭,结算价,2036.50,-0.73%,2664,2019-01-22 00:00:00,1,0,2024-07-20 12:09:14,0,2024-07-20 12:09:14,,,
2019-01-21,焦炭,收盘价,2030.00,-1.72%,2665,2019-01-21 00:00:00,1,0,2024-07-20 12:09:14,0,2024-07-20 12:09:14,,,
2019-01-21,焦炭,结算价,2051.50,-0.1%,2666,2019-01-21 00:00:00,1,0,2024-07-20 12:09:14,0,2024-07-20 12:09:14,,,
2019-01-18,焦炭,收盘价,2065.50,1.52%,2667,2019-01-18 00:00:00,1,0,2024-07-20 12:09:14,0,2024-07-20 12:09:14,,,
2019-01-18,焦炭,结算价,2053.50,1.03%,2668,2019-01-18 00:00:00,1,0,2024-07-20 12:09:14,0,2024-07-20 12:09:14,,,
2019-01-17,焦炭,收盘价,2034.50,0.%,2669,2019-01-17 00:00:00,1,0,2024-07-20 12:09:14,0,2024-07-20 12:09:14,,,
2019-01-17,焦炭,结算价,2032.50,0.57%,2670,2019-01-17 00:00:00,1,0,2024-07-20 12:09:14,0,2024-07-20 12:09:14,,,
2019-01-16,焦炭,收盘价,2034.50,0.77%,2671,2019-01-16 00:00:00,1,0,2024-07-20 12:09:18,0,2024-07-20 12:09:18,,,
2019-01-16,焦炭,结算价,2021.00,0.5%,2672,2019-01-16 00:00:00,1,0,2024-07-20 12:09:18,0,2024-07-20 12:09:18,,,
2019-01-15,焦炭,收盘价,2019.00,0.2%,2673,2019-01-15 00:00:00,1,0,2024-07-20 12:09:18,0,2024-07-20 12:09:18,,,
2019-01-15,焦炭,结算价,2011.00,0.83%,2674,2019-01-15 00:00:00,1,0,2024-07-20 12:09:18,0,2024-07-20 12:09:18,,,
2019-01-14,焦炭,收盘价,2015.00,1.66%,2675,2019-01-14 00:00:00,1,0,2024-07-20 12:09:18,0,2024-07-20 12:09:18,,,
2019-01-14,焦炭,结算价,1994.50,2.1%,2676,2019-01-14 00:00:00,1,0,2024-07-20 12:09:18,0,2024-07-20 12:09:18,,,
2019-01-11,焦炭,收盘价,1982.00,2.46%,2677,2019-01-11 00:00:00,1,0,2024-07-20 12:09:18,0,2024-07-20 12:09:18,,,
2019-01-11,焦炭,结算价,1953.50,0.72%,2678,2019-01-11 00:00:00,1,0,2024-07-20 12:09:18,0,2024-07-20 12:09:18,,,
2019-01-10,焦炭,收盘价,1934.50,-0.59%,2679,2019-01-10 00:00:00,1,0,2024-07-20 12:09:18,0,2024-07-20 12:09:18,,,
2019-01-10,焦炭,结算价,1939.50,-1.12%,2680,2019-01-10 00:00:00,1,0,2024-07-20 12:09:18,0,2024-07-20 12:09:18,,,
2019-01-09,焦炭,收盘价,1946.00,-0.15%,2681,2019-01-09 00:00:00,1,0,2024-07-20 12:09:18,0,2024-07-20 12:09:18,,,
2019-01-09,焦炭,结算价,1961.50,0.44%,2682,2019-01-09 00:00:00,1,0,2024-07-20 12:09:18,0,2024-07-20 12:09:18,,,
2019-01-08,焦炭,收盘价,1949.00,-0.76%,2683,2019-01-08 00:00:00,1,0,2024-07-20 12:09:18,0,2024-07-20 12:09:18,,,
2019-01-08,焦炭,结算价,1953.00,0.%,2684,2019-01-08 00:00:00,1,0,2024-07-20 12:09:18,0,2024-07-20 12:09:18,,,
2019-01-07,焦炭,收盘价,1964.00,1.18%,2685,2019-01-07 00:00:00,1,0,2024-07-20 12:09:18,0,2024-07-20 12:09:18,,,
2019-01-07,焦炭,结算价,1953.00,0.93%,2686,2019-01-07 00:00:00,1,0,2024-07-20 12:09:18,0,2024-07-20 12:09:18,,,
2019-01-04,焦炭,收盘价,1941.00,0.21%,2687,2019-01-04 00:00:00,1,0,2024-07-20 12:09:18,0,2024-07-20 12:09:18,,,
2019-01-04,焦炭,结算价,1935.00,1.26%,2688,2019-01-04 00:00:00,1,0,2024-07-20 12:09:18,0,2024-07-20 12:09:18,,,
2019-01-03,焦炭,收盘价,1937.00,3.22%,2689,2019-01-03 00:00:00,1,0,2024-07-20 12:09:18,0,2024-07-20 12:09:18,,,
2019-01-03,焦炭,结算价,1911.00,1.38%,2690,2019-01-03 00:00:00,1,0,2024-07-20 12:09:18,0,2024-07-20 12:09:18,,,
2019-01-02,焦炭,收盘价,1876.50,-1.29%,2691,2019-01-02 00:00:00,1,0,2024-07-20 12:09:18,0,2024-07-20 12:09:18,,,
2019-01-02,焦炭,结算价,1885.00,0.03%,2692,2019-01-02 00:00:00,1,0,2024-07-20 12:09:18,0,2024-07-20 12:09:18,,,
2018-12-28,焦炭,收盘价,1901.00,0.64%,2693,2018-12-28 00:00:00,1,0,2024-07-20 12:09:18,0,2024-07-20 12:09:18,,,
2018-12-28,焦炭,结算价,1884.50,-1.36%,2694,2018-12-28 00:00:00,1,0,2024-07-20 12:09:18,0,2024-07-20 12:09:18,,,
2018-12-27,焦炭,收盘价,1889.00,-0.18%,2695,2018-12-27 00:00:00,1,0,2024-07-20 12:09:18,0,2024-07-20 12:09:18,,,
2018-12-27,焦炭,结算价,1910.50,0.92%,2696,2018-12-27 00:00:00,1,0,2024-07-20 12:09:18,0,2024-07-20 12:09:18,,,
2018-12-26,焦炭,收盘价,1892.50,0.21%,2697,2018-12-26 00:00:00,1,0,2024-07-20 12:09:18,0,2024-07-20 12:09:18,,,
2018-12-26,焦炭,结算价,1893.00,-1.41%,2698,2018-12-26 00:00:00,1,0,2024-07-20 12:09:18,0,2024-07-20 12:09:18,,,
2018-12-25,焦炭,收盘价,1888.50,-4.62%,2699,2018-12-25 00:00:00,1,0,2024-07-20 12:09:18,0,2024-07-20 12:09:18,,,
2018-12-25,焦炭,结算价,1920.00,-3.08%,2700,2018-12-25 00:00:00,1,0,2024-07-20 12:09:18,0,2024-07-20 12:09:18,,,
2018-12-24,焦炭,收盘价,1980.00,-0.65%,2701,2018-12-24 00:00:00,1,0,2024-07-20 12:09:21,0,2024-07-20 12:09:21,,,
2018-12-24,焦炭,结算价,1981.00,-0.3%,2702,2018-12-24 00:00:00,1,0,2024-07-20 12:09:21,0,2024-07-20 12:09:21,,,
2018-12-21,焦炭,收盘价,1993.00,0.35%,2703,2018-12-21 00:00:00,1,0,2024-07-20 12:09:21,0,2024-07-20 12:09:21,,,
2018-12-21,焦炭,结算价,1987.00,0.46%,2704,2018-12-21 00:00:00,1,0,2024-07-20 12:09:21,0,2024-07-20 12:09:21,,,
2018-12-20,焦炭,收盘价,1986.00,0.46%,2705,2018-12-20 00:00:00,1,0,2024-07-20 12:09:21,0,2024-07-20 12:09:21,,,
2018-12-20,焦炭,结算价,1978.00,-0.08%,2706,2018-12-20 00:00:00,1,0,2024-07-20 12:09:21,0,2024-07-20 12:09:21,,,
2018-12-19,焦炭,收盘价,1977.00,-0.35%,2707,2018-12-19 00:00:00,1,0,2024-07-20 12:09:21,0,2024-07-20 12:09:21,,,
2018-12-19,焦炭,结算价,1979.50,-1.1%,2708,2018-12-19 00:00:00,1,0,2024-07-20 12:09:21,0,2024-07-20 12:09:21,,,
2018-12-18,焦炭,收盘价,1984.00,-2.17%,2709,2018-12-18 00:00:00,1,0,2024-07-20 12:09:21,0,2024-07-20 12:09:21,,,
2018-12-18,焦炭,结算价,2001.50,-1.38%,2710,2018-12-18 00:00:00,1,0,2024-07-20 12:09:21,0,2024-07-20 12:09:21,,,
2018-12-17,焦炭,收盘价,2028.00,0.6%,2711,2018-12-17 00:00:00,1,0,2024-07-20 12:09:21,0,2024-07-20 12:09:21,,,
2018-12-17,焦炭,结算价,2029.50,0.47%,2712,2018-12-17 00:00:00,1,0,2024-07-20 12:09:21,0,2024-07-20 12:09:21,,,
2018-12-14,焦炭,收盘价,2016.00,-0.15%,2713,2018-12-14 00:00:00,1,0,2024-07-20 12:09:21,0,2024-07-20 12:09:21,,,
2018-12-14,焦炭,结算价,2020.00,0.65%,2714,2018-12-14 00:00:00,1,0,2024-07-20 12:09:21,0,2024-07-20 12:09:21,,,
2018-12-13,焦炭,收盘价,2019.00,2.75%,2715,2018-12-13 00:00:00,1,0,2024-07-20 12:09:21,0,2024-07-20 12:09:21,,,
2018-12-13,焦炭,结算价,2007.00,1.31%,2716,2018-12-13 00:00:00,1,0,2024-07-20 12:09:21,0,2024-07-20 12:09:21,,,
2018-12-12,焦炭,收盘价,1965.00,0.13%,2717,2018-12-12 00:00:00,1,0,2024-07-20 12:09:21,0,2024-07-20 12:09:21,,,
2018-12-12,焦炭,结算价,1981.00,1.33%,2718,2018-12-12 00:00:00,1,0,2024-07-20 12:09:21,0,2024-07-20 12:09:21,,,
2018-12-11,焦炭,收盘价,1962.50,-1.11%,2719,2018-12-11 00:00:00,1,0,2024-07-20 12:09:21,0,2024-07-20 12:09:21,,,
2018-12-11,焦炭,结算价,1955.00,-2.86%,2720,2018-12-11 00:00:00,1,0,2024-07-20 12:09:21,0,2024-07-20 12:09:21,,,
2018-12-10,焦炭,收盘价,1984.50,-3.81%,2721,2018-12-10 00:00:00,1,0,2024-07-20 12:09:21,0,2024-07-20 12:09:21,,,
2018-12-10,焦炭,结算价,2012.50,1.62%,2722,2018-12-10 00:00:00,1,0,2024-07-20 12:09:21,0,2024-07-20 12:09:21,,,
2018-12-07,焦炭,收盘价,2063.00,6.75%,2723,2018-12-07 00:00:00,1,0,2024-07-20 12:09:21,0,2024-07-20 12:09:21,,,
2018-12-07,焦炭,结算价,1980.50,1.12%,2724,2018-12-07 00:00:00,1,0,2024-07-20 12:09:21,0,2024-07-20 12:09:21,,,
2018-12-06,焦炭,收盘价,1932.50,-17.31%,2725,2018-12-06 00:00:00,1,0,2024-07-20 12:09:21,0,2024-07-20 12:09:21,,,
2018-12-06,焦炭,结算价,1958.50,-15.45%,2726,2018-12-06 00:00:00,1,0,2024-07-20 12:09:21,0,2024-07-20 12:09:21,,,
2018-12-05,焦炭,收盘价,2337.00,1.32%,2727,2018-12-05 00:00:00,1,0,2024-07-20 12:09:21,0,2024-07-20 12:09:21,,,
2018-12-05,焦炭,结算价,2316.50,2.55%,2728,2018-12-05 00:00:00,1,0,2024-07-20 12:09:21,0,2024-07-20 12:09:21,,,
2018-12-04,焦炭,收盘价,2306.50,3.01%,2729,2018-12-04 00:00:00,1,0,2024-07-20 12:09:21,0,2024-07-20 12:09:21,,,
2018-12-04,焦炭,结算价,2259.00,2.64%,2730,2018-12-04 00:00:00,1,0,2024-07-20 12:09:21,0,2024-07-20 12:09:21,,,
2018-12-03,焦炭,收盘价,2239.00,4.87%,2731,2018-12-03 00:00:00,1,0,2024-07-20 12:09:25,0,2024-07-20 12:09:25,,,
2018-12-03,焦炭,结算价,2201.00,3.7%,2732,2018-12-03 00:00:00,1,0,2024-07-20 12:09:25,0,2024-07-20 12:09:25,,,
2018-11-30,焦炭,收盘价,2135.00,0.42%,2733,2018-11-30 00:00:00,1,0,2024-07-20 12:09:25,0,2024-07-20 12:09:25,,,
2018-11-30,焦炭,结算价,2122.50,0.07%,2734,2018-11-30 00:00:00,1,0,2024-07-20 12:09:25,0,2024-07-20 12:09:25,,,
2018-11-29,焦炭,收盘价,2126.00,0.14%,2735,2018-11-29 00:00:00,1,0,2024-07-20 12:09:25,0,2024-07-20 12:09:25,,,
2018-11-29,焦炭,结算价,2121.00,0.14%,2736,2018-11-29 00:00:00,1,0,2024-07-20 12:09:25,0,2024-07-20 12:09:25,,,
2018-11-28,焦炭,收盘价,2123.00,2.07%,2737,2018-11-28 00:00:00,1,0,2024-07-20 12:09:25,0,2024-07-20 12:09:25,,,
2018-11-28,焦炭,结算价,2118.00,0.19%,2738,2018-11-28 00:00:00,1,0,2024-07-20 12:09:25,0,2024-07-20 12:09:25,,,
2018-11-27,焦炭,收盘价,2080.00,-1.65%,2739,2018-11-27 00:00:00,1,0,2024-07-20 12:09:25,0,2024-07-20 12:09:25,,,
2018-11-27,焦炭,结算价,2114.00,-1.08%,2740,2018-11-27 00:00:00,1,0,2024-07-20 12:09:25,0,2024-07-20 12:09:25,,,
2018-11-26,焦炭,收盘价,2115.00,-3.34%,2741,2018-11-26 00:00:00,1,0,2024-07-20 12:09:25,0,2024-07-20 12:09:25,,,
2018-11-26,焦炭,结算价,2137.00,-4.23%,2742,2018-11-26 00:00:00,1,0,2024-07-20 12:09:25,0,2024-07-20 12:09:25,,,
2018-11-23,焦炭,收盘价,2188.00,-3.44%,2743,2018-11-23 00:00:00,1,0,2024-07-20 12:09:25,0,2024-07-20 12:09:25,,,
2018-11-23,焦炭,结算价,2231.50,-1.76%,2744,2018-11-23 00:00:00,1,0,2024-07-20 12:09:25,0,2024-07-20 12:09:25,,,
2018-11-22,焦炭,收盘价,2266.00,-1.%,2745,2018-11-22 00:00:00,1,0,2024-07-20 12:09:25,0,2024-07-20 12:09:25,,,
2018-11-22,焦炭,结算价,2271.50,0.91%,2746,2018-11-22 00:00:00,1,0,2024-07-20 12:09:25,0,2024-07-20 12:09:25,,,
2018-11-21,焦炭,收盘价,2289.00,-0.63%,2747,2018-11-21 00:00:00,1,0,2024-07-20 12:09:25,0,2024-07-20 12:09:25,,,
2018-11-21,焦炭,结算价,2251.00,-3.18%,2748,2018-11-21 00:00:00,1,0,2024-07-20 12:09:25,0,2024-07-20 12:09:25,,,
2018-11-20,焦炭,收盘价,2303.50,-2.52%,2749,2018-11-20 00:00:00,1,0,2024-07-20 12:09:25,0,2024-07-20 12:09:25,,,
2018-11-20,焦炭,结算价,2325.00,-2.72%,2750,2018-11-20 00:00:00,1,0,2024-07-20 12:09:25,0,2024-07-20 12:09:25,,,
2018-11-19,焦炭,收盘价,2363.00,-1.95%,2751,2018-11-19 00:00:00,1,0,2024-07-20 12:09:25,0,2024-07-20 12:09:25,,,
2018-11-19,焦炭,结算价,2390.00,-0.75%,2752,2018-11-19 00:00:00,1,0,2024-07-20 12:09:25,0,2024-07-20 12:09:25,,,
2018-11-16,焦炭,收盘价,2410.00,1.18%,2753,2018-11-16 00:00:00,1,0,2024-07-20 12:09:25,0,2024-07-20 12:09:25,,,
2018-11-16,焦炭,结算价,2408.00,2.36%,2754,2018-11-16 00:00:00,1,0,2024-07-20 12:09:25,0,2024-07-20 12:09:25,,,
2018-11-15,焦炭,收盘价,2382.00,1.32%,2755,2018-11-15 00:00:00,1,0,2024-07-20 12:09:25,0,2024-07-20 12:09:25,,,
2018-11-15,焦炭,结算价,2352.50,1.23%,2756,2018-11-15 00:00:00,1,0,2024-07-20 12:09:25,0,2024-07-20 12:09:25,,,
2018-11-14,焦炭,收盘价,2351.00,2.2%,2757,2018-11-14 00:00:00,1,0,2024-07-20 12:09:25,0,2024-07-20 12:09:25,,,
2018-11-14,焦炭,结算价,2324.00,0.74%,2758,2018-11-14 00:00:00,1,0,2024-07-20 12:09:25,0,2024-07-20 12:09:25,,,
2018-11-13,焦炭,收盘价,2300.50,-0.11%,2759,2018-11-13 00:00:00,1,0,2024-07-20 12:09:25,0,2024-07-20 12:09:25,,,
2018-11-13,焦炭,结算价,2307.00,-0.09%,2760,2018-11-13 00:00:00,1,0,2024-07-20 12:09:25,0,2024-07-20 12:09:25,,,
2018-11-12,焦炭,收盘价,2303.00,-2.04%,2761,2018-11-12 00:00:00,1,0,2024-07-20 12:09:28,0,2024-07-20 12:09:28,,,
2018-11-12,焦炭,结算价,2309.00,-2.47%,2762,2018-11-12 00:00:00,1,0,2024-07-20 12:09:28,0,2024-07-20 12:09:28,,,
2018-11-09,焦炭,收盘价,2351.00,-0.86%,2763,2018-11-09 00:00:00,1,0,2024-07-20 12:09:28,0,2024-07-20 12:09:28,,,
2018-11-09,焦炭,结算价,2367.50,0.38%,2764,2018-11-09 00:00:00,1,0,2024-07-20 12:09:28,0,2024-07-20 12:09:28,,,
2018-11-08,焦炭,收盘价,2371.50,-1.%,2765,2018-11-08 00:00:00,1,0,2024-07-20 12:09:28,0,2024-07-20 12:09:28,,,
2018-11-08,焦炭,结算价,2358.50,-1.09%,2766,2018-11-08 00:00:00,1,0,2024-07-20 12:09:28,0,2024-07-20 12:09:28,,,
2018-11-07,焦炭,收盘价,2395.50,-0.54%,2767,2018-11-07 00:00:00,1,0,2024-07-20 12:09:28,0,2024-07-20 12:09:28,,,
2018-11-07,焦炭,结算价,2384.50,-1.1%,2768,2018-11-07 00:00:00,1,0,2024-07-20 12:09:28,0,2024-07-20 12:09:28,,,
2018-11-06,焦炭,收盘价,2408.50,0.1%,2769,2018-11-06 00:00:00,1,0,2024-07-20 12:09:28,0,2024-07-20 12:09:28,,,
2018-11-06,焦炭,结算价,2411.00,1.43%,2770,2018-11-06 00:00:00,1,0,2024-07-20 12:09:28,0,2024-07-20 12:09:28,,,
2018-11-05,焦炭,收盘价,2406.00,1.88%,2771,2018-11-05 00:00:00,1,0,2024-07-20 12:09:28,0,2024-07-20 12:09:28,,,
2018-11-05,焦炭,结算价,2377.00,2.08%,2772,2018-11-05 00:00:00,1,0,2024-07-20 12:09:28,0,2024-07-20 12:09:28,,,
2018-11-02,焦炭,收盘价,2361.50,0.77%,2773,2018-11-02 00:00:00,1,0,2024-07-20 12:09:28,0,2024-07-20 12:09:28,,,
2018-11-02,焦炭,结算价,2328.50,-1.96%,2774,2018-11-02 00:00:00,1,0,2024-07-20 12:09:28,0,2024-07-20 12:09:28,,,
2018-11-01,焦炭,收盘价,2343.50,-1.76%,2775,2018-11-01 00:00:00,1,0,2024-07-20 12:09:28,0,2024-07-20 12:09:28,,,
2018-11-01,焦炭,结算价,2375.00,-0.38%,2776,2018-11-01 00:00:00,1,0,2024-07-20 12:09:28,0,2024-07-20 12:09:28,,,
2018-10-31,焦炭,收盘价,2385.50,-0.71%,2777,2018-10-31 00:00:00,1,0,2024-07-20 12:09:28,0,2024-07-20 12:09:28,,,
2018-10-31,焦炭,结算价,2384.00,-0.5%,2778,2018-10-31 00:00:00,1,0,2024-07-20 12:09:28,0,2024-07-20 12:09:28,,,
2018-10-30,焦炭,收盘价,2402.50,1.33%,2779,2018-10-30 00:00:00,1,0,2024-07-20 12:09:28,0,2024-07-20 12:09:28,,,
2018-10-30,焦炭,结算价,2396.00,-0.15%,2780,2018-10-30 00:00:00,1,0,2024-07-20 12:09:28,0,2024-07-20 12:09:28,,,
2018-10-29,焦炭,收盘价,2371.00,-2.71%,2781,2018-10-29 00:00:00,1,0,2024-07-20 12:09:28,0,2024-07-20 12:09:28,,,
2018-10-29,焦炭,结算价,2399.50,-2.14%,2782,2018-10-29 00:00:00,1,0,2024-07-20 12:09:28,0,2024-07-20 12:09:28,,,
2018-10-26,焦炭,收盘价,2437.00,-0.79%,2783,2018-10-26 00:00:00,1,0,2024-07-20 12:09:28,0,2024-07-20 12:09:28,,,
2018-10-26,焦炭,结算价,2452.00,0.74%,2784,2018-10-26 00:00:00,1,0,2024-07-20 12:09:28,0,2024-07-20 12:09:28,,,
2018-10-25,焦炭,收盘价,2456.50,0.88%,2785,2018-10-25 00:00:00,1,0,2024-07-20 12:09:28,0,2024-07-20 12:09:28,,,
2018-10-25,焦炭,结算价,2434.00,1.25%,2786,2018-10-25 00:00:00,1,0,2024-07-20 12:09:28,0,2024-07-20 12:09:28,,,
2018-10-24,焦炭,收盘价,2435.00,2.4%,2787,2018-10-24 00:00:00,1,0,2024-07-20 12:09:28,0,2024-07-20 12:09:28,,,
2018-10-24,焦炭,结算价,2404.00,1.31%,2788,2018-10-24 00:00:00,1,0,2024-07-20 12:09:28,0,2024-07-20 12:09:28,,,
2018-10-23,焦炭,收盘价,2378.00,0.81%,2789,2018-10-23 00:00:00,1,0,2024-07-20 12:09:28,0,2024-07-20 12:09:28,,,
2018-10-23,焦炭,结算价,2373.00,-0.23%,2790,2018-10-23 00:00:00,1,0,2024-07-20 12:09:28,0,2024-07-20 12:09:28,,,
2018-10-22,焦炭,收盘价,2359.00,0.23%,2791,2018-10-22 00:00:00,1,0,2024-07-20 12:09:32,0,2024-07-20 12:09:32,,,
2018-10-22,焦炭,结算价,2378.50,-0.36%,2792,2018-10-22 00:00:00,1,0,2024-07-20 12:09:32,0,2024-07-20 12:09:32,,,
2018-10-19,焦炭,收盘价,2353.50,-2.14%,2793,2018-10-19 00:00:00,1,0,2024-07-20 12:09:32,0,2024-07-20 12:09:32,,,
2018-10-19,焦炭,结算价,2387.00,-2.55%,2794,2018-10-19 00:00:00,1,0,2024-07-20 12:09:32,0,2024-07-20 12:09:32,,,
2018-10-18,焦炭,收盘价,2405.00,-4.3%,2795,2018-10-18 00:00:00,1,0,2024-07-20 12:09:32,0,2024-07-20 12:09:32,,,
2018-10-18,焦炭,结算价,2449.50,-0.79%,2796,2018-10-18 00:00:00,1,0,2024-07-20 12:09:32,0,2024-07-20 12:09:32,,,
2018-10-17,焦炭,收盘价,2513.00,2.63%,2797,2018-10-17 00:00:00,1,0,2024-07-20 12:09:32,0,2024-07-20 12:09:32,,,
2018-10-17,焦炭,结算价,2469.00,0.06%,2798,2018-10-17 00:00:00,1,0,2024-07-20 12:09:32,0,2024-07-20 12:09:32,,,
2018-10-16,焦炭,收盘价,2448.50,0.06%,2799,2018-10-16 00:00:00,1,0,2024-07-20 12:09:32,0,2024-07-20 12:09:32,,,
2018-10-16,焦炭,结算价,2467.50,-1.75%,2800,2018-10-16 00:00:00,1,0,2024-07-20 12:09:32,0,2024-07-20 12:09:32,,,
2018-10-15,焦炭,收盘价,2447.00,-3.3%,2801,2018-10-15 00:00:00,1,0,2024-07-20 12:09:32,0,2024-07-20 12:09:32,,,
2018-10-15,焦炭,结算价,2511.50,0.96%,2802,2018-10-15 00:00:00,1,0,2024-07-20 12:09:32,0,2024-07-20 12:09:32,,,
2018-10-12,焦炭,收盘价,2530.50,3.08%,2803,2018-10-12 00:00:00,1,0,2024-07-20 12:09:32,0,2024-07-20 12:09:32,,,
2018-10-12,焦炭,结算价,2487.50,1.59%,2804,2018-10-12 00:00:00,1,0,2024-07-20 12:09:32,0,2024-07-20 12:09:32,,,
2018-10-11,焦炭,收盘价,2455.00,-0.14%,2805,2018-10-11 00:00:00,1,0,2024-07-20 12:09:32,0,2024-07-20 12:09:32,,,
2018-10-11,焦炭,结算价,2448.50,0.08%,2806,2018-10-11 00:00:00,1,0,2024-07-20 12:09:32,0,2024-07-20 12:09:32,,,
2018-10-10,焦炭,收盘价,2458.50,2.22%,2807,2018-10-10 00:00:00,1,0,2024-07-20 12:09:32,0,2024-07-20 12:09:32,,,
2018-10-10,焦炭,结算价,2446.50,3.67%,2808,2018-10-10 00:00:00,1,0,2024-07-20 12:09:32,0,2024-07-20 12:09:32,,,
2018-10-09,焦炭,收盘价,2405.00,3.15%,2809,2018-10-09 00:00:00,1,0,2024-07-20 12:09:32,0,2024-07-20 12:09:32,,,
2018-10-09,焦炭,结算价,2360.00,2.88%,2810,2018-10-09 00:00:00,1,0,2024-07-20 12:09:32,0,2024-07-20 12:09:32,,,
2018-10-08,焦炭,收盘价,2331.50,3.%,2811,2018-10-08 00:00:00,1,0,2024-07-20 12:09:32,0,2024-07-20 12:09:32,,,
2018-10-08,焦炭,结算价,2294.00,2.55%,2812,2018-10-08 00:00:00,1,0,2024-07-20 12:09:32,0,2024-07-20 12:09:32,,,
2018-09-28,焦炭,收盘价,2263.50,0.44%,2813,2018-09-28 00:00:00,1,0,2024-07-20 12:09:32,0,2024-07-20 12:09:32,,,
2018-09-28,焦炭,结算价,2237.00,-1.71%,2814,2018-09-28 00:00:00,1,0,2024-07-20 12:09:32,0,2024-07-20 12:09:32,,,
2018-09-27,焦炭,收盘价,2253.50,-1.42%,2815,2018-09-27 00:00:00,1,0,2024-07-20 12:09:32,0,2024-07-20 12:09:32,,,
2018-09-27,焦炭,结算价,2276.00,-1.02%,2816,2018-09-27 00:00:00,1,0,2024-07-20 12:09:32,0,2024-07-20 12:09:32,,,
2018-09-26,焦炭,收盘价,2286.00,-1.3%,2817,2018-09-26 00:00:00,1,0,2024-07-20 12:09:32,0,2024-07-20 12:09:32,,,
2018-09-26,焦炭,结算价,2299.50,-1.71%,2818,2018-09-26 00:00:00,1,0,2024-07-20 12:09:32,0,2024-07-20 12:09:32,,,
2018-09-25,焦炭,收盘价,2316.00,-2.87%,2819,2018-09-25 00:00:00,1,0,2024-07-20 12:09:32,0,2024-07-20 12:09:32,,,
2018-09-25,焦炭,结算价,2339.50,-0.38%,2820,2018-09-25 00:00:00,1,0,2024-07-20 12:09:32,0,2024-07-20 12:09:32,,,
2018-09-21,焦炭,收盘价,2384.50,3.14%,2821,2018-09-21 00:00:00,1,0,2024-07-20 12:09:35,0,2024-07-20 12:09:35,,,
2018-09-21,焦炭,结算价,2348.50,1.16%,2822,2018-09-21 00:00:00,1,0,2024-07-20 12:09:35,0,2024-07-20 12:09:35,,,
2018-09-20,焦炭,收盘价,2312.00,-0.26%,2823,2018-09-20 00:00:00,1,0,2024-07-20 12:09:35,0,2024-07-20 12:09:35,,,
2018-09-20,焦炭,结算价,2321.50,0.%,2824,2018-09-20 00:00:00,1,0,2024-07-20 12:09:35,0,2024-07-20 12:09:35,,,
2018-09-19,焦炭,收盘价,2318.00,1.13%,2825,2018-09-19 00:00:00,1,0,2024-07-20 12:09:35,0,2024-07-20 12:09:35,,,
2018-09-19,焦炭,结算价,2321.50,1.93%,2826,2018-09-19 00:00:00,1,0,2024-07-20 12:09:35,0,2024-07-20 12:09:35,,,
2018-09-18,焦炭,收盘价,2292.00,0.61%,2827,2018-09-18 00:00:00,1,0,2024-07-20 12:09:35,0,2024-07-20 12:09:35,,,
2018-09-18,焦炭,结算价,2277.50,-0.02%,2828,2018-09-18 00:00:00,1,0,2024-07-20 12:09:35,0,2024-07-20 12:09:35,,,
2018-09-17,焦炭,收盘价,2278.00,0.84%,2829,2018-09-17 00:00:00,1,0,2024-07-20 12:09:35,0,2024-07-20 12:09:35,,,
2018-09-17,焦炭,结算价,2278.00,1.24%,2830,2018-09-17 00:00:00,1,0,2024-07-20 12:09:35,0,2024-07-20 12:09:35,,,
2018-09-14,焦炭,收盘价,2259.00,0.27%,2831,2018-09-14 00:00:00,1,0,2024-07-20 12:09:35,0,2024-07-20 12:09:35,,,
2018-09-14,焦炭,结算价,2250.00,0.13%,2832,2018-09-14 00:00:00,1,0,2024-07-20 12:09:35,0,2024-07-20 12:09:35,,,
2018-09-13,焦炭,收盘价,2253.00,0.54%,2833,2018-09-13 00:00:00,1,0,2024-07-20 12:09:35,0,2024-07-20 12:09:35,,,
2018-09-13,焦炭,结算价,2247.00,-0.49%,2834,2018-09-13 00:00:00,1,0,2024-07-20 12:09:35,0,2024-07-20 12:09:35,,,
2018-09-12,焦炭,收盘价,2241.00,-1.52%,2835,2018-09-12 00:00:00,1,0,2024-07-20 12:09:35,0,2024-07-20 12:09:35,,,
2018-09-12,焦炭,结算价,2258.00,-3.09%,2836,2018-09-12 00:00:00,1,0,2024-07-20 12:09:35,0,2024-07-20 12:09:35,,,
2018-09-11,焦炭,收盘价,2275.50,-5.54%,2837,2018-09-11 00:00:00,1,0,2024-07-20 12:09:35,0,2024-07-20 12:09:35,,,
2018-09-11,焦炭,结算价,2330.00,-2.61%,2838,2018-09-11 00:00:00,1,0,2024-07-20 12:09:35,0,2024-07-20 12:09:35,,,
2018-09-10,焦炭,收盘价,2409.00,2.53%,2839,2018-09-10 00:00:00,1,0,2024-07-20 12:09:35,0,2024-07-20 12:09:35,,,
2018-09-10,焦炭,结算价,2392.50,-0.42%,2840,2018-09-10 00:00:00,1,0,2024-07-20 12:09:35,0,2024-07-20 12:09:35,,,
2018-09-07,焦炭,收盘价,2349.50,-2.61%,2841,2018-09-07 00:00:00,1,0,2024-07-20 12:09:35,0,2024-07-20 12:09:35,,,
2018-09-07,焦炭,结算价,2402.50,0.17%,2842,2018-09-07 00:00:00,1,0,2024-07-20 12:09:35,0,2024-07-20 12:09:35,,,
2018-09-06,焦炭,收盘价,2412.50,1.32%,2843,2018-09-06 00:00:00,1,0,2024-07-20 12:09:35,0,2024-07-20 12:09:35,,,
2018-09-06,焦炭,结算价,2398.50,0.23%,2844,2018-09-06 00:00:00,1,0,2024-07-20 12:09:35,0,2024-07-20 12:09:35,,,
2018-09-05,焦炭,收盘价,2381.00,0.%,2845,2018-09-05 00:00:00,1,0,2024-07-20 12:09:35,0,2024-07-20 12:09:35,,,
2018-09-05,焦炭,结算价,2393.00,1.29%,2846,2018-09-05 00:00:00,1,0,2024-07-20 12:09:35,0,2024-07-20 12:09:35,,,
2018-09-04,焦炭,收盘价,2381.00,0.74%,2847,2018-09-04 00:00:00,1,0,2024-07-20 12:09:35,0,2024-07-20 12:09:35,,,
2018-09-04,焦炭,结算价,2362.50,-1.34%,2848,2018-09-04 00:00:00,1,0,2024-07-20 12:09:35,0,2024-07-20 12:09:35,,,
2018-09-03,焦炭,收盘价,2363.50,-2.58%,2849,2018-09-03 00:00:00,1,0,2024-07-20 12:09:35,0,2024-07-20 12:09:35,,,
2018-09-03,焦炭,结算价,2394.50,-1.68%,2850,2018-09-03 00:00:00,1,0,2024-07-20 12:09:35,0,2024-07-20 12:09:35,,,
2018-08-31,焦炭,收盘价,2426.00,-0.9%,2851,2018-08-31 00:00:00,1,0,2024-07-20 12:09:38,0,2024-07-20 12:09:38,,,
2018-08-31,焦炭,结算价,2435.50,-2.7%,2852,2018-08-31 00:00:00,1,0,2024-07-20 12:09:38,0,2024-07-20 12:09:38,,,
2018-08-30,焦炭,收盘价,2448.00,-5.1%,2853,2018-08-30 00:00:00,1,0,2024-07-20 12:09:38,0,2024-07-20 12:09:38,,,
2018-08-30,焦炭,结算价,2503.00,-3.15%,2854,2018-08-30 00:00:00,1,0,2024-07-20 12:09:38,0,2024-07-20 12:09:38,,,
2018-08-29,焦炭,收盘价,2579.50,-0.29%,2855,2018-08-29 00:00:00,1,0,2024-07-20 12:09:38,0,2024-07-20 12:09:38,,,
2018-08-29,焦炭,结算价,2584.50,1.53%,2856,2018-08-29 00:00:00,1,0,2024-07-20 12:09:38,0,2024-07-20 12:09:38,,,
2018-08-28,焦炭,收盘价,2587.00,2.78%,2857,2018-08-28 00:00:00,1,0,2024-07-20 12:09:38,0,2024-07-20 12:09:38,,,
2018-08-28,焦炭,结算价,2545.50,0.75%,2858,2018-08-28 00:00:00,1,0,2024-07-20 12:09:38,0,2024-07-20 12:09:38,,,
2018-08-27,焦炭,收盘价,2517.00,-1.06%,2859,2018-08-27 00:00:00,1,0,2024-07-20 12:09:38,0,2024-07-20 12:09:38,,,
2018-08-27,焦炭,结算价,2526.50,0.48%,2860,2018-08-27 00:00:00,1,0,2024-07-20 12:09:38,0,2024-07-20 12:09:38,,,
2018-08-24,焦炭,收盘价,2544.00,1.58%,2861,2018-08-24 00:00:00,1,0,2024-07-20 12:09:38,0,2024-07-20 12:09:38,,,
2018-08-24,焦炭,结算价,2514.50,-1.59%,2862,2018-08-24 00:00:00,1,0,2024-07-20 12:09:38,0,2024-07-20 12:09:38,,,
2018-08-23,焦炭,收盘价,2504.50,-4.04%,2863,2018-08-23 00:00:00,1,0,2024-07-20 12:09:38,0,2024-07-20 12:09:38,,,
2018-08-23,焦炭,结算价,2555.00,-2.24%,2864,2018-08-23 00:00:00,1,0,2024-07-20 12:09:38,0,2024-07-20 12:09:38,,,
2018-08-22,焦炭,收盘价,2610.00,1.54%,2865,2018-08-22 00:00:00,1,0,2024-07-20 12:09:38,0,2024-07-20 12:09:38,,,
2018-08-22,焦炭,结算价,2613.50,0.33%,2866,2018-08-22 00:00:00,1,0,2024-07-20 12:09:38,0,2024-07-20 12:09:38,,,
2018-08-21,焦炭,收盘价,2570.50,-3.69%,2867,2018-08-21 00:00:00,1,0,2024-07-20 12:09:38,0,2024-07-20 12:09:38,,,
2018-08-21,焦炭,结算价,2605.00,-0.97%,2868,2018-08-21 00:00:00,1,0,2024-07-20 12:09:38,0,2024-07-20 12:09:38,,,
2018-08-20,焦炭,收盘价,2669.00,-0.74%,2869,2018-08-20 00:00:00,1,0,2024-07-20 12:09:38,0,2024-07-20 12:09:38,,,
2018-08-20,焦炭,结算价,2630.50,0.%,2870,2018-08-20 00:00:00,1,0,2024-07-20 12:09:38,0,2024-07-20 12:09:38,,,
2018-08-17,焦炭,收盘价,2689.00,4.83%,2871,2018-08-17 00:00:00,1,0,2024-07-20 12:09:38,0,2024-07-20 12:09:38,,,
2018-08-17,焦炭,结算价,2630.50,4.2%,2872,2018-08-17 00:00:00,1,0,2024-07-20 12:09:38,0,2024-07-20 12:09:38,,,
2018-08-16,焦炭,收盘价,2565.00,3.01%,2873,2018-08-16 00:00:00,1,0,2024-07-20 12:09:38,0,2024-07-20 12:09:38,,,
2018-08-16,焦炭,结算价,2524.50,1.92%,2874,2018-08-16 00:00:00,1,0,2024-07-20 12:09:38,0,2024-07-20 12:09:38,,,
2018-08-15,焦炭,收盘价,2490.00,1.06%,2875,2018-08-15 00:00:00,1,0,2024-07-20 12:09:38,0,2024-07-20 12:09:38,,,
2018-08-15,焦炭,结算价,2477.00,-0.2%,2876,2018-08-15 00:00:00,1,0,2024-07-20 12:09:38,0,2024-07-20 12:09:38,,,
2018-08-14,焦炭,收盘价,2464.00,-0.75%,2877,2018-08-14 00:00:00,1,0,2024-07-20 12:09:38,0,2024-07-20 12:09:38,,,
2018-08-14,焦炭,结算价,2482.00,1.35%,2878,2018-08-14 00:00:00,1,0,2024-07-20 12:09:38,0,2024-07-20 12:09:38,,,
2018-08-13,焦炭,收盘价,2482.50,2.56%,2879,2018-08-13 00:00:00,1,0,2024-07-20 12:09:38,0,2024-07-20 12:09:38,,,
2018-08-13,焦炭,结算价,2449.00,-0.37%,2880,2018-08-13 00:00:00,1,0,2024-07-20 12:09:38,0,2024-07-20 12:09:38,,,
2018-08-10,焦炭,收盘价,2420.50,-1.2%,2881,2018-08-10 00:00:00,1,0,2024-07-20 12:09:40,0,2024-07-20 12:09:40,,,
2018-08-10,焦炭,结算价,2458.00,0.78%,2882,2018-08-10 00:00:00,1,0,2024-07-20 12:09:40,0,2024-07-20 12:09:40,,,
2018-08-09,焦炭,收盘价,2450.00,0.86%,2883,2018-08-09 00:00:00,1,0,2024-07-20 12:09:40,0,2024-07-20 12:09:40,,,
2018-08-09,焦炭,结算价,2439.00,-0.25%,2884,2018-08-09 00:00:00,1,0,2024-07-20 12:09:40,0,2024-07-20 12:09:40,,,
2018-08-08,焦炭,收盘价,2429.00,-0.53%,2885,2018-08-08 00:00:00,1,0,2024-07-20 12:09:40,0,2024-07-20 12:09:40,,,
2018-08-08,焦炭,结算价,2445.00,-1.19%,2886,2018-08-08 00:00:00,1,0,2024-07-20 12:09:40,0,2024-07-20 12:09:40,,,
2018-08-07,焦炭,收盘价,2442.00,-2.2%,2887,2018-08-07 00:00:00,1,0,2024-07-20 12:09:40,0,2024-07-20 12:09:40,,,
2018-08-07,焦炭,结算价,2474.50,0.96%,2888,2018-08-07 00:00:00,1,0,2024-07-20 12:09:40,0,2024-07-20 12:09:40,,,
2018-08-06,焦炭,收盘价,2497.00,2.84%,2889,2018-08-06 00:00:00,1,0,2024-07-20 12:09:40,0,2024-07-20 12:09:40,,,
2018-08-06,焦炭,结算价,2451.00,2.7%,2890,2018-08-06 00:00:00,1,0,2024-07-20 12:09:40,0,2024-07-20 12:09:40,,,
2018-08-03,焦炭,收盘价,2428.00,3.34%,2891,2018-08-03 00:00:00,1,0,2024-07-20 12:09:40,0,2024-07-20 12:09:40,,,
2018-08-03,焦炭,结算价,2386.50,3.67%,2892,2018-08-03 00:00:00,1,0,2024-07-20 12:09:40,0,2024-07-20 12:09:40,,,
2018-08-02,焦炭,收盘价,2349.50,2.02%,2893,2018-08-02 00:00:00,1,0,2024-07-20 12:09:40,0,2024-07-20 12:09:40,,,
2018-08-02,焦炭,结算价,2302.00,0.13%,2894,2018-08-02 00:00:00,1,0,2024-07-20 12:09:40,0,2024-07-20 12:09:40,,,
2018-08-01,焦炭,收盘价,2303.00,1.68%,2895,2018-08-01 00:00:00,1,0,2024-07-20 12:09:40,0,2024-07-20 12:09:40,,,
2018-08-01,焦炭,结算价,2299.00,1.26%,2896,2018-08-01 00:00:00,1,0,2024-07-20 12:09:40,0,2024-07-20 12:09:40,,,
2018-07-31,焦炭,收盘价,2265.00,-0.31%,2897,2018-07-31 00:00:00,1,0,2024-07-20 12:09:40,0,2024-07-20 12:09:40,,,
2018-07-31,焦炭,结算价,2270.50,1.%,2898,2018-07-31 00:00:00,1,0,2024-07-20 12:09:40,0,2024-07-20 12:09:40,,,
2018-07-30,焦炭,收盘价,2272.00,2.3%,2899,2018-07-30 00:00:00,1,0,2024-07-20 12:09:40,0,2024-07-20 12:09:40,,,
2018-07-30,焦炭,结算价,2248.00,3.12%,2900,2018-07-30 00:00:00,1,0,2024-07-20 12:09:40,0,2024-07-20 12:09:40,,,
2018-07-27,焦炭,收盘价,2221.00,3.96%,2901,2018-07-27 00:00:00,1,0,2024-07-20 12:09:40,0,2024-07-20 12:09:40,,,
2018-07-27,焦炭,结算价,2180.00,2.16%,2902,2018-07-27 00:00:00,1,0,2024-07-20 12:09:40,0,2024-07-20 12:09:40,,,
2018-07-26,焦炭,收盘价,2136.50,-0.23%,2903,2018-07-26 00:00:00,1,0,2024-07-20 12:09:40,0,2024-07-20 12:09:40,,,
2018-07-26,焦炭,结算价,2134.00,-0.09%,2904,2018-07-26 00:00:00,1,0,2024-07-20 12:09:40,0,2024-07-20 12:09:40,,,
2018-07-25,焦炭,收盘价,2141.50,1.06%,2905,2018-07-25 00:00:00,1,0,2024-07-20 12:09:40,0,2024-07-20 12:09:40,,,
2018-07-25,焦炭,结算价,2136.00,1.42%,2906,2018-07-25 00:00:00,1,0,2024-07-20 12:09:40,0,2024-07-20 12:09:40,,,
2018-07-24,焦炭,收盘价,2119.00,0.9%,2907,2018-07-24 00:00:00,1,0,2024-07-20 12:09:40,0,2024-07-20 12:09:40,,,
2018-07-24,焦炭,结算价,2106.00,1.42%,2908,2018-07-24 00:00:00,1,0,2024-07-20 12:09:40,0,2024-07-20 12:09:40,,,
2018-07-23,焦炭,收盘价,2100.00,2.21%,2909,2018-07-23 00:00:00,1,0,2024-07-20 12:09:40,0,2024-07-20 12:09:40,,,
2018-07-23,焦炭,结算价,2076.50,1.99%,2910,2018-07-23 00:00:00,1,0,2024-07-20 12:09:40,0,2024-07-20 12:09:40,,,
2018-07-20,焦炭,收盘价,2054.50,1.66%,2911,2018-07-20 00:00:00,1,0,2024-07-20 12:09:44,0,2024-07-20 12:09:44,,,
2018-07-20,焦炭,结算价,2036.00,0.44%,2912,2018-07-20 00:00:00,1,0,2024-07-20 12:09:44,0,2024-07-20 12:09:44,,,
2018-07-19,焦炭,收盘价,2021.00,1.02%,2913,2018-07-19 00:00:00,1,0,2024-07-20 12:09:44,0,2024-07-20 12:09:44,,,
2018-07-19,焦炭,结算价,2027.00,0.97%,2914,2018-07-19 00:00:00,1,0,2024-07-20 12:09:44,0,2024-07-20 12:09:44,,,
2018-07-18,焦炭,收盘价,2000.50,-0.57%,2915,2018-07-18 00:00:00,1,0,2024-07-20 12:09:44,0,2024-07-20 12:09:44,,,
2018-07-18,焦炭,结算价,2007.50,0.58%,2916,2018-07-18 00:00:00,1,0,2024-07-20 12:09:44,0,2024-07-20 12:09:44,,,
2018-07-17,焦炭,收盘价,2012.00,0.52%,2917,2018-07-17 00:00:00,1,0,2024-07-20 12:09:44,0,2024-07-20 12:09:44,,,
2018-07-17,焦炭,结算价,1996.00,-0.57%,2918,2018-07-17 00:00:00,1,0,2024-07-20 12:09:44,0,2024-07-20 12:09:44,,,
2018-07-16,焦炭,收盘价,2001.50,-1.21%,2919,2018-07-16 00:00:00,1,0,2024-07-20 12:09:44,0,2024-07-20 12:09:44,,,
2018-07-16,焦炭,结算价,2007.50,-2.36%,2920,2018-07-16 00:00:00,1,0,2024-07-20 12:09:44,0,2024-07-20 12:09:44,,,
2018-07-13,焦炭,收盘价,2026.00,-2.1%,2921,2018-07-13 00:00:00,1,0,2024-07-20 12:09:44,0,2024-07-20 12:09:44,,,
2018-07-13,焦炭,结算价,2056.00,-0.12%,2922,2018-07-13 00:00:00,1,0,2024-07-20 12:09:44,0,2024-07-20 12:09:44,,,
2018-07-12,焦炭,收盘价,2069.50,2.22%,2923,2018-07-12 00:00:00,1,0,2024-07-20 12:09:44,0,2024-07-20 12:09:44,,,
2018-07-12,焦炭,结算价,2058.50,1.96%,2924,2018-07-12 00:00:00,1,0,2024-07-20 12:09:44,0,2024-07-20 12:09:44,,,
2018-07-11,焦炭,收盘价,2024.50,-0.07%,2925,2018-07-11 00:00:00,1,0,2024-07-20 12:09:44,0,2024-07-20 12:09:44,,,
2018-07-11,焦炭,结算价,2019.00,-0.39%,2926,2018-07-11 00:00:00,1,0,2024-07-20 12:09:44,0,2024-07-20 12:09:44,,,
2018-07-10,焦炭,收盘价,2026.00,-0.25%,2927,2018-07-10 00:00:00,1,0,2024-07-20 12:09:44,0,2024-07-20 12:09:44,,,
2018-07-10,焦炭,结算价,2027.00,0.75%,2928,2018-07-10 00:00:00,1,0,2024-07-20 12:09:44,0,2024-07-20 12:09:44,,,
2018-07-09,焦炭,收盘价,2031.00,1.02%,2929,2018-07-09 00:00:00,1,0,2024-07-20 12:09:44,0,2024-07-20 12:09:44,,,
2018-07-09,焦炭,结算价,2012.00,0.47%,2930,2018-07-09 00:00:00,1,0,2024-07-20 12:09:44,0,2024-07-20 12:09:44,,,
2018-07-06,焦炭,收盘价,2010.50,-0.07%,2931,2018-07-06 00:00:00,1,0,2024-07-20 12:09:44,0,2024-07-20 12:09:44,,,
2018-07-06,焦炭,结算价,2002.50,-0.37%,2932,2018-07-06 00:00:00,1,0,2024-07-20 12:09:44,0,2024-07-20 12:09:44,,,
2018-07-05,焦炭,收盘价,2012.00,-1.61%,2933,2018-07-05 00:00:00,1,0,2024-07-20 12:09:44,0,2024-07-20 12:09:44,,,
2018-07-05,焦炭,结算价,2010.00,-1.45%,2934,2018-07-05 00:00:00,1,0,2024-07-20 12:09:44,0,2024-07-20 12:09:44,,,
2018-07-04,焦炭,收盘价,2045.00,0.44%,2935,2018-07-04 00:00:00,1,0,2024-07-20 12:09:44,0,2024-07-20 12:09:44,,,
2018-07-04,焦炭,结算价,2039.50,0.62%,2936,2018-07-04 00:00:00,1,0,2024-07-20 12:09:44,0,2024-07-20 12:09:44,,,
2018-07-03,焦炭,收盘价,2036.00,0.52%,2937,2018-07-03 00:00:00,1,0,2024-07-20 12:09:44,0,2024-07-20 12:09:44,,,
2018-07-03,焦炭,结算价,2027.00,-1.91%,2938,2018-07-03 00:00:00,1,0,2024-07-20 12:09:44,0,2024-07-20 12:09:44,,,
2018-07-02,焦炭,收盘价,2025.50,-4.34%,2939,2018-07-02 00:00:00,1,0,2024-07-20 12:09:44,0,2024-07-20 12:09:44,,,
2018-07-02,焦炭,结算价,2066.50,-0.48%,2940,2018-07-02 00:00:00,1,0,2024-07-20 12:09:44,0,2024-07-20 12:09:44,,,
2018-06-29,焦炭,收盘价,2117.50,2.82%,2941,2018-06-29 00:00:00,1,0,2024-07-20 12:09:48,0,2024-07-20 12:09:48,,,
2018-06-29,焦炭,结算价,2076.50,1.07%,2942,2018-06-29 00:00:00,1,0,2024-07-20 12:09:48,0,2024-07-20 12:09:48,,,
2018-06-28,焦炭,收盘价,2059.50,1.9%,2943,2018-06-28 00:00:00,1,0,2024-07-20 12:09:48,0,2024-07-20 12:09:48,,,
2018-06-28,焦炭,结算价,2054.50,0.93%,2944,2018-06-28 00:00:00,1,0,2024-07-20 12:09:48,0,2024-07-20 12:09:48,,,
2018-06-27,焦炭,收盘价,2021.00,-0.22%,2945,2018-06-27 00:00:00,1,0,2024-07-20 12:09:48,0,2024-07-20 12:09:48,,,
2018-06-27,焦炭,结算价,2035.50,-0.25%,2946,2018-06-27 00:00:00,1,0,2024-07-20 12:09:48,0,2024-07-20 12:09:48,,,
2018-06-26,焦炭,收盘价,2025.50,-2.64%,2947,2018-06-26 00:00:00,1,0,2024-07-20 12:09:48,0,2024-07-20 12:09:48,,,
2018-06-26,焦炭,结算价,2040.50,-3.16%,2948,2018-06-26 00:00:00,1,0,2024-07-20 12:09:48,0,2024-07-20 12:09:48,,,
2018-06-25,焦炭,收盘价,2080.50,-1.44%,2949,2018-06-25 00:00:00,1,0,2024-07-20 12:09:48,0,2024-07-20 12:09:48,,,
2018-06-25,焦炭,结算价,2107.00,-0.5%,2950,2018-06-25 00:00:00,1,0,2024-07-20 12:09:48,0,2024-07-20 12:09:48,,,
2018-06-22,焦炭,收盘价,2111.00,-0.94%,2951,2018-06-22 00:00:00,1,0,2024-07-20 12:09:48,0,2024-07-20 12:09:48,,,
2018-06-22,焦炭,结算价,2117.50,-1.12%,2952,2018-06-22 00:00:00,1,0,2024-07-20 12:09:48,0,2024-07-20 12:09:48,,,
2018-06-21,焦炭,收盘价,2131.00,0.35%,2953,2018-06-21 00:00:00,1,0,2024-07-20 12:09:48,0,2024-07-20 12:09:48,,,
2018-06-21,焦炭,结算价,2141.50,1.78%,2954,2018-06-21 00:00:00,1,0,2024-07-20 12:09:48,0,2024-07-20 12:09:48,,,
2018-06-20,焦炭,收盘价,2123.50,1.8%,2955,2018-06-20 00:00:00,1,0,2024-07-20 12:09:48,0,2024-07-20 12:09:48,,,
2018-06-20,焦炭,结算价,2104.00,-0.64%,2956,2018-06-20 00:00:00,1,0,2024-07-20 12:09:48,0,2024-07-20 12:09:48,,,
2018-06-19,焦炭,收盘价,2086.00,-5.01%,2957,2018-06-19 00:00:00,1,0,2024-07-20 12:09:48,0,2024-07-20 12:09:48,,,
2018-06-19,焦炭,结算价,2117.50,-2.62%,2958,2018-06-19 00:00:00,1,0,2024-07-20 12:09:48,0,2024-07-20 12:09:48,,,
2018-06-15,焦炭,收盘价,2196.00,0.39%,2959,2018-06-15 00:00:00,1,0,2024-07-20 12:09:48,0,2024-07-20 12:09:48,,,
2018-06-15,焦炭,结算价,2174.50,0.62%,2960,2018-06-15 00:00:00,1,0,2024-07-20 12:09:48,0,2024-07-20 12:09:48,,,
2018-06-14,焦炭,收盘价,2187.50,2.8%,2961,2018-06-14 00:00:00,1,0,2024-07-20 12:09:48,0,2024-07-20 12:09:48,,,
2018-06-14,焦炭,结算价,2161.00,1.15%,2962,2018-06-14 00:00:00,1,0,2024-07-20 12:09:48,0,2024-07-20 12:09:48,,,
2018-06-13,焦炭,收盘价,2128.00,-0.63%,2963,2018-06-13 00:00:00,1,0,2024-07-20 12:09:48,0,2024-07-20 12:09:48,,,
2018-06-13,焦炭,结算价,2136.50,1.98%,2964,2018-06-13 00:00:00,1,0,2024-07-20 12:09:48,0,2024-07-20 12:09:48,,,
2018-06-12,焦炭,收盘价,2141.50,3.35%,2965,2018-06-12 00:00:00,1,0,2024-07-20 12:09:48,0,2024-07-20 12:09:48,,,
2018-06-12,焦炭,结算价,2095.00,1.7%,2966,2018-06-12 00:00:00,1,0,2024-07-20 12:09:48,0,2024-07-20 12:09:48,,,
2018-06-11,焦炭,收盘价,2072.00,-0.17%,2967,2018-06-11 00:00:00,1,0,2024-07-20 12:09:48,0,2024-07-20 12:09:48,,,
2018-06-11,焦炭,结算价,2060.00,-0.82%,2968,2018-06-11 00:00:00,1,0,2024-07-20 12:09:48,0,2024-07-20 12:09:48,,,
2018-06-08,焦炭,收盘价,2075.50,-0.12%,2969,2018-06-08 00:00:00,1,0,2024-07-20 12:09:48,0,2024-07-20 12:09:48,,,
2018-06-08,焦炭,结算价,2077.00,0.8%,2970,2018-06-08 00:00:00,1,0,2024-07-20 12:09:48,0,2024-07-20 12:09:48,,,
2018-06-07,焦炭,收盘价,2078.00,2.62%,2971,2018-06-07 00:00:00,1,0,2024-07-20 12:09:52,0,2024-07-20 12:09:52,,,
2018-06-07,焦炭,结算价,2060.50,1.43%,2972,2018-06-07 00:00:00,1,0,2024-07-20 12:09:52,0,2024-07-20 12:09:52,,,
2018-06-06,焦炭,收盘价,2025.00,-0.98%,2973,2018-06-06 00:00:00,1,0,2024-07-20 12:09:52,0,2024-07-20 12:09:52,,,
2018-06-06,焦炭,结算价,2031.50,0.72%,2974,2018-06-06 00:00:00,1,0,2024-07-20 12:09:52,0,2024-07-20 12:09:52,,,
2018-06-05,焦炭,收盘价,2045.00,0.99%,2975,2018-06-05 00:00:00,1,0,2024-07-20 12:09:52,0,2024-07-20 12:09:52,,,
2018-06-05,焦炭,结算价,2017.00,-2.54%,2976,2018-06-05 00:00:00,1,0,2024-07-20 12:09:52,0,2024-07-20 12:09:52,,,
2018-06-04,焦炭,收盘价,2025.00,-2.69%,2977,2018-06-04 00:00:00,1,0,2024-07-20 12:09:52,0,2024-07-20 12:09:52,,,
2018-06-04,焦炭,结算价,2069.50,-1.36%,2978,2018-06-04 00:00:00,1,0,2024-07-20 12:09:52,0,2024-07-20 12:09:52,,,
2018-06-01,焦炭,收盘价,2081.00,-0.17%,2979,2018-06-01 00:00:00,1,0,2024-07-20 12:09:52,0,2024-07-20 12:09:52,,,
2018-06-01,焦炭,结算价,2098.00,1.21%,2980,2018-06-01 00:00:00,1,0,2024-07-20 12:09:52,0,2024-07-20 12:09:52,,,
2018-05-31,焦炭,收盘价,2084.50,1.78%,2981,2018-05-31 00:00:00,1,0,2024-07-20 12:09:52,0,2024-07-20 12:09:52,,,
2018-05-31,焦炭,结算价,2073.00,1.12%,2982,2018-05-31 00:00:00,1,0,2024-07-20 12:09:52,0,2024-07-20 12:09:52,,,
2018-05-30,焦炭,收盘价,2048.00,2.63%,2983,2018-05-30 00:00:00,1,0,2024-07-20 12:09:52,0,2024-07-20 12:09:52,,,
2018-05-30,焦炭,结算价,2050.00,3.4%,2984,2018-05-30 00:00:00,1,0,2024-07-20 12:09:52,0,2024-07-20 12:09:52,,,
2018-05-29,焦炭,收盘价,2059.50,3.21%,2985,2018-05-29 00:00:00,1,0,2024-07-20 12:09:52,0,2024-07-20 12:09:52,,,
2018-05-29,焦炭,结算价,2026.00,2.19%,2986,2018-05-29 00:00:00,1,0,2024-07-20 12:09:52,0,2024-07-20 12:09:52,,,
2018-05-28,焦炭,收盘价,1995.50,0.83%,2987,2018-05-28 00:00:00,1,0,2024-07-20 12:09:52,0,2024-07-20 12:09:52,,,
2018-05-28,焦炭,结算价,1982.50,-1.02%,2988,2018-05-28 00:00:00,1,0,2024-07-20 12:09:52,0,2024-07-20 12:09:52,,,
2018-05-25,焦炭,收盘价,1979.00,-0.65%,2989,2018-05-25 00:00:00,1,0,2024-07-20 12:09:52,0,2024-07-20 12:09:52,,,
2018-05-25,焦炭,结算价,2003.00,1.37%,2990,2018-05-25 00:00:00,1,0,2024-07-20 12:09:52,0,2024-07-20 12:09:52,,,
2018-05-24,焦炭,收盘价,1992.00,1.66%,2991,2018-05-24 00:00:00,1,0,2024-07-20 12:09:52,0,2024-07-20 12:09:52,,,
2018-05-24,焦炭,结算价,1976.00,-0.48%,2992,2018-05-24 00:00:00,1,0,2024-07-20 12:09:52,0,2024-07-20 12:09:52,,,
2018-05-23,焦炭,收盘价,1959.50,-3.07%,2993,2018-05-23 00:00:00,1,0,2024-07-20 12:09:52,0,2024-07-20 12:09:52,,,
2018-05-23,焦炭,结算价,1985.50,-3.08%,2994,2018-05-23 00:00:00,1,0,2024-07-20 12:09:52,0,2024-07-20 12:09:52,,,
2018-05-22,焦炭,收盘价,2021.50,-1.87%,2995,2018-05-22 00:00:00,1,0,2024-07-20 12:09:52,0,2024-07-20 12:09:52,,,
2018-05-22,焦炭,结算价,2048.50,-0.82%,2996,2018-05-22 00:00:00,1,0,2024-07-20 12:09:52,0,2024-07-20 12:09:52,,,
2018-05-21,焦炭,收盘价,2060.00,-1.34%,2997,2018-05-21 00:00:00,1,0,2024-07-20 12:09:52,0,2024-07-20 12:09:52,,,
2018-05-21,焦炭,结算价,2065.50,-1.71%,2998,2018-05-21 00:00:00,1,0,2024-07-20 12:09:52,0,2024-07-20 12:09:52,,,
2018-05-18,焦炭,收盘价,2088.00,-0.88%,2999,2018-05-18 00:00:00,1,0,2024-07-20 12:09:52,0,2024-07-20 12:09:52,,,
2018-05-18,焦炭,结算价,2101.50,-0.19%,3000,2018-05-18 00:00:00,1,0,2024-07-20 12:09:52,0,2024-07-20 12:09:52,,,
2018-05-17,焦炭,收盘价,2106.50,-0.52%,3001,2018-05-17 00:00:00,1,0,2024-07-20 12:09:55,0,2024-07-20 12:09:55,,,
2018-05-17,焦炭,结算价,2105.50,-0.31%,3002,2018-05-17 00:00:00,1,0,2024-07-20 12:09:55,0,2024-07-20 12:09:55,,,
2018-05-16,焦炭,收盘价,2117.50,0.74%,3003,2018-05-16 00:00:00,1,0,2024-07-20 12:09:55,0,2024-07-20 12:09:55,,,
2018-05-16,焦炭,结算价,2112.00,0.69%,3004,2018-05-16 00:00:00,1,0,2024-07-20 12:09:55,0,2024-07-20 12:09:55,,,
2018-05-15,焦炭,收盘价,2102.00,0.86%,3005,2018-05-15 00:00:00,1,0,2024-07-20 12:09:55,0,2024-07-20 12:09:55,,,
2018-05-15,焦炭,结算价,2097.50,0.91%,3006,2018-05-15 00:00:00,1,0,2024-07-20 12:09:55,0,2024-07-20 12:09:55,,,
2018-05-14,焦炭,收盘价,2084.00,0.85%,3007,2018-05-14 00:00:00,1,0,2024-07-20 12:09:55,0,2024-07-20 12:09:55,,,
2018-05-14,焦炭,结算价,2078.50,2.06%,3008,2018-05-14 00:00:00,1,0,2024-07-20 12:09:55,0,2024-07-20 12:09:55,,,
2018-05-11,焦炭,收盘价,2066.50,3.38%,3009,2018-05-11 00:00:00,1,0,2024-07-20 12:09:55,0,2024-07-20 12:09:55,,,
2018-05-11,焦炭,结算价,2036.50,2.11%,3010,2018-05-11 00:00:00,1,0,2024-07-20 12:09:55,0,2024-07-20 12:09:55,,,
2018-05-10,焦炭,收盘价,1999.00,0.68%,3011,2018-05-10 00:00:00,1,0,2024-07-20 12:09:55,0,2024-07-20 12:09:55,,,
2018-05-10,焦炭,结算价,1994.50,-0.05%,3012,2018-05-10 00:00:00,1,0,2024-07-20 12:09:55,0,2024-07-20 12:09:55,,,
2018-05-09,焦炭,收盘价,1985.50,-1.81%,3013,2018-05-09 00:00:00,1,0,2024-07-20 12:09:55,0,2024-07-20 12:09:55,,,
2018-05-09,焦炭,结算价,1995.50,-1.58%,3014,2018-05-09 00:00:00,1,0,2024-07-20 12:09:55,0,2024-07-20 12:09:55,,,
2018-05-08,焦炭,收盘价,2022.00,-0.17%,3015,2018-05-08 00:00:00,1,0,2024-07-20 12:09:55,0,2024-07-20 12:09:55,,,
2018-05-08,焦炭,结算价,2027.50,1.27%,3016,2018-05-08 00:00:00,1,0,2024-07-20 12:09:55,0,2024-07-20 12:09:55,,,
2018-05-07,焦炭,收盘价,2025.50,1.63%,3017,2018-05-07 00:00:00,1,0,2024-07-20 12:09:55,0,2024-07-20 12:09:55,,,
2018-05-07,焦炭,结算价,2002.00,0.86%,3018,2018-05-07 00:00:00,1,0,2024-07-20 12:09:55,0,2024-07-20 12:09:55,,,
2018-05-04,焦炭,收盘价,1993.00,0.48%,3019,2018-05-04 00:00:00,1,0,2024-07-20 12:09:55,0,2024-07-20 12:09:55,,,
2018-05-04,焦炭,结算价,1985.00,-0.25%,3020,2018-05-04 00:00:00,1,0,2024-07-20 12:09:55,0,2024-07-20 12:09:55,,,
2018-05-03,焦炭,收盘价,1983.50,-0.25%,3021,2018-05-03 00:00:00,1,0,2024-07-20 12:09:55,0,2024-07-20 12:09:55,,,
2018-05-03,焦炭,结算价,1990.00,1.84%,3022,2018-05-03 00:00:00,1,0,2024-07-20 12:09:55,0,2024-07-20 12:09:55,,,
2018-05-02,焦炭,收盘价,1988.50,4.96%,3023,2018-05-02 00:00:00,1,0,2024-07-20 12:09:55,0,2024-07-20 12:09:55,,,
2018-05-02,焦炭,结算价,1954.00,2.33%,3024,2018-05-02 00:00:00,1,0,2024-07-20 12:09:55,0,2024-07-20 12:09:55,,,
2018-04-27,焦炭,收盘价,1894.50,-1.12%,3025,2018-04-27 00:00:00,1,0,2024-07-20 12:09:55,0,2024-07-20 12:09:55,,,
2018-04-27,焦炭,结算价,1909.50,-0.39%,3026,2018-04-27 00:00:00,1,0,2024-07-20 12:09:55,0,2024-07-20 12:09:55,,,
2018-04-26,焦炭,收盘价,1916.00,-0.8%,3027,2018-04-26 00:00:00,1,0,2024-07-20 12:09:55,0,2024-07-20 12:09:55,,,
2018-04-26,焦炭,结算价,1917.00,-0.57%,3028,2018-04-26 00:00:00,1,0,2024-07-20 12:09:55,0,2024-07-20 12:09:55,,,
2018-04-25,焦炭,收盘价,1931.50,-0.36%,3029,2018-04-25 00:00:00,1,0,2024-07-20 12:09:55,0,2024-07-20 12:09:55,,,
2018-04-25,焦炭,结算价,1928.00,-0.36%,3030,2018-04-25 00:00:00,1,0,2024-07-20 12:09:55,0,2024-07-20 12:09:55,,,
2018-04-24,焦炭,收盘价,1938.50,0.36%,3031,2018-04-24 00:00:00,1,0,2024-07-20 12:09:57,0,2024-07-20 12:09:57,,,
2018-04-24,焦炭,结算价,1935.00,2.33%,3032,2018-04-24 00:00:00,1,0,2024-07-20 12:09:57,0,2024-07-20 12:09:57,,,
2018-04-23,焦炭,收盘价,1931.50,4.97%,3033,2018-04-23 00:00:00,1,0,2024-07-20 12:09:57,0,2024-07-20 12:09:57,,,
2018-04-23,焦炭,结算价,1891.00,1.69%,3034,2018-04-23 00:00:00,1,0,2024-07-20 12:09:57,0,2024-07-20 12:09:57,,,
2018-04-20,焦炭,收盘价,1840.00,-2.83%,3035,2018-04-20 00:00:00,1,0,2024-07-20 12:09:57,0,2024-07-20 12:09:57,,,
2018-04-20,焦炭,结算价,1859.50,-0.64%,3036,2018-04-20 00:00:00,1,0,2024-07-20 12:09:57,0,2024-07-20 12:09:57,,,
2018-04-19,焦炭,收盘价,1893.50,2.3%,3037,2018-04-19 00:00:00,1,0,2024-07-20 12:09:57,0,2024-07-20 12:09:57,,,
2018-04-19,焦炭,结算价,1871.50,2.07%,3038,2018-04-19 00:00:00,1,0,2024-07-20 12:09:57,0,2024-07-20 12:09:57,,,
2018-04-18,焦炭,收盘价,1851.00,3.58%,3039,2018-04-18 00:00:00,1,0,2024-07-20 12:09:57,0,2024-07-20 12:09:57,,,
2018-04-18,焦炭,结算价,1833.50,3.79%,3040,2018-04-18 00:00:00,1,0,2024-07-20 12:09:57,0,2024-07-20 12:09:57,,,
2018-04-17,焦炭,收盘价,1787.00,2.35%,3041,2018-04-17 00:00:00,1,0,2024-07-20 12:09:57,0,2024-07-20 12:09:57,,,
2018-04-17,焦炭,结算价,1766.50,0.11%,3042,2018-04-17 00:00:00,1,0,2024-07-20 12:09:57,0,2024-07-20 12:09:57,,,
2018-04-16,焦炭,收盘价,1746.00,-0.74%,3043,2018-04-16 00:00:00,1,0,2024-07-20 12:09:57,0,2024-07-20 12:09:57,,,
2018-04-16,焦炭,结算价,1764.50,1.29%,3044,2018-04-16 00:00:00,1,0,2024-07-20 12:09:57,0,2024-07-20 12:09:57,,,
2018-04-13,焦炭,收盘价,1759.00,1.59%,3045,2018-04-13 00:00:00,1,0,2024-07-20 12:09:57,0,2024-07-20 12:09:57,,,
2018-04-13,焦炭,结算价,1742.00,0.58%,3046,2018-04-13 00:00:00,1,0,2024-07-20 12:09:57,0,2024-07-20 12:09:57,,,
2018-04-12,焦炭,收盘价,1731.50,-4.55%,3047,2018-04-12 00:00:00,1,0,2024-07-20 12:09:57,0,2024-07-20 12:09:57,,,
2018-04-12,焦炭,结算价,1732.00,-6.25%,3048,2018-04-12 00:00:00,1,0,2024-07-20 12:09:57,0,2024-07-20 12:09:57,,,
2018-04-11,焦炭,收盘价,1814.00,-3.33%,3049,2018-04-11 00:00:00,1,0,2024-07-20 12:09:57,0,2024-07-20 12:09:57,,,
2018-04-11,焦炭,结算价,1847.50,-1.62%,3050,2018-04-11 00:00:00,1,0,2024-07-20 12:09:57,0,2024-07-20 12:09:57,,,
2018-04-10,焦炭,收盘价,1876.50,-0.03%,3051,2018-04-10 00:00:00,1,0,2024-07-20 12:09:57,0,2024-07-20 12:09:57,,,
2018-04-10,焦炭,结算价,1878.00,0.56%,3052,2018-04-10 00:00:00,1,0,2024-07-20 12:09:57,0,2024-07-20 12:09:57,,,
2018-04-09,焦炭,收盘价,1877.00,-0.64%,3053,2018-04-09 00:00:00,1,0,2024-07-20 12:09:57,0,2024-07-20 12:09:57,,,
2018-04-09,焦炭,结算价,1867.50,-1.06%,3054,2018-04-09 00:00:00,1,0,2024-07-20 12:09:57,0,2024-07-20 12:09:57,,,
2018-04-04,焦炭,收盘价,1889.00,0.88%,3055,2018-04-04 00:00:00,1,0,2024-07-20 12:09:57,0,2024-07-20 12:09:57,,,
2018-04-04,焦炭,结算价,1887.50,0.94%,3056,2018-04-04 00:00:00,1,0,2024-07-20 12:09:57,0,2024-07-20 12:09:57,,,
2018-04-03,焦炭,收盘价,1872.50,1.33%,3057,2018-04-03 00:00:00,1,0,2024-07-20 12:09:57,0,2024-07-20 12:09:57,,,
2018-04-03,焦炭,结算价,1870.00,0.29%,3058,2018-04-03 00:00:00,1,0,2024-07-20 12:09:57,0,2024-07-20 12:09:57,,,
2018-04-02,焦炭,收盘价,1848.00,1.43%,3059,2018-04-02 00:00:00,1,0,2024-07-20 12:09:57,0,2024-07-20 12:09:57,,,
2018-04-02,焦炭,结算价,1864.50,4.02%,3060,2018-04-02 00:00:00,1,0,2024-07-20 12:09:57,0,2024-07-20 12:09:57,,,
2018-03-30,焦炭,收盘价,1822.00,2.45%,3061,2018-03-30 00:00:00,1,0,2024-07-20 12:10:01,0,2024-07-20 12:10:01,,,
2018-03-30,焦炭,结算价,1792.50,1.76%,3062,2018-03-30 00:00:00,1,0,2024-07-20 12:10:01,0,2024-07-20 12:10:01,,,
2018-03-29,焦炭,收盘价,1778.50,0.11%,3063,2018-03-29 00:00:00,1,0,2024-07-20 12:10:01,0,2024-07-20 12:10:01,,,
2018-03-29,焦炭,结算价,1761.50,-1.98%,3064,2018-03-29 00:00:00,1,0,2024-07-20 12:10:01,0,2024-07-20 12:10:01,,,
2018-03-28,焦炭,收盘价,1776.50,-3.5%,3065,2018-03-28 00:00:00,1,0,2024-07-20 12:10:01,0,2024-07-20 12:10:01,,,
2018-03-28,焦炭,结算价,1797.00,-2.84%,3066,2018-03-28 00:00:00,1,0,2024-07-20 12:10:01,0,2024-07-20 12:10:01,,,
2018-03-27,焦炭,收盘价,1841.00,0.41%,3067,2018-03-27 00:00:00,1,0,2024-07-20 12:10:01,0,2024-07-20 12:10:01,,,
2018-03-27,焦炭,结算价,1849.50,-0.22%,3068,2018-03-27 00:00:00,1,0,2024-07-20 12:10:01,0,2024-07-20 12:10:01,,,
2018-03-26,焦炭,收盘价,1833.50,-1.%,3069,2018-03-26 00:00:00,1,0,2024-07-20 12:10:01,0,2024-07-20 12:10:01,,,
2018-03-26,焦炭,结算价,1853.50,-2.01%,3070,2018-03-26 00:00:00,1,0,2024-07-20 12:10:01,0,2024-07-20 12:10:01,,,
2018-03-23,焦炭,收盘价,1852.00,-5.73%,3071,2018-03-23 00:00:00,1,0,2024-07-20 12:10:01,0,2024-07-20 12:10:01,,,
2018-03-23,焦炭,结算价,1891.50,-3.79%,3072,2018-03-23 00:00:00,1,0,2024-07-20 12:10:01,0,2024-07-20 12:10:01,,,
2018-03-22,焦炭,收盘价,1964.50,0.38%,3073,2018-03-22 00:00:00,1,0,2024-07-20 12:10:01,0,2024-07-20 12:10:01,,,
2018-03-22,焦炭,结算价,1966.00,0.31%,3074,2018-03-22 00:00:00,1,0,2024-07-20 12:10:01,0,2024-07-20 12:10:01,,,
2018-03-21,焦炭,收盘价,1957.00,0.88%,3075,2018-03-21 00:00:00,1,0,2024-07-20 12:10:01,0,2024-07-20 12:10:01,,,
2018-03-21,焦炭,结算价,1960.00,0.8%,3076,2018-03-21 00:00:00,1,0,2024-07-20 12:10:01,0,2024-07-20 12:10:01,,,
2018-03-20,焦炭,收盘价,1940.00,-0.26%,3077,2018-03-20 00:00:00,1,0,2024-07-20 12:10:01,0,2024-07-20 12:10:01,,,
2018-03-20,焦炭,结算价,1944.50,-0.84%,3078,2018-03-20 00:00:00,1,0,2024-07-20 12:10:01,0,2024-07-20 12:10:01,,,
2018-03-19,焦炭,收盘价,1945.00,-2.56%,3079,2018-03-19 00:00:00,1,0,2024-07-20 12:10:01,0,2024-07-20 12:10:01,,,
2018-03-19,焦炭,结算价,1961.00,-1.58%,3080,2018-03-19 00:00:00,1,0,2024-07-20 12:10:01,0,2024-07-20 12:10:01,,,
2018-03-16,焦炭,收盘价,1996.00,-0.15%,3081,2018-03-16 00:00:00,1,0,2024-07-20 12:10:01,0,2024-07-20 12:10:01,,,
2018-03-16,焦炭,结算价,1992.50,-0.28%,3082,2018-03-16 00:00:00,1,0,2024-07-20 12:10:01,0,2024-07-20 12:10:01,,,
2018-03-15,焦炭,收盘价,1999.00,-1.09%,3083,2018-03-15 00:00:00,1,0,2024-07-20 12:10:01,0,2024-07-20 12:10:01,,,
2018-03-15,焦炭,结算价,1998.00,0.28%,3084,2018-03-15 00:00:00,1,0,2024-07-20 12:10:01,0,2024-07-20 12:10:01,,,
2018-03-14,焦炭,收盘价,2021.00,1.66%,3085,2018-03-14 00:00:00,1,0,2024-07-20 12:10:01,0,2024-07-20 12:10:01,,,
2018-03-14,焦炭,结算价,1992.50,-0.38%,3086,2018-03-14 00:00:00,1,0,2024-07-20 12:10:01,0,2024-07-20 12:10:01,,,
2018-03-13,焦炭,收盘价,1988.00,-0.7%,3087,2018-03-13 00:00:00,1,0,2024-07-20 12:10:01,0,2024-07-20 12:10:01,,,
2018-03-13,焦炭,结算价,2000.00,-1.7%,3088,2018-03-13 00:00:00,1,0,2024-07-20 12:10:01,0,2024-07-20 12:10:01,,,
2018-03-12,焦炭,收盘价,2002.00,-1.62%,3089,2018-03-12 00:00:00,1,0,2024-07-20 12:10:01,0,2024-07-20 12:10:01,,,
2018-03-12,焦炭,结算价,2034.50,-2.14%,3090,2018-03-12 00:00:00,1,0,2024-07-20 12:10:01,0,2024-07-20 12:10:01,,,
2018-03-09,焦炭,收盘价,2035.00,-3.65%,3091,2018-03-09 00:00:00,1,0,2024-07-20 12:10:04,0,2024-07-20 12:10:04,,,
2018-03-09,焦炭,结算价,2079.00,-2.62%,3092,2018-03-09 00:00:00,1,0,2024-07-20 12:10:04,0,2024-07-20 12:10:04,,,
2018-03-08,焦炭,收盘价,2112.00,-1.81%,3093,2018-03-08 00:00:00,1,0,2024-07-20 12:10:04,0,2024-07-20 12:10:04,,,
2018-03-08,焦炭,结算价,2135.00,-2.06%,3094,2018-03-08 00:00:00,1,0,2024-07-20 12:10:04,0,2024-07-20 12:10:04,,,
2018-03-07,焦炭,收盘价,2151.00,-1.96%,3095,2018-03-07 00:00:00,1,0,2024-07-20 12:10:04,0,2024-07-20 12:10:04,,,
2018-03-07,焦炭,结算价,2180.00,-0.18%,3096,2018-03-07 00:00:00,1,0,2024-07-20 12:10:04,0,2024-07-20 12:10:04,,,
2018-03-06,焦炭,收盘价,2194.00,0.78%,3097,2018-03-06 00:00:00,1,0,2024-07-20 12:10:04,0,2024-07-20 12:10:04,,,
2018-03-06,焦炭,结算价,2184.00,-1.18%,3098,2018-03-06 00:00:00,1,0,2024-07-20 12:10:04,0,2024-07-20 12:10:04,,,
2018-03-05,焦炭,收盘价,2177.00,-2.9%,3099,2018-03-05 00:00:00,1,0,2024-07-20 12:10:04,0,2024-07-20 12:10:04,,,
2018-03-05,焦炭,结算价,2210.00,-0.99%,3100,2018-03-05 00:00:00,1,0,2024-07-20 12:10:04,0,2024-07-20 12:10:04,,,
2018-03-02,焦炭,收盘价,2242.00,-0.73%,3101,2018-03-02 00:00:00,1,0,2024-07-20 12:10:04,0,2024-07-20 12:10:04,,,
2018-03-02,焦炭,结算价,2232.00,-0.91%,3102,2018-03-02 00:00:00,1,0,2024-07-20 12:10:04,0,2024-07-20 12:10:04,,,
2018-03-01,焦炭,收盘价,2258.50,0.85%,3103,2018-03-01 00:00:00,1,0,2024-07-20 12:10:04,0,2024-07-20 12:10:04,,,
2018-03-01,焦炭,结算价,2252.50,0.11%,3104,2018-03-01 00:00:00,1,0,2024-07-20 12:10:04,0,2024-07-20 12:10:04,,,
2018-02-28,焦炭,收盘价,2239.50,-1.5%,3105,2018-02-28 00:00:00,1,0,2024-07-20 12:10:04,0,2024-07-20 12:10:04,,,
2018-02-28,焦炭,结算价,2250.00,-0.86%,3106,2018-02-28 00:00:00,1,0,2024-07-20 12:10:04,0,2024-07-20 12:10:04,,,
2018-02-27,焦炭,收盘价,2273.50,-0.24%,3107,2018-02-27 00:00:00,1,0,2024-07-20 12:10:04,0,2024-07-20 12:10:04,,,
2018-02-27,焦炭,结算价,2269.50,0.6%,3108,2018-02-27 00:00:00,1,0,2024-07-20 12:10:04,0,2024-07-20 12:10:04,,,
2018-02-26,焦炭,收盘价,2279.00,2.61%,3109,2018-02-26 00:00:00,1,0,2024-07-20 12:10:04,0,2024-07-20 12:10:04,,,
2018-02-26,焦炭,结算价,2256.00,3.06%,3110,2018-02-26 00:00:00,1,0,2024-07-20 12:10:04,0,2024-07-20 12:10:04,,,
2018-02-23,焦炭,收盘价,2221.00,2.07%,3111,2018-02-23 00:00:00,1,0,2024-07-20 12:10:04,0,2024-07-20 12:10:04,,,
2018-02-23,焦炭,结算价,2189.00,1.51%,3112,2018-02-23 00:00:00,1,0,2024-07-20 12:10:04,0,2024-07-20 12:10:04,,,
2018-02-22,焦炭,收盘价,2176.00,1.61%,3113,2018-02-22 00:00:00,1,0,2024-07-20 12:10:04,0,2024-07-20 12:10:04,,,
2018-02-22,焦炭,结算价,2156.50,1.1%,3114,2018-02-22 00:00:00,1,0,2024-07-20 12:10:04,0,2024-07-20 12:10:04,,,
2018-02-14,焦炭,收盘价,2141.50,1.42%,3115,2018-02-14 00:00:00,1,0,2024-07-20 12:10:04,0,2024-07-20 12:10:04,,,
2018-02-14,焦炭,结算价,2133.00,1.07%,3116,2018-02-14 00:00:00,1,0,2024-07-20 12:10:04,0,2024-07-20 12:10:04,,,
2018-02-13,焦炭,收盘价,2111.50,0.05%,3117,2018-02-13 00:00:00,1,0,2024-07-20 12:10:04,0,2024-07-20 12:10:04,,,
2018-02-13,焦炭,结算价,2110.50,0.21%,3118,2018-02-13 00:00:00,1,0,2024-07-20 12:10:04,0,2024-07-20 12:10:04,,,
2018-02-12,焦炭,收盘价,2110.50,0.24%,3119,2018-02-12 00:00:00,1,0,2024-07-20 12:10:04,0,2024-07-20 12:10:04,,,
2018-02-12,焦炭,结算价,2106.00,-0.94%,3120,2018-02-12 00:00:00,1,0,2024-07-20 12:10:04,0,2024-07-20 12:10:04,,,
2018-02-09,焦炭,收盘价,2105.50,-1.93%,3121,2018-02-09 00:00:00,1,0,2024-07-20 12:10:07,0,2024-07-20 12:10:07,,,
2018-02-09,焦炭,结算价,2126.00,-0.96%,3122,2018-02-09 00:00:00,1,0,2024-07-20 12:10:07,0,2024-07-20 12:10:07,,,
2018-02-08,焦炭,收盘价,2147.00,-0.39%,3123,2018-02-08 00:00:00,1,0,2024-07-20 12:10:07,0,2024-07-20 12:10:07,,,
2018-02-08,焦炭,结算价,2146.50,0.4%,3124,2018-02-08 00:00:00,1,0,2024-07-20 12:10:07,0,2024-07-20 12:10:07,,,
2018-02-07,焦炭,收盘价,2155.50,1.7%,3125,2018-02-07 00:00:00,1,0,2024-07-20 12:10:07,0,2024-07-20 12:10:07,,,
2018-02-07,焦炭,结算价,2138.00,0.97%,3126,2018-02-07 00:00:00,1,0,2024-07-20 12:10:07,0,2024-07-20 12:10:07,,,
2018-02-06,焦炭,收盘价,2119.50,-0.19%,3127,2018-02-06 00:00:00,1,0,2024-07-20 12:10:07,0,2024-07-20 12:10:07,,,
2018-02-06,焦炭,结算价,2117.50,2.02%,3128,2018-02-06 00:00:00,1,0,2024-07-20 12:10:07,0,2024-07-20 12:10:07,,,
2018-02-05,焦炭,收盘价,2123.50,3.84%,3129,2018-02-05 00:00:00,1,0,2024-07-20 12:10:07,0,2024-07-20 12:10:07,,,
2018-02-05,焦炭,结算价,2075.50,2.34%,3130,2018-02-05 00:00:00,1,0,2024-07-20 12:10:07,0,2024-07-20 12:10:07,,,
2018-02-02,焦炭,收盘价,2045.00,2.28%,3131,2018-02-02 00:00:00,1,0,2024-07-20 12:10:07,0,2024-07-20 12:10:07,,,
2018-02-02,焦炭,结算价,2028.00,0.97%,3132,2018-02-02 00:00:00,1,0,2024-07-20 12:10:07,0,2024-07-20 12:10:07,,,
2018-02-01,焦炭,收盘价,1999.50,-0.37%,3133,2018-02-01 00:00:00,1,0,2024-07-20 12:10:07,0,2024-07-20 12:10:07,,,
2018-02-01,焦炭,结算价,2008.50,0.55%,3134,2018-02-01 00:00:00,1,0,2024-07-20 12:10:07,0,2024-07-20 12:10:07,,,
2018-01-31,焦炭,收盘价,2007.00,-0.26%,3135,2018-01-31 00:00:00,1,0,2024-07-20 12:10:07,0,2024-07-20 12:10:07,,,
2018-01-31,焦炭,结算价,1997.50,-1.36%,3136,2018-01-31 00:00:00,1,0,2024-07-20 12:10:07,0,2024-07-20 12:10:07,,,
2018-01-30,焦炭,收盘价,2012.20,-1.%,3137,2018-01-30 00:00:00,1,0,2024-07-20 12:10:07,0,2024-07-20 12:10:07,,,
2018-01-30,焦炭,结算价,2025.00,-0.74%,3138,2018-01-30 00:00:00,1,0,2024-07-20 12:10:07,0,2024-07-20 12:10:07,,,
2018-01-29,焦炭,收盘价,2032.50,-0.42%,3139,2018-01-29 00:00:00,1,0,2024-07-20 12:10:07,0,2024-07-20 12:10:07,,,
2018-01-29,焦炭,结算价,2040.00,-0.44%,3140,2018-01-29 00:00:00,1,0,2024-07-20 12:10:07,0,2024-07-20 12:10:07,,,
2018-01-26,焦炭,收盘价,2041.00,-1.09%,3141,2018-01-26 00:00:00,1,0,2024-07-20 12:10:07,0,2024-07-20 12:10:07,,,
2018-01-26,焦炭,结算价,2049.00,0.61%,3142,2018-01-26 00:00:00,1,0,2024-07-20 12:10:07,0,2024-07-20 12:10:07,,,
2018-01-25,焦炭,收盘价,2063.50,3.15%,3143,2018-01-25 00:00:00,1,0,2024-07-20 12:10:07,0,2024-07-20 12:10:07,,,
2018-01-25,焦炭,结算价,2036.50,2.36%,3144,2018-01-25 00:00:00,1,0,2024-07-20 12:10:07,0,2024-07-20 12:10:07,,,
2018-01-24,焦炭,收盘价,2000.50,0.38%,3145,2018-01-24 00:00:00,1,0,2024-07-20 12:10:07,0,2024-07-20 12:10:07,,,
2018-01-24,焦炭,结算价,1989.50,-0.05%,3146,2018-01-24 00:00:00,1,0,2024-07-20 12:10:07,0,2024-07-20 12:10:07,,,
2018-01-23,焦炭,收盘价,1993.00,-0.18%,3147,2018-01-23 00:00:00,1,0,2024-07-20 12:10:07,0,2024-07-20 12:10:07,,,
2018-01-23,焦炭,结算价,1990.50,-0.99%,3148,2018-01-23 00:00:00,1,0,2024-07-20 12:10:07,0,2024-07-20 12:10:07,,,
2018-01-22,焦炭,收盘价,1996.50,0.48%,3149,2018-01-22 00:00:00,1,0,2024-07-20 12:10:07,0,2024-07-20 12:10:07,,,
2018-01-22,焦炭,结算价,2010.50,2.21%,3150,2018-01-22 00:00:00,1,0,2024-07-20 12:10:07,0,2024-07-20 12:10:07,,,
2018-01-19,焦炭,收盘价,1987.00,1.04%,3151,2018-01-19 00:00:00,1,0,2024-07-20 12:10:11,0,2024-07-20 12:10:11,,,
2018-01-19,焦炭,结算价,1967.00,-0.05%,3152,2018-01-19 00:00:00,1,0,2024-07-20 12:10:11,0,2024-07-20 12:10:11,,,
2018-01-18,焦炭,收盘价,1966.50,0.38%,3153,2018-01-18 00:00:00,1,0,2024-07-20 12:10:11,0,2024-07-20 12:10:11,,,
2018-01-18,焦炭,结算价,1968.00,0.82%,3154,2018-01-18 00:00:00,1,0,2024-07-20 12:10:11,0,2024-07-20 12:10:11,,,
2018-01-17,焦炭,收盘价,1959.00,-0.03%,3155,2018-01-17 00:00:00,1,0,2024-07-20 12:10:11,0,2024-07-20 12:10:11,,,
2018-01-17,焦炭,结算价,1952.00,-1.24%,3156,2018-01-17 00:00:00,1,0,2024-07-20 12:10:11,0,2024-07-20 12:10:11,,,
2018-01-16,焦炭,收盘价,1959.50,-1.23%,3157,2018-01-16 00:00:00,1,0,2024-07-20 12:10:11,0,2024-07-20 12:10:11,,,
2018-01-16,焦炭,结算价,1976.50,-0.6%,3158,2018-01-16 00:00:00,1,0,2024-07-20 12:10:11,0,2024-07-20 12:10:11,,,
2018-01-15,焦炭,收盘价,1984.00,-1.34%,3159,2018-01-15 00:00:00,1,0,2024-07-20 12:10:11,0,2024-07-20 12:10:11,,,
2018-01-15,焦炭,结算价,1988.50,-1.29%,3160,2018-01-15 00:00:00,1,0,2024-07-20 12:10:11,0,2024-07-20 12:10:11,,,
2018-01-12,焦炭,收盘价,2011.00,-0.91%,3161,2018-01-12 00:00:00,1,0,2024-07-20 12:10:11,0,2024-07-20 12:10:11,,,
2018-01-12,焦炭,结算价,2014.50,-0.52%,3162,2018-01-12 00:00:00,1,0,2024-07-20 12:10:11,0,2024-07-20 12:10:11,,,
2018-01-11,焦炭,收盘价,2029.50,0.22%,3163,2018-01-11 00:00:00,1,0,2024-07-20 12:10:11,0,2024-07-20 12:10:11,,,
2018-01-11,焦炭,结算价,2025.00,-2.62%,3164,2018-01-11 00:00:00,1,0,2024-07-20 12:10:11,0,2024-07-20 12:10:11,,,
2018-01-10,焦炭,收盘价,2025.00,-3.09%,3165,2018-01-10 00:00:00,1,0,2024-07-20 12:10:11,0,2024-07-20 12:10:11,,,
2018-01-10,焦炭,结算价,2079.50,0.9%,3166,2018-01-10 00:00:00,1,0,2024-07-20 12:10:11,0,2024-07-20 12:10:11,,,
2018-01-09,焦炭,收盘价,2072.00,-0.84%,3167,2018-01-09 00:00:00,1,0,2024-07-20 12:10:11,0,2024-07-20 12:10:11,,,
2018-01-09,焦炭,结算价,2079.50,0.9%,3168,2018-01-09 00:00:00,1,0,2024-07-20 12:10:11,0,2024-07-20 12:10:11,,,
2018-01-08,焦炭,收盘价,2089.50,1.36%,3169,2018-01-08 00:00:00,1,0,2024-07-20 12:10:11,0,2024-07-20 12:10:11,,,
2018-01-08,焦炭,结算价,2061.00,-0.41%,3170,2018-01-08 00:00:00,1,0,2024-07-20 12:10:11,0,2024-07-20 12:10:11,,,
2018-01-05,焦炭,收盘价,2061.50,-1.36%,3171,2018-01-05 00:00:00,1,0,2024-07-20 12:10:11,0,2024-07-20 12:10:11,,,
2018-01-05,焦炭,结算价,2069.50,0.53%,3172,2018-01-05 00:00:00,1,0,2024-07-20 12:10:11,0,2024-07-20 12:10:11,,,
2018-01-04,焦炭,收盘价,2090.00,3.72%,3173,2018-01-04 00:00:00,1,0,2024-07-20 12:10:11,0,2024-07-20 12:10:11,,,
2018-01-04,焦炭,结算价,2058.50,1.5%,3174,2018-01-04 00:00:00,1,0,2024-07-20 12:10:11,0,2024-07-20 12:10:11,,,
2018-01-03,焦炭,收盘价,2015.00,0.02%,3175,2018-01-03 00:00:00,1,0,2024-07-20 12:10:11,0,2024-07-20 12:10:11,,,
2018-01-03,焦炭,结算价,2028.00,1.12%,3176,2018-01-03 00:00:00,1,0,2024-07-20 12:10:11,0,2024-07-20 12:10:11,,,
2018-01-02,焦炭,收盘价,2014.50,1.77%,3177,2018-01-02 00:00:00,1,0,2024-07-20 12:10:11,0,2024-07-20 12:10:11,,,
2018-01-02,焦炭,结算价,2005.50,0.88%,3178,2018-01-02 00:00:00,1,0,2024-07-20 12:10:11,0,2024-07-20 12:10:11,,,
2017-12-29,焦炭,收盘价,1979.50,-0.1%,3179,2017-12-29 00:00:00,1,0,2024-07-20 12:10:11,0,2024-07-20 12:10:11,,,
2017-12-29,焦炭,结算价,1988.00,0.38%,3180,2017-12-29 00:00:00,1,0,2024-07-20 12:10:11,0,2024-07-20 12:10:11,,,
2017-12-28,焦炭,收盘价,1981.50,0.58%,3181,2017-12-28 00:00:00,1,0,2024-07-20 12:10:14,0,2024-07-20 12:10:14,,,
2017-12-28,焦炭,结算价,1980.50,-1.%,3182,2017-12-28 00:00:00,1,0,2024-07-20 12:10:14,0,2024-07-20 12:10:14,,,
2017-12-27,焦炭,收盘价,1970.00,-2.84%,3183,2017-12-27 00:00:00,1,0,2024-07-20 12:10:14,0,2024-07-20 12:10:14,,,
2017-12-27,焦炭,结算价,2000.50,-0.74%,3184,2017-12-27 00:00:00,1,0,2024-07-20 12:10:14,0,2024-07-20 12:10:14,,,
2017-12-26,焦炭,收盘价,2027.50,0.97%,3185,2017-12-26 00:00:00,1,0,2024-07-20 12:10:14,0,2024-07-20 12:10:14,,,
2017-12-26,焦炭,结算价,2015.50,-3.45%,3186,2017-12-26 00:00:00,1,0,2024-07-20 12:10:14,0,2024-07-20 12:10:14,,,
2017-12-25,焦炭,收盘价,2008.00,-5.19%,3187,2017-12-25 00:00:00,1,0,2024-07-20 12:10:14,0,2024-07-20 12:10:14,,,
2017-12-25,焦炭,结算价,2087.50,-0.43%,3188,2017-12-25 00:00:00,1,0,2024-07-20 12:10:14,0,2024-07-20 12:10:14,,,
2017-12-22,焦炭,收盘价,2118.00,2.22%,3189,2017-12-22 00:00:00,1,0,2024-07-20 12:10:14,0,2024-07-20 12:10:14,,,
2017-12-22,焦炭,结算价,2096.50,-0.1%,3190,2017-12-22 00:00:00,1,0,2024-07-20 12:10:14,0,2024-07-20 12:10:14,,,
2017-12-21,焦炭,收盘价,2072.00,-0.41%,3191,2017-12-21 00:00:00,1,0,2024-07-20 12:10:14,0,2024-07-20 12:10:14,,,
2017-12-21,焦炭,结算价,2098.50,0.%,3192,2017-12-21 00:00:00,1,0,2024-07-20 12:10:14,0,2024-07-20 12:10:14,,,
2017-12-20,焦炭,收盘价,2080.50,-1.82%,3193,2017-12-20 00:00:00,1,0,2024-07-20 12:10:14,0,2024-07-20 12:10:14,,,
2017-12-20,焦炭,结算价,2098.50,-1.55%,3194,2017-12-20 00:00:00,1,0,2024-07-20 12:10:14,0,2024-07-20 12:10:14,,,
2017-12-19,焦炭,收盘价,2119.00,-1.88%,3195,2017-12-19 00:00:00,1,0,2024-07-20 12:10:14,0,2024-07-20 12:10:14,,,
2017-12-19,焦炭,结算价,2131.50,0.85%,3196,2017-12-19 00:00:00,1,0,2024-07-20 12:10:14,0,2024-07-20 12:10:14,,,
2017-12-18,焦炭,收盘价,2159.50,8.08%,3197,2017-12-18 00:00:00,1,0,2024-07-20 12:10:14,0,2024-07-20 12:10:14,,,
2017-12-18,焦炭,结算价,2113.50,4.55%,3198,2017-12-18 00:00:00,1,0,2024-07-20 12:10:14,0,2024-07-20 12:10:14,,,
2017-12-15,焦炭,收盘价,1998.00,0.%,3199,2017-12-15 00:00:00,1,0,2024-07-20 12:10:14,0,2024-07-20 12:10:14,,,
2017-12-15,焦炭,结算价,2021.50,0.%,3200,2017-12-15 00:00:00,1,0,2024-07-20 12:10:14,0,2024-07-20 12:10:14,,,
2017-12-14,焦炭,收盘价,1998.00,-3.41%,3201,2017-12-14 00:00:00,1,0,2024-07-20 12:10:14,0,2024-07-20 12:10:14,,,
2017-12-14,焦炭,结算价,2021.50,-3.02%,3202,2017-12-14 00:00:00,1,0,2024-07-20 12:10:14,0,2024-07-20 12:10:14,,,
2017-12-13,焦炭,收盘价,2068.50,-2.01%,3203,2017-12-13 00:00:00,1,0,2024-07-20 12:10:14,0,2024-07-20 12:10:14,,,
2017-12-13,焦炭,结算价,2084.50,-1.21%,3204,2017-12-13 00:00:00,1,0,2024-07-20 12:10:14,0,2024-07-20 12:10:14,,,
2017-12-12,焦炭,收盘价,2111.00,0.33%,3205,2017-12-12 00:00:00,1,0,2024-07-20 12:10:14,0,2024-07-20 12:10:14,,,
2017-12-12,焦炭,结算价,2110.00,0.72%,3206,2017-12-12 00:00:00,1,0,2024-07-20 12:10:14,0,2024-07-20 12:10:14,,,
2017-12-11,焦炭,收盘价,2104.00,0.%,3207,2017-12-11 00:00:00,1,0,2024-07-20 12:10:14,0,2024-07-20 12:10:14,,,
2017-12-11,焦炭,结算价,2095.00,0.%,3208,2017-12-11 00:00:00,1,0,2024-07-20 12:10:14,0,2024-07-20 12:10:14,,,
2017-12-08,焦炭,收盘价,2104.00,4.78%,3209,2017-12-08 00:00:00,1,0,2024-07-20 12:10:14,0,2024-07-20 12:10:14,,,
2017-12-08,焦炭,结算价,2095.00,-0.78%,3210,2017-12-08 00:00:00,1,0,2024-07-20 12:10:14,0,2024-07-20 12:10:14,,,
2017-12-07,焦炭,收盘价,2008.00,-8.14%,3211,2017-12-07 00:00:00,1,0,2024-07-20 12:10:16,0,2024-07-20 12:10:16,,,
2017-12-07,焦炭,结算价,2111.50,-3.25%,3212,2017-12-07 00:00:00,1,0,2024-07-20 12:10:16,0,2024-07-20 12:10:16,,,
2017-12-06,焦炭,收盘价,2186.00,0.41%,3213,2017-12-06 00:00:00,1,0,2024-07-20 12:10:16,0,2024-07-20 12:10:16,,,
2017-12-06,焦炭,结算价,2182.50,-1.29%,3214,2017-12-06 00:00:00,1,0,2024-07-20 12:10:16,0,2024-07-20 12:10:16,,,
2017-12-05,焦炭,收盘价,2177.00,-0.53%,3215,2017-12-05 00:00:00,1,0,2024-07-20 12:10:16,0,2024-07-20 12:10:16,,,
2017-12-05,焦炭,结算价,2211.00,0.05%,3216,2017-12-05 00:00:00,1,0,2024-07-20 12:10:16,0,2024-07-20 12:10:16,,,
2017-12-04,焦炭,收盘价,2188.50,-0.25%,3217,2017-12-04 00:00:00,1,0,2024-07-20 12:10:16,0,2024-07-20 12:10:16,,,
2017-12-04,焦炭,结算价,2210.00,1.96%,3218,2017-12-04 00:00:00,1,0,2024-07-20 12:10:16,0,2024-07-20 12:10:16,,,
2017-12-01,焦炭,收盘价,2194.00,1.86%,3219,2017-12-01 00:00:00,1,0,2024-07-20 12:10:16,0,2024-07-20 12:10:16,,,
2017-12-01,焦炭,结算价,2167.50,1.86%,3220,2017-12-01 00:00:00,1,0,2024-07-20 12:10:16,0,2024-07-20 12:10:16,,,
2017-11-30,焦炭,收盘价,2154.00,3.58%,3221,2017-11-30 00:00:00,1,0,2024-07-20 12:10:16,0,2024-07-20 12:10:16,,,
2017-11-30,焦炭,结算价,2128.00,2.46%,3222,2017-11-30 00:00:00,1,0,2024-07-20 12:10:16,0,2024-07-20 12:10:16,,,
2017-11-29,焦炭,收盘价,2079.50,3.77%,3223,2017-11-29 00:00:00,1,0,2024-07-20 12:10:16,0,2024-07-20 12:10:16,,,
2017-11-29,焦炭,结算价,2077.00,4.37%,3224,2017-11-29 00:00:00,1,0,2024-07-20 12:10:16,0,2024-07-20 12:10:16,,,
2017-11-28,焦炭,收盘价,2004.00,-0.12%,3225,2017-11-28 00:00:00,1,0,2024-07-20 12:10:16,0,2024-07-20 12:10:16,,,
2017-11-28,焦炭,结算价,1990.00,-1.29%,3226,2017-11-28 00:00:00,1,0,2024-07-20 12:10:16,0,2024-07-20 12:10:16,,,
2017-11-27,焦炭,收盘价,2006.50,-0.64%,3227,2017-11-27 00:00:00,1,0,2024-07-20 12:10:16,0,2024-07-20 12:10:16,,,
2017-11-27,焦炭,结算价,2016.00,0.98%,3228,2017-11-27 00:00:00,1,0,2024-07-20 12:10:16,0,2024-07-20 12:10:16,,,
2017-11-24,焦炭,收盘价,2019.50,2.56%,3229,2017-11-24 00:00:00,1,0,2024-07-20 12:10:16,0,2024-07-20 12:10:16,,,
2017-11-24,焦炭,结算价,1996.50,0.15%,3230,2017-11-24 00:00:00,1,0,2024-07-20 12:10:16,0,2024-07-20 12:10:16,,,
2017-11-23,焦炭,收盘价,1969.00,-1.23%,3231,2017-11-23 00:00:00,1,0,2024-07-20 12:10:16,0,2024-07-20 12:10:16,,,
2017-11-23,焦炭,结算价,1993.50,1.94%,3232,2017-11-23 00:00:00,1,0,2024-07-20 12:10:16,0,2024-07-20 12:10:16,,,
2017-11-22,焦炭,收盘价,1993.50,3.96%,3233,2017-11-22 00:00:00,1,0,2024-07-20 12:10:16,0,2024-07-20 12:10:16,,,
2017-11-22,焦炭,结算价,1955.50,2.28%,3234,2017-11-22 00:00:00,1,0,2024-07-20 12:10:16,0,2024-07-20 12:10:16,,,
2017-11-21,焦炭,收盘价,1917.50,0.6%,3235,2017-11-21 00:00:00,1,0,2024-07-20 12:10:16,0,2024-07-20 12:10:16,,,
2017-11-21,焦炭,结算价,1912.00,2.6%,3236,2017-11-21 00:00:00,1,0,2024-07-20 12:10:16,0,2024-07-20 12:10:16,,,
2017-11-20,焦炭,收盘价,1906.00,3.81%,3237,2017-11-20 00:00:00,1,0,2024-07-20 12:10:16,0,2024-07-20 12:10:16,,,
2017-11-20,焦炭,结算价,1863.50,1.69%,3238,2017-11-20 00:00:00,1,0,2024-07-20 12:10:16,0,2024-07-20 12:10:16,,,
2017-11-17,焦炭,收盘价,1836.00,-1.53%,3239,2017-11-17 00:00:00,1,0,2024-07-20 12:10:16,0,2024-07-20 12:10:16,,,
2017-11-17,焦炭,结算价,1832.50,-1.72%,3240,2017-11-17 00:00:00,1,0,2024-07-20 12:10:16,0,2024-07-20 12:10:16,,,
2017-11-16,焦炭,收盘价,1864.50,3.79%,3241,2017-11-16 00:00:00,1,0,2024-07-20 12:10:19,0,2024-07-20 12:10:19,,,
2017-11-16,焦炭,结算价,1864.50,3.38%,3242,2017-11-16 00:00:00,1,0,2024-07-20 12:10:19,0,2024-07-20 12:10:19,,,
2017-11-15,焦炭,收盘价,1796.50,-2.5%,3243,2017-11-15 00:00:00,1,0,2024-07-20 12:10:19,0,2024-07-20 12:10:19,,,
2017-11-15,焦炭,结算价,1803.50,-0.96%,3244,2017-11-15 00:00:00,1,0,2024-07-20 12:10:19,0,2024-07-20 12:10:19,,,
2017-11-14,焦炭,收盘价,1842.50,3.31%,3245,2017-11-14 00:00:00,1,0,2024-07-20 12:10:19,0,2024-07-20 12:10:19,,,
2017-11-14,焦炭,结算价,1821.00,1.59%,3246,2017-11-14 00:00:00,1,0,2024-07-20 12:10:19,0,2024-07-20 12:10:19,,,
2017-11-13,焦炭,收盘价,1783.50,-2.35%,3247,2017-11-13 00:00:00,1,0,2024-07-20 12:10:19,0,2024-07-20 12:10:19,,,
2017-11-13,焦炭,结算价,1792.50,-1.59%,3248,2017-11-13 00:00:00,1,0,2024-07-20 12:10:19,0,2024-07-20 12:10:19,,,
2017-11-10,焦炭,收盘价,1826.50,-0.68%,3249,2017-11-10 00:00:00,1,0,2024-07-20 12:10:19,0,2024-07-20 12:10:19,,,
2017-11-10,焦炭,结算价,1821.50,-3.65%,3250,2017-11-10 00:00:00,1,0,2024-07-20 12:10:19,0,2024-07-20 12:10:19,,,
2017-11-09,焦炭,收盘价,1839.00,-1.53%,3251,2017-11-09 00:00:00,1,0,2024-07-20 12:10:19,0,2024-07-20 12:10:19,,,
2017-11-09,焦炭,结算价,1890.50,2.86%,3252,2017-11-09 00:00:00,1,0,2024-07-20 12:10:19,0,2024-07-20 12:10:19,,,
2017-11-08,焦炭,收盘价,1867.50,1.99%,3253,2017-11-08 00:00:00,1,0,2024-07-20 12:10:19,0,2024-07-20 12:10:19,,,
2017-11-08,焦炭,结算价,1838.00,0.74%,3254,2017-11-08 00:00:00,1,0,2024-07-20 12:10:19,0,2024-07-20 12:10:19,,,
2017-11-07,焦炭,收盘价,1831.00,2.26%,3255,2017-11-07 00:00:00,1,0,2024-07-20 12:10:19,0,2024-07-20 12:10:19,,,
2017-11-07,焦炭,结算价,1824.50,3.34%,3256,2017-11-07 00:00:00,1,0,2024-07-20 12:10:19,0,2024-07-20 12:10:19,,,
2017-11-06,焦炭,收盘价,1790.50,3.56%,3257,2017-11-06 00:00:00,1,0,2024-07-20 12:10:19,0,2024-07-20 12:10:19,,,
2017-11-06,焦炭,结算价,1765.50,2.02%,3258,2017-11-06 00:00:00,1,0,2024-07-20 12:10:19,0,2024-07-20 12:10:19,,,
2017-11-03,焦炭,收盘价,1729.00,2.4%,3259,2017-11-03 00:00:00,1,0,2024-07-20 12:10:19,0,2024-07-20 12:10:19,,,
2017-11-03,焦炭,结算价,1730.50,2.06%,3260,2017-11-03 00:00:00,1,0,2024-07-20 12:10:19,0,2024-07-20 12:10:19,,,
2017-11-01,焦炭,收盘价,1688.50,1.08%,3261,2017-11-01 00:00:00,1,0,2024-07-20 12:10:19,0,2024-07-20 12:10:19,,,
2017-11-01,焦炭,结算价,1695.50,1.22%,3262,2017-11-01 00:00:00,1,0,2024-07-20 12:10:19,0,2024-07-20 12:10:19,,,
2017-10-31,焦炭,收盘价,1670.50,-0.74%,3263,2017-10-31 00:00:00,1,0,2024-07-20 12:10:19,0,2024-07-20 12:10:19,,,
2017-10-31,焦炭,结算价,1675.00,-2.67%,3264,2017-10-31 00:00:00,1,0,2024-07-20 12:10:19,0,2024-07-20 12:10:19,,,
2017-10-30,焦炭,收盘价,1683.00,-2.41%,3265,2017-10-30 00:00:00,1,0,2024-07-20 12:10:19,0,2024-07-20 12:10:19,,,
2017-10-30,焦炭,结算价,1721.00,-0.75%,3266,2017-10-30 00:00:00,1,0,2024-07-20 12:10:19,0,2024-07-20 12:10:19,,,
2017-10-27,焦炭,收盘价,1724.50,-0.38%,3267,2017-10-27 00:00:00,1,0,2024-07-20 12:10:19,0,2024-07-20 12:10:19,,,
2017-10-27,焦炭,结算价,1734.00,0.29%,3268,2017-10-27 00:00:00,1,0,2024-07-20 12:10:19,0,2024-07-20 12:10:19,,,
2017-10-26,焦炭,收盘价,1731.00,0.52%,3269,2017-10-26 00:00:00,1,0,2024-07-20 12:10:19,0,2024-07-20 12:10:19,,,
2017-10-26,焦炭,结算价,1729.00,1.59%,3270,2017-10-26 00:00:00,1,0,2024-07-20 12:10:19,0,2024-07-20 12:10:19,,,
2017-10-25,焦炭,收盘价,1722.00,2.44%,3271,2017-10-25 00:00:00,1,0,2024-07-20 12:10:23,0,2024-07-20 12:10:23,,,
2017-10-25,焦炭,结算价,1702.00,0.27%,3272,2017-10-25 00:00:00,1,0,2024-07-20 12:10:23,0,2024-07-20 12:10:23,,,
2017-10-24,焦炭,收盘价,1681.00,-0.41%,3273,2017-10-24 00:00:00,1,0,2024-07-20 12:10:23,0,2024-07-20 12:10:23,,,
2017-10-24,焦炭,结算价,1697.50,-0.44%,3274,2017-10-24 00:00:00,1,0,2024-07-20 12:10:23,0,2024-07-20 12:10:23,,,
2017-10-23,焦炭,收盘价,1688.00,-4.23%,3275,2017-10-23 00:00:00,1,0,2024-07-20 12:10:23,0,2024-07-20 12:10:23,,,
2017-10-23,焦炭,结算价,1705.00,-1.25%,3276,2017-10-23 00:00:00,1,0,2024-07-20 12:10:23,0,2024-07-20 12:10:23,,,
2017-10-20,焦炭,收盘价,1762.50,4.48%,3277,2017-10-20 00:00:00,1,0,2024-07-20 12:10:23,0,2024-07-20 12:10:23,,,
2017-10-20,焦炭,结算价,1726.50,0.44%,3278,2017-10-20 00:00:00,1,0,2024-07-20 12:10:23,0,2024-07-20 12:10:23,,,
2017-10-19,焦炭,收盘价,1687.00,-4.98%,3279,2017-10-19 00:00:00,1,0,2024-07-20 12:10:23,0,2024-07-20 12:10:23,,,
2017-10-19,焦炭,结算价,1719.00,-5.18%,3280,2017-10-19 00:00:00,1,0,2024-07-20 12:10:23,0,2024-07-20 12:10:23,,,
2017-10-18,焦炭,收盘价,1775.50,-2.39%,3281,2017-10-18 00:00:00,1,0,2024-07-20 12:10:23,0,2024-07-20 12:10:23,,,
2017-10-18,焦炭,结算价,1813.00,-1.44%,3282,2017-10-18 00:00:00,1,0,2024-07-20 12:10:23,0,2024-07-20 12:10:23,,,
2017-10-17,焦炭,收盘价,1819.00,-4.24%,3283,2017-10-17 00:00:00,1,0,2024-07-20 12:10:23,0,2024-07-20 12:10:23,,,
2017-10-17,焦炭,结算价,1839.50,-4.24%,3284,2017-10-17 00:00:00,1,0,2024-07-20 12:10:23,0,2024-07-20 12:10:23,,,
2017-10-16,焦炭,收盘价,1899.50,0.48%,3285,2017-10-16 00:00:00,1,0,2024-07-20 12:10:23,0,2024-07-20 12:10:23,,,
2017-10-16,焦炭,结算价,1921.00,3.87%,3286,2017-10-16 00:00:00,1,0,2024-07-20 12:10:23,0,2024-07-20 12:10:23,,,
2017-10-13,焦炭,收盘价,1890.50,3.85%,3287,2017-10-13 00:00:00,1,0,2024-07-20 12:10:23,0,2024-07-20 12:10:23,,,
2017-10-13,焦炭,结算价,1849.50,2.84%,3288,2017-10-13 00:00:00,1,0,2024-07-20 12:10:23,0,2024-07-20 12:10:23,,,
2017-10-12,焦炭,收盘价,1820.50,1.68%,3289,2017-10-12 00:00:00,1,0,2024-07-20 12:10:23,0,2024-07-20 12:10:23,,,
2017-10-12,焦炭,结算价,1798.50,-0.94%,3290,2017-10-12 00:00:00,1,0,2024-07-20 12:10:23,0,2024-07-20 12:10:23,,,
2017-10-11,焦炭,收盘价,1790.50,-0.83%,3291,2017-10-11 00:00:00,1,0,2024-07-20 12:10:23,0,2024-07-20 12:10:23,,,
2017-10-11,焦炭,结算价,1815.50,-1.49%,3292,2017-10-11 00:00:00,1,0,2024-07-20 12:10:23,0,2024-07-20 12:10:23,,,
2017-10-10,焦炭,收盘价,1805.50,-4.17%,3293,2017-10-10 00:00:00,1,0,2024-07-20 12:10:23,0,2024-07-20 12:10:23,,,
2017-10-10,焦炭,结算价,1843.00,-3.66%,3294,2017-10-10 00:00:00,1,0,2024-07-20 12:10:23,0,2024-07-20 12:10:23,,,
2017-10-09,焦炭,收盘价,1884.00,-3.14%,3295,2017-10-09 00:00:00,1,0,2024-07-20 12:10:23,0,2024-07-20 12:10:23,,,
2017-10-09,焦炭,结算价,1913.00,0.68%,3296,2017-10-09 00:00:00,1,0,2024-07-20 12:10:23,0,2024-07-20 12:10:23,,,
2017-09-29,焦炭,收盘价,1945.00,3.73%,3297,2017-09-29 00:00:00,1,0,2024-07-20 12:10:23,0,2024-07-20 12:10:23,,,
2017-09-29,焦炭,结算价,1900.00,-1.12%,3298,2017-09-29 00:00:00,1,0,2024-07-20 12:10:23,0,2024-07-20 12:10:23,,,
2017-09-28,焦炭,收盘价,1875.00,-5.49%,3299,2017-09-28 00:00:00,1,0,2024-07-20 12:10:23,0,2024-07-20 12:10:23,,,
2017-09-28,焦炭,结算价,1921.50,-3.76%,3300,2017-09-28 00:00:00,1,0,2024-07-20 12:10:23,0,2024-07-20 12:10:23,,,
2017-09-27,焦炭,收盘价,1984.00,-0.58%,3301,2017-09-27 00:00:00,1,0,2024-07-20 12:10:26,0,2024-07-20 12:10:26,,,
2017-09-27,焦炭,结算价,1996.50,-1.29%,3302,2017-09-27 00:00:00,1,0,2024-07-20 12:10:26,0,2024-07-20 12:10:26,,,
2017-09-26,焦炭,收盘价,1995.50,-0.84%,3303,2017-09-26 00:00:00,1,0,2024-07-20 12:10:26,0,2024-07-20 12:10:26,,,
2017-09-26,焦炭,结算价,2022.50,0.72%,3304,2017-09-26 00:00:00,1,0,2024-07-20 12:10:26,0,2024-07-20 12:10:26,,,
2017-09-25,焦炭,收盘价,2012.50,-0.96%,3305,2017-09-25 00:00:00,1,0,2024-07-20 12:10:26,0,2024-07-20 12:10:26,,,
2017-09-25,焦炭,结算价,2008.00,-2.64%,3306,2017-09-25 00:00:00,1,0,2024-07-20 12:10:26,0,2024-07-20 12:10:26,,,
2017-09-22,焦炭,收盘价,2032.00,-7.02%,3307,2017-09-22 00:00:00,1,0,2024-07-20 12:10:26,0,2024-07-20 12:10:26,,,
2017-09-22,焦炭,结算价,2062.50,-6.72%,3308,2017-09-22 00:00:00,1,0,2024-07-20 12:10:26,0,2024-07-20 12:10:26,,,
2017-09-21,焦炭,收盘价,2086.00,-5.05%,3309,2017-09-21 00:00:00,1,0,2024-07-20 12:10:26,0,2024-07-20 12:10:26,,,
2017-09-21,焦炭,结算价,2148.00,-0.51%,3310,2017-09-21 00:00:00,1,0,2024-07-20 12:10:26,0,2024-07-20 12:10:26,,,
2017-09-20,焦炭,收盘价,2197.00,0.92%,3311,2017-09-20 00:00:00,1,0,2024-07-20 12:10:26,0,2024-07-20 12:10:26,,,
2017-09-20,焦炭,结算价,2159.00,-1.66%,3312,2017-09-20 00:00:00,1,0,2024-07-20 12:10:26,0,2024-07-20 12:10:26,,,
2017-09-19,焦炭,收盘价,2177.00,-0.39%,3313,2017-09-19 00:00:00,1,0,2024-07-20 12:10:26,0,2024-07-20 12:10:26,,,
2017-09-19,焦炭,结算价,2195.50,-0.7%,3314,2017-09-19 00:00:00,1,0,2024-07-20 12:10:26,0,2024-07-20 12:10:26,,,
2017-09-18,焦炭,收盘价,2185.50,-4.1%,3315,2017-09-18 00:00:00,1,0,2024-07-20 12:10:26,0,2024-07-20 12:10:26,,,
2017-09-18,焦炭,结算价,2211.00,-5.03%,3316,2017-09-18 00:00:00,1,0,2024-07-20 12:10:26,0,2024-07-20 12:10:26,,,
2017-09-15,焦炭,收盘价,2279.00,-6.18%,3317,2017-09-15 00:00:00,1,0,2024-07-20 12:10:26,0,2024-07-20 12:10:26,,,
2017-09-15,焦炭,结算价,2328.00,-4.67%,3318,2017-09-15 00:00:00,1,0,2024-07-20 12:10:26,0,2024-07-20 12:10:26,,,
2017-09-14,焦炭,收盘价,2429.00,0.%,3319,2017-09-14 00:00:00,1,0,2024-07-20 12:10:26,0,2024-07-20 12:10:26,,,
2017-09-14,焦炭,结算价,2442.00,0.%,3320,2017-09-14 00:00:00,1,0,2024-07-20 12:10:26,0,2024-07-20 12:10:26,,,
2017-09-13,焦炭,收盘价,2429.00,-1.58%,3321,2017-09-13 00:00:00,1,0,2024-07-20 12:10:26,0,2024-07-20 12:10:26,,,
2017-09-13,焦炭,结算价,2442.00,0.02%,3322,2017-09-13 00:00:00,1,0,2024-07-20 12:10:26,0,2024-07-20 12:10:26,,,
2017-09-12,焦炭,收盘价,2468.00,2.22%,3323,2017-09-12 00:00:00,1,0,2024-07-20 12:10:26,0,2024-07-20 12:10:26,,,
2017-09-12,焦炭,结算价,2441.50,3.%,3324,2017-09-12 00:00:00,1,0,2024-07-20 12:10:26,0,2024-07-20 12:10:26,,,
2017-09-11,焦炭,收盘价,2414.50,0.52%,3325,2017-09-11 00:00:00,1,0,2024-07-20 12:10:26,0,2024-07-20 12:10:26,,,
2017-09-11,焦炭,结算价,2370.50,-1.58%,3326,2017-09-11 00:00:00,1,0,2024-07-20 12:10:26,0,2024-07-20 12:10:26,,,
2017-09-08,焦炭,收盘价,2402.00,1.12%,3327,2017-09-08 00:00:00,1,0,2024-07-20 12:10:26,0,2024-07-20 12:10:26,,,
2017-09-08,焦炭,结算价,2408.50,2.14%,3328,2017-09-08 00:00:00,1,0,2024-07-20 12:10:26,0,2024-07-20 12:10:26,,,
2017-09-07,焦炭,收盘价,2375.50,1.52%,3329,2017-09-07 00:00:00,1,0,2024-07-20 12:10:26,0,2024-07-20 12:10:26,,,
2017-09-07,焦炭,结算价,2358.00,1.07%,3330,2017-09-07 00:00:00,1,0,2024-07-20 12:10:26,0,2024-07-20 12:10:26,,,
2017-09-06,焦炭,收盘价,2340.00,1.52%,3331,2017-09-06 00:00:00,1,0,2024-07-20 12:10:30,0,2024-07-20 12:10:30,,,
2017-09-06,焦炭,结算价,2333.00,1.59%,3332,2017-09-06 00:00:00,1,0,2024-07-20 12:10:30,0,2024-07-20 12:10:30,,,
2017-09-05,焦炭,收盘价,2305.00,0.92%,3333,2017-09-05 00:00:00,1,0,2024-07-20 12:10:30,0,2024-07-20 12:10:30,,,
2017-09-05,焦炭,结算价,2296.50,-2.23%,3334,2017-09-05 00:00:00,1,0,2024-07-20 12:10:30,0,2024-07-20 12:10:30,,,
2017-09-04,焦炭,收盘价,2284.00,-2.43%,3335,2017-09-04 00:00:00,1,0,2024-07-20 12:10:30,0,2024-07-20 12:10:30,,,
2017-09-04,焦炭,结算价,2349.00,-0.47%,3336,2017-09-04 00:00:00,1,0,2024-07-20 12:10:30,0,2024-07-20 12:10:30,,,
2017-09-01,焦炭,收盘价,2341.00,-0.17%,3337,2017-09-01 00:00:00,1,0,2024-07-20 12:10:30,0,2024-07-20 12:10:30,,,
2017-09-01,焦炭,结算价,2360.00,0.94%,3338,2017-09-01 00:00:00,1,0,2024-07-20 12:10:30,0,2024-07-20 12:10:30,,,
2017-08-31,焦炭,收盘价,2345.00,-1.74%,3339,2017-08-31 00:00:00,1,0,2024-07-20 12:10:30,0,2024-07-20 12:10:30,,,
2017-08-31,焦炭,结算价,2338.00,-1.41%,3340,2017-08-31 00:00:00,1,0,2024-07-20 12:10:30,0,2024-07-20 12:10:30,,,
2017-08-30,焦炭,收盘价,2386.50,-0.04%,3341,2017-08-30 00:00:00,1,0,2024-07-20 12:10:30,0,2024-07-20 12:10:30,,,
2017-08-30,焦炭,结算价,2371.50,-2.61%,3342,2017-08-30 00:00:00,1,0,2024-07-20 12:10:30,0,2024-07-20 12:10:30,,,
2017-08-29,焦炭,收盘价,2387.50,-3.57%,3343,2017-08-29 00:00:00,1,0,2024-07-20 12:10:30,0,2024-07-20 12:10:30,,,
2017-08-29,焦炭,结算价,2435.00,-0.55%,3344,2017-08-29 00:00:00,1,0,2024-07-20 12:10:30,0,2024-07-20 12:10:30,,,
2017-08-28,焦炭,收盘价,2476.00,0.06%,3345,2017-08-28 00:00:00,1,0,2024-07-20 12:10:30,0,2024-07-20 12:10:30,,,
2017-08-28,焦炭,结算价,2448.50,-0.14%,3346,2017-08-28 00:00:00,1,0,2024-07-20 12:10:30,0,2024-07-20 12:10:30,,,
2017-08-25,焦炭,收盘价,2474.50,3.19%,3347,2017-08-25 00:00:00,1,0,2024-07-20 12:10:30,0,2024-07-20 12:10:30,,,
2017-08-25,焦炭,结算价,2452.00,2.92%,3348,2017-08-25 00:00:00,1,0,2024-07-20 12:10:30,0,2024-07-20 12:10:30,,,
2017-08-24,焦炭,收盘价,2398.00,1.98%,3349,2017-08-24 00:00:00,1,0,2024-07-20 12:10:30,0,2024-07-20 12:10:30,,,
2017-08-24,焦炭,结算价,2382.50,2.54%,3350,2017-08-24 00:00:00,1,0,2024-07-20 12:10:30,0,2024-07-20 12:10:30,,,
2017-08-23,焦炭,收盘价,2351.50,-0.25%,3351,2017-08-23 00:00:00,1,0,2024-07-20 12:10:30,0,2024-07-20 12:10:30,,,
2017-08-23,焦炭,结算价,2323.50,-0.41%,3352,2017-08-23 00:00:00,1,0,2024-07-20 12:10:30,0,2024-07-20 12:10:30,,,
2017-08-22,焦炭,收盘价,2357.50,1.88%,3353,2017-08-22 00:00:00,1,0,2024-07-20 12:10:30,0,2024-07-20 12:10:30,,,
2017-08-22,焦炭,结算价,2333.00,3.%,3354,2017-08-22 00:00:00,1,0,2024-07-20 12:10:30,0,2024-07-20 12:10:30,,,
2017-08-21,焦炭,收盘价,2314.00,2.01%,3355,2017-08-21 00:00:00,1,0,2024-07-20 12:10:30,0,2024-07-20 12:10:30,,,
2017-08-21,焦炭,结算价,2265.00,0.73%,3356,2017-08-21 00:00:00,1,0,2024-07-20 12:10:30,0,2024-07-20 12:10:30,,,
2017-08-17,焦炭,收盘价,2268.50,7.06%,3357,2017-08-17 00:00:00,1,0,2024-07-20 12:10:30,0,2024-07-20 12:10:30,,,
2017-08-17,焦炭,结算价,2248.50,6.11%,3358,2017-08-17 00:00:00,1,0,2024-07-20 12:10:30,0,2024-07-20 12:10:30,,,
2017-08-16,焦炭,收盘价,2119.00,-0.07%,3359,2017-08-16 00:00:00,1,0,2024-07-20 12:10:30,0,2024-07-20 12:10:30,,,
2017-08-16,焦炭,结算价,2119.00,1.1%,3360,2017-08-16 00:00:00,1,0,2024-07-20 12:10:30,0,2024-07-20 12:10:30,,,
2017-08-15,焦炭,收盘价,2120.50,0.62%,3361,2017-08-15 00:00:00,1,0,2024-07-20 12:10:34,0,2024-07-20 12:10:34,,,
2017-08-15,焦炭,结算价,2096.00,-2.15%,3362,2017-08-15 00:00:00,1,0,2024-07-20 12:10:34,0,2024-07-20 12:10:34,,,
2017-08-14,焦炭,收盘价,2107.50,-2.72%,3363,2017-08-14 00:00:00,1,0,2024-07-20 12:10:34,0,2024-07-20 12:10:34,,,
2017-08-14,焦炭,结算价,2142.00,-1.61%,3364,2017-08-14 00:00:00,1,0,2024-07-20 12:10:34,0,2024-07-20 12:10:34,,,
2017-08-11,焦炭,收盘价,2166.50,0.25%,3365,2017-08-11 00:00:00,1,0,2024-07-20 12:10:34,0,2024-07-20 12:10:34,,,
2017-08-11,焦炭,结算价,2177.00,1.54%,3366,2017-08-11 00:00:00,1,0,2024-07-20 12:10:34,0,2024-07-20 12:10:34,,,
2017-08-10,焦炭,收盘价,2161.00,0.72%,3367,2017-08-10 00:00:00,1,0,2024-07-20 12:10:34,0,2024-07-20 12:10:34,,,
2017-08-10,焦炭,结算价,2144.00,1.42%,3368,2017-08-10 00:00:00,1,0,2024-07-20 12:10:34,0,2024-07-20 12:10:34,,,
2017-08-09,焦炭,收盘价,2145.50,3.1%,3369,2017-08-09 00:00:00,1,0,2024-07-20 12:10:34,0,2024-07-20 12:10:34,,,
2017-08-09,焦炭,结算价,2114.00,1.9%,3370,2017-08-09 00:00:00,1,0,2024-07-20 12:10:34,0,2024-07-20 12:10:34,,,
2017-08-08,焦炭,收盘价,2081.00,1.64%,3371,2017-08-08 00:00:00,1,0,2024-07-20 12:10:34,0,2024-07-20 12:10:34,,,
2017-08-08,焦炭,结算价,2074.50,1.42%,3372,2017-08-08 00:00:00,1,0,2024-07-20 12:10:34,0,2024-07-20 12:10:34,,,
2017-08-07,焦炭,收盘价,2047.50,1.74%,3373,2017-08-07 00:00:00,1,0,2024-07-20 12:10:34,0,2024-07-20 12:10:34,,,
2017-08-07,焦炭,结算价,2045.50,2.2%,3374,2017-08-07 00:00:00,1,0,2024-07-20 12:10:34,0,2024-07-20 12:10:34,,,
2017-08-04,焦炭,收盘价,2012.50,-0.54%,3375,2017-08-04 00:00:00,1,0,2024-07-20 12:10:34,0,2024-07-20 12:10:34,,,
2017-08-04,焦炭,结算价,2001.50,-1.91%,3376,2017-08-04 00:00:00,1,0,2024-07-20 12:10:34,0,2024-07-20 12:10:34,,,
2017-08-03,焦炭,收盘价,2023.50,-1.05%,3377,2017-08-03 00:00:00,1,0,2024-07-20 12:10:34,0,2024-07-20 12:10:34,,,
2017-08-03,焦炭,结算价,2040.50,1.37%,3378,2017-08-03 00:00:00,1,0,2024-07-20 12:10:34,0,2024-07-20 12:10:34,,,
2017-08-02,焦炭,收盘价,2045.00,-0.39%,3379,2017-08-02 00:00:00,1,0,2024-07-20 12:10:34,0,2024-07-20 12:10:34,,,
2017-08-02,焦炭,结算价,2013.00,-1.8%,3380,2017-08-02 00:00:00,1,0,2024-07-20 12:10:34,0,2024-07-20 12:10:34,,,
2017-08-01,焦炭,收盘价,2053.00,-0.53%,3381,2017-08-01 00:00:00,1,0,2024-07-20 12:10:34,0,2024-07-20 12:10:34,,,
2017-08-01,焦炭,结算价,2050.00,1.74%,3382,2017-08-01 00:00:00,1,0,2024-07-20 12:10:34,0,2024-07-20 12:10:34,,,
2017-07-31,焦炭,收盘价,2064.00,5.41%,3383,2017-07-31 00:00:00,1,0,2024-07-20 12:10:34,0,2024-07-20 12:10:34,,,
2017-07-31,焦炭,结算价,2015.00,3.33%,3384,2017-07-31 00:00:00,1,0,2024-07-20 12:10:34,0,2024-07-20 12:10:34,,,
2017-07-28,焦炭,收盘价,1958.00,0.33%,3385,2017-07-28 00:00:00,1,0,2024-07-20 12:10:34,0,2024-07-20 12:10:34,,,
2017-07-28,焦炭,结算价,1950.00,0.46%,3386,2017-07-28 00:00:00,1,0,2024-07-20 12:10:34,0,2024-07-20 12:10:34,,,
2017-07-27,焦炭,收盘价,1951.50,1.01%,3387,2017-07-27 00:00:00,1,0,2024-07-20 12:10:34,0,2024-07-20 12:10:34,,,
2017-07-27,焦炭,结算价,1941.00,1.28%,3388,2017-07-27 00:00:00,1,0,2024-07-20 12:10:34,0,2024-07-20 12:10:34,,,
2017-07-26,焦炭,收盘价,1937.50,0.28%,3389,2017-07-26 00:00:00,1,0,2024-07-20 12:10:34,0,2024-07-20 12:10:34,,,
2017-07-26,焦炭,结算价,1943.00,1.38%,3390,2017-07-26 00:00:00,1,0,2024-07-20 12:10:34,0,2024-07-20 12:10:34,,,
2017-07-25,焦炭,收盘价,1932.00,1.79%,3391,2017-07-25 00:00:00,1,0,2024-07-20 12:10:37,0,2024-07-20 12:10:37,,,
2017-07-25,焦炭,结算价,1916.50,0.55%,3392,2017-07-25 00:00:00,1,0,2024-07-20 12:10:37,0,2024-07-20 12:10:37,,,
2017-07-24,焦炭,收盘价,1898.00,-2.47%,3393,2017-07-24 00:00:00,1,0,2024-07-20 12:10:37,0,2024-07-20 12:10:37,,,
2017-07-24,焦炭,结算价,1906.00,-0.73%,3394,2017-07-24 00:00:00,1,0,2024-07-20 12:10:37,0,2024-07-20 12:10:37,,,
2017-07-21,焦炭,收盘价,1946.00,1.49%,3395,2017-07-21 00:00:00,1,0,2024-07-20 12:10:37,0,2024-07-20 12:10:37,,,
2017-07-21,焦炭,结算价,1920.00,-0.62%,3396,2017-07-21 00:00:00,1,0,2024-07-20 12:10:37,0,2024-07-20 12:10:37,,,
2017-07-20,焦炭,收盘价,1917.50,-1.44%,3397,2017-07-20 00:00:00,1,0,2024-07-20 12:10:37,0,2024-07-20 12:10:37,,,
2017-07-20,焦炭,结算价,1932.00,0.03%,3398,2017-07-20 00:00:00,1,0,2024-07-20 12:10:37,0,2024-07-20 12:10:37,,,
2017-07-19,焦炭,收盘价,1945.50,2.26%,3399,2017-07-19 00:00:00,1,0,2024-07-20 12:10:37,0,2024-07-20 12:10:37,,,
2017-07-19,焦炭,结算价,1931.50,1.5%,3400,2017-07-19 00:00:00,1,0,2024-07-20 12:10:37,0,2024-07-20 12:10:37,,,
2017-07-18,焦炭,收盘价,1902.50,-0.18%,3401,2017-07-18 00:00:00,1,0,2024-07-20 12:10:37,0,2024-07-20 12:10:37,,,
2017-07-18,焦炭,结算价,1903.00,1.25%,3402,2017-07-18 00:00:00,1,0,2024-07-20 12:10:37,0,2024-07-20 12:10:37,,,
2017-07-17,焦炭,收盘价,1906.00,3.59%,3403,2017-07-17 00:00:00,1,0,2024-07-20 12:10:37,0,2024-07-20 12:10:37,,,
2017-07-17,焦炭,结算价,1879.50,1.84%,3404,2017-07-17 00:00:00,1,0,2024-07-20 12:10:37,0,2024-07-20 12:10:37,,,
2017-07-14,焦炭,收盘价,1840.00,-1.63%,3405,2017-07-14 00:00:00,1,0,2024-07-20 12:10:37,0,2024-07-20 12:10:37,,,
2017-07-14,焦炭,结算价,1845.50,-0.73%,3406,2017-07-14 00:00:00,1,0,2024-07-20 12:10:37,0,2024-07-20 12:10:37,,,
2017-07-13,焦炭,收盘价,1870.50,1.03%,3407,2017-07-13 00:00:00,1,0,2024-07-20 12:10:37,0,2024-07-20 12:10:37,,,
2017-07-13,焦炭,结算价,1859.00,-0.03%,3408,2017-07-13 00:00:00,1,0,2024-07-20 12:10:37,0,2024-07-20 12:10:37,,,
2017-07-12,焦炭,收盘价,1851.50,-1.25%,3409,2017-07-12 00:00:00,1,0,2024-07-20 12:10:37,0,2024-07-20 12:10:37,,,
2017-07-12,焦炭,结算价,1859.50,0.13%,3410,2017-07-12 00:00:00,1,0,2024-07-20 12:10:37,0,2024-07-20 12:10:37,,,
2017-07-11,焦炭,收盘价,1875.00,2.4%,3411,2017-07-11 00:00:00,1,0,2024-07-20 12:10:37,0,2024-07-20 12:10:37,,,
2017-07-11,焦炭,结算价,1857.00,2.12%,3412,2017-07-11 00:00:00,1,0,2024-07-20 12:10:37,0,2024-07-20 12:10:37,,,
2017-07-10,焦炭,收盘价,1831.00,1.81%,3413,2017-07-10 00:00:00,1,0,2024-07-20 12:10:37,0,2024-07-20 12:10:37,,,
2017-07-10,焦炭,结算价,1818.50,1.93%,3414,2017-07-10 00:00:00,1,0,2024-07-20 12:10:37,0,2024-07-20 12:10:37,,,
2017-07-07,焦炭,收盘价,1798.50,0.84%,3415,2017-07-07 00:00:00,1,0,2024-07-20 12:10:37,0,2024-07-20 12:10:37,,,
2017-07-07,焦炭,结算价,1784.00,0.99%,3416,2017-07-07 00:00:00,1,0,2024-07-20 12:10:37,0,2024-07-20 12:10:37,,,
2017-07-06,焦炭,收盘价,1783.50,0.62%,3417,2017-07-06 00:00:00,1,0,2024-07-20 12:10:37,0,2024-07-20 12:10:37,,,
2017-07-06,焦炭,结算价,1766.50,-0.59%,3418,2017-07-06 00:00:00,1,0,2024-07-20 12:10:37,0,2024-07-20 12:10:37,,,
2017-07-05,焦炭,收盘价,1772.50,0.62%,3419,2017-07-05 00:00:00,1,0,2024-07-20 12:10:37,0,2024-07-20 12:10:37,,,
2017-07-05,焦炭,结算价,1777.00,0.08%,3420,2017-07-05 00:00:00,1,0,2024-07-20 12:10:37,0,2024-07-20 12:10:37,,,
2017-07-04,焦炭,收盘价,1761.50,-1.92%,3421,2017-07-04 00:00:00,1,0,2024-07-20 12:10:41,0,2024-07-20 12:10:41,,,
2017-07-04,焦炭,结算价,1775.50,0.51%,3422,2017-07-04 00:00:00,1,0,2024-07-20 12:10:41,0,2024-07-20 12:10:41,,,
2017-07-03,焦炭,收盘价,1796.00,2.51%,3423,2017-07-03 00:00:00,1,0,2024-07-20 12:10:41,0,2024-07-20 12:10:41,,,
2017-07-03,焦炭,结算价,1766.50,1.46%,3424,2017-07-03 00:00:00,1,0,2024-07-20 12:10:41,0,2024-07-20 12:10:41,,,
2017-06-30,焦炭,收盘价,1752.00,0.03%,3425,2017-06-30 00:00:00,1,0,2024-07-20 12:10:41,0,2024-07-20 12:10:41,,,
2017-06-30,焦炭,结算价,1741.00,0.26%,3426,2017-06-30 00:00:00,1,0,2024-07-20 12:10:41,0,2024-07-20 12:10:41,,,
2017-06-29,焦炭,收盘价,1751.50,3.55%,3427,2017-06-29 00:00:00,1,0,2024-07-20 12:10:41,0,2024-07-20 12:10:41,,,
2017-06-29,焦炭,结算价,1736.50,3.36%,3428,2017-06-29 00:00:00,1,0,2024-07-20 12:10:41,0,2024-07-20 12:10:41,,,
2017-06-28,焦炭,收盘价,1691.50,0.74%,3429,2017-06-28 00:00:00,1,0,2024-07-20 12:10:41,0,2024-07-20 12:10:41,,,
2017-06-28,焦炭,结算价,1680.00,1.94%,3430,2017-06-28 00:00:00,1,0,2024-07-20 12:10:41,0,2024-07-20 12:10:41,,,
2017-06-27,焦炭,收盘价,1679.00,2.75%,3431,2017-06-27 00:00:00,1,0,2024-07-20 12:10:41,0,2024-07-20 12:10:41,,,
2017-06-27,焦炭,结算价,1648.00,1.17%,3432,2017-06-27 00:00:00,1,0,2024-07-20 12:10:41,0,2024-07-20 12:10:41,,,
2017-06-26,焦炭,收盘价,1634.00,-0.09%,3433,2017-06-26 00:00:00,1,0,2024-07-20 12:10:41,0,2024-07-20 12:10:41,,,
2017-06-26,焦炭,结算价,1629.00,0.22%,3434,2017-06-26 00:00:00,1,0,2024-07-20 12:10:41,0,2024-07-20 12:10:41,,,
2017-06-23,焦炭,收盘价,1635.50,0.86%,3435,2017-06-23 00:00:00,1,0,2024-07-20 12:10:41,0,2024-07-20 12:10:41,,,
2017-06-23,焦炭,结算价,1625.50,-0.55%,3436,2017-06-23 00:00:00,1,0,2024-07-20 12:10:41,0,2024-07-20 12:10:41,,,
2017-06-22,焦炭,收盘价,1621.50,1.%,3437,2017-06-22 00:00:00,1,0,2024-07-20 12:10:41,0,2024-07-20 12:10:41,,,
2017-06-22,焦炭,结算价,1634.50,2.44%,3438,2017-06-22 00:00:00,1,0,2024-07-20 12:10:41,0,2024-07-20 12:10:41,,,
2017-06-21,焦炭,收盘价,1605.50,1.07%,3439,2017-06-21 00:00:00,1,0,2024-07-20 12:10:41,0,2024-07-20 12:10:41,,,
2017-06-21,焦炭,结算价,1595.50,-0.22%,3440,2017-06-21 00:00:00,1,0,2024-07-20 12:10:41,0,2024-07-20 12:10:41,,,
2017-06-20,焦炭,收盘价,1588.50,-0.25%,3441,2017-06-20 00:00:00,1,0,2024-07-20 12:10:41,0,2024-07-20 12:10:41,,,
2017-06-20,焦炭,结算价,1599.00,1.2%,3442,2017-06-20 00:00:00,1,0,2024-07-20 12:10:41,0,2024-07-20 12:10:41,,,
2017-06-19,焦炭,收盘价,1592.50,3.34%,3443,2017-06-19 00:00:00,1,0,2024-07-20 12:10:41,0,2024-07-20 12:10:41,,,
2017-06-19,焦炭,结算价,1580.00,3.1%,3444,2017-06-19 00:00:00,1,0,2024-07-20 12:10:41,0,2024-07-20 12:10:41,,,
2017-06-16,焦炭,收盘价,1541.00,1.92%,3445,2017-06-16 00:00:00,1,0,2024-07-20 12:10:41,0,2024-07-20 12:10:41,,,
2017-06-16,焦炭,结算价,1532.50,1.76%,3446,2017-06-16 00:00:00,1,0,2024-07-20 12:10:41,0,2024-07-20 12:10:41,,,
2017-06-15,焦炭,收盘价,1512.00,-0.36%,3447,2017-06-15 00:00:00,1,0,2024-07-20 12:10:41,0,2024-07-20 12:10:41,,,
2017-06-15,焦炭,结算价,1506.00,3.26%,3448,2017-06-15 00:00:00,1,0,2024-07-20 12:10:41,0,2024-07-20 12:10:41,,,
2017-06-14,焦炭,收盘价,1517.50,5.64%,3449,2017-06-14 00:00:00,1,0,2024-07-20 12:10:41,0,2024-07-20 12:10:41,,,
2017-06-14,焦炭,结算价,1458.50,0.69%,3450,2017-06-14 00:00:00,1,0,2024-07-20 12:10:41,0,2024-07-20 12:10:41,,,
2017-06-13,焦炭,收盘价,1436.50,-1.14%,3451,2017-06-13 00:00:00,1,0,2024-07-20 12:10:45,0,2024-07-20 12:10:45,,,
2017-06-13,焦炭,结算价,1448.50,0.31%,3452,2017-06-13 00:00:00,1,0,2024-07-20 12:10:45,0,2024-07-20 12:10:45,,,
2017-06-12,焦炭,收盘价,1453.00,2.54%,3453,2017-06-12 00:00:00,1,0,2024-07-20 12:10:45,0,2024-07-20 12:10:45,,,
2017-06-12,焦炭,结算价,1444.00,1.33%,3454,2017-06-12 00:00:00,1,0,2024-07-20 12:10:45,0,2024-07-20 12:10:45,,,
2017-06-09,焦炭,收盘价,1417.00,-0.32%,3455,2017-06-09 00:00:00,1,0,2024-07-20 12:10:45,0,2024-07-20 12:10:45,,,
2017-06-09,焦炭,结算价,1425.00,0.21%,3456,2017-06-09 00:00:00,1,0,2024-07-20 12:10:45,0,2024-07-20 12:10:45,,,
2017-06-08,焦炭,收盘价,1421.50,0.28%,3457,2017-06-08 00:00:00,1,0,2024-07-20 12:10:45,0,2024-07-20 12:10:45,,,
2017-06-08,焦炭,结算价,1422.00,0.18%,3458,2017-06-08 00:00:00,1,0,2024-07-20 12:10:45,0,2024-07-20 12:10:45,,,
2017-06-07,焦炭,收盘价,1417.50,0.21%,3459,2017-06-07 00:00:00,1,0,2024-07-20 12:10:45,0,2024-07-20 12:10:45,,,
2017-06-07,焦炭,结算价,1419.50,1.25%,3460,2017-06-07 00:00:00,1,0,2024-07-20 12:10:45,0,2024-07-20 12:10:45,,,
2017-06-06,焦炭,收盘价,1414.50,0.57%,3461,2017-06-06 00:00:00,1,0,2024-07-20 12:10:45,0,2024-07-20 12:10:45,,,
2017-06-06,焦炭,结算价,1402.00,-0.11%,3462,2017-06-06 00:00:00,1,0,2024-07-20 12:10:45,0,2024-07-20 12:10:45,,,
2017-06-05,焦炭,收盘价,1406.50,1.11%,3463,2017-06-05 00:00:00,1,0,2024-07-20 12:10:45,0,2024-07-20 12:10:45,,,
2017-06-05,焦炭,结算价,1403.50,0.18%,3464,2017-06-05 00:00:00,1,0,2024-07-20 12:10:45,0,2024-07-20 12:10:45,,,
2017-06-02,焦炭,收盘价,1391.00,-2.76%,3465,2017-06-02 00:00:00,1,0,2024-07-20 12:10:45,0,2024-07-20 12:10:45,,,
2017-06-02,焦炭,结算价,1401.00,-2.2%,3466,2017-06-02 00:00:00,1,0,2024-07-20 12:10:45,0,2024-07-20 12:10:45,,,
2017-06-01,焦炭,收盘价,1430.50,0.28%,3467,2017-06-01 00:00:00,1,0,2024-07-20 12:10:45,0,2024-07-20 12:10:45,,,
2017-06-01,焦炭,结算价,1432.50,-3.6%,3468,2017-06-01 00:00:00,1,0,2024-07-20 12:10:45,0,2024-07-20 12:10:45,,,
2017-05-31,焦炭,收盘价,1426.50,-7.61%,3469,2017-05-31 00:00:00,1,0,2024-07-20 12:10:45,0,2024-07-20 12:10:45,,,
2017-05-31,焦炭,结算价,1486.00,-3.79%,3470,2017-05-31 00:00:00,1,0,2024-07-20 12:10:45,0,2024-07-20 12:10:45,,,
2017-05-26,焦炭,收盘价,1544.00,0.29%,3471,2017-05-26 00:00:00,1,0,2024-07-20 12:10:45,0,2024-07-20 12:10:45,,,
2017-05-26,焦炭,结算价,1544.50,0.1%,3472,2017-05-26 00:00:00,1,0,2024-07-20 12:10:45,0,2024-07-20 12:10:45,,,
2017-05-25,焦炭,收盘价,1539.50,0.82%,3473,2017-05-25 00:00:00,1,0,2024-07-20 12:10:45,0,2024-07-20 12:10:45,,,
2017-05-25,焦炭,结算价,1543.00,-0.52%,3474,2017-05-25 00:00:00,1,0,2024-07-20 12:10:45,0,2024-07-20 12:10:45,,,
2017-05-24,焦炭,收盘价,1527.00,-3.42%,3475,2017-05-24 00:00:00,1,0,2024-07-20 12:10:45,0,2024-07-20 12:10:45,,,
2017-05-24,焦炭,结算价,1551.00,-1.24%,3476,2017-05-24 00:00:00,1,0,2024-07-20 12:10:45,0,2024-07-20 12:10:45,,,
2017-05-23,焦炭,收盘价,1581.00,1.67%,3477,2017-05-23 00:00:00,1,0,2024-07-20 12:10:45,0,2024-07-20 12:10:45,,,
2017-05-23,焦炭,结算价,1570.50,-0.79%,3478,2017-05-23 00:00:00,1,0,2024-07-20 12:10:45,0,2024-07-20 12:10:45,,,
2017-05-22,焦炭,收盘价,1555.00,-1.08%,3479,2017-05-22 00:00:00,1,0,2024-07-20 12:10:45,0,2024-07-20 12:10:45,,,
2017-05-22,焦炭,结算价,1583.00,1.93%,3480,2017-05-22 00:00:00,1,0,2024-07-20 12:10:45,0,2024-07-20 12:10:45,,,
2017-05-19,焦炭,收盘价,1572.00,2.68%,3481,2017-05-19 00:00:00,1,0,2024-07-20 12:10:48,0,2024-07-20 12:10:48,,,
2017-05-19,焦炭,结算价,1553.00,1.07%,3482,2017-05-19 00:00:00,1,0,2024-07-20 12:10:48,0,2024-07-20 12:10:48,,,
2017-05-18,焦炭,收盘价,1531.00,-1.23%,3483,2017-05-18 00:00:00,1,0,2024-07-20 12:10:48,0,2024-07-20 12:10:48,,,
2017-05-18,焦炭,结算价,1536.50,0.33%,3484,2017-05-18 00:00:00,1,0,2024-07-20 12:10:48,0,2024-07-20 12:10:48,,,
2017-05-17,焦炭,收盘价,1550.00,2.38%,3485,2017-05-17 00:00:00,1,0,2024-07-20 12:10:48,0,2024-07-20 12:10:48,,,
2017-05-17,焦炭,结算价,1531.50,2.41%,3486,2017-05-17 00:00:00,1,0,2024-07-20 12:10:48,0,2024-07-20 12:10:48,,,
2017-05-16,焦炭,收盘价,1514.00,0.46%,3487,2017-05-16 00:00:00,1,0,2024-07-20 12:10:48,0,2024-07-20 12:10:48,,,
2017-05-16,焦炭,结算价,1495.50,-0.33%,3488,2017-05-16 00:00:00,1,0,2024-07-20 12:10:48,0,2024-07-20 12:10:48,,,
2017-05-15,焦炭,收盘价,1507.00,-0.03%,3489,2017-05-15 00:00:00,1,0,2024-07-20 12:10:48,0,2024-07-20 12:10:48,,,
2017-05-15,焦炭,结算价,1500.50,-0.99%,3490,2017-05-15 00:00:00,1,0,2024-07-20 12:10:48,0,2024-07-20 12:10:48,,,
2017-05-12,焦炭,收盘价,1507.50,-2.27%,3491,2017-05-12 00:00:00,1,0,2024-07-20 12:10:48,0,2024-07-20 12:10:48,,,
2017-05-12,焦炭,结算价,1515.50,-0.66%,3492,2017-05-12 00:00:00,1,0,2024-07-20 12:10:48,0,2024-07-20 12:10:48,,,
2017-05-11,焦炭,收盘价,1542.50,-1.91%,3493,2017-05-11 00:00:00,1,0,2024-07-20 12:10:48,0,2024-07-20 12:10:48,,,
2017-05-11,焦炭,结算价,1525.50,-1.77%,3494,2017-05-11 00:00:00,1,0,2024-07-20 12:10:48,0,2024-07-20 12:10:48,,,
2017-05-10,焦炭,收盘价,1572.50,2.98%,3495,2017-05-10 00:00:00,1,0,2024-07-20 12:10:48,0,2024-07-20 12:10:48,,,
2017-05-10,焦炭,结算价,1553.00,2.71%,3496,2017-05-10 00:00:00,1,0,2024-07-20 12:10:48,0,2024-07-20 12:10:48,,,
2017-05-09,焦炭,收盘价,1527.00,1.9%,3497,2017-05-09 00:00:00,1,0,2024-07-20 12:10:48,0,2024-07-20 12:10:48,,,
2017-05-09,焦炭,结算价,1512.00,1.04%,3498,2017-05-09 00:00:00,1,0,2024-07-20 12:10:48,0,2024-07-20 12:10:48,,,
2017-05-08,焦炭,收盘价,1498.50,1.42%,3499,2017-05-08 00:00:00,1,0,2024-07-20 12:10:48,0,2024-07-20 12:10:48,,,
2017-05-08,焦炭,结算价,1496.50,1.05%,3500,2017-05-08 00:00:00,1,0,2024-07-20 12:10:48,0,2024-07-20 12:10:48,,,
2017-05-05,焦炭,收盘价,1477.50,-1.04%,3501,2017-05-05 00:00:00,1,0,2024-07-20 12:10:48,0,2024-07-20 12:10:48,,,
2017-05-05,焦炭,结算价,1481.00,-2.89%,3502,2017-05-05 00:00:00,1,0,2024-07-20 12:10:48,0,2024-07-20 12:10:48,,,
2017-05-04,焦炭,收盘价,1493.00,-5.12%,3503,2017-05-04 00:00:00,1,0,2024-07-20 12:10:48,0,2024-07-20 12:10:48,,,
2017-05-04,焦炭,结算价,1525.00,-4.%,3504,2017-05-04 00:00:00,1,0,2024-07-20 12:10:48,0,2024-07-20 12:10:48,,,
2017-05-03,焦炭,收盘价,1573.50,-3.38%,3505,2017-05-03 00:00:00,1,0,2024-07-20 12:10:48,0,2024-07-20 12:10:48,,,
2017-05-03,焦炭,结算价,1588.50,-2.67%,3506,2017-05-03 00:00:00,1,0,2024-07-20 12:10:48,0,2024-07-20 12:10:48,,,
2017-05-02,焦炭,收盘价,1628.50,-0.03%,3507,2017-05-02 00:00:00,1,0,2024-07-20 12:10:48,0,2024-07-20 12:10:48,,,
2017-05-02,焦炭,结算价,1632.00,1.24%,3508,2017-05-02 00:00:00,1,0,2024-07-20 12:10:48,0,2024-07-20 12:10:48,,,
2017-04-28,焦炭,收盘价,1629.00,1.88%,3509,2017-04-28 00:00:00,1,0,2024-07-20 12:10:48,0,2024-07-20 12:10:48,,,
2017-04-28,焦炭,结算价,1612.00,1.77%,3510,2017-04-28 00:00:00,1,0,2024-07-20 12:10:48,0,2024-07-20 12:10:48,,,
2017-04-27,焦炭,收盘价,1599.00,1.81%,3511,2017-04-27 00:00:00,1,0,2024-07-20 12:10:51,0,2024-07-20 12:10:51,,,
2017-04-27,焦炭,结算价,1584.00,-0.75%,3512,2017-04-27 00:00:00,1,0,2024-07-20 12:10:51,0,2024-07-20 12:10:51,,,
2017-04-26,焦炭,收盘价,1570.50,-2.12%,3513,2017-04-26 00:00:00,1,0,2024-07-20 12:10:51,0,2024-07-20 12:10:51,,,
2017-04-26,焦炭,结算价,1596.00,-0.09%,3514,2017-04-26 00:00:00,1,0,2024-07-20 12:10:51,0,2024-07-20 12:10:51,,,
2017-04-25,焦炭,收盘价,1604.50,0.34%,3515,2017-04-25 00:00:00,1,0,2024-07-20 12:10:51,0,2024-07-20 12:10:51,,,
2017-04-25,焦炭,结算价,1597.50,-0.09%,3516,2017-04-25 00:00:00,1,0,2024-07-20 12:10:51,0,2024-07-20 12:10:51,,,
2017-04-24,焦炭,收盘价,1599.00,-3.15%,3517,2017-04-24 00:00:00,1,0,2024-07-20 12:10:51,0,2024-07-20 12:10:51,,,
2017-04-24,焦炭,结算价,1599.00,-2.44%,3518,2017-04-24 00:00:00,1,0,2024-07-20 12:10:51,0,2024-07-20 12:10:51,,,
2017-04-21,焦炭,收盘价,1651.00,2.83%,3519,2017-04-21 00:00:00,1,0,2024-07-20 12:10:51,0,2024-07-20 12:10:51,,,
2017-04-21,焦炭,结算价,1639.00,3.21%,3520,2017-04-21 00:00:00,1,0,2024-07-20 12:10:51,0,2024-07-20 12:10:51,,,
2017-04-20,焦炭,收盘价,1605.50,3.85%,3521,2017-04-20 00:00:00,1,0,2024-07-20 12:10:51,0,2024-07-20 12:10:51,,,
2017-04-20,焦炭,结算价,1588.00,2.35%,3522,2017-04-20 00:00:00,1,0,2024-07-20 12:10:51,0,2024-07-20 12:10:51,,,
2017-04-19,焦炭,收盘价,1546.00,-3.62%,3523,2017-04-19 00:00:00,1,0,2024-07-20 12:10:51,0,2024-07-20 12:10:51,,,
2017-04-19,焦炭,结算价,1551.50,-4.93%,3524,2017-04-19 00:00:00,1,0,2024-07-20 12:10:51,0,2024-07-20 12:10:51,,,
2017-04-18,焦炭,收盘价,1604.00,-3.02%,3525,2017-04-18 00:00:00,1,0,2024-07-20 12:10:51,0,2024-07-20 12:10:51,,,
2017-04-18,焦炭,结算价,1632.00,-0.64%,3526,2017-04-18 00:00:00,1,0,2024-07-20 12:10:51,0,2024-07-20 12:10:51,,,
2017-04-17,焦炭,收盘价,1654.00,2.61%,3527,2017-04-17 00:00:00,1,0,2024-07-20 12:10:51,0,2024-07-20 12:10:51,,,
2017-04-17,焦炭,结算价,1642.50,1.17%,3528,2017-04-17 00:00:00,1,0,2024-07-20 12:10:51,0,2024-07-20 12:10:51,,,
2017-04-14,焦炭,收盘价,1612.00,-1.41%,3529,2017-04-14 00:00:00,1,0,2024-07-20 12:10:51,0,2024-07-20 12:10:51,,,
2017-04-14,焦炭,结算价,1623.50,-0.92%,3530,2017-04-14 00:00:00,1,0,2024-07-20 12:10:51,0,2024-07-20 12:10:51,,,
2017-04-13,焦炭,收盘价,1635.00,0.09%,3531,2017-04-13 00:00:00,1,0,2024-07-20 12:10:51,0,2024-07-20 12:10:51,,,
2017-04-13,焦炭,结算价,1638.50,-2.7%,3532,2017-04-13 00:00:00,1,0,2024-07-20 12:10:51,0,2024-07-20 12:10:51,,,
2017-04-12,焦炭,收盘价,1633.50,-5.9%,3533,2017-04-12 00:00:00,1,0,2024-07-20 12:10:51,0,2024-07-20 12:10:51,,,
2017-04-12,焦炭,结算价,1684.00,-4.1%,3534,2017-04-12 00:00:00,1,0,2024-07-20 12:10:51,0,2024-07-20 12:10:51,,,
2017-04-11,焦炭,收盘价,1736.00,-3.39%,3535,2017-04-11 00:00:00,1,0,2024-07-20 12:10:51,0,2024-07-20 12:10:51,,,
2017-04-11,焦炭,结算价,1756.00,-3.68%,3536,2017-04-11 00:00:00,1,0,2024-07-20 12:10:51,0,2024-07-20 12:10:51,,,
2017-04-10,焦炭,收盘价,1797.00,-1.16%,3537,2017-04-10 00:00:00,1,0,2024-07-20 12:10:51,0,2024-07-20 12:10:51,,,
2017-04-10,焦炭,结算价,1823.00,-1.25%,3538,2017-04-10 00:00:00,1,0,2024-07-20 12:10:51,0,2024-07-20 12:10:51,,,
2017-04-07,焦炭,收盘价,1818.00,-5.07%,3539,2017-04-07 00:00:00,1,0,2024-07-20 12:10:51,0,2024-07-20 12:10:51,,,
2017-04-07,焦炭,结算价,1846.00,-2.89%,3540,2017-04-07 00:00:00,1,0,2024-07-20 12:10:51,0,2024-07-20 12:10:51,,,
2017-04-06,焦炭,收盘价,1915.00,0.98%,3541,2017-04-06 00:00:00,1,0,2024-07-20 12:10:54,0,2024-07-20 12:10:54,,,
2017-04-06,焦炭,结算价,1901.00,1.63%,3542,2017-04-06 00:00:00,1,0,2024-07-20 12:10:54,0,2024-07-20 12:10:54,,,
2017-04-05,焦炭,收盘价,1896.50,6.72%,3543,2017-04-05 00:00:00,1,0,2024-07-20 12:10:54,0,2024-07-20 12:10:54,,,
2017-04-05,焦炭,结算价,1870.50,6.58%,3544,2017-04-05 00:00:00,1,0,2024-07-20 12:10:54,0,2024-07-20 12:10:54,,,
2017-03-31,焦炭,收盘价,1777.00,1.78%,3545,2017-03-31 00:00:00,1,0,2024-07-20 12:10:54,0,2024-07-20 12:10:54,,,
2017-03-31,焦炭,结算价,1755.00,0.69%,3546,2017-03-31 00:00:00,1,0,2024-07-20 12:10:54,0,2024-07-20 12:10:54,,,
2017-03-30,焦炭,收盘价,1746.00,-8.83%,3547,2017-03-30 00:00:00,1,0,2024-07-20 12:10:54,0,2024-07-20 12:10:54,,,
2017-03-30,焦炭,结算价,1743.00,-8.34%,3548,2017-03-30 00:00:00,1,0,2024-07-20 12:10:54,0,2024-07-20 12:10:54,,,
2017-03-29,焦炭,收盘价,1915.00,3.26%,3549,2017-03-29 00:00:00,1,0,2024-07-20 12:10:54,0,2024-07-20 12:10:54,,,
2017-03-29,焦炭,结算价,1901.50,2.2%,3550,2017-03-29 00:00:00,1,0,2024-07-20 12:10:54,0,2024-07-20 12:10:54,,,
2017-03-28,焦炭,收盘价,1854.50,0.6%,3551,2017-03-28 00:00:00,1,0,2024-07-20 12:10:54,0,2024-07-20 12:10:54,,,
2017-03-28,焦炭,结算价,1860.50,-0.56%,3552,2017-03-28 00:00:00,1,0,2024-07-20 12:10:54,0,2024-07-20 12:10:54,,,
2017-03-27,焦炭,收盘价,1843.50,-2.59%,3553,2017-03-27 00:00:00,1,0,2024-07-20 12:10:54,0,2024-07-20 12:10:54,,,
2017-03-27,焦炭,结算价,1871.00,-1.19%,3554,2017-03-27 00:00:00,1,0,2024-07-20 12:10:54,0,2024-07-20 12:10:54,,,
2017-03-24,焦炭,收盘价,1892.50,-0.08%,3555,2017-03-24 00:00:00,1,0,2024-07-20 12:10:54,0,2024-07-20 12:10:54,,,
2017-03-24,焦炭,结算价,1893.50,0.5%,3556,2017-03-24 00:00:00,1,0,2024-07-20 12:10:54,0,2024-07-20 12:10:54,,,
2017-03-23,焦炭,收盘价,1894.00,2.27%,3557,2017-03-23 00:00:00,1,0,2024-07-20 12:10:54,0,2024-07-20 12:10:54,,,
2017-03-23,焦炭,结算价,1884.00,0.64%,3558,2017-03-23 00:00:00,1,0,2024-07-20 12:10:54,0,2024-07-20 12:10:54,,,
2017-03-22,焦炭,收盘价,1852.00,-2.01%,3559,2017-03-22 00:00:00,1,0,2024-07-20 12:10:54,0,2024-07-20 12:10:54,,,
2017-03-22,焦炭,结算价,1872.00,-1.03%,3560,2017-03-22 00:00:00,1,0,2024-07-20 12:10:54,0,2024-07-20 12:10:54,,,
2017-03-21,焦炭,收盘价,1890.00,-0.53%,3561,2017-03-21 00:00:00,1,0,2024-07-20 12:10:54,0,2024-07-20 12:10:54,,,
2017-03-21,焦炭,结算价,1891.50,0.03%,3562,2017-03-21 00:00:00,1,0,2024-07-20 12:10:54,0,2024-07-20 12:10:54,,,
2017-03-20,焦炭,收盘价,1900.00,2.37%,3563,2017-03-20 00:00:00,1,0,2024-07-20 12:10:54,0,2024-07-20 12:10:54,,,
2017-03-20,焦炭,结算价,1891.00,1.64%,3564,2017-03-20 00:00:00,1,0,2024-07-20 12:10:54,0,2024-07-20 12:10:54,,,
2017-03-17,焦炭,收盘价,1856.00,-1.15%,3565,2017-03-17 00:00:00,1,0,2024-07-20 12:10:54,0,2024-07-20 12:10:54,,,
2017-03-17,焦炭,结算价,1860.50,-0.05%,3566,2017-03-17 00:00:00,1,0,2024-07-20 12:10:54,0,2024-07-20 12:10:54,,,
2017-03-16,焦炭,收盘价,1877.50,0.78%,3567,2017-03-16 00:00:00,1,0,2024-07-20 12:10:54,0,2024-07-20 12:10:54,,,
2017-03-16,焦炭,结算价,1861.50,-0.03%,3568,2017-03-16 00:00:00,1,0,2024-07-20 12:10:54,0,2024-07-20 12:10:54,,,
2017-03-15,焦炭,收盘价,1863.00,0.%,3569,2017-03-15 00:00:00,1,0,2024-07-20 12:10:54,0,2024-07-20 12:10:54,,,
2017-03-15,焦炭,结算价,1862.00,3.19%,3570,2017-03-15 00:00:00,1,0,2024-07-20 12:10:54,0,2024-07-20 12:10:54,,,
2017-03-14,焦炭,收盘价,1863.00,0.7%,3571,2017-03-14 00:00:00,1,0,2024-07-20 12:10:57,0,2024-07-20 12:10:57,,,
2017-03-14,焦炭,结算价,1804.50,0.%,3572,2017-03-14 00:00:00,1,0,2024-07-20 12:10:57,0,2024-07-20 12:10:57,,,
2017-03-13,焦炭,收盘价,1850.00,4.64%,3573,2017-03-13 00:00:00,1,0,2024-07-20 12:10:57,0,2024-07-20 12:10:57,,,
2017-03-13,焦炭,结算价,1804.50,0.22%,3574,2017-03-13 00:00:00,1,0,2024-07-20 12:10:57,0,2024-07-20 12:10:57,,,
2017-03-10,焦炭,收盘价,1768.00,-1.48%,3575,2017-03-10 00:00:00,1,0,2024-07-20 12:10:57,0,2024-07-20 12:10:57,,,
2017-03-10,焦炭,结算价,1800.50,2.21%,3576,2017-03-10 00:00:00,1,0,2024-07-20 12:10:57,0,2024-07-20 12:10:57,,,
2017-03-09,焦炭,收盘价,1794.50,0.42%,3577,2017-03-09 00:00:00,1,0,2024-07-20 12:10:57,0,2024-07-20 12:10:57,,,
2017-03-09,焦炭,结算价,1761.50,-1.43%,3578,2017-03-09 00:00:00,1,0,2024-07-20 12:10:57,0,2024-07-20 12:10:57,,,
2017-03-08,焦炭,收盘价,1787.00,-0.64%,3579,2017-03-08 00:00:00,1,0,2024-07-20 12:10:57,0,2024-07-20 12:10:57,,,
2017-03-08,焦炭,结算价,1787.00,-0.39%,3580,2017-03-08 00:00:00,1,0,2024-07-20 12:10:57,0,2024-07-20 12:10:57,,,
2017-03-07,焦炭,收盘价,1798.50,0.56%,3581,2017-03-07 00:00:00,1,0,2024-07-20 12:10:57,0,2024-07-20 12:10:57,,,
2017-03-07,焦炭,结算价,1794.00,-0.61%,3582,2017-03-07 00:00:00,1,0,2024-07-20 12:10:57,0,2024-07-20 12:10:57,,,
2017-03-06,焦炭,收盘价,1788.50,-0.97%,3583,2017-03-06 00:00:00,1,0,2024-07-20 12:10:57,0,2024-07-20 12:10:57,,,
2017-03-06,焦炭,结算价,1805.00,1.35%,3584,2017-03-06 00:00:00,1,0,2024-07-20 12:10:57,0,2024-07-20 12:10:57,,,
2017-03-03,焦炭,收盘价,1806.00,-0.25%,3585,2017-03-03 00:00:00,1,0,2024-07-20 12:10:57,0,2024-07-20 12:10:57,,,
2017-03-03,焦炭,结算价,1781.00,-1.58%,3586,2017-03-03 00:00:00,1,0,2024-07-20 12:10:57,0,2024-07-20 12:10:57,,,
2017-03-02,焦炭,收盘价,1810.50,-0.44%,3587,2017-03-02 00:00:00,1,0,2024-07-20 12:10:57,0,2024-07-20 12:10:57,,,
2017-03-02,焦炭,结算价,1809.50,1.69%,3588,2017-03-02 00:00:00,1,0,2024-07-20 12:10:57,0,2024-07-20 12:10:57,,,
2017-03-01,焦炭,收盘价,1818.50,5.85%,3589,2017-03-01 00:00:00,1,0,2024-07-20 12:10:57,0,2024-07-20 12:10:57,,,
2017-03-01,焦炭,结算价,1779.50,3.04%,3590,2017-03-01 00:00:00,1,0,2024-07-20 12:10:57,0,2024-07-20 12:10:57,,,
2017-02-28,焦炭,收盘价,1718.00,-1.15%,3591,2017-02-28 00:00:00,1,0,2024-07-20 12:10:57,0,2024-07-20 12:10:57,,,
2017-02-28,焦炭,结算价,1727.00,-0.09%,3592,2017-02-28 00:00:00,1,0,2024-07-20 12:10:57,0,2024-07-20 12:10:57,,,
2017-02-27,焦炭,收盘价,1738.00,1.28%,3593,2017-02-27 00:00:00,1,0,2024-07-20 12:10:57,0,2024-07-20 12:10:57,,,
2017-02-27,焦炭,结算价,1728.50,3.32%,3594,2017-02-27 00:00:00,1,0,2024-07-20 12:10:57,0,2024-07-20 12:10:57,,,
2017-02-24,焦炭,收盘价,1716.00,1.84%,3595,2017-02-24 00:00:00,1,0,2024-07-20 12:10:57,0,2024-07-20 12:10:57,,,
2017-02-24,焦炭,结算价,1673.00,-0.03%,3596,2017-02-24 00:00:00,1,0,2024-07-20 12:10:57,0,2024-07-20 12:10:57,,,
2017-02-23,焦炭,收盘价,1685.00,1.11%,3597,2017-02-23 00:00:00,1,0,2024-07-20 12:10:57,0,2024-07-20 12:10:57,,,
2017-02-23,焦炭,结算价,1673.50,-1.47%,3598,2017-02-23 00:00:00,1,0,2024-07-20 12:10:57,0,2024-07-20 12:10:57,,,
2017-02-22,焦炭,收盘价,1666.50,-4.%,3599,2017-02-22 00:00:00,1,0,2024-07-20 12:10:57,0,2024-07-20 12:10:57,,,
2017-02-22,焦炭,结算价,1698.50,-2.94%,3600,2017-02-22 00:00:00,1,0,2024-07-20 12:10:57,0,2024-07-20 12:10:57,,,
2017-02-21,焦炭,收盘价,1736.00,-1.31%,3601,2017-02-21 00:00:00,1,0,2024-07-20 12:11:00,0,2024-07-20 12:11:00,,,
2017-02-21,焦炭,结算价,1750.00,1.77%,3602,2017-02-21 00:00:00,1,0,2024-07-20 12:11:00,0,2024-07-20 12:11:00,,,
2017-02-20,焦炭,收盘价,1759.00,3.81%,3603,2017-02-20 00:00:00,1,0,2024-07-20 12:11:00,0,2024-07-20 12:11:00,,,
2017-02-20,焦炭,结算价,1719.50,1.87%,3604,2017-02-20 00:00:00,1,0,2024-07-20 12:11:00,0,2024-07-20 12:11:00,,,
2017-02-17,焦炭,收盘价,1694.50,2.67%,3605,2017-02-17 00:00:00,1,0,2024-07-20 12:11:00,0,2024-07-20 12:11:00,,,
2017-02-17,焦炭,结算价,1688.00,-0.12%,3606,2017-02-17 00:00:00,1,0,2024-07-20 12:11:00,0,2024-07-20 12:11:00,,,
2017-02-16,焦炭,收盘价,1650.50,-0.3%,3607,2017-02-16 00:00:00,1,0,2024-07-20 12:11:00,0,2024-07-20 12:11:00,,,
2017-02-16,焦炭,结算价,1690.00,2.15%,3608,2017-02-16 00:00:00,1,0,2024-07-20 12:11:00,0,2024-07-20 12:11:00,,,
2017-02-15,焦炭,收盘价,1655.50,-1.46%,3609,2017-02-15 00:00:00,1,0,2024-07-20 12:11:00,0,2024-07-20 12:11:00,,,
2017-02-15,焦炭,结算价,1654.50,-0.99%,3610,2017-02-15 00:00:00,1,0,2024-07-20 12:11:00,0,2024-07-20 12:11:00,,,
2017-02-14,焦炭,收盘价,1680.00,1.05%,3611,2017-02-14 00:00:00,1,0,2024-07-20 12:11:00,0,2024-07-20 12:11:00,,,
2017-02-14,焦炭,结算价,1671.00,2.2%,3612,2017-02-14 00:00:00,1,0,2024-07-20 12:11:00,0,2024-07-20 12:11:00,,,
2017-02-13,焦炭,收盘价,1662.50,4.79%,3613,2017-02-13 00:00:00,1,0,2024-07-20 12:11:00,0,2024-07-20 12:11:00,,,
2017-02-13,焦炭,结算价,1635.00,4.11%,3614,2017-02-13 00:00:00,1,0,2024-07-20 12:11:00,0,2024-07-20 12:11:00,,,
2017-02-10,焦炭,收盘价,1586.50,3.49%,3615,2017-02-10 00:00:00,1,0,2024-07-20 12:11:00,0,2024-07-20 12:11:00,,,
2017-02-10,焦炭,结算价,1570.50,0.32%,3616,2017-02-10 00:00:00,1,0,2024-07-20 12:11:00,0,2024-07-20 12:11:00,,,
2017-02-09,焦炭,收盘价,1533.00,-2.36%,3617,2017-02-09 00:00:00,1,0,2024-07-20 12:11:00,0,2024-07-20 12:11:00,,,
2017-02-09,焦炭,结算价,1565.50,-0.19%,3618,2017-02-09 00:00:00,1,0,2024-07-20 12:11:00,0,2024-07-20 12:11:00,,,
2017-02-08,焦炭,收盘价,1570.00,0.32%,3619,2017-02-08 00:00:00,1,0,2024-07-20 12:11:00,0,2024-07-20 12:11:00,,,
2017-02-08,焦炭,结算价,1568.50,0.67%,3620,2017-02-08 00:00:00,1,0,2024-07-20 12:11:00,0,2024-07-20 12:11:00,,,
2017-02-07,焦炭,收盘价,1565.00,2.39%,3621,2017-02-07 00:00:00,1,0,2024-07-20 12:11:00,0,2024-07-20 12:11:00,,,
2017-02-07,焦炭,结算价,1558.00,-0.76%,3622,2017-02-07 00:00:00,1,0,2024-07-20 12:11:00,0,2024-07-20 12:11:00,,,
2017-02-06,焦炭,收盘价,1528.50,-3.2%,3623,2017-02-06 00:00:00,1,0,2024-07-20 12:11:00,0,2024-07-20 12:11:00,,,
2017-02-06,焦炭,结算价,1570.00,-2.42%,3624,2017-02-06 00:00:00,1,0,2024-07-20 12:11:00,0,2024-07-20 12:11:00,,,
2017-02-03,焦炭,收盘价,1579.00,-7.09%,3625,2017-02-03 00:00:00,1,0,2024-07-20 12:11:00,0,2024-07-20 12:11:00,,,
2017-02-03,焦炭,结算价,1609.00,-3.51%,3626,2017-02-03 00:00:00,1,0,2024-07-20 12:11:00,0,2024-07-20 12:11:00,,,
2017-01-26,焦炭,收盘价,1699.50,4.75%,3627,2017-01-26 00:00:00,1,0,2024-07-20 12:11:00,0,2024-07-20 12:11:00,,,
2017-01-26,焦炭,结算价,1667.50,2.81%,3628,2017-01-26 00:00:00,1,0,2024-07-20 12:11:00,0,2024-07-20 12:11:00,,,
2017-01-25,焦炭,收盘价,1622.50,-1.55%,3629,2017-01-25 00:00:00,1,0,2024-07-20 12:11:00,0,2024-07-20 12:11:00,,,
2017-01-25,焦炭,结算价,1622.00,-1.37%,3630,2017-01-25 00:00:00,1,0,2024-07-20 12:11:00,0,2024-07-20 12:11:00,,,
2017-01-24,焦炭,收盘价,1648.00,3.65%,3631,2017-01-24 00:00:00,1,0,2024-07-20 12:11:03,0,2024-07-20 12:11:03,,,
2017-01-24,焦炭,结算价,1644.50,3.43%,3632,2017-01-24 00:00:00,1,0,2024-07-20 12:11:03,0,2024-07-20 12:11:03,,,
2017-01-23,焦炭,收盘价,1590.00,-1.3%,3633,2017-01-23 00:00:00,1,0,2024-07-20 12:11:03,0,2024-07-20 12:11:03,,,
2017-01-23,焦炭,结算价,1590.00,-4.13%,3634,2017-01-23 00:00:00,1,0,2024-07-20 12:11:03,0,2024-07-20 12:11:03,,,
2017-01-20,焦炭,收盘价,1611.00,-3.96%,3635,2017-01-20 00:00:00,1,0,2024-07-20 12:11:03,0,2024-07-20 12:11:03,,,
2017-01-20,焦炭,结算价,1658.50,-0.93%,3636,2017-01-20 00:00:00,1,0,2024-07-20 12:11:03,0,2024-07-20 12:11:03,,,
2017-01-19,焦炭,收盘价,1677.50,0.06%,3637,2017-01-19 00:00:00,1,0,2024-07-20 12:11:03,0,2024-07-20 12:11:03,,,
2017-01-19,焦炭,结算价,1674.00,-0.06%,3638,2017-01-19 00:00:00,1,0,2024-07-20 12:11:03,0,2024-07-20 12:11:03,,,
2017-01-18,焦炭,收盘价,1676.50,0.87%,3639,2017-01-18 00:00:00,1,0,2024-07-20 12:11:03,0,2024-07-20 12:11:03,,,
2017-01-18,焦炭,结算价,1675.00,-3.01%,3640,2017-01-18 00:00:00,1,0,2024-07-20 12:11:03,0,2024-07-20 12:11:03,,,
2017-01-17,焦炭,收盘价,1662.00,-8.98%,3641,2017-01-17 00:00:00,1,0,2024-07-20 12:11:03,0,2024-07-20 12:11:03,,,
2017-01-17,焦炭,结算价,1727.00,-3.03%,3642,2017-01-17 00:00:00,1,0,2024-07-20 12:11:03,0,2024-07-20 12:11:03,,,
2017-01-16,焦炭,收盘价,1826.00,0.%,3643,2017-01-16 00:00:00,1,0,2024-07-20 12:11:03,0,2024-07-20 12:11:03,,,
2017-01-16,焦炭,结算价,1781.00,0.%,3644,2017-01-16 00:00:00,1,0,2024-07-20 12:11:03,0,2024-07-20 12:11:03,,,
2017-01-14,焦炭,收盘价,1826.00,7.44%,3645,2017-01-14 00:00:00,1,0,2024-07-20 12:11:03,0,2024-07-20 12:11:03,,,
2017-01-14,焦炭,结算价,1781.00,4.58%,3646,2017-01-14 00:00:00,1,0,2024-07-20 12:11:03,0,2024-07-20 12:11:03,,,
2017-01-13,焦炭,收盘价,1699.50,0.56%,3647,2017-01-13 00:00:00,1,0,2024-07-20 12:11:03,0,2024-07-20 12:11:03,,,
2017-01-13,焦炭,结算价,1703.00,1.31%,3648,2017-01-13 00:00:00,1,0,2024-07-20 12:11:03,0,2024-07-20 12:11:03,,,
2017-01-12,焦炭,收盘价,1690.00,1.38%,3649,2017-01-12 00:00:00,1,0,2024-07-20 12:11:03,0,2024-07-20 12:11:03,,,
2017-01-12,焦炭,结算价,1681.00,0.48%,3650,2017-01-12 00:00:00,1,0,2024-07-20 12:11:03,0,2024-07-20 12:11:03,,,
2017-01-11,焦炭,收盘价,1667.00,-1.19%,3651,2017-01-11 00:00:00,1,0,2024-07-20 12:11:03,0,2024-07-20 12:11:03,,,
2017-01-11,焦炭,结算价,1673.00,2.83%,3652,2017-01-11 00:00:00,1,0,2024-07-20 12:11:03,0,2024-07-20 12:11:03,,,
2017-01-10,焦炭,收盘价,1687.00,6.17%,3653,2017-01-10 00:00:00,1,0,2024-07-20 12:11:03,0,2024-07-20 12:11:03,,,
2017-01-10,焦炭,结算价,1627.00,5.1%,3654,2017-01-10 00:00:00,1,0,2024-07-20 12:11:03,0,2024-07-20 12:11:03,,,
2017-01-09,焦炭,收盘价,1589.00,3.72%,3655,2017-01-09 00:00:00,1,0,2024-07-20 12:11:03,0,2024-07-20 12:11:03,,,
2017-01-09,焦炭,结算价,1548.00,2.89%,3656,2017-01-09 00:00:00,1,0,2024-07-20 12:11:03,0,2024-07-20 12:11:03,,,
2017-01-06,焦炭,收盘价,1532.00,1.69%,3657,2017-01-06 00:00:00,1,0,2024-07-20 12:11:03,0,2024-07-20 12:11:03,,,
2017-01-06,焦炭,结算价,1504.50,0.%,3658,2017-01-06 00:00:00,1,0,2024-07-20 12:11:03,0,2024-07-20 12:11:03,,,
2017-01-05,焦炭,收盘价,1506.50,0.77%,3659,2017-01-05 00:00:00,1,0,2024-07-20 12:11:03,0,2024-07-20 12:11:03,,,
2017-01-05,焦炭,结算价,1504.50,1.86%,3660,2017-01-05 00:00:00,1,0,2024-07-20 12:11:03,0,2024-07-20 12:11:03,,,
2017-01-04,焦炭,收盘价,2090.00,3.72%,3661,2017-01-04 00:00:00,1,0,2024-07-20 12:11:06,0,2024-07-20 12:11:06,,,
2017-01-04,焦炭,结算价,2058.50,1.5%,3662,2017-01-04 00:00:00,1,0,2024-07-20 12:11:06,0,2024-07-20 12:11:06,,,
2017-01-03,焦炭,收盘价,2015.00,0.02%,3663,2017-01-03 00:00:00,1,0,2024-07-20 12:11:06,0,2024-07-20 12:11:06,,,
2017-01-03,焦炭,结算价,2028.00,1.12%,3664,2017-01-03 00:00:00,1,0,2024-07-20 12:11:06,0,2024-07-20 12:11:06,,,
2017-01-02,焦炭,收盘价,2014.50,32.71%,3665,2017-01-02 00:00:00,1,0,2024-07-20 12:11:06,0,2024-07-20 12:11:06,,,
2017-01-02,焦炭,结算价,2005.50,30.4%,3666,2017-01-02 00:00:00,1,0,2024-07-20 12:11:06,0,2024-07-20 12:11:06,,,
2024-07-31,焦炭,收盘价,2036.50,0.72%,6439,2024-07-31 00:00:00,1,0,2024-08-01 10:40:27,0,2024-08-01 10:40:27,,,
2024-07-31,焦炭,结算价,2037.50,-0.46%,6440,2024-07-31 00:00:00,1,0,2024-08-01 10:40:27,0,2024-08-01 10:40:27,,,
2024-07-30,焦炭,收盘价,2022.00,-2.3%,6441,2024-07-30 00:00:00,1,0,2024-08-01 10:40:27,0,2024-08-01 10:40:27,,,
2024-07-30,焦炭,结算价,2047.00,-1.23%,6442,2024-07-30 00:00:00,1,0,2024-08-01 10:40:27,0,2024-08-01 10:40:27,,,
2024-07-29,焦炭,收盘价,2069.50,-0.74%,6443,2024-07-29 00:00:00,1,0,2024-08-01 10:40:27,0,2024-08-01 10:40:27,,,
2024-07-29,焦炭,结算价,2072.50,-0.74%,6444,2024-07-29 00:00:00,1,0,2024-08-01 10:40:27,0,2024-08-01 10:40:27,,,
2024-07-26,焦炭,收盘价,2085.00,1.12%,6445,2024-07-26 00:00:00,1,0,2024-08-01 10:40:27,0,2024-08-01 10:40:27,,,
2024-07-26,焦炭,结算价,2088.00,0.58%,6446,2024-07-26 00:00:00,1,0,2024-08-01 10:40:27,0,2024-08-01 10:40:27,,,
2024-07-25,焦炭,收盘价,2062.00,-1.65%,6447,2024-07-25 00:00:00,1,0,2024-08-01 10:40:27,0,2024-08-01 10:40:27,,,
2024-07-25,焦炭,结算价,2076.00,-1.28%,6448,2024-07-25 00:00:00,1,0,2024-08-01 10:40:27,0,2024-08-01 10:40:27,,,
2024-07-24,焦炭,收盘价,2096.50,0.07%,6449,2024-07-24 00:00:00,1,0,2024-08-01 10:40:27,0,2024-08-01 10:40:27,,,
2024-07-24,焦炭,结算价,2103.00,-0.83%,6450,2024-07-24 00:00:00,1,0,2024-08-01 10:40:27,0,2024-08-01 10:40:27,,,
2024-07-23,焦炭,收盘价,2095.00,-2.03%,6451,2024-07-23 00:00:00,1,0,2024-08-01 10:40:27,0,2024-08-01 10:40:27,,,
2024-07-23,焦炭,结算价,2120.50,-1.35%,6452,2024-07-23 00:00:00,1,0,2024-08-01 10:40:27,0,2024-08-01 10:40:27,,,
2024-07-22,焦炭,收盘价,2138.50,-1.99%,6453,2024-07-22 00:00:00,1,0,2024-08-01 10:40:27,0,2024-08-01 10:40:27,,,
2024-07-22,焦炭,结算价,2149.50,-2.03%,6454,2024-07-22 00:00:00,1,0,2024-08-01 10:40:27,0,2024-08-01 10:40:27,,,
2024-11-06,焦炭,收盘价,1972.00,-3.66%,6455,2024-11-06 00:00:00,1,0,2024-11-07 01:43:12,0,2024-11-07 01:43:12,,,
2024-11-06,焦炭,结算价,1998.50,-2.58%,6456,2024-11-06 00:00:00,1,0,2024-11-07 01:43:12,0,2024-11-07 01:43:12,,,
2024-11-05,焦炭,收盘价,2047.00,-0.2%,6457,2024-11-05 00:00:00,1,0,2024-11-07 01:43:12,0,2024-11-07 01:43:12,,,
2024-11-05,焦炭,结算价,2051.50,2.19%,6458,2024-11-05 00:00:00,1,0,2024-11-07 01:43:12,0,2024-11-07 01:43:12,,,
2024-11-04,焦炭,收盘价,2051.00,2.73%,6459,2024-11-04 00:00:00,1,0,2024-11-07 01:43:12,0,2024-11-07 01:43:12,,,
2024-11-04,焦炭,结算价,2007.50,-0.1%,6460,2024-11-04 00:00:00,1,0,2024-11-07 01:43:12,0,2024-11-07 01:43:12,,,
2024-11-01,焦炭,收盘价,1996.50,-1.55%,6461,2024-11-01 00:00:00,1,0,2024-11-07 01:43:12,0,2024-11-07 01:43:12,,,
2024-11-01,焦炭,结算价,2009.50,-0.81%,6462,2024-11-01 00:00:00,1,0,2024-11-07 01:43:12,0,2024-11-07 01:43:12,,,
2024-10-31,焦炭,收盘价,2028.00,-0.98%,6463,2024-10-31 00:00:00,1,0,2024-11-07 01:43:12,0,2024-11-07 01:43:12,,,
2024-10-31,焦炭,结算价,2026.00,-1.39%,6464,2024-10-31 00:00:00,1,0,2024-11-07 01:43:12,0,2024-11-07 01:43:12,,,
2024-10-30,焦炭,收盘价,2048.00,1.11%,6465,2024-10-30 00:00:00,1,0,2024-11-07 01:43:12,0,2024-11-07 01:43:12,,,
2024-10-30,焦炭,结算价,2054.50,0.05%,6466,2024-10-30 00:00:00,1,0,2024-11-07 01:43:12,0,2024-11-07 01:43:12,,,
2024-10-29,焦炭,收盘价,2025.50,-2.01%,6467,2024-10-29 00:00:00,1,0,2024-11-07 01:43:12,0,2024-11-07 01:43:12,,,
2024-10-29,焦炭,结算价,2053.50,0.81%,6468,2024-10-29 00:00:00,1,0,2024-11-07 01:43:12,0,2024-11-07 01:43:12,,,
2024-10-28,焦炭,收盘价,2067.00,3.87%,6469,2024-10-28 00:00:00,1,0,2024-11-07 01:43:12,0,2024-11-07 01:43:12,,,
2024-10-28,焦炭,结算价,2037.00,3.09%,6470,2024-10-28 00:00:00,1,0,2024-11-07 01:43:12,0,2024-11-07 01:43:12,,,
2024-10-25,焦炭,收盘价,1990.00,1.48%,6471,2024-10-25 00:00:00,1,0,2024-11-07 01:43:12,0,2024-11-07 01:43:12,,,
2024-10-25,焦炭,结算价,1976.00,1.72%,6472,2024-10-25 00:00:00,1,0,2024-11-07 01:43:12,0,2024-11-07 01:43:12,,,
2024-10-24,焦炭,收盘价,1961.00,0.26%,6473,2024-10-24 00:00:00,1,0,2024-11-07 01:43:12,0,2024-11-07 01:43:12,,,
2024-10-24,焦炭,结算价,1942.50,-1.55%,6474,2024-10-24 00:00:00,1,0,2024-11-07 01:43:12,0,2024-11-07 01:43:12,,,
2024-10-23,焦炭,收盘价,1956.00,-1.14%,6475,2024-10-23 00:00:00,1,0,2024-11-07 01:43:12,0,2024-11-07 01:43:12,,,
2024-10-23,焦炭,结算价,1973.00,-0.43%,6476,2024-10-23 00:00:00,1,0,2024-11-07 01:43:12,0,2024-11-07 01:43:12,,,
2024-10-22,焦炭,收盘价,1978.50,-0.95%,6477,2024-10-22 00:00:00,1,0,2024-11-07 01:43:12,0,2024-11-07 01:43:12,,,
2024-10-22,焦炭,结算价,1981.50,-0.6%,6478,2024-10-22 00:00:00,1,0,2024-11-07 01:43:12,0,2024-11-07 01:43:12,,,
2024-10-21,焦炭,收盘价,1997.50,0.48%,6479,2024-10-21 00:00:00,1,0,2024-11-07 01:43:12,0,2024-11-07 01:43:12,,,
2024-10-21,焦炭,结算价,1993.50,0.4%,6480,2024-10-21 00:00:00,1,0,2024-11-07 01:43:12,0,2024-11-07 01:43:12,,,
2024-10-18,焦炭,收盘价,1988.00,1.12%,6481,2024-10-18 00:00:00,1,0,2024-11-07 01:43:12,0,2024-11-07 01:43:12,,,
2024-10-18,焦炭,结算价,1985.50,-3.78%,6482,2024-10-18 00:00:00,1,0,2024-11-07 01:43:12,0,2024-11-07 01:43:12,,,
2024-10-17,焦炭,收盘价,1966.00,-6.45%,6483,2024-10-17 00:00:00,1,0,2024-11-07 01:43:12,0,2024-11-07 01:43:12,,,
2024-10-17,焦炭,结算价,2063.50,-3.17%,6484,2024-10-17 00:00:00,1,0,2024-11-07 01:43:12,0,2024-11-07 01:43:12,,,
2024-10-16,焦炭,收盘价,2101.50,-2.21%,6485,2024-10-16 00:00:00,1,0,2024-11-07 01:43:15,0,2024-11-07 01:43:15,,,
2024-10-16,焦炭,结算价,2131.00,-1.52%,6486,2024-10-16 00:00:00,1,0,2024-11-07 01:43:15,0,2024-11-07 01:43:15,,,
2024-10-15,焦炭,收盘价,2149.00,-1.26%,6487,2024-10-15 00:00:00,1,0,2024-11-07 01:43:15,0,2024-11-07 01:43:15,,,
2024-10-15,焦炭,结算价,2164.00,0.07%,6488,2024-10-15 00:00:00,1,0,2024-11-07 01:43:15,0,2024-11-07 01:43:15,,,
2024-10-14,焦炭,收盘价,2176.50,1.75%,6489,2024-10-14 00:00:00,1,0,2024-11-07 01:43:15,0,2024-11-07 01:43:15,,,
2024-10-14,焦炭,结算价,2162.50,1.69%,6490,2024-10-14 00:00:00,1,0,2024-11-07 01:43:15,0,2024-11-07 01:43:15,,,
2024-10-11,焦炭,收盘价,2139.00,2.12%,6491,2024-10-11 00:00:00,1,0,2024-11-07 01:43:15,0,2024-11-07 01:43:15,,,
2024-10-11,焦炭,结算价,2126.50,0.69%,6492,2024-10-11 00:00:00,1,0,2024-11-07 01:43:15,0,2024-11-07 01:43:15,,,
2024-10-10,焦炭,收盘价,2094.50,-1.6%,6493,2024-10-10 00:00:00,1,0,2024-11-07 01:43:15,0,2024-11-07 01:43:15,,,
2024-10-10,焦炭,结算价,2112.00,-1.74%,6494,2024-10-10 00:00:00,1,0,2024-11-07 01:43:15,0,2024-11-07 01:43:15,,,
2024-10-09,焦炭,收盘价,2128.50,-0.68%,6495,2024-10-09 00:00:00,1,0,2024-11-07 01:43:15,0,2024-11-07 01:43:15,,,
2024-10-09,焦炭,结算价,2149.50,-3.5%,6496,2024-10-09 00:00:00,1,0,2024-11-07 01:43:15,0,2024-11-07 01:43:15,,,
2024-10-08,焦炭,收盘价,2143.00,-5.05%,6497,2024-10-08 00:00:00,1,0,2024-11-07 01:43:15,0,2024-11-07 01:43:15,,,
2024-10-08,焦炭,结算价,2227.50,2.27%,6498,2024-10-08 00:00:00,1,0,2024-11-07 01:43:15,0,2024-11-07 01:43:15,,,
2024-09-30,焦炭,收盘价,2257.00,9.83%,6499,2024-09-30 00:00:00,1,0,2024-11-07 01:43:15,0,2024-11-07 01:43:15,,,
2024-09-30,焦炭,结算价,2178.00,7.11%,6500,2024-09-30 00:00:00,1,0,2024-11-07 01:43:15,0,2024-11-07 01:43:15,,,
2024-09-27,焦炭,收盘价,2055.00,2.78%,6501,2024-09-27 00:00:00,1,0,2024-11-07 01:43:15,0,2024-11-07 01:43:15,,,
2024-09-27,焦炭,结算价,2033.50,2.94%,6502,2024-09-27 00:00:00,1,0,2024-11-07 01:43:15,0,2024-11-07 01:43:15,,,
2024-09-26,焦炭,收盘价,1999.50,2.22%,6503,2024-09-26 00:00:00,1,0,2024-11-07 01:43:15,0,2024-11-07 01:43:15,,,
2024-09-26,焦炭,结算价,1975.50,0.97%,6504,2024-09-26 00:00:00,1,0,2024-11-07 01:43:15,0,2024-11-07 01:43:15,,,
2024-09-25,焦炭,收盘价,1956.00,1.61%,6505,2024-09-25 00:00:00,1,0,2024-11-07 01:43:15,0,2024-11-07 01:43:15,,,
2024-09-25,焦炭,结算价,1956.50,4.74%,6506,2024-09-25 00:00:00,1,0,2024-11-07 01:43:15,0,2024-11-07 01:43:15,,,
2024-09-24,焦炭,收盘价,1925.00,6.21%,6507,2024-09-24 00:00:00,1,0,2024-11-07 01:43:15,0,2024-11-07 01:43:15,,,
2024-09-24,焦炭,结算价,1868.00,0.86%,6508,2024-09-24 00:00:00,1,0,2024-11-07 01:43:15,0,2024-11-07 01:43:15,,,
2024-09-23,焦炭,收盘价,1812.50,-3.72%,6509,2024-09-23 00:00:00,1,0,2024-11-07 01:43:15,0,2024-11-07 01:43:15,,,
2024-09-23,焦炭,结算价,1852.00,-2.27%,6510,2024-09-23 00:00:00,1,0,2024-11-07 01:43:15,0,2024-11-07 01:43:15,,,
2024-09-19,焦炭,收盘价,1882.50,1.37%,6511,2024-09-19 00:00:00,1,0,2024-11-07 01:43:15,0,2024-11-07 01:43:15,,,
2024-09-19,焦炭,结算价,1895.00,1.66%,6512,2024-09-19 00:00:00,1,0,2024-11-07 01:43:15,0,2024-11-07 01:43:15,,,
2024-09-18,焦炭,收盘价,1857.00,-0.48%,6513,2024-09-18 00:00:00,1,0,2024-11-07 01:43:15,0,2024-11-07 01:43:15,,,
2024-09-18,焦炭,结算价,1864.00,-0.45%,6514,2024-09-18 00:00:00,1,0,2024-11-07 01:43:15,0,2024-11-07 01:43:15,,,
2024-09-13,焦炭,收盘价,1866.00,0.13%,6515,2024-09-13 00:00:00,1,0,2024-11-07 01:43:18,0,2024-11-07 01:43:18,,,
2024-09-13,焦炭,结算价,1872.50,1.74%,6516,2024-09-13 00:00:00,1,0,2024-11-07 01:43:18,0,2024-11-07 01:43:18,,,
2024-09-12,焦炭,收盘价,1863.50,1.75%,6517,2024-09-12 00:00:00,1,0,2024-11-07 01:43:18,0,2024-11-07 01:43:18,,,
2024-09-12,焦炭,结算价,1840.50,3.57%,6518,2024-09-12 00:00:00,1,0,2024-11-07 01:43:18,0,2024-11-07 01:43:18,,,
2024-09-11,焦炭,收盘价,1831.50,3.36%,6519,2024-09-11 00:00:00,1,0,2024-11-07 01:43:18,0,2024-11-07 01:43:18,,,
2024-09-11,焦炭,结算价,1777.00,-0.28%,6520,2024-09-11 00:00:00,1,0,2024-11-07 01:43:18,0,2024-11-07 01:43:18,,,
2024-09-10,焦炭,收盘价,1772.00,-0.45%,6521,2024-09-10 00:00:00,1,0,2024-11-07 01:43:18,0,2024-11-07 01:43:18,,,
2024-09-10,焦炭,结算价,1782.00,1.02%,6522,2024-09-10 00:00:00,1,0,2024-11-07 01:43:18,0,2024-11-07 01:43:18,,,
2024-09-09,焦炭,收盘价,1780.00,-0.97%,6523,2024-09-09 00:00:00,1,0,2024-11-07 01:43:18,0,2024-11-07 01:43:18,,,
2024-09-09,焦炭,结算价,1764.00,-2.22%,6524,2024-09-09 00:00:00,1,0,2024-11-07 01:43:18,0,2024-11-07 01:43:18,,,
2024-09-06,焦炭,收盘价,1797.50,-0.99%,6525,2024-09-06 00:00:00,1,0,2024-11-07 01:43:18,0,2024-11-07 01:43:18,,,
2024-09-06,焦炭,结算价,1804.00,-1.45%,6526,2024-09-06 00:00:00,1,0,2024-11-07 01:43:18,0,2024-11-07 01:43:18,,,
2024-09-05,焦炭,收盘价,1815.50,-1.49%,6527,2024-09-05 00:00:00,1,0,2024-11-07 01:43:18,0,2024-11-07 01:43:18,,,
2024-09-05,焦炭,结算价,1830.50,-2.61%,6528,2024-09-05 00:00:00,1,0,2024-11-07 01:43:18,0,2024-11-07 01:43:18,,,
2024-09-04,焦炭,收盘价,1843.00,-3.91%,6529,2024-09-04 00:00:00,1,0,2024-11-07 01:43:18,0,2024-11-07 01:43:18,,,
2024-09-04,焦炭,结算价,1879.50,-2.77%,6530,2024-09-04 00:00:00,1,0,2024-11-07 01:43:18,0,2024-11-07 01:43:18,,,
2024-09-03,焦炭,收盘价,1918.00,-0.67%,6531,2024-09-03 00:00:00,1,0,2024-11-07 01:43:18,0,2024-11-07 01:43:18,,,
2024-09-03,焦炭,结算价,1933.00,-1.48%,6532,2024-09-03 00:00:00,1,0,2024-11-07 01:43:18,0,2024-11-07 01:43:18,,,
2024-09-02,焦炭,收盘价,1931.00,-3.28%,6533,2024-09-02 00:00:00,1,0,2024-11-07 01:43:18,0,2024-11-07 01:43:18,,,
2024-09-02,焦炭,结算价,1962.00,-1.97%,6534,2024-09-02 00:00:00,1,0,2024-11-07 01:43:18,0,2024-11-07 01:43:18,,,
2024-08-30,焦炭,收盘价,1996.50,0.28%,6535,2024-08-30 00:00:00,1,0,2024-11-07 01:43:18,0,2024-11-07 01:43:18,,,
2024-08-30,焦炭,结算价,2001.50,0.28%,6536,2024-08-30 00:00:00,1,0,2024-11-07 01:43:18,0,2024-11-07 01:43:18,,,
2024-08-29,焦炭,收盘价,1991.00,0.13%,6537,2024-08-29 00:00:00,1,0,2024-11-07 01:43:18,0,2024-11-07 01:43:18,,,
2024-08-29,焦炭,结算价,1996.00,0.15%,6538,2024-08-29 00:00:00,1,0,2024-11-07 01:43:18,0,2024-11-07 01:43:18,,,
2024-08-28,焦炭,收盘价,1988.50,-0.08%,6539,2024-08-28 00:00:00,1,0,2024-11-07 01:43:18,0,2024-11-07 01:43:18,,,
2024-08-28,焦炭,结算价,1993.00,0.91%,6540,2024-08-28 00:00:00,1,0,2024-11-07 01:43:18,0,2024-11-07 01:43:18,,,
2024-08-27,焦炭,收盘价,1990.00,0.86%,6541,2024-08-27 00:00:00,1,0,2024-11-07 01:43:18,0,2024-11-07 01:43:18,,,
2024-08-27,焦炭,结算价,1975.00,3.08%,6542,2024-08-27 00:00:00,1,0,2024-11-07 01:43:18,0,2024-11-07 01:43:18,,,
2024-08-26,焦炭,收盘价,1973.00,4.45%,6543,2024-08-26 00:00:00,1,0,2024-11-07 01:43:18,0,2024-11-07 01:43:18,,,
2024-08-26,焦炭,结算价,1916.00,0.42%,6544,2024-08-26 00:00:00,1,0,2024-11-07 01:43:18,0,2024-11-07 01:43:18,,,
2024-08-23,焦炭,收盘价,1889.00,-1.77%,6545,2024-08-23 00:00:00,1,0,2024-11-07 01:43:22,0,2024-11-07 01:43:22,,,
2024-08-23,焦炭,结算价,1908.00,-2.1%,6546,2024-08-23 00:00:00,1,0,2024-11-07 01:43:22,0,2024-11-07 01:43:22,,,
2024-08-22,焦炭,收盘价,1923.00,0.1%,6547,2024-08-22 00:00:00,1,0,2024-11-07 01:43:22,0,2024-11-07 01:43:22,,,
2024-08-22,焦炭,结算价,1949.00,3.09%,6548,2024-08-22 00:00:00,1,0,2024-11-07 01:43:22,0,2024-11-07 01:43:22,,,
2024-08-21,焦炭,收盘价,1921.00,3.14%,6549,2024-08-21 00:00:00,1,0,2024-11-07 01:43:22,0,2024-11-07 01:43:22,,,
2024-08-21,焦炭,结算价,1890.50,1.83%,6550,2024-08-21 00:00:00,1,0,2024-11-07 01:43:22,0,2024-11-07 01:43:22,,,
2024-08-20,焦炭,收盘价,1862.50,1.09%,6551,2024-08-20 00:00:00,1,0,2024-11-07 01:43:22,0,2024-11-07 01:43:22,,,
2024-08-20,焦炭,结算价,1856.50,2.09%,6552,2024-08-20 00:00:00,1,0,2024-11-07 01:43:22,0,2024-11-07 01:43:22,,,
2024-08-19,焦炭,收盘价,1842.50,0.93%,6553,2024-08-19 00:00:00,1,0,2024-11-07 01:43:22,0,2024-11-07 01:43:22,,,
2024-08-19,焦炭,结算价,1818.50,-1.68%,6554,2024-08-19 00:00:00,1,0,2024-11-07 01:43:22,0,2024-11-07 01:43:22,,,
2024-08-16,焦炭,收盘价,1825.50,-2.85%,6555,2024-08-16 00:00:00,1,0,2024-11-07 01:43:22,0,2024-11-07 01:43:22,,,
2024-08-16,焦炭,结算价,1849.50,-1.02%,6556,2024-08-16 00:00:00,1,0,2024-11-07 01:43:22,0,2024-11-07 01:43:22,,,
2024-08-15,焦炭,收盘价,1879.00,1.4%,6557,2024-08-15 00:00:00,1,0,2024-11-07 01:43:22,0,2024-11-07 01:43:22,,,
2024-08-15,焦炭,结算价,1868.50,0.62%,6558,2024-08-15 00:00:00,1,0,2024-11-07 01:43:22,0,2024-11-07 01:43:22,,,
2024-08-14,焦炭,收盘价,1853.00,-1.85%,6559,2024-08-14 00:00:00,1,0,2024-11-07 01:43:22,0,2024-11-07 01:43:22,,,
2024-08-14,焦炭,结算价,1857.00,-1.64%,6560,2024-08-14 00:00:00,1,0,2024-11-07 01:43:22,0,2024-11-07 01:43:22,,,
2024-08-13,焦炭,收盘价,1888.00,-1.28%,6561,2024-08-13 00:00:00,1,0,2024-11-07 01:43:22,0,2024-11-07 01:43:22,,,
2024-08-13,焦炭,结算价,1888.00,-2.35%,6562,2024-08-13 00:00:00,1,0,2024-11-07 01:43:22,0,2024-11-07 01:43:22,,,
2024-08-12,焦炭,收盘价,1912.50,-2.72%,6563,2024-08-12 00:00:00,1,0,2024-11-07 01:43:22,0,2024-11-07 01:43:22,,,
2024-08-12,焦炭,结算价,1933.50,-2.18%,6564,2024-08-12 00:00:00,1,0,2024-11-07 01:43:22,0,2024-11-07 01:43:22,,,
2024-08-09,焦炭,收盘价,1966.00,0.%,6565,2024-08-09 00:00:00,1,0,2024-11-07 01:43:22,0,2024-11-07 01:43:22,,,
2024-08-09,焦炭,结算价,1976.50,-0.5%,6566,2024-08-09 00:00:00,1,0,2024-11-07 01:43:22,0,2024-11-07 01:43:22,,,
2024-08-08,焦炭,收盘价,1966.00,-1.4%,6567,2024-08-08 00:00:00,1,0,2024-11-07 01:43:22,0,2024-11-07 01:43:22,,,
2024-08-08,焦炭,结算价,1986.50,-0.8%,6568,2024-08-08 00:00:00,1,0,2024-11-07 01:43:22,0,2024-11-07 01:43:22,,,
2024-08-07,焦炭,收盘价,1994.00,0.1%,6569,2024-08-07 00:00:00,1,0,2024-11-07 01:43:22,0,2024-11-07 01:43:22,,,
2024-08-07,焦炭,结算价,2002.50,-0.17%,6570,2024-08-07 00:00:00,1,0,2024-11-07 01:43:22,0,2024-11-07 01:43:22,,,
2024-08-06,焦炭,收盘价,1992.00,-0.87%,6571,2024-08-06 00:00:00,1,0,2024-11-07 01:43:22,0,2024-11-07 01:43:22,,,
2024-08-06,焦炭,结算价,2006.00,-0.3%,6572,2024-08-06 00:00:00,1,0,2024-11-07 01:43:22,0,2024-11-07 01:43:22,,,
2024-08-05,焦炭,收盘价,2009.50,-0.32%,6573,2024-08-05 00:00:00,1,0,2024-11-07 01:43:22,0,2024-11-07 01:43:22,,,
2024-08-05,焦炭,结算价,2012.00,0.47%,6574,2024-08-05 00:00:00,1,0,2024-11-07 01:43:22,0,2024-11-07 01:43:22,,,
2024-08-02,焦炭,收盘价,2016.00,0.12%,6575,2024-08-02 00:00:00,1,0,2024-11-07 01:43:25,0,2024-11-07 01:43:25,,,
2024-08-02,焦炭,结算价,2002.50,-1.11%,6576,2024-08-02 00:00:00,1,0,2024-11-07 01:43:25,0,2024-11-07 01:43:25,,,
2024-08-01,焦炭,收盘价,2013.50,-1.13%,6577,2024-08-01 00:00:00,1,0,2024-11-07 01:43:25,0,2024-11-07 01:43:25,,,
2024-08-01,焦炭,结算价,2025.00,-0.61%,6578,2024-08-01 00:00:00,1,0,2024-11-07 01:43:25,0,2024-11-07 01:43:25,,,
2024-11-07,焦炭,收盘价,2003.00,1.57%,6579,2024-11-07 00:00:00,1,0,2024-11-07 23:15:48,0,2024-11-07 23:15:48,,,
2024-11-07,焦炭,结算价,1987.00,-0.58%,6580,2024-11-07 00:00:00,1,0,2024-11-07 23:15:48,0,2024-11-07 23:15:48,,,
2024-11-08,焦炭,收盘价,1989.00,-0.7%,6581,2024-11-08 00:00:00,1,0,2024-11-08 23:16:27,0,2024-11-08 23:16:27,,,
2024-11-08,焦炭,结算价,2028.00,2.06%,6582,2024-11-08 00:00:00,1,0,2024-11-08 23:16:27,0,2024-11-08 23:16:27,,,
2024-11-11,焦炭,收盘价,1934.50,-2.74%,6583,2024-11-11 00:00:00,1,0,2024-11-11 23:17:03,0,2024-11-11 23:17:03,,,
2024-11-11,焦炭,结算价,1951.50,-3.77%,6584,2024-11-11 00:00:00,1,0,2024-11-11 23:17:03,0,2024-11-11 23:17:03,,,
2024-11-12,焦炭,收盘价,1929.50,-0.26%,6585,2024-11-12 00:00:00,1,0,2024-11-12 23:17:30,0,2024-11-12 23:17:30,,,
2024-11-12,焦炭,结算价,1927.50,-1.23%,6586,2024-11-12 00:00:00,1,0,2024-11-12 23:17:30,0,2024-11-12 23:17:30,,,
2024-11-13,焦炭,收盘价,1936.00,0.34%,6587,2024-11-13 00:00:00,1,0,2024-11-13 23:15:57,0,2024-11-13 23:15:57,,,
2024-11-13,焦炭,结算价,1942.00,0.75%,6588,2024-11-13 00:00:00,1,0,2024-11-13 23:15:57,0,2024-11-13 23:15:57,,,
2024-11-14,焦炭,收盘价,1916.50,-1.01%,6589,2024-11-14 00:00:00,1,0,2024-11-14 23:15:43,0,2024-11-14 23:15:43,,,
2024-11-14,焦炭,结算价,1921.50,-1.06%,6590,2024-11-14 00:00:00,1,0,2024-11-14 23:15:43,0,2024-11-14 23:15:43,,,
2024-11-15,焦炭,收盘价,1902.00,-0.76%,6591,2024-11-15 00:00:00,1,0,2024-11-15 23:16:43,0,2024-11-15 23:16:43,,,
2024-11-15,焦炭,结算价,1910.50,-0.57%,6592,2024-11-15 00:00:00,1,0,2024-11-15 23:16:43,0,2024-11-15 23:16:43,,,
2024-11-18,焦炭,收盘价,1923.00,1.1%,6593,2024-11-18 00:00:00,1,0,2024-11-18 23:16:02,0,2024-11-18 23:16:02,,,
2024-11-18,焦炭,结算价,1916.50,0.31%,6594,2024-11-18 00:00:00,1,0,2024-11-18 23:16:02,0,2024-11-18 23:16:02,,,
2024-11-19,焦炭,收盘价,1944.50,1.12%,6595,2024-11-19 00:00:00,1,0,2024-11-19 23:15:47,0,2024-11-19 23:15:47,,,
2024-11-19,焦炭,结算价,1929.00,0.65%,6596,2024-11-19 00:00:00,1,0,2024-11-19 23:15:47,0,2024-11-19 23:15:47,,,
2024-11-20,焦炭,收盘价,1918.50,-1.34%,6597,2024-11-20 00:00:00,1,0,2024-11-20 23:15:53,0,2024-11-20 23:15:53,,,
2024-11-20,焦炭,结算价,1926.00,-0.16%,6598,2024-11-20 00:00:00,1,0,2024-11-20 23:15:53,0,2024-11-20 23:15:53,,,
2024-11-21,焦炭,收盘价,1962.00,2.27%,6599,2024-11-21 00:00:00,1,0,2024-11-21 23:15:51,0,2024-11-21 23:15:51,,,
2024-11-21,焦炭,结算价,1936.50,0.55%,6600,2024-11-21 00:00:00,1,0,2024-11-21 23:15:51,0,2024-11-21 23:15:51,,,
2024-11-22,焦炭,收盘价,1905.00,-2.91%,6601,2024-11-22 00:00:00,1,0,2024-11-22 23:16:45,0,2024-11-22 23:16:45,,,
2024-11-22,焦炭,结算价,1931.00,-0.28%,6602,2024-11-22 00:00:00,1,0,2024-11-22 23:16:45,0,2024-11-22 23:16:45,,,
2024-11-25,焦炭,收盘价,1911.00,0.31%,6603,2024-11-25 00:00:00,1,0,2024-11-25 23:16:25,0,2024-11-25 23:16:25,,,
2024-11-25,焦炭,结算价,1918.50,-0.65%,6604,2024-11-25 00:00:00,1,0,2024-11-25 23:16:25,0,2024-11-25 23:16:25,,,
2024-11-26,焦炭,收盘价,1909.50,-0.08%,6605,2024-11-26 00:00:00,1,0,2024-11-26 23:16:07,0,2024-11-26 23:16:07,,,
2024-11-26,焦炭,结算价,1920.00,0.08%,6606,2024-11-26 00:00:00,1,0,2024-11-26 23:16:07,0,2024-11-26 23:16:07,,,
2024-11-27,焦炭,收盘价,1905.00,-0.24%,6607,2024-11-27 00:00:00,1,0,2024-11-27 23:16:02,0,2024-11-27 23:16:02,,,
2024-11-27,焦炭,结算价,1899.50,-1.07%,6608,2024-11-27 00:00:00,1,0,2024-11-27 23:16:02,0,2024-11-27 23:16:02,,,
2024-11-28,焦炭,收盘价,1865.50,-2.07%,6609,2024-11-28 00:00:00,1,0,2024-11-28 23:15:56,0,2024-11-28 23:15:56,,,
2024-11-28,焦炭,结算价,1880.00,-1.03%,6610,2024-11-28 00:00:00,1,0,2024-11-28 23:15:56,0,2024-11-28 23:15:56,,,
2024-11-29,焦炭,收盘价,1875.50,0.54%,6611,2024-11-29 00:00:00,1,0,2024-11-29 23:16:32,0,2024-11-29 23:16:32,,,
2024-11-29,焦炭,结算价,1878.50,-0.08%,6612,2024-11-29 00:00:00,1,0,2024-11-29 23:16:32,0,2024-11-29 23:16:32,,,
2024-12-02,焦炭,收盘价,1867.00,-0.45%,6613,2024-12-02 00:00:00,1,0,2024-12-02 23:17:28,0,2024-12-02 23:17:28,,,
2024-12-02,焦炭,结算价,1874.00,-0.24%,6614,2024-12-02 00:00:00,1,0,2024-12-02 23:17:28,0,2024-12-02 23:17:28,,,
2024-12-03,焦炭,收盘价,1858.50,-0.46%,6615,2024-12-03 00:00:00,1,0,2024-12-03 23:15:54,0,2024-12-03 23:15:54,,,
2024-12-03,焦炭,结算价,1866.00,-0.43%,6616,2024-12-03 00:00:00,1,0,2024-12-03 23:15:54,0,2024-12-03 23:15:54,,,
2024-12-04,焦炭,收盘价,1828.00,-1.64%,6617,2024-12-04 00:00:00,1,0,2024-12-04 23:16:07,0,2024-12-04 23:16:07,,,
2024-12-04,焦炭,结算价,1828.50,-2.01%,6618,2024-12-04 00:00:00,1,0,2024-12-04 23:16:07,0,2024-12-04 23:16:07,,,
2024-12-05,焦炭,收盘价,1811.00,-0.93%,6619,2024-12-05 00:00:00,1,0,2024-12-05 23:17:00,0,2024-12-05 23:17:00,,,
2024-12-05,焦炭,结算价,1833.50,0.27%,6620,2024-12-05 00:00:00,1,0,2024-12-05 23:17:00,0,2024-12-05 23:17:00,,,
2024-12-06,焦炭,收盘价,1811.50,0.03%,6621,2024-12-06 00:00:00,1,0,2024-12-06 23:17:03,0,2024-12-06 23:17:03,,,
2024-12-06,焦炭,结算价,1810.50,-1.25%,6622,2024-12-06 00:00:00,1,0,2024-12-06 23:17:03,0,2024-12-06 23:17:03,,,
2024-12-09,焦炭,收盘价,1800.50,-0.61%,6623,2024-12-09 00:00:00,1,0,2024-12-09 23:17:19,0,2024-12-09 23:17:19,,,
2024-12-09,焦炭,结算价,1804.50,-0.33%,6624,2024-12-09 00:00:00,1,0,2024-12-09 23:17:19,0,2024-12-09 23:17:19,,,
2024-12-10,焦炭,收盘价,1860.50,3.33%,6625,2024-12-10 00:00:00,1,0,2024-12-10 23:15:34,0,2024-12-10 23:15:34,,,
2024-12-10,焦炭,结算价,1875.00,3.91%,6626,2024-12-10 00:00:00,1,0,2024-12-10 23:15:34,0,2024-12-10 23:15:34,,,
2024-12-11,焦炭,收盘价,1895.00,1.85%,6627,2024-12-11 00:00:00,1,0,2024-12-11 23:16:06,0,2024-12-11 23:16:06,,,
2024-12-11,焦炭,结算价,1875.00,0.%,6628,2024-12-11 00:00:00,1,0,2024-12-11 23:16:06,0,2024-12-11 23:16:06,,,
2024-12-12,焦炭,收盘价,1904.00,0.47%,6629,2024-12-12 00:00:00,1,0,2024-12-12 23:15:58,0,2024-12-12 23:15:58,,,
2024-12-12,焦炭,结算价,1894.00,1.01%,6630,2024-12-12 00:00:00,1,0,2024-12-12 23:15:58,0,2024-12-12 23:15:58,,,
2024-12-13,焦炭,收盘价,1835.00,-3.62%,6631,2024-12-13 00:00:00,1,0,2024-12-13 23:16:20,0,2024-12-13 23:16:20,,,
2024-12-13,焦炭,结算价,1856.50,-1.98%,6632,2024-12-13 00:00:00,1,0,2024-12-13 23:16:20,0,2024-12-13 23:16:20,,,
2024-12-16,焦炭,收盘价,1815.00,-1.09%,6633,2024-12-16 00:00:00,1,0,2024-12-16 23:17:21,0,2024-12-16 23:17:21,,,
2024-12-16,焦炭,结算价,1818.00,-2.07%,6634,2024-12-16 00:00:00,1,0,2024-12-16 23:17:21,0,2024-12-16 23:17:21,,,
2024-12-17,焦炭,收盘价,1880.00,3.58%,6635,2024-12-17 00:00:00,1,0,2024-12-17 23:15:44,0,2024-12-17 23:15:44,,,
2024-12-17,焦炭,结算价,1891.00,4.02%,6636,2024-12-17 00:00:00,1,0,2024-12-17 23:15:44,0,2024-12-17 23:15:44,,,
2024-12-18,焦炭,收盘价,1833.50,-2.47%,6637,2024-12-18 00:00:00,1,0,2024-12-18 23:16:48,0,2024-12-18 23:16:48,,,
2024-12-18,焦炭,结算价,1856.50,-1.82%,6638,2024-12-18 00:00:00,1,0,2024-12-18 23:16:48,0,2024-12-18 23:16:48,,,
2024-12-20,焦炭,收盘价,1820.00,-0.41%,6639,2024-12-20 00:00:00,1,0,2024-12-20 23:16:54,0,2024-12-20 23:16:54,,,
2024-12-20,焦炭,结算价,1845.50,1.18%,6640,2024-12-20 00:00:00,1,0,2024-12-20 23:16:54,0,2024-12-20 23:16:54,,,
2024-12-19,焦炭,收盘价,1827.50,-0.33%,6641,2024-12-19 00:00:00,1,0,2024-12-20 23:16:54,0,2024-12-20 23:16:54,,,
2024-12-19,焦炭,结算价,1824.00,-1.75%,6642,2024-12-19 00:00:00,1,0,2024-12-20 23:16:54,0,2024-12-20 23:16:54,,,
2024-12-23,焦炭,收盘价,1825.00,0.27%,6643,2024-12-23 00:00:00,1,0,2024-12-23 23:15:42,0,2024-12-23 23:15:42,,,
2024-12-23,焦炭,结算价,1818.50,-1.46%,6644,2024-12-23 00:00:00,1,0,2024-12-23 23:15:42,0,2024-12-23 23:15:42,,,
2024-12-24,焦炭,收盘价,1824.50,-0.03%,6645,2024-12-24 00:00:00,1,0,2024-12-24 23:16:37,0,2024-12-24 23:16:37,,,
2024-12-24,焦炭,结算价,1810.00,-0.47%,6646,2024-12-24 00:00:00,1,0,2024-12-24 23:16:37,0,2024-12-24 23:16:37,,,
2024-12-25,焦炭,收盘价,1817.50,-0.38%,6647,2024-12-25 00:00:00,1,0,2024-12-25 23:15:42,0,2024-12-25 23:15:42,,,
2024-12-25,焦炭,结算价,1819.00,0.5%,6648,2024-12-25 00:00:00,1,0,2024-12-25 23:15:42,0,2024-12-25 23:15:42,,,
2024-12-26,焦炭,收盘价,1805.50,-0.66%,6649,2024-12-26 00:00:00,1,0,2024-12-26 23:15:47,0,2024-12-26 23:15:47,,,
2024-12-26,焦炭,结算价,1816.50,-0.14%,6650,2024-12-26 00:00:00,1,0,2024-12-26 23:15:47,0,2024-12-26 23:15:47,,,
2024-12-27,焦炭,收盘价,1780.00,-1.41%,6651,2024-12-27 00:00:00,1,0,2024-12-27 23:16:15,0,2024-12-27 23:16:15,,,
2024-12-27,焦炭,结算价,1784.50,-1.76%,6652,2024-12-27 00:00:00,1,0,2024-12-27 23:16:15,0,2024-12-27 23:16:15,,,
2024-12-30,焦炭,收盘价,1798.50,1.04%,6653,2024-12-30 00:00:00,1,0,2024-12-30 23:17:20,0,2024-12-30 23:17:20,,,
2024-12-30,焦炭,结算价,1786.50,0.11%,6654,2024-12-30 00:00:00,1,0,2024-12-30 23:17:20,0,2024-12-30 23:17:20,,,
2024-12-31,焦炭,收盘价,1812.00,0.75%,6655,2024-12-31 00:00:00,1,0,2024-12-31 23:15:55,0,2024-12-31 23:15:55,,,
2024-12-31,焦炭,结算价,1817.50,1.74%,6656,2024-12-31 00:00:00,1,0,2024-12-31 23:15:55,0,2024-12-31 23:15:55,,,
2025-01-02,焦炭,收盘价,1825.00,0.72%,6657,2025-01-02 00:00:00,1,0,2025-01-02 23:15:43,0,2025-01-02 23:15:43,,,
2025-01-02,焦炭,结算价,1821.50,0.22%,6658,2025-01-02 00:00:00,1,0,2025-01-02 23:15:43,0,2025-01-02 23:15:43,,,
2025-01-03,焦炭,收盘价,1760.50,-3.53%,6659,2025-01-03 00:00:00,1,0,2025-01-03 23:16:29,0,2025-01-03 23:16:29,,,
2025-01-03,焦炭,结算价,1783.00,-2.11%,6660,2025-01-03 00:00:00,1,0,2025-01-03 23:16:29,0,2025-01-03 23:16:29,,,
2025-01-06,焦炭,收盘价,1745.50,-0.85%,6661,2025-01-06 00:00:00,1,0,2025-01-06 23:16:19,0,2025-01-06 23:16:19,,,
2025-01-06,焦炭,结算价,1758.00,-1.4%,6662,2025-01-06 00:00:00,1,0,2025-01-06 23:16:19,0,2025-01-06 23:16:19,,,
2025-01-07,焦炭,收盘价,1722.50,-1.32%,6663,2025-01-07 00:00:00,1,0,2025-01-07 23:15:54,0,2025-01-07 23:15:54,,,
2025-01-07,焦炭,结算价,1735.50,-1.28%,6664,2025-01-07 00:00:00,1,0,2025-01-07 23:15:54,0,2025-01-07 23:15:54,,,
2025-01-08,焦炭,收盘价,1690.00,-1.89%,6665,2025-01-08 00:00:00,1,0,2025-01-08 23:15:38,0,2025-01-08 23:15:38,,,
2025-01-08,焦炭,结算价,1710.50,-1.44%,6666,2025-01-08 00:00:00,1,0,2025-01-08 23:15:38,0,2025-01-08 23:15:38,,,
2025-01-09,焦炭,收盘价,1697.00,0.41%,6667,2025-01-09 00:00:00,1,0,2025-01-09 23:15:56,0,2025-01-09 23:15:56,,,
2025-01-09,焦炭,结算价,1692.00,-1.08%,6668,2025-01-09 00:00:00,1,0,2025-01-09 23:15:56,0,2025-01-09 23:15:56,,,
2025-01-10,焦炭,收盘价,1681.50,-0.91%,6669,2025-01-10 00:00:00,1,0,2025-01-10 23:16:25,0,2025-01-10 23:16:25,,,
2025-01-10,焦炭,结算价,1686.50,-0.33%,6670,2025-01-10 00:00:00,1,0,2025-01-10 23:16:25,0,2025-01-10 23:16:25,,,
2025-01-13,焦炭,收盘价,1725.00,2.59%,6671,2025-01-13 00:00:00,1,0,2025-01-13 23:16:06,0,2025-01-13 23:16:06,,,
2025-01-13,焦炭,结算价,1715.00,1.69%,6672,2025-01-13 00:00:00,1,0,2025-01-13 23:16:06,0,2025-01-13 23:16:06,,,
2025-01-14,焦炭,收盘价,1730.50,0.32%,6673,2025-01-14 00:00:00,1,0,2025-01-14 23:16:40,0,2025-01-14 23:16:40,,,
2025-01-14,焦炭,结算价,1724.50,0.55%,6674,2025-01-14 00:00:00,1,0,2025-01-14 23:16:40,0,2025-01-14 23:16:40,,,
2025-01-15,焦炭,收盘价,1735.50,0.29%,6675,2025-01-15 00:00:00,1,0,2025-01-15 23:17:13,0,2025-01-15 23:17:13,,,
2025-01-15,焦炭,结算价,1727.00,0.14%,6676,2025-01-15 00:00:00,1,0,2025-01-15 23:17:13,0,2025-01-15 23:17:13,,,
2025-01-16,焦炭,收盘价,1786.50,2.94%,6677,2025-01-16 00:00:00,1,0,2025-01-16 23:15:18,0,2025-01-16 23:15:18,,,
2025-01-16,焦炭,结算价,1767.00,2.32%,6678,2025-01-16 00:00:00,1,0,2025-01-16 23:15:18,0,2025-01-16 23:15:18,,,
2025-01-17,焦炭,收盘价,1798.00,0.64%,6679,2025-01-17 00:00:00,1,0,2025-01-17 23:16:26,0,2025-01-17 23:16:26,,,
2025-01-17,焦炭,结算价,1791.00,1.36%,6680,2025-01-17 00:00:00,1,0,2025-01-17 23:16:26,0,2025-01-17 23:16:26,,,
2025-01-20,焦炭,收盘价,1748.00,-2.78%,6681,2025-01-20 00:00:00,1,0,2025-01-20 23:16:46,0,2025-01-20 23:16:46,,,
2025-01-20,焦炭,结算价,1767.00,-1.34%,6682,2025-01-20 00:00:00,1,0,2025-01-20 23:16:46,0,2025-01-20 23:16:46,,,
2025-01-21,焦炭,收盘价,1770.00,1.26%,6683,2025-01-21 00:00:00,1,0,2025-01-21 23:15:24,0,2025-01-21 23:15:24,,,
2025-01-21,焦炭,结算价,1765.50,-0.08%,6684,2025-01-21 00:00:00,1,0,2025-01-21 23:15:24,0,2025-01-21 23:15:24,,,
2025-01-23,焦炭,收盘价,1751.00,-0.45%,6685,2025-01-23 00:00:00,1,0,2025-01-23 23:15:34,0,2025-01-23 23:15:34,,,
2025-01-23,焦炭,结算价,1781.00,1.86%,6686,2025-01-23 00:00:00,1,0,2025-01-23 23:15:34,0,2025-01-23 23:15:34,,,
2025-01-22,焦炭,收盘价,1759.00,-0.62%,6687,2025-01-22 00:00:00,1,0,2025-01-23 23:15:34,0,2025-01-23 23:15:34,,,
2025-01-22,焦炭,结算价,1748.50,-0.96%,6688,2025-01-22 00:00:00,1,0,2025-01-23 23:15:34,0,2025-01-23 23:15:34,,,
2025-01-24,焦炭,收盘价,1764.50,0.77%,6689,2025-01-24 00:00:00,1,0,2025-01-24 23:16:22,0,2025-01-24 23:16:22,,,
2025-01-24,焦炭,结算价,1746.00,-1.97%,6690,2025-01-24 00:00:00,1,0,2025-01-24 23:16:22,0,2025-01-24 23:16:22,,,
2025-01-27,焦炭,收盘价,1785.00,1.16%,6691,2025-01-27 00:00:00,1,0,2025-02-04 23:16:32,0,2025-02-04 23:16:32,,,
2025-01-27,焦炭,结算价,1775.50,1.69%,6692,2025-01-27 00:00:00,1,0,2025-02-04 23:16:32,0,2025-02-04 23:16:32,,,
2025-02-05,焦炭,收盘价,1712.00,-4.09%,6693,2025-02-05 00:00:00,1,0,2025-02-05 23:15:49,0,2025-02-05 23:15:49,,,
2025-02-05,焦炭,结算价,1732.00,-2.45%,6694,2025-02-05 00:00:00,1,0,2025-02-05 23:15:49,0,2025-02-05 23:15:49,,,
2025-02-06,焦炭,收盘价,1745.50,1.96%,6695,2025-02-06 00:00:00,1,0,2025-02-06 23:15:29,0,2025-02-06 23:15:29,,,
2025-02-06,焦炭,结算价,1735.00,0.17%,6696,2025-02-06 00:00:00,1,0,2025-02-06 23:15:29,0,2025-02-06 23:15:29,,,
2025-02-07,焦炭,收盘价,1786.50,2.35%,6697,2025-02-07 00:00:00,1,0,2025-02-07 23:16:08,0,2025-02-07 23:16:08,,,
2025-02-07,焦炭,结算价,1776.50,2.39%,6698,2025-02-07 00:00:00,1,0,2025-02-07 23:16:08,0,2025-02-07 23:16:08,,,
2025-02-10,焦炭,收盘价,1746.00,-2.27%,6699,2025-02-10 00:00:00,1,0,2025-02-10 23:16:26,0,2025-02-10 23:16:26,,,
2025-02-10,焦炭,结算价,1753.50,-1.29%,6700,2025-02-10 00:00:00,1,0,2025-02-10 23:16:26,0,2025-02-10 23:16:26,,,
2025-02-11,焦炭,收盘价,1727.00,-1.09%,6701,2025-02-11 00:00:00,1,0,2025-02-11 23:15:42,0,2025-02-11 23:15:42,,,
2025-02-11,焦炭,结算价,1732.00,-1.23%,6702,2025-02-11 00:00:00,1,0,2025-02-11 23:15:42,0,2025-02-11 23:15:42,,,
2025-02-12,焦炭,收盘价,1722.00,-0.29%,6703,2025-02-12 00:00:00,1,0,2025-02-12 23:15:52,0,2025-02-12 23:15:52,,,
2025-02-12,焦炭,结算价,1720.50,-0.66%,6704,2025-02-12 00:00:00,1,0,2025-02-12 23:15:52,0,2025-02-12 23:15:52,,,
2025-02-13,焦炭,收盘价,1692.50,-1.71%,6705,2025-02-13 00:00:00,1,0,2025-02-13 23:15:32,0,2025-02-13 23:15:32,,,
2025-02-13,焦炭,结算价,1705.50,-0.87%,6706,2025-02-13 00:00:00,1,0,2025-02-13 23:15:32,0,2025-02-13 23:15:32,,,
2025-02-14,焦炭,收盘价,1681.50,-0.65%,6707,2025-02-14 00:00:00,1,0,2025-02-14 23:16:40,0,2025-02-14 23:16:40,,,
2025-02-14,焦炭,结算价,1688.00,-1.03%,6708,2025-02-14 00:00:00,1,0,2025-02-14 23:16:40,0,2025-02-14 23:16:40,,,
2025-02-17,焦炭,收盘价,1692.50,0.65%,6709,2025-02-17 00:00:00,1,0,2025-02-17 23:15:51,0,2025-02-17 23:15:51,,,
2025-02-17,焦炭,结算价,1677.00,-0.65%,6710,2025-02-17 00:00:00,1,0,2025-02-17 23:15:51,0,2025-02-17 23:15:51,,,
2025-02-18,焦炭,收盘价,1704.00,0.68%,6711,2025-02-18 00:00:00,1,0,2025-02-18 23:15:37,0,2025-02-18 23:15:37,,,
2025-02-18,焦炭,结算价,1694.00,1.01%,6712,2025-02-18 00:00:00,1,0,2025-02-18 23:15:37,0,2025-02-18 23:15:37,,,
2025-02-19,焦炭,收盘价,1697.50,-0.38%,6713,2025-02-19 00:00:00,1,0,2025-02-19 23:17:11,0,2025-02-19 23:17:11,,,
2025-02-19,焦炭,结算价,1697.50,0.21%,6714,2025-02-19 00:00:00,1,0,2025-02-19 23:17:11,0,2025-02-19 23:17:11,,,
2025-02-20,焦炭,收盘价,1742.00,2.62%,6715,2025-02-20 00:00:00,1,0,2025-02-20 23:16:01,0,2025-02-20 23:16:01,,,
2025-02-20,焦炭,结算价,1719.50,1.3%,6716,2025-02-20 00:00:00,1,0,2025-02-20 23:16:01,0,2025-02-20 23:16:01,,,
2025-02-21,焦炭,收盘价,1750.00,0.46%,6717,2025-02-21 00:00:00,1,0,2025-02-21 23:16:15,0,2025-02-21 23:16:15,,,
2025-02-21,焦炭,结算价,1746.00,1.54%,6718,2025-02-21 00:00:00,1,0,2025-02-21 23:16:15,0,2025-02-21 23:16:15,,,
2025-02-24,焦炭,收盘价,1695.50,-3.11%,6719,2025-02-24 00:00:00,1,0,2025-02-24 23:16:51,0,2025-02-24 23:16:51,,,
2025-02-24,焦炭,结算价,1710.50,-2.03%,6720,2025-02-24 00:00:00,1,0,2025-02-24 23:16:51,0,2025-02-24 23:16:51,,,
2025-02-25,焦炭,收盘价,1672.00,-1.39%,6721,2025-02-25 00:00:00,1,0,2025-02-25 23:15:49,0,2025-02-25 23:15:49,,,
2025-02-25,焦炭,结算价,1681.50,-1.7%,6722,2025-02-25 00:00:00,1,0,2025-02-25 23:15:49,0,2025-02-25 23:15:49,,,
2025-02-26,焦炭,收盘价,1665.50,-0.39%,6723,2025-02-26 00:00:00,1,0,2025-02-26 23:15:38,0,2025-02-26 23:15:38,,,
2025-02-26,焦炭,结算价,1669.50,-0.71%,6724,2025-02-26 00:00:00,1,0,2025-02-26 23:15:38,0,2025-02-26 23:15:38,,,
2025-02-27,焦炭,收盘价,1682.00,0.99%,6725,2025-02-27 00:00:00,1,0,2025-02-27 23:15:16,0,2025-02-27 23:15:16,,,
2025-02-27,焦炭,结算价,1671.00,0.09%,6726,2025-02-27 00:00:00,1,0,2025-02-27 23:15:16,0,2025-02-27 23:15:16,,,
2025-02-28,焦炭,收盘价,1684.00,0.12%,6727,2025-02-28 00:00:00,1,0,2025-02-28 23:16:24,0,2025-02-28 23:16:24,,,
2025-02-28,焦炭,结算价,1677.50,0.39%,6728,2025-02-28 00:00:00,1,0,2025-02-28 23:16:24,0,2025-02-28 23:16:24,,,
2025-03-03,焦炭,收盘价,1681.50,-0.15%,6729,2025-03-03 00:00:00,1,0,2025-03-03 23:16:38,0,2025-03-03 23:16:38,,,
2025-03-03,焦炭,结算价,1695.50,1.07%,6730,2025-03-03 00:00:00,1,0,2025-03-03 23:16:38,0,2025-03-03 23:16:38,,,
2025-03-04,焦炭,收盘价,1666.00,-0.92%,6731,2025-03-04 00:00:00,1,0,2025-03-04 23:15:47,0,2025-03-04 23:15:47,,,
2025-03-04,焦炭,结算价,1675.50,-1.18%,6732,2025-03-04 00:00:00,1,0,2025-03-04 23:15:47,0,2025-03-04 23:15:47,,,
2025-03-05,焦炭,收盘价,1631.00,-2.1%,6733,2025-03-05 00:00:00,1,0,2025-03-05 23:15:53,0,2025-03-05 23:15:53,,,
2025-03-05,焦炭,结算价,1647.50,-1.67%,6734,2025-03-05 00:00:00,1,0,2025-03-05 23:15:53,0,2025-03-05 23:15:53,,,
2025-03-06,焦炭,收盘价,1638.00,0.43%,6735,2025-03-06 00:00:00,1,0,2025-03-06 23:15:37,0,2025-03-06 23:15:37,,,
2025-03-06,焦炭,结算价,1639.00,-0.52%,6736,2025-03-06 00:00:00,1,0,2025-03-06 23:15:37,0,2025-03-06 23:15:37,,,
2025-03-07,焦炭,收盘价,1657.00,1.16%,6737,2025-03-07 00:00:00,1,0,2025-03-07 23:22:26,0,2025-03-07 23:22:26,,,
2025-03-07,焦炭,结算价,1651.00,0.73%,6738,2025-03-07 00:00:00,1,0,2025-03-07 23:22:26,0,2025-03-07 23:22:26,,,
2025-03-10,焦炭,收盘价,1618.50,-2.32%,6739,2025-03-10 00:00:00,1,0,2025-03-10 23:17:12,0,2025-03-10 23:17:12,,,
2025-03-10,焦炭,结算价,1643.00,-0.48%,6740,2025-03-10 00:00:00,1,0,2025-03-10 23:17:12,0,2025-03-10 23:17:12,,,
2025-03-12,焦炭,收盘价,1625.00,0.18%,6741,2025-03-12 00:00:00,1,0,2025-03-12 23:16:06,0,2025-03-12 23:16:06,,,
2025-03-12,焦炭,结算价,1624.00,0.%,6742,2025-03-12 00:00:00,1,0,2025-03-12 23:16:06,0,2025-03-12 23:16:06,,,
2025-03-11,焦炭,收盘价,1622.00,0.22%,6743,2025-03-11 00:00:00,1,0,2025-03-12 23:16:06,0,2025-03-12 23:16:06,,,
2025-03-11,焦炭,结算价,1624.00,-1.16%,6744,2025-03-11 00:00:00,1,0,2025-03-12 23:16:06,0,2025-03-12 23:16:06,,,
2025-03-13,焦炭,收盘价,1655.00,1.85%,6745,2025-03-13 00:00:00,1,0,2025-03-13 23:15:36,0,2025-03-13 23:15:36,,,
2025-03-13,焦炭,结算价,1642.00,1.11%,6746,2025-03-13 00:00:00,1,0,2025-03-13 23:15:36,0,2025-03-13 23:15:36,,,
2025-03-14,焦炭,收盘价,1642.50,-0.76%,6747,2025-03-14 00:00:00,1,0,2025-03-14 23:07:08,0,2025-03-14 23:07:08,,,
2025-03-14,焦炭,结算价,1634.50,-0.46%,6748,2025-03-14 00:00:00,1,0,2025-03-14 23:07:08,0,2025-03-14 23:07:08,,,
2025-03-17,焦炭,收盘价,1614.50,-1.7%,6749,2025-03-17 00:00:00,1,0,2025-03-17 23:16:03,0,2025-03-17 23:16:03,,,
2025-03-17,焦炭,结算价,1621.50,-0.8%,6750,2025-03-17 00:00:00,1,0,2025-03-17 23:16:03,0,2025-03-17 23:16:03,,,
2025-03-18,焦炭,收盘价,1605.00,-0.59%,6751,2025-03-18 00:00:00,1,0,2025-03-18 23:16:49,0,2025-03-18 23:16:49,,,
2025-03-18,焦炭,结算价,1606.00,-0.96%,6752,2025-03-18 00:00:00,1,0,2025-03-18 23:16:49,0,2025-03-18 23:16:49,,,
2025-03-19,焦炭,收盘价,1563.00,-2.62%,6753,2025-03-19 00:00:00,1,0,2025-03-19 23:15:50,0,2025-03-19 23:15:50,,,
2025-03-19,焦炭,结算价,1578.50,-1.71%,6754,2025-03-19 00:00:00,1,0,2025-03-19 23:15:50,0,2025-03-19 23:15:50,,,
2025-03-20,焦炭,收盘价,1560.00,-0.19%,6755,2025-03-20 00:00:00,1,0,2025-03-20 23:15:42,0,2025-03-20 23:15:42,,,
2025-03-20,焦炭,结算价,1563.50,-0.95%,6756,2025-03-20 00:00:00,1,0,2025-03-20 23:15:42,0,2025-03-20 23:15:42,,,
2025-03-21,焦炭,收盘价,1536.00,-1.54%,6757,2025-03-21 00:00:00,1,0,2025-03-22 23:02:22,0,2025-03-22 23:02:22,,,
2025-03-21,焦炭,结算价,1549.50,-0.9%,6758,2025-03-21 00:00:00,1,0,2025-03-22 23:02:22,0,2025-03-22 23:02:22,,,
2025-03-24,焦炭,收盘价,1595.50,3.87%,6759,2025-03-24 00:00:00,1,0,2025-03-24 23:15:58,0,2025-03-24 23:15:58,,,
2025-03-24,焦炭,结算价,1569.00,1.26%,6760,2025-03-24 00:00:00,1,0,2025-03-24 23:15:58,0,2025-03-24 23:15:58,,,
2025-03-25,焦炭,收盘价,1592.00,-0.22%,6761,2025-03-25 00:00:00,1,0,2025-03-25 23:15:30,0,2025-03-25 23:15:30,,,
2025-03-25,焦炭,结算价,1594.00,1.59%,6762,2025-03-25 00:00:00,1,0,2025-03-25 23:15:30,0,2025-03-25 23:15:30,,,
2025-03-26,焦炭,收盘价,1615.50,1.48%,6763,2025-03-26 00:00:00,1,0,2025-03-26 23:16:27,0,2025-03-26 23:16:27,,,
2025-03-26,焦炭,结算价,1612.50,1.16%,6764,2025-03-26 00:00:00,1,0,2025-03-26 23:16:27,0,2025-03-26 23:16:27,,,
2025-03-27,焦炭,收盘价,1637.50,1.36%,6765,2025-03-27 00:00:00,1,0,2025-03-27 23:15:27,0,2025-03-27 23:15:27,,,
2025-03-27,焦炭,结算价,1630.50,1.12%,6766,2025-03-27 00:00:00,1,0,2025-03-27 23:15:27,0,2025-03-27 23:15:27,,,
2025-03-28,焦炭,收盘价,1617.50,-1.22%,6767,2025-03-28 00:00:00,1,0,2025-03-28 23:16:27,0,2025-03-28 23:16:27,,,
2025-03-28,焦炭,结算价,1618.00,-0.77%,6768,2025-03-28 00:00:00,1,0,2025-03-28 23:16:27,0,2025-03-28 23:16:27,,,
2025-03-31,焦炭,收盘价,1582.50,-2.16%,6769,2025-03-31 00:00:00,1,0,2025-03-31 23:15:51,0,2025-03-31 23:15:51,,,
2025-03-31,焦炭,结算价,1588.50,-1.82%,6770,2025-03-31 00:00:00,1,0,2025-03-31 23:15:51,0,2025-03-31 23:15:51,,,
2025-04-01,焦炭,收盘价,1648.00,4.14%,6771,2025-04-01 00:00:00,1,0,2025-04-01 23:15:54,0,2025-04-01 23:15:54,,,
2025-04-01,焦炭,结算价,1626.00,2.36%,6772,2025-04-01 00:00:00,1,0,2025-04-01 23:15:54,0,2025-04-01 23:15:54,,,
2025-04-02,焦炭,收盘价,1636.50,-0.7%,6773,2025-04-02 00:00:00,1,0,2025-04-02 23:15:33,0,2025-04-02 23:15:33,,,
2025-04-02,焦炭,结算价,1639.00,0.8%,6774,2025-04-02 00:00:00,1,0,2025-04-02 23:15:33,0,2025-04-02 23:15:33,,,
2025-04-03,焦炭,收盘价,1628.50,-0.49%,6775,2025-04-03 00:00:00,1,0,2025-04-03 23:15:07,0,2025-04-03 23:15:07,,,
2025-04-03,焦炭,结算价,1630.00,-0.55%,6776,2025-04-03 00:00:00,1,0,2025-04-03 23:15:07,0,2025-04-03 23:15:07,,,
2025-04-07,焦炭,收盘价,1594.00,-2.12%,6777,2025-04-07 00:00:00,1,0,2025-04-07 23:17:13,0,2025-04-07 23:17:13,,,
2025-04-07,焦炭,结算价,1592.00,-2.33%,6778,2025-04-07 00:00:00,1,0,2025-04-07 23:17:13,0,2025-04-07 23:17:13,,,
2025-04-08,焦炭,收盘价,1527.00,-4.2%,6779,2025-04-08 00:00:00,1,0,2025-04-08 23:15:38,0,2025-04-08 23:15:38,,,
2025-04-08,焦炭,结算价,1574.50,-1.1%,6780,2025-04-08 00:00:00,1,0,2025-04-08 23:15:38,0,2025-04-08 23:15:38,,,
2025-04-09,焦炭,收盘价,1523.50,-0.23%,6781,2025-04-09 00:00:00,1,0,2025-04-09 23:15:59,0,2025-04-09 23:15:59,,,
2025-04-09,焦炭,结算价,1521.50,-3.37%,6782,2025-04-09 00:00:00,1,0,2025-04-09 23:15:59,0,2025-04-09 23:15:59,,,
2025-04-10,焦炭,收盘价,1550.50,1.77%,6783,2025-04-10 00:00:00,1,0,2025-04-10 23:15:51,0,2025-04-10 23:15:51,,,
2025-04-10,焦炭,结算价,1544.00,1.48%,6784,2025-04-10 00:00:00,1,0,2025-04-10 23:15:51,0,2025-04-10 23:15:51,,,
2025-04-11,焦炭,收盘价,1522.00,-1.84%,6785,2025-04-11 00:00:00,1,0,2025-04-11 23:16:25,0,2025-04-11 23:16:25,,,
2025-04-11,焦炭,结算价,1529.50,-0.94%,6786,2025-04-11 00:00:00,1,0,2025-04-11 23:16:25,0,2025-04-11 23:16:25,,,
2025-04-14,焦炭,收盘价,1548.00,1.71%,6787,2025-04-14 00:00:00,1,0,2025-04-14 23:15:46,0,2025-04-14 23:15:46,,,
2025-04-14,焦炭,结算价,1536.00,0.42%,6788,2025-04-14 00:00:00,1,0,2025-04-14 23:15:46,0,2025-04-14 23:15:46,,,
2025-04-15,焦炭,收盘价,1567.00,1.23%,6789,2025-04-15 00:00:00,1,0,2025-04-15 23:16:15,0,2025-04-15 23:16:15,,,
2025-04-15,焦炭,结算价,1554.50,1.2%,6790,2025-04-15 00:00:00,1,0,2025-04-15 23:16:15,0,2025-04-15 23:16:15,,,
2025-04-16,焦炭,收盘价,1566.00,-0.06%,6791,2025-04-16 00:00:00,1,0,2025-04-16 23:15:47,0,2025-04-16 23:15:47,,,
2025-04-16,焦炭,结算价,1575.50,1.35%,6792,2025-04-16 00:00:00,1,0,2025-04-16 23:15:47,0,2025-04-16 23:15:47,,,
2025-04-17,焦炭,收盘价,1555.50,-0.67%,6793,2025-04-17 00:00:00,1,0,2025-04-17 23:15:37,0,2025-04-17 23:15:37,,,
2025-04-17,焦炭,结算价,1569.00,-0.41%,6794,2025-04-17 00:00:00,1,0,2025-04-17 23:15:37,0,2025-04-17 23:15:37,,,
2025-04-18,焦炭,收盘价,1552.50,-0.19%,6795,2025-04-18 00:00:00,1,0,2025-04-18 23:16:50,0,2025-04-18 23:16:50,,,
2025-04-18,焦炭,结算价,1554.50,-0.92%,6796,2025-04-18 00:00:00,1,0,2025-04-18 23:16:50,0,2025-04-18 23:16:50,,,
2025-04-21,焦炭,收盘价,1574.00,1.38%,6797,2025-04-21 00:00:00,1,0,2025-04-21 23:16:52,0,2025-04-21 23:16:52,,,
2025-04-21,焦炭,结算价,1559.00,0.29%,6798,2025-04-21 00:00:00,1,0,2025-04-21 23:16:52,0,2025-04-21 23:16:52,,,
2025-04-22,焦炭,收盘价,1530.50,-2.76%,6799,2025-04-22 00:00:00,1,0,2025-04-22 23:15:43,0,2025-04-22 23:15:43,,,
2025-04-22,焦炭,结算价,1546.50,-0.8%,6800,2025-04-22 00:00:00,1,0,2025-04-22 23:15:43,0,2025-04-22 23:15:43,,,
2025-04-23,焦炭,收盘价,1595.00,4.21%,6801,2025-04-23 00:00:00,1,0,2025-04-23 23:15:45,0,2025-04-23 23:15:45,,,
2025-04-23,焦炭,结算价,1566.00,1.26%,6802,2025-04-23 00:00:00,1,0,2025-04-23 23:15:45,0,2025-04-23 23:15:45,,,
2025-04-24,焦炭,收盘价,1590.50,-0.28%,6803,2025-04-24 00:00:00,1,0,2025-04-24 23:15:43,0,2025-04-24 23:15:43,,,
2025-04-24,焦炭,结算价,1586.50,1.31%,6804,2025-04-24 00:00:00,1,0,2025-04-24 23:15:43,0,2025-04-24 23:15:43,,,
2025-04-25,焦炭,收盘价,1566.00,-1.54%,6805,2025-04-25 00:00:00,1,0,2025-04-25 23:16:45,0,2025-04-25 23:16:45,,,
2025-04-25,焦炭,结算价,1581.00,-0.35%,6806,2025-04-25 00:00:00,1,0,2025-04-25 23:16:45,0,2025-04-25 23:16:45,,,
2025-04-28,焦炭,收盘价,1562.00,-0.26%,6807,2025-04-28 00:00:00,1,0,2025-04-28 23:16:26,0,2025-04-28 23:16:26,,,
2025-04-28,焦炭,结算价,1569.00,-0.76%,6808,2025-04-28 00:00:00,1,0,2025-04-28 23:16:26,0,2025-04-28 23:16:26,,,
2025-04-29,焦炭,收盘价,1553.00,-0.58%,6809,2025-04-29 00:00:00,1,0,2025-04-29 23:15:32,0,2025-04-29 23:15:32,,,
2025-04-29,焦炭,结算价,1553.00,-1.02%,6810,2025-04-29 00:00:00,1,0,2025-04-29 23:15:32,0,2025-04-29 23:15:32,,,
2025-04-30,焦炭,收盘价,1538.00,-0.97%,6811,2025-04-30 00:00:00,1,0,2025-05-05 23:16:28,0,2025-05-05 23:16:28,,,
2025-04-30,焦炭,结算价,1546.50,-0.42%,6812,2025-04-30 00:00:00,1,0,2025-05-05 23:16:28,0,2025-05-05 23:16:28,,,
2025-05-06,焦炭,收盘价,1502.00,-2.34%,6813,2025-05-06 00:00:00,1,0,2025-05-06 23:15:39,0,2025-05-06 23:15:39,,,
2025-05-06,焦炭,结算价,1517.00,-1.91%,6814,2025-05-06 00:00:00,1,0,2025-05-06 23:15:39,0,2025-05-06 23:15:39,,,
2025-05-07,焦炭,收盘价,1507.00,0.33%,6815,2025-05-07 00:00:00,1,0,2025-05-07 23:16:31,0,2025-05-07 23:16:31,,,
2025-05-07,焦炭,结算价,1512.00,-0.33%,6816,2025-05-07 00:00:00,1,0,2025-05-07 23:16:31,0,2025-05-07 23:16:31,,,
2025-05-08,焦炭,收盘价,1478.00,-1.92%,6817,2025-05-08 00:00:00,1,0,2025-05-08 23:14:57,0,2025-05-08 23:14:57,,,
2025-05-08,焦炭,结算价,1477.50,-2.28%,6818,2025-05-08 00:00:00,1,0,2025-05-08 23:14:57,0,2025-05-08 23:14:57,,,
2025-05-09,焦炭,收盘价,1446.50,-2.13%,6819,2025-05-09 00:00:00,1,0,2025-05-09 23:16:15,0,2025-05-09 23:16:15,,,
2025-05-09,焦炭,结算价,1460.50,-1.15%,6820,2025-05-09 00:00:00,1,0,2025-05-09 23:16:15,0,2025-05-09 23:16:15,,,
2025-05-12,焦炭,收盘价,1471.50,1.73%,6821,2025-05-12 00:00:00,1,0,2025-05-12 23:16:42,0,2025-05-12 23:16:42,,,
2025-05-12,焦炭,结算价,1457.00,-0.24%,6822,2025-05-12 00:00:00,1,0,2025-05-12 23:16:42,0,2025-05-12 23:16:42,,,
2025-05-13,焦炭,收盘价,1447.00,-1.66%,6823,2025-05-13 00:00:00,1,0,2025-05-13 23:16:05,0,2025-05-13 23:16:05,,,
2025-05-13,焦炭,结算价,1459.00,0.14%,6824,2025-05-13 00:00:00,1,0,2025-05-13 23:16:05,0,2025-05-13 23:16:05,,,
2025-05-14,焦炭,收盘价,1482.00,2.42%,6825,2025-05-14 00:00:00,1,0,2025-05-14 23:15:37,0,2025-05-14 23:15:37,,,
2025-05-14,焦炭,结算价,1465.50,0.45%,6826,2025-05-14 00:00:00,1,0,2025-05-14 23:15:37,0,2025-05-14 23:15:37,,,
2025-05-15,焦炭,收盘价,1472.00,-0.67%,6827,2025-05-15 00:00:00,1,0,2025-05-15 23:15:37,0,2025-05-15 23:15:37,,,
2025-05-15,焦炭,结算价,1474.00,0.58%,6828,2025-05-15 00:00:00,1,0,2025-05-15 23:15:37,0,2025-05-15 23:15:37,,,
2025-05-19,焦炭,收盘价,1428.00,-1.21%,6829,2025-05-19 00:00:00,1,0,2025-05-19 23:18:27,0,2025-05-19 23:18:27,,,
2025-05-19,焦炭,结算价,1432.00,-1.51%,6830,2025-05-19 00:00:00,1,0,2025-05-19 23:18:27,0,2025-05-19 23:18:27,,,
2025-05-16,焦炭,收盘价,1445.50,-1.8%,6831,2025-05-16 00:00:00,1,0,2025-05-19 23:18:27,0,2025-05-19 23:18:27,,,
2025-05-16,焦炭,结算价,1454.00,-1.36%,6832,2025-05-16 00:00:00,1,0,2025-05-19 23:18:27,0,2025-05-19 23:18:27,,,
2025-05-20,焦炭,收盘价,1407.50,-1.44%,6833,2025-05-20 00:00:00,1,0,2025-05-20 23:15:43,0,2025-05-20 23:15:43,,,
2025-05-20,焦炭,结算价,1419.50,-0.87%,6834,2025-05-20 00:00:00,1,0,2025-05-20 23:15:43,0,2025-05-20 23:15:43,,,
2025-05-21,焦炭,收盘价,1417.50,0.71%,6835,2025-05-21 00:00:00,1,0,2025-05-21 23:15:59,0,2025-05-21 23:15:59,,,
2025-05-21,焦炭,结算价,1418.50,-0.07%,6836,2025-05-21 00:00:00,1,0,2025-05-21 23:15:59,0,2025-05-21 23:15:59,,,
2025-05-22,焦炭,收盘价,1406.50,-0.78%,6837,2025-05-22 00:00:00,1,0,2025-05-22 23:15:47,0,2025-05-22 23:15:47,,,
2025-05-22,焦炭,结算价,1408.50,-0.7%,6838,2025-05-22 00:00:00,1,0,2025-05-22 23:15:47,0,2025-05-22 23:15:47,,,
2025-05-23,焦炭,收盘价,1383.00,-1.67%,6839,2025-05-23 00:00:00,1,0,2025-05-23 23:16:25,0,2025-05-23 23:16:25,,,
2025-05-23,焦炭,结算价,1399.00,-0.67%,6840,2025-05-23 00:00:00,1,0,2025-05-23 23:16:25,0,2025-05-23 23:16:25,,,
2025-05-26,焦炭,收盘价,1375.00,-0.58%,6841,2025-05-26 00:00:00,1,0,2025-05-26 23:16:38,0,2025-05-26 23:16:38,,,
2025-05-26,焦炭,结算价,1377.00,-1.57%,6842,2025-05-26 00:00:00,1,0,2025-05-26 23:16:38,0,2025-05-26 23:16:38,,,
2025-05-27,焦炭,收盘价,1364.00,-0.8%,6843,2025-05-27 00:00:00,1,0,2025-05-27 23:16:04,0,2025-05-27 23:16:04,,,
2025-05-27,焦炭,结算价,1364.50,-0.91%,6844,2025-05-27 00:00:00,1,0,2025-05-27 23:16:04,0,2025-05-27 23:16:04,,,
2025-05-28,焦炭,收盘价,1338.50,-1.87%,6845,2025-05-28 00:00:00,1,0,2025-05-28 23:15:45,0,2025-05-28 23:15:45,,,
2025-05-28,焦炭,结算价,1354.00,-0.77%,6846,2025-05-28 00:00:00,1,0,2025-05-28 23:15:45,0,2025-05-28 23:15:45,,,
2025-05-29,焦炭,收盘价,1332.00,-0.49%,6847,2025-05-29 00:00:00,1,0,2025-05-29 23:14:48,0,2025-05-29 23:14:48,,,
2025-05-29,焦炭,结算价,1336.50,-1.29%,6848,2025-05-29 00:00:00,1,0,2025-05-29 23:14:48,0,2025-05-29 23:14:48,,,
2025-05-30,焦炭,收盘价,1308.00,-1.8%,6849,2025-05-30 00:00:00,1,0,2025-05-30 23:16:27,0,2025-05-30 23:16:27,,,
2025-05-30,焦炭,结算价,1313.50,-1.72%,6850,2025-05-30 00:00:00,1,0,2025-05-30 23:16:27,0,2025-05-30 23:16:27,,,
2025-06-04,焦炭,收盘价,1367.50,5.27%,6851,2025-06-04 00:00:00,1,0,2025-06-04 23:17:09,0,2025-06-04 23:17:09,,,
2025-06-04,焦炭,结算价,1334.50,3.17%,6852,2025-06-04 00:00:00,1,0,2025-06-04 23:17:09,0,2025-06-04 23:17:09,,,
2025-06-03,焦炭,收盘价,1299.00,-0.69%,6853,2025-06-03 00:00:00,1,0,2025-06-04 23:17:09,0,2025-06-04 23:17:09,,,
2025-06-03,焦炭,结算价,1293.50,-1.52%,6854,2025-06-03 00:00:00,1,0,2025-06-04 23:17:09,0,2025-06-04 23:17:09,,,
2025-06-05,焦炭,收盘价,1342.00,-1.86%,6855,2025-06-05 00:00:00,1,0,2025-06-05 23:15:30,0,2025-06-05 23:15:30,,,
2025-06-05,焦炭,结算价,1341.50,0.52%,6856,2025-06-05 00:00:00,1,0,2025-06-05 23:15:30,0,2025-06-05 23:15:30,,,
2025-06-06,焦炭,收盘价,1350.50,0.63%,6857,2025-06-06 00:00:00,1,0,2025-06-06 23:16:25,0,2025-06-06 23:16:25,,,
2025-06-06,焦炭,结算价,1355.50,1.04%,6858,2025-06-06 00:00:00,1,0,2025-06-06 23:16:25,0,2025-06-06 23:16:25,,,
2025-06-09,焦炭,收盘价,1339.00,-0.85%,6859,2025-06-09 00:00:00,1,0,2025-06-09 23:16:51,0,2025-06-09 23:16:51,,,
2025-06-09,焦炭,结算价,1342.50,-0.96%,6860,2025-06-09 00:00:00,1,0,2025-06-09 23:16:51,0,2025-06-09 23:16:51,,,
2025-06-10,焦炭,收盘价,1349.00,0.75%,6861,2025-06-10 00:00:00,1,0,2025-06-10 23:15:55,0,2025-06-10 23:15:55,,,
2025-06-10,焦炭,结算价,1338.50,-0.3%,6862,2025-06-10 00:00:00,1,0,2025-06-10 23:15:55,0,2025-06-10 23:15:55,,,
2025-06-11,焦炭,收盘价,1356.00,0.52%,6863,2025-06-11 00:00:00,1,0,2025-06-11 23:15:51,0,2025-06-11 23:15:51,,,
2025-06-11,焦炭,结算价,1352.50,1.05%,6864,2025-06-11 00:00:00,1,0,2025-06-11 23:15:51,0,2025-06-11 23:15:51,,,
2025-06-12,焦炭,收盘价,1328.50,-2.03%,6865,2025-06-12 00:00:00,1,0,2025-06-12 23:15:23,0,2025-06-12 23:15:23,,,
2025-06-12,焦炭,结算价,1339.50,-0.96%,6866,2025-06-12 00:00:00,1,0,2025-06-12 23:15:23,0,2025-06-12 23:15:23,,,
2025-06-13,焦炭,收盘价,1349.50,1.58%,6867,2025-06-13 00:00:00,1,0,2025-06-13 23:16:25,0,2025-06-13 23:16:25,,,
2025-06-13,焦炭,结算价,1345.50,0.45%,6868,2025-06-13 00:00:00,1,0,2025-06-13 23:16:25,0,2025-06-13 23:16:25,,,
2025-06-16,焦炭,收盘价,1371.00,1.59%,6869,2025-06-16 00:00:00,1,0,2025-06-16 23:17:01,0,2025-06-16 23:17:01,,,
2025-06-16,焦炭,结算价,1352.00,0.48%,6870,2025-06-16 00:00:00,1,0,2025-06-16 23:17:01,0,2025-06-16 23:17:01,,,
2025-06-17,焦炭,收盘价,1365.50,-0.4%,6871,2025-06-17 00:00:00,1,0,2025-06-17 23:15:51,0,2025-06-17 23:15:51,,,
2025-06-17,焦炭,结算价,1366.50,1.07%,6872,2025-06-17 00:00:00,1,0,2025-06-17 23:15:51,0,2025-06-17 23:15:51,,,
2025-06-18,焦炭,收盘价,1375.00,0.7%,6873,2025-06-18 00:00:00,1,0,2025-06-18 23:15:49,0,2025-06-18 23:15:49,,,
2025-06-18,焦炭,结算价,1375.50,0.66%,6874,2025-06-18 00:00:00,1,0,2025-06-18 23:15:49,0,2025-06-18 23:15:49,,,
2025-06-19,焦炭,收盘价,1374.00,-0.07%,6875,2025-06-19 00:00:00,1,0,2025-06-19 23:15:38,0,2025-06-19 23:15:38,,,
2025-06-19,焦炭,结算价,1368.00,-0.55%,6876,2025-06-19 00:00:00,1,0,2025-06-19 23:15:38,0,2025-06-19 23:15:38,,,
2025-06-20,焦炭,收盘价,1384.50,0.76%,6877,2025-06-20 00:00:00,1,0,2025-06-20 23:16:41,0,2025-06-20 23:16:41,,,
2025-06-20,焦炭,结算价,1388.00,1.46%,6878,2025-06-20 00:00:00,1,0,2025-06-20 23:16:41,0,2025-06-20 23:16:41,,,
2025-06-23,焦炭,收盘价,1385.00,0.04%,6879,2025-06-23 00:00:00,1,0,2025-06-23 23:16:18,0,2025-06-23 23:16:18,,,
2025-06-23,焦炭,结算价,1379.50,-0.61%,6880,2025-06-23 00:00:00,1,0,2025-06-23 23:16:18,0,2025-06-23 23:16:18,,,
2025-06-24,焦炭,收盘价,1351.50,-2.42%,6881,2025-06-24 00:00:00,1,0,2025-06-24 23:15:49,0,2025-06-24 23:15:49,,,
2025-06-24,焦炭,结算价,1367.50,-0.87%,6882,2025-06-24 00:00:00,1,0,2025-06-24 23:15:49,0,2025-06-24 23:15:49,,,
2025-06-25,焦炭,收盘价,1387.50,2.66%,6883,2025-06-25 00:00:00,1,0,2025-06-25 23:15:50,0,2025-06-25 23:15:50,,,
2025-06-25,焦炭,结算价,1370.00,0.18%,6884,2025-06-25 00:00:00,1,0,2025-06-25 23:15:50,0,2025-06-25 23:15:50,,,
2025-06-26,焦炭,收盘价,1395.50,0.58%,6885,2025-06-26 00:00:00,1,0,2025-06-26 23:15:40,0,2025-06-26 23:15:40,,,
2025-06-26,焦炭,结算价,1386.50,1.2%,6886,2025-06-26 00:00:00,1,0,2025-06-26 23:15:40,0,2025-06-26 23:15:40,,,
2025-06-27,焦炭,收盘价,1421.50,1.86%,6887,2025-06-27 00:00:00,1,0,2025-06-27 23:16:11,0,2025-06-27 23:16:11,,,
2025-06-27,焦炭,结算价,1410.50,1.73%,6888,2025-06-27 00:00:00,1,0,2025-06-27 23:16:11,0,2025-06-27 23:16:11,,,
2025-06-30,焦炭,收盘价,1404.00,-1.23%,6889,2025-06-30 00:00:00,1,0,2025-06-30 23:16:35,0,2025-06-30 23:16:35,,,
2025-06-30,焦炭,结算价,1423.50,0.92%,6890,2025-06-30 00:00:00,1,0,2025-06-30 23:16:35,0,2025-06-30 23:16:35,,,
2025-07-01,焦炭,收盘价,1388.50,-1.1%,6891,2025-07-01 00:00:00,1,0,2025-07-01 23:15:46,0,2025-07-01 23:15:46,,,
2025-07-01,焦炭,结算价,1398.00,-1.79%,6892,2025-07-01 00:00:00,1,0,2025-07-01 23:15:46,0,2025-07-01 23:15:46,,,
2025-07-02,焦炭,收盘价,1442.00,3.85%,6893,2025-07-02 00:00:00,1,0,2025-07-02 23:15:42,0,2025-07-02 23:15:42,,,
2025-07-02,焦炭,结算价,1416.50,1.32%,6894,2025-07-02 00:00:00,1,0,2025-07-02 23:15:42,0,2025-07-02 23:15:42,,,
2025-07-03,焦炭,收盘价,1445.50,0.24%,6895,2025-07-03 00:00:00,1,0,2025-07-03 23:15:31,0,2025-07-03 23:15:31,,,
2025-07-03,焦炭,结算价,1439.00,1.59%,6896,2025-07-03 00:00:00,1,0,2025-07-03 23:15:31,0,2025-07-03 23:15:31,,,
2025-07-04,焦炭,收盘价,1433.00,-0.86%,6897,2025-07-04 00:00:00,1,0,2025-07-04 23:16:27,0,2025-07-04 23:16:27,,,
2025-07-04,焦炭,结算价,1436.00,-0.21%,6898,2025-07-04 00:00:00,1,0,2025-07-04 23:16:27,0,2025-07-04 23:16:27,,,
2025-07-07,焦炭,收盘价,1422.50,-0.73%,6899,2025-07-07 00:00:00,1,0,2025-07-07 23:16:47,0,2025-07-07 23:16:47,,,
2025-07-07,焦炭,结算价,1422.50,-0.94%,6900,2025-07-07 00:00:00,1,0,2025-07-07 23:16:47,0,2025-07-07 23:16:47,,,
2025-07-08,焦炭,收盘价,1424.50,0.14%,6901,2025-07-08 00:00:00,1,0,2025-07-08 23:15:38,0,2025-07-08 23:15:38,,,
2025-07-08,焦炭,结算价,1421.50,-0.07%,6902,2025-07-08 00:00:00,1,0,2025-07-08 23:15:38,0,2025-07-08 23:15:38,,,
2025-07-09,焦炭,收盘价,1456.00,0.%,6903,2025-07-09 00:00:00,1,0,2025-07-09 23:15:40,0,2025-07-09 23:15:40,,,
2025-07-09,焦炭,结算价,1445.50,0.%,6904,2025-07-09 00:00:00,1,0,2025-07-09 23:15:40,0,2025-07-09 23:15:40,,,
2025-07-10,焦炭,收盘价,1497.00,2.82%,6905,2025-07-10 00:00:00,1,0,2025-07-10 23:15:20,0,2025-07-10 23:15:20,,,
2025-07-10,焦炭,结算价,1478.00,2.25%,6906,2025-07-10 00:00:00,1,0,2025-07-10 23:15:20,0,2025-07-10 23:15:20,,,
2025-07-11,焦炭,收盘价,1519.50,1.5%,6907,2025-07-11 00:00:00,1,0,2025-07-11 23:16:31,0,2025-07-11 23:16:31,,,
2025-07-11,焦炭,结算价,1508.50,2.06%,6908,2025-07-11 00:00:00,1,0,2025-07-11 23:16:31,0,2025-07-11 23:16:31,,,
2025-07-14,焦炭,收盘价,1525.00,0.36%,6909,2025-07-14 00:00:00,1,0,2025-07-14 23:16:21,0,2025-07-14 23:16:21,,,
2025-07-14,焦炭,结算价,1527.00,1.23%,6910,2025-07-14 00:00:00,1,0,2025-07-14 23:16:21,0,2025-07-14 23:16:21,,,
2025-07-15,焦炭,收盘价,1514.00,-0.72%,6911,2025-07-15 00:00:00,1,0,2025-07-15 23:15:39,0,2025-07-15 23:15:39,,,
2025-07-15,焦炭,结算价,1516.50,-0.69%,6912,2025-07-15 00:00:00,1,0,2025-07-15 23:15:39,0,2025-07-15 23:15:39,,,
2025-07-16,焦炭,收盘价,1494.50,-1.29%,6913,2025-07-16 00:00:00,1,0,2025-07-16 23:15:41,0,2025-07-16 23:15:41,,,
2025-07-16,焦炭,结算价,1504.00,-0.82%,6914,2025-07-16 00:00:00,1,0,2025-07-16 23:15:41,0,2025-07-16 23:15:41,,,
2025-07-17,焦炭,收盘价,1519.00,1.64%,6915,2025-07-17 00:00:00,1,0,2025-07-17 23:15:59,0,2025-07-17 23:15:59,,,
2025-07-17,焦炭,结算价,1499.50,-0.3%,6916,2025-07-17 00:00:00,1,0,2025-07-17 23:15:59,0,2025-07-17 23:15:59,,,
2025-07-18,焦炭,收盘价,1518.00,-0.07%,6917,2025-07-18 00:00:00,1,0,2025-07-18 23:16:12,0,2025-07-18 23:16:12,,,
2025-07-18,焦炭,结算价,1526.00,1.77%,6918,2025-07-18 00:00:00,1,0,2025-07-18 23:16:12,0,2025-07-18 23:16:12,,,
2025-07-21,焦炭,收盘价,1603.00,5.6%,6919,2025-07-21 00:00:00,1,0,2025-07-21 23:16:58,0,2025-07-21 23:16:58,,,
2025-07-21,焦炭,结算价,1572.00,3.01%,6920,2025-07-21 00:00:00,1,0,2025-07-21 23:16:58,0,2025-07-21 23:16:58,,,
2025-07-22,焦炭,收盘价,1697.50,5.9%,6921,2025-07-22 00:00:00,1,0,2025-07-22 23:15:34,0,2025-07-22 23:15:34,,,
2025-07-22,焦炭,结算价,1644.50,4.61%,6922,2025-07-22 00:00:00,1,0,2025-07-22 23:15:34,0,2025-07-22 23:15:34,,,
2025-07-23,焦炭,收盘价,1707.50,0.59%,6923,2025-07-23 00:00:00,1,0,2025-07-23 23:15:24,0,2025-07-23 23:15:24,,,
2025-07-23,焦炭,结算价,1701.50,3.47%,6924,2025-07-23 00:00:00,1,0,2025-07-23 23:15:24,0,2025-07-23 23:15:24,,,
2025-07-24,焦炭,收盘价,1735.00,1.61%,6925,2025-07-24 00:00:00,1,0,2025-07-24 23:15:07,0,2025-07-24 23:15:07,,,
2025-07-24,焦炭,结算价,1722.00,1.2%,6926,2025-07-24 00:00:00,1,0,2025-07-24 23:15:07,0,2025-07-24 23:15:07,,,
2025-07-25,焦炭,收盘价,1763.00,1.61%,6927,2025-07-25 00:00:00,1,0,2025-07-25 23:16:15,0,2025-07-25 23:16:15,,,
2025-07-25,焦炭,结算价,1748.00,1.51%,6928,2025-07-25 00:00:00,1,0,2025-07-25 23:16:15,0,2025-07-25 23:16:15,,,
2025-07-28,焦炭,收盘价,1608.50,-8.76%,6929,2025-07-28 00:00:00,1,0,2025-07-28 23:16:20,0,2025-07-28 23:16:20,,,
2025-07-28,焦炭,结算价,1677.00,-4.06%,6930,2025-07-28 00:00:00,1,0,2025-07-28 23:16:20,0,2025-07-28 23:16:20,,,
2025-07-29,焦炭,收盘价,1633.00,1.52%,6931,2025-07-29 00:00:00,1,0,2025-07-29 23:15:32,0,2025-07-29 23:15:32,,,
2025-07-29,焦炭,结算价,1612.00,-3.88%,6932,2025-07-29 00:00:00,1,0,2025-07-29 23:15:32,0,2025-07-29 23:15:32,,,
2025-07-30,焦炭,收盘价,1676.50,2.66%,6933,2025-07-30 00:00:00,1,0,2025-07-30 23:15:30,0,2025-07-30 23:15:30,,,
2025-07-30,焦炭,结算价,1684.00,4.47%,6934,2025-07-30 00:00:00,1,0,2025-07-30 23:15:30,0,2025-07-30 23:15:30,,,
2025-07-31,焦炭,收盘价,1601.00,-4.5%,6935,2025-07-31 00:00:00,1,0,2025-07-31 23:15:30,0,2025-07-31 23:15:30,,,
2025-07-31,焦炭,结算价,1634.00,-2.97%,6936,2025-07-31 00:00:00,1,0,2025-07-31 23:15:30,0,2025-07-31 23:15:30,,,
2025-08-01,焦炭,收盘价,1585.00,-1.%,6937,2025-08-01 00:00:00,1,0,2025-08-01 23:31:06,0,2025-08-01 23:31:06,,,
2025-08-01,焦炭,结算价,1617.50,-1.01%,6938,2025-08-01 00:00:00,1,0,2025-08-01 23:31:06,0,2025-08-01 23:31:06,,,
2025-08-04,焦炭,收盘价,1615.00,1.89%,6939,2025-08-04 00:00:00,1,0,2025-08-04 23:16:21,0,2025-08-04 23:16:21,,,
2025-08-04,焦炭,结算价,1584.50,-2.04%,6940,2025-08-04 00:00:00,1,0,2025-08-04 23:16:21,0,2025-08-04 23:16:21,,,
2025-08-05,焦炭,收盘价,1634.50,1.21%,6941,2025-08-05 00:00:00,1,0,2025-08-05 23:15:53,0,2025-08-05 23:15:53,,,
2025-08-05,焦炭,结算价,1613.00,1.8%,6942,2025-08-05 00:00:00,1,0,2025-08-05 23:15:53,0,2025-08-05 23:15:53,,,
2025-08-06,焦炭,收盘价,1732.50,6.%,6943,2025-08-06 00:00:00,1,0,2025-08-06 23:15:27,0,2025-08-06 23:15:27,,,
2025-08-06,焦炭,结算价,1721.00,6.7%,6944,2025-08-06 00:00:00,1,0,2025-08-06 23:15:27,0,2025-08-06 23:15:27,,,
2025-08-07,焦炭,收盘价,1744.00,0.66%,6945,2025-08-07 00:00:00,1,0,2025-08-07 23:15:37,0,2025-08-07 23:15:37,,,
2025-08-07,焦炭,结算价,1735.50,0.84%,6946,2025-08-07 00:00:00,1,0,2025-08-07 23:15:37,0,2025-08-07 23:15:37,,,
2025-08-08,焦炭,收盘价,1734.00,-0.57%,6947,2025-08-08 00:00:00,1,0,2025-08-08 23:16:28,0,2025-08-08 23:16:28,,,
2025-08-08,焦炭,结算价,1729.50,-0.35%,6948,2025-08-08 00:00:00,1,0,2025-08-08 23:16:28,0,2025-08-08 23:16:28,,,
2025-08-11,焦炭,收盘价,1759.50,1.47%,6949,2025-08-11 00:00:00,1,0,2025-08-11 23:16:37,0,2025-08-11 23:16:37,,,
2025-08-11,焦炭,结算价,1734.00,0.26%,6950,2025-08-11 00:00:00,1,0,2025-08-11 23:16:37,0,2025-08-11 23:16:37,,,
2025-08-12,焦炭,收盘价,1812.00,2.98%,6951,2025-08-12 00:00:00,1,0,2025-08-12 23:15:46,0,2025-08-12 23:15:46,,,
2025-08-12,焦炭,结算价,1787.50,3.09%,6952,2025-08-12 00:00:00,1,0,2025-08-12 23:15:46,0,2025-08-12 23:15:46,,,
2025-08-13,焦炭,收盘价,1737.00,-4.14%,6953,2025-08-13 00:00:00,1,0,2025-08-13 23:15:54,0,2025-08-13 23:15:54,,,
2025-08-13,焦炭,结算价,1784.00,-0.2%,6954,2025-08-13 00:00:00,1,0,2025-08-13 23:15:54,0,2025-08-13 23:15:54,,,
2025-08-14,焦炭,收盘价,1707.00,-1.73%,6955,2025-08-14 00:00:00,1,0,2025-08-14 23:15:47,0,2025-08-14 23:15:47,,,
2025-08-14,焦炭,结算价,1721.00,-3.53%,6956,2025-08-14 00:00:00,1,0,2025-08-14 23:15:47,0,2025-08-14 23:15:47,,,
2025-08-15,焦炭,收盘价,1729.50,1.32%,6957,2025-08-15 00:00:00,1,0,2025-08-15 23:16:41,0,2025-08-15 23:16:41,,,
2025-08-15,焦炭,结算价,1729.00,0.46%,6958,2025-08-15 00:00:00,1,0,2025-08-15 23:16:41,0,2025-08-15 23:16:41,,,
2025-08-18,焦炭,收盘价,1702.00,-1.59%,6959,2025-08-18 00:00:00,1,0,2025-08-18 23:15:47,0,2025-08-18 23:15:47,,,
2025-08-18,焦炭,结算价,1725.00,-0.23%,6960,2025-08-18 00:00:00,1,0,2025-08-18 23:15:47,0,2025-08-18 23:15:47,,,
2025-08-19,焦炭,收盘价,1708.50,0.38%,6961,2025-08-19 00:00:00,1,0,2025-08-19 23:15:48,0,2025-08-19 23:15:48,,,
2025-08-19,焦炭,结算价,1718.00,-0.41%,6962,2025-08-19 00:00:00,1,0,2025-08-19 23:15:48,0,2025-08-19 23:15:48,,,
2025-08-20,焦炭,收盘价,1678.00,-1.79%,6963,2025-08-20 00:00:00,1,0,2025-08-20 23:16:05,0,2025-08-20 23:16:05,,,
2025-08-20,焦炭,结算价,1680.00,-2.21%,6964,2025-08-20 00:00:00,1,0,2025-08-20 23:16:05,0,2025-08-20 23:16:05,,,
2025-08-21,焦炭,收盘价,1664.00,-0.83%,6965,2025-08-21 00:00:00,1,0,2025-08-21 23:14:35,0,2025-08-21 23:14:35,,,
2025-08-21,焦炭,结算价,1679.00,-0.06%,6966,2025-08-21 00:00:00,1,0,2025-08-21 23:14:35,0,2025-08-21 23:14:35,,,
2025-08-22,焦炭,收盘价,1678.50,0.87%,6967,2025-08-22 00:00:00,1,0,2025-08-22 23:16:25,0,2025-08-22 23:16:25,,,
2025-08-22,焦炭,结算价,1663.50,-0.92%,6968,2025-08-22 00:00:00,1,0,2025-08-22 23:16:25,0,2025-08-22 23:16:25,,,
2025-08-25,焦炭,收盘价,1736.00,3.43%,6969,2025-08-25 00:00:00,1,0,2025-08-25 23:16:49,0,2025-08-25 23:16:49,,,
2025-08-25,焦炭,结算价,1722.50,3.55%,6970,2025-08-25 00:00:00,1,0,2025-08-25 23:16:49,0,2025-08-25 23:16:49,,,
2025-08-26,焦炭,收盘价,1681.00,-3.17%,6971,2025-08-26 00:00:00,1,0,2025-08-26 23:15:17,0,2025-08-26 23:15:17,,,
2025-08-26,焦炭,结算价,1718.00,-0.26%,6972,2025-08-26 00:00:00,1,0,2025-08-26 23:15:17,0,2025-08-26 23:15:17,,,
2025-08-27,焦炭,收盘价,1669.50,-0.68%,6973,2025-08-27 00:00:00,1,0,2025-08-27 23:18:34,0,2025-08-27 23:18:34,,,
2025-08-27,焦炭,结算价,1681.00,-2.15%,6974,2025-08-27 00:00:00,1,0,2025-08-27 23:18:34,0,2025-08-27 23:18:34,,,
2025-08-28,焦炭,收盘价,1672.50,0.18%,6975,2025-08-28 00:00:00,1,0,2025-08-28 23:15:25,0,2025-08-28 23:15:25,,,
2025-08-28,焦炭,结算价,1657.50,-1.4%,6976,2025-08-28 00:00:00,1,0,2025-08-28 23:15:25,0,2025-08-28 23:15:25,,,
2025-08-29,焦炭,收盘价,1643.00,-1.76%,6977,2025-08-29 00:00:00,1,0,2025-08-29 23:16:28,0,2025-08-29 23:16:28,,,
2025-08-29,焦炭,结算价,1653.00,-0.27%,6978,2025-08-29 00:00:00,1,0,2025-08-29 23:16:28,0,2025-08-29 23:16:28,,,
2025-09-01,焦炭,收盘价,1594.50,-2.95%,6979,2025-09-01 00:00:00,1,0,2025-09-01 23:16:50,0,2025-09-01 23:16:50,,,
2025-09-01,焦炭,结算价,1603.50,-2.99%,6980,2025-09-01 00:00:00,1,0,2025-09-01 23:16:50,0,2025-09-01 23:16:50,,,
2025-09-02,焦炭,收盘价,1596.50,0.13%,6981,2025-09-02 00:00:00,1,0,2025-09-02 23:15:53,0,2025-09-02 23:15:53,,,
2025-09-02,焦炭,结算价,1603.50,0.%,6982,2025-09-02 00:00:00,1,0,2025-09-02 23:15:53,0,2025-09-02 23:15:53,,,
2025-09-03,焦炭,收盘价,1594.00,-0.16%,6983,2025-09-03 00:00:00,1,0,2025-09-03 23:15:48,0,2025-09-03 23:15:48,,,
2025-09-03,焦炭,结算价,1603.50,0.%,6984,2025-09-03 00:00:00,1,0,2025-09-03 23:15:48,0,2025-09-03 23:15:48,,,
2025-09-05,焦炭,收盘价,1646.50,4.11%,6985,2025-09-05 00:00:00,1,0,2025-09-05 23:16:29,0,2025-09-05 23:16:29,,,
2025-09-05,焦炭,结算价,1616.50,2.8%,6986,2025-09-05 00:00:00,1,0,2025-09-05 23:16:29,0,2025-09-05 23:16:29,,,
2025-09-04,焦炭,收盘价,1581.50,-0.78%,6987,2025-09-04 00:00:00,1,0,2025-09-05 23:16:29,0,2025-09-05 23:16:29,,,
2025-09-04,焦炭,结算价,1572.50,-1.93%,6988,2025-09-04 00:00:00,1,0,2025-09-05 23:16:29,0,2025-09-05 23:16:29,,,
2025-09-08,焦炭,收盘价,1620.00,-1.61%,6989,2025-09-08 00:00:00,1,0,2025-09-08 23:17:05,0,2025-09-08 23:17:05,,,
2025-09-08,焦炭,结算价,1617.00,0.03%,6990,2025-09-08 00:00:00,1,0,2025-09-08 23:17:05,0,2025-09-08 23:17:05,,,
2025-09-09,焦炭,收盘价,1597.50,-1.39%,6991,2025-09-09 00:00:00,1,0,2025-09-09 23:15:41,0,2025-09-09 23:15:41,,,
2025-09-09,焦炭,结算价,1615.50,-0.09%,6992,2025-09-09 00:00:00,1,0,2025-09-09 23:15:41,0,2025-09-09 23:15:41,,,
2025-09-10,焦炭,收盘价,1603.00,0.34%,6993,2025-09-10 00:00:00,1,0,2025-09-10 23:16:06,0,2025-09-10 23:16:06,,,
2025-09-10,焦炭,结算价,1601.00,-0.9%,6994,2025-09-10 00:00:00,1,0,2025-09-10 23:16:06,0,2025-09-10 23:16:06,,,
2025-09-11,焦炭,收盘价,1630.00,1.68%,6995,2025-09-11 00:00:00,1,0,2025-09-11 23:15:51,0,2025-09-11 23:15:51,,,
2025-09-11,焦炭,结算价,1618.50,1.09%,6996,2025-09-11 00:00:00,1,0,2025-09-11 23:15:51,0,2025-09-11 23:15:51,,,
2025-09-12,焦炭,收盘价,1625.50,-0.28%,6997,2025-09-12 00:00:00,1,0,2025-09-12 23:16:41,0,2025-09-12 23:16:41,,,
2025-09-12,焦炭,结算价,1614.00,-0.28%,6998,2025-09-12 00:00:00,1,0,2025-09-12 23:16:41,0,2025-09-12 23:16:41,,,
2025-09-15,焦炭,收盘价,1688.50,3.88%,6999,2025-09-15 00:00:00,1,0,2025-09-15 23:15:49,0,2025-09-15 23:15:49,,,
2025-09-15,焦炭,结算价,1664.50,3.13%,7000,2025-09-15 00:00:00,1,0,2025-09-15 23:15:49,0,2025-09-15 23:15:49,,,
2025-09-16,焦炭,收盘价,1735.00,2.75%,7001,2025-09-16 00:00:00,1,0,2025-09-16 23:15:47,0,2025-09-16 23:15:47,,,
2025-09-16,焦炭,结算价,1726.50,3.72%,7002,2025-09-16 00:00:00,1,0,2025-09-16 23:15:47,0,2025-09-16 23:15:47,,,
2025-09-17,焦炭,收盘价,1734.50,-0.03%,7003,2025-09-17 00:00:00,1,0,2025-09-17 23:15:45,0,2025-09-17 23:15:45,,,
2025-09-17,焦炭,结算价,1728.00,0.09%,7004,2025-09-17 00:00:00,1,0,2025-09-17 23:15:45,0,2025-09-17 23:15:45,,,
