时间,城市,产品名称,本期价格,价格类型,备注,_ID,_DATA_TIME,_ACTIVE,_CREATE_ID,_CREATE_TIME,_UPDATE_ID,_UPDATE_TIME,_REMARK,_CHANGE_LOG,_RESERVE
2024-07-19,六盘水市,二级焦,2290.00,出厂价,"A13.5S0.6 CSR65-68,干基",1,2024-07-19 00:00:00,1,0,2024-07-20 20:24:19,0,2024-07-20 20:24:19,,,
2024-07-18,六盘水市,二级焦,2290.00,出厂价,"A13.5S0.6 CSR65-68,干基",2,2024-07-18 00:00:00,1,0,2024-07-20 20:24:19,0,2024-07-20 20:24:19,,,
2024-07-17,六盘水市,二级焦,2290.00,出厂价,"A13.5S0.6 CSR65-68,干基",3,2024-07-17 00:00:00,1,0,2024-07-20 20:24:19,0,2024-07-20 20:24:19,,,
2024-07-16,六盘水市,二级焦,2290.00,出厂价,"A13.5S0.6 CSR65-68,干基",4,2024-07-16 00:00:00,1,0,2024-07-20 20:24:19,0,2024-07-20 20:24:19,,,
2024-07-15,六盘水市,二级焦,2290.00,出厂价,"A13.5S0.6 CSR65-68,干基",5,2024-07-15 00:00:00,1,0,2024-07-20 20:24:19,0,2024-07-20 20:24:19,,,
2024-07-12,六盘水市,二级焦,2290.00,出厂价,"A13.5S0.6 CSR65-68,干基",6,2024-07-12 00:00:00,1,0,2024-07-20 20:24:19,0,2024-07-20 20:24:19,,,
2024-07-11,六盘水市,二级焦,2290.00,出厂价,"A13.5S0.6 CSR65-68,干基",7,2024-07-11 00:00:00,1,0,2024-07-20 20:24:19,0,2024-07-20 20:24:19,,,
2024-07-10,六盘水市,二级焦,2290.00,出厂价,"A13.5S0.6 CSR65-68,干基",8,2024-07-10 00:00:00,1,0,2024-07-20 20:24:19,0,2024-07-20 20:24:19,,,
2024-07-09,六盘水市,二级焦,2290.00,出厂价,"A13.5S0.6 CSR65-68,干基",9,2024-07-09 00:00:00,1,0,2024-07-20 20:24:19,0,2024-07-20 20:24:19,,,
2024-07-08,六盘水市,二级焦,2290.00,出厂价,"A13.5S0.6 CSR65-68,干基",10,2024-07-08 00:00:00,1,0,2024-07-20 20:24:19,0,2024-07-20 20:24:19,,,
2024-07-05,六盘水市,二级焦,2290.00,出厂价,"A13.5S0.6 CSR65-68,干基",11,2024-07-05 00:00:00,1,0,2024-07-20 20:24:19,0,2024-07-20 20:24:19,,,
2024-07-04,六盘水市,二级焦,2290.00,出厂价,"A13.5S0.6 CSR65-68,干基",12,2024-07-04 00:00:00,1,0,2024-07-20 20:24:19,0,2024-07-20 20:24:19,,,
2024-07-03,六盘水市,二级焦,2290.00,出厂价,"A13.5S0.6 CSR65-68,干基",13,2024-07-03 00:00:00,1,0,2024-07-20 20:24:19,0,2024-07-20 20:24:19,,,
2024-07-02,六盘水市,二级焦,2290.00,出厂价,"A13.5S0.6 CSR65-68,干基",14,2024-07-02 00:00:00,1,0,2024-07-20 20:24:19,0,2024-07-20 20:24:19,,,
2024-07-01,六盘水市,二级焦,2290.00,出厂价,"A13.5S0.6 CSR65-68,干基",15,2024-07-01 00:00:00,1,0,2024-07-20 20:24:19,0,2024-07-20 20:24:19,,,
2024-06-28,六盘水市,二级焦,2290.00,出厂价,"A13.5S0.6 CSR65-68,干基",16,2024-06-28 00:00:00,1,0,2024-07-20 20:24:19,0,2024-07-20 20:24:19,,,
2024-06-27,六盘水市,二级焦,2290.00,出厂价,"A13.5S0.6 CSR65-68,干基",17,2024-06-27 00:00:00,1,0,2024-07-20 20:24:19,0,2024-07-20 20:24:19,,,
2024-06-26,六盘水市,二级焦,2290.00,出厂价,"A13.5S0.6 CSR65-68,干基",18,2024-06-26 00:00:00,1,0,2024-07-20 20:24:19,0,2024-07-20 20:24:19,,,
2024-06-25,六盘水市,二级焦,2290.00,出厂价,"A13.5S0.6 CSR65-68,干基",19,2024-06-25 00:00:00,1,0,2024-07-20 20:24:19,0,2024-07-20 20:24:19,,,
2024-06-24,六盘水市,二级焦,2290.00,出厂价,"A13.5S0.6 CSR65-68,干基",20,2024-06-24 00:00:00,1,0,2024-07-20 20:24:19,0,2024-07-20 20:24:19,,,
2024-06-21,六盘水市,二级焦,2290.00,出厂价,"A13.5S0.6 CSR65-68,干基",21,2024-06-21 00:00:00,1,0,2024-07-20 20:24:19,0,2024-07-20 20:24:19,,,
2024-06-20,六盘水市,二级焦,2290.00,出厂价,"A13.5S0.6 CSR65-68,干基",22,2024-06-20 00:00:00,1,0,2024-07-20 20:24:19,0,2024-07-20 20:24:19,,,
2024-06-19,六盘水市,二级焦,2290.00,出厂价,"A13.5S0.6 CSR65-68,干基",23,2024-06-19 00:00:00,1,0,2024-07-20 20:24:19,0,2024-07-20 20:24:19,,,
2024-06-18,六盘水市,二级焦,2290.00,出厂价,"A13.5S0.6 CSR65-68,干基",24,2024-06-18 00:00:00,1,0,2024-07-20 20:24:19,0,2024-07-20 20:24:19,,,
2024-06-17,六盘水市,二级焦,2290.00,出厂价,"A13.5S0.6 CSR65-68,干基",25,2024-06-17 00:00:00,1,0,2024-07-20 20:24:19,0,2024-07-20 20:24:19,,,
2024-06-14,六盘水市,二级焦,2290.00,出厂价,"A13.5S0.6 CSR65-68,干基",26,2024-06-14 00:00:00,1,0,2024-07-20 20:24:19,0,2024-07-20 20:24:19,,,
2024-06-13,六盘水市,二级焦,2290.00,出厂价,"A13.5S0.6 CSR65-68,干基",27,2024-06-13 00:00:00,1,0,2024-07-20 20:24:19,0,2024-07-20 20:24:19,,,
2024-06-12,六盘水市,二级焦,2390.00,出厂价,"A13.5S0.6 CSR65-68,干基",28,2024-06-12 00:00:00,1,0,2024-07-20 20:24:19,0,2024-07-20 20:24:19,,,
2024-06-11,六盘水市,二级焦,2390.00,出厂价,"A13.5S0.6 CSR65-68,干基",29,2024-06-11 00:00:00,1,0,2024-07-20 20:24:19,0,2024-07-20 20:24:19,,,
2024-06-07,六盘水市,二级焦,2390.00,出厂价,"A13.5S0.6 CSR65-68,干基",30,2024-06-07 00:00:00,1,0,2024-07-20 20:24:19,0,2024-07-20 20:24:19,,,
2024-06-06,六盘水市,二级焦,2390.00,出厂价,"A13.5S0.6 CSR65-68,干基",31,2024-06-06 00:00:00,1,0,2024-07-20 20:24:24,0,2024-07-20 20:24:24,,,
2024-06-05,六盘水市,二级焦,2390.00,出厂价,"A13.5S0.6 CSR65-68,干基",32,2024-06-05 00:00:00,1,0,2024-07-20 20:24:24,0,2024-07-20 20:24:24,,,
2024-06-04,六盘水市,二级焦,2390.00,出厂价,"A13.5S0.6 CSR65-68,干基",33,2024-06-04 00:00:00,1,0,2024-07-20 20:24:24,0,2024-07-20 20:24:24,,,
2024-06-03,六盘水市,二级焦,2390.00,出厂价,"A13.5S0.6 CSR65-68,干基",34,2024-06-03 00:00:00,1,0,2024-07-20 20:24:24,0,2024-07-20 20:24:24,,,
2024-05-31,六盘水市,二级焦,2390.00,出厂价,"A13.5S0.6 CSR65-68,干基",35,2024-05-31 00:00:00,1,0,2024-07-20 20:24:24,0,2024-07-20 20:24:24,,,
2024-05-30,六盘水市,二级焦,2390.00,出厂价,"A13.5S0.6 CSR65-68,干基",36,2024-05-30 00:00:00,1,0,2024-07-20 20:24:24,0,2024-07-20 20:24:24,,,
2024-05-29,六盘水市,二级焦,2390.00,出厂价,"A13.5S0.6 CSR65-68,干基",37,2024-05-29 00:00:00,1,0,2024-07-20 20:24:24,0,2024-07-20 20:24:24,,,
2024-05-28,六盘水市,二级焦,2390.00,出厂价,"A13.5S0.6 CSR65-68,干基",38,2024-05-28 00:00:00,1,0,2024-07-20 20:24:24,0,2024-07-20 20:24:24,,,
2024-05-27,六盘水市,二级焦,2390.00,出厂价,"A13.5S0.6 CSR65-68,干基",39,2024-05-27 00:00:00,1,0,2024-07-20 20:24:24,0,2024-07-20 20:24:24,,,
2024-05-24,六盘水市,二级焦,2390.00,出厂价,"A13.5S0.6 CSR65-68,干基",40,2024-05-24 00:00:00,1,0,2024-07-20 20:24:24,0,2024-07-20 20:24:24,,,
2024-05-23,六盘水市,二级焦,2390.00,出厂价,"A13.5S0.6 CSR65-68,干基",41,2024-05-23 00:00:00,1,0,2024-07-20 20:24:24,0,2024-07-20 20:24:24,,,
2024-05-22,六盘水市,二级焦,2390.00,出厂价,"A13.5S0.6 CSR65-68,干基",42,2024-05-22 00:00:00,1,0,2024-07-20 20:24:24,0,2024-07-20 20:24:24,,,
2024-05-21,六盘水市,二级焦,2090.00,出厂价,"A13.5S0.6 CSR65-68,干基",43,2024-05-21 00:00:00,1,0,2024-07-20 20:24:24,0,2024-07-20 20:24:24,,,
2024-05-20,六盘水市,二级焦,2090.00,出厂价,"A13.5S0.6 CSR65-68,干基",44,2024-05-20 00:00:00,1,0,2024-07-20 20:24:24,0,2024-07-20 20:24:24,,,
2024-05-17,六盘水市,二级焦,2090.00,出厂价,"A13.5S0.6 CSR65-68,干基",45,2024-05-17 00:00:00,1,0,2024-07-20 20:24:24,0,2024-07-20 20:24:24,,,
2024-05-16,六盘水市,二级焦,2090.00,出厂价,"A13.5S0.6 CSR65-68,干基",46,2024-05-16 00:00:00,1,0,2024-07-20 20:24:24,0,2024-07-20 20:24:24,,,
2024-05-15,六盘水市,二级焦,2090.00,出厂价,"A13.5S0.6 CSR65-68,干基",47,2024-05-15 00:00:00,1,0,2024-07-20 20:24:24,0,2024-07-20 20:24:24,,,
2024-05-14,六盘水市,二级焦,2090.00,出厂价,"A13.5S0.6 CSR65-68,干基",48,2024-05-14 00:00:00,1,0,2024-07-20 20:24:24,0,2024-07-20 20:24:24,,,
2024-05-13,六盘水市,二级焦,2090.00,出厂价,"A13.5S0.6 CSR65-68,干基",49,2024-05-13 00:00:00,1,0,2024-07-20 20:24:24,0,2024-07-20 20:24:24,,,
2024-05-11,六盘水市,二级焦,2090.00,出厂价,"A13.5S0.6 CSR65-68,干基",50,2024-05-11 00:00:00,1,0,2024-07-20 20:24:24,0,2024-07-20 20:24:24,,,
2024-05-10,六盘水市,二级焦,2090.00,出厂价,"A13.5S0.6 CSR65-68,干基",51,2024-05-10 00:00:00,1,0,2024-07-20 20:24:24,0,2024-07-20 20:24:24,,,
2024-05-09,六盘水市,二级焦,2090.00,出厂价,"A13.5S0.6 CSR65-68,干基",52,2024-05-09 00:00:00,1,0,2024-07-20 20:24:24,0,2024-07-20 20:24:24,,,
2024-05-08,六盘水市,二级焦,2090.00,出厂价,"A13.5S0.6 CSR65-68,干基",53,2024-05-08 00:00:00,1,0,2024-07-20 20:24:24,0,2024-07-20 20:24:24,,,
2024-05-07,六盘水市,二级焦,2090.00,出厂价,"A13.5S0.6 CSR65-68,干基",54,2024-05-07 00:00:00,1,0,2024-07-20 20:24:24,0,2024-07-20 20:24:24,,,
2024-05-06,六盘水市,二级焦,2090.00,出厂价,"A13.5S0.6 CSR65-68,干基",55,2024-05-06 00:00:00,1,0,2024-07-20 20:24:24,0,2024-07-20 20:24:24,,,
2024-04-30,六盘水市,二级焦,2090.00,出厂价,"A13.5S0.6 CSR65-68,干基",56,2024-04-30 00:00:00,1,0,2024-07-20 20:24:24,0,2024-07-20 20:24:24,,,
2024-04-29,六盘水市,二级焦,2090.00,出厂价,"A13.5S0.6 CSR65-68,干基",57,2024-04-29 00:00:00,1,0,2024-07-20 20:24:24,0,2024-07-20 20:24:24,,,
2024-04-28,六盘水市,二级焦,2090.00,出厂价,"A13.5S0.6 CSR65-68,干基",58,2024-04-28 00:00:00,1,0,2024-07-20 20:24:24,0,2024-07-20 20:24:24,,,
2024-04-26,六盘水市,二级焦,2090.00,出厂价,"A13.5S0.6 CSR65-68,干基",59,2024-04-26 00:00:00,1,0,2024-07-20 20:24:24,0,2024-07-20 20:24:24,,,
2024-04-25,六盘水市,二级焦,2090.00,出厂价,"A13.5S0.6 CSR65-68,干基",60,2024-04-25 00:00:00,1,0,2024-07-20 20:24:24,0,2024-07-20 20:24:24,,,
2024-04-24,六盘水市,二级焦,2090.00,出厂价,"A13.5S0.6 CSR65-68,干基",61,2024-04-24 00:00:00,1,0,2024-07-20 20:24:28,0,2024-07-20 20:24:28,,,
2024-04-23,六盘水市,二级焦,2090.00,出厂价,"A13.5S0.6 CSR65-68,干基",62,2024-04-23 00:00:00,1,0,2024-07-20 20:24:28,0,2024-07-20 20:24:28,,,
2024-04-22,六盘水市,二级焦,1990.00,出厂价,"A13.5S0.6 CSR65-68,干基",63,2024-04-22 00:00:00,1,0,2024-07-20 20:24:28,0,2024-07-20 20:24:28,,,
2024-04-19,六盘水市,二级焦,1990.00,出厂价,"A13.5S0.6 CSR65-68,干基",64,2024-04-19 00:00:00,1,0,2024-07-20 20:24:28,0,2024-07-20 20:24:28,,,
2024-04-18,六盘水市,二级焦,1990.00,出厂价,"A13.5S0.6 CSR65-68,干基",65,2024-04-18 00:00:00,1,0,2024-07-20 20:24:28,0,2024-07-20 20:24:28,,,
2024-04-17,六盘水市,二级焦,2090.00,出厂价,"A13.5S0.6 CSR65-68,干基",66,2024-04-17 00:00:00,1,0,2024-07-20 20:24:28,0,2024-07-20 20:24:28,,,
2024-04-16,六盘水市,二级焦,2090.00,出厂价,"A13.5S0.6 CSR65-68,干基",67,2024-04-16 00:00:00,1,0,2024-07-20 20:24:28,0,2024-07-20 20:24:28,,,
2024-04-15,六盘水市,二级焦,2090.00,出厂价,"A13.5S0.6 CSR65-68,干基",68,2024-04-15 00:00:00,1,0,2024-07-20 20:24:28,0,2024-07-20 20:24:28,,,
2024-04-12,六盘水市,二级焦,2090.00,出厂价,"A13.5S0.6 CSR65-68,干基",69,2024-04-12 00:00:00,1,0,2024-07-20 20:24:28,0,2024-07-20 20:24:28,,,
2024-04-11,六盘水市,二级焦,2090.00,出厂价,"A13.5S0.6 CSR65-68,干基",70,2024-04-11 00:00:00,1,0,2024-07-20 20:24:28,0,2024-07-20 20:24:28,,,
2024-04-10,六盘水市,二级焦,2150.00,出厂价,"A13.5S0.6 CSR65-68,干基",71,2024-04-10 00:00:00,1,0,2024-07-20 20:24:28,0,2024-07-20 20:24:28,,,
2024-04-09,六盘水市,二级焦,2150.00,出厂价,"A13.5S0.6 CSR65-68,干基",72,2024-04-09 00:00:00,1,0,2024-07-20 20:24:28,0,2024-07-20 20:24:28,,,
2024-04-08,六盘水市,二级焦,2150.00,出厂价,"A13.5S0.6 CSR65-68,干基",73,2024-04-08 00:00:00,1,0,2024-07-20 20:24:28,0,2024-07-20 20:24:28,,,
2024-04-07,六盘水市,二级焦,2150.00,出厂价,"A13.5S0.6 CSR65-68,干基",74,2024-04-07 00:00:00,1,0,2024-07-20 20:24:28,0,2024-07-20 20:24:28,,,
2024-04-03,六盘水市,二级焦,2150.00,出厂价,"A13.5S0.6 CSR65-68,干基",75,2024-04-03 00:00:00,1,0,2024-07-20 20:24:28,0,2024-07-20 20:24:28,,,
2024-04-02,六盘水市,二级焦,2150.00,出厂价,"A13.5S0.6 CSR65-68,干基",76,2024-04-02 00:00:00,1,0,2024-07-20 20:24:28,0,2024-07-20 20:24:28,,,
2024-04-01,六盘水市,二级焦,2150.00,出厂价,"A13.5S0.6 CSR65-68,干基",77,2024-04-01 00:00:00,1,0,2024-07-20 20:24:28,0,2024-07-20 20:24:28,,,
2024-03-29,六盘水市,二级焦,2150.00,出厂价,"A13.5S0.6 CSR65-68,干基",78,2024-03-29 00:00:00,1,0,2024-07-20 20:24:28,0,2024-07-20 20:24:28,,,
2024-03-28,六盘水市,二级焦,2390.00,出厂价,"A13.5S0.6 CSR65-68,干基",79,2024-03-28 00:00:00,1,0,2024-07-20 20:24:28,0,2024-07-20 20:24:28,,,
2024-03-27,六盘水市,二级焦,2390.00,出厂价,"A13.5S0.6 CSR65-68,干基",80,2024-03-27 00:00:00,1,0,2024-07-20 20:24:28,0,2024-07-20 20:24:28,,,
2024-03-26,六盘水市,二级焦,2390.00,出厂价,"A13.5S0.6 CSR65-68,干基",81,2024-03-26 00:00:00,1,0,2024-07-20 20:24:28,0,2024-07-20 20:24:28,,,
2024-03-25,六盘水市,二级焦,2390.00,出厂价,"A13.5S0.6 CSR65-68,干基",82,2024-03-25 00:00:00,1,0,2024-07-20 20:24:28,0,2024-07-20 20:24:28,,,
2024-03-22,六盘水市,二级焦,2390.00,出厂价,"A13.5S0.6 CSR65-68,干基",83,2024-03-22 00:00:00,1,0,2024-07-20 20:24:28,0,2024-07-20 20:24:28,,,
2024-03-21,六盘水市,二级焦,2390.00,出厂价,"A13.5S0.6 CSR65-68,干基",84,2024-03-21 00:00:00,1,0,2024-07-20 20:24:28,0,2024-07-20 20:24:28,,,
2024-03-20,六盘水市,二级焦,2390.00,出厂价,"A13.5S0.6 CSR65-68,干基",85,2024-03-20 00:00:00,1,0,2024-07-20 20:24:28,0,2024-07-20 20:24:28,,,
2024-03-19,六盘水市,二级焦,2390.00,出厂价,"A13.5S0.6 CSR65-68,干基",86,2024-03-19 00:00:00,1,0,2024-07-20 20:24:28,0,2024-07-20 20:24:28,,,
2024-03-18,六盘水市,二级焦,2390.00,出厂价,"A13.5S0.6 CSR65-68,干基",87,2024-03-18 00:00:00,1,0,2024-07-20 20:24:28,0,2024-07-20 20:24:28,,,
2024-03-15,六盘水市,二级焦,2390.00,出厂价,"A13.5S0.6 CSR65-68,干基",88,2024-03-15 00:00:00,1,0,2024-07-20 20:24:28,0,2024-07-20 20:24:28,,,
2024-03-14,六盘水市,二级焦,2390.00,出厂价,"A13.5S0.6 CSR65-68,干基",89,2024-03-14 00:00:00,1,0,2024-07-20 20:24:28,0,2024-07-20 20:24:28,,,
2024-03-13,六盘水市,二级焦,2390.00,出厂价,"A13.5S0.6 CSR65-68,干基",90,2024-03-13 00:00:00,1,0,2024-07-20 20:24:28,0,2024-07-20 20:24:28,,,
2024-03-12,六盘水市,二级焦,2490.00,出厂价,"A13.5S0.6 CSR65-68,干基",91,2024-03-12 00:00:00,1,0,2024-07-20 20:24:31,0,2024-07-20 20:24:31,,,
2024-03-11,六盘水市,二级焦,2490.00,出厂价,"A13.5S0.6 CSR65-68,干基",92,2024-03-11 00:00:00,1,0,2024-07-20 20:24:31,0,2024-07-20 20:24:31,,,
2024-03-08,六盘水市,二级焦,2490.00,出厂价,"A13.5S0.6 CSR65-68,干基",93,2024-03-08 00:00:00,1,0,2024-07-20 20:24:31,0,2024-07-20 20:24:31,,,
2024-03-07,六盘水市,二级焦,2490.00,出厂价,"A13.5S0.6 CSR65-68,干基",94,2024-03-07 00:00:00,1,0,2024-07-20 20:24:31,0,2024-07-20 20:24:31,,,
2024-03-06,六盘水市,二级焦,2490.00,出厂价,"A13.5S0.6 CSR65-68,干基",95,2024-03-06 00:00:00,1,0,2024-07-20 20:24:31,0,2024-07-20 20:24:31,,,
2024-03-05,六盘水市,二级焦,2490.00,出厂价,"A13.5S0.6 CSR65-68,干基",96,2024-03-05 00:00:00,1,0,2024-07-20 20:24:31,0,2024-07-20 20:24:31,,,
2024-03-04,六盘水市,二级焦,2490.00,出厂价,"A13.5S0.6 CSR65-68,干基",97,2024-03-04 00:00:00,1,0,2024-07-20 20:24:31,0,2024-07-20 20:24:31,,,
2024-03-01,六盘水市,二级焦,2490.00,出厂价,"A13.5S0.6 CSR65-68,干基",98,2024-03-01 00:00:00,1,0,2024-07-20 20:24:31,0,2024-07-20 20:24:31,,,
2024-02-29,六盘水市,二级焦,2490.00,出厂价,"A13.5S0.6 CSR65-68,干基",99,2024-02-29 00:00:00,1,0,2024-07-20 20:24:31,0,2024-07-20 20:24:31,,,
2024-02-28,六盘水市,二级焦,2490.00,出厂价,"A13.5S0.6 CSR65-68,干基",100,2024-02-28 00:00:00,1,0,2024-07-20 20:24:31,0,2024-07-20 20:24:31,,,
2024-02-27,六盘水市,二级焦,2490.00,出厂价,"A13.5S0.6 CSR65-68,干基",101,2024-02-27 00:00:00,1,0,2024-07-20 20:24:31,0,2024-07-20 20:24:31,,,
2024-02-26,六盘水市,二级焦,2490.00,出厂价,"A13.5S0.6 CSR65-68,干基",102,2024-02-26 00:00:00,1,0,2024-07-20 20:24:31,0,2024-07-20 20:24:31,,,
2024-02-23,六盘水市,二级焦,2490.00,出厂价,"A13.5S0.6 CSR65-68,干基",103,2024-02-23 00:00:00,1,0,2024-07-20 20:24:31,0,2024-07-20 20:24:31,,,
2024-02-22,六盘水市,二级焦,2490.00,出厂价,"A13.5S0.6 CSR65-68,干基",104,2024-02-22 00:00:00,1,0,2024-07-20 20:24:31,0,2024-07-20 20:24:31,,,
2024-02-21,六盘水市,二级焦,2490.00,出厂价,"A13.5S0.6 CSR65-68,干基",105,2024-02-21 00:00:00,1,0,2024-07-20 20:24:31,0,2024-07-20 20:24:31,,,
2024-02-20,六盘水市,二级焦,2490.00,出厂价,"A13.5S0.6 CSR65-68,干基",106,2024-02-20 00:00:00,1,0,2024-07-20 20:24:31,0,2024-07-20 20:24:31,,,
2024-02-19,六盘水市,二级焦,2690.00,出厂价,"A13.5S0.6 CSR65-68,干基",107,2024-02-19 00:00:00,1,0,2024-07-20 20:24:31,0,2024-07-20 20:24:31,,,
2024-02-18,六盘水市,二级焦,2690.00,出厂价,"A13.5S0.6 CSR65-68,干基",108,2024-02-18 00:00:00,1,0,2024-07-20 20:24:31,0,2024-07-20 20:24:31,,,
2024-02-09,六盘水市,二级焦,2690.00,出厂价,"A13.5S0.6 CSR65-68,干基",109,2024-02-09 00:00:00,1,0,2024-07-20 20:24:31,0,2024-07-20 20:24:31,,,
2024-02-08,六盘水市,二级焦,2690.00,出厂价,"A13.5S0.6 CSR65-68,干基",110,2024-02-08 00:00:00,1,0,2024-07-20 20:24:31,0,2024-07-20 20:24:31,,,
2024-02-07,六盘水市,二级焦,2690.00,出厂价,"A13.5S0.6 CSR65-68,干基",111,2024-02-07 00:00:00,1,0,2024-07-20 20:24:31,0,2024-07-20 20:24:31,,,
2024-02-06,六盘水市,二级焦,2690.00,出厂价,"A13.5S0.6 CSR65-68,干基",112,2024-02-06 00:00:00,1,0,2024-07-20 20:24:31,0,2024-07-20 20:24:31,,,
2024-02-05,六盘水市,二级焦,2690.00,出厂价,"A13.5S0.6 CSR65-68,干基",113,2024-02-05 00:00:00,1,0,2024-07-20 20:24:31,0,2024-07-20 20:24:31,,,
2024-02-04,六盘水市,二级焦,2690.00,出厂价,"A13.5S0.6 CSR65-68,干基",114,2024-02-04 00:00:00,1,0,2024-07-20 20:24:31,0,2024-07-20 20:24:31,,,
2024-02-02,六盘水市,二级焦,2690.00,出厂价,"A13.5S0.6 CSR65-68,干基",115,2024-02-02 00:00:00,1,0,2024-07-20 20:24:31,0,2024-07-20 20:24:31,,,
2024-02-01,六盘水市,二级焦,2690.00,出厂价,"A13.5S0.6 CSR65-68,干基",116,2024-02-01 00:00:00,1,0,2024-07-20 20:24:31,0,2024-07-20 20:24:31,,,
2024-01-31,六盘水市,二级焦,2690.00,出厂价,"A13.5S0.6 CSR65-68,干基",117,2024-01-31 00:00:00,1,0,2024-07-20 20:24:31,0,2024-07-20 20:24:31,,,
2024-01-30,六盘水市,二级焦,2690.00,出厂价,"A13.5S0.6 CSR65-68,干基",118,2024-01-30 00:00:00,1,0,2024-07-20 20:24:31,0,2024-07-20 20:24:31,,,
2024-01-29,六盘水市,二级焦,2690.00,出厂价,"A13.5S0.6 CSR65-68,干基",119,2024-01-29 00:00:00,1,0,2024-07-20 20:24:31,0,2024-07-20 20:24:31,,,
2024-01-26,六盘水市,二级焦,2690.00,出厂价,"A13.5S0.6 CSR65-68,干基",120,2024-01-26 00:00:00,1,0,2024-07-20 20:24:31,0,2024-07-20 20:24:31,,,
2024-01-25,六盘水市,二级焦,2690.00,出厂价,"A13.5S0.6 CSR65-68,干基",121,2024-01-25 00:00:00,1,0,2024-07-20 20:24:35,0,2024-07-20 20:24:35,,,
2024-01-24,六盘水市,二级焦,2690.00,出厂价,"A13.5S0.6 CSR65-68,干基",122,2024-01-24 00:00:00,1,0,2024-07-20 20:24:35,0,2024-07-20 20:24:35,,,
2024-01-23,六盘水市,二级焦,2690.00,出厂价,"A13.5S0.6 CSR65-68,干基",123,2024-01-23 00:00:00,1,0,2024-07-20 20:24:35,0,2024-07-20 20:24:35,,,
2024-01-22,六盘水市,二级焦,2690.00,出厂价,"A13.5S0.6 CSR65-68,干基",124,2024-01-22 00:00:00,1,0,2024-07-20 20:24:35,0,2024-07-20 20:24:35,,,
2024-01-19,六盘水市,二级焦,2690.00,出厂价,"A13.5S0.6 CSR65-68,干基",125,2024-01-19 00:00:00,1,0,2024-07-20 20:24:35,0,2024-07-20 20:24:35,,,
2024-01-18,六盘水市,二级焦,2690.00,出厂价,"A13.5S0.6 CSR65-68,干基",126,2024-01-18 00:00:00,1,0,2024-07-20 20:24:35,0,2024-07-20 20:24:35,,,
2024-01-17,六盘水市,二级焦,2690.00,出厂价,"A13.5S0.6 CSR65-68,干基",127,2024-01-17 00:00:00,1,0,2024-07-20 20:24:35,0,2024-07-20 20:24:35,,,
2024-01-16,六盘水市,二级焦,2690.00,出厂价,"A13.5S0.6 CSR65-68,干基",128,2024-01-16 00:00:00,1,0,2024-07-20 20:24:35,0,2024-07-20 20:24:35,,,
2024-01-15,六盘水市,二级焦,2690.00,出厂价,"A13.5S0.6 CSR65-68,干基",129,2024-01-15 00:00:00,1,0,2024-07-20 20:24:35,0,2024-07-20 20:24:35,,,
2024-01-12,六盘水市,二级焦,2690.00,出厂价,"A13.5S0.6 CSR65-68,干基",130,2024-01-12 00:00:00,1,0,2024-07-20 20:24:35,0,2024-07-20 20:24:35,,,
2024-01-11,六盘水市,二级焦,2690.00,出厂价,"A13.5S0.6 CSR65-68,干基",131,2024-01-11 00:00:00,1,0,2024-07-20 20:24:35,0,2024-07-20 20:24:35,,,
2024-01-10,六盘水市,二级焦,2690.00,出厂价,"A13.5S0.6 CSR65-68,干基",132,2024-01-10 00:00:00,1,0,2024-07-20 20:24:35,0,2024-07-20 20:24:35,,,
2024-01-09,六盘水市,二级焦,2690.00,出厂价,"A13.5S0.6 CSR65-68,干基",133,2024-01-09 00:00:00,1,0,2024-07-20 20:24:35,0,2024-07-20 20:24:35,,,
2024-01-08,六盘水市,二级焦,2690.00,出厂价,"A13.5S0.6 CSR65-68,干基",134,2024-01-08 00:00:00,1,0,2024-07-20 20:24:35,0,2024-07-20 20:24:35,,,
2024-01-05,六盘水市,二级焦,2690.00,出厂价,"A13.5S0.6 CSR65-68,干基",135,2024-01-05 00:00:00,1,0,2024-07-20 20:24:35,0,2024-07-20 20:24:35,,,
2024-01-04,六盘水市,二级焦,2590.00,出厂价,"A13.5S0.6 CSR65-68,干基",136,2024-01-04 00:00:00,1,0,2024-07-20 20:24:35,0,2024-07-20 20:24:35,,,
2024-01-03,六盘水市,二级焦,2590.00,出厂价,"A13.5S0.6 CSR65-68,干基",137,2024-01-03 00:00:00,1,0,2024-07-20 20:24:35,0,2024-07-20 20:24:35,,,
2024-01-02,六盘水市,二级焦,2590.00,出厂价,"A13.5S0.6 CSR65-68,干基",138,2024-01-02 00:00:00,1,0,2024-07-20 20:24:35,0,2024-07-20 20:24:35,,,
2023-12-29,六盘水市,二级焦,2590.00,出厂价,"A13.5S0.6 CSR65-68,干基",139,2023-12-29 00:00:00,1,0,2024-07-20 20:24:35,0,2024-07-20 20:24:35,,,
2023-12-28,六盘水市,二级焦,2590.00,出厂价,"A13.5S0.6 CSR65-68,干基",140,2023-12-28 00:00:00,1,0,2024-07-20 20:24:35,0,2024-07-20 20:24:35,,,
2023-12-27,六盘水市,二级焦,2590.00,出厂价,"A13.5S0.6 CSR65-68,干基",141,2023-12-27 00:00:00,1,0,2024-07-20 20:24:35,0,2024-07-20 20:24:35,,,
2023-12-26,六盘水市,二级焦,2590.00,出厂价,"A13.5S0.6 CSR65-68,干基",142,2023-12-26 00:00:00,1,0,2024-07-20 20:24:35,0,2024-07-20 20:24:35,,,
2023-12-25,六盘水市,二级焦,2590.00,出厂价,"A13.5S0.6 CSR65-68,干基",143,2023-12-25 00:00:00,1,0,2024-07-20 20:24:35,0,2024-07-20 20:24:35,,,
2023-12-22,六盘水市,二级焦,2590.00,出厂价,"A13.5S0.6 CSR65-68,干基",144,2023-12-22 00:00:00,1,0,2024-07-20 20:24:35,0,2024-07-20 20:24:35,,,
2023-12-21,六盘水市,二级焦,2590.00,出厂价,"A13.5S0.6 CSR65-68,干基",145,2023-12-21 00:00:00,1,0,2024-07-20 20:24:35,0,2024-07-20 20:24:35,,,
2023-12-20,六盘水市,二级焦,2590.00,出厂价,"A13.5S0.6 CSR65-68,干基",146,2023-12-20 00:00:00,1,0,2024-07-20 20:24:35,0,2024-07-20 20:24:35,,,
2023-12-19,六盘水市,二级焦,2590.00,出厂价,"A13.5S0.6 CSR65-68,干基",147,2023-12-19 00:00:00,1,0,2024-07-20 20:24:35,0,2024-07-20 20:24:35,,,
2023-12-18,六盘水市,二级焦,2590.00,出厂价,"A13.5S0.6 CSR65-68,干基",148,2023-12-18 00:00:00,1,0,2024-07-20 20:24:35,0,2024-07-20 20:24:35,,,
2023-12-15,六盘水市,二级焦,2590.00,出厂价,"A13.5S0.6 CSR65-68,干基",149,2023-12-15 00:00:00,1,0,2024-07-20 20:24:35,0,2024-07-20 20:24:35,,,
2023-12-14,六盘水市,二级焦,2590.00,出厂价,"A13.5S0.6 CSR65-68,干基",150,2023-12-14 00:00:00,1,0,2024-07-20 20:24:35,0,2024-07-20 20:24:35,,,
2023-12-13,六盘水市,二级焦,2590.00,出厂价,"A13.5S0.6 CSR65-68,干基",151,2023-12-13 00:00:00,1,0,2024-07-20 20:24:38,0,2024-07-20 20:24:38,,,
2023-12-12,六盘水市,二级焦,2490.00,出厂价,"A13.5S0.6 CSR65-68,干基",152,2023-12-12 00:00:00,1,0,2024-07-20 20:24:38,0,2024-07-20 20:24:38,,,
2023-12-11,六盘水市,二级焦,2490.00,出厂价,"A13.5S0.6 CSR65-68,干基",153,2023-12-11 00:00:00,1,0,2024-07-20 20:24:38,0,2024-07-20 20:24:38,,,
2023-12-08,六盘水市,二级焦,2490.00,出厂价,"A13.5S0.6 CSR65-68,干基",154,2023-12-08 00:00:00,1,0,2024-07-20 20:24:38,0,2024-07-20 20:24:38,,,
2023-12-07,六盘水市,二级焦,2490.00,出厂价,"A13.5S0.6 CSR65-68,干基",155,2023-12-07 00:00:00,1,0,2024-07-20 20:24:38,0,2024-07-20 20:24:38,,,
2023-12-06,六盘水市,二级焦,2490.00,出厂价,"A13.5S0.6 CSR65-68,干基",156,2023-12-06 00:00:00,1,0,2024-07-20 20:24:38,0,2024-07-20 20:24:38,,,
2023-12-05,六盘水市,二级焦,2490.00,出厂价,"A13.5S0.6 CSR65-68,干基",157,2023-12-05 00:00:00,1,0,2024-07-20 20:24:38,0,2024-07-20 20:24:38,,,
2023-12-04,六盘水市,二级焦,2490.00,出厂价,"A13.5S0.6 CSR65-68,干基",158,2023-12-04 00:00:00,1,0,2024-07-20 20:24:38,0,2024-07-20 20:24:38,,,
2023-12-01,六盘水市,二级焦,2490.00,出厂价,"A13.5S0.6 CSR65-68,干基",159,2023-12-01 00:00:00,1,0,2024-07-20 20:24:38,0,2024-07-20 20:24:38,,,
2023-11-30,六盘水市,二级焦,2490.00,出厂价,"A13.5S0.6 CSR65-68,干基",160,2023-11-30 00:00:00,1,0,2024-07-20 20:24:38,0,2024-07-20 20:24:38,,,
2023-11-29,六盘水市,二级焦,2490.00,出厂价,"A13.5S0.6 CSR65-68,干基",161,2023-11-29 00:00:00,1,0,2024-07-20 20:24:38,0,2024-07-20 20:24:38,,,
2023-11-28,六盘水市,二级焦,2390.00,出厂价,"A13.5S0.6 CSR65-68,干基",162,2023-11-28 00:00:00,1,0,2024-07-20 20:24:38,0,2024-07-20 20:24:38,,,
2023-11-27,六盘水市,二级焦,2390.00,出厂价,"A13.5S0.6 CSR65-68,干基",163,2023-11-27 00:00:00,1,0,2024-07-20 20:24:38,0,2024-07-20 20:24:38,,,
2023-11-24,六盘水市,二级焦,2390.00,出厂价,"A13.5S0.6 CSR65-68,干基",164,2023-11-24 00:00:00,1,0,2024-07-20 20:24:38,0,2024-07-20 20:24:38,,,
2023-11-23,六盘水市,二级焦,2390.00,出厂价,"A13.5S0.6 CSR65-68,干基",165,2023-11-23 00:00:00,1,0,2024-07-20 20:24:38,0,2024-07-20 20:24:38,,,
2023-11-22,六盘水市,二级焦,2390.00,出厂价,"A13.5S0.6 CSR65-68,干基",166,2023-11-22 00:00:00,1,0,2024-07-20 20:24:38,0,2024-07-20 20:24:38,,,
2023-11-21,六盘水市,二级焦,2390.00,出厂价,"A13.5S0.6 CSR65-68,干基",167,2023-11-21 00:00:00,1,0,2024-07-20 20:24:38,0,2024-07-20 20:24:38,,,
2023-11-20,六盘水市,二级焦,2390.00,出厂价,"A13.5S0.6 CSR65-68,干基",168,2023-11-20 00:00:00,1,0,2024-07-20 20:24:38,0,2024-07-20 20:24:38,,,
2023-11-17,六盘水市,二级焦,2490.00,出厂价,"A13.5S0.6 CSR65-68,干基",169,2023-11-17 00:00:00,1,0,2024-07-20 20:24:38,0,2024-07-20 20:24:38,,,
2023-11-16,六盘水市,二级焦,2490.00,出厂价,"A13.5S0.6 CSR65-68,干基",170,2023-11-16 00:00:00,1,0,2024-07-20 20:24:38,0,2024-07-20 20:24:38,,,
2023-11-15,六盘水市,二级焦,2490.00,出厂价,"A13.5S0.6 CSR65-68,干基",171,2023-11-15 00:00:00,1,0,2024-07-20 20:24:38,0,2024-07-20 20:24:38,,,
2023-11-14,六盘水市,二级焦,2490.00,出厂价,"A13.5S0.6 CSR65-68,干基",172,2023-11-14 00:00:00,1,0,2024-07-20 20:24:38,0,2024-07-20 20:24:38,,,
2023-11-13,六盘水市,二级焦,2490.00,出厂价,"A13.5S0.6 CSR65-68,干基",173,2023-11-13 00:00:00,1,0,2024-07-20 20:24:38,0,2024-07-20 20:24:38,,,
2023-11-10,六盘水市,二级焦,2490.00,出厂价,"A13.5S0.6 CSR65-68,干基",174,2023-11-10 00:00:00,1,0,2024-07-20 20:24:38,0,2024-07-20 20:24:38,,,
2023-11-09,六盘水市,二级焦,2490.00,出厂价,"A13.5S0.6 CSR65-68,干基",175,2023-11-09 00:00:00,1,0,2024-07-20 20:24:38,0,2024-07-20 20:24:38,,,
2023-11-08,六盘水市,二级焦,2490.00,出厂价,"A13.5S0.6 CSR65-68,干基",176,2023-11-08 00:00:00,1,0,2024-07-20 20:24:38,0,2024-07-20 20:24:38,,,
2023-11-07,六盘水市,二级焦,2490.00,出厂价,"A13.5S0.6 CSR65-68,干基",177,2023-11-07 00:00:00,1,0,2024-07-20 20:24:38,0,2024-07-20 20:24:38,,,
2023-11-06,六盘水市,二级焦,2490.00,出厂价,"A13.5S0.6 CSR65-68,干基",178,2023-11-06 00:00:00,1,0,2024-07-20 20:24:38,0,2024-07-20 20:24:38,,,
2023-11-03,六盘水市,二级焦,2490.00,出厂价,"A13.5S0.6 CSR65-68,干基",179,2023-11-03 00:00:00,1,0,2024-07-20 20:24:38,0,2024-07-20 20:24:38,,,
2023-11-02,六盘水市,二级焦,2490.00,出厂价,"A13.5S0.6 CSR65-68,干基",180,2023-11-02 00:00:00,1,0,2024-07-20 20:24:38,0,2024-07-20 20:24:38,,,
2023-11-01,六盘水市,二级焦,2490.00,出厂价,"A13.5S0.6 CSR65-68,干基",181,2023-11-01 00:00:00,1,0,2024-07-20 20:24:41,0,2024-07-20 20:24:41,,,
2023-10-31,六盘水市,二级焦,2390.00,出厂价,"A13.5S0.6 CSR65-68,干基",182,2023-10-31 00:00:00,1,0,2024-07-20 20:24:41,0,2024-07-20 20:24:41,,,
2023-10-30,六盘水市,二级焦,2390.00,出厂价,"A13.5S0.6 CSR65-68,干基",183,2023-10-30 00:00:00,1,0,2024-07-20 20:24:41,0,2024-07-20 20:24:41,,,
2023-10-27,六盘水市,二级焦,2390.00,出厂价,"A13.5S0.6 CSR65-68,干基",184,2023-10-27 00:00:00,1,0,2024-07-20 20:24:41,0,2024-07-20 20:24:41,,,
2023-10-26,六盘水市,二级焦,2390.00,出厂价,"A13.5S0.6 CSR65-68,干基",185,2023-10-26 00:00:00,1,0,2024-07-20 20:24:41,0,2024-07-20 20:24:41,,,
2023-10-25,六盘水市,二级焦,2390.00,出厂价,"A13.5S0.6 CSR65-68,干基",186,2023-10-25 00:00:00,1,0,2024-07-20 20:24:41,0,2024-07-20 20:24:41,,,
2023-10-24,六盘水市,二级焦,2390.00,出厂价,"A13.5S0.6 CSR65-68,干基",187,2023-10-24 00:00:00,1,0,2024-07-20 20:24:41,0,2024-07-20 20:24:41,,,
2023-10-23,六盘水市,二级焦,2390.00,出厂价,"A13.5S0.6 CSR65-68,干基",188,2023-10-23 00:00:00,1,0,2024-07-20 20:24:41,0,2024-07-20 20:24:41,,,
2023-10-20,六盘水市,二级焦,2390.00,出厂价,"A13.5S0.6 CSR65-68,干基",189,2023-10-20 00:00:00,1,0,2024-07-20 20:24:41,0,2024-07-20 20:24:41,,,
2023-10-19,六盘水市,二级焦,2390.00,出厂价,"A13.5S0.6 CSR65-68,干基",190,2023-10-19 00:00:00,1,0,2024-07-20 20:24:41,0,2024-07-20 20:24:41,,,
2023-10-18,六盘水市,二级焦,2390.00,出厂价,"A13.5S0.6 CSR65-68,干基",191,2023-10-18 00:00:00,1,0,2024-07-20 20:24:41,0,2024-07-20 20:24:41,,,
2023-10-17,六盘水市,二级焦,2390.00,出厂价,"A13.5S0.6 CSR65-68,干基",192,2023-10-17 00:00:00,1,0,2024-07-20 20:24:41,0,2024-07-20 20:24:41,,,
2023-10-16,六盘水市,二级焦,2390.00,出厂价,"A13.5S0.6 CSR65-68,干基",193,2023-10-16 00:00:00,1,0,2024-07-20 20:24:41,0,2024-07-20 20:24:41,,,
2023-10-13,六盘水市,二级焦,2390.00,出厂价,"A13.5S0.6 CSR65-68,干基",194,2023-10-13 00:00:00,1,0,2024-07-20 20:24:41,0,2024-07-20 20:24:41,,,
2023-10-12,六盘水市,二级焦,2390.00,出厂价,"A13.5S0.6 CSR65-68,干基",195,2023-10-12 00:00:00,1,0,2024-07-20 20:24:41,0,2024-07-20 20:24:41,,,
2023-10-11,六盘水市,二级焦,2390.00,出厂价,"A13.5S0.6 CSR65-68,干基",196,2023-10-11 00:00:00,1,0,2024-07-20 20:24:41,0,2024-07-20 20:24:41,,,
2023-10-10,六盘水市,二级焦,2390.00,出厂价,"A13.5S0.6 CSR65-68,干基",197,2023-10-10 00:00:00,1,0,2024-07-20 20:24:41,0,2024-07-20 20:24:41,,,
2023-10-09,六盘水市,二级焦,2390.00,出厂价,"A13.5S0.6 CSR65-68,干基",198,2023-10-09 00:00:00,1,0,2024-07-20 20:24:41,0,2024-07-20 20:24:41,,,
2023-10-08,六盘水市,二级焦,2390.00,出厂价,"A13.5S0.6 CSR65-68,干基",199,2023-10-08 00:00:00,1,0,2024-07-20 20:24:41,0,2024-07-20 20:24:41,,,
2023-10-07,六盘水市,二级焦,2390.00,出厂价,"A13.5S0.6 CSR65-68,干基",200,2023-10-07 00:00:00,1,0,2024-07-20 20:24:41,0,2024-07-20 20:24:41,,,
2023-09-28,六盘水市,二级焦,2390.00,出厂价,"A13.5S0.6 CSR65-68,干基",201,2023-09-28 00:00:00,1,0,2024-07-20 20:24:41,0,2024-07-20 20:24:41,,,
2023-09-27,六盘水市,二级焦,2360.00,出厂价,"A13.5S0.6 CSR65-68,干基",202,2023-09-27 00:00:00,1,0,2024-07-20 20:24:41,0,2024-07-20 20:24:41,,,
2023-09-26,六盘水市,二级焦,2360.00,出厂价,"A13.5S0.6 CSR65-68,干基",203,2023-09-26 00:00:00,1,0,2024-07-20 20:24:41,0,2024-07-20 20:24:41,,,
2023-09-25,六盘水市,二级焦,2360.00,出厂价,"A13.5S0.6 CSR65-68,干基",204,2023-09-25 00:00:00,1,0,2024-07-20 20:24:41,0,2024-07-20 20:24:41,,,
2023-09-22,六盘水市,二级焦,2360.00,出厂价,"A13.5S0.6 CSR65-68,干基",205,2023-09-22 00:00:00,1,0,2024-07-20 20:24:41,0,2024-07-20 20:24:41,,,
2023-09-21,六盘水市,二级焦,2360.00,出厂价,"A13.5S0.6 CSR65-68,干基",206,2023-09-21 00:00:00,1,0,2024-07-20 20:24:41,0,2024-07-20 20:24:41,,,
2023-09-20,六盘水市,二级焦,2420.00,出厂价,"A13.5S0.6 CSR65-68,干基",207,2023-09-20 00:00:00,1,0,2024-07-20 20:24:41,0,2024-07-20 20:24:41,,,
2023-09-19,六盘水市,二级焦,2420.00,出厂价,"A13.5S0.6 CSR65-68,干基",208,2023-09-19 00:00:00,1,0,2024-07-20 20:24:41,0,2024-07-20 20:24:41,,,
2023-09-18,六盘水市,二级焦,2420.00,出厂价,"A13.5S0.6 CSR65-68,干基",209,2023-09-18 00:00:00,1,0,2024-07-20 20:24:41,0,2024-07-20 20:24:41,,,
2023-09-15,六盘水市,二级焦,2420.00,出厂价,"A13.5S0.6 CSR65-68,干基",210,2023-09-15 00:00:00,1,0,2024-07-20 20:24:41,0,2024-07-20 20:24:41,,,
2023-09-14,六盘水市,二级焦,2420.00,出厂价,"A13.5S0.6 CSR65-68,干基",211,2023-09-14 00:00:00,1,0,2024-07-20 20:24:44,0,2024-07-20 20:24:44,,,
2023-09-13,六盘水市,二级焦,2420.00,出厂价,"A13.5S0.6 CSR65-68,干基",212,2023-09-13 00:00:00,1,0,2024-07-20 20:24:44,0,2024-07-20 20:24:44,,,
2023-09-12,六盘水市,二级焦,2420.00,出厂价,"A13.5S0.6 CSR65-68,干基",213,2023-09-12 00:00:00,1,0,2024-07-20 20:24:44,0,2024-07-20 20:24:44,,,
2023-09-11,六盘水市,二级焦,2420.00,出厂价,"A13.5S0.6 CSR65-68,干基",214,2023-09-11 00:00:00,1,0,2024-07-20 20:24:44,0,2024-07-20 20:24:44,,,
2023-09-08,六盘水市,二级焦,2420.00,出厂价,"A13.5S0.6 CSR65-68,干基",215,2023-09-08 00:00:00,1,0,2024-07-20 20:24:44,0,2024-07-20 20:24:44,,,
2023-09-07,六盘水市,二级焦,2420.00,出厂价,"A13.5S0.6 CSR65-68,干基",216,2023-09-07 00:00:00,1,0,2024-07-20 20:24:44,0,2024-07-20 20:24:44,,,
2023-09-06,六盘水市,二级焦,2420.00,出厂价,"A13.5S0.6 CSR65-68,干基",217,2023-09-06 00:00:00,1,0,2024-07-20 20:24:44,0,2024-07-20 20:24:44,,,
2023-09-05,六盘水市,二级焦,2420.00,出厂价,"A13.5S0.6 CSR65-68,干基",218,2023-09-05 00:00:00,1,0,2024-07-20 20:24:44,0,2024-07-20 20:24:44,,,
2023-09-04,六盘水市,二级焦,2420.00,出厂价,"A13.5S0.6 CSR65-68,干基",219,2023-09-04 00:00:00,1,0,2024-07-20 20:24:44,0,2024-07-20 20:24:44,,,
2023-09-01,六盘水市,二级焦,2420.00,出厂价,"A13.5S0.6 CSR65-68,干基",220,2023-09-01 00:00:00,1,0,2024-07-20 20:24:44,0,2024-07-20 20:24:44,,,
2023-08-31,六盘水市,二级焦,2420.00,出厂价,"A13.5S0.6 CSR65-68,干基",221,2023-08-31 00:00:00,1,0,2024-07-20 20:24:44,0,2024-07-20 20:24:44,,,
2023-08-30,六盘水市,二级焦,2420.00,出厂价,"A13.5S0.6 CSR65-68,干基",222,2023-08-30 00:00:00,1,0,2024-07-20 20:24:44,0,2024-07-20 20:24:44,,,
2023-08-29,六盘水市,二级焦,2420.00,出厂价,"A13.5S0.6 CSR65-68,干基",223,2023-08-29 00:00:00,1,0,2024-07-20 20:24:44,0,2024-07-20 20:24:44,,,
2023-08-28,六盘水市,二级焦,2420.00,出厂价,"A13.5S0.6 CSR65-68,干基",224,2023-08-28 00:00:00,1,0,2024-07-20 20:24:44,0,2024-07-20 20:24:44,,,
2023-08-25,六盘水市,二级焦,2420.00,出厂价,"A13.5S0.6 CSR65-68,干基",225,2023-08-25 00:00:00,1,0,2024-07-20 20:24:44,0,2024-07-20 20:24:44,,,
2023-08-24,六盘水市,二级焦,2420.00,出厂价,"A13.5S0.6 CSR65-68,干基",226,2023-08-24 00:00:00,1,0,2024-07-20 20:24:44,0,2024-07-20 20:24:44,,,
2023-08-23,六盘水市,二级焦,2420.00,出厂价,"A13.5S0.6 CSR65-68,干基",227,2023-08-23 00:00:00,1,0,2024-07-20 20:24:44,0,2024-07-20 20:24:44,,,
2023-08-22,六盘水市,二级焦,2420.00,出厂价,"A13.5S0.6 CSR65-68,干基",228,2023-08-22 00:00:00,1,0,2024-07-20 20:24:44,0,2024-07-20 20:24:44,,,
2023-08-21,六盘水市,二级焦,2420.00,出厂价,"A13.5S0.6 CSR65-68,干基",229,2023-08-21 00:00:00,1,0,2024-07-20 20:24:44,0,2024-07-20 20:24:44,,,
2023-08-18,六盘水市,二级焦,2420.00,出厂价,"A13.5S0.6 CSR65-68,干基",230,2023-08-18 00:00:00,1,0,2024-07-20 20:24:44,0,2024-07-20 20:24:44,,,
2023-08-17,六盘水市,二级焦,2420.00,出厂价,"A13.5S0.6 CSR65-68,干基",231,2023-08-17 00:00:00,1,0,2024-07-20 20:24:44,0,2024-07-20 20:24:44,,,
2023-08-16,六盘水市,二级焦,2420.00,出厂价,"A13.5S0.6 CSR65-68,干基",232,2023-08-16 00:00:00,1,0,2024-07-20 20:24:44,0,2024-07-20 20:24:44,,,
2023-08-15,六盘水市,二级焦,2420.00,出厂价,"A13.5S0.6 CSR65-68,干基",233,2023-08-15 00:00:00,1,0,2024-07-20 20:24:44,0,2024-07-20 20:24:44,,,
2023-08-14,六盘水市,二级焦,2420.00,出厂价,"A13.5S0.6 CSR65-68,干基",234,2023-08-14 00:00:00,1,0,2024-07-20 20:24:44,0,2024-07-20 20:24:44,,,
2023-08-11,六盘水市,二级焦,2420.00,出厂价,"A13.5S0.6 CSR65-68,干基",235,2023-08-11 00:00:00,1,0,2024-07-20 20:24:44,0,2024-07-20 20:24:44,,,
2023-08-10,六盘水市,二级焦,2420.00,出厂价,"A13.5S0.6 CSR65-68,干基",236,2023-08-10 00:00:00,1,0,2024-07-20 20:24:44,0,2024-07-20 20:24:44,,,
2023-08-09,六盘水市,二级焦,2420.00,出厂价,"A13.5S0.6 CSR65-68,干基",237,2023-08-09 00:00:00,1,0,2024-07-20 20:24:44,0,2024-07-20 20:24:44,,,
2023-08-08,六盘水市,二级焦,2420.00,出厂价,"A13.5S0.6 CSR65-68,干基",238,2023-08-08 00:00:00,1,0,2024-07-20 20:24:44,0,2024-07-20 20:24:44,,,
2023-08-07,六盘水市,二级焦,2420.00,出厂价,"A13.5S0.6 CSR65-68,干基",239,2023-08-07 00:00:00,1,0,2024-07-20 20:24:44,0,2024-07-20 20:24:44,,,
2023-08-04,六盘水市,二级焦,2420.00,出厂价,"A13.5S0.6 CSR65-68,干基",240,2023-08-04 00:00:00,1,0,2024-07-20 20:24:44,0,2024-07-20 20:24:44,,,
2023-08-03,六盘水市,二级焦,2420.00,出厂价,"A13.5S0.6 CSR65-68,干基",241,2023-08-03 00:00:00,1,0,2024-07-20 20:24:48,0,2024-07-20 20:24:48,,,
2023-08-02,六盘水市,二级焦,2320.00,出厂价,"A13.5S0.6 CSR65-68,干基",242,2023-08-02 00:00:00,1,0,2024-07-20 20:24:48,0,2024-07-20 20:24:48,,,
2023-08-01,六盘水市,二级焦,2320.00,出厂价,"A13.5S0.6 CSR65-68,干基",243,2023-08-01 00:00:00,1,0,2024-07-20 20:24:48,0,2024-07-20 20:24:48,,,
2023-07-31,六盘水市,二级焦,2320.00,出厂价,"A13.5S0.6 CSR65-68,干基",244,2023-07-31 00:00:00,1,0,2024-07-20 20:24:48,0,2024-07-20 20:24:48,,,
2023-07-28,六盘水市,二级焦,2220.00,出厂价,"A13.5S0.6 CSR65-68,干基",245,2023-07-28 00:00:00,1,0,2024-07-20 20:24:48,0,2024-07-20 20:24:48,,,
2023-07-27,六盘水市,二级焦,2220.00,出厂价,"A13.5S0.6 CSR65-68,干基",246,2023-07-27 00:00:00,1,0,2024-07-20 20:24:48,0,2024-07-20 20:24:48,,,
2023-07-26,六盘水市,二级焦,2220.00,出厂价,"A13.5S0.6 CSR65-68,干基",247,2023-07-26 00:00:00,1,0,2024-07-20 20:24:48,0,2024-07-20 20:24:48,,,
2023-07-25,六盘水市,二级焦,2220.00,出厂价,"A13.5S0.6 CSR65-68,干基",248,2023-07-25 00:00:00,1,0,2024-07-20 20:24:48,0,2024-07-20 20:24:48,,,
2023-07-24,六盘水市,二级焦,2220.00,出厂价,"A13.5S0.6 CSR65-68,干基",249,2023-07-24 00:00:00,1,0,2024-07-20 20:24:48,0,2024-07-20 20:24:48,,,
2023-07-21,六盘水市,二级焦,2220.00,出厂价,"A13.5S0.6 CSR65-68,干基",250,2023-07-21 00:00:00,1,0,2024-07-20 20:24:48,0,2024-07-20 20:24:48,,,
2023-07-20,六盘水市,二级焦,2220.00,出厂价,"A13.5S0.6 CSR65-68,干基",251,2023-07-20 00:00:00,1,0,2024-07-20 20:24:48,0,2024-07-20 20:24:48,,,
2023-07-19,六盘水市,二级焦,2220.00,出厂价,"A13.5S0.6 CSR65-68,干基",252,2023-07-19 00:00:00,1,0,2024-07-20 20:24:48,0,2024-07-20 20:24:48,,,
2023-07-18,六盘水市,二级焦,2220.00,出厂价,"A13.5S0.6 CSR65-68,干基",253,2023-07-18 00:00:00,1,0,2024-07-20 20:24:48,0,2024-07-20 20:24:48,,,
2023-07-17,六盘水市,二级焦,2220.00,出厂价,"A13.5S0.6 CSR65-68,干基",254,2023-07-17 00:00:00,1,0,2024-07-20 20:24:48,0,2024-07-20 20:24:48,,,
2023-07-14,六盘水市,二级焦,2220.00,出厂价,"A13.5S0.6 CSR65-68,干基",255,2023-07-14 00:00:00,1,0,2024-07-20 20:24:48,0,2024-07-20 20:24:48,,,
2023-07-13,六盘水市,二级焦,2220.00,出厂价,"A13.5S0.6 CSR65-68,干基",256,2023-07-13 00:00:00,1,0,2024-07-20 20:24:48,0,2024-07-20 20:24:48,,,
2023-07-12,六盘水市,二级焦,2220.00,出厂价,"A13.5S0.6 CSR65-68,干基",257,2023-07-12 00:00:00,1,0,2024-07-20 20:24:48,0,2024-07-20 20:24:48,,,
2023-07-11,六盘水市,二级焦,2220.00,出厂价,"A13.5S0.6 CSR65-68,干基",258,2023-07-11 00:00:00,1,0,2024-07-20 20:24:48,0,2024-07-20 20:24:48,,,
2023-07-10,六盘水市,二级焦,2220.00,出厂价,"A13.5S0.6 CSR65-68,干基",259,2023-07-10 00:00:00,1,0,2024-07-20 20:24:48,0,2024-07-20 20:24:48,,,
2023-07-07,六盘水市,二级焦,2320.00,出厂价,"A13.5S0.6 CSR65-68,干基",260,2023-07-07 00:00:00,1,0,2024-07-20 20:24:48,0,2024-07-20 20:24:48,,,
2023-07-06,六盘水市,二级焦,2320.00,出厂价,"A13.5S0.6 CSR65-68,干基",261,2023-07-06 00:00:00,1,0,2024-07-20 20:24:48,0,2024-07-20 20:24:48,,,
2023-07-05,六盘水市,二级焦,2320.00,出厂价,"A13.5S0.6 CSR65-68,干基",262,2023-07-05 00:00:00,1,0,2024-07-20 20:24:48,0,2024-07-20 20:24:48,,,
2023-07-04,六盘水市,二级焦,2320.00,出厂价,"A13.5S0.6 CSR65-68,干基",263,2023-07-04 00:00:00,1,0,2024-07-20 20:24:48,0,2024-07-20 20:24:48,,,
2023-07-03,六盘水市,二级焦,2320.00,出厂价,"A13.5S0.6 CSR65-68,干基",264,2023-07-03 00:00:00,1,0,2024-07-20 20:24:48,0,2024-07-20 20:24:48,,,
2023-06-30,六盘水市,二级焦,2320.00,出厂价,"A13.5S0.6 CSR65-68,干基",265,2023-06-30 00:00:00,1,0,2024-07-20 20:24:48,0,2024-07-20 20:24:48,,,
2023-06-29,六盘水市,二级焦,2320.00,出厂价,"A13.5S0.6 CSR65-68,干基",266,2023-06-29 00:00:00,1,0,2024-07-20 20:24:48,0,2024-07-20 20:24:48,,,
2023-06-28,六盘水市,二级焦,2320.00,出厂价,"A13.5S0.6 CSR65-68,干基",267,2023-06-28 00:00:00,1,0,2024-07-20 20:24:48,0,2024-07-20 20:24:48,,,
2023-06-27,六盘水市,二级焦,2320.00,出厂价,"A13.5S0.6 CSR65-68,干基",268,2023-06-27 00:00:00,1,0,2024-07-20 20:24:48,0,2024-07-20 20:24:48,,,
2023-06-26,六盘水市,二级焦,2320.00,出厂价,"A13.5S0.6 CSR65-68,干基",269,2023-06-26 00:00:00,1,0,2024-07-20 20:24:48,0,2024-07-20 20:24:48,,,
2023-06-25,六盘水市,二级焦,2320.00,出厂价,"A13.5S0.6 CSR65-68,干基",270,2023-06-25 00:00:00,1,0,2024-07-20 20:24:48,0,2024-07-20 20:24:48,,,
2023-06-21,六盘水市,二级焦,2320.00,出厂价,"A13.5S0.6 CSR65-68,干基",271,2023-06-21 00:00:00,1,0,2024-07-20 20:24:52,0,2024-07-20 20:24:52,,,
2023-06-20,六盘水市,二级焦,2320.00,出厂价,"A13.5S0.6 CSR65-68,干基",272,2023-06-20 00:00:00,1,0,2024-07-20 20:24:52,0,2024-07-20 20:24:52,,,
2023-06-19,六盘水市,二级焦,2320.00,出厂价,"A13.5S0.6 CSR65-68,干基",273,2023-06-19 00:00:00,1,0,2024-07-20 20:24:52,0,2024-07-20 20:24:52,,,
2023-06-16,六盘水市,二级焦,2320.00,出厂价,"A13.5S0.6 CSR65-68,干基",274,2023-06-16 00:00:00,1,0,2024-07-20 20:24:52,0,2024-07-20 20:24:52,,,
2023-06-15,六盘水市,二级焦,2320.00,出厂价,"A13.5S0.6 CSR65-68,干基",275,2023-06-15 00:00:00,1,0,2024-07-20 20:24:52,0,2024-07-20 20:24:52,,,
2023-06-14,六盘水市,二级焦,2320.00,出厂价,"A13.5S0.6 CSR65-68,干基",276,2023-06-14 00:00:00,1,0,2024-07-20 20:24:52,0,2024-07-20 20:24:52,,,
2023-06-13,六盘水市,二级焦,2320.00,出厂价,"A13.5S0.6 CSR65-68,干基",277,2023-06-13 00:00:00,1,0,2024-07-20 20:24:52,0,2024-07-20 20:24:52,,,
2023-06-12,六盘水市,二级焦,2320.00,出厂价,"A13.5S0.6 CSR65-68,干基",278,2023-06-12 00:00:00,1,0,2024-07-20 20:24:52,0,2024-07-20 20:24:52,,,
2023-06-09,六盘水市,二级焦,2320.00,出厂价,"A13.5S0.6 CSR65-68,干基",279,2023-06-09 00:00:00,1,0,2024-07-20 20:24:52,0,2024-07-20 20:24:52,,,
2023-06-08,六盘水市,二级焦,2320.00,出厂价,"A13.5S0.6 CSR65-68,干基",280,2023-06-08 00:00:00,1,0,2024-07-20 20:24:52,0,2024-07-20 20:24:52,,,
2023-06-07,六盘水市,二级焦,2320.00,出厂价,"A13.5S0.6 CSR65-68,干基",281,2023-06-07 00:00:00,1,0,2024-07-20 20:24:52,0,2024-07-20 20:24:52,,,
2023-06-06,六盘水市,二级焦,2320.00,出厂价,"A13.5S0.6 CSR65-68,干基",282,2023-06-06 00:00:00,1,0,2024-07-20 20:24:52,0,2024-07-20 20:24:52,,,
2023-06-05,六盘水市,二级焦,2320.00,出厂价,"A13.5S0.6 CSR65-68,干基",283,2023-06-05 00:00:00,1,0,2024-07-20 20:24:52,0,2024-07-20 20:24:52,,,
2023-06-02,六盘水市,二级焦,2320.00,出厂价,"A13.5S0.6 CSR65-68,干基",284,2023-06-02 00:00:00,1,0,2024-07-20 20:24:52,0,2024-07-20 20:24:52,,,
2023-06-01,六盘水市,二级焦,2320.00,出厂价,"A13.5S0.6 CSR65-68,干基",285,2023-06-01 00:00:00,1,0,2024-07-20 20:24:52,0,2024-07-20 20:24:52,,,
2023-05-31,六盘水市,二级焦,2320.00,出厂价,"A13.5S0.6 CSR65-68,干基",286,2023-05-31 00:00:00,1,0,2024-07-20 20:24:52,0,2024-07-20 20:24:52,,,
2023-05-30,六盘水市,二级焦,2320.00,出厂价,"A13.5S0.6 CSR65-68,干基",287,2023-05-30 00:00:00,1,0,2024-07-20 20:24:52,0,2024-07-20 20:24:52,,,
2023-05-29,六盘水市,二级焦,2720.00,出厂价,"A13.5S0.6 CSR65-68,干基",288,2023-05-29 00:00:00,1,0,2024-07-20 20:24:52,0,2024-07-20 20:24:52,,,
2023-05-26,六盘水市,二级焦,2720.00,出厂价,"A13.5S0.6 CSR65-68,干基",289,2023-05-26 00:00:00,1,0,2024-07-20 20:24:52,0,2024-07-20 20:24:52,,,
2023-05-25,六盘水市,二级焦,2720.00,出厂价,"A13.5S0.6 CSR65-68,干基",290,2023-05-25 00:00:00,1,0,2024-07-20 20:24:52,0,2024-07-20 20:24:52,,,
2023-05-24,六盘水市,二级焦,2720.00,出厂价,"A13.5S0.6 CSR65-68,干基",291,2023-05-24 00:00:00,1,0,2024-07-20 20:24:52,0,2024-07-20 20:24:52,,,
2023-05-23,六盘水市,二级焦,2720.00,出厂价,"A13.5S0.6 CSR65-68,干基",292,2023-05-23 00:00:00,1,0,2024-07-20 20:24:52,0,2024-07-20 20:24:52,,,
2023-05-22,六盘水市,二级焦,2720.00,出厂价,"A13.5S0.6 CSR65-68,干基",293,2023-05-22 00:00:00,1,0,2024-07-20 20:24:52,0,2024-07-20 20:24:52,,,
2023-05-19,六盘水市,二级焦,2720.00,出厂价,"A13.5S0.6 CSR65-68,干基",294,2023-05-19 00:00:00,1,0,2024-07-20 20:24:52,0,2024-07-20 20:24:52,,,
2023-05-18,六盘水市,二级焦,2720.00,出厂价,"A13.5S0.6 CSR65-68,干基",295,2023-05-18 00:00:00,1,0,2024-07-20 20:24:52,0,2024-07-20 20:24:52,,,
2023-05-17,六盘水市,二级焦,2720.00,出厂价,"A13.5S0.6 CSR65-68,干基",296,2023-05-17 00:00:00,1,0,2024-07-20 20:24:52,0,2024-07-20 20:24:52,,,
2023-05-16,六盘水市,二级焦,2720.00,出厂价,"A13.5S0.6 CSR65-68,干基",297,2023-05-16 00:00:00,1,0,2024-07-20 20:24:52,0,2024-07-20 20:24:52,,,
2023-05-15,六盘水市,二级焦,2720.00,出厂价,"A13.5S0.6 CSR65-68,干基",298,2023-05-15 00:00:00,1,0,2024-07-20 20:24:52,0,2024-07-20 20:24:52,,,
2023-05-12,六盘水市,二级焦,2720.00,出厂价,"A13.5S0.6 CSR65-68,干基",299,2023-05-12 00:00:00,1,0,2024-07-20 20:24:52,0,2024-07-20 20:24:52,,,
2023-05-11,六盘水市,二级焦,2720.00,出厂价,"A13.5S0.6 CSR65-68,干基",300,2023-05-11 00:00:00,1,0,2024-07-20 20:24:52,0,2024-07-20 20:24:52,,,
2023-05-10,六盘水市,二级焦,2720.00,出厂价,"A13.5S0.6 CSR65-68,干基",301,2023-05-10 00:00:00,1,0,2024-07-20 20:24:54,0,2024-07-20 20:24:54,,,
2023-05-09,六盘水市,二级焦,2720.00,出厂价,"A13.5S0.6 CSR65-68,干基",302,2023-05-09 00:00:00,1,0,2024-07-20 20:24:54,0,2024-07-20 20:24:54,,,
2023-05-08,六盘水市,二级焦,2720.00,出厂价,"A13.5S0.6 CSR65-68,干基",303,2023-05-08 00:00:00,1,0,2024-07-20 20:24:54,0,2024-07-20 20:24:54,,,
2023-05-06,六盘水市,二级焦,2720.00,出厂价,"A13.5S0.6 CSR65-68,干基",304,2023-05-06 00:00:00,1,0,2024-07-20 20:24:54,0,2024-07-20 20:24:54,,,
2023-05-05,六盘水市,二级焦,2720.00,出厂价,"A13.5S0.6 CSR65-68,干基",305,2023-05-05 00:00:00,1,0,2024-07-20 20:24:54,0,2024-07-20 20:24:54,,,
2023-05-04,六盘水市,二级焦,2720.00,出厂价,"A13.5S0.6 CSR65-68,干基",306,2023-05-04 00:00:00,1,0,2024-07-20 20:24:54,0,2024-07-20 20:24:54,,,
2023-04-28,六盘水市,二级焦,2820.00,出厂价,"A13.5S0.6 CSR65-68,干基",307,2023-04-28 00:00:00,1,0,2024-07-20 20:24:54,0,2024-07-20 20:24:54,,,
2023-04-27,六盘水市,二级焦,2820.00,出厂价,"A13.5S0.6 CSR65-68,干基",308,2023-04-27 00:00:00,1,0,2024-07-20 20:24:54,0,2024-07-20 20:24:54,,,
2023-04-26,六盘水市,二级焦,2820.00,出厂价,"A13.5S0.6 CSR65-68,干基",309,2023-04-26 00:00:00,1,0,2024-07-20 20:24:54,0,2024-07-20 20:24:54,,,
2023-04-25,六盘水市,二级焦,2820.00,出厂价,"A13.5S0.6 CSR65-68,干基",310,2023-04-25 00:00:00,1,0,2024-07-20 20:24:54,0,2024-07-20 20:24:54,,,
2023-04-24,六盘水市,二级焦,2820.00,出厂价,"A13.5S0.6 CSR65-68,干基",311,2023-04-24 00:00:00,1,0,2024-07-20 20:24:54,0,2024-07-20 20:24:54,,,
2023-04-23,六盘水市,二级焦,2820.00,出厂价,"A13.5S0.6 CSR65-68,干基",312,2023-04-23 00:00:00,1,0,2024-07-20 20:24:54,0,2024-07-20 20:24:54,,,
2023-04-21,六盘水市,二级焦,2820.00,出厂价,"A13.5S0.6 CSR65-68,干基",313,2023-04-21 00:00:00,1,0,2024-07-20 20:24:54,0,2024-07-20 20:24:54,,,
2023-04-20,六盘水市,二级焦,2820.00,出厂价,"A13.5S0.6 CSR65-68,干基",314,2023-04-20 00:00:00,1,0,2024-07-20 20:24:54,0,2024-07-20 20:24:54,,,
2023-04-19,六盘水市,二级焦,2820.00,出厂价,"A13.5S0.6 CSR65-68,干基",315,2023-04-19 00:00:00,1,0,2024-07-20 20:24:54,0,2024-07-20 20:24:54,,,
2023-04-18,六盘水市,二级焦,2820.00,出厂价,"A13.5S0.6 CSR65-68,干基",316,2023-04-18 00:00:00,1,0,2024-07-20 20:24:54,0,2024-07-20 20:24:54,,,
2023-04-17,六盘水市,二级焦,2820.00,出厂价,"A13.5S0.6 CSR65-68,干基",317,2023-04-17 00:00:00,1,0,2024-07-20 20:24:54,0,2024-07-20 20:24:54,,,
2023-04-14,六盘水市,二级焦,2950.00,出厂价,"A13.5S0.6 CSR65-68,干基",318,2023-04-14 00:00:00,1,0,2024-07-20 20:24:54,0,2024-07-20 20:24:54,,,
2023-04-13,六盘水市,二级焦,2950.00,出厂价,"A13.5S0.6 CSR65-68,干基",319,2023-04-13 00:00:00,1,0,2024-07-20 20:24:54,0,2024-07-20 20:24:54,,,
2023-04-12,六盘水市,二级焦,2950.00,出厂价,"A13.5S0.6 CSR65-68,干基",320,2023-04-12 00:00:00,1,0,2024-07-20 20:24:54,0,2024-07-20 20:24:54,,,
2023-04-11,六盘水市,二级焦,2950.00,出厂价,"A13.5S0.6 CSR65-68,干基",321,2023-04-11 00:00:00,1,0,2024-07-20 20:24:54,0,2024-07-20 20:24:54,,,
2023-04-10,六盘水市,二级焦,3050.00,出厂价,"A13.5S0.6 CSR65-68,干基",322,2023-04-10 00:00:00,1,0,2024-07-20 20:24:54,0,2024-07-20 20:24:54,,,
2023-04-07,六盘水市,二级焦,3050.00,出厂价,"A13.5S0.6 CSR65-68,干基",323,2023-04-07 00:00:00,1,0,2024-07-20 20:24:54,0,2024-07-20 20:24:54,,,
2023-04-06,六盘水市,二级焦,3050.00,出厂价,"A13.5S0.6 CSR65-68,干基",324,2023-04-06 00:00:00,1,0,2024-07-20 20:24:54,0,2024-07-20 20:24:54,,,
2023-04-04,六盘水市,二级焦,3050.00,出厂价,"A13.5S0.6 CSR65-68,干基",325,2023-04-04 00:00:00,1,0,2024-07-20 20:24:54,0,2024-07-20 20:24:54,,,
2023-04-03,六盘水市,二级焦,3050.00,出厂价,"A13.5S0.6 CSR65-68,干基",326,2023-04-03 00:00:00,1,0,2024-07-20 20:24:54,0,2024-07-20 20:24:54,,,
2023-03-31,六盘水市,二级焦,3050.00,出厂价,"A13.5S0.6 CSR65-68,干基",327,2023-03-31 00:00:00,1,0,2024-07-20 20:24:54,0,2024-07-20 20:24:54,,,
2023-03-30,六盘水市,二级焦,3050.00,出厂价,"A13.5S0.6 CSR65-68,干基",328,2023-03-30 00:00:00,1,0,2024-07-20 20:24:54,0,2024-07-20 20:24:54,,,
2023-03-29,六盘水市,二级焦,3050.00,出厂价,"A13.5S0.6 CSR65-68,干基",329,2023-03-29 00:00:00,1,0,2024-07-20 20:24:54,0,2024-07-20 20:24:54,,,
2023-03-28,六盘水市,二级焦,3050.00,出厂价,"A13.5S0.6 CSR65-68,干基",330,2023-03-28 00:00:00,1,0,2024-07-20 20:24:54,0,2024-07-20 20:24:54,,,
2023-03-27,六盘水市,二级焦,3050.00,出厂价,"A13.5S0.6 CSR65-68,干基",331,2023-03-27 00:00:00,1,0,2024-07-20 20:24:58,0,2024-07-20 20:24:58,,,
2023-03-24,六盘水市,二级焦,3050.00,出厂价,"A13.5S0.6 CSR65-68,干基",332,2023-03-24 00:00:00,1,0,2024-07-20 20:24:58,0,2024-07-20 20:24:58,,,
2023-03-23,六盘水市,二级焦,3050.00,出厂价,"A13.5S0.6 CSR65-68,干基",333,2023-03-23 00:00:00,1,0,2024-07-20 20:24:58,0,2024-07-20 20:24:58,,,
2023-03-22,六盘水市,二级焦,3050.00,出厂价,"A13.5S0.6 CSR65-68,干基",334,2023-03-22 00:00:00,1,0,2024-07-20 20:24:58,0,2024-07-20 20:24:58,,,
2023-03-21,六盘水市,二级焦,3050.00,出厂价,"A13.5S0.6 CSR65-68,干基",335,2023-03-21 00:00:00,1,0,2024-07-20 20:24:58,0,2024-07-20 20:24:58,,,
2023-03-20,六盘水市,二级焦,3050.00,出厂价,"A13.5S0.6 CSR65-68,干基",336,2023-03-20 00:00:00,1,0,2024-07-20 20:24:58,0,2024-07-20 20:24:58,,,
2023-03-17,六盘水市,二级焦,3050.00,出厂价,"A13.5S0.6 CSR65-68,干基",337,2023-03-17 00:00:00,1,0,2024-07-20 20:24:58,0,2024-07-20 20:24:58,,,
2023-03-16,六盘水市,二级焦,3050.00,出厂价,"A13.5S0.6 CSR65-68,干基",338,2023-03-16 00:00:00,1,0,2024-07-20 20:24:58,0,2024-07-20 20:24:58,,,
2023-03-15,六盘水市,二级焦,3050.00,出厂价,"A13.5S0.6 CSR65-68,干基",339,2023-03-15 00:00:00,1,0,2024-07-20 20:24:58,0,2024-07-20 20:24:58,,,
2023-03-14,六盘水市,二级焦,3050.00,出厂价,"A13.5S0.6 CSR65-68,干基",340,2023-03-14 00:00:00,1,0,2024-07-20 20:24:58,0,2024-07-20 20:24:58,,,
2023-03-13,六盘水市,二级焦,3050.00,出厂价,"A13.5S0.6 CSR65-68,干基",341,2023-03-13 00:00:00,1,0,2024-07-20 20:24:58,0,2024-07-20 20:24:58,,,
2023-03-10,六盘水市,二级焦,3050.00,出厂价,"A13.5S0.6 CSR65-68,干基",342,2023-03-10 00:00:00,1,0,2024-07-20 20:24:58,0,2024-07-20 20:24:58,,,
2023-03-09,六盘水市,二级焦,3050.00,出厂价,"A13.5S0.6 CSR65-68,干基",343,2023-03-09 00:00:00,1,0,2024-07-20 20:24:58,0,2024-07-20 20:24:58,,,
2023-03-08,六盘水市,二级焦,3050.00,出厂价,"A13.5S0.6 CSR65-68,干基",344,2023-03-08 00:00:00,1,0,2024-07-20 20:24:58,0,2024-07-20 20:24:58,,,
2023-03-07,六盘水市,二级焦,3050.00,出厂价,"A13.5S0.6 CSR65-68,干基",345,2023-03-07 00:00:00,1,0,2024-07-20 20:24:58,0,2024-07-20 20:24:58,,,
2023-03-06,六盘水市,二级焦,3050.00,出厂价,"A13.5S0.6 CSR65-68,干基",346,2023-03-06 00:00:00,1,0,2024-07-20 20:24:58,0,2024-07-20 20:24:58,,,
2023-03-03,六盘水市,二级焦,3050.00,出厂价,"A13.5S0.6 CSR65-68,干基",347,2023-03-03 00:00:00,1,0,2024-07-20 20:24:58,0,2024-07-20 20:24:58,,,
2023-03-02,六盘水市,二级焦,3050.00,出厂价,"A13.5S0.6 CSR65-68,干基",348,2023-03-02 00:00:00,1,0,2024-07-20 20:24:58,0,2024-07-20 20:24:58,,,
2023-03-01,六盘水市,二级焦,3050.00,出厂价,"A13.5S0.6 CSR65-68,干基",349,2023-03-01 00:00:00,1,0,2024-07-20 20:24:58,0,2024-07-20 20:24:58,,,
2023-02-28,六盘水市,二级焦,3050.00,出厂价,"A13.5S0.6 CSR65-68,干基",350,2023-02-28 00:00:00,1,0,2024-07-20 20:24:58,0,2024-07-20 20:24:58,,,
2023-02-27,六盘水市,二级焦,3050.00,出厂价,"A13.5S0.6 CSR65-68,干基",351,2023-02-27 00:00:00,1,0,2024-07-20 20:24:58,0,2024-07-20 20:24:58,,,
2023-02-24,六盘水市,二级焦,3050.00,出厂价,"A13.5S0.6 CSR65-68,干基",352,2023-02-24 00:00:00,1,0,2024-07-20 20:24:58,0,2024-07-20 20:24:58,,,
2023-02-23,六盘水市,二级焦,3050.00,出厂价,"A13.5S0.6 CSR65-68,干基",353,2023-02-23 00:00:00,1,0,2024-07-20 20:24:58,0,2024-07-20 20:24:58,,,
2023-02-22,六盘水市,二级焦,3050.00,出厂价,"A13.5S0.6 CSR65-68,干基",354,2023-02-22 00:00:00,1,0,2024-07-20 20:24:58,0,2024-07-20 20:24:58,,,
2023-02-21,六盘水市,二级焦,3050.00,出厂价,"A13.5S0.6 CSR65-68,干基",355,2023-02-21 00:00:00,1,0,2024-07-20 20:24:58,0,2024-07-20 20:24:58,,,
2023-02-20,六盘水市,二级焦,3050.00,出厂价,"A13.5S0.6 CSR65-68,干基",356,2023-02-20 00:00:00,1,0,2024-07-20 20:24:58,0,2024-07-20 20:24:58,,,
2023-02-17,六盘水市,二级焦,3050.00,出厂价,"A13.5S0.6 CSR65-68,干基",357,2023-02-17 00:00:00,1,0,2024-07-20 20:24:58,0,2024-07-20 20:24:58,,,
2023-02-16,六盘水市,二级焦,3050.00,出厂价,"A13.5S0.6 CSR65-68,干基",358,2023-02-16 00:00:00,1,0,2024-07-20 20:24:58,0,2024-07-20 20:24:58,,,
2023-02-15,六盘水市,二级焦,3050.00,出厂价,"A13.5S0.6 CSR65-68,干基",359,2023-02-15 00:00:00,1,0,2024-07-20 20:24:58,0,2024-07-20 20:24:58,,,
2023-02-14,六盘水市,二级焦,3050.00,出厂价,"A13.5S0.6 CSR65-68,干基",360,2023-02-14 00:00:00,1,0,2024-07-20 20:24:58,0,2024-07-20 20:24:58,,,
2023-02-13,六盘水市,二级焦,3050.00,出厂价,"A13.5S0.6 CSR65-68,干基",361,2023-02-13 00:00:00,1,0,2024-07-20 20:25:01,0,2024-07-20 20:25:01,,,
2023-02-10,六盘水市,二级焦,3050.00,出厂价,"A13.5S0.6 CSR65-68,干基",362,2023-02-10 00:00:00,1,0,2024-07-20 20:25:01,0,2024-07-20 20:25:01,,,
2023-02-09,六盘水市,二级焦,3050.00,出厂价,"A13.5S0.6 CSR65-68,干基",363,2023-02-09 00:00:00,1,0,2024-07-20 20:25:01,0,2024-07-20 20:25:01,,,
2023-02-08,六盘水市,二级焦,3050.00,出厂价,"A13.5S0.6 CSR65-68,干基",364,2023-02-08 00:00:00,1,0,2024-07-20 20:25:01,0,2024-07-20 20:25:01,,,
2023-02-07,六盘水市,二级焦,3050.00,出厂价,"A13.5S0.6 CSR65-68,干基",365,2023-02-07 00:00:00,1,0,2024-07-20 20:25:01,0,2024-07-20 20:25:01,,,
2023-02-06,六盘水市,二级焦,3050.00,出厂价,"A13.5S0.6 CSR65-68,干基",366,2023-02-06 00:00:00,1,0,2024-07-20 20:25:01,0,2024-07-20 20:25:01,,,
2023-02-03,六盘水市,二级焦,3050.00,出厂价,"A13.5S0.6 CSR65-68,干基",367,2023-02-03 00:00:00,1,0,2024-07-20 20:25:01,0,2024-07-20 20:25:01,,,
2023-02-02,六盘水市,二级焦,3050.00,出厂价,"A13.5S0.6 CSR65-68,干基",368,2023-02-02 00:00:00,1,0,2024-07-20 20:25:01,0,2024-07-20 20:25:01,,,
2023-02-01,六盘水市,二级焦,3050.00,出厂价,"A13.5S0.6 CSR65-68,干基",369,2023-02-01 00:00:00,1,0,2024-07-20 20:25:01,0,2024-07-20 20:25:01,,,
2023-01-31,六盘水市,二级焦,3050.00,出厂价,"A13.5S0.6 CSR65-68,干基",370,2023-01-31 00:00:00,1,0,2024-07-20 20:25:01,0,2024-07-20 20:25:01,,,
2023-01-30,六盘水市,二级焦,3050.00,出厂价,"A13.5S0.6 CSR65-68,干基",371,2023-01-30 00:00:00,1,0,2024-07-20 20:25:01,0,2024-07-20 20:25:01,,,
2023-01-29,六盘水市,二级焦,3050.00,出厂价,"A13.5S0.6 CSR65-68,干基",372,2023-01-29 00:00:00,1,0,2024-07-20 20:25:01,0,2024-07-20 20:25:01,,,
2023-01-28,六盘水市,二级焦,3050.00,出厂价,"A13.5S0.6 CSR65-68,干基",373,2023-01-28 00:00:00,1,0,2024-07-20 20:25:01,0,2024-07-20 20:25:01,,,
2023-01-20,六盘水市,二级焦,3050.00,出厂价,"A13.5S0.6 CSR65-68,干基",374,2023-01-20 00:00:00,1,0,2024-07-20 20:25:01,0,2024-07-20 20:25:01,,,
2023-01-19,六盘水市,二级焦,3050.00,出厂价,"A13.5S0.6 CSR65-68,干基",375,2023-01-19 00:00:00,1,0,2024-07-20 20:25:01,0,2024-07-20 20:25:01,,,
2023-01-18,六盘水市,二级焦,3050.00,出厂价,"A13.5S0.6 CSR65-68,干基",376,2023-01-18 00:00:00,1,0,2024-07-20 20:25:01,0,2024-07-20 20:25:01,,,
2023-01-17,六盘水市,二级焦,3050.00,出厂价,"A13.5S0.6 CSR65-68,干基",377,2023-01-17 00:00:00,1,0,2024-07-20 20:25:01,0,2024-07-20 20:25:01,,,
2023-01-16,六盘水市,二级焦,3050.00,出厂价,"A13.5S0.6 CSR65-68,干基",378,2023-01-16 00:00:00,1,0,2024-07-20 20:25:01,0,2024-07-20 20:25:01,,,
2023-01-13,六盘水市,二级焦,3050.00,出厂价,"A13.5S0.6 CSR65-68,干基",379,2023-01-13 00:00:00,1,0,2024-07-20 20:25:01,0,2024-07-20 20:25:01,,,
2023-01-12,六盘水市,二级焦,3050.00,出厂价,"A13.5S0.6 CSR65-68,干基",380,2023-01-12 00:00:00,1,0,2024-07-20 20:25:01,0,2024-07-20 20:25:01,,,
2023-01-11,六盘水市,二级焦,3050.00,出厂价,"A13.5S0.6 CSR65-68,干基",381,2023-01-11 00:00:00,1,0,2024-07-20 20:25:01,0,2024-07-20 20:25:01,,,
2023-01-10,六盘水市,二级焦,3050.00,出厂价,"A13.5S0.6 CSR65-68,干基",382,2023-01-10 00:00:00,1,0,2024-07-20 20:25:01,0,2024-07-20 20:25:01,,,
2023-01-09,六盘水市,二级焦,3050.00,出厂价,"A13.5S0.6 CSR65-68,干基",383,2023-01-09 00:00:00,1,0,2024-07-20 20:25:01,0,2024-07-20 20:25:01,,,
2023-01-06,六盘水市,二级焦,3050.00,出厂价,"A13.5S0.6 CSR65-68,干基",384,2023-01-06 00:00:00,1,0,2024-07-20 20:25:01,0,2024-07-20 20:25:01,,,
2023-01-05,六盘水市,二级焦,3050.00,出厂价,"A13.5S0.6 CSR65-68,干基",385,2023-01-05 00:00:00,1,0,2024-07-20 20:25:01,0,2024-07-20 20:25:01,,,
2023-01-04,六盘水市,二级焦,3050.00,出厂价,"A13.5S0.6 CSR65-68,干基",386,2023-01-04 00:00:00,1,0,2024-07-20 20:25:01,0,2024-07-20 20:25:01,,,
2023-01-03,六盘水市,二级焦,3050.00,出厂价,"A13.5S0.6 CSR65-68,干基",387,2023-01-03 00:00:00,1,0,2024-07-20 20:25:01,0,2024-07-20 20:25:01,,,
2022-12-30,六盘水市,二级焦,3050.00,出厂价,"A13.5S0.6 CSR65-68,干基",388,2022-12-30 00:00:00,1,0,2024-07-20 20:25:01,0,2024-07-20 20:25:01,,,
2022-12-29,六盘水市,二级焦,3050.00,出厂价,"A13.5S0.6 CSR65-68,干基",389,2022-12-29 00:00:00,1,0,2024-07-20 20:25:01,0,2024-07-20 20:25:01,,,
2022-12-28,六盘水市,二级焦,3050.00,出厂价,"A13.5S0.6 CSR65-68,干基",390,2022-12-28 00:00:00,1,0,2024-07-20 20:25:01,0,2024-07-20 20:25:01,,,
2022-12-27,六盘水市,二级焦,3050.00,出厂价,"A13.5S0.6 CSR65-68,干基",391,2022-12-27 00:00:00,1,0,2024-07-20 20:25:03,0,2024-07-20 20:25:03,,,
2022-12-26,六盘水市,二级焦,3050.00,出厂价,"A13.5S0.6 CSR65-68,干基",392,2022-12-26 00:00:00,1,0,2024-07-20 20:25:03,0,2024-07-20 20:25:03,,,
2022-12-23,六盘水市,二级焦,3050.00,出厂价,"A13.5S0.6 CSR65-68,干基",393,2022-12-23 00:00:00,1,0,2024-07-20 20:25:03,0,2024-07-20 20:25:03,,,
2022-12-22,六盘水市,二级焦,2850.00,出厂价,"A13.5S0.6 CSR65-68,干基",394,2022-12-22 00:00:00,1,0,2024-07-20 20:25:03,0,2024-07-20 20:25:03,,,
2022-12-21,六盘水市,二级焦,2850.00,出厂价,"A13.5S0.6 CSR65-68,干基",395,2022-12-21 00:00:00,1,0,2024-07-20 20:25:03,0,2024-07-20 20:25:03,,,
2022-12-20,六盘水市,二级焦,2850.00,出厂价,"A13.5S0.6 CSR65-68,干基",396,2022-12-20 00:00:00,1,0,2024-07-20 20:25:03,0,2024-07-20 20:25:03,,,
2022-12-19,六盘水市,二级焦,2850.00,出厂价,"A13.5S0.6 CSR65-68,干基",397,2022-12-19 00:00:00,1,0,2024-07-20 20:25:03,0,2024-07-20 20:25:03,,,
2022-12-16,六盘水市,二级焦,2850.00,出厂价,"A13.5S0.6 CSR65-68,干基",398,2022-12-16 00:00:00,1,0,2024-07-20 20:25:03,0,2024-07-20 20:25:03,,,
2022-12-15,六盘水市,二级焦,2850.00,出厂价,"A13.5S0.6 CSR65-68,干基",399,2022-12-15 00:00:00,1,0,2024-07-20 20:25:03,0,2024-07-20 20:25:03,,,
2022-12-14,六盘水市,二级焦,2850.00,出厂价,"A13.5S0.6 CSR65-68,干基",400,2022-12-14 00:00:00,1,0,2024-07-20 20:25:03,0,2024-07-20 20:25:03,,,
2022-12-13,六盘水市,二级焦,2850.00,出厂价,"A13.5S0.6 CSR65-68,干基",401,2022-12-13 00:00:00,1,0,2024-07-20 20:25:03,0,2024-07-20 20:25:03,,,
2022-12-12,六盘水市,二级焦,2850.00,出厂价,"A13.5S0.6 CSR65-68,干基",402,2022-12-12 00:00:00,1,0,2024-07-20 20:25:03,0,2024-07-20 20:25:03,,,
2022-12-09,六盘水市,二级焦,2850.00,出厂价,"A13.5S0.6 CSR65-68,干基",403,2022-12-09 00:00:00,1,0,2024-07-20 20:25:03,0,2024-07-20 20:25:03,,,
2022-12-08,六盘水市,二级焦,2850.00,出厂价,"A13.5S0.6 CSR65-68,干基",404,2022-12-08 00:00:00,1,0,2024-07-20 20:25:03,0,2024-07-20 20:25:03,,,
2022-12-07,六盘水市,二级焦,2850.00,出厂价,"A13.5S0.6 CSR65-68,干基",405,2022-12-07 00:00:00,1,0,2024-07-20 20:25:03,0,2024-07-20 20:25:03,,,
2022-12-06,六盘水市,二级焦,2850.00,出厂价,"A13.5S0.6 CSR65-68,干基",406,2022-12-06 00:00:00,1,0,2024-07-20 20:25:03,0,2024-07-20 20:25:03,,,
2022-12-05,六盘水市,二级焦,2850.00,出厂价,"A13.5S0.6 CSR65-68,干基",407,2022-12-05 00:00:00,1,0,2024-07-20 20:25:03,0,2024-07-20 20:25:03,,,
2022-12-02,六盘水市,二级焦,2850.00,出厂价,"A13.5S0.6 CSR65-68,干基",408,2022-12-02 00:00:00,1,0,2024-07-20 20:25:03,0,2024-07-20 20:25:03,,,
2022-12-01,六盘水市,二级焦,2850.00,出厂价,"A13.5S0.6 CSR65-68,干基",409,2022-12-01 00:00:00,1,0,2024-07-20 20:25:03,0,2024-07-20 20:25:03,,,
2022-11-30,六盘水市,二级焦,2850.00,出厂价,"A13.5S0.6 CSR65-68,干基",410,2022-11-30 00:00:00,1,0,2024-07-20 20:25:03,0,2024-07-20 20:25:03,,,
2022-11-29,六盘水市,二级焦,2850.00,出厂价,"A13.5S0.6 CSR65-68,干基",411,2022-11-29 00:00:00,1,0,2024-07-20 20:25:03,0,2024-07-20 20:25:03,,,
2022-11-28,六盘水市,二级焦,2850.00,出厂价,"A13.5S0.6 CSR65-68,干基",412,2022-11-28 00:00:00,1,0,2024-07-20 20:25:03,0,2024-07-20 20:25:03,,,
2022-11-25,六盘水市,二级焦,2850.00,出厂价,"A13.5S0.6 CSR65-68,干基",413,2022-11-25 00:00:00,1,0,2024-07-20 20:25:03,0,2024-07-20 20:25:03,,,
2022-11-24,六盘水市,二级焦,2890.00,出厂价,"A13.5S0.6 CSR65-68,干基",414,2022-11-24 00:00:00,1,0,2024-07-20 20:25:03,0,2024-07-20 20:25:03,,,
2022-11-23,六盘水市,二级焦,2890.00,出厂价,"A13.5S0.6 CSR65-68,干基",415,2022-11-23 00:00:00,1,0,2024-07-20 20:25:03,0,2024-07-20 20:25:03,,,
2022-11-22,六盘水市,二级焦,2890.00,出厂价,"A13.5S0.6 CSR65-68,干基",416,2022-11-22 00:00:00,1,0,2024-07-20 20:25:03,0,2024-07-20 20:25:03,,,
2022-11-21,六盘水市,二级焦,2890.00,出厂价,"A13.5S0.6 CSR65-68,干基",417,2022-11-21 00:00:00,1,0,2024-07-20 20:25:03,0,2024-07-20 20:25:03,,,
2022-11-18,六盘水市,二级焦,2890.00,出厂价,"A13.5S0.6 CSR65-68,干基",418,2022-11-18 00:00:00,1,0,2024-07-20 20:25:03,0,2024-07-20 20:25:03,,,
2022-11-17,六盘水市,二级焦,2890.00,出厂价,"A13.5S0.6 CSR65-68,干基",419,2022-11-17 00:00:00,1,0,2024-07-20 20:25:03,0,2024-07-20 20:25:03,,,
2022-11-16,六盘水市,二级焦,2890.00,出厂价,"A13.5S0.6 CSR65-68,干基",420,2022-11-16 00:00:00,1,0,2024-07-20 20:25:03,0,2024-07-20 20:25:03,,,
2022-11-15,六盘水市,二级焦,2890.00,出厂价,"A13.5S0.6 CSR65-68,干基",421,2022-11-15 00:00:00,1,0,2024-07-20 20:25:07,0,2024-07-20 20:25:07,,,
2022-11-14,六盘水市,二级焦,2890.00,出厂价,"A13.5S0.6 CSR65-68,干基",422,2022-11-14 00:00:00,1,0,2024-07-20 20:25:07,0,2024-07-20 20:25:07,,,
2022-11-11,六盘水市,二级焦,2890.00,出厂价,"A13.5S0.6 CSR65-68,干基",423,2022-11-11 00:00:00,1,0,2024-07-20 20:25:07,0,2024-07-20 20:25:07,,,
2022-11-10,六盘水市,二级焦,2890.00,出厂价,"A13.5S0.6 CSR65-68,干基",424,2022-11-10 00:00:00,1,0,2024-07-20 20:25:07,0,2024-07-20 20:25:07,,,
2022-11-09,六盘水市,二级焦,2890.00,出厂价,"A13.5S0.6 CSR65-68,干基",425,2022-11-09 00:00:00,1,0,2024-07-20 20:25:07,0,2024-07-20 20:25:07,,,
2022-11-08,六盘水市,二级焦,2890.00,出厂价,"A13.5S0.6 CSR65-68,干基",426,2022-11-08 00:00:00,1,0,2024-07-20 20:25:07,0,2024-07-20 20:25:07,,,
2022-11-07,六盘水市,二级焦,2890.00,出厂价,"A13.5S0.6 CSR65-68,干基",427,2022-11-07 00:00:00,1,0,2024-07-20 20:25:07,0,2024-07-20 20:25:07,,,
2022-11-04,六盘水市,二级焦,2990.00,出厂价,"A13.5S0.6 CSR65-68,干基",428,2022-11-04 00:00:00,1,0,2024-07-20 20:25:07,0,2024-07-20 20:25:07,,,
2022-11-03,六盘水市,二级焦,2990.00,出厂价,"A13.5S0.6 CSR65-68,干基",429,2022-11-03 00:00:00,1,0,2024-07-20 20:25:07,0,2024-07-20 20:25:07,,,
2022-11-02,六盘水市,二级焦,2765.00,出厂价,"A13.5S0.6 CSR65-68,干基",430,2022-11-02 00:00:00,1,0,2024-07-20 20:25:07,0,2024-07-20 20:25:07,,,
2022-11-01,六盘水市,二级焦,2765.00,出厂价,"A13.5S0.6 CSR65-68,干基",431,2022-11-01 00:00:00,1,0,2024-07-20 20:25:07,0,2024-07-20 20:25:07,,,
2022-10-31,六盘水市,二级焦,2765.00,出厂价,"A13.5S0.6 CSR65-68,干基",432,2022-10-31 00:00:00,1,0,2024-07-20 20:25:07,0,2024-07-20 20:25:07,,,
2022-10-28,六盘水市,二级焦,2765.00,出厂价,"A13.5S0.6 CSR65-68,干基",433,2022-10-28 00:00:00,1,0,2024-07-20 20:25:07,0,2024-07-20 20:25:07,,,
2022-10-27,六盘水市,二级焦,2765.00,出厂价,"A13.5S0.6 CSR65-68,干基",434,2022-10-27 00:00:00,1,0,2024-07-20 20:25:07,0,2024-07-20 20:25:07,,,
2022-10-26,六盘水市,二级焦,2765.00,出厂价,"A13.5S0.6 CSR65-68,干基",435,2022-10-26 00:00:00,1,0,2024-07-20 20:25:07,0,2024-07-20 20:25:07,,,
2022-10-25,六盘水市,二级焦,2765.00,出厂价,"A13.5S0.6 CSR65-68,干基",436,2022-10-25 00:00:00,1,0,2024-07-20 20:25:07,0,2024-07-20 20:25:07,,,
2022-10-24,六盘水市,二级焦,2765.00,出厂价,"A13.5S0.6 CSR65-68,干基",437,2022-10-24 00:00:00,1,0,2024-07-20 20:25:07,0,2024-07-20 20:25:07,,,
2022-10-21,六盘水市,二级焦,2765.00,出厂价,"A13.5S0.6 CSR65-68,干基",438,2022-10-21 00:00:00,1,0,2024-07-20 20:25:07,0,2024-07-20 20:25:07,,,
2022-10-20,六盘水市,二级焦,2765.00,出厂价,"A13.5S0.6 CSR65-68,干基",439,2022-10-20 00:00:00,1,0,2024-07-20 20:25:07,0,2024-07-20 20:25:07,,,
2022-10-19,六盘水市,二级焦,2765.00,出厂价,"A13.5S0.6 CSR65-68,干基",440,2022-10-19 00:00:00,1,0,2024-07-20 20:25:07,0,2024-07-20 20:25:07,,,
2022-10-18,六盘水市,二级焦,2765.00,出厂价,"A13.5S0.6 CSR65-68,干基",441,2022-10-18 00:00:00,1,0,2024-07-20 20:25:07,0,2024-07-20 20:25:07,,,
2022-10-17,六盘水市,二级焦,2765.00,出厂价,"A13.5S0.6 CSR65-68,干基",442,2022-10-17 00:00:00,1,0,2024-07-20 20:25:07,0,2024-07-20 20:25:07,,,
2022-10-14,六盘水市,二级焦,2765.00,出厂价,"A13.5S0.6 CSR65-68,干基",443,2022-10-14 00:00:00,1,0,2024-07-20 20:25:07,0,2024-07-20 20:25:07,,,
2022-10-13,六盘水市,二级焦,2765.00,出厂价,"A13.5S0.6 CSR65-68,干基",444,2022-10-13 00:00:00,1,0,2024-07-20 20:25:07,0,2024-07-20 20:25:07,,,
2022-10-12,六盘水市,二级焦,2765.00,出厂价,"A13.5S0.6 CSR65-68,干基",445,2022-10-12 00:00:00,1,0,2024-07-20 20:25:07,0,2024-07-20 20:25:07,,,
2022-10-11,六盘水市,二级焦,2765.00,出厂价,"A13.5S0.6 CSR65-68,干基",446,2022-10-11 00:00:00,1,0,2024-07-20 20:25:07,0,2024-07-20 20:25:07,,,
2022-10-10,六盘水市,二级焦,2765.00,出厂价,"A13.5S0.6 CSR65-68,干基",447,2022-10-10 00:00:00,1,0,2024-07-20 20:25:07,0,2024-07-20 20:25:07,,,
2022-10-09,六盘水市,二级焦,2765.00,出厂价,"A13.5S0.6 CSR65-68,干基",448,2022-10-09 00:00:00,1,0,2024-07-20 20:25:07,0,2024-07-20 20:25:07,,,
2022-10-08,六盘水市,二级焦,2765.00,出厂价,"A13.5S0.6 CSR65-68,干基",449,2022-10-08 00:00:00,1,0,2024-07-20 20:25:07,0,2024-07-20 20:25:07,,,
2022-09-30,六盘水市,二级焦,2765.00,出厂价,"A13.5S0.6 CSR65-68,干基",450,2022-09-30 00:00:00,1,0,2024-07-20 20:25:07,0,2024-07-20 20:25:07,,,
2022-09-29,六盘水市,二级焦,2765.00,出厂价,"A13.5S0.6 CSR65-68,干基",451,2022-09-29 00:00:00,1,0,2024-07-20 20:25:10,0,2024-07-20 20:25:10,,,
2022-09-28,六盘水市,二级焦,2765.00,出厂价,"A13.5S0.6 CSR65-68,干基",452,2022-09-28 00:00:00,1,0,2024-07-20 20:25:10,0,2024-07-20 20:25:10,,,
2022-09-27,六盘水市,二级焦,2765.00,出厂价,"A13.5S0.6 CSR65-68,干基",453,2022-09-27 00:00:00,1,0,2024-07-20 20:25:10,0,2024-07-20 20:25:10,,,
2022-09-26,六盘水市,二级焦,2765.00,出厂价,"A13.5S0.6 CSR65-68,干基",454,2022-09-26 00:00:00,1,0,2024-07-20 20:25:10,0,2024-07-20 20:25:10,,,
2022-09-23,六盘水市,二级焦,2765.00,出厂价,"A13.5S0.6 CSR65-68,干基",455,2022-09-23 00:00:00,1,0,2024-07-20 20:25:10,0,2024-07-20 20:25:10,,,
2022-09-22,六盘水市,二级焦,2765.00,出厂价,"A13.5S0.6 CSR65-68,干基",456,2022-09-22 00:00:00,1,0,2024-07-20 20:25:10,0,2024-07-20 20:25:10,,,
2022-09-21,六盘水市,二级焦,2765.00,出厂价,"A13.5S0.6 CSR65-68,干基",457,2022-09-21 00:00:00,1,0,2024-07-20 20:25:10,0,2024-07-20 20:25:10,,,
2022-09-20,六盘水市,二级焦,2765.00,出厂价,"A13.5S0.6 CSR65-68,干基",458,2022-09-20 00:00:00,1,0,2024-07-20 20:25:10,0,2024-07-20 20:25:10,,,
2022-09-19,六盘水市,二级焦,2765.00,出厂价,"A13.5S0.6 CSR65-68,干基",459,2022-09-19 00:00:00,1,0,2024-07-20 20:25:10,0,2024-07-20 20:25:10,,,
2022-09-16,六盘水市,二级焦,2765.00,出厂价,"A13.5S0.6 CSR65-68,干基",460,2022-09-16 00:00:00,1,0,2024-07-20 20:25:10,0,2024-07-20 20:25:10,,,
2022-09-15,六盘水市,二级焦,2765.00,出厂价,"A13.5S0.6 CSR65-68,干基",461,2022-09-15 00:00:00,1,0,2024-07-20 20:25:10,0,2024-07-20 20:25:10,,,
2022-09-14,六盘水市,二级焦,2765.00,出厂价,"A13.5S0.6 CSR65-68,干基",462,2022-09-14 00:00:00,1,0,2024-07-20 20:25:10,0,2024-07-20 20:25:10,,,
2022-09-13,六盘水市,二级焦,2765.00,出厂价,"A13.5S0.6 CSR65-68,干基",463,2022-09-13 00:00:00,1,0,2024-07-20 20:25:10,0,2024-07-20 20:25:10,,,
2022-09-09,六盘水市,二级焦,2765.00,出厂价,"A13.5S0.6 CSR65-68,干基",464,2022-09-09 00:00:00,1,0,2024-07-20 20:25:10,0,2024-07-20 20:25:10,,,
2022-09-08,六盘水市,二级焦,2765.00,出厂价,"A13.5S0.6 CSR65-68,干基",465,2022-09-08 00:00:00,1,0,2024-07-20 20:25:10,0,2024-07-20 20:25:10,,,
2022-09-07,六盘水市,二级焦,2765.00,出厂价,"A13.5S0.6 CSR65-68,干基",466,2022-09-07 00:00:00,1,0,2024-07-20 20:25:10,0,2024-07-20 20:25:10,,,
2022-09-06,六盘水市,二级焦,2765.00,出厂价,"A13.5S0.6 CSR65-68,干基",467,2022-09-06 00:00:00,1,0,2024-07-20 20:25:10,0,2024-07-20 20:25:10,,,
2022-09-05,六盘水市,二级焦,2765.00,出厂价,"A13.5S0.6 CSR65-68,干基",468,2022-09-05 00:00:00,1,0,2024-07-20 20:25:10,0,2024-07-20 20:25:10,,,
2022-09-02,六盘水市,二级焦,2965.00,出厂价,"A13.5S0.6 CSR65-68,干基",469,2022-09-02 00:00:00,1,0,2024-07-20 20:25:10,0,2024-07-20 20:25:10,,,
2022-09-01,六盘水市,二级焦,2965.00,出厂价,"A13.5S0.6 CSR65-68,干基",470,2022-09-01 00:00:00,1,0,2024-07-20 20:25:10,0,2024-07-20 20:25:10,,,
2022-08-31,六盘水市,二级焦,2965.00,出厂价,"A13.5S0.6 CSR65-68,干基",471,2022-08-31 00:00:00,1,0,2024-07-20 20:25:10,0,2024-07-20 20:25:10,,,
2022-08-30,六盘水市,二级焦,2965.00,出厂价,"A13.5S0.6 CSR65-68,干基",472,2022-08-30 00:00:00,1,0,2024-07-20 20:25:10,0,2024-07-20 20:25:10,,,
2022-08-29,六盘水市,二级焦,2965.00,出厂价,"A13.5S0.6 CSR65-68,干基",473,2022-08-29 00:00:00,1,0,2024-07-20 20:25:10,0,2024-07-20 20:25:10,,,
2022-08-26,六盘水市,二级焦,2965.00,出厂价,"A13.5S0.6 CSR65-68,干基",474,2022-08-26 00:00:00,1,0,2024-07-20 20:25:10,0,2024-07-20 20:25:10,,,
2022-08-25,六盘水市,二级焦,2965.00,出厂价,"A13.5S0.6 CSR65-68,干基",475,2022-08-25 00:00:00,1,0,2024-07-20 20:25:10,0,2024-07-20 20:25:10,,,
2022-08-24,六盘水市,二级焦,2965.00,出厂价,"A13.5S0.6 CSR65-68,干基",476,2022-08-24 00:00:00,1,0,2024-07-20 20:25:10,0,2024-07-20 20:25:10,,,
2022-08-23,六盘水市,二级焦,2965.00,出厂价,"A13.5S0.6 CSR65-68,干基",477,2022-08-23 00:00:00,1,0,2024-07-20 20:25:10,0,2024-07-20 20:25:10,,,
2022-08-22,六盘水市,二级焦,2965.00,出厂价,"A13.5S0.6 CSR65-68,干基",478,2022-08-22 00:00:00,1,0,2024-07-20 20:25:10,0,2024-07-20 20:25:10,,,
2022-08-19,六盘水市,二级焦,2965.00,出厂价,"A13.5S0.6 CSR65-68,干基",479,2022-08-19 00:00:00,1,0,2024-07-20 20:25:10,0,2024-07-20 20:25:10,,,
2022-08-18,六盘水市,二级焦,2965.00,出厂价,"A13.5S0.6 CSR65-68,干基",480,2022-08-18 00:00:00,1,0,2024-07-20 20:25:10,0,2024-07-20 20:25:10,,,
2022-08-17,六盘水市,二级焦,2965.00,出厂价,"A13.5S0.6 CSR65-68,干基",481,2022-08-17 00:00:00,1,0,2024-07-20 20:25:12,0,2024-07-20 20:25:12,,,
2022-08-16,六盘水市,二级焦,2965.00,出厂价,"A13.5S0.6 CSR65-68,干基",482,2022-08-16 00:00:00,1,0,2024-07-20 20:25:12,0,2024-07-20 20:25:12,,,
2022-08-15,六盘水市,二级焦,2965.00,出厂价,"A13.5S0.6 CSR65-68,干基",483,2022-08-15 00:00:00,1,0,2024-07-20 20:25:12,0,2024-07-20 20:25:12,,,
2022-08-12,六盘水市,二级焦,2965.00,出厂价,"A13.5S0.6 CSR65-68,干基",484,2022-08-12 00:00:00,1,0,2024-07-20 20:25:12,0,2024-07-20 20:25:12,,,
2022-08-11,六盘水市,二级焦,2965.00,出厂价,"A13.5S0.6 CSR65-68,干基",485,2022-08-11 00:00:00,1,0,2024-07-20 20:25:12,0,2024-07-20 20:25:12,,,
2022-08-10,六盘水市,二级焦,2965.00,出厂价,"A13.5S0.6 CSR65-68,干基",486,2022-08-10 00:00:00,1,0,2024-07-20 20:25:12,0,2024-07-20 20:25:12,,,
2022-08-09,六盘水市,二级焦,2965.00,出厂价,"A13.5S0.6 CSR65-68,干基",487,2022-08-09 00:00:00,1,0,2024-07-20 20:25:12,0,2024-07-20 20:25:12,,,
2022-08-08,六盘水市,二级焦,2965.00,出厂价,"A13.5S0.6 CSR65-68,干基",488,2022-08-08 00:00:00,1,0,2024-07-20 20:25:12,0,2024-07-20 20:25:12,,,
2022-08-05,六盘水市,二级焦,2965.00,出厂价,"A13.5S0.6 CSR65-68,干基",489,2022-08-05 00:00:00,1,0,2024-07-20 20:25:12,0,2024-07-20 20:25:12,,,
2022-08-04,六盘水市,二级焦,2965.00,出厂价,"A13.5S0.6 CSR65-68,干基",490,2022-08-04 00:00:00,1,0,2024-07-20 20:25:12,0,2024-07-20 20:25:12,,,
2022-08-03,六盘水市,二级焦,2965.00,出厂价,"A13.5S0.6 CSR65-68,干基",491,2022-08-03 00:00:00,1,0,2024-07-20 20:25:12,0,2024-07-20 20:25:12,,,
2022-08-02,六盘水市,二级焦,2965.00,出厂价,"A13.5S0.6 CSR65-68,干基",492,2022-08-02 00:00:00,1,0,2024-07-20 20:25:12,0,2024-07-20 20:25:12,,,
2022-08-01,六盘水市,二级焦,2965.00,出厂价,"A13.5S0.6 CSR65-68,干基",493,2022-08-01 00:00:00,1,0,2024-07-20 20:25:12,0,2024-07-20 20:25:12,,,
2022-07-29,六盘水市,二级焦,2965.00,出厂价,"A13.5S0.6 CSR65-68,干基",494,2022-07-29 00:00:00,1,0,2024-07-20 20:25:12,0,2024-07-20 20:25:12,,,
2022-07-28,六盘水市,二级焦,2965.00,出厂价,"A13.5S0.6 CSR65-68,干基",495,2022-07-28 00:00:00,1,0,2024-07-20 20:25:12,0,2024-07-20 20:25:12,,,
2022-07-27,六盘水市,二级焦,2965.00,出厂价,"A13.5S0.6 CSR65-68,干基",496,2022-07-27 00:00:00,1,0,2024-07-20 20:25:12,0,2024-07-20 20:25:12,,,
2022-07-26,六盘水市,二级焦,2965.00,出厂价,"A13.5S0.6 CSR65-68,干基",497,2022-07-26 00:00:00,1,0,2024-07-20 20:25:12,0,2024-07-20 20:25:12,,,
2022-07-25,六盘水市,二级焦,2965.00,出厂价,"A13.5S0.6 CSR65-68,干基",498,2022-07-25 00:00:00,1,0,2024-07-20 20:25:12,0,2024-07-20 20:25:12,,,
2022-07-22,六盘水市,二级焦,2965.00,出厂价,"A13.5S0.6 CSR65-68,干基",499,2022-07-22 00:00:00,1,0,2024-07-20 20:25:12,0,2024-07-20 20:25:12,,,
2022-07-21,六盘水市,二级焦,3365.00,出厂价,"A13.5S0.6 CSR65-68,干基",500,2022-07-21 00:00:00,1,0,2024-07-20 20:25:12,0,2024-07-20 20:25:12,,,
2022-07-20,六盘水市,二级焦,3365.00,出厂价,"A13.5S0.6 CSR65-68,干基",501,2022-07-20 00:00:00,1,0,2024-07-20 20:25:12,0,2024-07-20 20:25:12,,,
2022-07-19,六盘水市,二级焦,3365.00,出厂价,"A13.5S0.6 CSR65-68,干基",502,2022-07-19 00:00:00,1,0,2024-07-20 20:25:12,0,2024-07-20 20:25:12,,,
2022-07-18,六盘水市,二级焦,3365.00,出厂价,"A13.5S0.6 CSR65-68,干基",503,2022-07-18 00:00:00,1,0,2024-07-20 20:25:12,0,2024-07-20 20:25:12,,,
2022-07-15,六盘水市,二级焦,3785.00,出厂价,"A13.5S0.6 CSR65-68,干基",504,2022-07-15 00:00:00,1,0,2024-07-20 20:25:12,0,2024-07-20 20:25:12,,,
2022-07-14,六盘水市,二级焦,3785.00,出厂价,"A13.5S0.6 CSR65-68,干基",505,2022-07-14 00:00:00,1,0,2024-07-20 20:25:12,0,2024-07-20 20:25:12,,,
2022-07-13,六盘水市,二级焦,3785.00,出厂价,"A13.5S0.6 CSR65-68,干基",506,2022-07-13 00:00:00,1,0,2024-07-20 20:25:12,0,2024-07-20 20:25:12,,,
2022-07-12,六盘水市,二级焦,3785.00,出厂价,"A13.5S0.6 CSR65-68,干基",507,2022-07-12 00:00:00,1,0,2024-07-20 20:25:12,0,2024-07-20 20:25:12,,,
2022-07-11,六盘水市,二级焦,3785.00,出厂价,"A13.5S0.6 CSR65-68,干基",508,2022-07-11 00:00:00,1,0,2024-07-20 20:25:12,0,2024-07-20 20:25:12,,,
2022-07-08,六盘水市,二级焦,3785.00,出厂价,"A13.5S0.6 CSR65-68,干基",509,2022-07-08 00:00:00,1,0,2024-07-20 20:25:12,0,2024-07-20 20:25:12,,,
2022-07-07,六盘水市,二级焦,3785.00,出厂价,"A13.5S0.6 CSR65-68,干基",510,2022-07-07 00:00:00,1,0,2024-07-20 20:25:12,0,2024-07-20 20:25:12,,,
2022-07-06,六盘水市,二级焦,3785.00,出厂价,"A13.5S0.6 CSR65-68,干基",511,2022-07-06 00:00:00,1,0,2024-07-20 20:25:15,0,2024-07-20 20:25:15,,,
2022-07-05,六盘水市,二级焦,3565.00,出厂价,"A13.5S0.6 CSR65-68,干基",512,2022-07-05 00:00:00,1,0,2024-07-20 20:25:15,0,2024-07-20 20:25:15,,,
2022-07-04,六盘水市,二级焦,3565.00,出厂价,"A13.5S0.6 CSR65-68,干基",513,2022-07-04 00:00:00,1,0,2024-07-20 20:25:15,0,2024-07-20 20:25:15,,,
2022-07-01,六盘水市,二级焦,3565.00,出厂价,"A13.5S0.6 CSR65-68,干基",514,2022-07-01 00:00:00,1,0,2024-07-20 20:25:15,0,2024-07-20 20:25:15,,,
2022-06-30,六盘水市,二级焦,3565.00,出厂价,"A13.5S0.6 CSR65-68,干基",515,2022-06-30 00:00:00,1,0,2024-07-20 20:25:15,0,2024-07-20 20:25:15,,,
2022-06-29,六盘水市,二级焦,3565.00,出厂价,"A13.5S0.6 CSR65-68,干基",516,2022-06-29 00:00:00,1,0,2024-07-20 20:25:15,0,2024-07-20 20:25:15,,,
2022-06-28,六盘水市,二级焦,3565.00,出厂价,"A13.5S0.6 CSR65-68,干基",517,2022-06-28 00:00:00,1,0,2024-07-20 20:25:15,0,2024-07-20 20:25:15,,,
2022-06-27,六盘水市,二级焦,3565.00,出厂价,"A13.5S0.6 CSR65-68,干基",518,2022-06-27 00:00:00,1,0,2024-07-20 20:25:15,0,2024-07-20 20:25:15,,,
2022-06-24,六盘水市,二级焦,3565.00,出厂价,"A13.5S0.6 CSR65-68,干基",519,2022-06-24 00:00:00,1,0,2024-07-20 20:25:15,0,2024-07-20 20:25:15,,,
2022-06-23,六盘水市,二级焦,3565.00,出厂价,"A13.5S0.6 CSR65-68,干基",520,2022-06-23 00:00:00,1,0,2024-07-20 20:25:15,0,2024-07-20 20:25:15,,,
2022-06-22,六盘水市,二级焦,3565.00,出厂价,"A13.5S0.6 CSR65-68,干基",521,2022-06-22 00:00:00,1,0,2024-07-20 20:25:15,0,2024-07-20 20:25:15,,,
2022-06-21,六盘水市,二级焦,3565.00,出厂价,"A13.5S0.6 CSR65-68,干基",522,2022-06-21 00:00:00,1,0,2024-07-20 20:25:15,0,2024-07-20 20:25:15,,,
2022-06-20,六盘水市,二级焦,3565.00,出厂价,"A13.5S0.6 CSR65-68,干基",523,2022-06-20 00:00:00,1,0,2024-07-20 20:25:15,0,2024-07-20 20:25:15,,,
2022-06-17,六盘水市,二级焦,3565.00,出厂价,"A13.5S0.6 CSR65-68,干基",524,2022-06-17 00:00:00,1,0,2024-07-20 20:25:15,0,2024-07-20 20:25:15,,,
2022-06-16,六盘水市,二级焦,3565.00,出厂价,"A13.5S0.6 CSR65-68,干基",525,2022-06-16 00:00:00,1,0,2024-07-20 20:25:15,0,2024-07-20 20:25:15,,,
2022-06-15,六盘水市,二级焦,3565.00,出厂价,"A13.5S0.6 CSR65-68,干基",526,2022-06-15 00:00:00,1,0,2024-07-20 20:25:15,0,2024-07-20 20:25:15,,,
2022-06-14,六盘水市,二级焦,3565.00,出厂价,"A13.5S0.6 CSR65-68,干基",527,2022-06-14 00:00:00,1,0,2024-07-20 20:25:15,0,2024-07-20 20:25:15,,,
2022-06-13,六盘水市,二级焦,3565.00,出厂价,"A13.5S0.6 CSR65-68,干基",528,2022-06-13 00:00:00,1,0,2024-07-20 20:25:15,0,2024-07-20 20:25:15,,,
2022-06-10,六盘水市,二级焦,3565.00,出厂价,"A13.5S0.6 CSR65-68,干基",529,2022-06-10 00:00:00,1,0,2024-07-20 20:25:15,0,2024-07-20 20:25:15,,,
2022-06-09,六盘水市,二级焦,3965.00,出厂价,"A13.5S0.6 CSR65-68,干基",530,2022-06-09 00:00:00,1,0,2024-07-20 20:25:15,0,2024-07-20 20:25:15,,,
2022-06-08,六盘水市,二级焦,3965.00,出厂价,"A13.5S0.6 CSR65-68,干基",531,2022-06-08 00:00:00,1,0,2024-07-20 20:25:15,0,2024-07-20 20:25:15,,,
2022-06-07,六盘水市,二级焦,3965.00,出厂价,"A13.5S0.6 CSR65-68,干基",532,2022-06-07 00:00:00,1,0,2024-07-20 20:25:15,0,2024-07-20 20:25:15,,,
2022-06-06,六盘水市,二级焦,3965.00,出厂价,"A13.5S0.6 CSR65-68,干基",533,2022-06-06 00:00:00,1,0,2024-07-20 20:25:15,0,2024-07-20 20:25:15,,,
2022-06-02,六盘水市,二级焦,3965.00,出厂价,"A13.5S0.6 CSR65-68,干基",534,2022-06-02 00:00:00,1,0,2024-07-20 20:25:15,0,2024-07-20 20:25:15,,,
2022-06-01,六盘水市,二级焦,3965.00,出厂价,"A13.5S0.6 CSR65-68,干基",535,2022-06-01 00:00:00,1,0,2024-07-20 20:25:15,0,2024-07-20 20:25:15,,,
2022-05-31,六盘水市,二级焦,3965.00,出厂价,"A13.5S0.6 CSR65-68,干基",536,2022-05-31 00:00:00,1,0,2024-07-20 20:25:15,0,2024-07-20 20:25:15,,,
2022-05-30,六盘水市,二级焦,3965.00,出厂价,"A13.5S0.6 CSR65-68,干基",537,2022-05-30 00:00:00,1,0,2024-07-20 20:25:15,0,2024-07-20 20:25:15,,,
2022-05-27,六盘水市,二级焦,3965.00,出厂价,"A13.5S0.6 CSR65-68,干基",538,2022-05-27 00:00:00,1,0,2024-07-20 20:25:15,0,2024-07-20 20:25:15,,,
2022-05-26,六盘水市,二级焦,4305.00,出厂价,"A13.5S0.6 CSR65-68,干基",539,2022-05-26 00:00:00,1,0,2024-07-20 20:25:15,0,2024-07-20 20:25:15,,,
2022-05-25,六盘水市,二级焦,4305.00,出厂价,"A13.5S0.6 CSR65-68,干基",540,2022-05-25 00:00:00,1,0,2024-07-20 20:25:15,0,2024-07-20 20:25:15,,,
2022-05-24,六盘水市,二级焦,4305.00,出厂价,"A13.5S0.6 CSR65-68,干基",541,2022-05-24 00:00:00,1,0,2024-07-20 20:25:18,0,2024-07-20 20:25:18,,,
2022-05-23,六盘水市,二级焦,4305.00,出厂价,"A13.5S0.6 CSR65-68,干基",542,2022-05-23 00:00:00,1,0,2024-07-20 20:25:18,0,2024-07-20 20:25:18,,,
2022-05-20,六盘水市,二级焦,4305.00,出厂价,"A13.5S0.6 CSR65-68,干基",543,2022-05-20 00:00:00,1,0,2024-07-20 20:25:18,0,2024-07-20 20:25:18,,,
2022-05-19,六盘水市,二级焦,4305.00,出厂价,"A13.5S0.6 CSR65-68,干基",544,2022-05-19 00:00:00,1,0,2024-07-20 20:25:18,0,2024-07-20 20:25:18,,,
2022-05-18,六盘水市,二级焦,4305.00,出厂价,"A13.5S0.6 CSR65-68,干基",545,2022-05-18 00:00:00,1,0,2024-07-20 20:25:18,0,2024-07-20 20:25:18,,,
2022-05-17,六盘水市,二级焦,4305.00,出厂价,"A13.5S0.6 CSR65-68,干基",546,2022-05-17 00:00:00,1,0,2024-07-20 20:25:18,0,2024-07-20 20:25:18,,,
2022-05-16,六盘水市,二级焦,4305.00,出厂价,"A13.5S0.6 CSR65-68,干基",547,2022-05-16 00:00:00,1,0,2024-07-20 20:25:18,0,2024-07-20 20:25:18,,,
2022-05-13,六盘水市,二级焦,4305.00,出厂价,"A13.5S0.6 CSR65-68,干基",548,2022-05-13 00:00:00,1,0,2024-07-20 20:25:18,0,2024-07-20 20:25:18,,,
2022-05-12,六盘水市,二级焦,4305.00,出厂价,"A13.5S0.6 CSR65-68,干基",549,2022-05-12 00:00:00,1,0,2024-07-20 20:25:18,0,2024-07-20 20:25:18,,,
2022-05-11,六盘水市,二级焦,4305.00,出厂价,"A13.5S0.6 CSR65-68,干基",550,2022-05-11 00:00:00,1,0,2024-07-20 20:25:18,0,2024-07-20 20:25:18,,,
2022-05-10,六盘水市,二级焦,4305.00,出厂价,"A13.5S0.6 CSR65-68,干基",551,2022-05-10 00:00:00,1,0,2024-07-20 20:25:18,0,2024-07-20 20:25:18,,,
2022-05-09,六盘水市,二级焦,4305.00,出厂价,"A13.5S0.6 CSR65-68,干基",552,2022-05-09 00:00:00,1,0,2024-07-20 20:25:18,0,2024-07-20 20:25:18,,,
2022-05-07,六盘水市,二级焦,4315.00,出厂价,"A13.5S0.6 CSR65-68,干基",553,2022-05-07 00:00:00,1,0,2024-07-20 20:25:18,0,2024-07-20 20:25:18,,,
2022-05-06,六盘水市,二级焦,4315.00,出厂价,"A13.5S0.6 CSR65-68,干基",554,2022-05-06 00:00:00,1,0,2024-07-20 20:25:18,0,2024-07-20 20:25:18,,,
2022-05-05,六盘水市,二级焦,4315.00,出厂价,"A13.5S0.6 CSR65-68,干基",555,2022-05-05 00:00:00,1,0,2024-07-20 20:25:18,0,2024-07-20 20:25:18,,,
2022-04-29,六盘水市,二级焦,4315.00,出厂价,"A13.5S0.6 CSR65-68,干基",556,2022-04-29 00:00:00,1,0,2024-07-20 20:25:18,0,2024-07-20 20:25:18,,,
2022-04-28,六盘水市,二级焦,4315.00,出厂价,"A13.5S0.6 CSR65-68,干基",557,2022-04-28 00:00:00,1,0,2024-07-20 20:25:18,0,2024-07-20 20:25:18,,,
2022-04-27,六盘水市,二级焦,4315.00,出厂价,"A13.5S0.6 CSR65-68,干基",558,2022-04-27 00:00:00,1,0,2024-07-20 20:25:18,0,2024-07-20 20:25:18,,,
2022-04-26,六盘水市,二级焦,4315.00,出厂价,"A13.5S0.6 CSR65-68,干基",559,2022-04-26 00:00:00,1,0,2024-07-20 20:25:18,0,2024-07-20 20:25:18,,,
2022-04-25,六盘水市,二级焦,4315.00,出厂价,"A13.5S0.6 CSR65-68,干基",560,2022-04-25 00:00:00,1,0,2024-07-20 20:25:18,0,2024-07-20 20:25:18,,,
2022-04-24,六盘水市,二级焦,4315.00,出厂价,"A13.5S0.6 CSR65-68,干基",561,2022-04-24 00:00:00,1,0,2024-07-20 20:25:18,0,2024-07-20 20:25:18,,,
2022-04-22,六盘水市,二级焦,4315.00,出厂价,"A13.5S0.6 CSR65-68,干基",562,2022-04-22 00:00:00,1,0,2024-07-20 20:25:18,0,2024-07-20 20:25:18,,,
2022-04-21,六盘水市,二级焦,4315.00,出厂价,"A13.5S0.6 CSR65-68,干基",563,2022-04-21 00:00:00,1,0,2024-07-20 20:25:18,0,2024-07-20 20:25:18,,,
2022-04-20,六盘水市,二级焦,4315.00,出厂价,"A13.5S0.6 CSR65-68,干基",564,2022-04-20 00:00:00,1,0,2024-07-20 20:25:18,0,2024-07-20 20:25:18,,,
2022-04-19,六盘水市,二级焦,4315.00,出厂价,"A13.5S0.6 CSR65-68,干基",565,2022-04-19 00:00:00,1,0,2024-07-20 20:25:18,0,2024-07-20 20:25:18,,,
2022-04-18,六盘水市,二级焦,4315.00,出厂价,"A13.5S0.6 CSR65-68,干基",566,2022-04-18 00:00:00,1,0,2024-07-20 20:25:18,0,2024-07-20 20:25:18,,,
2022-04-15,六盘水市,二级焦,4315.00,出厂价,"A13.5S0.6 CSR65-68,干基",567,2022-04-15 00:00:00,1,0,2024-07-20 20:25:18,0,2024-07-20 20:25:18,,,
2022-04-14,六盘水市,二级焦,4315.00,出厂价,"A13.5S0.6 CSR65-68,干基",568,2022-04-14 00:00:00,1,0,2024-07-20 20:25:18,0,2024-07-20 20:25:18,,,
2022-04-13,六盘水市,二级焦,4315.00,出厂价,"A13.5S0.6 CSR65-68,干基",569,2022-04-13 00:00:00,1,0,2024-07-20 20:25:18,0,2024-07-20 20:25:18,,,
2022-04-12,六盘水市,二级焦,4315.00,出厂价,"A13.5S0.6 CSR65-68,干基",570,2022-04-12 00:00:00,1,0,2024-07-20 20:25:18,0,2024-07-20 20:25:18,,,
2022-04-11,六盘水市,二级焦,4315.00,出厂价,"A13.5S0.6 CSR65-68,干基",571,2022-04-11 00:00:00,1,0,2024-07-20 20:25:22,0,2024-07-20 20:25:22,,,
2022-04-08,六盘水市,二级焦,3335.00,出厂价,"A13.5S0.6 CSR65-68,干基",572,2022-04-08 00:00:00,1,0,2024-07-20 20:25:22,0,2024-07-20 20:25:22,,,
2022-04-07,六盘水市,二级焦,3335.00,出厂价,"A13.5S0.6 CSR65-68,干基",573,2022-04-07 00:00:00,1,0,2024-07-20 20:25:22,0,2024-07-20 20:25:22,,,
2022-04-06,六盘水市,二级焦,3335.00,出厂价,"A13.5S0.6 CSR65-68,干基",574,2022-04-06 00:00:00,1,0,2024-07-20 20:25:22,0,2024-07-20 20:25:22,,,
2022-04-02,六盘水市,二级焦,3335.00,出厂价,"A13.5S0.6 CSR65-68,干基",575,2022-04-02 00:00:00,1,0,2024-07-20 20:25:22,0,2024-07-20 20:25:22,,,
2022-04-01,六盘水市,二级焦,3335.00,出厂价,"A13.5S0.6 CSR65-68,干基",576,2022-04-01 00:00:00,1,0,2024-07-20 20:25:22,0,2024-07-20 20:25:22,,,
2022-03-31,六盘水市,二级焦,3335.00,出厂价,"A13.5S0.6 CSR65-68,干基",577,2022-03-31 00:00:00,1,0,2024-07-20 20:25:22,0,2024-07-20 20:25:22,,,
2022-03-30,六盘水市,二级焦,3335.00,出厂价,"A13.5S0.6 CSR65-68,干基",578,2022-03-30 00:00:00,1,0,2024-07-20 20:25:22,0,2024-07-20 20:25:22,,,
2022-03-29,六盘水市,二级焦,3335.00,出厂价,"A13.5S0.6 CSR65-68,干基",579,2022-03-29 00:00:00,1,0,2024-07-20 20:25:22,0,2024-07-20 20:25:22,,,
2022-03-28,六盘水市,二级焦,3335.00,出厂价,"A13.5S0.6 CSR65-68,干基",580,2022-03-28 00:00:00,1,0,2024-07-20 20:25:22,0,2024-07-20 20:25:22,,,
2022-03-25,六盘水市,二级焦,3335.00,出厂价,"A13.5S0.6 CSR65-68,干基",581,2022-03-25 00:00:00,1,0,2024-07-20 20:25:22,0,2024-07-20 20:25:22,,,
2022-03-24,六盘水市,二级焦,3335.00,出厂价,"A13.5S0.6 CSR65-68,干基",582,2022-03-24 00:00:00,1,0,2024-07-20 20:25:22,0,2024-07-20 20:25:22,,,
2022-03-23,六盘水市,二级焦,3335.00,出厂价,"A13.5S0.6 CSR65-68,干基",583,2022-03-23 00:00:00,1,0,2024-07-20 20:25:22,0,2024-07-20 20:25:22,,,
2022-03-22,六盘水市,二级焦,3335.00,出厂价,"A13.5S0.6 CSR65-68,干基",584,2022-03-22 00:00:00,1,0,2024-07-20 20:25:22,0,2024-07-20 20:25:22,,,
2022-03-21,六盘水市,二级焦,3335.00,出厂价,"A13.5S0.6 CSR65-68,干基",585,2022-03-21 00:00:00,1,0,2024-07-20 20:25:22,0,2024-07-20 20:25:22,,,
2022-03-18,六盘水市,二级焦,3335.00,出厂价,"A13.5S0.6 CSR65-68,干基",586,2022-03-18 00:00:00,1,0,2024-07-20 20:25:22,0,2024-07-20 20:25:22,,,
2022-03-17,六盘水市,二级焦,3335.00,出厂价,"A13.5S0.6 CSR65-68,干基",587,2022-03-17 00:00:00,1,0,2024-07-20 20:25:22,0,2024-07-20 20:25:22,,,
2022-03-16,六盘水市,二级焦,3335.00,出厂价,"A13.5S0.6 CSR65-68,干基",588,2022-03-16 00:00:00,1,0,2024-07-20 20:25:22,0,2024-07-20 20:25:22,,,
2022-03-15,六盘水市,二级焦,3335.00,出厂价,"A13.5S0.6 CSR65-68,干基",589,2022-03-15 00:00:00,1,0,2024-07-20 20:25:22,0,2024-07-20 20:25:22,,,
2022-03-14,六盘水市,二级焦,3335.00,出厂价,"A13.5S0.6 CSR65-68,干基",590,2022-03-14 00:00:00,1,0,2024-07-20 20:25:22,0,2024-07-20 20:25:22,,,
2022-03-11,六盘水市,二级焦,3335.00,出厂价,"A13.5S0.6 CSR65-68,干基",591,2022-03-11 00:00:00,1,0,2024-07-20 20:25:22,0,2024-07-20 20:25:22,,,
2022-03-10,六盘水市,二级焦,3335.00,出厂价,"A13.5S0.6 CSR65-68,干基",592,2022-03-10 00:00:00,1,0,2024-07-20 20:25:22,0,2024-07-20 20:25:22,,,
2022-03-09,六盘水市,二级焦,3335.00,出厂价,"A13.5S0.6 CSR65-68,干基",593,2022-03-09 00:00:00,1,0,2024-07-20 20:25:22,0,2024-07-20 20:25:22,,,
2022-03-08,六盘水市,二级焦,3380.00,出厂价,"A13.5S0.6 FC84,CSR55,干基",594,2022-03-08 00:00:00,1,0,2024-07-20 20:25:22,0,2024-07-20 20:25:22,,,
2022-03-08,六盘水市,三级焦,3290.00,出厂价,"A14S0.65CSR55,干基",595,2022-03-08 00:00:00,1,0,2024-07-20 20:25:22,0,2024-07-20 20:25:22,,,
2022-03-08,六盘水市,二级焦,3380.00,出厂价,"A13.5S0.6 CSR65-68,干基",596,2022-03-08 00:00:00,1,0,2024-07-20 20:25:22,0,2024-07-20 20:25:22,,,
2022-03-07,六盘水市,二级焦,3380.00,出厂价,"A13.5S0.6 FC84,CSR55,干基",597,2022-03-07 00:00:00,1,0,2024-07-20 20:25:22,0,2024-07-20 20:25:22,,,
2022-03-07,六盘水市,三级焦,3290.00,出厂价,"A14S0.65CSR55,干基",598,2022-03-07 00:00:00,1,0,2024-07-20 20:25:22,0,2024-07-20 20:25:22,,,
2022-03-04,六盘水市,二级焦,3380.00,出厂价,"A13.5S0.6 FC84,CSR55,干基",599,2022-03-04 00:00:00,1,0,2024-07-20 20:25:22,0,2024-07-20 20:25:22,,,
2022-03-04,六盘水市,三级焦,3290.00,出厂价,"A14S0.65CSR55,干基",600,2022-03-04 00:00:00,1,0,2024-07-20 20:25:22,0,2024-07-20 20:25:22,,,
2022-03-03,六盘水市,二级焦,3380.00,出厂价,"A13.5S0.6 FC84,CSR55,干基",601,2022-03-03 00:00:00,1,0,2024-07-20 20:25:25,0,2024-07-20 20:25:25,,,
2022-03-03,六盘水市,三级焦,3290.00,出厂价,"A14S0.65CSR55,干基",602,2022-03-03 00:00:00,1,0,2024-07-20 20:25:25,0,2024-07-20 20:25:25,,,
2022-03-02,六盘水市,二级焦,3380.00,出厂价,"A13.5S0.6 FC84,CSR55,干基",603,2022-03-02 00:00:00,1,0,2024-07-20 20:25:25,0,2024-07-20 20:25:25,,,
2022-03-02,六盘水市,三级焦,3290.00,出厂价,"A14S0.65CSR55,干基",604,2022-03-02 00:00:00,1,0,2024-07-20 20:25:25,0,2024-07-20 20:25:25,,,
2022-03-01,六盘水市,三级焦,3290.00,出厂价,"A14S0.65CSR55,干基",605,2022-03-01 00:00:00,1,0,2024-07-20 20:25:25,0,2024-07-20 20:25:25,,,
2022-03-01,六盘水市,二级焦,3380.00,出厂价,"A13.5S0.6 FC84,CSR55,干基",606,2022-03-01 00:00:00,1,0,2024-07-20 20:25:25,0,2024-07-20 20:25:25,,,
2022-02-28,六盘水市,三级焦,3290.00,出厂价,"A14S0.65CSR55,干基",607,2022-02-28 00:00:00,1,0,2024-07-20 20:25:25,0,2024-07-20 20:25:25,,,
2022-02-28,六盘水市,二级焦,3380.00,出厂价,"A13.5S0.6 FC84,CSR55,干基",608,2022-02-28 00:00:00,1,0,2024-07-20 20:25:25,0,2024-07-20 20:25:25,,,
2022-02-25,六盘水市,二级焦,3380.00,出厂价,"A13.5S0.6 FC84,CSR55,干基",609,2022-02-25 00:00:00,1,0,2024-07-20 20:25:25,0,2024-07-20 20:25:25,,,
2022-02-25,六盘水市,三级焦,3290.00,出厂价,"A14S0.65CSR55,干基",610,2022-02-25 00:00:00,1,0,2024-07-20 20:25:25,0,2024-07-20 20:25:25,,,
2022-02-24,六盘水市,二级焦,3780.00,出厂价,"A13.5S0.6 FC84,CSR55,干基",611,2022-02-24 00:00:00,1,0,2024-07-20 20:25:25,0,2024-07-20 20:25:25,,,
2022-02-24,六盘水市,三级焦,3690.00,出厂价,"A14S0.65CSR55,干基",612,2022-02-24 00:00:00,1,0,2024-07-20 20:25:25,0,2024-07-20 20:25:25,,,
2022-02-23,六盘水市,二级焦,3780.00,出厂价,"A13.5S0.6 FC84,CSR55,干基",613,2022-02-23 00:00:00,1,0,2024-07-20 20:25:25,0,2024-07-20 20:25:25,,,
2022-02-23,六盘水市,三级焦,3690.00,出厂价,"A14S0.65CSR55,干基",614,2022-02-23 00:00:00,1,0,2024-07-20 20:25:25,0,2024-07-20 20:25:25,,,
2022-02-22,六盘水市,二级焦,3780.00,出厂价,"A13.5S0.6 FC84,CSR55,干基",615,2022-02-22 00:00:00,1,0,2024-07-20 20:25:25,0,2024-07-20 20:25:25,,,
2022-02-22,六盘水市,三级焦,3690.00,出厂价,"A14S0.65CSR55,干基",616,2022-02-22 00:00:00,1,0,2024-07-20 20:25:25,0,2024-07-20 20:25:25,,,
2022-02-21,六盘水市,二级焦,3780.00,出厂价,"A13.5S0.6 FC84,CSR55,干基",617,2022-02-21 00:00:00,1,0,2024-07-20 20:25:25,0,2024-07-20 20:25:25,,,
2022-02-21,六盘水市,三级焦,3690.00,出厂价,"A14S0.65CSR55,干基",618,2022-02-21 00:00:00,1,0,2024-07-20 20:25:25,0,2024-07-20 20:25:25,,,
2022-02-18,六盘水市,二级焦,3780.00,出厂价,"A13.5S0.6 FC84,CSR55,干基",619,2022-02-18 00:00:00,1,0,2024-07-20 20:25:25,0,2024-07-20 20:25:25,,,
2022-02-18,六盘水市,三级焦,3690.00,出厂价,"A14S0.65CSR55,干基",620,2022-02-18 00:00:00,1,0,2024-07-20 20:25:25,0,2024-07-20 20:25:25,,,
2022-02-17,六盘水市,二级焦,3780.00,出厂价,"A13.5S0.6 FC84,CSR55,干基",621,2022-02-17 00:00:00,1,0,2024-07-20 20:25:25,0,2024-07-20 20:25:25,,,
2022-02-17,六盘水市,三级焦,3690.00,出厂价,"A14S0.65CSR55,干基",622,2022-02-17 00:00:00,1,0,2024-07-20 20:25:25,0,2024-07-20 20:25:25,,,
2022-02-16,六盘水市,二级焦,3780.00,出厂价,"A13.5S0.6 FC84,CSR55,干基",623,2022-02-16 00:00:00,1,0,2024-07-20 20:25:25,0,2024-07-20 20:25:25,,,
2022-02-16,六盘水市,三级焦,3690.00,出厂价,"A14S0.65CSR55,干基",624,2022-02-16 00:00:00,1,0,2024-07-20 20:25:25,0,2024-07-20 20:25:25,,,
2022-02-15,六盘水市,二级焦,3780.00,出厂价,"A13.5S0.6 FC84,CSR55,干基",625,2022-02-15 00:00:00,1,0,2024-07-20 20:25:25,0,2024-07-20 20:25:25,,,
2022-02-15,六盘水市,三级焦,3690.00,出厂价,"A14S0.65CSR55,干基",626,2022-02-15 00:00:00,1,0,2024-07-20 20:25:25,0,2024-07-20 20:25:25,,,
2022-02-14,六盘水市,二级焦,3780.00,出厂价,"A13.5S0.6 FC84,CSR55,干基",627,2022-02-14 00:00:00,1,0,2024-07-20 20:25:25,0,2024-07-20 20:25:25,,,
2022-02-14,六盘水市,三级焦,3690.00,出厂价,"A14S0.65CSR55,干基",628,2022-02-14 00:00:00,1,0,2024-07-20 20:25:25,0,2024-07-20 20:25:25,,,
2022-02-11,六盘水市,二级焦,3780.00,出厂价,"A13.5S0.6 FC84,CSR55,干基",629,2022-02-11 00:00:00,1,0,2024-07-20 20:25:25,0,2024-07-20 20:25:25,,,
2022-02-11,六盘水市,三级焦,3690.00,出厂价,"A14S0.65CSR55,干基",630,2022-02-11 00:00:00,1,0,2024-07-20 20:25:25,0,2024-07-20 20:25:25,,,
2022-02-10,六盘水市,二级焦,3780.00,出厂价,"A13.5S0.6 FC84,CSR55,干基",631,2022-02-10 00:00:00,1,0,2024-07-20 20:25:27,0,2024-07-20 20:25:27,,,
2022-02-10,六盘水市,三级焦,3690.00,出厂价,"A14S0.65CSR55,干基",632,2022-02-10 00:00:00,1,0,2024-07-20 20:25:27,0,2024-07-20 20:25:27,,,
2022-02-09,六盘水市,二级焦,3780.00,出厂价,"A13.5S0.6 FC84,CSR55,干基",633,2022-02-09 00:00:00,1,0,2024-07-20 20:25:27,0,2024-07-20 20:25:27,,,
2022-02-09,六盘水市,三级焦,3690.00,出厂价,"A14S0.65CSR55,干基",634,2022-02-09 00:00:00,1,0,2024-07-20 20:25:27,0,2024-07-20 20:25:27,,,
2022-01-27,六盘水市,二级焦,3280.00,出厂价,"A13.5S0.6 FC84,CSR55,干基",635,2022-01-27 00:00:00,1,0,2024-07-20 20:25:27,0,2024-07-20 20:25:27,,,
2022-01-27,六盘水市,三级焦,3190.00,出厂价,"A14S0.65CSR55,干基",636,2022-01-27 00:00:00,1,0,2024-07-20 20:25:27,0,2024-07-20 20:25:27,,,
2022-01-20,六盘水市,二级焦,3280.00,出厂价,"A13.5S0.6 FC84,CSR55,干基",637,2022-01-20 00:00:00,1,0,2024-07-20 20:25:27,0,2024-07-20 20:25:27,,,
2022-01-20,六盘水市,三级焦,3190.00,出厂价,"A14S0.65CSR55,干基",638,2022-01-20 00:00:00,1,0,2024-07-20 20:25:27,0,2024-07-20 20:25:27,,,
2022-01-13,六盘水市,二级焦,3280.00,出厂价,"A13.5S0.6 FC84,CSR55,干基",639,2022-01-13 00:00:00,1,0,2024-07-20 20:25:27,0,2024-07-20 20:25:27,,,
2022-01-13,六盘水市,三级焦,3190.00,出厂价,"A14S0.65CSR55,干基",640,2022-01-13 00:00:00,1,0,2024-07-20 20:25:27,0,2024-07-20 20:25:27,,,
2022-01-06,六盘水市,二级焦,3280.00,出厂价,"A13.5S0.6 FC84,CSR55,干基",641,2022-01-06 00:00:00,1,0,2024-07-20 20:25:27,0,2024-07-20 20:25:27,,,
2022-01-06,六盘水市,三级焦,3190.00,出厂价,"A14S0.65CSR55,干基",642,2022-01-06 00:00:00,1,0,2024-07-20 20:25:27,0,2024-07-20 20:25:27,,,
2021-12-30,六盘水市,二级焦,3680.00,出厂价,"A13.5S0.6 FC84,CSR55,干基",643,2021-12-30 00:00:00,1,0,2024-07-20 20:25:27,0,2024-07-20 20:25:27,,,
2021-12-30,六盘水市,三级焦,3590.00,出厂价,"A14S0.65CSR55,干基",644,2021-12-30 00:00:00,1,0,2024-07-20 20:25:27,0,2024-07-20 20:25:27,,,
2021-12-23,六盘水市,二级焦,3680.00,出厂价,"A13.5S0.6 FC84,CSR55,干基",645,2021-12-23 00:00:00,1,0,2024-07-20 20:25:27,0,2024-07-20 20:25:27,,,
2021-12-23,六盘水市,三级焦,3590.00,出厂价,"A14S0.65CSR55,干基",646,2021-12-23 00:00:00,1,0,2024-07-20 20:25:27,0,2024-07-20 20:25:27,,,
2021-12-16,六盘水市,二级焦,3680.00,出厂价,"A13.5S0.6 FC84,CSR55,干基",647,2021-12-16 00:00:00,1,0,2024-07-20 20:25:27,0,2024-07-20 20:25:27,,,
2021-12-16,六盘水市,三级焦,3590.00,出厂价,"A14S0.65CSR55,干基",648,2021-12-16 00:00:00,1,0,2024-07-20 20:25:27,0,2024-07-20 20:25:27,,,
2021-12-09,六盘水市,二级焦,3680.00,出厂价,"A13.5S0.6 FC84,CSR55,干基",649,2021-12-09 00:00:00,1,0,2024-07-20 20:25:27,0,2024-07-20 20:25:27,,,
2021-12-09,六盘水市,三级焦,3590.00,出厂价,"A14S0.65CSR55,干基",650,2021-12-09 00:00:00,1,0,2024-07-20 20:25:27,0,2024-07-20 20:25:27,,,
2021-12-02,六盘水市,三级焦,3590.00,出厂价,"A14S0.65CSR55,干基",651,2021-12-02 00:00:00,1,0,2024-07-20 20:25:27,0,2024-07-20 20:25:27,,,
2021-12-02,六盘水市,二级焦,3680.00,出厂价,"A13.5S0.6 FC84,CSR55,干基",652,2021-12-02 00:00:00,1,0,2024-07-20 20:25:27,0,2024-07-20 20:25:27,,,
2021-11-25,六盘水市,二级焦,3680.00,出厂价,"A13.5S0.6 FC84,CSR55,干基",653,2021-11-25 00:00:00,1,0,2024-07-20 20:25:27,0,2024-07-20 20:25:27,,,
2021-11-25,六盘水市,三级焦,3590.00,出厂价,"A14S0.65CSR55,干基",654,2021-11-25 00:00:00,1,0,2024-07-20 20:25:27,0,2024-07-20 20:25:27,,,
2021-11-18,六盘水市,二级焦,3680.00,出厂价,"A13.5S0.6 FC84,CSR55,干基",655,2021-11-18 00:00:00,1,0,2024-07-20 20:25:27,0,2024-07-20 20:25:27,,,
2021-11-18,六盘水市,三级焦,3590.00,出厂价,"A14S0.65CSR55,干基",656,2021-11-18 00:00:00,1,0,2024-07-20 20:25:27,0,2024-07-20 20:25:27,,,
2021-11-11,六盘水市,二级焦,4480.00,出厂价,"A13.5S0.6 FC84,CSR55,干基",657,2021-11-11 00:00:00,1,0,2024-07-20 20:25:27,0,2024-07-20 20:25:27,,,
2021-11-11,六盘水市,三级焦,4390.00,出厂价,"A14S0.65CSR55,干基",658,2021-11-11 00:00:00,1,0,2024-07-20 20:25:27,0,2024-07-20 20:25:27,,,
2021-11-04,六盘水市,二级焦,4480.00,出厂价,"A13.5S0.6 FC84,CSR55,干基",659,2021-11-04 00:00:00,1,0,2024-07-20 20:25:27,0,2024-07-20 20:25:27,,,
2021-11-04,六盘水市,三级焦,4390.00,出厂价,"A14S0.65CSR55,干基",660,2021-11-04 00:00:00,1,0,2024-07-20 20:25:27,0,2024-07-20 20:25:27,,,
2021-10-28,六盘水市,二级焦,4480.00,出厂价,"A13.5S0.6 FC84,CSR55,干基",661,2021-10-28 00:00:00,1,0,2024-07-20 20:25:31,0,2024-07-20 20:25:31,,,
2021-10-28,六盘水市,三级焦,4390.00,出厂价,"A14S0.65CSR55,干基",662,2021-10-28 00:00:00,1,0,2024-07-20 20:25:31,0,2024-07-20 20:25:31,,,
2021-10-21,六盘水市,二级焦,4480.00,出厂价,"A13.5S0.6 FC84,CSR55,干基",663,2021-10-21 00:00:00,1,0,2024-07-20 20:25:31,0,2024-07-20 20:25:31,,,
2021-10-21,六盘水市,三级焦,4390.00,出厂价,"A14S0.65CSR55,干基",664,2021-10-21 00:00:00,1,0,2024-07-20 20:25:31,0,2024-07-20 20:25:31,,,
2021-10-14,六盘水市,二级焦,4480.00,出厂价,"A13.5S0.6 FC84,CSR55,干基",665,2021-10-14 00:00:00,1,0,2024-07-20 20:25:31,0,2024-07-20 20:25:31,,,
2021-10-14,六盘水市,三级焦,4390.00,出厂价,"A14S0.65CSR55,干基",666,2021-10-14 00:00:00,1,0,2024-07-20 20:25:31,0,2024-07-20 20:25:31,,,
2021-10-07,六盘水市,二级焦,4480.00,出厂价,"A13.5S0.6 FC84,CSR55,干基",667,2021-10-07 00:00:00,1,0,2024-07-20 20:25:31,0,2024-07-20 20:25:31,,,
2021-10-07,六盘水市,三级焦,4390.00,出厂价,"A14S0.65CSR55,干基",668,2021-10-07 00:00:00,1,0,2024-07-20 20:25:31,0,2024-07-20 20:25:31,,,
2021-09-30,六盘水市,二级焦,4480.00,出厂价,"A13.5S0.6 FC84,CSR55,干基",669,2021-09-30 00:00:00,1,0,2024-07-20 20:25:31,0,2024-07-20 20:25:31,,,
2021-09-30,六盘水市,三级焦,4390.00,出厂价,"A14S0.65CSR55,干基",670,2021-09-30 00:00:00,1,0,2024-07-20 20:25:31,0,2024-07-20 20:25:31,,,
2021-09-23,六盘水市,二级焦,4480.00,出厂价,"A13.5S0.6 FC84,CSR55,干基",671,2021-09-23 00:00:00,1,0,2024-07-20 20:25:31,0,2024-07-20 20:25:31,,,
2021-09-23,六盘水市,三级焦,4390.00,出厂价,"A14S0.65CSR55,干基",672,2021-09-23 00:00:00,1,0,2024-07-20 20:25:31,0,2024-07-20 20:25:31,,,
2021-09-16,六盘水市,二级焦,3760.00,出厂价,"A13.5S0.6 FC84,CSR55,干基",673,2021-09-16 00:00:00,1,0,2024-07-20 20:25:31,0,2024-07-20 20:25:31,,,
2021-09-16,六盘水市,三级焦,3670.00,出厂价,"A14S0.65CSR55,干基",674,2021-09-16 00:00:00,1,0,2024-07-20 20:25:31,0,2024-07-20 20:25:31,,,
2021-09-09,六盘水市,二级焦,3760.00,出厂价,"A13.5S0.6 FC84,CSR55,干基",675,2021-09-09 00:00:00,1,0,2024-07-20 20:25:31,0,2024-07-20 20:25:31,,,
2021-09-09,六盘水市,三级焦,3670.00,出厂价,"A14S0.65CSR55,干基",676,2021-09-09 00:00:00,1,0,2024-07-20 20:25:31,0,2024-07-20 20:25:31,,,
2021-09-02,六盘水市,二级焦,3280.00,出厂价,"A13.5S0.6 FC84,CSR55,干基",677,2021-09-02 00:00:00,1,0,2024-07-20 20:25:31,0,2024-07-20 20:25:31,,,
2021-09-02,六盘水市,三级焦,3190.00,出厂价,"A14S0.65CSR55,干基",678,2021-09-02 00:00:00,1,0,2024-07-20 20:25:31,0,2024-07-20 20:25:31,,,
2021-08-26,六盘水市,二级焦,3280.00,出厂价,"A13.5S0.6 FC84,CSR55,干基",679,2021-08-26 00:00:00,1,0,2024-07-20 20:25:31,0,2024-07-20 20:25:31,,,
2021-08-26,六盘水市,三级焦,3190.00,出厂价,"A14S0.65CSR55,干基",680,2021-08-26 00:00:00,1,0,2024-07-20 20:25:31,0,2024-07-20 20:25:31,,,
2021-08-19,六盘水市,二级焦,2920.00,出厂价,"A13.5S0.6 FC84,CSR55,干基",681,2021-08-19 00:00:00,1,0,2024-07-20 20:25:31,0,2024-07-20 20:25:31,,,
2021-08-19,六盘水市,三级焦,2830.00,出厂价,"A14S0.65CSR55,干基",682,2021-08-19 00:00:00,1,0,2024-07-20 20:25:31,0,2024-07-20 20:25:31,,,
2021-08-12,六盘水市,二级焦,2920.00,出厂价,"A13.5S0.6 FC84,CSR55,干基",683,2021-08-12 00:00:00,1,0,2024-07-20 20:25:31,0,2024-07-20 20:25:31,,,
2021-08-12,六盘水市,三级焦,2830.00,出厂价,"A14S0.65CSR55,干基",684,2021-08-12 00:00:00,1,0,2024-07-20 20:25:31,0,2024-07-20 20:25:31,,,
2021-08-05,六盘水市,二级焦,2920.00,出厂价,"A13.5S0.6 FC84,CSR55,干基",685,2021-08-05 00:00:00,1,0,2024-07-20 20:25:31,0,2024-07-20 20:25:31,,,
2021-08-05,六盘水市,三级焦,2830.00,出厂价,"A14S0.65CSR55,干基",686,2021-08-05 00:00:00,1,0,2024-07-20 20:25:31,0,2024-07-20 20:25:31,,,
2021-07-29,六盘水市,二级焦,3040.00,出厂价,"A13.5S0.6 FC84,CSR55,干基",687,2021-07-29 00:00:00,1,0,2024-07-20 20:25:31,0,2024-07-20 20:25:31,,,
2021-07-29,六盘水市,三级焦,3050.00,出厂价,"A14S0.65CSR55,干基",688,2021-07-29 00:00:00,1,0,2024-07-20 20:25:31,0,2024-07-20 20:25:31,,,
2021-07-22,六盘水市,二级焦,3040.00,出厂价,"A13.5S0.6 FC84,CSR55,干基",689,2021-07-22 00:00:00,1,0,2024-07-20 20:25:31,0,2024-07-20 20:25:31,,,
2021-07-22,六盘水市,三级焦,3050.00,出厂价,"A14S0.65CSR55,干基",690,2021-07-22 00:00:00,1,0,2024-07-20 20:25:31,0,2024-07-20 20:25:31,,,
2021-07-15,六盘水市,二级焦,3040.00,出厂价,"A13.5S0.6 FC84,CSR55,干基",691,2021-07-15 00:00:00,1,0,2024-07-20 20:25:34,0,2024-07-20 20:25:34,,,
2021-07-15,六盘水市,三级焦,3050.00,出厂价,"A14S0.65CSR55,干基",692,2021-07-15 00:00:00,1,0,2024-07-20 20:25:34,0,2024-07-20 20:25:34,,,
2021-07-08,六盘水市,二级焦,3160.00,出厂价,"A13.5S0.6 FC84,CSR55,干基",693,2021-07-08 00:00:00,1,0,2024-07-20 20:25:34,0,2024-07-20 20:25:34,,,
2021-07-08,六盘水市,三级焦,3170.00,出厂价,"A14S0.65CSR55,干基",694,2021-07-08 00:00:00,1,0,2024-07-20 20:25:34,0,2024-07-20 20:25:34,,,
2021-07-01,六盘水市,二级焦,3160.00,出厂价,"A13.5S0.6 FC84,CSR55,干基",695,2021-07-01 00:00:00,1,0,2024-07-20 20:25:34,0,2024-07-20 20:25:34,,,
2021-07-01,六盘水市,三级焦,3170.00,出厂价,"A14S0.65CSR55,干基",696,2021-07-01 00:00:00,1,0,2024-07-20 20:25:34,0,2024-07-20 20:25:34,,,
2021-06-24,六盘水市,二级焦,3160.00,出厂价,"A13.5S0.6 FC84,CSR55,干基",697,2021-06-24 00:00:00,1,0,2024-07-20 20:25:34,0,2024-07-20 20:25:34,,,
2021-06-24,六盘水市,三级焦,3170.00,出厂价,"A14S0.65CSR55,干基",698,2021-06-24 00:00:00,1,0,2024-07-20 20:25:34,0,2024-07-20 20:25:34,,,
2021-06-17,六盘水市,二级焦,3160.00,出厂价,"A13.5S0.6 FC84,CSR55,干基",699,2021-06-17 00:00:00,1,0,2024-07-20 20:25:34,0,2024-07-20 20:25:34,,,
2021-06-17,六盘水市,三级焦,3170.00,出厂价,"A14S0.65CSR55,干基",700,2021-06-17 00:00:00,1,0,2024-07-20 20:25:34,0,2024-07-20 20:25:34,,,
2021-06-10,六盘水市,二级焦,3160.00,出厂价,"A13.5S0.6 FC84,CSR55,干基",701,2021-06-10 00:00:00,1,0,2024-07-20 20:25:34,0,2024-07-20 20:25:34,,,
2021-06-10,六盘水市,三级焦,3170.00,出厂价,"A14S0.65CSR55,干基",702,2021-06-10 00:00:00,1,0,2024-07-20 20:25:34,0,2024-07-20 20:25:34,,,
2021-06-03,六盘水市,二级焦,3160.00,出厂价,"A13.5S0.6 FC84,CSR55,干基",703,2021-06-03 00:00:00,1,0,2024-07-20 20:25:34,0,2024-07-20 20:25:34,,,
2021-06-03,六盘水市,三级焦,3170.00,出厂价,"A14S0.65CSR55,干基",704,2021-06-03 00:00:00,1,0,2024-07-20 20:25:34,0,2024-07-20 20:25:34,,,
2021-05-27,六盘水市,二级焦,2920.00,出厂价,"A13.5S0.6 FC84,CSR55,干基",705,2021-05-27 00:00:00,1,0,2024-07-20 20:25:34,0,2024-07-20 20:25:34,,,
2021-05-27,六盘水市,三级焦,2830.00,出厂价,"A14S0.65CSR55,干基",706,2021-05-27 00:00:00,1,0,2024-07-20 20:25:34,0,2024-07-20 20:25:34,,,
2021-05-20,六盘水市,二级焦,2920.00,出厂价,"A13.5S0.6 FC84,CSR55,干基",707,2021-05-20 00:00:00,1,0,2024-07-20 20:25:34,0,2024-07-20 20:25:34,,,
2021-05-20,六盘水市,三级焦,2830.00,出厂价,"A14S0.65CSR55,干基",708,2021-05-20 00:00:00,1,0,2024-07-20 20:25:34,0,2024-07-20 20:25:34,,,
2021-05-13,六盘水市,二级焦,2520.00,出厂价,"A13.5S0.6 FC84,CSR55,干基",709,2021-05-13 00:00:00,1,0,2024-07-20 20:25:34,0,2024-07-20 20:25:34,,,
2021-05-13,六盘水市,三级焦,2430.00,出厂价,"A14S0.65CSR55,干基",710,2021-05-13 00:00:00,1,0,2024-07-20 20:25:34,0,2024-07-20 20:25:34,,,
2021-05-06,六盘水市,二级焦,2320.00,出厂价,"A13.5S0.6 FC84,CSR55,干基",711,2021-05-06 00:00:00,1,0,2024-07-20 20:25:34,0,2024-07-20 20:25:34,,,
2021-05-06,六盘水市,三级焦,2230.00,出厂价,"A14S0.65CSR55,干基",712,2021-05-06 00:00:00,1,0,2024-07-20 20:25:34,0,2024-07-20 20:25:34,,,
2021-04-29,六盘水市,二级焦,2320.00,出厂价,"A13.5S0.6 FC84,CSR55,干基",713,2021-04-29 00:00:00,1,0,2024-07-20 20:25:34,0,2024-07-20 20:25:34,,,
2021-04-29,六盘水市,三级焦,2230.00,出厂价,"A14S0.65CSR55,干基",714,2021-04-29 00:00:00,1,0,2024-07-20 20:25:34,0,2024-07-20 20:25:34,,,
2021-04-22,六盘水市,二级焦,2320.00,出厂价,"A13.5S0.6 FC84,CSR55,干基",715,2021-04-22 00:00:00,1,0,2024-07-20 20:25:34,0,2024-07-20 20:25:34,,,
2021-04-22,六盘水市,三级焦,2230.00,出厂价,"A14S0.65CSR55,干基",716,2021-04-22 00:00:00,1,0,2024-07-20 20:25:34,0,2024-07-20 20:25:34,,,
2021-04-15,六盘水市,二级焦,2520.00,出厂价,"A13.5S0.6 FC84,CSR55,干基",717,2021-04-15 00:00:00,1,0,2024-07-20 20:25:34,0,2024-07-20 20:25:34,,,
2021-04-15,六盘水市,三级焦,2430.00,出厂价,"A14S0.65CSR55,干基",718,2021-04-15 00:00:00,1,0,2024-07-20 20:25:34,0,2024-07-20 20:25:34,,,
2021-04-08,六盘水市,二级焦,2520.00,出厂价,"A13.5S0.6 FC84,CSR55,干基",719,2021-04-08 00:00:00,1,0,2024-07-20 20:25:34,0,2024-07-20 20:25:34,,,
2021-04-08,六盘水市,三级焦,2430.00,出厂价,"A14S0.65CSR55,干基",720,2021-04-08 00:00:00,1,0,2024-07-20 20:25:34,0,2024-07-20 20:25:34,,,
2021-04-01,六盘水市,二级焦,2520.00,出厂价,"A13.5S0.6 FC84,CSR55,干基",721,2021-04-01 00:00:00,1,0,2024-07-20 20:25:36,0,2024-07-20 20:25:36,,,
2021-04-01,六盘水市,三级焦,2430.00,出厂价,"A14S0.65CSR55,干基",722,2021-04-01 00:00:00,1,0,2024-07-20 20:25:36,0,2024-07-20 20:25:36,,,
2021-03-25,六盘水市,二级焦,2520.00,出厂价,"A13.5S0.6 FC84,CSR55,干基",723,2021-03-25 00:00:00,1,0,2024-07-20 20:25:36,0,2024-07-20 20:25:36,,,
2021-03-25,六盘水市,三级焦,2430.00,出厂价,"A14S0.65CSR55,干基",724,2021-03-25 00:00:00,1,0,2024-07-20 20:25:36,0,2024-07-20 20:25:36,,,
2021-03-18,六盘水市,二级焦,2770.00,出厂价,"A13.5S0.6 FC84,CSR55,干基",725,2021-03-18 00:00:00,1,0,2024-07-20 20:25:36,0,2024-07-20 20:25:36,,,
2021-03-18,六盘水市,三级焦,2680.00,出厂价,"A14S0.65CSR55,干基",726,2021-03-18 00:00:00,1,0,2024-07-20 20:25:36,0,2024-07-20 20:25:36,,,
2021-03-11,六盘水市,二级焦,2770.00,出厂价,"A13.5S0.6 FC84,CSR55,干基",727,2021-03-11 00:00:00,1,0,2024-07-20 20:25:36,0,2024-07-20 20:25:36,,,
2021-03-11,六盘水市,三级焦,2680.00,出厂价,"A14S0.65CSR55,干基",728,2021-03-11 00:00:00,1,0,2024-07-20 20:25:36,0,2024-07-20 20:25:36,,,
2021-03-04,六盘水市,二级焦,2870.00,出厂价,"A13.5S0.6 FC84,CSR55,干基",729,2021-03-04 00:00:00,1,0,2024-07-20 20:25:36,0,2024-07-20 20:25:36,,,
2021-03-04,六盘水市,三级焦,2780.00,出厂价,"A14S0.65CSR55,干基",730,2021-03-04 00:00:00,1,0,2024-07-20 20:25:36,0,2024-07-20 20:25:36,,,
2021-02-25,六盘水市,二级焦,2870.00,出厂价,"A13.5S0.6 FC84,CSR55,干基",731,2021-02-25 00:00:00,1,0,2024-07-20 20:25:36,0,2024-07-20 20:25:36,,,
2021-02-25,六盘水市,三级焦,2780.00,出厂价,"A14S0.65CSR55,干基",732,2021-02-25 00:00:00,1,0,2024-07-20 20:25:36,0,2024-07-20 20:25:36,,,
2021-02-18,六盘水市,二级焦,2870.00,出厂价,"A13.5S0.6 FC84,CSR55,干基",733,2021-02-18 00:00:00,1,0,2024-07-20 20:25:36,0,2024-07-20 20:25:36,,,
2021-02-18,六盘水市,三级焦,2780.00,出厂价,"A14S0.65CSR55,干基",734,2021-02-18 00:00:00,1,0,2024-07-20 20:25:36,0,2024-07-20 20:25:36,,,
2021-02-04,六盘水市,二级焦,2870.00,出厂价,"A13.5S0.6 FC84,CSR55,干基",735,2021-02-04 00:00:00,1,0,2024-07-20 20:25:36,0,2024-07-20 20:25:36,,,
2021-02-04,六盘水市,三级焦,2780.00,出厂价,"A14S0.65CSR55,干基",736,2021-02-04 00:00:00,1,0,2024-07-20 20:25:36,0,2024-07-20 20:25:36,,,
2021-01-28,六盘水市,二级焦,2670.00,出厂价,"A13.5S0.6 FC84,CSR55,干基",737,2021-01-28 00:00:00,1,0,2024-07-20 20:25:36,0,2024-07-20 20:25:36,,,
2021-01-28,六盘水市,三级焦,2580.00,出厂价,"A14S0.65CSR55,干基",738,2021-01-28 00:00:00,1,0,2024-07-20 20:25:36,0,2024-07-20 20:25:36,,,
2021-01-21,六盘水市,二级焦,2520.00,出厂价,"A13.5S0.6 FC84,CSR55,干基",739,2021-01-21 00:00:00,1,0,2024-07-20 20:25:36,0,2024-07-20 20:25:36,,,
2021-01-21,六盘水市,三级焦,2430.00,出厂价,"A14S0.65CSR55,干基",740,2021-01-21 00:00:00,1,0,2024-07-20 20:25:36,0,2024-07-20 20:25:36,,,
2021-01-14,六盘水市,二级焦,2520.00,出厂价,"A13.5S0.6 FC84,CSR55,干基",741,2021-01-14 00:00:00,1,0,2024-07-20 20:25:36,0,2024-07-20 20:25:36,,,
2021-01-14,六盘水市,三级焦,2430.00,出厂价,"A14S0.65CSR55,干基",742,2021-01-14 00:00:00,1,0,2024-07-20 20:25:36,0,2024-07-20 20:25:36,,,
2021-01-07,六盘水市,二级焦,2370.00,出厂价,"A13.5S0.6 FC84,CSR55,干基",743,2021-01-07 00:00:00,1,0,2024-07-20 20:25:36,0,2024-07-20 20:25:36,,,
2021-01-07,六盘水市,三级焦,2280.00,出厂价,"A14S0.65CSR55,干基",744,2021-01-07 00:00:00,1,0,2024-07-20 20:25:36,0,2024-07-20 20:25:36,,,
2020-12-31,六盘水市,二级焦,2370.00,出厂价,"A13.5S0.6 FC84,CSR55,干基",745,2020-12-31 00:00:00,1,0,2024-07-20 20:25:36,0,2024-07-20 20:25:36,,,
2020-12-31,六盘水市,三级焦,2280.00,出厂价,"A14S0.65CSR55,干基",746,2020-12-31 00:00:00,1,0,2024-07-20 20:25:36,0,2024-07-20 20:25:36,,,
2020-12-24,六盘水市,二级焦,2300.00,出厂价,"A13.5S0.6 FC84,CSR55,干基",747,2020-12-24 00:00:00,1,0,2024-07-20 20:25:36,0,2024-07-20 20:25:36,,,
2020-12-24,六盘水市,三级焦,2210.00,出厂价,"A14S0.65CSR55,干基",748,2020-12-24 00:00:00,1,0,2024-07-20 20:25:36,0,2024-07-20 20:25:36,,,
2020-12-17,六盘水市,二级焦,2300.00,出厂价,"A13.5S0.6 FC84,CSR55,干基",749,2020-12-17 00:00:00,1,0,2024-07-20 20:25:36,0,2024-07-20 20:25:36,,,
2020-12-17,六盘水市,三级焦,2210.00,出厂价,"A14S0.65CSR55,干基",750,2020-12-17 00:00:00,1,0,2024-07-20 20:25:36,0,2024-07-20 20:25:36,,,
2020-12-10,六盘水市,二级焦,2250.00,出厂价,"A13.5S0.6 FC84,CSR55,干基",751,2020-12-10 00:00:00,1,0,2024-07-20 20:25:39,0,2024-07-20 20:25:39,,,
2020-12-10,六盘水市,三级焦,2160.00,出厂价,"A14S0.65CSR55,干基",752,2020-12-10 00:00:00,1,0,2024-07-20 20:25:39,0,2024-07-20 20:25:39,,,
2020-12-03,六盘水市,二级焦,2250.00,出厂价,"A13.5S0.6 FC84,CSR55,干基",753,2020-12-03 00:00:00,1,0,2024-07-20 20:25:39,0,2024-07-20 20:25:39,,,
2020-12-03,六盘水市,三级焦,2160.00,出厂价,"A14S0.65CSR55,干基",754,2020-12-03 00:00:00,1,0,2024-07-20 20:25:39,0,2024-07-20 20:25:39,,,
2020-11-26,六盘水市,二级焦,2250.00,出厂价,"A13.5S0.6 FC84,CSR55,干基",755,2020-11-26 00:00:00,1,0,2024-07-20 20:25:39,0,2024-07-20 20:25:39,,,
2020-11-26,六盘水市,三级焦,2160.00,出厂价,"A14S0.65CSR55,干基",756,2020-11-26 00:00:00,1,0,2024-07-20 20:25:39,0,2024-07-20 20:25:39,,,
2020-11-19,六盘水市,二级焦,2250.00,出厂价,"A13.5S0.6 FC84,CSR55,干基",757,2020-11-19 00:00:00,1,0,2024-07-20 20:25:39,0,2024-07-20 20:25:39,,,
2020-11-19,六盘水市,三级焦,2160.00,出厂价,"A14S0.65CSR55,干基",758,2020-11-19 00:00:00,1,0,2024-07-20 20:25:39,0,2024-07-20 20:25:39,,,
2020-11-12,六盘水市,二级焦,2200.00,出厂价,"A13.5S0.6 FC84,CSR55,干基",759,2020-11-12 00:00:00,1,0,2024-07-20 20:25:39,0,2024-07-20 20:25:39,,,
2020-11-12,六盘水市,三级焦,2110.00,出厂价,"A14S0.65CSR55,干基",760,2020-11-12 00:00:00,1,0,2024-07-20 20:25:39,0,2024-07-20 20:25:39,,,
2020-11-05,六盘水市,二级焦,2150.00,出厂价,"A13.5S0.6 FC84,CSR55,干基",761,2020-11-05 00:00:00,1,0,2024-07-20 20:25:39,0,2024-07-20 20:25:39,,,
2020-11-05,六盘水市,三级焦,2060.00,出厂价,"A14S0.65CSR55,干基",762,2020-11-05 00:00:00,1,0,2024-07-20 20:25:39,0,2024-07-20 20:25:39,,,
2020-10-29,六盘水市,二级焦,2150.00,出厂价,"A13.5S0.6 FC84,CSR55,干基",763,2020-10-29 00:00:00,1,0,2024-07-20 20:25:39,0,2024-07-20 20:25:39,,,
2020-10-29,六盘水市,三级焦,2060.00,出厂价,"A14S0.65CSR55,干基",764,2020-10-29 00:00:00,1,0,2024-07-20 20:25:39,0,2024-07-20 20:25:39,,,
2020-10-22,六盘水市,二级焦,2100.00,出厂价,"A13.5S0.6 FC84,CSR55,干基",765,2020-10-22 00:00:00,1,0,2024-07-20 20:25:39,0,2024-07-20 20:25:39,,,
2020-10-22,六盘水市,三级焦,2010.00,出厂价,"A14S0.65CSR55,干基",766,2020-10-22 00:00:00,1,0,2024-07-20 20:25:39,0,2024-07-20 20:25:39,,,
2020-10-15,六盘水市,二级焦,2100.00,出厂价,"A13.5S0.6 FC84,CSR55,干基",767,2020-10-15 00:00:00,1,0,2024-07-20 20:25:39,0,2024-07-20 20:25:39,,,
2020-10-15,六盘水市,三级焦,2010.00,出厂价,"A14S0.65CSR55,干基",768,2020-10-15 00:00:00,1,0,2024-07-20 20:25:39,0,2024-07-20 20:25:39,,,
2020-10-09,六盘水市,二级焦,2000.00,出厂价,"A13.5S0.6 FC84,CSR55,干基",769,2020-10-09 00:00:00,1,0,2024-07-20 20:25:39,0,2024-07-20 20:25:39,,,
2020-10-09,六盘水市,三级焦,1910.00,出厂价,"A14S0.65CSR55,干基",770,2020-10-09 00:00:00,1,0,2024-07-20 20:25:39,0,2024-07-20 20:25:39,,,
2020-09-24,六盘水市,二级焦,2000.00,出厂价,"A13.5S0.6 FC84,CSR55,干基",771,2020-09-24 00:00:00,1,0,2024-07-20 20:25:39,0,2024-07-20 20:25:39,,,
2020-09-24,六盘水市,三级焦,1910.00,出厂价,"A14S0.65CSR55,干基",772,2020-09-24 00:00:00,1,0,2024-07-20 20:25:39,0,2024-07-20 20:25:39,,,
2020-09-17,六盘水市,二级焦,2000.00,出厂价,"A13.5S0.6 FC84,CSR55,干基",773,2020-09-17 00:00:00,1,0,2024-07-20 20:25:39,0,2024-07-20 20:25:39,,,
2020-09-17,六盘水市,三级焦,1910.00,出厂价,"A14S0.65CSR55,干基",774,2020-09-17 00:00:00,1,0,2024-07-20 20:25:39,0,2024-07-20 20:25:39,,,
2020-09-10,六盘水市,二级焦,2000.00,出厂价,"A13.5S0.6 FC84,CSR55,干基",775,2020-09-10 00:00:00,1,0,2024-07-20 20:25:39,0,2024-07-20 20:25:39,,,
2020-09-10,六盘水市,三级焦,1910.00,出厂价,"A14S0.65CSR55,干基",776,2020-09-10 00:00:00,1,0,2024-07-20 20:25:39,0,2024-07-20 20:25:39,,,
2020-09-03,六盘水市,二级焦,2000.00,出厂价,"A13.5S0.6 FC84,CSR55,干基",777,2020-09-03 00:00:00,1,0,2024-07-20 20:25:39,0,2024-07-20 20:25:39,,,
2020-09-03,六盘水市,三级焦,1910.00,出厂价,"A14S0.65CSR55,干基",778,2020-09-03 00:00:00,1,0,2024-07-20 20:25:39,0,2024-07-20 20:25:39,,,
2020-08-27,六盘水市,二级焦,2000.00,出厂价,"A13.5S0.6 FC84,CSR55,干基",779,2020-08-27 00:00:00,1,0,2024-07-20 20:25:39,0,2024-07-20 20:25:39,,,
2020-08-27,六盘水市,三级焦,1910.00,出厂价,"A14S0.65CSR55,干基",780,2020-08-27 00:00:00,1,0,2024-07-20 20:25:39,0,2024-07-20 20:25:39,,,
2020-08-20,六盘水市,二级焦,2050.00,出厂价,"A13.5S0.6 FC84,CSR55,干基",781,2020-08-20 00:00:00,1,0,2024-07-20 20:25:42,0,2024-07-20 20:25:42,,,
2020-08-20,六盘水市,三级焦,1960.00,出厂价,"A14S0.65CSR55,干基",782,2020-08-20 00:00:00,1,0,2024-07-20 20:25:42,0,2024-07-20 20:25:42,,,
2020-08-13,六盘水市,二级焦,2050.00,出厂价,"A13.5S0.6 FC84,CSR55,干基",783,2020-08-13 00:00:00,1,0,2024-07-20 20:25:42,0,2024-07-20 20:25:42,,,
2020-08-13,六盘水市,三级焦,1960.00,出厂价,"A14S0.65CSR55,干基",784,2020-08-13 00:00:00,1,0,2024-07-20 20:25:42,0,2024-07-20 20:25:42,,,
2020-08-06,六盘水市,二级焦,2050.00,出厂价,"A13.5S0.6 FC84,CSR55,干基",785,2020-08-06 00:00:00,1,0,2024-07-20 20:25:42,0,2024-07-20 20:25:42,,,
2020-08-06,六盘水市,三级焦,1960.00,出厂价,"A14S0.65CSR55,干基",786,2020-08-06 00:00:00,1,0,2024-07-20 20:25:42,0,2024-07-20 20:25:42,,,
2020-07-30,六盘水市,二级焦,2050.00,出厂价,"A13.5S0.6 FC84,CSR55,干基",787,2020-07-30 00:00:00,1,0,2024-07-20 20:25:42,0,2024-07-20 20:25:42,,,
2020-07-30,六盘水市,三级焦,1960.00,出厂价,"A14S0.65CSR55,干基",788,2020-07-30 00:00:00,1,0,2024-07-20 20:25:42,0,2024-07-20 20:25:42,,,
2020-07-23,六盘水市,二级焦,2050.00,出厂价,"A13.5S0.6 FC84,CSR55,干基",789,2020-07-23 00:00:00,1,0,2024-07-20 20:25:42,0,2024-07-20 20:25:42,,,
2020-07-23,六盘水市,三级焦,1960.00,出厂价,"A14S0.65CSR55,干基",790,2020-07-23 00:00:00,1,0,2024-07-20 20:25:42,0,2024-07-20 20:25:42,,,
2020-07-16,六盘水市,二级焦,2050.00,出厂价,"A13.5S0.6 FC84,CSR55,干基",791,2020-07-16 00:00:00,1,0,2024-07-20 20:25:42,0,2024-07-20 20:25:42,,,
2020-07-16,六盘水市,三级焦,1960.00,出厂价,"A14S0.65CSR55,干基",792,2020-07-16 00:00:00,1,0,2024-07-20 20:25:42,0,2024-07-20 20:25:42,,,
2020-07-09,六盘水市,二级焦,2050.00,出厂价,"A13.5S0.6 FC84,CSR55,干基",793,2020-07-09 00:00:00,1,0,2024-07-20 20:25:42,0,2024-07-20 20:25:42,,,
2020-07-09,六盘水市,三级焦,1960.00,出厂价,"A14S0.65CSR55,干基",794,2020-07-09 00:00:00,1,0,2024-07-20 20:25:42,0,2024-07-20 20:25:42,,,
2020-07-02,六盘水市,二级焦,2050.00,出厂价,"A13.5S0.6 FC84,CSR55,干基",795,2020-07-02 00:00:00,1,0,2024-07-20 20:25:42,0,2024-07-20 20:25:42,,,
2020-07-02,六盘水市,三级焦,1960.00,出厂价,"A14S0.65CSR55,干基",796,2020-07-02 00:00:00,1,0,2024-07-20 20:25:42,0,2024-07-20 20:25:42,,,
2020-06-28,六盘水市,二级焦,2050.00,出厂价,"A13.5S0.6 FC84,CSR55,干基",797,2020-06-28 00:00:00,1,0,2024-07-20 20:25:42,0,2024-07-20 20:25:42,,,
2020-06-28,六盘水市,三级焦,1960.00,出厂价,"A14S0.65CSR55,干基",798,2020-06-28 00:00:00,1,0,2024-07-20 20:25:42,0,2024-07-20 20:25:42,,,
2020-06-18,六盘水市,二级焦,1920.00,出厂价,"A13.5S0.6 FC84,CSR55,干基",799,2020-06-18 00:00:00,1,0,2024-07-20 20:25:42,0,2024-07-20 20:25:42,,,
2020-06-18,六盘水市,三级焦,1820.00,出厂价,"A14S0.65CSR55,干基",800,2020-06-18 00:00:00,1,0,2024-07-20 20:25:42,0,2024-07-20 20:25:42,,,
2020-06-11,六盘水市,二级焦,1920.00,出厂价,"A13.5S0.6 FC84,CSR55,干基",801,2020-06-11 00:00:00,1,0,2024-07-20 20:25:42,0,2024-07-20 20:25:42,,,
2020-06-11,六盘水市,三级焦,1820.00,出厂价,"A14S0.65CSR55,干基",802,2020-06-11 00:00:00,1,0,2024-07-20 20:25:42,0,2024-07-20 20:25:42,,,
2020-06-04,六盘水市,二级焦,1920.00,出厂价,"A13.5S0.6 FC84,CSR55,干基",803,2020-06-04 00:00:00,1,0,2024-07-20 20:25:42,0,2024-07-20 20:25:42,,,
2020-06-04,六盘水市,三级焦,1820.00,出厂价,"A14S0.65CSR55,干基",804,2020-06-04 00:00:00,1,0,2024-07-20 20:25:42,0,2024-07-20 20:25:42,,,
2020-05-29,六盘水市,二级焦,1920.00,出厂价,"A13.5S0.6 FC84,CSR55,干基",805,2020-05-29 00:00:00,1,0,2024-07-20 20:25:42,0,2024-07-20 20:25:42,,,
2020-05-29,六盘水市,三级焦,1820.00,出厂价,"A14S0.65CSR55,干基",806,2020-05-29 00:00:00,1,0,2024-07-20 20:25:42,0,2024-07-20 20:25:42,,,
2020-05-21,六盘水市,二级焦,1920.00,出厂价,"A13.5S0.6 FC84,CSR55,干基",807,2020-05-21 00:00:00,1,0,2024-07-20 20:25:42,0,2024-07-20 20:25:42,,,
2020-05-21,六盘水市,三级焦,1820.00,出厂价,"A14S0.65CSR55,干基",808,2020-05-21 00:00:00,1,0,2024-07-20 20:25:42,0,2024-07-20 20:25:42,,,
2020-05-14,六盘水市,二级焦,1870.00,出厂价,"A13.5S0.6 FC84,CSR55,干基",809,2020-05-14 00:00:00,1,0,2024-07-20 20:25:42,0,2024-07-20 20:25:42,,,
2020-05-14,六盘水市,三级焦,1780.00,出厂价,"A14S0.65CSR55,干基",810,2020-05-14 00:00:00,1,0,2024-07-20 20:25:42,0,2024-07-20 20:25:42,,,
2020-05-07,六盘水市,二级焦,1870.00,出厂价,"A13.5S0.6 FC84,CSR55,干基",811,2020-05-07 00:00:00,1,0,2024-07-20 20:25:45,0,2024-07-20 20:25:45,,,
2020-05-07,六盘水市,三级焦,1780.00,出厂价,"A14S0.65CSR55,干基",812,2020-05-07 00:00:00,1,0,2024-07-20 20:25:45,0,2024-07-20 20:25:45,,,
2020-04-30,六盘水市,二级焦,1870.00,出厂价,"A13.5S0.6 FC84,CSR55,干基",813,2020-04-30 00:00:00,1,0,2024-07-20 20:25:45,0,2024-07-20 20:25:45,,,
2020-04-30,六盘水市,三级焦,1780.00,出厂价,"A14S0.65CSR55,干基",814,2020-04-30 00:00:00,1,0,2024-07-20 20:25:45,0,2024-07-20 20:25:45,,,
2020-04-23,六盘水市,二级焦,1870.00,出厂价,"A13.5S0.6 FC84,CSR55,干基",815,2020-04-23 00:00:00,1,0,2024-07-20 20:25:45,0,2024-07-20 20:25:45,,,
2020-04-23,六盘水市,三级焦,1780.00,出厂价,"A14S0.65CSR55,干基",816,2020-04-23 00:00:00,1,0,2024-07-20 20:25:45,0,2024-07-20 20:25:45,,,
2020-04-16,六盘水市,二级焦,1870.00,出厂价,"A13.5S0.6 FC84,CSR55,干基",817,2020-04-16 00:00:00,1,0,2024-07-20 20:25:45,0,2024-07-20 20:25:45,,,
2020-04-16,六盘水市,三级焦,1780.00,出厂价,"A14S0.65CSR55,干基",818,2020-04-16 00:00:00,1,0,2024-07-20 20:25:45,0,2024-07-20 20:25:45,,,
2020-04-09,六盘水市,二级焦,1870.00,出厂价,"A13.5S0.6 FC84,CSR55,干基",819,2020-04-09 00:00:00,1,0,2024-07-20 20:25:45,0,2024-07-20 20:25:45,,,
2020-04-09,六盘水市,三级焦,1780.00,出厂价,"A14S0.65CSR55,干基",820,2020-04-09 00:00:00,1,0,2024-07-20 20:25:45,0,2024-07-20 20:25:45,,,
2020-04-02,六盘水市,二级焦,2070.00,出厂价,"A13.5S0.6 FC84,CSR55,干基",821,2020-04-02 00:00:00,1,0,2024-07-20 20:25:45,0,2024-07-20 20:25:45,,,
2020-04-02,六盘水市,三级焦,1970.00,出厂价,"A14S0.65CSR55,干基",822,2020-04-02 00:00:00,1,0,2024-07-20 20:25:45,0,2024-07-20 20:25:45,,,
2020-03-26,六盘水市,二级焦,2070.00,出厂价,"A13.5S0.6 FC84,CSR55,干基",823,2020-03-26 00:00:00,1,0,2024-07-20 20:25:45,0,2024-07-20 20:25:45,,,
2020-03-26,六盘水市,三级焦,1970.00,出厂价,"A14S0.65CSR55,干基",824,2020-03-26 00:00:00,1,0,2024-07-20 20:25:45,0,2024-07-20 20:25:45,,,
2020-03-19,六盘水市,二级焦,1970.00,出厂价,"A13.5S0.6 FC84,CSR55,干基",825,2020-03-19 00:00:00,1,0,2024-07-20 20:25:45,0,2024-07-20 20:25:45,,,
2020-03-19,六盘水市,三级焦,1970.00,出厂价,"A14S0.65CSR55,干基",826,2020-03-19 00:00:00,1,0,2024-07-20 20:25:45,0,2024-07-20 20:25:45,,,
2020-03-12,六盘水市,二级焦,2070.00,出厂价,"A13.5S0.6 FC84,CSR55,干基",827,2020-03-12 00:00:00,1,0,2024-07-20 20:25:45,0,2024-07-20 20:25:45,,,
2020-03-12,六盘水市,三级焦,1970.00,出厂价,"A14S0.65CSR55,干基",828,2020-03-12 00:00:00,1,0,2024-07-20 20:25:45,0,2024-07-20 20:25:45,,,
2020-03-05,六盘水市,二级焦,2070.00,出厂价,"A13.5S0.6 FC84,CSR55,干基",829,2020-03-05 00:00:00,1,0,2024-07-20 20:25:45,0,2024-07-20 20:25:45,,,
2020-03-05,六盘水市,三级焦,1970.00,出厂价,"A14S0.65CSR55,干基",830,2020-03-05 00:00:00,1,0,2024-07-20 20:25:45,0,2024-07-20 20:25:45,,,
2020-02-27,六盘水市,二级焦,2070.00,出厂价,"A13.5S0.6 FC84,CSR55,干基",831,2020-02-27 00:00:00,1,0,2024-07-20 20:25:45,0,2024-07-20 20:25:45,,,
2020-02-27,六盘水市,三级焦,1970.00,出厂价,"A14S0.65CSR55,干基",832,2020-02-27 00:00:00,1,0,2024-07-20 20:25:45,0,2024-07-20 20:25:45,,,
2020-02-20,六盘水市,二级焦,2120.00,出厂价,"A13.5S0.6 FC84,CSR55,干基",833,2020-02-20 00:00:00,1,0,2024-07-20 20:25:45,0,2024-07-20 20:25:45,,,
2020-02-20,六盘水市,三级焦,2020.00,出厂价,"A14S0.65CSR55,干基",834,2020-02-20 00:00:00,1,0,2024-07-20 20:25:45,0,2024-07-20 20:25:45,,,
2020-02-13,六盘水市,二级焦,2120.00,出厂价,"A13.5S0.6 FC84,CSR55,干基",835,2020-02-13 00:00:00,1,0,2024-07-20 20:25:45,0,2024-07-20 20:25:45,,,
2020-02-13,六盘水市,三级焦,2020.00,出厂价,"A14S0.65CSR55,干基",836,2020-02-13 00:00:00,1,0,2024-07-20 20:25:45,0,2024-07-20 20:25:45,,,
2020-02-06,六盘水市,二级焦,2120.00,出厂价,"A13.5S0.6 FC84,CSR55,干基",837,2020-02-06 00:00:00,1,0,2024-07-20 20:25:45,0,2024-07-20 20:25:45,,,
2020-02-06,六盘水市,三级焦,2020.00,出厂价,"A14S0.65CSR55,干基",838,2020-02-06 00:00:00,1,0,2024-07-20 20:25:45,0,2024-07-20 20:25:45,,,
2020-01-23,六盘水市,二级焦,2120.00,出厂价,"A13.5S0.6 FC84,CSR55,干基",839,2020-01-23 00:00:00,1,0,2024-07-20 20:25:45,0,2024-07-20 20:25:45,,,
2020-01-23,六盘水市,三级焦,2020.00,出厂价,"A14S0.65CSR55,干基",840,2020-01-23 00:00:00,1,0,2024-07-20 20:25:45,0,2024-07-20 20:25:45,,,
2020-01-16,六盘水市,二级焦,2120.00,出厂价,"A13.5S0.6 FC84,CSR55,干基",841,2020-01-16 00:00:00,1,0,2024-07-20 20:25:48,0,2024-07-20 20:25:48,,,
2020-01-16,六盘水市,三级焦,2020.00,出厂价,"A14S0.65CSR55,干基",842,2020-01-16 00:00:00,1,0,2024-07-20 20:25:48,0,2024-07-20 20:25:48,,,
2020-01-09,六盘水市,二级焦,2120.00,出厂价,"A13.5S0.6 FC84,CSR55,干基",843,2020-01-09 00:00:00,1,0,2024-07-20 20:25:48,0,2024-07-20 20:25:48,,,
2020-01-09,六盘水市,三级焦,2020.00,出厂价,"A14S0.65CSR55,干基",844,2020-01-09 00:00:00,1,0,2024-07-20 20:25:48,0,2024-07-20 20:25:48,,,
2020-01-02,六盘水市,二级焦,2120.00,出厂价,"A13.5S0.6 FC84,CSR55,干基",845,2020-01-02 00:00:00,1,0,2024-07-20 20:25:48,0,2024-07-20 20:25:48,,,
2020-01-02,六盘水市,三级焦,2020.00,出厂价,"A14S0.65CSR55,干基",846,2020-01-02 00:00:00,1,0,2024-07-20 20:25:48,0,2024-07-20 20:25:48,,,
2019-12-26,六盘水市,二级焦,2120.00,出厂价,"A13.5S0.6 FC84,CSR55,干基",847,2019-12-26 00:00:00,1,0,2024-07-20 20:25:48,0,2024-07-20 20:25:48,,,
2019-12-26,六盘水市,三级焦,2020.00,出厂价,"A14S0.65CSR55,干基",848,2019-12-26 00:00:00,1,0,2024-07-20 20:25:48,0,2024-07-20 20:25:48,,,
2019-12-19,六盘水市,二级焦,2120.00,出厂价,"A13.5S0.6 FC84,CSR55,干基",849,2019-12-19 00:00:00,1,0,2024-07-20 20:25:48,0,2024-07-20 20:25:48,,,
2019-12-19,六盘水市,三级焦,2020.00,出厂价,"A14S0.65CSR55,干基",850,2019-12-19 00:00:00,1,0,2024-07-20 20:25:48,0,2024-07-20 20:25:48,,,
2019-12-12,六盘水市,二级焦,2120.00,出厂价,"A13.5S0.6 FC84,CSR55,干基",851,2019-12-12 00:00:00,1,0,2024-07-20 20:25:48,0,2024-07-20 20:25:48,,,
2019-12-12,六盘水市,三级焦,2020.00,出厂价,"A14S0.65CSR55,干基",852,2019-12-12 00:00:00,1,0,2024-07-20 20:25:48,0,2024-07-20 20:25:48,,,
2019-12-05,六盘水市,二级焦,2120.00,出厂价,"A13.5S0.6 FC84,CSR55,干基",853,2019-12-05 00:00:00,1,0,2024-07-20 20:25:48,0,2024-07-20 20:25:48,,,
2019-12-05,六盘水市,三级焦,2020.00,出厂价,"A14S0.65CSR55,干基",854,2019-12-05 00:00:00,1,0,2024-07-20 20:25:48,0,2024-07-20 20:25:48,,,
2019-11-28,六盘水市,二级焦,2120.00,出厂价,"A13.5S0.6 FC84,CSR55,干基",855,2019-11-28 00:00:00,1,0,2024-07-20 20:25:48,0,2024-07-20 20:25:48,,,
2019-11-28,六盘水市,三级焦,2020.00,出厂价,"A14S0.65CSR55,干基",856,2019-11-28 00:00:00,1,0,2024-07-20 20:25:48,0,2024-07-20 20:25:48,,,
2019-11-21,六盘水市,二级焦,2120.00,出厂价,"A13.5S0.6 FC84,CSR55,干基",857,2019-11-21 00:00:00,1,0,2024-07-20 20:25:48,0,2024-07-20 20:25:48,,,
2019-11-21,六盘水市,三级焦,2020.00,出厂价,"A14S0.65CSR55,干基",858,2019-11-21 00:00:00,1,0,2024-07-20 20:25:48,0,2024-07-20 20:25:48,,,
2019-11-14,六盘水市,二级焦,2200.00,出厂价,"A13.5S0.6 FC84,CSR55,干基",859,2019-11-14 00:00:00,1,0,2024-07-20 20:25:48,0,2024-07-20 20:25:48,,,
2019-11-14,六盘水市,三级焦,2100.00,出厂价,"A14S0.65CSR55,干基",860,2019-11-14 00:00:00,1,0,2024-07-20 20:25:48,0,2024-07-20 20:25:48,,,
2019-11-07,六盘水市,二级焦,2200.00,出厂价,"A13.5S0.6 FC84,CSR55,干基",861,2019-11-07 00:00:00,1,0,2024-07-20 20:25:48,0,2024-07-20 20:25:48,,,
2019-11-07,六盘水市,三级焦,2100.00,出厂价,"A14S0.65CSR55,干基",862,2019-11-07 00:00:00,1,0,2024-07-20 20:25:48,0,2024-07-20 20:25:48,,,
2019-10-31,六盘水市,二级焦,2260.00,出厂价,"A13.5S0.6 FC84,CSR55,干基",863,2019-10-31 00:00:00,1,0,2024-07-20 20:25:48,0,2024-07-20 20:25:48,,,
2019-10-31,六盘水市,三级焦,2160.00,出厂价,"A14S0.65CSR55,干基",864,2019-10-31 00:00:00,1,0,2024-07-20 20:25:48,0,2024-07-20 20:25:48,,,
2019-10-24,六盘水市,二级焦,2260.00,出厂价,"A13.5S0.6 FC84,CSR55,干基",865,2019-10-24 00:00:00,1,0,2024-07-20 20:25:48,0,2024-07-20 20:25:48,,,
2019-10-24,六盘水市,三级焦,2160.00,出厂价,"A14S0.65CSR55,干基",866,2019-10-24 00:00:00,1,0,2024-07-20 20:25:48,0,2024-07-20 20:25:48,,,
2019-10-17,六盘水市,二级焦,2340.00,出厂价,"A13.5S0.6 FC84,CSR55,干基",867,2019-10-17 00:00:00,1,0,2024-07-20 20:25:48,0,2024-07-20 20:25:48,,,
2019-10-17,六盘水市,三级焦,2240.00,出厂价,"A14S0.65CSR55,干基",868,2019-10-17 00:00:00,1,0,2024-07-20 20:25:48,0,2024-07-20 20:25:48,,,
2019-10-10,六盘水市,二级焦,2340.00,出厂价,"A13.5S0.6 FC84,CSR55,干基",869,2019-10-10 00:00:00,1,0,2024-07-20 20:25:48,0,2024-07-20 20:25:48,,,
2019-10-10,六盘水市,三级焦,2240.00,出厂价,"A14S0.65CSR55,干基",870,2019-10-10 00:00:00,1,0,2024-07-20 20:25:48,0,2024-07-20 20:25:48,,,
2019-09-26,六盘水市,二级焦,2340.00,出厂价,"A13.5S0.6 FC84,CSR55,干基",871,2019-09-26 00:00:00,1,0,2024-07-20 20:25:50,0,2024-07-20 20:25:50,,,
2019-09-26,六盘水市,三级焦,2240.00,出厂价,"A14S0.65CSR55,干基",872,2019-09-26 00:00:00,1,0,2024-07-20 20:25:50,0,2024-07-20 20:25:50,,,
2019-09-19,六盘水市,二级焦,2340.00,出厂价,"A13.5S0.6 FC84,CSR55,干基",873,2019-09-19 00:00:00,1,0,2024-07-20 20:25:50,0,2024-07-20 20:25:50,,,
2019-09-19,六盘水市,三级焦,2240.00,出厂价,"A14S0.65CSR55,干基",874,2019-09-19 00:00:00,1,0,2024-07-20 20:25:50,0,2024-07-20 20:25:50,,,
2019-09-12,六盘水市,二级焦,2340.00,出厂价,"A13.5S0.6 FC84,CSR55,干基",875,2019-09-12 00:00:00,1,0,2024-07-20 20:25:50,0,2024-07-20 20:25:50,,,
2019-09-12,六盘水市,三级焦,2240.00,出厂价,"A14S0.65CSR55,干基",876,2019-09-12 00:00:00,1,0,2024-07-20 20:25:50,0,2024-07-20 20:25:50,,,
2019-09-05,六盘水市,二级焦,2340.00,出厂价,"A13.5S0.6 FC84,CSR55,干基",877,2019-09-05 00:00:00,1,0,2024-07-20 20:25:50,0,2024-07-20 20:25:50,,,
2019-09-05,六盘水市,三级焦,2240.00,出厂价,"A14S0.65CSR55,干基",878,2019-09-05 00:00:00,1,0,2024-07-20 20:25:50,0,2024-07-20 20:25:50,,,
2019-08-29,六盘水市,二级焦,2340.00,出厂价,"A13.5S0.6 FC84,CSR55,干基",879,2019-08-29 00:00:00,1,0,2024-07-20 20:25:50,0,2024-07-20 20:25:50,,,
2019-08-29,六盘水市,三级焦,2240.00,出厂价,"A14S0.65CSR55,干基",880,2019-08-29 00:00:00,1,0,2024-07-20 20:25:50,0,2024-07-20 20:25:50,,,
2019-08-22,六盘水市,二级焦,2340.00,出厂价,"A13.5S0.6 FC84,CSR55,干基",881,2019-08-22 00:00:00,1,0,2024-07-20 20:25:50,0,2024-07-20 20:25:50,,,
2019-08-22,六盘水市,三级焦,2240.00,出厂价,"A14S0.65CSR55,干基",882,2019-08-22 00:00:00,1,0,2024-07-20 20:25:50,0,2024-07-20 20:25:50,,,
2019-08-15,六盘水市,二级焦,2340.00,出厂价,"A13.5S0.6 FC84,CSR55,干基",883,2019-08-15 00:00:00,1,0,2024-07-20 20:25:50,0,2024-07-20 20:25:50,,,
2019-08-15,六盘水市,三级焦,2240.00,出厂价,"A14S0.65CSR55,干基",884,2019-08-15 00:00:00,1,0,2024-07-20 20:25:50,0,2024-07-20 20:25:50,,,
2019-08-08,六盘水市,二级焦,2290.00,出厂价,"A13.5S0.6 FC84,CSR55,干基",885,2019-08-08 00:00:00,1,0,2024-07-20 20:25:50,0,2024-07-20 20:25:50,,,
2019-08-08,六盘水市,三级焦,2190.00,出厂价,"A14S0.65CSR55,干基",886,2019-08-08 00:00:00,1,0,2024-07-20 20:25:50,0,2024-07-20 20:25:50,,,
2019-08-01,六盘水市,二级焦,2290.00,出厂价,"A13.5S0.6 FC84,CSR55,干基",887,2019-08-01 00:00:00,1,0,2024-07-20 20:25:50,0,2024-07-20 20:25:50,,,
2019-08-01,六盘水市,三级焦,2190.00,出厂价,"A14S0.65CSR55,干基",888,2019-08-01 00:00:00,1,0,2024-07-20 20:25:50,0,2024-07-20 20:25:50,,,
2019-07-25,六盘水市,二级焦,2290.00,出厂价,"A13.5S0.6 FC84,CSR55,干基",889,2019-07-25 00:00:00,1,0,2024-07-20 20:25:50,0,2024-07-20 20:25:50,,,
2019-07-25,六盘水市,三级焦,2190.00,出厂价,"A14S0.65CSR55,干基",890,2019-07-25 00:00:00,1,0,2024-07-20 20:25:50,0,2024-07-20 20:25:50,,,
2019-07-18,六盘水市,二级焦,2290.00,出厂价,"A13.5S0.6 FC84,CSR55,干基",891,2019-07-18 00:00:00,1,0,2024-07-20 20:25:50,0,2024-07-20 20:25:50,,,
2019-07-18,六盘水市,三级焦,2190.00,出厂价,"A14S0.65CSR55,干基",892,2019-07-18 00:00:00,1,0,2024-07-20 20:25:50,0,2024-07-20 20:25:50,,,
2019-07-11,六盘水市,二级焦,2340.00,出厂价,"A13.5S0.6 FC84,CSR55,干基",893,2019-07-11 00:00:00,1,0,2024-07-20 20:25:50,0,2024-07-20 20:25:50,,,
2019-07-11,六盘水市,三级焦,2240.00,出厂价,"A14S0.65CSR55,干基",894,2019-07-11 00:00:00,1,0,2024-07-20 20:25:50,0,2024-07-20 20:25:50,,,
2019-07-04,六盘水市,二级焦,2340.00,出厂价,"A13.5S0.6 FC84,CSR55,干基",895,2019-07-04 00:00:00,1,0,2024-07-20 20:25:50,0,2024-07-20 20:25:50,,,
2019-07-04,六盘水市,三级焦,2240.00,出厂价,"A14S0.65CSR55,干基",896,2019-07-04 00:00:00,1,0,2024-07-20 20:25:50,0,2024-07-20 20:25:50,,,
2019-06-27,六盘水市,二级焦,2390.00,出厂价,"A13.5S0.6 FC84,CSR55,干基",897,2019-06-27 00:00:00,1,0,2024-07-20 20:25:50,0,2024-07-20 20:25:50,,,
2019-06-27,六盘水市,三级焦,2290.00,出厂价,"A14S0.65CSR55,干基",898,2019-06-27 00:00:00,1,0,2024-07-20 20:25:50,0,2024-07-20 20:25:50,,,
2019-06-20,六盘水市,二级焦,2390.00,出厂价,"A13.5S0.6 FC84,CSR55,干基",899,2019-06-20 00:00:00,1,0,2024-07-20 20:25:50,0,2024-07-20 20:25:50,,,
2019-06-20,六盘水市,三级焦,2290.00,出厂价,"A14S0.65CSR55,干基",900,2019-06-20 00:00:00,1,0,2024-07-20 20:25:50,0,2024-07-20 20:25:50,,,
2019-06-13,六盘水市,二级焦,2390.00,出厂价,"A13.5S0.6 FC84,CSR55,干基",901,2019-06-13 00:00:00,1,0,2024-07-20 20:25:54,0,2024-07-20 20:25:54,,,
2019-06-13,六盘水市,三级焦,2290.00,出厂价,"A14S0.65CSR55,干基",902,2019-06-13 00:00:00,1,0,2024-07-20 20:25:54,0,2024-07-20 20:25:54,,,
2019-06-06,六盘水市,二级焦,2390.00,出厂价,"A13.5S0.6 FC84,CSR55,干基",903,2019-06-06 00:00:00,1,0,2024-07-20 20:25:54,0,2024-07-20 20:25:54,,,
2019-06-06,六盘水市,三级焦,2290.00,出厂价,"A14S0.65CSR55,干基",904,2019-06-06 00:00:00,1,0,2024-07-20 20:25:54,0,2024-07-20 20:25:54,,,
2019-05-30,六盘水市,二级焦,2290.00,出厂价,"A13.5S0.6 FC84,CSR55,干基",905,2019-05-30 00:00:00,1,0,2024-07-20 20:25:54,0,2024-07-20 20:25:54,,,
2019-05-30,六盘水市,三级焦,2190.00,出厂价,"A14S0.65CSR55,干基",906,2019-05-30 00:00:00,1,0,2024-07-20 20:25:54,0,2024-07-20 20:25:54,,,
2019-05-23,六盘水市,二级焦,2160.00,出厂价,"A13.5S0.6 FC84,CSR55,干基",907,2019-05-23 00:00:00,1,0,2024-07-20 20:25:54,0,2024-07-20 20:25:54,,,
2019-05-23,六盘水市,三级焦,2060.00,出厂价,"A14S0.65CSR55,干基",908,2019-05-23 00:00:00,1,0,2024-07-20 20:25:54,0,2024-07-20 20:25:54,,,
2019-05-16,六盘水市,二级焦,2160.00,出厂价,"A13.5S0.6 FC84,CSR55,干基",909,2019-05-16 00:00:00,1,0,2024-07-20 20:25:54,0,2024-07-20 20:25:54,,,
2019-05-16,六盘水市,三级焦,2060.00,出厂价,"A14S0.65CSR55,干基",910,2019-05-16 00:00:00,1,0,2024-07-20 20:25:54,0,2024-07-20 20:25:54,,,
2019-05-09,六盘水市,二级焦,2160.00,出厂价,"A13.5S0.6 FC84,CSR55,干基",911,2019-05-09 00:00:00,1,0,2024-07-20 20:25:54,0,2024-07-20 20:25:54,,,
2019-05-09,六盘水市,三级焦,2060.00,出厂价,"A14S0.65CSR55,干基",912,2019-05-09 00:00:00,1,0,2024-07-20 20:25:54,0,2024-07-20 20:25:54,,,
2019-04-25,六盘水市,二级焦,2310.00,出厂价,"A13.5S0.6 FC84,CSR55,干基",913,2019-04-25 00:00:00,1,0,2024-07-20 20:25:54,0,2024-07-20 20:25:54,,,
2019-04-25,六盘水市,三级焦,2210.00,出厂价,"A14S0.65CSR55,干基",914,2019-04-25 00:00:00,1,0,2024-07-20 20:25:54,0,2024-07-20 20:25:54,,,
2019-04-18,六盘水市,二级焦,2310.00,出厂价,"A13.5S0.6 FC84,CSR55,干基",915,2019-04-18 00:00:00,1,0,2024-07-20 20:25:54,0,2024-07-20 20:25:54,,,
2019-04-18,六盘水市,三级焦,2210.00,出厂价,"A14S0.65CSR55,干基",916,2019-04-18 00:00:00,1,0,2024-07-20 20:25:54,0,2024-07-20 20:25:54,,,
2019-04-11,六盘水市,二级焦,2310.00,出厂价,"A13.5S0.6 FC84,CSR55,干基",917,2019-04-11 00:00:00,1,0,2024-07-20 20:25:54,0,2024-07-20 20:25:54,,,
2019-04-11,六盘水市,三级焦,2210.00,出厂价,"A14S0.65CSR55,干基",918,2019-04-11 00:00:00,1,0,2024-07-20 20:25:54,0,2024-07-20 20:25:54,,,
2019-04-04,六盘水市,二级焦,2310.00,出厂价,"A13.5S0.6 FC84,CSR55,干基",919,2019-04-04 00:00:00,1,0,2024-07-20 20:25:54,0,2024-07-20 20:25:54,,,
2019-04-04,六盘水市,三级焦,2210.00,出厂价,"A14S0.65CSR55,干基",920,2019-04-04 00:00:00,1,0,2024-07-20 20:25:54,0,2024-07-20 20:25:54,,,
2019-03-28,六盘水市,二级焦,2310.00,出厂价,"A13.5S0.6 FC84,CSR55,干基",921,2019-03-28 00:00:00,1,0,2024-07-20 20:25:54,0,2024-07-20 20:25:54,,,
2019-03-28,六盘水市,三级焦,2210.00,出厂价,"A14S0.65CSR55,干基",922,2019-03-28 00:00:00,1,0,2024-07-20 20:25:54,0,2024-07-20 20:25:54,,,
2019-03-21,六盘水市,二级焦,2310.00,出厂价,"A13.5S0.6 FC84,CSR55,干基",923,2019-03-21 00:00:00,1,0,2024-07-20 20:25:54,0,2024-07-20 20:25:54,,,
2019-03-21,六盘水市,三级焦,2210.00,出厂价,"A14S0.65CSR55,干基",924,2019-03-21 00:00:00,1,0,2024-07-20 20:25:54,0,2024-07-20 20:25:54,,,
2019-03-14,六盘水市,二级焦,2360.00,出厂价,"A13.5S0.6 FC84,CSR55,干基",925,2019-03-14 00:00:00,1,0,2024-07-20 20:25:54,0,2024-07-20 20:25:54,,,
2019-03-14,六盘水市,三级焦,2260.00,出厂价,"A14S0.65CSR55,干基",926,2019-03-14 00:00:00,1,0,2024-07-20 20:25:54,0,2024-07-20 20:25:54,,,
2019-03-07,六盘水市,二级焦,2360.00,出厂价,"A13.5S0.6 FC84,CSR55,干基",927,2019-03-07 00:00:00,1,0,2024-07-20 20:25:54,0,2024-07-20 20:25:54,,,
2019-03-07,六盘水市,三级焦,2260.00,出厂价,"A14S0.65CSR55,干基",928,2019-03-07 00:00:00,1,0,2024-07-20 20:25:54,0,2024-07-20 20:25:54,,,
2019-02-28,六盘水市,二级焦,2410.00,出厂价,"A13.5S0.6 FC84,CSR55,干基",929,2019-02-28 00:00:00,1,0,2024-07-20 20:25:54,0,2024-07-20 20:25:54,,,
2019-02-28,六盘水市,三级焦,2310.00,出厂价,"A14S0.65CSR55,干基",930,2019-02-28 00:00:00,1,0,2024-07-20 20:25:54,0,2024-07-20 20:25:54,,,
2019-02-21,六盘水市,二级焦,2410.00,出厂价,"A13.5S0.6 FC84,CSR55,干基",931,2019-02-21 00:00:00,1,0,2024-07-20 20:25:58,0,2024-07-20 20:25:58,,,
2019-02-21,六盘水市,三级焦,2310.00,出厂价,"A14S0.65CSR55,干基",932,2019-02-21 00:00:00,1,0,2024-07-20 20:25:58,0,2024-07-20 20:25:58,,,
2019-02-14,六盘水市,二级焦,2410.00,出厂价,"A13.5S0.6 FC84,CSR55,干基",933,2019-02-14 00:00:00,1,0,2024-07-20 20:25:58,0,2024-07-20 20:25:58,,,
2019-02-14,六盘水市,三级焦,2310.00,出厂价,"A14S0.65CSR55,干基",934,2019-02-14 00:00:00,1,0,2024-07-20 20:25:58,0,2024-07-20 20:25:58,,,
2019-02-11,六盘水市,二级焦,2410.00,出厂价,"A13.5S0.6 FC84,CSR55,干基",935,2019-02-11 00:00:00,1,0,2024-07-20 20:25:58,0,2024-07-20 20:25:58,,,
2019-02-11,六盘水市,三级焦,2310.00,出厂价,"A14S0.65CSR55,干基",936,2019-02-11 00:00:00,1,0,2024-07-20 20:25:58,0,2024-07-20 20:25:58,,,
2019-02-03,六盘水市,二级焦,2410.00,出厂价,"A13.5S0.6 FC84,CSR55,干基",937,2019-02-03 00:00:00,1,0,2024-07-20 20:25:58,0,2024-07-20 20:25:58,,,
2019-02-03,六盘水市,三级焦,2310.00,出厂价,"A14S0.65CSR55,干基",938,2019-02-03 00:00:00,1,0,2024-07-20 20:25:58,0,2024-07-20 20:25:58,,,
2019-01-31,六盘水市,二级焦,2410.00,出厂价,"A13.5S0.6 FC84,CSR55,干基",939,2019-01-31 00:00:00,1,0,2024-07-20 20:25:58,0,2024-07-20 20:25:58,,,
2019-01-31,六盘水市,三级焦,2310.00,出厂价,"A14S0.65CSR55,干基",940,2019-01-31 00:00:00,1,0,2024-07-20 20:25:58,0,2024-07-20 20:25:58,,,
2019-01-25,六盘水市,二级焦,2410.00,出厂价,"A13.5S0.6 FC84,CSR55,干基",941,2019-01-25 00:00:00,1,0,2024-07-20 20:25:58,0,2024-07-20 20:25:58,,,
2019-01-25,六盘水市,三级焦,2310.00,出厂价,"A14S0.65CSR55,干基",942,2019-01-25 00:00:00,1,0,2024-07-20 20:25:58,0,2024-07-20 20:25:58,,,
2019-01-17,六盘水市,二级焦,2460.00,出厂价,"A13.5S0.6 FC84,CSR55,干基",943,2019-01-17 00:00:00,1,0,2024-07-20 20:25:58,0,2024-07-20 20:25:58,,,
2019-01-17,六盘水市,三级焦,2360.00,出厂价,"A14S0.65CSR55,干基",944,2019-01-17 00:00:00,1,0,2024-07-20 20:25:58,0,2024-07-20 20:25:58,,,
2019-01-10,六盘水市,二级焦,2460.00,出厂价,"A13.5S0.6 FC84,CSR55,干基",945,2019-01-10 00:00:00,1,0,2024-07-20 20:25:58,0,2024-07-20 20:25:58,,,
2019-01-10,六盘水市,三级焦,2360.00,出厂价,"A14S0.65CSR55,干基",946,2019-01-10 00:00:00,1,0,2024-07-20 20:25:58,0,2024-07-20 20:25:58,,,
2019-01-03,六盘水市,二级焦,2510.00,出厂价,"A13.5S0.6 FC84,CSR55,干基",947,2019-01-03 00:00:00,1,0,2024-07-20 20:25:58,0,2024-07-20 20:25:58,,,
2019-01-03,六盘水市,三级焦,2410.00,出厂价,"A14S0.65CSR55,干基",948,2019-01-03 00:00:00,1,0,2024-07-20 20:25:58,0,2024-07-20 20:25:58,,,
2018-12-27,六盘水市,二级焦,2510.00,出厂价,"A13.5S0.6 FC84,CSR55,干基",949,2018-12-27 00:00:00,1,0,2024-07-20 20:25:58,0,2024-07-20 20:25:58,,,
2018-12-27,六盘水市,三级焦,2410.00,出厂价,"A14S0.65CSR55,干基",950,2018-12-27 00:00:00,1,0,2024-07-20 20:25:58,0,2024-07-20 20:25:58,,,
2018-12-20,六盘水市,二级焦,2510.00,出厂价,"A13.5S0.6 FC84,CSR55,干基",951,2018-12-20 00:00:00,1,0,2024-07-20 20:25:58,0,2024-07-20 20:25:58,,,
2018-12-20,六盘水市,三级焦,2410.00,出厂价,"A14S0.65CSR55,干基",952,2018-12-20 00:00:00,1,0,2024-07-20 20:25:58,0,2024-07-20 20:25:58,,,
2018-12-13,六盘水市,二级焦,2510.00,出厂价,"A13.5S0.6 FC84,CSR55,干基",953,2018-12-13 00:00:00,1,0,2024-07-20 20:25:58,0,2024-07-20 20:25:58,,,
2018-12-13,六盘水市,三级焦,2410.00,出厂价,"A14S0.65CSR55,干基",954,2018-12-13 00:00:00,1,0,2024-07-20 20:25:58,0,2024-07-20 20:25:58,,,
2018-12-06,六盘水市,二级焦,2660.00,出厂价,"A13.5S0.6 FC84,CSR55,干基",955,2018-12-06 00:00:00,1,0,2024-07-20 20:25:58,0,2024-07-20 20:25:58,,,
2018-12-06,六盘水市,三级焦,2560.00,出厂价,"A14S0.65CSR55,干基",956,2018-12-06 00:00:00,1,0,2024-07-20 20:25:58,0,2024-07-20 20:25:58,,,
2018-11-29,六盘水市,二级焦,2660.00,出厂价,"A13.5S0.6 FC84,CSR55,干基",957,2018-11-29 00:00:00,1,0,2024-07-20 20:25:58,0,2024-07-20 20:25:58,,,
2018-11-29,六盘水市,三级焦,2560.00,出厂价,"A14S0.65CSR55,干基",958,2018-11-29 00:00:00,1,0,2024-07-20 20:25:58,0,2024-07-20 20:25:58,,,
2018-11-22,六盘水市,二级焦,2660.00,出厂价,"A13.5S0.6 FC84,CSR55,干基",959,2018-11-22 00:00:00,1,0,2024-07-20 20:25:58,0,2024-07-20 20:25:58,,,
2018-11-22,六盘水市,三级焦,2560.00,出厂价,"A14S0.65CSR55,干基",960,2018-11-22 00:00:00,1,0,2024-07-20 20:25:58,0,2024-07-20 20:25:58,,,
2018-11-15,六盘水市,二级焦,2610.00,出厂价,"A13.5S0.6 FC84,CSR55,干基",961,2018-11-15 00:00:00,1,0,2024-07-20 20:26:01,0,2024-07-20 20:26:01,,,
2018-11-15,六盘水市,三级焦,2510.00,出厂价,"A14S0.65CSR55,干基",962,2018-11-15 00:00:00,1,0,2024-07-20 20:26:01,0,2024-07-20 20:26:01,,,
2018-11-08,六盘水市,二级焦,2610.00,出厂价,"A13.5S0.6 FC84,CSR55,干基",963,2018-11-08 00:00:00,1,0,2024-07-20 20:26:01,0,2024-07-20 20:26:01,,,
2018-11-08,六盘水市,三级焦,2510.00,出厂价,"A14S0.65CSR55,干基",964,2018-11-08 00:00:00,1,0,2024-07-20 20:26:01,0,2024-07-20 20:26:01,,,
2018-11-01,六盘水市,二级焦,2510.00,出厂价,"A13.5S0.6 FC84,CSR55,干基",965,2018-11-01 00:00:00,1,0,2024-07-20 20:26:01,0,2024-07-20 20:26:01,,,
2018-11-01,六盘水市,三级焦,2410.00,出厂价,"A14S0.65CSR55,干基",966,2018-11-01 00:00:00,1,0,2024-07-20 20:26:01,0,2024-07-20 20:26:01,,,
2018-10-25,六盘水市,二级焦,2510.00,出厂价,"A13.5S0.6 FC84,CSR55,干基",967,2018-10-25 00:00:00,1,0,2024-07-20 20:26:01,0,2024-07-20 20:26:01,,,
2018-10-25,六盘水市,三级焦,2410.00,出厂价,"A14S0.65CSR55,干基",968,2018-10-25 00:00:00,1,0,2024-07-20 20:26:01,0,2024-07-20 20:26:01,,,
2018-10-18,六盘水市,二级焦,2510.00,出厂价,"A13.5S0.6 FC84,CSR55,干基",969,2018-10-18 00:00:00,1,0,2024-07-20 20:26:01,0,2024-07-20 20:26:01,,,
2018-10-18,六盘水市,三级焦,2410.00,出厂价,"A14S0.65CSR55,干基",970,2018-10-18 00:00:00,1,0,2024-07-20 20:26:01,0,2024-07-20 20:26:01,,,
2018-10-11,六盘水市,二级焦,2610.00,出厂价,"A13.5S0.6 FC84,CSR55,干基",971,2018-10-11 00:00:00,1,0,2024-07-20 20:26:01,0,2024-07-20 20:26:01,,,
2018-10-11,六盘水市,三级焦,2510.00,出厂价,"A14S0.65CSR55,干基",972,2018-10-11 00:00:00,1,0,2024-07-20 20:26:01,0,2024-07-20 20:26:01,,,
2018-10-08,六盘水市,二级焦,2610.00,出厂价,"A13.5S0.6 FC84,CSR55,干基",973,2018-10-08 00:00:00,1,0,2024-07-20 20:26:01,0,2024-07-20 20:26:01,,,
2018-10-08,六盘水市,三级焦,2510.00,出厂价,"A14S0.65CSR55,干基",974,2018-10-08 00:00:00,1,0,2024-07-20 20:26:01,0,2024-07-20 20:26:01,,,
2018-09-27,六盘水市,二级焦,2610.00,出厂价,"A13.5S0.6 FC84,CSR55,干基",975,2018-09-27 00:00:00,1,0,2024-07-20 20:26:01,0,2024-07-20 20:26:01,,,
2018-09-27,六盘水市,三级焦,2510.00,出厂价,"A14S0.65CSR55,干基",976,2018-09-27 00:00:00,1,0,2024-07-20 20:26:01,0,2024-07-20 20:26:01,,,
2018-09-20,六盘水市,二级焦,2610.00,出厂价,"A13.5S0.6 FC84,CSR55,干基",977,2018-09-20 00:00:00,1,0,2024-07-20 20:26:01,0,2024-07-20 20:26:01,,,
2018-09-20,六盘水市,三级焦,2510.00,出厂价,"A14S0.65CSR55,干基",978,2018-09-20 00:00:00,1,0,2024-07-20 20:26:01,0,2024-07-20 20:26:01,,,
2018-09-13,六盘水市,二级焦,2610.00,出厂价,"A13.5S0.6 FC84,CSR55,干基",979,2018-09-13 00:00:00,1,0,2024-07-20 20:26:01,0,2024-07-20 20:26:01,,,
2018-09-13,六盘水市,三级焦,2510.00,出厂价,"A14S0.65CSR55,干基",980,2018-09-13 00:00:00,1,0,2024-07-20 20:26:01,0,2024-07-20 20:26:01,,,
2018-09-06,六盘水市,二级焦,2610.00,出厂价,"A13.5S0.6 FC84,CSR55,干基",981,2018-09-06 00:00:00,1,0,2024-07-20 20:26:01,0,2024-07-20 20:26:01,,,
2018-09-06,六盘水市,三级焦,2510.00,出厂价,"A14S0.65CSR55,干基",982,2018-09-06 00:00:00,1,0,2024-07-20 20:26:01,0,2024-07-20 20:26:01,,,
2018-08-30,六盘水市,二级焦,2410.00,出厂价,"A13.5S0.6 FC84,CSR55,干基",983,2018-08-30 00:00:00,1,0,2024-07-20 20:26:01,0,2024-07-20 20:26:01,,,
2018-08-30,六盘水市,三级焦,2310.00,出厂价,"A14S0.65CSR55,干基",984,2018-08-30 00:00:00,1,0,2024-07-20 20:26:01,0,2024-07-20 20:26:01,,,
2018-08-23,六盘水市,二级焦,2410.00,出厂价,"A13.5S0.6 FC84,CSR55,干基",985,2018-08-23 00:00:00,1,0,2024-07-20 20:26:01,0,2024-07-20 20:26:01,,,
2018-08-23,六盘水市,三级焦,2310.00,出厂价,"A14S0.65CSR55,干基",986,2018-08-23 00:00:00,1,0,2024-07-20 20:26:01,0,2024-07-20 20:26:01,,,
2018-08-16,六盘水市,二级焦,2260.00,出厂价,"A13.5S0.6 FC84,CSR55,干基",987,2018-08-16 00:00:00,1,0,2024-07-20 20:26:01,0,2024-07-20 20:26:01,,,
2018-08-16,六盘水市,三级焦,2160.00,出厂价,"A14S0.65CSR55,干基",988,2018-08-16 00:00:00,1,0,2024-07-20 20:26:01,0,2024-07-20 20:26:01,,,
2018-08-09,六盘水市,二级焦,2260.00,出厂价,"A13.5S0.6 FC84,CSR55,干基",989,2018-08-09 00:00:00,1,0,2024-07-20 20:26:01,0,2024-07-20 20:26:01,,,
2018-08-09,六盘水市,三级焦,2160.00,出厂价,"A14S0.65CSR55,干基",990,2018-08-09 00:00:00,1,0,2024-07-20 20:26:01,0,2024-07-20 20:26:01,,,
2018-08-02,六盘水市,二级焦,2260.00,出厂价,"A13.5S0.6 FC84,CSR55,干基",991,2018-08-02 00:00:00,1,0,2024-07-20 20:26:04,0,2024-07-20 20:26:04,,,
2018-08-02,六盘水市,三级焦,2160.00,出厂价,"A14S0.65CSR55,干基",992,2018-08-02 00:00:00,1,0,2024-07-20 20:26:04,0,2024-07-20 20:26:04,,,
2018-07-27,六盘水市,二级焦,2360.00,出厂价,"A13.5S0.6 FC84,CSR55,干基",993,2018-07-27 00:00:00,1,0,2024-07-20 20:26:04,0,2024-07-20 20:26:04,,,
2018-07-27,六盘水市,三级焦,2260.00,出厂价,"A14S0.65CSR55,干基",994,2018-07-27 00:00:00,1,0,2024-07-20 20:26:04,0,2024-07-20 20:26:04,,,
2018-07-20,六盘水市,二级焦,2360.00,出厂价,"A13.5S0.6 FC84,CSR55,干基",995,2018-07-20 00:00:00,1,0,2024-07-20 20:26:04,0,2024-07-20 20:26:04,,,
2018-07-20,六盘水市,三级焦,2260.00,出厂价,"A14S0.65CSR55,干基",996,2018-07-20 00:00:00,1,0,2024-07-20 20:26:04,0,2024-07-20 20:26:04,,,
2018-07-13,六盘水市,二级焦,2410.00,出厂价,"A13.5S0.6 FC84,CSR55,干基",997,2018-07-13 00:00:00,1,0,2024-07-20 20:26:04,0,2024-07-20 20:26:04,,,
2018-07-13,六盘水市,三级焦,2310.00,出厂价,"A14S0.65CSR55,干基",998,2018-07-13 00:00:00,1,0,2024-07-20 20:26:04,0,2024-07-20 20:26:04,,,
2018-07-06,六盘水市,二级焦,2410.00,出厂价,"A13.5S0.6 FC84,CSR55,干基",999,2018-07-06 00:00:00,1,0,2024-07-20 20:26:04,0,2024-07-20 20:26:04,,,
2018-07-06,六盘水市,三级焦,2310.00,出厂价,"A14S0.65CSR55,干基",1000,2018-07-06 00:00:00,1,0,2024-07-20 20:26:04,0,2024-07-20 20:26:04,,,
2018-06-29,六盘水市,二级焦,2410.00,出厂价,"A13.5S0.6 FC84,CSR55,干基",1001,2018-06-29 00:00:00,1,0,2024-07-20 20:26:04,0,2024-07-20 20:26:04,,,
2018-06-29,六盘水市,三级焦,2310.00,出厂价,"A14S0.65CSR55,干基",1002,2018-06-29 00:00:00,1,0,2024-07-20 20:26:04,0,2024-07-20 20:26:04,,,
2018-06-22,六盘水市,二级焦,2410.00,出厂价,"A13.5S0.6 FC84,CSR55,干基",1003,2018-06-22 00:00:00,1,0,2024-07-20 20:26:04,0,2024-07-20 20:26:04,,,
2018-06-22,六盘水市,三级焦,2310.00,出厂价,"A14S0.65CSR55,干基",1004,2018-06-22 00:00:00,1,0,2024-07-20 20:26:04,0,2024-07-20 20:26:04,,,
2018-06-15,六盘水市,二级焦,2360.00,出厂价,"A13.5S0.6 FC84,CSR55,干基",1005,2018-06-15 00:00:00,1,0,2024-07-20 20:26:04,0,2024-07-20 20:26:04,,,
2018-06-15,六盘水市,三级焦,2260.00,出厂价,"A14S0.65CSR55,干基",1006,2018-06-15 00:00:00,1,0,2024-07-20 20:26:04,0,2024-07-20 20:26:04,,,
2018-06-08,六盘水市,二级焦,2360.00,出厂价,"A13.5S0.6 FC84,CSR55,干基",1007,2018-06-08 00:00:00,1,0,2024-07-20 20:26:04,0,2024-07-20 20:26:04,,,
2018-06-08,六盘水市,三级焦,2260.00,出厂价,"A14S0.65CSR55,干基",1008,2018-06-08 00:00:00,1,0,2024-07-20 20:26:04,0,2024-07-20 20:26:04,,,
2018-06-01,六盘水市,二级焦,2260.00,出厂价,"A13.5S0.6 FC84,CSR55,干基",1009,2018-06-01 00:00:00,1,0,2024-07-20 20:26:04,0,2024-07-20 20:26:04,,,
2018-06-01,六盘水市,三级焦,2160.00,出厂价,"A14S0.65CSR55,干基",1010,2018-06-01 00:00:00,1,0,2024-07-20 20:26:04,0,2024-07-20 20:26:04,,,
2018-05-25,六盘水市,二级焦,2160.00,出厂价,"A13.5S0.6 FC84,CSR55,干基",1011,2018-05-25 00:00:00,1,0,2024-07-20 20:26:04,0,2024-07-20 20:26:04,,,
2018-05-25,六盘水市,三级焦,2060.00,出厂价,"A14S0.65CSR55,干基",1012,2018-05-25 00:00:00,1,0,2024-07-20 20:26:04,0,2024-07-20 20:26:04,,,
2018-05-18,六盘水市,二级焦,2160.00,出厂价,"A13.5S0.6 FC84,CSR55,干基",1013,2018-05-18 00:00:00,1,0,2024-07-20 20:26:04,0,2024-07-20 20:26:04,,,
2018-05-18,六盘水市,三级焦,2060.00,出厂价,"A14S0.65CSR55,干基",1014,2018-05-18 00:00:00,1,0,2024-07-20 20:26:04,0,2024-07-20 20:26:04,,,
2018-05-11,六盘水市,二级焦,2160.00,出厂价,"A13.5S0.6 FC84,CSR55,干基",1015,2018-05-11 00:00:00,1,0,2024-07-20 20:26:04,0,2024-07-20 20:26:04,,,
2018-05-11,六盘水市,三级焦,2060.00,出厂价,"A14S0.65CSR55,干基",1016,2018-05-11 00:00:00,1,0,2024-07-20 20:26:04,0,2024-07-20 20:26:04,,,
2018-05-04,六盘水市,二级焦,2160.00,出厂价,"A13.5S0.6 FC84,CSR55,干基",1017,2018-05-04 00:00:00,1,0,2024-07-20 20:26:04,0,2024-07-20 20:26:04,,,
2018-05-04,六盘水市,三级焦,2060.00,出厂价,"A14S0.65CSR55,干基",1018,2018-05-04 00:00:00,1,0,2024-07-20 20:26:04,0,2024-07-20 20:26:04,,,
2018-04-27,六盘水市,二级焦,2160.00,出厂价,"A13.5S0.6 FC84,CSR55,干基",1019,2018-04-27 00:00:00,1,0,2024-07-20 20:26:04,0,2024-07-20 20:26:04,,,
2018-04-27,六盘水市,三级焦,2060.00,出厂价,"A14S0.65CSR55,干基",1020,2018-04-27 00:00:00,1,0,2024-07-20 20:26:04,0,2024-07-20 20:26:04,,,
2018-04-20,六盘水市,二级焦,2160.00,出厂价,"A13.5S0.6 FC84,CSR55,干基",1021,2018-04-20 00:00:00,1,0,2024-07-20 20:26:07,0,2024-07-20 20:26:07,,,
2018-04-20,六盘水市,三级焦,2060.00,出厂价,"A14S0.65CSR55,干基",1022,2018-04-20 00:00:00,1,0,2024-07-20 20:26:07,0,2024-07-20 20:26:07,,,
2018-04-13,六盘水市,二级焦,2260.00,出厂价,"A13.5S0.6 FC84,CSR55,干基",1023,2018-04-13 00:00:00,1,0,2024-07-20 20:26:07,0,2024-07-20 20:26:07,,,
2018-04-13,六盘水市,三级焦,2160.00,出厂价,"A14S0.65CSR55,干基",1024,2018-04-13 00:00:00,1,0,2024-07-20 20:26:07,0,2024-07-20 20:26:07,,,
2018-04-08,六盘水市,二级焦,2260.00,出厂价,"A13.5S0.6 FC84,CSR55,干基",1025,2018-04-08 00:00:00,1,0,2024-07-20 20:26:07,0,2024-07-20 20:26:07,,,
2018-04-08,六盘水市,三级焦,2160.00,出厂价,"A14S0.65CSR55,干基",1026,2018-04-08 00:00:00,1,0,2024-07-20 20:26:07,0,2024-07-20 20:26:07,,,
2018-03-30,六盘水市,二级焦,2360.00,出厂价,"A13.5S0.6 FC84,CSR55,干基",1027,2018-03-30 00:00:00,1,0,2024-07-20 20:26:07,0,2024-07-20 20:26:07,,,
2018-03-30,六盘水市,三级焦,2260.00,出厂价,"A14S0.65CSR55,干基",1028,2018-03-30 00:00:00,1,0,2024-07-20 20:26:07,0,2024-07-20 20:26:07,,,
2018-03-23,六盘水市,二级焦,2360.00,出厂价,"A13.5S0.6 FC84,CSR55,干基",1029,2018-03-23 00:00:00,1,0,2024-07-20 20:26:07,0,2024-07-20 20:26:07,,,
2018-03-23,六盘水市,三级焦,2260.00,出厂价,"A14S0.65CSR55,干基",1030,2018-03-23 00:00:00,1,0,2024-07-20 20:26:07,0,2024-07-20 20:26:07,,,
2018-03-15,六盘水市,二级焦,2360.00,出厂价,"A13.5S0.6 FC84,CSR55,干基",1031,2018-03-15 00:00:00,1,0,2024-07-20 20:26:07,0,2024-07-20 20:26:07,,,
2018-03-15,六盘水市,三级焦,2260.00,出厂价,"A14S0.65CSR55,干基",1032,2018-03-15 00:00:00,1,0,2024-07-20 20:26:07,0,2024-07-20 20:26:07,,,
2018-03-09,六盘水市,二级焦,2360.00,出厂价,"A13.5S0.6 FC84,CSR55,干基",1033,2018-03-09 00:00:00,1,0,2024-07-20 20:26:07,0,2024-07-20 20:26:07,,,
2018-03-09,六盘水市,三级焦,2260.00,出厂价,"A14S0.65CSR55,干基",1034,2018-03-09 00:00:00,1,0,2024-07-20 20:26:07,0,2024-07-20 20:26:07,,,
2018-03-01,六盘水市,二级焦,2280.00,出厂价,"A13.5S0.6 FC84,CSR55,干基",1035,2018-03-01 00:00:00,1,0,2024-07-20 20:26:07,0,2024-07-20 20:26:07,,,
2018-03-01,六盘水市,三级焦,2180.00,出厂价,"A14S0.65CSR55,干基",1036,2018-03-01 00:00:00,1,0,2024-07-20 20:26:07,0,2024-07-20 20:26:07,,,
2018-02-08,六盘水市,二级焦,2280.00,出厂价,"A13.5S0.6 FC84,CSR55,干基",1037,2018-02-08 00:00:00,1,0,2024-07-20 20:26:07,0,2024-07-20 20:26:07,,,
2018-02-08,六盘水市,三级焦,2180.00,出厂价,"A14S0.65CSR55,干基",1038,2018-02-08 00:00:00,1,0,2024-07-20 20:26:07,0,2024-07-20 20:26:07,,,
2018-02-01,六盘水市,二级焦,2430.00,出厂价,"A13.5S0.6 FC84,CSR55,干基",1039,2018-02-01 00:00:00,1,0,2024-07-20 20:26:07,0,2024-07-20 20:26:07,,,
2018-02-01,六盘水市,三级焦,2330.00,出厂价,"A14S0.65CSR55,干基",1040,2018-02-01 00:00:00,1,0,2024-07-20 20:26:07,0,2024-07-20 20:26:07,,,
2018-01-25,六盘水市,二级焦,2430.00,出厂价,"A13.5S0.6 FC84,CSR55,干基",1041,2018-01-25 00:00:00,1,0,2024-07-20 20:26:07,0,2024-07-20 20:26:07,,,
2018-01-25,六盘水市,三级焦,2330.00,出厂价,"A14S0.65CSR55,干基",1042,2018-01-25 00:00:00,1,0,2024-07-20 20:26:07,0,2024-07-20 20:26:07,,,
2018-01-18,六盘水市,二级焦,2480.00,出厂价,"A13.5S0.6 FC84,CSR55,干基",1043,2018-01-18 00:00:00,1,0,2024-07-20 20:26:07,0,2024-07-20 20:26:07,,,
2018-01-18,六盘水市,三级焦,2380.00,出厂价,"A14S0.65CSR55,干基",1044,2018-01-18 00:00:00,1,0,2024-07-20 20:26:07,0,2024-07-20 20:26:07,,,
2018-01-11,六盘水市,二级焦,2580.00,出厂价,"A13.5S0.6 FC84,CSR55,干基",1045,2018-01-11 00:00:00,1,0,2024-07-20 20:26:07,0,2024-07-20 20:26:07,,,
2018-01-11,六盘水市,三级焦,2480.00,出厂价,"A14S0.65CSR55,干基",1046,2018-01-11 00:00:00,1,0,2024-07-20 20:26:07,0,2024-07-20 20:26:07,,,
2018-01-04,六盘水市,二级焦,2480.00,出厂价,"A13.5S0.6 FC84,CSR55,干基",1047,2018-01-04 00:00:00,1,0,2024-07-20 20:26:07,0,2024-07-20 20:26:07,,,
2018-01-04,六盘水市,三级焦,2380.00,出厂价,"A14S0.65CSR55,干基",1048,2018-01-04 00:00:00,1,0,2024-07-20 20:26:07,0,2024-07-20 20:26:07,,,
2017-12-28,六盘水市,二级焦,2480.00,出厂价,"A13.5S0.6 FC84,CSR55,干基",1049,2017-12-28 00:00:00,1,0,2024-07-20 20:26:07,0,2024-07-20 20:26:07,,,
2017-12-28,六盘水市,三级焦,2380.00,出厂价,"A14S0.65CSR55,干基",1050,2017-12-28 00:00:00,1,0,2024-07-20 20:26:07,0,2024-07-20 20:26:07,,,
2017-12-21,六盘水市,二级焦,2480.00,出厂价,"A13.5S0.6 FC84,CSR55,干基",1051,2017-12-21 00:00:00,1,0,2024-07-20 20:26:10,0,2024-07-20 20:26:10,,,
2017-12-21,六盘水市,三级焦,2380.00,出厂价,"A14S0.65CSR55,干基",1052,2017-12-21 00:00:00,1,0,2024-07-20 20:26:10,0,2024-07-20 20:26:10,,,
2017-12-14,六盘水市,二级焦,2280.00,出厂价,"A13.5S0.6 FC84,CSR55,干基",1053,2017-12-14 00:00:00,1,0,2024-07-20 20:26:10,0,2024-07-20 20:26:10,,,
2017-12-14,六盘水市,三级焦,2180.00,出厂价,"A14S0.65CSR55,干基",1054,2017-12-14 00:00:00,1,0,2024-07-20 20:26:10,0,2024-07-20 20:26:10,,,
2017-12-07,六盘水市,二级焦,2180.00,出厂价,"A13.5S0.6 FC84,CSR55,干基",1055,2017-12-07 00:00:00,1,0,2024-07-20 20:26:10,0,2024-07-20 20:26:10,,,
2017-12-07,六盘水市,三级焦,2080.00,出厂价,"A14S0.65CSR55,干基",1056,2017-12-07 00:00:00,1,0,2024-07-20 20:26:10,0,2024-07-20 20:26:10,,,
2017-11-30,六盘水市,二级焦,2180.00,出厂价,"A13.5S0.6 FC84,CSR55,干基",1057,2017-11-30 00:00:00,1,0,2024-07-20 20:26:10,0,2024-07-20 20:26:10,,,
2017-11-30,六盘水市,三级焦,2080.00,出厂价,"A14S0.65CSR55,干基",1058,2017-11-30 00:00:00,1,0,2024-07-20 20:26:10,0,2024-07-20 20:26:10,,,
2017-11-23,六盘水市,二级焦,2180.00,出厂价,"A13.5S0.6 FC84,CSR55,干基",1059,2017-11-23 00:00:00,1,0,2024-07-20 20:26:10,0,2024-07-20 20:26:10,,,
2017-11-23,六盘水市,三级焦,2080.00,出厂价,"A14S0.65CSR55,干基",1060,2017-11-23 00:00:00,1,0,2024-07-20 20:26:10,0,2024-07-20 20:26:10,,,
2017-11-16,六盘水市,二级焦,2180.00,出厂价,"A13.5S0.6 FC84,CSR55,干基",1061,2017-11-16 00:00:00,1,0,2024-07-20 20:26:10,0,2024-07-20 20:26:10,,,
2017-11-16,六盘水市,三级焦,2080.00,出厂价,"A14S0.65CSR55,干基",1062,2017-11-16 00:00:00,1,0,2024-07-20 20:26:10,0,2024-07-20 20:26:10,,,
2017-11-09,六盘水市,二级焦,2380.00,出厂价,"A13.5S0.6 FC84,CSR55,干基",1063,2017-11-09 00:00:00,1,0,2024-07-20 20:26:10,0,2024-07-20 20:26:10,,,
2017-11-09,六盘水市,三级焦,2280.00,出厂价,"A14S0.65CSR55,干基",1064,2017-11-09 00:00:00,1,0,2024-07-20 20:26:10,0,2024-07-20 20:26:10,,,
2017-11-02,六盘水市,二级焦,2480.00,出厂价,"A13.5S0.6 FC84,CSR55,干基",1065,2017-11-02 00:00:00,1,0,2024-07-20 20:26:10,0,2024-07-20 20:26:10,,,
2017-11-02,六盘水市,三级焦,2380.00,出厂价,"A14S0.65CSR55,干基",1066,2017-11-02 00:00:00,1,0,2024-07-20 20:26:10,0,2024-07-20 20:26:10,,,
2017-10-26,六盘水市,二级焦,2680.00,出厂价,"A13.5S0.6 FC84,CSR55,干基",1067,2017-10-26 00:00:00,1,0,2024-07-20 20:26:10,0,2024-07-20 20:26:10,,,
2017-10-26,六盘水市,三级焦,2580.00,出厂价,"A14S0.65CSR55,干基",1068,2017-10-26 00:00:00,1,0,2024-07-20 20:26:10,0,2024-07-20 20:26:10,,,
2017-10-19,六盘水市,二级焦,2680.00,出厂价,"A13.5S0.6 FC84,CSR55,干基",1069,2017-10-19 00:00:00,1,0,2024-07-20 20:26:10,0,2024-07-20 20:26:10,,,
2017-10-19,六盘水市,三级焦,2580.00,出厂价,"A14S0.65CSR55,干基",1070,2017-10-19 00:00:00,1,0,2024-07-20 20:26:10,0,2024-07-20 20:26:10,,,
2017-10-12,六盘水市,二级焦,2880.00,出厂价,"A13.5S0.6 FC84,CSR55,干基",1071,2017-10-12 00:00:00,1,0,2024-07-20 20:26:10,0,2024-07-20 20:26:10,,,
2017-10-12,六盘水市,三级焦,2780.00,出厂价,"A14S0.65CSR55,干基",1072,2017-10-12 00:00:00,1,0,2024-07-20 20:26:10,0,2024-07-20 20:26:10,,,
2017-09-21,六盘水市,二级焦,2880.00,出厂价,"A13.5S0.6 FC84,CSR55,干基",1073,2017-09-21 00:00:00,1,0,2024-07-20 20:26:10,0,2024-07-20 20:26:10,,,
2017-09-21,六盘水市,三级焦,2780.00,出厂价,"A14S0.65CSR55,干基",1074,2017-09-21 00:00:00,1,0,2024-07-20 20:26:10,0,2024-07-20 20:26:10,,,
2017-09-14,六盘水市,二级焦,2530.00,出厂价,"A13.5S0.6 FC84,CSR55,干基",1075,2017-09-14 00:00:00,1,0,2024-07-20 20:26:10,0,2024-07-20 20:26:10,,,
2017-09-14,六盘水市,三级焦,2430.00,出厂价,"A14S0.65CSR55,干基",1076,2017-09-14 00:00:00,1,0,2024-07-20 20:26:10,0,2024-07-20 20:26:10,,,
2017-09-07,六盘水市,二级焦,2530.00,出厂价,"A13.5S0.6 FC84,CSR55,干基",1077,2017-09-07 00:00:00,1,0,2024-07-20 20:26:10,0,2024-07-20 20:26:10,,,
2017-09-07,六盘水市,三级焦,2430.00,出厂价,"A14S0.65CSR55,干基",1078,2017-09-07 00:00:00,1,0,2024-07-20 20:26:10,0,2024-07-20 20:26:10,,,
2017-08-31,六盘水市,二级焦,2380.00,出厂价,"A13.5S0.6 FC84,CSR55,干基",1079,2017-08-31 00:00:00,1,0,2024-07-20 20:26:10,0,2024-07-20 20:26:10,,,
2017-08-31,六盘水市,三级焦,2280.00,出厂价,"A14S0.65CSR55,干基",1080,2017-08-31 00:00:00,1,0,2024-07-20 20:26:10,0,2024-07-20 20:26:10,,,
2017-08-24,六盘水市,二级焦,2280.00,出厂价,"A13.5S0.6 FC84,CSR55,干基",1081,2017-08-24 00:00:00,1,0,2024-07-20 20:26:13,0,2024-07-20 20:26:13,,,
2017-08-24,六盘水市,三级焦,2180.00,出厂价,"A14S0.65CSR55,干基",1082,2017-08-24 00:00:00,1,0,2024-07-20 20:26:13,0,2024-07-20 20:26:13,,,
2017-08-17,六盘水市,二级焦,2280.00,出厂价,,1083,2017-08-17 00:00:00,1,0,2024-07-20 20:26:13,0,2024-07-20 20:26:13,,,
2017-08-17,六盘水市,三级焦,2180.00,出厂价,,1084,2017-08-17 00:00:00,1,0,2024-07-20 20:26:13,0,2024-07-20 20:26:13,,,
2017-08-10,六盘水市,二级焦,2230.00,出厂价,,1085,2017-08-10 00:00:00,1,0,2024-07-20 20:26:13,0,2024-07-20 20:26:13,,,
2017-08-10,六盘水市,三级焦,2130.00,出厂价,,1086,2017-08-10 00:00:00,1,0,2024-07-20 20:26:13,0,2024-07-20 20:26:13,,,
2017-08-03,贵阳市,准二级焦,2130.00,出厂价,,1087,2017-08-03 00:00:00,1,0,2024-07-20 20:26:13,0,2024-07-20 20:26:13,,,
2017-08-03,六盘水市,二级焦,2130.00,出厂价,,1088,2017-08-03 00:00:00,1,0,2024-07-20 20:26:13,0,2024-07-20 20:26:13,,,
2017-07-27,贵阳市,准二级焦,2080.00,出厂价,,1089,2017-07-27 00:00:00,1,0,2024-07-20 20:26:13,0,2024-07-20 20:26:13,,,
2017-07-27,六盘水市,二级焦,2080.00,出厂价,,1090,2017-07-27 00:00:00,1,0,2024-07-20 20:26:13,0,2024-07-20 20:26:13,,,
2017-07-20,贵阳市,准二级焦,2080.00,出厂价,,1091,2017-07-20 00:00:00,1,0,2024-07-20 20:26:13,0,2024-07-20 20:26:13,,,
2017-07-20,六盘水市,二级焦,2080.00,出厂价,,1092,2017-07-20 00:00:00,1,0,2024-07-20 20:26:13,0,2024-07-20 20:26:13,,,
2017-07-13,贵阳市,准二级焦,1900.00,出厂价,,1093,2017-07-13 00:00:00,1,0,2024-07-20 20:26:13,0,2024-07-20 20:26:13,,,
2017-07-13,六盘水市,二级焦,1950.00,出厂价,,1094,2017-07-13 00:00:00,1,0,2024-07-20 20:26:13,0,2024-07-20 20:26:13,,,
2017-07-06,贵阳市,准二级焦,1900.00,出厂价,,1095,2017-07-06 00:00:00,1,0,2024-07-20 20:26:13,0,2024-07-20 20:26:13,,,
2017-07-06,六盘水市,二级焦,1950.00,出厂价,,1096,2017-07-06 00:00:00,1,0,2024-07-20 20:26:13,0,2024-07-20 20:26:13,,,
2017-06-29,贵阳市,准二级焦,1900.00,出厂价,,1097,2017-06-29 00:00:00,1,0,2024-07-20 20:26:13,0,2024-07-20 20:26:13,,,
2017-06-29,六盘水市,二级焦,1950.00,出厂价,,1098,2017-06-29 00:00:00,1,0,2024-07-20 20:26:13,0,2024-07-20 20:26:13,,,
2017-06-22,贵阳市,准二级焦,2000.00,出厂价,,1099,2017-06-22 00:00:00,1,0,2024-07-20 20:26:13,0,2024-07-20 20:26:13,,,
2017-06-22,六盘水市,二级焦,2050.00,出厂价,,1100,2017-06-22 00:00:00,1,0,2024-07-20 20:26:13,0,2024-07-20 20:26:13,,,
2017-06-15,贵阳市,准二级焦,2000.00,出厂价,,1101,2017-06-15 00:00:00,1,0,2024-07-20 20:26:13,0,2024-07-20 20:26:13,,,
2017-06-15,六盘水市,二级焦,2050.00,出厂价,,1102,2017-06-15 00:00:00,1,0,2024-07-20 20:26:13,0,2024-07-20 20:26:13,,,
2017-06-08,贵阳市,准二级焦,2050.00,出厂价,,1103,2017-06-08 00:00:00,1,0,2024-07-20 20:26:13,0,2024-07-20 20:26:13,,,
2017-06-08,六盘水市,二级焦,2100.00,出厂价,,1104,2017-06-08 00:00:00,1,0,2024-07-20 20:26:13,0,2024-07-20 20:26:13,,,
2017-06-01,贵阳市,准二级焦,2050.00,出厂价,,1105,2017-06-01 00:00:00,1,0,2024-07-20 20:26:13,0,2024-07-20 20:26:13,,,
2017-06-01,六盘水市,二级焦,2100.00,出厂价,,1106,2017-06-01 00:00:00,1,0,2024-07-20 20:26:13,0,2024-07-20 20:26:13,,,
2017-05-25,贵阳市,准二级焦,2050.00,出厂价,,1107,2017-05-25 00:00:00,1,0,2024-07-20 20:26:13,0,2024-07-20 20:26:13,,,
2017-05-25,六盘水市,二级焦,2100.00,出厂价,,1108,2017-05-25 00:00:00,1,0,2024-07-20 20:26:13,0,2024-07-20 20:26:13,,,
2017-05-18,贵阳市,准二级焦,2100.00,出厂价,,1109,2017-05-18 00:00:00,1,0,2024-07-20 20:26:13,0,2024-07-20 20:26:13,,,
2017-05-18,六盘水市,二级焦,2150.00,出厂价,,1110,2017-05-18 00:00:00,1,0,2024-07-20 20:26:13,0,2024-07-20 20:26:13,,,
2017-05-11,贵阳市,准二级焦,2100.00,出厂价,,1111,2017-05-11 00:00:00,1,0,2024-07-20 20:26:17,0,2024-07-20 20:26:17,,,
2017-05-11,六盘水市,二级焦,2150.00,出厂价,,1112,2017-05-11 00:00:00,1,0,2024-07-20 20:26:17,0,2024-07-20 20:26:17,,,
2017-05-04,贵阳市,准二级焦,2100.00,出厂价,,1113,2017-05-04 00:00:00,1,0,2024-07-20 20:26:17,0,2024-07-20 20:26:17,,,
2017-05-04,六盘水市,二级焦,2150.00,出厂价,,1114,2017-05-04 00:00:00,1,0,2024-07-20 20:26:17,0,2024-07-20 20:26:17,,,
2017-04-27,贵阳市,准二级焦,2100.00,出厂价,,1115,2017-04-27 00:00:00,1,0,2024-07-20 20:26:17,0,2024-07-20 20:26:17,,,
2017-04-27,六盘水市,二级焦,2150.00,出厂价,,1116,2017-04-27 00:00:00,1,0,2024-07-20 20:26:17,0,2024-07-20 20:26:17,,,
2017-04-20,贵阳市,准二级焦,2050.00,出厂价,,1117,2017-04-20 00:00:00,1,0,2024-07-20 20:26:17,0,2024-07-20 20:26:17,,,
2017-04-20,六盘水市,二级焦,2100.00,出厂价,,1118,2017-04-20 00:00:00,1,0,2024-07-20 20:26:17,0,2024-07-20 20:26:17,,,
2017-04-13,贵阳市,准二级焦,2050.00,出厂价,,1119,2017-04-13 00:00:00,1,0,2024-07-20 20:26:17,0,2024-07-20 20:26:17,,,
2017-04-13,六盘水市,二级焦,2100.00,出厂价,,1120,2017-04-13 00:00:00,1,0,2024-07-20 20:26:17,0,2024-07-20 20:26:17,,,
2017-04-06,贵阳市,准二级焦,2050.00,出厂价,,1121,2017-04-06 00:00:00,1,0,2024-07-20 20:26:17,0,2024-07-20 20:26:17,,,
2017-04-06,六盘水市,二级焦,2100.00,出厂价,,1122,2017-04-06 00:00:00,1,0,2024-07-20 20:26:17,0,2024-07-20 20:26:17,,,
2017-03-30,贵阳市,准二级焦,2050.00,出厂价,,1123,2017-03-30 00:00:00,1,0,2024-07-20 20:26:17,0,2024-07-20 20:26:17,,,
2017-03-30,六盘水市,二级焦,2100.00,出厂价,,1124,2017-03-30 00:00:00,1,0,2024-07-20 20:26:17,0,2024-07-20 20:26:17,,,
2017-03-23,贵阳市,准二级焦,2050.00,出厂价,,1125,2017-03-23 00:00:00,1,0,2024-07-20 20:26:17,0,2024-07-20 20:26:17,,,
2017-03-23,六盘水市,二级焦,2100.00,出厂价,,1126,2017-03-23 00:00:00,1,0,2024-07-20 20:26:17,0,2024-07-20 20:26:17,,,
2017-03-16,贵阳市,准二级焦,2050.00,出厂价,,1127,2017-03-16 00:00:00,1,0,2024-07-20 20:26:17,0,2024-07-20 20:26:17,,,
2017-03-16,六盘水市,二级焦,2100.00,出厂价,,1128,2017-03-16 00:00:00,1,0,2024-07-20 20:26:17,0,2024-07-20 20:26:17,,,
2017-03-09,贵阳市,准二级焦,2050.00,出厂价,,1129,2017-03-09 00:00:00,1,0,2024-07-20 20:26:17,0,2024-07-20 20:26:17,,,
2017-03-09,六盘水市,二级焦,2100.00,出厂价,,1130,2017-03-09 00:00:00,1,0,2024-07-20 20:26:17,0,2024-07-20 20:26:17,,,
2017-03-02,贵阳市,准二级焦,2050.00,出厂价,,1131,2017-03-02 00:00:00,1,0,2024-07-20 20:26:17,0,2024-07-20 20:26:17,,,
2017-03-02,六盘水市,二级焦,2200.00,出厂价,,1132,2017-03-02 00:00:00,1,0,2024-07-20 20:26:17,0,2024-07-20 20:26:17,,,
2017-02-23,贵阳市,准二级焦,2050.00,出厂价,,1133,2017-02-23 00:00:00,1,0,2024-07-20 20:26:17,0,2024-07-20 20:26:17,,,
2017-02-23,六盘水市,二级焦,2200.00,出厂价,,1134,2017-02-23 00:00:00,1,0,2024-07-20 20:26:17,0,2024-07-20 20:26:17,,,
2017-02-16,贵阳市,准二级焦,2250.00,出厂价,,1135,2017-02-16 00:00:00,1,0,2024-07-20 20:26:17,0,2024-07-20 20:26:17,,,
2017-02-16,六盘水市,二级焦,2400.00,出厂价,,1136,2017-02-16 00:00:00,1,0,2024-07-20 20:26:17,0,2024-07-20 20:26:17,,,
2017-02-09,贵阳市,准二级焦,2250.00,出厂价,,1137,2017-02-09 00:00:00,1,0,2024-07-20 20:26:17,0,2024-07-20 20:26:17,,,
2017-02-09,六盘水市,二级焦,2400.00,出厂价,,1138,2017-02-09 00:00:00,1,0,2024-07-20 20:26:17,0,2024-07-20 20:26:17,,,
2017-01-19,贵阳市,准二级焦,2250.00,出厂价,,1139,2017-01-19 00:00:00,1,0,2024-07-20 20:26:17,0,2024-07-20 20:26:17,,,
2017-01-19,六盘水市,二级焦,2400.00,出厂价,,1140,2017-01-19 00:00:00,1,0,2024-07-20 20:26:17,0,2024-07-20 20:26:17,,,
2017-01-12,贵阳市,准二级焦,2300.00,出厂价,,1141,2017-01-12 00:00:00,1,0,2024-07-20 20:26:19,0,2024-07-20 20:26:19,,,
2017-01-12,六盘水市,二级焦,2450.00,出厂价,,1142,2017-01-12 00:00:00,1,0,2024-07-20 20:26:19,0,2024-07-20 20:26:19,,,
2017-01-06,贵阳市,准二级焦,2300.00,出厂价,,1143,2017-01-06 00:00:00,1,0,2024-07-20 20:26:19,0,2024-07-20 20:26:19,,,
2017-01-06,六盘水市,二级焦,2450.00,出厂价,,1144,2017-01-06 00:00:00,1,0,2024-07-20 20:26:19,0,2024-07-20 20:26:19,,,
2024-07-31,六盘水市,二级焦,2290.00,出厂价,"A13.5S0.6 CSR65-68,干基",1349,2024-07-31 00:00:00,1,0,2024-08-01 10:47:29,0,2024-08-01 10:47:29,,,
2024-07-30,六盘水市,二级焦,2290.00,出厂价,"A13.5S0.6 CSR65-68,干基",1350,2024-07-30 00:00:00,1,0,2024-08-01 10:47:29,0,2024-08-01 10:47:29,,,
2024-07-29,六盘水市,二级焦,2290.00,出厂价,"A13.5S0.6 CSR65-68,干基",1351,2024-07-29 00:00:00,1,0,2024-08-01 10:47:29,0,2024-08-01 10:47:29,,,
2024-07-26,六盘水市,二级焦,2290.00,出厂价,"A13.5S0.6 CSR65-68,干基",1352,2024-07-26 00:00:00,1,0,2024-08-01 10:47:29,0,2024-08-01 10:47:29,,,
2024-07-25,六盘水市,二级焦,2290.00,出厂价,"A13.5S0.6 CSR65-68,干基",1353,2024-07-25 00:00:00,1,0,2024-08-01 10:47:29,0,2024-08-01 10:47:29,,,
2024-07-24,六盘水市,二级焦,2290.00,出厂价,"A13.5S0.6 CSR65-68,干基",1354,2024-07-24 00:00:00,1,0,2024-08-01 10:47:29,0,2024-08-01 10:47:29,,,
2024-07-23,六盘水市,二级焦,2290.00,出厂价,"A13.5S0.6 CSR65-68,干基",1355,2024-07-23 00:00:00,1,0,2024-08-01 10:47:29,0,2024-08-01 10:47:29,,,
2024-07-22,六盘水市,二级焦,2290.00,出厂价,"A13.5S0.6 CSR65-68,干基",1356,2024-07-22 00:00:00,1,0,2024-08-01 10:47:29,0,2024-08-01 10:47:29,,,
2024-11-06,六盘水市,二级焦,2300.00,出厂价,"A13.5S0.6 CSR65-68,干基",1357,2024-11-06 00:00:00,1,0,2024-11-07 02:08:55,0,2024-11-07 02:08:55,,,
2024-11-05,六盘水市,二级焦,2300.00,出厂价,"A13.5S0.6 CSR65-68,干基",1358,2024-11-05 00:00:00,1,0,2024-11-07 02:08:55,0,2024-11-07 02:08:55,,,
2024-11-04,六盘水市,二级焦,2300.00,出厂价,"A13.5S0.6 CSR65-68,干基",1359,2024-11-04 00:00:00,1,0,2024-11-07 02:08:55,0,2024-11-07 02:08:55,,,
2024-11-01,六盘水市,二级焦,2300.00,出厂价,"A13.5S0.6 CSR65-68,干基",1360,2024-11-01 00:00:00,1,0,2024-11-07 02:08:55,0,2024-11-07 02:08:55,,,
2024-10-31,六盘水市,二级焦,2300.00,出厂价,"A13.5S0.6 CSR65-68,干基",1361,2024-10-31 00:00:00,1,0,2024-11-07 02:08:55,0,2024-11-07 02:08:55,,,
2024-10-30,六盘水市,二级焦,2300.00,出厂价,"A13.5S0.6 CSR65-68,干基",1362,2024-10-30 00:00:00,1,0,2024-11-07 02:08:55,0,2024-11-07 02:08:55,,,
2024-10-29,六盘水市,二级焦,2300.00,出厂价,"A13.5S0.6 CSR65-68,干基",1363,2024-10-29 00:00:00,1,0,2024-11-07 02:08:55,0,2024-11-07 02:08:55,,,
2024-10-28,六盘水市,二级焦,2300.00,出厂价,"A13.5S0.6 CSR65-68,干基",1364,2024-10-28 00:00:00,1,0,2024-11-07 02:08:55,0,2024-11-07 02:08:55,,,
2024-10-25,六盘水市,二级焦,2300.00,出厂价,"A13.5S0.6 CSR65-68,干基",1365,2024-10-25 00:00:00,1,0,2024-11-07 02:08:55,0,2024-11-07 02:08:55,,,
2024-10-24,六盘水市,二级焦,2300.00,出厂价,"A13.5S0.6 CSR65-68,干基",1366,2024-10-24 00:00:00,1,0,2024-11-07 02:08:55,0,2024-11-07 02:08:55,,,
2024-10-23,六盘水市,二级焦,2250.00,出厂价,"A13.5S0.6 CSR65-68,干基",1367,2024-10-23 00:00:00,1,0,2024-11-07 02:08:55,0,2024-11-07 02:08:55,,,
2024-10-22,六盘水市,二级焦,2250.00,出厂价,"A13.5S0.6 CSR65-68,干基",1368,2024-10-22 00:00:00,1,0,2024-11-07 02:08:55,0,2024-11-07 02:08:55,,,
2024-10-21,六盘水市,二级焦,2250.00,出厂价,"A13.5S0.6 CSR65-68,干基",1369,2024-10-21 00:00:00,1,0,2024-11-07 02:08:55,0,2024-11-07 02:08:55,,,
2024-10-18,六盘水市,二级焦,2250.00,出厂价,"A13.5S0.6 CSR65-68,干基",1370,2024-10-18 00:00:00,1,0,2024-11-07 02:08:55,0,2024-11-07 02:08:55,,,
2024-10-17,六盘水市,二级焦,2250.00,出厂价,"A13.5S0.6 CSR65-68,干基",1371,2024-10-17 00:00:00,1,0,2024-11-07 02:08:55,0,2024-11-07 02:08:55,,,
2024-10-16,六盘水市,二级焦,2250.00,出厂价,"A13.5S0.6 CSR65-68,干基",1372,2024-10-16 00:00:00,1,0,2024-11-07 02:08:55,0,2024-11-07 02:08:55,,,
2024-10-15,六盘水市,二级焦,2100.00,出厂价,"A13.5S0.6 CSR65-68,干基",1373,2024-10-15 00:00:00,1,0,2024-11-07 02:08:55,0,2024-11-07 02:08:55,,,
2024-10-14,六盘水市,二级焦,2100.00,出厂价,"A13.5S0.6 CSR65-68,干基",1374,2024-10-14 00:00:00,1,0,2024-11-07 02:08:55,0,2024-11-07 02:08:55,,,
2024-10-11,六盘水市,二级焦,2100.00,出厂价,"A13.5S0.6 CSR65-68,干基",1375,2024-10-11 00:00:00,1,0,2024-11-07 02:08:55,0,2024-11-07 02:08:55,,,
2024-10-10,六盘水市,二级焦,2100.00,出厂价,"A13.5S0.6 CSR65-68,干基",1376,2024-10-10 00:00:00,1,0,2024-11-07 02:08:55,0,2024-11-07 02:08:55,,,
2024-10-09,六盘水市,二级焦,2100.00,出厂价,"A13.5S0.6 CSR65-68,干基",1377,2024-10-09 00:00:00,1,0,2024-11-07 02:08:55,0,2024-11-07 02:08:55,,,
2024-10-08,六盘水市,二级焦,2100.00,出厂价,"A13.5S0.6 CSR65-68,干基",1378,2024-10-08 00:00:00,1,0,2024-11-07 02:08:55,0,2024-11-07 02:08:55,,,
2024-09-30,六盘水市,二级焦,2100.00,出厂价,"A13.5S0.6 CSR65-68,干基",1379,2024-09-30 00:00:00,1,0,2024-11-07 02:08:55,0,2024-11-07 02:08:55,,,
2024-09-29,六盘水市,二级焦,2100.00,出厂价,"A13.5S0.6 CSR65-68,干基",1380,2024-09-29 00:00:00,1,0,2024-11-07 02:08:55,0,2024-11-07 02:08:55,,,
2024-09-27,六盘水市,二级焦,2100.00,出厂价,"A13.5S0.6 CSR65-68,干基",1381,2024-09-27 00:00:00,1,0,2024-11-07 02:08:55,0,2024-11-07 02:08:55,,,
2024-09-26,六盘水市,二级焦,2100.00,出厂价,"A13.5S0.6 CSR65-68,干基",1382,2024-09-26 00:00:00,1,0,2024-11-07 02:08:55,0,2024-11-07 02:08:55,,,
2024-09-25,六盘水市,二级焦,2050.00,出厂价,"A13.5S0.6 CSR65-68,干基",1383,2024-09-25 00:00:00,1,0,2024-11-07 02:08:55,0,2024-11-07 02:08:55,,,
2024-09-24,六盘水市,二级焦,2050.00,出厂价,"A13.5S0.6 CSR65-68,干基",1384,2024-09-24 00:00:00,1,0,2024-11-07 02:08:55,0,2024-11-07 02:08:55,,,
2024-09-23,六盘水市,二级焦,2050.00,出厂价,"A13.5S0.6 CSR65-68,干基",1385,2024-09-23 00:00:00,1,0,2024-11-07 02:08:55,0,2024-11-07 02:08:55,,,
2024-09-20,六盘水市,二级焦,2050.00,出厂价,"A13.5S0.6 CSR65-68,干基",1386,2024-09-20 00:00:00,1,0,2024-11-07 02:08:55,0,2024-11-07 02:08:55,,,
2024-09-19,六盘水市,二级焦,2050.00,出厂价,"A13.5S0.6 CSR65-68,干基",1387,2024-09-19 00:00:00,1,0,2024-11-07 02:08:58,0,2024-11-07 02:08:58,,,
2024-09-18,六盘水市,二级焦,2050.00,出厂价,"A13.5S0.6 CSR65-68,干基",1388,2024-09-18 00:00:00,1,0,2024-11-07 02:08:58,0,2024-11-07 02:08:58,,,
2024-09-14,六盘水市,二级焦,2050.00,出厂价,"A13.5S0.6 CSR65-68,干基",1389,2024-09-14 00:00:00,1,0,2024-11-07 02:08:58,0,2024-11-07 02:08:58,,,
2024-09-13,六盘水市,二级焦,2050.00,出厂价,"A13.5S0.6 CSR65-68,干基",1390,2024-09-13 00:00:00,1,0,2024-11-07 02:08:58,0,2024-11-07 02:08:58,,,
2024-09-12,六盘水市,二级焦,2050.00,出厂价,"A13.5S0.6 CSR65-68,干基",1391,2024-09-12 00:00:00,1,0,2024-11-07 02:08:58,0,2024-11-07 02:08:58,,,
2024-09-11,六盘水市,二级焦,2050.00,出厂价,"A13.5S0.6 CSR65-68,干基",1392,2024-09-11 00:00:00,1,0,2024-11-07 02:08:58,0,2024-11-07 02:08:58,,,
2024-09-10,六盘水市,二级焦,2050.00,出厂价,"A13.5S0.6 CSR65-68,干基",1393,2024-09-10 00:00:00,1,0,2024-11-07 02:08:58,0,2024-11-07 02:08:58,,,
2024-09-09,六盘水市,二级焦,2050.00,出厂价,"A13.5S0.6 CSR65-68,干基",1394,2024-09-09 00:00:00,1,0,2024-11-07 02:08:58,0,2024-11-07 02:08:58,,,
2024-09-06,六盘水市,二级焦,2050.00,出厂价,"A13.5S0.6 CSR65-68,干基",1395,2024-09-06 00:00:00,1,0,2024-11-07 02:08:58,0,2024-11-07 02:08:58,,,
2024-09-05,六盘水市,二级焦,2050.00,出厂价,"A13.5S0.6 CSR65-68,干基",1396,2024-09-05 00:00:00,1,0,2024-11-07 02:08:58,0,2024-11-07 02:08:58,,,
2024-09-04,六盘水市,二级焦,2050.00,出厂价,"A13.5S0.6 CSR65-68,干基",1397,2024-09-04 00:00:00,1,0,2024-11-07 02:08:58,0,2024-11-07 02:08:58,,,
2024-09-03,六盘水市,二级焦,2100.00,出厂价,"A13.5S0.6 CSR65-68,干基",1398,2024-09-03 00:00:00,1,0,2024-11-07 02:08:58,0,2024-11-07 02:08:58,,,
2024-09-02,六盘水市,二级焦,2100.00,出厂价,"A13.5S0.6 CSR65-68,干基",1399,2024-09-02 00:00:00,1,0,2024-11-07 02:08:58,0,2024-11-07 02:08:58,,,
2024-08-30,六盘水市,二级焦,2100.00,出厂价,"A13.5S0.6 CSR65-68,干基",1400,2024-08-30 00:00:00,1,0,2024-11-07 02:08:58,0,2024-11-07 02:08:58,,,
2024-08-29,六盘水市,二级焦,2100.00,出厂价,"A13.5S0.6 CSR65-68,干基",1401,2024-08-29 00:00:00,1,0,2024-11-07 02:08:58,0,2024-11-07 02:08:58,,,
2024-08-28,六盘水市,二级焦,2100.00,出厂价,"A13.5S0.6 CSR65-68,干基",1402,2024-08-28 00:00:00,1,0,2024-11-07 02:08:58,0,2024-11-07 02:08:58,,,
2024-08-27,六盘水市,二级焦,2100.00,出厂价,"A13.5S0.6 CSR65-68,干基",1403,2024-08-27 00:00:00,1,0,2024-11-07 02:08:58,0,2024-11-07 02:08:58,,,
2024-08-26,六盘水市,二级焦,2100.00,出厂价,"A13.5S0.6 CSR65-68,干基",1404,2024-08-26 00:00:00,1,0,2024-11-07 02:08:58,0,2024-11-07 02:08:58,,,
2024-08-23,六盘水市,二级焦,2240.00,出厂价,"A13.5S0.6 CSR65-68,干基",1405,2024-08-23 00:00:00,1,0,2024-11-07 02:08:58,0,2024-11-07 02:08:58,,,
2024-08-22,六盘水市,二级焦,2240.00,出厂价,"A13.5S0.6 CSR65-68,干基",1406,2024-08-22 00:00:00,1,0,2024-11-07 02:08:58,0,2024-11-07 02:08:58,,,
2024-08-21,六盘水市,二级焦,2240.00,出厂价,"A13.5S0.6 CSR65-68,干基",1407,2024-08-21 00:00:00,1,0,2024-11-07 02:08:58,0,2024-11-07 02:08:58,,,
2024-08-20,六盘水市,二级焦,2240.00,出厂价,"A13.5S0.6 CSR65-68,干基",1408,2024-08-20 00:00:00,1,0,2024-11-07 02:08:58,0,2024-11-07 02:08:58,,,
2024-08-19,六盘水市,二级焦,2240.00,出厂价,"A13.5S0.6 CSR65-68,干基",1409,2024-08-19 00:00:00,1,0,2024-11-07 02:08:58,0,2024-11-07 02:08:58,,,
2024-08-16,六盘水市,二级焦,2240.00,出厂价,"A13.5S0.6 CSR65-68,干基",1410,2024-08-16 00:00:00,1,0,2024-11-07 02:08:58,0,2024-11-07 02:08:58,,,
2024-08-15,六盘水市,二级焦,2240.00,出厂价,"A13.5S0.6 CSR65-68,干基",1411,2024-08-15 00:00:00,1,0,2024-11-07 02:08:58,0,2024-11-07 02:08:58,,,
2024-08-14,六盘水市,二级焦,2240.00,出厂价,"A13.5S0.6 CSR65-68,干基",1412,2024-08-14 00:00:00,1,0,2024-11-07 02:08:58,0,2024-11-07 02:08:58,,,
2024-08-13,六盘水市,二级焦,2240.00,出厂价,"A13.5S0.6 CSR65-68,干基",1413,2024-08-13 00:00:00,1,0,2024-11-07 02:08:58,0,2024-11-07 02:08:58,,,
2024-08-12,六盘水市,二级焦,2240.00,出厂价,"A13.5S0.6 CSR65-68,干基",1414,2024-08-12 00:00:00,1,0,2024-11-07 02:08:58,0,2024-11-07 02:08:58,,,
2024-08-09,六盘水市,二级焦,2240.00,出厂价,"A13.5S0.6 CSR65-68,干基",1415,2024-08-09 00:00:00,1,0,2024-11-07 02:08:58,0,2024-11-07 02:08:58,,,
2024-08-08,六盘水市,二级焦,2240.00,出厂价,"A13.5S0.6 CSR65-68,干基",1416,2024-08-08 00:00:00,1,0,2024-11-07 02:08:58,0,2024-11-07 02:08:58,,,
2024-08-07,六盘水市,二级焦,2240.00,出厂价,"A13.5S0.6 CSR65-68,干基",1417,2024-08-07 00:00:00,1,0,2024-11-07 02:09:01,0,2024-11-07 02:09:01,,,
2024-08-06,六盘水市,二级焦,2240.00,出厂价,"A13.5S0.6 CSR65-68,干基",1418,2024-08-06 00:00:00,1,0,2024-11-07 02:09:01,0,2024-11-07 02:09:01,,,
2024-08-05,六盘水市,二级焦,2240.00,出厂价,"A13.5S0.6 CSR65-68,干基",1419,2024-08-05 00:00:00,1,0,2024-11-07 02:09:01,0,2024-11-07 02:09:01,,,
2024-08-02,六盘水市,二级焦,2290.00,出厂价,"A13.5S0.6 CSR65-68,干基",1420,2024-08-02 00:00:00,1,0,2024-11-07 02:09:01,0,2024-11-07 02:09:01,,,
2024-08-01,六盘水市,二级焦,2290.00,出厂价,"A13.5S0.6 CSR65-68,干基",1421,2024-08-01 00:00:00,1,0,2024-11-07 02:09:01,0,2024-11-07 02:09:01,,,
2024-11-07,六盘水市,二级焦,2300.00,出厂价,"A13.5S0.6 CSR65-68,干基",1422,2024-11-07 00:00:00,1,0,2024-11-07 23:17:46,0,2024-11-07 23:17:46,,,
2024-11-08,六盘水市,二级焦,2300.00,出厂价,"A13.5S0.6 CSR65-68,干基",1423,2024-11-08 00:00:00,1,0,2024-11-08 23:18:02,0,2024-11-08 23:18:02,,,
2024-11-11,六盘水市,二级焦,2250.00,出厂价,"A13.5S0.6 CSR65-68,干基",1424,2024-11-11 00:00:00,1,0,2024-11-11 23:18:03,0,2024-11-11 23:18:03,,,
2024-11-12,六盘水市,二级焦,2250.00,出厂价,"A13.5S0.6 CSR65-68,干基",1425,2024-11-12 00:00:00,1,0,2024-11-12 23:19:27,0,2024-11-12 23:19:27,,,
2024-11-13,六盘水市,二级焦,2250.00,出厂价,"A13.5S0.6 CSR65-68,干基",1426,2024-11-13 00:00:00,1,0,2024-11-13 23:16:55,0,2024-11-13 23:16:55,,,
2024-11-14,六盘水市,二级焦,2250.00,出厂价,"A13.5S0.6 CSR65-68,干基",1427,2024-11-14 00:00:00,1,0,2024-11-14 23:18:08,0,2024-11-14 23:18:08,,,
2024-11-15,六盘水市,二级焦,2200.00,出厂价,"A13.5S0.6 CSR65-68,干基",1428,2024-11-15 00:00:00,1,0,2024-11-15 23:18:19,0,2024-11-15 23:18:19,,,
2024-11-18,六盘水市,二级焦,2200.00,出厂价,"A13.5S0.6 CSR65-68,干基",1429,2024-11-18 00:00:00,1,0,2024-11-18 23:17:34,0,2024-11-18 23:17:34,,,
2024-11-19,六盘水市,二级焦,2200.00,出厂价,"A13.5S0.6 CSR65-68,干基",1430,2024-11-19 00:00:00,1,0,2024-11-19 23:17:50,0,2024-11-19 23:17:50,,,
2024-11-20,六盘水市,二级焦,2200.00,出厂价,"A13.5S0.6 CSR65-68,干基",1431,2024-11-20 00:00:00,1,0,2024-11-20 23:17:53,0,2024-11-20 23:17:53,,,
2024-11-21,六盘水市,二级焦,2200.00,出厂价,"A13.5S0.6 CSR65-68,干基",1432,2024-11-21 00:00:00,1,0,2024-11-21 23:19:50,0,2024-11-21 23:19:50,,,
2024-11-22,六盘水市,二级焦,2200.00,出厂价,"A13.5S0.6 CSR65-68,干基",1433,2024-11-22 00:00:00,1,0,2024-11-22 23:17:43,0,2024-11-22 23:17:43,,,
2024-11-25,六盘水市,二级焦,2200.00,出厂价,"A13.5S0.6 CSR65-68,干基",1434,2024-11-25 00:00:00,1,0,2024-11-25 23:18:55,0,2024-11-25 23:18:55,,,
2024-11-26,六盘水市,二级焦,2200.00,出厂价,"A13.5S0.6 CSR65-68,干基",1435,2024-11-26 00:00:00,1,0,2024-11-26 23:17:44,0,2024-11-26 23:17:44,,,
2024-11-27,六盘水市,二级焦,2200.00,出厂价,"A13.5S0.6 CSR65-68,干基",1436,2024-11-27 00:00:00,1,0,2024-11-27 23:17:47,0,2024-11-27 23:17:47,,,
2024-11-28,六盘水市,二级焦,2200.00,出厂价,"A13.5S0.6 CSR65-68,干基",1437,2024-11-28 00:00:00,1,0,2024-11-28 23:18:00,0,2024-11-28 23:18:00,,,
2024-11-29,六盘水市,二级焦,2200.00,出厂价,"A13.5S0.6 CSR65-68,干基",1438,2024-11-29 00:00:00,1,0,2024-11-29 23:17:24,0,2024-11-29 23:17:24,,,
2024-12-02,六盘水市,二级焦,2200.00,出厂价,"A13.5S0.6 CSR65-68,干基",1439,2024-12-02 00:00:00,1,0,2024-12-02 23:18:53,0,2024-12-02 23:18:53,,,
2024-12-03,六盘水市,二级焦,2150.00,出厂价,"A13.5S0.6 CSR65-68,干基",1440,2024-12-03 00:00:00,1,0,2024-12-03 23:17:25,0,2024-12-03 23:17:25,,,
2024-12-04,六盘水市,二级焦,2150.00,出厂价,"A13.5S0.6 CSR65-68,干基",1441,2024-12-04 00:00:00,1,0,2024-12-04 23:17:33,0,2024-12-04 23:17:33,,,
2024-12-05,六盘水市,二级焦,2150.00,出厂价,"A13.5S0.6 CSR65-68,干基",1442,2024-12-05 00:00:00,1,0,2024-12-05 23:18:55,0,2024-12-05 23:18:55,,,
2024-12-06,六盘水市,二级焦,2150.00,出厂价,"A13.5S0.6 CSR65-68,干基",1443,2024-12-06 00:00:00,1,0,2024-12-06 23:18:32,0,2024-12-06 23:18:32,,,
2024-12-09,六盘水市,二级焦,2150.00,出厂价,"A13.5S0.6 CSR65-68,干基",1444,2024-12-09 00:00:00,1,0,2024-12-09 23:18:19,0,2024-12-09 23:18:19,,,
2024-12-10,六盘水市,二级焦,2150.00,出厂价,"A13.5S0.6 CSR65-68,干基",1445,2024-12-10 00:00:00,1,0,2024-12-10 23:17:05,0,2024-12-10 23:17:05,,,
2024-12-11,六盘水市,二级焦,2150.00,出厂价,"A13.5S0.6 CSR65-68,干基",1446,2024-12-11 00:00:00,1,0,2024-12-11 23:17:39,0,2024-12-11 23:17:39,,,
2024-12-12,六盘水市,二级焦,2150.00,出厂价,"A13.5S0.6 CSR65-68,干基",1447,2024-12-12 00:00:00,1,0,2024-12-12 23:17:48,0,2024-12-12 23:17:48,,,
2024-12-13,六盘水市,二级焦,2150.00,出厂价,"A13.5S0.6 CSR65-68,干基",1448,2024-12-13 00:00:00,1,0,2024-12-13 23:18:20,0,2024-12-13 23:18:20,,,
2024-12-16,六盘水市,二级焦,2150.00,出厂价,"A13.5S0.6 CSR65-68,干基",1449,2024-12-16 00:00:00,1,0,2024-12-16 23:18:53,0,2024-12-16 23:18:53,,,
2024-12-17,六盘水市,二级焦,2150.00,出厂价,"A13.5S0.6 CSR65-68,干基",1450,2024-12-17 00:00:00,1,0,2024-12-17 23:17:53,0,2024-12-17 23:17:53,,,
2024-12-18,六盘水市,二级焦,2150.00,出厂价,"A13.5S0.6 CSR65-68,干基",1451,2024-12-18 00:00:00,1,0,2024-12-18 23:17:46,0,2024-12-18 23:17:46,,,
2024-12-19,六盘水市,二级焦,2150.00,出厂价,"A13.5S0.6 CSR65-68,干基",1452,2024-12-19 00:00:00,1,0,2024-12-19 23:17:09,0,2024-12-19 23:17:09,,,
2024-12-20,六盘水市,二级焦,2150.00,出厂价,"A13.5S0.6 CSR65-68,干基",1453,2024-12-20 00:00:00,1,0,2024-12-20 23:20:52,0,2024-12-20 23:20:52,,,
2024-12-23,六盘水市,二级焦,2150.00,出厂价,"A13.5S0.6 CSR65-68,干基",1454,2024-12-23 00:00:00,1,0,2024-12-23 23:17:54,0,2024-12-23 23:17:54,,,
2024-12-24,六盘水市,二级焦,2150.00,出厂价,"A13.5S0.6 CSR65-68,干基",1455,2024-12-24 00:00:00,1,0,2024-12-24 23:17:40,0,2024-12-24 23:17:40,,,
2024-12-25,六盘水市,二级焦,2150.00,出厂价,"A13.5S0.6 CSR65-68,干基",1456,2024-12-25 00:00:00,1,0,2024-12-25 23:17:41,0,2024-12-25 23:17:41,,,
2024-12-26,六盘水市,二级焦,2150.00,出厂价,"A13.5S0.6 CSR65-68,干基",1457,2024-12-26 00:00:00,1,0,2024-12-26 23:17:42,0,2024-12-26 23:17:42,,,
2024-12-27,六盘水市,二级焦,2150.00,出厂价,"A13.5S0.6 CSR65-68,干基",1458,2024-12-27 00:00:00,1,0,2024-12-27 23:17:47,0,2024-12-27 23:17:47,,,
2024-12-30,六盘水市,二级焦,2100.00,出厂价,"A13.5S0.6 CSR65-68,干基",1459,2024-12-30 00:00:00,1,0,2024-12-30 23:18:57,0,2024-12-30 23:18:57,,,
2024-12-31,六盘水市,二级焦,2100.00,出厂价,"A13.5S0.6 CSR65-68,干基",1460,2024-12-31 00:00:00,1,0,2024-12-31 23:17:09,0,2024-12-31 23:17:09,,,
2025-01-02,六盘水市,二级焦,2100.00,出厂价,"A13.5S0.6 CSR65-68,干基",1461,2025-01-02 00:00:00,1,0,2025-01-02 23:17:12,0,2025-01-02 23:17:12,,,
2025-01-03,六盘水市,二级焦,2100.00,出厂价,"A13.5S0.6 CSR65-68,干基",1462,2025-01-03 00:00:00,1,0,2025-01-03 23:17:44,0,2025-01-03 23:17:44,,,
2025-01-06,六盘水市,二级焦,2100.00,出厂价,"A13.5S0.6 CSR65-68,干基",1463,2025-01-06 00:00:00,1,0,2025-01-06 23:18:16,0,2025-01-06 23:18:16,,,
2025-01-07,六盘水市,二级焦,2100.00,出厂价,"A13.5S0.6 CSR65-68,干基",1464,2025-01-07 00:00:00,1,0,2025-01-07 23:16:52,0,2025-01-07 23:16:52,,,
2025-01-08,六盘水市,二级焦,2100.00,出厂价,"A13.5S0.6 CSR65-68,干基",1465,2025-01-08 00:00:00,1,0,2025-01-08 23:17:06,0,2025-01-08 23:17:06,,,
2025-01-09,六盘水市,二级焦,2100.00,出厂价,"A13.5S0.6 CSR65-68,干基",1466,2025-01-09 00:00:00,1,0,2025-01-09 23:17:51,0,2025-01-09 23:17:51,,,
2025-01-10,六盘水市,二级焦,2100.00,出厂价,"A13.5S0.6 CSR65-68,干基",1467,2025-01-10 00:00:00,1,0,2025-01-10 23:18:02,0,2025-01-10 23:18:02,,,
2025-01-13,六盘水市,二级焦,2100.00,出厂价,"A13.5S0.6 CSR65-68,干基",1468,2025-01-13 00:00:00,1,0,2025-01-13 23:17:08,0,2025-01-13 23:17:08,,,
2025-01-14,六盘水市,二级焦,2100.00,出厂价,"A13.5S0.6 CSR65-68,干基",1469,2025-01-14 00:00:00,1,0,2025-01-14 23:18:13,0,2025-01-14 23:18:13,,,
2025-01-15,六盘水市,二级焦,2100.00,出厂价,"A13.5S0.6 CSR65-68,干基",1470,2025-01-15 00:00:00,1,0,2025-01-15 23:18:31,0,2025-01-15 23:18:31,,,
2025-01-16,六盘水市,二级焦,2100.00,出厂价,"A13.5S0.6 CSR65-68,干基",1471,2025-01-16 00:00:00,1,0,2025-01-16 23:16:56,0,2025-01-16 23:16:56,,,
2025-01-17,六盘水市,二级焦,2100.00,出厂价,"A13.5S0.6 CSR65-68,干基",1472,2025-01-17 00:00:00,1,0,2025-01-17 23:19:20,0,2025-01-17 23:19:20,,,
2025-01-20,六盘水市,二级焦,2100.00,出厂价,"A13.5S0.6 CSR65-68,干基",1473,2025-01-20 00:00:00,1,0,2025-01-20 23:17:48,0,2025-01-20 23:17:48,,,
2025-01-21,六盘水市,二级焦,2100.00,出厂价,"A13.5S0.6 CSR65-68,干基",1474,2025-01-21 00:00:00,1,0,2025-01-21 23:19:56,0,2025-01-21 23:19:56,,,
2025-01-22,六盘水市,二级焦,2050.00,出厂价,"A13.5S0.6 CSR65-68,干基",1475,2025-01-22 00:00:00,1,0,2025-01-22 23:17:23,0,2025-01-22 23:17:23,,,
2025-01-23,六盘水市,二级焦,2050.00,出厂价,"A13.5S0.6 CSR65-68,干基",1476,2025-01-23 00:00:00,1,0,2025-01-23 23:17:12,0,2025-01-23 23:17:12,,,
2025-01-24,六盘水市,二级焦,2050.00,出厂价,"A13.5S0.6 CSR65-68,干基",1477,2025-01-24 00:00:00,1,0,2025-01-24 23:18:04,0,2025-01-24 23:18:04,,,
2025-02-05,六盘水市,二级焦,2050.00,出厂价,"A13.5S0.6 CSR65-68,干基",1478,2025-02-05 00:00:00,1,0,2025-02-05 23:18:01,0,2025-02-05 23:18:01,,,
2025-01-27,六盘水市,二级焦,2050.00,出厂价,"A13.5S0.6 CSR65-68,干基",1479,2025-01-27 00:00:00,1,0,2025-02-05 23:18:01,0,2025-02-05 23:18:01,,,
2025-01-26,六盘水市,二级焦,2050.00,出厂价,"A13.5S0.6 CSR65-68,干基",1480,2025-01-26 00:00:00,1,0,2025-02-05 23:18:01,0,2025-02-05 23:18:01,,,
2025-02-06,六盘水市,二级焦,2050.00,出厂价,"A13.5S0.6 CSR65-68,干基",1481,2025-02-06 00:00:00,1,0,2025-02-06 23:16:34,0,2025-02-06 23:16:34,,,
2025-02-07,六盘水市,二级焦,2050.00,出厂价,"A13.5S0.6 CSR65-68,干基",1482,2025-02-07 00:00:00,1,0,2025-02-07 23:18:02,0,2025-02-07 23:18:02,,,
2025-02-10,六盘水市,二级焦,2050.00,出厂价,"A13.5S0.6 CSR65-68,干基",1483,2025-02-10 00:00:00,1,0,2025-02-10 23:18:05,0,2025-02-10 23:18:05,,,
2025-02-08,六盘水市,二级焦,2050.00,出厂价,"A13.5S0.6 CSR65-68,干基",1484,2025-02-08 00:00:00,1,0,2025-02-10 23:18:05,0,2025-02-10 23:18:05,,,
2025-02-11,六盘水市,二级焦,1900.00,出厂价,"A13.5S0.6 CSR65-68,干基",1485,2025-02-11 00:00:00,1,0,2025-02-11 23:16:40,0,2025-02-11 23:16:40,,,
2025-02-12,六盘水市,二级焦,1900.00,出厂价,"A13.5S0.6 CSR65-68,干基",1486,2025-02-12 00:00:00,1,0,2025-02-12 23:17:23,0,2025-02-12 23:17:23,,,
2025-02-13,六盘水市,二级焦,1900.00,出厂价,"A13.5S0.6 CSR65-68,干基",1487,2025-02-13 00:00:00,1,0,2025-02-13 23:17:24,0,2025-02-13 23:17:24,,,
2025-02-14,六盘水市,二级焦,1900.00,出厂价,"A13.5S0.6 CSR65-68,干基",1488,2025-02-14 00:00:00,1,0,2025-02-14 23:18:15,0,2025-02-14 23:18:15,,,
2025-02-17,六盘水市,二级焦,1900.00,出厂价,"A13.5S0.6 CSR65-68,干基",1489,2025-02-17 00:00:00,1,0,2025-02-17 23:17:21,0,2025-02-17 23:17:21,,,
2025-02-18,六盘水市,二级焦,1900.00,出厂价,"A13.5S0.6 CSR65-68,干基",1490,2025-02-18 00:00:00,1,0,2025-02-18 23:16:34,0,2025-02-18 23:16:34,,,
2025-02-19,六盘水市,二级焦,1900.00,出厂价,"A13.5S0.6 CSR65-68,干基",1491,2025-02-19 00:00:00,1,0,2025-02-19 23:19:02,0,2025-02-19 23:19:02,,,
2025-02-20,六盘水市,二级焦,1900.00,出厂价,"A13.5S0.6 CSR65-68,干基",1492,2025-02-20 00:00:00,1,0,2025-02-20 23:17:53,0,2025-02-20 23:17:53,,,
2025-02-21,六盘水市,二级焦,1900.00,出厂价,"A13.5S0.6 CSR65-68,干基",1493,2025-02-21 00:00:00,1,0,2025-02-21 23:17:53,0,2025-02-21 23:17:53,,,
2025-02-24,六盘水市,二级焦,1900.00,出厂价,"A13.5S0.6 CSR65-68,干基",1494,2025-02-24 00:00:00,1,0,2025-02-24 23:18:14,0,2025-02-24 23:18:14,,,
2025-02-25,六盘水市,二级焦,1900.00,出厂价,"A13.5S0.6 CSR65-68,干基",1495,2025-02-25 00:00:00,1,0,2025-02-25 23:17:38,0,2025-02-25 23:17:38,,,
2025-02-26,六盘水市,二级焦,1850.00,出厂价,"A13.5S0.6 CSR65-68,干基",1496,2025-02-26 00:00:00,1,0,2025-02-26 23:16:38,0,2025-02-26 23:16:38,,,
2025-02-27,六盘水市,二级焦,1850.00,出厂价,"A13.5S0.6 CSR65-68,干基",1497,2025-02-27 00:00:00,1,0,2025-02-27 23:16:54,0,2025-02-27 23:16:54,,,
2025-02-28,六盘水市,二级焦,1850.00,出厂价,"A13.5S0.6 CSR65-68,干基",1498,2025-02-28 00:00:00,1,0,2025-02-28 23:17:59,0,2025-02-28 23:17:59,,,
2025-03-03,六盘水市,二级焦,1850.00,出厂价,"A13.5S0.6 CSR65-68,干基",1499,2025-03-03 00:00:00,1,0,2025-03-03 23:18:09,0,2025-03-03 23:18:09,,,
2025-03-04,六盘水市,二级焦,1850.00,出厂价,"A13.5S0.6 CSR65-68,干基",1500,2025-03-04 00:00:00,1,0,2025-03-04 23:17:19,0,2025-03-04 23:17:19,,,
2025-03-05,六盘水市,二级焦,1850.00,出厂价,"A13.5S0.6 CSR65-68,干基",1501,2025-03-05 00:00:00,1,0,2025-03-05 23:17:48,0,2025-03-05 23:17:48,,,
2025-03-06,六盘水市,二级焦,1850.00,出厂价,"A13.5S0.6 CSR65-68,干基",1502,2025-03-06 00:00:00,1,0,2025-03-06 23:17:36,0,2025-03-06 23:17:36,,,
2025-03-07,六盘水市,二级焦,1850.00,出厂价,"A13.5S0.6 CSR65-68,干基",1503,2025-03-07 00:00:00,1,0,2025-03-07 23:23:29,0,2025-03-07 23:23:29,,,
2025-03-10,六盘水市,二级焦,1850.00,出厂价,"A13.5S0.6 CSR65-68,干基",1504,2025-03-10 00:00:00,1,0,2025-03-10 23:18:09,0,2025-03-10 23:18:09,,,
2025-03-11,六盘水市,二级焦,1850.00,出厂价,"A13.5S0.6 CSR65-68,干基",1505,2025-03-11 00:00:00,1,0,2025-03-11 23:17:09,0,2025-03-11 23:17:09,,,
2025-03-12,六盘水市,二级焦,1850.00,出厂价,"A13.5S0.6 CSR65-68,干基",1506,2025-03-12 00:00:00,1,0,2025-03-12 23:18:11,0,2025-03-12 23:18:11,,,
2025-03-13,六盘水市,二级焦,1850.00,出厂价,"A13.5S0.6 CSR65-68,干基",1507,2025-03-13 00:00:00,1,0,2025-03-13 23:17:07,0,2025-03-13 23:17:07,,,
2025-03-14,六盘水市,二级焦,1850.00,出厂价,"A13.5S0.6 CSR65-68,干基",1508,2025-03-14 00:00:00,1,0,2025-03-14 23:08:38,0,2025-03-14 23:08:38,,,
2025-03-17,六盘水市,二级焦,1800.00,出厂价,"A13.5S0.6 CSR65-68,干基",1509,2025-03-17 00:00:00,1,0,2025-03-17 23:17:43,0,2025-03-17 23:17:43,,,
2025-03-18,六盘水市,二级焦,1800.00,出厂价,"A13.5S0.6 CSR65-68,干基",1510,2025-03-18 00:00:00,1,0,2025-03-18 23:18:21,0,2025-03-18 23:18:21,,,
2025-03-19,六盘水市,二级焦,1800.00,出厂价,"A13.5S0.6 CSR65-68,干基",1511,2025-03-19 00:00:00,1,0,2025-03-19 23:18:01,0,2025-03-19 23:18:01,,,
2025-03-20,六盘水市,二级焦,1800.00,出厂价,"A13.5S0.6 CSR65-68,干基",1512,2025-03-20 00:00:00,1,0,2025-03-20 23:19:26,0,2025-03-20 23:19:26,,,
2025-03-21,六盘水市,二级焦,1800.00,出厂价,"A13.5S0.6 CSR65-68,干基",1513,2025-03-21 00:00:00,1,0,2025-03-21 23:19:31,0,2025-03-21 23:19:31,,,
2025-03-24,六盘水市,二级焦,1800.00,出厂价,"A13.5S0.6 CSR65-68,干基",1514,2025-03-24 00:00:00,1,0,2025-03-24 23:18:05,0,2025-03-24 23:18:05,,,
2025-03-25,六盘水市,二级焦,1800.00,出厂价,"A13.5S0.6 CSR65-68,干基",1515,2025-03-25 00:00:00,1,0,2025-03-25 23:16:28,0,2025-03-25 23:16:28,,,
2025-03-26,六盘水市,二级焦,1800.00,出厂价,"A13.5S0.6 CSR65-68,干基",1516,2025-03-26 00:00:00,1,0,2025-03-26 23:18:05,0,2025-03-26 23:18:05,,,
2025-03-27,六盘水市,二级焦,1800.00,出厂价,"A13.5S0.6 CSR65-68,干基",1517,2025-03-27 00:00:00,1,0,2025-03-27 23:17:25,0,2025-03-27 23:17:25,,,
2025-03-28,六盘水市,二级焦,1800.00,出厂价,"A13.5S0.6 CSR65-68,干基",1518,2025-03-28 00:00:00,1,0,2025-03-28 23:17:40,0,2025-03-28 23:17:40,,,
2025-03-31,六盘水市,二级焦,1800.00,出厂价,"A13.5S0.6 CSR65-68,干基",1519,2025-03-31 00:00:00,1,0,2025-03-31 23:17:42,0,2025-03-31 23:17:42,,,
2025-04-01,六盘水市,二级焦,1800.00,出厂价,"A13.5S0.6 CSR65-68,干基",1520,2025-04-01 00:00:00,1,0,2025-04-01 23:17:46,0,2025-04-01 23:17:46,,,
2025-04-02,六盘水市,二级焦,1800.00,出厂价,"A13.5S0.6 CSR65-68,干基",1521,2025-04-02 00:00:00,1,0,2025-04-02 23:16:44,0,2025-04-02 23:16:44,,,
2025-04-03,六盘水市,二级焦,1800.00,出厂价,"A13.5S0.6 CSR65-68,干基",1522,2025-04-03 00:00:00,1,0,2025-04-03 23:16:42,0,2025-04-03 23:16:42,,,
2025-04-07,六盘水市,二级焦,1800.00,出厂价,"A13.5S0.6 CSR65-68,干基",1523,2025-04-07 00:00:00,1,0,2025-04-07 23:18:56,0,2025-04-07 23:18:56,,,
2025-04-08,六盘水市,二级焦,1800.00,出厂价,"A13.5S0.6 CSR65-68,干基",1524,2025-04-08 00:00:00,1,0,2025-04-08 23:17:28,0,2025-04-08 23:17:28,,,
2025-04-09,六盘水市,二级焦,1800.00,出厂价,"A13.5S0.6 CSR65-68,干基",1525,2025-04-09 00:00:00,1,0,2025-04-09 23:17:05,0,2025-04-09 23:17:05,,,
2025-04-10,六盘水市,二级焦,1800.00,出厂价,"A13.5S0.6 CSR65-68,干基",1526,2025-04-10 00:00:00,1,0,2025-04-10 23:17:49,0,2025-04-10 23:17:49,,,
2025-04-11,六盘水市,二级焦,1800.00,出厂价,"A13.5S0.6 CSR65-68,干基",1527,2025-04-11 00:00:00,1,0,2025-04-11 23:17:34,0,2025-04-11 23:17:34,,,
2025-04-14,六盘水市,二级焦,1800.00,出厂价,"A13.5S0.6 CSR65-68,干基",1528,2025-04-14 00:00:00,1,0,2025-04-14 23:18:16,0,2025-04-14 23:18:16,,,
2025-04-15,六盘水市,二级焦,1750.00,出厂价,"A13.5S0.6 CSR65-68,干基",1529,2025-04-15 00:00:00,1,0,2025-04-15 23:17:49,0,2025-04-15 23:17:49,,,
2025-04-16,六盘水市,二级焦,1750.00,出厂价,"A13.5S0.6 CSR65-68,干基",1530,2025-04-16 00:00:00,1,0,2025-04-16 23:16:50,0,2025-04-16 23:16:50,,,
2025-04-17,六盘水市,二级焦,1750.00,出厂价,"A13.5S0.6 CSR65-68,干基",1531,2025-04-17 00:00:00,1,0,2025-04-17 23:18:00,0,2025-04-17 23:18:00,,,
2025-04-18,六盘水市,二级焦,1750.00,出厂价,"A13.5S0.6 CSR65-68,干基",1532,2025-04-18 00:00:00,1,0,2025-04-18 23:19:08,0,2025-04-18 23:19:08,,,
2025-04-22,六盘水市,二级焦,1750.00,出厂价,"A13.5S0.6 CSR65-68,干基",1533,2025-04-22 00:00:00,1,0,2025-04-22 23:17:25,0,2025-04-22 23:17:25,,,
2025-04-21,六盘水市,二级焦,1750.00,出厂价,"A13.5S0.6 CSR65-68,干基",1534,2025-04-21 00:00:00,1,0,2025-04-22 23:17:25,0,2025-04-22 23:17:25,,,
2025-04-23,六盘水市,二级焦,1750.00,出厂价,"A13.5S0.6 CSR65-68,干基",1535,2025-04-23 00:00:00,1,0,2025-04-23 23:16:49,0,2025-04-23 23:16:49,,,
2025-04-24,六盘水市,二级焦,1750.00,出厂价,"A13.5S0.6 CSR65-68,干基",1536,2025-04-24 00:00:00,1,0,2025-04-24 23:17:45,0,2025-04-24 23:17:45,,,
2025-04-25,六盘水市,二级焦,1750.00,出厂价,"A13.5S0.6 CSR65-68,干基",1537,2025-04-25 00:00:00,1,0,2025-04-25 23:18:05,0,2025-04-25 23:18:05,,,
2025-04-27,六盘水市,二级焦,1750.00,出厂价,"A13.5S0.6 CSR65-68,干基",1538,2025-04-27 00:00:00,1,0,2025-04-27 23:16:54,0,2025-04-27 23:16:54,,,
2025-04-28,六盘水市,二级焦,1750.00,出厂价,"A13.5S0.6 CSR65-68,干基",1539,2025-04-28 00:00:00,1,0,2025-04-28 23:18:02,0,2025-04-28 23:18:02,,,
2025-04-29,六盘水市,二级焦,1750.00,出厂价,"A13.5S0.6 CSR65-68,干基",1540,2025-04-29 00:00:00,1,0,2025-04-29 23:17:26,0,2025-04-29 23:17:26,,,
2025-04-30,六盘水市,二级焦,1750.00,出厂价,"A13.5S0.6 CSR65-68,干基",1541,2025-04-30 00:00:00,1,0,2025-05-05 23:17:43,0,2025-05-05 23:17:43,,,
2025-05-06,六盘水市,二级焦,1750.00,出厂价,"A13.5S0.6 CSR65-68,干基",1542,2025-05-06 00:00:00,1,0,2025-05-06 23:17:25,0,2025-05-06 23:17:25,,,
2025-05-07,六盘水市,二级焦,1750.00,出厂价,"A13.5S0.6 CSR65-68,干基",1543,2025-05-07 00:00:00,1,0,2025-05-07 23:18:04,0,2025-05-07 23:18:04,,,
2025-05-08,六盘水市,二级焦,1750.00,出厂价,"A13.5S0.6 CSR65-68,干基",1544,2025-05-08 00:00:00,1,0,2025-05-08 23:17:04,0,2025-05-08 23:17:04,,,
2025-05-09,六盘水市,二级焦,1750.00,出厂价,"A13.5S0.6 CSR65-68,干基",1545,2025-05-09 00:00:00,1,0,2025-05-09 23:17:33,0,2025-05-09 23:17:33,,,
2025-05-12,六盘水市,二级焦,1750.00,出厂价,"A13.5S0.6 CSR65-68,干基",1546,2025-05-12 00:00:00,1,0,2025-05-12 23:18:13,0,2025-05-12 23:18:13,,,
2025-05-13,六盘水市,二级焦,1750.00,出厂价,"A13.5S0.6 CSR65-68,干基",1547,2025-05-13 00:00:00,1,0,2025-05-13 23:17:41,0,2025-05-13 23:17:41,,,
2025-05-14,六盘水市,二级焦,1750.00,出厂价,"A13.5S0.6 CSR65-68,干基",1548,2025-05-14 00:00:00,1,0,2025-05-14 23:17:20,0,2025-05-14 23:17:20,,,
2025-05-15,六盘水市,二级焦,1750.00,出厂价,"A13.5S0.6 CSR65-68,干基",1549,2025-05-15 00:00:00,1,0,2025-05-15 23:17:41,0,2025-05-15 23:17:41,,,
2025-05-19,六盘水市,二级焦,1750.00,出厂价,"A13.5S0.6 CSR65-68,干基",1550,2025-05-19 00:00:00,1,0,2025-05-19 23:21:00,0,2025-05-19 23:21:00,,,
2025-05-16,六盘水市,二级焦,1750.00,出厂价,"A13.5S0.6 CSR65-68,干基",1551,2025-05-16 00:00:00,1,0,2025-05-19 23:21:00,0,2025-05-19 23:21:00,,,
2025-05-20,六盘水市,二级焦,1750.00,出厂价,"A13.5S0.6 CSR65-68,干基",1552,2025-05-20 00:00:00,1,0,2025-05-20 23:17:13,0,2025-05-20 23:17:13,,,
2025-05-21,六盘水市,二级焦,1750.00,出厂价,"A13.5S0.6 CSR65-68,干基",1553,2025-05-21 00:00:00,1,0,2025-05-21 23:19:39,0,2025-05-21 23:19:39,,,
2025-05-22,六盘水市,二级焦,1750.00,出厂价,"A13.5S0.6 CSR65-68,干基",1554,2025-05-22 00:00:00,1,0,2025-05-22 23:17:30,0,2025-05-22 23:17:30,,,
2025-05-23,六盘水市,二级焦,1750.00,出厂价,"A13.5S0.6 CSR65-68,干基",1555,2025-05-23 00:00:00,1,0,2025-05-23 23:19:06,0,2025-05-23 23:19:06,,,
2025-05-26,六盘水市,二级焦,1750.00,出厂价,"A13.5S0.6 CSR65-68,干基",1556,2025-05-26 00:00:00,1,0,2025-05-26 23:18:21,0,2025-05-26 23:18:21,,,
2025-05-27,六盘水市,二级焦,1750.00,出厂价,"A13.5S0.6 CSR65-68,干基",1557,2025-05-27 00:00:00,1,0,2025-05-27 23:17:27,0,2025-05-27 23:17:27,,,
2025-05-28,六盘水市,二级焦,1750.00,出厂价,"A13.5S0.6 CSR65-68,干基",1558,2025-05-28 00:00:00,1,0,2025-05-28 23:17:26,0,2025-05-28 23:17:26,,,
2025-05-29,六盘水市,二级焦,1750.00,出厂价,"A13.5S0.6 CSR65-68,干基",1559,2025-05-29 00:00:00,1,0,2025-05-29 23:16:32,0,2025-05-29 23:16:32,,,
2025-05-30,六盘水市,二级焦,1750.00,出厂价,"A13.5S0.6 CSR65-68,干基",1560,2025-05-30 00:00:00,1,0,2025-05-30 23:18:17,0,2025-05-30 23:18:17,,,
2025-06-04,六盘水市,二级焦,1750.00,出厂价,"A13.5S0.6 CSR65-68,干基",1561,2025-06-04 00:00:00,1,0,2025-06-04 23:18:44,0,2025-06-04 23:18:44,,,
2025-06-03,六盘水市,二级焦,1750.00,出厂价,"A13.5S0.6 CSR65-68,干基",1562,2025-06-03 00:00:00,1,0,2025-06-04 23:18:44,0,2025-06-04 23:18:44,,,
2025-06-05,六盘水市,二级焦,1750.00,出厂价,"A13.5S0.6 CSR65-68,干基",1563,2025-06-05 00:00:00,1,0,2025-06-05 23:17:12,0,2025-06-05 23:17:12,,,
2025-06-06,六盘水市,二级焦,1750.00,出厂价,"A13.5S0.6 CSR65-68,干基",1564,2025-06-06 00:00:00,1,0,2025-06-06 23:18:01,0,2025-06-06 23:18:01,,,
2025-06-09,六盘水市,二级焦,1635.00,出厂价,"A13.5S0.6 CSR65-68,干基",1565,2025-06-09 00:00:00,1,0,2025-06-09 23:18:38,0,2025-06-09 23:18:38,,,
2025-06-10,六盘水市,二级焦,1635.00,出厂价,"A13.5S0.6 CSR65-68,干基",1566,2025-06-10 00:00:00,1,0,2025-06-10 23:17:31,0,2025-06-10 23:17:31,,,
2025-06-11,六盘水市,二级焦,1635.00,出厂价,"A13.5S0.6 CSR65-68,干基",1567,2025-06-11 00:00:00,1,0,2025-06-11 23:17:48,0,2025-06-11 23:17:48,,,
2025-06-12,六盘水市,二级焦,1635.00,出厂价,"A13.5S0.6 CSR65-68,干基",1568,2025-06-12 00:00:00,1,0,2025-06-12 23:16:45,0,2025-06-12 23:16:45,,,
2025-06-13,六盘水市,二级焦,1635.00,出厂价,"A13.5S0.6 CSR65-68,干基",1569,2025-06-13 00:00:00,1,0,2025-06-13 23:18:23,0,2025-06-13 23:18:23,,,
2025-06-16,六盘水市,二级焦,1635.00,出厂价,"A13.5S0.6 CSR65-68,干基",1570,2025-06-16 00:00:00,1,0,2025-06-16 23:19:11,0,2025-06-16 23:19:11,,,
2025-06-17,六盘水市,二级焦,1635.00,出厂价,"A13.5S0.6 CSR65-68,干基",1571,2025-06-17 00:00:00,1,0,2025-06-17 23:17:31,0,2025-06-17 23:17:31,,,
2025-06-18,六盘水市,二级焦,1635.00,出厂价,"A13.5S0.6 CSR65-68,干基",1572,2025-06-18 00:00:00,1,0,2025-06-18 23:17:46,0,2025-06-18 23:17:46,,,
2025-06-19,六盘水市,二级焦,1635.00,出厂价,"A13.5S0.6 CSR65-68,干基",1573,2025-06-19 00:00:00,1,0,2025-06-19 23:17:25,0,2025-06-19 23:17:25,,,
2025-06-20,六盘水市,二级焦,1635.00,出厂价,"A13.5S0.6 CSR65-68,干基",1574,2025-06-20 00:00:00,1,0,2025-06-20 23:20:54,0,2025-06-20 23:20:54,,,
2025-06-23,六盘水市,二级焦,1635.00,出厂价,"A13.5S0.6 CSR65-68,干基",1575,2025-06-23 00:00:00,1,0,2025-06-23 23:17:57,0,2025-06-23 23:17:57,,,
2025-06-24,六盘水市,二级焦,1565.00,出厂价,"A13.5S0.6 CSR65-68,干基",1576,2025-06-24 00:00:00,1,0,2025-06-24 23:17:28,0,2025-06-24 23:17:28,,,
2025-06-25,六盘水市,二级焦,1565.00,出厂价,"A13.5S0.6 CSR65-68,干基",1577,2025-06-25 00:00:00,1,0,2025-06-25 23:17:35,0,2025-06-25 23:17:35,,,
2025-06-26,六盘水市,二级焦,1565.00,出厂价,"A13.5S0.6 CSR65-68,干基",1578,2025-06-26 00:00:00,1,0,2025-06-26 23:17:20,0,2025-06-26 23:17:20,,,
2025-06-27,六盘水市,二级焦,1565.00,出厂价,"A13.5S0.6 CSR65-68,干基",1579,2025-06-27 00:00:00,1,0,2025-06-27 23:17:40,0,2025-06-27 23:17:40,,,
2025-06-30,六盘水市,二级焦,1565.00,出厂价,"A13.5S0.6 CSR65-68,干基",1580,2025-06-30 00:00:00,1,0,2025-06-30 23:18:19,0,2025-06-30 23:18:19,,,
2025-07-01,六盘水市,二级焦,1565.00,出厂价,"A13.5S0.6 CSR65-68,干基",1581,2025-07-01 00:00:00,1,0,2025-07-01 23:17:19,0,2025-07-01 23:17:19,,,
2025-07-02,六盘水市,二级焦,1565.00,出厂价,"A13.5S0.6 CSR65-68,干基",1582,2025-07-02 00:00:00,1,0,2025-07-02 23:17:10,0,2025-07-02 23:17:10,,,
2025-07-03,六盘水市,二级焦,1565.00,出厂价,"A13.5S0.6 CSR65-68,干基",1583,2025-07-03 00:00:00,1,0,2025-07-03 23:17:23,0,2025-07-03 23:17:23,,,
2025-07-04,六盘水市,二级焦,1565.00,出厂价,"A13.5S0.6 CSR65-68,干基",1584,2025-07-04 00:00:00,1,0,2025-07-04 23:17:45,0,2025-07-04 23:17:45,,,
2025-07-07,六盘水市,二级焦,1565.00,出厂价,"A13.5S0.6 CSR65-68,干基",1585,2025-07-07 00:00:00,1,0,2025-07-07 23:18:16,0,2025-07-07 23:18:16,,,
2025-07-08,六盘水市,二级焦,1565.00,出厂价,"A13.5S0.6 CSR65-68,干基",1586,2025-07-08 00:00:00,1,0,2025-07-08 23:17:15,0,2025-07-08 23:17:15,,,
2025-07-09,六盘水市,二级焦,1565.00,出厂价,"A13.5S0.6 CSR65-68,干基",1587,2025-07-09 00:00:00,1,0,2025-07-09 23:17:15,0,2025-07-09 23:17:15,,,
2025-07-10,六盘水市,二级焦,1565.00,出厂价,"A13.5S0.6 CSR65-68,干基",1588,2025-07-10 00:00:00,1,0,2025-07-10 23:16:55,0,2025-07-10 23:16:55,,,
2025-07-11,六盘水市,二级焦,1565.00,出厂价,"A13.5S0.6 CSR65-68,干基",1589,2025-07-11 00:00:00,1,0,2025-07-11 23:18:06,0,2025-07-11 23:18:06,,,
2025-07-14,六盘水市,二级焦,1565.00,出厂价,"A13.5S0.6 CSR65-68,干基",1590,2025-07-14 00:00:00,1,0,2025-07-14 23:17:58,0,2025-07-14 23:17:58,,,
2025-07-15,六盘水市,二级焦,1565.00,出厂价,"A13.5S0.6 CSR65-68,干基",1591,2025-07-15 00:00:00,1,0,2025-07-15 23:17:21,0,2025-07-15 23:17:21,,,
2025-07-16,六盘水市,二级焦,1565.00,出厂价,"A13.5S0.6 CSR65-68,干基",1592,2025-07-16 00:00:00,1,0,2025-07-16 23:18:17,0,2025-07-16 23:18:17,,,
2025-07-17,六盘水市,二级焦,1565.00,出厂价,"A13.5S0.6 CSR65-68,干基",1593,2025-07-17 00:00:00,1,0,2025-07-17 23:17:42,0,2025-07-17 23:17:42,,,
2025-07-18,六盘水市,二级焦,1565.00,出厂价,"A13.5S0.6 CSR65-68,干基",1594,2025-07-18 00:00:00,1,0,2025-07-18 23:17:32,0,2025-07-18 23:17:32,,,
2025-07-21,六盘水市,二级焦,1565.00,出厂价,"A13.5S0.6 CSR65-68,干基",1595,2025-07-21 00:00:00,1,0,2025-07-21 23:19:17,0,2025-07-21 23:19:17,,,
2025-07-22,六盘水市,二级焦,1565.00,出厂价,"A13.5S0.6 CSR65-68,干基",1596,2025-07-22 00:00:00,1,0,2025-07-22 23:16:44,0,2025-07-22 23:16:44,,,
2025-07-23,六盘水市,二级焦,1565.00,出厂价,"A13.5S0.6 CSR65-68,干基",1597,2025-07-23 00:00:00,1,0,2025-07-23 23:19:01,0,2025-07-23 23:19:01,,,
2025-07-24,六盘水市,二级焦,1565.00,出厂价,"A13.5S0.6 CSR65-68,干基",1598,2025-07-24 00:00:00,1,0,2025-07-24 23:16:18,0,2025-07-24 23:16:18,,,
2025-07-25,六盘水市,二级焦,1565.00,出厂价,"A13.5S0.6 CSR65-68,干基",1599,2025-07-25 00:00:00,1,0,2025-07-25 23:18:05,0,2025-07-25 23:18:05,,,
2025-07-28,六盘水市,二级焦,1565.00,出厂价,"A13.5S0.6 CSR65-68,干基",1600,2025-07-28 00:00:00,1,0,2025-07-28 23:17:48,0,2025-07-28 23:17:48,,,
2025-07-29,六盘水市,二级焦,1565.00,出厂价,"A13.5S0.6 CSR65-68,干基",1601,2025-07-29 00:00:00,1,0,2025-07-29 23:17:01,0,2025-07-29 23:17:01,,,
2025-07-30,六盘水市,二级焦,1600.00,出厂价,"A13.5S0.6 CSR65-68,干基",1602,2025-07-30 00:00:00,1,0,2025-07-30 23:16:28,0,2025-07-30 23:16:28,,,
2025-07-31,六盘水市,二级焦,1600.00,出厂价,"A13.5S0.6 CSR65-68,干基",1603,2025-07-31 00:00:00,1,0,2025-07-31 23:18:05,0,2025-07-31 23:18:05,,,
2025-08-01,六盘水市,二级焦,1600.00,出厂价,"A13.5S0.6 CSR65-68,干基",1604,2025-08-01 00:00:00,1,0,2025-08-01 23:32:22,0,2025-08-01 23:32:22,,,
2025-08-04,六盘水市,二级焦,1600.00,出厂价,"A13.5S0.6 CSR65-68,干基",1605,2025-08-04 00:00:00,1,0,2025-08-04 23:17:19,0,2025-08-04 23:17:19,,,
2025-08-05,六盘水市,二级焦,1600.00,出厂价,"A13.5S0.6 CSR65-68,干基",1606,2025-08-05 00:00:00,1,0,2025-08-05 23:17:50,0,2025-08-05 23:17:50,,,
2025-08-06,六盘水市,二级焦,1600.00,出厂价,"A13.5S0.6 CSR65-68,干基",1607,2025-08-06 00:00:00,1,0,2025-08-06 23:16:51,0,2025-08-06 23:16:51,,,
2025-08-07,六盘水市,二级焦,1600.00,出厂价,"A13.5S0.6 CSR65-68,干基",1608,2025-08-07 00:00:00,1,0,2025-08-07 23:17:19,0,2025-08-07 23:17:19,,,
2025-08-08,六盘水市,二级焦,1600.00,出厂价,"A13.5S0.6 CSR65-68,干基",1609,2025-08-08 00:00:00,1,0,2025-08-08 23:17:56,0,2025-08-08 23:17:56,,,
2025-08-11,六盘水市,二级焦,1600.00,出厂价,"A13.5S0.6 CSR65-68,干基",1610,2025-08-11 00:00:00,1,0,2025-08-11 23:18:10,0,2025-08-11 23:18:10,,,
2025-08-12,六盘水市,二级焦,1600.00,出厂价,"A13.5S0.6 CSR65-68,干基",1611,2025-08-12 00:00:00,1,0,2025-08-12 23:17:19,0,2025-08-12 23:17:19,,,
2025-08-13,六盘水市,二级焦,1600.00,出厂价,"A13.5S0.6 CSR65-68,干基",1612,2025-08-13 00:00:00,1,0,2025-08-13 23:16:50,0,2025-08-13 23:16:50,,,
2025-08-14,六盘水市,二级焦,1600.00,出厂价,"A13.5S0.6 CSR65-68,干基",1613,2025-08-14 00:00:00,1,0,2025-08-14 23:17:40,0,2025-08-14 23:17:40,,,
2025-08-15,六盘水市,二级焦,1765.00,出厂价,"A13.5S0.6 CSR65-68,干基",1614,2025-08-15 00:00:00,1,0,2025-08-15 23:18:34,0,2025-08-15 23:18:34,,,
2025-08-18,六盘水市,二级焦,1765.00,出厂价,"A13.5S0.6 CSR65-68,干基",1615,2025-08-18 00:00:00,1,0,2025-08-18 23:17:21,0,2025-08-18 23:17:21,,,
2025-08-19,六盘水市,二级焦,1765.00,出厂价,"A13.5S0.6 CSR65-68,干基",1616,2025-08-19 00:00:00,1,0,2025-08-19 23:18:18,0,2025-08-19 23:18:18,,,
2025-08-20,六盘水市,二级焦,1765.00,出厂价,"A13.5S0.6 CSR65-68,干基",1617,2025-08-20 00:00:00,1,0,2025-08-20 23:17:15,0,2025-08-20 23:17:15,,,
2025-08-21,六盘水市,二级焦,1765.00,出厂价,"A13.5S0.6 CSR65-68,干基",1618,2025-08-21 00:00:00,1,0,2025-08-21 23:17:12,0,2025-08-21 23:17:12,,,
2025-08-22,六盘水市,二级焦,1765.00,出厂价,"A13.5S0.6 CSR65-68,干基",1619,2025-08-22 00:00:00,1,0,2025-08-22 23:18:53,0,2025-08-22 23:18:53,,,
2025-08-25,六盘水市,二级焦,1815.00,出厂价,"A13.5S0.6 CSR65-68,干基",1620,2025-08-25 00:00:00,1,0,2025-08-25 23:19:11,0,2025-08-25 23:19:11,,,
2025-08-26,六盘水市,二级焦,1815.00,出厂价,"A13.5S0.6 CSR65-68,干基",1621,2025-08-26 00:00:00,1,0,2025-08-26 23:16:22,0,2025-08-26 23:16:22,,,
2025-08-27,六盘水市,二级焦,1815.00,出厂价,"A13.5S0.6 CSR65-68,干基",1622,2025-08-27 00:00:00,1,0,2025-08-27 23:20:23,0,2025-08-27 23:20:23,,,
2025-08-28,六盘水市,二级焦,1815.00,出厂价,"A13.5S0.6 CSR65-68,干基",1623,2025-08-28 00:00:00,1,0,2025-08-28 23:17:15,0,2025-08-28 23:17:15,,,
2025-08-29,六盘水市,二级焦,1815.00,出厂价,"A13.5S0.6 CSR65-68,干基",1624,2025-08-29 00:00:00,1,0,2025-08-29 23:18:07,0,2025-08-29 23:18:07,,,
2025-09-01,六盘水市,二级焦,1815.00,出厂价,"A13.5S0.6 CSR65-68,干基",1625,2025-09-01 00:00:00,1,0,2025-09-01 23:18:20,0,2025-09-01 23:18:20,,,
2025-09-02,六盘水市,二级焦,1815.00,出厂价,"A13.5S0.6 CSR65-68,干基",1626,2025-09-02 00:00:00,1,0,2025-09-02 23:17:29,0,2025-09-02 23:17:29,,,
2025-09-03,六盘水市,二级焦,1815.00,出厂价,"A13.5S0.6 CSR65-68,干基",1627,2025-09-03 00:00:00,1,0,2025-09-03 23:17:27,0,2025-09-03 23:17:27,,,
2025-09-04,六盘水市,二级焦,1815.00,出厂价,"A13.5S0.6 CSR65-68,干基",1628,2025-09-04 00:00:00,1,0,2025-09-04 23:17:15,0,2025-09-04 23:17:15,,,
2025-09-05,六盘水市,二级焦,1815.00,出厂价,"A13.5S0.6 CSR65-68,干基",1629,2025-09-05 00:00:00,1,0,2025-09-05 23:17:33,0,2025-09-05 23:17:33,,,
2025-09-08,六盘水市,二级焦,1815.00,出厂价,"A13.5S0.6 CSR65-68,干基",1630,2025-09-08 00:00:00,1,0,2025-09-08 23:18:59,0,2025-09-08 23:18:59,,,
2025-09-09,六盘水市,二级焦,1815.00,出厂价,"A13.5S0.6 CSR65-68,干基",1631,2025-09-09 00:00:00,1,0,2025-09-09 23:17:06,0,2025-09-09 23:17:06,,,
2025-09-10,六盘水市,二级焦,1865.00,出厂价,"A13.5S0.6 CSR65-68,干基",1632,2025-09-10 00:00:00,1,0,2025-09-10 23:17:06,0,2025-09-10 23:17:06,,,
2025-09-11,六盘水市,二级焦,1865.00,出厂价,"A13.5S0.6 CSR65-68,干基",1633,2025-09-11 00:00:00,1,0,2025-09-11 23:17:29,0,2025-09-11 23:17:29,,,
2025-09-12,六盘水市,二级焦,1865.00,出厂价,"A13.5S0.6 CSR65-68,干基",1634,2025-09-12 00:00:00,1,0,2025-09-12 23:18:18,0,2025-09-12 23:18:18,,,
2025-09-15,六盘水市,二级焦,1865.00,出厂价,"A13.5S0.6 CSR65-68,干基",1635,2025-09-15 00:00:00,1,0,2025-09-15 23:26:53,0,2025-09-15 23:26:53,,,
2025-09-16,六盘水市,二级焦,1865.00,出厂价,"A13.5S0.6 CSR65-68,干基",1636,2025-09-16 00:00:00,1,0,2025-09-16 23:16:45,0,2025-09-16 23:16:45,,,
2025-09-17,六盘水市,二级焦,1865.00,出厂价,"A13.5S0.6 CSR65-68,干基",1637,2025-09-17 00:00:00,1,0,2025-09-17 23:18:01,0,2025-09-17 23:18:01,,,
