时间,数据名称,价格类型,本期价格(元/吨),环比增幅(%),_ID,_DATA_TIME,_ACTIVE,_CREATE_ID,_CREATE_TIME,_UPDATE_ID,_UPDATE_TIME,_REMARK,_CHANGE_LOG,_RESERVE
2024-07-19,铁矿石,收盘价,804.50,-0.86%,1,2024-07-19 00:00:00,1,0,2024-07-20 12:24:39,0,2024-07-20 12:24:39,,,
2024-07-19,铁矿石,结算价,801.00,-0.62%,2,2024-07-19 00:00:00,1,0,2024-07-20 12:24:39,0,2024-07-20 12:24:39,,,
2024-07-18,铁矿石,收盘价,811.50,0.81%,3,2024-07-18 00:00:00,1,0,2024-07-20 12:24:39,0,2024-07-20 12:24:39,,,
2024-07-18,铁矿石,结算价,806.00,-1.59%,4,2024-07-18 00:00:00,1,0,2024-07-20 12:24:39,0,2024-07-20 12:24:39,,,
2024-07-17,铁矿石,收盘价,805.00,-2.31%,5,2024-07-17 00:00:00,1,0,2024-07-20 12:24:39,0,2024-07-20 12:24:39,,,
2024-07-17,铁矿石,结算价,819.00,-0.97%,6,2024-07-17 00:00:00,1,0,2024-07-20 12:24:39,0,2024-07-20 12:24:39,,,
2024-07-16,铁矿石,收盘价,824.00,-1.2%,7,2024-07-16 00:00:00,1,0,2024-07-20 12:24:39,0,2024-07-20 12:24:39,,,
2024-07-16,铁矿石,结算价,827.00,-0.6%,8,2024-07-16 00:00:00,1,0,2024-07-20 12:24:39,0,2024-07-20 12:24:39,,,
2024-07-15,铁矿石,收盘价,834.00,0.85%,9,2024-07-15 00:00:00,1,0,2024-07-20 12:24:39,0,2024-07-20 12:24:39,,,
2024-07-15,铁矿石,结算价,832.00,0.79%,10,2024-07-15 00:00:00,1,0,2024-07-20 12:24:39,0,2024-07-20 12:24:39,,,
2024-07-12,铁矿石,收盘价,827.00,-0.12%,11,2024-07-12 00:00:00,1,0,2024-07-20 12:24:39,0,2024-07-20 12:24:39,,,
2024-07-12,铁矿石,结算价,825.50,0.12%,12,2024-07-12 00:00:00,1,0,2024-07-20 12:24:39,0,2024-07-20 12:24:39,,,
2024-07-11,铁矿石,收盘价,828.00,1.85%,13,2024-07-11 00:00:00,1,0,2024-07-20 12:24:39,0,2024-07-20 12:24:39,,,
2024-07-11,铁矿石,结算价,824.50,0.37%,14,2024-07-11 00:00:00,1,0,2024-07-20 12:24:39,0,2024-07-20 12:24:39,,,
2024-07-10,铁矿石,收盘价,813.00,-2.52%,15,2024-07-10 00:00:00,1,0,2024-07-20 12:24:39,0,2024-07-20 12:24:39,,,
2024-07-10,铁矿石,结算价,821.50,-0.79%,16,2024-07-10 00:00:00,1,0,2024-07-20 12:24:39,0,2024-07-20 12:24:39,,,
2024-07-09,铁矿石,收盘价,834.00,1.03%,17,2024-07-09 00:00:00,1,0,2024-07-20 12:24:39,0,2024-07-20 12:24:39,,,
2024-07-09,铁矿石,结算价,828.00,-1.19%,18,2024-07-09 00:00:00,1,0,2024-07-20 12:24:39,0,2024-07-20 12:24:39,,,
2024-07-08,铁矿石,收盘价,825.50,-2.37%,19,2024-07-08 00:00:00,1,0,2024-07-20 12:24:39,0,2024-07-20 12:24:39,,,
2024-07-08,铁矿石,结算价,838.00,-1.87%,20,2024-07-08 00:00:00,1,0,2024-07-20 12:24:39,0,2024-07-20 12:24:39,,,
2024-07-05,铁矿石,收盘价,845.50,-2.2%,21,2024-07-05 00:00:00,1,0,2024-07-20 12:24:39,0,2024-07-20 12:24:39,,,
2024-07-05,铁矿石,结算价,854.00,-1.04%,22,2024-07-05 00:00:00,1,0,2024-07-20 12:24:39,0,2024-07-20 12:24:39,,,
2024-07-04,铁矿石,收盘价,864.50,0.06%,23,2024-07-04 00:00:00,1,0,2024-07-20 12:24:39,0,2024-07-20 12:24:39,,,
2024-07-04,铁矿石,结算价,863.00,1.59%,24,2024-07-04 00:00:00,1,0,2024-07-20 12:24:39,0,2024-07-20 12:24:39,,,
2024-07-03,铁矿石,收盘价,864.00,2.49%,25,2024-07-03 00:00:00,1,0,2024-07-20 12:24:39,0,2024-07-20 12:24:39,,,
2024-07-03,铁矿石,结算价,849.50,0.83%,26,2024-07-03 00:00:00,1,0,2024-07-20 12:24:39,0,2024-07-20 12:24:39,,,
2024-07-02,铁矿石,收盘价,843.00,0.36%,27,2024-07-02 00:00:00,1,0,2024-07-20 12:24:39,0,2024-07-20 12:24:39,,,
2024-07-02,铁矿石,结算价,842.50,1.38%,28,2024-07-02 00:00:00,1,0,2024-07-20 12:24:39,0,2024-07-20 12:24:39,,,
2024-07-01,铁矿石,收盘价,840.00,1.82%,29,2024-07-01 00:00:00,1,0,2024-07-20 12:24:39,0,2024-07-20 12:24:39,,,
2024-07-01,铁矿石,结算价,831.00,1.4%,30,2024-07-01 00:00:00,1,0,2024-07-20 12:24:39,0,2024-07-20 12:24:39,,,
2024-06-28,铁矿石,收盘价,825.00,0.73%,31,2024-06-28 00:00:00,1,0,2024-07-20 12:24:42,0,2024-07-20 12:24:42,,,
2024-06-28,铁矿石,结算价,819.50,-0.49%,32,2024-06-28 00:00:00,1,0,2024-07-20 12:24:42,0,2024-07-20 12:24:42,,,
2024-06-27,铁矿石,收盘价,819.00,-0.85%,33,2024-06-27 00:00:00,1,0,2024-07-20 12:24:42,0,2024-07-20 12:24:42,,,
2024-06-27,铁矿石,结算价,823.50,1.79%,34,2024-06-27 00:00:00,1,0,2024-07-20 12:24:42,0,2024-07-20 12:24:42,,,
2024-06-26,铁矿石,收盘价,826.00,3.12%,35,2024-06-26 00:00:00,1,0,2024-07-20 12:24:42,0,2024-07-20 12:24:42,,,
2024-06-26,铁矿石,结算价,809.00,1.25%,36,2024-06-26 00:00:00,1,0,2024-07-20 12:24:42,0,2024-07-20 12:24:42,,,
2024-06-25,铁矿石,收盘价,801.00,0.69%,37,2024-06-25 00:00:00,1,0,2024-07-20 12:24:42,0,2024-07-20 12:24:42,,,
2024-06-25,铁矿石,结算价,799.00,-0.25%,38,2024-06-25 00:00:00,1,0,2024-07-20 12:24:42,0,2024-07-20 12:24:42,,,
2024-06-24,铁矿石,收盘价,795.50,-1.97%,39,2024-06-24 00:00:00,1,0,2024-07-20 12:24:42,0,2024-07-20 12:24:42,,,
2024-06-24,铁矿石,结算价,801.00,-2.44%,40,2024-06-24 00:00:00,1,0,2024-07-20 12:24:42,0,2024-07-20 12:24:42,,,
2024-06-21,铁矿石,收盘价,811.50,-1.58%,41,2024-06-21 00:00:00,1,0,2024-07-20 12:24:42,0,2024-07-20 12:24:42,,,
2024-06-21,铁矿石,结算价,821.00,-0.55%,42,2024-06-21 00:00:00,1,0,2024-07-20 12:24:42,0,2024-07-20 12:24:42,,,
2024-06-20,铁矿石,收盘价,824.50,0.06%,43,2024-06-20 00:00:00,1,0,2024-07-20 12:24:42,0,2024-07-20 12:24:42,,,
2024-06-20,铁矿石,结算价,825.50,-0.24%,44,2024-06-20 00:00:00,1,0,2024-07-20 12:24:42,0,2024-07-20 12:24:42,,,
2024-06-19,铁矿石,收盘价,824.00,0.43%,45,2024-06-19 00:00:00,1,0,2024-07-20 12:24:42,0,2024-07-20 12:24:42,,,
2024-06-19,铁矿石,结算价,827.50,0.06%,46,2024-06-19 00:00:00,1,0,2024-07-20 12:24:42,0,2024-07-20 12:24:42,,,
2024-06-18,铁矿石,收盘价,820.50,0.92%,47,2024-06-18 00:00:00,1,0,2024-07-20 12:24:42,0,2024-07-20 12:24:42,,,
2024-06-18,铁矿石,结算价,827.00,1.04%,48,2024-06-18 00:00:00,1,0,2024-07-20 12:24:42,0,2024-07-20 12:24:42,,,
2024-06-17,铁矿石,收盘价,813.00,-1.75%,49,2024-06-17 00:00:00,1,0,2024-07-20 12:24:42,0,2024-07-20 12:24:42,,,
2024-06-17,铁矿石,结算价,818.50,-0.97%,50,2024-06-17 00:00:00,1,0,2024-07-20 12:24:42,0,2024-07-20 12:24:42,,,
2024-06-14,铁矿石,收盘价,827.50,1.29%,51,2024-06-14 00:00:00,1,0,2024-07-20 12:24:42,0,2024-07-20 12:24:42,,,
2024-06-14,铁矿石,结算价,826.50,1.85%,52,2024-06-14 00:00:00,1,0,2024-07-20 12:24:42,0,2024-07-20 12:24:42,,,
2024-06-13,铁矿石,收盘价,817.00,0.8%,53,2024-06-13 00:00:00,1,0,2024-07-20 12:24:42,0,2024-07-20 12:24:42,,,
2024-06-13,铁矿石,结算价,811.50,0.25%,54,2024-06-13 00:00:00,1,0,2024-07-20 12:24:42,0,2024-07-20 12:24:42,,,
2024-06-12,铁矿石,收盘价,810.50,0.56%,55,2024-06-12 00:00:00,1,0,2024-07-20 12:24:42,0,2024-07-20 12:24:42,,,
2024-06-12,铁矿石,结算价,809.50,-1.04%,56,2024-06-12 00:00:00,1,0,2024-07-20 12:24:42,0,2024-07-20 12:24:42,,,
2024-06-11,铁矿石,收盘价,806.00,-3.99%,57,2024-06-11 00:00:00,1,0,2024-07-20 12:24:42,0,2024-07-20 12:24:42,,,
2024-06-11,铁矿石,结算价,818.00,-2.73%,58,2024-06-11 00:00:00,1,0,2024-07-20 12:24:42,0,2024-07-20 12:24:42,,,
2024-06-07,铁矿石,收盘价,839.50,0.%,59,2024-06-07 00:00:00,1,0,2024-07-20 12:24:42,0,2024-07-20 12:24:42,,,
2024-06-07,铁矿石,结算价,841.00,0.9%,60,2024-06-07 00:00:00,1,0,2024-07-20 12:24:42,0,2024-07-20 12:24:42,,,
2024-06-06,铁矿石,收盘价,839.50,1.76%,61,2024-06-06 00:00:00,1,0,2024-07-20 12:24:44,0,2024-07-20 12:24:44,,,
2024-06-06,铁矿石,结算价,833.50,0.24%,62,2024-06-06 00:00:00,1,0,2024-07-20 12:24:44,0,2024-07-20 12:24:44,,,
2024-06-05,铁矿石,收盘价,825.00,-1.08%,63,2024-06-05 00:00:00,1,0,2024-07-20 12:24:44,0,2024-07-20 12:24:44,,,
2024-06-05,铁矿石,结算价,831.50,-1.07%,64,2024-06-05 00:00:00,1,0,2024-07-20 12:24:44,0,2024-07-20 12:24:44,,,
2024-06-04,铁矿石,收盘价,834.00,-1.13%,65,2024-06-04 00:00:00,1,0,2024-07-20 12:24:44,0,2024-07-20 12:24:44,,,
2024-06-04,铁矿石,结算价,840.50,-1.35%,66,2024-06-04 00:00:00,1,0,2024-07-20 12:24:44,0,2024-07-20 12:24:44,,,
2024-06-03,铁矿石,收盘价,843.50,-2.49%,67,2024-06-03 00:00:00,1,0,2024-07-20 12:24:44,0,2024-07-20 12:24:44,,,
2024-06-03,铁矿石,结算价,852.00,-1.67%,68,2024-06-03 00:00:00,1,0,2024-07-20 12:24:44,0,2024-07-20 12:24:44,,,
2024-05-31,铁矿石,收盘价,865.00,0.%,69,2024-05-31 00:00:00,1,0,2024-07-20 12:24:44,0,2024-07-20 12:24:44,,,
2024-05-31,铁矿石,结算价,866.50,-1.53%,70,2024-05-31 00:00:00,1,0,2024-07-20 12:24:44,0,2024-07-20 12:24:44,,,
2024-05-30,铁矿石,收盘价,865.00,-2.92%,71,2024-05-30 00:00:00,1,0,2024-07-20 12:24:44,0,2024-07-20 12:24:44,,,
2024-05-30,铁矿石,结算价,880.00,-0.68%,72,2024-05-30 00:00:00,1,0,2024-07-20 12:24:44,0,2024-07-20 12:24:44,,,
2024-05-29,铁矿石,收盘价,891.00,0.96%,73,2024-05-29 00:00:00,1,0,2024-07-20 12:24:44,0,2024-07-20 12:24:44,,,
2024-05-29,铁矿石,结算价,886.00,-1.66%,74,2024-05-29 00:00:00,1,0,2024-07-20 12:24:44,0,2024-07-20 12:24:44,,,
2024-05-28,铁矿石,收盘价,882.50,-1.84%,75,2024-05-28 00:00:00,1,0,2024-07-20 12:24:44,0,2024-07-20 12:24:44,,,
2024-05-28,铁矿石,结算价,901.00,-0.06%,76,2024-05-28 00:00:00,1,0,2024-07-20 12:24:44,0,2024-07-20 12:24:44,,,
2024-05-27,铁矿石,收盘价,899.00,-0.99%,77,2024-05-27 00:00:00,1,0,2024-07-20 12:24:44,0,2024-07-20 12:24:44,,,
2024-05-27,铁矿石,结算价,901.50,-0.83%,78,2024-05-27 00:00:00,1,0,2024-07-20 12:24:44,0,2024-07-20 12:24:44,,,
2024-05-24,铁矿石,收盘价,908.00,0.17%,79,2024-05-24 00:00:00,1,0,2024-07-20 12:24:44,0,2024-07-20 12:24:44,,,
2024-05-24,铁矿石,结算价,909.00,-0.33%,80,2024-05-24 00:00:00,1,0,2024-07-20 12:24:44,0,2024-07-20 12:24:44,,,
2024-05-23,铁矿石,收盘价,906.50,-1.57%,81,2024-05-23 00:00:00,1,0,2024-07-20 12:24:44,0,2024-07-20 12:24:44,,,
2024-05-23,铁矿石,结算价,912.00,-0.49%,82,2024-05-23 00:00:00,1,0,2024-07-20 12:24:44,0,2024-07-20 12:24:44,,,
2024-05-22,铁矿石,收盘价,921.00,1.43%,83,2024-05-22 00:00:00,1,0,2024-07-20 12:24:44,0,2024-07-20 12:24:44,,,
2024-05-22,铁矿石,结算价,916.50,2.23%,84,2024-05-22 00:00:00,1,0,2024-07-20 12:24:44,0,2024-07-20 12:24:44,,,
2024-05-21,铁矿石,收盘价,908.00,1.51%,85,2024-05-21 00:00:00,1,0,2024-07-20 12:24:44,0,2024-07-20 12:24:44,,,
2024-05-21,铁矿石,结算价,896.50,0.39%,86,2024-05-21 00:00:00,1,0,2024-07-20 12:24:44,0,2024-07-20 12:24:44,,,
2024-05-20,铁矿石,收盘价,894.50,0.34%,87,2024-05-20 00:00:00,1,0,2024-07-20 12:24:44,0,2024-07-20 12:24:44,,,
2024-05-20,铁矿石,结算价,893.00,0.9%,88,2024-05-20 00:00:00,1,0,2024-07-20 12:24:44,0,2024-07-20 12:24:44,,,
2024-05-17,铁矿石,收盘价,891.50,1.19%,89,2024-05-17 00:00:00,1,0,2024-07-20 12:24:44,0,2024-07-20 12:24:44,,,
2024-05-17,铁矿石,结算价,885.00,1.43%,90,2024-05-17 00:00:00,1,0,2024-07-20 12:24:44,0,2024-07-20 12:24:44,,,
2024-05-16,铁矿石,收盘价,881.00,2.68%,91,2024-05-16 00:00:00,1,0,2024-07-20 12:24:47,0,2024-07-20 12:24:47,,,
2024-05-16,铁矿石,结算价,872.50,1.57%,92,2024-05-16 00:00:00,1,0,2024-07-20 12:24:47,0,2024-07-20 12:24:47,,,
2024-05-15,铁矿石,收盘价,858.00,-0.87%,93,2024-05-15 00:00:00,1,0,2024-07-20 12:24:47,0,2024-07-20 12:24:47,,,
2024-05-15,铁矿石,结算价,859.00,-1.43%,94,2024-05-15 00:00:00,1,0,2024-07-20 12:24:47,0,2024-07-20 12:24:47,,,
2024-05-14,铁矿石,收盘价,865.50,-2.53%,95,2024-05-14 00:00:00,1,0,2024-07-20 12:24:47,0,2024-07-20 12:24:47,,,
2024-05-14,铁矿石,结算价,871.50,-0.06%,96,2024-05-14 00:00:00,1,0,2024-07-20 12:24:47,0,2024-07-20 12:24:47,,,
2024-05-13,铁矿石,收盘价,888.00,1.66%,97,2024-05-13 00:00:00,1,0,2024-07-20 12:24:47,0,2024-07-20 12:24:47,,,
2024-05-13,铁矿石,结算价,872.00,0.58%,98,2024-05-13 00:00:00,1,0,2024-07-20 12:24:47,0,2024-07-20 12:24:47,,,
2024-05-10,铁矿石,收盘价,873.50,0.92%,99,2024-05-10 00:00:00,1,0,2024-07-20 12:24:47,0,2024-07-20 12:24:47,,,
2024-05-10,铁矿石,结算价,867.00,-0.4%,100,2024-05-10 00:00:00,1,0,2024-07-20 12:24:47,0,2024-07-20 12:24:47,,,
2024-05-09,铁矿石,收盘价,865.50,-0.06%,101,2024-05-09 00:00:00,1,0,2024-07-20 12:24:47,0,2024-07-20 12:24:47,,,
2024-05-09,铁矿石,结算价,870.50,-1.08%,102,2024-05-09 00:00:00,1,0,2024-07-20 12:24:47,0,2024-07-20 12:24:47,,,
2024-05-08,铁矿石,收盘价,866.00,-2.31%,103,2024-05-08 00:00:00,1,0,2024-07-20 12:24:47,0,2024-07-20 12:24:47,,,
2024-05-08,铁矿石,结算价,880.00,-1.35%,104,2024-05-08 00:00:00,1,0,2024-07-20 12:24:47,0,2024-07-20 12:24:47,,,
2024-05-07,铁矿石,收盘价,886.50,-1.06%,105,2024-05-07 00:00:00,1,0,2024-07-20 12:24:47,0,2024-07-20 12:24:47,,,
2024-05-07,铁矿石,结算价,892.00,0.56%,106,2024-05-07 00:00:00,1,0,2024-07-20 12:24:47,0,2024-07-20 12:24:47,,,
2024-05-06,铁矿石,收盘价,896.00,2.52%,107,2024-05-06 00:00:00,1,0,2024-07-20 12:24:47,0,2024-07-20 12:24:47,,,
2024-05-06,铁矿石,结算价,887.00,1.6%,108,2024-05-06 00:00:00,1,0,2024-07-20 12:24:47,0,2024-07-20 12:24:47,,,
2024-04-30,铁矿石,收盘价,874.00,-0.06%,109,2024-04-30 00:00:00,1,0,2024-07-20 12:24:47,0,2024-07-20 12:24:47,,,
2024-04-30,铁矿石,结算价,873.00,-0.17%,110,2024-04-30 00:00:00,1,0,2024-07-20 12:24:47,0,2024-07-20 12:24:47,,,
2024-04-29,铁矿石,收盘价,874.50,-1.13%,111,2024-04-29 00:00:00,1,0,2024-07-20 12:24:47,0,2024-07-20 12:24:47,,,
2024-04-29,铁矿石,结算价,874.50,-0.51%,112,2024-04-29 00:00:00,1,0,2024-07-20 12:24:47,0,2024-07-20 12:24:47,,,
2024-04-26,铁矿石,收盘价,884.50,0.57%,113,2024-04-26 00:00:00,1,0,2024-07-20 12:24:47,0,2024-07-20 12:24:47,,,
2024-04-26,铁矿石,结算价,879.00,-0.57%,114,2024-04-26 00:00:00,1,0,2024-07-20 12:24:47,0,2024-07-20 12:24:47,,,
2024-04-25,铁矿石,收盘价,879.50,-0.96%,115,2024-04-25 00:00:00,1,0,2024-07-20 12:24:47,0,2024-07-20 12:24:47,,,
2024-04-25,铁矿石,结算价,884.00,1.55%,116,2024-04-25 00:00:00,1,0,2024-07-20 12:24:47,0,2024-07-20 12:24:47,,,
2024-04-24,铁矿石,收盘价,888.00,4.59%,117,2024-04-24 00:00:00,1,0,2024-07-20 12:24:47,0,2024-07-20 12:24:47,,,
2024-04-24,铁矿石,结算价,870.50,1.04%,118,2024-04-24 00:00:00,1,0,2024-07-20 12:24:47,0,2024-07-20 12:24:47,,,
2024-04-23,铁矿石,收盘价,849.00,-2.02%,119,2024-04-23 00:00:00,1,0,2024-07-20 12:24:47,0,2024-07-20 12:24:47,,,
2024-04-23,铁矿石,结算价,861.50,-0.46%,120,2024-04-23 00:00:00,1,0,2024-07-20 12:24:47,0,2024-07-20 12:24:47,,,
2024-04-22,铁矿石,收盘价,866.50,-0.52%,121,2024-04-22 00:00:00,1,0,2024-07-20 12:24:50,0,2024-07-20 12:24:50,,,
2024-04-22,铁矿石,结算价,865.50,-0.17%,122,2024-04-22 00:00:00,1,0,2024-07-20 12:24:50,0,2024-07-20 12:24:50,,,
2024-04-19,铁矿石,收盘价,871.00,-0.34%,123,2024-04-19 00:00:00,1,0,2024-07-20 12:24:50,0,2024-07-20 12:24:50,,,
2024-04-19,铁矿石,结算价,867.00,-0.8%,124,2024-04-19 00:00:00,1,0,2024-07-20 12:24:50,0,2024-07-20 12:24:50,,,
2024-04-18,铁矿石,收盘价,874.00,0.46%,125,2024-04-18 00:00:00,1,0,2024-07-20 12:24:50,0,2024-07-20 12:24:50,,,
2024-04-18,铁矿石,结算价,874.00,3.07%,126,2024-04-18 00:00:00,1,0,2024-07-20 12:24:50,0,2024-07-20 12:24:50,,,
2024-04-17,铁矿石,收盘价,870.00,5.33%,127,2024-04-17 00:00:00,1,0,2024-07-20 12:24:50,0,2024-07-20 12:24:50,,,
2024-04-17,铁矿石,结算价,848.00,1.62%,128,2024-04-17 00:00:00,1,0,2024-07-20 12:24:50,0,2024-07-20 12:24:50,,,
2024-04-16,铁矿石,收盘价,826.00,-2.31%,129,2024-04-16 00:00:00,1,0,2024-07-20 12:24:50,0,2024-07-20 12:24:50,,,
2024-04-16,铁矿石,结算价,834.50,-0.48%,130,2024-04-16 00:00:00,1,0,2024-07-20 12:24:50,0,2024-07-20 12:24:50,,,
2024-04-15,铁矿石,收盘价,845.50,0.24%,131,2024-04-15 00:00:00,1,0,2024-07-20 12:24:50,0,2024-07-20 12:24:50,,,
2024-04-15,铁矿石,结算价,838.50,1.33%,132,2024-04-15 00:00:00,1,0,2024-07-20 12:24:50,0,2024-07-20 12:24:50,,,
2024-04-12,铁矿石,收盘价,843.50,2.12%,133,2024-04-12 00:00:00,1,0,2024-07-20 12:24:50,0,2024-07-20 12:24:50,,,
2024-04-12,铁矿石,结算价,827.50,1.16%,134,2024-04-12 00:00:00,1,0,2024-07-20 12:24:50,0,2024-07-20 12:24:50,,,
2024-04-11,铁矿石,收盘价,826.00,1.54%,135,2024-04-11 00:00:00,1,0,2024-07-20 12:24:50,0,2024-07-20 12:24:50,,,
2024-04-11,铁矿石,结算价,818.00,0.31%,136,2024-04-11 00:00:00,1,0,2024-07-20 12:24:50,0,2024-07-20 12:24:50,,,
2024-04-10,铁矿石,收盘价,813.50,-0.25%,137,2024-04-10 00:00:00,1,0,2024-07-20 12:24:50,0,2024-07-20 12:24:50,,,
2024-04-10,铁矿石,结算价,815.50,1.68%,138,2024-04-10 00:00:00,1,0,2024-07-20 12:24:50,0,2024-07-20 12:24:50,,,
2024-04-09,铁矿石,收盘价,815.50,3.03%,139,2024-04-09 00:00:00,1,0,2024-07-20 12:24:50,0,2024-07-20 12:24:50,,,
2024-04-09,铁矿石,结算价,802.00,3.89%,140,2024-04-09 00:00:00,1,0,2024-07-20 12:24:50,0,2024-07-20 12:24:50,,,
2024-04-08,铁矿石,收盘价,791.50,5.67%,141,2024-04-08 00:00:00,1,0,2024-07-20 12:24:50,0,2024-07-20 12:24:50,,,
2024-04-08,铁矿石,结算价,772.00,0.65%,142,2024-04-08 00:00:00,1,0,2024-07-20 12:24:50,0,2024-07-20 12:24:50,,,
2024-04-03,铁矿石,收盘价,749.00,-2.47%,143,2024-04-03 00:00:00,1,0,2024-07-20 12:24:50,0,2024-07-20 12:24:50,,,
2024-04-03,铁矿石,结算价,767.00,-0.2%,144,2024-04-03 00:00:00,1,0,2024-07-20 12:24:50,0,2024-07-20 12:24:50,,,
2024-04-02,铁矿石,收盘价,768.00,0.%,145,2024-04-02 00:00:00,1,0,2024-07-20 12:24:50,0,2024-07-20 12:24:50,,,
2024-04-02,铁矿石,结算价,768.50,3.15%,146,2024-04-02 00:00:00,1,0,2024-07-20 12:24:50,0,2024-07-20 12:24:50,,,
2024-04-01,铁矿石,收盘价,768.00,3.78%,147,2024-04-01 00:00:00,1,0,2024-07-20 12:24:50,0,2024-07-20 12:24:50,,,
2024-04-01,铁矿石,结算价,745.00,-0.47%,148,2024-04-01 00:00:00,1,0,2024-07-20 12:24:50,0,2024-07-20 12:24:50,,,
2024-03-29,铁矿石,收盘价,740.00,-2.37%,149,2024-03-29 00:00:00,1,0,2024-07-20 12:24:50,0,2024-07-20 12:24:50,,,
2024-03-29,铁矿石,结算价,748.50,-1.32%,150,2024-03-29 00:00:00,1,0,2024-07-20 12:24:50,0,2024-07-20 12:24:50,,,
2024-03-28,铁矿石,收盘价,758.00,0.%,151,2024-03-28 00:00:00,1,0,2024-07-20 12:24:53,0,2024-07-20 12:24:53,,,
2024-03-28,铁矿石,结算价,758.50,-0.78%,152,2024-03-28 00:00:00,1,0,2024-07-20 12:24:53,0,2024-07-20 12:24:53,,,
2024-03-27,铁矿石,收盘价,758.00,-6.94%,153,2024-03-27 00:00:00,1,0,2024-07-20 12:24:53,0,2024-07-20 12:24:53,,,
2024-03-27,铁矿石,结算价,764.50,-8.44%,154,2024-03-27 00:00:00,1,0,2024-07-20 12:24:53,0,2024-07-20 12:24:53,,,
2024-03-26,铁矿石,收盘价,814.50,-3.27%,155,2024-03-26 00:00:00,1,0,2024-07-20 12:24:53,0,2024-07-20 12:24:53,,,
2024-03-26,铁矿石,结算价,835.00,-1.3%,156,2024-03-26 00:00:00,1,0,2024-07-20 12:24:53,0,2024-07-20 12:24:53,,,
2024-03-25,铁矿石,收盘价,842.00,-0.24%,157,2024-03-25 00:00:00,1,0,2024-07-20 12:24:53,0,2024-07-20 12:24:53,,,
2024-03-25,铁矿石,结算价,846.00,0.77%,158,2024-03-25 00:00:00,1,0,2024-07-20 12:24:53,0,2024-07-20 12:24:53,,,
2024-03-22,铁矿石,收盘价,844.00,-0.65%,159,2024-03-22 00:00:00,1,0,2024-07-20 12:24:53,0,2024-07-20 12:24:53,,,
2024-03-22,铁矿石,结算价,839.50,0.96%,160,2024-03-22 00:00:00,1,0,2024-07-20 12:24:53,0,2024-07-20 12:24:53,,,
2024-03-21,铁矿石,收盘价,849.50,3.16%,161,2024-03-21 00:00:00,1,0,2024-07-20 12:24:53,0,2024-07-20 12:24:53,,,
2024-03-21,铁矿石,结算价,831.50,0.54%,162,2024-03-21 00:00:00,1,0,2024-07-20 12:24:53,0,2024-07-20 12:24:53,,,
2024-03-20,铁矿石,收盘价,823.50,-0.42%,163,2024-03-20 00:00:00,1,0,2024-07-20 12:24:53,0,2024-07-20 12:24:53,,,
2024-03-20,铁矿石,结算价,827.00,1.66%,164,2024-03-20 00:00:00,1,0,2024-07-20 12:24:53,0,2024-07-20 12:24:53,,,
2024-03-19,铁矿石,收盘价,827.00,2.99%,165,2024-03-19 00:00:00,1,0,2024-07-20 12:24:53,0,2024-07-20 12:24:53,,,
2024-03-19,铁矿石,结算价,813.50,3.63%,166,2024-03-19 00:00:00,1,0,2024-07-20 12:24:53,0,2024-07-20 12:24:53,,,
2024-03-18,铁矿石,收盘价,803.00,2.75%,167,2024-03-18 00:00:00,1,0,2024-07-20 12:24:53,0,2024-07-20 12:24:53,,,
2024-03-18,铁矿石,结算价,785.00,-1.32%,168,2024-03-18 00:00:00,1,0,2024-07-20 12:24:53,0,2024-07-20 12:24:53,,,
2024-03-15,铁矿石,收盘价,781.50,-2.07%,169,2024-03-15 00:00:00,1,0,2024-07-20 12:24:53,0,2024-07-20 12:24:53,,,
2024-03-15,铁矿石,结算价,795.50,-1.73%,170,2024-03-15 00:00:00,1,0,2024-07-20 12:24:53,0,2024-07-20 12:24:53,,,
2024-03-14,铁矿石,收盘价,798.00,-1.18%,171,2024-03-14 00:00:00,1,0,2024-07-20 12:24:53,0,2024-07-20 12:24:53,,,
2024-03-14,铁矿石,结算价,809.50,-1.22%,172,2024-03-14 00:00:00,1,0,2024-07-20 12:24:53,0,2024-07-20 12:24:53,,,
2024-03-13,铁矿石,收盘价,807.50,-2.89%,173,2024-03-13 00:00:00,1,0,2024-07-20 12:24:53,0,2024-07-20 12:24:53,,,
2024-03-13,铁矿石,结算价,819.50,-1.09%,174,2024-03-13 00:00:00,1,0,2024-07-20 12:24:53,0,2024-07-20 12:24:53,,,
2024-03-12,铁矿石,收盘价,831.50,0.06%,175,2024-03-12 00:00:00,1,0,2024-07-20 12:24:53,0,2024-07-20 12:24:53,,,
2024-03-12,铁矿石,结算价,828.50,-2.59%,176,2024-03-12 00:00:00,1,0,2024-07-20 12:24:53,0,2024-07-20 12:24:53,,,
2024-03-11,铁矿石,收盘价,831.00,-5.25%,177,2024-03-11 00:00:00,1,0,2024-07-20 12:24:53,0,2024-07-20 12:24:53,,,
2024-03-11,铁矿石,结算价,850.50,-3.19%,178,2024-03-11 00:00:00,1,0,2024-07-20 12:24:53,0,2024-07-20 12:24:53,,,
2024-03-08,铁矿石,收盘价,877.00,-1.46%,179,2024-03-08 00:00:00,1,0,2024-07-20 12:24:53,0,2024-07-20 12:24:53,,,
2024-03-08,铁矿石,结算价,878.50,-0.96%,180,2024-03-08 00:00:00,1,0,2024-07-20 12:24:53,0,2024-07-20 12:24:53,,,
2024-03-07,铁矿石,收盘价,890.00,0.96%,181,2024-03-07 00:00:00,1,0,2024-07-20 12:24:56,0,2024-07-20 12:24:56,,,
2024-03-07,铁矿石,结算价,887.00,1.49%,182,2024-03-07 00:00:00,1,0,2024-07-20 12:24:56,0,2024-07-20 12:24:56,,,
2024-03-06,铁矿石,收盘价,881.50,0.23%,183,2024-03-06 00:00:00,1,0,2024-07-20 12:24:56,0,2024-07-20 12:24:56,,,
2024-03-06,铁矿石,结算价,874.00,-1.08%,184,2024-03-06 00:00:00,1,0,2024-07-20 12:24:56,0,2024-07-20 12:24:56,,,
2024-03-05,铁矿石,收盘价,879.50,-1.18%,185,2024-03-05 00:00:00,1,0,2024-07-20 12:24:56,0,2024-07-20 12:24:56,,,
2024-03-05,铁矿石,结算价,883.50,1.14%,186,2024-03-05 00:00:00,1,0,2024-07-20 12:24:56,0,2024-07-20 12:24:56,,,
2024-03-04,铁矿石,收盘价,890.00,2.12%,187,2024-03-04 00:00:00,1,0,2024-07-20 12:24:56,0,2024-07-20 12:24:56,,,
2024-03-04,铁矿石,结算价,873.50,-1.96%,188,2024-03-04 00:00:00,1,0,2024-07-20 12:24:56,0,2024-07-20 12:24:56,,,
2024-03-01,铁矿石,收盘价,871.50,-2.3%,189,2024-03-01 00:00:00,1,0,2024-07-20 12:24:56,0,2024-07-20 12:24:56,,,
2024-03-01,铁矿石,结算价,891.00,0.45%,190,2024-03-01 00:00:00,1,0,2024-07-20 12:24:56,0,2024-07-20 12:24:56,,,
2024-02-29,铁矿石,收盘价,892.00,0.34%,191,2024-02-29 00:00:00,1,0,2024-07-20 12:24:56,0,2024-07-20 12:24:56,,,
2024-02-29,铁矿石,结算价,887.00,-0.73%,192,2024-02-29 00:00:00,1,0,2024-07-20 12:24:56,0,2024-07-20 12:24:56,,,
2024-02-28,铁矿石,收盘价,889.00,-0.95%,193,2024-02-28 00:00:00,1,0,2024-07-20 12:24:56,0,2024-07-20 12:24:56,,,
2024-02-28,铁矿石,结算价,893.50,1.59%,194,2024-02-28 00:00:00,1,0,2024-07-20 12:24:56,0,2024-07-20 12:24:56,,,
2024-02-27,铁矿石,收盘价,897.50,2.57%,195,2024-02-27 00:00:00,1,0,2024-07-20 12:24:56,0,2024-07-20 12:24:56,,,
2024-02-27,铁矿石,结算价,879.50,-0.79%,196,2024-02-27 00:00:00,1,0,2024-07-20 12:24:56,0,2024-07-20 12:24:56,,,
2024-02-26,铁矿石,收盘价,875.00,-2.67%,197,2024-02-26 00:00:00,1,0,2024-07-20 12:24:56,0,2024-07-20 12:24:56,,,
2024-02-26,铁矿石,结算价,886.50,-1.94%,198,2024-02-26 00:00:00,1,0,2024-07-20 12:24:56,0,2024-07-20 12:24:56,,,
2024-02-23,铁矿石,收盘价,899.00,0.62%,199,2024-02-23 00:00:00,1,0,2024-07-20 12:24:56,0,2024-07-20 12:24:56,,,
2024-02-23,铁矿石,结算价,904.00,1.01%,200,2024-02-23 00:00:00,1,0,2024-07-20 12:24:56,0,2024-07-20 12:24:56,,,
2024-02-22,铁矿石,收盘价,893.50,0.06%,201,2024-02-22 00:00:00,1,0,2024-07-20 12:24:56,0,2024-07-20 12:24:56,,,
2024-02-22,铁矿石,结算价,895.00,-1.32%,202,2024-02-22 00:00:00,1,0,2024-07-20 12:24:56,0,2024-07-20 12:24:56,,,
2024-02-21,铁矿石,收盘价,893.00,-1.81%,203,2024-02-21 00:00:00,1,0,2024-07-20 12:24:56,0,2024-07-20 12:24:56,,,
2024-02-21,铁矿石,结算价,907.00,-2.47%,204,2024-02-21 00:00:00,1,0,2024-07-20 12:24:56,0,2024-07-20 12:24:56,,,
2024-02-20,铁矿石,收盘价,909.50,-4.41%,205,2024-02-20 00:00:00,1,0,2024-07-20 12:24:56,0,2024-07-20 12:24:56,,,
2024-02-20,铁矿石,结算价,930.00,-3.28%,206,2024-02-20 00:00:00,1,0,2024-07-20 12:24:56,0,2024-07-20 12:24:56,,,
2024-02-19,铁矿石,收盘价,951.50,-1.25%,207,2024-02-19 00:00:00,1,0,2024-07-20 12:24:56,0,2024-07-20 12:24:56,,,
2024-02-19,铁矿石,结算价,961.50,0.52%,208,2024-02-19 00:00:00,1,0,2024-07-20 12:24:56,0,2024-07-20 12:24:56,,,
2024-02-08,铁矿石,收盘价,963.50,2.07%,209,2024-02-08 00:00:00,1,0,2024-07-20 12:24:56,0,2024-07-20 12:24:56,,,
2024-02-08,铁矿石,结算价,956.50,1.65%,210,2024-02-08 00:00:00,1,0,2024-07-20 12:24:56,0,2024-07-20 12:24:56,,,
2024-02-07,铁矿石,收盘价,944.00,0.53%,211,2024-02-07 00:00:00,1,0,2024-07-20 12:24:58,0,2024-07-20 12:24:58,,,
2024-02-07,铁矿石,结算价,941.00,0.8%,212,2024-02-07 00:00:00,1,0,2024-07-20 12:24:58,0,2024-07-20 12:24:58,,,
2024-02-06,铁矿石,收盘价,939.00,-0.42%,213,2024-02-06 00:00:00,1,0,2024-07-20 12:24:58,0,2024-07-20 12:24:58,,,
2024-02-06,铁矿石,结算价,933.50,-1.22%,214,2024-02-06 00:00:00,1,0,2024-07-20 12:24:58,0,2024-07-20 12:24:58,,,
2024-02-05,铁矿石,收盘价,943.00,0.21%,215,2024-02-05 00:00:00,1,0,2024-07-20 12:24:58,0,2024-07-20 12:24:58,,,
2024-02-05,铁矿石,结算价,945.00,-0.42%,216,2024-02-05 00:00:00,1,0,2024-07-20 12:24:58,0,2024-07-20 12:24:58,,,
2024-02-02,铁矿石,收盘价,941.00,-2.79%,217,2024-02-02 00:00:00,1,0,2024-07-20 12:24:58,0,2024-07-20 12:24:58,,,
2024-02-02,铁矿石,结算价,949.00,-1.4%,218,2024-02-02 00:00:00,1,0,2024-07-20 12:24:58,0,2024-07-20 12:24:58,,,
2024-02-01,铁矿石,收盘价,968.00,0.78%,219,2024-02-01 00:00:00,1,0,2024-07-20 12:24:58,0,2024-07-20 12:24:58,,,
2024-02-01,铁矿石,结算价,962.50,-0.93%,220,2024-02-01 00:00:00,1,0,2024-07-20 12:24:58,0,2024-07-20 12:24:58,,,
2024-01-31,铁矿石,收盘价,960.50,-1.94%,221,2024-01-31 00:00:00,1,0,2024-07-20 12:24:58,0,2024-07-20 12:24:58,,,
2024-01-31,铁矿石,结算价,971.50,-1.97%,222,2024-01-31 00:00:00,1,0,2024-07-20 12:24:58,0,2024-07-20 12:24:58,,,
2024-01-30,铁矿石,收盘价,979.50,-1.9%,223,2024-01-30 00:00:00,1,0,2024-07-20 12:24:58,0,2024-07-20 12:24:58,,,
2024-01-30,铁矿石,结算价,991.00,-0.6%,224,2024-01-30 00:00:00,1,0,2024-07-20 12:24:58,0,2024-07-20 12:24:58,,,
2024-01-29,铁矿石,收盘价,998.50,0.91%,225,2024-01-29 00:00:00,1,0,2024-07-20 12:24:58,0,2024-07-20 12:24:58,,,
2024-01-29,铁矿石,结算价,997.00,0.91%,226,2024-01-29 00:00:00,1,0,2024-07-20 12:24:58,0,2024-07-20 12:24:58,,,
2024-01-26,铁矿石,收盘价,989.50,0.25%,227,2024-01-26 00:00:00,1,0,2024-07-20 12:24:58,0,2024-07-20 12:24:58,,,
2024-01-26,铁矿石,结算价,988.00,-0.25%,228,2024-01-26 00:00:00,1,0,2024-07-20 12:24:58,0,2024-07-20 12:24:58,,,
2024-01-25,铁矿石,收盘价,987.00,0.82%,229,2024-01-25 00:00:00,1,0,2024-07-20 12:24:58,0,2024-07-20 12:24:58,,,
2024-01-25,铁矿石,结算价,990.50,1.96%,230,2024-01-25 00:00:00,1,0,2024-07-20 12:24:58,0,2024-07-20 12:24:58,,,
2024-01-24,铁矿石,收盘价,979.00,1.4%,231,2024-01-24 00:00:00,1,0,2024-07-20 12:24:58,0,2024-07-20 12:24:58,,,
2024-01-24,铁矿石,结算价,971.50,0.99%,232,2024-01-24 00:00:00,1,0,2024-07-20 12:24:58,0,2024-07-20 12:24:58,,,
2024-01-23,铁矿石,收盘价,965.50,1.42%,233,2024-01-23 00:00:00,1,0,2024-07-20 12:24:58,0,2024-07-20 12:24:58,,,
2024-01-23,铁矿石,结算价,962.00,1.05%,234,2024-01-23 00:00:00,1,0,2024-07-20 12:24:58,0,2024-07-20 12:24:58,,,
2024-01-22,铁矿石,收盘价,952.00,-0.52%,235,2024-01-22 00:00:00,1,0,2024-07-20 12:24:58,0,2024-07-20 12:24:58,,,
2024-01-22,铁矿石,结算价,952.00,0.53%,236,2024-01-22 00:00:00,1,0,2024-07-20 12:24:58,0,2024-07-20 12:24:58,,,
2024-01-19,铁矿石,收盘价,957.00,0.9%,237,2024-01-19 00:00:00,1,0,2024-07-20 12:24:58,0,2024-07-20 12:24:58,,,
2024-01-19,铁矿石,结算价,947.00,1.55%,238,2024-01-19 00:00:00,1,0,2024-07-20 12:24:58,0,2024-07-20 12:24:58,,,
2024-01-18,铁矿石,收盘价,948.50,2.43%,239,2024-01-18 00:00:00,1,0,2024-07-20 12:24:58,0,2024-07-20 12:24:58,,,
2024-01-18,铁矿石,结算价,932.50,-0.9%,240,2024-01-18 00:00:00,1,0,2024-07-20 12:24:58,0,2024-07-20 12:24:58,,,
2024-01-17,铁矿石,收盘价,926.00,-1.33%,241,2024-01-17 00:00:00,1,0,2024-07-20 12:25:02,0,2024-07-20 12:25:02,,,
2024-01-17,铁矿石,结算价,941.00,0.86%,242,2024-01-17 00:00:00,1,0,2024-07-20 12:25:02,0,2024-07-20 12:25:02,,,
2024-01-16,铁矿石,收盘价,938.50,0.59%,243,2024-01-16 00:00:00,1,0,2024-07-20 12:25:02,0,2024-07-20 12:25:02,,,
2024-01-16,铁矿石,结算价,933.00,-1.22%,244,2024-01-16 00:00:00,1,0,2024-07-20 12:25:02,0,2024-07-20 12:25:02,,,
2024-01-15,铁矿石,收盘价,933.00,-1.63%,245,2024-01-15 00:00:00,1,0,2024-07-20 12:25:02,0,2024-07-20 12:25:02,,,
2024-01-15,铁矿石,结算价,944.50,-1.97%,246,2024-01-15 00:00:00,1,0,2024-07-20 12:25:02,0,2024-07-20 12:25:02,,,
2024-01-12,铁矿石,收盘价,948.50,-2.87%,247,2024-01-12 00:00:00,1,0,2024-07-20 12:25:02,0,2024-07-20 12:25:02,,,
2024-01-12,铁矿石,结算价,963.50,-0.21%,248,2024-01-12 00:00:00,1,0,2024-07-20 12:25:02,0,2024-07-20 12:25:02,,,
2024-01-11,铁矿石,收盘价,976.50,1.51%,249,2024-01-11 00:00:00,1,0,2024-07-20 12:25:02,0,2024-07-20 12:25:02,,,
2024-01-11,铁矿石,结算价,965.50,-1.13%,250,2024-01-11 00:00:00,1,0,2024-07-20 12:25:02,0,2024-07-20 12:25:02,,,
2024-01-10,铁矿石,收盘价,962.00,-3.22%,251,2024-01-10 00:00:00,1,0,2024-07-20 12:25:02,0,2024-07-20 12:25:02,,,
2024-01-10,铁矿石,结算价,976.50,-1.56%,252,2024-01-10 00:00:00,1,0,2024-07-20 12:25:02,0,2024-07-20 12:25:02,,,
2024-01-09,铁矿石,收盘价,994.00,0.15%,253,2024-01-09 00:00:00,1,0,2024-07-20 12:25:02,0,2024-07-20 12:25:02,,,
2024-01-09,铁矿石,结算价,992.00,-0.45%,254,2024-01-09 00:00:00,1,0,2024-07-20 12:25:02,0,2024-07-20 12:25:02,,,
2024-01-08,铁矿石,收盘价,992.50,-0.75%,255,2024-01-08 00:00:00,1,0,2024-07-20 12:25:02,0,2024-07-20 12:25:02,,,
2024-01-08,铁矿石,结算价,996.50,-0.7%,256,2024-01-08 00:00:00,1,0,2024-07-20 12:25:02,0,2024-07-20 12:25:02,,,
2024-01-05,铁矿石,收盘价,1000.00,-1.57%,257,2024-01-05 00:00:00,1,0,2024-07-20 12:25:02,0,2024-07-20 12:25:02,,,
2024-01-05,铁矿石,结算价,1003.50,-1.04%,258,2024-01-05 00:00:00,1,0,2024-07-20 12:25:02,0,2024-07-20 12:25:02,,,
2024-01-04,铁矿石,收盘价,1016.00,-0.15%,259,2024-01-04 00:00:00,1,0,2024-07-20 12:25:02,0,2024-07-20 12:25:02,,,
2024-01-04,铁矿石,结算价,1014.00,0.1%,260,2024-01-04 00:00:00,1,0,2024-07-20 12:25:02,0,2024-07-20 12:25:02,,,
2024-01-03,铁矿石,收盘价,1017.50,1.55%,261,2024-01-03 00:00:00,1,0,2024-07-20 12:25:02,0,2024-07-20 12:25:02,,,
2024-01-03,铁矿石,结算价,1013.00,2.37%,262,2024-01-03 00:00:00,1,0,2024-07-20 12:25:02,0,2024-07-20 12:25:02,,,
2024-01-02,铁矿石,收盘价,1002.00,2.35%,263,2024-01-02 00:00:00,1,0,2024-07-20 12:25:02,0,2024-07-20 12:25:02,,,
2024-01-02,铁矿石,结算价,989.50,1.64%,264,2024-01-02 00:00:00,1,0,2024-07-20 12:25:02,0,2024-07-20 12:25:02,,,
2023-12-29,铁矿石,收盘价,979.00,1.35%,265,2023-12-29 00:00:00,1,0,2024-07-20 12:25:02,0,2024-07-20 12:25:02,,,
2023-12-29,铁矿石,结算价,973.50,-0.26%,266,2023-12-29 00:00:00,1,0,2024-07-20 12:25:02,0,2024-07-20 12:25:02,,,
2023-12-28,铁矿石,收盘价,966.00,-1.98%,267,2023-12-28 00:00:00,1,0,2024-07-20 12:25:02,0,2024-07-20 12:25:02,,,
2023-12-28,铁矿石,结算价,976.00,-0.31%,268,2023-12-28 00:00:00,1,0,2024-07-20 12:25:02,0,2024-07-20 12:25:02,,,
2023-12-27,铁矿石,收盘价,985.50,0.2%,269,2023-12-27 00:00:00,1,0,2024-07-20 12:25:02,0,2024-07-20 12:25:02,,,
2023-12-27,铁矿石,结算价,979.00,-0.15%,270,2023-12-27 00:00:00,1,0,2024-07-20 12:25:02,0,2024-07-20 12:25:02,,,
2023-12-26,铁矿石,收盘价,983.50,1.34%,271,2023-12-26 00:00:00,1,0,2024-07-20 12:25:04,0,2024-07-20 12:25:04,,,
2023-12-26,铁矿石,结算价,980.50,1.03%,272,2023-12-26 00:00:00,1,0,2024-07-20 12:25:04,0,2024-07-20 12:25:04,,,
2023-12-25,铁矿石,收盘价,970.50,-0.67%,273,2023-12-25 00:00:00,1,0,2024-07-20 12:25:04,0,2024-07-20 12:25:04,,,
2023-12-25,铁矿石,结算价,970.50,-0.26%,274,2023-12-25 00:00:00,1,0,2024-07-20 12:25:04,0,2024-07-20 12:25:04,,,
2023-12-22,铁矿石,收盘价,977.00,0.93%,275,2023-12-22 00:00:00,1,0,2024-07-20 12:25:04,0,2024-07-20 12:25:04,,,
2023-12-22,铁矿石,结算价,973.00,2.58%,276,2023-12-22 00:00:00,1,0,2024-07-20 12:25:04,0,2024-07-20 12:25:04,,,
2023-12-21,铁矿石,收盘价,968.00,3.09%,277,2023-12-21 00:00:00,1,0,2024-07-20 12:25:04,0,2024-07-20 12:25:04,,,
2023-12-21,铁矿石,结算价,948.50,1.44%,278,2023-12-21 00:00:00,1,0,2024-07-20 12:25:04,0,2024-07-20 12:25:04,,,
2023-12-20,铁矿石,收盘价,939.00,1.73%,279,2023-12-20 00:00:00,1,0,2024-07-20 12:25:04,0,2024-07-20 12:25:04,,,
2023-12-20,铁矿石,结算价,935.00,1.03%,280,2023-12-20 00:00:00,1,0,2024-07-20 12:25:04,0,2024-07-20 12:25:04,,,
2023-12-19,铁矿石,收盘价,923.00,-0.54%,281,2023-12-19 00:00:00,1,0,2024-07-20 12:25:04,0,2024-07-20 12:25:04,,,
2023-12-19,铁矿石,结算价,925.50,0.16%,282,2023-12-19 00:00:00,1,0,2024-07-20 12:25:04,0,2024-07-20 12:25:04,,,
2023-12-18,铁矿石,收盘价,928.00,-0.75%,283,2023-12-18 00:00:00,1,0,2024-07-20 12:25:04,0,2024-07-20 12:25:04,,,
2023-12-18,铁矿石,结算价,924.00,-2.01%,284,2023-12-18 00:00:00,1,0,2024-07-20 12:25:04,0,2024-07-20 12:25:04,,,
2023-12-15,铁矿石,收盘价,935.00,-0.74%,285,2023-12-15 00:00:00,1,0,2024-07-20 12:25:04,0,2024-07-20 12:25:04,,,
2023-12-15,铁矿石,结算价,943.00,-0.53%,286,2023-12-15 00:00:00,1,0,2024-07-20 12:25:04,0,2024-07-20 12:25:04,,,
2023-12-14,铁矿石,收盘价,942.00,-0.63%,287,2023-12-14 00:00:00,1,0,2024-07-20 12:25:04,0,2024-07-20 12:25:04,,,
2023-12-14,铁矿石,结算价,948.00,-0.42%,288,2023-12-14 00:00:00,1,0,2024-07-20 12:25:04,0,2024-07-20 12:25:04,,,
2023-12-13,铁矿石,收盘价,948.00,-2.22%,289,2023-12-13 00:00:00,1,0,2024-07-20 12:25:04,0,2024-07-20 12:25:04,,,
2023-12-13,铁矿石,结算价,952.00,-0.94%,290,2023-12-13 00:00:00,1,0,2024-07-20 12:25:04,0,2024-07-20 12:25:04,,,
2023-12-12,铁矿石,收盘价,969.50,1.52%,291,2023-12-12 00:00:00,1,0,2024-07-20 12:25:04,0,2024-07-20 12:25:04,,,
2023-12-12,铁矿石,结算价,961.00,0.63%,292,2023-12-12 00:00:00,1,0,2024-07-20 12:25:04,0,2024-07-20 12:25:04,,,
2023-12-11,铁矿石,收盘价,955.00,-0.88%,293,2023-12-11 00:00:00,1,0,2024-07-20 12:25:04,0,2024-07-20 12:25:04,,,
2023-12-11,铁矿石,结算价,955.00,-0.37%,294,2023-12-11 00:00:00,1,0,2024-07-20 12:25:04,0,2024-07-20 12:25:04,,,
2023-12-08,铁矿石,收盘价,963.50,1.21%,295,2023-12-08 00:00:00,1,0,2024-07-20 12:25:04,0,2024-07-20 12:25:04,,,
2023-12-08,铁矿石,结算价,958.50,1.86%,296,2023-12-08 00:00:00,1,0,2024-07-20 12:25:04,0,2024-07-20 12:25:04,,,
2023-12-07,铁矿石,收盘价,952.00,2.37%,297,2023-12-07 00:00:00,1,0,2024-07-20 12:25:04,0,2024-07-20 12:25:04,,,
2023-12-07,铁矿石,结算价,941.00,2.73%,298,2023-12-07 00:00:00,1,0,2024-07-20 12:25:04,0,2024-07-20 12:25:04,,,
2023-12-06,铁矿石,收盘价,930.00,2.54%,299,2023-12-06 00:00:00,1,0,2024-07-20 12:25:04,0,2024-07-20 12:25:04,,,
2023-12-06,铁矿石,结算价,916.00,1.22%,300,2023-12-06 00:00:00,1,0,2024-07-20 12:25:04,0,2024-07-20 12:25:04,,,
2023-12-05,铁矿石,收盘价,907.00,-5.32%,301,2023-12-05 00:00:00,1,0,2024-07-20 12:25:07,0,2024-07-20 12:25:07,,,
2023-12-05,铁矿石,结算价,905.00,-6.65%,302,2023-12-05 00:00:00,1,0,2024-07-20 12:25:07,0,2024-07-20 12:25:07,,,
2023-12-04,铁矿石,收盘价,958.00,-1.79%,303,2023-12-04 00:00:00,1,0,2024-07-20 12:25:07,0,2024-07-20 12:25:07,,,
2023-12-04,铁矿石,结算价,969.50,0.05%,304,2023-12-04 00:00:00,1,0,2024-07-20 12:25:07,0,2024-07-20 12:25:07,,,
2023-12-01,铁矿石,收盘价,975.50,0.62%,305,2023-12-01 00:00:00,1,0,2024-07-20 12:25:07,0,2024-07-20 12:25:07,,,
2023-12-01,铁矿石,结算价,969.00,1.31%,306,2023-12-01 00:00:00,1,0,2024-07-20 12:25:07,0,2024-07-20 12:25:07,,,
2023-11-30,铁矿石,收盘价,969.50,1.47%,307,2023-11-30 00:00:00,1,0,2024-07-20 12:25:07,0,2024-07-20 12:25:07,,,
2023-11-30,铁矿石,结算价,956.50,0.%,308,2023-11-30 00:00:00,1,0,2024-07-20 12:25:07,0,2024-07-20 12:25:07,,,
2023-11-29,铁矿石,收盘价,955.50,0.47%,309,2023-11-29 00:00:00,1,0,2024-07-20 12:25:07,0,2024-07-20 12:25:07,,,
2023-11-29,铁矿石,结算价,956.50,-0.36%,310,2023-11-29 00:00:00,1,0,2024-07-20 12:25:07,0,2024-07-20 12:25:07,,,
2023-11-28,铁矿石,收盘价,951.00,-3.01%,311,2023-11-28 00:00:00,1,0,2024-07-20 12:25:07,0,2024-07-20 12:25:07,,,
2023-11-28,铁矿石,结算价,960.00,-1.69%,312,2023-11-28 00:00:00,1,0,2024-07-20 12:25:07,0,2024-07-20 12:25:07,,,
2023-11-27,铁矿石,收盘价,980.50,-0.61%,313,2023-11-27 00:00:00,1,0,2024-07-20 12:25:07,0,2024-07-20 12:25:07,,,
2023-11-27,铁矿石,结算价,976.50,-0.05%,314,2023-11-27 00:00:00,1,0,2024-07-20 12:25:07,0,2024-07-20 12:25:07,,,
2023-11-24,铁矿石,收盘价,986.50,1.02%,315,2023-11-24 00:00:00,1,0,2024-07-20 12:25:07,0,2024-07-20 12:25:07,,,
2023-11-24,铁矿石,结算价,977.00,-0.36%,316,2023-11-24 00:00:00,1,0,2024-07-20 12:25:07,0,2024-07-20 12:25:07,,,
2023-11-23,铁矿石,收盘价,976.50,-1.71%,317,2023-11-23 00:00:00,1,0,2024-07-20 12:25:07,0,2024-07-20 12:25:07,,,
2023-11-23,铁矿石,结算价,980.50,-0.46%,318,2023-11-23 00:00:00,1,0,2024-07-20 12:25:07,0,2024-07-20 12:25:07,,,
2023-11-22,铁矿石,收盘价,993.50,1.53%,319,2023-11-22 00:00:00,1,0,2024-07-20 12:25:07,0,2024-07-20 12:25:07,,,
2023-11-22,铁矿石,结算价,985.00,0.66%,320,2023-11-22 00:00:00,1,0,2024-07-20 12:25:07,0,2024-07-20 12:25:07,,,
2023-11-21,铁矿石,收盘价,978.50,1.08%,321,2023-11-21 00:00:00,1,0,2024-07-20 12:25:07,0,2024-07-20 12:25:07,,,
2023-11-21,铁矿石,结算价,978.50,1.93%,322,2023-11-21 00:00:00,1,0,2024-07-20 12:25:07,0,2024-07-20 12:25:07,,,
2023-11-20,铁矿石,收盘价,968.00,1.68%,323,2023-11-20 00:00:00,1,0,2024-07-20 12:25:07,0,2024-07-20 12:25:07,,,
2023-11-20,铁矿石,结算价,960.00,-0.36%,324,2023-11-20 00:00:00,1,0,2024-07-20 12:25:07,0,2024-07-20 12:25:07,,,
2023-11-17,铁矿石,收盘价,952.00,-1.35%,325,2023-11-17 00:00:00,1,0,2024-07-20 12:25:07,0,2024-07-20 12:25:07,,,
2023-11-17,铁矿石,结算价,963.50,0.78%,326,2023-11-17 00:00:00,1,0,2024-07-20 12:25:07,0,2024-07-20 12:25:07,,,
2023-11-16,铁矿石,收盘价,965.00,-0.67%,327,2023-11-16 00:00:00,1,0,2024-07-20 12:25:07,0,2024-07-20 12:25:07,,,
2023-11-16,铁矿石,结算价,956.00,-2.45%,328,2023-11-16 00:00:00,1,0,2024-07-20 12:25:07,0,2024-07-20 12:25:07,,,
2023-11-15,铁矿石,收盘价,971.50,0.62%,329,2023-11-15 00:00:00,1,0,2024-07-20 12:25:07,0,2024-07-20 12:25:07,,,
2023-11-15,铁矿石,结算价,980.00,1.87%,330,2023-11-15 00:00:00,1,0,2024-07-20 12:25:07,0,2024-07-20 12:25:07,,,
2023-11-14,铁矿石,收盘价,965.50,-0.1%,331,2023-11-14 00:00:00,1,0,2024-07-20 12:25:11,0,2024-07-20 12:25:11,,,
2023-11-14,铁矿石,结算价,962.00,-0.1%,332,2023-11-14 00:00:00,1,0,2024-07-20 12:25:11,0,2024-07-20 12:25:11,,,
2023-11-13,铁矿石,收盘价,966.50,0.52%,333,2023-11-13 00:00:00,1,0,2024-07-20 12:25:11,0,2024-07-20 12:25:11,,,
2023-11-13,铁矿石,结算价,963.00,1.32%,334,2023-11-13 00:00:00,1,0,2024-07-20 12:25:11,0,2024-07-20 12:25:11,,,
2023-11-10,铁矿石,收盘价,961.50,2.4%,335,2023-11-10 00:00:00,1,0,2024-07-20 12:25:11,0,2024-07-20 12:25:11,,,
2023-11-10,铁矿石,结算价,950.50,1.39%,336,2023-11-10 00:00:00,1,0,2024-07-20 12:25:11,0,2024-07-20 12:25:11,,,
2023-11-09,铁矿石,收盘价,939.00,0.43%,337,2023-11-09 00:00:00,1,0,2024-07-20 12:25:11,0,2024-07-20 12:25:11,,,
2023-11-09,铁矿石,结算价,937.50,1.63%,338,2023-11-09 00:00:00,1,0,2024-07-20 12:25:11,0,2024-07-20 12:25:11,,,
2023-11-08,铁矿石,收盘价,935.00,1.25%,339,2023-11-08 00:00:00,1,0,2024-07-20 12:25:11,0,2024-07-20 12:25:11,,,
2023-11-08,铁矿石,结算价,922.50,-0.32%,340,2023-11-08 00:00:00,1,0,2024-07-20 12:25:11,0,2024-07-20 12:25:11,,,
2023-11-07,铁矿石,收盘价,923.50,-0.16%,341,2023-11-07 00:00:00,1,0,2024-07-20 12:25:11,0,2024-07-20 12:25:11,,,
2023-11-07,铁矿石,结算价,925.50,-0.27%,342,2023-11-07 00:00:00,1,0,2024-07-20 12:25:11,0,2024-07-20 12:25:11,,,
2023-11-06,铁矿石,收盘价,925.00,0.05%,343,2023-11-06 00:00:00,1,0,2024-07-20 12:25:11,0,2024-07-20 12:25:11,,,
2023-11-06,铁矿石,结算价,928.00,0.27%,344,2023-11-06 00:00:00,1,0,2024-07-20 12:25:11,0,2024-07-20 12:25:11,,,
2023-11-03,铁矿石,收盘价,924.50,-0.22%,345,2023-11-03 00:00:00,1,0,2024-07-20 12:25:11,0,2024-07-20 12:25:11,,,
2023-11-03,铁矿石,结算价,925.50,0.54%,346,2023-11-03 00:00:00,1,0,2024-07-20 12:25:11,0,2024-07-20 12:25:11,,,
2023-11-02,铁矿石,收盘价,926.50,0.76%,347,2023-11-02 00:00:00,1,0,2024-07-20 12:25:11,0,2024-07-20 12:25:11,,,
2023-11-02,铁矿石,结算价,920.50,0.93%,348,2023-11-02 00:00:00,1,0,2024-07-20 12:25:11,0,2024-07-20 12:25:11,,,
2023-11-01,铁矿石,收盘价,919.50,2.34%,349,2023-11-01 00:00:00,1,0,2024-07-20 12:25:11,0,2024-07-20 12:25:11,,,
2023-11-01,铁矿石,结算价,912.00,1.67%,350,2023-11-01 00:00:00,1,0,2024-07-20 12:25:11,0,2024-07-20 12:25:11,,,
2023-10-31,铁矿石,收盘价,898.50,-0.17%,351,2023-10-31 00:00:00,1,0,2024-07-20 12:25:11,0,2024-07-20 12:25:11,,,
2023-10-31,铁矿石,结算价,897.00,0.17%,352,2023-10-31 00:00:00,1,0,2024-07-20 12:25:11,0,2024-07-20 12:25:11,,,
2023-10-30,铁矿石,收盘价,900.00,1.18%,353,2023-10-30 00:00:00,1,0,2024-07-20 12:25:11,0,2024-07-20 12:25:11,,,
2023-10-30,铁矿石,结算价,895.50,1.99%,354,2023-10-30 00:00:00,1,0,2024-07-20 12:25:11,0,2024-07-20 12:25:11,,,
2023-10-27,铁矿石,收盘价,889.50,1.48%,355,2023-10-27 00:00:00,1,0,2024-07-20 12:25:11,0,2024-07-20 12:25:11,,,
2023-10-27,铁矿石,结算价,878.00,0.8%,356,2023-10-27 00:00:00,1,0,2024-07-20 12:25:11,0,2024-07-20 12:25:11,,,
2023-10-26,铁矿石,收盘价,876.50,0.52%,357,2023-10-26 00:00:00,1,0,2024-07-20 12:25:11,0,2024-07-20 12:25:11,,,
2023-10-26,铁矿石,结算价,871.00,0.06%,358,2023-10-26 00:00:00,1,0,2024-07-20 12:25:11,0,2024-07-20 12:25:11,,,
2023-10-25,铁矿石,收盘价,872.00,0.87%,359,2023-10-25 00:00:00,1,0,2024-07-20 12:25:11,0,2024-07-20 12:25:11,,,
2023-10-25,铁矿石,结算价,870.50,3.14%,360,2023-10-25 00:00:00,1,0,2024-07-20 12:25:11,0,2024-07-20 12:25:11,,,
2023-10-24,铁矿石,收盘价,864.50,3.53%,361,2023-10-24 00:00:00,1,0,2024-07-20 12:25:14,0,2024-07-20 12:25:14,,,
2023-10-24,铁矿石,结算价,844.00,1.32%,362,2023-10-24 00:00:00,1,0,2024-07-20 12:25:14,0,2024-07-20 12:25:14,,,
2023-10-23,铁矿石,收盘价,835.00,-0.48%,363,2023-10-23 00:00:00,1,0,2024-07-20 12:25:14,0,2024-07-20 12:25:14,,,
2023-10-23,铁矿石,结算价,833.00,-2.69%,364,2023-10-23 00:00:00,1,0,2024-07-20 12:25:14,0,2024-07-20 12:25:14,,,
2023-10-20,铁矿石,收盘价,839.00,-3.73%,365,2023-10-20 00:00:00,1,0,2024-07-20 12:25:14,0,2024-07-20 12:25:14,,,
2023-10-20,铁矿石,结算价,856.00,-1.21%,366,2023-10-20 00:00:00,1,0,2024-07-20 12:25:14,0,2024-07-20 12:25:14,,,
2023-10-19,铁矿石,收盘价,871.50,1.22%,367,2023-10-19 00:00:00,1,0,2024-07-20 12:25:14,0,2024-07-20 12:25:14,,,
2023-10-19,铁矿石,结算价,866.50,-0.17%,368,2023-10-19 00:00:00,1,0,2024-07-20 12:25:14,0,2024-07-20 12:25:14,,,
2023-10-18,铁矿石,收盘价,861.00,-0.58%,369,2023-10-18 00:00:00,1,0,2024-07-20 12:25:14,0,2024-07-20 12:25:14,,,
2023-10-18,铁矿石,结算价,868.00,0.4%,370,2023-10-18 00:00:00,1,0,2024-07-20 12:25:14,0,2024-07-20 12:25:14,,,
2023-10-17,铁矿石,收盘价,866.00,0.46%,371,2023-10-17 00:00:00,1,0,2024-07-20 12:25:14,0,2024-07-20 12:25:14,,,
2023-10-17,铁矿石,结算价,864.50,1.95%,372,2023-10-17 00:00:00,1,0,2024-07-20 12:25:14,0,2024-07-20 12:25:14,,,
2023-10-16,铁矿石,收盘价,862.00,2.38%,373,2023-10-16 00:00:00,1,0,2024-07-20 12:25:14,0,2024-07-20 12:25:14,,,
2023-10-16,铁矿石,结算价,848.00,1.19%,374,2023-10-16 00:00:00,1,0,2024-07-20 12:25:14,0,2024-07-20 12:25:14,,,
2023-10-13,铁矿石,收盘价,842.00,0.6%,375,2023-10-13 00:00:00,1,0,2024-07-20 12:25:14,0,2024-07-20 12:25:14,,,
2023-10-13,铁矿石,结算价,838.00,0.96%,376,2023-10-13 00:00:00,1,0,2024-07-20 12:25:14,0,2024-07-20 12:25:14,,,
2023-10-12,铁矿石,收盘价,837.00,1.15%,377,2023-10-12 00:00:00,1,0,2024-07-20 12:25:14,0,2024-07-20 12:25:14,,,
2023-10-12,铁矿石,结算价,830.00,0.79%,378,2023-10-12 00:00:00,1,0,2024-07-20 12:25:14,0,2024-07-20 12:25:14,,,
2023-10-11,铁矿石,收盘价,827.50,1.04%,379,2023-10-11 00:00:00,1,0,2024-07-20 12:25:14,0,2024-07-20 12:25:14,,,
2023-10-11,铁矿石,结算价,823.50,0.55%,380,2023-10-11 00:00:00,1,0,2024-07-20 12:25:14,0,2024-07-20 12:25:14,,,
2023-10-10,铁矿石,收盘价,819.00,-1.09%,381,2023-10-10 00:00:00,1,0,2024-07-20 12:25:14,0,2024-07-20 12:25:14,,,
2023-10-10,铁矿石,结算价,819.00,-1.74%,382,2023-10-10 00:00:00,1,0,2024-07-20 12:25:14,0,2024-07-20 12:25:14,,,
2023-10-09,铁矿石,收盘价,828.00,-2.82%,383,2023-10-09 00:00:00,1,0,2024-07-20 12:25:14,0,2024-07-20 12:25:14,,,
2023-10-09,铁矿石,结算价,833.50,-2.11%,384,2023-10-09 00:00:00,1,0,2024-07-20 12:25:14,0,2024-07-20 12:25:14,,,
2023-09-28,铁矿石,收盘价,852.00,0.65%,385,2023-09-28 00:00:00,1,0,2024-07-20 12:25:14,0,2024-07-20 12:25:14,,,
2023-09-28,铁矿石,结算价,851.50,0.83%,386,2023-09-28 00:00:00,1,0,2024-07-20 12:25:14,0,2024-07-20 12:25:14,,,
2023-09-27,铁矿石,收盘价,846.50,0.65%,387,2023-09-27 00:00:00,1,0,2024-07-20 12:25:14,0,2024-07-20 12:25:14,,,
2023-09-27,铁矿石,结算价,844.50,0.36%,388,2023-09-27 00:00:00,1,0,2024-07-20 12:25:14,0,2024-07-20 12:25:14,,,
2023-09-26,铁矿石,收盘价,841.00,-0.41%,389,2023-09-26 00:00:00,1,0,2024-07-20 12:25:14,0,2024-07-20 12:25:14,,,
2023-09-26,铁矿石,结算价,841.50,-1.58%,390,2023-09-26 00:00:00,1,0,2024-07-20 12:25:14,0,2024-07-20 12:25:14,,,
2023-09-25,铁矿石,收盘价,844.50,-3.1%,391,2023-09-25 00:00:00,1,0,2024-07-20 12:25:18,0,2024-07-20 12:25:18,,,
2023-09-25,铁矿石,结算价,855.00,-0.81%,392,2023-09-25 00:00:00,1,0,2024-07-20 12:25:18,0,2024-07-20 12:25:18,,,
2023-09-22,铁矿石,收盘价,871.50,2.05%,393,2023-09-22 00:00:00,1,0,2024-07-20 12:25:18,0,2024-07-20 12:25:18,,,
2023-09-22,铁矿石,结算价,862.00,-0.23%,394,2023-09-22 00:00:00,1,0,2024-07-20 12:25:18,0,2024-07-20 12:25:18,,,
2023-09-21,铁矿石,收盘价,854.00,-2.23%,395,2023-09-21 00:00:00,1,0,2024-07-20 12:25:18,0,2024-07-20 12:25:18,,,
2023-09-21,铁矿石,结算价,864.00,-0.75%,396,2023-09-21 00:00:00,1,0,2024-07-20 12:25:18,0,2024-07-20 12:25:18,,,
2023-09-20,铁矿石,收盘价,873.50,1.28%,397,2023-09-20 00:00:00,1,0,2024-07-20 12:25:18,0,2024-07-20 12:25:18,,,
2023-09-20,铁矿石,结算价,870.50,0.12%,398,2023-09-20 00:00:00,1,0,2024-07-20 12:25:18,0,2024-07-20 12:25:18,,,
2023-09-19,铁矿石,收盘价,862.50,-1.03%,399,2023-09-19 00:00:00,1,0,2024-07-20 12:25:18,0,2024-07-20 12:25:18,,,
2023-09-19,铁矿石,结算价,869.50,0.12%,400,2023-09-19 00:00:00,1,0,2024-07-20 12:25:18,0,2024-07-20 12:25:18,,,
2023-09-18,铁矿石,收盘价,871.50,-0.85%,401,2023-09-18 00:00:00,1,0,2024-07-20 12:25:18,0,2024-07-20 12:25:18,,,
2023-09-18,铁矿石,结算价,868.50,-0.52%,402,2023-09-18 00:00:00,1,0,2024-07-20 12:25:18,0,2024-07-20 12:25:18,,,
2023-09-15,铁矿石,收盘价,879.00,1.8%,403,2023-09-15 00:00:00,1,0,2024-07-20 12:25:18,0,2024-07-20 12:25:18,,,
2023-09-15,铁矿石,结算价,873.00,1.63%,404,2023-09-15 00:00:00,1,0,2024-07-20 12:25:18,0,2024-07-20 12:25:18,,,
2023-09-14,铁矿石,收盘价,863.50,0.35%,405,2023-09-14 00:00:00,1,0,2024-07-20 12:25:18,0,2024-07-20 12:25:18,,,
2023-09-14,铁矿石,结算价,859.00,0.29%,406,2023-09-14 00:00:00,1,0,2024-07-20 12:25:18,0,2024-07-20 12:25:18,,,
2023-09-13,铁矿石,收盘价,860.50,0.17%,407,2023-09-13 00:00:00,1,0,2024-07-20 12:25:18,0,2024-07-20 12:25:18,,,
2023-09-13,铁矿石,结算价,856.50,0.%,408,2023-09-13 00:00:00,1,0,2024-07-20 12:25:18,0,2024-07-20 12:25:18,,,
2023-09-12,铁矿石,收盘价,859.00,0.88%,409,2023-09-12 00:00:00,1,0,2024-07-20 12:25:18,0,2024-07-20 12:25:18,,,
2023-09-12,铁矿石,结算价,856.50,1.66%,410,2023-09-12 00:00:00,1,0,2024-07-20 12:25:18,0,2024-07-20 12:25:18,,,
2023-09-11,铁矿石,收盘价,851.50,2.9%,411,2023-09-11 00:00:00,1,0,2024-07-20 12:25:18,0,2024-07-20 12:25:18,,,
2023-09-11,铁矿石,结算价,842.50,1.32%,412,2023-09-11 00:00:00,1,0,2024-07-20 12:25:18,0,2024-07-20 12:25:18,,,
2023-09-08,铁矿石,收盘价,827.50,-1.08%,413,2023-09-08 00:00:00,1,0,2024-07-20 12:25:18,0,2024-07-20 12:25:18,,,
2023-09-08,铁矿石,结算价,831.50,-1.6%,414,2023-09-08 00:00:00,1,0,2024-07-20 12:25:18,0,2024-07-20 12:25:18,,,
2023-09-07,铁矿石,收盘价,836.50,-1.99%,415,2023-09-07 00:00:00,1,0,2024-07-20 12:25:18,0,2024-07-20 12:25:18,,,
2023-09-07,铁矿石,结算价,845.00,-0.88%,416,2023-09-07 00:00:00,1,0,2024-07-20 12:25:18,0,2024-07-20 12:25:18,,,
2023-09-06,铁矿石,收盘价,853.50,0.83%,417,2023-09-06 00:00:00,1,0,2024-07-20 12:25:18,0,2024-07-20 12:25:18,,,
2023-09-06,铁矿石,结算价,852.50,0.%,418,2023-09-06 00:00:00,1,0,2024-07-20 12:25:18,0,2024-07-20 12:25:18,,,
2023-09-05,铁矿石,收盘价,846.50,0.24%,419,2023-09-05 00:00:00,1,0,2024-07-20 12:25:18,0,2024-07-20 12:25:18,,,
2023-09-05,铁矿石,结算价,852.50,0.12%,420,2023-09-05 00:00:00,1,0,2024-07-20 12:25:18,0,2024-07-20 12:25:18,,,
2023-09-04,铁矿石,收盘价,844.50,-0.12%,421,2023-09-04 00:00:00,1,0,2024-07-20 12:25:21,0,2024-07-20 12:25:21,,,
2023-09-04,铁矿石,结算价,851.50,0.89%,422,2023-09-04 00:00:00,1,0,2024-07-20 12:25:21,0,2024-07-20 12:25:21,,,
2023-09-01,铁矿石,收盘价,845.50,-0.41%,423,2023-09-01 00:00:00,1,0,2024-07-20 12:25:21,0,2024-07-20 12:25:21,,,
2023-09-01,铁矿石,结算价,844.00,0.3%,424,2023-09-01 00:00:00,1,0,2024-07-20 12:25:21,0,2024-07-20 12:25:21,,,
2023-08-31,铁矿石,收盘价,849.00,2.41%,425,2023-08-31 00:00:00,1,0,2024-07-20 12:25:21,0,2024-07-20 12:25:21,,,
2023-08-31,铁矿石,结算价,841.50,2.62%,426,2023-08-31 00:00:00,1,0,2024-07-20 12:25:21,0,2024-07-20 12:25:21,,,
2023-08-30,铁矿石,收盘价,829.00,2.28%,427,2023-08-30 00:00:00,1,0,2024-07-20 12:25:21,0,2024-07-20 12:25:21,,,
2023-08-30,铁矿石,结算价,820.00,0.86%,428,2023-08-30 00:00:00,1,0,2024-07-20 12:25:21,0,2024-07-20 12:25:21,,,
2023-08-29,铁矿石,收盘价,810.50,-0.06%,429,2023-08-29 00:00:00,1,0,2024-07-20 12:25:21,0,2024-07-20 12:25:21,,,
2023-08-29,铁矿石,结算价,813.00,-0.73%,430,2023-08-29 00:00:00,1,0,2024-07-20 12:25:21,0,2024-07-20 12:25:21,,,
2023-08-28,铁矿石,收盘价,811.00,-1.93%,431,2023-08-28 00:00:00,1,0,2024-07-20 12:25:21,0,2024-07-20 12:25:21,,,
2023-08-28,铁矿石,结算价,819.00,-0.06%,432,2023-08-28 00:00:00,1,0,2024-07-20 12:25:21,0,2024-07-20 12:25:21,,,
2023-08-25,铁矿石,收盘价,827.00,1.97%,433,2023-08-25 00:00:00,1,0,2024-07-20 12:25:21,0,2024-07-20 12:25:21,,,
2023-08-25,铁矿石,结算价,819.50,-0.36%,434,2023-08-25 00:00:00,1,0,2024-07-20 12:25:21,0,2024-07-20 12:25:21,,,
2023-08-24,铁矿石,收盘价,811.00,-0.73%,435,2023-08-24 00:00:00,1,0,2024-07-20 12:25:21,0,2024-07-20 12:25:21,,,
2023-08-24,铁矿石,结算价,822.50,0.55%,436,2023-08-24 00:00:00,1,0,2024-07-20 12:25:21,0,2024-07-20 12:25:21,,,
2023-08-23,铁矿石,收盘价,817.00,1.43%,437,2023-08-23 00:00:00,1,0,2024-07-20 12:25:21,0,2024-07-20 12:25:21,,,
2023-08-23,铁矿石,结算价,818.00,3.81%,438,2023-08-23 00:00:00,1,0,2024-07-20 12:25:21,0,2024-07-20 12:25:21,,,
2023-08-22,铁矿石,收盘价,805.50,3.67%,439,2023-08-22 00:00:00,1,0,2024-07-20 12:25:21,0,2024-07-20 12:25:21,,,
2023-08-22,铁矿石,结算价,788.00,2.2%,440,2023-08-22 00:00:00,1,0,2024-07-20 12:25:21,0,2024-07-20 12:25:21,,,
2023-08-21,铁矿石,收盘价,777.00,0.71%,441,2023-08-21 00:00:00,1,0,2024-07-20 12:25:21,0,2024-07-20 12:25:21,,,
2023-08-21,铁矿石,结算价,771.00,0.13%,442,2023-08-21 00:00:00,1,0,2024-07-20 12:25:21,0,2024-07-20 12:25:21,,,
2023-08-18,铁矿石,收盘价,771.50,0.39%,443,2023-08-18 00:00:00,1,0,2024-07-20 12:25:21,0,2024-07-20 12:25:21,,,
2023-08-18,铁矿石,结算价,770.00,2.74%,444,2023-08-18 00:00:00,1,0,2024-07-20 12:25:21,0,2024-07-20 12:25:21,,,
2023-08-17,铁矿石,收盘价,768.50,4.06%,445,2023-08-17 00:00:00,1,0,2024-07-20 12:25:21,0,2024-07-20 12:25:21,,,
2023-08-17,铁矿石,结算价,749.50,1.77%,446,2023-08-17 00:00:00,1,0,2024-07-20 12:25:21,0,2024-07-20 12:25:21,,,
2023-08-16,铁矿石,收盘价,738.50,-0.2%,447,2023-08-16 00:00:00,1,0,2024-07-20 12:25:21,0,2024-07-20 12:25:21,,,
2023-08-16,铁矿石,结算价,736.50,0.55%,448,2023-08-16 00:00:00,1,0,2024-07-20 12:25:21,0,2024-07-20 12:25:21,,,
2023-08-15,铁矿石,收盘价,740.00,2.07%,449,2023-08-15 00:00:00,1,0,2024-07-20 12:25:21,0,2024-07-20 12:25:21,,,
2023-08-15,铁矿石,结算价,732.50,0.55%,450,2023-08-15 00:00:00,1,0,2024-07-20 12:25:21,0,2024-07-20 12:25:21,,,
2023-08-14,铁矿石,收盘价,725.00,-1.89%,451,2023-08-14 00:00:00,1,0,2024-07-20 12:25:25,0,2024-07-20 12:25:25,,,
2023-08-14,铁矿石,结算价,728.50,0.07%,452,2023-08-14 00:00:00,1,0,2024-07-20 12:25:25,0,2024-07-20 12:25:25,,,
2023-08-11,铁矿石,收盘价,739.00,3.43%,453,2023-08-11 00:00:00,1,0,2024-07-20 12:25:25,0,2024-07-20 12:25:25,,,
2023-08-11,铁矿石,结算价,728.00,0.55%,454,2023-08-11 00:00:00,1,0,2024-07-20 12:25:25,0,2024-07-20 12:25:25,,,
2023-08-10,铁矿石,收盘价,714.50,-1.18%,455,2023-08-10 00:00:00,1,0,2024-07-20 12:25:25,0,2024-07-20 12:25:25,,,
2023-08-10,铁矿石,结算价,724.00,0.84%,456,2023-08-10 00:00:00,1,0,2024-07-20 12:25:25,0,2024-07-20 12:25:25,,,
2023-08-09,铁矿石,收盘价,723.00,0.98%,457,2023-08-09 00:00:00,1,0,2024-07-20 12:25:25,0,2024-07-20 12:25:25,,,
2023-08-09,铁矿石,结算价,718.00,-0.62%,458,2023-08-09 00:00:00,1,0,2024-07-20 12:25:25,0,2024-07-20 12:25:25,,,
2023-08-08,铁矿石,收盘价,716.00,-0.49%,459,2023-08-08 00:00:00,1,0,2024-07-20 12:25:25,0,2024-07-20 12:25:25,,,
2023-08-08,铁矿石,结算价,722.50,0.63%,460,2023-08-08 00:00:00,1,0,2024-07-20 12:25:25,0,2024-07-20 12:25:25,,,
2023-08-07,铁矿石,收盘价,719.50,-0.83%,461,2023-08-07 00:00:00,1,0,2024-07-20 12:25:25,0,2024-07-20 12:25:25,,,
2023-08-07,铁矿石,结算价,718.00,-1.78%,462,2023-08-07 00:00:00,1,0,2024-07-20 12:25:25,0,2024-07-20 12:25:25,,,
2023-08-04,铁矿石,收盘价,725.50,-10.49%,463,2023-08-04 00:00:00,1,0,2024-07-20 12:25:25,0,2024-07-20 12:25:25,,,
2023-08-04,铁矿石,结算价,731.00,-10.85%,464,2023-08-04 00:00:00,1,0,2024-07-20 12:25:25,0,2024-07-20 12:25:25,,,
2023-08-03,铁矿石,收盘价,810.50,-2.47%,465,2023-08-03 00:00:00,1,0,2024-07-20 12:25:25,0,2024-07-20 12:25:25,,,
2023-08-03,铁矿石,结算价,820.00,-1.86%,466,2023-08-03 00:00:00,1,0,2024-07-20 12:25:25,0,2024-07-20 12:25:25,,,
2023-08-02,铁矿石,收盘价,831.00,-0.89%,467,2023-08-02 00:00:00,1,0,2024-07-20 12:25:25,0,2024-07-20 12:25:25,,,
2023-08-02,铁矿石,结算价,835.50,-0.54%,468,2023-08-02 00:00:00,1,0,2024-07-20 12:25:25,0,2024-07-20 12:25:25,,,
2023-08-01,铁矿石,收盘价,838.50,-0.36%,469,2023-08-01 00:00:00,1,0,2024-07-20 12:25:25,0,2024-07-20 12:25:25,,,
2023-08-01,铁矿石,结算价,840.00,1.14%,470,2023-08-01 00:00:00,1,0,2024-07-20 12:25:25,0,2024-07-20 12:25:25,,,
2023-07-31,铁矿石,收盘价,841.50,0.84%,471,2023-07-31 00:00:00,1,0,2024-07-20 12:25:25,0,2024-07-20 12:25:25,,,
2023-07-31,铁矿石,结算价,830.50,-0.78%,472,2023-07-31 00:00:00,1,0,2024-07-20 12:25:25,0,2024-07-20 12:25:25,,,
2023-07-28,铁矿石,收盘价,834.50,-1.65%,473,2023-07-28 00:00:00,1,0,2024-07-20 12:25:25,0,2024-07-20 12:25:25,,,
2023-07-28,铁矿石,结算价,837.00,-2.39%,474,2023-07-28 00:00:00,1,0,2024-07-20 12:25:25,0,2024-07-20 12:25:25,,,
2023-07-27,铁矿石,收盘价,848.50,-2.02%,475,2023-07-27 00:00:00,1,0,2024-07-20 12:25:25,0,2024-07-20 12:25:25,,,
2023-07-27,铁矿石,结算价,857.50,-0.87%,476,2023-07-27 00:00:00,1,0,2024-07-20 12:25:25,0,2024-07-20 12:25:25,,,
2023-07-26,铁矿石,收盘价,866.00,1.11%,477,2023-07-26 00:00:00,1,0,2024-07-20 12:25:25,0,2024-07-20 12:25:25,,,
2023-07-26,铁矿石,结算价,865.00,1.65%,478,2023-07-26 00:00:00,1,0,2024-07-20 12:25:25,0,2024-07-20 12:25:25,,,
2023-07-25,铁矿石,收盘价,856.50,1.6%,479,2023-07-25 00:00:00,1,0,2024-07-20 12:25:25,0,2024-07-20 12:25:25,,,
2023-07-25,铁矿石,结算价,851.00,0.71%,480,2023-07-25 00:00:00,1,0,2024-07-20 12:25:25,0,2024-07-20 12:25:25,,,
2023-07-24,铁矿石,收盘价,843.00,-0.41%,481,2023-07-24 00:00:00,1,0,2024-07-20 12:25:28,0,2024-07-20 12:25:28,,,
2023-07-24,铁矿石,结算价,845.00,0.3%,482,2023-07-24 00:00:00,1,0,2024-07-20 12:25:28,0,2024-07-20 12:25:28,,,
2023-07-21,铁矿石,收盘价,846.50,-0.35%,483,2023-07-21 00:00:00,1,0,2024-07-20 12:25:28,0,2024-07-20 12:25:28,,,
2023-07-21,铁矿石,结算价,842.50,-0.59%,484,2023-07-21 00:00:00,1,0,2024-07-20 12:25:28,0,2024-07-20 12:25:28,,,
2023-07-20,铁矿石,收盘价,849.50,1.86%,485,2023-07-20 00:00:00,1,0,2024-07-20 12:25:28,0,2024-07-20 12:25:28,,,
2023-07-20,铁矿石,结算价,847.50,1.5%,486,2023-07-20 00:00:00,1,0,2024-07-20 12:25:28,0,2024-07-20 12:25:28,,,
2023-07-19,铁矿石,收盘价,834.00,-1.3%,487,2023-07-19 00:00:00,1,0,2024-07-20 12:25:28,0,2024-07-20 12:25:28,,,
2023-07-19,铁矿石,结算价,835.00,-0.48%,488,2023-07-19 00:00:00,1,0,2024-07-20 12:25:28,0,2024-07-20 12:25:28,,,
2023-07-18,铁矿石,收盘价,845.00,1.5%,489,2023-07-18 00:00:00,1,0,2024-07-20 12:25:28,0,2024-07-20 12:25:28,,,
2023-07-18,铁矿石,结算价,839.00,-0.06%,490,2023-07-18 00:00:00,1,0,2024-07-20 12:25:28,0,2024-07-20 12:25:28,,,
2023-07-17,铁矿石,收盘价,832.50,-1.94%,491,2023-07-17 00:00:00,1,0,2024-07-20 12:25:28,0,2024-07-20 12:25:28,,,
2023-07-17,铁矿石,结算价,839.50,-0.06%,492,2023-07-17 00:00:00,1,0,2024-07-20 12:25:28,0,2024-07-20 12:25:28,,,
2023-07-14,铁矿石,收盘价,849.00,2.41%,493,2023-07-14 00:00:00,1,0,2024-07-20 12:25:28,0,2024-07-20 12:25:28,,,
2023-07-14,铁矿石,结算价,840.00,1.45%,494,2023-07-14 00:00:00,1,0,2024-07-20 12:25:28,0,2024-07-20 12:25:28,,,
2023-07-13,铁矿石,收盘价,829.00,0.48%,495,2023-07-13 00:00:00,1,0,2024-07-20 12:25:28,0,2024-07-20 12:25:28,,,
2023-07-13,铁矿石,结算价,828.00,1.47%,496,2023-07-13 00:00:00,1,0,2024-07-20 12:25:28,0,2024-07-20 12:25:28,,,
2023-07-12,铁矿石,收盘价,825.00,2.23%,497,2023-07-12 00:00:00,1,0,2024-07-20 12:25:28,0,2024-07-20 12:25:28,,,
2023-07-12,铁矿石,结算价,816.00,1.49%,498,2023-07-12 00:00:00,1,0,2024-07-20 12:25:28,0,2024-07-20 12:25:28,,,
2023-07-11,铁矿石,收盘价,807.00,1.45%,499,2023-07-11 00:00:00,1,0,2024-07-20 12:25:28,0,2024-07-20 12:25:28,,,
2023-07-11,铁矿石,结算价,804.00,-0.31%,500,2023-07-11 00:00:00,1,0,2024-07-20 12:25:28,0,2024-07-20 12:25:28,,,
2023-07-10,铁矿石,收盘价,795.50,-2.09%,501,2023-07-10 00:00:00,1,0,2024-07-20 12:25:28,0,2024-07-20 12:25:28,,,
2023-07-10,铁矿石,结算价,806.50,-2.12%,502,2023-07-10 00:00:00,1,0,2024-07-20 12:25:28,0,2024-07-20 12:25:28,,,
2023-07-07,铁矿石,收盘价,812.50,-2.05%,503,2023-07-07 00:00:00,1,0,2024-07-20 12:25:28,0,2024-07-20 12:25:28,,,
2023-07-07,铁矿石,结算价,824.00,-0.48%,504,2023-07-07 00:00:00,1,0,2024-07-20 12:25:28,0,2024-07-20 12:25:28,,,
2023-07-06,铁矿石,收盘价,829.50,0.18%,505,2023-07-06 00:00:00,1,0,2024-07-20 12:25:28,0,2024-07-20 12:25:28,,,
2023-07-06,铁矿石,结算价,828.00,0.79%,506,2023-07-06 00:00:00,1,0,2024-07-20 12:25:28,0,2024-07-20 12:25:28,,,
2023-07-05,铁矿石,收盘价,828.00,0.85%,507,2023-07-05 00:00:00,1,0,2024-07-20 12:25:28,0,2024-07-20 12:25:28,,,
2023-07-05,铁矿石,结算价,821.50,-0.06%,508,2023-07-05 00:00:00,1,0,2024-07-20 12:25:28,0,2024-07-20 12:25:28,,,
2023-07-04,铁矿石,收盘价,821.00,0.24%,509,2023-07-04 00:00:00,1,0,2024-07-20 12:25:28,0,2024-07-20 12:25:28,,,
2023-07-04,铁矿石,结算价,822.00,0.06%,510,2023-07-04 00:00:00,1,0,2024-07-20 12:25:28,0,2024-07-20 12:25:28,,,
2023-07-03,铁矿石,收盘价,819.00,-0.43%,511,2023-07-03 00:00:00,1,0,2024-07-20 12:25:31,0,2024-07-20 12:25:31,,,
2023-07-03,铁矿石,结算价,821.50,-1.38%,512,2023-07-03 00:00:00,1,0,2024-07-20 12:25:31,0,2024-07-20 12:25:31,,,
2023-06-30,铁矿石,收盘价,822.50,-0.96%,513,2023-06-30 00:00:00,1,0,2024-07-20 12:25:31,0,2024-07-20 12:25:31,,,
2023-06-30,铁矿石,结算价,833.00,0.54%,514,2023-06-30 00:00:00,1,0,2024-07-20 12:25:31,0,2024-07-20 12:25:31,,,
2023-06-29,铁矿石,收盘价,830.50,0.%,515,2023-06-29 00:00:00,1,0,2024-07-20 12:25:31,0,2024-07-20 12:25:31,,,
2023-06-29,铁矿石,结算价,828.50,0.61%,516,2023-06-29 00:00:00,1,0,2024-07-20 12:25:31,0,2024-07-20 12:25:31,,,
2023-06-28,铁矿石,收盘价,830.50,0.79%,517,2023-06-28 00:00:00,1,0,2024-07-20 12:25:31,0,2024-07-20 12:25:31,,,
2023-06-28,铁矿石,结算价,823.50,1.6%,518,2023-06-28 00:00:00,1,0,2024-07-20 12:25:31,0,2024-07-20 12:25:31,,,
2023-06-27,铁矿石,收盘价,824.00,3.39%,519,2023-06-27 00:00:00,1,0,2024-07-20 12:25:31,0,2024-07-20 12:25:31,,,
2023-06-27,铁矿石,结算价,810.50,2.4%,520,2023-06-27 00:00:00,1,0,2024-07-20 12:25:31,0,2024-07-20 12:25:31,,,
2023-06-26,铁矿石,收盘价,797.00,-0.06%,521,2023-06-26 00:00:00,1,0,2024-07-20 12:25:31,0,2024-07-20 12:25:31,,,
2023-06-26,铁矿石,结算价,791.50,-1.12%,522,2023-06-26 00:00:00,1,0,2024-07-20 12:25:31,0,2024-07-20 12:25:31,,,
2023-06-21,铁矿石,收盘价,797.50,-1.12%,523,2023-06-21 00:00:00,1,0,2024-07-20 12:25:31,0,2024-07-20 12:25:31,,,
2023-06-21,铁矿石,结算价,800.50,-0.62%,524,2023-06-21 00:00:00,1,0,2024-07-20 12:25:31,0,2024-07-20 12:25:31,,,
2023-06-20,铁矿石,收盘价,806.50,-0.37%,525,2023-06-20 00:00:00,1,0,2024-07-20 12:25:31,0,2024-07-20 12:25:31,,,
2023-06-20,铁矿石,结算价,805.50,-1.04%,526,2023-06-20 00:00:00,1,0,2024-07-20 12:25:31,0,2024-07-20 12:25:31,,,
2023-06-19,铁矿石,收盘价,809.50,-0.67%,527,2023-06-19 00:00:00,1,0,2024-07-20 12:25:31,0,2024-07-20 12:25:31,,,
2023-06-19,铁矿石,结算价,814.00,0.43%,528,2023-06-19 00:00:00,1,0,2024-07-20 12:25:31,0,2024-07-20 12:25:31,,,
2023-06-16,铁矿石,收盘价,815.00,-0.06%,529,2023-06-16 00:00:00,1,0,2024-07-20 12:25:31,0,2024-07-20 12:25:31,,,
2023-06-16,铁矿石,结算价,810.50,-0.43%,530,2023-06-16 00:00:00,1,0,2024-07-20 12:25:31,0,2024-07-20 12:25:31,,,
2023-06-15,铁矿石,收盘价,815.50,1.37%,531,2023-06-15 00:00:00,1,0,2024-07-20 12:25:31,0,2024-07-20 12:25:31,,,
2023-06-15,铁矿石,结算价,814.00,1.24%,532,2023-06-15 00:00:00,1,0,2024-07-20 12:25:31,0,2024-07-20 12:25:31,,,
2023-06-14,铁矿石,收盘价,804.50,0.37%,533,2023-06-14 00:00:00,1,0,2024-07-20 12:25:31,0,2024-07-20 12:25:31,,,
2023-06-14,铁矿石,结算价,804.00,1.45%,534,2023-06-14 00:00:00,1,0,2024-07-20 12:25:31,0,2024-07-20 12:25:31,,,
2023-06-13,铁矿石,收盘价,801.50,2.04%,535,2023-06-13 00:00:00,1,0,2024-07-20 12:25:31,0,2024-07-20 12:25:31,,,
2023-06-13,铁矿石,结算价,792.50,-0.44%,536,2023-06-13 00:00:00,1,0,2024-07-20 12:25:31,0,2024-07-20 12:25:31,,,
2023-06-12,铁矿石,收盘价,785.50,-3.26%,537,2023-06-12 00:00:00,1,0,2024-07-20 12:25:31,0,2024-07-20 12:25:31,,,
2023-06-12,铁矿石,结算价,796.00,-0.5%,538,2023-06-12 00:00:00,1,0,2024-07-20 12:25:31,0,2024-07-20 12:25:31,,,
2023-06-09,铁矿石,收盘价,812.00,2.65%,539,2023-06-09 00:00:00,1,0,2024-07-20 12:25:31,0,2024-07-20 12:25:31,,,
2023-06-09,铁矿石,结算价,800.00,1.91%,540,2023-06-09 00:00:00,1,0,2024-07-20 12:25:31,0,2024-07-20 12:25:31,,,
2023-06-08,铁矿石,收盘价,791.00,2.73%,541,2023-06-08 00:00:00,1,0,2024-07-20 12:25:34,0,2024-07-20 12:25:34,,,
2023-06-08,铁矿石,结算价,785.00,1.88%,542,2023-06-08 00:00:00,1,0,2024-07-20 12:25:34,0,2024-07-20 12:25:34,,,
2023-06-07,铁矿石,收盘价,770.00,0.46%,543,2023-06-07 00:00:00,1,0,2024-07-20 12:25:34,0,2024-07-20 12:25:34,,,
2023-06-07,铁矿石,结算价,770.50,0.13%,544,2023-06-07 00:00:00,1,0,2024-07-20 12:25:34,0,2024-07-20 12:25:34,,,
2023-06-06,铁矿石,收盘价,766.50,0.99%,545,2023-06-06 00:00:00,1,0,2024-07-20 12:25:34,0,2024-07-20 12:25:34,,,
2023-06-06,铁矿石,结算价,769.50,1.72%,546,2023-06-06 00:00:00,1,0,2024-07-20 12:25:34,0,2024-07-20 12:25:34,,,
2023-06-05,铁矿石,收盘价,759.00,1.81%,547,2023-06-05 00:00:00,1,0,2024-07-20 12:25:34,0,2024-07-20 12:25:34,,,
2023-06-05,铁矿石,结算价,756.50,1.82%,548,2023-06-05 00:00:00,1,0,2024-07-20 12:25:34,0,2024-07-20 12:25:34,,,
2023-06-02,铁矿石,收盘价,745.50,0.34%,549,2023-06-02 00:00:00,1,0,2024-07-20 12:25:34,0,2024-07-20 12:25:34,,,
2023-06-02,铁矿石,结算价,743.00,2.55%,550,2023-06-02 00:00:00,1,0,2024-07-20 12:25:34,0,2024-07-20 12:25:34,,,
2023-06-01,铁矿石,收盘价,743.00,4.5%,551,2023-06-01 00:00:00,1,0,2024-07-20 12:25:34,0,2024-07-20 12:25:34,,,
2023-06-01,铁矿石,结算价,724.50,3.13%,552,2023-06-01 00:00:00,1,0,2024-07-20 12:25:34,0,2024-07-20 12:25:34,,,
2023-05-31,铁矿石,收盘价,711.00,0.49%,553,2023-05-31 00:00:00,1,0,2024-07-20 12:25:34,0,2024-07-20 12:25:34,,,
2023-05-31,铁矿石,结算价,702.50,-1.61%,554,2023-05-31 00:00:00,1,0,2024-07-20 12:25:34,0,2024-07-20 12:25:34,,,
2023-05-30,铁矿石,收盘价,707.50,-1.6%,555,2023-05-30 00:00:00,1,0,2024-07-20 12:25:34,0,2024-07-20 12:25:34,,,
2023-05-30,铁矿石,结算价,714.00,0.63%,556,2023-05-30 00:00:00,1,0,2024-07-20 12:25:34,0,2024-07-20 12:25:34,,,
2023-05-29,铁矿石,收盘价,719.00,1.34%,557,2023-05-29 00:00:00,1,0,2024-07-20 12:25:34,0,2024-07-20 12:25:34,,,
2023-05-29,铁矿石,结算价,709.50,3.5%,558,2023-05-29 00:00:00,1,0,2024-07-20 12:25:34,0,2024-07-20 12:25:34,,,
2023-05-26,铁矿石,收盘价,709.50,4.19%,559,2023-05-26 00:00:00,1,0,2024-07-20 12:25:34,0,2024-07-20 12:25:34,,,
2023-05-26,铁矿石,结算价,685.50,0.44%,560,2023-05-26 00:00:00,1,0,2024-07-20 12:25:34,0,2024-07-20 12:25:34,,,
2023-05-25,铁矿石,收盘价,681.00,-0.22%,561,2023-05-25 00:00:00,1,0,2024-07-20 12:25:34,0,2024-07-20 12:25:34,,,
2023-05-25,铁矿石,结算价,682.50,-2.01%,562,2023-05-25 00:00:00,1,0,2024-07-20 12:25:34,0,2024-07-20 12:25:34,,,
2023-05-24,铁矿石,收盘价,682.50,-3.47%,563,2023-05-24 00:00:00,1,0,2024-07-20 12:25:34,0,2024-07-20 12:25:34,,,
2023-05-24,铁矿石,结算价,696.50,-2.66%,564,2023-05-24 00:00:00,1,0,2024-07-20 12:25:34,0,2024-07-20 12:25:34,,,
2023-05-23,铁矿石,收盘价,707.00,-1.26%,565,2023-05-23 00:00:00,1,0,2024-07-20 12:25:34,0,2024-07-20 12:25:34,,,
2023-05-23,铁矿石,结算价,715.50,-1.78%,566,2023-05-23 00:00:00,1,0,2024-07-20 12:25:34,0,2024-07-20 12:25:34,,,
2023-05-22,铁矿石,收盘价,716.00,-2.72%,567,2023-05-22 00:00:00,1,0,2024-07-20 12:25:34,0,2024-07-20 12:25:34,,,
2023-05-22,铁矿石,结算价,728.50,-0.95%,568,2023-05-22 00:00:00,1,0,2024-07-20 12:25:34,0,2024-07-20 12:25:34,,,
2023-05-19,铁矿石,收盘价,736.00,-1.41%,569,2023-05-19 00:00:00,1,0,2024-07-20 12:25:34,0,2024-07-20 12:25:34,,,
2023-05-19,铁矿石,结算价,735.50,-1.47%,570,2023-05-19 00:00:00,1,0,2024-07-20 12:25:34,0,2024-07-20 12:25:34,,,
2023-05-18,铁矿石,收盘价,746.50,-0.13%,571,2023-05-18 00:00:00,1,0,2024-07-20 12:25:36,0,2024-07-20 12:25:36,,,
2023-05-18,铁矿石,结算价,746.50,1.91%,572,2023-05-18 00:00:00,1,0,2024-07-20 12:25:36,0,2024-07-20 12:25:36,,,
2023-05-17,铁矿石,收盘价,747.50,3.32%,573,2023-05-17 00:00:00,1,0,2024-07-20 12:25:36,0,2024-07-20 12:25:36,,,
2023-05-17,铁矿石,结算价,732.50,0.9%,574,2023-05-17 00:00:00,1,0,2024-07-20 12:25:36,0,2024-07-20 12:25:36,,,
2023-05-16,铁矿石,收盘价,723.50,-0.21%,575,2023-05-16 00:00:00,1,0,2024-07-20 12:25:36,0,2024-07-20 12:25:36,,,
2023-05-16,铁矿石,结算价,726.00,1.47%,576,2023-05-16 00:00:00,1,0,2024-07-20 12:25:36,0,2024-07-20 12:25:36,,,
2023-05-15,铁矿石,收盘价,725.00,4.02%,577,2023-05-15 00:00:00,1,0,2024-07-20 12:25:36,0,2024-07-20 12:25:36,,,
2023-05-15,铁矿石,结算价,715.50,2.8%,578,2023-05-15 00:00:00,1,0,2024-07-20 12:25:36,0,2024-07-20 12:25:36,,,
2023-05-12,铁矿石,收盘价,697.00,-0.21%,579,2023-05-12 00:00:00,1,0,2024-07-20 12:25:36,0,2024-07-20 12:25:36,,,
2023-05-12,铁矿石,结算价,696.00,-2.11%,580,2023-05-12 00:00:00,1,0,2024-07-20 12:25:36,0,2024-07-20 12:25:36,,,
2023-05-11,铁矿石,收盘价,698.50,-3.52%,581,2023-05-11 00:00:00,1,0,2024-07-20 12:25:36,0,2024-07-20 12:25:36,,,
2023-05-11,铁矿石,结算价,711.00,-1.73%,582,2023-05-11 00:00:00,1,0,2024-07-20 12:25:36,0,2024-07-20 12:25:36,,,
2023-05-10,铁矿石,收盘价,724.00,1.4%,583,2023-05-10 00:00:00,1,0,2024-07-20 12:25:36,0,2024-07-20 12:25:36,,,
2023-05-10,铁矿石,结算价,723.50,0.21%,584,2023-05-10 00:00:00,1,0,2024-07-20 12:25:36,0,2024-07-20 12:25:36,,,
2023-05-09,铁矿石,收盘价,714.00,-1.04%,585,2023-05-09 00:00:00,1,0,2024-07-20 12:25:36,0,2024-07-20 12:25:36,,,
2023-05-09,铁矿石,结算价,722.00,2.41%,586,2023-05-09 00:00:00,1,0,2024-07-20 12:25:36,0,2024-07-20 12:25:36,,,
2023-05-08,铁矿石,收盘价,721.50,3.44%,587,2023-05-08 00:00:00,1,0,2024-07-20 12:25:36,0,2024-07-20 12:25:36,,,
2023-05-08,铁矿石,结算价,705.00,2.62%,588,2023-05-08 00:00:00,1,0,2024-07-20 12:25:36,0,2024-07-20 12:25:36,,,
2023-05-05,铁矿石,收盘价,697.50,-0.14%,589,2023-05-05 00:00:00,1,0,2024-07-20 12:25:36,0,2024-07-20 12:25:36,,,
2023-05-05,铁矿石,结算价,687.00,-2.48%,590,2023-05-05 00:00:00,1,0,2024-07-20 12:25:36,0,2024-07-20 12:25:36,,,
2023-05-04,铁矿石,收盘价,698.50,-2.17%,591,2023-05-04 00:00:00,1,0,2024-07-20 12:25:36,0,2024-07-20 12:25:36,,,
2023-05-04,铁矿石,结算价,704.50,-1.47%,592,2023-05-04 00:00:00,1,0,2024-07-20 12:25:36,0,2024-07-20 12:25:36,,,
2023-04-28,铁矿石,收盘价,714.00,0.07%,593,2023-04-28 00:00:00,1,0,2024-07-20 12:25:36,0,2024-07-20 12:25:36,,,
2023-04-28,铁矿石,结算价,715.00,-0.83%,594,2023-04-28 00:00:00,1,0,2024-07-20 12:25:36,0,2024-07-20 12:25:36,,,
2023-04-27,铁矿石,收盘价,713.50,-0.42%,595,2023-04-27 00:00:00,1,0,2024-07-20 12:25:36,0,2024-07-20 12:25:36,,,
2023-04-27,铁矿石,结算价,721.00,1.62%,596,2023-04-27 00:00:00,1,0,2024-07-20 12:25:36,0,2024-07-20 12:25:36,,,
2023-04-26,铁矿石,收盘价,716.50,0.77%,597,2023-04-26 00:00:00,1,0,2024-07-20 12:25:36,0,2024-07-20 12:25:36,,,
2023-04-26,铁矿石,结算价,709.50,-1.32%,598,2023-04-26 00:00:00,1,0,2024-07-20 12:25:36,0,2024-07-20 12:25:36,,,
2023-04-25,铁矿石,收盘价,711.00,-1.46%,599,2023-04-25 00:00:00,1,0,2024-07-20 12:25:36,0,2024-07-20 12:25:36,,,
2023-04-25,铁矿石,结算价,719.00,-0.76%,600,2023-04-25 00:00:00,1,0,2024-07-20 12:25:36,0,2024-07-20 12:25:36,,,
2023-04-24,铁矿石,收盘价,721.50,-1.23%,601,2023-04-24 00:00:00,1,0,2024-07-20 12:25:40,0,2024-07-20 12:25:40,,,
2023-04-24,铁矿石,结算价,724.50,-2.69%,602,2023-04-24 00:00:00,1,0,2024-07-20 12:25:40,0,2024-07-20 12:25:40,,,
2023-04-21,铁矿石,收盘价,730.50,-4.07%,603,2023-04-21 00:00:00,1,0,2024-07-20 12:25:40,0,2024-07-20 12:25:40,,,
2023-04-21,铁矿石,结算价,744.50,-3.%,604,2023-04-21 00:00:00,1,0,2024-07-20 12:25:40,0,2024-07-20 12:25:40,,,
2023-04-20,铁矿石,收盘价,761.50,-2.06%,605,2023-04-20 00:00:00,1,0,2024-07-20 12:25:40,0,2024-07-20 12:25:40,,,
2023-04-20,铁矿石,结算价,767.50,-1.85%,606,2023-04-20 00:00:00,1,0,2024-07-20 12:25:40,0,2024-07-20 12:25:40,,,
2023-04-19,铁矿石,收盘价,777.50,-0.83%,607,2023-04-19 00:00:00,1,0,2024-07-20 12:25:40,0,2024-07-20 12:25:40,,,
2023-04-19,铁矿石,结算价,782.00,-0.38%,608,2023-04-19 00:00:00,1,0,2024-07-20 12:25:40,0,2024-07-20 12:25:40,,,
2023-04-18,铁矿石,收盘价,784.00,1.1%,609,2023-04-18 00:00:00,1,0,2024-07-20 12:25:40,0,2024-07-20 12:25:40,,,
2023-04-18,铁矿石,结算价,785.00,2.21%,610,2023-04-18 00:00:00,1,0,2024-07-20 12:25:40,0,2024-07-20 12:25:40,,,
2023-04-17,铁矿石,收盘价,775.50,0.91%,611,2023-04-17 00:00:00,1,0,2024-07-20 12:25:40,0,2024-07-20 12:25:40,,,
2023-04-17,铁矿石,结算价,768.00,-1.03%,612,2023-04-17 00:00:00,1,0,2024-07-20 12:25:40,0,2024-07-20 12:25:40,,,
2023-04-14,铁矿石,收盘价,768.50,-0.07%,613,2023-04-14 00:00:00,1,0,2024-07-20 12:25:40,0,2024-07-20 12:25:40,,,
2023-04-14,铁矿石,结算价,776.00,0.13%,614,2023-04-14 00:00:00,1,0,2024-07-20 12:25:40,0,2024-07-20 12:25:40,,,
2023-04-13,铁矿石,收盘价,769.00,-2.41%,615,2023-04-13 00:00:00,1,0,2024-07-20 12:25:40,0,2024-07-20 12:25:40,,,
2023-04-13,铁矿石,结算价,775.00,-2.33%,616,2023-04-13 00:00:00,1,0,2024-07-20 12:25:40,0,2024-07-20 12:25:40,,,
2023-04-12,铁矿石,收盘价,788.00,-1.31%,617,2023-04-12 00:00:00,1,0,2024-07-20 12:25:40,0,2024-07-20 12:25:40,,,
2023-04-12,铁矿石,结算价,793.50,0.95%,618,2023-04-12 00:00:00,1,0,2024-07-20 12:25:40,0,2024-07-20 12:25:40,,,
2023-04-11,铁矿石,收盘价,798.50,2.77%,619,2023-04-11 00:00:00,1,0,2024-07-20 12:25:40,0,2024-07-20 12:25:40,,,
2023-04-11,铁矿石,结算价,786.00,-0.06%,620,2023-04-11 00:00:00,1,0,2024-07-20 12:25:40,0,2024-07-20 12:25:40,,,
2023-04-10,铁矿石,收盘价,777.00,-2.33%,621,2023-04-10 00:00:00,1,0,2024-07-20 12:25:40,0,2024-07-20 12:25:40,,,
2023-04-10,铁矿石,结算价,786.50,-0.63%,622,2023-04-10 00:00:00,1,0,2024-07-20 12:25:40,0,2024-07-20 12:25:40,,,
2023-04-07,铁矿石,收盘价,795.50,0.32%,623,2023-04-07 00:00:00,1,0,2024-07-20 12:25:40,0,2024-07-20 12:25:40,,,
2023-04-07,铁矿石,结算价,791.50,-0.38%,624,2023-04-07 00:00:00,1,0,2024-07-20 12:25:40,0,2024-07-20 12:25:40,,,
2023-04-06,铁矿石,收盘价,793.00,-0.56%,625,2023-04-06 00:00:00,1,0,2024-07-20 12:25:40,0,2024-07-20 12:25:40,,,
2023-04-06,铁矿石,结算价,794.50,-0.81%,626,2023-04-06 00:00:00,1,0,2024-07-20 12:25:40,0,2024-07-20 12:25:40,,,
2023-04-04,铁矿石,收盘价,797.50,-10.44%,627,2023-04-04 00:00:00,1,0,2024-07-20 12:25:40,0,2024-07-20 12:25:40,,,
2023-04-04,铁矿石,结算价,801.00,-11.%,628,2023-04-04 00:00:00,1,0,2024-07-20 12:25:40,0,2024-07-20 12:25:40,,,
2023-04-03,铁矿石,收盘价,890.50,-1.82%,629,2023-04-03 00:00:00,1,0,2024-07-20 12:25:40,0,2024-07-20 12:25:40,,,
2023-04-03,铁矿石,结算价,900.00,-0.99%,630,2023-04-03 00:00:00,1,0,2024-07-20 12:25:40,0,2024-07-20 12:25:40,,,
2023-03-31,铁矿石,收盘价,907.00,0.17%,631,2023-03-31 00:00:00,1,0,2024-07-20 12:25:43,0,2024-07-20 12:25:43,,,
2023-03-31,铁矿石,结算价,909.00,1.39%,632,2023-03-31 00:00:00,1,0,2024-07-20 12:25:43,0,2024-07-20 12:25:43,,,
2023-03-30,铁矿石,收盘价,905.50,1.68%,633,2023-03-30 00:00:00,1,0,2024-07-20 12:25:43,0,2024-07-20 12:25:43,,,
2023-03-30,铁矿石,结算价,896.50,0.9%,634,2023-03-30 00:00:00,1,0,2024-07-20 12:25:43,0,2024-07-20 12:25:43,,,
2023-03-29,铁矿石,收盘价,890.50,0.96%,635,2023-03-29 00:00:00,1,0,2024-07-20 12:25:43,0,2024-07-20 12:25:43,,,
2023-03-29,铁矿石,结算价,888.50,1.31%,636,2023-03-29 00:00:00,1,0,2024-07-20 12:25:43,0,2024-07-20 12:25:43,,,
2023-03-28,铁矿石,收盘价,882.00,0.97%,637,2023-03-28 00:00:00,1,0,2024-07-20 12:25:43,0,2024-07-20 12:25:43,,,
2023-03-28,铁矿石,结算价,877.00,1.21%,638,2023-03-28 00:00:00,1,0,2024-07-20 12:25:43,0,2024-07-20 12:25:43,,,
2023-03-27,铁矿石,收盘价,873.50,0.81%,639,2023-03-27 00:00:00,1,0,2024-07-20 12:25:43,0,2024-07-20 12:25:43,,,
2023-03-27,铁矿石,结算价,866.50,1.35%,640,2023-03-27 00:00:00,1,0,2024-07-20 12:25:43,0,2024-07-20 12:25:43,,,
2023-03-24,铁矿石,收盘价,866.50,1.46%,641,2023-03-24 00:00:00,1,0,2024-07-20 12:25:43,0,2024-07-20 12:25:43,,,
2023-03-24,铁矿石,结算价,855.00,-1.04%,642,2023-03-24 00:00:00,1,0,2024-07-20 12:25:43,0,2024-07-20 12:25:43,,,
2023-03-23,铁矿石,收盘价,854.00,-1.33%,643,2023-03-23 00:00:00,1,0,2024-07-20 12:25:43,0,2024-07-20 12:25:43,,,
2023-03-23,铁矿石,结算价,864.00,-0.86%,644,2023-03-23 00:00:00,1,0,2024-07-20 12:25:43,0,2024-07-20 12:25:43,,,
2023-03-22,铁矿石,收盘价,865.50,-1.54%,645,2023-03-22 00:00:00,1,0,2024-07-20 12:25:43,0,2024-07-20 12:25:43,,,
2023-03-22,铁矿石,结算价,871.50,-1.47%,646,2023-03-22 00:00:00,1,0,2024-07-20 12:25:43,0,2024-07-20 12:25:43,,,
2023-03-21,铁矿石,收盘价,879.00,-0.45%,647,2023-03-21 00:00:00,1,0,2024-07-20 12:25:43,0,2024-07-20 12:25:43,,,
2023-03-21,铁矿石,结算价,884.50,-1.61%,648,2023-03-21 00:00:00,1,0,2024-07-20 12:25:43,0,2024-07-20 12:25:43,,,
2023-03-20,铁矿石,收盘价,883.00,4.19%,649,2023-03-20 00:00:00,1,0,2024-07-20 12:25:43,0,2024-07-20 12:25:43,,,
2023-03-20,铁矿石,结算价,899.00,7.28%,650,2023-03-20 00:00:00,1,0,2024-07-20 12:25:43,0,2024-07-20 12:25:43,,,
2023-03-17,铁矿石,收盘价,847.50,-6.04%,651,2023-03-17 00:00:00,1,0,2024-07-20 12:25:43,0,2024-07-20 12:25:43,,,
2023-03-17,铁矿石,结算价,838.00,-8.01%,652,2023-03-17 00:00:00,1,0,2024-07-20 12:25:43,0,2024-07-20 12:25:43,,,
2023-03-16,铁矿石,收盘价,902.00,-2.64%,653,2023-03-16 00:00:00,1,0,2024-07-20 12:25:43,0,2024-07-20 12:25:43,,,
2023-03-16,铁矿石,结算价,911.00,-1.83%,654,2023-03-16 00:00:00,1,0,2024-07-20 12:25:43,0,2024-07-20 12:25:43,,,
2023-03-15,铁矿石,收盘价,926.50,0.71%,655,2023-03-15 00:00:00,1,0,2024-07-20 12:25:43,0,2024-07-20 12:25:43,,,
2023-03-15,铁矿石,结算价,928.00,0.16%,656,2023-03-15 00:00:00,1,0,2024-07-20 12:25:43,0,2024-07-20 12:25:43,,,
2023-03-14,铁矿石,收盘价,920.00,-0.97%,657,2023-03-14 00:00:00,1,0,2024-07-20 12:25:43,0,2024-07-20 12:25:43,,,
2023-03-14,铁矿石,结算价,926.50,0.49%,658,2023-03-14 00:00:00,1,0,2024-07-20 12:25:43,0,2024-07-20 12:25:43,,,
2023-03-13,铁矿石,收盘价,929.00,2.09%,659,2023-03-13 00:00:00,1,0,2024-07-20 12:25:43,0,2024-07-20 12:25:43,,,
2023-03-13,铁矿石,结算价,922.00,-0.27%,660,2023-03-13 00:00:00,1,0,2024-07-20 12:25:43,0,2024-07-20 12:25:43,,,
2023-03-10,铁矿石,收盘价,910.00,-0.71%,661,2023-03-10 00:00:00,1,0,2024-07-20 12:25:47,0,2024-07-20 12:25:47,,,
2023-03-10,铁矿石,结算价,924.50,1.71%,662,2023-03-10 00:00:00,1,0,2024-07-20 12:25:47,0,2024-07-20 12:25:47,,,
2023-03-09,铁矿石,收盘价,916.50,0.49%,663,2023-03-09 00:00:00,1,0,2024-07-20 12:25:47,0,2024-07-20 12:25:47,,,
2023-03-09,铁矿石,结算价,909.00,-0.22%,664,2023-03-09 00:00:00,1,0,2024-07-20 12:25:47,0,2024-07-20 12:25:47,,,
2023-03-08,铁矿石,收盘价,912.00,0.27%,665,2023-03-08 00:00:00,1,0,2024-07-20 12:25:47,0,2024-07-20 12:25:47,,,
2023-03-08,铁矿石,结算价,911.00,0.72%,666,2023-03-08 00:00:00,1,0,2024-07-20 12:25:47,0,2024-07-20 12:25:47,,,
2023-03-07,铁矿石,收盘价,909.50,1.39%,667,2023-03-07 00:00:00,1,0,2024-07-20 12:25:47,0,2024-07-20 12:25:47,,,
2023-03-07,铁矿石,结算价,904.50,0.78%,668,2023-03-07 00:00:00,1,0,2024-07-20 12:25:47,0,2024-07-20 12:25:47,,,
2023-03-06,铁矿石,收盘价,897.00,-2.39%,669,2023-03-06 00:00:00,1,0,2024-07-20 12:25:47,0,2024-07-20 12:25:47,,,
2023-03-06,铁矿石,结算价,897.50,-2.07%,670,2023-03-06 00:00:00,1,0,2024-07-20 12:25:47,0,2024-07-20 12:25:47,,,
2023-03-03,铁矿石,收盘价,919.00,0.71%,671,2023-03-03 00:00:00,1,0,2024-07-20 12:25:47,0,2024-07-20 12:25:47,,,
2023-03-03,铁矿石,结算价,916.50,0.77%,672,2023-03-03 00:00:00,1,0,2024-07-20 12:25:47,0,2024-07-20 12:25:47,,,
2023-03-02,铁矿石,收盘价,912.50,0.44%,673,2023-03-02 00:00:00,1,0,2024-07-20 12:25:47,0,2024-07-20 12:25:47,,,
2023-03-02,铁矿石,结算价,909.50,1.22%,674,2023-03-02 00:00:00,1,0,2024-07-20 12:25:47,0,2024-07-20 12:25:47,,,
2023-03-01,铁矿石,收盘价,908.50,2.25%,675,2023-03-01 00:00:00,1,0,2024-07-20 12:25:47,0,2024-07-20 12:25:47,,,
2023-03-01,铁矿石,结算价,898.50,1.3%,676,2023-03-01 00:00:00,1,0,2024-07-20 12:25:47,0,2024-07-20 12:25:47,,,
2023-02-28,铁矿石,收盘价,888.50,0.34%,677,2023-02-28 00:00:00,1,0,2024-07-20 12:25:47,0,2024-07-20 12:25:47,,,
2023-02-28,铁矿石,结算价,887.00,-0.95%,678,2023-02-28 00:00:00,1,0,2024-07-20 12:25:47,0,2024-07-20 12:25:47,,,
2023-02-27,铁矿石,收盘价,885.50,-2.64%,679,2023-02-27 00:00:00,1,0,2024-07-20 12:25:47,0,2024-07-20 12:25:47,,,
2023-02-27,铁矿石,结算价,895.50,-1.43%,680,2023-02-27 00:00:00,1,0,2024-07-20 12:25:47,0,2024-07-20 12:25:47,,,
2023-02-24,铁矿石,收盘价,909.50,0.11%,681,2023-02-24 00:00:00,1,0,2024-07-20 12:25:47,0,2024-07-20 12:25:47,,,
2023-02-24,铁矿石,结算价,908.50,-0.33%,682,2023-02-24 00:00:00,1,0,2024-07-20 12:25:47,0,2024-07-20 12:25:47,,,
2023-02-23,铁矿石,收盘价,908.50,-0.11%,683,2023-02-23 00:00:00,1,0,2024-07-20 12:25:47,0,2024-07-20 12:25:47,,,
2023-02-23,铁矿石,结算价,911.50,-0.16%,684,2023-02-23 00:00:00,1,0,2024-07-20 12:25:47,0,2024-07-20 12:25:47,,,
2023-02-22,铁矿石,收盘价,909.50,-1.03%,685,2023-02-22 00:00:00,1,0,2024-07-20 12:25:47,0,2024-07-20 12:25:47,,,
2023-02-22,铁矿石,结算价,913.00,0.%,686,2023-02-22 00:00:00,1,0,2024-07-20 12:25:47,0,2024-07-20 12:25:47,,,
2023-02-21,铁矿石,收盘价,919.00,2.8%,687,2023-02-21 00:00:00,1,0,2024-07-20 12:25:47,0,2024-07-20 12:25:47,,,
2023-02-21,铁矿石,结算价,913.00,2.76%,688,2023-02-21 00:00:00,1,0,2024-07-20 12:25:47,0,2024-07-20 12:25:47,,,
2023-02-20,铁矿石,收盘价,894.00,0.51%,689,2023-02-20 00:00:00,1,0,2024-07-20 12:25:47,0,2024-07-20 12:25:47,,,
2023-02-20,铁矿石,结算价,888.50,0.4%,690,2023-02-20 00:00:00,1,0,2024-07-20 12:25:47,0,2024-07-20 12:25:47,,,
2023-02-17,铁矿石,收盘价,889.50,1.08%,691,2023-02-17 00:00:00,1,0,2024-07-20 12:25:49,0,2024-07-20 12:25:49,,,
2023-02-17,铁矿石,结算价,885.00,1.49%,692,2023-02-17 00:00:00,1,0,2024-07-20 12:25:49,0,2024-07-20 12:25:49,,,
2023-02-16,铁矿石,收盘价,880.00,1.68%,693,2023-02-16 00:00:00,1,0,2024-07-20 12:25:49,0,2024-07-20 12:25:49,,,
2023-02-16,铁矿石,结算价,872.00,0.87%,694,2023-02-16 00:00:00,1,0,2024-07-20 12:25:49,0,2024-07-20 12:25:49,,,
2023-02-15,铁矿石,收盘价,865.50,1.05%,695,2023-02-15 00:00:00,1,0,2024-07-20 12:25:49,0,2024-07-20 12:25:49,,,
2023-02-15,铁矿石,结算价,864.50,2.07%,696,2023-02-15 00:00:00,1,0,2024-07-20 12:25:49,0,2024-07-20 12:25:49,,,
2023-02-14,铁矿石,收盘价,856.50,1.78%,697,2023-02-14 00:00:00,1,0,2024-07-20 12:25:49,0,2024-07-20 12:25:49,,,
2023-02-14,铁矿石,结算价,847.00,-0.7%,698,2023-02-14 00:00:00,1,0,2024-07-20 12:25:49,0,2024-07-20 12:25:49,,,
2023-02-13,铁矿石,收盘价,841.50,-2.55%,699,2023-02-13 00:00:00,1,0,2024-07-20 12:25:49,0,2024-07-20 12:25:49,,,
2023-02-13,铁矿石,结算价,853.00,-0.87%,700,2023-02-13 00:00:00,1,0,2024-07-20 12:25:49,0,2024-07-20 12:25:49,,,
2023-02-10,铁矿石,收盘价,863.50,0.06%,701,2023-02-10 00:00:00,1,0,2024-07-20 12:25:49,0,2024-07-20 12:25:49,,,
2023-02-10,铁矿石,结算价,860.50,0.41%,702,2023-02-10 00:00:00,1,0,2024-07-20 12:25:49,0,2024-07-20 12:25:49,,,
2023-02-09,铁矿石,收盘价,863.00,1.77%,703,2023-02-09 00:00:00,1,0,2024-07-20 12:25:49,0,2024-07-20 12:25:49,,,
2023-02-09,铁矿石,结算价,857.00,1.9%,704,2023-02-09 00:00:00,1,0,2024-07-20 12:25:49,0,2024-07-20 12:25:49,,,
2023-02-08,铁矿石,收盘价,848.00,0.89%,705,2023-02-08 00:00:00,1,0,2024-07-20 12:25:49,0,2024-07-20 12:25:49,,,
2023-02-08,铁矿石,结算价,841.00,-0.12%,706,2023-02-08 00:00:00,1,0,2024-07-20 12:25:49,0,2024-07-20 12:25:49,,,
2023-02-07,铁矿石,收盘价,840.50,-1.52%,707,2023-02-07 00:00:00,1,0,2024-07-20 12:25:49,0,2024-07-20 12:25:49,,,
2023-02-07,铁矿石,结算价,842.00,-0.47%,708,2023-02-07 00:00:00,1,0,2024-07-20 12:25:49,0,2024-07-20 12:25:49,,,
2023-02-06,铁矿石,收盘价,853.50,0.%,709,2023-02-06 00:00:00,1,0,2024-07-20 12:25:49,0,2024-07-20 12:25:49,,,
2023-02-06,铁矿石,结算价,846.00,0.%,710,2023-02-06 00:00:00,1,0,2024-07-20 12:25:49,0,2024-07-20 12:25:49,,,
2023-02-03,铁矿石,收盘价,853.50,1.43%,711,2023-02-03 00:00:00,1,0,2024-07-20 12:25:49,0,2024-07-20 12:25:49,,,
2023-02-03,铁矿石,结算价,846.00,-1.23%,712,2023-02-03 00:00:00,1,0,2024-07-20 12:25:49,0,2024-07-20 12:25:49,,,
2023-02-02,铁矿石,收盘价,841.50,-2.94%,713,2023-02-02 00:00:00,1,0,2024-07-20 12:25:49,0,2024-07-20 12:25:49,,,
2023-02-02,铁矿石,结算价,856.50,-1.61%,714,2023-02-02 00:00:00,1,0,2024-07-20 12:25:49,0,2024-07-20 12:25:49,,,
2023-02-01,铁矿石,收盘价,867.00,0.12%,715,2023-02-01 00:00:00,1,0,2024-07-20 12:25:49,0,2024-07-20 12:25:49,,,
2023-02-01,铁矿石,结算价,870.50,-0.29%,716,2023-02-01 00:00:00,1,0,2024-07-20 12:25:49,0,2024-07-20 12:25:49,,,
2023-01-31,铁矿石,收盘价,866.00,-0.86%,717,2023-01-31 00:00:00,1,0,2024-07-20 12:25:49,0,2024-07-20 12:25:49,,,
2023-01-31,铁矿石,结算价,873.00,-0.51%,718,2023-01-31 00:00:00,1,0,2024-07-20 12:25:49,0,2024-07-20 12:25:49,,,
2023-01-30,铁矿石,收盘价,873.50,0.98%,719,2023-01-30 00:00:00,1,0,2024-07-20 12:25:49,0,2024-07-20 12:25:49,,,
2023-01-30,铁矿石,结算价,877.50,2.45%,720,2023-01-30 00:00:00,1,0,2024-07-20 12:25:49,0,2024-07-20 12:25:49,,,
2023-01-20,铁矿石,收盘价,865.00,1.47%,721,2023-01-20 00:00:00,1,0,2024-07-20 12:25:52,0,2024-07-20 12:25:52,,,
2023-01-20,铁矿石,结算价,856.50,0.76%,722,2023-01-20 00:00:00,1,0,2024-07-20 12:25:52,0,2024-07-20 12:25:52,,,
2023-01-19,铁矿石,收盘价,852.50,1.31%,723,2023-01-19 00:00:00,1,0,2024-07-20 12:25:52,0,2024-07-20 12:25:52,,,
2023-01-19,铁矿石,结算价,850.00,1.25%,724,2023-01-19 00:00:00,1,0,2024-07-20 12:25:52,0,2024-07-20 12:25:52,,,
2023-01-18,铁矿石,收盘价,841.50,0.78%,725,2023-01-18 00:00:00,1,0,2024-07-20 12:25:52,0,2024-07-20 12:25:52,,,
2023-01-18,铁矿石,结算价,839.50,0.66%,726,2023-01-18 00:00:00,1,0,2024-07-20 12:25:52,0,2024-07-20 12:25:52,,,
2023-01-17,铁矿石,收盘价,835.00,0.3%,727,2023-01-17 00:00:00,1,0,2024-07-20 12:25:52,0,2024-07-20 12:25:52,,,
2023-01-17,铁矿石,结算价,834.00,-1.42%,728,2023-01-17 00:00:00,1,0,2024-07-20 12:25:52,0,2024-07-20 12:25:52,,,
2023-01-16,铁矿石,收盘价,832.50,-5.51%,729,2023-01-16 00:00:00,1,0,2024-07-20 12:25:52,0,2024-07-20 12:25:52,,,
2023-01-16,铁矿石,结算价,846.00,-2.76%,730,2023-01-16 00:00:00,1,0,2024-07-20 12:25:52,0,2024-07-20 12:25:52,,,
2023-01-13,铁矿石,收盘价,881.00,2.98%,731,2023-01-13 00:00:00,1,0,2024-07-20 12:25:52,0,2024-07-20 12:25:52,,,
2023-01-13,铁矿石,结算价,870.00,2.11%,732,2023-01-13 00:00:00,1,0,2024-07-20 12:25:52,0,2024-07-20 12:25:52,,,
2023-01-12,铁矿石,收盘价,855.50,0.94%,733,2023-01-12 00:00:00,1,0,2024-07-20 12:25:52,0,2024-07-20 12:25:52,,,
2023-01-12,铁矿石,结算价,852.00,0.95%,734,2023-01-12 00:00:00,1,0,2024-07-20 12:25:52,0,2024-07-20 12:25:52,,,
2023-01-11,铁矿石,收盘价,847.50,0.95%,735,2023-01-11 00:00:00,1,0,2024-07-20 12:25:52,0,2024-07-20 12:25:52,,,
2023-01-11,铁矿石,结算价,844.00,1.2%,736,2023-01-11 00:00:00,1,0,2024-07-20 12:25:52,0,2024-07-20 12:25:52,,,
2023-01-10,铁矿石,收盘价,839.50,2.%,737,2023-01-10 00:00:00,1,0,2024-07-20 12:25:52,0,2024-07-20 12:25:52,,,
2023-01-10,铁矿石,结算价,834.00,0.54%,738,2023-01-10 00:00:00,1,0,2024-07-20 12:25:52,0,2024-07-20 12:25:52,,,
2023-01-09,铁矿石,收盘价,823.00,-3.74%,739,2023-01-09 00:00:00,1,0,2024-07-20 12:25:52,0,2024-07-20 12:25:52,,,
2023-01-09,铁矿石,结算价,829.50,-1.72%,740,2023-01-09 00:00:00,1,0,2024-07-20 12:25:52,0,2024-07-20 12:25:52,,,
2023-01-06,铁矿石,收盘价,855.00,1.79%,741,2023-01-06 00:00:00,1,0,2024-07-20 12:25:52,0,2024-07-20 12:25:52,,,
2023-01-06,铁矿石,结算价,844.00,0.54%,742,2023-01-06 00:00:00,1,0,2024-07-20 12:25:52,0,2024-07-20 12:25:52,,,
2023-01-05,铁矿石,收盘价,840.00,-0.77%,743,2023-01-05 00:00:00,1,0,2024-07-20 12:25:52,0,2024-07-20 12:25:52,,,
2023-01-05,铁矿石,结算价,839.50,-1.29%,744,2023-01-05 00:00:00,1,0,2024-07-20 12:25:52,0,2024-07-20 12:25:52,,,
2023-01-04,铁矿石,收盘价,846.50,-0.59%,745,2023-01-04 00:00:00,1,0,2024-07-20 12:25:52,0,2024-07-20 12:25:52,,,
2023-01-04,铁矿石,结算价,850.50,0.12%,746,2023-01-04 00:00:00,1,0,2024-07-20 12:25:52,0,2024-07-20 12:25:52,,,
2023-01-03,铁矿石,收盘价,851.50,-1.33%,747,2023-01-03 00:00:00,1,0,2024-07-20 12:25:52,0,2024-07-20 12:25:52,,,
2023-01-03,铁矿石,结算价,849.50,-0.64%,748,2023-01-03 00:00:00,1,0,2024-07-20 12:25:52,0,2024-07-20 12:25:52,,,
2022-12-30,铁矿石,收盘价,863.00,2.13%,749,2022-12-30 00:00:00,1,0,2024-07-20 12:25:52,0,2024-07-20 12:25:52,,,
2022-12-30,铁矿石,结算价,855.00,1.85%,750,2022-12-30 00:00:00,1,0,2024-07-20 12:25:52,0,2024-07-20 12:25:52,,,
2022-12-29,铁矿石,收盘价,845.00,1.14%,751,2022-12-29 00:00:00,1,0,2024-07-20 12:25:56,0,2024-07-20 12:25:56,,,
2022-12-29,铁矿石,结算价,839.50,0.9%,752,2022-12-29 00:00:00,1,0,2024-07-20 12:25:56,0,2024-07-20 12:25:56,,,
2022-12-28,铁矿石,收盘价,835.50,-0.06%,753,2022-12-28 00:00:00,1,0,2024-07-20 12:25:56,0,2024-07-20 12:25:56,,,
2022-12-28,铁矿石,结算价,832.00,0.3%,754,2022-12-28 00:00:00,1,0,2024-07-20 12:25:56,0,2024-07-20 12:25:56,,,
2022-12-27,铁矿石,收盘价,836.00,0.97%,755,2022-12-27 00:00:00,1,0,2024-07-20 12:25:56,0,2024-07-20 12:25:56,,,
2022-12-27,铁矿石,结算价,829.50,1.04%,756,2022-12-27 00:00:00,1,0,2024-07-20 12:25:56,0,2024-07-20 12:25:56,,,
2022-12-26,铁矿石,收盘价,828.00,0.36%,757,2022-12-26 00:00:00,1,0,2024-07-20 12:25:56,0,2024-07-20 12:25:56,,,
2022-12-26,铁矿石,结算价,821.00,0.49%,758,2022-12-26 00:00:00,1,0,2024-07-20 12:25:56,0,2024-07-20 12:25:56,,,
2022-12-23,铁矿石,收盘价,825.00,0.92%,759,2022-12-23 00:00:00,1,0,2024-07-20 12:25:56,0,2024-07-20 12:25:56,,,
2022-12-23,铁矿石,结算价,817.00,-1.15%,760,2022-12-23 00:00:00,1,0,2024-07-20 12:25:56,0,2024-07-20 12:25:56,,,
2022-12-22,铁矿石,收盘价,817.50,-1.39%,761,2022-12-22 00:00:00,1,0,2024-07-20 12:25:56,0,2024-07-20 12:25:56,,,
2022-12-22,铁矿石,结算价,826.50,1.79%,762,2022-12-22 00:00:00,1,0,2024-07-20 12:25:56,0,2024-07-20 12:25:56,,,
2022-12-21,铁矿石,收盘价,829.00,3.05%,763,2022-12-21 00:00:00,1,0,2024-07-20 12:25:56,0,2024-07-20 12:25:56,,,
2022-12-21,铁矿石,结算价,812.00,1.44%,764,2022-12-21 00:00:00,1,0,2024-07-20 12:25:56,0,2024-07-20 12:25:56,,,
2022-12-20,铁矿石,收盘价,804.50,1.39%,765,2022-12-20 00:00:00,1,0,2024-07-20 12:25:56,0,2024-07-20 12:25:56,,,
2022-12-20,铁矿石,结算价,800.50,-0.31%,766,2022-12-20 00:00:00,1,0,2024-07-20 12:25:56,0,2024-07-20 12:25:56,,,
2022-12-19,铁矿石,收盘价,793.50,-3.35%,767,2022-12-19 00:00:00,1,0,2024-07-20 12:25:56,0,2024-07-20 12:25:56,,,
2022-12-19,铁矿石,结算价,803.00,-2.55%,768,2022-12-19 00:00:00,1,0,2024-07-20 12:25:56,0,2024-07-20 12:25:56,,,
2022-12-16,铁矿石,收盘价,821.00,-1.08%,769,2022-12-16 00:00:00,1,0,2024-07-20 12:25:56,0,2024-07-20 12:25:56,,,
2022-12-16,铁矿石,结算价,824.00,0.86%,770,2022-12-16 00:00:00,1,0,2024-07-20 12:25:56,0,2024-07-20 12:25:56,,,
2022-12-15,铁矿石,收盘价,830.00,2.66%,771,2022-12-15 00:00:00,1,0,2024-07-20 12:25:56,0,2024-07-20 12:25:56,,,
2022-12-15,铁矿石,结算价,817.00,1.62%,772,2022-12-15 00:00:00,1,0,2024-07-20 12:25:56,0,2024-07-20 12:25:56,,,
2022-12-14,铁矿石,收盘价,808.50,0.%,773,2022-12-14 00:00:00,1,0,2024-07-20 12:25:56,0,2024-07-20 12:25:56,,,
2022-12-14,铁矿石,结算价,804.00,0.75%,774,2022-12-14 00:00:00,1,0,2024-07-20 12:25:56,0,2024-07-20 12:25:56,,,
2022-12-13,铁矿石,收盘价,808.50,0.75%,775,2022-12-13 00:00:00,1,0,2024-07-20 12:25:56,0,2024-07-20 12:25:56,,,
2022-12-13,铁矿石,结算价,798.00,-1.48%,776,2022-12-13 00:00:00,1,0,2024-07-20 12:25:56,0,2024-07-20 12:25:56,,,
2022-12-12,铁矿石,收盘价,802.50,-1.47%,777,2022-12-12 00:00:00,1,0,2024-07-20 12:25:56,0,2024-07-20 12:25:56,,,
2022-12-12,铁矿石,结算价,810.00,0.12%,778,2022-12-12 00:00:00,1,0,2024-07-20 12:25:56,0,2024-07-20 12:25:56,,,
2022-12-09,铁矿石,收盘价,814.50,3.1%,779,2022-12-09 00:00:00,1,0,2024-07-20 12:25:56,0,2024-07-20 12:25:56,,,
2022-12-09,铁矿石,结算价,809.00,3.98%,780,2022-12-09 00:00:00,1,0,2024-07-20 12:25:56,0,2024-07-20 12:25:56,,,
2022-12-08,铁矿石,收盘价,790.00,3.27%,781,2022-12-08 00:00:00,1,0,2024-07-20 12:25:58,0,2024-07-20 12:25:58,,,
2022-12-08,铁矿石,结算价,778.00,-0.13%,782,2022-12-08 00:00:00,1,0,2024-07-20 12:25:58,0,2024-07-20 12:25:58,,,
2022-12-07,铁矿石,收盘价,765.00,-1.92%,783,2022-12-07 00:00:00,1,0,2024-07-20 12:25:58,0,2024-07-20 12:25:58,,,
2022-12-07,铁矿石,结算价,779.00,-0.13%,784,2022-12-07 00:00:00,1,0,2024-07-20 12:25:58,0,2024-07-20 12:25:58,,,
2022-12-06,铁矿石,收盘价,780.00,0.06%,785,2022-12-06 00:00:00,1,0,2024-07-20 12:25:58,0,2024-07-20 12:25:58,,,
2022-12-06,铁矿石,结算价,780.00,-0.64%,786,2022-12-06 00:00:00,1,0,2024-07-20 12:25:58,0,2024-07-20 12:25:58,,,
2022-12-05,铁矿石,收盘价,779.50,-1.02%,787,2022-12-05 00:00:00,1,0,2024-07-20 12:25:58,0,2024-07-20 12:25:58,,,
2022-12-05,铁矿石,结算价,785.00,1.09%,788,2022-12-05 00:00:00,1,0,2024-07-20 12:25:58,0,2024-07-20 12:25:58,,,
2022-12-02,铁矿石,收盘价,787.50,2.74%,789,2022-12-02 00:00:00,1,0,2024-07-20 12:25:58,0,2024-07-20 12:25:58,,,
2022-12-02,铁矿石,结算价,776.50,0.78%,790,2022-12-02 00:00:00,1,0,2024-07-20 12:25:58,0,2024-07-20 12:25:58,,,
2022-12-01,铁矿石,收盘价,766.50,-0.33%,791,2022-12-01 00:00:00,1,0,2024-07-20 12:25:58,0,2024-07-20 12:25:58,,,
2022-12-01,铁矿石,结算价,770.50,0.46%,792,2022-12-01 00:00:00,1,0,2024-07-20 12:25:58,0,2024-07-20 12:25:58,,,
2022-11-30,铁矿石,收盘价,769.00,-0.19%,793,2022-11-30 00:00:00,1,0,2024-07-20 12:25:58,0,2024-07-20 12:25:58,,,
2022-11-30,铁矿石,结算价,767.00,-0.58%,794,2022-11-30 00:00:00,1,0,2024-07-20 12:25:58,0,2024-07-20 12:25:58,,,
2022-11-29,铁矿石,收盘价,770.50,1.99%,795,2022-11-29 00:00:00,1,0,2024-07-20 12:25:58,0,2024-07-20 12:25:58,,,
2022-11-29,铁矿石,结算价,771.50,2.39%,796,2022-11-29 00:00:00,1,0,2024-07-20 12:25:58,0,2024-07-20 12:25:58,,,
2022-11-28,铁矿石,收盘价,755.50,-0.33%,797,2022-11-28 00:00:00,1,0,2024-07-20 12:25:58,0,2024-07-20 12:25:58,,,
2022-11-28,铁矿石,结算价,753.50,2.1%,798,2022-11-28 00:00:00,1,0,2024-07-20 12:25:58,0,2024-07-20 12:25:58,,,
2022-11-25,铁矿石,收盘价,758.00,3.55%,799,2022-11-25 00:00:00,1,0,2024-07-20 12:25:58,0,2024-07-20 12:25:58,,,
2022-11-25,铁矿石,结算价,738.00,0.54%,800,2022-11-25 00:00:00,1,0,2024-07-20 12:25:58,0,2024-07-20 12:25:58,,,
2022-11-24,铁矿石,收盘价,732.00,-0.07%,801,2022-11-24 00:00:00,1,0,2024-07-20 12:25:58,0,2024-07-20 12:25:58,,,
2022-11-24,铁矿石,结算价,734.00,1.59%,802,2022-11-24 00:00:00,1,0,2024-07-20 12:25:58,0,2024-07-20 12:25:58,,,
2022-11-23,铁矿石,收盘价,732.50,1.03%,803,2022-11-23 00:00:00,1,0,2024-07-20 12:25:58,0,2024-07-20 12:25:58,,,
2022-11-23,铁矿石,结算价,722.50,-1.77%,804,2022-11-23 00:00:00,1,0,2024-07-20 12:25:58,0,2024-07-20 12:25:58,,,
2022-11-22,铁矿石,收盘价,725.00,-2.75%,805,2022-11-22 00:00:00,1,0,2024-07-20 12:25:58,0,2024-07-20 12:25:58,,,
2022-11-22,铁矿石,结算价,735.50,-0.54%,806,2022-11-22 00:00:00,1,0,2024-07-20 12:25:58,0,2024-07-20 12:25:58,,,
2022-11-21,铁矿石,收盘价,745.50,-1.06%,807,2022-11-21 00:00:00,1,0,2024-07-20 12:25:58,0,2024-07-20 12:25:58,,,
2022-11-21,铁矿石,结算价,739.50,-0.8%,808,2022-11-21 00:00:00,1,0,2024-07-20 12:25:58,0,2024-07-20 12:25:58,,,
2022-11-18,铁矿石,收盘价,753.50,1.82%,809,2022-11-18 00:00:00,1,0,2024-07-20 12:25:58,0,2024-07-20 12:25:58,,,
2022-11-18,铁矿石,结算价,745.50,2.19%,810,2022-11-18 00:00:00,1,0,2024-07-20 12:25:58,0,2024-07-20 12:25:58,,,
2022-11-17,铁矿石,收盘价,740.00,0.82%,811,2022-11-17 00:00:00,1,0,2024-07-20 12:26:02,0,2024-07-20 12:26:02,,,
2022-11-17,铁矿石,结算价,729.50,0.21%,812,2022-11-17 00:00:00,1,0,2024-07-20 12:26:02,0,2024-07-20 12:26:02,,,
2022-11-16,铁矿石,收盘价,734.00,2.09%,813,2022-11-16 00:00:00,1,0,2024-07-20 12:26:02,0,2024-07-20 12:26:02,,,
2022-11-16,铁矿石,结算价,728.00,1.32%,814,2022-11-16 00:00:00,1,0,2024-07-20 12:26:02,0,2024-07-20 12:26:02,,,
2022-11-15,铁矿石,收盘价,719.00,1.2%,815,2022-11-15 00:00:00,1,0,2024-07-20 12:26:02,0,2024-07-20 12:26:02,,,
2022-11-15,铁矿石,结算价,718.50,0.07%,816,2022-11-15 00:00:00,1,0,2024-07-20 12:26:02,0,2024-07-20 12:26:02,,,
2022-11-14,铁矿石,收盘价,710.50,0.28%,817,2022-11-14 00:00:00,1,0,2024-07-20 12:26:02,0,2024-07-20 12:26:02,,,
2022-11-14,铁矿石,结算价,718.00,3.01%,818,2022-11-14 00:00:00,1,0,2024-07-20 12:26:02,0,2024-07-20 12:26:02,,,
2022-11-11,铁矿石,收盘价,708.50,4.89%,819,2022-11-11 00:00:00,1,0,2024-07-20 12:26:02,0,2024-07-20 12:26:02,,,
2022-11-11,铁矿石,结算价,697.00,3.34%,820,2022-11-11 00:00:00,1,0,2024-07-20 12:26:02,0,2024-07-20 12:26:02,,,
2022-11-10,铁矿石,收盘价,675.50,-1.53%,821,2022-11-10 00:00:00,1,0,2024-07-20 12:26:02,0,2024-07-20 12:26:02,,,
2022-11-10,铁矿石,结算价,674.50,-1.53%,822,2022-11-10 00:00:00,1,0,2024-07-20 12:26:02,0,2024-07-20 12:26:02,,,
2022-11-09,铁矿石,收盘价,686.00,0.88%,823,2022-11-09 00:00:00,1,0,2024-07-20 12:26:02,0,2024-07-20 12:26:02,,,
2022-11-09,铁矿石,结算价,685.00,2.47%,824,2022-11-09 00:00:00,1,0,2024-07-20 12:26:02,0,2024-07-20 12:26:02,,,
2022-11-08,铁矿石,收盘价,680.00,2.8%,825,2022-11-08 00:00:00,1,0,2024-07-20 12:26:02,0,2024-07-20 12:26:02,,,
2022-11-08,铁矿石,结算价,668.50,0.91%,826,2022-11-08 00:00:00,1,0,2024-07-20 12:26:02,0,2024-07-20 12:26:02,,,
2022-11-07,铁矿石,收盘价,661.50,-0.15%,827,2022-11-07 00:00:00,1,0,2024-07-20 12:26:02,0,2024-07-20 12:26:02,,,
2022-11-07,铁矿石,结算价,662.50,2.24%,828,2022-11-07 00:00:00,1,0,2024-07-20 12:26:02,0,2024-07-20 12:26:02,,,
2022-11-04,铁矿石,收盘价,662.50,4.41%,829,2022-11-04 00:00:00,1,0,2024-07-20 12:26:02,0,2024-07-20 12:26:02,,,
2022-11-04,铁矿石,结算价,648.00,2.61%,830,2022-11-04 00:00:00,1,0,2024-07-20 12:26:02,0,2024-07-20 12:26:02,,,
2022-11-03,铁矿石,收盘价,634.50,0.87%,831,2022-11-03 00:00:00,1,0,2024-07-20 12:26:02,0,2024-07-20 12:26:02,,,
2022-11-03,铁矿石,结算价,631.50,0.64%,832,2022-11-03 00:00:00,1,0,2024-07-20 12:26:02,0,2024-07-20 12:26:02,,,
2022-11-02,铁矿石,收盘价,629.00,0.16%,833,2022-11-02 00:00:00,1,0,2024-07-20 12:26:02,0,2024-07-20 12:26:02,,,
2022-11-02,铁矿石,结算价,627.50,2.03%,834,2022-11-02 00:00:00,1,0,2024-07-20 12:26:02,0,2024-07-20 12:26:02,,,
2022-11-01,铁矿石,收盘价,628.00,3.54%,835,2022-11-01 00:00:00,1,0,2024-07-20 12:26:02,0,2024-07-20 12:26:02,,,
2022-11-01,铁矿石,结算价,615.00,0.33%,836,2022-11-01 00:00:00,1,0,2024-07-20 12:26:02,0,2024-07-20 12:26:02,,,
2022-10-31,铁矿石,收盘价,606.50,-2.88%,837,2022-10-31 00:00:00,1,0,2024-07-20 12:26:02,0,2024-07-20 12:26:02,,,
2022-10-31,铁矿石,结算价,613.00,-3.08%,838,2022-10-31 00:00:00,1,0,2024-07-20 12:26:02,0,2024-07-20 12:26:02,,,
2022-10-28,铁矿石,收盘价,624.50,-2.95%,839,2022-10-28 00:00:00,1,0,2024-07-20 12:26:02,0,2024-07-20 12:26:02,,,
2022-10-28,铁矿石,结算价,632.50,-3.66%,840,2022-10-28 00:00:00,1,0,2024-07-20 12:26:02,0,2024-07-20 12:26:02,,,
2022-10-27,铁矿石,收盘价,643.50,-2.87%,841,2022-10-27 00:00:00,1,0,2024-07-20 12:26:04,0,2024-07-20 12:26:04,,,
2022-10-27,铁矿石,结算价,656.50,-2.16%,842,2022-10-27 00:00:00,1,0,2024-07-20 12:26:04,0,2024-07-20 12:26:04,,,
2022-10-26,铁矿石,收盘价,662.50,-1.05%,843,2022-10-26 00:00:00,1,0,2024-07-20 12:26:04,0,2024-07-20 12:26:04,,,
2022-10-26,铁矿石,结算价,671.00,0.%,844,2022-10-26 00:00:00,1,0,2024-07-20 12:26:04,0,2024-07-20 12:26:04,,,
2022-10-25,铁矿石,收盘价,669.50,-1.47%,845,2022-10-25 00:00:00,1,0,2024-07-20 12:26:04,0,2024-07-20 12:26:04,,,
2022-10-25,铁矿石,结算价,671.00,-1.68%,846,2022-10-25 00:00:00,1,0,2024-07-20 12:26:04,0,2024-07-20 12:26:04,,,
2022-10-24,铁矿石,收盘价,679.50,0.44%,847,2022-10-24 00:00:00,1,0,2024-07-20 12:26:04,0,2024-07-20 12:26:04,,,
2022-10-24,铁矿石,结算价,682.50,0.59%,848,2022-10-24 00:00:00,1,0,2024-07-20 12:26:04,0,2024-07-20 12:26:04,,,
2022-10-21,铁矿石,收盘价,676.50,1.42%,849,2022-10-21 00:00:00,1,0,2024-07-20 12:26:04,0,2024-07-20 12:26:04,,,
2022-10-21,铁矿石,结算价,678.50,0.37%,850,2022-10-21 00:00:00,1,0,2024-07-20 12:26:04,0,2024-07-20 12:26:04,,,
2022-10-20,铁矿石,收盘价,667.00,-3.05%,851,2022-10-20 00:00:00,1,0,2024-07-20 12:26:04,0,2024-07-20 12:26:04,,,
2022-10-20,铁矿石,结算价,676.00,-1.74%,852,2022-10-20 00:00:00,1,0,2024-07-20 12:26:04,0,2024-07-20 12:26:04,,,
2022-10-19,铁矿石,收盘价,688.00,0.15%,853,2022-10-19 00:00:00,1,0,2024-07-20 12:26:04,0,2024-07-20 12:26:04,,,
2022-10-19,铁矿石,结算价,688.00,0.36%,854,2022-10-19 00:00:00,1,0,2024-07-20 12:26:04,0,2024-07-20 12:26:04,,,
2022-10-18,铁矿石,收盘价,687.00,0.07%,855,2022-10-18 00:00:00,1,0,2024-07-20 12:26:04,0,2024-07-20 12:26:04,,,
2022-10-18,铁矿石,结算价,685.50,-0.58%,856,2022-10-18 00:00:00,1,0,2024-07-20 12:26:04,0,2024-07-20 12:26:04,,,
2022-10-17,铁矿石,收盘价,686.50,-2.28%,857,2022-10-17 00:00:00,1,0,2024-07-20 12:26:04,0,2024-07-20 12:26:04,,,
2022-10-17,铁矿石,结算价,689.50,-1.57%,858,2022-10-17 00:00:00,1,0,2024-07-20 12:26:04,0,2024-07-20 12:26:04,,,
2022-10-14,铁矿石,收盘价,702.50,0.93%,859,2022-10-14 00:00:00,1,0,2024-07-20 12:26:04,0,2024-07-20 12:26:04,,,
2022-10-14,铁矿石,结算价,700.50,-0.85%,860,2022-10-14 00:00:00,1,0,2024-07-20 12:26:04,0,2024-07-20 12:26:04,,,
2022-10-13,铁矿石,收盘价,696.00,-2.59%,861,2022-10-13 00:00:00,1,0,2024-07-20 12:26:04,0,2024-07-20 12:26:04,,,
2022-10-13,铁矿石,结算价,706.50,-0.98%,862,2022-10-13 00:00:00,1,0,2024-07-20 12:26:04,0,2024-07-20 12:26:04,,,
2022-10-12,铁矿石,收盘价,714.50,-0.9%,863,2022-10-12 00:00:00,1,0,2024-07-20 12:26:04,0,2024-07-20 12:26:04,,,
2022-10-12,铁矿石,结算价,713.50,-2.26%,864,2022-10-12 00:00:00,1,0,2024-07-20 12:26:04,0,2024-07-20 12:26:04,,,
2022-10-11,铁矿石,收盘价,721.00,-2.5%,865,2022-10-11 00:00:00,1,0,2024-07-20 12:26:04,0,2024-07-20 12:26:04,,,
2022-10-11,铁矿石,结算价,730.00,-1.28%,866,2022-10-11 00:00:00,1,0,2024-07-20 12:26:04,0,2024-07-20 12:26:04,,,
2022-10-10,铁矿石,收盘价,739.50,2.49%,867,2022-10-10 00:00:00,1,0,2024-07-20 12:26:04,0,2024-07-20 12:26:04,,,
2022-10-10,铁矿石,结算价,739.50,2.21%,868,2022-10-10 00:00:00,1,0,2024-07-20 12:26:04,0,2024-07-20 12:26:04,,,
2022-09-30,铁矿石,收盘价,721.50,-0.14%,869,2022-09-30 00:00:00,1,0,2024-07-20 12:26:04,0,2024-07-20 12:26:04,,,
2022-09-30,铁矿石,结算价,723.50,0.35%,870,2022-09-30 00:00:00,1,0,2024-07-20 12:26:04,0,2024-07-20 12:26:04,,,
2022-09-29,铁矿石,收盘价,722.50,1.55%,871,2022-09-29 00:00:00,1,0,2024-07-20 12:26:08,0,2024-07-20 12:26:08,,,
2022-09-29,铁矿石,结算价,721.00,0.56%,872,2022-09-29 00:00:00,1,0,2024-07-20 12:26:08,0,2024-07-20 12:26:08,,,
2022-09-28,铁矿石,收盘价,711.50,-0.97%,873,2022-09-28 00:00:00,1,0,2024-07-20 12:26:08,0,2024-07-20 12:26:08,,,
2022-09-28,铁矿石,结算价,717.00,0.28%,874,2022-09-28 00:00:00,1,0,2024-07-20 12:26:08,0,2024-07-20 12:26:08,,,
2022-09-27,铁矿石,收盘价,718.50,1.13%,875,2022-09-27 00:00:00,1,0,2024-07-20 12:26:08,0,2024-07-20 12:26:08,,,
2022-09-27,铁矿石,结算价,715.00,0.63%,876,2022-09-27 00:00:00,1,0,2024-07-20 12:26:08,0,2024-07-20 12:26:08,,,
2022-09-26,铁矿石,收盘价,710.50,-1.18%,877,2022-09-26 00:00:00,1,0,2024-07-20 12:26:08,0,2024-07-20 12:26:08,,,
2022-09-26,铁矿石,结算价,710.50,-1.46%,878,2022-09-26 00:00:00,1,0,2024-07-20 12:26:08,0,2024-07-20 12:26:08,,,
2022-09-23,铁矿石,收盘价,719.00,0.14%,879,2022-09-23 00:00:00,1,0,2024-07-20 12:26:08,0,2024-07-20 12:26:08,,,
2022-09-23,铁矿石,结算价,721.00,1.62%,880,2022-09-23 00:00:00,1,0,2024-07-20 12:26:08,0,2024-07-20 12:26:08,,,
2022-09-22,铁矿石,收盘价,718.00,2.06%,881,2022-09-22 00:00:00,1,0,2024-07-20 12:26:08,0,2024-07-20 12:26:08,,,
2022-09-22,铁矿石,结算价,709.50,2.01%,882,2022-09-22 00:00:00,1,0,2024-07-20 12:26:08,0,2024-07-20 12:26:08,,,
2022-09-21,铁矿石,收盘价,703.50,1.08%,883,2022-09-21 00:00:00,1,0,2024-07-20 12:26:08,0,2024-07-20 12:26:08,,,
2022-09-21,铁矿石,结算价,695.50,-2.04%,884,2022-09-21 00:00:00,1,0,2024-07-20 12:26:08,0,2024-07-20 12:26:08,,,
2022-09-20,铁矿石,收盘价,696.00,-1.35%,885,2022-09-20 00:00:00,1,0,2024-07-20 12:26:08,0,2024-07-20 12:26:08,,,
2022-09-20,铁矿石,结算价,710.00,-1.11%,886,2022-09-20 00:00:00,1,0,2024-07-20 12:26:08,0,2024-07-20 12:26:08,,,
2022-09-19,铁矿石,收盘价,705.50,-1.33%,887,2022-09-19 00:00:00,1,0,2024-07-20 12:26:08,0,2024-07-20 12:26:08,,,
2022-09-19,铁矿石,结算价,718.00,0.35%,888,2022-09-19 00:00:00,1,0,2024-07-20 12:26:08,0,2024-07-20 12:26:08,,,
2022-09-16,铁矿石,收盘价,715.00,-1.04%,889,2022-09-16 00:00:00,1,0,2024-07-20 12:26:08,0,2024-07-20 12:26:08,,,
2022-09-16,铁矿石,结算价,715.50,-1.17%,890,2022-09-16 00:00:00,1,0,2024-07-20 12:26:08,0,2024-07-20 12:26:08,,,
2022-09-15,铁矿石,收盘价,722.50,0.28%,891,2022-09-15 00:00:00,1,0,2024-07-20 12:26:08,0,2024-07-20 12:26:08,,,
2022-09-15,铁矿石,结算价,724.00,0.91%,892,2022-09-15 00:00:00,1,0,2024-07-20 12:26:08,0,2024-07-20 12:26:08,,,
2022-09-14,铁矿石,收盘价,720.50,-1.1%,893,2022-09-14 00:00:00,1,0,2024-07-20 12:26:08,0,2024-07-20 12:26:08,,,
2022-09-14,铁矿石,结算价,717.50,-1.1%,894,2022-09-14 00:00:00,1,0,2024-07-20 12:26:08,0,2024-07-20 12:26:08,,,
2022-09-13,铁矿石,收盘价,728.50,1.11%,895,2022-09-13 00:00:00,1,0,2024-07-20 12:26:08,0,2024-07-20 12:26:08,,,
2022-09-13,铁矿石,结算价,725.50,1.54%,896,2022-09-13 00:00:00,1,0,2024-07-20 12:26:08,0,2024-07-20 12:26:08,,,
2022-09-09,铁矿石,收盘价,720.50,2.05%,897,2022-09-09 00:00:00,1,0,2024-07-20 12:26:08,0,2024-07-20 12:26:08,,,
2022-09-09,铁矿石,结算价,714.50,2.88%,898,2022-09-09 00:00:00,1,0,2024-07-20 12:26:08,0,2024-07-20 12:26:08,,,
2022-09-08,铁矿石,收盘价,706.00,3.82%,899,2022-09-08 00:00:00,1,0,2024-07-20 12:26:08,0,2024-07-20 12:26:08,,,
2022-09-08,铁矿石,结算价,694.50,1.46%,900,2022-09-08 00:00:00,1,0,2024-07-20 12:26:08,0,2024-07-20 12:26:08,,,
2022-09-07,铁矿石,收盘价,680.00,-1.66%,901,2022-09-07 00:00:00,1,0,2024-07-20 12:26:12,0,2024-07-20 12:26:12,,,
2022-09-07,铁矿石,结算价,684.50,-1.08%,902,2022-09-07 00:00:00,1,0,2024-07-20 12:26:12,0,2024-07-20 12:26:12,,,
2022-09-06,铁矿石,收盘价,691.50,-0.07%,903,2022-09-06 00:00:00,1,0,2024-07-20 12:26:12,0,2024-07-20 12:26:12,,,
2022-09-06,铁矿石,结算价,692.00,1.84%,904,2022-09-06 00:00:00,1,0,2024-07-20 12:26:12,0,2024-07-20 12:26:12,,,
2022-09-05,铁矿石,收盘价,692.00,3.67%,905,2022-09-05 00:00:00,1,0,2024-07-20 12:26:12,0,2024-07-20 12:26:12,,,
2022-09-05,铁矿石,结算价,679.50,2.1%,906,2022-09-05 00:00:00,1,0,2024-07-20 12:26:12,0,2024-07-20 12:26:12,,,
2022-09-02,铁矿石,收盘价,667.50,-1.18%,907,2022-09-02 00:00:00,1,0,2024-07-20 12:26:12,0,2024-07-20 12:26:12,,,
2022-09-02,铁矿石,结算价,665.50,-3.13%,908,2022-09-02 00:00:00,1,0,2024-07-20 12:26:12,0,2024-07-20 12:26:12,,,
2022-09-01,铁矿石,收盘价,675.50,-1.39%,909,2022-09-01 00:00:00,1,0,2024-07-20 12:26:12,0,2024-07-20 12:26:12,,,
2022-09-01,铁矿石,结算价,687.00,0.51%,910,2022-09-01 00:00:00,1,0,2024-07-20 12:26:12,0,2024-07-20 12:26:12,,,
2022-08-31,铁矿石,收盘价,685.00,0.44%,911,2022-08-31 00:00:00,1,0,2024-07-20 12:26:12,0,2024-07-20 12:26:12,,,
2022-08-31,铁矿石,结算价,683.50,-1.94%,912,2022-08-31 00:00:00,1,0,2024-07-20 12:26:12,0,2024-07-20 12:26:12,,,
2022-08-30,铁矿石,收盘价,682.00,-4.48%,913,2022-08-30 00:00:00,1,0,2024-07-20 12:26:12,0,2024-07-20 12:26:12,,,
2022-08-30,铁矿石,结算价,697.00,-2.92%,914,2022-08-30 00:00:00,1,0,2024-07-20 12:26:12,0,2024-07-20 12:26:12,,,
2022-08-29,铁矿石,收盘价,714.00,-2.86%,915,2022-08-29 00:00:00,1,0,2024-07-20 12:26:12,0,2024-07-20 12:26:12,,,
2022-08-29,铁矿石,结算价,718.00,-0.83%,916,2022-08-29 00:00:00,1,0,2024-07-20 12:26:12,0,2024-07-20 12:26:12,,,
2022-08-26,铁矿石,收盘价,735.00,4.18%,917,2022-08-26 00:00:00,1,0,2024-07-20 12:26:12,0,2024-07-20 12:26:12,,,
2022-08-26,铁矿石,结算价,724.00,1.47%,918,2022-08-26 00:00:00,1,0,2024-07-20 12:26:12,0,2024-07-20 12:26:12,,,
2022-08-25,铁矿石,收盘价,705.50,-1.47%,919,2022-08-25 00:00:00,1,0,2024-07-20 12:26:12,0,2024-07-20 12:26:12,,,
2022-08-25,铁矿石,结算价,713.50,0.92%,920,2022-08-25 00:00:00,1,0,2024-07-20 12:26:12,0,2024-07-20 12:26:12,,,
2022-08-24,铁矿石,收盘价,716.00,1.56%,921,2022-08-24 00:00:00,1,0,2024-07-20 12:26:12,0,2024-07-20 12:26:12,,,
2022-08-24,铁矿石,结算价,707.00,1.36%,922,2022-08-24 00:00:00,1,0,2024-07-20 12:26:12,0,2024-07-20 12:26:12,,,
2022-08-23,铁矿石,收盘价,705.00,2.1%,923,2022-08-23 00:00:00,1,0,2024-07-20 12:26:12,0,2024-07-20 12:26:12,,,
2022-08-23,铁矿石,结算价,697.50,1.38%,924,2022-08-23 00:00:00,1,0,2024-07-20 12:26:12,0,2024-07-20 12:26:12,,,
2022-08-22,铁矿石,收盘价,690.50,2.52%,925,2022-08-22 00:00:00,1,0,2024-07-20 12:26:12,0,2024-07-20 12:26:12,,,
2022-08-22,铁矿石,结算价,688.00,1.1%,926,2022-08-22 00:00:00,1,0,2024-07-20 12:26:12,0,2024-07-20 12:26:12,,,
2022-08-19,铁矿石,收盘价,673.50,-0.74%,927,2022-08-19 00:00:00,1,0,2024-07-20 12:26:12,0,2024-07-20 12:26:12,,,
2022-08-19,铁矿石,结算价,680.50,-0.95%,928,2022-08-19 00:00:00,1,0,2024-07-20 12:26:12,0,2024-07-20 12:26:12,,,
2022-08-18,铁矿石,收盘价,678.50,-0.8%,929,2022-08-18 00:00:00,1,0,2024-07-20 12:26:12,0,2024-07-20 12:26:12,,,
2022-08-18,铁矿石,结算价,687.00,-2.76%,930,2022-08-18 00:00:00,1,0,2024-07-20 12:26:12,0,2024-07-20 12:26:12,,,
2022-08-17,铁矿石,收盘价,684.00,-5.07%,931,2022-08-17 00:00:00,1,0,2024-07-20 12:26:15,0,2024-07-20 12:26:15,,,
2022-08-17,铁矿石,结算价,706.50,-1.19%,932,2022-08-17 00:00:00,1,0,2024-07-20 12:26:15,0,2024-07-20 12:26:15,,,
2022-08-16,铁矿石,收盘价,720.50,1.84%,933,2022-08-16 00:00:00,1,0,2024-07-20 12:26:15,0,2024-07-20 12:26:15,,,
2022-08-16,铁矿石,结算价,715.00,-1.04%,934,2022-08-16 00:00:00,1,0,2024-07-20 12:26:15,0,2024-07-20 12:26:15,,,
2022-08-15,铁矿石,收盘价,707.50,-3.15%,935,2022-08-15 00:00:00,1,0,2024-07-20 12:26:15,0,2024-07-20 12:26:15,,,
2022-08-15,铁矿石,结算价,722.50,-0.82%,936,2022-08-15 00:00:00,1,0,2024-07-20 12:26:15,0,2024-07-20 12:26:15,,,
2022-08-12,铁矿石,收盘价,730.50,-1.42%,937,2022-08-12 00:00:00,1,0,2024-07-20 12:26:15,0,2024-07-20 12:26:15,,,
2022-08-12,铁矿石,结算价,728.50,-0.82%,938,2022-08-12 00:00:00,1,0,2024-07-20 12:26:15,0,2024-07-20 12:26:15,,,
2022-08-11,铁矿石,收盘价,741.00,2.28%,939,2022-08-11 00:00:00,1,0,2024-07-20 12:26:15,0,2024-07-20 12:26:15,,,
2022-08-11,铁矿石,结算价,734.50,1.38%,940,2022-08-11 00:00:00,1,0,2024-07-20 12:26:15,0,2024-07-20 12:26:15,,,
2022-08-10,铁矿石,收盘价,724.50,0.21%,941,2022-08-10 00:00:00,1,0,2024-07-20 12:26:15,0,2024-07-20 12:26:15,,,
2022-08-10,铁矿石,结算价,724.50,-1.7%,942,2022-08-10 00:00:00,1,0,2024-07-20 12:26:15,0,2024-07-20 12:26:15,,,
2022-08-09,铁矿石,收盘价,723.00,-1.97%,943,2022-08-09 00:00:00,1,0,2024-07-20 12:26:15,0,2024-07-20 12:26:15,,,
2022-08-09,铁矿石,结算价,737.00,0.55%,944,2022-08-09 00:00:00,1,0,2024-07-20 12:26:15,0,2024-07-20 12:26:15,,,
2022-08-08,铁矿石,收盘价,737.50,2.01%,945,2022-08-08 00:00:00,1,0,2024-07-20 12:26:15,0,2024-07-20 12:26:15,,,
2022-08-08,铁矿石,结算价,733.00,3.68%,946,2022-08-08 00:00:00,1,0,2024-07-20 12:26:15,0,2024-07-20 12:26:15,,,
2022-08-05,铁矿石,收盘价,723.00,5.01%,947,2022-08-05 00:00:00,1,0,2024-07-20 12:26:15,0,2024-07-20 12:26:15,,,
2022-08-05,铁矿石,结算价,707.00,0.28%,948,2022-08-05 00:00:00,1,0,2024-07-20 12:26:15,0,2024-07-20 12:26:15,,,
2022-08-04,铁矿石,收盘价,688.50,-12.46%,949,2022-08-04 00:00:00,1,0,2024-07-20 12:26:15,0,2024-07-20 12:26:15,,,
2022-08-04,铁矿石,结算价,705.00,-11.26%,950,2022-08-04 00:00:00,1,0,2024-07-20 12:26:15,0,2024-07-20 12:26:15,,,
2022-08-03,铁矿石,收盘价,786.50,-2.54%,951,2022-08-03 00:00:00,1,0,2024-07-20 12:26:15,0,2024-07-20 12:26:15,,,
2022-08-03,铁矿石,结算价,794.50,0.19%,952,2022-08-03 00:00:00,1,0,2024-07-20 12:26:15,0,2024-07-20 12:26:15,,,
2022-08-02,铁矿石,收盘价,807.00,2.54%,953,2022-08-02 00:00:00,1,0,2024-07-20 12:26:15,0,2024-07-20 12:26:15,,,
2022-08-02,铁矿石,结算价,793.00,-0.31%,954,2022-08-02 00:00:00,1,0,2024-07-20 12:26:15,0,2024-07-20 12:26:15,,,
2022-08-01,铁矿石,收盘价,787.00,0.64%,955,2022-08-01 00:00:00,1,0,2024-07-20 12:26:15,0,2024-07-20 12:26:15,,,
2022-08-01,铁矿石,结算价,795.50,1.92%,956,2022-08-01 00:00:00,1,0,2024-07-20 12:26:15,0,2024-07-20 12:26:15,,,
2022-07-29,铁矿石,收盘价,782.00,-1.45%,957,2022-07-29 00:00:00,1,0,2024-07-20 12:26:15,0,2024-07-20 12:26:15,,,
2022-07-29,铁矿石,结算价,780.50,1.63%,958,2022-07-29 00:00:00,1,0,2024-07-20 12:26:15,0,2024-07-20 12:26:15,,,
2022-07-28,铁矿石,收盘价,793.50,6.58%,959,2022-07-28 00:00:00,1,0,2024-07-20 12:26:15,0,2024-07-20 12:26:15,,,
2022-07-28,铁矿石,结算价,768.00,3.71%,960,2022-07-28 00:00:00,1,0,2024-07-20 12:26:15,0,2024-07-20 12:26:15,,,
2022-07-27,铁矿石,收盘价,744.50,-0.53%,961,2022-07-27 00:00:00,1,0,2024-07-20 12:26:17,0,2024-07-20 12:26:17,,,
2022-07-27,铁矿石,结算价,740.50,1.86%,962,2022-07-27 00:00:00,1,0,2024-07-20 12:26:17,0,2024-07-20 12:26:17,,,
2022-07-26,铁矿石,收盘价,748.50,5.27%,963,2022-07-26 00:00:00,1,0,2024-07-20 12:26:17,0,2024-07-20 12:26:17,,,
2022-07-26,铁矿石,结算价,727.00,2.54%,964,2022-07-26 00:00:00,1,0,2024-07-20 12:26:17,0,2024-07-20 12:26:17,,,
2022-07-25,铁矿石,收盘价,711.00,4.41%,965,2022-07-25 00:00:00,1,0,2024-07-20 12:26:17,0,2024-07-20 12:26:17,,,
2022-07-25,铁矿石,结算价,709.00,6.78%,966,2022-07-25 00:00:00,1,0,2024-07-20 12:26:17,0,2024-07-20 12:26:17,,,
2022-07-22,铁矿石,收盘价,681.00,3.65%,967,2022-07-22 00:00:00,1,0,2024-07-20 12:26:17,0,2024-07-20 12:26:17,,,
2022-07-22,铁矿石,结算价,664.00,0.99%,968,2022-07-22 00:00:00,1,0,2024-07-20 12:26:17,0,2024-07-20 12:26:17,,,
2022-07-21,铁矿石,收盘价,657.00,-1.28%,969,2022-07-21 00:00:00,1,0,2024-07-20 12:26:17,0,2024-07-20 12:26:17,,,
2022-07-21,铁矿石,结算价,657.50,-0.23%,970,2022-07-21 00:00:00,1,0,2024-07-20 12:26:17,0,2024-07-20 12:26:17,,,
2022-07-20,铁矿石,收盘价,665.50,1.37%,971,2022-07-20 00:00:00,1,0,2024-07-20 12:26:17,0,2024-07-20 12:26:17,,,
2022-07-20,铁矿石,结算价,659.00,-1.35%,972,2022-07-20 00:00:00,1,0,2024-07-20 12:26:17,0,2024-07-20 12:26:17,,,
2022-07-19,铁矿石,收盘价,656.50,-3.31%,973,2022-07-19 00:00:00,1,0,2024-07-20 12:26:17,0,2024-07-20 12:26:17,,,
2022-07-19,铁矿石,结算价,668.00,0.75%,974,2022-07-19 00:00:00,1,0,2024-07-20 12:26:17,0,2024-07-20 12:26:17,,,
2022-07-18,铁矿石,收盘价,679.00,5.27%,975,2022-07-18 00:00:00,1,0,2024-07-20 12:26:17,0,2024-07-20 12:26:17,,,
2022-07-18,铁矿石,结算价,663.00,-0.23%,976,2022-07-18 00:00:00,1,0,2024-07-20 12:26:17,0,2024-07-20 12:26:17,,,
2022-07-15,铁矿石,收盘价,645.00,-7.26%,977,2022-07-15 00:00:00,1,0,2024-07-20 12:26:17,0,2024-07-20 12:26:17,,,
2022-07-15,铁矿石,结算价,664.50,-7.32%,978,2022-07-15 00:00:00,1,0,2024-07-20 12:26:17,0,2024-07-20 12:26:17,,,
2022-07-14,铁矿石,收盘价,695.50,-4.99%,979,2022-07-14 00:00:00,1,0,2024-07-20 12:26:17,0,2024-07-20 12:26:17,,,
2022-07-14,铁矿石,结算价,717.00,0.42%,980,2022-07-14 00:00:00,1,0,2024-07-20 12:26:17,0,2024-07-20 12:26:17,,,
2022-07-13,铁矿石,收盘价,732.00,3.54%,981,2022-07-13 00:00:00,1,0,2024-07-20 12:26:17,0,2024-07-20 12:26:17,,,
2022-07-13,铁矿石,结算价,714.00,-0.97%,982,2022-07-13 00:00:00,1,0,2024-07-20 12:26:17,0,2024-07-20 12:26:17,,,
2022-07-12,铁矿石,收盘价,707.00,-4.59%,983,2022-07-12 00:00:00,1,0,2024-07-20 12:26:17,0,2024-07-20 12:26:17,,,
2022-07-12,铁矿石,结算价,721.00,-3.09%,984,2022-07-12 00:00:00,1,0,2024-07-20 12:26:17,0,2024-07-20 12:26:17,,,
2022-07-11,铁矿石,收盘价,741.00,-1.92%,985,2022-07-11 00:00:00,1,0,2024-07-20 12:26:17,0,2024-07-20 12:26:17,,,
2022-07-11,铁矿石,结算价,744.00,-2.87%,986,2022-07-11 00:00:00,1,0,2024-07-20 12:26:17,0,2024-07-20 12:26:17,,,
2022-07-08,铁矿石,收盘价,755.50,-0.13%,987,2022-07-08 00:00:00,1,0,2024-07-20 12:26:17,0,2024-07-20 12:26:17,,,
2022-07-08,铁矿石,结算价,766.00,2.07%,988,2022-07-08 00:00:00,1,0,2024-07-20 12:26:17,0,2024-07-20 12:26:17,,,
2022-07-07,铁矿石,收盘价,756.50,1.27%,989,2022-07-07 00:00:00,1,0,2024-07-20 12:26:17,0,2024-07-20 12:26:17,,,
2022-07-07,铁矿石,结算价,750.50,3.09%,990,2022-07-07 00:00:00,1,0,2024-07-20 12:26:17,0,2024-07-20 12:26:17,,,
2022-07-06,铁矿石,收盘价,747.00,0.61%,991,2022-07-06 00:00:00,1,0,2024-07-20 12:26:20,0,2024-07-20 12:26:20,,,
2022-07-06,铁矿石,结算价,728.00,-0.75%,992,2022-07-06 00:00:00,1,0,2024-07-20 12:26:20,0,2024-07-20 12:26:20,,,
2022-07-05,铁矿石,收盘价,742.50,3.2%,993,2022-07-05 00:00:00,1,0,2024-07-20 12:26:20,0,2024-07-20 12:26:20,,,
2022-07-05,铁矿石,结算价,733.50,0.14%,994,2022-07-05 00:00:00,1,0,2024-07-20 12:26:20,0,2024-07-20 12:26:20,,,
2022-07-04,铁矿石,收盘价,719.50,-3.75%,995,2022-07-04 00:00:00,1,0,2024-07-20 12:26:20,0,2024-07-20 12:26:20,,,
2022-07-04,铁矿石,结算价,732.50,-4.12%,996,2022-07-04 00:00:00,1,0,2024-07-20 12:26:20,0,2024-07-20 12:26:20,,,
2022-07-01,铁矿石,收盘价,747.50,-5.5%,997,2022-07-01 00:00:00,1,0,2024-07-20 12:26:20,0,2024-07-20 12:26:20,,,
2022-07-01,铁矿石,结算价,764.00,-4.8%,998,2022-07-01 00:00:00,1,0,2024-07-20 12:26:20,0,2024-07-20 12:26:20,,,
2022-06-30,铁矿石,收盘价,791.00,-1.56%,999,2022-06-30 00:00:00,1,0,2024-07-20 12:26:20,0,2024-07-20 12:26:20,,,
2022-06-30,铁矿石,结算价,802.50,-0.8%,1000,2022-06-30 00:00:00,1,0,2024-07-20 12:26:20,0,2024-07-20 12:26:20,,,
2022-06-29,铁矿石,收盘价,803.50,-0.68%,1001,2022-06-29 00:00:00,1,0,2024-07-20 12:26:20,0,2024-07-20 12:26:20,,,
2022-06-29,铁矿石,结算价,809.00,2.99%,1002,2022-06-29 00:00:00,1,0,2024-07-20 12:26:20,0,2024-07-20 12:26:20,,,
2022-06-28,铁矿石,收盘价,809.00,4.39%,1003,2022-06-28 00:00:00,1,0,2024-07-20 12:26:20,0,2024-07-20 12:26:20,,,
2022-06-28,铁矿石,结算价,785.50,3.22%,1004,2022-06-28 00:00:00,1,0,2024-07-20 12:26:20,0,2024-07-20 12:26:20,,,
2022-06-27,铁矿石,收盘价,775.00,5.3%,1005,2022-06-27 00:00:00,1,0,2024-07-20 12:26:20,0,2024-07-20 12:26:20,,,
2022-06-27,铁矿石,结算价,761.00,2.08%,1006,2022-06-27 00:00:00,1,0,2024-07-20 12:26:20,0,2024-07-20 12:26:20,,,
2022-06-24,铁矿石,收盘价,736.00,-1.8%,1007,2022-06-24 00:00:00,1,0,2024-07-20 12:26:20,0,2024-07-20 12:26:20,,,
2022-06-24,铁矿石,结算价,745.50,2.26%,1008,2022-06-24 00:00:00,1,0,2024-07-20 12:26:20,0,2024-07-20 12:26:20,,,
2022-06-23,铁矿石,收盘价,749.50,5.64%,1009,2022-06-23 00:00:00,1,0,2024-07-20 12:26:20,0,2024-07-20 12:26:20,,,
2022-06-23,铁矿石,结算价,729.00,-0.34%,1010,2022-06-23 00:00:00,1,0,2024-07-20 12:26:20,0,2024-07-20 12:26:20,,,
2022-06-22,铁矿石,收盘价,709.50,-5.27%,1011,2022-06-22 00:00:00,1,0,2024-07-20 12:26:20,0,2024-07-20 12:26:20,,,
2022-06-22,铁矿石,结算价,731.50,-3.05%,1012,2022-06-22 00:00:00,1,0,2024-07-20 12:26:20,0,2024-07-20 12:26:20,,,
2022-06-21,铁矿石,收盘价,749.00,0.4%,1013,2022-06-21 00:00:00,1,0,2024-07-20 12:26:20,0,2024-07-20 12:26:20,,,
2022-06-21,铁矿石,结算价,754.50,-2.39%,1014,2022-06-21 00:00:00,1,0,2024-07-20 12:26:20,0,2024-07-20 12:26:20,,,
2022-06-20,铁矿石,收盘价,746.00,-9.19%,1015,2022-06-20 00:00:00,1,0,2024-07-20 12:26:20,0,2024-07-20 12:26:20,,,
2022-06-20,铁矿石,结算价,773.00,-7.76%,1016,2022-06-20 00:00:00,1,0,2024-07-20 12:26:20,0,2024-07-20 12:26:20,,,
2022-06-17,铁矿石,收盘价,821.50,-5.3%,1017,2022-06-17 00:00:00,1,0,2024-07-20 12:26:20,0,2024-07-20 12:26:20,,,
2022-06-17,铁矿石,结算价,838.00,-4.01%,1018,2022-06-17 00:00:00,1,0,2024-07-20 12:26:20,0,2024-07-20 12:26:20,,,
2022-06-16,铁矿石,收盘价,867.50,0.06%,1019,2022-06-16 00:00:00,1,0,2024-07-20 12:26:20,0,2024-07-20 12:26:20,,,
2022-06-16,铁矿石,结算价,873.00,-1.85%,1020,2022-06-16 00:00:00,1,0,2024-07-20 12:26:20,0,2024-07-20 12:26:20,,,
2022-06-15,铁矿石,收盘价,867.00,-3.83%,1021,2022-06-15 00:00:00,1,0,2024-07-20 12:26:23,0,2024-07-20 12:26:23,,,
2022-06-15,铁矿石,结算价,889.50,-0.67%,1022,2022-06-15 00:00:00,1,0,2024-07-20 12:26:23,0,2024-07-20 12:26:23,,,
2022-06-14,铁矿石,收盘价,901.50,-0.22%,1023,2022-06-14 00:00:00,1,0,2024-07-20 12:26:23,0,2024-07-20 12:26:23,,,
2022-06-14,铁矿石,结算价,895.50,-0.78%,1024,2022-06-14 00:00:00,1,0,2024-07-20 12:26:23,0,2024-07-20 12:26:23,,,
2022-06-13,铁矿石,收盘价,903.50,-1.2%,1025,2022-06-13 00:00:00,1,0,2024-07-20 12:26:23,0,2024-07-20 12:26:23,,,
2022-06-13,铁矿石,结算价,902.50,-1.96%,1026,2022-06-13 00:00:00,1,0,2024-07-20 12:26:23,0,2024-07-20 12:26:23,,,
2022-06-10,铁矿石,收盘价,914.50,-1.08%,1027,2022-06-10 00:00:00,1,0,2024-07-20 12:26:23,0,2024-07-20 12:26:23,,,
2022-06-10,铁矿石,结算价,920.50,-1.07%,1028,2022-06-10 00:00:00,1,0,2024-07-20 12:26:23,0,2024-07-20 12:26:23,,,
2022-06-09,铁矿石,收盘价,924.50,-0.22%,1029,2022-06-09 00:00:00,1,0,2024-07-20 12:26:23,0,2024-07-20 12:26:23,,,
2022-06-09,铁矿石,结算价,930.50,0.32%,1030,2022-06-09 00:00:00,1,0,2024-07-20 12:26:23,0,2024-07-20 12:26:23,,,
2022-06-08,铁矿石,收盘价,926.50,-0.22%,1031,2022-06-08 00:00:00,1,0,2024-07-20 12:26:23,0,2024-07-20 12:26:23,,,
2022-06-08,铁矿石,结算价,927.50,-0.38%,1032,2022-06-08 00:00:00,1,0,2024-07-20 12:26:23,0,2024-07-20 12:26:23,,,
2022-06-07,铁矿石,收盘价,928.50,0.38%,1033,2022-06-07 00:00:00,1,0,2024-07-20 12:26:23,0,2024-07-20 12:26:23,,,
2022-06-07,铁矿石,结算价,931.00,-0.32%,1034,2022-06-07 00:00:00,1,0,2024-07-20 12:26:23,0,2024-07-20 12:26:23,,,
2022-06-06,铁矿石,收盘价,925.00,-1.12%,1035,2022-06-06 00:00:00,1,0,2024-07-20 12:26:23,0,2024-07-20 12:26:23,,,
2022-06-06,铁矿石,结算价,934.00,1.63%,1036,2022-06-06 00:00:00,1,0,2024-07-20 12:26:23,0,2024-07-20 12:26:23,,,
2022-06-02,铁矿石,收盘价,935.50,3.31%,1037,2022-06-02 00:00:00,1,0,2024-07-20 12:26:23,0,2024-07-20 12:26:23,,,
2022-06-02,铁矿石,结算价,919.00,1.94%,1038,2022-06-02 00:00:00,1,0,2024-07-20 12:26:23,0,2024-07-20 12:26:23,,,
2022-06-01,铁矿石,收盘价,905.50,1.46%,1039,2022-06-01 00:00:00,1,0,2024-07-20 12:26:23,0,2024-07-20 12:26:23,,,
2022-06-01,铁矿石,结算价,901.50,0.67%,1040,2022-06-01 00:00:00,1,0,2024-07-20 12:26:23,0,2024-07-20 12:26:23,,,
2022-05-31,铁矿石,收盘价,892.50,1.65%,1041,2022-05-31 00:00:00,1,0,2024-07-20 12:26:23,0,2024-07-20 12:26:23,,,
2022-05-31,铁矿石,结算价,895.50,2.4%,1042,2022-05-31 00:00:00,1,0,2024-07-20 12:26:23,0,2024-07-20 12:26:23,,,
2022-05-30,铁矿石,收盘价,878.00,1.68%,1043,2022-05-30 00:00:00,1,0,2024-07-20 12:26:23,0,2024-07-20 12:26:23,,,
2022-05-30,铁矿石,结算价,874.50,2.4%,1044,2022-05-30 00:00:00,1,0,2024-07-20 12:26:23,0,2024-07-20 12:26:23,,,
2022-05-27,铁矿石,收盘价,863.50,3.54%,1045,2022-05-27 00:00:00,1,0,2024-07-20 12:26:23,0,2024-07-20 12:26:23,,,
2022-05-27,铁矿石,结算价,854.00,3.26%,1046,2022-05-27 00:00:00,1,0,2024-07-20 12:26:23,0,2024-07-20 12:26:23,,,
2022-05-26,铁矿石,收盘价,834.00,-2.11%,1047,2022-05-26 00:00:00,1,0,2024-07-20 12:26:23,0,2024-07-20 12:26:23,,,
2022-05-26,铁矿石,结算价,827.00,-1.61%,1048,2022-05-26 00:00:00,1,0,2024-07-20 12:26:23,0,2024-07-20 12:26:23,,,
2022-05-25,铁矿石,收盘价,852.00,2.59%,1049,2022-05-25 00:00:00,1,0,2024-07-20 12:26:23,0,2024-07-20 12:26:23,,,
2022-05-25,铁矿石,结算价,840.50,-1.%,1050,2022-05-25 00:00:00,1,0,2024-07-20 12:26:23,0,2024-07-20 12:26:23,,,
2022-05-24,铁矿石,收盘价,830.50,-3.82%,1051,2022-05-24 00:00:00,1,0,2024-07-20 12:26:26,0,2024-07-20 12:26:26,,,
2022-05-24,铁矿石,结算价,849.00,-1.39%,1052,2022-05-24 00:00:00,1,0,2024-07-20 12:26:26,0,2024-07-20 12:26:26,,,
2022-05-23,铁矿石,收盘价,863.50,2.49%,1053,2022-05-23 00:00:00,1,0,2024-07-20 12:26:26,0,2024-07-20 12:26:26,,,
2022-05-23,铁矿石,结算价,861.00,4.11%,1054,2022-05-23 00:00:00,1,0,2024-07-20 12:26:26,0,2024-07-20 12:26:26,,,
2022-05-20,铁矿石,收盘价,842.50,3.%,1055,2022-05-20 00:00:00,1,0,2024-07-20 12:26:26,0,2024-07-20 12:26:26,,,
2022-05-20,铁矿石,结算价,827.00,3.38%,1056,2022-05-20 00:00:00,1,0,2024-07-20 12:26:26,0,2024-07-20 12:26:26,,,
2022-05-19,铁矿石,收盘价,818.00,3.41%,1057,2022-05-19 00:00:00,1,0,2024-07-20 12:26:26,0,2024-07-20 12:26:26,,,
2022-05-19,铁矿石,结算价,800.00,-2.02%,1058,2022-05-19 00:00:00,1,0,2024-07-20 12:26:26,0,2024-07-20 12:26:26,,,
2022-05-18,铁矿石,收盘价,791.00,-4.58%,1059,2022-05-18 00:00:00,1,0,2024-07-20 12:26:26,0,2024-07-20 12:26:26,,,
2022-05-18,铁矿石,结算价,816.50,-2.22%,1060,2022-05-18 00:00:00,1,0,2024-07-20 12:26:26,0,2024-07-20 12:26:26,,,
2022-05-17,铁矿石,收盘价,829.00,-0.66%,1061,2022-05-17 00:00:00,1,0,2024-07-20 12:26:26,0,2024-07-20 12:26:26,,,
2022-05-17,铁矿石,结算价,835.00,1.64%,1062,2022-05-17 00:00:00,1,0,2024-07-20 12:26:26,0,2024-07-20 12:26:26,,,
2022-05-16,铁矿石,收盘价,834.50,1.4%,1063,2022-05-16 00:00:00,1,0,2024-07-20 12:26:26,0,2024-07-20 12:26:26,,,
2022-05-16,铁矿石,结算价,821.50,2.24%,1064,2022-05-16 00:00:00,1,0,2024-07-20 12:26:26,0,2024-07-20 12:26:26,,,
2022-05-13,铁矿石,收盘价,823.00,3.39%,1065,2022-05-13 00:00:00,1,0,2024-07-20 12:26:26,0,2024-07-20 12:26:26,,,
2022-05-13,铁矿石,结算价,803.50,-1.41%,1066,2022-05-13 00:00:00,1,0,2024-07-20 12:26:26,0,2024-07-20 12:26:26,,,
2022-05-12,铁矿石,收盘价,796.00,-3.05%,1067,2022-05-12 00:00:00,1,0,2024-07-20 12:26:26,0,2024-07-20 12:26:26,,,
2022-05-12,铁矿石,结算价,815.00,0.99%,1068,2022-05-12 00:00:00,1,0,2024-07-20 12:26:26,0,2024-07-20 12:26:26,,,
2022-05-11,铁矿石,收盘价,821.00,5.39%,1069,2022-05-11 00:00:00,1,0,2024-07-20 12:26:26,0,2024-07-20 12:26:26,,,
2022-05-11,铁矿石,结算价,807.00,3.53%,1070,2022-05-11 00:00:00,1,0,2024-07-20 12:26:26,0,2024-07-20 12:26:26,,,
2022-05-10,铁矿石,收盘价,779.00,-3.41%,1071,2022-05-10 00:00:00,1,0,2024-07-20 12:26:26,0,2024-07-20 12:26:26,,,
2022-05-10,铁矿石,结算价,779.50,-4.06%,1072,2022-05-10 00:00:00,1,0,2024-07-20 12:26:26,0,2024-07-20 12:26:26,,,
2022-05-09,铁矿石,收盘价,806.50,-2.24%,1073,2022-05-09 00:00:00,1,0,2024-07-20 12:26:26,0,2024-07-20 12:26:26,,,
2022-05-09,铁矿石,结算价,812.50,-5.08%,1074,2022-05-09 00:00:00,1,0,2024-07-20 12:26:26,0,2024-07-20 12:26:26,,,
2022-05-06,铁矿石,收盘价,825.00,-5.34%,1075,2022-05-06 00:00:00,1,0,2024-07-20 12:26:26,0,2024-07-20 12:26:26,,,
2022-05-06,铁矿石,结算价,856.00,-1.55%,1076,2022-05-06 00:00:00,1,0,2024-07-20 12:26:26,0,2024-07-20 12:26:26,,,
2022-05-05,铁矿石,收盘价,871.50,0.23%,1077,2022-05-05 00:00:00,1,0,2024-07-20 12:26:26,0,2024-07-20 12:26:26,,,
2022-05-05,铁矿石,结算价,869.50,1.64%,1078,2022-05-05 00:00:00,1,0,2024-07-20 12:26:26,0,2024-07-20 12:26:26,,,
2022-04-29,铁矿石,收盘价,869.50,2.11%,1079,2022-04-29 00:00:00,1,0,2024-07-20 12:26:26,0,2024-07-20 12:26:26,,,
2022-04-29,铁矿石,结算价,855.50,2.52%,1080,2022-04-29 00:00:00,1,0,2024-07-20 12:26:26,0,2024-07-20 12:26:26,,,
2022-04-28,铁矿石,收盘价,851.50,3.02%,1081,2022-04-28 00:00:00,1,0,2024-07-20 12:26:30,0,2024-07-20 12:26:30,,,
2022-04-28,铁矿石,结算价,834.50,1.46%,1082,2022-04-28 00:00:00,1,0,2024-07-20 12:26:30,0,2024-07-20 12:26:30,,,
2022-04-27,铁矿石,收盘价,826.50,2.16%,1083,2022-04-27 00:00:00,1,0,2024-07-20 12:26:30,0,2024-07-20 12:26:30,,,
2022-04-27,铁矿石,结算价,822.50,2.11%,1084,2022-04-27 00:00:00,1,0,2024-07-20 12:26:30,0,2024-07-20 12:26:30,,,
2022-04-26,铁矿石,收盘价,809.00,1.83%,1085,2022-04-26 00:00:00,1,0,2024-07-20 12:26:30,0,2024-07-20 12:26:30,,,
2022-04-26,铁矿石,结算价,805.50,-2.95%,1086,2022-04-26 00:00:00,1,0,2024-07-20 12:26:30,0,2024-07-20 12:26:30,,,
2022-04-25,铁矿石,收盘价,794.50,-9.82%,1087,2022-04-25 00:00:00,1,0,2024-07-20 12:26:30,0,2024-07-20 12:26:30,,,
2022-04-25,铁矿石,结算价,830.00,-6.74%,1088,2022-04-25 00:00:00,1,0,2024-07-20 12:26:30,0,2024-07-20 12:26:30,,,
2022-04-22,铁矿石,收盘价,881.00,-2.54%,1089,2022-04-22 00:00:00,1,0,2024-07-20 12:26:30,0,2024-07-20 12:26:30,,,
2022-04-22,铁矿石,结算价,890.00,-1.44%,1090,2022-04-22 00:00:00,1,0,2024-07-20 12:26:30,0,2024-07-20 12:26:30,,,
2022-04-21,铁矿石,收盘价,904.00,0.67%,1091,2022-04-21 00:00:00,1,0,2024-07-20 12:26:30,0,2024-07-20 12:26:30,,,
2022-04-21,铁矿石,结算价,903.00,0.17%,1092,2022-04-21 00:00:00,1,0,2024-07-20 12:26:30,0,2024-07-20 12:26:30,,,
2022-04-20,铁矿石,收盘价,898.00,1.24%,1093,2022-04-20 00:00:00,1,0,2024-07-20 12:26:30,0,2024-07-20 12:26:30,,,
2022-04-20,铁矿石,结算价,901.50,-1.37%,1094,2022-04-20 00:00:00,1,0,2024-07-20 12:26:30,0,2024-07-20 12:26:30,,,
2022-04-19,铁矿石,收盘价,887.00,-3.8%,1095,2022-04-19 00:00:00,1,0,2024-07-20 12:26:30,0,2024-07-20 12:26:30,,,
2022-04-19,铁矿石,结算价,914.00,-0.33%,1096,2022-04-19 00:00:00,1,0,2024-07-20 12:26:30,0,2024-07-20 12:26:30,,,
2022-04-18,铁矿石,收盘价,922.00,0.71%,1097,2022-04-18 00:00:00,1,0,2024-07-20 12:26:30,0,2024-07-20 12:26:30,,,
2022-04-18,铁矿石,结算价,917.00,0.33%,1098,2022-04-18 00:00:00,1,0,2024-07-20 12:26:30,0,2024-07-20 12:26:30,,,
2022-04-15,铁矿石,收盘价,915.50,1.55%,1099,2022-04-15 00:00:00,1,0,2024-07-20 12:26:30,0,2024-07-20 12:26:30,,,
2022-04-15,铁矿石,结算价,914.00,2.7%,1100,2022-04-15 00:00:00,1,0,2024-07-20 12:26:30,0,2024-07-20 12:26:30,,,
2022-04-14,铁矿石,收盘价,901.50,1.98%,1101,2022-04-14 00:00:00,1,0,2024-07-20 12:26:30,0,2024-07-20 12:26:30,,,
2022-04-14,铁矿石,结算价,890.00,-1.17%,1102,2022-04-14 00:00:00,1,0,2024-07-20 12:26:30,0,2024-07-20 12:26:30,,,
2022-04-13,铁矿石,收盘价,884.00,-4.43%,1103,2022-04-13 00:00:00,1,0,2024-07-20 12:26:30,0,2024-07-20 12:26:30,,,
2022-04-13,铁矿石,结算价,900.50,0.39%,1104,2022-04-13 00:00:00,1,0,2024-07-20 12:26:30,0,2024-07-20 12:26:30,,,
2022-04-12,铁矿石,收盘价,925.00,6.51%,1105,2022-04-12 00:00:00,1,0,2024-07-20 12:26:30,0,2024-07-20 12:26:30,,,
2022-04-12,铁矿石,结算价,897.00,1.24%,1106,2022-04-12 00:00:00,1,0,2024-07-20 12:26:30,0,2024-07-20 12:26:30,,,
2022-04-11,铁矿石,收盘价,868.50,-5.44%,1107,2022-04-11 00:00:00,1,0,2024-07-20 12:26:30,0,2024-07-20 12:26:30,,,
2022-04-11,铁矿石,结算价,886.00,-2.64%,1108,2022-04-11 00:00:00,1,0,2024-07-20 12:26:30,0,2024-07-20 12:26:30,,,
2022-04-08,铁矿石,收盘价,918.50,2.06%,1109,2022-04-08 00:00:00,1,0,2024-07-20 12:26:30,0,2024-07-20 12:26:30,,,
2022-04-08,铁矿石,结算价,910.00,-0.27%,1110,2022-04-08 00:00:00,1,0,2024-07-20 12:26:30,0,2024-07-20 12:26:30,,,
2022-04-07,铁矿石,收盘价,900.00,-2.86%,1111,2022-04-07 00:00:00,1,0,2024-07-20 12:26:32,0,2024-07-20 12:26:32,,,
2022-04-07,铁矿石,结算价,912.50,-1.67%,1112,2022-04-07 00:00:00,1,0,2024-07-20 12:26:32,0,2024-07-20 12:26:32,,,
2022-04-06,铁矿石,收盘价,926.50,0.05%,1113,2022-04-06 00:00:00,1,0,2024-07-20 12:26:32,0,2024-07-20 12:26:32,,,
2022-04-06,铁矿石,结算价,928.00,2.32%,1114,2022-04-06 00:00:00,1,0,2024-07-20 12:26:32,0,2024-07-20 12:26:32,,,
2022-04-01,铁矿石,收盘价,926.00,3.23%,1115,2022-04-01 00:00:00,1,0,2024-07-20 12:26:32,0,2024-07-20 12:26:32,,,
2022-04-01,铁矿石,结算价,907.00,1.34%,1116,2022-04-01 00:00:00,1,0,2024-07-20 12:26:32,0,2024-07-20 12:26:32,,,
2022-03-31,铁矿石,收盘价,897.00,0.22%,1117,2022-03-31 00:00:00,1,0,2024-07-20 12:26:32,0,2024-07-20 12:26:32,,,
2022-03-31,铁矿石,结算价,895.00,3.11%,1118,2022-03-31 00:00:00,1,0,2024-07-20 12:26:32,0,2024-07-20 12:26:32,,,
2022-03-30,铁矿石,收盘价,895.00,3.17%,1119,2022-03-30 00:00:00,1,0,2024-07-20 12:26:32,0,2024-07-20 12:26:32,,,
2022-03-30,铁矿石,结算价,868.00,-0.12%,1120,2022-03-30 00:00:00,1,0,2024-07-20 12:26:32,0,2024-07-20 12:26:32,,,
2022-03-29,铁矿石,收盘价,867.50,-0.29%,1121,2022-03-29 00:00:00,1,0,2024-07-20 12:26:32,0,2024-07-20 12:26:32,,,
2022-03-29,铁矿石,结算价,869.00,0.7%,1122,2022-03-29 00:00:00,1,0,2024-07-20 12:26:32,0,2024-07-20 12:26:32,,,
2022-03-28,铁矿石,收盘价,870.00,2.65%,1123,2022-03-28 00:00:00,1,0,2024-07-20 12:26:32,0,2024-07-20 12:26:32,,,
2022-03-28,铁矿石,结算价,863.00,3.6%,1124,2022-03-28 00:00:00,1,0,2024-07-20 12:26:32,0,2024-07-20 12:26:32,,,
2022-03-25,铁矿石,收盘价,847.50,4.31%,1125,2022-03-25 00:00:00,1,0,2024-07-20 12:26:32,0,2024-07-20 12:26:32,,,
2022-03-25,铁矿石,结算价,833.00,1.46%,1126,2022-03-25 00:00:00,1,0,2024-07-20 12:26:32,0,2024-07-20 12:26:32,,,
2022-03-24,铁矿石,收盘价,812.50,-1.22%,1127,2022-03-24 00:00:00,1,0,2024-07-20 12:26:32,0,2024-07-20 12:26:32,,,
2022-03-24,铁矿石,结算价,821.00,1.67%,1128,2022-03-24 00:00:00,1,0,2024-07-20 12:26:32,0,2024-07-20 12:26:32,,,
2022-03-23,铁矿石,收盘价,822.50,2.94%,1129,2022-03-23 00:00:00,1,0,2024-07-20 12:26:32,0,2024-07-20 12:26:32,,,
2022-03-23,铁矿石,结算价,807.50,-1.4%,1130,2022-03-23 00:00:00,1,0,2024-07-20 12:26:32,0,2024-07-20 12:26:32,,,
2022-03-22,铁矿石,收盘价,799.00,-4.02%,1131,2022-03-22 00:00:00,1,0,2024-07-20 12:26:32,0,2024-07-20 12:26:32,,,
2022-03-22,铁矿石,结算价,819.00,-1.21%,1132,2022-03-22 00:00:00,1,0,2024-07-20 12:26:32,0,2024-07-20 12:26:32,,,
2022-03-21,铁矿石,收盘价,832.50,-0.12%,1133,2022-03-21 00:00:00,1,0,2024-07-20 12:26:32,0,2024-07-20 12:26:32,,,
2022-03-21,铁矿石,结算价,829.00,0.55%,1134,2022-03-21 00:00:00,1,0,2024-07-20 12:26:32,0,2024-07-20 12:26:32,,,
2022-03-18,铁矿石,收盘价,833.50,2.9%,1135,2022-03-18 00:00:00,1,0,2024-07-20 12:26:32,0,2024-07-20 12:26:32,,,
2022-03-18,铁矿石,结算价,824.50,2.42%,1136,2022-03-18 00:00:00,1,0,2024-07-20 12:26:32,0,2024-07-20 12:26:32,,,
2022-03-17,铁矿石,收盘价,810.00,0.75%,1137,2022-03-17 00:00:00,1,0,2024-07-20 12:26:32,0,2024-07-20 12:26:32,,,
2022-03-17,铁矿石,结算价,805.00,4.01%,1138,2022-03-17 00:00:00,1,0,2024-07-20 12:26:32,0,2024-07-20 12:26:32,,,
2022-03-16,铁矿石,收盘价,804.00,6.35%,1139,2022-03-16 00:00:00,1,0,2024-07-20 12:26:32,0,2024-07-20 12:26:32,,,
2022-03-16,铁矿石,结算价,774.00,1.24%,1140,2022-03-16 00:00:00,1,0,2024-07-20 12:26:32,0,2024-07-20 12:26:32,,,
2022-03-15,铁矿石,收盘价,756.00,-0.46%,1141,2022-03-15 00:00:00,1,0,2024-07-20 12:26:37,0,2024-07-20 12:26:37,,,
2022-03-15,铁矿石,结算价,764.50,-3.53%,1142,2022-03-15 00:00:00,1,0,2024-07-20 12:26:37,0,2024-07-20 12:26:37,,,
2022-03-14,铁矿石,收盘价,759.50,-7.6%,1143,2022-03-14 00:00:00,1,0,2024-07-20 12:26:37,0,2024-07-20 12:26:37,,,
2022-03-14,铁矿石,结算价,792.50,-2.94%,1144,2022-03-14 00:00:00,1,0,2024-07-20 12:26:37,0,2024-07-20 12:26:37,,,
2022-03-11,铁矿石,收盘价,822.00,1.8%,1145,2022-03-11 00:00:00,1,0,2024-07-20 12:26:37,0,2024-07-20 12:26:37,,,
2022-03-11,铁矿石,结算价,816.50,3.09%,1146,2022-03-11 00:00:00,1,0,2024-07-20 12:26:37,0,2024-07-20 12:26:37,,,
2022-03-10,铁矿石,收盘价,807.50,-0.62%,1147,2022-03-10 00:00:00,1,0,2024-07-20 12:26:37,0,2024-07-20 12:26:37,,,
2022-03-10,铁矿石,结算价,792.00,-5.09%,1148,2022-03-10 00:00:00,1,0,2024-07-20 12:26:37,0,2024-07-20 12:26:37,,,
2022-03-09,铁矿石,收盘价,812.50,-3.79%,1149,2022-03-09 00:00:00,1,0,2024-07-20 12:26:37,0,2024-07-20 12:26:37,,,
2022-03-09,铁矿石,结算价,834.50,-1.24%,1150,2022-03-09 00:00:00,1,0,2024-07-20 12:26:37,0,2024-07-20 12:26:37,,,
2022-03-08,铁矿石,收盘价,844.50,-2.93%,1151,2022-03-08 00:00:00,1,0,2024-07-20 12:26:37,0,2024-07-20 12:26:37,,,
2022-03-08,铁矿石,结算价,845.00,0.42%,1152,2022-03-08 00:00:00,1,0,2024-07-20 12:26:37,0,2024-07-20 12:26:37,,,
2022-03-07,铁矿石,收盘价,870.00,7.08%,1153,2022-03-07 00:00:00,1,0,2024-07-20 12:26:37,0,2024-07-20 12:26:37,,,
2022-03-07,铁矿石,结算价,841.50,3.57%,1154,2022-03-07 00:00:00,1,0,2024-07-20 12:26:37,0,2024-07-20 12:26:37,,,
2022-03-04,铁矿石,收盘价,812.50,1.88%,1155,2022-03-04 00:00:00,1,0,2024-07-20 12:26:37,0,2024-07-20 12:26:37,,,
2022-03-04,铁矿石,结算价,812.50,2.78%,1156,2022-03-04 00:00:00,1,0,2024-07-20 12:26:37,0,2024-07-20 12:26:37,,,
2022-03-03,铁矿石,收盘价,797.50,5.63%,1157,2022-03-03 00:00:00,1,0,2024-07-20 12:26:37,0,2024-07-20 12:26:37,,,
2022-03-03,铁矿石,结算价,790.50,5.89%,1158,2022-03-03 00:00:00,1,0,2024-07-20 12:26:37,0,2024-07-20 12:26:37,,,
2022-03-02,铁矿石,收盘价,755.00,2.37%,1159,2022-03-02 00:00:00,1,0,2024-07-20 12:26:37,0,2024-07-20 12:26:37,,,
2022-03-02,铁矿石,结算价,746.50,3.47%,1160,2022-03-02 00:00:00,1,0,2024-07-20 12:26:37,0,2024-07-20 12:26:37,,,
2022-03-01,铁矿石,收盘价,737.50,4.54%,1161,2022-03-01 00:00:00,1,0,2024-07-20 12:26:37,0,2024-07-20 12:26:37,,,
2022-03-01,铁矿石,结算价,721.50,3.22%,1162,2022-03-01 00:00:00,1,0,2024-07-20 12:26:37,0,2024-07-20 12:26:37,,,
2022-02-28,铁矿石,收盘价,705.50,3.67%,1163,2022-02-28 00:00:00,1,0,2024-07-20 12:26:37,0,2024-07-20 12:26:37,,,
2022-02-28,铁矿石,结算价,699.00,1.75%,1164,2022-02-28 00:00:00,1,0,2024-07-20 12:26:37,0,2024-07-20 12:26:37,,,
2022-02-25,铁矿石,收盘价,680.50,-3.2%,1165,2022-02-25 00:00:00,1,0,2024-07-20 12:26:37,0,2024-07-20 12:26:37,,,
2022-02-25,铁矿石,结算价,687.00,-2.21%,1166,2022-02-25 00:00:00,1,0,2024-07-20 12:26:37,0,2024-07-20 12:26:37,,,
2022-02-24,铁矿石,收盘价,703.00,0.43%,1167,2022-02-24 00:00:00,1,0,2024-07-20 12:26:37,0,2024-07-20 12:26:37,,,
2022-02-24,铁矿石,结算价,702.50,0.36%,1168,2022-02-24 00:00:00,1,0,2024-07-20 12:26:37,0,2024-07-20 12:26:37,,,
2022-02-23,铁矿石,收盘价,700.00,2.26%,1169,2022-02-23 00:00:00,1,0,2024-07-20 12:26:37,0,2024-07-20 12:26:37,,,
2022-02-23,铁矿石,结算价,700.00,-0.78%,1170,2022-02-23 00:00:00,1,0,2024-07-20 12:26:37,0,2024-07-20 12:26:37,,,
2022-02-22,铁矿石,收盘价,684.50,-3.18%,1171,2022-02-22 00:00:00,1,0,2024-07-20 12:26:40,0,2024-07-20 12:26:40,,,
2022-02-22,铁矿石,结算价,705.50,2.99%,1172,2022-02-22 00:00:00,1,0,2024-07-20 12:26:40,0,2024-07-20 12:26:40,,,
2022-02-21,铁矿石,收盘价,707.00,3.21%,1173,2022-02-21 00:00:00,1,0,2024-07-20 12:26:40,0,2024-07-20 12:26:40,,,
2022-02-21,铁矿石,结算价,685.00,1.48%,1174,2022-02-21 00:00:00,1,0,2024-07-20 12:26:40,0,2024-07-20 12:26:40,,,
2022-02-18,铁矿石,收盘价,685.00,0.07%,1175,2022-02-18 00:00:00,1,0,2024-07-20 12:26:40,0,2024-07-20 12:26:40,,,
2022-02-18,铁矿石,结算价,675.00,-2.81%,1176,2022-02-18 00:00:00,1,0,2024-07-20 12:26:40,0,2024-07-20 12:26:40,,,
2022-02-17,铁矿石,收盘价,684.50,-4.93%,1177,2022-02-17 00:00:00,1,0,2024-07-20 12:26:40,0,2024-07-20 12:26:40,,,
2022-02-17,铁矿石,结算价,694.50,-2.39%,1178,2022-02-17 00:00:00,1,0,2024-07-20 12:26:40,0,2024-07-20 12:26:40,,,
2022-02-16,铁矿石,收盘价,720.00,3.%,1179,2022-02-16 00:00:00,1,0,2024-07-20 12:26:40,0,2024-07-20 12:26:40,,,
2022-02-16,铁矿石,结算价,711.50,-2.27%,1180,2022-02-16 00:00:00,1,0,2024-07-20 12:26:40,0,2024-07-20 12:26:40,,,
2022-02-15,铁矿石,收盘价,699.00,-9.98%,1181,2022-02-15 00:00:00,1,0,2024-07-20 12:26:40,0,2024-07-20 12:26:40,,,
2022-02-15,铁矿石,结算价,728.00,-6.25%,1182,2022-02-15 00:00:00,1,0,2024-07-20 12:26:40,0,2024-07-20 12:26:40,,,
2022-02-14,铁矿石,收盘价,776.50,-3.54%,1183,2022-02-14 00:00:00,1,0,2024-07-20 12:26:40,0,2024-07-20 12:26:40,,,
2022-02-14,铁矿石,结算价,776.50,-6.84%,1184,2022-02-14 00:00:00,1,0,2024-07-20 12:26:40,0,2024-07-20 12:26:40,,,
2022-02-11,铁矿石,收盘价,805.00,-2.01%,1185,2022-02-11 00:00:00,1,0,2024-07-20 12:26:40,0,2024-07-20 12:26:40,,,
2022-02-11,铁矿石,结算价,833.50,3.86%,1186,2022-02-11 00:00:00,1,0,2024-07-20 12:26:40,0,2024-07-20 12:26:40,,,
2022-02-10,铁矿石,收盘价,821.50,5.19%,1187,2022-02-10 00:00:00,1,0,2024-07-20 12:26:40,0,2024-07-20 12:26:40,,,
2022-02-10,铁矿石,结算价,802.50,0.82%,1188,2022-02-10 00:00:00,1,0,2024-07-20 12:26:40,0,2024-07-20 12:26:40,,,
2022-02-09,铁矿石,收盘价,781.00,-4.87%,1189,2022-02-09 00:00:00,1,0,2024-07-20 12:26:40,0,2024-07-20 12:26:40,,,
2022-02-09,铁矿石,结算价,796.00,-4.1%,1190,2022-02-09 00:00:00,1,0,2024-07-20 12:26:40,0,2024-07-20 12:26:40,,,
2022-02-08,铁矿石,收盘价,821.00,0.49%,1191,2022-02-08 00:00:00,1,0,2024-07-20 12:26:40,0,2024-07-20 12:26:40,,,
2022-02-08,铁矿石,结算价,830.00,2.15%,1192,2022-02-08 00:00:00,1,0,2024-07-20 12:26:40,0,2024-07-20 12:26:40,,,
2022-02-07,铁矿石,收盘价,817.00,-1.45%,1193,2022-02-07 00:00:00,1,0,2024-07-20 12:26:40,0,2024-07-20 12:26:40,,,
2022-02-07,铁矿石,结算价,812.50,1.88%,1194,2022-02-07 00:00:00,1,0,2024-07-20 12:26:40,0,2024-07-20 12:26:40,,,
2022-01-28,铁矿石,收盘价,829.00,7.8%,1195,2022-01-28 00:00:00,1,0,2024-07-20 12:26:40,0,2024-07-20 12:26:40,,,
2022-01-28,铁矿石,结算价,797.50,3.5%,1196,2022-01-28 00:00:00,1,0,2024-07-20 12:26:40,0,2024-07-20 12:26:40,,,
2022-01-27,铁矿石,收盘价,769.00,-0.9%,1197,2022-01-27 00:00:00,1,0,2024-07-20 12:26:40,0,2024-07-20 12:26:40,,,
2022-01-27,铁矿石,结算价,770.50,0.65%,1198,2022-01-27 00:00:00,1,0,2024-07-20 12:26:40,0,2024-07-20 12:26:40,,,
2022-01-26,铁矿石,收盘价,776.00,1.24%,1199,2022-01-26 00:00:00,1,0,2024-07-20 12:26:40,0,2024-07-20 12:26:40,,,
2022-01-26,铁矿石,结算价,765.50,2.%,1200,2022-01-26 00:00:00,1,0,2024-07-20 12:26:40,0,2024-07-20 12:26:40,,,
2022-01-25,铁矿石,收盘价,766.50,3.58%,1201,2022-01-25 00:00:00,1,0,2024-07-20 12:26:44,0,2024-07-20 12:26:44,,,
2022-01-25,铁矿石,结算价,750.50,-0.73%,1202,2022-01-25 00:00:00,1,0,2024-07-20 12:26:44,0,2024-07-20 12:26:44,,,
2022-01-24,铁矿石,收盘价,740.00,-2.05%,1203,2022-01-24 00:00:00,1,0,2024-07-20 12:26:44,0,2024-07-20 12:26:44,,,
2022-01-24,铁矿石,结算价,756.00,0.47%,1204,2022-01-24 00:00:00,1,0,2024-07-20 12:26:44,0,2024-07-20 12:26:44,,,
2022-01-21,铁矿石,收盘价,755.50,1.82%,1205,2022-01-21 00:00:00,1,0,2024-07-20 12:26:44,0,2024-07-20 12:26:44,,,
2022-01-21,铁矿石,结算价,752.50,1.83%,1206,2022-01-21 00:00:00,1,0,2024-07-20 12:26:44,0,2024-07-20 12:26:44,,,
2022-01-20,铁矿石,收盘价,742.00,0.95%,1207,2022-01-20 00:00:00,1,0,2024-07-20 12:26:44,0,2024-07-20 12:26:44,,,
2022-01-20,铁矿石,结算价,739.00,0.89%,1208,2022-01-20 00:00:00,1,0,2024-07-20 12:26:44,0,2024-07-20 12:26:44,,,
2022-01-19,铁矿石,收盘价,735.00,2.8%,1209,2022-01-19 00:00:00,1,0,2024-07-20 12:26:44,0,2024-07-20 12:26:44,,,
2022-01-19,铁矿石,结算价,732.50,3.9%,1210,2022-01-19 00:00:00,1,0,2024-07-20 12:26:44,0,2024-07-20 12:26:44,,,
2022-01-18,铁矿石,收盘价,715.00,1.42%,1211,2022-01-18 00:00:00,1,0,2024-07-20 12:26:44,0,2024-07-20 12:26:44,,,
2022-01-18,铁矿石,结算价,705.00,-0.35%,1212,2022-01-18 00:00:00,1,0,2024-07-20 12:26:44,0,2024-07-20 12:26:44,,,
2022-01-17,铁矿石,收盘价,705.00,-2.35%,1213,2022-01-17 00:00:00,1,0,2024-07-20 12:26:44,0,2024-07-20 12:26:44,,,
2022-01-17,铁矿石,结算价,707.50,-2.01%,1214,2022-01-17 00:00:00,1,0,2024-07-20 12:26:44,0,2024-07-20 12:26:44,,,
2022-01-14,铁矿石,收盘价,722.00,-0.55%,1215,2022-01-14 00:00:00,1,0,2024-07-20 12:26:44,0,2024-07-20 12:26:44,,,
2022-01-14,铁矿石,结算价,722.00,-2.3%,1216,2022-01-14 00:00:00,1,0,2024-07-20 12:26:44,0,2024-07-20 12:26:44,,,
2022-01-13,铁矿石,收盘价,726.00,-1.56%,1217,2022-01-13 00:00:00,1,0,2024-07-20 12:26:44,0,2024-07-20 12:26:44,,,
2022-01-13,铁矿石,结算价,739.00,1.09%,1218,2022-01-13 00:00:00,1,0,2024-07-20 12:26:44,0,2024-07-20 12:26:44,,,
2022-01-12,铁矿石,收盘价,737.50,1.94%,1219,2022-01-12 00:00:00,1,0,2024-07-20 12:26:44,0,2024-07-20 12:26:44,,,
2022-01-12,铁矿石,结算价,731.00,2.17%,1220,2022-01-12 00:00:00,1,0,2024-07-20 12:26:44,0,2024-07-20 12:26:44,,,
2022-01-11,铁矿石,收盘价,723.50,3.43%,1221,2022-01-11 00:00:00,1,0,2024-07-20 12:26:44,0,2024-07-20 12:26:44,,,
2022-01-11,铁矿石,结算价,715.50,1.63%,1222,2022-01-11 00:00:00,1,0,2024-07-20 12:26:44,0,2024-07-20 12:26:44,,,
2022-01-10,铁矿石,收盘价,699.50,-2.71%,1223,2022-01-10 00:00:00,1,0,2024-07-20 12:26:44,0,2024-07-20 12:26:44,,,
2022-01-10,铁矿石,结算价,704.00,-1.4%,1224,2022-01-10 00:00:00,1,0,2024-07-20 12:26:44,0,2024-07-20 12:26:44,,,
2022-01-07,铁矿石,收盘价,719.00,0.28%,1225,2022-01-07 00:00:00,1,0,2024-07-20 12:26:44,0,2024-07-20 12:26:44,,,
2022-01-07,铁矿石,结算价,714.00,0.71%,1226,2022-01-07 00:00:00,1,0,2024-07-20 12:26:44,0,2024-07-20 12:26:44,,,
2022-01-06,铁矿石,收盘价,717.00,3.31%,1227,2022-01-06 00:00:00,1,0,2024-07-20 12:26:44,0,2024-07-20 12:26:44,,,
2022-01-06,铁矿石,结算价,709.00,2.98%,1228,2022-01-06 00:00:00,1,0,2024-07-20 12:26:44,0,2024-07-20 12:26:44,,,
2022-01-05,铁矿石,收盘价,694.00,0.73%,1229,2022-01-05 00:00:00,1,0,2024-07-20 12:26:44,0,2024-07-20 12:26:44,,,
2022-01-05,铁矿石,结算价,688.50,1.32%,1230,2022-01-05 00:00:00,1,0,2024-07-20 12:26:44,0,2024-07-20 12:26:44,,,
2022-01-04,铁矿石,收盘价,689.00,1.32%,1231,2022-01-04 00:00:00,1,0,2024-07-20 12:26:47,0,2024-07-20 12:26:47,,,
2022-01-04,铁矿石,结算价,679.50,0.82%,1232,2022-01-04 00:00:00,1,0,2024-07-20 12:26:47,0,2024-07-20 12:26:47,,,
2021-12-31,铁矿石,收盘价,680.00,1.57%,1233,2021-12-31 00:00:00,1,0,2024-07-20 12:26:47,0,2024-07-20 12:26:47,,,
2021-12-31,铁矿石,结算价,674.00,0.%,1234,2021-12-31 00:00:00,1,0,2024-07-20 12:26:47,0,2024-07-20 12:26:47,,,
2021-12-30,铁矿石,收盘价,669.50,0.98%,1235,2021-12-30 00:00:00,1,0,2024-07-20 12:26:47,0,2024-07-20 12:26:47,,,
2021-12-30,铁矿石,结算价,674.00,1.66%,1236,2021-12-30 00:00:00,1,0,2024-07-20 12:26:47,0,2024-07-20 12:26:47,,,
2021-12-29,铁矿石,收盘价,663.00,-1.56%,1237,2021-12-29 00:00:00,1,0,2024-07-20 12:26:47,0,2024-07-20 12:26:47,,,
2021-12-29,铁矿石,结算价,663.00,-1.92%,1238,2021-12-29 00:00:00,1,0,2024-07-20 12:26:47,0,2024-07-20 12:26:47,,,
2021-12-28,铁矿石,收盘价,673.50,-1.39%,1239,2021-12-28 00:00:00,1,0,2024-07-20 12:26:47,0,2024-07-20 12:26:47,,,
2021-12-28,铁矿石,结算价,676.00,-3.01%,1240,2021-12-28 00:00:00,1,0,2024-07-20 12:26:47,0,2024-07-20 12:26:47,,,
2021-12-27,铁矿石,收盘价,683.00,-4.27%,1241,2021-12-27 00:00:00,1,0,2024-07-20 12:26:47,0,2024-07-20 12:26:47,,,
2021-12-27,铁矿石,结算价,697.00,-1.34%,1242,2021-12-27 00:00:00,1,0,2024-07-20 12:26:47,0,2024-07-20 12:26:47,,,
2021-12-24,铁矿石,收盘价,713.50,3.03%,1243,2021-12-24 00:00:00,1,0,2024-07-20 12:26:47,0,2024-07-20 12:26:47,,,
2021-12-24,铁矿石,结算价,706.50,2.91%,1244,2021-12-24 00:00:00,1,0,2024-07-20 12:26:47,0,2024-07-20 12:26:47,,,
2021-12-23,铁矿石,收盘价,692.50,-0.14%,1245,2021-12-23 00:00:00,1,0,2024-07-20 12:26:47,0,2024-07-20 12:26:47,,,
2021-12-23,铁矿石,结算价,686.50,-1.51%,1246,2021-12-23 00:00:00,1,0,2024-07-20 12:26:47,0,2024-07-20 12:26:47,,,
2021-12-22,铁矿石,收盘价,693.50,-1.21%,1247,2021-12-22 00:00:00,1,0,2024-07-20 12:26:47,0,2024-07-20 12:26:47,,,
2021-12-22,铁矿石,结算价,697.00,0.07%,1248,2021-12-22 00:00:00,1,0,2024-07-20 12:26:47,0,2024-07-20 12:26:47,,,
2021-12-21,铁矿石,收盘价,702.00,4.23%,1249,2021-12-21 00:00:00,1,0,2024-07-20 12:26:47,0,2024-07-20 12:26:47,,,
2021-12-21,铁矿石,结算价,696.50,1.75%,1250,2021-12-21 00:00:00,1,0,2024-07-20 12:26:47,0,2024-07-20 12:26:47,,,
2021-12-20,铁矿石,收盘价,673.50,-0.44%,1251,2021-12-20 00:00:00,1,0,2024-07-20 12:26:47,0,2024-07-20 12:26:47,,,
2021-12-20,铁矿石,结算价,684.50,0.29%,1252,2021-12-20 00:00:00,1,0,2024-07-20 12:26:47,0,2024-07-20 12:26:47,,,
2021-12-17,铁矿石,收盘价,676.50,0.52%,1253,2021-12-17 00:00:00,1,0,2024-07-20 12:26:47,0,2024-07-20 12:26:47,,,
2021-12-17,铁矿石,结算价,682.50,2.79%,1254,2021-12-17 00:00:00,1,0,2024-07-20 12:26:47,0,2024-07-20 12:26:47,,,
2021-12-16,铁矿石,收盘价,673.00,3.7%,1255,2021-12-16 00:00:00,1,0,2024-07-20 12:26:47,0,2024-07-20 12:26:47,,,
2021-12-16,铁矿石,结算价,664.00,1.37%,1256,2021-12-16 00:00:00,1,0,2024-07-20 12:26:47,0,2024-07-20 12:26:47,,,
2021-12-15,铁矿石,收盘价,649.00,-0.23%,1257,2021-12-15 00:00:00,1,0,2024-07-20 12:26:47,0,2024-07-20 12:26:47,,,
2021-12-15,铁矿石,结算价,655.00,-1.13%,1258,2021-12-15 00:00:00,1,0,2024-07-20 12:26:47,0,2024-07-20 12:26:47,,,
2021-12-14,铁矿石,收盘价,650.50,-2.69%,1259,2021-12-14 00:00:00,1,0,2024-07-20 12:26:47,0,2024-07-20 12:26:47,,,
2021-12-14,铁矿石,结算价,662.50,1.22%,1260,2021-12-14 00:00:00,1,0,2024-07-20 12:26:47,0,2024-07-20 12:26:47,,,
2021-12-13,铁矿石,收盘价,668.50,4.05%,1261,2021-12-13 00:00:00,1,0,2024-07-20 12:26:51,0,2024-07-20 12:26:51,,,
2021-12-13,铁矿石,结算价,654.50,1.63%,1262,2021-12-13 00:00:00,1,0,2024-07-20 12:26:51,0,2024-07-20 12:26:51,,,
2021-12-10,铁矿石,收盘价,642.50,0.%,1263,2021-12-10 00:00:00,1,0,2024-07-20 12:26:51,0,2024-07-20 12:26:51,,,
2021-12-10,铁矿石,结算价,644.00,0.%,1264,2021-12-10 00:00:00,1,0,2024-07-20 12:26:51,0,2024-07-20 12:26:51,,,
2021-12-09,铁矿石,收盘价,642.50,-2.43%,1265,2021-12-09 00:00:00,1,0,2024-07-20 12:26:51,0,2024-07-20 12:26:51,,,
2021-12-09,铁矿石,结算价,644.00,-2.94%,1266,2021-12-09 00:00:00,1,0,2024-07-20 12:26:51,0,2024-07-20 12:26:51,,,
2021-12-08,铁矿石,收盘价,658.50,-0.15%,1267,2021-12-08 00:00:00,1,0,2024-07-20 12:26:51,0,2024-07-20 12:26:51,,,
2021-12-08,铁矿石,结算价,663.50,2.23%,1268,2021-12-08 00:00:00,1,0,2024-07-20 12:26:51,0,2024-07-20 12:26:51,,,
2021-12-07,铁矿石,收盘价,659.50,7.15%,1269,2021-12-07 00:00:00,1,0,2024-07-20 12:26:51,0,2024-07-20 12:26:51,,,
2021-12-07,铁矿石,结算价,649.00,5.02%,1270,2021-12-07 00:00:00,1,0,2024-07-20 12:26:51,0,2024-07-20 12:26:51,,,
2021-12-06,铁矿石,收盘价,615.50,0.49%,1271,2021-12-06 00:00:00,1,0,2024-07-20 12:26:51,0,2024-07-20 12:26:51,,,
2021-12-06,铁矿石,结算价,618.00,1.98%,1272,2021-12-06 00:00:00,1,0,2024-07-20 12:26:51,0,2024-07-20 12:26:51,,,
2021-12-03,铁矿石,收盘价,612.50,0.57%,1273,2021-12-03 00:00:00,1,0,2024-07-20 12:26:51,0,2024-07-20 12:26:51,,,
2021-12-03,铁矿石,结算价,606.00,-3.12%,1274,2021-12-03 00:00:00,1,0,2024-07-20 12:26:51,0,2024-07-20 12:26:51,,,
2021-12-02,铁矿石,收盘价,609.00,-3.87%,1275,2021-12-02 00:00:00,1,0,2024-07-20 12:26:51,0,2024-07-20 12:26:51,,,
2021-12-02,铁矿石,结算价,625.50,-0.48%,1276,2021-12-02 00:00:00,1,0,2024-07-20 12:26:51,0,2024-07-20 12:26:51,,,
2021-12-01,铁矿石,收盘价,633.50,3.94%,1277,2021-12-01 00:00:00,1,0,2024-07-20 12:26:51,0,2024-07-20 12:26:51,,,
2021-12-01,铁矿石,结算价,628.50,2.36%,1278,2021-12-01 00:00:00,1,0,2024-07-20 12:26:51,0,2024-07-20 12:26:51,,,
2021-11-30,铁矿石,收盘价,609.50,-0.81%,1279,2021-11-30 00:00:00,1,0,2024-07-20 12:26:51,0,2024-07-20 12:26:51,,,
2021-11-30,铁矿石,结算价,614.00,3.19%,1280,2021-11-30 00:00:00,1,0,2024-07-20 12:26:51,0,2024-07-20 12:26:51,,,
2021-11-29,铁矿石,收盘价,614.50,6.78%,1281,2021-11-29 00:00:00,1,0,2024-07-20 12:26:51,0,2024-07-20 12:26:51,,,
2021-11-29,铁矿石,结算价,595.00,1.45%,1282,2021-11-29 00:00:00,1,0,2024-07-20 12:26:51,0,2024-07-20 12:26:51,,,
2021-11-26,铁矿石,收盘价,575.50,-5.89%,1283,2021-11-26 00:00:00,1,0,2024-07-20 12:26:51,0,2024-07-20 12:26:51,,,
2021-11-26,铁矿石,结算价,586.50,-4.87%,1284,2021-11-26 00:00:00,1,0,2024-07-20 12:26:51,0,2024-07-20 12:26:51,,,
2021-11-25,铁矿石,收盘价,611.50,-0.81%,1285,2021-11-25 00:00:00,1,0,2024-07-20 12:26:51,0,2024-07-20 12:26:51,,,
2021-11-25,铁矿石,结算价,616.50,2.66%,1286,2021-11-25 00:00:00,1,0,2024-07-20 12:26:51,0,2024-07-20 12:26:51,,,
2021-11-24,铁矿石,收盘价,616.50,5.03%,1287,2021-11-24 00:00:00,1,0,2024-07-20 12:26:51,0,2024-07-20 12:26:51,,,
2021-11-24,铁矿石,结算价,600.50,3.09%,1288,2021-11-24 00:00:00,1,0,2024-07-20 12:26:51,0,2024-07-20 12:26:51,,,
2021-11-23,铁矿石,收盘价,587.00,5.2%,1289,2021-11-23 00:00:00,1,0,2024-07-20 12:26:51,0,2024-07-20 12:26:51,,,
2021-11-23,铁矿石,结算价,582.50,6.98%,1290,2021-11-23 00:00:00,1,0,2024-07-20 12:26:51,0,2024-07-20 12:26:51,,,
2021-11-22,铁矿石,收盘价,558.00,4.1%,1291,2021-11-22 00:00:00,1,0,2024-07-20 12:26:55,0,2024-07-20 12:26:55,,,
2021-11-22,铁矿石,结算价,544.50,3.62%,1292,2021-11-22 00:00:00,1,0,2024-07-20 12:26:55,0,2024-07-20 12:26:55,,,
2021-11-19,铁矿石,收盘价,536.00,4.79%,1293,2021-11-19 00:00:00,1,0,2024-07-20 12:26:55,0,2024-07-20 12:26:55,,,
2021-11-19,铁矿石,结算价,525.50,0.48%,1294,2021-11-19 00:00:00,1,0,2024-07-20 12:26:55,0,2024-07-20 12:26:55,,,
2021-11-18,铁矿石,收盘价,511.50,-5.01%,1295,2021-11-18 00:00:00,1,0,2024-07-20 12:26:55,0,2024-07-20 12:26:55,,,
2021-11-18,铁矿石,结算价,523.00,-2.97%,1296,2021-11-18 00:00:00,1,0,2024-07-20 12:26:55,0,2024-07-20 12:26:55,,,
2021-11-17,铁矿石,收盘价,538.50,-0.37%,1297,2021-11-17 00:00:00,1,0,2024-07-20 12:26:55,0,2024-07-20 12:26:55,,,
2021-11-17,铁矿石,结算价,539.00,-0.92%,1298,2021-11-17 00:00:00,1,0,2024-07-20 12:26:55,0,2024-07-20 12:26:55,,,
2021-11-16,铁矿石,收盘价,540.50,0.28%,1299,2021-11-16 00:00:00,1,0,2024-07-20 12:26:55,0,2024-07-20 12:26:55,,,
2021-11-16,铁矿石,结算价,544.00,-0.46%,1300,2021-11-16 00:00:00,1,0,2024-07-20 12:26:55,0,2024-07-20 12:26:55,,,
2021-11-15,铁矿石,收盘价,539.00,-1.37%,1301,2021-11-15 00:00:00,1,0,2024-07-20 12:26:55,0,2024-07-20 12:26:55,,,
2021-11-15,铁矿石,结算价,546.50,-1.18%,1302,2021-11-15 00:00:00,1,0,2024-07-20 12:26:55,0,2024-07-20 12:26:55,,,
2021-11-12,铁矿石,收盘价,546.50,-4.21%,1303,2021-11-12 00:00:00,1,0,2024-07-20 12:26:55,0,2024-07-20 12:26:55,,,
2021-11-12,铁矿石,结算价,553.00,-0.45%,1304,2021-11-12 00:00:00,1,0,2024-07-20 12:26:55,0,2024-07-20 12:26:55,,,
2021-11-11,铁矿石,收盘价,570.50,6.34%,1305,2021-11-11 00:00:00,1,0,2024-07-20 12:26:55,0,2024-07-20 12:26:55,,,
2021-11-11,铁矿石,结算价,555.50,4.03%,1306,2021-11-11 00:00:00,1,0,2024-07-20 12:26:55,0,2024-07-20 12:26:55,,,
2021-11-10,铁矿石,收盘价,536.50,-4.37%,1307,2021-11-10 00:00:00,1,0,2024-07-20 12:26:55,0,2024-07-20 12:26:55,,,
2021-11-10,铁矿石,结算价,534.00,-5.07%,1308,2021-11-10 00:00:00,1,0,2024-07-20 12:26:55,0,2024-07-20 12:26:55,,,
2021-11-09,铁矿石,收盘价,561.00,-1.67%,1309,2021-11-09 00:00:00,1,0,2024-07-20 12:26:55,0,2024-07-20 12:26:55,,,
2021-11-09,铁矿石,结算价,562.50,-0.71%,1310,2021-11-09 00:00:00,1,0,2024-07-20 12:26:55,0,2024-07-20 12:26:55,,,
2021-11-08,铁矿石,收盘价,570.50,1.78%,1311,2021-11-08 00:00:00,1,0,2024-07-20 12:26:55,0,2024-07-20 12:26:55,,,
2021-11-08,铁矿石,结算价,566.50,0.71%,1312,2021-11-08 00:00:00,1,0,2024-07-20 12:26:55,0,2024-07-20 12:26:55,,,
2021-11-05,铁矿石,收盘价,560.50,-3.78%,1313,2021-11-05 00:00:00,1,0,2024-07-20 12:26:55,0,2024-07-20 12:26:55,,,
2021-11-05,铁矿石,结算价,562.50,-2.85%,1314,2021-11-05 00:00:00,1,0,2024-07-20 12:26:55,0,2024-07-20 12:26:55,,,
2021-11-04,铁矿石,收盘价,582.50,-1.19%,1315,2021-11-04 00:00:00,1,0,2024-07-20 12:26:55,0,2024-07-20 12:26:55,,,
2021-11-04,铁矿石,结算价,579.00,-0.26%,1316,2021-11-04 00:00:00,1,0,2024-07-20 12:26:55,0,2024-07-20 12:26:55,,,
2021-11-03,铁矿石,收盘价,589.50,4.24%,1317,2021-11-03 00:00:00,1,0,2024-07-20 12:26:55,0,2024-07-20 12:26:55,,,
2021-11-03,铁矿石,结算价,580.50,-1.94%,1318,2021-11-03 00:00:00,1,0,2024-07-20 12:26:55,0,2024-07-20 12:26:55,,,
2021-11-02,铁矿石,收盘价,565.50,-8.57%,1319,2021-11-02 00:00:00,1,0,2024-07-20 12:26:55,0,2024-07-20 12:26:55,,,
2021-11-02,铁矿石,结算价,592.00,-5.73%,1320,2021-11-02 00:00:00,1,0,2024-07-20 12:26:55,0,2024-07-20 12:26:55,,,
2021-11-01,铁矿石,收盘价,618.50,-2.98%,1321,2021-11-01 00:00:00,1,0,2024-07-20 12:26:58,0,2024-07-20 12:26:58,,,
2021-11-01,铁矿石,结算价,628.00,-4.27%,1322,2021-11-01 00:00:00,1,0,2024-07-20 12:26:58,0,2024-07-20 12:26:58,,,
2021-10-29,铁矿石,收盘价,637.50,-6.73%,1323,2021-10-29 00:00:00,1,0,2024-07-20 12:26:58,0,2024-07-20 12:26:58,,,
2021-10-29,铁矿石,结算价,656.00,-2.81%,1324,2021-10-29 00:00:00,1,0,2024-07-20 12:26:58,0,2024-07-20 12:26:58,,,
2021-10-28,铁矿石,收盘价,683.50,-3.32%,1325,2021-10-28 00:00:00,1,0,2024-07-20 12:26:58,0,2024-07-20 12:26:58,,,
2021-10-28,铁矿石,结算价,675.00,-3.57%,1326,2021-10-28 00:00:00,1,0,2024-07-20 12:26:58,0,2024-07-20 12:26:58,,,
2021-10-27,铁矿石,收盘价,707.00,-1.05%,1327,2021-10-27 00:00:00,1,0,2024-07-20 12:26:58,0,2024-07-20 12:26:58,,,
2021-10-27,铁矿石,结算价,700.00,0.%,1328,2021-10-27 00:00:00,1,0,2024-07-20 12:26:58,0,2024-07-20 12:26:58,,,
2021-10-26,铁矿石,收盘价,714.50,3.78%,1329,2021-10-26 00:00:00,1,0,2024-07-20 12:26:58,0,2024-07-20 12:26:58,,,
2021-10-26,铁矿石,结算价,700.00,0.94%,1330,2021-10-26 00:00:00,1,0,2024-07-20 12:26:58,0,2024-07-20 12:26:58,,,
2021-10-25,铁矿石,收盘价,688.50,-0.15%,1331,2021-10-25 00:00:00,1,0,2024-07-20 12:26:58,0,2024-07-20 12:26:58,,,
2021-10-25,铁矿石,结算价,693.50,2.44%,1332,2021-10-25 00:00:00,1,0,2024-07-20 12:26:58,0,2024-07-20 12:26:58,,,
2021-10-22,铁矿石,收盘价,689.50,6.%,1333,2021-10-22 00:00:00,1,0,2024-07-20 12:26:58,0,2024-07-20 12:26:58,,,
2021-10-22,铁矿石,结算价,677.00,-3.29%,1334,2021-10-22 00:00:00,1,0,2024-07-20 12:26:58,0,2024-07-20 12:26:58,,,
2021-10-21,铁矿石,收盘价,650.50,-8.38%,1335,2021-10-21 00:00:00,1,0,2024-07-20 12:26:58,0,2024-07-20 12:26:58,,,
2021-10-21,铁矿石,结算价,700.00,-1.75%,1336,2021-10-21 00:00:00,1,0,2024-07-20 12:26:58,0,2024-07-20 12:26:58,,,
2021-10-20,铁矿石,收盘价,710.00,0.42%,1337,2021-10-20 00:00:00,1,0,2024-07-20 12:26:58,0,2024-07-20 12:26:58,,,
2021-10-20,铁矿石,结算价,712.50,0.85%,1338,2021-10-20 00:00:00,1,0,2024-07-20 12:26:58,0,2024-07-20 12:26:58,,,
2021-10-19,铁矿石,收盘价,707.00,-0.56%,1339,2021-10-19 00:00:00,1,0,2024-07-20 12:26:58,0,2024-07-20 12:26:58,,,
2021-10-19,铁矿石,结算价,706.50,0.%,1340,2021-10-19 00:00:00,1,0,2024-07-20 12:26:58,0,2024-07-20 12:26:58,,,
2021-10-18,铁矿石,收盘价,711.00,-1.73%,1341,2021-10-18 00:00:00,1,0,2024-07-20 12:26:58,0,2024-07-20 12:26:58,,,
2021-10-18,铁矿石,结算价,706.50,-2.89%,1342,2021-10-18 00:00:00,1,0,2024-07-20 12:26:58,0,2024-07-20 12:26:58,,,
2021-10-15,铁矿石,收盘价,723.50,-1.7%,1343,2021-10-15 00:00:00,1,0,2024-07-20 12:26:58,0,2024-07-20 12:26:58,,,
2021-10-15,铁矿石,结算价,727.50,-0.41%,1344,2021-10-15 00:00:00,1,0,2024-07-20 12:26:58,0,2024-07-20 12:26:58,,,
2021-10-14,铁矿石,收盘价,736.00,0.68%,1345,2021-10-14 00:00:00,1,0,2024-07-20 12:26:58,0,2024-07-20 12:26:58,,,
2021-10-14,铁矿石,结算价,730.50,-3.63%,1346,2021-10-14 00:00:00,1,0,2024-07-20 12:26:58,0,2024-07-20 12:26:58,,,
2021-10-13,铁矿石,收盘价,731.00,-5.%,1347,2021-10-13 00:00:00,1,0,2024-07-20 12:26:58,0,2024-07-20 12:26:58,,,
2021-10-13,铁矿石,结算价,758.00,-2.45%,1348,2021-10-13 00:00:00,1,0,2024-07-20 12:26:58,0,2024-07-20 12:26:58,,,
2021-10-12,铁矿石,收盘价,769.50,-3.51%,1349,2021-10-12 00:00:00,1,0,2024-07-20 12:26:58,0,2024-07-20 12:26:58,,,
2021-10-12,铁矿石,结算价,777.00,0.78%,1350,2021-10-12 00:00:00,1,0,2024-07-20 12:26:58,0,2024-07-20 12:26:58,,,
2021-10-11,铁矿石,收盘价,797.50,4.59%,1351,2021-10-11 00:00:00,1,0,2024-07-20 12:27:02,0,2024-07-20 12:27:02,,,
2021-10-11,铁矿石,结算价,771.00,2.94%,1352,2021-10-11 00:00:00,1,0,2024-07-20 12:27:02,0,2024-07-20 12:27:02,,,
2021-10-08,铁矿石,收盘价,762.50,5.68%,1353,2021-10-08 00:00:00,1,0,2024-07-20 12:27:02,0,2024-07-20 12:27:02,,,
2021-10-08,铁矿石,结算价,749.00,3.03%,1354,2021-10-08 00:00:00,1,0,2024-07-20 12:27:02,0,2024-07-20 12:27:02,,,
2021-09-30,铁矿石,收盘价,721.50,3.96%,1355,2021-09-30 00:00:00,1,0,2024-07-20 12:27:02,0,2024-07-20 12:27:02,,,
2021-09-30,铁矿石,结算价,727.00,6.21%,1356,2021-09-30 00:00:00,1,0,2024-07-20 12:27:02,0,2024-07-20 12:27:02,,,
2021-09-29,铁矿石,收盘价,694.00,2.36%,1357,2021-09-29 00:00:00,1,0,2024-07-20 12:27:02,0,2024-07-20 12:27:02,,,
2021-09-29,铁矿石,结算价,684.50,0.74%,1358,2021-09-29 00:00:00,1,0,2024-07-20 12:27:02,0,2024-07-20 12:27:02,,,
2021-09-28,铁矿石,收盘价,678.00,-3.56%,1359,2021-09-28 00:00:00,1,0,2024-07-20 12:27:02,0,2024-07-20 12:27:02,,,
2021-09-28,铁矿石,结算价,679.50,-2.72%,1360,2021-09-28 00:00:00,1,0,2024-07-20 12:27:02,0,2024-07-20 12:27:02,,,
2021-09-27,铁矿石,收盘价,703.00,2.7%,1361,2021-09-27 00:00:00,1,0,2024-07-20 12:27:02,0,2024-07-20 12:27:02,,,
2021-09-27,铁矿石,结算价,698.50,2.87%,1362,2021-09-27 00:00:00,1,0,2024-07-20 12:27:02,0,2024-07-20 12:27:02,,,
2021-09-24,铁矿石,收盘价,684.50,2.62%,1363,2021-09-24 00:00:00,1,0,2024-07-20 12:27:02,0,2024-07-20 12:27:02,,,
2021-09-24,铁矿石,结算价,679.00,1.65%,1364,2021-09-24 00:00:00,1,0,2024-07-20 12:27:02,0,2024-07-20 12:27:02,,,
2021-09-23,铁矿石,收盘价,667.00,-0.22%,1365,2021-09-23 00:00:00,1,0,2024-07-20 12:27:02,0,2024-07-20 12:27:02,,,
2021-09-23,铁矿石,结算价,668.00,4.05%,1366,2021-09-23 00:00:00,1,0,2024-07-20 12:27:02,0,2024-07-20 12:27:02,,,
2021-09-22,铁矿石,收盘价,668.50,6.28%,1367,2021-09-22 00:00:00,1,0,2024-07-20 12:27:02,0,2024-07-20 12:27:02,,,
2021-09-22,铁矿石,结算价,642.00,-0.39%,1368,2021-09-22 00:00:00,1,0,2024-07-20 12:27:02,0,2024-07-20 12:27:02,,,
2021-09-17,铁矿石,收盘价,629.00,-6.19%,1369,2021-09-17 00:00:00,1,0,2024-07-20 12:27:02,0,2024-07-20 12:27:02,,,
2021-09-17,铁矿石,结算价,644.50,-4.66%,1370,2021-09-17 00:00:00,1,0,2024-07-20 12:27:02,0,2024-07-20 12:27:02,,,
2021-09-16,铁矿石,收盘价,670.50,-3.18%,1371,2021-09-16 00:00:00,1,0,2024-07-20 12:27:02,0,2024-07-20 12:27:02,,,
2021-09-16,铁矿石,结算价,676.00,-3.15%,1372,2021-09-16 00:00:00,1,0,2024-07-20 12:27:02,0,2024-07-20 12:27:02,,,
2021-09-15,铁矿石,收盘价,692.50,-2.6%,1373,2021-09-15 00:00:00,1,0,2024-07-20 12:27:02,0,2024-07-20 12:27:02,,,
2021-09-15,铁矿石,结算价,698.00,-2.17%,1374,2021-09-15 00:00:00,1,0,2024-07-20 12:27:02,0,2024-07-20 12:27:02,,,
2021-09-14,铁矿石,收盘价,711.00,0.71%,1375,2021-09-14 00:00:00,1,0,2024-07-20 12:27:02,0,2024-07-20 12:27:02,,,
2021-09-14,铁矿石,结算价,713.50,-1.11%,1376,2021-09-14 00:00:00,1,0,2024-07-20 12:27:02,0,2024-07-20 12:27:02,,,
2021-09-13,铁矿石,收盘价,706.00,-3.62%,1377,2021-09-13 00:00:00,1,0,2024-07-20 12:27:02,0,2024-07-20 12:27:02,,,
2021-09-13,铁矿石,结算价,721.50,-1.37%,1378,2021-09-13 00:00:00,1,0,2024-07-20 12:27:02,0,2024-07-20 12:27:02,,,
2021-09-10,铁矿石,收盘价,732.50,0.34%,1379,2021-09-10 00:00:00,1,0,2024-07-20 12:27:02,0,2024-07-20 12:27:02,,,
2021-09-10,铁矿石,结算价,731.50,-0.41%,1380,2021-09-10 00:00:00,1,0,2024-07-20 12:27:02,0,2024-07-20 12:27:02,,,
2021-09-09,铁矿石,收盘价,730.00,-2.28%,1381,2021-09-09 00:00:00,1,0,2024-07-20 12:27:05,0,2024-07-20 12:27:05,,,
2021-09-09,铁矿石,结算价,734.50,-2.13%,1382,2021-09-09 00:00:00,1,0,2024-07-20 12:27:05,0,2024-07-20 12:27:05,,,
2021-09-08,铁矿石,收盘价,747.00,-2.1%,1383,2021-09-08 00:00:00,1,0,2024-07-20 12:27:05,0,2024-07-20 12:27:05,,,
2021-09-08,铁矿石,结算价,750.50,0.54%,1384,2021-09-08 00:00:00,1,0,2024-07-20 12:27:05,0,2024-07-20 12:27:05,,,
2021-09-07,铁矿石,收盘价,763.00,5.53%,1385,2021-09-07 00:00:00,1,0,2024-07-20 12:27:05,0,2024-07-20 12:27:05,,,
2021-09-07,铁矿石,结算价,746.50,-1.13%,1386,2021-09-07 00:00:00,1,0,2024-07-20 12:27:05,0,2024-07-20 12:27:05,,,
2021-09-06,铁矿石,收盘价,723.00,-8.02%,1387,2021-09-06 00:00:00,1,0,2024-07-20 12:27:05,0,2024-07-20 12:27:05,,,
2021-09-06,铁矿石,结算价,755.00,-2.52%,1388,2021-09-06 00:00:00,1,0,2024-07-20 12:27:05,0,2024-07-20 12:27:05,,,
2021-09-03,铁矿石,收盘价,786.00,1.62%,1389,2021-09-03 00:00:00,1,0,2024-07-20 12:27:05,0,2024-07-20 12:27:05,,,
2021-09-03,铁矿石,结算价,774.50,-0.06%,1390,2021-09-03 00:00:00,1,0,2024-07-20 12:27:05,0,2024-07-20 12:27:05,,,
2021-09-02,铁矿石,收盘价,773.50,1.11%,1391,2021-09-02 00:00:00,1,0,2024-07-20 12:27:05,0,2024-07-20 12:27:05,,,
2021-09-02,铁矿石,结算价,775.00,-0.39%,1392,2021-09-02 00:00:00,1,0,2024-07-20 12:27:05,0,2024-07-20 12:27:05,,,
2021-09-01,铁矿石,收盘价,765.00,-5.32%,1393,2021-09-01 00:00:00,1,0,2024-07-20 12:27:05,0,2024-07-20 12:27:05,,,
2021-09-01,铁矿石,结算价,778.00,-6.21%,1394,2021-09-01 00:00:00,1,0,2024-07-20 12:27:05,0,2024-07-20 12:27:05,,,
2021-08-31,铁矿石,收盘价,808.00,-3.23%,1395,2021-08-31 00:00:00,1,0,2024-07-20 12:27:05,0,2024-07-20 12:27:05,,,
2021-08-31,铁矿石,结算价,829.50,-2.47%,1396,2021-08-31 00:00:00,1,0,2024-07-20 12:27:05,0,2024-07-20 12:27:05,,,
2021-08-30,铁矿石,收盘价,835.00,-0.6%,1397,2021-08-30 00:00:00,1,0,2024-07-20 12:27:05,0,2024-07-20 12:27:05,,,
2021-08-30,铁矿石,结算价,850.50,2.53%,1398,2021-08-30 00:00:00,1,0,2024-07-20 12:27:05,0,2024-07-20 12:27:05,,,
2021-08-27,铁矿石,收盘价,840.00,2.94%,1399,2021-08-27 00:00:00,1,0,2024-07-20 12:27:05,0,2024-07-20 12:27:05,,,
2021-08-27,铁矿石,结算价,829.50,0.12%,1400,2021-08-27 00:00:00,1,0,2024-07-20 12:27:05,0,2024-07-20 12:27:05,,,
2021-08-26,铁矿石,收盘价,816.00,1.68%,1401,2021-08-26 00:00:00,1,0,2024-07-20 12:27:05,0,2024-07-20 12:27:05,,,
2021-08-26,铁矿石,结算价,828.50,2.28%,1402,2021-08-26 00:00:00,1,0,2024-07-20 12:27:05,0,2024-07-20 12:27:05,,,
2021-08-25,铁矿石,收盘价,802.50,-1.83%,1403,2021-08-25 00:00:00,1,0,2024-07-20 12:27:05,0,2024-07-20 12:27:05,,,
2021-08-25,铁矿石,结算价,810.00,2.86%,1404,2021-08-25 00:00:00,1,0,2024-07-20 12:27:05,0,2024-07-20 12:27:05,,,
2021-08-24,铁矿石,收盘价,817.50,7.99%,1405,2021-08-24 00:00:00,1,0,2024-07-20 12:27:05,0,2024-07-20 12:27:05,,,
2021-08-24,铁矿石,结算价,787.50,2.27%,1406,2021-08-24 00:00:00,1,0,2024-07-20 12:27:05,0,2024-07-20 12:27:05,,,
2021-08-23,铁矿石,收盘价,757.00,-2.64%,1407,2021-08-23 00:00:00,1,0,2024-07-20 12:27:05,0,2024-07-20 12:27:05,,,
2021-08-23,铁矿石,结算价,770.00,0.65%,1408,2021-08-23 00:00:00,1,0,2024-07-20 12:27:05,0,2024-07-20 12:27:05,,,
2021-08-20,铁矿石,收盘价,777.50,1.97%,1409,2021-08-20 00:00:00,1,0,2024-07-20 12:27:05,0,2024-07-20 12:27:05,,,
2021-08-20,铁矿石,结算价,765.00,-1.35%,1410,2021-08-20 00:00:00,1,0,2024-07-20 12:27:05,0,2024-07-20 12:27:05,,,
2021-08-19,铁矿石,收盘价,762.50,-6.21%,1411,2021-08-19 00:00:00,1,0,2024-07-20 12:27:08,0,2024-07-20 12:27:08,,,
2021-08-19,铁矿石,结算价,775.50,-5.6%,1412,2021-08-19 00:00:00,1,0,2024-07-20 12:27:08,0,2024-07-20 12:27:08,,,
2021-08-18,铁矿石,收盘价,813.00,-2.52%,1413,2021-08-18 00:00:00,1,0,2024-07-20 12:27:08,0,2024-07-20 12:27:08,,,
2021-08-18,铁矿石,结算价,821.50,-2.72%,1414,2021-08-18 00:00:00,1,0,2024-07-20 12:27:08,0,2024-07-20 12:27:08,,,
2021-08-17,铁矿石,收盘价,834.00,-1.94%,1415,2021-08-17 00:00:00,1,0,2024-07-20 12:27:08,0,2024-07-20 12:27:08,,,
2021-08-17,铁矿石,结算价,844.50,-0.35%,1416,2021-08-17 00:00:00,1,0,2024-07-20 12:27:08,0,2024-07-20 12:27:08,,,
2021-08-16,铁矿石,收盘价,850.50,1.07%,1417,2021-08-16 00:00:00,1,0,2024-07-20 12:27:08,0,2024-07-20 12:27:08,,,
2021-08-16,铁矿石,结算价,847.50,1.92%,1418,2021-08-16 00:00:00,1,0,2024-07-20 12:27:08,0,2024-07-20 12:27:08,,,
2021-08-13,铁矿石,收盘价,841.50,0.42%,1419,2021-08-13 00:00:00,1,0,2024-07-20 12:27:08,0,2024-07-20 12:27:08,,,
2021-08-13,铁矿石,结算价,831.50,-2.12%,1420,2021-08-13 00:00:00,1,0,2024-07-20 12:27:08,0,2024-07-20 12:27:08,,,
2021-08-12,铁矿石,收盘价,838.00,-3.84%,1421,2021-08-12 00:00:00,1,0,2024-07-20 12:27:08,0,2024-07-20 12:27:08,,,
2021-08-12,铁矿石,结算价,849.50,-0.82%,1422,2021-08-12 00:00:00,1,0,2024-07-20 12:27:08,0,2024-07-20 12:27:08,,,
2021-08-11,铁矿石,收盘价,871.50,2.17%,1423,2021-08-11 00:00:00,1,0,2024-07-20 12:27:08,0,2024-07-20 12:27:08,,,
2021-08-11,铁矿石,结算价,856.50,1.9%,1424,2021-08-11 00:00:00,1,0,2024-07-20 12:27:08,0,2024-07-20 12:27:08,,,
2021-08-10,铁矿石,收盘价,853.00,0.06%,1425,2021-08-10 00:00:00,1,0,2024-07-20 12:27:08,0,2024-07-20 12:27:08,,,
2021-08-10,铁矿石,结算价,840.50,-2.78%,1426,2021-08-10 00:00:00,1,0,2024-07-20 12:27:08,0,2024-07-20 12:27:08,,,
2021-08-09,铁矿石,收盘价,852.50,-4.75%,1427,2021-08-09 00:00:00,1,0,2024-07-20 12:27:08,0,2024-07-20 12:27:08,,,
2021-08-09,铁矿石,结算价,864.50,-3.08%,1428,2021-08-09 00:00:00,1,0,2024-07-20 12:27:08,0,2024-07-20 12:27:08,,,
2021-08-06,铁矿石,收盘价,895.00,0.73%,1429,2021-08-06 00:00:00,1,0,2024-07-20 12:27:08,0,2024-07-20 12:27:08,,,
2021-08-06,铁矿石,结算价,892.00,-1.6%,1430,2021-08-06 00:00:00,1,0,2024-07-20 12:27:08,0,2024-07-20 12:27:08,,,
2021-08-05,铁矿石,收盘价,888.50,-5.58%,1431,2021-08-05 00:00:00,1,0,2024-07-20 12:27:08,0,2024-07-20 12:27:08,,,
2021-08-05,铁矿石,结算价,906.50,-2.79%,1432,2021-08-05 00:00:00,1,0,2024-07-20 12:27:08,0,2024-07-20 12:27:08,,,
2021-08-04,铁矿石,收盘价,941.00,-11.44%,1433,2021-08-04 00:00:00,1,0,2024-07-20 12:27:08,0,2024-07-20 12:27:08,,,
2021-08-04,铁矿石,结算价,932.50,-12.15%,1434,2021-08-04 00:00:00,1,0,2024-07-20 12:27:08,0,2024-07-20 12:27:08,,,
2021-08-03,铁矿石,收盘价,1062.50,0.81%,1435,2021-08-03 00:00:00,1,0,2024-07-20 12:27:08,0,2024-07-20 12:27:08,,,
2021-08-03,铁矿石,结算价,1061.50,1.87%,1436,2021-08-03 00:00:00,1,0,2024-07-20 12:27:08,0,2024-07-20 12:27:08,,,
2021-08-02,铁矿石,收盘价,1054.00,2.63%,1437,2021-08-02 00:00:00,1,0,2024-07-20 12:27:08,0,2024-07-20 12:27:08,,,
2021-08-02,铁矿石,结算价,1042.00,-1.98%,1438,2021-08-02 00:00:00,1,0,2024-07-20 12:27:08,0,2024-07-20 12:27:08,,,
2021-07-30,铁矿石,收盘价,1027.00,-7.85%,1439,2021-07-30 00:00:00,1,0,2024-07-20 12:27:08,0,2024-07-20 12:27:08,,,
2021-07-30,铁矿石,结算价,1063.00,-4.92%,1440,2021-07-30 00:00:00,1,0,2024-07-20 12:27:08,0,2024-07-20 12:27:08,,,
2021-07-29,铁矿石,收盘价,1114.50,-2.02%,1441,2021-07-29 00:00:00,1,0,2024-07-20 12:27:11,0,2024-07-20 12:27:11,,,
2021-07-29,铁矿石,结算价,1118.00,-1.28%,1442,2021-07-29 00:00:00,1,0,2024-07-20 12:27:11,0,2024-07-20 12:27:11,,,
2021-07-28,铁矿石,收盘价,1137.50,2.52%,1443,2021-07-28 00:00:00,1,0,2024-07-20 12:27:11,0,2024-07-20 12:27:11,,,
2021-07-28,铁矿石,结算价,1132.50,-0.22%,1444,2021-07-28 00:00:00,1,0,2024-07-20 12:27:11,0,2024-07-20 12:27:11,,,
2021-07-27,铁矿石,收盘价,1109.50,-2.38%,1445,2021-07-27 00:00:00,1,0,2024-07-20 12:27:11,0,2024-07-20 12:27:11,,,
2021-07-27,铁矿石,结算价,1135.00,-0.57%,1446,2021-07-27 00:00:00,1,0,2024-07-20 12:27:11,0,2024-07-20 12:27:11,,,
2021-07-26,铁矿石,收盘价,1136.50,1.11%,1447,2021-07-26 00:00:00,1,0,2024-07-20 12:27:11,0,2024-07-20 12:27:11,,,
2021-07-26,铁矿石,结算价,1141.50,1.33%,1448,2021-07-26 00:00:00,1,0,2024-07-20 12:27:11,0,2024-07-20 12:27:11,,,
2021-07-23,铁矿石,收盘价,1124.00,-1.23%,1449,2021-07-23 00:00:00,1,0,2024-07-20 12:27:11,0,2024-07-20 12:27:11,,,
2021-07-23,铁矿石,结算价,1126.50,-1.79%,1450,2021-07-23 00:00:00,1,0,2024-07-20 12:27:11,0,2024-07-20 12:27:11,,,
2021-07-22,铁矿石,收盘价,1138.00,-3.07%,1451,2021-07-22 00:00:00,1,0,2024-07-20 12:27:11,0,2024-07-20 12:27:11,,,
2021-07-22,铁矿石,结算价,1147.00,-4.58%,1452,2021-07-22 00:00:00,1,0,2024-07-20 12:27:11,0,2024-07-20 12:27:11,,,
2021-07-21,铁矿石,收盘价,1174.00,-4.79%,1453,2021-07-21 00:00:00,1,0,2024-07-20 12:27:11,0,2024-07-20 12:27:11,,,
2021-07-21,铁矿石,结算价,1202.00,-1.56%,1454,2021-07-21 00:00:00,1,0,2024-07-20 12:27:11,0,2024-07-20 12:27:11,,,
2021-07-20,铁矿石,收盘价,1233.00,0.65%,1455,2021-07-20 00:00:00,1,0,2024-07-20 12:27:11,0,2024-07-20 12:27:11,,,
2021-07-20,铁矿石,结算价,1221.00,-0.69%,1456,2021-07-20 00:00:00,1,0,2024-07-20 12:27:11,0,2024-07-20 12:27:11,,,
2021-07-19,铁矿石,收盘价,1225.00,-1.29%,1457,2021-07-19 00:00:00,1,0,2024-07-20 12:27:11,0,2024-07-20 12:27:11,,,
2021-07-19,铁矿石,结算价,1229.50,-1.13%,1458,2021-07-19 00:00:00,1,0,2024-07-20 12:27:11,0,2024-07-20 12:27:11,,,
2021-07-16,铁矿石,收盘价,1241.00,0.57%,1459,2021-07-16 00:00:00,1,0,2024-07-20 12:27:11,0,2024-07-20 12:27:11,,,
2021-07-16,铁矿石,结算价,1243.50,2.09%,1460,2021-07-16 00:00:00,1,0,2024-07-20 12:27:11,0,2024-07-20 12:27:11,,,
2021-07-15,铁矿石,收盘价,1234.00,1.19%,1461,2021-07-15 00:00:00,1,0,2024-07-20 12:27:11,0,2024-07-20 12:27:11,,,
2021-07-15,铁矿石,结算价,1218.00,0.29%,1462,2021-07-15 00:00:00,1,0,2024-07-20 12:27:11,0,2024-07-20 12:27:11,,,
2021-07-14,铁矿石,收盘价,1219.50,-0.45%,1463,2021-07-14 00:00:00,1,0,2024-07-20 12:27:11,0,2024-07-20 12:27:11,,,
2021-07-14,铁矿石,结算价,1214.50,0.37%,1464,2021-07-14 00:00:00,1,0,2024-07-20 12:27:11,0,2024-07-20 12:27:11,,,
2021-07-13,铁矿石,收盘价,1225.00,3.07%,1465,2021-07-13 00:00:00,1,0,2024-07-20 12:27:11,0,2024-07-20 12:27:11,,,
2021-07-13,铁矿石,结算价,1210.00,2.02%,1466,2021-07-13 00:00:00,1,0,2024-07-20 12:27:11,0,2024-07-20 12:27:11,,,
2021-07-12,铁矿石,收盘价,1188.50,2.19%,1467,2021-07-12 00:00:00,1,0,2024-07-20 12:27:11,0,2024-07-20 12:27:11,,,
2021-07-12,铁矿石,结算价,1186.00,1.24%,1468,2021-07-12 00:00:00,1,0,2024-07-20 12:27:11,0,2024-07-20 12:27:11,,,
2021-07-09,铁矿石,收盘价,1163.00,-2.06%,1469,2021-07-09 00:00:00,1,0,2024-07-20 12:27:11,0,2024-07-20 12:27:11,,,
2021-07-09,铁矿石,结算价,1171.50,-3.02%,1470,2021-07-09 00:00:00,1,0,2024-07-20 12:27:11,0,2024-07-20 12:27:11,,,
2021-07-08,铁矿石,收盘价,1187.50,-4.54%,1471,2021-07-08 00:00:00,1,0,2024-07-20 12:27:14,0,2024-07-20 12:27:14,,,
2021-07-08,铁矿石,结算价,1208.00,-1.27%,1472,2021-07-08 00:00:00,1,0,2024-07-20 12:27:14,0,2024-07-20 12:27:14,,,
2021-07-07,铁矿石,收盘价,1244.00,1.06%,1473,2021-07-07 00:00:00,1,0,2024-07-20 12:27:14,0,2024-07-20 12:27:14,,,
2021-07-07,铁矿石,结算价,1223.50,-0.65%,1474,2021-07-07 00:00:00,1,0,2024-07-20 12:27:14,0,2024-07-20 12:27:14,,,
2021-07-06,铁矿石,收盘价,1231.00,0.49%,1475,2021-07-06 00:00:00,1,0,2024-07-20 12:27:14,0,2024-07-20 12:27:14,,,
2021-07-06,铁矿石,结算价,1231.50,2.88%,1476,2021-07-06 00:00:00,1,0,2024-07-20 12:27:14,0,2024-07-20 12:27:14,,,
2021-07-05,铁矿石,收盘价,1225.00,3.59%,1477,2021-07-05 00:00:00,1,0,2024-07-20 12:27:14,0,2024-07-20 12:27:14,,,
2021-07-05,铁矿石,结算价,1197.00,3.1%,1478,2021-07-05 00:00:00,1,0,2024-07-20 12:27:14,0,2024-07-20 12:27:14,,,
2021-07-02,铁矿石,收盘价,1182.50,1.42%,1479,2021-07-02 00:00:00,1,0,2024-07-20 12:27:14,0,2024-07-20 12:27:14,,,
2021-07-02,铁矿石,结算价,1161.00,-1.07%,1480,2021-07-02 00:00:00,1,0,2024-07-20 12:27:14,0,2024-07-20 12:27:14,,,
2021-07-01,铁矿石,收盘价,1166.00,0.09%,1481,2021-07-01 00:00:00,1,0,2024-07-20 12:27:14,0,2024-07-20 12:27:14,,,
2021-07-01,铁矿石,结算价,1173.50,1.73%,1482,2021-07-01 00:00:00,1,0,2024-07-20 12:27:14,0,2024-07-20 12:27:14,,,
2021-06-30,铁矿石,收盘价,1165.00,1.04%,1483,2021-06-30 00:00:00,1,0,2024-07-20 12:27:14,0,2024-07-20 12:27:14,,,
2021-06-30,铁矿石,结算价,1153.50,-1.7%,1484,2021-06-30 00:00:00,1,0,2024-07-20 12:27:14,0,2024-07-20 12:27:14,,,
2021-06-29,铁矿石,收盘价,1153.00,-3.6%,1485,2021-06-29 00:00:00,1,0,2024-07-20 12:27:14,0,2024-07-20 12:27:14,,,
2021-06-29,铁矿石,结算价,1173.50,-0.93%,1486,2021-06-29 00:00:00,1,0,2024-07-20 12:27:14,0,2024-07-20 12:27:14,,,
2021-06-28,铁矿石,收盘价,1196.00,0.93%,1487,2021-06-28 00:00:00,1,0,2024-07-20 12:27:14,0,2024-07-20 12:27:14,,,
2021-06-28,铁矿石,结算价,1184.50,1.11%,1488,2021-06-28 00:00:00,1,0,2024-07-20 12:27:14,0,2024-07-20 12:27:14,,,
2021-06-25,铁矿石,收盘价,1185.00,1.76%,1489,2021-06-25 00:00:00,1,0,2024-07-20 12:27:14,0,2024-07-20 12:27:14,,,
2021-06-25,铁矿石,结算价,1171.50,0.09%,1490,2021-06-25 00:00:00,1,0,2024-07-20 12:27:14,0,2024-07-20 12:27:14,,,
2021-06-24,铁矿石,收盘价,1164.50,2.24%,1491,2021-06-24 00:00:00,1,0,2024-07-20 12:27:14,0,2024-07-20 12:27:14,,,
2021-06-24,铁矿石,结算价,1170.50,3.77%,1492,2021-06-24 00:00:00,1,0,2024-07-20 12:27:14,0,2024-07-20 12:27:14,,,
2021-06-23,铁矿石,收盘价,1173.00,2.99%,1493,2021-06-23 00:00:00,1,0,2024-07-20 12:27:14,0,2024-07-20 12:27:14,,,
2021-06-23,铁矿石,结算价,1154.50,2.35%,1494,2021-06-23 00:00:00,1,0,2024-07-20 12:27:14,0,2024-07-20 12:27:14,,,
2021-06-22,铁矿石,收盘价,1139.00,1.61%,1495,2021-06-22 00:00:00,1,0,2024-07-20 12:27:14,0,2024-07-20 12:27:14,,,
2021-06-22,铁矿石,结算价,1128.00,-3.63%,1496,2021-06-22 00:00:00,1,0,2024-07-20 12:27:14,0,2024-07-20 12:27:14,,,
2021-06-21,铁矿石,收盘价,1121.00,-6.82%,1497,2021-06-21 00:00:00,1,0,2024-07-20 12:27:14,0,2024-07-20 12:27:14,,,
2021-06-21,铁矿石,结算价,1170.50,-4.76%,1498,2021-06-21 00:00:00,1,0,2024-07-20 12:27:14,0,2024-07-20 12:27:14,,,
2021-06-18,铁矿石,收盘价,1203.00,-1.68%,1499,2021-06-18 00:00:00,1,0,2024-07-20 12:27:14,0,2024-07-20 12:27:14,,,
2021-06-18,铁矿石,结算价,1229.00,1.99%,1500,2021-06-18 00:00:00,1,0,2024-07-20 12:27:14,0,2024-07-20 12:27:14,,,
2021-06-17,铁矿石,收盘价,1223.50,2.17%,1501,2021-06-17 00:00:00,1,0,2024-07-20 12:27:17,0,2024-07-20 12:27:17,,,
2021-06-17,铁矿石,结算价,1205.00,-0.5%,1502,2021-06-17 00:00:00,1,0,2024-07-20 12:27:17,0,2024-07-20 12:27:17,,,
2021-06-16,铁矿石,收盘价,1197.50,-2.28%,1503,2021-06-16 00:00:00,1,0,2024-07-20 12:27:17,0,2024-07-20 12:27:17,,,
2021-06-16,铁矿石,结算价,1211.00,-0.41%,1504,2021-06-16 00:00:00,1,0,2024-07-20 12:27:17,0,2024-07-20 12:27:17,,,
2021-06-15,铁矿石,收盘价,1225.50,-1.72%,1505,2021-06-15 00:00:00,1,0,2024-07-20 12:27:17,0,2024-07-20 12:27:17,,,
2021-06-15,铁矿石,结算价,1216.00,0.12%,1506,2021-06-15 00:00:00,1,0,2024-07-20 12:27:17,0,2024-07-20 12:27:17,,,
2021-06-11,铁矿石,收盘价,1247.00,5.86%,1507,2021-06-11 00:00:00,1,0,2024-07-20 12:27:17,0,2024-07-20 12:27:17,,,
2021-06-11,铁矿石,结算价,1214.50,3.14%,1508,2021-06-11 00:00:00,1,0,2024-07-20 12:27:17,0,2024-07-20 12:27:17,,,
2021-06-10,铁矿石,收盘价,1178.00,0.26%,1509,2021-06-10 00:00:00,1,0,2024-07-20 12:27:17,0,2024-07-20 12:27:17,,,
2021-06-10,铁矿石,结算价,1177.50,0.64%,1510,2021-06-10 00:00:00,1,0,2024-07-20 12:27:17,0,2024-07-20 12:27:17,,,
2021-06-09,铁矿石,收盘价,1175.00,2.26%,1511,2021-06-09 00:00:00,1,0,2024-07-20 12:27:17,0,2024-07-20 12:27:17,,,
2021-06-09,铁矿石,结算价,1170.00,3.54%,1512,2021-06-09 00:00:00,1,0,2024-07-20 12:27:17,0,2024-07-20 12:27:17,,,
2021-06-08,铁矿石,收盘价,1149.00,2.77%,1513,2021-06-08 00:00:00,1,0,2024-07-20 12:27:17,0,2024-07-20 12:27:17,,,
2021-06-08,铁矿石,结算价,1130.00,-2.38%,1514,2021-06-08 00:00:00,1,0,2024-07-20 12:27:17,0,2024-07-20 12:27:17,,,
2021-06-07,铁矿石,收盘价,1118.00,-4.32%,1515,2021-06-07 00:00:00,1,0,2024-07-20 12:27:17,0,2024-07-20 12:27:17,,,
2021-06-07,铁矿石,结算价,1157.50,-1.03%,1516,2021-06-07 00:00:00,1,0,2024-07-20 12:27:17,0,2024-07-20 12:27:17,,,
2021-06-04,铁矿石,收盘价,1168.50,-2.14%,1517,2021-06-04 00:00:00,1,0,2024-07-20 12:27:17,0,2024-07-20 12:27:17,,,
2021-06-04,铁矿石,结算价,1169.50,-1.76%,1518,2021-06-04 00:00:00,1,0,2024-07-20 12:27:17,0,2024-07-20 12:27:17,,,
2021-06-03,铁矿石,收盘价,1194.00,2.18%,1519,2021-06-03 00:00:00,1,0,2024-07-20 12:27:17,0,2024-07-20 12:27:17,,,
2021-06-03,铁矿石,结算价,1190.50,1.58%,1520,2021-06-03 00:00:00,1,0,2024-07-20 12:27:17,0,2024-07-20 12:27:17,,,
2021-06-02,铁矿石,收盘价,1168.50,-0.09%,1521,2021-06-02 00:00:00,1,0,2024-07-20 12:27:17,0,2024-07-20 12:27:17,,,
2021-06-02,铁矿石,结算价,1172.00,3.08%,1522,2021-06-02 00:00:00,1,0,2024-07-20 12:27:17,0,2024-07-20 12:27:17,,,
2021-06-01,铁矿石,收盘价,1169.50,5.74%,1523,2021-06-01 00:00:00,1,0,2024-07-20 12:27:17,0,2024-07-20 12:27:17,,,
2021-06-01,铁矿石,结算价,1137.00,4.31%,1524,2021-06-01 00:00:00,1,0,2024-07-20 12:27:17,0,2024-07-20 12:27:17,,,
2021-05-31,铁矿石,收盘价,1106.00,4.05%,1525,2021-05-31 00:00:00,1,0,2024-07-20 12:27:17,0,2024-07-20 12:27:17,,,
2021-05-31,铁矿石,结算价,1090.00,3.76%,1526,2021-05-31 00:00:00,1,0,2024-07-20 12:27:17,0,2024-07-20 12:27:17,,,
2021-05-28,铁矿石,收盘价,1063.00,1.58%,1527,2021-05-28 00:00:00,1,0,2024-07-20 12:27:17,0,2024-07-20 12:27:17,,,
2021-05-28,铁矿石,结算价,1050.50,2.89%,1528,2021-05-28 00:00:00,1,0,2024-07-20 12:27:17,0,2024-07-20 12:27:17,,,
2021-05-27,铁矿石,收盘价,1046.50,5.23%,1529,2021-05-27 00:00:00,1,0,2024-07-20 12:27:17,0,2024-07-20 12:27:17,,,
2021-05-27,铁矿石,结算价,1021.00,-1.35%,1530,2021-05-27 00:00:00,1,0,2024-07-20 12:27:17,0,2024-07-20 12:27:17,,,
2021-05-26,铁矿石,收盘价,994.50,-6.%,1531,2021-05-26 00:00:00,1,0,2024-07-20 12:27:21,0,2024-07-20 12:27:21,,,
2021-05-26,铁矿石,结算价,1035.00,-2.22%,1532,2021-05-26 00:00:00,1,0,2024-07-20 12:27:21,0,2024-07-20 12:27:21,,,
2021-05-25,铁矿石,收盘价,1058.00,-0.56%,1533,2021-05-25 00:00:00,1,0,2024-07-20 12:27:21,0,2024-07-20 12:27:21,,,
2021-05-25,铁矿石,结算价,1058.50,0.%,1534,2021-05-25 00:00:00,1,0,2024-07-20 12:27:21,0,2024-07-20 12:27:21,,,
2021-05-24,铁矿石,收盘价,1064.00,-2.96%,1535,2021-05-24 00:00:00,1,0,2024-07-20 12:27:21,0,2024-07-20 12:27:21,,,
2021-05-24,铁矿石,结算价,1058.50,-5.7%,1536,2021-05-24 00:00:00,1,0,2024-07-20 12:27:21,0,2024-07-20 12:27:21,,,
2021-05-21,铁矿石,收盘价,1096.50,-4.03%,1537,2021-05-21 00:00:00,1,0,2024-07-20 12:27:21,0,2024-07-20 12:27:21,,,
2021-05-21,铁矿石,结算价,1122.50,-1.1%,1538,2021-05-21 00:00:00,1,0,2024-07-20 12:27:21,0,2024-07-20 12:27:21,,,
2021-05-20,铁矿石,收盘价,1142.50,-4.19%,1539,2021-05-20 00:00:00,1,0,2024-07-20 12:27:21,0,2024-07-20 12:27:21,,,
2021-05-20,铁矿石,结算价,1135.00,-6.31%,1540,2021-05-20 00:00:00,1,0,2024-07-20 12:27:21,0,2024-07-20 12:27:21,,,
2021-05-19,铁矿石,收盘价,1192.50,-4.02%,1541,2021-05-19 00:00:00,1,0,2024-07-20 12:27:21,0,2024-07-20 12:27:21,,,
2021-05-19,铁矿石,结算价,1211.50,-1.7%,1542,2021-05-19 00:00:00,1,0,2024-07-20 12:27:21,0,2024-07-20 12:27:21,,,
2021-05-18,铁矿石,收盘价,1242.50,3.76%,1543,2021-05-18 00:00:00,1,0,2024-07-20 12:27:21,0,2024-07-20 12:27:21,,,
2021-05-18,铁矿石,结算价,1232.50,3.48%,1544,2021-05-18 00:00:00,1,0,2024-07-20 12:27:21,0,2024-07-20 12:27:21,,,
2021-05-17,铁矿石,收盘价,1197.50,2.09%,1545,2021-05-17 00:00:00,1,0,2024-07-20 12:27:21,0,2024-07-20 12:27:21,,,
2021-05-17,铁矿石,结算价,1191.00,0.38%,1546,2021-05-17 00:00:00,1,0,2024-07-20 12:27:21,0,2024-07-20 12:27:21,,,
2021-05-14,铁矿石,收盘价,1173.00,-3.58%,1547,2021-05-14 00:00:00,1,0,2024-07-20 12:27:21,0,2024-07-20 12:27:21,,,
2021-05-14,铁矿石,结算价,1186.50,-6.43%,1548,2021-05-14 00:00:00,1,0,2024-07-20 12:27:21,0,2024-07-20 12:27:21,,,
2021-05-13,铁矿石,收盘价,1216.50,-9.01%,1549,2021-05-13 00:00:00,1,0,2024-07-20 12:27:21,0,2024-07-20 12:27:21,,,
2021-05-13,铁矿石,结算价,1268.00,-3.57%,1550,2021-05-13 00:00:00,1,0,2024-07-20 12:27:21,0,2024-07-20 12:27:21,,,
2021-05-12,铁矿石,收盘价,1337.00,2.33%,1551,2021-05-12 00:00:00,1,0,2024-07-20 12:27:21,0,2024-07-20 12:27:21,,,
2021-05-12,铁矿石,结算价,1315.00,1.15%,1552,2021-05-12 00:00:00,1,0,2024-07-20 12:27:21,0,2024-07-20 12:27:21,,,
2021-05-11,铁矿石,收盘价,1306.50,-1.47%,1553,2021-05-11 00:00:00,1,0,2024-07-20 12:27:21,0,2024-07-20 12:27:21,,,
2021-05-11,铁矿石,结算价,1300.00,1.17%,1554,2021-05-11 00:00:00,1,0,2024-07-20 12:27:21,0,2024-07-20 12:27:21,,,
2021-05-10,铁矿石,收盘价,1326.00,8.11%,1555,2021-05-10 00:00:00,1,0,2024-07-20 12:27:21,0,2024-07-20 12:27:21,,,
2021-05-10,铁矿石,结算价,1285.00,6.59%,1556,2021-05-10 00:00:00,1,0,2024-07-20 12:27:21,0,2024-07-20 12:27:21,,,
2021-05-07,铁矿石,收盘价,1226.50,3.59%,1557,2021-05-07 00:00:00,1,0,2024-07-20 12:27:21,0,2024-07-20 12:27:21,,,
2021-05-07,铁矿石,结算价,1205.50,4.55%,1558,2021-05-07 00:00:00,1,0,2024-07-20 12:27:21,0,2024-07-20 12:27:21,,,
2021-05-06,铁矿石,收盘价,1184.00,8.77%,1559,2021-05-06 00:00:00,1,0,2024-07-20 12:27:21,0,2024-07-20 12:27:21,,,
2021-05-06,铁矿石,结算价,1153.00,4.01%,1560,2021-05-06 00:00:00,1,0,2024-07-20 12:27:21,0,2024-07-20 12:27:21,,,
2021-04-30,铁矿石,收盘价,1088.50,-3.37%,1561,2021-04-30 00:00:00,1,0,2024-07-20 12:27:23,0,2024-07-20 12:27:23,,,
2021-04-30,铁矿石,结算价,1108.50,-1.95%,1562,2021-04-30 00:00:00,1,0,2024-07-20 12:27:23,0,2024-07-20 12:27:23,,,
2021-04-29,铁矿石,收盘价,1126.50,-1.05%,1563,2021-04-29 00:00:00,1,0,2024-07-20 12:27:23,0,2024-07-20 12:27:23,,,
2021-04-29,铁矿石,结算价,1130.50,-0.48%,1564,2021-04-29 00:00:00,1,0,2024-07-20 12:27:23,0,2024-07-20 12:27:23,,,
2021-04-28,铁矿石,收盘价,1138.50,-1.73%,1565,2021-04-28 00:00:00,1,0,2024-07-20 12:27:23,0,2024-07-20 12:27:23,,,
2021-04-28,铁矿石,结算价,1136.00,-1.26%,1566,2021-04-28 00:00:00,1,0,2024-07-20 12:27:23,0,2024-07-20 12:27:23,,,
2021-04-27,铁矿石,收盘价,1158.50,1.22%,1567,2021-04-27 00:00:00,1,0,2024-07-20 12:27:23,0,2024-07-20 12:27:23,,,
2021-04-27,铁矿石,结算价,1150.50,1.19%,1568,2021-04-27 00:00:00,1,0,2024-07-20 12:27:23,0,2024-07-20 12:27:23,,,
2021-04-26,铁矿石,收盘价,1144.50,3.62%,1569,2021-04-26 00:00:00,1,0,2024-07-20 12:27:23,0,2024-07-20 12:27:23,,,
2021-04-26,铁矿石,结算价,1137.00,3.65%,1570,2021-04-26 00:00:00,1,0,2024-07-20 12:27:23,0,2024-07-20 12:27:23,,,
2021-04-23,铁矿石,收盘价,1104.50,1.19%,1571,2021-04-23 00:00:00,1,0,2024-07-20 12:27:23,0,2024-07-20 12:27:23,,,
2021-04-23,铁矿石,结算价,1097.00,0.5%,1572,2021-04-23 00:00:00,1,0,2024-07-20 12:27:23,0,2024-07-20 12:27:23,,,
2021-04-22,铁矿石,收盘价,1091.50,-0.82%,1573,2021-04-22 00:00:00,1,0,2024-07-20 12:27:23,0,2024-07-20 12:27:23,,,
2021-04-22,铁矿石,结算价,1091.50,-0.46%,1574,2021-04-22 00:00:00,1,0,2024-07-20 12:27:23,0,2024-07-20 12:27:23,,,
2021-04-21,铁矿石,收盘价,1100.50,0.05%,1575,2021-04-21 00:00:00,1,0,2024-07-20 12:27:23,0,2024-07-20 12:27:23,,,
2021-04-21,铁矿石,结算价,1096.50,1.01%,1576,2021-04-21 00:00:00,1,0,2024-07-20 12:27:23,0,2024-07-20 12:27:23,,,
2021-04-20,铁矿石,收盘价,1100.00,3.77%,1577,2021-04-20 00:00:00,1,0,2024-07-20 12:27:23,0,2024-07-20 12:27:23,,,
2021-04-20,铁矿石,结算价,1085.50,2.21%,1578,2021-04-20 00:00:00,1,0,2024-07-20 12:27:23,0,2024-07-20 12:27:23,,,
2021-04-19,铁矿石,收盘价,1060.00,1.34%,1579,2021-04-19 00:00:00,1,0,2024-07-20 12:27:23,0,2024-07-20 12:27:23,,,
2021-04-19,铁矿石,结算价,1062.00,1.%,1580,2021-04-19 00:00:00,1,0,2024-07-20 12:27:23,0,2024-07-20 12:27:23,,,
2021-04-16,铁矿石,收盘价,1046.00,-0.24%,1581,2021-04-16 00:00:00,1,0,2024-07-20 12:27:23,0,2024-07-20 12:27:23,,,
2021-04-16,铁矿石,结算价,1051.50,1.45%,1582,2021-04-16 00:00:00,1,0,2024-07-20 12:27:23,0,2024-07-20 12:27:23,,,
2021-04-15,铁矿石,收盘价,1048.50,-3.67%,1583,2021-04-15 00:00:00,1,0,2024-07-20 12:27:23,0,2024-07-20 12:27:23,,,
2021-04-15,铁矿石,结算价,1036.50,-3.49%,1584,2021-04-15 00:00:00,1,0,2024-07-20 12:27:23,0,2024-07-20 12:27:23,,,
2021-04-14,铁矿石,收盘价,1088.50,6.45%,1585,2021-04-14 00:00:00,1,0,2024-07-20 12:27:23,0,2024-07-20 12:27:23,,,
2021-04-14,铁矿石,结算价,1074.00,5.76%,1586,2021-04-14 00:00:00,1,0,2024-07-20 12:27:23,0,2024-07-20 12:27:23,,,
2021-04-13,铁矿石,收盘价,1022.50,0.84%,1587,2021-04-13 00:00:00,1,0,2024-07-20 12:27:23,0,2024-07-20 12:27:23,,,
2021-04-13,铁矿石,结算价,1015.50,2.58%,1588,2021-04-13 00:00:00,1,0,2024-07-20 12:27:23,0,2024-07-20 12:27:23,,,
2021-04-12,铁矿石,收盘价,1014.00,3.58%,1589,2021-04-12 00:00:00,1,0,2024-07-20 12:27:23,0,2024-07-20 12:27:23,,,
2021-04-12,铁矿石,结算价,990.00,0.15%,1590,2021-04-12 00:00:00,1,0,2024-07-20 12:27:23,0,2024-07-20 12:27:23,,,
2021-04-09,铁矿石,收盘价,979.00,-0.36%,1591,2021-04-09 00:00:00,1,0,2024-07-20 12:27:27,0,2024-07-20 12:27:27,,,
2021-04-09,铁矿石,结算价,988.50,0.56%,1592,2021-04-09 00:00:00,1,0,2024-07-20 12:27:27,0,2024-07-20 12:27:27,,,
2021-04-08,铁矿石,收盘价,982.50,-1.11%,1593,2021-04-08 00:00:00,1,0,2024-07-20 12:27:27,0,2024-07-20 12:27:27,,,
2021-04-08,铁矿石,结算价,983.00,-0.51%,1594,2021-04-08 00:00:00,1,0,2024-07-20 12:27:27,0,2024-07-20 12:27:27,,,
2021-04-07,铁矿石,收盘价,993.50,2.32%,1595,2021-04-07 00:00:00,1,0,2024-07-20 12:27:27,0,2024-07-20 12:27:27,,,
2021-04-07,铁矿石,结算价,988.00,1.13%,1596,2021-04-07 00:00:00,1,0,2024-07-20 12:27:27,0,2024-07-20 12:27:27,,,
2021-04-06,铁矿石,收盘价,971.00,-0.82%,1597,2021-04-06 00:00:00,1,0,2024-07-20 12:27:27,0,2024-07-20 12:27:27,,,
2021-04-06,铁矿石,结算价,977.00,0.%,1598,2021-04-06 00:00:00,1,0,2024-07-20 12:27:27,0,2024-07-20 12:27:27,,,
2021-04-02,铁矿石,收盘价,979.00,0.36%,1599,2021-04-02 00:00:00,1,0,2024-07-20 12:27:27,0,2024-07-20 12:27:27,,,
2021-04-02,铁矿石,结算价,977.00,1.56%,1600,2021-04-02 00:00:00,1,0,2024-07-20 12:27:27,0,2024-07-20 12:27:27,,,
2021-04-01,铁矿石,收盘价,975.50,4.78%,1601,2021-04-01 00:00:00,1,0,2024-07-20 12:27:27,0,2024-07-20 12:27:27,,,
2021-04-01,铁矿石,结算价,962.00,1.37%,1602,2021-04-01 00:00:00,1,0,2024-07-20 12:27:27,0,2024-07-20 12:27:27,,,
2021-03-31,铁矿石,收盘价,931.00,-15.25%,1603,2021-03-31 00:00:00,1,0,2024-07-20 12:27:27,0,2024-07-20 12:27:27,,,
2021-03-31,铁矿石,结算价,949.00,-13.33%,1604,2021-03-31 00:00:00,1,0,2024-07-20 12:27:27,0,2024-07-20 12:27:27,,,
2021-03-30,铁矿石,收盘价,1098.50,-2.18%,1605,2021-03-30 00:00:00,1,0,2024-07-20 12:27:27,0,2024-07-20 12:27:27,,,
2021-03-30,铁矿石,结算价,1095.00,-1.17%,1606,2021-03-30 00:00:00,1,0,2024-07-20 12:27:27,0,2024-07-20 12:27:27,,,
2021-03-29,铁矿石,收盘价,1123.00,3.17%,1607,2021-03-29 00:00:00,1,0,2024-07-20 12:27:27,0,2024-07-20 12:27:27,,,
2021-03-29,铁矿石,结算价,1108.00,3.17%,1608,2021-03-29 00:00:00,1,0,2024-07-20 12:27:27,0,2024-07-20 12:27:27,,,
2021-03-26,铁矿石,收盘价,1088.50,1.97%,1609,2021-03-26 00:00:00,1,0,2024-07-20 12:27:27,0,2024-07-20 12:27:27,,,
2021-03-26,铁矿石,结算价,1074.00,0.66%,1610,2021-03-26 00:00:00,1,0,2024-07-20 12:27:27,0,2024-07-20 12:27:27,,,
2021-03-25,铁矿石,收盘价,1067.50,1.38%,1611,2021-03-25 00:00:00,1,0,2024-07-20 12:27:27,0,2024-07-20 12:27:27,,,
2021-03-25,铁矿石,结算价,1067.00,2.69%,1612,2021-03-25 00:00:00,1,0,2024-07-20 12:27:27,0,2024-07-20 12:27:27,,,
2021-03-24,铁矿石,收盘价,1053.00,1.3%,1613,2021-03-24 00:00:00,1,0,2024-07-20 12:27:27,0,2024-07-20 12:27:27,,,
2021-03-24,铁矿石,结算价,1039.00,1.42%,1614,2021-03-24 00:00:00,1,0,2024-07-20 12:27:27,0,2024-07-20 12:27:27,,,
2021-03-23,铁矿石,收盘价,1039.50,3.48%,1615,2021-03-23 00:00:00,1,0,2024-07-20 12:27:27,0,2024-07-20 12:27:27,,,
2021-03-23,铁矿石,结算价,1024.50,0.54%,1616,2021-03-23 00:00:00,1,0,2024-07-20 12:27:27,0,2024-07-20 12:27:27,,,
2021-03-22,铁矿石,收盘价,1004.50,-3.6%,1617,2021-03-22 00:00:00,1,0,2024-07-20 12:27:27,0,2024-07-20 12:27:27,,,
2021-03-22,铁矿石,结算价,1019.00,-4.54%,1618,2021-03-22 00:00:00,1,0,2024-07-20 12:27:27,0,2024-07-20 12:27:27,,,
2021-03-19,铁矿石,收盘价,1042.00,-4.32%,1619,2021-03-19 00:00:00,1,0,2024-07-20 12:27:27,0,2024-07-20 12:27:27,,,
2021-03-19,铁矿石,结算价,1067.50,-1.11%,1620,2021-03-19 00:00:00,1,0,2024-07-20 12:27:27,0,2024-07-20 12:27:27,,,
2021-03-18,铁矿石,收盘价,1089.00,1.97%,1621,2021-03-18 00:00:00,1,0,2024-07-20 12:27:30,0,2024-07-20 12:27:30,,,
2021-03-18,铁矿石,结算价,1079.50,1.55%,1622,2021-03-18 00:00:00,1,0,2024-07-20 12:27:30,0,2024-07-20 12:27:30,,,
2021-03-17,铁矿石,收盘价,1068.00,-0.19%,1623,2021-03-17 00:00:00,1,0,2024-07-20 12:27:30,0,2024-07-20 12:27:30,,,
2021-03-17,铁矿石,结算价,1063.00,0.14%,1624,2021-03-17 00:00:00,1,0,2024-07-20 12:27:30,0,2024-07-20 12:27:30,,,
2021-03-16,铁矿石,收盘价,1070.00,3.38%,1625,2021-03-16 00:00:00,1,0,2024-07-20 12:27:30,0,2024-07-20 12:27:30,,,
2021-03-16,铁矿石,结算价,1061.50,3.06%,1626,2021-03-16 00:00:00,1,0,2024-07-20 12:27:30,0,2024-07-20 12:27:30,,,
2021-03-15,铁矿石,收盘价,1035.00,-2.27%,1627,2021-03-15 00:00:00,1,0,2024-07-20 12:27:30,0,2024-07-20 12:27:30,,,
2021-03-15,铁矿石,结算价,1030.00,-3.96%,1628,2021-03-15 00:00:00,1,0,2024-07-20 12:27:30,0,2024-07-20 12:27:30,,,
2021-03-12,铁矿石,收盘价,1059.00,-3.16%,1629,2021-03-12 00:00:00,1,0,2024-07-20 12:27:30,0,2024-07-20 12:27:30,,,
2021-03-12,铁矿石,结算价,1072.50,0.99%,1630,2021-03-12 00:00:00,1,0,2024-07-20 12:27:30,0,2024-07-20 12:27:30,,,
2021-03-11,铁矿石,收盘价,1093.50,5.09%,1631,2021-03-11 00:00:00,1,0,2024-07-20 12:27:30,0,2024-07-20 12:27:30,,,
2021-03-11,铁矿石,结算价,1062.00,2.51%,1632,2021-03-11 00:00:00,1,0,2024-07-20 12:27:30,0,2024-07-20 12:27:30,,,
2021-03-10,铁矿石,收盘价,1040.50,0.87%,1633,2021-03-10 00:00:00,1,0,2024-07-20 12:27:30,0,2024-07-20 12:27:30,,,
2021-03-10,铁矿石,结算价,1036.00,-5.65%,1634,2021-03-10 00:00:00,1,0,2024-07-20 12:27:30,0,2024-07-20 12:27:30,,,
2021-03-09,铁矿石,收盘价,1031.50,-9.79%,1635,2021-03-09 00:00:00,1,0,2024-07-20 12:27:30,0,2024-07-20 12:27:30,,,
2021-03-09,铁矿石,结算价,1098.00,-4.15%,1636,2021-03-09 00:00:00,1,0,2024-07-20 12:27:30,0,2024-07-20 12:27:30,,,
2021-03-08,铁矿石,收盘价,1143.50,1.42%,1637,2021-03-08 00:00:00,1,0,2024-07-20 12:27:30,0,2024-07-20 12:27:30,,,
2021-03-08,铁矿石,结算价,1145.50,0.44%,1638,2021-03-08 00:00:00,1,0,2024-07-20 12:27:30,0,2024-07-20 12:27:30,,,
2021-03-05,铁矿石,收盘价,1127.50,-4.%,1639,2021-03-05 00:00:00,1,0,2024-07-20 12:27:30,0,2024-07-20 12:27:30,,,
2021-03-05,铁矿石,结算价,1140.50,-2.15%,1640,2021-03-05 00:00:00,1,0,2024-07-20 12:27:30,0,2024-07-20 12:27:30,,,
2021-03-04,铁矿石,收盘价,1174.50,1.82%,1641,2021-03-04 00:00:00,1,0,2024-07-20 12:27:30,0,2024-07-20 12:27:30,,,
2021-03-04,铁矿石,结算价,1165.50,1.17%,1642,2021-03-04 00:00:00,1,0,2024-07-20 12:27:30,0,2024-07-20 12:27:30,,,
2021-03-03,铁矿石,收盘价,1153.50,-0.09%,1643,2021-03-03 00:00:00,1,0,2024-07-20 12:27:30,0,2024-07-20 12:27:30,,,
2021-03-03,铁矿石,结算价,1152.00,1.68%,1644,2021-03-03 00:00:00,1,0,2024-07-20 12:27:30,0,2024-07-20 12:27:30,,,
2021-03-02,铁矿石,收盘价,1154.50,1.94%,1645,2021-03-02 00:00:00,1,0,2024-07-20 12:27:30,0,2024-07-20 12:27:30,,,
2021-03-02,铁矿石,结算价,1133.00,-0.4%,1646,2021-03-02 00:00:00,1,0,2024-07-20 12:27:30,0,2024-07-20 12:27:30,,,
2021-03-01,铁矿石,收盘价,1132.50,-1.61%,1647,2021-03-01 00:00:00,1,0,2024-07-20 12:27:30,0,2024-07-20 12:27:30,,,
2021-03-01,铁矿石,结算价,1137.50,-0.39%,1648,2021-03-01 00:00:00,1,0,2024-07-20 12:27:30,0,2024-07-20 12:27:30,,,
2021-02-26,铁矿石,收盘价,1151.00,1.77%,1649,2021-02-26 00:00:00,1,0,2024-07-20 12:27:30,0,2024-07-20 12:27:30,,,
2021-02-26,铁矿石,结算价,1142.00,0.93%,1650,2021-02-26 00:00:00,1,0,2024-07-20 12:27:30,0,2024-07-20 12:27:30,,,
2021-02-25,铁矿石,收盘价,1131.00,0.13%,1651,2021-02-25 00:00:00,1,0,2024-07-20 12:27:33,0,2024-07-20 12:27:33,,,
2021-02-25,铁矿石,结算价,1131.50,1.43%,1652,2021-02-25 00:00:00,1,0,2024-07-20 12:27:33,0,2024-07-20 12:27:33,,,
2021-02-24,铁矿石,收盘价,1129.50,2.03%,1653,2021-02-24 00:00:00,1,0,2024-07-20 12:27:33,0,2024-07-20 12:27:33,,,
2021-02-24,铁矿石,结算价,1115.50,-0.8%,1654,2021-02-24 00:00:00,1,0,2024-07-20 12:27:33,0,2024-07-20 12:27:33,,,
2021-02-23,铁矿石,收盘价,1107.00,-2.81%,1655,2021-02-23 00:00:00,1,0,2024-07-20 12:27:33,0,2024-07-20 12:27:33,,,
2021-02-23,铁矿石,结算价,1124.50,-1.4%,1656,2021-02-23 00:00:00,1,0,2024-07-20 12:27:33,0,2024-07-20 12:27:33,,,
2021-02-22,铁矿石,收盘价,1139.00,1.97%,1657,2021-02-22 00:00:00,1,0,2024-07-20 12:27:33,0,2024-07-20 12:27:33,,,
2021-02-22,铁矿石,结算价,1140.50,1.88%,1658,2021-02-22 00:00:00,1,0,2024-07-20 12:27:33,0,2024-07-20 12:27:33,,,
2021-02-19,铁矿石,收盘价,1117.00,-1.28%,1659,2021-02-19 00:00:00,1,0,2024-07-20 12:27:33,0,2024-07-20 12:27:33,,,
2021-02-19,铁矿石,结算价,1119.50,-0.09%,1660,2021-02-19 00:00:00,1,0,2024-07-20 12:27:33,0,2024-07-20 12:27:33,,,
2021-02-18,铁矿石,收盘价,1131.50,5.6%,1661,2021-02-18 00:00:00,1,0,2024-07-20 12:27:33,0,2024-07-20 12:27:33,,,
2021-02-18,铁矿石,结算价,1120.50,6.01%,1662,2021-02-18 00:00:00,1,0,2024-07-20 12:27:33,0,2024-07-20 12:27:33,,,
2021-02-10,铁矿石,收盘价,1071.50,0.94%,1663,2021-02-10 00:00:00,1,0,2024-07-20 12:27:33,0,2024-07-20 12:27:33,,,
2021-02-10,铁矿石,结算价,1057.00,1.%,1664,2021-02-10 00:00:00,1,0,2024-07-20 12:27:33,0,2024-07-20 12:27:33,,,
2021-02-09,铁矿石,收盘价,1061.50,3.26%,1665,2021-02-09 00:00:00,1,0,2024-07-20 12:27:33,0,2024-07-20 12:27:33,,,
2021-02-09,铁矿石,结算价,1046.50,2.8%,1666,2021-02-09 00:00:00,1,0,2024-07-20 12:27:33,0,2024-07-20 12:27:33,,,
2021-02-08,铁矿石,收盘价,1028.00,2.34%,1667,2021-02-08 00:00:00,1,0,2024-07-20 12:27:33,0,2024-07-20 12:27:33,,,
2021-02-08,铁矿石,结算价,1018.00,1.9%,1668,2021-02-08 00:00:00,1,0,2024-07-20 12:27:33,0,2024-07-20 12:27:33,,,
2021-02-05,铁矿石,收盘价,1004.50,1.36%,1669,2021-02-05 00:00:00,1,0,2024-07-20 12:27:33,0,2024-07-20 12:27:33,,,
2021-02-05,铁矿石,结算价,999.00,3.63%,1670,2021-02-05 00:00:00,1,0,2024-07-20 12:27:33,0,2024-07-20 12:27:33,,,
2021-02-04,铁矿石,收盘价,991.00,4.54%,1671,2021-02-04 00:00:00,1,0,2024-07-20 12:27:33,0,2024-07-20 12:27:33,,,
2021-02-04,铁矿石,结算价,964.00,2.39%,1672,2021-02-04 00:00:00,1,0,2024-07-20 12:27:33,0,2024-07-20 12:27:33,,,
2021-02-03,铁矿石,收盘价,948.00,1.55%,1673,2021-02-03 00:00:00,1,0,2024-07-20 12:27:33,0,2024-07-20 12:27:33,,,
2021-02-03,铁矿石,结算价,941.50,-1.57%,1674,2021-02-03 00:00:00,1,0,2024-07-20 12:27:33,0,2024-07-20 12:27:33,,,
2021-02-02,铁矿石,收盘价,933.50,-4.45%,1675,2021-02-02 00:00:00,1,0,2024-07-20 12:27:33,0,2024-07-20 12:27:33,,,
2021-02-02,铁矿石,结算价,956.50,-3.29%,1676,2021-02-02 00:00:00,1,0,2024-07-20 12:27:33,0,2024-07-20 12:27:33,,,
2021-02-01,铁矿石,收盘价,977.00,-1.31%,1677,2021-02-01 00:00:00,1,0,2024-07-20 12:27:33,0,2024-07-20 12:27:33,,,
2021-02-01,铁矿石,结算价,989.00,0.41%,1678,2021-02-01 00:00:00,1,0,2024-07-20 12:27:33,0,2024-07-20 12:27:33,,,
2021-01-29,铁矿石,收盘价,990.00,0.46%,1679,2021-01-29 00:00:00,1,0,2024-07-20 12:27:33,0,2024-07-20 12:27:33,,,
2021-01-29,铁矿石,结算价,985.00,-2.52%,1680,2021-01-29 00:00:00,1,0,2024-07-20 12:27:33,0,2024-07-20 12:27:33,,,
2021-01-28,铁矿石,收盘价,985.50,-5.38%,1681,2021-01-28 00:00:00,1,0,2024-07-20 12:27:36,0,2024-07-20 12:27:36,,,
2021-01-28,铁矿石,结算价,1010.50,-2.37%,1682,2021-01-28 00:00:00,1,0,2024-07-20 12:27:36,0,2024-07-20 12:27:36,,,
2021-01-27,铁矿石,收盘价,1041.50,1.56%,1683,2021-01-27 00:00:00,1,0,2024-07-20 12:27:36,0,2024-07-20 12:27:36,,,
2021-01-27,铁矿石,结算价,1035.00,-0.86%,1684,2021-01-27 00:00:00,1,0,2024-07-20 12:27:36,0,2024-07-20 12:27:36,,,
2021-01-26,铁矿石,收盘价,1025.50,-2.01%,1685,2021-01-26 00:00:00,1,0,2024-07-20 12:27:36,0,2024-07-20 12:27:36,,,
2021-01-26,铁矿石,结算价,1044.00,0.29%,1686,2021-01-26 00:00:00,1,0,2024-07-20 12:27:36,0,2024-07-20 12:27:36,,,
2021-01-25,铁矿石,收盘价,1046.50,0.%,1687,2021-01-25 00:00:00,1,0,2024-07-20 12:27:36,0,2024-07-20 12:27:36,,,
2021-01-25,铁矿石,结算价,1041.00,-1.28%,1688,2021-01-25 00:00:00,1,0,2024-07-20 12:27:36,0,2024-07-20 12:27:36,,,
2021-01-22,铁矿石,收盘价,1046.50,-1.37%,1689,2021-01-22 00:00:00,1,0,2024-07-20 12:27:36,0,2024-07-20 12:27:36,,,
2021-01-22,铁矿石,结算价,1054.50,0.29%,1690,2021-01-22 00:00:00,1,0,2024-07-20 12:27:36,0,2024-07-20 12:27:36,,,
2021-01-21,铁矿石,收盘价,1061.00,0.19%,1691,2021-01-21 00:00:00,1,0,2024-07-20 12:27:36,0,2024-07-20 12:27:36,,,
2021-01-21,铁矿石,结算价,1051.50,0.%,1692,2021-01-21 00:00:00,1,0,2024-07-20 12:27:36,0,2024-07-20 12:27:36,,,
2021-01-20,铁矿石,收盘价,1059.00,1.24%,1693,2021-01-20 00:00:00,1,0,2024-07-20 12:27:36,0,2024-07-20 12:27:36,,,
2021-01-20,铁矿石,结算价,1051.50,-0.47%,1694,2021-01-20 00:00:00,1,0,2024-07-20 12:27:36,0,2024-07-20 12:27:36,,,
2021-01-19,铁矿石,收盘价,1046.00,-2.74%,1695,2021-01-19 00:00:00,1,0,2024-07-20 12:27:36,0,2024-07-20 12:27:36,,,
2021-01-19,铁矿石,结算价,1056.50,-0.42%,1696,2021-01-19 00:00:00,1,0,2024-07-20 12:27:36,0,2024-07-20 12:27:36,,,
2021-01-18,铁矿石,收盘价,1075.50,2.14%,1697,2021-01-18 00:00:00,1,0,2024-07-20 12:27:36,0,2024-07-20 12:27:36,,,
2021-01-18,铁矿石,结算价,1061.00,0.28%,1698,2021-01-18 00:00:00,1,0,2024-07-20 12:27:36,0,2024-07-20 12:27:36,,,
2021-01-15,铁矿石,收盘价,1053.00,-0.19%,1699,2021-01-15 00:00:00,1,0,2024-07-20 12:27:36,0,2024-07-20 12:27:36,,,
2021-01-15,铁矿石,结算价,1058.00,1.93%,1700,2021-01-15 00:00:00,1,0,2024-07-20 12:27:36,0,2024-07-20 12:27:36,,,
2021-01-14,铁矿石,收盘价,1055.00,2.03%,1701,2021-01-14 00:00:00,1,0,2024-07-20 12:27:36,0,2024-07-20 12:27:36,,,
2021-01-14,铁矿石,结算价,1038.00,0.%,1702,2021-01-14 00:00:00,1,0,2024-07-20 12:27:36,0,2024-07-20 12:27:36,,,
2021-01-13,铁矿石,收盘价,1034.00,-1.15%,1703,2021-01-13 00:00:00,1,0,2024-07-20 12:27:36,0,2024-07-20 12:27:36,,,
2021-01-13,铁矿石,结算价,1038.00,-0.91%,1704,2021-01-13 00:00:00,1,0,2024-07-20 12:27:36,0,2024-07-20 12:27:36,,,
2021-01-12,铁矿石,收盘价,1046.00,0.%,1705,2021-01-12 00:00:00,1,0,2024-07-20 12:27:36,0,2024-07-20 12:27:36,,,
2021-01-12,铁矿石,结算价,1047.50,0.%,1706,2021-01-12 00:00:00,1,0,2024-07-20 12:27:36,0,2024-07-20 12:27:36,,,
2021-01-11,铁矿石,收盘价,1046.00,-1.97%,1707,2021-01-11 00:00:00,1,0,2024-07-20 12:27:36,0,2024-07-20 12:27:36,,,
2021-01-11,铁矿石,结算价,1047.50,-1.55%,1708,2021-01-11 00:00:00,1,0,2024-07-20 12:27:36,0,2024-07-20 12:27:36,,,
2021-01-08,铁矿石,收盘价,1067.00,0.42%,1709,2021-01-08 00:00:00,1,0,2024-07-20 12:27:36,0,2024-07-20 12:27:36,,,
2021-01-08,铁矿石,结算价,1064.00,2.01%,1710,2021-01-08 00:00:00,1,0,2024-07-20 12:27:36,0,2024-07-20 12:27:36,,,
2021-01-07,铁矿石,收盘价,1062.50,2.81%,1711,2021-01-07 00:00:00,1,0,2024-07-20 12:27:38,0,2024-07-20 12:27:38,,,
2021-01-07,铁矿石,结算价,1043.00,1.16%,1712,2021-01-07 00:00:00,1,0,2024-07-20 12:27:38,0,2024-07-20 12:27:38,,,
2021-01-06,铁矿石,收盘价,1033.50,-0.53%,1713,2021-01-06 00:00:00,1,0,2024-07-20 12:27:38,0,2024-07-20 12:27:38,,,
2021-01-06,铁矿石,结算价,1031.00,0.05%,1714,2021-01-06 00:00:00,1,0,2024-07-20 12:27:38,0,2024-07-20 12:27:38,,,
2021-01-05,铁矿石,收盘价,1039.00,1.91%,1715,2021-01-05 00:00:00,1,0,2024-07-20 12:27:38,0,2024-07-20 12:27:38,,,
2021-01-05,铁矿石,结算价,1030.50,3.15%,1716,2021-01-05 00:00:00,1,0,2024-07-20 12:27:38,0,2024-07-20 12:27:38,,,
2021-01-04,铁矿石,收盘价,1019.50,2.36%,1717,2021-01-04 00:00:00,1,0,2024-07-20 12:27:38,0,2024-07-20 12:27:38,,,
2021-01-04,铁矿石,结算价,999.00,1.27%,1718,2021-01-04 00:00:00,1,0,2024-07-20 12:27:38,0,2024-07-20 12:27:38,,,
2020-12-31,铁矿石,收盘价,996.00,1.22%,1719,2020-12-31 00:00:00,1,0,2024-07-20 12:27:38,0,2024-07-20 12:27:38,,,
2020-12-31,铁矿石,结算价,986.50,1.08%,1720,2020-12-31 00:00:00,1,0,2024-07-20 12:27:38,0,2024-07-20 12:27:38,,,
2020-12-30,铁矿石,收盘价,984.00,-2.62%,1721,2020-12-30 00:00:00,1,0,2024-07-20 12:27:38,0,2024-07-20 12:27:38,,,
2020-12-30,铁矿石,结算价,976.00,-4.27%,1722,2020-12-30 00:00:00,1,0,2024-07-20 12:27:38,0,2024-07-20 12:27:38,,,
2020-12-29,铁矿石,收盘价,1010.50,-1.46%,1723,2020-12-29 00:00:00,1,0,2024-07-20 12:27:38,0,2024-07-20 12:27:38,,,
2020-12-29,铁矿石,结算价,1019.50,-1.59%,1724,2020-12-29 00:00:00,1,0,2024-07-20 12:27:38,0,2024-07-20 12:27:38,,,
2020-12-28,铁矿石,收盘价,1025.50,-3.53%,1725,2020-12-28 00:00:00,1,0,2024-07-20 12:27:38,0,2024-07-20 12:27:38,,,
2020-12-28,铁矿石,结算价,1036.00,0.29%,1726,2020-12-28 00:00:00,1,0,2024-07-20 12:27:38,0,2024-07-20 12:27:38,,,
2020-12-25,铁矿石,收盘价,1063.00,2.61%,1727,2020-12-25 00:00:00,1,0,2024-07-20 12:27:38,0,2024-07-20 12:27:38,,,
2020-12-25,铁矿石,结算价,1033.00,-0.86%,1728,2020-12-25 00:00:00,1,0,2024-07-20 12:27:38,0,2024-07-20 12:27:38,,,
2020-12-24,铁矿石,收盘价,1036.00,0.93%,1729,2020-12-24 00:00:00,1,0,2024-07-20 12:27:38,0,2024-07-20 12:27:38,,,
2020-12-24,铁矿石,结算价,1042.00,1.51%,1730,2020-12-24 00:00:00,1,0,2024-07-20 12:27:38,0,2024-07-20 12:27:38,,,
2020-12-23,铁矿石,收盘价,1026.50,-2.7%,1731,2020-12-23 00:00:00,1,0,2024-07-20 12:27:38,0,2024-07-20 12:27:38,,,
2020-12-23,铁矿石,结算价,1026.50,-5.78%,1732,2020-12-23 00:00:00,1,0,2024-07-20 12:27:38,0,2024-07-20 12:27:38,,,
2020-12-22,铁矿石,收盘价,1055.00,-11.31%,1733,2020-12-22 00:00:00,1,0,2024-07-20 12:27:38,0,2024-07-20 12:27:38,,,
2020-12-22,铁矿石,结算价,1089.50,-5.01%,1734,2020-12-22 00:00:00,1,0,2024-07-20 12:27:38,0,2024-07-20 12:27:38,,,
2020-12-21,铁矿石,收盘价,1189.50,10.81%,1735,2020-12-21 00:00:00,1,0,2024-07-20 12:27:38,0,2024-07-20 12:27:38,,,
2020-12-21,铁矿石,结算价,1147.00,9.92%,1736,2020-12-21 00:00:00,1,0,2024-07-20 12:27:38,0,2024-07-20 12:27:38,,,
2020-12-18,铁矿石,收盘价,1073.50,4.58%,1737,2020-12-18 00:00:00,1,0,2024-07-20 12:27:38,0,2024-07-20 12:27:38,,,
2020-12-18,铁矿石,结算价,1043.50,3.27%,1738,2020-12-18 00:00:00,1,0,2024-07-20 12:27:38,0,2024-07-20 12:27:38,,,
2020-12-17,铁矿石,收盘价,1026.50,1.89%,1739,2020-12-17 00:00:00,1,0,2024-07-20 12:27:38,0,2024-07-20 12:27:38,,,
2020-12-17,铁矿石,结算价,1010.50,1.%,1740,2020-12-17 00:00:00,1,0,2024-07-20 12:27:38,0,2024-07-20 12:27:38,,,
2020-12-16,铁矿石,收盘价,1007.50,1.36%,1741,2020-12-16 00:00:00,1,0,2024-07-20 12:27:41,0,2024-07-20 12:27:41,,,
2020-12-16,铁矿石,结算价,1000.50,2.2%,1742,2020-12-16 00:00:00,1,0,2024-07-20 12:27:41,0,2024-07-20 12:27:41,,,
2020-12-15,铁矿石,收盘价,994.00,2.9%,1743,2020-12-15 00:00:00,1,0,2024-07-20 12:27:41,0,2024-07-20 12:27:41,,,
2020-12-15,铁矿石,结算价,979.00,-0.05%,1744,2020-12-15 00:00:00,1,0,2024-07-20 12:27:41,0,2024-07-20 12:27:41,,,
2020-12-14,铁矿石,收盘价,966.00,-2.37%,1745,2020-12-14 00:00:00,1,0,2024-07-20 12:27:41,0,2024-07-20 12:27:41,,,
2020-12-14,铁矿石,结算价,979.50,-1.85%,1746,2020-12-14 00:00:00,1,0,2024-07-20 12:27:41,0,2024-07-20 12:27:41,,,
2020-12-11,铁矿石,收盘价,989.50,1.91%,1747,2020-12-11 00:00:00,1,0,2024-07-20 12:27:41,0,2024-07-20 12:27:41,,,
2020-12-11,铁矿石,结算价,998.00,5.27%,1748,2020-12-11 00:00:00,1,0,2024-07-20 12:27:41,0,2024-07-20 12:27:41,,,
2020-12-10,铁矿石,收盘价,971.00,5.72%,1749,2020-12-10 00:00:00,1,0,2024-07-20 12:27:41,0,2024-07-20 12:27:41,,,
2020-12-10,铁矿石,结算价,948.00,4.23%,1750,2020-12-10 00:00:00,1,0,2024-07-20 12:27:41,0,2024-07-20 12:27:41,,,
2020-12-09,铁矿石,收盘价,918.50,0.71%,1751,2020-12-09 00:00:00,1,0,2024-07-20 12:27:41,0,2024-07-20 12:27:41,,,
2020-12-09,铁矿石,结算价,909.50,-0.98%,1752,2020-12-09 00:00:00,1,0,2024-07-20 12:27:41,0,2024-07-20 12:27:41,,,
2020-12-08,铁矿石,收盘价,912.00,-0.16%,1753,2020-12-08 00:00:00,1,0,2024-07-20 12:27:41,0,2024-07-20 12:27:41,,,
2020-12-08,铁矿石,结算价,918.50,1.49%,1754,2020-12-08 00:00:00,1,0,2024-07-20 12:27:41,0,2024-07-20 12:27:41,,,
2020-12-07,铁矿石,收盘价,913.50,-6.02%,1755,2020-12-07 00:00:00,1,0,2024-07-20 12:27:41,0,2024-07-20 12:27:41,,,
2020-12-07,铁矿石,结算价,905.00,-4.99%,1756,2020-12-07 00:00:00,1,0,2024-07-20 12:27:41,0,2024-07-20 12:27:41,,,
2020-12-04,铁矿石,收盘价,972.00,3.74%,1757,2020-12-04 00:00:00,1,0,2024-07-20 12:27:41,0,2024-07-20 12:27:41,,,
2020-12-04,铁矿石,结算价,952.50,2.14%,1758,2020-12-04 00:00:00,1,0,2024-07-20 12:27:41,0,2024-07-20 12:27:41,,,
2020-12-03,铁矿石,收盘价,937.00,0.32%,1759,2020-12-03 00:00:00,1,0,2024-07-20 12:27:41,0,2024-07-20 12:27:41,,,
2020-12-03,铁矿石,结算价,932.50,1.19%,1760,2020-12-03 00:00:00,1,0,2024-07-20 12:27:41,0,2024-07-20 12:27:41,,,
2020-12-02,铁矿石,收盘价,934.00,2.81%,1761,2020-12-02 00:00:00,1,0,2024-07-20 12:27:41,0,2024-07-20 12:27:41,,,
2020-12-02,铁矿石,结算价,921.50,2.05%,1762,2020-12-02 00:00:00,1,0,2024-07-20 12:27:41,0,2024-07-20 12:27:41,,,
2020-12-01,铁矿石,收盘价,908.50,-0.33%,1763,2020-12-01 00:00:00,1,0,2024-07-20 12:27:41,0,2024-07-20 12:27:41,,,
2020-12-01,铁矿石,结算价,903.00,-0.33%,1764,2020-12-01 00:00:00,1,0,2024-07-20 12:27:41,0,2024-07-20 12:27:41,,,
2020-11-30,铁矿石,收盘价,911.50,1.05%,1765,2020-11-30 00:00:00,1,0,2024-07-20 12:27:41,0,2024-07-20 12:27:41,,,
2020-11-30,铁矿石,结算价,906.00,0.5%,1766,2020-11-30 00:00:00,1,0,2024-07-20 12:27:41,0,2024-07-20 12:27:41,,,
2020-11-27,铁矿石,收盘价,902.00,0.56%,1767,2020-11-27 00:00:00,1,0,2024-07-20 12:27:41,0,2024-07-20 12:27:41,,,
2020-11-27,铁矿石,结算价,901.50,1.46%,1768,2020-11-27 00:00:00,1,0,2024-07-20 12:27:41,0,2024-07-20 12:27:41,,,
2020-11-26,铁矿石,收盘价,897.00,1.93%,1769,2020-11-26 00:00:00,1,0,2024-07-20 12:27:41,0,2024-07-20 12:27:41,,,
2020-11-26,铁矿石,结算价,888.50,1.14%,1770,2020-11-26 00:00:00,1,0,2024-07-20 12:27:41,0,2024-07-20 12:27:41,,,
2020-11-25,铁矿石,收盘价,880.00,0.46%,1771,2020-11-25 00:00:00,1,0,2024-07-20 12:27:44,0,2024-07-20 12:27:44,,,
2020-11-25,铁矿石,结算价,878.50,0.4%,1772,2020-11-25 00:00:00,1,0,2024-07-20 12:27:44,0,2024-07-20 12:27:44,,,
2020-11-24,铁矿石,收盘价,876.00,0.98%,1773,2020-11-24 00:00:00,1,0,2024-07-20 12:27:44,0,2024-07-20 12:27:44,,,
2020-11-24,铁矿石,结算价,875.00,-0.11%,1774,2020-11-24 00:00:00,1,0,2024-07-20 12:27:44,0,2024-07-20 12:27:44,,,
2020-11-23,铁矿石,收盘价,867.50,0.87%,1775,2020-11-23 00:00:00,1,0,2024-07-20 12:27:44,0,2024-07-20 12:27:44,,,
2020-11-23,铁矿石,结算价,876.00,2.64%,1776,2020-11-23 00:00:00,1,0,2024-07-20 12:27:44,0,2024-07-20 12:27:44,,,
2020-11-20,铁矿石,收盘价,860.00,-1.88%,1777,2020-11-20 00:00:00,1,0,2024-07-20 12:27:44,0,2024-07-20 12:27:44,,,
2020-11-20,铁矿石,结算价,853.50,-2.18%,1778,2020-11-20 00:00:00,1,0,2024-07-20 12:27:44,0,2024-07-20 12:27:44,,,
2020-11-19,铁矿石,收盘价,876.50,2.1%,1779,2020-11-19 00:00:00,1,0,2024-07-20 12:27:44,0,2024-07-20 12:27:44,,,
2020-11-19,铁矿石,结算价,872.50,1.99%,1780,2020-11-19 00:00:00,1,0,2024-07-20 12:27:44,0,2024-07-20 12:27:44,,,
2020-11-18,铁矿石,收盘价,858.50,0.41%,1781,2020-11-18 00:00:00,1,0,2024-07-20 12:27:44,0,2024-07-20 12:27:44,,,
2020-11-18,铁矿石,结算价,855.50,1.18%,1782,2020-11-18 00:00:00,1,0,2024-07-20 12:27:44,0,2024-07-20 12:27:44,,,
2020-11-17,铁矿石,收盘价,855.00,1.66%,1783,2020-11-17 00:00:00,1,0,2024-07-20 12:27:44,0,2024-07-20 12:27:44,,,
2020-11-17,铁矿石,结算价,845.50,1.5%,1784,2020-11-17 00:00:00,1,0,2024-07-20 12:27:44,0,2024-07-20 12:27:44,,,
2020-11-16,铁矿石,收盘价,841.00,1.02%,1785,2020-11-16 00:00:00,1,0,2024-07-20 12:27:44,0,2024-07-20 12:27:44,,,
2020-11-16,铁矿石,结算价,833.00,0.3%,1786,2020-11-16 00:00:00,1,0,2024-07-20 12:27:44,0,2024-07-20 12:27:44,,,
2020-11-13,铁矿石,收盘价,832.50,-0.36%,1787,2020-11-13 00:00:00,1,0,2024-07-20 12:27:44,0,2024-07-20 12:27:44,,,
2020-11-13,铁矿石,结算价,830.50,-1.07%,1788,2020-11-13 00:00:00,1,0,2024-07-20 12:27:44,0,2024-07-20 12:27:44,,,
2020-11-12,铁矿石,收盘价,835.50,1.21%,1789,2020-11-12 00:00:00,1,0,2024-07-20 12:27:44,0,2024-07-20 12:27:44,,,
2020-11-12,铁矿石,结算价,839.50,1.14%,1790,2020-11-12 00:00:00,1,0,2024-07-20 12:27:44,0,2024-07-20 12:27:44,,,
2020-11-11,铁矿石,收盘价,825.50,0.%,1791,2020-11-11 00:00:00,1,0,2024-07-20 12:27:44,0,2024-07-20 12:27:44,,,
2020-11-11,铁矿石,结算价,830.00,0.%,1792,2020-11-11 00:00:00,1,0,2024-07-20 12:27:44,0,2024-07-20 12:27:44,,,
2020-11-10,铁矿石,收盘价,825.50,0.98%,1793,2020-11-10 00:00:00,1,0,2024-07-20 12:27:44,0,2024-07-20 12:27:44,,,
2020-11-10,铁矿石,结算价,830.00,2.22%,1794,2020-11-10 00:00:00,1,0,2024-07-20 12:27:44,0,2024-07-20 12:27:44,,,
2020-11-09,铁矿石,收盘价,817.50,3.55%,1795,2020-11-09 00:00:00,1,0,2024-07-20 12:27:44,0,2024-07-20 12:27:44,,,
2020-11-09,铁矿石,结算价,812.00,2.92%,1796,2020-11-09 00:00:00,1,0,2024-07-20 12:27:44,0,2024-07-20 12:27:44,,,
2020-11-06,铁矿石,收盘价,789.50,0.83%,1797,2020-11-06 00:00:00,1,0,2024-07-20 12:27:44,0,2024-07-20 12:27:44,,,
2020-11-06,铁矿石,结算价,789.00,0.77%,1798,2020-11-06 00:00:00,1,0,2024-07-20 12:27:44,0,2024-07-20 12:27:44,,,
2020-11-05,铁矿石,收盘价,783.00,-0.45%,1799,2020-11-05 00:00:00,1,0,2024-07-20 12:27:44,0,2024-07-20 12:27:44,,,
2020-11-05,铁矿石,结算价,783.00,-1.14%,1800,2020-11-05 00:00:00,1,0,2024-07-20 12:27:44,0,2024-07-20 12:27:44,,,
2020-11-04,铁矿石,收盘价,786.50,-0.06%,1801,2020-11-04 00:00:00,1,0,2024-07-20 12:27:48,0,2024-07-20 12:27:48,,,
2020-11-04,铁矿石,结算价,792.00,0.06%,1802,2020-11-04 00:00:00,1,0,2024-07-20 12:27:48,0,2024-07-20 12:27:48,,,
2020-11-03,铁矿石,收盘价,787.00,-1.75%,1803,2020-11-03 00:00:00,1,0,2024-07-20 12:27:48,0,2024-07-20 12:27:48,,,
2020-11-03,铁矿石,结算价,791.50,-0.69%,1804,2020-11-03 00:00:00,1,0,2024-07-20 12:27:48,0,2024-07-20 12:27:48,,,
2020-11-02,铁矿石,收盘价,801.00,0.82%,1805,2020-11-02 00:00:00,1,0,2024-07-20 12:27:48,0,2024-07-20 12:27:48,,,
2020-11-02,铁矿石,结算价,797.00,1.4%,1806,2020-11-02 00:00:00,1,0,2024-07-20 12:27:48,0,2024-07-20 12:27:48,,,
2020-10-30,铁矿石,收盘价,794.50,1.92%,1807,2020-10-30 00:00:00,1,0,2024-07-20 12:27:48,0,2024-07-20 12:27:48,,,
2020-10-30,铁矿石,结算价,786.00,1.03%,1808,2020-10-30 00:00:00,1,0,2024-07-20 12:27:48,0,2024-07-20 12:27:48,,,
2020-10-29,铁矿石,收盘价,779.50,-0.76%,1809,2020-10-29 00:00:00,1,0,2024-07-20 12:27:48,0,2024-07-20 12:27:48,,,
2020-10-29,铁矿石,结算价,778.00,0.52%,1810,2020-10-29 00:00:00,1,0,2024-07-20 12:27:48,0,2024-07-20 12:27:48,,,
2020-10-28,铁矿石,收盘价,785.50,2.28%,1811,2020-10-28 00:00:00,1,0,2024-07-20 12:27:48,0,2024-07-20 12:27:48,,,
2020-10-28,铁矿石,结算价,774.00,0.91%,1812,2020-10-28 00:00:00,1,0,2024-07-20 12:27:48,0,2024-07-20 12:27:48,,,
2020-10-27,铁矿石,收盘价,768.00,0.99%,1813,2020-10-27 00:00:00,1,0,2024-07-20 12:27:48,0,2024-07-20 12:27:48,,,
2020-10-27,铁矿石,结算价,767.00,0.07%,1814,2020-10-27 00:00:00,1,0,2024-07-20 12:27:48,0,2024-07-20 12:27:48,,,
2020-10-26,铁矿石,收盘价,760.50,-1.43%,1815,2020-10-26 00:00:00,1,0,2024-07-20 12:27:48,0,2024-07-20 12:27:48,,,
2020-10-26,铁矿石,结算价,766.50,-2.54%,1816,2020-10-26 00:00:00,1,0,2024-07-20 12:27:48,0,2024-07-20 12:27:48,,,
2020-10-23,铁矿石,收盘价,771.50,-2.77%,1817,2020-10-23 00:00:00,1,0,2024-07-20 12:27:48,0,2024-07-20 12:27:48,,,
2020-10-23,铁矿石,结算价,786.50,-1.26%,1818,2020-10-23 00:00:00,1,0,2024-07-20 12:27:48,0,2024-07-20 12:27:48,,,
2020-10-22,铁矿石,收盘价,793.50,-0.44%,1819,2020-10-22 00:00:00,1,0,2024-07-20 12:27:48,0,2024-07-20 12:27:48,,,
2020-10-22,铁矿石,结算价,796.50,0.82%,1820,2020-10-22 00:00:00,1,0,2024-07-20 12:27:48,0,2024-07-20 12:27:48,,,
2020-10-21,铁矿石,收盘价,797.00,1.01%,1821,2020-10-21 00:00:00,1,0,2024-07-20 12:27:48,0,2024-07-20 12:27:48,,,
2020-10-21,铁矿石,结算价,790.00,0.51%,1822,2020-10-21 00:00:00,1,0,2024-07-20 12:27:48,0,2024-07-20 12:27:48,,,
2020-10-20,铁矿石,收盘价,789.00,1.02%,1823,2020-10-20 00:00:00,1,0,2024-07-20 12:27:48,0,2024-07-20 12:27:48,,,
2020-10-20,铁矿石,结算价,786.00,-0.06%,1824,2020-10-20 00:00:00,1,0,2024-07-20 12:27:48,0,2024-07-20 12:27:48,,,
2020-10-19,铁矿石,收盘价,781.00,-0.57%,1825,2020-10-19 00:00:00,1,0,2024-07-20 12:27:48,0,2024-07-20 12:27:48,,,
2020-10-19,铁矿石,结算价,786.50,0.32%,1826,2020-10-19 00:00:00,1,0,2024-07-20 12:27:48,0,2024-07-20 12:27:48,,,
2020-10-16,铁矿石,收盘价,785.50,-0.25%,1827,2020-10-16 00:00:00,1,0,2024-07-20 12:27:48,0,2024-07-20 12:27:48,,,
2020-10-16,铁矿石,结算价,784.00,-0.82%,1828,2020-10-16 00:00:00,1,0,2024-07-20 12:27:48,0,2024-07-20 12:27:48,,,
2020-10-15,铁矿石,收盘价,787.50,-1.38%,1829,2020-10-15 00:00:00,1,0,2024-07-20 12:27:48,0,2024-07-20 12:27:48,,,
2020-10-15,铁矿石,结算价,790.50,-1.8%,1830,2020-10-15 00:00:00,1,0,2024-07-20 12:27:48,0,2024-07-20 12:27:48,,,
2020-10-14,铁矿石,收盘价,798.50,-1.78%,1831,2020-10-14 00:00:00,1,0,2024-07-20 12:27:51,0,2024-07-20 12:27:51,,,
2020-10-14,铁矿石,结算价,805.00,-1.59%,1832,2020-10-14 00:00:00,1,0,2024-07-20 12:27:51,0,2024-07-20 12:27:51,,,
2020-10-13,铁矿石,收盘价,813.00,-1.45%,1833,2020-10-13 00:00:00,1,0,2024-07-20 12:27:51,0,2024-07-20 12:27:51,,,
2020-10-13,铁矿石,结算价,818.00,-0.97%,1834,2020-10-13 00:00:00,1,0,2024-07-20 12:27:51,0,2024-07-20 12:27:51,,,
2020-10-12,铁矿石,收盘价,825.00,-0.6%,1835,2020-10-12 00:00:00,1,0,2024-07-20 12:27:51,0,2024-07-20 12:27:51,,,
2020-10-12,铁矿石,结算价,826.00,0.49%,1836,2020-10-12 00:00:00,1,0,2024-07-20 12:27:51,0,2024-07-20 12:27:51,,,
2020-10-09,铁矿石,收盘价,830.00,2.6%,1837,2020-10-09 00:00:00,1,0,2024-07-20 12:27:51,0,2024-07-20 12:27:51,,,
2020-10-09,铁矿石,结算价,822.00,3.79%,1838,2020-10-09 00:00:00,1,0,2024-07-20 12:27:51,0,2024-07-20 12:27:51,,,
2020-09-30,铁矿石,收盘价,809.00,3.65%,1839,2020-09-30 00:00:00,1,0,2024-07-20 12:27:51,0,2024-07-20 12:27:51,,,
2020-09-30,铁矿石,结算价,792.00,2.79%,1840,2020-09-30 00:00:00,1,0,2024-07-20 12:27:51,0,2024-07-20 12:27:51,,,
2020-09-29,铁矿石,收盘价,780.50,1.36%,1841,2020-09-29 00:00:00,1,0,2024-07-20 12:27:51,0,2024-07-20 12:27:51,,,
2020-09-29,铁矿石,结算价,770.50,0.13%,1842,2020-09-29 00:00:00,1,0,2024-07-20 12:27:51,0,2024-07-20 12:27:51,,,
2020-09-28,铁矿石,收盘价,770.00,0.72%,1843,2020-09-28 00:00:00,1,0,2024-07-20 12:27:51,0,2024-07-20 12:27:51,,,
2020-09-28,铁矿石,结算价,769.50,0.85%,1844,2020-09-28 00:00:00,1,0,2024-07-20 12:27:51,0,2024-07-20 12:27:51,,,
2020-09-25,铁矿石,收盘价,764.50,-0.33%,1845,2020-09-25 00:00:00,1,0,2024-07-20 12:27:51,0,2024-07-20 12:27:51,,,
2020-09-25,铁矿石,结算价,763.00,-0.39%,1846,2020-09-25 00:00:00,1,0,2024-07-20 12:27:51,0,2024-07-20 12:27:51,,,
2020-09-24,铁矿石,收盘价,767.00,0.07%,1847,2020-09-24 00:00:00,1,0,2024-07-20 12:27:51,0,2024-07-20 12:27:51,,,
2020-09-24,铁矿石,结算价,766.00,0.2%,1848,2020-09-24 00:00:00,1,0,2024-07-20 12:27:51,0,2024-07-20 12:27:51,,,
2020-09-23,铁矿石,收盘价,766.50,-0.78%,1849,2020-09-23 00:00:00,1,0,2024-07-20 12:27:51,0,2024-07-20 12:27:51,,,
2020-09-23,铁矿石,结算价,764.50,-0.91%,1850,2020-09-23 00:00:00,1,0,2024-07-20 12:27:51,0,2024-07-20 12:27:51,,,
2020-09-22,铁矿石,收盘价,772.50,-0.45%,1851,2020-09-22 00:00:00,1,0,2024-07-20 12:27:51,0,2024-07-20 12:27:51,,,
2020-09-22,铁矿石,结算价,771.50,-2.16%,1852,2020-09-22 00:00:00,1,0,2024-07-20 12:27:51,0,2024-07-20 12:27:51,,,
2020-09-21,铁矿石,收盘价,776.00,-3.36%,1853,2020-09-21 00:00:00,1,0,2024-07-20 12:27:51,0,2024-07-20 12:27:51,,,
2020-09-21,铁矿石,结算价,788.50,-1.31%,1854,2020-09-21 00:00:00,1,0,2024-07-20 12:27:51,0,2024-07-20 12:27:51,,,
2020-09-18,铁矿石,收盘价,803.00,1.65%,1855,2020-09-18 00:00:00,1,0,2024-07-20 12:27:51,0,2024-07-20 12:27:51,,,
2020-09-18,铁矿石,结算价,799.00,1.08%,1856,2020-09-18 00:00:00,1,0,2024-07-20 12:27:51,0,2024-07-20 12:27:51,,,
2020-09-17,铁矿石,收盘价,790.00,-0.82%,1857,2020-09-17 00:00:00,1,0,2024-07-20 12:27:51,0,2024-07-20 12:27:51,,,
2020-09-17,铁矿石,结算价,790.50,-2.65%,1858,2020-09-17 00:00:00,1,0,2024-07-20 12:27:51,0,2024-07-20 12:27:51,,,
2020-09-16,铁矿石,收盘价,796.50,-3.75%,1859,2020-09-16 00:00:00,1,0,2024-07-20 12:27:51,0,2024-07-20 12:27:51,,,
2020-09-16,铁矿石,结算价,812.00,-3.22%,1860,2020-09-16 00:00:00,1,0,2024-07-20 12:27:51,0,2024-07-20 12:27:51,,,
2020-09-15,铁矿石,收盘价,827.50,-2.47%,1861,2020-09-15 00:00:00,1,0,2024-07-20 12:27:53,0,2024-07-20 12:27:53,,,
2020-09-15,铁矿石,结算价,839.00,-0.42%,1862,2020-09-15 00:00:00,1,0,2024-07-20 12:27:53,0,2024-07-20 12:27:53,,,
2020-09-14,铁矿石,收盘价,848.50,1.37%,1863,2020-09-14 00:00:00,1,0,2024-07-20 12:27:53,0,2024-07-20 12:27:53,,,
2020-09-14,铁矿石,结算价,842.50,1.69%,1864,2020-09-14 00:00:00,1,0,2024-07-20 12:27:53,0,2024-07-20 12:27:53,,,
2020-09-11,铁矿石,收盘价,837.00,1.82%,1865,2020-09-11 00:00:00,1,0,2024-07-20 12:27:53,0,2024-07-20 12:27:53,,,
2020-09-11,铁矿石,结算价,828.50,-0.18%,1866,2020-09-11 00:00:00,1,0,2024-07-20 12:27:53,0,2024-07-20 12:27:53,,,
2020-09-10,铁矿石,收盘价,822.00,-0.3%,1867,2020-09-10 00:00:00,1,0,2024-07-20 12:27:53,0,2024-07-20 12:27:53,,,
2020-09-10,铁矿石,结算价,830.00,-1.31%,1868,2020-09-10 00:00:00,1,0,2024-07-20 12:27:53,0,2024-07-20 12:27:53,,,
2020-09-09,铁矿石,收盘价,824.50,-2.31%,1869,2020-09-09 00:00:00,1,0,2024-07-20 12:27:53,0,2024-07-20 12:27:53,,,
2020-09-09,铁矿石,结算价,841.00,-1.46%,1870,2020-09-09 00:00:00,1,0,2024-07-20 12:27:53,0,2024-07-20 12:27:53,,,
2020-09-08,铁矿石,收盘价,844.00,-0.88%,1871,2020-09-08 00:00:00,1,0,2024-07-20 12:27:53,0,2024-07-20 12:27:53,,,
2020-09-08,铁矿石,结算价,853.50,-0.52%,1872,2020-09-08 00:00:00,1,0,2024-07-20 12:27:53,0,2024-07-20 12:27:53,,,
2020-09-07,铁矿石,收盘价,851.50,0.18%,1873,2020-09-07 00:00:00,1,0,2024-07-20 12:27:53,0,2024-07-20 12:27:53,,,
2020-09-07,铁矿石,结算价,858.00,1.06%,1874,2020-09-07 00:00:00,1,0,2024-07-20 12:27:53,0,2024-07-20 12:27:53,,,
2020-09-04,铁矿石,收盘价,850.00,-0.87%,1875,2020-09-04 00:00:00,1,0,2024-07-20 12:27:53,0,2024-07-20 12:27:53,,,
2020-09-04,铁矿石,结算价,849.00,-1.57%,1876,2020-09-04 00:00:00,1,0,2024-07-20 12:27:53,0,2024-07-20 12:27:53,,,
2020-09-03,铁矿石,收盘价,857.50,0.35%,1877,2020-09-03 00:00:00,1,0,2024-07-20 12:27:53,0,2024-07-20 12:27:53,,,
2020-09-03,铁矿石,结算价,862.50,1.47%,1878,2020-09-03 00:00:00,1,0,2024-07-20 12:27:53,0,2024-07-20 12:27:53,,,
2020-09-02,铁矿石,收盘价,854.50,0.95%,1879,2020-09-02 00:00:00,1,0,2024-07-20 12:27:53,0,2024-07-20 12:27:53,,,
2020-09-02,铁矿石,结算价,850.00,0.53%,1880,2020-09-02 00:00:00,1,0,2024-07-20 12:27:53,0,2024-07-20 12:27:53,,,
2020-09-01,铁矿石,收盘价,846.50,0.3%,1881,2020-09-01 00:00:00,1,0,2024-07-20 12:27:53,0,2024-07-20 12:27:53,,,
2020-09-01,铁矿石,结算价,845.50,0.12%,1882,2020-09-01 00:00:00,1,0,2024-07-20 12:27:53,0,2024-07-20 12:27:53,,,
2020-08-31,铁矿石,收盘价,844.00,1.38%,1883,2020-08-31 00:00:00,1,0,2024-07-20 12:27:53,0,2024-07-20 12:27:53,,,
2020-08-31,铁矿石,结算价,844.50,2.67%,1884,2020-08-31 00:00:00,1,0,2024-07-20 12:27:53,0,2024-07-20 12:27:53,,,
2020-08-28,铁矿石,收盘价,832.50,2.21%,1885,2020-08-28 00:00:00,1,0,2024-07-20 12:27:53,0,2024-07-20 12:27:53,,,
2020-08-28,铁矿石,结算价,822.50,0.18%,1886,2020-08-28 00:00:00,1,0,2024-07-20 12:27:53,0,2024-07-20 12:27:53,,,
2020-08-27,铁矿石,收盘价,814.50,-1.69%,1887,2020-08-27 00:00:00,1,0,2024-07-20 12:27:53,0,2024-07-20 12:27:53,,,
2020-08-27,铁矿石,结算价,821.00,0.37%,1888,2020-08-27 00:00:00,1,0,2024-07-20 12:27:53,0,2024-07-20 12:27:53,,,
2020-08-26,铁矿石,收盘价,828.50,1.84%,1889,2020-08-26 00:00:00,1,0,2024-07-20 12:27:53,0,2024-07-20 12:27:53,,,
2020-08-26,铁矿石,结算价,818.00,-0.55%,1890,2020-08-26 00:00:00,1,0,2024-07-20 12:27:53,0,2024-07-20 12:27:53,,,
2020-08-25,铁矿石,收盘价,813.50,-2.28%,1891,2020-08-25 00:00:00,1,0,2024-07-20 12:27:57,0,2024-07-20 12:27:57,,,
2020-08-25,铁矿石,结算价,822.50,-1.85%,1892,2020-08-25 00:00:00,1,0,2024-07-20 12:27:57,0,2024-07-20 12:27:57,,,
2020-08-24,铁矿石,收盘价,832.50,-1.07%,1893,2020-08-24 00:00:00,1,0,2024-07-20 12:27:57,0,2024-07-20 12:27:57,,,
2020-08-24,铁矿石,结算价,838.00,-1.18%,1894,2020-08-24 00:00:00,1,0,2024-07-20 12:27:57,0,2024-07-20 12:27:57,,,
2020-08-21,铁矿石,收盘价,841.50,-0.77%,1895,2020-08-21 00:00:00,1,0,2024-07-20 12:27:57,0,2024-07-20 12:27:57,,,
2020-08-21,铁矿石,结算价,848.00,-0.53%,1896,2020-08-21 00:00:00,1,0,2024-07-20 12:27:57,0,2024-07-20 12:27:57,,,
2020-08-20,铁矿石,收盘价,848.00,-1.05%,1897,2020-08-20 00:00:00,1,0,2024-07-20 12:27:57,0,2024-07-20 12:27:57,,,
2020-08-20,铁矿石,结算价,852.50,-0.87%,1898,2020-08-20 00:00:00,1,0,2024-07-20 12:27:57,0,2024-07-20 12:27:57,,,
2020-08-19,铁矿石,收盘价,857.00,-0.7%,1899,2020-08-19 00:00:00,1,0,2024-07-20 12:27:57,0,2024-07-20 12:27:57,,,
2020-08-19,铁矿石,结算价,860.00,1.24%,1900,2020-08-19 00:00:00,1,0,2024-07-20 12:27:57,0,2024-07-20 12:27:57,,,
2020-08-18,铁矿石,收盘价,863.00,3.42%,1901,2020-08-18 00:00:00,1,0,2024-07-20 12:27:57,0,2024-07-20 12:27:57,,,
2020-08-18,铁矿石,结算价,849.50,1.86%,1902,2020-08-18 00:00:00,1,0,2024-07-20 12:27:57,0,2024-07-20 12:27:57,,,
2020-08-17,铁矿石,收盘价,834.50,-0.54%,1903,2020-08-17 00:00:00,1,0,2024-07-20 12:27:57,0,2024-07-20 12:27:57,,,
2020-08-17,铁矿石,结算价,834.00,0.3%,1904,2020-08-17 00:00:00,1,0,2024-07-20 12:27:57,0,2024-07-20 12:27:57,,,
2020-08-14,铁矿石,收盘价,839.00,1.51%,1905,2020-08-14 00:00:00,1,0,2024-07-20 12:27:57,0,2024-07-20 12:27:57,,,
2020-08-14,铁矿石,结算价,831.50,0.91%,1906,2020-08-14 00:00:00,1,0,2024-07-20 12:27:57,0,2024-07-20 12:27:57,,,
2020-08-13,铁矿石,收盘价,826.50,-0.72%,1907,2020-08-13 00:00:00,1,0,2024-07-20 12:27:57,0,2024-07-20 12:27:57,,,
2020-08-13,铁矿石,结算价,824.00,0.55%,1908,2020-08-13 00:00:00,1,0,2024-07-20 12:27:57,0,2024-07-20 12:27:57,,,
2020-08-12,铁矿石,收盘价,832.50,-0.18%,1909,2020-08-12 00:00:00,1,0,2024-07-20 12:27:57,0,2024-07-20 12:27:57,,,
2020-08-12,铁矿石,结算价,819.50,-2.44%,1910,2020-08-12 00:00:00,1,0,2024-07-20 12:27:57,0,2024-07-20 12:27:57,,,
2020-08-11,铁矿石,收盘价,834.00,1.4%,1911,2020-08-11 00:00:00,1,0,2024-07-20 12:27:57,0,2024-07-20 12:27:57,,,
2020-08-11,铁矿石,结算价,840.00,3.07%,1912,2020-08-11 00:00:00,1,0,2024-07-20 12:27:57,0,2024-07-20 12:27:57,,,
2020-08-10,铁矿石,收盘价,822.50,-8.2%,1913,2020-08-10 00:00:00,1,0,2024-07-20 12:27:57,0,2024-07-20 12:27:57,,,
2020-08-10,铁矿石,结算价,815.00,-9.39%,1914,2020-08-10 00:00:00,1,0,2024-07-20 12:27:57,0,2024-07-20 12:27:57,,,
2020-08-07,铁矿石,收盘价,896.00,0.9%,1915,2020-08-07 00:00:00,1,0,2024-07-20 12:27:57,0,2024-07-20 12:27:57,,,
2020-08-07,铁矿石,结算价,899.50,1.7%,1916,2020-08-07 00:00:00,1,0,2024-07-20 12:27:57,0,2024-07-20 12:27:57,,,
2020-08-06,铁矿石,收盘价,888.00,0.%,1917,2020-08-06 00:00:00,1,0,2024-07-20 12:27:57,0,2024-07-20 12:27:57,,,
2020-08-06,铁矿石,结算价,884.50,0.%,1918,2020-08-06 00:00:00,1,0,2024-07-20 12:27:57,0,2024-07-20 12:27:57,,,
2020-08-05,铁矿石,收盘价,888.00,-0.22%,1919,2020-08-05 00:00:00,1,0,2024-07-20 12:27:57,0,2024-07-20 12:27:57,,,
2020-08-05,铁矿石,结算价,884.50,0.%,1920,2020-08-05 00:00:00,1,0,2024-07-20 12:27:57,0,2024-07-20 12:27:57,,,
2020-08-04,铁矿石,收盘价,890.00,1.95%,1921,2020-08-04 00:00:00,1,0,2024-07-20 12:28:00,0,2024-07-20 12:28:00,,,
2020-08-04,铁矿石,结算价,884.50,2.67%,1922,2020-08-04 00:00:00,1,0,2024-07-20 12:28:00,0,2024-07-20 12:28:00,,,
2020-08-03,铁矿石,收盘价,873.00,2.77%,1923,2020-08-03 00:00:00,1,0,2024-07-20 12:28:00,0,2024-07-20 12:28:00,,,
2020-08-03,铁矿石,结算价,861.50,2.87%,1924,2020-08-03 00:00:00,1,0,2024-07-20 12:28:00,0,2024-07-20 12:28:00,,,
2020-07-31,铁矿石,收盘价,849.50,1.13%,1925,2020-07-31 00:00:00,1,0,2024-07-20 12:28:00,0,2024-07-20 12:28:00,,,
2020-07-31,铁矿石,结算价,837.50,-0.12%,1926,2020-07-31 00:00:00,1,0,2024-07-20 12:28:00,0,2024-07-20 12:28:00,,,
2020-07-30,铁矿石,收盘价,840.00,-0.18%,1927,2020-07-30 00:00:00,1,0,2024-07-20 12:28:00,0,2024-07-20 12:28:00,,,
2020-07-30,铁矿石,结算价,838.50,0.84%,1928,2020-07-30 00:00:00,1,0,2024-07-20 12:28:00,0,2024-07-20 12:28:00,,,
2020-07-29,铁矿石,收盘价,841.50,2.62%,1929,2020-07-29 00:00:00,1,0,2024-07-20 12:28:00,0,2024-07-20 12:28:00,,,
2020-07-29,铁矿石,结算价,831.50,1.09%,1930,2020-07-29 00:00:00,1,0,2024-07-20 12:28:00,0,2024-07-20 12:28:00,,,
2020-07-28,铁矿石,收盘价,820.00,0.68%,1931,2020-07-28 00:00:00,1,0,2024-07-20 12:28:00,0,2024-07-20 12:28:00,,,
2020-07-28,铁矿石,结算价,822.50,0.18%,1932,2020-07-28 00:00:00,1,0,2024-07-20 12:28:00,0,2024-07-20 12:28:00,,,
2020-07-27,铁矿石,收盘价,814.50,-1.57%,1933,2020-07-27 00:00:00,1,0,2024-07-20 12:28:00,0,2024-07-20 12:28:00,,,
2020-07-27,铁矿石,结算价,821.00,-1.2%,1934,2020-07-27 00:00:00,1,0,2024-07-20 12:28:00,0,2024-07-20 12:28:00,,,
2020-07-24,铁矿石,收盘价,827.50,-2.13%,1935,2020-07-24 00:00:00,1,0,2024-07-20 12:28:00,0,2024-07-20 12:28:00,,,
2020-07-24,铁矿石,结算价,831.00,-1.71%,1936,2020-07-24 00:00:00,1,0,2024-07-20 12:28:00,0,2024-07-20 12:28:00,,,
2020-07-23,铁矿石,收盘价,845.50,0.48%,1937,2020-07-23 00:00:00,1,0,2024-07-20 12:28:00,0,2024-07-20 12:28:00,,,
2020-07-23,铁矿石,结算价,845.50,-0.29%,1938,2020-07-23 00:00:00,1,0,2024-07-20 12:28:00,0,2024-07-20 12:28:00,,,
2020-07-22,铁矿石,收盘价,841.50,0.06%,1939,2020-07-22 00:00:00,1,0,2024-07-20 12:28:00,0,2024-07-20 12:28:00,,,
2020-07-22,铁矿石,结算价,848.00,1.92%,1940,2020-07-22 00:00:00,1,0,2024-07-20 12:28:00,0,2024-07-20 12:28:00,,,
2020-07-21,铁矿石,收盘价,841.00,2.94%,1941,2020-07-21 00:00:00,1,0,2024-07-20 12:28:00,0,2024-07-20 12:28:00,,,
2020-07-21,铁矿石,结算价,832.00,1.65%,1942,2020-07-21 00:00:00,1,0,2024-07-20 12:28:00,0,2024-07-20 12:28:00,,,
2020-07-20,铁矿石,收盘价,817.00,-1.09%,1943,2020-07-20 00:00:00,1,0,2024-07-20 12:28:00,0,2024-07-20 12:28:00,,,
2020-07-20,铁矿石,结算价,818.50,-0.12%,1944,2020-07-20 00:00:00,1,0,2024-07-20 12:28:00,0,2024-07-20 12:28:00,,,
2020-07-17,铁矿石,收盘价,826.00,-0.06%,1945,2020-07-17 00:00:00,1,0,2024-07-20 12:28:00,0,2024-07-20 12:28:00,,,
2020-07-17,铁矿石,结算价,819.50,-1.21%,1946,2020-07-17 00:00:00,1,0,2024-07-20 12:28:00,0,2024-07-20 12:28:00,,,
2020-07-16,铁矿石,收盘价,826.50,-1.25%,1947,2020-07-16 00:00:00,1,0,2024-07-20 12:28:00,0,2024-07-20 12:28:00,,,
2020-07-16,铁矿石,结算价,829.50,-0.48%,1948,2020-07-16 00:00:00,1,0,2024-07-20 12:28:00,0,2024-07-20 12:28:00,,,
2020-07-15,铁矿石,收盘价,837.00,-0.18%,1949,2020-07-15 00:00:00,1,0,2024-07-20 12:28:00,0,2024-07-20 12:28:00,,,
2020-07-15,铁矿石,结算价,833.50,0.12%,1950,2020-07-15 00:00:00,1,0,2024-07-20 12:28:00,0,2024-07-20 12:28:00,,,
2020-07-14,铁矿石,收盘价,838.50,1.15%,1951,2020-07-14 00:00:00,1,0,2024-07-20 12:28:04,0,2024-07-20 12:28:04,,,
2020-07-14,铁矿石,结算价,832.50,1.71%,1952,2020-07-14 00:00:00,1,0,2024-07-20 12:28:04,0,2024-07-20 12:28:04,,,
2020-07-13,铁矿石,收盘价,829.00,4.87%,1953,2020-07-13 00:00:00,1,0,2024-07-20 12:28:04,0,2024-07-20 12:28:04,,,
2020-07-13,铁矿石,结算价,818.50,3.48%,1954,2020-07-13 00:00:00,1,0,2024-07-20 12:28:04,0,2024-07-20 12:28:04,,,
2020-07-10,铁矿石,收盘价,790.50,0.19%,1955,2020-07-10 00:00:00,1,0,2024-07-20 12:28:04,0,2024-07-20 12:28:04,,,
2020-07-10,铁矿石,结算价,791.00,0.%,1956,2020-07-10 00:00:00,1,0,2024-07-20 12:28:04,0,2024-07-20 12:28:04,,,
2020-07-09,铁矿石,收盘价,789.00,0.13%,1957,2020-07-09 00:00:00,1,0,2024-07-20 12:28:04,0,2024-07-20 12:28:04,,,
2020-07-09,铁矿石,结算价,791.00,1.28%,1958,2020-07-09 00:00:00,1,0,2024-07-20 12:28:04,0,2024-07-20 12:28:04,,,
2020-07-08,铁矿石,收盘价,788.00,2.74%,1959,2020-07-08 00:00:00,1,0,2024-07-20 12:28:04,0,2024-07-20 12:28:04,,,
2020-07-08,铁矿石,结算价,781.00,2.23%,1960,2020-07-08 00:00:00,1,0,2024-07-20 12:28:04,0,2024-07-20 12:28:04,,,
2020-07-07,铁矿石,收盘价,767.00,2.2%,1961,2020-07-07 00:00:00,1,0,2024-07-20 12:28:04,0,2024-07-20 12:28:04,,,
2020-07-07,铁矿石,结算价,764.00,2.28%,1962,2020-07-07 00:00:00,1,0,2024-07-20 12:28:04,0,2024-07-20 12:28:04,,,
2020-07-06,铁矿石,收盘价,750.50,0.54%,1963,2020-07-06 00:00:00,1,0,2024-07-20 12:28:04,0,2024-07-20 12:28:04,,,
2020-07-06,铁矿石,结算价,747.00,0.4%,1964,2020-07-06 00:00:00,1,0,2024-07-20 12:28:04,0,2024-07-20 12:28:04,,,
2020-07-03,铁矿石,收盘价,746.50,1.08%,1965,2020-07-03 00:00:00,1,0,2024-07-20 12:28:04,0,2024-07-20 12:28:04,,,
2020-07-03,铁矿石,结算价,744.00,0.34%,1966,2020-07-03 00:00:00,1,0,2024-07-20 12:28:04,0,2024-07-20 12:28:04,,,
2020-07-02,铁矿石,收盘价,738.50,-0.47%,1967,2020-07-02 00:00:00,1,0,2024-07-20 12:28:04,0,2024-07-20 12:28:04,,,
2020-07-02,铁矿石,结算价,741.50,0.%,1968,2020-07-02 00:00:00,1,0,2024-07-20 12:28:04,0,2024-07-20 12:28:04,,,
2020-07-01,铁矿石,收盘价,742.00,-0.34%,1969,2020-07-01 00:00:00,1,0,2024-07-20 12:28:04,0,2024-07-20 12:28:04,,,
2020-07-01,铁矿石,结算价,741.50,-0.34%,1970,2020-07-01 00:00:00,1,0,2024-07-20 12:28:04,0,2024-07-20 12:28:04,,,
2020-06-30,铁矿石,收盘价,744.50,1.15%,1971,2020-06-30 00:00:00,1,0,2024-07-20 12:28:04,0,2024-07-20 12:28:04,,,
2020-06-30,铁矿石,结算价,744.00,-0.53%,1972,2020-06-30 00:00:00,1,0,2024-07-20 12:28:04,0,2024-07-20 12:28:04,,,
2020-06-29,铁矿石,收盘价,736.00,-4.54%,1973,2020-06-29 00:00:00,1,0,2024-07-20 12:28:04,0,2024-07-20 12:28:04,,,
2020-06-29,铁矿石,结算价,748.00,-2.22%,1974,2020-06-29 00:00:00,1,0,2024-07-20 12:28:04,0,2024-07-20 12:28:04,,,
2020-06-24,铁矿石,收盘价,771.00,1.85%,1975,2020-06-24 00:00:00,1,0,2024-07-20 12:28:04,0,2024-07-20 12:28:04,,,
2020-06-24,铁矿石,结算价,765.00,1.26%,1976,2020-06-24 00:00:00,1,0,2024-07-20 12:28:04,0,2024-07-20 12:28:04,,,
2020-06-23,铁矿石,收盘价,757.00,0.46%,1977,2020-06-23 00:00:00,1,0,2024-07-20 12:28:04,0,2024-07-20 12:28:04,,,
2020-06-23,铁矿石,结算价,755.50,-0.53%,1978,2020-06-23 00:00:00,1,0,2024-07-20 12:28:04,0,2024-07-20 12:28:04,,,
2020-06-22,铁矿石,收盘价,753.50,-1.89%,1979,2020-06-22 00:00:00,1,0,2024-07-20 12:28:04,0,2024-07-20 12:28:04,,,
2020-06-22,铁矿石,结算价,759.50,-1.43%,1980,2020-06-22 00:00:00,1,0,2024-07-20 12:28:04,0,2024-07-20 12:28:04,,,
2020-06-19,铁矿石,收盘价,768.00,0.39%,1981,2020-06-19 00:00:00,1,0,2024-07-20 12:28:07,0,2024-07-20 12:28:07,,,
2020-06-19,铁矿石,结算价,770.50,0.46%,1982,2020-06-19 00:00:00,1,0,2024-07-20 12:28:07,0,2024-07-20 12:28:07,,,
2020-06-18,铁矿石,收盘价,765.00,-0.2%,1983,2020-06-18 00:00:00,1,0,2024-07-20 12:28:07,0,2024-07-20 12:28:07,,,
2020-06-18,铁矿石,结算价,767.00,-0.78%,1984,2020-06-18 00:00:00,1,0,2024-07-20 12:28:07,0,2024-07-20 12:28:07,,,
2020-06-17,铁矿石,收盘价,766.50,-1.86%,1985,2020-06-17 00:00:00,1,0,2024-07-20 12:28:07,0,2024-07-20 12:28:07,,,
2020-06-17,铁矿石,结算价,773.00,-0.39%,1986,2020-06-17 00:00:00,1,0,2024-07-20 12:28:07,0,2024-07-20 12:28:07,,,
2020-06-16,铁矿石,收盘价,781.00,2.43%,1987,2020-06-16 00:00:00,1,0,2024-07-20 12:28:07,0,2024-07-20 12:28:07,,,
2020-06-16,铁矿石,结算价,776.00,0.39%,1988,2020-06-16 00:00:00,1,0,2024-07-20 12:28:07,0,2024-07-20 12:28:07,,,
2020-06-15,铁矿石,收盘价,762.50,-1.87%,1989,2020-06-15 00:00:00,1,0,2024-07-20 12:28:07,0,2024-07-20 12:28:07,,,
2020-06-15,铁矿石,结算价,773.00,1.38%,1990,2020-06-15 00:00:00,1,0,2024-07-20 12:28:07,0,2024-07-20 12:28:07,,,
2020-06-12,铁矿石,收盘价,777.00,2.37%,1991,2020-06-12 00:00:00,1,0,2024-07-20 12:28:07,0,2024-07-20 12:28:07,,,
2020-06-12,铁矿石,结算价,762.50,0.%,1992,2020-06-12 00:00:00,1,0,2024-07-20 12:28:07,0,2024-07-20 12:28:07,,,
2020-06-11,铁矿石,收盘价,759.00,-0.07%,1993,2020-06-11 00:00:00,1,0,2024-07-20 12:28:07,0,2024-07-20 12:28:07,,,
2020-06-11,铁矿石,结算价,762.50,-0.13%,1994,2020-06-11 00:00:00,1,0,2024-07-20 12:28:07,0,2024-07-20 12:28:07,,,
2020-06-10,铁矿石,收盘价,759.50,-1.3%,1995,2020-06-10 00:00:00,1,0,2024-07-20 12:28:07,0,2024-07-20 12:28:07,,,
2020-06-10,铁矿石,结算价,763.50,-0.91%,1996,2020-06-10 00:00:00,1,0,2024-07-20 12:28:07,0,2024-07-20 12:28:07,,,
2020-06-09,铁矿石,收盘价,769.50,-1.72%,1997,2020-06-09 00:00:00,1,0,2024-07-20 12:28:07,0,2024-07-20 12:28:07,,,
2020-06-09,铁矿石,结算价,770.50,-0.9%,1998,2020-06-09 00:00:00,1,0,2024-07-20 12:28:07,0,2024-07-20 12:28:07,,,
2020-06-08,铁矿石,收盘价,783.00,4.96%,1999,2020-06-08 00:00:00,1,0,2024-07-20 12:28:07,0,2024-07-20 12:28:07,,,
2020-06-08,铁矿石,结算价,777.50,4.78%,2000,2020-06-08 00:00:00,1,0,2024-07-20 12:28:07,0,2024-07-20 12:28:07,,,
2020-06-05,铁矿石,收盘价,746.00,1.22%,2001,2020-06-05 00:00:00,1,0,2024-07-20 12:28:07,0,2024-07-20 12:28:07,,,
2020-06-05,铁矿石,结算价,742.00,-1.46%,2002,2020-06-05 00:00:00,1,0,2024-07-20 12:28:07,0,2024-07-20 12:28:07,,,
2020-06-04,铁矿石,收盘价,737.00,-2.38%,2003,2020-06-04 00:00:00,1,0,2024-07-20 12:28:07,0,2024-07-20 12:28:07,,,
2020-06-04,铁矿石,结算价,753.00,0.%,2004,2020-06-04 00:00:00,1,0,2024-07-20 12:28:07,0,2024-07-20 12:28:07,,,
2020-06-03,铁矿石,收盘价,755.00,-0.26%,2005,2020-06-03 00:00:00,1,0,2024-07-20 12:28:07,0,2024-07-20 12:28:07,,,
2020-06-03,铁矿石,结算价,753.00,0.13%,2006,2020-06-03 00:00:00,1,0,2024-07-20 12:28:07,0,2024-07-20 12:28:07,,,
2020-06-02,铁矿石,收盘价,757.00,0.6%,2007,2020-06-02 00:00:00,1,0,2024-07-20 12:28:07,0,2024-07-20 12:28:07,,,
2020-06-02,铁矿石,结算价,752.00,-0.59%,2008,2020-06-02 00:00:00,1,0,2024-07-20 12:28:07,0,2024-07-20 12:28:07,,,
2020-06-01,铁矿石,收盘价,752.50,0.07%,2009,2020-06-01 00:00:00,1,0,2024-07-20 12:28:07,0,2024-07-20 12:28:07,,,
2020-06-01,铁矿石,结算价,756.50,3.77%,2010,2020-06-01 00:00:00,1,0,2024-07-20 12:28:07,0,2024-07-20 12:28:07,,,
2020-05-29,铁矿石,收盘价,752.00,5.84%,2011,2020-05-29 00:00:00,1,0,2024-07-20 12:28:11,0,2024-07-20 12:28:11,,,
2020-05-29,铁矿石,结算价,729.00,3.18%,2012,2020-05-29 00:00:00,1,0,2024-07-20 12:28:11,0,2024-07-20 12:28:11,,,
2020-05-28,铁矿石,收盘价,710.50,0.64%,2013,2020-05-28 00:00:00,1,0,2024-07-20 12:28:11,0,2024-07-20 12:28:11,,,
2020-05-28,铁矿石,结算价,706.50,1.44%,2014,2020-05-28 00:00:00,1,0,2024-07-20 12:28:11,0,2024-07-20 12:28:11,,,
2020-05-27,铁矿石,收盘价,706.00,1.07%,2015,2020-05-27 00:00:00,1,0,2024-07-20 12:28:11,0,2024-07-20 12:28:11,,,
2020-05-27,铁矿石,结算价,696.50,-1.42%,2016,2020-05-27 00:00:00,1,0,2024-07-20 12:28:11,0,2024-07-20 12:28:11,,,
2020-05-26,铁矿石,收盘价,698.50,-3.19%,2017,2020-05-26 00:00:00,1,0,2024-07-20 12:28:11,0,2024-07-20 12:28:11,,,
2020-05-26,铁矿石,结算价,706.50,-1.88%,2018,2020-05-26 00:00:00,1,0,2024-07-20 12:28:11,0,2024-07-20 12:28:11,,,
2020-05-25,铁矿石,收盘价,721.50,0.7%,2019,2020-05-25 00:00:00,1,0,2024-07-20 12:28:11,0,2024-07-20 12:28:11,,,
2020-05-25,铁矿石,结算价,720.00,-0.41%,2020,2020-05-25 00:00:00,1,0,2024-07-20 12:28:11,0,2024-07-20 12:28:11,,,
2020-05-22,铁矿石,收盘价,716.50,-0.76%,2021,2020-05-22 00:00:00,1,0,2024-07-20 12:28:11,0,2024-07-20 12:28:11,,,
2020-05-22,铁矿石,结算价,723.00,1.69%,2022,2020-05-22 00:00:00,1,0,2024-07-20 12:28:11,0,2024-07-20 12:28:11,,,
2020-05-21,铁矿石,收盘价,722.00,2.48%,2023,2020-05-21 00:00:00,1,0,2024-07-20 12:28:11,0,2024-07-20 12:28:11,,,
2020-05-21,铁矿石,结算价,711.00,0.49%,2024,2020-05-21 00:00:00,1,0,2024-07-20 12:28:11,0,2024-07-20 12:28:11,,,
2020-05-20,铁矿石,收盘价,704.50,-0.91%,2025,2020-05-20 00:00:00,1,0,2024-07-20 12:28:11,0,2024-07-20 12:28:11,,,
2020-05-20,铁矿石,结算价,707.50,1.36%,2026,2020-05-20 00:00:00,1,0,2024-07-20 12:28:11,0,2024-07-20 12:28:11,,,
2020-05-19,铁矿石,收盘价,711.00,2.82%,2027,2020-05-19 00:00:00,1,0,2024-07-20 12:28:11,0,2024-07-20 12:28:11,,,
2020-05-19,铁矿石,结算价,698.00,1.75%,2028,2020-05-19 00:00:00,1,0,2024-07-20 12:28:11,0,2024-07-20 12:28:11,,,
2020-05-18,铁矿石,收盘价,691.50,6.8%,2029,2020-05-18 00:00:00,1,0,2024-07-20 12:28:11,0,2024-07-20 12:28:11,,,
2020-05-18,铁矿石,结算价,686.00,6.11%,2030,2020-05-18 00:00:00,1,0,2024-07-20 12:28:11,0,2024-07-20 12:28:11,,,
2020-05-15,铁矿石,收盘价,647.50,0.%,2031,2020-05-15 00:00:00,1,0,2024-07-20 12:28:11,0,2024-07-20 12:28:11,,,
2020-05-15,铁矿石,结算价,646.50,0.%,2032,2020-05-15 00:00:00,1,0,2024-07-20 12:28:11,0,2024-07-20 12:28:11,,,
2020-05-14,铁矿石,收盘价,647.50,0.31%,2033,2020-05-14 00:00:00,1,0,2024-07-20 12:28:11,0,2024-07-20 12:28:11,,,
2020-05-14,铁矿石,结算价,646.50,0.94%,2034,2020-05-14 00:00:00,1,0,2024-07-20 12:28:11,0,2024-07-20 12:28:11,,,
2020-05-13,铁矿石,收盘价,645.50,1.18%,2035,2020-05-13 00:00:00,1,0,2024-07-20 12:28:11,0,2024-07-20 12:28:11,,,
2020-05-13,铁矿石,结算价,640.50,1.34%,2036,2020-05-13 00:00:00,1,0,2024-07-20 12:28:11,0,2024-07-20 12:28:11,,,
2020-05-12,铁矿石,收盘价,638.00,1.27%,2037,2020-05-12 00:00:00,1,0,2024-07-20 12:28:11,0,2024-07-20 12:28:11,,,
2020-05-12,铁矿石,结算价,632.00,0.%,2038,2020-05-12 00:00:00,1,0,2024-07-20 12:28:11,0,2024-07-20 12:28:11,,,
2020-05-11,铁矿石,收盘价,630.00,-0.47%,2039,2020-05-11 00:00:00,1,0,2024-07-20 12:28:11,0,2024-07-20 12:28:11,,,
2020-05-11,铁矿石,结算价,632.00,0.%,2040,2020-05-11 00:00:00,1,0,2024-07-20 12:28:11,0,2024-07-20 12:28:11,,,
2020-05-08,铁矿石,收盘价,633.00,1.61%,2041,2020-05-08 00:00:00,1,0,2024-07-20 12:28:15,0,2024-07-20 12:28:15,,,
2020-05-08,铁矿石,结算价,632.00,2.43%,2042,2020-05-08 00:00:00,1,0,2024-07-20 12:28:15,0,2024-07-20 12:28:15,,,
2020-05-07,铁矿石,收盘价,623.00,2.05%,2043,2020-05-07 00:00:00,1,0,2024-07-20 12:28:15,0,2024-07-20 12:28:15,,,
2020-05-07,铁矿石,结算价,617.00,0.98%,2044,2020-05-07 00:00:00,1,0,2024-07-20 12:28:15,0,2024-07-20 12:28:15,,,
2020-05-06,铁矿石,收盘价,610.50,0.08%,2045,2020-05-06 00:00:00,1,0,2024-07-20 12:28:15,0,2024-07-20 12:28:15,,,
2020-05-06,铁矿石,结算价,611.00,0.66%,2046,2020-05-06 00:00:00,1,0,2024-07-20 12:28:15,0,2024-07-20 12:28:15,,,
2020-04-30,铁矿石,收盘价,610.00,2.43%,2047,2020-04-30 00:00:00,1,0,2024-07-20 12:28:15,0,2024-07-20 12:28:15,,,
2020-04-30,铁矿石,结算价,607.00,2.02%,2048,2020-04-30 00:00:00,1,0,2024-07-20 12:28:15,0,2024-07-20 12:28:15,,,
2020-04-29,铁矿石,收盘价,595.50,0.17%,2049,2020-04-29 00:00:00,1,0,2024-07-20 12:28:15,0,2024-07-20 12:28:15,,,
2020-04-29,铁矿石,结算价,595.00,-0.67%,2050,2020-04-29 00:00:00,1,0,2024-07-20 12:28:15,0,2024-07-20 12:28:15,,,
2020-04-28,铁矿石,收盘价,594.50,-1.25%,2051,2020-04-28 00:00:00,1,0,2024-07-20 12:28:15,0,2024-07-20 12:28:15,,,
2020-04-28,铁矿石,结算价,599.00,-0.99%,2052,2020-04-28 00:00:00,1,0,2024-07-20 12:28:15,0,2024-07-20 12:28:15,,,
2020-04-27,铁矿石,收盘价,602.00,-0.82%,2053,2020-04-27 00:00:00,1,0,2024-07-20 12:28:15,0,2024-07-20 12:28:15,,,
2020-04-27,铁矿石,结算价,605.00,-0.33%,2054,2020-04-27 00:00:00,1,0,2024-07-20 12:28:15,0,2024-07-20 12:28:15,,,
2020-04-24,铁矿石,收盘价,607.00,0.41%,2055,2020-04-24 00:00:00,1,0,2024-07-20 12:28:15,0,2024-07-20 12:28:15,,,
2020-04-24,铁矿石,结算价,607.00,-0.41%,2056,2020-04-24 00:00:00,1,0,2024-07-20 12:28:15,0,2024-07-20 12:28:15,,,
2020-04-23,铁矿石,收盘价,604.50,-1.39%,2057,2020-04-23 00:00:00,1,0,2024-07-20 12:28:15,0,2024-07-20 12:28:15,,,
2020-04-23,铁矿石,结算价,609.50,0.99%,2058,2020-04-23 00:00:00,1,0,2024-07-20 12:28:15,0,2024-07-20 12:28:15,,,
2020-04-22,铁矿石,收盘价,613.00,1.83%,2059,2020-04-22 00:00:00,1,0,2024-07-20 12:28:15,0,2024-07-20 12:28:15,,,
2020-04-22,铁矿石,结算价,603.50,-0.41%,2060,2020-04-22 00:00:00,1,0,2024-07-20 12:28:15,0,2024-07-20 12:28:15,,,
2020-04-21,铁矿石,收盘价,602.00,-2.9%,2061,2020-04-21 00:00:00,1,0,2024-07-20 12:28:15,0,2024-07-20 12:28:15,,,
2020-04-21,铁矿石,结算价,606.00,-2.18%,2062,2020-04-21 00:00:00,1,0,2024-07-20 12:28:15,0,2024-07-20 12:28:15,,,
2020-04-20,铁矿石,收盘价,620.00,1.31%,2063,2020-04-20 00:00:00,1,0,2024-07-20 12:28:15,0,2024-07-20 12:28:15,,,
2020-04-20,铁矿石,结算价,619.50,0.98%,2064,2020-04-20 00:00:00,1,0,2024-07-20 12:28:15,0,2024-07-20 12:28:15,,,
2020-04-17,铁矿石,收盘价,612.00,0.99%,2065,2020-04-17 00:00:00,1,0,2024-07-20 12:28:15,0,2024-07-20 12:28:15,,,
2020-04-17,铁矿石,结算价,613.50,1.57%,2066,2020-04-17 00:00:00,1,0,2024-07-20 12:28:15,0,2024-07-20 12:28:15,,,
2020-04-16,铁矿石,收盘价,606.00,-0.08%,2067,2020-04-16 00:00:00,1,0,2024-07-20 12:28:15,0,2024-07-20 12:28:15,,,
2020-04-16,铁矿石,结算价,604.00,-0.66%,2068,2020-04-16 00:00:00,1,0,2024-07-20 12:28:15,0,2024-07-20 12:28:15,,,
2020-04-15,铁矿石,收盘价,606.50,0.%,2069,2020-04-15 00:00:00,1,0,2024-07-20 12:28:15,0,2024-07-20 12:28:15,,,
2020-04-15,铁矿石,结算价,608.00,0.5%,2070,2020-04-15 00:00:00,1,0,2024-07-20 12:28:15,0,2024-07-20 12:28:15,,,
2020-04-14,铁矿石,收盘价,606.50,1.76%,2071,2020-04-14 00:00:00,1,0,2024-07-20 12:28:19,0,2024-07-20 12:28:19,,,
2020-04-14,铁矿石,结算价,605.00,0.92%,2072,2020-04-14 00:00:00,1,0,2024-07-20 12:28:19,0,2024-07-20 12:28:19,,,
2020-04-13,铁矿石,收盘价,596.00,-0.58%,2073,2020-04-13 00:00:00,1,0,2024-07-20 12:28:19,0,2024-07-20 12:28:19,,,
2020-04-13,铁矿石,结算价,599.50,0.5%,2074,2020-04-13 00:00:00,1,0,2024-07-20 12:28:19,0,2024-07-20 12:28:19,,,
2020-04-10,铁矿石,收盘价,599.50,0.33%,2075,2020-04-10 00:00:00,1,0,2024-07-20 12:28:19,0,2024-07-20 12:28:19,,,
2020-04-10,铁矿石,结算价,596.50,0.68%,2076,2020-04-10 00:00:00,1,0,2024-07-20 12:28:19,0,2024-07-20 12:28:19,,,
2020-04-09,铁矿石,收盘价,597.50,2.31%,2077,2020-04-09 00:00:00,1,0,2024-07-20 12:28:19,0,2024-07-20 12:28:19,,,
2020-04-09,铁矿石,结算价,592.50,2.42%,2078,2020-04-09 00:00:00,1,0,2024-07-20 12:28:19,0,2024-07-20 12:28:19,,,
2020-04-08,铁矿石,收盘价,584.00,2.55%,2079,2020-04-08 00:00:00,1,0,2024-07-20 12:28:19,0,2024-07-20 12:28:19,,,
2020-04-08,铁矿石,结算价,578.50,2.03%,2080,2020-04-08 00:00:00,1,0,2024-07-20 12:28:19,0,2024-07-20 12:28:19,,,
2020-04-07,铁矿石,收盘价,569.50,0.26%,2081,2020-04-07 00:00:00,1,0,2024-07-20 12:28:19,0,2024-07-20 12:28:19,,,
2020-04-07,铁矿石,结算价,567.00,-0.35%,2082,2020-04-07 00:00:00,1,0,2024-07-20 12:28:19,0,2024-07-20 12:28:19,,,
2020-04-03,铁矿石,收盘价,568.00,-1.65%,2083,2020-04-03 00:00:00,1,0,2024-07-20 12:28:19,0,2024-07-20 12:28:19,,,
2020-04-03,铁矿石,结算价,569.00,1.61%,2084,2020-04-03 00:00:00,1,0,2024-07-20 12:28:19,0,2024-07-20 12:28:19,,,
2020-04-02,铁矿石,收盘价,577.50,3.59%,2085,2020-04-02 00:00:00,1,0,2024-07-20 12:28:19,0,2024-07-20 12:28:19,,,
2020-04-02,铁矿石,结算价,560.00,-0.27%,2086,2020-04-02 00:00:00,1,0,2024-07-20 12:28:19,0,2024-07-20 12:28:19,,,
2020-04-01,铁矿石,收盘价,557.50,-2.96%,2087,2020-04-01 00:00:00,1,0,2024-07-20 12:28:19,0,2024-07-20 12:28:19,,,
2020-04-01,铁矿石,结算价,561.50,-2.01%,2088,2020-04-01 00:00:00,1,0,2024-07-20 12:28:19,0,2024-07-20 12:28:19,,,
2020-03-31,铁矿石,收盘价,574.50,-11.%,2089,2020-03-31 00:00:00,1,0,2024-07-20 12:28:19,0,2024-07-20 12:28:19,,,
2020-03-31,铁矿石,结算价,573.00,-11.16%,2090,2020-03-31 00:00:00,1,0,2024-07-20 12:28:19,0,2024-07-20 12:28:19,,,
2020-03-30,铁矿石,收盘价,645.50,-2.05%,2091,2020-03-30 00:00:00,1,0,2024-07-20 12:28:19,0,2024-07-20 12:28:19,,,
2020-03-30,铁矿石,结算价,645.00,-2.35%,2092,2020-03-30 00:00:00,1,0,2024-07-20 12:28:19,0,2024-07-20 12:28:19,,,
2020-03-27,铁矿石,收盘价,659.00,-0.45%,2093,2020-03-27 00:00:00,1,0,2024-07-20 12:28:19,0,2024-07-20 12:28:19,,,
2020-03-27,铁矿石,结算价,660.50,0.08%,2094,2020-03-27 00:00:00,1,0,2024-07-20 12:28:19,0,2024-07-20 12:28:19,,,
2020-03-26,铁矿石,收盘价,662.00,-0.45%,2095,2020-03-26 00:00:00,1,0,2024-07-20 12:28:19,0,2024-07-20 12:28:19,,,
2020-03-26,铁矿石,结算价,660.00,0.38%,2096,2020-03-26 00:00:00,1,0,2024-07-20 12:28:19,0,2024-07-20 12:28:19,,,
2020-03-25,铁矿石,收盘价,665.00,3.99%,2097,2020-03-25 00:00:00,1,0,2024-07-20 12:28:19,0,2024-07-20 12:28:19,,,
2020-03-25,铁矿石,结算价,657.50,3.87%,2098,2020-03-25 00:00:00,1,0,2024-07-20 12:28:19,0,2024-07-20 12:28:19,,,
2020-03-24,铁矿石,收盘价,639.50,1.67%,2099,2020-03-24 00:00:00,1,0,2024-07-20 12:28:19,0,2024-07-20 12:28:19,,,
2020-03-24,铁矿石,结算价,633.00,-0.86%,2100,2020-03-24 00:00:00,1,0,2024-07-20 12:28:19,0,2024-07-20 12:28:19,,,
2020-03-23,铁矿石,收盘价,629.00,-4.91%,2101,2020-03-23 00:00:00,1,0,2024-07-20 12:28:22,0,2024-07-20 12:28:22,,,
2020-03-23,铁矿石,结算价,638.50,-4.56%,2102,2020-03-23 00:00:00,1,0,2024-07-20 12:28:22,0,2024-07-20 12:28:22,,,
2020-03-20,铁矿石,收盘价,661.50,-2.43%,2103,2020-03-20 00:00:00,1,0,2024-07-20 12:28:22,0,2024-07-20 12:28:22,,,
2020-03-20,铁矿石,结算价,669.00,1.67%,2104,2020-03-20 00:00:00,1,0,2024-07-20 12:28:22,0,2024-07-20 12:28:22,,,
2020-03-19,铁矿石,收盘价,678.00,0.3%,2105,2020-03-19 00:00:00,1,0,2024-07-20 12:28:22,0,2024-07-20 12:28:22,,,
2020-03-19,铁矿石,结算价,658.00,-2.95%,2106,2020-03-19 00:00:00,1,0,2024-07-20 12:28:22,0,2024-07-20 12:28:22,,,
2020-03-18,铁矿石,收盘价,676.00,0.75%,2107,2020-03-18 00:00:00,1,0,2024-07-20 12:28:22,0,2024-07-20 12:28:22,,,
2020-03-18,铁矿石,结算价,678.00,1.95%,2108,2020-03-18 00:00:00,1,0,2024-07-20 12:28:22,0,2024-07-20 12:28:22,,,
2020-03-17,铁矿石,收盘价,671.00,1.44%,2109,2020-03-17 00:00:00,1,0,2024-07-20 12:28:22,0,2024-07-20 12:28:22,,,
2020-03-17,铁矿石,结算价,665.00,0.%,2110,2020-03-17 00:00:00,1,0,2024-07-20 12:28:22,0,2024-07-20 12:28:22,,,
2020-03-16,铁矿石,收盘价,661.50,-2.22%,2111,2020-03-16 00:00:00,1,0,2024-07-20 12:28:22,0,2024-07-20 12:28:22,,,
2020-03-16,铁矿石,结算价,665.00,1.06%,2112,2020-03-16 00:00:00,1,0,2024-07-20 12:28:22,0,2024-07-20 12:28:22,,,
2020-03-13,铁矿石,收盘价,676.50,2.04%,2113,2020-03-13 00:00:00,1,0,2024-07-20 12:28:22,0,2024-07-20 12:28:22,,,
2020-03-13,铁矿石,结算价,658.00,0.08%,2114,2020-03-13 00:00:00,1,0,2024-07-20 12:28:22,0,2024-07-20 12:28:22,,,
2020-03-12,铁矿石,收盘价,663.00,1.45%,2115,2020-03-12 00:00:00,1,0,2024-07-20 12:28:22,0,2024-07-20 12:28:22,,,
2020-03-12,铁矿石,结算价,657.50,-0.6%,2116,2020-03-12 00:00:00,1,0,2024-07-20 12:28:22,0,2024-07-20 12:28:22,,,
2020-03-11,铁矿石,收盘价,653.50,-1.36%,2117,2020-03-11 00:00:00,1,0,2024-07-20 12:28:22,0,2024-07-20 12:28:22,,,
2020-03-11,铁矿石,结算价,661.50,1.22%,2118,2020-03-11 00:00:00,1,0,2024-07-20 12:28:22,0,2024-07-20 12:28:22,,,
2020-03-10,铁矿石,收盘价,662.50,3.52%,2119,2020-03-10 00:00:00,1,0,2024-07-20 12:28:22,0,2024-07-20 12:28:22,,,
2020-03-10,铁矿石,结算价,653.50,3.48%,2120,2020-03-10 00:00:00,1,0,2024-07-20 12:28:22,0,2024-07-20 12:28:22,,,
2020-03-09,铁矿石,收盘价,640.00,-1.54%,2121,2020-03-09 00:00:00,1,0,2024-07-20 12:28:22,0,2024-07-20 12:28:22,,,
2020-03-09,铁矿石,结算价,631.50,-4.03%,2122,2020-03-09 00:00:00,1,0,2024-07-20 12:28:22,0,2024-07-20 12:28:22,,,
2020-03-06,铁矿石,收盘价,650.00,-2.33%,2123,2020-03-06 00:00:00,1,0,2024-07-20 12:28:22,0,2024-07-20 12:28:22,,,
2020-03-06,铁矿石,结算价,658.00,-0.98%,2124,2020-03-06 00:00:00,1,0,2024-07-20 12:28:22,0,2024-07-20 12:28:22,,,
2020-03-05,铁矿石,收盘价,665.50,0.83%,2125,2020-03-05 00:00:00,1,0,2024-07-20 12:28:22,0,2024-07-20 12:28:22,,,
2020-03-05,铁矿石,结算价,664.50,2.%,2126,2020-03-05 00:00:00,1,0,2024-07-20 12:28:22,0,2024-07-20 12:28:22,,,
2020-03-04,铁矿石,收盘价,660.00,2.4%,2127,2020-03-04 00:00:00,1,0,2024-07-20 12:28:22,0,2024-07-20 12:28:22,,,
2020-03-04,铁矿石,结算价,651.50,-0.38%,2128,2020-03-04 00:00:00,1,0,2024-07-20 12:28:22,0,2024-07-20 12:28:22,,,
2020-03-03,铁矿石,收盘价,644.50,-1.3%,2129,2020-03-03 00:00:00,1,0,2024-07-20 12:28:22,0,2024-07-20 12:28:22,,,
2020-03-03,铁矿石,结算价,654.00,2.35%,2130,2020-03-03 00:00:00,1,0,2024-07-20 12:28:22,0,2024-07-20 12:28:22,,,
2020-03-02,铁矿石,收盘价,653.00,5.92%,2131,2020-03-02 00:00:00,1,0,2024-07-20 12:28:25,0,2024-07-20 12:28:25,,,
2020-03-02,铁矿石,结算价,639.00,3.57%,2132,2020-03-02 00:00:00,1,0,2024-07-20 12:28:25,0,2024-07-20 12:28:25,,,
2020-02-28,铁矿石,收盘价,616.50,-2.61%,2133,2020-02-28 00:00:00,1,0,2024-07-20 12:28:25,0,2024-07-20 12:28:25,,,
2020-02-28,铁矿石,结算价,617.00,-2.99%,2134,2020-02-28 00:00:00,1,0,2024-07-20 12:28:25,0,2024-07-20 12:28:25,,,
2020-02-27,铁矿石,收盘价,633.00,-2.09%,2135,2020-02-27 00:00:00,1,0,2024-07-20 12:28:25,0,2024-07-20 12:28:25,,,
2020-02-27,铁矿石,结算价,636.00,-3.12%,2136,2020-02-27 00:00:00,1,0,2024-07-20 12:28:25,0,2024-07-20 12:28:25,,,
2020-02-26,铁矿石,收盘价,646.50,-3.87%,2137,2020-02-26 00:00:00,1,0,2024-07-20 12:28:25,0,2024-07-20 12:28:25,,,
2020-02-26,铁矿石,结算价,656.50,-1.28%,2138,2020-02-26 00:00:00,1,0,2024-07-20 12:28:25,0,2024-07-20 12:28:25,,,
2020-02-25,铁矿石,收盘价,672.50,-0.22%,2139,2020-02-25 00:00:00,1,0,2024-07-20 12:28:25,0,2024-07-20 12:28:25,,,
2020-02-25,铁矿石,结算价,665.00,-1.63%,2140,2020-02-25 00:00:00,1,0,2024-07-20 12:28:25,0,2024-07-20 12:28:25,,,
2020-02-24,铁矿石,收盘价,674.00,-0.22%,2141,2020-02-24 00:00:00,1,0,2024-07-20 12:28:25,0,2024-07-20 12:28:25,,,
2020-02-24,铁矿石,结算价,676.00,0.9%,2142,2020-02-24 00:00:00,1,0,2024-07-20 12:28:25,0,2024-07-20 12:28:25,,,
2020-02-21,铁矿石,收盘价,675.50,1.27%,2143,2020-02-21 00:00:00,1,0,2024-07-20 12:28:25,0,2024-07-20 12:28:25,,,
2020-02-21,铁矿石,结算价,670.00,1.98%,2144,2020-02-21 00:00:00,1,0,2024-07-20 12:28:25,0,2024-07-20 12:28:25,,,
2020-02-20,铁矿石,收盘价,667.00,3.33%,2145,2020-02-20 00:00:00,1,0,2024-07-20 12:28:25,0,2024-07-20 12:28:25,,,
2020-02-20,铁矿石,结算价,657.00,2.66%,2146,2020-02-20 00:00:00,1,0,2024-07-20 12:28:25,0,2024-07-20 12:28:25,,,
2020-02-19,铁矿石,收盘价,645.50,0.94%,2147,2020-02-19 00:00:00,1,0,2024-07-20 12:28:25,0,2024-07-20 12:28:25,,,
2020-02-19,铁矿石,结算价,640.00,0.23%,2148,2020-02-19 00:00:00,1,0,2024-07-20 12:28:25,0,2024-07-20 12:28:25,,,
2020-02-18,铁矿石,收盘价,639.50,0.%,2149,2020-02-18 00:00:00,1,0,2024-07-20 12:28:25,0,2024-07-20 12:28:25,,,
2020-02-18,铁矿石,结算价,638.50,1.27%,2150,2020-02-18 00:00:00,1,0,2024-07-20 12:28:25,0,2024-07-20 12:28:25,,,
2020-02-17,铁矿石,收盘价,639.50,1.75%,2151,2020-02-17 00:00:00,1,0,2024-07-20 12:28:25,0,2024-07-20 12:28:25,,,
2020-02-17,铁矿石,结算价,630.50,1.2%,2152,2020-02-17 00:00:00,1,0,2024-07-20 12:28:25,0,2024-07-20 12:28:25,,,
2020-02-14,铁矿石,收盘价,628.50,0.64%,2153,2020-02-14 00:00:00,1,0,2024-07-20 12:28:25,0,2024-07-20 12:28:25,,,
2020-02-14,铁矿石,结算价,623.00,0.08%,2154,2020-02-14 00:00:00,1,0,2024-07-20 12:28:25,0,2024-07-20 12:28:25,,,
2020-02-13,铁矿石,收盘价,624.50,0.81%,2155,2020-02-13 00:00:00,1,0,2024-07-20 12:28:25,0,2024-07-20 12:28:25,,,
2020-02-13,铁矿石,结算价,622.50,1.3%,2156,2020-02-13 00:00:00,1,0,2024-07-20 12:28:25,0,2024-07-20 12:28:25,,,
2020-02-12,铁矿石,收盘价,619.50,2.31%,2157,2020-02-12 00:00:00,1,0,2024-07-20 12:28:25,0,2024-07-20 12:28:25,,,
2020-02-12,铁矿石,结算价,614.50,2.33%,2158,2020-02-12 00:00:00,1,0,2024-07-20 12:28:25,0,2024-07-20 12:28:25,,,
2020-02-11,铁矿石,收盘价,605.50,4.13%,2159,2020-02-11 00:00:00,1,0,2024-07-20 12:28:25,0,2024-07-20 12:28:25,,,
2020-02-11,铁矿石,结算价,600.50,3.53%,2160,2020-02-11 00:00:00,1,0,2024-07-20 12:28:25,0,2024-07-20 12:28:25,,,
2020-02-10,铁矿石,收盘价,581.50,-0.94%,2161,2020-02-10 00:00:00,1,0,2024-07-20 12:28:29,0,2024-07-20 12:28:29,,,
2020-02-10,铁矿石,结算价,580.00,-0.94%,2162,2020-02-10 00:00:00,1,0,2024-07-20 12:28:29,0,2024-07-20 12:28:29,,,
2020-02-07,铁矿石,收盘价,587.00,-0.51%,2163,2020-02-07 00:00:00,1,0,2024-07-20 12:28:29,0,2024-07-20 12:28:29,,,
2020-02-07,铁矿石,结算价,585.50,0.17%,2164,2020-02-07 00:00:00,1,0,2024-07-20 12:28:29,0,2024-07-20 12:28:29,,,
2020-02-06,铁矿石,收盘价,590.00,2.08%,2165,2020-02-06 00:00:00,1,0,2024-07-20 12:28:29,0,2024-07-20 12:28:29,,,
2020-02-06,铁矿石,结算价,584.50,0.%,2166,2020-02-06 00:00:00,1,0,2024-07-20 12:28:29,0,2024-07-20 12:28:29,,,
2020-02-05,铁矿石,收盘价,578.00,-2.2%,2167,2020-02-05 00:00:00,1,0,2024-07-20 12:28:29,0,2024-07-20 12:28:29,,,
2020-02-05,铁矿石,结算价,584.50,-0.43%,2168,2020-02-05 00:00:00,1,0,2024-07-20 12:28:29,0,2024-07-20 12:28:29,,,
2020-02-04,铁矿石,收盘价,591.00,-2.56%,2169,2020-02-04 00:00:00,1,0,2024-07-20 12:28:29,0,2024-07-20 12:28:29,,,
2020-02-04,铁矿石,结算价,587.00,-3.22%,2170,2020-02-04 00:00:00,1,0,2024-07-20 12:28:29,0,2024-07-20 12:28:29,,,
2020-02-03,铁矿石,收盘价,606.50,-6.62%,2171,2020-02-03 00:00:00,1,0,2024-07-20 12:28:29,0,2024-07-20 12:28:29,,,
2020-02-03,铁矿石,结算价,606.50,-7.97%,2172,2020-02-03 00:00:00,1,0,2024-07-20 12:28:29,0,2024-07-20 12:28:29,,,
2020-01-23,铁矿石,收盘价,649.50,-3.49%,2173,2020-01-23 00:00:00,1,0,2024-07-20 12:28:29,0,2024-07-20 12:28:29,,,
2020-01-23,铁矿石,结算价,659.00,-0.9%,2174,2020-01-23 00:00:00,1,0,2024-07-20 12:28:29,0,2024-07-20 12:28:29,,,
2020-01-22,铁矿石,收盘价,673.00,0.3%,2175,2020-01-22 00:00:00,1,0,2024-07-20 12:28:29,0,2024-07-20 12:28:29,,,
2020-01-22,铁矿石,结算价,665.00,-0.52%,2176,2020-01-22 00:00:00,1,0,2024-07-20 12:28:29,0,2024-07-20 12:28:29,,,
2020-01-21,铁矿石,收盘价,671.00,0.68%,2177,2020-01-21 00:00:00,1,0,2024-07-20 12:28:29,0,2024-07-20 12:28:29,,,
2020-01-21,铁矿石,结算价,668.50,19000.%,2178,2020-01-21 00:00:00,1,0,2024-07-20 12:28:29,0,2024-07-20 12:28:29,,,
2020-01-20,铁矿石,收盘价,666.50,-0.45%,2179,2020-01-20 00:00:00,1,0,2024-07-20 12:28:29,0,2024-07-20 12:28:29,,,
2020-01-20,铁矿石,结算价,3.50,-99.47%,2180,2020-01-20 00:00:00,1,0,2024-07-20 12:28:29,0,2024-07-20 12:28:29,,,
2020-01-17,铁矿石,收盘价,669.50,1.67%,2181,2020-01-17 00:00:00,1,0,2024-07-20 12:28:29,0,2024-07-20 12:28:29,,,
2020-01-17,铁矿石,结算价,666.50,0.38%,2182,2020-01-17 00:00:00,1,0,2024-07-20 12:28:29,0,2024-07-20 12:28:29,,,
2020-01-16,铁矿石,收盘价,658.50,-0.83%,2183,2020-01-16 00:00:00,1,0,2024-07-20 12:28:29,0,2024-07-20 12:28:29,,,
2020-01-16,铁矿石,结算价,664.00,-0.38%,2184,2020-01-16 00:00:00,1,0,2024-07-20 12:28:29,0,2024-07-20 12:28:29,,,
2020-01-15,铁矿石,收盘价,664.00,-1.12%,2185,2020-01-15 00:00:00,1,0,2024-07-20 12:28:29,0,2024-07-20 12:28:29,,,
2020-01-15,铁矿石,结算价,666.50,0.08%,2186,2020-01-15 00:00:00,1,0,2024-07-20 12:28:29,0,2024-07-20 12:28:29,,,
2020-01-14,铁矿石,收盘价,671.50,2.21%,2187,2020-01-14 00:00:00,1,0,2024-07-20 12:28:29,0,2024-07-20 12:28:29,,,
2020-01-14,铁矿石,结算价,666.00,1.29%,2188,2020-01-14 00:00:00,1,0,2024-07-20 12:28:29,0,2024-07-20 12:28:29,,,
2020-01-13,铁矿石,收盘价,657.00,-0.3%,2189,2020-01-13 00:00:00,1,0,2024-07-20 12:28:29,0,2024-07-20 12:28:29,,,
2020-01-13,铁矿石,结算价,657.50,-0.3%,2190,2020-01-13 00:00:00,1,0,2024-07-20 12:28:29,0,2024-07-20 12:28:29,,,
2020-01-10,铁矿石,收盘价,659.00,0.3%,2191,2020-01-10 00:00:00,1,0,2024-07-20 12:28:32,0,2024-07-20 12:28:32,,,
2020-01-10,铁矿石,结算价,659.50,-1.12%,2192,2020-01-10 00:00:00,1,0,2024-07-20 12:28:32,0,2024-07-20 12:28:32,,,
2020-01-09,铁矿石,收盘价,657.00,-3.31%,2193,2020-01-09 00:00:00,1,0,2024-07-20 12:28:32,0,2024-07-20 12:28:32,,,
2020-01-09,铁矿石,结算价,667.00,-1.48%,2194,2020-01-09 00:00:00,1,0,2024-07-20 12:28:32,0,2024-07-20 12:28:32,,,
2020-01-08,铁矿石,收盘价,679.50,1.95%,2195,2020-01-08 00:00:00,1,0,2024-07-20 12:28:32,0,2024-07-20 12:28:32,,,
2020-01-08,铁矿石,结算价,677.00,1.73%,2196,2020-01-08 00:00:00,1,0,2024-07-20 12:28:32,0,2024-07-20 12:28:32,,,
2020-01-07,铁矿石,收盘价,666.50,-0.22%,2197,2020-01-07 00:00:00,1,0,2024-07-20 12:28:32,0,2024-07-20 12:28:32,,,
2020-01-07,铁矿石,结算价,665.50,0.15%,2198,2020-01-07 00:00:00,1,0,2024-07-20 12:28:32,0,2024-07-20 12:28:32,,,
2020-01-06,铁矿石,收盘价,668.00,0.3%,2199,2020-01-06 00:00:00,1,0,2024-07-20 12:28:32,0,2024-07-20 12:28:32,,,
2020-01-06,铁矿石,结算价,664.50,0.23%,2200,2020-01-06 00:00:00,1,0,2024-07-20 12:28:32,0,2024-07-20 12:28:32,,,
2020-01-03,铁矿石,收盘价,666.00,1.6%,2201,2020-01-03 00:00:00,1,0,2024-07-20 12:28:32,0,2024-07-20 12:28:32,,,
2020-01-03,铁矿石,结算价,663.00,1.14%,2202,2020-01-03 00:00:00,1,0,2024-07-20 12:28:32,0,2024-07-20 12:28:32,,,
2020-01-02,铁矿石,收盘价,655.50,1.08%,2203,2020-01-02 00:00:00,1,0,2024-07-20 12:28:32,0,2024-07-20 12:28:32,,,
2020-01-02,铁矿石,结算价,655.50,1.39%,2204,2020-01-02 00:00:00,1,0,2024-07-20 12:28:32,0,2024-07-20 12:28:32,,,
2019-12-31,铁矿石,收盘价,648.50,1.09%,2205,2019-12-31 00:00:00,1,0,2024-07-20 12:28:32,0,2024-07-20 12:28:32,,,
2019-12-31,铁矿石,结算价,646.50,0.23%,2206,2019-12-31 00:00:00,1,0,2024-07-20 12:28:32,0,2024-07-20 12:28:32,,,
2019-12-30,铁矿石,收盘价,641.50,-0.16%,2207,2019-12-30 00:00:00,1,0,2024-07-20 12:28:32,0,2024-07-20 12:28:32,,,
2019-12-30,铁矿石,结算价,645.00,0.55%,2208,2019-12-30 00:00:00,1,0,2024-07-20 12:28:32,0,2024-07-20 12:28:32,,,
2019-12-27,铁矿石,收盘价,642.50,0.47%,2209,2019-12-27 00:00:00,1,0,2024-07-20 12:28:32,0,2024-07-20 12:28:32,,,
2019-12-27,铁矿石,结算价,641.50,1.02%,2210,2019-12-27 00:00:00,1,0,2024-07-20 12:28:32,0,2024-07-20 12:28:32,,,
2019-12-26,铁矿石,收盘价,639.50,0.16%,2211,2019-12-26 00:00:00,1,0,2024-07-20 12:28:32,0,2024-07-20 12:28:32,,,
2019-12-26,铁矿石,结算价,635.00,-1.01%,2212,2019-12-26 00:00:00,1,0,2024-07-20 12:28:32,0,2024-07-20 12:28:32,,,
2019-12-25,铁矿石,收盘价,638.50,-0.62%,2213,2019-12-25 00:00:00,1,0,2024-07-20 12:28:32,0,2024-07-20 12:28:32,,,
2019-12-25,铁矿石,结算价,641.50,0.23%,2214,2019-12-25 00:00:00,1,0,2024-07-20 12:28:32,0,2024-07-20 12:28:32,,,
2019-12-24,铁矿石,收盘价,642.50,0.63%,2215,2019-12-24 00:00:00,1,0,2024-07-20 12:28:32,0,2024-07-20 12:28:32,,,
2019-12-24,铁矿石,结算价,640.00,-0.08%,2216,2019-12-24 00:00:00,1,0,2024-07-20 12:28:32,0,2024-07-20 12:28:32,,,
2019-12-23,铁矿石,收盘价,638.50,0.55%,2217,2019-12-23 00:00:00,1,0,2024-07-20 12:28:32,0,2024-07-20 12:28:32,,,
2019-12-23,铁矿石,结算价,640.50,0.23%,2218,2019-12-23 00:00:00,1,0,2024-07-20 12:28:32,0,2024-07-20 12:28:32,,,
2019-12-20,铁矿石,收盘价,635.00,-2.01%,2219,2019-12-20 00:00:00,1,0,2024-07-20 12:28:32,0,2024-07-20 12:28:32,,,
2019-12-20,铁矿石,结算价,639.00,-0.31%,2220,2019-12-20 00:00:00,1,0,2024-07-20 12:28:32,0,2024-07-20 12:28:32,,,
2019-12-19,铁矿石,收盘价,648.00,2.05%,2221,2019-12-19 00:00:00,1,0,2024-07-20 12:28:36,0,2024-07-20 12:28:36,,,
2019-12-19,铁矿石,结算价,641.00,0.79%,2222,2019-12-19 00:00:00,1,0,2024-07-20 12:28:36,0,2024-07-20 12:28:36,,,
2019-12-18,铁矿石,收盘价,635.00,0.08%,2223,2019-12-18 00:00:00,1,0,2024-07-20 12:28:36,0,2024-07-20 12:28:36,,,
2019-12-18,铁矿石,结算价,636.00,-0.7%,2224,2019-12-18 00:00:00,1,0,2024-07-20 12:28:36,0,2024-07-20 12:28:36,,,
2019-12-17,铁矿石,收盘价,634.50,-1.7%,2225,2019-12-17 00:00:00,1,0,2024-07-20 12:28:36,0,2024-07-20 12:28:36,,,
2019-12-17,铁矿石,结算价,640.50,-1.84%,2226,2019-12-17 00:00:00,1,0,2024-07-20 12:28:36,0,2024-07-20 12:28:36,,,
2019-12-16,铁矿石,收盘价,645.50,-1.22%,2227,2019-12-16 00:00:00,1,0,2024-07-20 12:28:36,0,2024-07-20 12:28:36,,,
2019-12-16,铁矿石,结算价,652.50,0.23%,2228,2019-12-16 00:00:00,1,0,2024-07-20 12:28:36,0,2024-07-20 12:28:36,,,
2019-12-13,铁矿石,收盘价,653.50,0.38%,2229,2019-12-13 00:00:00,1,0,2024-07-20 12:28:36,0,2024-07-20 12:28:36,,,
2019-12-13,铁矿石,结算价,651.00,-0.08%,2230,2019-12-13 00:00:00,1,0,2024-07-20 12:28:36,0,2024-07-20 12:28:36,,,
2019-12-12,铁矿石,收盘价,651.00,-1.14%,2231,2019-12-12 00:00:00,1,0,2024-07-20 12:28:36,0,2024-07-20 12:28:36,,,
2019-12-12,铁矿石,结算价,651.50,-0.08%,2232,2019-12-12 00:00:00,1,0,2024-07-20 12:28:36,0,2024-07-20 12:28:36,,,
2019-12-11,铁矿石,收盘价,658.50,1.39%,2233,2019-12-11 00:00:00,1,0,2024-07-20 12:28:36,0,2024-07-20 12:28:36,,,
2019-12-11,铁矿石,结算价,652.00,-0.46%,2234,2019-12-11 00:00:00,1,0,2024-07-20 12:28:36,0,2024-07-20 12:28:36,,,
2019-12-10,铁矿石,收盘价,649.50,-0.54%,2235,2019-12-10 00:00:00,1,0,2024-07-20 12:28:36,0,2024-07-20 12:28:36,,,
2019-12-10,铁矿石,结算价,655.00,2.1%,2236,2019-12-10 00:00:00,1,0,2024-07-20 12:28:36,0,2024-07-20 12:28:36,,,
2019-12-09,铁矿石,收盘价,653.00,5.24%,2237,2019-12-09 00:00:00,1,0,2024-07-20 12:28:36,0,2024-07-20 12:28:36,,,
2019-12-09,铁矿石,结算价,641.50,3.72%,2238,2019-12-09 00:00:00,1,0,2024-07-20 12:28:36,0,2024-07-20 12:28:36,,,
2019-12-06,铁矿石,收盘价,620.50,0.%,2239,2019-12-06 00:00:00,1,0,2024-07-20 12:28:36,0,2024-07-20 12:28:36,,,
2019-12-06,铁矿石,结算价,618.50,-0.56%,2240,2019-12-06 00:00:00,1,0,2024-07-20 12:28:36,0,2024-07-20 12:28:36,,,
2019-12-05,铁矿石,收盘价,620.50,0.16%,2241,2019-12-05 00:00:00,1,0,2024-07-20 12:28:36,0,2024-07-20 12:28:36,,,
2019-12-05,铁矿石,结算价,622.00,1.22%,2242,2019-12-05 00:00:00,1,0,2024-07-20 12:28:36,0,2024-07-20 12:28:36,,,
2019-12-04,铁矿石,收盘价,619.50,-4.91%,2243,2019-12-04 00:00:00,1,0,2024-07-20 12:28:36,0,2024-07-20 12:28:36,,,
2019-12-04,铁矿石,结算价,614.50,-5.53%,2244,2019-12-04 00:00:00,1,0,2024-07-20 12:28:36,0,2024-07-20 12:28:36,,,
2019-12-03,铁矿石,收盘价,651.50,-0.23%,2245,2019-12-03 00:00:00,1,0,2024-07-20 12:28:36,0,2024-07-20 12:28:36,,,
2019-12-03,铁矿石,结算价,650.50,1.56%,2246,2019-12-03 00:00:00,1,0,2024-07-20 12:28:36,0,2024-07-20 12:28:36,,,
2019-12-02,铁矿石,收盘价,653.00,1.08%,2247,2019-12-02 00:00:00,1,0,2024-07-20 12:28:36,0,2024-07-20 12:28:36,,,
2019-12-02,铁矿石,结算价,640.50,-0.77%,2248,2019-12-02 00:00:00,1,0,2024-07-20 12:28:36,0,2024-07-20 12:28:36,,,
2019-11-29,铁矿石,收盘价,646.00,-0.54%,2249,2019-11-29 00:00:00,1,0,2024-07-20 12:28:36,0,2024-07-20 12:28:36,,,
2019-11-29,铁矿石,结算价,645.50,0.23%,2250,2019-11-29 00:00:00,1,0,2024-07-20 12:28:36,0,2024-07-20 12:28:36,,,
2019-11-28,铁矿石,收盘价,649.50,1.25%,2251,2019-11-28 00:00:00,1,0,2024-07-20 12:28:39,0,2024-07-20 12:28:39,,,
2019-11-28,铁矿石,结算价,644.00,-0.16%,2252,2019-11-28 00:00:00,1,0,2024-07-20 12:28:39,0,2024-07-20 12:28:39,,,
2019-11-27,铁矿石,收盘价,641.50,-1.99%,2253,2019-11-27 00:00:00,1,0,2024-07-20 12:28:39,0,2024-07-20 12:28:39,,,
2019-11-27,铁矿石,结算价,645.00,-1.6%,2254,2019-11-27 00:00:00,1,0,2024-07-20 12:28:39,0,2024-07-20 12:28:39,,,
2019-11-26,铁矿石,收盘价,654.50,-1.65%,2255,2019-11-26 00:00:00,1,0,2024-07-20 12:28:39,0,2024-07-20 12:28:39,,,
2019-11-26,铁矿石,结算价,655.50,-0.23%,2256,2019-11-26 00:00:00,1,0,2024-07-20 12:28:39,0,2024-07-20 12:28:39,,,
2019-11-25,铁矿石,收盘价,665.50,2.31%,2257,2019-11-25 00:00:00,1,0,2024-07-20 12:28:39,0,2024-07-20 12:28:39,,,
2019-11-25,铁矿石,结算价,657.00,2.02%,2258,2019-11-25 00:00:00,1,0,2024-07-20 12:28:39,0,2024-07-20 12:28:39,,,
2019-11-22,铁矿石,收盘价,650.50,1.4%,2259,2019-11-22 00:00:00,1,0,2024-07-20 12:28:39,0,2024-07-20 12:28:39,,,
2019-11-22,铁矿石,结算价,644.00,1.18%,2260,2019-11-22 00:00:00,1,0,2024-07-20 12:28:39,0,2024-07-20 12:28:39,,,
2019-11-21,铁矿石,收盘价,641.50,1.42%,2261,2019-11-21 00:00:00,1,0,2024-07-20 12:28:39,0,2024-07-20 12:28:39,,,
2019-11-21,铁矿石,结算价,636.50,-0.08%,2262,2019-11-21 00:00:00,1,0,2024-07-20 12:28:39,0,2024-07-20 12:28:39,,,
2019-11-20,铁矿石,收盘价,632.50,-0.63%,2263,2019-11-20 00:00:00,1,0,2024-07-20 12:28:39,0,2024-07-20 12:28:39,,,
2019-11-20,铁矿石,结算价,637.00,0.87%,2264,2019-11-20 00:00:00,1,0,2024-07-20 12:28:39,0,2024-07-20 12:28:39,,,
2019-11-19,铁矿石,收盘价,636.50,0.71%,2265,2019-11-19 00:00:00,1,0,2024-07-20 12:28:39,0,2024-07-20 12:28:39,,,
2019-11-19,铁矿石,结算价,631.50,-0.16%,2266,2019-11-19 00:00:00,1,0,2024-07-20 12:28:39,0,2024-07-20 12:28:39,,,
2019-11-18,铁矿石,收盘价,632.00,0.56%,2267,2019-11-18 00:00:00,1,0,2024-07-20 12:28:39,0,2024-07-20 12:28:39,,,
2019-11-18,铁矿石,结算价,632.50,0.88%,2268,2019-11-18 00:00:00,1,0,2024-07-20 12:28:39,0,2024-07-20 12:28:39,,,
2019-11-15,铁矿石,收盘价,628.50,1.62%,2269,2019-11-15 00:00:00,1,0,2024-07-20 12:28:39,0,2024-07-20 12:28:39,,,
2019-11-15,铁矿石,结算价,627.00,2.87%,2270,2019-11-15 00:00:00,1,0,2024-07-20 12:28:39,0,2024-07-20 12:28:39,,,
2019-11-14,铁矿石,收盘价,618.50,1.81%,2271,2019-11-14 00:00:00,1,0,2024-07-20 12:28:39,0,2024-07-20 12:28:39,,,
2019-11-14,铁矿石,结算价,609.50,0.25%,2272,2019-11-14 00:00:00,1,0,2024-07-20 12:28:39,0,2024-07-20 12:28:39,,,
2019-11-13,铁矿石,收盘价,607.50,0.08%,2273,2019-11-13 00:00:00,1,0,2024-07-20 12:28:39,0,2024-07-20 12:28:39,,,
2019-11-13,铁矿石,结算价,608.00,1.16%,2274,2019-11-13 00:00:00,1,0,2024-07-20 12:28:39,0,2024-07-20 12:28:39,,,
2019-11-12,铁矿石,收盘价,607.00,2.62%,2275,2019-11-12 00:00:00,1,0,2024-07-20 12:28:39,0,2024-07-20 12:28:39,,,
2019-11-12,铁矿石,结算价,601.00,1.43%,2276,2019-11-12 00:00:00,1,0,2024-07-20 12:28:39,0,2024-07-20 12:28:39,,,
2019-11-11,铁矿石,收盘价,591.50,-1.42%,2277,2019-11-11 00:00:00,1,0,2024-07-20 12:28:39,0,2024-07-20 12:28:39,,,
2019-11-11,铁矿石,结算价,592.50,-2.23%,2278,2019-11-11 00:00:00,1,0,2024-07-20 12:28:39,0,2024-07-20 12:28:39,,,
2019-11-08,铁矿石,收盘价,600.00,-1.8%,2279,2019-11-08 00:00:00,1,0,2024-07-20 12:28:39,0,2024-07-20 12:28:39,,,
2019-11-08,铁矿石,结算价,606.00,-1.86%,2280,2019-11-08 00:00:00,1,0,2024-07-20 12:28:39,0,2024-07-20 12:28:39,,,
2019-11-07,铁矿石,收盘价,611.00,-1.69%,2281,2019-11-07 00:00:00,1,0,2024-07-20 12:28:41,0,2024-07-20 12:28:41,,,
2019-11-07,铁矿石,结算价,617.50,-1.2%,2282,2019-11-07 00:00:00,1,0,2024-07-20 12:28:41,0,2024-07-20 12:28:41,,,
2019-11-06,铁矿石,收盘价,621.50,-0.08%,2283,2019-11-06 00:00:00,1,0,2024-07-20 12:28:41,0,2024-07-20 12:28:41,,,
2019-11-06,铁矿石,结算价,625.00,1.3%,2284,2019-11-06 00:00:00,1,0,2024-07-20 12:28:41,0,2024-07-20 12:28:41,,,
2019-11-05,铁矿石,收盘价,622.00,1.14%,2285,2019-11-05 00:00:00,1,0,2024-07-20 12:28:41,0,2024-07-20 12:28:41,,,
2019-11-05,铁矿石,结算价,617.00,-0.24%,2286,2019-11-05 00:00:00,1,0,2024-07-20 12:28:41,0,2024-07-20 12:28:41,,,
2019-11-04,铁矿石,收盘价,615.00,-1.68%,2287,2019-11-04 00:00:00,1,0,2024-07-20 12:28:41,0,2024-07-20 12:28:41,,,
2019-11-04,铁矿石,结算价,618.50,-0.64%,2288,2019-11-04 00:00:00,1,0,2024-07-20 12:28:41,0,2024-07-20 12:28:41,,,
2019-11-01,铁矿石,收盘价,625.50,0.81%,2289,2019-11-01 00:00:00,1,0,2024-07-20 12:28:41,0,2024-07-20 12:28:41,,,
2019-11-01,铁矿石,结算价,622.50,0.16%,2290,2019-11-01 00:00:00,1,0,2024-07-20 12:28:41,0,2024-07-20 12:28:41,,,
2019-10-31,铁矿石,收盘价,620.50,-0.32%,2291,2019-10-31 00:00:00,1,0,2024-07-20 12:28:41,0,2024-07-20 12:28:41,,,
2019-10-31,铁矿石,结算价,621.50,0.81%,2292,2019-10-31 00:00:00,1,0,2024-07-20 12:28:41,0,2024-07-20 12:28:41,,,
2019-10-30,铁矿石,收盘价,622.50,0.08%,2293,2019-10-30 00:00:00,1,0,2024-07-20 12:28:41,0,2024-07-20 12:28:41,,,
2019-10-30,铁矿石,结算价,616.50,-0.96%,2294,2019-10-30 00:00:00,1,0,2024-07-20 12:28:41,0,2024-07-20 12:28:41,,,
2019-10-29,铁矿石,收盘价,622.00,-0.8%,2295,2019-10-29 00:00:00,1,0,2024-07-20 12:28:41,0,2024-07-20 12:28:41,,,
2019-10-29,铁矿石,结算价,622.50,-1.66%,2296,2019-10-29 00:00:00,1,0,2024-07-20 12:28:41,0,2024-07-20 12:28:41,,,
2019-10-28,铁矿石,收盘价,627.00,-1.18%,2297,2019-10-28 00:00:00,1,0,2024-07-20 12:28:41,0,2024-07-20 12:28:41,,,
2019-10-28,铁矿石,结算价,633.00,0.88%,2298,2019-10-28 00:00:00,1,0,2024-07-20 12:28:41,0,2024-07-20 12:28:41,,,
2019-10-25,铁矿石,收盘价,634.50,1.04%,2299,2019-10-25 00:00:00,1,0,2024-07-20 12:28:41,0,2024-07-20 12:28:41,,,
2019-10-25,铁矿石,结算价,627.50,0.97%,2300,2019-10-25 00:00:00,1,0,2024-07-20 12:28:41,0,2024-07-20 12:28:41,,,
2019-10-24,铁矿石,收盘价,628.00,1.21%,2301,2019-10-24 00:00:00,1,0,2024-07-20 12:28:41,0,2024-07-20 12:28:41,,,
2019-10-24,铁矿石,结算价,621.50,-0.08%,2302,2019-10-24 00:00:00,1,0,2024-07-20 12:28:41,0,2024-07-20 12:28:41,,,
2019-10-23,铁矿石,收盘价,620.50,0.73%,2303,2019-10-23 00:00:00,1,0,2024-07-20 12:28:41,0,2024-07-20 12:28:41,,,
2019-10-23,铁矿石,结算价,622.00,1.47%,2304,2019-10-23 00:00:00,1,0,2024-07-20 12:28:41,0,2024-07-20 12:28:41,,,
2019-10-22,铁矿石,收盘价,616.00,0.74%,2305,2019-10-22 00:00:00,1,0,2024-07-20 12:28:41,0,2024-07-20 12:28:41,,,
2019-10-22,铁矿石,结算价,613.00,0.33%,2306,2019-10-22 00:00:00,1,0,2024-07-20 12:28:41,0,2024-07-20 12:28:41,,,
2019-10-21,铁矿石,收盘价,611.50,-0.73%,2307,2019-10-21 00:00:00,1,0,2024-07-20 12:28:41,0,2024-07-20 12:28:41,,,
2019-10-21,铁矿石,结算价,611.00,0.33%,2308,2019-10-21 00:00:00,1,0,2024-07-20 12:28:41,0,2024-07-20 12:28:41,,,
2019-10-18,铁矿石,收盘价,616.00,0.16%,2309,2019-10-18 00:00:00,1,0,2024-07-20 12:28:41,0,2024-07-20 12:28:41,,,
2019-10-18,铁矿石,结算价,609.00,-0.41%,2310,2019-10-18 00:00:00,1,0,2024-07-20 12:28:41,0,2024-07-20 12:28:41,,,
2019-10-17,铁矿石,收盘价,615.00,-0.32%,2311,2019-10-17 00:00:00,1,0,2024-07-20 12:28:45,0,2024-07-20 12:28:45,,,
2019-10-17,铁矿石,结算价,611.50,-2.78%,2312,2019-10-17 00:00:00,1,0,2024-07-20 12:28:45,0,2024-07-20 12:28:45,,,
2019-10-16,铁矿石,收盘价,617.00,-4.19%,2313,2019-10-16 00:00:00,1,0,2024-07-20 12:28:45,0,2024-07-20 12:28:45,,,
2019-10-16,铁矿石,结算价,629.00,-1.33%,2314,2019-10-16 00:00:00,1,0,2024-07-20 12:28:45,0,2024-07-20 12:28:45,,,
2019-10-15,铁矿石,收盘价,644.00,0.86%,2315,2019-10-15 00:00:00,1,0,2024-07-20 12:28:45,0,2024-07-20 12:28:45,,,
2019-10-15,铁矿石,结算价,637.50,-2.15%,2316,2019-10-15 00:00:00,1,0,2024-07-20 12:28:45,0,2024-07-20 12:28:45,,,
2019-10-14,铁矿石,收盘价,638.50,-2.96%,2317,2019-10-14 00:00:00,1,0,2024-07-20 12:28:45,0,2024-07-20 12:28:45,,,
2019-10-14,铁矿石,结算价,651.50,-0.38%,2318,2019-10-14 00:00:00,1,0,2024-07-20 12:28:45,0,2024-07-20 12:28:45,,,
2019-10-11,铁矿石,收盘价,658.00,0.08%,2319,2019-10-11 00:00:00,1,0,2024-07-20 12:28:45,0,2024-07-20 12:28:45,,,
2019-10-11,铁矿石,结算价,654.00,1.24%,2320,2019-10-11 00:00:00,1,0,2024-07-20 12:28:45,0,2024-07-20 12:28:45,,,
2019-10-10,铁矿石,收盘价,657.50,2.98%,2321,2019-10-10 00:00:00,1,0,2024-07-20 12:28:45,0,2024-07-20 12:28:45,,,
2019-10-10,铁矿石,结算价,646.00,-0.69%,2322,2019-10-10 00:00:00,1,0,2024-07-20 12:28:45,0,2024-07-20 12:28:45,,,
2019-10-09,铁矿石,收盘价,638.50,-2.82%,2323,2019-10-09 00:00:00,1,0,2024-07-20 12:28:45,0,2024-07-20 12:28:45,,,
2019-10-09,铁矿石,结算价,650.50,-1.06%,2324,2019-10-09 00:00:00,1,0,2024-07-20 12:28:45,0,2024-07-20 12:28:45,,,
2019-10-08,铁矿石,收盘价,657.00,0.23%,2325,2019-10-08 00:00:00,1,0,2024-07-20 12:28:45,0,2024-07-20 12:28:45,,,
2019-10-08,铁矿石,结算价,657.50,0.84%,2326,2019-10-08 00:00:00,1,0,2024-07-20 12:28:45,0,2024-07-20 12:28:45,,,
2019-09-30,铁矿石,收盘价,655.50,2.02%,2327,2019-09-30 00:00:00,1,0,2024-07-20 12:28:45,0,2024-07-20 12:28:45,,,
2019-09-30,铁矿石,结算价,652.00,1.95%,2328,2019-09-30 00:00:00,1,0,2024-07-20 12:28:45,0,2024-07-20 12:28:45,,,
2019-09-27,铁矿石,收盘价,642.50,0.86%,2329,2019-09-27 00:00:00,1,0,2024-07-20 12:28:45,0,2024-07-20 12:28:45,,,
2019-09-27,铁矿石,结算价,639.50,1.11%,2330,2019-09-27 00:00:00,1,0,2024-07-20 12:28:45,0,2024-07-20 12:28:45,,,
2019-09-26,铁矿石,收盘价,637.00,2.%,2331,2019-09-26 00:00:00,1,0,2024-07-20 12:28:45,0,2024-07-20 12:28:45,,,
2019-09-26,铁矿石,结算价,632.50,1.44%,2332,2019-09-26 00:00:00,1,0,2024-07-20 12:28:45,0,2024-07-20 12:28:45,,,
2019-09-25,铁矿石,收盘价,624.50,0.32%,2333,2019-09-25 00:00:00,1,0,2024-07-20 12:28:45,0,2024-07-20 12:28:45,,,
2019-09-25,铁矿石,结算价,623.50,-1.81%,2334,2019-09-25 00:00:00,1,0,2024-07-20 12:28:45,0,2024-07-20 12:28:45,,,
2019-09-24,铁矿石,收盘价,622.50,-3.86%,2335,2019-09-24 00:00:00,1,0,2024-07-20 12:28:45,0,2024-07-20 12:28:45,,,
2019-09-24,铁矿石,结算价,635.00,-0.47%,2336,2019-09-24 00:00:00,1,0,2024-07-20 12:28:45,0,2024-07-20 12:28:45,,,
2019-09-23,铁矿石,收盘价,647.50,1.97%,2337,2019-09-23 00:00:00,1,0,2024-07-20 12:28:45,0,2024-07-20 12:28:45,,,
2019-09-23,铁矿石,结算价,638.00,0.87%,2338,2019-09-23 00:00:00,1,0,2024-07-20 12:28:45,0,2024-07-20 12:28:45,,,
2019-09-20,铁矿石,收盘价,635.00,-0.39%,2339,2019-09-20 00:00:00,1,0,2024-07-20 12:28:45,0,2024-07-20 12:28:45,,,
2019-09-20,铁矿石,结算价,632.50,-2.24%,2340,2019-09-20 00:00:00,1,0,2024-07-20 12:28:45,0,2024-07-20 12:28:45,,,
2019-09-19,铁矿石,收盘价,637.50,-3.56%,2341,2019-09-19 00:00:00,1,0,2024-07-20 12:28:49,0,2024-07-20 12:28:49,,,
2019-09-19,铁矿石,结算价,647.00,-3.22%,2342,2019-09-19 00:00:00,1,0,2024-07-20 12:28:49,0,2024-07-20 12:28:49,,,
2019-09-18,铁矿石,收盘价,661.00,-0.68%,2343,2019-09-18 00:00:00,1,0,2024-07-20 12:28:49,0,2024-07-20 12:28:49,,,
2019-09-18,铁矿石,结算价,668.50,0.45%,2344,2019-09-18 00:00:00,1,0,2024-07-20 12:28:49,0,2024-07-20 12:28:49,,,
2019-09-17,铁矿石,收盘价,665.50,-0.75%,2345,2019-09-17 00:00:00,1,0,2024-07-20 12:28:49,0,2024-07-20 12:28:49,,,
2019-09-17,铁矿石,结算价,665.50,-1.84%,2346,2019-09-17 00:00:00,1,0,2024-07-20 12:28:49,0,2024-07-20 12:28:49,,,
2019-09-16,铁矿石,收盘价,670.50,-1.4%,2347,2019-09-16 00:00:00,1,0,2024-07-20 12:28:49,0,2024-07-20 12:28:49,,,
2019-09-16,铁矿石,结算价,678.00,1.57%,2348,2019-09-16 00:00:00,1,0,2024-07-20 12:28:49,0,2024-07-20 12:28:49,,,
2019-09-12,铁矿石,收盘价,680.00,2.87%,2349,2019-09-12 00:00:00,1,0,2024-07-20 12:28:49,0,2024-07-20 12:28:49,,,
2019-09-12,铁矿石,结算价,667.50,1.83%,2350,2019-09-12 00:00:00,1,0,2024-07-20 12:28:49,0,2024-07-20 12:28:49,,,
2019-09-11,铁矿石,收盘价,661.00,0.84%,2351,2019-09-11 00:00:00,1,0,2024-07-20 12:28:49,0,2024-07-20 12:28:49,,,
2019-09-11,铁矿石,结算价,655.50,0.69%,2352,2019-09-11 00:00:00,1,0,2024-07-20 12:28:49,0,2024-07-20 12:28:49,,,
2019-09-10,铁矿石,收盘价,655.50,0.%,2353,2019-09-10 00:00:00,1,0,2024-07-20 12:28:49,0,2024-07-20 12:28:49,,,
2019-09-10,铁矿石,结算价,651.00,2.6%,2354,2019-09-10 00:00:00,1,0,2024-07-20 12:28:49,0,2024-07-20 12:28:49,,,
2019-09-09,铁矿石,收盘价,655.50,4.21%,2355,2019-09-09 00:00:00,1,0,2024-07-20 12:28:49,0,2024-07-20 12:28:49,,,
2019-09-09,铁矿石,结算价,634.50,-1.48%,2356,2019-09-09 00:00:00,1,0,2024-07-20 12:28:49,0,2024-07-20 12:28:49,,,
2019-09-06,铁矿石,收盘价,629.00,-2.78%,2357,2019-09-06 00:00:00,1,0,2024-07-20 12:28:49,0,2024-07-20 12:28:49,,,
2019-09-06,铁矿石,结算价,644.00,-1.6%,2358,2019-09-06 00:00:00,1,0,2024-07-20 12:28:49,0,2024-07-20 12:28:49,,,
2019-09-05,铁矿石,收盘价,647.00,0.39%,2359,2019-09-05 00:00:00,1,0,2024-07-20 12:28:49,0,2024-07-20 12:28:49,,,
2019-09-05,铁矿石,结算价,654.50,2.35%,2360,2019-09-05 00:00:00,1,0,2024-07-20 12:28:49,0,2024-07-20 12:28:49,,,
2019-09-04,铁矿石,收盘价,644.50,1.1%,2361,2019-09-04 00:00:00,1,0,2024-07-20 12:28:49,0,2024-07-20 12:28:49,,,
2019-09-04,铁矿石,结算价,639.50,0.63%,2362,2019-09-04 00:00:00,1,0,2024-07-20 12:28:49,0,2024-07-20 12:28:49,,,
2019-09-03,铁矿石,收盘价,637.50,1.19%,2363,2019-09-03 00:00:00,1,0,2024-07-20 12:28:49,0,2024-07-20 12:28:49,,,
2019-09-03,铁矿石,结算价,635.50,2.83%,2364,2019-09-03 00:00:00,1,0,2024-07-20 12:28:49,0,2024-07-20 12:28:49,,,
2019-09-02,铁矿石,收盘价,630.00,3.7%,2365,2019-09-02 00:00:00,1,0,2024-07-20 12:28:49,0,2024-07-20 12:28:49,,,
2019-09-02,铁矿石,结算价,618.00,3.95%,2366,2019-09-02 00:00:00,1,0,2024-07-20 12:28:49,0,2024-07-20 12:28:49,,,
2019-08-30,铁矿石,收盘价,607.50,4.74%,2367,2019-08-30 00:00:00,1,0,2024-07-20 12:28:49,0,2024-07-20 12:28:49,,,
2019-08-30,铁矿石,结算价,594.50,1.8%,2368,2019-08-30 00:00:00,1,0,2024-07-20 12:28:49,0,2024-07-20 12:28:49,,,
2019-08-29,铁矿石,收盘价,580.00,-1.36%,2369,2019-08-29 00:00:00,1,0,2024-07-20 12:28:49,0,2024-07-20 12:28:49,,,
2019-08-29,铁矿石,结算价,584.00,0.69%,2370,2019-08-29 00:00:00,1,0,2024-07-20 12:28:49,0,2024-07-20 12:28:49,,,
2019-08-28,铁矿石,收盘价,588.00,0.34%,2371,2019-08-28 00:00:00,1,0,2024-07-20 12:28:53,0,2024-07-20 12:28:53,,,
2019-08-28,铁矿石,结算价,580.00,-2.19%,2372,2019-08-28 00:00:00,1,0,2024-07-20 12:28:53,0,2024-07-20 12:28:53,,,
2019-08-27,铁矿石,收盘价,586.00,-1.26%,2373,2019-08-27 00:00:00,1,0,2024-07-20 12:28:53,0,2024-07-20 12:28:53,,,
2019-08-27,铁矿石,结算价,593.00,-1.9%,2374,2019-08-27 00:00:00,1,0,2024-07-20 12:28:53,0,2024-07-20 12:28:53,,,
2019-08-26,铁矿石,收盘价,593.50,-3.18%,2375,2019-08-26 00:00:00,1,0,2024-07-20 12:28:53,0,2024-07-20 12:28:53,,,
2019-08-26,铁矿石,结算价,604.50,0.08%,2376,2019-08-26 00:00:00,1,0,2024-07-20 12:28:53,0,2024-07-20 12:28:53,,,
2019-08-23,铁矿石,收盘价,613.00,2.17%,2377,2019-08-23 00:00:00,1,0,2024-07-20 12:28:53,0,2024-07-20 12:28:53,,,
2019-08-23,铁矿石,结算价,604.00,2.11%,2378,2019-08-23 00:00:00,1,0,2024-07-20 12:28:53,0,2024-07-20 12:28:53,,,
2019-08-22,铁矿石,收盘价,600.00,1.78%,2379,2019-08-22 00:00:00,1,0,2024-07-20 12:28:53,0,2024-07-20 12:28:53,,,
2019-08-22,铁矿石,结算价,591.50,-0.34%,2380,2019-08-22 00:00:00,1,0,2024-07-20 12:28:53,0,2024-07-20 12:28:53,,,
2019-08-21,铁矿石,收盘价,589.50,-3.2%,2381,2019-08-21 00:00:00,1,0,2024-07-20 12:28:53,0,2024-07-20 12:28:53,,,
2019-08-21,铁矿石,结算价,593.50,-3.65%,2382,2019-08-21 00:00:00,1,0,2024-07-20 12:28:53,0,2024-07-20 12:28:53,,,
2019-08-20,铁矿石,收盘价,609.00,-1.3%,2383,2019-08-20 00:00:00,1,0,2024-07-20 12:28:53,0,2024-07-20 12:28:53,,,
2019-08-20,铁矿石,结算价,616.00,-1.04%,2384,2019-08-20 00:00:00,1,0,2024-07-20 12:28:53,0,2024-07-20 12:28:53,,,
2019-08-19,铁矿石,收盘价,617.00,-1.52%,2385,2019-08-19 00:00:00,1,0,2024-07-20 12:28:53,0,2024-07-20 12:28:53,,,
2019-08-19,铁矿石,结算价,622.50,-0.08%,2386,2019-08-19 00:00:00,1,0,2024-07-20 12:28:53,0,2024-07-20 12:28:53,,,
2019-08-16,铁矿石,收盘价,626.50,1.38%,2387,2019-08-16 00:00:00,1,0,2024-07-20 12:28:53,0,2024-07-20 12:28:53,,,
2019-08-16,铁矿石,结算价,623.00,-0.48%,2388,2019-08-16 00:00:00,1,0,2024-07-20 12:28:53,0,2024-07-20 12:28:53,,,
2019-08-15,铁矿石,收盘价,618.00,-2.14%,2389,2019-08-15 00:00:00,1,0,2024-07-20 12:28:53,0,2024-07-20 12:28:53,,,
2019-08-15,铁矿石,结算价,626.00,-1.57%,2390,2019-08-15 00:00:00,1,0,2024-07-20 12:28:53,0,2024-07-20 12:28:53,,,
2019-08-14,铁矿石,收盘价,631.50,0.64%,2391,2019-08-14 00:00:00,1,0,2024-07-20 12:28:53,0,2024-07-20 12:28:53,,,
2019-08-14,铁矿石,结算价,636.00,1.44%,2392,2019-08-14 00:00:00,1,0,2024-07-20 12:28:53,0,2024-07-20 12:28:53,,,
2019-08-13,铁矿石,收盘价,627.50,-1.72%,2393,2019-08-13 00:00:00,1,0,2024-07-20 12:28:53,0,2024-07-20 12:28:53,,,
2019-08-13,铁矿石,结算价,627.00,0.32%,2394,2019-08-13 00:00:00,1,0,2024-07-20 12:28:53,0,2024-07-20 12:28:53,,,
2019-08-12,铁矿石,收盘价,638.50,-0.08%,2395,2019-08-12 00:00:00,1,0,2024-07-20 12:28:53,0,2024-07-20 12:28:53,,,
2019-08-12,铁矿石,结算价,625.00,-3.18%,2396,2019-08-12 00:00:00,1,0,2024-07-20 12:28:53,0,2024-07-20 12:28:53,,,
2019-08-09,铁矿石,收盘价,639.00,-3.26%,2397,2019-08-09 00:00:00,1,0,2024-07-20 12:28:53,0,2024-07-20 12:28:53,,,
2019-08-09,铁矿石,结算价,645.50,-2.79%,2398,2019-08-09 00:00:00,1,0,2024-07-20 12:28:53,0,2024-07-20 12:28:53,,,
2019-08-08,铁矿石,收盘价,660.50,0.%,2399,2019-08-08 00:00:00,1,0,2024-07-20 12:28:53,0,2024-07-20 12:28:53,,,
2019-08-08,铁矿石,结算价,664.00,-2.14%,2400,2019-08-08 00:00:00,1,0,2024-07-20 12:28:53,0,2024-07-20 12:28:53,,,
2019-08-07,铁矿石,收盘价,660.50,-4.76%,2401,2019-08-07 00:00:00,1,0,2024-07-20 12:28:55,0,2024-07-20 12:28:55,,,
2019-08-07,铁矿石,结算价,678.50,-2.79%,2402,2019-08-07 00:00:00,1,0,2024-07-20 12:28:55,0,2024-07-20 12:28:55,,,
2019-08-06,铁矿石,收盘价,693.50,0.58%,2403,2019-08-06 00:00:00,1,0,2024-07-20 12:28:55,0,2024-07-20 12:28:55,,,
2019-08-06,铁矿石,结算价,698.00,-1.55%,2404,2019-08-06 00:00:00,1,0,2024-07-20 12:28:55,0,2024-07-20 12:28:55,,,
2019-08-05,铁矿石,收盘价,689.50,-4.83%,2405,2019-08-05 00:00:00,1,0,2024-07-20 12:28:55,0,2024-07-20 12:28:55,,,
2019-08-05,铁矿石,结算价,709.00,-3.34%,2406,2019-08-05 00:00:00,1,0,2024-07-20 12:28:55,0,2024-07-20 12:28:55,,,
2019-08-02,铁矿石,收盘价,724.50,-3.08%,2407,2019-08-02 00:00:00,1,0,2024-07-20 12:28:55,0,2024-07-20 12:28:55,,,
2019-08-02,铁矿石,结算价,733.50,-3.04%,2408,2019-08-02 00:00:00,1,0,2024-07-20 12:28:55,0,2024-07-20 12:28:55,,,
2019-08-01,铁矿石,收盘价,747.50,-2.03%,2409,2019-08-01 00:00:00,1,0,2024-07-20 12:28:55,0,2024-07-20 12:28:55,,,
2019-08-01,铁矿石,结算价,756.50,-2.45%,2410,2019-08-01 00:00:00,1,0,2024-07-20 12:28:55,0,2024-07-20 12:28:55,,,
2019-07-31,铁矿石,收盘价,763.00,-1.1%,2411,2019-07-31 00:00:00,1,0,2024-07-20 12:28:55,0,2024-07-20 12:28:55,,,
2019-07-31,铁矿石,结算价,775.50,1.51%,2412,2019-07-31 00:00:00,1,0,2024-07-20 12:28:55,0,2024-07-20 12:28:55,,,
2019-07-30,铁矿石,收盘价,771.50,2.8%,2413,2019-07-30 00:00:00,1,0,2024-07-20 12:28:55,0,2024-07-20 12:28:55,,,
2019-07-30,铁矿石,结算价,764.00,1.39%,2414,2019-07-30 00:00:00,1,0,2024-07-20 12:28:55,0,2024-07-20 12:28:55,,,
2019-07-29,铁矿石,收盘价,750.50,-1.77%,2415,2019-07-29 00:00:00,1,0,2024-07-20 12:28:55,0,2024-07-20 12:28:55,,,
2019-07-29,铁矿石,结算价,753.50,1.14%,2416,2019-07-29 00:00:00,1,0,2024-07-20 12:28:55,0,2024-07-20 12:28:55,,,
2019-07-26,铁矿石,收盘价,764.00,3.38%,2417,2019-07-26 00:00:00,1,0,2024-07-20 12:28:55,0,2024-07-20 12:28:55,,,
2019-07-26,铁矿石,结算价,745.00,1.64%,2418,2019-07-26 00:00:00,1,0,2024-07-20 12:28:55,0,2024-07-20 12:28:55,,,
2019-07-25,铁矿石,收盘价,739.00,-14.07%,2419,2019-07-25 00:00:00,1,0,2024-07-20 12:28:55,0,2024-07-20 12:28:55,,,
2019-07-25,铁矿石,结算价,733.00,-14.92%,2420,2019-07-25 00:00:00,1,0,2024-07-20 12:28:55,0,2024-07-20 12:28:55,,,
2019-07-24,铁矿石,收盘价,860.00,-2.27%,2421,2019-07-24 00:00:00,1,0,2024-07-20 12:28:55,0,2024-07-20 12:28:55,,,
2019-07-24,铁矿石,结算价,861.50,-2.49%,2422,2019-07-24 00:00:00,1,0,2024-07-20 12:28:55,0,2024-07-20 12:28:55,,,
2019-07-23,铁矿石,收盘价,880.00,-0.56%,2423,2019-07-23 00:00:00,1,0,2024-07-20 12:28:55,0,2024-07-20 12:28:55,,,
2019-07-23,铁矿石,结算价,883.50,-1.34%,2424,2019-07-23 00:00:00,1,0,2024-07-20 12:28:55,0,2024-07-20 12:28:55,,,
2019-07-22,铁矿石,收盘价,885.00,-3.38%,2425,2019-07-22 00:00:00,1,0,2024-07-20 12:28:55,0,2024-07-20 12:28:55,,,
2019-07-22,铁矿石,结算价,895.50,-0.44%,2426,2019-07-22 00:00:00,1,0,2024-07-20 12:28:55,0,2024-07-20 12:28:55,,,
2019-07-19,铁矿石,收盘价,916.00,3.04%,2427,2019-07-19 00:00:00,1,0,2024-07-20 12:28:55,0,2024-07-20 12:28:55,,,
2019-07-19,铁矿石,结算价,899.50,0.5%,2428,2019-07-19 00:00:00,1,0,2024-07-20 12:28:55,0,2024-07-20 12:28:55,,,
2019-07-18,铁矿石,收盘价,889.00,-1.17%,2429,2019-07-18 00:00:00,1,0,2024-07-20 12:28:55,0,2024-07-20 12:28:55,,,
2019-07-18,铁矿石,结算价,895.00,0.11%,2430,2019-07-18 00:00:00,1,0,2024-07-20 12:28:55,0,2024-07-20 12:28:55,,,
2019-07-17,铁矿石,收盘价,899.50,-0.61%,2431,2019-07-17 00:00:00,1,0,2024-07-20 12:28:59,0,2024-07-20 12:28:59,,,
2019-07-17,铁矿石,结算价,894.00,-1.76%,2432,2019-07-17 00:00:00,1,0,2024-07-20 12:28:59,0,2024-07-20 12:28:59,,,
2019-07-16,铁矿石,收盘价,905.00,1.12%,2433,2019-07-16 00:00:00,1,0,2024-07-20 12:28:59,0,2024-07-20 12:28:59,,,
2019-07-16,铁矿石,结算价,910.00,2.94%,2434,2019-07-16 00:00:00,1,0,2024-07-20 12:28:59,0,2024-07-20 12:28:59,,,
2019-07-15,铁矿石,收盘价,895.00,2.52%,2435,2019-07-15 00:00:00,1,0,2024-07-20 12:28:59,0,2024-07-20 12:28:59,,,
2019-07-15,铁矿石,结算价,884.00,1.09%,2436,2019-07-15 00:00:00,1,0,2024-07-20 12:28:59,0,2024-07-20 12:28:59,,,
2019-07-12,铁矿石,收盘价,873.00,0.75%,2437,2019-07-12 00:00:00,1,0,2024-07-20 12:28:59,0,2024-07-20 12:28:59,,,
2019-07-12,铁矿石,结算价,874.50,0.17%,2438,2019-07-12 00:00:00,1,0,2024-07-20 12:28:59,0,2024-07-20 12:28:59,,,
2019-07-11,铁矿石,收盘价,866.50,-1.65%,2439,2019-07-11 00:00:00,1,0,2024-07-20 12:28:59,0,2024-07-20 12:28:59,,,
2019-07-11,铁矿石,结算价,873.00,-0.46%,2440,2019-07-11 00:00:00,1,0,2024-07-20 12:28:59,0,2024-07-20 12:28:59,,,
2019-07-10,铁矿石,收盘价,881.00,0.06%,2441,2019-07-10 00:00:00,1,0,2024-07-20 12:28:59,0,2024-07-20 12:28:59,,,
2019-07-10,铁矿石,结算价,877.00,-0.68%,2442,2019-07-10 00:00:00,1,0,2024-07-20 12:28:59,0,2024-07-20 12:28:59,,,
2019-07-09,铁矿石,收盘价,880.50,2.26%,2443,2019-07-09 00:00:00,1,0,2024-07-20 12:28:59,0,2024-07-20 12:28:59,,,
2019-07-09,铁矿石,结算价,883.00,4.37%,2444,2019-07-09 00:00:00,1,0,2024-07-20 12:28:59,0,2024-07-20 12:28:59,,,
2019-07-08,铁矿石,收盘价,861.00,3.8%,2445,2019-07-08 00:00:00,1,0,2024-07-20 12:28:59,0,2024-07-20 12:28:59,,,
2019-07-08,铁矿石,结算价,846.00,0.12%,2446,2019-07-08 00:00:00,1,0,2024-07-20 12:28:59,0,2024-07-20 12:28:59,,,
2019-07-05,铁矿石,收盘价,829.50,-4.44%,2447,2019-07-05 00:00:00,1,0,2024-07-20 12:28:59,0,2024-07-20 12:28:59,,,
2019-07-05,铁矿石,结算价,845.00,-4.09%,2448,2019-07-05 00:00:00,1,0,2024-07-20 12:28:59,0,2024-07-20 12:28:59,,,
2019-07-04,铁矿石,收盘价,868.00,-4.46%,2449,2019-07-04 00:00:00,1,0,2024-07-20 12:28:59,0,2024-07-20 12:28:59,,,
2019-07-04,铁矿石,结算价,881.00,-2.33%,2450,2019-07-04 00:00:00,1,0,2024-07-20 12:28:59,0,2024-07-20 12:28:59,,,
2019-07-03,铁矿石,收盘价,908.50,0.94%,2451,2019-07-03 00:00:00,1,0,2024-07-20 12:28:59,0,2024-07-20 12:28:59,,,
2019-07-03,铁矿石,结算价,902.00,1.75%,2452,2019-07-03 00:00:00,1,0,2024-07-20 12:28:59,0,2024-07-20 12:28:59,,,
2019-07-02,铁矿石,收盘价,900.00,3.09%,2453,2019-07-02 00:00:00,1,0,2024-07-20 12:28:59,0,2024-07-20 12:28:59,,,
2019-07-02,铁矿石,结算价,886.50,3.62%,2454,2019-07-02 00:00:00,1,0,2024-07-20 12:28:59,0,2024-07-20 12:28:59,,,
2019-07-01,铁矿石,收盘价,873.00,4.11%,2455,2019-07-01 00:00:00,1,0,2024-07-20 12:28:59,0,2024-07-20 12:28:59,,,
2019-07-01,铁矿石,结算价,855.50,2.64%,2456,2019-07-01 00:00:00,1,0,2024-07-20 12:28:59,0,2024-07-20 12:28:59,,,
2019-06-28,铁矿石,收盘价,838.50,2.07%,2457,2019-06-28 00:00:00,1,0,2024-07-20 12:28:59,0,2024-07-20 12:28:59,,,
2019-06-28,铁矿石,结算价,833.50,1.46%,2458,2019-06-28 00:00:00,1,0,2024-07-20 12:28:59,0,2024-07-20 12:28:59,,,
2019-06-27,铁矿石,收盘价,821.50,2.18%,2459,2019-06-27 00:00:00,1,0,2024-07-20 12:28:59,0,2024-07-20 12:28:59,,,
2019-06-27,铁矿石,结算价,821.50,3.27%,2460,2019-06-27 00:00:00,1,0,2024-07-20 12:28:59,0,2024-07-20 12:28:59,,,
2019-06-26,铁矿石,收盘价,804.00,0.69%,2461,2019-06-26 00:00:00,1,0,2024-07-20 12:29:03,0,2024-07-20 12:29:03,,,
2019-06-26,铁矿石,结算价,795.50,-1.3%,2462,2019-06-26 00:00:00,1,0,2024-07-20 12:29:03,0,2024-07-20 12:29:03,,,
2019-06-25,铁矿石,收盘价,798.50,-1.84%,2463,2019-06-25 00:00:00,1,0,2024-07-20 12:29:03,0,2024-07-20 12:29:03,,,
2019-06-25,铁矿石,结算价,806.00,-0.25%,2464,2019-06-25 00:00:00,1,0,2024-07-20 12:29:03,0,2024-07-20 12:29:03,,,
2019-06-24,铁矿石,收盘价,813.50,-0.79%,2465,2019-06-24 00:00:00,1,0,2024-07-20 12:29:03,0,2024-07-20 12:29:03,,,
2019-06-24,铁矿石,结算价,808.00,-1.76%,2466,2019-06-24 00:00:00,1,0,2024-07-20 12:29:03,0,2024-07-20 12:29:03,,,
2019-06-21,铁矿石,收盘价,820.00,-1.32%,2467,2019-06-21 00:00:00,1,0,2024-07-20 12:29:03,0,2024-07-20 12:29:03,,,
2019-06-21,铁矿石,结算价,822.50,1.11%,2468,2019-06-21 00:00:00,1,0,2024-07-20 12:29:03,0,2024-07-20 12:29:03,,,
2019-06-20,铁矿石,收盘价,831.00,3.04%,2469,2019-06-20 00:00:00,1,0,2024-07-20 12:29:03,0,2024-07-20 12:29:03,,,
2019-06-20,铁矿石,结算价,813.50,1.69%,2470,2019-06-20 00:00:00,1,0,2024-07-20 12:29:03,0,2024-07-20 12:29:03,,,
2019-06-19,铁矿石,收盘价,806.50,2.61%,2471,2019-06-19 00:00:00,1,0,2024-07-20 12:29:03,0,2024-07-20 12:29:03,,,
2019-06-19,铁矿石,结算价,800.00,4.23%,2472,2019-06-19 00:00:00,1,0,2024-07-20 12:29:03,0,2024-07-20 12:29:03,,,
2019-06-18,铁矿石,收盘价,786.00,2.28%,2473,2019-06-18 00:00:00,1,0,2024-07-20 12:29:03,0,2024-07-20 12:29:03,,,
2019-06-18,铁矿石,结算价,767.50,-0.26%,2474,2019-06-18 00:00:00,1,0,2024-07-20 12:29:03,0,2024-07-20 12:29:03,,,
2019-06-17,铁矿石,收盘价,768.50,-1.91%,2475,2019-06-17 00:00:00,1,0,2024-07-20 12:29:03,0,2024-07-20 12:29:03,,,
2019-06-17,铁矿石,结算价,769.50,-2.29%,2476,2019-06-17 00:00:00,1,0,2024-07-20 12:29:03,0,2024-07-20 12:29:03,,,
2019-06-14,铁矿石,收盘价,783.50,0.26%,2477,2019-06-14 00:00:00,1,0,2024-07-20 12:29:03,0,2024-07-20 12:29:03,,,
2019-06-14,铁矿石,结算价,787.50,2.74%,2478,2019-06-14 00:00:00,1,0,2024-07-20 12:29:03,0,2024-07-20 12:29:03,,,
2019-06-13,铁矿石,收盘价,781.50,2.29%,2479,2019-06-13 00:00:00,1,0,2024-07-20 12:29:03,0,2024-07-20 12:29:03,,,
2019-06-13,铁矿石,结算价,766.50,-0.39%,2480,2019-06-13 00:00:00,1,0,2024-07-20 12:29:03,0,2024-07-20 12:29:03,,,
2019-06-12,铁矿石,收盘价,764.00,0.46%,2481,2019-06-12 00:00:00,1,0,2024-07-20 12:29:03,0,2024-07-20 12:29:03,,,
2019-06-12,铁矿石,结算价,769.50,3.29%,2482,2019-06-12 00:00:00,1,0,2024-07-20 12:29:03,0,2024-07-20 12:29:03,,,
2019-06-11,铁矿石,收盘价,760.50,4.25%,2483,2019-06-11 00:00:00,1,0,2024-07-20 12:29:03,0,2024-07-20 12:29:03,,,
2019-06-11,铁矿石,结算价,745.00,3.83%,2484,2019-06-11 00:00:00,1,0,2024-07-20 12:29:03,0,2024-07-20 12:29:03,,,
2019-06-10,铁矿石,收盘价,729.50,2.39%,2485,2019-06-10 00:00:00,1,0,2024-07-20 12:29:03,0,2024-07-20 12:29:03,,,
2019-06-10,铁矿石,结算价,717.50,1.49%,2486,2019-06-10 00:00:00,1,0,2024-07-20 12:29:03,0,2024-07-20 12:29:03,,,
2019-06-06,铁矿石,收盘价,712.50,-0.97%,2487,2019-06-06 00:00:00,1,0,2024-07-20 12:29:03,0,2024-07-20 12:29:03,,,
2019-06-06,铁矿石,结算价,707.00,-1.6%,2488,2019-06-06 00:00:00,1,0,2024-07-20 12:29:03,0,2024-07-20 12:29:03,,,
2019-06-05,铁矿石,收盘价,719.50,-0.14%,2489,2019-06-05 00:00:00,1,0,2024-07-20 12:29:03,0,2024-07-20 12:29:03,,,
2019-06-05,铁矿石,结算价,718.50,0.42%,2490,2019-06-05 00:00:00,1,0,2024-07-20 12:29:03,0,2024-07-20 12:29:03,,,
2019-06-04,铁矿石,收盘价,720.50,1.62%,2491,2019-06-04 00:00:00,1,0,2024-07-20 12:29:06,0,2024-07-20 12:29:06,,,
2019-06-04,铁矿石,结算价,715.50,-0.07%,2492,2019-06-04 00:00:00,1,0,2024-07-20 12:29:06,0,2024-07-20 12:29:06,,,
2019-06-03,铁矿石,收盘价,709.00,-2.48%,2493,2019-06-03 00:00:00,1,0,2024-07-20 12:29:06,0,2024-07-20 12:29:06,,,
2019-06-03,铁矿石,结算价,716.00,-2.52%,2494,2019-06-03 00:00:00,1,0,2024-07-20 12:29:06,0,2024-07-20 12:29:06,,,
2019-05-31,铁矿石,收盘价,727.00,-1.36%,2495,2019-05-31 00:00:00,1,0,2024-07-20 12:29:06,0,2024-07-20 12:29:06,,,
2019-05-31,铁矿石,结算价,734.50,-0.61%,2496,2019-05-31 00:00:00,1,0,2024-07-20 12:29:06,0,2024-07-20 12:29:06,,,
2019-05-30,铁矿石,收盘价,737.00,-1.47%,2497,2019-05-30 00:00:00,1,0,2024-07-20 12:29:06,0,2024-07-20 12:29:06,,,
2019-05-30,铁矿石,结算价,739.00,-0.27%,2498,2019-05-30 00:00:00,1,0,2024-07-20 12:29:06,0,2024-07-20 12:29:06,,,
2019-05-29,铁矿石,收盘价,748.00,-1.12%,2499,2019-05-29 00:00:00,1,0,2024-07-20 12:29:06,0,2024-07-20 12:29:06,,,
2019-05-29,铁矿石,结算价,741.00,-2.5%,2500,2019-05-29 00:00:00,1,0,2024-07-20 12:29:06,0,2024-07-20 12:29:06,,,
2019-05-28,铁矿石,收盘价,756.50,-0.59%,2501,2019-05-28 00:00:00,1,0,2024-07-20 12:29:06,0,2024-07-20 12:29:06,,,
2019-05-28,铁矿石,结算价,760.00,0.86%,2502,2019-05-28 00:00:00,1,0,2024-07-20 12:29:06,0,2024-07-20 12:29:06,,,
2019-05-27,铁矿石,收盘价,761.00,3.96%,2503,2019-05-27 00:00:00,1,0,2024-07-20 12:29:06,0,2024-07-20 12:29:06,,,
2019-05-27,铁矿石,结算价,753.50,3.57%,2504,2019-05-27 00:00:00,1,0,2024-07-20 12:29:06,0,2024-07-20 12:29:06,,,
2019-05-24,铁矿石,收盘价,732.00,0.48%,2505,2019-05-24 00:00:00,1,0,2024-07-20 12:29:06,0,2024-07-20 12:29:06,,,
2019-05-24,铁矿石,结算价,727.50,-0.27%,2506,2019-05-24 00:00:00,1,0,2024-07-20 12:29:06,0,2024-07-20 12:29:06,,,
2019-05-23,铁矿石,收盘价,728.50,0.07%,2507,2019-05-23 00:00:00,1,0,2024-07-20 12:29:06,0,2024-07-20 12:29:06,,,
2019-05-23,铁矿石,结算价,729.50,1.04%,2508,2019-05-23 00:00:00,1,0,2024-07-20 12:29:06,0,2024-07-20 12:29:06,,,
2019-05-22,铁矿石,收盘价,728.00,1.53%,2509,2019-05-22 00:00:00,1,0,2024-07-20 12:29:06,0,2024-07-20 12:29:06,,,
2019-05-22,铁矿石,结算价,722.00,2.56%,2510,2019-05-22 00:00:00,1,0,2024-07-20 12:29:06,0,2024-07-20 12:29:06,,,
2019-05-21,铁矿石,收盘价,717.00,0.77%,2511,2019-05-21 00:00:00,1,0,2024-07-20 12:29:06,0,2024-07-20 12:29:06,,,
2019-05-21,铁矿石,结算价,704.00,-0.49%,2512,2019-05-21 00:00:00,1,0,2024-07-20 12:29:06,0,2024-07-20 12:29:06,,,
2019-05-20,铁矿石,收盘价,711.50,0.64%,2513,2019-05-20 00:00:00,1,0,2024-07-20 12:29:06,0,2024-07-20 12:29:06,,,
2019-05-20,铁矿石,结算价,707.50,1.73%,2514,2019-05-20 00:00:00,1,0,2024-07-20 12:29:06,0,2024-07-20 12:29:06,,,
2019-05-17,铁矿石,收盘价,707.00,3.89%,2515,2019-05-17 00:00:00,1,0,2024-07-20 12:29:06,0,2024-07-20 12:29:06,,,
2019-05-17,铁矿石,结算价,695.50,3.65%,2516,2019-05-17 00:00:00,1,0,2024-07-20 12:29:06,0,2024-07-20 12:29:06,,,
2019-05-16,铁矿石,收盘价,680.50,3.11%,2517,2019-05-16 00:00:00,1,0,2024-07-20 12:29:06,0,2024-07-20 12:29:06,,,
2019-05-16,铁矿石,结算价,671.00,3.31%,2518,2019-05-16 00:00:00,1,0,2024-07-20 12:29:06,0,2024-07-20 12:29:06,,,
2019-05-15,铁矿石,收盘价,660.00,2.4%,2519,2019-05-15 00:00:00,1,0,2024-07-20 12:29:06,0,2024-07-20 12:29:06,,,
2019-05-15,铁矿石,结算价,649.50,-0.38%,2520,2019-05-15 00:00:00,1,0,2024-07-20 12:29:06,0,2024-07-20 12:29:06,,,
2019-05-14,铁矿石,收盘价,644.50,-1.38%,2521,2019-05-14 00:00:00,1,0,2024-07-20 12:29:09,0,2024-07-20 12:29:09,,,
2019-05-14,铁矿石,结算价,652.00,-0.38%,2522,2019-05-14 00:00:00,1,0,2024-07-20 12:29:09,0,2024-07-20 12:29:09,,,
2019-05-13,铁矿石,收盘价,653.50,-0.31%,2523,2019-05-13 00:00:00,1,0,2024-07-20 12:29:09,0,2024-07-20 12:29:09,,,
2019-05-13,铁矿石,结算价,654.50,1.16%,2524,2019-05-13 00:00:00,1,0,2024-07-20 12:29:09,0,2024-07-20 12:29:09,,,
2019-05-10,铁矿石,收盘价,655.50,1.71%,2525,2019-05-10 00:00:00,1,0,2024-07-20 12:29:09,0,2024-07-20 12:29:09,,,
2019-05-10,铁矿石,结算价,647.00,1.01%,2526,2019-05-10 00:00:00,1,0,2024-07-20 12:29:09,0,2024-07-20 12:29:09,,,
2019-05-09,铁矿石,收盘价,644.50,0.23%,2527,2019-05-09 00:00:00,1,0,2024-07-20 12:29:09,0,2024-07-20 12:29:09,,,
2019-05-09,铁矿石,结算价,640.50,-0.54%,2528,2019-05-09 00:00:00,1,0,2024-07-20 12:29:09,0,2024-07-20 12:29:09,,,
2019-05-08,铁矿石,收盘价,643.00,-1.38%,2529,2019-05-08 00:00:00,1,0,2024-07-20 12:29:09,0,2024-07-20 12:29:09,,,
2019-05-08,铁矿石,结算价,644.00,-1.%,2530,2019-05-08 00:00:00,1,0,2024-07-20 12:29:09,0,2024-07-20 12:29:09,,,
2019-05-07,铁矿石,收盘价,652.00,2.19%,2531,2019-05-07 00:00:00,1,0,2024-07-20 12:29:09,0,2024-07-20 12:29:09,,,
2019-05-07,铁矿石,结算价,650.50,2.68%,2532,2019-05-07 00:00:00,1,0,2024-07-20 12:29:09,0,2024-07-20 12:29:09,,,
2019-05-06,铁矿石,收盘价,638.00,-0.16%,2533,2019-05-06 00:00:00,1,0,2024-07-20 12:29:09,0,2024-07-20 12:29:09,,,
2019-05-06,铁矿石,结算价,633.50,-0.16%,2534,2019-05-06 00:00:00,1,0,2024-07-20 12:29:09,0,2024-07-20 12:29:09,,,
2019-04-30,铁矿石,收盘价,639.00,0.79%,2535,2019-04-30 00:00:00,1,0,2024-07-20 12:29:09,0,2024-07-20 12:29:09,,,
2019-04-30,铁矿石,结算价,634.50,1.36%,2536,2019-04-30 00:00:00,1,0,2024-07-20 12:29:09,0,2024-07-20 12:29:09,,,
2019-04-29,铁矿石,收盘价,634.00,2.51%,2537,2019-04-29 00:00:00,1,0,2024-07-20 12:29:09,0,2024-07-20 12:29:09,,,
2019-04-29,铁矿石,结算价,626.00,0.97%,2538,2019-04-29 00:00:00,1,0,2024-07-20 12:29:09,0,2024-07-20 12:29:09,,,
2019-04-26,铁矿石,收盘价,618.50,0.41%,2539,2019-04-26 00:00:00,1,0,2024-07-20 12:29:09,0,2024-07-20 12:29:09,,,
2019-04-26,铁矿石,结算价,620.00,-0.08%,2540,2019-04-26 00:00:00,1,0,2024-07-20 12:29:09,0,2024-07-20 12:29:09,,,
2019-04-25,铁矿石,收盘价,616.00,-0.48%,2541,2019-04-25 00:00:00,1,0,2024-07-20 12:29:09,0,2024-07-20 12:29:09,,,
2019-04-25,铁矿石,结算价,620.50,-0.24%,2542,2019-04-25 00:00:00,1,0,2024-07-20 12:29:09,0,2024-07-20 12:29:09,,,
2019-04-24,铁矿石,收盘价,619.00,-1.59%,2543,2019-04-24 00:00:00,1,0,2024-07-20 12:29:09,0,2024-07-20 12:29:09,,,
2019-04-24,铁矿石,结算价,622.00,-1.11%,2544,2019-04-24 00:00:00,1,0,2024-07-20 12:29:09,0,2024-07-20 12:29:09,,,
2019-04-23,铁矿石,收盘价,629.00,0.32%,2545,2019-04-23 00:00:00,1,0,2024-07-20 12:29:09,0,2024-07-20 12:29:09,,,
2019-04-23,铁矿石,结算价,629.00,-0.55%,2546,2019-04-23 00:00:00,1,0,2024-07-20 12:29:09,0,2024-07-20 12:29:09,,,
2019-04-22,铁矿石,收盘价,627.00,0.88%,2547,2019-04-22 00:00:00,1,0,2024-07-20 12:29:09,0,2024-07-20 12:29:09,,,
2019-04-22,铁矿石,结算价,632.50,2.18%,2548,2019-04-22 00:00:00,1,0,2024-07-20 12:29:09,0,2024-07-20 12:29:09,,,
2019-04-19,铁矿石,收盘价,621.50,0.24%,2549,2019-04-19 00:00:00,1,0,2024-07-20 12:29:09,0,2024-07-20 12:29:09,,,
2019-04-19,铁矿石,结算价,619.00,-0.16%,2550,2019-04-19 00:00:00,1,0,2024-07-20 12:29:09,0,2024-07-20 12:29:09,,,
2019-04-18,铁矿石,收盘价,620.00,-0.16%,2551,2019-04-18 00:00:00,1,0,2024-07-20 12:29:12,0,2024-07-20 12:29:12,,,
2019-04-18,铁矿石,结算价,620.00,-0.88%,2552,2019-04-18 00:00:00,1,0,2024-07-20 12:29:12,0,2024-07-20 12:29:12,,,
2019-04-17,铁矿石,收盘价,621.00,-1.82%,2553,2019-04-17 00:00:00,1,0,2024-07-20 12:29:12,0,2024-07-20 12:29:12,,,
2019-04-17,铁矿石,结算价,625.50,-3.1%,2554,2019-04-17 00:00:00,1,0,2024-07-20 12:29:12,0,2024-07-20 12:29:12,,,
2019-04-16,铁矿石,收盘价,632.50,-3.14%,2555,2019-04-16 00:00:00,1,0,2024-07-20 12:29:12,0,2024-07-20 12:29:12,,,
2019-04-16,铁矿石,结算价,645.50,-1.22%,2556,2019-04-16 00:00:00,1,0,2024-07-20 12:29:12,0,2024-07-20 12:29:12,,,
2019-04-15,铁矿石,收盘价,653.00,-0.08%,2557,2019-04-15 00:00:00,1,0,2024-07-20 12:29:12,0,2024-07-20 12:29:12,,,
2019-04-15,铁矿石,结算价,653.50,0.23%,2558,2019-04-15 00:00:00,1,0,2024-07-20 12:29:12,0,2024-07-20 12:29:12,,,
2019-04-12,铁矿石,收盘价,653.50,-0.15%,2559,2019-04-12 00:00:00,1,0,2024-07-20 12:29:12,0,2024-07-20 12:29:12,,,
2019-04-12,铁矿石,结算价,652.00,0.46%,2560,2019-04-12 00:00:00,1,0,2024-07-20 12:29:12,0,2024-07-20 12:29:12,,,
2019-04-11,铁矿石,收盘价,654.50,0.54%,2561,2019-04-11 00:00:00,1,0,2024-07-20 12:29:12,0,2024-07-20 12:29:12,,,
2019-04-11,铁矿石,结算价,649.00,0.31%,2562,2019-04-11 00:00:00,1,0,2024-07-20 12:29:12,0,2024-07-20 12:29:12,,,
2019-04-10,铁矿石,收盘价,651.00,0.46%,2563,2019-04-10 00:00:00,1,0,2024-07-20 12:29:12,0,2024-07-20 12:29:12,,,
2019-04-10,铁矿石,结算价,647.00,-0.77%,2564,2019-04-10 00:00:00,1,0,2024-07-20 12:29:12,0,2024-07-20 12:29:12,,,
2019-04-09,铁矿石,收盘价,648.00,-8.99%,2565,2019-04-09 00:00:00,1,0,2024-07-20 12:29:12,0,2024-07-20 12:29:12,,,
2019-04-09,铁矿石,结算价,652.00,-7.06%,2566,2019-04-09 00:00:00,1,0,2024-07-20 12:29:12,0,2024-07-20 12:29:12,,,
2019-04-08,铁矿石,收盘价,712.00,3.56%,2567,2019-04-08 00:00:00,1,0,2024-07-20 12:29:12,0,2024-07-20 12:29:12,,,
2019-04-08,铁矿石,结算价,701.50,2.78%,2568,2019-04-08 00:00:00,1,0,2024-07-20 12:29:12,0,2024-07-20 12:29:12,,,
2019-04-04,铁矿石,收盘价,687.50,-0.43%,2569,2019-04-04 00:00:00,1,0,2024-07-20 12:29:12,0,2024-07-20 12:29:12,,,
2019-04-04,铁矿石,结算价,682.50,0.37%,2570,2019-04-04 00:00:00,1,0,2024-07-20 12:29:12,0,2024-07-20 12:29:12,,,
2019-04-03,铁矿石,收盘价,690.50,4.23%,2571,2019-04-03 00:00:00,1,0,2024-07-20 12:29:12,0,2024-07-20 12:29:12,,,
2019-04-03,铁矿石,结算价,680.00,3.74%,2572,2019-04-03 00:00:00,1,0,2024-07-20 12:29:12,0,2024-07-20 12:29:12,,,
2019-04-02,铁矿石,收盘价,662.50,1.92%,2573,2019-04-02 00:00:00,1,0,2024-07-20 12:29:12,0,2024-07-20 12:29:12,,,
2019-04-02,铁矿石,结算价,655.50,2.66%,2574,2019-04-02 00:00:00,1,0,2024-07-20 12:29:12,0,2024-07-20 12:29:12,,,
2019-04-01,铁矿石,收盘价,650.00,2.93%,2575,2019-04-01 00:00:00,1,0,2024-07-20 12:29:12,0,2024-07-20 12:29:12,,,
2019-04-01,铁矿石,结算价,638.50,2.82%,2576,2019-04-01 00:00:00,1,0,2024-07-20 12:29:12,0,2024-07-20 12:29:12,,,
2019-03-29,铁矿石,收盘价,631.50,4.04%,2577,2019-03-29 00:00:00,1,0,2024-07-20 12:29:12,0,2024-07-20 12:29:12,,,
2019-03-29,铁矿石,结算价,621.00,1.8%,2578,2019-03-29 00:00:00,1,0,2024-07-20 12:29:12,0,2024-07-20 12:29:12,,,
2019-03-28,铁矿石,收盘价,607.00,-1.06%,2579,2019-03-28 00:00:00,1,0,2024-07-20 12:29:12,0,2024-07-20 12:29:12,,,
2019-03-28,铁矿石,结算价,610.00,-0.57%,2580,2019-03-28 00:00:00,1,0,2024-07-20 12:29:12,0,2024-07-20 12:29:12,,,
2019-03-27,铁矿石,收盘价,613.50,0.74%,2581,2019-03-27 00:00:00,1,0,2024-07-20 12:29:16,0,2024-07-20 12:29:16,,,
2019-03-27,铁矿石,结算价,613.50,0.%,2582,2019-03-27 00:00:00,1,0,2024-07-20 12:29:16,0,2024-07-20 12:29:16,,,
2019-03-26,铁矿石,收盘价,609.00,-0.33%,2583,2019-03-26 00:00:00,1,0,2024-07-20 12:29:16,0,2024-07-20 12:29:16,,,
2019-03-26,铁矿石,结算价,613.50,-0.08%,2584,2019-03-26 00:00:00,1,0,2024-07-20 12:29:16,0,2024-07-20 12:29:16,,,
2019-03-25,铁矿石,收盘价,611.00,-0.73%,2585,2019-03-25 00:00:00,1,0,2024-07-20 12:29:16,0,2024-07-20 12:29:16,,,
2019-03-25,铁矿石,结算价,614.00,0.24%,2586,2019-03-25 00:00:00,1,0,2024-07-20 12:29:16,0,2024-07-20 12:29:16,,,
2019-03-22,铁矿石,收盘价,615.50,0.57%,2587,2019-03-22 00:00:00,1,0,2024-07-20 12:29:16,0,2024-07-20 12:29:16,,,
2019-03-22,铁矿石,结算价,612.50,0.%,2588,2019-03-22 00:00:00,1,0,2024-07-20 12:29:16,0,2024-07-20 12:29:16,,,
2019-03-21,铁矿石,收盘价,612.00,1.24%,2589,2019-03-21 00:00:00,1,0,2024-07-20 12:29:16,0,2024-07-20 12:29:16,,,
2019-03-21,铁矿石,结算价,612.50,-0.16%,2590,2019-03-21 00:00:00,1,0,2024-07-20 12:29:16,0,2024-07-20 12:29:16,,,
2019-03-20,铁矿石,收盘价,604.50,-4.95%,2591,2019-03-20 00:00:00,1,0,2024-07-20 12:29:16,0,2024-07-20 12:29:16,,,
2019-03-20,铁矿石,结算价,613.50,-3.69%,2592,2019-03-20 00:00:00,1,0,2024-07-20 12:29:16,0,2024-07-20 12:29:16,,,
2019-03-19,铁矿石,收盘价,636.00,0.55%,2593,2019-03-19 00:00:00,1,0,2024-07-20 12:29:16,0,2024-07-20 12:29:16,,,
2019-03-19,铁矿石,结算价,637.00,0.39%,2594,2019-03-19 00:00:00,1,0,2024-07-20 12:29:16,0,2024-07-20 12:29:16,,,
2019-03-18,铁矿石,收盘价,632.50,0.88%,2595,2019-03-18 00:00:00,1,0,2024-07-20 12:29:16,0,2024-07-20 12:29:16,,,
2019-03-18,铁矿石,结算价,634.50,1.93%,2596,2019-03-18 00:00:00,1,0,2024-07-20 12:29:16,0,2024-07-20 12:29:16,,,
2019-03-15,铁矿石,收盘价,627.00,0.08%,2597,2019-03-15 00:00:00,1,0,2024-07-20 12:29:16,0,2024-07-20 12:29:16,,,
2019-03-15,铁矿石,结算价,622.50,0.81%,2598,2019-03-15 00:00:00,1,0,2024-07-20 12:29:16,0,2024-07-20 12:29:16,,,
2019-03-14,铁矿石,收盘价,626.50,3.81%,2599,2019-03-14 00:00:00,1,0,2024-07-20 12:29:16,0,2024-07-20 12:29:16,,,
2019-03-14,铁矿石,结算价,617.50,1.23%,2600,2019-03-14 00:00:00,1,0,2024-07-20 12:29:16,0,2024-07-20 12:29:16,,,
2019-03-13,铁矿石,收盘价,603.50,-1.47%,2601,2019-03-13 00:00:00,1,0,2024-07-20 12:29:16,0,2024-07-20 12:29:16,,,
2019-03-13,铁矿石,结算价,610.00,0.74%,2602,2019-03-13 00:00:00,1,0,2024-07-20 12:29:16,0,2024-07-20 12:29:16,,,
2019-03-12,铁矿石,收盘价,612.50,2.42%,2603,2019-03-12 00:00:00,1,0,2024-07-20 12:29:16,0,2024-07-20 12:29:16,,,
2019-03-12,铁矿石,结算价,605.50,0.75%,2604,2019-03-12 00:00:00,1,0,2024-07-20 12:29:16,0,2024-07-20 12:29:16,,,
2019-03-11,铁矿石,收盘价,598.00,-2.45%,2605,2019-03-11 00:00:00,1,0,2024-07-20 12:29:16,0,2024-07-20 12:29:16,,,
2019-03-11,铁矿石,结算价,601.00,-2.51%,2606,2019-03-11 00:00:00,1,0,2024-07-20 12:29:16,0,2024-07-20 12:29:16,,,
2019-03-08,铁矿石,收盘价,613.00,-1.68%,2607,2019-03-08 00:00:00,1,0,2024-07-20 12:29:16,0,2024-07-20 12:29:16,,,
2019-03-08,铁矿石,结算价,616.50,0.%,2608,2019-03-08 00:00:00,1,0,2024-07-20 12:29:16,0,2024-07-20 12:29:16,,,
2019-03-07,铁矿石,收盘价,623.50,2.13%,2609,2019-03-07 00:00:00,1,0,2024-07-20 12:29:16,0,2024-07-20 12:29:16,,,
2019-03-07,铁矿石,结算价,616.50,-0.4%,2610,2019-03-07 00:00:00,1,0,2024-07-20 12:29:16,0,2024-07-20 12:29:16,,,
2019-03-06,铁矿石,收盘价,610.50,-2.01%,2611,2019-03-06 00:00:00,1,0,2024-07-20 12:29:18,0,2024-07-20 12:29:18,,,
2019-03-06,铁矿石,结算价,619.00,0.24%,2612,2019-03-06 00:00:00,1,0,2024-07-20 12:29:18,0,2024-07-20 12:29:18,,,
2019-03-05,铁矿石,收盘价,623.00,0.4%,2613,2019-03-05 00:00:00,1,0,2024-07-20 12:29:18,0,2024-07-20 12:29:18,,,
2019-03-05,铁矿石,结算价,617.50,-2.14%,2614,2019-03-05 00:00:00,1,0,2024-07-20 12:29:18,0,2024-07-20 12:29:18,,,
2019-03-04,铁矿石,收盘价,620.50,-0.8%,2615,2019-03-04 00:00:00,1,0,2024-07-20 12:29:18,0,2024-07-20 12:29:18,,,
2019-03-04,铁矿石,结算价,631.00,2.35%,2616,2019-03-04 00:00:00,1,0,2024-07-20 12:29:18,0,2024-07-20 12:29:18,,,
2019-03-01,铁矿石,收盘价,625.50,2.63%,2617,2019-03-01 00:00:00,1,0,2024-07-20 12:29:18,0,2024-07-20 12:29:18,,,
2019-03-01,铁矿石,结算价,616.50,2.24%,2618,2019-03-01 00:00:00,1,0,2024-07-20 12:29:18,0,2024-07-20 12:29:18,,,
2019-02-28,铁矿石,收盘价,609.50,2.78%,2619,2019-02-28 00:00:00,1,0,2024-07-20 12:29:18,0,2024-07-20 12:29:18,,,
2019-02-28,铁矿石,结算价,603.00,0.92%,2620,2019-02-28 00:00:00,1,0,2024-07-20 12:29:18,0,2024-07-20 12:29:18,,,
2019-02-27,铁矿石,收盘价,593.00,-0.08%,2621,2019-02-27 00:00:00,1,0,2024-07-20 12:29:18,0,2024-07-20 12:29:18,,,
2019-02-27,铁矿石,结算价,597.50,0.67%,2622,2019-02-27 00:00:00,1,0,2024-07-20 12:29:18,0,2024-07-20 12:29:18,,,
2019-02-26,铁矿石,收盘价,593.50,-0.84%,2623,2019-02-26 00:00:00,1,0,2024-07-20 12:29:18,0,2024-07-20 12:29:18,,,
2019-02-26,铁矿石,结算价,593.50,-3.18%,2624,2019-02-26 00:00:00,1,0,2024-07-20 12:29:18,0,2024-07-20 12:29:18,,,
2019-02-25,铁矿石,收盘价,598.50,-3.23%,2625,2019-02-25 00:00:00,1,0,2024-07-20 12:29:18,0,2024-07-20 12:29:18,,,
2019-02-25,铁矿石,结算价,613.00,1.07%,2626,2019-02-25 00:00:00,1,0,2024-07-20 12:29:18,0,2024-07-20 12:29:18,,,
2019-02-22,铁矿石,收盘价,618.50,0.57%,2627,2019-02-22 00:00:00,1,0,2024-07-20 12:29:18,0,2024-07-20 12:29:18,,,
2019-02-22,铁矿石,结算价,606.50,-1.86%,2628,2019-02-22 00:00:00,1,0,2024-07-20 12:29:18,0,2024-07-20 12:29:18,,,
2019-02-21,铁矿石,收盘价,615.00,-0.73%,2629,2019-02-21 00:00:00,1,0,2024-07-20 12:29:18,0,2024-07-20 12:29:18,,,
2019-02-21,铁矿石,结算价,618.00,-0.56%,2630,2019-02-21 00:00:00,1,0,2024-07-20 12:29:18,0,2024-07-20 12:29:18,,,
2019-02-20,铁矿石,收盘价,619.50,-1.82%,2631,2019-02-20 00:00:00,1,0,2024-07-20 12:29:18,0,2024-07-20 12:29:18,,,
2019-02-20,铁矿石,结算价,621.50,-1.66%,2632,2019-02-20 00:00:00,1,0,2024-07-20 12:29:18,0,2024-07-20 12:29:18,,,
2019-02-19,铁矿石,收盘价,631.00,0.48%,2633,2019-02-19 00:00:00,1,0,2024-07-20 12:29:18,0,2024-07-20 12:29:18,,,
2019-02-19,铁矿石,结算价,632.00,0.16%,2634,2019-02-19 00:00:00,1,0,2024-07-20 12:29:18,0,2024-07-20 12:29:18,,,
2019-02-18,铁矿石,收盘价,628.00,0.64%,2635,2019-02-18 00:00:00,1,0,2024-07-20 12:29:18,0,2024-07-20 12:29:18,,,
2019-02-18,铁矿石,结算价,631.00,0.88%,2636,2019-02-18 00:00:00,1,0,2024-07-20 12:29:18,0,2024-07-20 12:29:18,,,
2019-02-15,铁矿石,收盘价,624.00,-0.72%,2637,2019-02-15 00:00:00,1,0,2024-07-20 12:29:18,0,2024-07-20 12:29:18,,,
2019-02-15,铁矿石,结算价,625.50,0.64%,2638,2019-02-15 00:00:00,1,0,2024-07-20 12:29:18,0,2024-07-20 12:29:18,,,
2019-02-14,铁矿石,收盘价,628.50,0.72%,2639,2019-02-14 00:00:00,1,0,2024-07-20 12:29:18,0,2024-07-20 12:29:18,,,
2019-02-14,铁矿石,结算价,621.50,-0.4%,2640,2019-02-14 00:00:00,1,0,2024-07-20 12:29:18,0,2024-07-20 12:29:18,,,
2019-02-13,铁矿石,收盘价,624.00,-1.58%,2641,2019-02-13 00:00:00,1,0,2024-07-20 12:29:21,0,2024-07-20 12:29:21,,,
2019-02-13,铁矿石,结算价,624.00,-3.26%,2642,2019-02-13 00:00:00,1,0,2024-07-20 12:29:21,0,2024-07-20 12:29:21,,,
2019-02-12,铁矿石,收盘价,634.00,-2.76%,2643,2019-02-12 00:00:00,1,0,2024-07-20 12:29:21,0,2024-07-20 12:29:21,,,
2019-02-12,铁矿石,结算价,645.00,-1.%,2644,2019-02-12 00:00:00,1,0,2024-07-20 12:29:21,0,2024-07-20 12:29:21,,,
2019-02-11,铁矿石,收盘价,652.00,10.79%,2645,2019-02-11 00:00:00,1,0,2024-07-20 12:29:21,0,2024-07-20 12:29:21,,,
2019-02-11,铁矿石,结算价,651.50,11.46%,2646,2019-02-11 00:00:00,1,0,2024-07-20 12:29:21,0,2024-07-20 12:29:21,,,
2019-02-01,铁矿石,收盘价,621.50,5.61%,2647,2019-02-01 00:00:00,1,0,2024-07-20 12:29:21,0,2024-07-20 12:29:21,,,
2019-02-01,铁矿石,结算价,604.00,3.34%,2648,2019-02-01 00:00:00,1,0,2024-07-20 12:29:21,0,2024-07-20 12:29:21,,,
2019-01-31,铁矿石,收盘价,588.50,0.26%,2649,2019-01-31 00:00:00,1,0,2024-07-20 12:29:21,0,2024-07-20 12:29:21,,,
2019-01-31,铁矿石,结算价,584.50,1.12%,2650,2019-01-31 00:00:00,1,0,2024-07-20 12:29:21,0,2024-07-20 12:29:21,,,
2019-01-30,铁矿石,收盘价,587.00,4.73%,2651,2019-01-30 00:00:00,1,0,2024-07-20 12:29:21,0,2024-07-20 12:29:21,,,
2019-01-30,铁矿石,结算价,578.00,3.96%,2652,2019-01-30 00:00:00,1,0,2024-07-20 12:29:21,0,2024-07-20 12:29:21,,,
2019-01-29,铁矿石,收盘价,560.50,1.82%,2653,2019-01-29 00:00:00,1,0,2024-07-20 12:29:21,0,2024-07-20 12:29:21,,,
2019-01-29,铁矿石,结算价,556.00,0.45%,2654,2019-01-29 00:00:00,1,0,2024-07-20 12:29:21,0,2024-07-20 12:29:21,,,
2019-01-28,铁矿石,收盘价,550.50,3.09%,2655,2019-01-28 00:00:00,1,0,2024-07-20 12:29:21,0,2024-07-20 12:29:21,,,
2019-01-28,铁矿石,结算价,553.50,3.36%,2656,2019-01-28 00:00:00,1,0,2024-07-20 12:29:21,0,2024-07-20 12:29:21,,,
2019-01-25,铁矿石,收盘价,534.00,-0.28%,2657,2019-01-25 00:00:00,1,0,2024-07-20 12:29:21,0,2024-07-20 12:29:21,,,
2019-01-25,铁矿石,结算价,535.50,0.56%,2658,2019-01-25 00:00:00,1,0,2024-07-20 12:29:21,0,2024-07-20 12:29:21,,,
2019-01-24,铁矿石,收盘价,535.50,1.61%,2659,2019-01-24 00:00:00,1,0,2024-07-20 12:29:21,0,2024-07-20 12:29:21,,,
2019-01-24,铁矿石,结算价,532.50,1.04%,2660,2019-01-24 00:00:00,1,0,2024-07-20 12:29:21,0,2024-07-20 12:29:21,,,
2019-01-23,铁矿石,收盘价,527.00,0.19%,2661,2019-01-23 00:00:00,1,0,2024-07-20 12:29:21,0,2024-07-20 12:29:21,,,
2019-01-23,铁矿石,结算价,527.00,-0.94%,2662,2019-01-23 00:00:00,1,0,2024-07-20 12:29:21,0,2024-07-20 12:29:21,,,
2019-01-22,铁矿石,收盘价,526.00,-1.31%,2663,2019-01-22 00:00:00,1,0,2024-07-20 12:29:21,0,2024-07-20 12:29:21,,,
2019-01-22,铁矿石,结算价,532.00,-0.19%,2664,2019-01-22 00:00:00,1,0,2024-07-20 12:29:21,0,2024-07-20 12:29:21,,,
2019-01-21,铁矿石,收盘价,533.00,0.95%,2665,2019-01-21 00:00:00,1,0,2024-07-20 12:29:21,0,2024-07-20 12:29:21,,,
2019-01-21,铁矿石,结算价,533.00,2.21%,2666,2019-01-21 00:00:00,1,0,2024-07-20 12:29:21,0,2024-07-20 12:29:21,,,
2019-01-18,铁矿石,收盘价,528.00,2.82%,2667,2019-01-18 00:00:00,1,0,2024-07-20 12:29:21,0,2024-07-20 12:29:21,,,
2019-01-18,铁矿石,结算价,521.50,1.96%,2668,2019-01-18 00:00:00,1,0,2024-07-20 12:29:21,0,2024-07-20 12:29:21,,,
2019-01-17,铁矿石,收盘价,513.50,0.39%,2669,2019-01-17 00:00:00,1,0,2024-07-20 12:29:21,0,2024-07-20 12:29:21,,,
2019-01-17,铁矿石,结算价,511.50,-0.2%,2670,2019-01-17 00:00:00,1,0,2024-07-20 12:29:21,0,2024-07-20 12:29:21,,,
2019-01-16,铁矿石,收盘价,511.50,-0.1%,2671,2019-01-16 00:00:00,1,0,2024-07-20 12:29:24,0,2024-07-20 12:29:24,,,
2019-01-16,铁矿石,结算价,512.50,0.69%,2672,2019-01-16 00:00:00,1,0,2024-07-20 12:29:24,0,2024-07-20 12:29:24,,,
2019-01-15,铁矿石,收盘价,512.00,-0.19%,2673,2019-01-15 00:00:00,1,0,2024-07-20 12:29:24,0,2024-07-20 12:29:24,,,
2019-01-15,铁矿石,结算价,509.00,0.1%,2674,2019-01-15 00:00:00,1,0,2024-07-20 12:29:24,0,2024-07-20 12:29:24,,,
2019-01-14,铁矿石,收盘价,513.00,0.79%,2675,2019-01-14 00:00:00,1,0,2024-07-20 12:29:24,0,2024-07-20 12:29:24,,,
2019-01-14,铁矿石,结算价,508.50,0.1%,2676,2019-01-14 00:00:00,1,0,2024-07-20 12:29:24,0,2024-07-20 12:29:24,,,
2019-01-11,铁矿石,收盘价,509.00,0.49%,2677,2019-01-11 00:00:00,1,0,2024-07-20 12:29:24,0,2024-07-20 12:29:24,,,
2019-01-11,铁矿石,结算价,508.00,0.%,2678,2019-01-11 00:00:00,1,0,2024-07-20 12:29:24,0,2024-07-20 12:29:24,,,
2019-01-10,铁矿石,收盘价,506.50,-0.59%,2679,2019-01-10 00:00:00,1,0,2024-07-20 12:29:24,0,2024-07-20 12:29:24,,,
2019-01-10,铁矿石,结算价,508.00,-0.88%,2680,2019-01-10 00:00:00,1,0,2024-07-20 12:29:24,0,2024-07-20 12:29:24,,,
2019-01-09,铁矿石,收盘价,509.50,-0.88%,2681,2019-01-09 00:00:00,1,0,2024-07-20 12:29:24,0,2024-07-20 12:29:24,,,
2019-01-09,铁矿石,结算价,512.50,0.%,2682,2019-01-09 00:00:00,1,0,2024-07-20 12:29:24,0,2024-07-20 12:29:24,,,
2019-01-08,铁矿石,收盘价,514.00,-0.1%,2683,2019-01-08 00:00:00,1,0,2024-07-20 12:29:24,0,2024-07-20 12:29:24,,,
2019-01-08,铁矿石,结算价,512.50,0.59%,2684,2019-01-08 00:00:00,1,0,2024-07-20 12:29:24,0,2024-07-20 12:29:24,,,
2019-01-07,铁矿石,收盘价,514.50,0.68%,2685,2019-01-07 00:00:00,1,0,2024-07-20 12:29:24,0,2024-07-20 12:29:24,,,
2019-01-07,铁矿石,结算价,509.50,0.79%,2686,2019-01-07 00:00:00,1,0,2024-07-20 12:29:24,0,2024-07-20 12:29:24,,,
2019-01-04,铁矿石,收盘价,511.00,2.82%,2687,2019-01-04 00:00:00,1,0,2024-07-20 12:29:24,0,2024-07-20 12:29:24,,,
2019-01-04,铁矿石,结算价,505.50,2.22%,2688,2019-01-04 00:00:00,1,0,2024-07-20 12:29:24,0,2024-07-20 12:29:24,,,
2019-01-03,铁矿石,收盘价,497.00,1.53%,2689,2019-01-03 00:00:00,1,0,2024-07-20 12:29:24,0,2024-07-20 12:29:24,,,
2019-01-03,铁矿石,结算价,494.50,0.61%,2690,2019-01-03 00:00:00,1,0,2024-07-20 12:29:24,0,2024-07-20 12:29:24,,,
2019-01-02,铁矿石,收盘价,489.50,-1.01%,2691,2019-01-02 00:00:00,1,0,2024-07-20 12:29:24,0,2024-07-20 12:29:24,,,
2019-01-02,铁矿石,结算价,491.50,-0.2%,2692,2019-01-02 00:00:00,1,0,2024-07-20 12:29:24,0,2024-07-20 12:29:24,,,
2018-12-28,铁矿石,收盘价,494.50,0.61%,2693,2018-12-28 00:00:00,1,0,2024-07-20 12:29:24,0,2024-07-20 12:29:24,,,
2018-12-28,铁矿石,结算价,492.50,0.2%,2694,2018-12-28 00:00:00,1,0,2024-07-20 12:29:24,0,2024-07-20 12:29:24,,,
2018-12-27,铁矿石,收盘价,491.50,-0.2%,2695,2018-12-27 00:00:00,1,0,2024-07-20 12:29:24,0,2024-07-20 12:29:24,,,
2018-12-27,铁矿石,结算价,491.50,0.2%,2696,2018-12-27 00:00:00,1,0,2024-07-20 12:29:24,0,2024-07-20 12:29:24,,,
2018-12-26,铁矿石,收盘价,492.50,1.34%,2697,2018-12-26 00:00:00,1,0,2024-07-20 12:29:24,0,2024-07-20 12:29:24,,,
2018-12-26,铁矿石,结算价,490.50,0.93%,2698,2018-12-26 00:00:00,1,0,2024-07-20 12:29:24,0,2024-07-20 12:29:24,,,
2018-12-25,铁矿石,收盘价,486.00,-1.02%,2699,2018-12-25 00:00:00,1,0,2024-07-20 12:29:24,0,2024-07-20 12:29:24,,,
2018-12-25,铁矿石,结算价,486.00,-0.72%,2700,2018-12-25 00:00:00,1,0,2024-07-20 12:29:24,0,2024-07-20 12:29:24,,,
2018-12-24,铁矿石,收盘价,491.00,-1.21%,2701,2018-12-24 00:00:00,1,0,2024-07-20 12:29:28,0,2024-07-20 12:29:28,,,
2018-12-24,铁矿石,结算价,489.50,-1.31%,2702,2018-12-24 00:00:00,1,0,2024-07-20 12:29:28,0,2024-07-20 12:29:28,,,
2018-12-21,铁矿石,收盘价,497.00,0.1%,2703,2018-12-21 00:00:00,1,0,2024-07-20 12:29:28,0,2024-07-20 12:29:28,,,
2018-12-21,铁矿石,结算价,496.00,1.02%,2704,2018-12-21 00:00:00,1,0,2024-07-20 12:29:28,0,2024-07-20 12:29:28,,,
2018-12-20,铁矿石,收盘价,496.50,1.95%,2705,2018-12-20 00:00:00,1,0,2024-07-20 12:29:28,0,2024-07-20 12:29:28,,,
2018-12-20,铁矿石,结算价,491.00,0.72%,2706,2018-12-20 00:00:00,1,0,2024-07-20 12:29:28,0,2024-07-20 12:29:28,,,
2018-12-19,铁矿石,收盘价,487.00,-4.42%,2707,2018-12-19 00:00:00,1,0,2024-07-20 12:29:28,0,2024-07-20 12:29:28,,,
2018-12-19,铁矿石,结算价,487.50,-3.75%,2708,2018-12-19 00:00:00,1,0,2024-07-20 12:29:28,0,2024-07-20 12:29:28,,,
2018-12-18,铁矿石,收盘价,509.50,4.3%,2709,2018-12-18 00:00:00,1,0,2024-07-20 12:29:28,0,2024-07-20 12:29:28,,,
2018-12-18,铁矿石,结算价,506.50,3.79%,2710,2018-12-18 00:00:00,1,0,2024-07-20 12:29:28,0,2024-07-20 12:29:28,,,
2018-12-17,铁矿石,收盘价,488.50,1.35%,2711,2018-12-17 00:00:00,1,0,2024-07-20 12:29:28,0,2024-07-20 12:29:28,,,
2018-12-17,铁矿石,结算价,488.00,1.46%,2712,2018-12-17 00:00:00,1,0,2024-07-20 12:29:28,0,2024-07-20 12:29:28,,,
2018-12-14,铁矿石,收盘价,482.00,0.73%,2713,2018-12-14 00:00:00,1,0,2024-07-20 12:29:28,0,2024-07-20 12:29:28,,,
2018-12-14,铁矿石,结算价,481.00,1.05%,2714,2018-12-14 00:00:00,1,0,2024-07-20 12:29:28,0,2024-07-20 12:29:28,,,
2018-12-13,铁矿石,收盘价,478.50,0.95%,2715,2018-12-13 00:00:00,1,0,2024-07-20 12:29:28,0,2024-07-20 12:29:28,,,
2018-12-13,铁矿石,结算价,476.00,-0.1%,2716,2018-12-13 00:00:00,1,0,2024-07-20 12:29:28,0,2024-07-20 12:29:28,,,
2018-12-12,铁矿石,收盘价,474.00,-0.11%,2717,2018-12-12 00:00:00,1,0,2024-07-20 12:29:28,0,2024-07-20 12:29:28,,,
2018-12-12,铁矿石,结算价,476.50,0.95%,2718,2018-12-12 00:00:00,1,0,2024-07-20 12:29:28,0,2024-07-20 12:29:28,,,
2018-12-11,铁矿石,收盘价,474.50,0.21%,2719,2018-12-11 00:00:00,1,0,2024-07-20 12:29:28,0,2024-07-20 12:29:28,,,
2018-12-11,铁矿石,结算价,472.00,0.%,2720,2018-12-11 00:00:00,1,0,2024-07-20 12:29:28,0,2024-07-20 12:29:28,,,
2018-12-10,铁矿石,收盘价,473.50,-0.32%,2721,2018-12-10 00:00:00,1,0,2024-07-20 12:29:28,0,2024-07-20 12:29:28,,,
2018-12-10,铁矿石,结算价,472.00,0.53%,2722,2018-12-10 00:00:00,1,0,2024-07-20 12:29:28,0,2024-07-20 12:29:28,,,
2018-12-07,铁矿石,收盘价,475.00,1.28%,2723,2018-12-07 00:00:00,1,0,2024-07-20 12:29:28,0,2024-07-20 12:29:28,,,
2018-12-07,铁矿石,结算价,469.50,-0.42%,2724,2018-12-07 00:00:00,1,0,2024-07-20 12:29:28,0,2024-07-20 12:29:28,,,
2018-12-06,铁矿石,收盘价,469.00,-7.5%,2725,2018-12-06 00:00:00,1,0,2024-07-20 12:29:28,0,2024-07-20 12:29:28,,,
2018-12-06,铁矿石,结算价,471.50,-6.17%,2726,2018-12-06 00:00:00,1,0,2024-07-20 12:29:28,0,2024-07-20 12:29:28,,,
2018-12-05,铁矿石,收盘价,507.00,0.8%,2727,2018-12-05 00:00:00,1,0,2024-07-20 12:29:28,0,2024-07-20 12:29:28,,,
2018-12-05,铁矿石,结算价,502.50,0.5%,2728,2018-12-05 00:00:00,1,0,2024-07-20 12:29:28,0,2024-07-20 12:29:28,,,
2018-12-04,铁矿石,收盘价,503.00,1.51%,2729,2018-12-04 00:00:00,1,0,2024-07-20 12:29:28,0,2024-07-20 12:29:28,,,
2018-12-04,铁矿石,结算价,500.00,1.63%,2730,2018-12-04 00:00:00,1,0,2024-07-20 12:29:28,0,2024-07-20 12:29:28,,,
2018-12-03,铁矿石,收盘价,495.50,2.8%,2731,2018-12-03 00:00:00,1,0,2024-07-20 12:29:30,0,2024-07-20 12:29:30,,,
2018-12-03,铁矿石,结算价,492.00,2.71%,2732,2018-12-03 00:00:00,1,0,2024-07-20 12:29:30,0,2024-07-20 12:29:30,,,
2018-11-30,铁矿石,收盘价,482.00,1.26%,2733,2018-11-30 00:00:00,1,0,2024-07-20 12:29:30,0,2024-07-20 12:29:30,,,
2018-11-30,铁矿石,结算价,479.00,1.05%,2734,2018-11-30 00:00:00,1,0,2024-07-20 12:29:30,0,2024-07-20 12:29:30,,,
2018-11-29,铁矿石,收盘价,476.00,0.95%,2735,2018-11-29 00:00:00,1,0,2024-07-20 12:29:30,0,2024-07-20 12:29:30,,,
2018-11-29,铁矿石,结算价,474.00,0.85%,2736,2018-11-29 00:00:00,1,0,2024-07-20 12:29:30,0,2024-07-20 12:29:30,,,
2018-11-28,铁矿石,收盘价,471.50,1.29%,2737,2018-11-28 00:00:00,1,0,2024-07-20 12:29:30,0,2024-07-20 12:29:30,,,
2018-11-28,铁矿石,结算价,470.00,0.64%,2738,2018-11-28 00:00:00,1,0,2024-07-20 12:29:30,0,2024-07-20 12:29:30,,,
2018-11-27,铁矿石,收盘价,465.50,-2.51%,2739,2018-11-27 00:00:00,1,0,2024-07-20 12:29:30,0,2024-07-20 12:29:30,,,
2018-11-27,铁矿石,结算价,467.00,-3.41%,2740,2018-11-27 00:00:00,1,0,2024-07-20 12:29:30,0,2024-07-20 12:29:30,,,
2018-11-26,铁矿石,收盘价,477.50,-3.92%,2741,2018-11-26 00:00:00,1,0,2024-07-20 12:29:30,0,2024-07-20 12:29:30,,,
2018-11-26,铁矿石,结算价,483.50,-4.73%,2742,2018-11-26 00:00:00,1,0,2024-07-20 12:29:30,0,2024-07-20 12:29:30,,,
2018-11-23,铁矿石,收盘价,497.00,-4.15%,2743,2018-11-23 00:00:00,1,0,2024-07-20 12:29:30,0,2024-07-20 12:29:30,,,
2018-11-23,铁矿石,结算价,507.50,-2.59%,2744,2018-11-23 00:00:00,1,0,2024-07-20 12:29:30,0,2024-07-20 12:29:30,,,
2018-11-22,铁矿石,收盘价,518.50,-1.52%,2745,2018-11-22 00:00:00,1,0,2024-07-20 12:29:30,0,2024-07-20 12:29:30,,,
2018-11-22,铁矿石,结算价,521.00,1.86%,2746,2018-11-22 00:00:00,1,0,2024-07-20 12:29:30,0,2024-07-20 12:29:30,,,
2018-11-21,铁矿石,收盘价,526.50,1.94%,2747,2018-11-21 00:00:00,1,0,2024-07-20 12:29:30,0,2024-07-20 12:29:30,,,
2018-11-21,铁矿石,结算价,511.50,-1.63%,2748,2018-11-21 00:00:00,1,0,2024-07-20 12:29:30,0,2024-07-20 12:29:30,,,
2018-11-20,铁矿石,收盘价,516.50,-2.09%,2749,2018-11-20 00:00:00,1,0,2024-07-20 12:29:30,0,2024-07-20 12:29:30,,,
2018-11-20,铁矿石,结算价,520.00,-0.48%,2750,2018-11-20 00:00:00,1,0,2024-07-20 12:29:30,0,2024-07-20 12:29:30,,,
2018-11-19,铁矿石,收盘价,527.50,1.25%,2751,2018-11-19 00:00:00,1,0,2024-07-20 12:29:30,0,2024-07-20 12:29:30,,,
2018-11-19,铁矿石,结算价,522.50,0.67%,2752,2018-11-19 00:00:00,1,0,2024-07-20 12:29:30,0,2024-07-20 12:29:30,,,
2018-11-16,铁矿石,收盘价,521.00,1.46%,2753,2018-11-16 00:00:00,1,0,2024-07-20 12:29:30,0,2024-07-20 12:29:30,,,
2018-11-16,铁矿石,结算价,519.00,1.67%,2754,2018-11-16 00:00:00,1,0,2024-07-20 12:29:30,0,2024-07-20 12:29:30,,,
2018-11-15,铁矿石,收盘价,513.50,0.29%,2755,2018-11-15 00:00:00,1,0,2024-07-20 12:29:30,0,2024-07-20 12:29:30,,,
2018-11-15,铁矿石,结算价,510.50,0.29%,2756,2018-11-15 00:00:00,1,0,2024-07-20 12:29:30,0,2024-07-20 12:29:30,,,
2018-11-14,铁矿石,收盘价,512.00,0.2%,2757,2018-11-14 00:00:00,1,0,2024-07-20 12:29:30,0,2024-07-20 12:29:30,,,
2018-11-14,铁矿石,结算价,509.00,-1.26%,2758,2018-11-14 00:00:00,1,0,2024-07-20 12:29:30,0,2024-07-20 12:29:30,,,
2018-11-13,铁矿石,收盘价,511.00,-1.73%,2759,2018-11-13 00:00:00,1,0,2024-07-20 12:29:30,0,2024-07-20 12:29:30,,,
2018-11-13,铁矿石,结算价,515.50,-0.87%,2760,2018-11-13 00:00:00,1,0,2024-07-20 12:29:30,0,2024-07-20 12:29:30,,,
2018-11-12,铁矿石,收盘价,520.00,-0.95%,2761,2018-11-12 00:00:00,1,0,2024-07-20 12:29:34,0,2024-07-20 12:29:34,,,
2018-11-12,铁矿石,结算价,520.00,-0.76%,2762,2018-11-12 00:00:00,1,0,2024-07-20 12:29:34,0,2024-07-20 12:29:34,,,
2018-11-09,铁矿石,收盘价,525.00,0.96%,2763,2018-11-09 00:00:00,1,0,2024-07-20 12:29:34,0,2024-07-20 12:29:34,,,
2018-11-09,铁矿石,结算价,524.00,1.75%,2764,2018-11-09 00:00:00,1,0,2024-07-20 12:29:34,0,2024-07-20 12:29:34,,,
2018-11-08,铁矿石,收盘价,520.00,1.76%,2765,2018-11-08 00:00:00,1,0,2024-07-20 12:29:34,0,2024-07-20 12:29:34,,,
2018-11-08,铁矿石,结算价,515.00,1.18%,2766,2018-11-08 00:00:00,1,0,2024-07-20 12:29:34,0,2024-07-20 12:29:34,,,
2018-11-07,铁矿石,收盘价,511.00,0.2%,2767,2018-11-07 00:00:00,1,0,2024-07-20 12:29:34,0,2024-07-20 12:29:34,,,
2018-11-07,铁矿石,结算价,509.00,-0.97%,2768,2018-11-07 00:00:00,1,0,2024-07-20 12:29:34,0,2024-07-20 12:29:34,,,
2018-11-06,铁矿石,收盘价,510.00,-1.07%,2769,2018-11-06 00:00:00,1,0,2024-07-20 12:29:34,0,2024-07-20 12:29:34,,,
2018-11-06,铁矿石,结算价,514.00,0.69%,2770,2018-11-06 00:00:00,1,0,2024-07-20 12:29:34,0,2024-07-20 12:29:34,,,
2018-11-05,铁矿石,收盘价,515.50,1.38%,2771,2018-11-05 00:00:00,1,0,2024-07-20 12:29:34,0,2024-07-20 12:29:34,,,
2018-11-05,铁矿石,结算价,510.50,-0.1%,2772,2018-11-05 00:00:00,1,0,2024-07-20 12:29:34,0,2024-07-20 12:29:34,,,
2018-11-02,铁矿石,收盘价,508.50,-2.12%,2773,2018-11-02 00:00:00,1,0,2024-07-20 12:29:34,0,2024-07-20 12:29:34,,,
2018-11-02,铁矿石,结算价,511.00,-3.04%,2774,2018-11-02 00:00:00,1,0,2024-07-20 12:29:34,0,2024-07-20 12:29:34,,,
2018-11-01,铁矿石,收盘价,519.50,-2.62%,2775,2018-11-01 00:00:00,1,0,2024-07-20 12:29:34,0,2024-07-20 12:29:34,,,
2018-11-01,铁矿石,结算价,527.00,-1.13%,2776,2018-11-01 00:00:00,1,0,2024-07-20 12:29:34,0,2024-07-20 12:29:34,,,
2018-10-31,铁矿石,收盘价,533.50,-1.02%,2777,2018-10-31 00:00:00,1,0,2024-07-20 12:29:34,0,2024-07-20 12:29:34,,,
2018-10-31,铁矿石,结算价,533.00,-0.93%,2778,2018-10-31 00:00:00,1,0,2024-07-20 12:29:34,0,2024-07-20 12:29:34,,,
2018-10-30,铁矿石,收盘价,539.00,0.19%,2779,2018-10-30 00:00:00,1,0,2024-07-20 12:29:34,0,2024-07-20 12:29:34,,,
2018-10-30,铁矿石,结算价,538.00,-0.46%,2780,2018-10-30 00:00:00,1,0,2024-07-20 12:29:34,0,2024-07-20 12:29:34,,,
2018-10-29,铁矿石,收盘价,538.00,-0.09%,2781,2018-10-29 00:00:00,1,0,2024-07-20 12:29:34,0,2024-07-20 12:29:34,,,
2018-10-29,铁矿石,结算价,540.50,1.12%,2782,2018-10-29 00:00:00,1,0,2024-07-20 12:29:34,0,2024-07-20 12:29:34,,,
2018-10-26,铁矿石,收盘价,538.50,1.03%,2783,2018-10-26 00:00:00,1,0,2024-07-20 12:29:34,0,2024-07-20 12:29:34,,,
2018-10-26,铁矿石,结算价,534.50,0.47%,2784,2018-10-26 00:00:00,1,0,2024-07-20 12:29:34,0,2024-07-20 12:29:34,,,
2018-10-25,铁矿石,收盘价,533.00,-0.65%,2785,2018-10-25 00:00:00,1,0,2024-07-20 12:29:34,0,2024-07-20 12:29:34,,,
2018-10-25,铁矿石,结算价,532.00,0.85%,2786,2018-10-25 00:00:00,1,0,2024-07-20 12:29:34,0,2024-07-20 12:29:34,,,
2018-10-24,铁矿石,收盘价,536.50,3.27%,2787,2018-10-24 00:00:00,1,0,2024-07-20 12:29:34,0,2024-07-20 12:29:34,,,
2018-10-24,铁矿石,结算价,527.50,0.96%,2788,2018-10-24 00:00:00,1,0,2024-07-20 12:29:34,0,2024-07-20 12:29:34,,,
2018-10-23,铁矿石,收盘价,519.50,-0.95%,2789,2018-10-23 00:00:00,1,0,2024-07-20 12:29:34,0,2024-07-20 12:29:34,,,
2018-10-23,铁矿石,结算价,522.50,0.19%,2790,2018-10-23 00:00:00,1,0,2024-07-20 12:29:34,0,2024-07-20 12:29:34,,,
2018-10-22,铁矿石,收盘价,524.50,1.84%,2791,2018-10-22 00:00:00,1,0,2024-07-20 12:29:37,0,2024-07-20 12:29:37,,,
2018-10-22,铁矿石,结算价,521.50,1.07%,2792,2018-10-22 00:00:00,1,0,2024-07-20 12:29:37,0,2024-07-20 12:29:37,,,
2018-10-19,铁矿石,收盘价,515.00,-0.48%,2793,2018-10-19 00:00:00,1,0,2024-07-20 12:29:37,0,2024-07-20 12:29:37,,,
2018-10-19,铁矿石,结算价,516.00,-1.43%,2794,2018-10-19 00:00:00,1,0,2024-07-20 12:29:37,0,2024-07-20 12:29:37,,,
2018-10-18,铁矿石,收盘价,517.50,-1.15%,2795,2018-10-18 00:00:00,1,0,2024-07-20 12:29:37,0,2024-07-20 12:29:37,,,
2018-10-18,铁矿石,结算价,523.50,1.85%,2796,2018-10-18 00:00:00,1,0,2024-07-20 12:29:37,0,2024-07-20 12:29:37,,,
2018-10-17,铁矿石,收盘价,523.50,3.15%,2797,2018-10-17 00:00:00,1,0,2024-07-20 12:29:37,0,2024-07-20 12:29:37,,,
2018-10-17,铁矿石,结算价,514.00,0.78%,2798,2018-10-17 00:00:00,1,0,2024-07-20 12:29:37,0,2024-07-20 12:29:37,,,
2018-10-16,铁矿石,收盘价,507.50,-0.29%,2799,2018-10-16 00:00:00,1,0,2024-07-20 12:29:37,0,2024-07-20 12:29:37,,,
2018-10-16,铁矿石,结算价,510.00,-0.58%,2800,2018-10-16 00:00:00,1,0,2024-07-20 12:29:37,0,2024-07-20 12:29:37,,,
2018-10-15,铁矿石,收盘价,509.00,-1.17%,2801,2018-10-15 00:00:00,1,0,2024-07-20 12:29:37,0,2024-07-20 12:29:37,,,
2018-10-15,铁矿石,结算价,513.00,-0.1%,2802,2018-10-15 00:00:00,1,0,2024-07-20 12:29:37,0,2024-07-20 12:29:37,,,
2018-10-12,铁矿石,收盘价,515.00,0.68%,2803,2018-10-12 00:00:00,1,0,2024-07-20 12:29:37,0,2024-07-20 12:29:37,,,
2018-10-12,铁矿石,结算价,513.50,0.29%,2804,2018-10-12 00:00:00,1,0,2024-07-20 12:29:37,0,2024-07-20 12:29:37,,,
2018-10-11,铁矿石,收盘价,511.50,-0.68%,2805,2018-10-11 00:00:00,1,0,2024-07-20 12:29:37,0,2024-07-20 12:29:37,,,
2018-10-11,铁矿石,结算价,512.00,-0.39%,2806,2018-10-11 00:00:00,1,0,2024-07-20 12:29:37,0,2024-07-20 12:29:37,,,
2018-10-10,铁矿石,收盘价,515.00,1.18%,2807,2018-10-10 00:00:00,1,0,2024-07-20 12:29:37,0,2024-07-20 12:29:37,,,
2018-10-10,铁矿石,结算价,514.00,1.38%,2808,2018-10-10 00:00:00,1,0,2024-07-20 12:29:37,0,2024-07-20 12:29:37,,,
2018-10-09,铁矿石,收盘价,509.00,2.21%,2809,2018-10-09 00:00:00,1,0,2024-07-20 12:29:37,0,2024-07-20 12:29:37,,,
2018-10-09,铁矿石,结算价,507.00,2.32%,2810,2018-10-09 00:00:00,1,0,2024-07-20 12:29:37,0,2024-07-20 12:29:37,,,
2018-10-08,铁矿石,收盘价,498.00,0.5%,2811,2018-10-08 00:00:00,1,0,2024-07-20 12:29:37,0,2024-07-20 12:29:37,,,
2018-10-08,铁矿石,结算价,495.50,0.51%,2812,2018-10-08 00:00:00,1,0,2024-07-20 12:29:37,0,2024-07-20 12:29:37,,,
2018-09-28,铁矿石,收盘价,495.50,-0.4%,2813,2018-09-28 00:00:00,1,0,2024-07-20 12:29:37,0,2024-07-20 12:29:37,,,
2018-09-28,铁矿石,结算价,493.00,-1.5%,2814,2018-09-28 00:00:00,1,0,2024-07-20 12:29:37,0,2024-07-20 12:29:37,,,
2018-09-27,铁矿石,收盘价,497.50,-0.5%,2815,2018-09-27 00:00:00,1,0,2024-07-20 12:29:37,0,2024-07-20 12:29:37,,,
2018-09-27,铁矿石,结算价,500.50,-0.3%,2816,2018-09-27 00:00:00,1,0,2024-07-20 12:29:37,0,2024-07-20 12:29:37,,,
2018-09-26,铁矿石,收盘价,500.00,0.6%,2817,2018-09-26 00:00:00,1,0,2024-07-20 12:29:37,0,2024-07-20 12:29:37,,,
2018-09-26,铁矿石,结算价,502.00,1.01%,2818,2018-09-26 00:00:00,1,0,2024-07-20 12:29:37,0,2024-07-20 12:29:37,,,
2018-09-25,铁矿石,收盘价,497.00,-0.8%,2819,2018-09-25 00:00:00,1,0,2024-07-20 12:29:37,0,2024-07-20 12:29:37,,,
2018-09-25,铁矿石,结算价,497.00,-1.%,2820,2018-09-25 00:00:00,1,0,2024-07-20 12:29:37,0,2024-07-20 12:29:37,,,
2018-09-21,铁矿石,收盘价,501.00,-0.2%,2821,2018-09-21 00:00:00,1,0,2024-07-20 12:29:40,0,2024-07-20 12:29:40,,,
2018-09-21,铁矿石,结算价,502.00,-0.1%,2822,2018-09-21 00:00:00,1,0,2024-07-20 12:29:40,0,2024-07-20 12:29:40,,,
2018-09-20,铁矿石,收盘价,502.00,-0.5%,2823,2018-09-20 00:00:00,1,0,2024-07-20 12:29:40,0,2024-07-20 12:29:40,,,
2018-09-20,铁矿石,结算价,502.50,-1.28%,2824,2018-09-20 00:00:00,1,0,2024-07-20 12:29:40,0,2024-07-20 12:29:40,,,
2018-09-19,铁矿石,收盘价,504.50,-0.39%,2825,2018-09-19 00:00:00,1,0,2024-07-20 12:29:40,0,2024-07-20 12:29:40,,,
2018-09-19,铁矿石,结算价,509.00,1.09%,2826,2018-09-19 00:00:00,1,0,2024-07-20 12:29:40,0,2024-07-20 12:29:40,,,
2018-09-18,铁矿石,收盘价,506.50,1.3%,2827,2018-09-18 00:00:00,1,0,2024-07-20 12:29:40,0,2024-07-20 12:29:40,,,
2018-09-18,铁矿石,结算价,503.50,0.4%,2828,2018-09-18 00:00:00,1,0,2024-07-20 12:29:40,0,2024-07-20 12:29:40,,,
2018-09-17,铁矿石,收盘价,500.00,-0.3%,2829,2018-09-17 00:00:00,1,0,2024-07-20 12:29:40,0,2024-07-20 12:29:40,,,
2018-09-17,铁矿石,结算价,501.50,-0.1%,2830,2018-09-17 00:00:00,1,0,2024-07-20 12:29:40,0,2024-07-20 12:29:40,,,
2018-09-14,铁矿石,收盘价,501.50,-0.4%,2831,2018-09-14 00:00:00,1,0,2024-07-20 12:29:40,0,2024-07-20 12:29:40,,,
2018-09-14,铁矿石,结算价,502.00,0.7%,2832,2018-09-14 00:00:00,1,0,2024-07-20 12:29:40,0,2024-07-20 12:29:40,,,
2018-09-13,铁矿石,收盘价,503.50,2.34%,2833,2018-09-13 00:00:00,1,0,2024-07-20 12:29:40,0,2024-07-20 12:29:40,,,
2018-09-13,铁矿石,结算价,498.50,1.94%,2834,2018-09-13 00:00:00,1,0,2024-07-20 12:29:40,0,2024-07-20 12:29:40,,,
2018-09-12,铁矿石,收盘价,492.00,-0.1%,2835,2018-09-12 00:00:00,1,0,2024-07-20 12:29:40,0,2024-07-20 12:29:40,,,
2018-09-12,铁矿石,结算价,489.00,-1.31%,2836,2018-09-12 00:00:00,1,0,2024-07-20 12:29:40,0,2024-07-20 12:29:40,,,
2018-09-11,铁矿石,收盘价,492.50,-1.01%,2837,2018-09-11 00:00:00,1,0,2024-07-20 12:29:40,0,2024-07-20 12:29:40,,,
2018-09-11,铁矿石,结算价,495.50,-0.5%,2838,2018-09-11 00:00:00,1,0,2024-07-20 12:29:40,0,2024-07-20 12:29:40,,,
2018-09-10,铁矿石,收盘价,497.50,-0.1%,2839,2018-09-10 00:00:00,1,0,2024-07-20 12:29:40,0,2024-07-20 12:29:40,,,
2018-09-10,铁矿石,结算价,498.00,-0.6%,2840,2018-09-10 00:00:00,1,0,2024-07-20 12:29:40,0,2024-07-20 12:29:40,,,
2018-09-07,铁矿石,收盘价,498.00,-0.9%,2841,2018-09-07 00:00:00,1,0,2024-07-20 12:29:40,0,2024-07-20 12:29:40,,,
2018-09-07,铁矿石,结算价,501.00,1.11%,2842,2018-09-07 00:00:00,1,0,2024-07-20 12:29:40,0,2024-07-20 12:29:40,,,
2018-09-06,铁矿石,收盘价,502.50,3.18%,2843,2018-09-06 00:00:00,1,0,2024-07-20 12:29:40,0,2024-07-20 12:29:40,,,
2018-09-06,铁矿石,结算价,495.50,1.85%,2844,2018-09-06 00:00:00,1,0,2024-07-20 12:29:40,0,2024-07-20 12:29:40,,,
2018-09-05,铁矿石,收盘价,487.00,-0.31%,2845,2018-09-05 00:00:00,1,0,2024-07-20 12:29:40,0,2024-07-20 12:29:40,,,
2018-09-05,铁矿石,结算价,486.50,0.41%,2846,2018-09-05 00:00:00,1,0,2024-07-20 12:29:40,0,2024-07-20 12:29:40,,,
2018-09-04,铁矿石,收盘价,488.50,0.83%,2847,2018-09-04 00:00:00,1,0,2024-07-20 12:29:40,0,2024-07-20 12:29:40,,,
2018-09-04,铁矿石,结算价,484.50,0.31%,2848,2018-09-04 00:00:00,1,0,2024-07-20 12:29:40,0,2024-07-20 12:29:40,,,
2018-09-03,铁矿石,收盘价,484.50,-0.1%,2849,2018-09-03 00:00:00,1,0,2024-07-20 12:29:40,0,2024-07-20 12:29:40,,,
2018-09-03,铁矿石,结算价,483.00,-0.92%,2850,2018-09-03 00:00:00,1,0,2024-07-20 12:29:40,0,2024-07-20 12:29:40,,,
2018-08-31,铁矿石,收盘价,485.00,0.1%,2851,2018-08-31 00:00:00,1,0,2024-07-20 12:29:43,0,2024-07-20 12:29:43,,,
2018-08-31,铁矿石,结算价,487.50,1.35%,2852,2018-08-31 00:00:00,1,0,2024-07-20 12:29:43,0,2024-07-20 12:29:43,,,
2018-08-30,铁矿石,收盘价,484.50,0.94%,2853,2018-08-30 00:00:00,1,0,2024-07-20 12:29:43,0,2024-07-20 12:29:43,,,
2018-08-30,铁矿石,结算价,481.00,-0.52%,2854,2018-08-30 00:00:00,1,0,2024-07-20 12:29:43,0,2024-07-20 12:29:43,,,
2018-08-29,铁矿石,收盘价,480.00,-0.41%,2855,2018-08-29 00:00:00,1,0,2024-07-20 12:29:43,0,2024-07-20 12:29:43,,,
2018-08-29,铁矿石,结算价,483.50,0.31%,2856,2018-08-29 00:00:00,1,0,2024-07-20 12:29:43,0,2024-07-20 12:29:43,,,
2018-08-28,铁矿石,收盘价,482.00,0.63%,2857,2018-08-28 00:00:00,1,0,2024-07-20 12:29:43,0,2024-07-20 12:29:43,,,
2018-08-28,铁矿石,结算价,482.00,-0.52%,2858,2018-08-28 00:00:00,1,0,2024-07-20 12:29:43,0,2024-07-20 12:29:43,,,
2018-08-27,铁矿石,收盘价,479.00,-2.34%,2859,2018-08-27 00:00:00,1,0,2024-07-20 12:29:43,0,2024-07-20 12:29:43,,,
2018-08-27,铁矿石,结算价,484.50,-1.02%,2860,2018-08-27 00:00:00,1,0,2024-07-20 12:29:43,0,2024-07-20 12:29:43,,,
2018-08-24,铁矿石,收盘价,490.50,0.72%,2861,2018-08-24 00:00:00,1,0,2024-07-20 12:29:43,0,2024-07-20 12:29:43,,,
2018-08-24,铁矿石,结算价,489.50,0.1%,2862,2018-08-24 00:00:00,1,0,2024-07-20 12:29:43,0,2024-07-20 12:29:43,,,
2018-08-23,铁矿石,收盘价,487.00,0.41%,2863,2018-08-23 00:00:00,1,0,2024-07-20 12:29:43,0,2024-07-20 12:29:43,,,
2018-08-23,铁矿石,结算价,489.00,-0.91%,2864,2018-08-23 00:00:00,1,0,2024-07-20 12:29:43,0,2024-07-20 12:29:43,,,
2018-08-22,铁矿石,收盘价,485.00,-1.82%,2865,2018-08-22 00:00:00,1,0,2024-07-20 12:29:43,0,2024-07-20 12:29:43,,,
2018-08-22,铁矿石,结算价,493.50,-0.7%,2866,2018-08-22 00:00:00,1,0,2024-07-20 12:29:43,0,2024-07-20 12:29:43,,,
2018-08-21,铁矿石,收盘价,494.00,-2.47%,2867,2018-08-21 00:00:00,1,0,2024-07-20 12:29:43,0,2024-07-20 12:29:43,,,
2018-08-21,铁矿石,结算价,497.00,-1.49%,2868,2018-08-21 00:00:00,1,0,2024-07-20 12:29:43,0,2024-07-20 12:29:43,,,
2018-08-20,铁矿石,收盘价,506.50,0.4%,2869,2018-08-20 00:00:00,1,0,2024-07-20 12:29:43,0,2024-07-20 12:29:43,,,
2018-08-20,铁矿石,结算价,504.50,1.31%,2870,2018-08-20 00:00:00,1,0,2024-07-20 12:29:43,0,2024-07-20 12:29:43,,,
2018-08-17,铁矿石,收盘价,504.50,2.23%,2871,2018-08-17 00:00:00,1,0,2024-07-20 12:29:43,0,2024-07-20 12:29:43,,,
2018-08-17,铁矿石,结算价,498.00,0.3%,2872,2018-08-17 00:00:00,1,0,2024-07-20 12:29:43,0,2024-07-20 12:29:43,,,
2018-08-16,铁矿石,收盘价,493.50,-1.79%,2873,2018-08-16 00:00:00,1,0,2024-07-20 12:29:43,0,2024-07-20 12:29:43,,,
2018-08-16,铁矿石,结算价,496.50,-1.49%,2874,2018-08-16 00:00:00,1,0,2024-07-20 12:29:43,0,2024-07-20 12:29:43,,,
2018-08-15,铁矿石,收盘价,502.50,-0.79%,2875,2018-08-15 00:00:00,1,0,2024-07-20 12:29:43,0,2024-07-20 12:29:43,,,
2018-08-15,铁矿石,结算价,504.00,-1.27%,2876,2018-08-15 00:00:00,1,0,2024-07-20 12:29:43,0,2024-07-20 12:29:43,,,
2018-08-14,铁矿石,收盘价,506.50,-2.03%,2877,2018-08-14 00:00:00,1,0,2024-07-20 12:29:43,0,2024-07-20 12:29:43,,,
2018-08-14,铁矿石,结算价,510.50,-0.2%,2878,2018-08-14 00:00:00,1,0,2024-07-20 12:29:43,0,2024-07-20 12:29:43,,,
2018-08-13,铁矿石,收盘价,517.00,2.07%,2879,2018-08-13 00:00:00,1,0,2024-07-20 12:29:43,0,2024-07-20 12:29:43,,,
2018-08-13,铁矿石,结算价,511.50,-0.1%,2880,2018-08-13 00:00:00,1,0,2024-07-20 12:29:43,0,2024-07-20 12:29:43,,,
2018-08-10,铁矿石,收盘价,506.50,-1.46%,2881,2018-08-10 00:00:00,1,0,2024-07-20 12:29:46,0,2024-07-20 12:29:46,,,
2018-08-10,铁矿石,结算价,512.00,0.39%,2882,2018-08-10 00:00:00,1,0,2024-07-20 12:29:46,0,2024-07-20 12:29:46,,,
2018-08-09,铁矿石,收盘价,514.00,0.98%,2883,2018-08-09 00:00:00,1,0,2024-07-20 12:29:46,0,2024-07-20 12:29:46,,,
2018-08-09,铁矿石,结算价,510.00,-0.29%,2884,2018-08-09 00:00:00,1,0,2024-07-20 12:29:46,0,2024-07-20 12:29:46,,,
2018-08-08,铁矿石,收盘价,509.00,1.09%,2885,2018-08-08 00:00:00,1,0,2024-07-20 12:29:46,0,2024-07-20 12:29:46,,,
2018-08-08,铁矿石,结算价,511.50,1.39%,2886,2018-08-08 00:00:00,1,0,2024-07-20 12:29:46,0,2024-07-20 12:29:46,,,
2018-08-07,铁矿石,收盘价,503.50,0.2%,2887,2018-08-07 00:00:00,1,0,2024-07-20 12:29:46,0,2024-07-20 12:29:46,,,
2018-08-07,铁矿石,结算价,504.50,1.%,2888,2018-08-07 00:00:00,1,0,2024-07-20 12:29:46,0,2024-07-20 12:29:46,,,
2018-08-06,铁矿石,收盘价,502.50,3.72%,2889,2018-08-06 00:00:00,1,0,2024-07-20 12:29:46,0,2024-07-20 12:29:46,,,
2018-08-06,铁矿石,结算价,499.50,3.85%,2890,2018-08-06 00:00:00,1,0,2024-07-20 12:29:46,0,2024-07-20 12:29:46,,,
2018-08-03,铁矿石,收盘价,484.50,1.79%,2891,2018-08-03 00:00:00,1,0,2024-07-20 12:29:46,0,2024-07-20 12:29:46,,,
2018-08-03,铁矿石,结算价,481.00,1.58%,2892,2018-08-03 00:00:00,1,0,2024-07-20 12:29:46,0,2024-07-20 12:29:46,,,
2018-08-02,铁矿石,收盘价,476.00,0.21%,2893,2018-08-02 00:00:00,1,0,2024-07-20 12:29:46,0,2024-07-20 12:29:46,,,
2018-08-02,铁矿石,结算价,473.50,-1.46%,2894,2018-08-02 00:00:00,1,0,2024-07-20 12:29:46,0,2024-07-20 12:29:46,,,
2018-08-01,铁矿石,收盘价,475.00,-2.66%,2895,2018-08-01 00:00:00,1,0,2024-07-20 12:29:46,0,2024-07-20 12:29:46,,,
2018-08-01,铁矿石,结算价,480.50,-1.44%,2896,2018-08-01 00:00:00,1,0,2024-07-20 12:29:46,0,2024-07-20 12:29:46,,,
2018-07-31,铁矿石,收盘价,488.00,-0.1%,2897,2018-07-31 00:00:00,1,0,2024-07-20 12:29:46,0,2024-07-20 12:29:46,,,
2018-07-31,铁矿石,结算价,487.50,-0.1%,2898,2018-07-31 00:00:00,1,0,2024-07-20 12:29:46,0,2024-07-20 12:29:46,,,
2018-07-30,铁矿石,收盘价,488.50,-0.61%,2899,2018-07-30 00:00:00,1,0,2024-07-20 12:29:46,0,2024-07-20 12:29:46,,,
2018-07-30,铁矿石,结算价,488.00,0.51%,2900,2018-07-30 00:00:00,1,0,2024-07-20 12:29:46,0,2024-07-20 12:29:46,,,
2018-07-27,铁矿石,收盘价,491.50,3.36%,2901,2018-07-27 00:00:00,1,0,2024-07-20 12:29:46,0,2024-07-20 12:29:46,,,
2018-07-27,铁矿石,结算价,485.50,2.21%,2902,2018-07-27 00:00:00,1,0,2024-07-20 12:29:46,0,2024-07-20 12:29:46,,,
2018-07-26,铁矿石,收盘价,475.50,-0.21%,2903,2018-07-26 00:00:00,1,0,2024-07-20 12:29:46,0,2024-07-20 12:29:46,,,
2018-07-26,铁矿石,结算价,475.00,-0.31%,2904,2018-07-26 00:00:00,1,0,2024-07-20 12:29:46,0,2024-07-20 12:29:46,,,
2018-07-25,铁矿石,收盘价,476.50,0.42%,2905,2018-07-25 00:00:00,1,0,2024-07-20 12:29:46,0,2024-07-20 12:29:46,,,
2018-07-25,铁矿石,结算价,476.50,0.32%,2906,2018-07-25 00:00:00,1,0,2024-07-20 12:29:46,0,2024-07-20 12:29:46,,,
2018-07-24,铁矿石,收盘价,474.50,-0.11%,2907,2018-07-24 00:00:00,1,0,2024-07-20 12:29:46,0,2024-07-20 12:29:46,,,
2018-07-24,铁矿石,结算价,475.00,0.32%,2908,2018-07-24 00:00:00,1,0,2024-07-20 12:29:46,0,2024-07-20 12:29:46,,,
2018-07-23,铁矿石,收盘价,475.00,0.53%,2909,2018-07-23 00:00:00,1,0,2024-07-20 12:29:46,0,2024-07-20 12:29:46,,,
2018-07-23,铁矿石,结算价,473.50,0.85%,2910,2018-07-23 00:00:00,1,0,2024-07-20 12:29:46,0,2024-07-20 12:29:46,,,
2018-07-20,铁矿石,收盘价,472.50,1.07%,2911,2018-07-20 00:00:00,1,0,2024-07-20 12:29:50,0,2024-07-20 12:29:50,,,
2018-07-20,铁矿石,结算价,469.50,-0.21%,2912,2018-07-20 00:00:00,1,0,2024-07-20 12:29:50,0,2024-07-20 12:29:50,,,
2018-07-19,铁矿石,收盘价,467.50,0.43%,2913,2018-07-19 00:00:00,1,0,2024-07-20 12:29:50,0,2024-07-20 12:29:50,,,
2018-07-19,铁矿石,结算价,470.50,0.97%,2914,2018-07-19 00:00:00,1,0,2024-07-20 12:29:50,0,2024-07-20 12:29:50,,,
2018-07-18,铁矿石,收盘价,465.50,0.11%,2915,2018-07-18 00:00:00,1,0,2024-07-20 12:29:50,0,2024-07-20 12:29:50,,,
2018-07-18,铁矿石,结算价,466.00,0.43%,2916,2018-07-18 00:00:00,1,0,2024-07-20 12:29:50,0,2024-07-20 12:29:50,,,
2018-07-17,铁矿石,收盘价,465.00,-0.21%,2917,2018-07-17 00:00:00,1,0,2024-07-20 12:29:50,0,2024-07-20 12:29:50,,,
2018-07-17,铁矿石,结算价,464.00,-0.11%,2918,2018-07-17 00:00:00,1,0,2024-07-20 12:29:50,0,2024-07-20 12:29:50,,,
2018-07-16,铁矿石,收盘价,466.00,0.65%,2919,2018-07-16 00:00:00,1,0,2024-07-20 12:29:50,0,2024-07-20 12:29:50,,,
2018-07-16,铁矿石,结算价,464.50,0.%,2920,2018-07-16 00:00:00,1,0,2024-07-20 12:29:50,0,2024-07-20 12:29:50,,,
2018-07-13,铁矿石,收盘价,463.00,-0.64%,2921,2018-07-13 00:00:00,1,0,2024-07-20 12:29:50,0,2024-07-20 12:29:50,,,
2018-07-13,铁矿石,结算价,464.50,0.%,2922,2018-07-13 00:00:00,1,0,2024-07-20 12:29:50,0,2024-07-20 12:29:50,,,
2018-07-12,铁矿石,收盘价,466.00,0.54%,2923,2018-07-12 00:00:00,1,0,2024-07-20 12:29:50,0,2024-07-20 12:29:50,,,
2018-07-12,铁矿石,结算价,464.50,1.75%,2924,2018-07-12 00:00:00,1,0,2024-07-20 12:29:50,0,2024-07-20 12:29:50,,,
2018-07-11,铁矿石,收盘价,463.50,0.98%,2925,2018-07-11 00:00:00,1,0,2024-07-20 12:29:50,0,2024-07-20 12:29:50,,,
2018-07-11,铁矿石,结算价,456.50,-0.98%,2926,2018-07-11 00:00:00,1,0,2024-07-20 12:29:50,0,2024-07-20 12:29:50,,,
2018-07-10,铁矿石,收盘价,459.00,-0.54%,2927,2018-07-10 00:00:00,1,0,2024-07-20 12:29:50,0,2024-07-20 12:29:50,,,
2018-07-10,铁矿石,结算价,461.00,0.88%,2928,2018-07-10 00:00:00,1,0,2024-07-20 12:29:50,0,2024-07-20 12:29:50,,,
2018-07-09,铁矿石,收盘价,461.50,0.54%,2929,2018-07-09 00:00:00,1,0,2024-07-20 12:29:50,0,2024-07-20 12:29:50,,,
2018-07-09,铁矿石,结算价,457.00,-0.11%,2930,2018-07-09 00:00:00,1,0,2024-07-20 12:29:50,0,2024-07-20 12:29:50,,,
2018-07-06,铁矿石,收盘价,459.00,0.55%,2931,2018-07-06 00:00:00,1,0,2024-07-20 12:29:50,0,2024-07-20 12:29:50,,,
2018-07-06,铁矿石,结算价,457.50,0.44%,2932,2018-07-06 00:00:00,1,0,2024-07-20 12:29:50,0,2024-07-20 12:29:50,,,
2018-07-05,铁矿石,收盘价,456.50,-1.19%,2933,2018-07-05 00:00:00,1,0,2024-07-20 12:29:50,0,2024-07-20 12:29:50,,,
2018-07-05,铁矿石,结算价,455.50,-1.51%,2934,2018-07-05 00:00:00,1,0,2024-07-20 12:29:50,0,2024-07-20 12:29:50,,,
2018-07-04,铁矿石,收盘价,462.00,-0.22%,2935,2018-07-04 00:00:00,1,0,2024-07-20 12:29:50,0,2024-07-20 12:29:50,,,
2018-07-04,铁矿石,结算价,462.50,-0.32%,2936,2018-07-04 00:00:00,1,0,2024-07-20 12:29:50,0,2024-07-20 12:29:50,,,
2018-07-03,铁矿石,收盘价,463.00,0.%,2937,2018-07-03 00:00:00,1,0,2024-07-20 12:29:50,0,2024-07-20 12:29:50,,,
2018-07-03,铁矿石,结算价,464.00,-0.22%,2938,2018-07-03 00:00:00,1,0,2024-07-20 12:29:50,0,2024-07-20 12:29:50,,,
2018-07-02,铁矿石,收盘价,463.00,-2.32%,2939,2018-07-02 00:00:00,1,0,2024-07-20 12:29:50,0,2024-07-20 12:29:50,,,
2018-07-02,铁矿石,结算价,465.00,-1.48%,2940,2018-07-02 00:00:00,1,0,2024-07-20 12:29:50,0,2024-07-20 12:29:50,,,
2018-06-29,铁矿石,收盘价,474.00,1.39%,2941,2018-06-29 00:00:00,1,0,2024-07-20 12:29:52,0,2024-07-20 12:29:52,,,
2018-06-29,铁矿石,结算价,472.00,1.18%,2942,2018-06-29 00:00:00,1,0,2024-07-20 12:29:52,0,2024-07-20 12:29:52,,,
2018-06-28,铁矿石,收盘价,467.50,1.41%,2943,2018-06-28 00:00:00,1,0,2024-07-20 12:29:52,0,2024-07-20 12:29:52,,,
2018-06-28,铁矿石,结算价,466.50,0.65%,2944,2018-06-28 00:00:00,1,0,2024-07-20 12:29:52,0,2024-07-20 12:29:52,,,
2018-06-27,铁矿石,收盘价,461.00,-0.32%,2945,2018-06-27 00:00:00,1,0,2024-07-20 12:29:52,0,2024-07-20 12:29:52,,,
2018-06-27,铁矿石,结算价,463.50,0.22%,2946,2018-06-27 00:00:00,1,0,2024-07-20 12:29:52,0,2024-07-20 12:29:52,,,
2018-06-26,铁矿石,收盘价,462.50,-0.32%,2947,2018-06-26 00:00:00,1,0,2024-07-20 12:29:52,0,2024-07-20 12:29:52,,,
2018-06-26,铁矿石,结算价,462.50,-0.43%,2948,2018-06-26 00:00:00,1,0,2024-07-20 12:29:52,0,2024-07-20 12:29:52,,,
2018-06-25,铁矿石,收盘价,464.00,1.42%,2949,2018-06-25 00:00:00,1,0,2024-07-20 12:29:52,0,2024-07-20 12:29:52,,,
2018-06-25,铁矿石,结算价,464.50,2.09%,2950,2018-06-25 00:00:00,1,0,2024-07-20 12:29:52,0,2024-07-20 12:29:52,,,
2018-06-22,铁矿石,收盘价,457.50,0.99%,2951,2018-06-22 00:00:00,1,0,2024-07-20 12:29:52,0,2024-07-20 12:29:52,,,
2018-06-22,铁矿石,结算价,455.00,-0.11%,2952,2018-06-22 00:00:00,1,0,2024-07-20 12:29:52,0,2024-07-20 12:29:52,,,
2018-06-21,铁矿石,收盘价,453.00,0.%,2953,2018-06-21 00:00:00,1,0,2024-07-20 12:29:52,0,2024-07-20 12:29:52,,,
2018-06-21,铁矿石,结算价,455.50,0.77%,2954,2018-06-21 00:00:00,1,0,2024-07-20 12:29:52,0,2024-07-20 12:29:52,,,
2018-06-20,铁矿石,收盘价,453.00,0.55%,2955,2018-06-20 00:00:00,1,0,2024-07-20 12:29:52,0,2024-07-20 12:29:52,,,
2018-06-20,铁矿石,结算价,452.00,-0.66%,2956,2018-06-20 00:00:00,1,0,2024-07-20 12:29:52,0,2024-07-20 12:29:52,,,
2018-06-19,铁矿石,收盘价,450.50,-4.96%,2957,2018-06-19 00:00:00,1,0,2024-07-20 12:29:52,0,2024-07-20 12:29:52,,,
2018-06-19,铁矿石,结算价,455.00,-3.6%,2958,2018-06-19 00:00:00,1,0,2024-07-20 12:29:52,0,2024-07-20 12:29:52,,,
2018-06-15,铁矿石,收盘价,474.00,0.11%,2959,2018-06-15 00:00:00,1,0,2024-07-20 12:29:52,0,2024-07-20 12:29:52,,,
2018-06-15,铁矿石,结算价,472.00,-0.11%,2960,2018-06-15 00:00:00,1,0,2024-07-20 12:29:52,0,2024-07-20 12:29:52,,,
2018-06-14,铁矿石,收盘价,473.50,0.42%,2961,2018-06-14 00:00:00,1,0,2024-07-20 12:29:52,0,2024-07-20 12:29:52,,,
2018-06-14,铁矿石,结算价,472.50,0.64%,2962,2018-06-14 00:00:00,1,0,2024-07-20 12:29:52,0,2024-07-20 12:29:52,,,
2018-06-13,铁矿石,收盘价,471.50,-0.42%,2963,2018-06-13 00:00:00,1,0,2024-07-20 12:29:52,0,2024-07-20 12:29:52,,,
2018-06-13,铁矿石,结算价,469.50,0.%,2964,2018-06-13 00:00:00,1,0,2024-07-20 12:29:52,0,2024-07-20 12:29:52,,,
2018-06-12,铁矿石,收盘价,473.50,0.74%,2965,2018-06-12 00:00:00,1,0,2024-07-20 12:29:52,0,2024-07-20 12:29:52,,,
2018-06-12,铁矿石,结算价,469.50,0.11%,2966,2018-06-12 00:00:00,1,0,2024-07-20 12:29:52,0,2024-07-20 12:29:52,,,
2018-06-11,铁矿石,收盘价,470.00,0.64%,2967,2018-06-11 00:00:00,1,0,2024-07-20 12:29:52,0,2024-07-20 12:29:52,,,
2018-06-11,铁矿石,结算价,469.00,0.43%,2968,2018-06-11 00:00:00,1,0,2024-07-20 12:29:52,0,2024-07-20 12:29:52,,,
2018-06-08,铁矿石,收盘价,467.00,-0.43%,2969,2018-06-08 00:00:00,1,0,2024-07-20 12:29:52,0,2024-07-20 12:29:52,,,
2018-06-08,铁矿石,结算价,467.00,-1.16%,2970,2018-06-08 00:00:00,1,0,2024-07-20 12:29:52,0,2024-07-20 12:29:52,,,
2018-06-07,铁矿石,收盘价,469.00,-0.32%,2971,2018-06-07 00:00:00,1,0,2024-07-20 12:29:56,0,2024-07-20 12:29:56,,,
2018-06-07,铁矿石,结算价,472.50,0.32%,2972,2018-06-07 00:00:00,1,0,2024-07-20 12:29:56,0,2024-07-20 12:29:56,,,
2018-06-06,铁矿石,收盘价,470.50,0.75%,2973,2018-06-06 00:00:00,1,0,2024-07-20 12:29:56,0,2024-07-20 12:29:56,,,
2018-06-06,铁矿石,结算价,471.00,1.95%,2974,2018-06-06 00:00:00,1,0,2024-07-20 12:29:56,0,2024-07-20 12:29:56,,,
2018-06-05,铁矿石,收盘价,467.00,2.19%,2975,2018-06-05 00:00:00,1,0,2024-07-20 12:29:56,0,2024-07-20 12:29:56,,,
2018-06-05,铁矿石,结算价,462.00,0.65%,2976,2018-06-05 00:00:00,1,0,2024-07-20 12:29:56,0,2024-07-20 12:29:56,,,
2018-06-04,铁矿石,收盘价,457.00,-0.65%,2977,2018-06-04 00:00:00,1,0,2024-07-20 12:29:56,0,2024-07-20 12:29:56,,,
2018-06-04,铁矿石,结算价,459.00,-1.18%,2978,2018-06-04 00:00:00,1,0,2024-07-20 12:29:56,0,2024-07-20 12:29:56,,,
2018-06-01,铁矿石,收盘价,460.00,-0.54%,2979,2018-06-01 00:00:00,1,0,2024-07-20 12:29:56,0,2024-07-20 12:29:56,,,
2018-06-01,铁矿石,结算价,464.50,0.65%,2980,2018-06-01 00:00:00,1,0,2024-07-20 12:29:56,0,2024-07-20 12:29:56,,,
2018-05-31,铁矿石,收盘价,462.50,1.54%,2981,2018-05-31 00:00:00,1,0,2024-07-20 12:29:56,0,2024-07-20 12:29:56,,,
2018-05-31,铁矿石,结算价,461.50,0.22%,2982,2018-05-31 00:00:00,1,0,2024-07-20 12:29:56,0,2024-07-20 12:29:56,,,
2018-05-30,铁矿石,收盘价,455.50,0.44%,2983,2018-05-30 00:00:00,1,0,2024-07-20 12:29:56,0,2024-07-20 12:29:56,,,
2018-05-30,铁矿石,结算价,460.50,1.43%,2984,2018-05-30 00:00:00,1,0,2024-07-20 12:29:56,0,2024-07-20 12:29:56,,,
2018-05-29,铁矿石,收盘价,464.50,2.43%,2985,2018-05-29 00:00:00,1,0,2024-07-20 12:29:56,0,2024-07-20 12:29:56,,,
2018-05-29,铁矿石,结算价,459.50,1.21%,2986,2018-05-29 00:00:00,1,0,2024-07-20 12:29:56,0,2024-07-20 12:29:56,,,
2018-05-28,铁矿石,收盘价,453.50,-0.22%,2987,2018-05-28 00:00:00,1,0,2024-07-20 12:29:56,0,2024-07-20 12:29:56,,,
2018-05-28,铁矿石,结算价,454.00,-0.87%,2988,2018-05-28 00:00:00,1,0,2024-07-20 12:29:56,0,2024-07-20 12:29:56,,,
2018-05-25,铁矿石,收盘价,454.50,-1.09%,2989,2018-05-25 00:00:00,1,0,2024-07-20 12:29:56,0,2024-07-20 12:29:56,,,
2018-05-25,铁矿石,结算价,458.00,0.11%,2990,2018-05-25 00:00:00,1,0,2024-07-20 12:29:56,0,2024-07-20 12:29:56,,,
2018-05-24,铁矿石,收盘价,459.50,0.66%,2991,2018-05-24 00:00:00,1,0,2024-07-20 12:29:56,0,2024-07-20 12:29:56,,,
2018-05-24,铁矿石,结算价,457.50,0.66%,2992,2018-05-24 00:00:00,1,0,2024-07-20 12:29:56,0,2024-07-20 12:29:56,,,
2018-05-23,铁矿石,收盘价,456.50,0.11%,2993,2018-05-23 00:00:00,1,0,2024-07-20 12:29:56,0,2024-07-20 12:29:56,,,
2018-05-23,铁矿石,结算价,454.50,-1.09%,2994,2018-05-23 00:00:00,1,0,2024-07-20 12:29:56,0,2024-07-20 12:29:56,,,
2018-05-22,铁矿石,收盘价,456.00,-1.94%,2995,2018-05-22 00:00:00,1,0,2024-07-20 12:29:56,0,2024-07-20 12:29:56,,,
2018-05-22,铁矿石,结算价,459.50,-1.82%,2996,2018-05-22 00:00:00,1,0,2024-07-20 12:29:56,0,2024-07-20 12:29:56,,,
2018-05-21,铁矿石,收盘价,465.00,-2.72%,2997,2018-05-21 00:00:00,1,0,2024-07-20 12:29:56,0,2024-07-20 12:29:56,,,
2018-05-21,铁矿石,结算价,468.00,-2.6%,2998,2018-05-21 00:00:00,1,0,2024-07-20 12:29:56,0,2024-07-20 12:29:56,,,
2018-05-18,铁矿石,收盘价,478.00,-1.04%,2999,2018-05-18 00:00:00,1,0,2024-07-20 12:29:56,0,2024-07-20 12:29:56,,,
2018-05-18,铁矿石,结算价,480.50,-0.21%,3000,2018-05-18 00:00:00,1,0,2024-07-20 12:29:56,0,2024-07-20 12:29:56,,,
2018-05-17,铁矿石,收盘价,483.00,0.1%,3001,2018-05-17 00:00:00,1,0,2024-07-20 12:30:00,0,2024-07-20 12:30:00,,,
2018-05-17,铁矿石,结算价,481.50,-0.62%,3002,2018-05-17 00:00:00,1,0,2024-07-20 12:30:00,0,2024-07-20 12:30:00,,,
2018-05-16,铁矿石,收盘价,482.50,-0.62%,3003,2018-05-16 00:00:00,1,0,2024-07-20 12:30:00,0,2024-07-20 12:30:00,,,
2018-05-16,铁矿石,结算价,484.50,-0.51%,3004,2018-05-16 00:00:00,1,0,2024-07-20 12:30:00,0,2024-07-20 12:30:00,,,
2018-05-15,铁矿石,收盘价,485.50,-0.51%,3005,2018-05-15 00:00:00,1,0,2024-07-20 12:30:00,0,2024-07-20 12:30:00,,,
2018-05-15,铁矿石,结算价,487.00,0.62%,3006,2018-05-15 00:00:00,1,0,2024-07-20 12:30:00,0,2024-07-20 12:30:00,,,
2018-05-14,铁矿石,收盘价,488.00,1.14%,3007,2018-05-14 00:00:00,1,0,2024-07-20 12:30:00,0,2024-07-20 12:30:00,,,
2018-05-14,铁矿石,结算价,484.00,1.36%,3008,2018-05-14 00:00:00,1,0,2024-07-20 12:30:00,0,2024-07-20 12:30:00,,,
2018-05-11,铁矿石,收盘价,482.50,2.66%,3009,2018-05-11 00:00:00,1,0,2024-07-20 12:30:00,0,2024-07-20 12:30:00,,,
2018-05-11,铁矿石,结算价,477.50,1.7%,3010,2018-05-11 00:00:00,1,0,2024-07-20 12:30:00,0,2024-07-20 12:30:00,,,
2018-05-10,铁矿石,收盘价,470.00,0.%,3011,2018-05-10 00:00:00,1,0,2024-07-20 12:30:00,0,2024-07-20 12:30:00,,,
2018-05-10,铁矿石,结算价,469.50,-0.53%,3012,2018-05-10 00:00:00,1,0,2024-07-20 12:30:00,0,2024-07-20 12:30:00,,,
2018-05-09,铁矿石,收盘价,470.00,-1.26%,3013,2018-05-09 00:00:00,1,0,2024-07-20 12:30:00,0,2024-07-20 12:30:00,,,
2018-05-09,铁矿石,结算价,472.00,-0.21%,3014,2018-05-09 00:00:00,1,0,2024-07-20 12:30:00,0,2024-07-20 12:30:00,,,
2018-05-08,铁矿石,收盘价,476.00,1.28%,3015,2018-05-08 00:00:00,1,0,2024-07-20 12:30:00,0,2024-07-20 12:30:00,,,
2018-05-08,铁矿石,结算价,473.00,0.96%,3016,2018-05-08 00:00:00,1,0,2024-07-20 12:30:00,0,2024-07-20 12:30:00,,,
2018-05-07,铁矿石,收盘价,470.00,-0.32%,3017,2018-05-07 00:00:00,1,0,2024-07-20 12:30:00,0,2024-07-20 12:30:00,,,
2018-05-07,铁矿石,结算价,468.50,-0.11%,3018,2018-05-07 00:00:00,1,0,2024-07-20 12:30:00,0,2024-07-20 12:30:00,,,
2018-05-04,铁矿石,收盘价,471.50,-0.53%,3019,2018-05-04 00:00:00,1,0,2024-07-20 12:30:00,0,2024-07-20 12:30:00,,,
2018-05-04,铁矿石,结算价,469.00,-1.68%,3020,2018-05-04 00:00:00,1,0,2024-07-20 12:30:00,0,2024-07-20 12:30:00,,,
2018-05-03,铁矿石,收盘价,474.00,0.%,3021,2018-05-03 00:00:00,1,0,2024-07-20 12:30:00,0,2024-07-20 12:30:00,,,
2018-05-03,铁矿石,结算价,477.00,1.81%,3022,2018-05-03 00:00:00,1,0,2024-07-20 12:30:00,0,2024-07-20 12:30:00,,,
2018-05-02,铁矿石,收盘价,474.00,2.93%,3023,2018-05-02 00:00:00,1,0,2024-07-20 12:30:00,0,2024-07-20 12:30:00,,,
2018-05-02,铁矿石,结算价,468.50,1.08%,3024,2018-05-02 00:00:00,1,0,2024-07-20 12:30:00,0,2024-07-20 12:30:00,,,
2018-04-27,铁矿石,收盘价,460.50,-1.07%,3025,2018-04-27 00:00:00,1,0,2024-07-20 12:30:00,0,2024-07-20 12:30:00,,,
2018-04-27,铁矿石,结算价,463.50,-0.64%,3026,2018-04-27 00:00:00,1,0,2024-07-20 12:30:00,0,2024-07-20 12:30:00,,,
2018-04-26,铁矿石,收盘价,465.50,-0.43%,3027,2018-04-26 00:00:00,1,0,2024-07-20 12:30:00,0,2024-07-20 12:30:00,,,
2018-04-26,铁矿石,结算价,466.50,-0.85%,3028,2018-04-26 00:00:00,1,0,2024-07-20 12:30:00,0,2024-07-20 12:30:00,,,
2018-04-25,铁矿石,收盘价,467.50,-0.53%,3029,2018-04-25 00:00:00,1,0,2024-07-20 12:30:00,0,2024-07-20 12:30:00,,,
2018-04-25,铁矿石,结算价,470.50,-0.95%,3030,2018-04-25 00:00:00,1,0,2024-07-20 12:30:00,0,2024-07-20 12:30:00,,,
2018-04-24,铁矿石,收盘价,470.00,-1.47%,3031,2018-04-24 00:00:00,1,0,2024-07-20 12:30:02,0,2024-07-20 12:30:02,,,
2018-04-24,铁矿石,结算价,475.00,0.74%,3032,2018-04-24 00:00:00,1,0,2024-07-20 12:30:02,0,2024-07-20 12:30:02,,,
2018-04-23,铁矿石,收盘价,477.00,3.47%,3033,2018-04-23 00:00:00,1,0,2024-07-20 12:30:02,0,2024-07-20 12:30:02,,,
2018-04-23,铁矿石,结算价,471.50,0.96%,3034,2018-04-23 00:00:00,1,0,2024-07-20 12:30:02,0,2024-07-20 12:30:02,,,
2018-04-20,铁矿石,收盘价,461.00,-2.95%,3035,2018-04-20 00:00:00,1,0,2024-07-20 12:30:02,0,2024-07-20 12:30:02,,,
2018-04-20,铁矿石,结算价,467.00,0.32%,3036,2018-04-20 00:00:00,1,0,2024-07-20 12:30:02,0,2024-07-20 12:30:02,,,
2018-04-19,铁矿石,收盘价,475.00,5.79%,3037,2018-04-19 00:00:00,1,0,2024-07-20 12:30:02,0,2024-07-20 12:30:02,,,
2018-04-19,铁矿石,结算价,465.50,4.37%,3038,2018-04-19 00:00:00,1,0,2024-07-20 12:30:02,0,2024-07-20 12:30:02,,,
2018-04-18,铁矿石,收盘价,449.00,2.28%,3039,2018-04-18 00:00:00,1,0,2024-07-20 12:30:02,0,2024-07-20 12:30:02,,,
2018-04-18,铁矿石,结算价,446.00,1.36%,3040,2018-04-18 00:00:00,1,0,2024-07-20 12:30:02,0,2024-07-20 12:30:02,,,
2018-04-17,铁矿石,收盘价,439.00,0.11%,3041,2018-04-17 00:00:00,1,0,2024-07-20 12:30:02,0,2024-07-20 12:30:02,,,
2018-04-17,铁矿石,结算价,440.00,-1.35%,3042,2018-04-17 00:00:00,1,0,2024-07-20 12:30:02,0,2024-07-20 12:30:02,,,
2018-04-16,铁矿石,收盘价,438.50,-3.31%,3043,2018-04-16 00:00:00,1,0,2024-07-20 12:30:02,0,2024-07-20 12:30:02,,,
2018-04-16,铁矿石,结算价,446.00,-0.89%,3044,2018-04-16 00:00:00,1,0,2024-07-20 12:30:02,0,2024-07-20 12:30:02,,,
2018-04-13,铁矿石,收盘价,453.50,0.78%,3045,2018-04-13 00:00:00,1,0,2024-07-20 12:30:02,0,2024-07-20 12:30:02,,,
2018-04-13,铁矿石,结算价,450.00,0.45%,3046,2018-04-13 00:00:00,1,0,2024-07-20 12:30:02,0,2024-07-20 12:30:02,,,
2018-04-12,铁矿石,收盘价,450.00,3.33%,3047,2018-04-12 00:00:00,1,0,2024-07-20 12:30:02,0,2024-07-20 12:30:02,,,
2018-04-12,铁矿石,结算价,448.00,1.24%,3048,2018-04-12 00:00:00,1,0,2024-07-20 12:30:02,0,2024-07-20 12:30:02,,,
2018-04-11,铁矿石,收盘价,435.50,-1.25%,3049,2018-04-11 00:00:00,1,0,2024-07-20 12:30:02,0,2024-07-20 12:30:02,,,
2018-04-11,铁矿石,结算价,442.50,0.57%,3050,2018-04-11 00:00:00,1,0,2024-07-20 12:30:02,0,2024-07-20 12:30:02,,,
2018-04-10,铁矿石,收盘价,441.00,1.26%,3051,2018-04-10 00:00:00,1,0,2024-07-20 12:30:02,0,2024-07-20 12:30:02,,,
2018-04-10,铁矿石,结算价,440.00,1.85%,3052,2018-04-10 00:00:00,1,0,2024-07-20 12:30:02,0,2024-07-20 12:30:02,,,
2018-04-09,铁矿石,收盘价,435.50,1.04%,3053,2018-04-09 00:00:00,1,0,2024-07-20 12:30:02,0,2024-07-20 12:30:02,,,
2018-04-09,铁矿石,结算价,432.00,-1.37%,3054,2018-04-09 00:00:00,1,0,2024-07-20 12:30:02,0,2024-07-20 12:30:02,,,
2018-04-04,铁矿石,收盘价,431.00,-2.27%,3055,2018-04-04 00:00:00,1,0,2024-07-20 12:30:02,0,2024-07-20 12:30:02,,,
2018-04-04,铁矿石,结算价,438.00,-2.01%,3056,2018-04-04 00:00:00,1,0,2024-07-20 12:30:02,0,2024-07-20 12:30:02,,,
2018-04-03,铁矿石,收盘价,441.00,-1.23%,3057,2018-04-03 00:00:00,1,0,2024-07-20 12:30:02,0,2024-07-20 12:30:02,,,
2018-04-03,铁矿石,结算价,447.00,-0.22%,3058,2018-04-03 00:00:00,1,0,2024-07-20 12:30:02,0,2024-07-20 12:30:02,,,
2018-04-02,铁矿石,收盘价,446.50,0.68%,3059,2018-04-02 00:00:00,1,0,2024-07-20 12:30:02,0,2024-07-20 12:30:02,,,
2018-04-02,铁矿石,结算价,448.00,2.28%,3060,2018-04-02 00:00:00,1,0,2024-07-20 12:30:02,0,2024-07-20 12:30:02,,,
2018-03-30,铁矿石,收盘价,443.50,0.57%,3061,2018-03-30 00:00:00,1,0,2024-07-20 12:30:04,0,2024-07-20 12:30:04,,,
2018-03-30,铁矿石,结算价,438.00,0.34%,3062,2018-03-30 00:00:00,1,0,2024-07-20 12:30:04,0,2024-07-20 12:30:04,,,
2018-03-29,铁矿石,收盘价,441.00,0.57%,3063,2018-03-29 00:00:00,1,0,2024-07-20 12:30:04,0,2024-07-20 12:30:04,,,
2018-03-29,铁矿石,结算价,436.50,0.%,3064,2018-03-29 00:00:00,1,0,2024-07-20 12:30:04,0,2024-07-20 12:30:04,,,
2018-03-28,铁矿石,收盘价,438.50,-1.24%,3065,2018-03-28 00:00:00,1,0,2024-07-20 12:30:04,0,2024-07-20 12:30:04,,,
2018-03-28,铁矿石,结算价,436.50,-1.58%,3066,2018-03-28 00:00:00,1,0,2024-07-20 12:30:04,0,2024-07-20 12:30:04,,,
2018-03-27,铁矿石,收盘价,444.00,1.14%,3067,2018-03-27 00:00:00,1,0,2024-07-20 12:30:04,0,2024-07-20 12:30:04,,,
2018-03-27,铁矿石,结算价,443.50,1.14%,3068,2018-03-27 00:00:00,1,0,2024-07-20 12:30:04,0,2024-07-20 12:30:04,,,
2018-03-26,铁矿石,收盘价,439.00,0.34%,3069,2018-03-26 00:00:00,1,0,2024-07-20 12:30:04,0,2024-07-20 12:30:04,,,
2018-03-26,铁矿石,结算价,438.50,-2.01%,3070,2018-03-26 00:00:00,1,0,2024-07-20 12:30:04,0,2024-07-20 12:30:04,,,
2018-03-23,铁矿石,收盘价,437.50,-6.22%,3071,2018-03-23 00:00:00,1,0,2024-07-20 12:30:04,0,2024-07-20 12:30:04,,,
2018-03-23,铁矿石,结算价,447.50,-4.28%,3072,2018-03-23 00:00:00,1,0,2024-07-20 12:30:04,0,2024-07-20 12:30:04,,,
2018-03-22,铁矿石,收盘价,466.50,0.76%,3073,2018-03-22 00:00:00,1,0,2024-07-20 12:30:04,0,2024-07-20 12:30:04,,,
2018-03-22,铁矿石,结算价,467.50,1.08%,3074,2018-03-22 00:00:00,1,0,2024-07-20 12:30:04,0,2024-07-20 12:30:04,,,
2018-03-21,铁矿石,收盘价,463.00,0.87%,3075,2018-03-21 00:00:00,1,0,2024-07-20 12:30:04,0,2024-07-20 12:30:04,,,
2018-03-21,铁矿石,结算价,462.50,0.76%,3076,2018-03-21 00:00:00,1,0,2024-07-20 12:30:04,0,2024-07-20 12:30:04,,,
2018-03-20,铁矿石,收盘价,459.00,-0.76%,3077,2018-03-20 00:00:00,1,0,2024-07-20 12:30:04,0,2024-07-20 12:30:04,,,
2018-03-20,铁矿石,结算价,459.00,-2.44%,3078,2018-03-20 00:00:00,1,0,2024-07-20 12:30:04,0,2024-07-20 12:30:04,,,
2018-03-19,铁矿石,收盘价,462.50,-4.34%,3079,2018-03-19 00:00:00,1,0,2024-07-20 12:30:04,0,2024-07-20 12:30:04,,,
2018-03-19,铁矿石,结算价,470.50,-2.89%,3080,2018-03-19 00:00:00,1,0,2024-07-20 12:30:04,0,2024-07-20 12:30:04,,,
2018-03-16,铁矿石,收盘价,483.50,-1.33%,3081,2018-03-16 00:00:00,1,0,2024-07-20 12:30:04,0,2024-07-20 12:30:04,,,
2018-03-16,铁矿石,结算价,484.50,-1.02%,3082,2018-03-16 00:00:00,1,0,2024-07-20 12:30:04,0,2024-07-20 12:30:04,,,
2018-03-15,铁矿石,收盘价,490.00,0.%,3083,2018-03-15 00:00:00,1,0,2024-07-20 12:30:04,0,2024-07-20 12:30:04,,,
2018-03-15,铁矿石,结算价,489.50,0.93%,3084,2018-03-15 00:00:00,1,0,2024-07-20 12:30:04,0,2024-07-20 12:30:04,,,
2018-03-14,铁矿石,收盘价,490.00,2.3%,3085,2018-03-14 00:00:00,1,0,2024-07-20 12:30:04,0,2024-07-20 12:30:04,,,
2018-03-14,铁矿石,结算价,485.00,1.04%,3086,2018-03-14 00:00:00,1,0,2024-07-20 12:30:04,0,2024-07-20 12:30:04,,,
2018-03-13,铁矿石,收盘价,479.00,0.%,3087,2018-03-13 00:00:00,1,0,2024-07-20 12:30:04,0,2024-07-20 12:30:04,,,
2018-03-13,铁矿石,结算价,480.00,-0.31%,3088,2018-03-13 00:00:00,1,0,2024-07-20 12:30:04,0,2024-07-20 12:30:04,,,
2018-03-12,铁矿石,收盘价,479.00,-0.93%,3089,2018-03-12 00:00:00,1,0,2024-07-20 12:30:04,0,2024-07-20 12:30:04,,,
2018-03-12,铁矿石,结算价,481.50,-2.13%,3090,2018-03-12 00:00:00,1,0,2024-07-20 12:30:04,0,2024-07-20 12:30:04,,,
2018-03-09,铁矿石,收盘价,483.50,-3.4%,3091,2018-03-09 00:00:00,1,0,2024-07-20 12:30:07,0,2024-07-20 12:30:07,,,
2018-03-09,铁矿石,结算价,492.00,-3.53%,3092,2018-03-09 00:00:00,1,0,2024-07-20 12:30:07,0,2024-07-20 12:30:07,,,
2018-03-08,铁矿石,收盘价,500.50,-3.29%,3093,2018-03-08 00:00:00,1,0,2024-07-20 12:30:07,0,2024-07-20 12:30:07,,,
2018-03-08,铁矿石,结算价,510.00,-1.92%,3094,2018-03-08 00:00:00,1,0,2024-07-20 12:30:07,0,2024-07-20 12:30:07,,,
2018-03-07,铁矿石,收盘价,517.50,-0.58%,3095,2018-03-07 00:00:00,1,0,2024-07-20 12:30:07,0,2024-07-20 12:30:07,,,
2018-03-07,铁矿石,结算价,520.00,0.%,3096,2018-03-07 00:00:00,1,0,2024-07-20 12:30:07,0,2024-07-20 12:30:07,,,
2018-03-06,铁矿石,收盘价,520.50,0.1%,3097,2018-03-06 00:00:00,1,0,2024-07-20 12:30:07,0,2024-07-20 12:30:07,,,
2018-03-06,铁矿石,结算价,520.00,-1.79%,3098,2018-03-06 00:00:00,1,0,2024-07-20 12:30:07,0,2024-07-20 12:30:07,,,
2018-03-05,铁矿石,收盘价,520.00,-3.53%,3099,2018-03-05 00:00:00,1,0,2024-07-20 12:30:07,0,2024-07-20 12:30:07,,,
2018-03-05,铁矿石,结算价,529.50,-1.85%,3100,2018-03-05 00:00:00,1,0,2024-07-20 12:30:07,0,2024-07-20 12:30:07,,,
2018-03-02,铁矿石,收盘价,539.00,-1.01%,3101,2018-03-02 00:00:00,1,0,2024-07-20 12:30:07,0,2024-07-20 12:30:07,,,
2018-03-02,铁矿石,结算价,539.50,-0.83%,3102,2018-03-02 00:00:00,1,0,2024-07-20 12:30:07,0,2024-07-20 12:30:07,,,
2018-03-01,铁矿石,收盘价,544.50,0.28%,3103,2018-03-01 00:00:00,1,0,2024-07-20 12:30:07,0,2024-07-20 12:30:07,,,
2018-03-01,铁矿石,结算价,544.00,0.18%,3104,2018-03-01 00:00:00,1,0,2024-07-20 12:30:07,0,2024-07-20 12:30:07,,,
2018-02-28,铁矿石,收盘价,543.00,-0.64%,3105,2018-02-28 00:00:00,1,0,2024-07-20 12:30:07,0,2024-07-20 12:30:07,,,
2018-02-28,铁矿石,结算价,543.00,-0.55%,3106,2018-02-28 00:00:00,1,0,2024-07-20 12:30:07,0,2024-07-20 12:30:07,,,
2018-02-27,铁矿石,收盘价,546.50,-0.46%,3107,2018-02-27 00:00:00,1,0,2024-07-20 12:30:07,0,2024-07-20 12:30:07,,,
2018-02-27,铁矿石,结算价,546.00,-0.73%,3108,2018-02-27 00:00:00,1,0,2024-07-20 12:30:07,0,2024-07-20 12:30:07,,,
2018-02-26,铁矿石,收盘价,549.00,0.09%,3109,2018-02-26 00:00:00,1,0,2024-07-20 12:30:07,0,2024-07-20 12:30:07,,,
2018-02-26,铁矿石,结算价,550.00,1.48%,3110,2018-02-26 00:00:00,1,0,2024-07-20 12:30:07,0,2024-07-20 12:30:07,,,
2018-02-23,铁矿石,收盘价,548.50,1.86%,3111,2018-02-23 00:00:00,1,0,2024-07-20 12:30:07,0,2024-07-20 12:30:07,,,
2018-02-23,铁矿石,结算价,542.00,0.84%,3112,2018-02-23 00:00:00,1,0,2024-07-20 12:30:07,0,2024-07-20 12:30:07,,,
2018-02-22,铁矿石,收盘价,538.50,1.89%,3113,2018-02-22 00:00:00,1,0,2024-07-20 12:30:07,0,2024-07-20 12:30:07,,,
2018-02-22,铁矿石,结算价,537.50,1.7%,3114,2018-02-22 00:00:00,1,0,2024-07-20 12:30:07,0,2024-07-20 12:30:07,,,
2018-02-14,铁矿石,收盘价,528.50,-0.09%,3115,2018-02-14 00:00:00,1,0,2024-07-20 12:30:07,0,2024-07-20 12:30:07,,,
2018-02-14,铁矿石,结算价,528.50,0.48%,3116,2018-02-14 00:00:00,1,0,2024-07-20 12:30:07,0,2024-07-20 12:30:07,,,
2018-02-13,铁矿石,收盘价,529.00,1.15%,3117,2018-02-13 00:00:00,1,0,2024-07-20 12:30:07,0,2024-07-20 12:30:07,,,
2018-02-13,铁矿石,结算价,526.00,0.77%,3118,2018-02-13 00:00:00,1,0,2024-07-20 12:30:07,0,2024-07-20 12:30:07,,,
2018-02-12,铁矿石,收盘价,523.00,-0.1%,3119,2018-02-12 00:00:00,1,0,2024-07-20 12:30:07,0,2024-07-20 12:30:07,,,
2018-02-12,铁矿石,结算价,522.00,-1.14%,3120,2018-02-12 00:00:00,1,0,2024-07-20 12:30:07,0,2024-07-20 12:30:07,,,
2018-02-09,铁矿石,收盘价,523.50,-0.1%,3121,2018-02-09 00:00:00,1,0,2024-07-20 12:30:11,0,2024-07-20 12:30:11,,,
2018-02-09,铁矿石,结算价,528.00,0.76%,3122,2018-02-09 00:00:00,1,0,2024-07-20 12:30:11,0,2024-07-20 12:30:11,,,
2018-02-08,铁矿石,收盘价,524.00,-0.47%,3123,2018-02-08 00:00:00,1,0,2024-07-20 12:30:11,0,2024-07-20 12:30:11,,,
2018-02-08,铁矿石,结算价,524.00,0.19%,3124,2018-02-08 00:00:00,1,0,2024-07-20 12:30:11,0,2024-07-20 12:30:11,,,
2018-02-07,铁矿石,收盘价,526.50,1.06%,3125,2018-02-07 00:00:00,1,0,2024-07-20 12:30:11,0,2024-07-20 12:30:11,,,
2018-02-07,铁矿石,结算价,523.00,0.19%,3126,2018-02-07 00:00:00,1,0,2024-07-20 12:30:11,0,2024-07-20 12:30:11,,,
2018-02-06,铁矿石,收盘价,521.00,-1.04%,3127,2018-02-06 00:00:00,1,0,2024-07-20 12:30:11,0,2024-07-20 12:30:11,,,
2018-02-06,铁矿石,结算价,522.00,0.48%,3128,2018-02-06 00:00:00,1,0,2024-07-20 12:30:11,0,2024-07-20 12:30:11,,,
2018-02-05,铁矿石,收盘价,526.50,2.53%,3129,2018-02-05 00:00:00,1,0,2024-07-20 12:30:11,0,2024-07-20 12:30:11,,,
2018-02-05,铁矿石,结算价,519.50,1.17%,3130,2018-02-05 00:00:00,1,0,2024-07-20 12:30:11,0,2024-07-20 12:30:11,,,
2018-02-02,铁矿石,收盘价,513.50,1.38%,3131,2018-02-02 00:00:00,1,0,2024-07-20 12:30:11,0,2024-07-20 12:30:11,,,
2018-02-02,铁矿石,结算价,513.50,1.08%,3132,2018-02-02 00:00:00,1,0,2024-07-20 12:30:11,0,2024-07-20 12:30:11,,,
2018-02-01,铁矿石,收盘价,506.50,-0.69%,3133,2018-02-01 00:00:00,1,0,2024-07-20 12:30:11,0,2024-07-20 12:30:11,,,
2018-02-01,铁矿石,结算价,508.00,-0.68%,3134,2018-02-01 00:00:00,1,0,2024-07-20 12:30:11,0,2024-07-20 12:30:11,,,
2018-01-31,铁矿石,收盘价,510.00,-1.45%,3135,2018-01-31 00:00:00,1,0,2024-07-20 12:30:11,0,2024-07-20 12:30:11,,,
2018-01-31,铁矿石,结算价,511.50,-1.06%,3136,2018-01-31 00:00:00,1,0,2024-07-20 12:30:11,0,2024-07-20 12:30:11,,,
2018-01-30,铁矿石,收盘价,517.50,0.58%,3137,2018-01-30 00:00:00,1,0,2024-07-20 12:30:11,0,2024-07-20 12:30:11,,,
2018-01-30,铁矿石,结算价,517.00,0.19%,3138,2018-01-30 00:00:00,1,0,2024-07-20 12:30:11,0,2024-07-20 12:30:11,,,
2018-01-29,铁矿石,收盘价,514.50,-0.87%,3139,2018-01-29 00:00:00,1,0,2024-07-20 12:30:11,0,2024-07-20 12:30:11,,,
2018-01-29,铁矿石,结算价,516.00,-1.05%,3140,2018-01-29 00:00:00,1,0,2024-07-20 12:30:11,0,2024-07-20 12:30:11,,,
2018-01-26,铁矿石,收盘价,519.00,-1.98%,3141,2018-01-26 00:00:00,1,0,2024-07-20 12:30:11,0,2024-07-20 12:30:11,,,
2018-01-26,铁矿石,结算价,521.50,-1.04%,3142,2018-01-26 00:00:00,1,0,2024-07-20 12:30:11,0,2024-07-20 12:30:11,,,
2018-01-25,铁矿石,收盘价,529.50,1.44%,3143,2018-01-25 00:00:00,1,0,2024-07-20 12:30:11,0,2024-07-20 12:30:11,,,
2018-01-25,铁矿石,结算价,527.00,1.05%,3144,2018-01-25 00:00:00,1,0,2024-07-20 12:30:11,0,2024-07-20 12:30:11,,,
2018-01-24,铁矿石,收盘价,522.00,0.1%,3145,2018-01-24 00:00:00,1,0,2024-07-20 12:30:11,0,2024-07-20 12:30:11,,,
2018-01-24,铁矿石,结算价,521.50,-1.23%,3146,2018-01-24 00:00:00,1,0,2024-07-20 12:30:11,0,2024-07-20 12:30:11,,,
2018-01-23,铁矿石,收盘价,521.50,-3.5%,3147,2018-01-23 00:00:00,1,0,2024-07-20 12:30:11,0,2024-07-20 12:30:11,,,
2018-01-23,铁矿石,结算价,528.00,-2.76%,3148,2018-01-23 00:00:00,1,0,2024-07-20 12:30:11,0,2024-07-20 12:30:11,,,
2018-01-22,铁矿石,收盘价,540.40,-0.57%,3149,2018-01-22 00:00:00,1,0,2024-07-20 12:30:11,0,2024-07-20 12:30:11,,,
2018-01-22,铁矿石,结算价,543.00,1.12%,3150,2018-01-22 00:00:00,1,0,2024-07-20 12:30:11,0,2024-07-20 12:30:11,,,
2018-01-19,铁矿石,收盘价,543.50,1.21%,3151,2018-01-19 00:00:00,1,0,2024-07-20 12:30:14,0,2024-07-20 12:30:14,,,
2018-01-19,铁矿石,结算价,537.00,0.37%,3152,2018-01-19 00:00:00,1,0,2024-07-20 12:30:14,0,2024-07-20 12:30:14,,,
2018-01-18,铁矿石,收盘价,537.00,1.03%,3153,2018-01-18 00:00:00,1,0,2024-07-20 12:30:14,0,2024-07-20 12:30:14,,,
2018-01-18,铁矿石,结算价,535.00,1.04%,3154,2018-01-18 00:00:00,1,0,2024-07-20 12:30:14,0,2024-07-20 12:30:14,,,
2018-01-17,铁矿石,收盘价,531.50,0.38%,3155,2018-01-17 00:00:00,1,0,2024-07-20 12:30:14,0,2024-07-20 12:30:14,,,
2018-01-17,铁矿石,结算价,529.50,-1.21%,3156,2018-01-17 00:00:00,1,0,2024-07-20 12:30:14,0,2024-07-20 12:30:14,,,
2018-01-16,铁矿石,收盘价,529.50,-1.3%,3157,2018-01-16 00:00:00,1,0,2024-07-20 12:30:14,0,2024-07-20 12:30:14,,,
2018-01-16,铁矿石,结算价,536.00,-0.37%,3158,2018-01-16 00:00:00,1,0,2024-07-20 12:30:14,0,2024-07-20 12:30:14,,,
2018-01-15,铁矿石,收盘价,536.50,-1.38%,3159,2018-01-15 00:00:00,1,0,2024-07-20 12:30:14,0,2024-07-20 12:30:14,,,
2018-01-15,铁矿石,结算价,538.00,-1.74%,3160,2018-01-15 00:00:00,1,0,2024-07-20 12:30:14,0,2024-07-20 12:30:14,,,
2018-01-12,铁矿石,收盘价,544.00,-2.16%,3161,2018-01-12 00:00:00,1,0,2024-07-20 12:30:14,0,2024-07-20 12:30:14,,,
2018-01-12,铁矿石,结算价,547.50,-1.44%,3162,2018-01-12 00:00:00,1,0,2024-07-20 12:30:14,0,2024-07-20 12:30:14,,,
2018-01-11,铁矿石,收盘价,556.00,-0.27%,3163,2018-01-11 00:00:00,1,0,2024-07-20 12:30:14,0,2024-07-20 12:30:14,,,
2018-01-11,铁矿石,结算价,555.50,-0.45%,3164,2018-01-11 00:00:00,1,0,2024-07-20 12:30:14,0,2024-07-20 12:30:14,,,
2018-01-10,铁矿石,收盘价,557.50,0.36%,3165,2018-01-10 00:00:00,1,0,2024-07-20 12:30:14,0,2024-07-20 12:30:14,,,
2018-01-10,铁矿石,结算价,558.00,3.05%,3166,2018-01-10 00:00:00,1,0,2024-07-20 12:30:14,0,2024-07-20 12:30:14,,,
2018-01-09,铁矿石,收盘价,560.50,0.9%,3167,2018-01-09 00:00:00,1,0,2024-07-20 12:30:14,0,2024-07-20 12:30:14,,,
2018-01-09,铁矿石,结算价,558.00,3.05%,3168,2018-01-09 00:00:00,1,0,2024-07-20 12:30:14,0,2024-07-20 12:30:14,,,
2018-01-08,铁矿石,收盘价,555.50,3.16%,3169,2018-01-08 00:00:00,1,0,2024-07-20 12:30:14,0,2024-07-20 12:30:14,,,
2018-01-08,铁矿石,结算价,541.50,0.37%,3170,2018-01-08 00:00:00,1,0,2024-07-20 12:30:14,0,2024-07-20 12:30:14,,,
2018-01-05,铁矿石,收盘价,538.50,-0.92%,3171,2018-01-05 00:00:00,1,0,2024-07-20 12:30:14,0,2024-07-20 12:30:14,,,
2018-01-05,铁矿石,结算价,539.50,0.09%,3172,2018-01-05 00:00:00,1,0,2024-07-20 12:30:14,0,2024-07-20 12:30:14,,,
2018-01-04,铁矿石,收盘价,543.50,1.4%,3173,2018-01-04 00:00:00,1,0,2024-07-20 12:30:14,0,2024-07-20 12:30:14,,,
2018-01-04,铁矿石,结算价,539.00,-0.37%,3174,2018-01-04 00:00:00,1,0,2024-07-20 12:30:14,0,2024-07-20 12:30:14,,,
2018-01-03,铁矿石,收盘价,536.00,-1.38%,3175,2018-01-03 00:00:00,1,0,2024-07-20 12:30:14,0,2024-07-20 12:30:14,,,
2018-01-03,铁矿石,结算价,541.00,0.19%,3176,2018-01-03 00:00:00,1,0,2024-07-20 12:30:14,0,2024-07-20 12:30:14,,,
2018-01-02,铁矿石,收盘价,543.50,2.26%,3177,2018-01-02 00:00:00,1,0,2024-07-20 12:30:14,0,2024-07-20 12:30:14,,,
2018-01-02,铁矿石,结算价,540.00,1.89%,3178,2018-01-02 00:00:00,1,0,2024-07-20 12:30:14,0,2024-07-20 12:30:14,,,
2017-12-29,铁矿石,收盘价,531.50,2.51%,3179,2017-12-29 00:00:00,1,0,2024-07-20 12:30:14,0,2024-07-20 12:30:14,,,
2017-12-29,铁矿石,结算价,530.00,2.42%,3180,2017-12-29 00:00:00,1,0,2024-07-20 12:30:14,0,2024-07-20 12:30:14,,,
2017-12-28,铁矿石,收盘价,518.50,0.58%,3181,2017-12-28 00:00:00,1,0,2024-07-20 12:30:18,0,2024-07-20 12:30:18,,,
2017-12-28,铁矿石,结算价,517.50,0.%,3182,2017-12-28 00:00:00,1,0,2024-07-20 12:30:18,0,2024-07-20 12:30:18,,,
2017-12-27,铁矿石,收盘价,515.50,-1.15%,3183,2017-12-27 00:00:00,1,0,2024-07-20 12:30:18,0,2024-07-20 12:30:18,,,
2017-12-27,铁矿石,结算价,517.50,-0.1%,3184,2017-12-27 00:00:00,1,0,2024-07-20 12:30:18,0,2024-07-20 12:30:18,,,
2017-12-26,铁矿石,收盘价,521.50,-0.76%,3185,2017-12-26 00:00:00,1,0,2024-07-20 12:30:18,0,2024-07-20 12:30:18,,,
2017-12-26,铁矿石,结算价,518.00,-3.81%,3186,2017-12-26 00:00:00,1,0,2024-07-20 12:30:18,0,2024-07-20 12:30:18,,,
2017-12-25,铁矿石,收盘价,525.50,-3.75%,3187,2017-12-25 00:00:00,1,0,2024-07-20 12:30:18,0,2024-07-20 12:30:18,,,
2017-12-25,铁矿石,结算价,538.50,0.19%,3188,2017-12-25 00:00:00,1,0,2024-07-20 12:30:18,0,2024-07-20 12:30:18,,,
2017-12-22,铁矿石,收盘价,546.00,2.63%,3189,2017-12-22 00:00:00,1,0,2024-07-20 12:30:18,0,2024-07-20 12:30:18,,,
2017-12-22,铁矿石,结算价,537.50,0.28%,3190,2017-12-22 00:00:00,1,0,2024-07-20 12:30:18,0,2024-07-20 12:30:18,,,
2017-12-21,铁矿石,收盘价,532.00,0.57%,3191,2017-12-21 00:00:00,1,0,2024-07-20 12:30:18,0,2024-07-20 12:30:18,,,
2017-12-21,铁矿石,结算价,536.00,1.71%,3192,2017-12-21 00:00:00,1,0,2024-07-20 12:30:18,0,2024-07-20 12:30:18,,,
2017-12-20,铁矿石,收盘价,529.00,0.09%,3193,2017-12-20 00:00:00,1,0,2024-07-20 12:30:18,0,2024-07-20 12:30:18,,,
2017-12-20,铁矿石,结算价,527.00,-1.13%,3194,2017-12-20 00:00:00,1,0,2024-07-20 12:30:18,0,2024-07-20 12:30:18,,,
2017-12-19,铁矿石,收盘价,528.50,-1.4%,3195,2017-12-19 00:00:00,1,0,2024-07-20 12:30:18,0,2024-07-20 12:30:18,,,
2017-12-19,铁矿石,结算价,533.00,1.62%,3196,2017-12-19 00:00:00,1,0,2024-07-20 12:30:18,0,2024-07-20 12:30:18,,,
2017-12-18,铁矿石,收盘价,536.00,7.63%,3197,2017-12-18 00:00:00,1,0,2024-07-20 12:30:18,0,2024-07-20 12:30:18,,,
2017-12-18,铁矿石,结算价,524.50,4.69%,3198,2017-12-18 00:00:00,1,0,2024-07-20 12:30:18,0,2024-07-20 12:30:18,,,
2017-12-15,铁矿石,收盘价,498.00,0.%,3199,2017-12-15 00:00:00,1,0,2024-07-20 12:30:18,0,2024-07-20 12:30:18,,,
2017-12-15,铁矿石,结算价,501.00,0.%,3200,2017-12-15 00:00:00,1,0,2024-07-20 12:30:18,0,2024-07-20 12:30:18,,,
2017-12-14,铁矿石,收盘价,498.00,-1.58%,3201,2017-12-14 00:00:00,1,0,2024-07-20 12:30:18,0,2024-07-20 12:30:18,,,
2017-12-14,铁矿石,结算价,501.00,0.%,3202,2017-12-14 00:00:00,1,0,2024-07-20 12:30:18,0,2024-07-20 12:30:18,,,
2017-12-13,铁矿石,收盘价,506.00,0.6%,3203,2017-12-13 00:00:00,1,0,2024-07-20 12:30:18,0,2024-07-20 12:30:18,,,
2017-12-13,铁矿石,结算价,501.00,-0.3%,3204,2017-12-13 00:00:00,1,0,2024-07-20 12:30:18,0,2024-07-20 12:30:18,,,
2017-12-12,铁矿石,收盘价,503.00,1.51%,3205,2017-12-12 00:00:00,1,0,2024-07-20 12:30:18,0,2024-07-20 12:30:18,,,
2017-12-12,铁矿石,结算价,502.50,-1.08%,3206,2017-12-12 00:00:00,1,0,2024-07-20 12:30:18,0,2024-07-20 12:30:18,,,
2017-12-11,铁矿石,收盘价,495.50,0.%,3207,2017-12-11 00:00:00,1,0,2024-07-20 12:30:18,0,2024-07-20 12:30:18,,,
2017-12-11,铁矿石,结算价,508.00,0.%,3208,2017-12-11 00:00:00,1,0,2024-07-20 12:30:18,0,2024-07-20 12:30:18,,,
2017-12-08,铁矿石,收盘价,495.50,0.2%,3209,2017-12-08 00:00:00,1,0,2024-07-20 12:30:18,0,2024-07-20 12:30:18,,,
2017-12-08,铁矿石,结算价,508.00,-0.88%,3210,2017-12-08 00:00:00,1,0,2024-07-20 12:30:18,0,2024-07-20 12:30:18,,,
2017-12-07,铁矿石,收盘价,494.50,-5.45%,3211,2017-12-07 00:00:00,1,0,2024-07-20 12:30:21,0,2024-07-20 12:30:21,,,
2017-12-07,铁矿石,结算价,512.50,-4.12%,3212,2017-12-07 00:00:00,1,0,2024-07-20 12:30:21,0,2024-07-20 12:30:21,,,
2017-12-06,铁矿石,收盘价,523.00,-3.06%,3213,2017-12-06 00:00:00,1,0,2024-07-20 12:30:21,0,2024-07-20 12:30:21,,,
2017-12-06,铁矿石,结算价,534.50,-1.93%,3214,2017-12-06 00:00:00,1,0,2024-07-20 12:30:21,0,2024-07-20 12:30:21,,,
2017-12-05,铁矿石,收盘价,539.50,-1.55%,3215,2017-12-05 00:00:00,1,0,2024-07-20 12:30:21,0,2024-07-20 12:30:21,,,
2017-12-05,铁矿石,结算价,545.00,0.55%,3216,2017-12-05 00:00:00,1,0,2024-07-20 12:30:21,0,2024-07-20 12:30:21,,,
2017-12-04,铁矿石,收盘价,548.00,4.18%,3217,2017-12-04 00:00:00,1,0,2024-07-20 12:30:21,0,2024-07-20 12:30:21,,,
2017-12-04,铁矿石,结算价,542.00,3.63%,3218,2017-12-04 00:00:00,1,0,2024-07-20 12:30:21,0,2024-07-20 12:30:21,,,
2017-12-01,铁矿石,收盘价,526.00,1.15%,3219,2017-12-01 00:00:00,1,0,2024-07-20 12:30:21,0,2024-07-20 12:30:21,,,
2017-12-01,铁矿石,结算价,523.00,-0.57%,3220,2017-12-01 00:00:00,1,0,2024-07-20 12:30:21,0,2024-07-20 12:30:21,,,
2017-11-30,铁矿石,收盘价,520.00,1.46%,3221,2017-11-30 00:00:00,1,0,2024-07-20 12:30:21,0,2024-07-20 12:30:21,,,
2017-11-30,铁矿石,结算价,526.00,4.06%,3222,2017-11-30 00:00:00,1,0,2024-07-20 12:30:21,0,2024-07-20 12:30:21,,,
2017-11-29,铁矿石,收盘价,512.50,1.59%,3223,2017-11-29 00:00:00,1,0,2024-07-20 12:30:21,0,2024-07-20 12:30:21,,,
2017-11-29,铁矿石,结算价,505.50,0.7%,3224,2017-11-29 00:00:00,1,0,2024-07-20 12:30:21,0,2024-07-20 12:30:21,,,
2017-11-28,铁矿石,收盘价,504.50,-0.1%,3225,2017-11-28 00:00:00,1,0,2024-07-20 12:30:21,0,2024-07-20 12:30:21,,,
2017-11-28,铁矿石,结算价,502.00,-1.67%,3226,2017-11-28 00:00:00,1,0,2024-07-20 12:30:21,0,2024-07-20 12:30:21,,,
2017-11-27,铁矿石,收盘价,505.00,1.92%,3227,2017-11-27 00:00:00,1,0,2024-07-20 12:30:21,0,2024-07-20 12:30:21,,,
2017-11-27,铁矿石,结算价,510.50,3.97%,3228,2017-11-27 00:00:00,1,0,2024-07-20 12:30:21,0,2024-07-20 12:30:21,,,
2017-11-24,铁矿石,收盘价,495.50,0.81%,3229,2017-11-24 00:00:00,1,0,2024-07-20 12:30:21,0,2024-07-20 12:30:21,,,
2017-11-24,铁矿石,结算价,491.00,0.72%,3230,2017-11-24 00:00:00,1,0,2024-07-20 12:30:21,0,2024-07-20 12:30:21,,,
2017-11-23,铁矿石,收盘价,491.50,3.58%,3231,2017-11-23 00:00:00,1,0,2024-07-20 12:30:21,0,2024-07-20 12:30:21,,,
2017-11-23,铁矿石,结算价,487.50,3.17%,3232,2017-11-23 00:00:00,1,0,2024-07-20 12:30:21,0,2024-07-20 12:30:21,,,
2017-11-22,铁矿石,收盘价,474.50,0.96%,3233,2017-11-22 00:00:00,1,0,2024-07-20 12:30:21,0,2024-07-20 12:30:21,,,
2017-11-22,铁矿石,结算价,472.50,0.43%,3234,2017-11-22 00:00:00,1,0,2024-07-20 12:30:21,0,2024-07-20 12:30:21,,,
2017-11-21,铁矿石,收盘价,470.00,0.%,3235,2017-11-21 00:00:00,1,0,2024-07-20 12:30:21,0,2024-07-20 12:30:21,,,
2017-11-21,铁矿石,结算价,470.50,1.07%,3236,2017-11-21 00:00:00,1,0,2024-07-20 12:30:21,0,2024-07-20 12:30:21,,,
2017-11-20,铁矿石,收盘价,470.00,1.62%,3237,2017-11-20 00:00:00,1,0,2024-07-20 12:30:21,0,2024-07-20 12:30:21,,,
2017-11-20,铁矿石,结算价,465.50,0.22%,3238,2017-11-20 00:00:00,1,0,2024-07-20 12:30:21,0,2024-07-20 12:30:21,,,
2017-11-17,铁矿石,收盘价,462.50,0.98%,3239,2017-11-17 00:00:00,1,0,2024-07-20 12:30:21,0,2024-07-20 12:30:21,,,
2017-11-17,铁矿石,结算价,464.50,2.43%,3240,2017-11-17 00:00:00,1,0,2024-07-20 12:30:21,0,2024-07-20 12:30:21,,,
2017-11-16,铁矿石,收盘价,458.00,2.69%,3241,2017-11-16 00:00:00,1,0,2024-07-20 12:30:23,0,2024-07-20 12:30:23,,,
2017-11-16,铁矿石,结算价,453.50,0.22%,3242,2017-11-16 00:00:00,1,0,2024-07-20 12:30:23,0,2024-07-20 12:30:23,,,
2017-11-15,铁矿石,收盘价,446.00,-3.98%,3243,2017-11-15 00:00:00,1,0,2024-07-20 12:30:23,0,2024-07-20 12:30:23,,,
2017-11-15,铁矿石,结算价,452.50,-2.79%,3244,2017-11-15 00:00:00,1,0,2024-07-20 12:30:23,0,2024-07-20 12:30:23,,,
2017-11-14,铁矿石,收盘价,464.50,-0.11%,3245,2017-11-14 00:00:00,1,0,2024-07-20 12:30:23,0,2024-07-20 12:30:23,,,
2017-11-14,铁矿石,结算价,465.50,1.09%,3246,2017-11-14 00:00:00,1,0,2024-07-20 12:30:23,0,2024-07-20 12:30:23,,,
2017-11-13,铁矿石,收盘价,465.00,0.54%,3247,2017-11-13 00:00:00,1,0,2024-07-20 12:30:23,0,2024-07-20 12:30:23,,,
2017-11-13,铁矿石,结算价,460.50,0.11%,3248,2017-11-13 00:00:00,1,0,2024-07-20 12:30:23,0,2024-07-20 12:30:23,,,
2017-11-10,铁矿石,收盘价,462.50,0.43%,3249,2017-11-10 00:00:00,1,0,2024-07-20 12:30:23,0,2024-07-20 12:30:23,,,
2017-11-10,铁矿石,结算价,460.00,-1.92%,3250,2017-11-10 00:00:00,1,0,2024-07-20 12:30:23,0,2024-07-20 12:30:23,,,
2017-11-09,铁矿石,收盘价,460.50,-1.18%,3251,2017-11-09 00:00:00,1,0,2024-07-20 12:30:23,0,2024-07-20 12:30:23,,,
2017-11-09,铁矿石,结算价,469.00,0.64%,3252,2017-11-09 00:00:00,1,0,2024-07-20 12:30:23,0,2024-07-20 12:30:23,,,
2017-11-08,铁矿石,收盘价,466.00,-0.64%,3253,2017-11-08 00:00:00,1,0,2024-07-20 12:30:23,0,2024-07-20 12:30:23,,,
2017-11-08,铁矿石,结算价,466.00,-0.53%,3254,2017-11-08 00:00:00,1,0,2024-07-20 12:30:23,0,2024-07-20 12:30:23,,,
2017-11-07,铁矿石,收盘价,469.00,0.21%,3255,2017-11-07 00:00:00,1,0,2024-07-20 12:30:23,0,2024-07-20 12:30:23,,,
2017-11-07,铁矿石,结算价,468.50,3.08%,3256,2017-11-07 00:00:00,1,0,2024-07-20 12:30:23,0,2024-07-20 12:30:23,,,
2017-11-06,铁矿石,收盘价,468.00,6.48%,3257,2017-11-06 00:00:00,1,0,2024-07-20 12:30:23,0,2024-07-20 12:30:23,,,
2017-11-06,铁矿石,结算价,454.50,3.06%,3258,2017-11-06 00:00:00,1,0,2024-07-20 12:30:23,0,2024-07-20 12:30:23,,,
2017-11-03,铁矿石,收盘价,439.50,2.33%,3259,2017-11-03 00:00:00,1,0,2024-07-20 12:30:23,0,2024-07-20 12:30:23,,,
2017-11-03,铁矿石,结算价,441.00,1.97%,3260,2017-11-03 00:00:00,1,0,2024-07-20 12:30:23,0,2024-07-20 12:30:23,,,
2017-11-01,铁矿石,收盘价,429.50,0.35%,3261,2017-11-01 00:00:00,1,0,2024-07-20 12:30:23,0,2024-07-20 12:30:23,,,
2017-11-01,铁矿石,结算价,432.50,1.53%,3262,2017-11-01 00:00:00,1,0,2024-07-20 12:30:23,0,2024-07-20 12:30:23,,,
2017-10-31,铁矿石,收盘价,428.00,1.66%,3263,2017-10-31 00:00:00,1,0,2024-07-20 12:30:23,0,2024-07-20 12:30:23,,,
2017-10-31,铁矿石,结算价,426.00,-0.47%,3264,2017-10-31 00:00:00,1,0,2024-07-20 12:30:23,0,2024-07-20 12:30:23,,,
2017-10-30,铁矿石,收盘价,421.00,-1.64%,3265,2017-10-30 00:00:00,1,0,2024-07-20 12:30:23,0,2024-07-20 12:30:23,,,
2017-10-30,铁矿石,结算价,428.00,-2.62%,3266,2017-10-30 00:00:00,1,0,2024-07-20 12:30:23,0,2024-07-20 12:30:23,,,
2017-10-27,铁矿石,收盘价,428.00,-5.62%,3267,2017-10-27 00:00:00,1,0,2024-07-20 12:30:23,0,2024-07-20 12:30:23,,,
2017-10-27,铁矿石,结算价,439.50,-3.09%,3268,2017-10-27 00:00:00,1,0,2024-07-20 12:30:23,0,2024-07-20 12:30:23,,,
2017-10-26,铁矿石,收盘价,453.50,-0.33%,3269,2017-10-26 00:00:00,1,0,2024-07-20 12:30:23,0,2024-07-20 12:30:23,,,
2017-10-26,铁矿石,结算价,453.50,-0.98%,3270,2017-10-26 00:00:00,1,0,2024-07-20 12:30:23,0,2024-07-20 12:30:23,,,
2017-10-25,铁矿石,收盘价,455.00,-0.55%,3271,2017-10-25 00:00:00,1,0,2024-07-20 12:30:25,0,2024-07-20 12:30:25,,,
2017-10-25,铁矿石,结算价,458.00,-0.43%,3272,2017-10-25 00:00:00,1,0,2024-07-20 12:30:25,0,2024-07-20 12:30:25,,,
2017-10-24,铁矿石,收盘价,457.50,-0.22%,3273,2017-10-24 00:00:00,1,0,2024-07-20 12:30:25,0,2024-07-20 12:30:25,,,
2017-10-24,铁矿石,结算价,460.00,0.22%,3274,2017-10-24 00:00:00,1,0,2024-07-20 12:30:25,0,2024-07-20 12:30:25,,,
2017-10-23,铁矿石,收盘价,458.50,-2.24%,3275,2017-10-23 00:00:00,1,0,2024-07-20 12:30:25,0,2024-07-20 12:30:25,,,
2017-10-23,铁矿石,结算价,459.00,1.32%,3276,2017-10-23 00:00:00,1,0,2024-07-20 12:30:25,0,2024-07-20 12:30:25,,,
2017-10-20,铁矿石,收盘价,469.00,5.63%,3277,2017-10-20 00:00:00,1,0,2024-07-20 12:30:25,0,2024-07-20 12:30:25,,,
2017-10-20,铁矿石,结算价,453.00,1.8%,3278,2017-10-20 00:00:00,1,0,2024-07-20 12:30:25,0,2024-07-20 12:30:25,,,
2017-10-19,铁矿石,收盘价,444.00,-3.27%,3279,2017-10-19 00:00:00,1,0,2024-07-20 12:30:25,0,2024-07-20 12:30:25,,,
2017-10-19,铁矿石,结算价,445.00,-3.16%,3280,2017-10-19 00:00:00,1,0,2024-07-20 12:30:25,0,2024-07-20 12:30:25,,,
2017-10-18,铁矿石,收盘价,459.00,1.32%,3281,2017-10-18 00:00:00,1,0,2024-07-20 12:30:25,0,2024-07-20 12:30:25,,,
2017-10-18,铁矿石,结算价,459.50,0.66%,3282,2017-10-18 00:00:00,1,0,2024-07-20 12:30:25,0,2024-07-20 12:30:25,,,
2017-10-17,铁矿石,收盘价,453.00,-2.16%,3283,2017-10-17 00:00:00,1,0,2024-07-20 12:30:25,0,2024-07-20 12:30:25,,,
2017-10-17,铁矿石,结算价,456.50,-0.87%,3284,2017-10-17 00:00:00,1,0,2024-07-20 12:30:25,0,2024-07-20 12:30:25,,,
2017-10-16,铁矿石,收盘价,463.00,1.65%,3285,2017-10-16 00:00:00,1,0,2024-07-20 12:30:25,0,2024-07-20 12:30:25,,,
2017-10-16,铁矿石,结算价,460.50,3.25%,3286,2017-10-16 00:00:00,1,0,2024-07-20 12:30:25,0,2024-07-20 12:30:25,,,
2017-10-13,铁矿石,收盘价,455.50,3.17%,3287,2017-10-13 00:00:00,1,0,2024-07-20 12:30:25,0,2024-07-20 12:30:25,,,
2017-10-13,铁矿石,结算价,446.00,2.88%,3288,2017-10-13 00:00:00,1,0,2024-07-20 12:30:25,0,2024-07-20 12:30:25,,,
2017-10-12,铁矿石,收盘价,441.50,1.26%,3289,2017-10-12 00:00:00,1,0,2024-07-20 12:30:25,0,2024-07-20 12:30:25,,,
2017-10-12,铁矿石,结算价,433.50,-1.48%,3290,2017-10-12 00:00:00,1,0,2024-07-20 12:30:25,0,2024-07-20 12:30:25,,,
2017-10-11,铁矿石,收盘价,436.00,-0.91%,3291,2017-10-11 00:00:00,1,0,2024-07-20 12:30:25,0,2024-07-20 12:30:25,,,
2017-10-11,铁矿石,结算价,440.00,0.%,3292,2017-10-11 00:00:00,1,0,2024-07-20 12:30:25,0,2024-07-20 12:30:25,,,
2017-10-10,铁矿石,收盘价,440.00,-0.56%,3293,2017-10-10 00:00:00,1,0,2024-07-20 12:30:25,0,2024-07-20 12:30:25,,,
2017-10-10,铁矿石,结算价,440.00,-2.%,3294,2017-10-10 00:00:00,1,0,2024-07-20 12:30:25,0,2024-07-20 12:30:25,,,
2017-10-09,铁矿石,收盘价,442.50,-2.64%,3295,2017-10-09 00:00:00,1,0,2024-07-20 12:30:25,0,2024-07-20 12:30:25,,,
2017-10-09,铁矿石,结算价,449.00,-0.66%,3296,2017-10-09 00:00:00,1,0,2024-07-20 12:30:25,0,2024-07-20 12:30:25,,,
2017-09-29,铁矿石,收盘价,454.50,0.78%,3297,2017-09-29 00:00:00,1,0,2024-07-20 12:30:25,0,2024-07-20 12:30:25,,,
2017-09-29,铁矿石,结算价,452.00,-1.53%,3298,2017-09-29 00:00:00,1,0,2024-07-20 12:30:25,0,2024-07-20 12:30:25,,,
2017-09-28,铁矿石,收盘价,451.00,-4.65%,3299,2017-09-28 00:00:00,1,0,2024-07-20 12:30:25,0,2024-07-20 12:30:25,,,
2017-09-28,铁矿石,结算价,459.00,-1.82%,3300,2017-09-28 00:00:00,1,0,2024-07-20 12:30:25,0,2024-07-20 12:30:25,,,
2017-09-27,铁矿石,收盘价,473.00,1.83%,3301,2017-09-27 00:00:00,1,0,2024-07-20 12:30:28,0,2024-07-20 12:30:28,,,
2017-09-27,铁矿石,结算价,467.50,-0.11%,3302,2017-09-27 00:00:00,1,0,2024-07-20 12:30:28,0,2024-07-20 12:30:28,,,
2017-09-26,铁矿石,收盘价,464.50,-0.75%,3303,2017-09-26 00:00:00,1,0,2024-07-20 12:30:28,0,2024-07-20 12:30:28,,,
2017-09-26,铁矿石,结算价,468.00,0.43%,3304,2017-09-26 00:00:00,1,0,2024-07-20 12:30:28,0,2024-07-20 12:30:28,,,
2017-09-25,铁矿石,收盘价,468.00,0.32%,3305,2017-09-25 00:00:00,1,0,2024-07-20 12:30:28,0,2024-07-20 12:30:28,,,
2017-09-25,铁矿石,结算价,466.00,-0.64%,3306,2017-09-25 00:00:00,1,0,2024-07-20 12:30:28,0,2024-07-20 12:30:28,,,
2017-09-22,铁矿石,收盘价,466.50,-8.8%,3307,2017-09-22 00:00:00,1,0,2024-07-20 12:30:28,0,2024-07-20 12:30:28,,,
2017-09-22,铁矿石,结算价,469.00,-7.13%,3308,2017-09-22 00:00:00,1,0,2024-07-20 12:30:28,0,2024-07-20 12:30:28,,,
2017-09-21,铁矿石,收盘价,472.00,-4.16%,3309,2017-09-21 00:00:00,1,0,2024-07-20 12:30:28,0,2024-07-20 12:30:28,,,
2017-09-21,铁矿石,结算价,485.50,-2.02%,3310,2017-09-21 00:00:00,1,0,2024-07-20 12:30:28,0,2024-07-20 12:30:28,,,
2017-09-20,铁矿石,收盘价,492.50,-1.1%,3311,2017-09-20 00:00:00,1,0,2024-07-20 12:30:28,0,2024-07-20 12:30:28,,,
2017-09-20,铁矿石,结算价,495.50,-2.27%,3312,2017-09-20 00:00:00,1,0,2024-07-20 12:30:28,0,2024-07-20 12:30:28,,,
2017-09-19,铁矿石,收盘价,498.00,-2.64%,3313,2017-09-19 00:00:00,1,0,2024-07-20 12:30:28,0,2024-07-20 12:30:28,,,
2017-09-19,铁矿石,结算价,507.00,0.4%,3314,2017-09-19 00:00:00,1,0,2024-07-20 12:30:28,0,2024-07-20 12:30:28,,,
2017-09-18,铁矿石,收盘价,511.50,0.69%,3315,2017-09-18 00:00:00,1,0,2024-07-20 12:30:28,0,2024-07-20 12:30:28,,,
2017-09-18,铁矿石,结算价,505.00,-0.88%,3316,2017-09-18 00:00:00,1,0,2024-07-20 12:30:28,0,2024-07-20 12:30:28,,,
2017-09-15,铁矿石,收盘价,508.00,-4.87%,3317,2017-09-15 00:00:00,1,0,2024-07-20 12:30:28,0,2024-07-20 12:30:28,,,
2017-09-15,铁矿石,结算价,509.50,-5.91%,3318,2017-09-15 00:00:00,1,0,2024-07-20 12:30:28,0,2024-07-20 12:30:28,,,
2017-09-14,铁矿石,收盘价,534.00,0.%,3319,2017-09-14 00:00:00,1,0,2024-07-20 12:30:28,0,2024-07-20 12:30:28,,,
2017-09-14,铁矿石,结算价,541.50,0.%,3320,2017-09-14 00:00:00,1,0,2024-07-20 12:30:28,0,2024-07-20 12:30:28,,,
2017-09-13,铁矿石,收盘价,534.00,-2.55%,3321,2017-09-13 00:00:00,1,0,2024-07-20 12:30:28,0,2024-07-20 12:30:28,,,
2017-09-13,铁矿石,结算价,541.50,1.03%,3322,2017-09-13 00:00:00,1,0,2024-07-20 12:30:28,0,2024-07-20 12:30:28,,,
2017-09-12,铁矿石,收盘价,548.00,2.72%,3323,2017-09-12 00:00:00,1,0,2024-07-20 12:30:28,0,2024-07-20 12:30:28,,,
2017-09-12,铁矿石,结算价,536.00,1.13%,3324,2017-09-12 00:00:00,1,0,2024-07-20 12:30:28,0,2024-07-20 12:30:28,,,
2017-09-11,铁矿石,收盘价,533.50,-0.19%,3325,2017-09-11 00:00:00,1,0,2024-07-20 12:30:28,0,2024-07-20 12:30:28,,,
2017-09-11,铁矿石,结算价,530.00,-2.84%,3326,2017-09-11 00:00:00,1,0,2024-07-20 12:30:28,0,2024-07-20 12:30:28,,,
2017-09-08,铁矿石,收盘价,534.50,-2.02%,3327,2017-09-08 00:00:00,1,0,2024-07-20 12:30:28,0,2024-07-20 12:30:28,,,
2017-09-08,铁矿石,结算价,545.50,-0.82%,3328,2017-09-08 00:00:00,1,0,2024-07-20 12:30:28,0,2024-07-20 12:30:28,,,
2017-09-07,铁矿石,收盘价,545.50,-0.82%,3329,2017-09-07 00:00:00,1,0,2024-07-20 12:30:28,0,2024-07-20 12:30:28,,,
2017-09-07,铁矿石,结算价,550.00,-3.%,3330,2017-09-07 00:00:00,1,0,2024-07-20 12:30:28,0,2024-07-20 12:30:28,,,
2017-09-06,铁矿石,收盘价,550.00,-4.51%,3331,2017-09-06 00:00:00,1,0,2024-07-20 12:30:32,0,2024-07-20 12:30:32,,,
2017-09-06,铁矿石,结算价,567.00,-0.7%,3332,2017-09-06 00:00:00,1,0,2024-07-20 12:30:32,0,2024-07-20 12:30:32,,,
2017-09-05,铁矿石,收盘价,576.00,1.86%,3333,2017-09-05 00:00:00,1,0,2024-07-20 12:30:32,0,2024-07-20 12:30:32,,,
2017-09-05,铁矿石,结算价,571.00,-1.97%,3334,2017-09-05 00:00:00,1,0,2024-07-20 12:30:32,0,2024-07-20 12:30:32,,,
2017-09-04,铁矿石,收盘价,565.50,-3.%,3335,2017-09-04 00:00:00,1,0,2024-07-20 12:30:32,0,2024-07-20 12:30:32,,,
2017-09-04,铁矿石,结算价,582.50,0.87%,3336,2017-09-04 00:00:00,1,0,2024-07-20 12:30:32,0,2024-07-20 12:30:32,,,
2017-09-01,铁矿石,收盘价,583.00,1.75%,3337,2017-09-01 00:00:00,1,0,2024-07-20 12:30:32,0,2024-07-20 12:30:32,,,
2017-09-01,铁矿石,结算价,577.50,3.31%,3338,2017-09-01 00:00:00,1,0,2024-07-20 12:30:32,0,2024-07-20 12:30:32,,,
2017-08-31,铁矿石,收盘价,573.00,3.06%,3339,2017-08-31 00:00:00,1,0,2024-07-20 12:30:32,0,2024-07-20 12:30:32,,,
2017-08-31,铁矿石,结算价,559.00,1.36%,3340,2017-08-31 00:00:00,1,0,2024-07-20 12:30:32,0,2024-07-20 12:30:32,,,
2017-08-30,铁矿石,收盘价,556.00,0.36%,3341,2017-08-30 00:00:00,1,0,2024-07-20 12:30:32,0,2024-07-20 12:30:32,,,
2017-08-30,铁矿石,结算价,551.50,-2.04%,3342,2017-08-30 00:00:00,1,0,2024-07-20 12:30:32,0,2024-07-20 12:30:32,,,
2017-08-29,铁矿石,收盘价,554.00,-3.23%,3343,2017-08-29 00:00:00,1,0,2024-07-20 12:30:32,0,2024-07-20 12:30:32,,,
2017-08-29,铁矿石,结算价,563.00,-1.14%,3344,2017-08-29 00:00:00,1,0,2024-07-20 12:30:32,0,2024-07-20 12:30:32,,,
2017-08-28,铁矿石,收盘价,572.50,-2.22%,3345,2017-08-28 00:00:00,1,0,2024-07-20 12:30:32,0,2024-07-20 12:30:32,,,
2017-08-28,铁矿石,结算价,569.50,-3.31%,3346,2017-08-28 00:00:00,1,0,2024-07-20 12:30:32,0,2024-07-20 12:30:32,,,
2017-08-25,铁矿石,收盘价,585.50,0.52%,3347,2017-08-25 00:00:00,1,0,2024-07-20 12:30:32,0,2024-07-20 12:30:32,,,
2017-08-25,铁矿石,结算价,589.00,0.94%,3348,2017-08-25 00:00:00,1,0,2024-07-20 12:30:32,0,2024-07-20 12:30:32,,,
2017-08-24,铁矿石,收盘价,582.50,0.69%,3349,2017-08-24 00:00:00,1,0,2024-07-20 12:30:32,0,2024-07-20 12:30:32,,,
2017-08-24,铁矿石,结算价,583.50,0.26%,3350,2017-08-24 00:00:00,1,0,2024-07-20 12:30:32,0,2024-07-20 12:30:32,,,
2017-08-23,铁矿石,收盘价,578.50,-4.54%,3351,2017-08-23 00:00:00,1,0,2024-07-20 12:30:32,0,2024-07-20 12:30:32,,,
2017-08-23,铁矿石,结算价,582.00,-3.24%,3352,2017-08-23 00:00:00,1,0,2024-07-20 12:30:32,0,2024-07-20 12:30:32,,,
2017-08-22,铁矿石,收盘价,606.00,1.68%,3353,2017-08-22 00:00:00,1,0,2024-07-20 12:30:32,0,2024-07-20 12:30:32,,,
2017-08-22,铁矿石,结算价,601.50,3.44%,3354,2017-08-22 00:00:00,1,0,2024-07-20 12:30:32,0,2024-07-20 12:30:32,,,
2017-08-21,铁矿石,收盘价,596.00,2.67%,3355,2017-08-21 00:00:00,1,0,2024-07-20 12:30:32,0,2024-07-20 12:30:32,,,
2017-08-21,铁矿石,结算价,581.50,4.03%,3356,2017-08-21 00:00:00,1,0,2024-07-20 12:30:32,0,2024-07-20 12:30:32,,,
2017-08-17,铁矿石,收盘价,580.50,10.89%,3357,2017-08-17 00:00:00,1,0,2024-07-20 12:30:32,0,2024-07-20 12:30:32,,,
2017-08-17,铁矿石,结算价,559.00,6.48%,3358,2017-08-17 00:00:00,1,0,2024-07-20 12:30:32,0,2024-07-20 12:30:32,,,
2017-08-16,铁矿石,收盘价,523.50,-1.23%,3359,2017-08-16 00:00:00,1,0,2024-07-20 12:30:32,0,2024-07-20 12:30:32,,,
2017-08-16,铁矿石,结算价,525.00,-0.1%,3360,2017-08-16 00:00:00,1,0,2024-07-20 12:30:32,0,2024-07-20 12:30:32,,,
2017-08-15,铁矿石,收盘价,530.00,0.57%,3361,2017-08-15 00:00:00,1,0,2024-07-20 12:30:36,0,2024-07-20 12:30:36,,,
2017-08-15,铁矿石,结算价,525.50,-1.78%,3362,2017-08-15 00:00:00,1,0,2024-07-20 12:30:36,0,2024-07-20 12:30:36,,,
2017-08-14,铁矿石,收盘价,527.00,-1.68%,3363,2017-08-14 00:00:00,1,0,2024-07-20 12:30:36,0,2024-07-20 12:30:36,,,
2017-08-14,铁矿石,结算价,535.00,-2.99%,3364,2017-08-14 00:00:00,1,0,2024-07-20 12:30:36,0,2024-07-20 12:30:36,,,
2017-08-11,铁矿石,收盘价,536.00,-4.88%,3365,2017-08-11 00:00:00,1,0,2024-07-20 12:30:36,0,2024-07-20 12:30:36,,,
2017-08-11,铁矿石,结算价,551.50,-1.96%,3366,2017-08-11 00:00:00,1,0,2024-07-20 12:30:36,0,2024-07-20 12:30:36,,,
2017-08-10,铁矿石,收盘价,563.50,-0.53%,3367,2017-08-10 00:00:00,1,0,2024-07-20 12:30:36,0,2024-07-20 12:30:36,,,
2017-08-10,铁矿石,结算价,562.50,0.72%,3368,2017-08-10 00:00:00,1,0,2024-07-20 12:30:36,0,2024-07-20 12:30:36,,,
2017-08-09,铁矿石,收盘价,566.50,3.19%,3369,2017-08-09 00:00:00,1,0,2024-07-20 12:30:36,0,2024-07-20 12:30:36,,,
2017-08-09,铁矿石,结算价,558.50,-0.45%,3370,2017-08-09 00:00:00,1,0,2024-07-20 12:30:36,0,2024-07-20 12:30:36,,,
2017-08-08,铁矿石,收盘价,549.00,-2.66%,3371,2017-08-08 00:00:00,1,0,2024-07-20 12:30:36,0,2024-07-20 12:30:36,,,
2017-08-08,铁矿石,结算价,561.00,-0.44%,3372,2017-08-08 00:00:00,1,0,2024-07-20 12:30:36,0,2024-07-20 12:30:36,,,
2017-08-07,铁矿石,收盘价,564.00,-1.74%,3373,2017-08-07 00:00:00,1,0,2024-07-20 12:30:36,0,2024-07-20 12:30:36,,,
2017-08-07,铁矿石,结算价,563.50,-1.83%,3374,2017-08-07 00:00:00,1,0,2024-07-20 12:30:36,0,2024-07-20 12:30:36,,,
2017-08-04,铁矿石,收盘价,574.00,5.61%,3375,2017-08-04 00:00:00,1,0,2024-07-20 12:30:36,0,2024-07-20 12:30:36,,,
2017-08-04,铁矿石,结算价,574.00,5.71%,3376,2017-08-04 00:00:00,1,0,2024-07-20 12:30:36,0,2024-07-20 12:30:36,,,
2017-08-03,铁矿石,收盘价,543.50,-0.09%,3377,2017-08-03 00:00:00,1,0,2024-07-20 12:30:36,0,2024-07-20 12:30:36,,,
2017-08-03,铁矿石,结算价,543.00,0.37%,3378,2017-08-03 00:00:00,1,0,2024-07-20 12:30:36,0,2024-07-20 12:30:36,,,
2017-08-02,铁矿石,收盘价,544.00,-0.46%,3379,2017-08-02 00:00:00,1,0,2024-07-20 12:30:36,0,2024-07-20 12:30:36,,,
2017-08-02,铁矿石,结算价,541.00,-1.37%,3380,2017-08-02 00:00:00,1,0,2024-07-20 12:30:36,0,2024-07-20 12:30:36,,,
2017-08-01,铁矿石,收盘价,546.50,-4.21%,3381,2017-08-01 00:00:00,1,0,2024-07-20 12:30:36,0,2024-07-20 12:30:36,,,
2017-08-01,铁矿石,结算价,548.50,-1.08%,3382,2017-08-01 00:00:00,1,0,2024-07-20 12:30:36,0,2024-07-20 12:30:36,,,
2017-07-31,铁矿石,收盘价,570.50,7.64%,3383,2017-07-31 00:00:00,1,0,2024-07-20 12:30:36,0,2024-07-20 12:30:36,,,
2017-07-31,铁矿石,结算价,554.50,4.92%,3384,2017-07-31 00:00:00,1,0,2024-07-20 12:30:36,0,2024-07-20 12:30:36,,,
2017-07-28,铁矿石,收盘价,530.00,0.57%,3385,2017-07-28 00:00:00,1,0,2024-07-20 12:30:36,0,2024-07-20 12:30:36,,,
2017-07-28,铁矿石,结算价,528.50,1.25%,3386,2017-07-28 00:00:00,1,0,2024-07-20 12:30:36,0,2024-07-20 12:30:36,,,
2017-07-27,铁矿石,收盘价,527.00,0.09%,3387,2017-07-27 00:00:00,1,0,2024-07-20 12:30:36,0,2024-07-20 12:30:36,,,
2017-07-27,铁矿石,结算价,522.00,0.19%,3388,2017-07-27 00:00:00,1,0,2024-07-20 12:30:36,0,2024-07-20 12:30:36,,,
2017-07-26,铁矿石,收盘价,518.00,-1.61%,3389,2017-07-26 00:00:00,1,0,2024-07-20 12:30:36,0,2024-07-20 12:30:36,,,
2017-07-26,铁矿石,结算价,526.00,0.96%,3390,2017-07-26 00:00:00,1,0,2024-07-20 12:30:36,0,2024-07-20 12:30:36,,,
2017-07-25,铁矿石,收盘价,526.50,2.83%,3391,2017-07-25 00:00:00,1,0,2024-07-20 12:30:40,0,2024-07-20 12:30:40,,,
2017-07-25,铁矿石,结算价,521.00,2.16%,3392,2017-07-25 00:00:00,1,0,2024-07-20 12:30:40,0,2024-07-20 12:30:40,,,
2017-07-24,铁矿石,收盘价,512.00,-1.73%,3393,2017-07-24 00:00:00,1,0,2024-07-20 12:30:40,0,2024-07-20 12:30:40,,,
2017-07-24,铁矿石,结算价,510.00,-1.26%,3394,2017-07-24 00:00:00,1,0,2024-07-20 12:30:40,0,2024-07-20 12:30:40,,,
2017-07-21,铁矿石,收盘价,521.00,0.77%,3395,2017-07-21 00:00:00,1,0,2024-07-20 12:30:40,0,2024-07-20 12:30:40,,,
2017-07-21,铁矿石,结算价,516.50,-1.71%,3396,2017-07-21 00:00:00,1,0,2024-07-20 12:30:40,0,2024-07-20 12:30:40,,,
2017-07-20,铁矿石,收盘价,517.00,-2.82%,3397,2017-07-20 00:00:00,1,0,2024-07-20 12:30:40,0,2024-07-20 12:30:40,,,
2017-07-20,铁矿石,结算价,525.50,-0.28%,3398,2017-07-20 00:00:00,1,0,2024-07-20 12:30:40,0,2024-07-20 12:30:40,,,
2017-07-19,铁矿石,收盘价,532.00,2.9%,3399,2017-07-19 00:00:00,1,0,2024-07-20 12:30:40,0,2024-07-20 12:30:40,,,
2017-07-19,铁矿石,结算价,527.00,2.73%,3400,2017-07-19 00:00:00,1,0,2024-07-20 12:30:40,0,2024-07-20 12:30:40,,,
2017-07-18,铁矿石,收盘价,517.00,4.55%,3401,2017-07-18 00:00:00,1,0,2024-07-20 12:30:40,0,2024-07-20 12:30:40,,,
2017-07-18,铁矿石,结算价,513.00,4.48%,3402,2017-07-18 00:00:00,1,0,2024-07-20 12:30:40,0,2024-07-20 12:30:40,,,
2017-07-17,铁矿石,收盘价,494.50,2.81%,3403,2017-07-17 00:00:00,1,0,2024-07-20 12:30:40,0,2024-07-20 12:30:40,,,
2017-07-17,铁矿石,结算价,491.00,2.4%,3404,2017-07-17 00:00:00,1,0,2024-07-20 12:30:40,0,2024-07-20 12:30:40,,,
2017-07-14,铁矿石,收盘价,481.00,-2.04%,3405,2017-07-14 00:00:00,1,0,2024-07-20 12:30:40,0,2024-07-20 12:30:40,,,
2017-07-14,铁矿石,结算价,479.50,-1.74%,3406,2017-07-14 00:00:00,1,0,2024-07-20 12:30:40,0,2024-07-20 12:30:40,,,
2017-07-13,铁矿石,收盘价,491.00,0.51%,3407,2017-07-13 00:00:00,1,0,2024-07-20 12:30:40,0,2024-07-20 12:30:40,,,
2017-07-13,铁矿石,结算价,488.00,-0.61%,3408,2017-07-13 00:00:00,1,0,2024-07-20 12:30:40,0,2024-07-20 12:30:40,,,
2017-07-12,铁矿石,收盘价,488.50,0.%,3409,2017-07-12 00:00:00,1,0,2024-07-20 12:30:40,0,2024-07-20 12:30:40,,,
2017-07-12,铁矿石,结算价,491.00,0.61%,3410,2017-07-12 00:00:00,1,0,2024-07-20 12:30:40,0,2024-07-20 12:30:40,,,
2017-07-11,铁矿石,收盘价,488.50,1.77%,3411,2017-07-11 00:00:00,1,0,2024-07-20 12:30:40,0,2024-07-20 12:30:40,,,
2017-07-11,铁矿石,结算价,488.00,1.67%,3412,2017-07-11 00:00:00,1,0,2024-07-20 12:30:40,0,2024-07-20 12:30:40,,,
2017-07-10,铁矿石,收盘价,480.00,-0.31%,3413,2017-07-10 00:00:00,1,0,2024-07-20 12:30:40,0,2024-07-20 12:30:40,,,
2017-07-10,铁矿石,结算价,480.00,1.59%,3414,2017-07-10 00:00:00,1,0,2024-07-20 12:30:40,0,2024-07-20 12:30:40,,,
2017-07-07,铁矿石,收盘价,481.50,2.23%,3415,2017-07-07 00:00:00,1,0,2024-07-20 12:30:40,0,2024-07-20 12:30:40,,,
2017-07-07,铁矿石,结算价,472.50,1.39%,3416,2017-07-07 00:00:00,1,0,2024-07-20 12:30:40,0,2024-07-20 12:30:40,,,
2017-07-06,铁矿石,收盘价,471.00,0.32%,3417,2017-07-06 00:00:00,1,0,2024-07-20 12:30:40,0,2024-07-20 12:30:40,,,
2017-07-06,铁矿石,结算价,466.00,-1.38%,3418,2017-07-06 00:00:00,1,0,2024-07-20 12:30:40,0,2024-07-20 12:30:40,,,
2017-07-05,铁矿石,收盘价,469.50,0.97%,3419,2017-07-05 00:00:00,1,0,2024-07-20 12:30:40,0,2024-07-20 12:30:40,,,
2017-07-05,铁矿石,结算价,472.50,-1.15%,3420,2017-07-05 00:00:00,1,0,2024-07-20 12:30:40,0,2024-07-20 12:30:40,,,
2017-07-04,铁矿石,收盘价,465.00,-4.52%,3421,2017-07-04 00:00:00,1,0,2024-07-20 12:30:42,0,2024-07-20 12:30:42,,,
2017-07-04,铁矿石,结算价,478.00,-0.1%,3422,2017-07-04 00:00:00,1,0,2024-07-20 12:30:42,0,2024-07-20 12:30:42,,,
2017-07-03,铁矿石,收盘价,487.00,2.85%,3423,2017-07-03 00:00:00,1,0,2024-07-20 12:30:42,0,2024-07-20 12:30:42,,,
2017-07-03,铁矿石,结算价,478.50,1.59%,3424,2017-07-03 00:00:00,1,0,2024-07-20 12:30:42,0,2024-07-20 12:30:42,,,
2017-06-30,铁矿石,收盘价,473.50,-0.73%,3425,2017-06-30 00:00:00,1,0,2024-07-20 12:30:42,0,2024-07-20 12:30:42,,,
2017-06-30,铁矿石,结算价,471.00,0.%,3426,2017-06-30 00:00:00,1,0,2024-07-20 12:30:42,0,2024-07-20 12:30:42,,,
2017-06-29,铁矿石,收盘价,477.00,4.26%,3427,2017-06-29 00:00:00,1,0,2024-07-20 12:30:42,0,2024-07-20 12:30:42,,,
2017-06-29,铁矿石,结算价,471.00,3.18%,3428,2017-06-29 00:00:00,1,0,2024-07-20 12:30:42,0,2024-07-20 12:30:42,,,
2017-06-28,铁矿石,收盘价,457.50,0.22%,3429,2017-06-28 00:00:00,1,0,2024-07-20 12:30:42,0,2024-07-20 12:30:42,,,
2017-06-28,铁矿石,结算价,456.50,2.93%,3430,2017-06-28 00:00:00,1,0,2024-07-20 12:30:42,0,2024-07-20 12:30:42,,,
2017-06-27,铁矿石,收盘价,456.50,5.43%,3431,2017-06-27 00:00:00,1,0,2024-07-20 12:30:42,0,2024-07-20 12:30:42,,,
2017-06-27,铁矿石,结算价,443.50,2.9%,3432,2017-06-27 00:00:00,1,0,2024-07-20 12:30:42,0,2024-07-20 12:30:42,,,
2017-06-26,铁矿石,收盘价,433.00,-0.23%,3433,2017-06-26 00:00:00,1,0,2024-07-20 12:30:42,0,2024-07-20 12:30:42,,,
2017-06-26,铁矿石,结算价,431.00,0.35%,3434,2017-06-26 00:00:00,1,0,2024-07-20 12:30:42,0,2024-07-20 12:30:42,,,
2017-06-23,铁矿石,收盘价,434.00,2.%,3435,2017-06-23 00:00:00,1,0,2024-07-20 12:30:42,0,2024-07-20 12:30:42,,,
2017-06-23,铁矿石,结算价,429.50,-0.81%,3436,2017-06-23 00:00:00,1,0,2024-07-20 12:30:42,0,2024-07-20 12:30:42,,,
2017-06-22,铁矿石,收盘价,425.50,-1.85%,3437,2017-06-22 00:00:00,1,0,2024-07-20 12:30:42,0,2024-07-20 12:30:42,,,
2017-06-22,铁矿石,结算价,433.00,1.64%,3438,2017-06-22 00:00:00,1,0,2024-07-20 12:30:42,0,2024-07-20 12:30:42,,,
2017-06-21,铁矿石,收盘价,433.50,0.7%,3439,2017-06-21 00:00:00,1,0,2024-07-20 12:30:42,0,2024-07-20 12:30:42,,,
2017-06-21,铁矿石,结算价,426.00,-1.39%,3440,2017-06-21 00:00:00,1,0,2024-07-20 12:30:42,0,2024-07-20 12:30:42,,,
2017-06-20,铁矿石,收盘价,430.50,-0.46%,3441,2017-06-20 00:00:00,1,0,2024-07-20 12:30:42,0,2024-07-20 12:30:42,,,
2017-06-20,铁矿石,结算价,432.00,-0.35%,3442,2017-06-20 00:00:00,1,0,2024-07-20 12:30:42,0,2024-07-20 12:30:42,,,
2017-06-19,铁矿石,收盘价,432.50,1.41%,3443,2017-06-19 00:00:00,1,0,2024-07-20 12:30:42,0,2024-07-20 12:30:42,,,
2017-06-19,铁矿石,结算价,433.50,0.93%,3444,2017-06-19 00:00:00,1,0,2024-07-20 12:30:42,0,2024-07-20 12:30:42,,,
2017-06-16,铁矿石,收盘价,426.50,0.83%,3445,2017-06-16 00:00:00,1,0,2024-07-20 12:30:42,0,2024-07-20 12:30:42,,,
2017-06-16,铁矿石,结算价,429.50,1.54%,3446,2017-06-16 00:00:00,1,0,2024-07-20 12:30:42,0,2024-07-20 12:30:42,,,
2017-06-15,铁矿石,收盘价,423.00,-2.08%,3447,2017-06-15 00:00:00,1,0,2024-07-20 12:30:42,0,2024-07-20 12:30:42,,,
2017-06-15,铁矿石,结算价,423.00,0.59%,3448,2017-06-15 00:00:00,1,0,2024-07-20 12:30:42,0,2024-07-20 12:30:42,,,
2017-06-14,铁矿石,收盘价,432.00,3.23%,3449,2017-06-14 00:00:00,1,0,2024-07-20 12:30:42,0,2024-07-20 12:30:42,,,
2017-06-14,铁矿石,结算价,420.50,-1.52%,3450,2017-06-14 00:00:00,1,0,2024-07-20 12:30:42,0,2024-07-20 12:30:42,,,
2017-06-13,铁矿石,收盘价,418.50,-3.57%,3451,2017-06-13 00:00:00,1,0,2024-07-20 12:30:44,0,2024-07-20 12:30:44,,,
2017-06-13,铁矿石,结算价,427.00,-0.93%,3452,2017-06-13 00:00:00,1,0,2024-07-20 12:30:44,0,2024-07-20 12:30:44,,,
2017-06-12,铁矿石,收盘价,434.00,2.48%,3453,2017-06-12 00:00:00,1,0,2024-07-20 12:30:44,0,2024-07-20 12:30:44,,,
2017-06-12,铁矿石,结算价,431.00,1.89%,3454,2017-06-12 00:00:00,1,0,2024-07-20 12:30:44,0,2024-07-20 12:30:44,,,
2017-06-09,铁矿石,收盘价,423.50,0.12%,3455,2017-06-09 00:00:00,1,0,2024-07-20 12:30:44,0,2024-07-20 12:30:44,,,
2017-06-09,铁矿石,结算价,423.00,-1.51%,3456,2017-06-09 00:00:00,1,0,2024-07-20 12:30:44,0,2024-07-20 12:30:44,,,
2017-06-08,铁矿石,收盘价,423.00,-2.2%,3457,2017-06-08 00:00:00,1,0,2024-07-20 12:30:44,0,2024-07-20 12:30:44,,,
2017-06-08,铁矿石,结算价,429.50,-0.46%,3458,2017-06-08 00:00:00,1,0,2024-07-20 12:30:44,0,2024-07-20 12:30:44,,,
2017-06-07,铁矿石,收盘价,432.50,0.12%,3459,2017-06-07 00:00:00,1,0,2024-07-20 12:30:44,0,2024-07-20 12:30:44,,,
2017-06-07,铁矿石,结算价,431.50,-0.12%,3460,2017-06-07 00:00:00,1,0,2024-07-20 12:30:44,0,2024-07-20 12:30:44,,,
2017-06-06,铁矿石,收盘价,432.00,-0.69%,3461,2017-06-06 00:00:00,1,0,2024-07-20 12:30:44,0,2024-07-20 12:30:44,,,
2017-06-06,铁矿石,结算价,432.00,-0.8%,3462,2017-06-06 00:00:00,1,0,2024-07-20 12:30:44,0,2024-07-20 12:30:44,,,
2017-06-05,铁矿石,收盘价,435.00,1.28%,3463,2017-06-05 00:00:00,1,0,2024-07-20 12:30:44,0,2024-07-20 12:30:44,,,
2017-06-05,铁矿石,结算价,435.50,2.11%,3464,2017-06-05 00:00:00,1,0,2024-07-20 12:30:44,0,2024-07-20 12:30:44,,,
2017-06-02,铁矿石,收盘价,429.50,2.26%,3465,2017-06-02 00:00:00,1,0,2024-07-20 12:30:44,0,2024-07-20 12:30:44,,,
2017-06-02,铁矿石,结算价,426.50,1.19%,3466,2017-06-02 00:00:00,1,0,2024-07-20 12:30:44,0,2024-07-20 12:30:44,,,
2017-06-01,铁矿石,收盘价,420.00,-1.06%,3467,2017-06-01 00:00:00,1,0,2024-07-20 12:30:44,0,2024-07-20 12:30:44,,,
2017-06-01,铁矿石,结算价,421.50,-3.88%,3468,2017-06-01 00:00:00,1,0,2024-07-20 12:30:44,0,2024-07-20 12:30:44,,,
2017-05-31,铁矿石,收盘价,424.50,-6.5%,3469,2017-05-31 00:00:00,1,0,2024-07-20 12:30:44,0,2024-07-20 12:30:44,,,
2017-05-31,铁矿石,结算价,438.50,-2.88%,3470,2017-05-31 00:00:00,1,0,2024-07-20 12:30:44,0,2024-07-20 12:30:44,,,
2017-05-26,铁矿石,收盘价,454.00,1.34%,3471,2017-05-26 00:00:00,1,0,2024-07-20 12:30:44,0,2024-07-20 12:30:44,,,
2017-05-26,铁矿石,结算价,451.50,-1.2%,3472,2017-05-26 00:00:00,1,0,2024-07-20 12:30:44,0,2024-07-20 12:30:44,,,
2017-05-25,铁矿石,收盘价,448.00,-1.65%,3473,2017-05-25 00:00:00,1,0,2024-07-20 12:30:44,0,2024-07-20 12:30:44,,,
2017-05-25,铁矿石,结算价,457.00,-2.04%,3474,2017-05-25 00:00:00,1,0,2024-07-20 12:30:44,0,2024-07-20 12:30:44,,,
2017-05-24,铁矿石,收盘价,455.50,-4.91%,3475,2017-05-24 00:00:00,1,0,2024-07-20 12:30:44,0,2024-07-20 12:30:44,,,
2017-05-24,铁矿石,结算价,466.50,-4.7%,3476,2017-05-24 00:00:00,1,0,2024-07-20 12:30:44,0,2024-07-20 12:30:44,,,
2017-05-23,铁矿石,收盘价,479.00,-3.04%,3477,2017-05-23 00:00:00,1,0,2024-07-20 12:30:44,0,2024-07-20 12:30:44,,,
2017-05-23,铁矿石,结算价,489.50,-1.01%,3478,2017-05-23 00:00:00,1,0,2024-07-20 12:30:44,0,2024-07-20 12:30:44,,,
2017-05-22,铁矿石,收盘价,494.00,1.02%,3479,2017-05-22 00:00:00,1,0,2024-07-20 12:30:44,0,2024-07-20 12:30:44,,,
2017-05-22,铁矿石,结算价,494.50,4.32%,3480,2017-05-22 00:00:00,1,0,2024-07-20 12:30:44,0,2024-07-20 12:30:44,,,
2017-05-19,铁矿石,收盘价,489.00,4.38%,3481,2017-05-19 00:00:00,1,0,2024-07-20 12:30:48,0,2024-07-20 12:30:48,,,
2017-05-19,铁矿石,结算价,474.00,0.%,3482,2017-05-19 00:00:00,1,0,2024-07-20 12:30:48,0,2024-07-20 12:30:48,,,
2017-05-18,铁矿石,收盘价,468.50,-1.88%,3483,2017-05-18 00:00:00,1,0,2024-07-20 12:30:48,0,2024-07-20 12:30:48,,,
2017-05-18,铁矿石,结算价,474.00,0.32%,3484,2017-05-18 00:00:00,1,0,2024-07-20 12:30:48,0,2024-07-20 12:30:48,,,
2017-05-17,铁矿石,收盘价,477.50,3.58%,3485,2017-05-17 00:00:00,1,0,2024-07-20 12:30:48,0,2024-07-20 12:30:48,,,
2017-05-17,铁矿石,结算价,472.50,3.5%,3486,2017-05-17 00:00:00,1,0,2024-07-20 12:30:48,0,2024-07-20 12:30:48,,,
2017-05-16,铁矿石,收盘价,461.00,0.88%,3487,2017-05-16 00:00:00,1,0,2024-07-20 12:30:48,0,2024-07-20 12:30:48,,,
2017-05-16,铁矿石,结算价,456.50,0.55%,3488,2017-05-16 00:00:00,1,0,2024-07-20 12:30:48,0,2024-07-20 12:30:48,,,
2017-05-15,铁矿石,收盘价,457.00,1.44%,3489,2017-05-15 00:00:00,1,0,2024-07-20 12:30:48,0,2024-07-20 12:30:48,,,
2017-05-15,铁矿石,结算价,454.00,0.22%,3490,2017-05-15 00:00:00,1,0,2024-07-20 12:30:48,0,2024-07-20 12:30:48,,,
2017-05-12,铁矿石,收盘价,450.50,-3.12%,3491,2017-05-12 00:00:00,1,0,2024-07-20 12:30:48,0,2024-07-20 12:30:48,,,
2017-05-12,铁矿石,结算价,453.00,-1.84%,3492,2017-05-12 00:00:00,1,0,2024-07-20 12:30:48,0,2024-07-20 12:30:48,,,
2017-05-11,铁矿石,收盘价,465.00,-2.%,3493,2017-05-11 00:00:00,1,0,2024-07-20 12:30:48,0,2024-07-20 12:30:48,,,
2017-05-11,铁矿石,结算价,461.50,-2.02%,3494,2017-05-11 00:00:00,1,0,2024-07-20 12:30:48,0,2024-07-20 12:30:48,,,
2017-05-10,铁矿石,收盘价,474.50,1.82%,3495,2017-05-10 00:00:00,1,0,2024-07-20 12:30:48,0,2024-07-20 12:30:48,,,
2017-05-10,铁矿石,结算价,471.00,1.84%,3496,2017-05-10 00:00:00,1,0,2024-07-20 12:30:48,0,2024-07-20 12:30:48,,,
2017-05-09,铁矿石,收盘价,466.00,-0.11%,3497,2017-05-09 00:00:00,1,0,2024-07-20 12:30:48,0,2024-07-20 12:30:48,,,
2017-05-09,铁矿石,结算价,462.50,-1.6%,3498,2017-05-09 00:00:00,1,0,2024-07-20 12:30:48,0,2024-07-20 12:30:48,,,
2017-05-08,铁矿石,收盘价,466.50,1.08%,3499,2017-05-08 00:00:00,1,0,2024-07-20 12:30:48,0,2024-07-20 12:30:48,,,
2017-05-08,铁矿石,结算价,470.00,0.53%,3500,2017-05-08 00:00:00,1,0,2024-07-20 12:30:48,0,2024-07-20 12:30:48,,,
2017-05-05,铁矿石,收盘价,461.50,-4.85%,3501,2017-05-05 00:00:00,1,0,2024-07-20 12:30:48,0,2024-07-20 12:30:48,,,
2017-05-05,铁矿石,结算价,467.50,-6.31%,3502,2017-05-05 00:00:00,1,0,2024-07-20 12:30:48,0,2024-07-20 12:30:48,,,
2017-05-04,铁矿石,收盘价,485.00,-7.27%,3503,2017-05-04 00:00:00,1,0,2024-07-20 12:30:48,0,2024-07-20 12:30:48,,,
2017-05-04,铁矿石,结算价,499.00,-5.31%,3504,2017-05-04 00:00:00,1,0,2024-07-20 12:30:48,0,2024-07-20 12:30:48,,,
2017-05-03,铁矿石,收盘价,523.00,-1.97%,3505,2017-05-03 00:00:00,1,0,2024-07-20 12:30:48,0,2024-07-20 12:30:48,,,
2017-05-03,铁矿石,结算价,527.00,-0.75%,3506,2017-05-03 00:00:00,1,0,2024-07-20 12:30:48,0,2024-07-20 12:30:48,,,
2017-05-02,铁矿石,收盘价,533.50,2.4%,3507,2017-05-02 00:00:00,1,0,2024-07-20 12:30:48,0,2024-07-20 12:30:48,,,
2017-05-02,铁矿石,结算价,531.00,4.22%,3508,2017-05-02 00:00:00,1,0,2024-07-20 12:30:48,0,2024-07-20 12:30:48,,,
2017-04-28,铁矿石,收盘价,521.00,2.96%,3509,2017-04-28 00:00:00,1,0,2024-07-20 12:30:48,0,2024-07-20 12:30:48,,,
2017-04-28,铁矿石,结算价,509.50,2.21%,3510,2017-04-28 00:00:00,1,0,2024-07-20 12:30:48,0,2024-07-20 12:30:48,,,
2017-04-27,铁矿石,收盘价,506.00,1.91%,3511,2017-04-27 00:00:00,1,0,2024-07-20 12:30:50,0,2024-07-20 12:30:50,,,
2017-04-27,铁矿石,结算价,498.50,-0.99%,3512,2017-04-27 00:00:00,1,0,2024-07-20 12:30:50,0,2024-07-20 12:30:50,,,
2017-04-26,铁矿石,收盘价,496.50,-0.3%,3513,2017-04-26 00:00:00,1,0,2024-07-20 12:30:50,0,2024-07-20 12:30:50,,,
2017-04-26,铁矿石,结算价,503.50,1.61%,3514,2017-04-26 00:00:00,1,0,2024-07-20 12:30:50,0,2024-07-20 12:30:50,,,
2017-04-25,铁矿石,收盘价,498.00,-0.99%,3515,2017-04-25 00:00:00,1,0,2024-07-20 12:30:50,0,2024-07-20 12:30:50,,,
2017-04-25,铁矿石,结算价,495.50,-0.6%,3516,2017-04-25 00:00:00,1,0,2024-07-20 12:30:50,0,2024-07-20 12:30:50,,,
2017-04-24,铁矿石,收盘价,503.00,-0.49%,3517,2017-04-24 00:00:00,1,0,2024-07-20 12:30:50,0,2024-07-20 12:30:50,,,
2017-04-24,铁矿石,结算价,498.50,-0.6%,3518,2017-04-24 00:00:00,1,0,2024-07-20 12:30:50,0,2024-07-20 12:30:50,,,
2017-04-21,铁矿石,收盘价,505.50,3.48%,3519,2017-04-21 00:00:00,1,0,2024-07-20 12:30:50,0,2024-07-20 12:30:50,,,
2017-04-21,铁矿石,结算价,501.50,5.14%,3520,2017-04-21 00:00:00,1,0,2024-07-20 12:30:50,0,2024-07-20 12:30:50,,,
2017-04-20,铁矿石,收盘价,488.50,1.77%,3521,2017-04-20 00:00:00,1,0,2024-07-20 12:30:50,0,2024-07-20 12:30:50,,,
2017-04-20,铁矿石,结算价,477.00,0.63%,3522,2017-04-20 00:00:00,1,0,2024-07-20 12:30:50,0,2024-07-20 12:30:50,,,
2017-04-19,铁矿石,收盘价,480.00,2.56%,3523,2017-04-19 00:00:00,1,0,2024-07-20 12:30:50,0,2024-07-20 12:30:50,,,
2017-04-19,铁矿石,结算价,474.00,-1.66%,3524,2017-04-19 00:00:00,1,0,2024-07-20 12:30:50,0,2024-07-20 12:30:50,,,
2017-04-18,铁矿石,收盘价,468.00,-5.07%,3525,2017-04-18 00:00:00,1,0,2024-07-20 12:30:50,0,2024-07-20 12:30:50,,,
2017-04-18,铁矿石,结算价,482.00,-3.7%,3526,2017-04-18 00:00:00,1,0,2024-07-20 12:30:50,0,2024-07-20 12:30:50,,,
2017-04-17,铁矿石,收盘价,493.00,-2.86%,3527,2017-04-17 00:00:00,1,0,2024-07-20 12:30:50,0,2024-07-20 12:30:50,,,
2017-04-17,铁矿石,结算价,500.50,-0.89%,3528,2017-04-17 00:00:00,1,0,2024-07-20 12:30:50,0,2024-07-20 12:30:50,,,
2017-04-14,铁矿石,收盘价,507.50,0.4%,3529,2017-04-14 00:00:00,1,0,2024-07-20 12:30:50,0,2024-07-20 12:30:50,,,
2017-04-14,铁矿石,结算价,505.00,0.%,3530,2017-04-14 00:00:00,1,0,2024-07-20 12:30:50,0,2024-07-20 12:30:50,,,
2017-04-13,铁矿石,收盘价,505.50,-0.1%,3531,2017-04-13 00:00:00,1,0,2024-07-20 12:30:50,0,2024-07-20 12:30:50,,,
2017-04-13,铁矿石,结算价,505.00,-1.08%,3532,2017-04-13 00:00:00,1,0,2024-07-20 12:30:50,0,2024-07-20 12:30:50,,,
2017-04-12,铁矿石,收盘价,506.00,-3.53%,3533,2017-04-12 00:00:00,1,0,2024-07-20 12:30:50,0,2024-07-20 12:30:50,,,
2017-04-12,铁矿石,结算价,510.50,-2.48%,3534,2017-04-12 00:00:00,1,0,2024-07-20 12:30:50,0,2024-07-20 12:30:50,,,
2017-04-11,铁矿石,收盘价,524.50,0.87%,3535,2017-04-11 00:00:00,1,0,2024-07-20 12:30:50,0,2024-07-20 12:30:50,,,
2017-04-11,铁矿石,结算价,523.50,0.%,3536,2017-04-11 00:00:00,1,0,2024-07-20 12:30:50,0,2024-07-20 12:30:50,,,
2017-04-10,铁矿石,收盘价,520.00,-1.05%,3537,2017-04-10 00:00:00,1,0,2024-07-20 12:30:50,0,2024-07-20 12:30:50,,,
2017-04-10,铁矿石,结算价,523.50,-2.06%,3538,2017-04-10 00:00:00,1,0,2024-07-20 12:30:50,0,2024-07-20 12:30:50,,,
2017-04-07,铁矿石,收盘价,525.50,-6.16%,3539,2017-04-07 00:00:00,1,0,2024-07-20 12:30:50,0,2024-07-20 12:30:50,,,
2017-04-07,铁矿石,结算价,534.50,-5.4%,3540,2017-04-07 00:00:00,1,0,2024-07-20 12:30:50,0,2024-07-20 12:30:50,,,
2017-04-06,铁矿石,收盘价,560.00,0.09%,3541,2017-04-06 00:00:00,1,0,2024-07-20 12:30:53,0,2024-07-20 12:30:53,,,
2017-04-06,铁矿石,结算价,565.00,0.%,3542,2017-04-06 00:00:00,1,0,2024-07-20 12:30:53,0,2024-07-20 12:30:53,,,
2017-04-05,铁矿石,收盘价,559.50,1.36%,3543,2017-04-05 00:00:00,1,0,2024-07-20 12:30:53,0,2024-07-20 12:30:53,,,
2017-04-05,铁矿石,结算价,565.00,1.62%,3544,2017-04-05 00:00:00,1,0,2024-07-20 12:30:53,0,2024-07-20 12:30:53,,,
2017-03-31,铁矿石,收盘价,552.00,-1.25%,3545,2017-03-31 00:00:00,1,0,2024-07-20 12:30:53,0,2024-07-20 12:30:53,,,
2017-03-31,铁矿石,结算价,556.00,-2.11%,3546,2017-03-31 00:00:00,1,0,2024-07-20 12:30:53,0,2024-07-20 12:30:53,,,
2017-03-30,铁矿石,收盘价,559.00,-2.1%,3547,2017-03-30 00:00:00,1,0,2024-07-20 12:30:53,0,2024-07-20 12:30:53,,,
2017-03-30,铁矿石,结算价,568.00,1.16%,3548,2017-03-30 00:00:00,1,0,2024-07-20 12:30:53,0,2024-07-20 12:30:53,,,
2017-03-29,铁矿石,收盘价,571.00,5.16%,3549,2017-03-29 00:00:00,1,0,2024-07-20 12:30:53,0,2024-07-20 12:30:53,,,
2017-03-29,铁矿石,结算价,561.50,1.81%,3550,2017-03-29 00:00:00,1,0,2024-07-20 12:30:53,0,2024-07-20 12:30:53,,,
2017-03-28,铁矿石,收盘价,543.00,-1.18%,3551,2017-03-28 00:00:00,1,0,2024-07-20 12:30:53,0,2024-07-20 12:30:53,,,
2017-03-28,铁矿石,结算价,551.50,-1.08%,3552,2017-03-28 00:00:00,1,0,2024-07-20 12:30:53,0,2024-07-20 12:30:53,,,
2017-03-27,铁矿石,收盘价,549.50,-5.34%,3553,2017-03-27 00:00:00,1,0,2024-07-20 12:30:53,0,2024-07-20 12:30:53,,,
2017-03-27,铁矿石,结算价,557.50,-3.88%,3554,2017-03-27 00:00:00,1,0,2024-07-20 12:30:53,0,2024-07-20 12:30:53,,,
2017-03-24,铁矿石,收盘价,580.50,0.%,3555,2017-03-24 00:00:00,1,0,2024-07-20 12:30:53,0,2024-07-20 12:30:53,,,
2017-03-24,铁矿石,结算价,580.00,-0.68%,3556,2017-03-24 00:00:00,1,0,2024-07-20 12:30:53,0,2024-07-20 12:30:53,,,
2017-03-23,铁矿石,收盘价,580.50,0.61%,3557,2017-03-23 00:00:00,1,0,2024-07-20 12:30:53,0,2024-07-20 12:30:53,,,
2017-03-23,铁矿石,结算价,584.00,-1.35%,3558,2017-03-23 00:00:00,1,0,2024-07-20 12:30:53,0,2024-07-20 12:30:53,,,
2017-03-22,铁矿石,收盘价,577.00,-4.71%,3559,2017-03-22 00:00:00,1,0,2024-07-20 12:30:53,0,2024-07-20 12:30:53,,,
2017-03-22,铁矿石,结算价,592.00,-3.9%,3560,2017-03-22 00:00:00,1,0,2024-07-20 12:30:53,0,2024-07-20 12:30:53,,,
2017-03-21,铁矿石,收盘价,605.50,-14.9%,3561,2017-03-21 00:00:00,1,0,2024-07-20 12:30:53,0,2024-07-20 12:30:53,,,
2017-03-21,铁矿石,结算价,616.00,-13.97%,3562,2017-03-21 00:00:00,1,0,2024-07-20 12:30:53,0,2024-07-20 12:30:53,,,
2017-03-20,铁矿石,收盘价,711.50,-0.56%,3563,2017-03-20 00:00:00,1,0,2024-07-20 12:30:53,0,2024-07-20 12:30:53,,,
2017-03-20,铁矿石,结算价,716.00,0.21%,3564,2017-03-20 00:00:00,1,0,2024-07-20 12:30:53,0,2024-07-20 12:30:53,,,
2017-03-17,铁矿石,收盘价,715.50,-1.51%,3565,2017-03-17 00:00:00,1,0,2024-07-20 12:30:53,0,2024-07-20 12:30:53,,,
2017-03-17,铁矿石,结算价,714.50,-0.9%,3566,2017-03-17 00:00:00,1,0,2024-07-20 12:30:53,0,2024-07-20 12:30:53,,,
2017-03-16,铁矿石,收盘价,726.50,0.28%,3567,2017-03-16 00:00:00,1,0,2024-07-20 12:30:53,0,2024-07-20 12:30:53,,,
2017-03-16,铁矿石,结算价,721.00,1.55%,3568,2017-03-16 00:00:00,1,0,2024-07-20 12:30:53,0,2024-07-20 12:30:53,,,
2017-03-15,铁矿石,收盘价,724.50,5.54%,3569,2017-03-15 00:00:00,1,0,2024-07-20 12:30:53,0,2024-07-20 12:30:53,,,
2017-03-15,铁矿石,结算价,710.00,3.35%,3570,2017-03-15 00:00:00,1,0,2024-07-20 12:30:53,0,2024-07-20 12:30:53,,,
2017-03-14,铁矿石,收盘价,686.50,0.29%,3571,2017-03-14 00:00:00,1,0,2024-07-20 12:30:56,0,2024-07-20 12:30:56,,,
2017-03-14,铁矿石,结算价,687.00,4.33%,3572,2017-03-14 00:00:00,1,0,2024-07-20 12:30:56,0,2024-07-20 12:30:56,,,
2017-03-13,铁矿石,收盘价,684.50,4.34%,3573,2017-03-13 00:00:00,1,0,2024-07-20 12:30:56,0,2024-07-20 12:30:56,,,
2017-03-13,铁矿石,结算价,658.50,0.3%,3574,2017-03-13 00:00:00,1,0,2024-07-20 12:30:56,0,2024-07-20 12:30:56,,,
2017-03-10,铁矿石,收盘价,656.00,-0.3%,3575,2017-03-10 00:00:00,1,0,2024-07-20 12:30:56,0,2024-07-20 12:30:56,,,
2017-03-10,铁矿石,结算价,656.50,0.38%,3576,2017-03-10 00:00:00,1,0,2024-07-20 12:30:56,0,2024-07-20 12:30:56,,,
2017-03-09,铁矿石,收盘价,658.00,-0.53%,3577,2017-03-09 00:00:00,1,0,2024-07-20 12:30:56,0,2024-07-20 12:30:56,,,
2017-03-09,铁矿石,结算价,654.00,-1.65%,3578,2017-03-09 00:00:00,1,0,2024-07-20 12:30:56,0,2024-07-20 12:30:56,,,
2017-03-08,铁矿石,收盘价,661.50,0.%,3579,2017-03-08 00:00:00,1,0,2024-07-20 12:30:56,0,2024-07-20 12:30:56,,,
2017-03-08,铁矿石,结算价,665.00,0.53%,3580,2017-03-08 00:00:00,1,0,2024-07-20 12:30:56,0,2024-07-20 12:30:56,,,
2017-03-07,铁矿石,收盘价,661.50,0.08%,3581,2017-03-07 00:00:00,1,0,2024-07-20 12:30:56,0,2024-07-20 12:30:56,,,
2017-03-07,铁矿石,结算价,661.50,-2.22%,3582,2017-03-07 00:00:00,1,0,2024-07-20 12:30:56,0,2024-07-20 12:30:56,,,
2017-03-06,铁矿石,收盘价,661.00,-3.92%,3583,2017-03-06 00:00:00,1,0,2024-07-20 12:30:56,0,2024-07-20 12:30:56,,,
2017-03-06,铁矿石,结算价,676.50,-0.22%,3584,2017-03-06 00:00:00,1,0,2024-07-20 12:30:56,0,2024-07-20 12:30:56,,,
2017-03-03,铁矿石,收盘价,688.00,-0.94%,3585,2017-03-03 00:00:00,1,0,2024-07-20 12:30:56,0,2024-07-20 12:30:56,,,
2017-03-03,铁矿石,结算价,678.00,13.28%,3586,2017-03-03 00:00:00,1,0,2024-07-20 12:30:56,0,2024-07-20 12:30:56,,,
2017-03-02,铁矿石,收盘价,694.50,-0.5%,3587,2017-03-02 00:00:00,1,0,2024-07-20 12:30:56,0,2024-07-20 12:30:56,,,
2017-03-02,铁矿石,结算价,598.50,-13.88%,3588,2017-03-02 00:00:00,1,0,2024-07-20 12:30:56,0,2024-07-20 12:30:56,,,
2017-03-01,铁矿石,收盘价,698.00,1.09%,3589,2017-03-01 00:00:00,1,0,2024-07-20 12:30:56,0,2024-07-20 12:30:56,,,
2017-03-01,铁矿石,结算价,695.00,-1.49%,3590,2017-03-01 00:00:00,1,0,2024-07-20 12:30:56,0,2024-07-20 12:30:56,,,
2017-02-28,铁矿石,收盘价,690.50,-3.29%,3591,2017-02-28 00:00:00,1,0,2024-07-20 12:30:56,0,2024-07-20 12:30:56,,,
2017-02-28,铁矿石,结算价,705.50,-0.7%,3592,2017-02-28 00:00:00,1,0,2024-07-20 12:30:56,0,2024-07-20 12:30:56,,,
2017-02-27,铁矿石,收盘价,714.00,2.22%,3593,2017-02-27 00:00:00,1,0,2024-07-20 12:30:56,0,2024-07-20 12:30:56,,,
2017-02-27,铁矿石,结算价,710.50,2.67%,3594,2017-02-27 00:00:00,1,0,2024-07-20 12:30:56,0,2024-07-20 12:30:56,,,
2017-02-24,铁矿石,收盘价,698.50,-1.34%,3595,2017-02-24 00:00:00,1,0,2024-07-20 12:30:56,0,2024-07-20 12:30:56,,,
2017-02-24,铁矿石,结算价,692.00,-3.35%,3596,2017-02-24 00:00:00,1,0,2024-07-20 12:30:56,0,2024-07-20 12:30:56,,,
2017-02-23,铁矿石,收盘价,708.00,-2.01%,3597,2017-02-23 00:00:00,1,0,2024-07-20 12:30:56,0,2024-07-20 12:30:56,,,
2017-02-23,铁矿石,结算价,716.00,-1.04%,3598,2017-02-23 00:00:00,1,0,2024-07-20 12:30:56,0,2024-07-20 12:30:56,,,
2017-02-22,铁矿石,收盘价,722.50,-1.3%,3599,2017-02-22 00:00:00,1,0,2024-07-20 12:30:56,0,2024-07-20 12:30:56,,,
2017-02-22,铁矿石,结算价,723.50,-0.55%,3600,2017-02-22 00:00:00,1,0,2024-07-20 12:30:56,0,2024-07-20 12:30:56,,,
2017-02-21,铁矿石,收盘价,732.00,2.52%,3601,2017-02-21 00:00:00,1,0,2024-07-20 12:31:00,0,2024-07-20 12:31:00,,,
2017-02-21,铁矿石,结算价,727.50,3.19%,3602,2017-02-21 00:00:00,1,0,2024-07-20 12:31:00,0,2024-07-20 12:31:00,,,
2017-02-20,铁矿石,收盘价,714.00,1.71%,3603,2017-02-20 00:00:00,1,0,2024-07-20 12:31:00,0,2024-07-20 12:31:00,,,
2017-02-20,铁矿石,结算价,705.00,0.86%,3604,2017-02-20 00:00:00,1,0,2024-07-20 12:31:00,0,2024-07-20 12:31:00,,,
2017-02-17,铁矿石,收盘价,702.00,2.41%,3605,2017-02-17 00:00:00,1,0,2024-07-20 12:31:00,0,2024-07-20 12:31:00,,,
2017-02-17,铁矿石,结算价,699.00,-0.07%,3606,2017-02-17 00:00:00,1,0,2024-07-20 12:31:00,0,2024-07-20 12:31:00,,,
2017-02-16,铁矿石,收盘价,685.50,-1.72%,3607,2017-02-16 00:00:00,1,0,2024-07-20 12:31:00,0,2024-07-20 12:31:00,,,
2017-02-16,铁矿石,结算价,699.50,-0.43%,3608,2017-02-16 00:00:00,1,0,2024-07-20 12:31:00,0,2024-07-20 12:31:00,,,
2017-02-15,铁矿石,收盘价,697.50,-2.04%,3609,2017-02-15 00:00:00,1,0,2024-07-20 12:31:00,0,2024-07-20 12:31:00,,,
2017-02-15,铁矿石,结算价,702.50,-0.64%,3610,2017-02-15 00:00:00,1,0,2024-07-20 12:31:00,0,2024-07-20 12:31:00,,,
2017-02-14,铁矿石,收盘价,712.00,-0.07%,3611,2017-02-14 00:00:00,1,0,2024-07-20 12:31:00,0,2024-07-20 12:31:00,,,
2017-02-14,铁矿石,结算价,707.00,1.%,3612,2017-02-14 00:00:00,1,0,2024-07-20 12:31:00,0,2024-07-20 12:31:00,,,
2017-02-13,铁矿石,收盘价,712.50,3.56%,3613,2017-02-13 00:00:00,1,0,2024-07-20 12:31:00,0,2024-07-20 12:31:00,,,
2017-02-13,铁矿石,结算价,700.00,4.87%,3614,2017-02-13 00:00:00,1,0,2024-07-20 12:31:00,0,2024-07-20 12:31:00,,,
2017-02-10,铁矿石,收盘价,688.00,7.33%,3615,2017-02-10 00:00:00,1,0,2024-07-20 12:31:00,0,2024-07-20 12:31:00,,,
2017-02-10,铁矿石,结算价,667.50,3.81%,3616,2017-02-10 00:00:00,1,0,2024-07-20 12:31:00,0,2024-07-20 12:31:00,,,
2017-02-09,铁矿石,收盘价,641.00,0.%,3617,2017-02-09 00:00:00,1,0,2024-07-20 12:31:00,0,2024-07-20 12:31:00,,,
2017-02-09,铁矿石,结算价,643.00,1.1%,3618,2017-02-09 00:00:00,1,0,2024-07-20 12:31:00,0,2024-07-20 12:31:00,,,
2017-02-08,铁矿石,收盘价,641.00,2.56%,3619,2017-02-08 00:00:00,1,0,2024-07-20 12:31:00,0,2024-07-20 12:31:00,,,
2017-02-08,铁矿石,结算价,636.00,3.5%,3620,2017-02-08 00:00:00,1,0,2024-07-20 12:31:00,0,2024-07-20 12:31:00,,,
2017-02-07,铁矿石,收盘价,625.00,3.65%,3621,2017-02-07 00:00:00,1,0,2024-07-20 12:31:00,0,2024-07-20 12:31:00,,,
2017-02-07,铁矿石,结算价,614.50,1.4%,3622,2017-02-07 00:00:00,1,0,2024-07-20 12:31:00,0,2024-07-20 12:31:00,,,
2017-02-06,铁矿石,收盘价,603.00,-1.39%,3623,2017-02-06 00:00:00,1,0,2024-07-20 12:31:00,0,2024-07-20 12:31:00,,,
2017-02-06,铁矿石,结算价,606.00,-3.19%,3624,2017-02-06 00:00:00,1,0,2024-07-20 12:31:00,0,2024-07-20 12:31:00,,,
2017-02-03,铁矿石,收盘价,611.50,-7.35%,3625,2017-02-03 00:00:00,1,0,2024-07-20 12:31:00,0,2024-07-20 12:31:00,,,
2017-02-03,铁矿石,结算价,626.00,-3.17%,3626,2017-02-03 00:00:00,1,0,2024-07-20 12:31:00,0,2024-07-20 12:31:00,,,
2017-01-26,铁矿石,收盘价,660.00,2.88%,3627,2017-01-26 00:00:00,1,0,2024-07-20 12:31:00,0,2024-07-20 12:31:00,,,
2017-01-26,铁矿石,结算价,646.50,1.09%,3628,2017-01-26 00:00:00,1,0,2024-07-20 12:31:00,0,2024-07-20 12:31:00,,,
2017-01-25,铁矿石,收盘价,641.50,-1.08%,3629,2017-01-25 00:00:00,1,0,2024-07-20 12:31:00,0,2024-07-20 12:31:00,,,
2017-01-25,铁矿石,结算价,639.50,0.95%,3630,2017-01-25 00:00:00,1,0,2024-07-20 12:31:00,0,2024-07-20 12:31:00,,,
2017-01-24,铁矿石,收盘价,648.50,6.75%,3631,2017-01-24 00:00:00,1,0,2024-07-20 12:31:03,0,2024-07-20 12:31:03,,,
2017-01-24,铁矿石,结算价,633.50,3.68%,3632,2017-01-24 00:00:00,1,0,2024-07-20 12:31:03,0,2024-07-20 12:31:03,,,
2017-01-23,铁矿石,收盘价,607.50,-0.82%,3633,2017-01-23 00:00:00,1,0,2024-07-20 12:31:03,0,2024-07-20 12:31:03,,,
2017-01-23,铁矿石,结算价,611.00,-2.55%,3634,2017-01-23 00:00:00,1,0,2024-07-20 12:31:03,0,2024-07-20 12:31:03,,,
2017-01-20,铁矿石,收盘价,612.50,-3.85%,3635,2017-01-20 00:00:00,1,0,2024-07-20 12:31:03,0,2024-07-20 12:31:03,,,
2017-01-20,铁矿石,结算价,627.00,-0.95%,3636,2017-01-20 00:00:00,1,0,2024-07-20 12:31:03,0,2024-07-20 12:31:03,,,
2017-01-19,铁矿石,收盘价,637.00,-0.16%,3637,2017-01-19 00:00:00,1,0,2024-07-20 12:31:03,0,2024-07-20 12:31:03,,,
2017-01-19,铁矿石,结算价,633.00,-1.4%,3638,2017-01-19 00:00:00,1,0,2024-07-20 12:31:03,0,2024-07-20 12:31:03,,,
2017-01-18,铁矿石,收盘价,638.00,0.%,3639,2017-01-18 00:00:00,1,0,2024-07-20 12:31:03,0,2024-07-20 12:31:03,,,
2017-01-18,铁矿石,结算价,642.00,-0.62%,3640,2017-01-18 00:00:00,1,0,2024-07-20 12:31:03,0,2024-07-20 12:31:03,,,
2017-01-17,铁矿石,收盘价,638.00,-2.3%,3641,2017-01-17 00:00:00,1,0,2024-07-20 12:31:03,0,2024-07-20 12:31:03,,,
2017-01-17,铁矿石,结算价,646.00,1.49%,3642,2017-01-17 00:00:00,1,0,2024-07-20 12:31:03,0,2024-07-20 12:31:03,,,
2017-01-16,铁矿石,收盘价,653.00,0.%,3643,2017-01-16 00:00:00,1,0,2024-07-20 12:31:03,0,2024-07-20 12:31:03,,,
2017-01-16,铁矿石,结算价,636.50,0.%,3644,2017-01-16 00:00:00,1,0,2024-07-20 12:31:03,0,2024-07-20 12:31:03,,,
2017-01-14,铁矿石,收盘价,653.00,7.58%,3645,2017-01-14 00:00:00,1,0,2024-07-20 12:31:03,0,2024-07-20 12:31:03,,,
2017-01-14,铁矿石,结算价,636.50,4.52%,3646,2017-01-14 00:00:00,1,0,2024-07-20 12:31:03,0,2024-07-20 12:31:03,,,
2017-01-13,铁矿石,收盘价,607.00,-0.08%,3647,2017-01-13 00:00:00,1,0,2024-07-20 12:31:03,0,2024-07-20 12:31:03,,,
2017-01-13,铁矿石,结算价,609.00,0.5%,3648,2017-01-13 00:00:00,1,0,2024-07-20 12:31:03,0,2024-07-20 12:31:03,,,
2017-01-12,铁矿石,收盘价,607.50,1.08%,3649,2017-01-12 00:00:00,1,0,2024-07-20 12:31:03,0,2024-07-20 12:31:03,,,
2017-01-12,铁矿石,结算价,606.00,1.42%,3650,2017-01-12 00:00:00,1,0,2024-07-20 12:31:03,0,2024-07-20 12:31:03,,,
2017-01-11,铁矿石,收盘价,601.00,1.18%,3651,2017-01-11 00:00:00,1,0,2024-07-20 12:31:03,0,2024-07-20 12:31:03,,,
2017-01-11,铁矿石,结算价,597.50,3.02%,3652,2017-01-11 00:00:00,1,0,2024-07-20 12:31:03,0,2024-07-20 12:31:03,,,
2017-01-10,铁矿石,收盘价,594.00,3.94%,3653,2017-01-10 00:00:00,1,0,2024-07-20 12:31:03,0,2024-07-20 12:31:03,,,
2017-01-10,铁矿石,结算价,580.00,5.45%,3654,2017-01-10 00:00:00,1,0,2024-07-20 12:31:03,0,2024-07-20 12:31:03,,,
2017-01-09,铁矿石,收盘价,571.50,6.13%,3655,2017-01-09 00:00:00,1,0,2024-07-20 12:31:03,0,2024-07-20 12:31:03,,,
2017-01-09,铁矿石,结算价,550.00,0.55%,3656,2017-01-09 00:00:00,1,0,2024-07-20 12:31:03,0,2024-07-20 12:31:03,,,
2017-01-06,铁矿石,收盘价,538.50,-2.18%,3657,2017-01-06 00:00:00,1,0,2024-07-20 12:31:03,0,2024-07-20 12:31:03,,,
2017-01-06,铁矿石,结算价,547.00,-0.27%,3658,2017-01-06 00:00:00,1,0,2024-07-20 12:31:03,0,2024-07-20 12:31:03,,,
2017-01-05,铁矿石,收盘价,550.50,1.57%,3659,2017-01-05 00:00:00,1,0,2024-07-20 12:31:03,0,2024-07-20 12:31:03,,,
2017-01-05,铁矿石,结算价,548.50,1.76%,3660,2017-01-05 00:00:00,1,0,2024-07-20 12:31:03,0,2024-07-20 12:31:03,,,
2017-01-04,铁矿石,收盘价,543.50,1.4%,3661,2017-01-04 00:00:00,1,0,2024-07-20 12:31:07,0,2024-07-20 12:31:07,,,
2017-01-04,铁矿石,结算价,539.00,-0.37%,3662,2017-01-04 00:00:00,1,0,2024-07-20 12:31:07,0,2024-07-20 12:31:07,,,
2017-01-03,铁矿石,收盘价,536.00,-1.38%,3663,2017-01-03 00:00:00,1,0,2024-07-20 12:31:07,0,2024-07-20 12:31:07,,,
2017-01-03,铁矿石,结算价,541.00,0.19%,3664,2017-01-03 00:00:00,1,0,2024-07-20 12:31:07,0,2024-07-20 12:31:07,,,
2017-01-02,铁矿石,收盘价,543.50,-0.82%,3665,2017-01-02 00:00:00,1,0,2024-07-20 12:31:07,0,2024-07-20 12:31:07,,,
2017-01-02,铁矿石,结算价,540.00,-2.61%,3666,2017-01-02 00:00:00,1,0,2024-07-20 12:31:07,0,2024-07-20 12:31:07,,,
2024-07-31,铁矿石,收盘价,749.00,-0.93%,5243,2024-07-31 00:00:00,1,0,2024-08-01 10:40:34,0,2024-08-01 10:40:34,,,
2024-07-31,铁矿石,结算价,748.50,-2.67%,5244,2024-07-31 00:00:00,1,0,2024-08-01 10:40:34,0,2024-08-01 10:40:34,,,
2024-07-30,铁矿石,收盘价,756.00,-3.14%,5245,2024-07-30 00:00:00,1,0,2024-08-01 10:40:34,0,2024-08-01 10:40:34,,,
2024-07-30,铁矿石,结算价,769.00,-1.09%,5246,2024-07-30 00:00:00,1,0,2024-08-01 10:40:34,0,2024-08-01 10:40:34,,,
2024-07-29,铁矿石,收盘价,780.50,0.19%,5247,2024-07-29 00:00:00,1,0,2024-08-01 10:40:34,0,2024-08-01 10:40:34,,,
2024-07-29,铁矿石,结算价,777.50,-0.32%,5248,2024-07-29 00:00:00,1,0,2024-08-01 10:40:34,0,2024-08-01 10:40:34,,,
2024-07-26,铁矿石,收盘价,779.00,1.9%,5249,2024-07-26 00:00:00,1,0,2024-08-01 10:40:34,0,2024-08-01 10:40:34,,,
2024-07-26,铁矿石,结算价,780.00,1.63%,5250,2024-07-26 00:00:00,1,0,2024-08-01 10:40:34,0,2024-08-01 10:40:34,,,
2024-07-25,铁矿石,收盘价,764.50,-1.42%,5251,2024-07-25 00:00:00,1,0,2024-08-01 10:40:34,0,2024-08-01 10:40:34,,,
2024-07-25,铁矿石,结算价,767.50,-1.16%,5252,2024-07-25 00:00:00,1,0,2024-08-01 10:40:34,0,2024-08-01 10:40:34,,,
2024-07-24,铁矿石,收盘价,775.50,0.13%,5253,2024-07-24 00:00:00,1,0,2024-08-01 10:40:34,0,2024-08-01 10:40:34,,,
2024-07-24,铁矿石,结算价,776.50,-1.52%,5254,2024-07-24 00:00:00,1,0,2024-08-01 10:40:34,0,2024-08-01 10:40:34,,,
2024-07-23,铁矿石,收盘价,774.50,-3.01%,5255,2024-07-23 00:00:00,1,0,2024-08-01 10:40:34,0,2024-08-01 10:40:34,,,
2024-07-23,铁矿石,结算价,788.50,-1.68%,5256,2024-07-23 00:00:00,1,0,2024-08-01 10:40:34,0,2024-08-01 10:40:34,,,
2024-07-22,铁矿石,收盘价,798.50,-0.75%,5257,2024-07-22 00:00:00,1,0,2024-08-01 10:40:34,0,2024-08-01 10:40:34,,,
2024-07-22,铁矿石,结算价,802.00,0.12%,5258,2024-07-22 00:00:00,1,0,2024-08-01 10:40:34,0,2024-08-01 10:40:34,,,
2024-11-06,铁矿石,收盘价,781.50,-1.2%,5259,2024-11-06 00:00:00,1,0,2024-11-07 01:43:42,0,2024-11-07 01:43:42,,,
2024-11-06,铁矿石,结算价,783.00,-0.57%,5260,2024-11-06 00:00:00,1,0,2024-11-07 01:43:42,0,2024-11-07 01:43:42,,,
2024-11-05,铁矿石,收盘价,791.00,1.54%,5261,2024-11-05 00:00:00,1,0,2024-11-07 01:43:42,0,2024-11-07 01:43:42,,,
2024-11-05,铁矿石,结算价,787.50,2.07%,5262,2024-11-05 00:00:00,1,0,2024-11-07 01:43:42,0,2024-11-07 01:43:42,,,
2024-11-04,铁矿石,收盘价,779.00,1.1%,5263,2024-11-04 00:00:00,1,0,2024-11-07 01:43:42,0,2024-11-07 01:43:42,,,
2024-11-04,铁矿石,结算价,771.50,-0.06%,5264,2024-11-04 00:00:00,1,0,2024-11-07 01:43:42,0,2024-11-07 01:43:42,,,
2024-11-01,铁矿石,收盘价,770.50,-1.41%,5265,2024-11-01 00:00:00,1,0,2024-11-07 01:43:42,0,2024-11-07 01:43:42,,,
2024-11-01,铁矿石,结算价,772.00,-1.28%,5266,2024-11-01 00:00:00,1,0,2024-11-07 01:43:42,0,2024-11-07 01:43:42,,,
2024-10-31,铁矿石,收盘价,781.50,-0.51%,5267,2024-10-31 00:00:00,1,0,2024-11-07 01:43:42,0,2024-11-07 01:43:42,,,
2024-10-31,铁矿石,结算价,782.00,-0.32%,5268,2024-10-31 00:00:00,1,0,2024-11-07 01:43:42,0,2024-11-07 01:43:42,,,
2024-10-30,铁矿石,收盘价,785.50,1.03%,5269,2024-10-30 00:00:00,1,0,2024-11-07 01:43:42,0,2024-11-07 01:43:42,,,
2024-10-30,铁矿石,结算价,784.50,0.26%,5270,2024-10-30 00:00:00,1,0,2024-11-07 01:43:42,0,2024-11-07 01:43:42,,,
2024-10-29,铁矿石,收盘价,777.50,-0.77%,5271,2024-10-29 00:00:00,1,0,2024-11-07 01:43:42,0,2024-11-07 01:43:42,,,
2024-10-29,铁矿石,结算价,782.50,-0.13%,5272,2024-10-29 00:00:00,1,0,2024-11-07 01:43:42,0,2024-11-07 01:43:42,,,
2024-10-28,铁矿石,收盘价,783.50,1.82%,5273,2024-10-28 00:00:00,1,0,2024-11-07 01:43:42,0,2024-11-07 01:43:42,,,
2024-10-28,铁矿石,结算价,783.50,2.35%,5274,2024-10-28 00:00:00,1,0,2024-11-07 01:43:42,0,2024-11-07 01:43:42,,,
2024-10-25,铁矿石,收盘价,769.50,1.92%,5275,2024-10-25 00:00:00,1,0,2024-11-07 01:43:42,0,2024-11-07 01:43:42,,,
2024-10-25,铁矿石,结算价,765.50,2.27%,5276,2024-10-25 00:00:00,1,0,2024-11-07 01:43:42,0,2024-11-07 01:43:42,,,
2024-10-24,铁矿石,收盘价,755.00,1.21%,5277,2024-10-24 00:00:00,1,0,2024-11-07 01:43:42,0,2024-11-07 01:43:42,,,
2024-10-24,铁矿石,结算价,748.50,-1.12%,5278,2024-10-24 00:00:00,1,0,2024-11-07 01:43:42,0,2024-11-07 01:43:42,,,
2024-10-23,铁矿石,收盘价,746.00,-2.1%,5279,2024-10-23 00:00:00,1,0,2024-11-07 01:43:42,0,2024-11-07 01:43:42,,,
2024-10-23,铁矿石,结算价,757.00,-0.46%,5280,2024-10-23 00:00:00,1,0,2024-11-07 01:43:42,0,2024-11-07 01:43:42,,,
2024-10-22,铁矿石,收盘价,762.00,-0.97%,5281,2024-10-22 00:00:00,1,0,2024-11-07 01:43:42,0,2024-11-07 01:43:42,,,
2024-10-22,铁矿石,结算价,760.50,-0.72%,5282,2024-10-22 00:00:00,1,0,2024-11-07 01:43:42,0,2024-11-07 01:43:42,,,
2024-10-21,铁矿石,收盘价,769.50,1.18%,5283,2024-10-21 00:00:00,1,0,2024-11-07 01:43:42,0,2024-11-07 01:43:42,,,
2024-10-21,铁矿石,结算价,766.00,0.99%,5284,2024-10-21 00:00:00,1,0,2024-11-07 01:43:42,0,2024-11-07 01:43:42,,,
2024-10-18,铁矿石,收盘价,760.50,1.94%,5285,2024-10-18 00:00:00,1,0,2024-11-07 01:43:42,0,2024-11-07 01:43:42,,,
2024-10-18,铁矿石,结算价,758.50,-1.81%,5286,2024-10-18 00:00:00,1,0,2024-11-07 01:43:42,0,2024-11-07 01:43:42,,,
2024-10-17,铁矿石,收盘价,746.00,-4.66%,5287,2024-10-17 00:00:00,1,0,2024-11-07 01:43:42,0,2024-11-07 01:43:42,,,
2024-10-17,铁矿石,结算价,772.50,-2.65%,5288,2024-10-17 00:00:00,1,0,2024-11-07 01:43:42,0,2024-11-07 01:43:42,,,
2024-10-16,铁矿石,收盘价,782.50,-1.14%,5289,2024-10-16 00:00:00,1,0,2024-11-07 01:43:45,0,2024-11-07 01:43:45,,,
2024-10-16,铁矿石,结算价,793.50,-0.5%,5290,2024-10-16 00:00:00,1,0,2024-11-07 01:43:45,0,2024-11-07 01:43:45,,,
2024-10-15,铁矿石,收盘价,791.50,-1.12%,5291,2024-10-15 00:00:00,1,0,2024-11-07 01:43:45,0,2024-11-07 01:43:45,,,
2024-10-15,铁矿石,结算价,797.50,0.38%,5292,2024-10-15 00:00:00,1,0,2024-11-07 01:43:45,0,2024-11-07 01:43:45,,,
2024-10-14,铁矿石,收盘价,800.50,1.46%,5293,2024-10-14 00:00:00,1,0,2024-11-07 01:43:45,0,2024-11-07 01:43:45,,,
2024-10-14,铁矿石,结算价,794.50,1.21%,5294,2024-10-14 00:00:00,1,0,2024-11-07 01:43:45,0,2024-11-07 01:43:45,,,
2024-10-11,铁矿石,收盘价,789.00,1.74%,5295,2024-10-11 00:00:00,1,0,2024-11-07 01:43:45,0,2024-11-07 01:43:45,,,
2024-10-11,铁矿石,结算价,785.00,0.64%,5296,2024-10-11 00:00:00,1,0,2024-11-07 01:43:45,0,2024-11-07 01:43:45,,,
2024-10-10,铁矿石,收盘价,775.50,-0.26%,5297,2024-10-10 00:00:00,1,0,2024-11-07 01:43:45,0,2024-11-07 01:43:45,,,
2024-10-10,铁矿石,结算价,780.00,-0.45%,5298,2024-10-10 00:00:00,1,0,2024-11-07 01:43:45,0,2024-11-07 01:43:45,,,
2024-10-09,铁矿石,收盘价,777.50,-0.77%,5299,2024-10-09 00:00:00,1,0,2024-11-07 01:43:45,0,2024-11-07 01:43:45,,,
2024-10-09,铁矿石,结算价,783.50,-2.85%,5300,2024-10-09 00:00:00,1,0,2024-11-07 01:43:45,0,2024-11-07 01:43:45,,,
2024-10-08,铁矿石,收盘价,783.50,-4.63%,5301,2024-10-08 00:00:00,1,0,2024-11-07 01:43:45,0,2024-11-07 01:43:45,,,
2024-10-08,铁矿石,结算价,806.50,0.5%,5302,2024-10-08 00:00:00,1,0,2024-11-07 01:43:45,0,2024-11-07 01:43:45,,,
2024-09-30,铁矿石,收盘价,821.50,9.53%,5303,2024-09-30 00:00:00,1,0,2024-11-07 01:43:45,0,2024-11-07 01:43:45,,,
2024-09-30,铁矿石,结算价,802.50,8.15%,5304,2024-09-30 00:00:00,1,0,2024-11-07 01:43:45,0,2024-11-07 01:43:45,,,
2024-09-27,铁矿石,收盘价,750.00,3.02%,5305,2024-09-27 00:00:00,1,0,2024-11-07 01:43:45,0,2024-11-07 01:43:45,,,
2024-09-27,铁矿石,结算价,742.00,3.27%,5306,2024-09-27 00:00:00,1,0,2024-11-07 01:43:45,0,2024-11-07 01:43:45,,,
2024-09-26,铁矿石,收盘价,728.00,2.68%,5307,2024-09-26 00:00:00,1,0,2024-11-07 01:43:45,0,2024-11-07 01:43:45,,,
2024-09-26,铁矿石,结算价,718.50,0.42%,5308,2024-09-26 00:00:00,1,0,2024-11-07 01:43:45,0,2024-11-07 01:43:45,,,
2024-09-25,铁矿石,收盘价,709.00,1.36%,5309,2024-09-25 00:00:00,1,0,2024-11-07 01:43:45,0,2024-11-07 01:43:45,,,
2024-09-25,铁矿石,结算价,715.50,5.14%,5310,2024-09-25 00:00:00,1,0,2024-11-07 01:43:45,0,2024-11-07 01:43:45,,,
2024-09-24,铁矿石,收盘价,699.50,6.23%,5311,2024-09-24 00:00:00,1,0,2024-11-07 01:43:45,0,2024-11-07 01:43:45,,,
2024-09-24,铁矿石,结算价,680.50,1.8%,5312,2024-09-24 00:00:00,1,0,2024-11-07 01:43:45,0,2024-11-07 01:43:45,,,
2024-09-23,铁矿石,收盘价,658.50,-3.16%,5313,2024-09-23 00:00:00,1,0,2024-11-07 01:43:45,0,2024-11-07 01:43:45,,,
2024-09-23,铁矿石,结算价,668.50,-3.05%,5314,2024-09-23 00:00:00,1,0,2024-11-07 01:43:45,0,2024-11-07 01:43:45,,,
2024-09-19,铁矿石,收盘价,680.00,0.74%,5315,2024-09-19 00:00:00,1,0,2024-11-07 01:43:45,0,2024-11-07 01:43:45,,,
2024-09-19,铁矿石,结算价,689.50,1.17%,5316,2024-09-19 00:00:00,1,0,2024-11-07 01:43:45,0,2024-11-07 01:43:45,,,
2024-09-18,铁矿石,收盘价,675.00,-2.74%,5317,2024-09-18 00:00:00,1,0,2024-11-07 01:43:45,0,2024-11-07 01:43:45,,,
2024-09-18,铁矿石,结算价,681.50,-3.2%,5318,2024-09-18 00:00:00,1,0,2024-11-07 01:43:45,0,2024-11-07 01:43:45,,,
2024-09-13,铁矿石,收盘价,694.00,-1.84%,5319,2024-09-13 00:00:00,1,0,2024-11-07 01:43:48,0,2024-11-07 01:43:48,,,
2024-09-13,铁矿石,结算价,704.00,1.15%,5320,2024-09-13 00:00:00,1,0,2024-11-07 01:43:48,0,2024-11-07 01:43:48,,,
2024-09-12,铁矿石,收盘价,707.00,1.87%,5321,2024-09-12 00:00:00,1,0,2024-11-07 01:43:48,0,2024-11-07 01:43:48,,,
2024-09-12,铁矿石,结算价,696.00,2.35%,5322,2024-09-12 00:00:00,1,0,2024-11-07 01:43:48,0,2024-11-07 01:43:48,,,
2024-09-11,铁矿石,收盘价,694.00,2.81%,5323,2024-09-11 00:00:00,1,0,2024-11-07 01:43:48,0,2024-11-07 01:43:48,,,
2024-09-11,铁矿石,结算价,680.00,-0.95%,5324,2024-09-11 00:00:00,1,0,2024-11-07 01:43:48,0,2024-11-07 01:43:48,,,
2024-09-10,铁矿石,收盘价,675.00,-1.46%,5325,2024-09-10 00:00:00,1,0,2024-11-07 01:43:48,0,2024-11-07 01:43:48,,,
2024-09-10,铁矿石,结算价,686.50,1.63%,5326,2024-09-10 00:00:00,1,0,2024-11-07 01:43:48,0,2024-11-07 01:43:48,,,
2024-09-09,铁矿石,收盘价,685.00,0.15%,5327,2024-09-09 00:00:00,1,0,2024-11-07 01:43:48,0,2024-11-07 01:43:48,,,
2024-09-09,铁矿石,结算价,675.50,-0.95%,5328,2024-09-09 00:00:00,1,0,2024-11-07 01:43:48,0,2024-11-07 01:43:48,,,
2024-09-06,铁矿石,收盘价,684.00,0.81%,5329,2024-09-06 00:00:00,1,0,2024-11-07 01:43:48,0,2024-11-07 01:43:48,,,
2024-09-06,铁矿石,结算价,682.00,-0.37%,5330,2024-09-06 00:00:00,1,0,2024-11-07 01:43:48,0,2024-11-07 01:43:48,,,
2024-09-05,铁矿石,收盘价,678.50,-1.6%,5331,2024-09-05 00:00:00,1,0,2024-11-07 01:43:48,0,2024-11-07 01:43:48,,,
2024-09-05,铁矿石,结算价,684.50,-1.72%,5332,2024-09-05 00:00:00,1,0,2024-11-07 01:43:48,0,2024-11-07 01:43:48,,,
2024-09-04,铁矿石,收盘价,689.50,-1.99%,5333,2024-09-04 00:00:00,1,0,2024-11-07 01:43:48,0,2024-11-07 01:43:48,,,
2024-09-04,铁矿石,结算价,696.50,-2.11%,5334,2024-09-04 00:00:00,1,0,2024-11-07 01:43:48,0,2024-11-07 01:43:48,,,
2024-09-03,铁矿石,收盘价,703.50,-2.76%,5335,2024-09-03 00:00:00,1,0,2024-11-07 01:43:48,0,2024-11-07 01:43:48,,,
2024-09-03,铁矿石,结算价,711.50,-3.66%,5336,2024-09-03 00:00:00,1,0,2024-11-07 01:43:48,0,2024-11-07 01:43:48,,,
2024-09-02,铁矿石,收盘价,723.50,-4.05%,5337,2024-09-02 00:00:00,1,0,2024-11-07 01:43:48,0,2024-11-07 01:43:48,,,
2024-09-02,铁矿石,结算价,738.50,-2.38%,5338,2024-09-02 00:00:00,1,0,2024-11-07 01:43:48,0,2024-11-07 01:43:48,,,
2024-08-30,铁矿石,收盘价,754.00,-0.79%,5339,2024-08-30 00:00:00,1,0,2024-11-07 01:43:48,0,2024-11-07 01:43:48,,,
2024-08-30,铁矿石,结算价,756.50,-0.2%,5340,2024-08-30 00:00:00,1,0,2024-11-07 01:43:48,0,2024-11-07 01:43:48,,,
2024-08-29,铁矿石,收盘价,760.00,0.73%,5341,2024-08-29 00:00:00,1,0,2024-11-07 01:43:48,0,2024-11-07 01:43:48,,,
2024-08-29,铁矿石,结算价,758.00,0.26%,5342,2024-08-29 00:00:00,1,0,2024-11-07 01:43:48,0,2024-11-07 01:43:48,,,
2024-08-28,铁矿石,收盘价,754.50,-0.46%,5343,2024-08-28 00:00:00,1,0,2024-11-07 01:43:48,0,2024-11-07 01:43:48,,,
2024-08-28,铁矿石,结算价,756.00,0.2%,5344,2024-08-28 00:00:00,1,0,2024-11-07 01:43:48,0,2024-11-07 01:43:48,,,
2024-08-27,铁矿石,收盘价,758.00,1.%,5345,2024-08-27 00:00:00,1,0,2024-11-07 01:43:48,0,2024-11-07 01:43:48,,,
2024-08-27,铁矿石,结算价,754.50,2.86%,5346,2024-08-27 00:00:00,1,0,2024-11-07 01:43:48,0,2024-11-07 01:43:48,,,
2024-08-26,铁矿石,收盘价,750.50,4.31%,5347,2024-08-26 00:00:00,1,0,2024-11-07 01:43:48,0,2024-11-07 01:43:48,,,
2024-08-26,铁矿石,结算价,733.50,1.1%,5348,2024-08-26 00:00:00,1,0,2024-11-07 01:43:48,0,2024-11-07 01:43:48,,,
2024-08-23,铁矿石,收盘价,719.50,-1.44%,5349,2024-08-23 00:00:00,1,0,2024-11-07 01:43:51,0,2024-11-07 01:43:51,,,
2024-08-23,铁矿石,结算价,725.50,-1.43%,5350,2024-08-23 00:00:00,1,0,2024-11-07 01:43:51,0,2024-11-07 01:43:51,,,
2024-08-22,铁矿石,收盘价,730.00,-1.62%,5351,2024-08-22 00:00:00,1,0,2024-11-07 01:43:51,0,2024-11-07 01:43:51,,,
2024-08-22,铁矿石,结算价,736.00,1.24%,5352,2024-08-22 00:00:00,1,0,2024-11-07 01:43:51,0,2024-11-07 01:43:51,,,
2024-08-21,铁矿石,收盘价,742.00,4.43%,5353,2024-08-21 00:00:00,1,0,2024-11-07 01:43:51,0,2024-11-07 01:43:51,,,
2024-08-21,铁矿石,结算价,727.00,2.47%,5354,2024-08-21 00:00:00,1,0,2024-11-07 01:43:51,0,2024-11-07 01:43:51,,,
2024-08-20,铁矿石,收盘价,710.50,-0.21%,5355,2024-08-20 00:00:00,1,0,2024-11-07 01:43:51,0,2024-11-07 01:43:51,,,
2024-08-20,铁矿石,结算价,709.50,1.07%,5356,2024-08-20 00:00:00,1,0,2024-11-07 01:43:51,0,2024-11-07 01:43:51,,,
2024-08-19,铁矿石,收盘价,712.00,2.15%,5357,2024-08-19 00:00:00,1,0,2024-11-07 01:43:51,0,2024-11-07 01:43:51,,,
2024-08-19,铁矿石,结算价,702.00,-0.71%,5358,2024-08-19 00:00:00,1,0,2024-11-07 01:43:51,0,2024-11-07 01:43:51,,,
2024-08-16,铁矿石,收盘价,697.00,-0.92%,5359,2024-08-16 00:00:00,1,0,2024-11-07 01:43:51,0,2024-11-07 01:43:51,,,
2024-08-16,铁矿石,结算价,707.00,0.43%,5360,2024-08-16 00:00:00,1,0,2024-11-07 01:43:51,0,2024-11-07 01:43:51,,,
2024-08-15,铁矿石,收盘价,703.50,-1.33%,5361,2024-08-15 00:00:00,1,0,2024-11-07 01:43:51,0,2024-11-07 01:43:51,,,
2024-08-15,铁矿石,结算价,704.00,-2.02%,5362,2024-08-15 00:00:00,1,0,2024-11-07 01:43:51,0,2024-11-07 01:43:51,,,
2024-08-14,铁矿石,收盘价,713.00,-2.93%,5363,2024-08-14 00:00:00,1,0,2024-11-07 01:43:51,0,2024-11-07 01:43:51,,,
2024-08-14,铁矿石,结算价,718.50,-2.58%,5364,2024-08-14 00:00:00,1,0,2024-11-07 01:43:51,0,2024-11-07 01:43:51,,,
2024-08-13,铁矿石,收盘价,734.50,0.07%,5365,2024-08-13 00:00:00,1,0,2024-11-07 01:43:51,0,2024-11-07 01:43:51,,,
2024-08-13,铁矿石,结算价,737.50,0.41%,5366,2024-08-13 00:00:00,1,0,2024-11-07 01:43:51,0,2024-11-07 01:43:51,,,
2024-08-12,铁矿石,收盘价,734.00,-1.01%,5367,2024-08-12 00:00:00,1,0,2024-11-07 01:43:51,0,2024-11-07 01:43:51,,,
2024-08-12,铁矿石,结算价,734.50,-1.01%,5368,2024-08-12 00:00:00,1,0,2024-11-07 01:43:51,0,2024-11-07 01:43:51,,,
2024-08-09,铁矿石,收盘价,741.50,1.64%,5369,2024-08-09 00:00:00,1,0,2024-11-07 01:43:51,0,2024-11-07 01:43:51,,,
2024-08-09,铁矿石,结算价,742.00,0.34%,5370,2024-08-09 00:00:00,1,0,2024-11-07 01:43:51,0,2024-11-07 01:43:51,,,
2024-08-08,铁矿石,收盘价,729.50,-2.6%,5371,2024-08-08 00:00:00,1,0,2024-11-07 01:43:51,0,2024-11-07 01:43:51,,,
2024-08-08,铁矿石,结算价,739.50,-2.31%,5372,2024-08-08 00:00:00,1,0,2024-11-07 01:43:51,0,2024-11-07 01:43:51,,,
2024-08-07,铁矿石,收盘价,749.00,-1.83%,5373,2024-08-07 00:00:00,1,0,2024-11-07 01:43:51,0,2024-11-07 01:43:51,,,
2024-08-07,铁矿石,结算价,757.00,-1.37%,5374,2024-08-07 00:00:00,1,0,2024-11-07 01:43:51,0,2024-11-07 01:43:51,,,
2024-08-06,铁矿石,收盘价,763.00,-1.74%,5375,2024-08-06 00:00:00,1,0,2024-11-07 01:43:51,0,2024-11-07 01:43:51,,,
2024-08-06,铁矿石,结算价,767.50,-0.84%,5376,2024-08-06 00:00:00,1,0,2024-11-07 01:43:51,0,2024-11-07 01:43:51,,,
2024-08-05,铁矿石,收盘价,776.50,-0.32%,5377,2024-08-05 00:00:00,1,0,2024-11-07 01:43:51,0,2024-11-07 01:43:51,,,
2024-08-05,铁矿石,结算价,774.00,1.64%,5378,2024-08-05 00:00:00,1,0,2024-11-07 01:43:51,0,2024-11-07 01:43:51,,,
2024-08-02,铁矿石,收盘价,779.00,1.56%,5379,2024-08-02 00:00:00,1,0,2024-11-07 01:43:54,0,2024-11-07 01:43:54,,,
2024-08-02,铁矿石,结算价,761.50,-0.13%,5380,2024-08-02 00:00:00,1,0,2024-11-07 01:43:54,0,2024-11-07 01:43:54,,,
2024-08-01,铁矿石,收盘价,767.00,2.4%,5381,2024-08-01 00:00:00,1,0,2024-11-07 01:43:54,0,2024-11-07 01:43:54,,,
2024-08-01,铁矿石,结算价,762.50,1.87%,5382,2024-08-01 00:00:00,1,0,2024-11-07 01:43:54,0,2024-11-07 01:43:54,,,
2024-11-07,铁矿石,收盘价,799.50,2.3%,5383,2024-11-07 00:00:00,1,0,2024-11-07 23:15:54,0,2024-11-07 23:15:54,,,
2024-11-07,铁矿石,结算价,789.00,0.77%,5384,2024-11-07 00:00:00,1,0,2024-11-07 23:15:54,0,2024-11-07 23:15:54,,,
2024-11-08,铁矿石,收盘价,776.00,-2.94%,5385,2024-11-08 00:00:00,1,0,2024-11-08 23:16:33,0,2024-11-08 23:16:33,,,
2024-11-08,铁矿石,结算价,784.50,-0.57%,5386,2024-11-08 00:00:00,1,0,2024-11-08 23:16:33,0,2024-11-08 23:16:33,,,
2024-11-11,铁矿石,收盘价,762.00,-1.8%,5387,2024-11-11 00:00:00,1,0,2024-11-11 23:17:10,0,2024-11-11 23:17:10,,,
2024-11-11,铁矿石,结算价,764.00,-2.61%,5388,2024-11-11 00:00:00,1,0,2024-11-11 23:17:10,0,2024-11-11 23:17:10,,,
2024-11-12,铁矿石,收盘价,766.00,0.52%,5389,2024-11-12 00:00:00,1,0,2024-11-12 23:17:37,0,2024-11-12 23:17:37,,,
2024-11-12,铁矿石,结算价,764.00,0.%,5390,2024-11-12 00:00:00,1,0,2024-11-12 23:17:37,0,2024-11-12 23:17:37,,,
2024-11-13,铁矿石,收盘价,762.50,-0.46%,5391,2024-11-13 00:00:00,1,0,2024-11-13 23:16:04,0,2024-11-13 23:16:04,,,
2024-11-13,铁矿石,结算价,766.50,0.33%,5392,2024-11-13 00:00:00,1,0,2024-11-13 23:16:04,0,2024-11-13 23:16:04,,,
2024-11-14,铁矿石,收盘价,756.00,-0.85%,5393,2024-11-14 00:00:00,1,0,2024-11-14 23:15:49,0,2024-11-14 23:15:49,,,
2024-11-14,铁矿石,结算价,759.50,-0.91%,5394,2024-11-14 00:00:00,1,0,2024-11-14 23:15:49,0,2024-11-14 23:15:49,,,
2024-11-15,铁矿石,收盘价,736.00,-2.65%,5395,2024-11-15 00:00:00,1,0,2024-11-15 23:16:50,0,2024-11-15 23:16:50,,,
2024-11-15,铁矿石,结算价,747.00,-1.65%,5396,2024-11-15 00:00:00,1,0,2024-11-15 23:16:50,0,2024-11-15 23:16:50,,,
2024-11-18,铁矿石,收盘价,761.00,3.4%,5397,2024-11-18 00:00:00,1,0,2024-11-18 23:16:11,0,2024-11-18 23:16:11,,,
2024-11-18,铁矿石,结算价,7537.00,908.97%,5398,2024-11-18 00:00:00,1,0,2024-11-18 23:16:11,0,2024-11-18 23:16:11,,,
2024-11-19,铁矿石,收盘价,776.00,1.97%,5399,2024-11-19 00:00:00,1,0,2024-11-19 23:15:53,0,2024-11-19 23:15:53,,,
2024-11-19,铁矿石,结算价,766.00,1.73%,5400,2024-11-19 00:00:00,1,0,2024-11-19 23:15:53,0,2024-11-19 23:15:53,,,
2024-11-20,铁矿石,收盘价,774.50,-0.19%,5401,2024-11-20 00:00:00,1,0,2024-11-20 23:15:59,0,2024-11-20 23:15:59,,,
2024-11-20,铁矿石,结算价,774.50,1.11%,5402,2024-11-20 00:00:00,1,0,2024-11-20 23:15:59,0,2024-11-20 23:15:59,,,
2024-11-21,铁矿石,收盘价,777.50,0.39%,5403,2024-11-21 00:00:00,1,0,2024-11-21 23:15:58,0,2024-11-21 23:15:58,,,
2024-11-21,铁矿石,结算价,777.50,0.39%,5404,2024-11-21 00:00:00,1,0,2024-11-21 23:15:58,0,2024-11-21 23:15:58,,,
2024-11-22,铁矿石,收盘价,769.00,-1.09%,5405,2024-11-22 00:00:00,1,0,2024-11-22 23:16:51,0,2024-11-22 23:16:51,,,
2024-11-22,铁矿石,结算价,775.00,-0.32%,5406,2024-11-22 00:00:00,1,0,2024-11-22 23:16:51,0,2024-11-22 23:16:51,,,
2024-11-25,铁矿石,收盘价,781.50,1.63%,5407,2024-11-25 00:00:00,1,0,2024-11-25 23:16:33,0,2024-11-25 23:16:33,,,
2024-11-25,铁矿石,结算价,780.50,0.71%,5408,2024-11-25 00:00:00,1,0,2024-11-25 23:16:33,0,2024-11-25 23:16:33,,,
2024-11-26,铁矿石,收盘价,783.00,0.19%,5409,2024-11-26 00:00:00,1,0,2024-11-26 23:16:14,0,2024-11-26 23:16:14,,,
2024-11-26,铁矿石,结算价,783.50,0.38%,5410,2024-11-26 00:00:00,1,0,2024-11-26 23:16:14,0,2024-11-26 23:16:14,,,
2024-11-27,铁矿石,收盘价,792.00,1.15%,5411,2024-11-27 00:00:00,1,0,2024-11-27 23:16:09,0,2024-11-27 23:16:09,,,
2024-11-27,铁矿石,结算价,786.50,0.38%,5412,2024-11-27 00:00:00,1,0,2024-11-27 23:16:09,0,2024-11-27 23:16:09,,,
2024-11-28,铁矿石,收盘价,786.50,-0.69%,5413,2024-11-28 00:00:00,1,0,2024-11-28 23:16:03,0,2024-11-28 23:16:03,,,
2024-11-28,铁矿石,结算价,788.50,0.25%,5414,2024-11-28 00:00:00,1,0,2024-11-28 23:16:03,0,2024-11-28 23:16:03,,,
2024-11-29,铁矿石,收盘价,797.50,1.4%,5415,2024-11-29 00:00:00,1,0,2024-11-29 23:16:38,0,2024-11-29 23:16:38,,,
2024-11-29,铁矿石,结算价,796.00,0.95%,5416,2024-11-29 00:00:00,1,0,2024-11-29 23:16:38,0,2024-11-29 23:16:38,,,
2024-12-02,铁矿石,收盘价,806.00,1.07%,5417,2024-12-02 00:00:00,1,0,2024-12-02 23:17:36,0,2024-12-02 23:17:36,,,
2024-12-02,铁矿石,结算价,801.50,0.69%,5418,2024-12-02 00:00:00,1,0,2024-12-02 23:17:36,0,2024-12-02 23:17:36,,,
2024-12-03,铁矿石,收盘价,813.50,0.93%,5419,2024-12-03 00:00:00,1,0,2024-12-03 23:16:01,0,2024-12-03 23:16:01,,,
2024-12-03,铁矿石,结算价,808.50,0.87%,5420,2024-12-03 00:00:00,1,0,2024-12-03 23:16:01,0,2024-12-03 23:16:01,,,
2024-12-04,铁矿石,收盘价,812.00,-0.18%,5421,2024-12-04 00:00:00,1,0,2024-12-04 23:16:13,0,2024-12-04 23:16:13,,,
2024-12-04,铁矿石,结算价,810.00,0.19%,5422,2024-12-04 00:00:00,1,0,2024-12-04 23:16:13,0,2024-12-04 23:16:13,,,
2024-12-05,铁矿石,收盘价,800.50,-1.42%,5423,2024-12-05 00:00:00,1,0,2024-12-05 23:17:05,0,2024-12-05 23:17:05,,,
2024-12-05,铁矿石,结算价,805.00,-0.62%,5424,2024-12-05 00:00:00,1,0,2024-12-05 23:17:05,0,2024-12-05 23:17:05,,,
2024-12-06,铁矿石,收盘价,797.50,-0.37%,5425,2024-12-06 00:00:00,1,0,2024-12-06 23:17:09,0,2024-12-06 23:17:09,,,
2024-12-06,铁矿石,结算价,796.00,-1.12%,5426,2024-12-06 00:00:00,1,0,2024-12-06 23:17:09,0,2024-12-06 23:17:09,,,
2024-12-09,铁矿石,收盘价,791.50,-0.75%,5427,2024-12-09 00:00:00,1,0,2024-12-09 23:17:27,0,2024-12-09 23:17:27,,,
2024-12-09,铁矿石,结算价,784.50,-1.44%,5428,2024-12-09 00:00:00,1,0,2024-12-09 23:17:27,0,2024-12-09 23:17:27,,,
2024-12-10,铁矿石,收盘价,803.50,1.52%,5429,2024-12-10 00:00:00,1,0,2024-12-10 23:15:40,0,2024-12-10 23:15:40,,,
2024-12-10,铁矿石,结算价,808.50,3.06%,5430,2024-12-10 00:00:00,1,0,2024-12-10 23:15:40,0,2024-12-10 23:15:40,,,
2024-12-11,铁矿石,收盘价,802.00,-0.19%,5431,2024-12-11 00:00:00,1,0,2024-12-11 23:16:13,0,2024-12-11 23:16:13,,,
2024-12-11,铁矿石,结算价,802.50,-0.74%,5432,2024-12-11 00:00:00,1,0,2024-12-11 23:16:13,0,2024-12-11 23:16:13,,,
2024-12-12,铁矿石,收盘价,812.50,1.31%,5433,2024-12-12 00:00:00,1,0,2024-12-12 23:16:04,0,2024-12-12 23:16:04,,,
2024-12-12,铁矿石,结算价,806.00,0.44%,5434,2024-12-12 00:00:00,1,0,2024-12-12 23:16:04,0,2024-12-12 23:16:04,,,
2024-12-13,铁矿石,收盘价,797.00,-1.91%,5435,2024-12-13 00:00:00,1,0,2024-12-13 23:16:26,0,2024-12-13 23:16:26,,,
2024-12-13,铁矿石,结算价,798.50,-0.93%,5436,2024-12-13 00:00:00,1,0,2024-12-13 23:16:26,0,2024-12-13 23:16:26,,,
2024-12-16,铁矿石,收盘价,802.50,0.69%,5437,2024-12-16 00:00:00,1,0,2024-12-16 23:17:28,0,2024-12-16 23:17:28,,,
2024-12-16,铁矿石,结算价,796.00,-0.31%,5438,2024-12-16 00:00:00,1,0,2024-12-16 23:17:28,0,2024-12-16 23:17:28,,,
2024-12-17,铁矿石,收盘价,796.50,-0.75%,5439,2024-12-17 00:00:00,1,0,2024-12-17 23:15:51,0,2024-12-17 23:15:51,,,
2024-12-17,铁矿石,结算价,799.50,0.44%,5440,2024-12-17 00:00:00,1,0,2024-12-17 23:15:51,0,2024-12-17 23:15:51,,,
2024-12-18,铁矿石,收盘价,778.50,-2.26%,5441,2024-12-18 00:00:00,1,0,2024-12-18 23:16:56,0,2024-12-18 23:16:56,,,
2024-12-18,铁矿石,结算价,787.00,-1.56%,5442,2024-12-18 00:00:00,1,0,2024-12-18 23:16:56,0,2024-12-18 23:16:56,,,
2024-12-19,铁矿石,收盘价,778.50,0.%,5443,2024-12-19 00:00:00,1,0,2024-12-19 23:15:29,0,2024-12-19 23:15:29,,,
2024-12-19,铁矿石,结算价,775.00,-1.52%,5444,2024-12-19 00:00:00,1,0,2024-12-19 23:15:29,0,2024-12-19 23:15:29,,,
2024-12-20,铁矿石,收盘价,769.00,-1.22%,5445,2024-12-20 00:00:00,1,0,2024-12-20 23:17:00,0,2024-12-20 23:17:00,,,
2024-12-20,铁矿石,结算价,773.50,-0.19%,5446,2024-12-20 00:00:00,1,0,2024-12-20 23:17:00,0,2024-12-20 23:17:00,,,
2024-12-23,铁矿石,收盘价,780.00,1.43%,5447,2024-12-23 00:00:00,1,0,2024-12-23 23:15:49,0,2024-12-23 23:15:49,,,
2024-12-23,铁矿石,结算价,773.00,-0.06%,5448,2024-12-23 00:00:00,1,0,2024-12-23 23:15:49,0,2024-12-23 23:15:49,,,
2024-12-24,铁矿石,收盘价,783.00,0.38%,5449,2024-12-24 00:00:00,1,0,2024-12-24 23:16:46,0,2024-12-24 23:16:46,,,
2024-12-24,铁矿石,结算价,776.00,0.39%,5450,2024-12-24 00:00:00,1,0,2024-12-24 23:16:46,0,2024-12-24 23:16:46,,,
2024-12-25,铁矿石,收盘价,776.00,-0.89%,5451,2024-12-25 00:00:00,1,0,2024-12-25 23:15:49,0,2024-12-25 23:15:49,,,
2024-12-25,铁矿石,结算价,777.00,0.13%,5452,2024-12-25 00:00:00,1,0,2024-12-25 23:15:49,0,2024-12-25 23:15:49,,,
2024-12-26,铁矿石,收盘价,776.50,0.06%,5453,2024-12-26 00:00:00,1,0,2024-12-26 23:15:53,0,2024-12-26 23:15:53,,,
2024-12-26,铁矿石,结算价,780.00,0.39%,5454,2024-12-26 00:00:00,1,0,2024-12-26 23:15:53,0,2024-12-26 23:15:53,,,
2024-12-27,铁矿石,收盘价,759.50,-2.19%,5455,2024-12-27 00:00:00,1,0,2024-12-27 23:16:22,0,2024-12-27 23:16:22,,,
2024-12-27,铁矿石,结算价,768.00,-1.54%,5456,2024-12-27 00:00:00,1,0,2024-12-27 23:16:22,0,2024-12-27 23:16:22,,,
2024-12-30,铁矿石,收盘价,775.50,2.11%,5457,2024-12-30 00:00:00,1,0,2024-12-30 23:17:28,0,2024-12-30 23:17:28,,,
2024-12-30,铁矿石,结算价,770.00,0.26%,5458,2024-12-30 00:00:00,1,0,2024-12-30 23:17:28,0,2024-12-30 23:17:28,,,
2024-12-31,铁矿石,收盘价,779.00,0.45%,5459,2024-12-31 00:00:00,1,0,2024-12-31 23:16:01,0,2024-12-31 23:16:01,,,
2024-12-31,铁矿石,结算价,777.00,0.91%,5460,2024-12-31 00:00:00,1,0,2024-12-31 23:16:01,0,2024-12-31 23:16:01,,,
2025-01-02,铁矿石,收盘价,782.00,0.39%,5461,2025-01-02 00:00:00,1,0,2025-01-02 23:15:48,0,2025-01-02 23:15:48,,,
2025-01-02,铁矿石,结算价,781.00,0.51%,5462,2025-01-02 00:00:00,1,0,2025-01-02 23:15:48,0,2025-01-02 23:15:48,,,
2025-01-03,铁矿石,收盘价,764.00,-2.3%,5463,2025-01-03 00:00:00,1,0,2025-01-03 23:16:37,0,2025-01-03 23:16:37,,,
2025-01-03,铁矿石,结算价,768.50,-1.6%,5464,2025-01-03 00:00:00,1,0,2025-01-03 23:16:37,0,2025-01-03 23:16:37,,,
2025-01-06,铁矿石,收盘价,751.50,-1.64%,5465,2025-01-06 00:00:00,1,0,2025-01-06 23:16:26,0,2025-01-06 23:16:26,,,
2025-01-06,铁矿石,结算价,760.50,-1.04%,5466,2025-01-06 00:00:00,1,0,2025-01-06 23:16:26,0,2025-01-06 23:16:26,,,
2025-01-07,铁矿石,收盘价,750.00,-0.2%,5467,2025-01-07 00:00:00,1,0,2025-01-07 23:16:03,0,2025-01-07 23:16:03,,,
2025-01-07,铁矿石,结算价,753.00,-0.99%,5468,2025-01-07 00:00:00,1,0,2025-01-07 23:16:03,0,2025-01-07 23:16:03,,,
2025-01-08,铁矿石,收盘价,747.50,-0.33%,5469,2025-01-08 00:00:00,1,0,2025-01-08 23:15:44,0,2025-01-08 23:15:44,,,
2025-01-08,铁矿石,结算价,750.50,-0.33%,5470,2025-01-08 00:00:00,1,0,2025-01-08 23:15:44,0,2025-01-08 23:15:44,,,
2025-01-09,铁矿石,收盘价,754.50,0.94%,5471,2025-01-09 00:00:00,1,0,2025-01-09 23:16:04,0,2025-01-09 23:16:04,,,
2025-01-09,铁矿石,结算价,750.50,0.%,5472,2025-01-09 00:00:00,1,0,2025-01-09 23:16:04,0,2025-01-09 23:16:04,,,
2025-01-10,铁矿石,收盘价,753.50,-0.13%,5473,2025-01-10 00:00:00,1,0,2025-01-10 23:16:32,0,2025-01-10 23:16:32,,,
2025-01-10,铁矿石,结算价,754.00,0.47%,5474,2025-01-10 00:00:00,1,0,2025-01-10 23:16:32,0,2025-01-10 23:16:32,,,
2025-01-13,铁矿石,收盘价,768.50,1.99%,5475,2025-01-13 00:00:00,1,0,2025-01-13 23:16:14,0,2025-01-13 23:16:14,,,
2025-01-13,铁矿石,结算价,766.00,1.59%,5476,2025-01-13 00:00:00,1,0,2025-01-13 23:16:14,0,2025-01-13 23:16:14,,,
2025-01-14,铁矿石,收盘价,783.00,1.89%,5477,2025-01-14 00:00:00,1,0,2025-01-14 23:16:46,0,2025-01-14 23:16:46,,,
2025-01-14,铁矿石,结算价,777.00,1.44%,5478,2025-01-14 00:00:00,1,0,2025-01-14 23:16:46,0,2025-01-14 23:16:46,,,
2025-01-15,铁矿石,收盘价,782.50,-0.06%,5479,2025-01-15 00:00:00,1,0,2025-01-15 23:17:20,0,2025-01-15 23:17:20,,,
2025-01-15,铁矿石,结算价,782.00,0.64%,5480,2025-01-15 00:00:00,1,0,2025-01-15 23:17:20,0,2025-01-15 23:17:20,,,
2025-01-16,铁矿石,收盘价,797.00,1.85%,5481,2025-01-16 00:00:00,1,0,2025-01-16 23:15:26,0,2025-01-16 23:15:26,,,
2025-01-16,铁矿石,结算价,790.00,1.02%,5482,2025-01-16 00:00:00,1,0,2025-01-16 23:15:26,0,2025-01-16 23:15:26,,,
2025-01-17,铁矿石,收盘价,803.50,0.82%,5483,2025-01-17 00:00:00,1,0,2025-01-17 23:16:33,0,2025-01-17 23:16:33,,,
2025-01-17,铁矿石,结算价,799.50,1.2%,5484,2025-01-17 00:00:00,1,0,2025-01-17 23:16:33,0,2025-01-17 23:16:33,,,
2025-01-20,铁矿石,收盘价,800.50,-0.37%,5485,2025-01-20 00:00:00,1,0,2025-01-20 23:16:53,0,2025-01-20 23:16:53,,,
2025-01-20,铁矿石,结算价,800.00,0.06%,5486,2025-01-20 00:00:00,1,0,2025-01-20 23:16:53,0,2025-01-20 23:16:53,,,
2025-01-21,铁矿石,收盘价,804.50,0.5%,5487,2025-01-21 00:00:00,1,0,2025-01-21 23:15:31,0,2025-01-21 23:15:31,,,
2025-01-21,铁矿石,结算价,804.00,0.5%,5488,2025-01-21 00:00:00,1,0,2025-01-21 23:15:31,0,2025-01-21 23:15:31,,,
2025-01-23,铁矿石,收盘价,801.50,0.12%,5489,2025-01-23 00:00:00,1,0,2025-01-23 23:15:41,0,2025-01-23 23:15:41,,,
2025-01-23,铁矿石,结算价,801.00,0.38%,5490,2025-01-23 00:00:00,1,0,2025-01-23 23:15:41,0,2025-01-23 23:15:41,,,
2025-01-22,铁矿石,收盘价,800.50,-0.5%,5491,2025-01-22 00:00:00,1,0,2025-01-23 23:15:41,0,2025-01-23 23:15:41,,,
2025-01-22,铁矿石,结算价,798.00,-0.75%,5492,2025-01-22 00:00:00,1,0,2025-01-23 23:15:41,0,2025-01-23 23:15:41,,,
2025-01-24,铁矿石,收盘价,806.50,0.62%,5493,2025-01-24 00:00:00,1,0,2025-01-24 23:16:29,0,2025-01-24 23:16:29,,,
2025-01-24,铁矿石,结算价,802.00,0.12%,5494,2025-01-24 00:00:00,1,0,2025-01-24 23:16:29,0,2025-01-24 23:16:29,,,
2025-01-27,铁矿石,收盘价,810.50,0.5%,5495,2025-01-27 00:00:00,1,0,2025-02-04 23:16:39,0,2025-02-04 23:16:39,,,
2025-01-27,铁矿石,结算价,809.00,0.87%,5496,2025-01-27 00:00:00,1,0,2025-02-04 23:16:39,0,2025-02-04 23:16:39,,,
2025-02-05,铁矿石,收盘价,801.00,-1.17%,5497,2025-02-05 00:00:00,1,0,2025-02-05 23:15:56,0,2025-02-05 23:15:56,,,
2025-02-05,铁矿石,结算价,806.00,-0.37%,5498,2025-02-05 00:00:00,1,0,2025-02-05 23:15:56,0,2025-02-05 23:15:56,,,
2025-02-06,铁矿石,收盘价,817.50,2.06%,5499,2025-02-06 00:00:00,1,0,2025-02-06 23:15:36,0,2025-02-06 23:15:36,,,
2025-02-06,铁矿石,结算价,810.00,0.5%,5500,2025-02-06 00:00:00,1,0,2025-02-06 23:15:36,0,2025-02-06 23:15:36,,,
2025-02-07,铁矿石,收盘价,817.00,-0.06%,5501,2025-02-07 00:00:00,1,0,2025-02-07 23:16:14,0,2025-02-07 23:16:14,,,
2025-02-07,铁矿石,结算价,820.00,1.23%,5502,2025-02-07 00:00:00,1,0,2025-02-07 23:16:14,0,2025-02-07 23:16:14,,,
2025-02-10,铁矿石,收盘价,826.50,1.16%,5503,2025-02-10 00:00:00,1,0,2025-02-10 23:16:34,0,2025-02-10 23:16:34,,,
2025-02-10,铁矿石,结算价,821.00,0.12%,5504,2025-02-10 00:00:00,1,0,2025-02-10 23:16:34,0,2025-02-10 23:16:34,,,
2025-02-11,铁矿石,收盘价,812.00,-1.75%,5505,2025-02-11 00:00:00,1,0,2025-02-11 23:15:49,0,2025-02-11 23:15:49,,,
2025-02-11,铁矿石,结算价,821.00,0.%,5506,2025-02-11 00:00:00,1,0,2025-02-11 23:15:49,0,2025-02-11 23:15:49,,,
2025-02-12,铁矿石,收盘价,828.50,2.03%,5507,2025-02-12 00:00:00,1,0,2025-02-12 23:16:01,0,2025-02-12 23:16:01,,,
2025-02-12,铁矿石,结算价,820.50,-0.06%,5508,2025-02-12 00:00:00,1,0,2025-02-12 23:16:01,0,2025-02-12 23:16:01,,,
2025-02-13,铁矿石,收盘价,808.00,-2.47%,5509,2025-02-13 00:00:00,1,0,2025-02-13 23:15:39,0,2025-02-13 23:15:39,,,
2025-02-13,铁矿石,结算价,818.50,-0.24%,5510,2025-02-13 00:00:00,1,0,2025-02-13 23:15:39,0,2025-02-13 23:15:39,,,
2025-02-14,铁矿石,收盘价,810.50,0.31%,5511,2025-02-14 00:00:00,1,0,2025-02-14 23:16:46,0,2025-02-14 23:16:46,,,
2025-02-14,铁矿石,结算价,814.00,-0.55%,5512,2025-02-14 00:00:00,1,0,2025-02-14 23:16:46,0,2025-02-14 23:16:46,,,
2025-02-17,铁矿石,收盘价,806.50,-0.49%,5513,2025-02-17 00:00:00,1,0,2025-02-17 23:15:58,0,2025-02-17 23:15:58,,,
2025-02-17,铁矿石,结算价,798.00,-1.97%,5514,2025-02-17 00:00:00,1,0,2025-02-17 23:15:58,0,2025-02-17 23:15:58,,,
2025-02-18,铁矿石,收盘价,818.00,1.43%,5515,2025-02-18 00:00:00,1,0,2025-02-18 23:15:45,0,2025-02-18 23:15:45,,,
2025-02-18,铁矿石,结算价,808.50,1.32%,5516,2025-02-18 00:00:00,1,0,2025-02-18 23:15:45,0,2025-02-18 23:15:45,,,
2025-02-19,铁矿石,收盘价,820.50,0.31%,5517,2025-02-19 00:00:00,1,0,2025-02-19 23:17:18,0,2025-02-19 23:17:18,,,
2025-02-19,铁矿石,结算价,818.50,1.24%,5518,2025-02-19 00:00:00,1,0,2025-02-19 23:17:18,0,2025-02-19 23:17:18,,,
2025-02-20,铁矿石,收盘价,837.00,2.01%,5519,2025-02-20 00:00:00,1,0,2025-02-20 23:16:06,0,2025-02-20 23:16:06,,,
2025-02-20,铁矿石,结算价,826.00,0.92%,5520,2025-02-20 00:00:00,1,0,2025-02-20 23:16:06,0,2025-02-20 23:16:06,,,
2025-02-21,铁矿石,收盘价,838.50,0.18%,5521,2025-02-21 00:00:00,1,0,2025-02-21 23:16:20,0,2025-02-21 23:16:20,,,
2025-02-21,铁矿石,结算价,839.00,1.57%,5522,2025-02-21 00:00:00,1,0,2025-02-21 23:16:20,0,2025-02-21 23:16:20,,,
2025-02-24,铁矿石,收盘价,832.50,-0.72%,5523,2025-02-24 00:00:00,1,0,2025-02-24 23:16:56,0,2025-02-24 23:16:56,,,
2025-02-24,铁矿石,结算价,831.00,-0.95%,5524,2025-02-24 00:00:00,1,0,2025-02-24 23:16:56,0,2025-02-24 23:16:56,,,
2025-02-25,铁矿石,收盘价,813.00,-2.34%,5525,2025-02-25 00:00:00,1,0,2025-02-25 23:15:56,0,2025-02-25 23:15:56,,,
2025-02-25,铁矿石,结算价,820.00,-1.32%,5526,2025-02-25 00:00:00,1,0,2025-02-25 23:15:56,0,2025-02-25 23:15:56,,,
2025-02-26,铁矿石,收盘价,812.00,-0.12%,5527,2025-02-26 00:00:00,1,0,2025-02-26 23:15:45,0,2025-02-26 23:15:45,,,
2025-02-26,铁矿石,结算价,811.50,-1.04%,5528,2025-02-26 00:00:00,1,0,2025-02-26 23:15:45,0,2025-02-26 23:15:45,,,
2025-02-27,铁矿石,收盘价,805.00,-0.86%,5529,2025-02-27 00:00:00,1,0,2025-02-27 23:15:22,0,2025-02-27 23:15:22,,,
2025-02-27,铁矿石,结算价,805.50,-0.74%,5530,2025-02-27 00:00:00,1,0,2025-02-27 23:15:22,0,2025-02-27 23:15:22,,,
2025-02-28,铁矿石,收盘价,799.50,-0.68%,5531,2025-02-28 00:00:00,1,0,2025-02-28 23:16:31,0,2025-02-28 23:16:31,,,
2025-02-28,铁矿石,结算价,802.00,-0.43%,5532,2025-02-28 00:00:00,1,0,2025-02-28 23:16:31,0,2025-02-28 23:16:31,,,
2025-03-03,铁矿石,收盘价,779.50,-2.5%,5533,2025-03-03 00:00:00,1,0,2025-03-03 23:16:45,0,2025-03-03 23:16:45,,,
2025-03-03,铁矿石,结算价,790.00,-1.5%,5534,2025-03-03 00:00:00,1,0,2025-03-03 23:16:45,0,2025-03-03 23:16:45,,,
2025-03-04,铁矿石,收盘价,781.00,0.19%,5535,2025-03-04 00:00:00,1,0,2025-03-04 23:15:53,0,2025-03-04 23:15:53,,,
2025-03-04,铁矿石,结算价,781.50,-1.08%,5536,2025-03-04 00:00:00,1,0,2025-03-04 23:15:53,0,2025-03-04 23:15:53,,,
2025-03-05,铁矿石,收盘价,771.00,-1.28%,5537,2025-03-05 00:00:00,1,0,2025-03-05 23:15:59,0,2025-03-05 23:15:59,,,
2025-03-05,铁矿石,结算价,776.50,-0.64%,5538,2025-03-05 00:00:00,1,0,2025-03-05 23:15:59,0,2025-03-05 23:15:59,,,
2025-03-06,铁矿石,收盘价,773.00,0.26%,5539,2025-03-06 00:00:00,1,0,2025-03-06 23:15:43,0,2025-03-06 23:15:43,,,
2025-03-06,铁矿石,结算价,772.50,-0.52%,5540,2025-03-06 00:00:00,1,0,2025-03-06 23:15:43,0,2025-03-06 23:15:43,,,
2025-03-07,铁矿石,收盘价,774.00,0.13%,5541,2025-03-07 00:00:00,1,0,2025-03-07 23:22:33,0,2025-03-07 23:22:33,,,
2025-03-07,铁矿石,结算价,774.50,0.26%,5542,2025-03-07 00:00:00,1,0,2025-03-07 23:22:33,0,2025-03-07 23:22:33,,,
2025-03-10,铁矿石,收盘价,769.00,-0.65%,5543,2025-03-10 00:00:00,1,0,2025-03-10 23:17:20,0,2025-03-10 23:17:20,,,
2025-03-10,铁矿石,结算价,775.00,0.06%,5544,2025-03-10 00:00:00,1,0,2025-03-10 23:17:20,0,2025-03-10 23:17:20,,,
2025-03-12,铁矿石,收盘价,769.50,-0.65%,5545,2025-03-12 00:00:00,1,0,2025-03-12 23:16:13,0,2025-03-12 23:16:13,,,
2025-03-12,铁矿石,结算价,776.50,0.58%,5546,2025-03-12 00:00:00,1,0,2025-03-12 23:16:13,0,2025-03-12 23:16:13,,,
2025-03-11,铁矿石,收盘价,774.50,0.72%,5547,2025-03-11 00:00:00,1,0,2025-03-12 23:16:13,0,2025-03-12 23:16:13,,,
2025-03-11,铁矿石,结算价,772.00,-0.39%,5548,2025-03-11 00:00:00,1,0,2025-03-12 23:16:13,0,2025-03-12 23:16:13,,,
2025-03-13,铁矿石,收盘价,780.00,1.36%,5549,2025-03-13 00:00:00,1,0,2025-03-13 23:15:41,0,2025-03-13 23:15:41,,,
2025-03-13,铁矿石,结算价,776.00,-0.06%,5550,2025-03-13 00:00:00,1,0,2025-03-13 23:15:41,0,2025-03-13 23:15:41,,,
2025-03-14,铁矿石,收盘价,794.00,1.79%,5551,2025-03-14 00:00:00,1,0,2025-03-14 23:07:15,0,2025-03-14 23:07:15,,,
2025-03-14,铁矿石,结算价,787.50,1.48%,5552,2025-03-14 00:00:00,1,0,2025-03-14 23:07:15,0,2025-03-14 23:07:15,,,
2025-03-17,铁矿石,收盘价,778.50,-1.95%,5553,2025-03-17 00:00:00,1,0,2025-03-17 23:16:10,0,2025-03-17 23:16:10,,,
2025-03-17,铁矿石,结算价,781.50,-0.76%,5554,2025-03-17 00:00:00,1,0,2025-03-17 23:16:10,0,2025-03-17 23:16:10,,,
2025-03-18,铁矿石,收盘价,777.00,-0.19%,5555,2025-03-18 00:00:00,1,0,2025-03-18 23:16:55,0,2025-03-18 23:16:55,,,
2025-03-18,铁矿石,结算价,776.50,-0.64%,5556,2025-03-18 00:00:00,1,0,2025-03-18 23:16:55,0,2025-03-18 23:16:55,,,
2025-03-19,铁矿石,收盘价,760.00,-2.19%,5557,2025-03-19 00:00:00,1,0,2025-03-19 23:15:56,0,2025-03-19 23:15:56,,,
2025-03-19,铁矿石,结算价,765.50,-1.42%,5558,2025-03-19 00:00:00,1,0,2025-03-19 23:15:56,0,2025-03-19 23:15:56,,,
2025-03-20,铁矿石,收盘价,762.00,0.26%,5559,2025-03-20 00:00:00,1,0,2025-03-20 23:15:50,0,2025-03-20 23:15:50,,,
2025-03-20,铁矿石,结算价,760.00,-0.72%,5560,2025-03-20 00:00:00,1,0,2025-03-20 23:15:50,0,2025-03-20 23:15:50,,,
2025-03-21,铁矿石,收盘价,757.50,-0.59%,5561,2025-03-21 00:00:00,1,0,2025-03-22 23:02:28,0,2025-03-22 23:02:28,,,
2025-03-21,铁矿石,结算价,761.00,0.13%,5562,2025-03-21 00:00:00,1,0,2025-03-22 23:02:28,0,2025-03-22 23:02:28,,,
2025-03-24,铁矿石,收盘价,779.50,2.9%,5563,2025-03-24 00:00:00,1,0,2025-03-24 23:16:06,0,2025-03-24 23:16:06,,,
2025-03-24,铁矿石,结算价,771.00,1.31%,5564,2025-03-24 00:00:00,1,0,2025-03-24 23:16:06,0,2025-03-24 23:16:06,,,
2025-03-25,铁矿石,收盘价,776.00,-0.45%,5565,2025-03-25 00:00:00,1,0,2025-03-25 23:15:37,0,2025-03-25 23:15:37,,,
2025-03-25,铁矿石,结算价,778.50,0.97%,5566,2025-03-25 00:00:00,1,0,2025-03-25 23:15:37,0,2025-03-25 23:15:37,,,
2025-03-26,铁矿石,收盘价,780.00,0.52%,5567,2025-03-26 00:00:00,1,0,2025-03-26 23:16:32,0,2025-03-26 23:16:32,,,
2025-03-26,铁矿石,结算价,779.00,0.06%,5568,2025-03-26 00:00:00,1,0,2025-03-26 23:16:32,0,2025-03-26 23:16:32,,,
2025-03-27,铁矿石,收盘价,789.00,1.15%,5569,2025-03-27 00:00:00,1,0,2025-03-27 23:15:35,0,2025-03-27 23:15:35,,,
2025-03-27,铁矿石,结算价,787.00,1.03%,5570,2025-03-27 00:00:00,1,0,2025-03-27 23:15:35,0,2025-03-27 23:15:35,,,
2025-03-28,铁矿石,收盘价,785.50,-0.44%,5571,2025-03-28 00:00:00,1,0,2025-03-28 23:16:34,0,2025-03-28 23:16:34,,,
2025-03-28,铁矿石,结算价,784.50,-0.32%,5572,2025-03-28 00:00:00,1,0,2025-03-28 23:16:34,0,2025-03-28 23:16:34,,,
2025-03-31,铁矿石,收盘价,773.00,-1.59%,5573,2025-03-31 00:00:00,1,0,2025-03-31 23:15:58,0,2025-03-31 23:15:58,,,
2025-03-31,铁矿石,结算价,777.50,-0.89%,5574,2025-03-31 00:00:00,1,0,2025-03-31 23:15:58,0,2025-03-31 23:15:58,,,
2025-04-01,铁矿石,收盘价,792.00,2.46%,5575,2025-04-01 00:00:00,1,0,2025-04-01 23:16:00,0,2025-04-01 23:16:00,,,
2025-04-01,铁矿石,结算价,783.00,0.71%,5576,2025-04-01 00:00:00,1,0,2025-04-01 23:16:00,0,2025-04-01 23:16:00,,,
2025-04-02,铁矿石,收盘价,747.50,-5.62%,5577,2025-04-02 00:00:00,1,0,2025-04-02 23:15:41,0,2025-04-02 23:15:41,,,
2025-04-02,铁矿石,结算价,748.50,-4.41%,5578,2025-04-02 00:00:00,1,0,2025-04-02 23:15:41,0,2025-04-02 23:15:41,,,
2025-04-03,铁矿石,收盘价,743.50,-0.54%,5579,2025-04-03 00:00:00,1,0,2025-04-03 23:15:13,0,2025-04-03 23:15:13,,,
2025-04-03,铁矿石,结算价,744.50,-0.53%,5580,2025-04-03 00:00:00,1,0,2025-04-03 23:15:13,0,2025-04-03 23:15:13,,,
2025-04-07,铁矿石,收盘价,720.00,-3.16%,5581,2025-04-07 00:00:00,1,0,2025-04-07 23:17:20,0,2025-04-07 23:17:20,,,
2025-04-07,铁矿石,结算价,718.00,-3.56%,5582,2025-04-07 00:00:00,1,0,2025-04-07 23:17:20,0,2025-04-07 23:17:20,,,
2025-04-08,铁矿石,收盘价,693.00,-3.75%,5583,2025-04-08 00:00:00,1,0,2025-04-08 23:15:45,0,2025-04-08 23:15:45,,,
2025-04-08,铁矿石,结算价,708.00,-1.39%,5584,2025-04-08 00:00:00,1,0,2025-04-08 23:15:45,0,2025-04-08 23:15:45,,,
2025-04-09,铁矿石,收盘价,689.00,-0.58%,5585,2025-04-09 00:00:00,1,0,2025-04-09 23:16:06,0,2025-04-09 23:16:06,,,
2025-04-09,铁矿石,结算价,686.00,-3.11%,5586,2025-04-09 00:00:00,1,0,2025-04-09 23:16:06,0,2025-04-09 23:16:06,,,
2025-04-10,铁矿石,收盘价,707.00,2.61%,5587,2025-04-10 00:00:00,1,0,2025-04-10 23:15:57,0,2025-04-10 23:15:57,,,
2025-04-10,铁矿石,结算价,703.00,2.48%,5588,2025-04-10 00:00:00,1,0,2025-04-10 23:15:57,0,2025-04-10 23:15:57,,,
2025-04-11,铁矿石,收盘价,708.00,0.14%,5589,2025-04-11 00:00:00,1,0,2025-04-11 23:16:32,0,2025-04-11 23:16:32,,,
2025-04-11,铁矿石,结算价,704.00,0.14%,5590,2025-04-11 00:00:00,1,0,2025-04-11 23:16:32,0,2025-04-11 23:16:32,,,
2025-04-14,铁矿石,收盘价,706.00,-0.28%,5591,2025-04-14 00:00:00,1,0,2025-04-14 23:15:54,0,2025-04-14 23:15:54,,,
2025-04-14,铁矿石,结算价,706.00,0.28%,5592,2025-04-14 00:00:00,1,0,2025-04-14 23:15:54,0,2025-04-14 23:15:54,,,
2025-04-15,铁矿石,收盘价,713.00,0.99%,5593,2025-04-15 00:00:00,1,0,2025-04-15 23:16:23,0,2025-04-15 23:16:23,,,
2025-04-15,铁矿石,结算价,709.00,0.42%,5594,2025-04-15 00:00:00,1,0,2025-04-15 23:16:23,0,2025-04-15 23:16:23,,,
2025-04-16,铁矿石,收盘价,708.00,-0.7%,5595,2025-04-16 00:00:00,1,0,2025-04-16 23:15:55,0,2025-04-16 23:15:55,,,
2025-04-16,铁矿石,结算价,706.50,-0.35%,5596,2025-04-16 00:00:00,1,0,2025-04-16 23:15:55,0,2025-04-16 23:15:55,,,
2025-04-17,铁矿石,收盘价,707.00,-0.14%,5597,2025-04-17 00:00:00,1,0,2025-04-17 23:15:43,0,2025-04-17 23:15:43,,,
2025-04-17,铁矿石,结算价,711.50,0.71%,5598,2025-04-17 00:00:00,1,0,2025-04-17 23:15:43,0,2025-04-17 23:15:43,,,
2025-04-18,铁矿石,收盘价,699.00,-1.13%,5599,2025-04-18 00:00:00,1,0,2025-04-18 23:16:56,0,2025-04-18 23:16:56,,,
2025-04-18,铁矿石,结算价,706.50,-0.7%,5600,2025-04-18 00:00:00,1,0,2025-04-18 23:16:56,0,2025-04-18 23:16:56,,,
2025-04-21,铁矿石,收盘价,715.50,2.36%,5601,2025-04-21 00:00:00,1,0,2025-04-21 23:16:57,0,2025-04-21 23:16:57,,,
2025-04-21,铁矿石,结算价,709.50,0.42%,5602,2025-04-21 00:00:00,1,0,2025-04-21 23:16:57,0,2025-04-21 23:16:57,,,
2025-04-22,铁矿石,收盘价,711.00,-0.63%,5603,2025-04-22 00:00:00,1,0,2025-04-22 23:15:49,0,2025-04-22 23:15:49,,,
2025-04-22,铁矿石,结算价,712.50,0.42%,5604,2025-04-22 00:00:00,1,0,2025-04-22 23:15:49,0,2025-04-22 23:15:49,,,
2025-04-23,铁矿石,收盘价,727.50,2.32%,5605,2025-04-23 00:00:00,1,0,2025-04-23 23:15:52,0,2025-04-23 23:15:52,,,
2025-04-23,铁矿石,结算价,722.50,1.4%,5606,2025-04-23 00:00:00,1,0,2025-04-23 23:15:52,0,2025-04-23 23:15:52,,,
2025-04-24,铁矿石,收盘价,720.50,-0.96%,5607,2025-04-24 00:00:00,1,0,2025-04-24 23:15:50,0,2025-04-24 23:15:50,,,
2025-04-24,铁矿石,结算价,722.50,0.%,5608,2025-04-24 00:00:00,1,0,2025-04-24 23:15:50,0,2025-04-24 23:15:50,,,
2025-04-25,铁矿石,收盘价,709.00,-1.6%,5609,2025-04-25 00:00:00,1,0,2025-04-25 23:16:52,0,2025-04-25 23:16:52,,,
2025-04-25,铁矿石,结算价,714.00,-1.18%,5610,2025-04-25 00:00:00,1,0,2025-04-25 23:16:52,0,2025-04-25 23:16:52,,,
2025-04-28,铁矿石,收盘价,710.50,0.21%,5611,2025-04-28 00:00:00,1,0,2025-04-28 23:16:33,0,2025-04-28 23:16:33,,,
2025-04-28,铁矿石,结算价,707.00,-0.98%,5612,2025-04-28 00:00:00,1,0,2025-04-28 23:16:33,0,2025-04-28 23:16:33,,,
2025-04-29,铁矿石,收盘价,709.00,-0.21%,5613,2025-04-29 00:00:00,1,0,2025-04-29 23:15:38,0,2025-04-29 23:15:38,,,
2025-04-29,铁矿石,结算价,709.00,0.28%,5614,2025-04-29 00:00:00,1,0,2025-04-29 23:15:38,0,2025-04-29 23:15:38,,,
2025-04-30,铁矿石,收盘价,703.50,-0.78%,5615,2025-04-30 00:00:00,1,0,2025-05-05 23:16:36,0,2025-05-05 23:16:36,,,
2025-04-30,铁矿石,结算价,704.50,-0.63%,5616,2025-04-30 00:00:00,1,0,2025-05-05 23:16:36,0,2025-05-05 23:16:36,,,
2025-05-06,铁矿石,收盘价,704.50,0.14%,5617,2025-05-06 00:00:00,1,0,2025-05-06 23:15:46,0,2025-05-06 23:15:46,,,
2025-05-06,铁矿石,结算价,705.50,0.14%,5618,2025-05-06 00:00:00,1,0,2025-05-06 23:15:46,0,2025-05-06 23:15:46,,,
2025-05-07,铁矿石,收盘价,708.00,0.5%,5619,2025-05-07 00:00:00,1,0,2025-05-07 23:16:36,0,2025-05-07 23:16:36,,,
2025-05-07,铁矿石,结算价,713.00,1.06%,5620,2025-05-07 00:00:00,1,0,2025-05-07 23:16:36,0,2025-05-07 23:16:36,,,
2025-05-08,铁矿石,收盘价,693.50,-2.05%,5621,2025-05-08 00:00:00,1,0,2025-05-08 23:15:04,0,2025-05-08 23:15:04,,,
2025-05-08,铁矿石,结算价,700.00,-1.82%,5622,2025-05-08 00:00:00,1,0,2025-05-08 23:15:04,0,2025-05-08 23:15:04,,,
2025-05-09,铁矿石,收盘价,696.00,0.36%,5623,2025-05-09 00:00:00,1,0,2025-05-09 23:16:23,0,2025-05-09 23:16:23,,,
2025-05-09,铁矿石,结算价,696.50,-0.5%,5624,2025-05-09 00:00:00,1,0,2025-05-09 23:16:23,0,2025-05-09 23:16:23,,,
2025-05-12,铁矿石,收盘价,718.50,3.23%,5625,2025-05-12 00:00:00,1,0,2025-05-12 23:16:47,0,2025-05-12 23:16:47,,,
2025-05-12,铁矿石,结算价,707.00,1.51%,5626,2025-05-12 00:00:00,1,0,2025-05-12 23:16:47,0,2025-05-12 23:16:47,,,
2025-05-13,铁矿石,收盘价,714.50,-0.56%,5627,2025-05-13 00:00:00,1,0,2025-05-13 23:16:11,0,2025-05-13 23:16:11,,,
2025-05-13,铁矿石,结算价,719.50,1.77%,5628,2025-05-13 00:00:00,1,0,2025-05-13 23:16:11,0,2025-05-13 23:16:11,,,
2025-05-14,铁矿石,收盘价,737.00,3.15%,5629,2025-05-14 00:00:00,1,0,2025-05-14 23:15:46,0,2025-05-14 23:15:46,,,
2025-05-14,铁矿石,结算价,728.00,1.18%,5630,2025-05-14 00:00:00,1,0,2025-05-14 23:15:46,0,2025-05-14 23:15:46,,,
2025-05-15,铁矿石,收盘价,736.50,-0.07%,5631,2025-05-15 00:00:00,1,0,2025-05-15 23:15:43,0,2025-05-15 23:15:43,,,
2025-05-15,铁矿石,结算价,735.00,0.96%,5632,2025-05-15 00:00:00,1,0,2025-05-15 23:15:43,0,2025-05-15 23:15:43,,,
2025-05-19,铁矿石,收盘价,722.50,-0.76%,5633,2025-05-19 00:00:00,1,0,2025-05-19 23:18:34,0,2025-05-19 23:18:34,,,
2025-05-19,铁矿石,结算价,723.00,-0.82%,5634,2025-05-19 00:00:00,1,0,2025-05-19 23:18:34,0,2025-05-19 23:18:34,,,
2025-05-16,铁矿石,收盘价,728.00,-1.15%,5635,2025-05-16 00:00:00,1,0,2025-05-19 23:18:34,0,2025-05-19 23:18:34,,,
2025-05-16,铁矿石,结算价,729.00,-0.82%,5636,2025-05-16 00:00:00,1,0,2025-05-19 23:18:34,0,2025-05-19 23:18:34,,,
2025-05-20,铁矿石,收盘价,725.00,0.35%,5637,2025-05-20 00:00:00,1,0,2025-05-20 23:15:50,0,2025-05-20 23:15:50,,,
2025-05-20,铁矿石,结算价,723.00,0.%,5638,2025-05-20 00:00:00,1,0,2025-05-20 23:15:50,0,2025-05-20 23:15:50,,,
2025-05-21,铁矿石,收盘价,728.50,0.48%,5639,2025-05-21 00:00:00,1,0,2025-05-21 23:16:05,0,2025-05-21 23:16:05,,,
2025-05-21,铁矿石,结算价,726.00,0.41%,5640,2025-05-21 00:00:00,1,0,2025-05-21 23:16:05,0,2025-05-21 23:16:05,,,
2025-05-22,铁矿石,收盘价,727.00,-0.21%,5641,2025-05-22 00:00:00,1,0,2025-05-22 23:15:54,0,2025-05-22 23:15:54,,,
2025-05-22,铁矿石,结算价,727.00,0.14%,5642,2025-05-22 00:00:00,1,0,2025-05-22 23:15:54,0,2025-05-22 23:15:54,,,
2025-05-23,铁矿石,收盘价,718.00,-1.24%,5643,2025-05-23 00:00:00,1,0,2025-05-23 23:16:32,0,2025-05-23 23:16:32,,,
2025-05-23,铁矿石,结算价,722.50,-0.62%,5644,2025-05-23 00:00:00,1,0,2025-05-23 23:16:32,0,2025-05-23 23:16:32,,,
2025-05-26,铁矿石,收盘价,706.50,-1.6%,5645,2025-05-26 00:00:00,1,0,2025-05-26 23:16:44,0,2025-05-26 23:16:44,,,
2025-05-26,铁矿石,结算价,711.00,-1.59%,5646,2025-05-26 00:00:00,1,0,2025-05-26 23:16:44,0,2025-05-26 23:16:44,,,
2025-05-27,铁矿石,收盘价,698.50,-1.13%,5647,2025-05-27 00:00:00,1,0,2025-05-27 23:16:12,0,2025-05-27 23:16:12,,,
2025-05-27,铁矿石,结算价,699.50,-1.62%,5648,2025-05-27 00:00:00,1,0,2025-05-27 23:16:12,0,2025-05-27 23:16:12,,,
2025-05-28,铁矿石,收盘价,698.50,0.%,5649,2025-05-28 00:00:00,1,0,2025-05-28 23:15:51,0,2025-05-28 23:15:51,,,
2025-05-28,铁矿石,结算价,698.00,-0.21%,5650,2025-05-28 00:00:00,1,0,2025-05-28 23:15:51,0,2025-05-28 23:15:51,,,
2025-05-29,铁矿石,收盘价,707.00,1.22%,5651,2025-05-29 00:00:00,1,0,2025-05-29 23:14:57,0,2025-05-29 23:14:57,,,
2025-05-29,铁矿石,结算价,705.00,1.%,5652,2025-05-29 00:00:00,1,0,2025-05-29 23:14:57,0,2025-05-29 23:14:57,,,
2025-05-30,铁矿石,收盘价,702.00,-0.71%,5653,2025-05-30 00:00:00,1,0,2025-05-30 23:16:33,0,2025-05-30 23:16:33,,,
2025-05-30,铁矿石,结算价,703.50,-0.21%,5654,2025-05-30 00:00:00,1,0,2025-05-30 23:16:33,0,2025-05-30 23:16:33,,,
2025-06-04,铁矿石,收盘价,704.50,1.29%,5655,2025-06-04 00:00:00,1,0,2025-06-04 23:17:16,0,2025-06-04 23:17:16,,,
2025-06-04,铁矿石,结算价,702.00,1.01%,5656,2025-06-04 00:00:00,1,0,2025-06-04 23:17:16,0,2025-06-04 23:17:16,,,
2025-06-03,铁矿石,收盘价,695.50,-0.93%,5657,2025-06-03 00:00:00,1,0,2025-06-04 23:17:16,0,2025-06-04 23:17:16,,,
2025-06-03,铁矿石,结算价,695.00,-1.21%,5658,2025-06-03 00:00:00,1,0,2025-06-04 23:17:16,0,2025-06-04 23:17:16,,,
2025-06-05,铁矿石,收盘价,701.00,-0.5%,5659,2025-06-05 00:00:00,1,0,2025-06-05 23:15:37,0,2025-06-05 23:15:37,,,
2025-06-05,铁矿石,结算价,701.50,-0.07%,5660,2025-06-05 00:00:00,1,0,2025-06-05 23:15:37,0,2025-06-05 23:15:37,,,
2025-06-06,铁矿石,收盘价,707.50,0.93%,5661,2025-06-06 00:00:00,1,0,2025-06-06 23:16:32,0,2025-06-06 23:16:32,,,
2025-06-06,铁矿石,结算价,708.00,0.93%,5662,2025-06-06 00:00:00,1,0,2025-06-06 23:16:32,0,2025-06-06 23:16:32,,,
2025-06-09,铁矿石,收盘价,703.00,-0.64%,5663,2025-06-09 00:00:00,1,0,2025-06-09 23:16:59,0,2025-06-09 23:16:59,,,
2025-06-09,铁矿石,结算价,704.50,-0.49%,5664,2025-06-09 00:00:00,1,0,2025-06-09 23:16:59,0,2025-06-09 23:16:59,,,
2025-06-10,铁矿石,收盘价,698.50,-0.64%,5665,2025-06-10 00:00:00,1,0,2025-06-10 23:16:01,0,2025-06-10 23:16:01,,,
2025-06-10,铁矿石,结算价,700.00,-0.64%,5666,2025-06-10 00:00:00,1,0,2025-06-10 23:16:01,0,2025-06-10 23:16:01,,,
2025-06-11,铁矿石,收盘价,707.00,1.22%,5667,2025-06-11 00:00:00,1,0,2025-06-11 23:15:57,0,2025-06-11 23:15:57,,,
2025-06-11,铁矿石,结算价,705.50,0.79%,5668,2025-06-11 00:00:00,1,0,2025-06-11 23:15:57,0,2025-06-11 23:15:57,,,
2025-06-12,铁矿石,收盘价,704.00,-0.42%,5669,2025-06-12 00:00:00,1,0,2025-06-12 23:15:30,0,2025-06-12 23:15:30,,,
2025-06-12,铁矿石,结算价,704.00,-0.21%,5670,2025-06-12 00:00:00,1,0,2025-06-12 23:15:30,0,2025-06-12 23:15:30,,,
2025-06-13,铁矿石,收盘价,703.00,-0.14%,5671,2025-06-13 00:00:00,1,0,2025-06-13 23:16:32,0,2025-06-13 23:16:32,,,
2025-06-13,铁矿石,结算价,703.00,-0.14%,5672,2025-06-13 00:00:00,1,0,2025-06-13 23:16:32,0,2025-06-13 23:16:32,,,
2025-06-16,铁矿石,收盘价,704.50,0.21%,5673,2025-06-16 00:00:00,1,0,2025-06-16 23:17:08,0,2025-06-16 23:17:08,,,
2025-06-16,铁矿石,结算价,699.50,-0.5%,5674,2025-06-16 00:00:00,1,0,2025-06-16 23:17:08,0,2025-06-16 23:17:08,,,
2025-06-17,铁矿石,收盘价,699.00,-0.78%,5675,2025-06-17 00:00:00,1,0,2025-06-17 23:15:57,0,2025-06-17 23:15:57,,,
2025-06-17,铁矿石,结算价,699.00,-0.07%,5676,2025-06-17 00:00:00,1,0,2025-06-17 23:15:57,0,2025-06-17 23:15:57,,,
2025-06-18,铁矿石,收盘价,695.50,-0.5%,5677,2025-06-18 00:00:00,1,0,2025-06-18 23:15:55,0,2025-06-18 23:15:55,,,
2025-06-18,铁矿石,结算价,695.00,-0.57%,5678,2025-06-18 00:00:00,1,0,2025-06-18 23:15:55,0,2025-06-18 23:15:55,,,
2025-06-19,铁矿石,收盘价,698.00,0.36%,5679,2025-06-19 00:00:00,1,0,2025-06-19 23:15:45,0,2025-06-19 23:15:45,,,
2025-06-19,铁矿石,结算价,696.50,0.22%,5680,2025-06-19 00:00:00,1,0,2025-06-19 23:15:45,0,2025-06-19 23:15:45,,,
2025-06-20,铁矿石,收盘价,703.00,0.72%,5681,2025-06-20 00:00:00,1,0,2025-06-20 23:16:49,0,2025-06-20 23:16:49,,,
2025-06-20,铁矿石,结算价,702.50,0.86%,5682,2025-06-20 00:00:00,1,0,2025-06-20 23:16:49,0,2025-06-20 23:16:49,,,
2025-06-23,铁矿石,收盘价,706.00,0.43%,5683,2025-06-23 00:00:00,1,0,2025-06-23 23:16:25,0,2025-06-23 23:16:25,,,
2025-06-23,铁矿石,结算价,706.00,0.5%,5684,2025-06-23 00:00:00,1,0,2025-06-23 23:16:25,0,2025-06-23 23:16:25,,,
2025-06-24,铁矿石,收盘价,703.00,-0.42%,5685,2025-06-24 00:00:00,1,0,2025-06-24 23:15:55,0,2025-06-24 23:15:55,,,
2025-06-24,铁矿石,结算价,705.50,-0.07%,5686,2025-06-24 00:00:00,1,0,2025-06-24 23:15:55,0,2025-06-24 23:15:55,,,
2025-06-25,铁矿石,收盘价,702.50,-0.07%,5687,2025-06-25 00:00:00,1,0,2025-06-25 23:15:58,0,2025-06-25 23:15:58,,,
2025-06-25,铁矿石,结算价,701.00,-0.64%,5688,2025-06-25 00:00:00,1,0,2025-06-25 23:15:58,0,2025-06-25 23:15:58,,,
2025-06-26,铁矿石,收盘价,705.50,0.43%,5689,2025-06-26 00:00:00,1,0,2025-06-26 23:15:47,0,2025-06-26 23:15:47,,,
2025-06-26,铁矿石,结算价,702.50,0.21%,5690,2025-06-26 00:00:00,1,0,2025-06-26 23:15:47,0,2025-06-26 23:15:47,,,
2025-06-27,铁矿石,收盘价,716.50,1.56%,5691,2025-06-27 00:00:00,1,0,2025-06-27 23:16:18,0,2025-06-27 23:16:18,,,
2025-06-27,铁矿石,结算价,714.00,1.64%,5692,2025-06-27 00:00:00,1,0,2025-06-27 23:16:18,0,2025-06-27 23:16:18,,,
2025-06-30,铁矿石,收盘价,715.50,-0.14%,5693,2025-06-30 00:00:00,1,0,2025-06-30 23:16:42,0,2025-06-30 23:16:42,,,
2025-06-30,铁矿石,结算价,718.00,0.56%,5694,2025-06-30 00:00:00,1,0,2025-06-30 23:16:42,0,2025-06-30 23:16:42,,,
2025-07-01,铁矿石,收盘价,708.50,-0.98%,5695,2025-07-01 00:00:00,1,0,2025-07-01 23:15:51,0,2025-07-01 23:15:51,,,
2025-07-01,铁矿石,结算价,710.50,-1.04%,5696,2025-07-01 00:00:00,1,0,2025-07-01 23:15:51,0,2025-07-01 23:15:51,,,
2025-07-02,铁矿石,收盘价,722.50,1.98%,5697,2025-07-02 00:00:00,1,0,2025-07-02 23:15:49,0,2025-07-02 23:15:49,,,
2025-07-02,铁矿石,结算价,715.50,0.7%,5698,2025-07-02 00:00:00,1,0,2025-07-02 23:15:49,0,2025-07-02 23:15:49,,,
2025-07-03,铁矿石,收盘价,733.00,1.45%,5699,2025-07-03 00:00:00,1,0,2025-07-03 23:15:37,0,2025-07-03 23:15:37,,,
2025-07-03,铁矿石,结算价,728.00,1.75%,5700,2025-07-03 00:00:00,1,0,2025-07-03 23:15:37,0,2025-07-03 23:15:37,,,
2025-07-04,铁矿石,收盘价,732.50,-0.07%,5701,2025-07-04 00:00:00,1,0,2025-07-04 23:16:34,0,2025-07-04 23:16:34,,,
2025-07-04,铁矿石,结算价,736.00,1.1%,5702,2025-07-04 00:00:00,1,0,2025-07-04 23:16:34,0,2025-07-04 23:16:34,,,
2025-07-07,铁矿石,收盘价,731.00,-0.2%,5703,2025-07-07 00:00:00,1,0,2025-07-07 23:16:53,0,2025-07-07 23:16:53,,,
2025-07-07,铁矿石,结算价,732.00,-0.54%,5704,2025-07-07 00:00:00,1,0,2025-07-07 23:16:53,0,2025-07-07 23:16:53,,,
2025-07-08,铁矿石,收盘价,733.00,0.27%,5705,2025-07-08 00:00:00,1,0,2025-07-08 23:15:46,0,2025-07-08 23:15:46,,,
2025-07-08,铁矿石,结算价,731.50,-0.07%,5706,2025-07-08 00:00:00,1,0,2025-07-08 23:15:46,0,2025-07-08 23:15:46,,,
2025-07-09,铁矿石,收盘价,736.50,0.%,5707,2025-07-09 00:00:00,1,0,2025-07-09 23:15:48,0,2025-07-09 23:15:48,,,
2025-07-09,铁矿石,结算价,736.50,0.%,5708,2025-07-09 00:00:00,1,0,2025-07-09 23:15:48,0,2025-07-09 23:15:48,,,
2025-07-10,铁矿石,收盘价,763.50,3.67%,5709,2025-07-10 00:00:00,1,0,2025-07-10 23:15:26,0,2025-07-10 23:15:26,,,
2025-07-10,铁矿石,结算价,750.50,1.9%,5710,2025-07-10 00:00:00,1,0,2025-07-10 23:15:26,0,2025-07-10 23:15:26,,,
2025-07-11,铁矿石,收盘价,764.00,0.07%,5711,2025-07-11 00:00:00,1,0,2025-07-11 23:16:38,0,2025-07-11 23:16:38,,,
2025-07-11,铁矿石,结算价,764.50,1.87%,5712,2025-07-11 00:00:00,1,0,2025-07-11 23:16:38,0,2025-07-11 23:16:38,,,
2025-07-14,铁矿石,收盘价,766.50,0.33%,5713,2025-07-14 00:00:00,1,0,2025-07-14 23:16:27,0,2025-07-14 23:16:27,,,
2025-07-14,铁矿石,结算价,766.00,0.2%,5714,2025-07-14 00:00:00,1,0,2025-07-14 23:16:27,0,2025-07-14 23:16:27,,,
2025-07-15,铁矿石,收盘价,767.00,0.07%,5715,2025-07-15 00:00:00,1,0,2025-07-15 23:15:48,0,2025-07-15 23:15:48,,,
2025-07-15,铁矿石,结算价,765.00,-0.13%,5716,2025-07-15 00:00:00,1,0,2025-07-15 23:15:48,0,2025-07-15 23:15:48,,,
2025-07-16,铁矿石,收盘价,773.00,0.78%,5717,2025-07-16 00:00:00,1,0,2025-07-16 23:15:49,0,2025-07-16 23:15:49,,,
2025-07-16,铁矿石,结算价,771.50,0.85%,5718,2025-07-16 00:00:00,1,0,2025-07-16 23:15:49,0,2025-07-16 23:15:49,,,
2025-07-17,铁矿石,收盘价,785.50,1.62%,5719,2025-07-17 00:00:00,1,0,2025-07-17 23:16:06,0,2025-07-17 23:16:06,,,
2025-07-17,铁矿石,结算价,782.00,1.36%,5720,2025-07-17 00:00:00,1,0,2025-07-17 23:16:06,0,2025-07-17 23:16:06,,,
2025-07-18,铁矿石,收盘价,785.00,-0.06%,5721,2025-07-18 00:00:00,1,0,2025-07-18 23:16:18,0,2025-07-18 23:16:18,,,
2025-07-18,铁矿石,结算价,792.50,1.34%,5722,2025-07-18 00:00:00,1,0,2025-07-18 23:16:18,0,2025-07-18 23:16:18,,,
2025-07-21,铁矿石,收盘价,809.00,3.06%,5723,2025-07-21 00:00:00,1,0,2025-07-21 23:17:04,0,2025-07-21 23:17:04,,,
2025-07-21,铁矿石,结算价,803.00,1.32%,5724,2025-07-21 00:00:00,1,0,2025-07-21 23:17:04,0,2025-07-21 23:17:04,,,
2025-07-22,铁矿石,收盘价,823.00,1.73%,5725,2025-07-22 00:00:00,1,0,2025-07-22 23:15:41,0,2025-07-22 23:15:41,,,
2025-07-22,铁矿石,结算价,817.00,1.74%,5726,2025-07-22 00:00:00,1,0,2025-07-22 23:15:41,0,2025-07-22 23:15:41,,,
2025-07-23,铁矿石,收盘价,812.00,-1.34%,5727,2025-07-23 00:00:00,1,0,2025-07-23 23:15:30,0,2025-07-23 23:15:30,,,
2025-07-23,铁矿石,结算价,815.50,-0.18%,5728,2025-07-23 00:00:00,1,0,2025-07-23 23:15:30,0,2025-07-23 23:15:30,,,
2025-07-24,铁矿石,收盘价,811.00,-0.12%,5729,2025-07-24 00:00:00,1,0,2025-07-24 23:15:15,0,2025-07-24 23:15:15,,,
2025-07-24,铁矿石,结算价,811.50,-0.49%,5730,2025-07-24 00:00:00,1,0,2025-07-24 23:15:15,0,2025-07-24 23:15:15,,,
2025-07-25,铁矿石,收盘价,811.00,0.%,5731,2025-07-25 00:00:00,1,0,2025-07-25 23:16:22,0,2025-07-25 23:16:22,,,
2025-07-25,铁矿石,结算价,811.50,0.%,5732,2025-07-25 00:00:00,1,0,2025-07-25 23:16:22,0,2025-07-25 23:16:22,,,
2025-07-28,铁矿石,收盘价,786.00,-3.08%,5733,2025-07-28 00:00:00,1,0,2025-07-28 23:16:27,0,2025-07-28 23:16:27,,,
2025-07-28,铁矿石,结算价,793.00,-2.28%,5734,2025-07-28 00:00:00,1,0,2025-07-28 23:16:27,0,2025-07-28 23:16:27,,,
2025-07-29,铁矿石,收盘价,798.00,1.53%,5735,2025-07-29 00:00:00,1,0,2025-07-29 23:15:38,0,2025-07-29 23:15:38,,,
2025-07-29,铁矿石,结算价,792.50,-0.06%,5736,2025-07-29 00:00:00,1,0,2025-07-29 23:15:38,0,2025-07-29 23:15:38,,,
2025-07-30,铁矿石,收盘价,789.00,-1.13%,5737,2025-07-30 00:00:00,1,0,2025-07-30 23:15:37,0,2025-07-30 23:15:37,,,
2025-07-30,铁矿石,结算价,798.00,0.69%,5738,2025-07-30 00:00:00,1,0,2025-07-30 23:15:37,0,2025-07-30 23:15:37,,,
2025-07-31,铁矿石,收盘价,779.00,-1.27%,5739,2025-07-31 00:00:00,1,0,2025-07-31 23:15:37,0,2025-07-31 23:15:37,,,
2025-07-31,铁矿石,结算价,784.50,-1.69%,5740,2025-07-31 00:00:00,1,0,2025-07-31 23:15:37,0,2025-07-31 23:15:37,,,
2025-08-01,铁矿石,收盘价,783.00,0.51%,5741,2025-08-01 00:00:00,1,0,2025-08-01 23:31:13,0,2025-08-01 23:31:13,,,
2025-08-01,铁矿石,结算价,784.50,0.%,5742,2025-08-01 00:00:00,1,0,2025-08-01 23:31:13,0,2025-08-01 23:31:13,,,
2025-08-04,铁矿石,收盘价,790.50,0.96%,5743,2025-08-04 00:00:00,1,0,2025-08-04 23:16:29,0,2025-08-04 23:16:29,,,
2025-08-04,铁矿石,结算价,789.00,0.57%,5744,2025-08-04 00:00:00,1,0,2025-08-04 23:16:29,0,2025-08-04 23:16:29,,,
2025-08-05,铁矿石,收盘价,798.50,1.01%,5745,2025-08-05 00:00:00,1,0,2025-08-05 23:16:01,0,2025-08-05 23:16:01,,,
2025-08-05,铁矿石,结算价,795.00,0.76%,5746,2025-08-05 00:00:00,1,0,2025-08-05 23:16:01,0,2025-08-05 23:16:01,,,
2025-08-06,铁矿石,收盘价,794.50,-0.5%,5747,2025-08-06 00:00:00,1,0,2025-08-06 23:15:35,0,2025-08-06 23:15:35,,,
2025-08-06,铁矿石,结算价,795.00,0.%,5748,2025-08-06 00:00:00,1,0,2025-08-06 23:15:35,0,2025-08-06 23:15:35,,,
2025-08-07,铁矿石,收盘价,774.50,-2.52%,5749,2025-08-07 00:00:00,1,0,2025-08-07 23:15:43,0,2025-08-07 23:15:43,,,
2025-08-07,铁矿石,结算价,773.00,-2.77%,5750,2025-08-07 00:00:00,1,0,2025-08-07 23:15:43,0,2025-08-07 23:15:43,,,
2025-08-08,铁矿石,收盘价,773.50,-0.13%,5751,2025-08-08 00:00:00,1,0,2025-08-08 23:16:34,0,2025-08-08 23:16:34,,,
2025-08-08,铁矿石,结算价,774.00,0.13%,5752,2025-08-08 00:00:00,1,0,2025-08-08 23:16:34,0,2025-08-08 23:16:34,,,
2025-08-11,铁矿石,收盘价,789.00,2.%,5753,2025-08-11 00:00:00,1,0,2025-08-11 23:16:45,0,2025-08-11 23:16:45,,,
2025-08-11,铁矿石,结算价,782.50,1.1%,5754,2025-08-11 00:00:00,1,0,2025-08-11 23:16:45,0,2025-08-11 23:16:45,,,
2025-08-12,铁矿石,收盘价,801.00,1.52%,5755,2025-08-12 00:00:00,1,0,2025-08-12 23:15:51,0,2025-08-12 23:15:51,,,
2025-08-12,铁矿石,结算价,795.00,1.6%,5756,2025-08-12 00:00:00,1,0,2025-08-12 23:15:51,0,2025-08-12 23:15:51,,,
2025-08-13,铁矿石,收盘价,795.00,-0.75%,5757,2025-08-13 00:00:00,1,0,2025-08-13 23:16:02,0,2025-08-13 23:16:02,,,
2025-08-13,铁矿石,结算价,798.50,0.44%,5758,2025-08-13 00:00:00,1,0,2025-08-13 23:16:02,0,2025-08-13 23:16:02,,,
2025-08-14,铁矿石,收盘价,775.00,-2.52%,5759,2025-08-14 00:00:00,1,0,2025-08-14 23:15:53,0,2025-08-14 23:15:53,,,
2025-08-14,铁矿石,结算价,784.50,-1.75%,5760,2025-08-14 00:00:00,1,0,2025-08-14 23:15:53,0,2025-08-14 23:15:53,,,
2025-08-15,铁矿石,收盘价,776.00,0.13%,5761,2025-08-15 00:00:00,1,0,2025-08-15 23:16:51,0,2025-08-15 23:16:51,,,
2025-08-15,铁矿石,结算价,777.00,-0.96%,5762,2025-08-15 00:00:00,1,0,2025-08-15 23:16:51,0,2025-08-15 23:16:51,,,
2025-08-18,铁矿石,收盘价,772.00,-0.52%,5763,2025-08-18 00:00:00,1,0,2025-08-18 23:15:53,0,2025-08-18 23:15:53,,,
2025-08-18,铁矿石,结算价,776.00,-0.13%,5764,2025-08-18 00:00:00,1,0,2025-08-18 23:15:53,0,2025-08-18 23:15:53,,,
2025-08-19,铁矿石,收盘价,771.00,-0.13%,5765,2025-08-19 00:00:00,1,0,2025-08-19 23:15:56,0,2025-08-19 23:15:56,,,
2025-08-19,铁矿石,结算价,770.50,-0.71%,5766,2025-08-19 00:00:00,1,0,2025-08-19 23:15:56,0,2025-08-19 23:15:56,,,
2025-08-20,铁矿石,收盘价,769.00,-0.26%,5767,2025-08-20 00:00:00,1,0,2025-08-20 23:16:12,0,2025-08-20 23:16:12,,,
2025-08-20,铁矿石,结算价,765.00,-0.71%,5768,2025-08-20 00:00:00,1,0,2025-08-20 23:16:12,0,2025-08-20 23:16:12,,,
2025-08-21,铁矿石,收盘价,791.00,2.86%,5769,2025-08-21 00:00:00,1,0,2025-08-21 23:14:42,0,2025-08-21 23:14:42,,,
2025-08-21,铁矿石,结算价,792.50,3.59%,5770,2025-08-21 00:00:00,1,0,2025-08-21 23:14:42,0,2025-08-21 23:14:42,,,
2025-08-22,铁矿石,收盘价,770.00,-2.65%,5771,2025-08-22 00:00:00,1,0,2025-08-22 23:16:34,0,2025-08-22 23:16:34,,,
2025-08-22,铁矿石,结算价,769.50,-2.9%,5772,2025-08-22 00:00:00,1,0,2025-08-22 23:16:34,0,2025-08-22 23:16:34,,,
2025-08-25,铁矿石,收盘价,787.00,2.21%,5773,2025-08-25 00:00:00,1,0,2025-08-25 23:16:55,0,2025-08-25 23:16:55,,,
2025-08-25,铁矿石,结算价,782.00,1.62%,5774,2025-08-25 00:00:00,1,0,2025-08-25 23:16:55,0,2025-08-25 23:16:55,,,
2025-08-26,铁矿石,收盘价,776.50,-1.33%,5775,2025-08-26 00:00:00,1,0,2025-08-26 23:15:22,0,2025-08-26 23:15:22,,,
2025-08-26,铁矿石,结算价,780.50,-0.19%,5776,2025-08-26 00:00:00,1,0,2025-08-26 23:15:22,0,2025-08-26 23:15:22,,,
2025-08-27,铁矿石,收盘价,775.50,-0.13%,5777,2025-08-27 00:00:00,1,0,2025-08-27 23:18:41,0,2025-08-27 23:18:41,,,
2025-08-27,铁矿石,结算价,777.00,-0.45%,5778,2025-08-27 00:00:00,1,0,2025-08-27 23:18:41,0,2025-08-27 23:18:41,,,
2025-08-28,铁矿石,收盘价,790.50,1.93%,5779,2025-08-28 00:00:00,1,0,2025-08-28 23:15:30,0,2025-08-28 23:15:30,,,
2025-08-28,铁矿石,结算价,781.50,0.58%,5780,2025-08-28 00:00:00,1,0,2025-08-28 23:15:30,0,2025-08-28 23:15:30,,,
2025-08-29,铁矿石,收盘价,787.50,-0.38%,5781,2025-08-29 00:00:00,1,0,2025-08-29 23:16:35,0,2025-08-29 23:16:35,,,
2025-08-29,铁矿石,结算价,787.00,0.7%,5782,2025-08-29 00:00:00,1,0,2025-08-29 23:16:35,0,2025-08-29 23:16:35,,,
2025-09-01,铁矿石,收盘价,766.00,-2.73%,5783,2025-09-01 00:00:00,1,0,2025-09-01 23:16:56,0,2025-09-01 23:16:56,,,
2025-09-01,铁矿石,结算价,771.00,-2.03%,5784,2025-09-01 00:00:00,1,0,2025-09-01 23:16:56,0,2025-09-01 23:16:56,,,
2025-09-02,铁矿石,收盘价,771.50,0.72%,5785,2025-09-02 00:00:00,1,0,2025-09-02 23:15:59,0,2025-09-02 23:15:59,,,
2025-09-02,铁矿石,结算价,771.50,0.06%,5786,2025-09-02 00:00:00,1,0,2025-09-02 23:15:59,0,2025-09-02 23:15:59,,,
2025-09-03,铁矿石,收盘价,777.00,0.71%,5787,2025-09-03 00:00:00,1,0,2025-09-03 23:15:55,0,2025-09-03 23:15:55,,,
2025-09-03,铁矿石,结算价,778.50,0.91%,5788,2025-09-03 00:00:00,1,0,2025-09-03 23:15:55,0,2025-09-03 23:15:55,,,
2025-09-05,铁矿石,收盘价,789.50,-0.25%,5789,2025-09-05 00:00:00,1,0,2025-09-05 23:16:35,0,2025-09-05 23:16:35,,,
2025-09-05,铁矿石,结算价,787.00,0.45%,5790,2025-09-05 00:00:00,1,0,2025-09-05 23:16:35,0,2025-09-05 23:16:35,,,
2025-09-04,铁矿石,收盘价,791.50,1.87%,5791,2025-09-04 00:00:00,1,0,2025-09-05 23:16:35,0,2025-09-05 23:16:35,,,
2025-09-04,铁矿石,结算价,783.50,0.64%,5792,2025-09-04 00:00:00,1,0,2025-09-05 23:16:35,0,2025-09-05 23:16:35,,,
2025-09-08,铁矿石,收盘价,792.00,0.32%,5793,2025-09-08 00:00:00,1,0,2025-09-08 23:17:11,0,2025-09-08 23:17:11,,,
2025-09-08,铁矿石,结算价,789.00,0.25%,5794,2025-09-08 00:00:00,1,0,2025-09-08 23:17:11,0,2025-09-08 23:17:11,,,
2025-09-09,铁矿石,收盘价,805.00,1.64%,5795,2025-09-09 00:00:00,1,0,2025-09-09 23:15:47,0,2025-09-09 23:15:47,,,
2025-09-09,铁矿石,结算价,803.00,1.77%,5796,2025-09-09 00:00:00,1,0,2025-09-09 23:15:47,0,2025-09-09 23:15:47,,,
2025-09-10,铁矿石,收盘价,805.00,0.%,5797,2025-09-10 00:00:00,1,0,2025-09-10 23:16:12,0,2025-09-10 23:16:12,,,
2025-09-10,铁矿石,结算价,802.00,-0.12%,5798,2025-09-10 00:00:00,1,0,2025-09-10 23:16:12,0,2025-09-10 23:16:12,,,
2025-09-11,铁矿石,收盘价,795.50,-1.18%,5799,2025-09-11 00:00:00,1,0,2025-09-11 23:16:00,0,2025-09-11 23:16:00,,,
2025-09-11,铁矿石,结算价,800.00,-0.25%,5800,2025-09-11 00:00:00,1,0,2025-09-11 23:16:00,0,2025-09-11 23:16:00,,,
2025-09-12,铁矿石,收盘价,799.50,0.5%,5801,2025-09-12 00:00:00,1,0,2025-09-12 23:16:48,0,2025-09-12 23:16:48,,,
2025-09-12,铁矿石,结算价,798.50,-0.19%,5802,2025-09-12 00:00:00,1,0,2025-09-12 23:16:48,0,2025-09-12 23:16:48,,,
2025-09-15,铁矿石,收盘价,817.00,2.19%,5803,2025-09-15 00:00:00,1,0,2025-09-15 23:15:57,0,2025-09-15 23:15:57,,,
2025-09-15,铁矿石,结算价,818.50,2.5%,5804,2025-09-15 00:00:00,1,0,2025-09-15 23:15:57,0,2025-09-15 23:15:57,,,
2025-09-16,铁矿石,收盘价,803.50,-1.65%,5805,2025-09-16 00:00:00,1,0,2025-09-16 23:15:55,0,2025-09-16 23:15:55,,,
2025-09-16,铁矿石,结算价,805.50,-1.59%,5806,2025-09-16 00:00:00,1,0,2025-09-16 23:15:55,0,2025-09-16 23:15:55,,,
2025-09-17,铁矿石,收盘价,804.50,0.12%,5807,2025-09-17 00:00:00,1,0,2025-09-17 23:15:51,0,2025-09-17 23:15:51,,,
2025-09-17,铁矿石,结算价,801.00,-0.56%,5808,2025-09-17 00:00:00,1,0,2025-09-17 23:15:51,0,2025-09-17 23:15:51,,,
