index,pred_key,month,infer_date,n_days,mape,acc,acc_n,acc_day_to_day,acc_dtd_n,baseline,first_pred_date,last_pred_date
CCI4500,CCI4500infer,2025-11,2025-10-21,20,12.3151,0.0,20,41.6667,12,576.0,2025-11-03,2025-11-28
CCI4500,CCI4500infer,2025-11,2025-10-22,20,12.0805,0.0,20,66.6667,12,582.0,2025-11-03,2025-11-28
CCI4500,CCI4500infer,2025-11,2025-10-23,20,11.9585,0.0,20,50.0,12,587.0,2025-11-03,2025-11-28
CCI4500,CCI4500infer,2025-11,2025-10-24,20,11.7864,0.0,20,41.6667,12,587.0,2025-11-03,2025-11-28
CCI4500,CCI4500infer,2025-11,2025-10-25,20,7.8023,0.0,20,50.0,12,587.0,2025-11-03,2025-11-28
CCI4500,CCI4500infer,2025-11,2025-10-26,20,7.8023,0.0,20,50.0,12,587.0,2025-11-03,2025-11-28
CCI4500,CCI4500infer,2025-11,2025-10-27,20,7.8023,0.0,20,50.0,12,587.0,2025-11-03,2025-11-28
CCI4500,CCI4500infer,2025-11,2025-10-28,20,7.3464,20.0,20,50.0,12,587.0,2025-11-03,2025-11-28
CCI4500,CCI4500infer,2025-11,2025-10-29,20,7.65,10.0,20,50.0,12,587.0,2025-11-03,2025-11-28
CCI4500,CCI4500infer,2025-11,2025-10-30,20,7.7331,15.0,20,50.0,12,587.0,2025-11-03,2025-11-28
CCI4500,CCI4500infer,2025-11,2025-10-31,20,6.9638,35.0,20,50.0,12,587.0,2025-11-03,2025-11-28
CCI4500,CCI4500infer,2025-12,2025-10-21,23,8.9237,69.5652,23,47.619,21,576.0,2025-12-01,2025-12-31
CCI4500,CCI4500infer,2025-12,2025-10-22,23,8.7374,73.913,23,47.619,21,582.0,2025-12-01,2025-12-31
CCI4500,CCI4500infer,2025-12,2025-10-23,23,8.8723,73.913,23,52.381,21,587.0,2025-12-01,2025-12-31
CCI4500,CCI4500infer,2025-12,2025-10-24,23,9.0029,73.913,23,47.619,21,587.0,2025-12-01,2025-12-31
CCI4500,CCI4500infer,2025-12,2025-10-25,23,8.4608,73.913,23,61.9048,21,587.0,2025-12-01,2025-12-31
CCI4500,CCI4500infer,2025-12,2025-10-26,23,8.4608,73.913,23,61.9048,21,587.0,2025-12-01,2025-12-31
CCI4500,CCI4500infer,2025-12,2025-10-27,23,8.4608,73.913,23,61.9048,21,587.0,2025-12-01,2025-12-31
CCI4500,CCI4500infer,2025-12,2025-10-28,23,8.8207,82.6087,23,57.1429,21,587.0,2025-12-01,2025-12-31
CCI4500,CCI4500infer,2025-12,2025-10-29,23,9.2437,65.2174,23,47.619,21,587.0,2025-12-01,2025-12-31
CCI4500,CCI4500infer,2025-12,2025-10-30,23,10.0016,52.1739,23,52.381,21,587.0,2025-12-01,2025-12-31
CCI4500,CCI4500infer,2025-12,2025-10-31,23,11.9884,26.087,23,42.8571,21,587.0,2025-12-01,2025-12-31
CCI4500,CCI4500infer,2025-12,2025-11-01,23,13.3665,26.087,23,52.381,21,587.0,2025-12-01,2025-12-31
CCI4500,CCI4500infer,2025-12,2025-11-02,23,13.3665,26.087,23,52.381,21,587.0,2025-12-01,2025-12-31
CCI4500,CCI4500infer,2025-12,2025-11-03,23,13.3665,26.087,23,52.381,21,587.0,2025-12-01,2025-12-31
CCI4500,CCI4500infer,2025-12,2025-11-04,23,6.358,78.2609,23,52.381,21,592.0,2025-12-01,2025-12-31
CCI4500,CCI4500infer,2025-12,2025-11-05,23,6.3669,82.6087,23,57.8947,19,600.0,2025-12-01,2025-12-31
CCI4500,CCI4500infer,2025-12,2025-11-06,23,6.4828,90.9091,22,86.6667,15,608.0,2025-12-01,2025-12-31
CCI4500,CCI4500infer,2025-12,2025-11-07,23,25.7721,4.3478,23,38.8889,18,616.0,2025-12-01,2025-12-31
CCI4500,CCI4500infer,2025-12,2025-11-08,23,28.6581,0.0,23,45.0,20,624.0,2025-12-01,2025-12-31
CCI4500,CCI4500infer,2025-12,2025-11-11,23,30.2198,0.0,23,55.0,20,631.0,2025-12-01,2025-12-31
CCI4500,CCI4500infer,2025-12,2025-11-12,23,31.0918,0.0,23,42.1053,19,637.0,2025-12-01,2025-12-31
CCI4500,CCI4500infer,2025-12,2025-11-13,23,28.291,0.0,23,52.6316,19,639.0,2025-12-01,2025-12-31
CCI4500,CCI4500infer,2025-12,2025-11-14,23,25.3209,0.0,23,61.1111,18,639.0,2025-12-01,2025-12-31
CCI4500,CCI4500infer,2025-12,2025-11-15,23,24.5914,0.0,23,50.0,18,639.0,2025-12-01,2025-12-31
CCI4500,CCI4500infer,2025-12,2025-11-16,23,24.5914,0.0,23,50.0,18,639.0,2025-12-01,2025-12-31
CCI4500,CCI4500infer,2025-12,2025-11-17,23,24.5914,0.0,23,50.0,18,639.0,2025-12-01,2025-12-31
CCI4500,CCI4500infer,2025-12,2025-11-18,23,41.5107,0.0,23,15.0,20,639.0,2025-12-01,2025-12-31
CCI4500,CCI4500infer,2025-12,2025-11-19,23,35.2638,0.0,23,20.0,20,639.0,2025-12-01,2025-12-31
CCI4500,CCI4500infer,2025-12,2025-11-20,23,29.7808,0.0,23,40.0,20,639.0,2025-12-01,2025-12-31
CCI4500,CCI4500infer,2025-12,2025-11-21,23,15.9158,100.0,23,42.1053,19,639.0,2025-12-01,2025-12-31
CCI4500,CCI4500infer,2025-12,2025-11-22,23,12.5276,100.0,23,50.0,18,639.0,2025-12-01,2025-12-31
CCI4500,CCI4500infer,2025-12,2025-11-23,23,12.5276,100.0,23,50.0,18,639.0,2025-12-01,2025-12-31
CCI4500,CCI4500infer,2025-12,2025-11-24,23,12.5276,100.0,23,50.0,18,639.0,2025-12-01,2025-12-31
CCI4500,CCI4500infer,2025-12,2025-11-25,23,14.1937,100.0,23,47.3684,19,637.0,2025-12-01,2025-12-31
CCI4500,CCI4500infer,2025-12,2025-11-26,23,18.1265,4.5455,22,42.1053,19,634.0,2025-12-01,2025-12-31
CCI4500,CCI4500infer,2025-12,2025-11-27,23,20.1206,0.0,23,36.8421,19,630.0,2025-12-01,2025-12-31
CCI4500,CCI4500infer,2025-12,2025-11-28,23,23.7543,0.0,23,26.3158,19,627.0,2025-12-01,2025-12-31
CCI4500,CCI4500infer,2025-12,2025-11-29,23,25.1636,4.3478,23,30.0,20,623.0,2025-12-01,2025-12-31
CCI4500,CCI4500infer,2025-12,2025-11-30,23,25.1636,4.3478,23,30.0,20,623.0,2025-12-01,2025-12-31
CCI4500,CCI4500infer,2026-01,2025-11-17,20,28.0047,0.0,20,23.0769,13,639.0,2026-01-05,2026-01-30
CCI4500,CCI4500infer,2026-01,2025-11-18,20,51.7061,0.0,20,80.0,5,639.0,2026-01-05,2026-01-30
CCI4500,CCI4500infer,2026-01,2025-11-19,20,44.0414,0.0,20,66.6667,12,639.0,2026-01-05,2026-01-30
CCI4500,CCI4500infer,2026-01,2025-11-20,20,36.7138,0.0,20,50.0,14,639.0,2026-01-05,2026-01-30
CCI4500,CCI4500infer,2026-01,2025-11-21,20,20.3252,100.0,20,46.6667,15,639.0,2026-01-05,2026-01-30
CCI4500,CCI4500infer,2026-01,2025-11-22,20,16.5311,100.0,20,50.0,12,639.0,2026-01-05,2026-01-30
CCI4500,CCI4500infer,2026-01,2025-11-23,20,16.5311,100.0,20,50.0,12,639.0,2026-01-05,2026-01-30
CCI4500,CCI4500infer,2026-01,2025-11-24,20,16.5311,100.0,20,50.0,12,639.0,2026-01-05,2026-01-30
CCI4500,CCI4500infer,2026-01,2025-11-25,20,17.584,100.0,20,53.3333,15,637.0,2026-01-05,2026-01-30
CCI4500,CCI4500infer,2026-01,2025-11-26,20,21.8311,41.1765,17,42.8571,14,634.0,2026-01-05,2026-01-30
CCI4500,CCI4500infer,2026-01,2025-11-27,20,24.312,0.0,20,33.3333,15,630.0,2026-01-05,2026-01-30
CCI4500,CCI4500infer,2026-01,2025-11-28,20,28.7329,0.0,20,23.0769,13,627.0,2026-01-05,2026-01-30
CCI4500,CCI4500infer,2026-01,2025-11-29,20,31.4499,0.0,20,46.1538,13,623.0,2026-01-05,2026-01-30
CCI4500,CCI4500infer,2026-01,2025-11-30,20,31.4499,0.0,20,46.1538,13,623.0,2026-01-05,2026-01-30
CCI4500,CCI4500infer,2026-01,2025-12-01,20,31.4499,0.0,20,46.1538,13,623.0,2026-01-05,2026-01-30
CCI4500,CCI4500infer,2026-01,2025-12-02,20,11.5147,100.0,20,76.9231,13,618.0,2026-01-05,2026-01-30
CCI4500,CCI4500infer,2026-01,2025-12-03,20,11.8871,100.0,20,69.2308,13,613.0,2026-01-05,2026-01-30
CCI4500,CCI4500infer,2026-01,2025-12-04,20,11.7375,100.0,20,46.6667,15,608.0,2026-01-05,2026-01-30
CCI4500,CCI4500infer,2026-01,2025-12-05,20,11.318,100.0,20,40.0,15,601.0,2026-01-05,2026-01-30
CCI4500,CCI4500infer,2026-01,2025-12-06,20,11.3373,100.0,20,30.7692,13,595.0,2026-01-05,2026-01-30
CCI4500,CCI4500infer,2026-01,2025-12-07,20,11.3373,100.0,20,30.7692,13,595.0,2026-01-05,2026-01-30
CCI4500,CCI4500infer,2026-01,2025-12-08,20,11.3373,100.0,20,30.7692,13,595.0,2026-01-05,2026-01-30
CCI4500,CCI4500infer,2026-01,2025-12-09,20,24.6924,0.0,20,76.9231,13,588.0,2026-01-05,2026-01-30
CCI4500,CCI4500infer,2026-01,2025-12-10,20,24.7778,0.0,20,57.1429,14,580.0,2026-01-05,2026-01-30
CCI4500,CCI4500infer,2026-01,2025-12-11,20,24.6639,0.0,20,54.5455,11,572.0,2026-01-05,2026-01-30
CCI4500,CCI4500infer,2026-01,2025-12-12,20,22.7918,0.0,20,66.6667,15,564.0,2026-01-05,2026-01-30
CCI4500,CCI4500infer,2026-01,2025-12-13,20,19.8713,0.0,20,53.3333,15,556.0,2026-01-05,2026-01-30
CCI4500,CCI4500infer,2026-01,2025-12-14,20,19.8613,0.0,20,61.5385,13,556.0,2026-01-05,2026-01-30
CCI4500,CCI4500infer,2026-01,2025-12-15,20,19.8713,0.0,20,53.3333,15,556.0,2026-01-05,2026-01-30
CCI4500,CCI4500infer,2026-01,2025-12-16,20,17.0246,0.0,20,64.2857,14,547.0,2026-01-05,2026-01-30
CCI4500,CCI4500infer,2026-01,2025-12-17,20,13.0747,0.0,20,83.3333,12,538.0,2026-01-05,2026-01-30
CCI4500,CCI4500infer,2026-01,2025-12-18,20,9.4066,0.0,20,90.0,10,530.0,2026-01-05,2026-01-30
CCI4500,CCI4500infer,2026-01,2025-12-19,20,5.3357,41.1765,17,57.1429,14,522.0,2026-01-05,2026-01-30
CCI4500,CCI4500infer,2026-01,2025-12-20,20,2.4575,42.1053,19,37.5,16,514.0,2026-01-05,2026-01-30
CCI4500,CCI4500infer,2026-01,2025-12-21,20,2.4575,42.1053,19,37.5,16,514.0,2026-01-05,2026-01-30
CCI4500,CCI4500infer,2026-01,2025-12-22,20,2.4575,42.1053,19,37.5,16,514.0,2026-01-05,2026-01-30
CCI4500,CCI4500infer,2026-01,2025-12-23,20,5.6917,0.0,19,37.5,16,507.0,2026-01-05,2026-01-30
CCI4500,CCI4500infer,2026-01,2025-12-24,20,9.4209,5.0,20,33.3333,15,500.0,2026-01-05,2026-01-30
CCI4500,CCI4500infer,2026-01,2025-12-25,20,12.6684,0.0,20,26.6667,15,495.0,2026-01-05,2026-01-30
CCI4500,CCI4500infer,2026-01,2025-12-26,20,14.7,0.0,20,26.6667,15,491.0,2026-01-05,2026-01-30
CCI4500,CCI4500infer,2026-01,2025-12-27,20,13.4637,0.0,20,33.3333,15,490.0,2026-01-05,2026-01-30
CCI4500,CCI4500infer,2026-01,2025-12-28,20,13.4637,0.0,20,33.3333,15,490.0,2026-01-05,2026-01-30
CCI4500,CCI4500infer,2026-01,2025-12-29,20,13.4637,0.0,20,33.3333,15,490.0,2026-01-05,2026-01-30
CCI4500,CCI4500infer,2026-01,2025-12-30,20,11.7287,0.0,20,40.0,15,490.0,2026-01-05,2026-01-30
CCI4500,CCI4500infer,2026-01,2025-12-31,20,7.5869,0.0,20,71.4286,14,493.0,2026-01-05,2026-01-30
CCI4500,CCI4500infer,2026-02,2025-12-18,14,6.1609,69.2308,13,80.0,10,530.0,2026-02-02,2026-02-27
CCI4500,CCI4500infer,2026-02,2025-12-19,14,2.16,100.0,14,66.6667,9,522.0,2026-02-02,2026-02-27
CCI4500,CCI4500infer,2026-02,2025-12-20,14,8.3211,0.0,14,50.0,10,514.0,2026-02-02,2026-02-27
CCI4500,CCI4500infer,2026-02,2025-12-21,14,8.3211,0.0,14,50.0,10,514.0,2026-02-02,2026-02-27
CCI4500,CCI4500infer,2026-02,2025-12-22,14,8.3211,0.0,14,50.0,10,514.0,2026-02-02,2026-02-27
CCI4500,CCI4500infer,2026-02,2025-12-23,14,13.1904,0.0,14,50.0,12,507.0,2026-02-02,2026-02-27
CCI4500,CCI4500infer,2026-02,2025-12-24,14,18.0181,0.0,14,50.0,10,500.0,2026-02-02,2026-02-27
CCI4500,CCI4500infer,2026-02,2025-12-25,14,21.5619,0.0,14,45.4545,11,495.0,2026-02-02,2026-02-27
CCI4500,CCI4500infer,2026-02,2025-12-26,14,25.0174,0.0,14,63.6364,11,491.0,2026-02-02,2026-02-27
CCI4500,CCI4500infer,2026-02,2025-12-27,14,24.5306,0.0,14,63.6364,11,490.0,2026-02-02,2026-02-27
CCI4500,CCI4500infer,2026-02,2025-12-28,14,24.5306,0.0,14,63.6364,11,490.0,2026-02-02,2026-02-27
CCI4500,CCI4500infer,2026-02,2025-12-29,14,24.5306,0.0,14,63.6364,11,490.0,2026-02-02,2026-02-27
CCI4500,CCI4500infer,2026-02,2025-12-30,14,22.1287,0.0,14,66.6667,12,490.0,2026-02-02,2026-02-27
CCI4500,CCI4500infer,2026-02,2025-12-31,14,8.403,53.8462,13,70.0,10,493.0,2026-02-02,2026-02-27
CCI4500,CCI4500infer,2026-02,2026-01-01,14,7.1749,100.0,13,80.0,10,497.0,2026-02-02,2026-02-27
CCI4500,CCI4500infer,2026-02,2026-01-02,14,7.3552,100.0,13,81.8182,11,497.0,2026-02-02,2026-02-27
CCI4500,CCI4500infer,2026-02,2026-01-03,14,7.5996,100.0,12,72.7273,11,497.0,2026-02-02,2026-02-27
CCI4500,CCI4500infer,2026-02,2026-01-04,14,7.5996,100.0,12,72.7273,11,497.0,2026-02-02,2026-02-27
CCI4500,CCI4500infer,2026-02,2026-01-05,14,8.5535,28.5714,14,70.0,10,501.0,2026-02-02,2026-02-27
CCI4500,CCI4500infer,2026-02,2026-01-06,14,6.4631,35.7143,14,66.6667,9,506.0,2026-02-02,2026-02-27
CCI4500,CCI4500infer,2026-02,2026-01-07,14,3.2977,100.0,14,62.5,8,510.0,2026-02-02,2026-02-27
CCI4500,CCI4500infer,2026-02,2026-01-08,14,2.8064,100.0,14,50.0,8,514.0,2026-02-02,2026-02-27
CCI4500,CCI4500infer,2026-02,2026-01-09,14,2.8958,100.0,14,40.0,10,518.0,2026-02-02,2026-02-27
CCI4500,CCI4500infer,2026-02,2026-01-10,14,3.1097,100.0,14,44.4444,9,522.0,2026-02-02,2026-02-27
CCI4500,CCI4500infer,2026-02,2026-01-11,14,3.1097,100.0,14,44.4444,9,522.0,2026-02-02,2026-02-27
CCI4500,CCI4500infer,2026-02,2026-01-12,14,3.1097,100.0,14,44.4444,9,522.0,2026-02-02,2026-02-27
CCI4500,CCI4500infer,2026-02,2026-01-14,14,2.8488,71.4286,14,57.1429,7,528.0,2026-02-02,2026-02-27
CCI4500,CCI4500infer,2026-02,2026-01-16,14,4.6764,71.4286,14,83.3333,12,528.0,2026-02-02,2026-02-27
CCI4500,CCI4500infer,2026-02,2026-01-17,14,3.9112,100.0,12,88.8889,9,525.0,2026-02-02,2026-02-27
CCI4500,CCI4500infer,2026-02,2026-01-18,14,3.9112,100.0,12,88.8889,9,525.0,2026-02-02,2026-02-27
CCI4500,CCI4500infer,2026-02,2026-01-19,14,3.9112,100.0,12,88.8889,9,525.0,2026-02-02,2026-02-27
CCI4500,CCI4500infer,2026-02,2026-01-20,14,3.838,100.0,14,72.7273,11,522.0,2026-02-02,2026-02-27
CCI4500,CCI4500infer,2026-02,2026-01-21,14,3.6904,100.0,14,70.0,10,520.0,2026-02-02,2026-02-27
CCI4500,CCI4500infer,2026-02,2026-01-22,14,2.1111,100.0,14,83.3333,12,518.0,2026-02-02,2026-02-27
CCI4500,CCI4500infer,2026-02,2026-01-23,14,1.3979,100.0,14,75.0,12,516.0,2026-02-02,2026-02-27
CCI4500,CCI4500infer,2026-02,2026-01-24,14,2.0701,100.0,14,72.7273,11,516.0,2026-02-02,2026-02-27
CCI4500,CCI4500infer,2026-02,2026-01-25,14,2.0701,100.0,14,72.7273,11,516.0,2026-02-02,2026-02-27
CCI4500,CCI4500infer,2026-02,2026-01-26,14,2.0701,100.0,14,72.7273,11,516.0,2026-02-02,2026-02-27
CCI4500,CCI4500infer,2026-02,2026-01-27,14,3.1094,100.0,14,81.8182,11,518.0,2026-02-02,2026-02-27
CCI4500,CCI4500infer,2026-02,2026-01-28,14,4.9164,100.0,14,90.9091,11,521.0,2026-02-02,2026-02-27
CCI4500,CCI4500infer,2026-02,2026-01-29,16,3.86,100.0,16,100.0,14,522.0,2026-02-02,2026-02-28
CCI4500,CCI4500infer,2026-02,2026-01-30,16,2.2267,100.0,16,78.5714,14,524.0,2026-02-02,2026-02-28
CCI4500,CCI4500infer,2026-03,2026-01-16,22,3.1903,100.0,22,42.8571,14,528.0,2026-03-02,2026-03-31
CCI4500,CCI4500infer,2026-03,2026-01-17,22,2.309,100.0,22,53.3333,15,525.0,2026-03-02,2026-03-31
CCI4500,CCI4500infer,2026-03,2026-01-18,22,2.309,100.0,22,53.3333,15,525.0,2026-03-02,2026-03-31
CCI4500,CCI4500infer,2026-03,2026-01-19,22,2.309,100.0,22,53.3333,15,525.0,2026-03-02,2026-03-31
CCI4500,CCI4500infer,2026-03,2026-01-20,22,3.1425,100.0,22,41.6667,12,522.0,2026-03-02,2026-03-31
CCI4500,CCI4500infer,2026-03,2026-01-21,22,3.0312,100.0,22,46.1538,13,520.0,2026-03-02,2026-03-31
CCI4500,CCI4500infer,2026-03,2026-01-22,22,4.3958,100.0,22,42.8571,14,518.0,2026-03-02,2026-03-31
CCI4500,CCI4500infer,2026-03,2026-01-23,22,5.1299,100.0,22,38.4615,13,516.0,2026-03-02,2026-03-31
CCI4500,CCI4500infer,2026-03,2026-01-24,22,6.4448,100.0,22,47.0588,17,516.0,2026-03-02,2026-03-31
CCI4500,CCI4500infer,2026-03,2026-01-25,22,6.4448,100.0,22,47.0588,17,516.0,2026-03-02,2026-03-31
CCI4500,CCI4500infer,2026-03,2026-01-26,22,6.4448,100.0,22,47.0588,17,516.0,2026-03-02,2026-03-31
CCI4500,CCI4500infer,2026-03,2026-01-27,22,8.3227,100.0,22,50.0,16,518.0,2026-03-02,2026-03-31
CCI4500,CCI4500infer,2026-03,2026-01-28,22,11.1825,100.0,22,46.6667,15,521.0,2026-03-02,2026-03-31
CCI4500,CCI4500infer,2026-03,2026-01-29,22,9.5869,100.0,22,50.0,16,522.0,2026-03-02,2026-03-31
CCI4500,CCI4500infer,2026-03,2026-01-30,22,2.2106,100.0,22,54.5455,11,524.0,2026-03-02,2026-03-31
CCI4500,CCI4500infer,2026-03,2026-02-04,22,2.4656,100.0,22,45.4545,11,525.0,2026-03-02,2026-03-31
CCI4500,CCI4500infer,2026-03,2026-02-05,22,3.7972,100.0,22,33.3333,15,526.0,2026-03-02,2026-03-31
CCI4500,CCI4500infer,2026-03,2026-02-06,22,4.1685,100.0,22,28.5714,14,527.0,2026-03-02,2026-03-31
CCI4500,CCI4500infer,2026-03,2026-02-07,22,13.558,100.0,22,46.6667,15,530.0,2026-03-02,2026-03-31
CCI4500,CCI4500infer,2026-03,2026-02-08,22,13.558,100.0,22,46.6667,15,530.0,2026-03-02,2026-03-31
CCI4500,CCI4500infer,2026-03,2026-02-09,22,13.558,100.0,22,46.6667,15,530.0,2026-03-02,2026-03-31
CCI4500,CCI4500infer,2026-03,2026-02-10,22,13.041,100.0,22,41.1765,17,532.0,2026-03-02,2026-03-31
CCI4500,CCI4500infer,2026-03,2026-02-11,22,11.7359,100.0,22,43.75,16,535.0,2026-03-02,2026-03-31
CCI4500,CCI4500infer,2026-03,2026-02-12,22,11.5756,100.0,22,50.0,16,539.0,2026-03-02,2026-03-31
CCI4500,CCI4500infer,2026-03,2026-02-13,22,10.7027,100.0,22,41.1765,17,544.0,2026-03-02,2026-03-31
CCI4500,CCI4500infer,2026-03,2026-02-14,22,10.3362,100.0,22,35.2941,17,550.0,2026-03-02,2026-03-31
CCI4500,CCI4500infer,2026-03,2026-02-15,22,9.6602,100.0,22,37.5,16,555.0,2026-03-02,2026-03-31
CCI4500,CCI4500infer,2026-03,2026-02-16,22,9.6602,100.0,22,37.5,16,555.0,2026-03-02,2026-03-31
CCI4500,CCI4500infer,2026-03,2026-02-17,22,9.6602,100.0,22,37.5,16,555.0,2026-03-02,2026-03-31
CCI4500,CCI4500infer,2026-03,2026-02-18,22,9.6602,100.0,22,37.5,16,555.0,2026-03-02,2026-03-31
CCI4500,CCI4500infer,2026-03,2026-02-19,22,9.6602,100.0,22,37.5,16,555.0,2026-03-02,2026-03-31
CCI4500,CCI4500infer,2026-03,2026-02-20,22,9.6602,100.0,22,37.5,16,555.0,2026-03-02,2026-03-31
CCI4500,CCI4500infer,2026-03,2026-02-21,22,9.6602,100.0,22,37.5,16,555.0,2026-03-02,2026-03-31
CCI4500,CCI4500infer,2026-03,2026-02-22,22,9.6602,100.0,22,37.5,16,555.0,2026-03-02,2026-03-31
CCI4500,CCI4500infer,2026-03,2026-02-23,22,9.6602,100.0,22,37.5,16,555.0,2026-03-02,2026-03-31
CCI4500,CCI4500infer,2026-03,2026-02-24,22,9.6602,100.0,22,37.5,16,555.0,2026-03-02,2026-03-31
CCI4500,CCI4500infer,2026-03,2026-02-25,22,6.8204,86.3636,22,30.7692,13,560.0,2026-03-02,2026-03-31
CCI4500,CCI4500infer,2026-03,2026-02-26,22,5.0945,72.7273,22,37.5,16,566.0,2026-03-02,2026-03-31
CCI4500,CCI4500infer,2026-03,2026-02-27,22,3.7699,59.0909,22,50.0,16,572.0,2026-03-02,2026-03-31
CCI4500,CCI4500infer,2026-03,2026-02-28,22,2.7712,45.4545,22,63.6364,11,578.0,2026-03-02,2026-03-31
CCI4500,CCI4500infer,2026-04,2026-02-15,21,10.4909,100.0,21,63.6364,11,555.0,2026-04-01,2026-04-30
CCI4500,CCI4500infer,2026-04,2026-02-16,21,10.4909,100.0,21,63.6364,11,555.0,2026-04-01,2026-04-30
CCI4500,CCI4500infer,2026-04,2026-02-17,21,10.4909,100.0,21,63.6364,11,555.0,2026-04-01,2026-04-30
CCI4500,CCI4500infer,2026-04,2026-02-18,21,10.4909,100.0,21,63.6364,11,555.0,2026-04-01,2026-04-30
CCI4500,CCI4500infer,2026-04,2026-02-19,21,10.4909,100.0,21,63.6364,11,555.0,2026-04-01,2026-04-30
CCI4500,CCI4500infer,2026-04,2026-02-20,21,10.4909,100.0,21,63.6364,11,555.0,2026-04-01,2026-04-30
CCI4500,CCI4500infer,2026-04,2026-02-21,21,10.4909,100.0,21,63.6364,11,555.0,2026-04-01,2026-04-30
CCI4500,CCI4500infer,2026-04,2026-02-22,21,10.4909,100.0,21,63.6364,11,555.0,2026-04-01,2026-04-30
CCI4500,CCI4500infer,2026-04,2026-02-23,21,10.4909,100.0,21,63.6364,11,555.0,2026-04-01,2026-04-30
CCI4500,CCI4500infer,2026-04,2026-02-24,21,10.4909,100.0,21,63.6364,11,555.0,2026-04-01,2026-04-30
CCI4500,CCI4500infer,2026-04,2026-02-25,21,6.4633,100.0,21,30.0,10,560.0,2026-04-01,2026-04-30
CCI4500,CCI4500infer,2026-04,2026-02-26,21,4.3521,100.0,21,40.0,10,566.0,2026-04-01,2026-04-30
CCI4500,CCI4500infer,2026-04,2026-02-27,21,2.7368,100.0,21,54.5455,11,572.0,2026-04-01,2026-04-30
CCI4500,CCI4500infer,2026-04,2026-02-28,21,1.4896,100.0,21,63.6364,11,578.0,2026-04-01,2026-04-30
CCI4500,CCI4500infer,2026-04,2026-03-01,21,2.6325,100.0,21,58.3333,12,581.0,2026-04-01,2026-04-30
CCI4500,CCI4500infer,2026-04,2026-03-02,21,4.4634,100.0,21,50.0,10,581.0,2026-04-01,2026-04-30
CCI4500,CCI4500infer,2026-04,2026-03-03,21,4.3998,100.0,21,63.6364,11,581.0,2026-04-01,2026-04-30
CCI4500,CCI4500infer,2026-04,2026-03-04,21,6.3968,100.0,21,62.5,8,581.0,2026-04-01,2026-04-30
CCI4500,CCI4500infer,2026-04,2026-03-05,21,4.2934,100.0,21,75.0,12,581.0,2026-04-01,2026-04-30
CCI4500,CCI4500infer,2026-04,2026-03-06,21,1.9068,100.0,21,80.0,10,579.0,2026-04-01,2026-04-30
CCI4500,CCI4500infer,2026-04,2026-03-09,21,2.3993,100.0,21,54.5455,11,577.0,2026-04-01,2026-04-30
CCI4500,CCI4500infer,2026-04,2026-03-10,21,1.6007,100.0,21,37.5,8,575.0,2026-04-01,2026-04-30
CCI4500,CCI4500infer,2026-04,2026-03-11,21,4.7858,26.6667,15,33.3333,9,571.0,2026-04-01,2026-04-30
CCI4500,CCI4500infer,2026-04,2026-03-12,21,5.9884,0.0,18,33.3333,9,568.0,2026-04-01,2026-04-30
CCI4500,CCI4500infer,2026-04,2026-03-13,21,6.0444,38.8889,18,44.4444,9,564.0,2026-04-01,2026-04-30
CCI4500,CCI4500infer,2026-04,2026-03-16,21,1.9066,100.0,21,50.0,10,561.0,2026-04-01,2026-04-30
CCI4500,CCI4500infer,2026-04,2026-03-17,21,4.6594,100.0,21,72.7273,11,558.0,2026-04-01,2026-04-30
CCI4500,CCI4500infer,2026-04,2026-03-18,21,7.9988,100.0,21,61.5385,13,558.0,2026-04-01,2026-04-30
CCI4500,CCI4500infer,2026-04,2026-03-19,21,9.811,100.0,21,81.8182,11,559.0,2026-04-01,2026-04-30
CCI4500,CCI4500infer,2026-04,2026-03-20,21,9.5378,100.0,21,83.3333,12,562.0,2026-04-01,2026-04-30
CCI4500,CCI4500infer,2026-04,2026-03-23,21,9.1648,100.0,21,81.8182,11,567.0,2026-04-01,2026-04-30
CCI4500,CCI4500infer,2026-04,2026-03-24,21,7.5375,100.0,21,83.3333,12,573.0,2026-04-01,2026-04-30
CCI4500,CCI4500infer,2026-04,2026-03-25,21,8.2086,100.0,21,100.0,9,580.0,2026-04-01,2026-04-30
CCI4500,CCI4500infer,2026-04,2026-03-26,21,9.5221,100.0,21,91.6667,12,587.0,2026-04-01,2026-04-30
CCI4500,CCI4500infer,2026-04,2026-03-27,21,8.9103,57.1429,21,91.6667,12,593.0,2026-04-01,2026-04-30
CCI4500,CCI4500infer,2026-04,2026-03-30,21,1.307,78.9474,19,50.0,10,595.0,2026-04-01,2026-04-30
CCI4500,CCI4500infer,2026-04,2026-03-31,21,0.9722,100.0,19,60.0,10,595.0,2026-04-01,2026-04-30
CCI4500,CCI4500infer,2026-05,2026-03-17,19,2.1221,100.0,19,66.6667,6,558.0,2026-05-06,2026-05-29
CCI4500,CCI4500infer,2026-05,2026-03-18,19,2.1197,100.0,19,57.1429,7,558.0,2026-05-06,2026-05-29
CCI4500,CCI4500infer,2026-05,2026-03-19,19,7.3918,100.0,19,66.6667,9,559.0,2026-05-06,2026-05-29
CCI4500,CCI4500infer,2026-05,2026-03-20,19,7.3606,100.0,19,62.5,8,562.0,2026-05-06,2026-05-29
CCI4500,CCI4500infer,2026-05,2026-03-23,19,7.8837,100.0,19,37.5,8,567.0,2026-05-06,2026-05-29
CCI4500,CCI4500infer,2026-05,2026-03-24,19,7.3391,100.0,19,57.1429,7,573.0,2026-05-06,2026-05-29
CCI4500,CCI4500infer,2026-05,2026-03-25,19,8.4593,100.0,19,57.1429,7,580.0,2026-05-06,2026-05-29
CCI4500,CCI4500infer,2026-05,2026-03-26,19,10.5238,100.0,19,66.6667,9,587.0,2026-05-06,2026-05-29
CCI4500,CCI4500infer,2026-05,2026-03-27,19,10.467,100.0,19,66.6667,9,593.0,2026-05-06,2026-05-29
CCI4500,CCI4500infer,2026-05,2026-03-30,19,6.982,100.0,19,50.0,6,595.0,2026-05-06,2026-05-29
CCI4500,CCI4500infer,2026-05,2026-03-31,19,7.3062,100.0,19,44.4444,9,595.0,2026-05-06,2026-05-29
CCI4500,CCI4500infer,2026-05,2026-04-01,19,7.9374,100.0,18,55.5556,9,593.0,2026-05-06,2026-05-29
CCI4500,CCI4500infer,2026-05,2026-04-02,19,2.1177,100.0,19,100.0,6,591.0,2026-05-06,2026-05-29
CCI4500,CCI4500infer,2026-05,2026-04-03,19,1.8903,100.0,19,100.0,9,589.0,2026-05-06,2026-05-29
CCI4500,CCI4500infer,2026-05,2026-04-07,19,2.9951,100.0,19,71.4286,7,589.0,2026-05-06,2026-05-29
CCI4500,CCI4500infer,2026-05,2026-04-08,19,3.5518,100.0,19,71.4286,7,589.0,2026-05-06,2026-05-29
CCI4500,CCI4500infer,2026-05,2026-04-09,19,3.6893,100.0,19,42.8571,7,589.0,2026-05-06,2026-05-29
CCI4500,CCI4500infer,2026-05,2026-04-10,19,3.181,100.0,19,80.0,5,589.0,2026-05-06,2026-05-29
CCI4500,CCI4500infer,2026-05,2026-04-13,19,3.2701,100.0,19,83.3333,6,590.0,2026-05-06,2026-05-29
CCI4500,CCI4500infer,2026-05,2026-04-14,19,3.3832,100.0,19,71.4286,7,591.0,2026-05-06,2026-05-29
CCI4500,CCI4500infer,2026-05,2026-04-15,19,1.9705,100.0,19,77.7778,9,592.0,2026-05-06,2026-05-29
CCI4500,CCI4500infer,2026-05,2026-04-16,19,0.8333,100.0,19,87.5,8,594.0,2026-05-06,2026-05-29
CCI4500,CCI4500infer,2026-05,2026-04-17,19,2.6967,100.0,19,88.8889,9,595.0,2026-05-06,2026-05-29
CCI4500,CCI4500infer,2026-05,2026-04-20,19,3.3198,100.0,19,62.5,8,596.0,2026-05-06,2026-05-29
CCI4500,CCI4500infer,2026-05,2026-04-21,19,3.0406,100.0,19,55.5556,9,596.0,2026-05-06,2026-05-29
CCI4500,CCI4500infer,2026-05,2026-04-22,19,4.3861,100.0,19,75.0,8,596.0,2026-05-06,2026-05-29
CCI4500,CCI4500infer,2026-05,2026-04-23,19,3.9137,100.0,19,66.6667,9,596.0,2026-05-06,2026-05-29
CCI4500,CCI4500infer,2026-05,2026-04-24,19,2.1344,100.0,19,87.5,8,598.0,2026-05-06,2026-05-29
CCI4500,CCI4500infer,2026-05,2026-04-27,19,2.954,100.0,19,62.5,8,603.0,2026-05-06,2026-05-29
CCI4500,CCI4500infer,2026-05,2026-04-28,19,3.9137,83.3333,18,66.6667,9,608.0,2026-05-06,2026-05-29
CCI4500,CCI4500infer,2026-05,2026-04-29,19,3.3843,100.0,19,83.3333,6,614.0,2026-05-06,2026-05-29
CCI4500,CCI4500infer,2026-05,2026-04-30,19,3.4763,100.0,19,0.0,4,622.0,2026-05-06,2026-05-29
CCI4500,CCI4500infer,2026-06,2026-04-17,21,4.4378,100.0,21,40.0,5,595.0,2026-06-01,2026-06-30
CCI4500,CCI4500infer,2026-06,2026-04-20,21,5.0837,100.0,21,50.0,6,596.0,2026-06-01,2026-06-30
CCI4500,CCI4500infer,2026-06,2026-04-21,21,4.6425,100.0,21,28.5714,7,596.0,2026-06-01,2026-06-30
CCI4500,CCI4500infer,2026-06,2026-04-22,21,5.3442,100.0,21,37.5,8,596.0,2026-06-01,2026-06-30
CCI4500,CCI4500infer,2026-06,2026-04-23,21,4.3936,100.0,21,37.5,8,596.0,2026-06-01,2026-06-30
CCI4500,CCI4500infer,2026-06,2026-04-24,21,2.2895,100.0,21,40.0,5,598.0,2026-06-01,2026-06-30
CCI4500,CCI4500infer,2026-06,2026-04-27,21,3.6504,100.0,21,40.0,5,603.0,2026-06-01,2026-06-30
CCI4500,CCI4500infer,2026-06,2026-04-28,21,4.3936,100.0,21,37.5,8,608.0,2026-06-01,2026-06-30
CCI4500,CCI4500infer,2026-06,2026-04-29,21,5.097,100.0,21,42.8571,7,614.0,2026-06-01,2026-06-30
CCI4500,CCI4500infer,2026-06,2026-04-30,21,6.2131,100.0,21,25.0,4,622.0,2026-06-01,2026-06-30
CCI4500,CCI4500infer,2026-06,2026-05-06,21,9.2547,0.0,21,60.0,5,630.0,2026-06-01,2026-06-30
CCI4500,CCI4500infer,2026-06,2026-05-07,21,8.4314,0.0,21,57.1429,7,638.0,2026-06-01,2026-06-30
CCI4500,CCI4500infer,2026-06,2026-05-08,21,7.7429,0.0,21,71.4286,7,644.0,2026-06-01,2026-06-30
CCI4500,CCI4500infer,2026-06,2026-05-09,21,7.0696,0.0,21,83.3333,6,648.0,2026-06-01,2026-06-30
CCI4500,CCI4500infer,2026-06,2026-05-11,21,6.4642,4.7619,21,66.6667,6,651.0,2026-06-01,2026-06-30
CCI4500,CCI4500infer,2026-06,2026-05-12,21,1.1174,95.2381,21,85.7143,7,651.0,2026-06-01,2026-06-30
CCI4500,CCI4500infer,2026-06,2026-05-13,21,2.8808,70.0,20,33.3333,6,651.0,2026-06-01,2026-06-30
CCI4500,CCI4500infer,2026-06,2026-05-14,21,4.209,4.7619,21,40.0,5,651.0,2026-06-01,2026-06-30
CCI4500,CCI4500infer,2026-06,2026-05-27,21,5.8822,9.5238,21,87.5,8,657.0,2026-06-01,2026-06-30
CCI4500,CCI4500infer,2026-06,2026-05-28,21,3.2336,85.7143,21,37.5,8,661.0,2026-06-01,2026-06-30
CCI4500,CCI4500infer,2026-06,2026-05-29,21,4.7203,80.9524,21,25.0,8,665.0,2026-06-01,2026-06-30
CCI4500,CCI4500infer,2026-07,2026-05-27,19,1.3295,100.0,19,60.0,10,657.0,2026-07-01,2026-07-27
CCI4500,CCI4500infer,2026-07,2026-05-28,19,4.5943,63.1579,19,50.0,10,661.0,2026-07-01,2026-07-27
CCI4500,CCI4500infer,2026-07,2026-05-29,19,7.1956,47.3684,19,45.4545,11,665.0,2026-07-01,2026-07-27
CCI4500,CCI4500infer,2026-07,2026-06-01,19,8.4423,42.1053,19,45.4545,11,669.0,2026-07-01,2026-07-27
CCI4500,CCI4500infer,2026-07,2026-06-02,19,9.477,36.8421,19,45.4545,11,673.0,2026-07-01,2026-07-27
CCI4500,CCI4500infer,2026-07,2026-06-03,19,9.9848,31.5789,19,36.3636,11,675.0,2026-07-01,2026-07-27
CCI4500,CCI4500infer,2026-07,2026-06-04,19,9.0231,33.3333,18,27.2727,11,675.0,2026-07-01,2026-07-27
CCI4500,CCI4500infer,2026-07,2026-06-05,19,7.5567,38.8889,18,18.1818,11,675.0,2026-07-01,2026-07-27
CCI4500,CCI4500infer,2026-07,2026-06-08,19,6.1929,61.1111,18,12.5,8,675.0,2026-07-01,2026-07-27
CCI4500,CCI4500infer,2026-07,2026-06-09,19,3.4777,100.0,19,87.5,8,675.0,2026-07-01,2026-07-27
CCI4500,CCI4500infer,2026-07,2026-06-10,19,4.0147,100.0,19,62.5,8,675.0,2026-07-01,2026-07-27
CCI4500,CCI4500infer,2026-07,2026-06-11,19,4.3922,100.0,19,40.0,5,675.0,2026-07-01,2026-07-27
CCI4500,CCI4500infer,2026-07,2026-06-12,19,4.5279,100.0,19,33.3333,6,675.0,2026-07-01,2026-07-27
CCI4500,CCI4500infer,2026-07,2026-06-15,19,4.813,100.0,19,28.5714,7,675.0,2026-07-01,2026-07-27
CCI4500,CCI4500infer,2026-07,2026-06-16,19,5.3543,100.0,19,33.3333,9,675.0,2026-07-01,2026-07-27
CCI4500,CCI4500infer,2026-07,2026-06-17,19,6.143,100.0,19,25.0,4,675.0,2026-07-01,2026-07-27
CCI4500,CCI4500infer,2026-07,2026-06-18,19,6.3249,100.0,19,66.6667,3,675.0,2026-07-01,2026-07-27
CCI4500,CCI4500infer,2026-07,2026-06-22,19,5.5159,100.0,19,66.6667,6,675.0,2026-07-01,2026-07-27
CCI4500,CCI4500infer,2026-07,2026-06-23,19,4.3242,100.0,19,50.0,8,674.0,2026-07-01,2026-07-27
CCI4500,CCI4500infer,2026-07,2026-06-24,19,3.6042,100.0,19,45.4545,11,671.0,2026-07-01,2026-07-27
CCI4500,CCI4500infer,2026-07,2026-06-25,19,4.4354,100.0,19,45.4545,11,668.0,2026-07-01,2026-07-27
CCI4500,CCI4500infer,2026-07,2026-06-26,19,4.5489,100.0,19,45.4545,11,664.0,2026-07-01,2026-07-27
CCI4500,CCI4500infer,2026-07,2026-06-29,19,4.4305,100.0,19,45.4545,11,659.0,2026-07-01,2026-07-27
CCI4500,CCI4500infer,2026-07,2026-06-30,19,4.3568,100.0,19,45.4545,11,654.0,2026-07-01,2026-07-27
CCI5000,CCI5000infer,2025-11,2025-10-21,20,14.2929,0.0,20,41.6667,12,662.0,2025-11-03,2025-11-28
CCI5000,CCI5000infer,2025-11,2025-10-22,20,13.7732,0.0,20,33.3333,12,669.0,2025-11-03,2025-11-28
CCI5000,CCI5000infer,2025-11,2025-10-23,20,13.3554,0.0,20,33.3333,12,675.0,2025-11-03,2025-11-28
CCI5000,CCI5000infer,2025-11,2025-10-24,20,12.7956,0.0,20,41.6667,12,678.0,2025-11-03,2025-11-28
CCI5000,CCI5000infer,2025-11,2025-10-25,20,5.8156,60.0,20,41.6667,12,678.0,2025-11-03,2025-11-28
CCI5000,CCI5000infer,2025-11,2025-10-26,20,5.8156,60.0,20,41.6667,12,678.0,2025-11-03,2025-11-28
CCI5000,CCI5000infer,2025-11,2025-10-27,20,5.8156,60.0,20,41.6667,12,678.0,2025-11-03,2025-11-28
CCI5000,CCI5000infer,2025-11,2025-10-28,20,5.9357,60.0,20,50.0,12,678.0,2025-11-03,2025-11-28
CCI5000,CCI5000infer,2025-11,2025-10-29,20,5.8251,70.0,20,41.6667,12,678.0,2025-11-03,2025-11-28
CCI5000,CCI5000infer,2025-11,2025-10-30,20,5.8103,70.0,20,41.6667,12,678.0,2025-11-03,2025-11-28
CCI5000,CCI5000infer,2025-11,2025-10-31,20,5.2374,85.0,20,66.6667,12,678.0,2025-11-03,2025-11-28
CCI5000,CCI5000infer,2025-12,2025-10-21,23,6.7454,60.8696,23,38.0952,21,662.0,2025-12-01,2025-12-31
CCI5000,CCI5000infer,2025-12,2025-10-22,23,6.8079,65.2174,23,42.8571,21,669.0,2025-12-01,2025-12-31
CCI5000,CCI5000infer,2025-12,2025-10-23,23,6.8403,69.5652,23,38.0952,21,675.0,2025-12-01,2025-12-31
CCI5000,CCI5000infer,2025-12,2025-10-24,23,6.7771,69.5652,23,47.619,21,678.0,2025-12-01,2025-12-31
CCI5000,CCI5000infer,2025-12,2025-10-25,23,6.6938,73.913,23,57.1429,21,678.0,2025-12-01,2025-12-31
CCI5000,CCI5000infer,2025-12,2025-10-26,23,6.6938,73.913,23,57.1429,21,678.0,2025-12-01,2025-12-31
CCI5000,CCI5000infer,2025-12,2025-10-27,23,6.6938,73.913,23,57.1429,21,678.0,2025-12-01,2025-12-31
CCI5000,CCI5000infer,2025-12,2025-10-28,23,6.374,69.5652,23,47.619,21,678.0,2025-12-01,2025-12-31
CCI5000,CCI5000infer,2025-12,2025-10-29,23,6.0023,73.913,23,52.381,21,678.0,2025-12-01,2025-12-31
CCI5000,CCI5000infer,2025-12,2025-10-30,23,5.9215,78.2609,23,57.1429,21,678.0,2025-12-01,2025-12-31
CCI5000,CCI5000infer,2025-12,2025-10-31,23,6.6318,86.9565,23,47.619,21,678.0,2025-12-01,2025-12-31
CCI5000,CCI5000infer,2025-12,2025-11-01,23,7.834,47.8261,23,52.381,21,678.0,2025-12-01,2025-12-31
CCI5000,CCI5000infer,2025-12,2025-11-02,23,7.834,47.8261,23,52.381,21,678.0,2025-12-01,2025-12-31
CCI5000,CCI5000infer,2025-12,2025-11-03,23,7.834,47.8261,23,52.381,21,678.0,2025-12-01,2025-12-31
CCI5000,CCI5000infer,2025-12,2025-11-04,23,29.5902,26.087,23,57.1429,21,683.0,2025-12-01,2025-12-31
CCI5000,CCI5000infer,2025-12,2025-11-05,23,8.5324,80.9524,21,52.381,21,691.0,2025-12-01,2025-12-31
CCI5000,CCI5000infer,2025-12,2025-11-06,23,7.5768,82.6087,23,77.7778,18,700.0,2025-12-01,2025-12-31
CCI5000,CCI5000infer,2025-12,2025-11-07,23,24.8576,8.6957,23,44.4444,18,709.0,2025-12-01,2025-12-31
CCI5000,CCI5000infer,2025-12,2025-11-08,23,25.3896,0.0,23,50.0,18,718.0,2025-12-01,2025-12-31
CCI5000,CCI5000infer,2025-12,2025-11-11,23,25.105,0.0,23,55.0,20,726.0,2025-12-01,2025-12-31
CCI5000,CCI5000infer,2025-12,2025-11-12,23,24.748,0.0,23,65.0,20,733.0,2025-12-01,2025-12-31
CCI5000,CCI5000infer,2025-12,2025-11-13,23,25.4618,0.0,23,52.6316,19,735.0,2025-12-01,2025-12-31
CCI5000,CCI5000infer,2025-12,2025-11-14,23,23.9434,0.0,23,57.1429,21,735.0,2025-12-01,2025-12-31
CCI5000,CCI5000infer,2025-12,2025-11-15,23,24.2372,0.0,23,42.1053,19,735.0,2025-12-01,2025-12-31
CCI5000,CCI5000infer,2025-12,2025-11-16,23,24.2372,0.0,23,42.1053,19,735.0,2025-12-01,2025-12-31
CCI5000,CCI5000infer,2025-12,2025-11-17,23,24.2372,0.0,23,42.1053,19,735.0,2025-12-01,2025-12-31
CCI5000,CCI5000infer,2025-12,2025-11-18,23,22.5313,0.0,23,25.0,20,735.0,2025-12-01,2025-12-31
CCI5000,CCI5000infer,2025-12,2025-11-19,23,24.5622,0.0,23,19.0476,21,735.0,2025-12-01,2025-12-31
CCI5000,CCI5000infer,2025-12,2025-11-20,23,23.4113,0.0,23,17.6471,17,735.0,2025-12-01,2025-12-31
CCI5000,CCI5000infer,2025-12,2025-11-21,23,18.8912,0.0,23,26.3158,19,735.0,2025-12-01,2025-12-31
CCI5000,CCI5000infer,2025-12,2025-11-22,23,18.1069,0.0,23,22.2222,18,735.0,2025-12-01,2025-12-31
CCI5000,CCI5000infer,2025-12,2025-11-23,23,18.1069,0.0,23,22.2222,18,735.0,2025-12-01,2025-12-31
CCI5000,CCI5000infer,2025-12,2025-11-24,23,18.1069,0.0,23,22.2222,18,735.0,2025-12-01,2025-12-31
CCI5000,CCI5000infer,2025-12,2025-11-25,23,19.2873,0.0,23,22.2222,18,733.0,2025-12-01,2025-12-31
CCI5000,CCI5000infer,2025-12,2025-11-26,23,20.2431,0.0,23,11.1111,18,730.0,2025-12-01,2025-12-31
CCI5000,CCI5000infer,2025-12,2025-11-27,23,19.9293,0.0,23,16.6667,18,727.0,2025-12-01,2025-12-31
CCI5000,CCI5000infer,2025-12,2025-11-28,23,18.1035,4.3478,23,26.3158,19,725.0,2025-12-01,2025-12-31
CCI5000,CCI5000infer,2025-12,2025-11-29,23,17.5309,8.6957,23,21.0526,19,722.0,2025-12-01,2025-12-31
CCI5000,CCI5000infer,2025-12,2025-11-30,23,17.5309,8.6957,23,21.0526,19,722.0,2025-12-01,2025-12-31
CCI5000,CCI5000infer,2026-01,2025-11-17,20,28.5867,0.0,20,53.3333,15,735.0,2026-01-05,2026-01-30
CCI5000,CCI5000infer,2026-01,2025-11-18,20,27.1626,0.0,20,58.3333,12,735.0,2026-01-05,2026-01-30
CCI5000,CCI5000infer,2026-01,2025-11-19,20,29.6913,0.0,20,91.6667,12,735.0,2026-01-05,2026-01-30
CCI5000,CCI5000infer,2026-01,2025-11-20,20,28.5864,0.0,20,70.0,10,735.0,2026-01-05,2026-01-30
CCI5000,CCI5000infer,2026-01,2025-11-21,20,23.4546,0.0,20,58.3333,12,735.0,2026-01-05,2026-01-30
CCI5000,CCI5000infer,2026-01,2025-11-22,20,22.5017,0.0,20,46.6667,15,735.0,2026-01-05,2026-01-30
CCI5000,CCI5000infer,2026-01,2025-11-23,20,22.5017,0.0,20,46.6667,15,735.0,2026-01-05,2026-01-30
CCI5000,CCI5000infer,2026-01,2025-11-24,20,22.5017,0.0,20,46.6667,15,735.0,2026-01-05,2026-01-30
CCI5000,CCI5000infer,2026-01,2025-11-25,20,24.1361,0.0,20,42.8571,14,733.0,2026-01-05,2026-01-30
CCI5000,CCI5000infer,2026-01,2025-11-26,20,25.7528,0.0,20,55.5556,9,730.0,2026-01-05,2026-01-30
CCI5000,CCI5000infer,2026-01,2025-11-27,20,25.9152,0.0,20,62.5,8,727.0,2026-01-05,2026-01-30
CCI5000,CCI5000infer,2026-01,2025-11-28,20,24.019,0.0,20,50.0,12,725.0,2026-01-05,2026-01-30
CCI5000,CCI5000infer,2026-01,2025-11-29,20,24.0754,0.0,20,66.6667,12,722.0,2026-01-05,2026-01-30
CCI5000,CCI5000infer,2026-01,2025-11-30,20,24.0754,0.0,20,66.6667,12,722.0,2026-01-05,2026-01-30
CCI5000,CCI5000infer,2026-01,2025-12-01,20,24.0754,0.0,20,66.6667,12,722.0,2026-01-05,2026-01-30
CCI5000,CCI5000infer,2026-01,2025-12-02,20,10.1862,100.0,20,70.0,10,717.0,2026-01-05,2026-01-30
CCI5000,CCI5000infer,2026-01,2025-12-03,20,11.4057,100.0,20,50.0,12,712.0,2026-01-05,2026-01-30
CCI5000,CCI5000infer,2026-01,2025-12-04,20,11.748,100.0,20,72.7273,11,707.0,2026-01-05,2026-01-30
CCI5000,CCI5000infer,2026-01,2025-12-05,20,11.5445,100.0,20,50.0,10,701.0,2026-01-05,2026-01-30
CCI5000,CCI5000infer,2026-01,2025-12-06,20,11.5523,100.0,20,63.6364,11,695.0,2026-01-05,2026-01-30
CCI5000,CCI5000infer,2026-01,2025-12-07,20,11.5523,100.0,20,63.6364,11,695.0,2026-01-05,2026-01-30
CCI5000,CCI5000infer,2026-01,2025-12-08,20,11.5523,100.0,20,63.6364,11,695.0,2026-01-05,2026-01-30
CCI5000,CCI5000infer,2026-01,2025-12-09,20,11.4629,100.0,20,66.6667,9,688.0,2026-01-05,2026-01-30
CCI5000,CCI5000infer,2026-01,2025-12-10,20,10.2775,100.0,20,33.3333,6,680.0,2026-01-05,2026-01-30
CCI5000,CCI5000infer,2026-01,2025-12-11,20,9.1822,100.0,20,40.0,5,672.0,2026-01-05,2026-01-30
CCI5000,CCI5000infer,2026-01,2025-12-12,20,9.0511,0.0,20,62.5,8,664.0,2026-01-05,2026-01-30
CCI5000,CCI5000infer,2026-01,2025-12-13,20,8.2904,0.0,20,57.1429,7,656.0,2026-01-05,2026-01-30
CCI5000,CCI5000infer,2026-01,2025-12-14,20,8.2904,0.0,20,57.1429,7,656.0,2026-01-05,2026-01-30
CCI5000,CCI5000infer,2026-01,2025-12-15,20,8.2904,0.0,20,57.1429,7,656.0,2026-01-05,2026-01-30
CCI5000,CCI5000infer,2026-01,2025-12-16,20,8.8542,0.0,20,70.0,10,647.0,2026-01-05,2026-01-30
CCI5000,CCI5000infer,2026-01,2025-12-17,20,7.4389,0.0,20,87.5,8,638.0,2026-01-05,2026-01-30
CCI5000,CCI5000infer,2026-01,2025-12-18,20,7.831,0.0,20,75.0,12,630.0,2026-01-05,2026-01-30
CCI5000,CCI5000infer,2026-01,2025-12-19,20,5.9268,0.0,20,77.7778,9,622.0,2026-01-05,2026-01-30
CCI5000,CCI5000infer,2026-01,2025-12-20,20,6.1956,33.3333,18,88.8889,9,614.0,2026-01-05,2026-01-30
CCI5000,CCI5000infer,2026-01,2025-12-21,20,6.1956,33.3333,18,88.8889,9,614.0,2026-01-05,2026-01-30
CCI5000,CCI5000infer,2026-01,2025-12-22,20,6.1956,33.3333,18,88.8889,9,614.0,2026-01-05,2026-01-30
CCI5000,CCI5000infer,2026-01,2025-12-23,20,3.9225,87.5,16,66.6667,15,607.0,2026-01-05,2026-01-30
CCI5000,CCI5000infer,2026-01,2025-12-24,20,5.1232,95.0,20,72.7273,11,600.0,2026-01-05,2026-01-30
CCI5000,CCI5000infer,2026-01,2025-12-25,20,5.727,100.0,20,53.8462,13,595.0,2026-01-05,2026-01-30
CCI5000,CCI5000infer,2026-01,2025-12-26,20,6.0916,100.0,20,58.3333,12,590.0,2026-01-05,2026-01-30
CCI5000,CCI5000infer,2026-01,2025-12-27,20,10.5341,100.0,20,42.8571,14,586.0,2026-01-05,2026-01-30
CCI5000,CCI5000infer,2026-01,2025-12-28,20,10.5341,100.0,20,42.8571,14,586.0,2026-01-05,2026-01-30
CCI5000,CCI5000infer,2026-01,2025-12-29,20,10.5341,100.0,20,42.8571,14,586.0,2026-01-05,2026-01-30
CCI5000,CCI5000infer,2026-01,2025-12-30,20,10.5807,100.0,20,46.1538,13,586.0,2026-01-05,2026-01-30
CCI5000,CCI5000infer,2026-01,2025-12-31,20,2.2393,80.0,20,73.3333,15,588.0,2026-01-05,2026-01-30
CCI5000,CCI5000infer,2026-02,2025-12-18,14,5.3393,42.8571,14,77.7778,9,630.0,2026-02-02,2026-02-27
CCI5000,CCI5000infer,2026-02,2025-12-19,14,3.7103,57.1429,14,88.8889,9,622.0,2026-02-02,2026-02-27
CCI5000,CCI5000infer,2026-02,2025-12-20,14,4.0728,100.0,11,75.0,8,614.0,2026-02-02,2026-02-27
CCI5000,CCI5000infer,2026-02,2025-12-21,14,4.0728,100.0,11,75.0,8,614.0,2026-02-02,2026-02-27
CCI5000,CCI5000infer,2026-02,2025-12-22,14,4.0728,100.0,11,75.0,8,614.0,2026-02-02,2026-02-27
CCI5000,CCI5000infer,2026-02,2025-12-23,14,2.4891,100.0,14,100.0,10,607.0,2026-02-02,2026-02-27
CCI5000,CCI5000infer,2026-02,2025-12-24,14,3.4672,100.0,14,100.0,9,600.0,2026-02-02,2026-02-27
CCI5000,CCI5000infer,2026-02,2025-12-25,14,4.4761,100.0,14,90.0,10,595.0,2026-02-02,2026-02-27
CCI5000,CCI5000infer,2026-02,2025-12-26,14,4.7457,100.0,14,87.5,8,590.0,2026-02-02,2026-02-27
CCI5000,CCI5000infer,2026-02,2025-12-27,14,9.2296,100.0,14,80.0,5,586.0,2026-02-02,2026-02-27
CCI5000,CCI5000infer,2026-02,2025-12-28,14,9.2296,100.0,14,80.0,5,586.0,2026-02-02,2026-02-27
CCI5000,CCI5000infer,2026-02,2025-12-29,14,9.2296,100.0,14,80.0,5,586.0,2026-02-02,2026-02-27
CCI5000,CCI5000infer,2026-02,2025-12-30,14,9.528,100.0,14,66.6667,9,586.0,2026-02-02,2026-02-27
CCI5000,CCI5000infer,2026-02,2025-12-31,14,1.2367,100.0,14,88.8889,9,588.0,2026-02-02,2026-02-27
CCI5000,CCI5000infer,2026-02,2026-01-01,14,1.8975,100.0,14,80.0,10,591.0,2026-02-02,2026-02-27
CCI5000,CCI5000infer,2026-02,2026-01-02,14,1.7157,100.0,14,77.7778,9,591.0,2026-02-02,2026-02-27
CCI5000,CCI5000infer,2026-02,2026-01-03,14,1.6617,100.0,14,88.8889,9,591.0,2026-02-02,2026-02-27
CCI5000,CCI5000infer,2026-02,2026-01-04,14,1.6617,100.0,14,88.8889,9,591.0,2026-02-02,2026-02-27
CCI5000,CCI5000infer,2026-02,2026-01-05,14,1.6331,100.0,14,100.0,8,595.0,2026-02-02,2026-02-27
CCI5000,CCI5000infer,2026-02,2026-01-06,14,1.5863,100.0,14,100.0,7,599.0,2026-02-02,2026-02-27
CCI5000,CCI5000infer,2026-02,2026-01-07,14,2.4421,100.0,14,87.5,8,603.0,2026-02-02,2026-02-27
CCI5000,CCI5000infer,2026-02,2026-01-08,14,2.3516,100.0,14,70.0,10,607.0,2026-02-02,2026-02-27
CCI5000,CCI5000infer,2026-02,2026-01-09,14,2.887,100.0,14,55.5556,9,611.0,2026-02-02,2026-02-27
CCI5000,CCI5000infer,2026-02,2026-01-10,14,5.2196,76.9231,13,50.0,8,615.0,2026-02-02,2026-02-27
CCI5000,CCI5000infer,2026-02,2026-01-11,14,5.2196,76.9231,13,50.0,8,615.0,2026-02-02,2026-02-27
CCI5000,CCI5000infer,2026-02,2026-01-12,14,5.2196,76.9231,13,50.0,8,615.0,2026-02-02,2026-02-27
CCI5000,CCI5000infer,2026-02,2026-01-14,14,8.1775,61.5385,13,77.7778,9,620.0,2026-02-02,2026-02-27
CCI5000,CCI5000infer,2026-02,2026-01-16,14,9.2062,61.5385,13,100.0,10,620.0,2026-02-02,2026-02-27
CCI5000,CCI5000infer,2026-02,2026-01-17,14,7.9892,69.2308,13,100.0,9,617.0,2026-02-02,2026-02-27
CCI5000,CCI5000infer,2026-02,2026-01-18,14,7.9892,69.2308,13,100.0,9,617.0,2026-02-02,2026-02-27
CCI5000,CCI5000infer,2026-02,2026-01-19,14,7.9892,69.2308,13,100.0,9,617.0,2026-02-02,2026-02-27
CCI5000,CCI5000infer,2026-02,2026-01-20,14,6.6326,100.0,11,100.0,8,614.0,2026-02-02,2026-02-27
CCI5000,CCI5000infer,2026-02,2026-01-21,14,6.3613,100.0,14,90.0,10,611.0,2026-02-02,2026-02-27
CCI5000,CCI5000infer,2026-02,2026-01-22,14,5.2131,100.0,14,90.9091,11,609.0,2026-02-02,2026-02-27
CCI5000,CCI5000infer,2026-02,2026-01-23,14,4.1599,100.0,14,90.0,10,607.0,2026-02-02,2026-02-27
CCI5000,CCI5000infer,2026-02,2026-01-24,14,4.6146,100.0,14,81.8182,11,607.0,2026-02-02,2026-02-27
CCI5000,CCI5000infer,2026-02,2026-01-25,14,4.6146,100.0,14,81.8182,11,607.0,2026-02-02,2026-02-27
CCI5000,CCI5000infer,2026-02,2026-01-26,14,4.6146,100.0,14,81.8182,11,607.0,2026-02-02,2026-02-27
CCI5000,CCI5000infer,2026-02,2026-01-27,14,4.4068,100.0,14,100.0,11,607.0,2026-02-02,2026-02-27
CCI5000,CCI5000infer,2026-02,2026-01-28,14,4.3604,100.0,14,100.0,11,609.0,2026-02-02,2026-02-27
CCI5000,CCI5000infer,2026-02,2026-01-29,16,2.9227,100.0,16,100.0,13,611.0,2026-02-02,2026-02-28
CCI5000,CCI5000infer,2026-02,2026-01-30,16,3.0,84.6154,13,63.6364,11,613.0,2026-02-02,2026-02-28
CCI5000,CCI5000infer,2026-03,2026-01-16,22,9.8856,100.0,22,23.0769,13,620.0,2026-03-02,2026-03-31
CCI5000,CCI5000infer,2026-03,2026-01-17,22,7.9396,100.0,22,33.3333,15,617.0,2026-03-02,2026-03-31
CCI5000,CCI5000infer,2026-03,2026-01-18,22,7.9396,100.0,22,33.3333,15,617.0,2026-03-02,2026-03-31
CCI5000,CCI5000infer,2026-03,2026-01-19,22,7.9396,100.0,22,33.3333,15,617.0,2026-03-02,2026-03-31
CCI5000,CCI5000infer,2026-03,2026-01-20,22,6.156,100.0,22,28.5714,14,614.0,2026-03-02,2026-03-31
CCI5000,CCI5000infer,2026-03,2026-01-21,22,5.9437,100.0,22,21.4286,14,611.0,2026-03-02,2026-03-31
CCI5000,CCI5000infer,2026-03,2026-01-22,22,8.0714,100.0,22,7.6923,13,609.0,2026-03-02,2026-03-31
CCI5000,CCI5000infer,2026-03,2026-01-23,22,8.7284,100.0,22,14.2857,14,607.0,2026-03-02,2026-03-31
CCI5000,CCI5000infer,2026-03,2026-01-24,22,9.9564,100.0,22,29.4118,17,607.0,2026-03-02,2026-03-31
CCI5000,CCI5000infer,2026-03,2026-01-25,22,9.9564,100.0,22,29.4118,17,607.0,2026-03-02,2026-03-31
CCI5000,CCI5000infer,2026-03,2026-01-26,22,9.9564,100.0,22,29.4118,17,607.0,2026-03-02,2026-03-31
CCI5000,CCI5000infer,2026-03,2026-01-27,22,11.5127,100.0,22,35.2941,17,607.0,2026-03-02,2026-03-31
CCI5000,CCI5000infer,2026-03,2026-01-28,22,13.5576,100.0,22,50.0,16,609.0,2026-03-02,2026-03-31
CCI5000,CCI5000infer,2026-03,2026-01-29,22,12.6576,100.0,22,26.6667,15,611.0,2026-03-02,2026-03-31
CCI5000,CCI5000infer,2026-03,2026-01-30,22,4.3566,100.0,22,20.0,10,613.0,2026-03-02,2026-03-31
CCI5000,CCI5000infer,2026-03,2026-02-04,22,4.7186,100.0,22,25.0,12,614.0,2026-03-02,2026-03-31
CCI5000,CCI5000infer,2026-03,2026-02-05,22,1.738,100.0,22,62.5,16,614.0,2026-03-02,2026-03-31
CCI5000,CCI5000infer,2026-03,2026-02-06,22,1.7418,100.0,22,53.8462,13,615.0,2026-03-02,2026-03-31
CCI5000,CCI5000infer,2026-03,2026-02-07,22,2.2644,100.0,22,33.3333,12,617.0,2026-03-02,2026-03-31
CCI5000,CCI5000infer,2026-03,2026-02-08,22,2.2644,100.0,22,33.3333,12,617.0,2026-03-02,2026-03-31
CCI5000,CCI5000infer,2026-03,2026-02-09,22,2.2644,100.0,22,33.3333,12,617.0,2026-03-02,2026-03-31
CCI5000,CCI5000infer,2026-03,2026-02-10,22,2.5802,100.0,22,35.7143,14,620.0,2026-03-02,2026-03-31
CCI5000,CCI5000infer,2026-03,2026-02-11,22,2.3921,100.0,22,21.4286,14,623.0,2026-03-02,2026-03-31
CCI5000,CCI5000infer,2026-03,2026-02-12,22,2.1689,100.0,22,0.0,5,627.0,2026-03-02,2026-03-31
CCI5000,CCI5000infer,2026-03,2026-02-13,22,1.8118,100.0,22,12.5,8,632.0,2026-03-02,2026-03-31
CCI5000,CCI5000infer,2026-03,2026-02-14,22,1.9327,100.0,22,28.5714,14,638.0,2026-03-02,2026-03-31
CCI5000,CCI5000infer,2026-03,2026-02-15,22,2.3102,100.0,22,26.6667,15,643.0,2026-03-02,2026-03-31
CCI5000,CCI5000infer,2026-03,2026-02-16,22,2.3102,100.0,22,26.6667,15,643.0,2026-03-02,2026-03-31
CCI5000,CCI5000infer,2026-03,2026-02-17,22,2.3102,100.0,22,26.6667,15,643.0,2026-03-02,2026-03-31
CCI5000,CCI5000infer,2026-03,2026-02-18,22,2.3102,100.0,22,26.6667,15,643.0,2026-03-02,2026-03-31
CCI5000,CCI5000infer,2026-03,2026-02-19,22,2.3102,100.0,22,26.6667,15,643.0,2026-03-02,2026-03-31
CCI5000,CCI5000infer,2026-03,2026-02-20,22,2.3102,100.0,22,26.6667,15,643.0,2026-03-02,2026-03-31
CCI5000,CCI5000infer,2026-03,2026-02-21,22,2.3102,100.0,22,26.6667,15,643.0,2026-03-02,2026-03-31
CCI5000,CCI5000infer,2026-03,2026-02-22,22,2.3102,100.0,22,26.6667,15,643.0,2026-03-02,2026-03-31
CCI5000,CCI5000infer,2026-03,2026-02-23,22,2.3102,100.0,22,26.6667,15,643.0,2026-03-02,2026-03-31
CCI5000,CCI5000infer,2026-03,2026-02-24,22,2.3102,100.0,22,26.6667,15,643.0,2026-03-02,2026-03-31
CCI5000,CCI5000infer,2026-03,2026-02-25,22,2.898,100.0,20,25.0,16,648.0,2026-03-02,2026-03-31
CCI5000,CCI5000infer,2026-03,2026-02-26,22,4.0419,76.1905,21,26.6667,15,654.0,2026-03-02,2026-03-31
CCI5000,CCI5000infer,2026-03,2026-02-27,22,4.7646,65.0,20,38.4615,13,660.0,2026-03-02,2026-03-31
CCI5000,CCI5000infer,2026-03,2026-02-28,22,2.3532,54.5455,22,61.5385,13,666.0,2026-03-02,2026-03-31
CCI5000,CCI5000infer,2026-04,2026-02-15,21,1.1375,100.0,21,87.5,8,643.0,2026-04-01,2026-04-30
CCI5000,CCI5000infer,2026-04,2026-02-16,21,1.1375,100.0,21,87.5,8,643.0,2026-04-01,2026-04-30
CCI5000,CCI5000infer,2026-04,2026-02-17,21,1.1375,100.0,21,87.5,8,643.0,2026-04-01,2026-04-30
CCI5000,CCI5000infer,2026-04,2026-02-18,21,1.1375,100.0,21,87.5,8,643.0,2026-04-01,2026-04-30
CCI5000,CCI5000infer,2026-04,2026-02-19,21,1.1375,100.0,21,87.5,8,643.0,2026-04-01,2026-04-30
CCI5000,CCI5000infer,2026-04,2026-02-20,21,1.1375,100.0,21,87.5,8,643.0,2026-04-01,2026-04-30
CCI5000,CCI5000infer,2026-04,2026-02-21,21,1.1375,100.0,21,87.5,8,643.0,2026-04-01,2026-04-30
CCI5000,CCI5000infer,2026-04,2026-02-22,21,1.1375,100.0,21,87.5,8,643.0,2026-04-01,2026-04-30
CCI5000,CCI5000infer,2026-04,2026-02-23,21,1.1375,100.0,21,87.5,8,643.0,2026-04-01,2026-04-30
CCI5000,CCI5000infer,2026-04,2026-02-24,21,1.1375,100.0,21,87.5,8,643.0,2026-04-01,2026-04-30
CCI5000,CCI5000infer,2026-04,2026-02-25,21,1.596,100.0,21,66.6667,9,648.0,2026-04-01,2026-04-30
CCI5000,CCI5000infer,2026-04,2026-02-26,21,2.7599,100.0,21,58.3333,12,654.0,2026-04-01,2026-04-30
CCI5000,CCI5000infer,2026-04,2026-02-27,21,2.7439,100.0,21,50.0,14,660.0,2026-04-01,2026-04-30
CCI5000,CCI5000infer,2026-04,2026-02-28,21,3.7029,15.0,20,60.0,15,666.0,2026-04-01,2026-04-30
CCI5000,CCI5000infer,2026-04,2026-03-01,21,4.6773,0.0,21,50.0,14,671.0,2026-04-01,2026-04-30
CCI5000,CCI5000infer,2026-04,2026-03-02,21,5.2183,0.0,21,61.5385,13,671.0,2026-04-01,2026-04-30
CCI5000,CCI5000infer,2026-04,2026-03-03,21,5.218,0.0,21,66.6667,12,673.0,2026-04-01,2026-04-30
CCI5000,CCI5000infer,2026-04,2026-03-04,21,4.4003,0.0,21,46.1538,13,673.0,2026-04-01,2026-04-30
CCI5000,CCI5000infer,2026-04,2026-03-05,21,5.5541,0.0,21,45.4545,11,673.0,2026-04-01,2026-04-30
CCI5000,CCI5000infer,2026-04,2026-03-06,21,4.2469,0.0,21,50.0,14,671.0,2026-04-01,2026-04-30
CCI5000,CCI5000infer,2026-04,2026-03-09,21,1.7663,100.0,21,72.7273,11,669.0,2026-04-01,2026-04-30
CCI5000,CCI5000infer,2026-04,2026-03-10,21,1.5497,100.0,21,72.7273,11,667.0,2026-04-01,2026-04-30
CCI5000,CCI5000infer,2026-04,2026-03-11,21,5.1614,100.0,21,60.0,15,664.0,2026-04-01,2026-04-30
CCI5000,CCI5000infer,2026-04,2026-03-12,21,1.625,100.0,21,22.2222,9,660.0,2026-04-01,2026-04-30
CCI5000,CCI5000infer,2026-04,2026-03-13,21,2.5897,100.0,21,38.4615,13,656.0,2026-04-01,2026-04-30
CCI5000,CCI5000infer,2026-04,2026-03-16,21,3.8281,100.0,21,43.75,16,653.0,2026-04-01,2026-04-30
CCI5000,CCI5000infer,2026-04,2026-03-17,21,2.822,100.0,21,46.6667,15,650.0,2026-04-01,2026-04-30
CCI5000,CCI5000infer,2026-04,2026-03-18,21,4.4685,100.0,21,50.0,16,648.0,2026-04-01,2026-04-30
CCI5000,CCI5000infer,2026-04,2026-03-19,21,1.2625,100.0,21,50.0,12,648.0,2026-04-01,2026-04-30
CCI5000,CCI5000infer,2026-04,2026-03-20,21,1.1626,100.0,21,53.8462,13,650.0,2026-04-01,2026-04-30
CCI5000,CCI5000infer,2026-04,2026-03-23,21,1.0434,100.0,21,57.1429,14,654.0,2026-04-01,2026-04-30
CCI5000,CCI5000infer,2026-04,2026-03-24,21,1.0939,100.0,20,73.3333,15,660.0,2026-04-01,2026-04-30
CCI5000,CCI5000infer,2026-04,2026-03-25,21,1.6019,100.0,21,84.6154,13,667.0,2026-04-01,2026-04-30
CCI5000,CCI5000infer,2026-04,2026-03-26,21,2.9837,100.0,21,80.0,15,674.0,2026-04-01,2026-04-30
CCI5000,CCI5000infer,2026-04,2026-03-27,21,3.2972,66.6667,21,84.6154,13,680.0,2026-04-01,2026-04-30
CCI5000,CCI5000infer,2026-04,2026-03-30,21,1.6722,60.0,20,62.5,8,683.0,2026-04-01,2026-04-30
CCI5000,CCI5000infer,2026-04,2026-03-31,21,1.0525,60.0,20,75.0,12,683.0,2026-04-01,2026-04-30
CCI5000,CCI5000infer,2026-05,2026-03-17,19,4.9267,100.0,19,37.5,8,650.0,2026-05-06,2026-05-29
CCI5000,CCI5000infer,2026-05,2026-03-18,19,2.2025,100.0,19,83.3333,6,648.0,2026-05-06,2026-05-29
CCI5000,CCI5000infer,2026-05,2026-03-19,19,6.3237,100.0,19,71.4286,7,648.0,2026-05-06,2026-05-29
CCI5000,CCI5000infer,2026-05,2026-03-20,19,7.5807,100.0,19,37.5,8,650.0,2026-05-06,2026-05-29
CCI5000,CCI5000infer,2026-05,2026-03-23,19,6.5768,100.0,19,28.5714,7,654.0,2026-05-06,2026-05-29
CCI5000,CCI5000infer,2026-05,2026-03-24,19,4.9346,100.0,19,62.5,8,660.0,2026-05-06,2026-05-29
CCI5000,CCI5000infer,2026-05,2026-03-25,19,2.4602,100.0,19,77.7778,9,667.0,2026-05-06,2026-05-29
CCI5000,CCI5000infer,2026-05,2026-03-26,19,0.6676,100.0,19,70.0,10,674.0,2026-05-06,2026-05-29
CCI5000,CCI5000infer,2026-05,2026-03-27,19,0.4639,100.0,19,80.0,10,680.0,2026-05-06,2026-05-29
CCI5000,CCI5000infer,2026-05,2026-03-30,19,6.6684,100.0,19,60.0,5,683.0,2026-05-06,2026-05-29
CCI5000,CCI5000infer,2026-05,2026-03-31,19,7.4061,100.0,19,60.0,10,683.0,2026-05-06,2026-05-29
CCI5000,CCI5000infer,2026-05,2026-04-01,19,6.5702,100.0,19,60.0,5,680.0,2026-05-06,2026-05-29
CCI5000,CCI5000infer,2026-05,2026-04-02,19,5.2286,100.0,19,75.0,8,678.0,2026-05-06,2026-05-29
CCI5000,CCI5000infer,2026-05,2026-04-03,19,5.7565,100.0,19,85.7143,7,676.0,2026-05-06,2026-05-29
CCI5000,CCI5000infer,2026-05,2026-04-07,19,6.4884,100.0,19,75.0,8,675.0,2026-05-06,2026-05-29
CCI5000,CCI5000infer,2026-05,2026-04-08,19,6.355,100.0,19,100.0,6,675.0,2026-05-06,2026-05-29
CCI5000,CCI5000infer,2026-05,2026-04-09,19,6.095,100.0,19,75.0,8,675.0,2026-05-06,2026-05-29
CCI5000,CCI5000infer,2026-05,2026-04-10,19,5.3563,100.0,19,75.0,8,677.0,2026-05-06,2026-05-29
CCI5000,CCI5000infer,2026-05,2026-04-13,19,5.4127,100.0,19,77.7778,9,679.0,2026-05-06,2026-05-29
CCI5000,CCI5000infer,2026-05,2026-04-14,19,5.4831,100.0,19,66.6667,9,681.0,2026-05-06,2026-05-29
CCI5000,CCI5000infer,2026-05,2026-04-15,19,4.2667,100.0,19,71.4286,7,683.0,2026-05-06,2026-05-29
CCI5000,CCI5000infer,2026-05,2026-04-16,19,3.1358,100.0,19,70.0,10,685.0,2026-05-06,2026-05-29
CCI5000,CCI5000infer,2026-05,2026-04-17,19,3.6316,100.0,19,80.0,10,687.0,2026-05-06,2026-05-29
CCI5000,CCI5000infer,2026-05,2026-04-20,19,3.7448,100.0,19,62.5,8,688.0,2026-05-06,2026-05-29
CCI5000,CCI5000infer,2026-05,2026-04-21,19,3.6407,100.0,19,62.5,8,689.0,2026-05-06,2026-05-29
CCI5000,CCI5000infer,2026-05,2026-04-22,19,3.4188,100.0,19,77.7778,9,690.0,2026-05-06,2026-05-29
CCI5000,CCI5000infer,2026-05,2026-04-23,19,3.4353,100.0,19,77.7778,9,690.0,2026-05-06,2026-05-29
CCI5000,CCI5000infer,2026-05,2026-04-24,19,3.8096,100.0,19,90.0,10,691.0,2026-05-06,2026-05-29
CCI5000,CCI5000infer,2026-05,2026-04-27,19,3.7996,100.0,19,100.0,9,694.0,2026-05-06,2026-05-29
CCI5000,CCI5000infer,2026-05,2026-04-28,19,3.4353,100.0,19,77.7778,9,699.0,2026-05-06,2026-05-29
CCI5000,CCI5000infer,2026-05,2026-04-29,19,2.7567,100.0,19,100.0,8,705.0,2026-05-06,2026-05-29
CCI5000,CCI5000infer,2026-05,2026-04-30,19,1.4686,100.0,19,70.0,10,713.0,2026-05-06,2026-05-29
CCI5000,CCI5000infer,2026-06,2026-04-17,21,5.2123,100.0,21,80.0,5,687.0,2026-06-01,2026-06-30
CCI5000,CCI5000infer,2026-06,2026-04-20,21,5.4962,100.0,21,57.1429,7,688.0,2026-06-01,2026-06-30
CCI5000,CCI5000infer,2026-06,2026-04-21,21,5.334,100.0,21,33.3333,3,689.0,2026-06-01,2026-06-30
CCI5000,CCI5000infer,2026-06,2026-04-22,21,4.8818,100.0,21,25.0,4,690.0,2026-06-01,2026-06-30
CCI5000,CCI5000infer,2026-06,2026-04-23,21,4.4607,100.0,21,14.2857,7,690.0,2026-06-01,2026-06-30
CCI5000,CCI5000infer,2026-06,2026-04-24,21,4.2118,100.0,21,12.5,8,691.0,2026-06-01,2026-06-30
CCI5000,CCI5000infer,2026-06,2026-04-27,21,4.2507,100.0,21,28.5714,7,694.0,2026-06-01,2026-06-30
CCI5000,CCI5000infer,2026-06,2026-04-28,21,4.4607,100.0,21,14.2857,7,699.0,2026-06-01,2026-06-30
CCI5000,CCI5000infer,2026-06,2026-04-29,21,2.7855,100.0,21,66.6667,6,705.0,2026-06-01,2026-06-30
CCI5000,CCI5000infer,2026-06,2026-04-30,21,1.9847,100.0,21,62.5,8,713.0,2026-06-01,2026-06-30
CCI5000,CCI5000infer,2026-06,2026-05-06,21,10.4409,0.0,21,75.0,4,721.0,2026-06-01,2026-06-30
CCI5000,CCI5000infer,2026-06,2026-05-07,21,10.7934,0.0,21,40.0,5,729.0,2026-06-01,2026-06-30
CCI5000,CCI5000infer,2026-06,2026-05-08,21,10.0144,0.0,21,40.0,5,737.0,2026-06-01,2026-06-30
CCI5000,CCI5000infer,2026-06,2026-05-09,21,8.1224,0.0,21,50.0,8,742.0,2026-06-01,2026-06-30
CCI5000,CCI5000infer,2026-06,2026-05-11,21,2.8873,60.0,20,57.1429,7,746.0,2026-06-01,2026-06-30
CCI5000,CCI5000infer,2026-06,2026-05-12,21,4.4395,100.0,21,37.5,8,748.0,2026-06-01,2026-06-30
CCI5000,CCI5000infer,2026-06,2026-05-13,21,2.6327,100.0,21,40.0,5,748.0,2026-06-01,2026-06-30
CCI5000,CCI5000infer,2026-06,2026-05-14,21,1.73,100.0,21,28.5714,7,748.0,2026-06-01,2026-06-30
CCI5000,CCI5000infer,2026-06,2026-05-27,21,6.1276,5.0,20,77.7778,9,754.0,2026-06-01,2026-06-30
CCI5000,CCI5000infer,2026-06,2026-05-28,21,2.645,90.4762,21,44.4444,9,758.0,2026-06-01,2026-06-30
CCI5000,CCI5000infer,2026-06,2026-05-29,21,3.8396,85.7143,21,33.3333,9,762.0,2026-06-01,2026-06-30
CCI5000,CCI5000infer,2026-07,2026-05-27,19,1.4229,100.0,19,54.5455,11,754.0,2026-07-01,2026-07-27
CCI5000,CCI5000infer,2026-07,2026-05-28,19,3.9445,68.4211,19,61.5385,13,758.0,2026-07-01,2026-07-27
CCI5000,CCI5000infer,2026-07,2026-05-29,19,6.3678,47.3684,19,53.8462,13,762.0,2026-07-01,2026-07-27
CCI5000,CCI5000infer,2026-07,2026-06-01,19,7.4729,42.1053,19,46.1538,13,766.0,2026-07-01,2026-07-27
CCI5000,CCI5000infer,2026-07,2026-06-02,19,8.4024,36.8421,19,46.1538,13,770.0,2026-07-01,2026-07-27
CCI5000,CCI5000infer,2026-07,2026-06-03,19,9.1161,33.3333,18,38.4615,13,773.0,2026-07-01,2026-07-27
CCI5000,CCI5000infer,2026-07,2026-06-04,19,8.9248,31.5789,19,30.7692,13,774.0,2026-07-01,2026-07-27
CCI5000,CCI5000infer,2026-07,2026-06-05,19,7.8509,36.8421,19,23.0769,13,774.0,2026-07-01,2026-07-27
CCI5000,CCI5000infer,2026-07,2026-06-08,19,6.6308,44.4444,18,18.1818,11,774.0,2026-07-01,2026-07-27
CCI5000,CCI5000infer,2026-07,2026-06-09,19,3.1429,100.0,19,75.0,12,774.0,2026-07-01,2026-07-27
CCI5000,CCI5000infer,2026-07,2026-06-10,19,3.6093,100.0,19,85.7143,7,774.0,2026-07-01,2026-07-27
CCI5000,CCI5000infer,2026-07,2026-06-11,19,3.9371,100.0,19,62.5,8,774.0,2026-07-01,2026-07-27
CCI5000,CCI5000infer,2026-07,2026-06-12,19,4.0627,100.0,19,50.0,8,774.0,2026-07-01,2026-07-27
CCI5000,CCI5000infer,2026-07,2026-06-15,19,4.3551,100.0,19,28.5714,7,774.0,2026-07-01,2026-07-27
CCI5000,CCI5000infer,2026-07,2026-06-16,19,4.8474,100.0,19,37.5,8,774.0,2026-07-01,2026-07-27
CCI5000,CCI5000infer,2026-07,2026-06-17,19,5.73,100.0,19,40.0,5,774.0,2026-07-01,2026-07-27
CCI5000,CCI5000infer,2026-07,2026-06-18,19,5.9098,100.0,19,66.6667,3,774.0,2026-07-01,2026-07-27
CCI5000,CCI5000infer,2026-07,2026-06-22,19,5.1413,100.0,19,62.5,8,774.0,2026-07-01,2026-07-27
CCI5000,CCI5000infer,2026-07,2026-06-23,19,4.0611,100.0,19,45.4545,11,773.0,2026-07-01,2026-07-27
CCI5000,CCI5000infer,2026-07,2026-06-24,19,3.2673,100.0,19,46.1538,13,771.0,2026-07-01,2026-07-27
CCI5000,CCI5000infer,2026-07,2026-06-25,19,4.0801,100.0,19,46.1538,13,768.0,2026-07-01,2026-07-27
CCI5000,CCI5000infer,2026-07,2026-06-26,19,4.1723,100.0,19,46.1538,13,764.0,2026-07-01,2026-07-27
CCI5000,CCI5000infer,2026-07,2026-06-29,19,4.1571,100.0,19,46.1538,13,759.0,2026-07-01,2026-07-27
CCI5000,CCI5000infer,2026-07,2026-06-30,19,3.8629,100.0,19,46.1538,13,754.0,2026-07-01,2026-07-27
CCI5500,CCI5500infer,2025-11,2025-10-21,20,12.0161,0.0,20,45.4545,11,753.0,2025-11-03,2025-11-28
CCI5500,CCI5500infer,2025-11,2025-10-22,20,11.3004,0.0,20,63.6364,11,760.0,2025-11-03,2025-11-28
CCI5500,CCI5500infer,2025-11,2025-10-23,20,10.7911,0.0,20,36.3636,11,767.0,2025-11-03,2025-11-28
CCI5500,CCI5500infer,2025-11,2025-10-24,20,10.3265,0.0,20,54.5455,11,771.0,2025-11-03,2025-11-28
CCI5500,CCI5500infer,2025-11,2025-10-25,20,1.1473,100.0,20,72.7273,11,773.0,2025-11-03,2025-11-28
CCI5500,CCI5500infer,2025-11,2025-10-26,20,1.1473,100.0,20,72.7273,11,773.0,2025-11-03,2025-11-28
CCI5500,CCI5500infer,2025-11,2025-10-27,20,1.1473,100.0,20,72.7273,11,773.0,2025-11-03,2025-11-28
CCI5500,CCI5500infer,2025-11,2025-10-28,20,8.8897,0.0,20,54.5455,11,773.0,2025-11-03,2025-11-28
CCI5500,CCI5500infer,2025-11,2025-10-29,20,8.7014,0.0,20,63.6364,11,773.0,2025-11-03,2025-11-28
CCI5500,CCI5500infer,2025-11,2025-10-30,20,8.4377,0.0,20,54.5455,11,773.0,2025-11-03,2025-11-28
CCI5500,CCI5500infer,2025-11,2025-10-31,20,7.59,10.0,20,54.5455,11,773.0,2025-11-03,2025-11-28
CCI5500,CCI5500infer,2025-12,2025-10-21,23,6.1369,56.5217,23,38.0952,21,753.0,2025-12-01,2025-12-31
CCI5500,CCI5500infer,2025-12,2025-10-22,23,5.9558,60.8696,23,52.381,21,760.0,2025-12-01,2025-12-31
CCI5500,CCI5500infer,2025-12,2025-10-23,23,5.8596,65.2174,23,52.381,21,767.0,2025-12-01,2025-12-31
CCI5500,CCI5500infer,2025-12,2025-10-24,23,5.8088,65.2174,23,52.381,21,771.0,2025-12-01,2025-12-31
CCI5500,CCI5500infer,2025-12,2025-10-25,23,14.6782,34.7826,23,52.381,21,773.0,2025-12-01,2025-12-31
CCI5500,CCI5500infer,2025-12,2025-10-26,23,14.6782,34.7826,23,52.381,21,773.0,2025-12-01,2025-12-31
CCI5500,CCI5500infer,2025-12,2025-10-27,23,14.6782,34.7826,23,52.381,21,773.0,2025-12-01,2025-12-31
CCI5500,CCI5500infer,2025-12,2025-10-28,23,7.0215,65.2174,23,47.619,21,773.0,2025-12-01,2025-12-31
CCI5500,CCI5500infer,2025-12,2025-10-29,23,7.134,65.2174,23,38.0952,21,773.0,2025-12-01,2025-12-31
CCI5500,CCI5500infer,2025-12,2025-10-30,23,6.9999,65.2174,23,42.8571,21,773.0,2025-12-01,2025-12-31
CCI5500,CCI5500infer,2025-12,2025-10-31,23,6.9848,65.2174,23,47.619,21,773.0,2025-12-01,2025-12-31
CCI5500,CCI5500infer,2025-12,2025-11-01,23,7.0818,65.2174,23,38.0952,21,773.0,2025-12-01,2025-12-31
CCI5500,CCI5500infer,2025-12,2025-11-02,23,7.0818,65.2174,23,38.0952,21,773.0,2025-12-01,2025-12-31
CCI5500,CCI5500infer,2025-12,2025-11-03,23,7.0818,65.2174,23,38.0952,21,773.0,2025-12-01,2025-12-31
CCI5500,CCI5500infer,2025-12,2025-11-04,23,5.7841,69.5652,23,47.619,21,779.0,2025-12-01,2025-12-31
CCI5500,CCI5500infer,2025-12,2025-11-05,23,7.3006,63.6364,22,52.381,21,786.0,2025-12-01,2025-12-31
CCI5500,CCI5500infer,2025-12,2025-11-06,23,10.5988,21.7391,23,64.7059,17,795.0,2025-12-01,2025-12-31
CCI5500,CCI5500infer,2025-12,2025-11-07,23,17.2231,13.0435,23,35.2941,17,804.0,2025-12-01,2025-12-31
CCI5500,CCI5500infer,2025-12,2025-11-08,23,20.9176,4.5455,22,43.75,16,813.0,2025-12-01,2025-12-31
CCI5500,CCI5500infer,2025-12,2025-11-11,23,22.0119,0.0,23,47.3684,19,822.0,2025-12-01,2025-12-31
CCI5500,CCI5500infer,2025-12,2025-11-12,23,22.6179,0.0,23,50.0,16,829.0,2025-12-01,2025-12-31
CCI5500,CCI5500infer,2025-12,2025-11-13,23,20.3393,0.0,23,64.7059,17,832.0,2025-12-01,2025-12-31
CCI5500,CCI5500infer,2025-12,2025-11-14,23,14.7227,0.0,23,63.1579,19,832.0,2025-12-01,2025-12-31
CCI5500,CCI5500infer,2025-12,2025-11-15,23,16.6016,0.0,23,47.3684,19,832.0,2025-12-01,2025-12-31
CCI5500,CCI5500infer,2025-12,2025-11-16,23,16.6016,0.0,23,47.3684,19,832.0,2025-12-01,2025-12-31
CCI5500,CCI5500infer,2025-12,2025-11-17,23,16.6016,0.0,23,47.3684,19,832.0,2025-12-01,2025-12-31
CCI5500,CCI5500infer,2025-12,2025-11-18,23,14.2454,0.0,23,47.3684,19,832.0,2025-12-01,2025-12-31
CCI5500,CCI5500infer,2025-12,2025-11-19,23,16.3434,0.0,23,27.7778,18,832.0,2025-12-01,2025-12-31
CCI5500,CCI5500infer,2025-12,2025-11-20,23,14.0837,0.0,23,35.2941,17,832.0,2025-12-01,2025-12-31
CCI5500,CCI5500infer,2025-12,2025-11-21,23,8.4699,100.0,23,77.7778,18,832.0,2025-12-01,2025-12-31
CCI5500,CCI5500infer,2025-12,2025-11-22,23,7.1823,100.0,23,82.3529,17,832.0,2025-12-01,2025-12-31
CCI5500,CCI5500infer,2025-12,2025-11-23,23,7.1823,100.0,23,82.3529,17,832.0,2025-12-01,2025-12-31
CCI5500,CCI5500infer,2025-12,2025-11-24,23,7.1823,100.0,23,82.3529,17,832.0,2025-12-01,2025-12-31
CCI5500,CCI5500infer,2025-12,2025-11-25,23,8.6208,100.0,23,84.2105,19,832.0,2025-12-01,2025-12-31
CCI5500,CCI5500infer,2025-12,2025-11-26,23,10.2778,100.0,23,83.3333,12,830.0,2025-12-01,2025-12-31
CCI5500,CCI5500infer,2025-12,2025-11-27,23,10.8172,100.0,23,58.8235,17,827.0,2025-12-01,2025-12-31
CCI5500,CCI5500infer,2025-12,2025-11-28,23,9.4084,100.0,23,68.75,16,825.0,2025-12-01,2025-12-31
CCI5500,CCI5500infer,2025-12,2025-11-29,23,9.3317,100.0,23,73.3333,15,823.0,2025-12-01,2025-12-31
CCI5500,CCI5500infer,2025-12,2025-11-30,23,9.3317,100.0,23,73.3333,15,823.0,2025-12-01,2025-12-31
CCI5500,CCI5500infer,2026-01,2025-11-17,20,23.9111,0.0,20,10.0,10,832.0,2026-01-05,2026-01-30
CCI5500,CCI5500infer,2026-01,2025-11-18,20,21.1455,0.0,20,37.5,8,832.0,2026-01-05,2026-01-30
CCI5500,CCI5500infer,2026-01,2025-11-19,20,23.7862,0.0,20,75.0,12,832.0,2026-01-05,2026-01-30
CCI5500,CCI5500infer,2026-01,2025-11-20,20,20.3686,0.0,18,77.7778,9,832.0,2026-01-05,2026-01-30
CCI5500,CCI5500infer,2026-01,2025-11-21,20,12.2206,100.0,20,45.4545,11,832.0,2026-01-05,2026-01-30
CCI5500,CCI5500infer,2026-01,2025-11-22,20,9.1687,100.0,20,30.7692,13,832.0,2026-01-05,2026-01-30
CCI5500,CCI5500infer,2026-01,2025-11-23,20,9.1687,100.0,20,30.7692,13,832.0,2026-01-05,2026-01-30
CCI5500,CCI5500infer,2026-01,2025-11-24,20,9.1687,100.0,20,30.7692,13,832.0,2026-01-05,2026-01-30
CCI5500,CCI5500infer,2026-01,2025-11-25,20,10.7626,100.0,20,42.8571,14,832.0,2026-01-05,2026-01-30
CCI5500,CCI5500infer,2026-01,2025-11-26,20,13.2964,100.0,20,53.8462,13,830.0,2026-01-05,2026-01-30
CCI5500,CCI5500infer,2026-01,2025-11-27,20,14.5026,100.0,20,53.8462,13,827.0,2026-01-05,2026-01-30
CCI5500,CCI5500infer,2026-01,2025-11-28,20,12.3271,100.0,20,54.5455,11,825.0,2026-01-05,2026-01-30
CCI5500,CCI5500infer,2026-01,2025-11-29,20,12.6069,100.0,20,50.0,14,823.0,2026-01-05,2026-01-30
CCI5500,CCI5500infer,2026-01,2025-11-30,20,12.6069,100.0,20,50.0,14,823.0,2026-01-05,2026-01-30
CCI5500,CCI5500infer,2026-01,2025-12-01,20,12.6069,100.0,20,50.0,14,823.0,2026-01-05,2026-01-30
CCI5500,CCI5500infer,2026-01,2025-12-02,20,13.4911,100.0,20,50.0,12,818.0,2026-01-05,2026-01-30
CCI5500,CCI5500infer,2026-01,2025-12-03,20,13.7129,100.0,20,57.1429,7,813.0,2026-01-05,2026-01-30
CCI5500,CCI5500infer,2026-01,2025-12-04,20,13.6632,100.0,20,41.6667,12,808.0,2026-01-05,2026-01-30
CCI5500,CCI5500infer,2026-01,2025-12-05,20,14.8837,68.4211,19,40.0,10,802.0,2026-01-05,2026-01-30
CCI5500,CCI5500infer,2026-01,2025-12-06,20,14.9554,0.0,18,41.6667,12,796.0,2026-01-05,2026-01-30
CCI5500,CCI5500infer,2026-01,2025-12-07,20,14.9554,0.0,18,41.6667,12,796.0,2026-01-05,2026-01-30
CCI5500,CCI5500infer,2026-01,2025-12-08,20,14.9554,0.0,18,41.6667,12,796.0,2026-01-05,2026-01-30
CCI5500,CCI5500infer,2026-01,2025-12-09,20,10.8976,100.0,20,66.6667,12,790.0,2026-01-05,2026-01-30
CCI5500,CCI5500infer,2026-01,2025-12-10,20,9.5694,100.0,20,55.5556,9,782.0,2026-01-05,2026-01-30
CCI5500,CCI5500infer,2026-01,2025-12-11,20,9.6563,100.0,20,36.3636,11,774.0,2026-01-05,2026-01-30
CCI5500,CCI5500infer,2026-01,2025-12-12,20,8.6867,100.0,20,50.0,8,766.0,2026-01-05,2026-01-30
CCI5500,CCI5500infer,2026-01,2025-12-13,20,7.7817,100.0,20,50.0,6,758.0,2026-01-05,2026-01-30
CCI5500,CCI5500infer,2026-01,2025-12-14,20,7.7817,100.0,20,50.0,6,758.0,2026-01-05,2026-01-30
CCI5500,CCI5500infer,2026-01,2025-12-15,20,7.7817,100.0,20,50.0,6,758.0,2026-01-05,2026-01-30
CCI5500,CCI5500infer,2026-01,2025-12-16,20,7.6455,71.4286,14,66.6667,6,750.0,2026-01-05,2026-01-30
CCI5500,CCI5500infer,2026-01,2025-12-17,20,6.4676,40.0,10,70.0,10,741.0,2026-01-05,2026-01-30
CCI5500,CCI5500infer,2026-01,2025-12-18,20,5.8289,0.0,20,72.7273,11,732.0,2026-01-05,2026-01-30
CCI5500,CCI5500infer,2026-01,2025-12-19,20,4.2346,0.0,17,77.7778,9,724.0,2026-01-05,2026-01-30
CCI5500,CCI5500infer,2026-01,2025-12-20,20,3.7252,0.0,19,75.0,12,716.0,2026-01-05,2026-01-30
CCI5500,CCI5500infer,2026-01,2025-12-21,20,3.7252,0.0,19,75.0,12,716.0,2026-01-05,2026-01-30
CCI5500,CCI5500infer,2026-01,2025-12-22,20,3.7252,0.0,19,75.0,12,716.0,2026-01-05,2026-01-30
CCI5500,CCI5500infer,2026-01,2025-12-23,20,1.9451,36.8421,19,44.4444,9,708.0,2026-01-05,2026-01-30
CCI5500,CCI5500infer,2026-01,2025-12-24,20,2.2981,31.5789,19,45.4545,11,700.0,2026-01-05,2026-01-30
CCI5500,CCI5500infer,2026-01,2025-12-25,20,2.8157,68.4211,19,45.4545,11,693.0,2026-01-05,2026-01-30
CCI5500,CCI5500infer,2026-01,2025-12-26,20,1.5136,100.0,19,46.1538,13,687.0,2026-01-05,2026-01-30
CCI5500,CCI5500infer,2026-01,2025-12-27,20,6.865,100.0,20,57.1429,14,682.0,2026-01-05,2026-01-30
CCI5500,CCI5500infer,2026-01,2025-12-28,20,6.865,100.0,20,57.1429,14,682.0,2026-01-05,2026-01-30
CCI5500,CCI5500infer,2026-01,2025-12-29,20,6.865,100.0,20,57.1429,14,682.0,2026-01-05,2026-01-30
CCI5500,CCI5500infer,2026-01,2025-12-30,20,7.2595,100.0,20,50.0,14,680.0,2026-01-05,2026-01-30
CCI5500,CCI5500infer,2026-01,2025-12-31,20,2.2496,60.0,20,61.5385,13,680.0,2026-01-05,2026-01-30
CCI5500,CCI5500infer,2026-02,2025-12-18,14,4.9601,15.3846,13,87.5,8,732.0,2026-02-02,2026-02-27
CCI5500,CCI5500infer,2026-02,2025-12-19,14,3.1826,28.5714,14,100.0,6,724.0,2026-02-02,2026-02-27
CCI5500,CCI5500infer,2026-02,2025-12-20,14,3.0405,35.7143,14,100.0,8,716.0,2026-02-02,2026-02-27
CCI5500,CCI5500infer,2026-02,2025-12-21,14,3.0405,35.7143,14,100.0,8,716.0,2026-02-02,2026-02-27
CCI5500,CCI5500infer,2026-02,2025-12-22,14,3.0405,35.7143,14,100.0,8,716.0,2026-02-02,2026-02-27
CCI5500,CCI5500infer,2026-02,2025-12-23,14,1.8107,42.8571,14,88.8889,9,708.0,2026-02-02,2026-02-27
CCI5500,CCI5500infer,2026-02,2025-12-24,14,2.6705,61.5385,13,90.9091,11,700.0,2026-02-02,2026-02-27
CCI5500,CCI5500infer,2026-02,2025-12-25,14,3.7945,100.0,14,90.9091,11,693.0,2026-02-02,2026-02-27
CCI5500,CCI5500infer,2026-02,2025-12-26,14,2.2218,100.0,14,90.9091,11,687.0,2026-02-02,2026-02-27
CCI5500,CCI5500infer,2026-02,2025-12-27,14,8.863,100.0,14,90.0,10,682.0,2026-02-02,2026-02-27
CCI5500,CCI5500infer,2026-02,2025-12-28,14,8.863,100.0,14,90.0,10,682.0,2026-02-02,2026-02-27
CCI5500,CCI5500infer,2026-02,2025-12-29,14,8.863,100.0,14,90.0,10,682.0,2026-02-02,2026-02-27
CCI5500,CCI5500infer,2026-02,2025-12-30,14,9.5148,100.0,14,77.7778,9,680.0,2026-02-02,2026-02-27
CCI5500,CCI5500infer,2026-02,2025-12-31,14,1.1493,100.0,14,60.0,10,680.0,2026-02-02,2026-02-27
CCI5500,CCI5500infer,2026-02,2026-01-01,14,1.0143,100.0,14,66.6667,9,681.0,2026-02-02,2026-02-27
CCI5500,CCI5500infer,2026-02,2026-01-02,14,1.0698,100.0,14,70.0,10,681.0,2026-02-02,2026-02-27
CCI5500,CCI5500infer,2026-02,2026-01-03,14,1.1547,100.0,14,80.0,10,681.0,2026-02-02,2026-02-27
CCI5500,CCI5500infer,2026-02,2026-01-04,14,1.1547,100.0,14,80.0,10,681.0,2026-02-02,2026-02-27
CCI5500,CCI5500infer,2026-02,2026-01-05,14,1.3876,100.0,14,80.0,10,684.0,2026-02-02,2026-02-27
CCI5500,CCI5500infer,2026-02,2026-01-06,14,1.2269,100.0,14,80.0,10,687.0,2026-02-02,2026-02-27
CCI5500,CCI5500infer,2026-02,2026-01-07,14,2.0691,100.0,14,100.0,6,690.0,2026-02-02,2026-02-27
CCI5500,CCI5500infer,2026-02,2026-01-08,14,1.7239,100.0,14,62.5,8,694.0,2026-02-02,2026-02-27
CCI5500,CCI5500infer,2026-02,2026-01-09,14,3.2687,69.2308,13,71.4286,7,698.0,2026-02-02,2026-02-27
CCI5500,CCI5500infer,2026-02,2026-01-10,14,6.0503,57.1429,14,77.7778,9,701.0,2026-02-02,2026-02-27
CCI5500,CCI5500infer,2026-02,2026-01-11,14,6.0503,57.1429,14,77.7778,9,701.0,2026-02-02,2026-02-27
CCI5500,CCI5500infer,2026-02,2026-01-12,14,6.0503,57.1429,14,77.7778,9,701.0,2026-02-02,2026-02-27
CCI5500,CCI5500infer,2026-02,2026-01-14,14,6.3948,50.0,14,90.0,10,704.0,2026-02-02,2026-02-27
CCI5500,CCI5500infer,2026-02,2026-01-16,14,6.3754,50.0,14,77.7778,9,704.0,2026-02-02,2026-02-27
CCI5500,CCI5500infer,2026-02,2026-01-17,14,6.2296,53.8462,13,88.8889,9,702.0,2026-02-02,2026-02-27
CCI5500,CCI5500infer,2026-02,2026-01-18,14,6.2296,53.8462,13,88.8889,9,702.0,2026-02-02,2026-02-27
CCI5500,CCI5500infer,2026-02,2026-01-19,14,6.2296,53.8462,13,88.8889,9,702.0,2026-02-02,2026-02-27
CCI5500,CCI5500infer,2026-02,2026-01-20,14,6.2933,61.5385,13,100.0,9,700.0,2026-02-02,2026-02-27
CCI5500,CCI5500infer,2026-02,2026-01-21,14,5.8626,76.9231,13,90.0,10,697.0,2026-02-02,2026-02-27
CCI5500,CCI5500infer,2026-02,2026-01-22,14,4.5442,100.0,14,90.9091,11,694.0,2026-02-02,2026-02-27
CCI5500,CCI5500infer,2026-02,2026-01-23,14,3.6924,100.0,14,90.0,10,692.0,2026-02-02,2026-02-27
CCI5500,CCI5500infer,2026-02,2026-01-24,14,4.0123,100.0,14,81.8182,11,691.0,2026-02-02,2026-02-27
CCI5500,CCI5500infer,2026-02,2026-01-25,14,4.0123,100.0,14,81.8182,11,691.0,2026-02-02,2026-02-27
CCI5500,CCI5500infer,2026-02,2026-01-26,14,4.0123,100.0,14,81.8182,11,691.0,2026-02-02,2026-02-27
CCI5500,CCI5500infer,2026-02,2026-01-27,14,3.5778,100.0,14,81.8182,11,691.0,2026-02-02,2026-02-27
CCI5500,CCI5500infer,2026-02,2026-01-28,14,3.3856,100.0,14,100.0,11,691.0,2026-02-02,2026-02-27
CCI5500,CCI5500infer,2026-02,2026-01-29,16,2.6366,100.0,16,100.0,13,693.0,2026-02-02,2026-02-28
CCI5500,CCI5500infer,2026-02,2026-01-30,16,2.3943,100.0,14,66.6667,9,695.0,2026-02-02,2026-02-28
CCI5500,CCI5500infer,2026-03,2026-01-16,22,7.7269,100.0,22,20.0,15,704.0,2026-03-02,2026-03-31
CCI5500,CCI5500infer,2026-03,2026-01-17,22,6.9117,100.0,22,33.3333,15,702.0,2026-03-02,2026-03-31
CCI5500,CCI5500infer,2026-03,2026-01-18,22,6.9117,100.0,22,33.3333,15,702.0,2026-03-02,2026-03-31
CCI5500,CCI5500infer,2026-03,2026-01-19,22,6.9117,100.0,22,33.3333,15,702.0,2026-03-02,2026-03-31
CCI5500,CCI5500infer,2026-03,2026-01-20,22,6.8185,100.0,22,25.0,16,700.0,2026-03-02,2026-03-31
CCI5500,CCI5500infer,2026-03,2026-01-21,22,6.629,100.0,22,23.5294,17,697.0,2026-03-02,2026-03-31
CCI5500,CCI5500infer,2026-03,2026-01-22,22,8.4147,100.0,22,37.5,16,694.0,2026-03-02,2026-03-31
CCI5500,CCI5500infer,2026-03,2026-01-23,22,9.0796,100.0,22,23.5294,17,692.0,2026-03-02,2026-03-31
CCI5500,CCI5500infer,2026-03,2026-01-24,22,9.7666,100.0,22,37.5,16,691.0,2026-03-02,2026-03-31
CCI5500,CCI5500infer,2026-03,2026-01-25,22,9.7666,100.0,22,37.5,16,691.0,2026-03-02,2026-03-31
CCI5500,CCI5500infer,2026-03,2026-01-26,22,9.7666,100.0,22,37.5,16,691.0,2026-03-02,2026-03-31
CCI5500,CCI5500infer,2026-03,2026-01-27,22,9.5232,100.0,22,40.0,15,691.0,2026-03-02,2026-03-31
CCI5500,CCI5500infer,2026-03,2026-01-28,22,10.6307,100.0,22,43.75,16,691.0,2026-03-02,2026-03-31
CCI5500,CCI5500infer,2026-03,2026-01-29,22,10.003,100.0,22,26.6667,15,693.0,2026-03-02,2026-03-31
CCI5500,CCI5500infer,2026-03,2026-01-30,22,4.059,100.0,22,15.3846,13,695.0,2026-03-02,2026-03-31
CCI5500,CCI5500infer,2026-03,2026-02-04,22,4.4006,100.0,22,21.4286,14,696.0,2026-03-02,2026-03-31
CCI5500,CCI5500infer,2026-03,2026-02-05,22,1.5467,100.0,22,41.6667,12,696.0,2026-03-02,2026-03-31
CCI5500,CCI5500infer,2026-03,2026-02-06,22,1.882,100.0,22,43.75,16,697.0,2026-03-02,2026-03-31
CCI5500,CCI5500infer,2026-03,2026-02-07,22,1.9311,100.0,22,28.5714,14,698.0,2026-03-02,2026-03-31
CCI5500,CCI5500infer,2026-03,2026-02-08,22,1.9311,100.0,22,28.5714,14,698.0,2026-03-02,2026-03-31
CCI5500,CCI5500infer,2026-03,2026-02-09,22,1.9311,100.0,22,28.5714,14,698.0,2026-03-02,2026-03-31
CCI5500,CCI5500infer,2026-03,2026-02-10,22,2.1645,100.0,22,23.0769,13,700.0,2026-03-02,2026-03-31
CCI5500,CCI5500infer,2026-03,2026-02-11,22,2.0571,100.0,22,25.0,12,702.0,2026-03-02,2026-03-31
CCI5500,CCI5500infer,2026-03,2026-02-12,22,1.9348,100.0,22,23.0769,13,706.0,2026-03-02,2026-03-31
CCI5500,CCI5500infer,2026-03,2026-02-13,22,1.6541,100.0,22,20.0,10,711.0,2026-03-02,2026-03-31
CCI5500,CCI5500infer,2026-03,2026-02-14,22,1.5581,100.0,22,20.0,10,717.0,2026-03-02,2026-03-31
CCI5500,CCI5500infer,2026-03,2026-02-15,22,2.0434,100.0,22,30.7692,13,722.0,2026-03-02,2026-03-31
CCI5500,CCI5500infer,2026-03,2026-02-16,22,2.0434,100.0,22,30.7692,13,722.0,2026-03-02,2026-03-31
CCI5500,CCI5500infer,2026-03,2026-02-17,22,2.0434,100.0,22,30.7692,13,722.0,2026-03-02,2026-03-31
CCI5500,CCI5500infer,2026-03,2026-02-18,22,2.0434,100.0,22,30.7692,13,722.0,2026-03-02,2026-03-31
CCI5500,CCI5500infer,2026-03,2026-02-19,22,2.0434,100.0,22,30.7692,13,722.0,2026-03-02,2026-03-31
CCI5500,CCI5500infer,2026-03,2026-02-20,22,2.0434,100.0,22,30.7692,13,722.0,2026-03-02,2026-03-31
CCI5500,CCI5500infer,2026-03,2026-02-21,22,2.0434,100.0,22,30.7692,13,722.0,2026-03-02,2026-03-31
CCI5500,CCI5500infer,2026-03,2026-02-22,22,2.0434,100.0,22,30.7692,13,722.0,2026-03-02,2026-03-31
CCI5500,CCI5500infer,2026-03,2026-02-23,22,2.0434,100.0,22,30.7692,13,722.0,2026-03-02,2026-03-31
CCI5500,CCI5500infer,2026-03,2026-02-24,22,2.0434,100.0,22,30.7692,13,722.0,2026-03-02,2026-03-31
CCI5500,CCI5500infer,2026-03,2026-02-25,22,2.1406,100.0,22,23.0769,13,727.0,2026-03-02,2026-03-31
CCI5500,CCI5500infer,2026-03,2026-02-26,22,2.2708,90.0,20,37.5,16,732.0,2026-03-02,2026-03-31
CCI5500,CCI5500infer,2026-03,2026-02-27,22,2.4235,71.4286,21,53.3333,15,738.0,2026-03-02,2026-03-31
CCI5500,CCI5500infer,2026-03,2026-02-28,22,1.5697,59.0909,22,53.8462,13,744.0,2026-03-02,2026-03-31
CCI5500,CCI5500infer,2026-04,2026-02-15,21,1.2595,100.0,21,83.3333,12,722.0,2026-04-01,2026-04-30
CCI5500,CCI5500infer,2026-04,2026-02-16,21,1.2595,100.0,21,83.3333,12,722.0,2026-04-01,2026-04-30
CCI5500,CCI5500infer,2026-04,2026-02-17,21,1.2595,100.0,21,83.3333,12,722.0,2026-04-01,2026-04-30
CCI5500,CCI5500infer,2026-04,2026-02-18,21,1.2595,100.0,21,83.3333,12,722.0,2026-04-01,2026-04-30
CCI5500,CCI5500infer,2026-04,2026-02-19,21,1.2595,100.0,21,83.3333,12,722.0,2026-04-01,2026-04-30
CCI5500,CCI5500infer,2026-04,2026-02-20,21,1.2595,100.0,21,83.3333,12,722.0,2026-04-01,2026-04-30
CCI5500,CCI5500infer,2026-04,2026-02-21,21,1.2595,100.0,21,83.3333,12,722.0,2026-04-01,2026-04-30
CCI5500,CCI5500infer,2026-04,2026-02-22,21,1.2595,100.0,21,83.3333,12,722.0,2026-04-01,2026-04-30
CCI5500,CCI5500infer,2026-04,2026-02-23,21,1.2595,100.0,21,83.3333,12,722.0,2026-04-01,2026-04-30
CCI5500,CCI5500infer,2026-04,2026-02-24,21,1.2595,100.0,21,83.3333,12,722.0,2026-04-01,2026-04-30
CCI5500,CCI5500infer,2026-04,2026-02-25,21,1.5109,100.0,21,71.4286,14,727.0,2026-04-01,2026-04-30
CCI5500,CCI5500infer,2026-04,2026-02-26,21,1.5496,100.0,21,78.5714,14,732.0,2026-04-01,2026-04-30
CCI5500,CCI5500infer,2026-04,2026-02-27,21,1.0885,100.0,21,64.2857,14,738.0,2026-04-01,2026-04-30
CCI5500,CCI5500infer,2026-04,2026-02-28,21,2.6179,100.0,21,62.5,16,744.0,2026-04-01,2026-04-30
CCI5500,CCI5500infer,2026-04,2026-03-01,21,1.351,100.0,21,46.1538,13,750.0,2026-04-01,2026-04-30
CCI5500,CCI5500infer,2026-04,2026-03-02,21,3.768,14.2857,21,53.8462,13,750.0,2026-04-01,2026-04-30
CCI5500,CCI5500infer,2026-04,2026-03-03,21,3.8165,5.0,20,61.5385,13,752.0,2026-04-01,2026-04-30
CCI5500,CCI5500infer,2026-04,2026-03-04,21,4.4167,0.0,21,53.8462,13,752.0,2026-04-01,2026-04-30
CCI5500,CCI5500infer,2026-04,2026-03-05,21,5.4677,0.0,21,50.0,16,752.0,2026-04-01,2026-04-30
CCI5500,CCI5500infer,2026-04,2026-03-06,21,4.3908,0.0,21,57.1429,14,751.0,2026-04-01,2026-04-30
CCI5500,CCI5500infer,2026-04,2026-03-09,21,0.804,100.0,21,73.3333,15,750.0,2026-04-01,2026-04-30
CCI5500,CCI5500infer,2026-04,2026-03-10,21,2.8623,100.0,21,78.5714,14,748.0,2026-04-01,2026-04-30
CCI5500,CCI5500infer,2026-04,2026-03-11,21,5.2709,100.0,21,75.0,16,745.0,2026-04-01,2026-04-30
CCI5500,CCI5500infer,2026-04,2026-03-12,21,1.5421,100.0,21,53.8462,13,742.0,2026-04-01,2026-04-30
CCI5500,CCI5500infer,2026-04,2026-03-13,21,1.8423,100.0,21,57.1429,14,738.0,2026-04-01,2026-04-30
CCI5500,CCI5500infer,2026-04,2026-03-16,21,5.7886,100.0,21,83.3333,12,736.0,2026-04-01,2026-04-30
CCI5500,CCI5500infer,2026-04,2026-03-17,21,3.0904,100.0,21,73.3333,15,732.0,2026-04-01,2026-04-30
CCI5500,CCI5500infer,2026-04,2026-03-18,21,4.5013,100.0,21,66.6667,15,730.0,2026-04-01,2026-04-30
CCI5500,CCI5500infer,2026-04,2026-03-19,21,2.1658,100.0,21,46.1538,13,730.0,2026-04-01,2026-04-30
CCI5500,CCI5500infer,2026-04,2026-03-20,21,3.2137,100.0,21,37.5,8,732.0,2026-04-01,2026-04-30
CCI5500,CCI5500infer,2026-04,2026-03-23,21,3.1533,100.0,21,73.3333,15,736.0,2026-04-01,2026-04-30
CCI5500,CCI5500infer,2026-04,2026-03-24,21,2.6637,76.1905,21,80.0,15,742.0,2026-04-01,2026-04-30
CCI5500,CCI5500infer,2026-04,2026-03-25,21,0.9943,85.7143,21,93.3333,15,749.0,2026-04-01,2026-04-30
CCI5500,CCI5500infer,2026-04,2026-03-26,21,1.3932,100.0,21,94.1176,17,755.0,2026-04-01,2026-04-30
CCI5500,CCI5500infer,2026-04,2026-03-27,21,1.718,100.0,17,100.0,15,760.0,2026-04-01,2026-04-30
CCI5500,CCI5500infer,2026-04,2026-03-30,21,1.3238,71.4286,21,69.2308,13,763.0,2026-04-01,2026-04-30
CCI5500,CCI5500infer,2026-04,2026-03-31,21,0.7952,71.4286,21,76.9231,13,763.0,2026-04-01,2026-04-30
CCI5500,CCI5500infer,2026-05,2026-03-17,19,2.2615,100.0,19,33.3333,6,732.0,2026-05-06,2026-05-29
CCI5500,CCI5500infer,2026-05,2026-03-18,19,0.4989,100.0,19,100.0,6,730.0,2026-05-06,2026-05-29
CCI5500,CCI5500infer,2026-05,2026-03-19,19,8.7375,100.0,19,50.0,4,730.0,2026-05-06,2026-05-29
CCI5500,CCI5500infer,2026-05,2026-03-20,19,9.7941,100.0,19,20.0,5,732.0,2026-05-06,2026-05-29
CCI5500,CCI5500infer,2026-05,2026-03-23,19,8.7935,100.0,19,20.0,5,736.0,2026-05-06,2026-05-29
CCI5500,CCI5500infer,2026-05,2026-03-24,19,6.9451,100.0,19,87.5,8,742.0,2026-05-06,2026-05-29
CCI5500,CCI5500infer,2026-05,2026-03-25,19,4.0308,100.0,19,100.0,7,749.0,2026-05-06,2026-05-29
CCI5500,CCI5500infer,2026-05,2026-03-26,19,0.9591,100.0,19,87.5,8,755.0,2026-05-06,2026-05-29
CCI5500,CCI5500infer,2026-05,2026-03-27,19,0.6559,100.0,19,87.5,8,760.0,2026-05-06,2026-05-29
CCI5500,CCI5500infer,2026-05,2026-03-30,19,5.7232,100.0,19,75.0,8,763.0,2026-05-06,2026-05-29
CCI5500,CCI5500infer,2026-05,2026-03-31,19,6.7433,100.0,19,83.3333,6,763.0,2026-05-06,2026-05-29
CCI5500,CCI5500infer,2026-05,2026-04-01,19,6.6612,100.0,19,66.6667,3,762.0,2026-05-06,2026-05-29
CCI5500,CCI5500infer,2026-05,2026-04-02,19,8.0765,100.0,19,50.0,2,761.0,2026-05-06,2026-05-29
CCI5500,CCI5500infer,2026-05,2026-04-03,19,7.5157,100.0,19,50.0,6,760.0,2026-05-06,2026-05-29
CCI5500,CCI5500infer,2026-05,2026-04-07,19,7.5154,100.0,19,20.0,5,760.0,2026-05-06,2026-05-29
CCI5500,CCI5500infer,2026-05,2026-04-08,19,6.4196,100.0,19,0.0,4,760.0,2026-05-06,2026-05-29
CCI5500,CCI5500infer,2026-05,2026-04-09,19,6.0627,100.0,19,40.0,5,760.0,2026-05-06,2026-05-29
CCI5500,CCI5500infer,2026-05,2026-04-10,19,4.836,100.0,19,60.0,5,762.0,2026-05-06,2026-05-29
CCI5500,CCI5500infer,2026-05,2026-04-13,19,4.874,100.0,19,60.0,5,764.0,2026-05-06,2026-05-29
CCI5500,CCI5500infer,2026-05,2026-04-14,19,4.9184,100.0,19,80.0,5,766.0,2026-05-06,2026-05-29
CCI5500,CCI5500infer,2026-05,2026-04-15,19,3.9306,100.0,19,100.0,6,768.0,2026-05-06,2026-05-29
CCI5500,CCI5500infer,2026-05,2026-04-16,19,3.5544,100.0,19,100.0,7,770.0,2026-05-06,2026-05-29
CCI5500,CCI5500infer,2026-05,2026-04-17,19,2.1503,100.0,19,71.4286,7,771.0,2026-05-06,2026-05-29
CCI5500,CCI5500infer,2026-05,2026-04-20,19,2.3222,100.0,19,62.5,8,772.0,2026-05-06,2026-05-29
CCI5500,CCI5500infer,2026-05,2026-04-21,19,3.3175,100.0,19,100.0,5,773.0,2026-05-06,2026-05-29
CCI5500,CCI5500infer,2026-05,2026-04-22,19,4.0043,100.0,19,100.0,7,774.0,2026-05-06,2026-05-29
CCI5500,CCI5500infer,2026-05,2026-04-23,19,4.3767,100.0,19,100.0,7,775.0,2026-05-06,2026-05-29
CCI5500,CCI5500infer,2026-05,2026-04-24,19,4.1842,100.0,19,100.0,8,776.0,2026-05-06,2026-05-29
CCI5500,CCI5500infer,2026-05,2026-04-27,19,3.4621,100.0,19,100.0,7,780.0,2026-05-06,2026-05-29
CCI5500,CCI5500infer,2026-05,2026-04-28,19,4.3767,89.4737,19,100.0,7,785.0,2026-05-06,2026-05-29
CCI5500,CCI5500infer,2026-05,2026-04-29,19,3.2044,100.0,19,60.0,5,792.0,2026-05-06,2026-05-29
CCI5500,CCI5500infer,2026-05,2026-04-30,19,2.9111,100.0,19,33.3333,3,800.0,2026-05-06,2026-05-29
CCI5500,CCI5500infer,2026-06,2026-04-17,21,3.6971,100.0,21,40.0,5,771.0,2026-06-01,2026-06-30
CCI5500,CCI5500infer,2026-06,2026-04-20,21,3.7968,100.0,21,44.4444,9,772.0,2026-06-01,2026-06-30
CCI5500,CCI5500infer,2026-06,2026-04-21,21,4.7103,100.0,21,62.5,8,773.0,2026-06-01,2026-06-30
CCI5500,CCI5500infer,2026-06,2026-04-22,21,5.3743,100.0,21,50.0,6,774.0,2026-06-01,2026-06-30
CCI5500,CCI5500infer,2026-06,2026-04-23,21,5.4083,100.0,21,57.1429,7,775.0,2026-06-01,2026-06-30
CCI5500,CCI5500infer,2026-06,2026-04-24,21,4.9322,100.0,21,50.0,6,776.0,2026-06-01,2026-06-30
CCI5500,CCI5500infer,2026-06,2026-04-27,21,3.0665,100.0,21,37.5,8,780.0,2026-06-01,2026-06-30
CCI5500,CCI5500infer,2026-06,2026-04-28,21,5.4083,100.0,21,57.1429,7,785.0,2026-06-01,2026-06-30
CCI5500,CCI5500infer,2026-06,2026-04-29,21,3.8753,100.0,21,37.5,8,792.0,2026-06-01,2026-06-30
CCI5500,CCI5500infer,2026-06,2026-04-30,21,4.0414,100.0,21,33.3333,6,800.0,2026-06-01,2026-06-30
CCI5500,CCI5500infer,2026-06,2026-05-06,21,10.3054,0.0,21,0.0,5,808.0,2026-06-01,2026-06-30
CCI5500,CCI5500infer,2026-06,2026-05-07,21,10.2783,0.0,21,42.8571,7,816.0,2026-06-01,2026-06-30
CCI5500,CCI5500infer,2026-06,2026-05-08,21,9.8033,0.0,21,42.8571,7,824.0,2026-06-01,2026-06-30
CCI5500,CCI5500infer,2026-06,2026-05-09,21,8.7633,0.0,21,50.0,8,830.0,2026-06-01,2026-06-30
CCI5500,CCI5500infer,2026-06,2026-05-11,21,6.7048,0.0,21,33.3333,6,835.0,2026-06-01,2026-06-30
CCI5500,CCI5500infer,2026-06,2026-05-12,21,4.2952,100.0,21,44.4444,9,835.0,2026-06-01,2026-06-30
CCI5500,CCI5500infer,2026-06,2026-05-13,21,2.1085,100.0,21,44.4444,9,835.0,2026-06-01,2026-06-30
CCI5500,CCI5500infer,2026-06,2026-05-14,21,1.5374,100.0,21,42.8571,7,835.0,2026-06-01,2026-06-30
CCI5500,CCI5500infer,2026-06,2026-05-27,21,5.8554,0.0,20,66.6667,9,841.0,2026-06-01,2026-06-30
CCI5500,CCI5500infer,2026-06,2026-05-28,21,1.8912,95.2381,21,55.5556,9,845.0,2026-06-01,2026-06-30
CCI5500,CCI5500infer,2026-06,2026-05-29,21,2.6476,90.4762,21,44.4444,9,849.0,2026-06-01,2026-06-30
CCI5500,CCI5500infer,2026-07,2026-05-27,19,1.3529,100.0,19,45.4545,11,841.0,2026-07-01,2026-07-27
CCI5500,CCI5500infer,2026-07,2026-05-28,19,3.1801,68.4211,19,58.3333,12,845.0,2026-07-01,2026-07-27
CCI5500,CCI5500infer,2026-07,2026-05-29,19,5.1802,47.3684,19,50.0,12,849.0,2026-07-01,2026-07-27
CCI5500,CCI5500infer,2026-07,2026-06-01,19,6.1605,42.1053,19,46.1538,13,853.0,2026-07-01,2026-07-27
CCI5500,CCI5500infer,2026-07,2026-06-02,19,7.1469,36.8421,19,46.1538,13,857.0,2026-07-01,2026-07-27
CCI5500,CCI5500infer,2026-07,2026-06-03,19,7.9753,31.5789,19,38.4615,13,861.0,2026-07-01,2026-07-27
CCI5500,CCI5500infer,2026-07,2026-06-04,19,8.685,26.3158,19,30.7692,13,864.0,2026-07-01,2026-07-27
CCI5500,CCI5500infer,2026-07,2026-06-05,19,8.4434,26.3158,19,23.0769,13,865.0,2026-07-01,2026-07-27
CCI5500,CCI5500infer,2026-07,2026-06-08,19,7.3936,26.3158,19,15.3846,13,865.0,2026-07-01,2026-07-27
CCI5500,CCI5500infer,2026-07,2026-06-09,19,6.0797,38.8889,18,9.0909,11,865.0,2026-07-01,2026-07-27
CCI5500,CCI5500infer,2026-07,2026-06-10,19,3.3545,100.0,19,81.8182,11,865.0,2026-07-01,2026-07-27
CCI5500,CCI5500infer,2026-07,2026-06-11,19,3.626,100.0,19,77.7778,9,865.0,2026-07-01,2026-07-27
CCI5500,CCI5500infer,2026-07,2026-06-12,19,3.756,100.0,19,70.0,10,865.0,2026-07-01,2026-07-27
CCI5500,CCI5500infer,2026-07,2026-06-15,19,3.9641,100.0,19,50.0,8,865.0,2026-07-01,2026-07-27
CCI5500,CCI5500infer,2026-07,2026-06-16,19,4.4088,100.0,19,50.0,10,865.0,2026-07-01,2026-07-27
CCI5500,CCI5500infer,2026-07,2026-06-17,19,4.9481,100.0,19,42.8571,7,865.0,2026-07-01,2026-07-27
CCI5500,CCI5500infer,2026-07,2026-06-18,19,5.0568,100.0,19,50.0,4,865.0,2026-07-01,2026-07-27
CCI5500,CCI5500infer,2026-07,2026-06-22,19,4.3741,100.0,19,55.5556,9,865.0,2026-07-01,2026-07-27
CCI5500,CCI5500infer,2026-07,2026-06-23,19,3.3187,100.0,19,41.6667,12,865.0,2026-07-01,2026-07-27
CCI5500,CCI5500infer,2026-07,2026-06-24,19,3.1368,100.0,19,46.1538,13,863.0,2026-07-01,2026-07-27
CCI5500,CCI5500infer,2026-07,2026-06-25,19,4.0622,100.0,19,46.1538,13,860.0,2026-07-01,2026-07-27
CCI5500,CCI5500infer,2026-07,2026-06-26,19,4.1575,100.0,19,46.1538,13,856.0,2026-07-01,2026-07-27
CCI5500,CCI5500infer,2026-07,2026-06-29,19,4.2511,100.0,19,46.1538,13,851.0,2026-07-01,2026-07-27
CCI5500,CCI5500infer,2026-07,2026-06-30,19,3.7922,100.0,19,46.1538,13,846.0,2026-07-01,2026-07-27
CCI进口3800,CCI3800outinfer,2025-11,2025-10-21,20,6.2559,45.0,20,69.2308,13,454.24,2025-11-03,2025-11-28
CCI进口3800,CCI3800outinfer,2025-11,2025-10-22,20,6.1537,40.0,20,46.1538,13,454.24,2025-11-03,2025-11-28
CCI进口3800,CCI3800outinfer,2025-11,2025-10-23,20,6.1719,35.0,20,53.8462,13,456.66,2025-11-03,2025-11-28
CCI进口3800,CCI3800outinfer,2025-11,2025-10-24,20,6.4113,45.0,20,61.5385,13,456.66,2025-11-03,2025-11-28
CCI进口3800,CCI3800outinfer,2025-11,2025-10-25,20,6.874,35.0,20,46.1538,13,456.66,2025-11-03,2025-11-28
CCI进口3800,CCI3800outinfer,2025-11,2025-10-26,20,6.874,35.0,20,46.1538,13,456.66,2025-11-03,2025-11-28
CCI进口3800,CCI3800outinfer,2025-11,2025-10-27,20,6.874,35.0,20,46.1538,13,456.66,2025-11-03,2025-11-28
CCI进口3800,CCI3800outinfer,2025-11,2025-10-28,20,6.4389,40.0,20,53.8462,13,456.02,2025-11-03,2025-11-28
CCI进口3800,CCI3800outinfer,2025-11,2025-10-29,20,9.0144,0.0,20,69.2308,13,455.38,2025-11-03,2025-11-28
CCI进口3800,CCI3800outinfer,2025-11,2025-10-30,20,11.231,0.0,20,46.1538,13,455.38,2025-11-03,2025-11-28
CCI进口3800,CCI3800outinfer,2025-11,2025-10-31,20,7.1856,0.0,20,46.1538,13,456.02,2025-11-03,2025-11-28
CCI进口3800,CCI3800outinfer,2025-12,2025-10-21,23,5.1387,43.4783,23,58.8235,17,454.24,2025-12-01,2025-12-31
CCI进口3800,CCI3800outinfer,2025-12,2025-10-22,23,5.6307,34.7826,23,52.9412,17,454.24,2025-12-01,2025-12-31
CCI进口3800,CCI3800outinfer,2025-12,2025-10-23,23,5.1321,60.8696,23,35.2941,17,456.66,2025-12-01,2025-12-31
CCI进口3800,CCI3800outinfer,2025-12,2025-10-24,23,4.7057,69.5652,23,41.1765,17,456.66,2025-12-01,2025-12-31
CCI进口3800,CCI3800outinfer,2025-12,2025-10-25,23,4.724,56.5217,23,41.1765,17,456.66,2025-12-01,2025-12-31
CCI进口3800,CCI3800outinfer,2025-12,2025-10-26,23,4.724,56.5217,23,41.1765,17,456.66,2025-12-01,2025-12-31
CCI进口3800,CCI3800outinfer,2025-12,2025-10-27,23,4.724,56.5217,23,41.1765,17,456.66,2025-12-01,2025-12-31
CCI进口3800,CCI3800outinfer,2025-12,2025-10-28,23,4.864,52.1739,23,64.7059,17,456.02,2025-12-01,2025-12-31
CCI进口3800,CCI3800outinfer,2025-12,2025-10-29,23,5.2072,60.8696,23,47.0588,17,455.38,2025-12-01,2025-12-31
CCI进口3800,CCI3800outinfer,2025-12,2025-10-30,23,3.9317,82.6087,23,47.0588,17,455.38,2025-12-01,2025-12-31
CCI进口3800,CCI3800outinfer,2025-12,2025-10-31,23,3.5586,82.6087,23,58.8235,17,456.02,2025-12-01,2025-12-31
CCI进口3800,CCI3800outinfer,2025-12,2025-11-01,23,3.5964,82.6087,23,58.8235,17,456.02,2025-12-01,2025-12-31
CCI进口3800,CCI3800outinfer,2025-12,2025-11-02,23,3.5964,82.6087,23,58.8235,17,456.02,2025-12-01,2025-12-31
CCI进口3800,CCI3800outinfer,2025-12,2025-11-03,23,3.5964,82.6087,23,58.8235,17,456.02,2025-12-01,2025-12-31
CCI进口3800,CCI3800outinfer,2025-12,2025-11-04,23,4.0292,86.9565,23,64.7059,17,459.89,2025-12-01,2025-12-31
CCI进口3800,CCI3800outinfer,2025-12,2025-11-05,23,3.952,100.0,23,58.8235,17,467.96,2025-12-01,2025-12-31
CCI进口3800,CCI3800outinfer,2025-12,2025-11-06,23,5.5821,100.0,23,41.1765,17,476.02,2025-12-01,2025-12-31
CCI进口3800,CCI3800outinfer,2025-12,2025-11-07,23,11.7404,0.0,23,52.9412,17,484.09,2025-12-01,2025-12-31
CCI进口3800,CCI3800outinfer,2025-12,2025-11-08,23,12.505,0.0,23,47.0588,17,488.13,2025-12-01,2025-12-31
CCI进口3800,CCI3800outinfer,2025-12,2025-11-11,23,16.1794,0.0,23,58.8235,17,488.13,2025-12-01,2025-12-31
CCI进口3800,CCI3800outinfer,2025-12,2025-11-12,23,16.431,0.0,23,23.5294,17,488.13,2025-12-01,2025-12-31
CCI进口3800,CCI3800outinfer,2025-12,2025-11-13,23,16.7912,0.0,23,58.8235,17,488.13,2025-12-01,2025-12-31
CCI进口3800,CCI3800outinfer,2025-12,2025-11-14,23,14.4368,0.0,23,52.9412,17,486.08,2025-12-01,2025-12-31
CCI进口3800,CCI3800outinfer,2025-12,2025-11-15,23,11.6733,43.4783,23,47.0588,17,486.76,2025-12-01,2025-12-31
CCI进口3800,CCI3800outinfer,2025-12,2025-11-16,23,11.6733,43.4783,23,47.0588,17,486.76,2025-12-01,2025-12-31
CCI进口3800,CCI3800outinfer,2025-12,2025-11-17,23,11.6733,43.4783,23,47.0588,17,486.76,2025-12-01,2025-12-31
CCI进口3800,CCI3800outinfer,2025-12,2025-11-18,23,10.6877,100.0,23,47.0588,17,489.17,2025-12-01,2025-12-31
CCI进口3800,CCI3800outinfer,2025-12,2025-11-19,23,14.8176,0.0,23,47.0588,17,493.08,2025-12-01,2025-12-31
CCI进口3800,CCI3800outinfer,2025-12,2025-11-20,23,12.1933,78.2609,23,64.7059,17,493.08,2025-12-01,2025-12-31
CCI进口3800,CCI3800outinfer,2025-12,2025-11-21,23,11.1814,100.0,23,52.9412,17,493.08,2025-12-01,2025-12-31
CCI进口3800,CCI3800outinfer,2025-12,2025-11-22,23,9.6556,100.0,23,64.7059,17,493.08,2025-12-01,2025-12-31
CCI进口3800,CCI3800outinfer,2025-12,2025-11-23,23,9.6556,100.0,23,64.7059,17,493.08,2025-12-01,2025-12-31
CCI进口3800,CCI3800outinfer,2025-12,2025-11-24,23,9.6556,100.0,23,64.7059,17,493.08,2025-12-01,2025-12-31
CCI进口3800,CCI3800outinfer,2025-12,2025-11-25,23,9.5578,100.0,23,58.8235,17,490.78,2025-12-01,2025-12-31
CCI进口3800,CCI3800outinfer,2025-12,2025-11-26,23,10.7419,100.0,23,41.1765,17,490.09,2025-12-01,2025-12-31
CCI进口3800,CCI3800outinfer,2025-12,2025-11-27,23,10.2312,100.0,23,52.9412,17,485.39,2025-12-01,2025-12-31
CCI进口3800,CCI3800outinfer,2025-12,2025-11-28,23,8.6137,100.0,23,58.8235,17,481.38,2025-12-01,2025-12-31
CCI进口3800,CCI3800outinfer,2025-12,2025-11-29,23,6.9985,100.0,23,82.3529,17,473.36,2025-12-01,2025-12-31
CCI进口3800,CCI3800outinfer,2025-12,2025-11-30,23,6.9985,100.0,23,82.3529,17,473.36,2025-12-01,2025-12-31
CCI进口3800,CCI3800outinfer,2026-01,2025-11-17,20,9.4909,100.0,20,60.0,10,486.76,2026-01-05,2026-01-30
CCI进口3800,CCI3800outinfer,2026-01,2025-11-18,20,9.7437,100.0,20,40.0,10,489.17,2026-01-05,2026-01-30
CCI进口3800,CCI3800outinfer,2026-01,2025-11-19,20,13.3938,0.0,20,50.0,10,493.08,2026-01-05,2026-01-30
CCI进口3800,CCI3800outinfer,2026-01,2025-11-20,20,10.2833,100.0,20,50.0,10,493.08,2026-01-05,2026-01-30
CCI进口3800,CCI3800outinfer,2026-01,2025-11-21,20,9.0699,100.0,20,40.0,10,493.08,2026-01-05,2026-01-30
CCI进口3800,CCI3800outinfer,2026-01,2025-11-22,20,7.1982,100.0,20,70.0,10,493.08,2026-01-05,2026-01-30
CCI进口3800,CCI3800outinfer,2026-01,2025-11-23,20,7.1982,100.0,20,70.0,10,493.08,2026-01-05,2026-01-30
CCI进口3800,CCI3800outinfer,2026-01,2025-11-24,20,7.1982,100.0,20,70.0,10,493.08,2026-01-05,2026-01-30
CCI进口3800,CCI3800outinfer,2026-01,2025-11-25,20,7.2971,100.0,20,60.0,10,490.78,2026-01-05,2026-01-30
CCI进口3800,CCI3800outinfer,2026-01,2025-11-26,20,9.1429,100.0,20,80.0,10,490.09,2026-01-05,2026-01-30
CCI进口3800,CCI3800outinfer,2026-01,2025-11-27,20,9.0553,100.0,20,40.0,10,485.39,2026-01-05,2026-01-30
CCI进口3800,CCI3800outinfer,2026-01,2025-11-28,20,6.8652,100.0,20,60.0,10,481.38,2026-01-05,2026-01-30
CCI进口3800,CCI3800outinfer,2026-01,2025-11-29,20,5.6145,100.0,20,30.0,10,473.36,2026-01-05,2026-01-30
CCI进口3800,CCI3800outinfer,2026-01,2025-11-30,20,5.6145,100.0,20,30.0,10,473.36,2026-01-05,2026-01-30
CCI进口3800,CCI3800outinfer,2026-01,2025-12-01,20,5.6145,100.0,20,30.0,10,473.36,2026-01-05,2026-01-30
CCI进口3800,CCI3800outinfer,2026-01,2025-12-02,20,5.2469,100.0,20,50.0,10,464.68,2026-01-05,2026-01-30
CCI进口3800,CCI3800outinfer,2026-01,2025-12-03,20,5.0098,100.0,20,50.0,10,463.08,2026-01-05,2026-01-30
CCI进口3800,CCI3800outinfer,2026-01,2025-12-04,20,4.3357,100.0,20,70.0,10,460.02,2026-01-05,2026-01-30
CCI进口3800,CCI3800outinfer,2026-01,2025-12-05,20,4.3919,75.0,20,20.0,10,458.27,2026-01-05,2026-01-30
CCI进口3800,CCI3800outinfer,2026-01,2025-12-06,20,4.3505,10.0,20,10.0,10,454.26,2026-01-05,2026-01-30
CCI进口3800,CCI3800outinfer,2026-01,2025-12-07,20,4.3505,10.0,20,10.0,10,454.26,2026-01-05,2026-01-30
CCI进口3800,CCI3800outinfer,2026-01,2025-12-08,20,4.3505,10.0,20,10.0,10,454.26,2026-01-05,2026-01-30
CCI进口3800,CCI3800outinfer,2026-01,2025-12-09,20,2.7483,50.0,20,60.0,10,450.26,2026-01-05,2026-01-30
CCI进口3800,CCI3800outinfer,2026-01,2025-12-10,20,3.1635,5.0,20,70.0,10,448.66,2026-01-05,2026-01-30
CCI进口3800,CCI3800outinfer,2026-01,2025-12-11,20,2.9924,5.0,20,40.0,10,444.02,2026-01-05,2026-01-30
CCI进口3800,CCI3800outinfer,2026-01,2025-12-12,20,2.1065,10.0,20,50.0,10,440.02,2026-01-05,2026-01-30
CCI进口3800,CCI3800outinfer,2026-01,2025-12-13,20,0.5299,95.0,20,30.0,10,433.81,2026-01-05,2026-01-30
CCI进口3800,CCI3800outinfer,2026-01,2025-12-14,20,0.5299,95.0,20,30.0,10,433.81,2026-01-05,2026-01-30
CCI进口3800,CCI3800outinfer,2026-01,2025-12-15,20,0.5299,95.0,20,30.0,10,433.81,2026-01-05,2026-01-30
CCI进口3800,CCI3800outinfer,2026-01,2025-12-16,20,0.54,95.0,20,70.0,10,433.81,2026-01-05,2026-01-30
CCI进口3800,CCI3800outinfer,2026-01,2025-12-17,20,1.6123,70.0,20,50.0,10,430.8,2026-01-05,2026-01-30
CCI进口3800,CCI3800outinfer,2026-01,2025-12-18,20,3.0922,70.0,20,40.0,10,422.82,2026-01-05,2026-01-30
CCI进口3800,CCI3800outinfer,2026-01,2025-12-19,20,2.4575,100.0,20,50.0,10,422.82,2026-01-05,2026-01-30
CCI进口3800,CCI3800outinfer,2026-01,2025-12-20,20,1.9487,100.0,20,50.0,10,422.82,2026-01-05,2026-01-30
CCI进口3800,CCI3800outinfer,2026-01,2025-12-21,20,1.9487,100.0,20,50.0,10,422.82,2026-01-05,2026-01-30
CCI进口3800,CCI3800outinfer,2026-01,2025-12-22,20,1.9487,100.0,20,50.0,10,422.82,2026-01-05,2026-01-30
CCI进口3800,CCI3800outinfer,2026-01,2025-12-23,20,1.5204,100.0,20,60.0,10,422.82,2026-01-05,2026-01-30
CCI进口3800,CCI3800outinfer,2026-01,2025-12-24,20,1.8184,100.0,20,70.0,10,422.22,2026-01-05,2026-01-30
CCI进口3800,CCI3800outinfer,2026-01,2025-12-25,20,2.2997,95.0,20,50.0,10,421.63,2026-01-05,2026-01-30
CCI进口3800,CCI3800outinfer,2026-01,2025-12-26,20,3.0467,85.0,20,40.0,10,420.43,2026-01-05,2026-01-30
CCI进口3800,CCI3800outinfer,2026-01,2025-12-27,20,2.5025,90.0,20,70.0,10,421.03,2026-01-05,2026-01-30
CCI进口3800,CCI3800outinfer,2026-01,2025-12-28,20,2.5025,90.0,20,70.0,10,421.03,2026-01-05,2026-01-30
CCI进口3800,CCI3800outinfer,2026-01,2025-12-29,20,2.5025,90.0,20,70.0,10,421.03,2026-01-05,2026-01-30
CCI进口3800,CCI3800outinfer,2026-01,2025-12-30,20,1.6433,90.0,20,40.0,10,425.0,2026-01-05,2026-01-30
CCI进口3800,CCI3800outinfer,2026-01,2025-12-31,20,4.0693,0.0,20,50.0,10,426.17,2026-01-05,2026-01-30
CCI进口3800,CCI3800outinfer,2026-02,2025-12-18,14,10.7209,100.0,14,61.5385,13,422.82,2026-02-02,2026-02-27
CCI进口3800,CCI3800outinfer,2026-02,2025-12-19,14,10.0212,100.0,14,69.2308,13,422.82,2026-02-02,2026-02-27
CCI进口3800,CCI3800outinfer,2026-02,2025-12-20,14,9.5726,100.0,14,61.5385,13,422.82,2026-02-02,2026-02-27
CCI进口3800,CCI3800outinfer,2026-02,2025-12-21,14,9.5726,100.0,14,61.5385,13,422.82,2026-02-02,2026-02-27
CCI进口3800,CCI3800outinfer,2026-02,2025-12-22,14,9.5726,100.0,14,61.5385,13,422.82,2026-02-02,2026-02-27
CCI进口3800,CCI3800outinfer,2026-02,2025-12-23,14,8.4244,100.0,14,61.5385,13,422.82,2026-02-02,2026-02-27
CCI进口3800,CCI3800outinfer,2026-02,2025-12-24,14,8.4957,100.0,14,53.8462,13,422.22,2026-02-02,2026-02-27
CCI进口3800,CCI3800outinfer,2026-02,2025-12-25,14,8.9726,100.0,14,46.1538,13,421.63,2026-02-02,2026-02-27
CCI进口3800,CCI3800outinfer,2026-02,2025-12-26,14,9.532,100.0,14,53.8462,13,420.43,2026-02-02,2026-02-27
CCI进口3800,CCI3800outinfer,2026-02,2025-12-27,14,9.3256,100.0,14,69.2308,13,421.03,2026-02-02,2026-02-27
CCI进口3800,CCI3800outinfer,2026-02,2025-12-28,14,9.3256,100.0,14,69.2308,13,421.03,2026-02-02,2026-02-27
CCI进口3800,CCI3800outinfer,2026-02,2025-12-29,14,9.3256,100.0,14,69.2308,13,421.03,2026-02-02,2026-02-27
CCI进口3800,CCI3800outinfer,2026-02,2025-12-30,14,9.013,100.0,14,76.9231,13,425.0,2026-02-02,2026-02-27
CCI进口3800,CCI3800outinfer,2026-02,2025-12-31,14,12.4265,0.0,14,53.8462,13,426.17,2026-02-02,2026-02-27
CCI进口3800,CCI3800outinfer,2026-02,2026-01-01,14,12.564,0.0,14,53.8462,13,426.17,2026-02-02,2026-02-27
CCI进口3800,CCI3800outinfer,2026-02,2026-01-02,14,12.5821,0.0,14,53.8462,13,426.17,2026-02-02,2026-02-27
CCI进口3800,CCI3800outinfer,2026-02,2026-01-03,14,12.6182,0.0,14,61.5385,13,426.17,2026-02-02,2026-02-27
CCI进口3800,CCI3800outinfer,2026-02,2026-01-04,14,12.6182,0.0,14,61.5385,13,426.17,2026-02-02,2026-02-27
CCI进口3800,CCI3800outinfer,2026-02,2026-01-05,14,11.703,0.0,14,61.5385,13,431.1,2026-02-02,2026-02-27
CCI进口3800,CCI3800outinfer,2026-02,2026-01-06,14,11.5212,0.0,14,53.8462,13,432.68,2026-02-02,2026-02-27
CCI进口3800,CCI3800outinfer,2026-02,2026-01-07,14,11.4489,0.0,14,38.4615,13,435.05,2026-02-02,2026-02-27
CCI进口3800,CCI3800outinfer,2026-02,2026-01-08,14,10.9447,0.0,14,38.4615,13,439.63,2026-02-02,2026-02-27
CCI进口3800,CCI3800outinfer,2026-02,2026-01-09,14,10.7415,0.0,14,46.1538,13,439.01,2026-02-02,2026-02-27
CCI进口3800,CCI3800outinfer,2026-02,2026-01-10,14,9.663,0.0,14,46.1538,13,439.01,2026-02-02,2026-02-27
CCI进口3800,CCI3800outinfer,2026-02,2026-01-11,14,9.663,0.0,14,46.1538,13,439.01,2026-02-02,2026-02-27
CCI进口3800,CCI3800outinfer,2026-02,2026-01-12,14,9.663,0.0,14,46.1538,13,439.01,2026-02-02,2026-02-27
CCI进口3800,CCI3800outinfer,2026-02,2026-01-14,14,9.1715,0.0,14,30.7692,13,438.38,2026-02-02,2026-02-27
CCI进口3800,CCI3800outinfer,2026-02,2026-01-16,14,9.1343,0.0,14,15.3846,13,438.38,2026-02-02,2026-02-27
CCI进口3800,CCI3800outinfer,2026-02,2026-01-17,14,9.3097,0.0,14,30.7692,13,438.38,2026-02-02,2026-02-27
CCI进口3800,CCI3800outinfer,2026-02,2026-01-18,14,9.3097,0.0,14,30.7692,13,438.38,2026-02-02,2026-02-27
CCI进口3800,CCI3800outinfer,2026-02,2026-01-19,14,9.3097,0.0,14,30.7692,13,438.38,2026-02-02,2026-02-27
CCI进口3800,CCI3800outinfer,2026-02,2026-01-20,14,9.6828,0.0,14,15.3846,13,437.75,2026-02-02,2026-02-27
CCI进口3800,CCI3800outinfer,2026-02,2026-01-21,14,9.5783,0.0,14,7.6923,13,437.75,2026-02-02,2026-02-27
CCI进口3800,CCI3800outinfer,2026-02,2026-01-22,14,10.1718,0.0,14,0.0,13,435.38,2026-02-02,2026-02-27
CCI进口3800,CCI3800outinfer,2026-02,2026-01-23,14,10.255,0.0,14,7.6923,13,435.38,2026-02-02,2026-02-27
CCI进口3800,CCI3800outinfer,2026-02,2026-01-24,14,9.9346,0.0,14,7.6923,13,435.38,2026-02-02,2026-02-27
CCI进口3800,CCI3800outinfer,2026-02,2026-01-25,14,9.9346,0.0,14,7.6923,13,435.38,2026-02-02,2026-02-27
CCI进口3800,CCI3800outinfer,2026-02,2026-01-26,14,9.9346,0.0,14,7.6923,13,435.38,2026-02-02,2026-02-27
CCI进口3800,CCI3800outinfer,2026-02,2026-01-27,14,9.3758,7.1429,14,7.6923,13,437.12,2026-02-02,2026-02-27
CCI进口3800,CCI3800outinfer,2026-02,2026-01-28,14,9.1112,14.2857,14,7.6923,13,437.12,2026-02-02,2026-02-27
CCI进口3800,CCI3800outinfer,2026-02,2026-01-29,16,9.7535,25.0,16,0.0,13,436.5,2026-02-02,2026-02-28
CCI进口3800,CCI3800outinfer,2026-02,2026-01-30,16,6.8873,75.0,16,100.0,13,440.43,2026-02-02,2026-02-28
CCI进口3800,CCI3800outinfer,2026-03,2026-01-16,22,20.1581,0.0,22,46.6667,15,438.38,2026-03-02,2026-03-31
CCI进口3800,CCI3800outinfer,2026-03,2026-01-17,22,20.3736,0.0,22,60.0,15,438.38,2026-03-02,2026-03-31
CCI进口3800,CCI3800outinfer,2026-03,2026-01-18,22,20.3736,0.0,22,60.0,15,438.38,2026-03-02,2026-03-31
CCI进口3800,CCI3800outinfer,2026-03,2026-01-19,22,20.3736,0.0,22,60.0,15,438.38,2026-03-02,2026-03-31
CCI进口3800,CCI3800outinfer,2026-03,2026-01-20,22,20.7818,0.0,22,46.6667,15,437.75,2026-03-02,2026-03-31
CCI进口3800,CCI3800outinfer,2026-03,2026-01-21,22,20.8187,0.0,22,66.6667,15,437.75,2026-03-02,2026-03-31
CCI进口3800,CCI3800outinfer,2026-03,2026-01-22,22,21.4442,0.0,22,46.6667,15,435.38,2026-03-02,2026-03-31
CCI进口3800,CCI3800outinfer,2026-03,2026-01-23,22,21.5273,0.0,22,53.3333,15,435.38,2026-03-02,2026-03-31
CCI进口3800,CCI3800outinfer,2026-03,2026-01-24,22,21.2807,0.0,22,53.3333,15,435.38,2026-03-02,2026-03-31
CCI进口3800,CCI3800outinfer,2026-03,2026-01-25,22,21.2807,0.0,22,53.3333,15,435.38,2026-03-02,2026-03-31
CCI进口3800,CCI3800outinfer,2026-03,2026-01-26,22,21.2807,0.0,22,53.3333,15,435.38,2026-03-02,2026-03-31
CCI进口3800,CCI3800outinfer,2026-03,2026-01-27,22,20.9124,0.0,22,53.3333,15,437.12,2026-03-02,2026-03-31
CCI进口3800,CCI3800outinfer,2026-03,2026-01-28,22,20.7294,0.0,22,53.3333,15,437.12,2026-03-02,2026-03-31
CCI进口3800,CCI3800outinfer,2026-03,2026-01-29,22,20.7042,0.0,22,60.0,15,436.5,2026-03-02,2026-03-31
CCI进口3800,CCI3800outinfer,2026-03,2026-01-30,22,14.4414,100.0,22,33.3333,15,440.43,2026-03-02,2026-03-31
CCI进口3800,CCI3800outinfer,2026-03,2026-02-04,22,14.6379,100.0,22,60.0,15,450.01,2026-03-02,2026-03-31
CCI进口3800,CCI3800outinfer,2026-03,2026-02-05,22,14.2157,100.0,22,40.0,15,455.5,2026-03-02,2026-03-31
CCI进口3800,CCI3800outinfer,2026-03,2026-02-06,22,14.2974,100.0,22,40.0,15,456.16,2026-03-02,2026-03-31
CCI进口3800,CCI3800outinfer,2026-03,2026-02-07,22,13.9999,100.0,22,46.6667,15,460.09,2026-03-02,2026-03-31
CCI进口3800,CCI3800outinfer,2026-03,2026-02-08,22,13.9999,100.0,22,46.6667,15,460.09,2026-03-02,2026-03-31
CCI进口3800,CCI3800outinfer,2026-03,2026-02-09,22,13.9999,100.0,22,46.6667,15,460.09,2026-03-02,2026-03-31
CCI进口3800,CCI3800outinfer,2026-03,2026-02-10,22,13.7122,100.0,22,40.0,15,463.36,2026-03-02,2026-03-31
CCI进口3800,CCI3800outinfer,2026-03,2026-02-11,22,13.2235,100.0,22,46.6667,15,465.94,2026-03-02,2026-03-31
CCI进口3800,CCI3800outinfer,2026-03,2026-02-12,22,12.0841,100.0,22,53.3333,15,473.77,2026-03-02,2026-03-31
CCI进口3800,CCI3800outinfer,2026-03,2026-02-13,22,11.1402,86.3636,22,73.3333,15,480.91,2026-03-02,2026-03-31
CCI进口3800,CCI3800outinfer,2026-03,2026-02-14,22,9.4833,81.8182,22,33.3333,15,489.43,2026-03-02,2026-03-31
CCI进口3800,CCI3800outinfer,2026-03,2026-02-15,22,8.8621,95.4545,22,53.3333,15,489.43,2026-03-02,2026-03-31
CCI进口3800,CCI3800outinfer,2026-03,2026-02-16,22,8.8621,95.4545,22,53.3333,15,489.43,2026-03-02,2026-03-31
CCI进口3800,CCI3800outinfer,2026-03,2026-02-17,22,8.8621,95.4545,22,53.3333,15,489.43,2026-03-02,2026-03-31
CCI进口3800,CCI3800outinfer,2026-03,2026-02-18,22,8.8621,95.4545,22,53.3333,15,489.43,2026-03-02,2026-03-31
CCI进口3800,CCI3800outinfer,2026-03,2026-02-19,22,8.8621,95.4545,22,53.3333,15,489.43,2026-03-02,2026-03-31
CCI进口3800,CCI3800outinfer,2026-03,2026-02-20,22,8.8621,95.4545,22,53.3333,15,489.43,2026-03-02,2026-03-31
CCI进口3800,CCI3800outinfer,2026-03,2026-02-21,22,8.8621,95.4545,22,53.3333,15,489.43,2026-03-02,2026-03-31
CCI进口3800,CCI3800outinfer,2026-03,2026-02-22,22,8.8621,95.4545,22,53.3333,15,489.43,2026-03-02,2026-03-31
CCI进口3800,CCI3800outinfer,2026-03,2026-02-23,22,8.8621,95.4545,22,53.3333,15,489.43,2026-03-02,2026-03-31
CCI进口3800,CCI3800outinfer,2026-03,2026-02-24,22,8.8621,95.4545,22,53.3333,15,489.43,2026-03-02,2026-03-31
CCI进口3800,CCI3800outinfer,2026-03,2026-02-25,22,6.2084,100.0,22,40.0,15,502.91,2026-03-02,2026-03-31
CCI进口3800,CCI3800outinfer,2026-03,2026-02-26,22,4.8377,59.0909,22,53.3333,15,517.0,2026-03-02,2026-03-31
CCI进口3800,CCI3800outinfer,2026-03,2026-02-27,22,5.1429,50.0,22,60.0,15,519.37,2026-03-02,2026-03-31
CCI进口3800,CCI3800outinfer,2026-03,2026-02-28,22,4.1827,45.4545,22,46.6667,15,524.01,2026-03-02,2026-03-31
CCI进口3800,CCI3800outinfer,2026-04,2026-02-15,21,14.4814,0.0,21,33.3333,18,489.43,2026-04-01,2026-04-30
CCI进口3800,CCI3800outinfer,2026-04,2026-02-16,21,14.4814,0.0,21,33.3333,18,489.43,2026-04-01,2026-04-30
CCI进口3800,CCI3800outinfer,2026-04,2026-02-17,21,14.4814,0.0,21,33.3333,18,489.43,2026-04-01,2026-04-30
CCI进口3800,CCI3800outinfer,2026-04,2026-02-18,21,14.4814,0.0,21,33.3333,18,489.43,2026-04-01,2026-04-30
CCI进口3800,CCI3800outinfer,2026-04,2026-02-19,21,14.4814,0.0,21,33.3333,18,489.43,2026-04-01,2026-04-30
CCI进口3800,CCI3800outinfer,2026-04,2026-02-20,21,14.4814,0.0,21,33.3333,18,489.43,2026-04-01,2026-04-30
CCI进口3800,CCI3800outinfer,2026-04,2026-02-21,21,14.4814,0.0,21,33.3333,18,489.43,2026-04-01,2026-04-30
CCI进口3800,CCI3800outinfer,2026-04,2026-02-22,21,14.4814,0.0,21,33.3333,18,489.43,2026-04-01,2026-04-30
CCI进口3800,CCI3800outinfer,2026-04,2026-02-23,21,14.4814,0.0,21,33.3333,18,489.43,2026-04-01,2026-04-30
CCI进口3800,CCI3800outinfer,2026-04,2026-02-24,21,14.4814,0.0,21,33.3333,18,489.43,2026-04-01,2026-04-30
CCI进口3800,CCI3800outinfer,2026-04,2026-02-25,21,12.3163,0.0,21,50.0,18,502.91,2026-04-01,2026-04-30
CCI进口3800,CCI3800outinfer,2026-04,2026-02-26,21,11.5401,0.0,21,27.7778,18,517.0,2026-04-01,2026-04-30
CCI进口3800,CCI3800outinfer,2026-04,2026-02-27,21,11.7933,0.0,21,33.3333,18,519.37,2026-04-01,2026-04-30
CCI进口3800,CCI3800outinfer,2026-04,2026-02-28,21,11.1828,0.0,21,38.8889,18,524.01,2026-04-01,2026-04-30
CCI进口3800,CCI3800outinfer,2026-04,2026-03-01,21,8.4152,4.7619,21,27.7778,18,524.01,2026-04-01,2026-04-30
CCI进口3800,CCI3800outinfer,2026-04,2026-03-02,21,5.7258,71.4286,21,33.3333,18,524.01,2026-04-01,2026-04-30
CCI进口3800,CCI3800outinfer,2026-04,2026-03-03,21,5.486,38.0952,21,22.2222,18,534.09,2026-04-01,2026-04-30
CCI进口3800,CCI3800outinfer,2026-04,2026-03-04,21,4.0225,57.1429,21,27.7778,18,539.55,2026-04-01,2026-04-30
CCI进口3800,CCI3800outinfer,2026-04,2026-03-05,21,3.7964,38.0952,21,50.0,18,541.9,2026-04-01,2026-04-30
CCI进口3800,CCI3800outinfer,2026-04,2026-03-06,21,3.3572,66.6667,21,38.8889,18,541.12,2026-04-01,2026-04-30
CCI进口3800,CCI3800outinfer,2026-04,2026-03-09,21,3.1228,85.7143,21,22.2222,18,540.33,2026-04-01,2026-04-30
CCI进口3800,CCI3800outinfer,2026-04,2026-03-10,21,3.4362,23.8095,21,50.0,18,548.16,2026-04-01,2026-04-30
CCI进口3800,CCI3800outinfer,2026-04,2026-03-11,21,6.1937,0.0,20,44.4444,18,545.0,2026-04-01,2026-04-30
CCI进口3800,CCI3800outinfer,2026-04,2026-03-12,21,6.7549,90.0,20,22.2222,18,545.0,2026-04-01,2026-04-30
CCI进口3800,CCI3800outinfer,2026-04,2026-03-13,21,8.4148,100.0,20,22.2222,18,545.0,2026-04-01,2026-04-30
CCI进口3800,CCI3800outinfer,2026-04,2026-03-16,21,9.814,66.6667,21,5.5556,18,547.37,2026-04-01,2026-04-30
CCI进口3800,CCI3800outinfer,2026-04,2026-03-17,21,5.6516,61.9048,21,27.7778,18,547.37,2026-04-01,2026-04-30
CCI进口3800,CCI3800outinfer,2026-04,2026-03-18,21,5.0169,15.0,20,33.3333,18,545.79,2026-04-01,2026-04-30
CCI进口3800,CCI3800outinfer,2026-04,2026-03-19,21,4.0741,75.0,20,22.2222,18,545.0,2026-04-01,2026-04-30
CCI进口3800,CCI3800outinfer,2026-04,2026-03-20,21,3.57,61.9048,21,44.4444,18,547.37,2026-04-01,2026-04-30
CCI进口3800,CCI3800outinfer,2026-04,2026-03-23,21,3.9624,30.0,20,33.3333,18,545.79,2026-04-01,2026-04-30
CCI进口3800,CCI3800outinfer,2026-04,2026-03-24,21,6.4813,19.0476,21,38.8889,18,547.37,2026-04-01,2026-04-30
CCI进口3800,CCI3800outinfer,2026-04,2026-03-25,21,5.8102,15.0,20,38.8889,18,546.58,2026-04-01,2026-04-30
CCI进口3800,CCI3800outinfer,2026-04,2026-03-26,21,2.1687,85.0,20,38.8889,18,546.58,2026-04-01,2026-04-30
CCI进口3800,CCI3800outinfer,2026-04,2026-03-27,21,1.5676,80.9524,21,66.6667,18,547.37,2026-04-01,2026-04-30
CCI进口3800,CCI3800outinfer,2026-04,2026-03-30,21,3.3718,33.3333,21,38.8889,18,548.16,2026-04-01,2026-04-30
CCI进口3800,CCI3800outinfer,2026-04,2026-03-31,21,3.6721,23.8095,21,27.7778,18,548.16,2026-04-01,2026-04-30
CCI进口3800,CCI3800outinfer,2026-05,2026-03-17,19,14.6673,0.0,19,25.0,12,547.37,2026-05-06,2026-05-29
CCI进口3800,CCI3800outinfer,2026-05,2026-03-18,19,14.3846,0.0,19,50.0,12,545.79,2026-05-06,2026-05-29
CCI进口3800,CCI3800outinfer,2026-05,2026-03-19,19,12.6768,0.0,19,50.0,12,545.0,2026-05-06,2026-05-29
CCI进口3800,CCI3800outinfer,2026-05,2026-03-20,19,11.3665,0.0,19,58.3333,12,547.37,2026-05-06,2026-05-29
CCI进口3800,CCI3800outinfer,2026-05,2026-03-23,19,12.1331,0.0,19,75.0,12,545.79,2026-05-06,2026-05-29
CCI进口3800,CCI3800outinfer,2026-05,2026-03-24,19,15.696,0.0,19,41.6667,12,547.37,2026-05-06,2026-05-29
CCI进口3800,CCI3800outinfer,2026-05,2026-03-25,19,14.3686,0.0,19,58.3333,12,546.58,2026-05-06,2026-05-29
CCI进口3800,CCI3800outinfer,2026-05,2026-03-26,19,7.615,100.0,19,41.6667,12,546.58,2026-05-06,2026-05-29
CCI进口3800,CCI3800outinfer,2026-05,2026-03-27,19,6.4836,100.0,19,41.6667,12,547.37,2026-05-06,2026-05-29
CCI进口3800,CCI3800outinfer,2026-05,2026-03-30,19,12.4714,0.0,19,41.6667,12,548.16,2026-05-06,2026-05-29
CCI进口3800,CCI3800outinfer,2026-05,2026-03-31,19,12.7161,0.0,19,41.6667,12,548.16,2026-05-06,2026-05-29
CCI进口3800,CCI3800outinfer,2026-05,2026-04-01,19,12.3952,0.0,19,58.3333,12,548.16,2026-05-06,2026-05-29
CCI进口3800,CCI3800outinfer,2026-05,2026-04-02,19,2.9776,100.0,19,41.6667,12,545.0,2026-05-06,2026-05-29
CCI进口3800,CCI3800outinfer,2026-05,2026-04-03,19,2.8178,100.0,19,41.6667,12,546.58,2026-05-06,2026-05-29
CCI进口3800,CCI3800outinfer,2026-05,2026-04-07,19,1.7641,100.0,19,33.3333,12,545.79,2026-05-06,2026-05-29
CCI进口3800,CCI3800outinfer,2026-05,2026-04-08,19,1.5754,100.0,19,41.6667,12,548.1,2026-05-06,2026-05-29
CCI进口3800,CCI3800outinfer,2026-05,2026-04-09,19,1.5655,100.0,19,16.6667,12,546.45,2026-05-06,2026-05-29
CCI进口3800,CCI3800outinfer,2026-05,2026-04-10,19,2.9694,100.0,19,33.3333,12,550.38,2026-05-06,2026-05-29
CCI进口3800,CCI3800outinfer,2026-05,2026-04-13,19,3.1607,100.0,19,58.3333,12,553.45,2026-05-06,2026-05-29
CCI进口3800,CCI3800outinfer,2026-05,2026-04-14,19,3.3923,100.0,19,58.3333,12,553.45,2026-05-06,2026-05-29
CCI进口3800,CCI3800outinfer,2026-05,2026-04-15,19,4.1994,100.0,19,50.0,12,551.83,2026-05-06,2026-05-29
CCI进口3800,CCI3800outinfer,2026-05,2026-04-16,19,3.9683,100.0,19,50.0,12,555.69,2026-05-06,2026-05-29
CCI进口3800,CCI3800outinfer,2026-05,2026-04-17,19,4.9181,100.0,19,58.3333,12,560.37,2026-05-06,2026-05-29
CCI进口3800,CCI3800outinfer,2026-05,2026-04-20,19,3.8676,100.0,19,33.3333,12,564.23,2026-05-06,2026-05-29
CCI进口3800,CCI3800outinfer,2026-05,2026-04-21,19,3.8664,100.0,19,41.6667,12,564.23,2026-05-06,2026-05-29
CCI进口3800,CCI3800outinfer,2026-05,2026-04-22,19,3.6452,100.0,19,50.0,12,563.41,2026-05-06,2026-05-29
CCI进口3800,CCI3800outinfer,2026-05,2026-04-23,19,3.6222,100.0,19,50.0,12,566.55,2026-05-06,2026-05-29
CCI进口3800,CCI3800outinfer,2026-05,2026-04-24,19,2.2332,100.0,19,41.6667,12,568.93,2026-05-06,2026-05-29
CCI进口3800,CCI3800outinfer,2026-05,2026-04-27,19,3.1783,100.0,19,33.3333,12,571.25,2026-05-06,2026-05-29
CCI进口3800,CCI3800outinfer,2026-05,2026-04-28,19,3.6222,94.7368,19,50.0,12,578.14,2026-05-06,2026-05-29
CCI进口3800,CCI3800outinfer,2026-05,2026-04-29,19,2.3439,100.0,19,25.0,12,582.86,2026-05-06,2026-05-29
CCI进口3800,CCI3800outinfer,2026-05,2026-04-30,19,2.9475,78.9474,19,66.6667,12,584.41,2026-05-06,2026-05-29
CCI进口3800,CCI3800outinfer,2026-06,2026-04-17,21,3.7753,100.0,21,57.1429,14,560.37,2026-06-01,2026-06-30
CCI进口3800,CCI3800outinfer,2026-06,2026-04-20,21,3.4081,100.0,21,64.2857,14,564.23,2026-06-01,2026-06-30
CCI进口3800,CCI3800outinfer,2026-06,2026-04-21,21,3.5157,100.0,21,57.1429,14,564.23,2026-06-01,2026-06-30
CCI进口3800,CCI3800outinfer,2026-06,2026-04-22,21,3.3158,100.0,21,42.8571,14,563.41,2026-06-01,2026-06-30
CCI进口3800,CCI3800outinfer,2026-06,2026-04-23,21,3.1848,100.0,21,57.1429,14,566.55,2026-06-01,2026-06-30
CCI进口3800,CCI3800outinfer,2026-06,2026-04-24,21,2.7923,100.0,21,42.8571,14,568.93,2026-06-01,2026-06-30
CCI进口3800,CCI3800outinfer,2026-06,2026-04-27,21,2.937,100.0,21,42.8571,14,571.25,2026-06-01,2026-06-30
CCI进口3800,CCI3800outinfer,2026-06,2026-04-28,21,3.1848,76.1905,21,57.1429,14,578.14,2026-06-01,2026-06-30
CCI进口3800,CCI3800outinfer,2026-06,2026-04-29,21,2.7801,71.4286,21,50.0,14,582.86,2026-06-01,2026-06-30
CCI进口3800,CCI3800outinfer,2026-06,2026-04-30,21,3.1749,71.4286,21,57.1429,14,584.41,2026-06-01,2026-06-30
CCI进口3800,CCI3800outinfer,2026-06,2026-05-06,21,3.7672,28.5714,21,71.4286,14,592.15,2026-06-01,2026-06-30
CCI进口3800,CCI3800outinfer,2026-06,2026-05-07,21,2.7204,38.0952,21,50.0,14,602.0,2026-06-01,2026-06-30
CCI进口3800,CCI3800outinfer,2026-06,2026-05-08,21,3.2438,33.3333,21,50.0,14,601.11,2026-06-01,2026-06-30
CCI进口3800,CCI3800outinfer,2026-06,2026-05-09,21,4.5939,33.3333,21,57.1429,14,601.11,2026-06-01,2026-06-30
CCI进口3800,CCI3800outinfer,2026-06,2026-05-11,21,2.5189,52.381,21,50.0,14,601.11,2026-06-01,2026-06-30
CCI进口3800,CCI3800outinfer,2026-06,2026-05-12,21,5.956,66.6667,21,28.5714,14,600.23,2026-06-01,2026-06-30
CCI进口3800,CCI3800outinfer,2026-06,2026-05-13,21,2.6834,33.3333,21,85.7143,14,600.23,2026-06-01,2026-06-30
CCI进口3800,CCI3800outinfer,2026-06,2026-05-14,21,3.1192,38.0952,21,71.4286,14,604.08,2026-06-01,2026-06-30
CCI进口3800,CCI3800outinfer,2026-06,2026-05-27,21,2.9848,38.0952,21,71.4286,14,607.04,2026-06-01,2026-06-30
CCI进口3800,CCI3800outinfer,2026-06,2026-05-28,21,8.7989,20.0,20,28.5714,14,614.72,2026-06-01,2026-06-30
CCI进口3800,CCI3800outinfer,2026-06,2026-05-29,21,12.9708,0.0,21,21.4286,14,622.4,2026-06-01,2026-06-30
CCI进口3800,CCI3800outinfer,2026-07,2026-05-27,19,3.8739,100.0,19,15.3846,13,607.04,2026-07-01,2026-07-27
CCI进口3800,CCI3800outinfer,2026-07,2026-05-28,19,9.8127,52.6316,19,76.9231,13,614.72,2026-07-01,2026-07-27
CCI进口3800,CCI3800outinfer,2026-07,2026-05-29,19,15.2226,36.8421,19,69.2308,13,622.4,2026-07-01,2026-07-27
CCI进口3800,CCI3800outinfer,2026-07,2026-06-01,19,14.6445,36.8421,19,76.9231,13,621.49,2026-07-01,2026-07-27
CCI进口3800,CCI3800outinfer,2026-07,2026-06-02,19,13.0134,36.8421,19,76.9231,13,620.57,2026-07-01,2026-07-27
CCI进口3800,CCI3800outinfer,2026-07,2026-06-03,19,9.7978,52.6316,19,69.2308,13,620.57,2026-07-01,2026-07-27
CCI进口3800,CCI3800outinfer,2026-07,2026-06-04,19,7.0437,100.0,19,61.5385,13,621.49,2026-07-01,2026-07-27
CCI进口3800,CCI3800outinfer,2026-07,2026-06-05,19,6.8029,100.0,19,61.5385,13,617.65,2026-07-01,2026-07-27
CCI进口3800,CCI3800outinfer,2026-07,2026-06-08,19,6.636,100.0,19,92.3077,13,613.82,2026-07-01,2026-07-27
CCI进口3800,CCI3800outinfer,2026-07,2026-06-09,19,6.9997,100.0,19,76.9231,13,614.72,2026-07-01,2026-07-27
CCI进口3800,CCI3800outinfer,2026-07,2026-06-10,19,6.8294,100.0,19,92.3077,13,609.98,2026-07-01,2026-07-27
CCI进口3800,CCI3800outinfer,2026-07,2026-06-11,19,7.0695,100.0,19,92.3077,13,609.98,2026-07-01,2026-07-27
CCI进口3800,CCI3800outinfer,2026-07,2026-06-12,19,7.1266,100.0,19,61.5385,13,609.98,2026-07-01,2026-07-27
CCI进口3800,CCI3800outinfer,2026-07,2026-06-15,19,7.1523,100.0,19,69.2308,13,609.08,2026-07-01,2026-07-27
CCI进口3800,CCI3800outinfer,2026-07,2026-06-16,19,7.2898,100.0,19,30.7692,13,608.18,2026-07-01,2026-07-27
CCI进口3800,CCI3800outinfer,2026-07,2026-06-17,19,7.4563,100.0,19,61.5385,13,608.18,2026-07-01,2026-07-27
CCI进口3800,CCI3800outinfer,2026-07,2026-06-18,19,7.49,94.7368,19,46.1538,13,608.18,2026-07-01,2026-07-27
CCI进口3800,CCI3800outinfer,2026-07,2026-06-22,19,3.1898,100.0,19,69.2308,13,601.42,2026-07-01,2026-07-27
CCI进口3800,CCI3800outinfer,2026-07,2026-06-23,19,1.9779,100.0,19,69.2308,13,594.63,2026-07-01,2026-07-27
CCI进口3800,CCI3800outinfer,2026-07,2026-06-24,19,11.2186,100.0,19,61.5385,13,580.14,2026-07-01,2026-07-27
CCI进口3800,CCI3800outinfer,2026-07,2026-06-25,19,12.9897,100.0,19,69.2308,13,578.0,2026-07-01,2026-07-27
CCI进口3800,CCI3800outinfer,2026-07,2026-06-26,19,11.3859,100.0,19,69.2308,13,574.14,2026-07-01,2026-07-27
CCI进口3800,CCI3800outinfer,2026-07,2026-06-29,19,8.6918,100.0,19,76.9231,13,574.14,2026-07-01,2026-07-27
CCI进口3800,CCI3800outinfer,2026-07,2026-06-30,19,3.6638,100.0,18,76.9231,13,573.3,2026-07-01,2026-07-27
CCI进口4700,CCI4700outinfer,2025-11,2025-10-21,20,13.3567,0.0,20,57.1429,14,584.94,2025-11-03,2025-11-28
CCI进口4700,CCI4700outinfer,2025-11,2025-10-22,20,12.4981,0.0,20,42.8571,14,588.98,2025-11-03,2025-11-28
CCI进口4700,CCI4700outinfer,2025-11,2025-10-23,20,11.4355,0.0,20,50.0,14,593.01,2025-11-03,2025-11-28
CCI进口4700,CCI4700outinfer,2025-11,2025-10-24,20,11.3302,0.0,20,42.8571,14,593.01,2025-11-03,2025-11-28
CCI进口4700,CCI4700outinfer,2025-11,2025-10-25,20,11.6044,0.0,20,35.7143,14,593.01,2025-11-03,2025-11-28
CCI进口4700,CCI4700outinfer,2025-11,2025-10-26,20,11.6044,0.0,20,35.7143,14,593.01,2025-11-03,2025-11-28
CCI进口4700,CCI4700outinfer,2025-11,2025-10-27,20,11.6044,0.0,20,35.7143,14,593.01,2025-11-03,2025-11-28
CCI进口4700,CCI4700outinfer,2025-11,2025-10-28,20,11.7771,0.0,20,35.7143,14,592.18,2025-11-03,2025-11-28
CCI进口4700,CCI4700outinfer,2025-11,2025-10-29,20,11.6126,0.0,20,64.2857,14,591.35,2025-11-03,2025-11-28
CCI进口4700,CCI4700outinfer,2025-11,2025-10-30,20,11.2232,5.0,20,50.0,14,591.35,2025-11-03,2025-11-28
CCI进口4700,CCI4700outinfer,2025-11,2025-10-31,20,7.7802,40.0,20,57.1429,14,592.18,2025-11-03,2025-11-28
CCI进口4700,CCI4700outinfer,2025-12,2025-10-21,23,7.807,47.8261,23,50.0,18,584.94,2025-12-01,2025-12-31
CCI进口4700,CCI4700outinfer,2025-12,2025-10-22,23,6.8783,47.8261,23,38.8889,18,588.98,2025-12-01,2025-12-31
CCI进口4700,CCI4700outinfer,2025-12,2025-10-23,23,6.174,60.8696,23,44.4444,18,593.01,2025-12-01,2025-12-31
CCI进口4700,CCI4700outinfer,2025-12,2025-10-24,23,6.6086,60.8696,23,55.5556,18,593.01,2025-12-01,2025-12-31
CCI进口4700,CCI4700outinfer,2025-12,2025-10-25,23,7.5117,60.8696,23,44.4444,18,593.01,2025-12-01,2025-12-31
CCI进口4700,CCI4700outinfer,2025-12,2025-10-26,23,7.5117,60.8696,23,44.4444,18,593.01,2025-12-01,2025-12-31
CCI进口4700,CCI4700outinfer,2025-12,2025-10-27,23,7.5117,60.8696,23,44.4444,18,593.01,2025-12-01,2025-12-31
CCI进口4700,CCI4700outinfer,2025-12,2025-10-28,23,8.3196,52.1739,23,44.4444,18,592.18,2025-12-01,2025-12-31
CCI进口4700,CCI4700outinfer,2025-12,2025-10-29,23,8.7598,52.1739,23,44.4444,18,591.35,2025-12-01,2025-12-31
CCI进口4700,CCI4700outinfer,2025-12,2025-10-30,23,8.7883,52.1739,23,55.5556,18,591.35,2025-12-01,2025-12-31
CCI进口4700,CCI4700outinfer,2025-12,2025-10-31,23,2.6525,60.8696,23,44.4444,18,592.18,2025-12-01,2025-12-31
CCI进口4700,CCI4700outinfer,2025-12,2025-11-01,23,2.8421,56.5217,23,38.8889,18,592.18,2025-12-01,2025-12-31
CCI进口4700,CCI4700outinfer,2025-12,2025-11-02,23,2.552,52.1739,23,66.6667,18,592.18,2025-12-01,2025-12-31
CCI进口4700,CCI4700outinfer,2025-12,2025-11-03,23,2.552,52.1739,23,66.6667,18,592.18,2025-12-01,2025-12-31
CCI进口4700,CCI4700outinfer,2025-12,2025-11-04,23,4.7428,60.8696,23,38.8889,18,597.05,2025-12-01,2025-12-31
CCI进口4700,CCI4700outinfer,2025-12,2025-11-05,23,4.3345,69.5652,23,44.4444,18,605.12,2025-12-01,2025-12-31
CCI进口4700,CCI4700outinfer,2025-12,2025-11-06,23,3.9452,82.6087,23,50.0,18,617.22,2025-12-01,2025-12-31
CCI进口4700,CCI4700outinfer,2025-12,2025-11-07,23,9.5827,0.0,23,38.8889,18,629.32,2025-12-01,2025-12-31
CCI进口4700,CCI4700outinfer,2025-12,2025-11-08,23,10.5039,0.0,23,50.0,18,641.42,2025-12-01,2025-12-31
CCI进口4700,CCI4700outinfer,2025-12,2025-11-11,23,15.2298,0.0,23,33.3333,18,645.46,2025-12-01,2025-12-31
CCI进口4700,CCI4700outinfer,2025-12,2025-11-12,23,14.2575,0.0,23,33.3333,18,645.46,2025-12-01,2025-12-31
CCI进口4700,CCI4700outinfer,2025-12,2025-11-13,23,13.2721,0.0,23,33.3333,18,645.46,2025-12-01,2025-12-31
CCI进口4700,CCI4700outinfer,2025-12,2025-11-14,23,12.4185,0.0,23,33.3333,18,642.74,2025-12-01,2025-12-31
CCI进口4700,CCI4700outinfer,2025-12,2025-11-15,23,11.287,0.0,23,38.8889,18,643.65,2025-12-01,2025-12-31
CCI进口4700,CCI4700outinfer,2025-12,2025-11-16,23,11.287,0.0,23,38.8889,18,643.65,2025-12-01,2025-12-31
CCI进口4700,CCI4700outinfer,2025-12,2025-11-17,23,11.287,0.0,23,38.8889,18,643.65,2025-12-01,2025-12-31
CCI进口4700,CCI4700outinfer,2025-12,2025-11-18,23,12.2526,0.0,23,33.3333,18,647.67,2025-12-01,2025-12-31
CCI进口4700,CCI4700outinfer,2025-12,2025-11-19,23,12.829,0.0,23,33.3333,18,652.61,2025-12-01,2025-12-31
CCI进口4700,CCI4700outinfer,2025-12,2025-11-20,23,13.2734,0.0,23,33.3333,18,652.61,2025-12-01,2025-12-31
CCI进口4700,CCI4700outinfer,2025-12,2025-11-21,23,13.5237,0.0,23,33.3333,18,652.61,2025-12-01,2025-12-31
CCI进口4700,CCI4700outinfer,2025-12,2025-11-22,23,12.6272,0.0,23,33.3333,18,652.61,2025-12-01,2025-12-31
CCI进口4700,CCI4700outinfer,2025-12,2025-11-23,23,12.6272,0.0,23,33.3333,18,652.61,2025-12-01,2025-12-31
CCI进口4700,CCI4700outinfer,2025-12,2025-11-24,23,12.6272,0.0,23,33.3333,18,652.61,2025-12-01,2025-12-31
CCI进口4700,CCI4700outinfer,2025-12,2025-11-25,23,11.7309,0.0,23,44.4444,18,651.69,2025-12-01,2025-12-31
CCI进口4700,CCI4700outinfer,2025-12,2025-11-26,23,10.7831,13.0435,23,44.4444,18,650.78,2025-12-01,2025-12-31
CCI进口4700,CCI4700outinfer,2025-12,2025-11-27,23,10.7372,8.6957,23,33.3333,18,647.46,2025-12-01,2025-12-31
CCI进口4700,CCI4700outinfer,2025-12,2025-11-28,23,12.1104,4.3478,23,27.7778,18,645.85,2025-12-01,2025-12-31
CCI进口4700,CCI4700outinfer,2025-12,2025-11-29,23,12.4088,0.0,23,16.6667,18,637.83,2025-12-01,2025-12-31
CCI进口4700,CCI4700outinfer,2025-12,2025-11-30,23,12.4088,0.0,23,16.6667,18,637.83,2025-12-01,2025-12-31
CCI进口4700,CCI4700outinfer,2026-01,2025-11-17,20,18.7037,0.0,20,50.0,10,643.65,2026-01-05,2026-01-30
CCI进口4700,CCI4700outinfer,2026-01,2025-11-18,20,20.4166,0.0,20,30.0,10,647.67,2026-01-05,2026-01-30
CCI进口4700,CCI4700outinfer,2026-01,2025-11-19,20,20.9072,0.0,20,30.0,10,652.61,2026-01-05,2026-01-30
CCI进口4700,CCI4700outinfer,2026-01,2025-11-20,20,21.9449,0.0,20,40.0,10,652.61,2026-01-05,2026-01-30
CCI进口4700,CCI4700outinfer,2026-01,2025-11-21,20,22.1696,0.0,20,10.0,10,652.61,2026-01-05,2026-01-30
CCI进口4700,CCI4700outinfer,2026-01,2025-11-22,20,21.5934,0.0,20,50.0,10,652.61,2026-01-05,2026-01-30
CCI进口4700,CCI4700outinfer,2026-01,2025-11-23,20,21.5934,0.0,20,50.0,10,652.61,2026-01-05,2026-01-30
CCI进口4700,CCI4700outinfer,2026-01,2025-11-24,20,21.5934,0.0,20,50.0,10,652.61,2026-01-05,2026-01-30
CCI进口4700,CCI4700outinfer,2026-01,2025-11-25,20,21.0831,0.0,20,50.0,10,651.69,2026-01-05,2026-01-30
CCI进口4700,CCI4700outinfer,2026-01,2025-11-26,20,20.4194,0.0,20,30.0,10,650.78,2026-01-05,2026-01-30
CCI进口4700,CCI4700outinfer,2026-01,2025-11-27,20,21.0684,0.0,20,30.0,10,647.46,2026-01-05,2026-01-30
CCI进口4700,CCI4700outinfer,2026-01,2025-11-28,20,25.9835,0.0,20,50.0,10,645.85,2026-01-05,2026-01-30
CCI进口4700,CCI4700outinfer,2026-01,2025-11-29,20,27.7698,0.0,20,40.0,10,637.83,2026-01-05,2026-01-30
CCI进口4700,CCI4700outinfer,2026-01,2025-11-30,20,27.7698,0.0,20,40.0,10,637.83,2026-01-05,2026-01-30
CCI进口4700,CCI4700outinfer,2026-01,2025-12-01,20,27.7698,0.0,20,40.0,10,637.83,2026-01-05,2026-01-30
CCI进口4700,CCI4700outinfer,2026-01,2025-12-02,20,7.0508,100.0,20,30.0,10,628.92,2026-01-05,2026-01-30
CCI进口4700,CCI4700outinfer,2026-01,2025-12-03,20,8.2438,100.0,20,20.0,10,624.91,2026-01-05,2026-01-30
CCI进口4700,CCI4700outinfer,2026-01,2025-12-04,20,7.3616,100.0,20,60.0,10,620.03,2026-01-05,2026-01-30
CCI进口4700,CCI4700outinfer,2026-01,2025-12-05,20,6.6885,100.0,20,50.0,10,618.5,2026-01-05,2026-01-30
CCI进口4700,CCI4700outinfer,2026-01,2025-12-06,20,6.6779,100.0,20,50.0,10,614.5,2026-01-05,2026-01-30
CCI进口4700,CCI4700outinfer,2026-01,2025-12-07,20,6.6779,100.0,20,50.0,10,614.5,2026-01-05,2026-01-30
CCI进口4700,CCI4700outinfer,2026-01,2025-12-08,20,6.6779,100.0,20,50.0,10,614.5,2026-01-05,2026-01-30
CCI进口4700,CCI4700outinfer,2026-01,2025-12-09,20,3.772,100.0,20,30.0,10,610.49,2026-01-05,2026-01-30
CCI进口4700,CCI4700outinfer,2026-01,2025-12-10,20,3.3642,100.0,20,50.0,10,608.89,2026-01-05,2026-01-30
CCI进口4700,CCI4700outinfer,2026-01,2025-12-11,20,3.1969,100.0,20,40.0,10,604.03,2026-01-05,2026-01-30
CCI进口4700,CCI4700outinfer,2026-01,2025-12-12,20,3.5503,100.0,20,50.0,10,600.03,2026-01-05,2026-01-30
CCI进口4700,CCI4700outinfer,2026-01,2025-12-13,20,2.9142,100.0,20,40.0,10,592.79,2026-01-05,2026-01-30
CCI进口4700,CCI4700outinfer,2026-01,2025-12-14,20,2.9142,100.0,20,40.0,10,592.79,2026-01-05,2026-01-30
CCI进口4700,CCI4700outinfer,2026-01,2025-12-15,20,2.9142,100.0,20,40.0,10,592.79,2026-01-05,2026-01-30
CCI进口4700,CCI4700outinfer,2026-01,2025-12-16,20,3.0928,100.0,20,60.0,10,592.79,2026-01-05,2026-01-30
CCI进口4700,CCI4700outinfer,2026-01,2025-12-17,20,2.4534,100.0,20,50.0,10,589.56,2026-01-05,2026-01-30
CCI进口4700,CCI4700outinfer,2026-01,2025-12-18,20,1.2209,100.0,20,40.0,10,582.38,2026-01-05,2026-01-30
CCI进口4700,CCI4700outinfer,2026-01,2025-12-19,20,0.8639,100.0,20,50.0,10,578.39,2026-01-05,2026-01-30
CCI进口4700,CCI4700outinfer,2026-01,2025-12-20,20,1.1238,100.0,20,50.0,10,578.39,2026-01-05,2026-01-30
CCI进口4700,CCI4700outinfer,2026-01,2025-12-21,20,1.1238,100.0,20,50.0,10,578.39,2026-01-05,2026-01-30
CCI进口4700,CCI4700outinfer,2026-01,2025-12-22,20,1.1238,100.0,20,50.0,10,578.39,2026-01-05,2026-01-30
CCI进口4700,CCI4700outinfer,2026-01,2025-12-23,20,0.8215,100.0,20,60.0,10,574.4,2026-01-05,2026-01-30
CCI进口4700,CCI4700outinfer,2026-01,2025-12-24,20,0.7145,100.0,20,30.0,10,573.59,2026-01-05,2026-01-30
CCI进口4700,CCI4700outinfer,2026-01,2025-12-25,20,0.6731,100.0,20,60.0,10,572.77,2026-01-05,2026-01-30
CCI进口4700,CCI4700outinfer,2026-01,2025-12-26,20,0.64,100.0,20,80.0,10,571.15,2026-01-05,2026-01-30
CCI进口4700,CCI4700outinfer,2026-01,2025-12-27,20,0.7051,100.0,20,60.0,10,571.96,2026-01-05,2026-01-30
CCI进口4700,CCI4700outinfer,2026-01,2025-12-28,20,0.7051,100.0,20,60.0,10,571.96,2026-01-05,2026-01-30
CCI进口4700,CCI4700outinfer,2026-01,2025-12-29,20,0.7051,100.0,20,60.0,10,571.96,2026-01-05,2026-01-30
CCI进口4700,CCI4700outinfer,2026-01,2025-12-30,20,0.708,100.0,20,30.0,10,571.96,2026-01-05,2026-01-30
CCI进口4700,CCI4700outinfer,2026-01,2025-12-31,20,1.0782,47.3684,19,40.0,10,570.33,2026-01-05,2026-01-30
CCI进口4700,CCI4700outinfer,2026-02,2025-12-18,14,4.0251,64.2857,14,53.8462,13,582.38,2026-02-02,2026-02-27
CCI进口4700,CCI4700outinfer,2026-02,2025-12-19,14,4.3163,50.0,14,61.5385,13,578.39,2026-02-02,2026-02-27
CCI进口4700,CCI4700outinfer,2026-02,2025-12-20,14,4.1682,57.1429,14,69.2308,13,578.39,2026-02-02,2026-02-27
CCI进口4700,CCI4700outinfer,2026-02,2025-12-21,14,4.1682,57.1429,14,69.2308,13,578.39,2026-02-02,2026-02-27
CCI进口4700,CCI4700outinfer,2026-02,2025-12-22,14,4.1682,57.1429,14,69.2308,13,578.39,2026-02-02,2026-02-27
CCI进口4700,CCI4700outinfer,2026-02,2025-12-23,14,4.2452,50.0,14,61.5385,13,574.4,2026-02-02,2026-02-27
CCI进口4700,CCI4700outinfer,2026-02,2025-12-24,14,4.3041,64.2857,14,53.8462,13,573.59,2026-02-02,2026-02-27
CCI进口4700,CCI4700outinfer,2026-02,2025-12-25,14,4.5189,57.1429,14,69.2308,13,572.77,2026-02-02,2026-02-27
CCI进口4700,CCI4700outinfer,2026-02,2025-12-26,14,4.7585,57.1429,14,69.2308,13,571.15,2026-02-02,2026-02-27
CCI进口4700,CCI4700outinfer,2026-02,2025-12-27,14,4.8438,50.0,14,69.2308,13,571.96,2026-02-02,2026-02-27
CCI进口4700,CCI4700outinfer,2026-02,2025-12-28,14,4.8438,50.0,14,69.2308,13,571.96,2026-02-02,2026-02-27
CCI进口4700,CCI4700outinfer,2026-02,2025-12-29,14,4.8438,50.0,14,69.2308,13,571.96,2026-02-02,2026-02-27
CCI进口4700,CCI4700outinfer,2026-02,2025-12-30,14,5.0005,42.8571,14,76.9231,13,571.96,2026-02-02,2026-02-27
CCI进口4700,CCI4700outinfer,2026-02,2025-12-31,14,3.598,100.0,14,76.9231,13,570.33,2026-02-02,2026-02-27
CCI进口4700,CCI4700outinfer,2026-02,2026-01-01,14,3.6514,100.0,14,76.9231,13,570.33,2026-02-02,2026-02-27
CCI进口4700,CCI4700outinfer,2026-02,2026-01-02,14,3.7228,100.0,14,69.2308,13,570.33,2026-02-02,2026-02-27
CCI进口4700,CCI4700outinfer,2026-02,2026-01-03,14,3.7965,100.0,14,61.5385,13,570.33,2026-02-02,2026-02-27
CCI进口4700,CCI4700outinfer,2026-02,2026-01-04,14,3.7965,100.0,14,61.5385,13,570.33,2026-02-02,2026-02-27
CCI进口4700,CCI4700outinfer,2026-02,2026-01-05,14,3.8599,100.0,14,69.2308,13,569.52,2026-02-02,2026-02-27
CCI进口4700,CCI4700outinfer,2026-02,2026-01-06,14,3.9812,100.0,14,76.9231,13,569.52,2026-02-02,2026-02-27
CCI进口4700,CCI4700outinfer,2026-02,2026-01-07,14,4.0984,100.0,14,76.9231,13,569.52,2026-02-02,2026-02-27
CCI进口4700,CCI4700outinfer,2026-02,2026-01-08,14,4.131,100.0,14,76.9231,13,570.33,2026-02-02,2026-02-27
CCI进口4700,CCI4700outinfer,2026-02,2026-01-09,14,4.3013,100.0,14,76.9231,13,569.52,2026-02-02,2026-02-27
CCI进口4700,CCI4700outinfer,2026-02,2026-01-10,14,4.4615,92.8571,14,76.9231,13,569.52,2026-02-02,2026-02-27
CCI进口4700,CCI4700outinfer,2026-02,2026-01-11,14,4.4615,92.8571,14,76.9231,13,569.52,2026-02-02,2026-02-27
CCI进口4700,CCI4700outinfer,2026-02,2026-01-12,14,4.4615,92.8571,14,76.9231,13,569.52,2026-02-02,2026-02-27
CCI进口4700,CCI4700outinfer,2026-02,2026-01-14,14,4.7388,78.5714,14,69.2308,13,568.71,2026-02-02,2026-02-27
CCI进口4700,CCI4700outinfer,2026-02,2026-01-16,14,4.801,78.5714,14,76.9231,13,568.71,2026-02-02,2026-02-27
CCI进口4700,CCI4700outinfer,2026-02,2026-01-17,14,5.4725,92.8571,14,69.2308,13,564.76,2026-02-02,2026-02-27
CCI进口4700,CCI4700outinfer,2026-02,2026-01-18,14,5.4725,92.8571,14,69.2308,13,564.76,2026-02-02,2026-02-27
CCI进口4700,CCI4700outinfer,2026-02,2026-01-19,14,5.4725,92.8571,14,69.2308,13,564.76,2026-02-02,2026-02-27
CCI进口4700,CCI4700outinfer,2026-02,2026-01-20,14,5.7177,78.5714,14,84.6154,13,563.95,2026-02-02,2026-02-27
CCI进口4700,CCI4700outinfer,2026-02,2026-01-21,14,5.7884,71.4286,14,76.9231,13,563.95,2026-02-02,2026-02-27
CCI进口4700,CCI4700outinfer,2026-02,2026-01-22,14,6.2692,64.2857,14,69.2308,13,561.58,2026-02-02,2026-02-27
CCI进口4700,CCI4700outinfer,2026-02,2026-01-23,14,6.3389,42.8571,14,53.8462,13,561.58,2026-02-02,2026-02-27
CCI进口4700,CCI4700outinfer,2026-02,2026-01-24,14,6.4209,28.5714,14,53.8462,13,561.58,2026-02-02,2026-02-27
CCI进口4700,CCI4700outinfer,2026-02,2026-01-25,14,6.4209,28.5714,14,53.8462,13,561.58,2026-02-02,2026-02-27
CCI进口4700,CCI4700outinfer,2026-02,2026-01-26,14,6.4209,28.5714,14,53.8462,13,561.58,2026-02-02,2026-02-27
CCI进口4700,CCI4700outinfer,2026-02,2026-01-27,14,6.1865,28.5714,14,53.8462,13,563.14,2026-02-02,2026-02-27
CCI进口4700,CCI4700outinfer,2026-02,2026-01-28,14,6.2267,28.5714,14,61.5385,13,563.14,2026-02-02,2026-02-27
CCI进口4700,CCI4700outinfer,2026-02,2026-01-29,16,7.0546,6.25,16,46.1538,13,562.33,2026-02-02,2026-02-28
CCI进口4700,CCI4700outinfer,2026-02,2026-01-30,16,5.4418,81.25,16,84.6154,13,566.27,2026-02-02,2026-02-28
CCI进口4700,CCI4700outinfer,2026-03,2026-01-16,22,13.4713,100.0,22,53.3333,15,568.71,2026-03-02,2026-03-31
CCI进口4700,CCI4700outinfer,2026-03,2026-01-17,22,14.167,100.0,22,53.3333,15,564.76,2026-03-02,2026-03-31
CCI进口4700,CCI4700outinfer,2026-03,2026-01-18,22,14.167,100.0,22,53.3333,15,564.76,2026-03-02,2026-03-31
CCI进口4700,CCI4700outinfer,2026-03,2026-01-19,22,14.167,100.0,22,53.3333,15,564.76,2026-03-02,2026-03-31
CCI进口4700,CCI4700outinfer,2026-03,2026-01-20,22,14.5052,100.0,22,40.0,15,563.95,2026-03-02,2026-03-31
CCI进口4700,CCI4700outinfer,2026-03,2026-01-21,22,14.5694,100.0,22,60.0,15,563.95,2026-03-02,2026-03-31
CCI进口4700,CCI4700outinfer,2026-03,2026-01-22,22,15.0072,100.0,22,46.6667,15,561.58,2026-03-02,2026-03-31
CCI进口4700,CCI4700outinfer,2026-03,2026-01-23,22,15.1657,100.0,22,60.0,15,561.58,2026-03-02,2026-03-31
CCI进口4700,CCI4700outinfer,2026-03,2026-01-24,22,15.3038,100.0,22,66.6667,15,561.58,2026-03-02,2026-03-31
CCI进口4700,CCI4700outinfer,2026-03,2026-01-25,22,15.3038,100.0,22,66.6667,15,561.58,2026-03-02,2026-03-31
CCI进口4700,CCI4700outinfer,2026-03,2026-01-26,22,15.3038,100.0,22,66.6667,15,561.58,2026-03-02,2026-03-31
CCI进口4700,CCI4700outinfer,2026-03,2026-01-27,22,15.2761,100.0,22,46.6667,15,563.14,2026-03-02,2026-03-31
CCI进口4700,CCI4700outinfer,2026-03,2026-01-28,22,15.3678,100.0,22,53.3333,15,563.14,2026-03-02,2026-03-31
CCI进口4700,CCI4700outinfer,2026-03,2026-01-29,22,15.7029,100.0,22,66.6667,15,562.33,2026-03-02,2026-03-31
CCI进口4700,CCI4700outinfer,2026-03,2026-01-30,22,12.4996,100.0,22,66.6667,15,566.27,2026-03-02,2026-03-31
CCI进口4700,CCI4700outinfer,2026-03,2026-02-04,22,12.7048,100.0,22,53.3333,15,571.73,2026-03-02,2026-03-31
CCI进口4700,CCI4700outinfer,2026-03,2026-02-05,22,12.5357,100.0,22,66.6667,15,573.31,2026-03-02,2026-03-31
CCI进口4700,CCI4700outinfer,2026-03,2026-02-06,22,11.4046,100.0,22,53.3333,15,574.13,2026-03-02,2026-03-31
CCI进口4700,CCI4700outinfer,2026-03,2026-02-07,22,12.6475,100.0,22,53.3333,15,578.06,2026-03-02,2026-03-31
CCI进口4700,CCI4700outinfer,2026-03,2026-02-08,22,12.6475,100.0,22,53.3333,15,578.06,2026-03-02,2026-03-31
CCI进口4700,CCI4700outinfer,2026-03,2026-02-09,22,12.6475,100.0,22,53.3333,15,578.06,2026-03-02,2026-03-31
CCI进口4700,CCI4700outinfer,2026-03,2026-02-10,22,12.3999,100.0,22,53.3333,15,581.16,2026-03-02,2026-03-31
CCI进口4700,CCI4700outinfer,2026-03,2026-02-11,22,12.0746,100.0,22,40.0,15,583.4,2026-03-02,2026-03-31
CCI进口4700,CCI4700outinfer,2026-03,2026-02-12,22,10.6774,77.2727,22,53.3333,15,595.15,2026-03-02,2026-03-31
CCI进口4700,CCI4700outinfer,2026-03,2026-02-13,22,9.4401,54.5455,22,53.3333,15,606.02,2026-03-02,2026-03-31
CCI进口4700,CCI4700outinfer,2026-03,2026-02-14,22,8.7215,45.4545,22,40.0,15,614.73,2026-03-02,2026-03-31
CCI进口4700,CCI4700outinfer,2026-03,2026-02-15,22,7.8787,59.0909,22,66.6667,15,614.73,2026-03-02,2026-03-31
CCI进口4700,CCI4700outinfer,2026-03,2026-02-16,22,7.8787,59.0909,22,66.6667,15,614.73,2026-03-02,2026-03-31
CCI进口4700,CCI4700outinfer,2026-03,2026-02-17,22,7.8787,59.0909,22,66.6667,15,614.73,2026-03-02,2026-03-31
CCI进口4700,CCI4700outinfer,2026-03,2026-02-18,22,7.8787,59.0909,22,66.6667,15,614.73,2026-03-02,2026-03-31
CCI进口4700,CCI4700outinfer,2026-03,2026-02-19,22,7.8787,59.0909,22,66.6667,15,614.73,2026-03-02,2026-03-31
CCI进口4700,CCI4700outinfer,2026-03,2026-02-20,22,7.8787,59.0909,22,66.6667,15,614.73,2026-03-02,2026-03-31
CCI进口4700,CCI4700outinfer,2026-03,2026-02-21,22,7.8787,59.0909,22,66.6667,15,614.73,2026-03-02,2026-03-31
CCI进口4700,CCI4700outinfer,2026-03,2026-02-22,22,7.8787,59.0909,22,66.6667,15,614.73,2026-03-02,2026-03-31
CCI进口4700,CCI4700outinfer,2026-03,2026-02-23,22,7.8787,59.0909,22,66.6667,15,614.73,2026-03-02,2026-03-31
CCI进口4700,CCI4700outinfer,2026-03,2026-02-24,22,7.8787,59.0909,22,66.6667,15,614.73,2026-03-02,2026-03-31
CCI进口4700,CCI4700outinfer,2026-03,2026-02-25,22,5.7209,63.6364,22,53.3333,15,627.66,2026-03-02,2026-03-31
CCI进口4700,CCI4700outinfer,2026-03,2026-02-26,22,3.9272,63.6364,22,53.3333,15,641.39,2026-03-02,2026-03-31
CCI进口4700,CCI4700outinfer,2026-03,2026-02-27,22,2.4494,81.8182,22,46.6667,15,643.4,2026-03-02,2026-03-31
CCI进口4700,CCI4700outinfer,2026-03,2026-02-28,22,0.9309,100.0,22,46.6667,15,648.22,2026-03-02,2026-03-31
CCI进口4700,CCI4700outinfer,2026-04,2026-02-15,21,13.6416,0.0,21,21.0526,19,614.73,2026-04-01,2026-04-30
CCI进口4700,CCI4700outinfer,2026-04,2026-02-16,21,13.6416,0.0,21,21.0526,19,614.73,2026-04-01,2026-04-30
CCI进口4700,CCI4700outinfer,2026-04,2026-02-17,21,13.6416,0.0,21,21.0526,19,614.73,2026-04-01,2026-04-30
CCI进口4700,CCI4700outinfer,2026-04,2026-02-18,21,13.6416,0.0,21,21.0526,19,614.73,2026-04-01,2026-04-30
CCI进口4700,CCI4700outinfer,2026-04,2026-02-19,21,13.6416,0.0,21,21.0526,19,614.73,2026-04-01,2026-04-30
CCI进口4700,CCI4700outinfer,2026-04,2026-02-20,21,13.6416,0.0,21,21.0526,19,614.73,2026-04-01,2026-04-30
CCI进口4700,CCI4700outinfer,2026-04,2026-02-21,21,13.6416,0.0,21,21.0526,19,614.73,2026-04-01,2026-04-30
CCI进口4700,CCI4700outinfer,2026-04,2026-02-22,21,13.6416,0.0,21,21.0526,19,614.73,2026-04-01,2026-04-30
CCI进口4700,CCI4700outinfer,2026-04,2026-02-23,21,13.6416,0.0,21,21.0526,19,614.73,2026-04-01,2026-04-30
CCI进口4700,CCI4700outinfer,2026-04,2026-02-24,21,13.6416,0.0,21,21.0526,19,614.73,2026-04-01,2026-04-30
CCI进口4700,CCI4700outinfer,2026-04,2026-02-25,21,11.9421,0.0,21,31.5789,19,627.66,2026-04-01,2026-04-30
CCI进口4700,CCI4700outinfer,2026-04,2026-02-26,21,11.2101,0.0,21,36.8421,19,641.39,2026-04-01,2026-04-30
CCI进口4700,CCI4700outinfer,2026-04,2026-02-27,21,9.7646,0.0,21,36.8421,19,643.4,2026-04-01,2026-04-30
CCI进口4700,CCI4700outinfer,2026-04,2026-02-28,21,7.2398,9.5238,21,42.1053,19,648.22,2026-04-01,2026-04-30
CCI进口4700,CCI4700outinfer,2026-04,2026-03-01,21,3.512,100.0,21,26.3158,19,648.22,2026-04-01,2026-04-30
CCI进口4700,CCI4700outinfer,2026-04,2026-03-02,21,3.7328,100.0,21,15.7895,19,648.22,2026-04-01,2026-04-30
CCI进口4700,CCI4700outinfer,2026-04,2026-03-03,21,3.878,100.0,21,26.3158,19,658.85,2026-04-01,2026-04-30
CCI进口4700,CCI4700outinfer,2026-04,2026-03-04,21,6.2304,100.0,21,31.5789,19,664.67,2026-04-01,2026-04-30
CCI进口4700,CCI4700outinfer,2026-04,2026-03-05,21,6.685,100.0,21,36.8421,19,667.19,2026-04-01,2026-04-30
CCI进口4700,CCI4700outinfer,2026-04,2026-03-06,21,3.3056,100.0,21,26.3158,19,666.23,2026-04-01,2026-04-30
CCI进口4700,CCI4700outinfer,2026-04,2026-03-09,21,2.737,100.0,21,42.1053,19,665.27,2026-04-01,2026-04-30
CCI进口4700,CCI4700outinfer,2026-04,2026-03-10,21,2.7108,33.3333,21,47.3684,19,673.46,2026-04-01,2026-04-30
CCI进口4700,CCI4700outinfer,2026-04,2026-03-11,21,5.3481,0.0,20,26.3158,19,669.57,2026-04-01,2026-04-30
CCI进口4700,CCI4700outinfer,2026-04,2026-03-12,21,10.251,0.0,20,21.0526,19,669.57,2026-04-01,2026-04-30
CCI进口4700,CCI4700outinfer,2026-04,2026-03-13,21,10.5936,0.0,20,31.5789,19,669.57,2026-04-01,2026-04-30
CCI进口4700,CCI4700outinfer,2026-04,2026-03-16,21,6.9032,50.0,20,21.0526,19,672.49,2026-04-01,2026-04-30
CCI进口4700,CCI4700outinfer,2026-04,2026-03-17,21,7.0001,20.0,20,26.3158,19,672.49,2026-04-01,2026-04-30
CCI进口4700,CCI4700outinfer,2026-04,2026-03-18,21,6.9234,15.0,20,21.0526,19,670.54,2026-04-01,2026-04-30
CCI进口4700,CCI4700outinfer,2026-04,2026-03-19,21,7.8948,0.0,20,21.0526,19,669.57,2026-04-01,2026-04-30
CCI进口4700,CCI4700outinfer,2026-04,2026-03-20,21,7.0936,20.0,20,21.0526,19,672.49,2026-04-01,2026-04-30
CCI进口4700,CCI4700outinfer,2026-04,2026-03-23,21,6.9487,10.0,20,21.0526,19,670.54,2026-04-01,2026-04-30
CCI进口4700,CCI4700outinfer,2026-04,2026-03-24,21,6.1653,20.0,20,21.0526,19,672.49,2026-04-01,2026-04-30
CCI进口4700,CCI4700outinfer,2026-04,2026-03-25,21,5.7247,15.0,20,21.0526,19,671.51,2026-04-01,2026-04-30
CCI进口4700,CCI4700outinfer,2026-04,2026-03-26,21,5.0759,15.0,20,21.0526,19,671.51,2026-04-01,2026-04-30
CCI进口4700,CCI4700outinfer,2026-04,2026-03-27,21,4.4175,15.0,20,21.0526,19,672.49,2026-04-01,2026-04-30
CCI进口4700,CCI4700outinfer,2026-04,2026-03-30,21,5.6178,23.8095,21,52.6316,19,673.46,2026-04-01,2026-04-30
CCI进口4700,CCI4700outinfer,2026-04,2026-03-31,21,7.1796,23.8095,21,31.5789,19,673.46,2026-04-01,2026-04-30
CCI进口4700,CCI4700outinfer,2026-05,2026-03-17,19,19.1055,0.0,19,54.5455,11,672.49,2026-05-06,2026-05-29
CCI进口4700,CCI4700outinfer,2026-05,2026-03-18,19,19.053,0.0,19,45.4545,11,670.54,2026-05-06,2026-05-29
CCI进口4700,CCI4700outinfer,2026-05,2026-03-19,19,18.0312,0.0,19,63.6364,11,669.57,2026-05-06,2026-05-29
CCI进口4700,CCI4700outinfer,2026-05,2026-03-20,19,17.3426,0.0,19,45.4545,11,672.49,2026-05-06,2026-05-29
CCI进口4700,CCI4700outinfer,2026-05,2026-03-23,19,17.1716,0.0,19,36.3636,11,670.54,2026-05-06,2026-05-29
CCI进口4700,CCI4700outinfer,2026-05,2026-03-24,19,16.5248,0.0,19,45.4545,11,672.49,2026-05-06,2026-05-29
CCI进口4700,CCI4700outinfer,2026-05,2026-03-25,19,16.0666,0.0,19,45.4545,11,671.51,2026-05-06,2026-05-29
CCI进口4700,CCI4700outinfer,2026-05,2026-03-26,19,15.3632,0.0,19,36.3636,11,671.51,2026-05-06,2026-05-29
CCI进口4700,CCI4700outinfer,2026-05,2026-03-27,19,14.6312,0.0,19,54.5455,11,672.49,2026-05-06,2026-05-29
CCI进口4700,CCI4700outinfer,2026-05,2026-03-30,19,13.7691,0.0,19,72.7273,11,673.46,2026-05-06,2026-05-29
CCI进口4700,CCI4700outinfer,2026-05,2026-03-31,19,15.1399,0.0,19,45.4545,11,673.46,2026-05-06,2026-05-29
CCI进口4700,CCI4700outinfer,2026-05,2026-04-01,19,14.7261,0.0,19,72.7273,11,673.46,2026-05-06,2026-05-29
CCI进口4700,CCI4700outinfer,2026-05,2026-04-02,19,8.9938,42.1053,19,45.4545,11,669.57,2026-05-06,2026-05-29
CCI进口4700,CCI4700outinfer,2026-05,2026-04-03,19,8.5503,68.4211,19,27.2727,11,671.51,2026-05-06,2026-05-29
CCI进口4700,CCI4700outinfer,2026-05,2026-04-07,19,8.7005,78.9474,19,27.2727,11,670.54,2026-05-06,2026-05-29
CCI进口4700,CCI4700outinfer,2026-05,2026-04-08,19,8.6165,52.6316,19,45.4545,11,672.49,2026-05-06,2026-05-29
CCI进口4700,CCI4700outinfer,2026-05,2026-04-09,19,9.173,47.3684,19,36.3636,11,670.12,2026-05-06,2026-05-29
CCI进口4700,CCI4700outinfer,2026-05,2026-04-10,19,8.7076,5.2632,19,54.5455,11,674.41,2026-05-06,2026-05-29
CCI进口4700,CCI4700outinfer,2026-05,2026-04-13,19,8.6866,0.0,19,45.4545,11,677.29,2026-05-06,2026-05-29
CCI进口4700,CCI4700outinfer,2026-05,2026-04-14,19,8.6661,0.0,19,27.2727,11,679.62,2026-05-06,2026-05-29
CCI进口4700,CCI4700outinfer,2026-05,2026-04-15,19,8.2445,0.0,19,81.8182,11,677.63,2026-05-06,2026-05-29
CCI进口4700,CCI4700outinfer,2026-05,2026-04-16,19,7.5828,63.1579,19,27.2727,11,681.49,2026-05-06,2026-05-29
CCI进口4700,CCI4700outinfer,2026-05,2026-04-17,19,6.8198,63.1579,19,45.4545,11,686.35,2026-05-06,2026-05-29
CCI进口4700,CCI4700outinfer,2026-05,2026-04-20,19,6.3137,52.6316,19,54.5455,11,690.22,2026-05-06,2026-05-29
CCI进口4700,CCI4700outinfer,2026-05,2026-04-21,19,6.2938,57.8947,19,45.4545,11,690.22,2026-05-06,2026-05-29
CCI进口4700,CCI4700outinfer,2026-05,2026-04-22,19,6.5016,42.1053,19,63.6364,11,689.21,2026-05-06,2026-05-29
CCI进口4700,CCI4700outinfer,2026-05,2026-04-23,19,6.1868,36.8421,19,36.3636,11,692.54,2026-05-06,2026-05-29
CCI进口4700,CCI4700outinfer,2026-05,2026-04-24,19,5.8245,36.8421,19,27.2727,11,696.65,2026-05-06,2026-05-29
CCI进口4700,CCI4700outinfer,2026-05,2026-04-27,19,4.867,57.8947,19,27.2727,11,700.52,2026-05-06,2026-05-29
CCI进口4700,CCI4700outinfer,2026-05,2026-04-28,19,6.1868,0.0,19,36.3636,11,707.22,2026-05-06,2026-05-29
CCI进口4700,CCI4700outinfer,2026-05,2026-04-29,19,3.2712,63.1579,19,18.1818,11,712.13,2026-05-06,2026-05-29
CCI进口4700,CCI4700outinfer,2026-05,2026-04-30,19,2.502,78.9474,19,36.3636,11,716.0,2026-05-06,2026-05-29
CCI进口4700,CCI4700outinfer,2026-06,2026-04-17,21,8.5835,0.0,21,75.0,12,686.35,2026-06-01,2026-06-30
CCI进口4700,CCI4700outinfer,2026-06,2026-04-20,21,8.1713,0.0,21,66.6667,12,690.22,2026-06-01,2026-06-30
CCI进口4700,CCI4700outinfer,2026-06,2026-04-21,21,8.2161,0.0,21,66.6667,12,690.22,2026-06-01,2026-06-30
CCI进口4700,CCI4700outinfer,2026-06,2026-04-22,21,8.4532,0.0,21,66.6667,12,689.21,2026-06-01,2026-06-30
CCI进口4700,CCI4700outinfer,2026-06,2026-04-23,21,8.2735,0.0,21,50.0,12,692.54,2026-06-01,2026-06-30
CCI进口4700,CCI4700outinfer,2026-06,2026-04-24,21,8.1001,0.0,21,58.3333,12,696.65,2026-06-01,2026-06-30
CCI进口4700,CCI4700outinfer,2026-06,2026-04-27,21,7.2139,0.0,21,66.6667,12,700.52,2026-06-01,2026-06-30
CCI进口4700,CCI4700outinfer,2026-06,2026-04-28,21,8.2735,0.0,21,50.0,12,707.22,2026-06-01,2026-06-30
CCI进口4700,CCI4700outinfer,2026-06,2026-04-29,21,6.0192,0.0,21,50.0,12,712.13,2026-06-01,2026-06-30
CCI进口4700,CCI4700outinfer,2026-06,2026-04-30,21,5.3966,0.0,21,66.6667,12,716.0,2026-06-01,2026-06-30
CCI进口4700,CCI4700outinfer,2026-06,2026-05-06,21,6.1672,0.0,21,66.6667,12,723.74,2026-06-01,2026-06-30
CCI进口4700,CCI4700outinfer,2026-06,2026-05-07,21,5.3184,0.0,21,58.3333,12,733.2,2026-06-01,2026-06-30
CCI进口4700,CCI4700outinfer,2026-06,2026-05-08,21,5.5881,0.0,21,66.6667,12,732.13,2026-06-01,2026-06-30
CCI进口4700,CCI4700outinfer,2026-06,2026-05-09,21,5.7143,0.0,21,58.3333,12,732.13,2026-06-01,2026-06-30
CCI进口4700,CCI4700outinfer,2026-06,2026-05-11,21,5.7938,0.0,21,83.3333,12,732.13,2026-06-01,2026-06-30
CCI进口4700,CCI4700outinfer,2026-06,2026-05-12,21,1.305,100.0,21,75.0,12,731.05,2026-06-01,2026-06-30
CCI进口4700,CCI4700outinfer,2026-06,2026-05-13,21,3.002,28.5714,21,75.0,12,731.05,2026-06-01,2026-06-30
CCI进口4700,CCI4700outinfer,2026-06,2026-05-14,21,2.9836,40.0,20,66.6667,12,734.9,2026-06-01,2026-06-30
CCI进口4700,CCI4700outinfer,2026-06,2026-05-27,21,5.4074,28.5714,21,75.0,12,741.51,2026-06-01,2026-06-30
CCI进口4700,CCI4700outinfer,2026-06,2026-05-28,21,6.2778,61.9048,21,41.6667,12,749.19,2026-06-01,2026-06-30
CCI进口4700,CCI4700outinfer,2026-06,2026-05-29,21,8.6701,0.0,20,33.3333,12,756.87,2026-06-01,2026-06-30
CCI进口4700,CCI4700outinfer,2026-07,2026-05-27,19,2.356,100.0,19,30.7692,13,741.51,2026-07-01,2026-07-27
CCI进口4700,CCI4700outinfer,2026-07,2026-05-28,19,5.1834,57.8947,19,69.2308,13,749.19,2026-07-01,2026-07-27
CCI进口4700,CCI4700outinfer,2026-07,2026-05-29,19,8.9338,42.1053,19,76.9231,13,756.87,2026-07-01,2026-07-27
CCI进口4700,CCI4700outinfer,2026-07,2026-06-01,19,8.4966,36.8421,19,76.9231,13,755.76,2026-07-01,2026-07-27
CCI进口4700,CCI4700outinfer,2026-07,2026-06-02,19,7.2184,42.1053,19,61.5385,13,754.65,2026-07-01,2026-07-27
CCI进口4700,CCI4700outinfer,2026-07,2026-06-03,19,4.7265,57.8947,19,61.5385,13,754.65,2026-07-01,2026-07-27
CCI进口4700,CCI4700outinfer,2026-07,2026-06-04,19,2.3278,100.0,19,61.5385,13,755.76,2026-07-01,2026-07-27
CCI进口4700,CCI4700outinfer,2026-07,2026-06-05,19,2.5981,100.0,19,69.2308,13,755.76,2026-07-01,2026-07-27
CCI进口4700,CCI4700outinfer,2026-07,2026-06-08,19,5.1188,63.1579,19,46.1538,13,755.76,2026-07-01,2026-07-27
CCI进口4700,CCI4700outinfer,2026-07,2026-06-09,19,5.6676,52.6316,19,38.4615,13,756.87,2026-07-01,2026-07-27
CCI进口4700,CCI4700outinfer,2026-07,2026-06-10,19,3.2789,100.0,19,76.9231,13,751.92,2026-07-01,2026-07-27
CCI进口4700,CCI4700outinfer,2026-07,2026-06-11,19,3.5555,100.0,19,69.2308,13,751.92,2026-07-01,2026-07-27
CCI进口4700,CCI4700outinfer,2026-07,2026-06-12,19,3.6426,100.0,19,61.5385,13,751.92,2026-07-01,2026-07-27
CCI进口4700,CCI4700outinfer,2026-07,2026-06-15,19,3.739,100.0,19,53.8462,13,750.82,2026-07-01,2026-07-27
CCI进口4700,CCI4700outinfer,2026-07,2026-06-16,19,3.9245,100.0,19,53.8462,13,749.71,2026-07-01,2026-07-27
CCI进口4700,CCI4700outinfer,2026-07,2026-06-17,19,4.1254,100.0,19,69.2308,13,749.71,2026-07-01,2026-07-27
CCI进口4700,CCI4700outinfer,2026-07,2026-06-18,19,4.2094,100.0,19,53.8462,13,749.71,2026-07-01,2026-07-27
CCI进口4700,CCI4700outinfer,2026-07,2026-06-22,19,3.7388,100.0,19,38.4615,13,746.99,2026-07-01,2026-07-27
CCI进口4700,CCI4700outinfer,2026-07,2026-06-23,19,3.1672,100.0,19,53.8462,13,744.25,2026-07-01,2026-07-27
CCI进口4700,CCI4700outinfer,2026-07,2026-06-24,19,1.8721,100.0,19,61.5385,13,737.66,2026-07-01,2026-07-27
CCI进口4700,CCI4700outinfer,2026-07,2026-06-25,19,1.4406,100.0,19,69.2308,13,739.83,2026-07-01,2026-07-27
CCI进口4700,CCI4700outinfer,2026-07,2026-06-26,19,1.5424,100.0,19,69.2308,13,735.98,2026-07-01,2026-07-27
CCI进口4700,CCI4700outinfer,2026-07,2026-06-29,19,1.6042,100.0,19,76.9231,13,735.98,2026-07-01,2026-07-27
CCI进口4700,CCI4700outinfer,2026-07,2026-06-30,19,1.1492,100.0,18,76.9231,13,734.9,2026-07-01,2026-07-27
CCI进口5500,CCI5500outinfer,2025-11,2025-10-21,20,16.0254,0.0,20,53.3333,15,746.31,2025-11-03,2025-11-28
CCI进口5500,CCI5500outinfer,2025-11,2025-10-22,20,15.4112,0.0,20,60.0,15,750.34,2025-11-03,2025-11-28
CCI进口5500,CCI5500outinfer,2025-11,2025-10-23,20,14.5423,0.0,20,33.3333,15,756.8,2025-11-03,2025-11-28
CCI进口5500,CCI5500outinfer,2025-11,2025-10-24,20,14.0552,0.0,20,46.6667,15,758.41,2025-11-03,2025-11-28
CCI进口5500,CCI5500outinfer,2025-11,2025-10-25,20,13.6602,0.0,20,40.0,15,760.2,2025-11-03,2025-11-28
CCI进口5500,CCI5500outinfer,2025-11,2025-10-26,20,13.6602,0.0,20,40.0,15,760.2,2025-11-03,2025-11-28
CCI进口5500,CCI5500outinfer,2025-11,2025-10-27,20,13.6602,0.0,20,40.0,15,760.2,2025-11-03,2025-11-28
CCI进口5500,CCI5500outinfer,2025-11,2025-10-28,20,13.2523,0.0,20,53.3333,15,758.96,2025-11-03,2025-11-28
CCI进口5500,CCI5500outinfer,2025-11,2025-10-29,20,7.5985,25.0,20,26.6667,15,757.9,2025-11-03,2025-11-28
CCI进口5500,CCI5500outinfer,2025-11,2025-10-30,20,7.5176,30.0,20,33.3333,15,757.9,2025-11-03,2025-11-28
CCI进口5500,CCI5500outinfer,2025-11,2025-10-31,20,6.8395,55.0,20,60.0,15,758.96,2025-11-03,2025-11-28
CCI进口5500,CCI5500outinfer,2025-12,2025-10-21,23,9.2882,60.8696,23,63.6364,22,746.31,2025-12-01,2025-12-31
CCI进口5500,CCI5500outinfer,2025-12,2025-10-22,23,8.8951,60.8696,23,54.5455,22,750.34,2025-12-01,2025-12-31
CCI进口5500,CCI5500outinfer,2025-12,2025-10-23,23,7.9738,65.2174,23,59.0909,22,756.8,2025-12-01,2025-12-31
CCI进口5500,CCI5500outinfer,2025-12,2025-10-24,23,7.4916,65.2174,23,50.0,22,758.41,2025-12-01,2025-12-31
CCI进口5500,CCI5500outinfer,2025-12,2025-10-25,23,7.3865,65.2174,23,54.5455,22,760.2,2025-12-01,2025-12-31
CCI进口5500,CCI5500outinfer,2025-12,2025-10-26,23,7.3865,65.2174,23,54.5455,22,760.2,2025-12-01,2025-12-31
CCI进口5500,CCI5500outinfer,2025-12,2025-10-27,23,7.3865,65.2174,23,54.5455,22,760.2,2025-12-01,2025-12-31
CCI进口5500,CCI5500outinfer,2025-12,2025-10-28,23,5.7567,65.2174,23,50.0,22,758.96,2025-12-01,2025-12-31
CCI进口5500,CCI5500outinfer,2025-12,2025-10-29,23,5.5994,65.2174,23,50.0,22,757.9,2025-12-01,2025-12-31
CCI进口5500,CCI5500outinfer,2025-12,2025-10-30,23,5.6216,65.2174,23,59.0909,22,757.9,2025-12-01,2025-12-31
CCI进口5500,CCI5500outinfer,2025-12,2025-10-31,23,6.5177,34.7826,23,45.4545,22,758.96,2025-12-01,2025-12-31
CCI进口5500,CCI5500outinfer,2025-12,2025-11-01,23,6.9656,30.4348,23,40.9091,22,758.96,2025-12-01,2025-12-31
CCI进口5500,CCI5500outinfer,2025-12,2025-11-02,23,6.7892,39.1304,23,54.5455,22,758.96,2025-12-01,2025-12-31
CCI进口5500,CCI5500outinfer,2025-12,2025-11-03,23,6.7892,39.1304,23,54.5455,22,758.96,2025-12-01,2025-12-31
CCI进口5500,CCI5500outinfer,2025-12,2025-11-04,23,6.0193,69.5652,23,45.4545,22,768.09,2025-12-01,2025-12-31
CCI进口5500,CCI5500outinfer,2025-12,2025-11-05,23,5.9212,69.5652,23,54.5455,22,776.16,2025-12-01,2025-12-31
CCI进口5500,CCI5500outinfer,2025-12,2025-11-06,23,5.8363,82.6087,23,54.5455,22,790.68,2025-12-01,2025-12-31
CCI进口5500,CCI5500outinfer,2025-12,2025-11-07,23,9.3811,47.8261,23,54.5455,22,798.75,2025-12-01,2025-12-31
CCI进口5500,CCI5500outinfer,2025-12,2025-11-08,23,11.6963,4.3478,23,63.6364,22,806.82,2025-12-01,2025-12-31
CCI进口5500,CCI5500outinfer,2025-12,2025-11-11,23,9.2043,100.0,23,63.6364,22,814.89,2025-12-01,2025-12-31
CCI进口5500,CCI5500outinfer,2025-12,2025-11-12,23,9.8354,100.0,23,63.6364,22,817.31,2025-12-01,2025-12-31
CCI进口5500,CCI5500outinfer,2025-12,2025-11-13,23,9.9073,91.3043,23,63.6364,22,817.31,2025-12-01,2025-12-31
CCI进口5500,CCI5500outinfer,2025-12,2025-11-14,23,7.2315,100.0,23,63.6364,22,813.87,2025-12-01,2025-12-31
CCI进口5500,CCI5500outinfer,2025-12,2025-11-15,23,6.6221,100.0,23,86.3636,22,820.65,2025-12-01,2025-12-31
CCI进口5500,CCI5500outinfer,2025-12,2025-11-16,23,6.6221,100.0,23,86.3636,22,820.65,2025-12-01,2025-12-31
CCI进口5500,CCI5500outinfer,2025-12,2025-11-17,23,6.6221,100.0,23,86.3636,22,820.65,2025-12-01,2025-12-31
CCI进口5500,CCI5500outinfer,2025-12,2025-11-18,23,7.0855,100.0,23,77.2727,22,828.7,2025-12-01,2025-12-31
CCI进口5500,CCI5500outinfer,2025-12,2025-11-19,23,23.3487,0.0,23,36.3636,22,832.28,2025-12-01,2025-12-31
CCI进口5500,CCI5500outinfer,2025-12,2025-11-20,23,19.6623,0.0,23,63.6364,22,832.28,2025-12-01,2025-12-31
CCI进口5500,CCI5500outinfer,2025-12,2025-11-21,23,15.425,17.3913,23,59.0909,22,832.28,2025-12-01,2025-12-31
CCI进口5500,CCI5500outinfer,2025-12,2025-11-22,23,11.9434,78.2609,23,54.5455,22,832.28,2025-12-01,2025-12-31
CCI进口5500,CCI5500outinfer,2025-12,2025-11-23,23,11.9434,78.2609,23,54.5455,22,832.28,2025-12-01,2025-12-31
CCI进口5500,CCI5500outinfer,2025-12,2025-11-24,23,11.9434,78.2609,23,54.5455,22,832.28,2025-12-01,2025-12-31
CCI进口5500,CCI5500outinfer,2025-12,2025-11-25,23,10.2159,100.0,23,63.6364,22,831.11,2025-12-01,2025-12-31
CCI进口5500,CCI5500outinfer,2025-12,2025-11-26,23,11.3655,95.6522,23,63.6364,22,829.94,2025-12-01,2025-12-31
CCI进口5500,CCI5500outinfer,2025-12,2025-11-27,23,14.6184,0.0,23,40.9091,22,826.37,2025-12-01,2025-12-31
CCI进口5500,CCI5500outinfer,2025-12,2025-11-28,23,15.9254,0.0,23,31.8182,22,823.96,2025-12-01,2025-12-31
CCI进口5500,CCI5500outinfer,2025-12,2025-11-29,23,17.0587,0.0,23,18.1818,22,818.35,2025-12-01,2025-12-31
CCI进口5500,CCI5500outinfer,2025-12,2025-11-30,23,17.0587,0.0,23,18.1818,22,818.35,2025-12-01,2025-12-31
CCI进口5500,CCI5500outinfer,2026-01,2025-11-17,20,11.9874,100.0,20,69.2308,13,820.65,2026-01-05,2026-01-30
CCI进口5500,CCI5500outinfer,2026-01,2025-11-18,20,11.6044,100.0,20,23.0769,13,828.7,2026-01-05,2026-01-30
CCI进口5500,CCI5500outinfer,2026-01,2025-11-19,20,34.2803,0.0,20,61.5385,13,832.28,2026-01-05,2026-01-30
CCI进口5500,CCI5500outinfer,2026-01,2025-11-20,20,27.4607,0.0,20,61.5385,13,832.28,2026-01-05,2026-01-30
CCI进口5500,CCI5500outinfer,2026-01,2025-11-21,20,21.492,0.0,20,46.1538,13,832.28,2026-01-05,2026-01-30
CCI进口5500,CCI5500outinfer,2026-01,2025-11-22,20,16.8946,100.0,20,46.1538,13,832.28,2026-01-05,2026-01-30
CCI进口5500,CCI5500outinfer,2026-01,2025-11-23,20,16.8946,100.0,20,46.1538,13,832.28,2026-01-05,2026-01-30
CCI进口5500,CCI5500outinfer,2026-01,2025-11-24,20,16.8946,100.0,20,46.1538,13,832.28,2026-01-05,2026-01-30
CCI进口5500,CCI5500outinfer,2026-01,2025-11-25,20,14.3733,100.0,20,61.5385,13,831.11,2026-01-05,2026-01-30
CCI进口5500,CCI5500outinfer,2026-01,2025-11-26,20,16.8789,100.0,20,30.7692,13,829.94,2026-01-05,2026-01-30
CCI进口5500,CCI5500outinfer,2026-01,2025-11-27,20,21.9284,0.0,20,53.8462,13,826.37,2026-01-05,2026-01-30
CCI进口5500,CCI5500outinfer,2026-01,2025-11-28,20,25.9865,0.0,20,38.4615,13,823.96,2026-01-05,2026-01-30
CCI进口5500,CCI5500outinfer,2026-01,2025-11-29,20,29.17,0.0,20,30.7692,13,818.35,2026-01-05,2026-01-30
CCI进口5500,CCI5500outinfer,2026-01,2025-11-30,20,29.17,0.0,20,30.7692,13,818.35,2026-01-05,2026-01-30
CCI进口5500,CCI5500outinfer,2026-01,2025-12-01,20,29.17,0.0,20,30.7692,13,818.35,2026-01-05,2026-01-30
CCI进口5500,CCI5500outinfer,2026-01,2025-12-02,20,9.0046,100.0,20,30.7692,13,809.18,2026-01-05,2026-01-30
CCI进口5500,CCI5500outinfer,2026-01,2025-12-03,20,11.4909,100.0,20,61.5385,13,801.17,2026-01-05,2026-01-30
CCI进口5500,CCI5500outinfer,2026-01,2025-12-04,20,14.5298,65.0,20,53.8462,13,796.04,2026-01-05,2026-01-30
CCI进口5500,CCI5500outinfer,2026-01,2025-12-05,20,15.8465,0.0,20,53.8462,13,793.16,2026-01-05,2026-01-30
CCI进口5500,CCI5500outinfer,2026-01,2025-12-06,20,15.7874,0.0,20,53.8462,13,785.15,2026-01-05,2026-01-30
CCI进口5500,CCI5500outinfer,2026-01,2025-12-07,20,15.7874,0.0,20,53.8462,13,785.15,2026-01-05,2026-01-30
CCI进口5500,CCI5500outinfer,2026-01,2025-12-08,20,15.7874,0.0,20,53.8462,13,785.15,2026-01-05,2026-01-30
CCI进口5500,CCI5500outinfer,2026-01,2025-12-09,20,19.3795,0.0,20,46.1538,13,781.14,2026-01-05,2026-01-30
CCI进口5500,CCI5500outinfer,2026-01,2025-12-10,20,21.5892,0.0,20,46.1538,13,777.13,2026-01-05,2026-01-30
CCI进口5500,CCI5500outinfer,2026-01,2025-12-11,20,21.1542,0.0,20,46.1538,13,768.04,2026-01-05,2026-01-30
CCI进口5500,CCI5500outinfer,2026-01,2025-12-12,20,20.2466,0.0,20,53.8462,13,756.04,2026-01-05,2026-01-30
CCI进口5500,CCI5500outinfer,2026-01,2025-12-13,20,15.9672,0.0,20,53.8462,13,742.99,2026-01-05,2026-01-30
CCI进口5500,CCI5500outinfer,2026-01,2025-12-14,20,15.9672,0.0,20,53.8462,13,742.99,2026-01-05,2026-01-30
CCI进口5500,CCI5500outinfer,2026-01,2025-12-15,20,15.9672,0.0,20,53.8462,13,742.99,2026-01-05,2026-01-30
CCI进口5500,CCI5500outinfer,2026-01,2025-12-16,20,12.8409,0.0,20,61.5385,13,735.0,2026-01-05,2026-01-30
CCI进口5500,CCI5500outinfer,2026-01,2025-12-17,20,9.9947,0.0,20,46.1538,13,725.98,2026-01-05,2026-01-30
CCI进口5500,CCI5500outinfer,2026-01,2025-12-18,20,8.4632,0.0,20,46.1538,13,721.99,2026-01-05,2026-01-30
CCI进口5500,CCI5500outinfer,2026-01,2025-12-19,20,6.1533,0.0,20,53.8462,13,718.0,2026-01-05,2026-01-30
CCI进口5500,CCI5500outinfer,2026-01,2025-12-20,20,2.9357,65.0,20,46.1538,13,715.61,2026-01-05,2026-01-30
CCI进口5500,CCI5500outinfer,2026-01,2025-12-21,20,2.9357,65.0,20,46.1538,13,715.61,2026-01-05,2026-01-30
CCI进口5500,CCI5500outinfer,2026-01,2025-12-22,20,2.9357,65.0,20,46.1538,13,715.61,2026-01-05,2026-01-30
CCI进口5500,CCI5500outinfer,2026-01,2025-12-23,20,1.0059,100.0,20,38.4615,13,710.02,2026-01-05,2026-01-30
CCI进口5500,CCI5500outinfer,2026-01,2025-12-24,20,2.357,100.0,20,53.8462,13,705.04,2026-01-05,2026-01-30
CCI进口5500,CCI5500outinfer,2026-01,2025-12-25,20,4.4048,95.0,20,53.8462,13,700.06,2026-01-05,2026-01-30
CCI进口5500,CCI5500outinfer,2026-01,2025-12-26,20,6.8085,0.0,20,53.8462,13,682.2,2026-01-05,2026-01-30
CCI进口5500,CCI5500outinfer,2026-01,2025-12-27,20,5.7567,0.0,20,61.5385,13,675.23,2026-01-05,2026-01-30
CCI进口5500,CCI5500outinfer,2026-01,2025-12-28,20,5.7567,0.0,20,61.5385,13,675.23,2026-01-05,2026-01-30
CCI进口5500,CCI5500outinfer,2026-01,2025-12-29,20,5.7567,0.0,20,61.5385,13,675.23,2026-01-05,2026-01-30
CCI进口5500,CCI5500outinfer,2026-01,2025-12-30,20,5.2063,0.0,20,53.8462,13,671.26,2026-01-05,2026-01-30
CCI进口5500,CCI5500outinfer,2026-01,2025-12-31,20,5.6145,0.0,20,46.1538,13,669.35,2026-01-05,2026-01-30
CCI进口5500,CCI5500outinfer,2026-02,2025-12-18,14,5.5334,64.2857,14,61.5385,13,721.99,2026-02-02,2026-02-27
CCI进口5500,CCI5500outinfer,2026-02,2025-12-19,14,3.2458,71.4286,14,84.6154,13,718.0,2026-02-02,2026-02-27
CCI进口5500,CCI5500outinfer,2026-02,2025-12-20,14,2.4418,78.5714,14,69.2308,13,715.61,2026-02-02,2026-02-27
CCI进口5500,CCI5500outinfer,2026-02,2025-12-21,14,2.4418,78.5714,14,69.2308,13,715.61,2026-02-02,2026-02-27
CCI进口5500,CCI5500outinfer,2026-02,2025-12-22,14,2.4418,78.5714,14,69.2308,13,715.61,2026-02-02,2026-02-27
CCI进口5500,CCI5500outinfer,2026-02,2025-12-23,14,5.0787,14.2857,14,69.2308,13,710.02,2026-02-02,2026-02-27
CCI进口5500,CCI5500outinfer,2026-02,2025-12-24,14,9.1004,7.1429,14,46.1538,13,705.04,2026-02-02,2026-02-27
CCI进口5500,CCI5500outinfer,2026-02,2025-12-25,14,9.7552,0.0,14,30.7692,13,700.06,2026-02-02,2026-02-27
CCI进口5500,CCI5500outinfer,2026-02,2025-12-26,14,11.0739,0.0,14,46.1538,13,682.2,2026-02-02,2026-02-27
CCI进口5500,CCI5500outinfer,2026-02,2025-12-27,14,9.0237,28.5714,14,53.8462,13,675.23,2026-02-02,2026-02-27
CCI进口5500,CCI5500outinfer,2026-02,2025-12-28,14,9.0237,28.5714,14,53.8462,13,675.23,2026-02-02,2026-02-27
CCI进口5500,CCI5500outinfer,2026-02,2025-12-29,14,9.0237,28.5714,14,53.8462,13,675.23,2026-02-02,2026-02-27
CCI进口5500,CCI5500outinfer,2026-02,2025-12-30,14,8.9949,28.5714,14,76.9231,13,671.26,2026-02-02,2026-02-27
CCI进口5500,CCI5500outinfer,2026-02,2025-12-31,14,10.1239,28.5714,14,61.5385,13,669.35,2026-02-02,2026-02-27
CCI进口5500,CCI5500outinfer,2026-02,2026-01-01,14,7.9617,71.4286,14,61.5385,13,673.31,2026-02-02,2026-02-27
CCI进口5500,CCI5500outinfer,2026-02,2026-01-02,14,8.0335,71.4286,14,61.5385,13,673.31,2026-02-02,2026-02-27
CCI进口5500,CCI5500outinfer,2026-02,2026-01-03,14,8.1057,71.4286,14,61.5385,13,673.31,2026-02-02,2026-02-27
CCI进口5500,CCI5500outinfer,2026-02,2026-01-04,14,8.1057,71.4286,14,61.5385,13,673.31,2026-02-02,2026-02-27
CCI进口5500,CCI5500outinfer,2026-02,2026-01-05,14,7.8219,42.8571,14,61.5385,13,680.26,2026-02-02,2026-02-27
CCI进口5500,CCI5500outinfer,2026-02,2026-01-06,14,9.5525,0.0,14,53.8462,13,682.63,2026-02-02,2026-02-27
CCI进口5500,CCI5500outinfer,2026-02,2026-01-07,14,10.6997,0.0,14,53.8462,13,688.17,2026-02-02,2026-02-27
CCI进口5500,CCI5500outinfer,2026-02,2026-01-08,14,8.8682,0.0,14,46.1538,13,697.07,2026-02-02,2026-02-27
CCI进口5500,CCI5500outinfer,2026-02,2026-01-09,14,9.1249,0.0,14,23.0769,13,700.04,2026-02-02,2026-02-27
CCI进口5500,CCI5500outinfer,2026-02,2026-01-10,14,8.4158,0.0,14,53.8462,13,700.04,2026-02-02,2026-02-27
CCI进口5500,CCI5500outinfer,2026-02,2026-01-11,14,8.4158,0.0,14,53.8462,13,700.04,2026-02-02,2026-02-27
CCI进口5500,CCI5500outinfer,2026-02,2026-01-12,14,8.4158,0.0,14,53.8462,13,700.04,2026-02-02,2026-02-27
CCI进口5500,CCI5500outinfer,2026-02,2026-01-14,14,7.2695,0.0,14,38.4615,13,699.03,2026-02-02,2026-02-27
CCI进口5500,CCI5500outinfer,2026-02,2026-01-16,14,8.0311,0.0,14,38.4615,13,695.09,2026-02-02,2026-02-27
CCI进口5500,CCI5500outinfer,2026-02,2026-01-17,14,7.995,7.1429,14,46.1538,13,693.51,2026-02-02,2026-02-27
CCI进口5500,CCI5500outinfer,2026-02,2026-01-18,14,7.995,7.1429,14,46.1538,13,693.51,2026-02-02,2026-02-27
CCI进口5500,CCI5500outinfer,2026-02,2026-01-19,14,7.995,7.1429,14,46.1538,13,693.51,2026-02-02,2026-02-27
CCI进口5500,CCI5500outinfer,2026-02,2026-01-20,14,7.8444,0.0,14,23.0769,13,692.51,2026-02-02,2026-02-27
CCI进口5500,CCI5500outinfer,2026-02,2026-01-21,14,7.6331,0.0,14,15.3846,13,692.51,2026-02-02,2026-02-27
CCI进口5500,CCI5500outinfer,2026-02,2026-01-22,14,7.5456,7.1429,14,30.7692,13,690.15,2026-02-02,2026-02-27
CCI进口5500,CCI5500outinfer,2026-02,2026-01-23,14,8.0129,0.0,14,30.7692,13,690.15,2026-02-02,2026-02-27
CCI进口5500,CCI5500outinfer,2026-02,2026-01-24,14,8.4226,0.0,14,46.1538,13,690.15,2026-02-02,2026-02-27
CCI进口5500,CCI5500outinfer,2026-02,2026-01-25,14,8.4226,0.0,14,46.1538,13,690.15,2026-02-02,2026-02-27
CCI进口5500,CCI5500outinfer,2026-02,2026-01-26,14,8.4226,0.0,14,46.1538,13,690.15,2026-02-02,2026-02-27
CCI进口5500,CCI5500outinfer,2026-02,2026-01-27,14,5.5291,100.0,14,53.8462,13,689.16,2026-02-02,2026-02-27
CCI进口5500,CCI5500outinfer,2026-02,2026-01-28,14,4.2406,100.0,14,69.2308,13,691.52,2026-02-02,2026-02-27
CCI进口5500,CCI5500outinfer,2026-02,2026-01-29,16,5.5376,100.0,16,85.7143,14,692.1,2026-02-02,2026-02-28
CCI进口5500,CCI5500outinfer,2026-02,2026-01-30,16,7.193,0.0,16,35.7143,14,696.03,2026-02-02,2026-02-28
CCI进口5500,CCI5500outinfer,2026-03,2026-01-16,22,17.8098,0.0,22,62.5,16,695.09,2026-03-02,2026-03-31
CCI进口5500,CCI5500outinfer,2026-03,2026-01-17,22,17.3378,0.0,22,43.75,16,693.51,2026-03-02,2026-03-31
CCI进口5500,CCI5500outinfer,2026-03,2026-01-18,22,17.3378,0.0,22,43.75,16,693.51,2026-03-02,2026-03-31
CCI进口5500,CCI5500outinfer,2026-03,2026-01-19,22,17.3378,0.0,22,43.75,16,693.51,2026-03-02,2026-03-31
CCI进口5500,CCI5500outinfer,2026-03,2026-01-20,22,17.4466,0.0,22,62.5,16,692.51,2026-03-02,2026-03-31
CCI进口5500,CCI5500outinfer,2026-03,2026-01-21,22,17.5254,0.0,22,56.25,16,692.51,2026-03-02,2026-03-31
CCI进口5500,CCI5500outinfer,2026-03,2026-01-22,22,17.0378,0.0,22,56.25,16,690.15,2026-03-02,2026-03-31
CCI进口5500,CCI5500outinfer,2026-03,2026-01-23,22,16.3786,13.6364,22,31.25,16,690.15,2026-03-02,2026-03-31
CCI进口5500,CCI5500outinfer,2026-03,2026-01-24,22,15.9398,68.1818,22,50.0,16,690.15,2026-03-02,2026-03-31
CCI进口5500,CCI5500outinfer,2026-03,2026-01-25,22,15.9398,68.1818,22,50.0,16,690.15,2026-03-02,2026-03-31
CCI进口5500,CCI5500outinfer,2026-03,2026-01-26,22,15.9398,68.1818,22,50.0,16,690.15,2026-03-02,2026-03-31
CCI进口5500,CCI5500outinfer,2026-03,2026-01-27,22,11.0742,100.0,22,62.5,16,689.16,2026-03-02,2026-03-31
CCI进口5500,CCI5500outinfer,2026-03,2026-01-28,22,7.2384,100.0,22,37.5,16,691.52,2026-03-02,2026-03-31
CCI进口5500,CCI5500outinfer,2026-03,2026-01-29,22,9.199,100.0,22,43.75,16,692.1,2026-03-02,2026-03-31
CCI进口5500,CCI5500outinfer,2026-03,2026-01-30,22,11.9576,100.0,22,37.5,16,696.03,2026-03-02,2026-03-31
CCI进口5500,CCI5500outinfer,2026-03,2026-02-04,22,12.6337,68.1818,22,50.0,16,706.82,2026-03-02,2026-03-31
CCI进口5500,CCI5500outinfer,2026-03,2026-02-05,22,10.0788,100.0,22,43.75,16,714.67,2026-03-02,2026-03-31
CCI进口5500,CCI5500outinfer,2026-03,2026-02-06,22,10.6036,100.0,22,31.25,16,715.7,2026-03-02,2026-03-31
CCI进口5500,CCI5500outinfer,2026-03,2026-02-07,22,13.6382,0.0,22,43.75,16,719.63,2026-03-02,2026-03-31
CCI进口5500,CCI5500outinfer,2026-03,2026-02-08,22,13.6382,0.0,22,43.75,16,719.63,2026-03-02,2026-03-31
CCI进口5500,CCI5500outinfer,2026-03,2026-02-09,22,13.6382,0.0,22,43.75,16,719.63,2026-03-02,2026-03-31
CCI进口5500,CCI5500outinfer,2026-03,2026-02-10,22,14.8074,0.0,22,37.5,16,722.52,2026-03-02,2026-03-31
CCI进口5500,CCI5500outinfer,2026-03,2026-02-11,22,14.7173,0.0,22,31.25,16,724.36,2026-03-02,2026-03-31
CCI进口5500,CCI5500outinfer,2026-03,2026-02-12,22,13.688,0.0,22,50.0,16,736.1,2026-03-02,2026-03-31
CCI进口5500,CCI5500outinfer,2026-03,2026-02-13,22,13.4798,0.0,22,62.5,16,738.95,2026-03-02,2026-03-31
CCI进口5500,CCI5500outinfer,2026-03,2026-02-14,22,13.005,0.0,22,50.0,16,743.94,2026-03-02,2026-03-31
CCI进口5500,CCI5500outinfer,2026-03,2026-02-15,22,12.948,0.0,22,37.5,16,743.94,2026-03-02,2026-03-31
CCI进口5500,CCI5500outinfer,2026-03,2026-02-16,22,12.948,0.0,22,37.5,16,743.94,2026-03-02,2026-03-31
CCI进口5500,CCI5500outinfer,2026-03,2026-02-17,22,12.948,0.0,22,37.5,16,743.94,2026-03-02,2026-03-31
CCI进口5500,CCI5500outinfer,2026-03,2026-02-18,22,12.948,0.0,22,37.5,16,743.94,2026-03-02,2026-03-31
CCI进口5500,CCI5500outinfer,2026-03,2026-02-19,22,12.948,0.0,22,37.5,16,743.94,2026-03-02,2026-03-31
CCI进口5500,CCI5500outinfer,2026-03,2026-02-20,22,12.948,0.0,22,37.5,16,743.94,2026-03-02,2026-03-31
CCI进口5500,CCI5500outinfer,2026-03,2026-02-21,22,12.948,0.0,22,37.5,16,743.94,2026-03-02,2026-03-31
CCI进口5500,CCI5500outinfer,2026-03,2026-02-22,22,12.948,0.0,22,37.5,16,743.94,2026-03-02,2026-03-31
CCI进口5500,CCI5500outinfer,2026-03,2026-02-23,22,12.948,0.0,22,37.5,16,743.94,2026-03-02,2026-03-31
CCI进口5500,CCI5500outinfer,2026-03,2026-02-24,22,12.948,0.0,22,37.5,16,743.94,2026-03-02,2026-03-31
CCI进口5500,CCI5500outinfer,2026-03,2026-02-25,22,11.3621,0.0,22,62.5,16,756.31,2026-03-02,2026-03-31
CCI进口5500,CCI5500outinfer,2026-03,2026-02-26,22,8.5927,18.1818,22,43.75,16,777.44,2026-03-02,2026-03-31
CCI进口5500,CCI5500outinfer,2026-03,2026-02-27,22,9.1816,0.0,22,50.0,16,782.93,2026-03-02,2026-03-31
CCI进口5500,CCI5500outinfer,2026-03,2026-02-28,22,7.8822,0.0,22,37.5,16,787.95,2026-03-02,2026-03-31
CCI进口5500,CCI5500outinfer,2026-04,2026-02-15,21,16.652,0.0,21,26.3158,19,743.94,2026-04-01,2026-04-30
CCI进口5500,CCI5500outinfer,2026-04,2026-02-16,21,16.652,0.0,21,26.3158,19,743.94,2026-04-01,2026-04-30
CCI进口5500,CCI5500outinfer,2026-04,2026-02-17,21,16.652,0.0,21,26.3158,19,743.94,2026-04-01,2026-04-30
CCI进口5500,CCI5500outinfer,2026-04,2026-02-18,21,16.652,0.0,21,26.3158,19,743.94,2026-04-01,2026-04-30
CCI进口5500,CCI5500outinfer,2026-04,2026-02-19,21,16.652,0.0,21,26.3158,19,743.94,2026-04-01,2026-04-30
CCI进口5500,CCI5500outinfer,2026-04,2026-02-20,21,16.652,0.0,21,26.3158,19,743.94,2026-04-01,2026-04-30
CCI进口5500,CCI5500outinfer,2026-04,2026-02-21,21,16.652,0.0,21,26.3158,19,743.94,2026-04-01,2026-04-30
CCI进口5500,CCI5500outinfer,2026-04,2026-02-22,21,16.652,0.0,21,26.3158,19,743.94,2026-04-01,2026-04-30
CCI进口5500,CCI5500outinfer,2026-04,2026-02-23,21,16.652,0.0,21,26.3158,19,743.94,2026-04-01,2026-04-30
CCI进口5500,CCI5500outinfer,2026-04,2026-02-24,21,16.652,0.0,21,26.3158,19,743.94,2026-04-01,2026-04-30
CCI进口5500,CCI5500outinfer,2026-04,2026-02-25,21,16.9258,0.0,21,42.1053,19,756.31,2026-04-01,2026-04-30
CCI进口5500,CCI5500outinfer,2026-04,2026-02-26,21,16.2517,0.0,21,31.5789,19,777.44,2026-04-01,2026-04-30
CCI进口5500,CCI5500outinfer,2026-04,2026-02-27,21,17.4617,0.0,21,36.8421,19,782.93,2026-04-01,2026-04-30
CCI进口5500,CCI5500outinfer,2026-04,2026-02-28,21,16.2691,0.0,21,47.3684,19,787.95,2026-04-01,2026-04-30
CCI进口5500,CCI5500outinfer,2026-04,2026-03-01,21,12.4355,0.0,21,42.1053,19,795.72,2026-04-01,2026-04-30
CCI进口5500,CCI5500outinfer,2026-04,2026-03-02,21,5.834,23.8095,21,52.6316,19,795.72,2026-04-01,2026-04-30
CCI进口5500,CCI5500outinfer,2026-04,2026-03-03,21,5.6868,23.8095,21,42.1053,19,803.09,2026-04-01,2026-04-30
CCI进口5500,CCI5500outinfer,2026-04,2026-03-04,21,2.6953,100.0,21,57.8947,19,805.42,2026-04-01,2026-04-30
CCI进口5500,CCI5500outinfer,2026-04,2026-03-05,21,3.8556,33.3333,21,47.3684,19,814.41,2026-04-01,2026-04-30
CCI进口5500,CCI5500outinfer,2026-04,2026-03-06,21,5.0277,4.7619,21,47.3684,19,813.24,2026-04-01,2026-04-30
CCI进口5500,CCI5500outinfer,2026-04,2026-03-09,21,10.6402,10.0,20,36.8421,19,812.06,2026-04-01,2026-04-30
CCI进口5500,CCI5500outinfer,2026-04,2026-03-10,21,10.5705,23.8095,21,31.5789,19,822.24,2026-04-01,2026-04-30
CCI进口5500,CCI5500outinfer,2026-04,2026-03-11,21,10.9629,19.0476,21,36.8421,19,817.5,2026-04-01,2026-04-30
CCI进口5500,CCI5500outinfer,2026-04,2026-03-12,21,8.3796,23.8095,21,42.1053,19,825.28,2026-04-01,2026-04-30
CCI进口5500,CCI5500outinfer,2026-04,2026-03-13,21,7.0805,23.8095,21,31.5789,19,825.28,2026-04-01,2026-04-30
CCI进口5500,CCI5500outinfer,2026-04,2026-03-16,21,24.1625,61.9048,21,57.8947,19,828.88,2026-04-01,2026-04-30
CCI进口5500,CCI5500outinfer,2026-04,2026-03-17,21,9.6833,61.9048,21,36.8421,19,828.88,2026-04-01,2026-04-30
CCI进口5500,CCI5500outinfer,2026-04,2026-03-18,21,4.6923,52.381,21,42.1053,19,826.48,2026-04-01,2026-04-30
CCI进口5500,CCI5500outinfer,2026-04,2026-03-19,21,15.9781,76.1905,21,52.6316,19,825.28,2026-04-01,2026-04-30
CCI进口5500,CCI5500outinfer,2026-04,2026-03-20,21,15.4869,61.9048,21,68.4211,19,828.88,2026-04-01,2026-04-30
CCI进口5500,CCI5500outinfer,2026-04,2026-03-23,21,12.7402,71.4286,21,73.6842,19,826.48,2026-04-01,2026-04-30
CCI进口5500,CCI5500outinfer,2026-04,2026-03-24,21,9.4707,61.9048,21,73.6842,19,828.88,2026-04-01,2026-04-30
CCI进口5500,CCI5500outinfer,2026-04,2026-03-25,21,6.161,71.4286,21,73.6842,19,827.68,2026-04-01,2026-04-30
CCI进口5500,CCI5500outinfer,2026-04,2026-03-26,21,1.9379,66.6667,21,57.8947,19,827.68,2026-04-01,2026-04-30
CCI进口5500,CCI5500outinfer,2026-04,2026-03-27,21,2.1282,80.9524,21,63.1579,19,821.06,2026-04-01,2026-04-30
CCI进口5500,CCI5500outinfer,2026-04,2026-03-30,21,3.8764,14.2857,21,36.8421,19,814.41,2026-04-01,2026-04-30
CCI进口5500,CCI5500outinfer,2026-04,2026-03-31,21,2.3903,85.7143,21,57.8947,19,814.41,2026-04-01,2026-04-30
CCI进口5500,CCI5500outinfer,2026-05,2026-03-17,19,4.794,100.0,19,0.0,11,828.88,2026-05-06,2026-05-29
CCI进口5500,CCI5500outinfer,2026-05,2026-03-18,19,10.863,52.6316,19,63.6364,11,826.48,2026-05-06,2026-05-29
CCI进口5500,CCI5500outinfer,2026-05,2026-03-19,19,6.3947,100.0,19,54.5455,11,825.28,2026-05-06,2026-05-29
CCI进口5500,CCI5500outinfer,2026-05,2026-03-20,19,10.091,100.0,19,63.6364,11,828.88,2026-05-06,2026-05-29
CCI进口5500,CCI5500outinfer,2026-05,2026-03-23,19,13.1647,100.0,19,54.5455,11,826.48,2026-05-06,2026-05-29
CCI进口5500,CCI5500outinfer,2026-05,2026-03-24,19,11.0888,100.0,19,54.5455,11,828.88,2026-05-06,2026-05-29
CCI进口5500,CCI5500outinfer,2026-05,2026-03-25,19,8.3534,100.0,19,54.5455,11,827.68,2026-05-06,2026-05-29
CCI进口5500,CCI5500outinfer,2026-05,2026-03-26,19,8.5426,100.0,19,72.7273,11,827.68,2026-05-06,2026-05-29
CCI进口5500,CCI5500outinfer,2026-05,2026-03-27,19,10.6212,94.7368,19,54.5455,11,821.06,2026-05-06,2026-05-29
CCI进口5500,CCI5500outinfer,2026-05,2026-03-30,19,15.2469,0.0,19,36.3636,11,814.41,2026-05-06,2026-05-29
CCI进口5500,CCI5500outinfer,2026-05,2026-03-31,19,11.8597,78.9474,19,54.5455,11,814.41,2026-05-06,2026-05-29
CCI进口5500,CCI5500outinfer,2026-05,2026-04-01,19,11.3086,100.0,19,63.6364,11,814.41,2026-05-06,2026-05-29
CCI进口5500,CCI5500outinfer,2026-05,2026-04-02,19,10.638,100.0,19,72.7273,11,809.71,2026-05-06,2026-05-29
CCI进口5500,CCI5500outinfer,2026-05,2026-04-03,19,12.4275,63.1579,19,72.7273,11,812.06,2026-05-06,2026-05-29
CCI进口5500,CCI5500outinfer,2026-05,2026-04-07,19,11.1455,100.0,19,54.5455,11,810.89,2026-05-06,2026-05-29
CCI进口5500,CCI5500outinfer,2026-05,2026-04-08,19,9.5243,100.0,19,63.6364,11,816.31,2026-05-06,2026-05-29
CCI进口5500,CCI5500outinfer,2026-05,2026-04-09,19,8.8794,100.0,19,36.3636,11,819.3,2026-05-06,2026-05-29
CCI进口5500,CCI5500outinfer,2026-05,2026-04-10,19,8.5755,100.0,19,54.5455,11,829.44,2026-05-06,2026-05-29
CCI进口5500,CCI5500outinfer,2026-05,2026-04-13,19,8.6154,100.0,19,27.2727,11,828.23,2026-05-06,2026-05-29
CCI进口5500,CCI5500outinfer,2026-05,2026-04-14,19,8.6571,100.0,19,54.5455,11,828.23,2026-05-06,2026-05-29
CCI进口5500,CCI5500outinfer,2026-05,2026-04-15,19,10.5268,100.0,19,36.3636,11,825.82,2026-05-06,2026-05-29
CCI进口5500,CCI5500outinfer,2026-05,2026-04-16,19,9.679,100.0,19,63.6364,11,833.53,2026-05-06,2026-05-29
CCI进口5500,CCI5500outinfer,2026-05,2026-04-17,19,8.3268,100.0,19,45.4545,11,834.75,2026-05-06,2026-05-29
CCI进口5500,CCI5500outinfer,2026-05,2026-04-20,19,7.5696,100.0,19,54.5455,11,838.62,2026-05-06,2026-05-29
CCI进口5500,CCI5500outinfer,2026-05,2026-04-21,19,7.6714,100.0,19,72.7273,11,842.48,2026-05-06,2026-05-29
CCI进口5500,CCI5500outinfer,2026-05,2026-04-22,19,8.2825,100.0,19,81.8182,11,841.25,2026-05-06,2026-05-29
CCI进口5500,CCI5500outinfer,2026-05,2026-04-23,19,8.7731,100.0,19,72.7273,11,844.8,2026-05-06,2026-05-29
CCI进口5500,CCI5500outinfer,2026-05,2026-04-24,19,9.0062,15.7895,19,18.1818,11,853.78,2026-05-06,2026-05-29
CCI进口5500,CCI5500outinfer,2026-05,2026-04-27,19,9.041,0.0,19,18.1818,11,859.2,2026-05-06,2026-05-29
CCI进口5500,CCI5500outinfer,2026-05,2026-04-28,19,8.7731,0.0,19,72.7273,11,865.67,2026-05-06,2026-05-29
CCI进口5500,CCI5500outinfer,2026-05,2026-04-29,19,8.3786,0.0,19,36.3636,11,874.68,2026-05-06,2026-05-29
CCI进口5500,CCI5500outinfer,2026-05,2026-04-30,19,8.0752,0.0,19,45.4545,11,882.42,2026-05-06,2026-05-29
CCI进口5500,CCI5500outinfer,2026-06,2026-04-17,21,8.2202,100.0,21,53.8462,13,834.75,2026-06-01,2026-06-30
CCI进口5500,CCI5500outinfer,2026-06,2026-04-20,21,7.4843,100.0,21,61.5385,13,838.62,2026-06-01,2026-06-30
CCI进口5500,CCI5500outinfer,2026-06,2026-04-21,21,7.6708,100.0,21,53.8462,13,842.48,2026-06-01,2026-06-30
CCI进口5500,CCI5500outinfer,2026-06,2026-04-22,21,8.4169,100.0,21,69.2308,13,841.25,2026-06-01,2026-06-30
CCI进口5500,CCI5500outinfer,2026-06,2026-04-23,21,9.4672,100.0,21,61.5385,13,844.8,2026-06-01,2026-06-30
CCI进口5500,CCI5500outinfer,2026-06,2026-04-24,21,11.2111,0.0,21,61.5385,13,853.78,2026-06-01,2026-06-30
CCI进口5500,CCI5500outinfer,2026-06,2026-04-27,21,11.4775,0.0,21,46.1538,13,859.2,2026-06-01,2026-06-30
CCI进口5500,CCI5500outinfer,2026-06,2026-04-28,21,9.4672,4.7619,21,61.5385,13,865.67,2026-06-01,2026-06-30
CCI进口5500,CCI5500outinfer,2026-06,2026-04-29,21,11.8305,9.5238,21,61.5385,13,874.68,2026-06-01,2026-06-30
CCI进口5500,CCI5500outinfer,2026-06,2026-04-30,21,12.024,14.2857,21,46.1538,13,882.42,2026-06-01,2026-06-30
CCI进口5500,CCI5500outinfer,2026-06,2026-05-06,21,10.7474,19.0476,21,69.2308,13,901.77,2026-06-01,2026-06-30
CCI进口5500,CCI5500outinfer,2026-06,2026-05-07,21,13.0719,19.0476,21,69.2308,13,910.71,2026-06-01,2026-06-30
CCI进口5500,CCI5500outinfer,2026-06,2026-05-08,21,14.3313,23.8095,21,69.2308,13,917.09,2026-06-01,2026-06-30
CCI进口5500,CCI5500outinfer,2026-06,2026-05-09,21,15.0028,23.8095,21,69.2308,13,917.09,2026-06-01,2026-06-30
CCI进口5500,CCI5500outinfer,2026-06,2026-05-11,21,12.8252,23.8095,21,38.4615,13,917.09,2026-06-01,2026-06-30
CCI进口5500,CCI5500outinfer,2026-06,2026-05-12,21,3.9669,61.9048,21,38.4615,13,923.44,2026-06-01,2026-06-30
CCI进口5500,CCI5500outinfer,2026-06,2026-05-13,21,3.9587,66.6667,21,38.4615,13,923.44,2026-06-01,2026-06-30
CCI进口5500,CCI5500outinfer,2026-06,2026-05-14,21,4.3031,19.0476,21,61.5385,13,927.28,2026-06-01,2026-06-30
CCI进口5500,CCI5500outinfer,2026-06,2026-05-27,21,5.3755,28.5714,21,76.9231,13,937.45,2026-06-01,2026-06-30
CCI进口5500,CCI5500outinfer,2026-06,2026-05-28,21,5.9403,66.6667,21,30.7692,13,945.13,2026-06-01,2026-06-30
CCI进口5500,CCI5500outinfer,2026-06,2026-05-29,21,7.6768,61.9048,21,23.0769,13,952.82,2026-06-01,2026-06-30
CCI进口5500,CCI5500outinfer,2026-07,2026-05-27,19,3.316,100.0,19,42.8571,14,937.45,2026-07-01,2026-07-27
CCI进口5500,CCI5500outinfer,2026-07,2026-05-28,19,8.2554,68.4211,19,64.2857,14,945.13,2026-07-01,2026-07-27
CCI进口5500,CCI5500outinfer,2026-07,2026-05-29,19,12.0141,47.3684,19,57.1429,14,952.82,2026-07-01,2026-07-27
CCI进口5500,CCI5500outinfer,2026-07,2026-06-01,19,13.7369,42.1053,19,57.1429,14,959.09,2026-07-01,2026-07-27
CCI进口5500,CCI5500outinfer,2026-07,2026-06-02,19,13.7094,42.1053,19,50.0,14,957.68,2026-07-01,2026-07-27
CCI进口5500,CCI5500outinfer,2026-07,2026-06-03,19,11.8529,47.3684,19,35.7143,14,957.68,2026-07-01,2026-07-27
CCI进口5500,CCI5500outinfer,2026-07,2026-06-04,19,10.5494,63.1579,19,28.5714,14,959.09,2026-07-01,2026-07-27
CCI进口5500,CCI5500outinfer,2026-07,2026-06-05,19,6.9243,100.0,19,64.2857,14,959.09,2026-07-01,2026-07-27
CCI进口5500,CCI5500outinfer,2026-07,2026-06-08,19,10.6315,68.4211,19,28.5714,14,959.09,2026-07-01,2026-07-27
CCI进口5500,CCI5500outinfer,2026-07,2026-06-09,19,11.2636,63.1579,19,21.4286,14,960.5,2026-07-01,2026-07-27
CCI进口5500,CCI5500outinfer,2026-07,2026-06-10,19,8.5605,100.0,19,64.2857,14,959.09,2026-07-01,2026-07-27
CCI进口5500,CCI5500outinfer,2026-07,2026-06-11,19,8.985,100.0,19,71.4286,14,959.09,2026-07-01,2026-07-27
CCI进口5500,CCI5500outinfer,2026-07,2026-06-12,19,9.1226,100.0,19,71.4286,14,959.09,2026-07-01,2026-07-27
CCI进口5500,CCI5500outinfer,2026-07,2026-06-15,19,9.2821,100.0,19,57.1429,14,957.68,2026-07-01,2026-07-27
CCI进口5500,CCI5500outinfer,2026-07,2026-06-16,19,9.7631,100.0,19,42.8571,14,956.26,2026-07-01,2026-07-27
CCI进口5500,CCI5500outinfer,2026-07,2026-06-17,19,10.3565,100.0,19,50.0,14,956.26,2026-07-01,2026-07-27
CCI进口5500,CCI5500outinfer,2026-07,2026-06-18,19,10.5466,100.0,19,42.8571,14,956.26,2026-07-01,2026-07-27
CCI进口5500,CCI5500outinfer,2026-07,2026-06-22,19,9.4149,100.0,19,57.1429,14,946.18,2026-07-01,2026-07-27
CCI进口5500,CCI5500outinfer,2026-07,2026-06-23,19,8.6127,100.0,19,64.2857,14,939.91,2026-07-01,2026-07-27
CCI进口5500,CCI5500outinfer,2026-07,2026-06-24,19,3.9997,100.0,19,42.8571,14,925.92,2026-07-01,2026-07-27
CCI进口5500,CCI5500outinfer,2026-07,2026-06-25,19,6.8225,100.0,19,42.8571,14,913.23,2026-07-01,2026-07-27
CCI进口5500,CCI5500outinfer,2026-07,2026-06-26,19,10.0042,100.0,19,42.8571,14,897.82,2026-07-01,2026-07-27
CCI进口5500,CCI5500outinfer,2026-07,2026-06-29,19,14.2939,100.0,19,50.0,14,882.41,2026-07-01,2026-07-27
CCI进口5500,CCI5500outinfer,2026-07,2026-06-30,19,16.6603,73.6842,19,50.0,14,865.72,2026-07-01,2026-07-27
