date,永安_厂级_上网电量,永安_厂级_供热厂用电量,永安_厂级_供热用厂用电率,永安_厂级_利用小时,永安_厂级_发电厂用电率,永安_厂级_发电标煤量,永安_厂级_发电用厂用电量,永安_厂级_开机率,永安_厂级_日电网调度发电量,永安_厂级_综合供电煤耗,永安_厂级_综合厂用电率,永安_厂级_综合厂用电量,永安_厂级_耗煤量,永安_厂级_负荷率,永安_永安#7_上网电量,永安_永安#7_利用小时,永安_永安#7_发电厂用电率,永安_永安#7_发电标煤量,永安_永安#7_发电用厂用电量,永安_永安#7_开机率,永安_永安#7_综合供电煤耗,永安_永安#7_综合厂用电率,永安_永安#7_综合厂用电量,永安_永安#7_负荷率,永安_永安#7_运行小时,永安_永安#7_发电量
20220101.0,934.56,9.99,7.359859,16.737333,5.753605,2960.787772,57.78,100.0,1001.7,316.810881,6.93858,69.68,5731.0,69.738889,522.1676,18.645667,5.204176,1632.348134,29.1106,100.0,312.61,6.650768,37.2024,77.690278,24.0,559.37
20220102.0,920.65,9.42,7.520934,16.515667,5.912568,2925.14145,58.59,100.0,993.2,317.725677,7.094274,70.3,5377.0,68.815278,518.4009,18.515667,5.218392,1624.927621,28.9866,100.0,313.45,6.673466,37.0691,77.148611,24.0,555.47
20220103.0,925.6,10.05,7.824208,16.632,5.986452,2939.385472,59.74,100.0,995.0,317.565414,7.248076,72.33,5872.0,69.3,523.5573,18.705667,5.392644,1651.980349,30.2619,100.0,315.53,6.70255,37.6127,77.940278,24.0,561.17
20220104.0,949.96,11.89,7.59891,17.063833,5.791977,2993.685354,59.3,100.0,1024.6,315.138043,7.215065,73.87,6046.0,71.099306,519.881,18.634,5.386766,1622.808542,30.1131,100.0,312.15,7.00136,39.139,77.641667,24.0,559.02
20220105.0,1009.64,12.11,7.358522,18.093167,5.659595,3178.018823,61.44,100.0,1085.7,314.767523,6.997117,75.96,6562.0,75.388194,519.7804,18.631667,5.401431,1622.338584,30.1913,100.0,312.12,7.007711,39.1696,77.631944,24.0,558.95
20220106.0,944.02,12.49,7.57875,16.941167,5.770952,2970.127611,58.66,100.0,1017.9,314.625496,7.127608,72.45,6363.0,70.588194,517.5022,18.595,5.623017,1616.573372,31.368,100.0,312.38,7.232733,40.3478,77.479167,24.0,557.85
20220107.0,932.75,12.71,7.625472,16.7515,5.754709,2937.359253,57.84,100.0,1007.1,314.913884,7.19836,72.35,6461.0,69.797917,516.7845,18.559,5.643551,1617.225414,31.4216,100.0,312.94,7.181691,39.9855,77.329167,24.0,556.77
20220108.0,960.14,12.62,7.641732,17.232333,5.73631,3026.852974,59.31,100.0,1034.0,315.251211,7.137745,73.8,7207.0,71.801389,518.0772,18.639333,5.75169,1621.374405,32.1623,100.0,312.96,7.350549,41.1028,77.663889,24.0,559.18
20220109.0,992.37,12.03,7.489158,17.779833,5.679656,3129.125656,60.59,100.0,1045.2,315.318445,6.976068,74.42,6815.0,74.082639,513.5381,18.470333,5.690711,1605.833639,31.5328,100.0,312.7,7.321994,40.5719,76.959722,24.0,554.11
20220110.0,1024.27,12.83,7.786659,18.363167,5.695278,3224.125902,62.75,100.0,1103.4,314.773048,7.036731,77.53,7068.0,76.513194,516.8741,18.630667,5.818382,1615.696749,32.5201,100.0,312.59,7.522705,42.0459,77.627778,24.0,558.92
20220111.0,995.5,12.64,7.502655,17.8185,5.537316,3134.459763,59.2,100.0,1069.7,314.862859,6.885166,73.61,6495.0,74.24375,518.0656,18.576333,5.448546,1624.239269,30.3642,100.0,313.52,7.038418,39.2244,77.401389,24.0,557.29
20220112.0,1007.55,12.66,7.453776,18.055833,5.60576,3173.385567,60.73,100.0,1094.3,314.960604,6.996815,75.8,6766.0,75.232639,512.1685,18.404333,5.536975,1607.748138,30.5713,100.0,313.91,7.237698,39.9615,76.684722,24.0,552.13
20220113.0,1039.94,12.36,7.30153,18.577333,5.432247,3281.453679,60.55,100.0,1116.9,315.542597,6.701715,74.7,7060.0,77.405556,516.2956,18.558333,5.553318,1623.543144,30.9181,100.0,314.46,7.26617,40.4544,77.326389,24.0,556.75
20220114.0,1058.97,12.61,7.49977,18.940667,5.545387,3337.056109,63.02,100.0,1140.5,315.122818,6.816902,77.47,6937.0,78.919444,517.7651,18.626333,5.516312,1627.335709,30.8246,100.0,314.3,7.341738,41.0249,77.609722,24.0,558.79
20220115.0,1064.25,12.0,7.316413,19.0024,5.463345,3357.937406,62.29,100.0,1137.9,315.521485,6.656177,75.89,6243.0,79.176667,521.8237,18.7208,5.392148,1644.683938,30.2836,100.0,315.18,7.086645,39.8003,78.003333,24.0,561.624
20220116.0,968.39,12.34,8.104446,17.352833,5.629244,3219.272077,58.61,100.0,1041.2,332.435494,6.991173,72.79,6204.0,72.303472,520.5859,18.663333,5.261243,1666.707817,29.4577,100.0,320.16,7.021629,39.3141,77.763889,24.0,559.9
20220117.0,930.93,12.68,8.192225,16.712,5.715454,2921.305136,57.31,100.0,997.6,313.805027,7.160523,71.8,6937.0,69.633333,502.8021,17.992667,5.756957,1578.396352,31.0749,100.0,313.92,6.85055,36.9779,74.969444,24.0,539.78
20220118.0,927.91,11.77,7.421766,16.605667,5.53827,2910.218827,55.18,100.0,995.5,313.631584,6.868137,68.43,5614.0,69.190278,428.9866,15.409667,5.955245,1348.304884,27.5305,100.0,314.3,7.204006,33.3034,64.206944,24.0,462.29
20220119.0,925.43,11.3,7.670971,16.574,5.671534,2766.089732,56.4,100.0,975.0,298.897781,6.938578,69.0,5163.0,69.058333,418.2,15.017333,6.147296,1180.28586,27.6948,100.0,282.23,7.173932,32.32,62.572222,24.0,450.52
20220207.0,489.67,0.62,7.41086,8.800667,6.7154,1861.020799,35.46,50.0,532.1,380.056119,7.266495,38.37,3321.0,73.338889,489.665,17.601333,6.715173,1861.020799,35.4588,100.0,380.06,7.267442,38.375,73.338889,24.0,528.04
20220208.0,513.65,2.51,7.125661,9.209667,6.18553,1652.550059,34.18,50.0,552.0,321.726868,7.036085,38.88,3260.0,76.747222,513.645,18.419333,6.185113,1652.550059,34.1777,100.0,321.73,7.046039,38.935,76.747222,24.0,552.58
20220209.0,512.16,5.19,7.015941,9.204667,5.866589,1621.703424,32.4,50.0,552.0,316.64,7.264431,40.12,3595.0,76.705556,512.16,18.409333,5.867115,1621.703424,32.4029,100.0,316.64,7.264431,40.12,76.705556,24.0,552.28
20220210.0,510.07,7.52,7.747218,9.204167,5.830693,1585.042525,32.2,50.0,552.0,310.75,7.637845,42.18,3486.0,76.701389,510.07,18.408333,5.830675,1585.042525,32.1999,100.0,310.75,7.637845,42.18,76.701389,24.0,552.25
20220211.0,508.64,8.36,7.739272,9.182667,5.798969,1584.261008,31.95,50.0,552.0,311.47,7.681138,42.32,3718.0,76.522222,508.64,18.365333,5.798334,1584.261008,31.9465,100.0,311.47,7.681138,42.32,76.522222,24.0,550.96
20220212.0,510.24,8.81,7.592583,9.199333,5.652584,1588.070976,31.2,50.0,552.0,311.24,7.558519,41.72,3750.0,76.661111,510.24,18.398667,5.652584,1588.070976,31.2,100.0,311.24,7.558519,41.72,76.661111,24.0,551.96
20220213.0,508.37,10.11,7.990604,9.209667,5.791017,1582.962506,32.0,50.0,552.0,311.38,8.000651,44.21,3619.0,76.747222,508.37,18.419333,5.791017,1582.962506,32.0,100.0,311.38,8.000651,44.21,76.747222,24.0,552.58
20220214.0,508.09,10.5,8.022745,9.212167,5.805728,1581.633361,32.09,50.0,552.0,311.29,8.076276,44.64,3582.0,76.768056,508.09,18.424333,5.805728,1581.633361,32.09,100.0,311.29,8.076276,44.64,76.768056,24.0,552.73
20220215.0,509.14,10.0,7.868755,9.209667,5.740345,1586.973795,31.72,50.0,552.0,311.696939,7.861305,43.44,3616.0,76.747222,509.135,18.419333,5.740961,1586.973795,31.7234,100.0,311.7,7.86221,43.445,76.747222,24.0,552.58
20220216.0,508.15,10.3,7.615133,9.194667,5.579321,1582.566788,30.78,50.0,552.0,311.436936,7.890444,43.53,3566.0,76.622222,508.145,18.389333,5.578633,1582.566788,30.7762,100.0,311.44,7.89135,43.535,76.622222,24.0,551.68
20220217.0,505.73,11.08,7.841594,9.200833,5.725931,1570.124408,31.61,50.0,552.0,310.46693,8.392356,46.33,3556.0,76.673611,505.725,18.401667,5.726239,1570.124408,31.6117,100.0,310.47,8.39145,46.325,76.673611,24.0,552.05
20220218.0,510.35,11.45,7.950152,9.267667,5.648671,1583.294328,31.41,50.0,552.0,310.236961,8.222134,45.72,3623.0,77.230556,510.345,18.535333,5.649426,1583.294328,31.4142,100.0,310.24,8.221235,45.715,77.230556,24.0,556.06
20220219.0,511.45,11.86,7.880289,9.288333,5.478198,1589.315338,30.53,50.0,552.0,310.746962,8.228961,45.86,3833.0,77.402778,511.445,18.576667,5.477911,1589.315338,30.5284,100.0,310.75,8.228064,45.855,77.402778,24.0,557.3
20220220.0,483.89,12.29,8.11385,8.817,5.340063,1504.026898,28.25,50.0,527.0,310.82,8.530868,45.13,3645.0,73.475,483.89,17.634,5.340119,1504.026898,28.2503,100.0,310.82,8.530868,45.13,73.475,24.0,529.02
20220221.0,456.45,12.46,7.979027,8.377167,5.441378,1418.539771,27.35,50.0,515.7,310.776596,9.189662,46.19,3346.0,69.809722,456.445,16.754333,5.441597,1418.539771,27.3511,100.0,310.78,9.188668,46.185,69.809722,24.0,502.63
20220222.0,443.58,12.61,7.945715,8.270833,5.547607,1378.231883,27.53,50.0,493.1,310.706498,10.613602,52.67,3630.0,68.923611,443.575,16.541667,5.547426,1378.231883,27.5291,100.0,310.71,10.61461,52.675,68.923611,24.0,496.25
20220223.0,597.52,10.63,6.922349,11.0005,7.452692,2014.364612,49.19,70.25,586.9,337.120868,9.469267,62.5,4473.0,65.246145,457.4249,16.483333,4.930961,1422.042529,24.3836,100.0,310.88,7.497492,37.0751,68.680556,24.0,494.5
20220224.0,964.98,10.2,7.092785,17.235167,5.53326,3007.764943,57.22,100.0,1030.3,311.691946,6.684975,69.13,6362.0,71.813194,479.3809,17.17,5.288662,1499.024074,27.2419,100.0,312.7,6.934401,35.7191,71.541667,24.0,515.1
20220225.0,985.77,11.02,7.326168,17.599833,5.411983,3076.31529,57.15,100.0,1056.3,312.072318,6.650631,70.23,6216.0,73.332639,499.256,17.797,5.672791,1569.061757,30.2876,100.0,314.28,6.490607,34.654,74.154167,24.0,533.91
20220226.0,1093.57,10.92,7.976602,19.537167,5.594465,3407.34054,65.58,100.0,1184.7,311.579555,6.710287,78.66,6547.0,81.404861,500.7544,18.101,5.591385,1556.645128,30.3629,100.0,310.86,7.785132,42.2756,75.420833,24.0,543.03
20220227.0,1009.03,9.24,7.50179,18.0175,5.592711,3149.407754,60.46,100.0,1081.3,312.122311,6.662042,72.02,5947.0,75.072917,512.6215,18.309333,5.81534,1602.301023,31.9425,100.0,312.57,6.673919,36.6585,76.288889,24.0,549.28
20220327.0,500.17,11.68,8.300583,9.150333,5.861353,1565.181981,32.18,50.0,551.9,312.93,8.897672,48.85,4022.0,76.252778,500.17,18.300667,5.861335,1565.181981,32.1799,100.0,312.93,8.897672,48.85,76.252778,24.0,549.02
20220328.0,498.63,10.48,7.868075,9.091167,5.575009,1561.260393,30.41,50.0,552.0,313.11,8.58709,46.84,3437.0,75.759722,498.63,18.182333,5.575064,1561.260393,30.4103,100.0,313.11,8.58709,46.84,75.759722,24.0,545.47
20220329.0,501.49,10.16,7.816888,9.092667,5.597918,1571.870256,30.54,50.0,552.0,313.44,8.077938,44.07,3324.0,75.772222,501.49,18.185333,5.598064,1571.870256,30.5408,100.0,313.44,8.077938,44.07,75.772222,24.0,545.56
20220330.0,498.8,9.96,7.917191,9.084833,5.771524,1563.58836,31.46,50.0,552.0,313.47,8.552716,46.62,3365.0,75.706944,498.8,18.169667,5.772203,1563.58836,31.4637,100.0,313.47,8.492176,46.29,75.706944,24.0,545.09
20220331.0,499.46,9.99,7.801244,9.089,5.701031,1563.394041,31.09,50.0,552.0,313.016866,8.414934,45.89,3509.0,75.741667,499.455,18.178,5.701782,1563.394041,31.0941,100.0,313.02,8.414017,45.885,75.741667,24.0,545.34
20220401.0,502.32,10.87,7.752286,9.1405,5.406342,1567.172569,29.65,50.0,552.0,311.986895,8.40946,46.12,3528.0,76.170833,502.315,18.281,5.405959,1567.172569,29.6479,100.0,311.99,8.408548,46.115,76.170833,24.0,548.43
20220402.0,501.77,11.13,7.53752,9.126667,5.308619,1561.743563,29.07,50.0,552.0,311.246898,8.371074,45.84,3617.0,76.055556,501.765,18.253333,5.308419,1561.743563,29.0689,100.0,311.25,8.370161,45.835,76.055556,24.0,547.6
20220403.0,503.09,10.69,7.405298,9.129167,5.33455,1569.323349,29.22,50.0,552.0,311.9369,8.15518,44.67,3234.0,76.076389,503.085,18.258333,5.334131,1569.323349,29.2177,100.0,311.94,8.154267,44.665,76.076389,24.0,547.75
20220404.0,505.56,9.48,7.628508,9.140333,5.479377,1589.278416,30.05,50.0,552.0,314.36,7.815178,42.86,3054.0,76.169444,505.56,18.280667,5.479888,1589.278416,30.0528,100.0,314.36,7.815178,42.86,76.169444,24.0,548.42
20220405.0,507.27,8.47,7.622562,9.162833,5.533223,1599.457272,30.42,50.0,552.0,315.306892,7.730505,42.5,3231.0,76.356944,507.265,18.325667,5.53315,1599.457272,30.4196,100.0,315.31,7.731415,42.505,76.356944,24.0,549.77
20220406.0,503.64,9.52,7.766737,9.127333,5.600394,1584.032802,30.67,50.0,552.0,314.516878,8.036301,44.01,3127.0,76.061111,503.635,18.254667,5.600541,1584.032802,30.6708,100.0,314.52,8.035388,44.005,76.061111,24.0,547.64
20220407.0,501.27,11.16,8.10074,9.128167,5.736822,1561.857066,31.42,50.0,552.0,311.58,8.475598,46.42,3145.0,76.068056,501.27,18.256333,5.736731,1561.857066,31.4195,100.0,311.58,8.475598,46.42,76.068056,24.0,547.69
20220408.0,500.83,11.15,7.820862,9.093667,5.571643,1556.028727,30.4,50.0,552.0,310.69,8.20901,44.79,3088.0,75.780556,500.83,18.187333,5.570928,1556.028727,30.3961,100.0,310.69,8.20901,44.79,75.780556,24.0,545.62
20220409.0,502.65,11.27,7.783697,9.122167,5.525003,1559.7577,30.24,50.0,552.0,310.306913,8.165092,44.69,3057.0,76.018056,502.645,18.244333,5.52482,1559.7577,30.239,100.0,310.31,8.164179,44.685,76.018056,24.0,547.33
20220410.0,503.14,9.5,7.789899,9.131,5.698536,1563.608178,31.22,50.0,552.0,310.77,8.162669,44.72,2893.0,76.091667,503.14,18.262,5.697824,1563.608178,31.2161,100.0,310.77,8.162669,44.72,76.091667,24.0,547.86
20220411.0,501.22,10.68,8.208723,9.1315,5.743854,1555.520753,31.47,50.0,552.0,310.346904,8.519958,46.68,3196.0,76.095833,501.215,18.263,5.743671,1555.520753,31.469,100.0,310.35,8.519046,46.675,76.095833,24.0,547.89
20220412.0,499.9,12.25,8.932419,9.137333,6.241792,1550.474332,34.22,50.0,552.0,310.156898,8.81913,48.35,3275.0,76.144444,499.895,18.274667,6.241099,1550.474332,34.2162,100.0,310.16,8.818218,48.345,76.144444,24.0,548.24
20220413.0,500.12,12.1,8.372225,9.129667,5.843587,1553.157144,32.01,50.0,552.0,310.556895,8.700573,47.66,3224.0,76.080556,500.115,18.259333,5.843477,1553.157144,32.0094,100.0,310.56,8.701486,47.665,76.080556,24.0,547.78
20220414.0,499.9,11.25,8.36835,9.111,5.835437,1556.173135,31.9,50.0,552.0,311.296886,8.555592,46.77,3501.0,75.925,499.895,18.222,5.834614,1556.173135,31.8955,100.0,311.3,8.554677,46.765,75.925,24.0,546.66
20220415.0,547.374,9.74,8.040297,9.1229,5.725482,1565.494194,31.3398,50.0,552.0,286.000832,8.241897,45.114,3278.0,76.024167,502.26,18.2458,1.046816,1565.494194,5.73,100.0,311.69,8.241897,45.114,76.024167,24.0,547.374
20220416.0,503.305,9.04,8.08075,9.1209,5.714951,1574.841345,31.2753,50.0,552.0,312.9,8.030823,43.949,3345.0,76.0075,503.305,18.2418,5.714951,1574.841345,31.2753,100.0,312.9,8.030823,43.949,76.0075,24.0,547.254
20220417.0,506.39,8.8,7.593303,9.131333,5.446448,1577.845022,29.84,50.0,552.0,311.586923,7.574651,41.5,3206.0,76.094444,506.385,18.262667,5.445682,1577.845022,29.8358,100.0,311.59,7.573739,41.495,76.094444,24.0,547.88
20220418.0,504.13,10.95,7.718377,9.1293,5.467743,1561.845153,29.95,50.0,552.0,309.81,7.965196,43.63,3253.0,76.0775,504.13,18.2586,5.467469,1561.845153,29.9485,100.0,309.81,7.964831,43.628,76.0775,24.0,547.758
20220419.0,501.49,11.43,8.166391,9.130833,5.780779,1555.070341,31.67,50.0,552.0,310.09,8.46217,46.36,3225.0,76.090278,501.49,18.261667,5.781546,1555.070341,31.6742,100.0,310.09,8.46217,46.36,76.090278,24.0,547.85
20220420.0,500.83,11.51,8.404846,9.1285,5.818773,1556.57964,31.87,50.0,552.0,310.8,8.559274,46.88,3187.0,76.070833,500.83,18.257,5.817933,1556.57964,31.8654,100.0,310.8,8.559274,46.88,76.070833,24.0,547.71
20220421.0,501.11,10.63,8.387521,9.118167,5.927727,1559.488871,32.43,50.0,552.0,311.206895,8.404467,45.98,3163.0,75.984722,501.105,18.236333,5.928421,1559.488871,32.4338,100.0,311.21,8.405381,45.985,75.984722,24.0,547.09
20220422.0,498.63,10.2,8.665062,9.1005,6.217607,1556.124504,33.95,50.0,552.0,312.08,8.680842,47.4,3060.0,75.8375,498.63,18.201,6.217351,1556.124504,33.9486,100.0,312.08,8.680842,47.4,75.8375,24.0,546.03
20220423.0,500.67,10.06,8.624673,9.119667,6.188092,1562.675598,33.86,50.0,552.0,312.116883,8.499945,46.51,3091.0,75.997222,500.665,18.239333,6.187799,1562.675598,33.8584,100.0,312.12,8.500859,46.515,75.997222,24.0,547.18
20220424.0,499.84,9.71,8.525748,9.125167,6.173403,1561.150272,33.8,50.0,552.0,312.33,8.70669,47.67,3044.0,76.043056,499.84,18.250333,6.172673,1561.150272,33.796,100.0,312.33,8.70669,47.67,76.043056,24.0,547.51
20220425.0,494.07,11.21,8.653504,9.105333,6.27105,1537.579687,34.26,50.0,552.0,311.206851,9.563992,52.25,3104.0,75.877778,494.065,18.210667,6.270226,1537.579687,34.2555,100.0,311.21,9.564907,52.255,75.877778,24.0,546.32
20220426.0,495.55,11.54,8.803092,9.087167,6.364287,1540.26851,34.7,50.0,552.0,310.82,9.111751,49.68,3336.0,75.726389,495.55,18.174333,6.364323,1540.26851,34.7002,100.0,310.82,9.111751,49.68,75.726389,24.0,545.23
20220427.0,488.35,11.36,8.649175,8.938833,6.070889,1518.801785,32.56,50.0,552.0,311.006816,8.947849,47.99,3428.0,74.490278,488.345,17.877667,6.071504,1518.801785,32.5633,100.0,311.01,8.946917,47.985,74.490278,24.0,536.33
20220428.0,480.87,10.36,8.662005,8.806333,6.180703,1501.164357,32.6576,50.0,530.5,312.176754,8.991635,47.51,3356.0,73.386111,480.865,17.612667,6.180715,1501.164357,32.65766,100.0,312.18,8.992581,47.515,73.386111,24.0,528.38
20220429.0,476.41,10.72,8.999683,8.728833,6.285682,1488.543045,32.92,50.0,528.3,312.45,9.03519,47.32,3303.0,72.740278,476.41,17.457667,6.286293,1488.543045,32.9232,100.0,312.45,9.03519,47.32,72.740278,24.0,523.73
20220430.0,467.665,8.92,8.507886,8.5145,5.99311,1473.051217,30.617,50.0,516.1,314.98,8.457142,43.205,3230.0,70.954167,467.665,17.029,5.99311,1473.051217,30.617,100.0,314.98,8.457142,43.205,70.954167,24.0,510.87
20220501.0,460.9,7.34,8.552047,8.384333,6.229873,1456.58227,31.34,50.0,504.8,316.03,8.38071,42.16,2936.0,69.869444,460.9,16.768667,6.23033,1456.58227,31.3423,100.0,316.03,8.38071,42.16,69.869444,24.0,503.06
20220502.0,460.79,7.73,8.623642,8.395167,6.225805,1450.382604,31.36,50.0,504.0,314.76,8.520776,42.92,3561.0,69.959722,460.79,16.790333,6.226599,1450.382604,31.364,100.0,314.76,8.520776,42.92,69.959722,24.0,503.71
20220503.0,457.22,9.17,8.51841,8.344,6.068233,1428.613989,30.38,50.0,504.0,312.456583,8.674896,43.43,3682.0,69.533333,457.215,16.688,6.068932,1428.613989,30.3835,100.0,312.46,8.673897,43.425,69.533333,24.0,500.64
20220504.0,460.24,10.27,8.413426,8.406333,5.914192,1434.291936,29.83,50.0,504.0,311.64,8.751338,44.14,3614.0,70.052778,460.24,16.812667,5.914905,1434.291936,29.8336,100.0,311.64,8.751338,44.14,70.052778,24.0,504.38
20220505.0,464.75,10.96,8.817122,8.5187,6.070918,1448.207475,31.0298,50.0,505.0,311.61,9.072589,46.372,3495.0,70.989167,464.75,17.0374,6.070918,1448.207475,31.0298,100.0,311.61,9.072589,46.372,70.989167,24.0,511.122
20220506.0,463.32,11.32,9.095504,8.5205,6.318096,1443.47346,32.3,50.0,504.8,311.55,9.371516,47.91,3436.0,71.004167,463.32,17.041,6.318389,1443.47346,32.3015,100.0,311.55,9.371516,47.91,71.004167,24.0,511.23
20220507.0,483.78,10.8,9.283862,8.893167,6.460016,1511.522232,34.47,50.0,536.5,312.44,9.334883,49.81,3463.0,74.109722,483.78,17.786333,6.459285,1511.522232,34.4661,100.0,312.44,9.334883,49.81,74.109722,24.0,533.59
20220508.0,463.43,10.32,9.112406,8.516833,6.424532,1449.284639,32.83,50.0,504.0,312.73,9.310972,47.58,3387.0,70.973611,463.43,17.033667,6.425432,1449.284639,32.8346,100.0,312.73,9.310972,47.58,70.973611,24.0,511.01
20220509.0,458.65,11.22,8.969485,8.512667,6.323909,1433.815999,32.3,50.0,504.0,312.616592,10.202443,52.11,3378.0,70.938889,458.645,17.025333,6.323361,1433.815999,32.2972,100.0,312.62,10.203422,52.115,70.938889,24.0,510.76
20220510.0,460.68,11.77,9.211079,8.4875,6.525282,1439.717136,33.23,50.0,504.0,312.52,9.537555,48.57,3453.0,70.729167,460.68,16.975,6.524575,1439.717136,33.2264,100.0,312.52,9.537555,48.57,70.729167,24.0,509.25
20220511.0,454.58,10.83,9.080847,8.3595,6.441773,1422.774293,32.31,50.0,504.0,312.986557,9.370576,47.0,3502.0,69.6625,454.575,16.719,6.441374,1422.774293,32.308,100.0,312.99,9.36958,46.995,69.6625,24.0,501.57
20220512.0,405.24,11.34,9.559037,7.499,6.729786,1269.21168,30.28,50.0,504.0,313.2,9.934658,44.7,3360.0,62.491667,405.24,14.998,6.730164,1269.21168,30.2817,100.0,313.2,9.934658,44.7,62.491667,24.0,449.94
20220513.0,359.37,9.61,9.118599,6.94,11.017147,1142.132523,45.8754,59.25,501.0,317.815211,13.695965,57.03,3041.0,48.804501,342.0909,12.608333,6.630271,1073.173362,25.079,100.0,313.71,9.559577,36.1591,52.534722,24.0,378.25
20220514.0,559.79,9.76,9.134839,10.479,9.156408,1898.015698,57.57,95.833333,803.6,339.058522,10.966377,68.95,4118.0,45.56087,177.3495,6.951333,14.176657,656.19315,29.564,91.666667,370.0,14.956603,31.1905,31.59697,22.0,208.54
20220519.0,817.74,9.12,8.771905,14.778833,6.48901,2582.567691,57.54,100.0,898.3,315.817704,7.780271,68.99,5137.0,61.578472,371.1416,13.539333,6.645428,1173.549739,26.9924,100.0,316.2,8.626323,35.0384,56.413889,24.0,406.18
20220520.0,847.5,9.79,8.651352,15.3,6.384532,2667.514489,58.61,100.0,955.8,314.750972,7.680828,70.51,5061.0,63.75,383.7693,13.958,6.346969,1208.911672,26.5773,100.0,315.01,8.351411,34.9707,58.158333,24.0,418.74
20220521.0,827.64,9.84,8.658146,14.9683,6.444252,2605.301485,57.8757,100.0,973.6,314.786802,7.845246,70.458,5042.0,62.367917,372.8863,13.5884,6.409437,1176.829163,26.1282,100.0,315.6,8.528279,34.7657,56.618333,24.0,407.652
20220712.0,1008.81,9.73,8.501952,18.142667,6.237598,3215.465516,67.9,100.0,1091.2,318.738466,7.326192,79.75,5896.0,75.594444,567.2801,20.26,6.471076,1838.9519,39.3312,100.0,324.17,6.66665,40.5199,84.416667,24.0,607.8
20220713.0,1009.91,9.27,8.043831,18.192333,6.440442,3230.242502,70.3,100.0,1095.9,319.854492,7.478425,81.63,5579.0,75.801389,568.6542,20.368333,6.725718,1846.420187,41.0975,100.0,324.7,6.938188,42.3958,84.868056,24.0,611.05
20220714.0,908.33,9.75,8.231342,16.410667,6.570929,2917.625827,64.7,100.0,984.6,321.207692,7.751056,76.32,5058.0,68.377778,467.0837,16.808,7.178209,1531.33391,36.1954,100.0,327.85,7.368773,37.1563,70.033333,24.0,504.24
20220715.0,986.43,9.76,8.293579,17.776667,6.404463,3184.072346,68.31,100.0,1065.4,322.78746,7.517345,80.18,5215.0,74.069444,482.9123,17.467667,6.543461,1555.460518,34.2897,100.0,322.1,7.84644,41.1177,72.781944,24.0,524.03
20220716.0,944.9,9.16,8.340678,17.033167,6.441355,3052.135842,65.83,100.0,1020.9,323.011519,7.544105,77.1,4890.0,70.971528,466.3452,16.801667,6.836068,1522.244002,34.4572,100.0,326.42,7.480369,37.7048,70.006944,24.0,504.05
20220717.0,911.79,9.23,8.879918,16.4815,6.694375,2945.685179,66.2,100.0,980.6,323.066186,7.79662,77.1,4831.0,68.672917,466.1439,16.801,6.748348,1509.234105,34.0137,100.0,323.77,7.516636,37.8861,70.004167,24.0,504.03
20220718.0,915.48,10.08,8.633212,16.5585,6.635062,2962.960148,65.92,100.0,990.9,323.650997,7.853972,78.03,5306.0,68.99375,465.3164,16.819667,6.819854,1505.391617,34.4123,100.0,323.52,7.78327,39.2736,70.081944,24.0,504.59
20220719.0,861.74,10.19,8.382926,15.5715,6.464181,2797.794729,60.3942,100.0,932.3,324.668082,7.765255,72.55,5099.0,64.88125,466.5403,16.801,6.659643,1516.675861,33.5666,100.0,325.09,7.43799,37.4897,70.004167,24.0,504.03
20220720.0,934.67,10.42,8.67263,16.895667,6.560854,3005.893751,66.51,100.0,1012.6,321.599468,7.79983,79.07,5553.0,70.398611,462.3664,16.796,6.93558,1487.201526,34.947,100.0,321.65,8.238787,41.5136,69.983333,24.0,503.88
20220721.0,1029.71,10.98,9.067389,18.589833,6.466796,3314.962521,72.13,100.0,1121.4,321.931662,7.681618,85.68,6254.0,77.457639,458.7528,16.795,6.633641,1451.814986,33.4236,100.0,316.47,8.950521,45.0972,69.979167,24.0,503.85
20220722.0,1040.49,10.41,8.741369,18.8138,6.656382,3369.174456,75.1391,100.0,1144.7,323.80652,7.825639,88.338,5969.0,78.390833,459.0345,16.7622,6.401944,1461.244524,32.1932,100.0,318.33,8.716338,43.8315,69.8425,24.0,502.866
20220723.0,939.675,10.51,8.805383,17.0016,6.619289,2983.002937,67.5231,100.0,1018.0,317.450495,7.88367,80.421,5202.0,70.84,466.28,16.8294,6.410864,1483.00354,32.3673,100.0,318.05,7.645747,38.602,70.1225,24.0,504.882
20220724.0,949.47,8.74,8.249307,17.167,6.719287,3156.97169,69.21,100.0,1034.7,332.498309,7.820237,80.55,5687.0,71.529167,463.6265,16.737333,6.659723,1539.518156,33.4398,100.0,332.06,7.666195,38.4935,69.738889,24.0,502.12
20220725.0,1023.44,9.44,8.331201,18.503333,6.692488,3418.936302,74.3,100.0,1138.0,334.063189,7.814808,86.76,6544.0,77.097222,512.2169,18.512667,6.53025,1701.584542,36.2677,100.0,332.2,7.771814,43.1631,77.136111,24.0,555.38
20220726.0,1041.59,9.46,8.254562,18.785,6.490107,3486.946603,73.15,100.0,1151.7,334.771513,7.587614,85.52,6287.0,78.270833,460.7068,16.766667,6.271889,1523.096681,31.5476,100.0,330.6,8.408191,42.2932,69.861111,24.0,503.0
20220727.0,1039.72,9.87,8.480649,18.784,6.578294,3473.818613,74.14,100.0,1128.0,334.110973,7.748616,87.33,6059.0,78.266667,459.0516,16.751333,6.615255,1529.973078,33.2443,100.0,333.29,8.653719,43.4884,69.797222,24.0,502.54
20220728.0,1036.7,9.84,8.655853,18.738333,6.654807,3472.633836,74.82,100.0,1140.6,334.969985,7.792404,87.61,5985.0,78.076389,457.6041,16.714667,6.872826,1527.757048,34.4631,100.0,333.86,8.742003,43.8359,69.644444,24.0,501.44
20220729.0,1043.13,9.91,8.506452,18.811833,6.461359,3464.912191,72.93,100.0,1128.4,332.164945,7.582107,85.58,6480.0,78.382639,462.2487,16.821667,6.563163,1525.698059,33.121,100.0,330.06,8.40212,42.4013,70.090278,24.0,504.65
20220730.0,928.24,9.08,8.427157,16.759,6.565626,2989.063272,66.02,100.0,1003.0,322.014056,7.687412,77.3,5179.0,69.829167,466.3888,16.859667,7.043654,1526.303987,35.6261,100.0,327.26,7.790031,39.4012,70.248611,24.0,505.79
20220731.0,1004.03,7.52,7.905728,18.053,6.376595,3187.772046,69.07,100.0,1085.9,317.497689,7.308111,79.16,5286.0,75.220833,462.9955,16.780667,7.174308,1493.808681,36.1169,100.0,322.64,8.029975,40.4245,69.919444,24.0,503.42
20220801.0,1032.02,8.33,8.539359,18.598333,6.481764,3322.982232,72.33,100.0,1118.1,321.988162,7.516803,83.88,5473.0,77.493056,461.7274,16.793667,7.07223,1487.039264,35.6306,100.0,322.06,8.352871,42.0826,69.973611,24.0,503.81
20220802.0,1034.55,8.24,8.218886,18.621667,6.386825,3331.559976,71.36,100.0,1115.4,322.029866,7.406247,82.75,5362.0,77.590278,458.3417,16.543333,6.553456,1482.277058,32.5248,100.0,323.4,7.648257,37.9583,68.930556,24.0,496.3
20220803.0,890.78,9.69,9.089332,16.158167,6.841742,3153.370306,66.33,92.020833,1088.9,354.001022,8.118702,78.71,5496.0,73.163535,452.484,16.325667,6.489985,1465.097944,31.786,100.0,323.79,7.612961,37.286,68.023611,24.0,489.77
20220804.0,979.11,8.66,7.988414,17.5855,6.106357,3139.165419,64.43,100.0,1054.0,320.614172,7.204799,76.02,5454.0,73.272917,455.9858,16.413667,6.173087,1466.632727,30.3969,100.0,321.64,7.397128,36.4242,68.390278,24.0,492.41
20220805.0,1010.13,8.94,8.152449,18.140667,6.104149,3233.771922,66.44,100.0,1092.4,320.134232,7.194701,78.31,5543.0,75.586111,451.6235,16.324667,6.040756,1445.601661,29.584,100.0,320.09,7.783007,38.1165,68.019444,24.0,489.74
20220806.0,1009.8,8.32,8.027308,18.134167,6.155967,3241.131093,66.98,100.0,1092.4,320.967627,7.191765,78.25,5539.0,75.559028,453.2383,16.36,5.91632,1453.399257,29.0373,100.0,320.67,7.653158,37.5617,68.166667,24.0,490.8
20220807.0,1010.08,7.9,7.879065,18.102833,5.999982,3243.190115,65.17,100.0,1092.0,321.0825,7.00627,76.1,5516.0,75.428472,453.6547,16.349667,6.00475,1463.535428,29.4527,100.0,322.61,7.509898,36.8353,68.123611,24.0,490.49
20220808.0,1007.71,8.65,7.928964,18.0705,5.990777,3234.50928,64.9538,100.0,1118.9,320.976201,7.057543,76.52,5674.0,75.29375,451.2682,16.288,6.042854,1452.226194,29.5278,100.0,321.81,7.648125,37.3718,67.866667,24.0,488.64
20220809.0,1000.89,8.34,8.127926,17.966167,6.091079,3221.48237,65.66,100.0,1092.5,321.86178,7.151405,77.09,5589.0,74.859028,445.0985,16.090667,6.209169,1439.003451,29.9729,100.0,323.3,7.793648,37.6215,67.044444,24.0,482.72
20220810.0,786.56,8.81,8.404299,14.217667,6.487234,2560.884445,55.34,82.125,1115.8,325.580305,7.796638,66.51,4654.0,72.13428,440.4738,15.950667,6.250543,1421.100621,29.9101,100.0,322.63,7.950807,38.0462,66.461111,24.0,478.52
20220811.0,419.93,9.76,9.310347,7.819167,6.816583,1346.069588,31.98,50.0,483.8,320.546183,10.491314,49.22,2791.0,65.159722,419.925,15.638333,6.816136,1346.069588,31.9779,100.0,320.55,10.49238,49.225,65.159722,24.0,469.15
20220812.0,328.24,8.87,11.210592,6.239167,8.232937,1067.469304,30.82,50.0,468.1,325.21,12.31735,46.11,2098.0,51.993056,328.24,12.478333,8.233845,1067.469304,30.8234,100.0,325.21,12.31735,46.11,51.993056,24.0,374.35
20220813.0,345.4,7.91,11.719543,6.502667,8.504203,1119.7868,33.18,50.0,468.0,324.2,11.472217,44.76,2197.0,54.188889,345.4,13.005333,8.504357,1119.7868,33.1806,100.0,324.2,11.472217,44.76,54.188889,24.0,390.16
20220814.0,423.89,8.73,9.496046,7.804333,6.87225,1360.925181,32.18,50.0,468.0,321.056213,9.477641,44.38,2853.0,65.036111,423.885,15.608667,6.871375,1360.925181,32.1759,100.0,321.06,9.476573,44.375,65.036111,24.0,468.26
20220815.0,424.44,9.27,9.458923,7.8105,7.003393,1358.658879,32.82,50.0,468.0,320.106229,9.431748,44.2,2728.0,65.0875,424.435,15.621,7.004182,1358.658879,32.8237,100.0,320.11,9.430681,44.195,65.0875,24.0,468.63
20220816.0,425.54,9.13,9.410654,7.821833,6.927191,1365.371601,32.51,50.0,468.0,320.85623,9.328589,43.78,2644.0,65.181944,425.535,15.643667,6.927106,1365.371601,32.5096,100.0,320.86,9.327523,43.775,65.181944,24.0,469.31
20220817.0,424.11,9.28,9.503484,7.7995,6.942753,1353.149413,32.49,50.0,468.0,319.056238,9.374533,43.87,2678.0,64.995833,424.105,15.599,6.942625,1353.149413,32.4894,100.0,319.06,9.373464,43.865,64.995833,24.0,467.97
20220818.0,424.44,9.19,9.518877,7.812833,6.977836,1352.292354,32.71,50.0,468.0,318.606247,9.458796,44.34,2634.0,65.106944,424.435,15.625667,6.976876,1352.292354,32.7055,100.0,318.61,9.45773,44.335,65.106944,24.0,468.77
20220819.0,422.79,9.62,9.524253,7.795667,6.914098,1348.219087,32.34,50.0,468.0,318.886229,9.61004,44.95,2624.0,64.963889,422.785,15.591333,6.913713,1348.219087,32.3382,100.0,318.89,9.611109,44.955,64.963889,24.0,467.74
20220820.0,419.38,9.74,9.345454,7.749333,6.807037,1346.990563,31.65,50.0,468.0,321.186171,9.802994,45.58,2875.0,64.577778,419.375,15.498667,6.806048,1346.990563,31.6454,100.0,321.19,9.804069,45.585,64.577778,24.0,464.96
20220821.0,412.45,9.32,9.356969,7.787833,6.940313,1322.546137,32.43,50.0,468.0,320.656113,11.734115,54.83,2524.0,64.898611,412.445,15.575667,6.94119,1322.546137,32.4341,100.0,320.66,11.733045,54.825,64.898611,24.0,467.27
20220822.0,436.87,8.69,8.906956,8.333833,10.415375,1813.349033,52.08,62.333333,561.1,415.077491,12.633242,63.17,3523.0,55.707442,423.0802,15.496333,6.625417,1357.198974,30.8009,100.0,320.79,8.993482,41.8098,64.568056,24.0,464.89
20220823.0,413.0,10.1,10.225787,7.768833,7.560123,1315.554273,35.24,50.0,468.0,318.536144,11.398108,53.13,2582.0,64.740278,412.995,15.537667,7.559415,1315.554273,35.2367,100.0,318.54,11.39918,53.135,64.740278,24.0,466.13
20220824.0,414.65,9.79,9.484036,7.7535,6.981793,1320.146751,32.48,50.0,468.0,318.376161,10.87036,50.57,2486.0,64.6125,414.645,15.507,6.981793,1320.146751,32.48,100.0,318.38,10.869285,50.565,64.6125,24.0,465.21
20220825.0,422.73,10.16,9.486523,7.817167,6.816195,1344.915495,31.97,50.0,468.0,318.15,9.871437,46.3,2592.0,65.143056,422.73,15.634333,6.815662,1344.915495,31.9675,100.0,318.15,9.871437,46.3,65.143056,24.0,469.03
20220826.0,422.57,9.84,9.377269,7.812667,6.847854,1345.489217,32.1,50.0,468.0,318.406232,9.85579,46.2,2574.0,65.105556,422.565,15.625333,6.846787,1345.489217,32.095,100.0,318.41,9.854723,46.195,65.105556,24.0,468.76
20220827.0,422.68,9.78,9.556577,7.814667,6.933544,1344.1065,32.51,50.0,468.0,317.996238,9.8554,46.21,2596.0,65.122222,422.675,15.629333,6.932883,1344.1065,32.5069,100.0,318.0,9.854334,46.205,65.122222,24.0,468.88
20220828.0,422.68,9.0,9.344271,7.798833,6.870686,1345.12092,32.15,50.0,468.0,318.236235,9.67025,45.25,2616.0,64.990278,422.675,15.597667,6.870536,1345.12092,32.1493,100.0,318.24,9.671318,45.255,64.990278,24.0,467.93
20220829.0,421.28,9.24,9.524261,7.7905,6.9957,1338.363161,32.7,50.0,468.0,317.689698,9.868857,46.13,2564.0,64.920833,421.2796,15.581,6.995743,1338.363161,32.7002,100.0,317.69,9.873222,46.1504,64.920833,24.0,467.43
20220830.0,416.63,9.42,9.581516,7.758667,7.035143,1319.03475,32.75,50.0,468.0,316.5962,10.502234,48.89,2343.0,64.655556,416.625,15.517333,7.034284,1319.03475,32.746,100.0,316.6,10.503308,48.895,64.655556,24.0,465.52
20220831.0,416.74,10.23,9.545992,7.7895,6.92385,1316.549212,32.36,50.0,468.0,315.91621,10.835099,50.64,2292.0,64.9125,416.735,15.579,6.923957,1316.549212,32.3605,100.0,315.92,10.834029,50.635,64.9125,24.0,467.37
20220901.0,532.73,10.3,9.100556,9.944833,8.500226,1811.873686,50.72,68.75,549.6,340.111067,10.719134,63.96,3266.55,60.271717,427.603,15.559333,6.029479,1357.725046,28.1444,100.0,317.52,8.393033,39.177,64.830556,24.0,466.78
20220902.0,916.03,8.87,7.782702,16.4895,6.280765,2948.398567,62.14,100.0,988.3,321.867031,7.413809,73.35,5186.0,68.70625,431.356,15.637667,7.159998,1422.612088,33.5897,100.0,329.8,8.051926,37.774,65.156944,24.0,469.13
20220903.0,937.59,8.91,7.707786,16.840833,6.059676,3006.425933,61.23,100.0,1036.0,320.65465,7.210649,72.86,5113.0,70.170139,431.4066,15.578333,6.757912,1419.759121,31.5831,100.0,329.1,7.690895,35.9434,64.909722,24.0,467.35
20220904.0,997.81,8.28,7.66419,17.893667,6.057078,3195.375046,65.03,100.0,1117.4,320.238828,7.061158,75.81,5709.0,74.556944,426.7191,15.467333,7.114413,1407.746311,33.0123,100.0,329.9,8.038641,37.3009,64.447222,24.0,464.02
20220905.0,992.92,8.75,7.719759,17.833333,6.133645,3179.513425,65.63,100.0,1085.7,320.218489,7.203738,77.08,5548.0,74.305556,430.8162,15.636333,7.224712,1420.874909,33.8904,100.0,329.81,8.159159,38.2738,65.151389,24.0,469.09
20220906.0,990.06,8.32,7.50266,17.7335,5.943553,3166.093142,63.24,100.0,1093.0,319.788007,6.950123,73.95,5262.0,73.889583,433.4016,15.643667,6.844154,1424.157658,32.1203,100.0,328.6,7.651318,35.9084,65.181944,24.0,469.31
20220907.0,923.84,8.39,7.696033,16.580667,6.072333,2959.947163,60.41,100.0,992.5,320.396082,7.136826,71.0,4753.0,69.086111,434.1768,15.624333,6.629382,1414.63485,31.0739,100.0,325.82,7.371664,34.5532,65.101389,24.0,468.73
20220908.0,901.84,8.31,7.75864,16.203667,6.1807,2890.059933,60.09,100.0,972.0,320.462602,7.239102,70.38,4813.0,67.515278,431.3153,15.550667,6.790706,1404.017565,31.68,100.0,325.52,7.546236,35.2047,64.794444,24.0,466.52
20220922.0,979.83,9.6,7.953004,17.702,6.553873,3161.479535,69.61,100.0,1063.0,322.655924,7.748654,82.3,5327.0,73.758333,489.652,17.828667,7.608963,1602.28824,40.6973,100.0,327.23,8.452305,45.208,74.286111,24.0,534.86
20220923.0,1001.72,9.47,7.861335,18.096833,6.623627,3230.877069,71.92,100.0,1089.3,322.53295,7.744449,84.09,5452.0,75.403472,490.9811,17.933,7.939832,1607.815808,42.7155,100.0,327.47,8.737876,47.0089,74.720833,24.0,537.99
20220924.0,951.89,8.83,7.431947,17.155667,6.394389,3067.660468,65.82,100.0,1030.9,322.27048,7.524239,77.45,5446.0,71.481944,437.9953,15.954333,7.828866,1428.60927,37.4713,100.0,326.17,8.489794,40.6347,66.476389,24.0,478.63
20220925.0,932.47,9.0,9.059886,16.805667,6.396652,3008.897391,64.5,100.0,1007.3,322.680343,7.524248,75.87,5152.0,70.023611,414.5027,15.171333,7.114932,1314.470962,32.3829,100.0,317.12,8.928527,40.6373,63.213889,24.0,455.14
20220926.0,954.36,9.38,8.883964,17.214667,6.446054,3074.319269,66.58,100.0,1030.5,322.134129,7.602045,78.52,5176.0,71.727778,437.1367,15.981333,7.126606,1381.395686,34.1678,100.0,316.01,8.823482,42.3033,66.588889,24.0,479.44
20220927.0,967.07,10.03,8.467622,17.413333,6.223201,3109.563664,65.02,100.0,1043.6,321.544838,7.439701,77.73,5492.0,72.555556,450.4529,16.375,6.61484,1419.467178,32.4954,100.0,315.12,8.304753,40.7971,68.229167,24.0,491.25
20220928.0,978.51,9.91,8.436132,17.6085,6.202497,3148.094471,65.53,100.0,1057.0,321.72328,7.383745,78.01,5065.0,73.36875,462.0328,16.771667,6.527278,1457.112841,32.842,100.0,315.37,8.171957,41.1172,69.881944,24.0,503.15
20220929.0,977.625,10.14,8.841209,17.6203,6.333755,3145.396823,66.9616,100.0,1056.4,321.738583,7.528532,79.593,5072.0,73.417917,460.8688,16.806,6.842239,1450.953243,34.4972,100.0,314.83,8.590424,43.3112,70.025,24.0,504.18
20220930.0,978.01,10.2,8.768069,17.629,6.332369,3142.997275,66.98,100.0,1056.4,321.366579,7.537769,79.73,5038.0,73.454167,461.1344,16.817,6.904918,1454.002877,34.836,100.0,315.31,8.59757,43.3756,70.070833,24.0,504.51
20221001.0,978.01,8.38,8.662054,17.615333,6.425273,3163.865177,67.91,100.0,1056.0,323.500289,7.466033,78.91,5008.0,73.397222,461.2941,16.795667,7.091512,1470.328814,35.732,100.0,318.74,8.449779,42.5759,69.981944,24.0,503.87
20221002.0,962.12,7.58,8.604279,17.347167,6.590894,3113.72079,68.6,100.0,1040.3,323.63123,7.563195,78.72,5033.0,72.279861,446.0211,16.268667,7.398107,1422.584298,36.1072,100.0,318.95,8.61347,42.0389,67.786111,24.0,488.06
20221003.0,975.43,10.12,8.869436,17.617,6.515487,3141.134416,68.87,100.0,1056.0,322.025611,7.719816,81.6,5266.0,73.404167,459.1172,16.796,7.32988,1453.840526,36.9338,100.0,316.66,8.883623,44.7628,69.983333,24.0,503.88
20221004.0,985.66,10.32,9.058758,17.844667,6.73684,3176.709527,72.13,100.0,1072.5,322.292629,7.940748,85.02,5296.0,74.352778,471.2153,17.254667,7.438065,1491.302181,38.5024,100.0,316.48,8.96853,46.4247,71.894444,24.0,517.64
20221005.0,878.9,11.18,9.599228,15.957333,6.834893,2670.713882,65.44,91.666667,1012.5,303.870051,8.203125,78.54,4949.0,72.533333,466.3019,17.111667,7.26105,1466.752626,37.2746,100.0,314.55,9.164917,47.0481,71.298611,24.0,513.35
20221006.0,451.55,11.92,10.40097,8.3965,7.249052,1419.266805,36.52,50.0,504.0,314.31,10.3694,52.24,2880.0,69.970833,451.55,16.793,7.248893,1419.266805,36.5192,100.0,314.31,10.3694,52.24,69.970833,24.0,503.79
20221007.0,450.89,12.24,10.170531,8.391167,6.973603,1416.24549,35.11,50.0,504.0,314.1,10.443522,52.58,2941.0,69.926389,450.89,16.782333,6.973087,1416.24549,35.1074,100.0,314.1,10.443522,52.58,69.926389,24.0,503.47
20221008.0,449.19,10.71,9.750626,8.358167,6.929351,1414.663239,34.75,50.0,504.0,314.936494,10.428922,52.3,2757.0,69.651389,449.185,16.716333,6.929809,1414.663239,34.7523,100.0,314.94,10.429919,52.305,69.651389,24.0,501.49
20221009.0,454.96,10.42,9.469318,8.396333,6.627893,1429.438824,33.39,50.0,504.0,314.19,9.690738,48.82,2738.0,69.969444,454.96,16.792667,6.627099,1429.438824,33.386,100.0,314.19,9.690738,48.82,69.969444,24.0,503.78
20221010.0,455.79,10.83,9.352501,8.387,6.54187,1430.25333,32.92,50.0,504.0,313.796558,9.427288,47.44,2755.0,69.891667,455.785,16.774,6.541115,1430.25333,32.9162,100.0,313.8,9.426295,47.435,69.891667,24.0,503.22
20221011.0,454.74,11.46,9.436666,8.382667,6.62677,1436.159868,33.33,50.0,504.0,315.82,9.587244,48.22,3003.0,69.855556,454.74,16.765333,6.627267,1436.159868,33.3325,100.0,315.82,9.587244,48.22,69.855556,24.0,502.96
20221012.0,455.73,11.78,9.309346,8.388333,6.540831,1437.190128,32.92,50.0,504.0,315.36,9.451619,47.57,3038.0,69.902778,455.73,16.776667,6.540811,1437.190128,32.9199,100.0,315.36,9.451619,47.57,69.902778,24.0,503.3
20221013.0,457.44,11.55,9.215178,8.413167,6.517562,1441.103224,32.9,50.0,504.0,315.036556,9.380138,47.35,3044.0,70.109722,457.435,16.826333,6.518057,1441.103224,32.9025,100.0,315.04,9.381129,47.355,70.109722,24.0,504.79
20221014.0,457.05,11.36,8.928122,8.3975,6.490027,1444.64364,32.7,50.0,504.0,316.08,9.288479,46.8,3038.0,69.979167,457.05,16.795,6.489531,1444.64364,32.6975,100.0,316.08,9.288479,46.8,69.979167,24.0,503.85
20221015.0,456.56,11.44,9.006761,8.3895,6.547867,1447.918527,32.96,50.0,504.0,317.136527,9.301309,46.82,3143.0,69.9125,456.555,16.779,6.547649,1447.918527,32.9589,100.0,317.14,9.300316,46.815,69.9125,24.0,503.37
20221016.0,456.89,11.37,9.046548,8.396333,6.590178,1455.95543,33.2,50.0,504.0,318.666513,9.309619,46.9,3135.0,69.969444,456.885,16.792667,6.590655,1455.95543,33.2024,100.0,318.67,9.308627,46.895,69.969444,24.0,503.78
20221017.0,457.88,10.64,9.159993,8.405333,6.668385,1465.337363,33.63,50.0,504.0,320.026505,9.246114,46.63,3056.0,70.044444,457.875,16.810667,6.668028,1465.337363,33.6282,100.0,320.03,9.209431,46.445,70.044444,24.0,504.32
20221018.0,456.94,11.78,8.902035,8.380167,6.413954,1463.35035,32.25,50.0,504.0,320.25,9.12273,45.87,2849.0,69.834722,456.94,16.760333,6.413556,1463.35035,32.248,100.0,320.25,9.12273,45.87,69.834722,24.0,502.81
20221019.0,455.35,11.48,8.802459,8.3495,6.433519,1458.652173,32.23,50.0,504.0,320.336482,9.10833,45.63,2846.0,69.579167,455.345,16.699,6.432521,1458.652173,32.225,100.0,320.34,9.107332,45.625,69.579167,24.0,500.97
20221020.0,456.28,11.48,8.808883,8.376,6.399236,1464.20252,32.16,50.0,504.0,320.9,9.208851,46.28,2948.0,69.8,456.28,16.752,6.399037,1464.20252,32.159,100.0,320.9,9.208851,46.28,69.8,24.0,502.56
20221021.0,453.53,11.82,8.809896,8.334833,6.44684,1455.468476,32.24,50.0,504.0,320.92,9.310324,46.56,3537.0,69.456944,453.53,16.669667,6.4459,1455.468476,32.2353,100.0,320.92,9.310324,46.56,69.456944,24.0,500.09
20221022.0,442.15,12.13,8.925063,8.148333,6.610759,1420.037097,32.32,50.0,495.4,321.166368,9.562283,46.75,3340.0,67.902778,442.145,16.296667,6.611332,1420.037097,32.3228,100.0,321.17,9.563305,46.755,67.902778,24.0,488.9
20221023.0,434.34,12.08,9.186675,8.007167,6.654455,1399.253636,31.97,50.0,481.0,322.156291,9.593489,46.09,3201.0,66.726389,434.335,16.014333,6.654768,1399.253636,31.9715,100.0,322.16,9.59453,46.095,66.726389,24.0,480.43
20221024.0,429.28,12.4,9.23205,7.922333,6.599487,1382.866485,31.37,50.0,481.0,322.136248,9.689906,46.06,3322.0,66.019444,429.275,15.844667,6.599424,1382.866485,31.3697,100.0,322.14,9.690958,46.065,66.019444,24.0,475.34
20221025.0,444.35,12.01,8.985526,8.177667,6.428076,1430.613162,31.54,50.0,491.6,321.956377,9.440346,46.32,3397.0,68.147222,444.345,16.355333,6.427771,1430.613162,31.5385,100.0,321.96,9.439327,46.315,68.147222,24.0,490.66
20221026.0,444.95,12.61,8.976469,8.194667,6.392369,1431.448645,31.43,50.0,496.4,321.71,9.504149,46.73,3303.0,68.288889,444.95,16.389333,6.391413,1431.448645,31.4253,100.0,321.71,9.504149,46.73,68.288889,24.0,491.68
20221027.0,444.79,12.21,9.305672,8.233167,6.684346,1433.586534,33.02,50.0,499.8,322.306377,9.96174,49.21,3137.0,68.609722,444.785,16.466333,6.684467,1433.586534,33.0206,100.0,322.31,9.960728,49.205,68.609722,24.0,493.99
20221028.0,440.66,12.62,9.428768,8.167167,6.791421,1419.321794,33.28,50.0,494.8,322.09,10.074893,49.37,3108.0,68.059722,440.66,16.334333,6.792237,1419.321794,33.284,100.0,322.09,10.074893,49.37,68.059722,24.0,490.03
20221029.0,447.21,11.58,9.150888,8.298833,6.822244,1445.679604,33.97,50.0,503.9,323.266386,10.188179,50.73,3226.0,69.156944,447.205,16.597667,6.821481,1445.679604,33.9662,100.0,323.27,10.187175,50.725,69.156944,24.0,497.93
20221030.0,446.99,11.31,9.085863,8.285833,6.784673,1447.471526,33.73,50.0,504.0,323.826378,10.08951,50.16,3200.0,69.048611,446.985,16.571667,6.784029,1447.471526,33.7268,100.0,323.83,10.090516,50.165,69.048611,24.0,497.15
20221031.0,437.03,12.5,9.516501,8.264833,6.949122,1416.152012,34.46,50.0,500.3,324.04,11.869568,58.86,3117.0,68.873611,437.03,16.529667,6.948214,1416.152012,34.4555,100.0,324.04,11.869568,58.86,68.873611,24.0,495.89
20221101.0,681.34,11.73,9.410915,12.5885,7.852405,2602.542582,59.31,50.0,766.3,381.974137,9.794654,73.98,4842.0,104.904167,449.6863,16.422333,6.426107,1463.594001,31.6595,100.0,325.47,8.724643,42.9837,68.426389,24.0,492.67
20221102.0,820.93,10.29,8.73846,14.920833,6.82826,2813.093849,61.13,100.0,889.0,342.671586,8.301592,74.32,4764.0,62.170139,458.4551,16.628333,6.706746,1495.388845,33.4566,100.0,326.18,8.097604,40.3949,69.284722,24.0,498.85
20221103.0,899.42,10.11,7.817097,16.28,6.576577,2981.766544,64.24,100.0,974.5,331.521041,7.922809,77.39,5196.0,67.833333,473.3118,17.129333,7.344341,1594.161474,37.7411,100.0,336.81,7.894489,40.5682,71.372222,24.0,513.88
20221104.0,916.19,10.35,7.609382,16.541833,6.391875,3066.792379,63.44,100.0,990.6,334.73323,7.689595,76.32,5568.0,68.924306,444.3012,16.050667,7.474871,1535.371657,35.993,100.0,345.57,7.72944,37.2188,66.877778,24.0,481.52
20230228.0,910.2,10.91,6.814959,16.330333,5.75718,2845.427993,56.41,100.0,991.0,312.615688,7.105387,69.62,4387.0,68.043056,435.4179,15.621333,6.854409,1361.46469,32.1225,100.0,312.68,7.089045,33.2221,65.088889,24.0,468.64
20230301.0,967.73,11.36,7.022433,17.224667,5.103147,3303.902133,52.74,100.0,1022.8,341.407431,6.362968,65.76,6726.0,71.769444,493.1454,17.419333,5.471468,1829.668063,28.5928,100.0,371.02,5.632554,29.4346,72.580556,24.0,522.58
20230302.0,863.83,11.08,7.092126,15.4515,5.465489,2761.408892,50.67,100.0,902.2,319.670409,6.822423,63.25,5444.0,64.38125,389.2115,13.864667,6.263259,1285.487742,26.0514,100.0,330.28,6.426047,26.7285,57.769444,24.0,415.94
20230303.0,923.18,10.9,7.230322,16.4895,5.360987,2957.810313,53.04,100.0,1019.0,320.393673,6.691127,66.2,5946.0,68.70625,451.633,16.017333,5.782111,1489.711451,27.7842,100.0,329.85,6.011612,28.887,66.738889,24.0,480.52
20230304.0,993.25,10.94,6.888041,17.696167,5.22147,3165.112189,55.44,100.0,1056.0,318.662189,6.454317,68.53,6231.0,73.734028,518.6896,18.382667,4.564209,1645.490887,25.1707,100.0,317.24,5.945891,32.7904,76.594444,24.0,551.48
20230305.0,983.02,9.88,6.094259,17.553167,5.514674,3136.75574,58.08,100.0,1052.8,319.093786,6.452777,67.96,5751.0,73.138194,512.14,18.239333,4.387953,1601.154496,24.01,100.0,312.64,6.403743,35.04,75.997222,24.0,547.18
20230306.0,924.11,10.31,6.238718,16.5193,5.518121,2928.980371,54.6933,100.0,987.6,316.951485,6.764613,67.048,5361.0,68.830417,477.74,17.0036,4.363782,1469.719336,22.26,100.0,307.64,6.345323,32.368,70.848333,24.0,510.108
20230307.0,945.56,11.76,6.99107,16.901833,5.391634,2988.54549,54.6771,100.0,1010.8,316.060905,6.759425,68.548,5659.0,70.424306,482.9733,17.169333,4.681622,1502.578234,24.1141,100.0,311.11,6.233342,32.1067,71.538889,24.0,515.08
20230308.0,987.03,7.94,7.070039,17.5695,5.442196,3124.971837,57.37,100.0,1071.6,316.603531,6.368992,67.14,5732.0,73.20625,484.0711,17.173667,5.028299,1516.207499,25.9063,100.0,313.22,6.043924,31.1389,71.556944,24.0,515.21
20230309.0,971.03,11.48,6.90695,17.3625,5.563715,2489.613655,57.96,97.916667,1046.9,256.388953,6.789537,70.73,4792.0,73.882979,480.1697,17.144667,4.609616,1455.970564,23.7091,100.0,303.22,6.643524,34.1703,71.436111,24.0,514.34
20230310.0,487.19,13.34,7.945877,8.878333,5.52844,1474.278025,29.45,50.0,532.5,302.608433,8.54327,45.51,3346.0,73.986111,485.375,17.756667,5.529228,1474.278025,29.4542,100.0,303.74,8.883987,47.325,73.986111,24.0,532.7
20230311.0,479.66,12.73,7.579921,8.769667,5.294766,1452.731099,27.86,50.0,525.6,302.866843,8.841081,46.52,3359.0,73.080556,479.655,17.539333,5.294253,1452.731099,27.8573,100.0,302.87,8.842031,46.525,73.080556,24.0,526.18
20230312.0,485.49,11.73,7.338331,8.861,5.208216,1484.030548,27.69,50.0,528.2,305.676852,8.684121,46.17,3301.0,73.841667,485.485,17.722,5.207727,1484.030548,27.6874,100.0,305.68,8.685062,46.175,73.841667,24.0,531.66
20230313.0,476.68,11.01,6.818659,8.626333,4.872677,1448.16903,25.22,50.0,516.0,303.803187,7.900228,40.89,3322.0,71.886111,476.685,17.252667,4.872348,1448.16903,25.2183,100.0,303.8,7.901194,40.895,71.886111,24.0,517.58
20230314.0,474.16,11.11,6.829682,8.589667,4.879894,1443.232989,25.15,50.0,516.0,304.37679,7.999922,41.23,3453.0,71.580556,474.155,17.179333,4.880496,1443.232989,25.1531,100.0,304.38,7.998952,41.225,71.580556,24.0,515.38
20230315.0,479.71,10.87,6.753617,8.683167,4.848462,1462.204051,25.26,50.0,516.0,304.81,7.923377,41.28,3842.0,72.359722,479.71,17.366333,4.849249,1462.204051,25.2641,100.0,304.81,7.923377,41.28,72.359722,24.0,520.99
20230316.0,481.91,10.72,6.770541,8.715667,4.815084,1465.681074,25.18,50.0,523.1,304.14,7.846024,41.03,3794.0,72.630556,481.91,17.431333,4.81474,1465.681074,25.1782,100.0,304.14,7.846024,41.03,72.630556,24.0,522.94
20230317.0,475.48,10.58,6.601327,8.5925,4.748327,1448.011565,24.48,50.0,516.0,304.536798,7.774222,40.08,3689.0,71.604167,475.475,17.185,4.74889,1448.011565,24.4829,100.0,304.54,7.773252,40.075,71.604167,24.0,515.55
20230318.0,473.83,10.88,6.646227,8.567167,4.746805,1440.949208,24.4,50.0,516.0,304.106791,7.822501,40.21,3710.0,71.393056,473.825,17.134333,4.746396,1440.949208,24.3979,100.0,304.11,7.821528,40.205,71.393056,24.0,514.03
20230319.0,475.09,9.4,6.705755,8.567167,4.962745,1448.739446,25.51,50.0,516.0,304.94,7.575433,38.94,3502.0,71.393056,475.09,17.134333,4.962454,1448.739446,25.5085,100.0,304.94,7.575433,38.94,71.393056,24.0,514.03
20230320.0,479.6,9.16,6.692956,8.6255,4.942709,1459.32688,25.58,50.0,518.6,304.28,7.329044,37.93,3736.0,71.879167,479.6,17.251,4.942883,1459.32688,25.5809,100.0,304.28,7.329044,37.93,71.879167,24.0,517.53
20230321.0,492.64,9.39,6.715033,8.844833,4.999152,1490.220875,26.53,50.0,532.0,302.49693,7.171795,38.06,3563.0,73.706944,492.635,17.689667,4.99951,1490.220875,26.5319,100.0,302.5,7.170853,38.055,73.706944,24.0,530.69
20230322.0,493.35,9.23,6.653566,8.872167,5.171604,1492.48242,27.53,50.0,531.2,302.52,7.322526,38.98,4175.0,73.934722,493.35,17.744333,5.171116,1492.48242,27.5274,100.0,302.52,7.322526,38.98,73.934722,24.0,532.33
20230323.0,479.66,9.42,6.622689,8.619167,5.002417,1451.819754,25.87,50.0,516.4,302.676845,7.251281,37.5,2974.0,71.826389,479.655,17.238333,5.002862,1451.819754,25.8723,100.0,302.68,7.250314,37.495,71.826389,24.0,517.15
20230324.0,502.32,10.02,6.541704,9.0305,4.872377,1518.046162,26.4,50.0,523.1,302.206992,7.293801,39.52,4071.0,75.254167,502.315,18.061,4.872303,1518.046162,26.3996,100.0,302.21,7.292878,39.515,75.254167,24.0,541.83
20230325.0,458.48,10.35,6.834841,8.270667,5.03587,1392.678848,24.99,50.0,493.7,303.76,7.609221,37.76,3663.0,68.922222,458.48,16.541333,5.036555,1392.678848,24.9934,100.0,303.76,7.609221,37.76,68.922222,24.0,496.24
20230326.0,428.89,10.2,6.819157,7.753167,5.051699,1306.613385,23.5,50.0,465.1,304.65,7.803263,36.3,3502.0,64.609722,428.89,15.506333,5.051269,1306.613385,23.498,100.0,304.65,7.803263,36.3,64.609722,24.0,465.19
20230327.0,405.57,10.37,6.614254,7.351,5.042398,1229.728797,22.24,50.0,441.1,303.21,8.046524,35.49,3464.0,61.258333,405.57,14.702,5.042443,1229.728797,22.2402,100.0,303.21,8.046524,35.49,61.258333,24.0,441.06
20230328.0,384.01,9.78,6.915052,6.965333,5.108633,1160.823829,21.35,50.0,417.1,302.29,8.113993,33.91,3258.0,58.044444,384.01,13.930667,5.107963,1160.823829,21.3472,100.0,302.29,8.113993,33.91,58.044444,24.0,417.92
20230329.0,445.34,9.09,6.524613,8.026667,5.010382,1340.45835,24.13,50.0,501.9,300.996621,7.531146,36.27,3208.0,66.888889,445.335,16.053333,5.009344,1340.45835,24.125,100.0,301.0,7.530108,36.265,66.888889,24.0,481.6
20230330.0,443.3,9.18,6.657601,7.990333,4.953903,1335.84022,23.75,50.0,480.2,301.34,7.534104,36.12,3153.0,66.586111,443.3,15.980667,4.952881,1335.84022,23.7451,100.0,301.34,7.534104,36.12,66.586111,24.0,479.42
20230331.0,456.72,8.79,6.583372,8.199667,4.882312,1370.890752,24.02,50.0,491.9,300.16,7.166958,35.26,3684.0,68.330556,456.72,16.399333,4.88154,1370.890752,24.0162,100.0,300.16,7.166958,35.26,68.330556,24.0,491.98
20230401.0,455.35,9.02,6.778173,8.203833,5.060642,1374.322279,24.91,50.0,492.0,301.816686,7.492432,36.88,3631.0,68.365278,455.345,16.407667,5.059891,1374.322279,24.9063,100.0,301.82,7.493448,36.885,68.365278,24.0,492.23
20230402.0,454.74,9.2,6.843975,8.204333,5.092837,1379.590212,25.07,50.0,492.0,303.38,7.621988,37.52,3490.0,68.369444,454.74,16.408667,5.093751,1379.590212,25.0745,100.0,303.38,7.621988,37.52,68.369444,24.0,492.26
20230403.0,452.82,9.09,6.839276,8.197333,5.322869,1376.648163,26.18,50.0,492.0,304.016643,7.935507,39.03,3598.0,68.311111,452.815,16.394667,5.323865,1376.648163,26.1849,100.0,304.02,7.934491,39.025,68.311111,24.0,491.84
20230404.0,475.59,8.36,6.683509,8.585333,5.21626,1443.448034,26.87,50.0,516.0,303.506809,7.67394,39.53,3366.0,71.544444,475.585,17.170667,5.216357,1443.448034,26.8705,100.0,303.51,7.674911,39.535,71.544444,24.0,515.12
20230405.0,482.24,7.38,7.027862,8.685833,5.562698,1456.509472,28.99,50.0,516.0,302.03,7.466181,38.91,3506.0,72.381944,482.24,17.371667,5.56312,1456.509472,28.9922,100.0,302.03,7.466181,38.91,72.381944,24.0,521.15
20230406.0,471.41,8.63,7.24119,8.5485,5.577977,1429.535663,28.61,50.0,516.0,303.246784,8.093038,41.51,3263.0,71.2375,471.405,17.097,5.577138,1429.535663,28.6057,100.0,303.25,8.092063,41.505,71.2375,24.0,512.91
20230407.0,470.58,8.65,6.739868,8.476833,5.153261,1426.09269,26.21,50.0,516.0,303.05,7.477242,38.03,3627.0,70.640278,470.58,16.953667,5.153811,1426.09269,26.2128,100.0,303.05,7.477242,38.03,70.640278,24.0,508.61
20230408.0,468.33,9.48,7.349139,8.455833,5.28432,1419.680405,26.81,50.0,516.0,303.136764,7.692914,39.03,3608.0,70.465278,468.325,16.911667,5.285089,1419.680405,26.8139,100.0,303.14,7.691929,39.025,70.465278,24.0,507.35
20230409.0,466.9,9.89,7.372245,8.450333,5.311428,1428.231805,26.93,50.0,516.0,305.896724,7.914875,40.13,3736.0,70.419444,466.895,16.900667,5.311211,1428.231805,26.9289,100.0,305.9,7.913889,40.125,70.419444,24.0,507.02
20230410.0,507.82,9.43,7.433819,9.166,5.309477,1554.167808,29.2,50.0,551.8,306.046987,7.664194,42.15,3942.0,76.383333,507.815,18.332,5.309241,1554.167808,29.1987,100.0,306.05,7.663285,42.145,76.383333,24.0,549.96
20230411.0,507.76,9.99,7.667552,9.165833,5.320484,1563.596144,29.26,50.0,552.0,307.94,7.671607,42.19,4061.0,76.381944,507.76,18.331667,5.320738,1563.596144,29.2614,100.0,307.94,7.671607,42.19,76.381944,24.0,549.95
20230412.0,510.95,9.12,7.144553,9.181167,5.124621,1574.85009,28.23,50.0,552.0,308.22,7.246719,39.92,4102.0,76.509722,510.95,18.362333,5.124548,1574.85009,28.2296,100.0,308.22,7.246719,39.92,76.509722,24.0,550.87
20230413.0,530.26,9.24,6.987475,9.516167,4.945969,1631.912788,28.24,50.0,576.0,307.757098,7.129972,40.71,4029.0,79.301389,530.255,19.032333,4.946144,1631.912788,28.241,100.0,307.76,7.130848,40.715,79.301389,24.0,570.97
20230414.0,529.65,8.87,7.049916,9.525167,4.993788,1637.307045,28.54,50.0,576.0,309.13,7.324456,41.86,4004.0,79.376389,529.65,19.050333,4.993648,1637.307045,28.5392,100.0,309.13,7.324456,41.86,79.376389,24.0,571.51
20230415.0,496.6,9.23,7.579017,8.967167,5.34171,1536.117314,28.74,50.0,540.2,309.326886,7.702173,41.44,3628.0,74.726389,496.595,17.934333,5.34171,1536.117314,28.74,100.0,309.33,7.701243,41.435,74.726389,24.0,538.03
20230416.0,496.38,9.26,7.563401,8.9665,5.347683,1545.364288,28.77,50.0,540.0,311.326864,7.736203,41.62,3748.0,74.720833,496.375,17.933,5.3472,1545.364288,28.7674,100.0,311.33,7.735274,41.615,74.720833,24.0,537.99
20230417.0,498.41,9.2,7.439941,8.987167,5.277896,1546.416707,28.46,50.0,540.0,310.27,7.570054,40.82,3649.0,74.893056,498.41,17.974333,5.278304,1546.416707,28.4622,100.0,310.27,7.570054,40.82,74.893056,24.0,539.23
20230418.0,493.19,9.99,7.726642,8.947833,5.483637,1532.621706,29.44,50.0,540.0,310.756849,8.13791,43.69,3332.0,74.565278,493.185,17.895667,5.483544,1532.621706,29.4395,100.0,310.76,8.136979,43.685,74.565278,24.0,536.87
20230419.0,504.35,9.8,7.5844,9.129167,5.363761,1566.965015,29.38,50.0,551.9,310.69,7.923323,43.4,3527.0,76.076389,504.35,18.258333,5.363743,1566.965015,29.3799,100.0,310.69,7.923323,43.4,76.076389,24.0,547.75
20230420.0,502.81,9.87,7.545947,9.109167,5.333455,1563.638538,29.15,50.0,552.0,310.98,8.002927,43.74,3668.0,75.909722,502.81,18.218333,5.33298,1563.638538,29.1474,100.0,310.98,8.002927,43.74,75.909722,24.0,546.55
20230421.0,505.62,9.78,7.494724,9.14,5.291758,1570.187383,29.02,50.0,552.0,310.546929,7.802699,42.79,3821.0,76.166667,505.615,18.28,5.291648,1570.187383,29.0194,100.0,310.55,7.801787,42.785,76.166667,24.0,548.4
20230422.0,509.14,9.55,7.193356,9.174167,5.090381,1573.125323,28.02,50.0,552.0,308.976966,7.504769,41.31,3746.0,76.451389,509.135,18.348333,5.091198,1573.125323,28.0245,100.0,308.98,7.505677,41.315,76.451389,24.0,550.45
20230423.0,509.69,9.13,7.303702,9.176,5.103894,1582.215146,28.1,50.0,552.0,310.426955,7.425167,40.88,3947.0,76.466667,509.685,18.352,5.10324,1582.215146,28.0964,100.0,310.43,7.424259,40.875,76.466667,24.0,550.56
20230424.0,508.09,9.89,7.355533,9.168667,5.082527,1576.09518,27.96,50.0,552.0,310.2,7.640151,42.03,3921.0,76.405556,508.09,18.337333,5.083255,1576.09518,27.964,100.0,310.2,7.640151,42.03,76.405556,24.0,550.12
20230425.0,506.495,10.11,7.313104,9.135833,5.014412,1573.22412,27.4865,50.0,552.0,310.61,7.599927,41.659,3879.0,76.131944,506.495,18.271667,5.014412,1573.22412,27.4865,100.0,310.61,7.599197,41.655,76.131944,24.0,548.15
20230426.0,508.53,10.3,7.305431,9.168333,4.89002,1560.780276,26.9,50.0,552.0,306.92,7.562261,41.6,3456.0,76.402778,508.53,18.336667,4.889238,1560.780276,26.8957,100.0,306.92,7.556808,41.57,76.402778,24.0,550.1
20230427.0,507.76,9.96,7.458998,9.17,5.187205,1552.019216,28.54,50.0,552.0,305.66,7.711741,42.43,3502.0,76.416667,507.76,18.34,5.186787,1552.019216,28.5377,100.0,305.66,7.713559,42.44,76.416667,24.0,550.2
20230428.0,506.55,10.3,7.809201,9.175167,5.329603,1544.67357,29.34,50.0,552.0,304.94,7.983506,43.95,3245.0,76.459722,506.55,18.350333,5.328713,1544.67357,29.3351,100.0,304.94,7.985323,43.96,76.459722,24.0,550.51
20230429.0,507.43,10.02,7.688861,9.176167,5.238208,1536.548783,28.84,50.0,552.0,302.81,7.835516,43.14,3306.0,76.468056,507.43,18.352333,5.237663,1536.548783,28.837,100.0,302.81,7.835516,43.14,76.468056,24.0,550.57
20230430.0,509.69,9.53,7.505249,9.179667,5.10004,1535.731874,28.09,50.0,552.0,301.307044,7.462145,41.1,3135.0,76.497222,509.685,18.359333,5.099749,1535.731874,28.0884,100.0,301.31,7.461237,41.095,76.497222,24.0,550.78
20230501.0,465.91,7.09,7.664078,8.399,5.504624,1440.485079,27.74,50.0,504.3,309.176682,7.548518,38.04,3195.0,69.991667,465.905,16.798,5.505596,1440.485079,27.7449,100.0,309.18,7.547525,38.035,69.991667,24.0,503.94
20230502.0,465.19,8.3,7.888534,8.386833,5.307923,1432.645643,26.71,50.0,504.3,307.97,7.555494,38.02,3347.0,69.890278,465.19,16.773667,5.308778,1432.645643,26.7143,100.0,307.97,7.555494,38.02,69.890278,24.0,503.21
20230503.0,496.43,8.18,7.078017,8.954833,5.453293,1539.677645,29.3,50.0,540.1,310.15,7.604832,40.86,3422.0,74.623611,496.43,17.909667,5.452772,1539.677645,29.2972,100.0,310.15,7.604832,40.86,74.623611,24.0,537.29
20230504.0,484.33,7.89,7.352249,8.765333,5.679571,1506.605331,29.87,50.0,533.8,311.07,7.908047,41.59,3221.0,73.044444,484.33,17.530667,5.680484,1506.605331,29.8748,100.0,311.07,7.908047,41.59,73.044444,24.0,525.92
20230505.0,475.86,8.53,7.434044,8.629667,5.705126,1478.211504,29.54,50.0,523.3,310.64,8.096103,41.92,3312.0,71.913889,475.86,17.259333,5.704875,1478.211504,29.5387,100.0,310.64,8.096103,41.92,71.913889,24.0,517.78
20230506.0,494.29,10.6,7.119981,8.951667,5.207596,1530.998359,27.97,50.0,545.5,309.736867,7.972445,42.82,3781.0,74.597222,494.285,17.903333,5.208416,1530.998359,27.9744,100.0,309.74,7.971514,42.815,74.597222,24.0,537.1
20230507.0,492.31,10.83,6.95909,8.895833,5.116628,1521.123989,27.31,50.0,535.3,308.976862,7.765808,41.45,3720.0,74.131944,492.305,17.791667,5.117471,1521.123989,27.3145,100.0,308.98,7.764871,41.445,74.131944,24.0,533.75
20230508.0,509.69,11.28,6.873271,9.187,4.889155,1572.327257,26.95,50.0,552.0,308.486974,7.536011,41.54,3854.0,76.558333,509.685,18.374,4.889554,1572.327257,26.9522,100.0,308.49,7.535104,41.535,76.558333,24.0,551.22
20230509.0,509.19,11.45,6.870229,9.174333,4.861643,1565.912007,26.7614,50.0,552.0,307.53,7.497366,41.27,3875.0,76.452778,509.19,18.348667,4.861643,1565.912007,26.7614,100.0,307.53,7.497366,41.27,76.452778,24.0,550.46
20230510.0,510.73,10.87,6.667902,9.1801,4.760043,1571.618356,26.2186,50.0,552.0,307.72,7.275883,40.076,3613.0,76.500833,510.73,18.3602,4.760043,1571.618356,26.2186,100.0,307.72,7.275883,40.076,76.500833,24.0,550.806
20230511.0,510.4,10.96,6.623049,9.166167,4.700256,1567.9488,25.85,50.0,552.0,307.2,7.194938,39.57,4156.0,76.384722,510.4,18.332333,4.700893,1567.9488,25.8535,100.0,307.2,7.194938,39.57,76.384722,24.0,549.97
20230512.0,516.84,10.78,6.568865,9.2845,4.719335,1586.631767,26.29,50.0,559.6,306.98703,7.223509,40.24,4239.0,77.370833,516.835,18.569,4.719461,1586.631767,26.2907,100.0,306.99,7.222611,40.235,77.370833,24.0,557.07
20230513.0,520.36,11.06,6.648185,9.350667,4.750107,1595.668608,26.65,50.0,559.5,306.647053,7.25082,40.68,4264.0,77.922222,520.355,18.701333,4.750553,1595.668608,26.6525,100.0,306.65,7.251711,40.685,77.922222,24.0,561.04
20230514.0,510.29,10.86,6.787755,9.184333,4.883316,1569.396895,26.91,50.0,547.1,307.55,7.398468,40.77,4291.0,76.536111,510.29,18.368667,4.88259,1569.396895,26.906,100.0,307.55,7.398468,40.77,76.536111,24.0,551.06
20230515.0,520.91,11.07,6.972868,9.385167,4.958179,1600.22016,27.92,50.0,565.9,307.197051,7.495871,42.21,4202.0,78.209722,520.905,18.770333,4.958356,1600.22016,27.921,100.0,307.2,7.494983,42.205,78.209722,24.0,563.11
20230516.0,515.63,10.97,7.163272,9.3025,5.122279,1579.101563,28.59,50.0,552.1,306.24703,7.619815,42.53,4272.0,77.520833,515.625,18.605,5.12296,1579.101563,28.5938,100.0,306.25,7.61892,42.525,77.520833,24.0,558.15
20230517.0,514.64,10.1,7.513567,9.462833,5.39479,1595.574354,30.63,50.0,563.9,310.036988,9.357662,53.13,4108.0,78.856944,514.635,18.925667,5.395565,1595.574354,30.6344,100.0,310.04,9.358543,53.135,78.856944,24.0,567.77
20230518.0,591.58,8.82,6.562022,10.942167,8.078839,1900.558542,53.04,66.666667,703.5,321.268221,9.894445,64.96,4165.0,68.388542,529.2582,18.944667,4.83677,1639.4302,27.4893,100.0,309.76,6.876482,39.0818,78.936111,24.0,568.34
20230519.0,1055.29,10.06,7.558761,18.883,5.79004,3325.559736,65.6,100.0,1147.7,315.132308,6.857138,77.69,7402.0,78.679167,533.8843,18.998333,5.217475,1666.306289,29.737,100.0,312.11,6.327871,36.0657,79.159722,24.0,569.95
20230520.0,1128.11,11.2,8.324037,20.158833,5.635247,3583.688969,68.16,100.0,1212.3,317.671944,6.73154,81.42,7297.0,83.995139,620.2947,21.954,5.646564,2021.664486,37.1894,100.0,325.92,5.819031,38.3253,91.475,24.0,658.62
20230612.0,950.68,9.65,7.274992,17.0895,6.205565,3053.115934,63.63,97.916667,997.3,321.150748,7.285175,74.7,5689.0,72.721277,431.2878,15.559333,7.466687,1439.379904,34.853,95.833333,333.74,7.603625,35.4922,67.649275,23.0,466.78
20230613.0,1072.83,9.92,7.283396,19.190667,5.816195,3405.971895,66.97,100.0,1158.1,317.475452,6.827103,78.61,6810.0,79.961111,553.3055,19.741667,6.425699,1794.978373,38.0562,100.0,324.41,6.575686,38.9445,82.256944,24.0,592.25
20230614.0,1071.29,9.99,7.209488,19.1585,5.801602,3402.677654,66.69,100.0,1149.0,317.624327,6.804638,78.22,6547.0,79.827083,552.4477,19.702,6.398183,1794.681598,37.8171,100.0,324.86,6.532721,38.6123,82.091667,24.0,591.06
20230615.0,1034.33,9.33,6.941763,18.469,5.617521,3232.65669,62.25,100.0,1112.6,312.536298,6.659808,73.8,6498.0,76.954167,513.6395,18.286667,5.740831,1615.704411,31.4942,100.0,314.56,6.372676,34.9605,76.194444,24.0,548.6
20230616.0,850.03,10.52,7.885537,15.276,5.955966,2677.880294,54.59,100.0,917.5,315.033622,7.259754,66.54,5341.0,63.65,355.6169,12.872,6.377693,1131.075112,24.6281,100.0,318.06,7.909442,30.5431,53.633333,24.0,386.16
20230617.0,797.06,11.12,8.161588,14.380167,6.083611,2506.913865,52.49,100.0,858.6,314.520095,7.620449,65.75,5065.0,59.917361,329.3208,11.996333,6.527495,1047.240144,23.4918,100.0,318.0,8.49404,30.5692,49.984722,24.0,359.89
20230618.0,793.43,11.32,8.494226,14.343333,6.22267,2491.852967,53.5523,100.0,855.4,314.060846,7.804787,67.168,5111.0,59.763889,330.2855,11.999,6.336445,1045.452693,22.8093,100.0,316.53,8.246382,29.6845,49.995833,24.0,359.97
20230619.0,886.33,10.2,8.377892,15.961833,6.143822,2759.677124,58.84,100.0,956.9,311.360004,7.453196,71.38,4942.0,66.507639,385.656,13.918333,6.069836,1203.748073,25.3446,100.0,312.13,7.638367,31.894,57.993056,24.0,417.55
20230620.0,1031.97,10.14,8.568379,18.553667,6.165897,3199.120893,68.64,100.0,1116.6,310.001346,7.299545,81.26,6034.0,77.306944,511.1327,18.337667,5.915529,1580.217855,32.5431,100.0,309.16,7.088743,38.9973,76.406944,24.0,550.13
20230621.0,983.73,9.93,8.766269,17.723,6.313829,3044.293214,67.14,100.0,1063.9,309.464306,7.491207,79.66,5297.0,73.845833,462.469,16.660333,6.214642,1427.133087,31.0614,100.0,308.59,7.471039,37.341,69.418056,24.0,499.81
20230622.0,976.36,7.09,8.679939,17.528167,6.317451,3022.671134,66.44,100.0,1049.1,309.58572,7.162757,75.33,5314.0,73.034028,453.1954,16.237667,6.1251,1395.524595,29.8372,100.0,307.93,6.966231,33.9346,67.656944,24.0,487.13
20230623.0,925.93,7.54,8.392119,16.607167,6.144937,2868.844701,61.23,100.0,1012.9,309.833864,7.076262,70.51,5134.0,69.196528,400.0192,14.411333,6.364921,1232.699167,27.5181,100.0,308.16,7.475783,32.3208,60.047222,24.0,432.34
20230624.0,913.17,9.48,8.404695,16.414667,6.120543,2817.072468,60.28,100.0,998.4,308.49376,7.282105,71.72,5194.0,68.394444,389.0359,14.030667,6.187185,1197.88044,26.0431,100.0,307.91,7.57486,31.8841,58.461111,24.0,420.92
20230625.0,948.42,11.3,8.326364,17.074833,6.062529,2923.556041,62.11,100.0,1018.4,308.255419,7.425158,76.07,5611.0,71.145139,424.9131,15.281333,5.880137,1307.542591,26.9569,100.0,307.72,7.313258,33.5269,63.672222,24.0,458.44
20230626.0,981.37,12.3,8.536586,17.659333,6.084601,3036.254007,64.47,100.0,1018.4,309.389324,7.380422,78.2,5575.0,73.580556,493.1952,17.636333,6.357236,1541.136361,33.6355,100.0,312.48,6.784252,35.8948,73.484722,24.0,529.09
20230627.0,979.39,11.55,8.308713,17.640333,6.078872,3047.941377,64.34,100.0,1060.3,311.208137,7.46679,79.03,5312.0,73.501389,480.6671,17.273333,6.484002,1501.267553,33.6001,100.0,312.33,7.242937,37.5329,71.972222,24.0,518.2
20230628.0,1015.74,10.15,8.240543,18.233167,5.971718,3186.274088,65.33,100.0,1089.4,313.689929,7.152716,78.25,5671.0,75.971528,525.6779,18.812333,6.114393,1645.371827,34.5078,100.0,313.0,6.855804,38.6921,78.384722,24.0,564.37
20230629.0,1121.18,9.91,8.481866,20.166833,6.264411,3524.310031,75.8,100.0,1215.3,314.33936,7.342088,88.84,6500.0,84.028472,615.6357,22.079333,6.448383,1934.388933,42.7128,100.0,314.21,7.057022,46.7443,91.997222,24.0,662.38
20230630.0,979.17,10.14,9.258583,17.727167,6.728844,3081.206821,71.57,100.0,1070.3,314.67537,7.940731,84.46,5943.0,73.863194,480.3646,17.357667,6.867609,1511.082922,35.7617,100.0,314.57,7.751695,40.3654,72.323611,24.0,520.73
20230701.0,995.45,8.61,8.286551,17.884333,6.168341,3101.910514,66.19,100.0,1071.6,311.608872,7.232587,77.61,6170.0,74.518056,486.8551,17.386333,5.518089,1511.295601,28.7818,100.0,310.42,6.659426,34.7349,72.443056,24.0,521.59
20230702.0,954.31,8.4,8.241208,17.146833,6.127468,3003.839906,63.04,100.0,1022.9,314.765632,7.241376,74.5,6178.0,71.445139,444.7241,15.907,5.541942,1400.035939,26.4467,100.0,314.81,6.807464,32.4859,66.279167,24.0,477.21
20230703.0,1027.73,9.76,8.85648,18.5245,6.37894,3235.473241,70.9,100.0,1106.0,314.817437,7.534166,83.74,6499.0,77.185417,520.7439,18.717667,6.111463,1636.48978,34.3177,100.0,314.26,7.263388,40.7861,77.990278,24.0,561.53
20230704.0,1011.84,10.07,8.660652,18.216,6.249085,3192.946443,68.3,100.0,1087.5,315.558433,7.422961,81.13,6287.0,75.9,503.8559,18.032333,5.728783,1583.77025,30.991,100.0,314.33,6.860658,37.1141,75.134722,24.0,540.97
20230705.0,1017.12,9.79,8.799438,18.322167,6.332039,3218.745947,69.61,100.0,1103.2,316.456853,7.479101,82.22,6015.0,76.342361,510.4459,18.291333,5.884845,1606.322203,32.2925,100.0,314.69,6.978551,38.2941,76.213889,24.0,548.74
20230706.0,1061.56,9.67,8.808638,19.121667,6.353177,3361.014945,72.89,100.0,1152.6,316.610926,7.47407,85.75,5971.0,79.673611,554.4072,19.89,6.089559,1745.495628,36.3364,100.0,314.84,7.087783,42.2928,82.875,24.0,596.7
20230707.0,1054.13,9.67,8.906754,19.015167,6.487804,3347.340787,74.02,100.0,1142.3,317.545349,7.606209,86.78,6055.0,79.229861,547.3958,19.659,6.099327,1718.494375,35.972,100.0,313.94,7.184869,42.3742,81.9125,24.0,589.77
20230708.0,993.47,9.19,8.369527,17.866167,6.166217,3150.268094,66.1,100.0,1070.0,317.097456,7.323899,78.51,5751.0,74.442361,484.1331,17.322667,5.573391,1508.946046,28.9638,100.0,311.68,6.840152,35.5469,72.177778,24.0,519.68
20230709.0,1108.91,9.73,8.901021,19.935,6.183429,3501.564484,73.96,100.0,1186.2,315.766337,7.289524,87.19,6026.0,83.0625,601.32,21.465667,5.75224,1876.058268,37.0427,100.0,311.99,6.622979,42.65,89.440278,24.0,643.97
20230710.0,1147.3,10.59,9.271622,20.655167,6.341432,3622.622196,78.59,100.0,1234.7,315.751956,7.424293,92.01,6094.0,86.063194,641.3708,22.948667,6.208436,2003.19342,42.7426,100.0,312.33,6.839787,47.0892,95.619444,24.0,688.46
20230711.0,1019.81,10.52,9.025309,18.4155,6.511725,3234.825253,71.95,100.0,1104.8,317.198817,7.703655,85.12,5547.0,76.73125,514.4732,18.480333,6.016071,1605.61941,33.3537,100.0,312.09,7.203478,39.9368,77.001389,24.0,554.41
20230712.0,1082.79,10.97,8.92584,19.509833,6.319036,3433.683143,73.97,100.0,1174.1,317.114412,7.500491,87.8,5995.0,81.290972,577.0957,20.657667,5.864844,1806.020993,36.3462,100.0,312.95,6.879496,42.6343,86.073611,24.0,619.73
20230713.0,1160.61,11.18,8.958003,20.903333,6.328337,3678.319936,79.37,100.0,1260.0,316.929885,7.462127,93.59,6305.0,87.097222,656.4033,23.477,5.908236,2058.152547,41.6123,100.0,313.55,6.801934,47.9067,97.820833,24.0,704.31
20230714.0,1165.18,10.92,8.886025,20.970333,6.285864,3699.127355,79.09,100.0,1260.0,317.47261,7.394573,93.04,6321.0,87.376389,658.9738,23.561667,5.873665,2070.627474,41.518,100.0,314.22,6.773177,47.8762,98.173611,24.0,706.85
20230715.0,1164.79,10.7,8.707002,20.956833,6.277984,3698.043223,78.94,100.0,1260.0,317.485832,7.365935,92.62,6174.0,87.320139,657.197,23.518667,5.892369,2066.030209,41.5742,100.0,314.37,6.854555,48.363,97.994444,24.0,705.56
20230716.0,1100.28,8.49,8.754978,19.8055,6.45107,3505.469372,76.66,100.0,1185.2,318.597936,7.410399,88.06,5871.0,82.522917,589.421,21.160333,6.158158,1853.31645,39.0926,100.0,314.43,7.150013,45.389,88.168056,24.0,634.81
20230717.0,1158.3,8.05,8.589599,20.8185,6.368534,3686.996187,79.55,100.0,1251.6,318.310989,7.269176,90.8,6249.0,86.74375,648.257,23.209333,5.943342,2034.813897,41.3823,100.0,313.89,6.897082,48.023,96.705556,24.0,696.28
20230718.0,1103.03,7.71,8.600774,19.844333,6.470361,3520.134097,77.04,100.0,1200.7,319.133124,7.359784,87.63,5886.0,82.684722,592.4154,21.258667,6.119418,1864.686713,39.0272,100.0,314.76,7.109979,45.3446,88.577778,24.0,637.76
20230719.0,1164.19,9.23,8.709626,20.921833,6.338673,3716.95898,79.57,100.0,1258.1,319.274258,7.259561,91.13,6441.0,87.174306,654.9277,23.438,6.001422,2062.891269,42.1984,100.0,314.98,6.856714,48.2123,97.658333,24.0,703.14
20230720.0,1147.14,11.3,8.574813,20.614333,6.157528,3651.288722,76.16,100.0,1238.9,318.294953,7.253852,89.72,6234.0,85.893056,638.8619,22.854333,5.913379,2007.431862,40.5439,100.0,314.22,6.821186,46.7681,95.226389,24.0,685.63
20230721.0,1159.35,11.08,8.540342,20.811333,6.078419,3693.88594,75.9,100.0,1251.7,318.616978,7.153955,89.33,6487.0,86.713889,650.725,23.232,5.802284,2049.26317,40.4396,100.0,314.92,6.63381,46.235,96.8,24.0,696.96
20230722.0,1129.43,10.88,8.41872,20.269667,6.052558,3585.823439,73.61,100.0,1215.6,317.489658,7.13299,86.75,6031.0,84.456944,619.5505,22.133667,5.777187,1952.389491,38.3611,100.0,315.13,6.695607,44.4595,92.223611,24.0,664.01
20230723.0,1082.46,11.94,8.44244,19.452833,6.044535,3421.476857,70.55,100.0,1167.0,316.083445,7.258583,84.72,6226.0,81.053472,573.1564,20.511333,5.906474,1799.309887,36.3449,100.0,313.93,6.855332,42.1836,85.463889,24.0,615.34
20230724.0,1166.06,12.56,8.25703,20.928833,5.939971,3677.413347,74.59,100.0,1261.0,315.370851,7.140866,89.67,5993.0,87.203472,657.7278,23.469333,5.721779,2063.423654,40.2859,100.0,313.72,6.583371,46.3522,97.788889,24.0,704.08
20230725.0,1059.69,12.38,8.005199,18.994333,5.741186,3337.027313,65.43,100.0,1138.9,314.905993,7.017005,79.97,5056.0,79.143056,550.6723,19.600333,5.351899,1719.639458,31.4697,100.0,312.28,6.349841,37.3377,81.668056,24.0,588.01
20230726.0,840.07,10.92,7.365514,15.1415,6.203701,2583.798441,56.36,93.75,931.4,307.569422,7.531178,68.42,3998.0,67.295556,517.2055,18.503333,5.064529,1608.198782,28.1132,100.0,310.94,6.826608,37.8945,77.097222,24.0,555.1
20230727.0,508.04,10.31,8.046,9.2415,5.798121,1573.790823,32.15,50.0,552.0,309.776951,8.378871,46.46,2702.0,77.0125,508.035,18.483,5.798608,1573.790823,32.1527,100.0,309.78,8.377969,46.455,77.0125,24.0,554.49
20230728.0,508.97,9.95,7.742184,9.2652,5.534455,1574.905871,30.7667,50.0,552.0,309.43,8.444142,46.942,2724.0,77.21,508.97,18.5304,5.534455,1574.905871,30.7667,100.0,309.43,8.444142,46.942,77.21,24.0,555.912
20230729.0,514.47,9.17,7.228048,9.265667,5.209195,1590.072429,28.96,50.0,552.0,309.07,7.459438,41.47,2694.0,77.213889,514.47,18.531333,5.20853,1590.072429,28.9563,100.0,309.07,7.459438,41.47,77.213889,24.0,555.94
20230730.0,513.32,9.75,7.541455,9.278833,5.447883,1587.631964,30.33,50.0,552.0,309.286987,7.799113,43.42,2861.0,77.323611,513.315,18.557667,5.447129,1587.631964,30.3258,100.0,309.29,7.798215,43.415,77.323611,24.0,556.73
20230731.0,514.91,10.0,7.560671,9.2955,5.387912,1592.204702,30.05,50.0,552.0,309.22,7.67755,42.82,3092.0,77.4625,514.91,18.591,5.387087,1592.204702,30.0454,100.0,309.22,7.67755,42.82,77.4625,24.0,557.73
20230801.0,515.41,9.39,7.340015,9.292833,5.319511,1595.900042,29.66,50.0,552.0,309.636996,7.561382,42.16,3169.0,77.440278,515.405,18.585667,5.318955,1595.900042,29.6569,100.0,309.64,7.562279,42.165,77.440278,24.0,557.57
20230802.0,512.11,9.75,7.346592,9.266833,5.291272,1584.299239,29.42,50.0,552.0,309.366979,7.895541,43.9,3251.0,77.223611,512.105,18.533667,5.290786,1584.299239,29.4173,100.0,309.37,7.896441,43.905,77.223611,24.0,556.01
20230803.0,510.79,10.55,7.754696,9.263833,5.539464,1579.960162,30.79,50.0,552.0,309.316972,8.103197,45.04,3276.0,77.198611,510.785,18.527667,5.539266,1579.960162,30.7889,100.0,309.32,8.104097,45.045,77.198611,24.0,555.83
20230804.0,512.11,10.55,7.699499,9.271333,5.495434,1586.245238,30.57,50.0,552.0,309.746976,7.942044,44.18,3346.0,77.261111,512.105,18.542667,5.495865,1586.245238,30.5724,100.0,309.75,7.941145,44.175,77.261111,24.0,556.28
20230805.0,508.86,10.61,7.703763,9.2715,5.533085,1576.041192,30.78,50.0,552.0,309.72,8.526128,47.43,3315.0,77.2625,508.86,18.543,5.53233,1576.041192,30.7758,100.0,309.72,8.526128,47.43,77.2625,24.0,556.29
20230806.0,496.43,10.9,8.359627,9.267167,5.929536,1564.449502,32.97,50.0,552.0,315.14,10.718846,59.6,3275.0,77.226389,496.43,18.534333,5.930112,1564.449502,32.9732,100.0,315.14,10.718846,59.6,77.226389,24.0,556.03
20230807.0,933.57,10.45,7.809814,16.8625,6.465036,3043.195381,65.41,100.0,906.0,325.97399,7.727205,78.18,5591.0,70.260417,515.0763,18.546667,5.495615,1579.429966,30.5776,100.0,306.64,7.426977,41.3237,77.277778,24.0,556.4
20230808.0,1019.65,10.58,7.637324,18.277,5.873502,3269.349783,64.41,100.0,1092.6,320.63451,7.019752,76.98,6025.0,76.154167,520.2491,18.536333,5.195688,1663.392447,28.8927,100.0,319.73,6.445162,35.8409,77.234722,24.0,556.09
20230809.0,1033.51,10.51,7.472317,18.464167,5.59101,3311.001185,61.94,100.0,1103.9,320.364698,6.711197,74.35,6016.0,76.934028,521.5001,18.534333,5.19463,1674.223921,28.8837,100.0,321.04,6.210079,34.5299,77.226389,24.0,556.03
20230810.0,1140.15,11.25,7.843586,20.4246,5.828282,3652.080604,71.4242,100.0,1226.2,320.315801,6.962682,85.326,6427.0,85.1025,630.3656,22.4744,5.622961,2028.264355,37.9118,100.0,321.76,6.506128,43.8664,93.643333,24.0,674.232
20230811.0,1120.24,11.02,7.654463,20.0633,5.790465,3584.68226,69.7055,100.0,1207.3,319.992346,6.941198,83.558,6456.0,83.597083,608.0421,21.7528,5.855966,1953.639267,38.2151,100.0,321.3,6.825466,44.5419,90.636667,24.0,652.584
20230812.0,1038.24,11.51,7.848025,18.624667,5.795182,3321.864217,64.76,100.0,1122.4,319.951477,7.09185,79.25,6266.0,77.602778,526.2389,18.869333,5.890192,1684.859086,33.3432,100.0,320.17,7.038069,39.8411,78.622222,24.0,566.08
20230813.0,962.39,11.05,7.831475,17.294167,5.889269,3076.684825,61.11,100.0,1050.0,319.692102,7.252927,75.26,5791.0,72.059028,450.3221,16.209667,6.00802,1446.209424,29.2164,100.0,321.15,7.396389,35.9679,67.540278,24.0,486.29
20230814.0,948.59,11.29,7.884337,17.070833,5.981938,3038.660723,61.27,100.0,1050.0,320.334467,7.386868,75.66,5937.0,71.128472,437.8136,15.773333,6.026057,1403.323932,28.5153,100.0,320.53,7.478107,35.3864,65.722222,24.0,473.2
20230815.0,1083.01,11.21,8.069027,19.449167,5.958267,3458.74412,69.53,100.0,1173.5,319.364006,7.193967,83.95,6855.0,81.038194,573.0546,20.524667,5.88703,1828.330701,36.2488,100.0,319.05,6.932374,42.6854,85.519444,24.0,615.74
20230816.0,1127.885,10.46,8.168716,20.2446,6.014847,3624.479461,73.0609,100.0,1216.0,321.351863,7.145198,86.791,6890.0,84.3525,617.8008,22.1002,5.781682,1964.359424,38.3329,100.0,317.96,6.818219,45.2052,92.084167,24.0,663.006
20230817.0,1141.25,10.77,8.361912,20.502833,6.119479,3663.163922,75.28,100.0,1234.5,320.978219,7.228269,88.92,6787.0,85.428472,632.7721,22.617667,5.850942,2012.84805,39.7004,100.0,318.1,6.743681,45.7579,94.240278,24.0,678.53
20230818.0,1107.87,11.14,8.080157,19.875167,5.92364,3543.9066,70.64,100.0,1192.5,319.884698,7.098473,84.65,6599.0,82.813194,596.9766,21.336667,5.882378,1898.743774,37.6531,100.0,318.06,6.736979,43.1234,88.902778,24.0,640.1
20230819.0,1126.07,11.71,8.245387,20.224833,6.01241,3630.368077,72.96,100.0,1221.5,322.392753,7.203191,87.41,6983.0,84.270139,616.8252,22.043333,5.859186,1973.285497,38.7468,100.0,319.91,6.725359,44.4748,91.847222,24.0,661.3
20230820.0,920.32,11.5,7.875558,16.5485,5.894794,2977.202632,58.53,100.0,987.6,323.496461,7.311841,72.6,5855.0,68.952083,405.175,14.548,5.809825,1302.07038,25.3564,100.0,321.36,7.163642,31.265,60.616667,24.0,436.44
20230821.0,1022.34,11.11,7.835327,18.330333,5.778218,3311.027675,63.55,100.0,1092.4,323.867566,7.044789,77.48,6403.0,76.376389,503.0752,18.030333,5.80054,1622.01506,31.3757,100.0,322.42,6.994657,37.8348,75.126389,24.0,540.91
20230822.0,1100.17,11.58,7.940709,19.729,5.834896,3545.212885,69.07,100.0,1175.0,322.242279,7.060672,83.58,6821.0,82.204167,582.3807,20.826333,5.724435,1865.831287,35.7657,100.0,320.38,6.787769,42.4093,86.776389,24.0,624.79
20230823.0,1035.71,12.52,7.657319,18.558833,5.621761,3344.991737,62.6,100.0,1111.8,322.966056,6.989484,77.83,6401.0,77.328472,523.5686,18.703333,5.54329,1682.801837,31.1034,100.0,321.41,6.688897,37.5314,77.930556,24.0,561.1
20230824.0,1038.68,12.84,7.92552,18.658667,5.823031,3352.137022,65.19,100.0,1115.9,322.730487,7.221845,80.85,6523.0,77.744444,522.7626,18.744333,5.879466,1676.917868,33.062,100.0,320.78,7.036331,39.5674,78.101389,24.0,562.33
20230825.0,1068.38,13.03,7.826738,19.1565,5.669094,3441.874825,65.16,100.0,1143.0,322.158298,7.048956,81.02,6822.0,79.81875,551.39,19.726333,5.688825,1763.89661,33.6659,100.0,319.9,6.826746,40.4,82.193056,24.0,591.79
20230826.0,1128.05,11.37,7.615401,20.1645,5.575806,3633.854283,67.46,100.0,1200.0,322.135923,6.76271,81.82,6119.0,84.01875,608.7802,21.716667,5.502287,1942.800252,35.8474,100.0,319.13,6.557145,42.7198,90.486111,24.0,651.5
20230827.0,1128.33,10.78,7.668313,20.1745,5.656481,3637.517651,68.47,100.0,1200.0,322.380656,6.78662,82.15,5933.0,84.060417,608.5852,21.732333,5.59877,1944.673148,36.5023,100.0,319.54,6.654417,43.3848,90.551389,24.0,651.97
20230828.0,1126.24,10.92,8.008719,20.174333,5.900236,3618.489075,71.42,100.0,1200.0,321.289341,6.958512,84.23,6135.0,84.059722,607.0972,21.724333,5.863532,1935.911551,38.2144,100.0,318.88,6.848357,44.6328,90.518056,24.0,651.73
20230829.0,1127.56,10.72,7.878975,20.174833,5.815827,3619.497282,70.4,100.0,1200.0,321.002632,6.841857,82.82,6557.0,84.061806,606.6156,21.726333,5.949524,1927.642392,38.7784,100.0,317.77,6.930821,45.1744,90.526389,24.0,651.79
20230830.0,860.7,10.98,8.139586,15.4625,5.984371,2770.829625,55.52,100.0,917.8,321.927457,7.23363,67.11,5264.0,64.427083,339.8794,12.318667,6.403859,1081.564227,23.6661,100.0,318.22,8.031335,29.6806,51.327778,24.0,369.56
20230831.0,856.02,10.21,8.057916,15.3965,6.124769,2753.496378,56.58,100.0,912.0,321.662622,7.353403,67.93,5572.0,64.152083,334.7079,12.146667,6.588172,1064.70583,24.0073,100.0,318.1,8.148216,29.6921,50.611111,24.0,364.4
20230901.0,856.41,10.77,8.351854,15.4015,6.038373,2753.225293,55.8,100.0,911.3,321.484487,7.325044,67.69,5054.0,64.172917,335.0769,12.157,6.418278,1064.539311,23.4081,100.0,317.7,8.125113,29.6331,50.654167,24.0,364.71
20230902.0,839.135,11.04,8.405671,15.1172,6.100446,2697.761112,55.333,100.0,897.2,321.493098,7.485623,67.897,4898.0,62.988333,318.0669,11.584,6.606497,1012.470556,22.9589,100.0,318.32,8.475224,29.4531,48.266667,24.0,347.52
20230903.0,870.27,10.8,8.17216,15.656833,6.002704,2797.136143,56.39,100.0,929.6,321.410154,7.359939,69.14,5179.0,65.236806,350.6952,12.687333,6.206873,1114.509346,23.6246,100.0,317.8,7.86212,29.9248,52.863889,24.0,380.62
20230904.0,907.39,10.95,7.988701,16.285,5.847917,2917.166398,57.14,100.0,966.2,321.489811,7.134377,69.71,5245.0,67.854167,386.2629,13.920667,5.936904,1229.861074,24.7937,100.0,318.4,7.508524,31.3571,58.002778,24.0,417.62
20230905.0,925.6,11.18,7.826879,16.5925,5.71242,2966.712932,56.87,100.0,987.0,320.517819,7.027271,69.96,5502.0,69.135417,405.0562,14.556667,5.687864,1289.536918,24.8389,100.0,318.36,7.246119,31.6438,60.652778,24.0,436.7
20230906.0,855.09,11.6,8.169244,15.398167,5.932524,2743.259316,54.81,100.0,912.0,320.815273,7.447856,68.81,5165.0,64.159028,334.3468,12.15,6.263951,1068.304895,22.8321,100.0,319.52,8.272483,30.1532,50.625,24.0,364.5
20230907.0,858.06,11.06,7.909141,15.431167,5.931718,2748.842901,54.92,100.0,915.0,320.355558,7.325002,67.82,4980.0,64.296528,338.0838,12.245,6.202423,1087.378926,22.7846,100.0,321.63,7.966844,29.2662,51.020833,24.0,367.35
20230908.0,869.5,11.02,7.940929,15.630667,5.915721,2784.348195,55.48,100.0,930.5,320.224059,7.288024,68.35,5302.0,65.127778,350.1916,12.640667,5.977823,1127.406837,22.6691,100.0,321.94,7.654765,29.0284,52.669444,24.0,379.22
20230909.0,1007.99,11.24,7.841222,18.080667,5.861694,3218.356392,63.59,100.0,1083.5,319.284556,7.084916,76.86,6234.0,75.336111,491.954,17.659667,5.919534,1566.283145,31.3611,100.0,318.38,7.141698,37.836,73.581944,24.0,529.79
20230910.0,902.72,11.18,7.957947,16.244667,6.048139,2897.224228,58.95,100.0,975.0,320.94384,7.382936,71.96,5689.0,67.686111,427.8624,15.379333,6.546729,1380.070171,30.2053,100.0,322.55,7.264641,33.5176,64.080556,24.0,461.38
20230911.0,997.37,11.17,8.017226,17.8936,5.849391,3186.825273,62.8,100.0,1093.8,319.522872,7.102167,76.25,6354.0,74.556667,527.409,18.8336,5.930111,1680.69426,33.5056,100.0,318.67,6.654596,37.599,78.473333,24.0,565.008
20230912.0,1013.05,10.58,8.243734,18.198333,6.054584,3241.74709,66.11,100.0,1096.5,319.998726,7.221357,78.85,6113.0,75.826389,528.9551,18.910333,6.056177,1686.41465,34.3573,100.0,318.82,6.760836,38.3549,78.793056,24.0,567.31
20230913.0,1005.13,10.06,8.304503,18.068333,6.174707,3217.016865,66.94,100.0,1082.5,320.05978,7.284383,78.97,6030.0,75.284722,520.1736,18.636,6.283484,1658.625541,35.1297,100.0,318.86,6.959004,38.9064,77.65,24.0,559.08
20230914.0,984.45,9.71,7.548666,17.689167,6.12616,3152.465967,65.02,100.0,1030.7,320.226113,7.246431,76.91,6540.0,73.704861,476.4161,17.111667,5.414103,1503.759778,27.7933,100.0,315.64,7.194682,36.9339,71.298611,24.0,513.35
20230915.0,832.32,10.61,7.745475,15.012167,6.247155,2532.167651,56.27,89.583333,931.6,304.230062,7.594951,68.41,5479.0,69.824031,447.1737,16.082,5.3854,1426.349951,25.9824,100.0,318.97,7.313829,35.2863,67.008333,24.0,482.46
20230916.0,507.65,11.48,8.349795,9.260167,5.930419,1581.380515,32.95,50.0,552.0,311.51,8.631954,47.96,3879.0,77.168056,507.65,18.520333,5.930275,1581.380515,32.9492,100.0,311.51,8.631954,47.96,77.168056,24.0,555.61
20230917.0,502.59,11.2,8.225714,9.206167,5.831236,1566.623289,32.21,50.0,552.0,311.71,9.012075,49.78,3882.0,76.718056,502.59,18.412333,5.832033,1566.623289,32.2144,100.0,311.71,9.012075,49.78,76.718056,24.0,552.37
20230918.0,509.19,11.46,8.215254,9.2855,5.808339,1584.548361,32.36,50.0,552.0,311.19,8.604814,47.94,4088.0,77.379167,509.19,18.571,5.808662,1584.548361,32.3618,100.0,311.19,8.604814,47.94,77.379167,24.0,557.13
20230919.0,509.85,11.28,8.02021,9.291833,5.664472,1592.46549,31.58,50.0,552.0,312.34,8.548726,47.66,3935.0,77.431944,509.85,18.583667,5.664652,1592.46549,31.581,100.0,312.34,8.548726,47.66,77.431944,24.0,557.51
20230920.0,509.69,11.29,7.934879,9.301667,5.606522,1595.823735,31.29,50.0,552.0,313.096929,8.674073,48.41,3839.0,77.513889,509.685,18.603333,5.607382,1595.823735,31.2948,100.0,313.1,8.674969,48.415,77.513889,24.0,558.1
20230921.0,509.52,11.25,7.923417,9.302833,5.582529,1599.994704,31.16,50.0,552.0,314.02,8.715983,48.65,3923.0,77.523611,509.52,18.605667,5.583281,1599.994704,31.1642,100.0,314.02,8.715983,48.65,77.523611,24.0,558.17
20230922.0,510.29,10.98,7.762027,9.289833,5.545489,1603.892499,30.91,50.0,552.0,314.31,8.450098,47.1,3662.0,77.415278,510.29,18.579667,5.545937,1603.892499,30.9125,100.0,314.31,8.450098,47.1,77.415278,24.0,557.39
20230923.0,512.6,11.05,7.48204,9.297167,5.404872,1611.3581,30.15,50.0,552.0,314.35,8.108205,45.23,4127.0,77.476389,512.6,18.594333,5.40507,1611.3581,30.1511,100.0,314.35,8.108205,45.23,77.476389,24.0,557.83
20230924.0,513.65,10.54,7.377837,9.285667,5.293104,1591.683126,29.49,50.0,552.0,309.876984,7.807732,43.5,3789.0,77.380556,513.645,18.571333,5.293535,1591.683126,29.4924,100.0,309.88,7.806835,43.495,77.380556,24.0,557.14
20230925.0,514.36,10.66,7.466936,9.298833,5.342964,1585.874752,29.81,50.0,552.0,308.32,7.809223,43.57,3624.0,77.490278,514.36,18.597667,5.342552,1585.874752,29.8077,100.0,308.32,7.809223,43.57,77.490278,24.0,557.93
20230926.0,531.14,10.27,7.379204,9.582833,5.285493,1629.681521,30.39,50.0,576.0,306.827112,7.623006,43.83,3679.0,79.856944,531.135,19.165667,5.286311,1629.681521,30.3947,100.0,306.83,7.623876,43.835,79.856944,24.0,574.97
20230927.0,530.15,10.3,7.562825,9.584667,5.409682,1626.113759,31.11,50.0,576.0,306.727107,7.814565,44.94,3615.0,79.872222,530.145,19.169333,5.410447,1626.113759,31.1144,100.0,306.73,7.813695,44.935,79.872222,24.0,575.08
20230928.0,529.76,10.2,7.642791,9.575833,5.414672,1618.204896,31.11,50.0,576.0,305.46,7.795666,44.79,3907.0,79.798611,529.76,19.151667,5.415456,1618.204896,31.1145,100.0,305.46,7.795666,44.79,79.798611,24.0,574.55
20230929.0,531.8,8.22,7.686467,9.585333,5.543191,1619.581673,31.88,50.0,576.0,304.547137,7.53408,43.33,3932.0,79.877778,531.795,19.170667,5.542826,1619.581673,31.8779,100.0,304.55,7.53321,43.325,79.877778,24.0,575.12
20230930.0,533.28,7.6,7.383716,9.583833,5.380589,1615.198464,30.94,50.0,576.0,302.88,7.260491,41.75,3497.0,79.865278,533.28,19.167667,5.381093,1615.198464,30.9429,100.0,302.88,7.260491,41.75,79.865278,24.0,575.03
20231001.0,532.46,7.69,7.497114,9.574167,5.483506,1615.734698,31.5,50.0,576.0,303.44715,7.3096,41.99,3165.0,79.784722,532.455,19.148333,5.48368,1615.734698,31.501,100.0,303.45,7.310471,41.995,79.784722,24.0,574.45
20231002.0,533.72,8.14,7.240936,9.576333,5.280379,1608.151732,30.34,50.0,576.0,301.31,7.111281,40.86,3193.0,79.802778,533.72,19.152667,5.280466,1608.151732,30.3405,100.0,301.31,7.111281,40.86,79.802778,24.0,574.58
20231003.0,534.99,9.16,7.212587,9.613333,5.175104,1607.148439,29.85,50.0,576.0,300.407192,7.250347,41.82,3558.0,80.111111,534.985,19.226667,5.174584,1607.148439,29.847,100.0,300.41,7.24948,41.815,80.111111,24.0,576.8
20231004.0,534.27,9.68,7.266558,9.617333,5.178151,1616.059896,29.88,50.0,576.0,302.48,7.411965,42.77,3653.0,80.144444,534.27,19.234667,5.177544,1616.059896,29.8765,100.0,302.48,7.411965,42.77,80.144444,24.0,577.04
20231005.0,533.67,10.03,7.289138,9.629833,5.133353,1614.816924,29.66,50.0,576.0,302.587165,7.635992,44.12,3771.0,80.248611,533.665,19.259667,5.133613,1614.816924,29.6615,100.0,302.59,7.636858,44.125,80.248611,24.0,577.79
20231006.0,537.85,9.75,6.954887,9.665667,4.891885,1628.003031,28.37,50.0,576.0,302.687186,7.259372,42.1,3733.0,80.547222,537.845,19.331333,4.892299,1628.003031,28.3724,100.0,302.69,7.25851,42.095,80.547222,24.0,579.94
20231007.0,527.4,9.69,6.962843,9.480667,4.892413,1605.865036,27.83,50.0,565.0,304.487113,7.286759,41.45,3800.0,79.005556,527.395,18.961333,4.891604,1605.865036,27.8254,100.0,304.49,7.28588,41.445,79.005556,24.0,568.84
20231008.0,473.72,11.24,8.130987,8.640667,5.744156,1450.51533,29.78,50.0,524.8,306.196768,8.627806,44.73,3599.0,72.005556,473.715,17.281333,5.744792,1450.51533,29.7833,100.0,306.2,8.626842,44.725,72.005556,24.0,518.44
20231009.0,468.93,10.88,8.222019,8.566667,5.881323,1440.974997,30.23,50.0,519.7,307.29,8.768482,45.07,3498.0,71.388889,468.93,17.133333,5.880623,1440.974997,30.2264,100.0,307.29,8.768482,45.07,71.388889,24.0,514.0
20231010.0,465.19,11.17,8.328692,8.667667,5.987771,1439.251341,31.14,50.0,519.8,309.39,10.550706,54.87,3603.0,72.230556,465.19,17.335333,5.987713,1439.251341,31.1397,100.0,309.39,10.550706,54.87,72.230556,24.0,520.06
20231011.0,476.14,14.78,11.22742,8.980167,8.411128,1566.261205,45.32,56.25,554.1,328.949722,11.633043,62.68,3754.0,66.519753,463.3963,17.390333,7.864503,1422.441282,41.0299,100.0,306.96,11.177417,58.3137,72.459722,24.0,521.71
20231012.0,925.38,10.44,7.907833,16.673,6.199644,3156.785106,62.02,100.0,1004.0,341.133924,7.498151,75.01,6135.0,69.470833,486.9449,17.559667,5.545891,1495.310399,29.2152,100.0,307.08,7.563754,39.8451,73.165278,24.0,526.79
20231117.0,1024.6,10.59,7.253146,18.3275,5.535398,3291.018368,60.87,100.0,1110.0,321.200309,6.825808,75.06,6666.0,76.364583,511.3452,18.263,6.000219,1664.837702,32.8746,100.0,325.58,6.670098,36.5448,76.095833,24.0,547.89
20231118.0,935.0,10.3,7.237268,16.7535,5.671452,2961.59306,57.01,100.0,1002.5,316.747921,6.98461,70.21,5982.0,69.80625,396.9257,14.258667,6.492285,1282.586014,27.7714,100.0,323.13,7.208318,30.8343,59.411111,24.0,427.76
20231119.0,877.36,9.85,7.196168,15.844167,6.364067,2773.601344,60.5,100.0,1106.6,316.130362,7.710514,73.3,5574.0,66.017361,341.862,12.503667,8.355469,1107.667066,31.3422,100.0,324.01,8.863533,33.248,52.098611,24.0,375.11
20231120.0,1092.08,10.04,7.097759,19.480667,5.426748,3424.4481,63.43,100.0,1160.9,313.571176,6.567195,76.76,6863.0,81.169444,559.4001,19.851,5.753816,1785.605119,34.2657,100.0,319.2,6.066848,36.1299,82.7125,24.0,595.53
20231121.0,990.06,11.18,7.560117,17.739167,5.650397,3102.34598,60.14,100.0,1056.5,313.34929,6.980786,74.3,6422.0,73.913194,459.3102,16.434,6.199972,1457.62092,30.5671,100.0,317.35,6.83741,33.7098,68.475,24.0,493.02
20231122.0,1095.44,10.76,7.54941,19.558333,5.448658,3419.571914,63.94,100.0,1194.8,312.164237,6.652748,78.07,6887.0,81.493056,572.8825,20.346667,5.637729,1793.179513,34.4127,100.0,313.01,6.146379,37.5175,84.777778,24.0,610.4
20231123.0,955.46,12.31,8.524754,17.121667,5.570914,2656.642949,57.23,97.875,1070.6,278.048579,6.993089,71.84,5924.0,72.889173,487.1565,17.372667,5.640662,1518.759104,29.398,100.0,311.76,6.528167,34.0235,72.386111,24.0,521.18
20231124.0,509.135,9.55,7.13754,9.2027,5.308985,1567.372098,29.3142,50.0,552.0,307.85,7.792459,43.027,3682.0,76.689167,509.135,18.4054,5.308985,1567.372098,29.3142,100.0,307.85,7.792459,43.027,76.689167,24.0,552.162
20231125.0,509.19,10.18,6.356346,9.2005,4.641052,1574.109966,25.62,50.0,552.0,309.14,7.760448,42.84,3498.0,76.670833,509.19,18.401,4.640853,1574.109966,25.6189,100.0,309.14,7.760448,42.84,76.670833,24.0,552.03
20231126.0,511.67,8.82,6.471214,9.213333,4.790159,1582.682178,26.48,50.0,552.0,309.316977,7.442113,41.14,3840.0,76.777778,511.665,18.426667,4.789996,1582.682178,26.4791,100.0,309.32,7.441208,41.135,76.777778,24.0,552.8
20231127.0,515.19,9.04,6.390495,9.237167,4.629847,1584.760579,25.66,50.0,552.0,307.607015,7.045811,39.05,2858.0,76.976389,515.185,18.474333,4.629522,1584.760579,25.6582,100.0,307.61,7.044909,39.045,76.976389,24.0,554.23
20231128.0,515.52,9.0,6.303267,9.238167,4.596872,1581.857778,25.48,50.0,552.0,306.847024,6.996338,38.78,2866.0,76.984722,515.515,18.476333,4.597684,1581.857778,25.4845,100.0,306.85,6.995436,38.775,76.984722,24.0,554.29
20231129.0,514.58,8.96,6.44653,9.232333,4.711702,1579.863516,26.1,50.0,552.0,307.02,7.105463,39.36,2910.0,76.936111,514.58,18.464667,4.710943,1579.863516,26.0958,100.0,307.02,7.105463,39.36,76.936111,24.0,553.94
20231130.0,512.05,9.11,6.544554,9.206833,4.717511,1574.96339,26.06,50.0,552.0,307.58,7.306168,40.36,3415.0,76.723611,512.05,18.413667,4.718054,1574.96339,26.063,100.0,307.58,7.306168,40.36,76.723611,24.0,552.41
20231201.0,515.13,8.29,6.44374,9.208333,4.628054,1582.633899,25.57,50.0,552.0,307.23,6.763801,37.37,3479.0,76.736111,515.13,18.416667,4.62791,1582.633899,25.5692,100.0,307.23,6.763801,37.37,76.736111,24.0,552.5
20231202.0,515.68,8.52,6.367432,9.213167,4.605727,1584.581504,25.46,50.0,552.0,307.28,6.713218,37.11,3178.0,76.776389,515.68,18.426333,4.605981,1584.581504,25.4614,100.0,307.28,6.713218,37.11,76.776389,24.0,552.79
20231203.0,516.62,8.23,6.290625,9.213167,4.556884,1588.539464,25.19,50.0,552.0,307.487024,6.544981,36.18,3207.0,76.776389,516.615,18.426333,4.556649,1588.539464,25.1887,100.0,307.49,6.544076,36.175,76.776389,24.0,552.79
20231204.0,515.79,9.06,6.392666,9.212667,4.587886,1566.45423,25.36,50.0,552.0,303.7,6.688255,36.97,3319.0,76.772222,515.79,18.425333,4.587561,1566.45423,25.3582,100.0,303.7,6.688255,36.97,76.772222,24.0,552.76
20231205.0,515.41,8.47,6.111437,9.213,4.728825,1565.491147,26.14,50.0,552.0,303.737053,6.762184,37.38,2906.0,76.775,515.405,18.426,4.728644,1565.491147,26.139,100.0,303.74,6.761279,37.375,76.775,24.0,552.78
20231206.0,511.17,8.46,6.30093,9.175667,4.902459,1557.995043,26.99,50.0,552.0,304.79,7.151161,39.37,3399.0,76.463889,511.17,18.351333,4.902877,1557.995043,26.9923,100.0,304.79,7.151161,39.37,76.463889,24.0,550.54
20231207.0,511.67,9.34,6.317406,9.191333,4.794372,1561.499247,26.44,50.0,552.0,305.177018,7.22057,39.82,3793.0,76.594444,511.665,18.382667,4.794988,1561.499247,26.4434,100.0,305.18,7.219663,39.815,76.594444,24.0,551.48
20231208.0,513.425,9.28,6.331835,9.2142,4.602407,1566.459675,25.4445,50.0,552.0,305.1,7.131565,39.427,3700.0,76.785,513.425,18.4284,4.602407,1566.459675,25.4445,100.0,305.1,7.131565,39.427,76.785,24.0,552.852
20231209.0,511.78,9.75,6.649036,9.199667,4.829885,1560.50433,26.66,50.0,552.0,304.917021,7.282873,40.2,3713.0,76.663889,511.775,18.399333,4.83061,1560.50433,26.664,100.0,304.92,7.283778,40.205,76.663889,24.0,551.98
20231210.0,506.11,9.42,6.761238,9.196333,5.009243,1559.83102,27.64,50.0,552.0,308.2,8.276849,45.67,3611.0,76.636111,506.11,18.392667,5.009424,1559.83102,27.641,100.0,308.2,8.276849,45.67,76.636111,24.0,551.78
20231211.0,667.26,8.58,6.120353,12.217333,7.277911,2135.566552,53.35,72.916667,635.5,320.050138,8.973589,65.78,4406.0,69.813333,514.2254,18.401333,4.757499,1564.839315,26.2633,100.0,304.31,6.849975,37.8146,76.672222,24.0,552.04
20231212.0,994.46,9.84,6.9217,17.7895,5.629257,3124.624653,60.085,100.0,1064.2,314.203151,6.831277,72.915,6169.0,74.122917,518.4822,18.455667,4.880073,1567.527235,27.0195,100.0,302.33,6.355374,35.1878,76.898611,24.0,553.67
20231213.0,905.41,10.99,7.622728,16.242333,5.615983,2832.184428,54.73,100.0,975.3,312.806842,7.093603,69.13,5742.0,67.676389,518.0216,18.401667,4.849688,1570.537887,26.7727,100.0,303.18,6.164007,34.0284,76.673611,24.0,552.05
20231214.0,1107.59,10.69,7.50746,19.751333,5.326223,3389.745935,63.12,100.0,1160.5,306.046997,6.538799,77.49,6729.0,82.297222,571.4409,20.282333,5.599389,1745.75195,34.0706,100.0,305.5,6.085608,37.0291,84.509722,24.0,608.47
20231215.0,1063.54,10.01,7.174732,18.949167,5.256168,3292.441182,59.76,100.0,1139.9,309.573799,6.457628,73.42,5804.0,78.954861,525.1185,18.684,5.15111,1619.150383,28.873,100.0,308.34,6.315832,35.4015,77.85,24.0,560.52
20231216.0,975.54,9.77,6.953103,17.362167,5.081931,3045.814892,52.94,100.0,1051.7,312.21835,6.354814,66.2,5203.0,72.342361,434.8503,15.506667,4.922077,1351.471247,22.8975,100.0,310.79,6.524011,30.3497,64.611111,24.0,465.2
20231217.0,888.14,10.08,7.462957,15.865333,5.292462,2787.623018,50.38,100.0,952.6,313.872027,6.700143,63.78,4658.0,66.105556,357.673,12.863,5.427324,1119.51649,20.9435,100.0,313.0,7.312187,28.217,53.595833,24.0,385.89
20231218.0,989.62,10.39,7.227801,17.659833,5.22655,3097.910497,55.38,100.0,1060.0,313.040409,6.603498,69.97,5309.0,73.582639,454.9843,16.274333,5.298015,1416.229631,25.8665,100.0,311.27,6.809434,33.2457,67.809722,24.0,488.23
20231219.0,1085.92,9.8,7.079661,19.310167,5.059511,3388.912061,58.62,100.0,1147.6,312.077507,6.273897,72.69,5781.0,80.459028,553.7803,19.644667,4.990125,1712.565578,29.4088,100.0,309.25,6.033817,35.5597,81.852778,24.0,589.34
20231220.0,983.35,9.96,7.183431,17.5435,5.245058,3074.905654,55.21,100.0,1039.8,312.69697,6.579835,69.26,6620.0,73.097917,445.0847,15.916333,5.51067,1382.07701,26.3129,100.0,310.52,6.786592,32.4053,66.318056,24.0,477.49
20231221.0,944.19,10.57,7.302714,16.8705,5.2903,2952.236073,53.55,100.0,1010.1,312.67394,6.72278,68.05,6159.0,70.29375,406.1359,14.574333,5.633808,1263.407558,24.6327,100.0,311.08,7.111612,31.0941,60.726389,24.0,437.23
20231222.0,934.12,10.48,7.34912,16.7015,5.342833,2922.494002,53.54,100.0,985.6,312.86066,6.782824,67.97,5539.0,69.589583,396.0992,14.232667,5.748279,1235.314575,24.544,100.0,311.87,7.232376,30.8808,59.302778,24.0,426.98
20231223.0,1096.26,9.73,6.814293,19.489333,5.082267,3426.29242,59.43,100.0,1162.8,312.543778,6.251283,73.1,6565.0,81.205556,559.0187,19.830333,4.855003,1739.945704,28.8829,100.0,311.25,6.033064,35.8913,82.626389,24.0,594.91
20231224.0,1000.07,10.34,7.096433,17.8365,5.243929,3137.416733,56.12,100.0,1055.5,313.719713,6.553042,70.13,6589.0,74.31875,463.0806,16.516667,5.07116,1452.359686,25.1276,100.0,313.63,6.542765,32.4194,68.819444,24.0,495.5
20231225.0,1039.78,10.59,6.958956,18.5045,5.065435,3254.549563,56.24,100.0,1099.5,313.00367,6.349807,70.5,6768.23,77.102083,503.2866,17.863,5.004423,1570.405178,26.8182,100.0,312.03,6.083972,32.6034,74.429167,24.0,535.89
20231226.0,1129.095,9.61,6.969935,20.047,5.01928,3524.774445,60.3729,100.0,1202.82,312.17696,6.129346,73.725,7581.0,83.529167,592.2872,20.913,4.819682,1839.466357,30.2382,100.0,310.57,5.595053,35.1028,87.1375,24.0,627.39
20231227.0,1086.14,10.37,6.974082,19.307333,5.034357,3390.734086,58.32,100.0,1085.1,312.182047,6.241152,72.3,7006.0,80.447222,563.0927,19.897333,4.864722,1751.556153,29.0385,100.0,311.06,5.666974,33.8273,82.905556,24.0,596.92
20231228.0,1144.94,10.84,7.102957,20.370667,5.129925,3567.464104,62.7,100.0,1190.8,311.585245,6.325272,77.31,7015.0,84.877778,609.5392,21.565667,4.992194,1891.461092,32.298,100.0,310.31,5.785554,37.4308,89.856944,24.0,646.97
20231229.0,1027.9,10.92,7.100619,18.336167,5.262823,3210.957485,57.9,100.0,1067.2,312.380337,6.568985,72.27,6188.0,76.400694,492.4047,17.506333,5.031474,1529.999884,26.4248,100.0,310.72,6.24256,32.7853,72.943056,24.0,525.19
20231230.0,1144.39,10.68,7.005107,20.346667,5.071265,3560.756757,61.91,100.0,1189.2,311.148888,6.25901,76.41,6111.0,84.777778,608.88,21.517333,5.103792,1890.998616,32.946,100.0,310.57,5.676044,36.64,89.655556,24.0,645.52
20231231.0,994.84,10.28,7.226048,17.737667,5.260932,3080.751833,55.99,100.0,1028.6,309.673096,6.522842,69.42,5272.0,73.906944,458.5354,16.302667,5.178028,1422.927053,25.3247,100.0,310.32,6.245318,30.5446,67.927778,24.0,489.08
20240101.0,836.5,9.43,7.80279,15.012833,5.769508,2639.060181,51.97,100.0,863.7,315.488366,7.135007,64.27,5282.0,62.553472,299.3459,10.847667,6.201856,958.535506,20.1827,100.0,320.21,8.015272,26.0841,45.198611,24.0,325.43
20240102.0,956.23,10.27,7.263515,17.071333,5.33155,3001.616644,54.61,100.0,993.1,313.901116,6.643691,68.05,6195.0,71.130556,419.778,14.965333,5.16565,1325.365079,23.1917,100.0,315.73,6.499911,29.182,62.355556,24.0,448.96
20240103.0,972.29,11.04,7.235862,17.365667,5.321804,3045.997323,55.45,100.0,1001.7,313.280742,6.684646,69.65,6242.0,72.356944,428.7949,15.302667,5.245513,1349.803466,24.0811,100.0,314.79,6.596911,30.2851,63.761111,24.0,459.08
20240104.0,995.94,10.48,6.769632,17.797833,5.4295,3114.956858,57.98,100.0,1067.1,312.765514,6.735839,71.93,6394.0,74.157639,546.911,19.449333,4.668335,1699.033713,27.2388,100.0,310.66,6.267396,36.569,81.038889,24.0,583.48
20240105.0,1161.71,10.53,6.598836,20.705333,5.343229,3628.702446,66.38,100.0,1253.1,312.358717,6.488666,80.61,7480.0,86.272222,538.8742,19.207,4.623991,1652.942721,26.6439,100.0,306.74,6.479547,37.3358,80.029167,24.0,576.21
20240106.0,982.03,10.73,6.967745,17.517167,5.246282,3051.584121,55.14,100.0,1051.9,310.742454,6.56594,69.01,5785.0,72.988194,445.1325,15.844667,4.72628,1375.459425,22.4659,100.0,309.0,6.354925,30.2075,66.019444,24.0,475.34
20240107.0,931.59,10.49,7.181454,16.632667,5.297808,2913.178449,52.87,100.0,997.8,312.710361,6.650567,66.37,6071.0,69.302778,393.5395,14.079333,5.146006,1232.093467,21.7357,100.0,313.08,6.828093,28.8405,58.663889,24.0,422.38
20240108.0,989.84,10.82,7.040943,17.649167,5.193824,3104.460506,55.0,100.0,1061.0,313.632557,6.52722,69.12,6605.0,73.538194,452.3212,16.118,4.926542,1412.689572,23.8218,100.0,312.32,6.456301,31.2188,67.158333,24.0,483.54
20240109.0,1025.59,9.21,6.984384,18.265,5.286066,3217.040723,57.93,100.0,1095.6,313.677076,6.415731,70.31,7088.0,76.104167,485.2216,17.244333,4.929813,1516.463066,25.5034,100.0,312.53,6.206561,32.1084,71.851389,24.0,517.33
20240110.0,1020.14,11.02,6.730215,18.150833,5.012626,3201.2303,54.59,100.0,1090.3,313.803037,6.326615,68.9,7176.0,75.628472,468.1043,16.646333,4.665552,1467.506981,23.2993,100.0,313.5,6.264783,31.2857,69.359722,24.0,499.39
20240111.0,988.35,10.26,6.864855,17.596833,5.118345,3110.416496,54.04,100.0,1055.7,314.707998,6.090111,64.3,6807.0,73.320139,448.0376,15.949333,4.80553,1410.377561,22.9935,100.0,314.79,6.362314,30.4424,66.455556,24.0,478.48
20240112.0,1005.95,9.96,6.762597,17.89,5.060555,3177.767476,54.32,100.0,1075.3,315.897159,6.283771,67.45,6919.0,74.541667,462.7146,16.473333,4.889397,1466.250024,24.1634,100.0,316.88,6.370983,31.4854,68.638889,24.0,494.2
20240113.0,999.19,9.96,6.666662,17.786167,5.126643,3161.008941,54.71,100.0,1069.3,316.357143,6.371056,67.99,6815.0,74.109028,447.1399,15.949,4.993082,1415.331925,23.8904,100.0,316.53,6.547976,31.3301,66.454167,24.0,478.47
20240114.0,1025.86,9.59,7.08253,18.272833,5.323021,3260.397381,58.36,100.0,1098.6,317.82089,6.431223,70.51,7330.0,76.136806,470.312,16.763333,5.15516,1495.921378,25.9253,100.0,318.07,6.480016,32.588,69.847222,24.0,502.9
20240115.0,955.63,9.79,6.581517,17.016667,5.143976,3045.661029,52.52,100.0,1023.4,318.707139,6.403526,65.38,7007.0,70.902778,419.5719,14.962667,4.913852,1339.18959,22.0573,100.0,319.18,6.529161,29.3081,62.344444,24.0,448.88
20240116.0,941.05,9.63,7.012781,16.777167,5.252178,2971.826626,52.87,100.0,1011.3,315.799015,6.514807,65.58,6930.0,69.904861,405.9487,14.519,5.244645,1279.996846,22.8441,100.0,315.31,6.800583,29.6213,60.495833,24.0,435.57
20240117.0,1067.72,8.17,6.580595,18.988,5.251562,3352.750125,59.83,100.0,1147.3,314.010239,6.282038,71.57,7531.0,79.116667,492.3666,17.565667,4.871663,1544.947917,25.6722,100.0,313.78,6.566484,34.6034,73.190278,24.0,526.97
20240118.0,1002.1,7.78,6.646602,17.815,5.226869,3150.794306,55.87,100.0,1070.6,314.41915,6.249415,66.8,7095.0,74.229167,463.8176,16.519333,4.859962,1456.711936,24.085,100.0,314.07,6.409137,31.7624,68.830556,24.0,495.58
20240119.0,1014.86,7.82,6.788053,18.064833,5.34187,3186.17279,57.9,100.0,1081.8,313.951953,6.368727,69.03,7035.0,75.270139,520.7019,18.556,5.004868,1631.254912,27.8611,100.0,313.28,6.462977,35.9781,77.316667,24.0,556.68
20240120.0,950.24,8.19,6.98467,16.916833,5.279751,2965.761821,53.59,100.0,1014.3,312.106607,6.381218,64.77,6471.0,70.486806,456.4303,16.251333,4.909402,1432.004423,23.9353,100.0,313.74,6.380953,31.1097,67.713889,24.0,487.54
20240121.0,882.42,7.84,7.510132,15.732167,5.387052,2751.679501,50.85,100.0,944.8,311.833311,6.516373,61.51,5892.0,65.550694,389.8193,13.914667,5.352649,1224.617331,22.3441,100.0,314.15,6.616687,27.6207,57.977778,24.0,417.44
20240122.0,851.4,8.43,7.510865,15.2475,5.645734,2642.869233,51.65,100.0,924.2,310.414521,6.935563,63.45,5970.0,63.53125,363.4038,13.011667,6.081875,1139.743338,23.7406,100.0,313.63,6.903087,26.9462,54.215278,24.0,390.35
20240123.0,859.65,8.18,6.984272,15.372333,5.506646,2711.222493,50.79,100.0,917.6,315.386785,6.796843,62.69,5488.0,64.051389,391.2244,13.947667,6.06816,1239.007675,25.391,100.0,316.7,6.501828,27.2056,58.115278,24.0,418.43
20240124.0,864.71,8.17,7.162432,15.464833,5.529211,2726.110054,51.305,100.0,923.5,315.262927,6.808997,63.18,5439.0,64.436806,398.1496,14.166667,5.916071,1264.562945,25.1433,100.0,317.61,6.317741,26.8504,59.027778,24.0,425.0
20240125.0,865.21,7.34,7.22564,15.470167,5.605413,2730.084348,52.03,100.0,924.0,315.540082,6.788335,63.01,5932.0,64.459028,397.4844,14.153333,5.993523,1265.510833,25.4485,100.0,318.38,6.386152,27.1156,58.972222,24.0,424.6
20240218.0,390.06,2.05,8.014731,6.991667,5.947557,1263.677382,24.95,50.0,509.6,323.97,7.017878,29.44,2334.0,58.263889,390.06,13.983333,5.94758,1263.677382,24.9501,100.0,323.97,7.017878,29.44,58.263889,24.0,419.5
20240219.0,477.58,3.8,7.114919,8.545333,5.422063,1535.527112,27.8,50.0,517.6,321.522491,6.851693,35.13,2871.0,71.211111,477.5837,17.090667,5.422277,1535.527112,27.8011,100.0,321.52,6.852922,35.1363,71.211111,24.0,512.72
20240220.0,488.18,6.13,7.126324,8.761167,5.374094,1558.807558,28.25,50.0,536.6,319.31,7.131851,37.49,3127.0,73.009722,488.18,17.522333,5.374284,1558.807558,28.251,100.0,319.31,7.131851,37.49,73.009722,24.0,525.67
20240221.0,528.66,6.88,7.034484,9.495667,5.211149,1686.4254,29.69,50.0,573.6,319.0,7.210306,41.08,3524.0,79.130556,528.66,18.991333,5.210359,1686.4254,29.6855,100.0,319.0,7.210306,41.08,79.130556,24.0,569.74
20240222.0,514.25,7.39,6.550234,9.205,4.839761,1624.464325,26.73,50.0,552.1,315.89,6.889372,38.05,3450.0,76.708333,514.25,18.41,4.839091,1624.464325,26.7263,100.0,315.89,6.889372,38.05,76.708333,24.0,552.3
20240223.0,383.63,5.52,7.399642,6.920333,5.541641,1223.687025,23.01,50.0,439.3,318.975843,7.608015,31.59,2880.0,57.669444,383.625,13.840667,5.542508,1223.687025,23.0136,100.0,318.98,7.609219,31.595,57.669444,24.0,415.22
20240224.0,410.52,5.81,7.191582,7.392667,5.383714,1303.934676,23.88,50.0,445.9,317.63,7.448823,33.04,3019.0,61.605556,410.52,14.785333,5.384007,1303.934676,23.8813,100.0,317.63,7.448823,33.04,61.605556,24.0,443.56
20240225.0,512.49,8.03,6.185192,9.161833,4.615161,1622.54334,25.37,50.0,552.0,316.6,6.770843,37.22,4000.0,76.348611,512.49,18.323667,4.615252,1622.54334,25.3705,100.0,316.6,6.770843,37.22,76.348611,24.0,549.71
20240226.0,505.89,8.41,6.3064,9.172667,4.736899,1618.797411,26.07,50.0,552.0,319.99,8.080166,44.47,4094.0,76.438889,505.89,18.345333,4.737699,1618.797411,26.0744,100.0,319.99,8.080166,44.47,76.438889,24.0,550.36
20240227.0,656.87,8.08,5.965539,11.969,6.947113,2226.57699,49.89,72.916667,716.1,338.967679,8.531763,61.27,4743.0,68.394286,507.3425,18.078333,4.494957,1617.661561,24.3784,100.0,318.85,6.45478,35.0075,75.326389,24.0,542.35
20240228.0,1027.18,8.84,7.451282,18.331167,5.443371,3265.88302,59.87,100.0,1128.8,317.946516,6.608963,72.69,6274.0,76.379861,516.362,18.286667,5.343584,1657.470384,29.3149,100.0,320.99,5.876413,32.238,76.194444,24.0,548.6
20240229.0,1121.18,11.47,7.466281,19.9845,5.158164,3534.816784,61.85,100.0,1199.2,315.276475,6.496702,77.9,6849.0,83.26875,609.6306,21.516667,5.126259,1943.197538,33.09,100.0,318.75,5.55684,35.8694,89.652778,24.0,645.5
20240301.0,970.31,9.97,7.384594,17.352167,5.43544,3061.113588,56.59,100.0,1043.5,315.477898,6.802225,70.82,6220.0,72.300694,459.4338,16.342667,5.245064,1455.991656,25.7155,100.0,316.91,6.291548,30.8462,68.094444,24.0,490.28
20240302.0,935.605,9.97,7.0918,16.7408,5.474131,2954.625914,54.9848,100.0,1074.9,315.798431,6.853814,68.843,6011.0,69.753333,472.1447,16.8036,4.778837,1482.676001,24.0905,100.0,314.03,6.340566,31.9633,70.015,24.0,504.108
20240303.0,816.04,7.93,5.937615,14.6485,5.827673,2567.495899,51.22,100.0,871.8,314.628682,7.153178,62.87,5238.0,61.035417,516.324,18.348667,4.333067,1596.73197,23.8518,100.0,309.25,6.201359,34.136,76.452778,24.0,550.46
20240304.0,794.04,9.29,6.58159,14.341167,6.229154,2534.493803,53.6,100.0,870.4,319.189689,7.721362,66.44,5332.0,59.754861,490.2776,17.557667,4.740702,1492.454042,24.9707,100.0,304.41,6.92051,36.4524,73.156944,24.0,526.73
20240305.0,786.39,8.74,6.27489,14.179333,6.125112,2527.003967,52.11,100.0,851.0,321.342332,7.566176,64.37,5284.0,59.080556,483.0575,17.255,4.576818,1467.190545,23.6919,100.0,303.73,6.682604,34.5925,71.895833,24.0,517.65
20240306.0,785.785,8.92,6.074097,14.156833,6.036049,2527.005459,51.2708,100.0,839.9,321.589933,7.490258,63.623,5224.0,58.986806,475.8357,16.989667,4.483588,1445.065437,22.8524,100.0,303.69,6.642135,33.8543,70.790278,24.0,509.69
20240307.0,821.1,8.77,5.953512,14.761833,5.895835,2625.475708,52.22,100.0,887.7,319.75103,7.295842,64.62,5358.0,61.507639,514.2133,18.318667,4.423084,1552.924166,24.3075,100.0,302.0,6.431818,35.3467,76.327778,24.0,549.56
20240308.0,819.61,8.74,6.037117,14.740667,5.93709,2625.29831,52.51,100.0,887.9,320.310673,7.330062,64.83,5627.0,61.419444,513.3303,18.294333,4.46723,1553.748152,24.5175,100.0,302.68,6.468251,35.4997,76.226389,24.0,548.83
20240309.0,823.9,8.25,5.781862,14.783,5.776906,2634.057696,51.24,100.0,888.0,319.705995,7.110645,63.07,5509.0,61.595833,515.9553,18.331667,4.273061,1561.332333,23.4997,100.0,302.61,6.181416,33.9947,76.381944,24.0,549.95
20240310.0,824.51,8.2,5.834692,14.7975,5.806161,2634.305125,51.55,100.0,888.0,319.499475,7.135214,63.35,5268.0,61.65625,517.4248,18.389333,4.313279,1565.727445,23.7955,100.0,302.6,6.209252,34.2552,76.622222,24.0,551.68
20240311.0,758.45,8.8,5.936115,13.666667,6.052439,2176.884838,49.63,91.666667,875.6,287.01758,7.506098,61.55,4911.0,62.121212,512.8002,18.262667,4.410856,1553.425646,24.1662,100.0,302.93,6.402825,35.0798,76.094444,24.0,547.88
20240312.0,506.66,10.5,6.972463,9.174333,5.148421,1546.731648,28.34,50.0,552.0,305.28,7.956981,43.8,3817.0,76.452778,506.66,18.348667,5.149057,1546.731648,28.3435,100.0,305.28,7.956981,43.8,76.452778,24.0,550.46
20240313.0,502.43,10.55,7.02634,9.156833,5.129139,1534.20498,28.18,50.0,552.0,305.356961,8.552811,46.99,3743.0,76.306944,502.425,18.313667,5.129321,1534.20498,28.181,100.0,305.36,8.551901,46.985,76.306944,24.0,549.41
20240314.0,505.95,9.87,6.62954,9.166667,4.861818,1543.840573,26.74,50.0,552.0,305.136984,8.009091,44.05,3864.0,76.388889,505.945,18.333333,4.861745,1543.840573,26.7396,100.0,305.14,8.01,44.055,76.388889,24.0,550.0
20240315.0,506.17,10.4,6.633245,9.147167,4.874005,1541.221809,26.75,50.0,552.0,304.486992,7.772899,42.66,3849.0,76.226389,506.165,18.294333,4.873786,1541.221809,26.7488,100.0,304.49,7.77381,42.665,76.226389,24.0,548.83
20240316.0,508.2,10.16,6.667253,9.1625,4.920418,1548.43458,27.05,50.0,552.0,304.69,7.557981,41.55,3773.0,76.354167,508.2,18.325,4.919891,1548.43458,27.0471,100.0,304.69,7.557981,41.55,76.354167,24.0,549.75
20240317.0,507.32,9.6,6.818899,9.149333,5.045905,1550.471384,27.7,50.0,552.0,305.62,7.585252,41.64,3635.0,76.244444,507.32,18.298667,5.04514,1550.471384,27.6958,100.0,305.62,7.585252,41.64,76.244444,24.0,548.96
20240318.0,507.6,10.08,6.791624,9.153167,5.005554,1544.611585,27.49,50.0,552.0,304.297003,7.574792,41.6,3838.0,76.276389,507.595,18.306333,5.005135,1544.611585,27.4877,100.0,304.3,7.573882,41.595,76.276389,24.0,549.19
20240319.0,454.8,10.89,7.180374,8.239333,5.190549,1392.764208,25.66,50.0,494.9,306.236633,8.002266,39.56,3307.0,68.661111,454.795,16.478667,5.190994,1392.764208,25.6622,100.0,306.24,8.003277,39.565,68.661111,24.0,494.36
20240320.0,509.8,9.79,6.218025,9.117833,4.566143,1548.604272,24.98,50.0,546.7,303.767021,6.814484,37.28,4071.0,75.981944,509.795,18.235667,4.567039,1548.604272,24.9849,100.0,303.77,6.81357,37.275,75.981944,24.0,547.07
20240321.0,511.83,10.58,6.62845,9.166333,4.565621,1557.805788,25.11,50.0,552.0,304.36,6.936616,38.15,4309.0,76.386111,511.83,18.332667,4.566457,1557.805788,25.1146,100.0,304.36,6.936616,38.15,76.386111,24.0,549.98
20240322.0,511.72,10.45,6.723695,9.166167,4.623889,1562.79288,25.43,50.0,552.0,305.4,6.954925,38.25,4143.0,76.384722,511.72,18.332333,4.624561,1562.79288,25.4337,100.0,305.4,6.954925,38.25,76.384722,24.0,549.97
20240323.0,510.73,10.75,6.925792,9.168667,4.766233,1563.85526,26.22,50.0,552.0,306.2,7.160256,39.39,4012.0,76.405556,510.73,18.337333,4.766106,1563.85526,26.2193,100.0,306.2,7.160256,39.39,76.405556,24.0,550.12
20240324.0,509.36,10.61,7.194493,9.164,4.988724,1568.25311,27.43,50.0,552.0,307.886978,7.36396,40.49,3984.0,76.366667,509.355,18.328,4.989615,1568.25311,27.4349,100.0,307.89,7.363051,40.485,76.366667,24.0,549.84
20240325.0,510.18,11.1,7.208752,9.187833,4.941317,1566.405654,27.24,50.0,552.0,307.03,7.453698,41.09,4032.0,76.565278,510.18,18.375667,4.940592,1566.405654,27.236,100.0,307.03,7.453698,41.09,76.565278,24.0,551.27
20240326.0,510.35,10.81,7.043612,9.1735,4.794608,1566.75915,26.39,50.0,552.0,306.996992,7.280028,40.07,4030.0,76.445833,510.345,18.347,4.795262,1566.75915,26.3936,100.0,307.0,7.279119,40.065,76.445833,24.0,550.41
20240327.0,510.13,10.81,7.081661,9.1775,4.865159,1563.329075,26.79,50.0,552.0,306.456996,7.360392,40.53,4118.0,76.479167,510.125,18.355,4.866049,1563.329075,26.7949,100.0,306.46,7.359484,40.525,76.479167,24.0,550.65
20240328.0,509.58,10.6,6.895529,9.160667,4.874099,1553.847048,26.79,50.0,552.0,304.927008,7.290226,40.07,4038.0,76.338889,509.575,18.321333,4.873699,1553.847048,26.7878,100.0,304.93,7.289317,40.065,76.338889,24.0,549.64
20240329.0,510.79,10.4,6.783583,9.178,4.745042,1555.697875,26.13,50.0,552.0,304.567019,7.245587,39.9,4306.0,76.483333,510.785,18.356,4.744207,1555.697875,26.1254,100.0,304.57,7.244679,39.895,76.483333,24.0,550.68
20240330.0,506.55,10.99,7.196445,9.139333,4.998541,1544.015055,27.41,50.0,552.0,304.81,7.624553,41.81,4122.0,76.161111,506.55,18.278667,4.997976,1544.015055,27.4069,100.0,304.81,7.624553,41.81,76.161111,24.0,548.36
20240331.0,508.2,11.22,7.303903,9.167667,5.053994,1546.40178,27.8,50.0,552.0,304.29,7.610079,41.86,4059.0,76.397222,508.2,18.335333,5.053321,1546.40178,27.7963,100.0,304.29,7.610079,41.86,76.397222,24.0,550.06
20240401.0,508.42,10.9,7.045913,9.165667,5.009637,1555.51099,27.55,50.0,552.0,305.95,7.549915,41.52,4092.0,76.380556,508.42,18.331333,5.009074,1555.51099,27.5469,100.0,305.95,7.549915,41.52,76.380556,24.0,549.94
20240402.0,506.17,11.57,7.494135,9.1535,5.269387,1547.143939,28.94,50.0,552.0,305.656981,7.838532,43.05,3625.0,76.279167,506.165,18.307,5.268531,1547.143939,28.9353,100.0,305.66,7.837621,43.045,76.279167,24.0,549.21
20240403.0,507.98,10.85,7.479107,9.175833,5.256562,1557.21269,28.94,50.0,552.0,306.55,7.732268,42.57,3520.0,76.465278,507.98,18.351667,5.257324,1557.21269,28.9442,100.0,306.55,7.732268,42.57,76.465278,24.0,550.55
20240404.0,511.23,8.44,7.185027,9.181667,5.137048,1553.663898,28.3,50.0,552.0,303.907028,7.202759,39.68,3303.0,76.513889,511.225,18.363333,5.136395,1553.663898,28.2964,100.0,303.91,7.201852,39.675,76.513889,24.0,550.9
20240405.0,510.51,8.88,7.17505,9.170833,5.104952,1555.217664,28.09,50.0,552.0,304.64,7.222172,39.74,3311.0,76.423611,510.51,18.341667,5.105407,1555.217664,28.0925,100.0,304.64,7.222172,39.74,76.423611,24.0,550.25
20240406.0,512.05,10.02,6.741646,9.181833,4.802962,1551.10186,26.46,50.0,552.0,302.92,7.053784,38.86,3002.0,76.515278,512.05,18.363667,4.803216,1551.10186,26.4614,100.0,302.92,7.053784,38.86,76.515278,24.0,550.91
20240407.0,511.12,10.62,6.794456,9.172667,4.798677,1547.349551,26.41,50.0,552.0,302.737038,7.131696,39.25,3123.0,76.438889,511.115,18.345333,4.797914,1547.349551,26.4058,100.0,302.74,7.130787,39.245,76.438889,24.0,550.36
20240408.0,511.12,10.86,6.862941,9.181,4.852413,1549.854015,26.73,50.0,552.0,303.227034,7.21599,39.75,3253.0,76.508333,511.115,18.362,4.852649,1549.854015,26.7313,100.0,303.23,7.215082,39.745,76.508333,24.0,550.86
20240409.0,513.54,10.23,6.630522,9.189667,4.633828,1558.578725,25.55,50.0,552.0,303.497045,6.864594,37.85,3113.0,76.580556,513.535,18.379333,4.633429,1558.578725,25.5478,100.0,303.5,6.863687,37.845,76.580556,24.0,551.38
20240410.0,490.77,10.47,6.65773,8.794167,4.64702,1487.116103,24.52,50.0,528.8,303.016913,6.991377,36.89,3109.0,73.284722,490.765,17.588333,4.647873,1487.116103,24.5245,100.0,303.02,6.990429,36.885,73.284722,24.0,527.65
20240411.0,478.06,10.59,6.670459,8.578333,4.680396,1458.56106,24.09,50.0,515.9,305.1,7.11871,36.64,3518.0,71.486111,478.06,17.156667,4.680105,1458.56106,24.0885,100.0,305.1,7.11871,36.64,71.486111,24.0,514.7
20240412.0,477.73,10.43,6.754206,8.584833,4.787513,1461.041659,24.66,50.0,516.0,305.83,7.253101,37.36,3429.0,71.540278,477.73,17.169667,4.787125,1461.041659,24.658,100.0,305.83,7.253101,37.36,71.540278,24.0,515.09
20240413.0,479.0,10.28,6.753139,8.597833,4.789966,1464.958308,24.71,50.0,516.0,305.836808,7.149088,36.88,3452.0,71.648611,478.995,17.195667,4.788997,1464.958308,24.705,100.0,305.84,7.148119,36.875,71.648611,24.0,515.87
20240414.0,477.18,10.1,7.062349,8.584833,5.010775,1461.936366,25.81,50.0,516.0,306.37,7.359879,37.91,3354.0,71.540278,477.18,17.169667,5.010387,1461.936366,25.808,100.0,306.37,7.359879,37.91,71.540278,24.0,515.09
20240415.0,479.16,10.01,7.026075,8.612333,4.971552,1466.70876,25.69,50.0,516.0,306.1,7.272516,37.58,3364.0,71.769444,479.16,17.224667,4.972443,1466.70876,25.6946,100.0,306.1,7.272516,37.58,71.769444,24.0,516.74
20240416.0,478.06,10.08,7.002349,8.598667,4.967824,1461.955286,25.63,50.0,516.0,305.81,7.338347,37.86,3346.0,71.655556,478.06,17.197333,4.967883,1461.955286,25.6303,100.0,305.81,7.338347,37.86,71.655556,24.0,515.92
20240417.0,478.28,10.03,6.800267,8.583667,4.79593,1453.49292,24.7,50.0,516.0,303.9,7.133704,36.74,3341.0,71.530556,478.28,17.167333,4.796105,1453.49292,24.7009,100.0,303.9,7.133704,36.74,71.530556,24.0,515.02
20240418.0,479.16,9.64,6.584155,8.588333,4.738987,1451.040228,24.42,50.0,516.0,302.83,7.013002,36.138,3313.0,71.569444,479.16,17.176667,4.738191,1451.040228,24.4159,100.0,302.83,7.01339,36.14,71.569444,24.0,515.3
20240419.0,479.6,10.19,6.536107,8.604167,4.676029,1446.37768,24.14,50.0,516.0,301.58,7.099274,36.65,3424.0,71.701389,479.6,17.208333,4.67599,1446.37768,24.1398,100.0,301.58,7.099274,36.65,71.701389,24.0,516.25
20240420.0,478.56,10.56,6.454918,8.589333,4.629773,1439.684862,23.86,50.0,516.0,300.836857,7.14258,36.81,3003.0,71.577778,478.555,17.178667,4.630026,1439.684862,23.8613,100.0,300.84,7.14161,36.805,71.577778,24.0,515.36
20240421.0,473.94,9.36,6.889344,8.501833,4.859736,1433.890343,24.79,50.0,511.0,302.546808,7.092588,36.18,3194.0,70.848611,473.935,17.003667,4.860383,1433.890343,24.7933,100.0,302.55,7.091608,36.175,70.848611,24.0,510.11
20240422.0,479.6,10.8,6.756533,8.623,4.801113,1443.30824,24.84,50.0,516.0,300.94,7.302176,37.78,2872.0,71.858333,479.6,17.246,4.801674,1443.30824,24.8429,100.0,300.94,7.302176,37.78,71.858333,24.0,517.38
20240423.0,477.46,11.29,6.866169,8.597833,4.824859,1436.566604,24.89,50.0,516.0,300.876849,7.445674,38.41,3238.0,71.648611,477.455,17.195667,4.825751,1436.566604,24.8946,100.0,300.88,7.446644,38.415,71.648611,24.0,515.87
20240424.0,478.39,11.16,6.832194,8.602333,4.71965,1437.992501,24.36,50.0,516.0,300.59,7.313907,37.75,3501.0,71.686111,478.39,17.204667,4.718855,1437.992501,24.3559,100.0,300.59,7.313907,37.75,71.686111,24.0,516.14
20240425.0,498.41,11.46,6.943565,8.972333,4.813111,1497.622368,25.9109,50.0,539.9,300.48,7.416874,39.928,3452.0,74.769444,498.41,17.944667,4.813111,1497.622368,25.9109,100.0,300.48,7.417246,39.93,74.769444,24.0,538.34
20240426.0,500.45,10.49,7.079854,8.999167,4.954162,1507.590563,26.75,50.0,540.0,301.24699,7.317344,39.51,3552.0,74.993056,500.445,17.998333,4.953255,1507.590563,26.7451,100.0,301.25,7.316418,39.505,74.993056,24.0,539.95
20240427.0,500.12,10.75,7.104408,9.002833,4.94474,1502.095403,26.71,50.0,540.0,300.346997,7.416184,40.06,3487.0,75.023611,500.115,18.005667,4.944758,1502.095403,26.7101,100.0,300.35,7.415258,40.055,75.023611,24.0,540.17
20240428.0,500.17,10.35,7.16319,9.003167,4.977878,1512.364029,26.89,50.0,540.0,302.37,7.408504,40.02,2952.0,75.026389,500.17,18.006333,4.977656,1512.364029,26.8888,100.0,302.37,7.408504,40.02,75.026389,24.0,540.19
20240429.0,529.54,10.5,7.432865,9.538333,5.172113,1604.823924,29.6,50.0,576.0,303.06,7.471606,42.76,3086.0,79.486111,529.54,19.076667,5.171431,1604.823924,29.5961,100.0,303.06,7.471606,42.76,79.486111,24.0,572.3
20240430.0,529.65,10.65,7.279637,9.561833,5.051333,1603.939095,28.98,50.0,576.0,302.83,7.679838,44.06,3180.0,79.681944,529.65,19.123667,5.051838,1603.939095,28.9829,100.0,302.83,7.679838,44.06,79.681944,24.0,573.71
20240501.0,532.46,7.66,7.268766,9.535833,5.203181,1633.092731,29.77,50.0,576.0,306.70712,6.936992,39.69,3019.0,79.465278,532.455,19.071667,5.202954,1633.092731,29.7687,100.0,306.71,6.937866,39.695,79.465278,24.0,572.15
20240502.0,530.04,6.78,7.01984,9.475667,5.077919,1632.454797,28.87,50.0,576.0,307.987095,6.771731,38.5,3282.0,78.963889,530.035,18.951333,5.078165,1632.454797,28.8714,100.0,307.99,6.772611,38.505,78.963889,24.0,568.54
20240503.0,528.83,8.27,7.205672,9.4975,5.138194,1636.501845,29.28,50.0,576.0,309.457074,7.20014,41.03,3531.0,79.145833,528.825,18.995,5.137756,1636.501845,29.2775,100.0,309.46,7.199263,41.025,79.145833,24.0,569.85
20240504.0,527.07,8.78,7.277447,9.494167,5.075046,1627.155068,28.91,50.0,576.0,308.717071,7.476521,42.59,3129.0,79.118056,527.065,18.988333,5.074555,1627.155068,28.9072,100.0,308.72,7.475643,42.585,79.118056,24.0,569.65
20240505.0,499.29,10.77,7.708847,9.090333,5.358953,1545.102834,29.2288,50.0,548.8,309.46,8.458436,46.134,3131.0,75.752778,499.29,18.180667,5.358953,1545.102834,29.2288,100.0,309.46,8.457702,46.13,75.752778,24.0,545.42
20240506.0,495.77,10.3,6.952418,9.011167,4.982707,1537.87854,26.94,50.0,544.8,310.2,8.304511,44.9,3027.0,75.093056,495.77,18.022333,4.983446,1537.87854,26.944,100.0,310.2,8.304511,44.9,75.093056,24.0,540.67
20240507.0,492.47,10.35,6.921762,8.971667,4.960059,1528.577633,26.7,50.0,540.0,310.39,8.51384,45.83,3017.0,74.763889,492.47,17.943333,4.960375,1528.577633,26.7017,100.0,310.39,8.51384,45.83,74.763889,24.0,538.3
20240508.0,489.28,10.7,7.176782,8.967167,5.116815,1521.41616,27.53,50.0,540.0,310.95,9.060833,48.75,3022.0,74.726389,489.28,17.934333,5.117335,1521.41616,27.5328,100.0,310.95,9.060833,48.75,74.726389,24.0,538.03
20240509.0,489.28,10.45,7.013239,8.979667,5.024314,1525.281472,27.07,50.0,540.0,311.74,9.187423,49.5,3000.0,74.830556,489.28,17.959333,5.025019,1525.281472,27.0738,100.0,311.74,9.187423,49.5,74.830556,24.0,538.78
20240510.0,508.53,11.0,7.483075,9.373333,5.314723,1586.054217,29.89,50.0,563.9,311.89,9.578592,53.87,3002.0,78.111111,508.53,18.746667,5.31442,1586.054217,29.8883,100.0,311.89,9.578592,53.87,78.111111,24.0,562.4
20240511.0,509.41,12.31,8.262105,9.501333,5.672888,1605.965966,32.34,50.0,575.9,315.26,10.642366,60.67,3293.0,79.177778,509.41,19.002667,5.673414,1605.965966,32.343,100.0,315.26,10.642366,60.67,79.177778,24.0,570.08
20240512.0,668.36,9.62,6.605573,12.296667,7.607753,2740.536486,56.13,80.729167,742.8,410.038974,9.411765,69.44,5068.0,63.466667,533.4602,19.142333,4.918766,1649.939053,28.247,100.0,309.29,7.106379,40.8098,79.759722,24.0,574.27
20240513.0,968.275,10.64,6.948086,17.3443,5.543195,3090.109329,57.6857,100.0,988.3,319.135507,6.955503,72.383,5781.0,72.267917,536.0393,19.1728,4.843772,1680.804829,27.8606,100.0,313.56,6.805596,39.1447,79.886667,24.0,575.184
20240514.0,1070.19,10.36,6.755325,19.124,5.5175,3398.629897,63.31,100.0,1139.2,317.572571,6.73325,77.26,6261.0,79.683333,534.5175,19.141667,4.937658,1659.944096,28.3545,100.0,310.55,6.919025,39.7325,79.756944,24.0,574.25
20240515.0,1052.65,10.59,7.049487,18.790833,5.322631,3300.653736,60.01,100.0,1129.5,313.556618,6.634441,74.8,6285.0,78.295139,534.6412,19.090333,4.94884,1650.811633,28.3425,100.0,308.77,6.647134,38.0688,79.543056,24.0,572.71
20240516.0,1054.35,10.55,7.219525,18.7925,5.247661,3301.435595,59.17,100.0,1137.2,313.125205,6.492838,73.21,6316.0,78.302083,538.6842,19.155667,5.065533,1667.496941,29.1101,100.0,309.55,6.261994,35.9858,79.815278,24.0,574.67
20240517.0,1059.74,11.22,7.629041,18.968167,5.583038,3307.682044,63.54,100.0,1168.2,312.122034,6.884341,78.35,6284.0,79.034028,505.1762,18.128667,5.596973,1560.085141,30.4397,100.0,308.82,7.112823,38.6838,75.536111,24.0,543.86
20240518.0,1086.25,11.31,7.483841,19.46,5.6432,3389.55239,65.89,100.0,1185.8,312.041647,6.967283,81.35,6366.0,81.083333,535.9358,19.186,6.012996,1645.001345,34.6096,100.0,306.94,6.887696,39.6442,79.941667,24.0,575.58
20240519.0,1045.77,11.74,8.287431,18.745167,5.604111,2680.086263,63.03,95.833333,1145.4,256.278748,7.018698,78.94,5211.0,81.500725,500.8417,17.983,6.002465,964.270525,32.3827,91.666667,192.53,7.163858,38.6483,81.740909,22.0,539.49
20240612.0,998.8,11.47,7.817601,17.931,5.773056,3161.390888,62.11,100.0,1080.9,316.518912,7.162642,77.06,6573.0,74.7125,464.8826,16.711333,6.073563,1484.463118,30.4492,100.0,319.32,7.271991,36.4574,69.630556,24.0,501.34
20240613.0,1070.19,11.96,7.643247,19.177167,5.631697,3383.811076,64.8,100.0,1152.0,316.18788,6.991822,80.45,7270.0,79.904861,535.7583,19.168667,5.470994,1684.852702,31.4615,100.0,314.48,6.834365,39.3017,79.869444,24.0,575.06
20240614.0,1071.9,11.76,7.431406,19.1835,5.535139,3357.010787,63.71,100.0,1153.9,313.183206,6.873963,79.12,7249.0,79.93125,537.1848,19.174333,5.334388,1670.000106,30.685,100.0,310.88,6.613911,38.0452,79.893056,24.0,575.23
20240615.0,1070.36,12.1,7.557333,19.1835,5.642001,3340.023157,64.94,100.0,1152.0,312.046709,7.00689,80.65,7154.0,79.93125,536.8013,19.197667,5.255934,1654.206886,30.2705,100.0,308.16,6.794003,39.1287,79.990278,24.0,575.93
20240616.0,1070.47,11.3,7.412247,19.15,5.577894,3332.170835,64.09,100.0,1152.0,311.281104,6.835509,78.54,7066.0,79.791667,536.2333,19.149333,5.179919,1647.898554,29.7576,100.0,307.31,6.657621,38.2467,79.788889,24.0,574.48
20240617.0,1065.68,11.8,7.46671,19.0925,5.665401,3310.697147,64.9,100.0,1152.0,310.665223,6.971324,79.86,6848.0,79.552083,535.4197,19.146667,5.184627,1641.5968,29.7805,100.0,306.6,6.786264,38.9803,79.777778,24.0,574.4
20240618.0,1063.15,12.17,7.458342,19.041,5.601071,3289.741295,63.99,100.0,1152.0,309.43341,6.942037,79.31,6898.0,79.3375,535.5031,19.14,5.175967,1634.301911,29.7204,100.0,305.19,6.739272,38.6969,79.75,24.0,574.2
20240619.0,951.72,13.18,7.942065,17.141833,5.886185,2940.384772,60.54,100.0,1043.3,308.954816,7.465168,76.78,6142.0,71.424306,431.0283,15.557333,5.702713,1314.420801,26.6157,100.0,304.95,7.647347,35.6917,64.822222,24.0,466.72
20240620.0,916.36,12.89,7.802782,16.557667,6.155255,2828.43307,61.15,100.0,997.3,308.659596,7.761762,77.11,5953.0,68.990278,388.6983,14.125667,6.164854,1186.73478,26.1248,100.0,305.31,8.276117,35.0717,58.856944,24.0,423.77
20240621.0,1023.28,12.54,7.640038,18.4075,5.907013,3161.176575,65.24,100.0,1104.0,308.925863,7.350265,81.18,7004.0,76.697917,488.6833,17.622333,5.355704,1488.920278,28.314,100.0,304.68,7.563641,39.9867,73.426389,24.0,528.67
20240622.0,1024.49,13.01,7.998043,18.439667,5.93467,3191.218777,65.66,100.0,1104.0,311.493404,7.401616,81.89,6852.0,76.831944,486.9026,17.644,5.704753,1499.124415,30.1964,100.0,307.89,8.013565,42.4174,73.516667,24.0,529.32
20240623.0,1024.71,12.46,7.849862,18.411167,5.840658,3202.577101,64.52,100.0,1104.0,312.534971,7.239266,79.97,6867.0,76.713194,487.3027,17.637667,5.687752,1510.297258,30.0956,100.0,309.93,7.904919,41.8273,73.490278,24.0,529.13
20240624.0,1022.62,13.15,7.953424,18.395,5.851228,3195.400873,64.58,100.0,1104.0,312.471971,7.347105,81.09,6621.0,76.645833,486.3486,17.632,5.695818,1506.805233,30.1286,100.0,309.82,8.055694,42.6114,73.466667,24.0,528.96
20240625.0,893.97,12.99,7.964146,16.108167,5.830376,2806.92488,56.35,100.0,965.5,313.984237,7.50344,72.52,6643.0,67.117361,469.2391,16.963333,5.795186,1452.670406,29.4917,100.0,309.58,7.793456,39.6609,70.680556,24.0,508.9
20240626.0,896.61,11.51,7.55457,16.147333,5.973122,2818.618264,57.87,100.0,966.5,314.363911,7.454275,72.22,6009.0,67.280556,467.7148,16.945333,5.507652,1449.027222,27.9987,100.0,309.81,7.995358,40.6452,70.605556,24.0,508.36
20240627.0,992.37,10.7,6.929661,17.8385,5.951547,3119.911514,63.7,100.0,1072.3,314.389947,7.282937,77.95,6619.0,74.327083,468.0453,16.864667,5.045025,1443.451705,25.5248,100.0,308.4,7.489959,37.8947,70.269444,24.0,505.94
20240628.0,903.27,12.59,8.267138,16.309833,6.090395,2840.890972,59.6,100.0,983.9,314.511826,7.696788,75.32,5832.0,67.957639,375.9845,13.570667,6.254127,1203.263195,25.4618,100.0,320.03,7.647745,31.1355,56.544444,24.0,407.12
20240629.0,1064.31,11.28,7.442209,19.114,5.898818,3354.631853,67.65,100.0,1151.0,315.193116,7.196296,82.53,6963.0,79.641667,531.2006,19.041667,5.172411,1645.765699,29.5474,100.0,309.82,7.010836,40.0494,79.340278,24.0,571.25
20240630.0,1067.39,11.53,7.576221,19.163167,5.889771,3360.234396,67.72,100.0,1149.5,314.808495,7.166526,82.4,7047.0,79.846528,532.6451,19.141333,5.379388,1649.708404,30.8906,100.0,309.72,7.24347,41.5949,79.755556,24.0,574.24
20240701.0,869.39,12.38,8.661104,15.808667,6.761059,2756.720397,64.13,100.0,944.3,317.086739,8.343525,79.14,5646.0,65.869444,337.6851,12.433667,8.294308,1091.70216,30.9386,100.0,323.29,9.470229,35.3249,51.806944,24.0,373.01
20240702.0,1053.42,11.79,8.237791,18.955,6.059087,3324.349212,68.91,100.0,1139.1,315.576808,7.376242,83.89,6961.0,78.979167,519.4468,18.712667,5.994246,1659.00919,33.6505,100.0,319.38,7.469664,41.9332,77.969444,24.0,561.38
20240703.0,1053.91,11.24,8.481687,18.9885,6.231842,3326.426438,71.0,100.0,1139.6,315.627182,7.495765,85.4,5697.0,79.11875,519.9443,18.773333,6.20364,1662.001955,34.9389,100.0,319.65,7.680344,43.2557,78.222222,24.0,563.2
20240704.0,1053.09,13.36,8.303103,18.986667,6.107795,3321.667425,69.58,100.0,1139.6,315.42104,7.559691,86.12,6294.0,79.111111,519.3953,18.772667,6.118097,1658.636951,34.4559,100.0,319.34,7.774548,43.7847,78.219444,24.0,563.18
20240705.0,1090.32,13.03,8.424344,19.653167,6.159313,3444.251956,72.63,100.0,1193.2,315.893679,7.536529,88.87,6595.0,81.888194,564.689,20.285667,6.238559,1807.174207,37.966,100.0,320.03,7.21051,43.881,84.523611,24.0,608.57
20240706.0,1021.46,12.45,8.376601,18.414,6.153832,3234.999694,67.99,100.0,1104.3,316.703512,7.546794,83.38,6241.0,76.725,498.2073,17.986,6.026187,1573.986323,32.5161,100.0,315.93,7.667575,41.3727,74.941667,24.0,539.58
20240707.0,1013.16,12.1,8.567821,18.2875,6.285714,3218.272338,68.97,100.0,1104.3,317.646999,7.664616,84.1,6295.0,76.197917,495.4024,17.884667,6.049651,1570.524688,32.4588,100.0,317.02,7.667201,41.1376,74.519444,24.0,536.54
20240708.0,1051.22,12.9,8.273585,18.980167,6.293412,3334.37676,71.67,100.0,1140.3,317.191146,7.691362,87.59,6657.0,79.084028,497.747,17.992333,5.803954,1571.138406,31.328,100.0,315.65,7.785353,42.023,74.968056,24.0,539.77
20240709.0,1051.88,12.65,8.245834,18.9985,6.339097,3335.567274,72.26,100.0,1140.3,317.105304,7.723417,88.04,6546.0,79.160417,498.2653,18.011667,5.826927,1570.382746,31.4858,100.0,315.17,7.788415,42.0847,75.048611,24.0,540.35
20240710.0,1050.39,12.64,8.147049,18.971,6.336865,3332.024707,72.13,100.0,1140.3,317.217863,7.719677,87.87,6437.0,79.045833,496.7571,17.994667,5.864682,1566.821569,31.6599,100.0,315.41,7.980679,43.0829,74.977778,24.0,539.84
20240711.0,999.52,13.07,8.239772,18.041333,6.168243,3178.426865,66.77,100.0,1084.0,317.995324,7.664807,82.97,6244.0,75.172222,497.6117,17.994,6.026713,1568.52184,32.5334,100.0,315.21,7.818958,42.2083,74.975,24.0,539.82
20240712.0,1014.59,13.09,8.117402,18.327833,6.275519,3230.521984,69.01,100.0,1102.3,318.406645,7.736867,85.08,6367.0,76.365972,496.4516,18.002,5.91675,1562.18425,31.954,100.0,314.67,8.074732,43.6084,75.008333,24.0,540.06
20240713.0,987.8,13.51,8.447631,17.877,6.364789,3138.691906,68.27,100.0,1076.8,317.745688,7.90774,84.82,6353.0,74.4875,482.1741,17.382333,6.674631,1521.54859,34.8062,100.0,315.56,7.535601,39.2959,72.426389,24.0,521.47
20240714.0,1020.75,11.79,8.127778,18.445333,6.420775,3253.03725,71.06,100.0,1104.3,318.690889,7.767999,85.97,6267.0,76.855556,509.4111,18.446333,5.811489,1603.269555,32.1602,100.0,314.73,7.94718,43.9789,76.859722,24.0,553.39
20240715.0,1087.46,12.66,8.407067,19.609167,6.21988,3456.260047,73.18,100.0,1175.9,317.828706,7.572139,89.09,6499.0,81.704861,554.3765,19.988667,6.248041,1746.341413,37.467,100.0,315.01,7.551529,45.2835,83.286111,24.0,599.66
20240716.0,1132.01,11.35,8.134148,20.433333,6.454323,3592.687005,79.13,100.0,1230.7,317.372373,7.666395,93.99,6678.0,85.138889,495.7139,18.010333,5.86815,1550.940079,31.7062,100.0,312.87,8.253799,44.5961,75.043056,24.0,540.31
20240717.0,1105.12,12.67,8.472259,19.976167,6.469376,3488.85475,77.54,100.0,1216.4,315.699177,7.797626,93.46,7282.0,83.234028,486.1167,17.684667,6.07023,1521.059154,32.205,100.0,312.9,8.373224,44.4233,73.686111,24.0,530.54
20240718.0,1079.54,12.67,8.312628,19.526,6.481956,3411.392603,75.94,100.0,1175.3,316.00428,7.854485,92.02,7237.0,81.358333,479.8336,17.493333,6.026124,1503.846486,31.6251,100.0,313.41,8.568293,44.9664,72.888889,24.0,524.8
20240719.0,1099.12,13.42,8.755168,19.915167,6.606355,3478.873419,78.94,100.0,1202.4,316.514431,8.016503,95.79,7228.0,82.979861,480.8539,17.528667,6.334233,1506.851866,33.3092,100.0,313.37,8.558571,45.0061,73.036111,24.0,525.86
20240720.0,1121.62,11.39,7.801503,20.276,6.580851,3554.482414,80.06,100.0,1219.8,316.906119,7.804794,94.95,6995.0,84.483333,484.1888,17.606333,5.889737,1509.555422,31.109,100.0,311.77,8.330563,44.0012,73.359722,24.0,528.19
20240721.0,1123.71,11.52,8.339638,20.3305,6.657485,3563.953445,81.21,100.0,1219.8,317.159538,7.879787,96.12,7536.0,84.710417,483.271,17.605333,6.041559,1510.850127,31.9091,100.0,312.63,8.499129,44.889,73.355556,24.0,528.16
20240722.0,1100.83,12.04,8.348316,19.924333,6.638449,3492.438119,79.36,100.0,1186.2,317.254991,7.916618,94.64,7217.0,83.018056,483.8467,17.637333,6.012738,1509.408165,31.8146,100.0,311.96,8.556339,45.2733,73.488889,24.0,529.12
20240723.0,982.14,13.14,8.715348,17.775,6.417253,3111.147121,68.44,100.0,1060.3,316.772265,7.909986,84.36,6003.0,74.0625,487.213,17.631667,6.172738,1531.554066,32.6507,100.0,314.35,7.890538,41.737,73.465278,24.0,528.95
20240724.0,826.05,13.68,8.760336,14.991333,6.380353,2619.980612,57.39,100.0,893.3,317.169737,8.163606,73.43,5483.0,62.463889,489.8522,17.687333,5.990596,1533.237386,31.7873,100.0,313.0,7.68305,40.7678,73.697222,24.0,530.62
20240725.0,828.3,13.51,8.3587,14.989,6.121156,2632.422405,55.05,100.0,873.1,317.810263,7.899126,71.04,5436.0,62.454167,434.5851,15.783,6.38985,1366.943974,30.2553,100.0,314.54,8.216625,38.9049,65.7625,24.0,473.49
20240726.0,829.95,14.13,8.308852,15.027,6.081276,2641.458082,54.83,100.0,894.8,318.267134,7.949025,71.67,5244.0,62.6125,343.2155,12.557,6.855087,1087.752884,25.8238,100.0,316.93,8.891322,33.4945,52.320833,24.0,376.71
20240727.0,814.0,15.0,9.076057,14.8204,6.410083,2602.978873,57.0,100.0,890.0,319.776274,8.43432,75.0,4965.0,61.751667,305.8027,11.273,7.222301,977.804133,24.4251,100.0,319.75,9.576658,32.3873,46.970833,24.0,338.19
20240728.0,1103.0,12.0,7.850321,19.9169,6.359758,3501.779584,76.0,100.0,1193.0,317.47775,7.698655,92.0,6407.0,82.987083,483.3692,17.5348,5.562519,1527.01164,29.2613,100.0,315.91,8.112401,42.6748,73.061667,24.0,526.044
20240729.0,1089.83,13.0,8.124853,19.7,6.42555,3447.944996,75.95,100.0,1179.3,316.374572,7.7978,92.17,6454.0,82.083333,484.2835,17.583333,5.456815,1515.66207,28.7847,100.0,312.97,8.192701,43.2165,73.263889,24.0,527.5
20240730.0,1104.24,13.81,8.332383,19.965833,6.38257,3496.674456,76.46,100.0,1179.3,316.65892,7.82253,93.71,6463.0,83.190972,482.8935,17.585333,5.564505,1506.144827,29.3561,100.0,311.9,8.46662,44.6665,73.272222,24.0,527.56
20240731.0,1091.7,13.58,8.259577,19.727,6.354235,3437.252686,75.21,100.0,1178.7,314.853228,7.766851,91.93,6458.0,82.195833,482.9662,17.602,5.705355,1499.851534,30.1277,100.0,310.55,8.539522,45.0938,73.341667,24.0,528.06
20240801.0,945.56,11.43,8.234971,17.1015,6.461422,2996.24207,66.3,100.0,1023.8,316.874875,7.847265,80.52,5735.0,71.25625,483.6085,17.584333,5.888348,1516.934782,31.0628,100.0,313.67,8.325877,43.9215,73.268056,24.0,527.53
20240802.0,1024.6,10.28,8.384999,18.5035,6.512281,3272.092077,72.3,100.0,1107.9,319.353121,7.712054,85.62,6353.0,77.097917,484.1759,17.592,6.038692,1530.915778,31.8698,100.0,316.19,8.258318,43.5841,73.3,24.0,527.76
20240803.0,1117.0,11.55,8.251491,20.175833,6.494569,3551.73682,78.62,100.0,1209.5,317.971067,7.727892,93.55,6690.0,84.065972,484.6525,17.637333,5.943869,1525.395279,31.4502,100.0,314.74,8.404048,44.4675,73.488889,24.0,529.12
20240804.0,1143.12,11.95,8.37885,20.664667,6.562732,3637.008024,81.37,100.0,1228.7,318.165024,7.803981,96.76,7401.0,86.102778,494.0878,17.980667,5.912888,1555.042533,31.8953,100.0,314.73,8.403878,45.3322,74.919444,24.0,539.42
20240805.0,1099.78,12.74,8.236609,19.8835,6.4836,3503.825293,77.35,100.0,1194.6,318.593291,7.815525,93.24,6848.0,82.847917,481.5098,17.557333,5.902985,1514.540925,31.0922,100.0,314.54,8.583346,45.2102,73.155556,24.0,526.72
20240806.0,1107.65,12.86,8.458434,20.050667,6.584985,3530.323439,79.22,100.0,1204.5,318.721928,7.929911,95.4,7200.0,83.544444,474.0782,17.274333,6.075584,1494.86338,31.4855,100.0,315.32,8.519731,44.1518,71.976389,24.0,518.23
20240807.0,1104.62,12.58,8.146555,19.961667,6.449027,3526.590243,77.24,100.0,1183.8,319.258228,7.771562,93.08,7187.0,83.173611,483.9638,17.617333,5.780425,1523.856817,30.5507,100.0,314.87,8.430372,44.5562,73.405556,24.0,528.52
20240808.0,1091.26,12.63,8.145759,19.696667,6.34879,3488.290596,75.03,100.0,1108.6,319.657148,7.662041,90.55,6823.0,82.069444,483.8661,17.618667,5.824939,1521.565338,30.7883,100.0,314.46,8.455786,44.6939,73.411111,24.0,528.56
20240809.0,1039.72,12.07,7.774702,18.756,6.270882,3327.898561,70.57,100.0,1113.8,320.076421,7.610009,85.64,6328.0,78.15,484.2102,17.594,5.710394,1525.213709,30.1406,100.0,314.99,8.262248,43.6098,73.308333,24.0,527.82
20240810.0,976.31,12.33,7.901288,17.706,6.712414,3125.8734,71.31,100.0,1096.9,320.17222,8.099891,86.05,5889.0,73.775,484.1385,17.588333,5.682934,1518.113094,29.986,100.0,313.57,8.246281,43.5115,73.284722,24.0,527.65
20240811.0,861.08,11.63,7.875717,15.66,6.834823,2761.401996,64.22,100.0,938.4,320.690528,8.356748,78.52,5037.0,65.25,484.9152,17.601333,5.678547,1522.05183,29.985,100.0,313.88,8.166957,43.1248,73.338889,24.0,528.04
20240812.0,1115.0,12.0,7.829832,20.1234,6.460141,3559.803411,78.0,100.0,1198.0,319.26488,7.702476,93.0,7332.0,83.8475,484.4808,17.5968,5.688231,1522.141777,30.0284,100.0,314.18,8.225586,43.4232,73.32,24.0,527.904
20240813.0,1125.0,12.0,7.829832,20.3385,6.473765,3598.334951,79.0,100.0,1221.0,319.851996,7.784907,95.0,7441.0,84.74375,483.4383,17.5752,5.735544,1517.754543,30.241,100.0,313.95,8.310517,43.8177,73.23,24.0,527.256
20240814.0,1096.21,12.24,7.893311,19.786833,6.36029,3509.277315,75.51,100.0,1183.7,320.128198,7.665872,91.01,7092.0,82.445139,484.782,17.61,5.647908,1521.052003,29.8379,100.0,313.76,8.237365,43.518,73.375,24.0,528.3
20240815.0,1037.52,12.87,8.039042,18.7545,6.403601,3302.641323,72.0578,100.0,1124.7,318.320738,7.798128,87.75,6852.0,78.14375,486.2453,17.6748,5.621619,1508.187047,29.8083,100.0,310.17,8.297821,43.9987,73.645,24.0,530.244
20240816.0,1034.33,13.6,8.534078,18.708,6.354679,3292.08922,71.33,100.0,1124.5,318.282291,7.853147,88.15,6752.0,77.95,468.9988,17.068667,5.915088,1462.338258,30.2888,100.0,311.8,8.409405,43.0612,71.119444,24.0,512.06
20240817.0,1049.02,12.0,7.580404,18.932,6.321748,3342.652626,71.81,100.0,1102.5,318.645271,7.651067,86.91,6571.0,78.883333,500.6538,18.111667,5.377234,1551.37593,29.2172,100.0,309.87,7.857955,42.6962,75.465278,24.0,543.35
20240818.0,937.15,10.82,7.554874,16.8875,6.211695,2987.307887,62.94,100.0,1003.9,318.76518,7.511473,76.11,6058.0,70.364583,506.8458,18.125,5.033563,1570.461711,27.37,100.0,309.85,6.786979,36.9042,75.520833,24.0,543.75
20240819.0,858.77,12.47,8.650375,15.5065,6.111416,2742.05184,56.86,100.0,923.3,319.29991,7.696772,71.61,5675.0,64.610417,508.5774,18.160667,5.577181,1575.420212,30.3856,100.0,309.77,6.652215,36.2426,75.669444,24.0,544.82
20240820.0,794.59,13.41,8.705209,14.3945,6.171339,2534.942272,53.3,100.0,855.0,319.025192,7.999583,69.09,5432.0,59.977083,507.3483,18.123,5.288197,1567.959921,28.7514,100.0,309.05,6.684269,36.3417,75.5125,24.0,543.69
20240821.0,795.25,14.31,8.580109,14.423,6.151055,2533.228701,53.23,100.0,859.6,318.544948,8.10511,70.14,5241.0,60.095833,507.3792,18.116333,5.170196,1565.366308,28.0995,100.0,308.52,6.644244,36.1108,75.484722,24.0,543.49
20240822.0,895.455,14.46,8.463366,16.2019,6.119704,2909.179936,59.4905,100.0,970.0,324.882874,7.885804,76.659,5908.0,67.507917,362.404,13.2294,6.401752,1121.966544,25.4074,100.0,309.59,8.687217,34.478,55.1225,24.0,396.882
20240823.0,1092.03,14.11,8.447696,19.732333,6.281568,3483.713067,74.37,100.0,1184.0,319.012579,7.763062,91.91,6757.0,82.218056,565.5766,20.275667,6.714222,1817.81975,40.8406,100.0,321.41,7.018824,42.6934,84.481944,24.0,608.27
20240824.0,935.72,13.18,7.970026,16.837333,5.855044,2987.328116,59.15,100.0,1075.5,319.25449,7.377455,74.53,5962.0,70.155556,505.1652,18.174,5.997322,1612.840934,32.6986,100.0,319.27,7.346539,40.0548,75.725,24.0,545.22
20240825.0,931.26,11.88,7.81289,16.725333,5.75574,2981.360427,57.76,100.0,997.6,320.142648,7.200654,72.26,5803.0,69.688889,506.283,18.130333,5.579416,1612.764497,30.347,100.0,318.55,6.917872,37.627,75.543056,24.0,543.91
20240826.0,1016.68,12.62,7.963356,18.297833,5.963365,3262.374507,65.47,100.0,1095.7,320.885087,7.395229,81.19,6413.0,76.240972,502.8716,18.119333,5.650981,1584.498124,30.7176,100.0,315.09,7.488944,40.7084,75.497222,24.0,543.58
20240827.0,1054.24,13.05,8.073087,18.990167,6.061909,3371.786846,69.07,100.0,1136.3,319.831049,7.474921,85.17,6693.0,79.125694,501.3836,18.121333,5.78506,1565.770844,31.4499,100.0,312.29,7.772864,42.2564,75.505556,24.0,543.64
20240828.0,1031.03,12.01,7.975514,18.548833,6.023739,3291.709287,67.04,100.0,1096.9,319.264162,7.358953,81.9,6379.0,77.286806,503.8392,18.136,5.676004,1560.994609,30.882,100.0,309.82,7.396118,40.2408,75.566667,24.0,544.08
20240829.0,1049.51,12.38,7.974631,18.862333,5.896231,3344.7068,66.73,100.0,1126.8,318.692228,7.265803,82.23,6721.0,78.593056,502.2761,18.120667,5.785512,1530.133911,31.4512,100.0,304.64,7.605294,41.3439,75.502778,24.0,543.62
20240830.0,1053.91,12.15,7.926158,18.9105,5.77457,3366.046373,65.52,100.0,1125.6,319.386511,7.113332,80.71,6782.0,78.79375,502.669,18.115667,5.667268,1536.256998,30.7999,100.0,305.62,7.507498,40.801,75.481944,24.0,543.47
20240831.0,1072.94,11.66,7.963208,19.277833,5.967994,3437.429444,69.03,100.0,1150.9,320.374806,7.238884,83.73,7276.0,80.324306,502.6372,18.138333,5.568391,1544.25227,30.3004,100.0,307.23,7.628926,41.5128,75.576389,24.0,544.15
20240901.0,954.86,10.74,8.574604,17.2125,6.256112,3032.649582,64.61,100.0,1026.0,317.601489,7.542968,77.9,5592.0,71.71875,503.2019,18.116333,5.875085,1566.719116,31.9305,100.0,311.35,7.41285,40.2881,75.484722,24.0,543.49
20240902.0,1013.82,11.16,8.458499,18.274833,6.259975,3230.541694,68.64,100.0,1094.2,318.650421,7.539512,82.67,6352.0,76.145139,502.3947,18.124,5.984974,1562.748954,32.5415,100.0,311.06,7.600475,41.3253,75.516667,24.0,543.72
20240903.0,1092.47,12.17,8.14281,19.715333,6.335171,3484.405916,74.94,100.0,1177.0,318.947515,7.646333,90.45,7087.0,82.147222,498.4008,18.067667,5.719462,1540.806073,31.0012,100.0,309.15,8.049222,43.6292,75.281944,24.0,542.03
20240904.0,953.48,11.93,7.772331,17.121833,5.77333,3038.376502,59.31,100.0,1022.0,318.661797,7.18673,73.83,6535.0,71.340972,505.3398,18.098333,5.778543,1562.561196,31.3746,100.0,309.21,6.92701,37.6102,75.409722,24.0,542.95
20240905.0,1031.42,12.32,7.975912,18.568333,6.046136,3260.759473,67.36,100.0,1111.2,316.142742,7.421237,82.68,6972.0,77.368056,540.4604,19.376333,6.447419,1721.42042,37.4782,100.0,318.51,7.023964,40.8296,80.734722,24.0,581.29
20240906.0,1073.82,13.31,8.370674,19.368,6.188042,3372.783274,71.91,100.0,1166.4,314.092052,7.594142,88.25,7040.0,80.7,567.1608,20.331667,6.36844,1793.475882,38.8443,100.0,316.22,7.015198,42.7892,84.715278,24.0,609.95
20240907.0,1124.2,13.57,8.440881,20.2865,6.257856,3521.29564,76.17,100.0,1227.8,313.226796,7.639728,92.99,7654.0,84.527083,622.4419,22.247,6.467629,1964.239904,43.1656,100.0,315.57,6.737702,44.9681,92.695833,24.0,667.41
20240908.0,1153.46,13.07,8.736123,20.802333,6.272534,3633.382035,78.29,100.0,1260.3,314.998529,7.584886,94.67,7352.0,86.676389,651.7482,23.278333,6.403852,2096.739134,44.7213,100.0,321.71,6.67313,46.6018,96.993056,24.0,698.35
20240909.0,1088.51,13.39,8.650307,19.641333,6.235999,3422.628009,73.49,100.0,1182.6,314.43239,7.63441,89.97,7280.0,81.838889,585.9692,21.015333,6.339673,1857.932542,39.9691,100.0,317.07,7.056879,44.4908,87.563889,24.0,630.46
20240910.0,1147.36,13.73,8.615372,20.716167,6.321955,3592.84959,78.58,100.0,1258.8,313.140565,7.692865,95.62,7630.0,86.317361,646.5753,23.125333,6.532908,2052.100687,45.3227,100.0,317.38,6.8013,47.1847,96.355556,24.0,693.76
20240911.0,1150.6,13.71,8.723716,20.7785,6.336678,3604.458536,79.0,100.0,1268.5,313.267733,7.70909,96.11,7498.0,86.577083,649.8087,23.219667,6.441034,2060.218483,44.8676,100.0,317.05,6.715758,46.7813,96.748611,24.0,696.59
20240912.0,1155.39,13.64,8.624543,20.839167,6.235054,3616.671238,77.96,100.0,1267.3,313.026012,7.595473,94.97,7160.0,86.829861,652.6546,23.286667,6.304466,2065.194951,44.043,100.0,316.43,6.576782,45.9454,97.027778,24.0,698.6
20240913.0,1151.21,13.88,8.778393,20.777,6.270556,3602.156974,78.17,100.0,1258.4,312.901814,7.654297,95.42,7496.0,86.570833,649.3384,23.166667,6.296978,2054.701499,43.764,100.0,316.43,6.570014,45.6616,96.527778,24.0,695.0
20240914.0,1111.33,12.51,7.960633,20.049833,6.310942,3472.23825,75.92,100.0,1209.0,312.439892,7.619348,91.66,6412.0,83.540972,506.3357,18.363667,5.607431,1560.577261,30.8919,100.0,308.21,8.091031,44.5743,76.515278,24.0,550.91
20240915.0,936.6,12.34,7.988772,16.892333,6.117173,2915.728939,62.0,100.0,1014.0,311.309944,7.591215,76.94,5163.0,70.384722,513.4007,18.455333,5.343839,1591.85021,29.5867,100.0,310.06,7.271484,40.2593,76.897222,24.0,553.66
20240916.0,1071.46,11.62,8.094633,19.247,5.942052,3349.744758,68.62,100.0,1152.7,312.633673,7.219307,83.37,5562.0,80.195833,509.27,18.403333,5.660714,1578.074949,31.2528,100.0,309.87,7.757653,42.83,76.680556,24.0,552.1
20240917.0,883.41,9.76,8.013426,15.971333,6.544016,2754.594812,62.71,100.0,954.9,311.813859,7.812957,74.87,4679.0,66.547222,511.1972,18.393,5.506986,1580.672862,30.387,100.0,309.21,7.356567,40.5928,76.6375,24.0,551.79
20240918.0,1024.93,10.21,8.028693,18.457833,6.250282,3191.26386,69.22,100.0,1108.7,311.36408,7.453024,82.54,5423.0,76.907639,511.4415,18.439333,5.628331,1578.052748,31.1348,100.0,308.55,7.545193,41.7385,76.830556,24.0,553.18
20240919.0,1162.92,11.43,8.12603,20.983667,6.451049,3628.932119,81.22,100.0,1250.9,312.053462,7.633715,96.11,6771.0,87.431944,508.5964,18.434667,5.69646,1557.932492,31.5037,100.0,306.32,8.036236,44.4436,76.811111,24.0,553.04
20240920.0,1163.64,11.28,8.074393,20.974333,6.372074,3628.920352,80.19,100.0,1272.0,311.859368,7.534606,94.82,6868.0,87.393056,509.1442,18.439667,5.657459,1554.315414,31.2965,100.0,305.28,7.962147,44.0458,76.831944,24.0,553.19
20240921.0,1168.64,10.88,8.102738,21.066833,6.408968,3646.425402,81.01,100.0,1272.0,312.022984,7.545035,95.37,6873.0,87.778472,508.4286,18.406667,5.682561,1549.792059,31.3791,100.0,304.82,7.926729,43.7714,76.694444,24.0,552.2
20240922.0,905.63,10.56,8.521345,16.304667,6.126058,2807.539941,59.93,100.0,975.8,310.0096,7.427321,72.66,5514.0,67.936111,514.9098,18.394667,5.458412,1575.521006,30.1217,100.0,305.98,6.692193,36.9302,76.644444,24.0,551.84
20240923.0,880.66,10.4,7.991388,15.816167,5.824209,2721.25119,55.27,100.0,951.1,309.001339,7.198331,68.31,5255.0,65.900694,514.7965,18.326667,5.022572,1563.951767,27.6141,100.0,303.8,6.366588,35.0035,76.361111,24.0,549.8
20240924.0,925.98,8.98,7.045248,16.637333,6.069683,2879.386112,60.59,100.0,1000.9,310.95554,7.237738,72.25,5213.0,69.322222,512.8142,18.350333,4.945796,1549.570668,27.2271,100.0,302.17,6.847432,37.6958,76.459722,24.0,550.51
20240925.0,1126.18,9.4,7.748998,20.256167,6.270518,3532.050399,76.21,100.0,1224.3,313.631071,7.338506,89.19,6560.0,84.400694,510.708,18.390667,5.435003,1550.969125,29.986,100.0,303.69,7.433481,41.012,76.627778,24.0,551.72
20240926.0,1123.6,11.12,8.527568,20.234333,6.275637,3117.709052,76.19,100.0,1206.1,277.474996,7.451856,90.47,6341.0,84.309722,616.4407,22.019667,6.422198,1536.046936,42.4244,100.0,249.18,6.683313,44.1493,91.748611,24.0,660.59
20241008.0,1022.23,11.71,7.789462,18.2821,5.48521,3111.809605,60.1687,100.0,1100.0,304.413841,6.809575,74.696,6763.0,76.175417,512.846,18.2532,5.687898,1544.33316,31.1467,100.0,301.13,6.345919,34.75,76.055,24.0,547.596
20241009.0,1058.75,11.6,7.54582,18.896167,5.331769,3239.839224,60.45,100.0,1138.4,306.006066,6.616862,75.02,7319.0,78.734028,546.0164,19.481667,5.168312,1656.722961,30.2062,100.0,303.42,6.576029,38.4336,81.173611,24.0,584.45
20241010.0,968.83,11.73,7.878739,17.310667,5.335824,2958.085161,55.42,100.0,1040.9,305.325512,6.722252,69.82,6473.0,72.127778,452.7319,16.223333,5.484775,1378.840275,26.6944,100.0,304.56,6.979269,33.9681,67.597222,24.0,486.7
20241011.0,852.01,12.04,8.350175,15.2935,5.578623,2594.613496,51.19,100.0,958.1,304.528526,7.150096,65.61,5893.0,63.722917,335.6429,12.190333,6.437013,1026.060345,23.5408,100.0,305.7,8.221569,30.0671,50.793056,24.0,365.71
20241012.0,939.13,10.89,8.016696,16.792,5.452993,2854.899329,54.94,100.0,1004.2,303.994051,6.788947,68.4,6142.0,69.966667,421.9156,15.13,5.674223,1278.910567,25.7553,100.0,303.12,7.046574,31.9844,63.041667,24.0,453.9
20241013.0,920.21,10.8,8.338506,16.478167,5.582134,2805.321968,55.19,100.0,989.1,304.856714,6.927348,68.49,6334.0,68.659028,404.4496,14.549667,5.559028,1225.563178,24.2646,100.0,303.02,7.340466,32.0404,60.623611,24.0,436.49
20241014.0,1065.13,10.97,8.281614,19.057167,5.623431,3227.35504,64.3,100.0,1144.9,303.001046,6.847818,78.3,7049.0,79.404861,553.8054,19.716667,5.767134,1666.843493,34.1126,100.0,300.98,6.372713,37.6946,82.152778,24.0,591.5
20241015.0,992.7,11.38,8.246227,17.812667,5.792694,3007.352972,61.91,100.0,1128.4,302.946809,7.116659,76.06,6756.0,74.219444,481.1107,17.148333,6.218369,1459.401197,31.9904,100.0,303.34,6.480571,33.3393,71.451389,24.0,514.45
20241016.0,904.365,11.21,8.505976,16.2085,5.591829,2730.575298,54.3811,100.0,967.9,301.932881,7.007743,68.151,6020.0,67.535417,386.7579,13.916667,5.714204,1160.776485,23.8568,100.0,300.13,7.363377,30.7421,57.986111,24.0,417.5
20241017.0,1072.28,11.76,8.457621,19.185833,5.562264,3214.09489,64.03,100.0,1153.6,299.743993,6.851409,78.87,7232.0,79.940972,559.908,19.986667,5.591594,1673.341049,33.5272,100.0,298.86,6.619746,39.692,83.277778,24.0,599.6
20241018.0,1012.88,13.67,9.388369,18.157667,5.57065,2531.316635,60.69,100.0,1080.9,249.912787,7.02917,76.58,5930.0,75.656944,514.7187,18.381333,5.145474,1517.956918,28.3742,100.0,294.91,6.659165,36.7213,76.588889,24.0,551.44
20241019.0,505.12,13.07,8.311844,9.1955,5.325431,1506.217328,29.382,50.0,552.0,298.19,8.447973,46.61,4087.0,76.629167,505.12,18.391,5.325431,1506.217328,29.382,100.0,298.19,8.447973,46.61,76.629167,24.0,551.73
20241020.0,508.09,11.58,7.50313,9.211333,4.832815,1518.782628,26.71,50.0,552.0,298.92,8.06796,44.59,4247.0,76.761111,508.09,18.422667,4.832417,1518.782628,26.7078,100.0,298.92,8.06796,44.59,76.761111,24.0,552.68
20241021.0,507.32,11.97,7.94365,9.200333,5.11938,1525.409776,28.26,50.0,552.0,300.68,8.097533,44.7,3992.0,76.669444,507.32,18.400667,5.1188,1525.409776,28.2568,100.0,300.68,8.097533,44.7,76.669444,24.0,552.02
20241022.0,508.2,11.91,7.435232,9.176,4.81873,1495.17522,26.53,50.0,552.0,294.21,7.693984,42.36,3921.0,76.466667,508.2,18.352,4.818167,1495.17522,26.5269,100.0,294.21,7.693984,42.36,76.466667,24.0,550.56
20241023.0,507.6,12.24,7.231491,9.181167,4.806942,1482.481957,26.48,50.0,552.0,292.057123,7.856663,43.28,3960.0,76.509722,507.595,18.362333,4.807668,1482.481957,26.484,100.0,292.06,7.855755,43.275,76.509722,24.0,550.87
20241024.0,508.42,11.57,6.844323,9.177833,4.630723,1482.857772,25.5,50.0,552.0,291.66,7.672472,42.25,3925.0,76.481944,508.42,18.355667,4.630759,1482.857772,25.5002,100.0,291.66,7.672472,42.25,76.481944,24.0,550.67
20241025.0,510.07,11.82,6.981615,9.181167,4.734329,1480.988245,26.08,50.0,552.0,290.35,7.406466,40.8,3911.0,76.509722,510.07,18.362333,4.734438,1480.988245,26.0806,100.0,290.35,7.406466,40.8,76.509722,24.0,550.87
20241026.0,509.74,11.52,7.171891,9.182667,4.893277,1480.590804,26.96,50.0,552.0,290.46,7.481487,41.22,3852.0,76.522222,509.74,18.365333,4.893459,1480.590804,26.961,100.0,290.46,7.481487,41.22,76.522222,24.0,550.96
20241027.0,510.35,11.31,7.139786,9.193167,4.867746,1482.297053,26.85,50.0,552.0,290.447154,7.478381,41.25,3849.0,76.609722,510.345,18.386333,4.867583,1482.297053,26.8491,100.0,290.45,7.477474,41.245,76.609722,24.0,551.59
20241028.0,510.62,12.0,7.034146,9.2,4.759058,1476.20242,26.27,50.0,552.0,289.1,7.496377,41.38,3619.0,76.666667,510.62,18.4,4.75942,1476.20242,26.272,100.0,289.1,7.496377,41.38,76.666667,24.0,552.0
20241029.0,507.93,12.61,6.982602,9.1545,4.669835,1461.19864,25.65,50.0,552.0,287.677168,7.528174,41.35,3604.0,76.2875,507.925,18.309,4.669434,1461.19864,25.6478,100.0,287.68,7.527263,41.345,76.2875,24.0,549.27
20241030.0,508.97,13.0,6.987752,9.172167,4.646303,1441.555731,25.57,50.0,552.0,283.23,7.515491,41.36,3563.0,76.434722,508.97,18.344333,4.646939,1441.555731,25.5735,100.0,283.23,7.515491,41.36,76.434722,24.0,550.33
20241031.0,508.64,13.1,7.295351,9.177667,4.772455,1418.59696,26.28,50.0,552.0,278.9,7.630843,42.02,3602.0,76.480556,508.64,18.355333,4.77162,1418.59696,26.2754,100.0,278.9,7.630843,42.02,76.480556,24.0,550.66
20241101.0,515.9,12.36,7.657252,9.317667,4.958323,1447.51222,27.72,50.0,560.8,280.58,7.720102,43.16,3655.0,77.647222,515.9,18.635333,4.957464,1447.51222,27.7152,100.0,280.58,7.720102,43.16,77.647222,24.0,559.06
20241102.0,509.96,12.39,7.580495,9.206333,4.931388,1427.63302,27.24,50.0,554.4,279.95,7.679496,42.42,3697.0,76.719444,509.96,18.412667,4.931189,1427.63302,27.2389,100.0,279.95,7.679496,42.42,76.719444,24.0,552.38
20241103.0,505.67,12.64,7.50527,9.163833,4.892421,1407.026775,26.9,50.0,551.7,278.25,8.031573,44.16,3673.0,76.365278,505.67,18.327667,4.893076,1407.026775,26.9036,100.0,278.25,8.031573,44.16,76.365278,24.0,549.83
20241104.0,508.2,13.38,7.530523,9.192833,4.944069,1412.69436,27.27,50.0,553.3,277.98,7.863009,43.37,3839.0,76.606944,508.2,18.385667,4.944758,1412.69436,27.2738,100.0,277.98,7.863009,43.37,76.606944,24.0,551.57
20241105.0,491.1,12.59,7.204677,8.8675,4.772108,1379.338527,25.39,50.0,531.5,280.86714,7.698525,40.96,3716.0,73.895833,491.095,17.735,4.77301,1379.338527,25.3948,100.0,280.87,7.697585,40.955,73.895833,24.0,532.05
20241106.0,489.72,12.87,7.459019,8.853667,4.772034,1384.046664,25.35,50.0,529.7,282.62,7.812206,41.5,3808.0,73.780556,489.72,17.707333,4.771601,1384.046664,25.3477,100.0,282.62,7.812206,41.5,73.780556,24.0,531.22
20241107.0,474.1,13.23,7.598243,8.5951,4.876209,1341.37113,25.1469,50.0,518.2,282.93,8.067775,41.606,3689.0,71.625833,474.1,17.1902,4.876209,1341.37113,25.1469,100.0,282.93,8.067775,41.606,71.625833,24.0,515.706
20241108.0,486.81,13.3,7.534267,8.819333,4.841636,1374.299196,25.62,50.0,530.8,282.3071,8.00325,42.35,3806.0,73.494444,486.805,17.638667,4.842184,1374.299196,25.6229,100.0,282.31,8.004195,42.355,73.494444,24.0,529.16
20241109.0,490.11,12.73,8.08915,9.066833,5.077113,1402.876552,27.62,50.0,545.2,286.23708,9.907906,53.9,3678.0,75.556944,490.105,18.133667,5.076249,1402.876552,27.6153,100.0,286.24,9.908825,53.905,75.556944,24.0,544.01
20241110.0,610.61,11.76,7.744219,11.247667,7.392644,2061.870614,49.89,66.604167,652.3,337.673902,9.520493,64.25,4543.0,70.363883,524.4017,18.857667,4.891521,1510.801298,27.6728,100.0,288.1,7.305305,41.3283,78.573611,24.0,565.73
20241111.0,971.91,12.15,7.40696,17.427333,5.629088,2893.133776,58.86,100.0,1045.6,297.67507,7.051184,73.73,6428.0,72.613889,497.6874,17.871667,4.647636,1383.27236,24.9183,100.0,277.94,7.173851,38.4626,74.465278,24.0,536.15
20241112.0,976.31,13.07,7.541522,17.4635,5.298671,2906.067127,55.52,100.0,1046.6,297.658236,6.823756,71.5,6278.0,72.764583,474.1665,16.923333,5.602777,1391.014844,28.4453,100.0,293.36,6.604983,33.5335,70.513889,24.0,507.7
20241113.0,999.68,13.35,7.551187,17.901,5.415899,2971.981468,58.17,100.0,1075.2,297.293281,6.925125,74.38,6034.0,74.5875,486.55,17.376333,5.86073,1434.592675,30.5514,100.0,294.85,6.664237,34.74,72.401389,24.0,521.29
20241114.0,1099.56,13.62,7.362337,19.647833,5.291508,3252.014695,62.38,100.0,1178.9,295.756002,6.727629,79.31,7049.0,81.865972,564.3419,20.076667,5.65748,1654.763319,34.075,100.0,293.22,6.302192,37.9581,83.652778,24.0,602.3
20241115.0,1126.62,13.29,7.552428,20.185667,5.598857,3336.298835,67.81,100.0,1211.9,296.133464,6.978549,84.52,6716.0,84.106944,589.8366,21.097333,6.255246,1735.18131,39.5907,100.0,294.18,6.807085,43.0834,87.905556,24.0,632.92
20241116.0,1000.34,13.29,7.80891,17.9015,5.358024,2978.540907,57.55,100.0,1070.0,297.752855,6.867209,73.76,5858.0,74.589583,459.5218,16.480667,5.780834,1357.05978,28.5816,100.0,295.32,7.058412,34.8982,68.669444,24.0,494.42
20241117.0,855.25,13.52,8.12439,15.376667,5.559289,2576.595165,51.29,100.0,921.8,301.26807,7.300022,67.35,5216.0,64.069444,364.525,13.161333,5.673209,1089.747488,22.4001,100.0,298.95,7.677794,30.315,54.838889,24.0,394.84
20241118.0,881.93,13.4,7.966432,15.824167,5.438938,2653.645099,51.64,100.0,947.7,300.890672,7.112539,67.53,5718.0,65.934028,390.3803,14.052667,5.254471,1182.500967,22.1518,100.0,302.91,7.400659,31.1997,58.552778,24.0,421.58
20241119.0,870.1,14.26,8.195723,15.631333,5.534823,2588.480882,51.91,100.0,941.7,297.492344,7.226937,67.78,5715.0,65.130556,370.1264,13.332,5.380088,1107.1591,21.5182,100.0,299.13,7.459146,29.8336,55.55,24.0,399.96
20241120.0,1001.17,13.8,7.797095,17.917,5.31618,2962.384914,57.15,100.0,1077.3,295.892297,6.87057,73.86,6814.0,74.654167,487.8582,17.436667,5.211183,1447.719209,27.2597,100.0,296.75,6.737106,35.2418,72.652778,24.0,523.1
20241121.0,990.66,13.65,7.610991,17.712167,5.212048,2934.703623,55.39,100.0,1086.3,296.237218,6.781591,72.07,6742.0,73.800694,487.2239,17.403667,5.120856,1444.180362,26.7365,100.0,296.41,6.681753,34.8861,72.515278,24.0,522.11
20241122.0,993.3,13.57,7.455569,17.737833,5.089874,2943.582455,54.17,100.0,1064.2,296.343749,6.668421,70.97,6675.0,73.907639,470.1184,16.792667,5.065525,1396.063601,25.5191,100.0,296.96,6.681806,33.6616,69.969444,24.0,503.78
20241123.0,933.02,13.36,7.635887,16.696667,5.223598,2776.390668,52.33,100.0,998.4,297.570327,6.865642,68.78,6161.0,69.569444,437.6713,15.69,5.158764,1304.610611,24.2823,100.0,298.08,7.016932,33.0287,65.375,24.0,470.7
20241124.0,930.0,14.07,7.617573,16.652,5.213588,2767.682488,52.09,100.0,998.5,297.600267,6.918088,69.12,6100.0,69.383333,436.6665,15.632667,5.125613,1303.187503,24.0381,100.0,298.44,6.890166,32.3135,65.136111,24.0,468.98
20241125.0,1082.35,14.06,7.533538,19.366167,5.358142,3205.058225,62.26,100.0,1165.3,296.120315,6.853017,79.63,6568.0,80.692361,563.4445,20.078667,5.628163,1659.513086,33.9018,100.0,294.53,6.460505,38.9155,83.661111,24.0,602.36
20241229.0,862.235,14.38,7.391743,15.4799,5.392326,2668.80472,50.0836,100.0,929.5,309.521734,7.166175,66.559,6408.0,64.499583,349.3492,12.5904,6.086569,1110.965391,22.9897,100.0,318.01,7.509107,28.3628,52.46,24.0,377.712
20241230.0,1088.73,11.84,6.976529,19.3895,5.153133,3359.240155,59.95,100.0,1164.6,308.546669,6.416703,74.65,7702.0,80.789583,576.367,20.401333,5.388471,1804.489804,32.9796,100.0,313.08,5.828541,35.673,85.005556,24.0,612.04
20241231.0,938.85,10.36,7.319372,16.791667,5.54938,2897.397629,55.91,100.0,1003.9,308.611347,6.813896,68.65,6356.0,69.965278,425.1794,15.203667,6.295959,1334.297993,28.7165,100.0,313.82,6.78139,30.9306,63.348611,24.0,456.11
20250101.0,841.28,11.34,7.241948,15.152167,5.992542,2596.670955,54.48,100.0,907.1,308.65716,7.463179,67.85,5259.0,63.134028,328.0967,11.923,7.696553,1039.672823,27.5298,100.0,316.88,8.273449,29.5933,49.679167,24.0,357.69
20250102.0,878.63,12.71,7.411442,15.782333,5.620208,2712.562935,53.22,100.0,945.8,308.726419,7.214818,68.32,5835.0,65.759722,365.3658,13.183333,6.589507,1154.154026,26.0615,100.0,315.89,7.619267,30.1342,54.930556,24.0,395.5
20250103.0,947.27,13.88,7.217483,16.983833,5.424767,2915.585579,55.28,100.0,1023.0,307.788231,7.041991,71.76,6158.0,70.765972,414.6974,14.904,6.231392,1306.006522,27.8618,100.0,314.93,7.251431,32.4226,62.1,24.0,447.12
20250104.0,834.68,15.07,7.617359,15.033833,5.55303,2584.501832,50.09,100.0,899.7,309.639842,7.466492,67.35,5660.0,62.640972,299.5804,10.941333,6.80953,958.387658,22.3516,100.0,319.91,8.731294,28.6596,45.588889,24.0,328.24
20250105.0,1102.48,13.47,6.88795,19.646167,5.073933,3402.555291,59.81,100.0,1180.9,308.627394,6.472849,76.3,6873.0,81.859028,567.3353,20.120667,5.359597,1782.794447,32.3516,100.0,314.24,6.011183,36.2847,83.836111,24.0,603.62
20250106.0,1024.93,14.07,7.046143,18.3165,5.217518,3161.129528,57.34,100.0,1095.3,308.423944,6.739825,74.07,6533.0,76.31875,489.6264,17.456667,5.729292,1543.938927,30.0043,100.0,315.33,6.50632,34.0736,72.736111,24.0,523.7
20250107.0,1015.03,14.14,7.160755,18.139333,5.203242,3132.367772,56.63,100.0,1089.2,308.598541,6.73766,73.33,6587.0,75.580556,500.1374,17.876667,5.596756,1573.082164,30.0154,100.0,314.53,6.74298,36.1626,74.486111,24.0,536.3
20250108.0,956.18,12.91,6.550849,17.107333,5.349558,2952.944518,54.91,100.0,1025.5,308.827262,6.845992,70.27,6411.0,71.280556,514.0533,18.36,4.458442,1605.799699,24.5571,100.0,312.38,6.671514,36.7467,76.5,24.0,550.8
20250109.0,860.2,14.47,7.24217,15.498,5.708263,2662.229703,53.08,100.0,928.8,309.489619,7.492365,69.67,5766.0,64.575,513.4606,18.383333,4.741541,1608.107253,26.1496,100.0,313.19,6.897443,38.0394,76.597222,24.0,551.5
20250110.0,900.13,13.83,7.071333,16.166,5.531156,2778.521194,53.65,100.0,967.0,308.67999,7.198235,69.82,6041.0,67.358333,514.6615,18.429667,4.757167,1607.390797,26.3019,100.0,312.32,6.914305,38.2285,76.790278,24.0,552.89
20250111.0,1025.75,12.96,6.365522,18.327833,5.252485,3152.300803,57.76,100.0,1100.1,307.316676,6.722017,73.92,6556.0,76.365972,513.4072,18.371667,4.436288,1586.068863,24.4506,100.0,308.93,6.848009,37.7428,76.548611,24.0,551.15
20250112.0,1050.89,12.33,6.546612,18.7265,5.100615,3222.125363,57.31,100.0,1120.3,306.609194,6.471222,72.71,6702.0,78.027083,516.3045,18.441333,4.558926,1605.500473,25.2218,100.0,310.96,6.676216,36.9355,76.838889,24.0,553.24
20250113.0,1032.52,12.44,6.530002,18.4225,5.190211,3175.054445,57.37,100.0,1101.0,307.50537,6.588863,72.83,6825.0,76.760417,515.6314,18.445667,4.590636,1598.972971,25.4032,100.0,310.1,6.819777,37.7386,76.856944,24.0,553.37
20250114.0,1077.01,12.65,6.403361,19.210167,5.184755,3314.3992,59.76,100.0,1135.9,307.740801,6.559027,75.6,6913.0,80.042361,514.9067,18.418667,4.504814,1592.451951,24.8918,100.0,309.27,6.814337,37.6533,76.744444,24.0,552.56
20250115.0,1012.72,12.0,6.444534,18.102667,5.380423,3119.044691,58.44,100.0,869.1,307.986876,6.761435,73.44,6175.0,75.427778,515.8629,18.411667,4.42779,1593.75843,24.4569,100.0,308.95,6.605793,36.4871,76.715278,24.0,552.35
20250116.0,835.4,12.81,7.121462,15.000667,5.493089,2586.631676,49.44,100.0,888.9,309.627924,7.183014,64.65,5430.0,62.502778,473.6831,16.810667,4.275797,1461.454468,21.5637,100.0,308.53,6.074893,30.6369,70.044444,24.0,504.32
20250117.0,930.44,11.28,7.387662,16.647833,5.493207,2571.079253,54.87,97.8125,959.6,276.329398,6.850741,68.43,5129.0,70.917288,520.5672,18.465333,4.439779,1602.930522,24.5946,100.0,307.92,6.028016,33.3928,76.938889,24.0,553.96
20250118.0,513.1,9.13,7.174537,9.242667,5.144619,1594.955808,28.53,50.0,552.0,310.846971,7.476197,41.46,3477.0,77.022222,513.095,18.485333,5.144006,1594.955808,28.5266,100.0,310.85,7.477099,41.465,77.022222,24.0,554.56
20250119.0,519.26,6.98,7.3195,9.391667,5.334516,1621.789142,30.06,50.0,563.8,312.326993,7.852706,44.25,3368.0,78.263889,519.255,18.783333,5.335067,1621.789142,30.0631,100.0,312.33,7.851819,44.245,78.263889,24.0,563.5
20250120.0,521.62,6.16,7.35807,9.393833,5.342157,1630.949254,30.11,50.0,563.8,312.67,7.453471,42.01,3303.0,78.281944,521.62,18.787667,5.342973,1630.949254,30.1146,100.0,312.67,7.453471,42.01,78.281944,24.0,563.63
20250121.0,523.82,4.89,7.26443,9.3935,5.258956,1638.351814,29.64,50.0,564.0,312.77,7.059846,39.79,3240.0,78.279167,523.82,18.787,5.259044,1638.351814,29.6405,100.0,312.77,7.059846,39.79,78.279167,24.0,563.61
20250122.0,524.81,3.45,7.434448,9.388333,5.363039,1645.80416,30.21,50.0,564.0,313.6,6.832949,38.49,3008.0,78.236111,524.81,18.776667,5.363607,1645.80416,30.2132,100.0,313.6,6.832949,38.49,78.236111,24.0,563.3
20250123.0,538.29,2.3,7.578453,9.6085,5.510746,1682.840396,31.77,50.0,576.0,312.627096,6.631281,38.23,3672.0,80.070833,538.285,19.217,5.510728,1682.840396,31.7699,100.0,312.63,6.630414,38.225,80.070833,24.0,576.51
20250124.0,544.5,0.46,7.761486,9.684833,5.551636,1708.04205,32.26,50.0,576.0,313.69,6.296787,36.59,3227.0,80.706944,544.5,19.369667,5.551205,1708.04205,32.2575,100.0,313.69,6.296787,36.59,80.706944,24.0,581.09
20250125.0,544.45,0.0,0.0,9.676167,5.666845,1704.330628,32.9,50.0,576.0,313.037125,6.223194,36.13,3154.0,80.634722,544.445,19.352333,5.665983,1704.330628,32.895,100.0,313.04,6.222333,36.125,80.634722,24.0,580.57
20250126.0,545.77,0.0,0.0,9.680667,5.500654,1707.262073,31.95,50.0,576.0,312.817134,6.037807,35.07,3322.0,80.672222,545.765,19.361333,5.500792,1707.262073,31.9508,100.0,312.82,6.038668,35.075,80.672222,24.0,580.84
20250127.0,546.65,0.0,0.0,9.680833,5.361109,1710.397541,31.14,50.0,576.0,312.887138,5.889644,34.21,3245.0,80.673611,546.645,19.361667,5.361315,1710.397541,31.1412,100.0,312.89,5.888784,34.205,80.673611,24.0,580.85
20250128.0,547.42,0.0,0.0,9.689167,5.342737,1711.547739,31.06,50.0,576.0,312.657144,5.836415,33.93,3273.0,80.743056,547.415,19.378333,5.343339,1711.547739,31.0635,100.0,312.66,5.837275,33.935,80.743056,24.0,581.35
20250129.0,481.25,0.0,0.0,8.550667,5.635038,1504.67625,28.91,50.0,508.9,312.66,6.196398,31.79,2830.0,71.255556,481.25,17.101333,5.635233,1504.67625,28.911,100.0,312.66,6.196398,31.79,71.255556,24.0,513.04
20250130.0,518.54,0.0,0.0,9.213833,5.681674,1620.904186,31.41,50.0,549.1,312.59,6.20263,34.29,3032.0,76.781944,518.54,18.427667,5.681674,1620.904186,31.41,100.0,312.59,6.20263,34.29,76.781944,24.0,552.83
20250131.0,541.7,0.0,0.0,9.588167,5.326009,1688.734163,30.64,50.0,575.8,311.747122,5.838794,33.59,3098.0,79.901389,541.695,19.176333,5.326479,1688.734163,30.6427,100.0,311.75,5.839663,33.595,79.901389,24.0,575.29
20250201.0,546.26,0.0,0.0,9.669667,5.355235,1704.112696,31.07,50.0,576.0,311.96,5.846461,33.92,3218.0,80.580556,546.26,19.339333,5.355717,1704.112696,31.0728,100.0,311.96,5.846461,33.92,80.580556,24.0,580.18
20250202.0,546.48,0.0,0.0,9.674,5.323548,1705.891968,30.9,50.0,576.0,312.16,5.850734,33.96,3179.0,80.616667,546.48,19.348,5.324013,1705.891968,30.9027,100.0,312.16,5.850734,33.96,80.616667,24.0,580.44
20250203.0,546.26,0.02,5.785363,9.668333,5.299086,1696.519682,30.74,50.0,576.0,310.57,5.833477,33.84,3166.0,80.569444,546.26,19.336667,5.299604,1696.519682,30.743,100.0,310.57,5.833477,33.84,80.569444,24.0,580.1
20250204.0,547.25,0.16,6.75134,9.6755,5.202143,1697.076975,30.2,50.0,576.0,310.11,5.732693,33.28,3335.0,80.629167,547.25,19.351,5.202126,1697.076975,30.1999,100.0,310.11,5.732693,33.28,80.629167,24.0,580.53
20250205.0,546.26,1.93,6.739039,9.670833,5.00991,1692.58661,29.07,50.0,576.0,309.85,5.85782,33.99,3445.0,80.590278,546.26,19.341667,5.01003,1692.58661,29.0707,100.0,309.85,5.85782,33.99,80.590278,24.0,580.25
20250206.0,544.72,3.56,6.707034,9.669667,4.976042,1684.982376,28.87,50.0,576.0,309.33,6.111896,35.46,3684.0,80.580556,544.72,19.339333,4.976369,1684.982376,28.8719,100.0,309.33,6.111896,35.46,80.580556,24.0,580.18
20250207.0,545.0,4.75,6.521142,9.69,4.898521,1681.418574,28.48,50.0,576.0,308.51717,6.26247,36.41,3730.0,80.75,544.995,19.38,4.898039,1681.418574,28.4772,100.0,308.52,6.26161,36.405,80.75,24.0,581.4
20250208.0,544.06,5.64,6.340455,9.672667,4.784961,1677.88104,27.77,50.0,576.0,308.4,6.254738,36.3,3835.0,80.605556,544.06,19.345333,4.785375,1677.88104,27.7724,100.0,308.4,6.254738,36.3,80.605556,24.0,580.36
20250209.0,544.78,6.3,6.328605,9.667833,4.597721,1678.99655,26.67,50.0,576.0,308.197171,6.085472,35.3,3613.0,80.565278,544.775,19.335667,4.598031,1678.99655,26.6718,100.0,308.2,6.08461,35.295,80.565278,24.0,580.07
20250210.0,544.72,6.54,6.283471,9.673667,4.596671,1679.153872,26.68,50.0,576.0,308.26,6.150718,35.7,3948.0,80.613889,544.72,19.347333,4.597464,1679.153872,26.6846,100.0,308.26,6.150718,35.7,80.613889,24.0,580.42
20250211.0,516.23,6.99,6.322262,9.186667,4.640784,1601.397083,25.58,50.0,547.9,310.21,6.34434,34.97,3782.0,76.555556,516.23,18.373333,4.640929,1601.397083,25.5808,100.0,310.21,6.34434,34.97,76.555556,24.0,551.2
20250212.0,521.24,6.37,6.447218,9.270333,4.731941,1623.334284,26.32,50.0,552.0,311.437013,6.290676,34.99,3714.0,77.252778,521.235,18.540667,4.731689,1623.334284,26.3186,100.0,311.44,6.289777,34.985,77.252778,24.0,556.22
20250213.0,516.84,6.35,6.330054,9.195167,4.687245,1607.511901,25.86,50.0,548.2,311.026991,6.322162,34.88,3728.0,76.626389,516.835,18.390333,4.686955,1607.511901,25.8584,100.0,311.03,6.321256,34.875,76.626389,24.0,551.71
20250214.0,518.21,7.3,6.401532,9.262833,4.732173,1605.051833,26.3,50.0,552.0,309.73,6.758191,37.56,3970.0,77.190278,518.21,18.525667,4.732785,1605.051833,26.3034,100.0,309.73,6.758191,37.56,77.190278,24.0,555.77
20250215.0,540.6,8.22,6.653505,9.656,4.832919,1665.681314,28.0,50.0,575.9,308.11715,6.691867,38.77,3899.0,80.466667,540.595,19.312,4.832246,1665.681314,27.9961,100.0,308.12,6.691004,38.765,80.466667,24.0,579.36
20250216.0,539.28,9.49,6.567574,9.651333,4.785176,1655.682105,27.71,50.0,576.0,307.017153,6.874698,39.81,4245.0,80.427778,539.275,19.302667,4.785004,1655.682105,27.709,100.0,307.02,6.873834,39.805,80.427778,24.0,579.08
20250217.0,531.69,11.24,6.49557,9.491833,4.739162,1640.445158,26.99,50.0,568.3,308.534138,6.642552,37.83,4578.0,79.098611,529.21,18.983667,4.738372,1640.445158,26.9855,100.0,309.98,7.076259,40.3,79.098611,24.0,569.51
20250218.0,531.91,11.77,6.491512,9.549667,4.712206,1649.91612,27.0,50.0,576.0,310.187084,7.169535,41.08,4647.0,79.580556,531.905,19.099333,4.711648,1649.91612,26.9968,100.0,310.19,7.168662,41.075,79.580556,24.0,572.98
20250219.0,530.31,12.0,6.44647,9.5255,4.710164,1643.43069,26.92,50.0,576.0,309.9,7.21222,41.22,4693.0,79.379167,530.31,19.051,4.709657,1643.43069,26.9171,100.0,309.9,7.21222,41.22,79.379167,24.0,571.53
20250220.0,531.14,12.25,6.429248,9.546667,4.607193,1636.95807,26.39,50.0,576.0,308.197099,7.273045,41.66,4804.0,79.555556,531.135,19.093333,4.606774,1636.95807,26.3876,100.0,308.2,7.273918,41.665,79.555556,24.0,572.8
20250221.0,529.05,12.9,6.574317,9.514667,4.733044,1629.511505,27.02,50.0,576.0,308.007089,7.327284,41.83,4731.0,79.288889,529.045,19.029333,4.733604,1629.511505,27.0232,100.0,308.01,7.32816,41.835,79.288889,24.0,570.88
20250222.0,508.365,12.76,6.563813,9.1595,4.725476,1566.628421,25.9698,50.0,552.0,308.17,7.49768,41.205,4526.0,76.329167,508.365,18.319,4.725476,1566.628421,25.9698,100.0,308.17,7.49768,41.205,76.329167,24.0,549.57
20250223.0,511.94,12.44,6.434025,9.206167,4.640006,1576.416842,25.63,50.0,552.0,307.93,7.319369,40.43,4077.0,76.718056,511.94,18.412333,4.640549,1576.416842,25.633,100.0,307.93,7.319369,40.43,76.718056,24.0,552.37
20250224.0,528.5,12.96,6.610994,9.525167,4.762821,1621.739757,27.22,50.0,576.0,306.857097,7.527427,43.02,4854.0,79.376389,528.495,19.050333,4.763259,1621.739757,27.2225,100.0,306.86,7.526552,43.015,79.376389,24.0,571.51
20250225.0,530.7,12.7,6.541085,9.552667,4.702003,1627.535426,26.95,50.0,576.0,306.677111,7.408054,42.46,4808.0,79.605556,530.695,19.105333,4.702073,1627.535426,26.9504,100.0,306.68,7.408926,42.465,79.605556,24.0,573.16
20250226.0,528.44,12.88,6.842881,9.542333,4.927167,1629.70896,28.21,50.0,576.0,308.4,7.702519,44.1,4746.0,79.519444,528.44,19.084667,4.926451,1629.70896,28.2059,100.0,308.4,7.702519,44.1,79.519444,24.0,572.54
20250227.0,529.1,12.76,6.814052,9.545667,4.860844,1625.44811,27.84,50.0,576.0,307.21,7.619513,43.64,4911.0,79.547222,529.1,19.091333,4.86046,1625.44811,27.8378,100.0,307.21,7.619513,43.64,79.547222,24.0,572.74
20250228.0,530.81,12.03,6.850739,9.562833,4.880004,1631.429168,28.0,50.0,576.0,307.347105,7.489064,42.97,4338.0,79.690278,530.805,19.125667,4.879917,1631.429168,27.9995,100.0,307.35,7.488192,42.965,79.690278,24.0,573.77
20250301.0,447.54,11.13,6.727527,8.073167,4.828754,1403.559267,23.39,50.0,480.0,313.616496,7.609571,36.86,3702.0,67.276389,447.535,16.146333,4.828609,1403.559267,23.3893,100.0,313.62,7.608539,36.855,67.276389,24.0,484.39
20250302.0,440.55,11.65,6.879642,7.985833,4.975477,1383.76755,23.84,50.0,480.0,314.1,8.055932,38.6,3590.0,66.548611,440.55,15.971667,4.97529,1383.76755,23.8391,100.0,314.1,8.055932,38.6,66.548611,24.0,479.15
20250303.0,444.13,12.15,6.753497,8.042,4.880627,1388.290338,23.55,50.0,480.0,312.586481,7.958219,38.4,4030.0,67.016667,444.125,16.084,4.879984,1388.290338,23.5469,100.0,312.59,7.957183,38.395,67.016667,24.0,482.52
20250304.0,446.27,12.07,6.45172,8.059667,4.654266,1389.149256,22.5071,50.0,484.0,311.28,7.714546,37.306,3950.0,67.163889,446.27,16.119333,4.654266,1389.149256,22.5071,100.0,311.28,7.715373,37.31,67.163889,24.0,483.58
20250305.0,497.15,12.11,6.455214,8.960333,4.737547,1541.447787,25.47,50.0,542.9,310.056882,7.527622,40.47,4228.0,74.669444,497.145,17.920667,4.737993,1541.447787,25.4724,100.0,310.06,7.528552,40.475,74.669444,24.0,537.62
20250306.0,467.01,12.37,6.237215,8.420833,4.552202,1450.51753,23.0,50.0,501.8,310.596675,7.56853,38.24,4203.0,70.173611,467.005,16.841667,4.552618,1450.51753,23.0021,100.0,310.6,7.56952,38.245,70.173611,24.0,505.25
20250307.0,458.54,12.75,6.290729,8.277167,4.540604,1416.093641,22.55,50.0,497.0,308.826632,7.671707,38.1,4104.0,68.976389,458.535,16.554333,4.540946,1416.093641,22.5517,100.0,308.83,7.670701,38.095,68.976389,24.0,496.63
20250308.0,459.86,13.11,6.596452,8.322333,4.75027,1420.124211,23.72,50.0,504.7,308.816642,7.906436,39.48,3975.0,69.352778,459.855,16.644667,4.74999,1420.124211,23.7186,100.0,308.82,7.907438,39.485,69.352778,24.0,499.34
20250309.0,440.83,11.98,6.243095,7.947667,4.517049,1363.471725,21.54,50.0,482.0,309.296492,7.555677,36.03,3772.0,66.230556,440.825,15.895333,4.516483,1363.471725,21.5373,100.0,309.3,7.556725,36.035,66.230556,24.0,476.86
20250310.0,442.15,12.14,6.252991,7.982833,4.559785,1364.503685,21.84,50.0,484.0,308.60651,7.687329,36.82,4086.0,66.523611,442.145,15.965667,4.558887,1364.503685,21.8357,100.0,308.61,7.688373,36.825,66.523611,24.0,478.97
20250311.0,474.38,13.01,6.666079,8.580833,4.824706,1454.576063,24.84,50.0,520.9,306.626768,7.860542,40.47,4250.0,71.506944,474.375,17.161667,4.824978,1454.576063,24.8414,100.0,306.63,7.861513,40.475,71.506944,24.0,514.85
20250312.0,437.36,13.04,6.662661,7.932333,4.801025,1346.325288,22.85,50.0,482.0,307.83,8.106064,38.58,4034.0,66.102778,437.36,15.864667,4.800374,1346.325288,22.8469,100.0,307.83,8.106064,38.58,66.102778,24.0,475.94
20250313.0,438.57,12.93,6.739423,7.955,4.85858,1349.304462,23.19,50.0,482.1,307.66,8.114393,38.73,3700.0,66.291667,438.57,15.91,4.857616,1349.304462,23.1854,100.0,307.66,8.114393,38.73,66.291667,24.0,477.3
20250314.0,440.33,12.74,6.548499,7.972667,4.739109,1353.838618,22.67,50.0,482.0,307.46,7.950079,38.03,3866.0,66.438889,440.33,15.945333,4.738816,1353.838618,22.6686,100.0,307.46,7.950079,38.03,66.438889,24.0,478.36
20250315.0,438.96,12.63,6.296579,7.929667,4.533608,1349.698834,21.57,50.0,480.0,307.476498,7.738871,36.82,3660.0,66.080556,438.955,15.859333,4.533545,1349.698834,21.5697,100.0,307.48,7.739922,36.825,66.080556,24.0,475.78
20250316.0,439.23,12.68,6.400265,7.940667,4.581899,1351.291095,21.83,50.0,480.0,307.65,7.810008,37.21,3668.0,66.172222,439.23,15.881333,4.582823,1351.291095,21.8344,100.0,307.65,7.810008,37.21,66.172222,24.0,476.44
20250317.0,449.96,12.77,6.317401,8.123333,4.524005,1382.036783,22.05,50.0,491.3,307.146587,7.683627,37.45,4014.0,67.694444,449.955,16.246667,4.524908,1382.036783,22.0544,100.0,307.15,7.682602,37.445,67.694444,24.0,487.4
20250318.0,466.46,12.59,6.347276,8.414667,4.569403,1429.078184,23.07,50.0,507.0,306.366716,7.61171,38.43,4042.0,70.122222,466.455,16.829333,4.569779,1429.078184,23.0719,100.0,306.37,7.610719,38.425,70.122222,24.0,504.88
20250319.0,446.6,11.92,6.19033,8.045333,4.4705,1371.24064,21.58,50.0,487.0,307.04,7.482599,36.12,3948.0,67.044444,446.6,16.090667,4.470998,1371.24064,21.5824,100.0,307.04,7.482599,36.12,67.044444,24.0,482.72
20250320.0,470.64,11.83,6.122295,8.463833,4.405017,1441.696196,22.37,50.0,510.3,306.326746,7.325286,37.2,3980.0,70.531944,470.635,16.927667,4.404624,1441.696196,22.368,100.0,306.33,7.324301,37.195,70.531944,24.0,507.83
20250321.0,477.4,11.8,6.218987,8.584333,4.473265,1460.08016,23.04,50.0,516.2,305.84,7.31177,37.66,3897.0,71.536111,477.4,17.168667,4.472372,1460.08016,23.0354,100.0,305.84,7.31177,37.66,71.536111,24.0,515.06
20250322.0,472.07,12.02,6.169373,8.493667,4.462148,1442.819466,22.74,50.0,512.5,305.636763,7.042502,35.89,3995.0,70.780556,472.065,16.987333,4.46207,1442.819466,22.7396,100.0,305.64,7.369216,37.555,70.780556,24.0,509.62
20250323.0,505.5,11.8,6.315686,8.357167,4.556967,1425.88314,22.85,50.0,512.5,282.073816,7.424765,37.23,3813.0,69.643056,464.2,16.714333,4.556887,1425.88314,22.8496,100.0,307.17,7.424765,37.23,69.643056,24.0,501.43
20250324.0,442.26,11.97,6.274236,7.975833,4.509456,1359.138066,21.58,50.0,482.7,307.316526,7.585414,36.3,3674.0,66.465278,442.255,15.951667,4.509832,1359.138066,21.5818,100.0,307.32,7.584369,36.295,66.465278,24.0,478.55
20250325.0,442.53,12.1,6.318749,7.985,4.560635,1356.531462,21.85,50.0,483.7,306.54,7.633062,36.57,3709.0,66.541667,442.53,15.97,4.560739,1356.531462,21.8505,100.0,306.54,7.633062,36.57,66.541667,24.0,479.1
20250326.0,438.68,12.55,6.480784,7.936333,4.653702,1346.835336,22.16,50.0,481.0,307.02,7.875173,37.5,3653.0,66.136111,438.68,15.872667,4.653324,1346.835336,22.1582,100.0,307.02,7.875173,37.5,66.136111,24.0,476.18
20250327.0,438.46,12.88,6.619413,7.945667,4.755212,1348.527576,22.67,50.0,481.5,307.56,8.029534,38.28,3671.0,66.213889,438.46,15.891333,4.755674,1348.527576,22.6722,100.0,307.56,8.029534,38.28,66.213889,24.0,476.74
20250328.0,440.44,12.38,6.270939,7.9525,4.505921,1351.71036,21.5,50.0,481.8,306.9,7.693597,36.71,3667.0,66.270833,440.44,15.905,4.505229,1351.71036,21.4967,100.0,306.9,7.693597,36.71,66.270833,24.0,477.15
20250329.0,439.23,12.54,6.131004,7.924667,4.422899,1346.635257,21.03,50.0,480.0,306.59,7.623875,36.25,3662.0,66.038889,439.23,15.849333,4.422836,1346.635257,21.0297,100.0,306.59,7.623875,36.25,66.038889,24.0,475.48
20250330.0,438.85,12.03,6.258382,7.9185,4.523163,1348.570685,21.49,50.0,480.0,307.296499,7.634022,36.27,3550.0,65.9875,438.845,15.837,4.523331,1348.570685,21.4908,100.0,307.3,7.632969,36.265,65.9875,24.0,475.11
20250331.0,427.74,17.89,9.174096,7.972167,6.539418,1392.619474,31.28,50.333333,482.7,325.576162,10.578471,50.6,3852.2,65.994757,427.6629,15.929333,6.465703,1327.679473,30.8983,100.0,310.45,10.508308,50.2171,66.372222,24.0,477.88
20250401.0,828.685,14.78,7.896046,14.9369,5.549032,2379.012799,49.7312,100.0,955.0,287.082884,7.534919,67.529,5092.0,62.237083,435.1118,15.5136,5.035087,1007.370839,23.4337,100.0,231.52,6.5096,30.2962,64.64,24.0,465.408
20250501.0,448.305,9.17,6.829121,8.093,4.98855,1415.343716,24.2234,50.0,484.1,315.71,7.676387,37.275,3231.0,67.441667,448.305,16.186,4.98855,1415.343716,24.2234,100.0,315.71,7.676387,37.275,67.441667,24.0,485.58
20250502.0,445.72,8.86,6.857145,8.0355,4.998652,1394.88074,24.1,50.0,491.9,312.95,7.551905,36.41,2890.0,66.9625,445.72,16.071,4.997698,1394.88074,24.0954,100.0,312.95,7.551905,36.41,66.9625,24.0,482.13
20250503.0,475.64,9.66,6.901257,8.574833,5.008844,1486.755512,25.77,50.0,516.4,312.58,7.551167,38.85,3104.0,71.456944,475.64,17.149667,5.009058,1486.755512,25.7711,100.0,312.58,7.551167,38.85,71.456944,24.0,514.49
20250504.0,452.54,11.04,6.834521,8.181833,4.982583,1416.857486,24.46,50.0,493.5,313.09,7.816097,38.37,3078.0,68.181944,452.54,16.363667,4.982319,1416.857486,24.4587,100.0,313.09,7.816097,38.37,68.181944,24.0,490.91
20250505.0,482.13,11.85,6.849188,8.713667,5.001721,1506.222333,26.15,50.0,527.0,312.41,7.782793,40.69,3281.0,72.613889,482.13,17.427333,5.002276,1506.222333,26.1529,100.0,312.41,7.782793,40.69,72.613889,24.0,522.82
20250506.0,520.41,12.25,6.889183,9.399833,5.033777,1619.932248,28.39,50.0,561.8,311.28,7.727087,43.58,3553.0,78.331944,520.41,18.799667,5.03399,1619.932248,28.3912,100.0,311.28,7.727087,43.58,78.331944,24.0,563.99
20250507.0,485.27,12.41,6.6937,8.775333,4.917192,1510.241733,25.89,50.0,524.5,311.216793,7.836359,41.26,3381.0,73.127778,485.265,17.550667,4.916527,1510.241733,25.8865,100.0,311.22,7.83541,41.255,73.127778,24.0,526.52
20250508.0,570.19,11.64,6.244307,10.504,7.300394,1914.954114,46.01,64.583333,678.4,335.844914,9.529703,60.06,3990.0,67.767742,489.8311,17.595333,4.606487,1519.211157,24.3158,100.0,310.15,7.204353,38.0289,73.313889,24.0,527.86
20250509.0,1077.67,13.14,6.942595,19.3545,5.777296,3348.35808,67.09,100.0,1159.4,310.70347,7.199015,83.6,6613.0,80.64375,510.8011,18.391667,4.929805,1585.169054,27.2002,100.0,310.33,7.42164,40.9489,76.631944,24.0,551.75
20250510.0,1127.56,12.61,6.652286,20.205333,5.67177,3479.37008,68.76,100.0,1207.4,308.575161,6.992378,84.77,6235.0,84.188889,524.4322,18.819333,4.695614,1613.730323,26.5105,100.0,307.71,7.111091,40.1478,78.413889,24.0,564.58
20250511.0,998.69,12.22,6.841496,17.900833,5.601285,3112.435169,60.1606,100.0,1068.1,311.651781,7.016433,75.36,5595.0,74.586806,502.137,17.948333,4.671334,1557.57876,25.1528,100.0,310.19,6.743987,36.313,74.784722,24.0,538.45
20250512.0,803.22,13.92,7.627422,14.464167,5.610417,2493.572363,48.69,100.0,864.6,310.446996,7.447139,64.63,4715.0,60.267361,468.95,16.721333,4.773084,1440.98956,23.9437,100.0,307.28,6.516625,32.69,69.672222,24.0,501.64
20250513.0,909.43,13.91,7.336316,16.377167,5.720363,2880.196375,56.21,100.0,982.3,316.703471,7.449396,73.2,5312.0,68.238194,484.0667,17.338,4.824278,1483.277182,25.093,100.0,306.42,6.935306,36.0733,72.241667,24.0,520.14
20250514.0,1095.66,12.93,6.746702,19.640167,5.649986,3477.304485,66.58,100.0,1176.2,317.370761,7.022174,82.75,6508.0,81.834028,507.3884,18.247333,4.771236,1562.908489,26.1187,100.0,308.03,7.312776,40.0316,76.030556,24.0,547.42
20250515.0,1135.37,12.79,7.018641,20.388667,5.864369,3608.945775,71.74,100.0,1221.7,317.865169,7.190269,87.96,6353.0,84.952778,514.7054,18.551667,4.986201,1588.94704,27.7507,100.0,308.71,7.51857,41.8446,77.298611,24.0,556.55
20250516.0,1173.87,13.46,7.651379,21.118167,6.005098,3732.936017,76.09,100.0,1266.0,318.002506,7.357015,93.22,6273.0,87.992361,521.5188,18.901,5.407315,1611.44094,30.6611,100.0,308.99,8.026242,45.5112,78.754167,24.0,567.03
20250517.0,1014.04,13.7,7.978434,18.259,5.897548,3232.943822,64.61,100.0,1095.54,318.818175,7.440166,81.51,5628.0,76.079167,462.882,16.694667,5.629363,1454.097515,28.1941,100.0,314.14,7.578868,37.958,69.561111,24.0,500.84
20250518.0,1013.87,11.42,7.015207,18.232833,5.998336,3238.919013,65.62,100.0,1092.6,319.460978,7.321956,80.1,5803.0,75.970139,495.1127,17.825333,4.999383,1523.907379,26.7347,100.0,307.79,7.414036,39.6473,74.272222,24.0,534.76
20250519.0,985.6,12.5,7.239029,17.753833,6.014663,3127.522018,64.07,100.0,1069.7,317.321633,7.475381,79.63,5183.0,73.974306,487.86,17.555333,4.968443,1490.753802,26.1668,100.0,305.57,7.367182,38.8,73.147222,24.0,526.66
20250520.0,927.85,12.24,6.953929,16.6895,5.827017,2925.537004,58.35,100.0,1005.8,315.302797,7.340943,73.51,5033.0,69.539583,475.5058,17.000667,4.635289,1446.869048,23.6409,100.0,304.28,6.767225,34.5142,70.836111,24.0,510.02
20250521.0,910.14,14.29,7.933701,16.458167,6.057783,2868.114255,59.82,100.0,989.3,315.128909,7.832991,77.35,5127.0,68.575694,480.3821,17.298,5.246464,1458.680247,27.226,100.0,303.65,7.430127,38.5579,72.075,24.0,518.94
20250522.0,1165.62,13.83,7.526936,20.964,5.936367,3651.574875,74.67,100.0,1258.2,313.273183,7.331616,92.22,6101.0,87.35,521.6947,18.903333,5.293017,1586.264905,30.0167,100.0,304.06,8.006577,45.4053,78.763889,24.0,567.1
20250523.0,1125.74,14.04,7.477735,20.262833,5.949316,3506.796758,72.33,100.0,1217.0,311.510363,7.405184,90.03,5795.0,84.428472,515.382,18.666667,5.236089,1560.731311,29.3221,100.0,302.83,7.9675,44.618,77.777778,24.0,560.0
20250524.0,835.51,14.65,7.767664,15.083333,5.814365,2583.953195,52.62,100.0,904.2,309.266579,7.678453,69.49,4568.0,62.847222,469.7445,16.823667,4.934358,1417.36008,24.9042,100.0,301.73,6.92784,34.9655,70.098611,24.0,504.71
20250525.0,705.49,15.04,8.236443,12.772833,5.698292,2170.324206,43.67,100.0,768.0,307.633589,7.945248,60.89,3637.0,53.220139,444.9,15.864333,4.758053,1339.28247,22.645,100.0,301.03,6.519866,31.03,66.101389,24.0,475.93
20250526.0,705.16,14.97,8.244513,12.771,5.725211,2166.725464,43.87,100.0,768.0,307.267211,7.973795,61.1,3587.0,53.2125,444.9152,15.863667,4.752747,1337.237125,22.6188,100.0,300.56,6.512744,30.9948,66.098611,24.0,475.91
20250527.0,706.31,14.6,8.091435,12.7725,5.65016,2176.03953,43.3,100.0,768.0,308.085618,7.835845,60.05,3601.0,53.21875,445.5594,15.875333,4.74262,1344.297266,22.5872,100.0,301.71,6.446185,30.7006,66.147222,24.0,476.26
20250528.0,705.65,14.47,8.429979,12.782167,5.819306,2184.388521,44.63,100.0,768.0,309.556936,7.990299,61.28,3584.0,53.259028,446.0949,15.887667,4.814594,1349.347854,22.9478,100.0,302.48,6.406458,30.5351,66.198611,24.0,476.63
20250529.0,694.1,14.71,8.49137,12.588,5.931575,2131.689935,44.8,97.8125,753.4,307.11568,8.100307,61.18,3510.0,53.623003,449.3977,16.008333,4.757834,1372.280817,22.8495,100.0,305.36,6.424217,30.8523,66.701389,24.0,480.25
20250530.0,446.6,11.68,7.267266,8.1119,5.089252,1363.42514,24.7701,50.0,486.0,305.29,8.241801,40.114,2507.0,67.599167,446.6,16.2238,5.089252,1363.42514,24.7701,100.0,305.29,8.241801,40.114,67.599167,24.0,486.714
20250531.0,442.92,8.65,7.543649,8.008,5.323843,1356.250021,25.58,50.0,480.0,306.206543,7.819264,37.57,2250.0,66.733333,442.915,16.016,5.324176,1356.250021,25.5816,100.0,306.21,7.818223,37.565,66.733333,24.0,480.48
20250601.0,440.06,9.05,8.022744,8.074833,5.694648,1358.449785,27.59,50.0,486.0,308.696493,9.170468,44.43,2247.0,67.290278,440.055,16.149667,5.695536,1358.449785,27.5943,100.0,308.7,9.1715,44.435,67.290278,24.0,484.49
20250602.0,474.1,11.2,7.696563,8.622167,5.4472,1449.56075,28.18,50.0,520.3,305.75,8.356368,43.23,2528.0,71.851389,474.1,17.244333,5.447045,1449.56075,28.1792,100.0,305.75,8.356368,43.23,71.851389,24.0,517.33
20250603.0,472.78,11.43,6.981828,8.572167,4.979293,1439.095042,25.61,50.0,515.6,304.39,8.078471,41.55,2552.0,71.434722,472.78,17.144333,4.978749,1439.095042,25.6072,100.0,304.39,8.078471,41.55,71.434722,24.0,514.33
20250604.0,437.86,11.73,6.878624,7.931333,4.906699,1333.458844,23.35,50.0,475.88,304.54,7.99151,38.03,2436.0,66.094444,437.86,15.862667,4.906048,1333.458844,23.3469,100.0,304.54,7.989409,38.02,66.094444,24.0,475.88
20250605.0,438.68,12.02,7.046704,7.977167,5.051919,1338.19334,24.18,50.0,480.0,305.05,8.34674,39.95,2530.0,66.476389,438.68,15.954333,5.051188,1338.19334,24.1765,100.0,305.05,8.34674,39.95,66.476389,24.0,478.63
20250606.0,523.99,12.03,7.199648,9.725833,7.658298,1676.950793,44.69,64.4375,602.9,320.034885,10.208208,59.57,3092.0,62.88932,461.4706,16.606667,4.712525,1395.948565,23.4778,100.0,302.5,7.372421,36.7294,69.194444,24.0,498.2
20250607.0,822.64,13.97,8.684554,14.936,6.328111,2536.226808,56.71,100.0,902.3,308.303366,8.205008,73.53,4102.0,62.233333,470.9591,16.979,5.566288,1421.590043,28.353,100.0,301.85,7.540864,38.4109,70.745833,24.0,509.37
20250608.0,812.46,13.54,8.63603,14.741667,6.332391,2534.399344,56.01,100.0,885.1,311.94143,8.144715,72.04,4031.0,61.423611,461.8805,16.654333,5.605228,1392.246391,28.0054,100.0,301.43,7.555491,37.7495,69.393056,24.0,499.63
20250609.0,979.11,13.77,7.928771,17.684,6.113813,3056.985218,64.87,100.0,1061.4,312.220815,7.722612,81.94,4944.0,73.683333,493.315,17.817667,5.359924,1489.761969,28.6504,100.0,301.99,7.710512,41.215,74.240278,24.0,534.53
20250610.0,961.9,14.04,8.027444,17.401167,6.220847,3000.015073,64.95,100.0,1050.1,311.884299,7.87112,82.18,4960.0,72.504861,493.0584,17.782667,5.33617,1489.282897,28.4674,100.0,302.05,7.576966,40.4216,74.094444,24.0,533.48
20250611.0,728.7,16.94,9.269727,13.348833,6.647273,2281.740888,53.24,100.0,808.8,313.124865,9.019515,72.24,4198.0,55.620139,445.6829,16.069,5.494057,1353.093284,26.4852,100.0,303.6,7.548095,36.3871,66.954167,24.0,482.07
20250612.0,706.75,16.17,8.457821,12.878,6.080137,2211.249155,46.98,100.0,777.8,312.875721,8.533934,65.94,3975.0,53.658333,443.45,15.931333,5.201636,1346.624615,24.8607,100.0,303.67,7.216387,34.49,66.380556,24.0,477.94
20250613.0,875.49,14.83,7.987965,15.8345,6.021662,2775.143664,57.21,100.0,952.7,316.981766,7.851,74.59,4484.0,65.977083,473.1555,17.076667,5.482061,1440.238026,28.0846,100.0,304.39,7.640933,39.1445,71.152778,24.0,512.3
20250614.0,696.58,16.0,8.810155,12.729,6.368659,2213.348028,48.64,100.0,770.4,317.744987,8.794878,67.17,3978.0,53.0375,440.5927,15.886667,5.586488,1339.578045,26.6252,100.0,304.04,7.555036,36.0073,66.194444,24.0,476.6
20250615.0,694.43,15.25,9.031792,12.701833,6.531865,2243.283526,49.78,100.0,768.0,323.039547,8.880608,67.68,3878.0,52.924306,440.0019,15.877667,5.749816,1356.041856,27.3881,100.0,308.19,7.626666,36.3281,66.156944,24.0,476.33
20250616.0,699.44,14.8,8.452096,12.725333,6.132125,2267.499195,46.82,100.0,771.3,324.187807,8.392707,64.08,4169.0,53.022222,444.2101,15.898333,5.127288,1368.877844,24.4546,100.0,308.16,6.86443,32.7399,66.243056,24.0,476.95
20250617.0,712.2,15.42,8.654155,12.954833,6.060801,2173.365655,47.11,100.0,783.1,305.162266,8.373966,65.09,4452.0,53.978472,446.6858,16.006667,5.115244,1301.06173,24.5634,100.0,291.27,6.979217,33.5142,66.694444,24.0,480.2
20250618.0,699.55,14.13,8.574773,12.720167,6.167372,2341.623208,47.07,100.0,769.6,334.732787,8.341086,63.66,4913.0,53.000694,444.7846,15.895667,5.140667,1419.26318,24.5143,100.0,319.09,6.728333,32.0854,66.231944,24.0,476.87
20250619.0,698.5,13.64,8.794281,12.702333,6.246884,2302.877235,47.61,100.0,768.0,329.688939,8.350172,63.64,4527.0,52.926389,444.3151,15.881667,5.316298,1432.471882,25.3295,100.0,322.4,6.744653,32.1349,66.173611,24.0,476.45
20250620.0,698.23,13.3,8.5422,12.704333,6.314119,2334.561509,48.13,100.0,768.0,334.354226,8.401333,64.04,4432.0,52.934722,444.1697,15.902667,5.428838,1430.404102,25.8999,100.0,322.04,6.898277,32.9103,66.261111,24.0,477.08
20250621.0,762.14,11.84,7.967704,13.763333,5.962703,2500.88025,49.24,100.0,827.9,328.13922,7.708888,63.66,4011.0,57.347222,447.034,15.957333,5.333243,1426.574901,25.5313,100.0,319.12,6.6189,31.686,66.488889,24.0,478.72
20250622.0,758.34,10.81,7.951242,13.685167,6.03695,2520.486225,49.57,100.0,825.2,332.368888,7.64453,62.77,4125.0,57.021528,447.4911,15.941667,5.237825,1410.133954,25.0499,100.0,315.12,6.431553,30.7589,66.423611,24.0,478.25
20250623.0,794.92,11.38,8.291131,14.3705,6.164249,2548.61546,53.15,100.0,868.1,320.612824,7.806502,67.31,4136.0,59.877083,451.4418,16.156667,5.462265,1407.4601,26.4756,100.0,311.77,6.861605,33.2582,67.319444,24.0,484.7
20250624.0,905.19,11.43,8.126827,16.353333,6.246433,2992.692039,61.29,100.0,983.2,330.614792,7.745618,76.0,5091.0,68.138889,472.1085,16.959333,5.563112,1512.116315,28.304,100.0,320.29,7.207732,36.6715,70.663889,24.0,508.78
20250625.0,940.94,10.54,7.715919,16.938667,6.097489,3077.560858,61.97,100.0,1018.8,327.073018,7.416955,75.38,4874.0,70.577778,492.8484,17.683333,5.462809,1555.52812,28.9802,100.0,315.62,7.09738,37.6516,73.680556,24.0,530.5
20250626.0,885.06,11.6,8.414608,15.949333,6.013835,2745.497276,57.55,100.0,959.3,310.20465,7.513376,71.9,4310.0,66.455556,476.9841,17.060667,5.314192,1472.545314,27.1991,100.0,308.72,6.80628,34.8359,71.086111,24.0,511.82
20250627.0,975.59,11.14,8.114294,17.528333,5.866692,3046.737913,61.7,100.0,1056.1,312.29696,7.236855,76.11,4658.0,73.034722,517.0363,18.539667,5.45916,1591.334324,30.3633,100.0,307.78,7.039627,39.1537,77.248611,24.0,556.19
20250628.0,984.12,10.34,7.958113,17.633833,5.738023,2974.15047,60.71,100.0,1060.8,302.214209,6.985624,73.91,4699.0,73.474306,514.5125,18.412333,5.344787,1544.257817,29.523,100.0,300.14,6.853649,37.8575,76.718056,24.0,552.37
20250629.0,893.97,9.52,7.87921,16.061167,5.971961,2968.090966,57.55,100.0,967.5,332.012368,7.232766,69.7,4588.0,66.921528,489.1265,17.483,5.50142,1616.318519,28.8544,100.0,330.45,6.742455,35.3635,72.845833,24.0,524.49
20250630.0,933.19,9.52,8.087165,16.7445,5.897459,2973.39636,59.25,100.0,1010.5,318.627113,7.115769,71.49,4371.0,69.76875,506.899,18.139,5.613595,1640.527924,30.5475,100.0,323.64,6.849146,37.271,75.579167,24.0,544.17
20250701.0,913.72,10.0,8.961971,16.4555,6.160048,3068.571509,60.82,100.0,987.3,335.832805,7.456474,73.62,4545.0,68.564583,583.7803,20.778667,5.69589,1922.213394,35.5059,100.0,329.27,6.349413,39.5797,86.577778,24.0,623.36
20250702.0,893.75,10.83,9.350095,16.1234,6.209319,2777.266686,60.0692,100.0,960.0,310.743126,7.613572,73.654,4236.0,67.180833,565.1497,20.1278,5.659055,1717.037819,34.1713,100.0,303.82,6.406446,38.6843,83.865833,24.0,603.834
20250703.0,1000.12,11.02,8.546379,17.979833,5.984483,3123.768421,64.56,100.0,1061.1,312.339361,7.292429,78.67,5458.0,74.915972,593.2812,21.158667,5.689599,1804.227457,36.1153,100.0,304.11,6.534564,41.4788,88.161111,24.0,634.76
20250704.0,993.63,11.52,8.802891,17.862333,5.923078,3004.584172,63.48,100.0,1052.4,302.384607,7.288148,78.11,5281.0,74.426389,594.811,21.202333,5.634789,1780.209842,35.8412,100.0,299.29,6.48655,41.259,88.343056,24.0,636.07
20250705.0,1086.36,10.8,8.284947,19.52,6.007514,3426.072166,70.36,100.0,1153.8,315.371715,7.243852,84.84,6163.0,81.333333,589.5256,21.075333,5.68766,1827.706218,35.9608,100.0,310.03,6.758992,42.7344,87.813889,24.0,632.26
20250706.0,925.43,11.08,9.31274,16.711333,6.334025,2893.576016,63.51,100.0,988.0,312.673678,7.704352,77.25,5073.0,69.630556,577.384,20.615,5.731991,1780.594518,35.4495,100.0,308.39,6.640149,41.066,85.895833,24.0,618.45
20250707.0,1115.78,10.76,8.330095,20.071167,6.134837,3510.151739,73.88,100.0,1183.5,314.591742,7.34802,88.49,6158.0,83.629861,589.57,21.126333,5.643825,1838.750916,35.77,100.0,311.88,6.977074,44.22,88.026389,24.0,633.79
20250708.0,1092.47,11.06,8.100173,19.6795,6.26625,3442.992308,73.99,100.0,1160.7,315.156692,7.478171,88.3,5843.0,81.997917,589.0206,21.172333,5.634932,1840.277061,35.7914,100.0,312.43,7.265677,46.1494,88.218056,24.0,635.17
20250709.0,1008.15,11.4,8.123761,18.164833,6.178605,3100.519431,67.34,100.0,1071.1,307.545448,7.499839,81.74,4886.0,75.686806,589.3863,21.137333,5.578029,1777.058633,35.3714,100.0,301.51,7.054453,44.7337,88.072222,24.0,634.12
20250710.0,878.3,12.58,8.913325,15.849167,6.028708,2788.016426,57.33,100.0,935.9,317.433272,7.64078,72.66,5074.0,66.038194,582.1676,20.751667,5.439852,1812.928123,33.8658,100.0,311.41,6.486612,40.3824,86.465278,24.0,622.55
20250711.0,962.78,11.86,8.276927,17.303167,5.82745,3005.964488,60.5,100.0,1019.8,312.217172,7.264566,75.42,5014.0,72.096528,594.6572,21.196,5.317403,1824.527221,33.8123,100.0,306.82,6.482795,41.2228,88.316667,24.0,635.88
20250712.0,923.84,12.1,9.071614,16.71,6.356473,2919.160096,63.73,100.0,986.3,315.981133,7.855576,78.76,5356.0,69.625,336.2054,12.359667,7.061949,1090.280492,26.185,100.0,324.29,9.327274,34.5846,51.498611,24.0,370.79
20250713.0,902.06,10.02,7.860981,16.279167,6.327105,2818.992101,61.8,100.0,973.8,312.506053,7.647812,74.7,5171.0,67.829861,327.1108,12.023333,8.351844,1077.601108,30.1251,100.0,329.43,9.312226,33.5892,50.097222,24.0,360.7
20250714.0,959.31,11.09,8.361046,17.284167,6.127959,3131.52573,63.55,100.0,1018.4,326.435222,7.496263,77.74,5731.0,72.017361,365.9488,13.381333,6.830859,1234.015948,27.4218,100.0,337.21,8.840972,35.4912,55.755556,24.0,401.44
20250715.0,984.17,11.13,8.68999,17.731167,6.158647,3062.119587,65.52,100.0,1050.6,311.137262,7.491517,79.7,4997.0,73.879861,393.152,14.294667,6.753731,1190.542886,28.9627,100.0,302.82,8.321985,35.688,59.561111,24.0,428.84
20250716.0,985.6,10.91,8.721909,17.813167,6.468062,3196.13354,69.13,100.0,1051.4,324.28303,7.783568,83.19,5567.0,74.221528,397.6704,14.469333,6.841504,1329.809818,29.6976,100.0,334.4,8.387763,36.4096,60.288889,24.0,434.08
20250717.0,1067.39,10.93,8.529633,19.243667,6.314632,3361.704671,72.91,100.0,1137.2,314.94624,7.554867,87.23,5784.0,80.181944,482.0411,17.354333,6.015923,1538.241354,31.3207,100.0,319.11,7.411962,38.5889,72.309722,24.0,520.63
20250718.0,952.55,11.34,8.974899,17.200667,6.344715,3093.645295,65.48,100.0,1014.3,324.775108,7.70319,79.5,5318.0,71.669444,592.1372,21.120667,5.655866,1891.937568,35.8367,100.0,319.51,6.546952,41.4828,88.002778,24.0,633.62
20250719.0,931.26,11.03,8.9937,16.835667,6.427822,3041.361973,64.93,100.0,993.8,326.585698,7.808819,78.88,4866.0,70.148611,588.9462,21.032,5.690852,1868.902976,35.907,100.0,317.33,6.658711,42.0138,87.633333,24.0,630.96
20250720.0,960.91,10.1,8.877583,17.340667,6.380954,3164.810327,66.39,100.0,1022.4,329.355541,7.644843,79.54,4776.0,72.252778,592.7491,21.165,5.704953,1896.145096,36.2236,100.0,319.89,6.646334,42.2009,88.1875,24.0,634.95
20250721.0,932.58,10.02,8.170634,16.839167,6.446281,3352.324133,65.13,100.0,991.9,359.467728,7.697333,77.77,5224.0,70.163194,592.851,21.141333,5.676558,2039.40744,36.003,100.0,344.0,6.525763,41.389,88.088889,24.0,634.24
20250722.0,838.15,12.4,10.008863,15.191333,6.393997,2549.707614,58.28,100.0,905.6,304.2066,8.045157,73.33,4030.0,63.297222,564.4262,20.095,5.448835,1642.028701,32.8483,100.0,290.92,6.373692,38.4238,83.729167,24.0,602.85
20250723.0,841.12,11.5,9.358914,15.255833,6.56361,2798.377003,60.08,100.0,918.9,332.696524,8.109466,74.23,4502.0,63.565972,553.6195,19.732,5.538465,1778.170472,32.7855,100.0,321.19,6.476873,38.3405,82.216667,24.0,591.96
20250724.0,919.82,11.9,9.89206,16.628333,6.309512,2667.330632,62.95,100.0,981.1,289.983979,7.804951,77.87,4304.0,69.284722,579.2108,20.664333,5.519381,1620.400134,34.2163,100.0,279.76,6.568354,40.7192,86.101389,24.0,619.93
20250725.0,1036.81,10.1,8.100822,18.661667,6.217737,3484.297401,69.62,100.0,1101.0,336.059394,7.403769,82.9,5567.0,77.756944,593.6748,21.180333,5.55199,1938.526324,35.2779,100.0,326.53,6.568232,41.7352,88.251389,24.0,635.41
20250726.0,1042.64,9.63,8.219627,18.723667,6.047605,3371.921883,67.94,100.0,1103.0,323.402314,7.191433,80.79,5146.0,78.015278,595.045,21.187667,5.502147,1890.219947,34.9733,100.0,317.66,6.385004,40.585,88.281944,24.0,635.63
20250727.0,1033.34,9.05,8.454009,18.572,6.173272,3420.931323,68.79,100.0,1094.3,331.055734,7.267212,80.98,5250.0,77.383333,595.0599,21.197667,5.550234,1887.827533,35.2956,100.0,317.25,6.426824,40.8701,88.323611,24.0,635.93
20250728.0,1054.08,10.13,8.486781,18.916333,5.953409,3259.406871,67.57,100.0,1114.5,309.218169,7.127879,80.9,5134.0,78.818056,595.7771,21.193333,5.412362,1798.948953,34.4118,100.0,301.95,6.294888,40.0229,88.305556,24.0,635.8
20250729.0,984.23,10.29,8.095586,17.738333,6.280184,3381.063649,66.84,100.0,1045.7,343.523734,7.523255,80.07,5243.0,73.909722,593.5798,21.187333,5.443063,1935.129506,34.5972,100.0,326.01,6.614046,42.0402,88.280556,24.0,635.62
20250730.0,982.47,11.13,8.71087,17.692167,6.118527,3070.983205,64.95,100.0,1042.5,312.577809,7.448683,79.07,4982.0,73.717361,594.3496,21.195667,5.477519,1799.750024,34.8299,100.0,302.81,6.529699,41.5204,88.315278,24.0,635.87
20250731.0,968.44,11.56,9.245256,17.448167,6.108569,2793.503429,63.95,100.0,1028.0,288.45395,7.493624,78.45,4422.0,72.700694,594.3559,21.188667,5.47582,1669.605159,34.8076,100.0,280.91,6.497829,41.3041,88.286111,24.0,635.66
20250801.0,981.81,10.02,8.682993,17.6665,6.13685,3082.990348,65.05,100.0,1040.5,314.010893,7.376485,78.19,4824.0,73.610417,594.6395,21.201333,5.547654,1863.302873,35.2853,100.0,313.35,6.509103,41.4005,88.338889,24.0,636.04
20250802.0,967.51,9.63,8.223684,17.429167,6.269185,3283.277577,65.56,100.0,1026.5,339.353348,7.482668,78.25,5016.0,72.621528,594.8534,21.202667,5.578528,1930.477739,35.4839,100.0,324.53,6.481355,41.2266,88.344444,24.0,636.08
20250803.0,942.54,9.57,8.331324,16.989667,6.320509,3238.934999,64.43,100.0,1000.9,343.638997,7.538896,76.85,4910.0,70.790278,594.1581,21.162667,5.52339,1997.73778,35.0669,100.0,336.23,6.41411,40.7219,88.177778,24.0,634.88
20250804.0,969.93,11.24,8.80332,17.470333,6.111313,2994.314201,64.06,100.0,1029.2,308.714464,7.468852,78.29,4693.0,72.793056,594.4735,21.187333,5.435999,1786.036183,34.5523,100.0,300.44,6.473443,41.1465,88.280556,24.0,635.62
20250805.0,946.94,11.46,8.807451,17.066833,6.113222,2995.955205,62.6,100.0,1007.4,316.382791,7.526294,77.07,4722.0,71.111806,593.7622,21.121,5.297066,1831.756387,33.5638,100.0,308.5,6.291968,39.8678,88.004167,24.0,633.63
20250806.0,1042.03,11.22,8.932189,18.696333,5.796992,3016.391286,65.0295,100.0,1101.5,289.472595,7.109237,79.75,4545.0,77.901389,593.9148,21.134333,5.351119,1732.093123,33.9277,100.0,291.64,6.327019,40.1152,88.059722,24.0,634.03
20250807.0,1130.8,9.9,8.02839,20.203667,5.599644,3508.682317,67.88,100.0,1189.8,310.28319,6.716603,81.42,5165.0,84.181944,597.1098,21.194667,5.333464,1889.733095,33.9123,100.0,316.48,6.091186,38.7302,88.311111,24.0,635.84
20250808.0,1058.04,10.65,8.224669,18.962,5.783497,3310.409358,65.8,100.0,1118.6,312.881305,7.00436,79.69,5000.0,79.008333,596.4362,21.189667,5.298369,1845.433246,33.6812,100.0,309.41,6.174991,39.2538,88.290278,24.0,635.69
20250809.0,991.21,10.07,7.812021,17.770667,5.801696,3253.259013,61.86,100.0,1047.9,328.210875,7.036877,75.03,4975.0,74.044444,594.6522,21.172,5.471566,1923.759332,34.7532,100.0,323.51,6.377574,40.5078,88.216667,24.0,635.16
20250810.0,985.44,10.87,9.21491,17.645167,5.607768,2544.683199,59.37,100.0,1039.7,258.228121,6.921631,73.28,4182.0,73.521528,595.8622,21.191667,5.332757,1555.557859,33.903,100.0,261.06,6.274133,39.8878,88.298611,24.0,635.75
20250811.0,1011.95,9.71,8.259661,18.089667,5.576849,2918.227977,60.53,100.0,1066.9,288.376696,6.765372,73.43,4864.0,75.373611,595.8163,21.182333,5.321132,1601.971286,33.8142,100.0,268.87,6.240059,39.6537,88.259722,24.0,635.47
20250812.0,1022.23,8.35,7.132613,18.263,5.666283,3536.152791,62.09,100.0,1077.6,345.925358,6.713026,73.56,5741.0,76.095833,595.1662,21.178667,5.473527,2016.958735,34.7766,100.0,338.89,6.326146,40.1938,88.244444,24.0,635.36
20250813.0,957.77,9.83,8.045428,17.174333,5.81779,3106.305784,59.95,100.0,1012.3,324.326904,7.053161,72.68,5163.0,71.559722,593.8753,21.116333,5.381285,1900.104022,34.0899,100.0,319.95,6.253406,39.6147,87.984722,24.0,633.49
20250814.0,961.07,9.79,7.547531,17.192,5.598534,3171.231876,57.75,100.0,1045.3,329.968876,6.829727,70.45,5265.0,71.633333,577.5246,20.484667,5.104468,1847.6167,31.369,100.0,319.92,6.023269,37.0154,85.352778,24.0,614.54
20250815.0,789.85,10.23,8.045609,14.221833,5.934537,2583.413543,50.64,100.0,864.4,327.076476,7.43575,63.45,4378.0,59.257639,433.81,15.484333,5.450671,1424.328373,25.32,100.0,328.33,6.613136,30.72,64.518056,24.0,464.53
20250816.0,768.51,9.54,7.784838,13.856833,6.112508,2688.835032,50.82,100.0,843.1,349.876388,7.566664,62.91,4578.0,57.736806,432.99,15.433,5.347848,1502.302104,24.76,100.0,346.96,6.479622,30.0,64.304167,24.0,462.99
20250817.0,862.68,8.84,8.288088,15.539333,6.236861,2823.743745,58.15,100.0,939.3,327.322268,7.474581,69.69,5321.0,64.747222,459.976,16.444333,5.62445,1481.950677,27.7471,100.0,322.18,6.760992,33.354,68.518056,24.0,493.33
20250818.0,958.82,9.16,8.245092,17.3075,6.451924,3182.38171,67.0,100.0,1046.5,331.906063,7.669122,79.64,6130.0,72.114583,486.5374,17.492333,5.915144,1625.424146,31.0409,100.0,334.08,7.285592,38.2326,72.884722,24.0,524.77
20250819.0,1098.41,9.46,7.795498,19.764833,6.31115,3671.457599,74.8433,100.0,1186.6,334.252019,7.376738,87.48,6622.0,82.353472,579.1324,20.762333,5.666784,1926.078536,35.2967,100.0,332.58,7.021947,43.7376,86.509722,24.0,622.87
20250820.0,793.54,9.41,7.774071,14.330333,6.328069,2551.278494,54.41,100.0,869.8,321.505972,7.70859,66.28,4938.0,59.709722,434.6799,15.562333,5.246128,1385.629117,24.4926,100.0,318.77,6.894874,32.1901,64.843056,24.0,466.87
20250821.0,842.0,8.85,7.009285,15.217667,6.529691,2753.902177,59.62,100.0,925.0,327.066767,7.782621,71.06,5513.0,63.406944,452.0482,16.173333,4.9669,1439.547493,24.0994,100.0,318.45,6.832605,33.1518,67.388889,24.0,485.2
20250822.0,842.71,8.31,6.747578,15.2095,6.431452,2723.464295,58.6915,100.0,929.0,323.179302,7.655303,69.86,5491.0,63.372917,455.0742,16.316333,5.017978,1422.01586,24.5625,100.0,312.48,7.030951,34.4158,67.984722,24.0,489.49
20250823.0,939.23,8.85,7.390323,16.980833,6.641802,2875.017024,67.67,100.0,1050.4,306.103619,7.813712,79.61,5442.0,70.753472,485.78,17.452,5.220032,1447.284354,27.33,100.0,297.93,7.215983,37.78,72.716667,24.0,523.56
20250824.0,923.28,8.41,7.099527,16.626667,6.35425,3064.477948,63.39,100.0,1003.2,331.91209,7.44988,74.32,6042.0,69.277778,475.25,17.051333,5.196075,1521.417825,26.58,100.0,320.13,7.094264,36.29,71.047222,24.0,511.54
20250825.0,940.72,8.41,7.231,16.9565,6.39676,3070.735783,65.08,100.0,1023.9,326.423993,7.534967,76.66,5448.0,70.652083,481.8902,17.316667,5.316708,1539.253677,27.6203,100.0,319.42,7.239615,37.6098,72.152778,24.0,519.5
20250826.0,881.05,8.51,6.930927,15.945167,6.739764,3114.40966,64.48,100.0,958.1,353.488413,7.909398,75.67,6171.0,66.438194,504.0734,18.076,5.194069,1655.981934,28.1664,100.0,328.52,7.045548,38.2066,75.316667,24.0,542.28
20250827.0,822.42,9.68,7.346697,14.856833,6.36744,2483.894417,56.76,100.0,912.7,302.022618,7.739424,68.99,5358.0,61.903472,446.518,15.990333,4.61164,1210.956816,22.1225,100.0,271.2,6.91918,33.192,66.626389,24.0,479.71
20250828.0,833.09,9.07,6.91,15.0,6.11,2630.89384,54.94,100.0,913.4,315.799474,7.4,66.6,0.0,62.48,440.6741,15.8,4.839764,1289.280214,22.9429,100.0,292.57,7.040586,33.3759,65.84,24.0,474.05
20250829.0,846.51,8.72,6.858355,15.231,6.114722,2782.109212,55.88,100.0,928.5,328.656391,7.370932,67.36,5566.0,63.4625,446.3326,16.005333,4.924879,1374.302709,23.6473,100.0,307.91,7.045027,33.8274,66.688889,24.0,480.16
20250830.0,1141.36,10.4,8.661102,20.523833,6.170875,3571.003909,75.99,100.0,1242.0,312.872705,7.314261,90.07,6771.0,85.515972,603.5197,21.562667,6.20602,1928.547201,40.1455,100.0,319.55,6.70299,43.3603,89.844444,24.0,646.88
20250831.0,1143.51,9.86,8.828567,20.5675,6.250962,3657.778392,77.14,100.0,1243.9,319.872882,7.337628,90.55,6755.0,85.697917,606.14,21.591,6.12939,1930.434672,39.7019,100.0,318.48,6.420885,41.59,89.9625,24.0,647.73
20250901.0,934.51,9.28,7.945185,16.866333,6.44578,3131.33065,65.23,100.0,1016.6,335.077276,7.65529,77.47,6282.0,70.276389,414.64,14.985667,7.395956,1514.514064,33.25,100.0,365.26,7.769647,34.93,62.440278,24.0,449.57
20250902.0,881.54,10.87,8.928043,15.905333,6.185556,2520.501536,59.03,100.0,956.0,285.920269,7.625325,72.77,5438.0,66.272222,365.7466,13.206333,7.132967,1127.962514,28.2601,100.0,308.4,7.68404,30.4434,55.026389,24.0,396.19
20250903.0,1151.37,13.04,10.247391,20.681667,5.865098,3021.259146,72.78,100.0,1230.7,262.405582,7.215731,89.54,6176.0,86.173611,592.2717,21.085667,6.059867,1667.067154,38.3329,100.0,281.47,6.370568,40.2983,87.856944,24.0,632.57
20250904.0,1256.04,11.9,8.887714,22.591667,6.1564,3932.277197,83.45,100.0,1338.3,313.069424,7.338252,99.47,6365.0,94.131944,677.3234,24.135667,6.148881,2219.927443,44.5222,100.0,327.75,6.456088,46.7466,100.565278,24.0,724.07
20250905.0,1207.64,12.05,8.936882,21.742667,6.205157,3824.458851,80.95,100.0,1296.9,316.688653,7.429325,96.92,6374.0,90.594444,642.5295,22.931333,6.296712,2133.776217,43.3176,100.0,332.09,6.600939,45.4105,95.547222,24.0,687.94
20250906.0,1066.94,10.55,8.051751,19.1805,6.080829,3473.326725,69.98,100.0,1150.6,325.540961,7.289521,83.89,5841.0,79.91875,538.13,19.240333,6.475979,1822.64631,37.38,100.0,338.7,6.770499,39.08,80.168056,24.0,577.21
20250907.0,1262.3,11.46,9.134415,22.651667,5.980428,3826.97875,81.28,100.0,1341.0,303.175057,7.124568,96.83,6328.0,94.381944,678.58,24.17,6.11226,2191.745542,44.32,100.0,322.99,6.415667,46.52,100.708333,24.0,725.1
20250908.0,1209.67,10.24,8.369309,21.732333,6.148289,3986.595965,80.17,100.0,1292.3,329.560621,7.229627,94.27,6756.0,90.551389,645.5632,23.012333,6.192056,2174.966977,42.7481,100.0,336.91,6.490259,44.8068,95.884722,24.0,690.37
20250909.0,1092.03,10.64,8.768828,19.646833,6.173175,3436.695106,72.77,100.0,1177.1,314.707023,7.36251,86.79,5876.0,81.861806,556.9792,19.892,6.377204,1833.965412,38.0566,100.0,329.27,6.66613,39.7808,82.883333,24.0,596.76
20250910.0,1201.42,10.66,8.754036,21.592,6.138076,3829.307251,79.52,100.0,1283.8,318.731772,7.262721,94.09,6446.0,89.966667,642.2715,22.900667,6.208611,2136.708826,42.6544,100.0,332.68,6.51342,44.7485,95.419444,24.0,687.02
20250911.0,1119.42,10.74,8.634135,20.096167,5.9688,3465.142732,71.97,100.0,1207.9,309.548046,7.161399,86.35,5963.0,83.734028,589.7535,21.073667,6.148748,1923.245139,38.873,100.0,326.11,6.715569,42.4565,87.806944,24.0,632.21
20250912.0,1219.3,10.73,8.429689,21.898,6.078942,3226.340805,79.87,100.0,1302.7,264.605987,7.199288,94.59,5665.0,91.241667,650.5364,23.223,6.319181,1506.642302,44.0251,100.0,231.6,6.624697,46.1536,96.7625,24.0,696.69
20251005.0,1228.81,9.1,7.039132,22.154167,6.583412,3893.862814,87.51,100.0,1344.0,316.880788,7.556141,100.44,6570.0,92.309028,564.1444,20.337667,5.810401,1755.899445,35.451,100.0,311.25,7.537017,45.9856,84.740278,24.0,610.13
20251006.0,1167.1,7.76,7.174729,21.044,6.654312,3904.215675,84.02,100.0,1227.5,334.522806,7.565894,95.53,6783.0,87.683333,562.6458,20.248333,5.850852,1769.464776,35.541,100.0,314.49,7.375784,44.8042,84.368056,24.0,607.45
20251007.0,1069.92,9.09,6.91755,19.3455,6.753509,3567.341139,78.39,100.0,1179.1,333.421297,7.824386,90.82,6425.0,80.60625,545.4702,19.650667,5.641403,1712.01277,33.2572,100.0,313.86,7.472147,44.0498,81.877778,24.0,589.52
20251008.0,1215.34,11.47,7.419089,21.947333,6.539899,3907.827752,86.12,100.0,1330.7,321.541935,7.707846,101.5,7139.0,91.447222,566.9713,20.510333,5.865775,1784.825652,36.0927,100.0,314.8,7.855991,48.3387,85.459722,24.0,615.31
20251009.0,1153.68,12.3,7.713461,20.890333,6.68491,3983.450523,83.79,100.0,1264.7,345.282099,7.957428,99.74,7091.0,87.043056,553.3369,20.058333,6.043124,1816.992379,36.3645,100.0,328.37,8.045384,48.4131,83.576389,24.0,601.75
20251010.0,1204.56,11.97,7.552141,21.764667,6.534291,3896.004317,85.33,100.0,1307.4,323.437962,7.758753,101.32,7096.0,90.686111,571.9943,20.666333,5.794384,1747.385387,35.9246,100.0,305.49,7.741367,47.9957,86.109722,24.0,619.99
20251011.0,1246.14,11.91,7.595,22.504667,6.5342,3978.562947,88.23,100.0,1344.0,319.270944,7.712474,104.14,7154.0,93.769444,580.0379,20.963333,5.763062,1763.257212,36.2439,100.0,303.99,7.769455,48.8621,87.347222,24.0,628.9
20251012.0,1242.62,12.31,7.629789,22.451333,6.54898,4082.913925,88.22,100.0,1344.0,328.573009,7.754551,104.46,7334.0,93.547222,580.4216,20.992333,5.788986,1789.671961,36.4573,100.0,308.34,7.83594,49.3484,87.468056,24.0,629.77
20251013.0,1237.5,12.88,7.662653,22.348833,6.450747,3875.381921,86.5,100.0,1344.0,313.162175,7.712558,103.42,6944.0,93.120139,575.9301,20.840333,5.781625,1702.852527,36.1473,100.0,295.67,7.882136,49.2799,86.834722,24.0,625.21
20251014.0,1247.29,11.75,7.217179,22.441667,6.199777,3898.629462,83.48,100.0,1344.0,312.568004,7.367991,99.21,7114.0,93.506944,580.4226,20.867,5.400121,1699.767584,33.8053,100.0,292.85,7.282216,45.5874,86.945833,24.0,626.01
20251015.0,1137.84,13.45,8.305299,20.513333,6.164283,3600.274441,75.87,100.0,1241.7,316.413067,7.552811,92.96,6569.0,85.472222,546.2421,19.565333,5.48373,1624.633254,32.1873,100.0,297.42,6.937083,40.7179,81.522222,24.0,586.96
20251016.0,1245.37,12.25,7.762873,22.385833,6.066337,3991.091091,81.48,100.0,1342.8,320.474324,7.280646,97.79,6852.0,93.274306,579.0286,20.790333,5.185856,1706.223576,32.3447,100.0,294.67,7.16381,44.6814,86.626389,24.0,623.71
20251017.0,1166.11,11.31,6.937514,20.985667,6.240768,3254.690808,78.58,100.0,1268.8,279.106672,7.388376,93.03,5496.0,87.440278,573.4582,20.549,5.156796,1792.974408,31.7901,100.0,312.66,6.977112,43.0118,85.620833,24.0,616.47
20251018.0,554.29,12.47,7.630748,10.1155,5.672713,1724.119045,34.4294,50.0,624.0,311.05,8.673158,52.64,3261.0,84.295833,554.29,20.231,5.672713,1724.119045,34.4294,100.0,311.05,8.673158,52.64,84.295833,24.0,606.93
20251019.0,510.02,11.32,7.47207,9.311333,5.455717,1602.110119,30.48,50.0,565.7,314.12692,8.711606,48.67,3058.0,77.594444,510.015,18.622667,5.455377,1602.110119,30.4781,100.0,314.13,8.710711,48.665,77.594444,24.0,558.68
20251020.0,518.32,11.77,7.318095,9.435833,5.31308,1547.548024,30.08,50.0,570.0,298.57,8.448291,47.83,3248.0,78.631944,518.32,18.871667,5.313539,1547.548024,30.0826,100.0,298.57,8.448291,47.83,78.631944,24.0,566.15
20251021.0,506.39,11.11,6.649991,9.136667,4.826706,1474.542482,26.46,50.0,540.0,291.187125,7.626779,41.81,3212.0,76.138889,506.385,18.273333,4.82749,1474.542482,26.4643,100.0,291.19,7.627691,41.815,76.138889,24.0,548.2
20251022.0,551.65,10.66,6.661955,9.929667,4.953171,1738.35948,29.51,50.0,588.1,315.12,7.407097,44.13,3561.0,82.747222,551.65,19.859333,4.952952,1738.35948,29.5087,100.0,315.12,7.407097,44.13,82.747222,24.0,595.78
20251023.0,553.74,10.75,6.623524,9.946833,4.854141,1646.933508,28.97,50.0,589.5,297.42,7.216702,43.07,3444.0,82.890278,553.74,19.893667,4.853504,1646.933508,28.9662,100.0,297.42,7.216702,43.07,82.890278,24.0,596.81
20251024.0,553.91,10.45,6.700556,9.938167,4.896946,1651.910882,29.2,50.0,587.8,298.227308,7.108957,42.39,3387.0,82.818056,553.905,19.876333,4.897634,1651.910882,29.2041,100.0,298.23,7.108119,42.385,82.818056,24.0,596.29
20251025.0,553.8,10.36,6.717511,9.941833,4.943756,1750.989031,29.49,50.0,590.2,316.177145,7.161657,42.72,3580.0,82.848611,553.795,19.883667,4.943454,1750.989031,29.4882,100.0,316.18,7.160819,42.715,82.848611,24.0,596.51
20251026.0,554.51,9.47,6.707987,9.940167,4.993209,1705.561858,29.78,50.0,590.0,307.58,7.025368,41.9,3429.0,82.834722,554.51,19.880333,4.993629,1705.561858,29.7825,100.0,307.58,7.025368,41.9,82.834722,24.0,596.41
20251027.0,548.96,9.96,6.692208,9.851167,4.982489,1686.993611,29.45,50.0,588.4,307.307201,7.124368,42.11,3473.0,82.093056,548.955,19.702333,4.982743,1686.993611,29.4515,100.0,307.31,7.125214,42.115,82.093056,24.0,591.07
20251028.0,556.16,10.42,6.772333,9.9805,4.946312,1641.895552,29.62,50.0,591.8,295.22,7.125562,42.67,3387.0,83.170833,556.16,19.961,4.946997,1641.895552,29.6241,100.0,295.22,7.125562,42.67,83.170833,24.0,598.83
20251029.0,551.16,10.37,6.814666,9.900667,5.01313,1654.291732,29.78,50.0,587.7,300.147277,7.220053,42.89,3467.0,82.505556,551.155,19.801333,5.013198,1654.291732,29.7804,100.0,300.15,7.219211,42.885,82.505556,24.0,594.04
20251030.0,560.4,10.84,6.844152,10.072,5.003971,1664.036913,30.24,50.0,597.8,296.937351,7.269328,43.93,3464.0,83.933333,560.395,20.144,5.004501,1664.036913,30.2432,100.0,296.94,7.2685,43.925,83.933333,24.0,604.32
20251031.0,563.64,10.75,6.731447,10.122833,5.006833,1582.306572,30.41,50.0,599.4,280.73,7.199895,43.73,3261.0,84.356944,563.64,20.245667,5.006652,1582.306572,30.4089,100.0,280.73,7.199895,43.73,84.356944,24.0,607.37
20251101.0,559.46,9.98,6.702048,10.027167,4.924954,1841.574482,29.63,50.0,594.0,329.17,7.009291,42.17,3775.0,83.559722,559.46,20.054333,4.925486,1841.574482,29.6332,100.0,329.17,7.009291,42.17,83.559722,24.0,601.63
20251102.0,561.83,10.03,6.568147,10.0595,4.814686,1764.917055,29.06,50.0,595.7,314.137204,6.917176,41.75,3331.0,83.829167,561.825,20.119,4.8152,1764.917055,29.0631,100.0,314.14,6.916348,41.745,83.829167,24.0,603.57
20251103.0,558.69,10.86,6.529951,10.004167,4.673053,1691.545713,28.05,50.0,595.0,302.77,6.923782,41.56,3268.0,83.368056,558.69,20.008333,4.672436,1691.545713,28.0463,100.0,302.77,6.923782,41.56,83.368056,24.0,600.25
20251104.0,557.15,11.11,6.473118,9.996833,4.651473,1682.537285,27.9,50.0,594.0,301.99,7.112252,42.66,3331.0,83.306944,557.15,19.993667,4.65149,1682.537285,27.9001,100.0,301.99,7.112252,42.66,83.306944,24.0,599.81
20251105.0,554.51,11.24,6.555033,9.940833,4.696119,1668.742394,28.01,50.0,592.0,300.94,7.031604,41.94,3253.0,82.840278,554.51,19.881667,4.696538,1668.742394,28.0125,100.0,300.94,7.031604,41.94,82.840278,24.0,596.45
20251106.0,551.43,11.03,6.500142,9.892667,4.781319,1645.411977,28.38,50.0,586.0,298.39,7.09785,42.13,3186.0,82.438889,551.43,19.785333,4.780814,1645.411977,28.377,100.0,298.39,7.09785,42.13,82.438889,24.0,593.56
20251107.0,557.81,10.9,6.510273,10.008167,4.841046,1778.967652,29.07,50.0,596.5,318.92,7.107529,42.68,3355.0,83.401389,557.81,20.016333,4.841629,1778.967652,29.0735,100.0,318.92,7.107529,42.68,83.401389,24.0,600.49
20251108.0,557.87,10.86,6.63675,10.022833,4.980295,1743.160766,29.95,50.0,600.0,312.467199,7.235146,43.51,3326.0,83.523611,557.865,20.045667,4.980628,1743.160766,29.952,100.0,312.47,7.234315,43.505,83.523611,24.0,601.37
20251109.0,556.22,9.29,6.583694,9.973333,5.023396,1806.475077,30.06,50.0,593.4,324.77708,7.050468,42.19,3244.0,83.111111,556.215,19.946667,5.023295,1806.475077,30.0594,100.0,324.78,7.049632,42.185,83.111111,24.0,598.4
20251110.0,560.07,9.95,6.666622,10.045667,4.990543,1737.993708,30.08,50.0,597.7,310.31723,7.079338,42.67,3329.0,83.713889,560.065,20.091333,4.990991,1737.993708,30.0827,100.0,310.32,7.080167,42.675,83.713889,24.0,602.74
20251111.0,555.61,10.04,6.578232,9.963333,4.918033,1740.72613,29.4,50.0,593.6,313.3,7.057544,42.19,3328.0,83.027778,555.61,19.926667,4.917999,1740.72613,29.3998,100.0,313.3,7.057544,42.19,83.027778,24.0,597.8
20251112.0,556.16,10.34,6.756889,9.988333,5.032538,1679.04704,30.16,50.0,597.6,301.9,7.198398,43.14,3387.0,83.236111,556.16,19.976667,5.032271,1679.04704,30.1584,100.0,301.9,7.198398,43.14,83.236111,24.0,599.3
20251113.0,559.79,10.11,6.775726,10.052167,5.066901,1759.531928,30.56,50.0,599.8,314.32,7.185847,43.34,3501.0,83.768056,559.79,20.104333,5.066901,1759.531928,30.56,100.0,314.32,7.185847,43.34,83.768056,24.0,603.13
20251114.0,550.33,10.32,6.841238,9.893667,5.10596,1771.072006,30.31,50.0,591.2,321.82,7.292544,43.29,3631.0,82.447222,550.33,19.787333,5.106449,1771.072006,30.3129,100.0,321.82,7.292544,43.29,82.447222,24.0,593.62
20251115.0,548.52,10.3,6.838551,9.853667,5.052265,1769.344836,29.87,50.0,588.3,322.56706,7.222354,42.7,3697.0,82.113889,548.515,19.707333,5.052755,1769.344836,29.8729,100.0,322.57,7.223199,42.705,82.113889,24.0,591.22
20251116.0,551.1,9.92,6.842455,9.898833,5.094877,1766.55105,30.26,50.0,587.3,320.55,7.211288,42.83,3769.0,82.490278,551.1,19.797667,5.094775,1766.55105,30.2594,100.0,320.55,7.211288,42.83,82.490278,24.0,593.93
20251117.0,560.89,10.46,6.882435,10.080833,5.093825,1781.162284,30.81,50.0,600.0,317.56,7.267918,43.96,3760.0,84.006944,560.89,20.161667,5.094602,1781.162284,30.8147,100.0,317.56,7.267918,43.96,84.006944,24.0,604.85
20251118.0,558.47,10.68,6.758561,10.027833,4.981136,1729.358202,29.97,50.0,600.0,309.66,7.180016,43.2,3831.0,83.565278,558.47,20.055667,4.981651,1729.358202,29.9731,100.0,309.66,7.180016,43.2,83.565278,24.0,601.67
20251119.0,551.43,10.96,6.720261,9.903167,4.905838,1757.297124,29.15,50.0,594.4,318.68,7.196351,42.76,3719.0,82.526389,551.43,19.806333,4.906158,1757.297124,29.1519,100.0,318.68,7.196351,42.76,82.526389,24.0,594.19
20251120.0,547.97,11.46,6.827179,9.858833,4.985377,1778.310814,29.49,50.0,589.9,324.527039,7.363954,43.56,4051.0,82.156944,547.965,19.717667,4.984802,1778.310814,29.4866,100.0,324.53,7.3648,43.565,82.156944,24.0,591.53
20251121.0,553.14,10.52,6.643901,9.937167,4.904148,1652.656753,29.24,50.0,582.5,298.777299,7.227077,43.09,3426.0,82.809722,553.135,19.874333,4.903879,1652.656753,29.2384,100.0,298.78,7.227915,43.095,82.809722,24.0,596.23
20251122.0,536.64,10.31,6.49936,9.688833,4.792459,1631.20941,27.86,50.0,577.8,303.967168,7.687544,44.69,3234.0,80.740278,536.635,19.377667,4.791788,1631.20941,27.8561,100.0,303.97,7.688404,44.695,80.740278,24.0,581.33
20251123.0,533.23,9.69,6.797186,9.803667,5.045731,1738.10021,29.68,50.0,584.5,325.956944,9.348543,54.99,3457.0,81.697222,533.225,19.607333,5.046292,1738.10021,29.6833,100.0,325.96,9.349393,54.995,81.697222,24.0,588.22
20251124.0,856.46,9.71,6.320327,15.589333,7.002651,3811.772372,65.5,79.895833,989.4,445.061342,8.435255,78.9,6551.0,81.300304,561.7994,20.059,4.62695,1555.173099,27.8436,100.0,276.82,6.642172,39.9706,83.579167,24.0,601.77
20251125.0,1000.07,11.58,6.651629,17.9165,5.656797,3476.878818,60.81,100.0,1071.0,347.663545,6.970297,74.93,6061.0,74.652083,544.9946,19.366667,4.412943,1768.18048,25.6392,100.0,324.44,6.197143,36.0054,80.694444,24.0,581.0
20251126.0,929.34,11.15,6.514666,16.6975,5.841194,2865.166502,58.52,100.0,1003.3,308.301214,7.238609,72.52,5255.0,69.572917,533.4464,19.006333,4.451639,1512.533923,25.3828,100.0,283.54,6.444098,36.7436,79.193056,24.0,570.19
20251127.0,931.26,11.54,6.498286,16.7215,5.733138,2799.997212,57.52,100.0,1002.5,300.667613,7.17938,72.03,5619.0,69.672917,517.7033,18.448333,4.379167,1491.91737,24.2365,100.0,288.18,6.458885,35.7467,76.868056,24.0,553.45
20251128.0,920.21,11.66,6.631221,16.551,5.874771,2975.378795,58.34,100.0,992.0,323.336933,7.336918,72.86,5865.0,68.9625,519.6646,18.510667,4.421109,1539.922109,24.5513,100.0,296.33,6.420694,35.6554,77.127778,24.0,555.32
20251129.0,901.29,13.58,7.739832,16.2095,5.654092,2859.451731,54.99,100.0,971.3,317.262117,7.330064,71.29,5772.0,67.539583,457.1104,16.29,4.872089,1446.754416,23.8099,100.0,316.5,6.464007,31.5896,67.875,24.0,488.7
20251130.0,827.53,10.81,6.616999,14.890333,5.927783,2157.075955,52.96,100.0,891.4,260.664381,7.375031,65.89,4270.0,62.043056,511.1692,18.126,4.241311,1391.198095,23.0634,100.0,272.16,5.997058,32.6108,75.525,24.0,543.78
20251201.0,799.65,11.0,7.001905,14.422167,6.053182,3017.84592,52.38,100.0,862.6,377.395851,7.590168,65.68,5646.0,60.092361,504.1715,17.906333,4.430779,1703.343413,23.8017,100.0,337.85,6.146522,33.0185,74.609722,24.0,537.19
20251202.0,825.83,11.53,7.217898,14.897333,6.043587,2575.70342,54.02,100.0,889.3,311.892692,7.608744,68.01,5060.0,62.072222,525.5241,18.662667,4.481675,1577.413139,25.092,100.0,300.16,6.136297,34.3559,77.761111,24.0,559.88
20251203.0,783.31,11.79,7.443732,14.1325,6.012147,1972.275891,50.98,99.9375,896.4,251.787401,7.62427,64.65,3935.0,58.922243,507.7746,18.001667,4.429997,1573.796595,23.9242,100.0,309.94,5.976373,32.2754,75.006944,24.0,540.05
20251204.0,512.27,12.33,7.246419,9.281,5.161082,1617.082709,28.74,50.0,552.0,315.67,8.007399,44.59,3516.0,77.341667,512.27,18.562,5.160543,1617.082709,28.737,100.0,315.67,8.007399,44.59,77.341667,24.0,556.86
20251205.0,510.35,12.42,6.968477,9.282667,4.977018,1557.726044,27.72,50.0,552.8,305.22701,8.37044,46.62,3465.0,77.355556,510.345,18.565333,4.976156,1557.726044,27.7152,100.0,305.23,8.369542,46.615,77.355556,24.0,556.96
20251206.0,549.67,12.09,7.00446,9.934333,5.028017,1640.435148,29.97,50.0,599.4,298.44,7.782774,46.39,3472.0,82.786111,549.67,19.868667,5.028084,1640.435148,29.9704,100.0,298.44,7.782774,46.39,82.786111,24.0,596.06
20251207.0,520.36,10.46,6.81785,9.3665,4.953825,1701.612886,27.84,50.0,562.1,327.006858,7.409385,41.64,3604.0,78.054167,520.355,18.733,4.953113,1701.612886,27.836,100.0,327.01,7.408495,41.635,78.054167,24.0,561.99
20251208.0,516.51,10.98,6.778046,9.3475,4.908621,1595.9488,27.53,50.0,559.8,308.987009,7.90764,44.35,3415.0,77.895833,516.505,18.695,4.909191,1595.9488,27.5332,100.0,308.99,7.906749,44.345,77.895833,24.0,560.85
20251209.0,525.36,11.67,6.951406,9.5025,5.049548,1522.545816,28.79,50.0,559.8,289.81,7.855827,44.79,3460.0,79.1875,525.36,19.005,5.048952,1522.545816,28.7866,100.0,289.81,7.855827,44.79,79.1875,24.0,570.15
20251210.0,547.36,11.33,7.056974,9.895333,5.16405,1594.131264,30.66,50.0,593.6,291.24,7.808395,46.36,3558.0,82.461111,547.36,19.790667,5.163394,1594.131264,30.6561,100.0,291.24,7.808395,46.36,82.461111,24.0,593.72
20251211.0,560.62,10.99,6.935876,10.110667,5.106818,1748.277878,30.98,50.0,599.1,311.847219,7.587696,46.03,3722.0,84.255556,560.615,20.221333,5.106768,1748.277878,30.9797,100.0,311.85,7.586872,46.025,84.255556,24.0,606.64
20251212.0,558.2,11.06,6.831922,10.058167,5.019139,1690.437738,30.29,50.0,597.1,302.837287,7.504681,45.29,3665.0,83.818056,558.195,20.116333,5.01899,1690.437738,30.2891,100.0,302.84,7.50551,45.295,83.818056,24.0,603.49
20251213.0,562.1,10.93,6.698901,10.122333,4.924754,1679.72343,29.91,50.0,598.8,298.83,7.448875,45.24,3584.0,84.352778,562.1,20.244667,4.925396,1679.72343,29.9139,100.0,298.83,7.448875,45.24,84.352778,24.0,607.34
20251214.0,560.12,9.92,6.531287,10.037333,4.820337,1774.236112,29.03,50.0,593.6,316.76,6.993889,42.12,3601.0,83.644444,560.12,20.074667,4.820138,1774.236112,29.0288,100.0,316.76,6.993889,42.12,83.644444,24.0,602.24
20251215.0,558.31,10.82,6.648785,10.029667,4.862242,1734.932788,29.26,50.0,595.4,310.747217,7.225232,43.48,3584.0,83.580556,558.305,20.059333,4.862741,1734.932788,29.263,100.0,310.75,7.224401,43.475,83.580556,24.0,601.78
20251216.0,562.87,11.31,6.783561,10.131833,4.951391,1767.130365,30.1,50.0,599.4,313.95,7.408991,45.04,3893.0,84.431944,562.87,20.263667,4.95121,1767.130365,30.0989,100.0,313.95,7.408991,45.04,84.431944,24.0,607.91
20251217.0,553.96,11.07,6.731005,9.958333,4.930544,1719.658028,29.46,50.0,587.9,310.43,7.287029,43.54,3745.0,82.986111,553.96,19.916667,4.930946,1719.658028,29.4624,100.0,310.43,7.287029,43.54,82.986111,24.0,597.5
20251218.0,551.1,11.69,6.760453,9.927833,4.942334,1764.51198,29.44,50.0,591.9,320.18,7.482331,44.57,3874.0,82.731944,551.1,19.855667,4.941679,1764.51198,29.4361,100.0,320.18,7.482331,44.57,82.731944,24.0,595.67
20251219.0,557.1,12.29,6.790592,10.031833,4.932631,1726.437405,29.69,50.0,599.5,309.897219,7.446296,44.82,3832.0,83.598611,557.095,20.063667,4.932399,1726.437405,29.6886,100.0,309.9,7.445465,44.815,83.598611,24.0,601.91
20251220.0,550.44,12.46,6.825826,9.924667,4.960704,1694.034144,29.54,50.0,596.7,307.76,7.563646,45.04,3643.0,82.705556,550.44,19.849333,4.960335,1694.034144,29.5378,100.0,307.76,7.563646,45.04,82.705556,24.0,595.48
20251221.0,546.54,11.31,6.836092,9.842333,5.017442,1732.133376,29.63,50.0,584.1,316.927101,7.452501,44.01,3547.0,82.019444,546.535,19.684667,5.017814,1732.133376,29.6322,100.0,316.93,7.451654,44.005,82.019444,24.0,590.54
20251222.0,543.57,12.1,6.992457,9.812333,5.102422,1716.469557,30.04,50.0,584.0,315.777095,7.674016,45.18,3785.0,81.769444,543.565,19.624667,5.103017,1716.469557,30.0435,100.0,315.78,7.673166,45.175,81.769444,24.0,588.74
20251223.0,547.47,13.34,7.195285,9.917667,5.231405,1692.996228,31.13,50.0,594.8,309.24,7.997513,47.59,3957.0,82.647222,547.47,19.835333,5.231472,1692.996228,31.1304,100.0,309.24,7.997513,47.59,82.647222,24.0,595.06
20251224.0,548.24,13.11,7.016327,9.9135,5.087339,1692.636176,30.26,50.0,594.0,308.74,7.829391,46.57,3979.0,82.6125,548.24,19.827,5.087154,1692.636176,30.2589,100.0,308.74,7.829391,46.57,82.6125,24.0,594.81
20251225.0,540.49,13.7,6.98631,9.78,5.023858,1623.292649,29.48,50.0,583.9,300.337222,7.893661,46.32,3879.0,81.5,540.485,19.56,5.024489,1623.292649,29.4837,100.0,300.34,7.892808,46.315,81.5,24.0,586.8
20251226.0,542.3,13.47,6.789544,9.789833,4.851972,1603.74379,28.5,50.0,586.7,295.73,7.677012,45.094,3658.0,81.581944,542.3,19.579667,4.852296,1603.74379,28.5019,100.0,295.73,7.676331,45.09,81.581944,24.0,587.39
20251227.0,546.37,13.21,6.782857,9.858333,4.858833,1730.790886,28.74,50.0,594.7,316.78,7.629755,45.13,3823.0,82.152778,546.37,19.716667,4.85836,1730.790886,28.7372,100.0,316.78,7.629755,45.13,82.152778,24.0,591.5
20251228.0,545.71,12.91,6.737813,9.836333,4.823952,1730.009842,28.47,50.0,591.5,317.02,7.534989,44.47,3832.0,81.969444,545.71,19.672667,4.823783,1730.009842,28.469,100.0,317.02,7.534989,44.47,81.969444,24.0,590.18
20251229.0,548.24,12.44,6.820605,9.886167,4.953049,1539.403096,29.38,50.0,591.8,280.79,7.574557,44.93,3410.0,82.384722,548.24,19.772333,4.952644,1539.403096,29.3776,100.0,280.79,7.574557,44.93,82.384722,24.0,593.17
20251230.0,545.99,12.29,6.903009,9.851667,5.017763,1636.317045,29.66,50.0,588.2,299.697255,7.633226,45.12,3510.0,82.097222,545.985,19.703333,5.018254,1636.317045,29.6629,100.0,299.7,7.63238,45.115,82.097222,24.0,591.1
20251231.0,543.46,12.3,6.958281,9.813167,5.071418,1778.402142,29.86,50.0,583.7,327.236989,7.69884,45.33,3824.0,81.776389,543.455,19.626333,5.071418,1778.402142,29.86,100.0,327.24,7.699689,45.335,81.776389,24.0,588.79
20260101.0,519.37,9.35,6.748919,9.329833,5.01974,1580.427695,28.1,50.0,552.4,304.29707,7.220565,40.42,3311.0,77.748611,519.365,18.659667,5.020543,1580.427695,28.1045,100.0,304.3,7.221458,40.425,77.748611,24.0,559.79
20260102.0,532.35,9.87,6.675838,9.558667,4.913517,1630.998611,28.18,50.0,568.3,306.377122,7.178477,41.17,3458.0,79.655556,532.345,19.117333,4.913115,1630.998611,28.1777,100.0,306.38,7.179349,41.175,79.655556,24.0,573.52
20260103.0,531.58,10.87,6.676773,9.561167,4.893057,1598.392868,28.07,50.0,569.8,300.687172,7.336971,42.09,3474.0,79.676389,531.575,19.122333,4.89229,1598.392868,28.0656,100.0,300.69,7.337842,42.095,79.676389,24.0,573.67
20260104.0,546.59,12.04,6.916595,9.8615,5.043181,1641.847042,29.84,50.0,589.1,300.38,7.622235,45.1,3663.0,82.179167,546.59,19.723,5.043672,1641.847042,29.8429,100.0,300.38,7.622235,45.1,82.179167,24.0,591.69
20260105.0,543.4,12.25,6.787738,9.794833,4.909051,1690.46306,28.85,50.0,587.7,311.09,7.536286,44.29,3528.0,81.623611,543.4,19.589667,4.908523,1690.46306,28.8469,100.0,311.09,7.536286,44.29,81.623611,24.0,587.69
20260106.0,539.77,12.5,6.762825,9.726167,4.789485,1641.548524,27.95,50.0,585.5,304.12,7.505526,43.8,3479.0,81.051389,539.77,19.452333,4.789897,1641.548524,27.9524,100.0,304.12,7.505526,43.8,81.051389,24.0,583.57
20260107.0,527.78,12.71,6.815119,9.5285,4.8731,1545.128728,27.86,50.0,572.9,292.76,7.683966,43.93,3305.0,79.404167,527.78,19.057,4.873083,1545.128728,27.8599,100.0,292.76,7.683966,43.93,79.404167,24.0,571.71
20260108.0,522.94,12.93,6.969783,9.460833,5.020699,1586.33849,28.5,50.0,572.2,303.35,7.876332,44.71,3997.0,78.840278,522.94,18.921667,5.021563,1586.33849,28.5049,100.0,303.35,7.876332,44.71,78.840278,24.0,567.65
20260109.0,523.38,12.76,6.769292,9.45,4.87478,1561.137864,27.64,50.0,573.4,298.28,7.693122,43.62,3926.0,78.75,523.38,18.9,4.874162,1561.137864,27.6365,100.0,298.28,7.693122,43.62,78.75,24.0,567.0
20260110.0,526.74,12.47,6.668396,9.501,4.853875,1559.240947,27.67,50.0,572.6,296.01719,7.600954,43.33,3982.0,79.175,526.735,19.002,4.853629,1559.240947,27.6686,100.0,296.02,7.600077,43.325,79.175,24.0,570.06
20260111.0,510.18,12.71,6.565652,9.1975,4.678808,1460.492286,25.82,50.0,554.7,286.27,7.550965,41.67,3939.0,76.645833,510.18,18.395,4.678264,1460.492286,25.817,100.0,286.27,7.550965,41.67,76.645833,24.0,551.85
20260112.0,526.46,13.5,6.836329,9.518,4.895987,1485.512182,27.96,50.0,571.9,282.17,7.813266,44.62,3924.0,79.316667,526.46,19.036,4.895724,1485.512182,27.9585,100.0,282.17,7.813266,44.62,79.316667,24.0,571.08
20260113.0,525.25,13.47,6.906722,9.507667,4.999474,1524.4856,28.52,50.0,573.1,290.24,7.925183,45.21,4007.0,79.230556,525.25,19.015333,5.000193,1524.4856,28.5241,100.0,290.24,7.925183,45.21,79.230556,24.0,570.46
20260114.0,519.81,13.48,6.818122,9.406333,4.89741,1504.679534,27.64,50.0,570.6,289.467216,7.898933,44.58,3871.0,78.386111,519.805,18.812667,4.898065,1504.679534,27.6437,100.0,289.47,7.898047,44.575,78.386111,24.0,564.38
20260115.0,539.77,13.55,6.969738,9.767667,5.037027,1576.722147,29.52,50.0,591.0,292.11,7.898509,46.29,4036.0,81.397222,539.77,19.535333,5.03672,1576.722147,29.5182,100.0,292.11,7.898509,46.29,81.397222,24.0,586.06
20260116.0,525.47,13.38,6.858609,9.503333,4.950894,1550.451782,28.23,50.0,572.8,295.06,7.844616,44.73,3860.0,79.194444,525.47,19.006667,4.950228,1550.451782,28.2262,100.0,295.06,7.844616,44.73,79.194444,24.0,570.2
20260117.0,466.56,11.76,6.754483,8.445833,5.0222,1433.412288,25.45,50.0,507.5,307.23,7.930932,40.19,3684.0,70.381944,466.56,16.891667,5.02151,1433.412288,25.4465,100.0,307.23,7.930932,40.19,70.381944,24.0,506.75
20260118.0,473.55,13.18,6.778856,8.565167,4.683699,1357.999335,24.07,50.0,514.3,286.77,7.851569,40.35,3553.0,71.376389,473.55,17.130333,4.684575,1357.999335,24.0745,100.0,286.77,7.853515,40.36,71.376389,24.0,513.91
20260119.0,449.46,13.25,6.788821,8.156167,4.826614,1355.481468,23.62,50.0,489.7,301.58,8.155383,39.91,3584.0,67.968056,449.46,16.312333,4.82596,1355.481468,23.6168,100.0,301.58,8.155383,39.91,67.968056,24.0,489.37
20260120.0,488.18,13.66,6.827634,8.844667,4.846612,1458.291296,25.72,50.0,535.4,298.72,8.008593,42.5,3850.0,73.705556,488.18,17.689333,4.84616,1458.291296,25.7176,100.0,298.72,8.008593,42.5,73.705556,24.0,530.68
20260121.0,488.51,13.71,6.820926,8.943833,4.837598,1402.170253,25.96,50.0,538.0,287.03,8.967072,48.12,3381.0,74.531944,488.51,17.887667,4.837728,1402.170253,25.9607,100.0,287.03,8.967072,48.12,74.531944,24.0,536.63
20260122.0,802.95,12.68,6.371334,14.625333,6.664236,3573.753937,58.48,80.666667,947.4,445.078017,8.497812,74.57,7064.0,75.544077,511.62,18.350333,4.402263,1604.337996,24.2349,100.0,313.58,7.064359,38.89,76.459722,24.0,550.51
20260123.0,1043.41,13.82,6.943509,18.719667,5.607294,3244.778582,62.98,100.0,1121.1,310.978291,7.103047,79.78,6906.0,77.998611,554.1016,19.798667,4.708751,1636.095794,27.9681,100.0,295.27,6.71062,39.8584,82.494444,24.0,593.96
20260124.0,986.21,15.77,7.976535,17.687833,5.304023,3005.161722,56.29,100.0,1054.5,304.718237,7.0736,75.07,6660.0,73.699306,497.5388,17.672667,5.327455,1603.66706,28.2451,100.0,322.32,6.156626,32.6412,73.636111,24.0,530.18
20260125.0,923.56,14.88,7.984765,16.609667,5.54396,2947.687061,55.25,100.0,992.1,319.165735,7.327059,73.02,6381.0,69.206944,435.6853,15.576333,5.797963,1412.491743,27.0933,100.0,324.2,6.763402,31.6047,64.901389,24.0,467.29
20260126.0,1092.25,15.68,7.900789,19.605833,5.533217,2986.795189,65.09,100.0,1178.1,273.453439,7.149233,84.1,6622.0,81.690972,562.73,20.039333,5.330517,1325.510515,32.046,100.0,235.55,6.395755,38.45,83.497222,24.0,601.18
20260314.0,1050.83,14.97,7.632942,18.869333,5.600798,3947.800391,63.41,99.583333,1178.1,375.68402,6.444319,72.96,6984.0,78.951185,558.0788,19.983,6.190579,2569.673835,37.1119,99.166667,460.45,6.907738,41.4112,83.962185,23.8,599.49
20260315.0,846.56,14.44,7.825621,15.2495,5.642808,2838.478314,51.63,100.0,918.9,335.295586,7.477841,68.42,5288.0,63.539583,352.5669,12.771667,6.439045,1237.051482,24.6712,100.0,350.87,7.982017,30.5831,53.215278,24.0,383.15
20260316.0,858.99,15.16,8.032137,15.506667,5.786758,2637.860422,53.84,100.0,932.6,307.088607,7.675193,71.41,5023.0,64.611111,363.0493,13.180667,6.704744,1252.846829,26.5119,100.0,345.09,8.186409,32.3707,54.919444,24.0,395.42
20260317.0,905.63,13.81,7.047281,16.273833,5.603064,2745.611058,54.71,100.0,970.9,303.17139,7.250904,70.8,5376.0,67.807639,484.6445,17.398333,4.798736,1411.381713,25.047,100.0,291.22,7.147332,37.3055,72.493056,24.0,521.95
20260318.0,836.22,14.11,7.057647,15.0695,5.68809,2641.250813,51.43,100.0,901.4,315.855972,7.514074,67.94,5316.0,62.789583,462.1836,16.604667,4.771329,1413.588541,23.7679,100.0,305.85,7.218131,35.9564,69.186111,24.0,498.14
20260319.0,857.29,13.79,6.788432,15.421,5.625446,2753.73037,52.05,100.0,924.5,321.213402,7.347124,67.98,5557.0,64.254167,465.9327,16.710667,4.537302,1362.433808,22.7464,100.0,292.41,7.058825,35.3873,69.627778,24.0,501.32
20260320.0,994.68,14.08,6.806539,17.850833,5.564633,3099.134246,59.6,100.0,1067.9,311.570982,7.130386,76.37,6039.0,74.378472,494.7114,17.780667,4.641221,1397.708118,24.7572,100.0,282.53,7.256683,38.7086,74.086111,24.0,533.42
20260321.0,1007.77,14.16,6.802937,18.066,5.453153,3058.327272,59.11,100.0,1081.2,303.474729,7.02978,76.2,6035.0,75.275,520.7004,18.691667,4.644476,1471.811751,26.0439,100.0,282.66,7.142149,40.0496,77.881944,24.0,560.75
20260322.0,1033.62,13.28,6.627024,18.5595,5.718545,3341.055872,63.68,100.0,1114.8,323.238315,7.18051,79.96,6588.0,77.33125,523.0173,18.789667,4.590821,1499.176789,25.878,100.0,286.64,7.215438,40.6727,78.290278,24.0,563.69
20260323.0,1077.29,13.2,6.964012,19.357833,5.874452,3137.274474,68.23,100.0,1164.4,291.219121,7.248573,84.19,6023.3,80.657639,526.3734,18.942333,4.868953,1409.891152,27.6688,100.0,267.85,7.372657,41.8966,78.926389,24.0,568.27
20260324.0,1047.59,14.27,7.153151,18.878167,5.983985,3328.933619,67.78,100.0,1137.9,317.770656,7.513088,85.1,6271.0,78.659028,509.5797,18.382,4.903257,1421.166825,27.0395,100.0,278.89,7.59444,41.8803,76.591667,24.0,551.46
20260325.0,922.9,13.96,7.070911,16.5935,5.667882,2861.485566,56.43,100.0,992.0,310.053697,7.30306,72.71,5625.0,69.139583,502.7855,18.038667,4.802314,1471.200652,25.9882,100.0,292.61,7.091156,38.3745,75.161111,24.0,541.16
20260326.0,894.74,16.97,8.26565,16.188333,5.874601,2921.628809,57.06,100.0,982.1,326.533832,7.88222,76.56,5836.0,67.451389,405.785,14.658333,6.52896,1511.873753,28.7111,100.0,372.58,7.723707,33.965,61.076389,24.0,439.75
20260327.0,868.18,14.36,6.936267,15.631833,5.677517,2391.129582,53.25,100.0,913.3,275.418644,7.435681,69.74,4813.0,65.132639,488.5131,17.517667,4.63298,1277.657162,24.3477,100.0,261.54,7.043727,37.0169,72.990278,24.0,525.53
20260328.0,776.6,15.09,7.443489,14.053667,5.841892,2630.294892,49.26,100.0,845.9,338.693651,7.900666,66.62,5322.0,58.556944,487.0014,17.447667,4.741455,1529.038296,24.8182,100.0,313.97,6.959593,36.4286,72.698611,24.0,523.43
20260329.0,979.77,12.93,6.688306,17.591,5.70971,3233.554975,60.2637,100.0,1056.6,330.032046,7.171281,75.69,6175.0,73.295833,499.901,17.928333,4.596096,1543.744278,24.7201,100.0,308.81,7.055685,37.949,74.701389,24.0,537.85
20260330.0,919.66,13.24,6.672903,16.5125,5.59677,2736.198062,55.45,100.0,994.1,297.522787,7.176382,71.1,5295.0,68.802083,490.9621,17.621333,4.595131,1354.22076,24.2917,100.0,275.83,7.127327,37.6779,73.422222,24.0,528.64
20260331.0,887.1,13.19,6.853486,15.942333,5.631756,2774.659414,53.87,100.0,956.9,312.778651,7.260543,69.45,5438.0,66.426389,488.4506,17.486,4.640779,1513.268804,24.3446,100.0,309.81,6.8873,36.1294,72.858333,24.0,524.58
20260401.0,853.22,13.46,7.113052,15.347,5.633023,2681.956628,51.87,100.0,921.5,314.33354,7.342369,67.61,5147.6,63.945833,520.1055,18.566333,4.64766,1502.948863,25.887,100.0,288.97,6.622112,36.8845,77.359722,24.0,556.99
20260402.0,913.22,13.47,6.772329,16.391667,5.524148,2781.944259,54.33,100.0,989.2,304.630238,7.145907,70.28,5422.0,68.298611,531.9236,19.020667,4.589464,1542.57844,26.1884,100.0,290.0,6.781466,38.6964,79.252778,24.0,570.62
20260403.0,885.56,14.53,7.116144,15.952,5.701479,2134.029275,54.57,95.729167,957.6,240.980766,7.477641,71.57,4420.0,69.431991,531.6625,19.059667,4.795082,1567.447383,27.4178,100.0,294.82,7.017874,40.1275,79.415278,24.0,571.79
20260404.0,513.21,13.87,7.266517,9.329833,5.160864,1515.904929,28.89,50.0,563.1,295.377122,8.322764,46.59,3506.0,77.748611,513.205,18.659667,5.161078,1515.904929,28.8912,100.0,295.38,8.321871,46.585,77.748611,24.0,559.79
20260405.0,504.46,11.56,7.092782,9.130333,5.160454,1522.561172,28.27,50.0,559.1,301.82,7.915009,43.36,3291.0,76.086111,504.46,18.260667,5.161166,1522.561172,28.2739,100.0,301.82,7.915009,43.36,76.086111,24.0,547.82
20260406.0,510.68,12.98,7.305634,9.375167,5.265684,1543.208783,29.62,50.0,564.4,302.187041,9.214058,51.83,3468.0,78.126389,510.675,18.750333,5.265773,1543.208783,29.6205,100.0,302.19,9.214947,51.835,78.126389,24.0,562.51
20260407.0,503.42,13.73,7.138913,9.146333,5.067605,1490.511132,27.81,50.0,552.6,296.077059,8.26743,45.37,3468.0,76.219444,503.415,18.292667,5.068042,1490.511132,27.8124,100.0,296.08,8.266518,45.365,76.219444,24.0,548.78
20260408.0,509.52,13.91,7.021185,9.233167,4.956768,1500.02688,27.46,50.0,559.1,294.4,8.027221,44.47,3482.0,76.943056,509.52,18.466333,4.9574,1500.02688,27.4635,100.0,294.4,8.027221,44.47,76.943056,24.0,553.99
20260409.0,510.84,14.61,7.218112,9.286167,5.111546,1475.56134,28.48,50.0,560.8,288.85,8.315236,46.33,3416.0,77.384722,510.84,18.572333,5.11203,1475.56134,28.4827,100.0,288.85,8.315236,46.33,77.384722,24.0,557.17
20260410.0,504.24,14.22,7.20225,9.166667,5.114545,1475.002848,28.13,50.0,554.4,292.52,8.32,45.76,3338.0,76.388889,504.24,18.333333,5.1146,1475.002848,28.1303,100.0,292.52,8.32,45.76,76.388889,24.0,550.0
20260411.0,509.19,13.01,7.161293,9.237833,5.177982,1402.054665,28.7,50.0,555.5,275.35,8.13322,45.08,3071.4,76.981944,509.19,18.475667,5.17874,1402.054665,28.7042,100.0,275.35,8.13322,45.08,76.981944,24.0,554.27
20260412.0,510.79,12.46,7.140479,9.248833,5.126773,1536.134809,28.45,50.0,556.5,300.737056,7.955958,44.15,3348.0,77.073611,510.785,18.497667,5.127421,1536.134809,28.4536,100.0,300.74,7.955057,44.145,77.073611,24.0,554.93
20260413.0,509.63,13.96,7.246332,9.249333,5.166138,1546.268383,28.67,50.0,556.3,303.41,8.168156,45.33,3574.0,77.077778,509.63,18.498667,5.166571,1546.268383,28.6724,100.0,303.41,8.168156,45.33,77.077778,24.0,554.96
20260414.0,505.51,13.96,7.115069,9.162833,5.054841,1493.969477,27.79,50.0,552.1,295.537077,8.052458,44.27,3380.0,76.356944,505.505,18.325667,5.054332,1493.969477,27.7872,100.0,295.54,8.051549,44.265,76.356944,24.0,549.77
20260415.0,517.17,13.48,7.104084,9.361,5.077805,1635.534313,28.52,50.0,563.3,316.246942,7.922943,44.5,3542.0,78.008333,517.165,18.722,5.076915,1635.534313,28.515,100.0,316.25,7.922052,44.495,78.008333,24.0,561.66
20260416.0,511.56,13.37,7.198467,9.266,5.135262,1586.332055,28.55,50.0,554.8,310.096969,7.987985,44.41,3524.0,77.216667,511.555,18.532,5.136125,1586.332055,28.5548,100.0,310.1,7.987085,44.405,77.216667,24.0,555.96
20260417.0,510.84,13.84,7.294338,9.264667,5.179175,1582.122564,28.79,50.0,556.9,309.71,8.102468,45.04,3530.0,77.205556,510.84,18.529333,5.178294,1582.122564,28.7851,100.0,309.71,8.102468,45.04,77.205556,24.0,555.88
20260418.0,515.13,13.01,7.146428,9.314833,5.090447,1625.595741,28.45,50.0,555.3,315.57,7.829806,43.76,3679.0,77.623611,515.13,18.629667,5.089767,1625.595741,28.4462,100.0,315.57,7.829806,43.76,77.623611,24.0,558.89
20260419.0,522.45,12.23,7.032943,9.429833,5.072553,1610.854669,28.7,50.0,563.9,308.327049,7.660086,43.34,3413.0,78.581944,522.445,18.859667,5.072854,1610.854669,28.7017,100.0,308.33,7.66097,43.345,78.581944,24.0,565.79
20260420.0,522.94,12.83,7.068411,9.446833,5.079303,1677.173168,28.79,50.0,565.3,320.72,7.739807,43.87,3701.0,78.723611,522.94,18.893667,5.078686,1677.173168,28.7865,100.0,320.72,7.739807,43.87,78.723611,24.0,566.81
20260421.0,511.34,13.59,7.009216,9.245833,4.977017,1450.810796,27.61,50.0,554.0,283.727226,7.826949,43.42,3313.7,77.048611,511.335,18.491667,4.977341,1450.810796,27.6118,100.0,283.73,7.826048,43.415,77.048611,24.0,554.75
20260422.0,511.17,13.52,6.953184,9.240667,4.956352,1424.272971,27.48,50.0,553.5,278.63,7.804271,43.27,3289.2,77.005556,511.17,18.481333,4.95601,1424.272971,27.4781,100.0,278.63,7.804271,43.27,77.005556,24.0,554.44
20260423.0,513.48,13.65,6.842534,9.269167,4.82244,1569.9651,26.82,50.0,552.5,305.75,7.672391,42.67,3612.0,77.243056,513.48,18.538333,4.822961,1569.9651,26.8229,100.0,305.75,7.672391,42.67,77.243056,24.0,556.15
20260424.0,513.43,13.28,6.721423,9.2535,4.735145,1504.386592,26.29,50.0,552.8,293.007147,7.526882,41.79,3701.0,77.1125,513.425,18.507,4.735001,1504.386592,26.2892,100.0,293.01,7.525981,41.785,77.1125,24.0,555.21
20260425.0,510.46,13.56,6.716888,9.206667,4.74113,1499.614699,26.19,50.0,552.3,293.777122,7.592324,41.94,3742.0,76.722222,510.455,18.413333,4.741057,1499.614699,26.1896,100.0,293.78,7.59323,41.945,76.722222,24.0,552.4
20260426.0,514.25,12.97,6.655965,9.26,4.708423,1403.9025,26.16,50.0,554.8,273.0,7.442405,41.35,3424.0,77.166667,514.25,18.52,4.708405,1403.9025,26.1599,100.0,273.0,7.442405,41.35,77.166667,24.0,555.6
20260427.0,514.53,13.91,6.745322,9.284,4.741132,1478.024515,26.41,50.0,556.9,287.257209,7.633204,42.52,3530.6,77.366667,514.525,18.568,4.741401,1478.024515,26.4115,100.0,287.26,7.632306,42.515,77.366667,24.0,557.04
20260428.0,513.76,13.55,6.680965,9.260333,4.713653,1491.893145,26.19,50.0,553.1,290.387174,7.533926,41.86,3594.0,77.169444,513.755,18.520667,4.713545,1491.893145,26.1894,100.0,290.39,7.534826,41.865,77.169444,24.0,555.62
20260429.0,509.25,13.52,6.494352,9.178333,4.545124,1452.723212,25.03,50.0,552.0,285.267199,7.5286,41.46,3455.0,76.486111,509.245,18.356667,4.545015,1452.723212,25.0294,100.0,285.27,7.527692,41.455,76.486111,24.0,550.7
20260430.0,510.46,12.53,6.473545,9.153667,4.530061,1564.391439,24.88,50.0,553.0,306.466998,7.059102,38.77,3487.0,76.280556,510.455,18.307333,4.529187,1564.391439,24.8752,100.0,306.47,7.058192,38.765,76.280556,24.0,549.22
20260501.0,508.37,9.28,6.575912,9.099667,4.796879,1568.661881,26.19,50.0,552.9,308.566965,6.888531,37.61,3112.0,75.830556,508.365,18.199333,4.79752,1568.661881,26.1935,100.0,308.57,6.889446,37.615,75.830556,24.0,545.98
20260502.0,508.59,9.94,6.864973,9.132667,4.996715,1583.123388,27.38,50.0,552.0,311.27694,7.184831,39.37,3160.0,76.105556,508.585,18.265333,4.997171,1583.123388,27.3825,100.0,311.28,7.185743,39.375,76.105556,24.0,547.96
20260503.0,521.24,11.47,6.649777,9.363333,4.786401,1583.564054,26.89,50.0,565.1,303.807086,7.219651,40.56,3288.0,78.027778,521.235,18.726667,4.785724,1583.564054,26.8862,100.0,303.81,7.220541,40.565,78.027778,24.0,561.8
20260504.0,515.74,12.06,6.604712,9.266833,4.690563,1514.301107,26.08,50.0,557.1,293.617153,7.242675,40.27,3353.0,77.223611,515.735,18.533667,4.690869,1514.301107,26.0817,100.0,293.62,7.243575,40.275,77.223611,24.0,556.01
20260505.0,511.61,11.7,6.418439,9.175667,4.551895,1486.482855,25.06,50.0,548.2,290.55,7.071239,38.93,3270.0,76.463889,511.61,18.351333,4.552058,1486.482855,25.0609,100.0,290.55,7.071239,38.93,76.463889,24.0,550.54
20260506.0,516.89,11.78,6.427903,9.2765,4.585063,1478.150333,25.52,50.0,553.1,285.97,7.132719,39.7,3186.5,77.304167,516.89,18.553,4.585494,1478.150333,25.5224,100.0,285.97,7.132719,39.7,77.304167,24.0,556.59
20260507.0,524.87,11.94,6.591361,9.434667,4.739613,1617.056579,26.83,50.0,564.8,308.087065,7.27989,41.21,3410.0,78.622222,524.865,18.869333,4.7388,1617.056579,26.8254,100.0,308.09,7.280773,41.215,78.622222,24.0,566.08
20260508.0,518.93,12.34,6.668421,9.339833,4.768108,1541.362927,26.72,50.0,557.5,297.027138,7.398419,41.46,3209.0,77.831944,518.925,18.679667,4.768857,1541.362927,26.7242,100.0,297.03,7.399311,41.465,77.831944,24.0,560.39
20260509.0,489.39,11.67,6.297875,8.786333,4.453887,1492.884195,23.48,50.0,529.0,305.05,7.16833,37.79,3028.0,73.219444,489.39,17.572667,4.453318,1492.884195,23.477,100.0,305.05,7.16833,37.79,73.219444,24.0,527.18
20260510.0,533.83,11.38,6.258067,9.550333,4.483264,1597.966722,25.69,50.0,576.0,299.34,6.839203,39.19,3172.0,79.586111,533.83,19.100667,4.483474,1597.966722,25.6912,100.0,299.34,6.839203,39.19,79.586111,24.0,573.02
20260511.0,538.12,12.47,6.49714,9.665833,4.652125,1631.203156,26.98,50.0,578.0,303.13,7.212691,41.83,3207.4,80.548611,538.12,19.331667,4.652556,1631.203156,26.9825,100.0,303.13,7.212691,41.83,80.548611,24.0,579.95
20260512.0,544.01,12.7,6.730962,9.803167,4.835172,1711.548531,28.44,50.0,586.3,314.617108,7.512878,44.19,3463.0,81.693056,544.005,19.606333,4.835699,1711.548531,28.4431,100.0,314.62,7.512028,44.185,81.693056,24.0,588.19
