时间,国别(地区),当月数量(吨),累计数量(吨),当月金额(千美元),累计金额(千美元),_ID,_DATA_TIME,_ACTIVE,_CREATE_ID,_CREATE_TIME,_UPDATE_ID,_UPDATE_TIME,_REMARK,_CHANGE_LOG,_RESERVE
2024-05,澳大利亚,6700085.00,29756359.70,713714.70,3422701.90,1,2024-05-31 00:00:00,1,0,2024-07-02 18:04:02,0,2024-07-02 18:04:02,,,
2024-05,俄罗斯,9095133.60,35993392.80,1001160.10,4391894.20,2,2024-05-31 00:00:00,1,0,2024-07-02 18:04:02,0,2024-07-02 18:04:02,,,
2024-05,菲律宾,488564.00,3724224.10,29119.20,251398.60,3,2024-05-31 00:00:00,1,0,2024-07-02 18:04:02,0,2024-07-02 18:04:02,,,
2024-05,哥伦比亚,1551581.00,4118235.10,166114.00,472427.80,4,2024-05-31 00:00:00,1,0,2024-07-02 18:04:02,0,2024-07-02 18:04:02,,,
2024-05,哈萨克斯坦,7507.30,263474.50,807.10,29350.20,5,2024-05-31 00:00:00,1,0,2024-07-02 18:04:02,0,2024-07-02 18:04:02,,,
2024-05,吉尔吉斯斯坦,8568.30,47006.80,366.20,2076.70,6,2024-05-31 00:00:00,1,0,2024-07-02 18:04:02,0,2024-07-02 18:04:02,,,
2024-05,加拿大,746223.50,3828722.20,181944.60,1007463.30,7,2024-05-31 00:00:00,1,0,2024-07-02 18:04:02,0,2024-07-02 18:04:02,,,
2024-05,老挝,26317.80,77135.60,2156.70,6196.60,8,2024-05-31 00:00:00,1,0,2024-07-02 18:04:02,0,2024-07-02 18:04:02,,,
2024-05,马来西亚,50007.00,226662.00,3103.50,17549.40,9,2024-05-31 00:00:00,1,0,2024-07-02 18:04:02,0,2024-07-02 18:04:02,,,
2024-05,美国,501608.30,3445382.00,106173.50,654486.50,10,2024-05-31 00:00:00,1,0,2024-07-02 18:04:02,0,2024-07-02 18:04:02,,,
2024-05,蒙古,7227909.20,31393708.60,749280.40,3637031.50,11,2024-05-31 00:00:00,1,0,2024-07-02 18:04:02,0,2024-07-02 18:04:02,,,
2024-05,缅甸,59990.90,166487.70,2448.80,6801.60,12,2024-05-31 00:00:00,1,0,2024-07-02 18:04:02,0,2024-07-02 18:04:02,,,
2024-05,莫桑比克,169922.00,211922.00,32259.20,42379.20,13,2024-05-31 00:00:00,1,0,2024-07-02 18:04:02,0,2024-07-02 18:04:02,,,
2024-05,南非,160000.00,357010.00,20140.50,42415.00,14,2024-05-31 00:00:00,1,0,2024-07-02 18:04:02,0,2024-07-02 18:04:02,,,
2024-05,新西兰,54950.00,173711.00,6516.60,22554.70,15,2024-05-31 00:00:00,1,0,2024-07-02 18:04:02,0,2024-07-02 18:04:02,,,
2024-05,印尼,16967331.20,91094640.10,1207193.30,6801756.10,16,2024-05-31 00:00:00,1,0,2024-07-02 18:04:02,0,2024-07-02 18:04:02,,,
2024-04,澳大利亚,7185790.70,23056274.70,813869.80,2708987.20,17,2024-04-30 00:00:00,1,0,2024-07-02 18:04:02,0,2024-07-02 18:04:02,,,
2024-04,俄罗斯,8492300.20,26898259.20,973425.70,3390734.10,18,2024-04-30 00:00:00,1,0,2024-07-02 18:04:02,0,2024-07-02 18:04:02,,,
2024-04,菲律宾,1253023.10,3235660.10,76398.70,222279.40,19,2024-04-30 00:00:00,1,0,2024-07-02 18:04:02,0,2024-07-02 18:04:02,,,
2024-04,哥伦比亚,1277933.10,2566654.10,141705.40,306313.70,20,2024-04-30 00:00:00,1,0,2024-07-02 18:04:02,0,2024-07-02 18:04:02,,,
2024-04,哈萨克斯坦,203575.40,255967.20,23317.90,28543.10,21,2024-04-30 00:00:00,1,0,2024-07-02 18:04:02,0,2024-07-02 18:04:02,,,
2024-04,吉尔吉斯斯坦,10080.30,38438.40,449.60,1710.40,22,2024-04-30 00:00:00,1,0,2024-07-02 18:04:02,0,2024-07-02 18:04:02,,,
2024-04,加拿大,913681.00,3082498.70,244307.70,825518.70,23,2024-04-30 00:00:00,1,0,2024-07-02 18:04:02,0,2024-07-02 18:04:02,,,
2024-04,津巴布韦,0.20,0.30,0.30,1.50,24,2024-04-30 00:00:00,1,0,2024-07-02 18:04:02,0,2024-07-02 18:04:02,,,
2024-04,老挝,12778.00,50817.90,1151.70,4039.90,25,2024-04-30 00:00:00,1,0,2024-07-02 18:04:02,0,2024-07-02 18:04:02,,,
2024-04,美国,827033.80,2943773.70,160648.70,548313.00,26,2024-04-30 00:00:00,1,0,2024-07-02 18:04:02,0,2024-07-02 18:04:02,,,
2024-04,蒙古,7204776.80,24165799.40,807265.80,2887751.10,27,2024-04-30 00:00:00,1,0,2024-07-02 18:04:02,0,2024-07-02 18:04:02,,,
2024-04,缅甸,42292.70,106496.90,1728.50,4352.80,28,2024-04-30 00:00:00,1,0,2024-07-02 18:04:02,0,2024-07-02 18:04:02,,,
2024-04,南非,0.00,197010.00,0.30,22274.50,29,2024-04-30 00:00:00,1,0,2024-07-02 18:04:02,0,2024-07-02 18:04:02,,,
2024-04,尼日利亚,0.00,0.00,0.30,0.30,30,2024-04-30 00:00:00,1,0,2024-07-02 18:04:02,0,2024-07-02 18:04:02,,,
2024-04,坦桑尼亚,0.00,0.10,0.20,0.20,31,2024-04-30 00:00:00,1,0,2024-07-02 18:04:07,0,2024-07-02 18:04:07,,,
2024-04,土耳其,0.40,0.60,2.80,5.40,32,2024-04-30 00:00:00,1,0,2024-07-02 18:04:07,0,2024-07-02 18:04:07,,,
2024-04,印尼,17829055.50,74127308.90,1329548.00,5594562.80,33,2024-04-30 00:00:00,1,0,2024-07-02 18:04:07,0,2024-07-02 18:04:07,,,
2024-03,澳大利亚,5105951.10,15870484.00,560012.20,1895117.40,34,2024-03-31 00:00:00,1,0,2024-07-02 18:04:07,0,2024-07-02 18:04:07,,,
2024-03,巴基斯坦,1.10,1.20,0.20,0.60,35,2024-03-31 00:00:00,1,0,2024-07-02 18:04:07,0,2024-07-02 18:04:07,,,
2024-03,俄罗斯,6916044.60,18405959.00,879201.90,2417308.40,36,2024-03-31 00:00:00,1,0,2024-07-02 18:04:07,0,2024-07-02 18:04:07,,,
2024-03,菲律宾,1109301.20,1982637.10,78149.30,145880.70,37,2024-03-31 00:00:00,1,0,2024-07-02 18:04:07,0,2024-07-02 18:04:07,,,
2024-03,哥伦比亚,749976.00,1288721.00,80996.50,164608.40,38,2024-03-31 00:00:00,1,0,2024-07-02 18:04:07,0,2024-07-02 18:04:07,,,
2024-03,哈萨克斯坦,30588.00,52391.80,2937.40,5225.20,39,2024-03-31 00:00:00,1,0,2024-07-02 18:04:07,0,2024-07-02 18:04:07,,,
2024-03,吉尔吉斯斯坦,9748.80,28358.20,422.60,1260.80,40,2024-03-31 00:00:00,1,0,2024-07-02 18:04:07,0,2024-07-02 18:04:07,,,
2024-03,加拿大,436923.90,2168817.70,129758.60,581211.00,41,2024-03-31 00:00:00,1,0,2024-07-02 18:04:07,0,2024-07-02 18:04:07,,,
2024-03,老挝,11378.00,38039.80,1001.40,2888.20,42,2024-03-31 00:00:00,1,0,2024-07-02 18:04:07,0,2024-07-02 18:04:07,,,
2024-03,马来西亚,54975.00,176655.00,4590.30,14445.90,43,2024-03-31 00:00:00,1,0,2024-07-02 18:04:07,0,2024-07-02 18:04:07,,,
2024-03,美国,551544.60,2116739.90,102971.00,387664.30,44,2024-03-31 00:00:00,1,0,2024-07-02 18:04:07,0,2024-07-02 18:04:07,,,
2024-03,蒙古,6507827.00,16961022.60,776974.90,2080485.30,45,2024-03-31 00:00:00,1,0,2024-07-02 18:04:07,0,2024-07-02 18:04:07,,,
2024-03,缅甸,33542.10,64204.10,1369.30,2624.30,46,2024-03-31 00:00:00,1,0,2024-07-02 18:04:07,0,2024-07-02 18:04:07,,,
2024-03,新西兰,55000.00,118761.00,8251.90,16038.00,47,2024-03-31 00:00:00,1,0,2024-07-02 18:04:07,0,2024-07-02 18:04:07,,,
2024-03,印尼,19806487.50,56298253.40,1472629.40,4265014.80,48,2024-03-31 00:00:00,1,0,2024-07-02 18:04:07,0,2024-07-02 18:04:07,,,
2024-02,阿拉伯联合酋长国,5.90,5.90,1.10,1.10,49,2024-02-29 00:00:00,1,0,2024-07-02 18:04:07,0,2024-07-02 18:04:07,,,
2024-02,澳大利亚,5011501.60,10764532.90,589291.30,1335105.20,50,2024-02-29 00:00:00,1,0,2024-07-02 18:04:07,0,2024-07-02 18:04:07,,,
2024-02,巴基斯坦,0.10,0.10,0.40,0.40,51,2024-02-29 00:00:00,1,0,2024-07-02 18:04:07,0,2024-07-02 18:04:07,,,
2024-02,俄罗斯,5379704.10,11489914.50,710047.50,1538106.50,52,2024-02-29 00:00:00,1,0,2024-07-02 18:04:07,0,2024-07-02 18:04:07,,,
2024-02,菲律宾,230181.30,873335.80,17664.30,67731.40,53,2024-02-29 00:00:00,1,0,2024-07-02 18:04:07,0,2024-07-02 18:04:07,,,
2024-02,哥伦比亚,55378.00,538745.00,12183.20,83611.80,54,2024-02-29 00:00:00,1,0,2024-07-02 18:04:07,0,2024-07-02 18:04:07,,,
2024-02,哈萨克斯坦,7557.00,21803.80,744.60,2287.80,55,2024-02-29 00:00:00,1,0,2024-07-02 18:04:07,0,2024-07-02 18:04:07,,,
2024-02,吉尔吉斯斯坦,3986.40,18609.30,172.40,838.10,56,2024-02-29 00:00:00,1,0,2024-07-02 18:04:07,0,2024-07-02 18:04:07,,,
2024-02,加拿大,741458.40,1731893.90,192307.70,451452.40,57,2024-02-29 00:00:00,1,0,2024-07-02 18:04:07,0,2024-07-02 18:04:07,,,
2024-02,老挝,13042.70,26661.90,866.00,1886.70,58,2024-02-29 00:00:00,1,0,2024-07-02 18:04:07,0,2024-07-02 18:04:07,,,
2024-02,马来西亚,23130.00,121680.00,1817.20,9855.50,59,2024-02-29 00:00:00,1,0,2024-07-02 18:04:07,0,2024-07-02 18:04:07,,,
2024-02,美国,941524.90,1565195.20,180564.30,284693.30,60,2024-02-29 00:00:00,1,0,2024-07-02 18:04:07,0,2024-07-02 18:04:07,,,
2024-02,蒙古,4526827.20,10453195.60,584095.80,1303510.40,61,2024-02-29 00:00:00,1,0,2024-07-02 18:04:13,0,2024-07-02 18:04:13,,,
2024-02,缅甸,7213.50,30662.00,295.30,1254.90,62,2024-02-29 00:00:00,1,0,2024-07-02 18:04:13,0,2024-07-02 18:04:13,,,
2024-02,南非,79211.00,197010.00,8274.30,22274.20,63,2024-02-29 00:00:00,1,0,2024-07-02 18:04:13,0,2024-07-02 18:04:13,,,
2024-02,坦桑尼亚,0.10,0.10,0.00,0.00,64,2024-02-29 00:00:00,1,0,2024-07-02 18:04:13,0,2024-07-02 18:04:13,,,
2024-02,土耳其,0.30,0.30,2.70,2.70,65,2024-02-29 00:00:00,1,0,2024-07-02 18:04:13,0,2024-07-02 18:04:13,,,
2024-02,乌克兰,50927.00,50927.00,12502.60,12502.60,66,2024-02-29 00:00:00,1,0,2024-07-02 18:04:13,0,2024-07-02 18:04:13,,,
2024-02,伊朗,127.60,127.60,20.10,20.10,67,2024-02-29 00:00:00,1,0,2024-07-02 18:04:13,0,2024-07-02 18:04:13,,,
2024-02,印尼,16674696.60,36491765.90,1214341.70,2792385.40,68,2024-02-29 00:00:00,1,0,2024-07-02 18:04:13,0,2024-07-02 18:04:13,,,
2024-01,澳大利亚,5753031.30,5753031.30,745813.80,745813.80,69,2024-01-31 00:00:00,1,0,2024-07-02 18:04:13,0,2024-07-02 18:04:13,,,
2024-01,俄罗斯,6110210.30,6110210.30,828059.10,828059.10,70,2024-01-31 00:00:00,1,0,2024-07-02 18:04:13,0,2024-07-02 18:04:13,,,
2024-01,菲律宾,643154.50,643154.50,50067.20,50067.20,71,2024-01-31 00:00:00,1,0,2024-07-02 18:04:13,0,2024-07-02 18:04:13,,,
2024-01,哥伦比亚,483367.00,483367.00,71428.70,71428.70,72,2024-01-31 00:00:00,1,0,2024-07-02 18:04:13,0,2024-07-02 18:04:13,,,
2024-01,哈萨克斯坦,14246.90,14246.90,1543.20,1543.20,73,2024-01-31 00:00:00,1,0,2024-07-02 18:04:13,0,2024-07-02 18:04:13,,,
2024-01,吉尔吉斯斯坦,14623.00,14623.00,665.80,665.80,74,2024-01-31 00:00:00,1,0,2024-07-02 18:04:13,0,2024-07-02 18:04:13,,,
2024-01,加拿大,990435.50,990435.50,259144.70,259144.70,75,2024-01-31 00:00:00,1,0,2024-07-02 18:04:13,0,2024-07-02 18:04:13,,,
2024-01,津巴布韦,0.10,0.10,1.20,1.20,76,2024-01-31 00:00:00,1,0,2024-07-02 18:04:13,0,2024-07-02 18:04:13,,,
2024-01,老挝,13619.20,13619.20,1020.80,1020.80,77,2024-01-31 00:00:00,1,0,2024-07-02 18:04:13,0,2024-07-02 18:04:13,,,
2024-01,马来西亚,98550.00,98550.00,8038.40,8038.40,78,2024-01-31 00:00:00,1,0,2024-07-02 18:04:13,0,2024-07-02 18:04:13,,,
2024-01,美国,623670.40,623670.40,104129.00,104129.00,79,2024-01-31 00:00:00,1,0,2024-07-02 18:04:13,0,2024-07-02 18:04:13,,,
2024-01,蒙古,5926368.40,5926368.40,719414.50,719414.50,80,2024-01-31 00:00:00,1,0,2024-07-02 18:04:13,0,2024-07-02 18:04:13,,,
2024-01,秘鲁,33565.00,33565.00,4871.40,4871.40,81,2024-01-31 00:00:00,1,0,2024-07-02 18:04:13,0,2024-07-02 18:04:13,,,
2024-01,缅甸,23448.50,23448.50,959.70,959.70,82,2024-01-31 00:00:00,1,0,2024-07-02 18:04:13,0,2024-07-02 18:04:13,,,
2024-01,莫桑比克,42000.00,42000.00,10120.00,10120.00,83,2024-01-31 00:00:00,1,0,2024-07-02 18:04:13,0,2024-07-02 18:04:13,,,
2024-01,南非,117799.00,117799.00,13999.90,13999.90,84,2024-01-31 00:00:00,1,0,2024-07-02 18:04:13,0,2024-07-02 18:04:13,,,
2024-01,新西兰,63761.00,63761.00,7786.10,7786.10,85,2024-01-31 00:00:00,1,0,2024-07-02 18:04:13,0,2024-07-02 18:04:13,,,
2024-01,印度,0.00,0.00,0.30,0.30,86,2024-01-31 00:00:00,1,0,2024-07-02 18:04:13,0,2024-07-02 18:04:13,,,
2024-01,印尼,19817069.30,19817069.30,1578043.70,1578043.70,87,2024-01-31 00:00:00,1,0,2024-07-02 18:04:13,0,2024-07-02 18:04:13,,,
2023-12,澳大利亚,6714254.50,52467996.90,816094.80,6371100.00,88,2023-12-31 00:00:00,1,0,2024-07-02 18:04:13,0,2024-07-02 18:04:13,,,
2023-12,俄罗斯,7613722.20,102131034.30,1043551.50,14276833.40,89,2023-12-31 00:00:00,1,0,2024-07-02 18:04:13,0,2024-07-02 18:04:13,,,
2023-12,菲律宾,1053876.80,4975548.80,81602.40,424425.40,90,2023-12-31 00:00:00,1,0,2024-07-02 18:04:13,0,2024-07-02 18:04:13,,,
2023-12,哥伦比亚,1213593.20,4378497.10,128146.40,554135.70,91,2023-12-31 00:00:00,1,0,2024-07-02 18:04:17,0,2024-07-02 18:04:17,,,
2023-12,哈萨克斯坦,16905.20,590837.20,1855.90,80247.70,92,2023-12-31 00:00:00,1,0,2024-07-02 18:04:17,0,2024-07-02 18:04:17,,,
2023-12,吉尔吉斯斯坦,13822.90,60662.10,640.50,2713.50,93,2023-12-31 00:00:00,1,0,2024-07-02 18:04:17,0,2024-07-02 18:04:17,,,
2023-12,加拿大,778787.80,8857089.00,217171.70,2258694.50,94,2023-12-31 00:00:00,1,0,2024-07-02 18:04:17,0,2024-07-02 18:04:17,,,
2023-12,津巴布韦,0.10,0.10,1.00,1.00,95,2023-12-31 00:00:00,1,0,2024-07-02 18:04:17,0,2024-07-02 18:04:17,,,
2023-12,老挝,13854.10,189116.10,1028.20,14698.60,96,2023-12-31 00:00:00,1,0,2024-07-02 18:04:17,0,2024-07-02 18:04:17,,,
2023-12,美国,384605.80,6828998.60,86328.10,1471163.80,97,2023-12-31 00:00:00,1,0,2024-07-02 18:04:17,0,2024-07-02 18:04:17,,,
2023-12,蒙古,8033182.20,69973940.20,1028358.20,8541694.40,98,2023-12-31 00:00:00,1,0,2024-07-02 18:04:17,0,2024-07-02 18:04:17,,,
2023-12,缅甸,31477.00,221215.00,1284.40,9403.70,99,2023-12-31 00:00:00,1,0,2024-07-02 18:04:17,0,2024-07-02 18:04:17,,,
2023-12,莫桑比克,212500.00,873836.20,40596.80,169639.70,100,2023-12-31 00:00:00,1,0,2024-07-02 18:04:17,0,2024-07-02 18:04:17,,,
2023-12,乌兹别克斯坦,0.00,0.00,0.00,0.00,101,2023-12-31 00:00:00,1,0,2024-07-02 18:04:17,0,2024-07-02 18:04:17,,,
2023-12,印尼,21148088.70,220245009.60,1690828.10,18255936.40,102,2023-12-31 00:00:00,1,0,2024-07-02 18:04:17,0,2024-07-02 18:04:17,,,
2023-12,越南,68200.80,189478.60,19403.40,55369.20,103,2023-12-31 00:00:00,1,0,2024-07-02 18:04:17,0,2024-07-02 18:04:17,,,
2023-11,阿曼,32499.90,32499.90,3087.50,3087.50,104,2023-11-30 00:00:00,1,0,2024-07-02 18:04:17,0,2024-07-02 18:04:17,,,
2023-11,澳大利亚,6308897.80,45753742.50,736085.40,5555005.20,105,2023-11-30 00:00:00,1,0,2024-07-02 18:04:17,0,2024-07-02 18:04:17,,,
2023-11,俄罗斯,7321608.90,94517312.10,954592.50,13233282.00,106,2023-11-30 00:00:00,1,0,2024-07-02 18:04:17,0,2024-07-02 18:04:17,,,
2023-11,菲律宾,852313.00,3921672.00,59120.60,342823.00,107,2023-11-30 00:00:00,1,0,2024-07-02 18:04:17,0,2024-07-02 18:04:17,,,
2023-11,哥伦比亚,769803.00,3164903.90,87493.70,425989.30,108,2023-11-30 00:00:00,1,0,2024-07-02 18:04:17,0,2024-07-02 18:04:17,,,
2023-11,哈萨克斯坦,57932.40,573932.00,7298.00,78391.80,109,2023-11-30 00:00:00,1,0,2024-07-02 18:04:17,0,2024-07-02 18:04:17,,,
2023-11,韩国,0.00,0.00,0.10,0.20,110,2023-11-30 00:00:00,1,0,2024-07-02 18:04:17,0,2024-07-02 18:04:17,,,
2023-11,吉尔吉斯斯坦,10755.60,46839.20,522.50,2073.00,111,2023-11-30 00:00:00,1,0,2024-07-02 18:04:17,0,2024-07-02 18:04:17,,,
2023-11,加拿大,490186.50,8078301.20,136686.60,2041522.80,112,2023-11-30 00:00:00,1,0,2024-07-02 18:04:17,0,2024-07-02 18:04:17,,,
2023-11,老挝,22388.00,175262.00,1352.60,13670.30,113,2023-11-30 00:00:00,1,0,2024-07-02 18:04:17,0,2024-07-02 18:04:17,,,
2023-11,马来西亚,106235.00,265771.00,8449.50,20566.00,114,2023-11-30 00:00:00,1,0,2024-07-02 18:04:17,0,2024-07-02 18:04:17,,,
2023-11,美国,997220.20,6444392.80,185602.40,1384835.80,115,2023-11-30 00:00:00,1,0,2024-07-02 18:04:17,0,2024-07-02 18:04:17,,,
2023-11,蒙古,7889441.40,61940758.00,929122.50,7513336.20,116,2023-11-30 00:00:00,1,0,2024-07-02 18:04:17,0,2024-07-02 18:04:17,,,
2023-11,缅甸,29865.80,189737.90,1223.60,8119.30,117,2023-11-30 00:00:00,1,0,2024-07-02 18:04:17,0,2024-07-02 18:04:17,,,
2023-11,莫桑比克,130050.00,661336.20,27960.00,129042.90,118,2023-11-30 00:00:00,1,0,2024-07-02 18:04:17,0,2024-07-02 18:04:17,,,
2023-11,新西兰,124930.00,157030.00,27987.00,34730.10,119,2023-11-30 00:00:00,1,0,2024-07-02 18:04:17,0,2024-07-02 18:04:17,,,
2023-11,印尼,18328400.00,199096920.90,1370895.10,16565108.30,120,2023-11-30 00:00:00,1,0,2024-07-02 18:04:17,0,2024-07-02 18:04:17,,,
2023-11,越南,33000.00,121277.80,7794.40,35965.80,121,2023-11-30 00:00:00,1,0,2024-07-02 18:04:21,0,2024-07-02 18:04:21,,,
2023-10,澳大利亚,4990340.10,39444844.70,566435.80,4818919.80,122,2023-10-31 00:00:00,1,0,2024-07-02 18:04:21,0,2024-07-02 18:04:21,,,
2023-10,比利时,0.10,0.10,2.40,2.40,123,2023-10-31 00:00:00,1,0,2024-07-02 18:04:21,0,2024-07-02 18:04:21,,,
2023-10,俄罗斯,7635944.90,87195703.20,918099.00,12278689.40,124,2023-10-31 00:00:00,1,0,2024-07-02 18:04:21,0,2024-07-02 18:04:21,,,
2023-10,菲律宾,240068.10,3069359.00,18833.10,283702.40,125,2023-10-31 00:00:00,1,0,2024-07-02 18:04:21,0,2024-07-02 18:04:21,,,
2023-10,哥伦比亚,55000.00,2395100.90,10452.90,338495.60,126,2023-10-31 00:00:00,1,0,2024-07-02 18:04:21,0,2024-07-02 18:04:21,,,
2023-10,哈萨克斯坦,22440.70,515999.60,2148.00,71093.80,127,2023-10-31 00:00:00,1,0,2024-07-02 18:04:21,0,2024-07-02 18:04:21,,,
2023-10,韩国,0.00,0.00,0.10,0.10,128,2023-10-31 00:00:00,1,0,2024-07-02 18:04:21,0,2024-07-02 18:04:21,,,
2023-10,吉尔吉斯斯坦,7371.90,36083.60,370.80,1550.50,129,2023-10-31 00:00:00,1,0,2024-07-02 18:04:21,0,2024-07-02 18:04:21,,,
2023-10,加拿大,1043507.70,7588114.70,244251.80,1904836.20,130,2023-10-31 00:00:00,1,0,2024-07-02 18:04:21,0,2024-07-02 18:04:21,,,
2023-10,老挝,19750.20,152874.00,1259.00,12317.80,131,2023-10-31 00:00:00,1,0,2024-07-02 18:04:21,0,2024-07-02 18:04:21,,,
2023-10,马来西亚,108282.00,159536.00,7538.90,12116.50,132,2023-10-31 00:00:00,1,0,2024-07-02 18:04:21,0,2024-07-02 18:04:21,,,
2023-10,美国,857792.70,5447172.60,146749.20,1199233.40,133,2023-10-31 00:00:00,1,0,2024-07-02 18:04:21,0,2024-07-02 18:04:21,,,
2023-10,蒙古,5014916.40,54051316.60,542502.70,6584213.80,134,2023-10-31 00:00:00,1,0,2024-07-02 18:04:21,0,2024-07-02 18:04:21,,,
2023-10,缅甸,13964.90,159872.10,564.00,6895.70,135,2023-10-31 00:00:00,1,0,2024-07-02 18:04:21,0,2024-07-02 18:04:21,,,
2023-10,莫桑比克,80000.00,531286.20,15843.50,101082.90,136,2023-10-31 00:00:00,1,0,2024-07-02 18:04:21,0,2024-07-02 18:04:21,,,
2023-10,坦桑尼亚,0.00,54622.40,0.20,5355.20,137,2023-10-31 00:00:00,1,0,2024-07-02 18:04:21,0,2024-07-02 18:04:21,,,
2023-10,乌克兰,77540.00,125719.30,18066.80,28039.90,138,2023-10-31 00:00:00,1,0,2024-07-02 18:04:21,0,2024-07-02 18:04:21,,,
2023-10,印尼,15782522.10,180768520.90,1045140.90,15194213.20,139,2023-10-31 00:00:00,1,0,2024-07-02 18:04:21,0,2024-07-02 18:04:21,,,
2023-10,越南,42500.00,88277.80,15503.80,28171.40,140,2023-10-31 00:00:00,1,0,2024-07-02 18:04:21,0,2024-07-02 18:04:21,,,
2023-09,澳大利亚,4900624.00,34454504.60,513683.60,4252484.00,141,2023-09-30 00:00:00,1,0,2024-07-02 18:04:21,0,2024-07-02 18:04:21,,,
2023-09,俄罗斯,9244310.50,79559758.30,1017541.60,11360590.40,142,2023-09-30 00:00:00,1,0,2024-07-02 18:04:21,0,2024-07-02 18:04:21,,,
2023-09,菲律宾,90097.70,2829291.00,6592.90,264869.30,143,2023-09-30 00:00:00,1,0,2024-07-02 18:04:21,0,2024-07-02 18:04:21,,,
2023-09,哥伦比亚,654364.00,2340100.90,76761.30,328042.70,144,2023-09-30 00:00:00,1,0,2024-07-02 18:04:21,0,2024-07-02 18:04:21,,,
2023-09,哈萨克斯坦,3937.80,493558.90,487.80,68945.70,145,2023-09-30 00:00:00,1,0,2024-07-02 18:04:21,0,2024-07-02 18:04:21,,,
2023-09,吉尔吉斯斯坦,3962.80,28711.70,133.60,1179.70,146,2023-09-30 00:00:00,1,0,2024-07-02 18:04:21,0,2024-07-02 18:04:21,,,
2023-09,加拿大,969776.30,6544607.00,218309.90,1660584.40,147,2023-09-30 00:00:00,1,0,2024-07-02 18:04:21,0,2024-07-02 18:04:21,,,
2023-09,老挝,10944.40,133123.80,705.00,11058.80,148,2023-09-30 00:00:00,1,0,2024-07-02 18:04:21,0,2024-07-02 18:04:21,,,
2023-09,美国,858416.10,4589379.90,131560.20,1052484.20,149,2023-09-30 00:00:00,1,0,2024-07-02 18:04:21,0,2024-07-02 18:04:21,,,
2023-09,蒙古,6712971.00,49036400.10,695068.20,6041711.00,150,2023-09-30 00:00:00,1,0,2024-07-02 18:04:21,0,2024-07-02 18:04:21,,,
2023-09,缅甸,5818.90,145907.20,237.40,6331.70,151,2023-09-30 00:00:00,1,0,2024-07-02 18:04:26,0,2024-07-02 18:04:26,,,
2023-09,莫桑比克,297081.00,451286.20,51825.40,85239.40,152,2023-09-30 00:00:00,1,0,2024-07-02 18:04:26,0,2024-07-02 18:04:26,,,
2023-09,南非,230014.50,1676040.50,25580.90,247676.00,153,2023-09-30 00:00:00,1,0,2024-07-02 18:04:26,0,2024-07-02 18:04:26,,,
2023-09,乌克兰,48179.30,48179.30,9973.10,9973.10,154,2023-09-30 00:00:00,1,0,2024-07-02 18:04:26,0,2024-07-02 18:04:26,,,
2023-09,印尼,18063506.00,164985998.80,1232155.30,14149072.30,155,2023-09-30 00:00:00,1,0,2024-07-02 18:04:26,0,2024-07-02 18:04:26,,,
2023-09,越南,45777.80,45777.80,12667.60,12667.60,156,2023-09-30 00:00:00,1,0,2024-07-02 18:04:26,0,2024-07-02 18:04:26,,,
2023-08,澳大利亚,6685763.80,29553880.60,698389.70,3738800.40,157,2023-08-31 00:00:00,1,0,2024-07-02 18:04:26,0,2024-07-02 18:04:26,,,
2023-08,俄罗斯,9972639.60,70315447.70,1070604.40,10343048.80,158,2023-08-31 00:00:00,1,0,2024-07-02 18:04:26,0,2024-07-02 18:04:26,,,
2023-08,菲律宾,86679.00,2739193.20,5841.50,258276.40,159,2023-08-31 00:00:00,1,0,2024-07-02 18:04:26,0,2024-07-02 18:04:26,,,
2023-08,哥伦比亚,628688.50,1685736.90,80428.30,251281.40,160,2023-08-31 00:00:00,1,0,2024-07-02 18:04:26,0,2024-07-02 18:04:26,,,
2023-08,哈萨克斯坦,86410.90,489621.10,11514.50,68457.90,161,2023-08-31 00:00:00,1,0,2024-07-02 18:04:26,0,2024-07-02 18:04:26,,,
2023-08,吉尔吉斯斯坦,1914.20,24748.90,75.30,1046.10,162,2023-08-31 00:00:00,1,0,2024-07-02 18:04:26,0,2024-07-02 18:04:26,,,
2023-08,加拿大,420614.10,5574830.70,92300.50,1442274.50,163,2023-08-31 00:00:00,1,0,2024-07-02 18:04:26,0,2024-07-02 18:04:26,,,
2023-08,老挝,7363.00,122179.50,565.80,10353.80,164,2023-08-31 00:00:00,1,0,2024-07-02 18:04:26,0,2024-07-02 18:04:26,,,
2023-08,美国,384146.30,3730963.80,59193.70,920924.00,165,2023-08-31 00:00:00,1,0,2024-07-02 18:04:26,0,2024-07-02 18:04:26,,,
2023-08,蒙古,7156714.50,42323429.20,736666.00,5346642.80,166,2023-08-31 00:00:00,1,0,2024-07-02 18:04:26,0,2024-07-02 18:04:26,,,
2023-08,缅甸,6137.30,140088.30,250.50,6094.30,167,2023-08-31 00:00:00,1,0,2024-07-02 18:04:26,0,2024-07-02 18:04:26,,,
2023-08,莫桑比克,80930.20,154205.20,14410.60,33414.00,168,2023-08-31 00:00:00,1,0,2024-07-02 18:04:26,0,2024-07-02 18:04:26,,,
2023-08,南非,82098.00,1446026.00,10274.20,222095.10,169,2023-08-31 00:00:00,1,0,2024-07-02 18:04:26,0,2024-07-02 18:04:26,,,
2023-08,新西兰,32100.00,32100.00,6743.10,6743.10,170,2023-08-31 00:00:00,1,0,2024-07-02 18:04:26,0,2024-07-02 18:04:26,,,
2023-08,印度,0.00,0.00,0.00,0.20,171,2023-08-31 00:00:00,1,0,2024-07-02 18:04:26,0,2024-07-02 18:04:26,,,
2023-08,印尼,18700993.30,146922492.80,1293156.90,12916916.90,172,2023-08-31 00:00:00,1,0,2024-07-02 18:04:26,0,2024-07-02 18:04:26,,,
2023-07,澳大利亚,6311482.50,22868116.70,735895.50,3040410.70,173,2023-07-31 00:00:00,1,0,2024-07-02 18:04:26,0,2024-07-02 18:04:26,,,
2023-07,俄罗斯,8994298.40,60342808.10,965644.40,9272444.40,174,2023-07-31 00:00:00,1,0,2024-07-02 18:04:26,0,2024-07-02 18:04:26,,,
2023-07,菲律宾,109023.50,2652514.20,9511.10,252434.90,175,2023-07-31 00:00:00,1,0,2024-07-02 18:04:26,0,2024-07-02 18:04:26,,,
2023-07,哥伦比亚,396291.10,1057048.40,48326.10,170853.10,176,2023-07-31 00:00:00,1,0,2024-07-02 18:04:26,0,2024-07-02 18:04:26,,,
2023-07,哈萨克斯坦,171044.80,403210.20,24831.40,56943.50,177,2023-07-31 00:00:00,1,0,2024-07-02 18:04:26,0,2024-07-02 18:04:26,,,
2023-07,吉尔吉斯斯坦,843.30,22834.60,48.50,970.80,178,2023-07-31 00:00:00,1,0,2024-07-02 18:04:26,0,2024-07-02 18:04:26,,,
2023-07,加拿大,517211.30,5154216.60,110811.00,1349974.00,179,2023-07-31 00:00:00,1,0,2024-07-02 18:04:26,0,2024-07-02 18:04:26,,,
2023-07,老挝,13980.30,114816.40,1038.80,9788.00,180,2023-07-31 00:00:00,1,0,2024-07-02 18:04:26,0,2024-07-02 18:04:26,,,
2023-07,美国,359501.50,3346817.60,77927.90,861730.20,181,2023-07-31 00:00:00,1,0,2024-07-02 18:04:30,0,2024-07-02 18:04:30,,,
2023-07,蒙古,5938717.90,35166714.60,597071.10,4609976.70,182,2023-07-31 00:00:00,1,0,2024-07-02 18:04:30,0,2024-07-02 18:04:30,,,
2023-07,缅甸,13162.40,133951.10,575.10,5843.80,183,2023-07-31 00:00:00,1,0,2024-07-02 18:04:30,0,2024-07-02 18:04:30,,,
2023-07,南非,549939.00,1363928.00,70099.50,211820.90,184,2023-07-31 00:00:00,1,0,2024-07-02 18:04:30,0,2024-07-02 18:04:30,,,
2023-07,坦桑尼亚,54622.40,54622.40,5354.90,5355.00,185,2023-07-31 00:00:00,1,0,2024-07-02 18:04:30,0,2024-07-02 18:04:30,,,
2023-07,土耳其,3.50,3.50,1.00,1.00,186,2023-07-31 00:00:00,1,0,2024-07-02 18:04:30,0,2024-07-02 18:04:30,,,
2023-07,印尼,15829596.00,128221499.50,1219841.30,11623760.00,187,2023-07-31 00:00:00,1,0,2024-07-02 18:04:30,0,2024-07-02 18:04:30,,,
2023-07,英国,0.00,9.00,0.50,19.90,188,2023-07-31 00:00:00,1,0,2024-07-02 18:04:30,0,2024-07-02 18:04:30,,,
2023-06,澳大利亚,4825506.70,16556634.20,643801.90,2304515.30,189,2023-06-30 00:00:00,1,0,2024-07-02 18:04:30,0,2024-07-02 18:04:30,,,
2023-06,俄罗斯,10650614.40,51348509.70,1333155.40,8306800.00,190,2023-06-30 00:00:00,1,0,2024-07-02 18:04:30,0,2024-07-02 18:04:30,,,
2023-06,菲律宾,455965.00,2543490.70,41970.10,242923.90,191,2023-06-30 00:00:00,1,0,2024-07-02 18:04:30,0,2024-07-02 18:04:30,,,
2023-06,哥伦比亚,230514.60,660757.30,30765.10,122527.00,192,2023-06-30 00:00:00,1,0,2024-07-02 18:04:30,0,2024-07-02 18:04:30,,,
2023-06,哈萨克斯坦,117278.40,232165.40,14267.20,32112.10,193,2023-06-30 00:00:00,1,0,2024-07-02 18:04:30,0,2024-07-02 18:04:30,,,
2023-06,吉尔吉斯斯坦,407.00,21991.40,25.30,922.30,194,2023-06-30 00:00:00,1,0,2024-07-02 18:04:30,0,2024-07-02 18:04:30,,,
2023-06,加拿大,1244914.20,4637005.30,263001.20,1239162.90,195,2023-06-30 00:00:00,1,0,2024-07-02 18:04:30,0,2024-07-02 18:04:30,,,
2023-06,老挝,9641.40,100836.10,699.30,8749.20,196,2023-06-30 00:00:00,1,0,2024-07-02 18:04:30,0,2024-07-02 18:04:30,,,
2023-06,美国,588621.70,2987316.00,123865.00,783802.40,197,2023-06-30 00:00:00,1,0,2024-07-02 18:04:30,0,2024-07-02 18:04:30,,,
2023-06,蒙古,5236274.60,29227996.70,603878.20,4012905.60,198,2023-06-30 00:00:00,1,0,2024-07-02 18:04:30,0,2024-07-02 18:04:30,,,
2023-06,缅甸,12776.00,120788.60,546.20,5268.60,199,2023-06-30 00:00:00,1,0,2024-07-02 18:04:30,0,2024-07-02 18:04:30,,,
2023-06,南非,179361.00,813989.00,27837.70,141721.40,200,2023-06-30 00:00:00,1,0,2024-07-02 18:04:30,0,2024-07-02 18:04:30,,,
2023-06,尼日利亚,0.00,0.00,0.30,0.30,201,2023-06-30 00:00:00,1,0,2024-07-02 18:04:30,0,2024-07-02 18:04:30,,,
2023-06,印度,0.00,0.00,0.00,0.20,202,2023-06-30 00:00:00,1,0,2024-07-02 18:04:30,0,2024-07-02 18:04:30,,,
2023-06,印尼,16318970.00,112391903.50,1405869.50,10403918.70,203,2023-06-30 00:00:00,1,0,2024-07-02 18:04:30,0,2024-07-02 18:04:30,,,
2023-06,英国,5.00,9.00,12.20,19.40,204,2023-06-30 00:00:00,1,0,2024-07-02 18:04:30,0,2024-07-02 18:04:30,,,
2023-05,澳大利亚,10845174.00,17153714.50,1480863.10,2401144.90,205,2023-05-31 00:00:00,1,0,2024-07-02 18:04:30,0,2024-07-02 18:04:30,,,
2023-05,俄罗斯,17926660.30,49661225.50,2554086.50,8250687.80,206,2023-05-31 00:00:00,1,0,2024-07-02 18:04:30,0,2024-07-02 18:04:30,,,
2023-05,菲律宾,1490243.00,2832647.20,142201.10,272054.30,207,2023-05-31 00:00:00,1,0,2024-07-02 18:04:30,0,2024-07-02 18:04:30,,,
2023-05,哥伦比亚,475513.50,667999.50,81188.60,132356.20,208,2023-05-31 00:00:00,1,0,2024-07-02 18:04:30,0,2024-07-02 18:04:30,,,
2023-05,哈萨克斯坦,228514.20,229144.20,35609.70,35649.80,209,2023-05-31 00:00:00,1,0,2024-07-02 18:04:30,0,2024-07-02 18:04:30,,,
2023-05,吉尔吉斯斯坦,1155.10,22162.00,50.40,922.20,210,2023-05-31 00:00:00,1,0,2024-07-02 18:04:30,0,2024-07-02 18:04:30,,,
2023-05,加拿大,1352094.80,4068138.50,371747.70,1162035.60,211,2023-05-31 00:00:00,1,0,2024-07-02 18:04:34,0,2024-07-02 18:04:34,,,
2023-05,老挝,30193.00,106291.20,2419.10,9259.40,212,2023-05-31 00:00:00,1,0,2024-07-02 18:04:34,0,2024-07-02 18:04:34,,,
2023-05,美国,945395.20,2871391.90,214412.60,767143.60,213,2023-05-31 00:00:00,1,0,2024-07-02 18:04:34,0,2024-07-02 18:04:34,,,
2023-05,蒙古,9085145.90,28534295.00,1110985.20,3964520.00,214,2023-05-31 00:00:00,1,0,2024-07-02 18:04:34,0,2024-07-02 18:04:34,,,
2023-05,缅甸,41732.10,128878.70,1904.80,5674.80,215,2023-05-31 00:00:00,1,0,2024-07-02 18:04:34,0,2024-07-02 18:04:34,,,
2023-05,坦桑尼亚,0.10,0.10,0.20,0.20,216,2023-05-31 00:00:00,1,0,2024-07-02 18:04:34,0,2024-07-02 18:04:34,,,
2023-05,伊朗,129999.90,235166.50,12391.70,23107.90,217,2023-05-31 00:00:00,1,0,2024-07-02 18:04:34,0,2024-07-02 18:04:34,,,
2023-05,印尼,36615966.00,114380916.50,3216144.60,10606121.50,218,2023-05-31 00:00:00,1,0,2024-07-02 18:04:34,0,2024-07-02 18:04:34,,,
2023-05,赞比亚,16.70,16.70,0.80,0.80,219,2023-05-31 00:00:00,1,0,2024-07-02 18:04:34,0,2024-07-02 18:04:34,,,
2023-04,澳大利亚,3886157.00,6308540.50,530437.20,920281.80,220,2023-04-30 00:00:00,1,0,2024-07-02 18:04:34,0,2024-07-02 18:04:34,,,
2023-04,俄罗斯,8095974.20,31734565.20,1335355.30,5696601.30,221,2023-04-30 00:00:00,1,0,2024-07-02 18:04:34,0,2024-07-02 18:04:34,,,
2023-04,菲律宾,716458.80,1342404.20,69062.10,129853.20,222,2023-04-30 00:00:00,1,0,2024-07-02 18:04:34,0,2024-07-02 18:04:34,,,
2023-04,哥伦比亚,71386.00,192486.00,18075.40,51167.50,223,2023-04-30 00:00:00,1,0,2024-07-02 18:04:34,0,2024-07-02 18:04:34,,,
2023-04,哈萨克斯坦,504.00,630.00,31.20,40.10,224,2023-04-30 00:00:00,1,0,2024-07-02 18:04:34,0,2024-07-02 18:04:34,,,
2023-04,吉尔吉斯斯坦,8274.70,21006.90,348.30,871.80,225,2023-04-30 00:00:00,1,0,2024-07-02 18:04:34,0,2024-07-02 18:04:34,,,
2023-04,加拿大,649831.50,2716043.70,184111.70,790287.80,226,2023-04-30 00:00:00,1,0,2024-07-02 18:04:34,0,2024-07-02 18:04:34,,,
2023-04,老挝,24659.40,76098.20,2289.40,6840.30,227,2023-04-30 00:00:00,1,0,2024-07-02 18:04:34,0,2024-07-02 18:04:34,,,
2023-04,马来西亚,27001.00,51254.00,2197.20,4577.60,228,2023-04-30 00:00:00,1,0,2024-07-02 18:04:34,0,2024-07-02 18:04:34,,,
2023-04,美国,727991.20,1925996.70,216834.00,552731.10,229,2023-04-30 00:00:00,1,0,2024-07-02 18:04:34,0,2024-07-02 18:04:34,,,
2023-04,蒙古,5430747.40,19449149.10,751584.20,2853534.80,230,2023-04-30 00:00:00,1,0,2024-07-02 18:04:34,0,2024-07-02 18:04:34,,,
2023-04,缅甸,35709.90,87146.60,1597.60,3770.10,231,2023-04-30 00:00:00,1,0,2024-07-02 18:04:34,0,2024-07-02 18:04:34,,,
2023-04,伊朗,22.50,105166.50,3.00,10716.20,232,2023-04-30 00:00:00,1,0,2024-07-02 18:04:34,0,2024-07-02 18:04:34,,,
2023-04,印尼,21001185.70,77764950.50,1879833.30,7389976.90,233,2023-04-30 00:00:00,1,0,2024-07-02 18:04:34,0,2024-07-02 18:04:34,,,
2023-03,澳大利亚,2215147.50,2422383.50,347972.10,389844.60,234,2023-03-31 00:00:00,1,0,2024-07-02 18:04:34,0,2024-07-02 18:04:34,,,
2023-03,俄罗斯,8835953.00,23638591.00,1572740.70,4361246.00,235,2023-03-31 00:00:00,1,0,2024-07-02 18:04:34,0,2024-07-02 18:04:34,,,
2023-03,菲律宾,377160.60,625945.50,32776.80,60791.00,236,2023-03-31 00:00:00,1,0,2024-07-02 18:04:34,0,2024-07-02 18:04:34,,,
2023-03,哥伦比亚,60600.00,121100.00,15894.30,33092.20,237,2023-03-31 00:00:00,1,0,2024-07-02 18:04:34,0,2024-07-02 18:04:34,,,
2023-03,吉尔吉斯斯坦,3805.30,12732.20,157.70,523.50,238,2023-03-31 00:00:00,1,0,2024-07-02 18:04:34,0,2024-07-02 18:04:34,,,
2023-03,加拿大,900021.70,2066212.20,272162.00,606176.10,239,2023-03-31 00:00:00,1,0,2024-07-02 18:04:34,0,2024-07-02 18:04:34,,,
2023-03,老挝,28524.30,51438.80,2472.70,4550.90,240,2023-03-31 00:00:00,1,0,2024-07-02 18:04:34,0,2024-07-02 18:04:34,,,
2023-03,马来西亚,0.00,24253.00,0.10,2380.40,241,2023-03-31 00:00:00,1,0,2024-07-02 18:04:40,0,2024-07-02 18:04:40,,,
2023-03,美国,688627.30,1198005.50,181127.40,335897.00,242,2023-03-31 00:00:00,1,0,2024-07-02 18:04:40,0,2024-07-02 18:04:40,,,
2023-03,蒙古,5818124.20,14018401.70,894218.30,2101950.60,243,2023-03-31 00:00:00,1,0,2024-07-02 18:04:40,0,2024-07-02 18:04:40,,,
2023-03,缅甸,18283.00,51436.70,771.30,2172.50,244,2023-03-31 00:00:00,1,0,2024-07-02 18:04:40,0,2024-07-02 18:04:40,,,
2023-03,莫桑比克,73275.00,73275.00,19003.30,19003.30,245,2023-03-31 00:00:00,1,0,2024-07-02 18:04:40,0,2024-07-02 18:04:40,,,
2023-03,南非,163175.00,634628.00,21651.60,113883.70,246,2023-03-31 00:00:00,1,0,2024-07-02 18:04:40,0,2024-07-02 18:04:40,,,
2023-03,印度,0.00,0.00,0.10,0.10,247,2023-03-31 00:00:00,1,0,2024-07-02 18:04:40,0,2024-07-02 18:04:40,,,
2023-03,印尼,21982351.30,56763764.80,1907630.80,5510143.60,248,2023-03-31 00:00:00,1,0,2024-07-02 18:04:40,0,2024-07-02 18:04:40,,,
2023-02,澳大利亚,207236.00,207236.00,41872.60,41872.60,249,2023-02-28 00:00:00,1,0,2024-07-02 18:04:40,0,2024-07-02 18:04:40,,,
2023-02,俄罗斯,6777301.10,14802638.00,1290680.70,2788505.30,250,2023-02-28 00:00:00,1,0,2024-07-02 18:04:40,0,2024-07-02 18:04:40,,,
2023-02,哈萨克斯坦,126.00,126.00,8.90,8.90,251,2023-02-28 00:00:00,1,0,2024-07-02 18:04:40,0,2024-07-02 18:04:40,,,
2023-02,吉尔吉斯斯坦,860.90,8926.90,36.00,365.90,252,2023-02-28 00:00:00,1,0,2024-07-02 18:04:40,0,2024-07-02 18:04:40,,,
2023-02,加拿大,485837.80,1166190.50,144215.60,334014.10,253,2023-02-28 00:00:00,1,0,2024-07-02 18:04:40,0,2024-07-02 18:04:40,,,
2023-02,老挝,12217.40,22914.50,1116.70,2078.20,254,2023-02-28 00:00:00,1,0,2024-07-02 18:04:40,0,2024-07-02 18:04:40,,,
2023-02,美国,309134.20,509378.20,96624.00,154769.60,255,2023-02-28 00:00:00,1,0,2024-07-02 18:04:40,0,2024-07-02 18:04:40,,,
2023-02,蒙古,4630586.00,8200277.50,683339.40,1207732.30,256,2023-02-28 00:00:00,1,0,2024-07-02 18:04:40,0,2024-07-02 18:04:40,,,
2023-02,缅甸,17254.00,33153.70,737.00,1401.20,257,2023-02-28 00:00:00,1,0,2024-07-02 18:04:40,0,2024-07-02 18:04:40,,,
2023-02,南非,163866.00,471453.00,29339.70,92232.10,258,2023-02-28 00:00:00,1,0,2024-07-02 18:04:40,0,2024-07-02 18:04:40,,,
2023-02,伊朗,105120.20,105144.00,10708.40,10713.20,259,2023-02-28 00:00:00,1,0,2024-07-02 18:04:40,0,2024-07-02 18:04:40,,,
2023-02,印尼,16456003.00,34781413.50,1605838.70,3602512.90,260,2023-02-28 00:00:00,1,0,2024-07-02 18:04:40,0,2024-07-02 18:04:40,,,
2023-01,俄罗斯,8025336.80,8025336.80,1497824.60,1497824.60,261,2023-01-31 00:00:00,1,0,2024-07-02 18:04:40,0,2024-07-02 18:04:40,,,
2023-01,菲律宾,248784.90,248784.90,28014.30,28014.30,262,2023-01-31 00:00:00,1,0,2024-07-02 18:04:40,0,2024-07-02 18:04:40,,,
2023-01,哥伦比亚,60500.00,60500.00,17197.90,17197.90,263,2023-01-31 00:00:00,1,0,2024-07-02 18:04:40,0,2024-07-02 18:04:40,,,
2023-01,吉尔吉斯斯坦,8066.00,8066.00,329.90,329.90,264,2023-01-31 00:00:00,1,0,2024-07-02 18:04:40,0,2024-07-02 18:04:40,,,
2023-01,加拿大,680352.70,680352.70,189798.50,189798.50,265,2023-01-31 00:00:00,1,0,2024-07-02 18:04:40,0,2024-07-02 18:04:40,,,
2023-01,老挝,10697.10,10697.10,961.50,961.50,266,2023-01-31 00:00:00,1,0,2024-07-02 18:04:40,0,2024-07-02 18:04:40,,,
2023-01,马来西亚,24253.00,24253.00,2380.30,2380.30,267,2023-01-31 00:00:00,1,0,2024-07-02 18:04:40,0,2024-07-02 18:04:40,,,
2023-01,美国,200244.00,200244.00,58145.60,58145.60,268,2023-01-31 00:00:00,1,0,2024-07-02 18:04:40,0,2024-07-02 18:04:40,,,
2023-01,蒙古,3569691.50,3569691.50,524392.90,524392.90,269,2023-01-31 00:00:00,1,0,2024-07-02 18:04:40,0,2024-07-02 18:04:40,,,
2023-01,秘鲁,0.00,0.00,0.40,0.40,270,2023-01-31 00:00:00,1,0,2024-07-02 18:04:40,0,2024-07-02 18:04:40,,,
2023-01,缅甸,15899.70,15899.70,664.20,664.20,271,2023-01-31 00:00:00,1,0,2024-07-02 18:04:46,0,2024-07-02 18:04:46,,,
2023-01,南非,307587.00,307587.00,62892.40,62892.40,272,2023-01-31 00:00:00,1,0,2024-07-02 18:04:46,0,2024-07-02 18:04:46,,,
2023-01,伊朗,23.80,23.80,4.80,4.80,273,2023-01-31 00:00:00,1,0,2024-07-02 18:04:46,0,2024-07-02 18:04:46,,,
2023-01,印尼,18325410.50,18325410.50,1996674.10,1996674.10,274,2023-01-31 00:00:00,1,0,2024-07-02 18:04:46,0,2024-07-02 18:04:46,,,
2023-01,英国,4.00,4.00,7.20,7.20,275,2023-01-31 00:00:00,1,0,2024-07-02 18:04:46,0,2024-07-02 18:04:46,,,
2022-12,俄罗斯,6892718.10,68063751.90,1243449.70,12027467.00,276,2022-12-31 00:00:00,1,0,2024-07-02 18:04:46,0,2024-07-02 18:04:46,,,
2022-12,菲律宾,516839.90,4451491.70,54279.50,547252.10,277,2022-12-31 00:00:00,1,0,2024-07-02 18:04:46,0,2024-07-02 18:04:46,,,
2022-12,哥伦比亚,131258.00,379848.00,32923.30,107330.80,278,2022-12-31 00:00:00,1,0,2024-07-02 18:04:46,0,2024-07-02 18:04:46,,,
2022-12,吉尔吉斯斯坦,9803.80,110194.10,386.60,4121.80,279,2022-12-31 00:00:00,1,0,2024-07-02 18:04:46,0,2024-07-02 18:04:46,,,
2022-12,加拿大,336421.30,8663075.60,94250.30,3158943.20,280,2022-12-31 00:00:00,1,0,2024-07-02 18:04:46,0,2024-07-02 18:04:46,,,
2022-12,老挝,9971.90,104396.50,932.70,10462.00,281,2022-12-31 00:00:00,1,0,2024-07-02 18:04:46,0,2024-07-02 18:04:46,,,
2022-12,美国,314463.90,4521579.00,63358.20,1824662.10,282,2022-12-31 00:00:00,1,0,2024-07-02 18:04:46,0,2024-07-02 18:04:46,,,
2022-12,蒙古,4986588.90,31148206.90,772189.90,5045974.40,283,2022-12-31 00:00:00,1,0,2024-07-02 18:04:46,0,2024-07-02 18:04:46,,,
2022-12,缅甸,19835.40,88533.90,861.00,3896.20,284,2022-12-31 00:00:00,1,0,2024-07-02 18:04:46,0,2024-07-02 18:04:46,,,
2022-12,坦桑尼亚,0.00,0.00,0.20,1.00,285,2022-12-31 00:00:00,1,0,2024-07-02 18:04:46,0,2024-07-02 18:04:46,,,
2022-12,伊朗,92640.50,312129.80,10993.50,37213.20,286,2022-12-31 00:00:00,1,0,2024-07-02 18:04:46,0,2024-07-02 18:04:46,,,
2022-12,印尼,17533928.90,170653463.70,1882176.00,18845508.30,287,2022-12-31 00:00:00,1,0,2024-07-02 18:04:46,0,2024-07-02 18:04:46,,,
2022-12,越南,64002.00,105617.00,24167.00,41661.00,288,2022-12-31 00:00:00,1,0,2024-07-02 18:04:46,0,2024-07-02 18:04:46,,,
2022-11,俄罗斯,7158646.20,61171033.70,1265560.10,10784017.30,289,2022-11-30 00:00:00,1,0,2024-07-02 18:04:46,0,2024-07-02 18:04:46,,,
2022-11,菲律宾,280690.50,3934651.80,26493.10,492972.60,290,2022-11-30 00:00:00,1,0,2024-07-02 18:04:46,0,2024-07-02 18:04:46,,,
2022-11,吉尔吉斯斯坦,8511.20,100390.30,343.50,3735.20,291,2022-11-30 00:00:00,1,0,2024-07-02 18:04:46,0,2024-07-02 18:04:46,,,
2022-11,加拿大,726649.00,8326654.30,211443.90,3064692.80,292,2022-11-30 00:00:00,1,0,2024-07-02 18:04:46,0,2024-07-02 18:04:46,,,
2022-11,老挝,21173.40,94424.70,1822.90,9529.40,293,2022-11-30 00:00:00,1,0,2024-07-02 18:04:46,0,2024-07-02 18:04:46,,,
2022-11,马来西亚,29905.00,71003.00,3080.20,6620.50,294,2022-11-30 00:00:00,1,0,2024-07-02 18:04:46,0,2024-07-02 18:04:46,,,
2022-11,美国,132453.10,4207115.00,39467.40,1761303.90,295,2022-11-30 00:00:00,1,0,2024-07-02 18:04:46,0,2024-07-02 18:04:46,,,
2022-11,蒙古,3772345.20,26161618.00,548878.40,4273784.50,296,2022-11-30 00:00:00,1,0,2024-07-02 18:04:46,0,2024-07-02 18:04:46,,,
2022-11,缅甸,27726.50,68698.50,1234.60,3035.30,297,2022-11-30 00:00:00,1,0,2024-07-02 18:04:46,0,2024-07-02 18:04:46,,,
2022-11,坦桑尼亚,0.00,0.00,0.30,0.90,298,2022-11-30 00:00:00,1,0,2024-07-02 18:04:46,0,2024-07-02 18:04:46,,,
2022-11,新西兰,63442.00,174005.10,18402.70,39783.20,299,2022-11-30 00:00:00,1,0,2024-07-02 18:04:46,0,2024-07-02 18:04:46,,,
2022-11,伊朗,40214.20,219489.30,5211.10,26219.70,300,2022-11-30 00:00:00,1,0,2024-07-02 18:04:46,0,2024-07-02 18:04:46,,,
2022-11,印尼,20039018.50,153119534.80,2214756.40,16963332.30,301,2022-11-30 00:00:00,1,0,2024-07-02 18:04:49,0,2024-07-02 18:04:49,,,
2022-11,越南,12400.00,41615.00,4268.30,17494.00,302,2022-11-30 00:00:00,1,0,2024-07-02 18:04:49,0,2024-07-02 18:04:49,,,
2022-10,俄罗斯,6426516.10,54012387.50,1074488.40,9518457.20,303,2022-10-31 00:00:00,1,0,2024-07-02 18:04:49,0,2024-07-02 18:04:49,,,
2022-10,吉尔吉斯斯坦,14838.80,91879.10,592.20,3391.60,304,2022-10-31 00:00:00,1,0,2024-07-02 18:04:49,0,2024-07-02 18:04:49,,,
2022-10,加拿大,718024.70,7600005.20,203362.60,2853248.90,305,2022-10-31 00:00:00,1,0,2024-07-02 18:04:49,0,2024-07-02 18:04:49,,,
2022-10,老挝,7507.50,73251.20,595.60,7706.50,306,2022-10-31 00:00:00,1,0,2024-07-02 18:04:49,0,2024-07-02 18:04:49,,,
2022-10,美国,139050.80,4074661.90,41775.40,1721836.50,307,2022-10-31 00:00:00,1,0,2024-07-02 18:04:49,0,2024-07-02 18:04:49,,,
2022-10,蒙古,3807163.60,22389272.80,538775.00,3724906.10,308,2022-10-31 00:00:00,1,0,2024-07-02 18:04:49,0,2024-07-02 18:04:49,,,
2022-10,缅甸,4170.70,40972.00,188.00,1800.70,309,2022-10-31 00:00:00,1,0,2024-07-02 18:04:49,0,2024-07-02 18:04:49,,,
2022-10,莫桑比克,62848.00,186992.40,21356.20,66853.70,310,2022-10-31 00:00:00,1,0,2024-07-02 18:04:49,0,2024-07-02 18:04:49,,,
2022-10,伊朗,44499.40,179275.10,5766.30,21008.60,311,2022-10-31 00:00:00,1,0,2024-07-02 18:04:49,0,2024-07-02 18:04:49,,,
2022-10,印尼,17957507.10,133080516.30,1821952.50,14748576.00,312,2022-10-31 00:00:00,1,0,2024-07-02 18:04:49,0,2024-07-02 18:04:49,,,
2022-09,埃塞俄比亚,1.00,1.00,6.20,6.20,313,2022-09-30 00:00:00,1,0,2024-07-02 18:04:49,0,2024-07-02 18:04:49,,,
2022-09,澳大利亚,80057.50,2855604.80,9867.70,331812.60,314,2022-09-30 00:00:00,1,0,2024-07-02 18:04:49,0,2024-07-02 18:04:49,,,
2022-09,巴基斯坦,0.00,0.00,0.00,0.10,315,2022-09-30 00:00:00,1,0,2024-07-02 18:04:49,0,2024-07-02 18:04:49,,,
2022-09,德国,0.00,0.00,0.00,0.00,316,2022-09-30 00:00:00,1,0,2024-07-02 18:04:49,0,2024-07-02 18:04:49,,,
2022-09,俄罗斯,6954637.50,47585871.40,1047353.60,8443968.80,317,2022-09-30 00:00:00,1,0,2024-07-02 18:04:49,0,2024-07-02 18:04:49,,,
2022-09,吉尔吉斯斯坦,23914.20,77040.40,870.00,2799.40,318,2022-09-30 00:00:00,1,0,2024-07-02 18:04:49,0,2024-07-02 18:04:49,,,
2022-09,加拿大,603302.70,6881980.60,179135.90,2649886.30,319,2022-09-30 00:00:00,1,0,2024-07-02 18:04:49,0,2024-07-02 18:04:49,,,
2022-09,老挝,6412.90,65743.70,635.50,7110.80,320,2022-09-30 00:00:00,1,0,2024-07-02 18:04:49,0,2024-07-02 18:04:49,,,
2022-09,马来西亚,41098.00,41098.00,3540.20,3540.40,321,2022-09-30 00:00:00,1,0,2024-07-02 18:04:49,0,2024-07-02 18:04:49,,,
2022-09,美国,257003.40,3935611.20,74572.50,1680061.10,322,2022-09-30 00:00:00,1,0,2024-07-02 18:04:49,0,2024-07-02 18:04:49,,,
2022-09,蒙古,4244344.20,18582109.20,588737.70,3186131.10,323,2022-09-30 00:00:00,1,0,2024-07-02 18:04:49,0,2024-07-02 18:04:49,,,
2022-09,秘鲁,34804.00,213358.10,16540.90,51538.80,324,2022-09-30 00:00:00,1,0,2024-07-02 18:04:49,0,2024-07-02 18:04:49,,,
2022-09,缅甸,9428.10,36801.40,409.70,1612.60,325,2022-09-30 00:00:00,1,0,2024-07-02 18:04:49,0,2024-07-02 18:04:49,,,
2022-09,伊朗,42999.20,134775.70,4193.50,15242.30,326,2022-09-30 00:00:00,1,0,2024-07-02 18:04:49,0,2024-07-02 18:04:49,,,
2022-09,印尼,20722564.00,115123009.20,2031730.00,12926623.40,327,2022-09-30 00:00:00,1,0,2024-07-02 18:04:49,0,2024-07-02 18:04:49,,,
2022-09,越南,27205.00,29215.00,13084.20,13225.70,328,2022-09-30 00:00:00,1,0,2024-07-02 18:04:49,0,2024-07-02 18:04:49,,,
2022-08,澳大利亚,87004.30,2775547.30,10935.00,321944.90,329,2022-08-31 00:00:00,1,0,2024-07-02 18:04:49,0,2024-07-02 18:04:49,,,
2022-08,俄罗斯,8542292.70,40631233.80,1403225.70,7396615.20,330,2022-08-31 00:00:00,1,0,2024-07-02 18:04:49,0,2024-07-02 18:04:49,,,
2022-08,菲律宾,56899.30,3653961.40,6291.40,466479.50,331,2022-08-31 00:00:00,1,0,2024-07-02 18:04:55,0,2024-07-02 18:04:55,,,
2022-08,吉尔吉斯斯坦,16454.80,53126.20,594.30,1929.50,332,2022-08-31 00:00:00,1,0,2024-07-02 18:04:55,0,2024-07-02 18:04:55,,,
2022-08,加拿大,818389.80,6278677.90,308883.20,2470750.40,333,2022-08-31 00:00:00,1,0,2024-07-02 18:04:55,0,2024-07-02 18:04:55,,,
2022-08,老挝,8058.10,59330.70,589.10,6475.30,334,2022-08-31 00:00:00,1,0,2024-07-02 18:04:55,0,2024-07-02 18:04:55,,,
2022-08,马来西亚,0.00,0.00,0.20,0.20,335,2022-08-31 00:00:00,1,0,2024-07-02 18:04:55,0,2024-07-02 18:04:55,,,
2022-08,美国,505329.80,3678607.80,216007.00,1605488.60,336,2022-08-31 00:00:00,1,0,2024-07-02 18:04:55,0,2024-07-02 18:04:55,,,
2022-08,蒙古,3594015.80,14337765.00,496601.20,2597393.40,337,2022-08-31 00:00:00,1,0,2024-07-02 18:04:55,0,2024-07-02 18:04:55,,,
2022-08,缅甸,6265.40,27373.30,275.30,1202.90,338,2022-08-31 00:00:00,1,0,2024-07-02 18:04:55,0,2024-07-02 18:04:55,,,
2022-08,印尼,15819542.30,94400445.20,1667339.70,10894893.40,339,2022-08-31 00:00:00,1,0,2024-07-02 18:04:55,0,2024-07-02 18:04:55,,,
2022-08,英国,2.00,10.00,3.80,13.40,340,2022-08-31 00:00:00,1,0,2024-07-02 18:04:55,0,2024-07-02 18:04:55,,,
2022-08,越南,2010.00,2010.00,141.60,141.60,341,2022-08-31 00:00:00,1,0,2024-07-02 18:04:55,0,2024-07-02 18:04:55,,,
2022-07,俄罗斯,7421060.80,32088941.10,1403649.20,5993389.50,342,2022-07-31 00:00:00,1,0,2024-07-02 18:04:55,0,2024-07-02 18:04:55,,,
2022-07,菲律宾,144927.50,3597062.00,16175.00,460188.20,343,2022-07-31 00:00:00,1,0,2024-07-02 18:04:55,0,2024-07-02 18:04:55,,,
2022-07,哥伦比亚,0.00,248590.00,0.20,74407.60,344,2022-07-31 00:00:00,1,0,2024-07-02 18:04:55,0,2024-07-02 18:04:55,,,
2022-07,哈萨克斯坦,69.00,146600.00,15.70,17013.40,345,2022-07-31 00:00:00,1,0,2024-07-02 18:04:55,0,2024-07-02 18:04:55,,,
2022-07,吉尔吉斯斯坦,19958.60,36671.40,718.50,1335.10,346,2022-07-31 00:00:00,1,0,2024-07-02 18:04:55,0,2024-07-02 18:04:55,,,
2022-07,加拿大,1026358.20,5460288.10,419692.80,2161867.20,347,2022-07-31 00:00:00,1,0,2024-07-02 18:04:55,0,2024-07-02 18:04:55,,,
2022-07,老挝,4156.60,51272.60,301.90,5886.20,348,2022-07-31 00:00:00,1,0,2024-07-02 18:04:55,0,2024-07-02 18:04:55,,,
2022-07,美国,303320.60,3173277.90,134141.50,1389481.60,349,2022-07-31 00:00:00,1,0,2024-07-02 18:04:55,0,2024-07-02 18:04:55,,,
2022-07,蒙古,2850301.10,10743749.20,510315.20,2100792.20,350,2022-07-31 00:00:00,1,0,2024-07-02 18:04:55,0,2024-07-02 18:04:55,,,
2022-07,缅甸,5689.70,21107.90,247.10,927.60,351,2022-07-31 00:00:00,1,0,2024-07-02 18:04:55,0,2024-07-02 18:04:55,,,
2022-07,南非,0.30,1074208.40,4.80,246569.80,352,2022-07-31 00:00:00,1,0,2024-07-02 18:04:55,0,2024-07-02 18:04:55,,,
2022-07,伊朗,45071.40,91776.50,5551.10,11048.90,353,2022-07-31 00:00:00,1,0,2024-07-02 18:04:55,0,2024-07-02 18:04:55,,,
2022-07,印尼,11702470.10,78580902.90,1292788.00,9227553.70,354,2022-07-31 00:00:00,1,0,2024-07-02 18:04:55,0,2024-07-02 18:04:55,,,
2022-07,英国,2.00,8.00,4.00,9.60,355,2022-07-31 00:00:00,1,0,2024-07-02 18:04:55,0,2024-07-02 18:04:55,,,
2022-06,俄罗斯,6122294.50,24667880.30,1097597.50,4589740.30,356,2022-06-30 00:00:00,1,0,2024-07-02 18:04:55,0,2024-07-02 18:04:55,,,
2022-06,菲律宾,63015.30,3452134.50,9886.00,444013.10,357,2022-06-30 00:00:00,1,0,2024-07-02 18:04:55,0,2024-07-02 18:04:55,,,
2022-06,吉尔吉斯斯坦,11120.50,16712.70,402.40,616.60,358,2022-06-30 00:00:00,1,0,2024-07-02 18:04:55,0,2024-07-02 18:04:55,,,
2022-06,加拿大,685109.00,4433929.90,302964.00,1742174.40,359,2022-06-30 00:00:00,1,0,2024-07-02 18:04:55,0,2024-07-02 18:04:55,,,
2022-06,老挝,35956.60,47116.00,4837.40,5584.30,360,2022-06-30 00:00:00,1,0,2024-07-02 18:04:55,0,2024-07-02 18:04:55,,,
2022-06,美国,78858.30,2869957.30,32342.00,1255340.00,361,2022-06-30 00:00:00,1,0,2024-07-02 18:04:59,0,2024-07-02 18:04:59,,,
2022-06,蒙古,2332432.80,7893448.10,454835.40,1590477.00,362,2022-06-30 00:00:00,1,0,2024-07-02 18:04:59,0,2024-07-02 18:04:59,,,
2022-06,秘鲁,37357.00,178554.10,8108.20,34997.80,363,2022-06-30 00:00:00,1,0,2024-07-02 18:04:59,0,2024-07-02 18:04:59,,,
2022-06,缅甸,11496.60,15418.20,502.10,680.40,364,2022-06-30 00:00:00,1,0,2024-07-02 18:04:59,0,2024-07-02 18:04:59,,,
2022-06,南非,0.00,1074208.10,0.20,246564.90,365,2022-06-30 00:00:00,1,0,2024-07-02 18:04:59,0,2024-07-02 18:04:59,,,
2022-06,印尼,9604626.80,66878432.80,1131006.50,7934765.70,366,2022-06-30 00:00:00,1,0,2024-07-02 18:04:59,0,2024-07-02 18:04:59,,,
2022-05,澳大利亚,14.60,2688543.00,0.80,311009.90,367,2022-05-31 00:00:00,1,0,2024-07-02 18:04:59,0,2024-07-02 18:04:59,,,
2022-05,俄罗斯,5010771.20,18545585.80,990654.50,3492142.80,368,2022-05-31 00:00:00,1,0,2024-07-02 18:04:59,0,2024-07-02 18:04:59,,,
2022-05,菲律宾,402346.40,3389119.20,64544.20,434127.20,369,2022-05-31 00:00:00,1,0,2024-07-02 18:04:59,0,2024-07-02 18:04:59,,,
2022-05,哈萨克斯坦,0.00,146531.00,2.40,16997.70,370,2022-05-31 00:00:00,1,0,2024-07-02 18:04:59,0,2024-07-02 18:04:59,,,
2022-05,吉尔吉斯斯坦,5488.30,5592.20,197.60,214.20,371,2022-05-31 00:00:00,1,0,2024-07-02 18:04:59,0,2024-07-02 18:04:59,,,
2022-05,加拿大,774555.20,3748820.90,330984.70,1439210.40,372,2022-05-31 00:00:00,1,0,2024-07-02 18:04:59,0,2024-07-02 18:04:59,,,
2022-05,老挝,4081.90,11159.50,277.20,746.80,373,2022-05-31 00:00:00,1,0,2024-07-02 18:04:59,0,2024-07-02 18:04:59,,,
2022-05,美国,125476.20,2791099.10,51582.10,1222998.10,374,2022-05-31 00:00:00,1,0,2024-07-02 18:04:59,0,2024-07-02 18:04:59,,,
2022-05,蒙古,1843704.10,5561015.40,381904.70,1135641.60,375,2022-05-31 00:00:00,1,0,2024-07-02 18:04:59,0,2024-07-02 18:04:59,,,
2022-05,秘鲁,0.00,141197.10,0.60,26889.70,376,2022-05-31 00:00:00,1,0,2024-07-02 18:04:59,0,2024-07-02 18:04:59,,,
2022-05,缅甸,1880.90,3921.60,85.50,178.30,377,2022-05-31 00:00:00,1,0,2024-07-02 18:04:59,0,2024-07-02 18:04:59,,,
2022-05,泰国,0.00,0.00,0.10,0.10,378,2022-05-31 00:00:00,1,0,2024-07-02 18:04:59,0,2024-07-02 18:04:59,,,
2022-05,新西兰,0.10,110563.10,0.50,21380.60,379,2022-05-31 00:00:00,1,0,2024-07-02 18:04:59,0,2024-07-02 18:04:59,,,
2022-05,印尼,12380217.40,57273806.00,1579311.50,6803759.20,380,2022-05-31 00:00:00,1,0,2024-07-02 18:04:59,0,2024-07-02 18:04:59,,,
2022-04,俄罗斯,3896167.90,13534814.60,787000.10,2501488.40,381,2022-04-30 00:00:00,1,0,2024-07-02 18:04:59,0,2024-07-02 18:04:59,,,
2022-04,菲律宾,1062415.50,2986772.80,159711.70,369583.00,382,2022-04-30 00:00:00,1,0,2024-07-02 18:04:59,0,2024-07-02 18:04:59,,,
2022-04,哈萨克斯坦,40.70,146531.00,10.60,16995.40,383,2022-04-30 00:00:00,1,0,2024-07-02 18:04:59,0,2024-07-02 18:04:59,,,
2022-04,吉尔吉斯斯坦,104.00,104.00,16.60,16.60,384,2022-04-30 00:00:00,1,0,2024-07-02 18:04:59,0,2024-07-02 18:04:59,,,
2022-04,加拿大,980576.70,2974265.70,346625.00,1108225.70,385,2022-04-30 00:00:00,1,0,2024-07-02 18:04:59,0,2024-07-02 18:04:59,,,
2022-04,老挝,4596.40,7077.60,287.20,469.60,386,2022-04-30 00:00:00,1,0,2024-07-02 18:04:59,0,2024-07-02 18:04:59,,,
2022-04,美国,78602.20,2665622.80,42496.20,1171416.00,387,2022-04-30 00:00:00,1,0,2024-07-02 18:04:59,0,2024-07-02 18:04:59,,,
2022-04,蒙古,1381178.20,3717311.20,300729.20,753736.90,388,2022-04-30 00:00:00,1,0,2024-07-02 18:04:59,0,2024-07-02 18:04:59,,,
2022-04,秘鲁,103841.10,141197.10,19154.80,26889.10,389,2022-04-30 00:00:00,1,0,2024-07-02 18:04:59,0,2024-07-02 18:04:59,,,
2022-04,缅甸,659.90,2040.70,30.00,92.80,390,2022-04-30 00:00:00,1,0,2024-07-02 18:04:59,0,2024-07-02 18:04:59,,,
2022-04,莫桑比克,88000.00,124144.40,30409.20,45497.50,391,2022-04-30 00:00:00,1,0,2024-07-02 18:05:04,0,2024-07-02 18:05:04,,,
2022-04,伊朗,1463.10,46705.10,293.50,5497.80,392,2022-04-30 00:00:00,1,0,2024-07-02 18:05:04,0,2024-07-02 18:05:04,,,
2022-04,印尼,15950969.30,44893588.60,2015457.90,5224447.70,393,2022-04-30 00:00:00,1,0,2024-07-02 18:05:04,0,2024-07-02 18:05:04,,,
2022-03,澳大利亚,342734.50,2688528.40,35310.60,311009.20,394,2022-03-31 00:00:00,1,0,2024-07-02 18:05:04,0,2024-07-02 18:05:04,,,
2022-03,俄罗斯,3120919.30,9638646.70,564037.60,1714488.20,395,2022-03-31 00:00:00,1,0,2024-07-02 18:05:04,0,2024-07-02 18:05:04,,,
2022-03,菲律宾,758072.80,1924357.30,93313.70,209871.30,396,2022-03-31 00:00:00,1,0,2024-07-02 18:05:04,0,2024-07-02 18:05:04,,,
2022-03,哈萨克斯坦,140859.40,146490.30,15760.10,16984.80,397,2022-03-31 00:00:00,1,0,2024-07-02 18:05:04,0,2024-07-02 18:05:04,,,
2022-03,加拿大,651588.00,1993689.00,219891.10,761600.70,398,2022-03-31 00:00:00,1,0,2024-07-02 18:05:04,0,2024-07-02 18:05:04,,,
2022-03,老挝,1317.60,2481.30,83.20,182.40,399,2022-03-31 00:00:00,1,0,2024-07-02 18:05:04,0,2024-07-02 18:05:04,,,
2022-03,美国,361314.60,2587020.70,135376.30,1128919.70,400,2022-03-31 00:00:00,1,0,2024-07-02 18:05:04,0,2024-07-02 18:05:04,,,
2022-03,蒙古,1021982.00,2336133.00,229978.70,453007.70,401,2022-03-31 00:00:00,1,0,2024-07-02 18:05:04,0,2024-07-02 18:05:04,,,
2022-03,南非,0.00,1074208.00,0.50,246564.70,402,2022-03-31 00:00:00,1,0,2024-07-02 18:05:04,0,2024-07-02 18:05:04,,,
2022-03,印尼,10023985.10,28942619.30,1021482.00,3208989.80,403,2022-03-31 00:00:00,1,0,2024-07-02 18:05:04,0,2024-07-02 18:05:04,,,
2022-03,英国,6.00,6.00,5.60,5.60,404,2022-03-31 00:00:00,1,0,2024-07-02 18:05:04,0,2024-07-02 18:05:04,,,
2022-02,澳大利亚,171819.00,2345793.90,22357.70,275698.50,405,2022-02-28 00:00:00,1,0,2024-07-02 18:05:04,0,2024-07-02 18:05:04,,,
2022-02,巴基斯坦,0.00,0.00,0.00,0.00,406,2022-02-28 00:00:00,1,0,2024-07-02 18:05:04,0,2024-07-02 18:05:04,,,
2022-02,俄罗斯,2626823.00,6517727.40,457374.80,1150450.70,407,2022-02-28 00:00:00,1,0,2024-07-02 18:05:04,0,2024-07-02 18:05:04,,,
2022-02,菲律宾,93951.60,1166284.50,8980.40,116557.60,408,2022-02-28 00:00:00,1,0,2024-07-02 18:05:04,0,2024-07-02 18:05:04,,,
2022-02,哥伦比亚,60976.00,248590.00,22326.10,74407.40,409,2022-02-28 00:00:00,1,0,2024-07-02 18:05:04,0,2024-07-02 18:05:04,,,
2022-02,哈萨克斯坦,3002.50,5630.90,653.00,1224.70,410,2022-02-28 00:00:00,1,0,2024-07-02 18:05:04,0,2024-07-02 18:05:04,,,
2022-02,加拿大,347353.50,1342101.00,150501.40,541709.50,411,2022-02-28 00:00:00,1,0,2024-07-02 18:05:04,0,2024-07-02 18:05:04,,,
2022-02,老挝,168.00,1163.70,10.50,99.20,412,2022-02-28 00:00:00,1,0,2024-07-02 18:05:04,0,2024-07-02 18:05:04,,,
2022-02,美国,701223.80,2225706.10,298760.00,993543.50,413,2022-02-28 00:00:00,1,0,2024-07-02 18:05:04,0,2024-07-02 18:05:04,,,
2022-02,蒙古,569281.20,1314151.00,103570.20,223029.00,414,2022-02-28 00:00:00,1,0,2024-07-02 18:05:04,0,2024-07-02 18:05:04,,,
2022-02,缅甸,386.40,1380.80,17.60,62.80,415,2022-02-28 00:00:00,1,0,2024-07-02 18:05:04,0,2024-07-02 18:05:04,,,
2022-02,坦桑尼亚,0.00,0.00,0.60,0.60,416,2022-02-28 00:00:00,1,0,2024-07-02 18:05:04,0,2024-07-02 18:05:04,,,
2022-02,新西兰,45000.00,110563.00,8952.50,21380.10,417,2022-02-28 00:00:00,1,0,2024-07-02 18:05:04,0,2024-07-02 18:05:04,,,
2022-02,伊朗,43881.50,45241.90,4931.40,5204.30,418,2022-02-28 00:00:00,1,0,2024-07-02 18:05:04,0,2024-07-02 18:05:04,,,
2022-02,印尼,6565936.30,18918634.20,644862.30,2187507.80,419,2022-02-28 00:00:00,1,0,2024-07-02 18:05:04,0,2024-07-02 18:05:04,,,
2022-01,澳大利亚,2173974.90,2173974.90,253340.80,253340.80,420,2022-01-31 00:00:00,1,0,2024-07-02 18:05:04,0,2024-07-02 18:05:04,,,
2022-01,俄罗斯,3890904.40,3890904.40,693075.80,693075.80,421,2022-01-31 00:00:00,1,0,2024-07-02 18:05:09,0,2024-07-02 18:05:09,,,
2022-01,菲律宾,1072333.00,1072333.00,107577.20,107577.20,422,2022-01-31 00:00:00,1,0,2024-07-02 18:05:09,0,2024-07-02 18:05:09,,,
2022-01,哥伦比亚,187614.00,187614.00,52081.30,52081.30,423,2022-01-31 00:00:00,1,0,2024-07-02 18:05:09,0,2024-07-02 18:05:09,,,
2022-01,哈萨克斯坦,2628.50,2628.50,571.70,571.70,424,2022-01-31 00:00:00,1,0,2024-07-02 18:05:09,0,2024-07-02 18:05:09,,,
2022-01,加拿大,994747.50,994747.50,391208.20,391208.20,425,2022-01-31 00:00:00,1,0,2024-07-02 18:05:09,0,2024-07-02 18:05:09,,,
2022-01,老挝,995.70,995.70,88.70,88.70,426,2022-01-31 00:00:00,1,0,2024-07-02 18:05:09,0,2024-07-02 18:05:09,,,
2022-01,美国,1524482.30,1524482.30,694783.50,694783.50,427,2022-01-31 00:00:00,1,0,2024-07-02 18:05:09,0,2024-07-02 18:05:09,,,
2022-01,蒙古,744869.80,744869.80,119458.80,119458.80,428,2022-01-31 00:00:00,1,0,2024-07-02 18:05:09,0,2024-07-02 18:05:09,,,
2022-01,秘鲁,37356.00,37356.00,7734.30,7734.30,429,2022-01-31 00:00:00,1,0,2024-07-02 18:05:09,0,2024-07-02 18:05:09,,,
2022-01,缅甸,994.40,994.40,45.20,45.20,430,2022-01-31 00:00:00,1,0,2024-07-02 18:05:09,0,2024-07-02 18:05:09,,,
2022-01,莫桑比克,36144.40,36144.40,15088.40,15088.40,431,2022-01-31 00:00:00,1,0,2024-07-02 18:05:09,0,2024-07-02 18:05:09,,,
2022-01,南非,1074208.00,1074208.00,246564.30,246564.30,432,2022-01-31 00:00:00,1,0,2024-07-02 18:05:09,0,2024-07-02 18:05:09,,,
2022-01,乌克兰,0.00,0.00,0.60,0.60,433,2022-01-31 00:00:00,1,0,2024-07-02 18:05:09,0,2024-07-02 18:05:09,,,
2022-01,新西兰,65563.00,65563.00,12427.70,12427.70,434,2022-01-31 00:00:00,1,0,2024-07-02 18:05:09,0,2024-07-02 18:05:09,,,
2022-01,伊朗,1360.40,1360.40,272.90,272.90,435,2022-01-31 00:00:00,1,0,2024-07-02 18:05:09,0,2024-07-02 18:05:09,,,
2022-01,印尼,12352697.90,12352697.90,1542645.50,1542645.50,436,2022-01-31 00:00:00,1,0,2024-07-02 18:05:09,0,2024-07-02 18:05:09,,,
2021-12,阿拉伯联合酋长国,43272.20,43272.20,12389.90,12389.90,437,2021-12-31 00:00:00,1,0,2024-07-02 18:05:09,0,2024-07-02 18:05:09,,,
2021-12,澳大利亚,3675310.60,11711214.10,378168.80,1009283.50,438,2021-12-31 00:00:00,1,0,2024-07-02 18:05:09,0,2024-07-02 18:05:09,,,
2021-12,俄罗斯,4079627.00,56993457.00,735369.30,7182032.60,439,2021-12-31 00:00:00,1,0,2024-07-02 18:05:09,0,2024-07-02 18:05:09,,,
2021-12,菲律宾,463981.10,8480320.80,52007.60,604598.90,440,2021-12-31 00:00:00,1,0,2024-07-02 18:05:09,0,2024-07-02 18:05:09,,,
2021-12,哥伦比亚,317026.00,4196141.20,97680.50,463133.00,441,2021-12-31 00:00:00,1,0,2024-07-02 18:05:09,0,2024-07-02 18:05:09,,,
2021-12,哈萨克斯坦,139038.90,541867.60,16474.90,55664.30,442,2021-12-31 00:00:00,1,0,2024-07-02 18:05:09,0,2024-07-02 18:05:09,,,
2021-12,加拿大,1460458.30,10432933.40,679181.10,2828525.00,443,2021-12-31 00:00:00,1,0,2024-07-02 18:05:09,0,2024-07-02 18:05:09,,,
2021-12,柬埔寨,0.00,0.00,0.10,0.10,444,2021-12-31 00:00:00,1,0,2024-07-02 18:05:09,0,2024-07-02 18:05:09,,,
2021-12,老挝,796.40,89466.40,49.90,4859.20,445,2021-12-31 00:00:00,1,0,2024-07-02 18:05:09,0,2024-07-02 18:05:09,,,
2021-12,美国,1132269.20,10599933.20,411407.70,2704054.70,446,2021-12-31 00:00:00,1,0,2024-07-02 18:05:09,0,2024-07-02 18:05:09,,,
2021-12,蒙古,947993.10,16443560.60,144878.40,2011757.60,447,2021-12-31 00:00:00,1,0,2024-07-02 18:05:09,0,2024-07-02 18:05:09,,,
2021-12,秘鲁,67064.50,173412.10,16776.60,31366.40,448,2021-12-31 00:00:00,1,0,2024-07-02 18:05:09,0,2024-07-02 18:05:09,,,
2021-12,缅甸,6068.20,115941.60,275.50,5185.70,449,2021-12-31 00:00:00,1,0,2024-07-02 18:05:09,0,2024-07-02 18:05:09,,,
2021-12,莫桑比克,32100.80,970017.60,12933.50,236508.80,450,2021-12-31 00:00:00,1,0,2024-07-02 18:05:09,0,2024-07-02 18:05:09,,,
2021-12,南非,1146078.70,7035711.70,218255.20,758242.40,451,2021-12-31 00:00:00,1,0,2024-07-02 18:05:15,0,2024-07-02 18:05:15,,,
2021-12,伊朗,47.40,37253.90,6.00,2949.70,452,2021-12-31 00:00:00,1,0,2024-07-02 18:05:15,0,2024-07-02 18:05:15,,,
2021-12,印尼,17438951.70,195659424.40,2540637.00,17868993.90,453,2021-12-31 00:00:00,1,0,2024-07-02 18:05:15,0,2024-07-02 18:05:15,,,
2021-12,英国,2.00,2.00,4.10,4.10,454,2021-12-31 00:00:00,1,0,2024-07-02 18:05:15,0,2024-07-02 18:05:15,,,
2021-11,澳大利亚,5247711.90,8035903.50,434430.70,631114.70,455,2021-11-30 00:00:00,1,0,2024-07-02 18:05:15,0,2024-07-02 18:05:15,,,
2021-11,巴西,0.00,45.30,0.50,19.20,456,2021-11-30 00:00:00,1,0,2024-07-02 18:05:15,0,2024-07-02 18:05:15,,,
2021-11,俄罗斯,5059891.40,52913830.00,1092646.60,6446663.30,457,2021-11-30 00:00:00,1,0,2024-07-02 18:05:15,0,2024-07-02 18:05:15,,,
2021-11,菲律宾,496178.60,8016339.70,51641.80,552591.30,458,2021-11-30 00:00:00,1,0,2024-07-02 18:05:15,0,2024-07-02 18:05:15,,,
2021-11,加拿大,1102620.40,8972475.10,467324.10,2149343.90,459,2021-11-30 00:00:00,1,0,2024-07-02 18:05:15,0,2024-07-02 18:05:15,,,
2021-11,老挝,186.00,88670.00,11.60,4809.30,460,2021-11-30 00:00:00,1,0,2024-07-02 18:05:15,0,2024-07-02 18:05:15,,,
2021-11,美国,1444406.20,9467664.00,542904.80,2292647.00,461,2021-11-30 00:00:00,1,0,2024-07-02 18:05:15,0,2024-07-02 18:05:15,,,
2021-11,蒙古,1545788.60,15495567.50,343024.10,1866879.20,462,2021-11-30 00:00:00,1,0,2024-07-02 18:05:15,0,2024-07-02 18:05:15,,,
2021-11,秘鲁,38105.40,106347.60,6171.80,14589.80,463,2021-11-30 00:00:00,1,0,2024-07-02 18:05:15,0,2024-07-02 18:05:15,,,
2021-11,缅甸,6349.00,109873.50,286.10,4910.20,464,2021-11-30 00:00:00,1,0,2024-07-02 18:05:15,0,2024-07-02 18:05:15,,,
2021-11,莫桑比克,71354.30,937916.80,25981.40,223575.30,465,2021-11-30 00:00:00,1,0,2024-07-02 18:05:15,0,2024-07-02 18:05:15,,,
2021-11,南非,458168.00,5889633.00,69851.80,539987.20,466,2021-11-30 00:00:00,1,0,2024-07-02 18:05:15,0,2024-07-02 18:05:15,,,
2021-11,尼日利亚,0.00,0.00,0.20,0.20,467,2021-11-30 00:00:00,1,0,2024-07-02 18:05:15,0,2024-07-02 18:05:15,,,
2021-11,塞内加尔,0.10,0.10,0.40,0.40,468,2021-11-30 00:00:00,1,0,2024-07-02 18:05:15,0,2024-07-02 18:05:15,,,
2021-11,台湾省,0.00,0.00,0.10,0.30,469,2021-11-30 00:00:00,1,0,2024-07-02 18:05:15,0,2024-07-02 18:05:15,,,
2021-11,泰国,0.00,0.00,0.10,0.10,470,2021-11-30 00:00:00,1,0,2024-07-02 18:05:15,0,2024-07-02 18:05:15,,,
2021-11,新西兰,44141.00,154631.20,14399.00,28241.10,471,2021-11-30 00:00:00,1,0,2024-07-02 18:05:15,0,2024-07-02 18:05:15,,,
2021-11,伊朗,37206.50,37206.50,2943.70,2943.70,472,2021-11-30 00:00:00,1,0,2024-07-02 18:05:15,0,2024-07-02 18:05:15,,,
2021-11,印度,0.00,0.00,0.00,0.10,473,2021-11-30 00:00:00,1,0,2024-07-02 18:05:15,0,2024-07-02 18:05:15,,,
2021-11,印尼,19500281.10,178220472.70,2817851.20,15328356.90,474,2021-11-30 00:00:00,1,0,2024-07-02 18:05:15,0,2024-07-02 18:05:15,,,
2021-10,澳大利亚,2788191.70,2788191.70,196684.00,196684.00,475,2021-10-31 00:00:00,1,0,2024-07-02 18:05:15,0,2024-07-02 18:05:15,,,
2021-10,俄罗斯,5094575.80,47853938.60,797042.50,5354016.70,476,2021-10-31 00:00:00,1,0,2024-07-02 18:05:15,0,2024-07-02 18:05:15,,,
2021-10,菲律宾,371271.60,7520161.10,30158.80,500949.60,477,2021-10-31 00:00:00,1,0,2024-07-02 18:05:15,0,2024-07-02 18:05:15,,,
2021-10,哥伦比亚,117075.10,3879115.20,25994.50,365452.50,478,2021-10-31 00:00:00,1,0,2024-07-02 18:05:15,0,2024-07-02 18:05:15,,,
2021-10,哈萨克斯坦,988.30,402828.60,87.00,39189.40,479,2021-10-31 00:00:00,1,0,2024-07-02 18:05:15,0,2024-07-02 18:05:15,,,
2021-10,加拿大,451717.00,7869854.70,159554.20,1682019.80,480,2021-10-31 00:00:00,1,0,2024-07-02 18:05:15,0,2024-07-02 18:05:15,,,
2021-10,老挝,13086.00,88484.00,805.80,4797.60,481,2021-10-31 00:00:00,1,0,2024-07-02 18:05:21,0,2024-07-02 18:05:21,,,
2021-10,美国,835768.90,8023257.90,262042.60,1749742.20,482,2021-10-31 00:00:00,1,0,2024-07-02 18:05:21,0,2024-07-02 18:05:21,,,
2021-10,蒙古,1306944.30,13949778.90,347279.20,1523855.10,483,2021-10-31 00:00:00,1,0,2024-07-02 18:05:21,0,2024-07-02 18:05:21,,,
2021-10,缅甸,8465.20,103524.40,378.70,4624.10,484,2021-10-31 00:00:00,1,0,2024-07-02 18:05:21,0,2024-07-02 18:05:21,,,
2021-10,莫桑比克,79675.00,866562.60,37880.10,197593.90,485,2021-10-31 00:00:00,1,0,2024-07-02 18:05:21,0,2024-07-02 18:05:21,,,
2021-10,南非,317468.00,5431465.00,30890.60,470135.40,486,2021-10-31 00:00:00,1,0,2024-07-02 18:05:21,0,2024-07-02 18:05:21,,,
2021-10,印尼,15557780.10,158720191.60,1720104.10,12510505.70,487,2021-10-31 00:00:00,1,0,2024-07-02 18:05:21,0,2024-07-02 18:05:21,,,
2021-10,赞比亚,0.10,0.10,0.80,0.80,488,2021-10-31 00:00:00,1,0,2024-07-02 18:05:21,0,2024-07-02 18:05:21,,,
2021-09,俄罗斯,5803403.60,42759362.80,780643.80,4556974.20,489,2021-09-30 00:00:00,1,0,2024-07-02 18:05:21,0,2024-07-02 18:05:21,,,
2021-09,菲律宾,1091011.20,7148889.50,79872.80,470790.80,490,2021-09-30 00:00:00,1,0,2024-07-02 18:05:21,0,2024-07-02 18:05:21,,,
2021-09,哥伦比亚,398520.50,3762040.10,47386.10,339458.00,491,2021-09-30 00:00:00,1,0,2024-07-02 18:05:21,0,2024-07-02 18:05:21,,,
2021-09,哈萨克斯坦,4159.10,401840.30,598.40,39102.40,492,2021-09-30 00:00:00,1,0,2024-07-02 18:05:21,0,2024-07-02 18:05:21,,,
2021-09,加拿大,1004463.10,7418137.70,290002.30,1522465.60,493,2021-09-30 00:00:00,1,0,2024-07-02 18:05:21,0,2024-07-02 18:05:21,,,
2021-09,老挝,15471.80,75398.00,872.60,3991.90,494,2021-09-30 00:00:00,1,0,2024-07-02 18:05:21,0,2024-07-02 18:05:21,,,
2021-09,美国,1467493.20,7187489.00,377812.70,1487699.60,495,2021-09-30 00:00:00,1,0,2024-07-02 18:05:21,0,2024-07-02 18:05:21,,,
2021-09,蒙古,824679.00,12642834.60,137758.30,1176575.90,496,2021-09-30 00:00:00,1,0,2024-07-02 18:05:21,0,2024-07-02 18:05:21,,,
2021-09,缅甸,5972.40,95059.30,267.90,4245.40,497,2021-09-30 00:00:00,1,0,2024-07-02 18:05:21,0,2024-07-02 18:05:21,,,
2021-09,莫桑比克,88000.00,786887.60,21113.60,159713.80,498,2021-09-30 00:00:00,1,0,2024-07-02 18:05:21,0,2024-07-02 18:05:21,,,
2021-09,南非,734383.00,5113997.00,80297.70,439244.80,499,2021-09-30 00:00:00,1,0,2024-07-02 18:05:21,0,2024-07-02 18:05:21,,,
2021-09,台湾省,0.00,0.00,0.10,0.10,500,2021-09-30 00:00:00,1,0,2024-07-02 18:05:21,0,2024-07-02 18:05:21,,,
2021-09,新西兰,65440.00,110490.20,8493.40,13842.00,501,2021-09-30 00:00:00,1,0,2024-07-02 18:05:21,0,2024-07-02 18:05:21,,,
2021-09,印度,0.00,0.00,0.00,0.10,502,2021-09-30 00:00:00,1,0,2024-07-02 18:05:21,0,2024-07-02 18:05:21,,,
2021-09,印尼,21376652.70,143162411.40,2087678.10,10790401.60,503,2021-09-30 00:00:00,1,0,2024-07-02 18:05:21,0,2024-07-02 18:05:21,,,
2021-09,越南,3303.30,3303.30,416.60,416.60,504,2021-09-30 00:00:00,1,0,2024-07-02 18:05:21,0,2024-07-02 18:05:21,,,
2021-08,俄罗斯,5434381.10,36955959.20,688395.10,3776330.40,505,2021-08-31 00:00:00,1,0,2024-07-02 18:05:21,0,2024-07-02 18:05:21,,,
2021-08,菲律宾,735703.40,6057878.30,52510.30,390918.10,506,2021-08-31 00:00:00,1,0,2024-07-02 18:05:21,0,2024-07-02 18:05:21,,,
2021-08,哥伦比亚,583032.60,3363519.60,68244.50,292072.00,507,2021-08-31 00:00:00,1,0,2024-07-02 18:05:21,0,2024-07-02 18:05:21,,,
2021-08,哈萨克斯坦,149.80,397681.20,13.20,38504.00,508,2021-08-31 00:00:00,1,0,2024-07-02 18:05:21,0,2024-07-02 18:05:21,,,
2021-08,加拿大,815805.30,6413674.70,197879.80,1232463.30,509,2021-08-31 00:00:00,1,0,2024-07-02 18:05:21,0,2024-07-02 18:05:21,,,
2021-08,老挝,10623.40,59926.20,571.00,3119.30,510,2021-08-31 00:00:00,1,0,2024-07-02 18:05:21,0,2024-07-02 18:05:21,,,
2021-08,美国,1213427.50,5719995.80,306310.90,1109886.90,511,2021-08-31 00:00:00,1,0,2024-07-02 18:05:27,0,2024-07-02 18:05:27,,,
2021-08,蒙古,1270103.40,11818155.60,145633.50,1038817.60,512,2021-08-31 00:00:00,1,0,2024-07-02 18:05:27,0,2024-07-02 18:05:27,,,
2021-08,缅甸,5466.30,89086.80,245.60,3977.40,513,2021-08-31 00:00:00,1,0,2024-07-02 18:05:27,0,2024-07-02 18:05:27,,,
2021-08,莫桑比克,114870.70,698887.60,25442.90,138600.20,514,2021-08-31 00:00:00,1,0,2024-07-02 18:05:27,0,2024-07-02 18:05:27,,,
2021-08,南非,474954.00,4379614.00,47473.60,358947.10,515,2021-08-31 00:00:00,1,0,2024-07-02 18:05:27,0,2024-07-02 18:05:27,,,
2021-08,委内瑞拉,0.00,0.00,0.30,0.30,516,2021-08-31 00:00:00,1,0,2024-07-02 18:05:27,0,2024-07-02 18:05:27,,,
2021-08,印尼,17393187.30,121785758.70,1578996.60,8702723.50,517,2021-08-31 00:00:00,1,0,2024-07-02 18:05:27,0,2024-07-02 18:05:27,,,
2021-07,俄罗斯,6502887.00,31521578.10,704878.90,3087935.30,518,2021-07-31 00:00:00,1,0,2024-07-02 18:05:27,0,2024-07-02 18:05:27,,,
2021-07,菲律宾,698293.60,5322174.90,58171.50,338407.70,519,2021-07-31 00:00:00,1,0,2024-07-02 18:05:27,0,2024-07-02 18:05:27,,,
2021-07,哥伦比亚,277457.00,2780487.00,35453.30,223827.50,520,2021-07-31 00:00:00,1,0,2024-07-02 18:05:27,0,2024-07-02 18:05:27,,,
2021-07,哈萨克斯坦,14614.00,397531.40,2067.70,38490.80,521,2021-07-31 00:00:00,1,0,2024-07-02 18:05:27,0,2024-07-02 18:05:27,,,
2021-07,加拿大,1252810.20,5597869.30,236372.30,1034583.50,522,2021-07-31 00:00:00,1,0,2024-07-02 18:05:27,0,2024-07-02 18:05:27,,,
2021-07,老挝,5514.10,49302.80,294.00,2548.20,523,2021-07-31 00:00:00,1,0,2024-07-02 18:05:27,0,2024-07-02 18:05:27,,,
2021-07,美国,636375.00,4506568.30,116730.80,803575.90,524,2021-07-31 00:00:00,1,0,2024-07-02 18:05:27,0,2024-07-02 18:05:27,,,
2021-07,蒙古,714483.70,10548052.20,56367.80,893184.10,525,2021-07-31 00:00:00,1,0,2024-07-02 18:05:27,0,2024-07-02 18:05:27,,,
2021-07,秘鲁,33321.80,68242.30,4124.80,8418.00,526,2021-07-31 00:00:00,1,0,2024-07-02 18:05:27,0,2024-07-02 18:05:27,,,
2021-07,缅甸,3840.00,83620.60,173.60,3731.90,527,2021-07-31 00:00:00,1,0,2024-07-02 18:05:27,0,2024-07-02 18:05:27,,,
2021-07,莫桑比克,105884.00,584016.80,23947.80,113157.30,528,2021-07-31 00:00:00,1,0,2024-07-02 18:05:27,0,2024-07-02 18:05:27,,,
2021-07,南非,466812.00,3904660.00,43567.00,311473.50,529,2021-07-31 00:00:00,1,0,2024-07-02 18:05:27,0,2024-07-02 18:05:27,,,
2021-07,新西兰,45050.20,45050.20,5348.70,5348.70,530,2021-07-31 00:00:00,1,0,2024-07-02 18:05:27,0,2024-07-02 18:05:27,,,
2021-07,印尼,19420285.70,104392571.40,1647372.50,7123727.00,531,2021-07-31 00:00:00,1,0,2024-07-02 18:05:27,0,2024-07-02 18:05:27,,,
2021-06,俄罗斯,5319156.20,25018691.10,550075.20,2383056.40,532,2021-06-30 00:00:00,1,0,2024-07-02 18:05:27,0,2024-07-02 18:05:27,,,
2021-06,菲律宾,1009634.30,4623881.30,77492.00,280236.20,533,2021-06-30 00:00:00,1,0,2024-07-02 18:05:27,0,2024-07-02 18:05:27,,,
2021-06,哥伦比亚,835558.00,2503030.00,61203.30,188374.20,534,2021-06-30 00:00:00,1,0,2024-07-02 18:05:27,0,2024-07-02 18:05:27,,,
2021-06,哈萨克斯坦,165062.30,382917.50,15170.10,36423.10,535,2021-06-30 00:00:00,1,0,2024-07-02 18:05:27,0,2024-07-02 18:05:27,,,
2021-06,加拿大,1145437.60,4345059.10,220024.70,798211.30,536,2021-06-30 00:00:00,1,0,2024-07-02 18:05:27,0,2024-07-02 18:05:27,,,
2021-06,老挝,7559.60,43788.70,401.10,2254.30,537,2021-06-30 00:00:00,1,0,2024-07-02 18:05:27,0,2024-07-02 18:05:27,,,
2021-06,马来西亚,0.10,0.10,0.70,0.70,538,2021-06-30 00:00:00,1,0,2024-07-02 18:05:27,0,2024-07-02 18:05:27,,,
2021-06,美国,938108.60,3870193.30,192796.20,686845.10,539,2021-06-30 00:00:00,1,0,2024-07-02 18:05:27,0,2024-07-02 18:05:27,,,
2021-06,蒙古,1032998.20,9833568.40,90442.10,836816.30,540,2021-06-30 00:00:00,1,0,2024-07-02 18:05:27,0,2024-07-02 18:05:27,,,
2021-06,缅甸,18388.60,79780.50,828.00,3558.30,541,2021-06-30 00:00:00,1,0,2024-07-02 18:05:32,0,2024-07-02 18:05:32,,,
2021-06,莫桑比克,115198.70,478132.90,23328.40,89209.50,542,2021-06-30 00:00:00,1,0,2024-07-02 18:05:32,0,2024-07-02 18:05:32,,,
2021-06,南非,796748.00,3437848.00,72551.40,267906.50,543,2021-06-30 00:00:00,1,0,2024-07-02 18:05:32,0,2024-07-02 18:05:32,,,
2021-06,乌克兰,0.00,0.10,0.20,1.60,544,2021-06-30 00:00:00,1,0,2024-07-02 18:05:32,0,2024-07-02 18:05:32,,,
2021-06,印尼,17008183.50,84972285.70,1307834.90,5476354.50,545,2021-06-30 00:00:00,1,0,2024-07-02 18:05:32,0,2024-07-02 18:05:32,,,
2021-05,俄罗斯,5060869.90,19699534.80,515272.20,1832981.30,546,2021-05-31 00:00:00,1,0,2024-07-02 18:05:32,0,2024-07-02 18:05:32,,,
2021-05,菲律宾,1246353.30,3614247.00,78745.60,202744.20,547,2021-05-31 00:00:00,1,0,2024-07-02 18:05:32,0,2024-07-02 18:05:32,,,
2021-05,哥伦比亚,800821.00,1667472.00,64750.60,127170.90,548,2021-05-31 00:00:00,1,0,2024-07-02 18:05:32,0,2024-07-02 18:05:32,,,
2021-05,哈萨克斯坦,6146.60,217855.20,859.20,21253.00,549,2021-05-31 00:00:00,1,0,2024-07-02 18:05:32,0,2024-07-02 18:05:32,,,
2021-05,吉尔吉斯斯坦,251.80,251.80,4.80,4.80,550,2021-05-31 00:00:00,1,0,2024-07-02 18:05:32,0,2024-07-02 18:05:32,,,
2021-05,加拿大,538120.10,3199621.50,113254.30,578186.60,551,2021-05-31 00:00:00,1,0,2024-07-02 18:05:32,0,2024-07-02 18:05:32,,,
2021-05,老挝,5645.80,36229.20,306.20,1853.10,552,2021-05-31 00:00:00,1,0,2024-07-02 18:05:32,0,2024-07-02 18:05:32,,,
2021-05,美国,718832.20,2932084.70,136658.00,494048.90,553,2021-05-31 00:00:00,1,0,2024-07-02 18:05:32,0,2024-07-02 18:05:32,,,
2021-05,蒙古,1012514.20,8800570.20,86101.60,746374.30,554,2021-05-31 00:00:00,1,0,2024-07-02 18:05:32,0,2024-07-02 18:05:32,,,
2021-05,缅甸,30377.50,61392.00,1353.40,2730.30,555,2021-05-31 00:00:00,1,0,2024-07-02 18:05:32,0,2024-07-02 18:05:32,,,
2021-05,莫桑比克,33226.20,362934.20,4881.20,65881.10,556,2021-05-31 00:00:00,1,0,2024-07-02 18:05:32,0,2024-07-02 18:05:32,,,
2021-05,南非,365906.00,2641100.00,29510.40,195355.10,557,2021-05-31 00:00:00,1,0,2024-07-02 18:05:32,0,2024-07-02 18:05:32,,,
2021-05,印尼,11221188.70,67964102.20,778442.30,4168519.60,558,2021-05-31 00:00:00,1,0,2024-07-02 18:05:32,0,2024-07-02 18:05:32,,,
2021-04,俄罗斯,4480281.70,14638664.90,452790.70,1317709.10,559,2021-04-30 00:00:00,1,0,2024-07-02 18:05:32,0,2024-07-02 18:05:32,,,
2021-04,菲律宾,1211053.40,2367893.80,71211.40,123998.60,560,2021-04-30 00:00:00,1,0,2024-07-02 18:05:32,0,2024-07-02 18:05:32,,,
2021-04,哥伦比亚,534478.00,866651.00,40812.90,62420.30,561,2021-04-30 00:00:00,1,0,2024-07-02 18:05:32,0,2024-07-02 18:05:32,,,
2021-04,哈萨克斯坦,17235.10,211708.60,2327.70,20393.80,562,2021-04-30 00:00:00,1,0,2024-07-02 18:05:32,0,2024-07-02 18:05:32,,,
2021-04,加拿大,630513.60,2661501.40,137077.60,464932.30,563,2021-04-30 00:00:00,1,0,2024-07-02 18:05:32,0,2024-07-02 18:05:32,,,
2021-04,老挝,8723.70,30583.40,454.60,1546.90,564,2021-04-30 00:00:00,1,0,2024-07-02 18:05:32,0,2024-07-02 18:05:32,,,
2021-04,美国,974700.50,2213252.50,165840.30,357390.90,565,2021-04-30 00:00:00,1,0,2024-07-02 18:05:32,0,2024-07-02 18:05:32,,,
2021-04,蒙古,850546.00,7788056.00,63644.20,660272.60,566,2021-04-30 00:00:00,1,0,2024-07-02 18:05:32,0,2024-07-02 18:05:32,,,
2021-04,秘鲁,34920.40,34920.40,4293.20,4293.20,567,2021-04-30 00:00:00,1,0,2024-07-02 18:05:32,0,2024-07-02 18:05:32,,,
2021-04,缅甸,22413.40,31014.40,998.50,1376.90,568,2021-04-30 00:00:00,1,0,2024-07-02 18:05:32,0,2024-07-02 18:05:32,,,
2021-04,莫桑比克,174208.00,329708.00,35244.00,60999.90,569,2021-04-30 00:00:00,1,0,2024-07-02 18:05:32,0,2024-07-02 18:05:32,,,
2021-04,南非,1052380.00,2275194.00,81804.00,165844.70,570,2021-04-30 00:00:00,1,0,2024-07-02 18:05:32,0,2024-07-02 18:05:32,,,
2021-04,尼日尔,0.10,0.10,4.20,4.20,571,2021-04-30 00:00:00,1,0,2024-07-02 18:05:36,0,2024-07-02 18:05:36,,,
2021-04,坦桑尼亚,0.00,0.00,0.30,0.30,572,2021-04-30 00:00:00,1,0,2024-07-02 18:05:36,0,2024-07-02 18:05:36,,,
2021-04,乌克兰,0.00,0.10,0.10,1.40,573,2021-04-30 00:00:00,1,0,2024-07-02 18:05:36,0,2024-07-02 18:05:36,,,
2021-04,印尼,11742206.00,56742913.50,773892.20,3390077.30,574,2021-04-30 00:00:00,1,0,2024-07-02 18:05:36,0,2024-07-02 18:05:36,,,
2021-03,巴西,45.30,45.30,18.70,18.70,575,2021-03-31 00:00:00,1,0,2024-07-02 18:05:36,0,2024-07-02 18:05:36,,,
2021-03,俄罗斯,4501911.10,10158383.20,437415.40,864918.40,576,2021-03-31 00:00:00,1,0,2024-07-02 18:05:36,0,2024-07-02 18:05:36,,,
2021-03,菲律宾,701716.50,1156840.30,33517.70,52787.20,577,2021-03-31 00:00:00,1,0,2024-07-02 18:05:36,0,2024-07-02 18:05:36,,,
2021-03,哥伦比亚,167963.00,332173.00,11229.20,21607.30,578,2021-03-31 00:00:00,1,0,2024-07-02 18:05:36,0,2024-07-02 18:05:36,,,
2021-03,哈萨克斯坦,192285.70,194473.60,17770.60,18066.10,579,2021-03-31 00:00:00,1,0,2024-07-02 18:05:36,0,2024-07-02 18:05:36,,,
2021-03,加拿大,1239157.20,2030987.80,212682.40,327854.70,580,2021-03-31 00:00:00,1,0,2024-07-02 18:05:36,0,2024-07-02 18:05:36,,,
2021-03,老挝,2779.90,21859.70,148.80,1092.30,581,2021-03-31 00:00:00,1,0,2024-07-02 18:05:36,0,2024-07-02 18:05:36,,,
2021-03,美国,663462.00,1238552.00,108583.30,191550.60,582,2021-03-31 00:00:00,1,0,2024-07-02 18:05:36,0,2024-07-02 18:05:36,,,
2021-03,蒙古,2514285.50,6937510.00,223785.20,596628.40,583,2021-03-31 00:00:00,1,0,2024-07-02 18:05:36,0,2024-07-02 18:05:36,,,
2021-03,缅甸,5577.40,8601.10,249.80,378.40,584,2021-03-31 00:00:00,1,0,2024-07-02 18:05:36,0,2024-07-02 18:05:36,,,
2021-03,莫桑比克,77000.00,155500.00,14665.00,25755.90,585,2021-03-31 00:00:00,1,0,2024-07-02 18:05:36,0,2024-07-02 18:05:36,,,
2021-03,南非,730448.00,1222814.00,53137.10,84040.70,586,2021-03-31 00:00:00,1,0,2024-07-02 18:05:36,0,2024-07-02 18:05:36,,,
2021-03,印尼,16532295.90,45000707.50,1056937.70,2616185.10,587,2021-03-31 00:00:00,1,0,2024-07-02 18:05:36,0,2024-07-02 18:05:36,,,
2021-02,俄罗斯,2427573.10,5656472.10,196986.10,427503.00,588,2021-02-28 00:00:00,1,0,2024-07-02 18:05:36,0,2024-07-02 18:05:36,,,
2021-02,菲律宾,258903.40,455123.80,11487.40,19269.50,589,2021-02-28 00:00:00,1,0,2024-07-02 18:05:36,0,2024-07-02 18:05:36,,,
2021-02,哥伦比亚,164210.00,164210.00,10378.20,10378.20,590,2021-02-28 00:00:00,1,0,2024-07-02 18:05:36,0,2024-07-02 18:05:36,,,
2021-02,哈萨克斯坦,2187.90,2187.90,295.50,295.50,591,2021-02-28 00:00:00,1,0,2024-07-02 18:05:36,0,2024-07-02 18:05:36,,,
2021-02,加拿大,417663.40,791830.60,62293.30,115172.30,592,2021-02-28 00:00:00,1,0,2024-07-02 18:05:36,0,2024-07-02 18:05:36,,,
2021-02,老挝,2118.60,19079.70,105.10,943.50,593,2021-02-28 00:00:00,1,0,2024-07-02 18:05:36,0,2024-07-02 18:05:36,,,
2021-02,美国,296050.90,575090.00,40244.10,82967.40,594,2021-02-28 00:00:00,1,0,2024-07-02 18:05:36,0,2024-07-02 18:05:36,,,
2021-02,蒙古,1960570.40,4423224.50,175052.30,372843.20,595,2021-02-28 00:00:00,1,0,2024-07-02 18:05:36,0,2024-07-02 18:05:36,,,
2021-02,南非,492366.00,492366.00,30903.60,30903.60,596,2021-02-28 00:00:00,1,0,2024-07-02 18:05:36,0,2024-07-02 18:05:36,,,
2021-02,乌克兰,0.00,0.10,0.40,1.30,597,2021-02-28 00:00:00,1,0,2024-07-02 18:05:36,0,2024-07-02 18:05:36,,,
2021-02,印度,0.00,0.00,0.10,0.10,598,2021-02-28 00:00:00,1,0,2024-07-02 18:05:36,0,2024-07-02 18:05:36,,,
2021-02,印尼,14685782.90,28468411.60,862465.30,1559247.40,599,2021-02-28 00:00:00,1,0,2024-07-02 18:05:36,0,2024-07-02 18:05:36,,,
2021-01,俄罗斯,3228898.90,3228898.90,230517.00,230517.00,600,2021-01-31 00:00:00,1,0,2024-07-02 18:05:36,0,2024-07-02 18:05:36,,,
2021-01,菲律宾,196220.30,196220.30,7782.10,7782.10,601,2021-01-31 00:00:00,1,0,2024-07-02 18:05:42,0,2024-07-02 18:05:42,,,
2021-01,加拿大,374167.10,374167.10,52879.00,52879.00,602,2021-01-31 00:00:00,1,0,2024-07-02 18:05:42,0,2024-07-02 18:05:42,,,
2021-01,老挝,16961.20,16961.20,838.40,838.40,603,2021-01-31 00:00:00,1,0,2024-07-02 18:05:42,0,2024-07-02 18:05:42,,,
2021-01,美国,279039.10,279039.10,42723.30,42723.30,604,2021-01-31 00:00:00,1,0,2024-07-02 18:05:42,0,2024-07-02 18:05:42,,,
2021-01,蒙古,2462654.10,2462654.10,197790.90,197790.90,605,2021-01-31 00:00:00,1,0,2024-07-02 18:05:42,0,2024-07-02 18:05:42,,,
2021-01,缅甸,3023.60,3023.60,128.60,128.60,606,2021-01-31 00:00:00,1,0,2024-07-02 18:05:42,0,2024-07-02 18:05:42,,,
2021-01,莫桑比克,78500.00,78500.00,11090.90,11090.90,607,2021-01-31 00:00:00,1,0,2024-07-02 18:05:42,0,2024-07-02 18:05:42,,,
2021-01,乌克兰,0.10,0.10,0.90,0.90,608,2021-01-31 00:00:00,1,0,2024-07-02 18:05:42,0,2024-07-02 18:05:42,,,
2021-01,印尼,13782628.70,13782628.70,696782.10,696782.10,609,2021-01-31 00:00:00,1,0,2024-07-02 18:05:42,0,2024-07-02 18:05:42,,,
2020-12,阿拉伯联合酋长国,25022.00,41804.20,1171.60,4439.00,610,2020-12-31 00:00:00,1,0,2024-07-02 18:05:42,0,2024-07-02 18:05:42,,,
2020-12,俄罗斯,6984217.80,39554030.60,488836.30,2691133.00,611,2020-12-31 00:00:00,1,0,2024-07-02 18:05:42,0,2024-07-02 18:05:42,,,
2020-12,菲律宾,2818796.80,8113924.80,107036.00,343853.90,612,2020-12-31 00:00:00,1,0,2024-07-02 18:05:42,0,2024-07-02 18:05:42,,,
2020-12,哥伦比亚,329599.00,1545393.00,21711.10,106638.00,613,2020-12-31 00:00:00,1,0,2024-07-02 18:05:42,0,2024-07-02 18:05:42,,,
2020-12,吉尔吉斯斯坦,17224.70,26477.70,432.20,644.30,614,2020-12-31 00:00:00,1,0,2024-07-02 18:05:42,0,2024-07-02 18:05:42,,,
2020-12,加拿大,625818.50,5492173.50,68901.60,682495.20,615,2020-12-31 00:00:00,1,0,2024-07-02 18:05:42,0,2024-07-02 18:05:42,,,
2020-12,美国,134878.50,943687.70,14269.70,112817.60,616,2020-12-31 00:00:00,1,0,2024-07-02 18:05:42,0,2024-07-02 18:05:42,,,
2020-12,蒙古,1779536.30,28546849.20,128858.60,2004477.90,617,2020-12-31 00:00:00,1,0,2024-07-02 18:05:42,0,2024-07-02 18:05:42,,,
2020-12,乌克兰,0.00,0.00,0.50,0.90,618,2020-12-31 00:00:00,1,0,2024-07-02 18:05:42,0,2024-07-02 18:05:42,,,
2020-12,新西兰,0.10,87474.10,0.40,8718.30,619,2020-12-31 00:00:00,1,0,2024-07-02 18:05:42,0,2024-07-02 18:05:42,,,
2020-12,伊朗,40348.60,40348.60,3656.40,3656.40,620,2020-12-31 00:00:00,1,0,2024-07-02 18:05:42,0,2024-07-02 18:05:42,,,
2020-12,印尼,26261701.50,140836697.40,1140919.20,6397523.00,621,2020-12-31 00:00:00,1,0,2024-07-02 18:05:42,0,2024-07-02 18:05:42,,,
2020-11,澳大利亚,651765.40,77507062.80,54579.30,7849881.30,622,2020-11-30 00:00:00,1,0,2024-07-02 18:05:42,0,2024-07-02 18:05:42,,,
2020-11,俄罗斯,3087578.20,32569812.80,191417.90,2202296.70,623,2020-11-30 00:00:00,1,0,2024-07-02 18:05:42,0,2024-07-02 18:05:42,,,
2020-11,菲律宾,252559.70,5295128.00,8624.20,236817.90,624,2020-11-30 00:00:00,1,0,2024-07-02 18:05:42,0,2024-07-02 18:05:42,,,
2020-11,吉尔吉斯斯坦,187.40,9253.00,3.60,212.20,625,2020-11-30 00:00:00,1,0,2024-07-02 18:05:42,0,2024-07-02 18:05:42,,,
2020-11,加拿大,311848.90,4866355.00,34095.30,613593.50,626,2020-11-30 00:00:00,1,0,2024-07-02 18:05:42,0,2024-07-02 18:05:42,,,
2020-11,津巴布韦,1.00,1.00,0.10,0.10,627,2020-11-30 00:00:00,1,0,2024-07-02 18:05:42,0,2024-07-02 18:05:42,,,
2020-11,老挝,778.00,87634.10,34.10,4021.20,628,2020-11-30 00:00:00,1,0,2024-07-02 18:05:42,0,2024-07-02 18:05:42,,,
2020-11,美国,75019.40,808809.10,9972.50,98547.90,629,2020-11-30 00:00:00,1,0,2024-07-02 18:05:42,0,2024-07-02 18:05:42,,,
2020-11,蒙古,2950949.50,26767312.90,208172.80,1875619.40,630,2020-11-30 00:00:00,1,0,2024-07-02 18:05:42,0,2024-07-02 18:05:42,,,
2020-11,缅甸,1166.00,149130.10,49.70,5965.40,631,2020-11-30 00:00:00,1,0,2024-07-02 18:05:47,0,2024-07-02 18:05:47,,,
2020-11,乌克兰,0.00,0.00,0.40,0.40,632,2020-11-30 00:00:00,1,0,2024-07-02 18:05:47,0,2024-07-02 18:05:47,,,
2020-11,西班牙,0.10,0.10,0.20,0.20,633,2020-11-30 00:00:00,1,0,2024-07-02 18:05:47,0,2024-07-02 18:05:47,,,
2020-11,印尼,4424145.10,114574995.80,177594.00,5256603.80,634,2020-11-30 00:00:00,1,0,2024-07-02 18:05:47,0,2024-07-02 18:05:47,,,
2020-10,澳大利亚,2352388.90,76855297.40,220978.70,7795302.00,635,2020-10-31 00:00:00,1,0,2024-07-02 18:05:47,0,2024-07-02 18:05:47,,,
2020-10,德国,2.50,26.80,10.60,44.80,636,2020-10-31 00:00:00,1,0,2024-07-02 18:05:47,0,2024-07-02 18:05:47,,,
2020-10,俄罗斯,3519056.30,29482234.60,218608.30,2010878.90,637,2020-10-31 00:00:00,1,0,2024-07-02 18:05:47,0,2024-07-02 18:05:47,,,
2020-10,菲律宾,575112.70,5042568.30,21244.30,228193.70,638,2020-10-31 00:00:00,1,0,2024-07-02 18:05:47,0,2024-07-02 18:05:47,,,
2020-10,加拿大,405023.00,4554506.00,47766.00,579498.20,639,2020-10-31 00:00:00,1,0,2024-07-02 18:05:47,0,2024-07-02 18:05:47,,,
2020-10,老挝,3082.20,86856.10,134.60,3987.00,640,2020-10-31 00:00:00,1,0,2024-07-02 18:05:47,0,2024-07-02 18:05:47,,,
2020-10,马来西亚,0.00,9750.10,0.10,370.70,641,2020-10-31 00:00:00,1,0,2024-07-02 18:05:47,0,2024-07-02 18:05:47,,,
2020-10,美国,2.30,733789.80,2.70,88575.50,642,2020-10-31 00:00:00,1,0,2024-07-02 18:05:47,0,2024-07-02 18:05:47,,,
2020-10,蒙古,3868680.00,23816363.30,273034.80,1667446.60,643,2020-10-31 00:00:00,1,0,2024-07-02 18:05:47,0,2024-07-02 18:05:47,,,
2020-10,缅甸,626.90,147964.10,24.30,5915.80,644,2020-10-31 00:00:00,1,0,2024-07-02 18:05:47,0,2024-07-02 18:05:47,,,
2020-10,香港,0.10,0.10,1.20,1.20,645,2020-10-31 00:00:00,1,0,2024-07-02 18:05:47,0,2024-07-02 18:05:47,,,
2020-10,印尼,2835371.40,110150850.80,123741.70,5079009.80,646,2020-10-31 00:00:00,1,0,2024-07-02 18:05:47,0,2024-07-02 18:05:47,,,
2020-09,澳大利亚,4470160.90,74502908.50,380153.50,7574323.30,647,2020-09-30 00:00:00,1,0,2024-07-02 18:05:47,0,2024-07-02 18:05:47,,,
2020-09,俄罗斯,3161604.40,25963178.30,183025.60,1792270.50,648,2020-09-30 00:00:00,1,0,2024-07-02 18:05:47,0,2024-07-02 18:05:47,,,
2020-09,菲律宾,387706.90,4467455.60,14163.20,206949.40,649,2020-09-30 00:00:00,1,0,2024-07-02 18:05:47,0,2024-07-02 18:05:47,,,
2020-09,哈萨克斯坦,9887.40,254591.00,1252.80,31319.40,650,2020-09-30 00:00:00,1,0,2024-07-02 18:05:47,0,2024-07-02 18:05:47,,,
2020-09,吉尔吉斯斯坦,6726.10,9065.60,151.30,208.60,651,2020-09-30 00:00:00,1,0,2024-07-02 18:05:47,0,2024-07-02 18:05:47,,,
2020-09,加拿大,309913.90,4149483.00,34884.10,531732.20,652,2020-09-30 00:00:00,1,0,2024-07-02 18:05:47,0,2024-07-02 18:05:47,,,
2020-09,老挝,4068.10,83773.90,196.60,3852.50,653,2020-09-30 00:00:00,1,0,2024-07-02 18:05:47,0,2024-07-02 18:05:47,,,
2020-09,蒙古,5182483.60,19947683.30,338092.70,1394411.80,654,2020-09-30 00:00:00,1,0,2024-07-02 18:05:47,0,2024-07-02 18:05:47,,,
2020-09,缅甸,1508.00,147337.20,61.60,5891.50,655,2020-09-30 00:00:00,1,0,2024-07-02 18:05:47,0,2024-07-02 18:05:47,,,
2020-09,日本,3.70,3.70,8.70,8.70,656,2020-09-30 00:00:00,1,0,2024-07-02 18:05:47,0,2024-07-02 18:05:47,,,
2020-09,印尼,5106979.30,107315479.40,229827.70,4955268.10,657,2020-09-30 00:00:00,1,0,2024-07-02 18:05:47,0,2024-07-02 18:05:47,,,
2020-09,越南,5.30,5.30,18.10,18.10,658,2020-09-30 00:00:00,1,0,2024-07-02 18:05:47,0,2024-07-02 18:05:47,,,
2020-08,澳大利亚,5987909.30,70032747.60,565578.40,7194169.80,659,2020-08-31 00:00:00,1,0,2024-07-02 18:05:47,0,2024-07-02 18:05:47,,,
2020-08,德国,2.80,24.30,11.40,34.10,660,2020-08-31 00:00:00,1,0,2024-07-02 18:05:47,0,2024-07-02 18:05:47,,,
2020-08,俄罗斯,2577914.80,22801573.90,167285.00,1609245.00,661,2020-08-31 00:00:00,1,0,2024-07-02 18:05:53,0,2024-07-02 18:05:53,,,
2020-08,菲律宾,435362.20,4079748.70,16267.20,192786.30,662,2020-08-31 00:00:00,1,0,2024-07-02 18:05:53,0,2024-07-02 18:05:53,,,
2020-08,哥伦比亚,169433.00,1215794.00,11449.30,84926.80,663,2020-08-31 00:00:00,1,0,2024-07-02 18:05:53,0,2024-07-02 18:05:53,,,
2020-08,哈萨克斯坦,5766.70,244703.60,724.50,30066.60,664,2020-08-31 00:00:00,1,0,2024-07-02 18:05:53,0,2024-07-02 18:05:53,,,
2020-08,加拿大,547532.00,3839569.10,55674.30,496848.10,665,2020-08-31 00:00:00,1,0,2024-07-02 18:05:53,0,2024-07-02 18:05:53,,,
2020-08,老挝,5553.00,79705.70,234.30,3655.90,666,2020-08-31 00:00:00,1,0,2024-07-02 18:05:53,0,2024-07-02 18:05:53,,,
2020-08,美国,73520.40,733787.50,7027.60,88572.80,667,2020-08-31 00:00:00,1,0,2024-07-02 18:05:53,0,2024-07-02 18:05:53,,,
2020-08,蒙古,3566785.30,14765199.80,256613.60,1056319.10,668,2020-08-31 00:00:00,1,0,2024-07-02 18:05:53,0,2024-07-02 18:05:53,,,
2020-08,缅甸,1000.00,145829.20,41.50,5829.90,669,2020-08-31 00:00:00,1,0,2024-07-02 18:05:53,0,2024-07-02 18:05:53,,,
2020-08,南非,0.00,0.00,0.00,0.00,670,2020-08-31 00:00:00,1,0,2024-07-02 18:05:53,0,2024-07-02 18:05:53,,,
2020-08,印尼,7292330.60,102208500.10,309962.00,4725440.40,671,2020-08-31 00:00:00,1,0,2024-07-02 18:05:53,0,2024-07-02 18:05:53,,,
2020-07,澳大利亚,8383106.80,64044838.30,861926.70,6628591.40,672,2020-07-31 00:00:00,1,0,2024-07-02 18:05:53,0,2024-07-02 18:05:53,,,
2020-07,德国,0.00,21.50,0.00,22.80,673,2020-07-31 00:00:00,1,0,2024-07-02 18:05:53,0,2024-07-02 18:05:53,,,
2020-07,俄罗斯,3322437.80,20223659.20,198551.00,1441959.90,674,2020-07-31 00:00:00,1,0,2024-07-02 18:05:53,0,2024-07-02 18:05:53,,,
2020-07,菲律宾,554976.40,3644386.50,21259.40,176519.00,675,2020-07-31 00:00:00,1,0,2024-07-02 18:05:53,0,2024-07-02 18:05:53,,,
2020-07,哥伦比亚,168480.00,1046361.00,11018.60,73477.50,676,2020-07-31 00:00:00,1,0,2024-07-02 18:05:53,0,2024-07-02 18:05:53,,,
2020-07,哈萨克斯坦,7500.30,238936.90,933.60,29342.10,677,2020-07-31 00:00:00,1,0,2024-07-02 18:05:53,0,2024-07-02 18:05:53,,,
2020-07,吉尔吉斯斯坦,593.20,2339.50,12.10,57.30,678,2020-07-31 00:00:00,1,0,2024-07-02 18:05:53,0,2024-07-02 18:05:53,,,
2020-07,加拿大,218524.80,3292037.10,19475.50,441173.80,679,2020-07-31 00:00:00,1,0,2024-07-02 18:05:53,0,2024-07-02 18:05:53,,,
2020-07,老挝,2723.70,74152.70,113.50,3421.60,680,2020-07-31 00:00:00,1,0,2024-07-02 18:05:53,0,2024-07-02 18:05:53,,,
2020-07,蒙古,2536198.00,11198414.50,173013.50,799705.50,681,2020-07-31 00:00:00,1,0,2024-07-02 18:05:53,0,2024-07-02 18:05:53,,,
2020-07,缅甸,9390.20,144829.20,369.00,5788.40,682,2020-07-31 00:00:00,1,0,2024-07-02 18:05:53,0,2024-07-02 18:05:53,,,
2020-07,印尼,10712955.30,94916169.40,444781.90,4415478.40,683,2020-07-31 00:00:00,1,0,2024-07-02 18:05:53,0,2024-07-02 18:05:53,,,
2020-06,澳大利亚,7754557.30,55661731.50,732098.60,5766664.70,684,2020-06-30 00:00:00,1,0,2024-07-02 18:05:53,0,2024-07-02 18:05:53,,,
2020-06,德国,1.40,21.40,5.70,22.70,685,2020-06-30 00:00:00,1,0,2024-07-02 18:05:53,0,2024-07-02 18:05:53,,,
2020-06,俄罗斯,2925425.20,16901221.30,200953.30,1243409.00,686,2020-06-30 00:00:00,1,0,2024-07-02 18:05:53,0,2024-07-02 18:05:53,,,
2020-06,菲律宾,108537.90,3089410.10,3689.30,155259.70,687,2020-06-30 00:00:00,1,0,2024-07-02 18:05:53,0,2024-07-02 18:05:53,,,
2020-06,哥伦比亚,164302.00,877881.00,11837.90,62459.00,688,2020-06-30 00:00:00,1,0,2024-07-02 18:05:53,0,2024-07-02 18:05:53,,,
2020-06,哈萨克斯坦,14684.10,231436.60,1962.60,28408.50,689,2020-06-30 00:00:00,1,0,2024-07-02 18:05:53,0,2024-07-02 18:05:53,,,
2020-06,吉尔吉斯斯坦,70.40,1746.30,1.50,45.20,690,2020-06-30 00:00:00,1,0,2024-07-02 18:05:53,0,2024-07-02 18:05:53,,,
2020-06,加拿大,548780.80,3073512.30,71219.00,421698.30,691,2020-06-30 00:00:00,1,0,2024-07-02 18:05:56,0,2024-07-02 18:05:56,,,
2020-06,老挝,3597.10,71429.00,159.70,3308.10,692,2020-06-30 00:00:00,1,0,2024-07-02 18:05:56,0,2024-07-02 18:05:56,,,
2020-06,美国,337523.70,660267.10,38331.80,81545.20,693,2020-06-30 00:00:00,1,0,2024-07-02 18:05:56,0,2024-07-02 18:05:56,,,
2020-06,蒙古,2373892.10,8662216.50,167751.30,626692.00,694,2020-06-30 00:00:00,1,0,2024-07-02 18:05:56,0,2024-07-02 18:05:56,,,
2020-06,缅甸,26087.50,135439.00,1061.40,5419.40,695,2020-06-30 00:00:00,1,0,2024-07-02 18:05:56,0,2024-07-02 18:05:56,,,
2020-06,印尼,10837131.60,84203214.20,436564.80,3970696.50,696,2020-06-30 00:00:00,1,0,2024-07-02 18:05:56,0,2024-07-02 18:05:56,,,
2020-05,澳大利亚,5294782.80,47907174.20,524697.10,5034566.00,697,2020-05-31 00:00:00,1,0,2024-07-02 18:05:56,0,2024-07-02 18:05:56,,,
2020-05,俄罗斯,2385487.80,13975796.10,172058.90,1042455.60,698,2020-05-31 00:00:00,1,0,2024-07-02 18:05:56,0,2024-07-02 18:05:56,,,
2020-05,菲律宾,441841.00,2980872.20,19795.40,151570.40,699,2020-05-31 00:00:00,1,0,2024-07-02 18:05:56,0,2024-07-02 18:05:56,,,
2020-05,哥伦比亚,328786.00,713579.00,22173.50,50621.10,700,2020-05-31 00:00:00,1,0,2024-07-02 18:05:56,0,2024-07-02 18:05:56,,,
2020-05,哈萨克斯坦,28299.80,216752.50,3800.40,26445.90,701,2020-05-31 00:00:00,1,0,2024-07-02 18:05:56,0,2024-07-02 18:05:56,,,
2020-05,加拿大,520078.70,2524731.50,69637.20,350479.30,702,2020-05-31 00:00:00,1,0,2024-07-02 18:05:56,0,2024-07-02 18:05:56,,,
2020-05,美国,20.50,322743.40,16.10,43213.40,703,2020-05-31 00:00:00,1,0,2024-07-02 18:05:56,0,2024-07-02 18:05:56,,,
2020-05,蒙古,1840974.20,6288324.40,138989.50,458940.70,704,2020-05-31 00:00:00,1,0,2024-07-02 18:05:56,0,2024-07-02 18:05:56,,,
2020-05,缅甸,13192.00,109351.50,540.30,4358.00,705,2020-05-31 00:00:00,1,0,2024-07-02 18:05:56,0,2024-07-02 18:05:56,,,
2020-05,印尼,11196875.90,73366082.50,507006.40,3534131.70,706,2020-05-31 00:00:00,1,0,2024-07-02 18:05:56,0,2024-07-02 18:05:56,,,
2020-04,埃塞俄比亚,0.00,0.00,0.30,0.30,707,2020-04-30 00:00:00,1,0,2024-07-02 18:05:56,0,2024-07-02 18:05:56,,,
2020-04,澳大利亚,10847030.60,42612391.40,1110180.90,4509868.90,708,2020-04-30 00:00:00,1,0,2024-07-02 18:05:56,0,2024-07-02 18:05:56,,,
2020-04,德国,0.20,20.10,1.30,17.00,709,2020-04-30 00:00:00,1,0,2024-07-02 18:05:56,0,2024-07-02 18:05:56,,,
2020-04,俄罗斯,3352883.40,11590308.40,252038.10,870396.70,710,2020-04-30 00:00:00,1,0,2024-07-02 18:05:56,0,2024-07-02 18:05:56,,,
2020-04,菲律宾,256910.40,2539031.30,13405.10,131774.90,711,2020-04-30 00:00:00,1,0,2024-07-02 18:05:56,0,2024-07-02 18:05:56,,,
2020-04,哥伦比亚,331300.00,384793.00,21598.50,28447.50,712,2020-04-30 00:00:00,1,0,2024-07-02 18:05:56,0,2024-07-02 18:05:56,,,
2020-04,哈萨克斯坦,47958.90,188452.80,6486.10,22645.40,713,2020-04-30 00:00:00,1,0,2024-07-02 18:05:56,0,2024-07-02 18:05:56,,,
2020-04,吉尔吉斯斯坦,1675.90,1675.90,43.60,43.60,714,2020-04-30 00:00:00,1,0,2024-07-02 18:05:56,0,2024-07-02 18:05:56,,,
2020-04,加拿大,240290.10,2004652.90,34424.70,280842.10,715,2020-04-30 00:00:00,1,0,2024-07-02 18:05:56,0,2024-07-02 18:05:56,,,
2020-04,柬埔寨,1.90,1.90,5.10,5.10,716,2020-04-30 00:00:00,1,0,2024-07-02 18:05:56,0,2024-07-02 18:05:56,,,
2020-04,老挝,4032.70,67832.00,171.50,3148.40,717,2020-04-30 00:00:00,1,0,2024-07-02 18:05:56,0,2024-07-02 18:05:56,,,
2020-04,马来西亚,9750.10,9750.10,370.60,370.60,718,2020-04-30 00:00:00,1,0,2024-07-02 18:05:56,0,2024-07-02 18:05:56,,,
2020-04,美国,91661.10,322722.90,13435.90,43197.30,719,2020-04-30 00:00:00,1,0,2024-07-02 18:05:56,0,2024-07-02 18:05:56,,,
2020-04,蒙古,936334.70,4447350.20,67338.80,319951.20,720,2020-04-30 00:00:00,1,0,2024-07-02 18:05:56,0,2024-07-02 18:05:56,,,
2020-04,缅甸,7138.10,96159.50,294.20,3817.70,721,2020-04-30 00:00:00,1,0,2024-07-02 18:06:02,0,2024-07-02 18:06:02,,,
2020-04,新西兰,22000.00,87474.00,3630.70,8717.90,722,2020-04-30 00:00:00,1,0,2024-07-02 18:06:02,0,2024-07-02 18:06:02,,,
2020-04,印尼,14707426.40,62169206.60,710144.40,3027125.30,723,2020-04-30 00:00:00,1,0,2024-07-02 18:06:02,0,2024-07-02 18:06:02,,,
2020-04,英国,2.00,9.50,3.70,9.60,724,2020-04-30 00:00:00,1,0,2024-07-02 18:06:02,0,2024-07-02 18:06:02,,,
2020-03,澳大利亚,10005033.10,31765360.90,1020635.50,3399688.00,725,2020-03-31 00:00:00,1,0,2024-07-02 18:06:02,0,2024-07-02 18:06:02,,,
2020-03,德国,0.30,19.90,1.40,15.80,726,2020-03-31 00:00:00,1,0,2024-07-02 18:06:02,0,2024-07-02 18:06:02,,,
2020-03,俄罗斯,2435182.00,8237425.00,179967.40,618358.60,727,2020-03-31 00:00:00,1,0,2024-07-02 18:06:02,0,2024-07-02 18:06:02,,,
2020-03,菲律宾,520854.90,2282120.90,27495.40,118369.90,728,2020-03-31 00:00:00,1,0,2024-07-02 18:06:02,0,2024-07-02 18:06:02,,,
2020-03,哈萨克斯坦,36911.70,140493.90,4943.20,16159.30,729,2020-03-31 00:00:00,1,0,2024-07-02 18:06:02,0,2024-07-02 18:06:02,,,
2020-03,加拿大,655040.30,1764362.80,90449.10,246417.40,730,2020-03-31 00:00:00,1,0,2024-07-02 18:06:02,0,2024-07-02 18:06:02,,,
2020-03,老挝,13515.50,63799.30,617.80,2976.90,731,2020-03-31 00:00:00,1,0,2024-07-02 18:06:02,0,2024-07-02 18:06:02,,,
2020-03,美国,126813.30,231061.70,19323.50,29761.40,732,2020-03-31 00:00:00,1,0,2024-07-02 18:06:02,0,2024-07-02 18:06:02,,,
2020-03,蒙古,295952.90,3511015.50,12189.40,252612.40,733,2020-03-31 00:00:00,1,0,2024-07-02 18:06:02,0,2024-07-02 18:06:02,,,
2020-03,缅甸,20953.70,89021.50,837.40,3523.60,734,2020-03-31 00:00:00,1,0,2024-07-02 18:06:02,0,2024-07-02 18:06:02,,,
2020-03,莫桑比克,77000.10,77000.10,9555.70,9555.70,735,2020-03-31 00:00:00,1,0,2024-07-02 18:06:02,0,2024-07-02 18:06:02,,,
2020-03,尼日利亚,0.00,0.00,0.30,0.30,736,2020-03-31 00:00:00,1,0,2024-07-02 18:06:02,0,2024-07-02 18:06:02,,,
2020-03,印尼,13628681.70,47461780.30,653594.60,2316980.90,737,2020-03-31 00:00:00,1,0,2024-07-02 18:06:02,0,2024-07-02 18:06:02,,,
2020-02,澳大利亚,7255346.50,21760327.80,793605.60,2379052.50,738,2020-02-29 00:00:00,1,0,2024-07-02 18:06:02,0,2024-07-02 18:06:02,,,
2020-02,巴基斯坦,120.10,120.10,12.40,12.40,739,2020-02-29 00:00:00,1,0,2024-07-02 18:06:02,0,2024-07-02 18:06:02,,,
2020-02,德国,19.50,19.50,14.30,14.30,740,2020-02-29 00:00:00,1,0,2024-07-02 18:06:02,0,2024-07-02 18:06:02,,,
2020-02,俄罗斯,2265818.00,5802243.00,171794.00,438391.20,741,2020-02-29 00:00:00,1,0,2024-07-02 18:06:02,0,2024-07-02 18:06:02,,,
2020-02,菲律宾,570063.80,1761266.00,29130.30,90874.50,742,2020-02-29 00:00:00,1,0,2024-07-02 18:06:02,0,2024-07-02 18:06:02,,,
2020-02,哥伦比亚,53493.00,53493.00,6849.00,6849.00,743,2020-02-29 00:00:00,1,0,2024-07-02 18:06:02,0,2024-07-02 18:06:02,,,
2020-02,哈萨克斯坦,14489.20,103582.20,1887.00,11216.10,744,2020-02-29 00:00:00,1,0,2024-07-02 18:06:02,0,2024-07-02 18:06:02,,,
2020-02,荷兰,162.50,162.50,77.30,77.30,745,2020-02-29 00:00:00,1,0,2024-07-02 18:06:02,0,2024-07-02 18:06:02,,,
2020-02,加拿大,439544.60,1109322.50,64470.60,155968.30,746,2020-02-29 00:00:00,1,0,2024-07-02 18:06:02,0,2024-07-02 18:06:02,,,
2020-02,老挝,18279.70,50283.80,886.00,2359.10,747,2020-02-29 00:00:00,1,0,2024-07-02 18:06:02,0,2024-07-02 18:06:02,,,
2020-02,美国,104229.00,104248.40,10422.90,10437.80,748,2020-02-29 00:00:00,1,0,2024-07-02 18:06:02,0,2024-07-02 18:06:02,,,
2020-02,蒙古,777631.20,3215062.60,53517.60,240423.00,749,2020-02-29 00:00:00,1,0,2024-07-02 18:06:02,0,2024-07-02 18:06:02,,,
2020-02,缅甸,11788.40,68067.80,353.80,2686.20,750,2020-02-29 00:00:00,1,0,2024-07-02 18:06:02,0,2024-07-02 18:06:02,,,
2020-02,新西兰,65474.00,65474.00,5087.20,5087.20,751,2020-02-29 00:00:00,1,0,2024-07-02 18:06:08,0,2024-07-02 18:06:08,,,
2020-02,印尼,12807199.10,33833098.60,627770.40,1663386.30,752,2020-02-29 00:00:00,1,0,2024-07-02 18:06:08,0,2024-07-02 18:06:08,,,
2020-01,阿拉伯联合酋长国,16782.10,16782.10,3267.50,3267.50,753,2020-01-31 00:00:00,1,0,2024-07-02 18:06:08,0,2024-07-02 18:06:08,,,
2020-01,澳大利亚,14504981.20,14504981.20,1585447.00,1585447.00,754,2020-01-31 00:00:00,1,0,2024-07-02 18:06:08,0,2024-07-02 18:06:08,,,
2020-01,巴西,0.00,0.00,0.30,0.30,755,2020-01-31 00:00:00,1,0,2024-07-02 18:06:08,0,2024-07-02 18:06:08,,,
2020-01,俄罗斯,3536425.00,3536425.00,266597.20,266597.20,756,2020-01-31 00:00:00,1,0,2024-07-02 18:06:08,0,2024-07-02 18:06:08,,,
2020-01,菲律宾,1191202.20,1191202.20,61744.20,61744.20,757,2020-01-31 00:00:00,1,0,2024-07-02 18:06:08,0,2024-07-02 18:06:08,,,
2020-01,哈萨克斯坦,89093.00,89093.00,9329.10,9329.10,758,2020-01-31 00:00:00,1,0,2024-07-02 18:06:08,0,2024-07-02 18:06:08,,,
2020-01,加拿大,669777.90,669777.90,91497.70,91497.70,759,2020-01-31 00:00:00,1,0,2024-07-02 18:06:08,0,2024-07-02 18:06:08,,,
2020-01,肯尼亚,0.00,0.00,0.00,0.00,760,2020-01-31 00:00:00,1,0,2024-07-02 18:06:08,0,2024-07-02 18:06:08,,,
2020-01,老挝,32004.10,32004.10,1473.10,1473.10,761,2020-01-31 00:00:00,1,0,2024-07-02 18:06:08,0,2024-07-02 18:06:08,,,
2020-01,美国,19.40,19.40,14.90,14.90,762,2020-01-31 00:00:00,1,0,2024-07-02 18:06:08,0,2024-07-02 18:06:08,,,
2020-01,蒙古,2437431.40,2437431.40,186905.40,186905.40,763,2020-01-31 00:00:00,1,0,2024-07-02 18:06:08,0,2024-07-02 18:06:08,,,
2020-01,缅甸,56279.40,56279.40,2332.40,2332.40,764,2020-01-31 00:00:00,1,0,2024-07-02 18:06:08,0,2024-07-02 18:06:08,,,
2020-01,印尼,21025899.40,21025899.40,1035615.90,1035615.90,765,2020-01-31 00:00:00,1,0,2024-07-02 18:06:08,0,2024-07-02 18:06:08,,,
2020-01,英国,7.50,7.50,5.90,5.90,766,2020-01-31 00:00:00,1,0,2024-07-02 18:06:08,0,2024-07-02 18:06:08,,,
2019-12,澳大利亚,464750.10,77093034.10,48293.10,9365699.10,767,2019-12-31 00:00:00,1,0,2024-07-02 18:06:08,0,2024-07-02 18:06:08,,,
2019-12,俄罗斯,474542.80,32244208.90,26944.70,2706921.40,768,2019-12-31 00:00:00,1,0,2024-07-02 18:06:08,0,2024-07-02 18:06:08,,,
2019-12,哈萨克斯坦,0.10,149908.00,0.00,17985.00,769,2019-12-31 00:00:00,1,0,2024-07-02 18:06:08,0,2024-07-02 18:06:08,,,
2019-12,韩国,16439.50,16449.40,4122.30,4130.40,770,2019-12-31 00:00:00,1,0,2024-07-02 18:06:08,0,2024-07-02 18:06:08,,,
2019-12,吉尔吉斯斯坦,608.90,180309.10,13.40,4698.40,771,2019-12-31 00:00:00,1,0,2024-07-02 18:06:08,0,2024-07-02 18:06:08,,,
2019-12,美国,0.00,1118409.60,0.10,157836.20,772,2019-12-31 00:00:00,1,0,2024-07-02 18:06:08,0,2024-07-02 18:06:08,,,
2019-12,蒙古,1830945.50,36350292.20,129636.30,3103168.00,773,2019-12-31 00:00:00,1,0,2024-07-02 18:06:08,0,2024-07-02 18:06:08,,,
2019-12,缅甸,2447.00,170292.70,100.90,5659.10,774,2019-12-31 00:00:00,1,0,2024-07-02 18:06:08,0,2024-07-02 18:06:08,,,
2019-12,南非,0.50,4.70,2.10,16.00,775,2019-12-31 00:00:00,1,0,2024-07-02 18:06:08,0,2024-07-02 18:06:08,,,
2019-12,日本,38516.00,208962.10,9004.00,49902.70,776,2019-12-31 00:00:00,1,0,2024-07-02 18:06:08,0,2024-07-02 18:06:08,,,
2019-12,新西兰,0.30,65250.70,2.10,4878.60,777,2019-12-31 00:00:00,1,0,2024-07-02 18:06:08,0,2024-07-02 18:06:08,,,
2019-12,印尼,68849.00,137617404.30,4054.20,6793490.10,778,2019-12-31 00:00:00,1,0,2024-07-02 18:06:08,0,2024-07-02 18:06:08,,,
2019-12,赞比亚,0.00,0.00,0.00,0.00,779,2019-12-31 00:00:00,1,0,2024-07-02 18:06:08,0,2024-07-02 18:06:08,,,
2019-11,澳大利亚,4510062.70,76628284.10,595308.00,9317406.00,780,2019-11-30 00:00:00,1,0,2024-07-02 18:06:08,0,2024-07-02 18:06:08,,,
2019-11,德国,10.00,84.40,9.10,98.70,781,2019-11-30 00:00:00,1,0,2024-07-02 18:06:12,0,2024-07-02 18:06:12,,,
2019-11,俄罗斯,2671230.90,31769666.10,195249.20,2679976.80,782,2019-11-30 00:00:00,1,0,2024-07-02 18:06:12,0,2024-07-02 18:06:12,,,
2019-11,菲律宾,948253.80,9335056.30,44563.30,459452.70,783,2019-11-30 00:00:00,1,0,2024-07-02 18:06:12,0,2024-07-02 18:06:12,,,
2019-11,哥伦比亚,339103.00,1689289.50,23465.60,117619.30,784,2019-11-30 00:00:00,1,0,2024-07-02 18:06:12,0,2024-07-02 18:06:12,,,
2019-11,哈萨克斯坦,18729.40,149907.90,2662.00,17985.00,785,2019-11-30 00:00:00,1,0,2024-07-02 18:06:12,0,2024-07-02 18:06:12,,,
2019-11,吉尔吉斯斯坦,10077.60,179700.20,277.60,4685.00,786,2019-11-30 00:00:00,1,0,2024-07-02 18:06:12,0,2024-07-02 18:06:12,,,
2019-11,加拿大,266074.50,3802349.00,39639.80,673001.50,787,2019-11-30 00:00:00,1,0,2024-07-02 18:06:12,0,2024-07-02 18:06:12,,,
2019-11,老挝,30798.20,192384.30,1407.20,8806.70,788,2019-11-30 00:00:00,1,0,2024-07-02 18:06:12,0,2024-07-02 18:06:12,,,
2019-11,美国,118387.40,1118409.60,16482.70,157836.10,789,2019-11-30 00:00:00,1,0,2024-07-02 18:06:12,0,2024-07-02 18:06:12,,,
2019-11,蒙古,2975506.70,34519346.70,240720.00,2973531.80,790,2019-11-30 00:00:00,1,0,2024-07-02 18:06:12,0,2024-07-02 18:06:12,,,
2019-11,缅甸,23408.60,167845.70,801.00,5558.20,791,2019-11-30 00:00:00,1,0,2024-07-02 18:06:12,0,2024-07-02 18:06:12,,,
2019-11,墨西哥,0.00,0.00,0.10,0.10,792,2019-11-30 00:00:00,1,0,2024-07-02 18:06:12,0,2024-07-02 18:06:12,,,
2019-11,日本,56639.10,170446.10,13404.40,40898.70,793,2019-11-30 00:00:00,1,0,2024-07-02 18:06:12,0,2024-07-02 18:06:12,,,
2019-11,台湾省,301.40,344.20,56.40,123.30,794,2019-11-30 00:00:00,1,0,2024-07-02 18:06:12,0,2024-07-02 18:06:12,,,
2019-11,印尼,8888304.00,137548555.30,443704.80,6789436.00,795,2019-11-30 00:00:00,1,0,2024-07-02 18:06:12,0,2024-07-02 18:06:12,,,
2019-11,英国,46.50,96.70,17.20,42.90,796,2019-11-30 00:00:00,1,0,2024-07-02 18:06:12,0,2024-07-02 18:06:12,,,
2019-10,澳大利亚,6367615.80,72118221.30,634658.30,8722098.00,797,2019-10-31 00:00:00,1,0,2024-07-02 18:06:12,0,2024-07-02 18:06:12,,,
2019-10,俄罗斯,2742610.60,29098435.20,202068.60,2484727.60,798,2019-10-31 00:00:00,1,0,2024-07-02 18:06:12,0,2024-07-02 18:06:12,,,
2019-10,菲律宾,1011571.80,8386802.40,46136.10,414889.40,799,2019-10-31 00:00:00,1,0,2024-07-02 18:06:12,0,2024-07-02 18:06:12,,,
2019-10,哥伦比亚,335305.00,1350186.50,23547.60,94153.70,800,2019-10-31 00:00:00,1,0,2024-07-02 18:06:12,0,2024-07-02 18:06:12,,,
2019-10,哈萨克斯坦,11344.80,131178.50,1612.20,15323.00,801,2019-10-31 00:00:00,1,0,2024-07-02 18:06:12,0,2024-07-02 18:06:12,,,
2019-10,吉尔吉斯斯坦,23537.80,169622.70,654.70,4407.40,802,2019-10-31 00:00:00,1,0,2024-07-02 18:06:12,0,2024-07-02 18:06:12,,,
2019-10,加拿大,259203.00,3536274.50,35174.90,633361.60,803,2019-10-31 00:00:00,1,0,2024-07-02 18:06:12,0,2024-07-02 18:06:12,,,
2019-10,老挝,12887.90,161586.10,576.30,7399.60,804,2019-10-31 00:00:00,1,0,2024-07-02 18:06:12,0,2024-07-02 18:06:12,,,
2019-10,马来西亚,15311.80,46111.80,617.00,2747.00,805,2019-10-31 00:00:00,1,0,2024-07-02 18:06:12,0,2024-07-02 18:06:12,,,
2019-10,美国,161229.20,1000022.20,18162.00,141353.40,806,2019-10-31 00:00:00,1,0,2024-07-02 18:06:12,0,2024-07-02 18:06:12,,,
2019-10,蒙古,3237259.80,31543840.00,264910.30,2732811.80,807,2019-10-31 00:00:00,1,0,2024-07-02 18:06:12,0,2024-07-02 18:06:12,,,
2019-10,缅甸,14813.80,144437.10,566.70,4757.10,808,2019-10-31 00:00:00,1,0,2024-07-02 18:06:12,0,2024-07-02 18:06:12,,,
2019-10,南非,4.30,4.30,13.90,13.90,809,2019-10-31 00:00:00,1,0,2024-07-02 18:06:12,0,2024-07-02 18:06:12,,,
2019-10,日本,113714.20,113807.10,27423.00,27494.20,810,2019-10-31 00:00:00,1,0,2024-07-02 18:06:12,0,2024-07-02 18:06:12,,,
2019-10,台湾省,0.40,42.80,7.60,66.90,811,2019-10-31 00:00:00,1,0,2024-07-02 18:06:17,0,2024-07-02 18:06:17,,,
2019-10,伊朗,27813.20,27863.30,2914.40,2921.80,812,2019-10-31 00:00:00,1,0,2024-07-02 18:06:17,0,2024-07-02 18:06:17,,,
2019-10,印尼,11484109.00,128660251.30,563983.60,6345731.20,813,2019-10-31 00:00:00,1,0,2024-07-02 18:06:17,0,2024-07-02 18:06:17,,,
2019-10,英国,0.50,50.20,0.50,25.60,814,2019-10-31 00:00:00,1,0,2024-07-02 18:06:17,0,2024-07-02 18:06:17,,,
2019-10,越南,3910.00,69835.80,479.10,8699.80,815,2019-10-31 00:00:00,1,0,2024-07-02 18:06:17,0,2024-07-02 18:06:17,,,
2019-09,澳大利亚,8300164.30,65750605.60,971145.20,8087439.70,816,2019-09-30 00:00:00,1,0,2024-07-02 18:06:17,0,2024-07-02 18:06:17,,,
2019-09,德国,10.20,74.40,9.20,89.70,817,2019-09-30 00:00:00,1,0,2024-07-02 18:06:17,0,2024-07-02 18:06:17,,,
2019-09,俄罗斯,2575314.80,26355824.60,196241.40,2282659.00,818,2019-09-30 00:00:00,1,0,2024-07-02 18:06:17,0,2024-07-02 18:06:17,,,
2019-09,菲律宾,1088777.70,7375230.70,50385.20,368753.30,819,2019-09-30 00:00:00,1,0,2024-07-02 18:06:17,0,2024-07-02 18:06:17,,,
2019-09,哥伦比亚,254259.20,1014881.50,17099.90,70606.10,820,2019-09-30 00:00:00,1,0,2024-07-02 18:06:17,0,2024-07-02 18:06:17,,,
2019-09,哈萨克斯坦,5993.10,119833.70,829.10,13710.70,821,2019-09-30 00:00:00,1,0,2024-07-02 18:06:17,0,2024-07-02 18:06:17,,,
2019-09,吉尔吉斯斯坦,26568.00,146084.90,741.30,3752.70,822,2019-09-30 00:00:00,1,0,2024-07-02 18:06:17,0,2024-07-02 18:06:17,,,
2019-09,加拿大,603680.00,3277071.50,108018.90,598186.70,823,2019-09-30 00:00:00,1,0,2024-07-02 18:06:17,0,2024-07-02 18:06:17,,,
2019-09,老挝,36801.60,148698.20,1717.40,6823.30,824,2019-09-30 00:00:00,1,0,2024-07-02 18:06:17,0,2024-07-02 18:06:17,,,
2019-09,美国,250085.20,838793.00,36617.20,123191.40,825,2019-09-30 00:00:00,1,0,2024-07-02 18:06:17,0,2024-07-02 18:06:17,,,
2019-09,蒙古,3898701.80,28306580.20,333606.10,2467901.50,826,2019-09-30 00:00:00,1,0,2024-07-02 18:06:17,0,2024-07-02 18:06:17,,,
2019-09,缅甸,24031.10,129623.30,876.60,4190.40,827,2019-09-30 00:00:00,1,0,2024-07-02 18:06:17,0,2024-07-02 18:06:17,,,
2019-09,台湾省,33.50,42.50,6.00,59.30,828,2019-09-30 00:00:00,1,0,2024-07-02 18:06:17,0,2024-07-02 18:06:17,,,
2019-09,印尼,13214405.20,117176142.30,690015.50,5781747.60,829,2019-09-30 00:00:00,1,0,2024-07-02 18:06:17,0,2024-07-02 18:06:17,,,
2019-09,越南,13770.00,65925.80,1691.40,8220.70,830,2019-09-30 00:00:00,1,0,2024-07-02 18:06:17,0,2024-07-02 18:06:17,,,
2019-08,澳大利亚,11156445.20,57450441.30,1263975.50,7116294.40,831,2019-08-31 00:00:00,1,0,2024-07-02 18:06:17,0,2024-07-02 18:06:17,,,
2019-08,波兰,0.00,0.00,0.70,0.70,832,2019-08-31 00:00:00,1,0,2024-07-02 18:06:17,0,2024-07-02 18:06:17,,,
2019-08,德国,10.00,64.20,9.10,80.50,833,2019-08-31 00:00:00,1,0,2024-07-02 18:06:17,0,2024-07-02 18:06:17,,,
2019-08,俄罗斯,3120666.40,23780509.80,237413.90,2086417.50,834,2019-08-31 00:00:00,1,0,2024-07-02 18:06:17,0,2024-07-02 18:06:17,,,
2019-08,菲律宾,745939.80,6286453.00,34723.90,318368.20,835,2019-08-31 00:00:00,1,0,2024-07-02 18:06:17,0,2024-07-02 18:06:17,,,
2019-08,哥伦比亚,343920.20,760622.30,24183.50,53506.20,836,2019-08-31 00:00:00,1,0,2024-07-02 18:06:17,0,2024-07-02 18:06:17,,,
2019-08,哈萨克斯坦,110855.90,113840.70,12414.70,12881.60,837,2019-08-31 00:00:00,1,0,2024-07-02 18:06:17,0,2024-07-02 18:06:17,,,
2019-08,韩国,0.10,9.90,0.10,8.10,838,2019-08-31 00:00:00,1,0,2024-07-02 18:06:17,0,2024-07-02 18:06:17,,,
2019-08,吉尔吉斯斯坦,29476.60,119516.90,808.30,3011.40,839,2019-08-31 00:00:00,1,0,2024-07-02 18:06:17,0,2024-07-02 18:06:17,,,
2019-08,加拿大,386600.20,2673391.50,69384.80,490167.80,840,2019-08-31 00:00:00,1,0,2024-07-02 18:06:17,0,2024-07-02 18:06:17,,,
2019-08,老挝,14671.70,111896.50,667.00,5105.90,841,2019-08-31 00:00:00,1,0,2024-07-02 18:06:22,0,2024-07-02 18:06:22,,,
2019-08,美国,21650.00,588707.70,3075.30,86574.20,842,2019-08-31 00:00:00,1,0,2024-07-02 18:06:22,0,2024-07-02 18:06:22,,,
2019-08,蒙古,4007039.20,24407878.40,351375.40,2134295.40,843,2019-08-31 00:00:00,1,0,2024-07-02 18:06:22,0,2024-07-02 18:06:22,,,
2019-08,缅甸,19690.30,105592.20,601.40,3313.80,844,2019-08-31 00:00:00,1,0,2024-07-02 18:06:22,0,2024-07-02 18:06:22,,,
2019-08,印尼,13057365.70,103961737.10,650069.20,5091732.10,845,2019-08-31 00:00:00,1,0,2024-07-02 18:06:22,0,2024-07-02 18:06:22,,,
2019-08,英国,3.00,49.70,5.50,25.20,846,2019-08-31 00:00:00,1,0,2024-07-02 18:06:22,0,2024-07-02 18:06:22,,,
2019-07,澳大利亚,10194778.90,46293996.10,1203570.40,5852318.90,847,2019-07-31 00:00:00,1,0,2024-07-02 18:06:22,0,2024-07-02 18:06:22,,,
2019-07,巴西,0.10,0.10,0.50,0.50,848,2019-07-31 00:00:00,1,0,2024-07-02 18:06:22,0,2024-07-02 18:06:22,,,
2019-07,俄罗斯,4141805.20,20659843.50,354976.20,1849003.60,849,2019-07-31 00:00:00,1,0,2024-07-02 18:06:22,0,2024-07-02 18:06:22,,,
2019-07,菲律宾,904413.50,5540513.20,45109.80,283644.30,850,2019-07-31 00:00:00,1,0,2024-07-02 18:06:22,0,2024-07-02 18:06:22,,,
2019-07,哥伦比亚,248525.00,416702.00,16685.90,29322.70,851,2019-07-31 00:00:00,1,0,2024-07-02 18:06:22,0,2024-07-02 18:06:22,,,
2019-07,哈萨克斯坦,0.30,2984.80,0.00,466.90,852,2019-07-31 00:00:00,1,0,2024-07-02 18:06:22,0,2024-07-02 18:06:22,,,
2019-07,荷兰,3.10,3.10,2.30,2.30,853,2019-07-31 00:00:00,1,0,2024-07-02 18:06:22,0,2024-07-02 18:06:22,,,
2019-07,吉尔吉斯斯坦,15764.50,90040.30,429.40,2203.10,854,2019-07-31 00:00:00,1,0,2024-07-02 18:06:22,0,2024-07-02 18:06:22,,,
2019-07,加拿大,179490.90,2286791.30,32494.30,420783.10,855,2019-07-31 00:00:00,1,0,2024-07-02 18:06:22,0,2024-07-02 18:06:22,,,
2019-07,老挝,30307.60,97224.90,1445.80,4438.90,856,2019-07-31 00:00:00,1,0,2024-07-02 18:06:22,0,2024-07-02 18:06:22,,,
2019-07,美国,197633.70,567057.70,30058.80,83498.90,857,2019-07-31 00:00:00,1,0,2024-07-02 18:06:22,0,2024-07-02 18:06:22,,,
2019-07,蒙古,2791384.00,20400839.10,255847.90,1782919.90,858,2019-07-31 00:00:00,1,0,2024-07-02 18:06:22,0,2024-07-02 18:06:22,,,
2019-07,缅甸,25642.20,85901.90,755.20,2712.40,859,2019-07-31 00:00:00,1,0,2024-07-02 18:06:22,0,2024-07-02 18:06:22,,,
2019-07,挪威,0.00,0.00,0.10,0.10,860,2019-07-31 00:00:00,1,0,2024-07-02 18:06:22,0,2024-07-02 18:06:22,,,
2019-07,日本,25.60,92.90,20.80,71.20,861,2019-07-31 00:00:00,1,0,2024-07-02 18:06:22,0,2024-07-02 18:06:22,,,
2019-07,塞内加尔,0.10,0.10,0.20,0.20,862,2019-07-31 00:00:00,1,0,2024-07-02 18:06:22,0,2024-07-02 18:06:22,,,
2019-07,西班牙,0.10,0.10,0.00,0.00,863,2019-07-31 00:00:00,1,0,2024-07-02 18:06:22,0,2024-07-02 18:06:22,,,
2019-07,印度,0.00,0.00,0.10,0.10,864,2019-07-31 00:00:00,1,0,2024-07-02 18:06:22,0,2024-07-02 18:06:22,,,
2019-07,印尼,14201434.40,90904371.40,723277.30,4441662.80,865,2019-07-31 00:00:00,1,0,2024-07-02 18:06:22,0,2024-07-02 18:06:22,,,
2019-07,英国,0.20,46.70,0.10,19.70,866,2019-07-31 00:00:00,1,0,2024-07-02 18:06:22,0,2024-07-02 18:06:22,,,
2019-07,越南,7708.00,52155.80,943.00,6529.30,867,2019-07-31 00:00:00,1,0,2024-07-02 18:06:22,0,2024-07-02 18:06:22,,,
2019-06,澳大利亚,6748156.20,36099217.20,851361.30,4648748.50,868,2019-06-30 00:00:00,1,0,2024-07-02 18:06:22,0,2024-07-02 18:06:22,,,
2019-06,波黑,0.10,0.10,0.20,0.20,869,2019-06-30 00:00:00,1,0,2024-07-02 18:06:22,0,2024-07-02 18:06:22,,,
2019-06,德国,10.00,54.20,9.20,71.40,870,2019-06-30 00:00:00,1,0,2024-07-02 18:06:22,0,2024-07-02 18:06:22,,,
2019-06,俄罗斯,3149825.60,16518038.20,274441.60,1494027.40,871,2019-06-30 00:00:00,1,0,2024-07-02 18:06:28,0,2024-07-02 18:06:28,,,
2019-06,菲律宾,906234.00,4636099.70,46005.00,238534.50,872,2019-06-30 00:00:00,1,0,2024-07-02 18:06:28,0,2024-07-02 18:06:28,,,
2019-06,哥伦比亚,168177.00,168177.00,12636.80,12636.80,873,2019-06-30 00:00:00,1,0,2024-07-02 18:06:28,0,2024-07-02 18:06:28,,,
2019-06,哈萨克斯坦,0.20,2984.50,0.00,466.80,874,2019-06-30 00:00:00,1,0,2024-07-02 18:06:28,0,2024-07-02 18:06:28,,,
2019-06,吉尔吉斯斯坦,16715.70,74275.80,446.60,1773.70,875,2019-06-30 00:00:00,1,0,2024-07-02 18:06:28,0,2024-07-02 18:06:28,,,
2019-06,加拿大,548532.70,2107300.40,99366.00,388288.80,876,2019-06-30 00:00:00,1,0,2024-07-02 18:06:28,0,2024-07-02 18:06:28,,,
2019-06,老挝,13569.00,66917.30,640.10,2993.10,877,2019-06-30 00:00:00,1,0,2024-07-02 18:06:28,0,2024-07-02 18:06:28,,,
2019-06,美国,0.10,369424.10,3.10,53440.10,878,2019-06-30 00:00:00,1,0,2024-07-02 18:06:28,0,2024-07-02 18:06:28,,,
2019-06,蒙古,2855345.30,17609455.10,267078.70,1527072.00,879,2019-06-30 00:00:00,1,0,2024-07-02 18:06:28,0,2024-07-02 18:06:28,,,
2019-06,缅甸,20164.70,60259.70,557.80,1957.20,880,2019-06-30 00:00:00,1,0,2024-07-02 18:06:28,0,2024-07-02 18:06:28,,,
2019-06,日本,0.10,67.30,0.30,50.40,881,2019-06-30 00:00:00,1,0,2024-07-02 18:06:28,0,2024-07-02 18:06:28,,,
2019-06,台湾省,7.20,9.00,19.90,53.30,882,2019-06-30 00:00:00,1,0,2024-07-02 18:06:28,0,2024-07-02 18:06:28,,,
2019-06,乌兹别克斯坦,0.40,0.40,0.80,0.80,883,2019-06-30 00:00:00,1,0,2024-07-02 18:06:28,0,2024-07-02 18:06:28,,,
2019-06,印度,0.00,0.00,0.00,0.00,884,2019-06-30 00:00:00,1,0,2024-07-02 18:06:28,0,2024-07-02 18:06:28,,,
2019-06,印尼,12673565.90,76702937.00,651750.80,3718385.60,885,2019-06-30 00:00:00,1,0,2024-07-02 18:06:28,0,2024-07-02 18:06:28,,,
2019-06,越南,12554.30,44447.90,1615.90,5586.30,886,2019-06-30 00:00:00,1,0,2024-07-02 18:06:28,0,2024-07-02 18:06:28,,,
2019-05,澳大利亚,5247116.90,29351061.00,569489.90,3797387.30,887,2019-05-31 00:00:00,1,0,2024-07-02 18:06:28,0,2024-07-02 18:06:28,,,
2019-05,德国,10.00,44.20,9.30,62.20,888,2019-05-31 00:00:00,1,0,2024-07-02 18:06:28,0,2024-07-02 18:06:28,,,
2019-05,俄罗斯,3924086.90,13368212.60,347454.40,1219585.80,889,2019-05-31 00:00:00,1,0,2024-07-02 18:06:28,0,2024-07-02 18:06:28,,,
2019-05,菲律宾,850750.30,3729865.60,44448.40,192529.40,890,2019-05-31 00:00:00,1,0,2024-07-02 18:06:28,0,2024-07-02 18:06:28,,,
2019-05,哈萨克斯坦,2732.30,2984.30,446.60,466.80,891,2019-05-31 00:00:00,1,0,2024-07-02 18:06:28,0,2024-07-02 18:06:28,,,
2019-05,韩国,0.10,9.80,0.10,8.00,892,2019-05-31 00:00:00,1,0,2024-07-02 18:06:28,0,2024-07-02 18:06:28,,,
2019-05,吉尔吉斯斯坦,18411.90,57560.10,465.80,1327.10,893,2019-05-31 00:00:00,1,0,2024-07-02 18:06:28,0,2024-07-02 18:06:28,,,
2019-05,加拿大,448334.00,1558767.80,83824.00,288922.80,894,2019-05-31 00:00:00,1,0,2024-07-02 18:06:28,0,2024-07-02 18:06:28,,,
2019-05,捷克,0.00,0.00,0.10,0.10,895,2019-05-31 00:00:00,1,0,2024-07-02 18:06:28,0,2024-07-02 18:06:28,,,
2019-05,老挝,19578.50,53348.30,899.30,2353.00,896,2019-05-31 00:00:00,1,0,2024-07-02 18:06:28,0,2024-07-02 18:06:28,,,
2019-05,美国,21.70,369424.00,17.60,53437.00,897,2019-05-31 00:00:00,1,0,2024-07-02 18:06:28,0,2024-07-02 18:06:28,,,
2019-05,蒙古,3681692.70,14754109.80,321657.70,1259993.30,898,2019-05-31 00:00:00,1,0,2024-07-02 18:06:28,0,2024-07-02 18:06:28,,,
2019-05,缅甸,18799.70,40094.90,734.50,1399.40,899,2019-05-31 00:00:00,1,0,2024-07-02 18:06:28,0,2024-07-02 18:06:28,,,
2019-05,日本,25.60,67.20,19.60,50.10,900,2019-05-31 00:00:00,1,0,2024-07-02 18:06:28,0,2024-07-02 18:06:28,,,
2019-05,印尼,13241780.60,64029371.10,662917.20,3066634.80,901,2019-05-31 00:00:00,1,0,2024-07-02 18:06:32,0,2024-07-02 18:06:32,,,
2019-05,英国,46.50,46.50,19.50,19.50,902,2019-05-31 00:00:00,1,0,2024-07-02 18:06:32,0,2024-07-02 18:06:32,,,
2019-05,越南,15997.10,31893.60,2011.50,3970.40,903,2019-05-31 00:00:00,1,0,2024-07-02 18:06:32,0,2024-07-02 18:06:32,,,
2019-04,澳大利亚,5769327.50,24103944.10,797904.40,3227897.40,904,2019-04-30 00:00:00,1,0,2024-07-02 18:06:32,0,2024-07-02 18:06:32,,,
2019-04,德国,1.20,34.20,5.20,52.90,905,2019-04-30 00:00:00,1,0,2024-07-02 18:06:32,0,2024-07-02 18:06:32,,,
2019-04,俄罗斯,2204259.10,9444125.70,198250.80,872131.30,906,2019-04-30 00:00:00,1,0,2024-07-02 18:06:32,0,2024-07-02 18:06:32,,,
2019-04,菲律宾,833399.50,2879115.40,44799.30,148081.10,907,2019-04-30 00:00:00,1,0,2024-07-02 18:06:32,0,2024-07-02 18:06:32,,,
2019-04,吉尔吉斯斯坦,18133.00,39148.20,398.90,861.30,908,2019-04-30 00:00:00,1,0,2024-07-02 18:06:32,0,2024-07-02 18:06:32,,,
2019-04,加拿大,166737.30,1110433.80,31979.40,205098.80,909,2019-04-30 00:00:00,1,0,2024-07-02 18:06:32,0,2024-07-02 18:06:32,,,
2019-04,老挝,7648.20,33769.80,331.60,1453.80,910,2019-04-30 00:00:00,1,0,2024-07-02 18:06:32,0,2024-07-02 18:06:32,,,
2019-04,美国,308789.00,369402.30,44642.70,53419.40,911,2019-04-30 00:00:00,1,0,2024-07-02 18:06:32,0,2024-07-02 18:06:32,,,
2019-04,蒙古,3908811.20,11072417.10,343127.30,938335.50,912,2019-04-30 00:00:00,1,0,2024-07-02 18:06:32,0,2024-07-02 18:06:32,,,
2019-04,秘鲁,0.00,0.00,0.70,0.70,913,2019-04-30 00:00:00,1,0,2024-07-02 18:06:32,0,2024-07-02 18:06:32,,,
2019-04,缅甸,12948.20,21295.30,449.70,664.90,914,2019-04-30 00:00:00,1,0,2024-07-02 18:06:32,0,2024-07-02 18:06:32,,,
2019-04,葡萄牙,0.60,0.60,1.80,1.80,915,2019-04-30 00:00:00,1,0,2024-07-02 18:06:32,0,2024-07-02 18:06:32,,,
2019-04,印尼,12076396.80,50787590.60,607488.80,2403717.60,916,2019-04-30 00:00:00,1,0,2024-07-02 18:06:32,0,2024-07-02 18:06:32,,,
2019-04,越南,9860.00,15896.50,1223.30,1958.90,917,2019-04-30 00:00:00,1,0,2024-07-02 18:06:32,0,2024-07-02 18:06:32,,,
2019-03,澳大利亚,4336422.50,18334616.60,608112.20,2429993.00,918,2019-03-31 00:00:00,1,0,2024-07-02 18:06:32,0,2024-07-02 18:06:32,,,
2019-03,巴基斯坦,0.10,0.10,0.50,0.80,919,2019-03-31 00:00:00,1,0,2024-07-02 18:06:32,0,2024-07-02 18:06:32,,,
2019-03,德国,18.00,33.00,19.90,47.70,920,2019-03-31 00:00:00,1,0,2024-07-02 18:06:32,0,2024-07-02 18:06:32,,,
2019-03,俄罗斯,3092592.00,7239866.60,276986.40,673880.60,921,2019-03-31 00:00:00,1,0,2024-07-02 18:06:32,0,2024-07-02 18:06:32,,,
2019-03,菲律宾,525510.00,2045715.80,28915.00,103281.80,922,2019-03-31 00:00:00,1,0,2024-07-02 18:06:32,0,2024-07-02 18:06:32,,,
2019-03,韩国,9.40,9.70,5.70,8.00,923,2019-03-31 00:00:00,1,0,2024-07-02 18:06:32,0,2024-07-02 18:06:32,,,
2019-03,吉尔吉斯斯坦,13139.40,21015.20,289.10,462.30,924,2019-03-31 00:00:00,1,0,2024-07-02 18:06:32,0,2024-07-02 18:06:32,,,
2019-03,加拿大,256960.10,943696.50,46643.10,173119.40,925,2019-03-31 00:00:00,1,0,2024-07-02 18:06:32,0,2024-07-02 18:06:32,,,
2019-03,老挝,10406.70,26121.60,455.30,1122.20,926,2019-03-31 00:00:00,1,0,2024-07-02 18:06:32,0,2024-07-02 18:06:32,,,
2019-03,美国,60606.70,60613.30,8769.30,8776.70,927,2019-03-31 00:00:00,1,0,2024-07-02 18:06:32,0,2024-07-02 18:06:32,,,
2019-03,蒙古,3438201.30,7163605.90,289308.60,595208.20,928,2019-03-31 00:00:00,1,0,2024-07-02 18:06:32,0,2024-07-02 18:06:32,,,
2019-03,缅甸,8306.70,8347.10,213.50,215.20,929,2019-03-31 00:00:00,1,0,2024-07-02 18:06:32,0,2024-07-02 18:06:32,,,
2019-03,日本,16.00,41.60,10.40,30.50,930,2019-03-31 00:00:00,1,0,2024-07-02 18:06:32,0,2024-07-02 18:06:32,,,
2019-03,新西兰,65250.00,65250.40,4875.40,4876.50,931,2019-03-31 00:00:00,1,0,2024-07-02 18:06:36,0,2024-07-02 18:06:36,,,
2019-03,印尼,11692307.90,38711193.80,534244.70,1796228.90,932,2019-03-31 00:00:00,1,0,2024-07-02 18:06:36,0,2024-07-02 18:06:36,,,
2019-03,越南,3020.00,6036.50,374.70,735.70,933,2019-03-31 00:00:00,1,0,2024-07-02 18:06:36,0,2024-07-02 18:06:36,,,
2019-02,澳大利亚,3173365.10,13998194.10,364667.50,1821880.80,934,2019-02-28 00:00:00,1,0,2024-07-02 18:06:36,0,2024-07-02 18:06:36,,,
2019-02,德国,1.20,15.00,5.20,27.80,935,2019-02-28 00:00:00,1,0,2024-07-02 18:06:36,0,2024-07-02 18:06:36,,,
2019-02,俄罗斯,1909175.20,4147274.70,175994.10,396894.20,936,2019-02-28 00:00:00,1,0,2024-07-02 18:06:36,0,2024-07-02 18:06:36,,,
2019-02,菲律宾,503261.30,1520205.90,25110.00,74366.80,937,2019-02-28 00:00:00,1,0,2024-07-02 18:06:36,0,2024-07-02 18:06:36,,,
2019-02,韩国,0.30,0.30,2.30,2.30,938,2019-02-28 00:00:00,1,0,2024-07-02 18:06:36,0,2024-07-02 18:06:36,,,
2019-02,吉尔吉斯斯坦,2361.80,7875.80,52.00,173.30,939,2019-02-28 00:00:00,1,0,2024-07-02 18:06:36,0,2024-07-02 18:06:36,,,
2019-02,加拿大,91349.30,686736.40,18627.40,126476.30,940,2019-02-28 00:00:00,1,0,2024-07-02 18:06:36,0,2024-07-02 18:06:36,,,
2019-02,老挝,2820.00,15714.90,119.30,666.90,941,2019-02-28 00:00:00,1,0,2024-07-02 18:06:36,0,2024-07-02 18:06:36,,,
2019-02,马来西亚,30800.00,30800.00,2130.00,2130.00,942,2019-02-28 00:00:00,1,0,2024-07-02 18:06:36,0,2024-07-02 18:06:36,,,
2019-02,美国,0.10,6.60,2.20,7.50,943,2019-02-28 00:00:00,1,0,2024-07-02 18:06:36,0,2024-07-02 18:06:36,,,
2019-02,蒙古,1518902.20,3725404.60,134220.30,305899.60,944,2019-02-28 00:00:00,1,0,2024-07-02 18:06:36,0,2024-07-02 18:06:36,,,
2019-02,日本,25.60,25.60,20.10,20.10,945,2019-02-28 00:00:00,1,0,2024-07-02 18:06:36,0,2024-07-02 18:06:36,,,
2019-02,新西兰,0.20,0.40,0.60,1.10,946,2019-02-28 00:00:00,1,0,2024-07-02 18:06:36,0,2024-07-02 18:06:36,,,
2019-02,印尼,10415987.80,27018885.90,470819.90,1261984.20,947,2019-02-28 00:00:00,1,0,2024-07-02 18:06:36,0,2024-07-02 18:06:36,,,
2019-01,澳大利亚,10824829.00,10824829.00,1457213.20,1457213.20,948,2019-01-31 00:00:00,1,0,2024-07-02 18:06:36,0,2024-07-02 18:06:36,,,
2019-01,巴基斯坦,0.00,0.00,0.30,0.30,949,2019-01-31 00:00:00,1,0,2024-07-02 18:06:36,0,2024-07-02 18:06:36,,,
2019-01,德国,13.80,13.80,22.60,22.60,950,2019-01-31 00:00:00,1,0,2024-07-02 18:06:36,0,2024-07-02 18:06:36,,,
2019-01,俄罗斯,2238099.40,2238099.40,220900.10,220900.10,951,2019-01-31 00:00:00,1,0,2024-07-02 18:06:36,0,2024-07-02 18:06:36,,,
2019-01,菲律宾,1016944.60,1016944.60,49256.80,49256.80,952,2019-01-31 00:00:00,1,0,2024-07-02 18:06:36,0,2024-07-02 18:06:36,,,
2019-01,哈萨克斯坦,252.00,252.00,20.20,20.20,953,2019-01-31 00:00:00,1,0,2024-07-02 18:06:36,0,2024-07-02 18:06:36,,,
2019-01,吉尔吉斯斯坦,5514.00,5514.00,121.30,121.30,954,2019-01-31 00:00:00,1,0,2024-07-02 18:06:36,0,2024-07-02 18:06:36,,,
2019-01,加拿大,595387.10,595387.10,107848.80,107848.80,955,2019-01-31 00:00:00,1,0,2024-07-02 18:06:36,0,2024-07-02 18:06:36,,,
2019-01,老挝,12894.90,12894.90,547.60,547.60,956,2019-01-31 00:00:00,1,0,2024-07-02 18:06:36,0,2024-07-02 18:06:36,,,
2019-01,美国,6.60,6.60,5.30,5.30,957,2019-01-31 00:00:00,1,0,2024-07-02 18:06:36,0,2024-07-02 18:06:36,,,
2019-01,蒙古,2206502.40,2206502.40,171679.30,171679.30,958,2019-01-31 00:00:00,1,0,2024-07-02 18:06:36,0,2024-07-02 18:06:36,,,
2019-01,缅甸,40.40,40.40,1.70,1.70,959,2019-01-31 00:00:00,1,0,2024-07-02 18:06:36,0,2024-07-02 18:06:36,,,
2019-01,台湾省,1.80,1.80,33.40,33.40,960,2019-01-31 00:00:00,1,0,2024-07-02 18:06:36,0,2024-07-02 18:06:36,,,
2019-01,新西兰,0.20,0.20,0.50,0.50,961,2019-01-31 00:00:00,1,0,2024-07-02 18:06:42,0,2024-07-02 18:06:42,,,
2019-01,伊朗,50.10,50.10,7.40,7.40,962,2019-01-31 00:00:00,1,0,2024-07-02 18:06:42,0,2024-07-02 18:06:42,,,
2019-01,印尼,16602898.10,16602898.10,791164.30,791164.30,963,2019-01-31 00:00:00,1,0,2024-07-02 18:06:42,0,2024-07-02 18:06:42,,,
2019-01,越南,3016.50,3016.50,361.00,361.00,964,2019-01-31 00:00:00,1,0,2024-07-02 18:06:42,0,2024-07-02 18:06:42,,,
2018-12,澳大利亚,2019874.70,79774060.40,211750.90,10430258.20,965,2018-12-31 00:00:00,1,0,2024-07-02 18:06:42,0,2024-07-02 18:06:42,,,
2018-12,美国,19.40,2282661.40,14.90,376432.00,966,2018-12-31 00:00:00,1,0,2024-07-02 18:06:42,0,2024-07-02 18:06:42,,,
2018-12,越南,23211.20,213996.70,2519.20,18962.30,967,2018-12-31 00:00:00,1,0,2024-07-02 18:06:42,0,2024-07-02 18:06:42,,,
2018-12,俄罗斯,1088494.90,27138942.90,88032.30,2547878.10,968,2018-12-31 00:00:00,1,0,2024-07-02 18:06:42,0,2024-07-02 18:06:42,,,
2018-12,菲律宾,214312.90,4444251.30,10230.80,276624.80,969,2018-12-31 00:00:00,1,0,2024-07-02 18:06:42,0,2024-07-02 18:06:42,,,
2018-12,老挝,19029.00,124155.60,806.40,5310.50,970,2018-12-31 00:00:00,1,0,2024-07-02 18:06:42,0,2024-07-02 18:06:42,,,
2018-12,蒙古,2863299.20,36170066.50,205442.40,2822264.00,971,2018-12-31 00:00:00,1,0,2024-07-02 18:06:42,0,2024-07-02 18:06:42,,,
2018-12,缅甸,1053.60,3315.10,44.10,138.70,972,2018-12-31 00:00:00,1,0,2024-07-02 18:06:42,0,2024-07-02 18:06:42,,,
2018-12,印尼,4044891.50,125295421.20,221371.20,7334673.20,973,2018-12-31 00:00:00,1,0,2024-07-02 18:06:42,0,2024-07-02 18:06:42,,,
2018-11,澳大利亚,6696517.70,77754185.70,912526.00,10218507.40,974,2018-11-30 00:00:00,1,0,2024-07-02 18:06:42,0,2024-07-02 18:06:42,,,
2018-11,吉尔吉斯斯坦,4621.50,109547.70,101.70,2410.10,975,2018-11-30 00:00:00,1,0,2024-07-02 18:06:42,0,2024-07-02 18:06:42,,,
2018-11,加拿大,160895.20,2951234.70,31196.00,527137.00,976,2018-11-30 00:00:00,1,0,2024-07-02 18:06:42,0,2024-07-02 18:06:42,,,
2018-11,越南,7942.00,190785.50,690.40,16443.10,977,2018-11-30 00:00:00,1,0,2024-07-02 18:06:42,0,2024-07-02 18:06:42,,,
2018-11,俄罗斯,1475762.00,26050448.00,120075.40,2459845.80,978,2018-11-30 00:00:00,1,0,2024-07-02 18:06:42,0,2024-07-02 18:06:42,,,
2018-11,菲律宾,455405.00,4229938.40,24737.90,266393.90,979,2018-11-30 00:00:00,1,0,2024-07-02 18:06:42,0,2024-07-02 18:06:42,,,
2018-11,老挝,20220.20,105126.50,850.00,4504.10,980,2018-11-30 00:00:00,1,0,2024-07-02 18:06:42,0,2024-07-02 18:06:42,,,
2018-11,美国,218487.90,2342685.30,35987.30,381007.50,981,2018-11-30 00:00:00,1,0,2024-07-02 18:06:42,0,2024-07-02 18:06:42,,,
2018-11,蒙古,2601850.60,33306767.30,184345.20,2616821.60,982,2018-11-30 00:00:00,1,0,2024-07-02 18:06:42,0,2024-07-02 18:06:42,,,
2018-11,缅甸,1215.00,2261.50,50.60,94.70,983,2018-11-30 00:00:00,1,0,2024-07-02 18:06:42,0,2024-07-02 18:06:42,,,
2018-11,土耳其,0.10,0.10,0.70,0.70,984,2018-11-30 00:00:00,1,0,2024-07-02 18:06:42,0,2024-07-02 18:06:42,,,
2018-11,印尼,8086746.20,121250529.80,436809.80,7113302.00,985,2018-11-30 00:00:00,1,0,2024-07-02 18:06:42,0,2024-07-02 18:06:42,,,
2018-10,澳大利亚,6795799.50,71057668.10,874766.90,9305981.30,986,2018-10-31 00:00:00,1,0,2024-07-02 18:06:42,0,2024-07-02 18:06:42,,,
2018-10,德国,1.00,7.40,4.60,54.30,987,2018-10-31 00:00:00,1,0,2024-07-02 18:06:42,0,2024-07-02 18:06:42,,,
2018-10,吉尔吉斯斯坦,32398.10,104926.20,712.80,2308.40,988,2018-10-31 00:00:00,1,0,2024-07-02 18:06:42,0,2024-07-02 18:06:42,,,
2018-10,加拿大,334903.70,2790339.50,56448.10,495941.00,989,2018-10-31 00:00:00,1,0,2024-07-02 18:06:42,0,2024-07-02 18:06:42,,,
2018-10,伊朗,27800.70,56365.10,3300.10,6275.20,990,2018-10-31 00:00:00,1,0,2024-07-02 18:06:42,0,2024-07-02 18:06:42,,,
2018-10,越南,3453.10,182843.50,143.10,15752.70,991,2018-10-31 00:00:00,1,0,2024-07-02 18:06:48,0,2024-07-02 18:06:48,,,
2018-10,俄罗斯,2264157.20,24574686.00,197665.70,2339770.50,992,2018-10-31 00:00:00,1,0,2024-07-02 18:06:48,0,2024-07-02 18:06:48,,,
2018-10,菲律宾,252085.70,3774533.40,13370.20,241656.00,993,2018-10-31 00:00:00,1,0,2024-07-02 18:06:48,0,2024-07-02 18:06:48,,,
2018-10,老挝,24870.30,84906.30,1049.10,3654.10,994,2018-10-31 00:00:00,1,0,2024-07-02 18:06:48,0,2024-07-02 18:06:48,,,
2018-10,蒙古,3767187.00,30704916.60,318096.50,2432476.50,995,2018-10-31 00:00:00,1,0,2024-07-02 18:06:48,0,2024-07-02 18:06:48,,,
2018-10,缅甸,265.00,1046.50,11.20,44.10,996,2018-10-31 00:00:00,1,0,2024-07-02 18:06:48,0,2024-07-02 18:06:48,,,
2018-10,印度,1.10,1.60,1.50,8.60,997,2018-10-31 00:00:00,1,0,2024-07-02 18:06:48,0,2024-07-02 18:06:48,,,
2018-10,印尼,9565760.20,113163783.60,500035.40,6676492.20,998,2018-10-31 00:00:00,1,0,2024-07-02 18:06:48,0,2024-07-02 18:06:48,,,
2018-09,朝鲜,5059.00,15348.00,505.90,1446.90,999,2018-09-30 00:00:00,1,0,2024-07-02 18:06:48,0,2024-07-02 18:06:48,,,
2018-09,德国,1.00,6.40,4.40,49.70,1000,2018-09-30 00:00:00,1,0,2024-07-02 18:06:48,0,2024-07-02 18:06:48,,,
2018-09,吉尔吉斯斯坦,23436.50,72528.10,515.60,1595.60,1001,2018-09-30 00:00:00,1,0,2024-07-02 18:06:48,0,2024-07-02 18:06:48,,,
2018-09,加拿大,428380.60,2455435.80,74753.70,439493.00,1002,2018-09-30 00:00:00,1,0,2024-07-02 18:06:48,0,2024-07-02 18:06:48,,,
2018-09,美国,120369.40,2064165.60,13844.30,340458.90,1003,2018-09-30 00:00:00,1,0,2024-07-02 18:06:48,0,2024-07-02 18:06:48,,,
2018-09,伊朗,10125.30,28564.40,891.30,2975.10,1004,2018-09-30 00:00:00,1,0,2024-07-02 18:06:48,0,2024-07-02 18:06:48,,,
2018-09,英国,2.00,5.00,3.40,8.70,1005,2018-09-30 00:00:00,1,0,2024-07-02 18:06:48,0,2024-07-02 18:06:48,,,
2018-09,越南,13207.70,179390.40,1267.20,15609.60,1006,2018-09-30 00:00:00,1,0,2024-07-02 18:06:48,0,2024-07-02 18:06:48,,,
2018-09,澳大利亚,7015635.00,64345868.60,906687.90,8437617.50,1007,2018-09-30 00:00:00,1,0,2024-07-02 18:06:48,0,2024-07-02 18:06:48,,,
2018-09,巴基斯坦,0.00,24.30,0.90,2.10,1008,2018-09-30 00:00:00,1,0,2024-07-02 18:06:48,0,2024-07-02 18:06:48,,,
2018-09,俄罗斯,3108283.30,22310528.80,276128.00,2142104.80,1009,2018-09-30 00:00:00,1,0,2024-07-02 18:06:48,0,2024-07-02 18:06:48,,,
2018-09,老挝,18188.30,60036.10,760.70,2605.00,1010,2018-09-30 00:00:00,1,0,2024-07-02 18:06:48,0,2024-07-02 18:06:48,,,
2018-09,马来西亚,30200.00,348168.90,1871.20,23223.10,1011,2018-09-30 00:00:00,1,0,2024-07-02 18:06:48,0,2024-07-02 18:06:48,,,
2018-09,蒙古,4151557.40,26937729.60,334535.10,2114380.00,1012,2018-09-30 00:00:00,1,0,2024-07-02 18:06:48,0,2024-07-02 18:06:48,,,
2018-09,缅甸,327.00,781.50,13.90,32.90,1013,2018-09-30 00:00:00,1,0,2024-07-02 18:06:48,0,2024-07-02 18:06:48,,,
2018-09,南非,0.00,0.00,0.20,0.60,1014,2018-09-30 00:00:00,1,0,2024-07-02 18:06:48,0,2024-07-02 18:06:48,,,
2018-09,印尼,10191836.60,103598023.40,556338.70,6176456.80,1015,2018-09-30 00:00:00,1,0,2024-07-02 18:06:48,0,2024-07-02 18:06:48,,,
2018-08,澳大利亚,9608813.00,57246233.50,1228388.80,7524527.80,1016,2018-08-31 00:00:00,1,0,2024-07-02 18:06:48,0,2024-07-02 18:06:48,,,
2018-08,吉尔吉斯斯坦,8971.30,49091.60,197.40,1080.00,1017,2018-08-31 00:00:00,1,0,2024-07-02 18:06:48,0,2024-07-02 18:06:48,,,
2018-08,加拿大,510096.70,2027055.20,92080.40,364739.30,1018,2018-08-31 00:00:00,1,0,2024-07-02 18:06:48,0,2024-07-02 18:06:48,,,
2018-08,美国,511125.60,1943796.20,92326.60,326614.60,1019,2018-08-31 00:00:00,1,0,2024-07-02 18:06:48,0,2024-07-02 18:06:48,,,
2018-08,越南,30247.20,166182.70,2338.00,14342.40,1020,2018-08-31 00:00:00,1,0,2024-07-02 18:06:48,0,2024-07-02 18:06:48,,,
2018-08,俄罗斯,2757719.30,19202245.50,247026.80,1865976.80,1021,2018-08-31 00:00:00,1,0,2024-07-02 18:06:53,0,2024-07-02 18:06:53,,,
2018-08,菲律宾,77000.20,3522447.80,4750.10,228285.70,1022,2018-08-31 00:00:00,1,0,2024-07-02 18:06:53,0,2024-07-02 18:06:53,,,
2018-08,老挝,4357.20,41847.80,182.20,1844.30,1023,2018-08-31 00:00:00,1,0,2024-07-02 18:06:53,0,2024-07-02 18:06:53,,,
2018-08,蒙古,2748993.00,22786172.20,222606.60,1779844.90,1024,2018-08-31 00:00:00,1,0,2024-07-02 18:06:53,0,2024-07-02 18:06:53,,,
2018-08,缅甸,342.60,454.50,14.60,19.00,1025,2018-08-31 00:00:00,1,0,2024-07-02 18:06:53,0,2024-07-02 18:06:53,,,
2018-08,印尼,11617316.30,93406186.80,710222.80,5620118.10,1026,2018-08-31 00:00:00,1,0,2024-07-02 18:06:53,0,2024-07-02 18:06:53,,,
2018-07,澳大利亚,9643584.40,47637420.60,1325306.50,6296139.10,1027,2018-07-31 00:00:00,1,0,2024-07-02 18:06:53,0,2024-07-02 18:06:53,,,
2018-07,德国,1.00,5.40,5.70,45.30,1028,2018-07-31 00:00:00,1,0,2024-07-02 18:06:53,0,2024-07-02 18:06:53,,,
2018-07,哥伦比亚,169662.00,333699.50,14415.80,28305.30,1029,2018-07-31 00:00:00,1,0,2024-07-02 18:06:53,0,2024-07-02 18:06:53,,,
2018-07,吉尔吉斯斯坦,8535.30,40120.30,187.80,882.60,1030,2018-07-31 00:00:00,1,0,2024-07-02 18:06:53,0,2024-07-02 18:06:53,,,
2018-07,加拿大,421239.20,1516958.50,81445.10,272658.90,1031,2018-07-31 00:00:00,1,0,2024-07-02 18:06:53,0,2024-07-02 18:06:53,,,
2018-07,美国,76183.00,1432670.60,13076.90,234288.00,1032,2018-07-31 00:00:00,1,0,2024-07-02 18:06:53,0,2024-07-02 18:06:53,,,
2018-07,莫桑比克,0.30,0.30,10.80,10.80,1033,2018-07-31 00:00:00,1,0,2024-07-02 18:06:53,0,2024-07-02 18:06:53,,,
2018-07,新西兰,43252.00,170683.00,5001.90,22260.40,1034,2018-07-31 00:00:00,1,0,2024-07-02 18:06:53,0,2024-07-02 18:06:53,,,
2018-07,越南,14248.20,135935.50,1533.00,12004.40,1035,2018-07-31 00:00:00,1,0,2024-07-02 18:06:53,0,2024-07-02 18:06:53,,,
2018-07,中国,300.00,300.00,37.40,37.40,1036,2018-07-31 00:00:00,1,0,2024-07-02 18:06:53,0,2024-07-02 18:06:53,,,
2018-07,巴基斯坦,9.80,24.30,0.50,1.20,1037,2018-07-31 00:00:00,1,0,2024-07-02 18:06:53,0,2024-07-02 18:06:53,,,
2018-07,俄罗斯,2618337.30,16444526.30,282718.60,1618950.00,1038,2018-07-31 00:00:00,1,0,2024-07-02 18:06:53,0,2024-07-02 18:06:53,,,
2018-07,菲律宾,228146.50,3445447.60,14388.50,223535.70,1039,2018-07-31 00:00:00,1,0,2024-07-02 18:06:53,0,2024-07-02 18:06:53,,,
2018-07,老挝,12153.30,37490.60,528.00,1662.10,1040,2018-07-31 00:00:00,1,0,2024-07-02 18:06:53,0,2024-07-02 18:06:53,,,
2018-07,马来西亚,22000.00,317968.90,1557.40,21351.90,1041,2018-07-31 00:00:00,1,0,2024-07-02 18:06:53,0,2024-07-02 18:06:53,,,
2018-07,蒙古,2762145.60,20037179.20,231238.10,1557238.30,1042,2018-07-31 00:00:00,1,0,2024-07-02 18:06:53,0,2024-07-02 18:06:53,,,
2018-07,印尼,12388515.20,81788870.50,731990.60,4909895.30,1043,2018-07-31 00:00:00,1,0,2024-07-02 18:06:53,0,2024-07-02 18:06:53,,,
2018-06,德国,2.10,4.30,9.40,39.70,1044,2018-06-30 00:00:00,1,0,2024-07-02 18:06:53,0,2024-07-02 18:06:53,,,
2018-06,哥伦比亚,80464.00,164037.50,6810.40,13889.50,1045,2018-06-30 00:00:00,1,0,2024-07-02 18:06:53,0,2024-07-02 18:06:53,,,
2018-06,吉尔吉斯斯坦,3805.00,31585.00,83.70,694.90,1046,2018-06-30 00:00:00,1,0,2024-07-02 18:06:53,0,2024-07-02 18:06:53,,,
2018-06,加拿大,346902.50,1095719.30,66713.90,191213.80,1047,2018-06-30 00:00:00,1,0,2024-07-02 18:06:53,0,2024-07-02 18:06:53,,,
2018-06,美国,381034.40,1356487.60,73276.50,221211.10,1048,2018-06-30 00:00:00,1,0,2024-07-02 18:06:53,0,2024-07-02 18:06:53,,,
2018-06,伊朗,18439.10,18439.10,2083.60,2083.80,1049,2018-06-30 00:00:00,1,0,2024-07-02 18:06:53,0,2024-07-02 18:06:53,,,
2018-06,英国,2.00,3.00,3.50,5.30,1050,2018-06-30 00:00:00,1,0,2024-07-02 18:06:53,0,2024-07-02 18:06:53,,,
2018-06,越南,38408.00,121687.30,4023.30,10471.50,1051,2018-06-30 00:00:00,1,0,2024-07-02 18:06:59,0,2024-07-02 18:06:59,,,
2018-06,澳大利亚,7850543.00,38077836.20,985794.70,4977234.30,1052,2018-06-30 00:00:00,1,0,2024-07-02 18:06:59,0,2024-07-02 18:06:59,,,
2018-06,巴西,0.20,0.20,2.30,2.30,1053,2018-06-30 00:00:00,1,0,2024-07-02 18:06:59,0,2024-07-02 18:06:59,,,
2018-06,俄罗斯,2219637.10,13826188.90,214371.20,1336231.40,1054,2018-06-30 00:00:00,1,0,2024-07-02 18:06:59,0,2024-07-02 18:06:59,,,
2018-06,菲律宾,676764.50,3217301.10,38841.00,209147.20,1055,2018-06-30 00:00:00,1,0,2024-07-02 18:06:59,0,2024-07-02 18:06:59,,,
2018-06,柬埔寨,0.20,0.20,0.30,0.30,1056,2018-06-30 00:00:00,1,0,2024-07-02 18:06:59,0,2024-07-02 18:06:59,,,
2018-06,老挝,4317.70,25337.30,193.30,1134.10,1057,2018-06-30 00:00:00,1,0,2024-07-02 18:06:59,0,2024-07-02 18:06:59,,,
2018-06,马来西亚,63937.00,295968.90,3514.80,19794.50,1058,2018-06-30 00:00:00,1,0,2024-07-02 18:06:59,0,2024-07-02 18:06:59,,,
2018-06,蒙古,3533360.70,17275033.60,268872.40,1326000.20,1059,2018-06-30 00:00:00,1,0,2024-07-02 18:06:59,0,2024-07-02 18:06:59,,,
2018-06,泰国,0.00,0.00,0.10,0.10,1060,2018-06-30 00:00:00,1,0,2024-07-02 18:06:59,0,2024-07-02 18:06:59,,,
2018-06,印尼,10186568.30,69400355.30,570045.50,4177904.70,1061,2018-06-30 00:00:00,1,0,2024-07-02 18:06:59,0,2024-07-02 18:06:59,,,
2018-05,澳大利亚,5565579.10,30227293.20,778006.70,3991439.50,1062,2018-05-31 00:00:00,1,0,2024-07-02 18:06:59,0,2024-07-02 18:06:59,,,
2018-05,朝鲜,10289.00,10289.00,941.00,941.00,1063,2018-05-31 00:00:00,1,0,2024-07-02 18:06:59,0,2024-07-02 18:06:59,,,
2018-05,德国,0.50,2.30,22.30,30.20,1064,2018-05-31 00:00:00,1,0,2024-07-02 18:06:59,0,2024-07-02 18:06:59,,,
2018-05,哥伦比亚,83573.00,83573.50,7073.50,7079.20,1065,2018-05-31 00:00:00,1,0,2024-07-02 18:06:59,0,2024-07-02 18:06:59,,,
2018-05,吉尔吉斯斯坦,12500.00,27780.00,275.00,611.20,1066,2018-05-31 00:00:00,1,0,2024-07-02 18:06:59,0,2024-07-02 18:06:59,,,
2018-05,美国,426132.70,975453.10,78116.00,147934.70,1067,2018-05-31 00:00:00,1,0,2024-07-02 18:06:59,0,2024-07-02 18:06:59,,,
2018-05,乌克兰,77662.90,77662.90,8229.00,8229.00,1068,2018-05-31 00:00:00,1,0,2024-07-02 18:06:59,0,2024-07-02 18:06:59,,,
2018-05,新西兰,61522.00,127431.00,5912.10,17258.60,1069,2018-05-31 00:00:00,1,0,2024-07-02 18:06:59,0,2024-07-02 18:06:59,,,
2018-05,越南,19996.80,83279.40,1810.50,6448.10,1070,2018-05-31 00:00:00,1,0,2024-07-02 18:06:59,0,2024-07-02 18:06:59,,,
2018-05,俄罗斯,2361598.90,11606551.90,247650.90,1121860.30,1071,2018-05-31 00:00:00,1,0,2024-07-02 18:06:59,0,2024-07-02 18:06:59,,,
2018-05,菲律宾,427289.20,2540536.60,23794.30,170306.20,1072,2018-05-31 00:00:00,1,0,2024-07-02 18:06:59,0,2024-07-02 18:06:59,,,
2018-05,加拿大,163489.00,748866.70,21831.00,124521.20,1073,2018-05-31 00:00:00,1,0,2024-07-02 18:06:59,0,2024-07-02 18:06:59,,,
2018-05,老挝,4384.70,21019.60,197.10,940.80,1074,2018-05-31 00:00:00,1,0,2024-07-02 18:06:59,0,2024-07-02 18:06:59,,,
2018-05,马来西亚,77667.00,232031.90,4604.80,16279.70,1075,2018-05-31 00:00:00,1,0,2024-07-02 18:06:59,0,2024-07-02 18:06:59,,,
2018-05,蒙古,4036751.10,13741672.90,335503.20,1057127.80,1076,2018-05-31 00:00:00,1,0,2024-07-02 18:06:59,0,2024-07-02 18:06:59,,,
2018-05,缅甸,85.90,112.00,3.90,4.40,1077,2018-05-31 00:00:00,1,0,2024-07-02 18:06:59,0,2024-07-02 18:06:59,,,
2018-05,印尼,8821555.90,59213787.10,496165.20,3607859.30,1078,2018-05-31 00:00:00,1,0,2024-07-02 18:06:59,0,2024-07-02 18:06:59,,,
2018-04,澳大利亚,4546533.50,24661714.00,608114.90,3213432.90,1079,2018-04-30 00:00:00,1,0,2024-07-02 18:06:59,0,2024-07-02 18:06:59,,,
2018-04,德国,1.80,1.80,7.90,7.90,1080,2018-04-30 00:00:00,1,0,2024-07-02 18:06:59,0,2024-07-02 18:06:59,,,
2018-04,哥伦比亚,0.40,0.50,4.60,5.60,1081,2018-04-30 00:00:00,1,0,2024-07-02 18:07:03,0,2024-07-02 18:07:03,,,
2018-04,吉尔吉斯斯坦,8813.00,15280.00,193.90,336.20,1082,2018-04-30 00:00:00,1,0,2024-07-02 18:07:03,0,2024-07-02 18:07:03,,,
2018-04,加拿大,77493.00,585377.70,15545.10,102690.20,1083,2018-04-30 00:00:00,1,0,2024-07-02 18:07:03,0,2024-07-02 18:07:03,,,
2018-04,南非,0.00,0.00,0.10,0.40,1084,2018-04-30 00:00:00,1,0,2024-07-02 18:07:03,0,2024-07-02 18:07:03,,,
2018-04,英国,1.00,1.00,1.80,1.80,1085,2018-04-30 00:00:00,1,0,2024-07-02 18:07:03,0,2024-07-02 18:07:03,,,
2018-04,越南,12396.10,63282.60,1027.60,4637.60,1086,2018-04-30 00:00:00,1,0,2024-07-02 18:07:03,0,2024-07-02 18:07:03,,,
2018-04,巴基斯坦,14.50,14.50,0.80,0.80,1087,2018-04-30 00:00:00,1,0,2024-07-02 18:07:03,0,2024-07-02 18:07:03,,,
2018-04,俄罗斯,1891638.30,9244953.00,204270.90,874209.40,1088,2018-04-30 00:00:00,1,0,2024-07-02 18:07:03,0,2024-07-02 18:07:03,,,
2018-04,菲律宾,293084.40,2113247.40,20533.70,146511.80,1089,2018-04-30 00:00:00,1,0,2024-07-02 18:07:03,0,2024-07-02 18:07:03,,,
2018-04,老挝,4076.50,16634.90,184.80,743.60,1090,2018-04-30 00:00:00,1,0,2024-07-02 18:07:03,0,2024-07-02 18:07:03,,,
2018-04,罗马尼亚,0.00,0.00,0.10,0.10,1091,2018-04-30 00:00:00,1,0,2024-07-02 18:07:03,0,2024-07-02 18:07:03,,,
2018-04,马来西亚,14088.10,154364.90,1409.70,11674.90,1092,2018-04-30 00:00:00,1,0,2024-07-02 18:07:03,0,2024-07-02 18:07:03,,,
2018-04,美国,193347.60,609352.20,30453.50,74379.90,1093,2018-04-30 00:00:00,1,0,2024-07-02 18:07:03,0,2024-07-02 18:07:03,,,
2018-04,蒙古,3389622.60,9704921.70,265291.70,721624.60,1094,2018-04-30 00:00:00,1,0,2024-07-02 18:07:03,0,2024-07-02 18:07:03,,,
2018-04,缅甸,26.10,26.10,0.50,0.50,1095,2018-04-30 00:00:00,1,0,2024-07-02 18:07:03,0,2024-07-02 18:07:03,,,
2018-04,印尼,11783549.70,50392231.20,754419.10,3111694.00,1096,2018-04-30 00:00:00,1,0,2024-07-02 18:07:03,0,2024-07-02 18:07:03,,,
2018-03,埃塞俄比亚,0.00,0.00,0.20,0.20,1097,2018-03-31 00:00:00,1,0,2024-07-02 18:07:03,0,2024-07-02 18:07:03,,,
2018-03,澳大利亚,6429845.90,20115180.50,813998.00,2605318.00,1098,2018-03-31 00:00:00,1,0,2024-07-02 18:07:03,0,2024-07-02 18:07:03,,,
2018-03,俄罗斯,2735751.20,7353314.70,259379.40,669938.40,1099,2018-03-31 00:00:00,1,0,2024-07-02 18:07:03,0,2024-07-02 18:07:03,,,
2018-03,菲律宾,531284.20,1820163.00,38831.30,125978.20,1100,2018-03-31 00:00:00,1,0,2024-07-02 18:07:03,0,2024-07-02 18:07:03,,,
2018-03,哥伦比亚,0.10,0.10,1.00,1.00,1101,2018-03-31 00:00:00,1,0,2024-07-02 18:07:03,0,2024-07-02 18:07:03,,,
2018-03,哈萨克斯坦,0.00,0.00,0.20,0.20,1102,2018-03-31 00:00:00,1,0,2024-07-02 18:07:03,0,2024-07-02 18:07:03,,,
2018-03,加拿大,264952.70,507884.70,50059.90,87145.10,1103,2018-03-31 00:00:00,1,0,2024-07-02 18:07:03,0,2024-07-02 18:07:03,,,
2018-03,老挝,4015.40,12558.50,180.80,558.90,1104,2018-03-31 00:00:00,1,0,2024-07-02 18:07:03,0,2024-07-02 18:07:03,,,
2018-03,马来西亚,34200.00,140276.80,2162.80,10265.20,1105,2018-03-31 00:00:00,1,0,2024-07-02 18:07:03,0,2024-07-02 18:07:03,,,
2018-03,美国,136972.40,416004.50,15556.30,43926.40,1106,2018-03-31 00:00:00,1,0,2024-07-02 18:07:03,0,2024-07-02 18:07:03,,,
2018-03,蒙古,3103342.80,6315299.10,232885.30,456332.90,1107,2018-03-31 00:00:00,1,0,2024-07-02 18:07:03,0,2024-07-02 18:07:03,,,
2018-03,南非,0.00,0.00,0.30,0.30,1108,2018-03-31 00:00:00,1,0,2024-07-02 18:07:03,0,2024-07-02 18:07:03,,,
2018-03,印尼,13443012.80,38608681.40,851463.20,2357274.90,1109,2018-03-31 00:00:00,1,0,2024-07-02 18:07:03,0,2024-07-02 18:07:03,,,
2018-03,越南,16450.40,50886.50,1194.40,3610.00,1110,2018-03-31 00:00:00,1,0,2024-07-02 18:07:03,0,2024-07-02 18:07:03,,,
2018-02,澳大利亚,5740806.40,13685334.60,761928.50,1791320.00,1111,2018-02-28 00:00:00,1,0,2024-07-02 18:07:08,0,2024-07-02 18:07:08,,,
2018-02,俄罗斯,1965016.90,4617563.50,175464.90,410559.10,1112,2018-02-28 00:00:00,1,0,2024-07-02 18:07:08,0,2024-07-02 18:07:08,,,
2018-02,菲律宾,637658.20,1288878.90,44985.10,87146.90,1113,2018-02-28 00:00:00,1,0,2024-07-02 18:07:08,0,2024-07-02 18:07:08,,,
2018-02,吉尔吉斯斯坦,701.10,6467.00,15.40,142.30,1114,2018-02-28 00:00:00,1,0,2024-07-02 18:07:08,0,2024-07-02 18:07:08,,,
2018-02,加拿大,157908.00,242932.00,21459.60,37085.20,1115,2018-02-28 00:00:00,1,0,2024-07-02 18:07:08,0,2024-07-02 18:07:08,,,
2018-02,老挝,3946.30,8543.10,177.60,378.10,1116,2018-02-28 00:00:00,1,0,2024-07-02 18:07:08,0,2024-07-02 18:07:08,,,
2018-02,马来西亚,35660.00,106076.80,2183.70,8102.40,1117,2018-02-28 00:00:00,1,0,2024-07-02 18:07:08,0,2024-07-02 18:07:08,,,
2018-02,美国,203164.10,279032.10,21101.90,28370.10,1118,2018-02-28 00:00:00,1,0,2024-07-02 18:07:08,0,2024-07-02 18:07:08,,,
2018-02,蒙古,1292217.10,3211956.30,100131.10,223447.60,1119,2018-02-28 00:00:00,1,0,2024-07-02 18:07:08,0,2024-07-02 18:07:08,,,
2018-02,新西兰,34409.00,65909.00,6130.90,11346.50,1120,2018-02-28 00:00:00,1,0,2024-07-02 18:07:08,0,2024-07-02 18:07:08,,,
2018-02,伊朗,0.00,0.00,0.20,0.20,1121,2018-02-28 00:00:00,1,0,2024-07-02 18:07:08,0,2024-07-02 18:07:08,,,
2018-02,印尼,10800205.00,25165668.60,647538.00,1505811.70,1122,2018-02-28 00:00:00,1,0,2024-07-02 18:07:08,0,2024-07-02 18:07:08,,,
2018-02,越南,34436.10,34436.10,2415.60,2415.60,1123,2018-02-28 00:00:00,1,0,2024-07-02 18:07:08,0,2024-07-02 18:07:08,,,
2018-01,澳大利亚,7944528.10,7944528.10,1029391.50,1029391.50,1124,2018-01-31 00:00:00,1,0,2024-07-02 18:07:08,0,2024-07-02 18:07:08,,,
2018-01,俄罗斯,2652546.70,2652546.70,235094.20,235094.20,1125,2018-01-31 00:00:00,1,0,2024-07-02 18:07:08,0,2024-07-02 18:07:08,,,
2018-01,菲律宾,651220.70,651220.70,42161.80,42161.80,1126,2018-01-31 00:00:00,1,0,2024-07-02 18:07:08,0,2024-07-02 18:07:08,,,
2018-01,吉尔吉斯斯坦,5766.00,5766.00,126.90,126.90,1127,2018-01-31 00:00:00,1,0,2024-07-02 18:07:08,0,2024-07-02 18:07:08,,,
2018-01,加拿大,85024.00,85024.00,15625.60,15625.60,1128,2018-01-31 00:00:00,1,0,2024-07-02 18:07:08,0,2024-07-02 18:07:08,,,
2018-01,老挝,4596.80,4596.80,200.50,200.50,1129,2018-01-31 00:00:00,1,0,2024-07-02 18:07:08,0,2024-07-02 18:07:08,,,
2018-01,马来西亚,70416.80,70416.80,5918.70,5918.70,1130,2018-01-31 00:00:00,1,0,2024-07-02 18:07:08,0,2024-07-02 18:07:08,,,
2018-01,美国,75868.10,75868.10,7268.30,7268.30,1131,2018-01-31 00:00:00,1,0,2024-07-02 18:07:08,0,2024-07-02 18:07:08,,,
2018-01,蒙古,1919739.20,1919739.20,123316.50,123316.50,1132,2018-01-31 00:00:00,1,0,2024-07-02 18:07:08,0,2024-07-02 18:07:08,,,
2018-01,新西兰,31500.00,31500.00,5215.50,5215.50,1133,2018-01-31 00:00:00,1,0,2024-07-02 18:07:08,0,2024-07-02 18:07:08,,,
2018-01,印度,0.60,0.60,7.10,7.10,1134,2018-01-31 00:00:00,1,0,2024-07-02 18:07:08,0,2024-07-02 18:07:08,,,
2018-01,印尼,14365463.60,14365463.60,858273.60,858273.60,1135,2018-01-31 00:00:00,1,0,2024-07-02 18:07:08,0,2024-07-02 18:07:08,,,
2017-12,澳大利亚,8074823.70,80058168.70,983218.20,9823764.00,1136,2017-12-31 00:00:00,1,0,2024-07-02 18:07:08,0,2024-07-02 18:07:08,,,
2017-12,俄罗斯,2349725.20,28074505.60,208252.70,2351506.30,1137,2017-12-31 00:00:00,1,0,2024-07-02 18:07:08,0,2024-07-02 18:07:08,,,
2017-12,菲律宾,338854.70,5543003.80,21420.60,312475.80,1138,2017-12-31 00:00:00,1,0,2024-07-02 18:07:08,0,2024-07-02 18:07:08,,,
2017-12,吉尔吉斯斯坦,9401.10,101683.00,206.80,2239.80,1139,2017-12-31 00:00:00,1,0,2024-07-02 18:07:08,0,2024-07-02 18:07:08,,,
2017-12,加拿大,657200.80,5270817.60,102186.50,867072.00,1140,2017-12-31 00:00:00,1,0,2024-07-02 18:07:08,0,2024-07-02 18:07:08,,,
2017-12,老挝,6436.30,66961.10,283.10,2860.00,1141,2017-12-31 00:00:00,1,0,2024-07-02 18:07:13,0,2024-07-02 18:07:13,,,
2017-12,美国,518262.60,3171184.70,69045.70,455034.20,1142,2017-12-31 00:00:00,1,0,2024-07-02 18:07:13,0,2024-07-02 18:07:13,,,
2017-12,蒙古,2888349.20,33988377.80,192473.80,2209433.80,1143,2017-12-31 00:00:00,1,0,2024-07-02 18:07:13,0,2024-07-02 18:07:13,,,
2017-12,土耳其,0.00,0.00,0.00,0.10,1144,2017-12-31 00:00:00,1,0,2024-07-02 18:07:13,0,2024-07-02 18:07:13,,,
2017-12,新西兰,65997.00,247098.40,10191.70,33723.00,1145,2017-12-31 00:00:00,1,0,2024-07-02 18:07:13,0,2024-07-02 18:07:13,,,
2017-12,印尼,7827084.50,109005345.10,451710.50,6085673.10,1146,2017-12-31 00:00:00,1,0,2024-07-02 18:07:13,0,2024-07-02 18:07:13,,,
2017-11,澳大利亚,5585231.10,71983345.00,758545.80,8840545.80,1147,2017-11-30 00:00:00,1,0,2024-07-02 18:07:13,0,2024-07-02 18:07:13,,,
2017-11,俄罗斯,2217252.80,25724780.40,190128.10,2143253.60,1148,2017-11-30 00:00:00,1,0,2024-07-02 18:07:13,0,2024-07-02 18:07:13,,,
2017-11,菲律宾,329700.10,5204149.10,20033.90,291055.20,1149,2017-11-30 00:00:00,1,0,2024-07-02 18:07:13,0,2024-07-02 18:07:13,,,
2017-11,吉尔吉斯斯坦,13141.20,92281.90,289.10,2033.00,1150,2017-11-30 00:00:00,1,0,2024-07-02 18:07:13,0,2024-07-02 18:07:13,,,
2017-11,加拿大,380775.70,4613616.80,52636.10,764885.50,1151,2017-11-30 00:00:00,1,0,2024-07-02 18:07:13,0,2024-07-02 18:07:13,,,
2017-11,老挝,8626.70,60524.80,376.20,2576.90,1152,2017-11-30 00:00:00,1,0,2024-07-02 18:07:13,0,2024-07-02 18:07:13,,,
2017-11,马来西亚,39950.00,432411.80,1777.00,23096.70,1153,2017-11-30 00:00:00,1,0,2024-07-02 18:07:13,0,2024-07-02 18:07:13,,,
2017-11,美国,161219.80,2652922.20,27766.80,385988.50,1154,2017-11-30 00:00:00,1,0,2024-07-02 18:07:13,0,2024-07-02 18:07:13,,,
2017-11,蒙古,2826949.30,31100028.50,195485.70,2016960.00,1155,2017-11-30 00:00:00,1,0,2024-07-02 18:07:13,0,2024-07-02 18:07:13,,,
2017-11,土耳其,0.00,0.00,0.10,0.10,1156,2017-11-30 00:00:00,1,0,2024-07-02 18:07:13,0,2024-07-02 18:07:13,,,
2017-11,印尼,10487012.50,101178260.50,624229.70,5633962.60,1157,2017-11-30 00:00:00,1,0,2024-07-02 18:07:13,0,2024-07-02 18:07:13,,,
2017-11,越南,2910.20,254599.50,206.60,15032.00,1158,2017-11-30 00:00:00,1,0,2024-07-02 18:07:13,0,2024-07-02 18:07:13,,,
2017-10,澳大利亚,5609462.40,66398113.90,705661.40,8082000.10,1159,2017-10-31 00:00:00,1,0,2024-07-02 18:07:13,0,2024-07-02 18:07:13,,,
2017-10,俄罗斯,1923345.50,23507527.60,151798.80,1953125.50,1160,2017-10-31 00:00:00,1,0,2024-07-02 18:07:13,0,2024-07-02 18:07:13,,,
2017-10,菲律宾,784907.60,4874449.10,42994.10,271021.20,1161,2017-10-31 00:00:00,1,0,2024-07-02 18:07:13,0,2024-07-02 18:07:13,,,
2017-10,吉尔吉斯斯坦,7821.20,79140.70,172.10,1743.90,1162,2017-10-31 00:00:00,1,0,2024-07-02 18:07:13,0,2024-07-02 18:07:13,,,
2017-10,加拿大,457315.00,4232841.10,74720.70,712249.40,1163,2017-10-31 00:00:00,1,0,2024-07-02 18:07:13,0,2024-07-02 18:07:13,,,
2017-10,老挝,6019.40,51898.10,258.50,2200.70,1164,2017-10-31 00:00:00,1,0,2024-07-02 18:07:13,0,2024-07-02 18:07:13,,,
2017-10,马来西亚,51221.70,392461.80,2955.40,21319.70,1165,2017-10-31 00:00:00,1,0,2024-07-02 18:07:13,0,2024-07-02 18:07:13,,,
2017-10,美国,244495.20,2491702.40,28059.80,358221.70,1166,2017-10-31 00:00:00,1,0,2024-07-02 18:07:13,0,2024-07-02 18:07:13,,,
2017-10,蒙古,2290419.40,28273079.20,155033.50,1821474.30,1167,2017-10-31 00:00:00,1,0,2024-07-02 18:07:13,0,2024-07-02 18:07:13,,,
2017-10,缅甸,55.00,55.00,1.40,1.40,1168,2017-10-31 00:00:00,1,0,2024-07-02 18:07:13,0,2024-07-02 18:07:13,,,
2017-10,南非,0.00,0.10,0.20,0.40,1169,2017-10-31 00:00:00,1,0,2024-07-02 18:07:13,0,2024-07-02 18:07:13,,,
2017-10,印尼,9901457.00,90691248.00,540593.30,5009732.80,1170,2017-10-31 00:00:00,1,0,2024-07-02 18:07:13,0,2024-07-02 18:07:13,,,
2017-09,澳大利亚,7831787.70,60788651.50,862395.40,7376338.70,1171,2017-09-30 00:00:00,1,0,2024-07-02 18:07:17,0,2024-07-02 18:07:17,,,
2017-09,朝鲜,511618.90,4826928.90,44060.50,401741.00,1172,2017-09-30 00:00:00,1,0,2024-07-02 18:07:17,0,2024-07-02 18:07:17,,,
2017-09,俄罗斯,2621253.80,21584182.10,212515.20,1801326.70,1173,2017-09-30 00:00:00,1,0,2024-07-02 18:07:17,0,2024-07-02 18:07:17,,,
2017-09,菲律宾,650621.10,4089541.50,33808.40,228027.10,1174,2017-09-30 00:00:00,1,0,2024-07-02 18:07:17,0,2024-07-02 18:07:17,,,
2017-09,哥伦比亚,0.10,6.80,0.80,2.30,1175,2017-09-30 00:00:00,1,0,2024-07-02 18:07:17,0,2024-07-02 18:07:17,,,
2017-09,吉尔吉斯斯坦,6708.40,71319.50,147.60,1571.80,1176,2017-09-30 00:00:00,1,0,2024-07-02 18:07:17,0,2024-07-02 18:07:17,,,
2017-09,加拿大,490370.00,3775526.10,71757.10,637528.70,1177,2017-09-30 00:00:00,1,0,2024-07-02 18:07:17,0,2024-07-02 18:07:17,,,
2017-09,老挝,3386.10,45878.70,147.90,1942.20,1178,2017-09-30 00:00:00,1,0,2024-07-02 18:07:17,0,2024-07-02 18:07:17,,,
2017-09,马来西亚,63187.00,341240.10,2566.60,18364.40,1179,2017-09-30 00:00:00,1,0,2024-07-02 18:07:17,0,2024-07-02 18:07:17,,,
2017-09,美国,161964.80,2247207.20,22288.70,330161.90,1180,2017-09-30 00:00:00,1,0,2024-07-02 18:07:17,0,2024-07-02 18:07:17,,,
2017-09,蒙古,2508520.10,25982659.90,163152.80,1666440.80,1181,2017-09-30 00:00:00,1,0,2024-07-02 18:07:17,0,2024-07-02 18:07:17,,,
2017-09,泰国,0.10,0.10,0.70,0.70,1182,2017-09-30 00:00:00,1,0,2024-07-02 18:07:17,0,2024-07-02 18:07:17,,,
2017-09,新西兰,62222.40,181101.40,7902.20,23531.20,1183,2017-09-30 00:00:00,1,0,2024-07-02 18:07:17,0,2024-07-02 18:07:17,,,
2017-09,意大利,0.70,0.70,4.60,4.60,1184,2017-09-30 00:00:00,1,0,2024-07-02 18:07:17,0,2024-07-02 18:07:17,,,
2017-09,印尼,12159058.70,80789791.00,657429.10,4469139.60,1185,2017-09-30 00:00:00,1,0,2024-07-02 18:07:17,0,2024-07-02 18:07:17,,,
2017-09,越南,11399.20,251689.30,698.40,14825.30,1186,2017-09-30 00:00:00,1,0,2024-07-02 18:07:17,0,2024-07-02 18:07:17,,,
2017-08,澳大利亚,7007789.80,52956863.80,738248.60,6513943.20,1187,2017-08-31 00:00:00,1,0,2024-07-02 18:07:17,0,2024-07-02 18:07:17,,,
2017-08,朝鲜,1636591.60,4315310.00,138146.70,357680.50,1188,2017-08-31 00:00:00,1,0,2024-07-02 18:07:17,0,2024-07-02 18:07:17,,,
2017-08,俄罗斯,2621439.30,18962928.30,218164.80,1588811.50,1189,2017-08-31 00:00:00,1,0,2024-07-02 18:07:17,0,2024-07-02 18:07:17,,,
2017-08,菲律宾,630918.90,3438920.40,31861.20,194218.70,1190,2017-08-31 00:00:00,1,0,2024-07-02 18:07:17,0,2024-07-02 18:07:17,,,
2017-08,吉尔吉斯斯坦,18139.40,64611.10,399.10,1424.20,1191,2017-08-31 00:00:00,1,0,2024-07-02 18:07:17,0,2024-07-02 18:07:17,,,
2017-08,加拿大,598422.40,3285156.10,79206.10,565771.60,1192,2017-08-31 00:00:00,1,0,2024-07-02 18:07:17,0,2024-07-02 18:07:17,,,
2017-08,老挝,7690.30,42492.60,334.20,1794.30,1193,2017-08-31 00:00:00,1,0,2024-07-02 18:07:17,0,2024-07-02 18:07:17,,,
2017-08,马来西亚,47520.00,278053.10,2227.10,15797.70,1194,2017-08-31 00:00:00,1,0,2024-07-02 18:07:17,0,2024-07-02 18:07:17,,,
2017-08,美国,439969.30,2085242.40,58542.40,307873.20,1195,2017-08-31 00:00:00,1,0,2024-07-02 18:07:17,0,2024-07-02 18:07:17,,,
2017-08,蒙古,2419454.00,23474139.70,163321.20,1503288.10,1196,2017-08-31 00:00:00,1,0,2024-07-02 18:07:17,0,2024-07-02 18:07:17,,,
2017-08,印尼,9822908.20,68630732.30,530870.90,3811710.40,1197,2017-08-31 00:00:00,1,0,2024-07-02 18:07:17,0,2024-07-02 18:07:17,,,
2017-08,越南,21380.80,240290.20,1272.20,14126.90,1198,2017-08-31 00:00:00,1,0,2024-07-02 18:07:17,0,2024-07-02 18:07:17,,,
2017-07,澳大利亚,7471961.20,45949074.00,851067.40,5775694.60,1199,2017-07-31 00:00:00,1,0,2024-07-02 18:07:17,0,2024-07-02 18:07:17,,,
2017-07,德国,94.40,204.70,49.20,104.70,1200,2017-07-31 00:00:00,1,0,2024-07-02 18:07:17,0,2024-07-02 18:07:17,,,
2017-07,俄罗斯,1749020.60,16341489.00,135195.70,1370646.70,1201,2017-07-31 00:00:00,1,0,2024-07-02 18:07:21,0,2024-07-02 18:07:21,,,
2017-07,菲律宾,101160.00,2808001.40,5148.90,162357.40,1202,2017-07-31 00:00:00,1,0,2024-07-02 18:07:21,0,2024-07-02 18:07:21,,,
2017-07,吉尔吉斯斯坦,19063.30,46471.70,420.40,1025.20,1203,2017-07-31 00:00:00,1,0,2024-07-02 18:07:21,0,2024-07-02 18:07:21,,,
2017-07,加拿大,315807.10,2686733.70,45630.60,486565.50,1204,2017-07-31 00:00:00,1,0,2024-07-02 18:07:21,0,2024-07-02 18:07:21,,,
2017-07,老挝,4193.30,34802.30,182.20,1460.10,1205,2017-07-31 00:00:00,1,0,2024-07-02 18:07:21,0,2024-07-02 18:07:21,,,
2017-07,马来西亚,19498.00,230533.10,1259.00,13570.70,1206,2017-07-31 00:00:00,1,0,2024-07-02 18:07:21,0,2024-07-02 18:07:21,,,
2017-07,美国,175762.80,1645273.10,21310.00,249330.90,1207,2017-07-31 00:00:00,1,0,2024-07-02 18:07:21,0,2024-07-02 18:07:21,,,
2017-07,蒙古,2272967.10,21054685.70,157215.70,1339966.80,1208,2017-07-31 00:00:00,1,0,2024-07-02 18:07:21,0,2024-07-02 18:07:21,,,
2017-07,新西兰,10813.00,118879.00,1254.80,15629.00,1209,2017-07-31 00:00:00,1,0,2024-07-02 18:07:21,0,2024-07-02 18:07:21,,,
2017-07,印尼,7293665.70,58807824.10,382358.60,3280839.50,1210,2017-07-31 00:00:00,1,0,2024-07-02 18:07:21,0,2024-07-02 18:07:21,,,
2017-07,越南,22810.20,218909.40,1587.20,12854.70,1211,2017-07-31 00:00:00,1,0,2024-07-02 18:07:21,0,2024-07-02 18:07:21,,,
2017-06,澳大利亚,6355801.60,38477112.80,694492.00,4924627.10,1212,2017-06-30 00:00:00,1,0,2024-07-02 18:07:21,0,2024-07-02 18:07:21,,,
2017-06,德国,109.70,110.30,54.60,55.50,1213,2017-06-30 00:00:00,1,0,2024-07-02 18:07:21,0,2024-07-02 18:07:21,,,
2017-06,俄罗斯,2790674.00,14592468.40,232800.20,1235450.90,1214,2017-06-30 00:00:00,1,0,2024-07-02 18:07:21,0,2024-07-02 18:07:21,,,
2017-06,菲律宾,169492.80,2706841.40,9808.40,157208.50,1215,2017-06-30 00:00:00,1,0,2024-07-02 18:07:21,0,2024-07-02 18:07:21,,,
2017-06,韩国,0.00,0.80,0.40,0.50,1216,2017-06-30 00:00:00,1,0,2024-07-02 18:07:21,0,2024-07-02 18:07:21,,,
2017-06,吉尔吉斯斯坦,11698.00,27408.40,258.20,604.80,1217,2017-06-30 00:00:00,1,0,2024-07-02 18:07:21,0,2024-07-02 18:07:21,,,
2017-06,加拿大,250500.20,2370926.60,45816.20,440934.90,1218,2017-06-30 00:00:00,1,0,2024-07-02 18:07:21,0,2024-07-02 18:07:21,,,
2017-06,老挝,4458.30,30609.10,185.00,1277.90,1219,2017-06-30 00:00:00,1,0,2024-07-02 18:07:21,0,2024-07-02 18:07:21,,,
2017-06,马来西亚,45798.00,211035.10,2824.00,12311.70,1220,2017-06-30 00:00:00,1,0,2024-07-02 18:07:21,0,2024-07-02 18:07:21,,,
2017-06,美国,309789.60,1469510.30,43906.00,228020.90,1221,2017-06-30 00:00:00,1,0,2024-07-02 18:07:21,0,2024-07-02 18:07:21,,,
2017-06,蒙古,3734386.50,18781718.60,237846.60,1182751.10,1222,2017-06-30 00:00:00,1,0,2024-07-02 18:07:21,0,2024-07-02 18:07:21,,,
2017-06,新西兰,54065.00,108066.00,6274.00,14374.20,1223,2017-06-30 00:00:00,1,0,2024-07-02 18:07:21,0,2024-07-02 18:07:21,,,
2017-06,印尼,7838312.90,51514158.40,435147.40,2898480.90,1224,2017-06-30 00:00:00,1,0,2024-07-02 18:07:21,0,2024-07-02 18:07:21,,,
2017-06,英国,2.00,9.60,3.30,25.20,1225,2017-06-30 00:00:00,1,0,2024-07-02 18:07:21,0,2024-07-02 18:07:21,,,
2017-06,越南,30304.00,196099.20,1711.80,11267.50,1226,2017-06-30 00:00:00,1,0,2024-07-02 18:07:21,0,2024-07-02 18:07:21,,,
2017-05,埃塞俄比亚,0.30,0.30,1.80,1.80,1227,2017-05-31 00:00:00,1,0,2024-07-02 18:07:21,0,2024-07-02 18:07:21,,,
2017-05,澳大利亚,4727489.60,32121311.20,424604.50,4230135.10,1228,2017-05-31 00:00:00,1,0,2024-07-02 18:07:21,0,2024-07-02 18:07:21,,,
2017-05,德国,0.00,0.60,0.10,0.90,1229,2017-05-31 00:00:00,1,0,2024-07-02 18:07:21,0,2024-07-02 18:07:21,,,
2017-05,俄罗斯,2488479.30,11801794.40,215275.10,1002650.70,1230,2017-05-31 00:00:00,1,0,2024-07-02 18:07:21,0,2024-07-02 18:07:21,,,
2017-05,菲律宾,297729.40,2537348.60,17582.50,147400.10,1231,2017-05-31 00:00:00,1,0,2024-07-02 18:07:27,0,2024-07-02 18:07:27,,,
2017-05,吉尔吉斯斯坦,13237.10,15710.40,292.10,346.60,1232,2017-05-31 00:00:00,1,0,2024-07-02 18:07:27,0,2024-07-02 18:07:27,,,
2017-05,加拿大,673973.40,2120426.40,105018.60,395118.70,1233,2017-05-31 00:00:00,1,0,2024-07-02 18:07:27,0,2024-07-02 18:07:27,,,
2017-05,老挝,5197.50,26150.80,219.10,1092.90,1234,2017-05-31 00:00:00,1,0,2024-07-02 18:07:27,0,2024-07-02 18:07:27,,,
2017-05,美国,132871.50,1159720.70,18616.70,184114.90,1235,2017-05-31 00:00:00,1,0,2024-07-02 18:07:27,0,2024-07-02 18:07:27,,,
2017-05,蒙古,3182407.70,15047332.10,213659.10,944904.50,1236,2017-05-31 00:00:00,1,0,2024-07-02 18:07:27,0,2024-07-02 18:07:27,,,
2017-05,南非,0.00,0.00,0.20,0.20,1237,2017-05-31 00:00:00,1,0,2024-07-02 18:07:27,0,2024-07-02 18:07:27,,,
2017-05,印尼,10612361.10,43675845.50,635471.90,2463333.60,1238,2017-05-31 00:00:00,1,0,2024-07-02 18:07:27,0,2024-07-02 18:07:27,,,
2017-05,越南,53366.60,165795.20,3008.50,9555.70,1239,2017-05-31 00:00:00,1,0,2024-07-02 18:07:27,0,2024-07-02 18:07:27,,,
2017-04,澳大利亚,8296694.10,27393821.60,1008665.00,3805530.60,1240,2017-04-30 00:00:00,1,0,2024-07-02 18:07:27,0,2024-07-02 18:07:27,,,
2017-04,德国,0.60,0.60,0.90,0.90,1241,2017-04-30 00:00:00,1,0,2024-07-02 18:07:27,0,2024-07-02 18:07:27,,,
2017-04,俄罗斯,2776093.70,9313315.10,230488.10,787375.60,1242,2017-04-30 00:00:00,1,0,2024-07-02 18:07:27,0,2024-07-02 18:07:27,,,
2017-04,菲律宾,589978.30,2239619.20,33816.90,129817.70,1243,2017-04-30 00:00:00,1,0,2024-07-02 18:07:27,0,2024-07-02 18:07:27,,,
2017-04,吉尔吉斯斯坦,1305.80,2473.40,28.80,54.50,1244,2017-04-30 00:00:00,1,0,2024-07-02 18:07:27,0,2024-07-02 18:07:27,,,
2017-04,加拿大,800817.70,1446452.90,125265.90,290100.10,1245,2017-04-30 00:00:00,1,0,2024-07-02 18:07:27,0,2024-07-02 18:07:27,,,
2017-04,老挝,7301.60,20953.30,303.30,873.80,1246,2017-04-30 00:00:00,1,0,2024-07-02 18:07:27,0,2024-07-02 18:07:27,,,
2017-04,马来西亚,71660.80,165237.10,4226.20,9487.70,1247,2017-04-30 00:00:00,1,0,2024-07-02 18:07:27,0,2024-07-02 18:07:27,,,
2017-04,美国,147147.40,1026849.20,8676.30,165498.20,1248,2017-04-30 00:00:00,1,0,2024-07-02 18:07:27,0,2024-07-02 18:07:27,,,
2017-04,蒙古,3612731.70,11864924.30,235311.70,731245.40,1249,2017-04-30 00:00:00,1,0,2024-07-02 18:07:27,0,2024-07-02 18:07:27,,,
2017-04,伊朗,35554.80,83949.90,1778.90,4558.00,1250,2017-04-30 00:00:00,1,0,2024-07-02 18:07:27,0,2024-07-02 18:07:27,,,
2017-04,印尼,8432743.60,33063484.30,513352.10,1827861.70,1251,2017-04-30 00:00:00,1,0,2024-07-02 18:07:27,0,2024-07-02 18:07:27,,,
2017-04,越南,12736.00,112428.60,757.50,6547.20,1252,2017-04-30 00:00:00,1,0,2024-07-02 18:07:27,0,2024-07-02 18:07:27,,,
2017-03,澳大利亚,6663895.50,19097127.50,892193.20,2796865.60,1253,2017-03-31 00:00:00,1,0,2024-07-02 18:07:27,0,2024-07-02 18:07:27,,,
2017-03,巴西,60.70,60.70,6.80,6.80,1254,2017-03-31 00:00:00,1,0,2024-07-02 18:07:27,0,2024-07-02 18:07:27,,,
2017-03,俄罗斯,2572556.10,6537221.30,214496.10,556887.60,1255,2017-03-31 00:00:00,1,0,2024-07-02 18:07:27,0,2024-07-02 18:07:27,,,
2017-03,菲律宾,657538.30,1649640.90,37044.00,96000.80,1256,2017-03-31 00:00:00,1,0,2024-07-02 18:07:27,0,2024-07-02 18:07:27,,,
2017-03,加拿大,150005.20,645635.20,27432.90,164834.20,1257,2017-03-31 00:00:00,1,0,2024-07-02 18:07:27,0,2024-07-02 18:07:27,,,
2017-03,老挝,6472.10,13651.60,275.00,570.50,1258,2017-03-31 00:00:00,1,0,2024-07-02 18:07:27,0,2024-07-02 18:07:27,,,
2017-03,马来西亚,93576.20,93576.20,5261.50,5261.50,1259,2017-03-31 00:00:00,1,0,2024-07-02 18:07:27,0,2024-07-02 18:07:27,,,
2017-03,美国,340364.00,879701.80,54403.30,156821.90,1260,2017-03-31 00:00:00,1,0,2024-07-02 18:07:27,0,2024-07-02 18:07:27,,,
2017-03,蒙古,3092903.90,8252192.60,191169.60,495933.70,1261,2017-03-31 00:00:00,1,0,2024-07-02 18:07:33,0,2024-07-02 18:07:33,,,
2017-03,塞尔维亚,0.10,0.10,1.10,1.10,1262,2017-03-31 00:00:00,1,0,2024-07-02 18:07:33,0,2024-07-02 18:07:33,,,
2017-03,泰国,0.00,0.00,0.10,0.10,1263,2017-03-31 00:00:00,1,0,2024-07-02 18:07:33,0,2024-07-02 18:07:33,,,
2017-03,新西兰,54001.00,54001.00,8100.20,8100.20,1264,2017-03-31 00:00:00,1,0,2024-07-02 18:07:33,0,2024-07-02 18:07:33,,,
2017-03,伊朗,9391.50,48395.10,827.60,2779.10,1265,2017-03-31 00:00:00,1,0,2024-07-02 18:07:33,0,2024-07-02 18:07:33,,,
2017-03,印尼,8428789.80,24630740.80,436437.00,1314509.60,1266,2017-03-31 00:00:00,1,0,2024-07-02 18:07:33,0,2024-07-02 18:07:33,,,
2017-03,英国,0.10,7.60,0.10,21.90,1267,2017-03-31 00:00:00,1,0,2024-07-02 18:07:33,0,2024-07-02 18:07:33,,,
2017-03,越南,21660.00,99692.60,1248.80,5789.70,1268,2017-03-31 00:00:00,1,0,2024-07-02 18:07:33,0,2024-07-02 18:07:33,,,
2017-02,澳大利亚,5163925.00,12433232.00,747855.90,1904672.40,1269,2017-02-28 00:00:00,1,0,2024-07-02 18:07:33,0,2024-07-02 18:07:33,,,
2017-02,朝鲜,1231925.70,2678718.40,97587.40,219533.80,1270,2017-02-28 00:00:00,1,0,2024-07-02 18:07:33,0,2024-07-02 18:07:33,,,
2017-02,俄罗斯,2055965.00,3964665.20,169747.40,342391.50,1271,2017-02-28 00:00:00,1,0,2024-07-02 18:07:33,0,2024-07-02 18:07:33,,,
2017-02,菲律宾,488955.40,992102.60,26711.20,58956.80,1272,2017-02-28 00:00:00,1,0,2024-07-02 18:07:33,0,2024-07-02 18:07:33,,,
2017-02,哥伦比亚,6.70,6.70,1.50,1.50,1273,2017-02-28 00:00:00,1,0,2024-07-02 18:07:33,0,2024-07-02 18:07:33,,,
2017-02,加拿大,84000.00,495630.10,25489.60,137401.40,1274,2017-02-28 00:00:00,1,0,2024-07-02 18:07:33,0,2024-07-02 18:07:33,,,
2017-02,老挝,1262.10,7179.50,52.40,295.60,1275,2017-02-28 00:00:00,1,0,2024-07-02 18:07:33,0,2024-07-02 18:07:33,,,
2017-02,美国,427257.70,539337.80,81072.50,102418.60,1276,2017-02-28 00:00:00,1,0,2024-07-02 18:07:33,0,2024-07-02 18:07:33,,,
2017-02,蒙古,2002526.40,5159288.80,127534.00,304764.10,1277,2017-02-28 00:00:00,1,0,2024-07-02 18:07:33,0,2024-07-02 18:07:33,,,
2017-02,伊朗,39003.60,39003.60,1951.50,1951.50,1278,2017-02-28 00:00:00,1,0,2024-07-02 18:07:33,0,2024-07-02 18:07:33,,,
2017-02,印尼,6143420.00,16201951.00,333966.60,878072.60,1279,2017-02-28 00:00:00,1,0,2024-07-02 18:07:33,0,2024-07-02 18:07:33,,,
2017-02,英国,7.50,7.50,21.70,21.70,1280,2017-02-28 00:00:00,1,0,2024-07-02 18:07:33,0,2024-07-02 18:07:33,,,
2017-02,越南,37837.10,78032.60,2244.90,4540.90,1281,2017-02-28 00:00:00,1,0,2024-07-02 18:07:33,0,2024-07-02 18:07:33,,,
2017-01,澳大利亚,7269307.10,7269307.10,1156816.50,1156816.50,1282,2017-01-31 00:00:00,1,0,2024-07-02 18:07:33,0,2024-07-02 18:07:33,,,
2017-01,巴基斯坦,0.20,0.20,0.60,0.60,1283,2017-01-31 00:00:00,1,0,2024-07-02 18:07:33,0,2024-07-02 18:07:33,,,
2017-01,朝鲜,1446792.60,1446792.60,121946.40,121946.40,1284,2017-01-31 00:00:00,1,0,2024-07-02 18:07:33,0,2024-07-02 18:07:33,,,
2017-01,俄罗斯,1908700.30,1908700.30,172644.10,172644.10,1285,2017-01-31 00:00:00,1,0,2024-07-02 18:07:33,0,2024-07-02 18:07:33,,,
2017-01,菲律宾,503147.20,503147.20,32245.60,32245.60,1286,2017-01-31 00:00:00,1,0,2024-07-02 18:07:33,0,2024-07-02 18:07:33,,,
2017-01,韩国,0.70,0.70,0.10,0.10,1287,2017-01-31 00:00:00,1,0,2024-07-02 18:07:33,0,2024-07-02 18:07:33,,,
2017-01,吉尔吉斯斯坦,1167.50,1167.50,25.70,25.70,1288,2017-01-31 00:00:00,1,0,2024-07-02 18:07:33,0,2024-07-02 18:07:33,,,
2017-01,加拿大,411630.10,411630.10,111911.80,111911.80,1289,2017-01-31 00:00:00,1,0,2024-07-02 18:07:33,0,2024-07-02 18:07:33,,,
2017-01,老挝,5917.40,5917.40,243.10,243.10,1290,2017-01-31 00:00:00,1,0,2024-07-02 18:07:33,0,2024-07-02 18:07:33,,,
2017-01,美国,112080.20,112080.20,21346.10,21346.10,1291,2017-01-31 00:00:00,1,0,2024-07-02 18:07:40,0,2024-07-02 18:07:40,,,
2017-01,蒙古,3156762.30,3156762.30,177230.10,177230.10,1292,2017-01-31 00:00:00,1,0,2024-07-02 18:07:40,0,2024-07-02 18:07:40,,,
2017-01,印尼,10058531.00,10058531.00,544105.90,544105.90,1293,2017-01-31 00:00:00,1,0,2024-07-02 18:07:40,0,2024-07-02 18:07:40,,,
2017-01,越南,40195.50,40195.50,2295.90,2295.90,1294,2017-01-31 00:00:00,1,0,2024-07-02 18:07:40,0,2024-07-02 18:07:40,,,
2024-06,澳大利亚,6898254.90,36654614.70,741072.30,4163774.20,3908,2024-06-30 00:00:00,1,0,2024-07-22 18:00:17,0,2024-07-22 18:00:17,,,
2024-06,巴基斯坦,0.00,1.20,0.00,0.60,3909,2024-06-30 00:00:00,1,0,2024-07-22 18:00:17,0,2024-07-22 18:00:17,,,
2024-06,俄罗斯,9638912.40,45632305.10,1049236.70,5441131.00,3910,2024-06-30 00:00:00,1,0,2024-07-22 18:00:17,0,2024-07-22 18:00:17,,,
2024-06,菲律宾,638984.50,4363208.70,41746.40,293145.00,3911,2024-06-30 00:00:00,1,0,2024-07-22 18:00:17,0,2024-07-22 18:00:17,,,
2024-06,哥伦比亚,1397872.00,5516107.10,156563.20,628990.90,3912,2024-06-30 00:00:00,1,0,2024-07-22 18:00:17,0,2024-07-22 18:00:17,,,
2024-06,哈萨克斯坦,21215.50,284689.90,2094.30,31444.50,3913,2024-06-30 00:00:00,1,0,2024-07-22 18:00:17,0,2024-07-22 18:00:17,,,
2024-06,吉尔吉斯斯坦,14006.60,61013.30,557.80,2634.50,3914,2024-06-30 00:00:00,1,0,2024-07-22 18:00:17,0,2024-07-22 18:00:17,,,
2024-06,加拿大,983705.40,4812427.60,235688.50,1243151.80,3915,2024-06-30 00:00:00,1,0,2024-07-22 18:00:17,0,2024-07-22 18:00:17,,,
2024-06,老挝,12161.20,89296.90,900.90,7097.50,3916,2024-06-30 00:00:00,1,0,2024-07-22 18:00:17,0,2024-07-22 18:00:17,,,
2024-06,美国,594085.10,4039467.10,93046.90,747533.40,3917,2024-06-30 00:00:00,1,0,2024-07-22 18:00:17,0,2024-07-22 18:00:17,,,
2024-06,蒙古,7664141.10,39057849.70,810241.90,4447273.40,3918,2024-06-30 00:00:00,1,0,2024-07-22 18:00:17,0,2024-07-22 18:00:17,,,
2024-06,缅甸,24463.30,190951.00,998.00,7799.60,3919,2024-06-30 00:00:00,1,0,2024-07-22 18:00:17,0,2024-07-22 18:00:17,,,
2024-06,南非,4996.00,362006.00,631.90,43046.90,3920,2024-06-30 00:00:00,1,0,2024-07-22 18:00:17,0,2024-07-22 18:00:17,,,
2024-06,坦桑尼亚,54404.60,54404.70,5349.70,5349.90,3921,2024-06-30 00:00:00,1,0,2024-07-22 18:00:17,0,2024-07-22 18:00:17,,,
2024-06,印尼,16633382.50,107728022.60,1197697.90,7999454.00,3922,2024-06-30 00:00:00,1,0,2024-07-22 18:00:17,0,2024-07-22 18:00:17,,,
2024-07,阿曼,48974.60,48974.60,4087.90,4087.90,3923,2024-07-31 00:00:00,1,0,2024-08-22 18:00:19,0,2024-08-22 18:00:19,,,
2024-07,澳大利亚,7171760.90,43826375.60,880567.90,5044342.10,3924,2024-07-31 00:00:00,1,0,2024-08-22 18:00:19,0,2024-08-22 18:00:19,,,
2024-07,俄罗斯,8761114.30,54393419.40,962606.40,6403737.30,3925,2024-07-31 00:00:00,1,0,2024-08-22 18:00:19,0,2024-08-22 18:00:19,,,
2024-07,菲律宾,646990.90,5010199.60,46352.80,339497.80,3926,2024-07-31 00:00:00,1,0,2024-08-22 18:00:19,0,2024-08-22 18:00:19,,,
2024-07,哥伦比亚,923308.00,6439415.10,109461.80,738452.70,3927,2024-07-31 00:00:00,1,0,2024-08-22 18:00:19,0,2024-08-22 18:00:19,,,
2024-07,哈萨克斯坦,30472.40,315162.40,3003.00,34447.50,3928,2024-07-31 00:00:00,1,0,2024-08-22 18:00:19,0,2024-08-22 18:00:19,,,
2024-07,吉尔吉斯斯坦,15964.60,76977.90,771.30,3405.80,3929,2024-07-31 00:00:00,1,0,2024-08-22 18:00:19,0,2024-08-22 18:00:19,,,
2024-07,加拿大,842335.90,5654763.50,201578.60,1444730.50,3930,2024-07-31 00:00:00,1,0,2024-08-22 18:00:19,0,2024-08-22 18:00:19,,,
2024-07,老挝,4686.70,93983.60,251.00,7348.50,3931,2024-07-31 00:00:00,1,0,2024-08-22 18:00:19,0,2024-08-22 18:00:19,,,
2024-07,马来西亚,49993.00,276655.00,3159.40,20708.70,3932,2024-07-31 00:00:00,1,0,2024-08-22 18:00:19,0,2024-08-22 18:00:19,,,
2024-07,美国,764104.00,4803571.10,117208.50,864741.90,3933,2024-07-31 00:00:00,1,0,2024-08-22 18:00:19,0,2024-08-22 18:00:19,,,
2024-07,蒙古,7306674.80,46364524.50,755888.20,5203161.60,3934,2024-07-31 00:00:00,1,0,2024-08-22 18:00:19,0,2024-08-22 18:00:19,,,
2024-07,缅甸,9613.20,200564.20,394.10,8193.70,3935,2024-07-31 00:00:00,1,0,2024-08-22 18:00:19,0,2024-08-22 18:00:19,,,
2024-07,莫桑比克,178191.20,390113.20,35115.40,77494.60,3936,2024-07-31 00:00:00,1,0,2024-08-22 18:00:19,0,2024-08-22 18:00:19,,,
2024-07,南非,88000.10,450006.10,10821.80,53868.70,3937,2024-07-31 00:00:00,1,0,2024-08-22 18:00:19,0,2024-08-22 18:00:19,,,
2024-07,坦桑尼亚,56777.50,111182.20,5724.60,11074.50,3938,2024-07-31 00:00:00,1,0,2024-08-22 18:00:19,0,2024-08-22 18:00:19,,,
2024-07,乌兹别克斯坦,0.10,0.10,0.70,0.70,3939,2024-07-31 00:00:00,1,0,2024-08-22 18:00:19,0,2024-08-22 18:00:19,,,
2024-07,新西兰,44399.00,218110.00,6839.00,29393.70,3940,2024-07-31 00:00:00,1,0,2024-08-22 18:00:19,0,2024-08-22 18:00:19,,,
2024-07,印尼,19237784.40,126965807.00,1386937.20,9386391.10,3941,2024-07-31 00:00:00,1,0,2024-08-22 18:00:19,0,2024-08-22 18:00:19,,,
2024-07,越南,27500.00,27500.00,8911.90,8911.90,3942,2024-07-31 00:00:00,1,0,2024-08-22 18:00:19,0,2024-08-22 18:00:19,,,
2024-08,澳大利亚,6190923.20,50017298.70,682403.10,5726745.10,3943,2024-08-31 00:00:00,1,0,2024-09-23 18:00:18,0,2024-09-23 18:00:18,,,
2024-08,德国,0.10,0.10,3.90,3.90,3944,2024-08-31 00:00:00,1,0,2024-09-23 18:00:18,0,2024-09-23 18:00:18,,,
2024-08,俄罗斯,8703609.80,63097029.30,996091.90,7399829.20,3945,2024-08-31 00:00:00,1,0,2024-09-23 18:00:18,0,2024-09-23 18:00:18,,,
2024-08,菲律宾,198521.10,5208720.70,13483.30,352981.20,3946,2024-08-31 00:00:00,1,0,2024-09-23 18:00:18,0,2024-09-23 18:00:18,,,
2024-08,哥伦比亚,497666.00,6937081.10,50073.70,788526.40,3947,2024-08-31 00:00:00,1,0,2024-09-23 18:00:18,0,2024-09-23 18:00:18,,,
2024-08,哈萨克斯坦,10259.30,325421.70,702.70,35150.20,3948,2024-08-31 00:00:00,1,0,2024-09-23 18:00:18,0,2024-09-23 18:00:18,,,
2024-08,吉尔吉斯斯坦,5574.10,82552.00,276.30,3682.10,3949,2024-08-31 00:00:00,1,0,2024-09-23 18:00:18,0,2024-09-23 18:00:18,,,
2024-08,加拿大,588757.80,6243521.30,138483.50,1583214.00,3950,2024-08-31 00:00:00,1,0,2024-09-23 18:00:18,0,2024-09-23 18:00:18,,,
2024-08,老挝,12078.70,106062.30,678.10,8026.60,3951,2024-08-31 00:00:00,1,0,2024-09-23 18:00:18,0,2024-09-23 18:00:18,,,
2024-08,马来西亚,44000.00,320655.00,2912.80,23621.50,3952,2024-08-31 00:00:00,1,0,2024-09-23 18:00:18,0,2024-09-23 18:00:18,,,
2024-08,美国,1598515.20,6402086.40,291980.00,1156721.80,3953,2024-08-31 00:00:00,1,0,2024-09-23 18:00:18,0,2024-09-23 18:00:18,,,
2024-08,蒙古,7465502.60,53830027.20,715694.80,5918856.40,3954,2024-08-31 00:00:00,1,0,2024-09-23 18:00:18,0,2024-09-23 18:00:18,,,
2024-08,秘鲁,0.00,33565.00,0.70,4872.10,3955,2024-08-31 00:00:00,1,0,2024-09-23 18:00:18,0,2024-09-23 18:00:18,,,
2024-08,缅甸,7756.50,208320.70,315.30,8509.00,3956,2024-08-31 00:00:00,1,0,2024-09-23 18:00:18,0,2024-09-23 18:00:18,,,
2024-08,莫桑比克,246088.20,636201.40,40756.90,118251.50,3957,2024-08-31 00:00:00,1,0,2024-09-23 18:00:18,0,2024-09-23 18:00:18,,,
2024-08,坦桑尼亚,0.10,111182.30,1.00,11075.50,3958,2024-08-31 00:00:00,1,0,2024-09-23 18:00:18,0,2024-09-23 18:00:18,,,
2024-08,新西兰,18150.00,236260.00,2795.90,32189.60,3959,2024-08-31 00:00:00,1,0,2024-09-23 18:00:18,0,2024-09-23 18:00:18,,,
2024-08,印尼,20256496.00,147222303.00,1442763.30,10829154.40,3960,2024-08-31 00:00:00,1,0,2024-09-23 18:00:18,0,2024-09-23 18:00:18,,,
2024-08,英国,6.40,6.40,7.30,7.30,3961,2024-08-31 00:00:00,1,0,2024-09-23 18:00:18,0,2024-09-23 18:00:18,,,
2024-09,澳大利亚,7794422.50,57811721.20,890751.60,6617496.80,3962,2024-09-30 00:00:00,1,0,2024-10-22 18:00:26,0,2024-10-22 18:00:26,,,
2024-09,巴基斯坦,0.10,1.30,0.50,1.10,3963,2024-09-30 00:00:00,1,0,2024-10-22 18:00:26,0,2024-10-22 18:00:26,,,
2024-09,俄罗斯,8331036.70,71428066.00,889025.30,8288854.50,3964,2024-09-30 00:00:00,1,0,2024-10-22 18:00:26,0,2024-10-22 18:00:26,,,
2024-09,菲律宾,413850.70,5622571.40,25627.60,378608.80,3965,2024-09-30 00:00:00,1,0,2024-10-22 18:00:26,0,2024-10-22 18:00:26,,,
2024-09,哥伦比亚,395949.80,7333030.90,43480.80,832007.20,3966,2024-09-30 00:00:00,1,0,2024-10-22 18:00:26,0,2024-10-22 18:00:26,,,
2024-09,哈萨克斯坦,3312.00,328733.70,222.70,35372.90,3967,2024-09-30 00:00:00,1,0,2024-10-22 18:00:26,0,2024-10-22 18:00:26,,,
2024-09,吉尔吉斯斯坦,12352.60,94904.60,624.40,4306.60,3968,2024-09-30 00:00:00,1,0,2024-10-22 18:00:26,0,2024-10-22 18:00:26,,,
2024-09,加拿大,863909.70,7107431.00,187526.50,1770740.50,3969,2024-09-30 00:00:00,1,0,2024-10-22 18:00:26,0,2024-10-22 18:00:26,,,
2024-09,老挝,15470.00,121532.30,913.40,8940.00,3970,2024-09-30 00:00:00,1,0,2024-10-22 18:00:26,0,2024-10-22 18:00:26,,,
2024-09,美国,1683155.50,8085241.90,249402.50,1406124.30,3971,2024-09-30 00:00:00,1,0,2024-10-22 18:00:26,0,2024-10-22 18:00:26,,,
2024-09,蒙古,6797676.00,60627703.20,612430.60,6531287.00,3972,2024-09-30 00:00:00,1,0,2024-10-22 18:00:26,0,2024-10-22 18:00:26,,,
2024-09,缅甸,3378.00,211698.70,137.30,8646.40,3973,2024-09-30 00:00:00,1,0,2024-10-22 18:00:26,0,2024-10-22 18:00:26,,,
2024-09,印尼,21273477.20,168495780.20,1450147.20,12279301.60,3974,2024-09-30 00:00:00,1,0,2024-10-22 18:00:26,0,2024-10-22 18:00:26,,,
2024-10,澳大利亚,7036750.50,64848471.70,808200.80,7425697.50,3975,2024-10-31 00:00:00,1,0,2024-11-21 18:00:18,0,2024-11-21 18:00:18,,,
2024-10,俄罗斯,8239515.70,79667581.70,894497.40,9183351.90,3976,2024-10-31 00:00:00,1,0,2024-11-21 18:00:18,0,2024-11-21 18:00:18,,,
2024-10,菲律宾,766511.50,6389082.90,50418.70,429027.50,3977,2024-10-31 00:00:00,1,0,2024-11-21 18:00:18,0,2024-11-21 18:00:18,,,
2024-10,哥伦比亚,54050.00,7387080.90,8504.60,840511.90,3978,2024-10-31 00:00:00,1,0,2024-11-21 18:00:18,0,2024-11-21 18:00:18,,,
2024-10,哈萨克斯坦,4899.00,333632.70,501.70,35874.60,3979,2024-10-31 00:00:00,1,0,2024-11-21 18:00:18,0,2024-11-21 18:00:18,,,
2024-10,吉尔吉斯斯坦,15265.60,110170.10,782.30,5088.80,3980,2024-10-31 00:00:00,1,0,2024-11-21 18:00:18,0,2024-11-21 18:00:18,,,
2024-10,加拿大,412965.20,7520396.20,84864.80,1855605.20,3981,2024-10-31 00:00:00,1,0,2024-11-21 18:00:18,0,2024-11-21 18:00:18,,,
2024-10,老挝,9513.80,131046.10,756.50,9696.50,3982,2024-10-31 00:00:00,1,0,2024-11-21 18:00:18,0,2024-11-21 18:00:18,,,
2024-10,马来西亚,43700.00,364355.00,2636.00,26257.60,3983,2024-10-31 00:00:00,1,0,2024-11-21 18:00:18,0,2024-11-21 18:00:18,,,
2024-10,美国,1655939.40,9741181.30,236880.90,1643005.20,3984,2024-10-31 00:00:00,1,0,2024-11-21 18:00:18,0,2024-11-21 18:00:18,,,
2024-10,蒙古,6442177.20,67069880.40,562849.60,7094136.60,3985,2024-10-31 00:00:00,1,0,2024-11-21 18:00:18,0,2024-11-21 18:00:18,,,
2024-10,缅甸,131.70,211830.40,6.30,8652.70,3986,2024-10-31 00:00:00,1,0,2024-11-21 18:00:18,0,2024-11-21 18:00:18,,,
2024-10,南非,162202.00,612208.10,22114.40,75983.20,3987,2024-10-31 00:00:00,1,0,2024-11-21 18:00:18,0,2024-11-21 18:00:18,,,
2024-10,尼日利亚,0.00,0.00,0.40,0.70,3988,2024-10-31 00:00:00,1,0,2024-11-21 18:00:18,0,2024-11-21 18:00:18,,,
2024-10,乌兹别克斯坦,0.10,0.20,0.60,1.20,3989,2024-10-31 00:00:00,1,0,2024-11-21 18:00:18,0,2024-11-21 18:00:18,,,
2024-10,印尼,21368542.40,189864322.60,1426557.40,13705859.00,3990,2024-10-31 00:00:00,1,0,2024-11-21 18:00:18,0,2024-11-21 18:00:18,,,
2024-10,越南,36200.00,63700.00,8690.90,17602.90,3991,2024-10-31 00:00:00,1,0,2024-11-21 18:00:18,0,2024-11-21 18:00:18,,,
2024-11,澳大利亚,9303609.20,74152080.90,1077880.30,8503577.80,3992,2024-11-30 00:00:00,1,0,2024-12-20 18:00:25,0,2024-12-20 18:00:25,,,
2024-11,俄罗斯,8328324.80,87995906.50,926108.40,10109460.30,3993,2024-11-30 00:00:00,1,0,2024-12-20 18:00:25,0,2024-12-20 18:00:25,,,
2024-11,菲律宾,674294.10,7063377.10,44182.20,473209.70,3994,2024-11-30 00:00:00,1,0,2024-12-20 18:00:25,0,2024-12-20 18:00:25,,,
2024-11,哥伦比亚,61500.00,7448580.90,11072.20,851584.10,3995,2024-11-30 00:00:00,1,0,2024-12-20 18:00:25,0,2024-12-20 18:00:25,,,
2024-11,哈萨克斯坦,249923.80,583556.40,30921.40,66796.10,3996,2024-11-30 00:00:00,1,0,2024-12-20 18:00:25,0,2024-12-20 18:00:25,,,
2024-11,吉尔吉斯斯坦,17363.30,127533.50,878.00,5966.80,3997,2024-11-30 00:00:00,1,0,2024-12-20 18:00:25,0,2024-12-20 18:00:25,,,
2024-11,加拿大,849002.10,8369398.30,163247.30,2018852.50,3998,2024-11-30 00:00:00,1,0,2024-12-20 18:00:25,0,2024-12-20 18:00:25,,,
2024-11,老挝,21371.80,152417.90,1731.10,11427.60,3999,2024-11-30 00:00:00,1,0,2024-12-20 18:00:25,0,2024-12-20 18:00:25,,,
2024-11,美国,1353199.30,11094380.60,198869.80,1841875.00,4000,2024-11-30 00:00:00,1,0,2024-12-20 18:00:25,0,2024-12-20 18:00:25,,,
2024-11,蒙古,8229410.70,75299291.10,710061.70,7804198.30,4001,2024-11-30 00:00:00,1,0,2024-12-20 18:00:25,0,2024-12-20 18:00:25,,,
2024-11,秘鲁,0.00,33565.00,0.20,4872.30,4002,2024-11-30 00:00:00,1,0,2024-12-20 18:00:25,0,2024-12-20 18:00:25,,,
2024-11,缅甸,18730.00,230560.40,768.10,9420.80,4003,2024-11-30 00:00:00,1,0,2024-12-20 18:00:25,0,2024-12-20 18:00:25,,,
2024-11,莫桑比克,157170.20,793371.60,27233.20,145484.70,4004,2024-11-30 00:00:00,1,0,2024-12-20 18:00:25,0,2024-12-20 18:00:25,,,
2024-11,南非,65809.00,678017.10,8865.80,84849.00,4005,2024-11-30 00:00:00,1,0,2024-12-20 18:00:25,0,2024-12-20 18:00:25,,,
2024-11,新西兰,55000.00,291260.00,7536.70,39726.30,4006,2024-11-30 00:00:00,1,0,2024-12-20 18:00:25,0,2024-12-20 18:00:25,,,
2024-11,印度,0.10,0.10,0.60,0.80,4007,2024-11-30 00:00:00,1,0,2024-12-20 18:00:25,0,2024-12-20 18:00:25,,,
2024-11,印尼,25596160.90,215460483.50,1747160.30,15453019.30,4008,2024-11-30 00:00:00,1,0,2024-12-20 18:00:25,0,2024-12-20 18:00:25,,,
2024-11,中国,1105.20,1105.20,30.80,30.80,4009,2024-11-30 00:00:00,1,0,2024-12-20 18:00:25,0,2024-12-20 18:00:25,,,
2024-12,埃塞俄比亚,5.40,5.40,2.20,2.20,4010,2024-12-31 00:00:00,1,0,2025-01-21 18:00:27,0,2025-01-21 18:00:27,,,
2024-12,澳大利亚,9091981.30,83244062.20,1033244.50,9536822.30,4011,2024-12-31 00:00:00,1,0,2025-01-21 18:00:27,0,2025-01-21 18:00:27,,,
2024-12,俄罗斯,7095698.50,95091605.00,779423.30,10888883.60,4012,2024-12-31 00:00:00,1,0,2025-01-21 18:00:27,0,2025-01-21 18:00:27,,,
2024-12,菲律宾,654440.70,7717817.70,40053.70,513263.40,4013,2024-12-31 00:00:00,1,0,2025-01-21 18:00:27,0,2025-01-21 18:00:27,,,
2024-12,哥伦比亚,55000.00,7503580.90,9078.00,860662.10,4014,2024-12-31 00:00:00,1,0,2025-01-21 18:00:27,0,2025-01-21 18:00:27,,,
2024-12,哈萨克斯坦,5234.10,588790.60,511.40,67307.40,4015,2024-12-31 00:00:00,1,0,2025-01-21 18:00:27,0,2025-01-21 18:00:27,,,
2024-12,吉尔吉斯斯坦,13849.00,141382.50,768.90,6735.70,4016,2024-12-31 00:00:00,1,0,2025-01-21 18:00:27,0,2025-01-21 18:00:27,,,
2024-12,加拿大,1014571.90,9383970.20,203816.40,2222668.90,4017,2024-12-31 00:00:00,1,0,2025-01-21 18:00:27,0,2025-01-21 18:00:27,,,
2024-12,老挝,25764.10,178182.00,2320.90,13748.50,4018,2024-12-31 00:00:00,1,0,2025-01-21 18:00:27,0,2025-01-21 18:00:27,,,
2024-12,美国,1036791.40,12131172.00,160826.10,2002701.10,4019,2024-12-31 00:00:00,1,0,2025-01-21 18:00:27,0,2025-01-21 18:00:27,,,
2024-12,蒙古,7589982.80,82889273.90,589472.50,8393670.80,4020,2024-12-31 00:00:00,1,0,2025-01-21 18:00:27,0,2025-01-21 18:00:27,,,
2024-12,缅甸,41734.70,272295.10,1683.90,11104.60,4021,2024-12-31 00:00:00,1,0,2025-01-21 18:00:27,0,2025-01-21 18:00:27,,,
2024-12,莫桑比克,175763.60,969135.20,32062.80,177547.60,4022,2024-12-31 00:00:00,1,0,2025-01-21 18:00:27,0,2025-01-21 18:00:27,,,
2024-12,印尼,25545263.10,241005746.60,1733247.00,17186266.30,4023,2024-12-31 00:00:00,1,0,2025-01-21 18:00:27,0,2025-01-21 18:00:27,,,
2025-01,澳大利亚,7671586.60,7671586.60,836197.00,836197.00,4024,2025-01-31 00:00:00,1,0,2025-03-20 18:00:21,0,2025-03-20 18:00:21,,,
2025-01,巴西,3.80,3.80,0.60,0.60,4025,2025-01-31 00:00:00,1,0,2025-03-20 18:00:21,0,2025-03-20 18:00:21,,,
2025-01,俄罗斯,6306088.40,6306088.40,693567.30,693567.30,4026,2025-01-31 00:00:00,1,0,2025-03-20 18:00:21,0,2025-03-20 18:00:21,,,
2025-01,菲律宾,401934.40,401934.40,25139.20,25139.20,4027,2025-01-31 00:00:00,1,0,2025-03-20 18:00:21,0,2025-03-20 18:00:21,,,
2025-01,哈萨克斯坦,83262.60,83262.60,10149.20,10149.20,4028,2025-01-31 00:00:00,1,0,2025-03-20 18:00:21,0,2025-03-20 18:00:21,,,
2025-01,吉尔吉斯斯坦,4589.60,4589.60,369.40,369.40,4029,2025-01-31 00:00:00,1,0,2025-03-20 18:00:21,0,2025-03-20 18:00:21,,,
2025-01,加拿大,944361.40,944361.40,181291.70,181291.70,4030,2025-01-31 00:00:00,1,0,2025-03-20 18:00:21,0,2025-03-20 18:00:21,,,
2025-01,老挝,19007.00,19007.00,1745.50,1745.50,4031,2025-01-31 00:00:00,1,0,2025-03-20 18:00:21,0,2025-03-20 18:00:21,,,
2025-01,美国,1357767.70,1357767.70,182675.70,182675.70,4032,2025-01-31 00:00:00,1,0,2025-03-20 18:00:21,0,2025-03-20 18:00:21,,,
2025-01,蒙古,5534736.60,5534736.60,420800.60,420800.60,4033,2025-01-31 00:00:00,1,0,2025-03-20 18:00:21,0,2025-03-20 18:00:21,,,
2025-01,秘鲁,0.00,0.00,0.10,0.10,4034,2025-01-31 00:00:00,1,0,2025-03-20 18:00:21,0,2025-03-20 18:00:21,,,
2025-01,缅甸,5784.90,5784.90,233.40,233.40,4035,2025-01-31 00:00:00,1,0,2025-03-20 18:00:21,0,2025-03-20 18:00:21,,,
2025-01,莫桑比克,78933.20,78933.20,14247.40,14247.40,4036,2025-01-31 00:00:00,1,0,2025-03-20 18:00:21,0,2025-03-20 18:00:21,,,
2025-01,印尼,19353551.20,19353551.20,1301040.70,1301040.70,4037,2025-01-31 00:00:00,1,0,2025-03-20 18:00:21,0,2025-03-20 18:00:21,,,
2025-02,澳大利亚,4376225.60,12047812.20,418637.40,1254834.40,4038,2025-02-28 00:00:00,1,0,2025-03-21 18:00:28,0,2025-03-21 18:00:28,,,
2025-02,俄罗斯,6342743.90,12648832.20,680449.00,1374016.20,4039,2025-02-28 00:00:00,1,0,2025-03-21 18:00:28,0,2025-03-21 18:00:28,,,
2025-02,菲律宾,669781.10,1071715.50,37454.00,62593.20,4040,2025-02-28 00:00:00,1,0,2025-03-21 18:00:28,0,2025-03-21 18:00:28,,,
2025-02,哥伦比亚,53474.50,53474.50,8342.90,8342.90,4041,2025-02-28 00:00:00,1,0,2025-03-21 18:00:28,0,2025-03-21 18:00:28,,,
2025-02,哈萨克斯坦,650.00,83912.60,52.40,10201.70,4042,2025-02-28 00:00:00,1,0,2025-03-21 18:00:28,0,2025-03-21 18:00:28,,,
2025-02,吉尔吉斯斯坦,302.10,4891.70,20.00,389.40,4043,2025-02-28 00:00:00,1,0,2025-03-21 18:00:28,0,2025-03-21 18:00:28,,,
2025-02,加拿大,1161814.00,2106175.40,205243.80,386535.50,4044,2025-02-28 00:00:00,1,0,2025-03-21 18:00:28,0,2025-03-21 18:00:28,,,
2025-02,津巴布韦,0.00,0.00,0.20,0.20,4045,2025-02-28 00:00:00,1,0,2025-03-21 18:00:28,0,2025-03-21 18:00:28,,,
2025-02,克罗地亚,0.00,0.00,0.20,0.20,4046,2025-02-28 00:00:00,1,0,2025-03-21 18:00:28,0,2025-03-21 18:00:28,,,
2025-02,老挝,3759.90,22766.90,254.50,2000.00,4047,2025-02-28 00:00:00,1,0,2025-03-21 18:00:28,0,2025-03-21 18:00:28,,,
2025-02,美国,1267144.70,2624912.40,178007.60,360683.30,4048,2025-02-28 00:00:00,1,0,2025-03-21 18:00:28,0,2025-03-21 18:00:28,,,
2025-02,蒙古,5147823.00,10682559.60,380699.60,801500.20,4049,2025-02-28 00:00:00,1,0,2025-03-21 18:00:28,0,2025-03-21 18:00:28,,,
2025-02,缅甸,1184.60,6969.50,47.90,281.30,4050,2025-02-28 00:00:00,1,0,2025-03-21 18:00:28,0,2025-03-21 18:00:28,,,
2025-02,莫桑比克,0.30,78933.40,0.70,14248.20,4051,2025-02-28 00:00:00,1,0,2025-03-21 18:00:28,0,2025-03-21 18:00:28,,,
2025-02,南非,0.00,0.00,0.00,0.00,4052,2025-02-28 00:00:00,1,0,2025-03-21 18:00:28,0,2025-03-21 18:00:28,,,
2025-02,坦桑尼亚,59096.90,59096.90,5756.70,5756.70,4053,2025-02-28 00:00:00,1,0,2025-03-21 18:00:28,0,2025-03-21 18:00:28,,,
2025-02,印度,1.50,1.50,0.30,0.30,4054,2025-02-28 00:00:00,1,0,2025-03-21 18:00:28,0,2025-03-21 18:00:28,,,
2025-02,印尼,15272928.90,34626480.10,908080.80,2209121.50,4055,2025-02-28 00:00:00,1,0,2025-03-21 18:00:28,0,2025-03-21 18:00:28,,,
2025-03,澳大利亚,4402074.90,16449887.20,394373.00,1649207.40,4056,2025-03-31 00:00:00,1,0,2025-04-21 18:00:19,0,2025-04-21 18:00:19,,,
2025-03,俄罗斯,7326378.20,19975210.40,741277.90,2115294.10,4057,2025-03-31 00:00:00,1,0,2025-04-21 18:00:19,0,2025-04-21 18:00:19,,,
2025-03,菲律宾,1070622.20,2142337.70,57176.70,119769.90,4058,2025-03-31 00:00:00,1,0,2025-04-21 18:00:19,0,2025-04-21 18:00:19,,,
2025-03,哈萨克斯坦,3962.00,87874.60,231.90,10433.60,4059,2025-03-31 00:00:00,1,0,2025-04-21 18:00:19,0,2025-04-21 18:00:19,,,
2025-03,吉尔吉斯斯坦,3822.00,8713.70,248.80,638.10,4060,2025-03-31 00:00:00,1,0,2025-04-21 18:00:19,0,2025-04-21 18:00:19,,,
2025-03,加拿大,828064.80,2934240.20,143713.10,530248.60,4061,2025-03-31 00:00:00,1,0,2025-04-21 18:00:19,0,2025-04-21 18:00:19,,,
2025-03,老挝,12738.10,35505.00,1228.70,3228.70,4062,2025-03-31 00:00:00,1,0,2025-04-21 18:00:19,0,2025-04-21 18:00:19,,,
2025-03,美国,207703.50,2832615.90,30803.80,391487.10,4063,2025-03-31 00:00:00,1,0,2025-04-21 18:00:19,0,2025-04-21 18:00:19,,,
2025-03,蒙古,6807526.40,17490086.00,465632.10,1267132.30,4064,2025-03-31 00:00:00,1,0,2025-04-21 18:00:19,0,2025-04-21 18:00:19,,,
2025-03,缅甸,17470.30,24439.80,711.60,992.90,4065,2025-03-31 00:00:00,1,0,2025-04-21 18:00:19,0,2025-04-21 18:00:19,,,
2025-03,坦桑尼亚,0.10,59097.00,0.50,5757.30,4066,2025-03-31 00:00:00,1,0,2025-04-21 18:00:19,0,2025-04-21 18:00:19,,,
2025-03,新西兰,93211.00,93211.00,11256.90,11256.90,4067,2025-03-31 00:00:00,1,0,2025-04-21 18:00:19,0,2025-04-21 18:00:19,,,
2025-03,印尼,17958744.50,52585224.60,1009970.20,3219091.70,4068,2025-03-31 00:00:00,1,0,2025-04-21 18:00:19,0,2025-04-21 18:00:19,,,
2025-04,澳大利亚,6969476.40,23419363.50,611956.70,2261164.10,4069,2025-04-30 00:00:00,1,0,2025-05-21 18:00:15,0,2025-05-21 18:00:15,,,
2025-04,俄罗斯,7397488.50,27372698.90,678437.70,2793731.90,4070,2025-04-30 00:00:00,1,0,2025-05-21 18:00:15,0,2025-05-21 18:00:15,,,
2025-04,菲律宾,899760.60,3042098.30,44967.10,164737.00,4071,2025-04-30 00:00:00,1,0,2025-05-21 18:00:15,0,2025-05-21 18:00:15,,,
2025-04,哥伦比亚,164426.00,217900.50,13349.60,21692.50,4072,2025-04-30 00:00:00,1,0,2025-05-21 18:00:15,0,2025-05-21 18:00:15,,,
2025-04,哈萨克斯坦,3312.00,91186.60,167.20,10600.70,4073,2025-04-30 00:00:00,1,0,2025-05-21 18:00:15,0,2025-05-21 18:00:15,,,
2025-04,吉尔吉斯斯坦,825.90,9539.60,41.20,679.30,4074,2025-04-30 00:00:00,1,0,2025-05-21 18:00:15,0,2025-05-21 18:00:15,,,
2025-04,加拿大,816950.50,3751190.70,135886.00,666134.60,4075,2025-04-30 00:00:00,1,0,2025-05-21 18:00:15,0,2025-05-21 18:00:15,,,
2025-04,老挝,5325.80,40830.80,519.40,3748.10,4076,2025-04-30 00:00:00,1,0,2025-05-21 18:00:15,0,2025-05-21 18:00:15,,,
2025-04,美国,76202.00,2908817.90,9019.40,400506.60,4077,2025-04-30 00:00:00,1,0,2025-05-21 18:00:15,0,2025-05-21 18:00:15,,,
2025-04,蒙古,7013800.40,24503886.40,454268.30,1721400.60,4078,2025-04-30 00:00:00,1,0,2025-05-21 18:00:15,0,2025-05-21 18:00:15,,,
2025-04,缅甸,53008.60,77448.40,2141.50,3134.30,4079,2025-04-30 00:00:00,1,0,2025-05-21 18:00:15,0,2025-05-21 18:00:15,,,
2025-04,南非,72933.00,72933.00,8607.30,8607.30,4080,2025-04-30 00:00:00,1,0,2025-05-21 18:00:15,0,2025-05-21 18:00:15,,,
2025-04,塔吉克斯坦,0.10,0.10,0.00,0.00,4081,2025-04-30 00:00:00,1,0,2025-05-21 18:00:15,0,2025-05-21 18:00:15,,,
2025-04,新西兰,66000.00,159211.00,8850.90,20107.80,4082,2025-04-30 00:00:00,1,0,2025-05-21 18:00:15,0,2025-05-21 18:00:15,,,
2025-04,印尼,14285823.20,66871047.80,820092.40,4039184.10,4083,2025-04-30 00:00:00,1,0,2025-05-21 18:00:15,0,2025-05-21 18:00:15,,,
2025-05,澳大利亚,7463154.30,30882517.80,643933.70,2905097.80,4084,2025-05-31 00:00:00,1,0,2025-06-20 19:00:07,0,2025-06-20 19:00:07,,,
2025-05,俄罗斯,8247540.30,35620239.20,686266.50,3479998.40,4085,2025-05-31 00:00:00,1,0,2025-06-20 19:00:07,0,2025-06-20 19:00:07,,,
2025-05,菲律宾,653981.10,3696079.40,34700.50,199437.50,4086,2025-05-31 00:00:00,1,0,2025-06-20 19:00:07,0,2025-06-20 19:00:07,,,
2025-05,哥伦比亚,160578.00,378478.50,12611.80,34304.30,4087,2025-05-31 00:00:00,1,0,2025-06-20 19:00:07,0,2025-06-20 19:00:07,,,
2025-05,哈萨克斯坦,72912.50,164099.00,7967.10,18567.90,4088,2025-05-31 00:00:00,1,0,2025-06-20 19:00:07,0,2025-06-20 19:00:07,,,
2025-05,吉尔吉斯斯坦,4117.50,13657.10,137.40,816.70,4089,2025-05-31 00:00:00,1,0,2025-06-20 19:00:07,0,2025-06-20 19:00:07,,,
2025-05,加拿大,629573.00,4380763.70,103926.70,770061.30,4090,2025-05-31 00:00:00,1,0,2025-06-20 19:00:07,0,2025-06-20 19:00:07,,,
2025-05,老挝,6025.10,46855.90,575.90,4324.00,4091,2025-05-31 00:00:00,1,0,2025-06-20 19:00:07,0,2025-06-20 19:00:07,,,
2025-05,美国,0.00,2908817.90,0.30,400506.80,4092,2025-05-31 00:00:00,1,0,2025-06-20 19:00:07,0,2025-06-20 19:00:07,,,
2025-05,蒙古,6188022.20,30691908.60,376294.10,2097694.70,4093,2025-05-31 00:00:00,1,0,2025-06-20 19:00:07,0,2025-06-20 19:00:07,,,
2025-05,缅甸,81883.40,159331.80,3245.40,6379.80,4094,2025-05-31 00:00:00,1,0,2025-06-20 19:00:07,0,2025-06-20 19:00:07,,,
2025-05,南非,0.00,72933.10,1.30,8608.60,4095,2025-05-31 00:00:00,1,0,2025-06-20 19:00:07,0,2025-06-20 19:00:07,,,
2025-05,坦桑尼亚,0.10,59097.10,0.60,5757.80,4096,2025-05-31 00:00:00,1,0,2025-06-20 19:00:07,0,2025-06-20 19:00:07,,,
2025-05,新西兰,55000.00,214211.00,6216.40,26324.20,4097,2025-05-31 00:00:00,1,0,2025-06-20 19:00:07,0,2025-06-20 19:00:07,,,
2025-05,印尼,12477305.60,79348353.40,713949.70,4753133.90,4098,2025-05-31 00:00:00,1,0,2025-06-20 19:00:07,0,2025-06-20 19:00:07,,,
2025-06,澳大利亚,5268296.40,36150814.20,501596.60,3406694.40,4099,2025-06-30 00:00:00,1,0,2025-07-23 19:00:06,0,2025-07-23 19:00:06,,,
2025-06,俄罗斯,8002068.40,43622307.60,647155.40,4127153.80,4100,2025-06-30 00:00:00,1,0,2025-07-23 19:00:06,0,2025-07-23 19:00:06,,,
2025-06,菲律宾,463171.40,4159250.80,21530.40,220967.80,4101,2025-06-30 00:00:00,1,0,2025-07-23 19:00:06,0,2025-07-23 19:00:06,,,
2025-06,哥伦比亚,0.00,378478.50,0.40,34304.70,4102,2025-06-30 00:00:00,1,0,2025-07-23 19:00:06,0,2025-07-23 19:00:06,,,
2025-06,哈萨克斯坦,1370.00,165469.00,71.70,18639.60,4103,2025-06-30 00:00:00,1,0,2025-07-23 19:00:06,0,2025-07-23 19:00:06,,,
2025-06,吉尔吉斯斯坦,2165.40,15822.40,82.40,899.10,4104,2025-06-30 00:00:00,1,0,2025-07-23 19:00:06,0,2025-07-23 19:00:06,,,
2025-06,加拿大,1069862.20,5450626.00,162998.50,933059.90,4105,2025-06-30 00:00:00,1,0,2025-07-23 19:00:06,0,2025-07-23 19:00:06,,,
2025-06,老挝,4099.20,50955.10,399.20,4723.20,4106,2025-06-30 00:00:00,1,0,2025-07-23 19:00:06,0,2025-07-23 19:00:06,,,
2025-06,美国,0.00,2908817.90,0.20,400507.10,4107,2025-06-30 00:00:00,1,0,2025-07-23 19:00:06,0,2025-07-23 19:00:06,,,
2025-06,蒙古,6529977.60,37221886.20,397158.40,2494853.10,4108,2025-06-30 00:00:00,1,0,2025-07-23 19:00:06,0,2025-07-23 19:00:06,,,
2025-06,缅甸,2116.20,161447.90,104.20,6484.00,4109,2025-06-30 00:00:00,1,0,2025-07-23 19:00:06,0,2025-07-23 19:00:06,,,
2025-06,土耳其,0.10,0.10,0.90,0.90,4110,2025-06-30 00:00:00,1,0,2025-07-23 19:00:06,0,2025-07-23 19:00:06,,,
2025-06,新西兰,65000.00,279211.00,5886.90,32211.10,4111,2025-06-30 00:00:00,1,0,2025-07-23 19:00:06,0,2025-07-23 19:00:06,,,
2025-06,印尼,11629199.00,90977552.30,666758.90,5419892.80,4112,2025-06-30 00:00:00,1,0,2025-07-23 19:00:06,0,2025-07-23 19:00:06,,,
2025-07,澳大利亚,6040229.00,42191043.20,514401.30,3921095.70,4113,2025-07-31 00:00:00,1,0,2025-08-21 19:00:08,0,2025-08-21 19:00:08,,,
2025-07,俄罗斯,7835016.00,51457323.70,622185.20,4749338.90,4114,2025-07-31 00:00:00,1,0,2025-08-21 19:00:08,0,2025-08-21 19:00:08,,,
2025-07,菲律宾,607347.40,4766598.20,30124.50,251092.40,4115,2025-07-31 00:00:00,1,0,2025-08-21 19:00:08,0,2025-08-21 19:00:08,,,
2025-07,吉尔吉斯斯坦,8332.70,24155.10,296.80,1195.90,4116,2025-07-31 00:00:00,1,0,2025-08-21 19:00:08,0,2025-08-21 19:00:08,,,
2025-07,加拿大,783077.80,6233703.80,115256.10,1048316.00,4117,2025-07-31 00:00:00,1,0,2025-08-21 19:00:08,0,2025-08-21 19:00:08,,,
2025-07,老挝,930.30,51885.30,91.00,4814.10,4118,2025-07-31 00:00:00,1,0,2025-08-21 19:00:08,0,2025-08-21 19:00:08,,,
2025-07,马来西亚,0.10,0.10,0.60,0.60,4119,2025-07-31 00:00:00,1,0,2025-08-21 19:00:08,0,2025-08-21 19:00:08,,,
2025-07,美国,0.00,2908817.90,0.20,400507.30,4120,2025-07-31 00:00:00,1,0,2025-08-21 19:00:08,0,2025-08-21 19:00:08,,,
2025-07,蒙古,6996712.80,44218599.00,365395.50,2860248.60,4121,2025-07-31 00:00:00,1,0,2025-08-21 19:00:08,0,2025-08-21 19:00:08,,,
2025-07,缅甸,10127.60,171575.50,425.10,6909.10,4122,2025-07-31 00:00:00,1,0,2025-08-21 19:00:08,0,2025-08-21 19:00:08,,,
2025-07,莫桑比克,0.30,78933.70,0.00,14248.20,4123,2025-07-31 00:00:00,1,0,2025-08-21 19:00:08,0,2025-08-21 19:00:08,,,
2025-07,南非,149116.00,222049.10,15524.10,24132.70,4124,2025-07-31 00:00:00,1,0,2025-08-21 19:00:08,0,2025-08-21 19:00:08,,,
2025-07,坦桑尼亚,0.10,59097.20,0.30,5758.20,4125,2025-07-31 00:00:00,1,0,2025-08-21 19:00:08,0,2025-08-21 19:00:08,,,
2025-07,印尼,13178434.30,104155986.60,705226.70,6125119.50,4126,2025-07-31 00:00:00,1,0,2025-08-21 19:00:08,0,2025-08-21 19:00:08,,,
