日期,美元,欧元,日元,港元,英镑,澳元,新西兰元,新加坡元,瑞士法郎,加元,林吉特,卢布,兰特,韩元,迪拉姆,里亚尔,福林,兹罗提,丹麦克朗,瑞典克朗,挪威克朗,里拉,比索,泰铢,澳门元,_ID,_DATA_TIME,_ACTIVE,_CREATE_ID,_CREATE_TIME,_UPDATE_ID,_UPDATE_TIME,_REMARK,_CHANGE_LOG,_RESERVE
2023-12-29 00:00:00,708.00,785.92,5.02,90.62,904.11,484.84,449.91,537.72,841.84,536.73,64.87,1245.82,261.83,18136.00,51.75,52.84,4871.05,55.23,94.91,140.65,143.62,415.79,239.15,482.25,,2948,2023-12-29 00:00:00,,,,,,,,
2023-12-28 00:00:00,710.00,789.01,5.02,90.86,908.86,486.56,451.03,538.03,842.71,537.90,65.12,1289.59,259.20,18187.00,51.75,52.84,4851.10,54.83,94.60,139.96,142.24,413.77,238.60,482.44,,2949,2023-12-28 00:00:00,,,,,,,,
2023-12-27 00:00:00,710.00,784.52,5.00,90.90,904.36,485.15,450.07,536.80,832.27,538.58,65.27,1286.02,262.75,18193.00,51.70,52.80,4869.80,55.23,95.14,140.67,142.86,411.72,239.36,485.63,,2950,2023-12-27 00:00:00,,,,,,,,
2023-12-26 00:00:00,710.00,783.35,5.00,90.86,903.24,484.02,448.68,536.44,830.29,536.37,65.06,1294.99,260.27,18240.00,51.68,52.78,4870.28,55.41,95.25,140.76,143.21,411.39,239.20,485.87,,2951,2023-12-26 00:00:00,,,,,,,,
2023-12-25 00:00:00,710.00,782.38,4.99,90.85,903.44,482.75,447.75,536.34,829.34,535.54,65.28,1294.59,260.15,18271.00,51.72,52.82,4876.39,55.44,95.41,141.11,143.31,411.32,239.58,486.75,,2952,2023-12-25 00:00:00,,,,,,,,
2023-12-22 00:00:00,710.00,781.60,5.00,90.86,900.70,482.71,447.21,535.11,829.22,534.68,65.48,1293.40,258.67,18259.00,51.75,52.86,4897.20,55.42,95.52,142.13,144.74,410.37,240.21,488.74,,2953,2023-12-22 00:00:00,,,,,,,,
2023-12-21 00:00:00,710.00,777.75,4.96,90.98,898.58,478.93,444.79,533.54,824.31,532.23,65.63,1274.26,257.68,18276.00,51.69,52.77,4942.14,55.94,95.97,143.13,145.69,410.02,241.49,491.21,,2954,2023-12-21 00:00:00,,,,,,,,
2023-12-20 00:00:00,710.00,779.75,4.94,91.00,904.14,480.27,445.58,534.43,825.17,532.74,65.79,1271.12,258.31,18306.00,51.73,52.84,4936.95,55.55,95.74,143.04,144.66,409.74,240.68,490.54,,2955,2023-12-20 00:00:00,,,,,,,,
2023-12-19 00:00:00,710.00,775.84,4.98,91.07,898.50,476.34,441.92,533.29,819.17,530.40,66.16,1268.32,261.89,18279.00,51.72,52.83,4960.63,55.79,96.19,143.83,146.44,409.07,241.92,491.39,,2956,2023-12-19 00:00:00,,,,,,,,
2023-12-18 00:00:00,709.00,774.14,4.99,90.92,900.34,475.97,441.33,532.94,816.41,531.33,65.73,1269.19,258.16,18257.00,51.68,52.79,4943.28,55.97,96.30,145.19,147.48,407.15,242.55,491.17,,2957,2023-12-18 00:00:00,,,,,,,,
2023-12-15 00:00:00,710.00,779.88,4.99,90.90,905.42,475.19,440.44,534.17,817.85,528.97,65.79,1262.57,258.47,18202.00,51.81,52.92,4873.63,55.39,95.75,144.44,148.14,408.53,242.52,491.53,,2958,2023-12-15 00:00:00,,,,,,,,
2023-12-14 00:00:00,711.00,773.56,4.99,91.06,897.48,474.11,440.49,533.41,816.69,526.63,65.77,1261.86,262.75,18292.00,51.70,52.81,4908.61,55.65,96.52,145.02,151.72,408.11,243.26,494.06,,2959,2023-12-14 00:00:00,,,,,,,,
2023-12-13 00:00:00,711.00,769.33,4.91,91.09,895.45,468.02,437.80,531.19,814.15,524.59,65.80,1263.64,266.29,18375.00,51.57,52.68,4978.34,56.35,97.12,146.36,153.84,407.42,243.38,499.84,,2960,2023-12-13 00:00:00,,,,,,,,
2023-12-12 00:00:00,712.00,768.12,4.89,91.18,895.90,468.87,437.56,530.83,812.01,525.87,65.75,1273.03,267.63,18395.00,51.48,52.58,4998.48,56.55,97.19,146.97,153.63,406.05,244.18,497.40,,2961,2023-12-12 00:00:00,,,,,,,,
2023-12-11 00:00:00,712.00,767.37,4.92,91.10,894.64,469.21,437.21,531.16,810.43,524.72,65.66,1287.77,266.11,18375.00,51.56,52.66,4972.92,56.59,97.34,146.87,153.01,406.28,243.93,496.45,,2962,2023-12-11 00:00:00,,,,,,,,
2023-12-08 00:00:00,711.00,767.92,4.94,91.05,894.92,469.26,438.83,531.53,813.04,523.36,65.66,1297.23,264.54,18433.00,51.64,52.74,4978.33,56.47,97.24,145.96,152.85,406.55,245.90,492.97,,2963,2023-12-08 00:00:00,,,,,,,,
2023-12-07 00:00:00,712.00,767.46,4.84,91.14,895.37,467.25,438.25,531.37,815.28,524.67,65.61,1297.04,266.26,18416.00,51.54,52.64,4959.97,56.47,97.28,146.91,153.97,405.69,242.96,493.12,,2964,2023-12-07 00:00:00,,,,,,,,
2023-12-06 00:00:00,711.00,769.37,4.84,90.99,897.97,467.53,437.69,531.57,814.71,524.70,65.56,1280.06,266.17,18380.00,51.53,52.63,4937.74,56.23,96.94,147.05,153.24,405.57,244.07,493.22,,2965,2023-12-06 00:00:00,,,,,,,,
2023-12-05 00:00:00,711.00,771.67,4.84,91.02,899.98,471.59,439.62,532.52,816.57,526.23,65.48,1279.21,264.33,18334.00,51.58,52.70,4928.69,56.19,96.68,146.45,152.22,406.28,245.70,493.02,,2966,2023-12-05 00:00:00,,,,,,,,
2023-12-04 00:00:00,710.00,773.82,4.86,90.88,903.75,475.31,442.11,533.58,819.07,527.26,65.57,1281.25,262.50,18230.00,51.67,52.78,4896.69,55.97,96.38,145.99,150.00,406.73,242.08,488.51,,2967,2023-12-04 00:00:00,,,,,,,,
2023-12-01 00:00:00,711.00,775.86,4.81,91.02,899.96,470.96,439.29,532.65,814.81,525.58,65.57,1260.03,264.91,18186.00,51.59,52.69,4911.06,56.18,96.16,147.28,151.71,405.75,244.65,494.41,,2968,2023-12-01 00:00:00,,,,,,,,
2023-11-30 00:00:00,710.00,780.45,4.84,90.98,902.90,470.93,438.10,533.70,814.43,523.48,65.45,1245.96,263.51,18127.00,51.64,52.76,4846.41,55.66,95.59,145.62,149.82,407.08,243.35,489.09,,2969,2023-11-30 00:00:00,,,,,,,,
2023-11-29 00:00:00,710.00,782.25,4.83,91.13,903.14,472.95,437.02,534.39,810.18,524.06,65.58,1248.32,261.71,18127.00,51.69,52.79,4829.13,55.20,95.44,145.08,149.27,406.93,241.25,487.32,,2970,2023-11-29 00:00:00,,,,,,,,
2023-11-28 00:00:00,711.00,779.89,4.80,91.31,898.91,470.61,434.55,532.71,808.51,522.94,65.73,1247.88,262.31,18210.00,51.64,52.73,4872.96,55.83,95.73,146.43,149.44,406.26,241.56,491.45,,2971,2023-11-28 00:00:00,,,,,,,,
2023-11-27 00:00:00,712.00,778.73,4.76,91.35,896.72,468.81,433.22,531.45,806.93,522.29,65.78,1248.51,264.34,18293.00,51.60,52.69,4886.67,56.13,95.81,146.98,150.53,405.58,240.69,496.19,,2972,2023-11-27 00:00:00,,,,,,,,
2023-11-24 00:00:00,712.00,777.08,4.77,91.24,893.14,467.61,431.34,531.58,805.68,520.31,65.73,1237.36,264.22,18214.00,51.57,52.66,4887.13,56.28,96.03,147.22,151.20,404.70,241.45,494.62,,2973,2023-11-24 00:00:00,,,,,,,,
2023-11-23 00:00:00,712.00,777.38,4.78,91.33,892.20,467.39,430.30,532.33,808.00,521.84,65.51,1235.05,264.45,18188.00,51.44,52.53,4902.58,56.20,95.89,146.74,150.60,403.98,241.08,493.19,,2974,2023-11-23 00:00:00,,,,,,,,
2023-11-22 00:00:00,713.00,779.46,4.82,91.41,895.45,468.34,432.38,533.67,808.38,521.24,65.25,1235.88,260.71,18123.00,51.46,52.55,4885.66,56.11,95.67,146.49,149.48,403.58,241.05,492.45,,2975,2023-11-22 00:00:00,,,,,,,,
2023-11-21 00:00:00,714.00,783.49,4.83,91.63,894.81,469.42,432.32,535.21,809.00,521.31,65.26,1238.68,256.33,18001.00,51.39,52.48,4853.40,55.59,95.26,145.95,149.57,402.68,239.50,491.34,,2976,2023-11-21 00:00:00,,,,,,,,
2023-11-20 00:00:00,716.00,783.40,4.80,91.85,894.65,468.07,431.46,534.29,810.66,523.87,65.21,1244.85,255.55,18036.00,51.18,52.26,4844.05,56.13,95.37,146.63,150.67,399.55,240.43,488.49,,2977,2023-11-20 00:00:00,,,,,,,,
2023-11-17 00:00:00,717.00,780.57,4.78,91.99,891.78,465.65,430.00,533.43,809.56,523.19,65.31,1240.17,255.85,17979.00,51.13,52.20,4839.16,56.16,95.74,147.19,152.11,399.42,240.38,488.72,,2978,2023-11-17 00:00:00,,,,,,,,
2023-11-16 00:00:00,717.00,780.27,4.76,91.87,893.03,468.37,433.99,532.03,810.34,525.75,65.26,1243.37,253.18,18097.00,51.14,52.21,4840.50,56.43,95.85,146.64,150.45,399.25,241.30,492.59,,2979,2023-11-16 00:00:00,,,,,,,,
2023-11-15 00:00:00,718.00,781.52,4.78,91.93,897.47,466.97,432.17,532.69,808.21,524.79,65.43,1260.84,253.96,18163.00,51.23,52.31,4829.34,56.53,95.70,147.41,151.56,399.51,242.33,493.91,,2980,2023-11-15 00:00:00,,,,,,,,
2023-11-14 00:00:00,718.00,771.02,4.76,91.90,884.90,460.26,425.23,529.76,799.44,522.52,65.60,1270.43,260.08,18289.00,51.06,52.14,4913.93,57.67,97.02,150.39,153.84,397.52,245.57,497.82,,2981,2023-11-14 00:00:00,,,,,,,,
2023-11-13 00:00:00,718.00,770.42,4.77,91.88,881.63,459.50,426.38,529.56,798.16,522.92,65.59,1277.81,260.51,18199.00,51.03,52.11,4914.81,57.70,97.06,151.10,154.20,396.13,245.97,497.68,,2982,2023-11-13 00:00:00,,,,,,,,
2023-11-10 00:00:00,718.00,769.17,4.77,91.93,881.53,459.61,426.27,529.64,798.91,522.81,65.49,1270.10,259.24,18158.00,50.99,52.07,4946.57,57.89,97.21,151.45,155.62,395.94,247.94,493.55,,2983,2023-11-10 00:00:00,,,,,,,,
2023-11-09 00:00:00,718.00,771.43,4.78,91.84,885.14,462.12,427.08,530.65,801.51,522.87,65.28,1271.54,256.93,18127.00,51.05,52.14,4931.76,57.78,96.88,151.14,155.11,396.26,244.38,492.02,,2984,2023-11-09 00:00:00,,,,,,,,
2023-11-08 00:00:00,718.00,771.33,4.81,91.79,886.72,464.46,429.22,531.72,801.32,524.40,64.92,1275.55,254.77,18052.00,50.99,52.07,4925.50,58.01,96.92,151.41,155.21,395.52,243.40,491.46,,2985,2023-11-08 00:00:00,,,,,,,,
2023-11-07 00:00:00,718.00,772.30,4.81,91.77,889.49,468.26,431.10,532.67,801.43,526.40,64.80,1279.48,254.50,18006.00,51.09,52.18,4936.36,58.00,96.88,151.49,153.51,395.59,244.74,491.55,,2986,2023-11-07 00:00:00,,,,,,,,
2023-11-06 00:00:00,718.00,772.62,4.83,91.75,890.77,469.41,432.77,531.49,800.62,527.73,65.62,1286.08,254.07,18180.00,51.14,52.23,4929.43,57.96,96.90,151.18,153.35,394.78,243.84,493.02,,2987,2023-11-06 00:00:00,,,,,,,,
2023-11-03 00:00:00,718.00,766.12,4.80,91.75,879.04,464.05,426.57,528.00,794.67,525.00,66.26,1290.19,255.94,18456.00,51.05,52.15,5017.35,58.43,97.88,154.11,154.92,394.46,244.63,497.67,,2988,2023-11-03 00:00:00,,,,,,,,
2023-11-02 00:00:00,718.00,763.32,4.80,91.78,877.98,463.59,425.17,527.27,795.95,521.56,66.40,1282.07,257.31,18610.00,51.05,52.14,5049.89,58.85,98.14,154.79,154.81,393.50,247.69,499.39,,2989,2023-11-02 00:00:00,,,,,,,,
2023-11-01 00:00:00,718.00,763.99,4.79,91.73,878.14,458.84,421.34,526.93,794.47,521.43,66.38,1287.95,258.71,18639.00,50.93,52.02,5033.14,58.65,98.06,154.67,154.82,392.52,251.56,497.80,,2990,2023-11-01 00:00:00,,,,,,,,
2023-10-31 00:00:00,718.00,764.80,4.84,91.78,876.39,459.63,422.48,527.44,797.48,521.71,66.37,1282.23,262.07,18626.00,51.08,52.18,5032.98,58.47,97.96,154.62,154.74,392.88,251.96,496.47,,2991,2023-10-31 00:00:00,,,,,,,,
2023-10-30 00:00:00,718.00,761.98,4.83,91.77,874.00,458.04,420.90,525.94,798.43,520.80,66.57,1300.26,261.41,18740.00,51.00,52.08,5061.47,58.86,98.31,154.53,155.09,391.30,252.33,500.07,,2992,2023-10-30 00:00:00,,,,,,,,
2023-10-27 00:00:00,718.00,761.80,4.81,91.78,875.36,457.46,421.86,526.42,801.16,522.48,66.67,1290.26,263.13,18695.00,51.02,52.11,5053.20,58.76,98.31,154.62,155.29,391.00,253.02,501.13,,2993,2023-10-27 00:00:00,,,,,,,,
2023-10-26 00:00:00,718.00,762.72,4.82,91.76,874.00,455.29,419.83,525.59,804.10,523.78,66.55,1286.99,265.50,18628.00,50.95,52.03,5071.87,58.99,98.21,154.37,155.34,391.64,255.55,499.65,,2994,2023-10-26 00:00:00,,,,,,,,
2023-10-25 00:00:00,718.00,764.49,4.83,91.76,878.12,459.85,423.68,526.92,807.30,525.72,66.69,1293.69,264.28,18561.00,50.99,52.08,5038.37,58.70,98.02,154.13,154.81,390.32,254.51,499.12,,2995,2023-10-25 00:00:00,,,,,,,,
2023-10-24 00:00:00,718.00,768.99,4.83,91.74,882.71,457.34,423.26,526.90,807.75,527.09,66.74,1308.48,263.58,18598.00,51.06,52.16,4987.90,58.30,97.39,152.20,153.77,390.24,253.03,502.17,,2996,2023-10-24 00:00:00,,,,,,,,
2023-10-23 00:00:00,718.00,763.78,4.82,91.74,876.96,456.47,422.08,526.49,807.98,526.96,66.11,1322.60,263.86,18644.00,51.02,52.10,5028.29,58.63,98.04,152.21,153.45,389.13,253.96,504.21,,2997,2023-10-23 00:00:00,,,,,,,,
2023-10-20 00:00:00,718.00,762.75,4.82,91.79,875.10,456.34,422.46,524.62,808.35,526.15,66.50,1332.28,264.29,18705.00,51.03,52.12,5042.50,58.62,98.18,152.00,152.73,389.32,255.52,503.32,,2998,2023-10-20 00:00:00,,,,,,,,
2023-10-19 00:00:00,718.00,760.82,4.83,91.72,877.13,457.70,424.13,525.46,803.27,527.32,66.09,1349.35,263.52,18651.00,50.97,52.05,5076.27,58.86,98.44,152.65,153.31,388.82,254.31,501.82,,2999,2023-10-19 00:00:00,,,,,,,,
2023-10-18 00:00:00,718.00,762.59,4.83,91.76,878.63,459.83,426.90,526.67,801.53,529.09,65.96,1348.71,261.24,18644.00,51.00,52.09,5065.76,58.26,98.15,151.29,151.95,388.14,251.11,502.06,,3000,2023-10-18 00:00:00,,,,,,,,
2023-10-17 00:00:00,718.00,759.44,4.83,91.85,880.46,456.87,425.85,526.52,800.88,530.16,65.85,1344.97,260.90,18624.00,51.04,52.12,5100.65,58.76,98.44,151.75,152.07,387.01,249.73,501.28,,3001,2023-10-17 00:00:00,,,,,,,,
2023-10-16 00:00:00,718.00,759.20,4.83,91.77,877.20,456.00,427.53,526.50,799.27,529.17,65.91,1348.32,263.54,18645.00,50.99,52.07,5138.33,59.10,98.59,152.60,151.55,384.28,251.33,499.82,,3002,2023-10-16 00:00:00,,,,,,,,
2023-10-13 00:00:00,718.00,760.45,4.83,91.75,879.90,456.94,429.41,526.82,795.75,528.09,65.80,1349.98,264.09,18552.00,50.97,52.04,5116.67,59.98,98.41,152.16,152.04,385.54,250.31,501.30,,3003,2023-10-13 00:00:00,,,,,,,,
2023-10-12 00:00:00,718.00,765.61,4.84,91.76,887.01,463.27,435.41,528.42,799.73,530.75,65.76,1376.06,261.64,18505.00,51.07,52.16,5071.16,59.38,97.71,151.28,150.58,385.04,248.80,503.41,,3004,2023-10-12 00:00:00,,,,,,,,
2023-10-11 00:00:00,718.00,764.43,4.86,91.80,885.82,464.37,437.19,528.47,796.79,531.10,65.89,1378.79,264.19,18571.00,51.08,52.17,5094.71,59.67,97.81,150.82,149.94,385.55,250.23,506.32,,3005,2023-10-11 00:00:00,,,,,,,,
2023-10-10 00:00:00,718.00,761.71,4.87,91.68,882.08,462.84,435.67,527.64,794.83,530.77,65.84,1367.74,269.00,18639.00,51.08,52.17,5122.46,60.17,98.10,152.04,149.60,385.42,253.97,511.35,,3006,2023-10-10 00:00:00,,,,,,,,
2023-10-09 00:00:00,718.00,762.29,4.85,91.65,881.59,460.10,432.55,527.65,793.82,528.57,65.67,1390.07,269.35,18574.00,51.00,52.08,5097.63,60.35,98.09,152.21,150.98,383.72,254.06,510.33,,3007,2023-10-09 00:00:00,,,,,,,,
2023-09-28 00:00:00,718.00,758.49,4.84,91.76,876.67,459.34,429.29,525.99,784.54,535.58,65.50,1335.06,266.50,18606.00,50.98,52.06,5201.85,61.48,98.64,153.26,149.09,379.18,246.54,504.69,,3008,2023-09-28 00:00:00,,,,,,,,
2023-09-27 00:00:00,717.00,762.88,4.85,91.71,877.38,462.46,431.04,526.87,788.57,534.66,65.29,1333.31,264.69,18595.00,50.98,52.06,5146.51,60.70,98.01,152.37,150.04,379.16,244.41,502.29,,3009,2023-09-27 00:00:00,,,,,,,,
2023-09-26 00:00:00,717.00,762.81,4.86,91.77,881.84,463.30,430.91,528.33,791.63,537.33,64.95,1316.45,260.70,18420.00,50.98,52.06,5133.19,60.59,97.97,153.49,150.27,377.64,242.44,498.87,,3010,2023-09-26 00:00:00,,,,,,,,
2023-09-25 00:00:00,717.00,767.76,4.87,91.76,882.85,465.15,431.20,527.46,795.04,535.58,65.33,1329.21,260.62,18405.00,51.08,52.11,5088.02,60.27,97.41,154.32,149.20,377.44,239.68,497.18,,3011,2023-09-25 00:00:00,,,,,,,,
2023-09-22 00:00:00,717.00,768.81,4.89,91.75,887.41,463.47,429.18,527.41,798.02,536.00,65.27,1327.52,263.33,18449.00,51.03,52.12,5070.96,60.32,97.28,154.89,149.53,376.47,240.08,498.76,,3012,2023-09-22 00:00:00,,,,,,,,
2023-09-21 00:00:00,717.00,768.63,4.87,91.69,890.43,465.61,429.24,528.17,802.44,536.42,65.32,1331.15,261.88,18376.00,51.02,52.10,5028.83,60.36,97.23,154.49,149.54,375.40,238.10,499.24,,3013,2023-09-21 00:00:00,,,,,,,,
2023-09-20 00:00:00,717.00,771.07,4.89,91.72,894.14,466.69,430.57,529.04,802.71,537.23,65.40,1337.79,262.64,18322.00,51.02,52.10,5004.05,60.79,97.03,154.56,149.37,375.24,237.74,496.94,,3014,2023-09-20 00:00:00,,,,,,,,
2023-09-19 00:00:00,717.00,771.79,4.89,91.78,893.90,465.57,428.19,529.73,804.61,536.26,65.33,1329.53,263.81,18223.00,50.95,52.03,5004.19,60.54,96.69,154.26,149.56,375.16,238.88,491.88,,3015,2023-09-19 00:00:00,,,,,,,,
2023-09-18 00:00:00,717.00,769.94,4.88,91.66,894.71,465.23,426.63,529.75,804.70,534.47,65.19,1340.16,263.59,18308.00,50.93,52.01,5005.80,60.61,96.91,154.71,149.10,373.21,237.73,493.30,,3016,2023-09-18 00:00:00,,,,,,,,
2023-09-15 00:00:00,718.00,768.65,4.91,91.71,897.32,465.36,427.01,530.32,807.42,535.79,65.12,1317.23,263.45,18292.00,50.83,51.91,5018.48,60.57,97.29,154.89,148.78,373.62,237.86,493.03,,3017,2023-09-15 00:00:00,,,,,,,,
2023-09-14 00:00:00,719.00,776.11,4.92,91.81,903.23,465.19,429.02,531.57,809.38,534.36,65.08,1331.06,260.59,18312.00,50.83,51.91,4967.95,59.85,96.14,153.89,148.01,372.89,238.35,492.54,,3018,2023-09-14 00:00:00,,,,,,,,
2023-09-13 00:00:00,719.00,779.19,4.94,91.86,904.91,466.23,429.06,532.74,812.67,535.33,65.01,1314.81,261.70,18229.00,50.72,51.79,4958.88,59.98,95.66,153.13,147.20,372.27,238.83,489.51,,3019,2023-09-13 00:00:00,,,,,,,,
2023-09-12 00:00:00,720.00,779.52,4.96,91.89,907.06,466.77,430.00,533.36,813.68,534.81,65.00,1322.05,260.80,18231.00,50.71,51.78,4943.17,59.79,95.62,152.87,146.60,371.74,239.65,487.87,,3020,2023-09-12 00:00:00,,,,,,,,
2023-09-11 00:00:00,721.00,781.40,4.97,92.02,910.54,467.48,431.87,535.14,817.63,536.83,64.86,1347.97,261.92,18183.00,50.44,51.51,4968.62,59.46,95.26,152.07,145.79,368.81,242.47,484.82,,3021,2023-09-11 00:00:00,,,,,,,,
2023-09-08 00:00:00,722.00,780.69,4.98,92.06,910.40,466.35,430.53,535.04,817.71,535.23,64.50,1342.91,262.83,18209.00,50.31,51.38,4965.99,59.32,95.16,152.49,146.14,368.28,242.12,486.19,,3022,2023-09-08 00:00:00,,,,,,,,
2023-09-07 00:00:00,720.00,781.20,4.95,91.79,910.70,465.87,429.34,534.78,817.60,535.95,64.56,1343.29,263.92,18241.00,50.40,51.47,4989.11,58.57,95.09,152.32,146.51,368.36,242.33,486.11,,3023,2023-09-07 00:00:00,,,,,,,,
2023-09-06 00:00:00,720.00,781.20,4.96,91.78,915.93,465.43,429.98,536.27,819.30,535.82,64.48,1335.09,263.41,18244.00,50.41,51.48,4963.16,57.58,95.09,152.15,146.63,367.89,239.63,485.66,,3024,2023-09-06 00:00:00,,,,,,,,
2023-09-05 00:00:00,718.00,781.27,4.96,91.59,915.38,468.23,430.94,536.14,819.50,534.65,64.28,1325.83,264.03,18155.00,50.65,51.73,4890.90,57.22,95.24,151.87,146.57,369.51,237.75,484.78,,3025,2023-09-05 00:00:00,,,,,,,,
2023-09-04 00:00:00,718.00,781.44,4.98,91.49,913.44,468.82,432.19,536.13,819.34,534.99,64.44,1327.10,259.68,18154.00,50.63,51.69,4920.62,57.21,95.08,151.84,146.66,367.38,235.74,482.79,,3026,2023-09-04 00:00:00,,,,,,,,
2023-09-01 00:00:00,718.00,788.15,5.01,91.55,921.25,472.24,435.28,538.41,822.66,539.77,64.19,1319.33,259.82,18178.00,50.52,51.59,4843.07,56.79,94.21,150.53,145.67,367.27,234.67,480.84,,3027,2023-09-01 00:00:00,,,,,,,,
2023-08-31 00:00:00,718.00,792.71,4.98,91.54,922.52,470.94,433.42,537.96,826.16,537.55,64.28,1320.98,257.86,18169.00,50.63,51.71,4792.72,56.41,93.70,149.22,145.57,367.88,231.79,481.56,,3028,2023-08-31 00:00:00,,,,,,,,
2023-08-30 00:00:00,718.00,789.66,4.99,91.52,916.90,470.72,434.36,538.83,825.63,536.63,64.19,1311.69,254.96,18154.00,50.63,51.71,4837.65,56.67,94.20,149.75,145.44,366.16,232.44,481.65,,3029,2023-08-30 00:00:00,,,,,,,,
2023-08-29 00:00:00,719.00,786.02,4.98,91.58,915.76,467.76,430.51,536.40,822.02,535.57,64.48,1309.03,256.21,18170.00,50.59,51.67,4881.36,56.94,94.48,150.89,147.00,361.88,232.09,483.71,,3030,2023-08-29 00:00:00,,,,,,,,
2023-08-28 00:00:00,719.00,784.37,4.97,91.60,914.38,466.57,430.46,536.19,821.14,535.78,64.23,1307.59,256.35,18175.00,50.55,51.62,4871.25,57.00,94.73,152.00,146.71,363.64,231.18,481.86,,3031,2023-08-28 00:00:00,,,,,,,,
2023-08-25 00:00:00,719.00,785.10,4.99,91.65,915.59,467.11,431.81,536.26,821.41,536.48,64.28,1298.16,259.10,18228.00,50.50,51.58,4888.50,57.04,94.66,151.20,147.05,356.49,232.17,480.64,,3032,2023-08-25 00:00:00,,,,,,,,
2023-08-24 00:00:00,719.00,788.64,5.03,91.70,923.22,470.89,434.80,537.25,827.11,537.82,64.38,1293.71,254.81,18296.00,50.59,51.66,4855.86,56.70,94.28,150.18,145.59,374.83,232.02,480.50,,3033,2023-08-24 00:00:00,,,,,,,,
2023-08-23 00:00:00,720.00,789.65,5.01,91.84,926.88,468.63,433.91,536.79,826.98,538.68,64.18,1293.88,258.93,18337.00,50.43,51.50,4850.69,56.59,94.10,150.03,145.50,373.84,232.93,479.54,,3034,2023-08-23 00:00:00,,,,,,,,
2023-08-22 00:00:00,720.00,793.50,5.00,91.84,929.41,467.77,433.12,537.11,828.78,539.28,64.20,1285.48,260.80,18398.00,50.42,51.48,4832.59,56.44,93.62,150.24,145.34,373.65,234.51,482.15,,3035,2023-08-22 00:00:00,,,,,,,,
2023-08-21 00:00:00,720.00,790.51,5.02,91.91,926.50,466.74,431.84,536.11,824.32,537.86,64.22,1294.47,261.17,18373.00,50.51,51.57,4840.49,56.45,94.02,150.76,145.93,373.17,235.08,485.53,,3036,2023-08-21 00:00:00,,,,,,,,
2023-08-18 00:00:00,720.00,790.87,5.01,91.99,929.07,466.95,432.40,536.93,829.52,539.19,64.17,1296.75,262.06,18355.00,50.41,51.47,4861.13,56.45,94.06,150.17,145.19,372.50,235.55,485.98,,3037,2023-08-18 00:00:00,,,,,,,,
2023-08-17 00:00:00,721.00,791.51,4.99,92.04,926.88,468.04,433.13,535.65,827.50,539.24,63.93,1319.22,263.68,18364.00,50.44,51.51,4888.62,56.50,93.85,149.92,145.38,372.30,236.21,486.19,,3038,2023-08-17 00:00:00,,,,,,,,
2023-08-16 00:00:00,720.00,792.05,5.01,92.01,923.18,469.98,433.87,535.45,827.24,539.89,64.10,1349.25,263.81,18340.00,50.53,51.60,4898.20,56.55,93.77,149.35,144.59,372.56,236.54,486.03,,3039,2023-08-16 00:00:00,,,,,,,,
2023-08-15 00:00:00,718.00,790.13,4.99,91.77,919.09,470.81,433.78,534.80,825.27,539.39,64.03,1364.03,263.39,18402.00,50.67,51.76,4868.41,56.32,94.08,148.92,144.38,373.53,236.06,485.52,,3040,2023-08-15 00:00:00,,,,,,,,
2023-08-14 00:00:00,717.00,789.88,5.00,91.70,917.56,469.73,433.23,534.54,824.47,538.83,63.69,1372.08,261.71,18344.00,50.80,51.90,4839.90,56.08,94.19,149.74,144.22,374.26,235.10,485.07,,3041,2023-08-14 00:00:00,,,,,,,,
2023-08-11 00:00:00,716.00,791.71,4.98,91.55,913.75,470.23,434.10,534.58,822.47,536.79,63.56,1343.06,261.02,18243.00,50.96,52.05,4871.00,56.17,93.97,148.23,142.83,375.89,237.08,486.56,,3042,2023-08-11 00:00:00,,,,,,,,
2023-08-10 00:00:00,716.00,789.63,5.01,91.54,915.17,470.49,436.38,534.66,820.49,536.64,63.71,1344.01,263.70,18262.00,51.05,52.15,4922.99,56.59,94.25,148.17,141.66,374.35,237.21,486.80,,3043,2023-08-10 00:00:00,,,,,,,,
2023-08-09 00:00:00,716.00,789.84,5.04,91.61,918.87,471.72,437.34,535.20,823.49,537.64,63.65,1341.44,262.42,18241.00,50.93,52.03,4936.07,56.45,94.21,148.55,142.31,375.16,237.40,485.07,,3044,2023-08-09 00:00:00,,,,,,,,
2023-08-08 00:00:00,716.00,789.33,5.04,91.66,917.36,472.18,438.88,535.70,822.40,537.28,63.60,1329.31,260.70,18184.00,51.19,52.28,4924.78,56.07,94.27,147.43,141.30,376.56,237.96,484.87,,3045,2023-08-08 00:00:00,,,,,,,,
2023-08-07 00:00:00,714.00,787.84,5.05,91.39,912.99,470.89,436.91,534.72,819.17,535.69,63.57,1333.40,257.57,18232.00,51.29,52.38,4941.88,56.34,94.49,147.76,141.57,376.85,238.54,483.92,,3046,2023-08-07 00:00:00,,,,,,,,
2023-08-04 00:00:00,714.00,785.63,5.03,91.47,912.37,470.80,436.77,535.19,820.23,537.90,63.61,1314.48,260.02,18105.00,51.20,52.28,5013.64,56.77,94.76,148.73,142.63,376.63,241.63,481.66,,3047,2023-08-04 00:00:00,,,,,,,,
2023-08-03 00:00:00,715.00,786.14,5.02,91.62,913.74,470.28,437.54,535.67,819.26,538.90,63.44,1307.11,256.74,18050.00,51.11,52.20,4942.30,56.53,94.69,148.88,142.99,375.26,236.75,479.29,,3048,2023-08-03 00:00:00,,,,,,,,
2023-08-02 00:00:00,714.00,788.35,5.02,91.56,916.13,473.96,439.80,536.64,821.06,539.95,63.22,1285.75,255.25,17950.00,51.28,52.39,4928.48,56.40,94.44,147.51,141.86,376.68,235.56,478.67,,3049,2023-08-02 00:00:00,,,,,,,,
2023-08-01 00:00:00,713.00,785.79,5.02,91.40,917.06,480.16,443.69,537.45,819.65,541.89,63.13,1281.87,250.07,17871.00,51.40,52.51,4928.79,56.05,94.79,147.24,141.67,377.14,234.45,479.26,,3050,2023-08-01 00:00:00,,,,,,,,
2023-07-31 00:00:00,713.00,788.36,5.08,91.44,919.55,476.40,440.52,537.36,822.28,540.08,63.70,1284.55,246.63,17838.00,51.39,52.43,4873.60,55.95,94.47,147.24,142.44,376.30,233.20,478.90,,3051,2023-07-31 00:00:00,,,,,,,,
2023-07-28 00:00:00,713.00,786.27,5.15,91.43,916.06,480.63,443.47,537.96,824.13,541.51,63.36,1266.21,249.00,17887.00,51.29,52.38,4860.95,56.22,94.72,146.74,142.17,376.40,235.30,480.87,,3052,2023-07-28 00:00:00,,,,,,,,
2023-07-27 00:00:00,713.00,792.08,5.09,91.40,923.90,483.13,443.98,539.13,829.52,541.24,63.63,1259.21,246.48,17819.00,51.39,52.49,4824.51,55.85,94.08,145.51,141.62,376.65,235.87,479.18,,3053,2023-07-27 00:00:00,,,,,,,,
2023-07-26 00:00:00,713.00,788.50,5.06,91.29,920.05,484.28,443.59,537.33,825.35,541.09,63.95,1265.70,246.10,17880.00,51.48,52.57,4817.74,56.22,94.50,145.37,141.17,377.42,237.47,482.85,,3054,2023-07-26 00:00:00,,,,,,,,
2023-07-25 00:00:00,714.00,796.36,5.09,91.39,922.63,485.11,446.70,540.73,827.46,546.80,63.49,1260.32,246.32,17809.00,51.00,52.08,4742.63,55.84,93.50,144.55,139.65,374.85,233.78,479.64,,3055,2023-07-25 00:00:00,,,,,,,,
2023-07-24 00:00:00,715.00,798.80,5.07,91.40,922.84,483.11,442.76,539.51,828.97,543.06,63.64,1261.69,250.26,17887.00,51.15,52.23,4748.63,55.86,93.22,144.97,140.23,375.83,236.57,479.26,,3056,2023-07-24 00:00:00,,,,,,,,
2023-07-21 00:00:00,715.00,800.41,5.14,91.45,925.56,487.50,448.05,541.96,830.00,546.08,63.35,1258.48,249.14,17761.00,51.06,52.15,4762.30,55.56,93.02,143.74,139.90,373.36,234.56,475.60,,3057,2023-07-21 00:00:00,,,,,,,,
2023-07-20 00:00:00,715.00,808.79,5.17,91.52,933.60,488.92,452.42,544.73,841.10,548.65,63.02,1267.45,247.75,17542.00,50.87,51.94,4670.96,55.01,92.08,142.21,138.94,371.60,231.41,471.12,,3058,2023-07-20 00:00:00,,,,,,,,
2023-07-19 00:00:00,715.00,805.58,5.16,91.49,935.17,489.14,452.02,542.49,836.59,545.23,63.29,1261.89,248.89,17590.00,51.18,52.27,4636.15,55.21,92.45,142.23,140.02,375.52,233.40,474.62,,3059,2023-07-19 00:00:00,,,,,,,,
2023-07-18 00:00:00,715.00,805.50,5.17,91.44,936.92,488.75,453.45,542.42,833.08,543.28,63.36,1263.23,251.52,17647.00,51.23,52.33,4640.18,55.07,92.44,142.87,140.32,368.05,233.29,482.54,,3060,2023-07-18 00:00:00,,,,,,,,
2023-07-17 00:00:00,713.00,801.50,5.15,91.27,934.54,487.95,454.33,540.14,828.22,539.70,63.43,1263.48,253.70,17751.00,51.45,52.55,4667.26,55.60,92.94,143.46,140.68,367.02,234.61,485.59,,3061,2023-07-17 00:00:00,,,,,,,,
2023-07-14 00:00:00,713.00,801.69,5.18,91.19,937.70,491.85,456.56,540.28,831.66,544.85,63.87,1261.89,251.27,17768.00,51.42,52.52,4662.40,55.47,92.94,142.84,139.23,364.97,235.94,483.79,,3062,2023-07-14 00:00:00,,,,,,,,
2023-07-13 00:00:00,715.00,797.39,5.18,91.40,930.35,486.18,451.13,538.56,826.27,543.23,64.68,1263.78,253.29,17838.00,51.28,52.38,4703.68,55.65,93.43,144.83,141.23,365.42,236.01,484.20,,3063,2023-07-13 00:00:00,,,,,,,,
2023-07-12 00:00:00,718.00,791.98,5.13,91.67,930.28,481.41,445.78,536.49,818.34,543.72,64.74,1256.02,256.97,17964.00,51.07,52.16,4779.79,56.05,94.09,148.20,143.86,363.02,237.01,483.48,,3064,2023-07-12 00:00:00,,,,,,,,
2023-07-11 00:00:00,719.00,793.81,5.11,91.80,928.22,481.97,447.96,536.74,815.10,543.64,64.71,1263.85,260.63,18005.00,50.90,51.98,4791.02,55.98,93.84,149.04,145.15,362.34,236.40,485.99,,3065,2023-07-11 00:00:00,,,,,,,,
2023-07-10 00:00:00,719.00,790.34,5.07,91.86,925.21,481.98,447.00,535.45,810.74,543.06,64.76,1266.14,261.50,18048.00,50.94,52.02,4867.57,56.34,94.24,150.47,147.36,361.66,237.80,487.66,,3066,2023-07-10 00:00:00,,,,,,,,
2023-07-07 00:00:00,721.00,788.69,5.03,92.10,922.66,480.20,446.46,535.39,808.79,542.00,64.40,1257.31,263.65,18039.00,50.70,51.79,4888.13,56.82,94.41,150.95,148.53,361.13,237.85,485.67,,3067,2023-07-07 00:00:00,,,,,,,,
2023-07-06 00:00:00,721.00,786.41,5.02,92.21,920.35,482.41,447.84,535.45,806.33,545.63,64.24,1253.17,259.41,17973.00,50.67,51.75,4838.36,56.74,94.65,151.10,147.30,359.95,234.59,482.28,,3068,2023-07-06 00:00:00,,,,,,,,
2023-07-05 00:00:00,720.00,785.01,4.99,91.91,917.37,482.83,447.09,534.70,804.48,545.67,64.48,1243.12,258.42,17994.00,50.90,51.97,4775.55,56.50,94.87,150.07,147.58,360.16,236.32,483.40,,3069,2023-07-05 00:00:00,,,,,,,,
2023-07-04 00:00:00,720.00,789.34,5.00,91.97,918.24,483.10,445.53,535.38,807.25,546.37,64.52,1233.83,259.13,18025.00,50.74,51.81,4740.15,56.14,94.28,149.89,147.76,357.72,235.67,484.48,,3070,2023-07-04 00:00:00,,,,,,,,
2023-07-03 00:00:00,722.00,789.92,5.02,92.07,919.65,482.31,444.18,535.46,809.18,546.85,64.40,1220.72,260.17,18157.00,50.68,51.76,4712.64,56.11,94.21,148.99,148.40,359.27,236.37,487.39,,3071,2023-07-03 00:00:00,,,,,,,,
2023-06-30 00:00:00,723.00,787.71,5.01,92.20,914.32,479.92,440.03,534.42,806.14,547.21,64.47,1199.55,258.81,18197.00,50.66,51.73,4712.28,56.46,94.51,149.81,148.99,359.10,236.10,491.56,,3072,2023-06-30 00:00:00,,,,,,,,
2023-06-29 00:00:00,722.00,791.67,5.02,92.18,916.92,478.93,440.61,536.15,808.90,547.36,64.40,1187.90,257.18,18058.00,50.63,51.70,4689.43,56.53,94.06,148.60,148.40,358.98,235.64,490.89,,3073,2023-06-29 00:00:00,,,,,,,,
2023-06-28 00:00:00,721.00,789.99,5.01,92.06,919.03,481.74,443.98,534.32,806.79,546.49,64.71,1182.96,256.89,18027.00,50.94,52.02,4684.00,56.29,94.26,148.78,149.69,360.70,237.01,489.23,,3074,2023-06-28 00:00:00,,,,,,,,
2023-06-27 00:00:00,721.00,787.73,5.04,92.05,917.88,481.99,444.95,533.53,806.10,549.12,64.72,1167.72,258.40,18072.00,50.87,51.95,4685.53,56.35,94.53,148.56,148.69,360.78,237.22,487.56,,3075,2023-06-27 00:00:00,,,,,,,,
2023-06-26 00:00:00,721.00,786.18,5.03,92.01,917.74,481.72,443.54,533.38,804.88,547.78,64.87,1168.48,259.92,18124.00,50.93,52.02,4709.45,56.44,94.70,148.76,150.06,350.58,237.90,488.45,,3076,2023-06-26 00:00:00,,,,,,,,
2023-06-21 00:00:00,718.00,783.96,5.08,91.75,916.27,487.41,442.71,534.47,799.72,542.76,64.63,1171.43,256.18,17929.00,51.16,52.25,4745.45,56.68,95.01,150.23,149.41,328.29,239.62,485.14,,3077,2023-06-21 00:00:00,,,,,,,,
2023-06-20 00:00:00,716.00,782.26,5.05,91.61,916.38,490.73,444.15,534.24,799.41,542.24,64.63,1171.71,253.94,17907.00,51.27,52.36,4773.70,56.85,95.21,149.82,149.05,329.62,238.42,485.54,,3078,2023-06-20 00:00:00,,,,,,,,
2023-06-19 00:00:00,712.00,778.95,5.02,91.02,913.32,489.35,443.64,532.28,796.13,539.55,64.82,1177.23,255.72,17911.00,51.59,52.68,4794.27,57.24,95.63,149.53,148.42,331.44,239.94,487.09,,3079,2023-06-19 00:00:00,,,,,,,,
2023-06-16 00:00:00,713.00,780.42,5.09,91.18,911.61,490.43,444.43,533.43,799.60,539.16,64.93,1172.43,255.69,17868.00,51.52,52.61,4786.07,57.05,95.51,148.71,147.31,331.86,240.37,485.65,,3080,2023-06-16 00:00:00,,,,,,,,
2023-06-15 00:00:00,715.00,774.86,5.11,91.31,905.52,485.88,442.84,533.13,793.88,536.41,64.63,1173.83,256.34,17820.00,51.37,52.46,4795.13,57.43,96.17,149.78,148.82,329.54,239.82,485.51,,3081,2023-06-15 00:00:00,,,,,,,,
2023-06-14 00:00:00,716.00,772.14,5.11,91.38,902.09,484.35,440.71,533.16,790.57,537.49,64.49,1172.36,260.15,17740.00,51.32,52.40,4793.15,58.08,96.52,149.33,148.84,330.38,240.79,484.46,,3082,2023-06-14 00:00:00,,,,,,,,
2023-06-13 00:00:00,715.00,769.53,5.13,91.26,894.71,482.72,437.96,532.18,786.98,534.97,64.60,1171.84,259.57,17973.00,51.37,52.45,4795.48,57.79,96.84,151.31,151.01,330.95,241.75,484.58,,3083,2023-06-13 00:00:00,,,,,,,,
2023-06-12 00:00:00,712.00,765.40,5.11,90.86,895.72,480.32,436.47,530.09,788.24,533.91,64.79,1159.25,262.83,18106.00,51.58,52.66,4810.28,58.05,97.35,152.03,151.02,331.25,242.70,485.82,,3084,2023-06-12 00:00:00,,,,,,,,
2023-06-09 00:00:00,711.00,766.92,5.12,90.76,893.26,477.49,433.45,529.76,791.31,532.32,64.94,1157.11,265.08,18242.00,51.64,52.74,4818.35,58.32,97.16,151.88,153.30,330.27,244.46,486.89,,3085,2023-06-09 00:00:00,,,,,,,,
2023-06-08 00:00:00,713.00,762.69,5.09,90.91,886.68,474.42,430.33,528.47,783.44,532.96,64.50,1143.64,267.81,18318.00,51.53,52.61,4830.73,58.80,97.65,152.88,155.02,327.04,243.55,488.51,,3086,2023-06-08 00:00:00,,,,,,,,
2023-06-07 00:00:00,712.00,761.44,5.10,90.77,884.65,475.37,432.79,528.14,784.62,531.26,64.73,1143.15,269.72,18266.00,51.59,52.68,4837.55,58.77,97.83,153.34,155.81,307.88,244.12,488.36,,3087,2023-06-07 00:00:00,,,,,,,,
2023-06-06 00:00:00,711.00,761.15,5.10,90.68,883.53,470.25,431.44,526.74,784.20,528.69,64.46,1134.93,271.16,18346.00,51.68,52.77,4848.43,58.80,97.85,152.71,155.30,299.35,245.71,489.17,,3088,2023-06-06 00:00:00,,,,,,,,
2023-06-05 00:00:00,709.00,758.54,5.06,90.45,881.30,467.93,429.44,524.88,779.32,528.00,64.62,1142.85,275.25,18421.00,51.80,52.90,4880.04,59.24,98.23,152.54,155.18,296.77,247.69,490.85,,3089,2023-06-05 00:00:00,,,,,,,,
2023-06-02 00:00:00,709.00,763.21,5.11,90.58,888.54,466.48,430.21,526.58,783.43,527.63,64.95,1140.89,276.77,18512.00,51.77,52.86,4859.80,59.18,97.56,152.33,155.82,294.51,247.43,488.13,,3090,2023-06-02 00:00:00,,,,,,,,
2023-06-01 00:00:00,710.00,758.87,5.10,90.62,883.26,461.80,427.55,525.20,779.75,523.16,64.97,1146.13,277.86,18620.00,51.75,52.86,4882.49,59.64,98.12,152.77,155.96,293.12,249.07,488.29,,3091,2023-06-01 00:00:00,,,,,,,,
2023-05-31 00:00:00,708.00,760.16,5.07,90.37,878.99,461.61,428.11,524.44,781.63,520.73,64.98,1102.47,277.90,18642.00,51.85,52.95,4868.43,59.67,97.95,153.38,157.88,291.94,249.40,489.94,,3092,2023-05-31 00:00:00,,,,,,,,
2023-05-30 00:00:00,708.00,758.36,5.04,90.47,874.79,462.73,428.34,523.09,783.02,520.82,65.02,1133.30,277.73,18681.00,51.86,52.96,4898.07,59.58,98.22,152.80,156.80,284.58,248.54,490.44,,3093,2023-05-30 00:00:00,,,,,,,,
2023-05-29 00:00:00,706.00,756.79,5.01,90.09,871.35,460.59,427.16,521.77,779.40,518.64,65.21,1124.39,278.43,18757.00,52.03,53.14,4902.30,59.83,98.44,153.08,156.99,283.23,249.64,492.68,,3094,2023-05-29 00:00:00,,,,,,,,
2023-05-26 00:00:00,708.00,758.88,5.06,90.31,871.86,460.09,428.68,522.43,781.81,518.54,65.39,1131.88,279.86,18757.00,51.90,53.00,4914.16,59.30,98.16,152.91,156.22,282.25,252.34,490.72,,3095,2023-05-26 00:00:00,,,,,,,,
2023-05-25 00:00:00,705.00,758.43,5.06,90.09,872.07,461.35,430.38,522.68,779.73,518.88,65.20,1137.46,272.87,18687.00,52.07,53.18,4911.67,59.44,98.23,151.97,155.36,282.30,252.49,490.85,,3096,2023-05-25 00:00:00,,,,,,,,
2023-05-24 00:00:00,706.00,760.02,5.09,90.06,876.29,466.50,441.03,523.88,782.86,522.60,64.82,1136.10,272.10,18655.00,52.04,53.15,4939.11,59.05,98.00,150.54,155.23,281.57,254.67,490.13,,3097,2023-05-24 00:00:00,,,,,,,,
2023-05-23 00:00:00,703.00,760.31,5.07,89.84,874.54,467.72,442.12,522.35,782.84,520.83,64.69,1143.60,273.91,18678.00,52.21,53.32,4918.91,59.22,97.94,150.17,155.01,282.13,254.43,489.95,,3098,2023-05-23 00:00:00,,,,,,,,
2023-05-22 00:00:00,702.00,759.11,5.09,89.71,873.92,466.79,440.34,521.72,780.94,519.85,64.65,1145.43,276.84,18878.00,52.34,53.45,4948.48,59.86,98.13,149.83,155.03,282.48,253.16,488.76,,3099,2023-05-22 00:00:00,,,,,,,,
2023-05-19 00:00:00,704.00,758.29,5.08,89.96,873.49,466.45,438.93,522.13,777.81,521.27,64.52,1142.08,274.76,18952.00,52.17,53.28,4946.56,59.98,98.19,150.08,155.06,281.48,251.61,488.93,,3100,2023-05-19 00:00:00,,,,,,,,
2023-05-18 00:00:00,700.00,758.58,5.09,89.38,873.89,466.12,437.18,521.51,778.91,519.88,64.62,1142.73,275.22,19078.00,52.45,53.57,4875.34,59.59,98.17,149.24,153.85,282.44,251.42,489.26,,3101,2023-05-18 00:00:00,,,,,,,,
2023-05-17 00:00:00,697.00,757.78,5.11,88.99,870.69,464.18,434.60,520.36,778.13,517.49,64.59,1154.01,273.59,19217.00,52.65,53.77,4862.83,59.26,98.25,149.19,153.69,282.94,250.83,488.64,,3102,2023-05-17 00:00:00,,,,,,,,
2023-05-16 00:00:00,695.00,755.93,5.11,88.69,870.66,465.97,434.17,520.22,776.26,516.20,64.67,1146.97,273.59,19203.00,52.83,53.95,4883.59,59.61,98.50,148.84,152.39,283.10,251.00,485.79,,3103,2023-05-16 00:00:00,,,,,,,,
2023-05-15 00:00:00,697.00,755.83,5.13,88.80,867.08,462.79,431.29,520.33,775.33,513.71,64.36,1108.97,275.58,19220.00,52.73,53.85,4897.13,59.76,98.53,149.16,153.29,281.58,252.65,486.68,,3104,2023-05-15 00:00:00,,,,,,,,
2023-05-12 00:00:00,695.00,758.50,5.17,88.63,869.36,465.62,437.44,521.89,777.24,514.96,64.37,1106.59,276.10,19144.00,52.85,53.98,4897.77,59.85,98.19,148.70,153.55,281.71,253.10,486.78,,3105,2023-05-12 00:00:00,,,,,,,,
2023-05-11 00:00:00,691.00,759.11,5.15,88.29,872.70,468.77,440.36,521.76,777.17,516.87,64.42,1100.99,272.89,19049.00,53.14,54.27,4868.93,59.52,98.10,147.87,151.95,282.84,253.97,486.68,,3106,2023-05-11 00:00:00,,,,,,,,
2023-05-10 00:00:00,693.00,760.04,5.12,88.41,875.01,468.82,439.23,522.24,778.65,518.00,64.20,1124.18,268.80,19122.00,52.99,54.12,4885.49,59.91,97.95,147.07,152.46,281.73,256.26,486.16,,3107,2023-05-10 00:00:00,,,,,,,,
2023-05-09 00:00:00,693.00,761.35,5.13,88.23,873.28,469.55,439.14,522.50,777.93,517.85,64.08,1122.70,264.51,19113.00,53.03,54.16,4889.58,59.90,97.80,146.88,151.69,281.68,256.89,488.48,,3108,2023-05-09 00:00:00,,,,,,,,
2023-05-08 00:00:00,692.00,762.17,5.12,88.12,873.45,466.94,435.80,521.68,776.33,517.13,64.16,1125.36,266.38,19121.00,53.10,54.23,4876.33,60.00,97.74,147.08,152.78,282.07,256.81,489.77,,3109,2023-05-08 00:00:00,,,,,,,,
2023-05-05 00:00:00,691.00,761.89,5.15,88.06,869.67,463.16,434.73,520.60,780.54,511.11,64.37,1135.59,264.69,19140.00,53.14,54.27,4896.91,60.24,97.77,148.03,154.49,281.35,258.97,488.88,,3110,2023-05-05 00:00:00,,,,,,,,
2023-05-04 00:00:00,691.00,764.58,5.13,87.98,868.10,458.88,428.93,519.36,782.01,506.72,64.55,1151.08,265.03,19302.00,53.19,54.31,4909.35,60.05,97.46,148.48,155.80,282.18,260.41,490.41,,3111,2023-05-04 00:00:00,,,,,,,,
2023-04-28 00:00:00,692.00,763.61,5.17,88.21,865.04,458.94,425.54,518.62,774.52,508.93,64.40,1180.31,264.29,19331.00,53.04,54.17,4886.92,59.91,97.62,148.63,153.33,280.75,260.55,492.80,,3112,2023-04-28 00:00:00,,,,,,,,
2023-04-27 00:00:00,692.00,764.35,5.19,88.17,863.08,457.31,423.45,518.37,776.78,507.75,64.39,1182.70,265.30,19319.00,53.06,54.20,4893.38,59.97,97.53,149.12,153.64,280.68,262.40,493.12,,3113,2023-04-27 00:00:00,,,,,,,,
2023-04-26 00:00:00,692.00,759.99,5.18,88.21,859.41,459.20,425.38,517.49,776.37,508.31,64.28,1174.14,264.62,19321.00,53.04,54.18,4972.90,60.46,98.07,148.88,154.17,280.62,260.81,496.27,,3114,2023-04-26 00:00:00,,,,,,,,
2023-04-25 00:00:00,688.00,761.09,5.14,87.72,860.39,461.33,425.00,516.54,776.11,508.68,64.27,1182.74,263.61,19335.00,53.33,54.48,4936.40,60.43,97.93,148.78,152.88,281.78,261.17,498.34,,3115,2023-04-25 00:00:00,,,,,,,,
2023-04-24 00:00:00,688.00,756.48,5.14,87.72,856.74,460.71,422.79,516.14,771.75,508.43,64.44,1184.24,262.81,19299.00,53.35,54.49,4971.77,60.96,98.48,149.67,153.80,281.92,261.51,499.53,,3116,2023-04-24 00:00:00,,,,,,,,
2023-04-21 00:00:00,688.00,754.00,5.13,87.61,855.12,463.55,424.57,515.98,770.26,509.99,64.50,1186.39,262.25,19252.00,53.41,54.56,4997.78,60.99,98.84,149.95,154.04,282.24,261.80,499.30,,3117,2023-04-21 00:00:00,,,,,,,,
2023-04-20 00:00:00,690.00,755.37,5.12,87.90,857.31,462.49,425.18,516.74,768.39,512.20,64.37,1185.26,263.79,19248.00,53.24,54.37,5014.00,61.16,98.66,150.13,153.49,281.23,261.68,499.52,,3118,2023-04-20 00:00:00,,,,,,,,
2023-04-19 00:00:00,687.00,754.36,5.13,87.58,854.14,462.69,427.02,515.83,767.10,513.25,64.45,1189.96,264.33,19172.00,53.43,54.56,4917.10,61.28,98.78,149.95,152.30,282.28,262.54,498.82,,3119,2023-04-19 00:00:00,,,,,,,,
2023-04-18 00:00:00,688.00,751.78,5.12,87.67,851.44,461.09,425.56,515.71,765.75,513.72,64.29,1191.67,266.01,19156.00,53.37,54.50,4951.18,61.60,99.12,150.44,152.32,281.83,262.09,501.10,,3120,2023-04-18 00:00:00,,,,,,,,
2023-04-17 00:00:00,687.00,754.51,5.13,87.49,851.87,460.51,426.14,515.78,767.53,513.79,64.10,1191.83,263.69,18985.00,53.47,54.62,4949.82,61.53,98.75,150.46,151.15,282.12,261.97,499.34,,3121,2023-04-17 00:00:00,,,,,,,,
2023-04-14 00:00:00,686.00,758.19,5.18,87.40,859.28,465.38,432.07,518.90,771.56,514.26,64.13,1190.61,262.95,18987.00,53.53,54.67,4927.27,61.16,98.26,149.63,150.19,281.92,262.60,495.97,,3122,2023-04-14 00:00:00,,,,,,,,
2023-04-13 00:00:00,687.00,755.04,5.16,87.49,857.72,459.73,426.77,517.35,766.63,510.88,64.18,1194.85,268.35,19276.00,53.48,54.63,4957.35,61.65,98.69,150.55,152.07,281.32,263.23,497.13,,3123,2023-04-13 00:00:00,,,,,,,,
2023-04-12 00:00:00,689.00,751.58,5.15,87.71,855.75,457.95,426.36,516.75,762.41,511.40,64.14,1181.10,266.84,19197.00,53.34,54.49,4998.42,62.11,99.14,151.74,153.37,280.28,263.96,497.55,,3124,2023-04-12 00:00:00,,,,,,,,
2023-04-11 00:00:00,689.00,748.59,5.16,87.75,853.43,457.88,428.87,517.03,757.82,509.96,64.03,1185.93,268.31,19172.00,53.33,54.47,5012.31,62.60,99.54,152.60,152.74,279.74,263.62,498.85,,3125,2023-04-11 00:00:00,,,,,,,,
2023-04-10 00:00:00,688.00,750.08,5.20,87.60,854.32,458.68,429.88,516.63,760.10,509.08,64.02,1180.84,265.15,19160.00,53.41,54.56,4996.44,62.39,99.33,152.30,152.68,279.98,263.89,497.12,,3126,2023-04-10 00:00:00,,,,,,,,
2023-04-07 00:00:00,688.00,751.49,5.23,87.69,856.16,459.20,429.79,517.37,760.92,510.00,63.88,1179.38,265.07,19162.00,53.35,54.50,4998.12,62.33,99.15,151.52,151.80,279.67,264.98,495.51,,3127,2023-04-07 00:00:00,,,,,,,,
2023-04-06 00:00:00,687.00,749.86,5.25,87.58,856.89,462.09,434.43,517.63,758.68,511.11,63.99,1164.84,262.75,19123.00,53.42,54.57,5021.53,62.49,99.35,151.38,151.89,280.05,266.39,493.68,,3128,2023-04-06 00:00:00,,,,,,,,
2023-04-04 00:00:00,687.00,749.30,5.20,87.53,853.56,466.39,432.88,517.96,753.05,511.54,64.21,1142.10,259.26,19049.00,53.45,54.59,5041.35,62.35,99.40,150.88,149.62,279.46,263.29,497.89,,3129,2023-04-04 00:00:00,,,,,,,,
2023-04-03 00:00:00,688.00,743.81,5.17,87.65,846.14,459.03,428.99,516.09,750.33,509.85,64.18,1130.41,258.46,19000.00,53.38,54.56,5116.63,62.89,100.15,151.43,151.79,278.94,262.05,497.46,,3130,2023-04-03 00:00:00,,,,,,,,
2023-03-31 00:00:00,687.00,749.45,5.17,87.54,851.27,461.31,430.69,517.60,752.37,508.24,64.26,1124.62,259.36,18884.00,53.44,54.62,5068.48,62.37,99.39,150.71,151.23,279.04,263.31,496.86,,3131,2023-03-31 00:00:00,,,,,,,,
2023-03-30 00:00:00,689.00,746.80,5.20,87.76,847.97,460.19,428.40,518.27,750.02,507.95,64.12,1122.18,262.76,18947.00,53.31,54.51,5093.66,62.76,99.74,150.95,151.23,277.97,262.71,496.19,,3132,2023-03-30 00:00:00,,,,,,,,
2023-03-29 00:00:00,688.00,745.51,5.25,87.61,848.04,461.01,429.89,517.92,746.99,505.82,63.92,1117.00,263.79,18871.00,53.40,54.60,5110.32,62.75,99.93,150.59,150.66,278.03,265.12,497.91,,3133,2023-03-29 00:00:00,,,,,,,,
2023-03-28 00:00:00,687.00,743.03,5.24,87.58,845.44,457.80,426.41,516.72,751.27,503.43,64.26,1115.87,266.23,18883.00,53.42,54.63,5194.65,63.09,100.28,150.81,152.08,277.68,266.74,500.60,,3134,2023-03-28 00:00:00,,,,,,,,
2023-03-27 00:00:00,687.00,740.38,5.26,87.54,841.41,457.03,426.37,516.05,747.68,500.49,64.44,1124.98,264.62,18876.00,53.44,54.67,5200.74,63.27,100.62,151.60,152.37,277.66,268.23,497.54,,3135,2023-03-27 00:00:00,,,,,,,,
2023-03-24 00:00:00,684.00,740.69,5.23,87.11,839.77,456.71,427.00,514.99,745.87,498.14,64.63,1113.90,264.79,18780.00,53.71,54.94,5180.04,63.22,100.58,151.16,152.16,278.61,271.85,497.87,,3136,2023-03-24 00:00:00,,,,,,,,
2023-03-23 00:00:00,687.00,746.75,5.23,87.55,843.40,459.99,427.90,516.73,749.41,500.72,64.83,1120.31,265.21,18946.00,53.45,54.66,5184.80,62.74,99.71,149.95,152.01,277.17,270.84,497.63,,3137,2023-03-23 00:00:00,,,,,,,,
2023-03-22 00:00:00,687.00,740.12,5.19,87.56,839.82,458.39,425.22,513.86,745.49,501.10,65.05,1122.71,270.12,19014.00,53.45,54.67,5255.26,63.32,100.61,150.48,153.50,277.00,271.09,501.16,,3138,2023-03-22 00:00:00,,,,,,,,
2023-03-21 00:00:00,688.00,737.03,5.24,87.72,844.21,461.63,429.25,514.19,740.29,503.07,65.21,1121.27,269.02,18988.00,53.41,54.63,5355.32,63.79,100.98,150.77,154.79,276.55,273.63,495.27,,3139,2023-03-21 00:00:00,,,,,,,,
2023-03-20 00:00:00,687.00,733.80,5.20,87.52,837.35,461.15,430.94,512.43,741.27,500.88,65.24,1116.96,266.87,18956.00,53.46,54.68,5413.14,64.09,101.44,152.51,155.35,276.75,274.43,496.08,,3140,2023-03-20 00:00:00,,,,,,,,
2023-03-17 00:00:00,691.00,733.01,5.18,87.97,836.17,460.09,428.02,512.98,743.12,503.36,65.17,1110.67,266.51,18935.00,53.18,54.40,5384.02,64.09,101.58,152.16,155.70,275.21,271.77,498.50,,3141,2023-03-17 00:00:00,,,,,,,,
2023-03-16 00:00:00,691.00,731.94,5.20,88.11,834.43,457.94,426.65,511.73,742.44,502.61,65.01,1101.66,265.89,18999.00,53.12,54.32,5408.90,64.30,101.72,153.26,155.50,274.63,274.54,500.52,,3142,2023-03-16 00:00:00,,,,,,,,
2023-03-15 00:00:00,687.00,737.03,5.11,87.50,834.62,459.36,427.97,510.70,751.31,501.75,65.21,1100.89,264.05,18977.00,53.46,54.66,5287.34,63.84,101.03,152.44,153.56,276.29,270.96,502.64,,3143,2023-03-15 00:00:00,,,,,,,,
2023-03-14 00:00:00,689.00,739.52,5.17,87.96,838.91,459.11,428.53,511.63,755.77,501.68,65.14,1101.32,264.10,18907.00,53.27,54.45,5313.86,63.30,100.69,153.82,153.16,275.14,274.42,501.19,,3144,2023-03-14 00:00:00,,,,,,,,
2023-03-13 00:00:00,694.00,741.56,5.15,88.39,838.92,460.34,427.60,515.01,756.46,504.01,65.16,1097.96,262.87,19011.00,52.94,54.11,5162.55,63.10,100.38,153.49,152.27,273.44,264.23,499.97,,3145,2023-03-13 00:00:00,,,,,,,,
2023-03-10 00:00:00,697.00,737.38,5.11,88.74,830.29,458.93,424.89,514.69,746.60,503.57,64.87,1089.49,266.40,19004.00,52.72,53.89,5189.70,63.54,100.91,153.97,153.08,271.66,263.37,502.73,,3146,2023-03-10 00:00:00,,,,,,,,
2023-03-09 00:00:00,697.00,734.83,5.08,88.75,825.42,459.18,425.76,514.78,740.40,504.86,64.94,1092.10,266.68,18928.00,52.72,53.89,5147.78,63.69,101.26,153.97,153.25,271.87,258.04,503.50,,3147,2023-03-09 00:00:00,,,,,,,,
2023-03-08 00:00:00,695.00,733.63,5.07,88.57,822.32,458.16,425.19,513.31,737.90,505.45,64.36,1086.85,267.72,18845.00,52.84,54.00,5168.51,63.96,101.49,154.30,153.84,272.16,260.42,503.95,,3148,2023-03-08 00:00:00,,,,,,,,
2023-03-07 00:00:00,692.00,738.54,5.09,88.10,831.20,465.39,428.37,514.17,742.57,508.05,64.72,1088.98,263.77,18751.00,53.10,54.26,5101.79,63.47,100.74,151.14,150.65,273.33,260.28,498.87,,3149,2023-03-07 00:00:00,,,,,,,,
2023-03-06 00:00:00,690.00,732.80,5.07,87.84,829.70,465.79,428.41,512.57,736.12,506.85,64.85,1093.83,263.01,18812.00,53.26,54.43,5167.06,64.24,101.53,152.03,150.88,273.73,260.66,501.03,,3150,2023-03-06 00:00:00,,,,,,,,
2023-03-03 00:00:00,691.00,732.67,5.06,88.05,826.01,465.31,429.84,512.90,733.81,508.31,64.79,1092.35,263.53,18967.00,53.15,54.31,5135.17,64.13,101.57,151.99,151.08,273.23,262.15,503.74,,3151,2023-03-03 00:00:00,,,,,,,,
2023-03-02 00:00:00,688.00,734.17,5.06,87.66,827.65,465.19,430.38,512.82,732.39,506.29,64.99,1093.26,263.34,19006.00,53.37,54.53,5082.93,63.64,101.37,151.61,150.84,274.42,263.28,504.55,,3152,2023-03-02 00:00:00,,,,,,,,
2023-03-01 00:00:00,694.00,734.16,5.09,88.42,835.13,467.02,429.13,514.88,736.81,508.65,64.67,1080.38,264.18,19057.00,52.93,54.08,5151.91,64.12,101.38,150.80,149.62,272.09,263.79,507.85,,3153,2023-03-01 00:00:00,,,,,,,,
2023-02-28 00:00:00,695.00,737.47,5.10,88.60,838.85,468.58,428.47,516.19,742.98,512.18,64.35,1078.28,264.87,18967.00,52.83,53.99,5122.98,63.93,100.92,149.46,148.69,271.69,264.36,503.53,,3154,2023-02-28 00:00:00,,,,,,,,
2023-02-27 00:00:00,696.00,734.06,5.10,88.65,831.43,468.36,428.78,515.26,739.79,511.49,63.88,1090.49,264.78,18838.00,52.80,53.93,5174.16,64.27,101.40,150.76,149.12,271.51,264.29,502.27,,3155,2023-02-27 00:00:00,,,,,,,,
2023-02-24 00:00:00,689.00,730.70,5.13,87.86,828.64,469.45,429.58,513.59,738.51,508.98,64.29,1085.23,264.24,18815.00,53.28,54.42,5213.42,64.68,101.90,151.27,149.49,273.77,266.45,503.31,,3156,2023-02-24 00:00:00,,,,,,,,
2023-02-23 00:00:00,690.00,732.14,5.12,88.00,831.63,470.27,429.63,514.84,741.23,509.53,64.39,1087.85,264.16,18896.00,53.21,54.35,5207.56,64.86,101.67,150.94,149.94,273.50,266.05,501.70,,3157,2023-02-23 00:00:00,,,,,,,,
2023-02-22 00:00:00,688.00,732.29,5.10,87.67,832.89,471.90,427.68,513.08,741.32,508.05,64.50,1087.24,265.51,18927.00,53.42,54.56,5227.30,64.82,101.67,150.86,149.82,274.34,268.17,503.82,,3158,2023-02-22 00:00:00,,,,,,,,
2023-02-21 00:00:00,686.00,732.65,5.11,87.46,825.47,474.00,429.15,513.29,742.78,509.69,64.61,1068.27,263.89,18896.00,53.57,54.71,5222.97,64.71,101.61,150.84,149.20,275.18,268.17,501.68,,3159,2023-02-21 00:00:00,,,,,,,,
2023-02-20 00:00:00,686.00,733.30,5.11,87.54,825.69,471.47,427.94,513.49,742.28,509.05,64.50,1075.97,263.02,18903.00,53.51,54.64,5236.17,64.93,101.55,152.38,150.03,274.53,267.64,501.91,,3160,2023-02-20 00:00:00,,,,,,,,
2023-02-17 00:00:00,687.00,731.93,5.12,87.47,821.99,471.26,428.81,513.42,740.68,509.74,64.26,1089.44,264.43,18782.00,53.50,54.64,5243.00,65.17,101.75,152.31,149.52,274.68,270.15,500.96,,3161,2023-02-17 00:00:00,,,,,,,,
2023-02-16 00:00:00,685.00,732.28,5.12,87.32,824.38,473.17,430.19,512.97,741.67,511.49,64.15,1079.80,263.19,18742.00,53.61,54.75,5186.32,65.01,101.73,152.11,149.10,275.22,271.26,500.63,,3162,2023-02-16 00:00:00,,,,,,,,
2023-02-15 00:00:00,682.00,732.04,5.13,86.90,830.19,476.31,431.93,513.25,739.95,511.19,63.79,1079.15,262.41,18652.00,53.87,55.03,5159.69,65.22,101.79,151.95,148.66,276.47,271.43,496.92,,3163,2023-02-15 00:00:00,,,,,,,,
2023-02-14 00:00:00,681.00,730.87,5.15,86.80,827.30,474.60,433.23,513.02,741.38,510.99,63.92,1076.37,262.03,18681.00,53.90,55.07,5236.52,65.50,101.93,152.22,148.11,276.56,272.51,496.09,,3164,2023-02-14 00:00:00,,,,,,,,
2023-02-13 00:00:00,682.00,727.37,5.18,86.82,821.12,471.05,429.74,512.33,737.45,510.35,63.63,1077.19,262.95,18591.00,53.89,55.07,5320.21,65.60,102.38,153.46,148.92,276.32,273.96,495.24,,3165,2023-02-13 00:00:00,,,,,,,,
2023-02-10 00:00:00,679.00,728.86,5.16,86.48,822.63,471.18,429.52,512.15,736.03,504.65,63.60,1074.56,261.68,18609.00,54.11,55.29,5318.73,65.24,102.11,152.45,149.95,277.36,276.65,494.65,,3166,2023-02-10 00:00:00,,,,,,,,
2023-02-09 00:00:00,679.00,727.53,5.17,86.52,819.60,470.38,428.62,511.91,737.46,504.96,63.34,1063.83,261.66,18582.00,54.09,55.26,5315.74,65.15,102.25,155.91,151.89,277.33,278.92,493.29,,3167,2023-02-09 00:00:00,,,,,,,,
2023-02-08 00:00:00,678.00,726.82,5.17,86.33,816.31,471.39,428.06,511.75,735.06,505.71,63.43,1047.71,258.67,18520.00,54.21,55.37,5394.67,65.31,102.37,156.06,152.30,277.85,278.70,494.95,,3168,2023-02-08 00:00:00,,,,,,,,
2023-02-07 00:00:00,680.00,729.01,5.12,86.61,817.22,468.08,428.62,511.80,732.49,505.49,62.91,1053.85,259.87,18486.00,54.04,55.20,5411.97,65.04,102.07,156.21,152.07,277.03,282.03,496.11,,3169,2023-02-07 00:00:00,,,,,,,,
2023-02-06 00:00:00,677.00,731.01,5.14,86.31,816.06,469.21,428.78,511.39,731.72,505.06,62.88,1049.20,257.82,18279.00,54.24,55.42,5311.60,64.51,101.82,155.37,150.91,278.07,280.43,493.78,,3170,2023-02-06 00:00:00,,,,,,,,
2023-02-03 00:00:00,674.00,734.97,5.23,85.91,823.57,476.77,436.49,514.14,737.62,505.89,63.08,1042.92,253.56,18170.00,54.52,55.70,5243.95,63.75,101.26,154.05,149.06,279.22,276.98,490.08,,3171,2023-02-03 00:00:00,,,,,,,,
2023-02-02 00:00:00,671.00,739.35,5.22,85.62,832.05,479.84,437.38,514.30,740.48,506.00,63.40,1043.56,253.72,18207.00,54.71,55.90,5274.52,63.62,100.62,153.57,147.22,280.21,277.07,488.14,,3172,2023-02-02 00:00:00,,,,,,,,
2023-02-01 00:00:00,675.00,733.18,5.19,86.08,830.94,475.93,434.23,513.72,736.67,507.29,63.23,1044.01,257.93,18249.00,54.41,55.60,5334.55,64.22,101.46,154.74,147.90,278.72,279.21,486.95,,3173,2023-02-01 00:00:00,,,,,,,,
2023-01-31 00:00:00,676.00,733.54,5.18,86.27,834.83,476.96,437.29,514.35,730.45,504.96,62.75,1036.22,257.17,18203.00,54.33,55.53,5316.69,64.22,101.43,153.81,147.64,278.13,277.65,484.89,,3174,2023-01-31 00:00:00,,,,,,,,
2023-01-30 00:00:00,676.00,735.17,5.21,86.37,838.54,480.60,439.16,515.37,734.49,508.25,62.72,1019.46,254.44,18194.00,54.32,55.51,5311.87,64.09,101.18,152.43,145.85,278.14,277.67,484.82,,3175,2023-01-30 00:00:00,,,,,,,,
2023-01-20 00:00:00,677.00,733.61,5.27,86.46,839.15,468.28,433.23,512.49,739.36,502.96,63.57,1024.82,255.17,18204.00,54.26,55.49,5374.68,64.35,101.41,152.31,146.13,277.72,280.49,485.34,,3176,2023-01-20 00:00:00,,,,,,,,
2023-01-19 00:00:00,677.00,730.44,5.27,86.49,835.38,469.87,435.84,512.55,738.67,501.46,63.78,1017.49,252.92,18300.00,54.28,55.49,5399.81,64.65,101.84,152.69,146.56,277.48,278.93,487.67,,3177,2023-01-19 00:00:00,,,,,,,,
2023-01-18 00:00:00,676.00,729.13,5.27,86.43,830.28,472.31,434.68,512.25,733.26,505.05,64.02,1012.62,252.40,18298.00,54.35,55.58,5443.77,64.45,102.03,154.17,146.02,277.52,276.05,488.05,,3178,2023-01-18 00:00:00,,,,,,,,
2023-01-17 00:00:00,672.00,727.92,5.24,86.06,820.25,468.10,429.52,509.29,726.22,501.71,64.18,1021.71,253.69,18409.00,54.63,55.86,5476.98,64.43,102.17,154.94,147.54,279.38,279.39,491.20,,3179,2023-01-17 00:00:00,,,,,,,,
2023-01-16 00:00:00,671.00,727.09,5.24,85.96,820.99,468.13,428.39,508.83,724.38,501.20,64.53,1018.72,250.96,18446.00,54.70,55.95,5454.07,64.56,102.36,154.39,147.09,279.84,279.62,490.23,,3180,2023-01-16 00:00:00,,,,,,,,
2023-01-13 00:00:00,673.00,730.67,5.21,86.17,822.17,468.87,429.65,509.01,725.82,503.23,64.61,1008.44,248.55,18406.00,54.59,55.83,5441.47,64.29,101.83,154.71,146.96,279.38,280.16,492.21,,3181,2023-01-13 00:00:00,,,,,,,,
2023-01-12 00:00:00,677.00,728.77,5.13,86.64,823.07,467.97,431.13,508.83,727.20,504.31,64.51,1038.88,249.91,18379.00,54.26,55.48,5465.17,64.30,102.07,154.45,147.51,277.40,279.95,493.04,,3182,2023-01-12 00:00:00,,,,,,,,
2023-01-11 00:00:00,678.00,727.46,5.13,86.75,823.27,467.18,431.75,508.93,734.25,504.74,64.53,1027.32,251.09,18334.00,54.20,55.40,5479.65,64.45,102.21,153.69,147.26,277.09,281.38,493.83,,3183,2023-01-11 00:00:00,,,,,,,,
2023-01-10 00:00:00,676.00,725.49,5.13,86.59,823.55,467.09,430.53,508.13,734.01,504.91,64.69,1031.13,250.73,18345.00,54.33,55.56,5471.01,64.69,102.52,153.86,146.47,277.40,283.16,494.51,,3184,2023-01-10 00:00:00,,,,,,,,
2023-01-09 00:00:00,683.00,727.18,5.17,87.43,826.07,470.17,433.44,511.79,736.23,507.90,64.29,1062.15,250.86,18387.00,53.81,55.06,5426.28,64.55,102.28,154.25,146.61,274.98,280.46,493.03,,3185,2023-01-09 00:00:00,,,,,,,,
2023-01-06 00:00:00,689.00,725.35,5.17,88.19,820.71,466.00,429.60,512.36,736.15,507.99,63.79,1049.56,249.08,18460.00,53.32,54.56,5470.35,64.59,102.58,155.04,148.77,272.52,280.46,494.02,,3186,2023-01-06 00:00:00,,,,,,,,
2023-01-05 00:00:00,689.00,731.60,5.21,88.17,831.23,471.01,433.63,514.10,741.70,511.45,63.87,1040.79,244.90,18433.00,53.30,54.56,5414.16,63.87,101.72,152.44,146.34,272.07,281.41,491.87,,3187,2023-01-05 00:00:00,,,,,,,,
2023-01-04 00:00:00,691.00,729.21,5.27,88.47,827.48,464.69,431.75,513.85,738.42,505.55,63.77,1056.36,246.34,18474.00,53.13,54.38,5487.22,64.08,101.98,152.87,145.93,271.10,280.80,497.54,,3188,2023-01-04 00:00:00,,,,,,,,
2023-01-03 00:00:00,695.00,741.33,5.31,88.99,837.77,472.57,439.27,517.85,751.38,512.44,63.34,1031.26,244.32,18336.00,52.86,54.11,5415.40,62.99,100.33,150.54,141.89,269.59,280.22,496.60,,3189,2023-01-03 00:00:00,,,,,,,,
2022-12-30 00:00:00,696.00,742.29,5.24,89.33,839.41,471.38,441.62,518.31,754.32,513.85,63.41,1061.93,243.12,18106.00,52.73,53.97,5383.29,62.98,100.17,150.17,142.01,268.60,279.58,496.47,,3190,2022-12-30 00:00:00,,,,,,,,
2022-12-29 00:00:00,698.00,741.61,5.20,89.57,839.64,470.87,440.78,517.13,752.08,513.22,63.38,1034.87,245.47,18194.00,52.61,53.85,5415.62,63.24,100.26,149.89,141.66,268.10,278.43,497.30,,3191,2022-12-29 00:00:00,,,,,,,,
2022-12-28 00:00:00,697.00,740.90,5.22,89.33,837.74,468.75,436.83,517.07,749.63,515.30,63.51,996.36,247.04,18246.00,52.71,53.94,5411.21,63.17,100.38,150.33,141.00,268.09,279.56,496.84,,3192,2022-12-28 00:00:00,,,,,,,,
2022-12-27 00:00:00,695.00,740.07,5.24,89.14,840.03,469.02,438.31,516.18,746.21,512.73,63.57,985.58,245.01,18318.00,52.81,54.07,5406.58,62.72,100.50,150.91,141.41,268.53,278.50,498.18,,3193,2022-12-27 00:00:00,,,,,,,,
2022-12-26 00:00:00,698.00,741.19,5.26,89.45,842.34,468.56,438.27,517.18,747.92,513.29,63.36,989.35,243.56,18318.00,52.59,53.85,5397.17,62.58,100.30,150.67,141.19,267.09,277.33,497.38,,3194,2022-12-26 00:00:00,,,,,,,,
2022-12-23 00:00:00,698.00,739.84,5.28,89.55,840.44,465.69,436.10,516.37,749.69,511.69,63.39,975.24,245.70,18383.00,52.62,53.88,5415.22,62.72,100.51,149.90,141.47,267.60,280.25,498.89,,3195,2022-12-23 00:00:00,,,,,,,,
2022-12-22 00:00:00,697.00,739.64,5.27,89.51,842.30,467.73,438.45,516.03,752.56,512.25,63.63,1013.34,246.57,18359.00,52.68,53.95,5436.86,63.00,100.57,149.43,141.06,267.77,281.96,497.36,,3196,2022-12-22 00:00:00,,,,,,,,
2022-12-21 00:00:00,697.00,740.14,5.28,89.42,849.08,466.09,441.86,515.63,751.99,512.08,63.64,1005.35,248.56,18458.00,52.72,53.98,5433.61,63.11,100.51,149.58,141.75,267.83,283.75,497.98,,3197,2022-12-21 00:00:00,,,,,,,,
2022-12-20 00:00:00,699.00,741.12,5.10,89.79,848.88,468.27,444.16,515.04,752.02,512.16,63.43,986.13,248.19,18638.00,52.58,53.83,5442.85,63.26,100.38,148.73,141.65,266.89,283.32,498.73,,3198,2022-12-20 00:00:00,,,,,,,,
2022-12-19 00:00:00,697.00,738.61,5.11,89.57,848.44,466.83,444.85,513.41,747.12,509.71,63.43,926.76,252.57,18731.00,52.66,53.93,5499.74,63.49,100.74,149.16,141.73,267.38,283.78,500.03,,3199,2022-12-19 00:00:00,,,,,,,,
2022-12-16 00:00:00,698.00,742.02,5.07,89.73,850.70,467.90,442.66,513.06,752.15,511.03,63.31,920.21,250.67,18810.00,52.63,53.89,5478.80,63.22,100.23,148.23,141.26,267.24,283.26,502.24,,3200,2022-12-16 00:00:00,,,,,,,,
2022-12-15 00:00:00,693.00,740.62,5.13,89.17,861.51,475.89,447.73,514.72,750.53,511.95,63.31,929.66,247.62,18684.00,52.96,54.21,5471.18,63.20,100.43,146.62,140.18,268.57,282.92,498.15,,3201,2022-12-15 00:00:00,,,,,,,,
2022-12-14 00:00:00,695.00,738.60,5.13,89.41,858.84,475.46,448.38,516.05,748.20,513.13,63.57,907.63,248.17,18617.00,52.82,54.07,5556.00,63.57,100.73,147.02,140.68,267.90,281.18,498.72,,3202,2022-12-14 00:00:00,,,,,,,,
2022-12-13 00:00:00,697.00,734.95,5.07,89.71,855.51,470.72,445.33,515.05,745.21,511.67,63.35,890.38,251.91,18715.00,52.66,53.92,5640.26,63.84,101.22,148.10,143.12,266.86,284.78,499.23,,3203,2022-12-13 00:00:00,,,,,,,,
2022-12-12 00:00:00,696.00,731.91,5.09,89.34,851.33,471.76,445.02,513.87,743.83,509.48,63.29,899.05,249.37,18743.00,52.81,54.07,5721.97,64.08,101.64,148.61,143.79,268.14,284.46,499.77,,3204,2022-12-12 00:00:00,,,,,,,,
2022-12-09 00:00:00,696.00,734.60,5.09,89.38,851.28,471.30,443.73,514.44,743.35,512.00,63.15,888.64,246.69,18913.00,52.77,54.00,5697.39,63.76,101.27,148.41,143.19,267.90,281.96,499.10,,3205,2022-12-09 00:00:00,,,,,,,,
2022-12-08 00:00:00,696.00,731.66,5.10,89.35,849.78,467.80,442.12,513.49,740.05,509.90,63.12,884.79,246.61,18915.00,52.77,54.03,5615.05,64.16,101.69,149.16,143.95,267.82,282.75,501.37,,3206,2022-12-08 00:00:00,,,,,,,,
2022-12-07 00:00:00,700.00,732.46,5.11,89.93,848.91,468.63,442.43,515.19,742.79,512.89,62.81,864.95,247.63,18882.00,52.49,53.73,5615.96,64.03,101.52,148.77,143.03,266.22,282.42,501.29,,3207,2022-12-07 00:00:00,,,,,,,,
2022-12-06 00:00:00,697.00,732.51,5.11,89.78,850.69,467.69,441.21,514.34,740.18,513.16,62.71,876.17,250.12,18697.00,52.66,53.89,5642.87,64.33,101.59,149.05,142.55,267.18,282.98,501.96,,3208,2022-12-06 00:00:00,,,,,,,,
2022-12-05 00:00:00,704.00,741.91,5.23,90.45,864.81,478.88,450.31,520.60,750.73,522.86,62.31,876.91,246.36,18473.00,52.18,53.40,5516.48,63.01,100.25,146.65,138.67,264.69,275.34,493.09,,3209,2022-12-05 00:00:00,,,,,,,,
2022-12-02 00:00:00,705.00,742.82,5.22,90.69,865.02,480.41,449.16,521.42,753.22,525.39,62.37,867.16,249.10,18469.00,52.07,53.30,5552.09,63.17,100.15,146.04,137.79,264.27,271.44,493.59,,3210,2022-12-02 00:00:00,,,,,,,,
2022-12-01 00:00:00,712.00,742.35,5.17,91.30,860.07,484.09,449.33,523.83,754.20,530.87,62.26,858.01,241.18,18398.00,51.57,52.78,5510.82,62.92,100.19,147.20,138.00,261.58,270.63,494.07,,3211,2022-12-01 00:00:00,,,,,,,,
2022-11-30 00:00:00,718.00,741.29,5.17,91.87,857.48,479.08,444.48,521.59,751.97,528.05,62.89,849.50,236.90,18503.00,51.18,52.37,5480.35,63.15,100.38,147.64,139.54,259.92,268.06,493.91,,3212,2022-11-30 00:00:00,,,,,,,,
2022-11-29 00:00:00,720.00,744.61,5.19,92.12,861.24,479.07,443.88,522.04,758.58,533.97,62.42,844.21,238.09,18594.00,51.03,52.21,5467.97,63.02,99.88,146.46,139.15,258.99,268.37,496.18,,3213,2022-11-29 00:00:00,,,,,,,,
2022-11-28 00:00:00,716.00,742.90,5.14,91.64,863.82,481.07,445.53,519.85,756.31,534.57,62.65,835.81,239.56,18540.00,51.30,52.49,5511.58,63.22,100.11,145.88,138.39,260.24,269.94,501.23,,3214,2022-11-28 00:00:00,,,,,,,,
2022-11-25 00:00:00,713.00,742.12,5.14,91.33,863.97,482.21,446.07,518.66,755.92,534.94,62.92,844.47,238.44,18629.00,51.49,52.68,5566.67,63.36,100.24,145.83,139.01,261.09,271.75,500.90,,3215,2022-11-25 00:00:00,,,,,,,,
2022-11-24 00:00:00,712.00,741.48,5.11,91.07,859.62,479.79,444.57,517.50,756.67,533.50,64.16,844.21,238.49,18807.00,51.58,52.78,5535.97,63.47,100.33,146.60,139.62,261.43,271.88,505.97,,3216,2022-11-24 00:00:00,,,,,,,,
2022-11-23 00:00:00,713.00,734.81,5.05,91.18,847.64,474.02,438.57,517.45,749.14,533.30,64.13,850.41,242.12,18962.00,51.53,52.72,5529.06,64.05,101.22,149.22,141.74,261.09,272.68,506.17,,3217,2022-11-23 00:00:00,,,,,,,,
2022-11-22 00:00:00,717.00,733.78,5.04,91.86,847.35,473.40,437.25,518.52,747.60,532.79,63.97,846.52,241.96,18942.00,51.25,52.44,5572.66,64.08,101.35,149.43,143.22,259.69,272.79,506.08,,3218,2022-11-22 00:00:00,,,,,,,,
2022-11-21 00:00:00,713.00,735.51,5.08,91.11,846.54,475.65,438.37,518.09,746.80,532.52,64.05,846.32,241.85,18829.00,51.56,52.76,5538.41,63.97,101.13,149.39,142.93,261.47,273.17,502.62,,3219,2022-11-21 00:00:00,,,,,,,,
2022-11-18 00:00:00,711.00,736.26,5.06,90.82,843.69,475.56,436.16,517.30,746.54,533.69,64.19,842.92,244.29,18825.00,51.73,52.94,5597.03,64.05,101.09,149.13,142.47,262.07,273.31,503.45,,3220,2022-11-18 00:00:00,,,,,,,,
2022-11-17 00:00:00,707.00,734.42,5.06,90.32,841.89,476.34,434.46,515.99,748.51,530.33,64.35,855.41,244.10,18828.00,51.98,53.19,5579.77,64.05,101.29,148.26,141.47,263.64,273.70,505.46,,3221,2022-11-17 00:00:00,,,,,,,,
2022-11-16 00:00:00,704.00,727.93,5.06,89.92,834.62,475.45,432.95,513.15,745.42,529.92,64.54,862.10,245.96,18749.00,52.23,53.44,5669.85,65.24,102.22,149.01,142.20,264.69,275.46,505.68,,3222,2022-11-16 00:00:00,,,,,,,,
2022-11-15 00:00:00,704.00,727.09,5.02,89.86,827.75,471.63,429.12,512.99,746.45,528.83,65.25,865.65,245.62,18809.00,52.16,53.37,5631.30,64.82,102.34,149.01,142.57,263.93,274.88,507.04,,3223,2022-11-15 00:00:00,,,,,,,,
2022-11-14 00:00:00,709.00,732.64,5.09,90.45,836.60,474.37,432.73,515.97,751.52,534.27,65.18,856.27,243.99,18559.00,51.80,53.02,5529.87,63.90,101.59,146.68,140.07,261.66,275.59,507.35,,3224,2022-11-14 00:00:00,,,,,,,,
2022-11-11 00:00:00,719.00,732.80,5.07,91.70,841.34,474.78,432.02,519.22,744.89,539.12,65.27,846.93,242.04,18796.00,51.15,52.36,5491.68,64.11,101.66,147.67,140.60,257.81,269.50,504.51,,3225,2022-11-11 00:00:00,,,,,,,,
2022-11-10 00:00:00,724.00,725.23,4.95,92.26,823.02,465.31,426.15,516.31,736.05,535.25,65.01,842.54,245.40,18880.00,50.76,51.97,5557.17,65.09,102.63,150.36,143.34,257.08,270.96,508.98,,3226,2022-11-10 00:00:00,,,,,,,,
2022-11-09 00:00:00,722.00,726.28,4.96,91.97,832.53,468.89,429.67,516.05,732.15,537.26,65.64,846.59,245.71,19086.00,50.96,52.15,5544.51,64.69,102.51,149.21,142.09,257.19,271.52,512.58,,3227,2022-11-09 00:00:00,,,,,,,,
2022-11-08 00:00:00,722.00,723.17,4.92,91.91,830.78,467.23,428.54,514.97,729.79,534.86,65.75,867.20,245.91,19302.00,50.91,52.08,5545.67,64.65,102.90,150.28,141.62,256.07,269.89,517.44,,3228,2022-11-08 00:00:00,,,,,,,,
2022-11-07 00:00:00,723.00,717.66,4.92,92.10,818.24,465.00,425.20,513.32,725.08,534.70,65.72,857.64,249.39,19545.00,50.82,52.00,5612.39,65.39,103.72,151.50,142.31,257.52,271.08,518.71,,3229,2022-11-07 00:00:00,,,,,,,,
2022-11-04 00:00:00,726.00,709.55,4.91,92.43,814.02,457.79,420.04,512.10,718.91,530.20,65.26,854.39,252.81,19546.00,50.45,51.62,5728.67,66.26,105.04,153.89,145.53,255.75,270.66,521.58,,3230,2022-11-04 00:00:00,,,,,,,,
2022-11-03 00:00:00,725.00,711.53,4.90,92.32,825.87,459.17,421.03,511.48,723.18,528.94,65.51,840.67,252.02,19541.00,50.69,51.86,5739.43,66.33,104.75,153.47,144.66,257.13,272.45,519.75,,3231,2022-11-03 00:00:00,,,,,,,,
2022-11-02 00:00:00,722.00,714.10,4.88,91.97,831.52,462.10,422.32,511.47,723.75,531.27,65.67,864.61,251.83,19549.00,50.82,52.00,5711.02,66.07,104.46,152.55,143.42,257.43,273.89,520.77,,3232,2022-11-02 00:00:00,,,,,,,,
2022-11-01 00:00:00,721.00,713.34,4.86,91.83,829.86,462.72,420.79,511.03,722.44,531.33,65.55,848.38,253.93,19658.00,50.88,52.04,5744.83,66.20,104.64,152.93,144.31,257.86,274.87,524.80,,3233,2022-11-01 00:00:00,,,,,,,,
2022-10-31 00:00:00,718.00,717.03,4.88,91.43,835.71,461.47,418.41,510.22,723.27,529.75,65.71,848.49,251.93,19684.00,51.02,52.20,5751.28,65.93,103.97,152.28,143.50,258.16,275.76,525.61,,3234,2022-10-31 00:00:00,,,,,,,,
2022-10-28 00:00:00,717.00,716.12,4.91,91.34,831.64,463.59,418.97,509.64,725.97,530.19,65.79,851.30,250.39,19741.00,51.15,52.33,5720.00,66.05,104.01,152.60,143.10,259.17,276.67,525.28,,3235,2022-10-28 00:00:00,,,,,,,,
2022-10-27 00:00:00,716.00,721.57,4.89,91.18,831.80,464.00,417.29,509.73,726.05,527.92,65.88,857.48,250.72,19809.00,51.35,52.55,5673.15,65.84,103.18,151.79,143.31,260.37,279.45,526.71,,3236,2022-10-27 00:00:00,,,,,,,,
2022-10-26 00:00:00,716.00,716.14,4.85,91.26,825.60,458.80,412.60,509.05,724.15,529.27,65.81,852.75,253.11,19786.00,51.07,52.27,5801.94,66.82,104.19,152.71,144.96,258.70,277.36,526.48,,3237,2022-10-26 00:00:00,,,,,,,,
2022-10-25 00:00:00,717.00,709.08,4.81,91.30,812.61,453.90,408.54,506.20,718.92,525.16,66.11,847.90,256.66,19962.00,51.16,52.35,5866.11,67.80,105.37,155.47,146.58,259.78,279.09,530.22,,3238,2022-10-25 00:00:00,,,,,,,,
2022-10-24 00:00:00,712.00,704.21,4.82,90.74,811.31,455.43,411.27,505.94,716.73,525.16,66.27,852.75,252.60,19917.00,51.30,52.49,5833.55,68.02,105.95,156.73,147.19,260.23,279.87,530.30,,3239,2022-10-24 00:00:00,,,,,,,,
2022-10-21 00:00:00,712.00,699.02,4.76,90.69,803.20,448.46,405.57,502.72,712.57,519.46,66.16,852.00,256.17,19931.00,51.42,52.61,5865.49,68.49,106.77,157.91,149.69,260.03,281.25,532.84,,3240,2022-10-21 00:00:00,,,,,,,,
2022-10-20 00:00:00,712.00,699.49,4.78,90.69,804.24,448.91,406.39,503.36,713.69,520.74,65.91,855.43,255.73,19914.00,51.30,52.48,5929.59,68.87,106.64,156.82,148.64,259.50,281.72,533.38,,3241,2022-10-20 00:00:00,,,,,,,,
2022-10-19 00:00:00,711.00,703.08,4.78,90.58,810.02,450.38,406.25,503.06,718.61,520.17,66.11,856.35,253.73,19881.00,51.53,52.70,5888.87,68.19,106.04,155.55,148.18,260.60,281.55,532.51,,3242,2022-10-19 00:00:00,,,,,,,,
2022-10-18 00:00:00,711.00,700.66,4.78,90.56,809.45,448.29,403.21,502.00,716.04,519.98,66.18,863.00,253.79,20010.00,51.61,52.81,5883.85,68.58,106.38,156.64,148.06,260.69,281.30,533.64,,3243,2022-10-18 00:00:00,,,,,,,,
2022-10-17 00:00:00,711.00,695.12,4.81,90.57,803.44,443.92,397.95,501.54,712.18,515.72,65.97,872.84,256.15,20029.00,51.46,52.64,6016.68,69.42,107.22,158.31,149.58,260.24,281.10,534.00,,3244,2022-10-17 00:00:00,,,,,,,,
2022-10-14 00:00:00,711.00,695.96,4.83,90.56,806.47,448.68,402.04,499.03,711.91,518.45,65.89,895.96,256.32,20029.00,51.58,52.76,6170.50,69.15,107.07,158.08,148.75,260.42,281.21,532.98,,3245,2022-10-14 00:00:00,,,,,,,,
2022-10-13 00:00:00,711.00,691.99,4.86,90.59,791.13,447.29,399.98,497.04,715.19,516.02,65.77,908.01,256.56,19955.00,51.56,52.76,6254.70,70.13,107.72,159.11,151.26,260.17,281.05,531.16,,3246,2022-10-13 00:00:00,,,,,,,,
2022-10-12 00:00:00,711.00,692.43,4.89,90.58,784.42,447.45,398.65,496.33,716.06,517.85,65.55,906.44,254.57,20006.00,51.47,52.67,6209.45,70.18,107.58,159.25,150.74,260.43,281.78,533.21,,3247,2022-10-12 00:00:00,,,,,,,,
2022-10-11 00:00:00,711.00,691.07,4.89,90.54,788.67,448.15,396.66,495.58,712.47,517.02,65.47,883.25,254.34,20006.00,51.61,52.82,6169.39,70.32,107.71,158.73,150.02,261.00,280.70,532.92,,3248,2022-10-11 00:00:00,,,,,,,,
2022-10-10 00:00:00,710.00,692.47,4.89,90.44,787.48,452.36,398.95,495.67,715.34,517.76,65.35,883.12,254.72,19932.00,51.65,52.84,6130.29,70.26,107.49,157.78,150.69,260.67,282.09,527.93,,3249,2022-10-10 00:00:00,,,,,,,,
2022-09-30 00:00:00,710.00,698.92,4.93,90.44,794.81,462.96,408.41,497.17,730.14,520.84,65.23,808.41,252.94,20143.00,51.61,52.80,6030.02,69.47,106.50,156.74,150.32,259.85,283.31,532.82,,3250,2022-09-30 00:00:00,,,,,,,,
2022-09-29 00:00:00,711.00,692.83,4.94,90.58,775.10,464.46,407.73,497.74,731.80,524.72,64.90,806.65,250.25,20016.00,51.43,52.73,5969.95,69.71,107.69,157.37,150.15,259.64,283.91,530.42,,3251,2022-09-29 00:00:00,,,,,,,,
2022-09-28 00:00:00,711.00,683.05,4.92,90.58,764.25,458.50,401.73,495.46,718.89,519.72,64.61,821.21,252.90,19961.00,51.53,52.77,5957.40,70.04,109.09,159.72,151.83,258.56,286.27,531.98,,3252,2022-09-28 00:00:00,,,,,,,,
2022-09-27 00:00:00,707.00,682.84,4.93,90.09,761.72,459.94,403.68,494.66,716.20,518.21,64.79,818.18,254.47,20095.00,51.75,52.99,5972.29,69.64,109.17,159.66,152.08,259.60,287.54,532.86,,3253,2022-09-27 00:00:00,,,,,,,,
2022-09-26 00:00:00,703.00,684.29,4.94,89.55,765.01,462.01,407.48,494.88,720.53,521.43,64.81,806.22,253.64,20016.00,51.94,53.18,5917.97,69.26,108.90,159.62,150.14,260.25,285.02,529.73,,3254,2022-09-26 00:00:00,,,,,,,,
2022-09-23 00:00:00,699.00,691.12,4.96,89.08,792.57,467.13,411.79,495.84,720.87,522.44,64.94,856.73,249.89,19941.00,52.23,53.47,5855.97,68.67,107.92,157.36,148.20,260.39,282.81,530.21,,3255,2022-09-23 00:00:00,,,,,,,,
2022-09-22 00:00:00,698.00,689.76,4.88,88.92,790.69,464.56,410.51,495.62,726.53,521.74,64.87,869.37,252.15,19868.00,52.27,53.53,5882.27,69.17,107.92,157.74,147.70,260.57,284.64,528.61,,3256,2022-09-22 00:00:00,,,,,,,,
2022-09-21 00:00:00,695.00,696.41,4.88,88.59,795.75,468.20,413.25,495.81,725.57,523.29,65.25,875.14,252.99,19852.00,52.54,53.80,5753.98,67.80,106.91,155.73,147.93,261.68,285.52,528.74,,3257,2022-09-21 00:00:00,,,,,,,,
2022-09-20 00:00:00,695.00,699.41,4.88,88.51,798.78,469.72,416.44,495.86,724.24,527.28,65.17,871.79,253.09,19883.00,52.64,53.88,5686.25,67.15,106.43,154.18,146.31,262.02,285.05,528.16,,3258,2022-09-20 00:00:00,,,,,,,,
2022-09-19 00:00:00,694.00,697.45,4.88,88.41,797.32,468.97,418.66,496.07,723.34,525.90,65.03,909.05,253.00,19873.00,52.73,53.93,5803.97,67.61,106.81,154.16,146.46,261.99,287.29,527.82,,3259,2022-09-19 00:00:00,,,,,,,,
2022-09-16 00:00:00,693.00,694.21,4.86,88.30,797.25,465.40,415.04,493.95,723.67,525.25,65.18,861.81,252.49,20020.00,52.81,54.02,5888.47,67.99,107.28,154.42,146.55,262.41,288.53,530.16,,3260,2022-09-16 00:00:00,,,,,,,,
2022-09-15 00:00:00,691.00,692.03,4.86,88.05,801.35,468.79,418.26,493.97,721.70,527.47,65.23,864.65,251.87,20032.00,52.95,54.20,5855.00,68.09,107.61,154.06,145.57,262.91,287.40,526.85,,3261,2022-09-15 00:00:00,,,,,,,,
2022-09-14 00:00:00,691.00,691.57,4.80,88.06,798.56,467.85,417.41,493.47,722.63,527.14,64.97,897.45,251.09,19959.00,52.89,54.11,5759.62,68.06,107.65,154.02,145.85,262.43,288.26,526.72,,3262,2022-09-14 00:00:00,,,,,,,,
2022-09-13 00:00:00,689.00,699.65,4.84,87.82,807.18,475.70,424.33,494.67,724.71,531.92,65.21,871.32,247.74,19897.00,53.20,54.42,5685.08,67.12,106.35,151.73,142.48,263.93,287.24,525.06,,3263,2022-09-13 00:00:00,,,,,,,,
2022-09-09 00:00:00,691.00,694.59,4.82,88.03,799.36,469.56,421.58,494.24,715.99,530.35,64.90,881.62,252.31,19920.00,52.96,54.19,5717.04,67.83,107.21,154.16,144.60,262.92,287.45,524.24,,3264,2022-09-09 00:00:00,,,,,,,,
2022-09-08 00:00:00,691.00,693.68,4.82,88.09,800.49,469.22,420.89,494.59,711.16,529.57,64.71,885.63,248.59,19863.00,52.84,54.06,5700.61,67.88,107.18,154.10,144.19,262.27,287.70,525.39,,3265,2022-09-08 00:00:00,,,,,,,,
2022-09-07 00:00:00,692.00,688.21,4.86,88.11,800.52,468.17,419.58,494.27,706.47,529.06,64.60,879.73,248.77,19820.00,52.75,53.97,5860.86,68.70,108.04,155.32,144.39,261.76,289.23,527.49,,3266,2022-09-07 00:00:00,,,,,,,,
2022-09-06 00:00:00,691.00,688.86,4.93,88.03,800.43,471.94,422.94,493.91,707.61,527.69,64.83,884.16,247.91,19758.00,53.02,54.26,5862.14,68.52,107.93,155.74,143.57,263.01,288.45,527.41,,3267,2022-09-06 00:00:00,,,,,,,,
2022-09-05 00:00:00,690.00,685.11,4.92,87.90,793.48,469.65,420.91,492.47,703.01,526.02,64.91,872.91,250.49,19714.00,53.13,54.38,5846.63,68.87,108.51,156.64,145.53,263.60,288.93,531.09,,3268,2022-09-05 00:00:00,,,,,,,,
2022-09-02 00:00:00,689.00,687.90,4.94,87.81,798.61,469.72,420.75,493.02,704.66,525.88,64.83,869.75,249.89,19597.00,53.10,54.33,5837.15,68.50,108.08,156.11,145.33,263.23,291.73,531.76,,3269,2022-09-02 00:00:00,,,,,,,,
2022-09-01 00:00:00,688.00,691.71,4.95,87.69,799.11,470.72,420.97,492.83,703.84,524.30,64.93,874.37,248.28,19467.00,53.29,54.54,5784.54,68.26,107.50,154.99,144.47,264.13,292.71,530.48,,3270,2022-09-01 00:00:00,,,,,,,,
2022-08-31 00:00:00,689.00,692.24,4.98,87.79,805.57,473.82,423.86,494.15,709.40,527.88,64.76,874.14,245.59,19523.00,53.15,54.35,5808.14,68.20,107.40,154.53,142.00,263.15,291.50,527.55,,3271,2022-08-31 00:00:00,,,,,,,,
2022-08-30 00:00:00,688.00,690.22,4.98,87.67,808.50,476.40,424.80,494.77,713.57,530.87,64.96,892.87,243.93,19512.00,53.18,54.38,5898.48,68.52,107.68,154.49,141.15,263.35,289.81,526.71,,3272,2022-08-30 00:00:00,,,,,,,,
2022-08-29 00:00:00,687.00,683.46,4.98,87.54,804.21,472.21,420.64,492.23,710.23,526.62,64.96,879.96,245.97,19432.00,53.39,54.60,6011.56,69.37,108.79,155.63,142.47,264.19,291.75,526.94,,3273,2022-08-29 00:00:00,,,,,,,,
2022-08-26 00:00:00,685.00,683.33,5.02,87.28,810.65,477.62,426.03,493.42,711.23,529.87,65.23,881.51,244.16,19475.00,53.58,54.80,6016.51,69.36,108.84,154.57,141.05,265.15,290.77,523.22,,3274,2022-08-26 00:00:00,,,,,,,,
2022-08-25 00:00:00,685.00,684.47,5.01,87.36,809.72,474.33,424.57,492.52,710.29,529.36,65.32,878.08,246.93,19527.00,53.50,54.74,5980.07,69.67,108.65,154.56,141.26,264.38,290.03,525.29,,3275,2022-08-25 00:00:00,,,,,,,,
2022-08-24 00:00:00,684.00,681.68,5.00,87.15,809.19,473.41,424.53,491.16,709.18,527.87,65.56,891.69,248.54,19584.00,53.68,54.89,6069.34,70.02,109.11,155.45,142.01,264.77,292.15,527.43,,3276,2022-08-24 00:00:00,,,,,,,,
2022-08-23 00:00:00,685.00,680.70,4.98,87.33,806.10,471.28,423.22,490.13,710.41,524.98,65.49,877.14,247.98,19557.00,53.60,54.80,6007.66,69.91,109.25,156.40,143.45,264.03,293.91,527.11,,3277,2022-08-23 00:00:00,,,,,,,,
2022-08-22 00:00:00,682.00,684.21,4.98,86.91,805.85,468.88,421.09,489.96,711.30,524.70,65.65,871.01,249.39,19531.00,53.85,55.05,5914.66,69.39,108.68,155.32,143.97,265.16,295.99,524.45,,3278,2022-08-22 00:00:00,,,,,,,,
2022-08-19 00:00:00,681.00,686.63,5.01,86.77,812.15,470.58,425.14,491.15,711.38,525.65,65.75,882.64,247.84,19486.00,53.96,55.18,5916.59,68.82,108.30,154.41,143.03,265.60,295.75,524.01,,3279,2022-08-19 00:00:00,,,,,,,,
2022-08-18 00:00:00,678.00,690.13,5.02,86.44,816.67,470.10,425.68,490.72,712.59,524.85,65.88,891.65,245.56,19379.00,54.17,55.37,5841.96,68.13,107.80,153.33,143.20,264.66,294.85,522.98,,3280,2022-08-18 00:00:00,,,,,,,,
2022-08-17 00:00:00,679.00,690.25,5.05,86.56,821.03,476.27,430.31,492.35,714.63,528.28,65.79,900.46,241.42,19288.00,54.12,55.32,5847.49,67.55,107.75,152.31,142.45,264.23,293.31,521.50,,3281,2022-08-17 00:00:00,,,,,,,,
2022-08-16 00:00:00,677.00,688.16,5.09,86.42,816.46,475.33,430.77,491.48,716.11,524.75,65.82,904.96,242.59,19300.00,54.22,55.43,5797.23,68.02,108.05,152.68,143.37,265.03,292.66,524.58,,3282,2022-08-16 00:00:00,,,,,,,,
2022-08-15 00:00:00,674.00,691.56,5.05,86.03,818.01,480.07,434.96,491.66,715.83,527.64,65.92,911.85,240.66,19325.00,54.49,55.70,5677.02,67.36,107.56,151.32,142.12,266.11,294.45,523.66,,3283,2022-08-15 00:00:00,,,,,,,,
2022-08-12 00:00:00,674.00,695.50,5.07,85.99,821.86,478.70,433.52,492.03,715.96,528.10,65.94,903.20,241.33,19357.00,54.48,55.73,5675.53,67.36,106.94,149.33,141.34,266.32,295.95,522.33,,3284,2022-08-12 00:00:00,,,,,,,,
2022-08-11 00:00:00,673.00,693.16,5.07,85.79,821.94,476.62,431.02,491.68,714.19,526.95,66.12,901.91,240.76,19365.00,54.56,55.85,5712.63,67.51,107.38,149.36,141.45,265.49,297.78,525.10,,3285,2022-08-11 00:00:00,,,,,,,,
2022-08-10 00:00:00,676.00,690.15,5.00,86.13,816.28,470.37,424.87,490.27,708.62,524.63,65.88,903.51,245.56,19345.00,54.33,55.61,5748.85,68.11,107.81,150.44,143.94,265.09,299.57,523.07,,3286,2022-08-10 00:00:00,,,,,,,,
2022-08-09 00:00:00,676.00,689.02,5.01,86.10,816.53,472.10,424.83,490.26,707.52,525.58,65.94,916.27,246.19,19288.00,54.35,55.62,5723.05,68.17,107.99,150.12,144.10,265.44,299.74,526.59,,3287,2022-08-09 00:00:00,,,,,,,,
2022-08-08 00:00:00,677.00,688.43,5.01,86.24,816.30,467.53,422.38,489.75,703.31,523.06,65.78,900.82,248.01,19247.00,54.26,55.51,5718.24,68.44,108.07,150.81,145.01,264.70,301.66,528.33,,3288,2022-08-08 00:00:00,,,,,,,,
2022-08-05 00:00:00,674.00,690.64,5.08,85.87,819.39,469.30,424.39,489.97,706.36,523.81,66.08,915.09,246.41,19331.00,54.49,55.74,5719.14,68.19,107.76,149.95,144.33,266.13,301.67,531.50,,3289,2022-08-05 00:00:00,,,,,,,,
2022-08-04 00:00:00,676.00,687.15,5.04,86.17,821.17,469.64,424.02,489.82,703.52,526.23,65.89,907.86,248.01,19355.00,54.30,55.58,5739.94,68.36,108.32,151.06,143.71,265.10,303.00,535.92,,3290,2022-08-04 00:00:00,,,,,,,,
2022-08-03 00:00:00,678.00,688.63,5.08,86.39,823.76,468.08,422.24,489.94,707.34,526.38,65.71,895.00,248.16,19354.00,54.16,55.41,5784.59,68.54,108.08,151.27,144.26,264.53,306.56,534.25,,3291,2022-08-03 00:00:00,,,,,,,,
2022-08-02 00:00:00,675.00,692.58,5.13,85.94,826.79,474.03,427.27,490.20,710.24,525.26,65.94,937.43,244.44,19324.00,54.44,55.66,5783.89,68.09,107.48,149.99,142.80,265.12,302.32,534.65,,3292,2022-08-02 00:00:00,,,,,,,,
2022-08-01 00:00:00,675.00,688.80,5.06,85.95,820.93,470.71,423.84,488.24,707.99,526.54,65.97,922.72,245.95,19326.00,54.45,55.67,5860.56,68.74,108.07,150.95,143.54,265.73,302.06,538.65,,3293,2022-08-01 00:00:00,,,,,,,,
2022-07-29 00:00:00,674.00,687.39,5.02,85.91,820.83,471.96,424.55,488.83,706.37,526.62,66.00,923.90,245.11,19242.00,54.46,55.69,5885.37,69.26,108.27,151.41,144.33,266.17,300.88,541.24,,3294,2022-07-29 00:00:00,,,,,,,,
2022-07-28 00:00:00,674.00,687.67,4.95,85.88,819.79,471.52,422.10,487.68,703.15,525.92,66.10,902.62,247.44,19400.00,54.49,55.72,5874.17,69.60,108.27,151.64,144.52,265.23,302.58,544.48,,3295,2022-07-28 00:00:00,,,,,,,,
2022-07-27 00:00:00,677.00,686.31,4.95,86.29,815.52,470.80,422.93,487.45,703.90,526.10,65.81,887.77,249.65,19345.00,54.23,55.47,5839.34,69.28,108.41,152.17,145.86,263.89,301.94,542.21,,3296,2022-07-27 00:00:00,,,,,,,,
2022-07-26 00:00:00,675.00,689.81,4.95,85.97,813.35,469.17,422.39,486.77,699.75,525.11,65.97,863.94,248.82,19441.00,54.42,55.67,5778.96,68.47,107.94,151.00,145.79,264.23,303.24,543.75,,3297,2022-07-26 00:00:00,,,,,,,,
2022-07-25 00:00:00,675.00,688.86,4.95,86.05,809.63,466.60,421.06,486.26,701.06,522.70,65.90,861.46,249.23,19417.00,54.38,55.63,5763.00,68.79,108.01,151.42,147.26,263.00,304.19,542.88,,3298,2022-07-25 00:00:00,,,,,,,,
2022-07-22 00:00:00,675.00,689.96,4.92,86.03,809.83,467.53,421.54,485.90,698.86,524.38,65.95,854.03,252.48,19360.00,54.39,55.64,5771.16,69.01,107.87,150.97,147.27,262.57,306.04,544.24,,3299,2022-07-22 00:00:00,,,,,,,,
2022-07-21 00:00:00,676.00,688.30,4.88,86.14,809.20,465.50,420.85,485.20,695.82,524.69,65.85,805.61,253.56,19422.00,54.33,55.58,5788.20,69.33,108.16,151.62,147.49,260.32,304.06,543.01,,3300,2022-07-21 00:00:00,,,,,,,,
2022-07-20 00:00:00,675.00,690.32,4.88,85.94,809.78,465.55,420.69,484.80,696.32,524.08,65.97,837.67,253.25,19383.00,54.45,55.68,5768.68,68.90,107.85,151.52,146.79,260.09,304.12,542.62,,3301,2022-07-20 00:00:00,,,,,,,,
2022-07-19 00:00:00,675.00,683.89,4.88,85.93,805.76,459.22,414.80,482.67,689.86,519.47,66.01,847.40,253.92,19534.00,54.45,55.66,5859.41,69.95,108.82,154.23,149.74,258.91,303.21,543.43,,3302,2022-07-19 00:00:00,,,,,,,,
2022-07-18 00:00:00,674.00,680.48,4.87,85.92,801.39,459.01,416.55,482.39,691.32,518.27,65.93,844.18,253.17,19566.00,54.47,55.68,5892.53,70.23,109.37,155.27,151.01,257.20,304.20,542.48,,3303,2022-07-18 00:00:00,,,,,,,,
2022-07-15 00:00:00,675.00,676.23,4.86,85.99,798.68,455.78,413.75,480.95,686.57,514.72,65.81,890.04,254.36,19514.00,54.41,55.62,6008.99,71.21,110.04,156.76,151.56,258.67,308.34,541.57,,3304,2022-07-15 00:00:00,,,,,,,,
2022-07-14 00:00:00,673.00,675.09,4.89,85.69,798.11,453.48,411.32,478.77,686.08,517.67,65.94,897.73,251.77,19432.00,54.60,55.81,6080.89,71.52,110.20,157.24,151.98,258.98,309.09,538.77,,3305,2022-07-14 00:00:00,,,,,,,,
2022-07-13 00:00:00,673.00,675.06,4.92,85.71,799.28,454.12,411.94,477.99,685.20,516.34,65.97,893.11,253.05,19431.00,54.59,55.79,6034.01,71.34,110.22,157.25,152.45,256.84,310.32,538.25,,3306,2022-07-13 00:00:00,,,,,,,,
2022-07-12 00:00:00,673.00,675.71,4.90,85.72,800.38,453.38,411.64,478.83,684.57,517.55,65.80,959.61,253.77,19465.00,54.58,55.78,6018.97,71.03,110.06,158.09,151.60,257.61,308.22,538.58,,3307,2022-07-12 00:00:00,,,,,,,,
2022-07-11 00:00:00,670.00,681.12,4.91,85.31,805.10,458.54,414.26,478.83,685.08,517.22,66.08,952.59,251.71,19380.00,54.83,56.04,5936.05,70.09,109.25,157.23,150.70,257.76,305.62,535.50,,3308,2022-07-11 00:00:00,,,,,,,,
2022-07-08 00:00:00,671.00,682.20,4.93,85.50,806.73,459.22,414.33,479.10,688.82,517.29,65.99,941.21,249.59,19369.00,54.74,55.95,5902.76,70.08,109.09,156.85,150.21,257.20,305.57,537.77,,3309,2022-07-08 00:00:00,,,,,,,,
2022-07-07 00:00:00,671.00,683.84,4.94,85.56,800.31,455.37,412.88,477.96,691.96,514.91,65.90,942.07,250.08,19451.00,54.71,55.92,5987.78,69.74,108.84,156.95,150.95,256.41,307.65,539.22,,3310,2022-07-07 00:00:00,,,,,,,,
2022-07-06 00:00:00,672.00,690.42,4.96,85.70,803.91,457.05,415.00,478.64,694.39,516.05,65.72,938.22,245.87,19452.00,54.60,55.81,5899.17,68.69,107.76,156.25,149.48,252.71,305.14,534.17,,3311,2022-07-06 00:00:00,,,,,,,,
2022-07-05 00:00:00,670.00,698.88,4.93,85.37,811.51,460.56,416.29,479.96,697.29,521.20,65.89,840.18,244.12,19351.00,54.83,56.02,5757.83,67.47,106.46,154.20,146.60,250.70,302.65,532.82,,3312,2022-07-05 00:00:00,,,,,,,,
2022-07-04 00:00:00,671.00,699.76,4.96,85.47,811.85,457.42,416.51,480.50,699.53,520.51,65.74,819.19,243.70,19362.00,54.78,55.97,5723.71,67.05,106.28,153.59,147.82,249.97,302.05,531.17,,3313,2022-07-04 00:00:00,,,,,,,,
2022-07-01 00:00:00,669.00,700.67,4.92,85.21,813.21,461.38,417.22,481.19,700.16,519.49,65.88,815.38,243.62,19272.00,54.91,56.09,5657.51,67.04,106.13,153.04,147.24,249.60,300.71,527.91,,3314,2022-07-01 00:00:00,,,,,,,,
2022-06-30 00:00:00,671.00,700.84,4.91,85.52,813.65,461.45,417.71,481.70,702.99,520.58,65.57,778.10,241.95,19397.00,54.72,55.90,5621.62,66.60,106.14,152.56,147.37,247.73,300.08,524.65,,3315,2022-06-30 00:00:00,,,,,,,,
2022-06-29 00:00:00,670.00,705.45,4.93,85.44,817.01,463.16,418.35,483.07,700.60,520.76,65.59,798.71,239.84,19232.00,54.80,55.99,5627.83,66.57,105.44,151.44,146.55,248.06,300.42,524.54,,3316,2022-06-29 00:00:00,,,,,,,,
2022-06-28 00:00:00,669.00,707.94,4.94,85.31,821.01,463.26,421.38,483.08,699.86,520.01,65.78,802.37,236.93,19213.00,54.88,56.08,5685.60,66.14,105.09,150.72,146.37,247.71,297.48,528.56,,3317,2022-06-28 00:00:00,,,,,,,,
2022-06-27 00:00:00,669.00,706.43,4.95,85.17,821.46,464.35,422.33,482.53,698.50,518.54,65.80,806.81,236.28,19338.00,54.94,56.14,5676.11,66.35,105.32,151.29,146.87,249.68,297.44,530.25,,3318,2022-06-27 00:00:00,,,,,,,,
2022-06-24 00:00:00,670.00,705.22,4.97,85.35,821.87,462.66,421.27,482.19,697.16,516.12,65.73,814.55,238.28,19412.00,54.81,56.00,5665.28,66.67,105.48,151.87,148.78,258.84,298.74,529.98,,3319,2022-06-24 00:00:00,,,,,,,,
2022-06-23 00:00:00,671.00,708.75,4.93,85.46,822.01,463.52,420.79,483.64,697.80,517.68,65.63,807.15,237.36,19352.00,54.75,55.93,5584.55,66.25,104.93,150.53,147.95,258.60,299.02,527.54,,3320,2022-06-23 00:00:00,,,,,,,,
2022-06-22 00:00:00,671.00,706.22,4.92,85.49,822.77,466.78,423.81,483.89,694.10,518.62,65.57,815.32,237.39,19290.00,54.74,55.93,5582.25,65.63,105.31,150.69,146.90,258.58,300.36,526.83,,3321,2022-06-22 00:00:00,,,,,,,,
2022-06-21 00:00:00,669.00,703.27,4.95,85.16,819.19,465.73,423.45,481.54,691.15,514.88,65.81,824.23,239.82,19306.00,54.94,56.13,5645.93,66.09,105.79,151.30,147.92,258.97,303.32,528.50,,3322,2022-06-21 00:00:00,,,,,,,,
2022-06-20 00:00:00,671.00,704.03,4.96,85.51,820.14,466.23,424.18,483.15,691.96,515.91,65.58,847.47,238.60,19234.00,54.72,55.91,5675.40,66.45,105.65,151.69,148.96,258.34,302.59,525.24,,3323,2022-06-20 00:00:00,,,,,,,,
2022-06-17 00:00:00,669.00,705.82,5.05,85.26,826.20,471.10,425.37,483.78,692.26,516.68,65.74,872.28,239.13,19239.00,54.88,56.06,5648.24,66.95,105.37,151.63,148.81,258.48,305.16,523.14,,3324,2022-06-17 00:00:00,,,,,,,,
2022-06-16 00:00:00,671.00,701.42,5.00,85.49,816.59,470.12,421.54,483.74,674.36,520.78,65.79,852.81,235.14,19113.00,54.73,55.91,5666.69,66.50,106.10,151.57,148.11,256.97,301.93,518.98,,3325,2022-06-16 00:00:00,,,,,,,,
2022-06-15 00:00:00,675.00,704.30,4.99,86.01,810.85,465.17,420.39,484.57,675.00,521.33,65.48,860.61,237.51,19107.00,54.40,55.57,5690.61,66.16,105.61,150.86,148.17,255.78,304.62,518.89,,3326,2022-06-15 00:00:00,,,,,,,,
2022-06-14 00:00:00,675.00,702.69,5.03,85.97,819.19,468.32,423.43,484.31,676.97,523.50,65.46,851.13,239.12,19076.00,54.43,55.60,5689.53,66.21,105.86,151.05,146.78,255.97,303.41,517.07,,3327,2022-06-14 00:00:00,,,,,,,,
2022-06-13 00:00:00,672.00,705.36,4.99,85.59,825.51,471.92,426.21,483.56,679.36,525.11,65.51,864.60,236.25,19032.00,54.66,55.83,5634.99,65.36,105.45,149.40,145.05,256.48,297.71,517.81,,3328,2022-06-13 00:00:00,,,,,,,,
2022-06-10 00:00:00,670.00,711.46,4.99,85.36,836.85,475.65,427.88,484.58,683.28,527.57,65.63,863.34,231.34,18871.00,54.81,55.98,5553.78,64.70,104.56,147.98,143.10,257.36,293.54,516.18,,3329,2022-06-10 00:00:00,,,,,,,,
2022-06-09 00:00:00,668.00,716.08,4.97,85.13,837.94,480.67,430.79,485.64,682.79,532.37,65.73,902.11,228.78,18801.00,54.96,56.14,5518.37,64.01,103.86,147.01,141.73,257.22,292.99,516.48,,3330,2022-06-09 00:00:00,,,,,,,,
2022-06-08 00:00:00,666.00,712.89,5.02,84.93,838.72,481.39,431.90,484.84,684.54,531.53,65.95,924.34,230.82,18826.00,55.12,56.29,5447.90,64.17,104.33,146.99,141.98,252.68,293.97,516.68,,3331,2022-06-08 00:00:00,,,,,,,,
2022-06-07 00:00:00,666.00,712.28,5.04,84.96,834.10,478.60,431.91,483.69,685.85,529.53,65.88,920.89,231.94,18832.00,55.10,56.27,5435.57,64.35,104.43,147.04,141.52,249.25,293.78,516.61,,3332,2022-06-07 00:00:00,,,,,,,,
2022-06-06 00:00:00,667.00,715.61,5.10,85.00,833.75,481.11,434.35,485.20,693.34,530.33,65.72,945.49,232.78,18740.00,55.04,56.20,5476.12,64.07,103.93,146.33,141.32,247.25,292.83,514.91,,3333,2022-06-06 00:00:00,,,,,,,,
2022-06-02 00:00:00,671.00,714.83,5.16,85.50,837.75,481.45,435.24,487.87,696.87,529.92,65.40,943.71,232.26,18591.00,54.73,55.89,5541.64,64.13,104.03,146.68,141.29,244.84,293.55,512.02,,3334,2022-06-02 00:00:00,,,,,,,,
2022-06-01 00:00:00,667.00,715.31,5.18,84.95,840.31,478.77,434.70,486.48,694.68,527.41,65.65,936.84,234.45,18622.00,55.10,56.26,5548.35,64.02,103.99,146.50,140.57,246.03,294.86,514.47,,3335,2022-06-01 00:00:00,,,,,,,,
2022-05-31 00:00:00,666.00,717.47,5.21,84.87,842.02,478.80,436.31,487.21,694.87,526.18,65.55,957.21,232.50,18568.00,55.13,56.30,5489.07,63.90,103.69,146.46,141.26,245.97,293.51,512.00,,3336,2022-05-31 00:00:00,,,,,,,,
2022-05-30 00:00:00,670.00,719.45,5.27,85.42,846.64,480.01,437.79,489.98,699.99,527.02,65.30,990.35,232.65,18682.00,54.77,55.94,5477.07,63.53,103.39,146.57,141.29,243.78,292.09,508.58,,3337,2022-05-30 00:00:00,,,,,,,,
2022-05-27 00:00:00,674.00,723.32,5.30,85.85,850.24,478.72,437.01,491.06,703.08,527.55,65.21,958.61,233.17,18707.00,54.49,55.65,5423.82,63.62,102.83,146.28,141.48,242.76,293.26,507.43,,3338,2022-05-27 00:00:00,,,,,,,,
2022-05-26 00:00:00,668.00,713.89,5.25,85.06,841.01,474.05,433.08,486.00,694.51,521.13,65.77,888.75,235.35,18927.00,54.99,56.16,5495.37,64.40,104.20,147.55,143.19,244.77,296.64,512.52,,3339,2022-05-26 00:00:00,,,,,,,,
2022-05-25 00:00:00,666.00,714.38,5.25,84.79,834.73,472.98,429.45,485.55,693.10,519.33,65.97,839.26,235.22,18958.00,55.16,56.33,5356.46,64.35,104.11,146.57,143.63,241.86,298.02,512.33,,3340,2022-05-25 00:00:00,,,,,,,,
2022-05-24 00:00:00,666.00,710.95,5.21,84.80,836.59,471.58,428.94,484.41,689.20,520.41,65.95,879.72,237.07,18957.00,55.16,56.34,5374.18,64.85,104.63,147.60,144.41,239.36,299.28,513.23,,3341,2022-05-24 00:00:00,,,,,,,,
2022-05-23 00:00:00,668.00,706.34,5.22,85.06,835.25,471.78,429.06,484.51,685.33,521.09,65.69,917.02,237.36,18989.00,54.99,56.16,5434.18,65.54,105.38,148.64,145.53,238.43,297.23,513.85,,3342,2022-05-23 00:00:00,,,,,,,,
2022-05-20 00:00:00,675.00,713.79,5.28,86.00,841.25,475.31,430.70,488.74,694.28,526.44,65.26,923.11,234.71,18802.00,54.43,55.59,5387.04,65.10,104.23,147.02,143.61,235.90,295.34,511.09,,3343,2022-05-20 00:00:00,,,,,,,,
2022-05-19 00:00:00,675.00,707.38,5.27,86.03,834.16,470.52,425.57,485.58,683.86,524.40,65.13,950.25,237.80,18849.00,54.38,55.54,5423.02,65.63,105.19,148.70,146.44,236.28,296.52,512.87,,3344,2022-05-19 00:00:00,,,,,,,,
2022-05-18 00:00:00,674.00,711.04,5.21,85.89,841.68,473.99,428.79,486.90,678.11,526.36,65.12,973.46,236.05,18813.00,54.48,55.64,5431.14,65.42,104.65,147.23,143.51,236.11,295.87,512.10,,3345,2022-05-18 00:00:00,,,,,,,,
2022-05-17 00:00:00,679.00,708.45,5.26,86.44,836.52,473.31,428.28,487.83,677.38,528.10,64.79,939.98,238.05,18849.00,54.12,55.27,5508.10,65.73,105.03,148.22,143.92,229.93,295.07,511.36,,3346,2022-05-17 00:00:00,,,,,,,,
2022-05-16 00:00:00,679.00,706.03,5.24,86.46,831.79,471.37,426.37,487.21,676.79,525.74,64.76,951.59,238.16,18845.00,54.11,55.26,5458.96,66.26,105.37,148.39,144.04,228.09,296.03,511.77,,3347,2022-05-16 00:00:00,,,,,,,,
2022-05-13 00:00:00,679.00,705.55,5.29,86.50,829.66,466.99,424.50,486.80,677.67,521.62,64.63,947.87,236.86,18965.00,54.02,55.17,5427.03,66.10,105.44,149.32,145.15,226.68,297.19,510.80,,3348,2022-05-13 00:00:00,,,,,,,,
2022-05-12 00:00:00,673.00,707.88,5.19,85.72,823.64,466.59,423.19,484.18,677.04,517.96,65.07,989.54,238.93,19014.00,54.56,55.72,5362.08,66.04,105.10,149.71,144.88,226.97,301.81,514.88,,3349,2022-05-12 00:00:00,,,,,,,,
2022-05-11 00:00:00,673.00,708.87,5.16,85.72,828.62,466.90,423.41,483.79,675.93,516.49,65.13,1035.50,239.67,18966.00,54.57,55.73,5357.11,66.00,104.91,149.60,144.51,227.69,302.75,514.55,,3350,2022-05-11 00:00:00,,,,,,,,
2022-05-10 00:00:00,671.00,708.92,5.15,85.52,827.90,466.77,424.05,482.69,676.00,515.85,65.27,1035.09,241.80,18990.00,54.71,55.87,5360.83,66.21,104.91,150.34,144.11,224.97,303.46,515.41,,3351,2022-05-10 00:00:00,,,,,,,,
2022-05-09 00:00:00,669.00,705.02,5.12,85.22,825.20,471.72,427.98,482.51,676.66,518.22,65.29,1014.51,239.24,19005.00,54.85,56.02,5411.53,66.64,105.49,148.95,142.05,223.34,301.46,513.55,,3352,2022-05-09 00:00:00,,,,,,,,
2022-05-06 00:00:00,663.00,699.78,5.10,84.51,820.96,472.90,427.12,479.53,674.07,517.57,65.60,972.18,240.74,19118.00,55.32,56.50,5437.28,67.00,106.29,149.84,142.79,223.90,304.48,516.71,,3353,2022-05-06 00:00:00,,,,,,,,
2022-05-05 00:00:00,657.00,697.06,5.08,83.68,828.42,475.87,429.62,477.96,674.62,515.61,66.15,1011.07,235.48,19058.00,55.92,57.11,5389.87,67.38,106.71,148.38,140.78,224.36,305.27,518.22,,3354,2022-05-05 00:00:00,,,,,,,,
2022-04-29 00:00:00,662.00,695.31,5.06,84.34,825.35,470.65,430.01,477.67,681.39,517.07,65.89,1098.32,241.41,19200.00,55.47,56.65,5440.71,67.44,107.02,149.24,142.18,223.55,308.71,519.88,,3355,2022-04-29 00:00:00,,,,,,,,
2022-04-28 00:00:00,656.00,692.78,5.11,83.64,823.36,467.71,429.44,475.62,677.87,512.31,66.36,1119.68,241.98,19279.00,55.92,57.11,5455.70,67.94,107.39,149.91,142.21,225.50,310.36,523.30,,3356,2022-04-28 00:00:00,,,,,,,,
2022-04-27 00:00:00,656.00,698.39,5.16,83.60,825.37,468.53,431.34,475.96,681.81,512.21,66.37,1152.76,241.75,19218.00,55.97,57.16,5397.77,67.56,106.54,149.93,140.81,225.58,310.68,522.37,,3357,2022-04-27 00:00:00,,,,,,,,
2022-04-26 00:00:00,656.00,702.92,5.13,83.58,835.88,471.13,434.27,477.51,684.62,515.14,66.40,1149.66,239.19,19031.00,55.97,57.16,5294.67,66.02,105.78,148.02,138.96,225.16,308.21,519.10,,3358,2022-04-26 00:00:00,,,,,,,,
2022-04-25 00:00:00,649.00,701.53,5.04,82.72,832.69,469.64,429.96,473.75,679.04,510.24,66.63,1191.27,240.14,19137.00,56.58,57.78,5289.61,66.20,106.02,146.72,137.83,227.19,311.78,523.23,,3359,2022-04-25 00:00:00,,,,,,,,
2022-04-22 00:00:00,646.00,700.54,5.03,82.34,842.22,476.22,434.87,473.64,677.82,513.58,66.49,1243.70,237.85,19202.00,56.81,58.01,5287.04,66.17,106.18,147.08,137.52,227.42,312.12,524.49,,3360,2022-04-22 00:00:00,,,,,,,,
2022-04-21 00:00:00,641.00,695.22,5.00,81.72,837.37,477.10,434.62,470.01,675.25,513.01,66.82,1282.48,234.59,19267.00,57.31,58.52,5332.42,66.73,106.99,147.40,137.54,228.94,311.98,527.17,,3361,2022-04-21 00:00:00,,,,,,,,
2022-04-20 00:00:00,640.00,689.28,4.95,81.60,831.10,472.39,430.78,467.06,670.93,506.72,66.75,1263.56,234.29,19387.00,57.48,58.69,5393.38,67.34,107.90,149.27,138.19,229.31,313.38,529.07,,3362,2022-04-20 00:00:00,,,,,,,,
2022-04-19 00:00:00,637.00,686.97,5.01,81.24,828.75,468.72,429.03,467.90,674.32,505.49,66.73,1273.17,230.24,19370.00,57.64,58.85,5438.06,67.27,108.27,150.63,138.92,229.85,310.97,529.12,,3363,2022-04-19 00:00:00,,,,,,,,
2022-04-18 00:00:00,638.00,689.58,5.04,81.29,832.14,471.37,430.98,469.40,676.24,505.38,66.42,1297.91,229.84,19288.00,57.60,58.81,5453.20,67.14,107.88,149.99,138.02,229.51,313.19,527.42,,3364,2022-04-18 00:00:00,,,,,,,,
2022-04-15 00:00:00,639.00,690.68,5.06,81.47,834.55,473.03,433.06,470.89,677.64,506.39,66.25,1289.43,229.44,19265.00,57.51,58.72,5443.67,67.13,107.66,149.22,137.56,228.98,312.61,527.22,,3365,2022-04-15 00:00:00,,,,,,,,
2022-04-14 00:00:00,635.00,692.09,5.07,81.05,833.55,473.58,432.11,467.01,680.22,505.68,66.52,1294.80,228.93,19250.00,57.82,59.03,5446.07,67.04,107.47,149.05,137.67,229.73,311.10,526.83,,3366,2022-04-14 00:00:00,,,,,,,,
2022-04-13 00:00:00,638.00,689.98,5.08,81.34,828.62,475.17,436.83,467.32,683.20,504.51,66.40,1338.56,227.83,19298.00,57.62,58.82,5479.51,67.20,107.79,149.39,137.66,228.82,310.80,526.53,,3367,2022-04-13 00:00:00,,,,,,,,
2022-04-12 00:00:00,638.00,694.00,5.08,81.39,830.86,473.24,435.07,467.18,684.81,504.70,66.39,1301.06,228.67,19359.00,57.57,58.78,5449.12,67.13,107.12,149.08,138.25,229.92,312.41,527.58,,3368,2022-04-12 00:00:00,,,,,,,,
2022-04-11 00:00:00,636.00,693.06,5.12,81.18,829.81,474.57,435.42,466.94,681.66,506.19,66.24,1299.29,229.87,19309.00,57.67,58.89,5453.76,66.86,107.30,148.25,136.61,231.44,314.94,527.48,,3369,2022-04-11 00:00:00,,,,,,,,
2022-04-08 00:00:00,637.00,691.88,5.13,81.21,831.97,476.09,438.24,467.46,681.20,505.68,66.30,1245.67,231.60,19204.00,57.70,58.92,5468.57,66.99,107.49,148.58,138.40,231.60,316.33,526.16,,3370,2022-04-08 00:00:00,,,,,,,,
2022-04-07 00:00:00,637.00,693.81,5.14,81.22,832.01,478.11,440.21,468.01,682.20,506.81,66.23,1290.83,230.64,19146.00,57.70,58.93,5467.31,67.15,107.20,149.00,138.24,231.30,316.57,527.73,,3371,2022-04-07 00:00:00,,,,,,,,
2022-04-06 00:00:00,638.00,695.64,5.16,81.42,834.25,484.10,443.49,469.36,686.32,511.00,66.04,1316.74,230.16,19102.00,57.55,58.78,5403.90,66.69,106.88,147.77,137.37,230.69,313.08,525.88,,3372,2022-04-06 00:00:00,,,,,,,,
2022-04-01 00:00:00,635.00,702.89,5.21,81.08,834.64,475.70,440.07,468.52,687.51,507.84,66.20,1283.66,230.09,19137.00,57.83,59.07,5227.45,66.01,105.82,147.80,138.39,230.98,312.98,524.12,,3373,2022-04-01 00:00:00,,,,,,,,
2022-03-31 00:00:00,635.00,708.47,5.20,81.10,833.78,476.46,442.60,469.32,687.41,508.49,66.21,1314.80,228.23,19063.00,57.86,59.10,5182.57,65.51,104.98,145.76,135.05,230.98,313.16,524.63,,3374,2022-03-31 00:00:00,,,,,,,,
2022-03-30 00:00:00,636.00,704.80,5.17,81.22,832.23,477.40,441.01,468.67,682.64,508.16,66.32,1393.43,228.76,19052.00,57.83,59.08,5214.24,66.10,105.53,146.73,136.45,229.81,314.40,527.13,,3375,2022-03-30 00:00:00,,,,,,,,
2022-03-29 00:00:00,636.00,699.71,5.14,81.29,833.85,477.02,439.22,467.83,681.56,508.35,66.25,1492.23,230.44,19196.00,57.71,58.94,5359.20,67.11,106.32,148.98,136.73,232.92,315.65,530.51,,3376,2022-03-29 00:00:00,,,,,,,,
2022-03-28 00:00:00,637.00,699.93,5.21,81.41,839.42,479.12,443.42,469.11,684.46,510.59,66.05,1570.02,228.39,19187.00,57.62,58.84,5321.25,66.95,106.27,147.76,135.32,232.75,314.30,527.40,,3377,2022-03-28 00:00:00,,,,,,,,
2022-03-25 00:00:00,637.00,701.55,5.21,81.47,841.03,478.76,443.67,469.45,685.90,508.85,66.29,1603.34,227.79,19138.00,57.62,58.85,5346.72,67.99,106.05,147.53,135.92,232.59,315.10,526.13,,3378,2022-03-25 00:00:00,,,,,,,,
2022-03-24 00:00:00,636.00,700.38,5.25,81.35,840.35,476.97,443.64,469.02,683.72,506.52,66.37,1518.69,231.85,19123.00,57.71,58.94,5335.53,67.42,106.17,148.40,136.41,233.09,317.76,527.95,,3379,2022-03-24 00:00:00,,,,,,,,
2022-03-23 00:00:00,636.00,700.72,5.24,81.20,842.97,474.28,442.43,468.37,680.82,505.25,66.33,1654.64,233.16,19102.00,57.80,59.04,5284.84,66.74,106.15,148.63,137.82,233.31,319.23,526.82,,3380,2022-03-23 00:00:00,,,,,,,,
2022-03-22 00:00:00,637.00,701.11,5.32,81.34,838.07,470.75,437.81,468.67,681.65,505.56,66.05,1667.71,234.71,19152.00,57.69,58.92,5323.25,66.94,106.11,149.13,137.35,232.85,320.06,527.61,,3381,2022-03-22 00:00:00,,,,,,,,
2022-03-21 00:00:00,637.00,703.04,5.34,81.38,838.12,471.65,439.22,469.47,682.50,505.14,65.91,1630.02,234.91,19024.00,57.70,58.93,5335.16,67.00,105.84,147.98,137.45,232.78,320.18,523.54,,3382,2022-03-21 00:00:00,,,,,,,,
2022-03-18 00:00:00,634.00,703.37,5.35,81.13,834.05,467.78,436.86,468.54,676.84,502.00,66.17,1621.60,235.32,19092.00,57.95,59.19,5284.75,66.52,105.78,148.48,138.59,232.28,323.68,523.95,,3383,2022-03-18 00:00:00,,,,,,,,
2022-03-17 00:00:00,634.00,698.29,5.33,81.12,832.40,461.66,432.50,466.49,672.79,499.37,66.20,1535.28,235.51,19334.00,57.99,59.23,5299.53,66.78,106.58,148.74,140.53,230.37,325.94,526.40,,3384,2022-03-17 00:00:00,,,,,,,,
2022-03-16 00:00:00,638.00,699.21,5.39,81.54,831.93,458.78,431.31,467.38,677.93,499.45,65.88,1726.65,236.59,19469.00,57.57,58.81,5304.59,67.28,106.37,150.69,141.15,230.92,326.35,525.35,,3385,2022-03-16 00:00:00,,,,,,,,
2022-03-15 00:00:00,638.00,696.04,5.38,81.45,828.04,458.11,429.45,465.89,678.20,496.47,66.05,1886.04,237.68,19493.00,57.70,58.94,5365.50,68.00,106.86,151.16,142.07,232.70,328.26,524.98,,3386,2022-03-15 00:00:00,,,,,,,,
2022-03-14 00:00:00,635.00,692.50,5.39,81.11,826.36,461.93,431.14,464.75,677.41,497.51,66.22,2083.10,237.49,19463.00,57.99,59.23,5514.38,69.11,107.45,153.46,142.04,233.23,330.03,525.62,,3387,2022-03-14 00:00:00,,,,,,,,
2022-03-11 00:00:00,633.00,696.11,5.45,80.92,828.77,465.83,434.87,465.74,680.84,495.91,66.19,2132.39,237.85,19426.00,58.02,59.26,5470.70,68.67,106.85,152.94,141.25,234.84,330.47,523.70,,3388,2022-03-11 00:00:00,,,,,,,,
2022-03-10 00:00:00,631.00,697.73,5.44,80.70,830.77,461.06,430.79,464.31,680.38,492.03,66.38,2155.31,238.08,19430.00,58.25,59.49,5414.27,68.38,106.64,153.55,141.42,232.46,331.86,523.28,,3389,2022-03-10 00:00:00,,,,,,,,
2022-03-09 00:00:00,632.00,688.06,5.46,80.80,826.95,459.25,429.72,462.67,679.23,490.04,66.21,2057.18,241.98,19525.00,58.15,59.39,5655.56,70.84,108.18,157.39,142.26,229.59,338.24,525.57,,3390,2022-03-09 00:00:00,,,,,,,,
2022-03-08 00:00:00,632.00,686.34,5.48,80.81,828.54,462.70,431.87,463.97,682.77,493.32,66.15,2039.95,242.77,19472.00,58.11,59.37,5735.64,72.54,108.45,157.95,143.21,227.58,337.23,522.20,,3391,2022-03-08 00:00:00,,,,,,,,
2022-03-07 00:00:00,635.00,690.20,5.52,81.22,838.39,469.09,436.86,465.90,689.53,498.22,65.81,1921.85,242.14,19229.00,57.85,59.09,5592.51,71.41,107.73,156.10,141.64,224.36,330.27,515.72,,3392,2022-03-07 00:00:00,,,,,,,,
2022-03-04 00:00:00,633.00,698.84,5.47,80.96,843.85,463.43,429.88,465.81,689.02,498.69,66.20,1726.43,240.46,19115.00,58.09,59.34,5437.31,68.81,106.42,154.13,140.96,223.16,326.52,515.88,,3393,2022-03-04 00:00:00,,,,,,,,
2022-03-03 00:00:00,630.00,699.73,5.45,80.64,843.46,459.12,426.87,465.19,684.01,498.23,66.56,1636.45,243.39,19079.00,58.34,59.60,5412.32,67.85,106.32,153.85,140.62,222.53,328.01,515.76,,3394,2022-03-03 00:00:00,,,,,,,,
2022-03-02 00:00:00,634.00,704.91,5.52,81.05,844.28,460.02,428.57,466.41,689.52,497.39,66.22,1722.44,243.10,19035.00,57.97,59.22,5337.26,67.26,105.45,152.16,140.16,219.46,325.80,515.92,,3395,2022-03-02 00:00:00,,,,,,,,
2022-03-01 00:00:00,630.00,705.92,5.47,80.65,844.66,457.01,425.82,464.52,686.21,496.69,66.67,1656.95,244.17,19069.00,58.37,59.62,5247.72,66.52,105.37,150.30,139.85,219.86,325.38,518.73,,3396,2022-03-01 00:00:00,,,,,,,,
2022-02-28 00:00:00,632.00,706.59,5.47,80.93,844.32,453.97,422.84,465.03,682.01,495.54,66.44,1328.17,243.24,19016.00,58.10,59.35,5181.71,66.51,105.35,151.42,141.79,222.47,325.35,516.73,,3397,2022-02-28 00:00:00,,,,,,,,
2022-02-25 00:00:00,633.00,709.31,5.48,81.13,847.42,453.94,424.01,467.51,684.75,494.48,66.36,1342.68,242.43,19010.00,57.97,59.22,5191.32,65.27,104.90,149.76,141.35,221.91,324.64,513.81,,3398,2022-02-25 00:00:00,,,,,,,,
2022-02-24 00:00:00,633.00,715.14,5.51,81.08,856.99,457.16,428.31,470.01,689.73,496.96,66.14,1283.55,239.05,18889.00,58.04,59.29,5046.66,64.15,104.02,148.40,140.58,218.49,319.98,509.91,,3399,2022-02-24 00:00:00,,,,,,,,
2022-02-23 00:00:00,633.00,717.44,5.50,81.14,860.46,457.60,426.63,470.76,687.12,496.02,66.11,1244.88,238.02,18831.00,58.00,59.25,4957.58,63.38,103.69,147.33,140.44,217.77,320.59,511.94,,3400,2022-02-23 00:00:00,,,,,,,,
2022-02-22 00:00:00,635.00,717.63,5.54,81.37,862.71,456.05,424.88,471.29,693.24,497.52,65.85,1263.55,238.81,18822.00,57.85,59.09,4973.22,63.31,103.65,148.84,142.06,215.60,320.27,508.04,,3401,2022-02-22 00:00:00,,,,,,,,
2022-02-21 00:00:00,634.00,717.45,5.52,81.28,861.54,454.68,424.01,470.89,688.27,496.96,66.04,1230.55,238.81,18896.00,57.93,59.19,4977.23,63.10,103.67,148.21,141.74,214.96,320.16,507.38,,3402,2022-02-21 00:00:00,,,,,,,,
2022-02-18 00:00:00,633.00,719.89,5.51,81.21,862.52,455.21,423.86,471.66,688.80,498.62,66.08,1202.59,236.88,18911.00,57.99,59.24,4951.42,62.82,103.33,147.38,140.79,213.73,320.54,507.04,,3403,2022-02-18 00:00:00,,,,,,,,
2022-02-17 00:00:00,633.00,720.73,5.49,81.18,860.45,456.28,423.49,471.63,687.08,499.23,66.06,1186.67,236.86,18904.00,58.01,59.27,4924.58,62.50,103.24,146.41,140.19,214.75,320.38,509.56,,3404,2022-02-17 00:00:00,,,,,,,,
2022-02-16 00:00:00,635.00,720.74,5.49,81.34,859.35,453.73,421.36,471.85,685.79,498.98,65.96,1189.49,237.98,18875.00,57.87,59.13,4907.38,62.41,103.27,146.37,140.36,214.37,321.40,509.95,,3405,2022-02-16 00:00:00,,,,,,,,
2022-02-15 00:00:00,636.00,719.17,5.51,81.52,860.78,453.54,420.84,472.25,688.03,499.82,65.85,1203.45,237.62,18814.00,57.74,58.99,4965.78,63.32,103.49,147.55,139.78,213.69,321.04,510.06,,3406,2022-02-15 00:00:00,,,,,,,,
2022-02-14 00:00:00,637.00,723.39,5.51,81.61,863.72,454.83,423.06,472.82,688.47,500.20,65.82,1217.29,238.94,18838.00,57.68,58.92,4925.55,63.13,102.84,146.19,139.12,212.38,322.35,513.37,,3407,2022-02-14 00:00:00,,,,,,,,
2022-02-11 00:00:00,637.00,726.14,5.49,81.66,862.67,455.83,424.46,473.28,687.75,500.30,65.71,1178.76,238.09,18847.00,57.67,58.91,4875.64,62.01,102.41,146.37,138.69,211.97,322.93,513.72,,3408,2022-02-11 00:00:00,,,,,,,,
2022-02-10 00:00:00,636.00,726.42,5.50,81.62,860.72,456.52,424.89,473.90,688.07,501.95,65.78,1175.30,239.34,18787.00,57.75,58.99,4858.11,61.85,102.44,143.34,138.65,212.98,322.21,514.55,,3409,2022-02-10 00:00:00,,,,,,,,
2022-02-09 00:00:00,637.00,726.74,5.51,81.67,862.35,454.85,423.22,473.32,688.03,501.05,65.73,1178.79,241.20,18797.00,57.70,58.94,4866.63,62.31,102.40,143.61,138.63,213.24,323.62,516.54,,3410,2022-02-09 00:00:00,,,,,,,,
2022-02-08 00:00:00,636.00,726.93,5.52,81.58,860.11,452.74,421.58,473.07,688.37,501.71,65.82,1186.16,243.88,18845.00,57.79,59.03,4864.70,62.38,102.39,143.59,138.11,213.93,324.04,518.86,,3411,2022-02-08 00:00:00,,,,,,,,
2022-02-07 00:00:00,636.00,724.71,5.49,81.62,856.26,447.67,418.23,470.68,684.13,496.29,66.13,1195.02,244.19,18897.00,58.07,59.31,4888.57,62.99,102.67,144.54,138.86,214.46,327.11,520.38,,3412,2022-02-07 00:00:00,,,,,,,,
2022-01-28 00:00:00,637.00,710.30,5.52,81.82,853.28,448.59,419.58,471.16,684.59,500.50,65.82,1223.67,242.54,18892.00,57.62,58.86,5018.50,64.17,104.77,147.30,140.32,213.55,325.80,521.81,,3413,2022-01-28 00:00:00,,,,,,,,
2022-01-27 00:00:00,634.00,712.10,5.53,81.36,853.05,450.84,421.62,470.03,685.62,500.31,66.20,1253.93,241.84,18935.00,57.96,59.20,5055.51,64.37,104.48,146.87,141.08,214.28,327.07,522.65,,3414,2022-01-27 00:00:00,,,,,,,,
2022-01-26 00:00:00,632.00,714.76,5.55,81.23,854.24,452.67,422.95,470.51,688.96,501.02,66.26,1244.56,241.15,18922.00,58.08,59.31,5018.76,64.10,104.11,146.42,141.22,213.16,325.97,521.91,,3415,2022-01-26 00:00:00,,,,,,,,
2022-01-25 00:00:00,634.00,718.01,5.56,81.45,855.04,453.26,424.73,471.27,693.63,501.88,66.06,1240.57,240.66,18869.00,57.92,59.16,5030.41,63.57,103.67,146.08,141.52,212.35,324.52,520.40,,3416,2022-01-25 00:00:00,,,,,,,,
2022-01-24 00:00:00,634.00,719.05,5.57,81.42,859.28,455.53,425.90,471.49,694.81,504.36,65.99,1221.00,238.12,18828.00,57.92,59.16,4983.50,62.97,103.52,144.99,140.27,212.15,322.76,519.93,,3417,2022-01-24 00:00:00,,,,,,,,
2022-01-21 00:00:00,635.00,718.04,5.57,81.52,863.14,457.70,428.32,471.20,692.31,507.42,65.99,1208.72,239.99,18787.00,57.86,59.09,4960.24,63.03,103.65,145.32,139.23,210.38,323.60,518.43,,3418,2022-01-21 00:00:00,,,,,,,,
2022-01-20 00:00:00,635.00,719.94,5.55,81.48,863.71,457.88,430.16,471.05,693.15,507.22,66.04,1200.82,241.49,18737.00,57.87,59.11,4938.84,62.82,103.37,143.61,138.31,211.56,323.27,518.97,,3419,2022-01-20 00:00:00,,,,,,,,
2022-01-19 00:00:00,636.00,720.60,5.55,81.65,865.10,457.30,430.92,471.08,693.63,508.79,65.81,1209.57,243.78,18736.00,57.73,58.97,4963.42,62.93,103.27,143.62,138.42,212.69,320.54,520.62,,3420,2022-01-19 00:00:00,,,,,,,,
2022-01-18 00:00:00,635.00,724.64,5.54,81.54,866.69,457.82,431.43,471.05,694.83,507.44,65.87,1198.09,242.28,18737.00,57.82,59.07,4911.73,62.44,102.71,141.99,137.25,211.66,319.53,520.46,,3421,2022-01-18 00:00:00,,,,,,,,
2022-01-17 00:00:00,636.00,725.54,5.56,81.68,869.18,458.56,432.77,471.47,695.21,506.61,65.79,1200.02,241.26,18713.00,57.76,59.01,4912.43,62.53,102.57,141.66,137.76,212.56,319.34,522.21,,3422,2022-01-17 00:00:00,,,,,,,,
2022-01-14 00:00:00,637.00,729.32,5.58,81.76,872.95,463.46,436.95,472.87,698.81,508.92,65.61,1200.06,242.16,18657.00,57.69,58.95,4862.61,62.24,102.02,140.27,136.75,213.51,319.45,521.93,,3423,2022-01-14 00:00:00,,,,,,,,
2022-01-13 00:00:00,635.00,726.24,5.53,81.55,869.97,462.08,434.50,471.54,694.43,507.62,65.88,1172.89,241.26,18688.00,57.88,59.14,4861.74,62.32,102.47,140.91,136.50,208.96,320.91,524.12,,3424,2022-01-13 00:00:00,,,,,,,,
2022-01-12 00:00:00,637.00,723.76,5.52,81.66,868.04,459.13,432.09,471.43,689.45,506.36,65.77,1169.17,243.86,18707.00,57.70,58.96,4933.54,62.68,102.81,141.91,137.72,216.24,320.31,523.02,,3425,2022-01-12 00:00:00,,,,,,,,
2022-01-11 00:00:00,637.00,721.71,5.53,81.69,864.91,457.23,430.97,469.76,687.02,502.60,65.94,1175.76,246.26,18793.00,57.67,58.93,4969.71,62.91,103.07,142.83,139.09,217.01,319.86,527.63,,3426,2022-01-11 00:00:00,,,,,,,,
2022-01-10 00:00:00,637.00,722.51,5.50,81.62,864.67,456.72,430.83,469.23,692.44,503.06,66.02,1184.20,244.75,18821.00,57.71,58.96,4966.78,62.90,102.96,142.34,138.87,217.44,320.49,528.32,,3427,2022-01-10 00:00:00,,,,,,,,
2022-01-07 00:00:00,637.00,720.02,5.50,81.71,862.74,456.77,430.00,468.48,691.73,500.89,66.11,1196.99,246.84,18845.00,57.62,58.89,5002.95,63.25,103.31,143.46,139.43,216.33,321.66,525.94,,3428,2022-01-07 00:00:00,,,,,,,,
2022-01-06 00:00:00,637.00,720.87,5.49,81.74,863.82,460.21,432.98,469.39,694.56,499.59,65.81,1202.85,249.35,18807.00,57.63,58.93,5024.39,63.42,103.19,142.97,138.90,214.79,322.86,521.33,,3429,2022-01-06 00:00:00,,,,,,,,
2022-01-05 00:00:00,638.00,719.62,5.49,81.84,862.84,461.76,434.57,470.45,695.86,502.09,65.65,1181.48,251.19,18768.00,57.59,58.89,5040.60,63.43,103.36,142.65,138.99,210.37,321.85,521.51,,3430,2022-01-05 00:00:00,,,,,,,,
2022-01-04 00:00:00,638.00,720.99,5.53,81.81,860.06,459.11,433.19,471.37,694.46,500.48,65.46,1169.68,248.85,18714.00,57.57,58.85,5090.62,63.45,103.16,142.72,139.02,204.51,321.20,521.76,,3431,2022-01-04 00:00:00,,,,,,,,
2021-12-31 00:00:00,638.00,721.97,5.54,81.76,860.64,462.20,435.53,471.79,697.76,500.46,65.50,1170.04,249.78,18656.00,57.60,58.88,5109.10,63.62,102.98,141.84,138.23,207.37,320.90,523.08,,3432,2021-12-31 00:00:00,,,,,,,,
2021-12-30 00:00:00,637.00,722.42,5.54,81.65,858.54,461.59,434.93,470.84,695.93,497.68,65.61,1161.23,250.33,18605.00,57.71,58.98,5121.47,63.64,102.92,141.94,137.96,198.66,323.34,526.06,,3433,2021-12-30 00:00:00,,,,,,,,
2021-12-29 00:00:00,637.00,721.00,5.55,81.73,856.09,460.86,433.76,470.60,694.92,497.31,65.59,1156.70,246.98,18637.00,57.63,58.92,5122.59,63.77,103.11,141.96,138.06,186.25,324.16,525.89,,3434,2021-12-29 00:00:00,,,,,,,,
2021-12-28 00:00:00,637.00,721.93,5.55,81.72,856.49,461.14,434.33,469.97,694.74,498.25,65.62,1151.67,243.92,18616.00,57.63,58.93,5121.29,63.74,103.00,142.84,138.73,181.71,324.68,526.19,,3435,2021-12-28 00:00:00,,,,,,,,
2021-12-27 00:00:00,637.00,721.15,5.57,81.66,853.73,460.86,434.23,468.84,693.76,497.04,65.87,1153.74,244.13,18624.00,57.67,58.97,5126.79,64.09,103.10,143.03,138.99,171.71,323.86,524.88,,3436,2021-12-27 00:00:00,,,,,,,,
2021-12-24 00:00:00,637.00,721.28,5.56,81.67,853.90,460.79,434.52,468.80,693.41,497.15,65.93,1151.36,246.01,18628.00,57.67,58.96,5125.28,64.19,103.08,142.64,138.53,179.27,324.08,526.49,,3437,2021-12-24 00:00:00,,,,,,,,
2021-12-23 00:00:00,637.00,720.46,5.57,81.61,849.22,458.65,432.67,466.99,691.51,495.13,66.23,1156.57,247.33,18678.00,57.76,59.05,5112.27,64.31,103.20,142.81,139.57,189.13,325.83,529.03,,3438,2021-12-23 00:00:00,,,,,,,,
2021-12-22 00:00:00,637.00,718.79,5.59,81.66,845.11,455.20,430.86,466.99,689.90,493.11,66.07,1162.20,248.75,18695.00,57.66,58.94,5115.36,64.30,103.44,143.34,140.46,194.20,326.95,528.70,,3439,2021-12-22 00:00:00,,,,,,,,
2021-12-21 00:00:00,637.00,718.24,5.60,81.70,841.26,452.73,427.45,465.95,691.06,492.25,66.36,1162.46,247.78,18674.00,57.67,58.94,5125.03,64.46,103.53,143.58,142.19,212.06,326.04,527.86,,3440,2021-12-21 00:00:00,,,,,,,,
2021-12-20 00:00:00,639.00,718.37,5.62,81.93,845.34,454.99,430.24,467.51,691.71,495.63,66.07,1162.61,249.13,18573.00,57.47,58.72,5107.61,64.44,103.48,142.99,141.47,260.53,325.85,521.90,,3441,2021-12-20 00:00:00,,,,,,,,
2021-12-17 00:00:00,637.00,720.96,5.60,81.57,847.75,456.47,432.28,466.68,692.16,497.94,66.17,1158.13,250.40,18611.00,57.72,58.99,5108.76,64.23,103.13,142.01,141.31,246.56,327.25,525.08,,3442,2021-12-17 00:00:00,,,,,,,,
2021-12-16 00:00:00,636.00,718.35,5.57,81.55,843.84,456.19,431.36,465.92,688.14,495.72,66.43,1157.33,251.37,18605.00,57.73,58.97,5141.79,64.35,103.52,142.72,141.48,232.77,330.57,525.07,,3443,2021-12-16 00:00:00,,,,,,,,
2021-12-15 00:00:00,637.00,717.21,5.60,81.67,842.75,452.59,429.24,465.02,689.27,495.25,66.45,1158.71,252.71,18597.00,57.66,58.89,5124.30,64.53,103.69,143.50,142.83,225.87,333.22,524.54,,3444,2021-12-15 00:00:00,,,,,,,,
2021-12-14 00:00:00,637.00,718.23,5.61,81.60,841.13,453.79,429.82,465.41,690.01,497.01,66.41,1154.61,251.71,18592.00,57.69,58.93,5120.64,64.56,103.53,142.85,142.14,217.16,329.98,524.53,,3445,2021-12-14 00:00:00,,,,,,,,
2021-12-13 00:00:00,637.00,720.07,5.61,81.64,843.60,456.08,432.45,466.75,691.10,500.31,66.20,1151.82,250.79,18532.00,57.72,58.95,5078.42,64.14,103.25,142.26,140.55,217.85,328.36,526.51,,3446,2021-12-13 00:00:00,,,,,,,,
2021-12-10 00:00:00,637.00,717.31,5.60,81.69,839.74,453.96,431.79,465.29,687.50,499.68,66.42,1157.01,251.09,18515.00,57.84,59.07,5093.49,64.19,103.65,142.68,141.64,217.10,329.81,527.75,,3447,2021-12-10 00:00:00,,,,,,,,
2021-12-09 00:00:00,635.00,719.81,5.58,81.43,838.08,454.70,431.79,466.00,689.52,501.52,66.49,1159.48,247.26,18509.00,57.87,59.11,5069.13,64.06,103.30,142.36,139.90,215.65,330.06,527.12,,3448,2021-12-09 00:00:00,,,,,,,,
2021-12-08 00:00:00,637.00,717.85,5.61,81.65,843.37,453.22,432.05,466.32,688.68,503.57,66.43,1162.56,249.00,18495.00,57.69,58.92,5114.84,63.84,103.60,142.90,141.52,212.45,330.28,528.06,,3449,2021-12-08 00:00:00,,,,,,,,
2021-12-07 00:00:00,637.00,719.13,5.62,81.72,845.17,448.96,430.16,465.64,688.79,499.36,66.39,1166.88,249.57,18540.00,57.63,58.86,5083.84,63.86,103.40,142.70,142.68,216.65,333.27,531.05,,3450,2021-12-07 00:00:00,,,,,,,,
2021-12-06 00:00:00,637.00,720.00,5.64,81.70,842.97,446.84,430.27,464.56,693.31,496.70,66.42,1159.37,252.12,18570.00,57.67,58.90,5066.78,63.86,103.28,143.74,144.01,214.96,333.32,531.75,,3451,2021-12-06 00:00:00,,,,,,,,
2021-12-03 00:00:00,637.00,720.37,5.64,81.80,847.66,451.82,434.10,465.61,692.88,497.27,66.41,1155.62,250.02,18462.00,57.63,58.86,5053.41,63.82,103.23,141.99,142.71,214.96,334.10,531.38,,3452,2021-12-03 00:00:00,,,,,,,,
2021-12-02 00:00:00,637.00,721.09,5.64,81.77,845.84,452.74,433.92,466.75,691.96,497.11,66.21,1165.31,251.58,18483.00,57.65,58.89,5028.82,64.11,103.12,142.66,142.66,210.24,337.40,529.46,,3453,2021-12-02 00:00:00,,,,,,,,
2021-12-01 00:00:00,637.00,721.83,5.62,81.68,847.22,453.88,434.62,466.56,692.80,498.39,65.99,1164.55,249.60,18588.00,57.67,58.91,5053.36,64.50,103.03,141.66,142.06,212.04,336.67,529.14,,3454,2021-12-01 00:00:00,,,,,,,,
2021-11-30 00:00:00,638.00,720.63,5.60,81.79,849.41,455.78,435.44,466.25,691.29,500.80,66.43,1166.68,252.94,18661.00,57.58,58.81,5099.92,64.97,103.20,142.02,141.26,200.10,339.57,527.87,,3455,2021-11-30 00:00:00,,,,,,,,
2021-11-29 00:00:00,639.00,720.88,5.61,81.91,851.75,455.73,435.68,466.01,690.42,501.17,66.37,1177.22,253.64,18676.00,57.52,58.75,5122.88,65.29,103.15,143.23,141.78,193.79,340.49,526.55,,3456,2021-11-29 00:00:00,,,,,,,,
2021-11-26 00:00:00,639.00,716.83,5.55,82.00,851.40,458.97,437.95,467.31,683.57,505.27,66.14,1167.70,250.92,18630.00,57.45,58.68,5107.33,65.28,103.74,142.30,140.35,187.98,338.16,522.35,,3457,2021-11-26 00:00:00,,,,,,,,
2021-11-25 00:00:00,640.00,716.68,5.54,82.05,852.61,460.67,439.89,467.54,684.79,505.23,65.85,1172.36,248.30,18586.00,57.42,58.64,5141.76,65.29,103.76,142.58,140.14,186.26,334.71,521.66,,3458,2021-11-25 00:00:00,,,,,,,,
2021-11-24 00:00:00,639.00,718.65,5.55,82.00,854.87,461.64,444.36,467.88,684.64,504.12,65.70,1162.19,247.98,18614.00,57.48,58.71,5148.83,65.45,103.48,141.40,139.27,200.66,332.36,518.26,,3459,2021-11-24 00:00:00,,,,,,,,
2021-11-23 00:00:00,639.00,718.44,5.57,82.06,856.16,461.85,444.44,468.20,685.19,503.11,65.50,1173.17,248.01,18587.00,57.47,58.69,5151.52,65.51,103.52,140.73,139.75,178.51,328.47,516.78,,3460,2021-11-23 00:00:00,,,,,,,,
2021-11-22 00:00:00,640.00,720.86,5.61,82.10,858.86,462.52,447.05,469.42,687.94,505.50,65.43,1149.79,246.09,18567.00,57.44,58.67,5093.67,65.06,103.15,140.04,139.73,174.99,326.08,512.77,,3461,2021-11-22 00:00:00,,,,,,,,
2021-11-19 00:00:00,638.00,725.54,5.58,81.93,861.41,464.50,449.34,470.51,689.45,506.46,65.50,1144.77,245.13,18521.00,57.55,58.78,5017.44,64.34,102.48,138.90,138.00,173.78,325.42,510.53,,3462,2021-11-19 00:00:00,,,,,,,,
2021-11-18 00:00:00,638.00,722.09,5.59,81.91,860.66,463.53,446.69,470.57,687.03,505.80,65.49,1137.95,242.74,18517.00,57.58,58.80,5045.06,64.54,102.98,138.94,136.99,167.11,323.80,511.64,,3463,2021-11-18 00:00:00,,,,,,,,
2021-11-17 00:00:00,639.00,723.71,5.56,82.09,858.21,466.64,446.87,471.21,687.12,508.90,65.21,1143.21,242.75,18507.00,57.44,58.66,5042.55,64.27,102.77,139.09,136.83,161.75,324.49,512.07,,3464,2021-11-17 00:00:00,,,,,,,,
2021-11-16 00:00:00,639.00,727.02,5.60,82.07,857.44,469.68,450.19,472.17,691.07,510.95,65.14,1135.16,237.91,18504.00,57.46,58.68,5032.97,63.87,102.30,137.66,136.36,157.41,322.45,512.59,,3465,2021-11-16 00:00:00,,,,,,,,
2021-11-15 00:00:00,639.00,731.26,5.60,82.01,857.28,468.53,450.01,472.55,693.59,509.23,65.19,1138.67,239.90,18478.00,57.48,58.70,5012.64,63.46,101.72,137.10,136.04,156.89,321.16,512.78,,3466,2021-11-15 00:00:00,,,,,,,,
2021-11-12 00:00:00,641.00,733.38,5.62,82.23,856.33,467.03,449.55,473.03,695.30,508.94,65.07,1119.01,239.08,18452.00,57.33,58.54,4975.92,63.19,101.41,136.00,135.54,154.88,322.11,512.72,,3467,2021-11-12 00:00:00,,,,,,,,
2021-11-11 00:00:00,641.00,736.66,5.63,82.32,860.10,470.13,453.12,474.27,698.59,513.57,64.77,1113.44,240.86,18491.00,57.27,58.48,4931.32,62.54,100.95,135.69,134.85,153.52,321.26,511.95,,3468,2021-11-11 00:00:00,,,,,,,,
2021-11-10 00:00:00,639.00,741.28,5.66,82.09,866.93,471.49,455.47,474.59,701.80,514.11,64.89,1106.20,235.37,18448.00,57.44,58.65,4864.25,61.94,100.33,134.12,133.04,152.19,317.83,512.45,,3469,2021-11-10 00:00:00,,,,,,,,
2021-11-09 00:00:00,639.00,740.23,5.64,82.05,866.52,473.67,457.26,474.19,699.48,513.42,64.98,1114.36,233.42,18485.00,57.49,58.70,4876.66,62.05,100.49,134.21,133.02,151.66,318.33,515.70,,3470,2021-11-09 00:00:00,,,,,,,,
2021-11-08 00:00:00,640.00,739.45,5.63,82.18,862.55,472.95,454.50,473.62,701.01,513.46,65.00,1112.92,235.66,18498.00,57.44,58.66,4853.95,62.18,100.57,133.98,133.78,151.81,318.58,519.68,,3471,2021-11-08 00:00:00,,,,,,,,
2021-11-05 00:00:00,640.00,739.03,5.62,82.20,863.86,473.68,454.49,473.60,700.97,513.75,64.95,1117.00,237.79,18534.00,57.41,58.63,4869.96,62.27,100.62,134.24,133.68,151.63,321.30,521.31,,3472,2021-11-05 00:00:00,,,,,,,,
2021-11-04 00:00:00,639.00,742.33,5.61,82.16,875.19,477.09,458.27,474.42,701.40,516.30,64.96,1120.44,238.46,18435.00,57.45,58.68,4832.51,61.73,100.19,133.43,132.94,150.84,321.54,520.67,,3473,2021-11-04 00:00:00,,,,,,,,
2021-11-03 00:00:00,641.00,741.77,5.62,82.35,872.21,476.09,456.33,474.91,700.42,516.28,64.79,1117.64,240.69,18430.00,57.33,58.55,4843.69,62.09,100.29,133.81,133.08,149.95,324.49,519.43,,3474,2021-11-03 00:00:00,,,,,,,,
2021-11-02 00:00:00,640.00,742.25,5.61,82.22,873.84,481.26,459.36,474.63,703.61,517.15,64.83,1118.86,241.25,18381.00,57.40,58.62,4857.62,62.19,100.23,133.13,131.59,149.13,325.91,520.55,,3475,2021-11-02 00:00:00,,,,,,,,
2021-11-01 00:00:00,642.00,741.84,5.62,82.52,878.33,482.49,460.40,475.59,700.74,518.39,64.58,1105.92,237.22,18305.00,57.24,58.45,4852.72,62.13,100.25,133.90,131.62,149.44,320.23,519.19,,3476,2021-11-01 00:00:00,,,,,,,,
2021-10-29 00:00:00,639.00,746.43,5.63,82.16,881.46,481.17,459.37,475.28,700.98,517.43,64.88,1098.99,236.90,18306.00,57.49,58.71,4840.81,61.93,99.63,133.24,130.39,149.23,319.04,519.51,,3477,2021-10-29 00:00:00,,,,,,,,
2021-10-28 00:00:00,640.00,741.60,5.62,82.23,878.15,479.87,458.20,474.05,696.44,517.16,64.94,1104.22,235.71,18330.00,57.44,58.65,4896.71,62.31,100.31,134.29,131.73,148.72,317.55,520.88,,3478,2021-10-28 00:00:00,,,,,,,,
2021-10-27 00:00:00,639.00,740.45,5.59,82.11,879.03,479.60,457.46,473.88,694.10,515.32,64.95,1088.00,232.49,18293.00,57.52,58.75,4928.99,62.23,100.46,134.89,130.99,149.39,316.37,519.98,,3479,2021-10-27 00:00:00,,,,,,,,
2021-10-26 00:00:00,639.00,741.47,5.62,82.18,879.09,478.51,457.58,474.09,694.32,515.91,64.97,1092.82,230.32,18298.00,57.50,58.71,4931.65,62.24,100.33,134.75,130.77,150.12,316.05,517.59,,3480,2021-10-26 00:00:00,,,,,,,,
2021-10-25 00:00:00,639.00,744.21,5.63,82.24,879.73,477.28,456.92,474.06,697.56,516.71,64.95,1100.89,231.87,18421.00,57.47,58.69,4892.78,61.77,99.97,134.20,130.67,152.54,315.83,520.93,,3481,2021-10-25 00:00:00,,,,,,,,
2021-10-22 00:00:00,640.00,744.31,5.62,82.36,883.20,477.87,458.20,475.29,697.33,517.73,64.94,1110.35,229.22,18408.00,57.36,58.58,4891.32,61.87,99.95,134.33,130.61,148.87,317.12,521.54,,3482,2021-10-22 00:00:00,,,,,,,,
2021-10-21 00:00:00,639.00,744.42,5.59,82.19,883.03,480.40,459.86,475.62,695.23,518.40,65.11,1108.14,225.55,18379.00,57.50,58.72,4867.18,61.55,99.95,134.45,130.06,144.33,316.53,522.16,,3483,2021-10-21 00:00:00,,,,,,,,
2021-10-20 00:00:00,641.00,744.96,5.59,82.39,883.30,478.61,458.05,476.04,693.79,518.06,64.98,1107.96,226.69,18418.00,57.35,58.57,4863.14,61.54,99.88,134.71,130.39,145.32,316.03,520.99,,3484,2021-10-20 00:00:00,,,,,,,,
2021-10-19 00:00:00,643.00,746.85,5.63,82.68,883.10,476.60,455.82,476.72,696.31,519.53,64.83,1106.36,228.25,18438.00,57.11,58.32,4843.41,61.38,99.62,134.67,130.89,145.23,317.61,520.03,,3485,2021-10-19 00:00:00,,,,,,,,
2021-10-18 00:00:00,643.00,745.84,5.63,82.66,884.92,477.54,455.84,476.98,696.49,519.92,64.67,1104.25,227.25,18391.00,57.12,58.33,4822.48,61.18,99.76,133.95,130.87,144.00,316.62,519.12,,3486,2021-10-18 00:00:00,,,,,,,,
2021-10-15 00:00:00,644.00,746.52,5.66,82.76,880.29,477.52,452.95,477.40,696.80,520.35,64.53,1108.45,229.59,18385.00,57.05,58.26,4807.68,61.26,99.68,134.12,131.25,142.70,319.21,515.31,,3487,2021-10-15 00:00:00,,,,,,,,
2021-10-14 00:00:00,644.00,746.55,5.68,82.81,879.77,475.16,448.63,476.51,696.70,517.42,64.59,1119.10,229.72,18484.00,57.05,58.26,4824.26,61.28,99.67,134.96,131.87,142.10,319.40,516.66,,3488,2021-10-14 00:00:00,,,,,,,,
2021-10-13 00:00:00,646.00,745.06,5.69,83.04,877.66,474.48,447.70,476.09,694.30,518.08,64.46,1112.57,231.54,18546.00,56.85,58.06,4836.86,61.52,99.86,135.96,132.45,139.95,321.77,516.48,,3489,2021-10-13 00:00:00,,,,,,,,
2021-10-12 00:00:00,644.00,744.33,5.68,82.82,875.53,473.40,447.12,475.31,694.60,516.11,64.72,1114.68,233.75,18551.00,57.00,58.21,4827.57,61.60,99.96,136.15,133.25,139.65,323.82,522.69,,3490,2021-10-12 00:00:00,,,,,,,,
2021-10-11 00:00:00,645.00,745.91,5.74,82.83,878.13,470.68,446.48,475.88,695.08,516.71,64.80,1114.76,231.64,18532.00,56.97,58.17,4839.09,61.72,99.76,135.52,132.49,138.98,321.41,525.31,,3491,2021-10-11 00:00:00,,,,,,,,
2021-10-08 00:00:00,646.00,746.30,5.78,82.98,879.18,472.21,447.58,475.40,695.29,514.49,64.77,1112.58,231.47,18453.00,56.87,58.07,4804.16,61.46,99.71,136.03,132.80,137.44,319.98,523.40,,3492,2021-10-08 00:00:00,,,,,,,,
2021-09-30 00:00:00,649.00,752.47,5.79,83.31,871.03,465.74,445.58,476.32,694.16,508.52,64.54,1124.26,234.14,18291.00,56.63,57.83,4785.79,61.54,98.83,135.70,135.18,137.59,316.26,523.25,,3493,2021-09-30 00:00:00,,,,,,,,
2021-09-29 00:00:00,647.00,755.47,5.80,83.07,875.35,468.26,449.75,476.41,695.82,509.82,64.72,1126.79,233.62,18332.00,56.81,58.02,4760.76,61.35,98.43,135.05,133.94,137.19,314.53,523.27,,3494,2021-09-29 00:00:00,,,,,,,,
2021-09-28 00:00:00,646.00,755.52,5.82,83.01,885.23,470.44,452.65,477.05,697.80,511.61,64.82,1123.51,231.52,18235.00,56.85,58.06,4737.19,60.86,98.42,134.78,133.15,136.52,311.17,519.77,,3495,2021-09-28 00:00:00,,,,,,,,
2021-09-27 00:00:00,647.00,758.22,5.84,83.10,884.11,470.08,453.91,477.87,699.48,511.32,64.74,1124.16,231.06,18207.00,56.78,57.98,4703.88,60.76,98.07,133.61,132.49,136.99,310.04,515.97,,3496,2021-09-27 00:00:00,,,,,,,,
2021-09-24 00:00:00,646.00,758.62,5.86,82.97,886.75,471.85,456.86,479.15,698.76,510.29,64.67,1125.14,228.26,18181.00,56.86,58.06,4693.97,60.75,98.02,133.57,132.74,135.74,310.38,515.92,,3497,2021-09-24 00:00:00,,,,,,,,
2021-09-23 00:00:00,647.00,756.93,5.90,83.16,881.94,468.46,452.83,478.20,699.01,506.68,64.75,1127.60,228.58,18279.00,56.73,57.94,4691.69,61.03,98.24,134.28,133.81,133.66,310.25,516.68,,3498,2021-09-23 00:00:00,,,,,,,,
2021-09-22 00:00:00,647.00,758.03,5.92,83.08,883.33,467.56,452.75,478.12,700.13,504.34,64.69,1128.33,229.65,18272.00,56.79,57.99,4647.82,60.94,98.08,134.38,134.25,133.34,311.28,515.99,,3499,2021-09-22 00:00:00,,,,,,,,
2021-09-17 00:00:00,645.00,759.01,5.88,82.91,890.07,470.54,456.32,479.43,695.56,508.74,64.53,1123.49,226.40,18219.00,56.93,58.13,4619.22,60.23,97.96,133.62,133.81,132.30,309.03,513.17,,3500,2021-09-17 00:00:00,,,,,,,,
2021-09-16 00:00:00,643.00,760.25,5.88,82.67,890.78,472.07,458.32,479.85,699.42,509.59,64.65,1123.44,223.91,18152.00,57.10,58.31,4589.94,60.04,97.81,133.41,133.22,131.08,308.72,510.84,,3501,2021-09-16 00:00:00,,,,,,,,
2021-09-15 00:00:00,645.00,761.06,5.88,82.90,890.26,471.88,457.46,479.83,700.79,508.08,64.56,1131.31,222.17,18181.00,56.96,58.16,4595.06,59.77,97.72,133.52,134.08,130.84,308.78,510.73,,3502,2021-09-15 00:00:00,,,,,,,,
2021-09-14 00:00:00,645.00,761.71,5.86,82.91,892.66,475.23,459.01,480.66,699.36,510.11,64.32,1125.76,219.27,18190.00,56.94,58.15,4592.90,59.70,97.60,133.39,133.94,130.62,308.16,509.49,,3503,2021-09-14 00:00:00,,,,,,,,
2021-09-13 00:00:00,645.00,761.85,5.87,82.92,892.57,475.10,458.97,480.66,702.44,508.59,64.15,1134.34,220.20,18165.00,56.95,58.15,4596.70,59.65,97.61,133.86,134.29,131.28,308.22,507.33,,3504,2021-09-13 00:00:00,,,,,,,,
2021-09-10 00:00:00,646.00,763.48,5.88,83.01,893.52,475.77,458.79,480.87,704.39,509.91,64.23,1129.35,219.97,18119.00,56.88,58.09,4589.32,59.47,97.39,133.34,134.27,130.75,308.66,506.62,,3505,2021-09-10 00:00:00,,,,,,,,
2021-09-09 00:00:00,646.00,763.58,5.86,83.09,889.49,475.79,458.62,479.99,700.87,509.16,64.25,1132.38,219.60,18073.00,56.84,58.04,4580.23,59.15,97.37,133.52,134.86,131.09,308.62,507.05,,3506,2021-09-09 00:00:00,,,,,,,,
2021-09-08 00:00:00,647.00,765.95,5.86,83.19,891.20,477.77,459.13,480.47,703.36,511.33,64.25,1134.03,221.03,17970.00,56.79,57.99,4550.54,58.89,97.08,132.83,134.25,129.08,308.23,504.98,,3507,2021-09-08 00:00:00,,,,,,,,
2021-09-07 00:00:00,645.00,766.20,5.88,83.02,893.03,480.00,460.59,480.97,705.19,514.95,64.27,1130.67,220.57,17926.00,56.91,58.12,4537.38,59.02,97.06,132.63,134.13,128.33,308.40,503.36,,3508,2021-09-07 00:00:00,,,,,,,,
2021-09-06 00:00:00,645.00,766.74,5.88,83.03,894.24,480.46,461.39,481.16,705.95,515.03,64.26,1127.74,221.63,17939.00,56.93,58.13,4534.25,58.78,96.98,132.48,134.33,128.96,308.70,503.82,,3509,2021-09-06 00:00:00,,,,,,,,
2021-09-03 00:00:00,646.00,766.79,5.87,83.11,893.44,477.84,459.07,481.04,706.15,514.42,64.40,1128.45,223.69,17939.00,56.88,58.09,4545.67,58.83,96.96,132.75,133.87,128.30,309.13,502.62,,3510,2021-09-03 00:00:00,,,,,,,,
2021-09-02 00:00:00,646.00,764.71,5.87,83.06,889.31,475.70,456.24,480.35,705.43,511.58,64.33,1129.96,222.93,17916.00,56.87,58.07,4549.39,58.97,97.24,133.39,134.64,128.39,309.71,500.60,,3511,2021-09-02 00:00:00,,,,,,,,
2021-09-01 00:00:00,647.00,763.77,5.88,83.17,889.60,473.33,455.91,481.06,706.58,512.72,64.23,1133.53,224.55,17928.00,56.79,57.99,4567.91,59.22,97.36,133.31,134.35,128.57,310.34,498.58,,3512,2021-09-01 00:00:00,,,,,,,,
2021-08-31 00:00:00,647.00,763.03,5.88,83.07,889.87,471.73,452.95,480.78,705.19,513.04,64.26,1136.14,226.64,18033.00,56.79,57.99,4561.29,59.75,97.45,133.39,134.06,129.53,311.40,501.92,,3513,2021-08-31 00:00:00,,,,,,,,
2021-08-30 00:00:00,647.00,762.97,5.89,83.04,889.93,472.77,453.19,480.50,709.53,512.79,64.70,1134.53,227.58,18004.00,56.80,58.00,4579.28,59.98,97.47,133.54,134.67,129.22,312.21,503.25,,3514,2021-08-30 00:00:00,,,,,,,,
2021-08-27 00:00:00,649.00,762.32,5.89,83.28,888.58,469.55,450.63,478.89,706.74,511.41,64.68,1145.02,230.08,18065.00,56.63,57.83,4574.57,59.99,97.53,134.16,136.20,129.27,313.94,505.15,,3515,2021-08-27 00:00:00,,,,,,,,
2021-08-26 00:00:00,647.00,761.90,5.88,83.16,890.87,470.93,451.23,478.55,708.42,514.07,64.91,1141.77,230.97,18015.00,56.74,57.94,4572.22,60.02,97.59,134.19,136.11,129.45,312.60,505.57,,3516,2021-08-26 00:00:00,,,,,,,,
2021-08-25 00:00:00,647.00,760.64,5.90,83.10,888.29,469.59,449.09,477.78,708.72,513.88,65.11,1139.43,231.92,18004.00,56.76,57.96,4577.42,60.14,97.77,134.27,136.45,130.04,312.19,508.54,,3517,2021-08-25 00:00:00,,,,,,,,
2021-08-24 00:00:00,648.00,761.15,5.91,83.17,889.42,467.32,446.70,477.84,710.28,512.26,65.17,1142.85,233.63,18055.00,56.67,57.86,4597.87,60.21,97.70,134.46,137.56,130.03,313.54,513.25,,3518,2021-08-24 00:00:00,,,,,,,,
2021-08-23 00:00:00,650.00,759.89,5.91,83.40,885.35,464.05,443.95,476.92,708.12,506.74,65.18,1141.44,235.69,18101.00,56.53,57.72,4607.78,60.25,97.86,135.54,138.94,130.72,313.65,512.90,,3519,2021-08-23 00:00:00,,,,,,,,
2021-08-20 00:00:00,650.00,758.82,5.92,83.43,885.90,464.51,443.47,476.10,707.31,506.62,65.20,1142.86,234.22,18087.00,56.52,57.71,4622.31,60.38,98.00,135.45,139.10,131.28,310.36,513.26,,3520,2021-08-20 00:00:00,,,,,,,,
2021-08-19 00:00:00,649.00,759.41,5.91,83.25,891.81,469.16,446.16,476.55,707.30,512.29,65.32,1139.04,230.85,18049.00,56.63,57.83,4613.62,60.00,97.92,134.57,137.31,130.36,308.92,513.58,,3521,2021-08-19 00:00:00,,,,,,,,
2021-08-18 00:00:00,649.00,760.26,5.93,83.28,892.30,471.27,449.92,476.65,709.76,514.37,65.28,1133.04,229.52,18135.00,56.56,57.76,4622.38,60.00,97.81,134.93,137.34,129.85,307.92,512.97,,3522,2021-08-18 00:00:00,,,,,,,,
2021-08-17 00:00:00,648.00,762.76,5.93,83.19,896.35,475.24,455.08,477.66,709.76,515.19,65.41,1131.07,229.11,18038.00,56.71,57.91,4608.32,59.78,97.48,133.56,136.29,130.62,307.17,515.94,,3523,2021-08-17 00:00:00,,,,,,,,
2021-08-16 00:00:00,647.00,763.02,5.90,83.15,896.97,476.49,455.33,477.50,706.75,516.81,65.50,1130.42,227.58,17989.00,56.77,57.97,4619.66,59.82,97.44,133.54,136.07,131.62,307.24,514.89,,3524,2021-08-16 00:00:00,,,,,,,,
2021-08-13 00:00:00,648.00,760.51,5.87,83.26,895.00,475.73,453.86,477.25,701.95,517.62,65.34,1135.26,228.01,17972.00,56.68,57.88,4639.53,60.14,97.78,134.01,136.55,132.17,307.90,511.21,,3525,2021-08-13 00:00:00,,,,,,,,
2021-08-12 00:00:00,648.00,760.34,5.87,83.24,898.17,477.52,456.13,477.41,702.69,517.88,65.43,1132.79,226.18,17845.00,56.71,57.91,4651.02,60.22,97.80,134.06,136.69,133.25,307.77,512.35,,3526,2021-08-12 00:00:00,,,,,,,,
2021-08-11 00:00:00,648.00,759.79,5.86,83.31,897.00,476.34,454.37,476.81,702.51,517.84,65.23,1140.34,228.27,17781.00,56.66,57.85,4652.70,60.25,97.88,134.48,137.70,132.72,309.89,516.07,,3527,2021-08-11 00:00:00,,,,,,,,
2021-08-10 00:00:00,648.00,761.00,5.88,83.32,897.82,475.29,453.39,477.59,704.27,515.59,65.21,1135.92,227.96,17684.00,56.65,57.84,4640.49,59.97,97.73,134.27,137.98,133.35,309.58,515.94,,3528,2021-08-10 00:00:00,,,,,,,,
2021-08-09 00:00:00,648.00,761.81,5.88,83.34,898.89,475.59,453.39,478.20,708.06,515.73,65.10,1133.60,225.86,17677.00,56.64,57.84,4640.46,60.03,97.60,133.85,137.60,133.04,309.71,515.22,,3529,2021-08-09 00:00:00,,,,,,,,
2021-08-06 00:00:00,646.00,764.66,5.89,83.10,900.10,478.40,455.60,478.32,712.70,517.11,65.23,1131.58,224.58,17681.00,56.83,58.03,4620.86,59.45,97.26,133.29,136.36,131.93,308.41,514.64,,3530,2021-08-06 00:00:00,,,,,,,,
2021-08-05 00:00:00,647.00,765.79,5.91,83.18,898.48,477.59,455.72,478.65,713.60,515.75,65.25,1131.72,222.07,17697.00,56.78,57.98,4631.37,59.32,97.10,133.07,136.66,131.04,308.78,512.27,,3531,2021-08-05 00:00:00,,,,,,,,
2021-08-04 00:00:00,647.00,767.30,5.93,83.14,899.64,478.24,455.36,478.58,715.35,515.80,65.31,1127.58,221.36,17761.00,56.81,58.01,4633.91,59.33,96.92,133.07,136.33,130.00,307.41,510.80,,3532,2021-08-04 00:00:00,,,,,,,,
2021-08-03 00:00:00,646.00,767.14,5.91,83.10,897.52,475.88,451.42,477.47,713.68,516.86,65.37,1128.93,223.89,17805.00,56.85,58.05,4649.52,59.42,96.97,133.01,136.59,129.28,308.03,509.74,,3533,2021-08-03 00:00:00,,,,,,,,
2021-08-02 00:00:00,647.00,767.25,5.89,83.19,898.67,474.87,450.96,477.39,713.73,518.52,65.29,1130.53,226.10,17803.00,56.80,58.00,4675.73,59.51,96.94,132.95,136.51,130.55,307.41,509.39,,3534,2021-08-02 00:00:00,,,,,,,,
2021-07-30 00:00:00,646.00,767.91,5.90,83.12,901.80,477.81,452.86,477.50,713.05,518.94,65.62,1133.44,225.48,17729.00,56.88,58.09,4656.34,59.51,96.86,132.43,135.17,130.96,307.61,508.91,,3535,2021-07-30 00:00:00,,,,,,,,
2021-07-29 00:00:00,649.00,769.32,5.91,83.50,903.17,479.11,452.00,478.77,713.85,518.80,65.15,1131.84,227.12,17726.00,56.55,57.74,4683.07,59.73,96.66,132.29,135.44,131.77,306.83,505.88,,3536,2021-07-29 00:00:00,,,,,,,,
2021-07-28 00:00:00,649.00,767.41,5.91,83.42,901.40,478.25,452.02,477.47,710.11,515.66,65.20,1132.85,227.78,17729.00,56.57,57.77,4679.49,59.90,96.90,132.80,136.76,131.85,307.54,507.29,,3537,2021-07-28 00:00:00,,,,,,,,
2021-07-27 00:00:00,647.00,764.18,5.87,83.23,894.94,478.06,453.17,476.87,707.09,516.19,65.32,1137.08,228.28,17784.00,56.73,57.94,4729.78,60.10,97.32,133.25,136.16,132.18,309.61,508.05,,3538,2021-07-27 00:00:00,,,,,,,,
2021-07-26 00:00:00,648.00,762.43,5.86,83.34,890.98,477.18,452.16,476.12,704.21,515.40,65.25,1137.33,228.94,17780.00,56.71,57.92,4724.15,60.03,97.53,134.20,136.79,132.06,309.84,508.36,,3539,2021-07-26 00:00:00,,,,,,,,
2021-07-23 00:00:00,647.00,761.22,5.87,83.20,890.44,477.31,451.31,475.73,703.48,514.59,65.31,1139.21,227.55,17774.00,56.81,58.02,4698.54,59.95,97.71,134.23,136.88,132.42,310.99,508.50,,3540,2021-07-23 00:00:00,,,,,,,,
2021-07-22 00:00:00,647.00,762.36,5.86,83.17,886.46,475.37,450.00,474.04,704.57,514.45,65.45,1143.37,225.47,17802.00,56.81,58.02,4718.37,60.05,97.57,134.38,137.41,132.39,311.76,508.03,,3541,2021-07-22 00:00:00,,,,,,,,
2021-07-21 00:00:00,648.00,763.75,5.90,83.42,883.67,475.54,448.57,474.48,703.74,511.40,65.17,1146.92,225.63,17718.00,56.65,57.85,4704.57,60.14,97.40,134.16,138.82,132.24,310.66,506.08,,3542,2021-07-21 00:00:00,,,,,,,,
2021-07-20 00:00:00,649.00,764.81,5.92,83.46,886.60,476.09,449.71,475.52,706.16,508.75,65.10,1150.87,224.53,17738.00,56.64,57.84,4704.85,60.08,97.24,134.01,138.00,132.36,309.15,506.48,,3543,2021-07-20 00:00:00,,,,,,,,
2021-07-19 00:00:00,647.00,764.08,5.89,83.29,890.26,478.13,452.65,476.87,704.02,512.76,65.00,1144.90,222.67,17647.00,56.77,57.97,4702.58,59.98,97.33,134.14,136.79,131.96,307.72,506.44,,3544,2021-07-19 00:00:00,,,,,,,,
2021-07-16 00:00:00,647.00,764.12,5.89,83.30,894.69,480.40,453.27,477.59,705.00,513.62,64.94,1150.62,225.09,17659.00,56.78,57.98,4690.46,59.93,97.32,133.90,136.34,132.44,308.11,505.27,,3545,2021-07-16 00:00:00,,,,,,,,
2021-07-15 00:00:00,646.00,764.83,5.88,83.22,895.48,483.38,454.71,477.59,706.69,516.41,64.96,1146.75,224.21,17732.00,56.82,58.02,4686.54,59.72,97.24,133.38,135.22,132.86,307.97,504.95,,3546,2021-07-15 00:00:00,,,,,,,,
2021-07-14 00:00:00,648.00,763.20,5.86,83.45,894.92,482.44,450.22,477.96,705.26,517.66,64.74,1148.21,227.41,17751.00,56.68,57.88,4678.22,59.98,97.44,133.52,135.47,133.08,309.42,503.98,,3547,2021-07-14 00:00:00,,,,,,,,
2021-07-13 00:00:00,648.00,768.13,5.87,83.38,899.20,484.37,452.46,479.11,707.63,519.94,64.71,1149.12,222.29,17700.00,56.72,57.92,4624.38,59.25,96.82,132.60,134.28,133.35,306.44,504.45,,3548,2021-07-13 00:00:00,,,,,,,,
2021-07-12 00:00:00,648.00,768.89,5.88,83.40,900.12,484.83,453.46,479.32,708.61,520.04,64.62,1146.38,219.84,17682.00,56.71,57.91,4616.77,59.11,96.71,132.48,134.10,133.69,306.96,502.69,,3549,2021-07-12 00:00:00,,,,,,,,
2021-07-09 00:00:00,648.00,766.82,5.90,83.36,892.80,481.15,449.79,478.75,707.76,516.58,64.57,1152.46,221.09,17686.00,56.72,57.92,4658.77,59.20,96.96,132.77,135.72,134.15,308.73,502.04,,3550,2021-07-09 00:00:00,,,,,,,,
2021-07-08 00:00:00,647.00,763.23,5.85,83.29,892.99,484.26,453.78,479.71,699.20,518.46,64.34,1153.62,220.95,17618.00,56.77,57.97,4674.94,59.40,97.43,133.28,134.92,134.20,308.37,499.63,,3551,2021-07-08 00:00:00,,,,,,,,
2021-07-07 00:00:00,648.00,765.38,5.85,83.38,893.53,485.25,454.22,480.49,700.20,519.70,64.18,1149.75,221.91,17530.00,56.73,57.93,4622.28,58.96,97.13,132.79,134.43,134.15,309.14,498.23,,3552,2021-07-07 00:00:00,,,,,,,,
2021-07-06 00:00:00,646.00,766.57,5.83,83.18,895.19,487.33,455.80,480.51,700.71,523.68,64.33,1136.57,220.66,17511.00,56.84,58.05,4588.18,58.70,97.01,132.34,132.53,134.09,307.08,496.87,,3553,2021-07-06 00:00:00,,,,,,,,
2021-07-05 00:00:00,647.00,767.16,5.82,83.30,894.82,486.47,454.48,480.32,702.01,524.74,64.30,1130.95,220.15,17480.00,56.76,57.96,4583.28,58.81,96.91,132.10,133.08,134.30,306.06,496.85,,3554,2021-07-05 00:00:00,,,,,,,,
2021-07-02 00:00:00,647.00,766.34,5.80,83.34,890.31,483.01,450.66,479.47,698.66,520.04,64.29,1135.05,223.50,17520.00,56.77,57.97,4580.77,58.92,97.03,132.61,133.35,134.06,309.18,495.75,,3555,2021-07-02 00:00:00,,,,,,,,
2021-07-01 00:00:00,647.00,767.01,5.82,83.34,894.64,485.06,452.44,480.95,699.27,522.02,64.17,1130.20,220.60,17464.00,56.77,57.98,4580.08,58.95,96.94,132.17,133.06,134.55,308.15,495.27,,3556,2021-07-01 00:00:00,,,,,,,,
2021-06-30 00:00:00,646.00,768.62,5.84,83.21,894.10,485.28,451.53,480.27,701.34,520.97,64.27,1125.93,222.19,17498.00,56.86,58.06,4573.29,58.79,96.74,131.95,132.50,135.19,306.77,496.34,,3557,2021-06-30 00:00:00,,,,,,,,
2021-06-29 00:00:00,646.00,769.95,5.84,83.18,895.98,488.43,454.73,480.81,701.95,523.37,64.23,1117.58,220.87,17501.00,56.89,58.09,4550.36,58.46,96.58,131.85,132.07,134.55,306.93,494.66,,3558,2021-06-29 00:00:00,,,,,,,,
2021-06-28 00:00:00,646.00,770.91,5.83,83.21,897.00,490.01,456.49,480.99,704.19,525.25,64.34,1118.02,219.35,17463.00,56.88,58.07,4554.29,58.54,96.46,131.52,131.53,135.64,307.07,492.40,,3559,2021-06-28 00:00:00,,,,,,,,
2021-06-25 00:00:00,647.00,772.34,5.84,83.41,901.13,490.95,457.24,482.07,705.20,525.48,64.23,1116.46,219.37,17478.00,56.73,57.92,4550.00,58.51,96.29,130.93,131.31,134.43,306.53,492.44,,3560,2021-06-25 00:00:00,,,,,,,,
2021-06-24 00:00:00,648.00,773.26,5.84,83.48,905.25,491.08,456.85,481.63,705.86,526.92,64.20,1119.70,219.55,17544.00,56.66,57.85,4528.39,58.56,96.17,130.83,131.69,133.27,311.57,491.51,,3561,2021-06-24 00:00:00,,,,,,,,
2021-06-23 00:00:00,646.00,771.44,5.84,83.21,901.55,488.03,453.41,480.92,703.70,525.05,64.32,1125.59,220.55,17512.00,56.83,58.03,4540.45,58.54,96.36,131.18,132.15,133.83,314.90,490.26,,3562,2021-06-23 00:00:00,,,,,,,,
2021-06-22 00:00:00,646.00,769.82,5.86,83.22,899.92,486.96,451.44,481.21,703.69,522.49,64.12,1130.54,220.02,17510.00,56.84,58.03,4588.97,58.81,96.59,132.07,132.72,135.88,317.36,489.20,,3563,2021-06-22 00:00:00,,,,,,,,
2021-06-21 00:00:00,645.00,766.47,5.86,83.15,892.22,484.47,448.76,480.01,700.02,518.72,64.12,1128.01,222.10,17569.00,56.89,58.09,4636.76,59.37,97.00,133.29,134.19,135.62,319.35,487.49,,3564,2021-06-21 00:00:00,,,,,,,,
2021-06-18 00:00:00,644.00,766.71,5.84,82.89,896.91,486.31,451.38,479.55,701.38,521.35,64.31,1123.66,219.21,17576.00,57.07,58.27,4639.29,59.44,96.99,132.83,132.68,135.46,317.36,487.87,,3565,2021-06-18 00:00:00,,,,,,,,
2021-06-17 00:00:00,643.00,770.65,5.80,82.82,898.68,489.32,454.54,480.95,706.85,523.34,64.16,1130.60,218.16,17547.00,57.18,58.38,4568.58,58.71,96.49,131.68,131.89,134.13,317.05,486.81,,3566,2021-06-17 00:00:00,,,,,,,,
2021-06-16 00:00:00,641.00,776.85,5.82,82.54,902.17,492.42,456.24,482.66,713.12,525.86,64.26,1127.03,214.89,17437.00,57.33,58.54,4521.22,58.26,95.73,129.91,129.81,133.56,312.74,486.33,,3567,2021-06-16 00:00:00,,,,,,,,
2021-06-15 00:00:00,641.00,776.43,5.82,82.54,903.98,494.16,457.93,482.97,712.33,527.66,64.19,1125.22,214.93,17444.00,57.33,58.54,4505.29,58.15,95.76,129.90,129.74,132.10,311.17,485.76,,3568,2021-06-15 00:00:00,,,,,,,,
2021-06-11 00:00:00,639.00,777.29,5.84,82.29,904.88,494.89,459.11,482.40,713.67,527.97,64.51,1123.27,212.93,17422.00,57.53,58.75,4443.71,57.48,95.66,129.21,129.54,131.99,308.50,487.50,,3569,2021-06-11 00:00:00,,,,,,,,
2021-06-10 00:00:00,640.00,778.89,5.83,82.43,902.57,494.32,458.73,482.82,713.95,528.00,64.37,1130.60,214.73,17451.00,57.43,58.64,4445.84,57.43,95.47,129.22,129.35,134.20,308.47,487.27,,3570,2021-06-10 00:00:00,,,,,,,,
2021-06-09 00:00:00,640.00,778.49,5.84,82.43,905.00,494.89,460.19,483.04,713.05,527.99,64.43,1128.97,212.23,17447.00,57.43,58.65,4479.26,57.32,95.52,129.35,129.28,134.53,308.14,487.86,,3571,2021-06-09 00:00:00,,,,,,,,
2021-06-08 00:00:00,639.00,778.96,5.85,82.37,905.94,495.68,461.68,483.10,711.94,528.85,64.56,1138.32,211.74,17394.00,57.47,58.69,4451.63,57.35,95.46,129.29,129.29,134.74,310.30,487.83,,3572,2021-06-08 00:00:00,,,,,,,,
2021-06-07 00:00:00,640.00,777.89,5.84,82.46,905.59,494.83,460.81,482.91,711.15,529.44,64.57,1138.24,209.94,17375.00,57.44,58.65,4445.26,57.26,95.59,129.44,129.87,135.67,312.20,487.36,,3573,2021-06-07 00:00:00,,,,,,,,
2021-06-04 00:00:00,641.00,777.13,5.81,82.59,903.86,490.84,457.89,482.47,709.06,529.11,64.39,1143.39,212.64,17435.00,57.32,58.53,4466.12,57.39,95.68,130.01,130.76,135.91,314.48,486.98,,3574,2021-06-04 00:00:00,,,,,,,,
2021-06-03 00:00:00,638.00,778.95,5.82,82.24,904.08,494.28,461.50,482.47,710.40,529.98,64.61,1146.05,211.86,17413.00,57.57,58.79,4448.57,57.20,95.45,129.62,130.09,134.67,312.05,487.85,,3575,2021-06-03 00:00:00,,,,,,,,
2021-06-02 00:00:00,638.00,779.05,5.82,82.19,902.51,494.51,462.55,482.13,710.74,528.13,64.69,1152.42,215.74,17357.00,57.59,58.81,4442.42,57.26,95.45,129.68,130.45,135.02,313.13,488.47,,3576,2021-06-02 00:00:00,,,,,,,,
2021-06-01 00:00:00,636.00,777.20,5.80,81.91,903.81,492.03,462.25,481.22,707.31,526.93,64.89,1153.84,215.94,17430.00,57.79,59.02,4466.38,57.62,95.69,130.37,130.77,133.62,313.60,490.75,,3577,2021-06-01 00:00:00,,,,,,,,
2021-05-31 00:00:00,637.00,776.16,5.79,82.04,902.87,490.88,461.08,481.19,707.38,527.09,65.02,1150.88,216.52,17514.00,57.70,58.92,4481.16,57.76,95.82,130.45,131.30,134.67,313.23,490.87,,3578,2021-05-31 00:00:00,,,,,,,,
2021-05-28 00:00:00,639.00,778.22,5.81,82.28,906.54,494.14,464.85,481.89,711.46,528.81,64.86,1151.06,215.61,17515.00,57.54,58.76,4472.73,57.70,95.56,129.69,130.77,133.18,312.68,490.06,,3579,2021-05-28 00:00:00,,,,,,,,
2021-05-27 00:00:00,640.00,780.66,5.87,82.48,903.86,495.53,466.06,483.22,713.17,527.97,64.72,1149.44,214.93,17458.00,57.36,58.58,4478.26,57.65,95.26,129.89,130.69,132.03,310.56,489.13,,3580,2021-05-27 00:00:00,,,,,,,,
2021-05-26 00:00:00,641.00,785.17,5.89,82.58,906.74,496.88,463.17,483.71,715.84,531.30,64.63,1146.53,216.29,17506.00,57.30,58.50,4441.39,57.08,94.70,128.80,129.59,131.88,310.51,489.05,,3581,2021-05-26 00:00:00,,,,,,,,
2021-05-25 00:00:00,643.00,785.03,5.91,82.79,909.86,498.22,463.70,483.87,716.53,533.43,64.50,1143.82,216.68,17512.00,57.15,58.35,4421.89,57.09,94.73,129.37,129.62,130.41,309.12,487.76,,3582,2021-05-25 00:00:00,,,,,,,,
2021-05-24 00:00:00,644.00,784.51,5.91,82.96,910.87,497.84,461.88,483.62,717.50,533.69,64.27,1143.96,216.78,17510.00,57.03,58.23,4448.07,57.27,94.79,129.21,130.13,130.76,309.49,487.16,,3583,2021-05-24 00:00:00,,,,,,,,
2021-05-21 00:00:00,643.00,786.15,5.91,82.83,912.04,499.75,462.73,483.22,716.41,532.99,64.45,1142.79,217.46,17534.00,57.13,58.33,4442.63,57.14,94.58,129.13,129.08,130.36,309.16,487.79,,3584,2021-05-21 00:00:00,,,,,,,,
2021-05-20 00:00:00,645.00,784.91,5.90,83.02,909.70,497.94,462.00,482.88,713.17,531.40,64.24,1145.24,218.60,17555.00,56.98,58.18,4469.35,57.64,94.73,129.53,129.12,130.52,309.27,487.77,,3585,2021-05-20 00:00:00,,,,,,,,
2021-05-19 00:00:00,643.00,785.33,5.90,82.75,911.67,500.76,465.37,483.09,715.75,532.49,64.19,1146.16,217.97,17565.00,57.17,58.37,4464.49,57.57,94.69,128.91,128.10,130.06,308.83,489.17,,3586,2021-05-19 00:00:00,,,,,,,,
2021-05-18 00:00:00,644.00,782.33,5.89,82.87,910.43,500.25,464.50,482.04,712.59,533.44,64.14,1146.52,219.01,17646.00,57.07,58.27,4492.57,57.87,95.04,129.41,128.27,129.09,307.24,488.79,,3587,2021-05-18 00:00:00,,,,,,,,
2021-05-17 00:00:00,643.00,781.08,5.88,82.79,906.61,500.20,465.77,482.47,713.28,530.89,64.20,1149.58,219.91,17540.00,57.12,58.32,4548.84,57.98,95.20,129.44,127.85,131.39,309.02,487.51,,3588,2021-05-17 00:00:00,,,,,,,,
2021-05-14 00:00:00,645.00,779.20,5.89,83.07,906.38,498.43,463.35,483.73,712.25,530.28,63.93,1147.58,218.94,17493.00,56.93,58.13,4579.23,58.09,95.44,130.29,129.46,131.81,309.22,486.06,,3589,2021-05-14 00:00:00,,,,,,,,
2021-05-13 00:00:00,646.00,780.23,5.89,83.19,908.39,499.51,463.06,484.51,710.78,532.94,63.85,1154.99,218.54,17498.00,56.86,58.05,4579.70,58.36,95.29,130.42,129.12,130.61,311.80,484.27,,3590,2021-05-13 00:00:00,,,,,,,,
2021-05-12 00:00:00,643.00,780.27,5.91,82.72,908.30,503.57,466.62,484.47,710.92,531.17,64.09,1154.61,217.74,17438.00,57.17,58.37,4594.13,58.18,95.28,129.50,128.59,129.17,310.73,485.03,,3591,2021-05-12 00:00:00,,,,,,,,
2021-05-11 00:00:00,643.00,779.44,5.90,82.74,907.17,503.13,466.64,484.19,712.96,530.91,63.93,1157.79,218.59,17378.00,57.19,58.40,4589.16,58.50,95.39,129.81,128.69,128.80,310.08,484.34,,3592,2021-05-11 00:00:00,,,,,,,,
2021-05-10 00:00:00,644.00,783.59,5.93,82.96,903.62,505.70,469.31,486.05,714.96,531.31,63.81,1144.42,218.33,17323.00,57.04,58.25,4568.88,58.11,94.92,128.99,127.54,128.00,309.23,483.33,,3593,2021-05-10 00:00:00,,,,,,,,
2021-05-07 00:00:00,647.00,780.03,5.93,83.25,898.32,503.30,467.56,484.91,712.29,531.90,63.76,1147.80,219.49,17358.00,56.80,58.01,4594.14,58.60,95.33,130.28,128.43,128.14,310.94,482.83,,3594,2021-05-07 00:00:00,,,,,,,,
2021-05-06 00:00:00,649.00,779.05,5.94,83.53,902.43,502.87,468.47,485.89,710.52,528.86,63.49,1155.28,221.23,17341.00,56.61,57.80,4605.49,58.70,95.42,130.77,128.59,128.32,312.12,479.73,,3595,2021-05-06 00:00:00,,,,,,,,
2021-04-30 00:00:00,647.00,783.97,5.94,83.31,902.01,502.87,468.54,487.60,711.47,526.76,63.42,1153.49,221.01,17130.00,56.80,58.00,4594.28,58.25,94.85,129.43,126.63,126.98,309.95,482.46,,3596,2021-04-30 00:00:00,,,,,,,,
2021-04-29 00:00:00,647.00,785.21,5.96,83.37,902.91,504.78,470.28,488.65,711.85,525.93,63.38,1147.79,219.89,17135.00,56.76,57.96,4609.89,58.28,94.68,128.78,126.31,126.73,307.54,484.12,,3597,2021-04-29 00:00:00,,,,,,,,
2021-04-28 00:00:00,649.00,783.95,5.96,83.55,901.59,503.73,467.15,488.90,709.56,522.82,63.17,1152.14,221.61,17157.00,56.63,57.83,4623.37,58.29,94.85,129.11,127.59,126.79,309.10,483.74,,3598,2021-04-28 00:00:00,,,,,,,,
2021-04-27 00:00:00,649.00,784.23,6.00,83.66,902.02,506.13,469.32,489.67,709.80,523.69,63.13,1154.66,219.87,17133.00,56.58,57.77,4635.09,58.12,94.81,129.16,127.77,127.73,306.08,484.08,,3599,2021-04-27 00:00:00,,,,,,,,
2021-04-26 00:00:00,649.00,784.72,6.01,83.65,900.07,502.84,466.91,488.93,710.19,519.76,63.31,1154.54,219.89,17192.00,56.60,57.79,4631.84,58.00,94.76,129.26,127.92,129.72,305.82,483.77,,3600,2021-04-26 00:00:00,,,,,,,,
2021-04-23 00:00:00,649.00,780.20,6.01,83.67,898.72,500.42,464.83,488.47,708.05,519.48,63.33,1162.11,220.35,17231.00,56.57,57.76,4662.57,58.50,95.31,129.87,128.72,128.14,307.00,483.24,,3601,2021-04-23 00:00:00,,,,,,,,
2021-04-22 00:00:00,649.00,781.09,6.01,83.60,903.95,503.17,467.45,488.49,707.87,519.03,63.47,1179.97,219.67,17211.00,56.60,57.80,4638.15,58.33,95.21,129.53,128.54,126.29,306.68,482.50,,3602,2021-04-22 00:00:00,,,,,,,,
2021-04-21 00:00:00,650.00,782.93,6.02,83.80,906.59,502.48,466.31,489.42,710.14,515.77,63.27,1181.71,219.82,17155.00,56.47,57.66,4613.22,58.14,95.00,129.71,128.51,124.75,306.77,480.77,,3603,2021-04-21 00:00:00,,,,,,,,
2021-04-20 00:00:00,651.00,783.73,6.02,83.82,910.63,505.29,467.74,489.48,711.36,519.62,63.32,1172.74,218.44,17146.00,56.42,57.61,4604.51,58.07,94.88,128.98,127.36,124.39,304.54,479.27,,3604,2021-04-20 00:00:00,,,,,,,,
2021-04-19 00:00:00,652.00,780.88,6.00,83.93,901.73,503.61,465.28,488.81,708.69,521.24,63.25,1164.00,219.39,17119.00,56.30,57.50,4622.59,58.15,95.23,129.44,128.52,123.75,305.50,478.23,,3605,2021-04-19 00:00:00,,,,,,,,
2021-04-16 00:00:00,653.00,781.37,6.01,84.06,899.92,506.09,468.47,489.24,708.12,520.50,63.15,1165.67,216.97,17121.00,56.26,57.44,4596.69,58.24,95.17,129.36,128.37,122.99,305.55,478.77,,3606,2021-04-16 00:00:00,,,,,,,,
2021-04-15 00:00:00,653.00,782.45,5.99,84.08,899.63,504.47,466.31,488.83,707.47,521.71,63.17,1162.03,220.37,17095.00,56.25,57.44,4580.57,58.20,95.04,129.63,128.50,123.66,307.54,480.05,,3607,2021-04-15 00:00:00,,,,,,,,
2021-04-14 00:00:00,654.00,781.22,6.00,84.08,899.14,499.62,461.39,487.70,710.12,521.43,63.23,1161.19,221.95,17171.00,56.19,57.37,4598.68,58.44,95.19,130.18,129.52,124.07,307.33,481.55,,3608,2021-04-14 00:00:00,,,,,,,,
2021-04-13 00:00:00,655.00,779.68,5.98,84.20,899.98,498.97,459.94,488.35,709.54,520.99,63.12,1181.20,222.66,17181.00,56.11,57.29,4581.28,58.12,95.38,131.00,129.57,124.54,307.79,481.01,,3609,2021-04-13 00:00:00,,,,,,,,
2021-04-12 00:00:00,656.00,780.41,5.98,84.32,899.01,499.88,461.54,488.86,708.80,523.36,63.05,1180.23,222.40,17101.00,56.01,57.19,4580.47,58.06,95.29,130.23,129.59,124.69,307.50,479.67,,3610,2021-04-12 00:00:00,,,,,,,,
2021-04-09 00:00:00,654.00,779.43,5.98,84.10,898.47,500.72,461.77,488.22,707.82,520.63,63.20,1173.13,221.94,17051.00,56.15,57.34,4596.42,58.30,95.41,130.50,129.26,124.43,307.27,480.36,,3611,2021-04-09 00:00:00,,,,,,,,
2021-04-08 00:00:00,655.00,776.92,5.96,84.09,899.28,498.30,458.73,488.13,704.06,518.94,63.13,1175.12,222.63,17092.00,56.11,57.30,4619.78,58.85,95.72,131.81,129.58,124.72,308.84,479.19,,3612,2021-04-08 00:00:00,,,,,,,,
2021-04-07 00:00:00,654.00,776.32,5.96,84.08,904.13,500.95,461.43,488.44,702.46,520.02,63.11,1178.17,221.94,17098.00,56.16,57.36,4644.33,59.13,95.79,131.74,129.84,124.59,308.58,478.95,,3613,2021-04-07 00:00:00,,,,,,,,
2021-04-06 00:00:00,655.00,774.33,5.95,84.27,911.58,501.71,462.97,488.76,699.87,523.49,63.11,1165.46,222.06,17154.00,56.05,57.23,4652.71,59.28,96.05,132.78,129.70,123.88,309.90,478.20,,3614,2021-04-06 00:00:00,,,,,,,,
2021-04-02 00:00:00,656.00,773.08,5.94,84.44,908.21,500.18,461.10,488.15,696.93,523.28,63.13,1160.94,222.75,17190.00,55.94,57.12,4671.63,59.32,96.18,132.74,129.81,123.76,309.08,475.83,,3615,2021-04-02 00:00:00,,,,,,,,
2021-04-01 00:00:00,656.00,769.05,5.92,84.37,903.92,497.96,457.85,487.56,694.74,522.01,63.19,1153.77,225.34,17206.00,56.00,57.19,4706.16,60.22,96.72,133.15,130.39,125.85,311.64,476.59,,3616,2021-04-01 00:00:00,,,,,,,,
2021-03-31 00:00:00,657.00,770.28,5.96,84.52,903.13,499.87,459.25,487.68,697.64,520.52,63.16,1154.84,226.89,17246.00,55.90,57.08,4717.91,60.44,96.55,132.90,130.07,126.65,313.09,476.05,,3617,2021-03-31 00:00:00,,,,,,,,
2021-03-30 00:00:00,656.00,772.46,5.98,84.44,903.80,501.34,459.75,486.89,699.15,521.41,63.08,1152.62,227.30,17241.00,55.96,57.14,4694.43,60.40,96.26,132.37,130.20,125.87,313.93,475.20,,3618,2021-03-30 00:00:00,,,,,,,,
2021-03-29 00:00:00,654.00,771.04,5.96,84.20,902.00,499.51,457.30,485.99,696.22,519.88,63.37,1157.16,229.35,17270.00,56.15,57.34,4700.46,60.09,96.44,132.16,131.25,124.03,315.36,475.61,,3619,2021-03-29 00:00:00,,,,,,,,
2021-03-26 00:00:00,654.00,769.85,5.99,84.14,898.75,496.39,455.39,485.00,695.86,518.87,63.41,1163.94,229.46,17330.00,56.17,57.36,4732.84,60.18,96.59,132.26,132.08,121.57,316.37,476.07,,3620,2021-03-26 00:00:00,,,,,,,,
2021-03-25 00:00:00,653.00,771.09,6.00,84.03,893.37,495.36,454.88,484.76,697.56,518.90,63.29,1173.60,229.15,17379.00,56.27,57.45,4729.81,59.99,96.43,131.96,131.77,121.29,320.22,475.03,,3621,2021-03-25 00:00:00,,,,,,,,
2021-03-24 00:00:00,652.00,772.69,6.01,83.96,896.05,496.73,456.35,484.68,698.17,518.05,63.24,1171.03,228.05,17366.00,56.31,57.49,4735.53,59.77,96.23,131.83,132.54,121.71,319.09,475.05,,3622,2021-03-24 00:00:00,,,,,,,,
2021-03-23 00:00:00,650.00,776.04,5.98,83.75,901.37,503.25,463.34,485.27,704.25,519.26,63.24,1151.34,226.39,17333.00,56.47,57.66,4718.00,59.21,95.82,130.89,130.73,120.45,316.63,474.94,,3623,2021-03-23 00:00:00,,,,,,,,
2021-03-22 00:00:00,652.00,774.90,5.99,83.94,902.14,503.84,466.64,485.11,701.10,520.71,63.04,1142.00,227.30,17360.00,56.34,57.54,4745.53,59.62,95.94,131.24,131.26,124.84,316.87,473.25,,3624,2021-03-22 00:00:00,,,,,,,,
2021-03-19 00:00:00,651.00,775.74,5.98,83.83,906.57,505.10,466.67,484.28,701.99,521.16,63.17,1142.58,226.15,17327.00,56.42,57.62,4750.32,59.54,95.84,130.79,130.76,112.48,314.62,474.26,,3625,2021-03-19 00:00:00,,,,,,,,
2021-03-18 00:00:00,649.00,777.15,5.96,83.54,906.38,506.63,469.98,484.29,703.47,523.46,63.46,1132.15,225.81,17311.00,56.62,57.81,4714.96,59.14,95.66,130.22,129.54,115.59,314.19,473.37,,3626,2021-03-18 00:00:00,,,,,,,,
2021-03-17 00:00:00,650.00,773.39,5.96,83.67,903.26,503.17,467.27,483.05,702.58,522.27,63.29,1121.23,228.90,17401.00,56.52,57.72,4750.39,59.41,96.15,130.82,130.51,115.29,317.14,473.33,,3627,2021-03-17 00:00:00,,,,,,,,
2021-03-16 00:00:00,650.00,775.47,5.96,83.75,903.65,503.82,468.29,483.38,701.02,521.18,63.20,1119.69,228.61,17450.00,56.48,57.68,4733.84,59.17,95.89,130.95,130.08,115.84,317.83,472.61,,3628,2021-03-16 00:00:00,,,,,,,,
2021-03-15 00:00:00,650.00,776.76,5.96,83.74,905.35,504.51,467.11,483.37,699.43,521.09,63.34,1127.89,229.95,17463.00,56.50,57.69,4723.08,58.97,95.73,130.56,129.58,116.36,318.59,472.93,,3629,2021-03-15 00:00:00,,,,,,,,
2021-03-12 00:00:00,648.00,777.33,5.98,83.58,907.37,505.08,468.72,484.10,701.45,517.67,63.32,1128.89,228.54,17448.00,56.63,57.83,4695.98,58.97,95.66,130.29,129.69,115.33,317.68,471.00,,3630,2021-03-12 00:00:00,,,,,,,,
2021-03-11 00:00:00,650.00,774.79,5.99,83.72,905.17,502.32,467.20,483.59,698.85,514.99,63.44,1130.89,232.01,17524.00,56.52,57.72,4735.39,59.05,95.96,130.49,129.85,115.46,321.72,472.61,,3631,2021-03-11 00:00:00,,,,,,,,
2021-03-10 00:00:00,651.00,774.66,5.99,83.88,904.21,502.36,467.25,484.65,701.39,515.20,63.22,1137.30,234.93,17466.00,56.41,57.61,4732.98,58.99,96.00,130.54,130.07,116.96,325.49,472.45,,3632,2021-03-10 00:00:00,,,,,,,,
2021-03-09 00:00:00,653.00,774.23,6.00,84.12,903.16,500.11,465.80,483.76,697.86,516.23,62.89,1141.04,237.58,17447.00,56.21,57.41,4747.09,59.36,96.04,131.30,130.62,118.91,328.95,471.79,,3633,2021-03-09 00:00:00,,,,,,,,
2021-03-08 00:00:00,648.00,772.48,5.97,83.46,897.43,499.50,465.29,483.27,696.30,512.84,62.91,1142.35,236.67,17395.00,56.72,57.93,4751.09,59.39,96.28,131.64,131.68,116.11,328.05,470.62,,3634,2021-03-08 00:00:00,,,,,,,,
2021-03-05 00:00:00,649.00,776.40,6.01,83.63,901.40,500.76,465.97,485.02,698.23,511.94,62.63,1152.06,235.66,17451.00,56.61,57.82,4700.83,58.76,95.76,131.04,132.43,115.95,325.63,468.71,,3635,2021-03-05 00:00:00,,,,,,,,
2021-03-04 00:00:00,648.00,780.26,6.05,83.48,901.92,502.43,468.35,485.57,703.78,511.01,62.60,1143.29,233.10,17389.00,56.74,57.95,4666.06,58.25,95.29,130.19,131.52,115.21,323.56,468.60,,3636,2021-03-04 00:00:00,,,,,,,,
2021-03-03 00:00:00,646.00,780.16,6.05,83.23,900.85,504.86,470.47,485.61,705.45,510.81,62.80,1141.43,231.32,17403.00,56.90,58.11,4669.30,58.18,95.31,129.89,131.28,113.82,319.26,468.47,,3637,2021-03-03 00:00:00,,,,,,,,
2021-03-02 00:00:00,646.00,778.56,6.05,83.32,899.76,501.92,469.64,486.80,706.22,511.05,62.69,1149.52,232.13,17289.00,56.84,58.05,4672.46,58.21,95.52,130.34,132.47,112.67,319.67,467.69,,3638,2021-03-02 00:00:00,,,,,,,,
2021-03-01 00:00:00,648.00,782.91,6.08,83.48,904.60,501.80,470.57,486.80,713.36,509.86,62.57,1153.22,232.43,17360.00,56.72,57.92,4628.19,57.73,94.99,130.07,133.14,114.53,321.26,468.75,,3639,2021-03-01 00:00:00,,,,,,,,
2021-02-26 00:00:00,647.00,786.86,6.08,83.45,906.29,509.15,476.74,487.45,714.35,513.18,62.55,1155.06,231.97,17271.00,56.80,58.00,4589.89,57.44,94.51,128.21,131.40,113.59,322.96,467.57,,3640,2021-02-26 00:00:00,,,,,,,,
2021-02-25 00:00:00,645.00,785.01,6.09,83.21,912.61,514.17,480.21,489.16,711.39,515.64,62.63,1139.19,224.64,17173.00,56.93,58.13,4580.77,57.40,94.73,128.25,129.83,111.11,316.07,465.59,,3641,2021-02-25 00:00:00,,,,,,,,
2021-02-24 00:00:00,646.00,784.99,6.14,83.34,911.93,510.91,474.07,489.59,714.11,513.04,62.55,1145.63,225.33,17181.00,56.85,58.05,4566.97,57.42,94.73,128.18,131.14,110.02,317.61,464.62,,3642,2021-02-24 00:00:00,,,,,,,,
2021-02-23 00:00:00,645.00,784.97,6.15,83.21,907.91,510.81,472.75,488.44,720.39,511.70,62.64,1147.15,227.39,17209.00,56.93,58.13,4573.44,57.28,94.73,128.16,131.50,108.77,321.40,464.84,,3643,2021-02-23 00:00:00,,,,,,,,
2021-02-22 00:00:00,646.00,782.40,6.12,83.27,904.92,508.36,471.25,487.66,719.62,511.84,62.56,1146.92,227.24,17113.00,56.90,58.10,4581.27,57.31,95.04,128.16,131.04,108.18,317.50,464.35,,3644,2021-02-22 00:00:00,,,,,,,,
2021-02-19 00:00:00,646.00,781.62,6.12,83.36,903.09,502.23,466.68,487.32,721.50,509.87,62.52,1141.15,225.70,17124.00,56.83,58.03,4590.03,57.43,95.14,128.51,130.94,107.85,314.24,464.26,,3645,2021-02-19 00:00:00,,,,,,,,
2021-02-18 00:00:00,645.00,777.34,6.10,83.25,894.64,500.48,464.18,485.92,718.32,507.96,62.55,1142.48,226.80,17150.00,56.92,58.13,4611.24,57.78,95.67,128.94,131.59,108.06,313.25,464.73,,3646,2021-02-18 00:00:00,,,,,,,,
2021-02-10 00:00:00,644.00,779.96,6.16,83.06,889.20,498.06,465.79,485.60,721.26,507.11,62.83,1147.21,228.78,17301.00,57.06,58.27,4593.63,57.37,95.35,129.34,131.21,109.78,312.03,464.83,,3647,2021-02-10 00:00:00,,,,,,,,
2021-02-09 00:00:00,645.00,777.50,6.13,83.25,886.57,497.00,465.86,484.08,717.78,506.43,62.97,1151.29,230.34,17325.00,56.93,58.14,4610.91,57.58,95.66,130.06,131.73,109.72,311.75,464.80,,3648,2021-02-09 00:00:00,,,,,,,,
2021-02-08 00:00:00,647.00,778.91,6.14,83.43,888.36,496.42,465.90,484.82,719.36,506.99,62.89,1154.09,230.59,17322.00,56.78,57.99,4577.32,57.57,95.44,129.46,131.84,109.14,310.98,464.70,,3649,2021-02-08 00:00:00,,,,,,,,
2021-02-05 00:00:00,647.00,774.23,6.13,83.47,884.78,492.07,463.42,484.02,715.68,504.62,62.74,1167.03,231.82,17306.00,56.78,57.98,4594.55,58.12,96.05,130.70,133.37,110.30,315.03,464.70,,3650,2021-02-05 00:00:00,,,,,,,,
2021-02-04 00:00:00,646.00,777.61,6.15,83.35,881.54,492.92,466.16,484.86,718.84,505.42,62.68,1174.16,231.38,17244.00,56.86,58.07,4569.24,57.68,95.65,130.00,132.82,110.83,312.74,464.52,,3651,2021-02-04 00:00:00,,,,,,,,
2021-02-03 00:00:00,647.00,778.69,6.16,83.43,883.54,492.22,465.79,485.54,720.25,505.82,62.57,1178.51,231.37,17252.00,56.81,58.02,4569.80,57.55,95.53,129.82,133.00,111.29,311.27,463.90,,3652,2021-02-03 00:00:00,,,,,,,,
2021-02-02 00:00:00,647.00,781.03,6.17,83.50,885.01,494.14,463.64,485.90,721.92,503.89,62.46,1175.91,232.72,17260.00,56.75,57.95,4560.33,57.74,95.22,130.07,132.69,111.07,314.66,463.30,,3653,2021-02-02 00:00:00,,,,,,,,
2021-02-01 00:00:00,646.00,783.30,6.17,83.35,885.02,491.97,462.61,485.70,724.70,504.20,62.59,1172.35,235.14,17320.00,56.86,58.06,4559.94,57.70,94.94,129.59,133.06,112.89,317.03,463.29,,3654,2021-02-01 00:00:00,,,,,,,,
2021-01-29 00:00:00,647.00,784.04,6.20,83.46,887.68,496.47,464.08,486.76,727.98,504.62,62.55,1177.91,235.04,17241.00,56.78,57.99,4578.10,57.94,94.87,128.96,132.97,113.60,312.91,463.83,,3655,2021-01-29 00:00:00,,,,,,,,
2021-01-28 00:00:00,648.00,784.35,6.22,83.65,886.18,495.90,463.39,487.37,728.83,505.97,62.39,1169.42,235.68,17102.00,56.67,57.87,4596.93,57.99,94.85,129.14,133.72,114.11,313.51,462.74,,3656,2021-01-28 00:00:00,,,,,,,,
2021-01-27 00:00:00,647.00,786.20,6.24,83.42,888.22,500.86,467.67,488.00,729.15,509.38,62.55,1160.22,232.95,17044.00,56.82,58.03,4572.86,57.79,94.61,128.39,132.15,113.70,309.50,463.61,,3657,2021-01-27 00:00:00,,,,,,,,
2021-01-26 00:00:00,648.00,787.15,6.25,83.66,886.68,500.01,466.60,488.47,730.10,508.86,62.37,1162.03,234.94,16993.00,56.66,57.86,4542.72,57.67,94.51,127.73,131.62,114.28,310.14,462.47,,3658,2021-01-26 00:00:00,,,,,,,,
2021-01-25 00:00:00,648.00,788.48,6.24,83.61,886.91,500.28,465.46,488.23,731.88,509.33,62.38,1162.55,233.65,17030.00,56.68,57.89,4531.84,57.54,94.34,128.14,131.21,114.48,307.81,462.56,,3659,2021-01-25 00:00:00,,,,,,,,
2021-01-22 00:00:00,646.00,786.02,6.24,83.36,886.96,501.54,466.09,488.44,729.83,511.06,62.38,1143.84,231.12,17020.00,56.86,58.07,4539.03,57.66,94.65,128.05,130.13,114.09,305.42,463.30,,3660,2021-01-22 00:00:00,,,,,,,,
2021-01-21 00:00:00,647.00,783.59,6.25,83.46,884.02,501.84,464.76,488.35,727.39,512.42,62.53,1136.43,230.41,16994.00,56.79,58.00,4557.86,57.87,94.94,128.93,131.05,114.54,302.82,463.20,,3661,2021-01-21 00:00:00,,,,,,,,
2021-01-20 00:00:00,648.00,786.95,6.24,83.64,884.48,499.84,462.13,488.10,730.02,509.57,62.43,1136.87,231.44,16994.00,56.66,57.86,4547.34,57.61,94.53,128.48,131.41,115.27,303.04,462.69,,3662,2021-01-20 00:00:00,,,,,,,,
2021-01-19 00:00:00,649.00,783.58,6.26,83.69,881.24,498.60,461.48,487.69,728.17,508.87,62.41,1139.65,234.13,17001.00,56.61,57.81,4591.08,57.86,94.93,129.43,132.45,115.35,303.48,463.99,,3663,2021-01-19 00:00:00,,,,,,,,
2021-01-18 00:00:00,648.00,783.17,6.24,83.63,881.26,499.58,462.63,487.30,727.72,509.33,62.30,1136.15,234.57,17011.00,56.66,57.87,4600.95,57.93,94.96,129.47,132.12,115.14,305.37,463.63,,3664,2021-01-18 00:00:00,,,,,,,,
2021-01-15 00:00:00,646.00,785.49,6.23,83.36,884.56,502.59,466.55,488.12,727.62,511.11,62.43,1132.76,233.37,16961.00,56.84,58.05,4573.78,57.82,94.71,128.59,130.99,114.05,305.08,464.07,,3665,2021-01-15 00:00:00,,,,,,,,
2021-01-14 00:00:00,647.00,786.98,6.23,83.50,883.11,501.20,465.28,487.89,729.40,509.78,62.46,1140.56,235.48,16972.00,56.75,57.96,4578.98,57.66,94.51,128.83,130.77,114.33,306.60,463.96,,3666,2021-01-14 00:00:00,,,,,,,,
2021-01-13 00:00:00,646.00,787.68,6.22,83.32,881.86,501.41,466.16,487.71,728.11,507.76,62.80,1137.30,235.68,16978.00,56.92,58.14,4558.09,57.40,94.45,127.76,130.90,115.50,306.83,465.42,,3667,2021-01-13 00:00:00,,,,,,,,
2021-01-12 00:00:00,648.00,787.86,6.22,83.59,876.10,499.46,464.79,487.08,728.20,507.44,62.54,1152.29,239.62,16935.00,56.67,57.88,4586.26,57.43,94.41,128.11,131.66,115.35,309.46,465.16,,3668,2021-01-12 00:00:00,,,,,,,,
2021-01-11 00:00:00,648.00,789.75,6.23,83.51,876.39,501.03,466.95,487.77,730.31,509.27,62.28,1147.32,236.50,16890.00,56.72,57.93,4550.86,57.11,94.16,127.44,130.37,113.62,309.02,465.12,,3669,2021-01-11 00:00:00,,,,,,,,
2021-01-08 00:00:00,647.00,793.74,6.23,83.46,877.64,502.70,469.98,488.49,731.00,510.12,62.39,1150.61,238.49,16875.00,56.77,57.98,4527.33,56.90,93.70,126.56,130.30,113.35,309.44,464.37,,3670,2021-01-08 00:00:00,,,,,,,,
2021-01-07 00:00:00,646.00,797.12,6.27,83.33,879.94,504.68,471.59,490.37,735.83,510.03,62.08,1145.85,233.09,16826.00,56.85,58.07,4499.85,56.77,93.32,126.29,130.03,113.07,304.14,463.02,,3671,2021-01-07 00:00:00,,,,,,,,
2021-01-06 00:00:00,646.00,794.04,6.29,83.33,879.69,501.00,468.15,490.07,735.20,509.50,62.19,1147.67,231.94,16838.00,56.89,58.10,4521.58,57.09,93.69,126.70,131.16,114.47,308.23,463.49,,3672,2021-01-06 00:00:00,,,,,,,,
2021-01-05 00:00:00,648.00,793.42,6.28,83.53,878.64,496.42,464.63,490.46,734.87,506.47,61.88,1148.70,227.30,16755.00,56.71,57.92,4559.70,57.43,93.77,127.37,132.12,114.61,308.14,461.83,,3673,2021-01-05 00:00:00,,,,,,,,
2021-01-04 00:00:00,654.00,800.95,6.34,84.36,894.40,504.00,470.46,495.04,740.53,514.18,61.41,1134.02,224.09,16615.00,56.13,57.33,4534.41,56.91,92.88,125.38,130.70,113.68,303.53,458.29,,3674,2021-01-04 00:00:00,,,,,,,,
2020-12-31 00:00:00,652.00,802.50,6.32,84.16,889.03,501.63,470.50,493.14,740.06,511.61,61.83,1140.11,224.33,16675.00,56.30,57.51,4542.93,57.08,92.71,125.59,130.77,113.16,304.86,458.96,,3675,2020-12-31 00:00:00,,,,,,,,
2020-12-30 00:00:00,653.00,800.59,6.31,84.26,881.78,497.13,467.13,492.18,738.91,509.59,61.95,1132.62,225.27,16704.00,56.23,57.45,4554.72,56.71,92.93,125.55,131.93,113.17,305.22,460.06,,3676,2020-12-30 00:00:00,,,,,,,,
2020-12-29 00:00:00,655.00,799.63,6.31,84.41,880.84,496.32,464.82,491.94,736.65,509.52,61.86,1129.34,223.75,16757.00,56.12,57.35,4548.83,56.19,92.97,126.40,131.88,113.81,305.82,460.87,,3677,2020-12-29 00:00:00,,,,,,,,
2020-12-28 00:00:00,652.00,795.99,6.30,84.14,884.72,496.22,464.19,491.07,733.15,508.12,62.23,1134.50,224.31,16863.00,56.30,57.53,4548.82,56.56,93.43,126.53,132.19,116.07,304.64,461.09,,3678,2020-12-28 00:00:00,,,,,,,,
2020-12-25 00:00:00,653.00,795.82,6.30,84.27,885.31,496.24,463.68,491.56,733.42,508.07,62.15,1132.27,223.75,16866.00,56.23,57.45,4551.80,56.58,93.46,126.18,132.07,116.06,304.26,459.74,,3679,2020-12-25 00:00:00,,,,,,,,
2020-12-24 00:00:00,654.00,796.56,6.31,84.31,882.66,494.98,463.62,490.64,735.90,508.55,62.15,1148.81,223.35,16921.00,56.21,57.42,4545.97,56.53,93.39,126.80,132.27,116.89,307.04,462.20,,3680,2020-12-24 00:00:00,,,,,,,,
2020-12-23 00:00:00,656.00,797.97,6.33,84.56,877.42,494.20,461.89,490.73,737.84,508.21,61.94,1159.00,223.96,16919.00,56.03,57.23,4537.88,56.44,93.21,127.18,133.28,116.81,307.11,460.99,,3681,2020-12-23 00:00:00,,,,,,,,
2020-12-22 00:00:00,654.00,800.19,6.33,84.34,879.37,495.12,463.72,490.66,738.31,508.59,61.95,1143.43,223.49,16867.00,56.18,57.38,4505.75,56.16,92.98,126.16,131.98,117.00,305.92,459.85,,3682,2020-12-22 00:00:00,,,,,,,,
2020-12-21 00:00:00,655.00,799.98,6.34,84.50,878.27,497.41,465.62,492.38,739.69,511.67,61.71,1126.05,224.18,16792.00,56.07,57.27,4470.83,55.99,92.95,126.46,131.70,116.98,306.29,455.99,,3683,2020-12-21 00:00:00,,,,,,,,
2020-12-18 00:00:00,653.00,800.72,6.33,84.25,886.30,497.40,466.80,492.60,738.21,513.15,61.77,1116.82,224.18,16742.00,56.24,57.44,4436.61,55.41,92.91,126.80,131.21,117.92,303.60,456.42,,3684,2020-12-18 00:00:00,,,,,,,,
2020-12-17 00:00:00,654.00,796.94,6.32,84.31,882.42,494.77,464.47,491.75,738.24,512.89,61.97,1122.20,226.71,16734.00,56.20,57.40,4455.27,55.67,93.37,127.79,132.60,119.34,303.84,459.31,,3685,2020-12-17 00:00:00,,,,,,,,
2020-12-16 00:00:00,654.00,794.14,6.31,84.31,878.35,493.72,462.99,490.51,737.96,514.67,61.99,1122.14,227.76,16690.00,56.20,57.40,4484.34,55.91,93.70,128.24,133.45,119.89,305.00,459.50,,3686,2020-12-16 00:00:00,,,,,,,,
2020-12-15 00:00:00,654.00,794.68,6.29,84.41,872.04,492.96,463.45,490.34,737.80,512.80,61.98,1125.80,229.57,16696.00,56.14,57.33,4455.29,55.83,93.64,128.38,133.46,119.97,309.26,459.76,,3687,2020-12-15 00:00:00,,,,,,,,
2020-12-14 00:00:00,654.00,792.85,6.29,84.32,870.61,493.34,463.79,489.48,735.61,512.59,61.96,1115.99,230.72,16687.00,56.20,57.39,4471.41,56.04,93.87,128.98,134.32,120.24,307.44,459.93,,3688,2020-12-14 00:00:00,,,,,,,,
2020-12-11 00:00:00,654.00,794.02,6.27,84.38,869.96,492.40,463.89,489.71,738.01,513.26,62.09,1116.81,229.63,16622.00,56.17,57.36,4458.86,55.74,93.74,129.10,134.07,120.66,305.87,459.33,,3689,2020-12-11 00:00:00,,,,,,,,
2020-12-10 00:00:00,655.00,790.70,6.28,84.46,874.41,486.84,459.42,489.31,736.05,510.40,62.05,1125.00,228.78,16593.00,56.10,57.30,4507.05,56.01,94.12,129.71,134.96,119.49,303.57,459.01,,3690,2020-12-10 00:00:00,,,,,,,,
2020-12-09 00:00:00,653.00,790.79,6.27,84.26,873.28,484.17,459.95,488.22,734.87,509.64,62.33,1123.70,229.62,16618.00,56.23,57.44,4538.12,56.26,94.12,129.59,134.11,119.62,302.98,459.80,,3691,2020-12-09 00:00:00,,,,,,,,
2020-12-08 00:00:00,653.00,791.01,6.28,84.28,872.06,484.43,459.59,488.56,733.10,510.07,62.33,1129.34,232.11,16589.00,56.24,57.44,4556.31,56.55,94.11,128.58,133.84,119.45,304.61,461.64,,3692,2020-12-08 00:00:00,,,,,,,,
2020-12-07 00:00:00,654.00,792.48,6.27,84.33,876.80,485.67,460.30,489.96,733.10,511.33,62.17,1134.74,232.71,16586.00,56.21,57.40,4526.55,56.41,93.94,129.35,134.79,119.41,302.52,461.79,,3693,2020-12-07 00:00:00,,,,,,,,
2020-12-04 00:00:00,655.00,795.68,6.31,84.51,881.35,487.24,463.26,491.07,735.28,509.16,62.09,1135.70,231.75,16672.00,56.08,57.27,4488.69,56.14,93.55,128.95,133.75,118.88,303.73,460.88,,3694,2020-12-04 00:00:00,,,,,,,,
2020-12-03 00:00:00,656.00,794.23,6.28,84.61,876.74,486.16,463.44,490.17,732.89,507.68,62.12,1143.91,233.04,16781.00,56.00,57.19,4526.16,56.35,93.71,129.12,134.11,119.75,304.89,460.90,,3695,2020-12-03 00:00:00,,,,,,,,
2020-12-02 00:00:00,656.00,791.54,6.29,84.64,880.26,483.92,463.29,490.33,729.00,507.05,62.15,1154.79,232.46,16861.00,56.01,57.20,4506.06,56.19,94.03,129.38,134.32,119.31,305.53,461.21,,3696,2020-12-02 00:00:00,,,,,,,,
2020-12-01 00:00:00,659.00,786.77,6.32,85.04,878.87,484.66,462.57,491.57,725.58,507.18,61.81,1159.06,234.51,16814.00,55.72,56.90,4563.46,56.91,94.58,130.05,134.83,118.71,305.82,459.44,,3697,2020-12-01 00:00:00,,,,,,,,
2020-11-30 00:00:00,658.00,787.19,6.32,84.87,877.02,486.75,463.13,491.68,727.41,506.85,61.85,1152.94,231.66,16787.00,55.83,57.01,4592.47,57.00,94.52,129.19,134.09,119.25,304.51,460.40,,3698,2020-11-30 00:00:00,,,,,,,,
2020-11-27 00:00:00,658.00,783.22,6.31,84.84,877.92,483.76,460.48,491.15,725.32,504.93,61.86,1150.73,231.23,16810.00,55.86,57.04,4606.69,57.14,95.04,129.66,135.06,119.75,304.80,460.55,,3699,2020-11-27 00:00:00,,,,,,,,
2020-11-26 00:00:00,658.00,783.88,6.30,84.86,880.40,484.39,460.72,491.04,724.41,505.83,62.13,1147.59,230.08,16840.00,55.84,57.02,4604.43,56.94,94.94,129.15,134.17,120.57,303.57,460.85,,3700,2020-11-26 00:00:00,,,,,,,,
2020-11-25 00:00:00,657.00,782.08,6.29,84.82,878.49,484.19,458.78,490.06,721.69,505.92,62.14,1146.05,231.09,16869.00,55.86,57.04,4611.89,57.06,95.16,129.90,135.34,121.65,304.51,461.41,,3701,2020-11-25 00:00:00,,,,,,,,
2020-11-24 00:00:00,658.00,779.27,6.30,84.90,876.95,480.47,456.29,489.71,721.33,503.41,62.18,1154.64,233.89,16903.00,55.83,57.01,4627.94,57.36,95.52,131.06,137.09,119.77,305.53,460.74,,3702,2020-11-24 00:00:00,,,,,,,,
2020-11-23 00:00:00,657.00,779.63,6.33,84.77,873.97,480.30,456.16,489.14,721.36,502.11,62.26,1159.19,234.77,16964.00,55.89,57.07,4614.66,57.29,95.54,131.01,137.16,116.33,305.65,461.01,,3703,2020-11-23 00:00:00,,,,,,,,
2020-11-20 00:00:00,658.00,780.64,6.34,84.85,871.69,478.62,454.48,488.96,722.19,502.99,62.29,1155.13,234.40,16941.00,55.84,57.02,4599.05,57.22,95.42,130.77,136.95,114.84,307.60,461.89,,3704,2020-11-20 00:00:00,,,,,,,,
2020-11-19 00:00:00,655.00,776.18,6.31,84.47,868.66,478.30,453.29,487.88,718.46,500.73,62.40,1159.87,235.76,16892.00,56.09,57.28,4643.40,57.55,96.02,131.28,137.67,117.72,310.23,462.74,,3705,2020-11-19 00:00:00,,,,,,,,
2020-11-18 00:00:00,656.00,777.72,6.29,84.61,869.05,477.98,451.54,488.43,719.39,500.35,62.56,1161.35,234.51,16877.00,56.02,57.20,4648.48,57.71,95.77,131.46,138.31,117.40,309.37,460.21,,3706,2020-11-18 00:00:00,,,,,,,,
2020-11-17 00:00:00,658.00,779.88,6.29,84.82,869.57,481.40,454.26,488.92,720.80,503.01,62.52,1158.95,232.88,16844.00,55.86,57.04,4606.15,57.31,95.48,131.01,137.73,117.11,308.08,458.92,,3707,2020-11-17 00:00:00,,,,,,,,
2020-11-16 00:00:00,660.00,782.46,6.31,85.19,872.25,480.99,452.95,490.39,724.12,503.38,62.39,1170.95,235.06,16807.00,55.60,56.77,4575.29,57.30,95.22,131.30,138.35,116.05,308.28,456.88,,3708,2020-11-16 00:00:00,,,,,,,,
2020-11-13 00:00:00,663.00,782.57,6.31,85.49,869.73,479.55,452.93,491.35,724.68,504.40,62.31,1164.81,236.04,16821.00,55.41,56.58,4532.93,57.36,95.14,130.36,138.40,115.94,310.95,456.45,,3709,2020-11-13 00:00:00,,,,,,,,
2020-11-12 00:00:00,662.00,779.96,6.28,85.42,875.84,482.12,456.00,491.02,722.43,507.06,62.38,1163.16,235.98,16788.00,55.46,56.63,4554.30,57.45,95.45,130.37,137.06,117.82,309.12,457.15,,3710,2020-11-12 00:00:00,,,,,,,,
2020-11-11 00:00:00,661.00,780.78,6.28,85.21,876.20,481.33,451.31,490.04,722.12,506.97,62.33,1156.82,236.14,16886.00,55.59,56.77,4558.21,57.61,95.35,130.41,136.29,123.79,307.69,459.35,,3711,2020-11-11 00:00:00,,,,,,,,
2020-11-10 00:00:00,659.00,778.77,6.26,85.00,867.31,479.72,449.78,488.99,721.71,506.64,62.37,1158.94,233.65,16928.00,55.76,56.94,4613.51,57.53,95.62,130.85,137.10,123.05,308.39,464.08,,3712,2020-11-10 00:00:00,,,,,,,,
2020-11-09 00:00:00,661.00,786.26,6.40,85.28,871.31,481.72,449.31,490.86,735.34,507.79,62.46,1170.40,235.85,16952.00,55.55,56.72,4559.22,57.28,94.77,130.57,138.01,127.67,310.51,462.77,,3713,2020-11-09 00:00:00,,,,,,,,
2020-11-06 00:00:00,663.00,782.78,6.39,85.50,869.90,480.98,447.78,490.29,732.28,506.70,62.64,1162.67,237.07,16989.00,55.46,56.63,4585.91,57.84,95.17,131.38,138.67,127.26,313.39,465.07,,3714,2020-11-06 00:00:00,,,,,,,,
2020-11-05 00:00:00,669.00,785.03,6.41,86.26,867.49,480.53,448.35,492.90,734.41,510.03,62.25,1161.60,236.92,16964.00,54.88,56.03,4619.97,57.78,94.79,131.20,139.18,126.13,312.95,464.58,,3715,2020-11-05 00:00:00,,,,,,,,
2020-11-04 00:00:00,668.00,783.75,6.38,86.12,874.63,479.75,448.42,491.47,732.59,509.19,62.23,1185.04,239.89,16948.00,55.04,56.20,4632.67,57.89,94.95,131.96,139.91,126.41,314.85,464.87,,3716,2020-11-04 00:00:00,,,,,,,,
2020-11-03 00:00:00,670.00,779.14,6.39,86.38,864.78,472.12,443.73,490.57,728.45,506.33,62.08,1200.85,242.06,16935.00,54.87,56.03,4703.34,59.07,95.58,133.07,142.81,126.07,319.33,464.88,,3717,2020-11-03 00:00:00,,,,,,,,
2020-11-02 00:00:00,671.00,780.69,6.41,86.48,866.86,470.38,442.58,490.59,731.22,502.20,61.99,1186.14,242.40,16940.00,54.78,55.94,4694.25,59.02,95.37,132.92,142.66,124.78,317.13,465.07,,3718,2020-11-02 00:00:00,,,,,,,,
2020-10-30 00:00:00,672.00,784.63,6.43,86.72,869.05,472.73,445.39,491.86,734.06,504.62,61.83,1174.05,243.93,16835.00,54.66,55.81,4687.29,58.94,94.90,132.77,141.92,123.53,317.88,464.66,,3719,2020-10-30 00:00:00,,,,,,,,
2020-10-29 00:00:00,673.00,790.00,6.45,86.78,873.10,474.11,446.77,492.60,738.37,505.02,61.91,1176.12,243.55,16848.00,54.63,55.78,4662.16,58.61,94.24,131.57,139.23,123.00,316.05,464.82,,3720,2020-10-29 00:00:00,,,,,,,,
2020-10-28 00:00:00,672.00,791.21,6.43,86.70,875.31,478.33,449.95,493.34,738.92,509.26,62.02,1150.74,241.16,16794.00,54.68,55.84,4615.62,57.96,94.02,130.11,136.95,121.99,313.27,465.10,,3721,2020-10-28 00:00:00,,,,,,,,
2020-10-27 00:00:00,670.00,790.83,6.39,86.44,871.90,476.99,447.30,492.07,737.72,507.21,62.15,1139.58,241.86,16855.00,54.85,56.00,4616.03,57.90,94.07,130.55,137.98,120.87,312.78,466.89,,3722,2020-10-27 00:00:00,,,,,,,,
2020-10-26 00:00:00,667.00,789.95,6.37,86.10,870.27,475.47,445.66,491.16,737.24,507.25,62.27,1141.47,243.21,16930.00,55.08,56.24,4619.39,57.80,94.19,131.32,138.82,119.56,313.36,469.16,,3723,2020-10-26 00:00:00,,,,,,,,
2020-10-23 00:00:00,667.00,787.62,6.36,86.07,871.92,475.20,444.75,491.38,734.89,507.60,62.15,1146.70,243.12,17003.00,55.10,56.26,4623.80,58.02,94.43,131.42,138.68,119.16,314.57,469.15,,3724,2020-10-23 00:00:00,,,,,,,,
2020-10-22 00:00:00,666.00,788.63,6.36,85.88,873.72,472.96,442.29,491.05,734.37,505.87,62.28,1153.39,245.40,17023.00,55.21,56.38,4610.45,57.96,94.36,131.37,138.73,117.40,317.56,469.07,,3725,2020-10-22 00:00:00,,,,,,,,
2020-10-21 00:00:00,668.00,789.50,6.33,86.17,864.60,470.90,439.30,491.97,736.03,508.68,62.20,1157.92,246.51,17059.00,55.04,56.21,4599.26,57.78,94.29,130.95,138.85,117.79,316.22,468.02,,3726,2020-10-21 00:00:00,,,,,,,,
2020-10-20 00:00:00,669.00,787.57,6.35,86.36,866.52,472.23,441.24,492.67,735.00,507.35,61.88,1160.70,246.87,17058.00,54.89,56.05,4633.01,58.06,94.49,131.94,139.53,117.76,316.68,466.27,,3727,2020-10-20 00:00:00,,,,,,,,
2020-10-19 00:00:00,670.00,784.93,6.35,86.46,865.91,475.05,443.32,493.35,731.97,508.16,61.93,1161.83,246.96,17062.00,54.83,56.00,4643.43,57.91,94.83,132.08,139.70,118.18,315.07,465.64,,3728,2020-10-19 00:00:00,,,,,,,,
2020-10-16 00:00:00,673.00,788.23,6.39,86.88,868.57,477.37,444.37,494.99,736.16,509.15,61.69,1159.10,247.40,17004.00,54.56,55.72,4626.37,57.66,94.44,131.81,139.06,117.87,316.12,463.71,,3729,2020-10-16 00:00:00,,,,,,,,
2020-10-15 00:00:00,674.00,791.29,6.41,86.93,876.62,480.94,448.27,496.10,737.46,512.29,61.54,1154.48,245.28,17032.00,54.53,55.69,4592.29,57.06,94.07,131.06,137.24,117.41,316.54,463.01,,3730,2020-10-15 00:00:00,,,,,,,,
2020-10-14 00:00:00,675.00,792.22,6.40,87.06,872.55,483.24,448.88,495.95,737.11,513.34,61.38,1141.69,244.13,17013.00,54.46,55.62,4565.86,56.72,93.97,130.90,136.94,117.47,316.26,463.07,,3731,2020-10-14 00:00:00,,,,,,,,
2020-10-13 00:00:00,673.00,793.86,6.38,86.83,878.12,484.22,446.71,495.41,739.49,512.63,61.69,1143.12,245.55,17066.00,54.64,55.81,4503.85,56.13,93.71,130.89,135.96,117.34,315.38,463.51,,3732,2020-10-13 00:00:00,,,,,,,,
2020-10-12 00:00:00,671.00,792.29,6.35,86.61,873.62,484.45,446.73,494.98,736.44,510.57,61.68,1144.85,246.13,17122.00,54.79,55.96,4494.58,56.39,93.93,131.24,136.40,117.36,315.60,463.56,,3733,2020-10-12 00:00:00,,,,,,,,
2020-10-09 00:00:00,678.00,798.65,6.40,87.48,878.40,486.92,447.16,499.93,740.54,514.63,61.15,1139.52,244.13,17006.00,54.10,55.25,4474.75,56.17,93.20,130.48,136.32,116.96,314.79,459.44,,3734,2020-10-09 00:00:00,,,,,,,,
2020-09-30 00:00:00,681.00,799.41,6.44,87.87,875.77,486.27,449.15,497.69,740.51,508.64,61.03,1158.84,248.65,17163.00,53.96,55.11,4567.55,56.63,93.15,131.66,138.18,114.86,328.89,464.28,,3735,2020-09-30 00:00:00,,,,,,,,
2020-09-29 00:00:00,682.00,795.57,6.46,87.96,875.97,482.94,447.16,496.96,737.36,509.91,61.20,1158.97,250.11,17166.00,53.89,55.03,4600.53,57.65,93.58,132.53,138.92,114.37,328.55,464.48,,3736,2020-09-29 00:00:00,,,,,,,,
2020-09-28 00:00:00,683.00,793.98,6.47,88.07,871.01,480.69,447.21,495.69,735.15,510.09,61.06,1145.51,250.88,17193.00,53.82,54.96,4574.74,57.33,93.77,133.70,140.21,112.32,326.78,463.01,,3737,2020-09-28 00:00:00,,,,,,,,
2020-09-25 00:00:00,681.00,794.81,6.46,87.90,868.74,480.50,446.03,495.32,735.11,510.19,61.18,1129.14,248.60,17170.00,53.93,55.07,4564.60,57.21,93.63,133.55,139.34,111.87,324.95,463.39,,3738,2020-09-25 00:00:00,,,,,,,,
2020-09-24 00:00:00,680.00,793.44,6.46,87.78,865.12,480.82,445.22,495.42,736.47,508.08,61.09,1129.20,251.57,17159.00,54.00,55.14,4601.84,56.84,93.81,132.50,139.66,113.25,329.27,463.68,,3739,2020-09-24 00:00:00,,,,,,,,
2020-09-23 00:00:00,680.00,795.22,6.47,87.72,865.61,487.25,450.54,497.71,738.68,510.94,60.86,1119.85,247.17,17134.00,54.05,55.19,4563.92,56.37,93.57,131.21,137.64,112.89,319.16,461.96,,3740,2020-09-23 00:00:00,,,,,,,,
2020-09-22 00:00:00,679.00,797.86,6.48,87.58,869.38,490.20,452.27,497.92,741.25,509.76,60.83,1118.57,247.60,17141.00,54.16,55.31,4537.07,56.31,93.23,130.44,136.95,112.51,314.77,461.53,,3741,2020-09-22 00:00:00,,,,,,,,
2020-09-21 00:00:00,676.00,801.28,6.47,87.22,874.82,493.41,457.18,497.74,742.33,512.36,60.84,1117.15,241.00,17197.00,54.34,55.49,4497.41,55.62,92.88,129.71,134.50,111.92,312.35,459.71,,3742,2020-09-21 00:00:00,,,,,,,,
2020-09-18 00:00:00,676.00,800.98,6.45,87.21,877.07,494.42,457.13,498.10,744.12,513.93,61.10,1107.39,239.29,17298.00,54.36,55.51,4501.69,55.60,92.89,129.79,133.70,111.66,309.09,461.02,,3743,2020-09-18 00:00:00,,,,,,,,
2020-09-17 00:00:00,677.00,798.80,6.44,87.32,876.82,493.75,454.93,497.91,743.08,513.44,61.05,1108.28,240.69,17378.00,54.28,55.44,4497.79,55.72,93.16,130.16,133.57,110.71,309.96,459.81,,3744,2020-09-17 00:00:00,,,,,,,,
2020-09-16 00:00:00,678.00,803.24,6.43,87.52,873.46,494.86,454.97,498.12,746.32,513.89,60.95,1107.95,242.39,17401.00,54.17,55.33,4456.81,55.46,92.64,129.66,133.30,110.47,311.95,460.13,,3745,2020-09-16 00:00:00,,,,,,,,
2020-09-15 00:00:00,682.00,809.56,6.45,88.03,876.30,496.78,456.95,499.98,750.97,517.69,60.73,1102.61,244.17,17350.00,53.84,54.98,4415.03,54.95,91.91,128.54,132.51,109.76,309.08,458.90,,3746,2020-09-15 00:00:00,,,,,,,,
2020-09-14 00:00:00,684.00,809.36,6.44,88.20,875.11,497.51,456.11,499.83,751.98,518.32,60.73,1096.30,244.65,17360.00,53.73,54.87,4415.58,54.95,91.92,128.38,132.19,109.38,311.23,458.01,,3747,2020-09-14 00:00:00,,,,,,,,
2020-09-11 00:00:00,684.00,808.77,6.44,88.24,876.11,496.79,454.90,499.52,751.44,518.59,60.88,1099.05,246.90,17359.00,53.71,54.86,4421.50,55.05,92.00,128.11,132.48,108.92,313.46,457.84,,3748,2020-09-11 00:00:00,,,,,,,,
2020-09-10 00:00:00,683.00,806.72,6.43,88.16,888.31,497.13,456.53,499.84,749.19,519.49,61.01,1102.10,243.17,17358.00,53.77,54.91,4426.46,55.05,92.25,127.96,131.91,109.54,313.12,457.66,,3749,2020-09-10 00:00:00,,,,,,,,
2020-09-09 00:00:00,684.00,805.27,6.46,88.28,887.13,493.42,452.54,499.06,745.35,516.84,60.87,1114.37,248.16,17368.00,53.67,54.81,4437.55,55.26,92.41,129.10,133.83,109.35,319.44,458.77,,3750,2020-09-09 00:00:00,,,,,,,,
2020-09-08 00:00:00,684.00,807.81,6.43,88.21,899.92,497.73,457.55,500.22,746.03,522.12,60.80,1108.47,244.64,17378.00,53.73,54.87,4452.57,54.87,92.12,128.29,130.71,109.04,316.02,459.47,,3751,2020-09-08 00:00:00,,,,,,,,
2020-09-07 00:00:00,684.00,809.58,6.43,88.24,905.94,498.10,459.04,501.00,748.61,523.04,60.66,1101.82,243.05,17373.00,53.71,54.85,4452.66,55.07,91.91,127.76,130.51,108.73,315.16,459.00,,3752,2020-09-07 00:00:00,,,,,,,,
2020-09-04 00:00:00,684.00,809.74,6.44,88.20,906.94,496.32,457.55,500.67,751.45,520.41,60.65,1100.30,245.15,17394.00,53.73,54.87,4431.30,54.79,91.89,127.84,130.61,108.77,317.45,459.55,,3753,2020-09-04 00:00:00,,,,,,,,
2020-09-03 00:00:00,683.00,809.41,6.43,88.15,911.86,500.98,462.31,501.33,749.57,523.65,60.66,1104.03,246.13,17371.00,53.78,54.91,4424.70,54.50,91.95,127.63,129.53,107.97,318.13,457.94,,3754,2020-09-03 00:00:00,,,,,,,,
2020-09-02 00:00:00,684.00,814.65,6.45,88.23,915.41,504.02,462.26,502.16,751.41,523.46,60.64,1076.82,243.48,17344.00,53.74,54.88,4369.39,53.88,91.39,126.99,128.12,107.80,318.40,455.98,,3755,2020-09-02 00:00:00,,,,,,,,
2020-09-01 00:00:00,685.00,817.73,6.46,88.38,915.18,505.32,461.34,503.47,757.53,525.12,60.73,1077.53,247.48,17329.00,53.64,54.77,4344.65,53.77,91.03,126.27,127.48,107.43,320.00,453.74,,3756,2020-09-01 00:00:00,,,,,,,,
2020-08-31 00:00:00,686.00,816.49,6.50,88.52,915.22,504.82,461.93,504.82,758.48,523.93,60.75,1079.91,241.90,17230.00,53.58,54.71,4334.52,53.73,91.16,125.84,128.13,106.92,317.42,453.92,,3757,2020-08-31 00:00:00,,,,,,,,
2020-08-28 00:00:00,689.00,813.91,6.46,88.89,908.88,499.99,457.35,504.11,757.39,524.70,60.58,1088.08,247.60,17219.00,53.33,54.46,4374.26,54.18,91.45,126.69,129.38,106.85,321.49,453.93,,3758,2020-08-28 00:00:00,,,,,,,,
2020-08-27 00:00:00,689.00,814.98,6.50,88.91,909.84,498.45,456.31,504.25,758.49,523.83,60.55,1096.00,245.01,17220.00,53.36,54.48,4365.60,54.14,91.33,126.60,128.86,107.00,318.72,454.33,,3759,2020-08-27 00:00:00,,,,,,,,
2020-08-26 00:00:00,691.00,817.53,6.50,89.13,908.28,497.23,452.42,505.03,760.88,524.60,60.34,1089.91,243.63,17180.00,53.17,54.29,4313.12,53.79,91.05,126.73,129.61,107.07,317.14,455.22,,3760,2020-08-26 00:00:00,,,,,,,,
2020-08-25 00:00:00,692.00,815.86,6.53,89.27,904.09,495.62,451.25,504.77,758.57,523.27,60.36,1076.23,245.12,17187.00,53.09,54.21,4313.52,53.87,91.24,127.05,130.10,106.60,317.92,455.16,,3761,2020-08-25 00:00:00,,,,,,,,
2020-08-24 00:00:00,692.00,816.68,6.54,89.28,906.39,495.84,452.61,504.49,759.01,525.23,60.37,1080.11,247.63,17195.00,53.08,54.20,4292.23,54.01,91.17,126.93,130.20,105.83,317.31,455.95,,3762,2020-08-24 00:00:00,,,,,,,,
2020-08-21 00:00:00,691.00,819.87,6.54,89.17,913.20,497.40,451.43,505.50,761.44,524.28,60.43,1068.45,249.73,17152.00,53.17,54.30,4252.29,53.45,90.81,125.98,128.94,105.69,319.81,454.48,,3763,2020-08-21 00:00:00,,,,,,,,
2020-08-20 00:00:00,693.00,820.59,6.53,89.39,908.20,497.89,454.72,505.53,757.24,524.29,60.26,1057.26,249.20,17078.00,53.03,54.15,4249.94,53.61,90.75,125.54,128.61,105.13,319.89,451.74,,3764,2020-08-20 00:00:00,,,,,,,,
2020-08-19 00:00:00,692.00,825.79,6.57,89.25,915.98,501.05,456.59,506.99,765.64,525.49,60.45,1054.79,250.39,17107.00,53.12,54.25,4223.20,53.01,90.17,124.90,127.71,106.65,320.26,450.39,,3765,2020-08-19 00:00:00,,,,,,,,
2020-08-18 00:00:00,693.00,823.28,6.54,89.45,908.62,500.19,454.21,506.79,764.74,524.14,60.43,1063.01,252.54,17083.00,52.98,54.10,4237.87,53.38,90.45,125.24,127.55,106.51,319.50,449.41,,3766,2020-08-18 00:00:00,,,,,,,,
2020-08-17 00:00:00,694.00,821.72,6.51,89.49,908.72,498.34,453.47,506.28,763.23,523.24,60.41,1049.91,250.39,17082.00,52.96,54.07,4214.40,53.49,90.64,125.19,128.09,106.22,316.56,448.41,,3767,2020-08-17 00:00:00,,,,,,,,
2020-08-14 00:00:00,694.00,820.04,6.49,89.55,907.00,496.02,454.25,505.60,763.10,524.95,60.41,1051.00,251.09,17065.00,52.92,54.03,4209.94,53.64,90.81,125.16,127.96,105.81,319.53,447.23,,3768,2020-08-14 00:00:00,,,,,,,,
2020-08-13 00:00:00,694.00,818.89,6.50,89.57,905.55,497.44,456.56,506.11,761.35,524.21,60.37,1062.00,251.49,17054.00,52.91,54.02,4215.89,53.74,90.95,125.08,128.70,105.56,321.90,447.55,,3769,2020-08-13 00:00:00,,,,,,,,
2020-08-12 00:00:00,696.00,816.79,6.53,89.80,908.37,497.14,457.00,506.72,758.80,523.00,60.25,1051.49,251.49,17045.00,52.78,53.88,4221.40,53.94,91.18,125.90,129.49,103.95,322.25,447.20,,3770,2020-08-12 00:00:00,,,,,,,,
2020-08-11 00:00:00,697.00,817.92,6.58,89.95,911.23,498.40,459.25,507.33,761.26,521.92,60.21,1053.16,254.01,17026.00,52.69,53.80,4212.66,53.76,91.01,125.64,129.69,105.25,322.47,446.64,,3771,2020-08-11 00:00:00,,,,,,,,
2020-08-10 00:00:00,696.00,820.51,6.58,89.87,909.09,498.51,459.62,507.31,763.06,520.19,60.19,1057.41,253.61,17046.00,52.74,53.86,4215.64,53.76,90.74,125.60,129.89,105.18,321.52,447.61,,3772,2020-08-10 00:00:00,,,,,,,,
2020-08-07 00:00:00,694.00,824.25,6.58,89.56,912.12,502.05,463.91,507.05,762.51,521.37,60.34,1053.55,251.08,17055.00,52.92,54.03,4198.09,53.58,90.38,125.20,129.25,104.48,322.70,447.88,,3773,2020-08-07 00:00:00,,,,,,,,
2020-08-06 00:00:00,694.00,824.44,6.58,89.60,911.33,499.94,461.68,507.01,764.36,523.39,60.39,1049.09,249.49,17076.00,52.93,54.04,4185.89,53.34,90.38,124.71,128.87,101.64,322.16,446.84,,3774,2020-08-06 00:00:00,,,,,,,,
2020-08-05 00:00:00,698.00,823.21,6.60,90.00,911.74,499.62,462.73,507.93,763.45,523.96,60.48,1052.96,249.08,17102.00,52.67,53.78,4207.56,53.41,90.50,125.05,130.40,99.38,324.81,445.24,,3775,2020-08-05 00:00:00,,,,,,,,
2020-08-04 00:00:00,698.00,820.50,6.58,90.07,912.46,496.53,461.41,506.99,760.37,521.01,60.52,1046.70,246.39,17092.00,52.63,53.74,4197.37,53.77,90.76,125.39,130.87,99.80,324.48,447.03,,3776,2020-08-04 00:00:00,,,,,,,,
2020-08-03 00:00:00,700.00,823.89,6.61,90.29,915.99,499.54,464.02,508.58,765.56,522.12,60.61,1061.76,243.59,17080.00,52.49,53.60,4178.01,53.59,90.38,125.45,130.29,99.76,318.36,446.89,,3777,2020-08-03 00:00:00,,,,,,,,
2020-07-31 00:00:00,698.00,828.82,6.67,90.13,915.90,502.72,467.33,509.37,769.01,520.54,60.71,1045.89,239.68,17031.00,52.60,53.71,4163.04,53.20,89.80,124.31,129.69,99.89,315.21,448.73,,3778,2020-07-31 00:00:00,,,,,,,,
2020-07-30 00:00:00,699.00,823.87,6.66,90.20,907.79,501.83,465.59,508.65,766.22,524.08,60.66,1037.76,236.54,17016.00,52.54,53.66,4192.20,53.50,90.35,124.87,129.28,99.88,314.40,449.53,,3779,2020-07-30 00:00:00,,,,,,,,
2020-07-29 00:00:00,700.00,819.92,6.66,90.28,904.31,500.95,466.03,507.37,762.22,523.00,60.78,1035.50,235.89,17107.00,52.50,53.61,4231.20,53.81,90.77,125.43,130.33,99.25,313.66,450.03,,3780,2020-07-29 00:00:00,,,,,,,,
2020-07-28 00:00:00,699.00,821.67,6.63,90.18,899.47,499.48,466.85,506.85,759.18,523.31,60.85,1022.94,234.99,17096.00,52.59,53.71,4213.53,53.46,90.60,124.97,129.97,98.61,314.50,450.82,,3781,2020-07-28 00:00:00,,,,,,,,
2020-07-27 00:00:00,700.00,815.14,6.60,90.34,894.98,496.73,464.80,506.08,759.27,521.32,60.90,1022.98,238.55,17140.00,52.52,53.63,4246.21,54.03,91.31,126.38,130.91,97.88,318.77,452.18,,3782,2020-07-27 00:00:00,,,,,,,,
2020-07-24 00:00:00,699.00,811.41,6.55,90.23,890.71,496.74,464.11,504.72,755.98,521.83,60.89,1018.93,238.09,17142.00,52.52,53.63,4270.50,54.34,91.76,126.61,131.78,97.81,321.45,453.21,,3783,2020-07-24 00:00:00,,,,,,,,
2020-07-23 00:00:00,699.00,807.64,6.51,90.20,888.93,498.55,465.00,504.26,751.15,520.54,60.91,1017.33,235.60,17127.00,52.61,53.72,4308.76,54.73,92.14,127.06,131.16,98.07,320.29,452.54,,3784,2020-07-23 00:00:00,,,,,,,,
2020-07-22 00:00:00,697.00,803.62,6.52,89.95,887.07,496.82,462.85,503.98,747.26,518.21,61.10,1013.31,235.52,17136.00,52.72,53.82,4359.46,55.17,92.63,127.33,130.66,98.01,320.36,453.01,,3785,2020-07-22 00:00:00,,,,,,,,
2020-07-21 00:00:00,699.00,800.23,6.52,90.12,884.74,490.50,459.61,503.23,744.11,516.42,61.01,1021.52,237.86,17176.00,52.57,53.68,4401.55,55.66,93.04,128.34,131.96,98.12,321.92,455.08,,3786,2020-07-21 00:00:00,,,,,,,,
2020-07-20 00:00:00,699.00,799.89,6.53,90.19,878.89,489.45,458.64,503.33,745.17,515.03,60.98,1027.78,238.51,17216.00,52.52,53.63,4414.48,55.99,93.06,129.19,132.73,98.05,321.90,453.25,,3787,2020-07-20 00:00:00,,,,,,,,
2020-07-17 00:00:00,700.00,797.37,6.53,90.34,879.65,488.48,457.99,503.02,740.86,515.88,60.92,1022.78,239.18,17211.00,52.44,53.55,4438.25,56.19,93.36,129.66,132.79,97.91,319.96,452.76,,3788,2020-07-17 00:00:00,,,,,,,,
2020-07-16 00:00:00,699.00,798.12,6.54,90.18,880.09,489.76,459.58,503.20,740.35,517.67,60.96,1016.08,237.19,17180.00,52.54,53.65,4431.85,56.09,93.30,129.73,132.73,98.09,319.50,451.20,,3789,2020-07-16 00:00:00,,,,,,,,
2020-07-15 00:00:00,700.00,798.47,6.52,90.28,879.69,488.79,457.77,503.37,744.86,514.61,61.02,1013.10,238.79,17188.00,52.49,53.60,4447.41,56.02,93.25,129.83,133.82,98.10,320.14,450.44,,3790,2020-07-15 00:00:00,,,,,,,,
2020-07-14 00:00:00,700.00,794.23,6.52,90.30,878.95,485.86,457.74,503.48,743.20,514.48,60.93,1013.87,240.41,17192.00,52.47,53.58,4475.89,56.56,93.73,131.27,134.99,97.98,324.58,448.40,,3791,2020-07-14 00:00:00,,,,,,,,
2020-07-13 00:00:00,700.00,791.37,6.55,90.26,883.67,486.35,459.99,503.19,744.03,514.70,60.95,1012.12,240.46,17171.00,52.50,53.61,4466.25,56.40,94.10,131.46,134.82,98.10,321.24,447.31,,3792,2020-07-13 00:00:00,,,,,,,,
2020-07-10 00:00:00,699.00,789.48,6.52,90.25,881.63,486.84,459.39,502.30,743.76,515.03,60.95,1012.41,240.77,17131.00,52.52,53.63,4475.87,56.59,94.35,132.03,135.37,98.09,323.34,446.85,,3793,2020-07-10 00:00:00,,,,,,,,
2020-07-09 00:00:00,701.00,794.21,6.53,90.43,883.80,489.41,460.51,503.63,746.65,518.38,60.87,1016.89,241.69,17035.00,52.43,53.54,4465.92,56.32,93.79,130.96,133.77,97.89,323.72,444.99,,3794,2020-07-09 00:00:00,,,,,,,,
2020-07-08 00:00:00,702.00,791.70,6.53,90.59,880.73,487.57,459.88,503.21,744.88,516.04,60.90,1019.13,244.47,17041.00,52.32,53.43,4475.34,56.52,94.12,131.87,135.16,97.69,324.71,444.89,,3795,2020-07-08 00:00:00,,,,,,,,
2020-07-07 00:00:00,703.00,795.46,6.55,90.72,878.16,490.36,461.02,505.01,746.10,519.16,60.82,1022.58,241.63,16977.00,52.27,53.37,4430.41,56.12,93.71,131.45,133.55,97.63,317.71,442.07,,3796,2020-07-07 00:00:00,,,,,,,,
2020-07-06 00:00:00,707.00,794.94,6.57,91.18,881.49,490.75,461.83,506.88,747.91,521.40,60.60,1010.01,241.64,16957.00,51.98,53.08,4452.27,56.11,93.71,131.90,134.06,97.14,316.80,440.48,,3797,2020-07-06 00:00:00,,,,,,,,
2020-07-03 00:00:00,706.00,793.79,6.57,91.14,880.73,488.98,459.93,506.37,747.20,520.74,60.65,996.82,240.46,16985.00,52.00,53.10,4425.65,56.21,93.87,131.89,134.84,97.00,318.15,440.08,,3798,2020-07-03 00:00:00,,,,,,,,
2020-07-02 00:00:00,706.00,794.05,6.57,91.05,880.08,488.08,457.44,506.39,746.16,519.38,60.71,999.66,241.62,17030.00,52.05,53.15,4442.84,56.35,93.85,131.85,134.81,97.00,321.58,438.91,,3799,2020-07-02 00:00:00,,,,,,,,
2020-07-01 00:00:00,707.00,794.30,6.55,91.23,876.03,488.00,456.05,507.40,746.55,520.89,60.58,1007.03,245.29,16980.00,51.94,53.05,4464.45,55.95,93.83,131.84,136.09,96.90,325.39,436.97,,3800,2020-07-01 00:00:00,,,,,,,,
2020-06-30 00:00:00,708.00,796.10,6.58,91.34,871.44,486.57,454.95,508.13,744.34,518.43,60.49,990.77,243.82,16931.00,51.88,52.98,4476.75,55.94,93.59,131.77,136.57,96.81,325.68,436.19,,3801,2020-06-30 00:00:00,,,,,,,,
2020-06-29 00:00:00,708.00,795.02,6.61,91.36,874.29,485.81,454.50,508.30,747.45,517.66,60.58,986.28,244.17,16985.00,51.84,52.94,4466.58,56.18,93.72,131.71,137.03,96.69,325.54,436.49,,3802,2020-06-29 00:00:00,,,,,,,,
2020-06-24 00:00:00,706.00,798.32,6.63,91.04,883.67,489.66,458.64,507.50,747.06,521.00,60.55,974.12,243.86,17103.00,52.06,53.18,4376.06,55.70,93.38,131.64,134.87,97.06,317.46,437.58,,3803,2020-06-24 00:00:00,,,,,,,,
2020-06-23 00:00:00,707.00,796.23,6.61,91.19,882.20,489.11,458.43,507.65,745.80,523.02,60.54,978.20,245.04,17119.00,52.00,53.12,4358.80,55.73,93.64,132.60,135.74,96.91,317.64,438.23,,3804,2020-06-23 00:00:00,,,,,,,,
2020-06-22 00:00:00,709.00,792.09,6.63,91.44,874.63,483.28,453.64,506.72,744.05,520.34,60.31,981.52,245.74,17110.00,51.83,52.95,4367.12,56.42,94.16,133.60,136.41,96.67,319.71,437.95,,3805,2020-06-22 00:00:00,,,,,,,,
2020-06-19 00:00:00,709.00,794.67,6.63,91.50,880.83,486.24,455.99,508.52,745.16,521.69,60.34,985.19,246.14,17084.00,51.80,52.91,4355.43,55.99,93.82,132.92,134.47,96.70,320.07,438.42,,3806,2020-06-19 00:00:00,,,,,,,,
2020-06-18 00:00:00,709.00,796.98,6.63,91.49,889.88,487.61,457.13,508.65,747.27,522.28,60.35,982.18,242.37,17141.00,51.80,52.91,4324.38,55.99,93.53,131.61,134.46,96.48,315.40,439.39,,3807,2020-06-18 00:00:00,,,,,,,,
2020-06-17 00:00:00,709.00,798.36,6.60,91.45,891.20,488.29,457.39,508.36,745.14,523.35,60.31,981.63,242.89,17083.00,51.83,52.94,4326.09,55.70,93.40,132.20,134.94,96.45,314.51,439.14,,3808,2020-06-17 00:00:00,,,,,,,,
2020-06-16 00:00:00,708.00,801.73,6.59,91.29,893.31,491.44,459.27,509.11,745.75,522.52,60.34,979.96,241.61,17079.00,51.92,53.03,4316.70,55.08,93.01,131.03,134.47,96.50,313.49,437.85,,3809,2020-06-16 00:00:00,,,,,,,,
2020-06-15 00:00:00,709.00,797.44,6.61,91.48,886.53,484.30,455.26,508.36,744.93,520.21,60.16,980.65,241.78,17004.00,51.80,52.94,4349.22,55.75,93.47,131.86,136.67,96.13,316.69,437.25,,3810,2020-06-15 00:00:00,,,,,,,,
2020-06-12 00:00:00,709.00,800.36,6.64,91.43,891.39,484.31,454.79,508.37,751.07,519.87,59.99,990.59,242.75,17005.00,51.79,52.92,4317.60,55.81,93.12,131.67,135.97,96.41,322.34,438.68,,3811,2020-06-12 00:00:00,,,,,,,,
2020-06-11 00:00:00,706.00,803.14,6.60,91.10,898.87,492.94,460.50,510.05,748.45,526.23,60.19,968.71,234.08,16871.00,52.04,53.17,4280.93,55.46,92.84,130.16,132.01,95.97,310.78,440.62,,3812,2020-06-11 00:00:00,,,,,,,,
2020-06-10 00:00:00,707.00,801.50,6.56,91.23,899.09,491.13,459.66,508.72,743.47,526.93,60.41,969.34,235.27,16944.00,51.96,53.08,4296.15,55.45,93.03,130.22,131.25,96.12,309.52,443.03,,3813,2020-06-10 00:00:00,,,,,,,,
2020-06-09 00:00:00,707.00,798.49,6.52,91.24,900.10,496.40,463.89,509.18,737.83,528.36,60.26,963.84,235.85,16969.00,51.99,53.12,4303.23,55.39,93.37,130.13,130.85,95.97,304.11,444.41,,3814,2020-06-09 00:00:00,,,,,,,,
2020-06-08 00:00:00,709.00,801.82,6.46,91.46,901.29,495.65,462.49,509.34,737.21,528.75,60.17,962.25,236.64,17008.00,51.82,52.97,4284.74,55.30,92.99,129.22,130.82,95.47,303.30,444.22,,3815,2020-06-08 00:00:00,,,,,,,,
2020-06-05 00:00:00,710.00,804.76,6.50,91.57,894.71,492.84,459.07,507.73,742.95,525.89,60.13,971.50,238.21,17148.00,51.76,52.92,4282.87,55.11,92.62,129.54,131.68,95.19,308.58,444.32,,3816,2020-06-05 00:00:00,,,,,,,,
2020-06-04 00:00:00,710.00,797.47,6.51,91.63,892.63,491.50,456.28,508.13,738.56,526.12,60.04,962.08,238.23,17121.00,51.73,52.87,4326.27,55.30,93.49,130.89,133.20,94.78,305.99,444.37,,3817,2020-06-04 00:00:00,,,,,,,,
2020-06-03 00:00:00,711.00,794.68,6.54,91.70,893.19,490.95,453.19,507.88,738.72,525.90,59.91,965.74,241.38,17159.00,51.68,52.81,4349.66,55.15,93.80,131.28,134.02,94.34,305.98,443.93,,3818,2020-06-03 00:00:00,,,,,,,,
2020-06-02 00:00:00,712.00,792.26,6.62,91.82,889.25,483.63,447.67,505.85,740.88,524.46,60.49,969.50,244.20,17181.00,51.61,52.75,4354.20,55.58,94.12,131.58,135.21,95.69,309.90,444.72,,3819,2020-06-02 00:00:00,,,,,,,,
2020-06-01 00:00:00,713.00,792.99,6.62,92.00,881.11,475.64,442.56,505.06,742.31,517.93,60.86,983.65,246.57,17259.00,51.51,52.66,4374.30,56.00,94.00,132.09,136.24,95.55,310.80,446.16,,3820,2020-06-01 00:00:00,,,,,,,,
2020-05-29 00:00:00,713.00,789.70,6.62,91.99,878.60,472.83,442.00,503.04,739.59,517.67,61.02,984.72,245.42,17348.00,51.51,52.68,4426.65,56.38,94.39,133.53,137.17,95.58,311.57,446.70,,3821,2020-05-29 00:00:00,,,,,,,,
2020-05-28 00:00:00,713.00,785.22,6.62,91.94,874.33,471.99,441.11,502.44,736.58,518.20,60.98,990.89,243.36,17310.00,51.52,52.69,4438.91,56.39,94.95,134.60,138.24,95.08,313.15,447.07,,3822,2020-05-28 00:00:00,,,,,,,,
2020-05-27 00:00:00,711.00,780.66,6.61,91.70,876.62,472.47,440.62,501.77,736.51,515.77,61.28,993.15,244.75,17318.00,51.68,52.86,4461.22,56.87,95.57,135.33,139.13,94.74,312.71,448.17,,3823,2020-05-27 00:00:00,,,,,,,,
2020-05-26 00:00:00,713.00,777.03,6.62,91.96,869.51,466.38,434.66,500.46,733.83,510.03,61.18,1004.07,247.43,17403.00,51.52,52.71,4515.43,57.90,95.94,135.69,141.05,95.59,316.40,448.28,,3824,2020-05-26 00:00:00,,,,,,,,
2020-05-25 00:00:00,712.00,776.53,6.61,91.81,867.85,465.93,434.28,499.95,733.18,509.13,61.25,1003.49,247.12,17384.00,51.58,52.77,4510.61,58.13,96.01,135.66,140.40,95.63,318.29,447.89,,3825,2020-05-25 00:00:00,,,,,,,,
2020-05-22 00:00:00,709.00,776.70,6.59,91.48,867.23,465.86,434.39,500.58,730.94,508.60,61.25,998.00,247.87,17364.00,51.77,52.95,4481.54,58.08,96.00,135.60,140.18,95.70,322.41,448.78,,3826,2020-05-22 00:00:00,,,,,,,,
2020-05-21 00:00:00,709.00,777.72,6.59,91.44,866.55,466.93,435.31,501.16,734.25,509.52,61.37,1003.84,252.98,17322.00,51.85,53.02,4498.50,58.30,95.88,135.32,139.79,95.76,327.75,449.15,,3827,2020-05-21 00:00:00,,,,,,,,
2020-05-20 00:00:00,710.00,775.57,6.58,91.55,869.86,464.43,431.89,500.61,730.75,509.28,61.28,1020.41,258.29,17260.00,51.77,52.94,4516.97,58.64,96.14,136.48,140.58,95.60,333.71,449.77,,3828,2020-05-20 00:00:00,,,,,,,,
2020-05-19 00:00:00,709.00,773.77,6.60,91.49,864.91,462.47,428.10,500.07,729.71,508.59,61.38,1022.99,258.81,17259.00,51.82,53.02,4562.21,58.97,96.37,136.85,141.38,97.01,334.87,451.54,,3829,2020-05-19 00:00:00,,,,,,,,
2020-05-18 00:00:00,710.00,768.53,6.63,91.63,858.78,456.46,421.97,497.77,730.90,504.04,61.26,1032.88,261.68,17328.00,51.71,52.90,4613.22,59.36,97.00,138.88,143.95,96.97,336.92,451.51,,3830,2020-05-18 00:00:00,,,,,,,,
2020-05-15 00:00:00,709.00,766.58,6.61,91.51,867.67,458.84,426.17,498.56,728.99,505.43,61.17,1034.97,259.82,17306.00,51.78,52.97,4619.69,59.48,97.28,138.14,143.11,97.62,336.48,452.45,,3831,2020-05-15 00:00:00,,,,,,,,
2020-05-14 00:00:00,709.00,767.65,6.63,91.53,868.20,457.92,425.60,499.72,729.86,503.45,61.00,1041.71,260.78,17288.00,51.77,52.95,4611.06,59.46,97.14,138.30,143.18,98.27,341.15,451.94,,3832,2020-05-14 00:00:00,,,,,,,,
2020-05-13 00:00:00,709.00,768.95,6.61,91.44,868.70,458.45,430.77,499.69,730.83,503.73,61.07,1039.17,259.93,17291.00,51.82,53.01,4571.44,59.33,96.97,137.90,143.42,98.69,343.07,453.27,,3833,2020-05-13 00:00:00,,,,,,,,
2020-05-12 00:00:00,709.00,766.24,6.59,91.50,874.30,459.33,430.49,500.13,728.81,505.81,61.09,1036.33,259.52,17262.00,51.80,52.97,4567.70,59.42,97.32,139.24,145.17,99.62,337.08,453.93,,3834,2020-05-12 00:00:00,,,,,,,,
2020-05-11 00:00:00,708.00,766.86,6.62,91.30,878.15,461.82,433.77,500.68,728.48,507.72,61.05,1037.39,259.35,17224.00,51.90,53.08,4555.49,59.30,97.28,138.31,144.26,100.18,334.50,455.40,,3835,2020-05-11 00:00:00,,,,,,,,
2020-05-08 00:00:00,708.00,767.23,6.66,91.33,875.89,459.92,430.98,500.84,727.62,506.53,60.94,1042.45,262.39,17219.00,51.89,53.08,4573.71,59.36,97.27,138.56,144.57,100.11,339.57,457.19,,3836,2020-05-08 00:00:00,,,,,,,,
2020-05-07 00:00:00,709.00,765.48,6.68,91.50,874.14,453.01,425.84,498.55,727.29,500.60,60.94,1049.20,265.27,17270.00,51.79,52.96,4578.62,59.41,97.44,138.87,144.85,101.49,345.13,457.04,,3837,2020-05-07 00:00:00,,,,,,,,
2020-05-06 00:00:00,707.00,765.92,6.64,91.18,879.37,454.68,428.09,499.22,726.58,503.23,60.89,1042.96,261.73,17305.00,51.97,53.13,4572.99,59.21,97.41,139.00,145.13,100.23,339.26,458.08,,3838,2020-05-06 00:00:00,,,,,,,,
2020-04-30 00:00:00,706.00,767.44,6.62,91.06,879.96,462.49,433.32,500.25,724.71,508.59,61.46,1033.84,257.17,17186.00,52.04,53.25,4620.71,59.24,97.19,139.47,146.18,98.49,336.81,458.96,,3839,2020-04-30 00:00:00,,,,,,,,
2020-04-29 00:00:00,707.00,765.88,6.62,91.22,879.18,459.95,429.53,499.22,726.00,505.71,61.63,1046.88,263.10,17267.00,51.95,53.18,4666.74,59.36,97.36,139.75,147.26,98.80,343.69,458.62,,3840,2020-04-29 00:00:00,,,,,,,,
2020-04-28 00:00:00,707.00,765.55,6.59,91.23,878.57,456.20,426.12,497.96,724.71,504.06,61.56,1050.41,265.96,17285.00,51.95,53.19,4640.34,59.24,97.42,141.59,148.22,98.79,349.97,459.18,,3841,2020-04-28 00:00:00,,,,,,,,
2020-04-27 00:00:00,707.00,764.86,6.58,91.23,874.29,452.31,425.77,496.81,726.15,501.07,61.64,1053.16,269.16,17424.00,51.95,53.19,4656.61,59.30,97.52,142.34,150.26,98.55,353.51,458.75,,3842,2020-04-27 00:00:00,,,,,,,,
2020-04-24 00:00:00,708.00,763.03,6.58,91.35,874.63,451.34,425.10,496.89,725.30,503.41,61.56,1057.14,269.89,17405.00,51.88,53.12,4683.11,59.53,97.74,142.20,150.14,98.24,349.95,457.06,,3843,2020-04-24 00:00:00,,,,,,,,
2020-04-23 00:00:00,709.00,766.69,6.58,91.46,874.06,446.96,420.60,496.14,729.17,500.28,61.58,1071.04,267.97,17388.00,51.82,53.11,4658.95,59.33,97.30,142.58,152.08,98.47,345.48,456.51,,3844,2020-04-23 00:00:00,,,,,,,,
2020-04-22 00:00:00,709.00,769.54,6.58,91.49,871.91,445.90,422.54,495.31,731.08,499.55,61.95,1086.09,267.69,17378.00,51.80,53.00,4598.90,58.87,96.88,142.43,149.97,98.37,344.07,458.43,,3845,2020-04-22 00:00:00,,,,,,,,
2020-04-21 00:00:00,708.00,768.41,6.57,91.29,880.16,448.65,427.21,497.93,730.81,500.92,61.79,1066.63,265.60,17263.00,51.91,53.04,4586.09,58.83,97.04,141.67,147.57,98.08,339.34,459.29,,3846,2020-04-21 00:00:00,,,,,,,,
2020-04-20 00:00:00,707.00,767.91,6.56,91.16,882.43,448.37,425.36,496.41,730.09,503.06,61.85,1047.66,266.07,17217.00,51.99,53.17,4599.76,58.84,97.17,141.40,146.23,97.75,339.46,459.77,,3847,2020-04-20 00:00:00,,,,,,,,
2020-04-17 00:00:00,707.00,768.03,6.55,91.24,882.97,449.96,424.31,496.75,729.72,504.05,61.81,1040.96,263.81,17332.00,51.94,53.13,4571.74,58.99,97.15,141.47,146.48,97.87,336.19,460.83,,3848,2020-04-17 00:00:00,,,,,,,,
2020-04-16 00:00:00,707.00,770.63,6.58,91.23,885.31,446.07,423.14,495.85,732.53,500.75,61.34,1058.46,264.03,17304.00,51.94,53.17,4566.41,58.79,96.81,142.10,148.68,97.52,343.07,462.60,,3849,2020-04-16 00:00:00,,,,,,,,
2020-04-15 00:00:00,704.00,772.67,6.57,90.82,888.33,452.77,429.30,497.75,732.65,506.76,61.54,1036.56,260.21,17238.00,52.23,53.46,4551.65,58.50,96.59,141.21,146.49,96.93,332.68,464.16,,3850,2020-04-15 00:00:00,,,,,,,,
2020-04-14 00:00:00,704.00,768.31,6.54,90.82,881.05,450.08,429.35,497.42,728.00,507.18,61.39,1042.40,257.37,17281.00,52.19,53.44,4599.49,59.09,97.16,141.99,146.18,96.26,335.08,464.78,,3851,2020-04-14 00:00:00,,,,,,,,
2020-04-13 00:00:00,703.00,768.95,6.49,90.68,876.49,445.58,427.21,497.05,728.16,503.45,61.29,1044.34,256.35,17253.00,52.24,53.50,4596.14,59.21,97.09,141.36,145.42,95.66,332.96,464.67,,3852,2020-04-13 00:00:00,,,,,,,,
2020-04-10 00:00:00,704.00,769.32,6.48,90.74,876.44,445.41,427.41,496.69,727.81,503.06,61.43,1054.87,256.38,17229.00,52.22,53.48,4595.93,59.15,97.09,141.36,144.96,94.94,336.30,464.61,,3853,2020-04-10 00:00:00,,,,,,,,
2020-04-09 00:00:00,705.00,766.09,6.47,90.99,874.04,439.84,424.34,494.88,725.78,503.53,61.50,1063.21,258.21,17226.00,52.08,53.34,4682.72,59.13,97.44,142.83,145.10,96.03,340.57,464.11,,3854,2020-04-09 00:00:00,,,,,,,,
2020-04-08 00:00:00,705.00,768.28,6.49,90.91,870.15,434.60,421.04,494.97,727.25,503.37,61.59,1068.02,258.56,17303.00,52.11,53.36,4664.53,58.94,97.22,142.61,145.37,95.98,345.38,464.60,,3855,2020-04-08 00:00:00,,,,,,,,
2020-04-07 00:00:00,709.00,765.78,6.50,91.50,867.24,432.58,421.13,495.25,725.15,502.28,61.26,1070.91,263.27,17249.00,51.78,53.02,4751.83,59.55,97.51,142.79,147.01,95.36,346.21,462.65,,3856,2020-04-07 00:00:00,,,,,,,,
2020-04-03 00:00:00,711.00,770.81,6.58,91.73,880.72,430.94,420.33,496.85,729.36,503.10,61.28,1087.81,259.97,17287.00,51.66,52.94,4718.63,59.21,96.88,142.14,146.15,93.25,340.77,463.79,,3857,2020-04-03 00:00:00,,,,,,,,
2020-04-02 00:00:00,710.00,776.78,6.62,91.58,878.92,431.95,420.76,494.65,734.29,501.20,61.46,1108.20,257.18,17403.00,51.76,53.03,4679.60,59.15,96.07,141.29,147.28,94.49,341.38,465.67,,3858,2020-04-02 00:00:00,,,,,,,,
2020-04-01 00:00:00,708.00,780.90,6.59,91.28,878.68,434.15,420.87,497.92,736.52,502.79,60.94,1107.85,252.41,17208.00,51.90,53.19,4625.30,58.42,95.62,139.99,146.93,93.48,335.83,462.74,,3859,2020-04-01 00:00:00,,,,,,,,
2020-03-31 00:00:00,709.00,780.88,6.55,91.37,875.97,436.29,425.19,497.24,738.16,499.52,61.00,1121.35,253.26,17247.00,51.85,53.08,4587.37,58.12,95.60,141.82,148.41,92.74,336.42,460.88,,3860,2020-03-31 00:00:00,,,,,,,,
2020-03-30 00:00:00,704.00,782.88,6.55,90.86,875.36,433.33,424.90,493.29,740.05,500.68,61.38,1119.91,254.96,17202.00,52.17,53.38,4557.45,57.93,95.30,141.07,149.32,91.75,335.37,462.46,,3861,2020-03-30 00:00:00,,,,,,,,
2020-03-27 00:00:00,704.00,777.32,6.44,90.84,857.82,426.59,419.27,492.31,731.87,501.26,61.38,1096.94,246.22,17261.00,52.20,53.39,4576.33,58.20,96.06,141.45,147.77,90.96,330.98,463.28,,3862,2020-03-27 00:00:00,,,,,,,,
2020-03-26 00:00:00,707.00,769.80,6.37,91.17,836.32,417.29,410.21,488.27,724.09,497.07,62.00,1103.36,244.67,17350.00,51.96,53.14,4585.23,59.33,97.07,142.58,151.34,90.82,339.94,462.94,,3863,2020-03-26 00:00:00,,,,,,,,
2020-03-25 00:00:00,707.00,763.80,6.36,91.24,833.54,422.16,411.95,488.81,721.06,489.68,62.56,1105.75,247.52,17470.00,51.93,53.09,4648.49,60.28,97.78,143.01,156.04,91.08,350.36,463.70,,3864,2020-03-25 00:00:00,,,,,,,,
2020-03-24 00:00:00,710.00,763.94,6.41,91.56,822.82,416.21,406.87,487.20,722.59,490.25,62.62,1117.70,250.54,17822.00,51.74,52.91,4597.38,60.33,97.76,145.05,162.03,92.32,357.26,462.54,,3865,2020-03-24 00:00:00,,,,,,,,
2020-03-23 00:00:00,709.00,757.79,6.41,91.43,821.98,407.54,399.64,487.75,718.94,490.43,62.10,1133.57,249.39,17785.00,51.77,52.94,4623.89,59.70,98.62,147.19,166.04,92.48,349.48,461.03,,3866,2020-03-23 00:00:00,,,,,,,,
2020-03-20 00:00:00,711.00,757.78,6.40,91.55,817.82,407.63,404.05,489.75,720.18,490.05,62.05,1115.72,244.68,17746.00,51.62,52.85,4711.64,60.22,98.54,146.37,159.25,91.92,338.12,458.40,,3867,2020-03-20 00:00:00,,,,,,,,
2020-03-19 00:00:00,705.00,771.73,6.52,90.81,819.22,407.79,402.71,489.17,729.06,487.60,61.97,1144.92,242.23,17805.00,52.07,53.28,4574.06,58.20,96.75,145.03,159.45,91.74,335.26,461.27,,3868,2020-03-19 00:00:00,,,,,,,,
2020-03-18 00:00:00,703.00,774.24,6.55,90.59,851.84,421.19,418.43,492.00,732.75,494.14,61.93,1070.14,235.28,17624.00,52.22,53.38,4481.85,57.66,96.47,140.62,149.23,90.99,326.25,458.34,,3869,2020-03-18 00:00:00,,,,,,,,
2020-03-17 00:00:00,701.00,782.59,6.60,90.21,859.75,428.46,423.88,493.20,739.71,500.79,61.43,1063.50,237.16,17616.00,52.39,53.58,4397.33,56.71,95.45,139.52,146.49,91.71,322.64,459.06,,3870,2020-03-17 00:00:00,,,,,,,,
2020-03-16 00:00:00,700.00,781.69,6.60,90.22,868.42,432.86,423.96,495.51,740.60,505.95,61.12,1045.83,233.03,17344.00,52.46,53.64,4327.68,55.93,95.54,138.24,144.72,89.91,312.44,454.23,,3871,2020-03-16 00:00:00,,,,,,,,
2020-03-13 00:00:00,700.00,782.26,6.68,90.02,879.87,439.68,428.48,496.91,741.00,502.51,60.84,1064.88,236.67,17307.00,52.45,53.62,4316.27,55.91,95.51,139.21,145.37,90.15,313.83,452.69,,3872,2020-03-13 00:00:00,,,,,,,,
2020-03-12 00:00:00,696.00,784.74,6.66,89.61,892.80,451.24,436.24,498.76,741.77,505.62,60.76,1041.43,233.12,17132.00,52.74,53.91,4291.27,55.14,95.21,136.87,139.12,89.17,307.25,452.07,,3873,2020-03-12 00:00:00,,,,,,,,
2020-03-11 00:00:00,696.00,786.82,6.62,89.59,898.51,452.43,436.49,500.27,742.59,507.25,60.87,1023.15,228.92,17111.00,52.75,53.91,4255.89,54.72,94.99,136.66,137.68,88.67,298.59,451.60,,3874,2020-03-11 00:00:00,,,,,,,,
2020-03-10 00:00:00,694.00,791.81,6.76,89.27,907.73,457.87,440.11,501.32,748.12,508.23,60.80,1077.00,231.86,17288.00,52.93,54.14,4240.95,54.65,94.28,136.28,137.60,88.70,300.83,453.01,,3875,2020-03-10 00:00:00,,,,,,,,
2020-03-09 00:00:00,693.00,787.56,6.66,89.17,906.06,457.69,437.77,502.54,745.87,508.84,60.26,1034.94,231.00,17205.00,53.07,54.22,4260.87,54.73,94.85,135.56,137.23,88.54,302.68,453.76,,3876,2020-03-09 00:00:00,,,,,,,,
2020-03-06 00:00:00,693.00,777.47,6.52,89.22,897.08,458.19,437.21,500.99,732.25,517.05,60.09,973.99,225.22,17126.00,53.04,54.20,4329.40,55.40,96.10,136.36,134.11,88.17,286.27,455.36,,3877,2020-03-06 00:00:00,,,,,,,,
2020-03-05 00:00:00,694.00,772.67,6.45,89.29,892.90,459.33,436.59,500.91,725.07,518.23,60.24,955.70,220.01,17108.00,52.95,54.09,4346.32,55.58,96.72,136.54,133.43,87.63,281.52,452.02,,3878,2020-03-05 00:00:00,,,,,,,,
2020-03-04 00:00:00,695.00,776.67,6.50,89.47,891.57,457.79,436.11,500.87,727.47,519.49,60.43,950.37,221.82,17092.00,52.86,54.00,4325.76,55.45,96.21,136.05,133.44,87.96,279.91,452.26,,3879,2020-03-04 00:00:00,,,,,,,,
2020-03-03 00:00:00,695.00,774.57,6.42,89.33,887.63,454.54,435.26,500.39,725.59,521.63,60.43,952.90,222.04,17102.00,52.83,53.96,4353.71,55.72,96.49,137.26,133.64,88.80,279.37,452.09,,3880,2020-03-03 00:00:00,,,,,,,,
2020-03-02 00:00:00,698.00,772.14,6.48,89.55,893.60,454.38,434.39,501.29,724.68,520.38,60.35,959.76,226.07,17261.00,52.62,53.74,4385.77,56.14,96.79,137.73,135.02,89.55,284.13,451.93,,3881,2020-03-02 00:00:00,,,,,,,,
2020-02-28 00:00:00,701.00,770.59,6.39,89.87,903.05,461.04,442.41,502.27,723.37,523.60,60.06,947.09,221.01,17325.00,52.43,53.57,4401.13,56.11,96.98,137.88,134.03,88.62,278.10,451.53,,3882,2020-02-28 00:00:00,,,,,,,,
2020-02-27 00:00:00,702.00,764.13,6.36,90.10,906.05,459.67,441.44,502.35,718.99,526.34,60.16,932.15,217.74,17292.00,52.31,53.44,4440.85,56.47,97.78,138.61,133.89,87.67,274.51,453.49,,3883,2020-02-27 00:00:00,,,,,,,,
2020-02-26 00:00:00,701.00,762.71,6.36,89.99,911.74,462.73,442.85,501.33,718.43,527.75,60.37,931.38,217.01,17325.00,52.38,53.51,4439.33,56.44,97.95,138.63,133.53,87.65,272.08,452.68,,3884,2020-02-26 00:00:00,,,,,,,,
2020-02-25 00:00:00,702.00,762.04,6.34,90.13,907.67,464.09,445.14,502.03,716.98,528.32,60.13,929.30,215.49,17338.00,52.30,53.42,4438.07,56.51,98.03,138.58,133.19,87.10,271.55,450.75,,3885,2020-02-25 00:00:00,,,,,,,,
2020-02-24 00:00:00,702.00,761.07,6.30,90.13,909.63,463.99,444.06,501.26,717.57,530.05,59.68,914.94,214.43,17229.00,52.28,53.40,4427.17,56.40,98.12,138.86,132.77,87.01,270.45,450.91,,3886,2020-02-24 00:00:00,,,,,,,,
2020-02-21 00:00:00,702.00,757.43,6.27,90.21,904.58,464.50,444.71,501.15,713.68,529.62,59.59,913.96,215.11,17121.00,52.31,53.43,4465.10,56.48,98.59,139.65,132.72,86.92,268.41,448.02,,3887,2020-02-21 00:00:00,,,,,,,,
2020-02-20 00:00:00,700.00,756.98,6.30,90.09,904.94,468.02,447.29,502.29,712.06,529.79,59.43,907.88,213.99,17015.00,52.45,53.56,4450.49,56.39,98.66,139.63,132.29,86.87,265.00,445.66,,3888,2020-02-20 00:00:00,,,,,,,,
2020-02-19 00:00:00,700.00,755.71,6.37,90.12,910.25,468.43,447.46,502.81,712.09,528.22,59.31,912.57,214.42,16998.00,52.46,53.57,4440.37,56.46,98.83,139.72,133.23,86.62,265.52,445.54,,3889,2020-02-19 00:00:00,,,,,,,,
2020-02-18 00:00:00,698.00,756.47,6.36,89.89,907.94,468.40,449.44,502.47,712.00,527.54,59.33,909.52,214.61,16977.00,52.60,53.72,4434.68,56.30,98.74,138.80,132.63,86.59,265.79,446.69,,3890,2020-02-18 00:00:00,,,,,,,,
2020-02-17 00:00:00,698.00,756.49,6.36,89.85,910.81,469.15,449.48,501.81,710.86,526.93,59.30,909.29,213.44,16939.00,52.62,53.74,4438.40,56.14,98.76,139.14,132.44,86.77,265.70,446.42,,3891,2020-02-17 00:00:00,,,,,,,,
2020-02-14 00:00:00,698.00,756.97,6.36,89.93,911.08,468.94,449.57,502.24,713.20,526.59,59.29,911.78,214.03,16946.00,52.59,53.70,4457.32,56.08,98.69,138.52,132.53,86.45,266.32,445.98,,3892,2020-02-14 00:00:00,,,,,,,,
2020-02-13 00:00:00,698.00,758.64,6.34,89.82,903.96,469.75,450.66,502.92,713.26,526.53,59.29,906.57,212.84,16919.00,52.64,53.75,4480.38,56.04,98.50,138.11,132.29,86.62,266.87,446.34,,3893,2020-02-13 00:00:00,,,,,,,,
2020-02-12 00:00:00,697.00,761.13,6.35,89.78,903.19,468.31,446.44,502.88,714.51,524.67,59.26,909.33,212.44,16961.00,52.69,53.80,4450.62,55.92,98.17,138.18,132.59,86.31,267.63,447.79,,3894,2020-02-12 00:00:00,,,,,,,,
2020-02-11 00:00:00,699.00,762.45,6.37,90.01,902.50,467.33,446.04,503.06,715.03,524.82,59.31,917.48,214.13,16982.00,52.55,53.67,4433.99,55.93,97.99,138.20,132.90,85.94,267.63,447.69,,3895,2020-02-11 00:00:00,,,,,,,,
2020-02-10 00:00:00,699.00,765.34,6.38,89.96,901.29,466.63,447.58,502.77,715.64,525.42,59.21,916.30,215.59,17031.00,52.53,53.65,4419.10,55.80,97.61,138.17,133.06,85.70,268.69,447.93,,3896,2020-02-10 00:00:00,,,,,,,,
2020-02-07 00:00:00,698.00,766.24,6.34,89.86,902.11,469.56,450.56,503.37,715.82,525.16,59.10,907.90,213.79,16995.00,52.64,53.77,4409.14,55.59,97.52,137.95,132.18,85.83,267.39,446.80,,3897,2020-02-07 00:00:00,,,,,,,,
2020-02-06 00:00:00,700.00,769.66,6.37,90.14,909.47,472.40,453.32,506.63,718.82,526.84,58.84,900.11,210.98,16931.00,52.49,53.61,4375.72,55.15,97.08,137.01,131.57,85.48,265.72,443.16,,3898,2020-02-06 00:00:00,,,,,,,,
2020-02-05 00:00:00,698.00,771.16,6.38,89.89,909.92,470.40,453.58,509.37,720.45,525.82,58.87,900.73,211.71,16976.00,52.61,53.73,4355.65,55.43,96.90,137.30,131.98,85.65,267.43,443.35,,3899,2020-02-05 00:00:00,,,,,,,,
2020-02-04 00:00:00,698.00,771.78,6.42,89.83,907.05,467.02,450.95,509.64,722.76,524.97,58.97,909.90,213.24,17062.00,52.63,53.76,4368.18,55.66,96.78,138.21,133.02,85.75,269.71,445.16,,3900,2020-02-04 00:00:00,,,,,,,,
2020-02-03 00:00:00,692.00,767.50,6.39,89.16,912.90,463.48,447.44,507.61,718.61,522.99,59.16,922.95,216.57,17222.00,53.03,54.17,4391.26,55.93,97.36,138.99,132.97,86.32,272.17,449.71,,3901,2020-02-03 00:00:00,,,,,,,,
2020-01-23 00:00:00,689.00,764.00,6.27,88.59,905.05,471.33,454.08,510.65,711.72,524.17,59.04,897.59,208.15,16905.00,53.34,54.48,4399.56,55.47,97.81,137.92,130.36,85.98,271.50,441.13,,3902,2020-01-23 00:00:00,,,,,,,,
2020-01-22 00:00:00,689.00,763.04,6.26,88.63,898.39,471.36,454.08,509.96,710.76,526.61,59.13,897.52,210.50,16938.00,53.35,54.49,4377.45,55.43,97.92,138.27,130.54,86.17,272.62,441.37,,3903,2020-01-22 00:00:00,,,,,,,,
2020-01-21 00:00:00,686.00,761.17,6.23,88.28,892.19,471.78,453.36,509.44,708.51,525.91,59.16,897.23,211.34,16881.00,53.54,54.69,4396.60,55.77,98.16,138.73,130.17,86.21,272.07,442.17,,3904,2020-01-21 00:00:00,,,,,,,,
2020-01-20 00:00:00,687.00,761.82,6.23,88.39,892.85,472.44,454.29,509.61,709.29,525.56,59.05,897.11,210.90,16896.00,53.49,54.64,4412.74,55.65,98.10,138.59,129.74,85.85,271.77,442.65,,3905,2020-01-20 00:00:00,,,,,,,,
2020-01-17 00:00:00,689.00,767.03,6.25,88.62,900.72,475.00,456.98,511.40,713.68,528.13,58.98,895.97,209.23,16844.00,53.33,54.47,4361.97,55.16,97.42,137.79,129.06,85.02,272.62,441.02,,3906,2020-01-17 00:00:00,,,,,,,,
2020-01-16 00:00:00,688.00,767.33,6.26,88.56,897.26,475.17,455.38,511.26,713.87,527.60,59.17,892.32,209.07,16816.00,53.38,54.53,4340.48,55.12,97.39,137.52,128.76,85.42,273.16,440.03,,3907,2020-01-16 00:00:00,,,,,,,,
2020-01-15 00:00:00,688.00,766.15,6.26,88.50,896.38,474.88,455.00,510.91,711.80,527.00,59.16,892.65,209.28,16815.00,53.35,54.51,4340.58,55.12,97.54,137.49,128.93,85.48,273.07,439.65,,3908,2020-01-15 00:00:00,,,,,,,,
2020-01-14 00:00:00,690.00,767.93,6.27,88.69,895.78,475.74,456.89,512.04,710.27,528.17,58.87,887.72,208.71,16747.00,53.27,54.41,4345.33,55.13,97.32,137.28,128.93,85.07,272.75,438.20,,3909,2020-01-14 00:00:00,,,,,,,,
2020-01-13 00:00:00,693.00,769.94,6.32,89.19,903.23,478.05,459.61,513.70,711.47,530.17,58.83,883.03,206.91,16733.00,53.03,54.17,4335.63,55.04,97.07,137.21,128.38,84.87,271.41,436.59,,3910,2020-01-13 00:00:00,,,,,,,,
2020-01-10 00:00:00,694.00,770.29,6.33,89.31,906.25,475.43,458.28,513.20,712.58,531.08,58.99,884.09,205.13,16728.00,52.96,54.10,4317.81,55.10,97.02,136.83,128.03,84.77,271.79,436.64,,3911,2020-01-10 00:00:00,,,,,,,,
2020-01-09 00:00:00,695.00,771.95,6.37,89.36,910.48,477.21,462.02,514.41,713.65,532.86,59.03,882.01,203.92,16756.00,52.87,54.00,4286.18,54.84,96.80,136.07,127.65,85.07,270.93,436.80,,3912,2020-01-09 00:00:00,,,,,,,,
2020-01-08 00:00:00,695.00,774.68,6.43,89.34,910.91,476.34,460.59,514.08,717.05,534.13,58.98,893.11,206.14,16838.00,52.89,54.02,4281.96,54.80,96.47,136.16,127.57,86.01,272.50,436.07,,3913,2020-01-08 00:00:00,,,,,,,,
2020-01-07 00:00:00,697.00,780.05,6.43,89.64,917.86,483.22,464.49,516.57,719.72,537.60,58.86,886.41,203.96,16750.00,52.71,53.83,4225.39,54.24,95.80,134.92,126.20,85.66,270.41,432.71,,3914,2020-01-07 00:00:00,,,,,,,,
2020-01-06 00:00:00,697.00,778.43,6.46,89.60,911.93,483.95,464.08,516.39,718.04,536.78,58.82,891.28,205.50,16741.00,52.68,53.81,4233.93,54.51,95.99,134.93,126.69,85.62,271.72,432.59,,3915,2020-01-06 00:00:00,,,,,,,,
2020-01-03 00:00:00,697.00,778.51,6.42,89.46,915.84,486.69,466.77,517.09,717.27,536.71,58.68,886.10,202.21,16619.00,52.71,53.83,4224.78,54.45,95.99,134.37,126.19,85.48,270.43,432.69,,3916,2020-01-03 00:00:00,,,,,,,,
2020-01-02 00:00:00,696.00,781.13,6.41,89.33,922.63,488.46,468.78,517.52,719.60,536.47,58.75,889.90,201.24,16584.00,52.76,53.88,4235.40,54.49,95.65,134.24,126.06,85.43,271.75,432.29,,3917,2020-01-02 00:00:00,,,,,,,,
2019-12-31 00:00:00,698.00,781.55,6.41,89.58,915.01,488.43,469.73,517.39,720.28,534.21,58.87,888.09,202.29,16579.00,52.65,53.77,4235.49,54.44,95.61,133.98,126.38,85.26,271.47,429.58,,3918,2019-12-31 00:00:00,,,,,,,,
2019-12-30 00:00:00,698.00,780.74,6.38,89.60,914.06,487.44,467.91,516.24,716.81,533.84,59.09,888.75,201.29,16611.00,52.62,53.77,4236.76,54.60,95.71,133.64,126.26,85.24,269.86,432.02,,3919,2019-12-30 00:00:00,,,,,,,,
2019-12-27 00:00:00,699.00,775.58,6.38,89.71,908.28,485.33,466.12,516.21,712.20,533.00,59.14,889.92,202.28,16619.00,52.56,53.70,4273.22,54.91,96.27,134.66,127.14,84.90,271.05,431.62,,3920,2019-12-27 00:00:00,,,,,,,,
2019-12-26 00:00:00,698.00,774.70,6.38,89.61,905.74,483.34,463.88,515.40,712.67,530.69,59.24,885.06,202.69,16618.00,52.61,53.76,4285.15,54.98,96.47,134.65,127.70,85.05,271.62,431.73,,3921,2019-12-26 00:00:00,,,,,,,,
2019-12-25 00:00:00,701.00,776.86,6.41,89.97,906.14,484.97,464.94,516.95,714.60,532.32,59.04,884.09,202.11,16594.00,52.42,53.56,4271.01,54.93,96.17,134.34,127.25,84.90,270.84,430.31,,3922,2019-12-25 00:00:00,,,,,,,,
2019-12-24 00:00:00,701.00,777.74,6.41,90.07,907.45,485.34,465.03,517.20,714.43,533.38,59.06,888.51,202.68,16600.00,52.38,53.51,4260.03,54.94,96.06,134.52,127.72,84.82,270.21,430.28,,3923,2019-12-24 00:00:00,,,,,,,,
2019-12-23 00:00:00,701.00,776.56,6.40,89.91,912.04,483.68,463.00,517.32,713.60,533.36,59.06,890.83,203.48,16562.00,52.39,53.51,4255.06,54.80,96.20,134.16,127.97,84.70,270.16,430.73,,3924,2019-12-23 00:00:00,,,,,,,,
2019-12-20 00:00:00,700.00,778.72,6.40,89.79,911.17,482.32,462.75,516.89,715.87,533.52,59.13,890.38,203.17,16610.00,52.46,53.57,4242.43,54.73,95.93,134.39,128.02,84.85,270.24,431.36,,3925,2019-12-20 00:00:00,,,,,,,,
2019-12-19 00:00:00,700.00,778.30,6.39,89.90,916.15,479.85,460.83,516.57,714.29,533.95,59.09,894.99,204.31,16650.00,52.45,53.57,4247.92,54.79,95.99,134.54,128.65,84.61,271.15,431.58,,3926,2019-12-19 00:00:00,,,,,,,,
2019-12-18 00:00:00,700.00,780.16,6.39,89.86,918.70,479.55,459.69,516.27,714.09,531.88,59.20,892.11,205.72,16643.00,52.49,53.61,4230.93,54.60,95.77,134.05,128.91,84.12,270.36,432.12,,3927,2019-12-18 00:00:00,,,,,,,,
2019-12-17 00:00:00,700.00,779.32,6.38,89.81,928.50,481.01,461.33,516.13,711.65,531.52,59.20,893.78,205.43,16711.00,52.50,53.61,4216.97,54.63,95.89,133.89,128.84,83.61,270.65,432.02,,3928,2019-12-17 00:00:00,,,,,,,,
2019-12-16 00:00:00,699.00,777.86,6.39,89.67,933.44,480.68,460.96,516.19,710.67,530.40,59.16,899.57,207.75,16796.00,52.54,53.64,4233.53,54.91,96.07,134.21,129.10,83.09,272.19,431.66,,3929,2019-12-16 00:00:00,,,,,,,,
2019-12-13 00:00:00,702.00,784.60,6.41,89.87,944.14,485.86,464.20,518.82,712.16,533.29,59.12,896.96,205.70,16817.00,52.36,53.46,4198.67,54.63,95.24,133.14,128.81,82.35,270.95,430.37,,3930,2019-12-13 00:00:00,,,,,,,,
2019-12-12 00:00:00,703.00,782.17,6.47,89.96,927.29,482.54,462.23,517.80,715.02,533.26,59.18,900.31,208.99,16942.00,52.29,53.39,4221.34,54.77,95.56,133.63,129.67,82.62,272.11,430.37,,3931,2019-12-12 00:00:00,,,,,,,,
2019-12-11 00:00:00,704.00,780.76,6.47,89.94,923.71,479.33,460.50,518.06,714.90,531.85,59.11,902.48,210.11,16930.00,52.18,53.28,4237.96,54.96,95.71,134.89,130.38,82.49,273.60,430.66,,3932,2019-12-11 00:00:00,,,,,,,,
2019-12-10 00:00:00,704.00,778.93,6.48,89.93,925.30,480.37,460.84,517.75,712.70,531.80,59.09,902.94,208.40,16913.00,52.17,53.27,4256.76,55.05,95.93,135.39,129.93,82.53,273.20,430.42,,3933,2019-12-10 00:00:00,,,,,,,,
2019-12-09 00:00:00,704.00,778.53,6.48,89.91,925.22,481.25,461.69,517.34,710.98,531.08,59.07,905.06,207.70,16894.00,52.17,53.26,4249.08,54.92,95.96,134.92,129.66,82.11,273.76,431.13,,3934,2019-12-09 00:00:00,,,,,,,,
2019-12-06 00:00:00,704.00,781.58,6.47,89.90,926.17,480.86,460.46,517.34,712.97,534.02,59.21,904.71,207.99,16877.00,52.19,53.28,4231.63,54.71,95.60,134.85,129.84,81.69,275.16,430.89,,3935,2019-12-06 00:00:00,,,,,,,,
2019-12-05 00:00:00,705.00,781.41,6.48,90.07,924.55,483.04,462.02,517.40,713.55,534.48,59.17,906.30,206.98,16883.00,52.09,53.18,4235.68,54.75,95.60,134.85,129.97,81.52,275.67,429.80,,3936,2019-12-05 00:00:00,,,,,,,,
2019-12-04 00:00:00,704.00,778.98,6.47,89.90,913.70,481.45,458.38,515.55,712.22,528.84,59.39,911.17,208.15,16887.00,52.25,53.35,4256.30,54.95,95.92,135.55,130.68,81.70,278.20,430.34,,3937,2019-12-04 00:00:00,,,,,,,,
2019-12-03 00:00:00,702.00,777.60,6.44,89.69,908.33,478.76,456.27,513.88,708.30,527.72,59.45,913.22,207.17,16861.00,52.32,53.42,4270.84,55.13,96.08,135.93,130.61,81.79,278.85,430.96,,3938,2019-12-03 00:00:00,,,,,,,,
2019-12-02 00:00:00,703.00,774.17,6.41,89.76,907.27,475.28,451.74,513.76,702.45,528.81,59.45,914.84,208.51,16793.00,52.27,53.37,4322.87,55.70,96.52,136.24,131.15,81.84,278.11,430.04,,3939,2019-12-02 00:00:00,,,,,,,,
2019-11-29 00:00:00,703.00,774.06,6.42,89.80,907.63,475.85,451.26,514.78,703.99,529.33,59.35,911.34,209.34,16767.00,52.25,53.34,4339.41,55.81,96.52,135.90,130.40,81.93,277.30,430.03,,3940,2019-11-29 00:00:00,,,,,,,,
2019-11-28 00:00:00,703.00,773.34,6.42,89.76,908.76,475.34,450.54,514.45,703.90,528.87,59.36,910.33,210.22,16756.00,52.27,53.36,4347.46,55.71,96.62,136.35,130.47,82.23,278.27,430.25,,3941,2019-11-28 00:00:00,,,,,,,,
2019-11-27 00:00:00,703.00,775.28,6.45,89.85,904.82,477.48,452.21,515.58,705.26,530.05,59.43,909.48,210.26,16714.00,52.21,53.31,4332.73,55.52,96.36,136.27,130.31,81.87,277.44,429.56,,3942,2019-11-27 00:00:00,,,,,,,,
2019-11-26 00:00:00,703.00,774.74,6.46,89.88,907.63,476.72,451.22,515.36,705.88,528.96,59.37,908.71,209.91,16688.00,52.20,53.30,4335.14,55.48,96.44,137.01,130.52,81.59,276.32,429.65,,3943,2019-11-26 00:00:00,,,,,,,,
2019-11-25 00:00:00,704.00,775.93,6.48,89.94,904.81,478.24,451.28,516.11,705.72,529.57,59.25,906.95,208.97,16737.00,52.16,53.25,4307.21,55.36,96.29,136.74,130.07,81.18,274.90,428.91,,3944,2019-11-25 00:00:00,,,,,,,,
2019-11-22 00:00:00,703.00,777.87,6.47,89.86,908.37,477.30,450.24,516.07,708.25,529.57,59.27,905.89,208.76,16733.00,52.23,53.31,4298.93,55.23,96.04,136.81,130.09,81.03,275.65,429.64,,3945,2019-11-22 00:00:00,,,,,,,,
2019-11-21 00:00:00,702.00,778.05,6.47,89.72,908.04,477.58,450.43,515.67,709.30,527.88,59.28,907.80,210.61,16666.00,52.29,53.39,4285.03,55.19,96.03,137.21,130.01,81.14,277.38,429.79,,3946,2019-11-21 00:00:00,,,,,,,,
2019-11-20 00:00:00,701.00,776.67,6.46,89.58,906.34,478.46,450.84,515.02,708.12,528.39,59.29,909.54,210.66,16647.00,52.39,53.49,4283.41,55.17,96.21,137.44,130.23,81.34,276.14,430.51,,3947,2019-11-20 00:00:00,,,,,,,,
2019-11-19 00:00:00,700.00,775.63,6.45,89.46,907.38,476.87,448.05,515.13,708.16,530.47,59.32,910.28,211.16,16636.00,52.43,53.53,4323.43,55.33,96.33,137.61,130.12,81.83,275.70,430.80,,3948,2019-11-19 00:00:00,,,,,,,,
2019-11-18 00:00:00,700.00,774.14,6.44,89.46,904.80,477.28,448.15,514.87,708.02,529.69,59.27,910.11,210.11,16625.00,52.44,53.55,4320.89,55.22,96.53,137.55,129.73,82.04,274.11,431.72,,3949,2019-11-18 00:00:00,,,,,,,,
2019-11-15 00:00:00,701.00,772.53,6.46,89.51,902.93,475.56,447.12,514.70,709.18,529.09,59.29,911.45,211.48,16662.00,52.40,53.51,4326.28,55.45,96.73,138.11,130.78,82.04,275.73,430.90,,3950,2019-11-15 00:00:00,,,,,,,,
2019-11-14 00:00:00,701.00,771.39,6.44,89.51,900.72,479.08,449.40,514.44,708.18,528.84,59.25,916.77,212.80,16669.00,52.41,53.51,4327.05,55.62,96.86,138.83,131.06,82.03,276.36,431.47,,3951,2019-11-14 00:00:00,,,,,,,,
2019-11-13 00:00:00,700.00,771.13,6.43,89.45,899.84,479.10,443.62,514.05,705.47,529.14,59.15,917.26,213.25,16617.00,52.45,53.55,4340.34,55.52,96.89,138.71,130.81,82.47,275.90,433.07,,3952,2019-11-13 00:00:00,,,,,,,,
2019-11-12 00:00:00,700.00,772.19,6.42,89.40,899.80,479.30,445.38,514.36,704.68,528.72,59.18,911.90,212.81,16627.00,52.48,53.59,4324.74,55.34,96.75,138.52,130.47,82.46,273.22,433.50,,3953,2019-11-12 00:00:00,,,,,,,,
2019-11-11 00:00:00,699.00,770.78,6.40,89.33,894.74,479.74,442.86,514.29,701.27,528.76,59.14,912.26,212.44,16569.00,52.52,53.63,4327.28,55.33,96.93,138.71,130.65,82.43,273.23,434.17,,3954,2019-11-11 00:00:00,,,,,,,,
2019-11-08 00:00:00,699.00,772.85,6.40,89.40,896.25,482.29,445.42,515.24,702.91,530.85,58.97,909.67,210.48,16543.00,52.53,53.63,4302.97,55.12,96.69,137.67,130.26,82.25,273.65,435.06,,3955,2019-11-08 00:00:00,,,,,,,,
2019-11-07 00:00:00,700.00,774.94,6.43,89.47,900.05,481.66,445.65,514.74,705.35,531.01,59.10,912.08,211.64,16560.00,52.46,53.57,4282.28,55.04,96.41,137.40,130.97,82.15,273.64,432.83,,3956,2019-11-07 00:00:00,,,,,,,,
2019-11-06 00:00:00,701.00,776.30,6.42,89.47,902.90,482.99,446.78,515.76,706.06,532.88,58.94,905.56,210.56,16517.00,52.41,53.51,4265.77,54.96,96.27,137.76,130.89,82.09,273.85,431.52,,3957,2019-11-06 00:00:00,,,,,,,,
2019-11-05 00:00:00,704.00,783.21,6.48,89.79,906.90,484.45,450.35,517.85,712.39,535.18,58.95,902.53,210.29,16502.00,52.18,53.28,4204.12,54.50,95.39,136.70,129.88,81.47,272.45,429.32,,3958,2019-11-05 00:00:00,,,,,,,,
2019-11-04 00:00:00,704.00,785.48,6.50,89.78,910.03,486.17,452.46,518.48,713.67,535.34,59.14,901.88,211.17,16532.00,52.21,53.31,4176.32,54.14,95.12,135.90,129.25,81.10,271.48,428.89,,3959,2019-11-04 00:00:00,,,,,,,,
2019-11-01 00:00:00,704.00,784.70,6.51,89.88,909.91,484.77,451.21,517.02,713.11,534.39,59.37,911.34,214.72,16602.00,52.21,53.31,4189.21,54.33,95.21,137.19,130.67,81.17,273.44,428.79,,3960,2019-11-01 00:00:00,,,,,,,,
2019-10-31 00:00:00,705.00,786.76,6.48,90.00,910.16,486.59,451.94,518.08,713.17,535.87,59.23,904.12,212.43,16506.00,52.08,53.17,4186.24,54.13,94.96,136.78,130.08,80.84,270.72,428.39,,3961,2019-10-31 00:00:00,,,,,,,,
2019-10-30 00:00:00,706.00,784.34,6.48,90.04,908.16,484.07,448.41,518.16,710.03,539.23,59.27,905.75,207.22,16522.00,52.04,53.13,4203.46,54.39,95.25,137.47,130.74,81.47,270.91,428.18,,3962,2019-10-30 00:00:00,,,,,,,,
2019-10-29 00:00:00,706.00,783.73,6.48,90.07,907.92,482.90,448.57,518.45,709.89,540.84,59.24,902.20,206.24,16553.00,52.01,53.11,4186.08,54.53,95.32,137.47,130.57,81.17,270.62,427.84,,3963,2019-10-29 00:00:00,,,,,,,,
2019-10-28 00:00:00,708.00,784.18,6.51,90.28,907.66,482.71,449.59,519.10,711.55,541.75,59.15,903.36,206.63,16575.00,51.91,53.00,4189.32,54.53,95.25,136.86,129.96,81.53,269.25,426.66,,3964,2019-10-28 00:00:00,,,,,,,,
2019-10-25 00:00:00,707.00,785.52,6.51,90.27,908.28,482.25,451.27,518.83,712.96,541.30,59.15,905.93,207.64,16597.00,51.91,53.01,4190.86,54.47,95.09,136.51,129.24,81.49,270.40,427.78,,3965,2019-10-25 00:00:00,,,,,,,,
2019-10-24 00:00:00,707.00,787.31,6.51,90.23,913.27,484.39,453.94,519.21,713.98,541.01,59.20,904.50,207.02,16564.00,51.93,53.03,4166.74,54.26,94.88,136.32,129.05,81.13,270.29,428.39,,3966,2019-10-24 00:00:00,,,,,,,,
2019-10-23 00:00:00,708.00,787.25,6.52,90.22,911.61,485.34,453.48,519.07,715.19,540.39,59.19,900.61,206.24,16568.00,51.91,53.02,4179.71,54.25,94.88,136.35,129.28,81.99,270.54,428.22,,3967,2019-10-23 00:00:00,,,,,,,,
2019-10-22 00:00:00,707.00,788.02,6.51,90.11,916.27,485.36,453.05,519.22,716.63,540.07,59.16,901.47,208.82,16579.00,51.97,53.08,4186.10,54.28,94.81,136.44,129.29,82.91,270.60,428.17,,3968,2019-10-22 00:00:00,,,,,,,,
2019-10-21 00:00:00,707.00,788.43,6.52,90.14,911.93,484.16,451.40,518.33,717.52,538.16,59.19,902.76,209.15,16681.00,51.97,53.08,4194.13,54.32,94.76,136.74,129.69,82.02,270.61,428.61,,3969,2019-10-21 00:00:00,,,,,,,,
2019-10-18 00:00:00,707.00,786.25,6.51,90.14,909.52,482.38,448.85,517.89,715.70,538.03,59.13,906.19,209.83,16695.00,51.98,53.07,4212.75,54.50,95.03,137.38,129.94,82.33,271.58,428.77,,3970,2019-10-18 00:00:00,,,,,,,,
2019-10-17 00:00:00,708.00,784.05,6.51,90.25,907.71,478.55,445.39,516.59,712.03,536.22,59.23,904.77,211.07,16752.00,51.89,52.99,4240.95,54.62,95.28,138.10,129.61,83.12,271.29,429.02,,3971,2019-10-17 00:00:00,,,,,,,,
2019-10-16 00:00:00,707.00,780.52,6.50,90.17,902.50,477.59,445.29,515.99,708.46,535.87,59.24,908.31,210.35,16746.00,51.92,53.02,4254.12,54.97,95.70,138.64,129.02,83.72,271.84,429.81,,3972,2019-10-16 00:00:00,,,,,,,,
2019-10-15 00:00:00,707.00,779.20,6.52,90.13,891.09,478.73,445.33,516.26,708.42,534.15,59.24,909.76,209.75,16763.00,51.98,53.08,4256.53,55.13,95.86,138.96,128.91,83.89,272.69,430.20,,3973,2019-10-15 00:00:00,,,,,,,,
2019-10-14 00:00:00,707.00,780.23,6.53,90.17,892.94,480.69,447.66,515.88,709.20,536.06,59.07,906.92,208.91,16745.00,51.90,53.00,4254.21,55.12,95.71,138.69,128.38,83.31,272.98,429.35,,3974,2019-10-14 00:00:00,,,,,,,,
2019-10-11 00:00:00,707.00,779.86,6.57,90.19,880.94,479.47,448.26,515.35,711.75,533.40,59.07,907.17,212.02,16813.00,51.81,52.91,4253.63,55.21,95.71,138.84,128.68,82.44,274.29,429.03,,3975,2019-10-11 00:00:00,,,,,,,,
2019-10-10 00:00:00,707.00,779.25,6.62,90.16,866.98,476.89,446.27,513.81,715.13,532.25,59.09,913.27,214.45,16860.00,51.73,52.83,4283.32,55.42,95.76,140.16,129.23,82.76,276.14,427.24,,3976,2019-10-10 00:00:00,,,,,,,,
2019-10-09 00:00:00,707.00,777.47,6.63,90.17,867.38,477.92,447.38,513.61,715.48,533.03,59.06,915.21,215.13,16841.00,51.73,52.82,4289.59,55.52,96.00,140.05,129.03,82.20,276.29,428.28,,3977,2019-10-09 00:00:00,,,,,,,,
2019-10-08 00:00:00,707.00,777.95,6.61,90.18,871.82,477.66,446.24,513.87,713.38,533.41,59.08,912.36,213.85,16851.00,51.76,52.86,4280.71,55.59,95.95,139.74,128.77,82.28,275.73,429.16,,3978,2019-10-08 00:00:00,,,,,,,,
2019-09-30 00:00:00,707.00,775.38,6.57,90.20,871.76,479.81,445.89,513.55,715.93,535.86,59.02,910.04,213.34,16902.00,51.79,52.89,4320.56,56.44,96.21,138.04,127.91,79.89,277.55,431.73,,3979,2019-09-30 00:00:00,,,,,,,,
2019-09-27 00:00:00,707.00,774.77,6.59,90.21,875.53,479.57,446.98,513.90,715.17,535.43,58.97,902.62,211.60,16873.00,51.69,52.80,4323.86,56.52,96.26,137.51,127.87,79.77,276.61,431.24,,3980,2019-09-27 00:00:00,,,,,,,,
2019-09-26 00:00:00,707.00,777.79,6.60,90.25,878.64,480.24,446.08,515.88,717.58,536.21,58.93,900.90,210.87,16850.00,51.66,52.76,4290.56,56.24,95.89,137.13,127.24,79.79,275.24,430.08,,3981,2019-09-26 00:00:00,,,,,,,,
2019-09-25 00:00:00,707.00,779.35,6.61,90.21,883.87,481.39,447.41,514.74,718.17,534.77,59.04,901.62,210.01,16864.00,51.88,52.98,4276.84,56.16,95.73,136.62,127.26,80.46,274.70,431.44,,3982,2019-09-25 00:00:00,,,,,,,,
2019-09-24 00:00:00,707.00,779.62,6.60,90.26,882.45,480.90,446.85,515.25,717.24,535.47,58.83,897.58,209.75,16807.00,51.74,52.84,4292.56,56.24,95.69,136.81,127.40,80.56,274.45,429.39,,3983,2019-09-24 00:00:00,,,,,,,,
2019-09-23 00:00:00,707.00,780.30,6.58,90.26,882.98,479.68,443.91,514.48,714.33,533.83,58.86,904.00,210.61,16809.00,51.86,52.96,4276.71,56.02,95.69,136.96,127.94,81.07,274.29,430.25,,3984,2019-09-23 00:00:00,,,,,,,,
2019-09-20 00:00:00,707.00,782.36,6.56,90.32,886.92,481.14,445.95,513.77,713.52,534.28,59.15,902.68,209.11,16847.00,51.85,52.95,4247.35,55.47,95.42,136.76,126.68,80.72,274.42,431.02,,3985,2019-09-20 00:00:00,,,,,,,,
2019-09-19 00:00:00,707.00,781.32,6.54,90.33,883.68,483.62,447.82,514.76,710.58,532.97,59.07,906.13,207.31,16820.00,51.83,52.93,4258.82,55.50,95.55,137.19,126.28,80.15,273.84,431.15,,3986,2019-09-19 00:00:00,,,,,,,,
2019-09-18 00:00:00,707.00,783.12,6.54,90.37,884.13,485.50,449.91,514.91,712.51,534.16,59.07,909.07,207.85,16786.00,51.92,53.02,4259.20,55.31,95.34,136.68,126.18,80.59,273.75,431.53,,3987,2019-09-18 00:00:00,,,,,,,,
2019-09-17 00:00:00,707.00,778.32,6.54,90.48,878.92,485.59,448.73,514.12,712.38,534.20,58.89,905.42,207.19,16757.00,51.93,53.04,4265.18,55.64,95.93,136.56,126.64,81.00,274.75,431.66,,3988,2019-09-17 00:00:00,,,,,,,,
2019-09-16 00:00:00,707.00,783.47,6.56,90.28,883.24,486.20,451.32,514.29,716.26,534.64,58.91,903.97,207.16,16753.00,51.99,53.10,4233.36,55.25,95.35,135.83,126.33,81.07,274.89,431.31,,3989,2019-09-16 00:00:00,,,,,,,,
2019-09-12 00:00:00,708.00,781.73,6.58,90.42,875.95,488.24,456.12,515.49,715.16,538.55,58.79,920.74,206.72,16762.00,51.70,52.80,4243.81,55.47,95.36,136.24,126.05,80.97,274.47,430.51,,3990,2019-09-12 00:00:00,,,,,,,,
2019-09-11 00:00:00,708.00,783.59,6.59,90.35,876.34,486.65,455.33,514.15,715.49,539.66,58.79,919.70,206.55,16784.00,51.78,52.89,4230.87,55.27,95.19,136.46,126.19,81.34,274.90,431.64,,3991,2019-09-11 00:00:00,,,,,,,,
2019-09-10 00:00:00,708.00,784.03,6.62,90.38,876.50,487.44,456.49,514.59,716.02,539.34,58.78,921.61,207.94,16780.00,51.72,52.82,4207.69,55.22,95.07,136.03,125.69,80.88,275.55,431.57,,3992,2019-09-10 00:00:00,,,,,,,,
2019-09-09 00:00:00,709.00,782.07,6.64,90.36,872.30,486.05,456.28,514.13,718.61,539.23,58.86,925.48,208.41,16807.00,51.72,52.82,4215.13,55.43,95.35,135.80,126.48,80.35,275.18,431.72,,3993,2019-09-09 00:00:00,,,,,,,,
2019-09-06 00:00:00,709.00,784.11,6.65,90.40,876.92,484.67,453.37,513.91,721.66,537.90,58.85,928.48,209.05,16844.00,51.62,52.72,4198.94,55.28,95.05,136.14,126.63,80.01,277.09,431.02,,3994,2019-09-06 00:00:00,,,,,,,,
2019-09-05 00:00:00,709.00,782.90,6.67,90.38,869.73,482.70,451.47,513.19,724.20,537.02,59.09,929.70,208.47,16932.00,51.72,52.82,4204.31,55.43,95.21,137.08,127.18,79.91,277.50,430.28,,3995,2019-09-05 00:00:00,,,,,,,,
2019-09-04 00:00:00,709.00,780.28,6.72,90.35,861.06,481.57,451.17,512.35,721.76,534.09,59.17,934.01,211.89,16979.00,51.57,52.67,4221.64,55.62,95.47,137.89,127.86,80.41,280.45,429.80,,3996,2019-09-04 00:00:00,,,,,,,,
2019-09-03 00:00:00,709.00,780.51,6.71,90.38,860.38,478.76,449.57,512.49,719.98,535.06,59.11,933.55,213.79,16982.00,51.50,52.58,4236.49,55.79,95.42,137.86,127.81,81.42,282.15,429.48,,3997,2019-09-03 00:00:00,,,,,,,,
2019-09-02 00:00:00,709.00,781.53,6.71,90.40,865.63,479.07,448.61,512.47,719.63,534.57,59.10,935.14,214.02,16989.00,51.60,52.68,4234.09,55.91,95.33,137.99,128.11,81.99,282.42,430.01,,3998,2019-09-02 00:00:00,,,,,,,,
2019-08-30 00:00:00,709.00,786.61,6.68,90.33,867.91,479.40,449.59,513.14,722.17,536.15,59.20,932.60,215.10,16975.00,51.56,52.65,4207.08,55.69,94.70,137.30,127.73,81.95,282.68,430.00,,3999,2019-08-30 00:00:00,,,,,,,,
2019-08-29 00:00:00,709.00,789.02,6.72,90.34,870.89,480.26,451.62,513.33,726.55,535.64,59.10,934.36,216.06,16995.00,51.53,52.62,4177.08,55.57,94.40,136.38,126.86,81.66,282.70,429.65,,4000,2019-08-29 00:00:00,,,,,,,,
2019-08-28 00:00:00,708.00,788.89,6.73,90.28,874.78,480.69,452.83,512.74,725.96,536.02,59.03,930.39,215.27,16996.00,51.58,52.67,4171.66,55.45,94.48,135.85,126.58,81.86,280.70,429.49,,4001,2019-08-28 00:00:00,,,,,,,,
2019-08-27 00:00:00,708.00,788.36,6.70,90.26,868.90,481.50,453.93,512.23,726.40,536.56,59.14,926.61,214.80,17032.00,51.66,52.75,4170.01,55.25,94.52,136.08,126.72,81.94,280.34,430.31,,4002,2019-08-27 00:00:00,,,,,,,,
2019-08-26 00:00:00,706.00,786.27,6.72,89.98,865.65,473.64,449.07,507.43,725.30,530.08,59.46,935.33,217.85,17174.00,52.06,53.15,4186.75,55.70,94.84,136.55,127.45,82.54,283.72,434.77,,4003,2019-08-26 00:00:00,,,,,,,,
2019-08-23 00:00:00,706.00,783.05,6.64,90.04,866.01,477.63,451.16,510.10,718.69,531.61,59.23,926.34,215.45,17108.00,51.96,53.06,4187.34,55.62,95.18,136.87,127.04,81.60,280.26,435.62,,4004,2019-08-23 00:00:00,,,,,,,,
2019-08-22 00:00:00,705.00,781.83,6.62,89.89,855.48,478.33,451.52,509.65,718.11,530.74,59.22,931.65,215.49,17056.00,52.08,53.18,4185.52,55.59,95.35,136.41,126.80,81.18,279.18,436.48,,4005,2019-08-22 00:00:00,,,,,,,,
2019-08-21 00:00:00,704.00,781.72,6.63,89.81,857.14,477.40,451.62,508.66,720.43,529.00,59.36,942.42,218.01,17133.00,52.13,53.23,4187.22,55.76,95.36,137.51,127.60,81.35,280.52,436.90,,4006,2019-08-21 00:00:00,,,,,,,,
2019-08-20 00:00:00,705.00,780.88,6.61,89.81,854.67,476.60,451.66,508.05,718.17,528.76,59.29,949.89,219.23,17182.00,52.12,53.22,4179.66,55.92,95.48,137.40,127.46,80.17,281.85,437.87,,4007,2019-08-20 00:00:00,,,,,,,,
2019-08-19 00:00:00,704.00,780.52,6.61,89.71,855.65,477.45,452.12,508.16,718.82,530.54,59.31,942.90,217.33,17188.00,52.18,53.29,4157.45,55.60,95.52,137.32,127.92,79.37,278.97,439.18,,4008,2019-08-19 00:00:00,,,,,,,,
2019-08-16 00:00:00,703.00,781.09,6.63,89.68,850.11,476.32,452.39,506.21,720.02,528.05,59.63,939.68,217.22,17252.00,52.24,53.35,4166.70,55.97,95.49,137.09,128.28,79.20,278.87,438.67,,4009,2019-08-16 00:00:00,,,,,,,,
2019-08-15 00:00:00,703.00,782.78,6.63,89.66,847.02,474.53,452.35,505.47,721.69,527.62,59.65,940.65,219.51,17288.00,52.29,53.40,4157.65,55.85,95.30,137.02,127.80,79.88,279.84,438.93,,4010,2019-08-15 00:00:00,,,,,,,,
2019-08-14 00:00:00,703.00,787.97,6.62,89.62,850.89,479.39,455.60,509.71,722.80,533.71,59.44,921.43,214.47,17209.00,52.05,53.16,4101.60,54.96,94.67,135.22,125.72,78.95,274.64,437.36,,4011,2019-08-14 00:00:00,,,,,,,,
2019-08-13 00:00:00,703.00,789.16,6.68,89.64,850.45,475.58,453.77,507.70,726.53,531.96,59.50,928.25,217.28,17275.00,52.17,53.28,4105.06,54.83,94.53,135.78,126.61,79.00,278.21,437.42,,4012,2019-08-13 00:00:00,,,,,,,,
2019-08-12 00:00:00,702.00,787.67,6.67,89.54,845.28,476.65,454.22,507.11,723.64,532.00,59.48,926.50,217.14,17236.00,52.23,53.34,4119.14,54.89,94.73,135.71,126.23,78.12,276.20,437.44,,4013,2019-08-12 00:00:00,,,,,,,,
2019-08-09 00:00:00,701.00,785.12,6.63,89.43,852.36,477.43,455.09,507.71,720.84,530.57,59.62,925.43,214.39,17190.00,52.32,53.45,4127.59,55.03,95.03,136.72,127.18,78.12,276.82,437.98,,4014,2019-08-09 00:00:00,,,,,,,,
2019-08-08 00:00:00,700.00,786.11,6.61,89.32,852.58,474.77,453.05,507.79,719.81,527.61,59.67,928.39,214.40,17263.00,52.33,53.45,4142.79,54.92,94.90,137.21,127.50,78.23,279.77,438.86,,4015,2019-08-08 00:00:00,,,,,,,,
2019-08-07 00:00:00,700.00,784.51,6.58,89.31,852.27,473.65,457.36,507.10,717.78,527.23,59.82,930.70,213.21,17314.00,52.45,53.56,4137.89,55.01,95.12,136.70,127.09,78.94,279.88,438.84,,4016,2019-08-07 00:00:00,,,,,,,,
2019-08-06 00:00:00,697.00,782.52,6.59,88.84,846.98,471.30,457.12,502.96,717.38,527.28,59.97,937.03,214.70,17399.00,52.73,53.86,4178.28,55.21,95.36,137.51,127.97,80.22,282.63,442.03,,4017,2019-08-06 00:00:00,,,,,,,,
2019-08-05 00:00:00,692.00,768.21,6.49,88.44,840.61,469.82,451.07,502.39,704.38,524.03,60.09,940.29,213.17,17342.00,53.10,54.24,4257.14,56.07,97.18,139.24,128.86,80.30,279.61,444.50,,4018,2019-08-05 00:00:00,,,,,,,,
2019-08-02 00:00:00,690.00,763.70,6.42,88.22,835.97,468.84,451.60,500.56,696.23,521.54,60.17,932.99,212.02,17263.00,53.31,54.45,4286.00,56.43,97.76,140.11,129.04,81.33,278.98,448.44,,4019,2019-08-02 00:00:00,,,,,,,,
2019-08-01 00:00:00,689.00,763.56,6.34,88.07,838.36,472.28,452.26,501.92,693.81,522.91,59.88,922.40,207.83,17214.00,53.25,54.37,4268.91,56.13,97.76,140.04,128.48,80.90,277.60,448.12,,4020,2019-08-01 00:00:00,,,,,,,,
2019-07-31 00:00:00,688.00,768.03,6.34,87.98,837.05,473.20,455.33,502.31,695.36,523.50,59.93,922.67,206.30,17163.00,53.35,54.49,4263.35,55.96,97.23,138.95,127.19,80.76,276.99,447.42,,4021,2019-07-31 00:00:00,,,,,,,,
2019-07-30 00:00:00,689.00,767.49,6.33,88.05,841.70,475.34,456.73,502.73,694.51,523.28,59.86,920.81,205.67,17171.00,53.32,54.45,4271.16,55.87,97.28,137.75,126.30,81.55,276.70,447.86,,4022,2019-07-30 00:00:00,,,,,,,,
2019-07-29 00:00:00,688.00,766.11,6.34,88.03,851.81,475.48,456.71,502.62,692.95,522.62,59.85,918.84,207.05,17201.00,53.37,54.50,4265.67,55.76,97.47,138.09,126.60,82.19,276.56,448.60,,4023,2019-07-29 00:00:00,,,,,,,,
2019-07-26 00:00:00,688.00,766.80,6.33,88.03,856.80,478.22,458.15,503.08,694.31,522.82,59.82,919.02,204.74,17198.00,53.39,54.52,4253.78,55.51,97.37,137.34,126.10,82.89,276.51,450.05,,4024,2019-07-26 00:00:00,,,,,,,,
2019-07-25 00:00:00,687.00,765.82,6.35,87.96,858.05,479.59,460.53,503.77,698.00,523.05,59.89,920.64,201.99,17136.00,53.44,54.57,4248.65,55.52,97.49,137.12,125.75,83.11,277.49,449.55,,4025,2019-07-25 00:00:00,,,,,,,,
2019-07-24 00:00:00,689.00,767.79,6.36,88.16,856.28,481.54,461.21,504.06,698.82,524.18,59.81,918.16,202.35,17127.00,53.34,54.47,4242.81,55.45,97.24,137.59,126.12,83.02,278.59,449.07,,4026,2019-07-24 00:00:00,,,,,,,,
2019-07-23 00:00:00,688.00,771.17,6.38,88.11,858.52,483.94,464.58,505.52,700.36,524.39,59.77,915.91,201.50,17105.00,53.37,54.51,4217.12,55.06,96.81,136.82,125.17,82.43,276.85,448.27,,4027,2019-07-23 00:00:00,,,,,,,,
2019-07-22 00:00:00,688.00,771.35,6.38,88.13,860.37,484.49,465.09,505.52,699.91,526.75,59.79,915.78,202.45,17105.00,53.41,54.53,4215.04,55.10,96.76,136.49,124.68,82.23,276.61,448.52,,4028,2019-07-22 00:00:00,,,,,,,,
2019-07-19 00:00:00,686.00,772.72,6.39,87.84,860.66,484.83,464.96,505.71,698.44,526.43,59.91,915.02,201.99,17107.00,53.52,54.66,4216.21,55.06,96.63,135.80,124.57,81.95,276.45,448.75,,4029,2019-07-19 00:00:00,,,,,,,,
2019-07-18 00:00:00,688.00,771.86,6.37,88.02,854.63,481.99,462.91,505.27,696.63,526.65,59.83,915.66,203.78,17170.00,53.43,54.56,4229.78,55.23,96.74,136.21,124.94,82.69,277.42,449.36,,4030,2019-07-18 00:00:00,,,,,,,,
2019-07-17 00:00:00,688.00,771.67,6.36,88.07,854.32,482.88,461.25,506.79,696.71,526.01,59.73,915.49,202.67,17140.00,53.35,54.48,4222.85,55.15,96.75,136.41,124.55,82.99,277.45,449.32,,4031,2019-07-17 00:00:00,,,,,,,,
2019-07-16 00:00:00,687.00,773.78,6.37,87.78,860.23,483.80,462.17,506.77,698.19,526.69,59.80,911.64,202.31,17162.00,53.45,54.58,4202.66,55.07,96.50,136.05,124.26,83.11,276.15,449.44,,4032,2019-07-16 00:00:00,,,,,,,,
2019-07-15 00:00:00,687.00,773.93,6.37,87.73,863.25,482.00,459.78,505.63,697.59,526.91,59.88,918.54,203.50,17144.00,53.49,54.62,4207.19,55.17,96.47,136.40,124.29,83.42,276.54,449.75,,4033,2019-07-15 00:00:00,,,,,,,,
2019-07-12 00:00:00,687.00,773.03,6.33,87.78,860.36,479.01,457.78,505.94,693.64,525.62,59.89,914.72,203.32,17108.00,53.49,54.62,4216.70,55.22,96.62,136.59,124.35,82.79,277.66,447.90,,4034,2019-07-12 00:00:00,,,,,,,,
2019-07-11 00:00:00,687.00,773.13,6.34,87.83,858.95,478.06,456.46,505.93,695.04,525.22,60.15,919.34,203.63,17121.00,53.50,54.63,4212.33,55.16,96.56,137.08,124.90,82.80,278.86,446.45,,4035,2019-07-11 00:00:00,,,,,,,,
2019-07-10 00:00:00,689.00,771.49,6.32,88.16,857.91,477.00,454.63,505.57,692.94,524.55,60.14,926.93,206.05,17152.00,53.34,54.47,4219.17,55.33,96.74,137.56,125.61,83.19,278.21,447.76,,4036,2019-07-10 00:00:00,,,,,,,,
2019-07-09 00:00:00,689.00,772.14,6.33,88.24,861.67,479.96,456.17,506.21,692.45,525.56,60.11,925.09,206.01,17133.00,53.35,54.47,4204.29,55.12,96.63,137.45,125.51,83.27,274.95,447.61,,4037,2019-07-09 00:00:00,,,,,,,,
2019-07-08 00:00:00,689.00,773.26,6.35,88.34,862.78,481.03,456.91,506.44,695.03,526.92,60.04,925.39,206.23,17055.00,53.32,54.44,4188.23,54.97,96.49,136.99,125.04,83.34,275.84,446.70,,4038,2019-07-08 00:00:00,,,,,,,,
2019-07-05 00:00:00,687.00,775.25,6.37,88.21,864.39,482.59,459.67,506.73,697.58,526.48,60.14,923.74,204.60,17014.00,53.47,54.59,4165.39,54.71,96.26,135.66,124.16,81.55,276.68,446.30,,4039,2019-07-05 00:00:00,,,,,,,,
2019-07-04 00:00:00,687.00,775.44,6.38,88.15,864.38,483.21,460.91,506.65,696.89,526.16,60.21,920.79,204.81,17014.00,53.46,54.59,4155.71,54.66,96.23,135.44,124.12,81.83,276.81,445.59,,4040,2019-07-04 00:00:00,,,,,,,,
2019-07-03 00:00:00,686.00,774.74,6.36,88.03,864.61,479.97,458.29,506.28,696.75,523.90,60.30,921.96,205.29,16986.00,53.51,54.63,4165.55,54.76,96.33,135.97,124.85,82.35,277.64,445.24,,4041,2019-07-03 00:00:00,,,,,,,,
2019-07-02 00:00:00,685.00,773.27,6.32,87.69,866.29,477.21,457.25,505.27,694.04,521.69,60.35,919.12,206.33,16951.00,53.61,54.74,4180.08,54.82,96.52,136.59,125.30,82.49,278.74,447.49,,4042,2019-07-02 00:00:00,,,,,,,,
2019-07-01 00:00:00,687.00,780.99,6.34,88.00,872.58,482.70,461.95,508.28,701.81,525.11,60.10,918.57,204.82,16817.00,53.45,54.57,4135.28,54.33,95.57,135.19,123.96,83.51,278.65,446.17,,4043,2019-07-01 00:00:00,,,,,,,,
2019-06-28 00:00:00,687.00,781.70,6.38,87.97,871.13,481.56,460.77,508.05,703.88,524.90,60.27,917.32,206.10,16828.00,53.43,54.55,4140.19,54.39,95.49,134.89,123.81,83.97,278.90,447.72,,4044,2019-06-28 00:00:00,,,,,,,,
2019-06-27 00:00:00,688.00,782.04,6.38,88.07,873.01,480.50,459.36,507.77,703.63,524.04,60.31,916.20,206.97,16801.00,53.40,54.53,4133.55,54.46,95.44,134.61,123.50,83.91,278.29,447.00,,4045,2019-06-27 00:00:00,,,,,,,,
2019-06-26 00:00:00,687.00,781.09,6.41,87.98,872.23,478.46,456.02,507.47,705.11,521.65,60.30,914.36,208.59,16819.00,53.44,54.56,4138.10,54.45,95.55,135.07,124.27,84.29,279.71,447.70,,4046,2019-06-26 00:00:00,,,,,,,,
2019-06-25 00:00:00,686.00,781.61,6.39,87.83,873.63,477.90,454.47,506.90,705.58,520.37,60.35,910.98,209.50,16818.00,53.56,54.69,4137.79,54.38,95.51,135.27,123.66,84.60,279.95,446.94,,4047,2019-06-25 00:00:00,,,,,,,,
2019-06-24 00:00:00,685.00,779.35,6.38,87.68,873.07,475.38,451.56,505.80,701.89,518.69,60.52,919.87,208.97,16908.00,53.62,54.75,4157.62,54.56,95.79,136.44,124.03,84.15,278.84,449.75,,4048,2019-06-24 00:00:00,,,,,,,,
2019-06-21 00:00:00,685.00,773.30,6.38,87.69,869.90,473.93,450.92,504.98,697.83,519.30,60.58,918.49,209.53,16956.00,53.65,54.78,4177.97,55.00,96.57,137.42,124.90,84.25,277.51,450.83,,4049,2019-06-21 00:00:00,,,,,,,,
2019-06-20 00:00:00,688.00,773.79,6.37,88.00,870.99,474.08,451.50,505.21,693.46,518.58,60.55,925.35,208.18,17032.00,53.39,54.52,4183.02,55.10,96.55,137.73,126.27,84.23,276.53,453.11,,4050,2019-06-20 00:00:00,,,,,,,,
2019-06-19 00:00:00,689.00,773.04,6.36,87.97,867.72,474.93,451.07,505.15,690.20,516.39,60.50,927.24,210.35,17063.00,53.19,54.31,4179.80,55.08,96.60,138.05,126.59,84.42,276.96,452.25,,4051,2019-06-19 00:00:00,,,,,,,,
2019-06-18 00:00:00,689.00,775.24,6.37,88.00,866.49,473.62,448.95,504.16,691.96,515.33,60.44,930.12,214.39,17147.00,53.15,54.27,4155.08,54.94,96.29,137.12,126.32,84.99,277.49,453.62,,4052,2019-06-18 00:00:00,,,,,,,,
2019-06-17 00:00:00,689.00,775.85,6.37,88.05,871.45,475.92,449.66,504.71,693.07,515.93,60.24,929.61,213.95,17133.00,53.08,54.20,4151.76,54.84,96.23,137.03,125.86,85.48,276.66,451.51,,4053,2019-06-17 00:00:00,,,,,,,,
2019-06-14 00:00:00,689.00,778.93,6.38,88.02,875.99,477.62,453.08,505.53,695.36,518.41,60.28,933.86,215.09,17114.00,53.16,54.28,4130.93,54.61,95.85,137.24,125.63,85.04,277.76,451.74,,4054,2019-06-14 00:00:00,,,,,,,,
2019-06-13 00:00:00,689.00,780.20,6.37,88.16,877.41,479.18,454.62,505.78,694.76,518.39,60.19,936.95,215.17,17119.00,53.14,54.26,4125.16,54.50,95.67,137.01,125.30,84.11,277.37,452.46,,4055,2019-06-13 00:00:00,,,,,,,,
2019-06-12 00:00:00,689.00,781.47,6.36,88.03,877.73,480.14,454.01,505.95,695.16,519.44,60.31,934.77,212.74,17087.00,53.24,54.37,4108.81,54.55,95.57,136.96,125.09,84.12,277.14,453.13,,4056,2019-06-12 00:00:00,,,,,,,,
2019-06-11 00:00:00,689.00,781.47,6.38,87.90,876.97,480.84,456.66,506.06,698.46,521.02,60.24,935.81,214.46,17125.00,53.15,54.27,4093.64,54.50,95.53,136.29,125.21,83.79,277.93,453.46,,4057,2019-06-11 00:00:00,,,,,,,,
2019-06-10 00:00:00,689.00,779.97,6.36,87.89,876.92,482.04,458.68,505.65,696.16,519.40,60.26,939.99,216.77,17119.00,53.29,54.42,4103.88,54.61,95.74,136.43,125.09,84.73,279.88,453.91,,4058,2019-06-10 00:00:00,,,,,,,,
2019-06-06 00:00:00,689.00,775.31,6.38,87.93,876.29,481.34,457.60,505.39,694.76,514.48,60.45,945.75,215.01,17083.00,53.19,54.31,4143.56,55.15,96.33,136.71,126.49,82.88,285.97,454.45,,4059,2019-06-06 00:00:00,,,,,,,,
2019-06-05 00:00:00,689.00,775.96,6.37,87.87,875.89,482.07,455.76,504.69,694.95,514.91,60.55,944.02,212.30,17099.00,53.27,54.39,4148.27,55.12,96.24,136.83,126.11,83.78,283.86,454.07,,4060,2019-06-05 00:00:00,,,,,,,,
2019-06-04 00:00:00,688.00,773.99,6.37,87.79,871.67,479.91,453.81,503.79,693.35,511.99,60.73,948.26,210.11,17130.00,53.38,54.50,4174.20,55.31,96.50,137.24,126.43,84.81,287.81,455.05,,4061,2019-06-04 00:00:00,,,,,,,,
2019-06-03 00:00:00,689.00,769.97,6.36,87.88,870.77,477.77,450.33,501.67,689.29,509.58,60.75,950.97,212.06,17230.00,53.32,54.44,4218.22,55.62,97.00,137.70,127.10,85.06,284.87,457.84,,4062,2019-06-03 00:00:00,,,,,,,,
2019-05-31 00:00:00,690.00,768.33,6.30,87.91,870.42,477.04,449.22,500.49,685.10,511.37,60.74,946.08,213.36,17232.00,53.22,54.34,4225.88,55.82,97.21,138.12,127.08,85.59,279.25,460.58,,4063,2019-05-31 00:00:00,,,,,,,,
2019-05-30 00:00:00,690.00,769.52,6.31,87.90,872.62,478.02,450.06,500.44,685.40,511.35,60.69,939.69,211.99,17256.00,53.16,54.28,4234.72,55.79,97.06,138.20,126.56,87.14,276.89,460.60,,4064,2019-05-30 00:00:00,,,,,,,,
2019-05-29 00:00:00,690.00,771.46,6.32,87.89,874.82,478.39,452.18,500.98,686.23,512.24,60.60,936.04,212.91,17201.00,53.15,54.27,4238.68,55.68,96.76,138.71,126.13,87.28,277.61,461.11,,4065,2019-05-29 00:00:00,,,,,,,,
2019-05-28 00:00:00,690.00,771.89,6.30,87.88,874.46,477.27,451.43,501.47,686.91,513.20,60.69,933.22,209.19,17173.00,53.26,54.38,4219.20,55.57,96.72,138.90,126.21,87.96,276.28,461.37,,4066,2019-05-28 00:00:00,,,,,,,,
2019-05-27 00:00:00,689.00,772.62,6.30,87.82,877.22,477.94,451.88,501.56,688.06,513.06,60.74,934.88,209.04,17203.00,53.29,54.41,4211.69,55.58,96.67,138.31,126.02,88.22,276.26,461.48,,4067,2019-05-27 00:00:00,,,,,,,,
2019-05-24 00:00:00,690.00,771.31,6.30,87.91,873.75,476.03,450.02,500.33,687.74,512.01,60.74,939.37,209.95,17227.00,53.24,54.36,4231.01,55.79,96.81,139.40,126.92,88.68,276.01,461.34,,4068,2019-05-24 00:00:00,,,,,,,,
2019-05-23 00:00:00,690.00,769.85,6.26,87.90,873.97,474.65,448.12,500.42,683.95,513.80,60.66,932.16,208.30,17252.00,53.22,54.34,4238.58,55.91,97.00,139.53,126.88,88.56,275.21,462.71,,4069,2019-05-23 00:00:00,,,,,,,,
2019-05-22 00:00:00,690.00,771.26,6.25,87.90,878.17,475.67,449.53,501.83,683.52,515.56,60.49,931.98,208.35,17283.00,53.16,54.27,4227.67,55.81,96.82,139.64,126.73,87.75,275.17,462.41,,4070,2019-05-22 00:00:00,,,,,,,,
2019-05-21 00:00:00,690.00,770.98,6.27,87.89,878.79,477.93,451.60,501.92,684.60,514.30,60.50,933.43,208.29,17289.00,53.21,54.33,4234.78,55.74,96.88,139.99,127.27,87.32,276.13,461.18,,4071,2019-05-21 00:00:00,,,,,,,,
2019-05-20 00:00:00,690.00,770.75,6.27,87.89,879.20,476.58,450.74,501.55,683.35,513.51,60.44,936.39,208.83,17281.00,53.19,54.30,4231.26,55.83,96.89,139.62,127.20,87.75,277.12,460.62,,4072,2019-05-20 00:00:00,,,,,,,,
2019-05-17 00:00:00,689.00,769.26,6.27,87.72,881.01,474.38,449.88,501.47,681.75,511.54,60.48,939.10,207.51,17299.00,53.35,54.46,4217.91,55.92,97.07,140.05,127.12,87.95,277.58,459.79,,4073,2019-05-17 00:00:00,,,,,,,,
2019-05-16 00:00:00,687.00,769.74,6.27,87.51,882.36,475.74,450.61,502.03,681.36,511.09,60.73,941.23,206.98,17293.00,53.48,54.60,4218.07,55.87,97.03,139.77,126.90,87.57,277.51,459.06,,4074,2019-05-16 00:00:00,,,,,,,,
2019-05-15 00:00:00,686.00,768.99,6.26,87.46,886.23,476.18,451.06,501.57,680.79,510.05,60.78,945.13,207.58,17307.00,53.52,54.65,4218.05,56.02,97.09,139.90,127.38,87.95,279.03,458.86,,4075,2019-05-15 00:00:00,,,,,,,,
2019-05-14 00:00:00,684.00,767.68,6.26,87.10,886.10,474.89,449.37,499.16,679.96,507.22,60.94,953.15,209.62,17343.00,53.73,54.86,4218.73,56.08,97.25,140.90,128.10,89.01,281.06,462.34,,4076,2019-05-14 00:00:00,,,,,,,,
2019-05-13 00:00:00,680.00,763.27,6.19,86.58,884.01,474.79,448.08,498.31,672.31,505.83,61.22,957.62,208.89,17313.00,54.06,55.19,4234.80,56.31,97.81,141.57,128.42,88.09,281.48,464.11,,4077,2019-05-13 00:00:00,,,,,,,,
2019-05-10 00:00:00,679.00,761.87,6.19,86.54,883.62,474.75,447.54,497.98,668.85,504.37,61.15,956.57,211.12,17350.00,54.09,55.23,4252.71,56.40,97.98,142.08,129.28,90.67,282.96,467.49,,4078,2019-05-10 00:00:00,,,,,,,,
2019-05-09 00:00:00,677.00,757.51,6.15,86.22,880.48,473.11,445.55,496.77,663.14,502.31,61.32,960.38,212.43,17297.00,54.29,55.43,4279.10,56.66,98.54,142.04,129.51,91.05,282.03,469.58,,4079,2019-05-09 00:00:00,,,,,,,,
2019-05-08 00:00:00,676.00,756.47,6.13,86.13,883.41,473.93,446.00,496.01,662.98,501.79,61.36,966.29,213.61,17298.00,54.34,55.48,4284.56,56.71,98.70,141.92,129.41,91.09,281.61,471.84,,4080,2019-05-08 00:00:00,,,,,,,,
2019-05-07 00:00:00,676.00,756.10,6.10,86.18,884.43,472.03,446.07,495.21,663.75,502.00,61.42,965.95,214.29,17318.00,54.41,55.55,4280.24,56.64,98.73,141.71,129.28,90.20,281.42,472.86,,4081,2019-05-07 00:00:00,,,,,,,,
2019-05-06 00:00:00,673.00,753.24,6.08,85.85,885.68,470.39,445.57,493.76,662.32,500.19,61.56,970.76,214.65,17319.00,54.57,55.71,4290.91,56.87,99.08,142.04,129.81,88.87,283.01,475.17,,4082,2019-05-06 00:00:00,,,,,,,,
2019-04-30 00:00:00,673.00,752.56,6.03,85.78,870.17,474.73,448.80,494.29,660.10,500.13,61.41,957.89,212.86,17223.00,54.59,55.74,4294.59,57.04,99.20,141.34,128.60,88.43,282.59,474.27,,4083,2019-04-30 00:00:00,,,,,,,,
2019-04-29 00:00:00,673.00,750.44,6.03,85.81,869.67,474.14,448.59,494.25,660.27,500.11,61.38,961.74,213.40,17221.00,54.57,55.71,4294.71,57.24,99.49,141.33,129.06,88.33,281.42,474.50,,4084,2019-04-29 00:00:00,,,,,,,,
2019-04-26 00:00:00,673.00,749.90,6.04,85.80,868.68,472.65,446.70,494.34,660.26,499.70,61.40,959.21,214.15,17216.00,54.53,55.68,4294.76,57.22,99.55,141.55,128.69,88.41,282.46,475.98,,4085,2019-04-26 00:00:00,,,,,,,,
2019-04-25 00:00:00,673.00,750.53,6.00,85.84,868.40,471.92,443.77,493.84,659.48,498.72,61.38,956.68,214.68,17173.00,54.57,55.72,4287.19,57.23,99.48,140.18,128.46,87.44,283.53,476.50,,4086,2019-04-25 00:00:00,,,,,,,,
2019-04-24 00:00:00,672.00,754.06,6.01,85.71,869.51,476.99,447.19,495.22,658.88,500.47,61.44,947.46,212.27,17007.00,54.66,55.80,4251.08,56.82,99.01,139.27,127.27,86.86,281.51,475.59,,4087,2019-04-24 00:00:00,,,,,,,,
2019-04-23 00:00:00,671.00,755.00,5.99,85.51,870.88,478.53,448.09,494.71,660.60,502.66,61.59,950.92,211.18,17010.00,54.75,55.90,4242.07,56.74,98.88,138.70,126.62,86.87,280.63,475.33,,4088,2019-04-23 00:00:00,,,,,,,,
2019-04-22 00:00:00,670.00,753.73,5.99,85.44,871.00,479.24,448.26,494.62,660.73,501.04,61.64,955.06,209.84,16968.00,54.79,55.94,4245.38,56.76,99.05,138.86,127.06,86.90,280.07,474.69,,4089,2019-04-22 00:00:00,,,,,,,,
2019-04-19 00:00:00,670.00,753.42,5.99,85.46,870.95,479.37,448.34,494.50,660.61,501.12,61.79,952.99,209.67,16958.00,54.79,55.93,4246.38,56.78,99.10,138.79,126.92,86.70,280.45,474.46,,4090,2019-04-19 00:00:00,,,,,,,,
2019-04-18 00:00:00,669.00,755.85,5.97,85.28,872.27,479.98,450.00,494.60,661.96,501.20,61.80,955.21,208.91,16955.00,54.90,56.06,4226.94,56.51,98.78,138.19,126.93,86.01,281.16,475.09,,4091,2019-04-18 00:00:00,,,,,,,,
2019-04-17 00:00:00,671.00,757.24,5.99,85.55,875.28,480.88,450.19,495.36,665.96,502.36,61.58,954.53,209.08,16938.00,54.73,55.89,4220.86,56.44,98.58,138.00,126.58,86.27,281.33,474.15,,4092,2019-04-17 00:00:00,,,,,,,,
2019-04-16 00:00:00,671.00,758.43,5.99,85.61,878.91,481.19,454.01,495.96,668.38,501.76,61.25,959.03,209.39,16907.00,54.74,55.90,4221.17,56.36,98.38,138.13,126.55,86.51,281.30,473.76,,4093,2019-04-16 00:00:00,,,,,,,,
2019-04-15 00:00:00,671.00,758.71,5.99,85.57,878.01,481.38,454.28,496.12,669.51,503.44,61.28,960.34,208.06,16929.00,54.73,55.88,4237.35,56.40,98.38,138.00,126.48,86.14,279.52,473.49,,4094,2019-04-15 00:00:00,,,,,,,,
2019-04-12 00:00:00,672.00,757.07,6.02,85.69,877.75,478.93,452.08,495.57,670.33,502.64,61.23,961.10,208.45,16979.00,54.64,55.79,4252.31,56.57,98.60,138.06,126.88,85.30,280.08,473.76,,4095,2019-04-12 00:00:00,,,,,,,,
2019-04-11 00:00:00,671.00,756.27,6.04,85.59,878.18,480.58,453.73,496.19,669.24,503.55,61.25,957.64,207.37,16967.00,54.77,55.93,4251.06,56.61,98.73,138.11,126.67,84.73,280.63,473.41,,4096,2019-04-11 00:00:00,,,,,,,,
2019-04-10 00:00:00,671.00,755.95,6.04,85.62,876.13,478.27,452.94,495.80,671.27,503.50,61.02,966.86,209.86,17005.00,54.73,55.88,4263.33,56.68,98.76,137.91,127.51,84.71,282.02,473.62,,4097,2019-04-10 00:00:00,,,,,,,,
2019-04-09 00:00:00,671.00,755.79,6.02,85.59,876.92,478.24,452.50,495.70,672.06,504.38,61.01,966.93,210.33,17022.00,54.71,55.86,4248.54,56.72,98.77,138.01,127.38,84.77,282.72,474.79,,4098,2019-04-09 00:00:00,,,,,,,,
2019-04-08 00:00:00,672.00,753.74,6.02,85.61,876.05,477.08,452.17,495.92,672.03,502.46,60.84,972.46,209.78,16924.00,54.66,55.81,4261.42,56.92,99.04,138.32,128.11,83.91,283.84,474.81,,4099,2019-04-08 00:00:00,,,,,,,,
2019-04-04 00:00:00,671.00,754.09,6.02,85.43,883.49,477.41,455.17,495.60,672.46,502.62,60.83,972.05,210.76,16913.00,54.78,55.93,4239.85,56.91,99.00,138.07,127.69,83.86,286.60,473.05,,4100,2019-04-04 00:00:00,,,,,,,,
2019-04-03 00:00:00,672.00,752.90,6.04,85.61,882.39,474.35,453.66,495.72,673.27,503.63,60.77,972.13,211.48,16911.00,54.66,55.81,4265.81,57.06,99.15,138.78,127.99,83.63,286.15,472.67,,4101,2019-04-03 00:00:00,,,,,,,,
2019-04-02 00:00:00,672.00,752.57,6.03,85.56,877.66,477.47,455.87,495.49,672.16,504.50,60.77,971.73,211.26,16886.00,54.70,55.85,4272.80,57.10,99.20,138.29,127.89,82.10,285.50,472.21,,4102,2019-04-02 00:00:00,,,,,,,,
2019-04-01 00:00:00,672.00,754.20,6.06,85.60,874.89,477.74,458.12,496.02,675.13,503.27,60.70,977.24,213.37,16900.00,54.66,55.81,4257.06,57.04,98.98,138.14,128.22,83.26,288.01,472.37,,4103,2019-04-01 00:00:00,,,,,,,,
2019-03-29 00:00:00,673.00,756.07,6.09,85.78,879.08,476.75,456.34,496.43,676.77,501.27,60.57,963.38,216.70,16869.00,54.55,55.70,4237.08,56.81,98.73,137.97,128.28,82.74,287.39,472.96,,4104,2019-03-29 00:00:00,,,,,,,,
2019-03-28 00:00:00,673.00,756.58,6.09,85.69,884.50,476.23,457.09,495.98,676.18,501.43,60.55,963.87,217.26,16909.00,54.60,55.76,4226.10,56.72,98.66,137.91,128.35,80.22,287.97,474.05,,4105,2019-03-28 00:00:00,,,,,,,,
2019-03-27 00:00:00,671.00,756.88,6.08,85.54,887.00,479.13,463.92,496.61,675.60,501.83,60.63,958.71,214.62,16891.00,54.71,55.86,4208.25,56.68,98.62,137.55,127.21,79.95,284.53,471.27,,4106,2019-03-27 00:00:00,,,,,,,,
2019-03-26 00:00:00,670.00,758.61,6.09,85.42,885.36,476.74,463.28,496.66,675.69,500.36,60.68,954.51,213.49,16899.00,54.79,55.94,4166.01,56.57,98.39,137.80,127.25,83.25,283.85,470.48,,4107,2019-03-26 00:00:00,,,,,,,,
2019-03-25 00:00:00,671.00,757.87,6.10,85.52,886.17,474.74,461.35,496.05,675.09,499.70,60.56,961.04,216.16,16903.00,54.74,55.89,4174.03,56.71,98.46,138.19,127.64,84.39,284.81,471.77,,4108,2019-03-25 00:00:00,,,,,,,,
2019-03-22 00:00:00,669.00,761.35,6.04,85.32,878.53,476.07,461.07,496.34,674.79,500.91,60.62,954.12,212.29,16850.00,54.87,56.02,4133.82,56.29,98.01,137.03,126.25,81.64,281.71,474.05,,4109,2019-03-22 00:00:00,,,,,,,,
2019-03-21 00:00:00,669.00,763.76,6.04,85.17,882.12,476.29,461.89,496.47,674.13,502.73,60.80,955.54,213.12,16853.00,54.99,56.14,4106.83,56.05,97.75,136.59,127.10,81.26,281.74,473.76,,4110,2019-03-21 00:00:00,,,,,,,,
2019-03-20 00:00:00,671.00,761.70,6.02,85.48,890.26,475.47,459.67,496.56,671.76,503.63,60.74,959.07,216.15,16845.00,54.74,55.89,4108.50,56.28,97.96,137.16,127.08,81.60,283.32,472.07,,4111,2019-03-20 00:00:00,,,,,,,,
2019-03-19 00:00:00,671.00,760.28,6.02,85.43,889.14,476.17,459.08,496.33,669.91,502.69,60.80,959.07,215.28,16876.00,54.77,55.92,4128.86,56.45,98.16,137.62,127.47,81.55,284.24,472.12,,4112,2019-03-19 00:00:00,,,,,,,,
2019-03-18 00:00:00,671.00,759.54,6.02,85.47,892.03,475.20,459.09,495.96,669.37,502.83,60.92,965.90,215.10,16917.00,54.75,55.90,4139.31,56.61,98.26,137.68,127.21,81.23,286.45,472.20,,4113,2019-03-18 00:00:00,,,,,,,,
2019-03-15 00:00:00,672.00,759.40,6.01,85.57,890.00,474.71,459.09,495.53,669.24,504.08,60.87,974.28,216.27,16896.00,54.68,55.83,4138.47,56.66,98.25,138.48,127.57,81.43,287.53,472.54,,4114,2019-03-15 00:00:00,,,,,,,,
2019-03-14 00:00:00,670.00,759.24,6.02,85.37,890.58,474.72,459.45,495.19,667.77,503.99,60.98,975.88,215.36,16882.00,54.84,56.00,4144.48,56.65,98.30,138.70,127.82,81.53,288.04,471.76,,4115,2019-03-14 00:00:00,,,,,,,,
2019-03-13 00:00:00,671.00,757.54,6.03,85.50,877.35,474.44,460.04,494.86,666.19,502.49,60.83,978.10,213.83,16833.00,54.73,55.88,4161.00,56.74,98.48,139.56,128.66,81.32,288.19,471.63,,4116,2019-03-13 00:00:00,,,,,,,,
2019-03-12 00:00:00,671.00,755.84,6.03,85.52,889.24,474.66,458.73,494.62,664.67,501.23,60.85,981.48,213.22,16839.00,54.72,55.87,4175.79,56.90,98.72,139.61,128.91,81.00,288.89,471.80,,4117,2019-03-12 00:00:00,,,,,,,,
2019-03-11 00:00:00,672.00,754.85,6.05,85.61,872.76,473.00,457.17,494.44,666.75,500.84,60.84,987.55,214.64,16888.00,54.66,55.81,4180.32,56.98,98.83,140.33,130.11,80.83,290.17,472.44,,4118,2019-03-11 00:00:00,,,,,,,,
2019-03-08 00:00:00,672.00,752.64,6.03,85.65,879.97,472.12,454.58,494.11,664.97,500.08,60.80,986.52,215.78,16834.00,54.64,55.78,4200.70,57.30,99.11,140.66,130.58,81.23,291.07,473.91,,4119,2019-03-08 00:00:00,,,,,,,,
2019-03-07 00:00:00,671.00,758.95,6.01,85.49,883.99,471.84,454.29,494.41,668.01,499.27,60.96,982.86,212.59,16822.00,54.74,55.89,4155.54,56.63,98.29,138.48,129.05,80.94,288.52,474.64,,4120,2019-03-07 00:00:00,,,,,,,,
2019-03-06 00:00:00,671.00,757.96,5.99,85.42,882.28,475.08,455.73,494.53,667.52,502.10,60.80,981.17,211.32,16795.00,54.78,55.93,4162.07,56.74,98.43,138.82,129.20,80.35,287.22,473.71,,4121,2019-03-06 00:00:00,,,,,,,,
2019-03-05 00:00:00,670.00,759.66,6.00,85.35,882.91,475.01,457.01,494.67,670.77,503.33,60.82,980.88,212.24,16803.00,54.82,55.98,4155.30,56.60,98.23,139.45,129.14,80.30,288.01,475.28,,4122,2019-03-05 00:00:00,,,,,,,,
2019-03-04 00:00:00,670.00,762.47,5.99,85.43,887.46,476.02,457.17,495.41,671.42,504.81,60.74,982.76,211.66,16790.00,54.78,55.93,4142.06,56.45,97.84,138.04,127.82,80.13,287.43,473.75,,4123,2019-03-04 00:00:00,,,,,,,,
2019-03-01 00:00:00,670.00,761.21,6.01,85.30,887.94,475.28,456.41,495.30,671.13,508.53,60.77,984.83,210.26,16805.00,54.86,56.02,4147.64,56.52,97.98,138.02,127.84,79.80,287.91,471.31,,4124,2019-03-01 00:00:00,,,,,,,,
2019-02-28 00:00:00,669.00,760.82,6.03,85.23,890.57,478.02,458.09,496.09,668.41,508.82,60.80,983.67,208.25,16732.00,54.91,56.07,4154.09,56.68,98.05,138.57,127.79,79.45,286.52,469.93,,4125,2019-02-28 00:00:00,,,,,,,,
2019-02-27 00:00:00,669.00,761.68,6.05,85.18,886.35,480.79,460.77,496.31,668.68,507.81,60.85,981.64,206.95,16704.00,54.94,56.10,4155.67,56.77,97.98,138.78,128.01,79.33,286.96,468.00,,4126,2019-02-27 00:00:00,,,,,,,,
2019-02-26 00:00:00,670.00,760.63,6.03,85.30,878.52,479.95,460.68,496.06,669.26,507.70,60.75,979.31,206.58,16722.00,54.86,56.01,4177.15,57.03,98.10,139.08,128.42,79.24,285.83,467.21,,4127,2019-02-26 00:00:00,,,,,,,,
2019-02-25 00:00:00,671.00,761.38,6.06,85.54,877.00,480.12,460.71,497.22,671.26,511.17,60.66,974.41,207.99,16750.00,54.72,55.87,4175.00,57.00,98.01,139.00,128.08,79.26,285.12,466.28,,4128,2019-02-25 00:00:00,,,,,,,,
2019-02-22 00:00:00,672.00,761.68,6.07,85.57,875.58,476.84,457.20,496.21,670.95,507.45,60.68,976.93,208.61,16747.00,54.70,55.84,4168.33,56.90,97.98,139.47,128.45,79.25,287.21,464.60,,4129,2019-02-22 00:00:00,,,,,,,,
2019-02-21 00:00:00,672.00,762.68,6.07,85.65,877.02,481.77,461.06,497.32,671.93,510.30,60.50,976.64,208.47,16717.00,54.64,55.79,4156.62,56.79,97.84,138.47,127.74,79.20,285.95,462.66,,4130,2019-02-21 00:00:00,,,,,,,,
2019-02-20 00:00:00,676.00,766.22,6.11,86.07,882.32,484.11,464.68,499.44,674.75,511.46,60.28,973.74,207.82,16653.00,54.37,55.51,4142.05,56.52,97.38,137.81,126.84,78.22,283.52,461.12,,4131,2019-02-20 00:00:00,,,,,,,,
2019-02-19 00:00:00,676.00,765.05,6.12,86.19,874.13,482.12,463.38,498.64,673.37,511.00,60.37,979.05,208.51,16640.00,54.30,55.44,4155.91,56.59,97.52,136.78,127.24,78.36,284.65,461.59,,4132,2019-02-19 00:00:00,,,,,,,,
2019-02-18 00:00:00,677.00,764.12,6.12,86.21,872.88,483.29,464.26,498.75,673.56,510.83,60.26,978.99,208.20,16637.00,54.29,55.43,4160.85,56.67,97.65,137.14,127.66,78.11,284.72,462.02,,4133,2019-02-18 00:00:00,,,,,,,,
2019-02-15 00:00:00,676.00,764.00,6.12,86.17,865.55,480.29,462.19,498.18,672.93,508.69,60.22,985.02,208.87,16650.00,54.31,55.46,4168.61,56.67,97.66,137.38,127.87,78.02,284.80,462.94,,4134,2019-02-15 00:00:00,,,,,,,,
2019-02-14 00:00:00,677.00,762.81,6.11,86.32,870.46,480.17,461.03,498.13,671.20,510.86,60.03,981.71,207.38,16592.00,54.22,55.36,4179.56,56.86,97.79,136.84,127.85,78.04,286.71,463.60,,4135,2019-02-14 00:00:00,,,,,,,,
2019-02-13 00:00:00,677.00,767.11,6.13,86.23,872.83,480.43,456.06,499.10,672.79,511.67,60.18,972.70,203.33,16583.00,54.28,55.42,4146.60,56.43,97.29,136.70,127.69,77.60,284.34,462.17,,4136,2019-02-13 00:00:00,,,,,,,,
2019-02-12 00:00:00,678.00,764.18,6.14,86.35,871.78,478.62,456.29,498.07,674.95,509.47,60.09,969.72,203.63,16595.00,54.20,55.34,4185.01,56.57,97.64,137.29,128.56,77.87,284.83,463.30,,4137,2019-02-12 00:00:00,,,,,,,,
2019-02-11 00:00:00,675.00,764.32,6.15,86.02,873.19,479.06,456.49,497.86,675.31,508.39,60.21,970.09,201.69,16633.00,54.41,55.55,4170.25,56.38,97.62,137.32,127.98,77.79,282.40,464.43,,4138,2019-02-11 00:00:00,,,,,,,,
2019-02-01 00:00:00,671.00,767.75,6.16,85.51,879.15,487.70,463.91,498.24,674.70,510.94,61.02,975.72,197.68,16589.00,54.77,55.92,4114.25,55.52,97.25,134.84,125.72,77.23,284.85,465.98,,4139,2019-02-01 00:00:00,,,,,,,,
2019-01-31 00:00:00,670.00,769.81,6.15,85.46,878.90,485.77,462.21,497.43,674.23,509.72,61.16,976.29,199.18,16604.00,54.84,55.99,4102.74,55.70,97.01,134.86,125.64,78.12,285.33,466.52,,4140,2019-01-31 00:00:00,,,,,,,,
2019-01-30 00:00:00,673.00,770.03,6.16,85.86,881.01,481.87,459.78,498.06,677.01,507.43,61.04,980.24,202.09,16593.00,54.54,55.69,4119.59,55.77,96.95,134.62,126.19,78.86,283.64,467.09,,4141,2019-01-30 00:00:00,,,,,,,,
2019-01-29 00:00:00,674.00,769.97,6.16,85.85,886.01,482.31,459.98,497.78,679.11,507.90,61.04,983.23,202.83,16607.00,54.53,55.68,4121.44,55.75,96.97,134.41,126.32,79.06,282.67,467.95,,4142,2019-01-29 00:00:00,,,,,,,,
2019-01-28 00:00:00,675.00,770.27,6.17,86.00,890.94,484.54,461.29,498.69,679.75,510.54,60.99,975.20,201.67,16586.00,54.44,55.59,4124.50,55.67,96.97,134.06,126.15,78.11,281.50,467.45,,4143,2019-01-28 00:00:00,,,,,,,,
2019-01-25 00:00:00,679.00,768.17,6.20,86.59,888.87,481.25,459.12,499.14,682.10,508.66,60.95,967.55,201.98,16607.00,54.06,55.20,4148.47,55.80,97.18,133.59,126.29,77.61,280.06,466.86,,4144,2019-01-25 00:00:00,,,,,,,,
2019-01-24 00:00:00,678.00,772.04,6.19,86.43,886.88,484.34,460.54,499.18,681.69,508.20,60.99,974.27,203.81,16611.00,54.17,55.32,4119.49,55.55,96.73,132.97,126.30,78.00,280.72,467.46,,4145,2019-01-24 00:00:00,,,,,,,,
2019-01-23 00:00:00,680.00,772.25,6.22,86.62,880.68,484.23,458.84,499.82,681.66,508.95,60.71,977.81,205.50,16628.00,54.04,55.18,4118.40,55.49,96.67,132.75,126.55,78.59,281.94,467.51,,4146,2019-01-23 00:00:00,,,,,,,,
2019-01-22 00:00:00,679.00,771.42,6.19,86.49,874.85,485.67,456.47,499.29,680.30,510.32,60.61,977.38,203.69,16639.00,54.13,55.28,4114.98,55.53,96.78,132.81,126.11,78.46,282.35,468.45,,4147,2019-01-22 00:00:00,,,,,,,,
2019-01-21 00:00:00,678.00,770.39,6.18,86.40,871.70,485.46,456.76,498.92,681.04,510.73,60.65,976.93,204.12,16562.00,54.20,55.35,4124.97,55.65,96.88,133.14,126.25,78.62,281.73,468.29,,4148,2019-01-21 00:00:00,,,,,,,,
2019-01-18 00:00:00,677.00,770.73,6.20,86.27,878.34,486.47,457.30,499.24,680.82,509.54,60.75,980.25,202.82,16567.00,54.28,55.43,4145.29,55.61,96.85,133.27,126.37,79.14,280.95,468.74,,4149,2019-01-18 00:00:00,,,,,,,,
2019-01-17 00:00:00,676.00,770.38,6.20,86.18,870.80,484.78,458.05,498.93,682.75,509.92,60.76,981.78,202.30,16575.00,54.34,55.49,4171.55,55.57,96.90,133.01,126.28,79.08,279.39,468.71,,4150,2019-01-17 00:00:00,,,,,,,,
2019-01-16 00:00:00,676.00,771.42,6.22,86.21,869.85,486.90,460.84,498.67,684.47,509.71,60.72,991.49,203.17,16603.00,54.33,55.49,4187.89,55.64,96.75,132.69,126.33,80.55,280.87,471.97,,4151,2019-01-16 00:00:00,,,,,,,,
2019-01-15 00:00:00,675.00,774.87,6.24,86.12,869.90,486.21,460.90,499.00,688.41,508.69,60.69,991.49,203.88,16612.00,54.38,55.54,4151.91,55.39,96.32,132.47,126.52,80.73,281.15,472.65,,4152,2019-01-15 00:00:00,,,,,,,,
2019-01-14 00:00:00,676.00,774.47,6.23,86.17,868.41,486.68,460.94,499.18,686.51,509.18,60.61,989.37,205.43,16551.00,54.37,55.54,4147.87,55.42,96.39,132.29,126.39,81.26,283.30,472.53,,4153,2019-01-14 00:00:00,,,,,,,,
2019-01-11 00:00:00,679.00,781.49,6.27,86.63,865.76,487.95,460.62,502.16,690.06,512.84,60.37,985.27,204.13,16475.00,54.10,55.25,4111.50,54.98,95.54,131.09,124.80,79.92,281.70,470.03,,4154,2019-01-11 00:00:00,,,,,,,,
2019-01-10 00:00:00,682.00,787.65,6.30,86.96,872.23,488.83,462.73,503.72,699.98,515.92,60.24,978.48,203.14,16420.00,53.90,55.04,4081.64,54.64,94.84,130.03,124.20,80.41,282.03,468.58,,4155,2019-01-10 00:00:00,,,,,,,,
2019-01-09 00:00:00,685.00,784.43,6.30,87.42,872.42,489.75,461.17,504.73,698.45,516.49,60.02,976.41,203.70,16395.00,53.60,54.74,4099.50,54.75,95.16,130.14,124.63,79.92,282.28,467.30,,4156,2019-01-09 00:00:00,,,,,,,,
2019-01-08 00:00:00,684.00,785.12,6.30,87.28,874.63,488.76,461.80,504.63,698.62,514.55,60.10,975.53,202.86,16345.00,53.71,54.85,4089.83,54.72,95.12,130.02,124.67,78.72,283.09,466.88,,4157,2019-01-08 00:00:00,,,,,,,,
2019-01-07 00:00:00,685.00,781.86,6.31,87.46,872.45,488.00,461.54,504.29,694.79,512.38,60.21,990.84,203.98,16289.00,53.61,54.75,4104.89,54.91,95.54,130.62,125.61,77.79,283.16,466.69,,4158,2019-01-07 00:00:00,,,,,,,,
2019-01-04 00:00:00,686.00,781.57,6.36,87.60,866.13,480.55,458.59,502.75,694.74,508.97,60.38,1001.04,208.73,16411.00,53.56,54.69,4108.35,54.92,95.56,131.25,126.68,79.76,286.08,469.31,,4159,2019-01-04 00:00:00,,,,,,,,
2019-01-03 00:00:00,686.00,778.18,6.38,87.60,860.48,474.30,454.48,501.98,695.05,503.05,60.33,1006.02,212.84,16352.00,53.52,54.66,4145.67,55.23,95.96,131.53,127.55,80.54,286.23,470.40,,4160,2019-01-03 00:00:00,,,,,,,,
2019-01-02 00:00:00,685.00,785.21,6.25,87.42,873.03,482.53,460.21,502.43,697.27,502.57,60.39,1012.90,210.13,16266.00,53.65,54.80,4094.47,54.66,95.13,129.57,126.22,77.26,286.67,472.05,,4161,2019-01-02 00:00:00,,,,,,,,
2018-12-28 00:00:00,686.00,784.73,6.19,87.62,867.62,482.50,459.54,500.62,694.94,503.81,60.68,1013.83,211.19,16327.00,53.54,54.69,4091.61,54.73,95.17,131.34,127.74,77.15,287.02,473.99,,4162,2018-12-28 00:00:00,,,,,,,,
2018-12-27 00:00:00,689.00,782.80,6.20,88.00,871.11,487.17,463.89,501.96,692.80,507.61,60.62,997.23,210.52,16319.00,53.31,54.46,4103.96,54.72,95.37,131.95,127.03,76.61,288.89,472.85,,4163,2018-12-27 00:00:00,,,,,,,,
2018-12-26 00:00:00,688.00,785.71,6.24,87.90,873.50,485.04,463.05,501.72,698.14,506.33,60.77,997.79,212.22,16346.00,53.35,54.50,4094.79,54.60,95.04,131.45,127.18,76.83,289.55,473.00,,4164,2018-12-26 00:00:00,,,,,,,,
2018-12-25 00:00:00,689.00,785.76,6.25,87.98,875.42,485.69,464.21,501.84,698.45,506.58,60.71,995.05,211.51,16311.00,53.29,54.44,4090.14,54.57,95.01,131.32,126.95,76.73,288.37,472.10,,4165,2018-12-25 00:00:00,,,,,,,,
2018-12-24 00:00:00,690.00,785.29,6.22,88.10,873.58,486.93,463.99,502.78,695.01,508.00,60.52,995.83,211.94,16311.00,53.18,54.33,4099.83,54.61,95.10,130.96,127.01,76.98,288.54,472.61,,4166,2018-12-24 00:00:00,,,,,,,,
2018-12-21 00:00:00,688.00,788.48,6.19,87.93,872.00,489.88,466.46,502.52,697.44,509.91,60.70,992.14,209.09,16327.00,53.37,54.52,4078.33,54.33,94.70,130.31,126.01,76.50,288.91,474.40,,4167,2018-12-21 00:00:00,,,,,,,,
2018-12-20 00:00:00,689.00,784.78,6.13,88.07,870.41,490.24,467.08,502.44,693.44,511.55,60.65,978.77,208.50,16355.00,53.28,54.42,4111.05,54.64,95.12,131.83,126.41,76.83,291.62,474.90,,4168,2018-12-20 00:00:00,,,,,,,,
2018-12-19 00:00:00,689.00,783.47,6.13,88.05,871.62,495.14,471.99,502.82,694.17,511.87,60.62,978.78,208.27,16360.00,53.33,54.47,4111.18,54.66,95.31,131.50,126.68,77.54,291.15,475.00,,4169,2018-12-19 00:00:00,,,,,,,,
2018-12-18 00:00:00,689.00,781.53,6.10,88.11,868.67,494.31,468.79,501.65,693.61,513.36,60.70,966.55,209.00,16410.00,53.35,54.48,4139.63,54.80,95.55,131.49,125.51,78.04,291.64,475.78,,4170,2018-12-18 00:00:00,,,,,,,,
2018-12-17 00:00:00,689.00,779.40,6.08,88.19,867.32,494.53,468.20,500.78,690.88,515.09,60.72,966.94,208.72,16411.00,53.28,54.42,4150.91,55.05,95.78,131.42,125.00,77.94,292.29,475.73,,4171,2018-12-17 00:00:00,,,,,,,,
2018-12-14 00:00:00,688.00,781.02,6.05,88.03,869.44,496.65,471.37,501.28,691.70,514.99,60.79,964.37,206.25,16370.00,53.43,54.57,4138.11,55.00,95.57,131.76,124.46,77.74,295.13,476.07,,4172,2018-12-14 00:00:00,,,,,,,,
2018-12-13 00:00:00,688.00,782.25,6.07,88.00,868.70,496.41,471.36,501.30,692.67,515.18,60.82,965.80,205.11,16360.00,53.41,54.56,4127.85,54.87,95.44,132.10,124.63,77.76,291.87,476.26,,4173,2018-12-13 00:00:00,,,,,,,,
2018-12-12 00:00:00,691.00,782.00,6.09,88.35,862.88,498.26,475.47,502.86,695.41,516.12,60.57,962.45,207.42,16354.00,53.18,54.32,4138.46,54.99,95.45,131.54,124.16,77.66,292.19,475.06,,4174,2018-12-12 00:00:00,,,,,,,,
2018-12-11 00:00:00,690.00,783.93,6.10,88.30,867.73,496.52,474.75,502.74,697.91,515.56,60.39,965.12,208.19,16344.00,53.19,54.33,4124.97,54.74,95.21,131.69,124.01,77.12,294.07,475.69,,4175,2018-12-11 00:00:00,,,,,,,,
2018-12-10 00:00:00,687.00,783.33,6.11,87.90,873.94,493.87,470.62,501.25,694.14,515.70,60.65,967.92,206.57,16344.00,53.47,54.62,4125.84,54.80,95.30,131.57,123.68,77.40,295.14,477.89,,4176,2018-12-10 00:00:00,,,,,,,,
2018-12-07 00:00:00,687.00,781.11,6.09,87.93,877.64,496.46,472.25,501.39,691.54,512.69,60.62,971.44,204.62,16282.00,53.49,54.63,4134.26,54.79,95.55,130.88,124.01,77.75,296.32,477.97,,4177,2018-12-07 00:00:00,,,,,,,,
2018-12-06 00:00:00,686.00,778.33,6.07,87.79,873.25,498.18,472.65,501.71,687.92,513.37,60.55,969.83,201.76,16238.00,53.54,54.69,4153.88,55.01,95.88,130.85,123.96,77.63,299.16,477.31,,4178,2018-12-06 00:00:00,,,,,,,,
2018-12-05 00:00:00,685.00,777.64,6.08,87.71,870.86,502.97,475.04,501.53,686.52,516.48,60.55,976.94,201.84,16216.00,53.64,54.79,4166.46,55.12,96.08,131.71,124.22,78.68,299.48,478.55,,4179,2018-12-05 00:00:00,,,,,,,,
2018-12-04 00:00:00,689.00,782.84,6.07,88.20,877.27,507.17,477.66,504.36,690.82,522.33,60.41,965.56,198.67,16119.00,53.28,54.42,4119.55,54.63,95.34,130.72,123.62,76.17,295.02,475.52,,4180,2018-12-04 00:00:00,,,,,,,,
2018-12-03 00:00:00,694.00,787.34,6.11,88.76,885.62,511.40,479.52,507.18,695.54,523.98,60.20,960.21,197.86,16120.00,52.87,54.01,4110.28,54.46,94.78,130.64,123.24,74.68,290.34,473.22,,4181,2018-12-03 00:00:00,,,,,,,,
2018-11-30 00:00:00,694.00,789.91,6.12,88.68,886.51,507.56,475.89,506.44,696.26,522.20,60.36,954.01,197.03,16128.00,52.96,54.10,4096.56,54.28,94.46,130.78,123.09,74.55,291.86,474.59,,4182,2018-11-30 00:00:00,,,,,,,,
2018-11-29 00:00:00,694.00,788.39,6.11,88.62,889.51,506.38,475.92,505.18,698.20,522.50,60.50,965.49,198.70,16198.00,52.96,54.10,4106.10,54.38,94.67,130.31,123.38,75.27,292.45,474.51,,4183,2018-11-29 00:00:00,,,,,,,,
2018-11-28 00:00:00,695.00,785.34,6.11,88.80,885.70,502.60,472.41,504.73,696.15,522.92,60.26,964.91,200.30,16264.00,52.84,53.97,4125.38,54.66,95.01,130.94,123.66,75.70,294.42,475.20,,4184,2018-11-28 00:00:00,,,,,,,,
2018-11-27 00:00:00,695.00,787.15,6.12,88.81,889.78,501.67,470.52,505.09,695.75,524.27,60.28,966.15,200.32,16257.00,52.87,54.01,4111.21,54.56,94.78,130.84,123.56,75.56,296.46,475.65,,4185,2018-11-27 00:00:00,,,,,,,,
2018-11-26 00:00:00,695.00,787.52,6.15,88.74,890.52,502.54,470.65,505.16,696.74,525.41,60.32,958.17,199.42,16291.00,52.86,54.00,4091.47,54.49,94.74,130.86,123.65,76.22,293.63,475.79,,4186,2018-11-26 00:00:00,,,,,,,,
2018-11-23 00:00:00,693.00,790.36,6.13,88.53,892.46,502.52,471.88,504.76,696.81,525.63,60.55,946.90,198.32,16300.00,53.00,54.13,4065.25,54.33,94.43,130.44,123.10,76.46,293.00,475.62,,4187,2018-11-23 00:00:00,,,,,,,,
2018-11-22 00:00:00,694.00,790.30,6.14,88.61,886.66,503.98,473.79,505.23,697.89,524.66,60.43,948.22,200.67,16292.00,52.93,54.07,4069.44,54.45,94.41,130.19,122.81,76.63,291.95,474.56,,4188,2018-11-22 00:00:00,,,,,,,,
2018-11-21 00:00:00,694.00,790.06,6.17,88.67,888.78,501.49,471.73,505.24,698.61,522.40,60.28,951.10,202.91,16270.00,52.85,53.99,4066.87,54.55,94.43,130.83,123.50,77.45,293.06,475.04,,4189,2018-11-21 00:00:00,,,,,,,,
2018-11-20 00:00:00,693.00,793.42,6.16,88.45,890.91,505.41,473.93,505.34,697.71,525.94,60.42,945.87,202.39,16262.00,53.02,54.16,4047.55,54.57,94.05,129.89,122.35,76.71,293.92,474.79,,4190,2018-11-20 00:00:00,,,,,,,,
2018-11-19 00:00:00,692.00,790.46,6.14,88.42,889.11,506.91,475.63,504.70,692.79,526.87,60.48,953.11,202.31,16236.00,53.05,54.19,4070.09,54.60,94.42,130.04,121.88,77.14,291.05,474.72,,4191,2018-11-19 00:00:00,,,,,,,,
2018-11-16 00:00:00,694.00,785.80,6.11,88.58,886.34,504.76,473.61,504.27,689.02,526.53,60.40,949.69,204.73,16261.00,52.95,54.08,4097.13,54.57,94.98,130.70,122.31,77.47,291.91,474.88,,4192,2018-11-16 00:00:00,,,,,,,,
2018-11-15 00:00:00,694.00,785.35,6.11,88.63,901.86,502.00,471.38,503.34,689.85,524.11,60.43,966.64,206.88,16325.00,52.93,54.07,4105.72,54.71,95.03,130.85,122.56,78.72,294.05,474.59,,4193,2018-11-15 00:00:00,,,,,,,,
2018-11-14 00:00:00,694.00,785.21,6.10,88.61,903.62,501.83,469.79,503.76,689.96,524.79,60.34,978.37,208.17,16292.00,52.93,54.05,4111.19,54.67,95.03,130.24,122.16,78.92,294.97,474.45,,4194,2018-11-14 00:00:00,,,,,,,,
2018-11-13 00:00:00,696.00,781.95,6.12,88.87,895.50,499.82,467.73,503.07,689.51,526.20,60.10,973.45,207.55,16329.00,52.71,53.83,4121.66,55.03,95.39,131.28,122.24,78.51,292.15,475.66,,4195,2018-11-13 00:00:00,,,,,,,,
2018-11-12 00:00:00,695.00,786.72,6.10,88.71,898.77,501.94,467.73,503.78,690.88,526.60,60.13,976.32,206.45,16261.00,52.85,53.98,4086.69,54.52,94.79,130.67,121.39,78.61,289.45,475.51,,4196,2018-11-12 00:00:00,,,,,,,,
2018-11-09 00:00:00,693.00,788.26,6.08,88.55,906.34,503.76,468.53,504.25,689.65,527.65,60.03,964.75,203.59,16150.00,52.95,54.08,4069.94,54.28,94.62,130.03,120.80,78.71,290.84,475.44,,4197,2018-11-09 00:00:00,,,,,,,,
2018-11-08 00:00:00,692.00,790.46,6.09,88.33,908.12,502.99,469.05,504.30,690.24,527.30,60.17,957.42,201.06,16169.00,53.11,54.24,4064.97,54.24,94.37,130.42,120.65,77.57,287.27,474.58,,4198,2018-11-08 00:00:00,,,,,,,,
2018-11-07 00:00:00,691.00,789.64,6.09,88.18,905.33,500.01,465.18,503.10,689.22,526.42,60.38,955.83,204.30,16233.00,53.18,54.31,4075.60,54.50,94.47,130.86,121.00,77.64,285.51,476.54,,4199,2018-11-07 00:00:00,,,,,,,,
2018-11-06 00:00:00,691.00,787.98,6.10,88.18,902.53,497.98,460.02,502.62,687.78,526.86,60.40,955.32,204.86,16239.00,53.17,54.30,4084.18,54.62,94.65,131.13,120.99,76.98,287.79,476.40,,4200,2018-11-06 00:00:00,,,,,,,,
2018-11-05 00:00:00,690.00,786.55,6.10,88.15,897.13,496.74,459.00,502.21,687.91,526.59,60.30,959.47,207.16,16240.00,53.25,54.38,4088.96,54.80,94.89,131.19,121.15,78.75,290.37,476.04,,4201,2018-11-05 00:00:00,,,,,,,,
2018-11-02 00:00:00,694.00,791.20,6.15,88.53,901.73,499.83,461.28,504.02,692.13,530.09,60.18,947.70,207.83,16280.00,52.95,54.08,4082.08,54.63,94.32,130.42,120.47,79.64,290.89,474.56,,4202,2018-11-02 00:00:00,,,,,,,,
2018-11-01 00:00:00,697.00,789.23,6.18,88.83,891.04,493.89,455.05,503.40,691.88,529.98,60.00,943.01,211.81,16357.00,52.67,53.79,4112.74,55.01,94.51,131.33,120.88,80.08,291.41,474.61,,4203,2018-11-01 00:00:00,,,,,,,,
2018-10-31 00:00:00,696.00,790.08,6.16,88.77,884.92,494.63,456.87,502.73,692.87,531.06,60.03,939.81,209.77,16356.00,52.74,53.86,4108.86,54.82,94.45,131.73,120.76,78.65,288.23,477.88,,4204,2018-10-31 00:00:00,,,,,,,,
2018-10-30 00:00:00,696.00,791.37,6.19,88.71,890.77,491.47,454.11,502.97,694.60,530.03,60.06,945.61,211.31,16399.00,52.79,53.91,4101.70,54.68,94.28,131.50,120.56,79.89,288.08,478.05,,4205,2018-10-30 00:00:00,,,,,,,,
2018-10-29 00:00:00,694.00,791.13,6.20,88.49,890.28,492.29,452.60,502.81,695.49,529.87,60.17,947.56,209.85,16421.00,52.95,54.07,4098.34,54.52,94.34,131.62,120.47,80.57,279.26,476.41,,4206,2018-10-29 00:00:00,,,,,,,,
2018-10-26 00:00:00,695.00,790.36,6.19,88.66,891.26,491.87,453.51,503.23,695.07,531.76,60.00,943.46,210.19,16359.00,52.84,53.97,4100.08,54.53,94.40,131.14,120.08,81.07,280.40,473.81,,4207,2018-10-26 00:00:00,,,,,,,,
2018-10-25 00:00:00,694.00,791.66,6.20,88.53,894.76,490.56,452.25,502.78,696.59,532.42,59.99,944.61,209.64,16376.00,52.89,54.02,4088.16,54.48,94.26,131.28,120.16,82.09,282.27,474.07,,4208,2018-10-25 00:00:00,,,,,,,,
2018-10-24 00:00:00,694.00,795.56,6.17,88.48,900.42,491.50,454.28,503.24,697.12,530.17,60.03,944.84,205.33,16373.00,52.96,54.09,4055.16,54.00,93.77,130.13,119.50,82.86,278.19,472.97,,4209,2018-10-24 00:00:00,,,,,,,,
2018-10-23 00:00:00,693.00,795.36,6.15,88.45,899.83,490.86,454.78,502.79,696.68,529.80,59.95,939.46,206.49,16327.00,52.93,54.07,4058.18,53.94,93.80,129.68,118.98,81.66,279.70,472.78,,4210,2018-10-23 00:00:00,,,,,,,,
2018-10-22 00:00:00,692.00,797.08,6.16,88.30,904.58,492.13,456.42,502.80,694.85,528.24,60.03,946.46,208.22,16354.00,53.05,54.19,4052.72,53.94,93.61,129.84,118.81,81.62,278.65,470.57,,4211,2018-10-22 00:00:00,,,,,,,,
2018-10-19 00:00:00,694.00,795.47,6.19,88.51,904.27,492.78,454.07,502.60,697.24,530.99,59.87,948.28,207.94,16384.00,52.89,54.02,4060.88,54.10,93.78,130.13,119.17,81.15,275.87,470.15,,4212,2018-10-19 00:00:00,,,,,,,,
2018-10-18 00:00:00,693.00,796.86,6.15,88.38,907.89,492.93,453.52,502.80,696.50,532.09,59.90,946.16,205.64,16277.00,52.99,54.13,4039.82,53.83,93.60,129.36,118.53,80.68,272.35,469.72,,4213,2018-10-18 00:00:00,,,,,,,,
2018-10-17 00:00:00,691.00,800.18,6.15,88.18,911.51,493.53,455.12,503.04,697.85,534.35,60.05,945.35,205.03,16257.00,53.14,54.27,4021.62,53.55,93.25,128.90,117.84,82.32,271.32,470.33,,4214,2018-10-17 00:00:00,,,,,,,,
2018-10-16 00:00:00,691.00,800.78,6.18,88.20,909.36,493.32,454.50,502.49,700.32,532.24,60.12,948.68,207.55,16368.00,53.15,54.29,4030.23,53.60,93.19,129.44,117.87,83.59,272.47,472.34,,4215,2018-10-16 00:00:00,,,,,,,,
2018-10-15 00:00:00,692.00,799.30,6.17,88.25,907.19,491.79,450.00,501.98,698.38,531.26,60.02,952.42,209.83,16357.00,53.07,54.19,4053.59,53.76,93.32,129.63,118.10,85.15,272.76,473.09,,4216,2018-10-15 00:00:00,,,,,,,,
2018-10-12 00:00:00,691.00,800.45,6.16,88.22,913.88,491.98,450.64,501.82,697.63,530.16,60.17,959.79,211.40,16466.00,53.19,54.31,4061.29,53.81,93.22,129.98,118.92,85.79,274.78,473.80,,4217,2018-10-12 00:00:00,,,,,,,,
2018-10-11 00:00:00,691.00,796.55,6.15,88.17,912.23,488.12,446.25,499.59,698.34,529.31,60.12,967.46,213.70,16485.00,53.17,54.29,4087.65,54.23,93.63,132.16,119.02,88.01,277.38,477.28,,4218,2018-10-11 00:00:00,,,,,,,,
2018-10-10 00:00:00,691.00,794.00,6.11,88.17,907.90,490.93,447.55,499.85,696.22,533.61,60.16,957.70,211.14,16387.00,53.20,54.32,4086.77,54.20,93.96,131.73,119.68,88.44,275.19,476.80,,4219,2018-10-10 00:00:00,,,,,,,,
2018-10-09 00:00:00,690.00,793.12,6.11,88.17,903.63,488.23,445.02,498.83,695.42,532.61,60.19,963.66,215.13,16405.00,53.22,54.34,4101.11,54.43,94.07,131.63,119.90,88.64,274.41,476.40,,4220,2018-10-09 00:00:00,,,,,,,,
2018-10-08 00:00:00,690.00,795.29,6.07,88.00,906.26,486.74,444.34,498.96,696.33,533.32,60.02,967.72,214.57,16399.00,53.17,54.29,4077.30,54.07,93.74,131.26,119.62,89.20,271.89,476.10,,4221,2018-10-08 00:00:00,,,,,,,,
2018-09-28 00:00:00,688.00,801.11,6.07,88.00,900.11,496.05,455.44,503.15,704.73,528.12,60.14,952.26,205.07,16167.00,53.35,54.47,4038.93,53.30,93.08,128.60,118.46,87.28,273.01,470.97,,4222,2018-09-28 00:00:00,,,,,,,,
2018-09-27 00:00:00,686.00,806.42,6.09,87.92,904.33,498.21,457.14,502.66,711.35,526.65,60.33,958.50,205.92,16245.00,53.51,54.64,4010.63,52.97,92.46,128.24,118.06,89.00,274.66,472.47,,4223,2018-09-27 00:00:00,,,,,,,,
2018-09-26 00:00:00,686.00,806.58,6.07,87.76,903.85,497.16,455.53,502.12,710.60,529.33,60.32,958.97,209.16,16284.00,53.56,54.69,4017.74,53.13,92.47,128.53,118.59,90.28,276.92,472.38,,4224,2018-09-26 00:00:00,,,,,,,,
2018-09-25 00:00:00,684.00,804.34,6.07,87.60,897.75,496.54,454.66,501.09,709.79,528.73,60.32,961.20,209.88,16315.00,53.66,54.79,4020.64,53.42,92.72,128.50,118.89,89.90,277.05,473.57,,4225,2018-09-25 00:00:00,,,,,,,,
2018-09-21 00:00:00,684.00,805.35,6.08,87.16,907.51,498.25,457.13,501.22,713.14,529.76,60.48,970.79,209.15,16346.00,53.72,54.86,4016.13,53.28,92.60,128.28,119.12,90.97,275.66,473.00,,4226,2018-09-21 00:00:00,,,,,,,,
2018-09-20 00:00:00,685.00,800.08,6.10,87.37,900.58,497.50,455.31,500.57,708.46,530.50,60.41,975.35,213.71,16353.00,53.59,54.73,4039.88,53.58,93.26,129.42,118.94,91.26,273.92,472.78,,4227,2018-09-20 00:00:00,,,,,,,,
2018-09-19 00:00:00,686.00,800.57,6.11,87.40,902.93,495.56,451.85,500.59,711.47,528.62,60.42,982.17,216.94,16377.00,53.57,54.70,4043.56,53.56,93.19,129.82,118.91,93.34,274.25,474.85,,4228,2018-09-19 00:00:00,,,,,,,,
2018-09-18 00:00:00,686.00,799.92,6.14,87.39,901.21,490.22,450.15,498.87,712.06,524.96,60.36,993.89,218.09,16431.00,53.58,54.71,4061.05,53.73,93.26,130.12,119.33,92.25,275.53,476.18,,4229,2018-09-18 00:00:00,,,,,,,,
2018-09-17 00:00:00,685.00,796.82,6.12,87.30,896.30,490.07,448.74,498.74,708.90,525.60,60.37,991.74,217.89,16335.00,53.58,54.72,4075.38,54.02,93.61,132.02,120.37,89.83,275.43,476.51,,4230,2018-09-17 00:00:00,,,,,,,,
2018-09-14 00:00:00,684.00,799.49,6.10,87.11,896.66,491.65,449.62,499.06,707.83,525.93,60.59,998.85,216.11,16389.00,53.72,54.86,4054.44,53.85,93.31,130.93,120.16,89.75,275.57,476.58,,4231,2018-09-14 00:00:00,,,,,,,,
2018-09-13 00:00:00,685.00,796.69,6.16,87.27,893.92,491.34,449.48,499.21,706.21,527.05,60.53,1005.43,218.34,16420.00,53.62,54.76,4079.43,54.07,93.64,131.04,120.53,92.65,277.99,477.31,,4232,2018-09-13 00:00:00,,,,,,,,
2018-09-12 00:00:00,685.00,794.82,6.14,87.33,892.43,487.74,446.75,498.32,704.70,525.08,60.49,1012.12,219.81,16404.00,53.59,54.73,4083.38,54.15,93.84,132.00,121.44,93.91,280.03,478.17,,4233,2018-09-12 00:00:00,,,,,,,,
2018-09-11 00:00:00,685.00,793.80,6.16,87.25,892.53,487.18,446.87,496.79,702.79,520.43,60.52,1029.80,221.83,16474.00,53.63,54.77,4091.36,54.30,93.93,132.31,122.49,94.44,281.44,479.03,,4234,2018-09-11 00:00:00,,,,,,,,
2018-09-10 00:00:00,684.00,790.59,6.17,87.12,884.52,486.70,447.03,496.29,706.35,519.47,60.60,1020.52,223.01,16454.00,53.69,54.82,4115.02,54.53,94.33,132.26,123.36,93.82,282.44,479.59,,4235,2018-09-10 00:00:00,,,,,,,,
2018-09-07 00:00:00,682.00,792.95,6.17,86.90,882.00,490.74,449.20,496.44,706.98,518.86,60.73,1013.56,224.57,16462.00,53.83,54.97,4111.41,54.53,94.05,133.51,123.40,96.48,281.93,480.33,,4236,2018-09-07 00:00:00,,,,,,,,
2018-09-06 00:00:00,682.00,793.88,6.12,86.91,881.17,490.91,450.07,496.32,702.64,517.93,60.75,999.16,225.95,16396.00,53.85,54.99,4125.92,54.49,93.91,132.66,123.09,96.56,283.53,480.30,,4237,2018-09-06 00:00:00,,,,,,,,
2018-09-05 00:00:00,683.00,790.96,6.13,86.97,877.93,490.46,447.10,496.44,701.07,518.22,60.61,996.41,224.56,16337.00,53.79,54.93,4141.35,54.49,94.24,133.02,122.92,97.73,284.00,480.07,,4238,2018-09-05 00:00:00,,,,,,,,
2018-09-04 00:00:00,682.00,792.14,6.14,86.87,877.56,491.59,450.23,497.08,703.58,520.76,60.55,995.60,218.00,16300.00,53.86,55.00,4123.52,54.18,94.11,133.40,122.51,97.27,281.53,479.68,,4239,2018-09-04 00:00:00,,,,,,,,
2018-09-03 00:00:00,683.00,793.20,6.16,87.08,884.01,491.60,451.86,498.33,705.44,523.64,60.11,988.14,215.15,16307.00,53.70,54.84,4114.59,54.22,93.98,133.81,122.67,96.17,279.34,479.24,,4240,2018-09-03 00:00:00,,,,,,,,
2018-08-31 00:00:00,682.00,796.46,6.15,86.95,888.54,495.82,454.24,499.52,705.09,525.97,60.13,997.53,215.34,16257.00,53.79,54.93,4103.56,53.99,93.60,133.56,122.24,98.88,279.83,479.45,,4241,2018-08-31 00:00:00,,,,,,,,
2018-08-30 00:00:00,681.00,797.59,6.10,86.78,887.90,497.99,457.10,499.35,702.08,527.92,60.23,996.81,210.65,16292.00,53.91,55.05,4081.29,53.75,93.49,134.07,122.27,94.95,277.96,479.58,,4242,2018-08-30 00:00:00,,,,,,,,
2018-08-29 00:00:00,681.00,795.90,6.12,86.73,876.06,499.68,456.98,498.98,697.04,526.55,60.18,997.10,208.76,16294.00,53.96,55.09,4069.71,53.65,93.70,134.20,122.54,92.07,280.21,478.71,,4243,2018-08-29 00:00:00,,,,,,,,
2018-08-28 00:00:00,681.00,795.45,6.12,86.69,877.50,500.02,456.02,499.75,694.85,525.14,60.20,990.05,208.10,16330.00,53.96,55.10,4072.96,53.71,93.79,133.59,122.29,90.54,276.19,478.11,,4244,2018-08-28 00:00:00,,,,,,,,
2018-08-27 00:00:00,685.00,797.77,6.16,87.27,881.82,502.94,459.04,502.41,697.93,526.88,59.85,983.90,207.82,16309.00,53.57,54.70,4057.09,53.59,93.50,132.91,121.43,87.34,274.40,477.02,,4245,2018-08-27 00:00:00,,,,,,,,
2018-08-24 00:00:00,687.00,793.57,6.18,87.53,880.88,498.44,456.02,500.60,697.46,525.33,59.69,991.83,209.54,16340.00,53.40,54.52,4083.96,54.03,93.95,132.90,121.92,88.58,276.46,477.83,,4246,2018-08-24 00:00:00,,,,,,,,
2018-08-23 00:00:00,684.00,791.95,6.18,87.10,882.64,501.53,457.89,500.27,695.61,526.00,59.93,994.69,207.24,16351.00,53.71,54.84,4072.53,53.89,94.15,132.54,122.11,88.14,274.42,478.39,,4247,2018-08-23 00:00:00,,,,,,,,
2018-08-22 00:00:00,683.00,790.46,6.20,86.97,881.39,502.41,457.79,500.26,693.87,523.89,59.97,983.80,210.67,16360.00,53.78,54.92,4092.00,54.30,94.36,133.15,123.00,88.77,277.25,478.02,,4248,2018-08-22 00:00:00,,,,,,,,
2018-08-21 00:00:00,684.00,786.64,6.22,87.09,875.43,501.90,454.24,499.72,690.62,524.39,59.79,978.45,212.26,16359.00,53.71,54.84,4119.79,54.81,94.90,133.74,123.36,88.90,277.77,481.45,,4249,2018-08-21 00:00:00,,,,,,,,
2018-08-20 00:00:00,687.00,786.50,6.22,87.54,876.76,502.59,455.43,501.57,690.97,526.48,59.61,974.37,214.56,16323.00,53.41,54.54,4106.13,54.71,94.82,133.14,122.94,87.17,274.82,482.46,,4250,2018-08-20 00:00:00,,,,,,,,
2018-08-17 00:00:00,689.00,784.37,6.22,87.77,877.00,500.78,454.26,501.50,691.72,524.25,59.48,970.17,213.19,16372.00,53.24,54.37,4127.36,54.87,95.04,133.25,122.93,84.60,275.65,481.39,,4251,2018-08-17 00:00:00,,,,,,,,
2018-08-16 00:00:00,689.00,782.85,6.24,87.84,876.34,499.47,452.86,500.31,695.05,525.34,59.39,972.89,211.49,16391.00,53.19,54.32,4141.84,55.18,95.19,133.39,122.51,86.85,277.86,482.40,,4252,2018-08-16 00:00:00,,,,,,,,
2018-08-15 00:00:00,689.00,781.36,6.19,87.72,876.28,498.63,452.76,499.87,693.15,527.81,59.42,964.25,207.17,16377.00,53.30,54.42,4128.53,55.03,95.36,132.73,122.11,92.52,274.06,483.17,,4253,2018-08-15 00:00:00,,,,,,,,
2018-08-14 00:00:00,687.00,783.95,6.21,87.51,877.49,499.79,452.16,499.66,692.21,523.72,59.54,983.76,209.69,16490.00,53.42,54.55,4118.39,54.88,95.06,132.64,121.67,101.12,278.40,485.07,,4254,2018-08-14 00:00:00,,,,,,,,
2018-08-13 00:00:00,686.00,782.86,6.21,87.43,876.97,501.03,452.53,500.09,690.92,522.57,59.48,995.66,207.05,16449.00,53.48,54.60,4128.77,54.90,95.18,133.08,121.81,97.37,276.98,485.02,,4255,2018-08-13 00:00:00,,,,,,,,
2018-08-10 00:00:00,684.00,788.26,6.16,87.13,877.30,504.22,451.79,499.99,688.10,524.40,59.55,974.76,200.17,16418.00,53.69,54.82,4067.53,54.28,94.58,131.73,121.62,81.15,273.49,485.84,,4256,2018-08-10 00:00:00,,,,,,,,
2018-08-09 00:00:00,683.00,793.23,6.16,87.04,879.97,507.62,457.79,501.25,687.97,524.80,59.62,959.47,196.21,16388.00,53.76,54.89,4026.86,53.76,93.97,131.03,120.27,77.59,270.29,486.00,,4257,2018-08-09 00:00:00,,,,,,,,
2018-08-08 00:00:00,683.00,792.77,6.14,87.03,884.32,507.25,460.28,501.04,686.45,523.28,59.65,929.56,195.09,16425.00,53.76,54.89,4035.91,53.71,94.02,130.40,120.00,76.96,270.12,486.04,,4258,2018-08-08 00:00:00,,,,,,,,
2018-08-07 00:00:00,684.00,791.26,6.15,87.18,886.07,505.64,460.59,500.27,687.15,526.54,59.59,930.08,196.31,16430.00,53.65,54.78,4044.53,53.80,94.19,130.55,120.49,77.07,270.80,486.94,,4259,2018-08-07 00:00:00,,,,,,,,
2018-08-06 00:00:00,685.00,792.57,6.16,87.30,891.55,507.03,462.32,501.57,689.47,526.97,59.51,924.91,194.60,16431.00,53.56,54.69,4035.70,53.71,94.00,130.13,120.43,74.40,270.77,485.32,,4260,2018-08-06 00:00:00,,,,,,,,
2018-08-03 00:00:00,683.00,792.10,6.12,87.04,889.99,503.27,460.62,499.62,686.95,525.30,59.62,925.91,196.64,16481.00,53.72,54.85,4052.69,53.96,94.07,129.97,120.48,74.41,272.65,486.84,,4261,2018-08-03 00:00:00,,,,,,,,
2018-08-02 00:00:00,679.00,792.50,6.09,86.57,891.79,503.13,461.58,498.95,685.14,522.75,59.84,925.64,194.55,16463.00,54.06,55.20,4047.86,53.77,94.04,129.59,120.33,73.45,273.59,487.53,,4262,2018-08-02 00:00:00,,,,,,,,
2018-08-01 00:00:00,683.00,798.64,6.11,87.01,896.35,507.03,465.05,501.57,689.96,524.91,59.48,918.18,193.84,16373.00,53.75,54.88,4012.29,53.50,93.27,128.68,119.38,71.90,273.00,486.75,,4263,2018-08-01 00:00:00,,,,,,,,
2018-07-31 00:00:00,682.00,797.99,6.14,86.85,895.42,504.95,465.30,500.86,689.93,523.29,59.53,913.30,192.91,16397.00,53.88,55.01,4029.37,53.49,93.32,128.40,119.29,71.68,271.85,488.56,,4264,2018-07-31 00:00:00,,,,,,,,
2018-07-30 00:00:00,681.00,794.86,6.14,86.81,893.81,504.59,463.33,500.61,685.77,521.91,59.56,921.23,193.41,16374.00,53.88,55.01,4057.14,53.90,93.70,129.55,120.10,71.23,273.14,489.44,,4265,2018-07-30 00:00:00,,,,,,,,
2018-07-27 00:00:00,679.00,791.09,6.11,86.58,890.79,501.52,461.07,498.27,683.77,519.95,59.74,926.22,194.85,16495.00,54.03,55.17,4088.61,54.19,94.13,129.65,120.42,71.65,274.25,491.68,,4266,2018-07-27 00:00:00,,,,,,,,
2018-07-26 00:00:00,677.00,794.03,6.10,86.25,892.97,504.40,462.94,498.32,682.74,518.99,59.89,928.29,193.76,16581.00,54.28,55.43,4096.47,54.12,93.85,129.34,120.17,70.94,276.01,490.88,,4267,2018-07-26 00:00:00,,,,,,,,
2018-07-25 00:00:00,680.00,795.33,6.12,86.72,895.08,505.54,463.03,499.14,684.99,517.54,59.71,931.74,195.06,16630.00,53.95,55.09,4097.78,54.10,93.68,129.59,120.16,71.71,277.12,490.37,,4268,2018-07-25 00:00:00,,,,,,,,
2018-07-24 00:00:00,679.00,793.87,6.10,86.51,889.77,501.16,460.63,497.41,683.95,515.53,59.81,927.05,198.16,16682.00,54.08,55.21,4108.41,54.49,93.82,130.48,120.69,69.74,278.62,492.00,,4269,2018-07-24 00:00:00,,,,,,,,
2018-07-23 00:00:00,676.00,793.26,6.08,86.11,888.38,501.93,460.47,496.59,682.13,515.15,59.92,937.26,198.36,16696.00,54.33,55.48,4101.34,54.48,93.95,130.96,120.79,70.69,281.50,492.89,,4270,2018-07-23 00:00:00,,,,,,,,
2018-07-20 00:00:00,677.00,787.59,6.02,86.21,881.02,497.87,456.42,494.19,677.33,510.24,60.02,939.93,200.08,16771.00,54.27,55.41,4138.80,55.04,94.52,131.62,121.59,71.06,281.30,493.69,,4271,2018-07-20 00:00:00,,,,,,,,
2018-07-19 00:00:00,671.00,780.90,5.95,85.45,876.95,496.25,455.65,491.32,671.58,509.40,60.50,938.99,197.98,16853.00,54.77,55.92,4150.14,55.17,95.42,132.13,121.82,71.53,281.80,496.61,,4272,2018-07-19 00:00:00,,,,,,,,
2018-07-18 00:00:00,669.00,780.04,5.93,85.25,877.27,494.19,453.60,490.38,669.22,507.03,60.44,935.37,198.32,16824.00,54.86,56.02,4144.78,55.05,95.53,132.08,121.79,71.72,282.11,497.19,,4273,2018-07-18 00:00:00,,,,,,,,
2018-07-17 00:00:00,668.00,782.39,5.95,85.14,884.36,495.35,453.03,490.66,670.38,508.65,60.51,932.19,197.88,16879.00,54.96,56.13,4127.68,54.99,95.26,131.98,121.28,72.59,281.84,497.77,,4274,2018-07-17 00:00:00,,,,,,,,
2018-07-16 00:00:00,668.00,780.16,5.94,85.06,883.72,495.66,451.77,489.34,666.52,507.74,60.59,935.27,198.57,16881.00,54.98,56.14,4140.75,55.27,95.52,133.02,121.53,72.62,282.92,498.48,,4275,2018-07-16 00:00:00,,,,,,,,
2018-07-13 00:00:00,667.00,778.33,5.92,85.02,879.18,494.36,451.85,489.18,665.34,506.84,60.52,933.49,199.57,16840.00,55.05,56.21,4171.77,55.51,95.80,132.99,121.58,72.99,284.31,498.24,,4276,2018-07-13 00:00:00,,,,,,,,
2018-07-12 00:00:00,667.00,779.73,5.97,85.02,882.53,492.27,451.45,489.93,671.33,505.96,60.40,933.15,202.88,16836.00,54.95,56.11,4167.86,55.59,95.51,131.90,121.29,73.17,285.28,498.43,,4277,2018-07-12 00:00:00,,,,,,,,
2018-07-11 00:00:00,662.00,776.87,5.97,84.39,878.21,491.45,451.46,487.38,667.27,503.94,60.76,932.42,201.62,16836.00,55.46,56.62,4168.37,55.59,95.96,132.14,121.27,71.14,286.79,501.36,,4278,2018-07-11 00:00:00,,,,,,,,
2018-07-10 00:00:00,663.00,779.05,5.97,84.42,878.05,495.09,453.74,488.67,668.39,505.32,60.74,943.95,202.41,16794.00,55.43,56.60,4155.95,55.33,95.68,131.58,121.02,71.17,289.52,499.57,,4279,2018-07-10 00:00:00,,,,,,,,
2018-07-09 00:00:00,664.00,779.86,6.01,84.59,882.48,493.42,453.56,489.22,670.98,506.97,60.83,949.43,202.83,16787.00,55.32,56.48,4144.81,55.81,95.55,131.41,120.91,68.97,287.24,499.19,,4280,2018-07-09 00:00:00,,,,,,,,
2018-07-06 00:00:00,663.00,775.58,6.00,84.53,877.19,490.16,450.87,486.17,667.94,505.11,60.95,952.23,204.19,16862.00,55.37,56.54,4172.00,56.10,96.08,132.18,121.50,69.37,289.98,500.39,,4281,2018-07-06 00:00:00,,,,,,,,
2018-07-05 00:00:00,662.00,771.72,5.99,84.37,875.55,488.43,447.41,484.89,666.91,503.67,61.12,956.54,206.75,16844.00,55.50,56.67,4214.86,56.80,96.56,132.68,122.56,70.58,293.65,500.74,,4282,2018-07-05 00:00:00,,,,,,,,
2018-07-04 00:00:00,666.00,776.65,6.03,84.90,878.97,491.86,450.00,487.98,671.50,506.91,60.75,948.91,205.45,16760.00,55.13,56.29,4213.63,56.60,95.93,132.58,122.14,70.17,292.56,497.84,,4283,2018-07-04 00:00:00,,,,,,,,
2018-07-03 00:00:00,665.00,774.12,6.00,84.75,874.19,488.11,446.22,485.84,669.73,504.40,60.72,953.32,208.01,16803.00,55.21,56.38,4259.76,56.79,96.23,134.74,122.82,69.37,300.39,498.10,,4284,2018-07-03 00:00:00,,,,,,,,
2018-07-02 00:00:00,662.00,772.43,5.98,84.31,873.69,489.54,448.23,485.58,668.18,503.41,60.99,951.03,207.32,16840.00,55.49,56.67,4259.02,56.49,96.45,135.37,123.25,69.43,299.01,499.27,,4285,2018-07-02 00:00:00,,,,,,,,
2018-06-29 00:00:00,662.00,765.15,5.99,84.31,865.51,486.33,447.04,483.86,663.50,499.47,61.08,948.94,208.22,16940.00,55.49,56.66,4289.43,56.98,97.37,136.47,123.73,69.39,298.26,500.54,,4286,2018-06-29 00:00:00,,,,,,,,
2018-06-28 00:00:00,660.00,763.89,6.00,84.04,866.97,485.30,448.76,483.44,663.02,495.70,60.97,955.27,209.66,16950.00,55.56,56.73,4285.42,56.92,97.50,135.76,123.87,69.93,304.87,499.60,,4287,2018-06-28 00:00:00,,,,,,,,
2018-06-27 00:00:00,656.00,764.41,5.96,83.54,867.60,485.03,449.59,481.55,662.23,493.33,61.29,959.82,206.22,17002.00,55.97,57.15,4265.15,56.73,97.47,135.28,123.87,70.33,303.67,502.76,,4288,2018-06-27 00:00:00,,,,,,,,
2018-06-26 00:00:00,652.00,763.23,5.95,83.06,866.05,483.51,449.39,478.93,660.87,490.65,61.61,961.15,207.75,17089.00,56.32,57.51,4266.52,56.93,97.63,135.64,124.22,71.84,305.37,504.69,,4289,2018-06-26 00:00:00,,,,,,,,
2018-06-25 00:00:00,649.00,756.66,5.91,82.71,860.86,482.50,448.60,477.73,657.03,488.68,61.69,970.75,206.76,17092.00,56.60,57.80,4288.58,57.12,98.50,136.51,124.75,71.01,308.78,506.99,,4290,2018-06-25 00:00:00,,,,,,,,
2018-06-22 00:00:00,648.00,752.06,5.89,82.61,858.61,477.99,445.13,477.28,653.78,486.65,61.92,981.57,209.51,17119.00,56.68,57.87,4338.05,57.55,99.09,137.16,125.37,73.02,313.79,507.15,,4291,2018-06-22 00:00:00,,,,,,,,
2018-06-21 00:00:00,647.00,748.97,5.86,82.49,852.42,476.87,444.03,476.31,649.53,486.22,61.89,982.87,211.06,17110.00,56.77,57.96,4321.37,57.63,99.50,137.28,126.41,73.32,314.88,507.01,,4292,2018-06-21 00:00:00,,,,,,,,
2018-06-20 00:00:00,646.00,749.85,5.88,82.28,852.39,478.03,446.63,477.18,650.90,487.34,61.83,984.73,212.42,17147.00,56.77,57.97,4298.96,57.49,99.37,137.43,126.48,73.27,317.29,505.57,,4293,2018-06-20 00:00:00,,,,,,,,
2018-06-19 00:00:00,642.00,746.68,5.82,81.84,850.84,476.04,444.97,475.27,645.54,486.39,62.24,984.84,212.40,17191.00,57.20,58.40,4336.88,57.64,99.79,137.29,126.52,73.26,319.86,508.21,,4294,2018-06-19 00:00:00,,,,,,,,
2018-06-15 00:00:00,643.00,743.79,5.81,81.93,852.28,479.98,447.68,477.78,644.95,490.45,62.00,975.33,209.15,16925.00,57.12,58.32,4337.36,57.60,100.15,136.02,126.50,73.76,323.86,501.61,,4295,2018-06-15 00:00:00,,,,,,,,
2018-06-14 00:00:00,640.00,754.59,5.80,81.51,855.55,483.92,449.00,478.95,649.28,492.76,62.47,977.69,208.25,16941.00,57.45,58.66,4251.28,56.70,98.77,134.64,125.32,72.90,323.23,502.44,,4296,2018-06-14 00:00:00,,,,,,,,
2018-06-13 00:00:00,642.00,753.51,5.81,81.76,857.77,485.82,449.45,479.68,649.92,492.88,62.20,983.99,207.52,16825.00,57.26,58.46,4241.62,56.83,98.86,134.70,125.45,71.55,322.81,500.35,,4297,2018-06-13 00:00:00,,,,,,,,
2018-06-12 00:00:00,641.00,754.23,5.81,81.72,857.18,487.43,449.67,479.85,649.93,493.58,62.19,979.42,205.32,16794.00,57.28,58.49,4255.02,56.55,98.75,135.23,125.61,70.54,321.01,500.09,,4298,2018-06-12 00:00:00,,,,,,,,
2018-06-11 00:00:00,641.00,754.46,5.85,81.65,858.90,486.53,450.02,479.71,650.30,493.68,62.23,974.36,204.52,16774.00,57.34,58.55,4239.79,56.71,98.73,135.94,125.71,69.89,317.60,500.50,,4299,2018-06-11 00:00:00,,,,,,,,
2018-06-08 00:00:00,640.00,754.96,5.84,81.58,858.90,487.69,449.48,479.77,652.77,493.28,62.17,975.26,202.55,16730.00,57.39,58.60,4221.02,56.66,98.65,135.96,125.91,70.01,319.02,500.10,,4300,2018-06-08 00:00:00,,,,,,,,
2018-06-07 00:00:00,639.00,753.16,5.80,81.46,857.73,489.91,449.76,479.71,648.24,493.73,62.17,967.50,198.91,16705.00,57.47,58.68,4222.17,56.66,98.88,136.53,126.33,71.35,317.92,499.22,,4301,2018-06-07 00:00:00,,,,,,,,
2018-06-06 00:00:00,640.00,750.72,5.83,81.61,858.48,488.38,450.16,479.90,650.60,494.72,62.03,969.51,199.19,16720.00,57.37,58.57,4245.41,57.00,99.14,136.61,126.55,71.75,318.67,498.69,,4302,2018-06-06 00:00:00,,,,,,,,
2018-06-05 00:00:00,642.00,750.58,5.84,81.76,854.25,490.86,451.14,480.05,649.26,496.30,61.91,967.84,195.85,16701.00,57.25,58.46,4247.59,56.93,99.16,136.50,126.55,71.49,312.72,498.87,,4303,2018-06-05 00:00:00,,,,,,,,
2018-06-04 00:00:00,642.00,748.90,5.86,81.84,857.34,485.96,448.22,479.60,649.44,495.36,61.98,969.04,197.36,16700.00,57.20,58.41,4269.38,57.44,99.39,137.38,127.47,72.39,310.58,498.78,,4304,2018-06-04 00:00:00,,,,,,,,
2018-06-01 00:00:00,641.00,749.61,5.89,81.67,851.73,484.82,449.10,478.87,650.71,495.11,62.12,973.60,198.14,16819.00,57.32,58.53,4266.31,57.60,99.31,137.51,127.58,70.70,310.60,500.03,,4305,2018-06-01 00:00:00,,,,,,,,
2018-05-31 00:00:00,641.00,748.14,5.90,81.75,852.10,485.67,447.91,479.01,648.90,497.83,62.15,968.21,195.33,16807.00,57.27,58.47,4273.24,57.61,99.49,137.35,127.64,69.69,308.58,499.48,,4306,2018-05-31 00:00:00,,,,,,,,
2018-05-30 00:00:00,642.00,740.74,5.92,81.84,851.01,481.03,442.69,476.95,647.90,492.90,62.04,979.25,197.63,16836.00,57.21,58.41,4330.96,58.52,100.46,139.70,129.14,71.03,308.69,499.58,,4307,2018-05-30 00:00:00,,,,,,,,
2018-05-29 00:00:00,640.00,744.25,5.85,81.61,852.10,483.12,444.27,476.66,644.37,492.75,62.21,973.67,194.53,16780.00,57.38,58.59,4281.21,57.79,100.07,137.87,127.96,71.59,306.02,499.76,,4308,2018-05-29 00:00:00,,,,,,,,
2018-05-28 00:00:00,640.00,747.53,5.83,81.53,851.14,483.49,442.76,476.82,644.40,492.90,62.25,972.91,195.33,16815.00,57.43,58.64,4266.78,57.65,99.64,136.64,127.43,73.61,305.47,498.86,,4309,2018-05-28 00:00:00,,,,,,,,
2018-05-25 00:00:00,639.00,748.30,5.84,81.39,854.39,483.59,442.53,476.43,644.06,495.65,62.31,964.41,194.60,16916.00,57.53,58.74,4265.55,57.59,99.55,137.22,126.87,74.52,306.61,501.76,,4310,2018-05-25 00:00:00,,,,,,,,
2018-05-24 00:00:00,638.00,747.17,5.81,81.32,853.17,482.85,441.91,475.38,641.77,497.22,62.41,960.63,195.22,16917.00,57.57,58.79,4260.84,57.61,99.72,137.12,126.69,71.66,307.91,502.77,,4311,2018-05-24 00:00:00,,,,,,,,
2018-05-23 00:00:00,638.00,751.30,5.75,81.24,856.62,483.08,442.41,476.13,642.54,497.43,62.24,961.01,197.21,16902.00,57.61,58.82,4231.14,57.04,99.15,136.23,126.35,74.50,310.09,502.43,,4312,2018-05-23 00:00:00,,,,,,,,
2018-05-22 00:00:00,638.00,752.02,5.75,81.29,856.64,483.46,443.21,476.17,639.89,499.14,62.33,965.71,198.68,16962.00,57.60,58.82,4226.44,57.06,99.04,136.02,126.21,71.80,311.10,504.11,,4313,2018-05-22 00:00:00,,,,,,,,
2018-05-21 00:00:00,639.00,750.70,5.76,81.34,859.93,479.96,440.87,475.04,639.43,495.53,62.21,976.40,200.08,16941.00,57.55,58.76,4239.92,57.30,99.20,137.27,127.21,70.47,311.92,504.26,,4314,2018-05-21 00:00:00,,,,,,,,
2018-05-18 00:00:00,638.00,751.88,5.75,81.23,861.42,478.54,438.90,474.82,636.52,496.68,62.28,975.83,197.72,16963.00,57.63,58.84,4219.19,57.16,99.05,137.09,127.51,70.01,310.01,503.46,,4315,2018-05-18 00:00:00,,,,,,,,
2018-05-17 00:00:00,637.00,752.20,5.77,81.12,862.22,478.70,439.36,475.16,636.27,498.07,62.32,969.05,195.38,16939.00,57.69,58.91,4201.35,56.82,99.02,136.58,126.76,69.57,307.50,502.75,,4316,2018-05-17 00:00:00,,,,,,,,
2018-05-16 00:00:00,637.00,753.52,5.78,81.21,860.29,476.02,437.29,473.81,636.57,494.95,62.13,977.51,197.47,16938.00,57.67,58.89,4200.70,57.03,98.82,136.42,127.48,69.92,308.93,504.05,,4317,2018-05-16 00:00:00,,,,,,,,
2018-05-15 00:00:00,635.00,757.11,5.79,80.88,860.63,477.67,438.82,474.95,634.43,495.81,62.27,975.25,194.24,16860.00,57.88,59.10,4165.60,56.43,98.37,136.10,126.57,68.62,308.68,502.62,,4318,2018-05-15 00:00:00,,,,,,,,
2018-05-14 00:00:00,633.00,757.03,5.79,80.70,858.14,478.15,441.11,474.33,633.28,495.49,62.52,977.43,193.76,16855.00,58.00,59.22,4168.11,56.35,98.44,135.62,126.21,68.15,305.69,503.54,,4319,2018-05-14 00:00:00,,,,,,,,
2018-05-11 00:00:00,635.00,756.85,5.80,80.93,858.47,478.01,442.33,474.61,633.11,497.37,62.20,971.83,193.80,16850.00,57.85,59.06,4152.61,56.19,98.47,136.17,125.98,66.73,303.13,503.53,,4320,2018-05-11 00:00:00,,,,,,,,
2018-05-10 00:00:00,638.00,755.57,5.81,81.24,863.86,475.55,442.19,473.21,634.29,496.20,61.95,990.74,196.95,16950.00,57.61,58.82,4173.99,56.42,98.60,136.56,126.70,67.23,307.06,504.47,,4321,2018-05-10 00:00:00,,,,,,,,
2018-05-09 00:00:00,637.00,756.01,5.84,81.19,863.49,474.52,443.83,475.27,636.20,492.09,61.95,992.75,197.50,16938.00,57.65,58.86,4165.64,56.62,98.53,138.28,127.62,68.19,307.16,501.71,,4322,2018-05-09 00:00:00,,,,,,,,
2018-05-08 00:00:00,637.00,759.32,5.84,81.12,863.50,478.44,446.85,476.58,635.00,494.00,61.95,988.06,196.95,16941.00,57.69,58.91,4142.39,56.11,98.09,138.75,126.67,67.02,305.40,500.09,,4323,2018-05-08 00:00:00,,,,,,,,
2018-05-07 00:00:00,636.00,760.47,5.83,81.01,860.75,478.64,446.33,476.69,635.72,494.72,61.94,983.34,196.76,16923.00,57.77,58.99,4125.39,55.84,97.98,138.61,126.70,66.75,303.02,499.22,,4324,2018-05-07 00:00:00,,,,,,,,
2018-05-04 00:00:00,635.00,761.37,5.82,80.92,861.83,478.22,447.10,477.24,636.62,494.18,61.93,991.91,198.42,16936.00,57.84,59.05,4122.33,56.04,97.86,138.71,126.76,66.52,300.09,498.10,,4325,2018-05-04 00:00:00,,,,,,,,
2018-05-03 00:00:00,637.00,761.49,5.80,81.20,864.74,477.22,445.83,476.75,637.64,494.64,61.75,1003.92,199.38,16912.00,57.66,58.87,4130.57,56.08,97.82,139.94,127.45,65.68,299.90,498.29,,4326,2018-05-03 00:00:00,,,,,,,,
2018-05-02 00:00:00,637.00,762.74,5.79,81.11,865.66,476.05,445.25,476.57,638.33,495.16,61.68,997.43,199.07,16881.00,57.74,58.96,4113.49,56.03,97.67,139.06,127.15,64.54,297.91,498.27,,4327,2018-05-02 00:00:00,,,,,,,,
2018-04-27 00:00:00,634.00,767.14,5.80,80.79,881.75,478.70,447.45,477.11,640.56,492.28,61.83,990.43,195.60,17026.00,57.97,59.19,4076.28,55.11,97.13,136.63,126.10,64.22,296.30,498.72,,4328,2018-04-27 00:00:00,,,,,,,,
2018-04-26 00:00:00,633.00,769.85,5.78,80.65,881.60,479.06,447.58,476.37,643.72,492.85,61.79,986.66,196.72,17087.00,58.06,59.28,4067.09,54.90,96.76,135.26,125.92,64.53,298.03,498.43,,4329,2018-04-26 00:00:00,,,,,,,,
2018-04-25 00:00:00,631.00,771.44,5.79,80.37,881.97,479.23,448.26,476.83,643.96,491.60,61.94,975.66,195.73,17074.00,58.26,59.49,4052.14,54.56,96.55,134.98,125.30,64.82,298.39,498.87,,4330,2018-04-25 00:00:00,,,,,,,,
2018-04-24 00:00:00,632.00,771.32,5.81,80.62,880.52,480.35,451.64,476.66,645.90,491.81,61.69,978.97,195.22,17046.00,58.14,59.37,4046.31,54.49,96.54,134.78,124.88,65.03,299.78,499.17,,4331,2018-04-24 00:00:00,,,,,,,,
2018-04-23 00:00:00,630.00,773.59,5.85,80.35,882.50,483.11,454.03,478.31,645.78,493.62,61.83,974.74,191.94,16985.00,58.31,59.53,4016.50,53.99,96.27,134.14,124.28,64.71,294.12,497.40,,4332,2018-04-23 00:00:00,,,,,,,,
2018-04-20 00:00:00,629.00,776.11,5.85,80.14,885.48,485.72,456.34,479.14,647.17,496.44,61.83,970.18,190.44,16979.00,58.43,59.66,3997.26,53.67,95.95,133.72,123.95,64.36,293.48,497.10,,4333,2018-04-20 00:00:00,,,,,,,,
2018-04-19 00:00:00,628.00,777.57,5.86,80.05,892.23,489.24,459.85,479.57,648.69,497.42,61.83,968.98,189.83,16991.00,58.47,59.70,3992.30,53.54,95.78,133.72,123.52,63.98,287.82,497.09,,4334,2018-04-19 00:00:00,,,,,,,,
2018-04-18 00:00:00,628.00,776.82,5.87,80.02,897.74,487.75,460.83,478.90,649.56,500.07,61.92,979.73,190.86,16976.00,58.48,59.71,3995.06,53.58,95.87,133.79,123.59,65.22,287.24,496.80,,4335,2018-04-18 00:00:00,,,,,,,,
2018-04-17 00:00:00,628.00,777.00,5.86,79.97,899.78,488.08,462.15,479.07,653.76,499.25,61.87,975.28,192.00,17059.00,58.53,59.76,3991.73,53.45,95.86,134.12,123.82,65.31,286.94,497.10,,4336,2018-04-17 00:00:00,,,,,,,,
2018-04-16 00:00:00,629.00,775.22,5.85,80.11,895.23,488.55,462.15,478.92,652.64,498.77,61.68,998.69,192.16,17037.00,58.43,59.65,4008.95,53.76,96.07,134.78,123.64,65.13,287.22,496.38,,4337,2018-04-16 00:00:00,,,,,,,,
2018-04-13 00:00:00,629.00,774.98,5.86,80.13,894.67,487.73,463.79,479.06,653.27,499.39,61.69,986.40,191.75,17020.00,58.44,59.66,4016.53,53.92,96.09,133.73,123.54,65.46,289.29,496.53,,4338,2018-04-13 00:00:00,,,,,,,,
2018-04-12 00:00:00,628.00,777.16,5.88,80.05,891.08,487.60,462.55,479.89,656.01,499.65,61.66,995.65,190.34,16983.00,58.47,59.70,4007.68,53.85,95.82,132.54,123.54,65.93,289.91,495.89,,4339,2018-04-12 00:00:00,,,,,,,,
2018-04-11 00:00:00,629.00,777.66,5.87,80.15,891.81,488.30,463.59,480.48,657.55,499.43,61.46,1001.42,191.43,16947.00,58.39,59.62,4003.40,53.87,95.77,131.95,123.95,65.41,290.29,496.21,,4340,2018-04-11 00:00:00,,,,,,,,
2018-04-10 00:00:00,631.00,777.31,5.91,80.35,891.41,485.50,461.02,480.94,659.71,496.51,61.31,961.75,191.67,16959.00,58.23,59.46,4006.41,53.94,95.80,132.50,123.44,64.65,290.98,495.49,,4341,2018-04-10 00:00:00,,,,,,,,
2018-04-09 00:00:00,631.00,774.12,5.90,80.41,889.15,484.74,459.27,479.34,657.74,493.97,61.34,921.17,190.64,16943.00,58.20,59.42,4030.93,54.22,96.17,132.97,124.21,64.15,289.98,495.38,,4342,2018-04-09 00:00:00,,,,,,,,
2018-04-04 00:00:00,629.00,772.06,5.91,80.17,884.83,483.38,456.87,479.71,656.27,491.52,61.42,915.15,187.94,16776.00,58.37,59.60,4039.21,54.31,96.49,133.40,124.54,63.43,289.59,495.76,,4343,2018-04-04 00:00:00,,,,,,,,
2018-04-03 00:00:00,628.00,772.74,5.94,80.06,882.77,481.47,453.00,478.68,658.01,486.50,61.47,913.58,188.65,16832.00,58.46,59.69,4044.27,54.47,96.39,133.62,125.59,63.33,290.26,497.08,,4344,2018-04-03 00:00:00,,,,,,,,
2018-04-02 00:00:00,628.00,772.99,5.90,79.97,880.87,482.42,453.96,478.68,657.54,486.77,61.56,910.65,188.45,16910.00,58.52,59.75,4041.53,54.51,96.43,133.04,125.15,63.02,289.95,496.90,,4345,2018-04-02 00:00:00,,,,,,,,
2018-03-30 00:00:00,629.00,773.78,5.91,80.13,881.91,483.25,454.56,479.50,657.80,487.88,61.50,910.61,188.27,16944.00,58.41,59.64,4037.69,54.41,96.38,132.95,124.66,62.74,289.16,496.97,,4346,2018-03-30 00:00:00,,,,,,,,
2018-03-29 00:00:00,630.00,775.98,5.90,80.35,887.47,482.70,454.12,480.00,658.99,488.00,61.34,916.48,186.67,16954.00,58.26,59.48,4025.00,54.18,96.01,132.53,124.68,63.65,290.45,496.18,,4347,2018-03-29 00:00:00,,,,,,,,
2018-03-28 00:00:00,628.00,779.10,5.96,80.02,890.15,482.32,456.24,479.29,663.50,487.45,61.68,913.30,185.62,17096.00,58.50,59.73,4015.73,54.07,95.64,131.09,122.86,63.39,292.94,497.19,,4348,2018-03-28 00:00:00,,,,,,,,
2018-03-27 00:00:00,628.00,782.18,5.95,80.05,893.89,486.54,458.24,479.94,664.46,488.85,61.97,912.22,185.42,17163.00,58.49,59.72,4000.29,53.98,95.17,130.34,122.20,63.16,291.99,495.86,,4349,2018-03-27 00:00:00,,,,,,,,
2018-03-26 00:00:00,632.00,781.36,6.03,80.52,894.35,487.41,457.95,480.77,667.47,490.77,61.97,904.85,185.08,17116.00,58.12,59.34,4003.69,54.17,95.34,130.41,122.67,63.01,292.79,493.76,,4350,2018-03-26 00:00:00,,,,,,,,
2018-03-23 00:00:00,633.00,779.75,6.04,80.62,892.92,487.06,456.81,480.75,668.59,489.35,61.85,905.95,187.84,17021.00,58.05,59.27,4002.31,54.17,95.51,130.25,122.35,62.94,295.21,494.14,,4351,2018-03-23 00:00:00,,,,,,,,
2018-03-22 00:00:00,632.00,780.20,5.96,80.51,893.47,490.95,456.62,481.47,666.01,489.79,62.02,899.96,187.07,16911.00,58.15,59.36,3991.38,54.17,95.49,129.59,121.67,61.87,292.05,493.29,,4352,2018-03-22 00:00:00,,,,,,,,
2018-03-21 00:00:00,634.00,776.53,5.95,80.81,887.82,487.53,455.16,480.53,663.22,484.97,61.81,907.88,188.77,16897.00,57.94,59.16,4011.13,54.46,95.92,129.61,122.10,62.04,295.90,492.24,,4353,2018-03-21 00:00:00,,,,,,,,
2018-03-20 00:00:00,632.00,780.38,5.97,80.64,887.03,487.32,457.59,480.39,665.05,483.40,61.90,913.27,190.12,16945.00,58.07,59.29,3988.40,54.12,95.45,129.10,122.09,62.32,295.89,493.29,,4354,2018-03-20 00:00:00,,,,,,,,
2018-03-19 00:00:00,633.00,777.64,5.98,80.73,882.77,488.63,457.43,480.39,664.53,483.56,61.74,907.87,189.09,16887.00,58.01,59.23,3999.78,54.25,95.78,129.43,122.00,61.92,295.29,492.92,,4355,2018-03-19 00:00:00,,,,,,,,
2018-03-16 00:00:00,633.00,779.26,5.96,80.77,882.45,493.38,460.36,481.68,665.63,485.29,61.89,908.35,187.80,16887.00,58.00,59.22,3992.34,54.06,95.55,129.19,121.81,61.52,295.24,493.05,,4356,2018-03-16 00:00:00,,,,,,,,
2018-03-15 00:00:00,631.00,781.31,5.94,80.53,881.91,497.44,461.82,482.36,668.39,487.37,61.83,904.55,186.46,16854.00,58.17,59.40,3984.93,53.78,95.35,129.57,122.39,61.47,294.46,493.35,,4357,2018-03-15 00:00:00,,,,,,,,
2018-03-14 00:00:00,632.00,783.25,5.94,80.61,883.12,496.65,463.20,481.94,669.85,487.67,61.64,902.94,186.62,16879.00,58.11,59.33,3979.36,53.78,95.09,129.97,122.40,61.25,294.30,493.88,,4358,2018-03-14 00:00:00,,,,,,,,
2018-03-13 00:00:00,632.00,780.02,5.95,80.64,879.06,497.62,461.57,481.69,667.29,492.21,61.74,899.13,187.02,16847.00,58.10,59.33,3998.11,53.90,95.50,130.33,122.49,60.81,294.03,494.96,,4359,2018-03-13 00:00:00,,,,,,,,
2018-03-12 00:00:00,633.00,779.56,5.92,80.80,877.39,497.73,462.54,481.16,665.91,494.16,61.70,895.59,186.68,16846.00,57.99,59.22,3996.46,53.76,95.57,130.20,122.83,60.17,294.04,494.52,,4360,2018-03-12 00:00:00,,,,,,,,
2018-03-09 00:00:00,635.00,780.89,5.96,80.92,876.03,494.11,460.64,481.56,666.97,492.02,61.60,899.52,187.66,16875.00,57.89,59.11,3992.60,53.84,95.37,130.30,123.58,60.26,293.61,494.36,,4361,2018-03-09 00:00:00,,,,,,,,
2018-03-08 00:00:00,632.00,784.92,5.96,80.72,879.14,494.78,460.56,481.15,670.27,489.93,61.71,898.46,187.17,16888.00,58.08,59.30,3979.04,53.65,94.93,130.07,123.47,60.16,295.83,495.33,,4362,2018-03-08 00:00:00,,,,,,,,
2018-03-07 00:00:00,633.00,785.93,5.99,80.80,879.68,492.75,460.90,480.11,674.52,489.77,61.61,899.49,186.93,16898.00,58.03,59.25,3981.01,53.29,94.79,129.74,122.86,60.01,297.87,495.29,,4363,2018-03-07 00:00:00,,,,,,,,
2018-03-06 00:00:00,634.00,782.11,5.97,80.93,877.89,492.56,458.15,480.92,674.34,488.49,61.56,889.39,186.67,17011.00,57.94,59.17,4017.92,53.57,95.26,130.34,123.34,60.12,296.39,495.46,,4364,2018-03-06 00:00:00,,,,,,,,
2018-03-05 00:00:00,634.00,781.03,6.01,80.99,874.62,491.92,458.72,480.70,676.73,491.95,61.47,895.36,188.04,17018.00,57.90,59.12,4014.49,53.62,95.31,130.07,122.73,60.07,296.91,495.42,,4365,2018-03-05 00:00:00,,,,,,,,
2018-03-02 00:00:00,633.00,777.02,5.97,80.91,872.32,491.46,459.74,478.95,672.71,493.55,61.94,895.23,187.30,17069.00,57.99,59.21,4035.09,53.91,95.85,130.21,123.79,60.15,297.62,496.55,,4366,2018-03-02 00:00:00,,,,,,,,
2018-03-01 00:00:00,634.00,772.29,5.94,80.94,871.25,491.55,456.35,477.93,670.69,493.63,61.84,889.71,186.21,17128.00,57.98,59.20,4063.57,54.07,96.41,130.90,124.72,60.02,297.32,497.15,,4367,2018-03-01 00:00:00,,,,,,,,
2018-02-28 00:00:00,633.00,773.55,5.89,80.86,879.39,492.93,457.53,477.40,673.33,495.16,61.84,890.51,185.25,17048.00,58.10,59.33,4060.30,53.94,96.24,130.03,124.44,60.35,298.00,497.84,,4368,2018-02-28 00:00:00,,,,,,,,
2018-02-27 00:00:00,631.00,777.56,5.90,80.71,881.33,495.57,460.28,479.43,672.62,497.58,61.80,881.41,183.17,16976.00,58.18,59.41,4034.80,53.65,95.81,129.21,123.94,59.99,295.82,495.73,,4369,2018-02-27 00:00:00,,,,,,,,
2018-02-26 00:00:00,634.00,778.92,5.92,81.01,885.34,496.74,461.67,479.93,676.67,501.19,61.79,887.42,182.59,16991.00,57.96,59.18,4018.90,53.60,95.62,129.05,123.90,59.78,292.90,495.87,,4370,2018-02-26 00:00:00,,,,,,,,
2018-02-23 00:00:00,635.00,782.76,5.95,81.14,885.95,497.62,465.28,481.37,680.67,499.61,61.63,890.24,183.54,17026.00,57.86,59.07,3996.44,53.43,95.15,127.88,123.66,59.61,293.23,495.81,,4371,2018-02-23 00:00:00,,,,,,,,
2018-02-22 00:00:00,635.00,779.66,5.90,81.19,883.70,495.46,464.65,479.55,676.61,500.33,61.48,893.73,183.80,16979.00,57.82,59.04,4005.48,53.51,95.47,127.86,123.88,59.73,296.45,497.09,,4372,2018-02-22 00:00:00,,,,,,,,
2018-02-14 00:00:00,634.00,783.43,5.89,81.09,880.68,498.61,461.62,479.49,678.21,503.81,62.05,908.96,188.63,17105.00,57.91,59.13,3981.81,53.18,95.10,126.57,124.09,60.04,293.97,496.33,,4373,2018-02-14 00:00:00,,,,,,,,
2018-02-13 00:00:00,632.00,777.40,5.82,80.88,875.69,496.84,459.19,478.00,673.60,502.74,62.25,914.26,188.32,17140.00,58.07,59.30,4010.29,53.60,95.77,127.44,125.09,60.05,294.10,499.96,,4374,2018-02-13 00:00:00,,,,,,,,
2018-02-12 00:00:00,630.00,771.83,5.79,80.57,870.42,492.32,456.32,474.27,670.25,500.03,62.51,926.30,190.87,17220.00,58.31,59.54,4045.79,54.24,96.49,128.50,126.64,60.61,297.22,503.10,,4375,2018-02-12 00:00:00,,,,,,,,
2018-02-09 00:00:00,632.00,774.47,5.82,80.82,880.57,491.94,456.48,474.71,675.52,502.04,62.14,922.67,192.26,17272.00,58.12,59.34,4017.64,54.11,96.08,128.29,125.26,60.52,298.68,504.06,,4376,2018-02-09 00:00:00,,,,,,,,
2018-02-08 00:00:00,628.00,770.07,5.74,80.36,870.83,490.94,453.16,473.56,665.56,499.44,62.29,920.14,192.23,17309.00,58.52,59.75,4032.38,54.15,96.66,128.80,125.98,60.62,299.32,504.29,,4377,2018-02-08 00:00:00,,,,,,,,
2018-02-07 00:00:00,629.00,777.84,5.73,80.42,876.48,495.81,460.49,476.27,671.17,502.28,62.26,905.36,190.03,17250.00,58.48,59.71,3983.32,53.45,95.71,126.54,124.38,60.01,296.46,501.78,,4378,2018-02-07 00:00:00,,,,,,,,
2018-02-06 00:00:00,631.00,780.35,5.77,80.65,880.04,497.02,458.75,476.82,676.38,503.17,61.88,909.75,192.12,17338.00,58.28,59.50,3975.61,53.31,95.40,126.46,124.24,60.03,298.30,501.91,,4379,2018-02-06 00:00:00,,,,,,,,
2018-02-05 00:00:00,630.00,783.53,5.72,80.57,887.56,497.93,458.92,476.60,676.13,506.36,61.74,898.27,191.50,17271.00,58.35,59.57,3951.76,53.20,94.97,125.60,123.00,59.94,296.31,499.57,,4380,2018-02-05 00:00:00,,,,,,,,
2018-02-02 00:00:00,629.00,786.41,5.75,80.41,896.61,505.09,464.77,480.55,678.59,512.48,61.88,889.04,188.51,17044.00,58.43,59.67,3932.52,52.89,94.70,124.80,121.61,59.42,291.73,,,4381,2018-02-02 00:00:00,,,,,,,,
2018-02-01 00:00:00,630.00,782.18,5.77,80.60,894.45,507.67,464.30,480.07,676.19,511.75,61.92,892.31,188.22,16978.00,58.32,59.55,3963.49,53.09,95.16,125.13,122.45,59.65,295.26,,,4382,2018-02-01 00:00:00,,,,,,,,
2018-01-31 00:00:00,633.00,785.53,5.82,80.99,896.00,512.19,464.91,482.72,677.59,513.32,61.49,890.51,189.15,16946.00,57.99,59.21,3956.87,52.94,94.75,124.58,121.94,59.65,296.35,,,4383,2018-01-31 00:00:00,,,,,,,,
2018-01-30 00:00:00,633.00,783.63,5.81,80.99,890.71,512.45,463.53,483.08,675.20,513.12,61.36,888.83,188.75,16885.00,58.03,59.25,3954.67,52.91,94.96,124.56,121.81,59.88,294.02,,,4384,2018-01-30 00:00:00,,,,,,,,
2018-01-29 00:00:00,633.00,786.03,5.82,80.92,895.05,513.12,465.22,483.82,677.36,513.54,61.17,888.87,187.51,16820.00,58.05,59.28,3933.29,52.63,94.72,124.44,121.52,59.30,292.25,,,4385,2018-01-29 00:00:00,,,,,,,,
2018-01-26 00:00:00,634.00,786.21,5.79,81.15,897.59,509.19,463.95,483.58,673.66,512.38,61.28,883.19,187.94,16798.00,57.91,59.14,3932.89,52.71,94.71,124.98,122.11,59.30,293.42,,,4386,2018-01-26 00:00:00,,,,,,,,
2018-01-25 00:00:00,637.00,789.96,5.83,81.51,906.61,512.86,467.31,486.92,673.52,515.90,61.25,882.90,186.53,16757.00,57.65,58.86,3916.86,52.61,94.29,124.53,121.75,58.78,290.83,,,4387,2018-01-25 00:00:00,,,,,,,,
2018-01-24 00:00:00,639.00,786.30,5.80,81.75,895.15,511.17,470.09,485.35,667.59,514.61,61.38,881.40,188.23,16759.00,57.47,58.68,3932.78,53.00,94.68,125.27,122.38,58.95,292.51,,,4388,2018-01-24 00:00:00,,,,,,,,
2018-01-23 00:00:00,640.00,784.76,5.77,81.86,895.07,512.68,468.67,485.10,665.34,514.01,61.43,882.53,188.35,16699.00,57.38,58.59,3944.93,53.11,94.87,125.39,122.76,59.01,292.15,,,4389,2018-01-23 00:00:00,,,,,,,,
2018-01-22 00:00:00,641.00,785.29,5.79,82.01,889.84,512.52,466.64,485.40,666.24,513.21,61.40,884.26,188.24,16656.00,57.30,58.50,3936.06,53.20,94.80,125.28,122.55,59.74,290.40,,,4390,2018-01-22 00:00:00,,,,,,,,
2018-01-19 00:00:00,642.00,785.74,5.78,82.07,891.68,514.00,468.57,486.09,669.45,517.42,61.48,880.97,188.94,16671.00,57.24,58.45,3923.78,52.96,94.77,124.87,122.20,58.77,289.86,,,4391,2018-01-19 00:00:00,,,,,,,,
2018-01-18 00:00:00,644.00,784.82,5.79,82.40,890.17,513.02,467.79,485.46,667.31,517.47,61.40,883.52,191.28,16595.00,57.03,58.23,3931.06,53.09,94.87,125.01,122.40,59.30,290.71,,,4392,2018-01-18 00:00:00,,,,,,,,
2018-01-17 00:00:00,643.00,789.33,5.83,82.23,887.64,512.75,467.72,487.26,670.65,517.54,61.38,877.81,190.66,16532.00,57.09,58.29,3909.04,52.86,94.36,124.88,122.33,59.05,291.63,,,4393,2018-01-17 00:00:00,,,,,,,,
2018-01-16 00:00:00,644.00,789.57,5.82,82.27,887.81,512.42,469.38,486.67,668.16,517.96,61.49,875.84,191.20,16526.00,57.09,58.30,3910.68,52.88,94.35,124.54,122.46,59.08,293.19,,,4394,2018-01-16 00:00:00,,,,,,,,
2018-01-15 00:00:00,646.00,787.17,5.81,82.54,886.21,510.62,468.00,487.04,666.42,518.15,61.45,877.38,191.70,16448.00,56.94,58.14,3925.40,53.04,94.69,124.67,122.81,58.22,294.50,,,4395,2018-01-15 00:00:00,,,,,,,,
2018-01-12 00:00:00,649.00,782.31,5.84,83.00,879.48,512.34,471.93,488.74,665.65,518.56,61.35,870.43,190.72,16429.00,56.57,57.76,3947.92,53.29,95.23,125.17,123.31,58.12,296.18,,,4396,2018-01-12 00:00:00,,,,,,,,
2018-01-11 00:00:00,651.00,778.82,5.85,83.27,880.27,511.12,469.23,488.36,666.14,519.65,61.47,876.14,190.85,16434.00,56.38,57.57,3972.09,53.61,95.62,125.78,123.90,58.34,296.12,,,4397,2018-01-11 00:00:00,,,,,,,,
2018-01-10 00:00:00,652.00,777.70,5.79,83.38,882.48,509.67,466.06,488.10,662.76,522.86,61.51,871.65,189.34,16410.00,56.33,57.52,3977.25,53.87,95.70,126.27,124.40,57.83,295.10,,,4398,2018-01-10 00:00:00,,,,,,,,
2018-01-09 00:00:00,650.00,777.46,5.74,83.05,881.49,509.50,466.16,487.59,664.63,522.97,61.54,878.90,190.63,16432.00,56.54,57.73,3973.84,53.66,95.78,126.30,124.32,57.64,295.59,,,4399,2018-01-09 00:00:00,,,,,,,,
2018-01-08 00:00:00,648.00,780.58,5.73,82.91,880.08,509.79,464.67,488.71,664.97,522.97,61.61,878.19,190.11,16379.00,56.65,57.85,3951.40,53.22,95.41,125.63,124.11,57.61,295.91,,,4400,2018-01-08 00:00:00,,,,,,,,
2018-01-05 00:00:00,649.00,783.65,5.76,83.03,879.79,510.56,464.71,489.13,666.23,519.93,61.67,878.06,189.45,16359.00,56.58,57.77,3932.42,52.94,95.02,125.28,124.24,57.75,297.40,,,4401,2018-01-05 00:00:00,,,,,,,,
2018-01-04 00:00:00,650.00,780.96,5.77,83.20,878.75,509.01,460.84,488.89,665.57,518.65,61.72,879.22,190.12,16374.00,56.47,57.66,3951.06,53.10,95.31,125.76,124.65,58.15,297.69,,,4402,2018-01-04 00:00:00,,,,,,,,
2018-01-03 00:00:00,649.00,783.26,5.78,83.06,882.69,508.47,460.85,488.49,668.22,519.09,61.93,885.25,191.63,16364.00,56.58,57.77,3948.46,53.15,95.05,125.70,125.12,58.03,300.78,,,4403,2018-01-03 00:00:00,,,,,,,,
2018-01-02 00:00:00,651.00,781.98,5.77,83.23,879.63,507.87,461.69,487.00,667.98,518.42,62.14,886.33,190.25,16383.00,56.44,57.63,3970.45,53.41,95.21,125.70,125.87,58.24,302.11,,,4404,2018-01-02 00:00:00,,,,,,,,
2017-12-29 00:00:00,653.00,780.23,5.79,83.59,877.92,509.28,463.27,488.31,667.79,520.09,62.22,881.40,189.50,16369.00,56.21,57.40,3973.00,53.58,95.43,126.24,126.24,57.83,301.65,,,4405,2017-12-29 00:00:00,,,,,,,,
2017-12-28 00:00:00,654.00,778.37,5.78,83.73,877.08,508.63,462.59,488.20,663.71,517.01,62.39,881.79,187.47,16402.00,56.14,57.33,3985.21,53.83,95.65,126.38,126.33,58.34,301.42,,,4406,2017-12-28 00:00:00,,,,,,,,
2017-12-27 00:00:00,654.00,775.80,5.78,83.73,874.86,505.62,460.02,486.98,661.06,515.64,62.41,881.26,191.08,16439.00,56.14,57.32,4017.33,54.13,95.97,127.65,127.02,58.21,303.67,,,4407,2017-12-27 00:00:00,,,,,,,,
2017-12-26 00:00:00,654.00,776.56,5.77,83.75,874.80,505.02,459.59,486.72,661.65,513.97,62.33,887.43,192.73,16478.00,56.14,57.33,4013.36,54.02,95.86,127.35,127.15,58.17,301.84,,,4408,2017-12-26 00:00:00,,,,,,,,
2017-12-25 00:00:00,657.00,778.72,5.80,84.00,877.94,506.66,460.60,488.79,663.96,516.27,62.08,887.83,192.05,16415.00,55.91,57.10,3995.94,53.89,95.60,126.98,126.75,58.03,300.45,,,4409,2017-12-25 00:00:00,,,,,,,,
2017-12-22 00:00:00,658.00,780.41,5.81,84.15,880.83,507.20,461.80,489.57,665.92,516.67,61.95,887.94,193.83,16429.00,55.79,56.98,3997.99,53.77,95.35,127.35,127.11,58.05,295.85,,,4410,2017-12-22 00:00:00,,,,,,,,
2017-12-21 00:00:00,658.00,781.49,5.81,84.12,879.71,504.49,461.05,489.60,666.97,512.83,61.87,892.76,193.58,16430.00,55.82,56.99,4004.56,53.82,95.28,127.62,127.79,58.07,292.35,,,4411,2017-12-21 00:00:00,,,,,,,,
2017-12-20 00:00:00,661.00,782.26,5.85,84.50,884.52,506.07,460.84,490.53,670.61,513.24,61.76,889.67,192.65,16427.00,55.59,56.77,4000.03,53.72,95.15,127.14,126.42,58.03,290.77,,,4412,2017-12-20 00:00:00,,,,,,,,
2017-12-19 00:00:00,661.00,778.80,5.87,84.56,884.43,506.63,462.42,490.32,670.60,513.69,61.75,887.50,192.58,16447.00,55.57,56.74,4022.72,54.01,95.57,127.63,126.48,57.94,288.63,,,4413,2017-12-19 00:00:00,,,,,,,,
2017-12-18 00:00:00,662.00,777.07,5.87,84.69,881.09,505.95,463.13,490.30,667.64,514.03,61.68,889.31,197.82,16469.00,55.52,56.69,4041.38,54.19,95.79,128.60,126.79,58.32,288.99,,,4414,2017-12-18 00:00:00,,,,,,,,
2017-12-15 00:00:00,661.00,778.38,5.88,84.65,887.84,506.70,461.90,491.09,668.43,516.62,61.74,889.52,204.21,16471.00,55.56,56.73,4038.00,54.26,95.64,127.68,125.50,58.80,289.15,,,4415,2017-12-15 00:00:00,,,,,,,,
2017-12-14 00:00:00,660.00,781.92,5.86,84.61,885.85,504.41,463.21,490.52,670.01,515.14,61.83,886.40,203.91,16448.00,55.63,56.80,4026.32,54.01,95.25,127.34,125.88,57.79,288.16,,,4416,2017-12-14 00:00:00,,,,,,,,
2017-12-13 00:00:00,663.00,777.79,5.83,84.87,882.25,500.80,459.67,489.74,668.17,514.70,61.56,894.51,206.35,16492.00,55.44,56.61,4034.29,54.10,95.67,127.10,125.93,58.06,289.48,,,4417,2017-12-13 00:00:00,,,,,,,,
2017-12-12 00:00:00,662.00,779.14,5.83,84.73,882.97,498.11,457.08,489.69,667.31,514.67,61.59,890.95,205.69,16465.00,55.52,56.68,4036.57,53.91,95.53,128.48,126.61,57.95,288.01,,,4418,2017-12-12 00:00:00,,,,,,,,
2017-12-11 00:00:00,662.00,778.70,5.83,84.72,885.88,496.65,452.80,489.10,666.30,514.36,61.75,893.25,206.76,16510.00,55.52,56.69,4029.52,53.90,95.57,127.87,125.46,58.02,286.47,,,4419,2017-12-11 00:00:00,,,,,,,,
2017-12-08 00:00:00,662.00,779.41,5.85,84.80,891.99,497.25,452.08,489.85,665.67,514.99,61.72,894.90,207.37,16520.00,55.46,56.64,4038.74,54.00,95.48,128.18,125.59,58.35,286.38,,,4420,2017-12-08 00:00:00,,,,,,,,
2017-12-07 00:00:00,662.00,781.21,5.89,84.73,885.98,500.65,455.40,490.64,668.85,517.59,61.58,894.28,204.41,16524.00,55.48,56.66,4021.61,53.92,95.24,127.26,124.89,58.16,285.00,,,4421,2017-12-07 00:00:00,,,,,,,,
2017-12-06 00:00:00,662.00,782.36,5.88,84.67,887.68,502.77,454.90,490.98,669.89,521.22,61.44,888.33,203.31,16424.00,55.51,56.68,4013.38,53.80,95.10,126.43,124.85,58.07,283.65,,,4422,2017-12-06 00:00:00,,,,,,,,
2017-12-05 00:00:00,661.00,784.60,5.88,84.57,890.82,502.84,454.30,490.81,671.40,521.44,61.39,888.92,204.56,16443.00,55.55,56.73,3997.89,53.63,94.85,127.36,125.85,58.61,281.50,,,4423,2017-12-05 00:00:00,,,,,,,,
2017-12-04 00:00:00,661.00,784.62,5.86,84.62,892.61,501.90,453.59,490.32,674.34,520.21,61.88,890.61,208.24,16424.00,55.56,56.74,3998.26,53.62,94.84,126.69,125.45,59.33,282.22,,,4424,2017-12-04 00:00:00,,,,,,,,
2017-12-01 00:00:00,661.00,786.21,5.87,84.59,893.80,499.46,451.13,489.84,671.60,512.35,61.90,884.69,207.76,16460.00,55.59,56.76,3981.48,53.46,94.65,126.86,125.93,59.30,282.24,,,4425,2017-12-01 00:00:00,,,,,,,,
2017-11-30 00:00:00,660.00,782.52,5.89,84.58,885.67,499.81,453.03,490.10,670.72,513.26,61.82,887.51,206.94,16346.00,55.62,56.80,3986.81,53.70,95.11,126.74,124.95,59.93,281.15,,,4426,2017-11-30 00:00:00,,,,,,,,
2017-11-29 00:00:00,660.00,782.10,5.92,84.60,881.79,501.68,455.10,490.49,670.89,515.17,62.14,884.28,207.04,16415.00,55.64,56.82,3973.17,53.73,95.16,126.39,124.76,60.06,280.78,,,4427,2017-11-29 00:00:00,,,,,,,,
2017-11-28 00:00:00,659.00,784.81,5.94,84.53,878.53,501.55,456.22,489.85,672.07,516.83,62.40,886.44,208.57,16523.00,55.70,56.87,3960.02,53.63,94.81,125.72,123.52,59.25,281.72,,,4428,2017-11-28 00:00:00,,,,,,,,
2017-11-27 00:00:00,659.00,785.34,5.90,84.38,877.99,501.37,452.74,489.20,672.01,518.24,62.46,885.65,213.43,16479.00,55.76,56.93,3970.95,53.60,94.74,125.75,123.51,59.95,281.77,,,4429,2017-11-27 00:00:00,,,,,,,,
2017-11-24 00:00:00,658.00,779.89,5.91,84.27,875.60,501.72,453.29,489.14,670.45,517.61,62.41,888.24,210.93,16490.00,55.81,56.99,4006.30,53.98,95.44,126.06,123.59,59.60,282.99,,,4430,2017-11-24 00:00:00,,,,,,,,
2017-11-23 00:00:00,660.00,780.35,5.94,84.52,879.34,502.69,453.99,490.24,672.16,519.68,62.19,884.62,209.49,16452.00,55.64,56.81,4015.38,54.01,95.39,126.34,123.53,59.35,282.47,,,4431,2017-11-23 00:00:00,,,,,,,,
2017-11-22 00:00:00,663.00,778.36,5.90,84.87,878.04,502.66,453.56,489.67,668.99,518.73,62.35,891.83,210.85,16472.00,55.40,56.57,4025.22,54.21,95.62,127.16,123.92,59.75,283.83,,,4432,2017-11-22 00:00:00,,,,,,,,
2017-11-21 00:00:00,664.00,778.72,5.89,84.95,878.50,501.04,452.09,488.92,668.01,517.86,62.53,894.93,211.72,16536.00,55.35,56.52,4011.42,54.31,95.54,127.83,124.99,59.18,286.24,,,4433,2017-11-21 00:00:00,,,,,,,,
2017-11-20 00:00:00,663.00,778.21,5.91,84.83,875.44,500.77,450.94,488.59,670.05,518.43,62.74,892.39,211.06,16527.00,55.43,56.60,4006.18,54.38,95.62,127.47,124.64,58.36,285.81,,,4434,2017-11-20 00:00:00,,,,,,,,
2017-11-17 00:00:00,663.00,780.28,5.86,84.87,874.68,502.79,454.23,488.71,666.85,519.66,62.98,900.24,213.55,16556.00,55.42,56.59,3996.54,54.33,95.38,126.77,123.93,58.30,287.47,,,4435,2017-11-17 00:00:00,,,,,,,,
2017-11-16 00:00:00,663.00,780.76,5.87,84.90,873.20,503.15,455.39,488.42,670.39,519.36,62.99,908.07,217.30,16720.00,55.41,56.58,3996.77,54.33,95.33,127.28,124.37,58.57,290.24,,,4436,2017-11-16 00:00:00,,,,,,,,
2017-11-15 00:00:00,663.00,781.85,5.85,84.91,872.43,505.46,455.80,487.83,669.79,520.51,63.20,910.11,216.78,16838.00,55.41,56.58,3988.54,54.36,95.18,126.72,123.45,58.69,289.08,,,4437,2017-11-15 00:00:00,,,,,,,,
2017-11-14 00:00:00,664.00,774.47,5.84,85.12,870.93,505.84,458.00,487.53,666.33,521.29,63.11,894.48,217.93,16868.00,55.31,56.48,4023.37,54.68,96.05,126.31,123.04,58.28,287.89,,,4438,2017-11-14 00:00:00,,,,,,,,
2017-11-13 00:00:00,663.00,773.33,5.84,85.03,872.03,507.43,459.27,487.56,665.84,522.80,63.18,892.93,216.91,16864.00,55.36,56.53,4028.47,54.62,96.19,125.99,122.67,58.24,287.94,,,4439,2017-11-13 00:00:00,,,,,,,,
2017-11-10 00:00:00,663.00,771.93,5.85,84.99,871.08,509.08,460.19,487.76,666.74,522.75,63.39,894.20,214.98,16853.00,55.42,56.59,4040.62,54.82,96.40,126.36,122.65,58.35,287.30,,,4440,2017-11-10 00:00:00,,,,,,,,
2017-11-09 00:00:00,663.00,768.84,5.82,85.08,869.74,509.23,461.31,486.99,663.33,521.15,63.73,893.10,213.41,16807.00,55.38,56.55,4055.42,55.09,96.81,126.37,123.03,58.29,288.03,,,4441,2017-11-09 00:00:00,,,,,,,,
2017-11-08 00:00:00,663.00,768.94,5.83,84.93,873.09,507.32,458.04,486.31,663.86,519.44,63.79,893.79,214.43,16794.00,55.42,56.59,4046.90,55.19,96.79,126.49,123.09,58.61,288.70,,,4442,2017-11-08 00:00:00,,,,,,,,
2017-11-07 00:00:00,662.00,768.77,5.82,84.87,872.17,508.87,459.61,486.17,663.71,520.82,63.85,880.87,212.99,16805.00,55.47,56.64,4044.70,55.14,96.81,126.82,122.87,57.86,287.65,,,4443,2017-11-07 00:00:00,,,,,,,,
2017-11-06 00:00:00,662.00,769.28,5.80,84.90,866.58,506.82,457.66,485.57,662.30,519.22,63.91,889.13,214.41,16831.00,55.43,56.60,4036.78,55.15,96.72,127.24,123.22,58.62,289.29,,,4444,2017-11-06 00:00:00,,,,,,,,
2017-11-03 00:00:00,661.00,770.25,5.79,84.69,862.38,509.18,456.82,486.17,661.21,515.76,64.01,881.74,211.61,16841.00,55.59,56.76,4035.10,54.99,96.63,127.06,123.14,57.52,287.39,,,4445,2017-11-03 00:00:00,,,,,,,,
2017-11-02 00:00:00,662.00,769.85,5.80,84.85,877.57,508.48,456.57,486.49,660.40,514.35,63.87,880.40,212.42,16836.00,55.48,56.65,4035.98,55.00,96.68,126.86,123.02,57.65,288.32,,,4446,2017-11-02 00:00:00,,,,,,,,
2017-11-01 00:00:00,663.00,772.50,5.83,84.99,881.04,507.44,456.97,486.63,664.56,514.26,63.83,878.96,213.07,16873.00,55.40,56.56,4029.56,54.88,96.33,126.30,123.15,57.15,289.21,,,4447,2017-11-01 00:00:00,,,,,,,,
2017-10-31 00:00:00,664.00,773.33,5.87,85.13,876.82,510.77,456.11,488.07,667.14,517.54,63.77,872.53,211.71,16925.00,55.32,56.49,4021.19,54.98,96.24,125.82,122.82,56.95,290.02,,,4448,2017-10-31 00:00:00,,,,,,,,
2017-10-30 00:00:00,665.00,771.58,5.85,85.20,873.22,509.79,456.09,486.86,666.12,518.21,63.79,873.70,212.15,16957.00,55.24,56.40,4020.26,55.02,96.43,125.78,122.74,56.99,288.06,,,4449,2017-10-30 00:00:00,,,,,,,,
2017-10-27 00:00:00,665.00,773.56,5.83,85.19,873.01,509.19,454.58,485.97,666.38,517.56,63.65,871.02,214.03,16976.00,55.21,56.37,4010.23,54.94,96.18,125.75,123.08,57.43,288.63,,,4450,2017-10-27 00:00:00,,,,,,,,
2017-10-26 00:00:00,663.00,783.60,5.84,84.95,880.13,510.68,456.08,487.63,670.40,517.86,63.82,870.79,212.39,16985.00,55.39,56.56,3957.02,54.14,94.99,123.86,120.84,56.68,288.21,,,4451,2017-10-26 00:00:00,,,,,,,,
2017-10-25 00:00:00,663.00,780.19,5.82,85.01,871.23,515.62,457.98,486.81,669.72,523.57,63.78,868.69,207.26,17021.00,55.36,56.52,3970.28,54.39,95.40,123.92,120.68,56.41,289.86,,,4452,2017-10-25 00:00:00,,,,,,,,
2017-10-24 00:00:00,663.00,778.96,5.84,84.96,875.07,517.79,462.71,486.97,673.22,524.37,63.91,867.69,206.76,17038.00,55.43,56.59,3953.65,54.28,95.56,123.72,120.73,56.06,287.87,,,4453,2017-10-24 00:00:00,,,,,,,,
2017-10-23 00:00:00,662.00,779.44,5.81,84.86,873.96,517.50,460.01,486.25,672.56,524.69,63.74,868.62,206.60,17095.00,55.42,56.59,3946.58,54.30,95.48,123.32,120.62,55.61,286.37,,,4454,2017-10-23 00:00:00,,,,,,,,
2017-10-20 00:00:00,661.00,783.18,5.87,84.73,869.42,520.62,463.82,487.37,677.27,529.68,63.87,866.38,204.41,17084.00,55.56,56.73,3926.78,54.05,95.04,122.93,119.92,55.21,284.54,,,4455,2017-10-20 00:00:00,,,,,,,,
2017-10-19 00:00:00,661.00,780.02,5.85,84.64,873.45,519.02,473.38,487.34,674.16,530.47,63.86,867.43,205.19,17101.00,55.56,56.73,3947.52,54.28,95.42,123.04,120.28,55.60,285.54,,,4456,2017-10-19 00:00:00,,,,,,,,
2017-10-18 00:00:00,660.00,777.34,5.89,84.52,871.38,518.21,473.54,487.59,675.48,528.44,63.90,866.26,202.76,17111.00,55.61,56.78,3961.25,54.48,95.75,123.41,120.16,55.49,284.51,,,4457,2017-10-18 00:00:00,,,,,,,,
2017-10-17 00:00:00,659.00,777.14,5.87,84.38,873.18,517.02,473.63,487.18,675.69,526.45,63.97,868.72,202.08,17127.00,55.72,56.89,3958.60,54.46,95.77,122.96,119.86,55.31,289.01,,,4458,2017-10-17 00:00:00,,,,,,,,
2017-10-16 00:00:00,658.00,777.65,5.88,84.34,874.53,518.86,472.47,487.59,675.23,527.42,64.05,869.16,201.67,17134.00,55.79,56.97,3961.93,54.66,95.74,123.36,119.87,55.21,287.58,,,4459,2017-10-16 00:00:00,,,,,,,,
2017-10-13 00:00:00,659.00,779.49,5.87,84.37,873.99,515.49,469.68,486.82,675.59,528.12,64.06,875.42,204.64,17196.00,55.76,56.94,3959.04,54.77,95.49,123.29,119.97,55.55,286.89,,,4460,2017-10-13 00:00:00,,,,,,,,
2017-10-12 00:00:00,658.00,780.61,5.85,84.31,870.73,513.23,466.83,486.13,676.17,528.58,64.03,878.44,205.55,17207.00,55.82,56.99,3958.65,54.69,95.36,122.25,120.29,55.40,284.24,,,4461,2017-10-12 00:00:00,,,,,,,,
2017-10-11 00:00:00,658.00,778.02,5.86,84.37,869.53,512.75,466.02,485.71,675.58,526.17,64.08,881.82,208.04,17223.00,55.80,56.97,3994.88,55.21,95.67,122.53,120.67,56.31,285.79,,,4462,2017-10-11 00:00:00,,,,,,,,
2017-10-10 00:00:00,663.00,778.54,5.88,84.91,871.02,514.61,468.22,486.45,676.51,528.10,63.79,879.18,208.22,17234.00,55.42,56.58,4004.89,55.26,95.63,122.57,120.41,55.93,281.69,,,4463,2017-10-10 00:00:00,,,,,,,,
2017-10-09 00:00:00,665.00,780.92,5.91,85.18,870.73,517.81,470.59,487.51,680.73,530.91,63.55,873.23,206.59,17197.00,55.17,56.33,3991.39,55.17,95.25,121.88,120.04,55.92,278.92,,,4464,2017-10-09 00:00:00,,,,,,,,
2017-09-29 00:00:00,664.00,782.33,5.91,84.97,892.50,521.14,479.70,489.20,684.60,534.19,63.63,871.31,203.45,17245.00,55.29,56.46,3973.56,55.15,95.11,122.19,119.57,53.57,273.40,,,4465,2017-09-29 00:00:00,,,,,,,,
2017-09-28 00:00:00,663.00,779.36,5.88,84.89,889.07,520.93,478.72,488.14,682.67,531.60,63.59,876.20,204.65,17219.00,55.35,56.52,3993.44,55.46,95.47,122.77,119.81,53.94,274.70,,,4466,2017-09-28 00:00:00,,,,,,,,
2017-09-27 00:00:00,662.00,781.24,5.90,84.73,891.65,522.34,477.48,489.19,684.05,536.35,63.43,871.81,201.66,17153.00,55.40,56.56,3982.70,54.85,95.22,122.56,119.10,53.44,270.77,,,4467,2017-09-27 00:00:00,,,,,,,,
2017-09-26 00:00:00,661.00,783.55,5.92,84.56,891.34,524.58,479.68,489.51,684.42,534.50,63.54,869.96,201.71,17148.00,55.55,56.72,3960.26,54.53,94.94,121.58,118.22,53.64,271.00,,,4468,2017-09-26 00:00:00,,,,,,,,
2017-09-25 00:00:00,659.00,786.14,5.87,84.45,890.81,525.10,480.59,489.40,679.18,534.02,63.60,873.66,200.81,17187.00,55.70,56.87,3938.08,54.31,94.63,121.21,118.58,53.13,269.32,,,4469,2017-09-25 00:00:00,,,,,,,,
2017-09-22 00:00:00,659.00,786.52,5.86,84.37,894.19,521.96,480.41,487.88,678.67,534.34,63.73,879.01,201.76,17198.00,55.77,56.94,3940.83,54.38,94.59,121.01,118.43,53.23,271.51,,,4470,2017-09-22 00:00:00,,,,,,,,
2017-09-21 00:00:00,659.00,781.93,5.85,84.43,888.58,528.15,483.34,487.71,678.14,533.68,63.60,883.59,202.40,17181.00,55.77,56.94,3947.91,54.69,95.15,121.85,119.53,53.22,270.15,,,4471,2017-09-21 00:00:00,,,,,,,,
2017-09-20 00:00:00,657.00,787.49,5.89,84.14,888.19,525.98,480.89,488.00,682.88,534.42,63.81,883.81,202.92,17201.00,55.94,57.12,3910.82,54.35,94.47,121.09,118.81,53.12,271.35,,,4472,2017-09-20 00:00:00,,,,,,,,
2017-09-19 00:00:00,655.00,784.03,5.88,83.84,886.40,522.67,476.44,486.78,682.01,533.91,63.88,884.85,202.82,17192.00,56.04,57.21,3944.85,54.76,94.88,121.38,119.35,53.19,270.80,,,4473,2017-09-19 00:00:00,,,,,,,,
2017-09-18 00:00:00,654.00,781.37,5.89,83.68,888.40,523.58,477.21,486.24,681.42,536.70,64.02,880.21,201.17,17288.00,56.15,57.33,3958.11,54.74,95.23,121.78,120.03,52.60,269.57,,,4474,2017-09-18 00:00:00,,,,,,,,
2017-09-15 00:00:00,654.00,779.73,5.95,83.74,876.46,523.24,472.78,485.91,680.06,537.69,64.18,878.68,200.73,17317.00,56.14,57.33,3956.31,54.89,95.42,122.17,120.37,52.50,270.15,,,4475,2017-09-15 00:00:00,,,,,,,,
2017-09-14 00:00:00,655.00,778.13,5.92,83.79,864.71,522.49,474.39,484.72,679.08,537.94,64.02,885.14,200.80,17285.00,56.11,57.29,3954.24,55.03,95.60,122.66,120.32,52.82,271.27,,,4476,2017-09-14 00:00:00,,,,,,,,
2017-09-13 00:00:00,654.00,782.19,5.93,83.69,868.48,524.04,475.36,485.23,680.65,536.80,64.36,882.34,198.83,17267.00,56.20,57.38,3926.27,54.43,95.09,121.92,119.89,52.55,271.23,,,4477,2017-09-13 00:00:00,,,,,,,,
2017-09-12 00:00:00,653.00,779.92,5.97,83.55,859.45,523.42,473.30,484.66,682.20,538.90,64.39,877.05,198.72,17313.00,56.30,57.49,3928.96,54.43,95.34,122.71,120.13,52.27,270.83,,,4478,2017-09-12 00:00:00,,,,,,,,
2017-09-11 00:00:00,650.00,777.80,5.97,83.18,853.58,521.01,468.68,482.09,682.97,532.74,64.88,885.70,199.56,17419.00,56.76,57.95,3941.48,54.57,95.69,122.74,119.76,52.72,273.94,,,4479,2017-09-11 00:00:00,,,,,,,,
2017-09-08 00:00:00,650.00,780.13,5.98,83.34,849.30,522.27,469.99,484.13,682.62,535.50,64.85,878.16,197.45,17390.00,56.65,57.84,3921.55,54.50,95.42,122.13,119.23,52.51,272.36,,,4480,2017-09-08 00:00:00,,,,,,,,
2017-09-07 00:00:00,653.00,778.41,5.98,83.41,851.54,522.65,470.14,483.52,682.77,533.37,64.84,878.93,196.12,17348.00,56.27,57.46,3936.25,54.58,95.60,122.09,119.45,52.52,272.38,,,4481,2017-09-07 00:00:00,,,,,,,,
2017-09-06 00:00:00,653.00,778.57,6.01,83.46,851.41,522.67,473.37,482.81,684.56,528.12,65.16,881.48,197.73,17325.00,56.24,57.42,3933.21,54.38,95.55,121.92,118.98,52.66,273.94,,,4482,2017-09-06 00:00:00,,,,,,,,
2017-09-05 00:00:00,654.00,776.10,5.94,83.54,843.06,518.38,467.27,480.82,680.55,525.55,65.44,885.57,198.59,17330.00,56.30,57.48,3943.06,54.66,95.83,122.03,119.74,52.60,274.08,,,4483,2017-09-05 00:00:00,,,,,,,,
2017-09-04 00:00:00,657.00,780.24,5.98,83.92,850.96,523.22,470.82,483.66,683.01,530.31,65.04,878.32,197.23,17144.00,55.95,57.12,3914.64,54.57,95.35,121.53,118.66,52.24,271.35,,,4484,2017-09-04 00:00:00,,,,,,,,
2017-09-01 00:00:00,659.00,784.77,5.98,84.23,852.28,523.27,472.98,485.94,686.64,528.22,64.81,880.90,197.36,17059.00,55.75,56.93,3897.08,54.13,94.77,120.50,117.71,52.39,271.52,,,4485,2017-09-01 00:00:00,,,,,,,,
2017-08-31 00:00:00,660.00,785.25,5.98,84.36,852.77,522.07,475.62,486.15,685.13,522.97,64.67,886.68,197.14,17032.00,55.63,56.80,3893.59,54.19,94.75,120.80,118.17,52.35,268.74,,,4486,2017-08-31 00:00:00,,,,,,,,
2017-08-30 00:00:00,661.00,791.43,6.02,84.47,854.16,525.78,479.85,487.57,691.64,528.25,64.54,890.64,196.55,17025.00,55.56,56.72,3864.37,53.76,94.04,120.14,117.31,52.15,270.22,,,4487,2017-08-30 00:00:00,,,,,,,,
2017-08-29 00:00:00,663.00,793.33,6.10,84.74,857.06,525.48,480.29,489.09,695.63,529.70,64.37,884.19,197.42,16959.00,55.40,56.57,3835.76,53.63,93.77,120.32,117.37,52.14,270.56,,,4488,2017-08-29 00:00:00,,,,,,,,
2017-08-28 00:00:00,664.00,793.02,6.07,84.82,856.13,526.95,480.83,489.47,694.52,531.97,64.35,882.38,196.14,16918.00,55.36,56.52,3840.40,53.66,93.88,119.86,116.60,51.89,265.66,,,4489,2017-08-28 00:00:00,,,,,,,,
2017-08-25 00:00:00,666.00,785.39,6.08,85.09,852.07,525.76,479.53,488.93,689.66,532.17,64.24,888.01,198.34,16945.00,55.17,56.33,3870.92,54.25,94.70,121.20,117.81,52.36,266.05,,,4490,2017-08-25 00:00:00,,,,,,,,
2017-08-24 00:00:00,665.00,786.02,6.11,85.01,851.67,526.27,481.10,489.20,689.29,530.37,64.30,887.48,197.75,16959.00,55.22,56.38,3850.57,54.50,94.63,121.09,118.19,52.31,265.83,,,4491,2017-08-24 00:00:00,,,,,,,,
2017-08-23 00:00:00,666.00,783.56,6.08,85.14,854.17,526.47,483.75,488.98,687.87,530.05,64.24,886.81,198.39,16991.00,55.12,56.28,3866.16,54.54,94.93,121.55,118.72,52.46,265.09,,,4492,2017-08-23 00:00:00,,,,,,,,
2017-08-22 00:00:00,666.00,786.87,6.11,85.12,858.94,528.81,487.99,489.39,691.98,530.21,64.34,887.66,197.62,17089.00,55.15,56.31,3853.48,54.37,94.54,121.27,118.64,52.50,265.14,,,4493,2017-08-22 00:00:00,,,,,,,,
2017-08-21 00:00:00,667.00,784.12,6.10,85.28,858.63,528.64,487.57,489.17,691.02,529.73,64.29,885.68,197.38,17083.00,55.06,56.22,3870.77,54.55,94.85,121.63,118.67,52.73,265.61,,,4494,2017-08-21 00:00:00,,,,,,,,
2017-08-18 00:00:00,667.00,782.39,6.10,85.32,858.94,526.39,486.43,488.50,693.34,526.37,64.35,887.45,198.65,17103.00,55.04,56.19,3883.31,54.63,95.05,121.96,119.47,52.86,268.00,,,4495,2017-08-18 00:00:00,,,,,,,,
2017-08-17 00:00:00,667.00,785.31,6.06,85.29,859.98,528.79,487.53,489.60,690.95,528.30,64.38,889.02,197.60,17041.00,55.06,56.22,3876.89,54.35,94.72,121.06,118.78,52.72,264.79,,,4496,2017-08-17 00:00:00,,,,,,,,
2017-08-16 00:00:00,668.00,783.94,6.04,85.36,859.14,522.58,483.02,488.60,686.62,523.55,64.33,893.78,199.50,17003.00,55.01,56.17,3880.70,54.72,94.86,120.91,119.10,52.96,266.71,,,4497,2017-08-16 00:00:00,,,,,,,,
2017-08-15 00:00:00,667.00,785.46,6.07,85.27,864.15,523.92,486.47,489.13,685.78,523.94,64.37,898.13,199.75,17080.00,55.09,56.24,3872.21,54.57,94.69,121.70,119.25,52.88,266.58,,,4498,2017-08-15 00:00:00,,,,,,,,
2017-08-14 00:00:00,666.00,786.80,6.10,85.18,865.42,526.03,487.03,489.38,691.30,524.91,64.51,898.30,201.90,17122.00,55.20,56.36,3870.18,54.55,94.52,122.07,119.15,53.11,267.74,,,4499,2017-08-14 00:00:00,,,,,,,,
2017-08-11 00:00:00,666.00,783.32,6.10,85.24,863.41,523.56,483.84,487.93,691.54,522.34,64.46,903.73,202.19,17197.00,55.20,56.35,3900.80,54.68,94.99,122.28,119.53,53.22,270.12,,,4500,2017-08-11 00:00:00,,,,,,,,
2017-08-10 00:00:00,668.00,785.19,6.07,85.44,868.44,527.02,490.81,489.63,692.64,525.95,64.17,899.01,201.28,17036.00,55.00,56.15,3891.72,54.39,94.77,122.48,119.09,52.98,268.95,,,4501,2017-08-10 00:00:00,,,,,,,,
2017-08-09 00:00:00,671.00,788.60,6.09,85.72,870.97,529.46,491.33,491.90,689.50,529.40,63.89,892.83,199.26,16852.00,54.76,55.91,3859.14,54.10,94.39,121.87,118.59,52.65,266.32,,,4502,2017-08-09 00:00:00,,,,,,,,
2017-08-08 00:00:00,672.00,792.79,6.07,85.90,875.78,531.59,494.30,493.07,690.19,529.92,63.74,893.34,196.86,16767.00,54.68,55.82,3836.68,53.64,93.84,121.27,117.91,52.53,267.04,,,4503,2017-08-08 00:00:00,,,,,,,,
2017-08-07 00:00:00,672.00,792.30,6.07,85.98,877.17,533.54,498.20,494.09,691.20,531.99,63.63,890.44,199.52,16763.00,54.64,55.79,3845.53,53.55,93.90,121.13,118.16,52.51,265.67,,,4504,2017-08-07 00:00:00,,,,,,,,
2017-08-04 00:00:00,671.00,797.73,6.11,85.87,882.27,534.23,499.88,494.50,693.77,534.01,63.71,898.82,199.35,16795.00,54.71,55.86,3807.42,53.17,93.25,120.56,117.63,52.73,266.04,,,4505,2017-08-04 00:00:00,,,,,,,,
2017-08-03 00:00:00,672.00,796.21,6.07,85.99,888.82,534.29,497.80,493.97,692.37,534.53,63.75,901.08,196.65,16729.00,54.65,55.80,3807.81,53.47,93.41,120.60,117.55,52.65,265.31,,,4506,2017-08-03 00:00:00,,,,,,,,
2017-08-02 00:00:00,672.00,793.52,6.09,86.01,887.78,534.81,499.23,494.58,695.82,535.72,63.75,897.30,197.26,16683.00,54.66,55.80,3824.29,53.63,93.71,120.70,117.89,52.52,266.24,,,4507,2017-08-02 00:00:00,,,,,,,,
2017-08-01 00:00:00,671.00,794.06,6.08,85.97,886.03,537.45,504.16,495.29,694.23,536.96,63.72,889.29,196.20,16660.00,54.70,55.84,3828.27,53.55,93.66,120.30,117.30,52.40,265.26,,,4508,2017-08-01 00:00:00,,,,,,,,
2017-07-31 00:00:00,673.00,790.59,6.09,86.16,884.29,536.72,505.76,495.91,694.65,540.23,63.61,885.57,193.26,16697.00,54.60,55.74,3852.80,53.82,94.06,120.48,117.66,52.51,263.86,,,4509,2017-07-31 00:00:00,,,,,,,,
2017-07-28 00:00:00,674.00,787.34,6.06,86.28,880.66,537.08,505.40,496.01,698.65,536.96,63.46,882.38,193.07,16560.00,54.52,55.66,3878.79,53.96,94.45,121.90,117.97,52.52,263.15,,,4510,2017-07-28 00:00:00,,,,,,,,
2017-07-27 00:00:00,673.00,789.94,6.06,86.19,882.68,538.52,506.30,496.31,707.49,540.53,63.57,881.11,191.74,16551.00,54.57,55.72,3860.81,53.80,94.17,121.42,117.25,52.52,261.37,,,4511,2017-07-27 00:00:00,,,,,,,,
2017-07-26 00:00:00,675.00,786.13,6.03,86.48,879.63,535.69,501.30,495.41,708.72,539.79,63.39,886.92,193.70,16559.00,54.39,55.54,3883.63,54.25,94.59,121.58,118.09,52.90,263.13,,,4512,2017-07-26 00:00:00,,,,,,,,
2017-07-25 00:00:00,675.00,785.23,6.07,86.44,878.86,534.47,501.77,495.36,712.16,539.38,63.39,889.05,192.13,16528.00,54.42,55.57,3885.67,54.29,94.70,121.79,118.81,52.71,262.98,,,4513,2017-07-25 00:00:00,,,,,,,,
2017-07-24 00:00:00,674.00,787.06,6.07,86.33,876.76,533.82,502.06,495.10,713.16,537.64,63.53,878.80,191.66,16575.00,54.49,55.63,3880.88,54.21,94.48,122.16,119.17,52.40,261.52,,,4514,2017-07-24 00:00:00,,,,,,,,
2017-07-21 00:00:00,674.00,783.99,6.03,86.32,873.86,535.70,498.81,493.40,708.51,535.20,63.57,873.13,193.36,16644.00,54.49,55.63,3893.25,53.77,94.87,121.97,119.35,52.33,259.38,,,4515,2017-07-21 00:00:00,,,,,,,,
2017-07-20 00:00:00,675.00,777.70,6.03,86.41,878.96,537.00,496.73,493.05,706.57,535.44,63.53,873.34,191.65,16634.00,54.44,55.59,3935.74,54.10,95.62,123.09,119.32,52.19,260.48,,,4516,2017-07-20 00:00:00,,,,,,,,
2017-07-19 00:00:00,675.00,779.06,6.02,86.42,879.19,534.32,495.73,493.67,706.28,533.94,63.53,877.76,191.41,16646.00,54.45,55.60,3926.94,53.90,95.48,123.12,119.90,52.27,259.32,,,4517,2017-07-19 00:00:00,,,,,,,,
2017-07-18 00:00:00,676.00,775.98,6.01,86.64,882.76,526.90,491.90,493.49,702.27,532.79,63.43,876.02,191.61,16688.00,54.33,55.47,3952.42,54.15,95.83,122.68,120.70,52.21,260.05,,,4518,2017-07-18 00:00:00,,,,,,,,
2017-07-17 00:00:00,676.00,775.14,6.01,86.56,885.57,528.55,496.80,493.07,701.29,534.39,63.46,873.43,192.93,16709.00,54.37,55.51,3948.70,54.27,95.98,123.01,121.13,52.32,260.25,,,4519,2017-07-17 00:00:00,,,,,,,,
2017-07-14 00:00:00,678.00,772.76,5.98,86.79,877.36,524.42,496.40,493.18,700.79,532.34,63.30,882.02,195.02,16767.00,54.20,55.34,3967.87,54.68,96.26,123.30,121.82,52.63,261.22,,,4520,2017-07-14 00:00:00,,,,,,,,
2017-07-13 00:00:00,678.00,774.59,5.98,86.82,874.28,520.82,492.11,492.16,702.74,531.50,63.26,883.91,195.54,16807.00,54.17,55.31,3963.55,54.63,96.04,124.01,122.08,52.66,262.24,,,4521,2017-07-13 00:00:00,,,,,,,,
2017-07-12 00:00:00,679.00,778.66,5.97,86.87,872.60,518.56,490.13,491.46,704.42,525.70,63.28,894.33,199.66,16911.00,54.12,55.26,3950.94,54.43,95.50,123.75,121.92,53.27,263.93,,,4522,2017-07-12 00:00:00,,,,,,,,
2017-07-11 00:00:00,680.00,774.79,5.96,87.01,875.57,517.09,493.18,490.94,703.77,527.27,63.19,886.54,197.91,16903.00,54.03,55.16,3975.97,54.69,95.97,123.96,122.59,53.07,263.92,,,4523,2017-07-11 00:00:00,,,,,,,,
2017-07-10 00:00:00,680.00,774.99,5.96,87.01,876.24,516.66,494.21,491.90,705.19,527.75,63.21,886.78,196.92,16942.00,54.04,55.17,3973.23,54.69,95.96,123.95,122.93,53.27,266.07,,,4524,2017-07-10 00:00:00,,,,,,,,
2017-07-07 00:00:00,679.00,775.71,6.00,86.95,880.85,514.74,494.58,491.27,707.09,523.27,63.27,885.21,197.65,17016.00,54.08,55.22,3973.14,54.65,95.87,124.29,123.02,53.33,268.83,,,4525,2017-07-07 00:00:00,,,,,,,,
2017-07-06 00:00:00,680.00,771.10,6.01,87.04,879.07,516.37,494.45,492.30,704.84,524.49,63.21,881.49,196.93,16936.00,54.04,55.17,4004.84,54.85,96.42,124.94,123.50,53.06,269.43,,,4526,2017-07-06 00:00:00,,,,,,,,
2017-07-05 00:00:00,679.00,771.58,6.01,86.99,878.71,517.13,495.18,491.66,704.48,525.34,63.24,874.13,194.21,16916.00,54.06,55.19,3992.90,54.90,96.38,125.31,122.84,52.37,267.96,,,4527,2017-07-05 00:00:00,,,,,,,,
2017-07-04 00:00:00,679.00,772.24,5.99,86.89,879.17,520.43,494.67,491.43,705.08,522.55,63.28,871.62,194.50,16901.00,54.09,55.23,3999.82,55.01,96.28,124.93,122.95,52.35,267.82,,,4528,2017-07-04 00:00:00,,,,,,,,
2017-07-03 00:00:00,678.00,773.97,6.04,86.81,882.11,521.18,497.22,492.42,706.75,522.39,63.32,868.49,192.74,16872.00,54.20,55.34,3987.83,54.65,96.07,124.31,123.09,51.93,266.93,,,4529,2017-07-03 00:00:00,,,,,,,,
2017-06-30 00:00:00,677.00,774.96,6.05,86.79,881.44,520.99,495.69,491.35,708.88,521.44,63.38,875.65,192.00,16875.00,54.22,55.36,3997.31,54.73,95.96,124.85,123.68,52.04,266.26,,,4530,2017-06-30 00:00:00,,,,,,,,
2017-06-29 00:00:00,679.00,773.35,6.05,87.07,879.41,519.12,496.44,491.69,708.13,521.14,63.24,870.99,190.48,16777.00,54.06,55.20,4002.53,54.76,96.18,125.71,124.12,51.70,262.61,,,4531,2017-06-29 00:00:00,,,,,,,,
2017-06-28 00:00:00,681.00,771.81,6.07,87.24,871.85,516.56,494.96,490.86,708.60,516.54,62.98,872.01,191.26,16727.00,53.97,55.12,4017.57,54.93,96.34,126.50,123.69,51.78,264.07,,,4532,2017-06-28 00:00:00,,,,,,,,
2017-06-27 00:00:00,683.00,763.71,6.10,87.57,869.02,517.93,497.38,491.98,702.56,515.36,62.77,859.82,188.37,16609.00,53.77,54.91,4048.31,55.02,97.36,127.67,124.23,51.24,262.25,,,4533,2017-06-27 00:00:00,,,,,,,,
2017-06-26 00:00:00,682.00,763.91,6.13,87.47,869.52,516.27,496.56,491.88,703.96,514.37,62.85,869.71,189.43,16632.00,53.83,54.98,4052.32,55.28,97.35,127.71,123.73,51.39,263.95,,,4534,2017-06-26 00:00:00,,,,,,,,
2017-06-23 00:00:00,682.00,760.72,6.13,87.50,865.18,514.60,495.51,490.88,702.23,515.68,62.82,878.56,190.11,16700.00,53.82,54.97,4060.93,55.59,97.76,128.29,124.46,51.48,265.63,,,4535,2017-06-23 00:00:00,,,,,,,,
2017-06-22 00:00:00,682.00,761.48,6.13,87.43,864.53,515.09,494.06,491.05,701.27,511.62,62.84,881.96,191.65,16730.00,53.85,54.98,4060.74,55.87,97.67,128.25,125.02,51.77,267.27,,,4536,2017-06-22 00:00:00,,,,,,,,
2017-06-21 00:00:00,682.00,759.43,6.13,87.42,861.72,516.62,493.42,491.10,699.85,514.05,62.78,872.77,191.62,16710.00,53.84,54.97,4069.40,55.91,97.93,128.73,125.33,51.96,267.06,,,4537,2017-06-21 00:00:00,,,,,,,,
2017-06-20 00:00:00,681.00,759.18,6.10,87.32,867.43,517.27,492.06,491.13,698.16,515.20,62.75,857.30,190.80,16663.00,53.91,55.04,4055.15,55.54,97.97,128.39,124.88,51.69,263.70,,,4538,2017-06-20 00:00:00,,,,,,,,
2017-06-19 00:00:00,680.00,761.43,6.13,87.15,868.23,518.04,493.66,491.31,698.46,514.34,62.88,846.59,188.38,16657.00,54.03,55.17,4039.55,55.29,97.66,127.96,124.21,51.50,263.63,,,4539,2017-06-19 00:00:00,,,,,,,,
2017-06-16 00:00:00,680.00,758.03,6.13,87.15,867.74,515.97,489.90,491.65,697.45,512.98,62.78,849.81,189.46,16579.00,54.02,55.15,4063.06,55.81,98.09,128.70,125.08,51.69,265.22,,,4540,2017-06-16 00:00:00,,,,,,,,
2017-06-15 00:00:00,679.00,761.14,6.20,87.01,865.50,514.97,491.75,493.43,698.65,512.39,62.68,843.38,186.11,16526.00,54.13,55.27,4019.60,55.17,97.72,128.30,124.20,51.41,264.44,,,4541,2017-06-15 00:00:00,,,,,,,,
2017-06-14 00:00:00,679.00,761.63,6.17,87.12,866.23,511.97,489.81,491.69,701.32,513.19,62.73,838.69,187.91,16587.00,54.06,55.20,4019.40,55.05,97.64,127.89,124.14,51.79,265.70,,,4542,2017-06-14 00:00:00,,,,,,,,
2017-06-13 00:00:00,680.00,761.09,6.18,87.13,860.86,513.00,489.90,490.93,701.39,510.45,62.78,838.68,188.69,16608.00,54.05,55.19,4038.87,55.08,97.70,128.69,124.65,51.74,266.81,,,4543,2017-06-13 00:00:00,,,,,,,,
2017-06-12 00:00:00,679.00,761.37,6.16,87.15,865.45,511.71,489.60,490.83,701.30,505.03,62.76,838.55,190.08,16552.00,54.05,55.19,4039.62,54.99,97.69,128.21,125.05,52.06,267.09,,,4544,2017-06-12 00:00:00,,,,,,,,
2017-06-09 00:00:00,680.00,760.84,6.19,87.17,867.04,511.99,489.45,491.69,701.78,502.95,62.73,837.65,190.09,16508.00,54.02,55.15,4046.24,55.18,97.74,128.34,125.19,51.93,267.82,,,4545,2017-06-09 00:00:00,,,,,,,,
2017-06-08 00:00:00,679.00,764.66,6.18,87.14,880.22,512.22,488.65,491.42,704.30,503.01,62.67,839.44,188.89,16550.00,54.06,55.19,4032.25,54.99,97.25,127.90,125.04,52.27,268.63,,,4546,2017-06-08 00:00:00,,,,,,,,
2017-06-07 00:00:00,679.00,765.25,6.20,87.06,875.80,509.60,487.23,492.00,705.45,504.59,62.81,832.44,188.90,16481.00,54.12,55.26,4024.86,54.81,97.20,127.70,124.63,51.79,268.95,,,4547,2017-06-07 00:00:00,,,,,,,,
2017-06-06 00:00:00,679.00,764.95,6.15,87.18,877.06,508.84,484.48,491.92,704.23,504.17,62.67,830.93,187.02,16450.00,54.05,55.19,4016.15,54.72,97.25,127.33,124.22,51.85,270.01,,,4548,2017-06-06 00:00:00,,,,,,,,
2017-06-05 00:00:00,679.00,766.29,6.15,87.21,874.25,504.76,485.06,491.87,705.30,503.38,62.94,832.12,188.56,16458.00,54.07,55.20,4015.14,54.62,97.12,126.96,124.01,51.62,275.70,,,4549,2017-06-05 00:00:00,,,,,,,,
2017-06-02 00:00:00,681.00,763.68,6.11,87.37,877.33,502.47,480.98,491.11,701.10,503.80,62.97,828.89,189.25,16475.00,53.94,55.08,4031.98,54.91,97.40,127.48,124.10,51.85,273.81,,,4550,2017-06-02 00:00:00,,,,,,,,
2017-06-01 00:00:00,681.00,766.58,6.15,87.39,877.00,506.18,482.84,492.42,703.74,504.86,62.85,831.04,192.16,16439.00,53.92,55.06,4023.07,54.58,97.11,127.59,123.82,51.80,273.58,,,4551,2017-06-01 00:00:00,,,,,,,,
2017-05-31 00:00:00,686.00,767.60,6.20,88.08,879.85,512.60,486.84,495.50,704.06,510.13,62.28,824.30,190.85,16375.00,53.45,54.58,4009.85,54.39,96.91,127.08,122.97,51.70,272.54,,,4552,2017-05-31 00:00:00,,,,,,,,
2017-05-26 00:00:00,687.00,770.41,6.15,88.17,888.57,512.47,482.68,495.88,706.62,510.01,62.19,826.87,188.08,16293.00,53.40,54.52,3986.94,54.15,96.55,126.32,122.14,51.88,268.83,,,4553,2017-05-26 00:00:00,,,,,,,,
2017-05-25 00:00:00,687.00,771.99,6.16,88.20,892.75,515.56,484.20,496.88,707.04,512.88,62.31,818.20,187.72,16286.00,53.38,54.51,3986.86,54.05,96.42,125.99,121.11,51.71,268.02,,,4554,2017-05-25 00:00:00,,,,,,,,
2017-05-24 00:00:00,688.00,771.04,6.17,88.29,894.36,515.27,483.24,496.03,707.19,510.50,62.21,818.35,189.58,16310.00,53.21,54.33,3996.55,54.46,96.46,126.16,121.40,51.79,270.11,,,4555,2017-05-24 00:00:00,,,,,,,,
2017-05-23 00:00:00,687.00,773.15,6.19,88.19,894.11,514.14,481.53,496.24,706.90,509.87,62.48,821.72,192.40,16242.00,53.39,54.51,3988.53,54.28,96.27,126.36,121.30,51.76,271.35,,,4556,2017-05-23 00:00:00,,,,,,,,
2017-05-22 00:00:00,687.00,770.41,6.18,88.22,895.05,512.24,476.57,496.09,706.91,508.98,62.81,827.73,192.09,16264.00,53.39,54.52,4002.49,54.46,96.61,126.88,121.81,52.10,272.16,,,4557,2017-05-22 00:00:00,,,,,,,,
2017-05-19 00:00:00,688.00,765.86,6.19,88.38,893.29,511.32,475.16,495.05,704.24,506.96,62.74,834.76,194.51,16362.00,53.25,54.37,4042.19,55.02,97.09,127.61,122.88,52.53,273.18,,,4558,2017-05-19 00:00:00,,,,,,,,
2017-05-18 00:00:00,686.00,766.91,6.19,88.13,891.26,511.02,477.19,494.33,702.21,505.66,62.88,830.79,192.24,16316.00,53.43,54.55,4027.96,54.63,96.98,127.03,122.30,52.02,275.42,,,4559,2017-05-18 00:00:00,,,,,,,,
2017-05-17 00:00:00,686.00,762.76,6.10,88.13,888.11,510.63,473.76,493.24,698.44,505.17,62.78,822.12,190.09,16228.00,53.41,54.53,4054.66,54.67,97.48,127.66,123.06,51.48,271.38,,,4560,2017-05-17 00:00:00,,,,,,,,
2017-05-16 00:00:00,688.00,756.55,6.06,88.33,888.92,511.41,474.97,493.08,691.90,505.43,62.74,818.11,191.28,16244.00,53.30,54.43,4081.01,55.46,98.30,128.09,124.01,51.49,271.12,,,4561,2017-05-16 00:00:00,,,,,,,,
2017-05-15 00:00:00,689.00,752.91,6.08,88.34,887.80,509.25,473.15,490.87,688.32,502.26,63.00,827.85,194.13,16333.00,53.30,54.43,4112.96,55.92,98.81,128.30,124.32,51.86,272.46,,,4562,2017-05-15 00:00:00,,,,,,,,
2017-05-12 00:00:00,689.00,750.16,6.07,88.51,889.74,509.12,471.96,490.35,685.10,503.85,62.96,826.58,193.66,16309.00,53.20,54.32,4133.62,56.33,99.17,128.63,124.57,51.81,272.85,,,4563,2017-05-12 00:00:00,,,,,,,,
2017-05-11 00:00:00,691.00,750.80,6.05,88.68,893.47,508.07,471.82,489.12,684.73,503.88,62.93,832.15,195.37,16409.00,53.16,54.28,4135.82,56.07,99.09,129.18,124.94,51.89,275.41,,,4564,2017-05-11 00:00:00,,,,,,,,
2017-05-10 00:00:00,691.00,752.39,6.08,88.73,894.89,507.58,476.32,490.00,686.55,504.13,62.86,843.56,197.10,16453.00,53.14,54.26,4142.80,56.26,98.90,128.49,125.62,52.45,277.36,,,4565,2017-05-10 00:00:00,,,,,,,,
2017-05-09 00:00:00,690.00,755.11,6.11,88.68,895.00,510.95,478.66,491.73,692.80,505.09,62.69,843.51,196.99,16396.00,53.10,54.22,4116.05,55.97,98.46,127.81,124.94,51.83,277.51,,,4566,2017-05-09 00:00:00,,,,,,,,
2017-05-08 00:00:00,689.00,756.77,6.12,88.58,893.98,510.99,475.77,490.57,697.13,504.45,62.89,839.57,195.07,16465.00,53.26,54.38,4113.77,55.56,98.23,127.71,124.72,51.35,274.64,,,4567,2017-05-08 00:00:00,,,,,,,,
2017-05-05 00:00:00,689.00,756.55,6.12,88.51,890.18,510.55,473.53,491.96,698.55,500.95,62.82,845.53,198.11,16457.00,53.32,54.44,4128.63,55.90,98.29,128.21,125.98,51.59,276.58,,,4568,2017-05-05 00:00:00,,,,,,,,
2017-05-04 00:00:00,690.00,751.20,6.12,88.62,888.18,512.33,475.23,493.93,694.14,502.78,62.56,831.04,194.76,16416.00,53.20,54.32,4150.38,55.92,98.95,128.10,125.36,51.21,272.96,,,4569,2017-05-04 00:00:00,,,,,,,,
2017-05-03 00:00:00,689.00,753.48,6.15,88.54,891.82,519.78,479.71,494.71,695.29,502.89,62.73,826.34,193.69,16387.00,53.29,54.41,4140.68,55.76,98.71,127.71,124.63,51.17,272.13,,,4570,2017-05-03 00:00:00,,,,,,,,
2017-05-02 00:00:00,690.00,752.27,6.17,88.65,889.53,519.51,477.19,494.03,692.71,504.35,62.90,826.73,194.30,16470.00,53.26,54.38,4146.31,56.15,98.85,128.24,124.48,51.53,271.53,,,4571,2017-05-02 00:00:00,,,,,,,,
2017-04-28 00:00:00,689.00,749.45,6.20,88.58,889.61,515.34,474.81,493.90,693.82,506.28,62.82,826.93,193.24,16387.00,53.23,54.35,4154.79,56.27,99.20,128.04,124.23,51.63,275.98,,,4572,2017-04-28 00:00:00,,,,,,,,
2017-04-27 00:00:00,689.00,751.87,6.20,88.55,885.74,515.42,475.50,494.06,694.12,506.37,62.83,827.94,192.26,16383.00,53.28,54.40,4152.49,56.17,98.94,127.03,124.47,51.81,278.13,,,4573,2017-04-27 00:00:00,,,,,,,,
2017-04-26 00:00:00,688.00,752.50,6.20,88.48,883.71,519.05,478.34,493.98,693.05,507.26,63.21,814.87,189.81,16358.00,53.34,54.45,4140.64,56.08,98.86,127.36,124.41,52.00,274.05,,,4574,2017-04-26 00:00:00,,,,,,,,
2017-04-25 00:00:00,688.00,747.63,6.27,88.48,880.27,520.55,482.56,494.36,691.44,508.40,63.66,810.73,189.17,16452.00,53.33,54.46,4161.14,56.74,99.43,128.67,124.27,51.93,273.42,,,4575,2017-04-25 00:00:00,,,,,,,,
2017-04-24 00:00:00,687.00,746.24,6.24,88.32,880.67,519.10,483.42,493.15,691.59,509.39,63.83,818.72,189.23,16457.00,53.48,54.61,4180.09,57.01,99.68,128.77,124.19,52.60,271.20,,,4576,2017-04-24 00:00:00,,,,,,,,
2017-04-21 00:00:00,688.00,738.21,6.30,88.52,882.25,518.15,481.68,492.71,689.94,511.51,63.64,815.23,190.73,16530.00,53.29,54.41,4240.83,57.74,100.72,130.41,125.12,52.83,272.85,,,4577,2017-04-21 00:00:00,,,,,,,,
2017-04-20 00:00:00,688.00,737.82,6.33,88.49,880.71,516.48,484.83,492.68,690.45,511.04,63.68,820.90,192.68,16579.00,53.30,54.42,4242.97,57.66,100.76,130.18,124.52,53.31,273.68,,,4578,2017-04-20 00:00:00,,,,,,,,
2017-04-19 00:00:00,687.00,737.22,6.33,88.33,882.77,518.95,483.86,492.34,689.50,513.15,64.01,817.97,193.48,16586.00,53.48,54.61,4255.06,57.41,100.93,130.41,123.88,53.29,270.59,,,4579,2017-04-19 00:00:00,,,,,,,,
2017-04-18 00:00:00,688.00,732.89,6.32,88.58,865.07,522.79,483.10,492.59,685.91,517.06,63.75,811.96,192.97,16474.00,53.31,54.43,4277.65,57.92,101.46,130.67,124.23,53.74,268.48,,,4580,2017-04-18 00:00:00,,,,,,,,
2017-04-17 00:00:00,688.00,730.25,6.35,88.49,862.66,521.93,483.09,493.09,685.00,517.15,63.81,817.41,194.61,16511.00,53.36,54.49,4280.93,58.00,101.84,131.28,124.70,52.80,268.88,,,4581,2017-04-17 00:00:00,,,,,,,,
2017-04-14 00:00:00,687.00,731.03,6.31,88.43,861.55,521.19,481.99,492.73,685.19,516.82,63.81,816.65,195.20,16476.00,53.30,54.42,4276.30,58.05,101.71,131.17,124.52,53.26,269.72,,,4582,2017-04-14 00:00:00,,,,,,,,
2017-04-13 00:00:00,687.00,733.89,6.31,88.34,862.82,518.28,480.57,492.92,686.13,519.13,64.39,823.07,195.99,16526.00,53.42,54.55,4259.70,57.91,101.40,130.51,124.26,53.07,269.85,,,4583,2017-04-13 00:00:00,,,,,,,,
2017-04-12 00:00:00,689.00,731.22,6.28,88.72,860.99,517.22,479.57,491.18,684.41,517.27,64.30,828.28,200.20,16630.00,53.28,54.40,4266.30,58.09,101.69,131.37,124.70,53.63,272.21,,,4584,2017-04-12 00:00:00,,,,,,,,
2017-04-11 00:00:00,690.00,730.81,6.23,88.74,856.86,517.66,479.89,490.94,684.12,517.66,64.13,828.63,201.77,16550.00,53.26,54.38,4256.95,57.94,101.74,131.62,125.05,54.07,271.04,,,4585,2017-04-11 00:00:00,,,,,,,,
2017-04-10 00:00:00,690.00,731.08,6.21,88.87,855.11,518.94,479.65,491.40,684.59,515.58,64.04,831.96,199.23,16463.00,53.12,54.24,4232.65,57.69,101.68,131.36,125.38,53.92,269.69,,,4586,2017-04-10 00:00:00,,,,,,,,
2017-04-07 00:00:00,689.00,734.70,6.23,88.74,860.73,520.47,481.11,492.34,686.81,514.51,64.10,816.51,199.57,16397.00,53.20,54.32,4227.51,57.57,101.19,130.72,124.93,53.73,271.70,,,4587,2017-04-07 00:00:00,,,,,,,,
2017-04-06 00:00:00,689.00,736.19,6.25,88.72,861.31,522.05,481.16,492.66,687.30,513.62,64.04,818.43,199.63,16337.00,53.24,54.36,4214.32,57.47,100.97,130.19,124.68,53.69,272.70,,,4588,2017-04-06 00:00:00,,,,,,,,
2017-04-05 00:00:00,689.00,736.30,6.22,88.67,857.67,521.87,481.06,492.94,688.13,514.62,64.12,813.46,197.29,16289.00,53.27,54.39,4205.55,57.70,100.99,130.49,124.53,53.34,272.79,,,4589,2017-04-05 00:00:00,,,,,,,,
2017-03-31 00:00:00,690.00,737.21,6.18,88.78,861.19,527.90,482.91,493.65,689.78,517.62,63.87,813.15,194.66,16211.00,53.20,54.32,4185.81,57.10,100.85,129.42,124.08,52.93,271.22,,,4590,2017-03-31 00:00:00,,,,,,,,
2017-03-30 00:00:00,689.00,741.22,6.20,88.67,857.12,528.35,484.49,493.87,691.25,516.73,63.94,822.35,189.54,16164.00,53.32,54.44,4176.87,57.01,100.42,128.82,123.49,52.92,271.78,,,4591,2017-03-30 00:00:00,,,,,,,,
2017-03-29 00:00:00,689.00,745.47,6.21,88.72,857.49,526.97,482.91,493.22,694.95,515.43,63.87,827.08,188.23,16169.00,53.24,54.36,4150.60,56.84,99.75,128.05,123.57,53.01,275.55,,,4592,2017-03-29 00:00:00,,,,,,,,
2017-03-28 00:00:00,688.00,747.26,6.21,88.55,864.18,524.94,484.82,493.56,698.22,514.41,63.93,827.11,185.24,16170.00,53.36,54.48,4130.69,56.81,99.50,127.62,123.31,52.51,274.14,,,4593,2017-03-28 00:00:00,,,,,,,,
2017-03-27 00:00:00,687.00,745.38,6.22,88.46,860.05,524.00,484.04,492.27,695.42,515.28,64.15,830.44,180.85,16254.00,53.45,54.58,4162.67,57.24,99.80,127.85,123.15,52.43,273.28,,,4594,2017-03-27 00:00:00,,,,,,,,
2017-03-24 00:00:00,688.00,742.08,6.20,88.63,861.56,525.57,483.93,491.93,693.04,515.75,64.11,833.69,181.09,16290.00,53.35,54.47,4163.58,57.46,100.20,128.23,123.35,52.78,275.08,,,4595,2017-03-24 00:00:00,,,,,,,,
2017-03-23 00:00:00,689.00,743.08,6.19,88.65,858.98,527.72,484.69,492.09,694.14,516.42,64.08,838.76,182.50,16259.00,53.34,54.47,4151.53,57.57,100.06,127.74,122.95,52.51,276.16,,,4596,2017-03-23 00:00:00,,,,,,,,
2017-03-22 00:00:00,689.00,744.79,6.17,88.70,859.85,528.70,484.87,491.93,693.29,515.75,64.25,836.56,184.20,16278.00,53.31,54.43,4142.13,57.45,99.87,127.79,123.00,52.74,277.34,,,4597,2017-03-22 00:00:00,,,,,,,,
2017-03-21 00:00:00,691.00,741.67,6.14,88.94,853.95,533.70,486.93,494.46,691.70,517.64,63.88,830.06,183.05,16168.00,53.16,54.28,4159.25,57.53,100.27,127.77,122.79,52.38,275.12,,,4598,2017-03-21 00:00:00,,,,,,,,
2017-03-20 00:00:00,690.00,741.51,6.13,88.88,855.08,531.71,484.76,492.62,692.25,517.64,64.05,831.19,184.27,16363.00,53.21,54.33,4160.16,57.77,100.25,127.86,122.57,52.61,276.56,,,4599,2017-03-20 00:00:00,,,,,,,,
2017-03-17 00:00:00,689.00,741.93,6.08,88.74,850.76,528.30,480.91,491.48,691.49,516.94,64.25,839.46,185.40,16401.00,53.33,54.46,4173.02,58.08,100.19,127.98,123.44,52.68,279.41,,,4600,2017-03-17 00:00:00,,,,,,,,
2017-03-16 00:00:00,689.00,739.94,6.07,88.67,845.86,530.31,483.63,491.55,688.84,517.93,64.29,847.54,186.31,16471.00,53.33,54.45,4193.89,58.33,100.50,128.86,123.39,53.39,279.20,,,4601,2017-03-16 00:00:00,,,,,,,,
2017-03-15 00:00:00,691.00,733.63,6.03,88.97,840.35,522.80,478.85,488.39,684.80,512.97,64.14,855.90,190.22,16619.00,53.13,54.25,4242.58,58.85,101.33,129.67,124.51,54.12,284.38,,,4602,2017-03-15 00:00:00,,,,,,,,
2017-03-14 00:00:00,691.00,736.11,6.02,89.01,843.90,522.86,478.16,488.63,686.20,513.97,64.16,851.13,189.90,16589.00,53.11,54.22,4237.35,58.79,100.94,129.32,123.87,54.11,283.68,,,4603,2017-03-14 00:00:00,,,,,,,,
2017-03-13 00:00:00,690.00,736.71,6.01,88.85,839.39,520.19,477.62,488.65,683.11,512.45,64.36,855.08,191.23,16689.00,53.23,54.36,4244.46,58.79,100.82,130.43,124.61,54.22,284.24,,,4604,2017-03-13 00:00:00,,,,,,,,
2017-03-10 00:00:00,691.00,731.33,6.00,89.01,840.23,518.90,476.76,486.35,682.79,511.76,64.37,857.32,192.71,16766.00,53.13,54.25,4260.55,59.14,101.65,130.85,124.24,54.62,286.90,,,4605,2017-03-10 00:00:00,,,,,,,,
2017-03-09 00:00:00,691.00,728.85,6.04,89.00,842.03,520.53,477.89,487.73,681.73,512.80,64.24,849.33,189.95,16664.00,53.09,54.20,4262.88,59.08,101.94,130.84,123.48,54.13,284.38,,,4606,2017-03-09 00:00:00,,,,,,,,
2017-03-08 00:00:00,690.00,729.29,6.06,88.91,842.25,523.96,480.38,489.19,681.29,514.62,64.31,842.28,187.90,16643.00,53.20,54.32,4250.64,59.01,101.89,130.58,122.45,53.29,282.18,,,4607,2017-03-08 00:00:00,,,,,,,,
2017-03-07 00:00:00,690.00,729.33,6.06,88.81,844.43,523.62,482.68,488.67,682.09,515.13,64.24,843.91,188.60,16741.00,53.18,54.30,4241.76,58.97,101.78,130.69,123.05,53.78,284.01,,,4608,2017-03-07 00:00:00,,,,,,,,
2017-03-06 00:00:00,688.00,731.56,6.04,88.60,847.47,522.10,483.50,488.31,682.69,514.12,64.53,844.89,189.14,16762.00,53.36,54.49,4227.36,58.88,101.74,130.53,122.43,53.97,283.97,,,4609,2017-03-06 00:00:00,,,,,,,,
2017-03-03 00:00:00,689.00,723.34,6.03,88.76,844.64,521.73,486.47,487.92,680.15,514.64,64.38,852.73,190.83,16638.00,53.28,54.40,4273.82,59.33,102.64,131.79,123.08,54.08,290.26,,,4610,2017-03-03 00:00:00,,,,,,,,
2017-03-02 00:00:00,688.00,725.36,6.04,88.64,845.21,527.23,490.76,487.58,681.54,515.82,64.40,846.79,189.23,16568.00,53.38,54.51,4240.19,59.04,102.50,131.58,122.32,53.08,288.10,,,4611,2017-03-02 00:00:00,,,,,,,,
2017-03-01 00:00:00,688.00,726.48,6.09,88.63,850.90,526.29,493.20,489.31,683.50,516.91,64.35,848.91,190.83,16511.00,53.37,54.50,4236.54,59.20,102.23,131.47,122.03,52.98,292.82,,,4612,2017-03-01 00:00:00,,,,,,,,
2017-02-28 00:00:00,688.00,727.74,6.10,88.58,854.67,527.58,493.86,489.15,680.99,521.24,64.39,845.75,189.21,16498.00,53.42,54.55,4226.00,59.26,102.15,131.88,121.80,52.47,289.58,,,4613,2017-02-28 00:00:00,,,,,,,,
2017-02-27 00:00:00,688.00,725.89,6.13,88.67,853.31,527.68,494.81,489.30,682.33,524.83,64.40,848.94,187.91,16461.00,53.37,54.50,4247.16,59.38,102.32,131.33,121.74,52.31,288.95,,,4614,2017-02-27 00:00:00,,,,,,,,
2017-02-24 00:00:00,687.00,726.94,6.09,88.48,862.55,529.47,496.28,487.86,682.46,524.20,64.59,841.91,187.45,16519.00,53.49,54.62,4247.16,59.19,102.29,130.97,121.39,51.98,286.83,,,4615,2017-02-24 00:00:00,,,,,,,,
2017-02-23 00:00:00,687.00,725.43,6.06,88.52,856.18,528.40,493.63,485.81,679.88,522.10,64.67,843.33,189.39,16599.00,53.46,54.59,4246.31,59.28,102.54,130.67,121.79,52.15,289.80,,,4616,2017-02-23 00:00:00,,,,,,,,
2017-02-22 00:00:00,688.00,725.47,6.06,88.69,859.32,528.15,492.68,484.61,682.06,523.59,64.61,833.91,190.89,16604.00,53.36,54.49,4241.13,59.20,102.44,130.35,121.32,52.63,290.61,,,4617,2017-02-22 00:00:00,,,,,,,,
2017-02-21 00:00:00,688.00,729.44,6.08,88.64,857.43,528.50,493.62,484.85,685.81,524.97,64.60,842.71,189.54,16674.00,53.39,54.52,4217.80,59.16,101.85,129.88,121.24,52.72,296.14,,,4618,2017-02-21 00:00:00,,,,,,,,
2017-02-20 00:00:00,687.00,729.79,6.09,88.57,854.54,527.47,493.80,484.66,686.38,525.42,64.63,848.50,189.75,16714.00,53.43,54.56,4218.75,59.24,101.74,129.50,121.23,52.85,297.37,,,4619,2017-02-20 00:00:00,,,,,,,,
2017-02-17 00:00:00,685.00,730.89,6.04,88.22,854.87,526.75,493.69,483.30,686.59,523.56,64.86,840.27,190.05,16686.00,53.65,54.78,4207.68,59.08,101.76,129.41,121.02,53.56,297.90,,,4620,2017-02-17 00:00:00,,,,,,,,
2017-02-16 00:00:00,686.00,727.84,6.01,88.43,855.56,529.50,495.80,483.89,682.95,525.03,64.63,833.76,188.15,16571.00,53.51,54.64,4234.14,59.26,102.16,129.97,121.54,53.31,295.54,,,4621,2017-02-16 00:00:00,,,,,,,,
2017-02-15 00:00:00,686.00,726.18,6.00,88.45,855.64,526.21,491.84,483.16,677.35,524.71,64.62,830.90,190.78,16618.00,53.52,54.65,4245.10,59.31,102.49,130.21,122.41,53.23,295.41,,,4622,2017-02-15 00:00:00,,,,,,,,
2017-02-14 00:00:00,688.00,729.48,6.05,88.67,861.96,526.24,494.20,483.49,684.28,526.58,64.49,842.24,193.67,16709.00,53.38,54.50,4224.93,59.09,101.95,129.88,121.92,53.34,294.82,,,4623,2017-02-14 00:00:00,,,,,,,,
2017-02-13 00:00:00,689.00,731.48,6.05,88.81,859.98,528.05,495.21,483.91,685.81,525.17,64.40,847.67,194.16,16709.00,53.32,54.44,4213.84,58.73,101.66,129.66,121.88,53.62,295.25,,,4624,2017-02-13 00:00:00,,,,,,,,
2017-02-10 00:00:00,688.00,733.06,6.07,88.71,859.72,524.48,494.53,483.64,686.75,523.47,64.37,858.10,194.93,16715.00,53.38,54.51,4202.24,58.83,101.42,129.44,121.16,53.55,295.88,,,4625,2017-02-10 00:00:00,,,,,,,,
2017-02-09 00:00:00,687.00,734.95,6.14,88.55,861.11,524.68,497.72,485.06,690.47,522.81,64.41,861.21,195.25,16672.00,53.45,54.58,4204.02,58.73,101.18,128.64,121.07,54.00,298.18,,,4626,2017-02-09 00:00:00,,,,,,,,
2017-02-08 00:00:00,688.00,735.39,6.14,88.74,861.87,525.50,503.03,485.69,691.17,522.69,64.23,861.91,194.87,16598.00,53.25,54.36,4193.02,58.48,100.97,128.72,120.71,54.22,298.97,,,4627,2017-02-08 00:00:00,,,,,,,,
2017-02-07 00:00:00,686.00,736.93,6.14,88.43,855.35,524.69,501.96,486.49,692.09,524.43,64.42,858.79,194.02,16588.00,53.54,54.67,4204.06,58.27,100.90,128.69,120.37,53.74,299.57,,,4628,2017-02-07 00:00:00,,,,,,,,
2017-02-06 00:00:00,686.00,740.10,6.10,88.43,857.29,526.64,502.18,487.88,692.13,527.35,64.21,858.66,193.23,16616.00,53.48,54.61,4182.62,58.11,100.44,127.70,119.52,53.94,297.26,,,4629,2017-02-06 00:00:00,,,,,,,,
2017-02-03 00:00:00,686.00,738.25,6.08,88.35,859.24,524.88,499.72,486.06,691.23,526.43,64.46,865.30,195.20,16724.00,53.56,54.69,4191.76,58.49,100.76,127.56,120.26,54.52,299.22,,,4630,2017-02-03 00:00:00,,,,,,,,
2017-01-26 00:00:00,686.00,738.21,6.06,88.42,867.56,520.23,501.08,486.13,687.59,525.44,64.42,864.80,192.75,16917.00,53.47,54.60,4195.54,58.96,100.70,128.37,120.95,55.80,306.49,,,4631,2017-01-26 00:00:00,,,,,,,,
2017-01-25 00:00:00,686.00,736.13,6.03,88.43,860.42,520.28,497.66,483.24,686.01,522.18,64.39,863.71,194.66,17000.00,53.46,54.58,4212.91,59.28,100.93,128.87,121.63,55.06,313.23,,,4632,2017-01-25 00:00:00,,,,,,,,
2017-01-24 00:00:00,683.00,736.44,6.07,88.09,856.60,518.81,495.16,482.80,686.13,516.73,64.65,869.69,196.92,17014.00,53.73,54.86,4216.20,59.43,101.01,129.14,122.06,54.93,312.46,,,4633,2017-01-24 00:00:00,,,,,,,,
2017-01-23 00:00:00,686.00,735.09,6.02,88.39,849.34,518.91,491.81,482.79,685.25,515.20,64.56,869.27,198.41,17047.00,53.55,54.68,4209.30,59.47,101.17,129.45,122.34,54.97,313.82,,,4634,2017-01-23 00:00:00,,,,,,,,
2017-01-20 00:00:00,687.00,732.30,5.98,88.55,848.25,519.83,494.25,482.05,683.19,515.96,64.54,869.38,197.14,17105.00,53.41,54.54,4211.72,59.65,101.46,130.22,122.86,55.68,319.00,,,4635,2017-01-20 00:00:00,,,,,,,,
2017-01-19 00:00:00,686.00,728.78,5.98,88.40,840.25,514.64,488.70,479.30,680.21,517.01,64.72,868.20,198.95,17131.00,53.59,54.72,4223.67,59.88,102.08,130.60,123.96,55.48,319.69,,,4636,2017-01-19 00:00:00,,,,,,,,
2017-01-18 00:00:00,685.00,734.04,6.07,88.36,848.96,517.31,493.38,483.16,683.20,524.42,64.91,867.76,196.57,17024.00,53.63,54.76,4190.37,59.52,101.41,129.89,123.45,54.90,314.10,,,4637,2017-01-18 00:00:00,,,,,,,,
2017-01-17 00:00:00,690.00,732.16,6.05,88.96,831.83,516.16,490.46,483.14,683.26,524.47,64.45,867.64,198.03,17143.00,53.16,54.28,4199.23,59.70,101.52,129.53,123.43,55.15,313.86,,,4638,2017-01-17 00:00:00,,,,,,,,
2017-01-16 00:00:00,689.00,732.52,6.03,88.81,829.58,516.78,491.41,482.57,682.56,524.94,64.56,865.53,196.42,17069.00,53.32,54.44,4192.32,59.87,101.50,129.55,123.54,54.27,312.19,,,4639,2017-01-16 00:00:00,,,,,,,,
2017-01-13 00:00:00,689.00,731.29,6.00,88.86,836.93,515.20,489.49,482.66,681.11,523.52,64.58,862.16,196.65,17130.00,53.35,54.47,4207.14,59.82,101.76,130.02,123.85,54.67,316.23,,,4640,2017-01-13 00:00:00,,,,,,,,
2017-01-12 00:00:00,691.00,731.99,6.00,89.16,843.41,514.51,488.08,484.78,682.15,524.91,64.51,863.27,198.66,17187.00,53.12,54.24,4201.84,59.70,101.57,130.53,123.61,56.00,316.51,,,4641,2017-01-12 00:00:00,,,,,,,,
2017-01-11 00:00:00,692.00,730.92,5.98,89.28,843.16,509.86,483.60,481.95,681.11,523.09,64.48,869.40,198.38,17299.00,53.04,54.16,4228.68,59.79,101.72,131.14,124.20,54.87,315.18,,,4642,2017-01-11 00:00:00,,,,,,,,
2017-01-10 00:00:00,692.00,733.09,5.97,89.27,842.52,509.12,485.32,482.38,682.80,523.97,64.48,867.94,197.25,17369.00,53.04,54.16,4201.86,59.74,101.37,130.48,123.18,53.61,308.68,,,4643,2017-01-10 00:00:00,,,,,,,,
2017-01-09 00:00:00,693.00,729.30,5.92,89.31,850.87,506.96,483.11,481.69,682.17,524.05,64.39,864.93,197.92,17306.00,52.89,54.01,4205.14,59.58,101.72,130.59,123.00,52.45,305.86,,,4644,2017-01-09 00:00:00,,,,,,,,
2017-01-06 00:00:00,687.00,728.43,5.95,88.55,851.57,503.52,481.70,480.21,678.90,518.29,65.10,871.08,198.38,17249.00,53.57,54.71,4234.61,60.02,102.23,131.27,123.69,52.42,312.00,,,4645,2017-01-06 00:00:00,,,,,,,,
2017-01-05 00:00:00,693.00,729.03,5.92,89.38,854.36,505.04,483.44,481.91,679.30,521.28,64.69,874.41,196.38,17270.00,52.99,54.11,4230.50,60.00,102.12,131.20,123.83,51.51,309.34,,,4646,2017-01-05 00:00:00,,,,,,,,
2017-01-04 00:00:00,695.00,724.69,5.92,89.64,852.32,503.37,481.35,480.51,678.42,518.93,64.40,877.86,198.28,17318.00,52.73,53.85,4264.10,60.47,102.53,131.49,124.21,51.57,303.14,,,4647,2017-01-04 00:00:00,,,,,,,,
2017-01-03 00:00:00,695.00,727.72,5.93,89.59,854.96,500.88,482.42,479.88,680.34,517.91,64.36,881.49,197.13,17355.00,52.75,53.86,4243.33,60.56,102.07,131.04,124.28,50.89,297.90,,,4648,2017-01-03 00:00:00,,,,,,,,
2024-01-24 00:00:00,711.00,774.07,4.81,90.84,904.98,469.74,435.76,531.31,819.47,529.91,66.52,1243.20,267.35,18726.00,51.57,52.65,5003.81,56.86,96.53,147.00,147.35,425.09,243.56,500.02,113.45,10340,2024-01-24 00:00:00,,,,,,,,
2024-01-23 00:00:00,711.00,776.35,4.82,90.97,906.88,469.24,434.34,531.35,821.29,529.67,66.51,1231.94,269.52,18714.00,51.51,52.60,4954.65,56.34,96.30,146.65,147.48,424.25,241.57,498.01,113.29,10341,2024-01-23 00:00:00,,,,,,,,
2024-01-22 00:00:00,711.00,776.79,4.82,90.95,905.63,470.61,437.12,531.67,821.02,531.07,66.32,1232.41,267.16,18664.00,51.54,52.63,4931.59,56.19,96.22,146.69,147.15,423.73,240.32,497.35,113.31,10342,2024-01-22 00:00:00,,,,,,,,
2024-01-19 00:00:00,712.00,775.51,4.83,91.01,907.08,469.57,437.02,530.94,822.40,529.55,66.26,1249.46,265.55,18679.00,51.49,52.58,4936.74,56.61,96.26,147.03,147.77,422.53,241.22,496.74,113.23,10343,2024-01-19 00:00:00,,,,,,,,
2024-01-18 00:00:00,712.00,777.37,4.83,91.02,905.70,468.25,437.61,530.94,826.45,529.25,66.22,1235.18,267.44,18753.00,51.45,52.53,4902.66,56.70,96.13,146.21,147.22,422.04,241.55,496.69,113.22,10344,2024-01-18 00:00:00,,,,,,,,
2024-01-17 00:00:00,712.00,777.29,4.86,90.95,903.63,471.46,439.78,532.20,830.12,530.23,65.93,1233.26,265.62,18630.00,51.41,52.50,4893.32,56.63,96.07,145.97,146.42,421.71,241.63,494.43,113.30,10345,2024-01-17 00:00:00,,,,,,,,
2024-01-16 00:00:00,711.00,780.30,4.89,90.93,906.93,474.53,441.89,534.42,833.18,531.13,65.68,1229.48,262.26,18513.00,51.54,52.63,4865.92,56.14,95.76,144.89,145.32,422.23,237.64,489.85,113.32,10346,2024-01-16 00:00:00,,,,,,,,
2024-01-15 00:00:00,711.00,779.75,4.91,90.90,907.47,476.77,444.59,534.55,835.10,531.45,65.39,1235.75,262.38,18412.00,51.60,52.69,4873.85,55.99,95.82,144.41,144.53,422.56,237.38,490.03,113.31,10347,2024-01-15 00:00:00,,,,,,,,
2024-01-12 00:00:00,711.00,781.42,4.91,90.89,909.17,476.85,444.60,535.06,836.02,531.92,65.32,1244.34,262.20,18420.00,51.62,52.71,4858.34,55.79,95.59,144.06,144.74,422.33,237.88,491.08,113.32,10348,2024-01-12 00:00:00,,,,,,,,
2024-01-11 00:00:00,711.00,781.39,4.89,90.94,907.57,477.70,444.39,534.73,837.37,532.52,65.30,1253.83,262.24,18469.00,51.59,52.69,4846.92,55.58,95.61,143.47,145.34,419.39,238.98,490.96,113.27,10349,2024-01-11 00:00:00,,,,,,,,
2024-01-10 00:00:00,711.00,778.09,4.93,90.90,904.88,476.18,444.71,534.67,835.38,531.84,65.40,1256.84,262.32,18476.00,51.62,52.71,4879.93,55.97,95.98,143.99,145.63,421.09,238.93,490.01,113.40,10350,2024-01-10 00:00:00,,,,,,,,
2024-01-09 00:00:00,710.00,778.76,4.94,90.93,906.43,478.11,445.06,535.30,838.70,532.78,65.54,1276.36,261.65,18421.00,51.68,52.77,4857.74,55.76,95.92,143.77,145.77,420.93,237.22,490.54,113.27,10351,2024-01-09 00:00:00,,,,,,,,
2024-01-08 00:00:00,710.00,778.28,4.91,90.91,904.50,478.00,444.95,534.89,836.01,532.65,65.47,1276.55,262.65,18440.00,51.64,52.73,4863.12,55.92,95.96,144.29,145.07,419.36,237.75,486.57,113.37,10352,2024-01-08 00:00:00,,,,,,,,
2024-01-05 00:00:00,710.00,779.07,4.92,90.94,902.83,477.56,444.12,535.14,837.31,533.22,65.36,1280.43,262.98,18383.00,51.63,52.72,4870.59,55.90,95.87,143.51,144.66,419.45,239.67,484.40,113.17,10353,2024-01-05 00:00:00,,,,,,,,
2024-01-04 00:00:00,710.00,777.62,4.98,90.95,902.16,479.59,445.36,535.69,838.55,533.57,65.20,1287.37,262.86,18328.00,51.61,52.70,4895.66,56.04,96.00,144.44,145.33,418.48,239.42,482.73,113.34,10354,2024-01-04 00:00:00,,,,,,,,
2024-01-03 00:00:00,710.00,778.02,5.01,90.86,897.94,481.74,445.61,536.21,837.12,534.27,64.94,1273.68,261.09,18334.00,51.67,52.76,4914.31,56.25,95.90,143.45,145.47,418.55,240.07,480.36,113.35,10355,2024-01-03 00:00:00,,,,,,,,
2024-01-02 00:00:00,708.00,782.18,5.03,90.56,902.26,482.77,447.84,537.00,841.94,535.20,64.81,1260.60,258.32,18207.00,51.83,52.92,4896.92,55.57,95.33,142.10,143.53,416.66,239.40,483.68,113.74,10356,2024-01-02 00:00:00,,,,,,,,
2024-02-28 00:00:00,711.00,772.90,4.74,90.82,903.84,466.95,440.92,530.05,810.88,527.16,66.98,1287.00,268.30,18631.00,51.57,52.66,5072.76,55.89,96.73,144.57,147.84,437.19,240.21,502.41,113.46,10357,2024-02-28 00:00:00,,,,,,,,
2024-02-27 00:00:00,711.00,773.09,4.74,90.83,903.59,466.21,440.25,529.52,809.57,527.94,67.24,1291.14,271.21,18631.00,51.58,52.67,5049.41,55.91,96.69,144.27,147.64,436.99,240.61,502.82,113.45,10358,2024-02-27 00:00:00,,,,,,,,
2024-02-26 00:00:00,711.00,771.71,4.75,90.84,903.78,468.57,442.09,530.48,809.46,528.64,67.16,1316.00,271.17,18607.00,51.53,52.62,5054.16,55.98,96.84,144.75,147.78,435.64,240.78,503.15,113.46,10359,2024-02-26 00:00:00,,,,,,,,
2024-02-23 00:00:00,711.00,771.02,4.74,90.85,902.09,467.79,442.44,530.24,809.50,528.82,67.30,1302.38,269.30,18582.00,51.61,52.71,5043.08,56.26,96.95,144.80,147.48,436.28,240.98,502.85,113.43,10360,2024-02-23 00:00:00,,,,,,,,
2024-02-22 00:00:00,710.00,770.88,4.74,90.82,900.13,467.15,441.27,529.54,810.05,528.01,67.50,1292.60,265.78,18662.00,51.60,52.67,5036.86,56.16,96.96,145.40,147.18,435.68,240.06,502.56,113.47,10361,2024-02-22 00:00:00,,,,,,,,
2024-02-21 00:00:00,710.00,769.94,4.76,90.83,899.00,467.15,440.18,529.64,807.60,527.15,67.55,1290.47,265.95,18679.00,51.62,52.70,5049.46,56.22,97.07,145.38,147.30,434.32,240.26,504.13,113.46,10362,2024-02-21 00:00:00,,,,,,,,
2024-02-20 00:00:00,711.00,767.99,4.75,90.86,897.38,466.05,438.81,529.12,807.54,528.52,67.42,1293.05,266.27,18674.00,51.56,52.65,5078.46,56.54,97.32,145.78,147.31,433.33,239.96,504.61,113.44,10363,2024-02-20 00:00:00,,,,,,,,
2024-02-19 00:00:00,710.00,767.96,4.76,90.82,899.04,466.02,437.36,529.45,809.74,529.47,67.25,1290.00,264.91,18626.00,51.54,52.63,5072.61,56.57,97.21,146.32,147.61,432.70,239.85,503.24,113.51,10364,2024-02-19 00:00:00,,,,,,,,
2024-02-09 00:00:00,710.00,768.58,4.79,90.82,900.17,463.66,436.41,529.16,816.68,530.35,67.13,1274.16,266.29,18585.00,51.53,52.61,5071.33,56.44,97.22,146.82,148.92,430.18,241.15,501.25,113.41,10365,2024-02-09 00:00:00,,,,,,,,
2024-02-08 00:00:00,711.00,767.81,4.82,90.88,899.80,465.35,436.46,530.29,815.14,529.71,66.99,1280.61,265.56,18569.00,51.58,52.67,5071.13,56.71,97.38,147.00,148.58,429.43,240.08,498.08,113.34,10366,2024-02-08 00:00:00,,,,,,,,
2024-02-07 00:00:00,710.00,766.09,4.82,90.84,897.30,465.17,435.08,529.67,818.88,528.26,67.09,1267.81,264.74,18550.00,51.62,52.70,5057.70,56.92,97.63,147.44,148.76,429.47,239.94,497.87,113.50,10367,2024-02-07 00:00:00,,,,,,,,
2024-02-06 00:00:00,711.00,766.69,4.81,90.86,894.76,463.14,433.06,529.43,819.91,527.61,66.80,1266.51,267.43,18593.00,51.50,52.58,5057.07,56.79,97.49,148.40,149.84,428.02,240.77,499.93,113.36,10368,2024-02-06 00:00:00,,,,,,,,
2024-02-05 00:00:00,711.00,767.55,4.81,90.86,900.20,463.30,432.07,530.85,821.88,530.17,66.34,1271.17,265.48,18593.00,51.55,52.63,5017.03,56.39,97.28,147.63,149.38,427.71,241.68,496.15,113.45,10369,2024-02-05 00:00:00,,,,,,,,
2024-02-02 00:00:00,710.00,773.20,4.86,90.81,906.67,467.75,437.42,532.12,829.65,531.88,66.57,1267.06,261.48,18631.00,51.66,52.74,4957.16,55.91,96.54,146.02,146.86,428.08,240.56,495.80,113.51,10370,2024-02-02 00:00:00,,,,,,,,
2024-02-01 00:00:00,710.00,769.53,4.86,90.88,903.94,468.10,436.21,531.51,826.89,530.79,66.55,1259.09,262.21,18657.00,51.56,52.65,4991.87,56.31,96.95,146.00,147.74,426.16,242.14,497.62,113.43,10371,2024-02-01 00:00:00,,,,,,,,
2024-01-31 00:00:00,710.00,771.53,4.83,90.88,904.21,469.55,436.93,531.44,826.51,531.73,66.51,1255.90,264.02,18626.00,51.60,52.68,5012.23,56.43,96.71,146.29,146.83,426.41,241.42,495.65,113.40,10372,2024-01-31 00:00:00,,,,,,,,
2024-01-30 00:00:00,711.00,771.50,4.84,90.95,905.74,471.27,437.47,531.73,827.23,531.58,66.48,1249.77,264.24,18661.00,51.58,52.67,5049.75,56.69,96.73,146.63,146.40,426.14,242.31,496.18,113.31,10373,2024-01-30 00:00:00,,,,,,,,
2024-01-29 00:00:00,711.00,772.18,4.82,90.97,904.89,468.91,434.55,530.68,825.19,530.31,66.54,1257.43,264.00,18704.00,51.56,52.65,5033.06,56.65,96.64,146.93,146.51,425.32,241.51,498.78,113.28,10374,2024-01-29 00:00:00,,,,,,,,
2024-01-26 00:00:00,711.00,772.56,4.83,90.91,905.59,469.41,436.00,531.28,821.81,528.96,66.58,1244.72,265.38,18717.00,51.57,52.66,4993.97,56.72,96.64,146.57,146.55,425.31,242.05,500.73,113.36,10375,2024-01-26 00:00:00,,,,,,,,
2024-01-25 00:00:00,710.00,774.46,4.83,90.87,905.23,468.45,435.57,530.98,824.11,526.43,66.61,1242.67,265.71,18715.00,51.63,52.73,5008.25,56.69,96.45,146.69,147.13,425.12,242.77,501.45,113.41,10376,2024-01-25 00:00:00,,,,,,,,
2024-07-04,713.05,772.32,4.45,91.29,911.96,480.99,438.53,528.49,792.58,525.41,66.20,1230.43,257.86,19257.00,51.36,52.46,5133.10,55.91,96.97,146.54,147.64,454.98,255.30,510.22,112.88,10462,2024-07-04 00:00:00,,,2024-07-04 13:18:15,,2024-07-04 13:18:15,,,
2024-07-03,713.12,769.39,4.46,91.28,908.31,478.30,436.97,527.35,790.80,524.13,66.24,1221.26,260.36,19275.00,51.35,52.45,5152.06,56.25,97.28,147.67,149.17,454.88,256.40,512.21,112.92,10463,2024-07-03 00:00:00,,,2024-07-04 13:18:15,,2024-07-04 13:18:15,,,
2024-07-02,712.91,768.92,4.46,91.27,905.82,477.79,436.30,527.03,792.09,522.37,66.16,1207.04,256.47,19216.00,51.33,52.43,5155.36,56.39,97.38,148.06,148.99,455.94,258.01,510.64,112.93,10464,2024-07-02 00:00:00,,,2024-07-04 13:18:15,,2024-07-04 13:18:15,,,
2024-07-01,712.65,767.87,4.47,91.26,904.27,477.68,437.58,527.13,793.44,523.36,66.21,1192.75,253.01,19207.00,51.43,52.54,5162.87,56.43,97.56,147.81,149.21,457.87,256.90,511.51,112.93,10465,2024-07-01 00:00:00,,,2024-07-04 13:18:15,,2024-07-04 13:18:15,,,
2024-06-28,712.68,766.17,4.47,91.27,904.30,476.50,436.90,527.90,794.71,522.74,66.25,1188.94,258.46,19273.00,51.38,52.48,5198.00,56.53,97.74,148.44,149.13,459.74,259.24,512.40,112.91,10466,2024-06-28 00:00:00,,,2024-07-04 13:18:15,,2024-07-04 13:18:15,,,
2024-06-27,712.70,765.01,4.48,91.27,904.23,476.97,437.10,526.58,797.24,523.34,66.19,1226.68,254.10,19315.00,51.31,52.41,5211.34,56.68,97.86,147.26,149.28,458.72,257.21,513.17,112.85,10467,2024-06-27 00:00:00,,,2024-07-04 13:18:15,,2024-07-04 13:18:15,,,
2024-06-26,712.48,766.54,4.50,91.24,907.82,476.53,439.63,527.85,798.19,524.56,66.09,1221.69,255.37,19316.00,51.37,52.47,5189.02,56.36,97.69,146.82,148.50,460.77,254.78,510.76,112.97,10468,2024-06-26 00:00:00,,,2024-07-04 13:18:15,,2024-07-04 13:18:15,,,
2024-06-25,712.25,767.03,4.49,91.23,906.03,476.26,438.98,527.74,798.56,523.63,66.20,1222.28,253.85,19288.00,51.44,52.55,5173.58,56.19,97.66,146.54,147.69,461.10,252.50,511.07,112.98,10469,2024-06-25 00:00:00,,,2024-07-04 13:18:15,,2024-07-04 13:18:15,,,
2024-06-24,712.01,765.07,4.50,91.24,904.50,475.89,439.03,527.80,799.15,523.14,66.14,1239.28,252.15,19308.00,51.35,52.45,5207.25,56.81,97.85,146.77,147.92,458.92,254.59,511.08,112.96,10470,2024-06-24 00:00:00,,,2024-07-04 13:18:15,,2024-07-04 13:18:15,,,
2024-06-21,711.96,766.23,4.52,91.23,906.24,477.61,439.95,527.94,801.61,524.18,66.21,1213.08,251.63,19302.00,51.37,52.46,5203.93,56.75,97.73,146.64,147.45,459.05,257.89,511.00,112.97,10471,2024-06-21 00:00:00,,,2024-07-04 13:18:15,,2024-07-04 13:18:15,,,
2024-06-20,711.92,768.01,4.54,91.20,908.66,477.61,440.16,528.64,806.51,521.81,66.19,1162.70,251.54,19239.00,51.45,52.55,5178.24,56.57,97.52,146.02,147.92,455.26,259.40,510.83,113.01,10472,2024-06-20 00:00:00,,,2024-07-04 13:18:15,,2024-07-04 13:18:15,,,
2024-06-19,711.59,766.87,4.54,91.14,907.06,476.19,439.79,528.09,806.06,520.98,66.21,1195.38,253.12,19231.00,51.48,52.59,5162.00,56.83,97.66,146.21,148.33,456.33,259.16,511.16,113.09,10473,2024-06-19 00:00:00,,,2024-07-04 13:18:15,,2024-07-04 13:18:15,,,
2024-06-18,711.48,767.49,4.55,91.10,908.28,473.64,439.76,528.47,802.68,521.62,66.19,1236.27,255.75,19201.00,51.42,52.53,5175.14,56.85,97.52,146.49,149.22,459.26,260.77,512.62,113.14,10474,2024-06-18 00:00:00,,,2024-07-04 13:18:15,,2024-07-04 13:18:15,,,
2024-06-17,711.49,765.55,4.55,91.09,907.58,474.05,440.47,528.05,801.63,521.32,66.28,1247.45,257.31,19209.00,51.37,52.47,5221.64,57.39,97.77,147.03,149.44,458.14,259.95,510.42,113.08,10475,2024-06-17 00:00:00,,,2024-07-04 13:18:15,,2024-07-04 13:18:15,,,
2024-06-14,711.51,767.95,4.56,91.09,912.28,475.18,441.96,528.96,798.58,521.04,66.20,1224.12,258.21,19132.00,51.40,52.50,5193.72,56.90,97.46,146.50,149.05,454.85,259.37,511.27,113.13,10476,2024-06-14 00:00:00,,,2024-07-04 13:18:15,,2024-07-04 13:18:15,,,
2024-06-13,711.22,771.97,4.56,91.08,913.06,476.24,442.69,529.41,796.72,520.64,66.26,1244.92,257.97,19093.00,51.49,52.59,5139.77,56.38,97.00,145.36,148.32,453.04,264.04,510.86,113.14,10477,2024-06-13 00:00:00,,,2024-07-04 13:18:15,,2024-07-04 13:18:15,,,
2024-06-12,711.33,767.88,4.56,91.08,910.85,473.48,440.99,528.22,794.99,520.53,66.30,1243.19,260.10,19163.00,51.40,52.48,5169.68,56.79,97.45,146.61,149.69,453.05,260.96,511.25,113.14,10478,2024-06-12 00:00:00,,,2024-07-04 13:18:15,,2024-07-04 13:18:15,,,
2024-06-11,711.35,769.70,4.56,91.06,910.60,473.35,439.96,528.40,796.53,520.48,66.33,1237.68,262.41,19124.00,51.39,52.48,5133.12,56.49,97.25,146.48,148.97,453.09,259.42,511.53,113.15,10479,2024-06-11 00:00:00,,,2024-07-04 13:18:15,,2024-07-04 13:18:15,,,
2024-06-07,711.06,777.60,4.60,91.04,913.05,476.88,443.91,530.27,802.28,522.81,66.04,1244.33,266.36,19071.00,51.49,52.58,5035.00,55.33,96.28,145.47,147.96,452.14,251.80,507.89,113.20,10480,2024-06-07 00:00:00,,,2024-07-04 13:18:15,,2024-07-04 13:18:15,,,
2024-06-06,711.08,776.64,4.59,91.06,913.53,475.98,444.01,529.45,799.92,522.19,66.07,1241.74,265.73,19093.00,51.48,52.57,5050.04,55.50,96.39,145.49,148.18,451.77,246.35,510.04,113.17,10481,2024-06-06 00:00:00,,,2024-07-04 13:18:15,,2024-07-04 13:18:15,,,
2024-06-05,710.97,776.98,4.62,91.02,911.99,475.50,442.51,529.94,802.23,522.68,66.10,1247.31,262.73,19169.00,51.48,52.57,5082.41,55.68,96.34,146.15,148.08,457.17,250.58,510.34,113.21,10482,2024-06-05 00:00:00,,,2024-07-04 13:18:15,,2024-07-04 13:18:15,,,
2024-06-04,710.83,777.87,4.58,90.91,913.16,477.77,442.96,529.68,796.35,523.59,66.07,1246.09,260.24,19175.00,51.56,52.65,5038.68,55.16,96.26,145.94,146.66,451.42,248.65,511.94,113.35,10483,2024-06-04 00:00:00,,,2024-07-04 13:18:15,,2024-07-04 13:18:15,,,
2024-06-03,710.86,774.57,4.55,90.89,909.51,475.84,440.32,528.13,791.35,524.40,66.20,1260.36,263.79,19258.00,51.50,52.59,5049.31,55.40,96.62,147.50,147.29,451.54,238.77,513.29,113.39,10484,2024-06-03 00:00:00,,,2024-07-04 13:18:15,,2024-07-04 13:18:15,,,
2024-05-31,710.88,773.22,4.56,90.93,908.53,474.02,438.05,528.49,790.16,522.24,66.15,1257.06,262.87,19221.00,51.49,52.59,5053.33,55.60,96.79,148.32,147.90,451.78,239.24,512.17,113.28,10485,2024-05-31 00:00:00,,,2024-07-04 13:18:15,,2024-07-04 13:18:15,,,
2024-05-30,711.11,772.22,4.55,91.02,908.14,473.66,438.77,528.31,783.33,521.89,66.19,1246.75,258.62,19072.00,51.39,52.48,5045.43,55.68,96.94,149.24,148.29,451.31,239.36,513.02,113.22,10486,2024-05-30 00:00:00,,,2024-07-04 13:18:15,,2024-07-04 13:18:15,,,
2024-05-29,711.06,775.08,4.55,91.03,911.16,475.58,440.15,529.07,782.83,523.88,66.06,1234.99,256.50,18970.00,51.47,52.56,4986.66,55.15,96.64,148.08,147.44,451.57,236.23,510.60,113.21,10487,2024-05-29 00:00:00,,,2024-07-04 13:18:15,,2024-07-04 13:18:15,,,
2024-05-28,711.01,775.04,4.56,91.08,910.96,475.61,440.47,528.67,781.04,523.93,66.05,1239.53,258.03,18980.00,51.54,52.64,4986.16,55.24,96.67,148.73,147.22,450.48,234.67,510.34,113.14,10488,2024-05-28 00:00:00,,,2024-07-04 13:18:15,,2024-07-04 13:18:15,,,
2024-05-27,710.91,774.02,4.56,90.98,908.51,473.52,438.28,528.28,780.36,522.27,66.26,1249.42,258.37,19054.00,51.52,52.61,4982.70,55.17,96.73,149.38,148.72,451.55,234.59,511.35,113.27,10489,2024-05-27 00:00:00,,,2024-07-04 13:18:15,,2024-07-04 13:18:15,,,
2024-05-24,711.02,772.54,4.56,91.05,907.17,472.69,437.33,528.14,781.42,521.08,66.23,1277.11,258.98,19030.00,51.45,52.53,5022.39,55.44,96.92,150.21,149.50,450.95,235.20,510.21,113.19,10490,2024-05-24 00:00:00,,,2024-07-04 13:18:15,,2024-07-04 13:18:15,,,
2024-05-23,710.98,773.30,4.57,91.09,908.67,473.96,437.55,528.81,780.56,522.47,66.06,1257.28,256.56,19009.00,51.46,52.55,5026.95,55.44,96.83,150.26,150.02,451.15,234.31,507.94,113.12,10491,2024-05-23 00:00:00,,,2024-07-04 13:18:15,,2024-07-04 13:18:15,,,
2024-05-22,710.77,775.08,4.58,91.07,907.46,476.94,436.68,529.40,783.56,524.01,66.05,1261.20,253.52,19012.00,51.49,52.58,4993.24,55.09,96.58,149.69,149.52,451.15,233.86,507.51,113.16,10492,2024-05-22 00:00:00,,,2024-07-04 13:18:15,,2024-07-04 13:18:15,,,
2024-05-21,710.69,775.03,4.58,91.15,907.05,476.87,437.43,529.16,784.01,524.39,65.99,1266.32,255.02,18952.00,51.51,52.60,5000.50,55.12,96.60,149.72,150.08,451.52,232.96,503.98,113.06,10493,2024-05-21 00:00:00,,,2024-07-04 13:18:15,,2024-07-04 13:18:15,,,
2024-05-20,710.42,775.28,4.59,91.03,905.83,478.43,438.62,529.50,784.40,524.48,65.96,1270.79,255.23,18916.00,51.55,52.63,5010.38,55.15,96.52,150.08,149.83,452.23,233.62,504.51,113.18,10494,2024-05-20 00:00:00,,,2024-07-04 13:18:15,,2024-07-04 13:18:15,,,
2024-05-17,710.45,774.46,4.60,91.06,903.02,476.79,438.01,528.96,786.41,523.87,65.95,1270.00,255.53,18856.00,51.59,52.68,5011.20,55.20,96.69,150.32,150.27,452.68,234.93,506.26,113.17,10495,2024-05-17 00:00:00,,,2024-07-04 13:18:15,,2024-07-04 13:18:15,,,
2024-05-16,710.20,774.98,4.62,91.00,902.68,477.15,437.23,529.27,789.71,523.64,66.06,1273.49,256.93,18969.00,51.66,52.75,4994.95,55.18,96.61,149.71,149.93,452.33,235.17,508.52,113.27,10496,2024-05-16 00:00:00,,,2024-07-04 13:18:15,,2024-07-04 13:18:15,,,
2024-05-15,710.49,771.29,4.57,90.96,897.50,473.16,432.40,526.95,786.34,522.75,66.31,1274.89,258.45,19050.00,51.53,52.64,5023.48,55.56,97.08,151.52,151.65,452.87,237.17,510.95,113.30,10497,2024-05-15 00:00:00,,,2024-07-04 13:18:15,,2024-07-04 13:18:15,,,
2024-05-14,710.53,769.51,4.58,90.96,895.38,471.97,430.69,526.57,785.13,522.22,66.58,1277.86,257.84,19073.00,51.55,52.63,5048.54,55.92,97.29,151.99,151.77,452.41,236.51,513.89,113.29,10498,2024-05-14 00:00:00,,,2024-07-04 13:18:15,,2024-07-04 13:18:15,,,
2024-05-13,710.30,768.29,4.59,90.89,893.54,471.73,430.84,526.04,786.94,522.07,66.72,1292.00,258.86,19119.00,51.54,52.63,5067.70,56.20,97.42,151.99,152.24,452.28,236.25,513.45,113.37,10499,2024-05-13 00:00:00,,,2024-07-04 13:18:15,,2024-07-04 13:18:15,,,
2024-05-10,710.11,768.17,4.60,90.87,892.23,472.10,431.21,526.34,786.43,521.37,66.69,1292.91,259.55,19100.00,51.59,52.68,5068.30,55.99,97.41,152.23,152.39,453.19,236.51,513.72,113.41,10500,2024-05-10 00:00:00,,,2024-07-04 13:18:15,,2024-07-04 13:18:15,,,
2024-05-09,710.28,766.39,4.59,90.88,891.03,469.84,429.34,525.83,785.44,520.15,66.72,1281.20,260.91,19050.00,51.53,52.62,5091.83,56.31,97.61,152.86,152.99,452.79,238.13,516.11,113.39,10501,2024-05-09 00:00:00,,,2024-07-04 13:18:15,,2024-07-04 13:18:15,,,
2024-05-08,710.16,766.59,4.61,90.79,891.62,470.64,429.04,525.82,784.94,519.83,66.73,1277.18,259.93,19010.00,51.54,52.63,5092.88,56.46,97.59,152.29,153.22,452.54,238.11,516.16,113.51,10502,2024-05-08 00:00:00,,,2024-07-04 13:18:15,,2024-07-04 13:18:15,,,
2024-05-07,710.02,767.42,4.63,90.81,895.00,472.74,429.46,526.79,786.09,521.78,66.77,1277.09,259.65,18954.00,51.57,52.66,5080.56,56.31,97.49,151.70,152.11,452.79,237.75,515.21,113.49,10503,2024-05-07 00:00:00,,,2024-07-04 13:18:15,,2024-07-04 13:18:15,,,
2024-05-06,709.94,766.32,4.66,90.89,893.25,471.34,428.96,527.02,786.39,520.66,66.76,1280.82,260.38,19016.00,51.64,52.73,5102.61,56.63,97.68,151.71,152.67,454.31,239.36,514.25,113.33,10504,2024-05-06 00:00:00,,,2024-07-04 13:18:15,,2024-07-04 13:18:15,,,
2024-04-30,710.63,764.58,4.58,90.81,895.94,469.05,427.81,524.10,783.19,522.55,67.16,1300.20,261.77,19165.00,51.52,52.61,5140.39,56.67,97.94,153.21,154.30,454.53,239.53,517.40,113.49,10505,2024-04-30 00:00:00,,,2024-07-04 13:18:15,,2024-07-04 13:18:15,,,
2024-04-29,710.66,764.86,4.53,90.77,893.58,468.11,426.48,524.46,782.08,523.68,67.12,1280.98,263.89,19172.00,51.46,52.55,5157.04,56.77,97.89,152.92,154.35,455.42,241.54,515.90,113.53,10506,2024-04-29 00:00:00,,,2024-07-04 13:18:15,,2024-07-04 13:18:15,,,
2024-04-26,710.56,765.61,4.60,90.78,892.50,466.36,426.91,524.60,781.82,523.06,67.25,1285.98,267.26,19135.00,51.52,52.61,5155.60,56.60,97.79,152.49,153.76,456.20,242.15,516.46,113.55,10507,2024-04-26 00:00:00,,,2024-07-04 13:18:15,,2024-07-04 13:18:15,,,
2024-04-25,710.58,763.72,4.61,90.74,889.32,464.65,425.28,523.64,780.45,521.40,67.28,1287.53,269.97,19146.00,51.50,52.59,5181.77,57.02,98.04,152.47,154.21,456.38,240.40,517.17,113.60,10508,2024-04-25 00:00:00,,,2024-07-04 13:18:15,,2024-07-04 13:18:15,,,
2024-04-24,710.48,763.32,4.62,90.68,887.59,463.33,424.78,523.45,781.92,522.42,67.26,1299.88,268.48,19141.00,51.55,52.65,5172.86,56.71,98.12,151.60,153.13,456.52,238.92,515.34,113.64,10509,2024-04-24 00:00:00,,,2024-07-04 13:18:15,,2024-07-04 13:18:15,,,
2024-04-23,710.59,760.53,4.62,90.69,881.48,461.19,424.02,523.57,782.79,521.61,67.26,1307.56,269.38,19208.00,51.49,52.59,5204.53,57.00,98.46,152.46,154.02,456.44,241.13,516.99,113.64,10510,2024-04-23 00:00:00,,,2024-07-04 13:18:15,,2024-07-04 13:18:15,,,
2024-04-22,710.43,759.55,4.63,90.70,884.56,459.44,420.97,524.13,783.06,520.12,67.16,1298.34,268.24,19191.00,51.51,52.61,5175.52,56.55,98.44,153.01,154.51,456.01,239.55,515.28,113.62,10511,2024-04-22 00:00:00,,,2024-07-04 13:18:15,,2024-07-04 13:18:15,,,
2024-04-19,710.46,758.73,4.63,90.71,888.70,458.70,421.03,523.78,782.20,519.45,67.24,1310.10,268.32,19193.00,51.52,52.62,5186.17,57.01,98.63,153.71,155.07,455.76,239.40,513.51,113.60,10512,2024-04-19 00:00:00,,,2024-07-04 13:18:15,,2024-07-04 13:18:15,,,
2024-04-18,710.20,759.80,4.64,90.71,888.54,459.29,421.49,523.92,782.71,518.63,67.26,1314.11,266.81,19208.00,51.58,52.67,5169.07,56.95,98.45,153.42,154.47,455.28,237.95,513.51,113.73,10513,2024-04-18 00:00:00,,,2024-07-04 13:18:15,,2024-07-04 13:18:15,,,
2024-04-17,710.25,759.73,4.63,90.69,889.00,460.63,422.18,523.31,782.70,518.29,67.19,1312.90,266.75,19316.00,51.47,52.58,5199.85,57.49,98.42,152.90,153.30,454.77,238.78,511.46,113.63,10514,2024-04-17 00:00:00,,,2024-07-04 13:18:15,,2024-07-04 13:18:15,,,
2024-04-16,710.28,759.69,4.64,90.71,889.83,461.51,422.88,523.77,783.02,519.35,67.19,1304.60,266.05,19280.00,51.48,52.58,5185.53,56.65,98.42,151.98,152.83,454.14,234.40,512.25,113.61,10515,2024-04-16 00:00:00,,,2024-07-04 13:18:15,,2024-07-04 13:18:15,,,
2024-04-15,709.79,761.79,4.67,90.58,891.63,464.51,426.80,525.10,782.18,520.69,67.00,1304.15,264.29,19165.00,51.46,52.57,5161.94,56.37,98.09,151.50,152.00,453.53,233.30,511.29,113.77,10516,2024-04-15 00:00:00,,,2024-07-04 13:18:15,,2024-07-04 13:18:15,,,
2024-04-12,709.67,765.29,4.67,90.55,895.48,467.08,429.51,526.99,783.75,521.94,66.89,1302.80,263.06,19036.00,51.54,52.64,5119.30,55.95,97.82,150.30,151.76,453.32,231.61,508.96,113.80,10517,2024-04-12 00:00:00,,,2024-07-04 13:18:15,,2024-07-04 13:18:15,,,
2024-04-11,709.68,766.90,4.68,90.58,895.48,466.01,428.62,526.99,782.54,522.45,66.83,1301.71,263.63,18944.00,51.48,52.58,5126.98,55.91,97.66,150.08,151.89,452.66,231.83,510.92,113.76,10518,2024-04-11 00:00:00,,,2024-07-04 13:18:15,,2024-07-04 13:18:15,,,
2024-04-10,709.59,774.02,4.71,90.62,903.46,473.20,433.71,529.62,789.16,525.77,66.90,1297.47,259.43,18880.00,51.57,52.68,5061.40,55.35,96.74,147.95,149.85,452.40,230.88,508.38,113.73,10519,2024-04-10 00:00:00,,,2024-07-04 13:18:15,,2024-07-04 13:18:15,,,
2024-04-09,709.56,773.82,4.70,90.61,901.61,471.20,431.35,528.36,787.08,525.52,66.94,1290.82,262.08,18902.00,51.60,52.70,5059.57,55.30,96.77,148.15,150.01,451.65,230.18,512.79,113.74,10520,2024-04-09 00:00:00,,,2024-07-04 13:18:15,,2024-07-04 13:18:15,,,
2024-04-08,709.47,771.37,4.71,90.62,898.91,468.48,429.13,527.63,788.34,524.09,66.95,1292.02,263.21,18875.00,51.62,52.72,5073.04,55.76,97.08,149.49,151.10,449.37,232.21,512.52,113.66,10521,2024-04-08 00:00:00,,,2024-07-04 13:18:15,,2024-07-04 13:18:15,,,
2024-04-03,709.49,767.73,4.71,90.63,895.79,464.81,426.53,526.90,784.69,525.90,66.92,1291.27,264.04,18830.00,51.58,52.69,5166.77,56.16,97.58,150.70,152.22,449.88,233.47,511.54,113.70,10522,2024-04-03 00:00:00,,,2024-07-04 13:18:15,,2024-07-04 13:18:15,,,
2024-04-02,709.57,766.50,4.71,90.68,896.20,464.30,426.73,527.84,788.89,526.65,66.61,1289.06,265.98,18845.00,51.54,52.63,5166.45,56.26,97.62,151.10,153.46,452.69,233.98,509.95,113.65,10523,2024-04-02 00:00:00,,,2024-07-04 13:18:15,,2024-07-04 13:18:15,,,
2024-04-01,709.38,768.89,4.71,90.64,899.89,465.97,427.73,528.35,789.82,527.26,66.59,1293.68,265.13,18799.00,51.59,52.69,5143.50,56.11,97.36,149.88,152.37,455.22,233.33,508.51,113.70,10524,2024-04-01 00:00:00,,,2024-07-04 13:18:15,,2024-07-04 13:18:15,,,
2024-03-29,709.50,767.65,4.72,90.66,900.04,464.02,425.83,527.62,790.74,527.38,66.72,1292.50,266.00,18806.00,51.56,52.66,5145.42,56.22,97.32,150.37,152.76,454.45,233.93,509.76,113.67,10525,2024-03-29 00:00:00,,,2024-07-04 13:18:15,,2024-07-04 13:18:15,,,
2024-03-28,709.48,770.43,4.72,90.69,899.58,465.32,427.93,528.73,787.38,525.48,66.63,1292.00,266.07,18818.00,51.55,52.66,5142.93,56.21,97.09,149.26,151.71,453.31,233.35,508.39,113.64,10526,2024-03-28 00:00:00,,,2024-07-04 13:18:15,,2024-07-04 13:18:15,,,
2024-03-27,709.46,771.79,4.71,90.70,899.75,466.16,429.17,529.32,788.41,525.08,66.58,1293.83,266.83,18732.00,51.59,52.69,5145.47,56.07,97.02,148.57,151.11,452.33,234.65,507.76,113.62,10527,2024-03-27 00:00:00,,,2024-07-04 13:18:15,,2024-07-04 13:18:15,,,
2024-03-26,709.43,772.03,4.71,90.71,899.94,466.20,428.48,528.89,791.74,524.85,66.53,1298.42,265.63,18696.00,51.59,52.69,5158.29,55.95,96.88,148.42,150.51,451.80,235.02,508.66,113.61,10528,2024-03-26 00:00:00,,,2024-07-04 13:18:15,,2024-07-04 13:18:15,,,
2024-03-25,709.96,771.67,4.73,90.77,899.53,465.90,428.96,528.76,795.19,525.42,66.65,1283.08,266.48,18679.00,51.48,52.58,5170.49,56.24,96.96,147.86,150.52,449.63,235.76,508.05,113.52,10529,2024-03-25 00:00:00,,,2024-07-04 13:18:15,,2024-07-04 13:18:15,,,
2024-03-22,710.04,774.65,4.71,90.79,903.55,469.12,432.70,530.52,795.43,527.57,66.44,1286.44,264.45,18578.00,51.59,52.68,5099.98,55.76,96.52,146.63,149.46,451.77,235.71,506.09,113.50,10530,2024-03-22 00:00:00,,,2024-07-04 13:18:15,,2024-07-04 13:18:15,,,
2024-03-21,709.42,777.69,4.73,90.71,909.71,469.25,433.62,530.52,803.04,528.11,66.52,1292.81,263.23,18646.00,51.68,52.78,5076.36,55.61,96.15,145.82,148.48,455.92,235.31,504.30,113.61,10531,2024-03-21 00:00:00,,,2024-07-04 13:18:15,,2024-07-04 13:18:15,,,
2024-03-20,709.68,774.41,4.73,90.72,906.82,465.87,431.95,530.61,802.51,525.77,66.64,1292.99,265.85,18699.00,51.55,52.64,5112.85,55.90,96.54,146.35,149.37,454.66,236.68,504.56,113.59,10532,2024-03-20 00:00:00,,,2024-07-04 13:18:15,,2024-07-04 13:18:15,,,
2024-03-19,709.85,774.39,4.78,90.77,906.43,467.53,434.32,531.56,802.66,526.75,66.50,1282.87,266.51,18675.00,51.60,52.69,5116.56,56.01,96.58,146.41,149.63,454.28,237.20,503.56,113.53,10533,2024-03-19 00:00:00,,,2024-07-04 13:18:15,,2024-07-04 13:18:15,,,
2024-03-18,709.43,775.59,4.79,90.70,907.25,467.92,434.58,532.19,806.65,526.56,66.27,1296.08,263.58,18600.00,51.56,52.65,5080.69,55.61,96.41,145.41,149.15,451.67,235.45,501.66,113.66,10534,2024-03-18 00:00:00,,,2024-07-04 13:18:15,,2024-07-04 13:18:15,,,
2024-03-15,709.75,775.69,4.81,90.74,908.83,469.37,437.36,533.30,806.52,527.02,66.05,1280.62,263.28,18487.00,51.55,52.64,5116.71,55.53,96.37,145.07,148.36,451.94,235.22,499.97,113.57,10535,2024-03-15 00:00:00,,,2024-07-04 13:18:15,,2024-07-04 13:18:15,,,
2024-03-14,709.74,779.12,4.83,90.74,910.69,471.85,439.37,533.71,808.99,528.66,66.04,1279.99,261.36,18408.00,51.66,52.75,5097.84,55.14,95.97,143.66,147.39,451.67,235.04,499.65,113.56,10536,2024-03-14 00:00:00,,,2024-07-04 13:18:15,,2024-07-04 13:18:15,,,
2024-03-13,709.30,777.96,4.83,90.66,910.89,470.77,438.54,534.04,811.52,528.10,65.91,1284.75,262.61,18370.00,51.62,52.71,5141.64,55.27,96.06,143.72,147.76,450.90,236.66,499.63,113.66,10537,2024-03-13 00:00:00,,,2024-07-04 13:18:15,,2024-07-04 13:18:15,,,
2024-03-12,709.63,777.82,4.86,90.73,912.08,471.17,440.00,534.69,811.20,528.35,66.00,1273.03,262.74,18368.00,51.64,52.73,5085.97,55.20,96.11,143.84,146.84,450.36,236.82,497.12,113.58,10538,2024-03-12 00:00:00,,,2024-07-04 13:18:15,,2024-07-04 13:18:15,,,
2024-03-11,709.69,778.78,4.85,90.75,914.72,471.76,440.69,534.21,811.09,528.05,66.03,1274.47,264.44,18450.00,51.65,52.74,5073.16,55.42,96.01,143.48,146.59,449.62,236.80,496.91,113.56,10539,2024-03-11 00:00:00,,,2024-07-04 13:18:15,,2024-07-04 13:18:15,,,
2024-03-08,709.78,779.15,4.82,90.77,911.29,471.35,440.54,533.35,810.52,529.13,65.99,1268.99,262.93,18548.00,51.67,52.77,5087.46,55.39,95.97,143.62,146.30,449.10,237.93,498.82,113.53,10540,2024-03-08 00:00:00,,,2024-07-04 13:18:15,,2024-07-04 13:18:15,,,
2024-03-07,710.02,775.94,4.78,90.77,906.15,467.79,437.29,531.51,805.91,527.12,66.43,1269.94,264.67,18618.00,51.64,52.74,5089.66,55.57,96.35,144.48,147.42,446.89,237.84,499.23,113.54,10541,2024-03-07 00:00:00,,,2024-07-04 13:18:15,,2024-07-04 13:18:15,,,
2024-03-06,710.16,773.35,4.76,90.77,905.01,463.71,434.42,530.13,806.29,524.54,66.71,1270.08,266.86,18681.00,51.59,52.68,5107.38,55.93,96.64,145.69,148.50,445.26,238.59,501.55,113.53,10542,2024-03-06 00:00:00,,,2024-07-04 13:18:15,,2024-07-04 13:18:15,,,
2024-03-05,710.27,773.47,4.74,90.76,904.17,464.17,435.20,530.01,804.98,525.32,66.49,1278.86,267.51,18624.00,51.58,52.67,5131.62,56.04,96.63,145.48,148.44,443.27,238.70,500.45,113.54,10543,2024-03-05 00:00:00,,,2024-07-04 13:18:15,,2024-07-04 13:18:15,,,
2024-03-04,710.20,772.24,4.75,90.73,901.55,465.45,435.92,529.44,806.20,525.86,66.60,1282.76,268.61,18634.00,51.57,52.69,5116.36,56.06,96.76,144.80,147.92,440.89,239.53,501.75,113.59,10544,2024-03-04 00:00:00,,,2024-07-04 13:18:15,,2024-07-04 13:18:15,,,
2024-03-01,710.59,770.17,4.75,90.77,899.70,463.58,434.69,529.10,805.74,525.31,66.73,1277.03,269.72,18654.00,51.58,52.67,5116.21,56.23,97.09,145.51,149.11,439.41,240.06,502.29,113.53,10545,2024-03-01 00:00:00,,,2024-07-04 13:18:15,,2024-07-04 13:18:15,,,
2024-02-29,710.36,772.49,4.74,90.75,902.49,463.45,435.52,529.37,811.42,525.48,67.09,1278.28,270.60,18656.00,51.55,52.64,5105.22,56.06,96.72,144.96,148.65,438.12,240.63,504.20,113.56,10546,2024-02-29 00:00:00,,,2024-07-04 13:18:15,,2024-07-04 13:18:15,,,
2024-07-05,712.89,774.09,4.46,91.29,912.90,482.29,439.31,528.96,793.80,526.27,66.09,1237.42,255.62,19182.00,51.36,52.45,5100.70,55.58,96.77,146.65,147.80,456.10,254.02,509.27,112.91,10547,2024-07-05 00:00:00,,,2024-07-05 17:50:17,,2024-07-05 17:50:17,,,
2024-07-09,713.10,775.35,4.47,91.30,917.25,483.54,440.58,529.82,796.59,525.70,66.08,1215.67,253.39,19222.00,51.35,52.44,5109.97,55.28,96.57,147.62,148.13,457.13,252.62,506.51,112.81,10548,2024-07-09 00:00:00,,,2024-07-09 09:32:06,,2024-07-09 09:32:06,,,
2024-07-08,712.86,774.70,4.47,91.24,916.30,483.53,441.07,530.10,797.90,525.03,66.12,1223.71,254.20,19171.00,51.38,52.47,5089.78,55.56,96.67,146.69,147.65,456.37,254.15,507.11,112.94,10549,2024-07-08 00:00:00,,,2024-07-09 09:32:06,,2024-07-09 09:32:06,,,
2024-07-10,713.42,774.95,4.46,91.33,916.33,483.99,440.65,529.84,797.03,526.21,66.00,1218.67,253.85,19223.00,51.30,52.39,5110.01,55.17,96.61,147.20,148.10,459.26,251.16,505.79,112.81,10550,2024-07-10 00:00:00,,,2024-07-10 10:07:27,,2024-07-10 10:07:27,,,
2024-07-11,713.39,776.28,4.46,91.34,920.79,484.63,437.84,530.93,795.27,526.77,65.87,1231.06,253.20,19202.00,51.21,52.42,5092.73,55.15,96.45,147.14,149.64,459.11,250.28,504.66,112.80,10551,2024-07-11 00:00:00,,,2024-07-11 17:19:27,,2024-07-11 17:19:27,,,
2024-07-12,713.15,777.26,4.53,91.34,923.24,484.12,436.55,531.98,796.36,524.90,65.65,1214.54,252.04,19118.00,51.43,52.52,5087.95,55.08,96.40,146.83,150.09,461.37,249.67,502.53,112.81,10552,2024-07-12 00:00:00,,,2024-07-12 17:52:38,,2024-07-12 17:52:38,,,
2024-07-15,713.13,779.29,4.54,91.33,928.26,485.38,437.76,532.52,797.15,524.99,65.56,1223.36,251.86,19141.00,51.34,52.43,5053.74,54.83,96.06,147.17,150.11,462.03,248.38,503.36,112.84,10553,2024-07-15 00:00:00,,,2024-07-15 17:59:11,,2024-07-15 17:59:11,,,
2024-07-16,713.28,780.47,4.54,91.37,928.88,485.17,436.66,532.37,798.55,524.34,65.55,1226.74,254.68,19239.00,51.32,52.41,5036.52,54.78,95.93,147.99,151.03,461.06,248.83,502.73,112.81,10554,2024-07-16 00:00:00,,,2024-07-16 17:49:24,,2024-07-16 17:49:24,,,
2024-07-17,713.18,780.89,4.54,91.36,929.32,482.90,435.77,532.27,800.45,524.53,65.56,1229.49,252.44,19217.00,51.32,52.41,5041.99,55.07,95.83,147.85,150.64,461.56,247.84,500.89,112.83,10555,2024-07-17 00:00:00,,,2024-07-17 17:50:10,,2024-07-17 17:50:10,,,
2024-07-18,712.85,782.53,4.61,91.32,930.15,481.93,436.26,533.26,808.78,523.25,65.44,1231.52,254.93,19180.00,51.41,52.50,5017.31,55.08,95.72,147.36,150.11,462.93,249.14,499.98,112.87,10556,2024-07-18 00:00:00,,,2024-07-18 17:54:07,,2024-07-18 17:54:07,,,
2024-07-19,713.15,780.90,4.57,91.31,927.95,481.42,434.62,532.62,806.21,523.54,65.49,1228.86,255.16,19229.00,51.29,52.38,5025.71,55.19,95.87,147.82,151.04,462.13,252.07,502.05,112.87,10557,2024-07-19 00:00:00,,,2024-07-19 17:55:44,,2024-07-19 17:55:44,,,
2024-07-22,713.35,780.87,4.57,91.33,926.79,480.73,432.92,532.47,805.64,523.33,65.69,1221.11,254.74,19277.00,51.30,52.39,5024.30,55.14,95.85,148.48,151.73,461.95,252.33,504.22,112.83,10558,2024-07-22 00:00:00,,,2024-07-22 17:58:27,,2024-07-22 17:58:27,,,
2024-07-23,713.34,780.47,4.58,91.38,926.74,476.87,429.93,531.89,804.14,521.50,65.65,1221.12,255.19,19259.00,51.30,52.39,5014.14,55.08,95.95,149.60,153.05,459.90,251.76,504.94,112.77,10559,2024-07-23 00:00:00,,,2024-07-23 17:52:13,,2024-07-23 17:52:13,,,
2024-07-24,713.58,777.64,4.61,91.38,924.65,474.83,428.18,532.25,802.60,520.52,65.57,1220.57,257.34,19231.00,51.30,52.39,5042.64,55.28,96.31,150.22,153.92,458.44,254.80,502.09,112.77,10560,2024-07-24 00:00:00,,,2024-07-24 17:53:51,,2024-07-24 17:53:51,,,
2024-07-25,713.21,776.43,4.67,91.34,923.92,471.68,425.83,532.89,808.00,519.23,65.54,1199.76,256.77,19204.00,51.33,52.43,5088.99,55.59,96.49,150.41,154.14,458.92,257.98,502.10,112.83,10561,2024-07-25 00:00:00,,,2024-07-25 17:50:37,,2024-07-25 17:50:37,,,
2024-07-26,712.70,775.99,4.66,91.30,919.20,468.25,422.03,532.07,810.91,517.75,65.41,1184.60,257.15,19279.00,51.39,52.49,5072.25,55.39,96.44,151.38,154.32,463.36,258.99,504.89,112.86,10562,2024-07-26 00:00:00,,,2024-07-26 17:51:10,,2024-07-26 17:51:10,,,
2024-07-29,713.16,776.79,4.65,91.34,920.92,470.16,423.19,532.31,808.13,518.21,65.31,1198.24,256.06,19248.00,51.37,52.47,5051.07,55.23,96.39,151.11,154.03,460.40,258.72,500.81,112.82,10563,2024-07-29 00:00:00,,,2024-07-29 18:06:52,,2024-07-29 18:06:52,,,
2024-07-30,713.64,774.97,4.66,91.35,921.13,469.96,422.38,532.93,807.21,517.50,65.02,1201.48,257.87,19217.00,51.32,52.42,5092.28,55.65,96.61,151.24,153.71,461.80,261.90,500.18,112.80,10564,2024-07-30 00:00:00,,,2024-07-30 18:10:57,,2024-07-30 18:10:57,,,
2024-07-31,713.46,774.39,4.70,91.34,919.00,468.93,423.92,532.95,810.16,517.33,64.73,1196.43,256.19,19256.00,51.35,52.45,5123.23,55.61,96.66,150.34,153.08,462.82,263.15,499.35,112.83,10565,2024-07-31 00:00:00,,,2024-07-31 17:58:15,,2024-07-31 17:58:15,,,
2024-08-01,713.23,773.59,4.77,91.28,918.09,467.96,426.20,534.16,812.43,517.70,64.17,1202.07,255.19,19110.00,51.45,52.55,5107.04,55.62,96.76,149.75,152.81,464.46,261.67,495.86,112.89,10566,2024-08-01 00:00:00,,,2024-08-01 18:09:45,,2024-08-01 18:09:45,,,
2024-08-02,713.76,772.46,4.81,91.34,912.08,465.94,426.53,535.08,819.15,516.61,63.95,1191.12,255.82,19101.00,51.33,52.45,5148.43,55.89,96.90,149.80,152.94,463.36,265.00,494.95,112.81,10567,2024-08-02 00:00:00,,,2024-08-02 17:18:35,,2024-08-02 17:18:35,,,
2024-08-05,713.45,778.89,4.90,91.74,912.61,463.89,424.83,537.98,832.66,514.49,62.55,1198.14,256.67,19075.00,51.49,52.61,5115.92,55.20,96.01,148.26,153.48,465.73,272.13,494.94,112.64,10568,2024-08-05 00:00:00,,,2024-08-05 18:01:39,,2024-08-05 18:01:39,,,
2024-08-06,713.18,781.43,4.91,91.56,912.01,464.87,424.81,538.31,834.89,516.58,62.22,1191.34,259.38,19186.00,51.52,52.66,5080.86,55.08,95.58,147.80,154.34,468.32,269.53,496.70,112.55,10569,2024-08-06 00:00:00,,,2024-08-06 17:54:25,,2024-08-06 17:54:25,,,
2024-08-07,713.86,779.95,4.94,91.56,906.01,465.63,426.83,538.55,837.24,518.07,62.66,1198.96,259.00,19262.00,51.44,52.58,5102.00,55.28,95.67,147.56,152.98,470.94,272.76,496.56,112.55,10570,2024-08-07 00:00:00,,,2024-08-07 17:53:23,,2024-08-07 17:53:23,,,
2024-08-08,714.60,781.51,4.90,91.73,907.01,466.17,428.80,538.82,831.98,520.08,62.82,1198.26,257.42,19243.00,51.38,52.51,5098.97,55.41,95.58,146.39,151.19,469.12,269.96,497.22,112.34,10571,2024-08-08 00:00:00,,,2024-08-08 17:50:51,,2024-08-08 17:50:51,,,
2024-08-09,714.49,780.64,4.85,91.66,911.39,471.27,429.76,539.28,825.27,520.67,62.60,1212.03,256.74,19215.00,51.37,52.48,5079.18,55.42,95.66,147.01,151.67,469.26,264.17,493.04,112.43,10572,2024-08-09 00:00:00,,,2024-08-09 17:55:36,,2024-08-09 17:55:36,,,
2024-08-12,714.58,780.38,4.87,91.62,911.46,469.85,429.10,539.80,826.03,520.49,61.82,1238.53,256.14,19071.00,51.39,52.49,5055.95,55.40,95.74,147.07,151.34,468.81,263.52,492.30,112.47,10573,2024-08-12 00:00:00,,,2024-08-12 18:00:32,,2024-08-12 18:00:32,,,
2024-08-13,714.79,782.17,4.87,91.74,913.49,471.42,431.26,540.23,826.68,520.89,62.23,1270.03,255.08,19128.00,51.34,52.46,5040.10,55.10,95.47,147.06,151.04,468.69,266.35,490.51,112.32,10574,2024-08-13 00:00:00,,,2024-08-13 17:49:35,,2024-08-13 17:49:35,,,
2024-08-14,714.15,785.17,4.86,91.69,918.64,473.73,434.04,542.24,825.57,520.91,62.07,1281.33,253.56,19078.00,51.43,52.57,5009.65,54.61,95.06,146.51,150.31,469.15,266.05,490.22,112.39,10575,2024-08-14 00:00:00,,,2024-08-14 23:43:27,,2024-08-14 23:43:27,,,
2024-08-15,713.99,786.18,4.85,91.63,915.68,470.86,428.12,542.29,825.19,520.56,61.93,1257.91,253.12,19028.00,51.44,52.56,5024.89,54.57,94.90,146.59,150.13,470.63,263.61,491.14,112.44,10576,2024-08-15 00:00:00,,,2024-08-15 18:05:18,,2024-08-15 18:05:18,,,
2024-08-16,714.64,784.88,4.79,91.65,919.72,473.14,428.47,540.86,819.66,520.95,62.27,1241.96,251.69,19033.00,51.37,52.49,5046.35,54.70,95.14,147.34,150.24,471.13,261.13,489.54,112.43,10577,2024-08-16 00:00:00,,,2024-08-16 18:15:42,,2024-08-16 18:15:42,,,
2024-08-19,714.15,787.48,4.83,91.62,924.17,476.56,432.41,542.94,822.85,522.01,61.71,1252.40,250.06,18875.00,51.45,52.55,5013.85,54.17,94.83,146.13,149.61,471.62,260.82,484.31,112.47,10578,2024-08-19 00:00:00,,,2024-08-19 18:21:17,,2024-08-19 18:21:17,,,
2024-08-20,713.25,790.26,4.86,91.60,925.70,479.91,435.93,545.16,825.88,522.84,61.33,1261.23,248.56,18699.00,51.52,52.64,4985.88,53.96,94.46,144.60,148.04,473.57,261.88,482.22,112.50,10579,2024-08-20 00:00:00,,,2024-08-20 18:12:02,,2024-08-20 18:12:02,,,
2024-08-21,713.07,793.25,4.91,91.55,929.02,480.97,439.03,546.53,836.15,523.57,61.28,1278.02,249.65,18656.00,51.52,52.64,4959.77,53.88,94.05,143.11,147.17,475.48,266.58,479.12,112.59,10580,2024-08-21 00:00:00,,,2024-08-21 18:15:03,,2024-08-21 18:15:03,,,
2024-08-22,712.28,794.63,4.91,91.41,932.54,480.72,438.81,545.95,837.33,524.40,61.37,1283.56,250.54,18714.00,51.56,52.66,4938.74,53.81,93.92,142.97,147.39,476.18,270.63,481.03,112.74,10581,2024-08-22 00:00:00,,,2024-08-22 18:13:16,,2024-08-22 18:13:16,,,
2024-08-23,713.58,793.16,4.89,91.52,934.69,478.85,438.86,544.74,838.05,524.77,61.47,1280.50,252.41,18797.00,51.47,52.58,4962.31,54.01,94.06,143.44,148.37,476.02,273.44,482.83,112.59,10582,2024-08-23 00:00:00,,,2024-08-23 18:12:24,,2024-08-23 18:12:24,,,
2024-08-26,711.39,795.84,4.95,91.27,939.34,482.68,442.75,546.93,839.66,526.43,61.29,1285.76,249.42,18617.00,51.66,52.78,4944.99,53.64,93.78,143.37,147.19,478.37,270.68,477.31,112.93,10583,2024-08-26 00:00:00,,,2024-08-26 18:21:13,,2024-08-26 18:21:13,,,
2024-08-27,712.49,794.94,4.93,91.36,939.26,482.51,442.12,546.17,840.91,528.28,61.09,1291.66,248.71,18662.00,51.58,52.69,4961.67,53.86,93.85,143.39,148.04,477.83,272.32,477.15,112.80,10584,2024-08-27 00:00:00,,,2024-08-27 18:11:05,,2024-08-27 18:11:05,,,
2024-08-28,712.16,796.16,4.95,91.28,944.16,483.52,444.78,547.31,846.37,529.61,61.00,1285.08,248.90,18668.00,51.58,52.70,4934.43,53.79,93.70,142.52,146.90,477.97,277.90,476.29,112.90,10585,2024-08-28 00:00:00,,,2024-08-28 18:13:10,,2024-08-28 18:13:10,,,
2024-08-29,712.99,793.18,4.94,91.42,940.54,483.72,445.71,547.11,847.37,529.07,60.88,1283.94,250.11,18742.00,51.52,52.64,4961.73,54.19,94.04,143.02,147.42,479.19,276.23,477.41,112.72,10586,2024-08-29 00:00:00,,,2024-08-29 18:13:36,,2024-08-29 18:13:36,,,
2024-08-30,711.24,788.07,4.91,91.22,936.38,483.45,445.52,545.88,839.43,527.32,60.60,1293.76,249.57,18767.00,51.64,52.77,4983.53,54.37,94.65,143.70,147.65,479.22,279.04,477.18,112.97,10587,2024-08-30 00:00:00,,,2024-08-30 18:15:16,,2024-08-30 18:15:16,,,
2024-09-02,710.27,784.44,4.85,91.09,932.27,480.84,443.74,543.76,834.82,526.49,60.89,1275.79,251.09,18848.00,51.74,52.86,5009.39,54.65,95.09,144.52,149.33,479.96,277.56,479.63,113.13,10588,2024-09-02 00:00:00,,,2024-09-02 18:23:26,,2024-09-02 18:23:26,,,
2024-09-03,711.12,786.54,4.84,91.21,934.06,482.54,442.68,543.95,834.79,526.69,61.28,1261.22,250.85,18822.00,51.66,52.79,4989.98,54.27,94.80,144.15,148.96,476.94,279.10,480.97,112.98,10589,2024-09-03 00:00:00,,,2024-09-03 18:13:09,,2024-09-03 18:13:09,,,
2024-09-04,711.48,785.82,4.90,91.26,932.73,477.55,440.18,544.51,837.09,525.33,61.35,1233.37,252.56,18853.00,51.63,52.75,5008.95,54.45,94.92,144.80,150.21,477.91,278.45,481.29,112.93,10590,2024-09-04 00:00:00,,,2024-09-04 18:15:03,,2024-09-04 18:15:03,,,
2024-09-05,709.89,786.60,4.95,91.08,933.03,476.93,439.40,544.64,838.94,525.53,61.24,1231.26,251.73,18802.00,51.74,52.88,4998.05,54.35,94.85,144.70,149.90,479.54,280.92,478.74,113.14,10591,2024-09-05 00:00:00,,,2024-09-05 18:14:40,,2024-09-05 18:14:40,,,
2024-09-06,709.25,787.83,4.95,91.00,934.34,477.93,441.20,545.55,840.11,525.26,61.12,1244.25,249.67,18798.00,51.79,52.94,4990.84,54.36,94.69,144.60,149.90,479.28,280.49,474.11,113.24,10592,2024-09-06 00:00:00,,,2024-09-06 18:14:54,,2024-09-06 18:14:54,,,
2024-09-09,709.89,787.08,4.99,91.06,932.52,473.69,438.29,544.74,841.21,523.49,61.07,1273.70,251.41,18853.00,51.74,52.88,5003.15,54.38,94.79,145.05,150.89,479.08,281.10,475.01,113.17,10593,2024-09-09 00:00:00,,,2024-09-09 18:19:54,,2024-09-09 18:19:54,,,
2024-09-10,711.36,784.98,4.97,91.23,929.86,473.84,437.06,544.73,837.48,524.62,61.43,1272.77,251.26,18871.00,51.63,52.76,5053.71,54.45,95.03,145.87,152.31,479.11,279.56,476.38,112.95,10594,2024-09-10 00:00:00,,,2024-09-10 18:11:48,,2024-09-10 18:11:48,,,
2024-09-11,711.82,784.43,5.00,91.29,931.12,473.66,437.88,545.81,840.54,523.10,60.98,1278.14,252.06,18870.00,51.59,52.71,5059.33,54.55,95.11,145.73,152.17,478.14,282.30,472.82,112.88,10595,2024-09-11 00:00:00,,,2024-09-11 18:10:29,,2024-09-11 18:10:29,,,
2024-09-12,712.14,784.00,4.99,91.33,928.46,475.59,436.95,545.90,835.01,524.57,60.82,1286.14,251.43,18816.00,51.58,52.70,5052.12,54.69,95.17,145.87,152.45,477.42,278.06,474.39,112.83,10596,2024-09-12 00:00:00,,,2024-09-12 18:12:05,,2024-09-12 18:12:05,,,
2024-09-13,710.30,786.80,5.02,91.07,932.62,477.57,439.33,545.94,835.50,523.15,60.97,1254.67,250.15,18802.00,51.72,52.84,5026.73,54.48,94.87,144.75,150.83,478.49,275.17,470.21,113.16,10597,2024-09-13 00:00:00,,,2024-09-13 18:10:01,,2024-09-13 18:10:01,,,
2024-09-18,708.70,788.35,4.99,90.94,933.07,479.18,438.97,547.01,837.36,521.36,60.09,1291.21,248.19,18678.00,51.83,52.96,5005.81,54.23,94.66,143.64,149.56,480.79,269.80,470.69,113.35,10598,2024-09-18 00:00:00,,,2024-09-18 18:30:02,,2024-09-18 18:30:02,,,
2024-09-19,709.83,788.59,4.98,91.06,936.87,479.74,440.50,547.76,837.89,521.52,59.82,1308.87,247.17,18727.00,51.74,52.87,4998.71,54.13,94.57,143.83,149.22,479.91,271.33,470.63,113.19,10599,2024-09-19 00:00:00,,,2024-09-19 18:13:12,,2024-09-19 18:13:12,,,
2024-09-20,706.44,788.34,4.95,90.66,938.07,481.00,440.62,546.70,833.47,520.88,59.56,1303.88,247.84,18808.00,51.99,53.11,4999.90,54.22,94.62,143.84,148.68,482.35,273.40,468.79,113.69,10600,2024-09-20 00:00:00,,,2024-09-20 18:14:32,,2024-09-20 18:14:32,,,
2024-09-23,705.31,787.14,4.90,90.54,939.06,480.18,439.79,546.42,829.20,519.89,59.56,1309.47,247.26,18910.00,52.08,53.20,4993.55,54.25,94.78,144.20,148.73,483.91,274.92,467.23,113.85,10601,2024-09-23 00:00:00,,,2024-09-23 18:22:17,,2024-09-23 18:22:17,,,
2024-09-24,705.10,783.32,4.91,90.55,940.93,481.56,441.56,546.16,831.97,521.05,59.58,1319.04,246.10,18922.00,52.09,53.21,5040.76,54.54,95.22,144.63,148.75,484.33,275.57,467.21,113.82,10602,2024-09-24 00:00:00,,,2024-09-24 18:14:31,,2024-09-24 18:14:31,,,
2024-09-25,702.02,785.24,4.91,90.19,942.11,484.19,445.50,547.20,833.56,522.82,59.02,1323.30,245.96,18911.00,52.32,53.45,5024.67,54.19,94.99,143.76,148.14,486.00,275.35,464.74,114.30,10603,2024-09-25 00:00:00,,,2024-09-25 18:11:15,,2024-09-25 18:11:15,,,
2024-09-26,703.54,783.17,4.86,90.38,937.27,480.12,440.44,545.69,827.35,521.83,58.78,1312.95,245.56,18971.00,52.20,53.33,5045.73,54.51,95.24,144.81,150.29,485.65,279.24,465.09,114.07,10604,2024-09-26 00:00:00,,,2024-09-26 18:07:28,,2024-09-26 18:07:28,,,
2024-09-27,701.01,783.26,4.83,90.11,939.75,483.22,443.34,545.97,828.01,520.23,58.99,1321.47,245.21,18777.00,52.40,53.51,5055.98,54.57,95.21,144.37,150.29,487.58,279.90,462.68,114.39,10605,2024-09-27 00:00:00,,,2024-09-27 18:22:27,,2024-09-27 18:22:27,,,
2024-09-30,700.74,782.67,4.91,90.18,937.61,484.71,444.83,547.31,833.18,518.68,58.78,1338.68,244.11,18699.00,52.41,53.53,5068.11,54.58,95.26,143.90,149.81,487.51,280.41,461.92,114.28,10606,2024-09-30 00:00:00,,,2024-09-30 18:23:30,,2024-09-30 18:23:30,,,
2024-10-08,707.09,776.43,4.78,91.04,925.74,477.61,433.57,542.30,827.92,519.05,60.58,1363.17,245.73,19034.00,51.95,53.13,5179.13,55.71,96.11,146.39,150.52,484.50,272.78,473.71,113.21,10607,2024-10-08 00:00:00,,,2024-10-08 18:46:17,,2024-10-08 18:46:17,,,
2024-10-09,705.68,774.61,4.76,90.77,924.34,475.68,432.56,541.06,823.19,516.97,60.75,1370.77,249.21,18997.00,52.04,53.20,5156.07,55.54,96.28,146.37,151.73,485.22,274.22,475.08,113.44,10608,2024-10-09 00:00:00,,,2024-10-09 18:15:32,,2024-10-09 18:15:32,,,
2024-10-10,707.42,773.92,4.74,91.02,924.34,475.07,429.22,540.97,821.96,515.94,60.56,1371.09,249.69,19035.00,51.92,53.07,5154.09,55.52,96.36,146.90,152.35,484.25,275.29,473.63,113.26,10609,2024-10-10 00:00:00,,,2024-10-10 18:16:09,,2024-10-10 18:16:09,,,
2024-10-11,707.31,773.34,4.76,91.04,923.61,476.82,431.09,541.62,825.71,514.63,60.65,1366.92,247.59,19101.00,51.93,53.09,5188.12,55.62,96.48,146.89,151.75,484.47,275.06,472.81,113.23,10610,2024-10-11 00:00:00,,,2024-10-11 18:16:33,,2024-10-11 18:16:33,,,
2024-10-14,707.23,772.55,4.74,90.99,922.92,476.12,431.00,541.19,824.21,513.20,60.66,1354.51,246.94,19092.00,51.94,53.10,5195.93,55.60,96.57,146.89,151.73,484.66,272.92,470.03,113.26,10611,2024-10-14 00:00:00,,,2024-10-14 18:24:49,,2024-10-14 18:24:49,,,
2024-10-15,708.30,772.55,4.73,91.23,925.29,476.40,431.47,541.54,821.51,513.26,60.66,1342.43,247.80,19163.00,51.86,53.01,5187.33,55.55,96.56,147.19,152.47,483.90,274.05,469.91,112.96,10612,2024-10-15 00:00:00,,,2024-10-15 18:11:19,,2024-10-15 18:11:19,,,
2024-10-16,711.91,775.08,4.77,91.65,930.31,476.20,431.50,543.68,825.32,516.66,60.53,1360.30,247.94,19167.00,51.58,52.73,5162.07,55.37,96.23,146.34,152.07,480.79,276.67,468.19,112.48,10613,2024-10-16 00:00:00,,,2024-10-16 18:11:49,,2024-10-16 18:11:49,,,
2024-10-17,712.20,773.37,4.76,91.64,925.11,474.50,431.47,542.22,822.65,517.71,60.37,1364.41,247.82,19158.00,51.58,52.74,5185.79,55.59,96.47,147.56,153.33,479.86,279.56,466.25,112.45,10614,2024-10-17 00:00:00,,,2024-10-17 18:13:51,,2024-10-17 18:13:51,,,
2024-10-18,712.74,771.73,4.74,91.70,927.35,477.26,431.57,542.16,822.78,516.55,60.47,1362.43,248.02,19239.00,51.53,52.70,5187.35,55.83,96.65,147.99,153.24,479.81,278.19,465.75,112.41,10615,2024-10-18 00:00:00,,,2024-10-18 18:12:48,,2024-10-18 18:12:48,,,
2024-10-21,709.82,771.26,4.75,91.36,926.20,476.32,431.15,541.79,820.60,514.30,60.61,1342.11,247.99,19280.00,51.74,52.91,5190.41,55.81,96.69,148.26,153.86,481.87,279.92,466.39,112.82,10616,2024-10-21 00:00:00,,,2024-10-21 17:47:11,,2024-10-21 17:47:11,,,
2024-10-22,712.23,770.16,4.73,91.61,924.61,474.05,429.12,540.93,822.75,514.85,60.53,1357.66,247.33,19362.00,51.57,52.74,5212.23,56.08,96.82,148.30,153.72,480.88,280.32,470.40,112.51,10617,2024-10-22 00:00:00,,,2024-10-22 18:50:37,,2024-10-22 18:50:37,,,
2024-10-23,712.45,769.12,4.71,91.66,924.75,475.99,430.54,541.25,823.14,515.52,60.76,1345.49,246.15,19356.00,51.56,52.72,5203.00,56.21,96.96,148.03,153.32,480.90,280.12,470.22,112.44,10618,2024-10-23 00:00:00,,,2024-10-23 18:13:47,,2024-10-23 18:13:47,,,
2024-10-24,712.86,768.68,4.67,91.76,920.53,472.82,427.90,538.80,822.77,515.14,61.06,1347.27,249.59,19378.00,51.52,52.68,5244.09,56.55,97.04,148.56,154.11,480.78,278.33,474.13,112.34,10619,2024-10-24 00:00:00,,,2024-10-24 18:12:57,,2024-10-24 18:12:57,,,
2024-10-25,710.90,769.39,4.68,91.50,922.09,471.47,426.98,539.09,820.96,513.14,61.14,1352.56,248.46,19402.00,51.67,52.84,5237.48,56.47,96.96,148.58,153.88,482.39,278.88,473.75,112.66,10620,2024-10-25 00:00:00,,,2024-10-25 18:13:01,,2024-10-25 18:13:01,,,
2024-10-28,713.07,769.90,4.67,91.73,924.05,471.16,426.55,538.92,820.97,513.22,60.94,1364.67,247.69,19479.00,51.51,52.67,5244.65,56.43,96.87,148.84,154.07,480.92,279.72,473.32,112.32,10621,2024-10-28 00:00:00,,,2024-10-28 18:21:38,,2024-10-28 18:21:38,,,
2024-10-29,712.83,770.73,4.65,91.73,924.39,468.90,426.26,538.86,823.83,513.09,61.20,1363.76,248.33,19406.00,51.52,52.69,5244.97,56.43,96.76,149.36,154.14,481.07,281.07,473.95,112.36,10622,2024-10-29 00:00:00,,,2024-10-29 18:12:55,,2024-10-29 18:12:55,,,
2024-10-30,713.90,772.48,4.66,91.88,929.02,468.30,426.23,539.41,823.26,513.15,61.28,1366.83,247.30,19390.00,51.51,52.60,5244.08,56.15,96.54,148.99,153.48,480.04,280.79,471.79,112.18,10623,2024-10-30 00:00:00,,,2024-10-30 18:12:49,,2024-10-30 18:12:49,,,
2024-10-31,712.50,773.68,4.65,91.67,923.20,468.31,425.51,538.84,822.40,512.31,61.45,1362.42,247.75,19362.00,51.54,52.71,5271.47,56.27,96.41,149.86,153.86,481.14,283.11,473.67,112.42,10624,2024-10-31 00:00:00,,,2024-10-31 18:13:27,,2024-10-31 18:13:27,,,
2024-11-01,711.35,774.21,4.68,91.50,917.55,468.08,424.97,538.92,823.74,510.71,61.44,1368.15,247.47,19332.00,51.63,52.80,5277.62,56.23,96.35,149.66,154.57,482.23,282.00,475.40,112.63,10625,2024-11-01 00:00:00,,,2024-11-01 18:13:53,,2024-11-01 18:13:53,,,
2024-11-04,712.03,774.19,4.67,91.58,922.59,469.45,426.34,538.58,820.42,511.47,61.49,1375.82,246.91,19338.00,51.58,52.75,5276.77,56.26,96.32,150.13,154.60,482.21,282.35,475.97,112.55,10626,2024-11-04 00:00:00,,,2024-11-04 18:23:22,,2024-11-04 18:23:22,,,
2024-11-05,710.16,772.40,4.67,91.36,920.04,467.66,424.19,538.23,821.89,510.89,61.60,1388.96,246.55,19360.00,51.71,52.89,5283.04,56.40,96.56,150.96,154.94,483.68,283.08,475.35,112.83,10627,2024-11-05 00:00:00,,,2024-11-05 18:14:11,,2024-11-05 18:14:11,,,
2024-11-06,709.93,774.11,4.68,91.32,923.84,470.45,426.08,539.45,821.39,512.86,61.20,1378.38,245.26,19446.00,51.74,52.92,5274.31,56.25,96.31,150.92,154.50,483.04,284.13,473.50,112.87,10628,2024-11-06 00:00:00,,,2024-11-06 18:13:19,,2024-11-06 18:13:19,,,
2024-11-07,716.59,768.62,4.64,92.17,922.90,470.74,425.74,537.46,817.84,513.96,61.58,1360.93,246.34,19553.00,51.28,52.45,5328.78,56.59,97.00,151.46,154.53,477.39,281.12,479.06,111.81,10629,2024-11-07 00:00:00,,,2024-11-07 18:14:00,,2024-11-07 18:14:00,,,
2024-11-08,714.33,770.99,4.67,91.91,926.97,476.53,429.97,540.83,818.55,515.10,61.56,1371.10,242.27,19366.00,51.43,52.59,5247.80,55.92,96.71,149.64,152.31,480.94,277.26,476.51,112.13,10630,2024-11-08 00:00:00,,,2024-11-08 18:09:55,,2024-11-08 18:09:55,,,
2024-11-11,717.86,769.16,4.69,92.32,927.03,472.69,428.28,540.82,819.14,516.08,61.09,1359.65,245.52,19456.00,51.18,52.34,5290.42,56.24,96.95,150.79,153.10,478.69,280.44,477.49,111.62,10631,2024-11-11 00:00:00,,,2024-11-11 18:19:40,,2024-11-11 18:19:40,,,
2024-11-12,719.27,766.41,4.68,92.50,925.45,472.82,429.06,539.38,816.75,516.44,61.32,1333.51,249.27,19471.00,51.07,52.23,5351.94,56.91,97.31,150.78,153.35,477.42,283.14,479.54,111.41,10632,2024-11-12 00:00:00,,,2024-11-12 18:11:04,,2024-11-12 18:11:04,,,
2024-11-13,719.91,768.75,4.68,92.55,922.21,472.53,428.89,540.89,820.73,519.15,61.31,1358.19,250.13,19457.00,50.74,51.90,5344.19,56.61,97.01,150.61,153.02,474.66,284.35,481.21,111.34,10633,2024-11-13 00:00:00,,,2024-11-13 18:10:06,,2024-11-13 18:10:06,,,
2024-11-14,719.66,763.17,4.65,92.50,918.01,469.29,425.24,537.92,815.53,516.50,61.65,1362.73,252.33,19431.00,50.82,51.99,5340.86,56.82,97.69,152.04,154.07,475.02,284.16,482.81,111.42,10634,2024-11-14 00:00:00,,,2024-11-14 18:10:57,,2024-11-14 18:10:57,,,
2024-11-15,719.92,761.31,4.63,92.50,915.60,466.79,423.23,537.09,812.04,514.51,62.04,1372.76,252.73,19417.00,50.73,51.87,5326.41,56.66,97.89,152.02,154.09,478.07,282.64,483.87,111.40,10635,2024-11-15 00:00:00,,,2024-11-15 18:10:52,,2024-11-15 18:10:52,,,
2024-11-18,719.07,760.29,4.67,92.37,910.38,466.52,423.42,537.86,811.91,512.69,61.90,1382.98,252.16,19318.00,50.85,51.97,5357.53,56.79,98.02,152.14,153.62,476.28,281.92,481.51,111.56,10636,2024-11-18 00:00:00,,,2024-11-18 18:20:10,,2024-11-18 18:20:10,,,
2024-11-19,719.11,763.86,4.68,92.39,913.91,469.43,425.29,539.05,816.21,514.96,61.98,1381.88,249.01,19272.00,50.87,52.00,5308.33,56.32,97.54,151.21,152.46,478.40,279.96,479.48,111.54,10637,2024-11-19 00:00:00,,,2024-11-19 18:11:31,,2024-11-19 18:11:31,,,
2024-11-20,719.35,765.17,4.68,92.42,915.89,472.26,427.61,539.95,818.07,518.00,61.86,1389.02,250.07,19255.00,50.82,51.94,5325.81,56.48,97.37,151.12,151.71,476.81,278.19,477.59,111.49,10638,2024-11-20 00:00:00,,,2024-11-20 18:13:07,,2024-11-20 18:13:07,,,
2024-11-21,719.34,761.78,4.66,92.43,914.14,470.67,425.07,538.06,817.39,517.70,61.81,1387.34,250.89,19339.00,50.80,51.92,5372.26,56.85,97.88,152.56,152.97,476.66,280.72,478.72,111.51,10639,2024-11-21 00:00:00,,,2024-11-21 18:11:27,,2024-11-21 18:11:27,,,
2024-11-22,719.42,756.41,4.69,92.44,909.25,470.74,423.59,536.46,814.30,517.34,61.78,1399.13,250.77,19349.00,50.80,51.93,5424.72,57.34,98.56,153.07,153.17,477.17,282.70,479.81,111.48,10640,2024-11-22 00:00:00,,,2024-11-22 18:11:26,,2024-11-22 18:11:26,,,
2024-11-25,719.18,756.45,4.69,92.41,908.68,472.27,423.19,537.65,810.20,518.17,61.78,1441.07,249.79,19419.00,50.80,51.98,5423.74,57.22,98.59,151.85,152.45,476.33,281.98,476.35,111.52,10641,2024-11-25 00:00:00,,,2024-11-25 18:20:54,,2024-11-25 18:20:54,,,
2024-11-26,719.10,756.13,4.69,92.41,906.08,468.91,421.48,535.90,813.74,516.12,61.69,1437.11,250.33,19374.00,50.89,52.03,5404.76,56.86,98.61,152.36,153.82,479.18,282.53,479.69,111.52,10642,2024-11-26 00:00:00,,,2024-11-26 18:10:14,,2024-11-26 18:10:14,,,
2024-11-27,719.82,757.39,4.73,92.51,907.82,468.05,421.81,536.34,814.24,514.45,61.62,1453.65,251.77,19290.00,50.80,51.96,5412.65,56.76,98.42,152.06,154.17,478.89,286.01,479.86,111.43,10643,2024-11-27 00:00:00,,,2024-11-27 18:10:41,,2024-11-27 18:10:41,,,
2024-11-28,718.94,761.70,4.78,92.40,914.11,468.99,426.00,538.09,816.87,514.56,61.55,1561.13,252.32,19255.00,50.91,52.05,5411.86,56.44,97.99,151.36,153.50,479.48,284.67,477.63,111.53,10644,2024-11-28 00:00:00,,,2024-11-28 18:11:00,,2024-11-28 18:11:00,,,
2024-11-29,718.77,760.87,4.78,92.36,914.50,469.08,425.53,537.12,816.20,514.75,61.62,1491.53,251.39,19312.00,50.95,52.11,5440.93,56.57,98.06,151.52,153.12,479.93,283.71,476.49,111.61,10645,2024-11-29 00:00:00,,,2024-11-29 18:11:10,,2024-11-29 18:11:10,,,
2024-12-02,718.65,759.07,4.81,92.34,914.62,468.56,426.07,537.68,815.80,514.29,61.67,1471.04,251.20,19344.00,50.96,52.12,5440.38,56.61,98.30,151.79,153.73,481.20,283.31,475.98,111.60,10646,2024-12-02 00:00:00,,,2024-12-02 18:20:19,,2024-12-02 18:20:19,,,
2024-12-03,719.96,757.99,4.84,92.53,913.92,468.06,425.99,537.22,813.83,514.73,61.69,1465.14,251.44,19391.00,50.84,52.00,5467.69,56.51,98.45,152.15,153.61,480.63,282.88,476.58,111.38,10647,2024-12-03 00:00:00,,,2024-12-03 18:12:08,,2024-12-03 18:12:08,,,
2024-12-04,719.34,759.45,4.84,92.42,915.72,469.19,426.38,537.43,814.45,514.41,61.79,1444.15,250.86,19559.00,50.78,51.94,5458.70,56.52,98.25,152.20,152.97,480.04,281.41,473.75,111.51,10648,2024-12-04 00:00:00,,,2024-12-04 18:12:14,,2024-12-04 18:12:14,,,
2024-12-05,718.79,758.89,4.80,92.35,916.84,464.68,423.84,537.33,816.09,513.52,61.53,1445.13,251.93,19514.00,50.86,52.03,5450.30,56.40,98.35,151.28,153.08,480.77,281.53,473.27,111.59,10649,2024-12-05 00:00:00,,,2024-12-05 18:12:47,,2024-12-05 18:12:47,,,
2024-12-06,718.48,762.43,4.81,92.32,918.87,464.93,424.74,538.64,819.33,514.18,61.30,1390.92,250.35,19581.00,50.97,52.13,5411.07,55.91,97.89,150.58,153.21,481.66,280.57,472.63,111.63,10650,2024-12-06 00:00:00,,,2024-12-06 18:12:25,,2024-12-06 18:12:25,,,
2024-12-09,718.70,761.98,4.82,92.37,919.51,462.20,422.11,537.80,820.50,510.30,61.23,1381.98,249.95,19687.00,50.88,52.04,5434.26,56.01,97.91,151.46,154.45,481.76,279.97,470.45,111.56,10651,2024-12-09 00:00:00,,,2024-12-09 18:22:02,,2024-12-09 18:22:02,,,
2024-12-10,718.96,762.16,4.79,92.51,920.59,465.53,424.46,538.65,821.00,510.25,61.33,1375.42,246.51,19734.00,50.83,51.98,5401.85,55.84,97.90,151.02,153.95,481.56,280.70,466.62,111.40,10652,2024-12-10 00:00:00,,,2024-12-10 18:12:47,,2024-12-10 18:12:47,,,
2024-12-11,718.43,760.04,4.76,92.39,922.20,460.93,419.78,538.02,817.24,509.63,61.37,1421.83,246.97,19807.00,50.86,52.04,5397.64,56.02,98.15,151.82,154.34,482.59,279.68,466.34,111.54,10653,2024-12-11 00:00:00,,,2024-12-11 18:13:37,,2024-12-11 18:13:37,,,
2024-12-12,718.54,757.89,4.75,92.42,920.66,460.84,418.89,537.13,816.10,510.35,61.38,1456.04,245.55,19741.00,50.87,52.05,5409.42,56.34,98.45,151.96,154.35,482.56,279.31,467.69,111.50,10654,2024-12-12 00:00:00,,,2024-12-12 18:12:51,,2024-12-12 18:12:51,,,
2024-12-13,718.76,756.75,4.74,92.44,915.78,460.61,417.81,536.16,809.69,508.74,61.48,1444.37,246.44,19743.00,50.85,52.02,5413.88,56.54,98.63,152.39,154.52,483.55,280.31,468.50,111.48,10655,2024-12-13 00:00:00,,,2024-12-13 18:13:12,,2024-12-13 18:13:12,,,
2024-12-16,718.82,758.74,4.72,92.44,911.64,460.42,418.05,535.50,808.59,508.18,61.63,1436.48,247.59,19788.00,50.83,51.99,5394.77,56.17,98.36,151.98,154.36,483.43,278.86,471.22,111.47,10656,2024-12-16 00:00:00,,,2024-12-16 18:22:22,,2024-12-16 18:22:22,,,
2024-12-17,718.91,759.70,4.70,92.48,916.56,461.01,419.34,535.28,806.82,508.03,61.61,1422.83,247.49,19811.00,50.87,51.96,5382.99,56.03,98.29,150.59,154.26,483.13,279.10,469.87,111.48,10657,2024-12-17 00:00:00,,,2024-12-17 18:14:05,,2024-12-17 18:14:05,,,
2024-12-18,718.80,758.30,4.72,92.52,918.54,458.56,417.31,535.63,808.70,505.59,61.68,1435.27,250.69,19818.00,50.80,51.96,5398.70,56.30,98.44,151.57,154.87,483.88,279.58,471.75,111.38,10658,2024-12-18 00:00:00,,,2024-12-18 18:09:25,,2024-12-18 18:09:25,,,
2024-12-19,719.11,749.98,4.69,92.53,910.38,450.90,409.10,531.19,802.17,502.12,62.02,1436.29,253.54,19900.00,50.71,51.86,5515.47,56.96,99.58,153.56,157.09,483.57,282.26,474.64,111.37,10659,2024-12-19 00:00:00,,,2024-12-19 18:10:32,,2024-12-19 18:10:32,,,
2024-12-20,719.01,749.84,4.61,92.55,904.28,451.86,408.76,531.45,803.97,503.46,62.34,1418.16,254.85,19907.00,50.73,51.89,5533.48,56.78,99.55,152.38,158.01,485.16,281.67,476.01,111.39,10660,2024-12-20 00:00:00,,,2024-12-20 18:10:40,,2024-12-20 18:10:40,,,
2024-12-23,718.70,753.15,4.63,92.47,907.21,452.05,409.51,533.09,807.28,503.27,62.24,1412.80,253.79,19929.00,50.84,51.98,5491.90,56.51,99.12,152.64,156.74,486.25,278.16,473.29,111.45,10661,2024-12-23 00:00:00,,,2024-12-23 18:18:39,,2024-12-23 18:18:39,,,
2024-12-24,718.76,752.35,4.62,92.51,906.30,452.46,410.04,532.82,803.78,504.00,62.08,1386.78,256.88,19980.00,50.76,51.92,5485.16,56.70,99.24,152.64,156.94,486.60,279.52,472.02,111.34,10662,2024-12-24 00:00:00,,,2024-12-24 18:11:01,,2024-12-24 18:11:01,,,
2024-12-25,718.68,751.78,4.62,92.53,905.69,451.78,409.96,531.68,801.70,504.21,62.08,1373.52,258.80,20077.00,50.78,51.91,5463.51,56.62,99.33,153.14,156.89,484.73,279.26,470.54,111.33,10663,2024-12-25 00:00:00,,,2024-12-25 18:10:54,,2024-12-25 18:10:54,,,
2024-12-26,718.97,751.57,4.61,92.57,906.41,451.89,410.10,531.97,802.23,504.32,61.96,1366.46,259.02,20078.00,50.78,51.91,5469.60,56.66,99.35,153.22,156.93,485.61,279.26,470.83,111.26,10664,2024-12-26 00:00:00,,,2024-12-26 18:09:09,,2024-12-26 18:09:09,,,
2024-12-27,718.93,753.37,4.60,92.56,905.64,450.59,408.22,531.97,803.33,502.42,61.78,1370.45,261.02,20246.00,50.77,51.91,5452.81,56.59,99.10,152.76,157.58,486.55,280.11,470.26,111.33,10665,2024-12-27 00:00:00,,,2024-12-27 18:09:51,,2024-12-27 18:09:51,,,
2024-12-30,718.89,754.07,4.60,92.58,909.68,451.04,409.41,532.34,801.24,502.67,61.80,1438.49,258.89,20258.00,50.77,51.89,5453.69,56.64,98.99,152.04,156.88,486.46,281.53,469.13,111.34,10666,2024-12-30 00:00:00,,,2024-12-30 18:18:37,,2024-12-30 18:18:37,,,
2024-12-31,718.84,752.57,4.62,92.60,907.65,450.70,409.55,532.14,799.77,504.98,61.73,1513.87,260.14,20252.00,50.73,51.86,5464.86,56.83,99.17,152.33,156.58,487.55,285.90,470.28,111.30,10667,2024-12-31 00:00:00,,,2024-12-31 18:10:00,,2024-12-31 18:10:00,,,
2025-01-02,718.79,749.10,4.61,92.49,905.84,449.04,407.08,529.91,796.69,504.42,61.87,1554.94,260.92,20271.00,50.71,51.85,5487.65,57.12,99.63,152.80,157.21,487.97,288.55,471.32,111.36,10668,2025-01-02 00:00:00,,,2025-01-02 18:15:30,,2025-01-02 18:15:30,,,
2025-01-03,718.78,742.69,4.61,92.43,895.71,449.64,406.46,528.17,792.16,503.02,61.97,1569.20,259.42,20204.00,50.75,51.88,5567.34,57.61,100.57,154.03,157.30,488.60,285.47,473.04,111.51,10669,2025-01-03 00:00:00,,,2025-01-03 17:41:37,,2025-01-03 17:41:37,,,
2025-01-06,718.76,744.43,4.61,92.41,897.69,450.33,407.73,527.43,793.48,501.59,62.23,1512.25,259.99,20228.00,50.79,51.93,5575.43,57.33,100.25,153.69,156.92,487.21,285.73,474.55,111.55,10670,2025-01-06 00:00:00,,,2025-01-06 18:27:56,,2025-01-06 18:27:56,,,
2025-01-07,718.79,750.35,4.60,92.45,903.99,451.80,409.66,530.06,796.94,504.95,62.31,1468.79,257.46,20110.00,50.78,51.92,5544.07,56.65,99.53,152.82,156.26,487.85,281.67,476.55,111.48,10671,2025-01-07 00:00:00,,,2025-01-07 18:13:32,,2025-01-07 18:13:32,,,
2025-01-08,718.87,749.05,4.60,92.45,903.45,452.40,410.40,530.54,795.05,505.28,62.01,1464.44,258.59,19960.00,50.68,51.80,5544.56,56.88,99.74,153.34,156.47,486.84,281.48,474.62,111.49,10672,2025-01-08 00:00:00,,,2025-01-08 18:10:42,,2025-01-08 18:10:42,,,
2025-01-09,718.86,746.94,4.59,92.40,895.17,450.85,408.06,529.28,793.64,504.90,62.21,1425.35,261.70,20014.00,50.67,51.79,5545.49,57.24,100.00,153.88,157.42,487.22,282.50,475.60,111.41,10673,2025-01-09 00:00:00,,,2025-01-09 18:10:29,,2025-01-09 18:10:29,,,
2025-01-10,718.91,745.27,4.60,92.39,890.45,449.31,407.22,528.99,792.10,503.59,62.12,1394.73,261.76,20027.00,50.71,51.83,5550.07,57.20,100.24,154.10,157.46,487.76,283.90,474.54,111.58,10674,2025-01-10 00:00:00,,,2025-01-10 18:11:21,,2025-01-10 18:11:21,,,
2025-01-13,718.85,742.22,4.61,92.31,884.59,446.98,405.26,528.18,789.31,503.76,62.27,1388.94,263.49,20196.00,50.64,51.75,5566.78,57.50,100.60,154.20,157.82,487.86,285.59,475.89,111.66,10675,2025-01-13 00:00:00,,,2025-01-13 18:20:30,,2025-01-13 18:20:30,,,
2025-01-14,718.78,742.06,4.61,92.35,884.48,448.55,407.05,528.97,788.29,504.65,62.22,1403.99,263.19,20143.00,50.75,51.86,5558.57,57.52,100.68,155.10,157.61,489.68,285.49,477.13,111.59,10676,2025-01-14 00:00:00,,,2025-01-14 18:11:32,,2025-01-14 18:11:32,,,
2025-01-15,718.83,745.31,4.60,92.31,883.08,448.71,407.33,529.21,791.45,505.01,62.21,1404.00,261.97,20078.00,50.73,51.83,5528.85,57.22,100.24,154.43,157.23,489.35,284.16,476.79,111.62,10677,2025-01-15 00:00:00,,,2025-01-15 18:10:06,,2025-01-15 18:10:06,,,
2025-01-16,718.81,744.42,4.64,92.33,885.12,451.77,408.87,529.10,791.28,505.56,62.18,1401.09,260.05,20004.00,50.75,51.85,5523.19,57.20,100.35,154.08,156.47,489.39,283.41,475.24,111.63,10678,2025-01-16 00:00:00,,,2025-01-16 18:11:55,,2025-01-16 18:11:55,,,
2025-01-17,718.89,745.62,4.67,92.30,885.57,450.36,407.95,529.33,792.99,503.69,62.19,1414.08,260.45,20002.00,50.70,51.79,5532.24,57.20,100.18,153.94,156.87,490.04,288.39,474.84,111.64,10679,2025-01-17 00:00:00,,,2025-01-17 18:11:48,,2025-01-17 18:11:48,,,
2025-01-20,718.86,742.28,4.65,92.34,881.09,448.29,405.10,528.97,790.20,501.10,62.27,1398.88,258.76,20010.00,50.67,51.76,5548.29,57.28,100.89,154.33,158.34,489.93,286.61,473.46,111.59,10680,2025-01-20 00:00:00,,,2025-01-20 18:17:46,,2025-01-20 18:17:46,,,
2025-01-21,717.03,750.02,4.66,92.13,888.80,452.38,410.00,532.29,794.86,504.98,61.88,1384.40,256.99,19874.00,50.89,51.98,5466.60,56.54,99.74,152.91,157.01,492.19,284.43,471.35,111.86,10681,2025-01-21 00:00:00,,,2025-01-21 18:07:38,,2025-01-21 18:07:38,,,
2025-01-22,716.96,749.76,4.64,92.08,888.24,451.76,409.28,532.12,793.62,503.17,62.00,1371.76,257.19,19829.00,50.97,52.06,5488.67,56.70,99.61,152.59,156.99,494.08,287.10,469.48,111.92,10682,2025-01-22 00:00:00,,,2025-01-22 17:41:34,,2025-01-22 17:41:34,,,
2025-01-23,717.08,750.18,4.62,92.10,887.47,452.78,409.80,531.84,794.32,501.65,61.59,1363.96,257.12,19847.00,50.91,52.00,5474.76,56.29,99.55,152.61,156.45,493.56,284.77,467.88,111.93,10683,2025-01-23 00:00:00,,,2025-01-23 17:41:32,,2025-01-23 17:41:32,,,
2025-01-24,717.05,750.62,4.63,92.04,890.11,453.62,410.63,531.78,793.15,501.95,61.62,1371.62,257.15,19824.00,50.93,52.02,5463.11,56.15,99.49,152.63,156.41,494.12,283.15,469.25,111.96,10684,2025-01-24 00:00:00,,,2025-01-24 17:41:42,,2025-01-24 17:41:42,,,
2025-01-27,716.98,753.01,4.63,92.06,895.92,453.07,410.71,533.76,792.37,500.51,60.90,1353.36,257.69,19815.00,51.05,52.13,5412.52,55.93,99.17,151.99,155.95,494.95,284.32,466.23,111.94,10685,2025-01-27 00:00:00,,,2025-01-27 17:42:16,,2025-01-27 17:42:16,,,
2025-02-05,716.93,747.94,4.68,92.08,900.11,451.67,408.96,533.59,796.04,504.31,61.45,1382.19,259.28,20061.00,50.89,51.96,5446.47,56.29,99.86,152.15,155.97,498.04,284.96,464.90,111.92,10686,2025-02-05 00:00:00,,,2025-02-05 17:44:01,,2025-02-05 17:44:01,,,
2025-02-06,716.91,748.43,4.72,92.05,899.68,452.93,410.99,533.92,797.31,503.36,61.42,1349.97,257.97,19984.00,51.01,52.10,5426.03,56.13,99.76,151.48,155.93,498.12,286.33,464.24,111.95,10687,2025-02-06 00:00:00,,,2025-02-06 21:25:11,,2025-02-06 21:25:11,,,
2025-02-07,716.99,748.15,4.77,92.08,895.96,453.44,410.51,533.60,795.33,504.50,61.48,1329.01,256.11,19980.00,50.93,52.01,5408.58,56.01,99.83,151.19,155.53,498.32,284.31,466.58,111.91,10688,2025-02-07 00:00:00,,,2025-02-07 18:10:38,,2025-02-07 18:10:38,,,
2025-02-10,717.07,743.25,4.78,92.05,893.66,452.58,409.91,532.01,791.92,504.76,61.64,1330.34,257.12,20006.00,50.84,51.91,5445.92,56.34,100.33,151.73,155.97,496.27,285.27,466.23,111.95,10689,2025-02-10 00:00:00,,,2025-02-10 18:20:30,,2025-02-10 18:20:30,,,
2025-02-11,717.16,743.69,4.77,92.08,892.29,453.68,408.65,532.43,790.98,504.71,61.86,1322.57,255.89,19990.00,50.83,51.89,5441.39,56.27,100.39,151.26,155.37,497.71,286.32,467.29,111.91,10690,2025-02-11 00:00:00,,,2025-02-11 18:10:33,,2025-02-11 18:10:33,,,
2025-02-12,717.10,747.35,4.74,92.02,897.70,454.89,409.94,533.11,788.56,505.78,61.94,1321.48,257.03,20006.00,50.88,51.95,5392.52,55.82,99.91,150.45,155.24,498.18,285.31,469.62,111.99,10691,2025-02-12 00:00:00,,,2025-02-12 18:11:03,,2025-02-12 18:11:03,,,
2025-02-13,717.19,750.61,4.69,92.09,898.48,454.30,409.25,533.38,788.78,505.76,61.94,1286.07,256.93,20018.00,50.84,51.92,5361.30,55.51,99.58,150.61,155.98,499.20,285.08,468.53,111.93,10692,2025-02-13 00:00:00,,,2025-02-13 18:11:12,,2025-02-13 18:11:12,,,
2025-02-14,717.06,753.18,4.72,92.09,904.23,455.21,410.44,536.05,795.74,507.84,61.68,1233.35,257.22,19955.00,51.01,52.08,5337.41,55.34,99.18,149.04,154.84,501.86,283.79,465.39,111.93,10693,2025-02-14 00:00:00,,,2025-02-14 18:10:38,,2025-02-14 18:10:38,,,
2025-02-17,717.02,753.94,4.74,92.11,905.80,457.30,413.06,536.95,799.03,508.21,61.46,1257.75,255.29,19946.00,50.98,52.06,5325.46,55.19,99.18,148.81,154.76,502.13,282.48,466.70,111.91,10694,2025-02-17 00:00:00,,,2025-02-17 18:28:34,,2025-02-17 18:28:34,,,
2025-02-18,716.97,753.31,4.76,92.14,908.34,457.21,412.81,536.71,798.15,508.03,61.60,1260.10,256.13,19950.00,50.99,52.07,5322.34,55.11,99.21,148.80,154.57,502.81,282.13,466.36,111.85,10695,2025-02-18 00:00:00,,,2025-02-18 18:10:42,,2025-02-18 18:10:42,,,
2025-02-19,717.05,751.78,4.76,92.21,910.24,457.83,411.85,537.07,796.79,508.86,61.67,1257.34,255.73,19908.00,50.91,51.98,5324.80,55.09,99.41,148.94,155.10,502.59,281.30,464.89,111.78,10696,2025-02-19 00:00:00,,,2025-02-19 18:17:56,,2025-02-19 18:17:56,,,
2025-02-20,717.12,750.24,4.78,92.21,907.43,457.30,411.87,536.89,796.23,507.20,61.63,1229.72,257.32,19896.00,50.90,51.97,5357.33,55.61,99.71,148.98,154.85,502.63,284.21,465.69,111.80,10697,2025-02-20 00:00:00,,,2025-02-20 18:20:00,,2025-02-20 18:20:00,,,
2025-02-21,716.96,753.88,4.82,92.21,910.81,460.26,415.11,539.59,799.78,507.81,61.42,1224.03,255.21,19884.00,51.06,52.14,5326.68,55.11,99.15,147.97,154.63,505.40,282.63,465.05,111.76,10698,2025-02-21 00:00:00,,,2025-02-21 18:12:57,,2025-02-21 18:12:57,,,
2025-02-24,717.17,754.75,4.83,92.31,911.15,459.28,415.37,539.14,801.06,507.34,61.31,1220.42,255.48,19860.00,50.99,52.07,5344.85,55.14,98.91,147.50,154.19,505.78,283.45,464.19,111.67,10699,2025-02-24 00:00:00,,,2025-02-24 18:08:38,,2025-02-24 18:08:38,,,
2025-02-25,717.26,753.22,4.81,92.25,908.65,457.27,413.70,537.59,801.56,505.27,61.29,1210.16,255.40,19815.00,50.98,52.05,5325.76,55.01,99.09,148.06,154.46,504.52,284.74,463.81,111.74,10700,2025-02-25 00:00:00,,,2025-02-25 18:28:55,,2025-02-25 18:28:55,,,
2025-02-26,717.32,757.13,4.84,92.30,912.00,457.60,413.76,538.78,805.62,503.72,61.35,1193.47,256.15,19829.00,51.00,52.08,5295.74,54.66,98.57,147.10,154.22,505.82,284.49,467.45,111.68,10701,2025-02-26 00:00:00,,,2025-02-26 18:09:51,,2025-02-26 18:09:51,,,
2025-02-27,717.40,755.56,4.85,92.30,913.50,455.15,411.82,538.44,805.05,503.08,61.47,1196.47,255.67,19838.00,50.95,52.03,5285.16,54.76,98.77,147.66,154.77,505.46,283.67,466.71,111.67,10702,2025-02-27 00:00:00,,,2025-02-27 18:20:30,,2025-02-27 18:20:30,,,
2025-02-28,717.38,750.45,4.83,92.26,909.94,451.01,408.06,535.22,801.91,500.79,61.81,1203.81,256.03,19989.00,50.84,51.92,5339.57,55.51,99.46,148.85,155.62,505.30,284.19,469.46,111.72,10703,2025-02-28 00:00:00,,,2025-02-28 18:13:13,,2025-02-28 18:13:13,,,
2025-03-03,717.45,751.39,4.80,92.25,909.52,449.67,406.29,534.40,798.54,500.41,61.86,1227.84,258.34,20141.00,50.87,51.94,5352.37,55.66,99.34,148.47,155.56,505.44,284.44,471.28,111.73,10704,2025-03-03 00:00:00,,,2025-03-03 18:23:53,,2025-03-03 18:23:53,,,
2025-03-04,717.39,755.57,4.84,92.24,915.33,448.76,406.10,535.25,802.36,498.14,61.94,1231.20,258.46,20146.00,50.94,52.02,5294.68,55.04,98.82,145.73,155.28,505.11,287.85,469.83,111.71,10705,2025-03-04 00:00:00,,,2025-03-04 18:14:08,,2025-03-04 18:14:08,,,
2025-03-05,717.14,764.52,4.82,92.25,920.58,451.81,408.77,538.02,807.68,500.53,61.85,1236.40,257.11,20133.00,51.00,52.08,5216.18,54.50,97.66,144.64,154.12,505.59,285.51,466.33,111.71,10706,2025-03-05 00:00:00,,,2025-03-05 18:14:55,,2025-03-05 18:14:55,,,
2025-03-06,716.92,775.73,4.84,92.25,926.36,455.89,412.84,540.08,806.00,501.76,61.47,1248.40,254.90,20037.00,51.08,52.17,5133.27,53.53,96.22,141.74,151.77,506.32,284.04,465.97,111.71,10707,2025-03-06 00:00:00,,,2025-03-06 18:12:48,,2025-03-06 18:12:48,,,
2025-03-07,717.05,776.07,4.87,92.26,926.65,455.90,413.74,539.70,813.63,503.68,61.56,1229.04,252.40,20056.00,51.05,52.13,5147.36,53.78,96.18,141.25,151.26,506.89,282.25,467.38,111.70,10708,2025-03-07 00:00:00,,,2025-03-07 18:14:34,,2025-03-07 18:14:34,,,
2025-03-10,717.33,780.93,4.88,92.31,929.94,453.81,411.76,541.13,818.82,500.77,61.30,1243.03,254.25,20078.00,51.04,52.14,5097.19,53.37,95.55,140.01,150.59,506.72,281.92,467.09,111.65,10709,2025-03-10 00:00:00,,,2025-03-10 18:25:06,,2025-03-10 18:25:06,,,
2025-03-11,717.41,781.18,4.92,92.36,928.01,452.94,411.70,540.30,818.16,500.01,61.43,1207.96,254.80,20159.00,50.94,52.04,5118.97,53.74,95.55,140.33,149.26,506.95,282.79,468.70,111.58,10710,2025-03-11 00:00:00,,,2025-03-11 18:19:11,,2025-03-11 18:19:11,,,
2025-03-12,716.96,784.40,4.87,92.27,930.40,452.84,411.51,540.26,813.27,498.48,61.43,1184.99,253.58,20165.00,51.08,52.16,5110.01,53.48,95.13,139.27,148.27,508.63,282.13,467.84,111.69,10711,2025-03-12 00:00:00,,,2025-03-12 18:09:45,,2025-03-12 18:09:45,,,
2025-03-13,717.28,783.40,4.87,92.32,933.16,455.23,413.93,540.10,815.71,501.60,61.49,1203.49,254.93,20112.00,51.00,52.07,5096.09,53.46,95.25,140.16,147.74,507.71,280.58,468.33,111.62,10712,2025-03-13 00:00:00,,,2025-03-13 18:09:14,,2025-03-13 18:09:14,,,
2025-03-14,717.38,781.13,4.88,92.30,932.49,453.10,411.54,538.80,814.88,499.47,61.70,1190.05,254.27,20146.00,50.99,52.06,5115.43,53.51,95.55,141.48,148.33,508.94,279.23,466.48,111.65,10713,2025-03-14 00:00:00,,,2025-03-14 18:09:38,,2025-03-14 18:09:38,,,
2025-03-17,716.88,781.96,4.84,92.24,929.41,455.11,414.18,539.14,812.51,500.68,61.81,1183.71,253.42,20151.00,51.09,52.17,5107.95,53.50,95.45,140.97,147.99,509.63,277.48,466.70,111.72,10714,2025-03-17 00:00:00,,,2025-03-17 18:18:29,,2025-03-17 18:18:29,,,
2025-03-18,717.33,784.39,4.82,92.32,932.95,459.00,419.39,540.49,814.82,503.08,61.84,1156.07,251.88,20047.00,51.10,52.18,5072.84,53.33,95.16,140.38,146.70,509.47,277.91,466.22,111.62,10715,2025-03-18 00:00:00,,,2025-03-18 18:10:51,,2025-03-18 18:10:51,,,
2025-03-19,716.97,786.33,4.82,92.28,934.48,457.60,419.05,540.23,819.47,503.08,61.79,1132.48,252.21,20125.00,51.08,52.16,5055.28,53.15,94.90,139.73,146.84,510.12,277.11,466.45,111.67,10716,2025-03-19 00:00:00,,,2025-03-19 18:08:26,,2025-03-19 18:08:26,,,
2025-03-20,717.54,784.57,4.85,92.35,935.86,457.70,419.18,540.89,820.09,502.83,61.57,1162.15,251.96,20245.00,51.03,52.11,5075.38,53.30,95.10,140.30,146.69,526.03,278.84,465.78,111.59,10717,2025-03-20 00:00:00,,,2025-03-20 17:42:56,,2025-03-20 17:42:56,,,
2025-03-21,717.60,782.09,4.85,92.33,934.01,453.81,415.82,539.39,816.69,503.33,61.45,1169.26,252.25,20316.00,50.97,52.05,5100.31,53.64,95.43,140.52,146.36,526.86,279.97,467.05,111.62,10718,2025-03-21 00:00:00,,,2025-03-21 18:37:01,,2025-03-21 18:37:01,,,
2025-03-24,717.80,780.04,4.82,92.35,930.85,453.33,414.77,539.35,815.07,503.06,61.37,1165.70,253.00,20283.00,50.96,52.05,5096.75,53.77,95.68,140.46,146.15,526.94,280.98,468.96,111.60,10719,2025-03-24 00:00:00,,,2025-03-24 18:17:21,,2025-03-24 18:17:21,,,
2025-03-25,717.88,778.64,4.79,92.34,931.29,453.70,414.00,538.21,815.82,503.94,61.58,1157.21,253.47,20300.00,50.92,52.00,5123.11,53.61,95.85,140.12,146.00,525.11,278.39,469.49,111.60,10720,2025-03-25 00:00:00,,,2025-03-25 18:08:45,,2025-03-25 18:08:45,,,
2025-03-26,717.54,776.89,4.81,92.29,932.22,454.69,414.08,538.95,815.27,505.15,61.51,1166.15,253.83,20249.00,50.96,52.05,5135.32,53.58,96.08,139.28,145.90,526.23,278.56,468.21,111.69,10721,2025-03-26 00:00:00,,,2025-03-26 18:06:46,,2025-03-26 18:06:46,,,
2025-03-27,717.63,774.85,4.80,92.29,928.92,454.23,414.03,537.46,814.99,505.18,61.48,1161.56,253.75,20279.00,50.90,51.98,5169.60,54.04,96.37,139.59,146.52,526.31,280.83,469.55,111.69,10722,2025-03-27 00:00:00,,,2025-03-27 17:53:01,,2025-03-27 17:53:01,,,
2025-03-28,717.52,777.55,4.78,92.27,932.54,454.15,414.36,537.64,815.96,503.98,61.48,1162.75,253.19,20260.00,50.96,52.04,5159.99,53.78,96.03,138.74,145.53,525.48,282.09,468.39,111.71,10723,2025-03-28 00:00:00,,,2025-03-28 17:40:31,,2025-03-28 17:40:31,,,
2025-03-31,717.82,779.62,4.84,92.28,931.83,452.70,411.85,536.31,817.37,503.75,61.66,1169.60,255.99,20326.00,50.95,52.03,5156.37,53.59,95.79,138.87,145.48,526.25,283.38,470.32,111.68,10724,2025-03-31 00:00:00,,,2025-03-31 17:46:48,,2025-03-31 17:46:48,,,
2025-04-01,717.75,779.13,4.81,92.26,930.54,450.16,409.60,536.01,814.17,500.97,61.71,1146.41,254.44,20378.00,50.97,52.05,5169.65,53.72,95.81,139.34,145.85,526.14,284.59,470.01,111.70,10725,2025-04-01 00:00:00,,,2025-04-01 17:40:57,,2025-04-01 17:40:57,,,
2025-04-02,717.93,778.26,4.82,92.27,931.63,453.73,412.90,536.21,814.91,505.08,61.68,1163.25,256.39,20346.00,50.92,52.01,5165.50,53.75,95.94,138.82,145.11,525.69,282.36,472.41,111.69,10726,2025-04-02 00:00:00,,,2025-04-02 17:41:24,,2025-04-02 17:41:24,,,
2025-04-03,718.89,784.14,4.88,92.35,939.03,451.85,413.67,534.78,819.15,506.50,61.95,1162.22,263.28,20255.00,50.99,52.07,5114.52,53.28,95.22,136.79,144.32,526.14,281.49,474.57,111.58,10727,2025-04-03 00:00:00,,,2025-04-03 17:41:05,,2025-04-03 17:41:05,,,
2025-04-07,719.80,793.56,4.99,92.61,934.39,435.55,403.36,537.19,846.07,509.21,61.47,1158.81,266.22,20214.00,50.76,51.86,5114.88,53.73,94.14,137.93,148.77,524.62,285.57,474.84,111.37,10728,2025-04-07 00:00:00,,,2025-04-07 17:49:45,,2025-04-07 17:49:45,,,
2025-04-08,720.38,791.55,4.92,92.70,925.63,437.29,404.08,536.01,842.16,510.19,61.90,1178.08,270.25,20184.00,50.65,51.77,5152.56,54.30,94.52,138.47,150.71,523.39,286.05,474.53,111.19,10729,2025-04-08 00:00:00,,,2025-04-08 17:34:36,,2025-04-08 17:34:36,,,
2025-04-09,720.66,796.20,4.99,92.79,928.32,432.43,401.39,535.89,855.46,509.03,61.99,1169.06,272.45,20297.00,50.65,51.77,5117.37,53.63,93.96,137.68,150.33,522.38,288.43,477.80,111.08,10730,2025-04-09 00:00:00,,,2025-04-09 17:50:47,,2025-04-09 17:50:47,,,
2025-04-10,720.92,794.62,4.94,92.91,931.27,447.02,411.22,539.79,846.26,514.96,61.77,1170.88,267.49,19993.00,50.63,51.74,5080.09,53.33,94.18,137.15,147.91,522.31,280.78,469.69,110.94,10731,2025-04-10 00:00:00,,,2025-04-10 17:42:41,,2025-04-10 17:42:41,,,
2025-04-11,720.87,813.39,5.03,92.92,938.97,450.52,416.67,543.53,876.37,518.35,61.47,1144.73,268.82,20025.00,50.75,51.86,5015.56,52.46,92.03,136.07,148.48,525.28,285.07,467.96,110.93,10732,2025-04-11 00:00:00,,,2025-04-11 17:43:01,,2025-04-11 17:43:01,,,
2025-04-14,721.10,822.20,5.05,92.95,947.23,455.92,424.34,548.37,884.35,522.62,61.07,1141.40,263.80,19640.00,50.64,51.75,4989.42,52.22,91.02,134.84,146.65,523.43,280.35,461.99,110.86,10733,2025-04-14 00:00:00,,,2025-04-14 17:48:03,,2025-04-14 17:48:03,,,
2025-04-15,720.96,820.92,5.07,92.95,953.94,458.60,427.21,549.92,886.36,521.82,60.93,1125.50,260.97,19603.00,50.69,51.79,4994.88,52.09,91.02,134.97,145.99,523.78,277.58,461.85,110.90,10734,2025-04-15 00:00:00,,,2025-04-15 17:43:09,,2025-04-15 17:43:09,,,
2025-04-16,721.33,817.89,5.08,93.00,959.85,459.40,428.18,549.89,883.22,520.45,60.89,1142.24,262.92,19630.00,50.61,51.71,4980.28,52.43,91.55,136.24,147.07,524.00,277.92,459.73,110.84,10735,2025-04-16 00:00:00,,,2025-04-16 17:43:22,,2025-04-16 17:43:22,,,
2025-04-17,720.85,824.70,5.12,92.89,957.63,461.88,431.20,552.29,888.18,523.01,60.89,1138.43,260.43,19532.00,50.71,51.80,4937.75,51.81,90.65,134.65,145.95,525.92,275.54,455.56,110.97,10736,2025-04-17 00:00:00,,,2025-04-17 17:43:16,,2025-04-17 17:43:16,,,
2025-04-18,720.69,823.18,5.09,92.83,960.23,463.01,433.48,551.88,883.30,523.55,60.93,1126.69,260.12,19532.00,50.73,51.83,4959.29,51.95,90.79,132.78,144.54,523.57,272.51,458.82,111.04,10737,2025-04-18 00:00:00,,,2025-04-18 17:43:38,,2025-04-18 17:43:38,,,
2025-04-21,720.55,828.06,5.12,92.85,962.97,462.67,432.22,553.02,889.22,523.80,60.85,1124.31,260.39,19562.00,50.76,51.85,4920.74,51.66,90.20,132.10,144.38,526.21,272.68,459.05,111.03,10738,2025-04-21 00:00:00,,,2025-04-21 17:48:53,,2025-04-21 17:48:53,,,
2025-04-22,720.74,832.40,5.15,92.87,967.32,464.55,435.17,554.10,893.12,523.27,60.48,1113.95,259.17,19623.00,50.77,51.85,4891.91,51.27,89.80,131.61,143.44,527.88,272.82,456.93,110.98,10739,2025-04-22 00:00:00,,,2025-04-22 17:34:22,,2025-04-22 17:34:22,,,
2025-04-23,721.16,824.96,5.10,92.95,963.99,463.97,434.92,551.80,878.57,525.50,60.74,1116.09,256.91,19630.00,50.56,51.64,4958.44,52.01,90.69,132.55,143.60,526.64,270.85,460.60,110.89,10740,2025-04-23 00:00:00,,,2025-04-23 17:33:54,,2025-04-23 17:33:54,,,
2025-04-24,720.98,821.24,5.07,92.92,961.37,462.02,432.83,550.52,872.97,523.10,60.67,1137.78,257.66,19668.00,50.68,51.75,4975.85,52.17,90.99,133.51,144.96,527.93,271.35,461.22,110.92,10741,2025-04-24 00:00:00,,,2025-04-24 17:34:11,,2025-04-24 17:34:11,,,
2025-04-25,720.66,822.41,5.07,92.88,963.84,463.75,434.57,551.36,872.93,522.80,60.45,1140.48,259.45,19726.00,50.74,51.82,4936.90,51.95,90.87,132.73,143.83,530.23,271.13,460.31,110.95,10742,2025-04-25 00:00:00,,,2025-04-25 17:43:16,,2025-04-25 17:43:16,,,
2025-04-28,720.43,821.25,5.04,92.88,961.90,462.42,431.76,550.01,873.33,522.39,60.46,1133.59,258.45,19800.00,50.75,51.83,4942.17,52.00,90.98,133.91,144.17,530.50,270.29,461.92,110.96,10743,2025-04-28 00:00:00,,,2025-04-28 17:48:04,,2025-04-28 17:48:04,,,
2025-04-29,720.29,823.70,5.09,92.85,970.16,464.67,432.25,551.79,878.71,522.97,60.17,1135.12,256.40,19810.00,50.80,51.88,4904.40,51.77,90.67,132.72,143.17,531.04,271.28,460.70,110.99,10744,2025-04-29 00:00:00,,,2025-04-29 17:42:30,,2025-04-29 17:42:30,,,
2025-04-30,720.14,822.50,5.09,92.81,968.67,461.77,429.96,552.19,876.40,522.98,59.84,1128.33,256.88,19747.00,50.80,51.88,4911.05,51.87,90.79,133.26,143.49,532.56,270.84,461.39,111.03,10745,2025-04-30 00:00:00,,,2025-04-30 17:43:37,,2025-04-30 17:43:37,,,
2025-05-06,720.08,815.35,5.03,92.90,958.08,466.17,430.34,558.72,876.64,522.02,58.31,1117.06,253.40,19147.00,50.93,52.00,4945.15,52.32,91.54,134.10,144.10,533.63,273.26,455.71,110.93,10746,2025-05-06 00:00:00,,,2025-05-06 17:56:23,,2025-05-06 17:56:23,,,
2025-05-07,720.05,816.50,5.03,92.89,961.53,468.76,433.58,559.08,871.96,523.27,58.65,1129.36,252.89,19281.00,51.00,52.07,4948.69,52.33,91.37,132.74,142.51,536.22,272.68,453.13,110.94,10747,2025-05-07 00:00:00,,,2025-05-07 17:43:47,,2025-05-07 17:43:47,,,
2025-05-08,720.73,815.96,5.02,92.87,959.49,464.31,429.31,557.50,876.18,521.97,58.81,1116.92,253.00,19328.00,50.88,51.96,4955.09,52.31,91.45,133.86,143.43,535.30,271.84,454.92,110.96,10748,2025-05-08 00:00:00,,,2025-05-08 17:43:39,,2025-05-08 17:43:39,,,
2025-05-09,720.95,811.18,4.95,92.76,957.24,462.69,427.17,555.63,869.27,519.59,59.40,1138.76,252.14,19441.00,50.80,51.88,4999.90,52.46,91.97,134.71,144.28,535.69,270.53,456.04,111.09,10749,2025-05-09 00:00:00,,,2025-05-09 17:43:47,,2025-05-09 17:43:47,,,
2025-05-12,720.66,810.74,4.95,92.64,959.15,463.93,427.99,556.37,865.38,518.64,59.58,1140.05,252.30,19314.00,50.87,51.95,4978.96,52.19,92.04,134.57,143.60,536.25,269.39,457.14,111.27,10750,2025-05-12 00:00:00,,,2025-05-12 17:49:23,,2025-05-12 17:49:23,,,
2025-05-13,719.91,800.17,4.86,92.37,950.47,459.80,422.70,552.49,853.55,516.23,59.79,1124.25,253.25,19638.00,50.92,52.00,5064.70,53.01,93.22,136.19,144.86,537.88,272.25,462.89,111.56,10751,2025-05-13 00:00:00,,,2025-05-13 17:43:37,,2025-05-13 17:43:37,,,
2025-05-14,719.56,803.58,4.87,92.29,955.33,464.68,426.31,552.25,855.70,515.37,60.11,1110.94,254.90,19703.00,51.15,52.23,5027.91,52.74,92.87,135.37,144.27,540.00,270.18,462.83,111.67,10752,2025-05-14 00:00:00,,,2025-05-14 17:43:20,,2025-05-14 17:43:20,,,
2025-05-15,719.63,805.64,4.92,92.21,955.42,463.18,425.23,553.87,856.33,515.57,59.57,1115.10,253.33,19494.00,50.98,52.06,5001.67,52.50,92.62,135.34,144.02,537.97,269.14,462.97,111.76,10753,2025-05-15 00:00:00,,,2025-05-15 17:43:39,,2025-05-15 17:43:39,,,
2025-05-19,719.16,805.50,4.96,91.99,957.76,461.63,424.22,554.73,862.45,516.09,59.66,1124.12,250.73,19437.00,51.01,52.09,4999.51,53.03,92.60,135.22,144.03,539.63,270.21,461.03,112.04,10754,2025-05-19 00:00:00,,,2025-05-19 18:01:19,,2025-05-19 18:01:19,,,
2025-05-16,719.38,805.73,4.95,92.15,957.85,461.14,423.22,555.42,861.89,515.96,59.39,1110.60,250.27,19412.00,51.02,52.10,4995.71,52.70,92.59,135.18,144.69,538.80,270.74,460.90,111.83,10755,2025-05-16 00:00:00,,,2025-05-19 18:01:19,,2025-05-19 18:01:19,,,
2025-05-20,719.31,808.10,4.97,91.94,961.13,464.56,426.99,555.83,861.44,515.70,59.64,1117.87,251.32,19328.00,51.03,52.12,4972.60,52.55,92.32,134.56,143.27,539.41,268.22,459.82,112.08,10756,2025-05-20 00:00:00,,,2025-05-20 17:43:45,,2025-05-20 17:43:45,,,
2025-05-21,719.37,812.65,4.99,91.89,964.36,462.78,427.33,556.38,870.12,517.80,59.49,1120.73,249.06,19306.00,51.01,52.09,4947.29,52.14,91.80,133.83,142.33,538.69,267.68,456.48,112.15,10757,2025-05-21 00:00:00,,,2025-05-21 17:43:25,,2025-05-21 17:43:25,,,
2025-05-22,719.03,814.62,5.00,91.86,964.74,462.73,426.88,557.84,870.96,518.84,59.28,1108.53,249.91,19112.00,51.08,52.16,4940.22,52.05,91.58,133.16,141.51,539.51,269.29,454.41,112.18,10758,2025-05-22 00:00:00,,,2025-05-22 17:43:39,,2025-05-22 17:43:39,,,
2025-05-23,719.19,812.69,5.01,91.86,966.61,461.92,425.21,557.29,869.35,519.83,59.33,1106.36,250.26,19183.00,51.01,52.08,4961.76,52.30,91.81,133.82,141.55,541.89,268.47,456.00,112.19,10759,2025-05-23 00:00:00,,,2025-05-23 17:43:33,,2025-05-23 17:43:33,,,
2025-05-26,718.33,816.76,5.03,91.69,971.39,466.61,429.97,558.96,872.86,522.62,58.91,1107.30,248.23,19040.00,51.21,52.26,4944.89,52.01,91.36,132.54,140.81,543.39,267.71,453.70,112.36,10760,2025-05-26 00:00:00,,,2025-05-26 17:49:42,,2025-05-26 17:49:42,,,
2025-05-27,718.76,818.49,5.03,91.72,974.72,465.88,430.85,559.74,875.77,523.17,58.67,1112.46,248.26,19054.00,51.12,52.20,4927.90,51.86,91.12,132.39,140.50,542.73,267.83,453.54,112.38,10761,2025-05-27 00:00:00,,,2025-05-27 17:42:57,,2025-05-27 17:42:57,,,
2025-05-28,718.94,815.58,4.99,91.72,972.48,464.02,428.16,558.44,870.07,521.07,58.88,1115.40,249.54,19102.00,51.04,52.12,4950.33,52.07,91.41,133.64,141.06,542.71,267.86,454.55,112.35,10762,2025-05-28 00:00:00,,,2025-05-28 17:42:29,,2025-05-28 17:42:29,,,
2025-05-29,719.07,810.27,4.95,91.76,967.97,463.09,429.65,557.27,866.53,520.16,58.85,1110.21,249.26,19136.00,51.04,52.11,4977.37,52.29,92.01,134.33,141.55,543.38,269.30,455.22,112.30,10763,2025-05-29 00:00:00,,,2025-05-29 17:43:16,,2025-05-29 17:43:16,,,
2025-05-30,718.48,816.20,4.99,91.64,968.44,462.24,428.66,557.83,872.43,519.59,59.05,1074.37,247.89,19106.00,51.23,52.31,4946.59,51.96,91.43,133.18,141.12,546.92,269.10,453.59,112.45,10764,2025-05-30 00:00:00,,,2025-05-30 17:43:13,,2025-05-30 17:43:13,,,
2025-06-04,718.86,818.53,5.00,91.64,973.24,465.13,432.03,557.88,873.92,524.61,59.02,1098.96,248.28,19160.00,51.03,52.11,4929.82,52.18,91.09,133.67,140.87,543.87,267.48,453.72,112.40,10765,2025-06-04 00:00:00,,,2025-06-04 18:03:00,,2025-06-04 18:03:00,,,
2025-06-03,718.69,821.69,5.04,91.62,972.50,465.92,433.42,558.60,878.89,523.19,59.18,1101.63,248.77,19169.00,51.18,52.27,4906.40,51.79,90.78,132.65,140.26,545.59,267.58,453.02,112.48,10766,2025-06-03 00:00:00,,,2025-06-04 18:03:00,,2025-06-04 18:03:00,,,
2025-06-05,718.65,820.45,5.04,91.61,973.23,466.14,432.90,558.39,877.93,524.91,59.08,1104.43,248.22,18981.00,51.18,52.24,4915.83,52.14,90.94,133.43,140.77,546.96,267.35,453.96,112.50,10767,2025-06-05 00:00:00,,,2025-06-05 17:43:59,,2025-06-05 17:43:59,,,
2025-06-06,718.45,821.74,5.00,91.57,974.30,466.94,433.43,558.08,875.63,524.86,58.88,1073.59,246.82,18897.00,51.18,52.27,4907.39,52.08,90.80,133.37,140.32,547.48,266.86,454.27,112.48,10768,2025-06-06 00:00:00,,,2025-06-06 17:43:02,,2025-06-06 17:43:02,,,
2025-06-09,718.55,819.75,4.97,91.57,973.10,467.33,433.09,557.67,875.38,524.98,58.93,1097.58,247.32,18913.00,51.11,52.18,4919.63,52.28,90.98,133.72,140.46,545.88,265.77,455.42,112.55,10769,2025-06-09 00:00:00,,,2025-06-09 17:49:03,,2025-06-09 17:49:03,,,
2025-06-10,718.40,820.80,4.97,91.54,973.82,468.25,434.88,558.88,874.74,524.58,58.91,1099.21,246.66,18861.00,51.12,52.20,4893.07,52.01,90.87,133.40,140.01,547.23,265.08,454.55,112.58,10770,2025-06-10 00:00:00,,,2025-06-10 17:42:54,,2025-06-10 17:42:54,,,
2025-06-11,718.15,820.82,4.96,91.50,969.74,468.75,434.89,558.39,873.27,525.48,59.00,1092.36,246.48,18991.00,51.14,52.22,4884.71,51.85,90.87,133.57,140.72,545.71,265.39,454.47,112.62,10771,2025-06-11 00:00:00,,,2025-06-11 17:44:38,,2025-06-11 17:44:38,,,
2025-06-12,718.03,825.78,4.98,91.48,973.36,466.75,432.76,558.95,876.40,524.97,58.94,1106.17,246.71,19062.00,51.18,52.27,4842.15,51.47,90.34,133.00,139.98,545.80,263.29,453.64,112.65,10772,2025-06-12 00:00:00,,,2025-06-12 17:33:59,,2025-06-12 17:33:59,,,
2025-06-13,717.72,830.83,5.00,91.44,976.19,467.80,434.41,560.90,885.60,527.15,58.87,1114.40,247.85,18977.00,51.22,52.32,4827.65,51.31,89.72,131.65,138.46,549.30,263.40,451.73,112.72,10773,2025-06-13 00:00:00,,,2025-06-13 17:43:31,,2025-06-13 17:43:31,,,
2025-06-16,717.89,828.70,4.97,91.46,973.64,466.29,432.43,560.08,885.02,528.85,59.12,1113.41,249.97,19001.00,51.12,52.24,4860.89,51.51,89.98,132.21,138.03,548.79,263.86,451.71,112.70,10774,2025-06-16 00:00:00,,,2025-06-16 17:39:45,,2025-06-16 17:39:45,,,
2025-06-17,717.46,829.32,4.96,91.40,974.23,467.82,434.81,560.53,882.21,529.02,59.09,1095.02,248.00,18933.00,51.18,52.26,4850.64,51.49,89.92,132.17,138.03,548.50,263.51,452.04,112.69,10775,2025-06-17 00:00:00,,,2025-06-17 17:35:03,,2025-06-17 17:35:03,,,
2025-06-18,717.61,825.58,4.95,91.42,965.80,465.94,433.16,558.87,880.43,525.68,59.08,1093.01,250.50,19150.00,51.09,52.16,4892.82,51.79,90.32,132.79,138.15,549.65,264.64,453.05,112.84,10776,2025-06-18 00:00:00,,,2025-06-18 17:34:25,,2025-06-18 17:34:25,,,
2025-06-19,717.29,823.95,4.95,91.38,963.15,467.17,432.99,558.89,876.95,524.38,59.15,1091.33,251.01,19146.00,51.13,52.25,4890.00,51.84,90.51,134.26,138.92,550.24,264.93,454.68,112.89,10777,2025-06-19 00:00:00,,,2025-06-19 17:34:48,,2025-06-19 17:34:48,,,
2025-06-20,716.95,826.03,4.94,91.33,967.01,465.29,430.54,558.35,878.87,523.92,59.31,1091.05,251.54,19146.00,51.18,52.30,4881.34,51.74,90.31,134.10,139.77,552.38,265.30,455.96,112.94,10778,2025-06-20 00:00:00,,,2025-06-20 17:34:48,,2025-06-20 17:34:48,,,
2025-06-23,717.10,825.09,4.91,91.35,964.33,462.76,428.27,557.27,877.82,522.50,59.29,1092.91,251.80,19166.00,51.14,52.26,4880.76,51.77,90.37,134.98,140.68,553.11,267.93,456.98,112.87,10779,2025-06-23 00:00:00,,,2025-06-23 17:40:48,,2025-06-23 17:40:48,,,
2025-06-24,716.56,831.06,4.91,91.28,970.18,464.26,429.38,558.77,881.74,521.94,59.76,1094.42,248.76,19133.00,51.27,52.39,4848.04,51.44,89.75,133.65,140.57,553.94,266.36,457.52,113.01,10780,2025-06-24 00:00:00,,,2025-06-24 17:35:11,,2025-06-24 17:35:11,,,
2025-06-25,716.68,832.24,4.95,91.30,975.45,465.10,430.73,560.09,890.14,522.06,59.16,1091.72,247.53,18960.00,51.26,52.36,4820.46,51.09,89.63,132.87,141.18,552.39,265.05,455.44,112.99,10781,2025-06-25 00:00:00,,,2025-06-25 17:44:36,,2025-06-25 17:44:36,,,
2025-06-26,716.20,836.06,4.94,91.25,979.57,466.69,433.10,560.55,890.48,521.98,59.12,1092.15,247.48,18971.00,51.29,52.38,4792.92,50.81,89.25,132.25,141.31,555.26,264.20,454.27,112.97,10782,2025-06-26 00:00:00,,,2025-06-26 17:42:20,,2025-06-26 17:42:20,,,
2025-06-27,716.27,837.68,4.96,91.25,983.45,469.21,434.45,562.01,894.47,525.19,59.00,1097.86,249.25,18924.00,51.26,52.36,4771.73,50.62,89.07,132.66,140.75,555.78,263.55,453.49,112.88,10783,2025-06-27 00:00:00,,,2025-06-27 17:42:52,,2025-06-27 17:42:52,,,
2025-06-30,715.86,840.24,4.96,91.20,983.00,468.17,434.75,561.79,897.21,523.58,59.00,1095.58,248.07,19000.00,51.26,52.34,4747.61,50.44,88.79,132.13,140.53,556.61,262.55,455.20,113.03,10784,2025-06-30 00:00:00,,,2025-06-30 17:38:21,,2025-06-30 17:38:21,,,
2025-07-01,715.34,843.05,4.97,91.13,981.97,470.36,435.68,562.87,901.81,525.57,58.73,1093.42,247.73,18894.00,51.37,52.45,4737.08,50.33,88.51,132.26,140.94,556.90,262.20,453.41,113.11,10785,2025-07-01 00:00:00,,,2025-07-01 17:33:21,,2025-07-01 17:33:21,,,
2025-07-02,715.46,844.51,4.99,91.15,983.60,470.97,436.74,562.30,904.94,524.50,58.65,1095.83,246.02,18962.00,51.32,52.41,4727.15,50.29,88.34,132.44,140.72,556.52,261.89,453.17,113.09,10786,2025-07-02 00:00:00,,,2025-07-02 17:34:08,,2025-07-02 17:34:08,,,
2025-07-04,715.35,842.28,4.95,91.15,978.36,471.03,435.38,561.80,901.42,527.51,59.03,1102.92,244.52,19061.00,51.28,52.36,4732.76,50.34,88.55,133.64,140.30,556.02,260.46,452.65,113.09,10787,2025-07-04 00:00:00,,,2025-07-04 15:13:09,,2025-07-04 15:13:09,,,
2025-07-03,715.23,844.63,4.99,91.11,976.96,471.19,435.91,562.29,904.08,526.84,59.03,1102.30,245.35,18936.00,51.31,52.39,4737.93,50.48,88.34,132.94,140.58,557.53,262.44,451.87,113.13,10788,2025-07-03 00:00:00,,,2025-07-04 15:13:09,,2025-07-04 15:13:09,,,
2025-07-07,715.06,842.92,4.95,91.09,976.88,468.63,433.04,561.67,901.10,526.10,58.92,1099.17,245.79,19051.00,51.32,52.40,4724.62,50.30,88.49,133.55,140.59,557.76,260.02,452.27,113.12,10789,2025-07-07 00:00:00,,,2025-07-07 17:38:11,,2025-07-07 17:38:11,,,
2025-07-08,715.34,841.10,4.91,91.13,976.54,466.37,430.91,560.29,899.24,524.62,59.16,1096.54,249.15,19146.00,51.24,52.32,4755.49,50.53,88.64,132.67,140.96,557.92,260.38,454.79,113.08,10790,2025-07-08 00:00:00,,,2025-07-08 17:33:57,,2025-07-08 17:33:57,,,
2025-07-09,715.41,839.66,4.88,91.14,973.27,467.75,429.77,559.58,899.68,524.18,59.23,1093.24,248.22,19144.00,51.26,52.35,4763.61,50.53,88.78,132.95,140.79,558.70,259.91,454.46,113.07,10791,2025-07-09 00:00:00,,,2025-07-09 17:33:44,,2025-07-09 17:33:44,,,
2025-07-10,715.10,840.10,4.90,91.10,973.51,468.21,429.98,559.54,902.85,523.28,59.27,1088.74,248.67,19140.00,51.28,52.37,4754.14,50.48,88.76,132.68,140.76,558.95,260.10,455.22,113.15,10792,2025-07-10 00:00:00,,,2025-07-10 17:33:33,,2025-07-10 17:33:33,,,
2025-07-11,714.75,836.97,4.90,91.05,971.42,471.56,432.25,559.33,898.59,523.91,59.36,1083.24,247.79,19166.00,51.31,52.40,4759.49,50.73,89.07,132.80,140.83,560.77,259.96,455.16,113.20,10793,2025-07-11 00:00:00,,,2025-07-11 17:34:18,,2025-07-11 17:34:18,,,
2025-07-14,714.91,836.10,4.87,91.07,966.65,471.27,430.47,559.28,899.19,523.49,59.39,1087.31,250.50,19207.00,51.29,52.36,4784.01,51.01,89.14,133.61,141.44,561.22,260.84,452.22,113.18,10794,2025-07-14 00:00:00,,,2025-07-14 17:38:39,,2025-07-14 17:38:39,,,
2025-07-15,714.98,835.34,4.85,91.08,962.12,468.79,428.08,558.38,897.68,522.64,59.41,1088.46,250.06,19298.00,51.28,52.37,4787.01,50.95,89.28,134.20,141.36,561.59,261.91,452.87,113.14,10795,2025-07-15 00:00:00,,,2025-07-15 17:33:19,,2025-07-15 17:33:19,,,
2025-07-16,715.26,831.57,4.81,91.12,959.48,467.33,427.21,557.57,893.73,522.42,59.28,1086.57,249.87,19331.00,51.25,52.32,4815.18,51.28,89.62,135.47,142.86,561.43,262.64,453.46,113.09,10796,2025-07-16 00:00:00,,,2025-07-16 17:33:41,,2025-07-16 17:33:41,,,
2025-07-17,714.61,832.07,4.84,91.04,959.53,466.58,425.25,558.02,893.14,522.74,59.31,1090.57,249.24,19383.00,51.32,52.41,4797.56,51.08,89.71,135.90,143.30,562.20,261.64,453.32,113.20,10797,2025-07-17 00:00:00,,,2025-07-17 17:33:46,,2025-07-17 17:33:46,,,
2025-07-18,714.98,831.51,4.83,91.09,961.49,465.27,425.82,556.92,891.75,521.04,59.33,1088.17,248.98,19415.00,51.31,52.40,4799.14,51.20,89.77,135.92,143.63,563.29,262.17,453.34,113.13,10798,2025-07-18 00:00:00,,,2025-07-18 17:33:39,,2025-07-18 17:33:39,,,
2025-07-21,715.22,832.28,4.83,91.13,960.22,465.95,425.94,557.17,893.10,521.52,59.23,1096.49,247.50,19402.00,51.30,52.39,4793.07,51.00,89.70,134.81,142.07,563.77,261.59,452.20,113.11,10799,2025-07-21 00:00:00,,,2025-07-21 17:39:00,,2025-07-21 17:39:00,,,
2025-07-22,714.60,836.01,4.85,91.03,964.49,466.54,426.80,558.68,895.80,522.82,59.17,1091.24,246.30,19325.00,51.34,52.45,4771.60,50.74,89.29,133.88,142.04,564.56,261.08,450.21,113.23,10800,2025-07-22 00:00:00,,,2025-07-22 17:33:33,,2025-07-22 17:33:33,,,
2025-07-23,714.14,839.20,4.87,90.98,966.62,468.44,429.23,559.24,901.05,525.56,59.14,1096.33,245.73,19289.00,51.37,52.47,4753.09,50.65,88.96,133.12,140.89,564.62,260.82,449.72,113.31,10801,2025-07-23 00:00:00,,,2025-07-23 17:33:13,,2025-07-23 17:33:13,,,
2025-07-24,713.85,840.77,4.88,90.94,970.03,471.52,432.04,559.79,901.83,525.08,59.14,1096.56,245.20,19231.00,51.42,52.53,4737.83,50.52,88.77,133.10,141.43,565.96,259.55,449.88,113.34,10802,2025-07-24 00:00:00,,,2025-07-24 17:33:34,,2025-07-24 17:33:34,,,
2025-07-25,714.19,840.01,4.86,90.98,965.65,471.58,431.77,559.49,899.06,524.07,58.97,1111.95,246.58,19201.00,51.36,52.47,4728.97,50.66,88.84,133.30,141.56,566.90,259.50,451.12,113.29,10803,2025-07-25 00:00:00,,,2025-07-25 17:33:14,,2025-07-25 17:33:14,,,
2025-07-25,714.19,840.01,4.86,90.98,965.65,471.58,431.77,559.49,899.06,524.07,58.97,1111.95,246.58,19201.00,51.36,52.47,4728.97,50.66,88.84,133.30,141.56,566.90,259.50,451.12,113.29,10804,2025-07-25 00:00:00,,,2025-07-25 17:33:14,,2025-07-25 17:33:14,,,
2025-07-28,714.67,840.99,4.84,91.05,961.61,470.34,431.03,558.50,899.45,522.30,59.01,1108.12,248.15,19308.00,51.34,52.44,4710.93,50.50,88.74,132.83,141.65,566.63,259.07,452.75,113.18,10805,2025-07-28 00:00:00,,,2025-07-28 17:38:58,,2025-07-28 17:38:58,,,
2025-07-29,715.11,830.63,4.82,91.10,957.66,467.86,428.62,556.83,892.21,522.09,59.07,1135.31,249.86,19394.00,51.22,52.31,4785.63,51.34,89.84,134.03,142.10,565.65,262.08,452.66,113.11,10806,2025-07-29 00:00:00,,,2025-07-29 17:33:21,,2025-07-29 17:33:21,,,
2025-07-30,714.41,827.03,4.82,91.01,956.02,466.38,426.69,555.98,888.69,519.83,59.13,1130.92,249.84,19355.00,51.29,52.38,4833.58,51.74,90.26,134.75,142.49,566.43,261.98,451.99,113.23,10807,2025-07-30 00:00:00,,,2025-07-30 17:33:26,,2025-07-30 17:33:26,,,
2025-07-31,714.94,819.20,4.80,91.08,950.13,462.38,424.24,553.06,880.99,518.63,59.19,1126.41,251.06,19379.00,51.20,52.30,4886.16,52.15,91.12,136.35,143.69,565.70,263.15,454.97,113.14,10808,2025-07-31 00:00:00,,,2025-07-31 17:33:49,,2025-07-31 17:33:49,,,
2025-08-01,714.96,818.85,4.76,91.08,947.01,461.21,422.87,552.48,881.34,517.57,59.50,1126.11,254.19,19413.00,51.20,52.29,4883.39,52.21,91.18,136.49,144.02,566.72,263.34,455.59,113.14,10809,2025-08-01 00:00:00,,,2025-08-01 17:33:29,,2025-08-01 17:33:29,,,
2025-08-04,713.95,826.95,4.86,90.95,949.19,462.20,422.50,554.75,888.52,518.90,59.63,1110.50,252.14,19385.00,51.37,52.45,4801.19,51.52,90.23,135.00,143.48,568.54,263.93,453.66,113.30,10810,2025-08-04 00:00:00,,,2025-08-04 17:38:27,,2025-08-04 17:38:27,,,
2025-08-05,713.66,827.50,4.87,90.92,950.21,462.54,422.92,555.53,885.04,518.97,59.24,1112.70,250.94,19345.00,51.39,52.49,4820.20,51.64,90.20,134.97,143.52,568.72,264.34,451.35,113.35,10811,2025-08-05 00:00:00,,,2025-08-05 17:33:44,,2025-08-05 17:33:44,,,
2025-08-06,714.09,827.68,4.85,90.97,951.25,463.13,423.18,555.44,885.58,519.36,59.06,1113.88,250.51,19367.00,51.34,52.45,4810.34,51.72,90.17,135.24,143.39,568.34,262.18,451.41,113.28,10812,2025-08-06 00:00:00,,,2025-08-06 17:33:51,,2025-08-06 17:33:51,,,
2025-08-06,714.09,827.68,4.85,90.97,951.25,463.13,423.18,555.44,885.58,519.36,59.06,1113.88,250.51,19367.00,51.34,52.45,4810.34,51.72,90.17,135.24,143.39,568.34,262.18,451.41,113.28,10813,2025-08-06 00:00:00,,,2025-08-06 17:33:51,,2025-08-06 17:33:51,,,
2025-08-07,713.45,832.91,4.86,90.90,954.60,464.55,423.94,556.10,886.30,520.15,59.11,1114.82,248.80,19353.00,51.38,52.48,4775.09,51.28,89.65,134.38,142.56,568.49,260.26,451.81,113.39,10814,2025-08-07 00:00:00,,,2025-08-07 17:33:14,,2025-08-07 17:33:14,,,
2025-08-08,713.82,833.81,4.87,90.94,961.06,466.11,426.35,557.17,886.35,520.29,59.14,1104.64,247.89,19341.00,51.39,52.49,4754.97,50.98,89.59,133.63,142.92,568.45,260.39,450.85,113.32,10815,2025-08-08 00:00:00,,,2025-08-08 17:33:51,,2025-08-08 17:33:51,,,
2025-08-11,714.05,833.49,4.85,90.96,962.34,466.67,426.36,556.78,886.04,520.51,59.32,1113.62,247.79,19369.00,51.30,52.42,4743.40,50.93,89.55,133.78,143.48,568.95,259.86,451.33,113.29,10816,2025-08-11 00:00:00,,,2025-08-11 21:13:03,,2025-08-11 21:13:03,,,
2025-08-12,714.18,831.42,4.83,90.98,961.76,466.64,425.92,556.21,881.29,519.79,59.16,1107.25,248.18,19392.00,51.29,52.40,4758.82,51.20,89.78,134.55,142.74,568.34,261.03,452.10,113.29,10817,2025-08-12 00:00:00,,,2025-08-12 21:17:28,,2025-08-12 21:17:28,,,
2025-08-13,713.50,834.64,4.84,90.90,965.21,466.71,425.99,557.24,886.19,519.14,59.06,1107.34,246.03,19331.00,51.36,52.48,4736.95,50.96,89.44,133.51,142.92,569.57,260.05,452.11,113.37,10818,2025-08-13 00:00:00,,,2025-08-13 17:39:34,,2025-08-13 17:39:34,,,
2025-08-14,713.37,836.47,4.86,90.89,970.74,467.88,427.57,558.09,887.36,519.58,58.85,1108.07,244.94,19273.00,51.39,52.49,4720.40,50.79,89.27,133.52,142.59,569.99,260.83,450.90,113.39,10819,2025-08-14 00:00:00,,,2025-08-14 21:26:48,,2025-08-14 21:26:48,,,
2025-08-15,713.71,832.97,4.84,91.05,968.31,464.81,423.69,556.94,885.86,518.18,58.89,1110.47,246.03,19389.00,51.31,52.41,4743.57,51.14,89.68,133.96,142.90,570.47,263.03,452.54,113.17,10820,2025-08-15 00:00:00,,,2025-08-15 21:29:41,,2025-08-15 21:29:41,,,
2025-08-18,713.22,836.86,4.86,91.11,969.22,465.65,424.48,557.51,885.75,517.60,58.85,1116.04,246.27,19387.00,51.36,52.47,4717.60,50.85,89.20,133.56,142.37,571.35,261.99,453.25,113.10,10821,2025-08-18 00:00:00,,,2025-08-18 19:51:55,,2025-08-18 19:51:55,,,
2025-08-19,713.59,834.27,4.84,91.25,966.20,464.62,424.26,556.92,885.61,518.35,59.04,1119.50,246.58,19379.00,51.32,52.43,4732.69,50.92,89.47,133.60,142.49,571.03,262.73,453.51,112.94,10822,2025-08-19 00:00:00,,,2025-08-19 21:45:38,,2025-08-19 21:45:38,,,
2025-08-20,713.84,832.43,4.85,91.48,965.09,461.45,421.88,556.72,885.22,516.15,59.05,1123.61,247.56,19433.00,51.30,52.42,4726.49,50.96,89.76,134.25,143.87,570.82,263.25,454.26,112.65,10823,2025-08-20 00:00:00,,,2025-08-20 21:50:17,,2025-08-20 21:50:17,,,
2025-08-21,712.87,832.87,4.85,91.25,962.37,460.04,416.86,556.38,888.84,515.47,59.09,1122.29,247.43,19505.00,51.34,52.46,4734.96,50.98,89.63,134.09,143.15,571.81,262.64,454.55,112.93,10824,2025-08-21 00:00:00,,,2025-08-21 21:52:09,,2025-08-21 21:52:09,,,
2025-08-22,713.21,829.80,4.82,91.29,959.67,459.11,416.09,554.93,883.98,514.45,59.11,1121.97,247.86,19532.00,51.33,52.45,4769.55,51.23,90.06,134.53,142.41,573.02,262.32,455.45,112.88,10825,2025-08-22 00:00:00,,,2025-08-22 18:17:55,,2025-08-22 18:17:55,,,
2025-08-25,711.61,834.46,4.85,91.07,963.38,462.43,418.31,556.45,888.54,515.81,59.03,1125.80,244.48,19361.00,51.47,52.59,4733.00,50.98,89.47,133.31,141.24,573.49,260.70,454.12,113.17,10826,2025-08-25 00:00:00,,,2025-08-25 21:30:02,,2025-08-25 21:30:02,,,
2025-08-26,711.88,829.80,4.83,91.16,960.81,462.66,417.81,555.19,885.90,515.26,58.96,1128.70,246.94,19450.00,51.44,52.55,4786.59,51.32,90.00,134.30,141.85,574.06,261.95,454.14,113.04,10827,2025-08-26 00:00:00,,,2025-08-26 21:03:12,,2025-08-26 21:03:12,,,
2025-08-27,711.08,829.24,4.84,91.30,960.82,462.78,417.59,554.64,886.67,515.35,59.12,1125.27,247.40,19532.00,51.51,52.61,4771.29,51.30,90.08,134.15,142.11,575.27,261.85,454.33,112.87,10828,2025-08-27 00:00:00,,,2025-08-27 22:16:11,,2025-08-27 22:16:11,,,
2025-08-28,710.63,829.15,4.84,91.27,961.55,463.74,417.69,554.21,888.03,516.82,59.34,1124.08,248.56,19514.00,51.55,52.67,4778.75,51.44,90.05,133.77,141.45,576.06,262.02,454.33,112.92,10829,2025-08-28 00:00:00,,,2025-08-28 22:20:01,,2025-08-28 22:20:01,,,
2025-08-29,710.30,830.08,4.84,91.16,960.43,464.32,418.47,554.53,886.63,517.21,59.20,1130.72,248.78,19475.00,51.65,52.76,4774.77,51.32,89.94,133.36,141.57,578.33,262.35,453.59,113.05,10830,2025-08-29 00:00:00,,,2025-08-29 19:54:17,,2025-08-29 19:54:17,,,
2025-09-01,710.72,831.29,4.83,91.17,960.61,465.42,419.63,554.10,887.82,517.74,59.32,1123.18,248.17,19531.00,51.62,52.75,4769.15,51.26,89.81,132.96,141.46,578.06,262.47,453.91,113.04,10831,2025-09-01 00:00:00,,,2025-09-01 20:04:44,,2025-09-01 20:04:44,,,
2025-09-02,710.89,832.76,4.84,91.18,963.58,466.08,420.01,554.22,888.51,517.44,59.31,1130.49,247.65,19567.00,51.61,52.73,4739.73,51.12,89.67,132.01,140.50,577.94,262.18,453.41,113.01,10832,2025-09-02 00:00:00,,,2025-09-02 18:25:16,,2025-09-02 18:25:16,,,
2025-09-03,711.08,828.55,4.80,91.09,954.05,464.33,417.67,552.65,885.14,517.06,59.40,1128.79,248.43,19580.00,51.52,52.64,4772.84,51.45,90.16,132.84,140.88,577.59,263.08,453.27,113.13,10833,2025-09-03 00:00:00,,,2025-09-03 22:43:51,,2025-09-03 22:43:51,,,
2025-09-04,710.52,829.70,4.81,91.12,956.54,465.84,418.89,552.64,884.91,515.95,59.31,1134.31,248.26,19507.00,51.58,52.70,4739.89,51.23,89.97,132.43,141.01,577.79,262.86,452.80,113.10,10834,2025-09-04 00:00:00,,,2025-09-04 22:42:17,,2025-09-04 22:42:17,,,
2025-09-05,710.64,829.53,4.80,91.10,956.89,464.26,416.81,552.25,883.80,515.28,59.36,1139.02,249.54,19545.00,51.57,52.69,4736.41,51.24,90.00,132.86,141.58,579.16,263.26,452.96,113.11,10835,2025-09-05 00:00:00,,,2025-09-05 21:02:15,,2025-09-05 21:02:15,,,
2025-09-08,710.29,832.65,4.79,91.09,959.28,465.95,418.88,553.09,889.61,513.90,59.37,1143.04,247.77,19506.00,51.65,52.76,4714.26,51.05,89.67,131.98,140.93,579.84,263.10,450.79,113.16,10836,2025-09-08 00:00:00,,,2025-09-08 22:43:11,,2025-09-08 22:43:11,,,
2025-09-09,710.08,836.11,4.83,91.12,962.98,468.88,422.80,554.21,895.74,514.78,59.23,1159.67,246.08,19482.00,51.69,52.78,4699.21,50.79,89.29,131.62,140.44,580.50,262.51,445.70,113.12,10837,2025-09-09 00:00:00,,,2025-09-09 22:36:19,,2025-09-09 22:36:19,,,
2025-09-10,710.62,832.10,4.83,91.23,961.93,468.59,421.81,554.48,892.14,513.92,59.22,1175.39,246.81,19505.00,51.61,52.72,4722.19,51.07,89.75,131.95,140.44,579.65,261.92,445.85,112.97,10838,2025-09-10 00:00:00,,,2025-09-10 20:21:20,,2025-09-10 20:21:20,,,
2025-09-11,710.34,831.58,4.83,91.19,962.17,470.58,422.49,554.52,889.98,512.93,59.33,1192.36,246.10,19523.00,51.67,52.78,4725.57,51.23,89.76,131.44,139.66,580.60,261.64,446.40,113.01,10839,2025-09-11 00:00:00,,,2025-09-11 18:53:16,,2025-09-11 18:53:16,,,
2025-09-12,710.19,833.26,4.83,91.19,964.15,473.20,424.45,554.17,892.38,513.41,59.35,1191.89,244.46,19554.00,51.72,52.82,4696.33,51.05,89.58,131.11,138.80,582.04,260.07,446.41,112.95,10840,2025-09-12 00:00:00,,,2025-09-12 23:20:29,,2025-09-12 23:20:29,,,
2025-09-15,710.56,833.27,4.81,91.33,963.51,472.58,423.32,554.12,892.27,513.66,59.10,1175.10,244.43,19585.00,51.67,52.77,4683.57,51.04,89.56,131.19,138.76,581.31,259.63,446.27,112.83,10841,2025-09-15 00:00:00,,,2025-09-15 21:53:45,,2025-09-15 21:53:45,,,
2025-09-16,710.27,835.71,4.82,91.30,966.43,473.96,424.04,555.08,894.11,515.81,59.10,1164.97,244.34,19482.00,51.68,52.78,4657.79,50.80,89.32,130.56,138.29,581.15,258.38,447.40,112.89,10842,2025-09-16 00:00:00,,,2025-09-16 17:51:13,,2025-09-16 17:51:13,,,
2025-09-17,710.13,842.49,4.85,91.28,969.24,474.70,425.21,556.60,903.27,516.71,59.08,1170.61,244.25,19423.00,51.74,52.84,4620.49,50.42,88.58,129.96,137.49,581.73,257.65,445.83,112.90,10843,2025-09-17 00:00:00,,,2025-09-17 22:44:53,,2025-09-17 22:44:53,,,
