日期,星期,是否节假日,假日名称,_ID,_DATA_TIME,_ACTIVE,_CREATE_ID,_CREATE_TIME,_UPDATE_ID,_UPDATE_TIME,_REMARK,_CHANGE_LOG,_RESERVE
2024-01-01,星期一,1,元旦,7306,2024-01-01 00:00:00,1,0,2024-07-02 14:13:52,0,2024-07-02 14:13:52,,,
2024-01-02,星期二,0,,7307,2024-01-02 00:00:00,1,0,2024-07-02 14:13:52,0,2024-07-02 14:13:52,,,
2024-01-03,星期三,0,,7308,2024-01-03 00:00:00,1,0,2024-07-02 14:13:52,0,2024-07-02 14:13:52,,,
2024-01-04,星期四,0,,7309,2024-01-04 00:00:00,1,0,2024-07-02 14:13:52,0,2024-07-02 14:13:52,,,
2024-01-05,星期五,0,,7310,2024-01-05 00:00:00,1,0,2024-07-02 14:13:52,0,2024-07-02 14:13:52,,,
2024-01-06,星期六,0,,7311,2024-01-06 00:00:00,1,0,2024-07-02 14:13:52,0,2024-07-02 14:13:52,,,
2024-01-07,星期天,0,,7312,2024-01-07 00:00:00,1,0,2024-07-02 14:13:52,0,2024-07-02 14:13:52,,,
2024-01-08,星期一,0,,7313,2024-01-08 00:00:00,1,0,2024-07-02 14:13:52,0,2024-07-02 14:13:52,,,
2024-01-09,星期二,0,,7314,2024-01-09 00:00:00,1,0,2024-07-02 14:13:52,0,2024-07-02 14:13:52,,,
2024-01-10,星期三,0,,7315,2024-01-10 00:00:00,1,0,2024-07-02 14:13:52,0,2024-07-02 14:13:52,,,
2024-01-11,星期四,0,,7316,2024-01-11 00:00:00,1,0,2024-07-02 14:13:52,0,2024-07-02 14:13:52,,,
2024-01-12,星期五,0,,7317,2024-01-12 00:00:00,1,0,2024-07-02 14:13:52,0,2024-07-02 14:13:52,,,
2024-01-13,星期六,0,,7318,2024-01-13 00:00:00,1,0,2024-07-02 14:13:52,0,2024-07-02 14:13:52,,,
2024-01-14,星期天,0,,7319,2024-01-14 00:00:00,1,0,2024-07-02 14:13:52,0,2024-07-02 14:13:52,,,
2024-01-15,星期一,0,,7320,2024-01-15 00:00:00,1,0,2024-07-02 14:13:52,0,2024-07-02 14:13:52,,,
2024-01-16,星期二,0,,7321,2024-01-16 00:00:00,1,0,2024-07-02 14:13:52,0,2024-07-02 14:13:52,,,
2024-01-17,星期三,0,,7322,2024-01-17 00:00:00,1,0,2024-07-02 14:13:52,0,2024-07-02 14:13:52,,,
2024-01-18,星期四,0,,7323,2024-01-18 00:00:00,1,0,2024-07-02 14:13:52,0,2024-07-02 14:13:52,,,
2024-01-19,星期五,0,,7324,2024-01-19 00:00:00,1,0,2024-07-02 14:13:52,0,2024-07-02 14:13:52,,,
2024-01-20,星期六,0,,7325,2024-01-20 00:00:00,1,0,2024-07-02 14:13:52,0,2024-07-02 14:13:52,,,
2024-01-21,星期天,0,,7326,2024-01-21 00:00:00,1,0,2024-07-02 14:13:52,0,2024-07-02 14:13:52,,,
2024-01-22,星期一,0,,7327,2024-01-22 00:00:00,1,0,2024-07-02 14:13:52,0,2024-07-02 14:13:52,,,
2024-01-23,星期二,0,,7328,2024-01-23 00:00:00,1,0,2024-07-02 14:13:52,0,2024-07-02 14:13:52,,,
2024-01-24,星期三,0,,7329,2024-01-24 00:00:00,1,0,2024-07-02 14:13:52,0,2024-07-02 14:13:52,,,
2024-01-25,星期四,0,,7330,2024-01-25 00:00:00,1,0,2024-07-02 14:13:52,0,2024-07-02 14:13:52,,,
2024-01-26,星期五,0,,7331,2024-01-26 00:00:00,1,0,2024-07-02 14:13:52,0,2024-07-02 14:13:52,,,
2024-01-27,星期六,0,,7332,2024-01-27 00:00:00,1,0,2024-07-02 14:13:52,0,2024-07-02 14:13:52,,,
2024-01-28,星期天,0,,7333,2024-01-28 00:00:00,1,0,2024-07-02 14:13:52,0,2024-07-02 14:13:52,,,
2024-01-29,星期一,0,,7334,2024-01-29 00:00:00,1,0,2024-07-02 14:13:52,0,2024-07-02 14:13:52,,,
2024-01-30,星期二,0,,7335,2024-01-30 00:00:00,1,0,2024-07-02 14:13:52,0,2024-07-02 14:13:52,,,
2024-01-31,星期三,0,,7336,2024-01-31 00:00:00,1,0,2024-07-02 14:13:52,0,2024-07-02 14:13:52,,,
2024-02-01,星期四,0,,7337,2024-02-01 00:00:00,1,0,2024-07-02 14:13:52,0,2024-07-02 14:13:52,,,
2024-02-02,星期五,0,,7338,2024-02-02 00:00:00,1,0,2024-07-02 14:13:52,0,2024-07-02 14:13:52,,,
2024-02-03,星期六,0,,7339,2024-02-03 00:00:00,1,0,2024-07-02 14:13:52,0,2024-07-02 14:13:52,,,
2024-02-04,星期天,0,,7340,2024-02-04 00:00:00,1,0,2024-07-02 14:13:52,0,2024-07-02 14:13:52,,,
2024-02-05,星期一,0,,7341,2024-02-05 00:00:00,1,0,2024-07-02 14:13:52,0,2024-07-02 14:13:52,,,
2024-02-06,星期二,0,,7342,2024-02-06 00:00:00,1,0,2024-07-02 14:13:52,0,2024-07-02 14:13:52,,,
2024-02-07,星期三,0,,7343,2024-02-07 00:00:00,1,0,2024-07-02 14:13:52,0,2024-07-02 14:13:52,,,
2024-02-08,星期四,0,,7344,2024-02-08 00:00:00,1,0,2024-07-02 14:13:52,0,2024-07-02 14:13:52,,,
2024-02-09,星期五,0,,7345,2024-02-09 00:00:00,1,0,2024-07-02 14:13:52,0,2024-07-02 14:13:52,,,
2024-02-10,星期六,1,初一,7346,2024-02-10 00:00:00,1,0,2024-07-02 14:13:52,0,2024-07-02 14:13:52,,,
2024-02-11,星期天,1,初二,7347,2024-02-11 00:00:00,1,0,2024-07-02 14:13:52,0,2024-07-02 14:13:52,,,
2024-02-12,星期一,1,初三,7348,2024-02-12 00:00:00,1,0,2024-07-02 14:13:52,0,2024-07-02 14:13:52,,,
2024-02-13,星期二,1,初四,7349,2024-02-13 00:00:00,1,0,2024-07-02 14:13:52,0,2024-07-02 14:13:52,,,
2024-02-14,星期三,1,初五,7350,2024-02-14 00:00:00,1,0,2024-07-02 14:13:52,0,2024-07-02 14:13:52,,,
2024-02-15,星期四,1,初六,7351,2024-02-15 00:00:00,1,0,2024-07-02 14:13:52,0,2024-07-02 14:13:52,,,
2024-02-16,星期五,1,初七,7352,2024-02-16 00:00:00,1,0,2024-07-02 14:13:52,0,2024-07-02 14:13:52,,,
2024-02-17,星期六,1,初八,7353,2024-02-17 00:00:00,1,0,2024-07-02 14:13:52,0,2024-07-02 14:13:52,,,
2024-02-18,星期天,0,,7354,2024-02-18 00:00:00,1,0,2024-07-02 14:13:52,0,2024-07-02 14:13:52,,,
2024-02-19,星期一,0,,7355,2024-02-19 00:00:00,1,0,2024-07-02 14:13:52,0,2024-07-02 14:13:52,,,
2024-02-20,星期二,0,,7356,2024-02-20 00:00:00,1,0,2024-07-02 14:13:52,0,2024-07-02 14:13:52,,,
2024-02-21,星期三,0,,7357,2024-02-21 00:00:00,1,0,2024-07-02 14:13:52,0,2024-07-02 14:13:52,,,
2024-02-22,星期四,0,,7358,2024-02-22 00:00:00,1,0,2024-07-02 14:13:52,0,2024-07-02 14:13:52,,,
2024-02-23,星期五,0,,7359,2024-02-23 00:00:00,1,0,2024-07-02 14:13:52,0,2024-07-02 14:13:52,,,
2024-02-24,星期六,0,,7360,2024-02-24 00:00:00,1,0,2024-07-02 14:13:52,0,2024-07-02 14:13:52,,,
2024-02-25,星期天,0,,7361,2024-02-25 00:00:00,1,0,2024-07-02 14:13:52,0,2024-07-02 14:13:52,,,
2024-02-26,星期一,0,,7362,2024-02-26 00:00:00,1,0,2024-07-02 14:13:52,0,2024-07-02 14:13:52,,,
2024-02-27,星期二,0,,7363,2024-02-27 00:00:00,1,0,2024-07-02 14:13:52,0,2024-07-02 14:13:52,,,
2024-02-28,星期三,0,,7364,2024-02-28 00:00:00,1,0,2024-07-02 14:13:52,0,2024-07-02 14:13:52,,,
2024-02-29,星期四,0,,7365,2024-02-29 00:00:00,1,0,2024-07-02 14:13:52,0,2024-07-02 14:13:52,,,
2024-03-01,星期五,0,,7366,2024-03-01 00:00:00,1,0,2024-07-02 14:13:52,0,2024-07-02 14:13:52,,,
2024-03-02,星期六,0,,7367,2024-03-02 00:00:00,1,0,2024-07-02 14:13:52,0,2024-07-02 14:13:52,,,
2024-03-03,星期天,0,,7368,2024-03-03 00:00:00,1,0,2024-07-02 14:13:52,0,2024-07-02 14:13:52,,,
2024-03-04,星期一,0,,7369,2024-03-04 00:00:00,1,0,2024-07-02 14:13:52,0,2024-07-02 14:13:52,,,
2024-03-05,星期二,0,,7370,2024-03-05 00:00:00,1,0,2024-07-02 14:13:52,0,2024-07-02 14:13:52,,,
2024-03-06,星期三,0,,7371,2024-03-06 00:00:00,1,0,2024-07-02 14:13:52,0,2024-07-02 14:13:52,,,
2024-03-07,星期四,0,,7372,2024-03-07 00:00:00,1,0,2024-07-02 14:13:52,0,2024-07-02 14:13:52,,,
2024-03-08,星期五,0,,7373,2024-03-08 00:00:00,1,0,2024-07-02 14:13:52,0,2024-07-02 14:13:52,,,
2024-03-09,星期六,0,,7374,2024-03-09 00:00:00,1,0,2024-07-02 14:13:52,0,2024-07-02 14:13:52,,,
2024-03-10,星期天,0,,7375,2024-03-10 00:00:00,1,0,2024-07-02 14:13:52,0,2024-07-02 14:13:52,,,
2024-03-11,星期一,0,,7376,2024-03-11 00:00:00,1,0,2024-07-02 14:13:52,0,2024-07-02 14:13:52,,,
2024-03-12,星期二,0,,7377,2024-03-12 00:00:00,1,0,2024-07-02 14:13:52,0,2024-07-02 14:13:52,,,
2024-03-13,星期三,0,,7378,2024-03-13 00:00:00,1,0,2024-07-02 14:13:52,0,2024-07-02 14:13:52,,,
2024-03-14,星期四,0,,7379,2024-03-14 00:00:00,1,0,2024-07-02 14:13:52,0,2024-07-02 14:13:52,,,
2024-03-15,星期五,0,,7380,2024-03-15 00:00:00,1,0,2024-07-02 14:13:52,0,2024-07-02 14:13:52,,,
2024-03-16,星期六,0,,7381,2024-03-16 00:00:00,1,0,2024-07-02 14:13:52,0,2024-07-02 14:13:52,,,
2024-03-17,星期天,0,,7382,2024-03-17 00:00:00,1,0,2024-07-02 14:13:52,0,2024-07-02 14:13:52,,,
2024-03-18,星期一,0,,7383,2024-03-18 00:00:00,1,0,2024-07-02 14:13:52,0,2024-07-02 14:13:52,,,
2024-03-19,星期二,0,,7384,2024-03-19 00:00:00,1,0,2024-07-02 14:13:52,0,2024-07-02 14:13:52,,,
2024-03-20,星期三,0,,7385,2024-03-20 00:00:00,1,0,2024-07-02 14:13:52,0,2024-07-02 14:13:52,,,
2024-03-21,星期四,0,,7386,2024-03-21 00:00:00,1,0,2024-07-02 14:13:52,0,2024-07-02 14:13:52,,,
2024-03-22,星期五,0,,7387,2024-03-22 00:00:00,1,0,2024-07-02 14:13:52,0,2024-07-02 14:13:52,,,
2024-03-23,星期六,0,,7388,2024-03-23 00:00:00,1,0,2024-07-02 14:13:52,0,2024-07-02 14:13:52,,,
2024-03-24,星期天,0,,7389,2024-03-24 00:00:00,1,0,2024-07-02 14:13:52,0,2024-07-02 14:13:52,,,
2024-03-25,星期一,0,,7390,2024-03-25 00:00:00,1,0,2024-07-02 14:13:52,0,2024-07-02 14:13:52,,,
2024-03-26,星期二,0,,7391,2024-03-26 00:00:00,1,0,2024-07-02 14:13:52,0,2024-07-02 14:13:52,,,
2024-03-27,星期三,0,,7392,2024-03-27 00:00:00,1,0,2024-07-02 14:13:52,0,2024-07-02 14:13:52,,,
2024-03-28,星期四,0,,7393,2024-03-28 00:00:00,1,0,2024-07-02 14:13:52,0,2024-07-02 14:13:52,,,
2024-03-29,星期五,0,,7394,2024-03-29 00:00:00,1,0,2024-07-02 14:13:52,0,2024-07-02 14:13:52,,,
2024-03-30,星期六,0,,7395,2024-03-30 00:00:00,1,0,2024-07-02 14:13:52,0,2024-07-02 14:13:52,,,
2024-03-31,星期天,0,,7396,2024-03-31 00:00:00,1,0,2024-07-02 14:13:52,0,2024-07-02 14:13:52,,,
2024-04-01,星期一,0,,7397,2024-04-01 00:00:00,1,0,2024-07-02 14:13:52,0,2024-07-02 14:13:52,,,
2024-04-02,星期二,0,,7398,2024-04-02 00:00:00,1,0,2024-07-02 14:13:52,0,2024-07-02 14:13:52,,,
2024-04-03,星期三,0,,7399,2024-04-03 00:00:00,1,0,2024-07-02 14:13:52,0,2024-07-02 14:13:52,,,
2024-04-04,星期四,1,清明节,7400,2024-04-04 00:00:00,1,0,2024-07-02 14:13:52,0,2024-07-02 14:13:52,,,
2024-04-05,星期五,1,清明节,7401,2024-04-05 00:00:00,1,0,2024-07-02 14:13:52,0,2024-07-02 14:13:52,,,
2024-04-06,星期六,1,清明节,7402,2024-04-06 00:00:00,1,0,2024-07-02 14:13:52,0,2024-07-02 14:13:52,,,
2024-04-07,星期天,0,,7403,2024-04-07 00:00:00,1,0,2024-07-02 14:13:52,0,2024-07-02 14:13:52,,,
2024-04-08,星期一,0,,7404,2024-04-08 00:00:00,1,0,2024-07-02 14:13:52,0,2024-07-02 14:13:52,,,
2024-04-09,星期二,0,,7405,2024-04-09 00:00:00,1,0,2024-07-02 14:13:52,0,2024-07-02 14:13:52,,,
2024-04-10,星期三,0,,7406,2024-04-10 00:00:00,1,0,2024-07-02 14:13:52,0,2024-07-02 14:13:52,,,
2024-04-11,星期四,0,,7407,2024-04-11 00:00:00,1,0,2024-07-02 14:13:52,0,2024-07-02 14:13:52,,,
2024-04-12,星期五,0,,7408,2024-04-12 00:00:00,1,0,2024-07-02 14:13:52,0,2024-07-02 14:13:52,,,
2024-04-13,星期六,0,,7409,2024-04-13 00:00:00,1,0,2024-07-02 14:13:52,0,2024-07-02 14:13:52,,,
2024-04-14,星期天,0,,7410,2024-04-14 00:00:00,1,0,2024-07-02 14:13:52,0,2024-07-02 14:13:52,,,
2024-04-15,星期一,0,,7411,2024-04-15 00:00:00,1,0,2024-07-02 14:13:52,0,2024-07-02 14:13:52,,,
2024-04-16,星期二,0,,7412,2024-04-16 00:00:00,1,0,2024-07-02 14:13:52,0,2024-07-02 14:13:52,,,
2024-04-17,星期三,0,,7413,2024-04-17 00:00:00,1,0,2024-07-02 14:13:52,0,2024-07-02 14:13:52,,,
2024-04-18,星期四,0,,7414,2024-04-18 00:00:00,1,0,2024-07-02 14:13:52,0,2024-07-02 14:13:52,,,
2024-04-19,星期五,0,,7415,2024-04-19 00:00:00,1,0,2024-07-02 14:13:52,0,2024-07-02 14:13:52,,,
2024-04-20,星期六,0,,7416,2024-04-20 00:00:00,1,0,2024-07-02 14:13:52,0,2024-07-02 14:13:52,,,
2024-04-21,星期天,0,,7417,2024-04-21 00:00:00,1,0,2024-07-02 14:13:52,0,2024-07-02 14:13:52,,,
2024-04-22,星期一,0,,7418,2024-04-22 00:00:00,1,0,2024-07-02 14:13:52,0,2024-07-02 14:13:52,,,
2024-04-23,星期二,0,,7419,2024-04-23 00:00:00,1,0,2024-07-02 14:13:52,0,2024-07-02 14:13:52,,,
2024-04-24,星期三,0,,7420,2024-04-24 00:00:00,1,0,2024-07-02 14:13:52,0,2024-07-02 14:13:52,,,
2024-04-25,星期四,0,,7421,2024-04-25 00:00:00,1,0,2024-07-02 14:13:52,0,2024-07-02 14:13:52,,,
2024-04-26,星期五,0,,7422,2024-04-26 00:00:00,1,0,2024-07-02 14:13:52,0,2024-07-02 14:13:52,,,
2024-04-27,星期六,0,,7423,2024-04-27 00:00:00,1,0,2024-07-02 14:13:52,0,2024-07-02 14:13:52,,,
2024-04-28,星期天,0,,7424,2024-04-28 00:00:00,1,0,2024-07-02 14:13:52,0,2024-07-02 14:13:52,,,
2024-04-29,星期一,0,,7425,2024-04-29 00:00:00,1,0,2024-07-02 14:13:52,0,2024-07-02 14:13:52,,,
2024-04-30,星期二,0,,7426,2024-04-30 00:00:00,1,0,2024-07-02 14:13:52,0,2024-07-02 14:13:52,,,
2024-05-01,星期三,1,劳动节,7427,2024-05-01 00:00:00,1,0,2024-07-02 14:13:52,0,2024-07-02 14:13:52,,,
2024-05-02,星期四,1,劳动节,7428,2024-05-02 00:00:00,1,0,2024-07-02 14:13:52,0,2024-07-02 14:13:52,,,
2024-05-03,星期五,1,劳动节,7429,2024-05-03 00:00:00,1,0,2024-07-02 14:13:52,0,2024-07-02 14:13:52,,,
2024-05-04,星期六,1,劳动节,7430,2024-05-04 00:00:00,1,0,2024-07-02 14:13:52,0,2024-07-02 14:13:52,,,
2024-05-05,星期天,1,劳动节,7431,2024-05-05 00:00:00,1,0,2024-07-02 14:13:52,0,2024-07-02 14:13:52,,,
2024-05-06,星期一,0,,7432,2024-05-06 00:00:00,1,0,2024-07-02 14:13:52,0,2024-07-02 14:13:52,,,
2024-05-07,星期二,0,,7433,2024-05-07 00:00:00,1,0,2024-07-02 14:13:52,0,2024-07-02 14:13:52,,,
2024-05-08,星期三,0,,7434,2024-05-08 00:00:00,1,0,2024-07-02 14:13:52,0,2024-07-02 14:13:52,,,
2024-05-09,星期四,0,,7435,2024-05-09 00:00:00,1,0,2024-07-02 14:13:52,0,2024-07-02 14:13:52,,,
2024-05-10,星期五,0,,7436,2024-05-10 00:00:00,1,0,2024-07-02 14:13:52,0,2024-07-02 14:13:52,,,
2024-05-11,星期六,0,,7437,2024-05-11 00:00:00,1,0,2024-07-02 14:13:52,0,2024-07-02 14:13:52,,,
2024-05-12,星期天,0,,7438,2024-05-12 00:00:00,1,0,2024-07-02 14:13:52,0,2024-07-02 14:13:52,,,
2024-05-13,星期一,0,,7439,2024-05-13 00:00:00,1,0,2024-07-02 14:13:52,0,2024-07-02 14:13:52,,,
2024-05-14,星期二,0,,7440,2024-05-14 00:00:00,1,0,2024-07-02 14:13:52,0,2024-07-02 14:13:52,,,
2024-05-15,星期三,0,,7441,2024-05-15 00:00:00,1,0,2024-07-02 14:13:52,0,2024-07-02 14:13:52,,,
2024-05-16,星期四,0,,7442,2024-05-16 00:00:00,1,0,2024-07-02 14:13:52,0,2024-07-02 14:13:52,,,
2024-05-17,星期五,0,,7443,2024-05-17 00:00:00,1,0,2024-07-02 14:13:52,0,2024-07-02 14:13:52,,,
2024-05-18,星期六,0,,7444,2024-05-18 00:00:00,1,0,2024-07-02 14:13:52,0,2024-07-02 14:13:52,,,
2024-05-19,星期天,0,,7445,2024-05-19 00:00:00,1,0,2024-07-02 14:13:52,0,2024-07-02 14:13:52,,,
2024-05-20,星期一,0,,7446,2024-05-20 00:00:00,1,0,2024-07-02 14:13:52,0,2024-07-02 14:13:52,,,
2024-05-21,星期二,0,,7447,2024-05-21 00:00:00,1,0,2024-07-02 14:13:52,0,2024-07-02 14:13:52,,,
2024-05-22,星期三,0,,7448,2024-05-22 00:00:00,1,0,2024-07-02 14:13:52,0,2024-07-02 14:13:52,,,
2024-05-23,星期四,0,,7449,2024-05-23 00:00:00,1,0,2024-07-02 14:13:52,0,2024-07-02 14:13:52,,,
2024-05-24,星期五,0,,7450,2024-05-24 00:00:00,1,0,2024-07-02 14:13:52,0,2024-07-02 14:13:52,,,
2024-05-25,星期六,0,,7451,2024-05-25 00:00:00,1,0,2024-07-02 14:13:52,0,2024-07-02 14:13:52,,,
2024-05-26,星期天,0,,7452,2024-05-26 00:00:00,1,0,2024-07-02 14:13:52,0,2024-07-02 14:13:52,,,
2024-05-27,星期一,0,,7453,2024-05-27 00:00:00,1,0,2024-07-02 14:13:52,0,2024-07-02 14:13:52,,,
2024-05-28,星期二,0,,7454,2024-05-28 00:00:00,1,0,2024-07-02 14:13:52,0,2024-07-02 14:13:52,,,
2024-05-29,星期三,0,,7455,2024-05-29 00:00:00,1,0,2024-07-02 14:13:52,0,2024-07-02 14:13:52,,,
2024-05-30,星期四,0,,7456,2024-05-30 00:00:00,1,0,2024-07-02 14:13:52,0,2024-07-02 14:13:52,,,
2024-05-31,星期五,0,,7457,2024-05-31 00:00:00,1,0,2024-07-02 14:13:52,0,2024-07-02 14:13:52,,,
2024-06-01,星期六,0,,7458,2024-06-01 00:00:00,1,0,2024-07-02 14:13:52,0,2024-07-02 14:13:52,,,
2024-06-02,星期天,0,,7459,2024-06-02 00:00:00,1,0,2024-07-02 14:13:52,0,2024-07-02 14:13:52,,,
2024-06-03,星期一,0,,7460,2024-06-03 00:00:00,1,0,2024-07-02 14:13:52,0,2024-07-02 14:13:52,,,
2024-06-04,星期二,0,,7461,2024-06-04 00:00:00,1,0,2024-07-02 14:13:52,0,2024-07-02 14:13:52,,,
2024-06-05,星期三,0,,7462,2024-06-05 00:00:00,1,0,2024-07-02 14:13:52,0,2024-07-02 14:13:52,,,
2024-06-06,星期四,0,,7463,2024-06-06 00:00:00,1,0,2024-07-02 14:13:52,0,2024-07-02 14:13:52,,,
2024-06-07,星期五,0,,7464,2024-06-07 00:00:00,1,0,2024-07-02 14:13:52,0,2024-07-02 14:13:52,,,
2024-06-08,星期六,1,端午节,7465,2024-06-08 00:00:00,1,0,2024-07-02 14:13:52,0,2024-07-02 14:13:52,,,
2024-06-09,星期天,1,端午节,7466,2024-06-09 00:00:00,1,0,2024-07-02 14:13:52,0,2024-07-02 14:13:52,,,
2024-06-10,星期一,1,端午节,7467,2024-06-10 00:00:00,1,0,2024-07-02 14:13:52,0,2024-07-02 14:13:52,,,
2024-06-11,星期二,0,,7468,2024-06-11 00:00:00,1,0,2024-07-02 14:13:52,0,2024-07-02 14:13:52,,,
2024-06-12,星期三,0,,7469,2024-06-12 00:00:00,1,0,2024-07-02 14:13:52,0,2024-07-02 14:13:52,,,
2024-06-13,星期四,0,,7470,2024-06-13 00:00:00,1,0,2024-07-02 14:13:52,0,2024-07-02 14:13:52,,,
2024-06-14,星期五,0,,7471,2024-06-14 00:00:00,1,0,2024-07-02 14:13:52,0,2024-07-02 14:13:52,,,
2024-06-15,星期六,0,,7472,2024-06-15 00:00:00,1,0,2024-07-02 14:13:52,0,2024-07-02 14:13:52,,,
2024-06-16,星期天,0,,7473,2024-06-16 00:00:00,1,0,2024-07-02 14:13:52,0,2024-07-02 14:13:52,,,
2024-06-17,星期一,0,,7474,2024-06-17 00:00:00,1,0,2024-07-02 14:13:52,0,2024-07-02 14:13:52,,,
2024-06-18,星期二,0,,7475,2024-06-18 00:00:00,1,0,2024-07-02 14:13:52,0,2024-07-02 14:13:52,,,
2024-06-19,星期三,0,,7476,2024-06-19 00:00:00,1,0,2024-07-02 14:13:52,0,2024-07-02 14:13:52,,,
2024-06-20,星期四,0,,7477,2024-06-20 00:00:00,1,0,2024-07-02 14:13:52,0,2024-07-02 14:13:52,,,
2024-06-21,星期五,0,,7478,2024-06-21 00:00:00,1,0,2024-07-02 14:13:52,0,2024-07-02 14:13:52,,,
2024-06-22,星期六,0,,7479,2024-06-22 00:00:00,1,0,2024-07-02 14:13:52,0,2024-07-02 14:13:52,,,
2024-06-23,星期天,0,,7480,2024-06-23 00:00:00,1,0,2024-07-02 14:13:52,0,2024-07-02 14:13:52,,,
2024-06-24,星期一,0,,7481,2024-06-24 00:00:00,1,0,2024-07-02 14:13:52,0,2024-07-02 14:13:52,,,
2024-06-25,星期二,0,,7482,2024-06-25 00:00:00,1,0,2024-07-02 14:13:52,0,2024-07-02 14:13:52,,,
2024-06-26,星期三,0,,7483,2024-06-26 00:00:00,1,0,2024-07-02 14:13:52,0,2024-07-02 14:13:52,,,
2024-06-27,星期四,0,,7484,2024-06-27 00:00:00,1,0,2024-07-02 14:13:52,0,2024-07-02 14:13:52,,,
2024-06-28,星期五,0,,7485,2024-06-28 00:00:00,1,0,2024-07-02 14:13:52,0,2024-07-02 14:13:52,,,
2024-06-29,星期六,0,,7486,2024-06-29 00:00:00,1,0,2024-07-02 14:13:52,0,2024-07-02 14:13:52,,,
2024-06-30,星期天,0,,7487,2024-06-30 00:00:00,1,0,2024-07-02 14:13:52,0,2024-07-02 14:13:52,,,
2024-07-01,星期一,0,,7488,2024-07-01 00:00:00,1,0,2024-07-02 14:13:52,0,2024-07-02 14:13:52,,,
2024-07-02,星期二,0,,7489,2024-07-02 00:00:00,1,0,2024-07-02 14:13:52,0,2024-07-02 14:13:52,,,
2024-07-03,星期三,0,,7490,2024-07-03 00:00:00,1,0,2024-07-02 14:13:52,0,2024-07-02 14:13:52,,,
2024-07-04,星期四,0,,7491,2024-07-04 00:00:00,1,0,2024-07-02 14:13:52,0,2024-07-02 14:13:52,,,
2024-07-05,星期五,0,,7492,2024-07-05 00:00:00,1,0,2024-07-02 14:13:52,0,2024-07-02 14:13:52,,,
2024-07-06,星期六,0,,7493,2024-07-06 00:00:00,1,0,2024-07-02 14:13:52,0,2024-07-02 14:13:52,,,
2024-07-07,星期天,0,,7494,2024-07-07 00:00:00,1,0,2024-07-02 14:13:52,0,2024-07-02 14:13:52,,,
2024-07-08,星期一,0,,7495,2024-07-08 00:00:00,1,0,2024-07-02 14:13:52,0,2024-07-02 14:13:52,,,
2024-07-09,星期二,0,,7496,2024-07-09 00:00:00,1,0,2024-07-02 14:13:52,0,2024-07-02 14:13:52,,,
2024-07-10,星期三,0,,7497,2024-07-10 00:00:00,1,0,2024-07-02 14:13:52,0,2024-07-02 14:13:52,,,
2024-07-11,星期四,0,,7498,2024-07-11 00:00:00,1,0,2024-07-02 14:13:52,0,2024-07-02 14:13:52,,,
2024-07-12,星期五,0,,7499,2024-07-12 00:00:00,1,0,2024-07-02 14:13:52,0,2024-07-02 14:13:52,,,
2024-07-13,星期六,0,,7500,2024-07-13 00:00:00,1,0,2024-07-02 14:13:52,0,2024-07-02 14:13:52,,,
2024-07-14,星期天,0,,7501,2024-07-14 00:00:00,1,0,2024-07-02 14:13:52,0,2024-07-02 14:13:52,,,
2024-07-15,星期一,0,,7502,2024-07-15 00:00:00,1,0,2024-07-02 14:13:52,0,2024-07-02 14:13:52,,,
2024-07-16,星期二,0,,7503,2024-07-16 00:00:00,1,0,2024-07-02 14:13:52,0,2024-07-02 14:13:52,,,
2024-07-17,星期三,0,,7504,2024-07-17 00:00:00,1,0,2024-07-02 14:13:52,0,2024-07-02 14:13:52,,,
2024-07-18,星期四,0,,7505,2024-07-18 00:00:00,1,0,2024-07-02 14:13:52,0,2024-07-02 14:13:52,,,
2024-07-19,星期五,0,,7506,2024-07-19 00:00:00,1,0,2024-07-02 14:13:52,0,2024-07-02 14:13:52,,,
2024-07-20,星期六,0,,7507,2024-07-20 00:00:00,1,0,2024-07-02 14:13:52,0,2024-07-02 14:13:52,,,
2024-07-21,星期天,0,,7508,2024-07-21 00:00:00,1,0,2024-07-02 14:13:52,0,2024-07-02 14:13:52,,,
2024-07-22,星期一,0,,7509,2024-07-22 00:00:00,1,0,2024-07-02 14:13:52,0,2024-07-02 14:13:52,,,
2024-07-23,星期二,0,,7510,2024-07-23 00:00:00,1,0,2024-07-02 14:13:52,0,2024-07-02 14:13:52,,,
2024-07-24,星期三,0,,7511,2024-07-24 00:00:00,1,0,2024-07-02 14:13:52,0,2024-07-02 14:13:52,,,
2024-07-25,星期四,0,,7512,2024-07-25 00:00:00,1,0,2024-07-02 14:13:52,0,2024-07-02 14:13:52,,,
2024-07-26,星期五,0,,7513,2024-07-26 00:00:00,1,0,2024-07-02 14:13:52,0,2024-07-02 14:13:52,,,
2024-07-27,星期六,0,,7514,2024-07-27 00:00:00,1,0,2024-07-02 14:13:52,0,2024-07-02 14:13:52,,,
2024-07-28,星期天,0,,7515,2024-07-28 00:00:00,1,0,2024-07-02 14:13:52,0,2024-07-02 14:13:52,,,
2024-07-29,星期一,0,,7516,2024-07-29 00:00:00,1,0,2024-07-02 14:13:52,0,2024-07-02 14:13:52,,,
2024-07-30,星期二,0,,7517,2024-07-30 00:00:00,1,0,2024-07-02 14:13:52,0,2024-07-02 14:13:52,,,
2024-07-31,星期三,0,,7518,2024-07-31 00:00:00,1,0,2024-07-02 14:13:52,0,2024-07-02 14:13:52,,,
2024-08-01,星期四,0,,7519,2024-08-01 00:00:00,1,0,2024-07-02 14:13:52,0,2024-07-02 14:13:52,,,
2024-08-02,星期五,0,,7520,2024-08-02 00:00:00,1,0,2024-07-02 14:13:52,0,2024-07-02 14:13:52,,,
2024-08-03,星期六,0,,7521,2024-08-03 00:00:00,1,0,2024-07-02 14:13:52,0,2024-07-02 14:13:52,,,
2024-08-04,星期天,0,,7522,2024-08-04 00:00:00,1,0,2024-07-02 14:13:52,0,2024-07-02 14:13:52,,,
2024-08-05,星期一,0,,7523,2024-08-05 00:00:00,1,0,2024-07-02 14:13:52,0,2024-07-02 14:13:52,,,
2024-08-06,星期二,0,,7524,2024-08-06 00:00:00,1,0,2024-07-02 14:13:52,0,2024-07-02 14:13:52,,,
2024-08-07,星期三,0,,7525,2024-08-07 00:00:00,1,0,2024-07-02 14:13:52,0,2024-07-02 14:13:52,,,
2024-08-08,星期四,0,,7526,2024-08-08 00:00:00,1,0,2024-07-02 14:13:52,0,2024-07-02 14:13:52,,,
2024-08-09,星期五,0,,7527,2024-08-09 00:00:00,1,0,2024-07-02 14:13:52,0,2024-07-02 14:13:52,,,
2024-08-10,星期六,0,,7528,2024-08-10 00:00:00,1,0,2024-07-02 14:13:52,0,2024-07-02 14:13:52,,,
2024-08-11,星期天,0,,7529,2024-08-11 00:00:00,1,0,2024-07-02 14:13:52,0,2024-07-02 14:13:52,,,
2024-08-12,星期一,0,,7530,2024-08-12 00:00:00,1,0,2024-07-02 14:13:52,0,2024-07-02 14:13:52,,,
2024-08-13,星期二,0,,7531,2024-08-13 00:00:00,1,0,2024-07-02 14:13:52,0,2024-07-02 14:13:52,,,
2024-08-14,星期三,0,,7532,2024-08-14 00:00:00,1,0,2024-07-02 14:13:52,0,2024-07-02 14:13:52,,,
2024-08-15,星期四,0,,7533,2024-08-15 00:00:00,1,0,2024-07-02 14:13:52,0,2024-07-02 14:13:52,,,
2024-08-16,星期五,0,,7534,2024-08-16 00:00:00,1,0,2024-07-02 14:13:52,0,2024-07-02 14:13:52,,,
2024-08-17,星期六,0,,7535,2024-08-17 00:00:00,1,0,2024-07-02 14:13:52,0,2024-07-02 14:13:52,,,
2024-08-18,星期天,0,,7536,2024-08-18 00:00:00,1,0,2024-07-02 14:13:52,0,2024-07-02 14:13:52,,,
2024-08-19,星期一,0,,7537,2024-08-19 00:00:00,1,0,2024-07-02 14:13:52,0,2024-07-02 14:13:52,,,
2024-08-20,星期二,0,,7538,2024-08-20 00:00:00,1,0,2024-07-02 14:13:52,0,2024-07-02 14:13:52,,,
2024-08-21,星期三,0,,7539,2024-08-21 00:00:00,1,0,2024-07-02 14:13:52,0,2024-07-02 14:13:52,,,
2024-08-22,星期四,0,,7540,2024-08-22 00:00:00,1,0,2024-07-02 14:13:52,0,2024-07-02 14:13:52,,,
2024-08-23,星期五,0,,7541,2024-08-23 00:00:00,1,0,2024-07-02 14:13:52,0,2024-07-02 14:13:52,,,
2024-08-24,星期六,0,,7542,2024-08-24 00:00:00,1,0,2024-07-02 14:13:52,0,2024-07-02 14:13:52,,,
2024-08-25,星期天,0,,7543,2024-08-25 00:00:00,1,0,2024-07-02 14:13:52,0,2024-07-02 14:13:52,,,
2024-08-26,星期一,0,,7544,2024-08-26 00:00:00,1,0,2024-07-02 14:13:52,0,2024-07-02 14:13:52,,,
2024-08-27,星期二,0,,7545,2024-08-27 00:00:00,1,0,2024-07-02 14:13:52,0,2024-07-02 14:13:52,,,
2024-08-28,星期三,0,,7546,2024-08-28 00:00:00,1,0,2024-07-02 14:13:52,0,2024-07-02 14:13:52,,,
2024-08-29,星期四,0,,7547,2024-08-29 00:00:00,1,0,2024-07-02 14:13:52,0,2024-07-02 14:13:52,,,
2024-08-30,星期五,0,,7548,2024-08-30 00:00:00,1,0,2024-07-02 14:13:52,0,2024-07-02 14:13:52,,,
2024-08-31,星期六,0,,7549,2024-08-31 00:00:00,1,0,2024-07-02 14:13:52,0,2024-07-02 14:13:52,,,
2024-09-01,星期天,0,,7550,2024-09-01 00:00:00,1,0,2024-07-02 14:13:52,0,2024-07-02 14:13:52,,,
2024-09-02,星期一,0,,7551,2024-09-02 00:00:00,1,0,2024-07-02 14:13:52,0,2024-07-02 14:13:52,,,
2024-09-03,星期二,0,,7552,2024-09-03 00:00:00,1,0,2024-07-02 14:13:52,0,2024-07-02 14:13:52,,,
2024-09-04,星期三,0,,7553,2024-09-04 00:00:00,1,0,2024-07-02 14:13:52,0,2024-07-02 14:13:52,,,
2024-09-05,星期四,0,,7554,2024-09-05 00:00:00,1,0,2024-07-02 14:13:52,0,2024-07-02 14:13:52,,,
2024-09-06,星期五,0,,7555,2024-09-06 00:00:00,1,0,2024-07-02 14:13:52,0,2024-07-02 14:13:52,,,
2024-09-07,星期六,0,,7556,2024-09-07 00:00:00,1,0,2024-07-02 14:13:52,0,2024-07-02 14:13:52,,,
2024-09-08,星期天,0,,7557,2024-09-08 00:00:00,1,0,2024-07-02 14:13:52,0,2024-07-02 14:13:52,,,
2024-09-09,星期一,0,,7558,2024-09-09 00:00:00,1,0,2024-07-02 14:13:52,0,2024-07-02 14:13:52,,,
2024-09-10,星期二,0,,7559,2024-09-10 00:00:00,1,0,2024-07-02 14:13:52,0,2024-07-02 14:13:52,,,
2024-09-11,星期三,0,,7560,2024-09-11 00:00:00,1,0,2024-07-02 14:13:52,0,2024-07-02 14:13:52,,,
2024-09-12,星期四,0,,7561,2024-09-12 00:00:00,1,0,2024-07-02 14:13:52,0,2024-07-02 14:13:52,,,
2024-09-13,星期五,0,,7562,2024-09-13 00:00:00,1,0,2024-07-02 14:13:52,0,2024-07-02 14:13:52,,,
2024-09-14,星期六,0,,7563,2024-09-14 00:00:00,1,0,2024-07-02 14:13:52,0,2024-07-02 14:13:52,,,
2024-09-15,星期天,1,中秋节,7564,2024-09-15 00:00:00,1,0,2024-07-02 14:13:52,0,2024-07-02 14:13:52,,,
2024-09-16,星期一,1,中秋节,7565,2024-09-16 00:00:00,1,0,2024-07-02 14:13:52,0,2024-07-02 14:13:52,,,
2024-09-17,星期二,1,中秋节,7566,2024-09-17 00:00:00,1,0,2024-07-02 14:13:52,0,2024-07-02 14:13:52,,,
2024-09-18,星期三,0,,7567,2024-09-18 00:00:00,1,0,2024-07-02 14:13:52,0,2024-07-02 14:13:52,,,
2024-09-19,星期四,0,,7568,2024-09-19 00:00:00,1,0,2024-07-02 14:13:52,0,2024-07-02 14:13:52,,,
2024-09-20,星期五,0,,7569,2024-09-20 00:00:00,1,0,2024-07-02 14:13:52,0,2024-07-02 14:13:52,,,
2024-09-21,星期六,0,,7570,2024-09-21 00:00:00,1,0,2024-07-02 14:13:52,0,2024-07-02 14:13:52,,,
2024-09-22,星期天,0,,7571,2024-09-22 00:00:00,1,0,2024-07-02 14:13:52,0,2024-07-02 14:13:52,,,
2024-09-23,星期一,0,,7572,2024-09-23 00:00:00,1,0,2024-07-02 14:13:52,0,2024-07-02 14:13:52,,,
2024-09-24,星期二,0,,7573,2024-09-24 00:00:00,1,0,2024-07-02 14:13:52,0,2024-07-02 14:13:52,,,
2024-09-25,星期三,0,,7574,2024-09-25 00:00:00,1,0,2024-07-02 14:13:52,0,2024-07-02 14:13:52,,,
2024-09-26,星期四,0,,7575,2024-09-26 00:00:00,1,0,2024-07-02 14:13:52,0,2024-07-02 14:13:52,,,
2024-09-27,星期五,0,,7576,2024-09-27 00:00:00,1,0,2024-07-02 14:13:52,0,2024-07-02 14:13:52,,,
2024-09-28,星期六,0,,7577,2024-09-28 00:00:00,1,0,2024-07-02 14:13:52,0,2024-07-02 14:13:52,,,
2024-09-29,星期天,0,,7578,2024-09-29 00:00:00,1,0,2024-07-02 14:13:52,0,2024-07-02 14:13:52,,,
2024-09-30,星期一,0,,7579,2024-09-30 00:00:00,1,0,2024-07-02 14:13:52,0,2024-07-02 14:13:52,,,
2024-10-01,星期二,1,国庆节,7580,2024-10-01 00:00:00,1,0,2024-07-02 14:13:52,0,2024-07-02 14:13:52,,,
2024-10-02,星期三,1,国庆节,7581,2024-10-02 00:00:00,1,0,2024-07-02 14:13:52,0,2024-07-02 14:13:52,,,
2024-10-03,星期四,1,国庆节,7582,2024-10-03 00:00:00,1,0,2024-07-02 14:13:52,0,2024-07-02 14:13:52,,,
2024-10-04,星期五,1,国庆节,7583,2024-10-04 00:00:00,1,0,2024-07-02 14:13:52,0,2024-07-02 14:13:52,,,
2024-10-05,星期六,1,国庆节,7584,2024-10-05 00:00:00,1,0,2024-07-02 14:13:52,0,2024-07-02 14:13:52,,,
2024-10-06,星期天,1,国庆节,7585,2024-10-06 00:00:00,1,0,2024-07-02 14:13:52,0,2024-07-02 14:13:52,,,
2024-10-07,星期一,1,国庆节,7586,2024-10-07 00:00:00,1,0,2024-07-02 14:13:52,0,2024-07-02 14:13:52,,,
2024-10-08,星期二,0,,7587,2024-10-08 00:00:00,1,0,2024-07-02 14:13:52,0,2024-07-02 14:13:52,,,
2024-10-09,星期三,0,,7588,2024-10-09 00:00:00,1,0,2024-07-02 14:13:52,0,2024-07-02 14:13:52,,,
2024-10-10,星期四,0,,7589,2024-10-10 00:00:00,1,0,2024-07-02 14:13:52,0,2024-07-02 14:13:52,,,
2024-10-11,星期五,0,,7590,2024-10-11 00:00:00,1,0,2024-07-02 14:13:52,0,2024-07-02 14:13:52,,,
2024-10-12,星期六,0,,7591,2024-10-12 00:00:00,1,0,2024-07-02 14:13:52,0,2024-07-02 14:13:52,,,
2024-10-13,星期天,0,,7592,2024-10-13 00:00:00,1,0,2024-07-02 14:13:52,0,2024-07-02 14:13:52,,,
2024-10-14,星期一,0,,7593,2024-10-14 00:00:00,1,0,2024-07-02 14:13:52,0,2024-07-02 14:13:52,,,
2024-10-15,星期二,0,,7594,2024-10-15 00:00:00,1,0,2024-07-02 14:13:52,0,2024-07-02 14:13:52,,,
2024-10-16,星期三,0,,7595,2024-10-16 00:00:00,1,0,2024-07-02 14:13:52,0,2024-07-02 14:13:52,,,
2024-10-17,星期四,0,,7596,2024-10-17 00:00:00,1,0,2024-07-02 14:13:52,0,2024-07-02 14:13:52,,,
2024-10-18,星期五,0,,7597,2024-10-18 00:00:00,1,0,2024-07-02 14:13:52,0,2024-07-02 14:13:52,,,
2024-10-19,星期六,0,,7598,2024-10-19 00:00:00,1,0,2024-07-02 14:13:52,0,2024-07-02 14:13:52,,,
2024-10-20,星期天,0,,7599,2024-10-20 00:00:00,1,0,2024-07-02 14:13:52,0,2024-07-02 14:13:52,,,
2024-10-21,星期一,0,,7600,2024-10-21 00:00:00,1,0,2024-07-02 14:13:52,0,2024-07-02 14:13:52,,,
2024-10-22,星期二,0,,7601,2024-10-22 00:00:00,1,0,2024-07-02 14:13:52,0,2024-07-02 14:13:52,,,
2024-10-23,星期三,0,,7602,2024-10-23 00:00:00,1,0,2024-07-02 14:13:52,0,2024-07-02 14:13:52,,,
2024-10-24,星期四,0,,7603,2024-10-24 00:00:00,1,0,2024-07-02 14:13:52,0,2024-07-02 14:13:52,,,
2024-10-25,星期五,0,,7604,2024-10-25 00:00:00,1,0,2024-07-02 14:13:52,0,2024-07-02 14:13:52,,,
2024-10-26,星期六,0,,7605,2024-10-26 00:00:00,1,0,2024-07-02 14:13:52,0,2024-07-02 14:13:52,,,
2024-10-27,星期天,0,,7606,2024-10-27 00:00:00,1,0,2024-07-02 14:13:52,0,2024-07-02 14:13:52,,,
2024-10-28,星期一,0,,7607,2024-10-28 00:00:00,1,0,2024-07-02 14:13:52,0,2024-07-02 14:13:52,,,
2024-10-29,星期二,0,,7608,2024-10-29 00:00:00,1,0,2024-07-02 14:13:52,0,2024-07-02 14:13:52,,,
2024-10-30,星期三,0,,7609,2024-10-30 00:00:00,1,0,2024-07-02 14:13:52,0,2024-07-02 14:13:52,,,
2024-10-31,星期四,0,,7610,2024-10-31 00:00:00,1,0,2024-07-02 14:13:52,0,2024-07-02 14:13:52,,,
2024-11-01,星期五,0,,7611,2024-11-01 00:00:00,1,0,2024-07-02 14:13:52,0,2024-07-02 14:13:52,,,
2024-11-02,星期六,0,,7612,2024-11-02 00:00:00,1,0,2024-07-02 14:13:52,0,2024-07-02 14:13:52,,,
2024-11-03,星期天,0,,7613,2024-11-03 00:00:00,1,0,2024-07-02 14:13:52,0,2024-07-02 14:13:52,,,
2024-11-04,星期一,0,,7614,2024-11-04 00:00:00,1,0,2024-07-02 14:13:52,0,2024-07-02 14:13:52,,,
2024-11-05,星期二,0,,7615,2024-11-05 00:00:00,1,0,2024-07-02 14:13:52,0,2024-07-02 14:13:52,,,
2024-11-06,星期三,0,,7616,2024-11-06 00:00:00,1,0,2024-07-02 14:13:52,0,2024-07-02 14:13:52,,,
2024-11-07,星期四,0,,7617,2024-11-07 00:00:00,1,0,2024-07-02 14:13:52,0,2024-07-02 14:13:52,,,
2024-11-08,星期五,0,,7618,2024-11-08 00:00:00,1,0,2024-07-02 14:13:52,0,2024-07-02 14:13:52,,,
2024-11-09,星期六,0,,7619,2024-11-09 00:00:00,1,0,2024-07-02 14:13:52,0,2024-07-02 14:13:52,,,
2024-11-10,星期天,0,,7620,2024-11-10 00:00:00,1,0,2024-07-02 14:13:52,0,2024-07-02 14:13:52,,,
2024-11-11,星期一,0,,7621,2024-11-11 00:00:00,1,0,2024-07-02 14:13:52,0,2024-07-02 14:13:52,,,
2024-11-12,星期二,0,,7622,2024-11-12 00:00:00,1,0,2024-07-02 14:13:52,0,2024-07-02 14:13:52,,,
2024-11-13,星期三,0,,7623,2024-11-13 00:00:00,1,0,2024-07-02 14:13:52,0,2024-07-02 14:13:52,,,
2024-11-14,星期四,0,,7624,2024-11-14 00:00:00,1,0,2024-07-02 14:13:52,0,2024-07-02 14:13:52,,,
2024-11-15,星期五,0,,7625,2024-11-15 00:00:00,1,0,2024-07-02 14:13:52,0,2024-07-02 14:13:52,,,
2024-11-16,星期六,0,,7626,2024-11-16 00:00:00,1,0,2024-07-02 14:13:52,0,2024-07-02 14:13:52,,,
2024-11-17,星期天,0,,7627,2024-11-17 00:00:00,1,0,2024-07-02 14:13:52,0,2024-07-02 14:13:52,,,
2024-11-18,星期一,0,,7628,2024-11-18 00:00:00,1,0,2024-07-02 14:13:52,0,2024-07-02 14:13:52,,,
2024-11-19,星期二,0,,7629,2024-11-19 00:00:00,1,0,2024-07-02 14:13:52,0,2024-07-02 14:13:52,,,
2024-11-20,星期三,0,,7630,2024-11-20 00:00:00,1,0,2024-07-02 14:13:52,0,2024-07-02 14:13:52,,,
2024-11-21,星期四,0,,7631,2024-11-21 00:00:00,1,0,2024-07-02 14:13:52,0,2024-07-02 14:13:52,,,
2024-11-22,星期五,0,,7632,2024-11-22 00:00:00,1,0,2024-07-02 14:13:52,0,2024-07-02 14:13:52,,,
2024-11-23,星期六,0,,7633,2024-11-23 00:00:00,1,0,2024-07-02 14:13:52,0,2024-07-02 14:13:52,,,
2024-11-24,星期天,0,,7634,2024-11-24 00:00:00,1,0,2024-07-02 14:13:52,0,2024-07-02 14:13:52,,,
2024-11-25,星期一,0,,7635,2024-11-25 00:00:00,1,0,2024-07-02 14:13:52,0,2024-07-02 14:13:52,,,
2024-11-26,星期二,0,,7636,2024-11-26 00:00:00,1,0,2024-07-02 14:13:52,0,2024-07-02 14:13:52,,,
2024-11-27,星期三,0,,7637,2024-11-27 00:00:00,1,0,2024-07-02 14:13:52,0,2024-07-02 14:13:52,,,
2024-11-28,星期四,0,,7638,2024-11-28 00:00:00,1,0,2024-07-02 14:13:52,0,2024-07-02 14:13:52,,,
2024-11-29,星期五,0,,7639,2024-11-29 00:00:00,1,0,2024-07-02 14:13:52,0,2024-07-02 14:13:52,,,
2024-11-30,星期六,0,,7640,2024-11-30 00:00:00,1,0,2024-07-02 14:13:52,0,2024-07-02 14:13:52,,,
2024-12-01,星期天,0,,7641,2024-12-01 00:00:00,1,0,2024-07-02 14:13:52,0,2024-07-02 14:13:52,,,
2024-12-02,星期一,0,,7642,2024-12-02 00:00:00,1,0,2024-07-02 14:13:52,0,2024-07-02 14:13:52,,,
2024-12-03,星期二,0,,7643,2024-12-03 00:00:00,1,0,2024-07-02 14:13:52,0,2024-07-02 14:13:52,,,
2024-12-04,星期三,0,,7644,2024-12-04 00:00:00,1,0,2024-07-02 14:13:52,0,2024-07-02 14:13:52,,,
2024-12-05,星期四,0,,7645,2024-12-05 00:00:00,1,0,2024-07-02 14:13:52,0,2024-07-02 14:13:52,,,
2024-12-06,星期五,0,,7646,2024-12-06 00:00:00,1,0,2024-07-02 14:13:52,0,2024-07-02 14:13:52,,,
2024-12-07,星期六,0,,7647,2024-12-07 00:00:00,1,0,2024-07-02 14:13:52,0,2024-07-02 14:13:52,,,
2024-12-08,星期天,0,,7648,2024-12-08 00:00:00,1,0,2024-07-02 14:13:52,0,2024-07-02 14:13:52,,,
2024-12-09,星期一,0,,7649,2024-12-09 00:00:00,1,0,2024-07-02 14:13:52,0,2024-07-02 14:13:52,,,
2024-12-10,星期二,0,,7650,2024-12-10 00:00:00,1,0,2024-07-02 14:13:52,0,2024-07-02 14:13:52,,,
2024-12-11,星期三,0,,7651,2024-12-11 00:00:00,1,0,2024-07-02 14:13:52,0,2024-07-02 14:13:52,,,
2024-12-12,星期四,0,,7652,2024-12-12 00:00:00,1,0,2024-07-02 14:13:52,0,2024-07-02 14:13:52,,,
2024-12-13,星期五,0,,7653,2024-12-13 00:00:00,1,0,2024-07-02 14:13:52,0,2024-07-02 14:13:52,,,
2024-12-14,星期六,0,,7654,2024-12-14 00:00:00,1,0,2024-07-02 14:13:52,0,2024-07-02 14:13:52,,,
2024-12-15,星期天,0,,7655,2024-12-15 00:00:00,1,0,2024-07-02 14:13:52,0,2024-07-02 14:13:52,,,
2024-12-16,星期一,0,,7656,2024-12-16 00:00:00,1,0,2024-07-02 14:13:52,0,2024-07-02 14:13:52,,,
2024-12-17,星期二,0,,7657,2024-12-17 00:00:00,1,0,2024-07-02 14:13:52,0,2024-07-02 14:13:52,,,
2024-12-18,星期三,0,,7658,2024-12-18 00:00:00,1,0,2024-07-02 14:13:52,0,2024-07-02 14:13:52,,,
2024-12-19,星期四,0,,7659,2024-12-19 00:00:00,1,0,2024-07-02 14:13:52,0,2024-07-02 14:13:52,,,
2024-12-20,星期五,0,,7660,2024-12-20 00:00:00,1,0,2024-07-02 14:13:52,0,2024-07-02 14:13:52,,,
2024-12-21,星期六,0,,7661,2024-12-21 00:00:00,1,0,2024-07-02 14:13:52,0,2024-07-02 14:13:52,,,
2024-12-22,星期天,0,,7662,2024-12-22 00:00:00,1,0,2024-07-02 14:13:52,0,2024-07-02 14:13:52,,,
2024-12-23,星期一,0,,7663,2024-12-23 00:00:00,1,0,2024-07-02 14:13:52,0,2024-07-02 14:13:52,,,
2024-12-24,星期二,0,,7664,2024-12-24 00:00:00,1,0,2024-07-02 14:13:52,0,2024-07-02 14:13:52,,,
2024-12-25,星期三,0,,7665,2024-12-25 00:00:00,1,0,2024-07-02 14:13:52,0,2024-07-02 14:13:52,,,
2024-12-26,星期四,0,,7666,2024-12-26 00:00:00,1,0,2024-07-02 14:13:52,0,2024-07-02 14:13:52,,,
2024-12-27,星期五,0,,7667,2024-12-27 00:00:00,1,0,2024-07-02 14:13:52,0,2024-07-02 14:13:52,,,
2024-12-28,星期六,0,,7668,2024-12-28 00:00:00,1,0,2024-07-02 14:13:52,0,2024-07-02 14:13:52,,,
2024-12-29,星期天,0,,7669,2024-12-29 00:00:00,1,0,2024-07-02 14:13:52,0,2024-07-02 14:13:52,,,
2024-12-30,星期一,0,,7670,2024-12-30 00:00:00,1,0,2024-07-02 14:13:52,0,2024-07-02 14:13:52,,,
2024-12-31,星期二,0,,7671,2024-12-31 00:00:00,1,0,2024-07-02 14:13:52,0,2024-07-02 14:13:52,,,
2023-01-01,星期天,1,元旦,7672,2023-01-01 00:00:00,1,0,2024-07-02 14:13:56,0,2024-07-02 14:13:56,,,
2023-01-02,星期一,1,元旦,7673,2023-01-02 00:00:00,1,0,2024-07-02 14:13:56,0,2024-07-02 14:13:56,,,
2023-01-03,星期二,0,,7674,2023-01-03 00:00:00,1,0,2024-07-02 14:13:56,0,2024-07-02 14:13:56,,,
2023-01-04,星期三,0,,7675,2023-01-04 00:00:00,1,0,2024-07-02 14:13:56,0,2024-07-02 14:13:56,,,
2023-01-05,星期四,0,,7676,2023-01-05 00:00:00,1,0,2024-07-02 14:13:56,0,2024-07-02 14:13:56,,,
2023-01-06,星期五,0,,7677,2023-01-06 00:00:00,1,0,2024-07-02 14:13:56,0,2024-07-02 14:13:56,,,
2023-01-07,星期六,0,,7678,2023-01-07 00:00:00,1,0,2024-07-02 14:13:56,0,2024-07-02 14:13:56,,,
2023-01-08,星期天,0,,7679,2023-01-08 00:00:00,1,0,2024-07-02 14:13:56,0,2024-07-02 14:13:56,,,
2023-01-09,星期一,0,,7680,2023-01-09 00:00:00,1,0,2024-07-02 14:13:56,0,2024-07-02 14:13:56,,,
2023-01-10,星期二,0,,7681,2023-01-10 00:00:00,1,0,2024-07-02 14:13:56,0,2024-07-02 14:13:56,,,
2023-01-11,星期三,0,,7682,2023-01-11 00:00:00,1,0,2024-07-02 14:13:56,0,2024-07-02 14:13:56,,,
2023-01-12,星期四,0,,7683,2023-01-12 00:00:00,1,0,2024-07-02 14:13:56,0,2024-07-02 14:13:56,,,
2023-01-13,星期五,0,,7684,2023-01-13 00:00:00,1,0,2024-07-02 14:13:56,0,2024-07-02 14:13:56,,,
2023-01-14,星期六,0,,7685,2023-01-14 00:00:00,1,0,2024-07-02 14:13:56,0,2024-07-02 14:13:56,,,
2023-01-15,星期天,0,,7686,2023-01-15 00:00:00,1,0,2024-07-02 14:13:56,0,2024-07-02 14:13:56,,,
2023-01-16,星期一,0,,7687,2023-01-16 00:00:00,1,0,2024-07-02 14:13:56,0,2024-07-02 14:13:56,,,
2023-01-17,星期二,0,,7688,2023-01-17 00:00:00,1,0,2024-07-02 14:13:56,0,2024-07-02 14:13:56,,,
2023-01-18,星期三,0,,7689,2023-01-18 00:00:00,1,0,2024-07-02 14:13:56,0,2024-07-02 14:13:56,,,
2023-01-19,星期四,0,,7690,2023-01-19 00:00:00,1,0,2024-07-02 14:13:56,0,2024-07-02 14:13:56,,,
2023-01-20,星期五,0,,7691,2023-01-20 00:00:00,1,0,2024-07-02 14:13:56,0,2024-07-02 14:13:56,,,
2023-01-21,星期六,1,除夕,7692,2023-01-21 00:00:00,1,0,2024-07-02 14:13:56,0,2024-07-02 14:13:56,,,
2023-01-22,星期天,1,初一,7693,2023-01-22 00:00:00,1,0,2024-07-02 14:13:56,0,2024-07-02 14:13:56,,,
2023-01-23,星期一,1,初二,7694,2023-01-23 00:00:00,1,0,2024-07-02 14:13:56,0,2024-07-02 14:13:56,,,
2023-01-24,星期二,1,初三,7695,2023-01-24 00:00:00,1,0,2024-07-02 14:13:56,0,2024-07-02 14:13:56,,,
2023-01-25,星期三,1,初四,7696,2023-01-25 00:00:00,1,0,2024-07-02 14:13:56,0,2024-07-02 14:13:56,,,
2023-01-26,星期四,1,初五,7697,2023-01-26 00:00:00,1,0,2024-07-02 14:13:56,0,2024-07-02 14:13:56,,,
2023-01-27,星期五,1,初六,7698,2023-01-27 00:00:00,1,0,2024-07-02 14:13:56,0,2024-07-02 14:13:56,,,
2023-01-28,星期六,0,,7699,2023-01-28 00:00:00,1,0,2024-07-02 14:13:56,0,2024-07-02 14:13:56,,,
2023-01-29,星期天,0,,7700,2023-01-29 00:00:00,1,0,2024-07-02 14:13:56,0,2024-07-02 14:13:56,,,
2023-01-30,星期一,0,,7701,2023-01-30 00:00:00,1,0,2024-07-02 14:13:56,0,2024-07-02 14:13:56,,,
2023-01-31,星期二,0,,7702,2023-01-31 00:00:00,1,0,2024-07-02 14:13:56,0,2024-07-02 14:13:56,,,
2023-02-01,星期三,0,,7703,2023-02-01 00:00:00,1,0,2024-07-02 14:13:56,0,2024-07-02 14:13:56,,,
2023-02-02,星期四,0,,7704,2023-02-02 00:00:00,1,0,2024-07-02 14:13:56,0,2024-07-02 14:13:56,,,
2023-02-03,星期五,0,,7705,2023-02-03 00:00:00,1,0,2024-07-02 14:13:56,0,2024-07-02 14:13:56,,,
2023-02-04,星期六,0,,7706,2023-02-04 00:00:00,1,0,2024-07-02 14:13:56,0,2024-07-02 14:13:56,,,
2023-02-05,星期天,0,,7707,2023-02-05 00:00:00,1,0,2024-07-02 14:13:56,0,2024-07-02 14:13:56,,,
2023-02-06,星期一,0,,7708,2023-02-06 00:00:00,1,0,2024-07-02 14:13:56,0,2024-07-02 14:13:56,,,
2023-02-07,星期二,0,,7709,2023-02-07 00:00:00,1,0,2024-07-02 14:13:56,0,2024-07-02 14:13:56,,,
2023-02-08,星期三,0,,7710,2023-02-08 00:00:00,1,0,2024-07-02 14:13:56,0,2024-07-02 14:13:56,,,
2023-02-09,星期四,0,,7711,2023-02-09 00:00:00,1,0,2024-07-02 14:13:56,0,2024-07-02 14:13:56,,,
2023-02-10,星期五,0,,7712,2023-02-10 00:00:00,1,0,2024-07-02 14:13:56,0,2024-07-02 14:13:56,,,
2023-02-11,星期六,0,,7713,2023-02-11 00:00:00,1,0,2024-07-02 14:13:56,0,2024-07-02 14:13:56,,,
2023-02-12,星期天,0,,7714,2023-02-12 00:00:00,1,0,2024-07-02 14:13:56,0,2024-07-02 14:13:56,,,
2023-02-13,星期一,0,,7715,2023-02-13 00:00:00,1,0,2024-07-02 14:13:56,0,2024-07-02 14:13:56,,,
2023-02-14,星期二,0,,7716,2023-02-14 00:00:00,1,0,2024-07-02 14:13:56,0,2024-07-02 14:13:56,,,
2023-02-15,星期三,0,,7717,2023-02-15 00:00:00,1,0,2024-07-02 14:13:56,0,2024-07-02 14:13:56,,,
2023-02-16,星期四,0,,7718,2023-02-16 00:00:00,1,0,2024-07-02 14:13:56,0,2024-07-02 14:13:56,,,
2023-02-17,星期五,0,,7719,2023-02-17 00:00:00,1,0,2024-07-02 14:13:56,0,2024-07-02 14:13:56,,,
2023-02-18,星期六,0,,7720,2023-02-18 00:00:00,1,0,2024-07-02 14:13:56,0,2024-07-02 14:13:56,,,
2023-02-19,星期天,0,,7721,2023-02-19 00:00:00,1,0,2024-07-02 14:13:56,0,2024-07-02 14:13:56,,,
2023-02-20,星期一,0,,7722,2023-02-20 00:00:00,1,0,2024-07-02 14:13:56,0,2024-07-02 14:13:56,,,
2023-02-21,星期二,0,,7723,2023-02-21 00:00:00,1,0,2024-07-02 14:13:56,0,2024-07-02 14:13:56,,,
2023-02-22,星期三,0,,7724,2023-02-22 00:00:00,1,0,2024-07-02 14:13:56,0,2024-07-02 14:13:56,,,
2023-02-23,星期四,0,,7725,2023-02-23 00:00:00,1,0,2024-07-02 14:13:56,0,2024-07-02 14:13:56,,,
2023-02-24,星期五,0,,7726,2023-02-24 00:00:00,1,0,2024-07-02 14:13:56,0,2024-07-02 14:13:56,,,
2023-02-25,星期六,0,,7727,2023-02-25 00:00:00,1,0,2024-07-02 14:13:56,0,2024-07-02 14:13:56,,,
2023-02-26,星期天,0,,7728,2023-02-26 00:00:00,1,0,2024-07-02 14:13:56,0,2024-07-02 14:13:56,,,
2023-02-27,星期一,0,,7729,2023-02-27 00:00:00,1,0,2024-07-02 14:13:56,0,2024-07-02 14:13:56,,,
2023-02-28,星期二,0,,7730,2023-02-28 00:00:00,1,0,2024-07-02 14:13:56,0,2024-07-02 14:13:56,,,
2023-03-01,星期三,0,,7731,2023-03-01 00:00:00,1,0,2024-07-02 14:13:56,0,2024-07-02 14:13:56,,,
2023-03-02,星期四,0,,7732,2023-03-02 00:00:00,1,0,2024-07-02 14:13:56,0,2024-07-02 14:13:56,,,
2023-03-03,星期五,0,,7733,2023-03-03 00:00:00,1,0,2024-07-02 14:13:56,0,2024-07-02 14:13:56,,,
2023-03-04,星期六,0,,7734,2023-03-04 00:00:00,1,0,2024-07-02 14:13:56,0,2024-07-02 14:13:56,,,
2023-03-05,星期天,0,,7735,2023-03-05 00:00:00,1,0,2024-07-02 14:13:56,0,2024-07-02 14:13:56,,,
2023-03-06,星期一,0,,7736,2023-03-06 00:00:00,1,0,2024-07-02 14:13:56,0,2024-07-02 14:13:56,,,
2023-03-07,星期二,0,,7737,2023-03-07 00:00:00,1,0,2024-07-02 14:13:56,0,2024-07-02 14:13:56,,,
2023-03-08,星期三,0,,7738,2023-03-08 00:00:00,1,0,2024-07-02 14:13:56,0,2024-07-02 14:13:56,,,
2023-03-09,星期四,0,,7739,2023-03-09 00:00:00,1,0,2024-07-02 14:13:56,0,2024-07-02 14:13:56,,,
2023-03-10,星期五,0,,7740,2023-03-10 00:00:00,1,0,2024-07-02 14:13:56,0,2024-07-02 14:13:56,,,
2023-03-11,星期六,0,,7741,2023-03-11 00:00:00,1,0,2024-07-02 14:13:56,0,2024-07-02 14:13:56,,,
2023-03-12,星期天,0,,7742,2023-03-12 00:00:00,1,0,2024-07-02 14:13:56,0,2024-07-02 14:13:56,,,
2023-03-13,星期一,0,,7743,2023-03-13 00:00:00,1,0,2024-07-02 14:13:56,0,2024-07-02 14:13:56,,,
2023-03-14,星期二,0,,7744,2023-03-14 00:00:00,1,0,2024-07-02 14:13:56,0,2024-07-02 14:13:56,,,
2023-03-15,星期三,0,,7745,2023-03-15 00:00:00,1,0,2024-07-02 14:13:56,0,2024-07-02 14:13:56,,,
2023-03-16,星期四,0,,7746,2023-03-16 00:00:00,1,0,2024-07-02 14:13:56,0,2024-07-02 14:13:56,,,
2023-03-17,星期五,0,,7747,2023-03-17 00:00:00,1,0,2024-07-02 14:13:56,0,2024-07-02 14:13:56,,,
2023-03-18,星期六,0,,7748,2023-03-18 00:00:00,1,0,2024-07-02 14:13:56,0,2024-07-02 14:13:56,,,
2023-03-19,星期天,0,,7749,2023-03-19 00:00:00,1,0,2024-07-02 14:13:56,0,2024-07-02 14:13:56,,,
2023-03-20,星期一,0,,7750,2023-03-20 00:00:00,1,0,2024-07-02 14:13:56,0,2024-07-02 14:13:56,,,
2023-03-21,星期二,0,,7751,2023-03-21 00:00:00,1,0,2024-07-02 14:13:56,0,2024-07-02 14:13:56,,,
2023-03-22,星期三,0,,7752,2023-03-22 00:00:00,1,0,2024-07-02 14:13:56,0,2024-07-02 14:13:56,,,
2023-03-23,星期四,0,,7753,2023-03-23 00:00:00,1,0,2024-07-02 14:13:56,0,2024-07-02 14:13:56,,,
2023-03-24,星期五,0,,7754,2023-03-24 00:00:00,1,0,2024-07-02 14:13:56,0,2024-07-02 14:13:56,,,
2023-03-25,星期六,0,,7755,2023-03-25 00:00:00,1,0,2024-07-02 14:13:56,0,2024-07-02 14:13:56,,,
2023-03-26,星期天,0,,7756,2023-03-26 00:00:00,1,0,2024-07-02 14:13:56,0,2024-07-02 14:13:56,,,
2023-03-27,星期一,0,,7757,2023-03-27 00:00:00,1,0,2024-07-02 14:13:56,0,2024-07-02 14:13:56,,,
2023-03-28,星期二,0,,7758,2023-03-28 00:00:00,1,0,2024-07-02 14:13:56,0,2024-07-02 14:13:56,,,
2023-03-29,星期三,0,,7759,2023-03-29 00:00:00,1,0,2024-07-02 14:13:56,0,2024-07-02 14:13:56,,,
2023-03-30,星期四,0,,7760,2023-03-30 00:00:00,1,0,2024-07-02 14:13:56,0,2024-07-02 14:13:56,,,
2023-03-31,星期五,0,,7761,2023-03-31 00:00:00,1,0,2024-07-02 14:13:56,0,2024-07-02 14:13:56,,,
2023-04-01,星期六,0,,7762,2023-04-01 00:00:00,1,0,2024-07-02 14:13:56,0,2024-07-02 14:13:56,,,
2023-04-02,星期天,0,,7763,2023-04-02 00:00:00,1,0,2024-07-02 14:13:56,0,2024-07-02 14:13:56,,,
2023-04-03,星期一,0,,7764,2023-04-03 00:00:00,1,0,2024-07-02 14:13:56,0,2024-07-02 14:13:56,,,
2023-04-04,星期二,0,,7765,2023-04-04 00:00:00,1,0,2024-07-02 14:13:56,0,2024-07-02 14:13:56,,,
2023-04-05,星期三,1,清明节,7766,2023-04-05 00:00:00,1,0,2024-07-02 14:13:56,0,2024-07-02 14:13:56,,,
2023-04-06,星期四,0,,7767,2023-04-06 00:00:00,1,0,2024-07-02 14:13:56,0,2024-07-02 14:13:56,,,
2023-04-07,星期五,0,,7768,2023-04-07 00:00:00,1,0,2024-07-02 14:13:56,0,2024-07-02 14:13:56,,,
2023-04-08,星期六,0,,7769,2023-04-08 00:00:00,1,0,2024-07-02 14:13:56,0,2024-07-02 14:13:56,,,
2023-04-09,星期天,0,,7770,2023-04-09 00:00:00,1,0,2024-07-02 14:13:56,0,2024-07-02 14:13:56,,,
2023-04-10,星期一,0,,7771,2023-04-10 00:00:00,1,0,2024-07-02 14:13:56,0,2024-07-02 14:13:56,,,
2023-04-11,星期二,0,,7772,2023-04-11 00:00:00,1,0,2024-07-02 14:13:56,0,2024-07-02 14:13:56,,,
2023-04-12,星期三,0,,7773,2023-04-12 00:00:00,1,0,2024-07-02 14:13:56,0,2024-07-02 14:13:56,,,
2023-04-13,星期四,0,,7774,2023-04-13 00:00:00,1,0,2024-07-02 14:13:56,0,2024-07-02 14:13:56,,,
2023-04-14,星期五,0,,7775,2023-04-14 00:00:00,1,0,2024-07-02 14:13:56,0,2024-07-02 14:13:56,,,
2023-04-15,星期六,0,,7776,2023-04-15 00:00:00,1,0,2024-07-02 14:13:56,0,2024-07-02 14:13:56,,,
2023-04-16,星期天,0,,7777,2023-04-16 00:00:00,1,0,2024-07-02 14:13:56,0,2024-07-02 14:13:56,,,
2023-04-17,星期一,0,,7778,2023-04-17 00:00:00,1,0,2024-07-02 14:13:56,0,2024-07-02 14:13:56,,,
2023-04-18,星期二,0,,7779,2023-04-18 00:00:00,1,0,2024-07-02 14:13:56,0,2024-07-02 14:13:56,,,
2023-04-19,星期三,0,,7780,2023-04-19 00:00:00,1,0,2024-07-02 14:13:56,0,2024-07-02 14:13:56,,,
2023-04-20,星期四,0,,7781,2023-04-20 00:00:00,1,0,2024-07-02 14:13:56,0,2024-07-02 14:13:56,,,
2023-04-21,星期五,0,,7782,2023-04-21 00:00:00,1,0,2024-07-02 14:13:56,0,2024-07-02 14:13:56,,,
2023-04-22,星期六,0,,7783,2023-04-22 00:00:00,1,0,2024-07-02 14:13:56,0,2024-07-02 14:13:56,,,
2023-04-23,星期天,0,,7784,2023-04-23 00:00:00,1,0,2024-07-02 14:13:56,0,2024-07-02 14:13:56,,,
2023-04-24,星期一,0,,7785,2023-04-24 00:00:00,1,0,2024-07-02 14:13:56,0,2024-07-02 14:13:56,,,
2023-04-25,星期二,0,,7786,2023-04-25 00:00:00,1,0,2024-07-02 14:13:56,0,2024-07-02 14:13:56,,,
2023-04-26,星期三,0,,7787,2023-04-26 00:00:00,1,0,2024-07-02 14:13:56,0,2024-07-02 14:13:56,,,
2023-04-27,星期四,0,,7788,2023-04-27 00:00:00,1,0,2024-07-02 14:13:56,0,2024-07-02 14:13:56,,,
2023-04-28,星期五,0,,7789,2023-04-28 00:00:00,1,0,2024-07-02 14:13:56,0,2024-07-02 14:13:56,,,
2023-04-29,星期六,1,劳动节,7790,2023-04-29 00:00:00,1,0,2024-07-02 14:13:56,0,2024-07-02 14:13:56,,,
2023-04-30,星期天,1,劳动节,7791,2023-04-30 00:00:00,1,0,2024-07-02 14:13:56,0,2024-07-02 14:13:56,,,
2023-05-01,星期一,1,劳动节,7792,2023-05-01 00:00:00,1,0,2024-07-02 14:13:56,0,2024-07-02 14:13:56,,,
2023-05-02,星期二,1,劳动节,7793,2023-05-02 00:00:00,1,0,2024-07-02 14:13:56,0,2024-07-02 14:13:56,,,
2023-05-03,星期三,1,劳动节,7794,2023-05-03 00:00:00,1,0,2024-07-02 14:13:56,0,2024-07-02 14:13:56,,,
2023-05-04,星期四,0,,7795,2023-05-04 00:00:00,1,0,2024-07-02 14:13:56,0,2024-07-02 14:13:56,,,
2023-05-05,星期五,0,,7796,2023-05-05 00:00:00,1,0,2024-07-02 14:13:56,0,2024-07-02 14:13:56,,,
2023-05-06,星期六,0,,7797,2023-05-06 00:00:00,1,0,2024-07-02 14:13:56,0,2024-07-02 14:13:56,,,
2023-05-07,星期天,0,,7798,2023-05-07 00:00:00,1,0,2024-07-02 14:13:56,0,2024-07-02 14:13:56,,,
2023-05-08,星期一,0,,7799,2023-05-08 00:00:00,1,0,2024-07-02 14:13:56,0,2024-07-02 14:13:56,,,
2023-05-09,星期二,0,,7800,2023-05-09 00:00:00,1,0,2024-07-02 14:13:56,0,2024-07-02 14:13:56,,,
2023-05-10,星期三,0,,7801,2023-05-10 00:00:00,1,0,2024-07-02 14:13:56,0,2024-07-02 14:13:56,,,
2023-05-11,星期四,0,,7802,2023-05-11 00:00:00,1,0,2024-07-02 14:13:56,0,2024-07-02 14:13:56,,,
2023-05-12,星期五,0,,7803,2023-05-12 00:00:00,1,0,2024-07-02 14:13:56,0,2024-07-02 14:13:56,,,
2023-05-13,星期六,0,,7804,2023-05-13 00:00:00,1,0,2024-07-02 14:13:56,0,2024-07-02 14:13:56,,,
2023-05-14,星期天,0,,7805,2023-05-14 00:00:00,1,0,2024-07-02 14:13:56,0,2024-07-02 14:13:56,,,
2023-05-15,星期一,0,,7806,2023-05-15 00:00:00,1,0,2024-07-02 14:13:56,0,2024-07-02 14:13:56,,,
2023-05-16,星期二,0,,7807,2023-05-16 00:00:00,1,0,2024-07-02 14:13:56,0,2024-07-02 14:13:56,,,
2023-05-17,星期三,0,,7808,2023-05-17 00:00:00,1,0,2024-07-02 14:13:56,0,2024-07-02 14:13:56,,,
2023-05-18,星期四,0,,7809,2023-05-18 00:00:00,1,0,2024-07-02 14:13:56,0,2024-07-02 14:13:56,,,
2023-05-19,星期五,0,,7810,2023-05-19 00:00:00,1,0,2024-07-02 14:13:56,0,2024-07-02 14:13:56,,,
2023-05-20,星期六,0,,7811,2023-05-20 00:00:00,1,0,2024-07-02 14:13:56,0,2024-07-02 14:13:56,,,
2023-05-21,星期天,0,,7812,2023-05-21 00:00:00,1,0,2024-07-02 14:13:56,0,2024-07-02 14:13:56,,,
2023-05-22,星期一,0,,7813,2023-05-22 00:00:00,1,0,2024-07-02 14:13:56,0,2024-07-02 14:13:56,,,
2023-05-23,星期二,0,,7814,2023-05-23 00:00:00,1,0,2024-07-02 14:13:56,0,2024-07-02 14:13:56,,,
2023-05-24,星期三,0,,7815,2023-05-24 00:00:00,1,0,2024-07-02 14:13:56,0,2024-07-02 14:13:56,,,
2023-05-25,星期四,0,,7816,2023-05-25 00:00:00,1,0,2024-07-02 14:13:56,0,2024-07-02 14:13:56,,,
2023-05-26,星期五,0,,7817,2023-05-26 00:00:00,1,0,2024-07-02 14:13:56,0,2024-07-02 14:13:56,,,
2023-05-27,星期六,0,,7818,2023-05-27 00:00:00,1,0,2024-07-02 14:13:56,0,2024-07-02 14:13:56,,,
2023-05-28,星期天,0,,7819,2023-05-28 00:00:00,1,0,2024-07-02 14:13:56,0,2024-07-02 14:13:56,,,
2023-05-29,星期一,0,,7820,2023-05-29 00:00:00,1,0,2024-07-02 14:13:56,0,2024-07-02 14:13:56,,,
2023-05-30,星期二,0,,7821,2023-05-30 00:00:00,1,0,2024-07-02 14:13:56,0,2024-07-02 14:13:56,,,
2023-05-31,星期三,0,,7822,2023-05-31 00:00:00,1,0,2024-07-02 14:13:56,0,2024-07-02 14:13:56,,,
2023-06-01,星期四,0,,7823,2023-06-01 00:00:00,1,0,2024-07-02 14:13:56,0,2024-07-02 14:13:56,,,
2023-06-02,星期五,0,,7824,2023-06-02 00:00:00,1,0,2024-07-02 14:13:56,0,2024-07-02 14:13:56,,,
2023-06-03,星期六,0,,7825,2023-06-03 00:00:00,1,0,2024-07-02 14:13:56,0,2024-07-02 14:13:56,,,
2023-06-04,星期天,0,,7826,2023-06-04 00:00:00,1,0,2024-07-02 14:13:56,0,2024-07-02 14:13:56,,,
2023-06-05,星期一,0,,7827,2023-06-05 00:00:00,1,0,2024-07-02 14:13:56,0,2024-07-02 14:13:56,,,
2023-06-06,星期二,0,,7828,2023-06-06 00:00:00,1,0,2024-07-02 14:13:56,0,2024-07-02 14:13:56,,,
2023-06-07,星期三,0,,7829,2023-06-07 00:00:00,1,0,2024-07-02 14:13:56,0,2024-07-02 14:13:56,,,
2023-06-08,星期四,0,,7830,2023-06-08 00:00:00,1,0,2024-07-02 14:13:56,0,2024-07-02 14:13:56,,,
2023-06-09,星期五,0,,7831,2023-06-09 00:00:00,1,0,2024-07-02 14:13:56,0,2024-07-02 14:13:56,,,
2023-06-10,星期六,0,,7832,2023-06-10 00:00:00,1,0,2024-07-02 14:13:56,0,2024-07-02 14:13:56,,,
2023-06-11,星期天,0,,7833,2023-06-11 00:00:00,1,0,2024-07-02 14:13:56,0,2024-07-02 14:13:56,,,
2023-06-12,星期一,0,,7834,2023-06-12 00:00:00,1,0,2024-07-02 14:13:56,0,2024-07-02 14:13:56,,,
2023-06-13,星期二,0,,7835,2023-06-13 00:00:00,1,0,2024-07-02 14:13:56,0,2024-07-02 14:13:56,,,
2023-06-14,星期三,0,,7836,2023-06-14 00:00:00,1,0,2024-07-02 14:13:56,0,2024-07-02 14:13:56,,,
2023-06-15,星期四,0,,7837,2023-06-15 00:00:00,1,0,2024-07-02 14:13:56,0,2024-07-02 14:13:56,,,
2023-06-16,星期五,0,,7838,2023-06-16 00:00:00,1,0,2024-07-02 14:13:56,0,2024-07-02 14:13:56,,,
2023-06-17,星期六,0,,7839,2023-06-17 00:00:00,1,0,2024-07-02 14:13:56,0,2024-07-02 14:13:56,,,
2023-06-18,星期天,0,,7840,2023-06-18 00:00:00,1,0,2024-07-02 14:13:56,0,2024-07-02 14:13:56,,,
2023-06-19,星期一,0,,7841,2023-06-19 00:00:00,1,0,2024-07-02 14:13:56,0,2024-07-02 14:13:56,,,
2023-06-20,星期二,0,,7842,2023-06-20 00:00:00,1,0,2024-07-02 14:13:56,0,2024-07-02 14:13:56,,,
2023-06-21,星期三,0,,7843,2023-06-21 00:00:00,1,0,2024-07-02 14:13:56,0,2024-07-02 14:13:56,,,
2023-06-22,星期四,1,端午节,7844,2023-06-22 00:00:00,1,0,2024-07-02 14:13:56,0,2024-07-02 14:13:56,,,
2023-06-23,星期五,1,端午节,7845,2023-06-23 00:00:00,1,0,2024-07-02 14:13:56,0,2024-07-02 14:13:56,,,
2023-06-24,星期六,1,端午节,7846,2023-06-24 00:00:00,1,0,2024-07-02 14:13:56,0,2024-07-02 14:13:56,,,
2023-06-25,星期天,0,,7847,2023-06-25 00:00:00,1,0,2024-07-02 14:13:56,0,2024-07-02 14:13:56,,,
2023-06-26,星期一,0,,7848,2023-06-26 00:00:00,1,0,2024-07-02 14:13:56,0,2024-07-02 14:13:56,,,
2023-06-27,星期二,0,,7849,2023-06-27 00:00:00,1,0,2024-07-02 14:13:56,0,2024-07-02 14:13:56,,,
2023-06-28,星期三,0,,7850,2023-06-28 00:00:00,1,0,2024-07-02 14:13:56,0,2024-07-02 14:13:56,,,
2023-06-29,星期四,0,,7851,2023-06-29 00:00:00,1,0,2024-07-02 14:13:56,0,2024-07-02 14:13:56,,,
2023-06-30,星期五,0,,7852,2023-06-30 00:00:00,1,0,2024-07-02 14:13:56,0,2024-07-02 14:13:56,,,
2023-07-01,星期六,0,,7853,2023-07-01 00:00:00,1,0,2024-07-02 14:13:56,0,2024-07-02 14:13:56,,,
2023-07-02,星期天,0,,7854,2023-07-02 00:00:00,1,0,2024-07-02 14:13:56,0,2024-07-02 14:13:56,,,
2023-07-03,星期一,0,,7855,2023-07-03 00:00:00,1,0,2024-07-02 14:13:56,0,2024-07-02 14:13:56,,,
2023-07-04,星期二,0,,7856,2023-07-04 00:00:00,1,0,2024-07-02 14:13:56,0,2024-07-02 14:13:56,,,
2023-07-05,星期三,0,,7857,2023-07-05 00:00:00,1,0,2024-07-02 14:13:56,0,2024-07-02 14:13:56,,,
2023-07-06,星期四,0,,7858,2023-07-06 00:00:00,1,0,2024-07-02 14:13:56,0,2024-07-02 14:13:56,,,
2023-07-07,星期五,0,,7859,2023-07-07 00:00:00,1,0,2024-07-02 14:13:56,0,2024-07-02 14:13:56,,,
2023-07-08,星期六,0,,7860,2023-07-08 00:00:00,1,0,2024-07-02 14:13:56,0,2024-07-02 14:13:56,,,
2023-07-09,星期天,0,,7861,2023-07-09 00:00:00,1,0,2024-07-02 14:13:56,0,2024-07-02 14:13:56,,,
2023-07-10,星期一,0,,7862,2023-07-10 00:00:00,1,0,2024-07-02 14:13:56,0,2024-07-02 14:13:56,,,
2023-07-11,星期二,0,,7863,2023-07-11 00:00:00,1,0,2024-07-02 14:13:56,0,2024-07-02 14:13:56,,,
2023-07-12,星期三,0,,7864,2023-07-12 00:00:00,1,0,2024-07-02 14:13:56,0,2024-07-02 14:13:56,,,
2023-07-13,星期四,0,,7865,2023-07-13 00:00:00,1,0,2024-07-02 14:13:56,0,2024-07-02 14:13:56,,,
2023-07-14,星期五,0,,7866,2023-07-14 00:00:00,1,0,2024-07-02 14:13:56,0,2024-07-02 14:13:56,,,
2023-07-15,星期六,0,,7867,2023-07-15 00:00:00,1,0,2024-07-02 14:13:56,0,2024-07-02 14:13:56,,,
2023-07-16,星期天,0,,7868,2023-07-16 00:00:00,1,0,2024-07-02 14:13:56,0,2024-07-02 14:13:56,,,
2023-07-17,星期一,0,,7869,2023-07-17 00:00:00,1,0,2024-07-02 14:13:56,0,2024-07-02 14:13:56,,,
2023-07-18,星期二,0,,7870,2023-07-18 00:00:00,1,0,2024-07-02 14:13:56,0,2024-07-02 14:13:56,,,
2023-07-19,星期三,0,,7871,2023-07-19 00:00:00,1,0,2024-07-02 14:13:56,0,2024-07-02 14:13:56,,,
2023-07-20,星期四,0,,7872,2023-07-20 00:00:00,1,0,2024-07-02 14:13:56,0,2024-07-02 14:13:56,,,
2023-07-21,星期五,0,,7873,2023-07-21 00:00:00,1,0,2024-07-02 14:13:56,0,2024-07-02 14:13:56,,,
2023-07-22,星期六,0,,7874,2023-07-22 00:00:00,1,0,2024-07-02 14:13:56,0,2024-07-02 14:13:56,,,
2023-07-23,星期天,0,,7875,2023-07-23 00:00:00,1,0,2024-07-02 14:13:56,0,2024-07-02 14:13:56,,,
2023-07-24,星期一,0,,7876,2023-07-24 00:00:00,1,0,2024-07-02 14:13:56,0,2024-07-02 14:13:56,,,
2023-07-25,星期二,0,,7877,2023-07-25 00:00:00,1,0,2024-07-02 14:13:56,0,2024-07-02 14:13:56,,,
2023-07-26,星期三,0,,7878,2023-07-26 00:00:00,1,0,2024-07-02 14:13:56,0,2024-07-02 14:13:56,,,
2023-07-27,星期四,0,,7879,2023-07-27 00:00:00,1,0,2024-07-02 14:13:56,0,2024-07-02 14:13:56,,,
2023-07-28,星期五,0,,7880,2023-07-28 00:00:00,1,0,2024-07-02 14:13:56,0,2024-07-02 14:13:56,,,
2023-07-29,星期六,0,,7881,2023-07-29 00:00:00,1,0,2024-07-02 14:13:56,0,2024-07-02 14:13:56,,,
2023-07-30,星期天,0,,7882,2023-07-30 00:00:00,1,0,2024-07-02 14:13:56,0,2024-07-02 14:13:56,,,
2023-07-31,星期一,0,,7883,2023-07-31 00:00:00,1,0,2024-07-02 14:13:56,0,2024-07-02 14:13:56,,,
2023-08-01,星期二,0,,7884,2023-08-01 00:00:00,1,0,2024-07-02 14:13:56,0,2024-07-02 14:13:56,,,
2023-08-02,星期三,0,,7885,2023-08-02 00:00:00,1,0,2024-07-02 14:13:56,0,2024-07-02 14:13:56,,,
2023-08-03,星期四,0,,7886,2023-08-03 00:00:00,1,0,2024-07-02 14:13:56,0,2024-07-02 14:13:56,,,
2023-08-04,星期五,0,,7887,2023-08-04 00:00:00,1,0,2024-07-02 14:13:56,0,2024-07-02 14:13:56,,,
2023-08-05,星期六,0,,7888,2023-08-05 00:00:00,1,0,2024-07-02 14:13:56,0,2024-07-02 14:13:56,,,
2023-08-06,星期天,0,,7889,2023-08-06 00:00:00,1,0,2024-07-02 14:13:56,0,2024-07-02 14:13:56,,,
2023-08-07,星期一,0,,7890,2023-08-07 00:00:00,1,0,2024-07-02 14:13:56,0,2024-07-02 14:13:56,,,
2023-08-08,星期二,0,,7891,2023-08-08 00:00:00,1,0,2024-07-02 14:13:56,0,2024-07-02 14:13:56,,,
2023-08-09,星期三,0,,7892,2023-08-09 00:00:00,1,0,2024-07-02 14:13:56,0,2024-07-02 14:13:56,,,
2023-08-10,星期四,0,,7893,2023-08-10 00:00:00,1,0,2024-07-02 14:13:56,0,2024-07-02 14:13:56,,,
2023-08-11,星期五,0,,7894,2023-08-11 00:00:00,1,0,2024-07-02 14:13:56,0,2024-07-02 14:13:56,,,
2023-08-12,星期六,0,,7895,2023-08-12 00:00:00,1,0,2024-07-02 14:13:56,0,2024-07-02 14:13:56,,,
2023-08-13,星期天,0,,7896,2023-08-13 00:00:00,1,0,2024-07-02 14:13:56,0,2024-07-02 14:13:56,,,
2023-08-14,星期一,0,,7897,2023-08-14 00:00:00,1,0,2024-07-02 14:13:56,0,2024-07-02 14:13:56,,,
2023-08-15,星期二,0,,7898,2023-08-15 00:00:00,1,0,2024-07-02 14:13:56,0,2024-07-02 14:13:56,,,
2023-08-16,星期三,0,,7899,2023-08-16 00:00:00,1,0,2024-07-02 14:13:56,0,2024-07-02 14:13:56,,,
2023-08-17,星期四,0,,7900,2023-08-17 00:00:00,1,0,2024-07-02 14:13:56,0,2024-07-02 14:13:56,,,
2023-08-18,星期五,0,,7901,2023-08-18 00:00:00,1,0,2024-07-02 14:13:56,0,2024-07-02 14:13:56,,,
2023-08-19,星期六,0,,7902,2023-08-19 00:00:00,1,0,2024-07-02 14:13:56,0,2024-07-02 14:13:56,,,
2023-08-20,星期天,0,,7903,2023-08-20 00:00:00,1,0,2024-07-02 14:13:56,0,2024-07-02 14:13:56,,,
2023-08-21,星期一,0,,7904,2023-08-21 00:00:00,1,0,2024-07-02 14:13:56,0,2024-07-02 14:13:56,,,
2023-08-22,星期二,0,,7905,2023-08-22 00:00:00,1,0,2024-07-02 14:13:56,0,2024-07-02 14:13:56,,,
2023-08-23,星期三,0,,7906,2023-08-23 00:00:00,1,0,2024-07-02 14:13:56,0,2024-07-02 14:13:56,,,
2023-08-24,星期四,0,,7907,2023-08-24 00:00:00,1,0,2024-07-02 14:13:56,0,2024-07-02 14:13:56,,,
2023-08-25,星期五,0,,7908,2023-08-25 00:00:00,1,0,2024-07-02 14:13:56,0,2024-07-02 14:13:56,,,
2023-08-26,星期六,0,,7909,2023-08-26 00:00:00,1,0,2024-07-02 14:13:56,0,2024-07-02 14:13:56,,,
2023-08-27,星期天,0,,7910,2023-08-27 00:00:00,1,0,2024-07-02 14:13:56,0,2024-07-02 14:13:56,,,
2023-08-28,星期一,0,,7911,2023-08-28 00:00:00,1,0,2024-07-02 14:13:56,0,2024-07-02 14:13:56,,,
2023-08-29,星期二,0,,7912,2023-08-29 00:00:00,1,0,2024-07-02 14:13:56,0,2024-07-02 14:13:56,,,
2023-08-30,星期三,0,,7913,2023-08-30 00:00:00,1,0,2024-07-02 14:13:56,0,2024-07-02 14:13:56,,,
2023-08-31,星期四,0,,7914,2023-08-31 00:00:00,1,0,2024-07-02 14:13:56,0,2024-07-02 14:13:56,,,
2023-09-01,星期五,0,,7915,2023-09-01 00:00:00,1,0,2024-07-02 14:13:56,0,2024-07-02 14:13:56,,,
2023-09-02,星期六,0,,7916,2023-09-02 00:00:00,1,0,2024-07-02 14:13:56,0,2024-07-02 14:13:56,,,
2023-09-03,星期天,0,,7917,2023-09-03 00:00:00,1,0,2024-07-02 14:13:56,0,2024-07-02 14:13:56,,,
2023-09-04,星期一,0,,7918,2023-09-04 00:00:00,1,0,2024-07-02 14:13:56,0,2024-07-02 14:13:56,,,
2023-09-05,星期二,0,,7919,2023-09-05 00:00:00,1,0,2024-07-02 14:13:56,0,2024-07-02 14:13:56,,,
2023-09-06,星期三,0,,7920,2023-09-06 00:00:00,1,0,2024-07-02 14:13:56,0,2024-07-02 14:13:56,,,
2023-09-07,星期四,0,,7921,2023-09-07 00:00:00,1,0,2024-07-02 14:13:56,0,2024-07-02 14:13:56,,,
2023-09-08,星期五,0,,7922,2023-09-08 00:00:00,1,0,2024-07-02 14:13:56,0,2024-07-02 14:13:56,,,
2023-09-09,星期六,0,,7923,2023-09-09 00:00:00,1,0,2024-07-02 14:13:56,0,2024-07-02 14:13:56,,,
2023-09-10,星期天,0,,7924,2023-09-10 00:00:00,1,0,2024-07-02 14:13:56,0,2024-07-02 14:13:56,,,
2023-09-11,星期一,0,,7925,2023-09-11 00:00:00,1,0,2024-07-02 14:13:56,0,2024-07-02 14:13:56,,,
2023-09-12,星期二,0,,7926,2023-09-12 00:00:00,1,0,2024-07-02 14:13:56,0,2024-07-02 14:13:56,,,
2023-09-13,星期三,0,,7927,2023-09-13 00:00:00,1,0,2024-07-02 14:13:56,0,2024-07-02 14:13:56,,,
2023-09-14,星期四,0,,7928,2023-09-14 00:00:00,1,0,2024-07-02 14:13:56,0,2024-07-02 14:13:56,,,
2023-09-15,星期五,0,,7929,2023-09-15 00:00:00,1,0,2024-07-02 14:13:56,0,2024-07-02 14:13:56,,,
2023-09-16,星期六,0,,7930,2023-09-16 00:00:00,1,0,2024-07-02 14:13:56,0,2024-07-02 14:13:56,,,
2023-09-17,星期天,0,,7931,2023-09-17 00:00:00,1,0,2024-07-02 14:13:56,0,2024-07-02 14:13:56,,,
2023-09-18,星期一,0,,7932,2023-09-18 00:00:00,1,0,2024-07-02 14:13:56,0,2024-07-02 14:13:56,,,
2023-09-19,星期二,0,,7933,2023-09-19 00:00:00,1,0,2024-07-02 14:13:56,0,2024-07-02 14:13:56,,,
2023-09-20,星期三,0,,7934,2023-09-20 00:00:00,1,0,2024-07-02 14:13:56,0,2024-07-02 14:13:56,,,
2023-09-21,星期四,0,,7935,2023-09-21 00:00:00,1,0,2024-07-02 14:13:56,0,2024-07-02 14:13:56,,,
2023-09-22,星期五,0,,7936,2023-09-22 00:00:00,1,0,2024-07-02 14:13:56,0,2024-07-02 14:13:56,,,
2023-09-23,星期六,0,,7937,2023-09-23 00:00:00,1,0,2024-07-02 14:13:56,0,2024-07-02 14:13:56,,,
2023-09-24,星期天,0,,7938,2023-09-24 00:00:00,1,0,2024-07-02 14:13:56,0,2024-07-02 14:13:56,,,
2023-09-25,星期一,0,,7939,2023-09-25 00:00:00,1,0,2024-07-02 14:13:56,0,2024-07-02 14:13:56,,,
2023-09-26,星期二,0,,7940,2023-09-26 00:00:00,1,0,2024-07-02 14:13:56,0,2024-07-02 14:13:56,,,
2023-09-27,星期三,0,,7941,2023-09-27 00:00:00,1,0,2024-07-02 14:13:56,0,2024-07-02 14:13:56,,,
2023-09-28,星期四,0,,7942,2023-09-28 00:00:00,1,0,2024-07-02 14:13:56,0,2024-07-02 14:13:56,,,
2023-09-29,星期五,1,中秋节,7943,2023-09-29 00:00:00,1,0,2024-07-02 14:13:56,0,2024-07-02 14:13:56,,,
2023-09-30,星期六,1,中秋节,7944,2023-09-30 00:00:00,1,0,2024-07-02 14:13:56,0,2024-07-02 14:13:56,,,
2023-10-01,星期天,1,国庆节,7945,2023-10-01 00:00:00,1,0,2024-07-02 14:13:56,0,2024-07-02 14:13:56,,,
2023-10-02,星期一,1,国庆节,7946,2023-10-02 00:00:00,1,0,2024-07-02 14:13:56,0,2024-07-02 14:13:56,,,
2023-10-03,星期二,1,国庆节,7947,2023-10-03 00:00:00,1,0,2024-07-02 14:13:56,0,2024-07-02 14:13:56,,,
2023-10-04,星期三,1,国庆节,7948,2023-10-04 00:00:00,1,0,2024-07-02 14:13:56,0,2024-07-02 14:13:56,,,
2023-10-05,星期四,1,国庆节,7949,2023-10-05 00:00:00,1,0,2024-07-02 14:13:56,0,2024-07-02 14:13:56,,,
2023-10-06,星期五,1,国庆节,7950,2023-10-06 00:00:00,1,0,2024-07-02 14:13:56,0,2024-07-02 14:13:56,,,
2023-10-07,星期六,0,,7951,2023-10-07 00:00:00,1,0,2024-07-02 14:13:56,0,2024-07-02 14:13:56,,,
2023-10-08,星期天,0,,7952,2023-10-08 00:00:00,1,0,2024-07-02 14:13:56,0,2024-07-02 14:13:56,,,
2023-10-09,星期一,0,,7953,2023-10-09 00:00:00,1,0,2024-07-02 14:13:56,0,2024-07-02 14:13:56,,,
2023-10-10,星期二,0,,7954,2023-10-10 00:00:00,1,0,2024-07-02 14:13:56,0,2024-07-02 14:13:56,,,
2023-10-11,星期三,0,,7955,2023-10-11 00:00:00,1,0,2024-07-02 14:13:56,0,2024-07-02 14:13:56,,,
2023-10-12,星期四,0,,7956,2023-10-12 00:00:00,1,0,2024-07-02 14:13:56,0,2024-07-02 14:13:56,,,
2023-10-13,星期五,0,,7957,2023-10-13 00:00:00,1,0,2024-07-02 14:13:56,0,2024-07-02 14:13:56,,,
2023-10-14,星期六,0,,7958,2023-10-14 00:00:00,1,0,2024-07-02 14:13:56,0,2024-07-02 14:13:56,,,
2023-10-15,星期天,0,,7959,2023-10-15 00:00:00,1,0,2024-07-02 14:13:56,0,2024-07-02 14:13:56,,,
2023-10-16,星期一,0,,7960,2023-10-16 00:00:00,1,0,2024-07-02 14:13:56,0,2024-07-02 14:13:56,,,
2023-10-17,星期二,0,,7961,2023-10-17 00:00:00,1,0,2024-07-02 14:13:56,0,2024-07-02 14:13:56,,,
2023-10-18,星期三,0,,7962,2023-10-18 00:00:00,1,0,2024-07-02 14:13:56,0,2024-07-02 14:13:56,,,
2023-10-19,星期四,0,,7963,2023-10-19 00:00:00,1,0,2024-07-02 14:13:56,0,2024-07-02 14:13:56,,,
2023-10-20,星期五,0,,7964,2023-10-20 00:00:00,1,0,2024-07-02 14:13:56,0,2024-07-02 14:13:56,,,
2023-10-21,星期六,0,,7965,2023-10-21 00:00:00,1,0,2024-07-02 14:13:56,0,2024-07-02 14:13:56,,,
2023-10-22,星期天,0,,7966,2023-10-22 00:00:00,1,0,2024-07-02 14:13:56,0,2024-07-02 14:13:56,,,
2023-10-23,星期一,0,,7967,2023-10-23 00:00:00,1,0,2024-07-02 14:13:56,0,2024-07-02 14:13:56,,,
2023-10-24,星期二,0,,7968,2023-10-24 00:00:00,1,0,2024-07-02 14:13:56,0,2024-07-02 14:13:56,,,
2023-10-25,星期三,0,,7969,2023-10-25 00:00:00,1,0,2024-07-02 14:13:56,0,2024-07-02 14:13:56,,,
2023-10-26,星期四,0,,7970,2023-10-26 00:00:00,1,0,2024-07-02 14:13:56,0,2024-07-02 14:13:56,,,
2023-10-27,星期五,0,,7971,2023-10-27 00:00:00,1,0,2024-07-02 14:13:56,0,2024-07-02 14:13:56,,,
2023-10-28,星期六,0,,7972,2023-10-28 00:00:00,1,0,2024-07-02 14:13:56,0,2024-07-02 14:13:56,,,
2023-10-29,星期天,0,,7973,2023-10-29 00:00:00,1,0,2024-07-02 14:13:56,0,2024-07-02 14:13:56,,,
2023-10-30,星期一,0,,7974,2023-10-30 00:00:00,1,0,2024-07-02 14:13:56,0,2024-07-02 14:13:56,,,
2023-10-31,星期二,0,,7975,2023-10-31 00:00:00,1,0,2024-07-02 14:13:56,0,2024-07-02 14:13:56,,,
2023-11-01,星期三,0,,7976,2023-11-01 00:00:00,1,0,2024-07-02 14:13:56,0,2024-07-02 14:13:56,,,
2023-11-02,星期四,0,,7977,2023-11-02 00:00:00,1,0,2024-07-02 14:13:56,0,2024-07-02 14:13:56,,,
2023-11-03,星期五,0,,7978,2023-11-03 00:00:00,1,0,2024-07-02 14:13:56,0,2024-07-02 14:13:56,,,
2023-11-04,星期六,0,,7979,2023-11-04 00:00:00,1,0,2024-07-02 14:13:56,0,2024-07-02 14:13:56,,,
2023-11-05,星期天,0,,7980,2023-11-05 00:00:00,1,0,2024-07-02 14:13:56,0,2024-07-02 14:13:56,,,
2023-11-06,星期一,0,,7981,2023-11-06 00:00:00,1,0,2024-07-02 14:13:56,0,2024-07-02 14:13:56,,,
2023-11-07,星期二,0,,7982,2023-11-07 00:00:00,1,0,2024-07-02 14:13:56,0,2024-07-02 14:13:56,,,
2023-11-08,星期三,0,,7983,2023-11-08 00:00:00,1,0,2024-07-02 14:13:56,0,2024-07-02 14:13:56,,,
2023-11-09,星期四,0,,7984,2023-11-09 00:00:00,1,0,2024-07-02 14:13:56,0,2024-07-02 14:13:56,,,
2023-11-10,星期五,0,,7985,2023-11-10 00:00:00,1,0,2024-07-02 14:13:56,0,2024-07-02 14:13:56,,,
2023-11-11,星期六,0,,7986,2023-11-11 00:00:00,1,0,2024-07-02 14:13:56,0,2024-07-02 14:13:56,,,
2023-11-12,星期天,0,,7987,2023-11-12 00:00:00,1,0,2024-07-02 14:13:56,0,2024-07-02 14:13:56,,,
2023-11-13,星期一,0,,7988,2023-11-13 00:00:00,1,0,2024-07-02 14:13:56,0,2024-07-02 14:13:56,,,
2023-11-14,星期二,0,,7989,2023-11-14 00:00:00,1,0,2024-07-02 14:13:56,0,2024-07-02 14:13:56,,,
2023-11-15,星期三,0,,7990,2023-11-15 00:00:00,1,0,2024-07-02 14:13:56,0,2024-07-02 14:13:56,,,
2023-11-16,星期四,0,,7991,2023-11-16 00:00:00,1,0,2024-07-02 14:13:56,0,2024-07-02 14:13:56,,,
2023-11-17,星期五,0,,7992,2023-11-17 00:00:00,1,0,2024-07-02 14:13:56,0,2024-07-02 14:13:56,,,
2023-11-18,星期六,0,,7993,2023-11-18 00:00:00,1,0,2024-07-02 14:13:56,0,2024-07-02 14:13:56,,,
2023-11-19,星期天,0,,7994,2023-11-19 00:00:00,1,0,2024-07-02 14:13:56,0,2024-07-02 14:13:56,,,
2023-11-20,星期一,0,,7995,2023-11-20 00:00:00,1,0,2024-07-02 14:13:56,0,2024-07-02 14:13:56,,,
2023-11-21,星期二,0,,7996,2023-11-21 00:00:00,1,0,2024-07-02 14:13:56,0,2024-07-02 14:13:56,,,
2023-11-22,星期三,0,,7997,2023-11-22 00:00:00,1,0,2024-07-02 14:13:56,0,2024-07-02 14:13:56,,,
2023-11-23,星期四,0,,7998,2023-11-23 00:00:00,1,0,2024-07-02 14:13:56,0,2024-07-02 14:13:56,,,
2023-11-24,星期五,0,,7999,2023-11-24 00:00:00,1,0,2024-07-02 14:13:56,0,2024-07-02 14:13:56,,,
2023-11-25,星期六,0,,8000,2023-11-25 00:00:00,1,0,2024-07-02 14:13:56,0,2024-07-02 14:13:56,,,
2023-11-26,星期天,0,,8001,2023-11-26 00:00:00,1,0,2024-07-02 14:13:56,0,2024-07-02 14:13:56,,,
2023-11-27,星期一,0,,8002,2023-11-27 00:00:00,1,0,2024-07-02 14:13:56,0,2024-07-02 14:13:56,,,
2023-11-28,星期二,0,,8003,2023-11-28 00:00:00,1,0,2024-07-02 14:13:56,0,2024-07-02 14:13:56,,,
2023-11-29,星期三,0,,8004,2023-11-29 00:00:00,1,0,2024-07-02 14:13:56,0,2024-07-02 14:13:56,,,
2023-11-30,星期四,0,,8005,2023-11-30 00:00:00,1,0,2024-07-02 14:13:56,0,2024-07-02 14:13:56,,,
2023-12-01,星期五,0,,8006,2023-12-01 00:00:00,1,0,2024-07-02 14:13:56,0,2024-07-02 14:13:56,,,
2023-12-02,星期六,0,,8007,2023-12-02 00:00:00,1,0,2024-07-02 14:13:56,0,2024-07-02 14:13:56,,,
2023-12-03,星期天,0,,8008,2023-12-03 00:00:00,1,0,2024-07-02 14:13:56,0,2024-07-02 14:13:56,,,
2023-12-04,星期一,0,,8009,2023-12-04 00:00:00,1,0,2024-07-02 14:13:56,0,2024-07-02 14:13:56,,,
2023-12-05,星期二,0,,8010,2023-12-05 00:00:00,1,0,2024-07-02 14:13:56,0,2024-07-02 14:13:56,,,
2023-12-06,星期三,0,,8011,2023-12-06 00:00:00,1,0,2024-07-02 14:13:56,0,2024-07-02 14:13:56,,,
2023-12-07,星期四,0,,8012,2023-12-07 00:00:00,1,0,2024-07-02 14:13:56,0,2024-07-02 14:13:56,,,
2023-12-08,星期五,0,,8013,2023-12-08 00:00:00,1,0,2024-07-02 14:13:56,0,2024-07-02 14:13:56,,,
2023-12-09,星期六,0,,8014,2023-12-09 00:00:00,1,0,2024-07-02 14:13:56,0,2024-07-02 14:13:56,,,
2023-12-10,星期天,0,,8015,2023-12-10 00:00:00,1,0,2024-07-02 14:13:56,0,2024-07-02 14:13:56,,,
2023-12-11,星期一,0,,8016,2023-12-11 00:00:00,1,0,2024-07-02 14:13:56,0,2024-07-02 14:13:56,,,
2023-12-12,星期二,0,,8017,2023-12-12 00:00:00,1,0,2024-07-02 14:13:56,0,2024-07-02 14:13:56,,,
2023-12-13,星期三,0,,8018,2023-12-13 00:00:00,1,0,2024-07-02 14:13:56,0,2024-07-02 14:13:56,,,
2023-12-14,星期四,0,,8019,2023-12-14 00:00:00,1,0,2024-07-02 14:13:56,0,2024-07-02 14:13:56,,,
2023-12-15,星期五,0,,8020,2023-12-15 00:00:00,1,0,2024-07-02 14:13:56,0,2024-07-02 14:13:56,,,
2023-12-16,星期六,0,,8021,2023-12-16 00:00:00,1,0,2024-07-02 14:13:56,0,2024-07-02 14:13:56,,,
2023-12-17,星期天,0,,8022,2023-12-17 00:00:00,1,0,2024-07-02 14:13:56,0,2024-07-02 14:13:56,,,
2023-12-18,星期一,0,,8023,2023-12-18 00:00:00,1,0,2024-07-02 14:13:56,0,2024-07-02 14:13:56,,,
2023-12-19,星期二,0,,8024,2023-12-19 00:00:00,1,0,2024-07-02 14:13:56,0,2024-07-02 14:13:56,,,
2023-12-20,星期三,0,,8025,2023-12-20 00:00:00,1,0,2024-07-02 14:13:56,0,2024-07-02 14:13:56,,,
2023-12-21,星期四,0,,8026,2023-12-21 00:00:00,1,0,2024-07-02 14:13:56,0,2024-07-02 14:13:56,,,
2023-12-22,星期五,0,,8027,2023-12-22 00:00:00,1,0,2024-07-02 14:13:56,0,2024-07-02 14:13:56,,,
2023-12-23,星期六,0,,8028,2023-12-23 00:00:00,1,0,2024-07-02 14:13:56,0,2024-07-02 14:13:56,,,
2023-12-24,星期天,0,,8029,2023-12-24 00:00:00,1,0,2024-07-02 14:13:56,0,2024-07-02 14:13:56,,,
2023-12-25,星期一,0,,8030,2023-12-25 00:00:00,1,0,2024-07-02 14:13:56,0,2024-07-02 14:13:56,,,
2023-12-26,星期二,0,,8031,2023-12-26 00:00:00,1,0,2024-07-02 14:13:56,0,2024-07-02 14:13:56,,,
2023-12-27,星期三,0,,8032,2023-12-27 00:00:00,1,0,2024-07-02 14:13:56,0,2024-07-02 14:13:56,,,
2023-12-28,星期四,0,,8033,2023-12-28 00:00:00,1,0,2024-07-02 14:13:56,0,2024-07-02 14:13:56,,,
2023-12-29,星期五,0,,8034,2023-12-29 00:00:00,1,0,2024-07-02 14:13:56,0,2024-07-02 14:13:56,,,
2023-12-30,星期六,1,元旦,8035,2023-12-30 00:00:00,1,0,2024-07-02 14:13:56,0,2024-07-02 14:13:56,,,
2023-12-31,星期天,1,元旦,8036,2023-12-31 00:00:00,1,0,2024-07-02 14:13:56,0,2024-07-02 14:13:56,,,
2022-01-01,星期六,1,元旦,8037,2022-01-01 00:00:00,1,0,2024-07-02 14:14:00,0,2024-07-02 14:14:00,,,
2022-01-02,星期天,1,元旦,8038,2022-01-02 00:00:00,1,0,2024-07-02 14:14:00,0,2024-07-02 14:14:00,,,
2022-01-03,星期一,1,元旦,8039,2022-01-03 00:00:00,1,0,2024-07-02 14:14:00,0,2024-07-02 14:14:00,,,
2022-01-04,星期二,0,,8040,2022-01-04 00:00:00,1,0,2024-07-02 14:14:00,0,2024-07-02 14:14:00,,,
2022-01-05,星期三,0,,8041,2022-01-05 00:00:00,1,0,2024-07-02 14:14:00,0,2024-07-02 14:14:00,,,
2022-01-06,星期四,0,,8042,2022-01-06 00:00:00,1,0,2024-07-02 14:14:00,0,2024-07-02 14:14:00,,,
2022-01-07,星期五,0,,8043,2022-01-07 00:00:00,1,0,2024-07-02 14:14:00,0,2024-07-02 14:14:00,,,
2022-01-08,星期六,0,,8044,2022-01-08 00:00:00,1,0,2024-07-02 14:14:00,0,2024-07-02 14:14:00,,,
2022-01-09,星期天,0,,8045,2022-01-09 00:00:00,1,0,2024-07-02 14:14:00,0,2024-07-02 14:14:00,,,
2022-01-10,星期一,0,,8046,2022-01-10 00:00:00,1,0,2024-07-02 14:14:00,0,2024-07-02 14:14:00,,,
2022-01-11,星期二,0,,8047,2022-01-11 00:00:00,1,0,2024-07-02 14:14:00,0,2024-07-02 14:14:00,,,
2022-01-12,星期三,0,,8048,2022-01-12 00:00:00,1,0,2024-07-02 14:14:00,0,2024-07-02 14:14:00,,,
2022-01-13,星期四,0,,8049,2022-01-13 00:00:00,1,0,2024-07-02 14:14:00,0,2024-07-02 14:14:00,,,
2022-01-14,星期五,0,,8050,2022-01-14 00:00:00,1,0,2024-07-02 14:14:00,0,2024-07-02 14:14:00,,,
2022-01-15,星期六,0,,8051,2022-01-15 00:00:00,1,0,2024-07-02 14:14:00,0,2024-07-02 14:14:00,,,
2022-01-16,星期天,0,,8052,2022-01-16 00:00:00,1,0,2024-07-02 14:14:00,0,2024-07-02 14:14:00,,,
2022-01-17,星期一,0,,8053,2022-01-17 00:00:00,1,0,2024-07-02 14:14:00,0,2024-07-02 14:14:00,,,
2022-01-18,星期二,0,,8054,2022-01-18 00:00:00,1,0,2024-07-02 14:14:00,0,2024-07-02 14:14:00,,,
2022-01-19,星期三,0,,8055,2022-01-19 00:00:00,1,0,2024-07-02 14:14:00,0,2024-07-02 14:14:00,,,
2022-01-20,星期四,0,,8056,2022-01-20 00:00:00,1,0,2024-07-02 14:14:00,0,2024-07-02 14:14:00,,,
2022-01-21,星期五,0,,8057,2022-01-21 00:00:00,1,0,2024-07-02 14:14:00,0,2024-07-02 14:14:00,,,
2022-01-22,星期六,0,,8058,2022-01-22 00:00:00,1,0,2024-07-02 14:14:00,0,2024-07-02 14:14:00,,,
2022-01-23,星期天,0,,8059,2022-01-23 00:00:00,1,0,2024-07-02 14:14:00,0,2024-07-02 14:14:00,,,
2022-01-24,星期一,0,,8060,2022-01-24 00:00:00,1,0,2024-07-02 14:14:00,0,2024-07-02 14:14:00,,,
2022-01-25,星期二,0,,8061,2022-01-25 00:00:00,1,0,2024-07-02 14:14:00,0,2024-07-02 14:14:00,,,
2022-01-26,星期三,0,,8062,2022-01-26 00:00:00,1,0,2024-07-02 14:14:00,0,2024-07-02 14:14:00,,,
2022-01-27,星期四,0,,8063,2022-01-27 00:00:00,1,0,2024-07-02 14:14:00,0,2024-07-02 14:14:00,,,
2022-01-28,星期五,0,,8064,2022-01-28 00:00:00,1,0,2024-07-02 14:14:00,0,2024-07-02 14:14:00,,,
2022-01-29,星期六,0,,8065,2022-01-29 00:00:00,1,0,2024-07-02 14:14:00,0,2024-07-02 14:14:00,,,
2022-01-30,星期天,0,,8066,2022-01-30 00:00:00,1,0,2024-07-02 14:14:00,0,2024-07-02 14:14:00,,,
2022-01-31,星期一,1,除夕,8067,2022-01-31 00:00:00,1,0,2024-07-02 14:14:00,0,2024-07-02 14:14:00,,,
2022-02-01,星期二,1,初一,8068,2022-02-01 00:00:00,1,0,2024-07-02 14:14:00,0,2024-07-02 14:14:00,,,
2022-02-02,星期三,1,初二,8069,2022-02-02 00:00:00,1,0,2024-07-02 14:14:00,0,2024-07-02 14:14:00,,,
2022-02-03,星期四,1,初三,8070,2022-02-03 00:00:00,1,0,2024-07-02 14:14:00,0,2024-07-02 14:14:00,,,
2022-02-04,星期五,1,初四,8071,2022-02-04 00:00:00,1,0,2024-07-02 14:14:00,0,2024-07-02 14:14:00,,,
2022-02-05,星期六,1,初五,8072,2022-02-05 00:00:00,1,0,2024-07-02 14:14:00,0,2024-07-02 14:14:00,,,
2022-02-06,星期天,1,初六,8073,2022-02-06 00:00:00,1,0,2024-07-02 14:14:00,0,2024-07-02 14:14:00,,,
2022-02-07,星期一,0,,8074,2022-02-07 00:00:00,1,0,2024-07-02 14:14:00,0,2024-07-02 14:14:00,,,
2022-02-08,星期二,0,,8075,2022-02-08 00:00:00,1,0,2024-07-02 14:14:00,0,2024-07-02 14:14:00,,,
2022-02-09,星期三,0,,8076,2022-02-09 00:00:00,1,0,2024-07-02 14:14:00,0,2024-07-02 14:14:00,,,
2022-02-10,星期四,0,,8077,2022-02-10 00:00:00,1,0,2024-07-02 14:14:00,0,2024-07-02 14:14:00,,,
2022-02-11,星期五,0,,8078,2022-02-11 00:00:00,1,0,2024-07-02 14:14:00,0,2024-07-02 14:14:00,,,
2022-02-12,星期六,0,,8079,2022-02-12 00:00:00,1,0,2024-07-02 14:14:00,0,2024-07-02 14:14:00,,,
2022-02-13,星期天,0,,8080,2022-02-13 00:00:00,1,0,2024-07-02 14:14:00,0,2024-07-02 14:14:00,,,
2022-02-14,星期一,0,,8081,2022-02-14 00:00:00,1,0,2024-07-02 14:14:00,0,2024-07-02 14:14:00,,,
2022-02-15,星期二,0,,8082,2022-02-15 00:00:00,1,0,2024-07-02 14:14:00,0,2024-07-02 14:14:00,,,
2022-02-16,星期三,0,,8083,2022-02-16 00:00:00,1,0,2024-07-02 14:14:00,0,2024-07-02 14:14:00,,,
2022-02-17,星期四,0,,8084,2022-02-17 00:00:00,1,0,2024-07-02 14:14:00,0,2024-07-02 14:14:00,,,
2022-02-18,星期五,0,,8085,2022-02-18 00:00:00,1,0,2024-07-02 14:14:00,0,2024-07-02 14:14:00,,,
2022-02-19,星期六,0,,8086,2022-02-19 00:00:00,1,0,2024-07-02 14:14:00,0,2024-07-02 14:14:00,,,
2022-02-20,星期天,0,,8087,2022-02-20 00:00:00,1,0,2024-07-02 14:14:00,0,2024-07-02 14:14:00,,,
2022-02-21,星期一,0,,8088,2022-02-21 00:00:00,1,0,2024-07-02 14:14:00,0,2024-07-02 14:14:00,,,
2022-02-22,星期二,0,,8089,2022-02-22 00:00:00,1,0,2024-07-02 14:14:00,0,2024-07-02 14:14:00,,,
2022-02-23,星期三,0,,8090,2022-02-23 00:00:00,1,0,2024-07-02 14:14:00,0,2024-07-02 14:14:00,,,
2022-02-24,星期四,0,,8091,2022-02-24 00:00:00,1,0,2024-07-02 14:14:00,0,2024-07-02 14:14:00,,,
2022-02-25,星期五,0,,8092,2022-02-25 00:00:00,1,0,2024-07-02 14:14:00,0,2024-07-02 14:14:00,,,
2022-02-26,星期六,0,,8093,2022-02-26 00:00:00,1,0,2024-07-02 14:14:00,0,2024-07-02 14:14:00,,,
2022-02-27,星期天,0,,8094,2022-02-27 00:00:00,1,0,2024-07-02 14:14:00,0,2024-07-02 14:14:00,,,
2022-02-28,星期一,0,,8095,2022-02-28 00:00:00,1,0,2024-07-02 14:14:00,0,2024-07-02 14:14:00,,,
2022-03-01,星期二,0,,8096,2022-03-01 00:00:00,1,0,2024-07-02 14:14:00,0,2024-07-02 14:14:00,,,
2022-03-02,星期三,0,,8097,2022-03-02 00:00:00,1,0,2024-07-02 14:14:00,0,2024-07-02 14:14:00,,,
2022-03-03,星期四,0,,8098,2022-03-03 00:00:00,1,0,2024-07-02 14:14:00,0,2024-07-02 14:14:00,,,
2022-03-04,星期五,0,,8099,2022-03-04 00:00:00,1,0,2024-07-02 14:14:00,0,2024-07-02 14:14:00,,,
2022-03-05,星期六,0,,8100,2022-03-05 00:00:00,1,0,2024-07-02 14:14:00,0,2024-07-02 14:14:00,,,
2022-03-06,星期天,0,,8101,2022-03-06 00:00:00,1,0,2024-07-02 14:14:00,0,2024-07-02 14:14:00,,,
2022-03-07,星期一,0,,8102,2022-03-07 00:00:00,1,0,2024-07-02 14:14:00,0,2024-07-02 14:14:00,,,
2022-03-08,星期二,0,,8103,2022-03-08 00:00:00,1,0,2024-07-02 14:14:00,0,2024-07-02 14:14:00,,,
2022-03-09,星期三,0,,8104,2022-03-09 00:00:00,1,0,2024-07-02 14:14:00,0,2024-07-02 14:14:00,,,
2022-03-10,星期四,0,,8105,2022-03-10 00:00:00,1,0,2024-07-02 14:14:00,0,2024-07-02 14:14:00,,,
2022-03-11,星期五,0,,8106,2022-03-11 00:00:00,1,0,2024-07-02 14:14:00,0,2024-07-02 14:14:00,,,
2022-03-12,星期六,0,,8107,2022-03-12 00:00:00,1,0,2024-07-02 14:14:00,0,2024-07-02 14:14:00,,,
2022-03-13,星期天,0,,8108,2022-03-13 00:00:00,1,0,2024-07-02 14:14:00,0,2024-07-02 14:14:00,,,
2022-03-14,星期一,0,,8109,2022-03-14 00:00:00,1,0,2024-07-02 14:14:00,0,2024-07-02 14:14:00,,,
2022-03-15,星期二,0,,8110,2022-03-15 00:00:00,1,0,2024-07-02 14:14:00,0,2024-07-02 14:14:00,,,
2022-03-16,星期三,0,,8111,2022-03-16 00:00:00,1,0,2024-07-02 14:14:00,0,2024-07-02 14:14:00,,,
2022-03-17,星期四,0,,8112,2022-03-17 00:00:00,1,0,2024-07-02 14:14:00,0,2024-07-02 14:14:00,,,
2022-03-18,星期五,0,,8113,2022-03-18 00:00:00,1,0,2024-07-02 14:14:00,0,2024-07-02 14:14:00,,,
2022-03-19,星期六,0,,8114,2022-03-19 00:00:00,1,0,2024-07-02 14:14:00,0,2024-07-02 14:14:00,,,
2022-03-20,星期天,0,,8115,2022-03-20 00:00:00,1,0,2024-07-02 14:14:00,0,2024-07-02 14:14:00,,,
2022-03-21,星期一,0,,8116,2022-03-21 00:00:00,1,0,2024-07-02 14:14:00,0,2024-07-02 14:14:00,,,
2022-03-22,星期二,0,,8117,2022-03-22 00:00:00,1,0,2024-07-02 14:14:00,0,2024-07-02 14:14:00,,,
2022-03-23,星期三,0,,8118,2022-03-23 00:00:00,1,0,2024-07-02 14:14:00,0,2024-07-02 14:14:00,,,
2022-03-24,星期四,0,,8119,2022-03-24 00:00:00,1,0,2024-07-02 14:14:00,0,2024-07-02 14:14:00,,,
2022-03-25,星期五,0,,8120,2022-03-25 00:00:00,1,0,2024-07-02 14:14:00,0,2024-07-02 14:14:00,,,
2022-03-26,星期六,0,,8121,2022-03-26 00:00:00,1,0,2024-07-02 14:14:00,0,2024-07-02 14:14:00,,,
2022-03-27,星期天,0,,8122,2022-03-27 00:00:00,1,0,2024-07-02 14:14:00,0,2024-07-02 14:14:00,,,
2022-03-28,星期一,0,,8123,2022-03-28 00:00:00,1,0,2024-07-02 14:14:00,0,2024-07-02 14:14:00,,,
2022-03-29,星期二,0,,8124,2022-03-29 00:00:00,1,0,2024-07-02 14:14:00,0,2024-07-02 14:14:00,,,
2022-03-30,星期三,0,,8125,2022-03-30 00:00:00,1,0,2024-07-02 14:14:00,0,2024-07-02 14:14:00,,,
2022-03-31,星期四,0,,8126,2022-03-31 00:00:00,1,0,2024-07-02 14:14:00,0,2024-07-02 14:14:00,,,
2022-04-01,星期五,0,,8127,2022-04-01 00:00:00,1,0,2024-07-02 14:14:00,0,2024-07-02 14:14:00,,,
2022-04-02,星期六,0,,8128,2022-04-02 00:00:00,1,0,2024-07-02 14:14:00,0,2024-07-02 14:14:00,,,
2022-04-03,星期天,1,清明节,8129,2022-04-03 00:00:00,1,0,2024-07-02 14:14:00,0,2024-07-02 14:14:00,,,
2022-04-04,星期一,1,清明节,8130,2022-04-04 00:00:00,1,0,2024-07-02 14:14:00,0,2024-07-02 14:14:00,,,
2022-04-05,星期二,1,清明节,8131,2022-04-05 00:00:00,1,0,2024-07-02 14:14:00,0,2024-07-02 14:14:00,,,
2022-04-06,星期三,0,,8132,2022-04-06 00:00:00,1,0,2024-07-02 14:14:00,0,2024-07-02 14:14:00,,,
2022-04-07,星期四,0,,8133,2022-04-07 00:00:00,1,0,2024-07-02 14:14:00,0,2024-07-02 14:14:00,,,
2022-04-08,星期五,0,,8134,2022-04-08 00:00:00,1,0,2024-07-02 14:14:00,0,2024-07-02 14:14:00,,,
2022-04-09,星期六,0,,8135,2022-04-09 00:00:00,1,0,2024-07-02 14:14:00,0,2024-07-02 14:14:00,,,
2022-04-10,星期天,0,,8136,2022-04-10 00:00:00,1,0,2024-07-02 14:14:00,0,2024-07-02 14:14:00,,,
2022-04-11,星期一,0,,8137,2022-04-11 00:00:00,1,0,2024-07-02 14:14:00,0,2024-07-02 14:14:00,,,
2022-04-12,星期二,0,,8138,2022-04-12 00:00:00,1,0,2024-07-02 14:14:00,0,2024-07-02 14:14:00,,,
2022-04-13,星期三,0,,8139,2022-04-13 00:00:00,1,0,2024-07-02 14:14:00,0,2024-07-02 14:14:00,,,
2022-04-14,星期四,0,,8140,2022-04-14 00:00:00,1,0,2024-07-02 14:14:00,0,2024-07-02 14:14:00,,,
2022-04-15,星期五,0,,8141,2022-04-15 00:00:00,1,0,2024-07-02 14:14:00,0,2024-07-02 14:14:00,,,
2022-04-16,星期六,0,,8142,2022-04-16 00:00:00,1,0,2024-07-02 14:14:00,0,2024-07-02 14:14:00,,,
2022-04-17,星期天,0,,8143,2022-04-17 00:00:00,1,0,2024-07-02 14:14:00,0,2024-07-02 14:14:00,,,
2022-04-18,星期一,0,,8144,2022-04-18 00:00:00,1,0,2024-07-02 14:14:00,0,2024-07-02 14:14:00,,,
2022-04-19,星期二,0,,8145,2022-04-19 00:00:00,1,0,2024-07-02 14:14:00,0,2024-07-02 14:14:00,,,
2022-04-20,星期三,0,,8146,2022-04-20 00:00:00,1,0,2024-07-02 14:14:00,0,2024-07-02 14:14:00,,,
2022-04-21,星期四,0,,8147,2022-04-21 00:00:00,1,0,2024-07-02 14:14:00,0,2024-07-02 14:14:00,,,
2022-04-22,星期五,0,,8148,2022-04-22 00:00:00,1,0,2024-07-02 14:14:00,0,2024-07-02 14:14:00,,,
2022-04-23,星期六,0,,8149,2022-04-23 00:00:00,1,0,2024-07-02 14:14:00,0,2024-07-02 14:14:00,,,
2022-04-24,星期天,0,,8150,2022-04-24 00:00:00,1,0,2024-07-02 14:14:00,0,2024-07-02 14:14:00,,,
2022-04-25,星期一,0,,8151,2022-04-25 00:00:00,1,0,2024-07-02 14:14:00,0,2024-07-02 14:14:00,,,
2022-04-26,星期二,0,,8152,2022-04-26 00:00:00,1,0,2024-07-02 14:14:00,0,2024-07-02 14:14:00,,,
2022-04-27,星期三,0,,8153,2022-04-27 00:00:00,1,0,2024-07-02 14:14:00,0,2024-07-02 14:14:00,,,
2022-04-28,星期四,0,,8154,2022-04-28 00:00:00,1,0,2024-07-02 14:14:00,0,2024-07-02 14:14:00,,,
2022-04-29,星期五,0,,8155,2022-04-29 00:00:00,1,0,2024-07-02 14:14:00,0,2024-07-02 14:14:00,,,
2022-04-30,星期六,1,劳动节,8156,2022-04-30 00:00:00,1,0,2024-07-02 14:14:00,0,2024-07-02 14:14:00,,,
2022-05-01,星期天,1,劳动节,8157,2022-05-01 00:00:00,1,0,2024-07-02 14:14:00,0,2024-07-02 14:14:00,,,
2022-05-02,星期一,1,劳动节,8158,2022-05-02 00:00:00,1,0,2024-07-02 14:14:00,0,2024-07-02 14:14:00,,,
2022-05-03,星期二,1,劳动节,8159,2022-05-03 00:00:00,1,0,2024-07-02 14:14:00,0,2024-07-02 14:14:00,,,
2022-05-04,星期三,1,劳动节,8160,2022-05-04 00:00:00,1,0,2024-07-02 14:14:00,0,2024-07-02 14:14:00,,,
2022-05-05,星期四,0,,8161,2022-05-05 00:00:00,1,0,2024-07-02 14:14:00,0,2024-07-02 14:14:00,,,
2022-05-06,星期五,0,,8162,2022-05-06 00:00:00,1,0,2024-07-02 14:14:00,0,2024-07-02 14:14:00,,,
2022-05-07,星期六,0,,8163,2022-05-07 00:00:00,1,0,2024-07-02 14:14:00,0,2024-07-02 14:14:00,,,
2022-05-08,星期天,0,,8164,2022-05-08 00:00:00,1,0,2024-07-02 14:14:00,0,2024-07-02 14:14:00,,,
2022-05-09,星期一,0,,8165,2022-05-09 00:00:00,1,0,2024-07-02 14:14:00,0,2024-07-02 14:14:00,,,
2022-05-10,星期二,0,,8166,2022-05-10 00:00:00,1,0,2024-07-02 14:14:00,0,2024-07-02 14:14:00,,,
2022-05-11,星期三,0,,8167,2022-05-11 00:00:00,1,0,2024-07-02 14:14:00,0,2024-07-02 14:14:00,,,
2022-05-12,星期四,0,,8168,2022-05-12 00:00:00,1,0,2024-07-02 14:14:00,0,2024-07-02 14:14:00,,,
2022-05-13,星期五,0,,8169,2022-05-13 00:00:00,1,0,2024-07-02 14:14:00,0,2024-07-02 14:14:00,,,
2022-05-14,星期六,0,,8170,2022-05-14 00:00:00,1,0,2024-07-02 14:14:00,0,2024-07-02 14:14:00,,,
2022-05-15,星期天,0,,8171,2022-05-15 00:00:00,1,0,2024-07-02 14:14:00,0,2024-07-02 14:14:00,,,
2022-05-16,星期一,0,,8172,2022-05-16 00:00:00,1,0,2024-07-02 14:14:00,0,2024-07-02 14:14:00,,,
2022-05-17,星期二,0,,8173,2022-05-17 00:00:00,1,0,2024-07-02 14:14:00,0,2024-07-02 14:14:00,,,
2022-05-18,星期三,0,,8174,2022-05-18 00:00:00,1,0,2024-07-02 14:14:00,0,2024-07-02 14:14:00,,,
2022-05-19,星期四,0,,8175,2022-05-19 00:00:00,1,0,2024-07-02 14:14:00,0,2024-07-02 14:14:00,,,
2022-05-20,星期五,0,,8176,2022-05-20 00:00:00,1,0,2024-07-02 14:14:00,0,2024-07-02 14:14:00,,,
2022-05-21,星期六,0,,8177,2022-05-21 00:00:00,1,0,2024-07-02 14:14:00,0,2024-07-02 14:14:00,,,
2022-05-22,星期天,0,,8178,2022-05-22 00:00:00,1,0,2024-07-02 14:14:00,0,2024-07-02 14:14:00,,,
2022-05-23,星期一,0,,8179,2022-05-23 00:00:00,1,0,2024-07-02 14:14:00,0,2024-07-02 14:14:00,,,
2022-05-24,星期二,0,,8180,2022-05-24 00:00:00,1,0,2024-07-02 14:14:00,0,2024-07-02 14:14:00,,,
2022-05-25,星期三,0,,8181,2022-05-25 00:00:00,1,0,2024-07-02 14:14:00,0,2024-07-02 14:14:00,,,
2022-05-26,星期四,0,,8182,2022-05-26 00:00:00,1,0,2024-07-02 14:14:00,0,2024-07-02 14:14:00,,,
2022-05-27,星期五,0,,8183,2022-05-27 00:00:00,1,0,2024-07-02 14:14:00,0,2024-07-02 14:14:00,,,
2022-05-28,星期六,0,,8184,2022-05-28 00:00:00,1,0,2024-07-02 14:14:00,0,2024-07-02 14:14:00,,,
2022-05-29,星期天,0,,8185,2022-05-29 00:00:00,1,0,2024-07-02 14:14:00,0,2024-07-02 14:14:00,,,
2022-05-30,星期一,0,,8186,2022-05-30 00:00:00,1,0,2024-07-02 14:14:00,0,2024-07-02 14:14:00,,,
2022-05-31,星期二,0,,8187,2022-05-31 00:00:00,1,0,2024-07-02 14:14:00,0,2024-07-02 14:14:00,,,
2022-06-01,星期三,0,,8188,2022-06-01 00:00:00,1,0,2024-07-02 14:14:00,0,2024-07-02 14:14:00,,,
2022-06-02,星期四,0,,8189,2022-06-02 00:00:00,1,0,2024-07-02 14:14:00,0,2024-07-02 14:14:00,,,
2022-06-03,星期五,1,端午节,8190,2022-06-03 00:00:00,1,0,2024-07-02 14:14:00,0,2024-07-02 14:14:00,,,
2022-06-04,星期六,1,端午节,8191,2022-06-04 00:00:00,1,0,2024-07-02 14:14:00,0,2024-07-02 14:14:00,,,
2022-06-05,星期天,1,端午节,8192,2022-06-05 00:00:00,1,0,2024-07-02 14:14:00,0,2024-07-02 14:14:00,,,
2022-06-06,星期一,0,,8193,2022-06-06 00:00:00,1,0,2024-07-02 14:14:00,0,2024-07-02 14:14:00,,,
2022-06-07,星期二,0,,8194,2022-06-07 00:00:00,1,0,2024-07-02 14:14:00,0,2024-07-02 14:14:00,,,
2022-06-08,星期三,0,,8195,2022-06-08 00:00:00,1,0,2024-07-02 14:14:00,0,2024-07-02 14:14:00,,,
2022-06-09,星期四,0,,8196,2022-06-09 00:00:00,1,0,2024-07-02 14:14:00,0,2024-07-02 14:14:00,,,
2022-06-10,星期五,0,,8197,2022-06-10 00:00:00,1,0,2024-07-02 14:14:00,0,2024-07-02 14:14:00,,,
2022-06-11,星期六,0,,8198,2022-06-11 00:00:00,1,0,2024-07-02 14:14:00,0,2024-07-02 14:14:00,,,
2022-06-12,星期天,0,,8199,2022-06-12 00:00:00,1,0,2024-07-02 14:14:00,0,2024-07-02 14:14:00,,,
2022-06-13,星期一,0,,8200,2022-06-13 00:00:00,1,0,2024-07-02 14:14:00,0,2024-07-02 14:14:00,,,
2022-06-14,星期二,0,,8201,2022-06-14 00:00:00,1,0,2024-07-02 14:14:00,0,2024-07-02 14:14:00,,,
2022-06-15,星期三,0,,8202,2022-06-15 00:00:00,1,0,2024-07-02 14:14:00,0,2024-07-02 14:14:00,,,
2022-06-16,星期四,0,,8203,2022-06-16 00:00:00,1,0,2024-07-02 14:14:00,0,2024-07-02 14:14:00,,,
2022-06-17,星期五,0,,8204,2022-06-17 00:00:00,1,0,2024-07-02 14:14:00,0,2024-07-02 14:14:00,,,
2022-06-18,星期六,0,,8205,2022-06-18 00:00:00,1,0,2024-07-02 14:14:00,0,2024-07-02 14:14:00,,,
2022-06-19,星期天,0,,8206,2022-06-19 00:00:00,1,0,2024-07-02 14:14:00,0,2024-07-02 14:14:00,,,
2022-06-20,星期一,0,,8207,2022-06-20 00:00:00,1,0,2024-07-02 14:14:00,0,2024-07-02 14:14:00,,,
2022-06-21,星期二,0,,8208,2022-06-21 00:00:00,1,0,2024-07-02 14:14:00,0,2024-07-02 14:14:00,,,
2022-06-22,星期三,0,,8209,2022-06-22 00:00:00,1,0,2024-07-02 14:14:00,0,2024-07-02 14:14:00,,,
2022-06-23,星期四,0,,8210,2022-06-23 00:00:00,1,0,2024-07-02 14:14:00,0,2024-07-02 14:14:00,,,
2022-06-24,星期五,0,,8211,2022-06-24 00:00:00,1,0,2024-07-02 14:14:00,0,2024-07-02 14:14:00,,,
2022-06-25,星期六,0,,8212,2022-06-25 00:00:00,1,0,2024-07-02 14:14:00,0,2024-07-02 14:14:00,,,
2022-06-26,星期天,0,,8213,2022-06-26 00:00:00,1,0,2024-07-02 14:14:00,0,2024-07-02 14:14:00,,,
2022-06-27,星期一,0,,8214,2022-06-27 00:00:00,1,0,2024-07-02 14:14:00,0,2024-07-02 14:14:00,,,
2022-06-28,星期二,0,,8215,2022-06-28 00:00:00,1,0,2024-07-02 14:14:00,0,2024-07-02 14:14:00,,,
2022-06-29,星期三,0,,8216,2022-06-29 00:00:00,1,0,2024-07-02 14:14:00,0,2024-07-02 14:14:00,,,
2022-06-30,星期四,0,,8217,2022-06-30 00:00:00,1,0,2024-07-02 14:14:00,0,2024-07-02 14:14:00,,,
2022-07-01,星期五,0,,8218,2022-07-01 00:00:00,1,0,2024-07-02 14:14:00,0,2024-07-02 14:14:00,,,
2022-07-02,星期六,0,,8219,2022-07-02 00:00:00,1,0,2024-07-02 14:14:00,0,2024-07-02 14:14:00,,,
2022-07-03,星期天,0,,8220,2022-07-03 00:00:00,1,0,2024-07-02 14:14:00,0,2024-07-02 14:14:00,,,
2022-07-04,星期一,0,,8221,2022-07-04 00:00:00,1,0,2024-07-02 14:14:00,0,2024-07-02 14:14:00,,,
2022-07-05,星期二,0,,8222,2022-07-05 00:00:00,1,0,2024-07-02 14:14:00,0,2024-07-02 14:14:00,,,
2022-07-06,星期三,0,,8223,2022-07-06 00:00:00,1,0,2024-07-02 14:14:00,0,2024-07-02 14:14:00,,,
2022-07-07,星期四,0,,8224,2022-07-07 00:00:00,1,0,2024-07-02 14:14:00,0,2024-07-02 14:14:00,,,
2022-07-08,星期五,0,,8225,2022-07-08 00:00:00,1,0,2024-07-02 14:14:00,0,2024-07-02 14:14:00,,,
2022-07-09,星期六,0,,8226,2022-07-09 00:00:00,1,0,2024-07-02 14:14:00,0,2024-07-02 14:14:00,,,
2022-07-10,星期天,0,,8227,2022-07-10 00:00:00,1,0,2024-07-02 14:14:00,0,2024-07-02 14:14:00,,,
2022-07-11,星期一,0,,8228,2022-07-11 00:00:00,1,0,2024-07-02 14:14:00,0,2024-07-02 14:14:00,,,
2022-07-12,星期二,0,,8229,2022-07-12 00:00:00,1,0,2024-07-02 14:14:00,0,2024-07-02 14:14:00,,,
2022-07-13,星期三,0,,8230,2022-07-13 00:00:00,1,0,2024-07-02 14:14:00,0,2024-07-02 14:14:00,,,
2022-07-14,星期四,0,,8231,2022-07-14 00:00:00,1,0,2024-07-02 14:14:00,0,2024-07-02 14:14:00,,,
2022-07-15,星期五,0,,8232,2022-07-15 00:00:00,1,0,2024-07-02 14:14:00,0,2024-07-02 14:14:00,,,
2022-07-16,星期六,0,,8233,2022-07-16 00:00:00,1,0,2024-07-02 14:14:00,0,2024-07-02 14:14:00,,,
2022-07-17,星期天,0,,8234,2022-07-17 00:00:00,1,0,2024-07-02 14:14:00,0,2024-07-02 14:14:00,,,
2022-07-18,星期一,0,,8235,2022-07-18 00:00:00,1,0,2024-07-02 14:14:00,0,2024-07-02 14:14:00,,,
2022-07-19,星期二,0,,8236,2022-07-19 00:00:00,1,0,2024-07-02 14:14:00,0,2024-07-02 14:14:00,,,
2022-07-20,星期三,0,,8237,2022-07-20 00:00:00,1,0,2024-07-02 14:14:00,0,2024-07-02 14:14:00,,,
2022-07-21,星期四,0,,8238,2022-07-21 00:00:00,1,0,2024-07-02 14:14:00,0,2024-07-02 14:14:00,,,
2022-07-22,星期五,0,,8239,2022-07-22 00:00:00,1,0,2024-07-02 14:14:00,0,2024-07-02 14:14:00,,,
2022-07-23,星期六,0,,8240,2022-07-23 00:00:00,1,0,2024-07-02 14:14:00,0,2024-07-02 14:14:00,,,
2022-07-24,星期天,0,,8241,2022-07-24 00:00:00,1,0,2024-07-02 14:14:00,0,2024-07-02 14:14:00,,,
2022-07-25,星期一,0,,8242,2022-07-25 00:00:00,1,0,2024-07-02 14:14:00,0,2024-07-02 14:14:00,,,
2022-07-26,星期二,0,,8243,2022-07-26 00:00:00,1,0,2024-07-02 14:14:00,0,2024-07-02 14:14:00,,,
2022-07-27,星期三,0,,8244,2022-07-27 00:00:00,1,0,2024-07-02 14:14:00,0,2024-07-02 14:14:00,,,
2022-07-28,星期四,0,,8245,2022-07-28 00:00:00,1,0,2024-07-02 14:14:00,0,2024-07-02 14:14:00,,,
2022-07-29,星期五,0,,8246,2022-07-29 00:00:00,1,0,2024-07-02 14:14:00,0,2024-07-02 14:14:00,,,
2022-07-30,星期六,0,,8247,2022-07-30 00:00:00,1,0,2024-07-02 14:14:00,0,2024-07-02 14:14:00,,,
2022-07-31,星期天,0,,8248,2022-07-31 00:00:00,1,0,2024-07-02 14:14:00,0,2024-07-02 14:14:00,,,
2022-08-01,星期一,0,,8249,2022-08-01 00:00:00,1,0,2024-07-02 14:14:00,0,2024-07-02 14:14:00,,,
2022-08-02,星期二,0,,8250,2022-08-02 00:00:00,1,0,2024-07-02 14:14:00,0,2024-07-02 14:14:00,,,
2022-08-03,星期三,0,,8251,2022-08-03 00:00:00,1,0,2024-07-02 14:14:00,0,2024-07-02 14:14:00,,,
2022-08-04,星期四,0,,8252,2022-08-04 00:00:00,1,0,2024-07-02 14:14:00,0,2024-07-02 14:14:00,,,
2022-08-05,星期五,0,,8253,2022-08-05 00:00:00,1,0,2024-07-02 14:14:00,0,2024-07-02 14:14:00,,,
2022-08-06,星期六,0,,8254,2022-08-06 00:00:00,1,0,2024-07-02 14:14:00,0,2024-07-02 14:14:00,,,
2022-08-07,星期天,0,,8255,2022-08-07 00:00:00,1,0,2024-07-02 14:14:00,0,2024-07-02 14:14:00,,,
2022-08-08,星期一,0,,8256,2022-08-08 00:00:00,1,0,2024-07-02 14:14:00,0,2024-07-02 14:14:00,,,
2022-08-09,星期二,0,,8257,2022-08-09 00:00:00,1,0,2024-07-02 14:14:00,0,2024-07-02 14:14:00,,,
2022-08-10,星期三,0,,8258,2022-08-10 00:00:00,1,0,2024-07-02 14:14:00,0,2024-07-02 14:14:00,,,
2022-08-11,星期四,0,,8259,2022-08-11 00:00:00,1,0,2024-07-02 14:14:00,0,2024-07-02 14:14:00,,,
2022-08-12,星期五,0,,8260,2022-08-12 00:00:00,1,0,2024-07-02 14:14:00,0,2024-07-02 14:14:00,,,
2022-08-13,星期六,0,,8261,2022-08-13 00:00:00,1,0,2024-07-02 14:14:00,0,2024-07-02 14:14:00,,,
2022-08-14,星期天,0,,8262,2022-08-14 00:00:00,1,0,2024-07-02 14:14:00,0,2024-07-02 14:14:00,,,
2022-08-15,星期一,0,,8263,2022-08-15 00:00:00,1,0,2024-07-02 14:14:00,0,2024-07-02 14:14:00,,,
2022-08-16,星期二,0,,8264,2022-08-16 00:00:00,1,0,2024-07-02 14:14:00,0,2024-07-02 14:14:00,,,
2022-08-17,星期三,0,,8265,2022-08-17 00:00:00,1,0,2024-07-02 14:14:00,0,2024-07-02 14:14:00,,,
2022-08-18,星期四,0,,8266,2022-08-18 00:00:00,1,0,2024-07-02 14:14:00,0,2024-07-02 14:14:00,,,
2022-08-19,星期五,0,,8267,2022-08-19 00:00:00,1,0,2024-07-02 14:14:00,0,2024-07-02 14:14:00,,,
2022-08-20,星期六,0,,8268,2022-08-20 00:00:00,1,0,2024-07-02 14:14:00,0,2024-07-02 14:14:00,,,
2022-08-21,星期天,0,,8269,2022-08-21 00:00:00,1,0,2024-07-02 14:14:00,0,2024-07-02 14:14:00,,,
2022-08-22,星期一,0,,8270,2022-08-22 00:00:00,1,0,2024-07-02 14:14:00,0,2024-07-02 14:14:00,,,
2022-08-23,星期二,0,,8271,2022-08-23 00:00:00,1,0,2024-07-02 14:14:00,0,2024-07-02 14:14:00,,,
2022-08-24,星期三,0,,8272,2022-08-24 00:00:00,1,0,2024-07-02 14:14:00,0,2024-07-02 14:14:00,,,
2022-08-25,星期四,0,,8273,2022-08-25 00:00:00,1,0,2024-07-02 14:14:00,0,2024-07-02 14:14:00,,,
2022-08-26,星期五,0,,8274,2022-08-26 00:00:00,1,0,2024-07-02 14:14:00,0,2024-07-02 14:14:00,,,
2022-08-27,星期六,0,,8275,2022-08-27 00:00:00,1,0,2024-07-02 14:14:00,0,2024-07-02 14:14:00,,,
2022-08-28,星期天,0,,8276,2022-08-28 00:00:00,1,0,2024-07-02 14:14:00,0,2024-07-02 14:14:00,,,
2022-08-29,星期一,0,,8277,2022-08-29 00:00:00,1,0,2024-07-02 14:14:00,0,2024-07-02 14:14:00,,,
2022-08-30,星期二,0,,8278,2022-08-30 00:00:00,1,0,2024-07-02 14:14:00,0,2024-07-02 14:14:00,,,
2022-08-31,星期三,0,,8279,2022-08-31 00:00:00,1,0,2024-07-02 14:14:00,0,2024-07-02 14:14:00,,,
2022-09-01,星期四,0,,8280,2022-09-01 00:00:00,1,0,2024-07-02 14:14:00,0,2024-07-02 14:14:00,,,
2022-09-02,星期五,0,,8281,2022-09-02 00:00:00,1,0,2024-07-02 14:14:00,0,2024-07-02 14:14:00,,,
2022-09-03,星期六,0,,8282,2022-09-03 00:00:00,1,0,2024-07-02 14:14:00,0,2024-07-02 14:14:00,,,
2022-09-04,星期天,0,,8283,2022-09-04 00:00:00,1,0,2024-07-02 14:14:00,0,2024-07-02 14:14:00,,,
2022-09-05,星期一,0,,8284,2022-09-05 00:00:00,1,0,2024-07-02 14:14:00,0,2024-07-02 14:14:00,,,
2022-09-06,星期二,0,,8285,2022-09-06 00:00:00,1,0,2024-07-02 14:14:00,0,2024-07-02 14:14:00,,,
2022-09-07,星期三,0,,8286,2022-09-07 00:00:00,1,0,2024-07-02 14:14:00,0,2024-07-02 14:14:00,,,
2022-09-08,星期四,0,,8287,2022-09-08 00:00:00,1,0,2024-07-02 14:14:00,0,2024-07-02 14:14:00,,,
2022-09-09,星期五,0,,8288,2022-09-09 00:00:00,1,0,2024-07-02 14:14:00,0,2024-07-02 14:14:00,,,
2022-09-10,星期六,1,中秋节,8289,2022-09-10 00:00:00,1,0,2024-07-02 14:14:00,0,2024-07-02 14:14:00,,,
2022-09-11,星期天,1,中秋节,8290,2022-09-11 00:00:00,1,0,2024-07-02 14:14:00,0,2024-07-02 14:14:00,,,
2022-09-12,星期一,1,中秋节,8291,2022-09-12 00:00:00,1,0,2024-07-02 14:14:00,0,2024-07-02 14:14:00,,,
2022-09-13,星期二,0,,8292,2022-09-13 00:00:00,1,0,2024-07-02 14:14:00,0,2024-07-02 14:14:00,,,
2022-09-14,星期三,0,,8293,2022-09-14 00:00:00,1,0,2024-07-02 14:14:00,0,2024-07-02 14:14:00,,,
2022-09-15,星期四,0,,8294,2022-09-15 00:00:00,1,0,2024-07-02 14:14:00,0,2024-07-02 14:14:00,,,
2022-09-16,星期五,0,,8295,2022-09-16 00:00:00,1,0,2024-07-02 14:14:00,0,2024-07-02 14:14:00,,,
2022-09-17,星期六,0,,8296,2022-09-17 00:00:00,1,0,2024-07-02 14:14:00,0,2024-07-02 14:14:00,,,
2022-09-18,星期天,0,,8297,2022-09-18 00:00:00,1,0,2024-07-02 14:14:00,0,2024-07-02 14:14:00,,,
2022-09-19,星期一,0,,8298,2022-09-19 00:00:00,1,0,2024-07-02 14:14:00,0,2024-07-02 14:14:00,,,
2022-09-20,星期二,0,,8299,2022-09-20 00:00:00,1,0,2024-07-02 14:14:00,0,2024-07-02 14:14:00,,,
2022-09-21,星期三,0,,8300,2022-09-21 00:00:00,1,0,2024-07-02 14:14:00,0,2024-07-02 14:14:00,,,
2022-09-22,星期四,0,,8301,2022-09-22 00:00:00,1,0,2024-07-02 14:14:00,0,2024-07-02 14:14:00,,,
2022-09-23,星期五,0,,8302,2022-09-23 00:00:00,1,0,2024-07-02 14:14:00,0,2024-07-02 14:14:00,,,
2022-09-24,星期六,0,,8303,2022-09-24 00:00:00,1,0,2024-07-02 14:14:00,0,2024-07-02 14:14:00,,,
2022-09-25,星期天,0,,8304,2022-09-25 00:00:00,1,0,2024-07-02 14:14:00,0,2024-07-02 14:14:00,,,
2022-09-26,星期一,0,,8305,2022-09-26 00:00:00,1,0,2024-07-02 14:14:00,0,2024-07-02 14:14:00,,,
2022-09-27,星期二,0,,8306,2022-09-27 00:00:00,1,0,2024-07-02 14:14:00,0,2024-07-02 14:14:00,,,
2022-09-28,星期三,0,,8307,2022-09-28 00:00:00,1,0,2024-07-02 14:14:00,0,2024-07-02 14:14:00,,,
2022-09-29,星期四,0,,8308,2022-09-29 00:00:00,1,0,2024-07-02 14:14:00,0,2024-07-02 14:14:00,,,
2022-09-30,星期五,0,,8309,2022-09-30 00:00:00,1,0,2024-07-02 14:14:00,0,2024-07-02 14:14:00,,,
2022-10-01,星期六,1,国庆节,8310,2022-10-01 00:00:00,1,0,2024-07-02 14:14:00,0,2024-07-02 14:14:00,,,
2022-10-02,星期天,1,国庆节,8311,2022-10-02 00:00:00,1,0,2024-07-02 14:14:00,0,2024-07-02 14:14:00,,,
2022-10-03,星期一,1,国庆节,8312,2022-10-03 00:00:00,1,0,2024-07-02 14:14:00,0,2024-07-02 14:14:00,,,
2022-10-04,星期二,1,国庆节,8313,2022-10-04 00:00:00,1,0,2024-07-02 14:14:00,0,2024-07-02 14:14:00,,,
2022-10-05,星期三,1,国庆节,8314,2022-10-05 00:00:00,1,0,2024-07-02 14:14:00,0,2024-07-02 14:14:00,,,
2022-10-06,星期四,1,国庆节,8315,2022-10-06 00:00:00,1,0,2024-07-02 14:14:00,0,2024-07-02 14:14:00,,,
2022-10-07,星期五,1,国庆节,8316,2022-10-07 00:00:00,1,0,2024-07-02 14:14:00,0,2024-07-02 14:14:00,,,
2022-10-08,星期六,0,,8317,2022-10-08 00:00:00,1,0,2024-07-02 14:14:00,0,2024-07-02 14:14:00,,,
2022-10-09,星期天,0,,8318,2022-10-09 00:00:00,1,0,2024-07-02 14:14:00,0,2024-07-02 14:14:00,,,
2022-10-10,星期一,0,,8319,2022-10-10 00:00:00,1,0,2024-07-02 14:14:00,0,2024-07-02 14:14:00,,,
2022-10-11,星期二,0,,8320,2022-10-11 00:00:00,1,0,2024-07-02 14:14:00,0,2024-07-02 14:14:00,,,
2022-10-12,星期三,0,,8321,2022-10-12 00:00:00,1,0,2024-07-02 14:14:00,0,2024-07-02 14:14:00,,,
2022-10-13,星期四,0,,8322,2022-10-13 00:00:00,1,0,2024-07-02 14:14:00,0,2024-07-02 14:14:00,,,
2022-10-14,星期五,0,,8323,2022-10-14 00:00:00,1,0,2024-07-02 14:14:00,0,2024-07-02 14:14:00,,,
2022-10-15,星期六,0,,8324,2022-10-15 00:00:00,1,0,2024-07-02 14:14:00,0,2024-07-02 14:14:00,,,
2022-10-16,星期天,0,,8325,2022-10-16 00:00:00,1,0,2024-07-02 14:14:00,0,2024-07-02 14:14:00,,,
2022-10-17,星期一,0,,8326,2022-10-17 00:00:00,1,0,2024-07-02 14:14:00,0,2024-07-02 14:14:00,,,
2022-10-18,星期二,0,,8327,2022-10-18 00:00:00,1,0,2024-07-02 14:14:00,0,2024-07-02 14:14:00,,,
2022-10-19,星期三,0,,8328,2022-10-19 00:00:00,1,0,2024-07-02 14:14:00,0,2024-07-02 14:14:00,,,
2022-10-20,星期四,0,,8329,2022-10-20 00:00:00,1,0,2024-07-02 14:14:00,0,2024-07-02 14:14:00,,,
2022-10-21,星期五,0,,8330,2022-10-21 00:00:00,1,0,2024-07-02 14:14:00,0,2024-07-02 14:14:00,,,
2022-10-22,星期六,0,,8331,2022-10-22 00:00:00,1,0,2024-07-02 14:14:00,0,2024-07-02 14:14:00,,,
2022-10-23,星期天,0,,8332,2022-10-23 00:00:00,1,0,2024-07-02 14:14:00,0,2024-07-02 14:14:00,,,
2022-10-24,星期一,0,,8333,2022-10-24 00:00:00,1,0,2024-07-02 14:14:00,0,2024-07-02 14:14:00,,,
2022-10-25,星期二,0,,8334,2022-10-25 00:00:00,1,0,2024-07-02 14:14:00,0,2024-07-02 14:14:00,,,
2022-10-26,星期三,0,,8335,2022-10-26 00:00:00,1,0,2024-07-02 14:14:00,0,2024-07-02 14:14:00,,,
2022-10-27,星期四,0,,8336,2022-10-27 00:00:00,1,0,2024-07-02 14:14:00,0,2024-07-02 14:14:00,,,
2022-10-28,星期五,0,,8337,2022-10-28 00:00:00,1,0,2024-07-02 14:14:00,0,2024-07-02 14:14:00,,,
2022-10-29,星期六,0,,8338,2022-10-29 00:00:00,1,0,2024-07-02 14:14:00,0,2024-07-02 14:14:00,,,
2022-10-30,星期天,0,,8339,2022-10-30 00:00:00,1,0,2024-07-02 14:14:00,0,2024-07-02 14:14:00,,,
2022-10-31,星期一,0,,8340,2022-10-31 00:00:00,1,0,2024-07-02 14:14:00,0,2024-07-02 14:14:00,,,
2022-11-01,星期二,0,,8341,2022-11-01 00:00:00,1,0,2024-07-02 14:14:00,0,2024-07-02 14:14:00,,,
2022-11-02,星期三,0,,8342,2022-11-02 00:00:00,1,0,2024-07-02 14:14:00,0,2024-07-02 14:14:00,,,
2022-11-03,星期四,0,,8343,2022-11-03 00:00:00,1,0,2024-07-02 14:14:00,0,2024-07-02 14:14:00,,,
2022-11-04,星期五,0,,8344,2022-11-04 00:00:00,1,0,2024-07-02 14:14:00,0,2024-07-02 14:14:00,,,
2022-11-05,星期六,0,,8345,2022-11-05 00:00:00,1,0,2024-07-02 14:14:00,0,2024-07-02 14:14:00,,,
2022-11-06,星期天,0,,8346,2022-11-06 00:00:00,1,0,2024-07-02 14:14:00,0,2024-07-02 14:14:00,,,
2022-11-07,星期一,0,,8347,2022-11-07 00:00:00,1,0,2024-07-02 14:14:00,0,2024-07-02 14:14:00,,,
2022-11-08,星期二,0,,8348,2022-11-08 00:00:00,1,0,2024-07-02 14:14:00,0,2024-07-02 14:14:00,,,
2022-11-09,星期三,0,,8349,2022-11-09 00:00:00,1,0,2024-07-02 14:14:00,0,2024-07-02 14:14:00,,,
2022-11-10,星期四,0,,8350,2022-11-10 00:00:00,1,0,2024-07-02 14:14:00,0,2024-07-02 14:14:00,,,
2022-11-11,星期五,0,,8351,2022-11-11 00:00:00,1,0,2024-07-02 14:14:00,0,2024-07-02 14:14:00,,,
2022-11-12,星期六,0,,8352,2022-11-12 00:00:00,1,0,2024-07-02 14:14:00,0,2024-07-02 14:14:00,,,
2022-11-13,星期天,0,,8353,2022-11-13 00:00:00,1,0,2024-07-02 14:14:00,0,2024-07-02 14:14:00,,,
2022-11-14,星期一,0,,8354,2022-11-14 00:00:00,1,0,2024-07-02 14:14:00,0,2024-07-02 14:14:00,,,
2022-11-15,星期二,0,,8355,2022-11-15 00:00:00,1,0,2024-07-02 14:14:00,0,2024-07-02 14:14:00,,,
2022-11-16,星期三,0,,8356,2022-11-16 00:00:00,1,0,2024-07-02 14:14:00,0,2024-07-02 14:14:00,,,
2022-11-17,星期四,0,,8357,2022-11-17 00:00:00,1,0,2024-07-02 14:14:00,0,2024-07-02 14:14:00,,,
2022-11-18,星期五,0,,8358,2022-11-18 00:00:00,1,0,2024-07-02 14:14:00,0,2024-07-02 14:14:00,,,
2022-11-19,星期六,0,,8359,2022-11-19 00:00:00,1,0,2024-07-02 14:14:00,0,2024-07-02 14:14:00,,,
2022-11-20,星期天,0,,8360,2022-11-20 00:00:00,1,0,2024-07-02 14:14:00,0,2024-07-02 14:14:00,,,
2022-11-21,星期一,0,,8361,2022-11-21 00:00:00,1,0,2024-07-02 14:14:00,0,2024-07-02 14:14:00,,,
2022-11-22,星期二,0,,8362,2022-11-22 00:00:00,1,0,2024-07-02 14:14:00,0,2024-07-02 14:14:00,,,
2022-11-23,星期三,0,,8363,2022-11-23 00:00:00,1,0,2024-07-02 14:14:00,0,2024-07-02 14:14:00,,,
2022-11-24,星期四,0,,8364,2022-11-24 00:00:00,1,0,2024-07-02 14:14:00,0,2024-07-02 14:14:00,,,
2022-11-25,星期五,0,,8365,2022-11-25 00:00:00,1,0,2024-07-02 14:14:00,0,2024-07-02 14:14:00,,,
2022-11-26,星期六,0,,8366,2022-11-26 00:00:00,1,0,2024-07-02 14:14:00,0,2024-07-02 14:14:00,,,
2022-11-27,星期天,0,,8367,2022-11-27 00:00:00,1,0,2024-07-02 14:14:00,0,2024-07-02 14:14:00,,,
2022-11-28,星期一,0,,8368,2022-11-28 00:00:00,1,0,2024-07-02 14:14:00,0,2024-07-02 14:14:00,,,
2022-11-29,星期二,0,,8369,2022-11-29 00:00:00,1,0,2024-07-02 14:14:00,0,2024-07-02 14:14:00,,,
2022-11-30,星期三,0,,8370,2022-11-30 00:00:00,1,0,2024-07-02 14:14:00,0,2024-07-02 14:14:00,,,
2022-12-01,星期四,0,,8371,2022-12-01 00:00:00,1,0,2024-07-02 14:14:00,0,2024-07-02 14:14:00,,,
2022-12-02,星期五,0,,8372,2022-12-02 00:00:00,1,0,2024-07-02 14:14:00,0,2024-07-02 14:14:00,,,
2022-12-03,星期六,0,,8373,2022-12-03 00:00:00,1,0,2024-07-02 14:14:00,0,2024-07-02 14:14:00,,,
2022-12-04,星期天,0,,8374,2022-12-04 00:00:00,1,0,2024-07-02 14:14:00,0,2024-07-02 14:14:00,,,
2022-12-05,星期一,0,,8375,2022-12-05 00:00:00,1,0,2024-07-02 14:14:00,0,2024-07-02 14:14:00,,,
2022-12-06,星期二,0,,8376,2022-12-06 00:00:00,1,0,2024-07-02 14:14:00,0,2024-07-02 14:14:00,,,
2022-12-07,星期三,0,,8377,2022-12-07 00:00:00,1,0,2024-07-02 14:14:00,0,2024-07-02 14:14:00,,,
2022-12-08,星期四,0,,8378,2022-12-08 00:00:00,1,0,2024-07-02 14:14:00,0,2024-07-02 14:14:00,,,
2022-12-09,星期五,0,,8379,2022-12-09 00:00:00,1,0,2024-07-02 14:14:00,0,2024-07-02 14:14:00,,,
2022-12-10,星期六,0,,8380,2022-12-10 00:00:00,1,0,2024-07-02 14:14:00,0,2024-07-02 14:14:00,,,
2022-12-11,星期天,0,,8381,2022-12-11 00:00:00,1,0,2024-07-02 14:14:00,0,2024-07-02 14:14:00,,,
2022-12-12,星期一,0,,8382,2022-12-12 00:00:00,1,0,2024-07-02 14:14:00,0,2024-07-02 14:14:00,,,
2022-12-13,星期二,0,,8383,2022-12-13 00:00:00,1,0,2024-07-02 14:14:00,0,2024-07-02 14:14:00,,,
2022-12-14,星期三,0,,8384,2022-12-14 00:00:00,1,0,2024-07-02 14:14:00,0,2024-07-02 14:14:00,,,
2022-12-15,星期四,0,,8385,2022-12-15 00:00:00,1,0,2024-07-02 14:14:00,0,2024-07-02 14:14:00,,,
2022-12-16,星期五,0,,8386,2022-12-16 00:00:00,1,0,2024-07-02 14:14:00,0,2024-07-02 14:14:00,,,
2022-12-17,星期六,0,,8387,2022-12-17 00:00:00,1,0,2024-07-02 14:14:00,0,2024-07-02 14:14:00,,,
2022-12-18,星期天,0,,8388,2022-12-18 00:00:00,1,0,2024-07-02 14:14:00,0,2024-07-02 14:14:00,,,
2022-12-19,星期一,0,,8389,2022-12-19 00:00:00,1,0,2024-07-02 14:14:00,0,2024-07-02 14:14:00,,,
2022-12-20,星期二,0,,8390,2022-12-20 00:00:00,1,0,2024-07-02 14:14:00,0,2024-07-02 14:14:00,,,
2022-12-21,星期三,0,,8391,2022-12-21 00:00:00,1,0,2024-07-02 14:14:00,0,2024-07-02 14:14:00,,,
2022-12-22,星期四,0,,8392,2022-12-22 00:00:00,1,0,2024-07-02 14:14:00,0,2024-07-02 14:14:00,,,
2022-12-23,星期五,0,,8393,2022-12-23 00:00:00,1,0,2024-07-02 14:14:00,0,2024-07-02 14:14:00,,,
2022-12-24,星期六,0,,8394,2022-12-24 00:00:00,1,0,2024-07-02 14:14:00,0,2024-07-02 14:14:00,,,
2022-12-25,星期天,0,,8395,2022-12-25 00:00:00,1,0,2024-07-02 14:14:00,0,2024-07-02 14:14:00,,,
2022-12-26,星期一,0,,8396,2022-12-26 00:00:00,1,0,2024-07-02 14:14:00,0,2024-07-02 14:14:00,,,
2022-12-27,星期二,0,,8397,2022-12-27 00:00:00,1,0,2024-07-02 14:14:00,0,2024-07-02 14:14:00,,,
2022-12-28,星期三,0,,8398,2022-12-28 00:00:00,1,0,2024-07-02 14:14:00,0,2024-07-02 14:14:00,,,
2022-12-29,星期四,0,,8399,2022-12-29 00:00:00,1,0,2024-07-02 14:14:00,0,2024-07-02 14:14:00,,,
2022-12-30,星期五,0,,8400,2022-12-30 00:00:00,1,0,2024-07-02 14:14:00,0,2024-07-02 14:14:00,,,
2022-12-31,星期六,1,元旦,8401,2022-12-31 00:00:00,1,0,2024-07-02 14:14:00,0,2024-07-02 14:14:00,,,
2021-01-01,星期五,1,元旦,8402,2021-01-01 00:00:00,1,0,2024-07-02 14:14:05,0,2024-07-02 14:14:05,,,
2021-01-02,星期六,1,元旦,8403,2021-01-02 00:00:00,1,0,2024-07-02 14:14:05,0,2024-07-02 14:14:05,,,
2021-01-03,星期天,1,元旦,8404,2021-01-03 00:00:00,1,0,2024-07-02 14:14:05,0,2024-07-02 14:14:05,,,
2021-01-04,星期一,0,,8405,2021-01-04 00:00:00,1,0,2024-07-02 14:14:05,0,2024-07-02 14:14:05,,,
2021-01-05,星期二,0,,8406,2021-01-05 00:00:00,1,0,2024-07-02 14:14:05,0,2024-07-02 14:14:05,,,
2021-01-06,星期三,0,,8407,2021-01-06 00:00:00,1,0,2024-07-02 14:14:05,0,2024-07-02 14:14:05,,,
2021-01-07,星期四,0,,8408,2021-01-07 00:00:00,1,0,2024-07-02 14:14:05,0,2024-07-02 14:14:05,,,
2021-01-08,星期五,0,,8409,2021-01-08 00:00:00,1,0,2024-07-02 14:14:05,0,2024-07-02 14:14:05,,,
2021-01-09,星期六,0,,8410,2021-01-09 00:00:00,1,0,2024-07-02 14:14:05,0,2024-07-02 14:14:05,,,
2021-01-10,星期天,0,,8411,2021-01-10 00:00:00,1,0,2024-07-02 14:14:05,0,2024-07-02 14:14:05,,,
2021-01-11,星期一,0,,8412,2021-01-11 00:00:00,1,0,2024-07-02 14:14:05,0,2024-07-02 14:14:05,,,
2021-01-12,星期二,0,,8413,2021-01-12 00:00:00,1,0,2024-07-02 14:14:05,0,2024-07-02 14:14:05,,,
2021-01-13,星期三,0,,8414,2021-01-13 00:00:00,1,0,2024-07-02 14:14:05,0,2024-07-02 14:14:05,,,
2021-01-14,星期四,0,,8415,2021-01-14 00:00:00,1,0,2024-07-02 14:14:05,0,2024-07-02 14:14:05,,,
2021-01-15,星期五,0,,8416,2021-01-15 00:00:00,1,0,2024-07-02 14:14:05,0,2024-07-02 14:14:05,,,
2021-01-16,星期六,0,,8417,2021-01-16 00:00:00,1,0,2024-07-02 14:14:05,0,2024-07-02 14:14:05,,,
2021-01-17,星期天,0,,8418,2021-01-17 00:00:00,1,0,2024-07-02 14:14:05,0,2024-07-02 14:14:05,,,
2021-01-18,星期一,0,,8419,2021-01-18 00:00:00,1,0,2024-07-02 14:14:05,0,2024-07-02 14:14:05,,,
2021-01-19,星期二,0,,8420,2021-01-19 00:00:00,1,0,2024-07-02 14:14:05,0,2024-07-02 14:14:05,,,
2021-01-20,星期三,0,,8421,2021-01-20 00:00:00,1,0,2024-07-02 14:14:05,0,2024-07-02 14:14:05,,,
2021-01-21,星期四,0,,8422,2021-01-21 00:00:00,1,0,2024-07-02 14:14:05,0,2024-07-02 14:14:05,,,
2021-01-22,星期五,0,,8423,2021-01-22 00:00:00,1,0,2024-07-02 14:14:05,0,2024-07-02 14:14:05,,,
2021-01-23,星期六,0,,8424,2021-01-23 00:00:00,1,0,2024-07-02 14:14:05,0,2024-07-02 14:14:05,,,
2021-01-24,星期天,0,,8425,2021-01-24 00:00:00,1,0,2024-07-02 14:14:05,0,2024-07-02 14:14:05,,,
2021-01-25,星期一,0,,8426,2021-01-25 00:00:00,1,0,2024-07-02 14:14:05,0,2024-07-02 14:14:05,,,
2021-01-26,星期二,0,,8427,2021-01-26 00:00:00,1,0,2024-07-02 14:14:05,0,2024-07-02 14:14:05,,,
2021-01-27,星期三,0,,8428,2021-01-27 00:00:00,1,0,2024-07-02 14:14:05,0,2024-07-02 14:14:05,,,
2021-01-28,星期四,0,,8429,2021-01-28 00:00:00,1,0,2024-07-02 14:14:05,0,2024-07-02 14:14:05,,,
2021-01-29,星期五,0,,8430,2021-01-29 00:00:00,1,0,2024-07-02 14:14:05,0,2024-07-02 14:14:05,,,
2021-01-30,星期六,0,,8431,2021-01-30 00:00:00,1,0,2024-07-02 14:14:05,0,2024-07-02 14:14:05,,,
2021-01-31,星期天,0,,8432,2021-01-31 00:00:00,1,0,2024-07-02 14:14:05,0,2024-07-02 14:14:05,,,
2021-02-01,星期一,0,,8433,2021-02-01 00:00:00,1,0,2024-07-02 14:14:05,0,2024-07-02 14:14:05,,,
2021-02-02,星期二,0,,8434,2021-02-02 00:00:00,1,0,2024-07-02 14:14:05,0,2024-07-02 14:14:05,,,
2021-02-03,星期三,0,,8435,2021-02-03 00:00:00,1,0,2024-07-02 14:14:05,0,2024-07-02 14:14:05,,,
2021-02-04,星期四,0,,8436,2021-02-04 00:00:00,1,0,2024-07-02 14:14:05,0,2024-07-02 14:14:05,,,
2021-02-05,星期五,0,,8437,2021-02-05 00:00:00,1,0,2024-07-02 14:14:05,0,2024-07-02 14:14:05,,,
2021-02-06,星期六,0,,8438,2021-02-06 00:00:00,1,0,2024-07-02 14:14:05,0,2024-07-02 14:14:05,,,
2021-02-07,星期天,0,,8439,2021-02-07 00:00:00,1,0,2024-07-02 14:14:05,0,2024-07-02 14:14:05,,,
2021-02-08,星期一,0,,8440,2021-02-08 00:00:00,1,0,2024-07-02 14:14:05,0,2024-07-02 14:14:05,,,
2021-02-09,星期二,0,,8441,2021-02-09 00:00:00,1,0,2024-07-02 14:14:05,0,2024-07-02 14:14:05,,,
2021-02-10,星期三,0,,8442,2021-02-10 00:00:00,1,0,2024-07-02 14:14:05,0,2024-07-02 14:14:05,,,
2021-02-11,星期四,1,除夕,8443,2021-02-11 00:00:00,1,0,2024-07-02 14:14:05,0,2024-07-02 14:14:05,,,
2021-02-12,星期五,1,初一,8444,2021-02-12 00:00:00,1,0,2024-07-02 14:14:05,0,2024-07-02 14:14:05,,,
2021-02-13,星期六,1,初二,8445,2021-02-13 00:00:00,1,0,2024-07-02 14:14:05,0,2024-07-02 14:14:05,,,
2021-02-14,星期天,1,初三,8446,2021-02-14 00:00:00,1,0,2024-07-02 14:14:05,0,2024-07-02 14:14:05,,,
2021-02-15,星期一,1,初四,8447,2021-02-15 00:00:00,1,0,2024-07-02 14:14:05,0,2024-07-02 14:14:05,,,
2021-02-16,星期二,1,初五,8448,2021-02-16 00:00:00,1,0,2024-07-02 14:14:05,0,2024-07-02 14:14:05,,,
2021-02-17,星期三,1,初六,8449,2021-02-17 00:00:00,1,0,2024-07-02 14:14:05,0,2024-07-02 14:14:05,,,
2021-02-18,星期四,0,,8450,2021-02-18 00:00:00,1,0,2024-07-02 14:14:05,0,2024-07-02 14:14:05,,,
2021-02-19,星期五,0,,8451,2021-02-19 00:00:00,1,0,2024-07-02 14:14:05,0,2024-07-02 14:14:05,,,
2021-02-20,星期六,0,,8452,2021-02-20 00:00:00,1,0,2024-07-02 14:14:05,0,2024-07-02 14:14:05,,,
2021-02-21,星期天,0,,8453,2021-02-21 00:00:00,1,0,2024-07-02 14:14:05,0,2024-07-02 14:14:05,,,
2021-02-22,星期一,0,,8454,2021-02-22 00:00:00,1,0,2024-07-02 14:14:05,0,2024-07-02 14:14:05,,,
2021-02-23,星期二,0,,8455,2021-02-23 00:00:00,1,0,2024-07-02 14:14:05,0,2024-07-02 14:14:05,,,
2021-02-24,星期三,0,,8456,2021-02-24 00:00:00,1,0,2024-07-02 14:14:05,0,2024-07-02 14:14:05,,,
2021-02-25,星期四,0,,8457,2021-02-25 00:00:00,1,0,2024-07-02 14:14:05,0,2024-07-02 14:14:05,,,
2021-02-26,星期五,0,,8458,2021-02-26 00:00:00,1,0,2024-07-02 14:14:05,0,2024-07-02 14:14:05,,,
2021-02-27,星期六,0,,8459,2021-02-27 00:00:00,1,0,2024-07-02 14:14:05,0,2024-07-02 14:14:05,,,
2021-02-28,星期天,0,,8460,2021-02-28 00:00:00,1,0,2024-07-02 14:14:05,0,2024-07-02 14:14:05,,,
2021-03-01,星期一,0,,8461,2021-03-01 00:00:00,1,0,2024-07-02 14:14:05,0,2024-07-02 14:14:05,,,
2021-03-02,星期二,0,,8462,2021-03-02 00:00:00,1,0,2024-07-02 14:14:05,0,2024-07-02 14:14:05,,,
2021-03-03,星期三,0,,8463,2021-03-03 00:00:00,1,0,2024-07-02 14:14:05,0,2024-07-02 14:14:05,,,
2021-03-04,星期四,0,,8464,2021-03-04 00:00:00,1,0,2024-07-02 14:14:05,0,2024-07-02 14:14:05,,,
2021-03-05,星期五,0,,8465,2021-03-05 00:00:00,1,0,2024-07-02 14:14:05,0,2024-07-02 14:14:05,,,
2021-03-06,星期六,0,,8466,2021-03-06 00:00:00,1,0,2024-07-02 14:14:05,0,2024-07-02 14:14:05,,,
2021-03-07,星期天,0,,8467,2021-03-07 00:00:00,1,0,2024-07-02 14:14:05,0,2024-07-02 14:14:05,,,
2021-03-08,星期一,0,,8468,2021-03-08 00:00:00,1,0,2024-07-02 14:14:05,0,2024-07-02 14:14:05,,,
2021-03-09,星期二,0,,8469,2021-03-09 00:00:00,1,0,2024-07-02 14:14:05,0,2024-07-02 14:14:05,,,
2021-03-10,星期三,0,,8470,2021-03-10 00:00:00,1,0,2024-07-02 14:14:05,0,2024-07-02 14:14:05,,,
2021-03-11,星期四,0,,8471,2021-03-11 00:00:00,1,0,2024-07-02 14:14:05,0,2024-07-02 14:14:05,,,
2021-03-12,星期五,0,,8472,2021-03-12 00:00:00,1,0,2024-07-02 14:14:05,0,2024-07-02 14:14:05,,,
2021-03-13,星期六,0,,8473,2021-03-13 00:00:00,1,0,2024-07-02 14:14:05,0,2024-07-02 14:14:05,,,
2021-03-14,星期天,0,,8474,2021-03-14 00:00:00,1,0,2024-07-02 14:14:05,0,2024-07-02 14:14:05,,,
2021-03-15,星期一,0,,8475,2021-03-15 00:00:00,1,0,2024-07-02 14:14:05,0,2024-07-02 14:14:05,,,
2021-03-16,星期二,0,,8476,2021-03-16 00:00:00,1,0,2024-07-02 14:14:05,0,2024-07-02 14:14:05,,,
2021-03-17,星期三,0,,8477,2021-03-17 00:00:00,1,0,2024-07-02 14:14:05,0,2024-07-02 14:14:05,,,
2021-03-18,星期四,0,,8478,2021-03-18 00:00:00,1,0,2024-07-02 14:14:05,0,2024-07-02 14:14:05,,,
2021-03-19,星期五,0,,8479,2021-03-19 00:00:00,1,0,2024-07-02 14:14:05,0,2024-07-02 14:14:05,,,
2021-03-20,星期六,0,,8480,2021-03-20 00:00:00,1,0,2024-07-02 14:14:05,0,2024-07-02 14:14:05,,,
2021-03-21,星期天,0,,8481,2021-03-21 00:00:00,1,0,2024-07-02 14:14:05,0,2024-07-02 14:14:05,,,
2021-03-22,星期一,0,,8482,2021-03-22 00:00:00,1,0,2024-07-02 14:14:05,0,2024-07-02 14:14:05,,,
2021-03-23,星期二,0,,8483,2021-03-23 00:00:00,1,0,2024-07-02 14:14:05,0,2024-07-02 14:14:05,,,
2021-03-24,星期三,0,,8484,2021-03-24 00:00:00,1,0,2024-07-02 14:14:05,0,2024-07-02 14:14:05,,,
2021-03-25,星期四,0,,8485,2021-03-25 00:00:00,1,0,2024-07-02 14:14:05,0,2024-07-02 14:14:05,,,
2021-03-26,星期五,0,,8486,2021-03-26 00:00:00,1,0,2024-07-02 14:14:05,0,2024-07-02 14:14:05,,,
2021-03-27,星期六,0,,8487,2021-03-27 00:00:00,1,0,2024-07-02 14:14:05,0,2024-07-02 14:14:05,,,
2021-03-28,星期天,0,,8488,2021-03-28 00:00:00,1,0,2024-07-02 14:14:05,0,2024-07-02 14:14:05,,,
2021-03-29,星期一,0,,8489,2021-03-29 00:00:00,1,0,2024-07-02 14:14:05,0,2024-07-02 14:14:05,,,
2021-03-30,星期二,0,,8490,2021-03-30 00:00:00,1,0,2024-07-02 14:14:05,0,2024-07-02 14:14:05,,,
2021-03-31,星期三,0,,8491,2021-03-31 00:00:00,1,0,2024-07-02 14:14:05,0,2024-07-02 14:14:05,,,
2021-04-01,星期四,0,,8492,2021-04-01 00:00:00,1,0,2024-07-02 14:14:05,0,2024-07-02 14:14:05,,,
2021-04-02,星期五,0,,8493,2021-04-02 00:00:00,1,0,2024-07-02 14:14:05,0,2024-07-02 14:14:05,,,
2021-04-03,星期六,1,清明节,8494,2021-04-03 00:00:00,1,0,2024-07-02 14:14:05,0,2024-07-02 14:14:05,,,
2021-04-04,星期天,1,清明节,8495,2021-04-04 00:00:00,1,0,2024-07-02 14:14:05,0,2024-07-02 14:14:05,,,
2021-04-05,星期一,1,清明节,8496,2021-04-05 00:00:00,1,0,2024-07-02 14:14:05,0,2024-07-02 14:14:05,,,
2021-04-06,星期二,0,,8497,2021-04-06 00:00:00,1,0,2024-07-02 14:14:05,0,2024-07-02 14:14:05,,,
2021-04-07,星期三,0,,8498,2021-04-07 00:00:00,1,0,2024-07-02 14:14:05,0,2024-07-02 14:14:05,,,
2021-04-08,星期四,0,,8499,2021-04-08 00:00:00,1,0,2024-07-02 14:14:05,0,2024-07-02 14:14:05,,,
2021-04-09,星期五,0,,8500,2021-04-09 00:00:00,1,0,2024-07-02 14:14:05,0,2024-07-02 14:14:05,,,
2021-04-10,星期六,0,,8501,2021-04-10 00:00:00,1,0,2024-07-02 14:14:05,0,2024-07-02 14:14:05,,,
2021-04-11,星期天,0,,8502,2021-04-11 00:00:00,1,0,2024-07-02 14:14:05,0,2024-07-02 14:14:05,,,
2021-04-12,星期一,0,,8503,2021-04-12 00:00:00,1,0,2024-07-02 14:14:05,0,2024-07-02 14:14:05,,,
2021-04-13,星期二,0,,8504,2021-04-13 00:00:00,1,0,2024-07-02 14:14:05,0,2024-07-02 14:14:05,,,
2021-04-14,星期三,0,,8505,2021-04-14 00:00:00,1,0,2024-07-02 14:14:05,0,2024-07-02 14:14:05,,,
2021-04-15,星期四,0,,8506,2021-04-15 00:00:00,1,0,2024-07-02 14:14:05,0,2024-07-02 14:14:05,,,
2021-04-16,星期五,0,,8507,2021-04-16 00:00:00,1,0,2024-07-02 14:14:05,0,2024-07-02 14:14:05,,,
2021-04-17,星期六,0,,8508,2021-04-17 00:00:00,1,0,2024-07-02 14:14:05,0,2024-07-02 14:14:05,,,
2021-04-18,星期天,0,,8509,2021-04-18 00:00:00,1,0,2024-07-02 14:14:05,0,2024-07-02 14:14:05,,,
2021-04-19,星期一,0,,8510,2021-04-19 00:00:00,1,0,2024-07-02 14:14:05,0,2024-07-02 14:14:05,,,
2021-04-20,星期二,0,,8511,2021-04-20 00:00:00,1,0,2024-07-02 14:14:05,0,2024-07-02 14:14:05,,,
2021-04-21,星期三,0,,8512,2021-04-21 00:00:00,1,0,2024-07-02 14:14:05,0,2024-07-02 14:14:05,,,
2021-04-22,星期四,0,,8513,2021-04-22 00:00:00,1,0,2024-07-02 14:14:05,0,2024-07-02 14:14:05,,,
2021-04-23,星期五,0,,8514,2021-04-23 00:00:00,1,0,2024-07-02 14:14:05,0,2024-07-02 14:14:05,,,
2021-04-24,星期六,0,,8515,2021-04-24 00:00:00,1,0,2024-07-02 14:14:05,0,2024-07-02 14:14:05,,,
2021-04-25,星期天,0,,8516,2021-04-25 00:00:00,1,0,2024-07-02 14:14:05,0,2024-07-02 14:14:05,,,
2021-04-26,星期一,0,,8517,2021-04-26 00:00:00,1,0,2024-07-02 14:14:05,0,2024-07-02 14:14:05,,,
2021-04-27,星期二,0,,8518,2021-04-27 00:00:00,1,0,2024-07-02 14:14:05,0,2024-07-02 14:14:05,,,
2021-04-28,星期三,0,,8519,2021-04-28 00:00:00,1,0,2024-07-02 14:14:05,0,2024-07-02 14:14:05,,,
2021-04-29,星期四,0,,8520,2021-04-29 00:00:00,1,0,2024-07-02 14:14:05,0,2024-07-02 14:14:05,,,
2021-04-30,星期五,0,,8521,2021-04-30 00:00:00,1,0,2024-07-02 14:14:05,0,2024-07-02 14:14:05,,,
2021-05-01,星期六,1,劳动节,8522,2021-05-01 00:00:00,1,0,2024-07-02 14:14:05,0,2024-07-02 14:14:05,,,
2021-05-02,星期天,1,劳动节,8523,2021-05-02 00:00:00,1,0,2024-07-02 14:14:05,0,2024-07-02 14:14:05,,,
2021-05-03,星期一,1,劳动节,8524,2021-05-03 00:00:00,1,0,2024-07-02 14:14:05,0,2024-07-02 14:14:05,,,
2021-05-04,星期二,1,劳动节,8525,2021-05-04 00:00:00,1,0,2024-07-02 14:14:05,0,2024-07-02 14:14:05,,,
2021-05-05,星期三,1,劳动节,8526,2021-05-05 00:00:00,1,0,2024-07-02 14:14:05,0,2024-07-02 14:14:05,,,
2021-05-06,星期四,0,,8527,2021-05-06 00:00:00,1,0,2024-07-02 14:14:05,0,2024-07-02 14:14:05,,,
2021-05-07,星期五,0,,8528,2021-05-07 00:00:00,1,0,2024-07-02 14:14:05,0,2024-07-02 14:14:05,,,
2021-05-08,星期六,0,,8529,2021-05-08 00:00:00,1,0,2024-07-02 14:14:05,0,2024-07-02 14:14:05,,,
2021-05-09,星期天,0,,8530,2021-05-09 00:00:00,1,0,2024-07-02 14:14:05,0,2024-07-02 14:14:05,,,
2021-05-10,星期一,0,,8531,2021-05-10 00:00:00,1,0,2024-07-02 14:14:05,0,2024-07-02 14:14:05,,,
2021-05-11,星期二,0,,8532,2021-05-11 00:00:00,1,0,2024-07-02 14:14:05,0,2024-07-02 14:14:05,,,
2021-05-12,星期三,0,,8533,2021-05-12 00:00:00,1,0,2024-07-02 14:14:05,0,2024-07-02 14:14:05,,,
2021-05-13,星期四,0,,8534,2021-05-13 00:00:00,1,0,2024-07-02 14:14:05,0,2024-07-02 14:14:05,,,
2021-05-14,星期五,0,,8535,2021-05-14 00:00:00,1,0,2024-07-02 14:14:05,0,2024-07-02 14:14:05,,,
2021-05-15,星期六,0,,8536,2021-05-15 00:00:00,1,0,2024-07-02 14:14:05,0,2024-07-02 14:14:05,,,
2021-05-16,星期天,0,,8537,2021-05-16 00:00:00,1,0,2024-07-02 14:14:05,0,2024-07-02 14:14:05,,,
2021-05-17,星期一,0,,8538,2021-05-17 00:00:00,1,0,2024-07-02 14:14:05,0,2024-07-02 14:14:05,,,
2021-05-18,星期二,0,,8539,2021-05-18 00:00:00,1,0,2024-07-02 14:14:05,0,2024-07-02 14:14:05,,,
2021-05-19,星期三,0,,8540,2021-05-19 00:00:00,1,0,2024-07-02 14:14:05,0,2024-07-02 14:14:05,,,
2021-05-20,星期四,0,,8541,2021-05-20 00:00:00,1,0,2024-07-02 14:14:05,0,2024-07-02 14:14:05,,,
2021-05-21,星期五,0,,8542,2021-05-21 00:00:00,1,0,2024-07-02 14:14:05,0,2024-07-02 14:14:05,,,
2021-05-22,星期六,0,,8543,2021-05-22 00:00:00,1,0,2024-07-02 14:14:05,0,2024-07-02 14:14:05,,,
2021-05-23,星期天,0,,8544,2021-05-23 00:00:00,1,0,2024-07-02 14:14:05,0,2024-07-02 14:14:05,,,
2021-05-24,星期一,0,,8545,2021-05-24 00:00:00,1,0,2024-07-02 14:14:05,0,2024-07-02 14:14:05,,,
2021-05-25,星期二,0,,8546,2021-05-25 00:00:00,1,0,2024-07-02 14:14:05,0,2024-07-02 14:14:05,,,
2021-05-26,星期三,0,,8547,2021-05-26 00:00:00,1,0,2024-07-02 14:14:05,0,2024-07-02 14:14:05,,,
2021-05-27,星期四,0,,8548,2021-05-27 00:00:00,1,0,2024-07-02 14:14:05,0,2024-07-02 14:14:05,,,
2021-05-28,星期五,0,,8549,2021-05-28 00:00:00,1,0,2024-07-02 14:14:05,0,2024-07-02 14:14:05,,,
2021-05-29,星期六,0,,8550,2021-05-29 00:00:00,1,0,2024-07-02 14:14:05,0,2024-07-02 14:14:05,,,
2021-05-30,星期天,0,,8551,2021-05-30 00:00:00,1,0,2024-07-02 14:14:05,0,2024-07-02 14:14:05,,,
2021-05-31,星期一,0,,8552,2021-05-31 00:00:00,1,0,2024-07-02 14:14:05,0,2024-07-02 14:14:05,,,
2021-06-01,星期二,0,,8553,2021-06-01 00:00:00,1,0,2024-07-02 14:14:05,0,2024-07-02 14:14:05,,,
2021-06-02,星期三,0,,8554,2021-06-02 00:00:00,1,0,2024-07-02 14:14:05,0,2024-07-02 14:14:05,,,
2021-06-03,星期四,0,,8555,2021-06-03 00:00:00,1,0,2024-07-02 14:14:05,0,2024-07-02 14:14:05,,,
2021-06-04,星期五,0,,8556,2021-06-04 00:00:00,1,0,2024-07-02 14:14:05,0,2024-07-02 14:14:05,,,
2021-06-05,星期六,0,,8557,2021-06-05 00:00:00,1,0,2024-07-02 14:14:05,0,2024-07-02 14:14:05,,,
2021-06-06,星期天,0,,8558,2021-06-06 00:00:00,1,0,2024-07-02 14:14:05,0,2024-07-02 14:14:05,,,
2021-06-07,星期一,0,,8559,2021-06-07 00:00:00,1,0,2024-07-02 14:14:05,0,2024-07-02 14:14:05,,,
2021-06-08,星期二,0,,8560,2021-06-08 00:00:00,1,0,2024-07-02 14:14:05,0,2024-07-02 14:14:05,,,
2021-06-09,星期三,0,,8561,2021-06-09 00:00:00,1,0,2024-07-02 14:14:05,0,2024-07-02 14:14:05,,,
2021-06-10,星期四,0,,8562,2021-06-10 00:00:00,1,0,2024-07-02 14:14:05,0,2024-07-02 14:14:05,,,
2021-06-11,星期五,0,,8563,2021-06-11 00:00:00,1,0,2024-07-02 14:14:05,0,2024-07-02 14:14:05,,,
2021-06-12,星期六,1,端午节,8564,2021-06-12 00:00:00,1,0,2024-07-02 14:14:05,0,2024-07-02 14:14:05,,,
2021-06-13,星期天,1,端午节,8565,2021-06-13 00:00:00,1,0,2024-07-02 14:14:05,0,2024-07-02 14:14:05,,,
2021-06-14,星期一,1,端午节,8566,2021-06-14 00:00:00,1,0,2024-07-02 14:14:05,0,2024-07-02 14:14:05,,,
2021-06-15,星期二,0,,8567,2021-06-15 00:00:00,1,0,2024-07-02 14:14:05,0,2024-07-02 14:14:05,,,
2021-06-16,星期三,0,,8568,2021-06-16 00:00:00,1,0,2024-07-02 14:14:05,0,2024-07-02 14:14:05,,,
2021-06-17,星期四,0,,8569,2021-06-17 00:00:00,1,0,2024-07-02 14:14:05,0,2024-07-02 14:14:05,,,
2021-06-18,星期五,0,,8570,2021-06-18 00:00:00,1,0,2024-07-02 14:14:05,0,2024-07-02 14:14:05,,,
2021-06-19,星期六,0,,8571,2021-06-19 00:00:00,1,0,2024-07-02 14:14:05,0,2024-07-02 14:14:05,,,
2021-06-20,星期天,0,,8572,2021-06-20 00:00:00,1,0,2024-07-02 14:14:05,0,2024-07-02 14:14:05,,,
2021-06-21,星期一,0,,8573,2021-06-21 00:00:00,1,0,2024-07-02 14:14:05,0,2024-07-02 14:14:05,,,
2021-06-22,星期二,0,,8574,2021-06-22 00:00:00,1,0,2024-07-02 14:14:05,0,2024-07-02 14:14:05,,,
2021-06-23,星期三,0,,8575,2021-06-23 00:00:00,1,0,2024-07-02 14:14:05,0,2024-07-02 14:14:05,,,
2021-06-24,星期四,0,,8576,2021-06-24 00:00:00,1,0,2024-07-02 14:14:05,0,2024-07-02 14:14:05,,,
2021-06-25,星期五,0,,8577,2021-06-25 00:00:00,1,0,2024-07-02 14:14:05,0,2024-07-02 14:14:05,,,
2021-06-26,星期六,0,,8578,2021-06-26 00:00:00,1,0,2024-07-02 14:14:05,0,2024-07-02 14:14:05,,,
2021-06-27,星期天,0,,8579,2021-06-27 00:00:00,1,0,2024-07-02 14:14:05,0,2024-07-02 14:14:05,,,
2021-06-28,星期一,0,,8580,2021-06-28 00:00:00,1,0,2024-07-02 14:14:05,0,2024-07-02 14:14:05,,,
2021-06-29,星期二,0,,8581,2021-06-29 00:00:00,1,0,2024-07-02 14:14:05,0,2024-07-02 14:14:05,,,
2021-06-30,星期三,0,,8582,2021-06-30 00:00:00,1,0,2024-07-02 14:14:05,0,2024-07-02 14:14:05,,,
2021-07-01,星期四,0,,8583,2021-07-01 00:00:00,1,0,2024-07-02 14:14:05,0,2024-07-02 14:14:05,,,
2021-07-02,星期五,0,,8584,2021-07-02 00:00:00,1,0,2024-07-02 14:14:05,0,2024-07-02 14:14:05,,,
2021-07-03,星期六,0,,8585,2021-07-03 00:00:00,1,0,2024-07-02 14:14:05,0,2024-07-02 14:14:05,,,
2021-07-04,星期天,0,,8586,2021-07-04 00:00:00,1,0,2024-07-02 14:14:05,0,2024-07-02 14:14:05,,,
2021-07-05,星期一,0,,8587,2021-07-05 00:00:00,1,0,2024-07-02 14:14:05,0,2024-07-02 14:14:05,,,
2021-07-06,星期二,0,,8588,2021-07-06 00:00:00,1,0,2024-07-02 14:14:05,0,2024-07-02 14:14:05,,,
2021-07-07,星期三,0,,8589,2021-07-07 00:00:00,1,0,2024-07-02 14:14:05,0,2024-07-02 14:14:05,,,
2021-07-08,星期四,0,,8590,2021-07-08 00:00:00,1,0,2024-07-02 14:14:05,0,2024-07-02 14:14:05,,,
2021-07-09,星期五,0,,8591,2021-07-09 00:00:00,1,0,2024-07-02 14:14:05,0,2024-07-02 14:14:05,,,
2021-07-10,星期六,0,,8592,2021-07-10 00:00:00,1,0,2024-07-02 14:14:05,0,2024-07-02 14:14:05,,,
2021-07-11,星期天,0,,8593,2021-07-11 00:00:00,1,0,2024-07-02 14:14:05,0,2024-07-02 14:14:05,,,
2021-07-12,星期一,0,,8594,2021-07-12 00:00:00,1,0,2024-07-02 14:14:05,0,2024-07-02 14:14:05,,,
2021-07-13,星期二,0,,8595,2021-07-13 00:00:00,1,0,2024-07-02 14:14:05,0,2024-07-02 14:14:05,,,
2021-07-14,星期三,0,,8596,2021-07-14 00:00:00,1,0,2024-07-02 14:14:05,0,2024-07-02 14:14:05,,,
2021-07-15,星期四,0,,8597,2021-07-15 00:00:00,1,0,2024-07-02 14:14:05,0,2024-07-02 14:14:05,,,
2021-07-16,星期五,0,,8598,2021-07-16 00:00:00,1,0,2024-07-02 14:14:05,0,2024-07-02 14:14:05,,,
2021-07-17,星期六,0,,8599,2021-07-17 00:00:00,1,0,2024-07-02 14:14:05,0,2024-07-02 14:14:05,,,
2021-07-18,星期天,0,,8600,2021-07-18 00:00:00,1,0,2024-07-02 14:14:05,0,2024-07-02 14:14:05,,,
2021-07-19,星期一,0,,8601,2021-07-19 00:00:00,1,0,2024-07-02 14:14:05,0,2024-07-02 14:14:05,,,
2021-07-20,星期二,0,,8602,2021-07-20 00:00:00,1,0,2024-07-02 14:14:05,0,2024-07-02 14:14:05,,,
2021-07-21,星期三,0,,8603,2021-07-21 00:00:00,1,0,2024-07-02 14:14:05,0,2024-07-02 14:14:05,,,
2021-07-22,星期四,0,,8604,2021-07-22 00:00:00,1,0,2024-07-02 14:14:05,0,2024-07-02 14:14:05,,,
2021-07-23,星期五,0,,8605,2021-07-23 00:00:00,1,0,2024-07-02 14:14:05,0,2024-07-02 14:14:05,,,
2021-07-24,星期六,0,,8606,2021-07-24 00:00:00,1,0,2024-07-02 14:14:05,0,2024-07-02 14:14:05,,,
2021-07-25,星期天,0,,8607,2021-07-25 00:00:00,1,0,2024-07-02 14:14:05,0,2024-07-02 14:14:05,,,
2021-07-26,星期一,0,,8608,2021-07-26 00:00:00,1,0,2024-07-02 14:14:05,0,2024-07-02 14:14:05,,,
2021-07-27,星期二,0,,8609,2021-07-27 00:00:00,1,0,2024-07-02 14:14:05,0,2024-07-02 14:14:05,,,
2021-07-28,星期三,0,,8610,2021-07-28 00:00:00,1,0,2024-07-02 14:14:05,0,2024-07-02 14:14:05,,,
2021-07-29,星期四,0,,8611,2021-07-29 00:00:00,1,0,2024-07-02 14:14:05,0,2024-07-02 14:14:05,,,
2021-07-30,星期五,0,,8612,2021-07-30 00:00:00,1,0,2024-07-02 14:14:05,0,2024-07-02 14:14:05,,,
2021-07-31,星期六,0,,8613,2021-07-31 00:00:00,1,0,2024-07-02 14:14:05,0,2024-07-02 14:14:05,,,
2021-08-01,星期天,0,,8614,2021-08-01 00:00:00,1,0,2024-07-02 14:14:05,0,2024-07-02 14:14:05,,,
2021-08-02,星期一,0,,8615,2021-08-02 00:00:00,1,0,2024-07-02 14:14:05,0,2024-07-02 14:14:05,,,
2021-08-03,星期二,0,,8616,2021-08-03 00:00:00,1,0,2024-07-02 14:14:05,0,2024-07-02 14:14:05,,,
2021-08-04,星期三,0,,8617,2021-08-04 00:00:00,1,0,2024-07-02 14:14:05,0,2024-07-02 14:14:05,,,
2021-08-05,星期四,0,,8618,2021-08-05 00:00:00,1,0,2024-07-02 14:14:05,0,2024-07-02 14:14:05,,,
2021-08-06,星期五,0,,8619,2021-08-06 00:00:00,1,0,2024-07-02 14:14:05,0,2024-07-02 14:14:05,,,
2021-08-07,星期六,0,,8620,2021-08-07 00:00:00,1,0,2024-07-02 14:14:05,0,2024-07-02 14:14:05,,,
2021-08-08,星期天,0,,8621,2021-08-08 00:00:00,1,0,2024-07-02 14:14:05,0,2024-07-02 14:14:05,,,
2021-08-09,星期一,0,,8622,2021-08-09 00:00:00,1,0,2024-07-02 14:14:05,0,2024-07-02 14:14:05,,,
2021-08-10,星期二,0,,8623,2021-08-10 00:00:00,1,0,2024-07-02 14:14:05,0,2024-07-02 14:14:05,,,
2021-08-11,星期三,0,,8624,2021-08-11 00:00:00,1,0,2024-07-02 14:14:05,0,2024-07-02 14:14:05,,,
2021-08-12,星期四,0,,8625,2021-08-12 00:00:00,1,0,2024-07-02 14:14:05,0,2024-07-02 14:14:05,,,
2021-08-13,星期五,0,,8626,2021-08-13 00:00:00,1,0,2024-07-02 14:14:05,0,2024-07-02 14:14:05,,,
2021-08-14,星期六,0,,8627,2021-08-14 00:00:00,1,0,2024-07-02 14:14:05,0,2024-07-02 14:14:05,,,
2021-08-15,星期天,0,,8628,2021-08-15 00:00:00,1,0,2024-07-02 14:14:05,0,2024-07-02 14:14:05,,,
2021-08-16,星期一,0,,8629,2021-08-16 00:00:00,1,0,2024-07-02 14:14:05,0,2024-07-02 14:14:05,,,
2021-08-17,星期二,0,,8630,2021-08-17 00:00:00,1,0,2024-07-02 14:14:05,0,2024-07-02 14:14:05,,,
2021-08-18,星期三,0,,8631,2021-08-18 00:00:00,1,0,2024-07-02 14:14:05,0,2024-07-02 14:14:05,,,
2021-08-19,星期四,0,,8632,2021-08-19 00:00:00,1,0,2024-07-02 14:14:05,0,2024-07-02 14:14:05,,,
2021-08-20,星期五,0,,8633,2021-08-20 00:00:00,1,0,2024-07-02 14:14:05,0,2024-07-02 14:14:05,,,
2021-08-21,星期六,0,,8634,2021-08-21 00:00:00,1,0,2024-07-02 14:14:05,0,2024-07-02 14:14:05,,,
2021-08-22,星期天,0,,8635,2021-08-22 00:00:00,1,0,2024-07-02 14:14:05,0,2024-07-02 14:14:05,,,
2021-08-23,星期一,0,,8636,2021-08-23 00:00:00,1,0,2024-07-02 14:14:05,0,2024-07-02 14:14:05,,,
2021-08-24,星期二,0,,8637,2021-08-24 00:00:00,1,0,2024-07-02 14:14:05,0,2024-07-02 14:14:05,,,
2021-08-25,星期三,0,,8638,2021-08-25 00:00:00,1,0,2024-07-02 14:14:05,0,2024-07-02 14:14:05,,,
2021-08-26,星期四,0,,8639,2021-08-26 00:00:00,1,0,2024-07-02 14:14:05,0,2024-07-02 14:14:05,,,
2021-08-27,星期五,0,,8640,2021-08-27 00:00:00,1,0,2024-07-02 14:14:05,0,2024-07-02 14:14:05,,,
2021-08-28,星期六,0,,8641,2021-08-28 00:00:00,1,0,2024-07-02 14:14:05,0,2024-07-02 14:14:05,,,
2021-08-29,星期天,0,,8642,2021-08-29 00:00:00,1,0,2024-07-02 14:14:05,0,2024-07-02 14:14:05,,,
2021-08-30,星期一,0,,8643,2021-08-30 00:00:00,1,0,2024-07-02 14:14:05,0,2024-07-02 14:14:05,,,
2021-08-31,星期二,0,,8644,2021-08-31 00:00:00,1,0,2024-07-02 14:14:05,0,2024-07-02 14:14:05,,,
2021-09-01,星期三,0,,8645,2021-09-01 00:00:00,1,0,2024-07-02 14:14:05,0,2024-07-02 14:14:05,,,
2021-09-02,星期四,0,,8646,2021-09-02 00:00:00,1,0,2024-07-02 14:14:05,0,2024-07-02 14:14:05,,,
2021-09-03,星期五,0,,8647,2021-09-03 00:00:00,1,0,2024-07-02 14:14:05,0,2024-07-02 14:14:05,,,
2021-09-04,星期六,0,,8648,2021-09-04 00:00:00,1,0,2024-07-02 14:14:05,0,2024-07-02 14:14:05,,,
2021-09-05,星期天,0,,8649,2021-09-05 00:00:00,1,0,2024-07-02 14:14:05,0,2024-07-02 14:14:05,,,
2021-09-06,星期一,0,,8650,2021-09-06 00:00:00,1,0,2024-07-02 14:14:05,0,2024-07-02 14:14:05,,,
2021-09-07,星期二,0,,8651,2021-09-07 00:00:00,1,0,2024-07-02 14:14:05,0,2024-07-02 14:14:05,,,
2021-09-08,星期三,0,,8652,2021-09-08 00:00:00,1,0,2024-07-02 14:14:05,0,2024-07-02 14:14:05,,,
2021-09-09,星期四,0,,8653,2021-09-09 00:00:00,1,0,2024-07-02 14:14:05,0,2024-07-02 14:14:05,,,
2021-09-10,星期五,0,,8654,2021-09-10 00:00:00,1,0,2024-07-02 14:14:05,0,2024-07-02 14:14:05,,,
2021-09-11,星期六,0,,8655,2021-09-11 00:00:00,1,0,2024-07-02 14:14:05,0,2024-07-02 14:14:05,,,
2021-09-12,星期天,0,,8656,2021-09-12 00:00:00,1,0,2024-07-02 14:14:05,0,2024-07-02 14:14:05,,,
2021-09-13,星期一,0,,8657,2021-09-13 00:00:00,1,0,2024-07-02 14:14:05,0,2024-07-02 14:14:05,,,
2021-09-14,星期二,0,,8658,2021-09-14 00:00:00,1,0,2024-07-02 14:14:05,0,2024-07-02 14:14:05,,,
2021-09-15,星期三,0,,8659,2021-09-15 00:00:00,1,0,2024-07-02 14:14:05,0,2024-07-02 14:14:05,,,
2021-09-16,星期四,0,,8660,2021-09-16 00:00:00,1,0,2024-07-02 14:14:05,0,2024-07-02 14:14:05,,,
2021-09-17,星期五,0,,8661,2021-09-17 00:00:00,1,0,2024-07-02 14:14:05,0,2024-07-02 14:14:05,,,
2021-09-18,星期六,0,,8662,2021-09-18 00:00:00,1,0,2024-07-02 14:14:05,0,2024-07-02 14:14:05,,,
2021-09-19,星期天,1,中秋节,8663,2021-09-19 00:00:00,1,0,2024-07-02 14:14:05,0,2024-07-02 14:14:05,,,
2021-09-20,星期一,1,中秋节,8664,2021-09-20 00:00:00,1,0,2024-07-02 14:14:05,0,2024-07-02 14:14:05,,,
2021-09-21,星期二,1,中秋节,8665,2021-09-21 00:00:00,1,0,2024-07-02 14:14:05,0,2024-07-02 14:14:05,,,
2021-09-22,星期三,0,,8666,2021-09-22 00:00:00,1,0,2024-07-02 14:14:05,0,2024-07-02 14:14:05,,,
2021-09-23,星期四,0,,8667,2021-09-23 00:00:00,1,0,2024-07-02 14:14:05,0,2024-07-02 14:14:05,,,
2021-09-24,星期五,0,,8668,2021-09-24 00:00:00,1,0,2024-07-02 14:14:05,0,2024-07-02 14:14:05,,,
2021-09-25,星期六,0,,8669,2021-09-25 00:00:00,1,0,2024-07-02 14:14:05,0,2024-07-02 14:14:05,,,
2021-09-26,星期天,0,,8670,2021-09-26 00:00:00,1,0,2024-07-02 14:14:05,0,2024-07-02 14:14:05,,,
2021-09-27,星期一,0,,8671,2021-09-27 00:00:00,1,0,2024-07-02 14:14:05,0,2024-07-02 14:14:05,,,
2021-09-28,星期二,0,,8672,2021-09-28 00:00:00,1,0,2024-07-02 14:14:05,0,2024-07-02 14:14:05,,,
2021-09-29,星期三,0,,8673,2021-09-29 00:00:00,1,0,2024-07-02 14:14:05,0,2024-07-02 14:14:05,,,
2021-09-30,星期四,0,,8674,2021-09-30 00:00:00,1,0,2024-07-02 14:14:05,0,2024-07-02 14:14:05,,,
2021-10-01,星期五,1,国庆节,8675,2021-10-01 00:00:00,1,0,2024-07-02 14:14:05,0,2024-07-02 14:14:05,,,
2021-10-02,星期六,1,国庆节,8676,2021-10-02 00:00:00,1,0,2024-07-02 14:14:05,0,2024-07-02 14:14:05,,,
2021-10-03,星期天,1,国庆节,8677,2021-10-03 00:00:00,1,0,2024-07-02 14:14:05,0,2024-07-02 14:14:05,,,
2021-10-04,星期一,1,国庆节,8678,2021-10-04 00:00:00,1,0,2024-07-02 14:14:05,0,2024-07-02 14:14:05,,,
2021-10-05,星期二,1,国庆节,8679,2021-10-05 00:00:00,1,0,2024-07-02 14:14:05,0,2024-07-02 14:14:05,,,
2021-10-06,星期三,1,国庆节,8680,2021-10-06 00:00:00,1,0,2024-07-02 14:14:05,0,2024-07-02 14:14:05,,,
2021-10-07,星期四,1,国庆节,8681,2021-10-07 00:00:00,1,0,2024-07-02 14:14:05,0,2024-07-02 14:14:05,,,
2021-10-08,星期五,0,,8682,2021-10-08 00:00:00,1,0,2024-07-02 14:14:05,0,2024-07-02 14:14:05,,,
2021-10-09,星期六,0,,8683,2021-10-09 00:00:00,1,0,2024-07-02 14:14:05,0,2024-07-02 14:14:05,,,
2021-10-10,星期天,0,,8684,2021-10-10 00:00:00,1,0,2024-07-02 14:14:05,0,2024-07-02 14:14:05,,,
2021-10-11,星期一,0,,8685,2021-10-11 00:00:00,1,0,2024-07-02 14:14:05,0,2024-07-02 14:14:05,,,
2021-10-12,星期二,0,,8686,2021-10-12 00:00:00,1,0,2024-07-02 14:14:05,0,2024-07-02 14:14:05,,,
2021-10-13,星期三,0,,8687,2021-10-13 00:00:00,1,0,2024-07-02 14:14:05,0,2024-07-02 14:14:05,,,
2021-10-14,星期四,0,,8688,2021-10-14 00:00:00,1,0,2024-07-02 14:14:05,0,2024-07-02 14:14:05,,,
2021-10-15,星期五,0,,8689,2021-10-15 00:00:00,1,0,2024-07-02 14:14:05,0,2024-07-02 14:14:05,,,
2021-10-16,星期六,0,,8690,2021-10-16 00:00:00,1,0,2024-07-02 14:14:05,0,2024-07-02 14:14:05,,,
2021-10-17,星期天,0,,8691,2021-10-17 00:00:00,1,0,2024-07-02 14:14:05,0,2024-07-02 14:14:05,,,
2021-10-18,星期一,0,,8692,2021-10-18 00:00:00,1,0,2024-07-02 14:14:05,0,2024-07-02 14:14:05,,,
2021-10-19,星期二,0,,8693,2021-10-19 00:00:00,1,0,2024-07-02 14:14:05,0,2024-07-02 14:14:05,,,
2021-10-20,星期三,0,,8694,2021-10-20 00:00:00,1,0,2024-07-02 14:14:05,0,2024-07-02 14:14:05,,,
2021-10-21,星期四,0,,8695,2021-10-21 00:00:00,1,0,2024-07-02 14:14:05,0,2024-07-02 14:14:05,,,
2021-10-22,星期五,0,,8696,2021-10-22 00:00:00,1,0,2024-07-02 14:14:05,0,2024-07-02 14:14:05,,,
2021-10-23,星期六,0,,8697,2021-10-23 00:00:00,1,0,2024-07-02 14:14:05,0,2024-07-02 14:14:05,,,
2021-10-24,星期天,0,,8698,2021-10-24 00:00:00,1,0,2024-07-02 14:14:05,0,2024-07-02 14:14:05,,,
2021-10-25,星期一,0,,8699,2021-10-25 00:00:00,1,0,2024-07-02 14:14:05,0,2024-07-02 14:14:05,,,
2021-10-26,星期二,0,,8700,2021-10-26 00:00:00,1,0,2024-07-02 14:14:05,0,2024-07-02 14:14:05,,,
2021-10-27,星期三,0,,8701,2021-10-27 00:00:00,1,0,2024-07-02 14:14:05,0,2024-07-02 14:14:05,,,
2021-10-28,星期四,0,,8702,2021-10-28 00:00:00,1,0,2024-07-02 14:14:05,0,2024-07-02 14:14:05,,,
2021-10-29,星期五,0,,8703,2021-10-29 00:00:00,1,0,2024-07-02 14:14:05,0,2024-07-02 14:14:05,,,
2021-10-30,星期六,0,,8704,2021-10-30 00:00:00,1,0,2024-07-02 14:14:05,0,2024-07-02 14:14:05,,,
2021-10-31,星期天,0,,8705,2021-10-31 00:00:00,1,0,2024-07-02 14:14:05,0,2024-07-02 14:14:05,,,
2021-11-01,星期一,0,,8706,2021-11-01 00:00:00,1,0,2024-07-02 14:14:05,0,2024-07-02 14:14:05,,,
2021-11-02,星期二,0,,8707,2021-11-02 00:00:00,1,0,2024-07-02 14:14:05,0,2024-07-02 14:14:05,,,
2021-11-03,星期三,0,,8708,2021-11-03 00:00:00,1,0,2024-07-02 14:14:05,0,2024-07-02 14:14:05,,,
2021-11-04,星期四,0,,8709,2021-11-04 00:00:00,1,0,2024-07-02 14:14:05,0,2024-07-02 14:14:05,,,
2021-11-05,星期五,0,,8710,2021-11-05 00:00:00,1,0,2024-07-02 14:14:05,0,2024-07-02 14:14:05,,,
2021-11-06,星期六,0,,8711,2021-11-06 00:00:00,1,0,2024-07-02 14:14:05,0,2024-07-02 14:14:05,,,
2021-11-07,星期天,0,,8712,2021-11-07 00:00:00,1,0,2024-07-02 14:14:05,0,2024-07-02 14:14:05,,,
2021-11-08,星期一,0,,8713,2021-11-08 00:00:00,1,0,2024-07-02 14:14:05,0,2024-07-02 14:14:05,,,
2021-11-09,星期二,0,,8714,2021-11-09 00:00:00,1,0,2024-07-02 14:14:05,0,2024-07-02 14:14:05,,,
2021-11-10,星期三,0,,8715,2021-11-10 00:00:00,1,0,2024-07-02 14:14:05,0,2024-07-02 14:14:05,,,
2021-11-11,星期四,0,,8716,2021-11-11 00:00:00,1,0,2024-07-02 14:14:05,0,2024-07-02 14:14:05,,,
2021-11-12,星期五,0,,8717,2021-11-12 00:00:00,1,0,2024-07-02 14:14:05,0,2024-07-02 14:14:05,,,
2021-11-13,星期六,0,,8718,2021-11-13 00:00:00,1,0,2024-07-02 14:14:05,0,2024-07-02 14:14:05,,,
2021-11-14,星期天,0,,8719,2021-11-14 00:00:00,1,0,2024-07-02 14:14:05,0,2024-07-02 14:14:05,,,
2021-11-15,星期一,0,,8720,2021-11-15 00:00:00,1,0,2024-07-02 14:14:05,0,2024-07-02 14:14:05,,,
2021-11-16,星期二,0,,8721,2021-11-16 00:00:00,1,0,2024-07-02 14:14:05,0,2024-07-02 14:14:05,,,
2021-11-17,星期三,0,,8722,2021-11-17 00:00:00,1,0,2024-07-02 14:14:05,0,2024-07-02 14:14:05,,,
2021-11-18,星期四,0,,8723,2021-11-18 00:00:00,1,0,2024-07-02 14:14:05,0,2024-07-02 14:14:05,,,
2021-11-19,星期五,0,,8724,2021-11-19 00:00:00,1,0,2024-07-02 14:14:05,0,2024-07-02 14:14:05,,,
2021-11-20,星期六,0,,8725,2021-11-20 00:00:00,1,0,2024-07-02 14:14:05,0,2024-07-02 14:14:05,,,
2021-11-21,星期天,0,,8726,2021-11-21 00:00:00,1,0,2024-07-02 14:14:05,0,2024-07-02 14:14:05,,,
2021-11-22,星期一,0,,8727,2021-11-22 00:00:00,1,0,2024-07-02 14:14:05,0,2024-07-02 14:14:05,,,
2021-11-23,星期二,0,,8728,2021-11-23 00:00:00,1,0,2024-07-02 14:14:05,0,2024-07-02 14:14:05,,,
2021-11-24,星期三,0,,8729,2021-11-24 00:00:00,1,0,2024-07-02 14:14:05,0,2024-07-02 14:14:05,,,
2021-11-25,星期四,0,,8730,2021-11-25 00:00:00,1,0,2024-07-02 14:14:05,0,2024-07-02 14:14:05,,,
2021-11-26,星期五,0,,8731,2021-11-26 00:00:00,1,0,2024-07-02 14:14:05,0,2024-07-02 14:14:05,,,
2021-11-27,星期六,0,,8732,2021-11-27 00:00:00,1,0,2024-07-02 14:14:05,0,2024-07-02 14:14:05,,,
2021-11-28,星期天,0,,8733,2021-11-28 00:00:00,1,0,2024-07-02 14:14:05,0,2024-07-02 14:14:05,,,
2021-11-29,星期一,0,,8734,2021-11-29 00:00:00,1,0,2024-07-02 14:14:05,0,2024-07-02 14:14:05,,,
2021-11-30,星期二,0,,8735,2021-11-30 00:00:00,1,0,2024-07-02 14:14:05,0,2024-07-02 14:14:05,,,
2021-12-01,星期三,0,,8736,2021-12-01 00:00:00,1,0,2024-07-02 14:14:05,0,2024-07-02 14:14:05,,,
2021-12-02,星期四,0,,8737,2021-12-02 00:00:00,1,0,2024-07-02 14:14:05,0,2024-07-02 14:14:05,,,
2021-12-03,星期五,0,,8738,2021-12-03 00:00:00,1,0,2024-07-02 14:14:05,0,2024-07-02 14:14:05,,,
2021-12-04,星期六,0,,8739,2021-12-04 00:00:00,1,0,2024-07-02 14:14:05,0,2024-07-02 14:14:05,,,
2021-12-05,星期天,0,,8740,2021-12-05 00:00:00,1,0,2024-07-02 14:14:05,0,2024-07-02 14:14:05,,,
2021-12-06,星期一,0,,8741,2021-12-06 00:00:00,1,0,2024-07-02 14:14:05,0,2024-07-02 14:14:05,,,
2021-12-07,星期二,0,,8742,2021-12-07 00:00:00,1,0,2024-07-02 14:14:05,0,2024-07-02 14:14:05,,,
2021-12-08,星期三,0,,8743,2021-12-08 00:00:00,1,0,2024-07-02 14:14:05,0,2024-07-02 14:14:05,,,
2021-12-09,星期四,0,,8744,2021-12-09 00:00:00,1,0,2024-07-02 14:14:05,0,2024-07-02 14:14:05,,,
2021-12-10,星期五,0,,8745,2021-12-10 00:00:00,1,0,2024-07-02 14:14:05,0,2024-07-02 14:14:05,,,
2021-12-11,星期六,0,,8746,2021-12-11 00:00:00,1,0,2024-07-02 14:14:05,0,2024-07-02 14:14:05,,,
2021-12-12,星期天,0,,8747,2021-12-12 00:00:00,1,0,2024-07-02 14:14:05,0,2024-07-02 14:14:05,,,
2021-12-13,星期一,0,,8748,2021-12-13 00:00:00,1,0,2024-07-02 14:14:05,0,2024-07-02 14:14:05,,,
2021-12-14,星期二,0,,8749,2021-12-14 00:00:00,1,0,2024-07-02 14:14:05,0,2024-07-02 14:14:05,,,
2021-12-15,星期三,0,,8750,2021-12-15 00:00:00,1,0,2024-07-02 14:14:05,0,2024-07-02 14:14:05,,,
2021-12-16,星期四,0,,8751,2021-12-16 00:00:00,1,0,2024-07-02 14:14:05,0,2024-07-02 14:14:05,,,
2021-12-17,星期五,0,,8752,2021-12-17 00:00:00,1,0,2024-07-02 14:14:05,0,2024-07-02 14:14:05,,,
2021-12-18,星期六,0,,8753,2021-12-18 00:00:00,1,0,2024-07-02 14:14:05,0,2024-07-02 14:14:05,,,
2021-12-19,星期天,0,,8754,2021-12-19 00:00:00,1,0,2024-07-02 14:14:05,0,2024-07-02 14:14:05,,,
2021-12-20,星期一,0,,8755,2021-12-20 00:00:00,1,0,2024-07-02 14:14:05,0,2024-07-02 14:14:05,,,
2021-12-21,星期二,0,,8756,2021-12-21 00:00:00,1,0,2024-07-02 14:14:05,0,2024-07-02 14:14:05,,,
2021-12-22,星期三,0,,8757,2021-12-22 00:00:00,1,0,2024-07-02 14:14:05,0,2024-07-02 14:14:05,,,
2021-12-23,星期四,0,,8758,2021-12-23 00:00:00,1,0,2024-07-02 14:14:05,0,2024-07-02 14:14:05,,,
2021-12-24,星期五,0,,8759,2021-12-24 00:00:00,1,0,2024-07-02 14:14:05,0,2024-07-02 14:14:05,,,
2021-12-25,星期六,0,,8760,2021-12-25 00:00:00,1,0,2024-07-02 14:14:05,0,2024-07-02 14:14:05,,,
2021-12-26,星期天,0,,8761,2021-12-26 00:00:00,1,0,2024-07-02 14:14:05,0,2024-07-02 14:14:05,,,
2021-12-27,星期一,0,,8762,2021-12-27 00:00:00,1,0,2024-07-02 14:14:05,0,2024-07-02 14:14:05,,,
2021-12-28,星期二,0,,8763,2021-12-28 00:00:00,1,0,2024-07-02 14:14:05,0,2024-07-02 14:14:05,,,
2021-12-29,星期三,0,,8764,2021-12-29 00:00:00,1,0,2024-07-02 14:14:05,0,2024-07-02 14:14:05,,,
2021-12-30,星期四,0,,8765,2021-12-30 00:00:00,1,0,2024-07-02 14:14:05,0,2024-07-02 14:14:05,,,
2021-12-31,星期五,0,,8766,2021-12-31 00:00:00,1,0,2024-07-02 14:14:05,0,2024-07-02 14:14:05,,,
2020-01-01,星期三,1,元旦,8767,2020-01-01 00:00:00,1,0,2024-07-02 14:14:08,0,2024-07-02 14:14:08,,,
2020-01-02,星期四,0,,8768,2020-01-02 00:00:00,1,0,2024-07-02 14:14:08,0,2024-07-02 14:14:08,,,
2020-01-03,星期五,0,,8769,2020-01-03 00:00:00,1,0,2024-07-02 14:14:08,0,2024-07-02 14:14:08,,,
2020-01-04,星期六,0,,8770,2020-01-04 00:00:00,1,0,2024-07-02 14:14:08,0,2024-07-02 14:14:08,,,
2020-01-05,星期天,0,,8771,2020-01-05 00:00:00,1,0,2024-07-02 14:14:08,0,2024-07-02 14:14:08,,,
2020-01-06,星期一,0,,8772,2020-01-06 00:00:00,1,0,2024-07-02 14:14:08,0,2024-07-02 14:14:08,,,
2020-01-07,星期二,0,,8773,2020-01-07 00:00:00,1,0,2024-07-02 14:14:08,0,2024-07-02 14:14:08,,,
2020-01-08,星期三,0,,8774,2020-01-08 00:00:00,1,0,2024-07-02 14:14:08,0,2024-07-02 14:14:08,,,
2020-01-09,星期四,0,,8775,2020-01-09 00:00:00,1,0,2024-07-02 14:14:08,0,2024-07-02 14:14:08,,,
2020-01-10,星期五,0,,8776,2020-01-10 00:00:00,1,0,2024-07-02 14:14:08,0,2024-07-02 14:14:08,,,
2020-01-11,星期六,0,,8777,2020-01-11 00:00:00,1,0,2024-07-02 14:14:08,0,2024-07-02 14:14:08,,,
2020-01-12,星期天,0,,8778,2020-01-12 00:00:00,1,0,2024-07-02 14:14:08,0,2024-07-02 14:14:08,,,
2020-01-13,星期一,0,,8779,2020-01-13 00:00:00,1,0,2024-07-02 14:14:08,0,2024-07-02 14:14:08,,,
2020-01-14,星期二,0,,8780,2020-01-14 00:00:00,1,0,2024-07-02 14:14:08,0,2024-07-02 14:14:08,,,
2020-01-15,星期三,0,,8781,2020-01-15 00:00:00,1,0,2024-07-02 14:14:08,0,2024-07-02 14:14:08,,,
2020-01-16,星期四,0,,8782,2020-01-16 00:00:00,1,0,2024-07-02 14:14:08,0,2024-07-02 14:14:08,,,
2020-01-17,星期五,0,,8783,2020-01-17 00:00:00,1,0,2024-07-02 14:14:08,0,2024-07-02 14:14:08,,,
2020-01-18,星期六,0,,8784,2020-01-18 00:00:00,1,0,2024-07-02 14:14:08,0,2024-07-02 14:14:08,,,
2020-01-19,星期天,0,,8785,2020-01-19 00:00:00,1,0,2024-07-02 14:14:08,0,2024-07-02 14:14:08,,,
2020-01-20,星期一,0,,8786,2020-01-20 00:00:00,1,0,2024-07-02 14:14:08,0,2024-07-02 14:14:08,,,
2020-01-21,星期二,0,,8787,2020-01-21 00:00:00,1,0,2024-07-02 14:14:08,0,2024-07-02 14:14:08,,,
2020-01-22,星期三,0,,8788,2020-01-22 00:00:00,1,0,2024-07-02 14:14:08,0,2024-07-02 14:14:08,,,
2020-01-23,星期四,0,,8789,2020-01-23 00:00:00,1,0,2024-07-02 14:14:08,0,2024-07-02 14:14:08,,,
2020-01-24,星期五,1,除夕,8790,2020-01-24 00:00:00,1,0,2024-07-02 14:14:08,0,2024-07-02 14:14:08,,,
2020-01-25,星期六,1,初一,8791,2020-01-25 00:00:00,1,0,2024-07-02 14:14:08,0,2024-07-02 14:14:08,,,
2020-01-26,星期天,1,初二,8792,2020-01-26 00:00:00,1,0,2024-07-02 14:14:08,0,2024-07-02 14:14:08,,,
2020-01-27,星期一,1,初三,8793,2020-01-27 00:00:00,1,0,2024-07-02 14:14:08,0,2024-07-02 14:14:08,,,
2020-01-28,星期二,1,初四,8794,2020-01-28 00:00:00,1,0,2024-07-02 14:14:08,0,2024-07-02 14:14:08,,,
2020-01-29,星期三,1,初五,8795,2020-01-29 00:00:00,1,0,2024-07-02 14:14:08,0,2024-07-02 14:14:08,,,
2020-01-30,星期四,1,初六,8796,2020-01-30 00:00:00,1,0,2024-07-02 14:14:08,0,2024-07-02 14:14:08,,,
2020-01-31,星期五,0,,8797,2020-01-31 00:00:00,1,0,2024-07-02 14:14:08,0,2024-07-02 14:14:08,,,
2020-02-01,星期六,0,,8798,2020-02-01 00:00:00,1,0,2024-07-02 14:14:08,0,2024-07-02 14:14:08,,,
2020-02-02,星期天,0,,8799,2020-02-02 00:00:00,1,0,2024-07-02 14:14:08,0,2024-07-02 14:14:08,,,
2020-02-03,星期一,0,,8800,2020-02-03 00:00:00,1,0,2024-07-02 14:14:08,0,2024-07-02 14:14:08,,,
2020-02-04,星期二,0,,8801,2020-02-04 00:00:00,1,0,2024-07-02 14:14:08,0,2024-07-02 14:14:08,,,
2020-02-05,星期三,0,,8802,2020-02-05 00:00:00,1,0,2024-07-02 14:14:08,0,2024-07-02 14:14:08,,,
2020-02-06,星期四,0,,8803,2020-02-06 00:00:00,1,0,2024-07-02 14:14:08,0,2024-07-02 14:14:08,,,
2020-02-07,星期五,0,,8804,2020-02-07 00:00:00,1,0,2024-07-02 14:14:08,0,2024-07-02 14:14:08,,,
2020-02-08,星期六,0,,8805,2020-02-08 00:00:00,1,0,2024-07-02 14:14:08,0,2024-07-02 14:14:08,,,
2020-02-09,星期天,0,,8806,2020-02-09 00:00:00,1,0,2024-07-02 14:14:08,0,2024-07-02 14:14:08,,,
2020-02-10,星期一,0,,8807,2020-02-10 00:00:00,1,0,2024-07-02 14:14:08,0,2024-07-02 14:14:08,,,
2020-02-11,星期二,0,,8808,2020-02-11 00:00:00,1,0,2024-07-02 14:14:08,0,2024-07-02 14:14:08,,,
2020-02-12,星期三,0,,8809,2020-02-12 00:00:00,1,0,2024-07-02 14:14:08,0,2024-07-02 14:14:08,,,
2020-02-13,星期四,0,,8810,2020-02-13 00:00:00,1,0,2024-07-02 14:14:08,0,2024-07-02 14:14:08,,,
2020-02-14,星期五,0,,8811,2020-02-14 00:00:00,1,0,2024-07-02 14:14:08,0,2024-07-02 14:14:08,,,
2020-02-15,星期六,0,,8812,2020-02-15 00:00:00,1,0,2024-07-02 14:14:08,0,2024-07-02 14:14:08,,,
2020-02-16,星期天,0,,8813,2020-02-16 00:00:00,1,0,2024-07-02 14:14:08,0,2024-07-02 14:14:08,,,
2020-02-17,星期一,0,,8814,2020-02-17 00:00:00,1,0,2024-07-02 14:14:08,0,2024-07-02 14:14:08,,,
2020-02-18,星期二,0,,8815,2020-02-18 00:00:00,1,0,2024-07-02 14:14:08,0,2024-07-02 14:14:08,,,
2020-02-19,星期三,0,,8816,2020-02-19 00:00:00,1,0,2024-07-02 14:14:08,0,2024-07-02 14:14:08,,,
2020-02-20,星期四,0,,8817,2020-02-20 00:00:00,1,0,2024-07-02 14:14:08,0,2024-07-02 14:14:08,,,
2020-02-21,星期五,0,,8818,2020-02-21 00:00:00,1,0,2024-07-02 14:14:08,0,2024-07-02 14:14:08,,,
2020-02-22,星期六,0,,8819,2020-02-22 00:00:00,1,0,2024-07-02 14:14:08,0,2024-07-02 14:14:08,,,
2020-02-23,星期天,0,,8820,2020-02-23 00:00:00,1,0,2024-07-02 14:14:08,0,2024-07-02 14:14:08,,,
2020-02-24,星期一,0,,8821,2020-02-24 00:00:00,1,0,2024-07-02 14:14:08,0,2024-07-02 14:14:08,,,
2020-02-25,星期二,0,,8822,2020-02-25 00:00:00,1,0,2024-07-02 14:14:08,0,2024-07-02 14:14:08,,,
2020-02-26,星期三,0,,8823,2020-02-26 00:00:00,1,0,2024-07-02 14:14:08,0,2024-07-02 14:14:08,,,
2020-02-27,星期四,0,,8824,2020-02-27 00:00:00,1,0,2024-07-02 14:14:08,0,2024-07-02 14:14:08,,,
2020-02-28,星期五,0,,8825,2020-02-28 00:00:00,1,0,2024-07-02 14:14:08,0,2024-07-02 14:14:08,,,
2020-02-29,星期六,0,,8826,2020-02-29 00:00:00,1,0,2024-07-02 14:14:08,0,2024-07-02 14:14:08,,,
2020-03-01,星期天,0,,8827,2020-03-01 00:00:00,1,0,2024-07-02 14:14:08,0,2024-07-02 14:14:08,,,
2020-03-02,星期一,0,,8828,2020-03-02 00:00:00,1,0,2024-07-02 14:14:08,0,2024-07-02 14:14:08,,,
2020-03-03,星期二,0,,8829,2020-03-03 00:00:00,1,0,2024-07-02 14:14:08,0,2024-07-02 14:14:08,,,
2020-03-04,星期三,0,,8830,2020-03-04 00:00:00,1,0,2024-07-02 14:14:08,0,2024-07-02 14:14:08,,,
2020-03-05,星期四,0,,8831,2020-03-05 00:00:00,1,0,2024-07-02 14:14:08,0,2024-07-02 14:14:08,,,
2020-03-06,星期五,0,,8832,2020-03-06 00:00:00,1,0,2024-07-02 14:14:08,0,2024-07-02 14:14:08,,,
2020-03-07,星期六,0,,8833,2020-03-07 00:00:00,1,0,2024-07-02 14:14:08,0,2024-07-02 14:14:08,,,
2020-03-08,星期天,0,,8834,2020-03-08 00:00:00,1,0,2024-07-02 14:14:08,0,2024-07-02 14:14:08,,,
2020-03-09,星期一,0,,8835,2020-03-09 00:00:00,1,0,2024-07-02 14:14:08,0,2024-07-02 14:14:08,,,
2020-03-10,星期二,0,,8836,2020-03-10 00:00:00,1,0,2024-07-02 14:14:08,0,2024-07-02 14:14:08,,,
2020-03-11,星期三,0,,8837,2020-03-11 00:00:00,1,0,2024-07-02 14:14:08,0,2024-07-02 14:14:08,,,
2020-03-12,星期四,0,,8838,2020-03-12 00:00:00,1,0,2024-07-02 14:14:08,0,2024-07-02 14:14:08,,,
2020-03-13,星期五,0,,8839,2020-03-13 00:00:00,1,0,2024-07-02 14:14:08,0,2024-07-02 14:14:08,,,
2020-03-14,星期六,0,,8840,2020-03-14 00:00:00,1,0,2024-07-02 14:14:08,0,2024-07-02 14:14:08,,,
2020-03-15,星期天,0,,8841,2020-03-15 00:00:00,1,0,2024-07-02 14:14:08,0,2024-07-02 14:14:08,,,
2020-03-16,星期一,0,,8842,2020-03-16 00:00:00,1,0,2024-07-02 14:14:08,0,2024-07-02 14:14:08,,,
2020-03-17,星期二,0,,8843,2020-03-17 00:00:00,1,0,2024-07-02 14:14:08,0,2024-07-02 14:14:08,,,
2020-03-18,星期三,0,,8844,2020-03-18 00:00:00,1,0,2024-07-02 14:14:08,0,2024-07-02 14:14:08,,,
2020-03-19,星期四,0,,8845,2020-03-19 00:00:00,1,0,2024-07-02 14:14:08,0,2024-07-02 14:14:08,,,
2020-03-20,星期五,0,,8846,2020-03-20 00:00:00,1,0,2024-07-02 14:14:08,0,2024-07-02 14:14:08,,,
2020-03-21,星期六,0,,8847,2020-03-21 00:00:00,1,0,2024-07-02 14:14:08,0,2024-07-02 14:14:08,,,
2020-03-22,星期天,0,,8848,2020-03-22 00:00:00,1,0,2024-07-02 14:14:08,0,2024-07-02 14:14:08,,,
2020-03-23,星期一,0,,8849,2020-03-23 00:00:00,1,0,2024-07-02 14:14:08,0,2024-07-02 14:14:08,,,
2020-03-24,星期二,0,,8850,2020-03-24 00:00:00,1,0,2024-07-02 14:14:08,0,2024-07-02 14:14:08,,,
2020-03-25,星期三,0,,8851,2020-03-25 00:00:00,1,0,2024-07-02 14:14:08,0,2024-07-02 14:14:08,,,
2020-03-26,星期四,0,,8852,2020-03-26 00:00:00,1,0,2024-07-02 14:14:08,0,2024-07-02 14:14:08,,,
2020-03-27,星期五,0,,8853,2020-03-27 00:00:00,1,0,2024-07-02 14:14:08,0,2024-07-02 14:14:08,,,
2020-03-28,星期六,0,,8854,2020-03-28 00:00:00,1,0,2024-07-02 14:14:08,0,2024-07-02 14:14:08,,,
2020-03-29,星期天,0,,8855,2020-03-29 00:00:00,1,0,2024-07-02 14:14:08,0,2024-07-02 14:14:08,,,
2020-03-30,星期一,0,,8856,2020-03-30 00:00:00,1,0,2024-07-02 14:14:08,0,2024-07-02 14:14:08,,,
2020-03-31,星期二,0,,8857,2020-03-31 00:00:00,1,0,2024-07-02 14:14:08,0,2024-07-02 14:14:08,,,
2020-04-01,星期三,0,,8858,2020-04-01 00:00:00,1,0,2024-07-02 14:14:08,0,2024-07-02 14:14:08,,,
2020-04-02,星期四,0,,8859,2020-04-02 00:00:00,1,0,2024-07-02 14:14:08,0,2024-07-02 14:14:08,,,
2020-04-03,星期五,0,,8860,2020-04-03 00:00:00,1,0,2024-07-02 14:14:08,0,2024-07-02 14:14:08,,,
2020-04-04,星期六,1,清明节,8861,2020-04-04 00:00:00,1,0,2024-07-02 14:14:08,0,2024-07-02 14:14:08,,,
2020-04-05,星期天,1,清明节,8862,2020-04-05 00:00:00,1,0,2024-07-02 14:14:08,0,2024-07-02 14:14:08,,,
2020-04-06,星期一,1,清明节,8863,2020-04-06 00:00:00,1,0,2024-07-02 14:14:08,0,2024-07-02 14:14:08,,,
2020-04-07,星期二,0,,8864,2020-04-07 00:00:00,1,0,2024-07-02 14:14:08,0,2024-07-02 14:14:08,,,
2020-04-08,星期三,0,,8865,2020-04-08 00:00:00,1,0,2024-07-02 14:14:08,0,2024-07-02 14:14:08,,,
2020-04-09,星期四,0,,8866,2020-04-09 00:00:00,1,0,2024-07-02 14:14:08,0,2024-07-02 14:14:08,,,
2020-04-10,星期五,0,,8867,2020-04-10 00:00:00,1,0,2024-07-02 14:14:08,0,2024-07-02 14:14:08,,,
2020-04-11,星期六,0,,8868,2020-04-11 00:00:00,1,0,2024-07-02 14:14:08,0,2024-07-02 14:14:08,,,
2020-04-12,星期天,0,,8869,2020-04-12 00:00:00,1,0,2024-07-02 14:14:08,0,2024-07-02 14:14:08,,,
2020-04-13,星期一,0,,8870,2020-04-13 00:00:00,1,0,2024-07-02 14:14:08,0,2024-07-02 14:14:08,,,
2020-04-14,星期二,0,,8871,2020-04-14 00:00:00,1,0,2024-07-02 14:14:08,0,2024-07-02 14:14:08,,,
2020-04-15,星期三,0,,8872,2020-04-15 00:00:00,1,0,2024-07-02 14:14:08,0,2024-07-02 14:14:08,,,
2020-04-16,星期四,0,,8873,2020-04-16 00:00:00,1,0,2024-07-02 14:14:08,0,2024-07-02 14:14:08,,,
2020-04-17,星期五,0,,8874,2020-04-17 00:00:00,1,0,2024-07-02 14:14:08,0,2024-07-02 14:14:08,,,
2020-04-18,星期六,0,,8875,2020-04-18 00:00:00,1,0,2024-07-02 14:14:08,0,2024-07-02 14:14:08,,,
2020-04-19,星期天,0,,8876,2020-04-19 00:00:00,1,0,2024-07-02 14:14:08,0,2024-07-02 14:14:08,,,
2020-04-20,星期一,0,,8877,2020-04-20 00:00:00,1,0,2024-07-02 14:14:08,0,2024-07-02 14:14:08,,,
2020-04-21,星期二,0,,8878,2020-04-21 00:00:00,1,0,2024-07-02 14:14:08,0,2024-07-02 14:14:08,,,
2020-04-22,星期三,0,,8879,2020-04-22 00:00:00,1,0,2024-07-02 14:14:08,0,2024-07-02 14:14:08,,,
2020-04-23,星期四,0,,8880,2020-04-23 00:00:00,1,0,2024-07-02 14:14:08,0,2024-07-02 14:14:08,,,
2020-04-24,星期五,0,,8881,2020-04-24 00:00:00,1,0,2024-07-02 14:14:08,0,2024-07-02 14:14:08,,,
2020-04-25,星期六,0,,8882,2020-04-25 00:00:00,1,0,2024-07-02 14:14:08,0,2024-07-02 14:14:08,,,
2020-04-26,星期天,0,,8883,2020-04-26 00:00:00,1,0,2024-07-02 14:14:08,0,2024-07-02 14:14:08,,,
2020-04-27,星期一,0,,8884,2020-04-27 00:00:00,1,0,2024-07-02 14:14:08,0,2024-07-02 14:14:08,,,
2020-04-28,星期二,0,,8885,2020-04-28 00:00:00,1,0,2024-07-02 14:14:08,0,2024-07-02 14:14:08,,,
2020-04-29,星期三,0,,8886,2020-04-29 00:00:00,1,0,2024-07-02 14:14:08,0,2024-07-02 14:14:08,,,
2020-04-30,星期四,0,,8887,2020-04-30 00:00:00,1,0,2024-07-02 14:14:08,0,2024-07-02 14:14:08,,,
2020-05-01,星期五,1,劳动节,8888,2020-05-01 00:00:00,1,0,2024-07-02 14:14:08,0,2024-07-02 14:14:08,,,
2020-05-02,星期六,1,劳动节,8889,2020-05-02 00:00:00,1,0,2024-07-02 14:14:08,0,2024-07-02 14:14:08,,,
2020-05-03,星期天,1,劳动节,8890,2020-05-03 00:00:00,1,0,2024-07-02 14:14:08,0,2024-07-02 14:14:08,,,
2020-05-04,星期一,1,劳动节,8891,2020-05-04 00:00:00,1,0,2024-07-02 14:14:08,0,2024-07-02 14:14:08,,,
2020-05-05,星期二,1,劳动节,8892,2020-05-05 00:00:00,1,0,2024-07-02 14:14:08,0,2024-07-02 14:14:08,,,
2020-05-06,星期三,0,,8893,2020-05-06 00:00:00,1,0,2024-07-02 14:14:08,0,2024-07-02 14:14:08,,,
2020-05-07,星期四,0,,8894,2020-05-07 00:00:00,1,0,2024-07-02 14:14:08,0,2024-07-02 14:14:08,,,
2020-05-08,星期五,0,,8895,2020-05-08 00:00:00,1,0,2024-07-02 14:14:08,0,2024-07-02 14:14:08,,,
2020-05-09,星期六,0,,8896,2020-05-09 00:00:00,1,0,2024-07-02 14:14:08,0,2024-07-02 14:14:08,,,
2020-05-10,星期天,0,,8897,2020-05-10 00:00:00,1,0,2024-07-02 14:14:08,0,2024-07-02 14:14:08,,,
2020-05-11,星期一,0,,8898,2020-05-11 00:00:00,1,0,2024-07-02 14:14:08,0,2024-07-02 14:14:08,,,
2020-05-12,星期二,0,,8899,2020-05-12 00:00:00,1,0,2024-07-02 14:14:08,0,2024-07-02 14:14:08,,,
2020-05-13,星期三,0,,8900,2020-05-13 00:00:00,1,0,2024-07-02 14:14:08,0,2024-07-02 14:14:08,,,
2020-05-14,星期四,0,,8901,2020-05-14 00:00:00,1,0,2024-07-02 14:14:08,0,2024-07-02 14:14:08,,,
2020-05-15,星期五,0,,8902,2020-05-15 00:00:00,1,0,2024-07-02 14:14:08,0,2024-07-02 14:14:08,,,
2020-05-16,星期六,0,,8903,2020-05-16 00:00:00,1,0,2024-07-02 14:14:08,0,2024-07-02 14:14:08,,,
2020-05-17,星期天,0,,8904,2020-05-17 00:00:00,1,0,2024-07-02 14:14:08,0,2024-07-02 14:14:08,,,
2020-05-18,星期一,0,,8905,2020-05-18 00:00:00,1,0,2024-07-02 14:14:08,0,2024-07-02 14:14:08,,,
2020-05-19,星期二,0,,8906,2020-05-19 00:00:00,1,0,2024-07-02 14:14:08,0,2024-07-02 14:14:08,,,
2020-05-20,星期三,0,,8907,2020-05-20 00:00:00,1,0,2024-07-02 14:14:08,0,2024-07-02 14:14:08,,,
2020-05-21,星期四,0,,8908,2020-05-21 00:00:00,1,0,2024-07-02 14:14:08,0,2024-07-02 14:14:08,,,
2020-05-22,星期五,0,,8909,2020-05-22 00:00:00,1,0,2024-07-02 14:14:08,0,2024-07-02 14:14:08,,,
2020-05-23,星期六,0,,8910,2020-05-23 00:00:00,1,0,2024-07-02 14:14:08,0,2024-07-02 14:14:08,,,
2020-05-24,星期天,0,,8911,2020-05-24 00:00:00,1,0,2024-07-02 14:14:08,0,2024-07-02 14:14:08,,,
2020-05-25,星期一,0,,8912,2020-05-25 00:00:00,1,0,2024-07-02 14:14:08,0,2024-07-02 14:14:08,,,
2020-05-26,星期二,0,,8913,2020-05-26 00:00:00,1,0,2024-07-02 14:14:08,0,2024-07-02 14:14:08,,,
2020-05-27,星期三,0,,8914,2020-05-27 00:00:00,1,0,2024-07-02 14:14:08,0,2024-07-02 14:14:08,,,
2020-05-28,星期四,0,,8915,2020-05-28 00:00:00,1,0,2024-07-02 14:14:08,0,2024-07-02 14:14:08,,,
2020-05-29,星期五,0,,8916,2020-05-29 00:00:00,1,0,2024-07-02 14:14:08,0,2024-07-02 14:14:08,,,
2020-05-30,星期六,0,,8917,2020-05-30 00:00:00,1,0,2024-07-02 14:14:08,0,2024-07-02 14:14:08,,,
2020-05-31,星期天,0,,8918,2020-05-31 00:00:00,1,0,2024-07-02 14:14:08,0,2024-07-02 14:14:08,,,
2020-06-01,星期一,0,,8919,2020-06-01 00:00:00,1,0,2024-07-02 14:14:08,0,2024-07-02 14:14:08,,,
2020-06-02,星期二,0,,8920,2020-06-02 00:00:00,1,0,2024-07-02 14:14:08,0,2024-07-02 14:14:08,,,
2020-06-03,星期三,0,,8921,2020-06-03 00:00:00,1,0,2024-07-02 14:14:08,0,2024-07-02 14:14:08,,,
2020-06-04,星期四,0,,8922,2020-06-04 00:00:00,1,0,2024-07-02 14:14:08,0,2024-07-02 14:14:08,,,
2020-06-05,星期五,0,,8923,2020-06-05 00:00:00,1,0,2024-07-02 14:14:08,0,2024-07-02 14:14:08,,,
2020-06-06,星期六,0,,8924,2020-06-06 00:00:00,1,0,2024-07-02 14:14:08,0,2024-07-02 14:14:08,,,
2020-06-07,星期天,0,,8925,2020-06-07 00:00:00,1,0,2024-07-02 14:14:08,0,2024-07-02 14:14:08,,,
2020-06-08,星期一,0,,8926,2020-06-08 00:00:00,1,0,2024-07-02 14:14:08,0,2024-07-02 14:14:08,,,
2020-06-09,星期二,0,,8927,2020-06-09 00:00:00,1,0,2024-07-02 14:14:08,0,2024-07-02 14:14:08,,,
2020-06-10,星期三,0,,8928,2020-06-10 00:00:00,1,0,2024-07-02 14:14:08,0,2024-07-02 14:14:08,,,
2020-06-11,星期四,0,,8929,2020-06-11 00:00:00,1,0,2024-07-02 14:14:08,0,2024-07-02 14:14:08,,,
2020-06-12,星期五,0,,8930,2020-06-12 00:00:00,1,0,2024-07-02 14:14:08,0,2024-07-02 14:14:08,,,
2020-06-13,星期六,0,,8931,2020-06-13 00:00:00,1,0,2024-07-02 14:14:08,0,2024-07-02 14:14:08,,,
2020-06-14,星期天,0,,8932,2020-06-14 00:00:00,1,0,2024-07-02 14:14:08,0,2024-07-02 14:14:08,,,
2020-06-15,星期一,0,,8933,2020-06-15 00:00:00,1,0,2024-07-02 14:14:08,0,2024-07-02 14:14:08,,,
2020-06-16,星期二,0,,8934,2020-06-16 00:00:00,1,0,2024-07-02 14:14:08,0,2024-07-02 14:14:08,,,
2020-06-17,星期三,0,,8935,2020-06-17 00:00:00,1,0,2024-07-02 14:14:08,0,2024-07-02 14:14:08,,,
2020-06-18,星期四,0,,8936,2020-06-18 00:00:00,1,0,2024-07-02 14:14:08,0,2024-07-02 14:14:08,,,
2020-06-19,星期五,0,,8937,2020-06-19 00:00:00,1,0,2024-07-02 14:14:08,0,2024-07-02 14:14:08,,,
2020-06-20,星期六,0,,8938,2020-06-20 00:00:00,1,0,2024-07-02 14:14:08,0,2024-07-02 14:14:08,,,
2020-06-21,星期天,0,,8939,2020-06-21 00:00:00,1,0,2024-07-02 14:14:08,0,2024-07-02 14:14:08,,,
2020-06-22,星期一,0,,8940,2020-06-22 00:00:00,1,0,2024-07-02 14:14:08,0,2024-07-02 14:14:08,,,
2020-06-23,星期二,0,,8941,2020-06-23 00:00:00,1,0,2024-07-02 14:14:08,0,2024-07-02 14:14:08,,,
2020-06-24,星期三,0,,8942,2020-06-24 00:00:00,1,0,2024-07-02 14:14:08,0,2024-07-02 14:14:08,,,
2020-06-25,星期四,1,端午节,8943,2020-06-25 00:00:00,1,0,2024-07-02 14:14:08,0,2024-07-02 14:14:08,,,
2020-06-26,星期五,1,端午节,8944,2020-06-26 00:00:00,1,0,2024-07-02 14:14:08,0,2024-07-02 14:14:08,,,
2020-06-27,星期六,1,端午节,8945,2020-06-27 00:00:00,1,0,2024-07-02 14:14:08,0,2024-07-02 14:14:08,,,
2020-06-28,星期天,0,,8946,2020-06-28 00:00:00,1,0,2024-07-02 14:14:08,0,2024-07-02 14:14:08,,,
2020-06-29,星期一,0,,8947,2020-06-29 00:00:00,1,0,2024-07-02 14:14:08,0,2024-07-02 14:14:08,,,
2020-06-30,星期二,0,,8948,2020-06-30 00:00:00,1,0,2024-07-02 14:14:08,0,2024-07-02 14:14:08,,,
2020-07-01,星期三,0,,8949,2020-07-01 00:00:00,1,0,2024-07-02 14:14:08,0,2024-07-02 14:14:08,,,
2020-07-02,星期四,0,,8950,2020-07-02 00:00:00,1,0,2024-07-02 14:14:08,0,2024-07-02 14:14:08,,,
2020-07-03,星期五,0,,8951,2020-07-03 00:00:00,1,0,2024-07-02 14:14:08,0,2024-07-02 14:14:08,,,
2020-07-04,星期六,0,,8952,2020-07-04 00:00:00,1,0,2024-07-02 14:14:08,0,2024-07-02 14:14:08,,,
2020-07-05,星期天,0,,8953,2020-07-05 00:00:00,1,0,2024-07-02 14:14:08,0,2024-07-02 14:14:08,,,
2020-07-06,星期一,0,,8954,2020-07-06 00:00:00,1,0,2024-07-02 14:14:08,0,2024-07-02 14:14:08,,,
2020-07-07,星期二,0,,8955,2020-07-07 00:00:00,1,0,2024-07-02 14:14:08,0,2024-07-02 14:14:08,,,
2020-07-08,星期三,0,,8956,2020-07-08 00:00:00,1,0,2024-07-02 14:14:08,0,2024-07-02 14:14:08,,,
2020-07-09,星期四,0,,8957,2020-07-09 00:00:00,1,0,2024-07-02 14:14:08,0,2024-07-02 14:14:08,,,
2020-07-10,星期五,0,,8958,2020-07-10 00:00:00,1,0,2024-07-02 14:14:08,0,2024-07-02 14:14:08,,,
2020-07-11,星期六,0,,8959,2020-07-11 00:00:00,1,0,2024-07-02 14:14:08,0,2024-07-02 14:14:08,,,
2020-07-12,星期天,0,,8960,2020-07-12 00:00:00,1,0,2024-07-02 14:14:08,0,2024-07-02 14:14:08,,,
2020-07-13,星期一,0,,8961,2020-07-13 00:00:00,1,0,2024-07-02 14:14:08,0,2024-07-02 14:14:08,,,
2020-07-14,星期二,0,,8962,2020-07-14 00:00:00,1,0,2024-07-02 14:14:08,0,2024-07-02 14:14:08,,,
2020-07-15,星期三,0,,8963,2020-07-15 00:00:00,1,0,2024-07-02 14:14:08,0,2024-07-02 14:14:08,,,
2020-07-16,星期四,0,,8964,2020-07-16 00:00:00,1,0,2024-07-02 14:14:08,0,2024-07-02 14:14:08,,,
2020-07-17,星期五,0,,8965,2020-07-17 00:00:00,1,0,2024-07-02 14:14:08,0,2024-07-02 14:14:08,,,
2020-07-18,星期六,0,,8966,2020-07-18 00:00:00,1,0,2024-07-02 14:14:08,0,2024-07-02 14:14:08,,,
2020-07-19,星期天,0,,8967,2020-07-19 00:00:00,1,0,2024-07-02 14:14:08,0,2024-07-02 14:14:08,,,
2020-07-20,星期一,0,,8968,2020-07-20 00:00:00,1,0,2024-07-02 14:14:08,0,2024-07-02 14:14:08,,,
2020-07-21,星期二,0,,8969,2020-07-21 00:00:00,1,0,2024-07-02 14:14:08,0,2024-07-02 14:14:08,,,
2020-07-22,星期三,0,,8970,2020-07-22 00:00:00,1,0,2024-07-02 14:14:08,0,2024-07-02 14:14:08,,,
2020-07-23,星期四,0,,8971,2020-07-23 00:00:00,1,0,2024-07-02 14:14:08,0,2024-07-02 14:14:08,,,
2020-07-24,星期五,0,,8972,2020-07-24 00:00:00,1,0,2024-07-02 14:14:08,0,2024-07-02 14:14:08,,,
2020-07-25,星期六,0,,8973,2020-07-25 00:00:00,1,0,2024-07-02 14:14:08,0,2024-07-02 14:14:08,,,
2020-07-26,星期天,0,,8974,2020-07-26 00:00:00,1,0,2024-07-02 14:14:08,0,2024-07-02 14:14:08,,,
2020-07-27,星期一,0,,8975,2020-07-27 00:00:00,1,0,2024-07-02 14:14:08,0,2024-07-02 14:14:08,,,
2020-07-28,星期二,0,,8976,2020-07-28 00:00:00,1,0,2024-07-02 14:14:08,0,2024-07-02 14:14:08,,,
2020-07-29,星期三,0,,8977,2020-07-29 00:00:00,1,0,2024-07-02 14:14:08,0,2024-07-02 14:14:08,,,
2020-07-30,星期四,0,,8978,2020-07-30 00:00:00,1,0,2024-07-02 14:14:08,0,2024-07-02 14:14:08,,,
2020-07-31,星期五,0,,8979,2020-07-31 00:00:00,1,0,2024-07-02 14:14:08,0,2024-07-02 14:14:08,,,
2020-08-01,星期六,0,,8980,2020-08-01 00:00:00,1,0,2024-07-02 14:14:08,0,2024-07-02 14:14:08,,,
2020-08-02,星期天,0,,8981,2020-08-02 00:00:00,1,0,2024-07-02 14:14:08,0,2024-07-02 14:14:08,,,
2020-08-03,星期一,0,,8982,2020-08-03 00:00:00,1,0,2024-07-02 14:14:08,0,2024-07-02 14:14:08,,,
2020-08-04,星期二,0,,8983,2020-08-04 00:00:00,1,0,2024-07-02 14:14:08,0,2024-07-02 14:14:08,,,
2020-08-05,星期三,0,,8984,2020-08-05 00:00:00,1,0,2024-07-02 14:14:08,0,2024-07-02 14:14:08,,,
2020-08-06,星期四,0,,8985,2020-08-06 00:00:00,1,0,2024-07-02 14:14:08,0,2024-07-02 14:14:08,,,
2020-08-07,星期五,0,,8986,2020-08-07 00:00:00,1,0,2024-07-02 14:14:08,0,2024-07-02 14:14:08,,,
2020-08-08,星期六,0,,8987,2020-08-08 00:00:00,1,0,2024-07-02 14:14:08,0,2024-07-02 14:14:08,,,
2020-08-09,星期天,0,,8988,2020-08-09 00:00:00,1,0,2024-07-02 14:14:08,0,2024-07-02 14:14:08,,,
2020-08-10,星期一,0,,8989,2020-08-10 00:00:00,1,0,2024-07-02 14:14:08,0,2024-07-02 14:14:08,,,
2020-08-11,星期二,0,,8990,2020-08-11 00:00:00,1,0,2024-07-02 14:14:08,0,2024-07-02 14:14:08,,,
2020-08-12,星期三,0,,8991,2020-08-12 00:00:00,1,0,2024-07-02 14:14:08,0,2024-07-02 14:14:08,,,
2020-08-13,星期四,0,,8992,2020-08-13 00:00:00,1,0,2024-07-02 14:14:08,0,2024-07-02 14:14:08,,,
2020-08-14,星期五,0,,8993,2020-08-14 00:00:00,1,0,2024-07-02 14:14:08,0,2024-07-02 14:14:08,,,
2020-08-15,星期六,0,,8994,2020-08-15 00:00:00,1,0,2024-07-02 14:14:08,0,2024-07-02 14:14:08,,,
2020-08-16,星期天,0,,8995,2020-08-16 00:00:00,1,0,2024-07-02 14:14:08,0,2024-07-02 14:14:08,,,
2020-08-17,星期一,0,,8996,2020-08-17 00:00:00,1,0,2024-07-02 14:14:08,0,2024-07-02 14:14:08,,,
2020-08-18,星期二,0,,8997,2020-08-18 00:00:00,1,0,2024-07-02 14:14:08,0,2024-07-02 14:14:08,,,
2020-08-19,星期三,0,,8998,2020-08-19 00:00:00,1,0,2024-07-02 14:14:08,0,2024-07-02 14:14:08,,,
2020-08-20,星期四,0,,8999,2020-08-20 00:00:00,1,0,2024-07-02 14:14:08,0,2024-07-02 14:14:08,,,
2020-08-21,星期五,0,,9000,2020-08-21 00:00:00,1,0,2024-07-02 14:14:08,0,2024-07-02 14:14:08,,,
2020-08-22,星期六,0,,9001,2020-08-22 00:00:00,1,0,2024-07-02 14:14:08,0,2024-07-02 14:14:08,,,
2020-08-23,星期天,0,,9002,2020-08-23 00:00:00,1,0,2024-07-02 14:14:08,0,2024-07-02 14:14:08,,,
2020-08-24,星期一,0,,9003,2020-08-24 00:00:00,1,0,2024-07-02 14:14:08,0,2024-07-02 14:14:08,,,
2020-08-25,星期二,0,,9004,2020-08-25 00:00:00,1,0,2024-07-02 14:14:08,0,2024-07-02 14:14:08,,,
2020-08-26,星期三,0,,9005,2020-08-26 00:00:00,1,0,2024-07-02 14:14:08,0,2024-07-02 14:14:08,,,
2020-08-27,星期四,0,,9006,2020-08-27 00:00:00,1,0,2024-07-02 14:14:08,0,2024-07-02 14:14:08,,,
2020-08-28,星期五,0,,9007,2020-08-28 00:00:00,1,0,2024-07-02 14:14:08,0,2024-07-02 14:14:08,,,
2020-08-29,星期六,0,,9008,2020-08-29 00:00:00,1,0,2024-07-02 14:14:08,0,2024-07-02 14:14:08,,,
2020-08-30,星期天,0,,9009,2020-08-30 00:00:00,1,0,2024-07-02 14:14:08,0,2024-07-02 14:14:08,,,
2020-08-31,星期一,0,,9010,2020-08-31 00:00:00,1,0,2024-07-02 14:14:08,0,2024-07-02 14:14:08,,,
2020-09-01,星期二,0,,9011,2020-09-01 00:00:00,1,0,2024-07-02 14:14:08,0,2024-07-02 14:14:08,,,
2020-09-02,星期三,0,,9012,2020-09-02 00:00:00,1,0,2024-07-02 14:14:08,0,2024-07-02 14:14:08,,,
2020-09-03,星期四,0,,9013,2020-09-03 00:00:00,1,0,2024-07-02 14:14:08,0,2024-07-02 14:14:08,,,
2020-09-04,星期五,0,,9014,2020-09-04 00:00:00,1,0,2024-07-02 14:14:08,0,2024-07-02 14:14:08,,,
2020-09-05,星期六,0,,9015,2020-09-05 00:00:00,1,0,2024-07-02 14:14:08,0,2024-07-02 14:14:08,,,
2020-09-06,星期天,0,,9016,2020-09-06 00:00:00,1,0,2024-07-02 14:14:08,0,2024-07-02 14:14:08,,,
2020-09-07,星期一,0,,9017,2020-09-07 00:00:00,1,0,2024-07-02 14:14:08,0,2024-07-02 14:14:08,,,
2020-09-08,星期二,0,,9018,2020-09-08 00:00:00,1,0,2024-07-02 14:14:08,0,2024-07-02 14:14:08,,,
2020-09-09,星期三,0,,9019,2020-09-09 00:00:00,1,0,2024-07-02 14:14:08,0,2024-07-02 14:14:08,,,
2020-09-10,星期四,0,,9020,2020-09-10 00:00:00,1,0,2024-07-02 14:14:08,0,2024-07-02 14:14:08,,,
2020-09-11,星期五,0,,9021,2020-09-11 00:00:00,1,0,2024-07-02 14:14:08,0,2024-07-02 14:14:08,,,
2020-09-12,星期六,0,,9022,2020-09-12 00:00:00,1,0,2024-07-02 14:14:08,0,2024-07-02 14:14:08,,,
2020-09-13,星期天,0,,9023,2020-09-13 00:00:00,1,0,2024-07-02 14:14:08,0,2024-07-02 14:14:08,,,
2020-09-14,星期一,0,,9024,2020-09-14 00:00:00,1,0,2024-07-02 14:14:08,0,2024-07-02 14:14:08,,,
2020-09-15,星期二,0,,9025,2020-09-15 00:00:00,1,0,2024-07-02 14:14:08,0,2024-07-02 14:14:08,,,
2020-09-16,星期三,0,,9026,2020-09-16 00:00:00,1,0,2024-07-02 14:14:08,0,2024-07-02 14:14:08,,,
2020-09-17,星期四,0,,9027,2020-09-17 00:00:00,1,0,2024-07-02 14:14:08,0,2024-07-02 14:14:08,,,
2020-09-18,星期五,0,,9028,2020-09-18 00:00:00,1,0,2024-07-02 14:14:08,0,2024-07-02 14:14:08,,,
2020-09-19,星期六,0,,9029,2020-09-19 00:00:00,1,0,2024-07-02 14:14:08,0,2024-07-02 14:14:08,,,
2020-09-20,星期天,0,,9030,2020-09-20 00:00:00,1,0,2024-07-02 14:14:08,0,2024-07-02 14:14:08,,,
2020-09-21,星期一,0,,9031,2020-09-21 00:00:00,1,0,2024-07-02 14:14:08,0,2024-07-02 14:14:08,,,
2020-09-22,星期二,0,,9032,2020-09-22 00:00:00,1,0,2024-07-02 14:14:08,0,2024-07-02 14:14:08,,,
2020-09-23,星期三,0,,9033,2020-09-23 00:00:00,1,0,2024-07-02 14:14:08,0,2024-07-02 14:14:08,,,
2020-09-24,星期四,0,,9034,2020-09-24 00:00:00,1,0,2024-07-02 14:14:08,0,2024-07-02 14:14:08,,,
2020-09-25,星期五,0,,9035,2020-09-25 00:00:00,1,0,2024-07-02 14:14:08,0,2024-07-02 14:14:08,,,
2020-09-26,星期六,0,,9036,2020-09-26 00:00:00,1,0,2024-07-02 14:14:08,0,2024-07-02 14:14:08,,,
2020-09-27,星期天,0,,9037,2020-09-27 00:00:00,1,0,2024-07-02 14:14:08,0,2024-07-02 14:14:08,,,
2020-09-28,星期一,0,,9038,2020-09-28 00:00:00,1,0,2024-07-02 14:14:08,0,2024-07-02 14:14:08,,,
2020-09-29,星期二,0,,9039,2020-09-29 00:00:00,1,0,2024-07-02 14:14:08,0,2024-07-02 14:14:08,,,
2020-09-30,星期三,0,,9040,2020-09-30 00:00:00,1,0,2024-07-02 14:14:08,0,2024-07-02 14:14:08,,,
2020-10-01,星期四,1,中秋节,9041,2020-10-01 00:00:00,1,0,2024-07-02 14:14:08,0,2024-07-02 14:14:08,,,
2020-10-02,星期五,1,国庆节,9042,2020-10-02 00:00:00,1,0,2024-07-02 14:14:08,0,2024-07-02 14:14:08,,,
2020-10-03,星期六,1,国庆节,9043,2020-10-03 00:00:00,1,0,2024-07-02 14:14:08,0,2024-07-02 14:14:08,,,
2020-10-04,星期天,1,国庆节,9044,2020-10-04 00:00:00,1,0,2024-07-02 14:14:08,0,2024-07-02 14:14:08,,,
2020-10-05,星期一,1,国庆节,9045,2020-10-05 00:00:00,1,0,2024-07-02 14:14:08,0,2024-07-02 14:14:08,,,
2020-10-06,星期二,1,国庆节,9046,2020-10-06 00:00:00,1,0,2024-07-02 14:14:08,0,2024-07-02 14:14:08,,,
2020-10-07,星期三,1,国庆节,9047,2020-10-07 00:00:00,1,0,2024-07-02 14:14:08,0,2024-07-02 14:14:08,,,
2020-10-08,星期四,1,国庆节,9048,2020-10-08 00:00:00,1,0,2024-07-02 14:14:08,0,2024-07-02 14:14:08,,,
2020-10-09,星期五,0,,9049,2020-10-09 00:00:00,1,0,2024-07-02 14:14:08,0,2024-07-02 14:14:08,,,
2020-10-10,星期六,0,,9050,2020-10-10 00:00:00,1,0,2024-07-02 14:14:08,0,2024-07-02 14:14:08,,,
2020-10-11,星期天,0,,9051,2020-10-11 00:00:00,1,0,2024-07-02 14:14:08,0,2024-07-02 14:14:08,,,
2020-10-12,星期一,0,,9052,2020-10-12 00:00:00,1,0,2024-07-02 14:14:08,0,2024-07-02 14:14:08,,,
2020-10-13,星期二,0,,9053,2020-10-13 00:00:00,1,0,2024-07-02 14:14:08,0,2024-07-02 14:14:08,,,
2020-10-14,星期三,0,,9054,2020-10-14 00:00:00,1,0,2024-07-02 14:14:08,0,2024-07-02 14:14:08,,,
2020-10-15,星期四,0,,9055,2020-10-15 00:00:00,1,0,2024-07-02 14:14:08,0,2024-07-02 14:14:08,,,
2020-10-16,星期五,0,,9056,2020-10-16 00:00:00,1,0,2024-07-02 14:14:08,0,2024-07-02 14:14:08,,,
2020-10-17,星期六,0,,9057,2020-10-17 00:00:00,1,0,2024-07-02 14:14:08,0,2024-07-02 14:14:08,,,
2020-10-18,星期天,0,,9058,2020-10-18 00:00:00,1,0,2024-07-02 14:14:08,0,2024-07-02 14:14:08,,,
2020-10-19,星期一,0,,9059,2020-10-19 00:00:00,1,0,2024-07-02 14:14:08,0,2024-07-02 14:14:08,,,
2020-10-20,星期二,0,,9060,2020-10-20 00:00:00,1,0,2024-07-02 14:14:08,0,2024-07-02 14:14:08,,,
2020-10-21,星期三,0,,9061,2020-10-21 00:00:00,1,0,2024-07-02 14:14:08,0,2024-07-02 14:14:08,,,
2020-10-22,星期四,0,,9062,2020-10-22 00:00:00,1,0,2024-07-02 14:14:08,0,2024-07-02 14:14:08,,,
2020-10-23,星期五,0,,9063,2020-10-23 00:00:00,1,0,2024-07-02 14:14:08,0,2024-07-02 14:14:08,,,
2020-10-24,星期六,0,,9064,2020-10-24 00:00:00,1,0,2024-07-02 14:14:08,0,2024-07-02 14:14:08,,,
2020-10-25,星期天,0,,9065,2020-10-25 00:00:00,1,0,2024-07-02 14:14:08,0,2024-07-02 14:14:08,,,
2020-10-26,星期一,0,,9066,2020-10-26 00:00:00,1,0,2024-07-02 14:14:08,0,2024-07-02 14:14:08,,,
2020-10-27,星期二,0,,9067,2020-10-27 00:00:00,1,0,2024-07-02 14:14:08,0,2024-07-02 14:14:08,,,
2020-10-28,星期三,0,,9068,2020-10-28 00:00:00,1,0,2024-07-02 14:14:08,0,2024-07-02 14:14:08,,,
2020-10-29,星期四,0,,9069,2020-10-29 00:00:00,1,0,2024-07-02 14:14:08,0,2024-07-02 14:14:08,,,
2020-10-30,星期五,0,,9070,2020-10-30 00:00:00,1,0,2024-07-02 14:14:08,0,2024-07-02 14:14:08,,,
2020-10-31,星期六,0,,9071,2020-10-31 00:00:00,1,0,2024-07-02 14:14:08,0,2024-07-02 14:14:08,,,
2020-11-01,星期天,0,,9072,2020-11-01 00:00:00,1,0,2024-07-02 14:14:08,0,2024-07-02 14:14:08,,,
2020-11-02,星期一,0,,9073,2020-11-02 00:00:00,1,0,2024-07-02 14:14:08,0,2024-07-02 14:14:08,,,
2020-11-03,星期二,0,,9074,2020-11-03 00:00:00,1,0,2024-07-02 14:14:08,0,2024-07-02 14:14:08,,,
2020-11-04,星期三,0,,9075,2020-11-04 00:00:00,1,0,2024-07-02 14:14:08,0,2024-07-02 14:14:08,,,
2020-11-05,星期四,0,,9076,2020-11-05 00:00:00,1,0,2024-07-02 14:14:08,0,2024-07-02 14:14:08,,,
2020-11-06,星期五,0,,9077,2020-11-06 00:00:00,1,0,2024-07-02 14:14:08,0,2024-07-02 14:14:08,,,
2020-11-07,星期六,0,,9078,2020-11-07 00:00:00,1,0,2024-07-02 14:14:08,0,2024-07-02 14:14:08,,,
2020-11-08,星期天,0,,9079,2020-11-08 00:00:00,1,0,2024-07-02 14:14:08,0,2024-07-02 14:14:08,,,
2020-11-09,星期一,0,,9080,2020-11-09 00:00:00,1,0,2024-07-02 14:14:08,0,2024-07-02 14:14:08,,,
2020-11-10,星期二,0,,9081,2020-11-10 00:00:00,1,0,2024-07-02 14:14:08,0,2024-07-02 14:14:08,,,
2020-11-11,星期三,0,,9082,2020-11-11 00:00:00,1,0,2024-07-02 14:14:08,0,2024-07-02 14:14:08,,,
2020-11-12,星期四,0,,9083,2020-11-12 00:00:00,1,0,2024-07-02 14:14:08,0,2024-07-02 14:14:08,,,
2020-11-13,星期五,0,,9084,2020-11-13 00:00:00,1,0,2024-07-02 14:14:08,0,2024-07-02 14:14:08,,,
2020-11-14,星期六,0,,9085,2020-11-14 00:00:00,1,0,2024-07-02 14:14:08,0,2024-07-02 14:14:08,,,
2020-11-15,星期天,0,,9086,2020-11-15 00:00:00,1,0,2024-07-02 14:14:08,0,2024-07-02 14:14:08,,,
2020-11-16,星期一,0,,9087,2020-11-16 00:00:00,1,0,2024-07-02 14:14:08,0,2024-07-02 14:14:08,,,
2020-11-17,星期二,0,,9088,2020-11-17 00:00:00,1,0,2024-07-02 14:14:08,0,2024-07-02 14:14:08,,,
2020-11-18,星期三,0,,9089,2020-11-18 00:00:00,1,0,2024-07-02 14:14:08,0,2024-07-02 14:14:08,,,
2020-11-19,星期四,0,,9090,2020-11-19 00:00:00,1,0,2024-07-02 14:14:08,0,2024-07-02 14:14:08,,,
2020-11-20,星期五,0,,9091,2020-11-20 00:00:00,1,0,2024-07-02 14:14:08,0,2024-07-02 14:14:08,,,
2020-11-21,星期六,0,,9092,2020-11-21 00:00:00,1,0,2024-07-02 14:14:08,0,2024-07-02 14:14:08,,,
2020-11-22,星期天,0,,9093,2020-11-22 00:00:00,1,0,2024-07-02 14:14:08,0,2024-07-02 14:14:08,,,
2020-11-23,星期一,0,,9094,2020-11-23 00:00:00,1,0,2024-07-02 14:14:08,0,2024-07-02 14:14:08,,,
2020-11-24,星期二,0,,9095,2020-11-24 00:00:00,1,0,2024-07-02 14:14:08,0,2024-07-02 14:14:08,,,
2020-11-25,星期三,0,,9096,2020-11-25 00:00:00,1,0,2024-07-02 14:14:08,0,2024-07-02 14:14:08,,,
2020-11-26,星期四,0,,9097,2020-11-26 00:00:00,1,0,2024-07-02 14:14:08,0,2024-07-02 14:14:08,,,
2020-11-27,星期五,0,,9098,2020-11-27 00:00:00,1,0,2024-07-02 14:14:08,0,2024-07-02 14:14:08,,,
2020-11-28,星期六,0,,9099,2020-11-28 00:00:00,1,0,2024-07-02 14:14:08,0,2024-07-02 14:14:08,,,
2020-11-29,星期天,0,,9100,2020-11-29 00:00:00,1,0,2024-07-02 14:14:08,0,2024-07-02 14:14:08,,,
2020-11-30,星期一,0,,9101,2020-11-30 00:00:00,1,0,2024-07-02 14:14:08,0,2024-07-02 14:14:08,,,
2020-12-01,星期二,0,,9102,2020-12-01 00:00:00,1,0,2024-07-02 14:14:08,0,2024-07-02 14:14:08,,,
2020-12-02,星期三,0,,9103,2020-12-02 00:00:00,1,0,2024-07-02 14:14:08,0,2024-07-02 14:14:08,,,
2020-12-03,星期四,0,,9104,2020-12-03 00:00:00,1,0,2024-07-02 14:14:08,0,2024-07-02 14:14:08,,,
2020-12-04,星期五,0,,9105,2020-12-04 00:00:00,1,0,2024-07-02 14:14:08,0,2024-07-02 14:14:08,,,
2020-12-05,星期六,0,,9106,2020-12-05 00:00:00,1,0,2024-07-02 14:14:08,0,2024-07-02 14:14:08,,,
2020-12-06,星期天,0,,9107,2020-12-06 00:00:00,1,0,2024-07-02 14:14:08,0,2024-07-02 14:14:08,,,
2020-12-07,星期一,0,,9108,2020-12-07 00:00:00,1,0,2024-07-02 14:14:08,0,2024-07-02 14:14:08,,,
2020-12-08,星期二,0,,9109,2020-12-08 00:00:00,1,0,2024-07-02 14:14:08,0,2024-07-02 14:14:08,,,
2020-12-09,星期三,0,,9110,2020-12-09 00:00:00,1,0,2024-07-02 14:14:08,0,2024-07-02 14:14:08,,,
2020-12-10,星期四,0,,9111,2020-12-10 00:00:00,1,0,2024-07-02 14:14:08,0,2024-07-02 14:14:08,,,
2020-12-11,星期五,0,,9112,2020-12-11 00:00:00,1,0,2024-07-02 14:14:08,0,2024-07-02 14:14:08,,,
2020-12-12,星期六,0,,9113,2020-12-12 00:00:00,1,0,2024-07-02 14:14:08,0,2024-07-02 14:14:08,,,
2020-12-13,星期天,0,,9114,2020-12-13 00:00:00,1,0,2024-07-02 14:14:08,0,2024-07-02 14:14:08,,,
2020-12-14,星期一,0,,9115,2020-12-14 00:00:00,1,0,2024-07-02 14:14:08,0,2024-07-02 14:14:08,,,
2020-12-15,星期二,0,,9116,2020-12-15 00:00:00,1,0,2024-07-02 14:14:08,0,2024-07-02 14:14:08,,,
2020-12-16,星期三,0,,9117,2020-12-16 00:00:00,1,0,2024-07-02 14:14:08,0,2024-07-02 14:14:08,,,
2020-12-17,星期四,0,,9118,2020-12-17 00:00:00,1,0,2024-07-02 14:14:08,0,2024-07-02 14:14:08,,,
2020-12-18,星期五,0,,9119,2020-12-18 00:00:00,1,0,2024-07-02 14:14:08,0,2024-07-02 14:14:08,,,
2020-12-19,星期六,0,,9120,2020-12-19 00:00:00,1,0,2024-07-02 14:14:08,0,2024-07-02 14:14:08,,,
2020-12-20,星期天,0,,9121,2020-12-20 00:00:00,1,0,2024-07-02 14:14:08,0,2024-07-02 14:14:08,,,
2020-12-21,星期一,0,,9122,2020-12-21 00:00:00,1,0,2024-07-02 14:14:08,0,2024-07-02 14:14:08,,,
2020-12-22,星期二,0,,9123,2020-12-22 00:00:00,1,0,2024-07-02 14:14:08,0,2024-07-02 14:14:08,,,
2020-12-23,星期三,0,,9124,2020-12-23 00:00:00,1,0,2024-07-02 14:14:08,0,2024-07-02 14:14:08,,,
2020-12-24,星期四,0,,9125,2020-12-24 00:00:00,1,0,2024-07-02 14:14:08,0,2024-07-02 14:14:08,,,
2020-12-25,星期五,0,,9126,2020-12-25 00:00:00,1,0,2024-07-02 14:14:08,0,2024-07-02 14:14:08,,,
2020-12-26,星期六,0,,9127,2020-12-26 00:00:00,1,0,2024-07-02 14:14:08,0,2024-07-02 14:14:08,,,
2020-12-27,星期天,0,,9128,2020-12-27 00:00:00,1,0,2024-07-02 14:14:08,0,2024-07-02 14:14:08,,,
2020-12-28,星期一,0,,9129,2020-12-28 00:00:00,1,0,2024-07-02 14:14:08,0,2024-07-02 14:14:08,,,
2020-12-29,星期二,0,,9130,2020-12-29 00:00:00,1,0,2024-07-02 14:14:08,0,2024-07-02 14:14:08,,,
2020-12-30,星期三,0,,9131,2020-12-30 00:00:00,1,0,2024-07-02 14:14:08,0,2024-07-02 14:14:08,,,
2020-12-31,星期四,0,,9132,2020-12-31 00:00:00,1,0,2024-07-02 14:14:08,0,2024-07-02 14:14:08,,,
2019-01-01,星期二,1,元旦,9133,2019-01-01 00:00:00,1,0,2024-07-02 14:14:13,0,2024-07-02 14:14:13,,,
2019-01-02,星期三,0,,9134,2019-01-02 00:00:00,1,0,2024-07-02 14:14:13,0,2024-07-02 14:14:13,,,
2019-01-03,星期四,0,,9135,2019-01-03 00:00:00,1,0,2024-07-02 14:14:13,0,2024-07-02 14:14:13,,,
2019-01-04,星期五,0,,9136,2019-01-04 00:00:00,1,0,2024-07-02 14:14:13,0,2024-07-02 14:14:13,,,
2019-01-05,星期六,0,,9137,2019-01-05 00:00:00,1,0,2024-07-02 14:14:13,0,2024-07-02 14:14:13,,,
2019-01-06,星期天,0,,9138,2019-01-06 00:00:00,1,0,2024-07-02 14:14:13,0,2024-07-02 14:14:13,,,
2019-01-07,星期一,0,,9139,2019-01-07 00:00:00,1,0,2024-07-02 14:14:13,0,2024-07-02 14:14:13,,,
2019-01-08,星期二,0,,9140,2019-01-08 00:00:00,1,0,2024-07-02 14:14:13,0,2024-07-02 14:14:13,,,
2019-01-09,星期三,0,,9141,2019-01-09 00:00:00,1,0,2024-07-02 14:14:13,0,2024-07-02 14:14:13,,,
2019-01-10,星期四,0,,9142,2019-01-10 00:00:00,1,0,2024-07-02 14:14:13,0,2024-07-02 14:14:13,,,
2019-01-11,星期五,0,,9143,2019-01-11 00:00:00,1,0,2024-07-02 14:14:13,0,2024-07-02 14:14:13,,,
2019-01-12,星期六,0,,9144,2019-01-12 00:00:00,1,0,2024-07-02 14:14:13,0,2024-07-02 14:14:13,,,
2019-01-13,星期天,0,,9145,2019-01-13 00:00:00,1,0,2024-07-02 14:14:13,0,2024-07-02 14:14:13,,,
2019-01-14,星期一,0,,9146,2019-01-14 00:00:00,1,0,2024-07-02 14:14:13,0,2024-07-02 14:14:13,,,
2019-01-15,星期二,0,,9147,2019-01-15 00:00:00,1,0,2024-07-02 14:14:13,0,2024-07-02 14:14:13,,,
2019-01-16,星期三,0,,9148,2019-01-16 00:00:00,1,0,2024-07-02 14:14:13,0,2024-07-02 14:14:13,,,
2019-01-17,星期四,0,,9149,2019-01-17 00:00:00,1,0,2024-07-02 14:14:13,0,2024-07-02 14:14:13,,,
2019-01-18,星期五,0,,9150,2019-01-18 00:00:00,1,0,2024-07-02 14:14:13,0,2024-07-02 14:14:13,,,
2019-01-19,星期六,0,,9151,2019-01-19 00:00:00,1,0,2024-07-02 14:14:13,0,2024-07-02 14:14:13,,,
2019-01-20,星期天,0,,9152,2019-01-20 00:00:00,1,0,2024-07-02 14:14:13,0,2024-07-02 14:14:13,,,
2019-01-21,星期一,0,,9153,2019-01-21 00:00:00,1,0,2024-07-02 14:14:13,0,2024-07-02 14:14:13,,,
2019-01-22,星期二,0,,9154,2019-01-22 00:00:00,1,0,2024-07-02 14:14:13,0,2024-07-02 14:14:13,,,
2019-01-23,星期三,0,,9155,2019-01-23 00:00:00,1,0,2024-07-02 14:14:13,0,2024-07-02 14:14:13,,,
2019-01-24,星期四,0,,9156,2019-01-24 00:00:00,1,0,2024-07-02 14:14:13,0,2024-07-02 14:14:13,,,
2019-01-25,星期五,0,,9157,2019-01-25 00:00:00,1,0,2024-07-02 14:14:13,0,2024-07-02 14:14:13,,,
2019-01-26,星期六,0,,9158,2019-01-26 00:00:00,1,0,2024-07-02 14:14:13,0,2024-07-02 14:14:13,,,
2019-01-27,星期天,0,,9159,2019-01-27 00:00:00,1,0,2024-07-02 14:14:13,0,2024-07-02 14:14:13,,,
2019-01-28,星期一,0,,9160,2019-01-28 00:00:00,1,0,2024-07-02 14:14:13,0,2024-07-02 14:14:13,,,
2019-01-29,星期二,0,,9161,2019-01-29 00:00:00,1,0,2024-07-02 14:14:13,0,2024-07-02 14:14:13,,,
2019-01-30,星期三,0,,9162,2019-01-30 00:00:00,1,0,2024-07-02 14:14:13,0,2024-07-02 14:14:13,,,
2019-01-31,星期四,0,,9163,2019-01-31 00:00:00,1,0,2024-07-02 14:14:13,0,2024-07-02 14:14:13,,,
2019-02-01,星期五,0,,9164,2019-02-01 00:00:00,1,0,2024-07-02 14:14:13,0,2024-07-02 14:14:13,,,
2019-02-02,星期六,0,,9165,2019-02-02 00:00:00,1,0,2024-07-02 14:14:13,0,2024-07-02 14:14:13,,,
2019-02-03,星期天,0,,9166,2019-02-03 00:00:00,1,0,2024-07-02 14:14:13,0,2024-07-02 14:14:13,,,
2019-02-04,星期一,1,除夕,9167,2019-02-04 00:00:00,1,0,2024-07-02 14:14:13,0,2024-07-02 14:14:13,,,
2019-02-05,星期二,1,春节,9168,2019-02-05 00:00:00,1,0,2024-07-02 14:14:13,0,2024-07-02 14:14:13,,,
2019-02-06,星期三,1,春节,9169,2019-02-06 00:00:00,1,0,2024-07-02 14:14:13,0,2024-07-02 14:14:13,,,
2019-02-07,星期四,1,春节,9170,2019-02-07 00:00:00,1,0,2024-07-02 14:14:13,0,2024-07-02 14:14:13,,,
2019-02-08,星期五,1,春节,9171,2019-02-08 00:00:00,1,0,2024-07-02 14:14:13,0,2024-07-02 14:14:13,,,
2019-02-09,星期六,1,春节,9172,2019-02-09 00:00:00,1,0,2024-07-02 14:14:13,0,2024-07-02 14:14:13,,,
2019-02-10,星期天,1,春节,9173,2019-02-10 00:00:00,1,0,2024-07-02 14:14:13,0,2024-07-02 14:14:13,,,
2019-02-11,星期一,0,,9174,2019-02-11 00:00:00,1,0,2024-07-02 14:14:13,0,2024-07-02 14:14:13,,,
2019-02-12,星期二,0,,9175,2019-02-12 00:00:00,1,0,2024-07-02 14:14:13,0,2024-07-02 14:14:13,,,
2019-02-13,星期三,0,,9176,2019-02-13 00:00:00,1,0,2024-07-02 14:14:13,0,2024-07-02 14:14:13,,,
2019-02-14,星期四,0,,9177,2019-02-14 00:00:00,1,0,2024-07-02 14:14:13,0,2024-07-02 14:14:13,,,
2019-02-15,星期五,0,,9178,2019-02-15 00:00:00,1,0,2024-07-02 14:14:13,0,2024-07-02 14:14:13,,,
2019-02-16,星期六,0,,9179,2019-02-16 00:00:00,1,0,2024-07-02 14:14:13,0,2024-07-02 14:14:13,,,
2019-02-17,星期天,0,,9180,2019-02-17 00:00:00,1,0,2024-07-02 14:14:13,0,2024-07-02 14:14:13,,,
2019-02-18,星期一,0,,9181,2019-02-18 00:00:00,1,0,2024-07-02 14:14:13,0,2024-07-02 14:14:13,,,
2019-02-19,星期二,0,,9182,2019-02-19 00:00:00,1,0,2024-07-02 14:14:13,0,2024-07-02 14:14:13,,,
2019-02-20,星期三,0,,9183,2019-02-20 00:00:00,1,0,2024-07-02 14:14:13,0,2024-07-02 14:14:13,,,
2019-02-21,星期四,0,,9184,2019-02-21 00:00:00,1,0,2024-07-02 14:14:13,0,2024-07-02 14:14:13,,,
2019-02-22,星期五,0,,9185,2019-02-22 00:00:00,1,0,2024-07-02 14:14:13,0,2024-07-02 14:14:13,,,
2019-02-23,星期六,0,,9186,2019-02-23 00:00:00,1,0,2024-07-02 14:14:13,0,2024-07-02 14:14:13,,,
2019-02-24,星期天,0,,9187,2019-02-24 00:00:00,1,0,2024-07-02 14:14:13,0,2024-07-02 14:14:13,,,
2019-02-25,星期一,0,,9188,2019-02-25 00:00:00,1,0,2024-07-02 14:14:13,0,2024-07-02 14:14:13,,,
2019-02-26,星期二,0,,9189,2019-02-26 00:00:00,1,0,2024-07-02 14:14:13,0,2024-07-02 14:14:13,,,
2019-02-27,星期三,0,,9190,2019-02-27 00:00:00,1,0,2024-07-02 14:14:13,0,2024-07-02 14:14:13,,,
2019-02-28,星期四,0,,9191,2019-02-28 00:00:00,1,0,2024-07-02 14:14:13,0,2024-07-02 14:14:13,,,
2019-03-01,星期五,0,,9192,2019-03-01 00:00:00,1,0,2024-07-02 14:14:13,0,2024-07-02 14:14:13,,,
2019-03-02,星期六,0,,9193,2019-03-02 00:00:00,1,0,2024-07-02 14:14:13,0,2024-07-02 14:14:13,,,
2019-03-03,星期天,0,,9194,2019-03-03 00:00:00,1,0,2024-07-02 14:14:13,0,2024-07-02 14:14:13,,,
2019-03-04,星期一,0,,9195,2019-03-04 00:00:00,1,0,2024-07-02 14:14:13,0,2024-07-02 14:14:13,,,
2019-03-05,星期二,0,,9196,2019-03-05 00:00:00,1,0,2024-07-02 14:14:13,0,2024-07-02 14:14:13,,,
2019-03-06,星期三,0,,9197,2019-03-06 00:00:00,1,0,2024-07-02 14:14:13,0,2024-07-02 14:14:13,,,
2019-03-07,星期四,0,,9198,2019-03-07 00:00:00,1,0,2024-07-02 14:14:13,0,2024-07-02 14:14:13,,,
2019-03-08,星期五,0,,9199,2019-03-08 00:00:00,1,0,2024-07-02 14:14:13,0,2024-07-02 14:14:13,,,
2019-03-09,星期六,0,,9200,2019-03-09 00:00:00,1,0,2024-07-02 14:14:13,0,2024-07-02 14:14:13,,,
2019-03-10,星期天,0,,9201,2019-03-10 00:00:00,1,0,2024-07-02 14:14:13,0,2024-07-02 14:14:13,,,
2019-03-11,星期一,0,,9202,2019-03-11 00:00:00,1,0,2024-07-02 14:14:13,0,2024-07-02 14:14:13,,,
2019-03-12,星期二,0,,9203,2019-03-12 00:00:00,1,0,2024-07-02 14:14:13,0,2024-07-02 14:14:13,,,
2019-03-13,星期三,0,,9204,2019-03-13 00:00:00,1,0,2024-07-02 14:14:13,0,2024-07-02 14:14:13,,,
2019-03-14,星期四,0,,9205,2019-03-14 00:00:00,1,0,2024-07-02 14:14:13,0,2024-07-02 14:14:13,,,
2019-03-15,星期五,0,,9206,2019-03-15 00:00:00,1,0,2024-07-02 14:14:13,0,2024-07-02 14:14:13,,,
2019-03-16,星期六,0,,9207,2019-03-16 00:00:00,1,0,2024-07-02 14:14:13,0,2024-07-02 14:14:13,,,
2019-03-17,星期天,0,,9208,2019-03-17 00:00:00,1,0,2024-07-02 14:14:13,0,2024-07-02 14:14:13,,,
2019-03-18,星期一,0,,9209,2019-03-18 00:00:00,1,0,2024-07-02 14:14:13,0,2024-07-02 14:14:13,,,
2019-03-19,星期二,0,,9210,2019-03-19 00:00:00,1,0,2024-07-02 14:14:13,0,2024-07-02 14:14:13,,,
2019-03-20,星期三,0,,9211,2019-03-20 00:00:00,1,0,2024-07-02 14:14:13,0,2024-07-02 14:14:13,,,
2019-03-21,星期四,0,,9212,2019-03-21 00:00:00,1,0,2024-07-02 14:14:13,0,2024-07-02 14:14:13,,,
2019-03-22,星期五,0,,9213,2019-03-22 00:00:00,1,0,2024-07-02 14:14:13,0,2024-07-02 14:14:13,,,
2019-03-23,星期六,0,,9214,2019-03-23 00:00:00,1,0,2024-07-02 14:14:13,0,2024-07-02 14:14:13,,,
2019-03-24,星期天,0,,9215,2019-03-24 00:00:00,1,0,2024-07-02 14:14:13,0,2024-07-02 14:14:13,,,
2019-03-25,星期一,0,,9216,2019-03-25 00:00:00,1,0,2024-07-02 14:14:13,0,2024-07-02 14:14:13,,,
2019-03-26,星期二,0,,9217,2019-03-26 00:00:00,1,0,2024-07-02 14:14:13,0,2024-07-02 14:14:13,,,
2019-03-27,星期三,0,,9218,2019-03-27 00:00:00,1,0,2024-07-02 14:14:13,0,2024-07-02 14:14:13,,,
2019-03-28,星期四,0,,9219,2019-03-28 00:00:00,1,0,2024-07-02 14:14:13,0,2024-07-02 14:14:13,,,
2019-03-29,星期五,0,,9220,2019-03-29 00:00:00,1,0,2024-07-02 14:14:13,0,2024-07-02 14:14:13,,,
2019-03-30,星期六,0,,9221,2019-03-30 00:00:00,1,0,2024-07-02 14:14:13,0,2024-07-02 14:14:13,,,
2019-03-31,星期天,0,,9222,2019-03-31 00:00:00,1,0,2024-07-02 14:14:13,0,2024-07-02 14:14:13,,,
2019-04-01,星期一,0,,9223,2019-04-01 00:00:00,1,0,2024-07-02 14:14:13,0,2024-07-02 14:14:13,,,
2019-04-02,星期二,0,,9224,2019-04-02 00:00:00,1,0,2024-07-02 14:14:13,0,2024-07-02 14:14:13,,,
2019-04-03,星期三,0,,9225,2019-04-03 00:00:00,1,0,2024-07-02 14:14:13,0,2024-07-02 14:14:13,,,
2019-04-04,星期四,0,,9226,2019-04-04 00:00:00,1,0,2024-07-02 14:14:13,0,2024-07-02 14:14:13,,,
2019-04-05,星期五,1,清明节,9227,2019-04-05 00:00:00,1,0,2024-07-02 14:14:13,0,2024-07-02 14:14:13,,,
2019-04-06,星期六,1,清明节,9228,2019-04-06 00:00:00,1,0,2024-07-02 14:14:13,0,2024-07-02 14:14:13,,,
2019-04-07,星期天,1,清明节,9229,2019-04-07 00:00:00,1,0,2024-07-02 14:14:13,0,2024-07-02 14:14:13,,,
2019-04-08,星期一,0,,9230,2019-04-08 00:00:00,1,0,2024-07-02 14:14:13,0,2024-07-02 14:14:13,,,
2019-04-09,星期二,0,,9231,2019-04-09 00:00:00,1,0,2024-07-02 14:14:13,0,2024-07-02 14:14:13,,,
2019-04-10,星期三,0,,9232,2019-04-10 00:00:00,1,0,2024-07-02 14:14:13,0,2024-07-02 14:14:13,,,
2019-04-11,星期四,0,,9233,2019-04-11 00:00:00,1,0,2024-07-02 14:14:13,0,2024-07-02 14:14:13,,,
2019-04-12,星期五,0,,9234,2019-04-12 00:00:00,1,0,2024-07-02 14:14:13,0,2024-07-02 14:14:13,,,
2019-04-13,星期六,0,,9235,2019-04-13 00:00:00,1,0,2024-07-02 14:14:13,0,2024-07-02 14:14:13,,,
2019-04-14,星期天,0,,9236,2019-04-14 00:00:00,1,0,2024-07-02 14:14:13,0,2024-07-02 14:14:13,,,
2019-04-15,星期一,0,,9237,2019-04-15 00:00:00,1,0,2024-07-02 14:14:13,0,2024-07-02 14:14:13,,,
2019-04-16,星期二,0,,9238,2019-04-16 00:00:00,1,0,2024-07-02 14:14:13,0,2024-07-02 14:14:13,,,
2019-04-17,星期三,0,,9239,2019-04-17 00:00:00,1,0,2024-07-02 14:14:13,0,2024-07-02 14:14:13,,,
2019-04-18,星期四,0,,9240,2019-04-18 00:00:00,1,0,2024-07-02 14:14:13,0,2024-07-02 14:14:13,,,
2019-04-19,星期五,0,,9241,2019-04-19 00:00:00,1,0,2024-07-02 14:14:13,0,2024-07-02 14:14:13,,,
2019-04-20,星期六,0,,9242,2019-04-20 00:00:00,1,0,2024-07-02 14:14:13,0,2024-07-02 14:14:13,,,
2019-04-21,星期天,0,,9243,2019-04-21 00:00:00,1,0,2024-07-02 14:14:13,0,2024-07-02 14:14:13,,,
2019-04-22,星期一,0,,9244,2019-04-22 00:00:00,1,0,2024-07-02 14:14:13,0,2024-07-02 14:14:13,,,
2019-04-23,星期二,0,,9245,2019-04-23 00:00:00,1,0,2024-07-02 14:14:13,0,2024-07-02 14:14:13,,,
2019-04-24,星期三,0,,9246,2019-04-24 00:00:00,1,0,2024-07-02 14:14:13,0,2024-07-02 14:14:13,,,
2019-04-25,星期四,0,,9247,2019-04-25 00:00:00,1,0,2024-07-02 14:14:13,0,2024-07-02 14:14:13,,,
2019-04-26,星期五,0,,9248,2019-04-26 00:00:00,1,0,2024-07-02 14:14:13,0,2024-07-02 14:14:13,,,
2019-04-27,星期六,0,,9249,2019-04-27 00:00:00,1,0,2024-07-02 14:14:13,0,2024-07-02 14:14:13,,,
2019-04-28,星期天,0,,9250,2019-04-28 00:00:00,1,0,2024-07-02 14:14:13,0,2024-07-02 14:14:13,,,
2019-04-29,星期一,0,,9251,2019-04-29 00:00:00,1,0,2024-07-02 14:14:13,0,2024-07-02 14:14:13,,,
2019-04-30,星期二,0,,9252,2019-04-30 00:00:00,1,0,2024-07-02 14:14:13,0,2024-07-02 14:14:13,,,
2019-05-01,星期三,1,劳动节,9253,2019-05-01 00:00:00,1,0,2024-07-02 14:14:13,0,2024-07-02 14:14:13,,,
2019-05-02,星期四,1,劳动节,9254,2019-05-02 00:00:00,1,0,2024-07-02 14:14:13,0,2024-07-02 14:14:13,,,
2019-05-03,星期五,1,劳动节,9255,2019-05-03 00:00:00,1,0,2024-07-02 14:14:13,0,2024-07-02 14:14:13,,,
2019-05-04,星期六,1,劳动节,9256,2019-05-04 00:00:00,1,0,2024-07-02 14:14:13,0,2024-07-02 14:14:13,,,
2019-05-05,星期天,0,,9257,2019-05-05 00:00:00,1,0,2024-07-02 14:14:13,0,2024-07-02 14:14:13,,,
2019-05-06,星期一,0,,9258,2019-05-06 00:00:00,1,0,2024-07-02 14:14:13,0,2024-07-02 14:14:13,,,
2019-05-07,星期二,0,,9259,2019-05-07 00:00:00,1,0,2024-07-02 14:14:13,0,2024-07-02 14:14:13,,,
2019-05-08,星期三,0,,9260,2019-05-08 00:00:00,1,0,2024-07-02 14:14:13,0,2024-07-02 14:14:13,,,
2019-05-09,星期四,0,,9261,2019-05-09 00:00:00,1,0,2024-07-02 14:14:13,0,2024-07-02 14:14:13,,,
2019-05-10,星期五,0,,9262,2019-05-10 00:00:00,1,0,2024-07-02 14:14:13,0,2024-07-02 14:14:13,,,
2019-05-11,星期六,0,,9263,2019-05-11 00:00:00,1,0,2024-07-02 14:14:13,0,2024-07-02 14:14:13,,,
2019-05-12,星期天,0,,9264,2019-05-12 00:00:00,1,0,2024-07-02 14:14:13,0,2024-07-02 14:14:13,,,
2019-05-13,星期一,0,,9265,2019-05-13 00:00:00,1,0,2024-07-02 14:14:13,0,2024-07-02 14:14:13,,,
2019-05-14,星期二,0,,9266,2019-05-14 00:00:00,1,0,2024-07-02 14:14:13,0,2024-07-02 14:14:13,,,
2019-05-15,星期三,0,,9267,2019-05-15 00:00:00,1,0,2024-07-02 14:14:13,0,2024-07-02 14:14:13,,,
2019-05-16,星期四,0,,9268,2019-05-16 00:00:00,1,0,2024-07-02 14:14:13,0,2024-07-02 14:14:13,,,
2019-05-17,星期五,0,,9269,2019-05-17 00:00:00,1,0,2024-07-02 14:14:13,0,2024-07-02 14:14:13,,,
2019-05-18,星期六,0,,9270,2019-05-18 00:00:00,1,0,2024-07-02 14:14:13,0,2024-07-02 14:14:13,,,
2019-05-19,星期天,0,,9271,2019-05-19 00:00:00,1,0,2024-07-02 14:14:13,0,2024-07-02 14:14:13,,,
2019-05-20,星期一,0,,9272,2019-05-20 00:00:00,1,0,2024-07-02 14:14:13,0,2024-07-02 14:14:13,,,
2019-05-21,星期二,0,,9273,2019-05-21 00:00:00,1,0,2024-07-02 14:14:13,0,2024-07-02 14:14:13,,,
2019-05-22,星期三,0,,9274,2019-05-22 00:00:00,1,0,2024-07-02 14:14:13,0,2024-07-02 14:14:13,,,
2019-05-23,星期四,0,,9275,2019-05-23 00:00:00,1,0,2024-07-02 14:14:13,0,2024-07-02 14:14:13,,,
2019-05-24,星期五,0,,9276,2019-05-24 00:00:00,1,0,2024-07-02 14:14:13,0,2024-07-02 14:14:13,,,
2019-05-25,星期六,0,,9277,2019-05-25 00:00:00,1,0,2024-07-02 14:14:13,0,2024-07-02 14:14:13,,,
2019-05-26,星期天,0,,9278,2019-05-26 00:00:00,1,0,2024-07-02 14:14:13,0,2024-07-02 14:14:13,,,
2019-05-27,星期一,0,,9279,2019-05-27 00:00:00,1,0,2024-07-02 14:14:13,0,2024-07-02 14:14:13,,,
2019-05-28,星期二,0,,9280,2019-05-28 00:00:00,1,0,2024-07-02 14:14:13,0,2024-07-02 14:14:13,,,
2019-05-29,星期三,0,,9281,2019-05-29 00:00:00,1,0,2024-07-02 14:14:13,0,2024-07-02 14:14:13,,,
2019-05-30,星期四,0,,9282,2019-05-30 00:00:00,1,0,2024-07-02 14:14:13,0,2024-07-02 14:14:13,,,
2019-05-31,星期五,0,,9283,2019-05-31 00:00:00,1,0,2024-07-02 14:14:13,0,2024-07-02 14:14:13,,,
2019-06-01,星期六,0,,9284,2019-06-01 00:00:00,1,0,2024-07-02 14:14:13,0,2024-07-02 14:14:13,,,
2019-06-02,星期天,0,,9285,2019-06-02 00:00:00,1,0,2024-07-02 14:14:13,0,2024-07-02 14:14:13,,,
2019-06-03,星期一,0,,9286,2019-06-03 00:00:00,1,0,2024-07-02 14:14:13,0,2024-07-02 14:14:13,,,
2019-06-04,星期二,0,,9287,2019-06-04 00:00:00,1,0,2024-07-02 14:14:13,0,2024-07-02 14:14:13,,,
2019-06-05,星期三,0,,9288,2019-06-05 00:00:00,1,0,2024-07-02 14:14:13,0,2024-07-02 14:14:13,,,
2019-06-06,星期四,0,,9289,2019-06-06 00:00:00,1,0,2024-07-02 14:14:13,0,2024-07-02 14:14:13,,,
2019-06-07,星期五,1,端午节,9290,2019-06-07 00:00:00,1,0,2024-07-02 14:14:13,0,2024-07-02 14:14:13,,,
2019-06-08,星期六,1,端午节,9291,2019-06-08 00:00:00,1,0,2024-07-02 14:14:13,0,2024-07-02 14:14:13,,,
2019-06-09,星期天,1,端午节,9292,2019-06-09 00:00:00,1,0,2024-07-02 14:14:13,0,2024-07-02 14:14:13,,,
2019-06-10,星期一,0,,9293,2019-06-10 00:00:00,1,0,2024-07-02 14:14:13,0,2024-07-02 14:14:13,,,
2019-06-11,星期二,0,,9294,2019-06-11 00:00:00,1,0,2024-07-02 14:14:13,0,2024-07-02 14:14:13,,,
2019-06-12,星期三,0,,9295,2019-06-12 00:00:00,1,0,2024-07-02 14:14:13,0,2024-07-02 14:14:13,,,
2019-06-13,星期四,0,,9296,2019-06-13 00:00:00,1,0,2024-07-02 14:14:13,0,2024-07-02 14:14:13,,,
2019-06-14,星期五,0,,9297,2019-06-14 00:00:00,1,0,2024-07-02 14:14:13,0,2024-07-02 14:14:13,,,
2019-06-15,星期六,0,,9298,2019-06-15 00:00:00,1,0,2024-07-02 14:14:13,0,2024-07-02 14:14:13,,,
2019-06-16,星期天,0,,9299,2019-06-16 00:00:00,1,0,2024-07-02 14:14:13,0,2024-07-02 14:14:13,,,
2019-06-17,星期一,0,,9300,2019-06-17 00:00:00,1,0,2024-07-02 14:14:13,0,2024-07-02 14:14:13,,,
2019-06-18,星期二,0,,9301,2019-06-18 00:00:00,1,0,2024-07-02 14:14:13,0,2024-07-02 14:14:13,,,
2019-06-19,星期三,0,,9302,2019-06-19 00:00:00,1,0,2024-07-02 14:14:13,0,2024-07-02 14:14:13,,,
2019-06-20,星期四,0,,9303,2019-06-20 00:00:00,1,0,2024-07-02 14:14:13,0,2024-07-02 14:14:13,,,
2019-06-21,星期五,0,,9304,2019-06-21 00:00:00,1,0,2024-07-02 14:14:13,0,2024-07-02 14:14:13,,,
2019-06-22,星期六,0,,9305,2019-06-22 00:00:00,1,0,2024-07-02 14:14:13,0,2024-07-02 14:14:13,,,
2019-06-23,星期天,0,,9306,2019-06-23 00:00:00,1,0,2024-07-02 14:14:13,0,2024-07-02 14:14:13,,,
2019-06-24,星期一,0,,9307,2019-06-24 00:00:00,1,0,2024-07-02 14:14:13,0,2024-07-02 14:14:13,,,
2019-06-25,星期二,0,,9308,2019-06-25 00:00:00,1,0,2024-07-02 14:14:13,0,2024-07-02 14:14:13,,,
2019-06-26,星期三,0,,9309,2019-06-26 00:00:00,1,0,2024-07-02 14:14:13,0,2024-07-02 14:14:13,,,
2019-06-27,星期四,0,,9310,2019-06-27 00:00:00,1,0,2024-07-02 14:14:13,0,2024-07-02 14:14:13,,,
2019-06-28,星期五,0,,9311,2019-06-28 00:00:00,1,0,2024-07-02 14:14:13,0,2024-07-02 14:14:13,,,
2019-06-29,星期六,0,,9312,2019-06-29 00:00:00,1,0,2024-07-02 14:14:13,0,2024-07-02 14:14:13,,,
2019-06-30,星期天,0,,9313,2019-06-30 00:00:00,1,0,2024-07-02 14:14:13,0,2024-07-02 14:14:13,,,
2019-07-01,星期一,0,,9314,2019-07-01 00:00:00,1,0,2024-07-02 14:14:13,0,2024-07-02 14:14:13,,,
2019-07-02,星期二,0,,9315,2019-07-02 00:00:00,1,0,2024-07-02 14:14:13,0,2024-07-02 14:14:13,,,
2019-07-03,星期三,0,,9316,2019-07-03 00:00:00,1,0,2024-07-02 14:14:13,0,2024-07-02 14:14:13,,,
2019-07-04,星期四,0,,9317,2019-07-04 00:00:00,1,0,2024-07-02 14:14:13,0,2024-07-02 14:14:13,,,
2019-07-05,星期五,0,,9318,2019-07-05 00:00:00,1,0,2024-07-02 14:14:13,0,2024-07-02 14:14:13,,,
2019-07-06,星期六,0,,9319,2019-07-06 00:00:00,1,0,2024-07-02 14:14:13,0,2024-07-02 14:14:13,,,
2019-07-07,星期天,0,,9320,2019-07-07 00:00:00,1,0,2024-07-02 14:14:13,0,2024-07-02 14:14:13,,,
2019-07-08,星期一,0,,9321,2019-07-08 00:00:00,1,0,2024-07-02 14:14:13,0,2024-07-02 14:14:13,,,
2019-07-09,星期二,0,,9322,2019-07-09 00:00:00,1,0,2024-07-02 14:14:13,0,2024-07-02 14:14:13,,,
2019-07-10,星期三,0,,9323,2019-07-10 00:00:00,1,0,2024-07-02 14:14:13,0,2024-07-02 14:14:13,,,
2019-07-11,星期四,0,,9324,2019-07-11 00:00:00,1,0,2024-07-02 14:14:13,0,2024-07-02 14:14:13,,,
2019-07-12,星期五,0,,9325,2019-07-12 00:00:00,1,0,2024-07-02 14:14:13,0,2024-07-02 14:14:13,,,
2019-07-13,星期六,0,,9326,2019-07-13 00:00:00,1,0,2024-07-02 14:14:13,0,2024-07-02 14:14:13,,,
2019-07-14,星期天,0,,9327,2019-07-14 00:00:00,1,0,2024-07-02 14:14:13,0,2024-07-02 14:14:13,,,
2019-07-15,星期一,0,,9328,2019-07-15 00:00:00,1,0,2024-07-02 14:14:13,0,2024-07-02 14:14:13,,,
2019-07-16,星期二,0,,9329,2019-07-16 00:00:00,1,0,2024-07-02 14:14:13,0,2024-07-02 14:14:13,,,
2019-07-17,星期三,0,,9330,2019-07-17 00:00:00,1,0,2024-07-02 14:14:13,0,2024-07-02 14:14:13,,,
2019-07-18,星期四,0,,9331,2019-07-18 00:00:00,1,0,2024-07-02 14:14:13,0,2024-07-02 14:14:13,,,
2019-07-19,星期五,0,,9332,2019-07-19 00:00:00,1,0,2024-07-02 14:14:13,0,2024-07-02 14:14:13,,,
2019-07-20,星期六,0,,9333,2019-07-20 00:00:00,1,0,2024-07-02 14:14:13,0,2024-07-02 14:14:13,,,
2019-07-21,星期天,0,,9334,2019-07-21 00:00:00,1,0,2024-07-02 14:14:13,0,2024-07-02 14:14:13,,,
2019-07-22,星期一,0,,9335,2019-07-22 00:00:00,1,0,2024-07-02 14:14:13,0,2024-07-02 14:14:13,,,
2019-07-23,星期二,0,,9336,2019-07-23 00:00:00,1,0,2024-07-02 14:14:13,0,2024-07-02 14:14:13,,,
2019-07-24,星期三,0,,9337,2019-07-24 00:00:00,1,0,2024-07-02 14:14:13,0,2024-07-02 14:14:13,,,
2019-07-25,星期四,0,,9338,2019-07-25 00:00:00,1,0,2024-07-02 14:14:13,0,2024-07-02 14:14:13,,,
2019-07-26,星期五,0,,9339,2019-07-26 00:00:00,1,0,2024-07-02 14:14:13,0,2024-07-02 14:14:13,,,
2019-07-27,星期六,0,,9340,2019-07-27 00:00:00,1,0,2024-07-02 14:14:13,0,2024-07-02 14:14:13,,,
2019-07-28,星期天,0,,9341,2019-07-28 00:00:00,1,0,2024-07-02 14:14:13,0,2024-07-02 14:14:13,,,
2019-07-29,星期一,0,,9342,2019-07-29 00:00:00,1,0,2024-07-02 14:14:13,0,2024-07-02 14:14:13,,,
2019-07-30,星期二,0,,9343,2019-07-30 00:00:00,1,0,2024-07-02 14:14:13,0,2024-07-02 14:14:13,,,
2019-07-31,星期三,0,,9344,2019-07-31 00:00:00,1,0,2024-07-02 14:14:13,0,2024-07-02 14:14:13,,,
2019-08-01,星期四,0,,9345,2019-08-01 00:00:00,1,0,2024-07-02 14:14:13,0,2024-07-02 14:14:13,,,
2019-08-02,星期五,0,,9346,2019-08-02 00:00:00,1,0,2024-07-02 14:14:13,0,2024-07-02 14:14:13,,,
2019-08-03,星期六,0,,9347,2019-08-03 00:00:00,1,0,2024-07-02 14:14:13,0,2024-07-02 14:14:13,,,
2019-08-04,星期天,0,,9348,2019-08-04 00:00:00,1,0,2024-07-02 14:14:13,0,2024-07-02 14:14:13,,,
2019-08-05,星期一,0,,9349,2019-08-05 00:00:00,1,0,2024-07-02 14:14:13,0,2024-07-02 14:14:13,,,
2019-08-06,星期二,0,,9350,2019-08-06 00:00:00,1,0,2024-07-02 14:14:13,0,2024-07-02 14:14:13,,,
2019-08-07,星期三,0,,9351,2019-08-07 00:00:00,1,0,2024-07-02 14:14:13,0,2024-07-02 14:14:13,,,
2019-08-08,星期四,0,,9352,2019-08-08 00:00:00,1,0,2024-07-02 14:14:13,0,2024-07-02 14:14:13,,,
2019-08-09,星期五,0,,9353,2019-08-09 00:00:00,1,0,2024-07-02 14:14:13,0,2024-07-02 14:14:13,,,
2019-08-10,星期六,0,,9354,2019-08-10 00:00:00,1,0,2024-07-02 14:14:13,0,2024-07-02 14:14:13,,,
2019-08-11,星期天,0,,9355,2019-08-11 00:00:00,1,0,2024-07-02 14:14:13,0,2024-07-02 14:14:13,,,
2019-08-12,星期一,0,,9356,2019-08-12 00:00:00,1,0,2024-07-02 14:14:13,0,2024-07-02 14:14:13,,,
2019-08-13,星期二,0,,9357,2019-08-13 00:00:00,1,0,2024-07-02 14:14:13,0,2024-07-02 14:14:13,,,
2019-08-14,星期三,0,,9358,2019-08-14 00:00:00,1,0,2024-07-02 14:14:13,0,2024-07-02 14:14:13,,,
2019-08-15,星期四,0,,9359,2019-08-15 00:00:00,1,0,2024-07-02 14:14:13,0,2024-07-02 14:14:13,,,
2019-08-16,星期五,0,,9360,2019-08-16 00:00:00,1,0,2024-07-02 14:14:13,0,2024-07-02 14:14:13,,,
2019-08-17,星期六,0,,9361,2019-08-17 00:00:00,1,0,2024-07-02 14:14:13,0,2024-07-02 14:14:13,,,
2019-08-18,星期天,0,,9362,2019-08-18 00:00:00,1,0,2024-07-02 14:14:13,0,2024-07-02 14:14:13,,,
2019-08-19,星期一,0,,9363,2019-08-19 00:00:00,1,0,2024-07-02 14:14:13,0,2024-07-02 14:14:13,,,
2019-08-20,星期二,0,,9364,2019-08-20 00:00:00,1,0,2024-07-02 14:14:13,0,2024-07-02 14:14:13,,,
2019-08-21,星期三,0,,9365,2019-08-21 00:00:00,1,0,2024-07-02 14:14:13,0,2024-07-02 14:14:13,,,
2019-08-22,星期四,0,,9366,2019-08-22 00:00:00,1,0,2024-07-02 14:14:13,0,2024-07-02 14:14:13,,,
2019-08-23,星期五,0,,9367,2019-08-23 00:00:00,1,0,2024-07-02 14:14:13,0,2024-07-02 14:14:13,,,
2019-08-24,星期六,0,,9368,2019-08-24 00:00:00,1,0,2024-07-02 14:14:13,0,2024-07-02 14:14:13,,,
2019-08-25,星期天,0,,9369,2019-08-25 00:00:00,1,0,2024-07-02 14:14:13,0,2024-07-02 14:14:13,,,
2019-08-26,星期一,0,,9370,2019-08-26 00:00:00,1,0,2024-07-02 14:14:13,0,2024-07-02 14:14:13,,,
2019-08-27,星期二,0,,9371,2019-08-27 00:00:00,1,0,2024-07-02 14:14:13,0,2024-07-02 14:14:13,,,
2019-08-28,星期三,0,,9372,2019-08-28 00:00:00,1,0,2024-07-02 14:14:13,0,2024-07-02 14:14:13,,,
2019-08-29,星期四,0,,9373,2019-08-29 00:00:00,1,0,2024-07-02 14:14:13,0,2024-07-02 14:14:13,,,
2019-08-30,星期五,0,,9374,2019-08-30 00:00:00,1,0,2024-07-02 14:14:13,0,2024-07-02 14:14:13,,,
2019-08-31,星期六,0,,9375,2019-08-31 00:00:00,1,0,2024-07-02 14:14:13,0,2024-07-02 14:14:13,,,
2019-09-01,星期天,0,,9376,2019-09-01 00:00:00,1,0,2024-07-02 14:14:13,0,2024-07-02 14:14:13,,,
2019-09-02,星期一,0,,9377,2019-09-02 00:00:00,1,0,2024-07-02 14:14:13,0,2024-07-02 14:14:13,,,
2019-09-03,星期二,0,,9378,2019-09-03 00:00:00,1,0,2024-07-02 14:14:13,0,2024-07-02 14:14:13,,,
2019-09-04,星期三,0,,9379,2019-09-04 00:00:00,1,0,2024-07-02 14:14:13,0,2024-07-02 14:14:13,,,
2019-09-05,星期四,0,,9380,2019-09-05 00:00:00,1,0,2024-07-02 14:14:13,0,2024-07-02 14:14:13,,,
2019-09-06,星期五,0,,9381,2019-09-06 00:00:00,1,0,2024-07-02 14:14:13,0,2024-07-02 14:14:13,,,
2019-09-07,星期六,0,,9382,2019-09-07 00:00:00,1,0,2024-07-02 14:14:13,0,2024-07-02 14:14:13,,,
2019-09-08,星期天,0,,9383,2019-09-08 00:00:00,1,0,2024-07-02 14:14:13,0,2024-07-02 14:14:13,,,
2019-09-09,星期一,0,,9384,2019-09-09 00:00:00,1,0,2024-07-02 14:14:13,0,2024-07-02 14:14:13,,,
2019-09-10,星期二,0,,9385,2019-09-10 00:00:00,1,0,2024-07-02 14:14:13,0,2024-07-02 14:14:13,,,
2019-09-11,星期三,0,,9386,2019-09-11 00:00:00,1,0,2024-07-02 14:14:13,0,2024-07-02 14:14:13,,,
2019-09-12,星期四,0,,9387,2019-09-12 00:00:00,1,0,2024-07-02 14:14:13,0,2024-07-02 14:14:13,,,
2019-09-13,星期五,1,中秋节,9388,2019-09-13 00:00:00,1,0,2024-07-02 14:14:13,0,2024-07-02 14:14:13,,,
2019-09-14,星期六,1,中秋节,9389,2019-09-14 00:00:00,1,0,2024-07-02 14:14:13,0,2024-07-02 14:14:13,,,
2019-09-15,星期天,1,中秋节,9390,2019-09-15 00:00:00,1,0,2024-07-02 14:14:13,0,2024-07-02 14:14:13,,,
2019-09-16,星期一,0,,9391,2019-09-16 00:00:00,1,0,2024-07-02 14:14:13,0,2024-07-02 14:14:13,,,
2019-09-17,星期二,0,,9392,2019-09-17 00:00:00,1,0,2024-07-02 14:14:13,0,2024-07-02 14:14:13,,,
2019-09-18,星期三,0,,9393,2019-09-18 00:00:00,1,0,2024-07-02 14:14:13,0,2024-07-02 14:14:13,,,
2019-09-19,星期四,0,,9394,2019-09-19 00:00:00,1,0,2024-07-02 14:14:13,0,2024-07-02 14:14:13,,,
2019-09-20,星期五,0,,9395,2019-09-20 00:00:00,1,0,2024-07-02 14:14:13,0,2024-07-02 14:14:13,,,
2019-09-21,星期六,0,,9396,2019-09-21 00:00:00,1,0,2024-07-02 14:14:13,0,2024-07-02 14:14:13,,,
2019-09-22,星期天,0,,9397,2019-09-22 00:00:00,1,0,2024-07-02 14:14:13,0,2024-07-02 14:14:13,,,
2019-09-23,星期一,0,,9398,2019-09-23 00:00:00,1,0,2024-07-02 14:14:13,0,2024-07-02 14:14:13,,,
2019-09-24,星期二,0,,9399,2019-09-24 00:00:00,1,0,2024-07-02 14:14:13,0,2024-07-02 14:14:13,,,
2019-09-25,星期三,0,,9400,2019-09-25 00:00:00,1,0,2024-07-02 14:14:13,0,2024-07-02 14:14:13,,,
2019-09-26,星期四,0,,9401,2019-09-26 00:00:00,1,0,2024-07-02 14:14:13,0,2024-07-02 14:14:13,,,
2019-09-27,星期五,0,,9402,2019-09-27 00:00:00,1,0,2024-07-02 14:14:13,0,2024-07-02 14:14:13,,,
2019-09-28,星期六,0,,9403,2019-09-28 00:00:00,1,0,2024-07-02 14:14:13,0,2024-07-02 14:14:13,,,
2019-09-29,星期天,0,,9404,2019-09-29 00:00:00,1,0,2024-07-02 14:14:13,0,2024-07-02 14:14:13,,,
2019-09-30,星期一,0,,9405,2019-09-30 00:00:00,1,0,2024-07-02 14:14:13,0,2024-07-02 14:14:13,,,
2019-10-01,星期二,1,国庆节,9406,2019-10-01 00:00:00,1,0,2024-07-02 14:14:13,0,2024-07-02 14:14:13,,,
2019-10-02,星期三,1,国庆节,9407,2019-10-02 00:00:00,1,0,2024-07-02 14:14:13,0,2024-07-02 14:14:13,,,
2019-10-03,星期四,1,国庆节,9408,2019-10-03 00:00:00,1,0,2024-07-02 14:14:13,0,2024-07-02 14:14:13,,,
2019-10-04,星期五,1,国庆节,9409,2019-10-04 00:00:00,1,0,2024-07-02 14:14:13,0,2024-07-02 14:14:13,,,
2019-10-05,星期六,1,国庆节,9410,2019-10-05 00:00:00,1,0,2024-07-02 14:14:13,0,2024-07-02 14:14:13,,,
2019-10-06,星期天,1,国庆节,9411,2019-10-06 00:00:00,1,0,2024-07-02 14:14:13,0,2024-07-02 14:14:13,,,
2019-10-07,星期一,1,国庆节,9412,2019-10-07 00:00:00,1,0,2024-07-02 14:14:13,0,2024-07-02 14:14:13,,,
2019-10-08,星期二,0,,9413,2019-10-08 00:00:00,1,0,2024-07-02 14:14:13,0,2024-07-02 14:14:13,,,
2019-10-09,星期三,0,,9414,2019-10-09 00:00:00,1,0,2024-07-02 14:14:13,0,2024-07-02 14:14:13,,,
2019-10-10,星期四,0,,9415,2019-10-10 00:00:00,1,0,2024-07-02 14:14:13,0,2024-07-02 14:14:13,,,
2019-10-11,星期五,0,,9416,2019-10-11 00:00:00,1,0,2024-07-02 14:14:13,0,2024-07-02 14:14:13,,,
2019-10-12,星期六,0,,9417,2019-10-12 00:00:00,1,0,2024-07-02 14:14:13,0,2024-07-02 14:14:13,,,
2019-10-13,星期天,0,,9418,2019-10-13 00:00:00,1,0,2024-07-02 14:14:13,0,2024-07-02 14:14:13,,,
2019-10-14,星期一,0,,9419,2019-10-14 00:00:00,1,0,2024-07-02 14:14:13,0,2024-07-02 14:14:13,,,
2019-10-15,星期二,0,,9420,2019-10-15 00:00:00,1,0,2024-07-02 14:14:13,0,2024-07-02 14:14:13,,,
2019-10-16,星期三,0,,9421,2019-10-16 00:00:00,1,0,2024-07-02 14:14:13,0,2024-07-02 14:14:13,,,
2019-10-17,星期四,0,,9422,2019-10-17 00:00:00,1,0,2024-07-02 14:14:13,0,2024-07-02 14:14:13,,,
2019-10-18,星期五,0,,9423,2019-10-18 00:00:00,1,0,2024-07-02 14:14:13,0,2024-07-02 14:14:13,,,
2019-10-19,星期六,0,,9424,2019-10-19 00:00:00,1,0,2024-07-02 14:14:13,0,2024-07-02 14:14:13,,,
2019-10-20,星期天,0,,9425,2019-10-20 00:00:00,1,0,2024-07-02 14:14:13,0,2024-07-02 14:14:13,,,
2019-10-21,星期一,0,,9426,2019-10-21 00:00:00,1,0,2024-07-02 14:14:13,0,2024-07-02 14:14:13,,,
2019-10-22,星期二,0,,9427,2019-10-22 00:00:00,1,0,2024-07-02 14:14:13,0,2024-07-02 14:14:13,,,
2019-10-23,星期三,0,,9428,2019-10-23 00:00:00,1,0,2024-07-02 14:14:13,0,2024-07-02 14:14:13,,,
2019-10-24,星期四,0,,9429,2019-10-24 00:00:00,1,0,2024-07-02 14:14:13,0,2024-07-02 14:14:13,,,
2019-10-25,星期五,0,,9430,2019-10-25 00:00:00,1,0,2024-07-02 14:14:13,0,2024-07-02 14:14:13,,,
2019-10-26,星期六,0,,9431,2019-10-26 00:00:00,1,0,2024-07-02 14:14:13,0,2024-07-02 14:14:13,,,
2019-10-27,星期天,0,,9432,2019-10-27 00:00:00,1,0,2024-07-02 14:14:13,0,2024-07-02 14:14:13,,,
2019-10-28,星期一,0,,9433,2019-10-28 00:00:00,1,0,2024-07-02 14:14:13,0,2024-07-02 14:14:13,,,
2019-10-29,星期二,0,,9434,2019-10-29 00:00:00,1,0,2024-07-02 14:14:13,0,2024-07-02 14:14:13,,,
2019-10-30,星期三,0,,9435,2019-10-30 00:00:00,1,0,2024-07-02 14:14:13,0,2024-07-02 14:14:13,,,
2019-10-31,星期四,0,,9436,2019-10-31 00:00:00,1,0,2024-07-02 14:14:13,0,2024-07-02 14:14:13,,,
2019-11-01,星期五,0,,9437,2019-11-01 00:00:00,1,0,2024-07-02 14:14:13,0,2024-07-02 14:14:13,,,
2019-11-02,星期六,0,,9438,2019-11-02 00:00:00,1,0,2024-07-02 14:14:13,0,2024-07-02 14:14:13,,,
2019-11-03,星期天,0,,9439,2019-11-03 00:00:00,1,0,2024-07-02 14:14:13,0,2024-07-02 14:14:13,,,
2019-11-04,星期一,0,,9440,2019-11-04 00:00:00,1,0,2024-07-02 14:14:13,0,2024-07-02 14:14:13,,,
2019-11-05,星期二,0,,9441,2019-11-05 00:00:00,1,0,2024-07-02 14:14:13,0,2024-07-02 14:14:13,,,
2019-11-06,星期三,0,,9442,2019-11-06 00:00:00,1,0,2024-07-02 14:14:13,0,2024-07-02 14:14:13,,,
2019-11-07,星期四,0,,9443,2019-11-07 00:00:00,1,0,2024-07-02 14:14:13,0,2024-07-02 14:14:13,,,
2019-11-08,星期五,0,,9444,2019-11-08 00:00:00,1,0,2024-07-02 14:14:13,0,2024-07-02 14:14:13,,,
2019-11-09,星期六,0,,9445,2019-11-09 00:00:00,1,0,2024-07-02 14:14:13,0,2024-07-02 14:14:13,,,
2019-11-10,星期天,0,,9446,2019-11-10 00:00:00,1,0,2024-07-02 14:14:13,0,2024-07-02 14:14:13,,,
2019-11-11,星期一,0,,9447,2019-11-11 00:00:00,1,0,2024-07-02 14:14:13,0,2024-07-02 14:14:13,,,
2019-11-12,星期二,0,,9448,2019-11-12 00:00:00,1,0,2024-07-02 14:14:13,0,2024-07-02 14:14:13,,,
2019-11-13,星期三,0,,9449,2019-11-13 00:00:00,1,0,2024-07-02 14:14:13,0,2024-07-02 14:14:13,,,
2019-11-14,星期四,0,,9450,2019-11-14 00:00:00,1,0,2024-07-02 14:14:13,0,2024-07-02 14:14:13,,,
2019-11-15,星期五,0,,9451,2019-11-15 00:00:00,1,0,2024-07-02 14:14:13,0,2024-07-02 14:14:13,,,
2019-11-16,星期六,0,,9452,2019-11-16 00:00:00,1,0,2024-07-02 14:14:13,0,2024-07-02 14:14:13,,,
2019-11-17,星期天,0,,9453,2019-11-17 00:00:00,1,0,2024-07-02 14:14:13,0,2024-07-02 14:14:13,,,
2019-11-18,星期一,0,,9454,2019-11-18 00:00:00,1,0,2024-07-02 14:14:13,0,2024-07-02 14:14:13,,,
2019-11-19,星期二,0,,9455,2019-11-19 00:00:00,1,0,2024-07-02 14:14:13,0,2024-07-02 14:14:13,,,
2019-11-20,星期三,0,,9456,2019-11-20 00:00:00,1,0,2024-07-02 14:14:13,0,2024-07-02 14:14:13,,,
2019-11-21,星期四,0,,9457,2019-11-21 00:00:00,1,0,2024-07-02 14:14:13,0,2024-07-02 14:14:13,,,
2019-11-22,星期五,0,,9458,2019-11-22 00:00:00,1,0,2024-07-02 14:14:13,0,2024-07-02 14:14:13,,,
2019-11-23,星期六,0,,9459,2019-11-23 00:00:00,1,0,2024-07-02 14:14:13,0,2024-07-02 14:14:13,,,
2019-11-24,星期天,0,,9460,2019-11-24 00:00:00,1,0,2024-07-02 14:14:13,0,2024-07-02 14:14:13,,,
2019-11-25,星期一,0,,9461,2019-11-25 00:00:00,1,0,2024-07-02 14:14:13,0,2024-07-02 14:14:13,,,
2019-11-26,星期二,0,,9462,2019-11-26 00:00:00,1,0,2024-07-02 14:14:13,0,2024-07-02 14:14:13,,,
2019-11-27,星期三,0,,9463,2019-11-27 00:00:00,1,0,2024-07-02 14:14:13,0,2024-07-02 14:14:13,,,
2019-11-28,星期四,0,,9464,2019-11-28 00:00:00,1,0,2024-07-02 14:14:13,0,2024-07-02 14:14:13,,,
2019-11-29,星期五,0,,9465,2019-11-29 00:00:00,1,0,2024-07-02 14:14:13,0,2024-07-02 14:14:13,,,
2019-11-30,星期六,0,,9466,2019-11-30 00:00:00,1,0,2024-07-02 14:14:13,0,2024-07-02 14:14:13,,,
2019-12-01,星期天,0,,9467,2019-12-01 00:00:00,1,0,2024-07-02 14:14:13,0,2024-07-02 14:14:13,,,
2019-12-02,星期一,0,,9468,2019-12-02 00:00:00,1,0,2024-07-02 14:14:13,0,2024-07-02 14:14:13,,,
2019-12-03,星期二,0,,9469,2019-12-03 00:00:00,1,0,2024-07-02 14:14:13,0,2024-07-02 14:14:13,,,
2019-12-04,星期三,0,,9470,2019-12-04 00:00:00,1,0,2024-07-02 14:14:13,0,2024-07-02 14:14:13,,,
2019-12-05,星期四,0,,9471,2019-12-05 00:00:00,1,0,2024-07-02 14:14:13,0,2024-07-02 14:14:13,,,
2019-12-06,星期五,0,,9472,2019-12-06 00:00:00,1,0,2024-07-02 14:14:13,0,2024-07-02 14:14:13,,,
2019-12-07,星期六,0,,9473,2019-12-07 00:00:00,1,0,2024-07-02 14:14:13,0,2024-07-02 14:14:13,,,
2019-12-08,星期天,0,,9474,2019-12-08 00:00:00,1,0,2024-07-02 14:14:13,0,2024-07-02 14:14:13,,,
2019-12-09,星期一,0,,9475,2019-12-09 00:00:00,1,0,2024-07-02 14:14:13,0,2024-07-02 14:14:13,,,
2019-12-10,星期二,0,,9476,2019-12-10 00:00:00,1,0,2024-07-02 14:14:13,0,2024-07-02 14:14:13,,,
2019-12-11,星期三,0,,9477,2019-12-11 00:00:00,1,0,2024-07-02 14:14:13,0,2024-07-02 14:14:13,,,
2019-12-12,星期四,0,,9478,2019-12-12 00:00:00,1,0,2024-07-02 14:14:13,0,2024-07-02 14:14:13,,,
2019-12-13,星期五,0,,9479,2019-12-13 00:00:00,1,0,2024-07-02 14:14:13,0,2024-07-02 14:14:13,,,
2019-12-14,星期六,0,,9480,2019-12-14 00:00:00,1,0,2024-07-02 14:14:13,0,2024-07-02 14:14:13,,,
2019-12-15,星期天,0,,9481,2019-12-15 00:00:00,1,0,2024-07-02 14:14:13,0,2024-07-02 14:14:13,,,
2019-12-16,星期一,0,,9482,2019-12-16 00:00:00,1,0,2024-07-02 14:14:13,0,2024-07-02 14:14:13,,,
2019-12-17,星期二,0,,9483,2019-12-17 00:00:00,1,0,2024-07-02 14:14:13,0,2024-07-02 14:14:13,,,
2019-12-18,星期三,0,,9484,2019-12-18 00:00:00,1,0,2024-07-02 14:14:13,0,2024-07-02 14:14:13,,,
2019-12-19,星期四,0,,9485,2019-12-19 00:00:00,1,0,2024-07-02 14:14:13,0,2024-07-02 14:14:13,,,
2019-12-20,星期五,0,,9486,2019-12-20 00:00:00,1,0,2024-07-02 14:14:13,0,2024-07-02 14:14:13,,,
2019-12-21,星期六,0,,9487,2019-12-21 00:00:00,1,0,2024-07-02 14:14:13,0,2024-07-02 14:14:13,,,
2019-12-22,星期天,0,,9488,2019-12-22 00:00:00,1,0,2024-07-02 14:14:13,0,2024-07-02 14:14:13,,,
2019-12-23,星期一,0,,9489,2019-12-23 00:00:00,1,0,2024-07-02 14:14:13,0,2024-07-02 14:14:13,,,
2019-12-24,星期二,0,,9490,2019-12-24 00:00:00,1,0,2024-07-02 14:14:13,0,2024-07-02 14:14:13,,,
2019-12-25,星期三,0,,9491,2019-12-25 00:00:00,1,0,2024-07-02 14:14:13,0,2024-07-02 14:14:13,,,
2019-12-26,星期四,0,,9492,2019-12-26 00:00:00,1,0,2024-07-02 14:14:13,0,2024-07-02 14:14:13,,,
2019-12-27,星期五,0,,9493,2019-12-27 00:00:00,1,0,2024-07-02 14:14:13,0,2024-07-02 14:14:13,,,
2019-12-28,星期六,0,,9494,2019-12-28 00:00:00,1,0,2024-07-02 14:14:13,0,2024-07-02 14:14:13,,,
2019-12-29,星期天,0,,9495,2019-12-29 00:00:00,1,0,2024-07-02 14:14:13,0,2024-07-02 14:14:13,,,
2019-12-30,星期一,0,,9496,2019-12-30 00:00:00,1,0,2024-07-02 14:14:13,0,2024-07-02 14:14:13,,,
2019-12-31,星期二,0,,9497,2019-12-31 00:00:00,1,0,2024-07-02 14:14:13,0,2024-07-02 14:14:13,,,
2018-01-01,星期一,1,元旦,9498,2018-01-01 00:00:00,1,0,2024-07-02 14:14:16,0,2024-07-02 14:14:16,,,
2018-01-02,星期二,0,,9499,2018-01-02 00:00:00,1,0,2024-07-02 14:14:16,0,2024-07-02 14:14:16,,,
2018-01-03,星期三,0,,9500,2018-01-03 00:00:00,1,0,2024-07-02 14:14:16,0,2024-07-02 14:14:16,,,
2018-01-04,星期四,0,,9501,2018-01-04 00:00:00,1,0,2024-07-02 14:14:16,0,2024-07-02 14:14:16,,,
2018-01-05,星期五,0,,9502,2018-01-05 00:00:00,1,0,2024-07-02 14:14:16,0,2024-07-02 14:14:16,,,
2018-01-06,星期六,0,,9503,2018-01-06 00:00:00,1,0,2024-07-02 14:14:16,0,2024-07-02 14:14:16,,,
2018-01-07,星期天,0,,9504,2018-01-07 00:00:00,1,0,2024-07-02 14:14:16,0,2024-07-02 14:14:16,,,
2018-01-08,星期一,0,,9505,2018-01-08 00:00:00,1,0,2024-07-02 14:14:16,0,2024-07-02 14:14:16,,,
2018-01-09,星期二,0,,9506,2018-01-09 00:00:00,1,0,2024-07-02 14:14:16,0,2024-07-02 14:14:16,,,
2018-01-10,星期三,0,,9507,2018-01-10 00:00:00,1,0,2024-07-02 14:14:16,0,2024-07-02 14:14:16,,,
2018-01-11,星期四,0,,9508,2018-01-11 00:00:00,1,0,2024-07-02 14:14:16,0,2024-07-02 14:14:16,,,
2018-01-12,星期五,0,,9509,2018-01-12 00:00:00,1,0,2024-07-02 14:14:16,0,2024-07-02 14:14:16,,,
2018-01-13,星期六,0,,9510,2018-01-13 00:00:00,1,0,2024-07-02 14:14:16,0,2024-07-02 14:14:16,,,
2018-01-14,星期天,0,,9511,2018-01-14 00:00:00,1,0,2024-07-02 14:14:16,0,2024-07-02 14:14:16,,,
2018-01-15,星期一,0,,9512,2018-01-15 00:00:00,1,0,2024-07-02 14:14:16,0,2024-07-02 14:14:16,,,
2018-01-16,星期二,0,,9513,2018-01-16 00:00:00,1,0,2024-07-02 14:14:16,0,2024-07-02 14:14:16,,,
2018-01-17,星期三,0,,9514,2018-01-17 00:00:00,1,0,2024-07-02 14:14:16,0,2024-07-02 14:14:16,,,
2018-01-18,星期四,0,,9515,2018-01-18 00:00:00,1,0,2024-07-02 14:14:16,0,2024-07-02 14:14:16,,,
2018-01-19,星期五,0,,9516,2018-01-19 00:00:00,1,0,2024-07-02 14:14:16,0,2024-07-02 14:14:16,,,
2018-01-20,星期六,0,,9517,2018-01-20 00:00:00,1,0,2024-07-02 14:14:16,0,2024-07-02 14:14:16,,,
2018-01-21,星期天,0,,9518,2018-01-21 00:00:00,1,0,2024-07-02 14:14:16,0,2024-07-02 14:14:16,,,
2018-01-22,星期一,0,,9519,2018-01-22 00:00:00,1,0,2024-07-02 14:14:16,0,2024-07-02 14:14:16,,,
2018-01-23,星期二,0,,9520,2018-01-23 00:00:00,1,0,2024-07-02 14:14:16,0,2024-07-02 14:14:16,,,
2018-01-24,星期三,0,,9521,2018-01-24 00:00:00,1,0,2024-07-02 14:14:16,0,2024-07-02 14:14:16,,,
2018-01-25,星期四,0,,9522,2018-01-25 00:00:00,1,0,2024-07-02 14:14:16,0,2024-07-02 14:14:16,,,
2018-01-26,星期五,0,,9523,2018-01-26 00:00:00,1,0,2024-07-02 14:14:16,0,2024-07-02 14:14:16,,,
2018-01-27,星期六,0,,9524,2018-01-27 00:00:00,1,0,2024-07-02 14:14:16,0,2024-07-02 14:14:16,,,
2018-01-28,星期天,0,,9525,2018-01-28 00:00:00,1,0,2024-07-02 14:14:16,0,2024-07-02 14:14:16,,,
2018-01-29,星期一,0,,9526,2018-01-29 00:00:00,1,0,2024-07-02 14:14:16,0,2024-07-02 14:14:16,,,
2018-01-30,星期二,0,,9527,2018-01-30 00:00:00,1,0,2024-07-02 14:14:16,0,2024-07-02 14:14:16,,,
2018-01-31,星期三,0,,9528,2018-01-31 00:00:00,1,0,2024-07-02 14:14:16,0,2024-07-02 14:14:16,,,
2018-02-01,星期四,0,,9529,2018-02-01 00:00:00,1,0,2024-07-02 14:14:16,0,2024-07-02 14:14:16,,,
2018-02-02,星期五,0,,9530,2018-02-02 00:00:00,1,0,2024-07-02 14:14:16,0,2024-07-02 14:14:16,,,
2018-02-03,星期六,0,,9531,2018-02-03 00:00:00,1,0,2024-07-02 14:14:16,0,2024-07-02 14:14:16,,,
2018-02-04,星期天,0,,9532,2018-02-04 00:00:00,1,0,2024-07-02 14:14:16,0,2024-07-02 14:14:16,,,
2018-02-05,星期一,0,,9533,2018-02-05 00:00:00,1,0,2024-07-02 14:14:16,0,2024-07-02 14:14:16,,,
2018-02-06,星期二,0,,9534,2018-02-06 00:00:00,1,0,2024-07-02 14:14:16,0,2024-07-02 14:14:16,,,
2018-02-07,星期三,0,,9535,2018-02-07 00:00:00,1,0,2024-07-02 14:14:16,0,2024-07-02 14:14:16,,,
2018-02-08,星期四,0,,9536,2018-02-08 00:00:00,1,0,2024-07-02 14:14:16,0,2024-07-02 14:14:16,,,
2018-02-09,星期五,0,,9537,2018-02-09 00:00:00,1,0,2024-07-02 14:14:16,0,2024-07-02 14:14:16,,,
2018-02-10,星期六,0,,9538,2018-02-10 00:00:00,1,0,2024-07-02 14:14:16,0,2024-07-02 14:14:16,,,
2018-02-11,星期天,0,,9539,2018-02-11 00:00:00,1,0,2024-07-02 14:14:16,0,2024-07-02 14:14:16,,,
2018-02-12,星期一,0,,9540,2018-02-12 00:00:00,1,0,2024-07-02 14:14:16,0,2024-07-02 14:14:16,,,
2018-02-13,星期二,0,,9541,2018-02-13 00:00:00,1,0,2024-07-02 14:14:16,0,2024-07-02 14:14:16,,,
2018-02-14,星期三,0,,9542,2018-02-14 00:00:00,1,0,2024-07-02 14:14:16,0,2024-07-02 14:14:16,,,
2018-02-15,星期四,1,春节,9543,2018-02-15 00:00:00,1,0,2024-07-02 14:14:16,0,2024-07-02 14:14:16,,,
2018-02-16,星期五,1,春节,9544,2018-02-16 00:00:00,1,0,2024-07-02 14:14:16,0,2024-07-02 14:14:16,,,
2018-02-17,星期六,1,春节,9545,2018-02-17 00:00:00,1,0,2024-07-02 14:14:16,0,2024-07-02 14:14:16,,,
2018-02-18,星期天,1,春节,9546,2018-02-18 00:00:00,1,0,2024-07-02 14:14:16,0,2024-07-02 14:14:16,,,
2018-02-19,星期一,1,春节,9547,2018-02-19 00:00:00,1,0,2024-07-02 14:14:16,0,2024-07-02 14:14:16,,,
2018-02-20,星期二,1,春节,9548,2018-02-20 00:00:00,1,0,2024-07-02 14:14:16,0,2024-07-02 14:14:16,,,
2018-02-21,星期三,1,春节,9549,2018-02-21 00:00:00,1,0,2024-07-02 14:14:16,0,2024-07-02 14:14:16,,,
2018-02-22,星期四,0,,9550,2018-02-22 00:00:00,1,0,2024-07-02 14:14:16,0,2024-07-02 14:14:16,,,
2018-02-23,星期五,0,,9551,2018-02-23 00:00:00,1,0,2024-07-02 14:14:16,0,2024-07-02 14:14:16,,,
2018-02-24,星期六,0,,9552,2018-02-24 00:00:00,1,0,2024-07-02 14:14:16,0,2024-07-02 14:14:16,,,
2018-02-25,星期天,0,,9553,2018-02-25 00:00:00,1,0,2024-07-02 14:14:16,0,2024-07-02 14:14:16,,,
2018-02-26,星期一,0,,9554,2018-02-26 00:00:00,1,0,2024-07-02 14:14:16,0,2024-07-02 14:14:16,,,
2018-02-27,星期二,0,,9555,2018-02-27 00:00:00,1,0,2024-07-02 14:14:16,0,2024-07-02 14:14:16,,,
2018-02-28,星期三,0,,9556,2018-02-28 00:00:00,1,0,2024-07-02 14:14:16,0,2024-07-02 14:14:16,,,
2018-03-01,星期四,0,,9557,2018-03-01 00:00:00,1,0,2024-07-02 14:14:16,0,2024-07-02 14:14:16,,,
2018-03-02,星期五,0,,9558,2018-03-02 00:00:00,1,0,2024-07-02 14:14:16,0,2024-07-02 14:14:16,,,
2018-03-03,星期六,0,,9559,2018-03-03 00:00:00,1,0,2024-07-02 14:14:16,0,2024-07-02 14:14:16,,,
2018-03-04,星期天,0,,9560,2018-03-04 00:00:00,1,0,2024-07-02 14:14:16,0,2024-07-02 14:14:16,,,
2018-03-05,星期一,0,,9561,2018-03-05 00:00:00,1,0,2024-07-02 14:14:16,0,2024-07-02 14:14:16,,,
2018-03-06,星期二,0,,9562,2018-03-06 00:00:00,1,0,2024-07-02 14:14:16,0,2024-07-02 14:14:16,,,
2018-03-07,星期三,0,,9563,2018-03-07 00:00:00,1,0,2024-07-02 14:14:16,0,2024-07-02 14:14:16,,,
2018-03-08,星期四,0,,9564,2018-03-08 00:00:00,1,0,2024-07-02 14:14:16,0,2024-07-02 14:14:16,,,
2018-03-09,星期五,0,,9565,2018-03-09 00:00:00,1,0,2024-07-02 14:14:16,0,2024-07-02 14:14:16,,,
2018-03-10,星期六,0,,9566,2018-03-10 00:00:00,1,0,2024-07-02 14:14:16,0,2024-07-02 14:14:16,,,
2018-03-11,星期天,0,,9567,2018-03-11 00:00:00,1,0,2024-07-02 14:14:16,0,2024-07-02 14:14:16,,,
2018-03-12,星期一,0,,9568,2018-03-12 00:00:00,1,0,2024-07-02 14:14:16,0,2024-07-02 14:14:16,,,
2018-03-13,星期二,0,,9569,2018-03-13 00:00:00,1,0,2024-07-02 14:14:16,0,2024-07-02 14:14:16,,,
2018-03-14,星期三,0,,9570,2018-03-14 00:00:00,1,0,2024-07-02 14:14:16,0,2024-07-02 14:14:16,,,
2018-03-15,星期四,0,,9571,2018-03-15 00:00:00,1,0,2024-07-02 14:14:16,0,2024-07-02 14:14:16,,,
2018-03-16,星期五,0,,9572,2018-03-16 00:00:00,1,0,2024-07-02 14:14:16,0,2024-07-02 14:14:16,,,
2018-03-17,星期六,0,,9573,2018-03-17 00:00:00,1,0,2024-07-02 14:14:16,0,2024-07-02 14:14:16,,,
2018-03-18,星期天,0,,9574,2018-03-18 00:00:00,1,0,2024-07-02 14:14:16,0,2024-07-02 14:14:16,,,
2018-03-19,星期一,0,,9575,2018-03-19 00:00:00,1,0,2024-07-02 14:14:16,0,2024-07-02 14:14:16,,,
2018-03-20,星期二,0,,9576,2018-03-20 00:00:00,1,0,2024-07-02 14:14:16,0,2024-07-02 14:14:16,,,
2018-03-21,星期三,0,,9577,2018-03-21 00:00:00,1,0,2024-07-02 14:14:16,0,2024-07-02 14:14:16,,,
2018-03-22,星期四,0,,9578,2018-03-22 00:00:00,1,0,2024-07-02 14:14:16,0,2024-07-02 14:14:16,,,
2018-03-23,星期五,0,,9579,2018-03-23 00:00:00,1,0,2024-07-02 14:14:16,0,2024-07-02 14:14:16,,,
2018-03-24,星期六,0,,9580,2018-03-24 00:00:00,1,0,2024-07-02 14:14:16,0,2024-07-02 14:14:16,,,
2018-03-25,星期天,0,,9581,2018-03-25 00:00:00,1,0,2024-07-02 14:14:16,0,2024-07-02 14:14:16,,,
2018-03-26,星期一,0,,9582,2018-03-26 00:00:00,1,0,2024-07-02 14:14:16,0,2024-07-02 14:14:16,,,
2018-03-27,星期二,0,,9583,2018-03-27 00:00:00,1,0,2024-07-02 14:14:16,0,2024-07-02 14:14:16,,,
2018-03-28,星期三,0,,9584,2018-03-28 00:00:00,1,0,2024-07-02 14:14:16,0,2024-07-02 14:14:16,,,
2018-03-29,星期四,0,,9585,2018-03-29 00:00:00,1,0,2024-07-02 14:14:16,0,2024-07-02 14:14:16,,,
2018-03-30,星期五,0,,9586,2018-03-30 00:00:00,1,0,2024-07-02 14:14:16,0,2024-07-02 14:14:16,,,
2018-03-31,星期六,0,,9587,2018-03-31 00:00:00,1,0,2024-07-02 14:14:16,0,2024-07-02 14:14:16,,,
2018-04-01,星期天,0,,9588,2018-04-01 00:00:00,1,0,2024-07-02 14:14:16,0,2024-07-02 14:14:16,,,
2018-04-02,星期一,0,,9589,2018-04-02 00:00:00,1,0,2024-07-02 14:14:16,0,2024-07-02 14:14:16,,,
2018-04-03,星期二,0,,9590,2018-04-03 00:00:00,1,0,2024-07-02 14:14:16,0,2024-07-02 14:14:16,,,
2018-04-04,星期三,0,,9591,2018-04-04 00:00:00,1,0,2024-07-02 14:14:16,0,2024-07-02 14:14:16,,,
2018-04-05,星期四,1,清明节,9592,2018-04-05 00:00:00,1,0,2024-07-02 14:14:16,0,2024-07-02 14:14:16,,,
2018-04-06,星期五,1,清明节,9593,2018-04-06 00:00:00,1,0,2024-07-02 14:14:16,0,2024-07-02 14:14:16,,,
2018-04-07,星期六,1,清明节,9594,2018-04-07 00:00:00,1,0,2024-07-02 14:14:16,0,2024-07-02 14:14:16,,,
2018-04-08,星期天,0,,9595,2018-04-08 00:00:00,1,0,2024-07-02 14:14:16,0,2024-07-02 14:14:16,,,
2018-04-09,星期一,0,,9596,2018-04-09 00:00:00,1,0,2024-07-02 14:14:16,0,2024-07-02 14:14:16,,,
2018-04-10,星期二,0,,9597,2018-04-10 00:00:00,1,0,2024-07-02 14:14:16,0,2024-07-02 14:14:16,,,
2018-04-11,星期三,0,,9598,2018-04-11 00:00:00,1,0,2024-07-02 14:14:16,0,2024-07-02 14:14:16,,,
2018-04-12,星期四,0,,9599,2018-04-12 00:00:00,1,0,2024-07-02 14:14:16,0,2024-07-02 14:14:16,,,
2018-04-13,星期五,0,,9600,2018-04-13 00:00:00,1,0,2024-07-02 14:14:16,0,2024-07-02 14:14:16,,,
2018-04-14,星期六,0,,9601,2018-04-14 00:00:00,1,0,2024-07-02 14:14:16,0,2024-07-02 14:14:16,,,
2018-04-15,星期天,0,,9602,2018-04-15 00:00:00,1,0,2024-07-02 14:14:16,0,2024-07-02 14:14:16,,,
2018-04-16,星期一,0,,9603,2018-04-16 00:00:00,1,0,2024-07-02 14:14:16,0,2024-07-02 14:14:16,,,
2018-04-17,星期二,0,,9604,2018-04-17 00:00:00,1,0,2024-07-02 14:14:16,0,2024-07-02 14:14:16,,,
2018-04-18,星期三,0,,9605,2018-04-18 00:00:00,1,0,2024-07-02 14:14:16,0,2024-07-02 14:14:16,,,
2018-04-19,星期四,0,,9606,2018-04-19 00:00:00,1,0,2024-07-02 14:14:16,0,2024-07-02 14:14:16,,,
2018-04-20,星期五,0,,9607,2018-04-20 00:00:00,1,0,2024-07-02 14:14:16,0,2024-07-02 14:14:16,,,
2018-04-21,星期六,0,,9608,2018-04-21 00:00:00,1,0,2024-07-02 14:14:16,0,2024-07-02 14:14:16,,,
2018-04-22,星期天,0,,9609,2018-04-22 00:00:00,1,0,2024-07-02 14:14:16,0,2024-07-02 14:14:16,,,
2018-04-23,星期一,0,,9610,2018-04-23 00:00:00,1,0,2024-07-02 14:14:16,0,2024-07-02 14:14:16,,,
2018-04-24,星期二,0,,9611,2018-04-24 00:00:00,1,0,2024-07-02 14:14:16,0,2024-07-02 14:14:16,,,
2018-04-25,星期三,0,,9612,2018-04-25 00:00:00,1,0,2024-07-02 14:14:16,0,2024-07-02 14:14:16,,,
2018-04-26,星期四,0,,9613,2018-04-26 00:00:00,1,0,2024-07-02 14:14:16,0,2024-07-02 14:14:16,,,
2018-04-27,星期五,0,,9614,2018-04-27 00:00:00,1,0,2024-07-02 14:14:16,0,2024-07-02 14:14:16,,,
2018-04-28,星期六,0,,9615,2018-04-28 00:00:00,1,0,2024-07-02 14:14:16,0,2024-07-02 14:14:16,,,
2018-04-29,星期天,1,劳动节,9616,2018-04-29 00:00:00,1,0,2024-07-02 14:14:16,0,2024-07-02 14:14:16,,,
2018-04-30,星期一,1,劳动节,9617,2018-04-30 00:00:00,1,0,2024-07-02 14:14:16,0,2024-07-02 14:14:16,,,
2018-05-01,星期二,1,劳动节,9618,2018-05-01 00:00:00,1,0,2024-07-02 14:14:16,0,2024-07-02 14:14:16,,,
2018-05-02,星期三,0,,9619,2018-05-02 00:00:00,1,0,2024-07-02 14:14:16,0,2024-07-02 14:14:16,,,
2018-05-03,星期四,0,,9620,2018-05-03 00:00:00,1,0,2024-07-02 14:14:16,0,2024-07-02 14:14:16,,,
2018-05-04,星期五,0,,9621,2018-05-04 00:00:00,1,0,2024-07-02 14:14:16,0,2024-07-02 14:14:16,,,
2018-05-05,星期六,0,,9622,2018-05-05 00:00:00,1,0,2024-07-02 14:14:16,0,2024-07-02 14:14:16,,,
2018-05-06,星期天,0,,9623,2018-05-06 00:00:00,1,0,2024-07-02 14:14:16,0,2024-07-02 14:14:16,,,
2018-05-07,星期一,0,,9624,2018-05-07 00:00:00,1,0,2024-07-02 14:14:16,0,2024-07-02 14:14:16,,,
2018-05-08,星期二,0,,9625,2018-05-08 00:00:00,1,0,2024-07-02 14:14:16,0,2024-07-02 14:14:16,,,
2018-05-09,星期三,0,,9626,2018-05-09 00:00:00,1,0,2024-07-02 14:14:16,0,2024-07-02 14:14:16,,,
2018-05-10,星期四,0,,9627,2018-05-10 00:00:00,1,0,2024-07-02 14:14:16,0,2024-07-02 14:14:16,,,
2018-05-11,星期五,0,,9628,2018-05-11 00:00:00,1,0,2024-07-02 14:14:16,0,2024-07-02 14:14:16,,,
2018-05-12,星期六,0,,9629,2018-05-12 00:00:00,1,0,2024-07-02 14:14:16,0,2024-07-02 14:14:16,,,
2018-05-13,星期天,0,,9630,2018-05-13 00:00:00,1,0,2024-07-02 14:14:16,0,2024-07-02 14:14:16,,,
2018-05-14,星期一,0,,9631,2018-05-14 00:00:00,1,0,2024-07-02 14:14:16,0,2024-07-02 14:14:16,,,
2018-05-15,星期二,0,,9632,2018-05-15 00:00:00,1,0,2024-07-02 14:14:16,0,2024-07-02 14:14:16,,,
2018-05-16,星期三,0,,9633,2018-05-16 00:00:00,1,0,2024-07-02 14:14:16,0,2024-07-02 14:14:16,,,
2018-05-17,星期四,0,,9634,2018-05-17 00:00:00,1,0,2024-07-02 14:14:16,0,2024-07-02 14:14:16,,,
2018-05-18,星期五,0,,9635,2018-05-18 00:00:00,1,0,2024-07-02 14:14:16,0,2024-07-02 14:14:16,,,
2018-05-19,星期六,0,,9636,2018-05-19 00:00:00,1,0,2024-07-02 14:14:16,0,2024-07-02 14:14:16,,,
2018-05-20,星期天,0,,9637,2018-05-20 00:00:00,1,0,2024-07-02 14:14:16,0,2024-07-02 14:14:16,,,
2018-05-21,星期一,0,,9638,2018-05-21 00:00:00,1,0,2024-07-02 14:14:16,0,2024-07-02 14:14:16,,,
2018-05-22,星期二,0,,9639,2018-05-22 00:00:00,1,0,2024-07-02 14:14:16,0,2024-07-02 14:14:16,,,
2018-05-23,星期三,0,,9640,2018-05-23 00:00:00,1,0,2024-07-02 14:14:16,0,2024-07-02 14:14:16,,,
2018-05-24,星期四,0,,9641,2018-05-24 00:00:00,1,0,2024-07-02 14:14:16,0,2024-07-02 14:14:16,,,
2018-05-25,星期五,0,,9642,2018-05-25 00:00:00,1,0,2024-07-02 14:14:16,0,2024-07-02 14:14:16,,,
2018-05-26,星期六,0,,9643,2018-05-26 00:00:00,1,0,2024-07-02 14:14:16,0,2024-07-02 14:14:16,,,
2018-05-27,星期天,0,,9644,2018-05-27 00:00:00,1,0,2024-07-02 14:14:16,0,2024-07-02 14:14:16,,,
2018-05-28,星期一,0,,9645,2018-05-28 00:00:00,1,0,2024-07-02 14:14:16,0,2024-07-02 14:14:16,,,
2018-05-29,星期二,0,,9646,2018-05-29 00:00:00,1,0,2024-07-02 14:14:16,0,2024-07-02 14:14:16,,,
2018-05-30,星期三,0,,9647,2018-05-30 00:00:00,1,0,2024-07-02 14:14:16,0,2024-07-02 14:14:16,,,
2018-05-31,星期四,0,,9648,2018-05-31 00:00:00,1,0,2024-07-02 14:14:16,0,2024-07-02 14:14:16,,,
2018-06-01,星期五,0,,9649,2018-06-01 00:00:00,1,0,2024-07-02 14:14:16,0,2024-07-02 14:14:16,,,
2018-06-02,星期六,0,,9650,2018-06-02 00:00:00,1,0,2024-07-02 14:14:16,0,2024-07-02 14:14:16,,,
2018-06-03,星期天,0,,9651,2018-06-03 00:00:00,1,0,2024-07-02 14:14:16,0,2024-07-02 14:14:16,,,
2018-06-04,星期一,0,,9652,2018-06-04 00:00:00,1,0,2024-07-02 14:14:16,0,2024-07-02 14:14:16,,,
2018-06-05,星期二,0,,9653,2018-06-05 00:00:00,1,0,2024-07-02 14:14:16,0,2024-07-02 14:14:16,,,
2018-06-06,星期三,0,,9654,2018-06-06 00:00:00,1,0,2024-07-02 14:14:16,0,2024-07-02 14:14:16,,,
2018-06-07,星期四,0,,9655,2018-06-07 00:00:00,1,0,2024-07-02 14:14:16,0,2024-07-02 14:14:16,,,
2018-06-08,星期五,0,,9656,2018-06-08 00:00:00,1,0,2024-07-02 14:14:16,0,2024-07-02 14:14:16,,,
2018-06-09,星期六,0,,9657,2018-06-09 00:00:00,1,0,2024-07-02 14:14:16,0,2024-07-02 14:14:16,,,
2018-06-10,星期天,0,,9658,2018-06-10 00:00:00,1,0,2024-07-02 14:14:16,0,2024-07-02 14:14:16,,,
2018-06-11,星期一,0,,9659,2018-06-11 00:00:00,1,0,2024-07-02 14:14:16,0,2024-07-02 14:14:16,,,
2018-06-12,星期二,0,,9660,2018-06-12 00:00:00,1,0,2024-07-02 14:14:16,0,2024-07-02 14:14:16,,,
2018-06-13,星期三,0,,9661,2018-06-13 00:00:00,1,0,2024-07-02 14:14:16,0,2024-07-02 14:14:16,,,
2018-06-14,星期四,0,,9662,2018-06-14 00:00:00,1,0,2024-07-02 14:14:16,0,2024-07-02 14:14:16,,,
2018-06-15,星期五,0,,9663,2018-06-15 00:00:00,1,0,2024-07-02 14:14:16,0,2024-07-02 14:14:16,,,
2018-06-16,星期六,1,端午节,9664,2018-06-16 00:00:00,1,0,2024-07-02 14:14:16,0,2024-07-02 14:14:16,,,
2018-06-17,星期天,1,端午节,9665,2018-06-17 00:00:00,1,0,2024-07-02 14:14:16,0,2024-07-02 14:14:16,,,
2018-06-18,星期一,1,端午节,9666,2018-06-18 00:00:00,1,0,2024-07-02 14:14:16,0,2024-07-02 14:14:16,,,
2018-06-19,星期二,0,,9667,2018-06-19 00:00:00,1,0,2024-07-02 14:14:16,0,2024-07-02 14:14:16,,,
2018-06-20,星期三,0,,9668,2018-06-20 00:00:00,1,0,2024-07-02 14:14:16,0,2024-07-02 14:14:16,,,
2018-06-21,星期四,0,,9669,2018-06-21 00:00:00,1,0,2024-07-02 14:14:16,0,2024-07-02 14:14:16,,,
2018-06-22,星期五,0,,9670,2018-06-22 00:00:00,1,0,2024-07-02 14:14:16,0,2024-07-02 14:14:16,,,
2018-06-23,星期六,0,,9671,2018-06-23 00:00:00,1,0,2024-07-02 14:14:16,0,2024-07-02 14:14:16,,,
2018-06-24,星期天,0,,9672,2018-06-24 00:00:00,1,0,2024-07-02 14:14:16,0,2024-07-02 14:14:16,,,
2018-06-25,星期一,0,,9673,2018-06-25 00:00:00,1,0,2024-07-02 14:14:16,0,2024-07-02 14:14:16,,,
2018-06-26,星期二,0,,9674,2018-06-26 00:00:00,1,0,2024-07-02 14:14:16,0,2024-07-02 14:14:16,,,
2018-06-27,星期三,0,,9675,2018-06-27 00:00:00,1,0,2024-07-02 14:14:16,0,2024-07-02 14:14:16,,,
2018-06-28,星期四,0,,9676,2018-06-28 00:00:00,1,0,2024-07-02 14:14:16,0,2024-07-02 14:14:16,,,
2018-06-29,星期五,0,,9677,2018-06-29 00:00:00,1,0,2024-07-02 14:14:16,0,2024-07-02 14:14:16,,,
2018-06-30,星期六,0,,9678,2018-06-30 00:00:00,1,0,2024-07-02 14:14:16,0,2024-07-02 14:14:16,,,
2018-07-01,星期天,0,,9679,2018-07-01 00:00:00,1,0,2024-07-02 14:14:16,0,2024-07-02 14:14:16,,,
2018-07-02,星期一,0,,9680,2018-07-02 00:00:00,1,0,2024-07-02 14:14:16,0,2024-07-02 14:14:16,,,
2018-07-03,星期二,0,,9681,2018-07-03 00:00:00,1,0,2024-07-02 14:14:16,0,2024-07-02 14:14:16,,,
2018-07-04,星期三,0,,9682,2018-07-04 00:00:00,1,0,2024-07-02 14:14:16,0,2024-07-02 14:14:16,,,
2018-07-05,星期四,0,,9683,2018-07-05 00:00:00,1,0,2024-07-02 14:14:16,0,2024-07-02 14:14:16,,,
2018-07-06,星期五,0,,9684,2018-07-06 00:00:00,1,0,2024-07-02 14:14:16,0,2024-07-02 14:14:16,,,
2018-07-07,星期六,0,,9685,2018-07-07 00:00:00,1,0,2024-07-02 14:14:16,0,2024-07-02 14:14:16,,,
2018-07-08,星期天,0,,9686,2018-07-08 00:00:00,1,0,2024-07-02 14:14:16,0,2024-07-02 14:14:16,,,
2018-07-09,星期一,0,,9687,2018-07-09 00:00:00,1,0,2024-07-02 14:14:16,0,2024-07-02 14:14:16,,,
2018-07-10,星期二,0,,9688,2018-07-10 00:00:00,1,0,2024-07-02 14:14:16,0,2024-07-02 14:14:16,,,
2018-07-11,星期三,0,,9689,2018-07-11 00:00:00,1,0,2024-07-02 14:14:16,0,2024-07-02 14:14:16,,,
2018-07-12,星期四,0,,9690,2018-07-12 00:00:00,1,0,2024-07-02 14:14:16,0,2024-07-02 14:14:16,,,
2018-07-13,星期五,0,,9691,2018-07-13 00:00:00,1,0,2024-07-02 14:14:16,0,2024-07-02 14:14:16,,,
2018-07-14,星期六,0,,9692,2018-07-14 00:00:00,1,0,2024-07-02 14:14:16,0,2024-07-02 14:14:16,,,
2018-07-15,星期天,0,,9693,2018-07-15 00:00:00,1,0,2024-07-02 14:14:16,0,2024-07-02 14:14:16,,,
2018-07-16,星期一,0,,9694,2018-07-16 00:00:00,1,0,2024-07-02 14:14:16,0,2024-07-02 14:14:16,,,
2018-07-17,星期二,0,,9695,2018-07-17 00:00:00,1,0,2024-07-02 14:14:16,0,2024-07-02 14:14:16,,,
2018-07-18,星期三,0,,9696,2018-07-18 00:00:00,1,0,2024-07-02 14:14:16,0,2024-07-02 14:14:16,,,
2018-07-19,星期四,0,,9697,2018-07-19 00:00:00,1,0,2024-07-02 14:14:16,0,2024-07-02 14:14:16,,,
2018-07-20,星期五,0,,9698,2018-07-20 00:00:00,1,0,2024-07-02 14:14:16,0,2024-07-02 14:14:16,,,
2018-07-21,星期六,0,,9699,2018-07-21 00:00:00,1,0,2024-07-02 14:14:16,0,2024-07-02 14:14:16,,,
2018-07-22,星期天,0,,9700,2018-07-22 00:00:00,1,0,2024-07-02 14:14:16,0,2024-07-02 14:14:16,,,
2018-07-23,星期一,0,,9701,2018-07-23 00:00:00,1,0,2024-07-02 14:14:16,0,2024-07-02 14:14:16,,,
2018-07-24,星期二,0,,9702,2018-07-24 00:00:00,1,0,2024-07-02 14:14:16,0,2024-07-02 14:14:16,,,
2018-07-25,星期三,0,,9703,2018-07-25 00:00:00,1,0,2024-07-02 14:14:16,0,2024-07-02 14:14:16,,,
2018-07-26,星期四,0,,9704,2018-07-26 00:00:00,1,0,2024-07-02 14:14:16,0,2024-07-02 14:14:16,,,
2018-07-27,星期五,0,,9705,2018-07-27 00:00:00,1,0,2024-07-02 14:14:16,0,2024-07-02 14:14:16,,,
2018-07-28,星期六,0,,9706,2018-07-28 00:00:00,1,0,2024-07-02 14:14:16,0,2024-07-02 14:14:16,,,
2018-07-29,星期天,0,,9707,2018-07-29 00:00:00,1,0,2024-07-02 14:14:16,0,2024-07-02 14:14:16,,,
2018-07-30,星期一,0,,9708,2018-07-30 00:00:00,1,0,2024-07-02 14:14:16,0,2024-07-02 14:14:16,,,
2018-07-31,星期二,0,,9709,2018-07-31 00:00:00,1,0,2024-07-02 14:14:16,0,2024-07-02 14:14:16,,,
2018-08-01,星期三,0,,9710,2018-08-01 00:00:00,1,0,2024-07-02 14:14:16,0,2024-07-02 14:14:16,,,
2018-08-02,星期四,0,,9711,2018-08-02 00:00:00,1,0,2024-07-02 14:14:16,0,2024-07-02 14:14:16,,,
2018-08-03,星期五,0,,9712,2018-08-03 00:00:00,1,0,2024-07-02 14:14:16,0,2024-07-02 14:14:16,,,
2018-08-04,星期六,0,,9713,2018-08-04 00:00:00,1,0,2024-07-02 14:14:16,0,2024-07-02 14:14:16,,,
2018-08-05,星期天,0,,9714,2018-08-05 00:00:00,1,0,2024-07-02 14:14:16,0,2024-07-02 14:14:16,,,
2018-08-06,星期一,0,,9715,2018-08-06 00:00:00,1,0,2024-07-02 14:14:16,0,2024-07-02 14:14:16,,,
2018-08-07,星期二,0,,9716,2018-08-07 00:00:00,1,0,2024-07-02 14:14:16,0,2024-07-02 14:14:16,,,
2018-08-08,星期三,0,,9717,2018-08-08 00:00:00,1,0,2024-07-02 14:14:16,0,2024-07-02 14:14:16,,,
2018-08-09,星期四,0,,9718,2018-08-09 00:00:00,1,0,2024-07-02 14:14:16,0,2024-07-02 14:14:16,,,
2018-08-10,星期五,0,,9719,2018-08-10 00:00:00,1,0,2024-07-02 14:14:16,0,2024-07-02 14:14:16,,,
2018-08-11,星期六,0,,9720,2018-08-11 00:00:00,1,0,2024-07-02 14:14:16,0,2024-07-02 14:14:16,,,
2018-08-12,星期天,0,,9721,2018-08-12 00:00:00,1,0,2024-07-02 14:14:16,0,2024-07-02 14:14:16,,,
2018-08-13,星期一,0,,9722,2018-08-13 00:00:00,1,0,2024-07-02 14:14:16,0,2024-07-02 14:14:16,,,
2018-08-14,星期二,0,,9723,2018-08-14 00:00:00,1,0,2024-07-02 14:14:16,0,2024-07-02 14:14:16,,,
2018-08-15,星期三,0,,9724,2018-08-15 00:00:00,1,0,2024-07-02 14:14:16,0,2024-07-02 14:14:16,,,
2018-08-16,星期四,0,,9725,2018-08-16 00:00:00,1,0,2024-07-02 14:14:16,0,2024-07-02 14:14:16,,,
2018-08-17,星期五,0,,9726,2018-08-17 00:00:00,1,0,2024-07-02 14:14:16,0,2024-07-02 14:14:16,,,
2018-08-18,星期六,0,,9727,2018-08-18 00:00:00,1,0,2024-07-02 14:14:16,0,2024-07-02 14:14:16,,,
2018-08-19,星期天,0,,9728,2018-08-19 00:00:00,1,0,2024-07-02 14:14:16,0,2024-07-02 14:14:16,,,
2018-08-20,星期一,0,,9729,2018-08-20 00:00:00,1,0,2024-07-02 14:14:16,0,2024-07-02 14:14:16,,,
2018-08-21,星期二,0,,9730,2018-08-21 00:00:00,1,0,2024-07-02 14:14:16,0,2024-07-02 14:14:16,,,
2018-08-22,星期三,0,,9731,2018-08-22 00:00:00,1,0,2024-07-02 14:14:16,0,2024-07-02 14:14:16,,,
2018-08-23,星期四,0,,9732,2018-08-23 00:00:00,1,0,2024-07-02 14:14:16,0,2024-07-02 14:14:16,,,
2018-08-24,星期五,0,,9733,2018-08-24 00:00:00,1,0,2024-07-02 14:14:16,0,2024-07-02 14:14:16,,,
2018-08-25,星期六,0,,9734,2018-08-25 00:00:00,1,0,2024-07-02 14:14:16,0,2024-07-02 14:14:16,,,
2018-08-26,星期天,0,,9735,2018-08-26 00:00:00,1,0,2024-07-02 14:14:16,0,2024-07-02 14:14:16,,,
2018-08-27,星期一,0,,9736,2018-08-27 00:00:00,1,0,2024-07-02 14:14:16,0,2024-07-02 14:14:16,,,
2018-08-28,星期二,0,,9737,2018-08-28 00:00:00,1,0,2024-07-02 14:14:16,0,2024-07-02 14:14:16,,,
2018-08-29,星期三,0,,9738,2018-08-29 00:00:00,1,0,2024-07-02 14:14:16,0,2024-07-02 14:14:16,,,
2018-08-30,星期四,0,,9739,2018-08-30 00:00:00,1,0,2024-07-02 14:14:16,0,2024-07-02 14:14:16,,,
2018-08-31,星期五,0,,9740,2018-08-31 00:00:00,1,0,2024-07-02 14:14:16,0,2024-07-02 14:14:16,,,
2018-09-01,星期六,0,,9741,2018-09-01 00:00:00,1,0,2024-07-02 14:14:16,0,2024-07-02 14:14:16,,,
2018-09-02,星期天,0,,9742,2018-09-02 00:00:00,1,0,2024-07-02 14:14:16,0,2024-07-02 14:14:16,,,
2018-09-03,星期一,0,,9743,2018-09-03 00:00:00,1,0,2024-07-02 14:14:16,0,2024-07-02 14:14:16,,,
2018-09-04,星期二,0,,9744,2018-09-04 00:00:00,1,0,2024-07-02 14:14:16,0,2024-07-02 14:14:16,,,
2018-09-05,星期三,0,,9745,2018-09-05 00:00:00,1,0,2024-07-02 14:14:16,0,2024-07-02 14:14:16,,,
2018-09-06,星期四,0,,9746,2018-09-06 00:00:00,1,0,2024-07-02 14:14:16,0,2024-07-02 14:14:16,,,
2018-09-07,星期五,0,,9747,2018-09-07 00:00:00,1,0,2024-07-02 14:14:16,0,2024-07-02 14:14:16,,,
2018-09-08,星期六,0,,9748,2018-09-08 00:00:00,1,0,2024-07-02 14:14:16,0,2024-07-02 14:14:16,,,
2018-09-09,星期天,0,,9749,2018-09-09 00:00:00,1,0,2024-07-02 14:14:16,0,2024-07-02 14:14:16,,,
2018-09-10,星期一,0,,9750,2018-09-10 00:00:00,1,0,2024-07-02 14:14:16,0,2024-07-02 14:14:16,,,
2018-09-11,星期二,0,,9751,2018-09-11 00:00:00,1,0,2024-07-02 14:14:16,0,2024-07-02 14:14:16,,,
2018-09-12,星期三,0,,9752,2018-09-12 00:00:00,1,0,2024-07-02 14:14:16,0,2024-07-02 14:14:16,,,
2018-09-13,星期四,0,,9753,2018-09-13 00:00:00,1,0,2024-07-02 14:14:16,0,2024-07-02 14:14:16,,,
2018-09-14,星期五,0,,9754,2018-09-14 00:00:00,1,0,2024-07-02 14:14:16,0,2024-07-02 14:14:16,,,
2018-09-15,星期六,0,,9755,2018-09-15 00:00:00,1,0,2024-07-02 14:14:16,0,2024-07-02 14:14:16,,,
2018-09-16,星期天,0,,9756,2018-09-16 00:00:00,1,0,2024-07-02 14:14:16,0,2024-07-02 14:14:16,,,
2018-09-17,星期一,0,,9757,2018-09-17 00:00:00,1,0,2024-07-02 14:14:16,0,2024-07-02 14:14:16,,,
2018-09-18,星期二,0,,9758,2018-09-18 00:00:00,1,0,2024-07-02 14:14:16,0,2024-07-02 14:14:16,,,
2018-09-19,星期三,0,,9759,2018-09-19 00:00:00,1,0,2024-07-02 14:14:16,0,2024-07-02 14:14:16,,,
2018-09-20,星期四,0,,9760,2018-09-20 00:00:00,1,0,2024-07-02 14:14:16,0,2024-07-02 14:14:16,,,
2018-09-21,星期五,0,,9761,2018-09-21 00:00:00,1,0,2024-07-02 14:14:16,0,2024-07-02 14:14:16,,,
2018-09-22,星期六,1,中秋节,9762,2018-09-22 00:00:00,1,0,2024-07-02 14:14:16,0,2024-07-02 14:14:16,,,
2018-09-23,星期天,1,中秋节,9763,2018-09-23 00:00:00,1,0,2024-07-02 14:14:16,0,2024-07-02 14:14:16,,,
2018-09-24,星期一,1,中秋节,9764,2018-09-24 00:00:00,1,0,2024-07-02 14:14:16,0,2024-07-02 14:14:16,,,
2018-09-25,星期二,0,,9765,2018-09-25 00:00:00,1,0,2024-07-02 14:14:16,0,2024-07-02 14:14:16,,,
2018-09-26,星期三,0,,9766,2018-09-26 00:00:00,1,0,2024-07-02 14:14:16,0,2024-07-02 14:14:16,,,
2018-09-27,星期四,0,,9767,2018-09-27 00:00:00,1,0,2024-07-02 14:14:16,0,2024-07-02 14:14:16,,,
2018-09-28,星期五,0,,9768,2018-09-28 00:00:00,1,0,2024-07-02 14:14:16,0,2024-07-02 14:14:16,,,
2018-09-29,星期六,0,,9769,2018-09-29 00:00:00,1,0,2024-07-02 14:14:16,0,2024-07-02 14:14:16,,,
2018-09-30,星期天,0,,9770,2018-09-30 00:00:00,1,0,2024-07-02 14:14:16,0,2024-07-02 14:14:16,,,
2018-10-01,星期一,1,国庆节,9771,2018-10-01 00:00:00,1,0,2024-07-02 14:14:16,0,2024-07-02 14:14:16,,,
2018-10-02,星期二,1,国庆节,9772,2018-10-02 00:00:00,1,0,2024-07-02 14:14:16,0,2024-07-02 14:14:16,,,
2018-10-03,星期三,1,国庆节,9773,2018-10-03 00:00:00,1,0,2024-07-02 14:14:16,0,2024-07-02 14:14:16,,,
2018-10-04,星期四,1,国庆节,9774,2018-10-04 00:00:00,1,0,2024-07-02 14:14:16,0,2024-07-02 14:14:16,,,
2018-10-05,星期五,1,国庆节,9775,2018-10-05 00:00:00,1,0,2024-07-02 14:14:16,0,2024-07-02 14:14:16,,,
2018-10-06,星期六,1,国庆节,9776,2018-10-06 00:00:00,1,0,2024-07-02 14:14:16,0,2024-07-02 14:14:16,,,
2018-10-07,星期天,1,国庆节,9777,2018-10-07 00:00:00,1,0,2024-07-02 14:14:16,0,2024-07-02 14:14:16,,,
2018-10-08,星期一,0,,9778,2018-10-08 00:00:00,1,0,2024-07-02 14:14:16,0,2024-07-02 14:14:16,,,
2018-10-09,星期二,0,,9779,2018-10-09 00:00:00,1,0,2024-07-02 14:14:16,0,2024-07-02 14:14:16,,,
2018-10-10,星期三,0,,9780,2018-10-10 00:00:00,1,0,2024-07-02 14:14:16,0,2024-07-02 14:14:16,,,
2018-10-11,星期四,0,,9781,2018-10-11 00:00:00,1,0,2024-07-02 14:14:16,0,2024-07-02 14:14:16,,,
2018-10-12,星期五,0,,9782,2018-10-12 00:00:00,1,0,2024-07-02 14:14:16,0,2024-07-02 14:14:16,,,
2018-10-13,星期六,0,,9783,2018-10-13 00:00:00,1,0,2024-07-02 14:14:16,0,2024-07-02 14:14:16,,,
2018-10-14,星期天,0,,9784,2018-10-14 00:00:00,1,0,2024-07-02 14:14:16,0,2024-07-02 14:14:16,,,
2018-10-15,星期一,0,,9785,2018-10-15 00:00:00,1,0,2024-07-02 14:14:16,0,2024-07-02 14:14:16,,,
2018-10-16,星期二,0,,9786,2018-10-16 00:00:00,1,0,2024-07-02 14:14:16,0,2024-07-02 14:14:16,,,
2018-10-17,星期三,0,,9787,2018-10-17 00:00:00,1,0,2024-07-02 14:14:16,0,2024-07-02 14:14:16,,,
2018-10-18,星期四,0,,9788,2018-10-18 00:00:00,1,0,2024-07-02 14:14:16,0,2024-07-02 14:14:16,,,
2018-10-19,星期五,0,,9789,2018-10-19 00:00:00,1,0,2024-07-02 14:14:16,0,2024-07-02 14:14:16,,,
2018-10-20,星期六,0,,9790,2018-10-20 00:00:00,1,0,2024-07-02 14:14:16,0,2024-07-02 14:14:16,,,
2018-10-21,星期天,0,,9791,2018-10-21 00:00:00,1,0,2024-07-02 14:14:16,0,2024-07-02 14:14:16,,,
2018-10-22,星期一,0,,9792,2018-10-22 00:00:00,1,0,2024-07-02 14:14:16,0,2024-07-02 14:14:16,,,
2018-10-23,星期二,0,,9793,2018-10-23 00:00:00,1,0,2024-07-02 14:14:16,0,2024-07-02 14:14:16,,,
2018-10-24,星期三,0,,9794,2018-10-24 00:00:00,1,0,2024-07-02 14:14:16,0,2024-07-02 14:14:16,,,
2018-10-25,星期四,0,,9795,2018-10-25 00:00:00,1,0,2024-07-02 14:14:16,0,2024-07-02 14:14:16,,,
2018-10-26,星期五,0,,9796,2018-10-26 00:00:00,1,0,2024-07-02 14:14:16,0,2024-07-02 14:14:16,,,
2018-10-27,星期六,0,,9797,2018-10-27 00:00:00,1,0,2024-07-02 14:14:16,0,2024-07-02 14:14:16,,,
2018-10-28,星期天,0,,9798,2018-10-28 00:00:00,1,0,2024-07-02 14:14:16,0,2024-07-02 14:14:16,,,
2018-10-29,星期一,0,,9799,2018-10-29 00:00:00,1,0,2024-07-02 14:14:16,0,2024-07-02 14:14:16,,,
2018-10-30,星期二,0,,9800,2018-10-30 00:00:00,1,0,2024-07-02 14:14:16,0,2024-07-02 14:14:16,,,
2018-10-31,星期三,0,,9801,2018-10-31 00:00:00,1,0,2024-07-02 14:14:16,0,2024-07-02 14:14:16,,,
2018-11-01,星期四,0,,9802,2018-11-01 00:00:00,1,0,2024-07-02 14:14:16,0,2024-07-02 14:14:16,,,
2018-11-02,星期五,0,,9803,2018-11-02 00:00:00,1,0,2024-07-02 14:14:16,0,2024-07-02 14:14:16,,,
2018-11-03,星期六,0,,9804,2018-11-03 00:00:00,1,0,2024-07-02 14:14:16,0,2024-07-02 14:14:16,,,
2018-11-04,星期天,0,,9805,2018-11-04 00:00:00,1,0,2024-07-02 14:14:16,0,2024-07-02 14:14:16,,,
2018-11-05,星期一,0,,9806,2018-11-05 00:00:00,1,0,2024-07-02 14:14:16,0,2024-07-02 14:14:16,,,
2018-11-06,星期二,0,,9807,2018-11-06 00:00:00,1,0,2024-07-02 14:14:16,0,2024-07-02 14:14:16,,,
2018-11-07,星期三,0,,9808,2018-11-07 00:00:00,1,0,2024-07-02 14:14:16,0,2024-07-02 14:14:16,,,
2018-11-08,星期四,0,,9809,2018-11-08 00:00:00,1,0,2024-07-02 14:14:16,0,2024-07-02 14:14:16,,,
2018-11-09,星期五,0,,9810,2018-11-09 00:00:00,1,0,2024-07-02 14:14:16,0,2024-07-02 14:14:16,,,
2018-11-10,星期六,0,,9811,2018-11-10 00:00:00,1,0,2024-07-02 14:14:16,0,2024-07-02 14:14:16,,,
2018-11-11,星期天,0,,9812,2018-11-11 00:00:00,1,0,2024-07-02 14:14:16,0,2024-07-02 14:14:16,,,
2018-11-12,星期一,0,,9813,2018-11-12 00:00:00,1,0,2024-07-02 14:14:16,0,2024-07-02 14:14:16,,,
2018-11-13,星期二,0,,9814,2018-11-13 00:00:00,1,0,2024-07-02 14:14:16,0,2024-07-02 14:14:16,,,
2018-11-14,星期三,0,,9815,2018-11-14 00:00:00,1,0,2024-07-02 14:14:16,0,2024-07-02 14:14:16,,,
2018-11-15,星期四,0,,9816,2018-11-15 00:00:00,1,0,2024-07-02 14:14:16,0,2024-07-02 14:14:16,,,
2018-11-16,星期五,0,,9817,2018-11-16 00:00:00,1,0,2024-07-02 14:14:16,0,2024-07-02 14:14:16,,,
2018-11-17,星期六,0,,9818,2018-11-17 00:00:00,1,0,2024-07-02 14:14:16,0,2024-07-02 14:14:16,,,
2018-11-18,星期天,0,,9819,2018-11-18 00:00:00,1,0,2024-07-02 14:14:16,0,2024-07-02 14:14:16,,,
2018-11-19,星期一,0,,9820,2018-11-19 00:00:00,1,0,2024-07-02 14:14:16,0,2024-07-02 14:14:16,,,
2018-11-20,星期二,0,,9821,2018-11-20 00:00:00,1,0,2024-07-02 14:14:16,0,2024-07-02 14:14:16,,,
2018-11-21,星期三,0,,9822,2018-11-21 00:00:00,1,0,2024-07-02 14:14:16,0,2024-07-02 14:14:16,,,
2018-11-22,星期四,0,,9823,2018-11-22 00:00:00,1,0,2024-07-02 14:14:16,0,2024-07-02 14:14:16,,,
2018-11-23,星期五,0,,9824,2018-11-23 00:00:00,1,0,2024-07-02 14:14:16,0,2024-07-02 14:14:16,,,
2018-11-24,星期六,0,,9825,2018-11-24 00:00:00,1,0,2024-07-02 14:14:16,0,2024-07-02 14:14:16,,,
2018-11-25,星期天,0,,9826,2018-11-25 00:00:00,1,0,2024-07-02 14:14:16,0,2024-07-02 14:14:16,,,
2018-11-26,星期一,0,,9827,2018-11-26 00:00:00,1,0,2024-07-02 14:14:16,0,2024-07-02 14:14:16,,,
2018-11-27,星期二,0,,9828,2018-11-27 00:00:00,1,0,2024-07-02 14:14:16,0,2024-07-02 14:14:16,,,
2018-11-28,星期三,0,,9829,2018-11-28 00:00:00,1,0,2024-07-02 14:14:16,0,2024-07-02 14:14:16,,,
2018-11-29,星期四,0,,9830,2018-11-29 00:00:00,1,0,2024-07-02 14:14:16,0,2024-07-02 14:14:16,,,
2018-11-30,星期五,0,,9831,2018-11-30 00:00:00,1,0,2024-07-02 14:14:16,0,2024-07-02 14:14:16,,,
2018-12-01,星期六,0,,9832,2018-12-01 00:00:00,1,0,2024-07-02 14:14:16,0,2024-07-02 14:14:16,,,
2018-12-02,星期天,0,,9833,2018-12-02 00:00:00,1,0,2024-07-02 14:14:16,0,2024-07-02 14:14:16,,,
2018-12-03,星期一,0,,9834,2018-12-03 00:00:00,1,0,2024-07-02 14:14:16,0,2024-07-02 14:14:16,,,
2018-12-04,星期二,0,,9835,2018-12-04 00:00:00,1,0,2024-07-02 14:14:16,0,2024-07-02 14:14:16,,,
2018-12-05,星期三,0,,9836,2018-12-05 00:00:00,1,0,2024-07-02 14:14:16,0,2024-07-02 14:14:16,,,
2018-12-06,星期四,0,,9837,2018-12-06 00:00:00,1,0,2024-07-02 14:14:16,0,2024-07-02 14:14:16,,,
2018-12-07,星期五,0,,9838,2018-12-07 00:00:00,1,0,2024-07-02 14:14:16,0,2024-07-02 14:14:16,,,
2018-12-08,星期六,0,,9839,2018-12-08 00:00:00,1,0,2024-07-02 14:14:16,0,2024-07-02 14:14:16,,,
2018-12-09,星期天,0,,9840,2018-12-09 00:00:00,1,0,2024-07-02 14:14:16,0,2024-07-02 14:14:16,,,
2018-12-10,星期一,0,,9841,2018-12-10 00:00:00,1,0,2024-07-02 14:14:16,0,2024-07-02 14:14:16,,,
2018-12-11,星期二,0,,9842,2018-12-11 00:00:00,1,0,2024-07-02 14:14:16,0,2024-07-02 14:14:16,,,
2018-12-12,星期三,0,,9843,2018-12-12 00:00:00,1,0,2024-07-02 14:14:16,0,2024-07-02 14:14:16,,,
2018-12-13,星期四,0,,9844,2018-12-13 00:00:00,1,0,2024-07-02 14:14:16,0,2024-07-02 14:14:16,,,
2018-12-14,星期五,0,,9845,2018-12-14 00:00:00,1,0,2024-07-02 14:14:16,0,2024-07-02 14:14:16,,,
2018-12-15,星期六,0,,9846,2018-12-15 00:00:00,1,0,2024-07-02 14:14:16,0,2024-07-02 14:14:16,,,
2018-12-16,星期天,0,,9847,2018-12-16 00:00:00,1,0,2024-07-02 14:14:16,0,2024-07-02 14:14:16,,,
2018-12-17,星期一,0,,9848,2018-12-17 00:00:00,1,0,2024-07-02 14:14:16,0,2024-07-02 14:14:16,,,
2018-12-18,星期二,0,,9849,2018-12-18 00:00:00,1,0,2024-07-02 14:14:16,0,2024-07-02 14:14:16,,,
2018-12-19,星期三,0,,9850,2018-12-19 00:00:00,1,0,2024-07-02 14:14:16,0,2024-07-02 14:14:16,,,
2018-12-20,星期四,0,,9851,2018-12-20 00:00:00,1,0,2024-07-02 14:14:16,0,2024-07-02 14:14:16,,,
2018-12-21,星期五,0,,9852,2018-12-21 00:00:00,1,0,2024-07-02 14:14:16,0,2024-07-02 14:14:16,,,
2018-12-22,星期六,0,,9853,2018-12-22 00:00:00,1,0,2024-07-02 14:14:16,0,2024-07-02 14:14:16,,,
2018-12-23,星期天,0,,9854,2018-12-23 00:00:00,1,0,2024-07-02 14:14:16,0,2024-07-02 14:14:16,,,
2018-12-24,星期一,0,,9855,2018-12-24 00:00:00,1,0,2024-07-02 14:14:16,0,2024-07-02 14:14:16,,,
2018-12-25,星期二,0,,9856,2018-12-25 00:00:00,1,0,2024-07-02 14:14:16,0,2024-07-02 14:14:16,,,
2018-12-26,星期三,0,,9857,2018-12-26 00:00:00,1,0,2024-07-02 14:14:16,0,2024-07-02 14:14:16,,,
2018-12-27,星期四,0,,9858,2018-12-27 00:00:00,1,0,2024-07-02 14:14:16,0,2024-07-02 14:14:16,,,
2018-12-28,星期五,0,,9859,2018-12-28 00:00:00,1,0,2024-07-02 14:14:16,0,2024-07-02 14:14:16,,,
2018-12-29,星期六,0,,9860,2018-12-29 00:00:00,1,0,2024-07-02 14:14:16,0,2024-07-02 14:14:16,,,
2018-12-30,星期天,1,元旦,9861,2018-12-30 00:00:00,1,0,2024-07-02 14:14:16,0,2024-07-02 14:14:16,,,
2018-12-31,星期一,1,元旦,9862,2018-12-31 00:00:00,1,0,2024-07-02 14:14:16,0,2024-07-02 14:14:16,,,
2017-01-01,星期天,1,元旦,9863,2017-01-01 00:00:00,1,0,2024-07-02 14:14:20,0,2024-07-02 14:14:20,,,
2017-01-02,星期一,1,元旦,9864,2017-01-02 00:00:00,1,0,2024-07-02 14:14:20,0,2024-07-02 14:14:20,,,
2017-01-03,星期二,0,,9865,2017-01-03 00:00:00,1,0,2024-07-02 14:14:20,0,2024-07-02 14:14:20,,,
2017-01-04,星期三,0,,9866,2017-01-04 00:00:00,1,0,2024-07-02 14:14:20,0,2024-07-02 14:14:20,,,
2017-01-05,星期四,0,,9867,2017-01-05 00:00:00,1,0,2024-07-02 14:14:20,0,2024-07-02 14:14:20,,,
2017-01-06,星期五,0,,9868,2017-01-06 00:00:00,1,0,2024-07-02 14:14:20,0,2024-07-02 14:14:20,,,
2017-01-07,星期六,0,,9869,2017-01-07 00:00:00,1,0,2024-07-02 14:14:20,0,2024-07-02 14:14:20,,,
2017-01-08,星期天,0,,9870,2017-01-08 00:00:00,1,0,2024-07-02 14:14:20,0,2024-07-02 14:14:20,,,
2017-01-09,星期一,0,,9871,2017-01-09 00:00:00,1,0,2024-07-02 14:14:20,0,2024-07-02 14:14:20,,,
2017-01-10,星期二,0,,9872,2017-01-10 00:00:00,1,0,2024-07-02 14:14:20,0,2024-07-02 14:14:20,,,
2017-01-11,星期三,0,,9873,2017-01-11 00:00:00,1,0,2024-07-02 14:14:20,0,2024-07-02 14:14:20,,,
2017-01-12,星期四,0,,9874,2017-01-12 00:00:00,1,0,2024-07-02 14:14:20,0,2024-07-02 14:14:20,,,
2017-01-13,星期五,0,,9875,2017-01-13 00:00:00,1,0,2024-07-02 14:14:20,0,2024-07-02 14:14:20,,,
2017-01-14,星期六,0,,9876,2017-01-14 00:00:00,1,0,2024-07-02 14:14:20,0,2024-07-02 14:14:20,,,
2017-01-15,星期天,0,,9877,2017-01-15 00:00:00,1,0,2024-07-02 14:14:20,0,2024-07-02 14:14:20,,,
2017-01-16,星期一,0,,9878,2017-01-16 00:00:00,1,0,2024-07-02 14:14:20,0,2024-07-02 14:14:20,,,
2017-01-17,星期二,0,,9879,2017-01-17 00:00:00,1,0,2024-07-02 14:14:20,0,2024-07-02 14:14:20,,,
2017-01-18,星期三,0,,9880,2017-01-18 00:00:00,1,0,2024-07-02 14:14:20,0,2024-07-02 14:14:20,,,
2017-01-19,星期四,0,,9881,2017-01-19 00:00:00,1,0,2024-07-02 14:14:20,0,2024-07-02 14:14:20,,,
2017-01-20,星期五,0,,9882,2017-01-20 00:00:00,1,0,2024-07-02 14:14:20,0,2024-07-02 14:14:20,,,
2017-01-21,星期六,0,,9883,2017-01-21 00:00:00,1,0,2024-07-02 14:14:20,0,2024-07-02 14:14:20,,,
2017-01-22,星期天,0,,9884,2017-01-22 00:00:00,1,0,2024-07-02 14:14:20,0,2024-07-02 14:14:20,,,
2017-01-23,星期一,0,,9885,2017-01-23 00:00:00,1,0,2024-07-02 14:14:20,0,2024-07-02 14:14:20,,,
2017-01-24,星期二,0,,9886,2017-01-24 00:00:00,1,0,2024-07-02 14:14:20,0,2024-07-02 14:14:20,,,
2017-01-25,星期三,0,,9887,2017-01-25 00:00:00,1,0,2024-07-02 14:14:20,0,2024-07-02 14:14:20,,,
2017-01-26,星期四,0,,9888,2017-01-26 00:00:00,1,0,2024-07-02 14:14:20,0,2024-07-02 14:14:20,,,
2017-01-27,星期五,1,除夕,9889,2017-01-27 00:00:00,1,0,2024-07-02 14:14:20,0,2024-07-02 14:14:20,,,
2017-01-28,星期六,1,春节,9890,2017-01-28 00:00:00,1,0,2024-07-02 14:14:20,0,2024-07-02 14:14:20,,,
2017-01-29,星期天,1,春节,9891,2017-01-29 00:00:00,1,0,2024-07-02 14:14:20,0,2024-07-02 14:14:20,,,
2017-01-30,星期一,1,春节,9892,2017-01-30 00:00:00,1,0,2024-07-02 14:14:20,0,2024-07-02 14:14:20,,,
2017-01-31,星期二,1,春节,9893,2017-01-31 00:00:00,1,0,2024-07-02 14:14:20,0,2024-07-02 14:14:20,,,
2017-02-01,星期三,1,春节,9894,2017-02-01 00:00:00,1,0,2024-07-02 14:14:20,0,2024-07-02 14:14:20,,,
2017-02-02,星期四,1,春节,9895,2017-02-02 00:00:00,1,0,2024-07-02 14:14:20,0,2024-07-02 14:14:20,,,
2017-02-03,星期五,0,,9896,2017-02-03 00:00:00,1,0,2024-07-02 14:14:20,0,2024-07-02 14:14:20,,,
2017-02-04,星期六,0,,9897,2017-02-04 00:00:00,1,0,2024-07-02 14:14:20,0,2024-07-02 14:14:20,,,
2017-02-05,星期天,0,,9898,2017-02-05 00:00:00,1,0,2024-07-02 14:14:20,0,2024-07-02 14:14:20,,,
2017-02-06,星期一,0,,9899,2017-02-06 00:00:00,1,0,2024-07-02 14:14:20,0,2024-07-02 14:14:20,,,
2017-02-07,星期二,0,,9900,2017-02-07 00:00:00,1,0,2024-07-02 14:14:20,0,2024-07-02 14:14:20,,,
2017-02-08,星期三,0,,9901,2017-02-08 00:00:00,1,0,2024-07-02 14:14:20,0,2024-07-02 14:14:20,,,
2017-02-09,星期四,0,,9902,2017-02-09 00:00:00,1,0,2024-07-02 14:14:20,0,2024-07-02 14:14:20,,,
2017-02-10,星期五,0,,9903,2017-02-10 00:00:00,1,0,2024-07-02 14:14:20,0,2024-07-02 14:14:20,,,
2017-02-11,星期六,0,,9904,2017-02-11 00:00:00,1,0,2024-07-02 14:14:20,0,2024-07-02 14:14:20,,,
2017-02-12,星期天,0,,9905,2017-02-12 00:00:00,1,0,2024-07-02 14:14:20,0,2024-07-02 14:14:20,,,
2017-02-13,星期一,0,,9906,2017-02-13 00:00:00,1,0,2024-07-02 14:14:20,0,2024-07-02 14:14:20,,,
2017-02-14,星期二,0,,9907,2017-02-14 00:00:00,1,0,2024-07-02 14:14:20,0,2024-07-02 14:14:20,,,
2017-02-15,星期三,0,,9908,2017-02-15 00:00:00,1,0,2024-07-02 14:14:20,0,2024-07-02 14:14:20,,,
2017-02-16,星期四,0,,9909,2017-02-16 00:00:00,1,0,2024-07-02 14:14:20,0,2024-07-02 14:14:20,,,
2017-02-17,星期五,0,,9910,2017-02-17 00:00:00,1,0,2024-07-02 14:14:20,0,2024-07-02 14:14:20,,,
2017-02-18,星期六,0,,9911,2017-02-18 00:00:00,1,0,2024-07-02 14:14:20,0,2024-07-02 14:14:20,,,
2017-02-19,星期天,0,,9912,2017-02-19 00:00:00,1,0,2024-07-02 14:14:20,0,2024-07-02 14:14:20,,,
2017-02-20,星期一,0,,9913,2017-02-20 00:00:00,1,0,2024-07-02 14:14:20,0,2024-07-02 14:14:20,,,
2017-02-21,星期二,0,,9914,2017-02-21 00:00:00,1,0,2024-07-02 14:14:20,0,2024-07-02 14:14:20,,,
2017-02-22,星期三,0,,9915,2017-02-22 00:00:00,1,0,2024-07-02 14:14:20,0,2024-07-02 14:14:20,,,
2017-02-23,星期四,0,,9916,2017-02-23 00:00:00,1,0,2024-07-02 14:14:20,0,2024-07-02 14:14:20,,,
2017-02-24,星期五,0,,9917,2017-02-24 00:00:00,1,0,2024-07-02 14:14:20,0,2024-07-02 14:14:20,,,
2017-02-25,星期六,0,,9918,2017-02-25 00:00:00,1,0,2024-07-02 14:14:20,0,2024-07-02 14:14:20,,,
2017-02-26,星期天,0,,9919,2017-02-26 00:00:00,1,0,2024-07-02 14:14:20,0,2024-07-02 14:14:20,,,
2017-02-27,星期一,0,,9920,2017-02-27 00:00:00,1,0,2024-07-02 14:14:20,0,2024-07-02 14:14:20,,,
2017-02-28,星期二,0,,9921,2017-02-28 00:00:00,1,0,2024-07-02 14:14:20,0,2024-07-02 14:14:20,,,
2017-03-01,星期三,0,,9922,2017-03-01 00:00:00,1,0,2024-07-02 14:14:20,0,2024-07-02 14:14:20,,,
2017-03-02,星期四,0,,9923,2017-03-02 00:00:00,1,0,2024-07-02 14:14:20,0,2024-07-02 14:14:20,,,
2017-03-03,星期五,0,,9924,2017-03-03 00:00:00,1,0,2024-07-02 14:14:20,0,2024-07-02 14:14:20,,,
2017-03-04,星期六,0,,9925,2017-03-04 00:00:00,1,0,2024-07-02 14:14:20,0,2024-07-02 14:14:20,,,
2017-03-05,星期天,0,,9926,2017-03-05 00:00:00,1,0,2024-07-02 14:14:20,0,2024-07-02 14:14:20,,,
2017-03-06,星期一,0,,9927,2017-03-06 00:00:00,1,0,2024-07-02 14:14:20,0,2024-07-02 14:14:20,,,
2017-03-07,星期二,0,,9928,2017-03-07 00:00:00,1,0,2024-07-02 14:14:20,0,2024-07-02 14:14:20,,,
2017-03-08,星期三,0,,9929,2017-03-08 00:00:00,1,0,2024-07-02 14:14:20,0,2024-07-02 14:14:20,,,
2017-03-09,星期四,0,,9930,2017-03-09 00:00:00,1,0,2024-07-02 14:14:20,0,2024-07-02 14:14:20,,,
2017-03-10,星期五,0,,9931,2017-03-10 00:00:00,1,0,2024-07-02 14:14:20,0,2024-07-02 14:14:20,,,
2017-03-11,星期六,0,,9932,2017-03-11 00:00:00,1,0,2024-07-02 14:14:20,0,2024-07-02 14:14:20,,,
2017-03-12,星期天,0,,9933,2017-03-12 00:00:00,1,0,2024-07-02 14:14:20,0,2024-07-02 14:14:20,,,
2017-03-13,星期一,0,,9934,2017-03-13 00:00:00,1,0,2024-07-02 14:14:20,0,2024-07-02 14:14:20,,,
2017-03-14,星期二,0,,9935,2017-03-14 00:00:00,1,0,2024-07-02 14:14:20,0,2024-07-02 14:14:20,,,
2017-03-15,星期三,0,,9936,2017-03-15 00:00:00,1,0,2024-07-02 14:14:20,0,2024-07-02 14:14:20,,,
2017-03-16,星期四,0,,9937,2017-03-16 00:00:00,1,0,2024-07-02 14:14:20,0,2024-07-02 14:14:20,,,
2017-03-17,星期五,0,,9938,2017-03-17 00:00:00,1,0,2024-07-02 14:14:20,0,2024-07-02 14:14:20,,,
2017-03-18,星期六,0,,9939,2017-03-18 00:00:00,1,0,2024-07-02 14:14:20,0,2024-07-02 14:14:20,,,
2017-03-19,星期天,0,,9940,2017-03-19 00:00:00,1,0,2024-07-02 14:14:20,0,2024-07-02 14:14:20,,,
2017-03-20,星期一,0,,9941,2017-03-20 00:00:00,1,0,2024-07-02 14:14:20,0,2024-07-02 14:14:20,,,
2017-03-21,星期二,0,,9942,2017-03-21 00:00:00,1,0,2024-07-02 14:14:20,0,2024-07-02 14:14:20,,,
2017-03-22,星期三,0,,9943,2017-03-22 00:00:00,1,0,2024-07-02 14:14:20,0,2024-07-02 14:14:20,,,
2017-03-23,星期四,0,,9944,2017-03-23 00:00:00,1,0,2024-07-02 14:14:20,0,2024-07-02 14:14:20,,,
2017-03-24,星期五,0,,9945,2017-03-24 00:00:00,1,0,2024-07-02 14:14:20,0,2024-07-02 14:14:20,,,
2017-03-25,星期六,0,,9946,2017-03-25 00:00:00,1,0,2024-07-02 14:14:20,0,2024-07-02 14:14:20,,,
2017-03-26,星期天,0,,9947,2017-03-26 00:00:00,1,0,2024-07-02 14:14:20,0,2024-07-02 14:14:20,,,
2017-03-27,星期一,0,,9948,2017-03-27 00:00:00,1,0,2024-07-02 14:14:20,0,2024-07-02 14:14:20,,,
2017-03-28,星期二,0,,9949,2017-03-28 00:00:00,1,0,2024-07-02 14:14:20,0,2024-07-02 14:14:20,,,
2017-03-29,星期三,0,,9950,2017-03-29 00:00:00,1,0,2024-07-02 14:14:20,0,2024-07-02 14:14:20,,,
2017-03-30,星期四,0,,9951,2017-03-30 00:00:00,1,0,2024-07-02 14:14:20,0,2024-07-02 14:14:20,,,
2017-03-31,星期五,0,,9952,2017-03-31 00:00:00,1,0,2024-07-02 14:14:20,0,2024-07-02 14:14:20,,,
2017-04-01,星期六,0,,9953,2017-04-01 00:00:00,1,0,2024-07-02 14:14:20,0,2024-07-02 14:14:20,,,
2017-04-02,星期天,1,清明节,9954,2017-04-02 00:00:00,1,0,2024-07-02 14:14:20,0,2024-07-02 14:14:20,,,
2017-04-03,星期一,1,清明节,9955,2017-04-03 00:00:00,1,0,2024-07-02 14:14:20,0,2024-07-02 14:14:20,,,
2017-04-04,星期二,1,清明节,9956,2017-04-04 00:00:00,1,0,2024-07-02 14:14:20,0,2024-07-02 14:14:20,,,
2017-04-05,星期三,0,,9957,2017-04-05 00:00:00,1,0,2024-07-02 14:14:20,0,2024-07-02 14:14:20,,,
2017-04-06,星期四,0,,9958,2017-04-06 00:00:00,1,0,2024-07-02 14:14:20,0,2024-07-02 14:14:20,,,
2017-04-07,星期五,0,,9959,2017-04-07 00:00:00,1,0,2024-07-02 14:14:20,0,2024-07-02 14:14:20,,,
2017-04-08,星期六,0,,9960,2017-04-08 00:00:00,1,0,2024-07-02 14:14:20,0,2024-07-02 14:14:20,,,
2017-04-09,星期天,0,,9961,2017-04-09 00:00:00,1,0,2024-07-02 14:14:20,0,2024-07-02 14:14:20,,,
2017-04-10,星期一,0,,9962,2017-04-10 00:00:00,1,0,2024-07-02 14:14:20,0,2024-07-02 14:14:20,,,
2017-04-11,星期二,0,,9963,2017-04-11 00:00:00,1,0,2024-07-02 14:14:20,0,2024-07-02 14:14:20,,,
2017-04-12,星期三,0,,9964,2017-04-12 00:00:00,1,0,2024-07-02 14:14:20,0,2024-07-02 14:14:20,,,
2017-04-13,星期四,0,,9965,2017-04-13 00:00:00,1,0,2024-07-02 14:14:20,0,2024-07-02 14:14:20,,,
2017-04-14,星期五,0,,9966,2017-04-14 00:00:00,1,0,2024-07-02 14:14:20,0,2024-07-02 14:14:20,,,
2017-04-15,星期六,0,,9967,2017-04-15 00:00:00,1,0,2024-07-02 14:14:20,0,2024-07-02 14:14:20,,,
2017-04-16,星期天,0,,9968,2017-04-16 00:00:00,1,0,2024-07-02 14:14:20,0,2024-07-02 14:14:20,,,
2017-04-17,星期一,0,,9969,2017-04-17 00:00:00,1,0,2024-07-02 14:14:20,0,2024-07-02 14:14:20,,,
2017-04-18,星期二,0,,9970,2017-04-18 00:00:00,1,0,2024-07-02 14:14:20,0,2024-07-02 14:14:20,,,
2017-04-19,星期三,0,,9971,2017-04-19 00:00:00,1,0,2024-07-02 14:14:20,0,2024-07-02 14:14:20,,,
2017-04-20,星期四,0,,9972,2017-04-20 00:00:00,1,0,2024-07-02 14:14:20,0,2024-07-02 14:14:20,,,
2017-04-21,星期五,0,,9973,2017-04-21 00:00:00,1,0,2024-07-02 14:14:20,0,2024-07-02 14:14:20,,,
2017-04-22,星期六,0,,9974,2017-04-22 00:00:00,1,0,2024-07-02 14:14:20,0,2024-07-02 14:14:20,,,
2017-04-23,星期天,0,,9975,2017-04-23 00:00:00,1,0,2024-07-02 14:14:20,0,2024-07-02 14:14:20,,,
2017-04-24,星期一,0,,9976,2017-04-24 00:00:00,1,0,2024-07-02 14:14:20,0,2024-07-02 14:14:20,,,
2017-04-25,星期二,0,,9977,2017-04-25 00:00:00,1,0,2024-07-02 14:14:20,0,2024-07-02 14:14:20,,,
2017-04-26,星期三,0,,9978,2017-04-26 00:00:00,1,0,2024-07-02 14:14:20,0,2024-07-02 14:14:20,,,
2017-04-27,星期四,0,,9979,2017-04-27 00:00:00,1,0,2024-07-02 14:14:20,0,2024-07-02 14:14:20,,,
2017-04-28,星期五,0,,9980,2017-04-28 00:00:00,1,0,2024-07-02 14:14:20,0,2024-07-02 14:14:20,,,
2017-04-29,星期六,1,劳动节,9981,2017-04-29 00:00:00,1,0,2024-07-02 14:14:20,0,2024-07-02 14:14:20,,,
2017-04-30,星期天,1,劳动节,9982,2017-04-30 00:00:00,1,0,2024-07-02 14:14:20,0,2024-07-02 14:14:20,,,
2017-05-01,星期一,1,劳动节,9983,2017-05-01 00:00:00,1,0,2024-07-02 14:14:20,0,2024-07-02 14:14:20,,,
2017-05-02,星期二,0,,9984,2017-05-02 00:00:00,1,0,2024-07-02 14:14:20,0,2024-07-02 14:14:20,,,
2017-05-03,星期三,0,,9985,2017-05-03 00:00:00,1,0,2024-07-02 14:14:20,0,2024-07-02 14:14:20,,,
2017-05-04,星期四,0,,9986,2017-05-04 00:00:00,1,0,2024-07-02 14:14:20,0,2024-07-02 14:14:20,,,
2017-05-05,星期五,0,,9987,2017-05-05 00:00:00,1,0,2024-07-02 14:14:20,0,2024-07-02 14:14:20,,,
2017-05-06,星期六,0,,9988,2017-05-06 00:00:00,1,0,2024-07-02 14:14:20,0,2024-07-02 14:14:20,,,
2017-05-07,星期天,0,,9989,2017-05-07 00:00:00,1,0,2024-07-02 14:14:20,0,2024-07-02 14:14:20,,,
2017-05-08,星期一,0,,9990,2017-05-08 00:00:00,1,0,2024-07-02 14:14:20,0,2024-07-02 14:14:20,,,
2017-05-09,星期二,0,,9991,2017-05-09 00:00:00,1,0,2024-07-02 14:14:20,0,2024-07-02 14:14:20,,,
2017-05-10,星期三,0,,9992,2017-05-10 00:00:00,1,0,2024-07-02 14:14:20,0,2024-07-02 14:14:20,,,
2017-05-11,星期四,0,,9993,2017-05-11 00:00:00,1,0,2024-07-02 14:14:20,0,2024-07-02 14:14:20,,,
2017-05-12,星期五,0,,9994,2017-05-12 00:00:00,1,0,2024-07-02 14:14:20,0,2024-07-02 14:14:20,,,
2017-05-13,星期六,0,,9995,2017-05-13 00:00:00,1,0,2024-07-02 14:14:20,0,2024-07-02 14:14:20,,,
2017-05-14,星期天,0,,9996,2017-05-14 00:00:00,1,0,2024-07-02 14:14:20,0,2024-07-02 14:14:20,,,
2017-05-15,星期一,0,,9997,2017-05-15 00:00:00,1,0,2024-07-02 14:14:20,0,2024-07-02 14:14:20,,,
2017-05-16,星期二,0,,9998,2017-05-16 00:00:00,1,0,2024-07-02 14:14:20,0,2024-07-02 14:14:20,,,
2017-05-17,星期三,0,,9999,2017-05-17 00:00:00,1,0,2024-07-02 14:14:20,0,2024-07-02 14:14:20,,,
2017-05-18,星期四,0,,10000,2017-05-18 00:00:00,1,0,2024-07-02 14:14:20,0,2024-07-02 14:14:20,,,
2017-05-19,星期五,0,,10001,2017-05-19 00:00:00,1,0,2024-07-02 14:14:20,0,2024-07-02 14:14:20,,,
2017-05-20,星期六,0,,10002,2017-05-20 00:00:00,1,0,2024-07-02 14:14:20,0,2024-07-02 14:14:20,,,
2017-05-21,星期天,0,,10003,2017-05-21 00:00:00,1,0,2024-07-02 14:14:20,0,2024-07-02 14:14:20,,,
2017-05-22,星期一,0,,10004,2017-05-22 00:00:00,1,0,2024-07-02 14:14:20,0,2024-07-02 14:14:20,,,
2017-05-23,星期二,0,,10005,2017-05-23 00:00:00,1,0,2024-07-02 14:14:20,0,2024-07-02 14:14:20,,,
2017-05-24,星期三,0,,10006,2017-05-24 00:00:00,1,0,2024-07-02 14:14:20,0,2024-07-02 14:14:20,,,
2017-05-25,星期四,0,,10007,2017-05-25 00:00:00,1,0,2024-07-02 14:14:20,0,2024-07-02 14:14:20,,,
2017-05-26,星期五,0,,10008,2017-05-26 00:00:00,1,0,2024-07-02 14:14:20,0,2024-07-02 14:14:20,,,
2017-05-27,星期六,0,,10009,2017-05-27 00:00:00,1,0,2024-07-02 14:14:20,0,2024-07-02 14:14:20,,,
2017-05-28,星期天,1,端午节,10010,2017-05-28 00:00:00,1,0,2024-07-02 14:14:20,0,2024-07-02 14:14:20,,,
2017-05-29,星期一,1,端午节,10011,2017-05-29 00:00:00,1,0,2024-07-02 14:14:20,0,2024-07-02 14:14:20,,,
2017-05-30,星期二,1,端午节,10012,2017-05-30 00:00:00,1,0,2024-07-02 14:14:20,0,2024-07-02 14:14:20,,,
2017-05-31,星期三,0,,10013,2017-05-31 00:00:00,1,0,2024-07-02 14:14:20,0,2024-07-02 14:14:20,,,
2017-06-01,星期四,0,,10014,2017-06-01 00:00:00,1,0,2024-07-02 14:14:20,0,2024-07-02 14:14:20,,,
2017-06-02,星期五,0,,10015,2017-06-02 00:00:00,1,0,2024-07-02 14:14:20,0,2024-07-02 14:14:20,,,
2017-06-03,星期六,0,,10016,2017-06-03 00:00:00,1,0,2024-07-02 14:14:20,0,2024-07-02 14:14:20,,,
2017-06-04,星期天,0,,10017,2017-06-04 00:00:00,1,0,2024-07-02 14:14:20,0,2024-07-02 14:14:20,,,
2017-06-05,星期一,0,,10018,2017-06-05 00:00:00,1,0,2024-07-02 14:14:20,0,2024-07-02 14:14:20,,,
2017-06-06,星期二,0,,10019,2017-06-06 00:00:00,1,0,2024-07-02 14:14:20,0,2024-07-02 14:14:20,,,
2017-06-07,星期三,0,,10020,2017-06-07 00:00:00,1,0,2024-07-02 14:14:20,0,2024-07-02 14:14:20,,,
2017-06-08,星期四,0,,10021,2017-06-08 00:00:00,1,0,2024-07-02 14:14:20,0,2024-07-02 14:14:20,,,
2017-06-09,星期五,0,,10022,2017-06-09 00:00:00,1,0,2024-07-02 14:14:20,0,2024-07-02 14:14:20,,,
2017-06-10,星期六,0,,10023,2017-06-10 00:00:00,1,0,2024-07-02 14:14:20,0,2024-07-02 14:14:20,,,
2017-06-11,星期天,0,,10024,2017-06-11 00:00:00,1,0,2024-07-02 14:14:20,0,2024-07-02 14:14:20,,,
2017-06-12,星期一,0,,10025,2017-06-12 00:00:00,1,0,2024-07-02 14:14:20,0,2024-07-02 14:14:20,,,
2017-06-13,星期二,0,,10026,2017-06-13 00:00:00,1,0,2024-07-02 14:14:20,0,2024-07-02 14:14:20,,,
2017-06-14,星期三,0,,10027,2017-06-14 00:00:00,1,0,2024-07-02 14:14:20,0,2024-07-02 14:14:20,,,
2017-06-15,星期四,0,,10028,2017-06-15 00:00:00,1,0,2024-07-02 14:14:20,0,2024-07-02 14:14:20,,,
2017-06-16,星期五,0,,10029,2017-06-16 00:00:00,1,0,2024-07-02 14:14:20,0,2024-07-02 14:14:20,,,
2017-06-17,星期六,0,,10030,2017-06-17 00:00:00,1,0,2024-07-02 14:14:20,0,2024-07-02 14:14:20,,,
2017-06-18,星期天,0,,10031,2017-06-18 00:00:00,1,0,2024-07-02 14:14:20,0,2024-07-02 14:14:20,,,
2017-06-19,星期一,0,,10032,2017-06-19 00:00:00,1,0,2024-07-02 14:14:20,0,2024-07-02 14:14:20,,,
2017-06-20,星期二,0,,10033,2017-06-20 00:00:00,1,0,2024-07-02 14:14:20,0,2024-07-02 14:14:20,,,
2017-06-21,星期三,0,,10034,2017-06-21 00:00:00,1,0,2024-07-02 14:14:20,0,2024-07-02 14:14:20,,,
2017-06-22,星期四,0,,10035,2017-06-22 00:00:00,1,0,2024-07-02 14:14:20,0,2024-07-02 14:14:20,,,
2017-06-23,星期五,0,,10036,2017-06-23 00:00:00,1,0,2024-07-02 14:14:20,0,2024-07-02 14:14:20,,,
2017-06-24,星期六,0,,10037,2017-06-24 00:00:00,1,0,2024-07-02 14:14:20,0,2024-07-02 14:14:20,,,
2017-06-25,星期天,0,,10038,2017-06-25 00:00:00,1,0,2024-07-02 14:14:20,0,2024-07-02 14:14:20,,,
2017-06-26,星期一,0,,10039,2017-06-26 00:00:00,1,0,2024-07-02 14:14:20,0,2024-07-02 14:14:20,,,
2017-06-27,星期二,0,,10040,2017-06-27 00:00:00,1,0,2024-07-02 14:14:20,0,2024-07-02 14:14:20,,,
2017-06-28,星期三,0,,10041,2017-06-28 00:00:00,1,0,2024-07-02 14:14:20,0,2024-07-02 14:14:20,,,
2017-06-29,星期四,0,,10042,2017-06-29 00:00:00,1,0,2024-07-02 14:14:20,0,2024-07-02 14:14:20,,,
2017-06-30,星期五,0,,10043,2017-06-30 00:00:00,1,0,2024-07-02 14:14:20,0,2024-07-02 14:14:20,,,
2017-07-01,星期六,0,,10044,2017-07-01 00:00:00,1,0,2024-07-02 14:14:20,0,2024-07-02 14:14:20,,,
2017-07-02,星期天,0,,10045,2017-07-02 00:00:00,1,0,2024-07-02 14:14:20,0,2024-07-02 14:14:20,,,
2017-07-03,星期一,0,,10046,2017-07-03 00:00:00,1,0,2024-07-02 14:14:20,0,2024-07-02 14:14:20,,,
2017-07-04,星期二,0,,10047,2017-07-04 00:00:00,1,0,2024-07-02 14:14:20,0,2024-07-02 14:14:20,,,
2017-07-05,星期三,0,,10048,2017-07-05 00:00:00,1,0,2024-07-02 14:14:20,0,2024-07-02 14:14:20,,,
2017-07-06,星期四,0,,10049,2017-07-06 00:00:00,1,0,2024-07-02 14:14:20,0,2024-07-02 14:14:20,,,
2017-07-07,星期五,0,,10050,2017-07-07 00:00:00,1,0,2024-07-02 14:14:20,0,2024-07-02 14:14:20,,,
2017-07-08,星期六,0,,10051,2017-07-08 00:00:00,1,0,2024-07-02 14:14:20,0,2024-07-02 14:14:20,,,
2017-07-09,星期天,0,,10052,2017-07-09 00:00:00,1,0,2024-07-02 14:14:20,0,2024-07-02 14:14:20,,,
2017-07-10,星期一,0,,10053,2017-07-10 00:00:00,1,0,2024-07-02 14:14:20,0,2024-07-02 14:14:20,,,
2017-07-11,星期二,0,,10054,2017-07-11 00:00:00,1,0,2024-07-02 14:14:20,0,2024-07-02 14:14:20,,,
2017-07-12,星期三,0,,10055,2017-07-12 00:00:00,1,0,2024-07-02 14:14:20,0,2024-07-02 14:14:20,,,
2017-07-13,星期四,0,,10056,2017-07-13 00:00:00,1,0,2024-07-02 14:14:20,0,2024-07-02 14:14:20,,,
2017-07-14,星期五,0,,10057,2017-07-14 00:00:00,1,0,2024-07-02 14:14:20,0,2024-07-02 14:14:20,,,
2017-07-15,星期六,0,,10058,2017-07-15 00:00:00,1,0,2024-07-02 14:14:20,0,2024-07-02 14:14:20,,,
2017-07-16,星期天,0,,10059,2017-07-16 00:00:00,1,0,2024-07-02 14:14:20,0,2024-07-02 14:14:20,,,
2017-07-17,星期一,0,,10060,2017-07-17 00:00:00,1,0,2024-07-02 14:14:20,0,2024-07-02 14:14:20,,,
2017-07-18,星期二,0,,10061,2017-07-18 00:00:00,1,0,2024-07-02 14:14:20,0,2024-07-02 14:14:20,,,
2017-07-19,星期三,0,,10062,2017-07-19 00:00:00,1,0,2024-07-02 14:14:20,0,2024-07-02 14:14:20,,,
2017-07-20,星期四,0,,10063,2017-07-20 00:00:00,1,0,2024-07-02 14:14:20,0,2024-07-02 14:14:20,,,
2017-07-21,星期五,0,,10064,2017-07-21 00:00:00,1,0,2024-07-02 14:14:20,0,2024-07-02 14:14:20,,,
2017-07-22,星期六,0,,10065,2017-07-22 00:00:00,1,0,2024-07-02 14:14:20,0,2024-07-02 14:14:20,,,
2017-07-23,星期天,0,,10066,2017-07-23 00:00:00,1,0,2024-07-02 14:14:20,0,2024-07-02 14:14:20,,,
2017-07-24,星期一,0,,10067,2017-07-24 00:00:00,1,0,2024-07-02 14:14:20,0,2024-07-02 14:14:20,,,
2017-07-25,星期二,0,,10068,2017-07-25 00:00:00,1,0,2024-07-02 14:14:20,0,2024-07-02 14:14:20,,,
2017-07-26,星期三,0,,10069,2017-07-26 00:00:00,1,0,2024-07-02 14:14:20,0,2024-07-02 14:14:20,,,
2017-07-27,星期四,0,,10070,2017-07-27 00:00:00,1,0,2024-07-02 14:14:20,0,2024-07-02 14:14:20,,,
2017-07-28,星期五,0,,10071,2017-07-28 00:00:00,1,0,2024-07-02 14:14:20,0,2024-07-02 14:14:20,,,
2017-07-29,星期六,0,,10072,2017-07-29 00:00:00,1,0,2024-07-02 14:14:20,0,2024-07-02 14:14:20,,,
2017-07-30,星期天,0,,10073,2017-07-30 00:00:00,1,0,2024-07-02 14:14:20,0,2024-07-02 14:14:20,,,
2017-07-31,星期一,0,,10074,2017-07-31 00:00:00,1,0,2024-07-02 14:14:20,0,2024-07-02 14:14:20,,,
2017-08-01,星期二,0,,10075,2017-08-01 00:00:00,1,0,2024-07-02 14:14:20,0,2024-07-02 14:14:20,,,
2017-08-02,星期三,0,,10076,2017-08-02 00:00:00,1,0,2024-07-02 14:14:20,0,2024-07-02 14:14:20,,,
2017-08-03,星期四,0,,10077,2017-08-03 00:00:00,1,0,2024-07-02 14:14:20,0,2024-07-02 14:14:20,,,
2017-08-04,星期五,0,,10078,2017-08-04 00:00:00,1,0,2024-07-02 14:14:20,0,2024-07-02 14:14:20,,,
2017-08-05,星期六,0,,10079,2017-08-05 00:00:00,1,0,2024-07-02 14:14:20,0,2024-07-02 14:14:20,,,
2017-08-06,星期天,0,,10080,2017-08-06 00:00:00,1,0,2024-07-02 14:14:20,0,2024-07-02 14:14:20,,,
2017-08-07,星期一,0,,10081,2017-08-07 00:00:00,1,0,2024-07-02 14:14:20,0,2024-07-02 14:14:20,,,
2017-08-08,星期二,0,,10082,2017-08-08 00:00:00,1,0,2024-07-02 14:14:20,0,2024-07-02 14:14:20,,,
2017-08-09,星期三,0,,10083,2017-08-09 00:00:00,1,0,2024-07-02 14:14:20,0,2024-07-02 14:14:20,,,
2017-08-10,星期四,0,,10084,2017-08-10 00:00:00,1,0,2024-07-02 14:14:20,0,2024-07-02 14:14:20,,,
2017-08-11,星期五,0,,10085,2017-08-11 00:00:00,1,0,2024-07-02 14:14:20,0,2024-07-02 14:14:20,,,
2017-08-12,星期六,0,,10086,2017-08-12 00:00:00,1,0,2024-07-02 14:14:20,0,2024-07-02 14:14:20,,,
2017-08-13,星期天,0,,10087,2017-08-13 00:00:00,1,0,2024-07-02 14:14:20,0,2024-07-02 14:14:20,,,
2017-08-14,星期一,0,,10088,2017-08-14 00:00:00,1,0,2024-07-02 14:14:20,0,2024-07-02 14:14:20,,,
2017-08-15,星期二,0,,10089,2017-08-15 00:00:00,1,0,2024-07-02 14:14:20,0,2024-07-02 14:14:20,,,
2017-08-16,星期三,0,,10090,2017-08-16 00:00:00,1,0,2024-07-02 14:14:20,0,2024-07-02 14:14:20,,,
2017-08-17,星期四,0,,10091,2017-08-17 00:00:00,1,0,2024-07-02 14:14:20,0,2024-07-02 14:14:20,,,
2017-08-18,星期五,0,,10092,2017-08-18 00:00:00,1,0,2024-07-02 14:14:20,0,2024-07-02 14:14:20,,,
2017-08-19,星期六,0,,10093,2017-08-19 00:00:00,1,0,2024-07-02 14:14:20,0,2024-07-02 14:14:20,,,
2017-08-20,星期天,0,,10094,2017-08-20 00:00:00,1,0,2024-07-02 14:14:20,0,2024-07-02 14:14:20,,,
2017-08-21,星期一,0,,10095,2017-08-21 00:00:00,1,0,2024-07-02 14:14:20,0,2024-07-02 14:14:20,,,
2017-08-22,星期二,0,,10096,2017-08-22 00:00:00,1,0,2024-07-02 14:14:20,0,2024-07-02 14:14:20,,,
2017-08-23,星期三,0,,10097,2017-08-23 00:00:00,1,0,2024-07-02 14:14:20,0,2024-07-02 14:14:20,,,
2017-08-24,星期四,0,,10098,2017-08-24 00:00:00,1,0,2024-07-02 14:14:20,0,2024-07-02 14:14:20,,,
2017-08-25,星期五,0,,10099,2017-08-25 00:00:00,1,0,2024-07-02 14:14:20,0,2024-07-02 14:14:20,,,
2017-08-26,星期六,0,,10100,2017-08-26 00:00:00,1,0,2024-07-02 14:14:20,0,2024-07-02 14:14:20,,,
2017-08-27,星期天,0,,10101,2017-08-27 00:00:00,1,0,2024-07-02 14:14:20,0,2024-07-02 14:14:20,,,
2017-08-28,星期一,0,,10102,2017-08-28 00:00:00,1,0,2024-07-02 14:14:20,0,2024-07-02 14:14:20,,,
2017-08-29,星期二,0,,10103,2017-08-29 00:00:00,1,0,2024-07-02 14:14:20,0,2024-07-02 14:14:20,,,
2017-08-30,星期三,0,,10104,2017-08-30 00:00:00,1,0,2024-07-02 14:14:20,0,2024-07-02 14:14:20,,,
2017-08-31,星期四,0,,10105,2017-08-31 00:00:00,1,0,2024-07-02 14:14:20,0,2024-07-02 14:14:20,,,
2017-09-01,星期五,0,,10106,2017-09-01 00:00:00,1,0,2024-07-02 14:14:20,0,2024-07-02 14:14:20,,,
2017-09-02,星期六,0,,10107,2017-09-02 00:00:00,1,0,2024-07-02 14:14:20,0,2024-07-02 14:14:20,,,
2017-09-03,星期天,0,,10108,2017-09-03 00:00:00,1,0,2024-07-02 14:14:20,0,2024-07-02 14:14:20,,,
2017-09-04,星期一,0,,10109,2017-09-04 00:00:00,1,0,2024-07-02 14:14:20,0,2024-07-02 14:14:20,,,
2017-09-05,星期二,0,,10110,2017-09-05 00:00:00,1,0,2024-07-02 14:14:20,0,2024-07-02 14:14:20,,,
2017-09-06,星期三,0,,10111,2017-09-06 00:00:00,1,0,2024-07-02 14:14:20,0,2024-07-02 14:14:20,,,
2017-09-07,星期四,0,,10112,2017-09-07 00:00:00,1,0,2024-07-02 14:14:20,0,2024-07-02 14:14:20,,,
2017-09-08,星期五,0,,10113,2017-09-08 00:00:00,1,0,2024-07-02 14:14:20,0,2024-07-02 14:14:20,,,
2017-09-09,星期六,0,,10114,2017-09-09 00:00:00,1,0,2024-07-02 14:14:20,0,2024-07-02 14:14:20,,,
2017-09-10,星期天,0,,10115,2017-09-10 00:00:00,1,0,2024-07-02 14:14:20,0,2024-07-02 14:14:20,,,
2017-09-11,星期一,0,,10116,2017-09-11 00:00:00,1,0,2024-07-02 14:14:20,0,2024-07-02 14:14:20,,,
2017-09-12,星期二,0,,10117,2017-09-12 00:00:00,1,0,2024-07-02 14:14:20,0,2024-07-02 14:14:20,,,
2017-09-13,星期三,0,,10118,2017-09-13 00:00:00,1,0,2024-07-02 14:14:20,0,2024-07-02 14:14:20,,,
2017-09-14,星期四,0,,10119,2017-09-14 00:00:00,1,0,2024-07-02 14:14:20,0,2024-07-02 14:14:20,,,
2017-09-15,星期五,0,,10120,2017-09-15 00:00:00,1,0,2024-07-02 14:14:20,0,2024-07-02 14:14:20,,,
2017-09-16,星期六,0,,10121,2017-09-16 00:00:00,1,0,2024-07-02 14:14:20,0,2024-07-02 14:14:20,,,
2017-09-17,星期天,0,,10122,2017-09-17 00:00:00,1,0,2024-07-02 14:14:20,0,2024-07-02 14:14:20,,,
2017-09-18,星期一,0,,10123,2017-09-18 00:00:00,1,0,2024-07-02 14:14:20,0,2024-07-02 14:14:20,,,
2017-09-19,星期二,0,,10124,2017-09-19 00:00:00,1,0,2024-07-02 14:14:20,0,2024-07-02 14:14:20,,,
2017-09-20,星期三,0,,10125,2017-09-20 00:00:00,1,0,2024-07-02 14:14:20,0,2024-07-02 14:14:20,,,
2017-09-21,星期四,0,,10126,2017-09-21 00:00:00,1,0,2024-07-02 14:14:20,0,2024-07-02 14:14:20,,,
2017-09-22,星期五,0,,10127,2017-09-22 00:00:00,1,0,2024-07-02 14:14:20,0,2024-07-02 14:14:20,,,
2017-09-23,星期六,0,,10128,2017-09-23 00:00:00,1,0,2024-07-02 14:14:20,0,2024-07-02 14:14:20,,,
2017-09-24,星期天,0,,10129,2017-09-24 00:00:00,1,0,2024-07-02 14:14:20,0,2024-07-02 14:14:20,,,
2017-09-25,星期一,0,,10130,2017-09-25 00:00:00,1,0,2024-07-02 14:14:20,0,2024-07-02 14:14:20,,,
2017-09-26,星期二,0,,10131,2017-09-26 00:00:00,1,0,2024-07-02 14:14:20,0,2024-07-02 14:14:20,,,
2017-09-27,星期三,0,,10132,2017-09-27 00:00:00,1,0,2024-07-02 14:14:20,0,2024-07-02 14:14:20,,,
2017-09-28,星期四,0,,10133,2017-09-28 00:00:00,1,0,2024-07-02 14:14:20,0,2024-07-02 14:14:20,,,
2017-09-29,星期五,0,,10134,2017-09-29 00:00:00,1,0,2024-07-02 14:14:20,0,2024-07-02 14:14:20,,,
2017-09-30,星期六,0,,10135,2017-09-30 00:00:00,1,0,2024-07-02 14:14:20,0,2024-07-02 14:14:20,,,
2017-10-01,星期天,1,国庆节,10136,2017-10-01 00:00:00,1,0,2024-07-02 14:14:20,0,2024-07-02 14:14:20,,,
2017-10-02,星期一,1,国庆节,10137,2017-10-02 00:00:00,1,0,2024-07-02 14:14:20,0,2024-07-02 14:14:20,,,
2017-10-03,星期二,1,国庆节,10138,2017-10-03 00:00:00,1,0,2024-07-02 14:14:20,0,2024-07-02 14:14:20,,,
2017-10-04,星期三,1,中秋节,10139,2017-10-04 00:00:00,1,0,2024-07-02 14:14:20,0,2024-07-02 14:14:20,,,
2017-10-05,星期四,1,国庆节,10140,2017-10-05 00:00:00,1,0,2024-07-02 14:14:20,0,2024-07-02 14:14:20,,,
2017-10-06,星期五,1,国庆节,10141,2017-10-06 00:00:00,1,0,2024-07-02 14:14:20,0,2024-07-02 14:14:20,,,
2017-10-07,星期六,1,国庆节,10142,2017-10-07 00:00:00,1,0,2024-07-02 14:14:20,0,2024-07-02 14:14:20,,,
2017-10-08,星期天,1,国庆节,10143,2017-10-08 00:00:00,1,0,2024-07-02 14:14:20,0,2024-07-02 14:14:20,,,
2017-10-09,星期一,0,,10144,2017-10-09 00:00:00,1,0,2024-07-02 14:14:20,0,2024-07-02 14:14:20,,,
2017-10-10,星期二,0,,10145,2017-10-10 00:00:00,1,0,2024-07-02 14:14:20,0,2024-07-02 14:14:20,,,
2017-10-11,星期三,0,,10146,2017-10-11 00:00:00,1,0,2024-07-02 14:14:20,0,2024-07-02 14:14:20,,,
2017-10-12,星期四,0,,10147,2017-10-12 00:00:00,1,0,2024-07-02 14:14:20,0,2024-07-02 14:14:20,,,
2017-10-13,星期五,0,,10148,2017-10-13 00:00:00,1,0,2024-07-02 14:14:20,0,2024-07-02 14:14:20,,,
2017-10-14,星期六,0,,10149,2017-10-14 00:00:00,1,0,2024-07-02 14:14:20,0,2024-07-02 14:14:20,,,
2017-10-15,星期天,0,,10150,2017-10-15 00:00:00,1,0,2024-07-02 14:14:20,0,2024-07-02 14:14:20,,,
2017-10-16,星期一,0,,10151,2017-10-16 00:00:00,1,0,2024-07-02 14:14:20,0,2024-07-02 14:14:20,,,
2017-10-17,星期二,0,,10152,2017-10-17 00:00:00,1,0,2024-07-02 14:14:20,0,2024-07-02 14:14:20,,,
2017-10-18,星期三,0,,10153,2017-10-18 00:00:00,1,0,2024-07-02 14:14:20,0,2024-07-02 14:14:20,,,
2017-10-19,星期四,0,,10154,2017-10-19 00:00:00,1,0,2024-07-02 14:14:20,0,2024-07-02 14:14:20,,,
2017-10-20,星期五,0,,10155,2017-10-20 00:00:00,1,0,2024-07-02 14:14:20,0,2024-07-02 14:14:20,,,
2017-10-21,星期六,0,,10156,2017-10-21 00:00:00,1,0,2024-07-02 14:14:20,0,2024-07-02 14:14:20,,,
2017-10-22,星期天,0,,10157,2017-10-22 00:00:00,1,0,2024-07-02 14:14:20,0,2024-07-02 14:14:20,,,
2017-10-23,星期一,0,,10158,2017-10-23 00:00:00,1,0,2024-07-02 14:14:20,0,2024-07-02 14:14:20,,,
2017-10-24,星期二,0,,10159,2017-10-24 00:00:00,1,0,2024-07-02 14:14:20,0,2024-07-02 14:14:20,,,
2017-10-25,星期三,0,,10160,2017-10-25 00:00:00,1,0,2024-07-02 14:14:20,0,2024-07-02 14:14:20,,,
2017-10-26,星期四,0,,10161,2017-10-26 00:00:00,1,0,2024-07-02 14:14:20,0,2024-07-02 14:14:20,,,
2017-10-27,星期五,0,,10162,2017-10-27 00:00:00,1,0,2024-07-02 14:14:20,0,2024-07-02 14:14:20,,,
2017-10-28,星期六,0,,10163,2017-10-28 00:00:00,1,0,2024-07-02 14:14:20,0,2024-07-02 14:14:20,,,
2017-10-29,星期天,0,,10164,2017-10-29 00:00:00,1,0,2024-07-02 14:14:20,0,2024-07-02 14:14:20,,,
2017-10-30,星期一,0,,10165,2017-10-30 00:00:00,1,0,2024-07-02 14:14:20,0,2024-07-02 14:14:20,,,
2017-10-31,星期二,0,,10166,2017-10-31 00:00:00,1,0,2024-07-02 14:14:20,0,2024-07-02 14:14:20,,,
2017-11-01,星期三,0,,10167,2017-11-01 00:00:00,1,0,2024-07-02 14:14:20,0,2024-07-02 14:14:20,,,
2017-11-02,星期四,0,,10168,2017-11-02 00:00:00,1,0,2024-07-02 14:14:20,0,2024-07-02 14:14:20,,,
2017-11-03,星期五,0,,10169,2017-11-03 00:00:00,1,0,2024-07-02 14:14:20,0,2024-07-02 14:14:20,,,
2017-11-04,星期六,0,,10170,2017-11-04 00:00:00,1,0,2024-07-02 14:14:20,0,2024-07-02 14:14:20,,,
2017-11-05,星期天,0,,10171,2017-11-05 00:00:00,1,0,2024-07-02 14:14:20,0,2024-07-02 14:14:20,,,
2017-11-06,星期一,0,,10172,2017-11-06 00:00:00,1,0,2024-07-02 14:14:20,0,2024-07-02 14:14:20,,,
2017-11-07,星期二,0,,10173,2017-11-07 00:00:00,1,0,2024-07-02 14:14:20,0,2024-07-02 14:14:20,,,
2017-11-08,星期三,0,,10174,2017-11-08 00:00:00,1,0,2024-07-02 14:14:20,0,2024-07-02 14:14:20,,,
2017-11-09,星期四,0,,10175,2017-11-09 00:00:00,1,0,2024-07-02 14:14:20,0,2024-07-02 14:14:20,,,
2017-11-10,星期五,0,,10176,2017-11-10 00:00:00,1,0,2024-07-02 14:14:20,0,2024-07-02 14:14:20,,,
2017-11-11,星期六,0,,10177,2017-11-11 00:00:00,1,0,2024-07-02 14:14:20,0,2024-07-02 14:14:20,,,
2017-11-12,星期天,0,,10178,2017-11-12 00:00:00,1,0,2024-07-02 14:14:20,0,2024-07-02 14:14:20,,,
2017-11-13,星期一,0,,10179,2017-11-13 00:00:00,1,0,2024-07-02 14:14:20,0,2024-07-02 14:14:20,,,
2017-11-14,星期二,0,,10180,2017-11-14 00:00:00,1,0,2024-07-02 14:14:20,0,2024-07-02 14:14:20,,,
2017-11-15,星期三,0,,10181,2017-11-15 00:00:00,1,0,2024-07-02 14:14:20,0,2024-07-02 14:14:20,,,
2017-11-16,星期四,0,,10182,2017-11-16 00:00:00,1,0,2024-07-02 14:14:20,0,2024-07-02 14:14:20,,,
2017-11-17,星期五,0,,10183,2017-11-17 00:00:00,1,0,2024-07-02 14:14:20,0,2024-07-02 14:14:20,,,
2017-11-18,星期六,0,,10184,2017-11-18 00:00:00,1,0,2024-07-02 14:14:20,0,2024-07-02 14:14:20,,,
2017-11-19,星期天,0,,10185,2017-11-19 00:00:00,1,0,2024-07-02 14:14:20,0,2024-07-02 14:14:20,,,
2017-11-20,星期一,0,,10186,2017-11-20 00:00:00,1,0,2024-07-02 14:14:20,0,2024-07-02 14:14:20,,,
2017-11-21,星期二,0,,10187,2017-11-21 00:00:00,1,0,2024-07-02 14:14:20,0,2024-07-02 14:14:20,,,
2017-11-22,星期三,0,,10188,2017-11-22 00:00:00,1,0,2024-07-02 14:14:20,0,2024-07-02 14:14:20,,,
2017-11-23,星期四,0,,10189,2017-11-23 00:00:00,1,0,2024-07-02 14:14:20,0,2024-07-02 14:14:20,,,
2017-11-24,星期五,0,,10190,2017-11-24 00:00:00,1,0,2024-07-02 14:14:20,0,2024-07-02 14:14:20,,,
2017-11-25,星期六,0,,10191,2017-11-25 00:00:00,1,0,2024-07-02 14:14:20,0,2024-07-02 14:14:20,,,
2017-11-26,星期天,0,,10192,2017-11-26 00:00:00,1,0,2024-07-02 14:14:20,0,2024-07-02 14:14:20,,,
2017-11-27,星期一,0,,10193,2017-11-27 00:00:00,1,0,2024-07-02 14:14:20,0,2024-07-02 14:14:20,,,
2017-11-28,星期二,0,,10194,2017-11-28 00:00:00,1,0,2024-07-02 14:14:20,0,2024-07-02 14:14:20,,,
2017-11-29,星期三,0,,10195,2017-11-29 00:00:00,1,0,2024-07-02 14:14:20,0,2024-07-02 14:14:20,,,
2017-11-30,星期四,0,,10196,2017-11-30 00:00:00,1,0,2024-07-02 14:14:20,0,2024-07-02 14:14:20,,,
2017-12-01,星期五,0,,10197,2017-12-01 00:00:00,1,0,2024-07-02 14:14:20,0,2024-07-02 14:14:20,,,
2017-12-02,星期六,0,,10198,2017-12-02 00:00:00,1,0,2024-07-02 14:14:20,0,2024-07-02 14:14:20,,,
2017-12-03,星期天,0,,10199,2017-12-03 00:00:00,1,0,2024-07-02 14:14:20,0,2024-07-02 14:14:20,,,
2017-12-04,星期一,0,,10200,2017-12-04 00:00:00,1,0,2024-07-02 14:14:20,0,2024-07-02 14:14:20,,,
2017-12-05,星期二,0,,10201,2017-12-05 00:00:00,1,0,2024-07-02 14:14:20,0,2024-07-02 14:14:20,,,
2017-12-06,星期三,0,,10202,2017-12-06 00:00:00,1,0,2024-07-02 14:14:20,0,2024-07-02 14:14:20,,,
2017-12-07,星期四,0,,10203,2017-12-07 00:00:00,1,0,2024-07-02 14:14:20,0,2024-07-02 14:14:20,,,
2017-12-08,星期五,0,,10204,2017-12-08 00:00:00,1,0,2024-07-02 14:14:20,0,2024-07-02 14:14:20,,,
2017-12-09,星期六,0,,10205,2017-12-09 00:00:00,1,0,2024-07-02 14:14:20,0,2024-07-02 14:14:20,,,
2017-12-10,星期天,0,,10206,2017-12-10 00:00:00,1,0,2024-07-02 14:14:20,0,2024-07-02 14:14:20,,,
2017-12-11,星期一,0,,10207,2017-12-11 00:00:00,1,0,2024-07-02 14:14:20,0,2024-07-02 14:14:20,,,
2017-12-12,星期二,0,,10208,2017-12-12 00:00:00,1,0,2024-07-02 14:14:20,0,2024-07-02 14:14:20,,,
2017-12-13,星期三,0,,10209,2017-12-13 00:00:00,1,0,2024-07-02 14:14:20,0,2024-07-02 14:14:20,,,
2017-12-14,星期四,0,,10210,2017-12-14 00:00:00,1,0,2024-07-02 14:14:20,0,2024-07-02 14:14:20,,,
2017-12-15,星期五,0,,10211,2017-12-15 00:00:00,1,0,2024-07-02 14:14:20,0,2024-07-02 14:14:20,,,
2017-12-16,星期六,0,,10212,2017-12-16 00:00:00,1,0,2024-07-02 14:14:20,0,2024-07-02 14:14:20,,,
2017-12-17,星期天,0,,10213,2017-12-17 00:00:00,1,0,2024-07-02 14:14:20,0,2024-07-02 14:14:20,,,
2017-12-18,星期一,0,,10214,2017-12-18 00:00:00,1,0,2024-07-02 14:14:20,0,2024-07-02 14:14:20,,,
2017-12-19,星期二,0,,10215,2017-12-19 00:00:00,1,0,2024-07-02 14:14:20,0,2024-07-02 14:14:20,,,
2017-12-20,星期三,0,,10216,2017-12-20 00:00:00,1,0,2024-07-02 14:14:20,0,2024-07-02 14:14:20,,,
2017-12-21,星期四,0,,10217,2017-12-21 00:00:00,1,0,2024-07-02 14:14:20,0,2024-07-02 14:14:20,,,
2017-12-22,星期五,0,,10218,2017-12-22 00:00:00,1,0,2024-07-02 14:14:20,0,2024-07-02 14:14:20,,,
2017-12-23,星期六,0,,10219,2017-12-23 00:00:00,1,0,2024-07-02 14:14:20,0,2024-07-02 14:14:20,,,
2017-12-24,星期天,0,,10220,2017-12-24 00:00:00,1,0,2024-07-02 14:14:20,0,2024-07-02 14:14:20,,,
2017-12-25,星期一,0,,10221,2017-12-25 00:00:00,1,0,2024-07-02 14:14:20,0,2024-07-02 14:14:20,,,
2017-12-26,星期二,0,,10222,2017-12-26 00:00:00,1,0,2024-07-02 14:14:20,0,2024-07-02 14:14:20,,,
2017-12-27,星期三,0,,10223,2017-12-27 00:00:00,1,0,2024-07-02 14:14:20,0,2024-07-02 14:14:20,,,
2017-12-28,星期四,0,,10224,2017-12-28 00:00:00,1,0,2024-07-02 14:14:20,0,2024-07-02 14:14:20,,,
2017-12-29,星期五,0,,10225,2017-12-29 00:00:00,1,0,2024-07-02 14:14:20,0,2024-07-02 14:14:20,,,
2017-12-30,星期六,1,元旦,10226,2017-12-30 00:00:00,1,0,2024-07-02 14:14:20,0,2024-07-02 14:14:20,,,
2017-12-31,星期天,1,元旦,10227,2017-12-31 00:00:00,1,0,2024-07-02 14:14:20,0,2024-07-02 14:14:20,,,
2025-01-01,星期三,1,元旦,11689,2025-01-01 00:00:00,1,0,2025-01-01 18:00:05,0,2025-01-01 18:00:05,,,
2025-01-02,星期四,0,,11690,2025-01-02 00:00:00,1,0,2025-01-01 18:00:05,0,2025-01-01 18:00:05,,,
2025-01-03,星期五,0,,11691,2025-01-03 00:00:00,1,0,2025-01-01 18:00:05,0,2025-01-01 18:00:05,,,
2025-01-04,星期六,0,,11692,2025-01-04 00:00:00,1,0,2025-01-01 18:00:05,0,2025-01-01 18:00:05,,,
2025-01-05,星期天,0,,11693,2025-01-05 00:00:00,1,0,2025-01-01 18:00:05,0,2025-01-01 18:00:05,,,
2025-01-06,星期一,0,,11694,2025-01-06 00:00:00,1,0,2025-01-01 18:00:05,0,2025-01-01 18:00:05,,,
2025-01-07,星期二,0,,11695,2025-01-07 00:00:00,1,0,2025-01-01 18:00:05,0,2025-01-01 18:00:05,,,
2025-01-08,星期三,0,,11696,2025-01-08 00:00:00,1,0,2025-01-01 18:00:05,0,2025-01-01 18:00:05,,,
2025-01-09,星期四,0,,11697,2025-01-09 00:00:00,1,0,2025-01-01 18:00:05,0,2025-01-01 18:00:05,,,
2025-01-10,星期五,0,,11698,2025-01-10 00:00:00,1,0,2025-01-01 18:00:05,0,2025-01-01 18:00:05,,,
2025-01-11,星期六,0,,11699,2025-01-11 00:00:00,1,0,2025-01-01 18:00:05,0,2025-01-01 18:00:05,,,
2025-01-12,星期天,0,,11700,2025-01-12 00:00:00,1,0,2025-01-01 18:00:05,0,2025-01-01 18:00:05,,,
2025-01-13,星期一,0,,11701,2025-01-13 00:00:00,1,0,2025-01-01 18:00:05,0,2025-01-01 18:00:05,,,
2025-01-14,星期二,0,,11702,2025-01-14 00:00:00,1,0,2025-01-01 18:00:05,0,2025-01-01 18:00:05,,,
2025-01-15,星期三,0,,11703,2025-01-15 00:00:00,1,0,2025-01-01 18:00:05,0,2025-01-01 18:00:05,,,
2025-01-16,星期四,0,,11704,2025-01-16 00:00:00,1,0,2025-01-01 18:00:05,0,2025-01-01 18:00:05,,,
2025-01-17,星期五,0,,11705,2025-01-17 00:00:00,1,0,2025-01-01 18:00:05,0,2025-01-01 18:00:05,,,
2025-01-18,星期六,0,,11706,2025-01-18 00:00:00,1,0,2025-01-01 18:00:05,0,2025-01-01 18:00:05,,,
2025-01-19,星期天,0,,11707,2025-01-19 00:00:00,1,0,2025-01-01 18:00:05,0,2025-01-01 18:00:05,,,
2025-01-20,星期一,0,,11708,2025-01-20 00:00:00,1,0,2025-01-01 18:00:05,0,2025-01-01 18:00:05,,,
2025-01-21,星期二,0,,11709,2025-01-21 00:00:00,1,0,2025-01-01 18:00:05,0,2025-01-01 18:00:05,,,
2025-01-22,星期三,0,,11710,2025-01-22 00:00:00,1,0,2025-01-01 18:00:05,0,2025-01-01 18:00:05,,,
2025-01-23,星期四,0,,11711,2025-01-23 00:00:00,1,0,2025-01-01 18:00:05,0,2025-01-01 18:00:05,,,
2025-01-24,星期五,0,,11712,2025-01-24 00:00:00,1,0,2025-01-01 18:00:05,0,2025-01-01 18:00:05,,,
2025-01-25,星期六,0,,11713,2025-01-25 00:00:00,1,0,2025-01-01 18:00:05,0,2025-01-01 18:00:05,,,
2025-01-26,星期天,0,,11714,2025-01-26 00:00:00,1,0,2025-01-01 18:00:05,0,2025-01-01 18:00:05,,,
2025-01-27,星期一,0,,11715,2025-01-27 00:00:00,1,0,2025-01-01 18:00:05,0,2025-01-01 18:00:05,,,
2025-01-28,星期二,1,除夕,11716,2025-01-28 00:00:00,1,0,2025-01-01 18:00:05,0,2025-01-01 18:00:05,,,
2025-01-29,星期三,1,初一,11717,2025-01-29 00:00:00,1,0,2025-01-01 18:00:05,0,2025-01-01 18:00:05,,,
2025-01-30,星期四,1,初二,11718,2025-01-30 00:00:00,1,0,2025-01-01 18:00:05,0,2025-01-01 18:00:05,,,
2025-01-31,星期五,1,初三,11719,2025-01-31 00:00:00,1,0,2025-01-01 18:00:05,0,2025-01-01 18:00:05,,,
2025-02-01,星期六,1,初四,11720,2025-02-01 00:00:00,1,0,2025-01-01 18:00:05,0,2025-01-01 18:00:05,,,
2025-02-02,星期天,1,初五,11721,2025-02-02 00:00:00,1,0,2025-01-01 18:00:05,0,2025-01-01 18:00:05,,,
2025-02-03,星期一,1,初六,11722,2025-02-03 00:00:00,1,0,2025-01-01 18:00:05,0,2025-01-01 18:00:05,,,
2025-02-04,星期二,1,初七,11723,2025-02-04 00:00:00,1,0,2025-01-01 18:00:05,0,2025-01-01 18:00:05,,,
2025-02-05,星期三,0,,11724,2025-02-05 00:00:00,1,0,2025-01-01 18:00:05,0,2025-01-01 18:00:05,,,
2025-02-06,星期四,0,,11725,2025-02-06 00:00:00,1,0,2025-01-01 18:00:05,0,2025-01-01 18:00:05,,,
2025-02-07,星期五,0,,11726,2025-02-07 00:00:00,1,0,2025-01-01 18:00:05,0,2025-01-01 18:00:05,,,
2025-02-08,星期六,0,,11727,2025-02-08 00:00:00,1,0,2025-01-01 18:00:05,0,2025-01-01 18:00:05,,,
2025-02-09,星期天,0,,11728,2025-02-09 00:00:00,1,0,2025-01-01 18:00:05,0,2025-01-01 18:00:05,,,
2025-02-10,星期一,0,,11729,2025-02-10 00:00:00,1,0,2025-01-01 18:00:05,0,2025-01-01 18:00:05,,,
2025-02-11,星期二,0,,11730,2025-02-11 00:00:00,1,0,2025-01-01 18:00:05,0,2025-01-01 18:00:05,,,
2025-02-12,星期三,0,,11731,2025-02-12 00:00:00,1,0,2025-01-01 18:00:05,0,2025-01-01 18:00:05,,,
2025-02-13,星期四,0,,11732,2025-02-13 00:00:00,1,0,2025-01-01 18:00:05,0,2025-01-01 18:00:05,,,
2025-02-14,星期五,0,,11733,2025-02-14 00:00:00,1,0,2025-01-01 18:00:05,0,2025-01-01 18:00:05,,,
2025-02-15,星期六,0,,11734,2025-02-15 00:00:00,1,0,2025-01-01 18:00:05,0,2025-01-01 18:00:05,,,
2025-02-16,星期天,0,,11735,2025-02-16 00:00:00,1,0,2025-01-01 18:00:05,0,2025-01-01 18:00:05,,,
2025-02-17,星期一,0,,11736,2025-02-17 00:00:00,1,0,2025-01-01 18:00:05,0,2025-01-01 18:00:05,,,
2025-02-18,星期二,0,,11737,2025-02-18 00:00:00,1,0,2025-01-01 18:00:05,0,2025-01-01 18:00:05,,,
2025-02-19,星期三,0,,11738,2025-02-19 00:00:00,1,0,2025-01-01 18:00:05,0,2025-01-01 18:00:05,,,
2025-02-20,星期四,0,,11739,2025-02-20 00:00:00,1,0,2025-01-01 18:00:05,0,2025-01-01 18:00:05,,,
2025-02-21,星期五,0,,11740,2025-02-21 00:00:00,1,0,2025-01-01 18:00:05,0,2025-01-01 18:00:05,,,
2025-02-22,星期六,0,,11741,2025-02-22 00:00:00,1,0,2025-01-01 18:00:05,0,2025-01-01 18:00:05,,,
2025-02-23,星期天,0,,11742,2025-02-23 00:00:00,1,0,2025-01-01 18:00:05,0,2025-01-01 18:00:05,,,
2025-02-24,星期一,0,,11743,2025-02-24 00:00:00,1,0,2025-01-01 18:00:05,0,2025-01-01 18:00:05,,,
2025-02-25,星期二,0,,11744,2025-02-25 00:00:00,1,0,2025-01-01 18:00:05,0,2025-01-01 18:00:05,,,
2025-02-26,星期三,0,,11745,2025-02-26 00:00:00,1,0,2025-01-01 18:00:05,0,2025-01-01 18:00:05,,,
2025-02-27,星期四,0,,11746,2025-02-27 00:00:00,1,0,2025-01-01 18:00:05,0,2025-01-01 18:00:05,,,
2025-02-28,星期五,0,,11747,2025-02-28 00:00:00,1,0,2025-01-01 18:00:05,0,2025-01-01 18:00:05,,,
2025-03-01,星期六,0,,11748,2025-03-01 00:00:00,1,0,2025-01-01 18:00:05,0,2025-01-01 18:00:05,,,
2025-03-02,星期天,0,,11749,2025-03-02 00:00:00,1,0,2025-01-01 18:00:05,0,2025-01-01 18:00:05,,,
2025-03-03,星期一,0,,11750,2025-03-03 00:00:00,1,0,2025-01-01 18:00:05,0,2025-01-01 18:00:05,,,
2025-03-04,星期二,0,,11751,2025-03-04 00:00:00,1,0,2025-01-01 18:00:05,0,2025-01-01 18:00:05,,,
2025-03-05,星期三,0,,11752,2025-03-05 00:00:00,1,0,2025-01-01 18:00:05,0,2025-01-01 18:00:05,,,
2025-03-06,星期四,0,,11753,2025-03-06 00:00:00,1,0,2025-01-01 18:00:05,0,2025-01-01 18:00:05,,,
2025-03-07,星期五,0,,11754,2025-03-07 00:00:00,1,0,2025-01-01 18:00:05,0,2025-01-01 18:00:05,,,
2025-03-08,星期六,0,,11755,2025-03-08 00:00:00,1,0,2025-01-01 18:00:05,0,2025-01-01 18:00:05,,,
2025-03-09,星期天,0,,11756,2025-03-09 00:00:00,1,0,2025-01-01 18:00:05,0,2025-01-01 18:00:05,,,
2025-03-10,星期一,0,,11757,2025-03-10 00:00:00,1,0,2025-01-01 18:00:05,0,2025-01-01 18:00:05,,,
2025-03-11,星期二,0,,11758,2025-03-11 00:00:00,1,0,2025-01-01 18:00:05,0,2025-01-01 18:00:05,,,
2025-03-12,星期三,0,,11759,2025-03-12 00:00:00,1,0,2025-01-01 18:00:05,0,2025-01-01 18:00:05,,,
2025-03-13,星期四,0,,11760,2025-03-13 00:00:00,1,0,2025-01-01 18:00:05,0,2025-01-01 18:00:05,,,
2025-03-14,星期五,0,,11761,2025-03-14 00:00:00,1,0,2025-01-01 18:00:05,0,2025-01-01 18:00:05,,,
2025-03-15,星期六,0,,11762,2025-03-15 00:00:00,1,0,2025-01-01 18:00:05,0,2025-01-01 18:00:05,,,
2025-03-16,星期天,0,,11763,2025-03-16 00:00:00,1,0,2025-01-01 18:00:05,0,2025-01-01 18:00:05,,,
2025-03-17,星期一,0,,11764,2025-03-17 00:00:00,1,0,2025-01-01 18:00:05,0,2025-01-01 18:00:05,,,
2025-03-18,星期二,0,,11765,2025-03-18 00:00:00,1,0,2025-01-01 18:00:05,0,2025-01-01 18:00:05,,,
2025-03-19,星期三,0,,11766,2025-03-19 00:00:00,1,0,2025-01-01 18:00:05,0,2025-01-01 18:00:05,,,
2025-03-20,星期四,0,,11767,2025-03-20 00:00:00,1,0,2025-01-01 18:00:05,0,2025-01-01 18:00:05,,,
2025-03-21,星期五,0,,11768,2025-03-21 00:00:00,1,0,2025-01-01 18:00:05,0,2025-01-01 18:00:05,,,
2025-03-22,星期六,0,,11769,2025-03-22 00:00:00,1,0,2025-01-01 18:00:05,0,2025-01-01 18:00:05,,,
2025-03-23,星期天,0,,11770,2025-03-23 00:00:00,1,0,2025-01-01 18:00:05,0,2025-01-01 18:00:05,,,
2025-03-24,星期一,0,,11771,2025-03-24 00:00:00,1,0,2025-01-01 18:00:05,0,2025-01-01 18:00:05,,,
2025-03-25,星期二,0,,11772,2025-03-25 00:00:00,1,0,2025-01-01 18:00:05,0,2025-01-01 18:00:05,,,
2025-03-26,星期三,0,,11773,2025-03-26 00:00:00,1,0,2025-01-01 18:00:05,0,2025-01-01 18:00:05,,,
2025-03-27,星期四,0,,11774,2025-03-27 00:00:00,1,0,2025-01-01 18:00:05,0,2025-01-01 18:00:05,,,
2025-03-28,星期五,0,,11775,2025-03-28 00:00:00,1,0,2025-01-01 18:00:05,0,2025-01-01 18:00:05,,,
2025-03-29,星期六,0,,11776,2025-03-29 00:00:00,1,0,2025-01-01 18:00:05,0,2025-01-01 18:00:05,,,
2025-03-30,星期天,0,,11777,2025-03-30 00:00:00,1,0,2025-01-01 18:00:05,0,2025-01-01 18:00:05,,,
2025-03-31,星期一,0,,11778,2025-03-31 00:00:00,1,0,2025-01-01 18:00:05,0,2025-01-01 18:00:05,,,
2025-04-01,星期二,0,,11779,2025-04-01 00:00:00,1,0,2025-01-01 18:00:05,0,2025-01-01 18:00:05,,,
2025-04-02,星期三,0,,11780,2025-04-02 00:00:00,1,0,2025-01-01 18:00:05,0,2025-01-01 18:00:05,,,
2025-04-03,星期四,0,,11781,2025-04-03 00:00:00,1,0,2025-01-01 18:00:05,0,2025-01-01 18:00:05,,,
2025-04-04,星期五,1,清明节,11782,2025-04-04 00:00:00,1,0,2025-01-01 18:00:05,0,2025-01-01 18:00:05,,,
2025-04-05,星期六,1,清明节,11783,2025-04-05 00:00:00,1,0,2025-01-01 18:00:05,0,2025-01-01 18:00:05,,,
2025-04-06,星期天,1,清明节,11784,2025-04-06 00:00:00,1,0,2025-01-01 18:00:05,0,2025-01-01 18:00:05,,,
2025-04-07,星期一,0,,11785,2025-04-07 00:00:00,1,0,2025-01-01 18:00:05,0,2025-01-01 18:00:05,,,
2025-04-08,星期二,0,,11786,2025-04-08 00:00:00,1,0,2025-01-01 18:00:05,0,2025-01-01 18:00:05,,,
2025-04-09,星期三,0,,11787,2025-04-09 00:00:00,1,0,2025-01-01 18:00:05,0,2025-01-01 18:00:05,,,
2025-04-10,星期四,0,,11788,2025-04-10 00:00:00,1,0,2025-01-01 18:00:05,0,2025-01-01 18:00:05,,,
2025-04-11,星期五,0,,11789,2025-04-11 00:00:00,1,0,2025-01-01 18:00:05,0,2025-01-01 18:00:05,,,
2025-04-12,星期六,0,,11790,2025-04-12 00:00:00,1,0,2025-01-01 18:00:05,0,2025-01-01 18:00:05,,,
2025-04-13,星期天,0,,11791,2025-04-13 00:00:00,1,0,2025-01-01 18:00:05,0,2025-01-01 18:00:05,,,
2025-04-14,星期一,0,,11792,2025-04-14 00:00:00,1,0,2025-01-01 18:00:05,0,2025-01-01 18:00:05,,,
2025-04-15,星期二,0,,11793,2025-04-15 00:00:00,1,0,2025-01-01 18:00:05,0,2025-01-01 18:00:05,,,
2025-04-16,星期三,0,,11794,2025-04-16 00:00:00,1,0,2025-01-01 18:00:05,0,2025-01-01 18:00:05,,,
2025-04-17,星期四,0,,11795,2025-04-17 00:00:00,1,0,2025-01-01 18:00:05,0,2025-01-01 18:00:05,,,
2025-04-18,星期五,0,,11796,2025-04-18 00:00:00,1,0,2025-01-01 18:00:05,0,2025-01-01 18:00:05,,,
2025-04-19,星期六,0,,11797,2025-04-19 00:00:00,1,0,2025-01-01 18:00:05,0,2025-01-01 18:00:05,,,
2025-04-20,星期天,0,,11798,2025-04-20 00:00:00,1,0,2025-01-01 18:00:05,0,2025-01-01 18:00:05,,,
2025-04-21,星期一,0,,11799,2025-04-21 00:00:00,1,0,2025-01-01 18:00:05,0,2025-01-01 18:00:05,,,
2025-04-22,星期二,0,,11800,2025-04-22 00:00:00,1,0,2025-01-01 18:00:05,0,2025-01-01 18:00:05,,,
2025-04-23,星期三,0,,11801,2025-04-23 00:00:00,1,0,2025-01-01 18:00:05,0,2025-01-01 18:00:05,,,
2025-04-24,星期四,0,,11802,2025-04-24 00:00:00,1,0,2025-01-01 18:00:05,0,2025-01-01 18:00:05,,,
2025-04-25,星期五,0,,11803,2025-04-25 00:00:00,1,0,2025-01-01 18:00:05,0,2025-01-01 18:00:05,,,
2025-04-26,星期六,0,,11804,2025-04-26 00:00:00,1,0,2025-01-01 18:00:05,0,2025-01-01 18:00:05,,,
2025-04-27,星期天,0,,11805,2025-04-27 00:00:00,1,0,2025-01-01 18:00:05,0,2025-01-01 18:00:05,,,
2025-04-28,星期一,0,,11806,2025-04-28 00:00:00,1,0,2025-01-01 18:00:05,0,2025-01-01 18:00:05,,,
2025-04-29,星期二,0,,11807,2025-04-29 00:00:00,1,0,2025-01-01 18:00:05,0,2025-01-01 18:00:05,,,
2025-04-30,星期三,0,,11808,2025-04-30 00:00:00,1,0,2025-01-01 18:00:05,0,2025-01-01 18:00:05,,,
2025-05-01,星期四,1,劳动节,11809,2025-05-01 00:00:00,1,0,2025-01-01 18:00:05,0,2025-01-01 18:00:05,,,
2025-05-02,星期五,1,劳动节,11810,2025-05-02 00:00:00,1,0,2025-01-01 18:00:05,0,2025-01-01 18:00:05,,,
2025-05-03,星期六,1,劳动节,11811,2025-05-03 00:00:00,1,0,2025-01-01 18:00:05,0,2025-01-01 18:00:05,,,
2025-05-04,星期天,1,劳动节,11812,2025-05-04 00:00:00,1,0,2025-01-01 18:00:05,0,2025-01-01 18:00:05,,,
2025-05-05,星期一,1,劳动节,11813,2025-05-05 00:00:00,1,0,2025-01-01 18:00:05,0,2025-01-01 18:00:05,,,
2025-05-06,星期二,0,,11814,2025-05-06 00:00:00,1,0,2025-01-01 18:00:05,0,2025-01-01 18:00:05,,,
2025-05-07,星期三,0,,11815,2025-05-07 00:00:00,1,0,2025-01-01 18:00:05,0,2025-01-01 18:00:05,,,
2025-05-08,星期四,0,,11816,2025-05-08 00:00:00,1,0,2025-01-01 18:00:05,0,2025-01-01 18:00:05,,,
2025-05-09,星期五,0,,11817,2025-05-09 00:00:00,1,0,2025-01-01 18:00:05,0,2025-01-01 18:00:05,,,
2025-05-10,星期六,0,,11818,2025-05-10 00:00:00,1,0,2025-01-01 18:00:05,0,2025-01-01 18:00:05,,,
2025-05-11,星期天,0,,11819,2025-05-11 00:00:00,1,0,2025-01-01 18:00:05,0,2025-01-01 18:00:05,,,
2025-05-12,星期一,0,,11820,2025-05-12 00:00:00,1,0,2025-01-01 18:00:05,0,2025-01-01 18:00:05,,,
2025-05-13,星期二,0,,11821,2025-05-13 00:00:00,1,0,2025-01-01 18:00:05,0,2025-01-01 18:00:05,,,
2025-05-14,星期三,0,,11822,2025-05-14 00:00:00,1,0,2025-01-01 18:00:05,0,2025-01-01 18:00:05,,,
2025-05-15,星期四,0,,11823,2025-05-15 00:00:00,1,0,2025-01-01 18:00:05,0,2025-01-01 18:00:05,,,
2025-05-16,星期五,0,,11824,2025-05-16 00:00:00,1,0,2025-01-01 18:00:05,0,2025-01-01 18:00:05,,,
2025-05-17,星期六,0,,11825,2025-05-17 00:00:00,1,0,2025-01-01 18:00:05,0,2025-01-01 18:00:05,,,
2025-05-18,星期天,0,,11826,2025-05-18 00:00:00,1,0,2025-01-01 18:00:05,0,2025-01-01 18:00:05,,,
2025-05-19,星期一,0,,11827,2025-05-19 00:00:00,1,0,2025-01-01 18:00:05,0,2025-01-01 18:00:05,,,
2025-05-20,星期二,0,,11828,2025-05-20 00:00:00,1,0,2025-01-01 18:00:05,0,2025-01-01 18:00:05,,,
2025-05-21,星期三,0,,11829,2025-05-21 00:00:00,1,0,2025-01-01 18:00:05,0,2025-01-01 18:00:05,,,
2025-05-22,星期四,0,,11830,2025-05-22 00:00:00,1,0,2025-01-01 18:00:05,0,2025-01-01 18:00:05,,,
2025-05-23,星期五,0,,11831,2025-05-23 00:00:00,1,0,2025-01-01 18:00:05,0,2025-01-01 18:00:05,,,
2025-05-24,星期六,0,,11832,2025-05-24 00:00:00,1,0,2025-01-01 18:00:05,0,2025-01-01 18:00:05,,,
2025-05-25,星期天,0,,11833,2025-05-25 00:00:00,1,0,2025-01-01 18:00:05,0,2025-01-01 18:00:05,,,
2025-05-26,星期一,0,,11834,2025-05-26 00:00:00,1,0,2025-01-01 18:00:05,0,2025-01-01 18:00:05,,,
2025-05-27,星期二,0,,11835,2025-05-27 00:00:00,1,0,2025-01-01 18:00:05,0,2025-01-01 18:00:05,,,
2025-05-28,星期三,0,,11836,2025-05-28 00:00:00,1,0,2025-01-01 18:00:05,0,2025-01-01 18:00:05,,,
2025-05-29,星期四,0,,11837,2025-05-29 00:00:00,1,0,2025-01-01 18:00:05,0,2025-01-01 18:00:05,,,
2025-05-30,星期五,0,,11838,2025-05-30 00:00:00,1,0,2025-01-01 18:00:05,0,2025-01-01 18:00:05,,,
2025-05-31,星期六,1,端午节,11839,2025-05-31 00:00:00,1,0,2025-01-01 18:00:05,0,2025-01-01 18:00:05,,,
2025-06-01,星期天,1,端午节,11840,2025-06-01 00:00:00,1,0,2025-01-01 18:00:05,0,2025-01-01 18:00:05,,,
2025-06-02,星期一,1,端午节,11841,2025-06-02 00:00:00,1,0,2025-01-01 18:00:05,0,2025-01-01 18:00:05,,,
2025-06-03,星期二,0,,11842,2025-06-03 00:00:00,1,0,2025-01-01 18:00:05,0,2025-01-01 18:00:05,,,
2025-06-04,星期三,0,,11843,2025-06-04 00:00:00,1,0,2025-01-01 18:00:05,0,2025-01-01 18:00:05,,,
2025-06-05,星期四,0,,11844,2025-06-05 00:00:00,1,0,2025-01-01 18:00:05,0,2025-01-01 18:00:05,,,
2025-06-06,星期五,0,,11845,2025-06-06 00:00:00,1,0,2025-01-01 18:00:05,0,2025-01-01 18:00:05,,,
2025-06-07,星期六,0,,11846,2025-06-07 00:00:00,1,0,2025-01-01 18:00:05,0,2025-01-01 18:00:05,,,
2025-06-08,星期天,0,,11847,2025-06-08 00:00:00,1,0,2025-01-01 18:00:05,0,2025-01-01 18:00:05,,,
2025-06-09,星期一,0,,11848,2025-06-09 00:00:00,1,0,2025-01-01 18:00:05,0,2025-01-01 18:00:05,,,
2025-06-10,星期二,0,,11849,2025-06-10 00:00:00,1,0,2025-01-01 18:00:05,0,2025-01-01 18:00:05,,,
2025-06-11,星期三,0,,11850,2025-06-11 00:00:00,1,0,2025-01-01 18:00:05,0,2025-01-01 18:00:05,,,
2025-06-12,星期四,0,,11851,2025-06-12 00:00:00,1,0,2025-01-01 18:00:05,0,2025-01-01 18:00:05,,,
2025-06-13,星期五,0,,11852,2025-06-13 00:00:00,1,0,2025-01-01 18:00:05,0,2025-01-01 18:00:05,,,
2025-06-14,星期六,0,,11853,2025-06-14 00:00:00,1,0,2025-01-01 18:00:05,0,2025-01-01 18:00:05,,,
2025-06-15,星期天,0,,11854,2025-06-15 00:00:00,1,0,2025-01-01 18:00:05,0,2025-01-01 18:00:05,,,
2025-06-16,星期一,0,,11855,2025-06-16 00:00:00,1,0,2025-01-01 18:00:05,0,2025-01-01 18:00:05,,,
2025-06-17,星期二,0,,11856,2025-06-17 00:00:00,1,0,2025-01-01 18:00:05,0,2025-01-01 18:00:05,,,
2025-06-18,星期三,0,,11857,2025-06-18 00:00:00,1,0,2025-01-01 18:00:05,0,2025-01-01 18:00:05,,,
2025-06-19,星期四,0,,11858,2025-06-19 00:00:00,1,0,2025-01-01 18:00:05,0,2025-01-01 18:00:05,,,
2025-06-20,星期五,0,,11859,2025-06-20 00:00:00,1,0,2025-01-01 18:00:05,0,2025-01-01 18:00:05,,,
2025-06-21,星期六,0,,11860,2025-06-21 00:00:00,1,0,2025-01-01 18:00:05,0,2025-01-01 18:00:05,,,
2025-06-22,星期天,0,,11861,2025-06-22 00:00:00,1,0,2025-01-01 18:00:05,0,2025-01-01 18:00:05,,,
2025-06-23,星期一,0,,11862,2025-06-23 00:00:00,1,0,2025-01-01 18:00:05,0,2025-01-01 18:00:05,,,
2025-06-24,星期二,0,,11863,2025-06-24 00:00:00,1,0,2025-01-01 18:00:05,0,2025-01-01 18:00:05,,,
2025-06-25,星期三,0,,11864,2025-06-25 00:00:00,1,0,2025-01-01 18:00:05,0,2025-01-01 18:00:05,,,
2025-06-26,星期四,0,,11865,2025-06-26 00:00:00,1,0,2025-01-01 18:00:05,0,2025-01-01 18:00:05,,,
2025-06-27,星期五,0,,11866,2025-06-27 00:00:00,1,0,2025-01-01 18:00:05,0,2025-01-01 18:00:05,,,
2025-06-28,星期六,0,,11867,2025-06-28 00:00:00,1,0,2025-01-01 18:00:05,0,2025-01-01 18:00:05,,,
2025-06-29,星期天,0,,11868,2025-06-29 00:00:00,1,0,2025-01-01 18:00:05,0,2025-01-01 18:00:05,,,
2025-06-30,星期一,0,,11869,2025-06-30 00:00:00,1,0,2025-01-01 18:00:05,0,2025-01-01 18:00:05,,,
2025-07-01,星期二,0,,11870,2025-07-01 00:00:00,1,0,2025-01-01 18:00:05,0,2025-01-01 18:00:05,,,
2025-07-02,星期三,0,,11871,2025-07-02 00:00:00,1,0,2025-01-01 18:00:05,0,2025-01-01 18:00:05,,,
2025-07-03,星期四,0,,11872,2025-07-03 00:00:00,1,0,2025-01-01 18:00:05,0,2025-01-01 18:00:05,,,
2025-07-04,星期五,0,,11873,2025-07-04 00:00:00,1,0,2025-01-01 18:00:05,0,2025-01-01 18:00:05,,,
2025-07-05,星期六,0,,11874,2025-07-05 00:00:00,1,0,2025-01-01 18:00:05,0,2025-01-01 18:00:05,,,
2025-07-06,星期天,0,,11875,2025-07-06 00:00:00,1,0,2025-01-01 18:00:05,0,2025-01-01 18:00:05,,,
2025-07-07,星期一,0,,11876,2025-07-07 00:00:00,1,0,2025-01-01 18:00:05,0,2025-01-01 18:00:05,,,
2025-07-08,星期二,0,,11877,2025-07-08 00:00:00,1,0,2025-01-01 18:00:05,0,2025-01-01 18:00:05,,,
2025-07-09,星期三,0,,11878,2025-07-09 00:00:00,1,0,2025-01-01 18:00:05,0,2025-01-01 18:00:05,,,
2025-07-10,星期四,0,,11879,2025-07-10 00:00:00,1,0,2025-01-01 18:00:05,0,2025-01-01 18:00:05,,,
2025-07-11,星期五,0,,11880,2025-07-11 00:00:00,1,0,2025-01-01 18:00:05,0,2025-01-01 18:00:05,,,
2025-07-12,星期六,0,,11881,2025-07-12 00:00:00,1,0,2025-01-01 18:00:05,0,2025-01-01 18:00:05,,,
2025-07-13,星期天,0,,11882,2025-07-13 00:00:00,1,0,2025-01-01 18:00:05,0,2025-01-01 18:00:05,,,
2025-07-14,星期一,0,,11883,2025-07-14 00:00:00,1,0,2025-01-01 18:00:05,0,2025-01-01 18:00:05,,,
2025-07-15,星期二,0,,11884,2025-07-15 00:00:00,1,0,2025-01-01 18:00:05,0,2025-01-01 18:00:05,,,
2025-07-16,星期三,0,,11885,2025-07-16 00:00:00,1,0,2025-01-01 18:00:05,0,2025-01-01 18:00:05,,,
2025-07-17,星期四,0,,11886,2025-07-17 00:00:00,1,0,2025-01-01 18:00:05,0,2025-01-01 18:00:05,,,
2025-07-18,星期五,0,,11887,2025-07-18 00:00:00,1,0,2025-01-01 18:00:05,0,2025-01-01 18:00:05,,,
2025-07-19,星期六,0,,11888,2025-07-19 00:00:00,1,0,2025-01-01 18:00:05,0,2025-01-01 18:00:05,,,
2025-07-20,星期天,0,,11889,2025-07-20 00:00:00,1,0,2025-01-01 18:00:05,0,2025-01-01 18:00:05,,,
2025-07-21,星期一,0,,11890,2025-07-21 00:00:00,1,0,2025-01-01 18:00:05,0,2025-01-01 18:00:05,,,
2025-07-22,星期二,0,,11891,2025-07-22 00:00:00,1,0,2025-01-01 18:00:05,0,2025-01-01 18:00:05,,,
2025-07-23,星期三,0,,11892,2025-07-23 00:00:00,1,0,2025-01-01 18:00:05,0,2025-01-01 18:00:05,,,
2025-07-24,星期四,0,,11893,2025-07-24 00:00:00,1,0,2025-01-01 18:00:05,0,2025-01-01 18:00:05,,,
2025-07-25,星期五,0,,11894,2025-07-25 00:00:00,1,0,2025-01-01 18:00:05,0,2025-01-01 18:00:05,,,
2025-07-26,星期六,0,,11895,2025-07-26 00:00:00,1,0,2025-01-01 18:00:05,0,2025-01-01 18:00:05,,,
2025-07-27,星期天,0,,11896,2025-07-27 00:00:00,1,0,2025-01-01 18:00:05,0,2025-01-01 18:00:05,,,
2025-07-28,星期一,0,,11897,2025-07-28 00:00:00,1,0,2025-01-01 18:00:05,0,2025-01-01 18:00:05,,,
2025-07-29,星期二,0,,11898,2025-07-29 00:00:00,1,0,2025-01-01 18:00:05,0,2025-01-01 18:00:05,,,
2025-07-30,星期三,0,,11899,2025-07-30 00:00:00,1,0,2025-01-01 18:00:05,0,2025-01-01 18:00:05,,,
2025-07-31,星期四,0,,11900,2025-07-31 00:00:00,1,0,2025-01-01 18:00:05,0,2025-01-01 18:00:05,,,
2025-08-01,星期五,0,,11901,2025-08-01 00:00:00,1,0,2025-01-01 18:00:05,0,2025-01-01 18:00:05,,,
2025-08-02,星期六,0,,11902,2025-08-02 00:00:00,1,0,2025-01-01 18:00:05,0,2025-01-01 18:00:05,,,
2025-08-03,星期天,0,,11903,2025-08-03 00:00:00,1,0,2025-01-01 18:00:05,0,2025-01-01 18:00:05,,,
2025-08-04,星期一,0,,11904,2025-08-04 00:00:00,1,0,2025-01-01 18:00:05,0,2025-01-01 18:00:05,,,
2025-08-05,星期二,0,,11905,2025-08-05 00:00:00,1,0,2025-01-01 18:00:05,0,2025-01-01 18:00:05,,,
2025-08-06,星期三,0,,11906,2025-08-06 00:00:00,1,0,2025-01-01 18:00:05,0,2025-01-01 18:00:05,,,
2025-08-07,星期四,0,,11907,2025-08-07 00:00:00,1,0,2025-01-01 18:00:05,0,2025-01-01 18:00:05,,,
2025-08-08,星期五,0,,11908,2025-08-08 00:00:00,1,0,2025-01-01 18:00:05,0,2025-01-01 18:00:05,,,
2025-08-09,星期六,0,,11909,2025-08-09 00:00:00,1,0,2025-01-01 18:00:05,0,2025-01-01 18:00:05,,,
2025-08-10,星期天,0,,11910,2025-08-10 00:00:00,1,0,2025-01-01 18:00:05,0,2025-01-01 18:00:05,,,
2025-08-11,星期一,0,,11911,2025-08-11 00:00:00,1,0,2025-01-01 18:00:05,0,2025-01-01 18:00:05,,,
2025-08-12,星期二,0,,11912,2025-08-12 00:00:00,1,0,2025-01-01 18:00:05,0,2025-01-01 18:00:05,,,
2025-08-13,星期三,0,,11913,2025-08-13 00:00:00,1,0,2025-01-01 18:00:05,0,2025-01-01 18:00:05,,,
2025-08-14,星期四,0,,11914,2025-08-14 00:00:00,1,0,2025-01-01 18:00:05,0,2025-01-01 18:00:05,,,
2025-08-15,星期五,0,,11915,2025-08-15 00:00:00,1,0,2025-01-01 18:00:05,0,2025-01-01 18:00:05,,,
2025-08-16,星期六,0,,11916,2025-08-16 00:00:00,1,0,2025-01-01 18:00:05,0,2025-01-01 18:00:05,,,
2025-08-17,星期天,0,,11917,2025-08-17 00:00:00,1,0,2025-01-01 18:00:05,0,2025-01-01 18:00:05,,,
2025-08-18,星期一,0,,11918,2025-08-18 00:00:00,1,0,2025-01-01 18:00:05,0,2025-01-01 18:00:05,,,
2025-08-19,星期二,0,,11919,2025-08-19 00:00:00,1,0,2025-01-01 18:00:05,0,2025-01-01 18:00:05,,,
2025-08-20,星期三,0,,11920,2025-08-20 00:00:00,1,0,2025-01-01 18:00:05,0,2025-01-01 18:00:05,,,
2025-08-21,星期四,0,,11921,2025-08-21 00:00:00,1,0,2025-01-01 18:00:05,0,2025-01-01 18:00:05,,,
2025-08-22,星期五,0,,11922,2025-08-22 00:00:00,1,0,2025-01-01 18:00:05,0,2025-01-01 18:00:05,,,
2025-08-23,星期六,0,,11923,2025-08-23 00:00:00,1,0,2025-01-01 18:00:05,0,2025-01-01 18:00:05,,,
2025-08-24,星期天,0,,11924,2025-08-24 00:00:00,1,0,2025-01-01 18:00:05,0,2025-01-01 18:00:05,,,
2025-08-25,星期一,0,,11925,2025-08-25 00:00:00,1,0,2025-01-01 18:00:05,0,2025-01-01 18:00:05,,,
2025-08-26,星期二,0,,11926,2025-08-26 00:00:00,1,0,2025-01-01 18:00:05,0,2025-01-01 18:00:05,,,
2025-08-27,星期三,0,,11927,2025-08-27 00:00:00,1,0,2025-01-01 18:00:05,0,2025-01-01 18:00:05,,,
2025-08-28,星期四,0,,11928,2025-08-28 00:00:00,1,0,2025-01-01 18:00:05,0,2025-01-01 18:00:05,,,
2025-08-29,星期五,0,,11929,2025-08-29 00:00:00,1,0,2025-01-01 18:00:05,0,2025-01-01 18:00:05,,,
2025-08-30,星期六,0,,11930,2025-08-30 00:00:00,1,0,2025-01-01 18:00:05,0,2025-01-01 18:00:05,,,
2025-08-31,星期天,0,,11931,2025-08-31 00:00:00,1,0,2025-01-01 18:00:05,0,2025-01-01 18:00:05,,,
2025-09-01,星期一,0,,11932,2025-09-01 00:00:00,1,0,2025-01-01 18:00:05,0,2025-01-01 18:00:05,,,
2025-09-02,星期二,0,,11933,2025-09-02 00:00:00,1,0,2025-01-01 18:00:05,0,2025-01-01 18:00:05,,,
2025-09-03,星期三,0,,11934,2025-09-03 00:00:00,1,0,2025-01-01 18:00:05,0,2025-01-01 18:00:05,,,
2025-09-04,星期四,0,,11935,2025-09-04 00:00:00,1,0,2025-01-01 18:00:05,0,2025-01-01 18:00:05,,,
2025-09-05,星期五,0,,11936,2025-09-05 00:00:00,1,0,2025-01-01 18:00:05,0,2025-01-01 18:00:05,,,
2025-09-06,星期六,0,,11937,2025-09-06 00:00:00,1,0,2025-01-01 18:00:05,0,2025-01-01 18:00:05,,,
2025-09-07,星期天,0,,11938,2025-09-07 00:00:00,1,0,2025-01-01 18:00:05,0,2025-01-01 18:00:05,,,
2025-09-08,星期一,0,,11939,2025-09-08 00:00:00,1,0,2025-01-01 18:00:05,0,2025-01-01 18:00:05,,,
2025-09-09,星期二,0,,11940,2025-09-09 00:00:00,1,0,2025-01-01 18:00:05,0,2025-01-01 18:00:05,,,
2025-09-10,星期三,0,,11941,2025-09-10 00:00:00,1,0,2025-01-01 18:00:05,0,2025-01-01 18:00:05,,,
2025-09-11,星期四,0,,11942,2025-09-11 00:00:00,1,0,2025-01-01 18:00:05,0,2025-01-01 18:00:05,,,
2025-09-12,星期五,0,,11943,2025-09-12 00:00:00,1,0,2025-01-01 18:00:05,0,2025-01-01 18:00:05,,,
2025-09-13,星期六,0,,11944,2025-09-13 00:00:00,1,0,2025-01-01 18:00:05,0,2025-01-01 18:00:05,,,
2025-09-14,星期天,0,,11945,2025-09-14 00:00:00,1,0,2025-01-01 18:00:05,0,2025-01-01 18:00:05,,,
2025-09-15,星期一,0,,11946,2025-09-15 00:00:00,1,0,2025-01-01 18:00:05,0,2025-01-01 18:00:05,,,
2025-09-16,星期二,0,,11947,2025-09-16 00:00:00,1,0,2025-01-01 18:00:05,0,2025-01-01 18:00:05,,,
2025-09-17,星期三,0,,11948,2025-09-17 00:00:00,1,0,2025-01-01 18:00:05,0,2025-01-01 18:00:05,,,
2025-09-18,星期四,0,,11949,2025-09-18 00:00:00,1,0,2025-01-01 18:00:05,0,2025-01-01 18:00:05,,,
2025-09-19,星期五,0,,11950,2025-09-19 00:00:00,1,0,2025-01-01 18:00:05,0,2025-01-01 18:00:05,,,
2025-09-20,星期六,0,,11951,2025-09-20 00:00:00,1,0,2025-01-01 18:00:05,0,2025-01-01 18:00:05,,,
2025-09-21,星期天,0,,11952,2025-09-21 00:00:00,1,0,2025-01-01 18:00:05,0,2025-01-01 18:00:05,,,
2025-09-22,星期一,0,,11953,2025-09-22 00:00:00,1,0,2025-01-01 18:00:05,0,2025-01-01 18:00:05,,,
2025-09-23,星期二,0,,11954,2025-09-23 00:00:00,1,0,2025-01-01 18:00:05,0,2025-01-01 18:00:05,,,
2025-09-24,星期三,0,,11955,2025-09-24 00:00:00,1,0,2025-01-01 18:00:05,0,2025-01-01 18:00:05,,,
2025-09-25,星期四,0,,11956,2025-09-25 00:00:00,1,0,2025-01-01 18:00:05,0,2025-01-01 18:00:05,,,
2025-09-26,星期五,0,,11957,2025-09-26 00:00:00,1,0,2025-01-01 18:00:05,0,2025-01-01 18:00:05,,,
2025-09-27,星期六,0,,11958,2025-09-27 00:00:00,1,0,2025-01-01 18:00:05,0,2025-01-01 18:00:05,,,
2025-09-28,星期天,0,,11959,2025-09-28 00:00:00,1,0,2025-01-01 18:00:05,0,2025-01-01 18:00:05,,,
2025-09-29,星期一,0,,11960,2025-09-29 00:00:00,1,0,2025-01-01 18:00:05,0,2025-01-01 18:00:05,,,
2025-09-30,星期二,0,,11961,2025-09-30 00:00:00,1,0,2025-01-01 18:00:05,0,2025-01-01 18:00:05,,,
2025-10-01,星期三,1,国庆节,11962,2025-10-01 00:00:00,1,0,2025-01-01 18:00:05,0,2025-01-01 18:00:05,,,
2025-10-02,星期四,1,国庆节,11963,2025-10-02 00:00:00,1,0,2025-01-01 18:00:05,0,2025-01-01 18:00:05,,,
2025-10-03,星期五,1,国庆节,11964,2025-10-03 00:00:00,1,0,2025-01-01 18:00:05,0,2025-01-01 18:00:05,,,
2025-10-04,星期六,1,国庆节,11965,2025-10-04 00:00:00,1,0,2025-01-01 18:00:05,0,2025-01-01 18:00:05,,,
2025-10-05,星期天,1,国庆节,11966,2025-10-05 00:00:00,1,0,2025-01-01 18:00:05,0,2025-01-01 18:00:05,,,
2025-10-06,星期一,1,中秋节,11967,2025-10-06 00:00:00,1,0,2025-01-01 18:00:05,0,2025-01-01 18:00:05,,,
2025-10-07,星期二,1,国庆节,11968,2025-10-07 00:00:00,1,0,2025-01-01 18:00:05,0,2025-01-01 18:00:05,,,
2025-10-08,星期三,1,国庆节,11969,2025-10-08 00:00:00,1,0,2025-01-01 18:00:05,0,2025-01-01 18:00:05,,,
2025-10-09,星期四,0,,11970,2025-10-09 00:00:00,1,0,2025-01-01 18:00:05,0,2025-01-01 18:00:05,,,
2025-10-10,星期五,0,,11971,2025-10-10 00:00:00,1,0,2025-01-01 18:00:05,0,2025-01-01 18:00:05,,,
2025-10-11,星期六,0,,11972,2025-10-11 00:00:00,1,0,2025-01-01 18:00:05,0,2025-01-01 18:00:05,,,
2025-10-12,星期天,0,,11973,2025-10-12 00:00:00,1,0,2025-01-01 18:00:05,0,2025-01-01 18:00:05,,,
2025-10-13,星期一,0,,11974,2025-10-13 00:00:00,1,0,2025-01-01 18:00:05,0,2025-01-01 18:00:05,,,
2025-10-14,星期二,0,,11975,2025-10-14 00:00:00,1,0,2025-01-01 18:00:05,0,2025-01-01 18:00:05,,,
2025-10-15,星期三,0,,11976,2025-10-15 00:00:00,1,0,2025-01-01 18:00:05,0,2025-01-01 18:00:05,,,
2025-10-16,星期四,0,,11977,2025-10-16 00:00:00,1,0,2025-01-01 18:00:05,0,2025-01-01 18:00:05,,,
2025-10-17,星期五,0,,11978,2025-10-17 00:00:00,1,0,2025-01-01 18:00:05,0,2025-01-01 18:00:05,,,
2025-10-18,星期六,0,,11979,2025-10-18 00:00:00,1,0,2025-01-01 18:00:05,0,2025-01-01 18:00:05,,,
2025-10-19,星期天,0,,11980,2025-10-19 00:00:00,1,0,2025-01-01 18:00:05,0,2025-01-01 18:00:05,,,
2025-10-20,星期一,0,,11981,2025-10-20 00:00:00,1,0,2025-01-01 18:00:05,0,2025-01-01 18:00:05,,,
2025-10-21,星期二,0,,11982,2025-10-21 00:00:00,1,0,2025-01-01 18:00:05,0,2025-01-01 18:00:05,,,
2025-10-22,星期三,0,,11983,2025-10-22 00:00:00,1,0,2025-01-01 18:00:05,0,2025-01-01 18:00:05,,,
2025-10-23,星期四,0,,11984,2025-10-23 00:00:00,1,0,2025-01-01 18:00:05,0,2025-01-01 18:00:05,,,
2025-10-24,星期五,0,,11985,2025-10-24 00:00:00,1,0,2025-01-01 18:00:05,0,2025-01-01 18:00:05,,,
2025-10-25,星期六,0,,11986,2025-10-25 00:00:00,1,0,2025-01-01 18:00:05,0,2025-01-01 18:00:05,,,
2025-10-26,星期天,0,,11987,2025-10-26 00:00:00,1,0,2025-01-01 18:00:05,0,2025-01-01 18:00:05,,,
2025-10-27,星期一,0,,11988,2025-10-27 00:00:00,1,0,2025-01-01 18:00:05,0,2025-01-01 18:00:05,,,
2025-10-28,星期二,0,,11989,2025-10-28 00:00:00,1,0,2025-01-01 18:00:05,0,2025-01-01 18:00:05,,,
2025-10-29,星期三,0,,11990,2025-10-29 00:00:00,1,0,2025-01-01 18:00:05,0,2025-01-01 18:00:05,,,
2025-10-30,星期四,0,,11991,2025-10-30 00:00:00,1,0,2025-01-01 18:00:05,0,2025-01-01 18:00:05,,,
2025-10-31,星期五,0,,11992,2025-10-31 00:00:00,1,0,2025-01-01 18:00:05,0,2025-01-01 18:00:05,,,
2025-11-01,星期六,0,,11993,2025-11-01 00:00:00,1,0,2025-01-01 18:00:05,0,2025-01-01 18:00:05,,,
2025-11-02,星期天,0,,11994,2025-11-02 00:00:00,1,0,2025-01-01 18:00:05,0,2025-01-01 18:00:05,,,
2025-11-03,星期一,0,,11995,2025-11-03 00:00:00,1,0,2025-01-01 18:00:05,0,2025-01-01 18:00:05,,,
2025-11-04,星期二,0,,11996,2025-11-04 00:00:00,1,0,2025-01-01 18:00:05,0,2025-01-01 18:00:05,,,
2025-11-05,星期三,0,,11997,2025-11-05 00:00:00,1,0,2025-01-01 18:00:05,0,2025-01-01 18:00:05,,,
2025-11-06,星期四,0,,11998,2025-11-06 00:00:00,1,0,2025-01-01 18:00:05,0,2025-01-01 18:00:05,,,
2025-11-07,星期五,0,,11999,2025-11-07 00:00:00,1,0,2025-01-01 18:00:05,0,2025-01-01 18:00:05,,,
2025-11-08,星期六,0,,12000,2025-11-08 00:00:00,1,0,2025-01-01 18:00:05,0,2025-01-01 18:00:05,,,
2025-11-09,星期天,0,,12001,2025-11-09 00:00:00,1,0,2025-01-01 18:00:05,0,2025-01-01 18:00:05,,,
2025-11-10,星期一,0,,12002,2025-11-10 00:00:00,1,0,2025-01-01 18:00:05,0,2025-01-01 18:00:05,,,
2025-11-11,星期二,0,,12003,2025-11-11 00:00:00,1,0,2025-01-01 18:00:05,0,2025-01-01 18:00:05,,,
2025-11-12,星期三,0,,12004,2025-11-12 00:00:00,1,0,2025-01-01 18:00:05,0,2025-01-01 18:00:05,,,
2025-11-13,星期四,0,,12005,2025-11-13 00:00:00,1,0,2025-01-01 18:00:05,0,2025-01-01 18:00:05,,,
2025-11-14,星期五,0,,12006,2025-11-14 00:00:00,1,0,2025-01-01 18:00:05,0,2025-01-01 18:00:05,,,
2025-11-15,星期六,0,,12007,2025-11-15 00:00:00,1,0,2025-01-01 18:00:05,0,2025-01-01 18:00:05,,,
2025-11-16,星期天,0,,12008,2025-11-16 00:00:00,1,0,2025-01-01 18:00:05,0,2025-01-01 18:00:05,,,
2025-11-17,星期一,0,,12009,2025-11-17 00:00:00,1,0,2025-01-01 18:00:05,0,2025-01-01 18:00:05,,,
2025-11-18,星期二,0,,12010,2025-11-18 00:00:00,1,0,2025-01-01 18:00:05,0,2025-01-01 18:00:05,,,
2025-11-19,星期三,0,,12011,2025-11-19 00:00:00,1,0,2025-01-01 18:00:05,0,2025-01-01 18:00:05,,,
2025-11-20,星期四,0,,12012,2025-11-20 00:00:00,1,0,2025-01-01 18:00:05,0,2025-01-01 18:00:05,,,
2025-11-21,星期五,0,,12013,2025-11-21 00:00:00,1,0,2025-01-01 18:00:05,0,2025-01-01 18:00:05,,,
2025-11-22,星期六,0,,12014,2025-11-22 00:00:00,1,0,2025-01-01 18:00:05,0,2025-01-01 18:00:05,,,
2025-11-23,星期天,0,,12015,2025-11-23 00:00:00,1,0,2025-01-01 18:00:05,0,2025-01-01 18:00:05,,,
2025-11-24,星期一,0,,12016,2025-11-24 00:00:00,1,0,2025-01-01 18:00:05,0,2025-01-01 18:00:05,,,
2025-11-25,星期二,0,,12017,2025-11-25 00:00:00,1,0,2025-01-01 18:00:05,0,2025-01-01 18:00:05,,,
2025-11-26,星期三,0,,12018,2025-11-26 00:00:00,1,0,2025-01-01 18:00:05,0,2025-01-01 18:00:05,,,
2025-11-27,星期四,0,,12019,2025-11-27 00:00:00,1,0,2025-01-01 18:00:05,0,2025-01-01 18:00:05,,,
2025-11-28,星期五,0,,12020,2025-11-28 00:00:00,1,0,2025-01-01 18:00:05,0,2025-01-01 18:00:05,,,
2025-11-29,星期六,0,,12021,2025-11-29 00:00:00,1,0,2025-01-01 18:00:05,0,2025-01-01 18:00:05,,,
2025-11-30,星期天,0,,12022,2025-11-30 00:00:00,1,0,2025-01-01 18:00:05,0,2025-01-01 18:00:05,,,
2025-12-01,星期一,0,,12023,2025-12-01 00:00:00,1,0,2025-01-01 18:00:05,0,2025-01-01 18:00:05,,,
2025-12-02,星期二,0,,12024,2025-12-02 00:00:00,1,0,2025-01-01 18:00:05,0,2025-01-01 18:00:05,,,
2025-12-03,星期三,0,,12025,2025-12-03 00:00:00,1,0,2025-01-01 18:00:05,0,2025-01-01 18:00:05,,,
2025-12-04,星期四,0,,12026,2025-12-04 00:00:00,1,0,2025-01-01 18:00:05,0,2025-01-01 18:00:05,,,
2025-12-05,星期五,0,,12027,2025-12-05 00:00:00,1,0,2025-01-01 18:00:05,0,2025-01-01 18:00:05,,,
2025-12-06,星期六,0,,12028,2025-12-06 00:00:00,1,0,2025-01-01 18:00:05,0,2025-01-01 18:00:05,,,
2025-12-07,星期天,0,,12029,2025-12-07 00:00:00,1,0,2025-01-01 18:00:05,0,2025-01-01 18:00:05,,,
2025-12-08,星期一,0,,12030,2025-12-08 00:00:00,1,0,2025-01-01 18:00:05,0,2025-01-01 18:00:05,,,
2025-12-09,星期二,0,,12031,2025-12-09 00:00:00,1,0,2025-01-01 18:00:05,0,2025-01-01 18:00:05,,,
2025-12-10,星期三,0,,12032,2025-12-10 00:00:00,1,0,2025-01-01 18:00:05,0,2025-01-01 18:00:05,,,
2025-12-11,星期四,0,,12033,2025-12-11 00:00:00,1,0,2025-01-01 18:00:05,0,2025-01-01 18:00:05,,,
2025-12-12,星期五,0,,12034,2025-12-12 00:00:00,1,0,2025-01-01 18:00:05,0,2025-01-01 18:00:05,,,
2025-12-13,星期六,0,,12035,2025-12-13 00:00:00,1,0,2025-01-01 18:00:05,0,2025-01-01 18:00:05,,,
2025-12-14,星期天,0,,12036,2025-12-14 00:00:00,1,0,2025-01-01 18:00:05,0,2025-01-01 18:00:05,,,
2025-12-15,星期一,0,,12037,2025-12-15 00:00:00,1,0,2025-01-01 18:00:05,0,2025-01-01 18:00:05,,,
2025-12-16,星期二,0,,12038,2025-12-16 00:00:00,1,0,2025-01-01 18:00:05,0,2025-01-01 18:00:05,,,
2025-12-17,星期三,0,,12039,2025-12-17 00:00:00,1,0,2025-01-01 18:00:05,0,2025-01-01 18:00:05,,,
2025-12-18,星期四,0,,12040,2025-12-18 00:00:00,1,0,2025-01-01 18:00:05,0,2025-01-01 18:00:05,,,
2025-12-19,星期五,0,,12041,2025-12-19 00:00:00,1,0,2025-01-01 18:00:05,0,2025-01-01 18:00:05,,,
2025-12-20,星期六,0,,12042,2025-12-20 00:00:00,1,0,2025-01-01 18:00:05,0,2025-01-01 18:00:05,,,
2025-12-21,星期天,0,,12043,2025-12-21 00:00:00,1,0,2025-01-01 18:00:05,0,2025-01-01 18:00:05,,,
2025-12-22,星期一,0,,12044,2025-12-22 00:00:00,1,0,2025-01-01 18:00:05,0,2025-01-01 18:00:05,,,
2025-12-23,星期二,0,,12045,2025-12-23 00:00:00,1,0,2025-01-01 18:00:05,0,2025-01-01 18:00:05,,,
2025-12-24,星期三,0,,12046,2025-12-24 00:00:00,1,0,2025-01-01 18:00:05,0,2025-01-01 18:00:05,,,
2025-12-25,星期四,0,,12047,2025-12-25 00:00:00,1,0,2025-01-01 18:00:05,0,2025-01-01 18:00:05,,,
2025-12-26,星期五,0,,12048,2025-12-26 00:00:00,1,0,2025-01-01 18:00:05,0,2025-01-01 18:00:05,,,
2025-12-27,星期六,0,,12049,2025-12-27 00:00:00,1,0,2025-01-01 18:00:05,0,2025-01-01 18:00:05,,,
2025-12-28,星期天,0,,12050,2025-12-28 00:00:00,1,0,2025-01-01 18:00:05,0,2025-01-01 18:00:05,,,
2025-12-29,星期一,0,,12051,2025-12-29 00:00:00,1,0,2025-01-01 18:00:05,0,2025-01-01 18:00:05,,,
2025-12-30,星期二,0,,12052,2025-12-30 00:00:00,1,0,2025-01-01 18:00:05,0,2025-01-01 18:00:05,,,
2025-12-31,星期三,0,,12053,2025-12-31 00:00:00,1,0,2025-01-01 18:00:05,0,2025-01-01 18:00:05,,,
